 
****************************************
Report : timing
        -path full
        -delay max
        -nworst 20
        -max_paths 32
        -transition_time
Design : SBUS
Version: V-2004.06
Date   : Wed May 24 15:09:27 2006
****************************************

 # A fanout number of 1000 was used for high fanout net computations.

Operating Conditions: slow   Library: slow
Wire Load Model Mode: top

  Startpoint: U0WriteChannel/U1WriteChannelsi/AW0_fully_registered/INFORMATION_0_reg_52_
              (rising edge-triggered flip-flop clocked by ACLK)
  Endpoint: U0ReadChannel/U1ReadChannelsi/U0ReadChannelsi/U1PermitCtl/ID11SlaveCnt_reg_0_
            (rising edge-triggered flip-flop clocked by ACLK)
  Path Group: ACLK
  Path Type: max

  Point                                        Trans      Incr       Path
  --------------------------------------------------------------------------
  clock ACLK (rise edge)                                  0.00       0.00
  clock network delay (ideal)                             0.00       0.00
  U0WriteChannel/U1WriteChannelsi/AW0_fully_registered/INFORMATION_0_reg_52_/CK (DFFRX4)     0.40     0.00 #     0.00 r
  U0WriteChannel/U1WriteChannelsi/AW0_fully_registered/INFORMATION_0_reg_52_/Q (DFFRX4)     0.58     0.95     0.95 r
  U0WriteChannel/U1WriteChannelsi/AW0_fully_registered/INFORMATION_R[52] (AW_fully_registered_2)     0.00     0.95 r
  U0WriteChannel/U1WriteChannelsi/U0WriteChannelsi/AWIDm2si[2] (WriteChannelsi_2)     0.00     0.95 r
  U0WriteChannel/U1WriteChannelsi/U0WriteChannelsi/U0PermitCtl/SID[2] (PermitCtl_2)     0.00     0.95 r
  U0WriteChannel/U1WriteChannelsi/U0WriteChannelsi/U0PermitCtl/U3194/Y (NAND2X1)     0.18     0.14     1.09 f
  U0WriteChannel/U1WriteChannelsi/U0WriteChannelsi/U0PermitCtl/U3192/Y (BUFX4)     0.41     0.40     1.49 f
  U0WriteChannel/U1WriteChannelsi/U0WriteChannelsi/U0PermitCtl/U3008/Y (NOR2X4)     0.18     0.17     1.66 r
  U0WriteChannel/U1WriteChannelsi/U0WriteChannelsi/U0PermitCtl/U3006/Y (NAND4X4)     0.29     0.22     1.88 f
  U0WriteChannel/U1WriteChannelsi/U0WriteChannelsi/U0PermitCtl/U2995/Y (NAND4X4)     0.20     0.16     2.04 r
  U0WriteChannel/U1WriteChannelsi/U0WriteChannelsi/U0PermitCtl/U2973/Y (NOR2X4)     0.08     0.06     2.11 f
  U0WriteChannel/U1WriteChannelsi/U0WriteChannelsi/U0PermitCtl/U2971/Y (AOI21X4)     0.15     0.15     2.25 r
  U0WriteChannel/U1WriteChannelsi/U0WriteChannelsi/U0PermitCtl/CtlData2writech[3] (PermitCtl_2)     0.00     2.25 r
  U0WriteChannel/U1WriteChannelsi/U0WriteChannelsi/U167/Y (INVX2)     0.06     0.05     2.30 f
  U0WriteChannel/U1WriteChannelsi/U0WriteChannelsi/U149/Y (OR3X4)     0.09     0.24     2.54 f
  U0WriteChannel/U1WriteChannelsi/U0WriteChannelsi/U164/Y (INVX4)     0.10     0.08     2.62 r
  U0WriteChannel/U1WriteChannelsi/U0WriteChannelsi/U144/Y (AND3X4)     0.10     0.20     2.82 r
  U0WriteChannel/U1WriteChannelsi/U0WriteChannelsi/AWVALIDsi2mi[3] (WriteChannelsi_2)     0.00     2.82 r
  U0WriteChannel/U1WriteChannelsi/AWVALIDsi2mi[3] (WriteChannelsi_RS_2)     0.00     2.82 r
  U0WriteChannel/U3WriteChannelmi/AWVALIDsi2mi[1] (WriteChannelmi_RS_2)     0.00     2.82 r
  U0WriteChannel/U3WriteChannelmi/U0WriteChannelmi/AWVALIDsi2mi[1] (WriteChannelmi_2)     0.00     2.82 r
  U0WriteChannel/U3WriteChannelmi/U0WriteChannelmi/U666/Y (INVX4)     0.09     0.07     2.89 f
  U0WriteChannel/U3WriteChannelmi/U0WriteChannelmi/U682/Y (INVX8)     0.08     0.06     2.95 r
  U0WriteChannel/U3WriteChannelmi/U0WriteChannelmi/U681/Y (NAND2X4)     0.07     0.06     3.01 f
  U0WriteChannel/U3WriteChannelmi/U0WriteChannelmi/U680/Y (NAND3BX4)     0.24     0.16     3.18 r
  U0WriteChannel/U3WriteChannelmi/U0WriteChannelmi/U0LockCtlWrmi/AVALID (LockCtlWrmi_2)     0.00     3.18 r
  U0WriteChannel/U3WriteChannelmi/U0WriteChannelmi/U0LockCtlWrmi/U106/Y (NAND3X4)     0.19     0.15     3.33 f
  U0WriteChannel/U3WriteChannelmi/U0WriteChannelmi/U0LockCtlWrmi/U97/Y (INVX8)     0.09     0.08     3.41 r
  U0WriteChannel/U3WriteChannelmi/U0WriteChannelmi/U0LockCtlWrmi/Lock_out (LockCtlWrmi_2)     0.00     3.41 r
  U0WriteChannel/U3WriteChannelmi/U0WriteChannelmi/Lock2Rdmi (WriteChannelmi_2)     0.00     3.41 r
  U0WriteChannel/U3WriteChannelmi/Lock2Rdmi (WriteChannelmi_RS_2)     0.00     3.41 r
  U0WriteChannel/Lock2rdmi3 (WriteChannel)                0.00       3.41 r
  U0ReadChannel/Lock2rdmi3 (ReadChannel)                  0.00       3.41 r
  U0ReadChannel/U3ReadChannelmi/Lock2Rdmi (ReadChannelmi_RS_2)     0.00     3.41 r
  U0ReadChannel/U3ReadChannelmi/U0ReadChannelmi/Lock2Rdmi (ReadChannelmi_2)     0.00     3.41 r
  U0ReadChannel/U3ReadChannelmi/U0ReadChannelmi/U0LockCtlRdmi/Lock_in (LockCtlRdmi_2)     0.00     3.41 r
  U0ReadChannel/U3ReadChannelmi/U0ReadChannelmi/U0LockCtlRdmi/U76/Y (INVX2)     0.05     0.05     3.45 f
  U0ReadChannel/U3ReadChannelmi/U0ReadChannelmi/U0LockCtlRdmi/U77/Y (OAI32X1)     0.44     0.30     3.75 r
  U0ReadChannel/U3ReadChannelmi/U0ReadChannelmi/U0LockCtlRdmi/U75/Y (INVX1)     0.11     0.08     3.84 f
  U0ReadChannel/U3ReadChannelmi/U0ReadChannelmi/U0LockCtlRdmi/U58/Y (AND3X4)     0.06     0.16     4.00 f
  U0ReadChannel/U3ReadChannelmi/U0ReadChannelmi/U0LockCtlRdmi/U78/Y (NAND3X2)     0.16     0.12     4.12 r
  U0ReadChannel/U3ReadChannelmi/U0ReadChannelmi/U0LockCtlRdmi/EnAREADYMUXn (LockCtlRdmi_2)     0.00     4.12 r
  U0ReadChannel/U3ReadChannelmi/U0ReadChannelmi/U130/Y (NAND2BX4)     0.12     0.16     4.28 r
  U0ReadChannel/U3ReadChannelmi/U0ReadChannelmi/U128/Y (OR3X4)     0.08     0.16     4.44 r
  U0ReadChannel/U3ReadChannelmi/U0ReadChannelmi/U417/Y (INVX4)     0.04     0.04     4.48 f
  U0ReadChannel/U3ReadChannelmi/U0ReadChannelmi/U415/Y (AND2X2)     0.09     0.16     4.64 f
  U0ReadChannel/U3ReadChannelmi/U0ReadChannelmi/ARREADYmi2si[1] (ReadChannelmi_2)     0.00     4.64 f
  U0ReadChannel/U3ReadChannelmi/ARREADYmi2si[1] (ReadChannelmi_RS_2)     0.00     4.64 f
  U0ReadChannel/U1ReadChannelsi/ARREADYmi2si[3] (ReadChannelsi_RS_2)     0.00     4.64 f
  U0ReadChannel/U1ReadChannelsi/U0ReadChannelsi/ARREADYmi2si[3] (ReadChannelsi_2)     0.00     4.64 f
  U0ReadChannel/U1ReadChannelsi/U0ReadChannelsi/U264/Y (MXI2X4)     0.24     0.14     4.78 r
  U0ReadChannel/U1ReadChannelsi/U0ReadChannelsi/U262/Y (NOR2X4)     0.07     0.06     4.84 f
  U0ReadChannel/U1ReadChannelsi/U0ReadChannelsi/U261/Y (AOI21X4)     0.20     0.14     4.98 r
  U0ReadChannel/U1ReadChannelsi/U0ReadChannelsi/U260/Y (NAND4BX4)     0.32     0.26     5.24 f
  U0ReadChannel/U1ReadChannelsi/U0ReadChannelsi/U1PermitCtl/AREADY (PermitCtl_6)     0.00     5.24 f
  U0ReadChannel/U1ReadChannelsi/U0ReadChannelsi/U1PermitCtl/U3324/Y (BUFX3)     0.48     0.48     5.72 f
  U0ReadChannel/U1ReadChannelsi/U0ReadChannelsi/U1PermitCtl/U2518/Y (NAND3X4)     0.20     0.23     5.95 r
  U0ReadChannel/U1ReadChannelsi/U0ReadChannelsi/U1PermitCtl/U2517/Y (NAND2X4)     0.18     0.13     6.08 f
  U0ReadChannel/U1ReadChannelsi/U0ReadChannelsi/U1PermitCtl/U2501/Y (NAND2BX4)     0.12     0.11     6.20 r
  U0ReadChannel/U1ReadChannelsi/U0ReadChannelsi/U1PermitCtl/U2500/Y (NAND2X4)     0.07     0.05     6.25 f
  U0ReadChannel/U1ReadChannelsi/U0ReadChannelsi/U1PermitCtl/ID11SlaveCnt_reg_0_/D (DFFRX4)     0.07     0.00     6.25 f
  data arrival time                                                  6.25

  clock ACLK (rise edge)                                  7.50       7.50
  clock network delay (ideal)                             0.00       7.50
  clock uncertainty                                      -1.05       6.45
  U0ReadChannel/U1ReadChannelsi/U0ReadChannelsi/U1PermitCtl/ID11SlaveCnt_reg_0_/CK (DFFRX4)     0.00     6.45 r
  library setup time                                     -0.20       6.25
  data required time                                                 6.25
  --------------------------------------------------------------------------
  data required time                                                 6.25
  data arrival time                                                 -6.25
  --------------------------------------------------------------------------
  slack (MET)                                                        0.00


  Startpoint: U0WriteChannel/U1WriteChannelsi/AW0_fully_registered/INFORMATION_0_reg_52_
              (rising edge-triggered flip-flop clocked by ACLK)
  Endpoint: U0ReadChannel/U1ReadChannelsi/U0ReadChannelsi/U1PermitCtl/ID11SlaveCnt_reg_1_
            (rising edge-triggered flip-flop clocked by ACLK)
  Path Group: ACLK
  Path Type: max

  Point                                        Trans      Incr       Path
  --------------------------------------------------------------------------
  clock ACLK (rise edge)                                  0.00       0.00
  clock network delay (ideal)                             0.00       0.00
  U0WriteChannel/U1WriteChannelsi/AW0_fully_registered/INFORMATION_0_reg_52_/CK (DFFRX4)     0.40     0.00 #     0.00 r
  U0WriteChannel/U1WriteChannelsi/AW0_fully_registered/INFORMATION_0_reg_52_/Q (DFFRX4)     0.58     0.95     0.95 r
  U0WriteChannel/U1WriteChannelsi/AW0_fully_registered/INFORMATION_R[52] (AW_fully_registered_2)     0.00     0.95 r
  U0WriteChannel/U1WriteChannelsi/U0WriteChannelsi/AWIDm2si[2] (WriteChannelsi_2)     0.00     0.95 r
  U0WriteChannel/U1WriteChannelsi/U0WriteChannelsi/U0PermitCtl/SID[2] (PermitCtl_2)     0.00     0.95 r
  U0WriteChannel/U1WriteChannelsi/U0WriteChannelsi/U0PermitCtl/U3194/Y (NAND2X1)     0.18     0.14     1.09 f
  U0WriteChannel/U1WriteChannelsi/U0WriteChannelsi/U0PermitCtl/U3192/Y (BUFX4)     0.41     0.40     1.49 f
  U0WriteChannel/U1WriteChannelsi/U0WriteChannelsi/U0PermitCtl/U3008/Y (NOR2X4)     0.18     0.17     1.66 r
  U0WriteChannel/U1WriteChannelsi/U0WriteChannelsi/U0PermitCtl/U3006/Y (NAND4X4)     0.29     0.22     1.88 f
  U0WriteChannel/U1WriteChannelsi/U0WriteChannelsi/U0PermitCtl/U2995/Y (NAND4X4)     0.20     0.16     2.04 r
  U0WriteChannel/U1WriteChannelsi/U0WriteChannelsi/U0PermitCtl/U2973/Y (NOR2X4)     0.08     0.06     2.11 f
  U0WriteChannel/U1WriteChannelsi/U0WriteChannelsi/U0PermitCtl/U2971/Y (AOI21X4)     0.15     0.15     2.25 r
  U0WriteChannel/U1WriteChannelsi/U0WriteChannelsi/U0PermitCtl/CtlData2writech[3] (PermitCtl_2)     0.00     2.25 r
  U0WriteChannel/U1WriteChannelsi/U0WriteChannelsi/U167/Y (INVX2)     0.06     0.05     2.30 f
  U0WriteChannel/U1WriteChannelsi/U0WriteChannelsi/U149/Y (OR3X4)     0.09     0.24     2.54 f
  U0WriteChannel/U1WriteChannelsi/U0WriteChannelsi/U164/Y (INVX4)     0.10     0.08     2.62 r
  U0WriteChannel/U1WriteChannelsi/U0WriteChannelsi/U144/Y (AND3X4)     0.10     0.20     2.82 r
  U0WriteChannel/U1WriteChannelsi/U0WriteChannelsi/AWVALIDsi2mi[3] (WriteChannelsi_2)     0.00     2.82 r
  U0WriteChannel/U1WriteChannelsi/AWVALIDsi2mi[3] (WriteChannelsi_RS_2)     0.00     2.82 r
  U0WriteChannel/U3WriteChannelmi/AWVALIDsi2mi[1] (WriteChannelmi_RS_2)     0.00     2.82 r
  U0WriteChannel/U3WriteChannelmi/U0WriteChannelmi/AWVALIDsi2mi[1] (WriteChannelmi_2)     0.00     2.82 r
  U0WriteChannel/U3WriteChannelmi/U0WriteChannelmi/U666/Y (INVX4)     0.09     0.07     2.89 f
  U0WriteChannel/U3WriteChannelmi/U0WriteChannelmi/U682/Y (INVX8)     0.08     0.06     2.95 r
  U0WriteChannel/U3WriteChannelmi/U0WriteChannelmi/U681/Y (NAND2X4)     0.07     0.06     3.01 f
  U0WriteChannel/U3WriteChannelmi/U0WriteChannelmi/U680/Y (NAND3BX4)     0.24     0.16     3.18 r
  U0WriteChannel/U3WriteChannelmi/U0WriteChannelmi/U0LockCtlWrmi/AVALID (LockCtlWrmi_2)     0.00     3.18 r
  U0WriteChannel/U3WriteChannelmi/U0WriteChannelmi/U0LockCtlWrmi/U106/Y (NAND3X4)     0.19     0.15     3.33 f
  U0WriteChannel/U3WriteChannelmi/U0WriteChannelmi/U0LockCtlWrmi/U97/Y (INVX8)     0.09     0.08     3.41 r
  U0WriteChannel/U3WriteChannelmi/U0WriteChannelmi/U0LockCtlWrmi/Lock_out (LockCtlWrmi_2)     0.00     3.41 r
  U0WriteChannel/U3WriteChannelmi/U0WriteChannelmi/Lock2Rdmi (WriteChannelmi_2)     0.00     3.41 r
  U0WriteChannel/U3WriteChannelmi/Lock2Rdmi (WriteChannelmi_RS_2)     0.00     3.41 r
  U0WriteChannel/Lock2rdmi3 (WriteChannel)                0.00       3.41 r
  U0ReadChannel/Lock2rdmi3 (ReadChannel)                  0.00       3.41 r
  U0ReadChannel/U3ReadChannelmi/Lock2Rdmi (ReadChannelmi_RS_2)     0.00     3.41 r
  U0ReadChannel/U3ReadChannelmi/U0ReadChannelmi/Lock2Rdmi (ReadChannelmi_2)     0.00     3.41 r
  U0ReadChannel/U3ReadChannelmi/U0ReadChannelmi/U0LockCtlRdmi/Lock_in (LockCtlRdmi_2)     0.00     3.41 r
  U0ReadChannel/U3ReadChannelmi/U0ReadChannelmi/U0LockCtlRdmi/U76/Y (INVX2)     0.05     0.05     3.45 f
  U0ReadChannel/U3ReadChannelmi/U0ReadChannelmi/U0LockCtlRdmi/U77/Y (OAI32X1)     0.44     0.30     3.75 r
  U0ReadChannel/U3ReadChannelmi/U0ReadChannelmi/U0LockCtlRdmi/U75/Y (INVX1)     0.11     0.08     3.84 f
  U0ReadChannel/U3ReadChannelmi/U0ReadChannelmi/U0LockCtlRdmi/U58/Y (AND3X4)     0.06     0.16     4.00 f
  U0ReadChannel/U3ReadChannelmi/U0ReadChannelmi/U0LockCtlRdmi/U78/Y (NAND3X2)     0.16     0.12     4.12 r
  U0ReadChannel/U3ReadChannelmi/U0ReadChannelmi/U0LockCtlRdmi/EnAREADYMUXn (LockCtlRdmi_2)     0.00     4.12 r
  U0ReadChannel/U3ReadChannelmi/U0ReadChannelmi/U130/Y (NAND2BX4)     0.12     0.16     4.28 r
  U0ReadChannel/U3ReadChannelmi/U0ReadChannelmi/U128/Y (OR3X4)     0.08     0.16     4.44 r
  U0ReadChannel/U3ReadChannelmi/U0ReadChannelmi/U417/Y (INVX4)     0.04     0.04     4.48 f
  U0ReadChannel/U3ReadChannelmi/U0ReadChannelmi/U415/Y (AND2X2)     0.09     0.16     4.64 f
  U0ReadChannel/U3ReadChannelmi/U0ReadChannelmi/ARREADYmi2si[1] (ReadChannelmi_2)     0.00     4.64 f
  U0ReadChannel/U3ReadChannelmi/ARREADYmi2si[1] (ReadChannelmi_RS_2)     0.00     4.64 f
  U0ReadChannel/U1ReadChannelsi/ARREADYmi2si[3] (ReadChannelsi_RS_2)     0.00     4.64 f
  U0ReadChannel/U1ReadChannelsi/U0ReadChannelsi/ARREADYmi2si[3] (ReadChannelsi_2)     0.00     4.64 f
  U0ReadChannel/U1ReadChannelsi/U0ReadChannelsi/U264/Y (MXI2X4)     0.24     0.14     4.78 r
  U0ReadChannel/U1ReadChannelsi/U0ReadChannelsi/U262/Y (NOR2X4)     0.07     0.06     4.84 f
  U0ReadChannel/U1ReadChannelsi/U0ReadChannelsi/U261/Y (AOI21X4)     0.20     0.14     4.98 r
  U0ReadChannel/U1ReadChannelsi/U0ReadChannelsi/U260/Y (NAND4BX4)     0.32     0.26     5.24 f
  U0ReadChannel/U1ReadChannelsi/U0ReadChannelsi/U1PermitCtl/AREADY (PermitCtl_6)     0.00     5.24 f
  U0ReadChannel/U1ReadChannelsi/U0ReadChannelsi/U1PermitCtl/U3324/Y (BUFX3)     0.48     0.48     5.72 f
  U0ReadChannel/U1ReadChannelsi/U0ReadChannelsi/U1PermitCtl/U2518/Y (NAND3X4)     0.20     0.23     5.95 r
  U0ReadChannel/U1ReadChannelsi/U0ReadChannelsi/U1PermitCtl/U2517/Y (NAND2X4)     0.18     0.13     6.08 f
  U0ReadChannel/U1ReadChannelsi/U0ReadChannelsi/U1PermitCtl/U2506/Y (NAND2BX4)     0.12     0.11     6.20 r
  U0ReadChannel/U1ReadChannelsi/U0ReadChannelsi/U1PermitCtl/U2505/Y (NAND2X4)     0.06     0.05     6.25 f
  U0ReadChannel/U1ReadChannelsi/U0ReadChannelsi/U1PermitCtl/ID11SlaveCnt_reg_1_/D (DFFRX4)     0.06     0.00     6.25 f
  data arrival time                                                  6.25

  clock ACLK (rise edge)                                  7.50       7.50
  clock network delay (ideal)                             0.00       7.50
  clock uncertainty                                      -1.05       6.45
  U0ReadChannel/U1ReadChannelsi/U0ReadChannelsi/U1PermitCtl/ID11SlaveCnt_reg_1_/CK (DFFRX4)     0.00     6.45 r
  library setup time                                     -0.20       6.25
  data required time                                                 6.25
  --------------------------------------------------------------------------
  data required time                                                 6.25
  data arrival time                                                 -6.25
  --------------------------------------------------------------------------
  slack (MET)                                                        0.00


  Startpoint: U0WriteChannel/U1WriteChannelsi/AW0_fully_registered/INFORMATION_0_reg_52_
              (rising edge-triggered flip-flop clocked by ACLK)
  Endpoint: U0ReadChannel/U1ReadChannelsi/U0ReadChannelsi/U1PermitCtl/ID11SlaveCnt_reg_2_
            (rising edge-triggered flip-flop clocked by ACLK)
  Path Group: ACLK
  Path Type: max

  Point                                        Trans      Incr       Path
  --------------------------------------------------------------------------
  clock ACLK (rise edge)                                  0.00       0.00
  clock network delay (ideal)                             0.00       0.00
  U0WriteChannel/U1WriteChannelsi/AW0_fully_registered/INFORMATION_0_reg_52_/CK (DFFRX4)     0.40     0.00 #     0.00 r
  U0WriteChannel/U1WriteChannelsi/AW0_fully_registered/INFORMATION_0_reg_52_/Q (DFFRX4)     0.58     0.95     0.95 r
  U0WriteChannel/U1WriteChannelsi/AW0_fully_registered/INFORMATION_R[52] (AW_fully_registered_2)     0.00     0.95 r
  U0WriteChannel/U1WriteChannelsi/U0WriteChannelsi/AWIDm2si[2] (WriteChannelsi_2)     0.00     0.95 r
  U0WriteChannel/U1WriteChannelsi/U0WriteChannelsi/U0PermitCtl/SID[2] (PermitCtl_2)     0.00     0.95 r
  U0WriteChannel/U1WriteChannelsi/U0WriteChannelsi/U0PermitCtl/U3194/Y (NAND2X1)     0.18     0.14     1.09 f
  U0WriteChannel/U1WriteChannelsi/U0WriteChannelsi/U0PermitCtl/U3192/Y (BUFX4)     0.41     0.40     1.49 f
  U0WriteChannel/U1WriteChannelsi/U0WriteChannelsi/U0PermitCtl/U3008/Y (NOR2X4)     0.18     0.17     1.66 r
  U0WriteChannel/U1WriteChannelsi/U0WriteChannelsi/U0PermitCtl/U3006/Y (NAND4X4)     0.29     0.22     1.88 f
  U0WriteChannel/U1WriteChannelsi/U0WriteChannelsi/U0PermitCtl/U2995/Y (NAND4X4)     0.20     0.16     2.04 r
  U0WriteChannel/U1WriteChannelsi/U0WriteChannelsi/U0PermitCtl/U2973/Y (NOR2X4)     0.08     0.06     2.11 f
  U0WriteChannel/U1WriteChannelsi/U0WriteChannelsi/U0PermitCtl/U2971/Y (AOI21X4)     0.15     0.15     2.25 r
  U0WriteChannel/U1WriteChannelsi/U0WriteChannelsi/U0PermitCtl/CtlData2writech[3] (PermitCtl_2)     0.00     2.25 r
  U0WriteChannel/U1WriteChannelsi/U0WriteChannelsi/U167/Y (INVX2)     0.06     0.05     2.30 f
  U0WriteChannel/U1WriteChannelsi/U0WriteChannelsi/U149/Y (OR3X4)     0.09     0.24     2.54 f
  U0WriteChannel/U1WriteChannelsi/U0WriteChannelsi/U164/Y (INVX4)     0.10     0.08     2.62 r
  U0WriteChannel/U1WriteChannelsi/U0WriteChannelsi/U144/Y (AND3X4)     0.10     0.20     2.82 r
  U0WriteChannel/U1WriteChannelsi/U0WriteChannelsi/AWVALIDsi2mi[3] (WriteChannelsi_2)     0.00     2.82 r
  U0WriteChannel/U1WriteChannelsi/AWVALIDsi2mi[3] (WriteChannelsi_RS_2)     0.00     2.82 r
  U0WriteChannel/U3WriteChannelmi/AWVALIDsi2mi[1] (WriteChannelmi_RS_2)     0.00     2.82 r
  U0WriteChannel/U3WriteChannelmi/U0WriteChannelmi/AWVALIDsi2mi[1] (WriteChannelmi_2)     0.00     2.82 r
  U0WriteChannel/U3WriteChannelmi/U0WriteChannelmi/U666/Y (INVX4)     0.09     0.07     2.89 f
  U0WriteChannel/U3WriteChannelmi/U0WriteChannelmi/U682/Y (INVX8)     0.08     0.06     2.95 r
  U0WriteChannel/U3WriteChannelmi/U0WriteChannelmi/U681/Y (NAND2X4)     0.07     0.06     3.01 f
  U0WriteChannel/U3WriteChannelmi/U0WriteChannelmi/U680/Y (NAND3BX4)     0.24     0.16     3.18 r
  U0WriteChannel/U3WriteChannelmi/U0WriteChannelmi/U0LockCtlWrmi/AVALID (LockCtlWrmi_2)     0.00     3.18 r
  U0WriteChannel/U3WriteChannelmi/U0WriteChannelmi/U0LockCtlWrmi/U106/Y (NAND3X4)     0.19     0.15     3.33 f
  U0WriteChannel/U3WriteChannelmi/U0WriteChannelmi/U0LockCtlWrmi/U97/Y (INVX8)     0.09     0.08     3.41 r
  U0WriteChannel/U3WriteChannelmi/U0WriteChannelmi/U0LockCtlWrmi/Lock_out (LockCtlWrmi_2)     0.00     3.41 r
  U0WriteChannel/U3WriteChannelmi/U0WriteChannelmi/Lock2Rdmi (WriteChannelmi_2)     0.00     3.41 r
  U0WriteChannel/U3WriteChannelmi/Lock2Rdmi (WriteChannelmi_RS_2)     0.00     3.41 r
  U0WriteChannel/Lock2rdmi3 (WriteChannel)                0.00       3.41 r
  U0ReadChannel/Lock2rdmi3 (ReadChannel)                  0.00       3.41 r
  U0ReadChannel/U3ReadChannelmi/Lock2Rdmi (ReadChannelmi_RS_2)     0.00     3.41 r
  U0ReadChannel/U3ReadChannelmi/U0ReadChannelmi/Lock2Rdmi (ReadChannelmi_2)     0.00     3.41 r
  U0ReadChannel/U3ReadChannelmi/U0ReadChannelmi/U0LockCtlRdmi/Lock_in (LockCtlRdmi_2)     0.00     3.41 r
  U0ReadChannel/U3ReadChannelmi/U0ReadChannelmi/U0LockCtlRdmi/U76/Y (INVX2)     0.05     0.05     3.45 f
  U0ReadChannel/U3ReadChannelmi/U0ReadChannelmi/U0LockCtlRdmi/U77/Y (OAI32X1)     0.44     0.30     3.75 r
  U0ReadChannel/U3ReadChannelmi/U0ReadChannelmi/U0LockCtlRdmi/U75/Y (INVX1)     0.11     0.08     3.84 f
  U0ReadChannel/U3ReadChannelmi/U0ReadChannelmi/U0LockCtlRdmi/U58/Y (AND3X4)     0.06     0.16     4.00 f
  U0ReadChannel/U3ReadChannelmi/U0ReadChannelmi/U0LockCtlRdmi/U78/Y (NAND3X2)     0.16     0.12     4.12 r
  U0ReadChannel/U3ReadChannelmi/U0ReadChannelmi/U0LockCtlRdmi/EnAREADYMUXn (LockCtlRdmi_2)     0.00     4.12 r
  U0ReadChannel/U3ReadChannelmi/U0ReadChannelmi/U130/Y (NAND2BX4)     0.12     0.16     4.28 r
  U0ReadChannel/U3ReadChannelmi/U0ReadChannelmi/U128/Y (OR3X4)     0.08     0.16     4.44 r
  U0ReadChannel/U3ReadChannelmi/U0ReadChannelmi/U417/Y (INVX4)     0.04     0.04     4.48 f
  U0ReadChannel/U3ReadChannelmi/U0ReadChannelmi/U415/Y (AND2X2)     0.09     0.16     4.64 f
  U0ReadChannel/U3ReadChannelmi/U0ReadChannelmi/ARREADYmi2si[1] (ReadChannelmi_2)     0.00     4.64 f
  U0ReadChannel/U3ReadChannelmi/ARREADYmi2si[1] (ReadChannelmi_RS_2)     0.00     4.64 f
  U0ReadChannel/U1ReadChannelsi/ARREADYmi2si[3] (ReadChannelsi_RS_2)     0.00     4.64 f
  U0ReadChannel/U1ReadChannelsi/U0ReadChannelsi/ARREADYmi2si[3] (ReadChannelsi_2)     0.00     4.64 f
  U0ReadChannel/U1ReadChannelsi/U0ReadChannelsi/U264/Y (MXI2X4)     0.24     0.14     4.78 r
  U0ReadChannel/U1ReadChannelsi/U0ReadChannelsi/U262/Y (NOR2X4)     0.07     0.06     4.84 f
  U0ReadChannel/U1ReadChannelsi/U0ReadChannelsi/U261/Y (AOI21X4)     0.20     0.14     4.98 r
  U0ReadChannel/U1ReadChannelsi/U0ReadChannelsi/U260/Y (NAND4BX4)     0.32     0.26     5.24 f
  U0ReadChannel/U1ReadChannelsi/U0ReadChannelsi/U1PermitCtl/AREADY (PermitCtl_6)     0.00     5.24 f
  U0ReadChannel/U1ReadChannelsi/U0ReadChannelsi/U1PermitCtl/U3324/Y (BUFX3)     0.48     0.48     5.72 f
  U0ReadChannel/U1ReadChannelsi/U0ReadChannelsi/U1PermitCtl/U2518/Y (NAND3X4)     0.20     0.23     5.95 r
  U0ReadChannel/U1ReadChannelsi/U0ReadChannelsi/U1PermitCtl/U2517/Y (NAND2X4)     0.18     0.13     6.08 f
  U0ReadChannel/U1ReadChannelsi/U0ReadChannelsi/U1PermitCtl/U2511/Y (NAND2BX4)     0.12     0.11     6.20 r
  U0ReadChannel/U1ReadChannelsi/U0ReadChannelsi/U1PermitCtl/U2510/Y (NAND2X4)     0.06     0.05     6.25 f
  U0ReadChannel/U1ReadChannelsi/U0ReadChannelsi/U1PermitCtl/ID11SlaveCnt_reg_2_/D (DFFRX4)     0.06     0.00     6.25 f
  data arrival time                                                  6.25

  clock ACLK (rise edge)                                  7.50       7.50
  clock network delay (ideal)                             0.00       7.50
  clock uncertainty                                      -1.05       6.45
  U0ReadChannel/U1ReadChannelsi/U0ReadChannelsi/U1PermitCtl/ID11SlaveCnt_reg_2_/CK (DFFRX4)     0.00     6.45 r
  library setup time                                     -0.20       6.25
  data required time                                                 6.25
  --------------------------------------------------------------------------
  data required time                                                 6.25
  data arrival time                                                 -6.25
  --------------------------------------------------------------------------
  slack (MET)                                                        0.00


  Startpoint: U0WriteChannel/U1WriteChannelsi/AW0_fully_registered/INFORMATION_0_reg_52_
              (rising edge-triggered flip-flop clocked by ACLK)
  Endpoint: U0ReadChannel/U1ReadChannelsi/U0ReadChannelsi/U1PermitCtl/ID11SlaveCnt_reg_3_
            (rising edge-triggered flip-flop clocked by ACLK)
  Path Group: ACLK
  Path Type: max

  Point                                        Trans      Incr       Path
  --------------------------------------------------------------------------
  clock ACLK (rise edge)                                  0.00       0.00
  clock network delay (ideal)                             0.00       0.00
  U0WriteChannel/U1WriteChannelsi/AW0_fully_registered/INFORMATION_0_reg_52_/CK (DFFRX4)     0.40     0.00 #     0.00 r
  U0WriteChannel/U1WriteChannelsi/AW0_fully_registered/INFORMATION_0_reg_52_/Q (DFFRX4)     0.58     0.95     0.95 r
  U0WriteChannel/U1WriteChannelsi/AW0_fully_registered/INFORMATION_R[52] (AW_fully_registered_2)     0.00     0.95 r
  U0WriteChannel/U1WriteChannelsi/U0WriteChannelsi/AWIDm2si[2] (WriteChannelsi_2)     0.00     0.95 r
  U0WriteChannel/U1WriteChannelsi/U0WriteChannelsi/U0PermitCtl/SID[2] (PermitCtl_2)     0.00     0.95 r
  U0WriteChannel/U1WriteChannelsi/U0WriteChannelsi/U0PermitCtl/U3194/Y (NAND2X1)     0.18     0.14     1.09 f
  U0WriteChannel/U1WriteChannelsi/U0WriteChannelsi/U0PermitCtl/U3192/Y (BUFX4)     0.41     0.40     1.49 f
  U0WriteChannel/U1WriteChannelsi/U0WriteChannelsi/U0PermitCtl/U3008/Y (NOR2X4)     0.18     0.17     1.66 r
  U0WriteChannel/U1WriteChannelsi/U0WriteChannelsi/U0PermitCtl/U3006/Y (NAND4X4)     0.29     0.22     1.88 f
  U0WriteChannel/U1WriteChannelsi/U0WriteChannelsi/U0PermitCtl/U2995/Y (NAND4X4)     0.20     0.16     2.04 r
  U0WriteChannel/U1WriteChannelsi/U0WriteChannelsi/U0PermitCtl/U2973/Y (NOR2X4)     0.08     0.06     2.11 f
  U0WriteChannel/U1WriteChannelsi/U0WriteChannelsi/U0PermitCtl/U2971/Y (AOI21X4)     0.15     0.15     2.25 r
  U0WriteChannel/U1WriteChannelsi/U0WriteChannelsi/U0PermitCtl/CtlData2writech[3] (PermitCtl_2)     0.00     2.25 r
  U0WriteChannel/U1WriteChannelsi/U0WriteChannelsi/U167/Y (INVX2)     0.06     0.05     2.30 f
  U0WriteChannel/U1WriteChannelsi/U0WriteChannelsi/U149/Y (OR3X4)     0.09     0.24     2.54 f
  U0WriteChannel/U1WriteChannelsi/U0WriteChannelsi/U164/Y (INVX4)     0.10     0.08     2.62 r
  U0WriteChannel/U1WriteChannelsi/U0WriteChannelsi/U144/Y (AND3X4)     0.10     0.20     2.82 r
  U0WriteChannel/U1WriteChannelsi/U0WriteChannelsi/AWVALIDsi2mi[3] (WriteChannelsi_2)     0.00     2.82 r
  U0WriteChannel/U1WriteChannelsi/AWVALIDsi2mi[3] (WriteChannelsi_RS_2)     0.00     2.82 r
  U0WriteChannel/U3WriteChannelmi/AWVALIDsi2mi[1] (WriteChannelmi_RS_2)     0.00     2.82 r
  U0WriteChannel/U3WriteChannelmi/U0WriteChannelmi/AWVALIDsi2mi[1] (WriteChannelmi_2)     0.00     2.82 r
  U0WriteChannel/U3WriteChannelmi/U0WriteChannelmi/U666/Y (INVX4)     0.09     0.07     2.89 f
  U0WriteChannel/U3WriteChannelmi/U0WriteChannelmi/U682/Y (INVX8)     0.08     0.06     2.95 r
  U0WriteChannel/U3WriteChannelmi/U0WriteChannelmi/U681/Y (NAND2X4)     0.07     0.06     3.01 f
  U0WriteChannel/U3WriteChannelmi/U0WriteChannelmi/U680/Y (NAND3BX4)     0.24     0.16     3.18 r
  U0WriteChannel/U3WriteChannelmi/U0WriteChannelmi/U0LockCtlWrmi/AVALID (LockCtlWrmi_2)     0.00     3.18 r
  U0WriteChannel/U3WriteChannelmi/U0WriteChannelmi/U0LockCtlWrmi/U106/Y (NAND3X4)     0.19     0.15     3.33 f
  U0WriteChannel/U3WriteChannelmi/U0WriteChannelmi/U0LockCtlWrmi/U97/Y (INVX8)     0.09     0.08     3.41 r
  U0WriteChannel/U3WriteChannelmi/U0WriteChannelmi/U0LockCtlWrmi/Lock_out (LockCtlWrmi_2)     0.00     3.41 r
  U0WriteChannel/U3WriteChannelmi/U0WriteChannelmi/Lock2Rdmi (WriteChannelmi_2)     0.00     3.41 r
  U0WriteChannel/U3WriteChannelmi/Lock2Rdmi (WriteChannelmi_RS_2)     0.00     3.41 r
  U0WriteChannel/Lock2rdmi3 (WriteChannel)                0.00       3.41 r
  U0ReadChannel/Lock2rdmi3 (ReadChannel)                  0.00       3.41 r
  U0ReadChannel/U3ReadChannelmi/Lock2Rdmi (ReadChannelmi_RS_2)     0.00     3.41 r
  U0ReadChannel/U3ReadChannelmi/U0ReadChannelmi/Lock2Rdmi (ReadChannelmi_2)     0.00     3.41 r
  U0ReadChannel/U3ReadChannelmi/U0ReadChannelmi/U0LockCtlRdmi/Lock_in (LockCtlRdmi_2)     0.00     3.41 r
  U0ReadChannel/U3ReadChannelmi/U0ReadChannelmi/U0LockCtlRdmi/U76/Y (INVX2)     0.05     0.05     3.45 f
  U0ReadChannel/U3ReadChannelmi/U0ReadChannelmi/U0LockCtlRdmi/U77/Y (OAI32X1)     0.44     0.30     3.75 r
  U0ReadChannel/U3ReadChannelmi/U0ReadChannelmi/U0LockCtlRdmi/U75/Y (INVX1)     0.11     0.08     3.84 f
  U0ReadChannel/U3ReadChannelmi/U0ReadChannelmi/U0LockCtlRdmi/U58/Y (AND3X4)     0.06     0.16     4.00 f
  U0ReadChannel/U3ReadChannelmi/U0ReadChannelmi/U0LockCtlRdmi/U78/Y (NAND3X2)     0.16     0.12     4.12 r
  U0ReadChannel/U3ReadChannelmi/U0ReadChannelmi/U0LockCtlRdmi/EnAREADYMUXn (LockCtlRdmi_2)     0.00     4.12 r
  U0ReadChannel/U3ReadChannelmi/U0ReadChannelmi/U130/Y (NAND2BX4)     0.12     0.16     4.28 r
  U0ReadChannel/U3ReadChannelmi/U0ReadChannelmi/U128/Y (OR3X4)     0.08     0.16     4.44 r
  U0ReadChannel/U3ReadChannelmi/U0ReadChannelmi/U417/Y (INVX4)     0.04     0.04     4.48 f
  U0ReadChannel/U3ReadChannelmi/U0ReadChannelmi/U415/Y (AND2X2)     0.09     0.16     4.64 f
  U0ReadChannel/U3ReadChannelmi/U0ReadChannelmi/ARREADYmi2si[1] (ReadChannelmi_2)     0.00     4.64 f
  U0ReadChannel/U3ReadChannelmi/ARREADYmi2si[1] (ReadChannelmi_RS_2)     0.00     4.64 f
  U0ReadChannel/U1ReadChannelsi/ARREADYmi2si[3] (ReadChannelsi_RS_2)     0.00     4.64 f
  U0ReadChannel/U1ReadChannelsi/U0ReadChannelsi/ARREADYmi2si[3] (ReadChannelsi_2)     0.00     4.64 f
  U0ReadChannel/U1ReadChannelsi/U0ReadChannelsi/U264/Y (MXI2X4)     0.24     0.14     4.78 r
  U0ReadChannel/U1ReadChannelsi/U0ReadChannelsi/U262/Y (NOR2X4)     0.07     0.06     4.84 f
  U0ReadChannel/U1ReadChannelsi/U0ReadChannelsi/U261/Y (AOI21X4)     0.20     0.14     4.98 r
  U0ReadChannel/U1ReadChannelsi/U0ReadChannelsi/U260/Y (NAND4BX4)     0.32     0.26     5.24 f
  U0ReadChannel/U1ReadChannelsi/U0ReadChannelsi/U1PermitCtl/AREADY (PermitCtl_6)     0.00     5.24 f
  U0ReadChannel/U1ReadChannelsi/U0ReadChannelsi/U1PermitCtl/U3324/Y (BUFX3)     0.48     0.48     5.72 f
  U0ReadChannel/U1ReadChannelsi/U0ReadChannelsi/U1PermitCtl/U2518/Y (NAND3X4)     0.20     0.23     5.95 r
  U0ReadChannel/U1ReadChannelsi/U0ReadChannelsi/U1PermitCtl/U2517/Y (NAND2X4)     0.18     0.13     6.08 f
  U0ReadChannel/U1ReadChannelsi/U0ReadChannelsi/U1PermitCtl/U2516/Y (NAND2BX4)     0.12     0.11     6.20 r
  U0ReadChannel/U1ReadChannelsi/U0ReadChannelsi/U1PermitCtl/U2515/Y (NAND2X4)     0.06     0.05     6.25 f
  U0ReadChannel/U1ReadChannelsi/U0ReadChannelsi/U1PermitCtl/ID11SlaveCnt_reg_3_/D (DFFRX4)     0.06     0.00     6.25 f
  data arrival time                                                  6.25

  clock ACLK (rise edge)                                  7.50       7.50
  clock network delay (ideal)                             0.00       7.50
  clock uncertainty                                      -1.05       6.45
  U0ReadChannel/U1ReadChannelsi/U0ReadChannelsi/U1PermitCtl/ID11SlaveCnt_reg_3_/CK (DFFRX4)     0.00     6.45 r
  library setup time                                     -0.20       6.25
  data required time                                                 6.25
  --------------------------------------------------------------------------
  data required time                                                 6.25
  data arrival time                                                 -6.25
  --------------------------------------------------------------------------
  slack (MET)                                                        0.00


  Startpoint: U0ReadChannel/U2ReadChannelsi/AR0_fully_registered/INFORMATION_0_reg_52_
              (rising edge-triggered flip-flop clocked by ACLK)
  Endpoint: U0WriteChannel/U1WriteChannelmi/AWmi0_fully_registered/INFORMATION_0_reg_3_
            (rising edge-triggered flip-flop clocked by ACLK)
  Path Group: ACLK
  Path Type: max

  Point                                        Trans      Incr       Path
  --------------------------------------------------------------------------
  clock ACLK (rise edge)                                  0.00       0.00
  clock network delay (ideal)                             0.00       0.00
  U0ReadChannel/U2ReadChannelsi/AR0_fully_registered/INFORMATION_0_reg_52_/CK (DFFRX4)     0.40     0.00 #     0.00 r
  U0ReadChannel/U2ReadChannelsi/AR0_fully_registered/INFORMATION_0_reg_52_/Q (DFFRX4)     0.48     0.90     0.90 r
  U0ReadChannel/U2ReadChannelsi/AR0_fully_registered/INFORMATION_R[52] (AR_fully_registered_1)     0.00     0.90 r
  U0ReadChannel/U2ReadChannelsi/U0ReadChannelsi/ARIDm2si[2] (ReadChannelsi_1)     0.00     0.90 r
  U0ReadChannel/U2ReadChannelsi/U0ReadChannelsi/U1PermitCtl/SID[2] (PermitCtl_5)     0.00     0.90 r
  U0ReadChannel/U2ReadChannelsi/U0ReadChannelsi/U1PermitCtl/U3373/Y (INVX8)     0.08     0.05     0.95 f
  U0ReadChannel/U2ReadChannelsi/U0ReadChannelsi/U1PermitCtl/U3405/Y (NAND2X1)     0.18     0.13     1.08 r
  U0ReadChannel/U2ReadChannelsi/U0ReadChannelsi/U1PermitCtl/U3403/Y (BUFX3)     0.88     0.59     1.67 r
  U0ReadChannel/U2ReadChannelsi/U0ReadChannelsi/U1PermitCtl/U3355/Y (OAI22X4)     0.22     0.20     1.87 f
  U0ReadChannel/U2ReadChannelsi/U0ReadChannelsi/U1PermitCtl/U3352/Y (OAI21X4)     0.20     0.19     2.06 r
  U0ReadChannel/U2ReadChannelsi/U0ReadChannelsi/U1PermitCtl/U3332/Y (NAND4X4)     0.36     0.26     2.31 f
  U0ReadChannel/U2ReadChannelsi/U0ReadChannelsi/U1PermitCtl/CtlData2writech[0] (PermitCtl_5)     0.00     2.31 f
  U0ReadChannel/U2ReadChannelsi/U0ReadChannelsi/U277/Y (NAND2X4)     0.25     0.22     2.53 r
  U0ReadChannel/U2ReadChannelsi/U0ReadChannelsi/U276/Y (NOR2X4)     0.09     0.06     2.60 f
  U0ReadChannel/U2ReadChannelsi/U0ReadChannelsi/ARVALIDsi2mi[1] (ReadChannelsi_1)     0.00     2.60 f
  U0ReadChannel/U2ReadChannelsi/ARVALIDsi2mi[1] (ReadChannelsi_RS_1)     0.00     2.60 f
  U0ReadChannel/U1ReadChannelmi/ARVALIDsi2mi[2] (ReadChannelmi_RS_4)     0.00     2.60 f
  U0ReadChannel/U1ReadChannelmi/U0ReadChannelmi/ARVALIDsi2mi[2] (ReadChannelmi_4)     0.00     2.60 f
  U0ReadChannel/U1ReadChannelmi/U0ReadChannelmi/U428/Y (AOI22X2)     0.24     0.19     2.79 r
  U0ReadChannel/U1ReadChannelmi/U0ReadChannelmi/U427/Y (OAI221X2)     0.28     0.22     3.01 f
  U0ReadChannel/U1ReadChannelmi/U0ReadChannelmi/U0LockCtlRdmi/AVALID (LockCtlRdmi_4)     0.00     3.01 f
  U0ReadChannel/U1ReadChannelmi/U0ReadChannelmi/U0LockCtlRdmi/U79/Y (NAND3BX2)     0.23     0.20     3.22 r
  U0ReadChannel/U1ReadChannelmi/U0ReadChannelmi/U0LockCtlRdmi/U80/Y (INVX4)     0.13     0.11     3.33 f
  U0ReadChannel/U1ReadChannelmi/U0ReadChannelmi/U0LockCtlRdmi/Lock_out (LockCtlRdmi_4)     0.00     3.33 f
  U0ReadChannel/U1ReadChannelmi/U0ReadChannelmi/Lock2Wrmi (ReadChannelmi_4)     0.00     3.33 f
  U0ReadChannel/U1ReadChannelmi/Lock2Wrmi (ReadChannelmi_RS_4)     0.00     3.33 f
  U0ReadChannel/Lock2wrmi1 (ReadChannel)                  0.00       3.33 f
  U0WriteChannel/Lock2wrmi1 (WriteChannel)                0.00       3.33 f
  U0WriteChannel/U1WriteChannelmi/Lock2Wrmi (WriteChannelmi_RS_4)     0.00     3.33 f
  U0WriteChannel/U1WriteChannelmi/U0WriteChannelmi/Lock2Wrmi (WriteChannelmi_4)     0.00     3.33 f
  U0WriteChannel/U1WriteChannelmi/U0WriteChannelmi/U0LockCtlWrmi/Lock_in (LockCtlWrmi_4)     0.00     3.33 f
  U0WriteChannel/U1WriteChannelmi/U0WriteChannelmi/U0LockCtlWrmi/U112/Y (NAND2X4)     0.14     0.10     3.43 r
  U0WriteChannel/U1WriteChannelmi/U0WriteChannelmi/U0LockCtlWrmi/U110/Y (NAND2X4)     0.06     0.05     3.48 f
  U0WriteChannel/U1WriteChannelmi/U0WriteChannelmi/U0LockCtlWrmi/U100/Y (NAND3BX4)     0.09     0.16     3.64 f
  U0WriteChannel/U1WriteChannelmi/U0WriteChannelmi/U0LockCtlWrmi/EnAMUXn (LockCtlWrmi_4)     0.00     3.64 f
  U0WriteChannel/U1WriteChannelmi/U0WriteChannelmi/U664/Y (OR4X1)     0.40     0.75     4.39 f
  U0WriteChannel/U1WriteChannelmi/U0WriteChannelmi/U640/Y (OR2X4)     0.12     0.31     4.70 f
  U0WriteChannel/U1WriteChannelmi/U0WriteChannelmi/U636/Y (OR2X4)     0.06     0.22     4.92 f
  U0WriteChannel/U1WriteChannelmi/U0WriteChannelmi/U903/Y (INVX2)     0.27     0.17     5.09 r
  U0WriteChannel/U1WriteChannelmi/U0WriteChannelmi/U875/Y (BUFX3)     0.31     0.29     5.38 r
  U0WriteChannel/U1WriteChannelmi/U0WriteChannelmi/U893/Y (AND2X2)     0.11     0.19     5.57 r
  U0WriteChannel/U1WriteChannelmi/U0WriteChannelmi/U463/Y (OR4X4)     0.12     0.21     5.78 r
  U0WriteChannel/U1WriteChannelmi/U0WriteChannelmi/AWCACHEmi2s[0] (WriteChannelmi_4)     0.00     5.78 r
  U0WriteChannel/U1WriteChannelmi/AWmi0_fully_registered/INFORMATION_S[3] (AWmi_fully_registered_4)     0.00     5.78 r
  U0WriteChannel/U1WriteChannelmi/AWmi0_fully_registered/U446/Y (INVX8)     0.04     0.04     5.82 f
  U0WriteChannel/U1WriteChannelmi/AWmi0_fully_registered/U445/Y (OAI222X4)     0.06     0.51     6.33 r
  U0WriteChannel/U1WriteChannelmi/AWmi0_fully_registered/INFORMATION_0_reg_3_/D (DFFRX4)     0.06     0.00     6.33 r
  data arrival time                                                  6.33

  clock ACLK (rise edge)                                  7.50       7.50
  clock network delay (ideal)                             0.00       7.50
  clock uncertainty                                      -1.05       6.45
  U0WriteChannel/U1WriteChannelmi/AWmi0_fully_registered/INFORMATION_0_reg_3_/CK (DFFRX4)     0.00     6.45 r
  library setup time                                     -0.12       6.33
  data required time                                                 6.33
  --------------------------------------------------------------------------
  data required time                                                 6.33
  data arrival time                                                 -6.33
  --------------------------------------------------------------------------
  slack (MET)                                                        0.00


  Startpoint: U0ReadChannel/U2ReadChannelsi/AR0_fully_registered/INFORMATION_0_reg_52_
              (rising edge-triggered flip-flop clocked by ACLK)
  Endpoint: U0WriteChannel/U1WriteChannelmi/AWmi0_fully_registered/INFORMATION_0_reg_18_
            (rising edge-triggered flip-flop clocked by ACLK)
  Path Group: ACLK
  Path Type: max

  Point                                        Trans      Incr       Path
  --------------------------------------------------------------------------
  clock ACLK (rise edge)                                  0.00       0.00
  clock network delay (ideal)                             0.00       0.00
  U0ReadChannel/U2ReadChannelsi/AR0_fully_registered/INFORMATION_0_reg_52_/CK (DFFRX4)     0.40     0.00 #     0.00 r
  U0ReadChannel/U2ReadChannelsi/AR0_fully_registered/INFORMATION_0_reg_52_/Q (DFFRX4)     0.48     0.90     0.90 r
  U0ReadChannel/U2ReadChannelsi/AR0_fully_registered/INFORMATION_R[52] (AR_fully_registered_1)     0.00     0.90 r
  U0ReadChannel/U2ReadChannelsi/U0ReadChannelsi/ARIDm2si[2] (ReadChannelsi_1)     0.00     0.90 r
  U0ReadChannel/U2ReadChannelsi/U0ReadChannelsi/U1PermitCtl/SID[2] (PermitCtl_5)     0.00     0.90 r
  U0ReadChannel/U2ReadChannelsi/U0ReadChannelsi/U1PermitCtl/U3373/Y (INVX8)     0.08     0.05     0.95 f
  U0ReadChannel/U2ReadChannelsi/U0ReadChannelsi/U1PermitCtl/U3405/Y (NAND2X1)     0.18     0.13     1.08 r
  U0ReadChannel/U2ReadChannelsi/U0ReadChannelsi/U1PermitCtl/U3403/Y (BUFX3)     0.88     0.59     1.67 r
  U0ReadChannel/U2ReadChannelsi/U0ReadChannelsi/U1PermitCtl/U3355/Y (OAI22X4)     0.22     0.20     1.87 f
  U0ReadChannel/U2ReadChannelsi/U0ReadChannelsi/U1PermitCtl/U3352/Y (OAI21X4)     0.20     0.19     2.06 r
  U0ReadChannel/U2ReadChannelsi/U0ReadChannelsi/U1PermitCtl/U3332/Y (NAND4X4)     0.36     0.26     2.31 f
  U0ReadChannel/U2ReadChannelsi/U0ReadChannelsi/U1PermitCtl/CtlData2writech[0] (PermitCtl_5)     0.00     2.31 f
  U0ReadChannel/U2ReadChannelsi/U0ReadChannelsi/U277/Y (NAND2X4)     0.25     0.22     2.53 r
  U0ReadChannel/U2ReadChannelsi/U0ReadChannelsi/U276/Y (NOR2X4)     0.09     0.06     2.60 f
  U0ReadChannel/U2ReadChannelsi/U0ReadChannelsi/ARVALIDsi2mi[1] (ReadChannelsi_1)     0.00     2.60 f
  U0ReadChannel/U2ReadChannelsi/ARVALIDsi2mi[1] (ReadChannelsi_RS_1)     0.00     2.60 f
  U0ReadChannel/U1ReadChannelmi/ARVALIDsi2mi[2] (ReadChannelmi_RS_4)     0.00     2.60 f
  U0ReadChannel/U1ReadChannelmi/U0ReadChannelmi/ARVALIDsi2mi[2] (ReadChannelmi_4)     0.00     2.60 f
  U0ReadChannel/U1ReadChannelmi/U0ReadChannelmi/U428/Y (AOI22X2)     0.24     0.19     2.79 r
  U0ReadChannel/U1ReadChannelmi/U0ReadChannelmi/U427/Y (OAI221X2)     0.28     0.22     3.01 f
  U0ReadChannel/U1ReadChannelmi/U0ReadChannelmi/U0LockCtlRdmi/AVALID (LockCtlRdmi_4)     0.00     3.01 f
  U0ReadChannel/U1ReadChannelmi/U0ReadChannelmi/U0LockCtlRdmi/U79/Y (NAND3BX2)     0.23     0.20     3.22 r
  U0ReadChannel/U1ReadChannelmi/U0ReadChannelmi/U0LockCtlRdmi/U80/Y (INVX4)     0.13     0.11     3.33 f
  U0ReadChannel/U1ReadChannelmi/U0ReadChannelmi/U0LockCtlRdmi/Lock_out (LockCtlRdmi_4)     0.00     3.33 f
  U0ReadChannel/U1ReadChannelmi/U0ReadChannelmi/Lock2Wrmi (ReadChannelmi_4)     0.00     3.33 f
  U0ReadChannel/U1ReadChannelmi/Lock2Wrmi (ReadChannelmi_RS_4)     0.00     3.33 f
  U0ReadChannel/Lock2wrmi1 (ReadChannel)                  0.00       3.33 f
  U0WriteChannel/Lock2wrmi1 (WriteChannel)                0.00       3.33 f
  U0WriteChannel/U1WriteChannelmi/Lock2Wrmi (WriteChannelmi_RS_4)     0.00     3.33 f
  U0WriteChannel/U1WriteChannelmi/U0WriteChannelmi/Lock2Wrmi (WriteChannelmi_4)     0.00     3.33 f
  U0WriteChannel/U1WriteChannelmi/U0WriteChannelmi/U0LockCtlWrmi/Lock_in (LockCtlWrmi_4)     0.00     3.33 f
  U0WriteChannel/U1WriteChannelmi/U0WriteChannelmi/U0LockCtlWrmi/U112/Y (NAND2X4)     0.14     0.10     3.43 r
  U0WriteChannel/U1WriteChannelmi/U0WriteChannelmi/U0LockCtlWrmi/U110/Y (NAND2X4)     0.06     0.05     3.48 f
  U0WriteChannel/U1WriteChannelmi/U0WriteChannelmi/U0LockCtlWrmi/U100/Y (NAND3BX4)     0.09     0.16     3.64 f
  U0WriteChannel/U1WriteChannelmi/U0WriteChannelmi/U0LockCtlWrmi/EnAMUXn (LockCtlWrmi_4)     0.00     3.64 f
  U0WriteChannel/U1WriteChannelmi/U0WriteChannelmi/U664/Y (OR4X1)     0.40     0.75     4.39 f
  U0WriteChannel/U1WriteChannelmi/U0WriteChannelmi/U640/Y (OR2X4)     0.12     0.31     4.70 f
  U0WriteChannel/U1WriteChannelmi/U0WriteChannelmi/U636/Y (OR2X4)     0.06     0.22     4.92 f
  U0WriteChannel/U1WriteChannelmi/U0WriteChannelmi/U903/Y (INVX2)     0.27     0.17     5.09 r
  U0WriteChannel/U1WriteChannelmi/U0WriteChannelmi/U875/Y (BUFX3)     0.31     0.29     5.38 r
  U0WriteChannel/U1WriteChannelmi/U0WriteChannelmi/U891/Y (AND2X2)     0.11     0.19     5.57 r
  U0WriteChannel/U1WriteChannelmi/U0WriteChannelmi/U633/Y (OR4X4)     0.12     0.21     5.78 r
  U0WriteChannel/U1WriteChannelmi/U0WriteChannelmi/AWADDRmi2s[0] (WriteChannelmi_4)     0.00     5.78 r
  U0WriteChannel/U1WriteChannelmi/AWmi0_fully_registered/INFORMATION_S[18] (AWmi_fully_registered_4)     0.00     5.78 r
  U0WriteChannel/U1WriteChannelmi/AWmi0_fully_registered/U518/Y (INVX8)     0.04     0.04     5.82 f
  U0WriteChannel/U1WriteChannelmi/AWmi0_fully_registered/U517/Y (OAI222X4)     0.06     0.51     6.33 r
  U0WriteChannel/U1WriteChannelmi/AWmi0_fully_registered/INFORMATION_0_reg_18_/D (DFFRX4)     0.06     0.00     6.33 r
  data arrival time                                                  6.33

  clock ACLK (rise edge)                                  7.50       7.50
  clock network delay (ideal)                             0.00       7.50
  clock uncertainty                                      -1.05       6.45
  U0WriteChannel/U1WriteChannelmi/AWmi0_fully_registered/INFORMATION_0_reg_18_/CK (DFFRX4)     0.00     6.45 r
  library setup time                                     -0.12       6.33
  data required time                                                 6.33
  --------------------------------------------------------------------------
  data required time                                                 6.33
  data arrival time                                                 -6.33
  --------------------------------------------------------------------------
  slack (MET)                                                        0.00


  Startpoint: U0ReadChannel/U2ReadChannelsi/AR0_fully_registered/INFORMATION_0_reg_52_
              (rising edge-triggered flip-flop clocked by ACLK)
  Endpoint: U0WriteChannel/U1WriteChannelmi/AWmi0_fully_registered/INFORMATION_0_reg_12_
            (rising edge-triggered flip-flop clocked by ACLK)
  Path Group: ACLK
  Path Type: max

  Point                                        Trans      Incr       Path
  --------------------------------------------------------------------------
  clock ACLK (rise edge)                                  0.00       0.00
  clock network delay (ideal)                             0.00       0.00
  U0ReadChannel/U2ReadChannelsi/AR0_fully_registered/INFORMATION_0_reg_52_/CK (DFFRX4)     0.40     0.00 #     0.00 r
  U0ReadChannel/U2ReadChannelsi/AR0_fully_registered/INFORMATION_0_reg_52_/Q (DFFRX4)     0.48     0.90     0.90 r
  U0ReadChannel/U2ReadChannelsi/AR0_fully_registered/INFORMATION_R[52] (AR_fully_registered_1)     0.00     0.90 r
  U0ReadChannel/U2ReadChannelsi/U0ReadChannelsi/ARIDm2si[2] (ReadChannelsi_1)     0.00     0.90 r
  U0ReadChannel/U2ReadChannelsi/U0ReadChannelsi/U1PermitCtl/SID[2] (PermitCtl_5)     0.00     0.90 r
  U0ReadChannel/U2ReadChannelsi/U0ReadChannelsi/U1PermitCtl/U3373/Y (INVX8)     0.08     0.05     0.95 f
  U0ReadChannel/U2ReadChannelsi/U0ReadChannelsi/U1PermitCtl/U3405/Y (NAND2X1)     0.18     0.13     1.08 r
  U0ReadChannel/U2ReadChannelsi/U0ReadChannelsi/U1PermitCtl/U3403/Y (BUFX3)     0.88     0.59     1.67 r
  U0ReadChannel/U2ReadChannelsi/U0ReadChannelsi/U1PermitCtl/U3355/Y (OAI22X4)     0.22     0.20     1.87 f
  U0ReadChannel/U2ReadChannelsi/U0ReadChannelsi/U1PermitCtl/U3352/Y (OAI21X4)     0.20     0.19     2.06 r
  U0ReadChannel/U2ReadChannelsi/U0ReadChannelsi/U1PermitCtl/U3332/Y (NAND4X4)     0.36     0.26     2.31 f
  U0ReadChannel/U2ReadChannelsi/U0ReadChannelsi/U1PermitCtl/CtlData2writech[0] (PermitCtl_5)     0.00     2.31 f
  U0ReadChannel/U2ReadChannelsi/U0ReadChannelsi/U277/Y (NAND2X4)     0.25     0.22     2.53 r
  U0ReadChannel/U2ReadChannelsi/U0ReadChannelsi/U276/Y (NOR2X4)     0.09     0.06     2.60 f
  U0ReadChannel/U2ReadChannelsi/U0ReadChannelsi/ARVALIDsi2mi[1] (ReadChannelsi_1)     0.00     2.60 f
  U0ReadChannel/U2ReadChannelsi/ARVALIDsi2mi[1] (ReadChannelsi_RS_1)     0.00     2.60 f
  U0ReadChannel/U1ReadChannelmi/ARVALIDsi2mi[2] (ReadChannelmi_RS_4)     0.00     2.60 f
  U0ReadChannel/U1ReadChannelmi/U0ReadChannelmi/ARVALIDsi2mi[2] (ReadChannelmi_4)     0.00     2.60 f
  U0ReadChannel/U1ReadChannelmi/U0ReadChannelmi/U428/Y (AOI22X2)     0.24     0.19     2.79 r
  U0ReadChannel/U1ReadChannelmi/U0ReadChannelmi/U427/Y (OAI221X2)     0.28     0.22     3.01 f
  U0ReadChannel/U1ReadChannelmi/U0ReadChannelmi/U0LockCtlRdmi/AVALID (LockCtlRdmi_4)     0.00     3.01 f
  U0ReadChannel/U1ReadChannelmi/U0ReadChannelmi/U0LockCtlRdmi/U79/Y (NAND3BX2)     0.23     0.20     3.22 r
  U0ReadChannel/U1ReadChannelmi/U0ReadChannelmi/U0LockCtlRdmi/U80/Y (INVX4)     0.13     0.11     3.33 f
  U0ReadChannel/U1ReadChannelmi/U0ReadChannelmi/U0LockCtlRdmi/Lock_out (LockCtlRdmi_4)     0.00     3.33 f
  U0ReadChannel/U1ReadChannelmi/U0ReadChannelmi/Lock2Wrmi (ReadChannelmi_4)     0.00     3.33 f
  U0ReadChannel/U1ReadChannelmi/Lock2Wrmi (ReadChannelmi_RS_4)     0.00     3.33 f
  U0ReadChannel/Lock2wrmi1 (ReadChannel)                  0.00       3.33 f
  U0WriteChannel/Lock2wrmi1 (WriteChannel)                0.00       3.33 f
  U0WriteChannel/U1WriteChannelmi/Lock2Wrmi (WriteChannelmi_RS_4)     0.00     3.33 f
  U0WriteChannel/U1WriteChannelmi/U0WriteChannelmi/Lock2Wrmi (WriteChannelmi_4)     0.00     3.33 f
  U0WriteChannel/U1WriteChannelmi/U0WriteChannelmi/U0LockCtlWrmi/Lock_in (LockCtlWrmi_4)     0.00     3.33 f
  U0WriteChannel/U1WriteChannelmi/U0WriteChannelmi/U0LockCtlWrmi/U112/Y (NAND2X4)     0.14     0.10     3.43 r
  U0WriteChannel/U1WriteChannelmi/U0WriteChannelmi/U0LockCtlWrmi/U110/Y (NAND2X4)     0.06     0.05     3.48 f
  U0WriteChannel/U1WriteChannelmi/U0WriteChannelmi/U0LockCtlWrmi/U100/Y (NAND3BX4)     0.09     0.16     3.64 f
  U0WriteChannel/U1WriteChannelmi/U0WriteChannelmi/U0LockCtlWrmi/EnAMUXn (LockCtlWrmi_4)     0.00     3.64 f
  U0WriteChannel/U1WriteChannelmi/U0WriteChannelmi/U664/Y (OR4X1)     0.40     0.75     4.39 f
  U0WriteChannel/U1WriteChannelmi/U0WriteChannelmi/U640/Y (OR2X4)     0.12     0.31     4.70 f
  U0WriteChannel/U1WriteChannelmi/U0WriteChannelmi/U636/Y (OR2X4)     0.06     0.22     4.92 f
  U0WriteChannel/U1WriteChannelmi/U0WriteChannelmi/U903/Y (INVX2)     0.27     0.17     5.09 r
  U0WriteChannel/U1WriteChannelmi/U0WriteChannelmi/U876/Y (BUFX3)     0.31     0.29     5.38 r
  U0WriteChannel/U1WriteChannelmi/U0WriteChannelmi/U895/Y (AND2X2)     0.11     0.19     5.57 r
  U0WriteChannel/U1WriteChannelmi/U0WriteChannelmi/U352/Y (OR4X4)     0.12     0.21     5.78 r
  U0WriteChannel/U1WriteChannelmi/U0WriteChannelmi/AWSIZEmi2s[1] (WriteChannelmi_4)     0.00     5.78 r
  U0WriteChannel/U1WriteChannelmi/AWmi0_fully_registered/INFORMATION_S[12] (AWmi_fully_registered_4)     0.00     5.78 r
  U0WriteChannel/U1WriteChannelmi/AWmi0_fully_registered/U536/Y (INVX8)     0.04     0.04     5.82 f
  U0WriteChannel/U1WriteChannelmi/AWmi0_fully_registered/U535/Y (OAI222X4)     0.06     0.51     6.33 r
  U0WriteChannel/U1WriteChannelmi/AWmi0_fully_registered/INFORMATION_0_reg_12_/D (DFFRX4)     0.06     0.00     6.33 r
  data arrival time                                                  6.33

  clock ACLK (rise edge)                                  7.50       7.50
  clock network delay (ideal)                             0.00       7.50
  clock uncertainty                                      -1.05       6.45
  U0WriteChannel/U1WriteChannelmi/AWmi0_fully_registered/INFORMATION_0_reg_12_/CK (DFFRX4)     0.00     6.45 r
  library setup time                                     -0.12       6.33
  data required time                                                 6.33
  --------------------------------------------------------------------------
  data required time                                                 6.33
  data arrival time                                                 -6.33
  --------------------------------------------------------------------------
  slack (MET)                                                        0.00


  Startpoint: U0WriteChannel/U1WriteChannelsi/AW0_fully_registered/INFORMATION_0_reg_52_
              (rising edge-triggered flip-flop clocked by ACLK)
  Endpoint: U0ReadChannel/U3ReadChannelsi/U0ReadChannelsi/U1PermitCtl/ID2SlaveCnt_reg_1_
            (rising edge-triggered flip-flop clocked by ACLK)
  Path Group: ACLK
  Path Type: max

  Point                                        Trans      Incr       Path
  --------------------------------------------------------------------------
  clock ACLK (rise edge)                                  0.00       0.00
  clock network delay (ideal)                             0.00       0.00
  U0WriteChannel/U1WriteChannelsi/AW0_fully_registered/INFORMATION_0_reg_52_/CK (DFFRX4)     0.40     0.00 #     0.00 r
  U0WriteChannel/U1WriteChannelsi/AW0_fully_registered/INFORMATION_0_reg_52_/Q (DFFRX4)     0.58     0.95     0.95 r
  U0WriteChannel/U1WriteChannelsi/AW0_fully_registered/INFORMATION_R[52] (AW_fully_registered_2)     0.00     0.95 r
  U0WriteChannel/U1WriteChannelsi/U0WriteChannelsi/AWIDm2si[2] (WriteChannelsi_2)     0.00     0.95 r
  U0WriteChannel/U1WriteChannelsi/U0WriteChannelsi/U0PermitCtl/SID[2] (PermitCtl_2)     0.00     0.95 r
  U0WriteChannel/U1WriteChannelsi/U0WriteChannelsi/U0PermitCtl/U3194/Y (NAND2X1)     0.18     0.14     1.09 f
  U0WriteChannel/U1WriteChannelsi/U0WriteChannelsi/U0PermitCtl/U3192/Y (BUFX4)     0.41     0.40     1.49 f
  U0WriteChannel/U1WriteChannelsi/U0WriteChannelsi/U0PermitCtl/U3008/Y (NOR2X4)     0.18     0.17     1.66 r
  U0WriteChannel/U1WriteChannelsi/U0WriteChannelsi/U0PermitCtl/U3006/Y (NAND4X4)     0.29     0.22     1.88 f
  U0WriteChannel/U1WriteChannelsi/U0WriteChannelsi/U0PermitCtl/U2995/Y (NAND4X4)     0.20     0.16     2.04 r
  U0WriteChannel/U1WriteChannelsi/U0WriteChannelsi/U0PermitCtl/U2973/Y (NOR2X4)     0.08     0.06     2.11 f
  U0WriteChannel/U1WriteChannelsi/U0WriteChannelsi/U0PermitCtl/U2971/Y (AOI21X4)     0.15     0.15     2.25 r
  U0WriteChannel/U1WriteChannelsi/U0WriteChannelsi/U0PermitCtl/CtlData2writech[3] (PermitCtl_2)     0.00     2.25 r
  U0WriteChannel/U1WriteChannelsi/U0WriteChannelsi/U167/Y (INVX2)     0.06     0.05     2.30 f
  U0WriteChannel/U1WriteChannelsi/U0WriteChannelsi/U149/Y (OR3X4)     0.09     0.24     2.54 f
  U0WriteChannel/U1WriteChannelsi/U0WriteChannelsi/U164/Y (INVX4)     0.10     0.08     2.62 r
  U0WriteChannel/U1WriteChannelsi/U0WriteChannelsi/U145/Y (AND3X4)     0.12     0.22     2.83 r
  U0WriteChannel/U1WriteChannelsi/U0WriteChannelsi/AWVALIDsi2mi[2] (WriteChannelsi_2)     0.00     2.83 r
  U0WriteChannel/U1WriteChannelsi/AWVALIDsi2mi[2] (WriteChannelsi_RS_2)     0.00     2.83 r
  U0WriteChannel/U2WriteChannelmi/AWVALIDsi2mi[1] (WriteChannelmi_RS_3)     0.00     2.83 r
  U0WriteChannel/U2WriteChannelmi/U0WriteChannelmi/AWVALIDsi2mi[1] (WriteChannelmi_3)     0.00     2.83 r
  U0WriteChannel/U2WriteChannelmi/U0WriteChannelmi/U671/Y (NAND2X4)     0.11     0.09     2.92 f
  U0WriteChannel/U2WriteChannelmi/U0WriteChannelmi/U670/Y (NAND3X4)     0.22     0.17     3.09 r
  U0WriteChannel/U2WriteChannelmi/U0WriteChannelmi/U669/Y (INVX8)     0.06     0.05     3.14 f
  U0WriteChannel/U2WriteChannelmi/U0WriteChannelmi/U665/Y (AOI21X4)     0.41     0.27     3.41 r
  U0WriteChannel/U2WriteChannelmi/U0WriteChannelmi/U0LockCtlWrmi/AVALID (LockCtlWrmi_3)     0.00     3.41 r
  U0WriteChannel/U2WriteChannelmi/U0WriteChannelmi/U0LockCtlWrmi/U106/Y (NAND3X4)     0.30     0.23     3.64 f
  U0WriteChannel/U2WriteChannelmi/U0WriteChannelmi/U0LockCtlWrmi/U96/Y (INVX8)     0.16     0.14     3.78 r
  U0WriteChannel/U2WriteChannelmi/U0WriteChannelmi/U0LockCtlWrmi/Lock_out (LockCtlWrmi_3)     0.00     3.78 r
  U0WriteChannel/U2WriteChannelmi/U0WriteChannelmi/Lock2Rdmi (WriteChannelmi_3)     0.00     3.78 r
  U0WriteChannel/U2WriteChannelmi/Lock2Rdmi (WriteChannelmi_RS_3)     0.00     3.78 r
  U0WriteChannel/Lock2rdmi2 (WriteChannel)                0.00       3.78 r
  U0ReadChannel/Lock2rdmi2 (ReadChannel)                  0.00       3.78 r
  U0ReadChannel/U2ReadChannelmi/Lock2Rdmi (ReadChannelmi_RS_3)     0.00     3.78 r
  U0ReadChannel/U2ReadChannelmi/U0ReadChannelmi/Lock2Rdmi (ReadChannelmi_3)     0.00     3.78 r
  U0ReadChannel/U2ReadChannelmi/U0ReadChannelmi/U0LockCtlRdmi/Lock_in (LockCtlRdmi_3)     0.00     3.78 r
  U0ReadChannel/U2ReadChannelmi/U0ReadChannelmi/U0LockCtlRdmi/U99/Y (INVX8)     0.05     0.05     3.83 f
  U0ReadChannel/U2ReadChannelmi/U0ReadChannelmi/U0LockCtlRdmi/U98/Y (NAND3X4)     0.22     0.15     3.98 r
  U0ReadChannel/U2ReadChannelmi/U0ReadChannelmi/U0LockCtlRdmi/U96/Y (NAND2X4)     0.09     0.07     4.05 f
  U0ReadChannel/U2ReadChannelmi/U0ReadChannelmi/U0LockCtlRdmi/U92/Y (NOR2X4)     0.13     0.10     4.15 r
  U0ReadChannel/U2ReadChannelmi/U0ReadChannelmi/U0LockCtlRdmi/U91/Y (NAND2X4)     0.12     0.10     4.25 f
  U0ReadChannel/U2ReadChannelmi/U0ReadChannelmi/U0LockCtlRdmi/EnAMUXn (LockCtlRdmi_3)     0.00     4.25 f
  U0ReadChannel/U2ReadChannelmi/U0ReadChannelmi/U885/Y (BUFX8)     0.10     0.18     4.43 f
  U0ReadChannel/U2ReadChannelmi/U0ReadChannelmi/U535/Y (INVX8)     0.07     0.06     4.49 r
  U0ReadChannel/U2ReadChannelmi/U0ReadChannelmi/U470/Y (NOR3BX4)     0.30     0.23     4.73 r
  U0ReadChannel/U2ReadChannelmi/U0ReadChannelmi/ARREADYmi2si[3] (ReadChannelmi_3)     0.00     4.73 r
  U0ReadChannel/U2ReadChannelmi/ARREADYmi2si[3] (ReadChannelmi_RS_3)     0.00     4.73 r
  U0ReadChannel/U3ReadChannelsi/ARREADYmi2si[2] (ReadChannelsi_RS_0)     0.00     4.73 r
  U0ReadChannel/U3ReadChannelsi/U0ReadChannelsi/ARREADYmi2si[2] (ReadChannelsi_0)     0.00     4.73 r
  U0ReadChannel/U3ReadChannelsi/U0ReadChannelsi/U257/Y (INVX8)     0.06     0.04     4.77 f
  U0ReadChannel/U3ReadChannelsi/U0ReadChannelsi/U256/Y (NAND2X4)     0.11     0.09     4.85 r
  U0ReadChannel/U3ReadChannelsi/U0ReadChannelsi/U252/Y (NAND3X4)     0.12     0.09     4.94 f
  U0ReadChannel/U3ReadChannelsi/U0ReadChannelsi/U245/Y (NAND4BX4)     0.18     0.11     5.05 r
  U0ReadChannel/U3ReadChannelsi/U0ReadChannelsi/U288/Y (BUFX8)     0.32     0.27     5.33 r
  U0ReadChannel/U3ReadChannelsi/U0ReadChannelsi/U1PermitCtl/AREADY (PermitCtl_4)     0.00     5.33 r
  U0ReadChannel/U3ReadChannelsi/U0ReadChannelsi/U1PermitCtl/U3377/Y (BUFX8)     0.22     0.23     5.56 r
  U0ReadChannel/U3ReadChannelsi/U0ReadChannelsi/U1PermitCtl/U3401/Y (NAND3BX1)     0.22     0.18     5.74 f
  U0ReadChannel/U3ReadChannelsi/U0ReadChannelsi/U1PermitCtl/U2946/Y (OAI21X4)     0.25     0.13     5.87 r
  U0ReadChannel/U3ReadChannelsi/U0ReadChannelsi/U1PermitCtl/U2945/Y (OAI21X4)     0.22     0.18     6.05 f
  U0ReadChannel/U3ReadChannelsi/U0ReadChannelsi/U1PermitCtl/U2923/Y (NAND2BX4)     0.12     0.12     6.17 r
  U0ReadChannel/U3ReadChannelsi/U0ReadChannelsi/U1PermitCtl/U2921/Y (NAND3X4)     0.08     0.07     6.24 f
  U0ReadChannel/U3ReadChannelsi/U0ReadChannelsi/U1PermitCtl/ID2SlaveCnt_reg_1_/D (DFFRX4)     0.08     0.00     6.24 f
  data arrival time                                                  6.24

  clock ACLK (rise edge)                                  7.50       7.50
  clock network delay (ideal)                             0.00       7.50
  clock uncertainty                                      -1.05       6.45
  U0ReadChannel/U3ReadChannelsi/U0ReadChannelsi/U1PermitCtl/ID2SlaveCnt_reg_1_/CK (DFFRX4)     0.00     6.45 r
  library setup time                                     -0.20       6.25
  data required time                                                 6.25
  --------------------------------------------------------------------------
  data required time                                                 6.25
  data arrival time                                                 -6.24
  --------------------------------------------------------------------------
  slack (MET)                                                        0.00


  Startpoint: U0WriteChannel/U1WriteChannelsi/AW0_fully_registered/INFORMATION_0_reg_52_
              (rising edge-triggered flip-flop clocked by ACLK)
  Endpoint: U0ReadChannel/U3ReadChannelsi/U0ReadChannelsi/U1PermitCtl/ID2SlaveCnt_reg_4_
            (rising edge-triggered flip-flop clocked by ACLK)
  Path Group: ACLK
  Path Type: max

  Point                                        Trans      Incr       Path
  --------------------------------------------------------------------------
  clock ACLK (rise edge)                                  0.00       0.00
  clock network delay (ideal)                             0.00       0.00
  U0WriteChannel/U1WriteChannelsi/AW0_fully_registered/INFORMATION_0_reg_52_/CK (DFFRX4)     0.40     0.00 #     0.00 r
  U0WriteChannel/U1WriteChannelsi/AW0_fully_registered/INFORMATION_0_reg_52_/Q (DFFRX4)     0.58     0.95     0.95 r
  U0WriteChannel/U1WriteChannelsi/AW0_fully_registered/INFORMATION_R[52] (AW_fully_registered_2)     0.00     0.95 r
  U0WriteChannel/U1WriteChannelsi/U0WriteChannelsi/AWIDm2si[2] (WriteChannelsi_2)     0.00     0.95 r
  U0WriteChannel/U1WriteChannelsi/U0WriteChannelsi/U0PermitCtl/SID[2] (PermitCtl_2)     0.00     0.95 r
  U0WriteChannel/U1WriteChannelsi/U0WriteChannelsi/U0PermitCtl/U3194/Y (NAND2X1)     0.18     0.14     1.09 f
  U0WriteChannel/U1WriteChannelsi/U0WriteChannelsi/U0PermitCtl/U3192/Y (BUFX4)     0.41     0.40     1.49 f
  U0WriteChannel/U1WriteChannelsi/U0WriteChannelsi/U0PermitCtl/U3008/Y (NOR2X4)     0.18     0.17     1.66 r
  U0WriteChannel/U1WriteChannelsi/U0WriteChannelsi/U0PermitCtl/U3006/Y (NAND4X4)     0.29     0.22     1.88 f
  U0WriteChannel/U1WriteChannelsi/U0WriteChannelsi/U0PermitCtl/U2995/Y (NAND4X4)     0.20     0.16     2.04 r
  U0WriteChannel/U1WriteChannelsi/U0WriteChannelsi/U0PermitCtl/U2973/Y (NOR2X4)     0.08     0.06     2.11 f
  U0WriteChannel/U1WriteChannelsi/U0WriteChannelsi/U0PermitCtl/U2971/Y (AOI21X4)     0.15     0.15     2.25 r
  U0WriteChannel/U1WriteChannelsi/U0WriteChannelsi/U0PermitCtl/CtlData2writech[3] (PermitCtl_2)     0.00     2.25 r
  U0WriteChannel/U1WriteChannelsi/U0WriteChannelsi/U167/Y (INVX2)     0.06     0.05     2.30 f
  U0WriteChannel/U1WriteChannelsi/U0WriteChannelsi/U149/Y (OR3X4)     0.09     0.24     2.54 f
  U0WriteChannel/U1WriteChannelsi/U0WriteChannelsi/U164/Y (INVX4)     0.10     0.08     2.62 r
  U0WriteChannel/U1WriteChannelsi/U0WriteChannelsi/U145/Y (AND3X4)     0.12     0.22     2.83 r
  U0WriteChannel/U1WriteChannelsi/U0WriteChannelsi/AWVALIDsi2mi[2] (WriteChannelsi_2)     0.00     2.83 r
  U0WriteChannel/U1WriteChannelsi/AWVALIDsi2mi[2] (WriteChannelsi_RS_2)     0.00     2.83 r
  U0WriteChannel/U2WriteChannelmi/AWVALIDsi2mi[1] (WriteChannelmi_RS_3)     0.00     2.83 r
  U0WriteChannel/U2WriteChannelmi/U0WriteChannelmi/AWVALIDsi2mi[1] (WriteChannelmi_3)     0.00     2.83 r
  U0WriteChannel/U2WriteChannelmi/U0WriteChannelmi/U671/Y (NAND2X4)     0.11     0.09     2.92 f
  U0WriteChannel/U2WriteChannelmi/U0WriteChannelmi/U670/Y (NAND3X4)     0.22     0.17     3.09 r
  U0WriteChannel/U2WriteChannelmi/U0WriteChannelmi/U669/Y (INVX8)     0.06     0.05     3.14 f
  U0WriteChannel/U2WriteChannelmi/U0WriteChannelmi/U665/Y (AOI21X4)     0.41     0.27     3.41 r
  U0WriteChannel/U2WriteChannelmi/U0WriteChannelmi/U0LockCtlWrmi/AVALID (LockCtlWrmi_3)     0.00     3.41 r
  U0WriteChannel/U2WriteChannelmi/U0WriteChannelmi/U0LockCtlWrmi/U106/Y (NAND3X4)     0.30     0.23     3.64 f
  U0WriteChannel/U2WriteChannelmi/U0WriteChannelmi/U0LockCtlWrmi/U96/Y (INVX8)     0.16     0.14     3.78 r
  U0WriteChannel/U2WriteChannelmi/U0WriteChannelmi/U0LockCtlWrmi/Lock_out (LockCtlWrmi_3)     0.00     3.78 r
  U0WriteChannel/U2WriteChannelmi/U0WriteChannelmi/Lock2Rdmi (WriteChannelmi_3)     0.00     3.78 r
  U0WriteChannel/U2WriteChannelmi/Lock2Rdmi (WriteChannelmi_RS_3)     0.00     3.78 r
  U0WriteChannel/Lock2rdmi2 (WriteChannel)                0.00       3.78 r
  U0ReadChannel/Lock2rdmi2 (ReadChannel)                  0.00       3.78 r
  U0ReadChannel/U2ReadChannelmi/Lock2Rdmi (ReadChannelmi_RS_3)     0.00     3.78 r
  U0ReadChannel/U2ReadChannelmi/U0ReadChannelmi/Lock2Rdmi (ReadChannelmi_3)     0.00     3.78 r
  U0ReadChannel/U2ReadChannelmi/U0ReadChannelmi/U0LockCtlRdmi/Lock_in (LockCtlRdmi_3)     0.00     3.78 r
  U0ReadChannel/U2ReadChannelmi/U0ReadChannelmi/U0LockCtlRdmi/U99/Y (INVX8)     0.05     0.05     3.83 f
  U0ReadChannel/U2ReadChannelmi/U0ReadChannelmi/U0LockCtlRdmi/U98/Y (NAND3X4)     0.22     0.15     3.98 r
  U0ReadChannel/U2ReadChannelmi/U0ReadChannelmi/U0LockCtlRdmi/U96/Y (NAND2X4)     0.09     0.07     4.05 f
  U0ReadChannel/U2ReadChannelmi/U0ReadChannelmi/U0LockCtlRdmi/U92/Y (NOR2X4)     0.13     0.10     4.15 r
  U0ReadChannel/U2ReadChannelmi/U0ReadChannelmi/U0LockCtlRdmi/U91/Y (NAND2X4)     0.12     0.10     4.25 f
  U0ReadChannel/U2ReadChannelmi/U0ReadChannelmi/U0LockCtlRdmi/EnAMUXn (LockCtlRdmi_3)     0.00     4.25 f
  U0ReadChannel/U2ReadChannelmi/U0ReadChannelmi/U885/Y (BUFX8)     0.10     0.18     4.43 f
  U0ReadChannel/U2ReadChannelmi/U0ReadChannelmi/U535/Y (INVX8)     0.07     0.06     4.49 r
  U0ReadChannel/U2ReadChannelmi/U0ReadChannelmi/U470/Y (NOR3BX4)     0.30     0.23     4.73 r
  U0ReadChannel/U2ReadChannelmi/U0ReadChannelmi/ARREADYmi2si[3] (ReadChannelmi_3)     0.00     4.73 r
  U0ReadChannel/U2ReadChannelmi/ARREADYmi2si[3] (ReadChannelmi_RS_3)     0.00     4.73 r
  U0ReadChannel/U3ReadChannelsi/ARREADYmi2si[2] (ReadChannelsi_RS_0)     0.00     4.73 r
  U0ReadChannel/U3ReadChannelsi/U0ReadChannelsi/ARREADYmi2si[2] (ReadChannelsi_0)     0.00     4.73 r
  U0ReadChannel/U3ReadChannelsi/U0ReadChannelsi/U257/Y (INVX8)     0.06     0.04     4.77 f
  U0ReadChannel/U3ReadChannelsi/U0ReadChannelsi/U256/Y (NAND2X4)     0.11     0.09     4.85 r
  U0ReadChannel/U3ReadChannelsi/U0ReadChannelsi/U252/Y (NAND3X4)     0.12     0.09     4.94 f
  U0ReadChannel/U3ReadChannelsi/U0ReadChannelsi/U245/Y (NAND4BX4)     0.18     0.11     5.05 r
  U0ReadChannel/U3ReadChannelsi/U0ReadChannelsi/U288/Y (BUFX8)     0.32     0.27     5.33 r
  U0ReadChannel/U3ReadChannelsi/U0ReadChannelsi/U1PermitCtl/AREADY (PermitCtl_4)     0.00     5.33 r
  U0ReadChannel/U3ReadChannelsi/U0ReadChannelsi/U1PermitCtl/U3377/Y (BUFX8)     0.22     0.23     5.56 r
  U0ReadChannel/U3ReadChannelsi/U0ReadChannelsi/U1PermitCtl/U3401/Y (NAND3BX1)     0.22     0.18     5.74 f
  U0ReadChannel/U3ReadChannelsi/U0ReadChannelsi/U1PermitCtl/U2946/Y (OAI21X4)     0.25     0.13     5.87 r
  U0ReadChannel/U3ReadChannelsi/U0ReadChannelsi/U1PermitCtl/U2945/Y (OAI21X4)     0.22     0.18     6.05 f
  U0ReadChannel/U3ReadChannelsi/U0ReadChannelsi/U1PermitCtl/U2944/Y (NAND2BX4)     0.12     0.12     6.17 r
  U0ReadChannel/U3ReadChannelsi/U0ReadChannelsi/U1PermitCtl/U2939/Y (NAND3X4)     0.08     0.07     6.24 f
  U0ReadChannel/U3ReadChannelsi/U0ReadChannelsi/U1PermitCtl/ID2SlaveCnt_reg_4_/D (DFFRX4)     0.08     0.00     6.24 f
  data arrival time                                                  6.24

  clock ACLK (rise edge)                                  7.50       7.50
  clock network delay (ideal)                             0.00       7.50
  clock uncertainty                                      -1.05       6.45
  U0ReadChannel/U3ReadChannelsi/U0ReadChannelsi/U1PermitCtl/ID2SlaveCnt_reg_4_/CK (DFFRX4)     0.00     6.45 r
  library setup time                                     -0.20       6.25
  data required time                                                 6.25
  --------------------------------------------------------------------------
  data required time                                                 6.25
  data arrival time                                                 -6.24
  --------------------------------------------------------------------------
  slack (MET)                                                        0.00


  Startpoint: U0WriteChannel/U1WriteChannelsi/AW0_fully_registered/INFORMATION_0_reg_52_
              (rising edge-triggered flip-flop clocked by ACLK)
  Endpoint: U0ReadChannel/U3ReadChannelsi/U0ReadChannelsi/U1PermitCtl/ID2SlaveCnt_reg_0_
            (rising edge-triggered flip-flop clocked by ACLK)
  Path Group: ACLK
  Path Type: max

  Point                                        Trans      Incr       Path
  --------------------------------------------------------------------------
  clock ACLK (rise edge)                                  0.00       0.00
  clock network delay (ideal)                             0.00       0.00
  U0WriteChannel/U1WriteChannelsi/AW0_fully_registered/INFORMATION_0_reg_52_/CK (DFFRX4)     0.40     0.00 #     0.00 r
  U0WriteChannel/U1WriteChannelsi/AW0_fully_registered/INFORMATION_0_reg_52_/Q (DFFRX4)     0.58     0.95     0.95 r
  U0WriteChannel/U1WriteChannelsi/AW0_fully_registered/INFORMATION_R[52] (AW_fully_registered_2)     0.00     0.95 r
  U0WriteChannel/U1WriteChannelsi/U0WriteChannelsi/AWIDm2si[2] (WriteChannelsi_2)     0.00     0.95 r
  U0WriteChannel/U1WriteChannelsi/U0WriteChannelsi/U0PermitCtl/SID[2] (PermitCtl_2)     0.00     0.95 r
  U0WriteChannel/U1WriteChannelsi/U0WriteChannelsi/U0PermitCtl/U3194/Y (NAND2X1)     0.18     0.14     1.09 f
  U0WriteChannel/U1WriteChannelsi/U0WriteChannelsi/U0PermitCtl/U3192/Y (BUFX4)     0.41     0.40     1.49 f
  U0WriteChannel/U1WriteChannelsi/U0WriteChannelsi/U0PermitCtl/U3008/Y (NOR2X4)     0.18     0.17     1.66 r
  U0WriteChannel/U1WriteChannelsi/U0WriteChannelsi/U0PermitCtl/U3006/Y (NAND4X4)     0.29     0.22     1.88 f
  U0WriteChannel/U1WriteChannelsi/U0WriteChannelsi/U0PermitCtl/U2995/Y (NAND4X4)     0.20     0.16     2.04 r
  U0WriteChannel/U1WriteChannelsi/U0WriteChannelsi/U0PermitCtl/U2973/Y (NOR2X4)     0.08     0.06     2.11 f
  U0WriteChannel/U1WriteChannelsi/U0WriteChannelsi/U0PermitCtl/U2971/Y (AOI21X4)     0.15     0.15     2.25 r
  U0WriteChannel/U1WriteChannelsi/U0WriteChannelsi/U0PermitCtl/CtlData2writech[3] (PermitCtl_2)     0.00     2.25 r
  U0WriteChannel/U1WriteChannelsi/U0WriteChannelsi/U167/Y (INVX2)     0.06     0.05     2.30 f
  U0WriteChannel/U1WriteChannelsi/U0WriteChannelsi/U149/Y (OR3X4)     0.09     0.24     2.54 f
  U0WriteChannel/U1WriteChannelsi/U0WriteChannelsi/U164/Y (INVX4)     0.10     0.08     2.62 r
  U0WriteChannel/U1WriteChannelsi/U0WriteChannelsi/U145/Y (AND3X4)     0.12     0.22     2.83 r
  U0WriteChannel/U1WriteChannelsi/U0WriteChannelsi/AWVALIDsi2mi[2] (WriteChannelsi_2)     0.00     2.83 r
  U0WriteChannel/U1WriteChannelsi/AWVALIDsi2mi[2] (WriteChannelsi_RS_2)     0.00     2.83 r
  U0WriteChannel/U2WriteChannelmi/AWVALIDsi2mi[1] (WriteChannelmi_RS_3)     0.00     2.83 r
  U0WriteChannel/U2WriteChannelmi/U0WriteChannelmi/AWVALIDsi2mi[1] (WriteChannelmi_3)     0.00     2.83 r
  U0WriteChannel/U2WriteChannelmi/U0WriteChannelmi/U671/Y (NAND2X4)     0.11     0.09     2.92 f
  U0WriteChannel/U2WriteChannelmi/U0WriteChannelmi/U670/Y (NAND3X4)     0.22     0.17     3.09 r
  U0WriteChannel/U2WriteChannelmi/U0WriteChannelmi/U669/Y (INVX8)     0.06     0.05     3.14 f
  U0WriteChannel/U2WriteChannelmi/U0WriteChannelmi/U665/Y (AOI21X4)     0.41     0.27     3.41 r
  U0WriteChannel/U2WriteChannelmi/U0WriteChannelmi/U0LockCtlWrmi/AVALID (LockCtlWrmi_3)     0.00     3.41 r
  U0WriteChannel/U2WriteChannelmi/U0WriteChannelmi/U0LockCtlWrmi/U106/Y (NAND3X4)     0.30     0.23     3.64 f
  U0WriteChannel/U2WriteChannelmi/U0WriteChannelmi/U0LockCtlWrmi/U96/Y (INVX8)     0.16     0.14     3.78 r
  U0WriteChannel/U2WriteChannelmi/U0WriteChannelmi/U0LockCtlWrmi/Lock_out (LockCtlWrmi_3)     0.00     3.78 r
  U0WriteChannel/U2WriteChannelmi/U0WriteChannelmi/Lock2Rdmi (WriteChannelmi_3)     0.00     3.78 r
  U0WriteChannel/U2WriteChannelmi/Lock2Rdmi (WriteChannelmi_RS_3)     0.00     3.78 r
  U0WriteChannel/Lock2rdmi2 (WriteChannel)                0.00       3.78 r
  U0ReadChannel/Lock2rdmi2 (ReadChannel)                  0.00       3.78 r
  U0ReadChannel/U2ReadChannelmi/Lock2Rdmi (ReadChannelmi_RS_3)     0.00     3.78 r
  U0ReadChannel/U2ReadChannelmi/U0ReadChannelmi/Lock2Rdmi (ReadChannelmi_3)     0.00     3.78 r
  U0ReadChannel/U2ReadChannelmi/U0ReadChannelmi/U0LockCtlRdmi/Lock_in (LockCtlRdmi_3)     0.00     3.78 r
  U0ReadChannel/U2ReadChannelmi/U0ReadChannelmi/U0LockCtlRdmi/U99/Y (INVX8)     0.05     0.05     3.83 f
  U0ReadChannel/U2ReadChannelmi/U0ReadChannelmi/U0LockCtlRdmi/U98/Y (NAND3X4)     0.22     0.15     3.98 r
  U0ReadChannel/U2ReadChannelmi/U0ReadChannelmi/U0LockCtlRdmi/U96/Y (NAND2X4)     0.09     0.07     4.05 f
  U0ReadChannel/U2ReadChannelmi/U0ReadChannelmi/U0LockCtlRdmi/U92/Y (NOR2X4)     0.13     0.10     4.15 r
  U0ReadChannel/U2ReadChannelmi/U0ReadChannelmi/U0LockCtlRdmi/U91/Y (NAND2X4)     0.12     0.10     4.25 f
  U0ReadChannel/U2ReadChannelmi/U0ReadChannelmi/U0LockCtlRdmi/EnAMUXn (LockCtlRdmi_3)     0.00     4.25 f
  U0ReadChannel/U2ReadChannelmi/U0ReadChannelmi/U885/Y (BUFX8)     0.10     0.18     4.43 f
  U0ReadChannel/U2ReadChannelmi/U0ReadChannelmi/U535/Y (INVX8)     0.07     0.06     4.49 r
  U0ReadChannel/U2ReadChannelmi/U0ReadChannelmi/U470/Y (NOR3BX4)     0.30     0.23     4.73 r
  U0ReadChannel/U2ReadChannelmi/U0ReadChannelmi/ARREADYmi2si[3] (ReadChannelmi_3)     0.00     4.73 r
  U0ReadChannel/U2ReadChannelmi/ARREADYmi2si[3] (ReadChannelmi_RS_3)     0.00     4.73 r
  U0ReadChannel/U3ReadChannelsi/ARREADYmi2si[2] (ReadChannelsi_RS_0)     0.00     4.73 r
  U0ReadChannel/U3ReadChannelsi/U0ReadChannelsi/ARREADYmi2si[2] (ReadChannelsi_0)     0.00     4.73 r
  U0ReadChannel/U3ReadChannelsi/U0ReadChannelsi/U257/Y (INVX8)     0.06     0.04     4.77 f
  U0ReadChannel/U3ReadChannelsi/U0ReadChannelsi/U256/Y (NAND2X4)     0.11     0.09     4.85 r
  U0ReadChannel/U3ReadChannelsi/U0ReadChannelsi/U252/Y (NAND3X4)     0.12     0.09     4.94 f
  U0ReadChannel/U3ReadChannelsi/U0ReadChannelsi/U245/Y (NAND4BX4)     0.18     0.11     5.05 r
  U0ReadChannel/U3ReadChannelsi/U0ReadChannelsi/U288/Y (BUFX8)     0.32     0.27     5.33 r
  U0ReadChannel/U3ReadChannelsi/U0ReadChannelsi/U1PermitCtl/AREADY (PermitCtl_4)     0.00     5.33 r
  U0ReadChannel/U3ReadChannelsi/U0ReadChannelsi/U1PermitCtl/U3377/Y (BUFX8)     0.22     0.23     5.56 r
  U0ReadChannel/U3ReadChannelsi/U0ReadChannelsi/U1PermitCtl/U3401/Y (NAND3BX1)     0.22     0.18     5.74 f
  U0ReadChannel/U3ReadChannelsi/U0ReadChannelsi/U1PermitCtl/U2946/Y (OAI21X4)     0.25     0.13     5.87 r
  U0ReadChannel/U3ReadChannelsi/U0ReadChannelsi/U1PermitCtl/U2945/Y (OAI21X4)     0.22     0.18     6.05 f
  U0ReadChannel/U3ReadChannelsi/U0ReadChannelsi/U1PermitCtl/U2917/Y (NAND2BX4)     0.12     0.12     6.17 r
  U0ReadChannel/U3ReadChannelsi/U0ReadChannelsi/U1PermitCtl/U2915/Y (NAND3X4)     0.08     0.07     6.24 f
  U0ReadChannel/U3ReadChannelsi/U0ReadChannelsi/U1PermitCtl/ID2SlaveCnt_reg_0_/D (DFFRX4)     0.08     0.00     6.24 f
  data arrival time                                                  6.24

  clock ACLK (rise edge)                                  7.50       7.50
  clock network delay (ideal)                             0.00       7.50
  clock uncertainty                                      -1.05       6.45
  U0ReadChannel/U3ReadChannelsi/U0ReadChannelsi/U1PermitCtl/ID2SlaveCnt_reg_0_/CK (DFFRX4)     0.00     6.45 r
  library setup time                                     -0.20       6.25
  data required time                                                 6.25
  --------------------------------------------------------------------------
  data required time                                                 6.25
  data arrival time                                                 -6.24
  --------------------------------------------------------------------------
  slack (MET)                                                        0.00


  Startpoint: U0WriteChannel/U1WriteChannelsi/AW0_fully_registered/INFORMATION_0_reg_52_
              (rising edge-triggered flip-flop clocked by ACLK)
  Endpoint: U0ReadChannel/U3ReadChannelsi/U0ReadChannelsi/U1PermitCtl/ID2SlaveCnt_reg_2_
            (rising edge-triggered flip-flop clocked by ACLK)
  Path Group: ACLK
  Path Type: max

  Point                                        Trans      Incr       Path
  --------------------------------------------------------------------------
  clock ACLK (rise edge)                                  0.00       0.00
  clock network delay (ideal)                             0.00       0.00
  U0WriteChannel/U1WriteChannelsi/AW0_fully_registered/INFORMATION_0_reg_52_/CK (DFFRX4)     0.40     0.00 #     0.00 r
  U0WriteChannel/U1WriteChannelsi/AW0_fully_registered/INFORMATION_0_reg_52_/Q (DFFRX4)     0.58     0.95     0.95 r
  U0WriteChannel/U1WriteChannelsi/AW0_fully_registered/INFORMATION_R[52] (AW_fully_registered_2)     0.00     0.95 r
  U0WriteChannel/U1WriteChannelsi/U0WriteChannelsi/AWIDm2si[2] (WriteChannelsi_2)     0.00     0.95 r
  U0WriteChannel/U1WriteChannelsi/U0WriteChannelsi/U0PermitCtl/SID[2] (PermitCtl_2)     0.00     0.95 r
  U0WriteChannel/U1WriteChannelsi/U0WriteChannelsi/U0PermitCtl/U3194/Y (NAND2X1)     0.18     0.14     1.09 f
  U0WriteChannel/U1WriteChannelsi/U0WriteChannelsi/U0PermitCtl/U3192/Y (BUFX4)     0.41     0.40     1.49 f
  U0WriteChannel/U1WriteChannelsi/U0WriteChannelsi/U0PermitCtl/U3008/Y (NOR2X4)     0.18     0.17     1.66 r
  U0WriteChannel/U1WriteChannelsi/U0WriteChannelsi/U0PermitCtl/U3006/Y (NAND4X4)     0.29     0.22     1.88 f
  U0WriteChannel/U1WriteChannelsi/U0WriteChannelsi/U0PermitCtl/U2995/Y (NAND4X4)     0.20     0.16     2.04 r
  U0WriteChannel/U1WriteChannelsi/U0WriteChannelsi/U0PermitCtl/U2973/Y (NOR2X4)     0.08     0.06     2.11 f
  U0WriteChannel/U1WriteChannelsi/U0WriteChannelsi/U0PermitCtl/U2971/Y (AOI21X4)     0.15     0.15     2.25 r
  U0WriteChannel/U1WriteChannelsi/U0WriteChannelsi/U0PermitCtl/CtlData2writech[3] (PermitCtl_2)     0.00     2.25 r
  U0WriteChannel/U1WriteChannelsi/U0WriteChannelsi/U167/Y (INVX2)     0.06     0.05     2.30 f
  U0WriteChannel/U1WriteChannelsi/U0WriteChannelsi/U149/Y (OR3X4)     0.09     0.24     2.54 f
  U0WriteChannel/U1WriteChannelsi/U0WriteChannelsi/U164/Y (INVX4)     0.10     0.08     2.62 r
  U0WriteChannel/U1WriteChannelsi/U0WriteChannelsi/U145/Y (AND3X4)     0.12     0.22     2.83 r
  U0WriteChannel/U1WriteChannelsi/U0WriteChannelsi/AWVALIDsi2mi[2] (WriteChannelsi_2)     0.00     2.83 r
  U0WriteChannel/U1WriteChannelsi/AWVALIDsi2mi[2] (WriteChannelsi_RS_2)     0.00     2.83 r
  U0WriteChannel/U2WriteChannelmi/AWVALIDsi2mi[1] (WriteChannelmi_RS_3)     0.00     2.83 r
  U0WriteChannel/U2WriteChannelmi/U0WriteChannelmi/AWVALIDsi2mi[1] (WriteChannelmi_3)     0.00     2.83 r
  U0WriteChannel/U2WriteChannelmi/U0WriteChannelmi/U671/Y (NAND2X4)     0.11     0.09     2.92 f
  U0WriteChannel/U2WriteChannelmi/U0WriteChannelmi/U670/Y (NAND3X4)     0.22     0.17     3.09 r
  U0WriteChannel/U2WriteChannelmi/U0WriteChannelmi/U669/Y (INVX8)     0.06     0.05     3.14 f
  U0WriteChannel/U2WriteChannelmi/U0WriteChannelmi/U665/Y (AOI21X4)     0.41     0.27     3.41 r
  U0WriteChannel/U2WriteChannelmi/U0WriteChannelmi/U0LockCtlWrmi/AVALID (LockCtlWrmi_3)     0.00     3.41 r
  U0WriteChannel/U2WriteChannelmi/U0WriteChannelmi/U0LockCtlWrmi/U106/Y (NAND3X4)     0.30     0.23     3.64 f
  U0WriteChannel/U2WriteChannelmi/U0WriteChannelmi/U0LockCtlWrmi/U96/Y (INVX8)     0.16     0.14     3.78 r
  U0WriteChannel/U2WriteChannelmi/U0WriteChannelmi/U0LockCtlWrmi/Lock_out (LockCtlWrmi_3)     0.00     3.78 r
  U0WriteChannel/U2WriteChannelmi/U0WriteChannelmi/Lock2Rdmi (WriteChannelmi_3)     0.00     3.78 r
  U0WriteChannel/U2WriteChannelmi/Lock2Rdmi (WriteChannelmi_RS_3)     0.00     3.78 r
  U0WriteChannel/Lock2rdmi2 (WriteChannel)                0.00       3.78 r
  U0ReadChannel/Lock2rdmi2 (ReadChannel)                  0.00       3.78 r
  U0ReadChannel/U2ReadChannelmi/Lock2Rdmi (ReadChannelmi_RS_3)     0.00     3.78 r
  U0ReadChannel/U2ReadChannelmi/U0ReadChannelmi/Lock2Rdmi (ReadChannelmi_3)     0.00     3.78 r
  U0ReadChannel/U2ReadChannelmi/U0ReadChannelmi/U0LockCtlRdmi/Lock_in (LockCtlRdmi_3)     0.00     3.78 r
  U0ReadChannel/U2ReadChannelmi/U0ReadChannelmi/U0LockCtlRdmi/U99/Y (INVX8)     0.05     0.05     3.83 f
  U0ReadChannel/U2ReadChannelmi/U0ReadChannelmi/U0LockCtlRdmi/U98/Y (NAND3X4)     0.22     0.15     3.98 r
  U0ReadChannel/U2ReadChannelmi/U0ReadChannelmi/U0LockCtlRdmi/U96/Y (NAND2X4)     0.09     0.07     4.05 f
  U0ReadChannel/U2ReadChannelmi/U0ReadChannelmi/U0LockCtlRdmi/U92/Y (NOR2X4)     0.13     0.10     4.15 r
  U0ReadChannel/U2ReadChannelmi/U0ReadChannelmi/U0LockCtlRdmi/U91/Y (NAND2X4)     0.12     0.10     4.25 f
  U0ReadChannel/U2ReadChannelmi/U0ReadChannelmi/U0LockCtlRdmi/EnAMUXn (LockCtlRdmi_3)     0.00     4.25 f
  U0ReadChannel/U2ReadChannelmi/U0ReadChannelmi/U885/Y (BUFX8)     0.10     0.18     4.43 f
  U0ReadChannel/U2ReadChannelmi/U0ReadChannelmi/U535/Y (INVX8)     0.07     0.06     4.49 r
  U0ReadChannel/U2ReadChannelmi/U0ReadChannelmi/U470/Y (NOR3BX4)     0.30     0.23     4.73 r
  U0ReadChannel/U2ReadChannelmi/U0ReadChannelmi/ARREADYmi2si[3] (ReadChannelmi_3)     0.00     4.73 r
  U0ReadChannel/U2ReadChannelmi/ARREADYmi2si[3] (ReadChannelmi_RS_3)     0.00     4.73 r
  U0ReadChannel/U3ReadChannelsi/ARREADYmi2si[2] (ReadChannelsi_RS_0)     0.00     4.73 r
  U0ReadChannel/U3ReadChannelsi/U0ReadChannelsi/ARREADYmi2si[2] (ReadChannelsi_0)     0.00     4.73 r
  U0ReadChannel/U3ReadChannelsi/U0ReadChannelsi/U257/Y (INVX8)     0.06     0.04     4.77 f
  U0ReadChannel/U3ReadChannelsi/U0ReadChannelsi/U256/Y (NAND2X4)     0.11     0.09     4.85 r
  U0ReadChannel/U3ReadChannelsi/U0ReadChannelsi/U252/Y (NAND3X4)     0.12     0.09     4.94 f
  U0ReadChannel/U3ReadChannelsi/U0ReadChannelsi/U245/Y (NAND4BX4)     0.18     0.11     5.05 r
  U0ReadChannel/U3ReadChannelsi/U0ReadChannelsi/U288/Y (BUFX8)     0.32     0.27     5.33 r
  U0ReadChannel/U3ReadChannelsi/U0ReadChannelsi/U1PermitCtl/AREADY (PermitCtl_4)     0.00     5.33 r
  U0ReadChannel/U3ReadChannelsi/U0ReadChannelsi/U1PermitCtl/U3377/Y (BUFX8)     0.22     0.23     5.56 r
  U0ReadChannel/U3ReadChannelsi/U0ReadChannelsi/U1PermitCtl/U3401/Y (NAND3BX1)     0.22     0.18     5.74 f
  U0ReadChannel/U3ReadChannelsi/U0ReadChannelsi/U1PermitCtl/U2946/Y (OAI21X4)     0.25     0.13     5.87 r
  U0ReadChannel/U3ReadChannelsi/U0ReadChannelsi/U1PermitCtl/U2945/Y (OAI21X4)     0.22     0.18     6.05 f
  U0ReadChannel/U3ReadChannelsi/U0ReadChannelsi/U1PermitCtl/U2929/Y (NAND2BX4)     0.12     0.12     6.17 r
  U0ReadChannel/U3ReadChannelsi/U0ReadChannelsi/U1PermitCtl/U2927/Y (NAND3X4)     0.08     0.07     6.24 f
  U0ReadChannel/U3ReadChannelsi/U0ReadChannelsi/U1PermitCtl/ID2SlaveCnt_reg_2_/D (DFFRX4)     0.08     0.00     6.24 f
  data arrival time                                                  6.24

  clock ACLK (rise edge)                                  7.50       7.50
  clock network delay (ideal)                             0.00       7.50
  clock uncertainty                                      -1.05       6.45
  U0ReadChannel/U3ReadChannelsi/U0ReadChannelsi/U1PermitCtl/ID2SlaveCnt_reg_2_/CK (DFFRX4)     0.00     6.45 r
  library setup time                                     -0.20       6.25
  data required time                                                 6.25
  --------------------------------------------------------------------------
  data required time                                                 6.25
  data arrival time                                                 -6.24
  --------------------------------------------------------------------------
  slack (MET)                                                        0.00


  Startpoint: U0WriteChannel/U1WriteChannelsi/AW0_fully_registered/INFORMATION_0_reg_52_
              (rising edge-triggered flip-flop clocked by ACLK)
  Endpoint: U0ReadChannel/U3ReadChannelsi/U0ReadChannelsi/U1PermitCtl/ID2SlaveCnt_reg_3_
            (rising edge-triggered flip-flop clocked by ACLK)
  Path Group: ACLK
  Path Type: max

  Point                                        Trans      Incr       Path
  --------------------------------------------------------------------------
  clock ACLK (rise edge)                                  0.00       0.00
  clock network delay (ideal)                             0.00       0.00
  U0WriteChannel/U1WriteChannelsi/AW0_fully_registered/INFORMATION_0_reg_52_/CK (DFFRX4)     0.40     0.00 #     0.00 r
  U0WriteChannel/U1WriteChannelsi/AW0_fully_registered/INFORMATION_0_reg_52_/Q (DFFRX4)     0.58     0.95     0.95 r
  U0WriteChannel/U1WriteChannelsi/AW0_fully_registered/INFORMATION_R[52] (AW_fully_registered_2)     0.00     0.95 r
  U0WriteChannel/U1WriteChannelsi/U0WriteChannelsi/AWIDm2si[2] (WriteChannelsi_2)     0.00     0.95 r
  U0WriteChannel/U1WriteChannelsi/U0WriteChannelsi/U0PermitCtl/SID[2] (PermitCtl_2)     0.00     0.95 r
  U0WriteChannel/U1WriteChannelsi/U0WriteChannelsi/U0PermitCtl/U3194/Y (NAND2X1)     0.18     0.14     1.09 f
  U0WriteChannel/U1WriteChannelsi/U0WriteChannelsi/U0PermitCtl/U3192/Y (BUFX4)     0.41     0.40     1.49 f
  U0WriteChannel/U1WriteChannelsi/U0WriteChannelsi/U0PermitCtl/U3008/Y (NOR2X4)     0.18     0.17     1.66 r
  U0WriteChannel/U1WriteChannelsi/U0WriteChannelsi/U0PermitCtl/U3006/Y (NAND4X4)     0.29     0.22     1.88 f
  U0WriteChannel/U1WriteChannelsi/U0WriteChannelsi/U0PermitCtl/U2995/Y (NAND4X4)     0.20     0.16     2.04 r
  U0WriteChannel/U1WriteChannelsi/U0WriteChannelsi/U0PermitCtl/U2973/Y (NOR2X4)     0.08     0.06     2.11 f
  U0WriteChannel/U1WriteChannelsi/U0WriteChannelsi/U0PermitCtl/U2971/Y (AOI21X4)     0.15     0.15     2.25 r
  U0WriteChannel/U1WriteChannelsi/U0WriteChannelsi/U0PermitCtl/CtlData2writech[3] (PermitCtl_2)     0.00     2.25 r
  U0WriteChannel/U1WriteChannelsi/U0WriteChannelsi/U167/Y (INVX2)     0.06     0.05     2.30 f
  U0WriteChannel/U1WriteChannelsi/U0WriteChannelsi/U149/Y (OR3X4)     0.09     0.24     2.54 f
  U0WriteChannel/U1WriteChannelsi/U0WriteChannelsi/U164/Y (INVX4)     0.10     0.08     2.62 r
  U0WriteChannel/U1WriteChannelsi/U0WriteChannelsi/U145/Y (AND3X4)     0.12     0.22     2.83 r
  U0WriteChannel/U1WriteChannelsi/U0WriteChannelsi/AWVALIDsi2mi[2] (WriteChannelsi_2)     0.00     2.83 r
  U0WriteChannel/U1WriteChannelsi/AWVALIDsi2mi[2] (WriteChannelsi_RS_2)     0.00     2.83 r
  U0WriteChannel/U2WriteChannelmi/AWVALIDsi2mi[1] (WriteChannelmi_RS_3)     0.00     2.83 r
  U0WriteChannel/U2WriteChannelmi/U0WriteChannelmi/AWVALIDsi2mi[1] (WriteChannelmi_3)     0.00     2.83 r
  U0WriteChannel/U2WriteChannelmi/U0WriteChannelmi/U671/Y (NAND2X4)     0.11     0.09     2.92 f
  U0WriteChannel/U2WriteChannelmi/U0WriteChannelmi/U670/Y (NAND3X4)     0.22     0.17     3.09 r
  U0WriteChannel/U2WriteChannelmi/U0WriteChannelmi/U669/Y (INVX8)     0.06     0.05     3.14 f
  U0WriteChannel/U2WriteChannelmi/U0WriteChannelmi/U665/Y (AOI21X4)     0.41     0.27     3.41 r
  U0WriteChannel/U2WriteChannelmi/U0WriteChannelmi/U0LockCtlWrmi/AVALID (LockCtlWrmi_3)     0.00     3.41 r
  U0WriteChannel/U2WriteChannelmi/U0WriteChannelmi/U0LockCtlWrmi/U106/Y (NAND3X4)     0.30     0.23     3.64 f
  U0WriteChannel/U2WriteChannelmi/U0WriteChannelmi/U0LockCtlWrmi/U96/Y (INVX8)     0.16     0.14     3.78 r
  U0WriteChannel/U2WriteChannelmi/U0WriteChannelmi/U0LockCtlWrmi/Lock_out (LockCtlWrmi_3)     0.00     3.78 r
  U0WriteChannel/U2WriteChannelmi/U0WriteChannelmi/Lock2Rdmi (WriteChannelmi_3)     0.00     3.78 r
  U0WriteChannel/U2WriteChannelmi/Lock2Rdmi (WriteChannelmi_RS_3)     0.00     3.78 r
  U0WriteChannel/Lock2rdmi2 (WriteChannel)                0.00       3.78 r
  U0ReadChannel/Lock2rdmi2 (ReadChannel)                  0.00       3.78 r
  U0ReadChannel/U2ReadChannelmi/Lock2Rdmi (ReadChannelmi_RS_3)     0.00     3.78 r
  U0ReadChannel/U2ReadChannelmi/U0ReadChannelmi/Lock2Rdmi (ReadChannelmi_3)     0.00     3.78 r
  U0ReadChannel/U2ReadChannelmi/U0ReadChannelmi/U0LockCtlRdmi/Lock_in (LockCtlRdmi_3)     0.00     3.78 r
  U0ReadChannel/U2ReadChannelmi/U0ReadChannelmi/U0LockCtlRdmi/U99/Y (INVX8)     0.05     0.05     3.83 f
  U0ReadChannel/U2ReadChannelmi/U0ReadChannelmi/U0LockCtlRdmi/U98/Y (NAND3X4)     0.22     0.15     3.98 r
  U0ReadChannel/U2ReadChannelmi/U0ReadChannelmi/U0LockCtlRdmi/U96/Y (NAND2X4)     0.09     0.07     4.05 f
  U0ReadChannel/U2ReadChannelmi/U0ReadChannelmi/U0LockCtlRdmi/U92/Y (NOR2X4)     0.13     0.10     4.15 r
  U0ReadChannel/U2ReadChannelmi/U0ReadChannelmi/U0LockCtlRdmi/U91/Y (NAND2X4)     0.12     0.10     4.25 f
  U0ReadChannel/U2ReadChannelmi/U0ReadChannelmi/U0LockCtlRdmi/EnAMUXn (LockCtlRdmi_3)     0.00     4.25 f
  U0ReadChannel/U2ReadChannelmi/U0ReadChannelmi/U885/Y (BUFX8)     0.10     0.18     4.43 f
  U0ReadChannel/U2ReadChannelmi/U0ReadChannelmi/U535/Y (INVX8)     0.07     0.06     4.49 r
  U0ReadChannel/U2ReadChannelmi/U0ReadChannelmi/U470/Y (NOR3BX4)     0.30     0.23     4.73 r
  U0ReadChannel/U2ReadChannelmi/U0ReadChannelmi/ARREADYmi2si[3] (ReadChannelmi_3)     0.00     4.73 r
  U0ReadChannel/U2ReadChannelmi/ARREADYmi2si[3] (ReadChannelmi_RS_3)     0.00     4.73 r
  U0ReadChannel/U3ReadChannelsi/ARREADYmi2si[2] (ReadChannelsi_RS_0)     0.00     4.73 r
  U0ReadChannel/U3ReadChannelsi/U0ReadChannelsi/ARREADYmi2si[2] (ReadChannelsi_0)     0.00     4.73 r
  U0ReadChannel/U3ReadChannelsi/U0ReadChannelsi/U257/Y (INVX8)     0.06     0.04     4.77 f
  U0ReadChannel/U3ReadChannelsi/U0ReadChannelsi/U256/Y (NAND2X4)     0.11     0.09     4.85 r
  U0ReadChannel/U3ReadChannelsi/U0ReadChannelsi/U252/Y (NAND3X4)     0.12     0.09     4.94 f
  U0ReadChannel/U3ReadChannelsi/U0ReadChannelsi/U245/Y (NAND4BX4)     0.18     0.11     5.05 r
  U0ReadChannel/U3ReadChannelsi/U0ReadChannelsi/U288/Y (BUFX8)     0.32     0.27     5.33 r
  U0ReadChannel/U3ReadChannelsi/U0ReadChannelsi/U1PermitCtl/AREADY (PermitCtl_4)     0.00     5.33 r
  U0ReadChannel/U3ReadChannelsi/U0ReadChannelsi/U1PermitCtl/U3377/Y (BUFX8)     0.22     0.23     5.56 r
  U0ReadChannel/U3ReadChannelsi/U0ReadChannelsi/U1PermitCtl/U3401/Y (NAND3BX1)     0.22     0.18     5.74 f
  U0ReadChannel/U3ReadChannelsi/U0ReadChannelsi/U1PermitCtl/U2946/Y (OAI21X4)     0.25     0.13     5.87 r
  U0ReadChannel/U3ReadChannelsi/U0ReadChannelsi/U1PermitCtl/U2945/Y (OAI21X4)     0.22     0.18     6.05 f
  U0ReadChannel/U3ReadChannelsi/U0ReadChannelsi/U1PermitCtl/U2935/Y (NAND2BX4)     0.12     0.12     6.17 r
  U0ReadChannel/U3ReadChannelsi/U0ReadChannelsi/U1PermitCtl/U2933/Y (NAND3X4)     0.08     0.07     6.24 f
  U0ReadChannel/U3ReadChannelsi/U0ReadChannelsi/U1PermitCtl/ID2SlaveCnt_reg_3_/D (DFFRX4)     0.08     0.00     6.24 f
  data arrival time                                                  6.24

  clock ACLK (rise edge)                                  7.50       7.50
  clock network delay (ideal)                             0.00       7.50
  clock uncertainty                                      -1.05       6.45
  U0ReadChannel/U3ReadChannelsi/U0ReadChannelsi/U1PermitCtl/ID2SlaveCnt_reg_3_/CK (DFFRX4)     0.00     6.45 r
  library setup time                                     -0.20       6.25
  data required time                                                 6.25
  --------------------------------------------------------------------------
  data required time                                                 6.25
  data arrival time                                                 -6.24
  --------------------------------------------------------------------------
  slack (MET)                                                        0.00


  Startpoint: U0ReadChannel/U0ReadChannelsi/AR0_fully_registered/INFORMATION_0_reg_48_
              (rising edge-triggered flip-flop clocked by ACLK)
  Endpoint: U0ReadChannel/U1ReadChannelmi/AR0_fully_registered/INFORMATION_1_reg_5_
            (rising edge-triggered flip-flop clocked by ACLK)
  Path Group: ACLK
  Path Type: max

  Point                                        Trans      Incr       Path
  --------------------------------------------------------------------------
  clock ACLK (rise edge)                                  0.00       0.00
  clock network delay (ideal)                             0.00       0.00
  U0ReadChannel/U0ReadChannelsi/AR0_fully_registered/INFORMATION_0_reg_48_/CK (DFFRX4)     0.40     0.00 #     0.00 r
  U0ReadChannel/U0ReadChannelsi/AR0_fully_registered/INFORMATION_0_reg_48_/Q (DFFRX4)     0.23     0.76     0.76 r
  U0ReadChannel/U0ReadChannelsi/AR0_fully_registered/INFORMATION_R[48] (AR_fully_registered_3)     0.00     0.76 r
  U0ReadChannel/U0ReadChannelsi/U0ReadChannelsi/ARADDRm2si[30] (ReadChannelsi_3)     0.00     0.76 r
  U0ReadChannel/U0ReadChannelsi/U0ReadChannelsi/U258/Y (INVX8)     0.05     0.03     0.80 f
  U0ReadChannel/U0ReadChannelsi/U0ReadChannelsi/U283/Y (NOR2X2)     0.19     0.14     0.94 r
  U0ReadChannel/U0ReadChannelsi/U0ReadChannelsi/U1PermitCtl/SlaveNum[1] (PermitCtl_7)     0.00     0.94 r
  U0ReadChannel/U0ReadChannelsi/U0ReadChannelsi/U1PermitCtl/U3558/Y (BUFX3)     0.21     0.22     1.16 r
  U0ReadChannel/U0ReadChannelsi/U0ReadChannelsi/U1PermitCtl/U3575/Y (XNOR2X1)     0.27     0.40     1.56 r
  U0ReadChannel/U0ReadChannelsi/U0ReadChannelsi/U1PermitCtl/U3301/Y (NAND4X4)     0.32     0.23     1.79 f
  U0ReadChannel/U0ReadChannelsi/U0ReadChannelsi/U1PermitCtl/U3300/Y (NAND4X4)     0.20     0.21     2.00 r
  U0ReadChannel/U0ReadChannelsi/U0ReadChannelsi/U1PermitCtl/U3278/Y (NOR2X4)     0.08     0.06     2.06 f
  U0ReadChannel/U0ReadChannelsi/U0ReadChannelsi/U1PermitCtl/U3276/Y (AOI21X4)     0.28     0.22     2.28 r
  U0ReadChannel/U0ReadChannelsi/U0ReadChannelsi/U1PermitCtl/CtlData2writech[3] (PermitCtl_7)     0.00     2.28 r
  U0ReadChannel/U0ReadChannelsi/U0ReadChannelsi/U253/Y (NAND3X2)     0.26     0.17     2.45 f
  U0ReadChannel/U0ReadChannelsi/U0ReadChannelsi/U255/Y (NOR2X1)     0.49     0.35     2.80 r
  U0ReadChannel/U0ReadChannelsi/U0ReadChannelsi/ARVALIDsi2mi[1] (ReadChannelsi_3)     0.00     2.80 r
  U0ReadChannel/U0ReadChannelsi/ARVALIDsi2mi[1] (ReadChannelsi_RS_3)     0.00     2.80 r
  U0ReadChannel/U1ReadChannelmi/ARVALIDsi2mi[0] (ReadChannelmi_RS_4)     0.00     2.80 r
  U0ReadChannel/U1ReadChannelmi/U0ReadChannelmi/ARVALIDsi2mi[0] (ReadChannelmi_4)     0.00     2.80 r
  U0ReadChannel/U1ReadChannelmi/U0ReadChannelmi/U423/Y (INVX4)     0.08     0.04     2.84 f
  U0ReadChannel/U1ReadChannelmi/U0ReadChannelmi/U427/Y (OAI221X2)     0.62     0.40     3.24 r
  U0ReadChannel/U1ReadChannelmi/U0ReadChannelmi/U0LockCtlRdmi/AVALID (LockCtlRdmi_4)     0.00     3.24 r
  U0ReadChannel/U1ReadChannelmi/U0ReadChannelmi/U0LockCtlRdmi/U84/Y (OR2X1)     0.10     0.20     3.44 r
  U0ReadChannel/U1ReadChannelmi/U0ReadChannelmi/U0LockCtlRdmi/U67/Y (OAI222X4)     0.08     0.38     3.82 f
  U0ReadChannel/U1ReadChannelmi/U0ReadChannelmi/U0LockCtlRdmi/U66/Y (INVX8)     0.05     0.05     3.86 r
  U0ReadChannel/U1ReadChannelmi/U0ReadChannelmi/U0LockCtlRdmi/U57/Y (NAND3X4)     0.08     0.07     3.94 f
  U0ReadChannel/U1ReadChannelmi/U0ReadChannelmi/U0LockCtlRdmi/EnAMUXn (LockCtlRdmi_4)     0.00     3.94 f
  U0ReadChannel/U1ReadChannelmi/U0ReadChannelmi/U425/Y (OR3X1)     0.26     0.43     4.36 f
  U0ReadChannel/U1ReadChannelmi/U0ReadChannelmi/U415/Y (INVX4)     0.10     0.09     4.45 r
  U0ReadChannel/U1ReadChannelmi/U0ReadChannelmi/U416/Y (AND2X2)     0.15     0.19     4.64 r
  U0ReadChannel/U1ReadChannelmi/U0ReadChannelmi/ARVALIDmi2s (ReadChannelmi_4)     0.00     4.64 r
  U0ReadChannel/U1ReadChannelmi/AR0_fully_registered/VALID_S (ARmi_fully_registered_4)     0.00     4.64 r
  U0ReadChannel/U1ReadChannelmi/AR0_fully_registered/U566/Y (INVX12)     0.05     0.21     4.85 f
  U0ReadChannel/U1ReadChannelmi/AR0_fully_registered/U582/Y (OR2X4)     0.12     0.26     5.11 f
  U0ReadChannel/U1ReadChannelmi/AR0_fully_registered/U587/Y (BUFX8)     0.09     0.17     5.28 f
  U0ReadChannel/U1ReadChannelmi/AR0_fully_registered/U678/Y (INVX1)     0.51     0.31     5.59 r
  U0ReadChannel/U1ReadChannelmi/AR0_fully_registered/U677/Y (BUFX3)     0.62     0.49     6.09 r
  U0ReadChannel/U1ReadChannelmi/AR0_fully_registered/U651/Y (OAI22X1)     0.14     0.14     6.23 f
  U0ReadChannel/U1ReadChannelmi/AR0_fully_registered/INFORMATION_1_reg_5_/D (DFFRX4)     0.14     0.00     6.23 f
  data arrival time                                                  6.23

  clock ACLK (rise edge)                                  7.50       7.50
  clock network delay (ideal)                             0.00       7.50
  clock uncertainty                                      -1.05       6.45
  U0ReadChannel/U1ReadChannelmi/AR0_fully_registered/INFORMATION_1_reg_5_/CK (DFFRX4)     0.00     6.45 r
  library setup time                                     -0.22       6.23
  data required time                                                 6.23
  --------------------------------------------------------------------------
  data required time                                                 6.23
  data arrival time                                                 -6.23
  --------------------------------------------------------------------------
  slack (MET)                                                        0.00


  Startpoint: U0ReadChannel/U0ReadChannelsi/AR0_fully_registered/INFORMATION_0_reg_48_
              (rising edge-triggered flip-flop clocked by ACLK)
  Endpoint: U0ReadChannel/U1ReadChannelmi/AR0_fully_registered/INFORMATION_1_reg_18_
            (rising edge-triggered flip-flop clocked by ACLK)
  Path Group: ACLK
  Path Type: max

  Point                                        Trans      Incr       Path
  --------------------------------------------------------------------------
  clock ACLK (rise edge)                                  0.00       0.00
  clock network delay (ideal)                             0.00       0.00
  U0ReadChannel/U0ReadChannelsi/AR0_fully_registered/INFORMATION_0_reg_48_/CK (DFFRX4)     0.40     0.00 #     0.00 r
  U0ReadChannel/U0ReadChannelsi/AR0_fully_registered/INFORMATION_0_reg_48_/Q (DFFRX4)     0.23     0.76     0.76 r
  U0ReadChannel/U0ReadChannelsi/AR0_fully_registered/INFORMATION_R[48] (AR_fully_registered_3)     0.00     0.76 r
  U0ReadChannel/U0ReadChannelsi/U0ReadChannelsi/ARADDRm2si[30] (ReadChannelsi_3)     0.00     0.76 r
  U0ReadChannel/U0ReadChannelsi/U0ReadChannelsi/U258/Y (INVX8)     0.05     0.03     0.80 f
  U0ReadChannel/U0ReadChannelsi/U0ReadChannelsi/U283/Y (NOR2X2)     0.19     0.14     0.94 r
  U0ReadChannel/U0ReadChannelsi/U0ReadChannelsi/U1PermitCtl/SlaveNum[1] (PermitCtl_7)     0.00     0.94 r
  U0ReadChannel/U0ReadChannelsi/U0ReadChannelsi/U1PermitCtl/U3558/Y (BUFX3)     0.21     0.22     1.16 r
  U0ReadChannel/U0ReadChannelsi/U0ReadChannelsi/U1PermitCtl/U3575/Y (XNOR2X1)     0.27     0.40     1.56 r
  U0ReadChannel/U0ReadChannelsi/U0ReadChannelsi/U1PermitCtl/U3301/Y (NAND4X4)     0.32     0.23     1.79 f
  U0ReadChannel/U0ReadChannelsi/U0ReadChannelsi/U1PermitCtl/U3300/Y (NAND4X4)     0.20     0.21     2.00 r
  U0ReadChannel/U0ReadChannelsi/U0ReadChannelsi/U1PermitCtl/U3278/Y (NOR2X4)     0.08     0.06     2.06 f
  U0ReadChannel/U0ReadChannelsi/U0ReadChannelsi/U1PermitCtl/U3276/Y (AOI21X4)     0.28     0.22     2.28 r
  U0ReadChannel/U0ReadChannelsi/U0ReadChannelsi/U1PermitCtl/CtlData2writech[3] (PermitCtl_7)     0.00     2.28 r
  U0ReadChannel/U0ReadChannelsi/U0ReadChannelsi/U253/Y (NAND3X2)     0.26     0.17     2.45 f
  U0ReadChannel/U0ReadChannelsi/U0ReadChannelsi/U255/Y (NOR2X1)     0.49     0.35     2.80 r
  U0ReadChannel/U0ReadChannelsi/U0ReadChannelsi/ARVALIDsi2mi[1] (ReadChannelsi_3)     0.00     2.80 r
  U0ReadChannel/U0ReadChannelsi/ARVALIDsi2mi[1] (ReadChannelsi_RS_3)     0.00     2.80 r
  U0ReadChannel/U1ReadChannelmi/ARVALIDsi2mi[0] (ReadChannelmi_RS_4)     0.00     2.80 r
  U0ReadChannel/U1ReadChannelmi/U0ReadChannelmi/ARVALIDsi2mi[0] (ReadChannelmi_4)     0.00     2.80 r
  U0ReadChannel/U1ReadChannelmi/U0ReadChannelmi/U423/Y (INVX4)     0.08     0.04     2.84 f
  U0ReadChannel/U1ReadChannelmi/U0ReadChannelmi/U427/Y (OAI221X2)     0.62     0.40     3.24 r
  U0ReadChannel/U1ReadChannelmi/U0ReadChannelmi/U0LockCtlRdmi/AVALID (LockCtlRdmi_4)     0.00     3.24 r
  U0ReadChannel/U1ReadChannelmi/U0ReadChannelmi/U0LockCtlRdmi/U84/Y (OR2X1)     0.10     0.20     3.44 r
  U0ReadChannel/U1ReadChannelmi/U0ReadChannelmi/U0LockCtlRdmi/U67/Y (OAI222X4)     0.08     0.38     3.82 f
  U0ReadChannel/U1ReadChannelmi/U0ReadChannelmi/U0LockCtlRdmi/U66/Y (INVX8)     0.05     0.05     3.86 r
  U0ReadChannel/U1ReadChannelmi/U0ReadChannelmi/U0LockCtlRdmi/U57/Y (NAND3X4)     0.08     0.07     3.94 f
  U0ReadChannel/U1ReadChannelmi/U0ReadChannelmi/U0LockCtlRdmi/EnAMUXn (LockCtlRdmi_4)     0.00     3.94 f
  U0ReadChannel/U1ReadChannelmi/U0ReadChannelmi/U425/Y (OR3X1)     0.26     0.43     4.36 f
  U0ReadChannel/U1ReadChannelmi/U0ReadChannelmi/U415/Y (INVX4)     0.10     0.09     4.45 r
  U0ReadChannel/U1ReadChannelmi/U0ReadChannelmi/U416/Y (AND2X2)     0.15     0.19     4.64 r
  U0ReadChannel/U1ReadChannelmi/U0ReadChannelmi/ARVALIDmi2s (ReadChannelmi_4)     0.00     4.64 r
  U0ReadChannel/U1ReadChannelmi/AR0_fully_registered/VALID_S (ARmi_fully_registered_4)     0.00     4.64 r
  U0ReadChannel/U1ReadChannelmi/AR0_fully_registered/U566/Y (INVX12)     0.05     0.21     4.85 f
  U0ReadChannel/U1ReadChannelmi/AR0_fully_registered/U582/Y (OR2X4)     0.12     0.26     5.11 f
  U0ReadChannel/U1ReadChannelmi/AR0_fully_registered/U587/Y (BUFX8)     0.09     0.17     5.28 f
  U0ReadChannel/U1ReadChannelmi/AR0_fully_registered/U678/Y (INVX1)     0.51     0.31     5.59 r
  U0ReadChannel/U1ReadChannelmi/AR0_fully_registered/U677/Y (BUFX3)     0.62     0.49     6.09 r
  U0ReadChannel/U1ReadChannelmi/AR0_fully_registered/U675/Y (OAI22X1)     0.14     0.14     6.23 f
  U0ReadChannel/U1ReadChannelmi/AR0_fully_registered/INFORMATION_1_reg_18_/D (DFFRX4)     0.14     0.00     6.23 f
  data arrival time                                                  6.23

  clock ACLK (rise edge)                                  7.50       7.50
  clock network delay (ideal)                             0.00       7.50
  clock uncertainty                                      -1.05       6.45
  U0ReadChannel/U1ReadChannelmi/AR0_fully_registered/INFORMATION_1_reg_18_/CK (DFFRX4)     0.00     6.45 r
  library setup time                                     -0.22       6.23
  data required time                                                 6.23
  --------------------------------------------------------------------------
  data required time                                                 6.23
  data arrival time                                                 -6.23
  --------------------------------------------------------------------------
  slack (MET)                                                        0.00


  Startpoint: U0ReadChannel/U0ReadChannelsi/AR0_fully_registered/INFORMATION_0_reg_48_
              (rising edge-triggered flip-flop clocked by ACLK)
  Endpoint: U0ReadChannel/U1ReadChannelmi/AR0_fully_registered/INFORMATION_1_reg_27_
            (rising edge-triggered flip-flop clocked by ACLK)
  Path Group: ACLK
  Path Type: max

  Point                                        Trans      Incr       Path
  --------------------------------------------------------------------------
  clock ACLK (rise edge)                                  0.00       0.00
  clock network delay (ideal)                             0.00       0.00
  U0ReadChannel/U0ReadChannelsi/AR0_fully_registered/INFORMATION_0_reg_48_/CK (DFFRX4)     0.40     0.00 #     0.00 r
  U0ReadChannel/U0ReadChannelsi/AR0_fully_registered/INFORMATION_0_reg_48_/Q (DFFRX4)     0.23     0.76     0.76 r
  U0ReadChannel/U0ReadChannelsi/AR0_fully_registered/INFORMATION_R[48] (AR_fully_registered_3)     0.00     0.76 r
  U0ReadChannel/U0ReadChannelsi/U0ReadChannelsi/ARADDRm2si[30] (ReadChannelsi_3)     0.00     0.76 r
  U0ReadChannel/U0ReadChannelsi/U0ReadChannelsi/U258/Y (INVX8)     0.05     0.03     0.80 f
  U0ReadChannel/U0ReadChannelsi/U0ReadChannelsi/U283/Y (NOR2X2)     0.19     0.14     0.94 r
  U0ReadChannel/U0ReadChannelsi/U0ReadChannelsi/U1PermitCtl/SlaveNum[1] (PermitCtl_7)     0.00     0.94 r
  U0ReadChannel/U0ReadChannelsi/U0ReadChannelsi/U1PermitCtl/U3558/Y (BUFX3)     0.21     0.22     1.16 r
  U0ReadChannel/U0ReadChannelsi/U0ReadChannelsi/U1PermitCtl/U3575/Y (XNOR2X1)     0.27     0.40     1.56 r
  U0ReadChannel/U0ReadChannelsi/U0ReadChannelsi/U1PermitCtl/U3301/Y (NAND4X4)     0.32     0.23     1.79 f
  U0ReadChannel/U0ReadChannelsi/U0ReadChannelsi/U1PermitCtl/U3300/Y (NAND4X4)     0.20     0.21     2.00 r
  U0ReadChannel/U0ReadChannelsi/U0ReadChannelsi/U1PermitCtl/U3278/Y (NOR2X4)     0.08     0.06     2.06 f
  U0ReadChannel/U0ReadChannelsi/U0ReadChannelsi/U1PermitCtl/U3276/Y (AOI21X4)     0.28     0.22     2.28 r
  U0ReadChannel/U0ReadChannelsi/U0ReadChannelsi/U1PermitCtl/CtlData2writech[3] (PermitCtl_7)     0.00     2.28 r
  U0ReadChannel/U0ReadChannelsi/U0ReadChannelsi/U253/Y (NAND3X2)     0.26     0.17     2.45 f
  U0ReadChannel/U0ReadChannelsi/U0ReadChannelsi/U255/Y (NOR2X1)     0.49     0.35     2.80 r
  U0ReadChannel/U0ReadChannelsi/U0ReadChannelsi/ARVALIDsi2mi[1] (ReadChannelsi_3)     0.00     2.80 r
  U0ReadChannel/U0ReadChannelsi/ARVALIDsi2mi[1] (ReadChannelsi_RS_3)     0.00     2.80 r
  U0ReadChannel/U1ReadChannelmi/ARVALIDsi2mi[0] (ReadChannelmi_RS_4)     0.00     2.80 r
  U0ReadChannel/U1ReadChannelmi/U0ReadChannelmi/ARVALIDsi2mi[0] (ReadChannelmi_4)     0.00     2.80 r
  U0ReadChannel/U1ReadChannelmi/U0ReadChannelmi/U423/Y (INVX4)     0.08     0.04     2.84 f
  U0ReadChannel/U1ReadChannelmi/U0ReadChannelmi/U427/Y (OAI221X2)     0.62     0.40     3.24 r
  U0ReadChannel/U1ReadChannelmi/U0ReadChannelmi/U0LockCtlRdmi/AVALID (LockCtlRdmi_4)     0.00     3.24 r
  U0ReadChannel/U1ReadChannelmi/U0ReadChannelmi/U0LockCtlRdmi/U84/Y (OR2X1)     0.10     0.20     3.44 r
  U0ReadChannel/U1ReadChannelmi/U0ReadChannelmi/U0LockCtlRdmi/U67/Y (OAI222X4)     0.08     0.38     3.82 f
  U0ReadChannel/U1ReadChannelmi/U0ReadChannelmi/U0LockCtlRdmi/U66/Y (INVX8)     0.05     0.05     3.86 r
  U0ReadChannel/U1ReadChannelmi/U0ReadChannelmi/U0LockCtlRdmi/U57/Y (NAND3X4)     0.08     0.07     3.94 f
  U0ReadChannel/U1ReadChannelmi/U0ReadChannelmi/U0LockCtlRdmi/EnAMUXn (LockCtlRdmi_4)     0.00     3.94 f
  U0ReadChannel/U1ReadChannelmi/U0ReadChannelmi/U425/Y (OR3X1)     0.26     0.43     4.36 f
  U0ReadChannel/U1ReadChannelmi/U0ReadChannelmi/U415/Y (INVX4)     0.10     0.09     4.45 r
  U0ReadChannel/U1ReadChannelmi/U0ReadChannelmi/U416/Y (AND2X2)     0.15     0.19     4.64 r
  U0ReadChannel/U1ReadChannelmi/U0ReadChannelmi/ARVALIDmi2s (ReadChannelmi_4)     0.00     4.64 r
  U0ReadChannel/U1ReadChannelmi/AR0_fully_registered/VALID_S (ARmi_fully_registered_4)     0.00     4.64 r
  U0ReadChannel/U1ReadChannelmi/AR0_fully_registered/U566/Y (INVX12)     0.05     0.21     4.85 f
  U0ReadChannel/U1ReadChannelmi/AR0_fully_registered/U582/Y (OR2X4)     0.12     0.26     5.11 f
  U0ReadChannel/U1ReadChannelmi/AR0_fully_registered/U587/Y (BUFX8)     0.09     0.17     5.28 f
  U0ReadChannel/U1ReadChannelmi/AR0_fully_registered/U678/Y (INVX1)     0.51     0.31     5.59 r
  U0ReadChannel/U1ReadChannelmi/AR0_fully_registered/U677/Y (BUFX3)     0.62     0.49     6.09 r
  U0ReadChannel/U1ReadChannelmi/AR0_fully_registered/U668/Y (OAI22X1)     0.14     0.14     6.23 f
  U0ReadChannel/U1ReadChannelmi/AR0_fully_registered/INFORMATION_1_reg_27_/D (DFFRX4)     0.14     0.00     6.23 f
  data arrival time                                                  6.23

  clock ACLK (rise edge)                                  7.50       7.50
  clock network delay (ideal)                             0.00       7.50
  clock uncertainty                                      -1.05       6.45
  U0ReadChannel/U1ReadChannelmi/AR0_fully_registered/INFORMATION_1_reg_27_/CK (DFFRX4)     0.00     6.45 r
  library setup time                                     -0.22       6.23
  data required time                                                 6.23
  --------------------------------------------------------------------------
  data required time                                                 6.23
  data arrival time                                                 -6.23
  --------------------------------------------------------------------------
  slack (MET)                                                        0.00


  Startpoint: U0ReadChannel/U0ReadChannelsi/AR0_fully_registered/INFORMATION_0_reg_48_
              (rising edge-triggered flip-flop clocked by ACLK)
  Endpoint: U0ReadChannel/U1ReadChannelmi/AR0_fully_registered/INFORMATION_1_reg_29_
            (rising edge-triggered flip-flop clocked by ACLK)
  Path Group: ACLK
  Path Type: max

  Point                                        Trans      Incr       Path
  --------------------------------------------------------------------------
  clock ACLK (rise edge)                                  0.00       0.00
  clock network delay (ideal)                             0.00       0.00
  U0ReadChannel/U0ReadChannelsi/AR0_fully_registered/INFORMATION_0_reg_48_/CK (DFFRX4)     0.40     0.00 #     0.00 r
  U0ReadChannel/U0ReadChannelsi/AR0_fully_registered/INFORMATION_0_reg_48_/Q (DFFRX4)     0.23     0.76     0.76 r
  U0ReadChannel/U0ReadChannelsi/AR0_fully_registered/INFORMATION_R[48] (AR_fully_registered_3)     0.00     0.76 r
  U0ReadChannel/U0ReadChannelsi/U0ReadChannelsi/ARADDRm2si[30] (ReadChannelsi_3)     0.00     0.76 r
  U0ReadChannel/U0ReadChannelsi/U0ReadChannelsi/U258/Y (INVX8)     0.05     0.03     0.80 f
  U0ReadChannel/U0ReadChannelsi/U0ReadChannelsi/U283/Y (NOR2X2)     0.19     0.14     0.94 r
  U0ReadChannel/U0ReadChannelsi/U0ReadChannelsi/U1PermitCtl/SlaveNum[1] (PermitCtl_7)     0.00     0.94 r
  U0ReadChannel/U0ReadChannelsi/U0ReadChannelsi/U1PermitCtl/U3558/Y (BUFX3)     0.21     0.22     1.16 r
  U0ReadChannel/U0ReadChannelsi/U0ReadChannelsi/U1PermitCtl/U3575/Y (XNOR2X1)     0.27     0.40     1.56 r
  U0ReadChannel/U0ReadChannelsi/U0ReadChannelsi/U1PermitCtl/U3301/Y (NAND4X4)     0.32     0.23     1.79 f
  U0ReadChannel/U0ReadChannelsi/U0ReadChannelsi/U1PermitCtl/U3300/Y (NAND4X4)     0.20     0.21     2.00 r
  U0ReadChannel/U0ReadChannelsi/U0ReadChannelsi/U1PermitCtl/U3278/Y (NOR2X4)     0.08     0.06     2.06 f
  U0ReadChannel/U0ReadChannelsi/U0ReadChannelsi/U1PermitCtl/U3276/Y (AOI21X4)     0.28     0.22     2.28 r
  U0ReadChannel/U0ReadChannelsi/U0ReadChannelsi/U1PermitCtl/CtlData2writech[3] (PermitCtl_7)     0.00     2.28 r
  U0ReadChannel/U0ReadChannelsi/U0ReadChannelsi/U253/Y (NAND3X2)     0.26     0.17     2.45 f
  U0ReadChannel/U0ReadChannelsi/U0ReadChannelsi/U255/Y (NOR2X1)     0.49     0.35     2.80 r
  U0ReadChannel/U0ReadChannelsi/U0ReadChannelsi/ARVALIDsi2mi[1] (ReadChannelsi_3)     0.00     2.80 r
  U0ReadChannel/U0ReadChannelsi/ARVALIDsi2mi[1] (ReadChannelsi_RS_3)     0.00     2.80 r
  U0ReadChannel/U1ReadChannelmi/ARVALIDsi2mi[0] (ReadChannelmi_RS_4)     0.00     2.80 r
  U0ReadChannel/U1ReadChannelmi/U0ReadChannelmi/ARVALIDsi2mi[0] (ReadChannelmi_4)     0.00     2.80 r
  U0ReadChannel/U1ReadChannelmi/U0ReadChannelmi/U423/Y (INVX4)     0.08     0.04     2.84 f
  U0ReadChannel/U1ReadChannelmi/U0ReadChannelmi/U427/Y (OAI221X2)     0.62     0.40     3.24 r
  U0ReadChannel/U1ReadChannelmi/U0ReadChannelmi/U0LockCtlRdmi/AVALID (LockCtlRdmi_4)     0.00     3.24 r
  U0ReadChannel/U1ReadChannelmi/U0ReadChannelmi/U0LockCtlRdmi/U84/Y (OR2X1)     0.10     0.20     3.44 r
  U0ReadChannel/U1ReadChannelmi/U0ReadChannelmi/U0LockCtlRdmi/U67/Y (OAI222X4)     0.08     0.38     3.82 f
  U0ReadChannel/U1ReadChannelmi/U0ReadChannelmi/U0LockCtlRdmi/U66/Y (INVX8)     0.05     0.05     3.86 r
  U0ReadChannel/U1ReadChannelmi/U0ReadChannelmi/U0LockCtlRdmi/U57/Y (NAND3X4)     0.08     0.07     3.94 f
  U0ReadChannel/U1ReadChannelmi/U0ReadChannelmi/U0LockCtlRdmi/EnAMUXn (LockCtlRdmi_4)     0.00     3.94 f
  U0ReadChannel/U1ReadChannelmi/U0ReadChannelmi/U425/Y (OR3X1)     0.26     0.43     4.36 f
  U0ReadChannel/U1ReadChannelmi/U0ReadChannelmi/U415/Y (INVX4)     0.10     0.09     4.45 r
  U0ReadChannel/U1ReadChannelmi/U0ReadChannelmi/U416/Y (AND2X2)     0.15     0.19     4.64 r
  U0ReadChannel/U1ReadChannelmi/U0ReadChannelmi/ARVALIDmi2s (ReadChannelmi_4)     0.00     4.64 r
  U0ReadChannel/U1ReadChannelmi/AR0_fully_registered/VALID_S (ARmi_fully_registered_4)     0.00     4.64 r
  U0ReadChannel/U1ReadChannelmi/AR0_fully_registered/U566/Y (INVX12)     0.05     0.21     4.85 f
  U0ReadChannel/U1ReadChannelmi/AR0_fully_registered/U582/Y (OR2X4)     0.12     0.26     5.11 f
  U0ReadChannel/U1ReadChannelmi/AR0_fully_registered/U587/Y (BUFX8)     0.09     0.17     5.28 f
  U0ReadChannel/U1ReadChannelmi/AR0_fully_registered/U678/Y (INVX1)     0.51     0.31     5.59 r
  U0ReadChannel/U1ReadChannelmi/AR0_fully_registered/U677/Y (BUFX3)     0.62     0.49     6.09 r
  U0ReadChannel/U1ReadChannelmi/AR0_fully_registered/U667/Y (OAI22X1)     0.14     0.14     6.23 f
  U0ReadChannel/U1ReadChannelmi/AR0_fully_registered/INFORMATION_1_reg_29_/D (DFFRX4)     0.14     0.00     6.23 f
  data arrival time                                                  6.23

  clock ACLK (rise edge)                                  7.50       7.50
  clock network delay (ideal)                             0.00       7.50
  clock uncertainty                                      -1.05       6.45
  U0ReadChannel/U1ReadChannelmi/AR0_fully_registered/INFORMATION_1_reg_29_/CK (DFFRX4)     0.00     6.45 r
  library setup time                                     -0.22       6.23
  data required time                                                 6.23
  --------------------------------------------------------------------------
  data required time                                                 6.23
  data arrival time                                                 -6.23
  --------------------------------------------------------------------------
  slack (MET)                                                        0.00


  Startpoint: U0ReadChannel/U0ReadChannelsi/AR0_fully_registered/INFORMATION_0_reg_48_
              (rising edge-triggered flip-flop clocked by ACLK)
  Endpoint: U0ReadChannel/U1ReadChannelmi/AR0_fully_registered/INFORMATION_1_reg_34_
            (rising edge-triggered flip-flop clocked by ACLK)
  Path Group: ACLK
  Path Type: max

  Point                                        Trans      Incr       Path
  --------------------------------------------------------------------------
  clock ACLK (rise edge)                                  0.00       0.00
  clock network delay (ideal)                             0.00       0.00
  U0ReadChannel/U0ReadChannelsi/AR0_fully_registered/INFORMATION_0_reg_48_/CK (DFFRX4)     0.40     0.00 #     0.00 r
  U0ReadChannel/U0ReadChannelsi/AR0_fully_registered/INFORMATION_0_reg_48_/Q (DFFRX4)     0.23     0.76     0.76 r
  U0ReadChannel/U0ReadChannelsi/AR0_fully_registered/INFORMATION_R[48] (AR_fully_registered_3)     0.00     0.76 r
  U0ReadChannel/U0ReadChannelsi/U0ReadChannelsi/ARADDRm2si[30] (ReadChannelsi_3)     0.00     0.76 r
  U0ReadChannel/U0ReadChannelsi/U0ReadChannelsi/U258/Y (INVX8)     0.05     0.03     0.80 f
  U0ReadChannel/U0ReadChannelsi/U0ReadChannelsi/U283/Y (NOR2X2)     0.19     0.14     0.94 r
  U0ReadChannel/U0ReadChannelsi/U0ReadChannelsi/U1PermitCtl/SlaveNum[1] (PermitCtl_7)     0.00     0.94 r
  U0ReadChannel/U0ReadChannelsi/U0ReadChannelsi/U1PermitCtl/U3558/Y (BUFX3)     0.21     0.22     1.16 r
  U0ReadChannel/U0ReadChannelsi/U0ReadChannelsi/U1PermitCtl/U3575/Y (XNOR2X1)     0.27     0.40     1.56 r
  U0ReadChannel/U0ReadChannelsi/U0ReadChannelsi/U1PermitCtl/U3301/Y (NAND4X4)     0.32     0.23     1.79 f
  U0ReadChannel/U0ReadChannelsi/U0ReadChannelsi/U1PermitCtl/U3300/Y (NAND4X4)     0.20     0.21     2.00 r
  U0ReadChannel/U0ReadChannelsi/U0ReadChannelsi/U1PermitCtl/U3278/Y (NOR2X4)     0.08     0.06     2.06 f
  U0ReadChannel/U0ReadChannelsi/U0ReadChannelsi/U1PermitCtl/U3276/Y (AOI21X4)     0.28     0.22     2.28 r
  U0ReadChannel/U0ReadChannelsi/U0ReadChannelsi/U1PermitCtl/CtlData2writech[3] (PermitCtl_7)     0.00     2.28 r
  U0ReadChannel/U0ReadChannelsi/U0ReadChannelsi/U253/Y (NAND3X2)     0.26     0.17     2.45 f
  U0ReadChannel/U0ReadChannelsi/U0ReadChannelsi/U255/Y (NOR2X1)     0.49     0.35     2.80 r
  U0ReadChannel/U0ReadChannelsi/U0ReadChannelsi/ARVALIDsi2mi[1] (ReadChannelsi_3)     0.00     2.80 r
  U0ReadChannel/U0ReadChannelsi/ARVALIDsi2mi[1] (ReadChannelsi_RS_3)     0.00     2.80 r
  U0ReadChannel/U1ReadChannelmi/ARVALIDsi2mi[0] (ReadChannelmi_RS_4)     0.00     2.80 r
  U0ReadChannel/U1ReadChannelmi/U0ReadChannelmi/ARVALIDsi2mi[0] (ReadChannelmi_4)     0.00     2.80 r
  U0ReadChannel/U1ReadChannelmi/U0ReadChannelmi/U423/Y (INVX4)     0.08     0.04     2.84 f
  U0ReadChannel/U1ReadChannelmi/U0ReadChannelmi/U427/Y (OAI221X2)     0.62     0.40     3.24 r
  U0ReadChannel/U1ReadChannelmi/U0ReadChannelmi/U0LockCtlRdmi/AVALID (LockCtlRdmi_4)     0.00     3.24 r
  U0ReadChannel/U1ReadChannelmi/U0ReadChannelmi/U0LockCtlRdmi/U84/Y (OR2X1)     0.10     0.20     3.44 r
  U0ReadChannel/U1ReadChannelmi/U0ReadChannelmi/U0LockCtlRdmi/U67/Y (OAI222X4)     0.08     0.38     3.82 f
  U0ReadChannel/U1ReadChannelmi/U0ReadChannelmi/U0LockCtlRdmi/U66/Y (INVX8)     0.05     0.05     3.86 r
  U0ReadChannel/U1ReadChannelmi/U0ReadChannelmi/U0LockCtlRdmi/U57/Y (NAND3X4)     0.08     0.07     3.94 f
  U0ReadChannel/U1ReadChannelmi/U0ReadChannelmi/U0LockCtlRdmi/EnAMUXn (LockCtlRdmi_4)     0.00     3.94 f
  U0ReadChannel/U1ReadChannelmi/U0ReadChannelmi/U425/Y (OR3X1)     0.26     0.43     4.36 f
  U0ReadChannel/U1ReadChannelmi/U0ReadChannelmi/U415/Y (INVX4)     0.10     0.09     4.45 r
  U0ReadChannel/U1ReadChannelmi/U0ReadChannelmi/U416/Y (AND2X2)     0.15     0.19     4.64 r
  U0ReadChannel/U1ReadChannelmi/U0ReadChannelmi/ARVALIDmi2s (ReadChannelmi_4)     0.00     4.64 r
  U0ReadChannel/U1ReadChannelmi/AR0_fully_registered/VALID_S (ARmi_fully_registered_4)     0.00     4.64 r
  U0ReadChannel/U1ReadChannelmi/AR0_fully_registered/U566/Y (INVX12)     0.05     0.21     4.85 f
  U0ReadChannel/U1ReadChannelmi/AR0_fully_registered/U582/Y (OR2X4)     0.12     0.26     5.11 f
  U0ReadChannel/U1ReadChannelmi/AR0_fully_registered/U587/Y (BUFX8)     0.09     0.17     5.28 f
  U0ReadChannel/U1ReadChannelmi/AR0_fully_registered/U678/Y (INVX1)     0.51     0.31     5.59 r
  U0ReadChannel/U1ReadChannelmi/AR0_fully_registered/U677/Y (BUFX3)     0.62     0.49     6.09 r
  U0ReadChannel/U1ReadChannelmi/AR0_fully_registered/U664/Y (OAI22X1)     0.14     0.14     6.23 f
  U0ReadChannel/U1ReadChannelmi/AR0_fully_registered/INFORMATION_1_reg_34_/D (DFFRX4)     0.14     0.00     6.23 f
  data arrival time                                                  6.23

  clock ACLK (rise edge)                                  7.50       7.50
  clock network delay (ideal)                             0.00       7.50
  clock uncertainty                                      -1.05       6.45
  U0ReadChannel/U1ReadChannelmi/AR0_fully_registered/INFORMATION_1_reg_34_/CK (DFFRX4)     0.00     6.45 r
  library setup time                                     -0.22       6.23
  data required time                                                 6.23
  --------------------------------------------------------------------------
  data required time                                                 6.23
  data arrival time                                                 -6.23
  --------------------------------------------------------------------------
  slack (MET)                                                        0.00


  Startpoint: U0ReadChannel/U0ReadChannelsi/AR0_fully_registered/INFORMATION_0_reg_48_
              (rising edge-triggered flip-flop clocked by ACLK)
  Endpoint: U0ReadChannel/U1ReadChannelmi/AR0_fully_registered/INFORMATION_1_reg_36_
            (rising edge-triggered flip-flop clocked by ACLK)
  Path Group: ACLK
  Path Type: max

  Point                                        Trans      Incr       Path
  --------------------------------------------------------------------------
  clock ACLK (rise edge)                                  0.00       0.00
  clock network delay (ideal)                             0.00       0.00
  U0ReadChannel/U0ReadChannelsi/AR0_fully_registered/INFORMATION_0_reg_48_/CK (DFFRX4)     0.40     0.00 #     0.00 r
  U0ReadChannel/U0ReadChannelsi/AR0_fully_registered/INFORMATION_0_reg_48_/Q (DFFRX4)     0.23     0.76     0.76 r
  U0ReadChannel/U0ReadChannelsi/AR0_fully_registered/INFORMATION_R[48] (AR_fully_registered_3)     0.00     0.76 r
  U0ReadChannel/U0ReadChannelsi/U0ReadChannelsi/ARADDRm2si[30] (ReadChannelsi_3)     0.00     0.76 r
  U0ReadChannel/U0ReadChannelsi/U0ReadChannelsi/U258/Y (INVX8)     0.05     0.03     0.80 f
  U0ReadChannel/U0ReadChannelsi/U0ReadChannelsi/U283/Y (NOR2X2)     0.19     0.14     0.94 r
  U0ReadChannel/U0ReadChannelsi/U0ReadChannelsi/U1PermitCtl/SlaveNum[1] (PermitCtl_7)     0.00     0.94 r
  U0ReadChannel/U0ReadChannelsi/U0ReadChannelsi/U1PermitCtl/U3558/Y (BUFX3)     0.21     0.22     1.16 r
  U0ReadChannel/U0ReadChannelsi/U0ReadChannelsi/U1PermitCtl/U3575/Y (XNOR2X1)     0.27     0.40     1.56 r
  U0ReadChannel/U0ReadChannelsi/U0ReadChannelsi/U1PermitCtl/U3301/Y (NAND4X4)     0.32     0.23     1.79 f
  U0ReadChannel/U0ReadChannelsi/U0ReadChannelsi/U1PermitCtl/U3300/Y (NAND4X4)     0.20     0.21     2.00 r
  U0ReadChannel/U0ReadChannelsi/U0ReadChannelsi/U1PermitCtl/U3278/Y (NOR2X4)     0.08     0.06     2.06 f
  U0ReadChannel/U0ReadChannelsi/U0ReadChannelsi/U1PermitCtl/U3276/Y (AOI21X4)     0.28     0.22     2.28 r
  U0ReadChannel/U0ReadChannelsi/U0ReadChannelsi/U1PermitCtl/CtlData2writech[3] (PermitCtl_7)     0.00     2.28 r
  U0ReadChannel/U0ReadChannelsi/U0ReadChannelsi/U253/Y (NAND3X2)     0.26     0.17     2.45 f
  U0ReadChannel/U0ReadChannelsi/U0ReadChannelsi/U255/Y (NOR2X1)     0.49     0.35     2.80 r
  U0ReadChannel/U0ReadChannelsi/U0ReadChannelsi/ARVALIDsi2mi[1] (ReadChannelsi_3)     0.00     2.80 r
  U0ReadChannel/U0ReadChannelsi/ARVALIDsi2mi[1] (ReadChannelsi_RS_3)     0.00     2.80 r
  U0ReadChannel/U1ReadChannelmi/ARVALIDsi2mi[0] (ReadChannelmi_RS_4)     0.00     2.80 r
  U0ReadChannel/U1ReadChannelmi/U0ReadChannelmi/ARVALIDsi2mi[0] (ReadChannelmi_4)     0.00     2.80 r
  U0ReadChannel/U1ReadChannelmi/U0ReadChannelmi/U423/Y (INVX4)     0.08     0.04     2.84 f
  U0ReadChannel/U1ReadChannelmi/U0ReadChannelmi/U427/Y (OAI221X2)     0.62     0.40     3.24 r
  U0ReadChannel/U1ReadChannelmi/U0ReadChannelmi/U0LockCtlRdmi/AVALID (LockCtlRdmi_4)     0.00     3.24 r
  U0ReadChannel/U1ReadChannelmi/U0ReadChannelmi/U0LockCtlRdmi/U84/Y (OR2X1)     0.10     0.20     3.44 r
  U0ReadChannel/U1ReadChannelmi/U0ReadChannelmi/U0LockCtlRdmi/U67/Y (OAI222X4)     0.08     0.38     3.82 f
  U0ReadChannel/U1ReadChannelmi/U0ReadChannelmi/U0LockCtlRdmi/U66/Y (INVX8)     0.05     0.05     3.86 r
  U0ReadChannel/U1ReadChannelmi/U0ReadChannelmi/U0LockCtlRdmi/U57/Y (NAND3X4)     0.08     0.07     3.94 f
  U0ReadChannel/U1ReadChannelmi/U0ReadChannelmi/U0LockCtlRdmi/EnAMUXn (LockCtlRdmi_4)     0.00     3.94 f
  U0ReadChannel/U1ReadChannelmi/U0ReadChannelmi/U425/Y (OR3X1)     0.26     0.43     4.36 f
  U0ReadChannel/U1ReadChannelmi/U0ReadChannelmi/U415/Y (INVX4)     0.10     0.09     4.45 r
  U0ReadChannel/U1ReadChannelmi/U0ReadChannelmi/U416/Y (AND2X2)     0.15     0.19     4.64 r
  U0ReadChannel/U1ReadChannelmi/U0ReadChannelmi/ARVALIDmi2s (ReadChannelmi_4)     0.00     4.64 r
  U0ReadChannel/U1ReadChannelmi/AR0_fully_registered/VALID_S (ARmi_fully_registered_4)     0.00     4.64 r
  U0ReadChannel/U1ReadChannelmi/AR0_fully_registered/U566/Y (INVX12)     0.05     0.21     4.85 f
  U0ReadChannel/U1ReadChannelmi/AR0_fully_registered/U582/Y (OR2X4)     0.12     0.26     5.11 f
  U0ReadChannel/U1ReadChannelmi/AR0_fully_registered/U587/Y (BUFX8)     0.09     0.17     5.28 f
  U0ReadChannel/U1ReadChannelmi/AR0_fully_registered/U678/Y (INVX1)     0.51     0.31     5.59 r
  U0ReadChannel/U1ReadChannelmi/AR0_fully_registered/U677/Y (BUFX3)     0.62     0.49     6.09 r
  U0ReadChannel/U1ReadChannelmi/AR0_fully_registered/U663/Y (OAI22X1)     0.14     0.14     6.23 f
  U0ReadChannel/U1ReadChannelmi/AR0_fully_registered/INFORMATION_1_reg_36_/D (DFFRX4)     0.14     0.00     6.23 f
  data arrival time                                                  6.23

  clock ACLK (rise edge)                                  7.50       7.50
  clock network delay (ideal)                             0.00       7.50
  clock uncertainty                                      -1.05       6.45
  U0ReadChannel/U1ReadChannelmi/AR0_fully_registered/INFORMATION_1_reg_36_/CK (DFFRX4)     0.00     6.45 r
  library setup time                                     -0.22       6.23
  data required time                                                 6.23
  --------------------------------------------------------------------------
  data required time                                                 6.23
  data arrival time                                                 -6.23
  --------------------------------------------------------------------------
  slack (MET)                                                        0.00


  Startpoint: U0ReadChannel/U0ReadChannelsi/AR0_fully_registered/INFORMATION_0_reg_48_
              (rising edge-triggered flip-flop clocked by ACLK)
  Endpoint: U0ReadChannel/U1ReadChannelmi/AR0_fully_registered/INFORMATION_1_reg_43_
            (rising edge-triggered flip-flop clocked by ACLK)
  Path Group: ACLK
  Path Type: max

  Point                                        Trans      Incr       Path
  --------------------------------------------------------------------------
  clock ACLK (rise edge)                                  0.00       0.00
  clock network delay (ideal)                             0.00       0.00
  U0ReadChannel/U0ReadChannelsi/AR0_fully_registered/INFORMATION_0_reg_48_/CK (DFFRX4)     0.40     0.00 #     0.00 r
  U0ReadChannel/U0ReadChannelsi/AR0_fully_registered/INFORMATION_0_reg_48_/Q (DFFRX4)     0.23     0.76     0.76 r
  U0ReadChannel/U0ReadChannelsi/AR0_fully_registered/INFORMATION_R[48] (AR_fully_registered_3)     0.00     0.76 r
  U0ReadChannel/U0ReadChannelsi/U0ReadChannelsi/ARADDRm2si[30] (ReadChannelsi_3)     0.00     0.76 r
  U0ReadChannel/U0ReadChannelsi/U0ReadChannelsi/U258/Y (INVX8)     0.05     0.03     0.80 f
  U0ReadChannel/U0ReadChannelsi/U0ReadChannelsi/U283/Y (NOR2X2)     0.19     0.14     0.94 r
  U0ReadChannel/U0ReadChannelsi/U0ReadChannelsi/U1PermitCtl/SlaveNum[1] (PermitCtl_7)     0.00     0.94 r
  U0ReadChannel/U0ReadChannelsi/U0ReadChannelsi/U1PermitCtl/U3558/Y (BUFX3)     0.21     0.22     1.16 r
  U0ReadChannel/U0ReadChannelsi/U0ReadChannelsi/U1PermitCtl/U3575/Y (XNOR2X1)     0.27     0.40     1.56 r
  U0ReadChannel/U0ReadChannelsi/U0ReadChannelsi/U1PermitCtl/U3301/Y (NAND4X4)     0.32     0.23     1.79 f
  U0ReadChannel/U0ReadChannelsi/U0ReadChannelsi/U1PermitCtl/U3300/Y (NAND4X4)     0.20     0.21     2.00 r
  U0ReadChannel/U0ReadChannelsi/U0ReadChannelsi/U1PermitCtl/U3278/Y (NOR2X4)     0.08     0.06     2.06 f
  U0ReadChannel/U0ReadChannelsi/U0ReadChannelsi/U1PermitCtl/U3276/Y (AOI21X4)     0.28     0.22     2.28 r
  U0ReadChannel/U0ReadChannelsi/U0ReadChannelsi/U1PermitCtl/CtlData2writech[3] (PermitCtl_7)     0.00     2.28 r
  U0ReadChannel/U0ReadChannelsi/U0ReadChannelsi/U253/Y (NAND3X2)     0.26     0.17     2.45 f
  U0ReadChannel/U0ReadChannelsi/U0ReadChannelsi/U255/Y (NOR2X1)     0.49     0.35     2.80 r
  U0ReadChannel/U0ReadChannelsi/U0ReadChannelsi/ARVALIDsi2mi[1] (ReadChannelsi_3)     0.00     2.80 r
  U0ReadChannel/U0ReadChannelsi/ARVALIDsi2mi[1] (ReadChannelsi_RS_3)     0.00     2.80 r
  U0ReadChannel/U1ReadChannelmi/ARVALIDsi2mi[0] (ReadChannelmi_RS_4)     0.00     2.80 r
  U0ReadChannel/U1ReadChannelmi/U0ReadChannelmi/ARVALIDsi2mi[0] (ReadChannelmi_4)     0.00     2.80 r
  U0ReadChannel/U1ReadChannelmi/U0ReadChannelmi/U423/Y (INVX4)     0.08     0.04     2.84 f
  U0ReadChannel/U1ReadChannelmi/U0ReadChannelmi/U427/Y (OAI221X2)     0.62     0.40     3.24 r
  U0ReadChannel/U1ReadChannelmi/U0ReadChannelmi/U0LockCtlRdmi/AVALID (LockCtlRdmi_4)     0.00     3.24 r
  U0ReadChannel/U1ReadChannelmi/U0ReadChannelmi/U0LockCtlRdmi/U84/Y (OR2X1)     0.10     0.20     3.44 r
  U0ReadChannel/U1ReadChannelmi/U0ReadChannelmi/U0LockCtlRdmi/U67/Y (OAI222X4)     0.08     0.38     3.82 f
  U0ReadChannel/U1ReadChannelmi/U0ReadChannelmi/U0LockCtlRdmi/U66/Y (INVX8)     0.05     0.05     3.86 r
  U0ReadChannel/U1ReadChannelmi/U0ReadChannelmi/U0LockCtlRdmi/U57/Y (NAND3X4)     0.08     0.07     3.94 f
  U0ReadChannel/U1ReadChannelmi/U0ReadChannelmi/U0LockCtlRdmi/EnAMUXn (LockCtlRdmi_4)     0.00     3.94 f
  U0ReadChannel/U1ReadChannelmi/U0ReadChannelmi/U425/Y (OR3X1)     0.26     0.43     4.36 f
  U0ReadChannel/U1ReadChannelmi/U0ReadChannelmi/U415/Y (INVX4)     0.10     0.09     4.45 r
  U0ReadChannel/U1ReadChannelmi/U0ReadChannelmi/U416/Y (AND2X2)     0.15     0.19     4.64 r
  U0ReadChannel/U1ReadChannelmi/U0ReadChannelmi/ARVALIDmi2s (ReadChannelmi_4)     0.00     4.64 r
  U0ReadChannel/U1ReadChannelmi/AR0_fully_registered/VALID_S (ARmi_fully_registered_4)     0.00     4.64 r
  U0ReadChannel/U1ReadChannelmi/AR0_fully_registered/U566/Y (INVX12)     0.05     0.21     4.85 f
  U0ReadChannel/U1ReadChannelmi/AR0_fully_registered/U582/Y (OR2X4)     0.12     0.26     5.11 f
  U0ReadChannel/U1ReadChannelmi/AR0_fully_registered/U587/Y (BUFX8)     0.09     0.17     5.28 f
  U0ReadChannel/U1ReadChannelmi/AR0_fully_registered/U678/Y (INVX1)     0.51     0.31     5.59 r
  U0ReadChannel/U1ReadChannelmi/AR0_fully_registered/U677/Y (BUFX3)     0.62     0.49     6.09 r
  U0ReadChannel/U1ReadChannelmi/AR0_fully_registered/U659/Y (OAI22X1)     0.14     0.14     6.23 f
  U0ReadChannel/U1ReadChannelmi/AR0_fully_registered/INFORMATION_1_reg_43_/D (DFFRX4)     0.14     0.00     6.23 f
  data arrival time                                                  6.23

  clock ACLK (rise edge)                                  7.50       7.50
  clock network delay (ideal)                             0.00       7.50
  clock uncertainty                                      -1.05       6.45
  U0ReadChannel/U1ReadChannelmi/AR0_fully_registered/INFORMATION_1_reg_43_/CK (DFFRX4)     0.00     6.45 r
  library setup time                                     -0.22       6.23
  data required time                                                 6.23
  --------------------------------------------------------------------------
  data required time                                                 6.23
  data arrival time                                                 -6.23
  --------------------------------------------------------------------------
  slack (MET)                                                        0.00


  Startpoint: U0ReadChannel/U0ReadChannelsi/AR0_fully_registered/INFORMATION_0_reg_48_
              (rising edge-triggered flip-flop clocked by ACLK)
  Endpoint: U0ReadChannel/U1ReadChannelmi/AR0_fully_registered/INFORMATION_1_reg_47_
            (rising edge-triggered flip-flop clocked by ACLK)
  Path Group: ACLK
  Path Type: max

  Point                                        Trans      Incr       Path
  --------------------------------------------------------------------------
  clock ACLK (rise edge)                                  0.00       0.00
  clock network delay (ideal)                             0.00       0.00
  U0ReadChannel/U0ReadChannelsi/AR0_fully_registered/INFORMATION_0_reg_48_/CK (DFFRX4)     0.40     0.00 #     0.00 r
  U0ReadChannel/U0ReadChannelsi/AR0_fully_registered/INFORMATION_0_reg_48_/Q (DFFRX4)     0.23     0.76     0.76 r
  U0ReadChannel/U0ReadChannelsi/AR0_fully_registered/INFORMATION_R[48] (AR_fully_registered_3)     0.00     0.76 r
  U0ReadChannel/U0ReadChannelsi/U0ReadChannelsi/ARADDRm2si[30] (ReadChannelsi_3)     0.00     0.76 r
  U0ReadChannel/U0ReadChannelsi/U0ReadChannelsi/U258/Y (INVX8)     0.05     0.03     0.80 f
  U0ReadChannel/U0ReadChannelsi/U0ReadChannelsi/U283/Y (NOR2X2)     0.19     0.14     0.94 r
  U0ReadChannel/U0ReadChannelsi/U0ReadChannelsi/U1PermitCtl/SlaveNum[1] (PermitCtl_7)     0.00     0.94 r
  U0ReadChannel/U0ReadChannelsi/U0ReadChannelsi/U1PermitCtl/U3558/Y (BUFX3)     0.21     0.22     1.16 r
  U0ReadChannel/U0ReadChannelsi/U0ReadChannelsi/U1PermitCtl/U3575/Y (XNOR2X1)     0.27     0.40     1.56 r
  U0ReadChannel/U0ReadChannelsi/U0ReadChannelsi/U1PermitCtl/U3301/Y (NAND4X4)     0.32     0.23     1.79 f
  U0ReadChannel/U0ReadChannelsi/U0ReadChannelsi/U1PermitCtl/U3300/Y (NAND4X4)     0.20     0.21     2.00 r
  U0ReadChannel/U0ReadChannelsi/U0ReadChannelsi/U1PermitCtl/U3278/Y (NOR2X4)     0.08     0.06     2.06 f
  U0ReadChannel/U0ReadChannelsi/U0ReadChannelsi/U1PermitCtl/U3276/Y (AOI21X4)     0.28     0.22     2.28 r
  U0ReadChannel/U0ReadChannelsi/U0ReadChannelsi/U1PermitCtl/CtlData2writech[3] (PermitCtl_7)     0.00     2.28 r
  U0ReadChannel/U0ReadChannelsi/U0ReadChannelsi/U253/Y (NAND3X2)     0.26     0.17     2.45 f
  U0ReadChannel/U0ReadChannelsi/U0ReadChannelsi/U255/Y (NOR2X1)     0.49     0.35     2.80 r
  U0ReadChannel/U0ReadChannelsi/U0ReadChannelsi/ARVALIDsi2mi[1] (ReadChannelsi_3)     0.00     2.80 r
  U0ReadChannel/U0ReadChannelsi/ARVALIDsi2mi[1] (ReadChannelsi_RS_3)     0.00     2.80 r
  U0ReadChannel/U1ReadChannelmi/ARVALIDsi2mi[0] (ReadChannelmi_RS_4)     0.00     2.80 r
  U0ReadChannel/U1ReadChannelmi/U0ReadChannelmi/ARVALIDsi2mi[0] (ReadChannelmi_4)     0.00     2.80 r
  U0ReadChannel/U1ReadChannelmi/U0ReadChannelmi/U423/Y (INVX4)     0.08     0.04     2.84 f
  U0ReadChannel/U1ReadChannelmi/U0ReadChannelmi/U427/Y (OAI221X2)     0.62     0.40     3.24 r
  U0ReadChannel/U1ReadChannelmi/U0ReadChannelmi/U0LockCtlRdmi/AVALID (LockCtlRdmi_4)     0.00     3.24 r
  U0ReadChannel/U1ReadChannelmi/U0ReadChannelmi/U0LockCtlRdmi/U84/Y (OR2X1)     0.10     0.20     3.44 r
  U0ReadChannel/U1ReadChannelmi/U0ReadChannelmi/U0LockCtlRdmi/U67/Y (OAI222X4)     0.08     0.38     3.82 f
  U0ReadChannel/U1ReadChannelmi/U0ReadChannelmi/U0LockCtlRdmi/U66/Y (INVX8)     0.05     0.05     3.86 r
  U0ReadChannel/U1ReadChannelmi/U0ReadChannelmi/U0LockCtlRdmi/U57/Y (NAND3X4)     0.08     0.07     3.94 f
  U0ReadChannel/U1ReadChannelmi/U0ReadChannelmi/U0LockCtlRdmi/EnAMUXn (LockCtlRdmi_4)     0.00     3.94 f
  U0ReadChannel/U1ReadChannelmi/U0ReadChannelmi/U425/Y (OR3X1)     0.26     0.43     4.36 f
  U0ReadChannel/U1ReadChannelmi/U0ReadChannelmi/U415/Y (INVX4)     0.10     0.09     4.45 r
  U0ReadChannel/U1ReadChannelmi/U0ReadChannelmi/U416/Y (AND2X2)     0.15     0.19     4.64 r
  U0ReadChannel/U1ReadChannelmi/U0ReadChannelmi/ARVALIDmi2s (ReadChannelmi_4)     0.00     4.64 r
  U0ReadChannel/U1ReadChannelmi/AR0_fully_registered/VALID_S (ARmi_fully_registered_4)     0.00     4.64 r
  U0ReadChannel/U1ReadChannelmi/AR0_fully_registered/U566/Y (INVX12)     0.05     0.21     4.85 f
  U0ReadChannel/U1ReadChannelmi/AR0_fully_registered/U582/Y (OR2X4)     0.12     0.26     5.11 f
  U0ReadChannel/U1ReadChannelmi/AR0_fully_registered/U587/Y (BUFX8)     0.09     0.17     5.28 f
  U0ReadChannel/U1ReadChannelmi/AR0_fully_registered/U678/Y (INVX1)     0.51     0.31     5.59 r
  U0ReadChannel/U1ReadChannelmi/AR0_fully_registered/U677/Y (BUFX3)     0.62     0.49     6.09 r
  U0ReadChannel/U1ReadChannelmi/AR0_fully_registered/U657/Y (OAI22X1)     0.14     0.14     6.23 f
  U0ReadChannel/U1ReadChannelmi/AR0_fully_registered/INFORMATION_1_reg_47_/D (DFFRX4)     0.14     0.00     6.23 f
  data arrival time                                                  6.23

  clock ACLK (rise edge)                                  7.50       7.50
  clock network delay (ideal)                             0.00       7.50
  clock uncertainty                                      -1.05       6.45
  U0ReadChannel/U1ReadChannelmi/AR0_fully_registered/INFORMATION_1_reg_47_/CK (DFFRX4)     0.00     6.45 r
  library setup time                                     -0.22       6.23
  data required time                                                 6.23
  --------------------------------------------------------------------------
  data required time                                                 6.23
  data arrival time                                                 -6.23
  --------------------------------------------------------------------------
  slack (MET)                                                        0.00


  Startpoint: U0ReadChannel/U0ReadChannelsi/AR0_fully_registered/INFORMATION_0_reg_48_
              (rising edge-triggered flip-flop clocked by ACLK)
  Endpoint: U0ReadChannel/U1ReadChannelmi/AR0_fully_registered/INFORMATION_1_reg_56_
            (rising edge-triggered flip-flop clocked by ACLK)
  Path Group: ACLK
  Path Type: max

  Point                                        Trans      Incr       Path
  --------------------------------------------------------------------------
  clock ACLK (rise edge)                                  0.00       0.00
  clock network delay (ideal)                             0.00       0.00
  U0ReadChannel/U0ReadChannelsi/AR0_fully_registered/INFORMATION_0_reg_48_/CK (DFFRX4)     0.40     0.00 #     0.00 r
  U0ReadChannel/U0ReadChannelsi/AR0_fully_registered/INFORMATION_0_reg_48_/Q (DFFRX4)     0.23     0.76     0.76 r
  U0ReadChannel/U0ReadChannelsi/AR0_fully_registered/INFORMATION_R[48] (AR_fully_registered_3)     0.00     0.76 r
  U0ReadChannel/U0ReadChannelsi/U0ReadChannelsi/ARADDRm2si[30] (ReadChannelsi_3)     0.00     0.76 r
  U0ReadChannel/U0ReadChannelsi/U0ReadChannelsi/U258/Y (INVX8)     0.05     0.03     0.80 f
  U0ReadChannel/U0ReadChannelsi/U0ReadChannelsi/U283/Y (NOR2X2)     0.19     0.14     0.94 r
  U0ReadChannel/U0ReadChannelsi/U0ReadChannelsi/U1PermitCtl/SlaveNum[1] (PermitCtl_7)     0.00     0.94 r
  U0ReadChannel/U0ReadChannelsi/U0ReadChannelsi/U1PermitCtl/U3558/Y (BUFX3)     0.21     0.22     1.16 r
  U0ReadChannel/U0ReadChannelsi/U0ReadChannelsi/U1PermitCtl/U3575/Y (XNOR2X1)     0.27     0.40     1.56 r
  U0ReadChannel/U0ReadChannelsi/U0ReadChannelsi/U1PermitCtl/U3301/Y (NAND4X4)     0.32     0.23     1.79 f
  U0ReadChannel/U0ReadChannelsi/U0ReadChannelsi/U1PermitCtl/U3300/Y (NAND4X4)     0.20     0.21     2.00 r
  U0ReadChannel/U0ReadChannelsi/U0ReadChannelsi/U1PermitCtl/U3278/Y (NOR2X4)     0.08     0.06     2.06 f
  U0ReadChannel/U0ReadChannelsi/U0ReadChannelsi/U1PermitCtl/U3276/Y (AOI21X4)     0.28     0.22     2.28 r
  U0ReadChannel/U0ReadChannelsi/U0ReadChannelsi/U1PermitCtl/CtlData2writech[3] (PermitCtl_7)     0.00     2.28 r
  U0ReadChannel/U0ReadChannelsi/U0ReadChannelsi/U253/Y (NAND3X2)     0.26     0.17     2.45 f
  U0ReadChannel/U0ReadChannelsi/U0ReadChannelsi/U255/Y (NOR2X1)     0.49     0.35     2.80 r
  U0ReadChannel/U0ReadChannelsi/U0ReadChannelsi/ARVALIDsi2mi[1] (ReadChannelsi_3)     0.00     2.80 r
  U0ReadChannel/U0ReadChannelsi/ARVALIDsi2mi[1] (ReadChannelsi_RS_3)     0.00     2.80 r
  U0ReadChannel/U1ReadChannelmi/ARVALIDsi2mi[0] (ReadChannelmi_RS_4)     0.00     2.80 r
  U0ReadChannel/U1ReadChannelmi/U0ReadChannelmi/ARVALIDsi2mi[0] (ReadChannelmi_4)     0.00     2.80 r
  U0ReadChannel/U1ReadChannelmi/U0ReadChannelmi/U423/Y (INVX4)     0.08     0.04     2.84 f
  U0ReadChannel/U1ReadChannelmi/U0ReadChannelmi/U427/Y (OAI221X2)     0.62     0.40     3.24 r
  U0ReadChannel/U1ReadChannelmi/U0ReadChannelmi/U0LockCtlRdmi/AVALID (LockCtlRdmi_4)     0.00     3.24 r
  U0ReadChannel/U1ReadChannelmi/U0ReadChannelmi/U0LockCtlRdmi/U84/Y (OR2X1)     0.10     0.20     3.44 r
  U0ReadChannel/U1ReadChannelmi/U0ReadChannelmi/U0LockCtlRdmi/U67/Y (OAI222X4)     0.08     0.38     3.82 f
  U0ReadChannel/U1ReadChannelmi/U0ReadChannelmi/U0LockCtlRdmi/U66/Y (INVX8)     0.05     0.05     3.86 r
  U0ReadChannel/U1ReadChannelmi/U0ReadChannelmi/U0LockCtlRdmi/U57/Y (NAND3X4)     0.08     0.07     3.94 f
  U0ReadChannel/U1ReadChannelmi/U0ReadChannelmi/U0LockCtlRdmi/EnAMUXn (LockCtlRdmi_4)     0.00     3.94 f
  U0ReadChannel/U1ReadChannelmi/U0ReadChannelmi/U425/Y (OR3X1)     0.26     0.43     4.36 f
  U0ReadChannel/U1ReadChannelmi/U0ReadChannelmi/U415/Y (INVX4)     0.10     0.09     4.45 r
  U0ReadChannel/U1ReadChannelmi/U0ReadChannelmi/U416/Y (AND2X2)     0.15     0.19     4.64 r
  U0ReadChannel/U1ReadChannelmi/U0ReadChannelmi/ARVALIDmi2s (ReadChannelmi_4)     0.00     4.64 r
  U0ReadChannel/U1ReadChannelmi/AR0_fully_registered/VALID_S (ARmi_fully_registered_4)     0.00     4.64 r
  U0ReadChannel/U1ReadChannelmi/AR0_fully_registered/U566/Y (INVX12)     0.05     0.21     4.85 f
  U0ReadChannel/U1ReadChannelmi/AR0_fully_registered/U582/Y (OR2X4)     0.12     0.26     5.11 f
  U0ReadChannel/U1ReadChannelmi/AR0_fully_registered/U587/Y (BUFX8)     0.09     0.17     5.28 f
  U0ReadChannel/U1ReadChannelmi/AR0_fully_registered/U678/Y (INVX1)     0.51     0.31     5.59 r
  U0ReadChannel/U1ReadChannelmi/AR0_fully_registered/U677/Y (BUFX3)     0.62     0.49     6.09 r
  U0ReadChannel/U1ReadChannelmi/AR0_fully_registered/U652/Y (OAI22X1)     0.14     0.14     6.23 f
  U0ReadChannel/U1ReadChannelmi/AR0_fully_registered/INFORMATION_1_reg_56_/D (DFFRX4)     0.14     0.00     6.23 f
  data arrival time                                                  6.23

  clock ACLK (rise edge)                                  7.50       7.50
  clock network delay (ideal)                             0.00       7.50
  clock uncertainty                                      -1.05       6.45
  U0ReadChannel/U1ReadChannelmi/AR0_fully_registered/INFORMATION_1_reg_56_/CK (DFFRX4)     0.00     6.45 r
  library setup time                                     -0.22       6.23
  data required time                                                 6.23
  --------------------------------------------------------------------------
  data required time                                                 6.23
  data arrival time                                                 -6.23
  --------------------------------------------------------------------------
  slack (MET)                                                        0.00


  Startpoint: U0ReadChannel/U2ReadChannelsi/AR0_fully_registered/INFORMATION_0_reg_52_
              (rising edge-triggered flip-flop clocked by ACLK)
  Endpoint: U0WriteChannel/U2WriteChannelsi/U0WriteChannelsi/U0PermitCtl/ID5SlaveCnt_reg_1_
            (rising edge-triggered flip-flop clocked by ACLK)
  Path Group: ACLK
  Path Type: max

  Point                                        Trans      Incr       Path
  --------------------------------------------------------------------------
  clock ACLK (rise edge)                                  0.00       0.00
  clock network delay (ideal)                             0.00       0.00
  U0ReadChannel/U2ReadChannelsi/AR0_fully_registered/INFORMATION_0_reg_52_/CK (DFFRX4)     0.40     0.00 #     0.00 r
  U0ReadChannel/U2ReadChannelsi/AR0_fully_registered/INFORMATION_0_reg_52_/Q (DFFRX4)     0.48     0.90     0.90 r
  U0ReadChannel/U2ReadChannelsi/AR0_fully_registered/INFORMATION_R[52] (AR_fully_registered_1)     0.00     0.90 r
  U0ReadChannel/U2ReadChannelsi/U0ReadChannelsi/ARIDm2si[2] (ReadChannelsi_1)     0.00     0.90 r
  U0ReadChannel/U2ReadChannelsi/U0ReadChannelsi/U1PermitCtl/SID[2] (PermitCtl_5)     0.00     0.90 r
  U0ReadChannel/U2ReadChannelsi/U0ReadChannelsi/U1PermitCtl/U3373/Y (INVX8)     0.08     0.05     0.95 f
  U0ReadChannel/U2ReadChannelsi/U0ReadChannelsi/U1PermitCtl/U3405/Y (NAND2X1)     0.18     0.13     1.08 r
  U0ReadChannel/U2ReadChannelsi/U0ReadChannelsi/U1PermitCtl/U3403/Y (BUFX3)     0.88     0.59     1.67 r
  U0ReadChannel/U2ReadChannelsi/U0ReadChannelsi/U1PermitCtl/U3355/Y (OAI22X4)     0.22     0.20     1.87 f
  U0ReadChannel/U2ReadChannelsi/U0ReadChannelsi/U1PermitCtl/U3352/Y (OAI21X4)     0.20     0.19     2.06 r
  U0ReadChannel/U2ReadChannelsi/U0ReadChannelsi/U1PermitCtl/U3332/Y (NAND4X4)     0.36     0.26     2.31 f
  U0ReadChannel/U2ReadChannelsi/U0ReadChannelsi/U1PermitCtl/CtlData2writech[0] (PermitCtl_5)     0.00     2.31 f
  U0ReadChannel/U2ReadChannelsi/U0ReadChannelsi/U277/Y (NAND2X4)     0.25     0.22     2.53 r
  U0ReadChannel/U2ReadChannelsi/U0ReadChannelsi/U276/Y (NOR2X4)     0.09     0.06     2.60 f
  U0ReadChannel/U2ReadChannelsi/U0ReadChannelsi/ARVALIDsi2mi[1] (ReadChannelsi_1)     0.00     2.60 f
  U0ReadChannel/U2ReadChannelsi/ARVALIDsi2mi[1] (ReadChannelsi_RS_1)     0.00     2.60 f
  U0ReadChannel/U1ReadChannelmi/ARVALIDsi2mi[2] (ReadChannelmi_RS_4)     0.00     2.60 f
  U0ReadChannel/U1ReadChannelmi/U0ReadChannelmi/ARVALIDsi2mi[2] (ReadChannelmi_4)     0.00     2.60 f
  U0ReadChannel/U1ReadChannelmi/U0ReadChannelmi/U428/Y (AOI22X2)     0.24     0.19     2.79 r
  U0ReadChannel/U1ReadChannelmi/U0ReadChannelmi/U427/Y (OAI221X2)     0.28     0.22     3.01 f
  U0ReadChannel/U1ReadChannelmi/U0ReadChannelmi/U0LockCtlRdmi/AVALID (LockCtlRdmi_4)     0.00     3.01 f
  U0ReadChannel/U1ReadChannelmi/U0ReadChannelmi/U0LockCtlRdmi/U79/Y (NAND3BX2)     0.23     0.20     3.22 r
  U0ReadChannel/U1ReadChannelmi/U0ReadChannelmi/U0LockCtlRdmi/U80/Y (INVX4)     0.13     0.11     3.33 f
  U0ReadChannel/U1ReadChannelmi/U0ReadChannelmi/U0LockCtlRdmi/Lock_out (LockCtlRdmi_4)     0.00     3.33 f
  U0ReadChannel/U1ReadChannelmi/U0ReadChannelmi/Lock2Wrmi (ReadChannelmi_4)     0.00     3.33 f
  U0ReadChannel/U1ReadChannelmi/Lock2Wrmi (ReadChannelmi_RS_4)     0.00     3.33 f
  U0ReadChannel/Lock2wrmi1 (ReadChannel)                  0.00       3.33 f
  U0WriteChannel/Lock2wrmi1 (WriteChannel)                0.00       3.33 f
  U0WriteChannel/U1WriteChannelmi/Lock2Wrmi (WriteChannelmi_RS_4)     0.00     3.33 f
  U0WriteChannel/U1WriteChannelmi/U0WriteChannelmi/Lock2Wrmi (WriteChannelmi_4)     0.00     3.33 f
  U0WriteChannel/U1WriteChannelmi/U0WriteChannelmi/U0LockCtlWrmi/Lock_in (LockCtlWrmi_4)     0.00     3.33 f
  U0WriteChannel/U1WriteChannelmi/U0WriteChannelmi/U0LockCtlWrmi/U112/Y (NAND2X4)     0.14     0.10     3.43 r
  U0WriteChannel/U1WriteChannelmi/U0WriteChannelmi/U0LockCtlWrmi/U110/Y (NAND2X4)     0.06     0.05     3.48 f
  U0WriteChannel/U1WriteChannelmi/U0WriteChannelmi/U0LockCtlWrmi/U100/Y (NAND3BX4)     0.09     0.16     3.64 f
  U0WriteChannel/U1WriteChannelmi/U0WriteChannelmi/U0LockCtlWrmi/EnAREADYMUXn (LockCtlWrmi_4)     0.00     3.64 f
  U0WriteChannel/U1WriteChannelmi/U0WriteChannelmi/U369/Y (NAND3BX4)     0.10     0.17     3.81 f
  U0WriteChannel/U1WriteChannelmi/U0WriteChannelmi/U367/Y (OR3X4)     0.09     0.24     4.05 f
  U0WriteChannel/U1WriteChannelmi/U0WriteChannelmi/U663/Y (INVX4)     0.07     0.06     4.11 r
  U0WriteChannel/U1WriteChannelmi/U0WriteChannelmi/U660/Y (AND2X2)     0.11     0.16     4.27 r
  U0WriteChannel/U1WriteChannelmi/U0WriteChannelmi/AWREADYmi2si[2] (WriteChannelmi_4)     0.00     4.27 r
  U0WriteChannel/U1WriteChannelmi/AWREADYmi2si[2] (WriteChannelmi_RS_4)     0.00     4.27 r
  U0WriteChannel/U2WriteChannelsi/AWREADYmi2si[1] (WriteChannelsi_RS_1)     0.00     4.27 r
  U0WriteChannel/U2WriteChannelsi/U0WriteChannelsi/AWREADYmi2si[1] (WriteChannelsi_1)     0.00     4.27 r
  U0WriteChannel/U2WriteChannelsi/U0WriteChannelsi/U173/Y (AOI33X2)     0.22     0.08     4.35 f
  U0WriteChannel/U2WriteChannelsi/U0WriteChannelsi/U174/Y (AND2X2)     0.06     0.20     4.55 f
  U0WriteChannel/U2WriteChannelsi/U0WriteChannelsi/U151/Y (OAI33X4)     0.35     0.61     5.16 r
  U0WriteChannel/U2WriteChannelsi/U0WriteChannelsi/U0PermitCtl/AREADY (PermitCtl_1)     0.00     5.16 r
  U0WriteChannel/U2WriteChannelsi/U0WriteChannelsi/U0PermitCtl/U2373/Y (BUFX16)     0.19     0.22     5.38 r
  U0WriteChannel/U2WriteChannelsi/U0WriteChannelsi/U0PermitCtl/U3389/Y (INVX4)     0.08     0.06     5.44 f
  U0WriteChannel/U2WriteChannelsi/U0WriteChannelsi/U0PermitCtl/U3364/Y (BUFX20)     0.10     0.17     5.61 f
  U0WriteChannel/U2WriteChannelsi/U0WriteChannelsi/U0PermitCtl/U3505/Y (OAI21X2)     0.83     0.53     6.15 r
  U0WriteChannel/U2WriteChannelsi/U0WriteChannelsi/U0PermitCtl/U2799/Y (NAND2BX4)     0.14     0.07     6.22 f
  U0WriteChannel/U2WriteChannelsi/U0WriteChannelsi/U0PermitCtl/U2797/Y (NAND3X4)     0.11     0.10     6.32 r
  U0WriteChannel/U2WriteChannelsi/U0WriteChannelsi/U0PermitCtl/ID5SlaveCnt_reg_1_/D (DFFRX4)     0.11     0.00     6.32 r
  data arrival time                                                  6.32

  clock ACLK (rise edge)                                  7.50       7.50
  clock network delay (ideal)                             0.00       7.50
  clock uncertainty                                      -1.05       6.45
  U0WriteChannel/U2WriteChannelsi/U0WriteChannelsi/U0PermitCtl/ID5SlaveCnt_reg_1_/CK (DFFRX4)     0.00     6.45 r
  library setup time                                     -0.12       6.33
  data required time                                                 6.33
  --------------------------------------------------------------------------
  data required time                                                 6.33
  data arrival time                                                 -6.32
  --------------------------------------------------------------------------
  slack (MET)                                                        0.01


  Startpoint: U0ReadChannel/U2ReadChannelsi/AR0_fully_registered/INFORMATION_0_reg_52_
              (rising edge-triggered flip-flop clocked by ACLK)
  Endpoint: U0WriteChannel/U2WriteChannelsi/U0WriteChannelsi/U0PermitCtl/ID5SlaveCnt_reg_2_
            (rising edge-triggered flip-flop clocked by ACLK)
  Path Group: ACLK
  Path Type: max

  Point                                        Trans      Incr       Path
  --------------------------------------------------------------------------
  clock ACLK (rise edge)                                  0.00       0.00
  clock network delay (ideal)                             0.00       0.00
  U0ReadChannel/U2ReadChannelsi/AR0_fully_registered/INFORMATION_0_reg_52_/CK (DFFRX4)     0.40     0.00 #     0.00 r
  U0ReadChannel/U2ReadChannelsi/AR0_fully_registered/INFORMATION_0_reg_52_/Q (DFFRX4)     0.48     0.90     0.90 r
  U0ReadChannel/U2ReadChannelsi/AR0_fully_registered/INFORMATION_R[52] (AR_fully_registered_1)     0.00     0.90 r
  U0ReadChannel/U2ReadChannelsi/U0ReadChannelsi/ARIDm2si[2] (ReadChannelsi_1)     0.00     0.90 r
  U0ReadChannel/U2ReadChannelsi/U0ReadChannelsi/U1PermitCtl/SID[2] (PermitCtl_5)     0.00     0.90 r
  U0ReadChannel/U2ReadChannelsi/U0ReadChannelsi/U1PermitCtl/U3373/Y (INVX8)     0.08     0.05     0.95 f
  U0ReadChannel/U2ReadChannelsi/U0ReadChannelsi/U1PermitCtl/U3405/Y (NAND2X1)     0.18     0.13     1.08 r
  U0ReadChannel/U2ReadChannelsi/U0ReadChannelsi/U1PermitCtl/U3403/Y (BUFX3)     0.88     0.59     1.67 r
  U0ReadChannel/U2ReadChannelsi/U0ReadChannelsi/U1PermitCtl/U3355/Y (OAI22X4)     0.22     0.20     1.87 f
  U0ReadChannel/U2ReadChannelsi/U0ReadChannelsi/U1PermitCtl/U3352/Y (OAI21X4)     0.20     0.19     2.06 r
  U0ReadChannel/U2ReadChannelsi/U0ReadChannelsi/U1PermitCtl/U3332/Y (NAND4X4)     0.36     0.26     2.31 f
  U0ReadChannel/U2ReadChannelsi/U0ReadChannelsi/U1PermitCtl/CtlData2writech[0] (PermitCtl_5)     0.00     2.31 f
  U0ReadChannel/U2ReadChannelsi/U0ReadChannelsi/U277/Y (NAND2X4)     0.25     0.22     2.53 r
  U0ReadChannel/U2ReadChannelsi/U0ReadChannelsi/U276/Y (NOR2X4)     0.09     0.06     2.60 f
  U0ReadChannel/U2ReadChannelsi/U0ReadChannelsi/ARVALIDsi2mi[1] (ReadChannelsi_1)     0.00     2.60 f
  U0ReadChannel/U2ReadChannelsi/ARVALIDsi2mi[1] (ReadChannelsi_RS_1)     0.00     2.60 f
  U0ReadChannel/U1ReadChannelmi/ARVALIDsi2mi[2] (ReadChannelmi_RS_4)     0.00     2.60 f
  U0ReadChannel/U1ReadChannelmi/U0ReadChannelmi/ARVALIDsi2mi[2] (ReadChannelmi_4)     0.00     2.60 f
  U0ReadChannel/U1ReadChannelmi/U0ReadChannelmi/U428/Y (AOI22X2)     0.24     0.19     2.79 r
  U0ReadChannel/U1ReadChannelmi/U0ReadChannelmi/U427/Y (OAI221X2)     0.28     0.22     3.01 f
  U0ReadChannel/U1ReadChannelmi/U0ReadChannelmi/U0LockCtlRdmi/AVALID (LockCtlRdmi_4)     0.00     3.01 f
  U0ReadChannel/U1ReadChannelmi/U0ReadChannelmi/U0LockCtlRdmi/U79/Y (NAND3BX2)     0.23     0.20     3.22 r
  U0ReadChannel/U1ReadChannelmi/U0ReadChannelmi/U0LockCtlRdmi/U80/Y (INVX4)     0.13     0.11     3.33 f
  U0ReadChannel/U1ReadChannelmi/U0ReadChannelmi/U0LockCtlRdmi/Lock_out (LockCtlRdmi_4)     0.00     3.33 f
  U0ReadChannel/U1ReadChannelmi/U0ReadChannelmi/Lock2Wrmi (ReadChannelmi_4)     0.00     3.33 f
  U0ReadChannel/U1ReadChannelmi/Lock2Wrmi (ReadChannelmi_RS_4)     0.00     3.33 f
  U0ReadChannel/Lock2wrmi1 (ReadChannel)                  0.00       3.33 f
  U0WriteChannel/Lock2wrmi1 (WriteChannel)                0.00       3.33 f
  U0WriteChannel/U1WriteChannelmi/Lock2Wrmi (WriteChannelmi_RS_4)     0.00     3.33 f
  U0WriteChannel/U1WriteChannelmi/U0WriteChannelmi/Lock2Wrmi (WriteChannelmi_4)     0.00     3.33 f
  U0WriteChannel/U1WriteChannelmi/U0WriteChannelmi/U0LockCtlWrmi/Lock_in (LockCtlWrmi_4)     0.00     3.33 f
  U0WriteChannel/U1WriteChannelmi/U0WriteChannelmi/U0LockCtlWrmi/U112/Y (NAND2X4)     0.14     0.10     3.43 r
  U0WriteChannel/U1WriteChannelmi/U0WriteChannelmi/U0LockCtlWrmi/U110/Y (NAND2X4)     0.06     0.05     3.48 f
  U0WriteChannel/U1WriteChannelmi/U0WriteChannelmi/U0LockCtlWrmi/U100/Y (NAND3BX4)     0.09     0.16     3.64 f
  U0WriteChannel/U1WriteChannelmi/U0WriteChannelmi/U0LockCtlWrmi/EnAREADYMUXn (LockCtlWrmi_4)     0.00     3.64 f
  U0WriteChannel/U1WriteChannelmi/U0WriteChannelmi/U369/Y (NAND3BX4)     0.10     0.17     3.81 f
  U0WriteChannel/U1WriteChannelmi/U0WriteChannelmi/U367/Y (OR3X4)     0.09     0.24     4.05 f
  U0WriteChannel/U1WriteChannelmi/U0WriteChannelmi/U663/Y (INVX4)     0.07     0.06     4.11 r
  U0WriteChannel/U1WriteChannelmi/U0WriteChannelmi/U660/Y (AND2X2)     0.11     0.16     4.27 r
  U0WriteChannel/U1WriteChannelmi/U0WriteChannelmi/AWREADYmi2si[2] (WriteChannelmi_4)     0.00     4.27 r
  U0WriteChannel/U1WriteChannelmi/AWREADYmi2si[2] (WriteChannelmi_RS_4)     0.00     4.27 r
  U0WriteChannel/U2WriteChannelsi/AWREADYmi2si[1] (WriteChannelsi_RS_1)     0.00     4.27 r
  U0WriteChannel/U2WriteChannelsi/U0WriteChannelsi/AWREADYmi2si[1] (WriteChannelsi_1)     0.00     4.27 r
  U0WriteChannel/U2WriteChannelsi/U0WriteChannelsi/U173/Y (AOI33X2)     0.22     0.08     4.35 f
  U0WriteChannel/U2WriteChannelsi/U0WriteChannelsi/U174/Y (AND2X2)     0.06     0.20     4.55 f
  U0WriteChannel/U2WriteChannelsi/U0WriteChannelsi/U151/Y (OAI33X4)     0.35     0.61     5.16 r
  U0WriteChannel/U2WriteChannelsi/U0WriteChannelsi/U0PermitCtl/AREADY (PermitCtl_1)     0.00     5.16 r
  U0WriteChannel/U2WriteChannelsi/U0WriteChannelsi/U0PermitCtl/U2373/Y (BUFX16)     0.19     0.22     5.38 r
  U0WriteChannel/U2WriteChannelsi/U0WriteChannelsi/U0PermitCtl/U3389/Y (INVX4)     0.08     0.06     5.44 f
  U0WriteChannel/U2WriteChannelsi/U0WriteChannelsi/U0PermitCtl/U3364/Y (BUFX20)     0.10     0.17     5.61 f
  U0WriteChannel/U2WriteChannelsi/U0WriteChannelsi/U0PermitCtl/U3505/Y (OAI21X2)     0.83     0.53     6.15 r
  U0WriteChannel/U2WriteChannelsi/U0WriteChannelsi/U0PermitCtl/U2805/Y (NAND2BX4)     0.14     0.07     6.22 f
  U0WriteChannel/U2WriteChannelsi/U0WriteChannelsi/U0PermitCtl/U2803/Y (NAND3X4)     0.11     0.10     6.32 r
  U0WriteChannel/U2WriteChannelsi/U0WriteChannelsi/U0PermitCtl/ID5SlaveCnt_reg_2_/D (DFFRX4)     0.11     0.00     6.32 r
  data arrival time                                                  6.32

  clock ACLK (rise edge)                                  7.50       7.50
  clock network delay (ideal)                             0.00       7.50
  clock uncertainty                                      -1.05       6.45
  U0WriteChannel/U2WriteChannelsi/U0WriteChannelsi/U0PermitCtl/ID5SlaveCnt_reg_2_/CK (DFFRX4)     0.00     6.45 r
  library setup time                                     -0.12       6.33
  data required time                                                 6.33
  --------------------------------------------------------------------------
  data required time                                                 6.33
  data arrival time                                                 -6.32
  --------------------------------------------------------------------------
  slack (MET)                                                        0.01


  Startpoint: U0ReadChannel/U2ReadChannelsi/AR0_fully_registered/INFORMATION_0_reg_52_
              (rising edge-triggered flip-flop clocked by ACLK)
  Endpoint: U0WriteChannel/U2WriteChannelsi/U0WriteChannelsi/U0PermitCtl/ID5SlaveCnt_reg_3_
            (rising edge-triggered flip-flop clocked by ACLK)
  Path Group: ACLK
  Path Type: max

  Point                                        Trans      Incr       Path
  --------------------------------------------------------------------------
  clock ACLK (rise edge)                                  0.00       0.00
  clock network delay (ideal)                             0.00       0.00
  U0ReadChannel/U2ReadChannelsi/AR0_fully_registered/INFORMATION_0_reg_52_/CK (DFFRX4)     0.40     0.00 #     0.00 r
  U0ReadChannel/U2ReadChannelsi/AR0_fully_registered/INFORMATION_0_reg_52_/Q (DFFRX4)     0.48     0.90     0.90 r
  U0ReadChannel/U2ReadChannelsi/AR0_fully_registered/INFORMATION_R[52] (AR_fully_registered_1)     0.00     0.90 r
  U0ReadChannel/U2ReadChannelsi/U0ReadChannelsi/ARIDm2si[2] (ReadChannelsi_1)     0.00     0.90 r
  U0ReadChannel/U2ReadChannelsi/U0ReadChannelsi/U1PermitCtl/SID[2] (PermitCtl_5)     0.00     0.90 r
  U0ReadChannel/U2ReadChannelsi/U0ReadChannelsi/U1PermitCtl/U3373/Y (INVX8)     0.08     0.05     0.95 f
  U0ReadChannel/U2ReadChannelsi/U0ReadChannelsi/U1PermitCtl/U3405/Y (NAND2X1)     0.18     0.13     1.08 r
  U0ReadChannel/U2ReadChannelsi/U0ReadChannelsi/U1PermitCtl/U3403/Y (BUFX3)     0.88     0.59     1.67 r
  U0ReadChannel/U2ReadChannelsi/U0ReadChannelsi/U1PermitCtl/U3355/Y (OAI22X4)     0.22     0.20     1.87 f
  U0ReadChannel/U2ReadChannelsi/U0ReadChannelsi/U1PermitCtl/U3352/Y (OAI21X4)     0.20     0.19     2.06 r
  U0ReadChannel/U2ReadChannelsi/U0ReadChannelsi/U1PermitCtl/U3332/Y (NAND4X4)     0.36     0.26     2.31 f
  U0ReadChannel/U2ReadChannelsi/U0ReadChannelsi/U1PermitCtl/CtlData2writech[0] (PermitCtl_5)     0.00     2.31 f
  U0ReadChannel/U2ReadChannelsi/U0ReadChannelsi/U277/Y (NAND2X4)     0.25     0.22     2.53 r
  U0ReadChannel/U2ReadChannelsi/U0ReadChannelsi/U276/Y (NOR2X4)     0.09     0.06     2.60 f
  U0ReadChannel/U2ReadChannelsi/U0ReadChannelsi/ARVALIDsi2mi[1] (ReadChannelsi_1)     0.00     2.60 f
  U0ReadChannel/U2ReadChannelsi/ARVALIDsi2mi[1] (ReadChannelsi_RS_1)     0.00     2.60 f
  U0ReadChannel/U1ReadChannelmi/ARVALIDsi2mi[2] (ReadChannelmi_RS_4)     0.00     2.60 f
  U0ReadChannel/U1ReadChannelmi/U0ReadChannelmi/ARVALIDsi2mi[2] (ReadChannelmi_4)     0.00     2.60 f
  U0ReadChannel/U1ReadChannelmi/U0ReadChannelmi/U428/Y (AOI22X2)     0.24     0.19     2.79 r
  U0ReadChannel/U1ReadChannelmi/U0ReadChannelmi/U427/Y (OAI221X2)     0.28     0.22     3.01 f
  U0ReadChannel/U1ReadChannelmi/U0ReadChannelmi/U0LockCtlRdmi/AVALID (LockCtlRdmi_4)     0.00     3.01 f
  U0ReadChannel/U1ReadChannelmi/U0ReadChannelmi/U0LockCtlRdmi/U79/Y (NAND3BX2)     0.23     0.20     3.22 r
  U0ReadChannel/U1ReadChannelmi/U0ReadChannelmi/U0LockCtlRdmi/U80/Y (INVX4)     0.13     0.11     3.33 f
  U0ReadChannel/U1ReadChannelmi/U0ReadChannelmi/U0LockCtlRdmi/Lock_out (LockCtlRdmi_4)     0.00     3.33 f
  U0ReadChannel/U1ReadChannelmi/U0ReadChannelmi/Lock2Wrmi (ReadChannelmi_4)     0.00     3.33 f
  U0ReadChannel/U1ReadChannelmi/Lock2Wrmi (ReadChannelmi_RS_4)     0.00     3.33 f
  U0ReadChannel/Lock2wrmi1 (ReadChannel)                  0.00       3.33 f
  U0WriteChannel/Lock2wrmi1 (WriteChannel)                0.00       3.33 f
  U0WriteChannel/U1WriteChannelmi/Lock2Wrmi (WriteChannelmi_RS_4)     0.00     3.33 f
  U0WriteChannel/U1WriteChannelmi/U0WriteChannelmi/Lock2Wrmi (WriteChannelmi_4)     0.00     3.33 f
  U0WriteChannel/U1WriteChannelmi/U0WriteChannelmi/U0LockCtlWrmi/Lock_in (LockCtlWrmi_4)     0.00     3.33 f
  U0WriteChannel/U1WriteChannelmi/U0WriteChannelmi/U0LockCtlWrmi/U112/Y (NAND2X4)     0.14     0.10     3.43 r
  U0WriteChannel/U1WriteChannelmi/U0WriteChannelmi/U0LockCtlWrmi/U110/Y (NAND2X4)     0.06     0.05     3.48 f
  U0WriteChannel/U1WriteChannelmi/U0WriteChannelmi/U0LockCtlWrmi/U100/Y (NAND3BX4)     0.09     0.16     3.64 f
  U0WriteChannel/U1WriteChannelmi/U0WriteChannelmi/U0LockCtlWrmi/EnAREADYMUXn (LockCtlWrmi_4)     0.00     3.64 f
  U0WriteChannel/U1WriteChannelmi/U0WriteChannelmi/U369/Y (NAND3BX4)     0.10     0.17     3.81 f
  U0WriteChannel/U1WriteChannelmi/U0WriteChannelmi/U367/Y (OR3X4)     0.09     0.24     4.05 f
  U0WriteChannel/U1WriteChannelmi/U0WriteChannelmi/U663/Y (INVX4)     0.07     0.06     4.11 r
  U0WriteChannel/U1WriteChannelmi/U0WriteChannelmi/U660/Y (AND2X2)     0.11     0.16     4.27 r
  U0WriteChannel/U1WriteChannelmi/U0WriteChannelmi/AWREADYmi2si[2] (WriteChannelmi_4)     0.00     4.27 r
  U0WriteChannel/U1WriteChannelmi/AWREADYmi2si[2] (WriteChannelmi_RS_4)     0.00     4.27 r
  U0WriteChannel/U2WriteChannelsi/AWREADYmi2si[1] (WriteChannelsi_RS_1)     0.00     4.27 r
  U0WriteChannel/U2WriteChannelsi/U0WriteChannelsi/AWREADYmi2si[1] (WriteChannelsi_1)     0.00     4.27 r
  U0WriteChannel/U2WriteChannelsi/U0WriteChannelsi/U173/Y (AOI33X2)     0.22     0.08     4.35 f
  U0WriteChannel/U2WriteChannelsi/U0WriteChannelsi/U174/Y (AND2X2)     0.06     0.20     4.55 f
  U0WriteChannel/U2WriteChannelsi/U0WriteChannelsi/U151/Y (OAI33X4)     0.35     0.61     5.16 r
  U0WriteChannel/U2WriteChannelsi/U0WriteChannelsi/U0PermitCtl/AREADY (PermitCtl_1)     0.00     5.16 r
  U0WriteChannel/U2WriteChannelsi/U0WriteChannelsi/U0PermitCtl/U2373/Y (BUFX16)     0.19     0.22     5.38 r
  U0WriteChannel/U2WriteChannelsi/U0WriteChannelsi/U0PermitCtl/U3389/Y (INVX4)     0.08     0.06     5.44 f
  U0WriteChannel/U2WriteChannelsi/U0WriteChannelsi/U0PermitCtl/U3364/Y (BUFX20)     0.10     0.17     5.61 f
  U0WriteChannel/U2WriteChannelsi/U0WriteChannelsi/U0PermitCtl/U3505/Y (OAI21X2)     0.83     0.53     6.15 r
  U0WriteChannel/U2WriteChannelsi/U0WriteChannelsi/U0PermitCtl/U2811/Y (NAND2BX4)     0.14     0.07     6.22 f
  U0WriteChannel/U2WriteChannelsi/U0WriteChannelsi/U0PermitCtl/U2809/Y (NAND3X4)     0.11     0.10     6.32 r
  U0WriteChannel/U2WriteChannelsi/U0WriteChannelsi/U0PermitCtl/ID5SlaveCnt_reg_3_/D (DFFRX4)     0.11     0.00     6.32 r
  data arrival time                                                  6.32

  clock ACLK (rise edge)                                  7.50       7.50
  clock network delay (ideal)                             0.00       7.50
  clock uncertainty                                      -1.05       6.45
  U0WriteChannel/U2WriteChannelsi/U0WriteChannelsi/U0PermitCtl/ID5SlaveCnt_reg_3_/CK (DFFRX4)     0.00     6.45 r
  library setup time                                     -0.12       6.33
  data required time                                                 6.33
  --------------------------------------------------------------------------
  data required time                                                 6.33
  data arrival time                                                 -6.32
  --------------------------------------------------------------------------
  slack (MET)                                                        0.01


  Startpoint: U0ReadChannel/U2ReadChannelsi/AR0_fully_registered/INFORMATION_0_reg_52_
              (rising edge-triggered flip-flop clocked by ACLK)
  Endpoint: U0WriteChannel/U2WriteChannelsi/U0WriteChannelsi/U0PermitCtl/ID5SlaveCnt_reg_4_
            (rising edge-triggered flip-flop clocked by ACLK)
  Path Group: ACLK
  Path Type: max

  Point                                        Trans      Incr       Path
  --------------------------------------------------------------------------
  clock ACLK (rise edge)                                  0.00       0.00
  clock network delay (ideal)                             0.00       0.00
  U0ReadChannel/U2ReadChannelsi/AR0_fully_registered/INFORMATION_0_reg_52_/CK (DFFRX4)     0.40     0.00 #     0.00 r
  U0ReadChannel/U2ReadChannelsi/AR0_fully_registered/INFORMATION_0_reg_52_/Q (DFFRX4)     0.48     0.90     0.90 r
  U0ReadChannel/U2ReadChannelsi/AR0_fully_registered/INFORMATION_R[52] (AR_fully_registered_1)     0.00     0.90 r
  U0ReadChannel/U2ReadChannelsi/U0ReadChannelsi/ARIDm2si[2] (ReadChannelsi_1)     0.00     0.90 r
  U0ReadChannel/U2ReadChannelsi/U0ReadChannelsi/U1PermitCtl/SID[2] (PermitCtl_5)     0.00     0.90 r
  U0ReadChannel/U2ReadChannelsi/U0ReadChannelsi/U1PermitCtl/U3373/Y (INVX8)     0.08     0.05     0.95 f
  U0ReadChannel/U2ReadChannelsi/U0ReadChannelsi/U1PermitCtl/U3405/Y (NAND2X1)     0.18     0.13     1.08 r
  U0ReadChannel/U2ReadChannelsi/U0ReadChannelsi/U1PermitCtl/U3403/Y (BUFX3)     0.88     0.59     1.67 r
  U0ReadChannel/U2ReadChannelsi/U0ReadChannelsi/U1PermitCtl/U3355/Y (OAI22X4)     0.22     0.20     1.87 f
  U0ReadChannel/U2ReadChannelsi/U0ReadChannelsi/U1PermitCtl/U3352/Y (OAI21X4)     0.20     0.19     2.06 r
  U0ReadChannel/U2ReadChannelsi/U0ReadChannelsi/U1PermitCtl/U3332/Y (NAND4X4)     0.36     0.26     2.31 f
  U0ReadChannel/U2ReadChannelsi/U0ReadChannelsi/U1PermitCtl/CtlData2writech[0] (PermitCtl_5)     0.00     2.31 f
  U0ReadChannel/U2ReadChannelsi/U0ReadChannelsi/U277/Y (NAND2X4)     0.25     0.22     2.53 r
  U0ReadChannel/U2ReadChannelsi/U0ReadChannelsi/U276/Y (NOR2X4)     0.09     0.06     2.60 f
  U0ReadChannel/U2ReadChannelsi/U0ReadChannelsi/ARVALIDsi2mi[1] (ReadChannelsi_1)     0.00     2.60 f
  U0ReadChannel/U2ReadChannelsi/ARVALIDsi2mi[1] (ReadChannelsi_RS_1)     0.00     2.60 f
  U0ReadChannel/U1ReadChannelmi/ARVALIDsi2mi[2] (ReadChannelmi_RS_4)     0.00     2.60 f
  U0ReadChannel/U1ReadChannelmi/U0ReadChannelmi/ARVALIDsi2mi[2] (ReadChannelmi_4)     0.00     2.60 f
  U0ReadChannel/U1ReadChannelmi/U0ReadChannelmi/U428/Y (AOI22X2)     0.24     0.19     2.79 r
  U0ReadChannel/U1ReadChannelmi/U0ReadChannelmi/U427/Y (OAI221X2)     0.28     0.22     3.01 f
  U0ReadChannel/U1ReadChannelmi/U0ReadChannelmi/U0LockCtlRdmi/AVALID (LockCtlRdmi_4)     0.00     3.01 f
  U0ReadChannel/U1ReadChannelmi/U0ReadChannelmi/U0LockCtlRdmi/U79/Y (NAND3BX2)     0.23     0.20     3.22 r
  U0ReadChannel/U1ReadChannelmi/U0ReadChannelmi/U0LockCtlRdmi/U80/Y (INVX4)     0.13     0.11     3.33 f
  U0ReadChannel/U1ReadChannelmi/U0ReadChannelmi/U0LockCtlRdmi/Lock_out (LockCtlRdmi_4)     0.00     3.33 f
  U0ReadChannel/U1ReadChannelmi/U0ReadChannelmi/Lock2Wrmi (ReadChannelmi_4)     0.00     3.33 f
  U0ReadChannel/U1ReadChannelmi/Lock2Wrmi (ReadChannelmi_RS_4)     0.00     3.33 f
  U0ReadChannel/Lock2wrmi1 (ReadChannel)                  0.00       3.33 f
  U0WriteChannel/Lock2wrmi1 (WriteChannel)                0.00       3.33 f
  U0WriteChannel/U1WriteChannelmi/Lock2Wrmi (WriteChannelmi_RS_4)     0.00     3.33 f
  U0WriteChannel/U1WriteChannelmi/U0WriteChannelmi/Lock2Wrmi (WriteChannelmi_4)     0.00     3.33 f
  U0WriteChannel/U1WriteChannelmi/U0WriteChannelmi/U0LockCtlWrmi/Lock_in (LockCtlWrmi_4)     0.00     3.33 f
  U0WriteChannel/U1WriteChannelmi/U0WriteChannelmi/U0LockCtlWrmi/U112/Y (NAND2X4)     0.14     0.10     3.43 r
  U0WriteChannel/U1WriteChannelmi/U0WriteChannelmi/U0LockCtlWrmi/U110/Y (NAND2X4)     0.06     0.05     3.48 f
  U0WriteChannel/U1WriteChannelmi/U0WriteChannelmi/U0LockCtlWrmi/U100/Y (NAND3BX4)     0.09     0.16     3.64 f
  U0WriteChannel/U1WriteChannelmi/U0WriteChannelmi/U0LockCtlWrmi/EnAREADYMUXn (LockCtlWrmi_4)     0.00     3.64 f
  U0WriteChannel/U1WriteChannelmi/U0WriteChannelmi/U369/Y (NAND3BX4)     0.10     0.17     3.81 f
  U0WriteChannel/U1WriteChannelmi/U0WriteChannelmi/U367/Y (OR3X4)     0.09     0.24     4.05 f
  U0WriteChannel/U1WriteChannelmi/U0WriteChannelmi/U663/Y (INVX4)     0.07     0.06     4.11 r
  U0WriteChannel/U1WriteChannelmi/U0WriteChannelmi/U660/Y (AND2X2)     0.11     0.16     4.27 r
  U0WriteChannel/U1WriteChannelmi/U0WriteChannelmi/AWREADYmi2si[2] (WriteChannelmi_4)     0.00     4.27 r
  U0WriteChannel/U1WriteChannelmi/AWREADYmi2si[2] (WriteChannelmi_RS_4)     0.00     4.27 r
  U0WriteChannel/U2WriteChannelsi/AWREADYmi2si[1] (WriteChannelsi_RS_1)     0.00     4.27 r
  U0WriteChannel/U2WriteChannelsi/U0WriteChannelsi/AWREADYmi2si[1] (WriteChannelsi_1)     0.00     4.27 r
  U0WriteChannel/U2WriteChannelsi/U0WriteChannelsi/U173/Y (AOI33X2)     0.22     0.08     4.35 f
  U0WriteChannel/U2WriteChannelsi/U0WriteChannelsi/U174/Y (AND2X2)     0.06     0.20     4.55 f
  U0WriteChannel/U2WriteChannelsi/U0WriteChannelsi/U151/Y (OAI33X4)     0.35     0.61     5.16 r
  U0WriteChannel/U2WriteChannelsi/U0WriteChannelsi/U0PermitCtl/AREADY (PermitCtl_1)     0.00     5.16 r
  U0WriteChannel/U2WriteChannelsi/U0WriteChannelsi/U0PermitCtl/U2373/Y (BUFX16)     0.19     0.22     5.38 r
  U0WriteChannel/U2WriteChannelsi/U0WriteChannelsi/U0PermitCtl/U3389/Y (INVX4)     0.08     0.06     5.44 f
  U0WriteChannel/U2WriteChannelsi/U0WriteChannelsi/U0PermitCtl/U3364/Y (BUFX20)     0.10     0.17     5.61 f
  U0WriteChannel/U2WriteChannelsi/U0WriteChannelsi/U0PermitCtl/U3505/Y (OAI21X2)     0.83     0.53     6.15 r
  U0WriteChannel/U2WriteChannelsi/U0WriteChannelsi/U0PermitCtl/U2820/Y (NAND2BX4)     0.14     0.07     6.22 f
  U0WriteChannel/U2WriteChannelsi/U0WriteChannelsi/U0PermitCtl/U2815/Y (NAND3X4)     0.11     0.10     6.32 r
  U0WriteChannel/U2WriteChannelsi/U0WriteChannelsi/U0PermitCtl/ID5SlaveCnt_reg_4_/D (DFFRX4)     0.11     0.00     6.32 r
  data arrival time                                                  6.32

  clock ACLK (rise edge)                                  7.50       7.50
  clock network delay (ideal)                             0.00       7.50
  clock uncertainty                                      -1.05       6.45
  U0WriteChannel/U2WriteChannelsi/U0WriteChannelsi/U0PermitCtl/ID5SlaveCnt_reg_4_/CK (DFFRX4)     0.00     6.45 r
  library setup time                                     -0.12       6.33
  data required time                                                 6.33
  --------------------------------------------------------------------------
  data required time                                                 6.33
  data arrival time                                                 -6.32
  --------------------------------------------------------------------------
  slack (MET)                                                        0.01


  Startpoint: U0ReadChannel/U2ReadChannelsi/AR0_fully_registered/INFORMATION_0_reg_52_
              (rising edge-triggered flip-flop clocked by ACLK)
  Endpoint: U0WriteChannel/U2WriteChannelsi/U0WriteChannelsi/U0PermitCtl/ID6SlaveCnt_reg_1_
            (rising edge-triggered flip-flop clocked by ACLK)
  Path Group: ACLK
  Path Type: max

  Point                                        Trans      Incr       Path
  --------------------------------------------------------------------------
  clock ACLK (rise edge)                                  0.00       0.00
  clock network delay (ideal)                             0.00       0.00
  U0ReadChannel/U2ReadChannelsi/AR0_fully_registered/INFORMATION_0_reg_52_/CK (DFFRX4)     0.40     0.00 #     0.00 r
  U0ReadChannel/U2ReadChannelsi/AR0_fully_registered/INFORMATION_0_reg_52_/Q (DFFRX4)     0.48     0.90     0.90 r
  U0ReadChannel/U2ReadChannelsi/AR0_fully_registered/INFORMATION_R[52] (AR_fully_registered_1)     0.00     0.90 r
  U0ReadChannel/U2ReadChannelsi/U0ReadChannelsi/ARIDm2si[2] (ReadChannelsi_1)     0.00     0.90 r
  U0ReadChannel/U2ReadChannelsi/U0ReadChannelsi/U1PermitCtl/SID[2] (PermitCtl_5)     0.00     0.90 r
  U0ReadChannel/U2ReadChannelsi/U0ReadChannelsi/U1PermitCtl/U3373/Y (INVX8)     0.08     0.05     0.95 f
  U0ReadChannel/U2ReadChannelsi/U0ReadChannelsi/U1PermitCtl/U3405/Y (NAND2X1)     0.18     0.13     1.08 r
  U0ReadChannel/U2ReadChannelsi/U0ReadChannelsi/U1PermitCtl/U3403/Y (BUFX3)     0.88     0.59     1.67 r
  U0ReadChannel/U2ReadChannelsi/U0ReadChannelsi/U1PermitCtl/U3355/Y (OAI22X4)     0.22     0.20     1.87 f
  U0ReadChannel/U2ReadChannelsi/U0ReadChannelsi/U1PermitCtl/U3352/Y (OAI21X4)     0.20     0.19     2.06 r
  U0ReadChannel/U2ReadChannelsi/U0ReadChannelsi/U1PermitCtl/U3332/Y (NAND4X4)     0.36     0.26     2.31 f
  U0ReadChannel/U2ReadChannelsi/U0ReadChannelsi/U1PermitCtl/CtlData2writech[0] (PermitCtl_5)     0.00     2.31 f
  U0ReadChannel/U2ReadChannelsi/U0ReadChannelsi/U277/Y (NAND2X4)     0.25     0.22     2.53 r
  U0ReadChannel/U2ReadChannelsi/U0ReadChannelsi/U276/Y (NOR2X4)     0.09     0.06     2.60 f
  U0ReadChannel/U2ReadChannelsi/U0ReadChannelsi/ARVALIDsi2mi[1] (ReadChannelsi_1)     0.00     2.60 f
  U0ReadChannel/U2ReadChannelsi/ARVALIDsi2mi[1] (ReadChannelsi_RS_1)     0.00     2.60 f
  U0ReadChannel/U1ReadChannelmi/ARVALIDsi2mi[2] (ReadChannelmi_RS_4)     0.00     2.60 f
  U0ReadChannel/U1ReadChannelmi/U0ReadChannelmi/ARVALIDsi2mi[2] (ReadChannelmi_4)     0.00     2.60 f
  U0ReadChannel/U1ReadChannelmi/U0ReadChannelmi/U428/Y (AOI22X2)     0.24     0.19     2.79 r
  U0ReadChannel/U1ReadChannelmi/U0ReadChannelmi/U427/Y (OAI221X2)     0.28     0.22     3.01 f
  U0ReadChannel/U1ReadChannelmi/U0ReadChannelmi/U0LockCtlRdmi/AVALID (LockCtlRdmi_4)     0.00     3.01 f
  U0ReadChannel/U1ReadChannelmi/U0ReadChannelmi/U0LockCtlRdmi/U79/Y (NAND3BX2)     0.23     0.20     3.22 r
  U0ReadChannel/U1ReadChannelmi/U0ReadChannelmi/U0LockCtlRdmi/U80/Y (INVX4)     0.13     0.11     3.33 f
  U0ReadChannel/U1ReadChannelmi/U0ReadChannelmi/U0LockCtlRdmi/Lock_out (LockCtlRdmi_4)     0.00     3.33 f
  U0ReadChannel/U1ReadChannelmi/U0ReadChannelmi/Lock2Wrmi (ReadChannelmi_4)     0.00     3.33 f
  U0ReadChannel/U1ReadChannelmi/Lock2Wrmi (ReadChannelmi_RS_4)     0.00     3.33 f
  U0ReadChannel/Lock2wrmi1 (ReadChannel)                  0.00       3.33 f
  U0WriteChannel/Lock2wrmi1 (WriteChannel)                0.00       3.33 f
  U0WriteChannel/U1WriteChannelmi/Lock2Wrmi (WriteChannelmi_RS_4)     0.00     3.33 f
  U0WriteChannel/U1WriteChannelmi/U0WriteChannelmi/Lock2Wrmi (WriteChannelmi_4)     0.00     3.33 f
  U0WriteChannel/U1WriteChannelmi/U0WriteChannelmi/U0LockCtlWrmi/Lock_in (LockCtlWrmi_4)     0.00     3.33 f
  U0WriteChannel/U1WriteChannelmi/U0WriteChannelmi/U0LockCtlWrmi/U112/Y (NAND2X4)     0.14     0.10     3.43 r
  U0WriteChannel/U1WriteChannelmi/U0WriteChannelmi/U0LockCtlWrmi/U110/Y (NAND2X4)     0.06     0.05     3.48 f
  U0WriteChannel/U1WriteChannelmi/U0WriteChannelmi/U0LockCtlWrmi/U100/Y (NAND3BX4)     0.09     0.16     3.64 f
  U0WriteChannel/U1WriteChannelmi/U0WriteChannelmi/U0LockCtlWrmi/EnAREADYMUXn (LockCtlWrmi_4)     0.00     3.64 f
  U0WriteChannel/U1WriteChannelmi/U0WriteChannelmi/U369/Y (NAND3BX4)     0.10     0.17     3.81 f
  U0WriteChannel/U1WriteChannelmi/U0WriteChannelmi/U367/Y (OR3X4)     0.09     0.24     4.05 f
  U0WriteChannel/U1WriteChannelmi/U0WriteChannelmi/U663/Y (INVX4)     0.07     0.06     4.11 r
  U0WriteChannel/U1WriteChannelmi/U0WriteChannelmi/U660/Y (AND2X2)     0.11     0.16     4.27 r
  U0WriteChannel/U1WriteChannelmi/U0WriteChannelmi/AWREADYmi2si[2] (WriteChannelmi_4)     0.00     4.27 r
  U0WriteChannel/U1WriteChannelmi/AWREADYmi2si[2] (WriteChannelmi_RS_4)     0.00     4.27 r
  U0WriteChannel/U2WriteChannelsi/AWREADYmi2si[1] (WriteChannelsi_RS_1)     0.00     4.27 r
  U0WriteChannel/U2WriteChannelsi/U0WriteChannelsi/AWREADYmi2si[1] (WriteChannelsi_1)     0.00     4.27 r
  U0WriteChannel/U2WriteChannelsi/U0WriteChannelsi/U173/Y (AOI33X2)     0.22     0.08     4.35 f
  U0WriteChannel/U2WriteChannelsi/U0WriteChannelsi/U174/Y (AND2X2)     0.06     0.20     4.55 f
  U0WriteChannel/U2WriteChannelsi/U0WriteChannelsi/U151/Y (OAI33X4)     0.35     0.61     5.16 r
  U0WriteChannel/U2WriteChannelsi/U0WriteChannelsi/U0PermitCtl/AREADY (PermitCtl_1)     0.00     5.16 r
  U0WriteChannel/U2WriteChannelsi/U0WriteChannelsi/U0PermitCtl/U2373/Y (BUFX16)     0.19     0.22     5.38 r
  U0WriteChannel/U2WriteChannelsi/U0WriteChannelsi/U0PermitCtl/U3389/Y (INVX4)     0.08     0.06     5.44 f
  U0WriteChannel/U2WriteChannelsi/U0WriteChannelsi/U0PermitCtl/U3364/Y (BUFX20)     0.10     0.17     5.61 f
  U0WriteChannel/U2WriteChannelsi/U0WriteChannelsi/U0PermitCtl/U3506/Y (OAI21X2)     0.83     0.53     6.15 r
  U0WriteChannel/U2WriteChannelsi/U0WriteChannelsi/U0PermitCtl/U2757/Y (NAND2BX4)     0.14     0.07     6.22 f
  U0WriteChannel/U2WriteChannelsi/U0WriteChannelsi/U0PermitCtl/U2755/Y (NAND3X4)     0.11     0.10     6.32 r
  U0WriteChannel/U2WriteChannelsi/U0WriteChannelsi/U0PermitCtl/ID6SlaveCnt_reg_1_/D (DFFRX4)     0.11     0.00     6.32 r
  data arrival time                                                  6.32

  clock ACLK (rise edge)                                  7.50       7.50
  clock network delay (ideal)                             0.00       7.50
  clock uncertainty                                      -1.05       6.45
  U0WriteChannel/U2WriteChannelsi/U0WriteChannelsi/U0PermitCtl/ID6SlaveCnt_reg_1_/CK (DFFRX4)     0.00     6.45 r
  library setup time                                     -0.12       6.33
  data required time                                                 6.33
  --------------------------------------------------------------------------
  data required time                                                 6.33
  data arrival time                                                 -6.32
  --------------------------------------------------------------------------
  slack (MET)                                                        0.01


  Startpoint: U0ReadChannel/U2ReadChannelsi/AR0_fully_registered/INFORMATION_0_reg_52_
              (rising edge-triggered flip-flop clocked by ACLK)
  Endpoint: U0WriteChannel/U2WriteChannelsi/U0WriteChannelsi/U0PermitCtl/ID6SlaveCnt_reg_3_
            (rising edge-triggered flip-flop clocked by ACLK)
  Path Group: ACLK
  Path Type: max

  Point                                        Trans      Incr       Path
  --------------------------------------------------------------------------
  clock ACLK (rise edge)                                  0.00       0.00
  clock network delay (ideal)                             0.00       0.00
  U0ReadChannel/U2ReadChannelsi/AR0_fully_registered/INFORMATION_0_reg_52_/CK (DFFRX4)     0.40     0.00 #     0.00 r
  U0ReadChannel/U2ReadChannelsi/AR0_fully_registered/INFORMATION_0_reg_52_/Q (DFFRX4)     0.48     0.90     0.90 r
  U0ReadChannel/U2ReadChannelsi/AR0_fully_registered/INFORMATION_R[52] (AR_fully_registered_1)     0.00     0.90 r
  U0ReadChannel/U2ReadChannelsi/U0ReadChannelsi/ARIDm2si[2] (ReadChannelsi_1)     0.00     0.90 r
  U0ReadChannel/U2ReadChannelsi/U0ReadChannelsi/U1PermitCtl/SID[2] (PermitCtl_5)     0.00     0.90 r
  U0ReadChannel/U2ReadChannelsi/U0ReadChannelsi/U1PermitCtl/U3373/Y (INVX8)     0.08     0.05     0.95 f
  U0ReadChannel/U2ReadChannelsi/U0ReadChannelsi/U1PermitCtl/U3405/Y (NAND2X1)     0.18     0.13     1.08 r
  U0ReadChannel/U2ReadChannelsi/U0ReadChannelsi/U1PermitCtl/U3403/Y (BUFX3)     0.88     0.59     1.67 r
  U0ReadChannel/U2ReadChannelsi/U0ReadChannelsi/U1PermitCtl/U3355/Y (OAI22X4)     0.22     0.20     1.87 f
  U0ReadChannel/U2ReadChannelsi/U0ReadChannelsi/U1PermitCtl/U3352/Y (OAI21X4)     0.20     0.19     2.06 r
  U0ReadChannel/U2ReadChannelsi/U0ReadChannelsi/U1PermitCtl/U3332/Y (NAND4X4)     0.36     0.26     2.31 f
  U0ReadChannel/U2ReadChannelsi/U0ReadChannelsi/U1PermitCtl/CtlData2writech[0] (PermitCtl_5)     0.00     2.31 f
  U0ReadChannel/U2ReadChannelsi/U0ReadChannelsi/U277/Y (NAND2X4)     0.25     0.22     2.53 r
  U0ReadChannel/U2ReadChannelsi/U0ReadChannelsi/U276/Y (NOR2X4)     0.09     0.06     2.60 f
  U0ReadChannel/U2ReadChannelsi/U0ReadChannelsi/ARVALIDsi2mi[1] (ReadChannelsi_1)     0.00     2.60 f
  U0ReadChannel/U2ReadChannelsi/ARVALIDsi2mi[1] (ReadChannelsi_RS_1)     0.00     2.60 f
  U0ReadChannel/U1ReadChannelmi/ARVALIDsi2mi[2] (ReadChannelmi_RS_4)     0.00     2.60 f
  U0ReadChannel/U1ReadChannelmi/U0ReadChannelmi/ARVALIDsi2mi[2] (ReadChannelmi_4)     0.00     2.60 f
  U0ReadChannel/U1ReadChannelmi/U0ReadChannelmi/U428/Y (AOI22X2)     0.24     0.19     2.79 r
  U0ReadChannel/U1ReadChannelmi/U0ReadChannelmi/U427/Y (OAI221X2)     0.28     0.22     3.01 f
  U0ReadChannel/U1ReadChannelmi/U0ReadChannelmi/U0LockCtlRdmi/AVALID (LockCtlRdmi_4)     0.00     3.01 f
  U0ReadChannel/U1ReadChannelmi/U0ReadChannelmi/U0LockCtlRdmi/U79/Y (NAND3BX2)     0.23     0.20     3.22 r
  U0ReadChannel/U1ReadChannelmi/U0ReadChannelmi/U0LockCtlRdmi/U80/Y (INVX4)     0.13     0.11     3.33 f
  U0ReadChannel/U1ReadChannelmi/U0ReadChannelmi/U0LockCtlRdmi/Lock_out (LockCtlRdmi_4)     0.00     3.33 f
  U0ReadChannel/U1ReadChannelmi/U0ReadChannelmi/Lock2Wrmi (ReadChannelmi_4)     0.00     3.33 f
  U0ReadChannel/U1ReadChannelmi/Lock2Wrmi (ReadChannelmi_RS_4)     0.00     3.33 f
  U0ReadChannel/Lock2wrmi1 (ReadChannel)                  0.00       3.33 f
  U0WriteChannel/Lock2wrmi1 (WriteChannel)                0.00       3.33 f
  U0WriteChannel/U1WriteChannelmi/Lock2Wrmi (WriteChannelmi_RS_4)     0.00     3.33 f
  U0WriteChannel/U1WriteChannelmi/U0WriteChannelmi/Lock2Wrmi (WriteChannelmi_4)     0.00     3.33 f
  U0WriteChannel/U1WriteChannelmi/U0WriteChannelmi/U0LockCtlWrmi/Lock_in (LockCtlWrmi_4)     0.00     3.33 f
  U0WriteChannel/U1WriteChannelmi/U0WriteChannelmi/U0LockCtlWrmi/U112/Y (NAND2X4)     0.14     0.10     3.43 r
  U0WriteChannel/U1WriteChannelmi/U0WriteChannelmi/U0LockCtlWrmi/U110/Y (NAND2X4)     0.06     0.05     3.48 f
  U0WriteChannel/U1WriteChannelmi/U0WriteChannelmi/U0LockCtlWrmi/U100/Y (NAND3BX4)     0.09     0.16     3.64 f
  U0WriteChannel/U1WriteChannelmi/U0WriteChannelmi/U0LockCtlWrmi/EnAREADYMUXn (LockCtlWrmi_4)     0.00     3.64 f
  U0WriteChannel/U1WriteChannelmi/U0WriteChannelmi/U369/Y (NAND3BX4)     0.10     0.17     3.81 f
  U0WriteChannel/U1WriteChannelmi/U0WriteChannelmi/U367/Y (OR3X4)     0.09     0.24     4.05 f
  U0WriteChannel/U1WriteChannelmi/U0WriteChannelmi/U663/Y (INVX4)     0.07     0.06     4.11 r
  U0WriteChannel/U1WriteChannelmi/U0WriteChannelmi/U660/Y (AND2X2)     0.11     0.16     4.27 r
  U0WriteChannel/U1WriteChannelmi/U0WriteChannelmi/AWREADYmi2si[2] (WriteChannelmi_4)     0.00     4.27 r
  U0WriteChannel/U1WriteChannelmi/AWREADYmi2si[2] (WriteChannelmi_RS_4)     0.00     4.27 r
  U0WriteChannel/U2WriteChannelsi/AWREADYmi2si[1] (WriteChannelsi_RS_1)     0.00     4.27 r
  U0WriteChannel/U2WriteChannelsi/U0WriteChannelsi/AWREADYmi2si[1] (WriteChannelsi_1)     0.00     4.27 r
  U0WriteChannel/U2WriteChannelsi/U0WriteChannelsi/U173/Y (AOI33X2)     0.22     0.08     4.35 f
  U0WriteChannel/U2WriteChannelsi/U0WriteChannelsi/U174/Y (AND2X2)     0.06     0.20     4.55 f
  U0WriteChannel/U2WriteChannelsi/U0WriteChannelsi/U151/Y (OAI33X4)     0.35     0.61     5.16 r
  U0WriteChannel/U2WriteChannelsi/U0WriteChannelsi/U0PermitCtl/AREADY (PermitCtl_1)     0.00     5.16 r
  U0WriteChannel/U2WriteChannelsi/U0WriteChannelsi/U0PermitCtl/U2373/Y (BUFX16)     0.19     0.22     5.38 r
  U0WriteChannel/U2WriteChannelsi/U0WriteChannelsi/U0PermitCtl/U3389/Y (INVX4)     0.08     0.06     5.44 f
  U0WriteChannel/U2WriteChannelsi/U0WriteChannelsi/U0PermitCtl/U3364/Y (BUFX20)     0.10     0.17     5.61 f
  U0WriteChannel/U2WriteChannelsi/U0WriteChannelsi/U0PermitCtl/U3506/Y (OAI21X2)     0.83     0.53     6.15 r
  U0WriteChannel/U2WriteChannelsi/U0WriteChannelsi/U0PermitCtl/U2769/Y (NAND2BX4)     0.14     0.07     6.22 f
  U0WriteChannel/U2WriteChannelsi/U0WriteChannelsi/U0PermitCtl/U2767/Y (NAND3X4)     0.11     0.10     6.32 r
  U0WriteChannel/U2WriteChannelsi/U0WriteChannelsi/U0PermitCtl/ID6SlaveCnt_reg_3_/D (DFFRX4)     0.11     0.00     6.32 r
  data arrival time                                                  6.32

  clock ACLK (rise edge)                                  7.50       7.50
  clock network delay (ideal)                             0.00       7.50
  clock uncertainty                                      -1.05       6.45
  U0WriteChannel/U2WriteChannelsi/U0WriteChannelsi/U0PermitCtl/ID6SlaveCnt_reg_3_/CK (DFFRX4)     0.00     6.45 r
  library setup time                                     -0.12       6.33
  data required time                                                 6.33
  --------------------------------------------------------------------------
  data required time                                                 6.33
  data arrival time                                                 -6.32
  --------------------------------------------------------------------------
  slack (MET)                                                        0.01


  Startpoint: U0ReadChannel/U2ReadChannelsi/AR0_fully_registered/INFORMATION_0_reg_52_
              (rising edge-triggered flip-flop clocked by ACLK)
  Endpoint: U0WriteChannel/U2WriteChannelsi/U0WriteChannelsi/U0PermitCtl/ID6SlaveCnt_reg_4_
            (rising edge-triggered flip-flop clocked by ACLK)
  Path Group: ACLK
  Path Type: max

  Point                                        Trans      Incr       Path
  --------------------------------------------------------------------------
  clock ACLK (rise edge)                                  0.00       0.00
  clock network delay (ideal)                             0.00       0.00
  U0ReadChannel/U2ReadChannelsi/AR0_fully_registered/INFORMATION_0_reg_52_/CK (DFFRX4)     0.40     0.00 #     0.00 r
  U0ReadChannel/U2ReadChannelsi/AR0_fully_registered/INFORMATION_0_reg_52_/Q (DFFRX4)     0.48     0.90     0.90 r
  U0ReadChannel/U2ReadChannelsi/AR0_fully_registered/INFORMATION_R[52] (AR_fully_registered_1)     0.00     0.90 r
  U0ReadChannel/U2ReadChannelsi/U0ReadChannelsi/ARIDm2si[2] (ReadChannelsi_1)     0.00     0.90 r
  U0ReadChannel/U2ReadChannelsi/U0ReadChannelsi/U1PermitCtl/SID[2] (PermitCtl_5)     0.00     0.90 r
  U0ReadChannel/U2ReadChannelsi/U0ReadChannelsi/U1PermitCtl/U3373/Y (INVX8)     0.08     0.05     0.95 f
  U0ReadChannel/U2ReadChannelsi/U0ReadChannelsi/U1PermitCtl/U3405/Y (NAND2X1)     0.18     0.13     1.08 r
  U0ReadChannel/U2ReadChannelsi/U0ReadChannelsi/U1PermitCtl/U3403/Y (BUFX3)     0.88     0.59     1.67 r
  U0ReadChannel/U2ReadChannelsi/U0ReadChannelsi/U1PermitCtl/U3355/Y (OAI22X4)     0.22     0.20     1.87 f
  U0ReadChannel/U2ReadChannelsi/U0ReadChannelsi/U1PermitCtl/U3352/Y (OAI21X4)     0.20     0.19     2.06 r
  U0ReadChannel/U2ReadChannelsi/U0ReadChannelsi/U1PermitCtl/U3332/Y (NAND4X4)     0.36     0.26     2.31 f
  U0ReadChannel/U2ReadChannelsi/U0ReadChannelsi/U1PermitCtl/CtlData2writech[0] (PermitCtl_5)     0.00     2.31 f
  U0ReadChannel/U2ReadChannelsi/U0ReadChannelsi/U277/Y (NAND2X4)     0.25     0.22     2.53 r
  U0ReadChannel/U2ReadChannelsi/U0ReadChannelsi/U276/Y (NOR2X4)     0.09     0.06     2.60 f
  U0ReadChannel/U2ReadChannelsi/U0ReadChannelsi/ARVALIDsi2mi[1] (ReadChannelsi_1)     0.00     2.60 f
  U0ReadChannel/U2ReadChannelsi/ARVALIDsi2mi[1] (ReadChannelsi_RS_1)     0.00     2.60 f
  U0ReadChannel/U1ReadChannelmi/ARVALIDsi2mi[2] (ReadChannelmi_RS_4)     0.00     2.60 f
  U0ReadChannel/U1ReadChannelmi/U0ReadChannelmi/ARVALIDsi2mi[2] (ReadChannelmi_4)     0.00     2.60 f
  U0ReadChannel/U1ReadChannelmi/U0ReadChannelmi/U428/Y (AOI22X2)     0.24     0.19     2.79 r
  U0ReadChannel/U1ReadChannelmi/U0ReadChannelmi/U427/Y (OAI221X2)     0.28     0.22     3.01 f
  U0ReadChannel/U1ReadChannelmi/U0ReadChannelmi/U0LockCtlRdmi/AVALID (LockCtlRdmi_4)     0.00     3.01 f
  U0ReadChannel/U1ReadChannelmi/U0ReadChannelmi/U0LockCtlRdmi/U79/Y (NAND3BX2)     0.23     0.20     3.22 r
  U0ReadChannel/U1ReadChannelmi/U0ReadChannelmi/U0LockCtlRdmi/U80/Y (INVX4)     0.13     0.11     3.33 f
  U0ReadChannel/U1ReadChannelmi/U0ReadChannelmi/U0LockCtlRdmi/Lock_out (LockCtlRdmi_4)     0.00     3.33 f
  U0ReadChannel/U1ReadChannelmi/U0ReadChannelmi/Lock2Wrmi (ReadChannelmi_4)     0.00     3.33 f
  U0ReadChannel/U1ReadChannelmi/Lock2Wrmi (ReadChannelmi_RS_4)     0.00     3.33 f
  U0ReadChannel/Lock2wrmi1 (ReadChannel)                  0.00       3.33 f
  U0WriteChannel/Lock2wrmi1 (WriteChannel)                0.00       3.33 f
  U0WriteChannel/U1WriteChannelmi/Lock2Wrmi (WriteChannelmi_RS_4)     0.00     3.33 f
  U0WriteChannel/U1WriteChannelmi/U0WriteChannelmi/Lock2Wrmi (WriteChannelmi_4)     0.00     3.33 f
  U0WriteChannel/U1WriteChannelmi/U0WriteChannelmi/U0LockCtlWrmi/Lock_in (LockCtlWrmi_4)     0.00     3.33 f
  U0WriteChannel/U1WriteChannelmi/U0WriteChannelmi/U0LockCtlWrmi/U112/Y (NAND2X4)     0.14     0.10     3.43 r
  U0WriteChannel/U1WriteChannelmi/U0WriteChannelmi/U0LockCtlWrmi/U110/Y (NAND2X4)     0.06     0.05     3.48 f
  U0WriteChannel/U1WriteChannelmi/U0WriteChannelmi/U0LockCtlWrmi/U100/Y (NAND3BX4)     0.09     0.16     3.64 f
  U0WriteChannel/U1WriteChannelmi/U0WriteChannelmi/U0LockCtlWrmi/EnAREADYMUXn (LockCtlWrmi_4)     0.00     3.64 f
  U0WriteChannel/U1WriteChannelmi/U0WriteChannelmi/U369/Y (NAND3BX4)     0.10     0.17     3.81 f
  U0WriteChannel/U1WriteChannelmi/U0WriteChannelmi/U367/Y (OR3X4)     0.09     0.24     4.05 f
  U0WriteChannel/U1WriteChannelmi/U0WriteChannelmi/U663/Y (INVX4)     0.07     0.06     4.11 r
  U0WriteChannel/U1WriteChannelmi/U0WriteChannelmi/U660/Y (AND2X2)     0.11     0.16     4.27 r
  U0WriteChannel/U1WriteChannelmi/U0WriteChannelmi/AWREADYmi2si[2] (WriteChannelmi_4)     0.00     4.27 r
  U0WriteChannel/U1WriteChannelmi/AWREADYmi2si[2] (WriteChannelmi_RS_4)     0.00     4.27 r
  U0WriteChannel/U2WriteChannelsi/AWREADYmi2si[1] (WriteChannelsi_RS_1)     0.00     4.27 r
  U0WriteChannel/U2WriteChannelsi/U0WriteChannelsi/AWREADYmi2si[1] (WriteChannelsi_1)     0.00     4.27 r
  U0WriteChannel/U2WriteChannelsi/U0WriteChannelsi/U173/Y (AOI33X2)     0.22     0.08     4.35 f
  U0WriteChannel/U2WriteChannelsi/U0WriteChannelsi/U174/Y (AND2X2)     0.06     0.20     4.55 f
  U0WriteChannel/U2WriteChannelsi/U0WriteChannelsi/U151/Y (OAI33X4)     0.35     0.61     5.16 r
  U0WriteChannel/U2WriteChannelsi/U0WriteChannelsi/U0PermitCtl/AREADY (PermitCtl_1)     0.00     5.16 r
  U0WriteChannel/U2WriteChannelsi/U0WriteChannelsi/U0PermitCtl/U2373/Y (BUFX16)     0.19     0.22     5.38 r
  U0WriteChannel/U2WriteChannelsi/U0WriteChannelsi/U0PermitCtl/U3389/Y (INVX4)     0.08     0.06     5.44 f
  U0WriteChannel/U2WriteChannelsi/U0WriteChannelsi/U0PermitCtl/U3364/Y (BUFX20)     0.10     0.17     5.61 f
  U0WriteChannel/U2WriteChannelsi/U0WriteChannelsi/U0PermitCtl/U3506/Y (OAI21X2)     0.83     0.53     6.15 r
  U0WriteChannel/U2WriteChannelsi/U0WriteChannelsi/U0PermitCtl/U2778/Y (NAND2BX4)     0.14     0.07     6.22 f
  U0WriteChannel/U2WriteChannelsi/U0WriteChannelsi/U0PermitCtl/U2773/Y (NAND3X4)     0.11     0.10     6.32 r
  U0WriteChannel/U2WriteChannelsi/U0WriteChannelsi/U0PermitCtl/ID6SlaveCnt_reg_4_/D (DFFRX4)     0.11     0.00     6.32 r
  data arrival time                                                  6.32

  clock ACLK (rise edge)                                  7.50       7.50
  clock network delay (ideal)                             0.00       7.50
  clock uncertainty                                      -1.05       6.45
  U0WriteChannel/U2WriteChannelsi/U0WriteChannelsi/U0PermitCtl/ID6SlaveCnt_reg_4_/CK (DFFRX4)     0.00     6.45 r
  library setup time                                     -0.12       6.33
  data required time                                                 6.33
  --------------------------------------------------------------------------
  data required time                                                 6.33
  data arrival time                                                 -6.32
  --------------------------------------------------------------------------
  slack (MET)                                                        0.01


  Startpoint: U0ReadChannel/U2ReadChannelsi/AR0_fully_registered/INFORMATION_0_reg_52_
              (rising edge-triggered flip-flop clocked by ACLK)
  Endpoint: U0WriteChannel/U2WriteChannelsi/U0WriteChannelsi/U0PermitCtl/ID5SlaveCnt_reg_0_
            (rising edge-triggered flip-flop clocked by ACLK)
  Path Group: ACLK
  Path Type: max

  Point                                        Trans      Incr       Path
  --------------------------------------------------------------------------
  clock ACLK (rise edge)                                  0.00       0.00
  clock network delay (ideal)                             0.00       0.00
  U0ReadChannel/U2ReadChannelsi/AR0_fully_registered/INFORMATION_0_reg_52_/CK (DFFRX4)     0.40     0.00 #     0.00 r
  U0ReadChannel/U2ReadChannelsi/AR0_fully_registered/INFORMATION_0_reg_52_/Q (DFFRX4)     0.48     0.90     0.90 r
  U0ReadChannel/U2ReadChannelsi/AR0_fully_registered/INFORMATION_R[52] (AR_fully_registered_1)     0.00     0.90 r
  U0ReadChannel/U2ReadChannelsi/U0ReadChannelsi/ARIDm2si[2] (ReadChannelsi_1)     0.00     0.90 r
  U0ReadChannel/U2ReadChannelsi/U0ReadChannelsi/U1PermitCtl/SID[2] (PermitCtl_5)     0.00     0.90 r
  U0ReadChannel/U2ReadChannelsi/U0ReadChannelsi/U1PermitCtl/U3373/Y (INVX8)     0.08     0.05     0.95 f
  U0ReadChannel/U2ReadChannelsi/U0ReadChannelsi/U1PermitCtl/U3405/Y (NAND2X1)     0.18     0.13     1.08 r
  U0ReadChannel/U2ReadChannelsi/U0ReadChannelsi/U1PermitCtl/U3403/Y (BUFX3)     0.88     0.59     1.67 r
  U0ReadChannel/U2ReadChannelsi/U0ReadChannelsi/U1PermitCtl/U3355/Y (OAI22X4)     0.22     0.20     1.87 f
  U0ReadChannel/U2ReadChannelsi/U0ReadChannelsi/U1PermitCtl/U3352/Y (OAI21X4)     0.20     0.19     2.06 r
  U0ReadChannel/U2ReadChannelsi/U0ReadChannelsi/U1PermitCtl/U3332/Y (NAND4X4)     0.36     0.26     2.31 f
  U0ReadChannel/U2ReadChannelsi/U0ReadChannelsi/U1PermitCtl/CtlData2writech[0] (PermitCtl_5)     0.00     2.31 f
  U0ReadChannel/U2ReadChannelsi/U0ReadChannelsi/U277/Y (NAND2X4)     0.25     0.22     2.53 r
  U0ReadChannel/U2ReadChannelsi/U0ReadChannelsi/U276/Y (NOR2X4)     0.09     0.06     2.60 f
  U0ReadChannel/U2ReadChannelsi/U0ReadChannelsi/ARVALIDsi2mi[1] (ReadChannelsi_1)     0.00     2.60 f
  U0ReadChannel/U2ReadChannelsi/ARVALIDsi2mi[1] (ReadChannelsi_RS_1)     0.00     2.60 f
  U0ReadChannel/U1ReadChannelmi/ARVALIDsi2mi[2] (ReadChannelmi_RS_4)     0.00     2.60 f
  U0ReadChannel/U1ReadChannelmi/U0ReadChannelmi/ARVALIDsi2mi[2] (ReadChannelmi_4)     0.00     2.60 f
  U0ReadChannel/U1ReadChannelmi/U0ReadChannelmi/U428/Y (AOI22X2)     0.24     0.19     2.79 r
  U0ReadChannel/U1ReadChannelmi/U0ReadChannelmi/U427/Y (OAI221X2)     0.28     0.22     3.01 f
  U0ReadChannel/U1ReadChannelmi/U0ReadChannelmi/U0LockCtlRdmi/AVALID (LockCtlRdmi_4)     0.00     3.01 f
  U0ReadChannel/U1ReadChannelmi/U0ReadChannelmi/U0LockCtlRdmi/U79/Y (NAND3BX2)     0.23     0.20     3.22 r
  U0ReadChannel/U1ReadChannelmi/U0ReadChannelmi/U0LockCtlRdmi/U80/Y (INVX4)     0.13     0.11     3.33 f
  U0ReadChannel/U1ReadChannelmi/U0ReadChannelmi/U0LockCtlRdmi/Lock_out (LockCtlRdmi_4)     0.00     3.33 f
  U0ReadChannel/U1ReadChannelmi/U0ReadChannelmi/Lock2Wrmi (ReadChannelmi_4)     0.00     3.33 f
  U0ReadChannel/U1ReadChannelmi/Lock2Wrmi (ReadChannelmi_RS_4)     0.00     3.33 f
  U0ReadChannel/Lock2wrmi1 (ReadChannel)                  0.00       3.33 f
  U0WriteChannel/Lock2wrmi1 (WriteChannel)                0.00       3.33 f
  U0WriteChannel/U1WriteChannelmi/Lock2Wrmi (WriteChannelmi_RS_4)     0.00     3.33 f
  U0WriteChannel/U1WriteChannelmi/U0WriteChannelmi/Lock2Wrmi (WriteChannelmi_4)     0.00     3.33 f
  U0WriteChannel/U1WriteChannelmi/U0WriteChannelmi/U0LockCtlWrmi/Lock_in (LockCtlWrmi_4)     0.00     3.33 f
  U0WriteChannel/U1WriteChannelmi/U0WriteChannelmi/U0LockCtlWrmi/U112/Y (NAND2X4)     0.14     0.10     3.43 r
  U0WriteChannel/U1WriteChannelmi/U0WriteChannelmi/U0LockCtlWrmi/U110/Y (NAND2X4)     0.06     0.05     3.48 f
  U0WriteChannel/U1WriteChannelmi/U0WriteChannelmi/U0LockCtlWrmi/U100/Y (NAND3BX4)     0.09     0.16     3.64 f
  U0WriteChannel/U1WriteChannelmi/U0WriteChannelmi/U0LockCtlWrmi/EnAREADYMUXn (LockCtlWrmi_4)     0.00     3.64 f
  U0WriteChannel/U1WriteChannelmi/U0WriteChannelmi/U369/Y (NAND3BX4)     0.10     0.17     3.81 f
  U0WriteChannel/U1WriteChannelmi/U0WriteChannelmi/U367/Y (OR3X4)     0.09     0.24     4.05 f
  U0WriteChannel/U1WriteChannelmi/U0WriteChannelmi/U663/Y (INVX4)     0.07     0.06     4.11 r
  U0WriteChannel/U1WriteChannelmi/U0WriteChannelmi/U660/Y (AND2X2)     0.11     0.16     4.27 r
  U0WriteChannel/U1WriteChannelmi/U0WriteChannelmi/AWREADYmi2si[2] (WriteChannelmi_4)     0.00     4.27 r
  U0WriteChannel/U1WriteChannelmi/AWREADYmi2si[2] (WriteChannelmi_RS_4)     0.00     4.27 r
  U0WriteChannel/U2WriteChannelsi/AWREADYmi2si[1] (WriteChannelsi_RS_1)     0.00     4.27 r
  U0WriteChannel/U2WriteChannelsi/U0WriteChannelsi/AWREADYmi2si[1] (WriteChannelsi_1)     0.00     4.27 r
  U0WriteChannel/U2WriteChannelsi/U0WriteChannelsi/U173/Y (AOI33X2)     0.22     0.08     4.35 f
  U0WriteChannel/U2WriteChannelsi/U0WriteChannelsi/U174/Y (AND2X2)     0.06     0.20     4.55 f
  U0WriteChannel/U2WriteChannelsi/U0WriteChannelsi/U151/Y (OAI33X4)     0.35     0.61     5.16 r
  U0WriteChannel/U2WriteChannelsi/U0WriteChannelsi/U0PermitCtl/AREADY (PermitCtl_1)     0.00     5.16 r
  U0WriteChannel/U2WriteChannelsi/U0WriteChannelsi/U0PermitCtl/U2373/Y (BUFX16)     0.19     0.22     5.38 r
  U0WriteChannel/U2WriteChannelsi/U0WriteChannelsi/U0PermitCtl/U3389/Y (INVX4)     0.08     0.06     5.44 f
  U0WriteChannel/U2WriteChannelsi/U0WriteChannelsi/U0PermitCtl/U3364/Y (BUFX20)     0.10     0.17     5.61 f
  U0WriteChannel/U2WriteChannelsi/U0WriteChannelsi/U0PermitCtl/U3505/Y (OAI21X2)     0.83     0.53     6.15 r
  U0WriteChannel/U2WriteChannelsi/U0WriteChannelsi/U0PermitCtl/U2793/Y (NAND2BX4)     0.14     0.07     6.22 f
  U0WriteChannel/U2WriteChannelsi/U0WriteChannelsi/U0PermitCtl/U2791/Y (NAND3X4)     0.11     0.10     6.32 r
  U0WriteChannel/U2WriteChannelsi/U0WriteChannelsi/U0PermitCtl/ID5SlaveCnt_reg_0_/D (DFFRX4)     0.11     0.00     6.32 r
  data arrival time                                                  6.32

  clock ACLK (rise edge)                                  7.50       7.50
  clock network delay (ideal)                             0.00       7.50
  clock uncertainty                                      -1.05       6.45
  U0WriteChannel/U2WriteChannelsi/U0WriteChannelsi/U0PermitCtl/ID5SlaveCnt_reg_0_/CK (DFFRX4)     0.00     6.45 r
  library setup time                                     -0.12       6.33
  data required time                                                 6.33
  --------------------------------------------------------------------------
  data required time                                                 6.33
  data arrival time                                                 -6.32
  --------------------------------------------------------------------------
  slack (MET)                                                        0.01


  Startpoint: U0ReadChannel/U2ReadChannelsi/AR0_fully_registered/INFORMATION_0_reg_52_
              (rising edge-triggered flip-flop clocked by ACLK)
  Endpoint: U0WriteChannel/U2WriteChannelsi/U0WriteChannelsi/U0PermitCtl/ID6SlaveCnt_reg_0_
            (rising edge-triggered flip-flop clocked by ACLK)
  Path Group: ACLK
  Path Type: max

  Point                                        Trans      Incr       Path
  --------------------------------------------------------------------------
  clock ACLK (rise edge)                                  0.00       0.00
  clock network delay (ideal)                             0.00       0.00
  U0ReadChannel/U2ReadChannelsi/AR0_fully_registered/INFORMATION_0_reg_52_/CK (DFFRX4)     0.40     0.00 #     0.00 r
  U0ReadChannel/U2ReadChannelsi/AR0_fully_registered/INFORMATION_0_reg_52_/Q (DFFRX4)     0.48     0.90     0.90 r
  U0ReadChannel/U2ReadChannelsi/AR0_fully_registered/INFORMATION_R[52] (AR_fully_registered_1)     0.00     0.90 r
  U0ReadChannel/U2ReadChannelsi/U0ReadChannelsi/ARIDm2si[2] (ReadChannelsi_1)     0.00     0.90 r
  U0ReadChannel/U2ReadChannelsi/U0ReadChannelsi/U1PermitCtl/SID[2] (PermitCtl_5)     0.00     0.90 r
  U0ReadChannel/U2ReadChannelsi/U0ReadChannelsi/U1PermitCtl/U3373/Y (INVX8)     0.08     0.05     0.95 f
  U0ReadChannel/U2ReadChannelsi/U0ReadChannelsi/U1PermitCtl/U3405/Y (NAND2X1)     0.18     0.13     1.08 r
  U0ReadChannel/U2ReadChannelsi/U0ReadChannelsi/U1PermitCtl/U3403/Y (BUFX3)     0.88     0.59     1.67 r
  U0ReadChannel/U2ReadChannelsi/U0ReadChannelsi/U1PermitCtl/U3355/Y (OAI22X4)     0.22     0.20     1.87 f
  U0ReadChannel/U2ReadChannelsi/U0ReadChannelsi/U1PermitCtl/U3352/Y (OAI21X4)     0.20     0.19     2.06 r
  U0ReadChannel/U2ReadChannelsi/U0ReadChannelsi/U1PermitCtl/U3332/Y (NAND4X4)     0.36     0.26     2.31 f
  U0ReadChannel/U2ReadChannelsi/U0ReadChannelsi/U1PermitCtl/CtlData2writech[0] (PermitCtl_5)     0.00     2.31 f
  U0ReadChannel/U2ReadChannelsi/U0ReadChannelsi/U277/Y (NAND2X4)     0.25     0.22     2.53 r
  U0ReadChannel/U2ReadChannelsi/U0ReadChannelsi/U276/Y (NOR2X4)     0.09     0.06     2.60 f
  U0ReadChannel/U2ReadChannelsi/U0ReadChannelsi/ARVALIDsi2mi[1] (ReadChannelsi_1)     0.00     2.60 f
  U0ReadChannel/U2ReadChannelsi/ARVALIDsi2mi[1] (ReadChannelsi_RS_1)     0.00     2.60 f
  U0ReadChannel/U1ReadChannelmi/ARVALIDsi2mi[2] (ReadChannelmi_RS_4)     0.00     2.60 f
  U0ReadChannel/U1ReadChannelmi/U0ReadChannelmi/ARVALIDsi2mi[2] (ReadChannelmi_4)     0.00     2.60 f
  U0ReadChannel/U1ReadChannelmi/U0ReadChannelmi/U428/Y (AOI22X2)     0.24     0.19     2.79 r
  U0ReadChannel/U1ReadChannelmi/U0ReadChannelmi/U427/Y (OAI221X2)     0.28     0.22     3.01 f
  U0ReadChannel/U1ReadChannelmi/U0ReadChannelmi/U0LockCtlRdmi/AVALID (LockCtlRdmi_4)     0.00     3.01 f
  U0ReadChannel/U1ReadChannelmi/U0ReadChannelmi/U0LockCtlRdmi/U79/Y (NAND3BX2)     0.23     0.20     3.22 r
  U0ReadChannel/U1ReadChannelmi/U0ReadChannelmi/U0LockCtlRdmi/U80/Y (INVX4)     0.13     0.11     3.33 f
  U0ReadChannel/U1ReadChannelmi/U0ReadChannelmi/U0LockCtlRdmi/Lock_out (LockCtlRdmi_4)     0.00     3.33 f
  U0ReadChannel/U1ReadChannelmi/U0ReadChannelmi/Lock2Wrmi (ReadChannelmi_4)     0.00     3.33 f
  U0ReadChannel/U1ReadChannelmi/Lock2Wrmi (ReadChannelmi_RS_4)     0.00     3.33 f
  U0ReadChannel/Lock2wrmi1 (ReadChannel)                  0.00       3.33 f
  U0WriteChannel/Lock2wrmi1 (WriteChannel)                0.00       3.33 f
  U0WriteChannel/U1WriteChannelmi/Lock2Wrmi (WriteChannelmi_RS_4)     0.00     3.33 f
  U0WriteChannel/U1WriteChannelmi/U0WriteChannelmi/Lock2Wrmi (WriteChannelmi_4)     0.00     3.33 f
  U0WriteChannel/U1WriteChannelmi/U0WriteChannelmi/U0LockCtlWrmi/Lock_in (LockCtlWrmi_4)     0.00     3.33 f
  U0WriteChannel/U1WriteChannelmi/U0WriteChannelmi/U0LockCtlWrmi/U112/Y (NAND2X4)     0.14     0.10     3.43 r
  U0WriteChannel/U1WriteChannelmi/U0WriteChannelmi/U0LockCtlWrmi/U110/Y (NAND2X4)     0.06     0.05     3.48 f
  U0WriteChannel/U1WriteChannelmi/U0WriteChannelmi/U0LockCtlWrmi/U100/Y (NAND3BX4)     0.09     0.16     3.64 f
  U0WriteChannel/U1WriteChannelmi/U0WriteChannelmi/U0LockCtlWrmi/EnAREADYMUXn (LockCtlWrmi_4)     0.00     3.64 f
  U0WriteChannel/U1WriteChannelmi/U0WriteChannelmi/U369/Y (NAND3BX4)     0.10     0.17     3.81 f
  U0WriteChannel/U1WriteChannelmi/U0WriteChannelmi/U367/Y (OR3X4)     0.09     0.24     4.05 f
  U0WriteChannel/U1WriteChannelmi/U0WriteChannelmi/U663/Y (INVX4)     0.07     0.06     4.11 r
  U0WriteChannel/U1WriteChannelmi/U0WriteChannelmi/U660/Y (AND2X2)     0.11     0.16     4.27 r
  U0WriteChannel/U1WriteChannelmi/U0WriteChannelmi/AWREADYmi2si[2] (WriteChannelmi_4)     0.00     4.27 r
  U0WriteChannel/U1WriteChannelmi/AWREADYmi2si[2] (WriteChannelmi_RS_4)     0.00     4.27 r
  U0WriteChannel/U2WriteChannelsi/AWREADYmi2si[1] (WriteChannelsi_RS_1)     0.00     4.27 r
  U0WriteChannel/U2WriteChannelsi/U0WriteChannelsi/AWREADYmi2si[1] (WriteChannelsi_1)     0.00     4.27 r
  U0WriteChannel/U2WriteChannelsi/U0WriteChannelsi/U173/Y (AOI33X2)     0.22     0.08     4.35 f
  U0WriteChannel/U2WriteChannelsi/U0WriteChannelsi/U174/Y (AND2X2)     0.06     0.20     4.55 f
  U0WriteChannel/U2WriteChannelsi/U0WriteChannelsi/U151/Y (OAI33X4)     0.35     0.61     5.16 r
  U0WriteChannel/U2WriteChannelsi/U0WriteChannelsi/U0PermitCtl/AREADY (PermitCtl_1)     0.00     5.16 r
  U0WriteChannel/U2WriteChannelsi/U0WriteChannelsi/U0PermitCtl/U2373/Y (BUFX16)     0.19     0.22     5.38 r
  U0WriteChannel/U2WriteChannelsi/U0WriteChannelsi/U0PermitCtl/U3389/Y (INVX4)     0.08     0.06     5.44 f
  U0WriteChannel/U2WriteChannelsi/U0WriteChannelsi/U0PermitCtl/U3364/Y (BUFX20)     0.10     0.17     5.61 f
  U0WriteChannel/U2WriteChannelsi/U0WriteChannelsi/U0PermitCtl/U3506/Y (OAI21X2)     0.83     0.53     6.15 r
  U0WriteChannel/U2WriteChannelsi/U0WriteChannelsi/U0PermitCtl/U2751/Y (NAND2BX4)     0.14     0.07     6.22 f
  U0WriteChannel/U2WriteChannelsi/U0WriteChannelsi/U0PermitCtl/U2749/Y (NAND3X4)     0.11     0.10     6.32 r
  U0WriteChannel/U2WriteChannelsi/U0WriteChannelsi/U0PermitCtl/ID6SlaveCnt_reg_0_/D (DFFRX4)     0.11     0.00     6.32 r
  data arrival time                                                  6.32

  clock ACLK (rise edge)                                  7.50       7.50
  clock network delay (ideal)                             0.00       7.50
  clock uncertainty                                      -1.05       6.45
  U0WriteChannel/U2WriteChannelsi/U0WriteChannelsi/U0PermitCtl/ID6SlaveCnt_reg_0_/CK (DFFRX4)     0.00     6.45 r
  library setup time                                     -0.12       6.33
  data required time                                                 6.33
  --------------------------------------------------------------------------
  data required time                                                 6.33
  data arrival time                                                 -6.32
  --------------------------------------------------------------------------
  slack (MET)                                                        0.01


  Startpoint: U0ReadChannel/U2ReadChannelsi/AR0_fully_registered/INFORMATION_0_reg_52_
              (rising edge-triggered flip-flop clocked by ACLK)
  Endpoint: U0WriteChannel/U2WriteChannelsi/U0WriteChannelsi/U0PermitCtl/ID5SlaveCnt_reg_1_
            (rising edge-triggered flip-flop clocked by ACLK)
  Path Group: ACLK
  Path Type: max

  Point                                        Trans      Incr       Path
  --------------------------------------------------------------------------
  clock ACLK (rise edge)                                  0.00       0.00
  clock network delay (ideal)                             0.00       0.00
  U0ReadChannel/U2ReadChannelsi/AR0_fully_registered/INFORMATION_0_reg_52_/CK (DFFRX4)     0.40     0.00 #     0.00 r
  U0ReadChannel/U2ReadChannelsi/AR0_fully_registered/INFORMATION_0_reg_52_/Q (DFFRX4)     0.48     0.90     0.90 r
  U0ReadChannel/U2ReadChannelsi/AR0_fully_registered/INFORMATION_R[52] (AR_fully_registered_1)     0.00     0.90 r
  U0ReadChannel/U2ReadChannelsi/U0ReadChannelsi/ARIDm2si[2] (ReadChannelsi_1)     0.00     0.90 r
  U0ReadChannel/U2ReadChannelsi/U0ReadChannelsi/U1PermitCtl/SID[2] (PermitCtl_5)     0.00     0.90 r
  U0ReadChannel/U2ReadChannelsi/U0ReadChannelsi/U1PermitCtl/U3373/Y (INVX8)     0.08     0.05     0.95 f
  U0ReadChannel/U2ReadChannelsi/U0ReadChannelsi/U1PermitCtl/U3405/Y (NAND2X1)     0.18     0.13     1.08 r
  U0ReadChannel/U2ReadChannelsi/U0ReadChannelsi/U1PermitCtl/U3403/Y (BUFX3)     0.88     0.59     1.67 r
  U0ReadChannel/U2ReadChannelsi/U0ReadChannelsi/U1PermitCtl/U3355/Y (OAI22X4)     0.22     0.20     1.87 f
  U0ReadChannel/U2ReadChannelsi/U0ReadChannelsi/U1PermitCtl/U3352/Y (OAI21X4)     0.20     0.19     2.06 r
  U0ReadChannel/U2ReadChannelsi/U0ReadChannelsi/U1PermitCtl/U3332/Y (NAND4X4)     0.36     0.26     2.31 f
  U0ReadChannel/U2ReadChannelsi/U0ReadChannelsi/U1PermitCtl/CtlData2writech[0] (PermitCtl_5)     0.00     2.31 f
  U0ReadChannel/U2ReadChannelsi/U0ReadChannelsi/U284/Y (INVX8)     0.10     0.10     2.41 r
  U0ReadChannel/U2ReadChannelsi/U0ReadChannelsi/U283/Y (NAND2X4)     0.23     0.17     2.58 f
  U0ReadChannel/U2ReadChannelsi/U0ReadChannelsi/U268/Y (INVX8)     0.07     0.07     2.65 r
  U0ReadChannel/U2ReadChannelsi/U0ReadChannelsi/U267/Y (NOR3X4)     0.12     0.08     2.73 f
  U0ReadChannel/U2ReadChannelsi/U0ReadChannelsi/ARVALIDsi2mi[5] (ReadChannelsi_1)     0.00     2.73 f
  U0ReadChannel/U2ReadChannelsi/ARVALIDsi2mi[5] (ReadChannelsi_RS_1)     0.00     2.73 f
  U0ReadChannel/U5ReadChannelmi/ARVALIDsi2mi[2] (ReadChannelmi_RS_0)     0.00     2.73 f
  U0ReadChannel/U5ReadChannelmi/U0ReadChannelmi/ARVALIDsi2mi[2] (ReadChannelmi_0)     0.00     2.73 f
  U0ReadChannel/U5ReadChannelmi/U0ReadChannelmi/U420/Y (NAND2X4)     0.12     0.09     2.82 r
  U0ReadChannel/U5ReadChannelmi/U0ReadChannelmi/U416/Y (NAND4X4)     0.25     0.18     3.01 f
  U0ReadChannel/U5ReadChannelmi/U0ReadChannelmi/U0LockCtlRdmi/AVALID (LockCtlRdmi_0)     0.00     3.01 f
  U0ReadChannel/U5ReadChannelmi/U0ReadChannelmi/U0LockCtlRdmi/U79/Y (INVX4)     0.12     0.11     3.11 r
  U0ReadChannel/U5ReadChannelmi/U0ReadChannelmi/U0LockCtlRdmi/U62/Y (OR3X4)     0.13     0.20     3.31 r
  U0ReadChannel/U5ReadChannelmi/U0ReadChannelmi/U0LockCtlRdmi/U56/Y (INVX8)     0.07     0.06     3.37 f
  U0ReadChannel/U5ReadChannelmi/U0ReadChannelmi/U0LockCtlRdmi/Lock_out (LockCtlRdmi_0)     0.00     3.37 f
  U0ReadChannel/U5ReadChannelmi/U0ReadChannelmi/Lock2Wrmi (ReadChannelmi_0)     0.00     3.37 f
  U0ReadChannel/U5ReadChannelmi/Lock2Wrmi (ReadChannelmi_RS_0)     0.00     3.37 f
  U0ReadChannel/Lock2wrmi5 (ReadChannel)                  0.00       3.37 f
  U0WriteChannel/Lock2wrmi5 (WriteChannel)                0.00       3.37 f
  U0WriteChannel/U5WriteChannelmi/Lock2Wrmi (WriteChannelmi_RS_0)     0.00     3.37 f
  U0WriteChannel/U5WriteChannelmi/U0WriteChannelmi/Lock2Wrmi (WriteChannelmi_0)     0.00     3.37 f
  U0WriteChannel/U5WriteChannelmi/U0WriteChannelmi/U0LockCtlWrmi/Lock_in (LockCtlWrmi_0)     0.00     3.37 f
  U0WriteChannel/U5WriteChannelmi/U0WriteChannelmi/U0LockCtlWrmi/U106/Y (NAND2X4)     0.12     0.08     3.45 r
  U0WriteChannel/U5WriteChannelmi/U0WriteChannelmi/U0LockCtlWrmi/U76/Y (INVX4)     0.05     0.04     3.49 f
  U0WriteChannel/U5WriteChannelmi/U0WriteChannelmi/U0LockCtlWrmi/U99/Y (NOR2X4)     0.10     0.07     3.57 r
  U0WriteChannel/U5WriteChannelmi/U0WriteChannelmi/U0LockCtlWrmi/U75/Y (NAND2X2)     0.20     0.15     3.71 f
  U0WriteChannel/U5WriteChannelmi/U0WriteChannelmi/U0LockCtlWrmi/EnAMUXn (LockCtlWrmi_0)     0.00     3.71 f
  U0WriteChannel/U5WriteChannelmi/U0WriteChannelmi/U973/Y (INVX8)     0.07     0.07     3.79 r
  U0WriteChannel/U5WriteChannelmi/U0WriteChannelmi/U972/Y (NAND4X4)     0.20     0.17     3.96 f
  U0WriteChannel/U5WriteChannelmi/U0WriteChannelmi/U653/Y (INVX4)     0.14     0.11     4.07 r
  U0WriteChannel/U5WriteChannelmi/U0WriteChannelmi/U711/Y (NAND2X4)     0.11     0.08     4.15 f
  U0WriteChannel/U5WriteChannelmi/U0WriteChannelmi/U710/Y (INVX8)     0.08     0.07     4.22 r
  U0WriteChannel/U5WriteChannelmi/U0WriteChannelmi/U709/Y (NAND2X4)     0.09     0.07     4.29 f
  U0WriteChannel/U5WriteChannelmi/U0WriteChannelmi/U708/Y (INVX8)     0.04     0.04     4.33 r
  U0WriteChannel/U5WriteChannelmi/U0WriteChannelmi/AWREADYmi2si[2] (WriteChannelmi_0)     0.00     4.33 r
  U0WriteChannel/U5WriteChannelmi/AWREADYmi2si[2] (WriteChannelmi_RS_0)     0.00     4.33 r
  U0WriteChannel/U2WriteChannelsi/AWREADYmi2si[5] (WriteChannelsi_RS_1)     0.00     4.33 r
  U0WriteChannel/U2WriteChannelsi/U0WriteChannelsi/AWREADYmi2si[5] (WriteChannelsi_1)     0.00     4.33 r
  U0WriteChannel/U2WriteChannelsi/U0WriteChannelsi/U165/Y (AOI22X2)     0.14     0.08     4.41 f
  U0WriteChannel/U2WriteChannelsi/U0WriteChannelsi/U151/Y (OAI33X4)     0.35     0.75     5.16 r
  U0WriteChannel/U2WriteChannelsi/U0WriteChannelsi/U0PermitCtl/AREADY (PermitCtl_1)     0.00     5.16 r
  U0WriteChannel/U2WriteChannelsi/U0WriteChannelsi/U0PermitCtl/U2373/Y (BUFX16)     0.19     0.22     5.38 r
  U0WriteChannel/U2WriteChannelsi/U0WriteChannelsi/U0PermitCtl/U3389/Y (INVX4)     0.08     0.06     5.44 f
  U0WriteChannel/U2WriteChannelsi/U0WriteChannelsi/U0PermitCtl/U3364/Y (BUFX20)     0.10     0.17     5.61 f
  U0WriteChannel/U2WriteChannelsi/U0WriteChannelsi/U0PermitCtl/U3505/Y (OAI21X2)     0.83     0.53     6.14 r
  U0WriteChannel/U2WriteChannelsi/U0WriteChannelsi/U0PermitCtl/U2799/Y (NAND2BX4)     0.14     0.07     6.22 f
  U0WriteChannel/U2WriteChannelsi/U0WriteChannelsi/U0PermitCtl/U2797/Y (NAND3X4)     0.11     0.10     6.32 r
  U0WriteChannel/U2WriteChannelsi/U0WriteChannelsi/U0PermitCtl/ID5SlaveCnt_reg_1_/D (DFFRX4)     0.11     0.00     6.32 r
  data arrival time                                                  6.32

  clock ACLK (rise edge)                                  7.50       7.50
  clock network delay (ideal)                             0.00       7.50
  clock uncertainty                                      -1.05       6.45
  U0WriteChannel/U2WriteChannelsi/U0WriteChannelsi/U0PermitCtl/ID5SlaveCnt_reg_1_/CK (DFFRX4)     0.00     6.45 r
  library setup time                                     -0.12       6.33
  data required time                                                 6.33
  --------------------------------------------------------------------------
  data required time                                                 6.33
  data arrival time                                                 -6.32
  --------------------------------------------------------------------------
  slack (MET)                                                        0.01


  Startpoint: U0ReadChannel/U2ReadChannelsi/AR0_fully_registered/INFORMATION_0_reg_52_
              (rising edge-triggered flip-flop clocked by ACLK)
  Endpoint: U0WriteChannel/U2WriteChannelsi/U0WriteChannelsi/U0PermitCtl/ID5SlaveCnt_reg_2_
            (rising edge-triggered flip-flop clocked by ACLK)
  Path Group: ACLK
  Path Type: max

  Point                                        Trans      Incr       Path
  --------------------------------------------------------------------------
  clock ACLK (rise edge)                                  0.00       0.00
  clock network delay (ideal)                             0.00       0.00
  U0ReadChannel/U2ReadChannelsi/AR0_fully_registered/INFORMATION_0_reg_52_/CK (DFFRX4)     0.40     0.00 #     0.00 r
  U0ReadChannel/U2ReadChannelsi/AR0_fully_registered/INFORMATION_0_reg_52_/Q (DFFRX4)     0.48     0.90     0.90 r
  U0ReadChannel/U2ReadChannelsi/AR0_fully_registered/INFORMATION_R[52] (AR_fully_registered_1)     0.00     0.90 r
  U0ReadChannel/U2ReadChannelsi/U0ReadChannelsi/ARIDm2si[2] (ReadChannelsi_1)     0.00     0.90 r
  U0ReadChannel/U2ReadChannelsi/U0ReadChannelsi/U1PermitCtl/SID[2] (PermitCtl_5)     0.00     0.90 r
  U0ReadChannel/U2ReadChannelsi/U0ReadChannelsi/U1PermitCtl/U3373/Y (INVX8)     0.08     0.05     0.95 f
  U0ReadChannel/U2ReadChannelsi/U0ReadChannelsi/U1PermitCtl/U3405/Y (NAND2X1)     0.18     0.13     1.08 r
  U0ReadChannel/U2ReadChannelsi/U0ReadChannelsi/U1PermitCtl/U3403/Y (BUFX3)     0.88     0.59     1.67 r
  U0ReadChannel/U2ReadChannelsi/U0ReadChannelsi/U1PermitCtl/U3355/Y (OAI22X4)     0.22     0.20     1.87 f
  U0ReadChannel/U2ReadChannelsi/U0ReadChannelsi/U1PermitCtl/U3352/Y (OAI21X4)     0.20     0.19     2.06 r
  U0ReadChannel/U2ReadChannelsi/U0ReadChannelsi/U1PermitCtl/U3332/Y (NAND4X4)     0.36     0.26     2.31 f
  U0ReadChannel/U2ReadChannelsi/U0ReadChannelsi/U1PermitCtl/CtlData2writech[0] (PermitCtl_5)     0.00     2.31 f
  U0ReadChannel/U2ReadChannelsi/U0ReadChannelsi/U284/Y (INVX8)     0.10     0.10     2.41 r
  U0ReadChannel/U2ReadChannelsi/U0ReadChannelsi/U283/Y (NAND2X4)     0.23     0.17     2.58 f
  U0ReadChannel/U2ReadChannelsi/U0ReadChannelsi/U268/Y (INVX8)     0.07     0.07     2.65 r
  U0ReadChannel/U2ReadChannelsi/U0ReadChannelsi/U267/Y (NOR3X4)     0.12     0.08     2.73 f
  U0ReadChannel/U2ReadChannelsi/U0ReadChannelsi/ARVALIDsi2mi[5] (ReadChannelsi_1)     0.00     2.73 f
  U0ReadChannel/U2ReadChannelsi/ARVALIDsi2mi[5] (ReadChannelsi_RS_1)     0.00     2.73 f
  U0ReadChannel/U5ReadChannelmi/ARVALIDsi2mi[2] (ReadChannelmi_RS_0)     0.00     2.73 f
  U0ReadChannel/U5ReadChannelmi/U0ReadChannelmi/ARVALIDsi2mi[2] (ReadChannelmi_0)     0.00     2.73 f
  U0ReadChannel/U5ReadChannelmi/U0ReadChannelmi/U420/Y (NAND2X4)     0.12     0.09     2.82 r
  U0ReadChannel/U5ReadChannelmi/U0ReadChannelmi/U416/Y (NAND4X4)     0.25     0.18     3.01 f
  U0ReadChannel/U5ReadChannelmi/U0ReadChannelmi/U0LockCtlRdmi/AVALID (LockCtlRdmi_0)     0.00     3.01 f
  U0ReadChannel/U5ReadChannelmi/U0ReadChannelmi/U0LockCtlRdmi/U79/Y (INVX4)     0.12     0.11     3.11 r
  U0ReadChannel/U5ReadChannelmi/U0ReadChannelmi/U0LockCtlRdmi/U62/Y (OR3X4)     0.13     0.20     3.31 r
  U0ReadChannel/U5ReadChannelmi/U0ReadChannelmi/U0LockCtlRdmi/U56/Y (INVX8)     0.07     0.06     3.37 f
  U0ReadChannel/U5ReadChannelmi/U0ReadChannelmi/U0LockCtlRdmi/Lock_out (LockCtlRdmi_0)     0.00     3.37 f
  U0ReadChannel/U5ReadChannelmi/U0ReadChannelmi/Lock2Wrmi (ReadChannelmi_0)     0.00     3.37 f
  U0ReadChannel/U5ReadChannelmi/Lock2Wrmi (ReadChannelmi_RS_0)     0.00     3.37 f
  U0ReadChannel/Lock2wrmi5 (ReadChannel)                  0.00       3.37 f
  U0WriteChannel/Lock2wrmi5 (WriteChannel)                0.00       3.37 f
  U0WriteChannel/U5WriteChannelmi/Lock2Wrmi (WriteChannelmi_RS_0)     0.00     3.37 f
  U0WriteChannel/U5WriteChannelmi/U0WriteChannelmi/Lock2Wrmi (WriteChannelmi_0)     0.00     3.37 f
  U0WriteChannel/U5WriteChannelmi/U0WriteChannelmi/U0LockCtlWrmi/Lock_in (LockCtlWrmi_0)     0.00     3.37 f
  U0WriteChannel/U5WriteChannelmi/U0WriteChannelmi/U0LockCtlWrmi/U106/Y (NAND2X4)     0.12     0.08     3.45 r
  U0WriteChannel/U5WriteChannelmi/U0WriteChannelmi/U0LockCtlWrmi/U76/Y (INVX4)     0.05     0.04     3.49 f
  U0WriteChannel/U5WriteChannelmi/U0WriteChannelmi/U0LockCtlWrmi/U99/Y (NOR2X4)     0.10     0.07     3.57 r
  U0WriteChannel/U5WriteChannelmi/U0WriteChannelmi/U0LockCtlWrmi/U75/Y (NAND2X2)     0.20     0.15     3.71 f
  U0WriteChannel/U5WriteChannelmi/U0WriteChannelmi/U0LockCtlWrmi/EnAMUXn (LockCtlWrmi_0)     0.00     3.71 f
  U0WriteChannel/U5WriteChannelmi/U0WriteChannelmi/U973/Y (INVX8)     0.07     0.07     3.79 r
  U0WriteChannel/U5WriteChannelmi/U0WriteChannelmi/U972/Y (NAND4X4)     0.20     0.17     3.96 f
  U0WriteChannel/U5WriteChannelmi/U0WriteChannelmi/U653/Y (INVX4)     0.14     0.11     4.07 r
  U0WriteChannel/U5WriteChannelmi/U0WriteChannelmi/U711/Y (NAND2X4)     0.11     0.08     4.15 f
  U0WriteChannel/U5WriteChannelmi/U0WriteChannelmi/U710/Y (INVX8)     0.08     0.07     4.22 r
  U0WriteChannel/U5WriteChannelmi/U0WriteChannelmi/U709/Y (NAND2X4)     0.09     0.07     4.29 f
  U0WriteChannel/U5WriteChannelmi/U0WriteChannelmi/U708/Y (INVX8)     0.04     0.04     4.33 r
  U0WriteChannel/U5WriteChannelmi/U0WriteChannelmi/AWREADYmi2si[2] (WriteChannelmi_0)     0.00     4.33 r
  U0WriteChannel/U5WriteChannelmi/AWREADYmi2si[2] (WriteChannelmi_RS_0)     0.00     4.33 r
  U0WriteChannel/U2WriteChannelsi/AWREADYmi2si[5] (WriteChannelsi_RS_1)     0.00     4.33 r
  U0WriteChannel/U2WriteChannelsi/U0WriteChannelsi/AWREADYmi2si[5] (WriteChannelsi_1)     0.00     4.33 r
  U0WriteChannel/U2WriteChannelsi/U0WriteChannelsi/U165/Y (AOI22X2)     0.14     0.08     4.41 f
  U0WriteChannel/U2WriteChannelsi/U0WriteChannelsi/U151/Y (OAI33X4)     0.35     0.75     5.16 r
  U0WriteChannel/U2WriteChannelsi/U0WriteChannelsi/U0PermitCtl/AREADY (PermitCtl_1)     0.00     5.16 r
  U0WriteChannel/U2WriteChannelsi/U0WriteChannelsi/U0PermitCtl/U2373/Y (BUFX16)     0.19     0.22     5.38 r
  U0WriteChannel/U2WriteChannelsi/U0WriteChannelsi/U0PermitCtl/U3389/Y (INVX4)     0.08     0.06     5.44 f
  U0WriteChannel/U2WriteChannelsi/U0WriteChannelsi/U0PermitCtl/U3364/Y (BUFX20)     0.10     0.17     5.61 f
  U0WriteChannel/U2WriteChannelsi/U0WriteChannelsi/U0PermitCtl/U3505/Y (OAI21X2)     0.83     0.53     6.14 r
  U0WriteChannel/U2WriteChannelsi/U0WriteChannelsi/U0PermitCtl/U2805/Y (NAND2BX4)     0.14     0.07     6.22 f
  U0WriteChannel/U2WriteChannelsi/U0WriteChannelsi/U0PermitCtl/U2803/Y (NAND3X4)     0.11     0.10     6.32 r
  U0WriteChannel/U2WriteChannelsi/U0WriteChannelsi/U0PermitCtl/ID5SlaveCnt_reg_2_/D (DFFRX4)     0.11     0.00     6.32 r
  data arrival time                                                  6.32

  clock ACLK (rise edge)                                  7.50       7.50
  clock network delay (ideal)                             0.00       7.50
  clock uncertainty                                      -1.05       6.45
  U0WriteChannel/U2WriteChannelsi/U0WriteChannelsi/U0PermitCtl/ID5SlaveCnt_reg_2_/CK (DFFRX4)     0.00     6.45 r
  library setup time                                     -0.12       6.33
  data required time                                                 6.33
  --------------------------------------------------------------------------
  data required time                                                 6.33
  data arrival time                                                 -6.32
  --------------------------------------------------------------------------
  slack (MET)                                                        0.01


1
