Timing Analyzer report for arm_top
Fri Dec 02 17:25:46 2005
Version 4.2 Build 157 12/07/2004 SJ Full Version


---------------------
; Table of Contents ;
---------------------
  1. Legal Notice
  2. Timing Analyzer Summary
  3. Timing Analyzer Settings
  4. Clock Settings Summary
  5. Clock Setup: 'HCLOCK'
  6. tsu
  7. tco
  8. tpd
  9. th
 10. Timing Analyzer Messages



----------------
; Legal Notice ;
----------------
Copyright (C) 1991-2004 Altera Corporation
Any  megafunction  design,  and related netlist (encrypted  or  decrypted),
support information,  device programming or simulation file,  and any other
associated  documentation or information  provided by  Altera  or a partner
under  Altera's   Megafunction   Partnership   Program  may  be  used  only
to program  PLD  devices (but not masked  PLD  devices) from  Altera.   Any
other  use  of such  megafunction  design,  netlist,  support  information,
device programming or simulation file,  or any other  related documentation
or information  is prohibited  for  any  other purpose,  including, but not
limited to  modification,  reverse engineering,  de-compiling, or use  with
any other  silicon devices,  unless such use is  explicitly  licensed under
a separate agreement with  Altera  or a megafunction partner.  Title to the
intellectual property,  including patents,  copyrights,  trademarks,  trade
secrets,  or maskworks,  embodied in any such megafunction design, netlist,
support  information,  device programming or simulation file,  or any other
related documentation or information provided by  Altera  or a megafunction
partner, remains with Altera, the megafunction partner, or their respective
licensors. No other licenses, including any licenses needed under any third
party's intellectual property, are provided herein.



+---------------------------------------------------------------------------------------------------------------------------------------------------------------------------------------------------------------------------------------------------------------------+
; Timing Analyzer Summary                                                                                                                                                                                                                                             ;
+------------------------------+-------+---------------+----------------------------------+--------------------------------------------------------------------------------+---------------------------------------------------+------------+----------+--------------+
; Type                         ; Slack ; Required Time ; Actual Time                      ; From                                                                           ; To                                                ; From Clock ; To Clock ; Failed Paths ;
+------------------------------+-------+---------------+----------------------------------+--------------------------------------------------------------------------------+---------------------------------------------------+------------+----------+--------------+
; Worst-case tsu               ; N/A   ; None          ; 12.328 ns                        ; DATA_AVAIL                                                                     ; alu_slave4:inst|key_state:key_state|DATA_AVAIL_1d ;            ; HCLOCK   ; 0            ;
; Worst-case tco               ; N/A   ; None          ; 14.618 ns                        ; stripe:inst5|alt_exc_stripe:lpm_instance|alt_exc_upcore:core|core~MASTERHADDR3 ; masterhaddr[3]                                    ; HCLOCK     ;          ; 0            ;
; Worst-case tpd               ; N/A   ; None          ; 6.119 ns                         ; HCLOCK                                                                         ; HCLK                                              ;            ;          ; 0            ;
; Worst-case th                ; N/A   ; None          ; -11.752 ns                       ; DATA_A                                                                         ; alu_slave4:inst|key_state:key_state|DATA_1d[3]    ;            ; HCLOCK   ; 0            ;
; Clock Setup: 'HCLOCK'        ; N/A   ; None          ; 113.71 MHz ( period = 8.794 ns ) ; stripe:inst5|alt_exc_stripe:lpm_instance|alt_exc_upcore:core|core~MASTERHADDR2 ; alu_slave4:inst|key_state:key_state|Hready_i      ; HCLOCK     ; HCLOCK   ; 0            ;
; Total number of failed paths ;       ;               ;                                  ;                                                                                ;                                                   ;            ;          ; 0            ;
+------------------------------+-------+---------------+----------------------------------+--------------------------------------------------------------------------------+---------------------------------------------------+------------+----------+--------------+


+------------------------------------------------------------------------------------------------------+
; Timing Analyzer Settings                                                                             ;
+-------------------------------------------------------+--------------------+------+----+-------------+
; Option                                                ; Setting            ; From ; To ; Entity Name ;
+-------------------------------------------------------+--------------------+------+----+-------------+
; Device Name                                           ; EPXA10F1020C2      ;      ;    ;             ;
; Timing Models                                         ; Final              ;      ;    ;             ;
; Number of source nodes to report per destination node ; 10                 ;      ;    ;             ;
; Number of destination nodes to report                 ; 10                 ;      ;    ;             ;
; Number of paths to report                             ; 200                ;      ;    ;             ;
; Report Minumum Timing Checks                          ; Off                ;      ;    ;             ;
; Use Fast Timing Models                                ; Off                ;      ;    ;             ;
; Report IO Paths Separately                            ; Off                ;      ;    ;             ;
; Clock Analysis Only                                   ; Off                ;      ;    ;             ;
; Default hold multicycle                               ; Same as Multicycle ;      ;    ;             ;
; Cut paths between unrelated clock domains             ; On                 ;      ;    ;             ;
; Cut off read during write signal paths                ; On                 ;      ;    ;             ;
; Cut off clear and preset signal paths                 ; On                 ;      ;    ;             ;
; Cut off feedback from I/O pins                        ; On                 ;      ;    ;             ;
; Ignore Clock Settings                                 ; Off                ;      ;    ;             ;
; Analyze latches as synchronous elements               ; Off                ;      ;    ;             ;
; Do Min/Max analysis using Rise/Fall delays            ; Off                ;      ;    ;             ;
; Enable Recovery/Removal analysis                      ; Off                ;      ;    ;             ;
; Use Clock Latency for PLL offset                      ; Off                ;      ;    ;             ;
+-------------------------------------------------------+--------------------+------+----+-------------+


+--------------------------------------------------------------------------------------------------------------------------------------+
; Clock Settings Summary                                                                                                               ;
+-----------------+--------------------+----------+------------------+----------+-----------------------+---------------------+--------+
; Clock Node Name ; Clock Setting Name ; Type     ; Fmax Requirement ; Based on ; Multiply Base Fmax by ; Divide Base Fmax by ; Offset ;
+-----------------+--------------------+----------+------------------+----------+-----------------------+---------------------+--------+
; HCLOCK          ;                    ; User Pin ; NONE             ; NONE     ; N/A                   ; N/A                 ; N/A    ;
+-----------------+--------------------+----------+------------------+----------+-----------------------+---------------------+--------+


+--------------------------------------------------------------------------------------------------------------------------------------------------------------------------------------------------------------------------------------------------------------------------------------------------------------------------------------------------------------------------------+
; Clock Setup: 'HCLOCK'                                                                                                                                                                                                                                                                                                                                                          ;
+-----------------------------------------+-----------------------------------------------------+----------------------------------------------------------------------------------+---------------------------------------------------------------------------------+------------+----------+-----------------------------+---------------------------+-------------------------+
; Slack                                   ; Actual fmax (period)                                ; From                                                                             ; To                                                                              ; From Clock ; To Clock ; Required Setup Relationship ; Required Longest P2P Time ; Actual Longest P2P Time ;
+-----------------------------------------+-----------------------------------------------------+----------------------------------------------------------------------------------+---------------------------------------------------------------------------------+------------+----------+-----------------------------+---------------------------+-------------------------+
; N/A                                     ; 113.71 MHz ( period = 8.794 ns )                    ; stripe:inst5|alt_exc_stripe:lpm_instance|alt_exc_upcore:core|core~MASTERHADDR2   ; alu_slave4:inst|key_state:key_state|PLD_STATE.WAIT_STATE                        ; HCLOCK     ; HCLOCK   ; None                        ; None                      ; 9.565 ns                ;
; N/A                                     ; 113.71 MHz ( period = 8.794 ns )                    ; stripe:inst5|alt_exc_stripe:lpm_instance|alt_exc_upcore:core|core~MASTERHADDR2   ; alu_slave4:inst|key_state:key_state|Hready_i                                    ; HCLOCK     ; HCLOCK   ; None                        ; None                      ; 9.565 ns                ;
; N/A                                     ; 114.42 MHz ( period = 8.740 ns )                    ; stripe:inst5|alt_exc_stripe:lpm_instance|alt_exc_upcore:core|core~MASTERHADDR0   ; alu_slave4:inst|key_state:key_state|PLD_STATE.WAIT_STATE                        ; HCLOCK     ; HCLOCK   ; None                        ; None                      ; 9.511 ns                ;
; N/A                                     ; 114.42 MHz ( period = 8.740 ns )                    ; stripe:inst5|alt_exc_stripe:lpm_instance|alt_exc_upcore:core|core~MASTERHADDR0   ; alu_slave4:inst|key_state:key_state|Hready_i                                    ; HCLOCK     ; HCLOCK   ; None                        ; None                      ; 9.511 ns                ;
; N/A                                     ; 116.46 MHz ( period = 8.587 ns )                    ; alu_slave4:inst|key_state:key_state|Hready_i                                     ; stripe:inst5|alt_exc_stripe:lpm_instance|alt_exc_upcore:core|core~MASTERHREADY0 ; HCLOCK     ; HCLOCK   ; None                        ; None                      ; 2.903 ns                ;
; N/A                                     ; 120.25 MHz ( period = 8.316 ns )                    ; stripe:inst5|alt_exc_stripe:lpm_instance|alt_exc_upcore:core|core~MASTERHWRITE0  ; alu_slave4:inst|key_state:key_state|PLD_STATE.WAIT_STATE                        ; HCLOCK     ; HCLOCK   ; None                        ; None                      ; 9.087 ns                ;
; N/A                                     ; 120.25 MHz ( period = 8.316 ns )                    ; stripe:inst5|alt_exc_stripe:lpm_instance|alt_exc_upcore:core|core~MASTERHWRITE0  ; alu_slave4:inst|key_state:key_state|Hready_i                                    ; HCLOCK     ; HCLOCK   ; None                        ; None                      ; 9.087 ns                ;
; N/A                                     ; 120.58 MHz ( period = 8.293 ns )                    ; stripe:inst5|alt_exc_stripe:lpm_instance|alt_exc_upcore:core|core~MASTERHTRANS0  ; alu_slave4:inst|ahb_slave_sm2:ahb_slave_sm2|slave_state.ADDRESS_PHASE           ; HCLOCK     ; HCLOCK   ; None                        ; None                      ; 9.064 ns                ;
; N/A                                     ; 120.58 MHz ( period = 8.293 ns )                    ; stripe:inst5|alt_exc_stripe:lpm_instance|alt_exc_upcore:core|core~MASTERHTRANS0  ; alu_slave4:inst|ahb_slave_sm2:ahb_slave_sm2|slave_state.DATA_PHASE              ; HCLOCK     ; HCLOCK   ; None                        ; None                      ; 9.064 ns                ;
; N/A                                     ; 120.89 MHz ( period = 8.272 ns )                    ; stripe:inst5|alt_exc_stripe:lpm_instance|alt_exc_upcore:core|core~MASTERHADDR1   ; alu_slave4:inst|key_state:key_state|PLD_STATE.WAIT_STATE                        ; HCLOCK     ; HCLOCK   ; None                        ; None                      ; 9.043 ns                ;
; N/A                                     ; 120.89 MHz ( period = 8.272 ns )                    ; stripe:inst5|alt_exc_stripe:lpm_instance|alt_exc_upcore:core|core~MASTERHADDR1   ; alu_slave4:inst|key_state:key_state|Hready_i                                    ; HCLOCK     ; HCLOCK   ; None                        ; None                      ; 9.043 ns                ;
; N/A                                     ; 120.92 MHz ( period = 8.270 ns )                    ; stripe:inst5|alt_exc_stripe:lpm_instance|alt_exc_upcore:core|core~MASTERHTRANS0  ; alu_slave4:inst|ahb_slave_sm2:ahb_slave_sm2|HREADY_r                            ; HCLOCK     ; HCLOCK   ; None                        ; None                      ; 9.041 ns                ;
; N/A                                     ; 125.72 MHz ( period = 7.954 ns )                    ; alu_slave4:inst|ahb_slave_sm2:ahb_slave_sm2|HREADY_r                             ; stripe:inst5|alt_exc_stripe:lpm_instance|alt_exc_upcore:core|core~MASTERHREADY0 ; HCLOCK     ; HCLOCK   ; None                        ; None                      ; 2.270 ns                ;
; N/A                                     ; 127.26 MHz ( period = 7.858 ns )                    ; stripe:inst5|alt_exc_stripe:lpm_instance|alt_exc_upcore:core|core~MASTERHRDATA26 ; stripe:inst5|alt_exc_stripe:lpm_instance|alt_exc_upcore:core|core~MASTERHADDR4  ; HCLOCK     ; HCLOCK   ; None                        ; None                      ; 7.858 ns                ;
; N/A                                     ; 127.26 MHz ( period = 7.858 ns )                    ; stripe:inst5|alt_exc_stripe:lpm_instance|alt_exc_upcore:core|core~MASTERHRDATA27 ; stripe:inst5|alt_exc_stripe:lpm_instance|alt_exc_upcore:core|core~MASTERHADDR4  ; HCLOCK     ; HCLOCK   ; None                        ; None                      ; 7.858 ns                ;
; N/A                                     ; 127.26 MHz ( period = 7.858 ns )                    ; stripe:inst5|alt_exc_stripe:lpm_instance|alt_exc_upcore:core|core~MASTERHRDATA28 ; stripe:inst5|alt_exc_stripe:lpm_instance|alt_exc_upcore:core|core~MASTERHADDR4  ; HCLOCK     ; HCLOCK   ; None                        ; None                      ; 7.858 ns                ;
; N/A                                     ; 127.26 MHz ( period = 7.858 ns )                    ; stripe:inst5|alt_exc_stripe:lpm_instance|alt_exc_upcore:core|core~MASTERHRDATA29 ; stripe:inst5|alt_exc_stripe:lpm_instance|alt_exc_upcore:core|core~MASTERHADDR4  ; HCLOCK     ; HCLOCK   ; None                        ; None                      ; 7.858 ns                ;
; N/A                                     ; 127.26 MHz ( period = 7.858 ns )                    ; stripe:inst5|alt_exc_stripe:lpm_instance|alt_exc_upcore:core|core~MASTERHRDATA30 ; stripe:inst5|alt_exc_stripe:lpm_instance|alt_exc_upcore:core|core~MASTERHADDR4  ; HCLOCK     ; HCLOCK   ; None                        ; None                      ; 7.858 ns                ;
; N/A                                     ; 127.26 MHz ( period = 7.858 ns )                    ; stripe:inst5|alt_exc_stripe:lpm_instance|alt_exc_upcore:core|core~MASTERHRDATA31 ; stripe:inst5|alt_exc_stripe:lpm_instance|alt_exc_upcore:core|core~MASTERHADDR4  ; HCLOCK     ; HCLOCK   ; None                        ; None                      ; 7.858 ns                ;
; N/A                                     ; 127.26 MHz ( period = 7.858 ns )                    ; stripe:inst5|alt_exc_stripe:lpm_instance|alt_exc_upcore:core|core~MASTERHRESP0   ; stripe:inst5|alt_exc_stripe:lpm_instance|alt_exc_upcore:core|core~MASTERHADDR4  ; HCLOCK     ; HCLOCK   ; None                        ; None                      ; 7.858 ns                ;
; N/A                                     ; 127.26 MHz ( period = 7.858 ns )                    ; stripe:inst5|alt_exc_stripe:lpm_instance|alt_exc_upcore:core|core~MASTERHRESP1   ; stripe:inst5|alt_exc_stripe:lpm_instance|alt_exc_upcore:core|core~MASTERHADDR4  ; HCLOCK     ; HCLOCK   ; None                        ; None                      ; 7.858 ns                ;
; N/A                                     ; 127.26 MHz ( period = 7.858 ns )                    ; stripe:inst5|alt_exc_stripe:lpm_instance|alt_exc_upcore:core|core~MASTERHREADY0  ; stripe:inst5|alt_exc_stripe:lpm_instance|alt_exc_upcore:core|core~MASTERHADDR3  ; HCLOCK     ; HCLOCK   ; None                        ; None                      ; 7.858 ns                ;
; N/A                                     ; 127.26 MHz ( period = 7.858 ns )                    ; stripe:inst5|alt_exc_stripe:lpm_instance|alt_exc_upcore:core|core~MASTERHGRANT0  ; stripe:inst5|alt_exc_stripe:lpm_instance|alt_exc_upcore:core|core~MASTERHADDR3  ; HCLOCK     ; HCLOCK   ; None                        ; None                      ; 7.858 ns                ;
; N/A                                     ; 127.26 MHz ( period = 7.858 ns )                    ; stripe:inst5|alt_exc_stripe:lpm_instance|alt_exc_upcore:core|core~MASTERHRDATA0  ; stripe:inst5|alt_exc_stripe:lpm_instance|alt_exc_upcore:core|core~MASTERHADDR3  ; HCLOCK     ; HCLOCK   ; None                        ; None                      ; 7.858 ns                ;
; N/A                                     ; 127.26 MHz ( period = 7.858 ns )                    ; stripe:inst5|alt_exc_stripe:lpm_instance|alt_exc_upcore:core|core~MASTERHRDATA1  ; stripe:inst5|alt_exc_stripe:lpm_instance|alt_exc_upcore:core|core~MASTERHADDR3  ; HCLOCK     ; HCLOCK   ; None                        ; None                      ; 7.858 ns                ;
; N/A                                     ; 127.26 MHz ( period = 7.858 ns )                    ; stripe:inst5|alt_exc_stripe:lpm_instance|alt_exc_upcore:core|core~MASTERHRDATA2  ; stripe:inst5|alt_exc_stripe:lpm_instance|alt_exc_upcore:core|core~MASTERHADDR3  ; HCLOCK     ; HCLOCK   ; None                        ; None                      ; 7.858 ns                ;
; N/A                                     ; 127.26 MHz ( period = 7.858 ns )                    ; stripe:inst5|alt_exc_stripe:lpm_instance|alt_exc_upcore:core|core~MASTERHRDATA3  ; stripe:inst5|alt_exc_stripe:lpm_instance|alt_exc_upcore:core|core~MASTERHADDR3  ; HCLOCK     ; HCLOCK   ; None                        ; None                      ; 7.858 ns                ;
; N/A                                     ; 127.26 MHz ( period = 7.858 ns )                    ; stripe:inst5|alt_exc_stripe:lpm_instance|alt_exc_upcore:core|core~MASTERHRDATA4  ; stripe:inst5|alt_exc_stripe:lpm_instance|alt_exc_upcore:core|core~MASTERHADDR3  ; HCLOCK     ; HCLOCK   ; None                        ; None                      ; 7.858 ns                ;
; N/A                                     ; 127.26 MHz ( period = 7.858 ns )                    ; stripe:inst5|alt_exc_stripe:lpm_instance|alt_exc_upcore:core|core~MASTERHRDATA5  ; stripe:inst5|alt_exc_stripe:lpm_instance|alt_exc_upcore:core|core~MASTERHADDR3  ; HCLOCK     ; HCLOCK   ; None                        ; None                      ; 7.858 ns                ;
; N/A                                     ; 127.26 MHz ( period = 7.858 ns )                    ; stripe:inst5|alt_exc_stripe:lpm_instance|alt_exc_upcore:core|core~MASTERHRDATA6  ; stripe:inst5|alt_exc_stripe:lpm_instance|alt_exc_upcore:core|core~MASTERHADDR3  ; HCLOCK     ; HCLOCK   ; None                        ; None                      ; 7.858 ns                ;
; N/A                                     ; 127.26 MHz ( period = 7.858 ns )                    ; stripe:inst5|alt_exc_stripe:lpm_instance|alt_exc_upcore:core|core~MASTERHRDATA7  ; stripe:inst5|alt_exc_stripe:lpm_instance|alt_exc_upcore:core|core~MASTERHADDR3  ; HCLOCK     ; HCLOCK   ; None                        ; None                      ; 7.858 ns                ;
; N/A                                     ; 127.26 MHz ( period = 7.858 ns )                    ; stripe:inst5|alt_exc_stripe:lpm_instance|alt_exc_upcore:core|core~MASTERHRDATA8  ; stripe:inst5|alt_exc_stripe:lpm_instance|alt_exc_upcore:core|core~MASTERHADDR3  ; HCLOCK     ; HCLOCK   ; None                        ; None                      ; 7.858 ns                ;
; N/A                                     ; 127.26 MHz ( period = 7.858 ns )                    ; stripe:inst5|alt_exc_stripe:lpm_instance|alt_exc_upcore:core|core~MASTERHRDATA9  ; stripe:inst5|alt_exc_stripe:lpm_instance|alt_exc_upcore:core|core~MASTERHADDR3  ; HCLOCK     ; HCLOCK   ; None                        ; None                      ; 7.858 ns                ;
; N/A                                     ; 127.26 MHz ( period = 7.858 ns )                    ; stripe:inst5|alt_exc_stripe:lpm_instance|alt_exc_upcore:core|core~MASTERHRDATA10 ; stripe:inst5|alt_exc_stripe:lpm_instance|alt_exc_upcore:core|core~MASTERHADDR3  ; HCLOCK     ; HCLOCK   ; None                        ; None                      ; 7.858 ns                ;
; N/A                                     ; 127.26 MHz ( period = 7.858 ns )                    ; stripe:inst5|alt_exc_stripe:lpm_instance|alt_exc_upcore:core|core~MASTERHRDATA11 ; stripe:inst5|alt_exc_stripe:lpm_instance|alt_exc_upcore:core|core~MASTERHADDR3  ; HCLOCK     ; HCLOCK   ; None                        ; None                      ; 7.858 ns                ;
; N/A                                     ; 127.26 MHz ( period = 7.858 ns )                    ; stripe:inst5|alt_exc_stripe:lpm_instance|alt_exc_upcore:core|core~MASTERHRDATA12 ; stripe:inst5|alt_exc_stripe:lpm_instance|alt_exc_upcore:core|core~MASTERHADDR3  ; HCLOCK     ; HCLOCK   ; None                        ; None                      ; 7.858 ns                ;
; N/A                                     ; 127.26 MHz ( period = 7.858 ns )                    ; stripe:inst5|alt_exc_stripe:lpm_instance|alt_exc_upcore:core|core~MASTERHRDATA13 ; stripe:inst5|alt_exc_stripe:lpm_instance|alt_exc_upcore:core|core~MASTERHADDR3  ; HCLOCK     ; HCLOCK   ; None                        ; None                      ; 7.858 ns                ;
; N/A                                     ; 127.26 MHz ( period = 7.858 ns )                    ; stripe:inst5|alt_exc_stripe:lpm_instance|alt_exc_upcore:core|core~MASTERHRDATA14 ; stripe:inst5|alt_exc_stripe:lpm_instance|alt_exc_upcore:core|core~MASTERHADDR3  ; HCLOCK     ; HCLOCK   ; None                        ; None                      ; 7.858 ns                ;
; N/A                                     ; 127.26 MHz ( period = 7.858 ns )                    ; stripe:inst5|alt_exc_stripe:lpm_instance|alt_exc_upcore:core|core~MASTERHRDATA15 ; stripe:inst5|alt_exc_stripe:lpm_instance|alt_exc_upcore:core|core~MASTERHADDR3  ; HCLOCK     ; HCLOCK   ; None                        ; None                      ; 7.858 ns                ;
; N/A                                     ; 127.26 MHz ( period = 7.858 ns )                    ; stripe:inst5|alt_exc_stripe:lpm_instance|alt_exc_upcore:core|core~MASTERHRDATA16 ; stripe:inst5|alt_exc_stripe:lpm_instance|alt_exc_upcore:core|core~MASTERHADDR3  ; HCLOCK     ; HCLOCK   ; None                        ; None                      ; 7.858 ns                ;
; N/A                                     ; 127.26 MHz ( period = 7.858 ns )                    ; stripe:inst5|alt_exc_stripe:lpm_instance|alt_exc_upcore:core|core~MASTERHRDATA17 ; stripe:inst5|alt_exc_stripe:lpm_instance|alt_exc_upcore:core|core~MASTERHADDR3  ; HCLOCK     ; HCLOCK   ; None                        ; None                      ; 7.858 ns                ;
; N/A                                     ; 127.26 MHz ( period = 7.858 ns )                    ; stripe:inst5|alt_exc_stripe:lpm_instance|alt_exc_upcore:core|core~MASTERHRDATA18 ; stripe:inst5|alt_exc_stripe:lpm_instance|alt_exc_upcore:core|core~MASTERHADDR3  ; HCLOCK     ; HCLOCK   ; None                        ; None                      ; 7.858 ns                ;
; N/A                                     ; 127.26 MHz ( period = 7.858 ns )                    ; stripe:inst5|alt_exc_stripe:lpm_instance|alt_exc_upcore:core|core~MASTERHRDATA19 ; stripe:inst5|alt_exc_stripe:lpm_instance|alt_exc_upcore:core|core~MASTERHADDR3  ; HCLOCK     ; HCLOCK   ; None                        ; None                      ; 7.858 ns                ;
; N/A                                     ; 127.26 MHz ( period = 7.858 ns )                    ; stripe:inst5|alt_exc_stripe:lpm_instance|alt_exc_upcore:core|core~MASTERHRDATA20 ; stripe:inst5|alt_exc_stripe:lpm_instance|alt_exc_upcore:core|core~MASTERHADDR3  ; HCLOCK     ; HCLOCK   ; None                        ; None                      ; 7.858 ns                ;
; N/A                                     ; 127.26 MHz ( period = 7.858 ns )                    ; stripe:inst5|alt_exc_stripe:lpm_instance|alt_exc_upcore:core|core~MASTERHRDATA21 ; stripe:inst5|alt_exc_stripe:lpm_instance|alt_exc_upcore:core|core~MASTERHADDR3  ; HCLOCK     ; HCLOCK   ; None                        ; None                      ; 7.858 ns                ;
; N/A                                     ; 127.26 MHz ( period = 7.858 ns )                    ; stripe:inst5|alt_exc_stripe:lpm_instance|alt_exc_upcore:core|core~MASTERHRDATA22 ; stripe:inst5|alt_exc_stripe:lpm_instance|alt_exc_upcore:core|core~MASTERHADDR3  ; HCLOCK     ; HCLOCK   ; None                        ; None                      ; 7.858 ns                ;
; N/A                                     ; 127.26 MHz ( period = 7.858 ns )                    ; stripe:inst5|alt_exc_stripe:lpm_instance|alt_exc_upcore:core|core~MASTERHRDATA23 ; stripe:inst5|alt_exc_stripe:lpm_instance|alt_exc_upcore:core|core~MASTERHADDR3  ; HCLOCK     ; HCLOCK   ; None                        ; None                      ; 7.858 ns                ;
; N/A                                     ; 127.26 MHz ( period = 7.858 ns )                    ; stripe:inst5|alt_exc_stripe:lpm_instance|alt_exc_upcore:core|core~MASTERHRDATA24 ; stripe:inst5|alt_exc_stripe:lpm_instance|alt_exc_upcore:core|core~MASTERHADDR3  ; HCLOCK     ; HCLOCK   ; None                        ; None                      ; 7.858 ns                ;
; N/A                                     ; 127.26 MHz ( period = 7.858 ns )                    ; stripe:inst5|alt_exc_stripe:lpm_instance|alt_exc_upcore:core|core~MASTERHRDATA25 ; stripe:inst5|alt_exc_stripe:lpm_instance|alt_exc_upcore:core|core~MASTERHADDR3  ; HCLOCK     ; HCLOCK   ; None                        ; None                      ; 7.858 ns                ;
; N/A                                     ; 127.26 MHz ( period = 7.858 ns )                    ; stripe:inst5|alt_exc_stripe:lpm_instance|alt_exc_upcore:core|core~MASTERHRDATA26 ; stripe:inst5|alt_exc_stripe:lpm_instance|alt_exc_upcore:core|core~MASTERHADDR3  ; HCLOCK     ; HCLOCK   ; None                        ; None                      ; 7.858 ns                ;
; N/A                                     ; 127.26 MHz ( period = 7.858 ns )                    ; stripe:inst5|alt_exc_stripe:lpm_instance|alt_exc_upcore:core|core~MASTERHRDATA27 ; stripe:inst5|alt_exc_stripe:lpm_instance|alt_exc_upcore:core|core~MASTERHADDR3  ; HCLOCK     ; HCLOCK   ; None                        ; None                      ; 7.858 ns                ;
; N/A                                     ; 127.26 MHz ( period = 7.858 ns )                    ; stripe:inst5|alt_exc_stripe:lpm_instance|alt_exc_upcore:core|core~MASTERHRDATA28 ; stripe:inst5|alt_exc_stripe:lpm_instance|alt_exc_upcore:core|core~MASTERHADDR3  ; HCLOCK     ; HCLOCK   ; None                        ; None                      ; 7.858 ns                ;
; N/A                                     ; 127.26 MHz ( period = 7.858 ns )                    ; stripe:inst5|alt_exc_stripe:lpm_instance|alt_exc_upcore:core|core~MASTERHRDATA29 ; stripe:inst5|alt_exc_stripe:lpm_instance|alt_exc_upcore:core|core~MASTERHADDR3  ; HCLOCK     ; HCLOCK   ; None                        ; None                      ; 7.858 ns                ;
; N/A                                     ; 127.26 MHz ( period = 7.858 ns )                    ; stripe:inst5|alt_exc_stripe:lpm_instance|alt_exc_upcore:core|core~MASTERHRDATA30 ; stripe:inst5|alt_exc_stripe:lpm_instance|alt_exc_upcore:core|core~MASTERHADDR3  ; HCLOCK     ; HCLOCK   ; None                        ; None                      ; 7.858 ns                ;
; N/A                                     ; 127.26 MHz ( period = 7.858 ns )                    ; stripe:inst5|alt_exc_stripe:lpm_instance|alt_exc_upcore:core|core~MASTERHRDATA31 ; stripe:inst5|alt_exc_stripe:lpm_instance|alt_exc_upcore:core|core~MASTERHADDR3  ; HCLOCK     ; HCLOCK   ; None                        ; None                      ; 7.858 ns                ;
; N/A                                     ; 127.26 MHz ( period = 7.858 ns )                    ; stripe:inst5|alt_exc_stripe:lpm_instance|alt_exc_upcore:core|core~MASTERHRESP0   ; stripe:inst5|alt_exc_stripe:lpm_instance|alt_exc_upcore:core|core~MASTERHADDR3  ; HCLOCK     ; HCLOCK   ; None                        ; None                      ; 7.858 ns                ;
; N/A                                     ; 127.26 MHz ( period = 7.858 ns )                    ; stripe:inst5|alt_exc_stripe:lpm_instance|alt_exc_upcore:core|core~MASTERHRESP1   ; stripe:inst5|alt_exc_stripe:lpm_instance|alt_exc_upcore:core|core~MASTERHADDR3  ; HCLOCK     ; HCLOCK   ; None                        ; None                      ; 7.858 ns                ;
; N/A                                     ; 127.26 MHz ( period = 7.858 ns )                    ; stripe:inst5|alt_exc_stripe:lpm_instance|alt_exc_upcore:core|core~MASTERHREADY0  ; stripe:inst5|alt_exc_stripe:lpm_instance|alt_exc_upcore:core|core~MASTERHADDR2  ; HCLOCK     ; HCLOCK   ; None                        ; None                      ; 7.858 ns                ;
; N/A                                     ; 127.26 MHz ( period = 7.858 ns )                    ; stripe:inst5|alt_exc_stripe:lpm_instance|alt_exc_upcore:core|core~MASTERHGRANT0  ; stripe:inst5|alt_exc_stripe:lpm_instance|alt_exc_upcore:core|core~MASTERHADDR2  ; HCLOCK     ; HCLOCK   ; None                        ; None                      ; 7.858 ns                ;
; N/A                                     ; 127.26 MHz ( period = 7.858 ns )                    ; stripe:inst5|alt_exc_stripe:lpm_instance|alt_exc_upcore:core|core~MASTERHRDATA0  ; stripe:inst5|alt_exc_stripe:lpm_instance|alt_exc_upcore:core|core~MASTERHADDR2  ; HCLOCK     ; HCLOCK   ; None                        ; None                      ; 7.858 ns                ;
; N/A                                     ; 127.26 MHz ( period = 7.858 ns )                    ; stripe:inst5|alt_exc_stripe:lpm_instance|alt_exc_upcore:core|core~MASTERHRDATA1  ; stripe:inst5|alt_exc_stripe:lpm_instance|alt_exc_upcore:core|core~MASTERHADDR2  ; HCLOCK     ; HCLOCK   ; None                        ; None                      ; 7.858 ns                ;
; N/A                                     ; 127.26 MHz ( period = 7.858 ns )                    ; stripe:inst5|alt_exc_stripe:lpm_instance|alt_exc_upcore:core|core~MASTERHRDATA2  ; stripe:inst5|alt_exc_stripe:lpm_instance|alt_exc_upcore:core|core~MASTERHADDR2  ; HCLOCK     ; HCLOCK   ; None                        ; None                      ; 7.858 ns                ;
; N/A                                     ; 127.26 MHz ( period = 7.858 ns )                    ; stripe:inst5|alt_exc_stripe:lpm_instance|alt_exc_upcore:core|core~MASTERHRDATA3  ; stripe:inst5|alt_exc_stripe:lpm_instance|alt_exc_upcore:core|core~MASTERHADDR2  ; HCLOCK     ; HCLOCK   ; None                        ; None                      ; 7.858 ns                ;
; N/A                                     ; 127.26 MHz ( period = 7.858 ns )                    ; stripe:inst5|alt_exc_stripe:lpm_instance|alt_exc_upcore:core|core~MASTERHRDATA4  ; stripe:inst5|alt_exc_stripe:lpm_instance|alt_exc_upcore:core|core~MASTERHADDR2  ; HCLOCK     ; HCLOCK   ; None                        ; None                      ; 7.858 ns                ;
; N/A                                     ; 127.26 MHz ( period = 7.858 ns )                    ; stripe:inst5|alt_exc_stripe:lpm_instance|alt_exc_upcore:core|core~MASTERHRDATA5  ; stripe:inst5|alt_exc_stripe:lpm_instance|alt_exc_upcore:core|core~MASTERHADDR2  ; HCLOCK     ; HCLOCK   ; None                        ; None                      ; 7.858 ns                ;
; N/A                                     ; 127.26 MHz ( period = 7.858 ns )                    ; stripe:inst5|alt_exc_stripe:lpm_instance|alt_exc_upcore:core|core~MASTERHRDATA6  ; stripe:inst5|alt_exc_stripe:lpm_instance|alt_exc_upcore:core|core~MASTERHADDR2  ; HCLOCK     ; HCLOCK   ; None                        ; None                      ; 7.858 ns                ;
; N/A                                     ; 127.26 MHz ( period = 7.858 ns )                    ; stripe:inst5|alt_exc_stripe:lpm_instance|alt_exc_upcore:core|core~MASTERHRDATA7  ; stripe:inst5|alt_exc_stripe:lpm_instance|alt_exc_upcore:core|core~MASTERHADDR2  ; HCLOCK     ; HCLOCK   ; None                        ; None                      ; 7.858 ns                ;
; N/A                                     ; 127.26 MHz ( period = 7.858 ns )                    ; stripe:inst5|alt_exc_stripe:lpm_instance|alt_exc_upcore:core|core~MASTERHRDATA8  ; stripe:inst5|alt_exc_stripe:lpm_instance|alt_exc_upcore:core|core~MASTERHADDR2  ; HCLOCK     ; HCLOCK   ; None                        ; None                      ; 7.858 ns                ;
; N/A                                     ; 127.26 MHz ( period = 7.858 ns )                    ; stripe:inst5|alt_exc_stripe:lpm_instance|alt_exc_upcore:core|core~MASTERHRDATA9  ; stripe:inst5|alt_exc_stripe:lpm_instance|alt_exc_upcore:core|core~MASTERHADDR2  ; HCLOCK     ; HCLOCK   ; None                        ; None                      ; 7.858 ns                ;
; N/A                                     ; 127.26 MHz ( period = 7.858 ns )                    ; stripe:inst5|alt_exc_stripe:lpm_instance|alt_exc_upcore:core|core~MASTERHRDATA10 ; stripe:inst5|alt_exc_stripe:lpm_instance|alt_exc_upcore:core|core~MASTERHADDR2  ; HCLOCK     ; HCLOCK   ; None                        ; None                      ; 7.858 ns                ;
; N/A                                     ; 127.26 MHz ( period = 7.858 ns )                    ; stripe:inst5|alt_exc_stripe:lpm_instance|alt_exc_upcore:core|core~MASTERHRDATA11 ; stripe:inst5|alt_exc_stripe:lpm_instance|alt_exc_upcore:core|core~MASTERHADDR2  ; HCLOCK     ; HCLOCK   ; None                        ; None                      ; 7.858 ns                ;
; N/A                                     ; 127.26 MHz ( period = 7.858 ns )                    ; stripe:inst5|alt_exc_stripe:lpm_instance|alt_exc_upcore:core|core~MASTERHRDATA12 ; stripe:inst5|alt_exc_stripe:lpm_instance|alt_exc_upcore:core|core~MASTERHADDR2  ; HCLOCK     ; HCLOCK   ; None                        ; None                      ; 7.858 ns                ;
; N/A                                     ; 127.26 MHz ( period = 7.858 ns )                    ; stripe:inst5|alt_exc_stripe:lpm_instance|alt_exc_upcore:core|core~MASTERHRDATA13 ; stripe:inst5|alt_exc_stripe:lpm_instance|alt_exc_upcore:core|core~MASTERHADDR2  ; HCLOCK     ; HCLOCK   ; None                        ; None                      ; 7.858 ns                ;
; N/A                                     ; 127.26 MHz ( period = 7.858 ns )                    ; stripe:inst5|alt_exc_stripe:lpm_instance|alt_exc_upcore:core|core~MASTERHRDATA14 ; stripe:inst5|alt_exc_stripe:lpm_instance|alt_exc_upcore:core|core~MASTERHADDR2  ; HCLOCK     ; HCLOCK   ; None                        ; None                      ; 7.858 ns                ;
; N/A                                     ; 127.26 MHz ( period = 7.858 ns )                    ; stripe:inst5|alt_exc_stripe:lpm_instance|alt_exc_upcore:core|core~MASTERHRDATA15 ; stripe:inst5|alt_exc_stripe:lpm_instance|alt_exc_upcore:core|core~MASTERHADDR2  ; HCLOCK     ; HCLOCK   ; None                        ; None                      ; 7.858 ns                ;
; N/A                                     ; 127.26 MHz ( period = 7.858 ns )                    ; stripe:inst5|alt_exc_stripe:lpm_instance|alt_exc_upcore:core|core~MASTERHRDATA16 ; stripe:inst5|alt_exc_stripe:lpm_instance|alt_exc_upcore:core|core~MASTERHADDR2  ; HCLOCK     ; HCLOCK   ; None                        ; None                      ; 7.858 ns                ;
; N/A                                     ; 127.26 MHz ( period = 7.858 ns )                    ; stripe:inst5|alt_exc_stripe:lpm_instance|alt_exc_upcore:core|core~MASTERHRDATA17 ; stripe:inst5|alt_exc_stripe:lpm_instance|alt_exc_upcore:core|core~MASTERHADDR2  ; HCLOCK     ; HCLOCK   ; None                        ; None                      ; 7.858 ns                ;
; N/A                                     ; 127.26 MHz ( period = 7.858 ns )                    ; stripe:inst5|alt_exc_stripe:lpm_instance|alt_exc_upcore:core|core~MASTERHRDATA18 ; stripe:inst5|alt_exc_stripe:lpm_instance|alt_exc_upcore:core|core~MASTERHADDR2  ; HCLOCK     ; HCLOCK   ; None                        ; None                      ; 7.858 ns                ;
; N/A                                     ; 127.26 MHz ( period = 7.858 ns )                    ; stripe:inst5|alt_exc_stripe:lpm_instance|alt_exc_upcore:core|core~MASTERHRDATA19 ; stripe:inst5|alt_exc_stripe:lpm_instance|alt_exc_upcore:core|core~MASTERHADDR2  ; HCLOCK     ; HCLOCK   ; None                        ; None                      ; 7.858 ns                ;
; N/A                                     ; 127.26 MHz ( period = 7.858 ns )                    ; stripe:inst5|alt_exc_stripe:lpm_instance|alt_exc_upcore:core|core~MASTERHRDATA20 ; stripe:inst5|alt_exc_stripe:lpm_instance|alt_exc_upcore:core|core~MASTERHADDR2  ; HCLOCK     ; HCLOCK   ; None                        ; None                      ; 7.858 ns                ;
; N/A                                     ; 127.26 MHz ( period = 7.858 ns )                    ; stripe:inst5|alt_exc_stripe:lpm_instance|alt_exc_upcore:core|core~MASTERHRDATA21 ; stripe:inst5|alt_exc_stripe:lpm_instance|alt_exc_upcore:core|core~MASTERHADDR2  ; HCLOCK     ; HCLOCK   ; None                        ; None                      ; 7.858 ns                ;
; N/A                                     ; 127.26 MHz ( period = 7.858 ns )                    ; stripe:inst5|alt_exc_stripe:lpm_instance|alt_exc_upcore:core|core~MASTERHRDATA22 ; stripe:inst5|alt_exc_stripe:lpm_instance|alt_exc_upcore:core|core~MASTERHADDR2  ; HCLOCK     ; HCLOCK   ; None                        ; None                      ; 7.858 ns                ;
; N/A                                     ; 127.26 MHz ( period = 7.858 ns )                    ; stripe:inst5|alt_exc_stripe:lpm_instance|alt_exc_upcore:core|core~MASTERHRDATA23 ; stripe:inst5|alt_exc_stripe:lpm_instance|alt_exc_upcore:core|core~MASTERHADDR2  ; HCLOCK     ; HCLOCK   ; None                        ; None                      ; 7.858 ns                ;
; N/A                                     ; 127.26 MHz ( period = 7.858 ns )                    ; stripe:inst5|alt_exc_stripe:lpm_instance|alt_exc_upcore:core|core~MASTERHRDATA24 ; stripe:inst5|alt_exc_stripe:lpm_instance|alt_exc_upcore:core|core~MASTERHADDR2  ; HCLOCK     ; HCLOCK   ; None                        ; None                      ; 7.858 ns                ;
; N/A                                     ; 127.26 MHz ( period = 7.858 ns )                    ; stripe:inst5|alt_exc_stripe:lpm_instance|alt_exc_upcore:core|core~MASTERHRDATA25 ; stripe:inst5|alt_exc_stripe:lpm_instance|alt_exc_upcore:core|core~MASTERHADDR2  ; HCLOCK     ; HCLOCK   ; None                        ; None                      ; 7.858 ns                ;
; N/A                                     ; 127.26 MHz ( period = 7.858 ns )                    ; stripe:inst5|alt_exc_stripe:lpm_instance|alt_exc_upcore:core|core~MASTERHRDATA26 ; stripe:inst5|alt_exc_stripe:lpm_instance|alt_exc_upcore:core|core~MASTERHADDR2  ; HCLOCK     ; HCLOCK   ; None                        ; None                      ; 7.858 ns                ;
; N/A                                     ; 127.26 MHz ( period = 7.858 ns )                    ; stripe:inst5|alt_exc_stripe:lpm_instance|alt_exc_upcore:core|core~MASTERHRDATA27 ; stripe:inst5|alt_exc_stripe:lpm_instance|alt_exc_upcore:core|core~MASTERHADDR2  ; HCLOCK     ; HCLOCK   ; None                        ; None                      ; 7.858 ns                ;
; N/A                                     ; 127.26 MHz ( period = 7.858 ns )                    ; stripe:inst5|alt_exc_stripe:lpm_instance|alt_exc_upcore:core|core~MASTERHRDATA28 ; stripe:inst5|alt_exc_stripe:lpm_instance|alt_exc_upcore:core|core~MASTERHADDR2  ; HCLOCK     ; HCLOCK   ; None                        ; None                      ; 7.858 ns                ;
; N/A                                     ; 127.26 MHz ( period = 7.858 ns )                    ; stripe:inst5|alt_exc_stripe:lpm_instance|alt_exc_upcore:core|core~MASTERHRDATA29 ; stripe:inst5|alt_exc_stripe:lpm_instance|alt_exc_upcore:core|core~MASTERHADDR2  ; HCLOCK     ; HCLOCK   ; None                        ; None                      ; 7.858 ns                ;
; N/A                                     ; 127.26 MHz ( period = 7.858 ns )                    ; stripe:inst5|alt_exc_stripe:lpm_instance|alt_exc_upcore:core|core~MASTERHRDATA30 ; stripe:inst5|alt_exc_stripe:lpm_instance|alt_exc_upcore:core|core~MASTERHADDR2  ; HCLOCK     ; HCLOCK   ; None                        ; None                      ; 7.858 ns                ;
; N/A                                     ; 127.26 MHz ( period = 7.858 ns )                    ; stripe:inst5|alt_exc_stripe:lpm_instance|alt_exc_upcore:core|core~MASTERHRDATA31 ; stripe:inst5|alt_exc_stripe:lpm_instance|alt_exc_upcore:core|core~MASTERHADDR2  ; HCLOCK     ; HCLOCK   ; None                        ; None                      ; 7.858 ns                ;
; N/A                                     ; 127.26 MHz ( period = 7.858 ns )                    ; stripe:inst5|alt_exc_stripe:lpm_instance|alt_exc_upcore:core|core~MASTERHRESP0   ; stripe:inst5|alt_exc_stripe:lpm_instance|alt_exc_upcore:core|core~MASTERHADDR2  ; HCLOCK     ; HCLOCK   ; None                        ; None                      ; 7.858 ns                ;
; N/A                                     ; 127.26 MHz ( period = 7.858 ns )                    ; stripe:inst5|alt_exc_stripe:lpm_instance|alt_exc_upcore:core|core~MASTERHRESP1   ; stripe:inst5|alt_exc_stripe:lpm_instance|alt_exc_upcore:core|core~MASTERHADDR2  ; HCLOCK     ; HCLOCK   ; None                        ; None                      ; 7.858 ns                ;
; N/A                                     ; 127.26 MHz ( period = 7.858 ns )                    ; stripe:inst5|alt_exc_stripe:lpm_instance|alt_exc_upcore:core|core~MASTERHREADY0  ; stripe:inst5|alt_exc_stripe:lpm_instance|alt_exc_upcore:core|core~MASTERHADDR1  ; HCLOCK     ; HCLOCK   ; None                        ; None                      ; 7.858 ns                ;
; N/A                                     ; 127.26 MHz ( period = 7.858 ns )                    ; stripe:inst5|alt_exc_stripe:lpm_instance|alt_exc_upcore:core|core~MASTERHGRANT0  ; stripe:inst5|alt_exc_stripe:lpm_instance|alt_exc_upcore:core|core~MASTERHADDR1  ; HCLOCK     ; HCLOCK   ; None                        ; None                      ; 7.858 ns                ;
; N/A                                     ; 127.26 MHz ( period = 7.858 ns )                    ; stripe:inst5|alt_exc_stripe:lpm_instance|alt_exc_upcore:core|core~MASTERHRDATA0  ; stripe:inst5|alt_exc_stripe:lpm_instance|alt_exc_upcore:core|core~MASTERHADDR1  ; HCLOCK     ; HCLOCK   ; None                        ; None                      ; 7.858 ns                ;
; N/A                                     ; 127.26 MHz ( period = 7.858 ns )                    ; stripe:inst5|alt_exc_stripe:lpm_instance|alt_exc_upcore:core|core~MASTERHRDATA1  ; stripe:inst5|alt_exc_stripe:lpm_instance|alt_exc_upcore:core|core~MASTERHADDR1  ; HCLOCK     ; HCLOCK   ; None                        ; None                      ; 7.858 ns                ;
; N/A                                     ; 127.26 MHz ( period = 7.858 ns )                    ; stripe:inst5|alt_exc_stripe:lpm_instance|alt_exc_upcore:core|core~MASTERHRDATA2  ; stripe:inst5|alt_exc_stripe:lpm_instance|alt_exc_upcore:core|core~MASTERHADDR1  ; HCLOCK     ; HCLOCK   ; None                        ; None                      ; 7.858 ns                ;
; N/A                                     ; 127.26 MHz ( period = 7.858 ns )                    ; stripe:inst5|alt_exc_stripe:lpm_instance|alt_exc_upcore:core|core~MASTERHRDATA3  ; stripe:inst5|alt_exc_stripe:lpm_instance|alt_exc_upcore:core|core~MASTERHADDR1  ; HCLOCK     ; HCLOCK   ; None                        ; None                      ; 7.858 ns                ;
; N/A                                     ; 127.26 MHz ( period = 7.858 ns )                    ; stripe:inst5|alt_exc_stripe:lpm_instance|alt_exc_upcore:core|core~MASTERHRDATA4  ; stripe:inst5|alt_exc_stripe:lpm_instance|alt_exc_upcore:core|core~MASTERHADDR1  ; HCLOCK     ; HCLOCK   ; None                        ; None                      ; 7.858 ns                ;
; N/A                                     ; 127.26 MHz ( period = 7.858 ns )                    ; stripe:inst5|alt_exc_stripe:lpm_instance|alt_exc_upcore:core|core~MASTERHRDATA5  ; stripe:inst5|alt_exc_stripe:lpm_instance|alt_exc_upcore:core|core~MASTERHADDR1  ; HCLOCK     ; HCLOCK   ; None                        ; None                      ; 7.858 ns                ;
; N/A                                     ; 127.26 MHz ( period = 7.858 ns )                    ; stripe:inst5|alt_exc_stripe:lpm_instance|alt_exc_upcore:core|core~MASTERHRDATA6  ; stripe:inst5|alt_exc_stripe:lpm_instance|alt_exc_upcore:core|core~MASTERHADDR1  ; HCLOCK     ; HCLOCK   ; None                        ; None                      ; 7.858 ns                ;
; N/A                                     ; 127.26 MHz ( period = 7.858 ns )                    ; stripe:inst5|alt_exc_stripe:lpm_instance|alt_exc_upcore:core|core~MASTERHRDATA7  ; stripe:inst5|alt_exc_stripe:lpm_instance|alt_exc_upcore:core|core~MASTERHADDR1  ; HCLOCK     ; HCLOCK   ; None                        ; None                      ; 7.858 ns                ;
; N/A                                     ; 127.26 MHz ( period = 7.858 ns )                    ; stripe:inst5|alt_exc_stripe:lpm_instance|alt_exc_upcore:core|core~MASTERHRDATA8  ; stripe:inst5|alt_exc_stripe:lpm_instance|alt_exc_upcore:core|core~MASTERHADDR1  ; HCLOCK     ; HCLOCK   ; None                        ; None                      ; 7.858 ns                ;
; N/A                                     ; 127.26 MHz ( period = 7.858 ns )                    ; stripe:inst5|alt_exc_stripe:lpm_instance|alt_exc_upcore:core|core~MASTERHRDATA9  ; stripe:inst5|alt_exc_stripe:lpm_instance|alt_exc_upcore:core|core~MASTERHADDR1  ; HCLOCK     ; HCLOCK   ; None                        ; None                      ; 7.858 ns                ;
; N/A                                     ; 127.26 MHz ( period = 7.858 ns )                    ; stripe:inst5|alt_exc_stripe:lpm_instance|alt_exc_upcore:core|core~MASTERHRDATA10 ; stripe:inst5|alt_exc_stripe:lpm_instance|alt_exc_upcore:core|core~MASTERHADDR1  ; HCLOCK     ; HCLOCK   ; None                        ; None                      ; 7.858 ns                ;
; N/A                                     ; 127.26 MHz ( period = 7.858 ns )                    ; stripe:inst5|alt_exc_stripe:lpm_instance|alt_exc_upcore:core|core~MASTERHRDATA11 ; stripe:inst5|alt_exc_stripe:lpm_instance|alt_exc_upcore:core|core~MASTERHADDR1  ; HCLOCK     ; HCLOCK   ; None                        ; None                      ; 7.858 ns                ;
; N/A                                     ; 127.26 MHz ( period = 7.858 ns )                    ; stripe:inst5|alt_exc_stripe:lpm_instance|alt_exc_upcore:core|core~MASTERHRDATA12 ; stripe:inst5|alt_exc_stripe:lpm_instance|alt_exc_upcore:core|core~MASTERHADDR1  ; HCLOCK     ; HCLOCK   ; None                        ; None                      ; 7.858 ns                ;
; N/A                                     ; 127.26 MHz ( period = 7.858 ns )                    ; stripe:inst5|alt_exc_stripe:lpm_instance|alt_exc_upcore:core|core~MASTERHRDATA13 ; stripe:inst5|alt_exc_stripe:lpm_instance|alt_exc_upcore:core|core~MASTERHADDR1  ; HCLOCK     ; HCLOCK   ; None                        ; None                      ; 7.858 ns                ;
; N/A                                     ; 127.26 MHz ( period = 7.858 ns )                    ; stripe:inst5|alt_exc_stripe:lpm_instance|alt_exc_upcore:core|core~MASTERHRDATA14 ; stripe:inst5|alt_exc_stripe:lpm_instance|alt_exc_upcore:core|core~MASTERHADDR1  ; HCLOCK     ; HCLOCK   ; None                        ; None                      ; 7.858 ns                ;
; N/A                                     ; 127.26 MHz ( period = 7.858 ns )                    ; stripe:inst5|alt_exc_stripe:lpm_instance|alt_exc_upcore:core|core~MASTERHRDATA15 ; stripe:inst5|alt_exc_stripe:lpm_instance|alt_exc_upcore:core|core~MASTERHADDR1  ; HCLOCK     ; HCLOCK   ; None                        ; None                      ; 7.858 ns                ;
; N/A                                     ; 127.26 MHz ( period = 7.858 ns )                    ; stripe:inst5|alt_exc_stripe:lpm_instance|alt_exc_upcore:core|core~MASTERHRDATA16 ; stripe:inst5|alt_exc_stripe:lpm_instance|alt_exc_upcore:core|core~MASTERHADDR1  ; HCLOCK     ; HCLOCK   ; None                        ; None                      ; 7.858 ns                ;
; N/A                                     ; 127.26 MHz ( period = 7.858 ns )                    ; stripe:inst5|alt_exc_stripe:lpm_instance|alt_exc_upcore:core|core~MASTERHRDATA17 ; stripe:inst5|alt_exc_stripe:lpm_instance|alt_exc_upcore:core|core~MASTERHADDR1  ; HCLOCK     ; HCLOCK   ; None                        ; None                      ; 7.858 ns                ;
; N/A                                     ; 127.26 MHz ( period = 7.858 ns )                    ; stripe:inst5|alt_exc_stripe:lpm_instance|alt_exc_upcore:core|core~MASTERHRDATA18 ; stripe:inst5|alt_exc_stripe:lpm_instance|alt_exc_upcore:core|core~MASTERHADDR1  ; HCLOCK     ; HCLOCK   ; None                        ; None                      ; 7.858 ns                ;
; N/A                                     ; 127.26 MHz ( period = 7.858 ns )                    ; stripe:inst5|alt_exc_stripe:lpm_instance|alt_exc_upcore:core|core~MASTERHRDATA19 ; stripe:inst5|alt_exc_stripe:lpm_instance|alt_exc_upcore:core|core~MASTERHADDR1  ; HCLOCK     ; HCLOCK   ; None                        ; None                      ; 7.858 ns                ;
; N/A                                     ; 127.26 MHz ( period = 7.858 ns )                    ; stripe:inst5|alt_exc_stripe:lpm_instance|alt_exc_upcore:core|core~MASTERHRDATA20 ; stripe:inst5|alt_exc_stripe:lpm_instance|alt_exc_upcore:core|core~MASTERHADDR1  ; HCLOCK     ; HCLOCK   ; None                        ; None                      ; 7.858 ns                ;
; N/A                                     ; 127.26 MHz ( period = 7.858 ns )                    ; stripe:inst5|alt_exc_stripe:lpm_instance|alt_exc_upcore:core|core~MASTERHRDATA21 ; stripe:inst5|alt_exc_stripe:lpm_instance|alt_exc_upcore:core|core~MASTERHADDR1  ; HCLOCK     ; HCLOCK   ; None                        ; None                      ; 7.858 ns                ;
; N/A                                     ; 127.26 MHz ( period = 7.858 ns )                    ; stripe:inst5|alt_exc_stripe:lpm_instance|alt_exc_upcore:core|core~MASTERHRDATA22 ; stripe:inst5|alt_exc_stripe:lpm_instance|alt_exc_upcore:core|core~MASTERHADDR1  ; HCLOCK     ; HCLOCK   ; None                        ; None                      ; 7.858 ns                ;
; N/A                                     ; 127.26 MHz ( period = 7.858 ns )                    ; stripe:inst5|alt_exc_stripe:lpm_instance|alt_exc_upcore:core|core~MASTERHRDATA23 ; stripe:inst5|alt_exc_stripe:lpm_instance|alt_exc_upcore:core|core~MASTERHADDR1  ; HCLOCK     ; HCLOCK   ; None                        ; None                      ; 7.858 ns                ;
; N/A                                     ; 127.26 MHz ( period = 7.858 ns )                    ; stripe:inst5|alt_exc_stripe:lpm_instance|alt_exc_upcore:core|core~MASTERHRDATA24 ; stripe:inst5|alt_exc_stripe:lpm_instance|alt_exc_upcore:core|core~MASTERHADDR1  ; HCLOCK     ; HCLOCK   ; None                        ; None                      ; 7.858 ns                ;
; N/A                                     ; 127.26 MHz ( period = 7.858 ns )                    ; stripe:inst5|alt_exc_stripe:lpm_instance|alt_exc_upcore:core|core~MASTERHRDATA25 ; stripe:inst5|alt_exc_stripe:lpm_instance|alt_exc_upcore:core|core~MASTERHADDR1  ; HCLOCK     ; HCLOCK   ; None                        ; None                      ; 7.858 ns                ;
; N/A                                     ; 127.26 MHz ( period = 7.858 ns )                    ; stripe:inst5|alt_exc_stripe:lpm_instance|alt_exc_upcore:core|core~MASTERHRDATA26 ; stripe:inst5|alt_exc_stripe:lpm_instance|alt_exc_upcore:core|core~MASTERHADDR1  ; HCLOCK     ; HCLOCK   ; None                        ; None                      ; 7.858 ns                ;
; N/A                                     ; 127.26 MHz ( period = 7.858 ns )                    ; stripe:inst5|alt_exc_stripe:lpm_instance|alt_exc_upcore:core|core~MASTERHRDATA27 ; stripe:inst5|alt_exc_stripe:lpm_instance|alt_exc_upcore:core|core~MASTERHADDR1  ; HCLOCK     ; HCLOCK   ; None                        ; None                      ; 7.858 ns                ;
; N/A                                     ; 127.26 MHz ( period = 7.858 ns )                    ; stripe:inst5|alt_exc_stripe:lpm_instance|alt_exc_upcore:core|core~MASTERHRDATA28 ; stripe:inst5|alt_exc_stripe:lpm_instance|alt_exc_upcore:core|core~MASTERHADDR1  ; HCLOCK     ; HCLOCK   ; None                        ; None                      ; 7.858 ns                ;
; N/A                                     ; 127.26 MHz ( period = 7.858 ns )                    ; stripe:inst5|alt_exc_stripe:lpm_instance|alt_exc_upcore:core|core~MASTERHRDATA29 ; stripe:inst5|alt_exc_stripe:lpm_instance|alt_exc_upcore:core|core~MASTERHADDR1  ; HCLOCK     ; HCLOCK   ; None                        ; None                      ; 7.858 ns                ;
; N/A                                     ; 127.26 MHz ( period = 7.858 ns )                    ; stripe:inst5|alt_exc_stripe:lpm_instance|alt_exc_upcore:core|core~MASTERHRDATA30 ; stripe:inst5|alt_exc_stripe:lpm_instance|alt_exc_upcore:core|core~MASTERHADDR1  ; HCLOCK     ; HCLOCK   ; None                        ; None                      ; 7.858 ns                ;
; N/A                                     ; 127.26 MHz ( period = 7.858 ns )                    ; stripe:inst5|alt_exc_stripe:lpm_instance|alt_exc_upcore:core|core~MASTERHRDATA31 ; stripe:inst5|alt_exc_stripe:lpm_instance|alt_exc_upcore:core|core~MASTERHADDR1  ; HCLOCK     ; HCLOCK   ; None                        ; None                      ; 7.858 ns                ;
; N/A                                     ; 127.26 MHz ( period = 7.858 ns )                    ; stripe:inst5|alt_exc_stripe:lpm_instance|alt_exc_upcore:core|core~MASTERHRESP0   ; stripe:inst5|alt_exc_stripe:lpm_instance|alt_exc_upcore:core|core~MASTERHADDR1  ; HCLOCK     ; HCLOCK   ; None                        ; None                      ; 7.858 ns                ;
; N/A                                     ; 127.26 MHz ( period = 7.858 ns )                    ; stripe:inst5|alt_exc_stripe:lpm_instance|alt_exc_upcore:core|core~MASTERHRESP1   ; stripe:inst5|alt_exc_stripe:lpm_instance|alt_exc_upcore:core|core~MASTERHADDR1  ; HCLOCK     ; HCLOCK   ; None                        ; None                      ; 7.858 ns                ;
; N/A                                     ; 127.26 MHz ( period = 7.858 ns )                    ; stripe:inst5|alt_exc_stripe:lpm_instance|alt_exc_upcore:core|core~MASTERHREADY0  ; stripe:inst5|alt_exc_stripe:lpm_instance|alt_exc_upcore:core|core~MASTERHADDR0  ; HCLOCK     ; HCLOCK   ; None                        ; None                      ; 7.858 ns                ;
; N/A                                     ; 127.26 MHz ( period = 7.858 ns )                    ; stripe:inst5|alt_exc_stripe:lpm_instance|alt_exc_upcore:core|core~MASTERHGRANT0  ; stripe:inst5|alt_exc_stripe:lpm_instance|alt_exc_upcore:core|core~MASTERHADDR0  ; HCLOCK     ; HCLOCK   ; None                        ; None                      ; 7.858 ns                ;
; N/A                                     ; 127.26 MHz ( period = 7.858 ns )                    ; stripe:inst5|alt_exc_stripe:lpm_instance|alt_exc_upcore:core|core~MASTERHRDATA0  ; stripe:inst5|alt_exc_stripe:lpm_instance|alt_exc_upcore:core|core~MASTERHADDR0  ; HCLOCK     ; HCLOCK   ; None                        ; None                      ; 7.858 ns                ;
; N/A                                     ; 127.26 MHz ( period = 7.858 ns )                    ; stripe:inst5|alt_exc_stripe:lpm_instance|alt_exc_upcore:core|core~MASTERHRDATA1  ; stripe:inst5|alt_exc_stripe:lpm_instance|alt_exc_upcore:core|core~MASTERHADDR0  ; HCLOCK     ; HCLOCK   ; None                        ; None                      ; 7.858 ns                ;
; N/A                                     ; 127.26 MHz ( period = 7.858 ns )                    ; stripe:inst5|alt_exc_stripe:lpm_instance|alt_exc_upcore:core|core~MASTERHRDATA2  ; stripe:inst5|alt_exc_stripe:lpm_instance|alt_exc_upcore:core|core~MASTERHADDR0  ; HCLOCK     ; HCLOCK   ; None                        ; None                      ; 7.858 ns                ;
; N/A                                     ; 127.26 MHz ( period = 7.858 ns )                    ; stripe:inst5|alt_exc_stripe:lpm_instance|alt_exc_upcore:core|core~MASTERHRDATA3  ; stripe:inst5|alt_exc_stripe:lpm_instance|alt_exc_upcore:core|core~MASTERHADDR0  ; HCLOCK     ; HCLOCK   ; None                        ; None                      ; 7.858 ns                ;
; N/A                                     ; 127.26 MHz ( period = 7.858 ns )                    ; stripe:inst5|alt_exc_stripe:lpm_instance|alt_exc_upcore:core|core~MASTERHRDATA4  ; stripe:inst5|alt_exc_stripe:lpm_instance|alt_exc_upcore:core|core~MASTERHADDR0  ; HCLOCK     ; HCLOCK   ; None                        ; None                      ; 7.858 ns                ;
; N/A                                     ; 127.26 MHz ( period = 7.858 ns )                    ; stripe:inst5|alt_exc_stripe:lpm_instance|alt_exc_upcore:core|core~MASTERHRDATA5  ; stripe:inst5|alt_exc_stripe:lpm_instance|alt_exc_upcore:core|core~MASTERHADDR0  ; HCLOCK     ; HCLOCK   ; None                        ; None                      ; 7.858 ns                ;
; N/A                                     ; 127.26 MHz ( period = 7.858 ns )                    ; stripe:inst5|alt_exc_stripe:lpm_instance|alt_exc_upcore:core|core~MASTERHRDATA6  ; stripe:inst5|alt_exc_stripe:lpm_instance|alt_exc_upcore:core|core~MASTERHADDR0  ; HCLOCK     ; HCLOCK   ; None                        ; None                      ; 7.858 ns                ;
; N/A                                     ; 127.26 MHz ( period = 7.858 ns )                    ; stripe:inst5|alt_exc_stripe:lpm_instance|alt_exc_upcore:core|core~MASTERHRDATA7  ; stripe:inst5|alt_exc_stripe:lpm_instance|alt_exc_upcore:core|core~MASTERHADDR0  ; HCLOCK     ; HCLOCK   ; None                        ; None                      ; 7.858 ns                ;
; N/A                                     ; 127.26 MHz ( period = 7.858 ns )                    ; stripe:inst5|alt_exc_stripe:lpm_instance|alt_exc_upcore:core|core~MASTERHRDATA8  ; stripe:inst5|alt_exc_stripe:lpm_instance|alt_exc_upcore:core|core~MASTERHADDR0  ; HCLOCK     ; HCLOCK   ; None                        ; None                      ; 7.858 ns                ;
; N/A                                     ; 127.26 MHz ( period = 7.858 ns )                    ; stripe:inst5|alt_exc_stripe:lpm_instance|alt_exc_upcore:core|core~MASTERHRDATA9  ; stripe:inst5|alt_exc_stripe:lpm_instance|alt_exc_upcore:core|core~MASTERHADDR0  ; HCLOCK     ; HCLOCK   ; None                        ; None                      ; 7.858 ns                ;
; N/A                                     ; 127.26 MHz ( period = 7.858 ns )                    ; stripe:inst5|alt_exc_stripe:lpm_instance|alt_exc_upcore:core|core~MASTERHRDATA10 ; stripe:inst5|alt_exc_stripe:lpm_instance|alt_exc_upcore:core|core~MASTERHADDR0  ; HCLOCK     ; HCLOCK   ; None                        ; None                      ; 7.858 ns                ;
; N/A                                     ; 127.26 MHz ( period = 7.858 ns )                    ; stripe:inst5|alt_exc_stripe:lpm_instance|alt_exc_upcore:core|core~MASTERHRDATA11 ; stripe:inst5|alt_exc_stripe:lpm_instance|alt_exc_upcore:core|core~MASTERHADDR0  ; HCLOCK     ; HCLOCK   ; None                        ; None                      ; 7.858 ns                ;
; N/A                                     ; 127.26 MHz ( period = 7.858 ns )                    ; stripe:inst5|alt_exc_stripe:lpm_instance|alt_exc_upcore:core|core~MASTERHRDATA12 ; stripe:inst5|alt_exc_stripe:lpm_instance|alt_exc_upcore:core|core~MASTERHADDR0  ; HCLOCK     ; HCLOCK   ; None                        ; None                      ; 7.858 ns                ;
; N/A                                     ; 127.26 MHz ( period = 7.858 ns )                    ; stripe:inst5|alt_exc_stripe:lpm_instance|alt_exc_upcore:core|core~MASTERHRDATA13 ; stripe:inst5|alt_exc_stripe:lpm_instance|alt_exc_upcore:core|core~MASTERHADDR0  ; HCLOCK     ; HCLOCK   ; None                        ; None                      ; 7.858 ns                ;
; N/A                                     ; 127.26 MHz ( period = 7.858 ns )                    ; stripe:inst5|alt_exc_stripe:lpm_instance|alt_exc_upcore:core|core~MASTERHRDATA14 ; stripe:inst5|alt_exc_stripe:lpm_instance|alt_exc_upcore:core|core~MASTERHADDR0  ; HCLOCK     ; HCLOCK   ; None                        ; None                      ; 7.858 ns                ;
; N/A                                     ; 127.26 MHz ( period = 7.858 ns )                    ; stripe:inst5|alt_exc_stripe:lpm_instance|alt_exc_upcore:core|core~MASTERHRDATA15 ; stripe:inst5|alt_exc_stripe:lpm_instance|alt_exc_upcore:core|core~MASTERHADDR0  ; HCLOCK     ; HCLOCK   ; None                        ; None                      ; 7.858 ns                ;
; N/A                                     ; 127.26 MHz ( period = 7.858 ns )                    ; stripe:inst5|alt_exc_stripe:lpm_instance|alt_exc_upcore:core|core~MASTERHRDATA16 ; stripe:inst5|alt_exc_stripe:lpm_instance|alt_exc_upcore:core|core~MASTERHADDR0  ; HCLOCK     ; HCLOCK   ; None                        ; None                      ; 7.858 ns                ;
; N/A                                     ; 127.26 MHz ( period = 7.858 ns )                    ; stripe:inst5|alt_exc_stripe:lpm_instance|alt_exc_upcore:core|core~MASTERHRDATA17 ; stripe:inst5|alt_exc_stripe:lpm_instance|alt_exc_upcore:core|core~MASTERHADDR0  ; HCLOCK     ; HCLOCK   ; None                        ; None                      ; 7.858 ns                ;
; N/A                                     ; 127.26 MHz ( period = 7.858 ns )                    ; stripe:inst5|alt_exc_stripe:lpm_instance|alt_exc_upcore:core|core~MASTERHRDATA18 ; stripe:inst5|alt_exc_stripe:lpm_instance|alt_exc_upcore:core|core~MASTERHADDR0  ; HCLOCK     ; HCLOCK   ; None                        ; None                      ; 7.858 ns                ;
; N/A                                     ; 127.26 MHz ( period = 7.858 ns )                    ; stripe:inst5|alt_exc_stripe:lpm_instance|alt_exc_upcore:core|core~MASTERHRDATA19 ; stripe:inst5|alt_exc_stripe:lpm_instance|alt_exc_upcore:core|core~MASTERHADDR0  ; HCLOCK     ; HCLOCK   ; None                        ; None                      ; 7.858 ns                ;
; N/A                                     ; 127.26 MHz ( period = 7.858 ns )                    ; stripe:inst5|alt_exc_stripe:lpm_instance|alt_exc_upcore:core|core~MASTERHRDATA20 ; stripe:inst5|alt_exc_stripe:lpm_instance|alt_exc_upcore:core|core~MASTERHADDR0  ; HCLOCK     ; HCLOCK   ; None                        ; None                      ; 7.858 ns                ;
; N/A                                     ; 127.26 MHz ( period = 7.858 ns )                    ; stripe:inst5|alt_exc_stripe:lpm_instance|alt_exc_upcore:core|core~MASTERHRDATA21 ; stripe:inst5|alt_exc_stripe:lpm_instance|alt_exc_upcore:core|core~MASTERHADDR0  ; HCLOCK     ; HCLOCK   ; None                        ; None                      ; 7.858 ns                ;
; N/A                                     ; 127.26 MHz ( period = 7.858 ns )                    ; stripe:inst5|alt_exc_stripe:lpm_instance|alt_exc_upcore:core|core~MASTERHRDATA22 ; stripe:inst5|alt_exc_stripe:lpm_instance|alt_exc_upcore:core|core~MASTERHADDR0  ; HCLOCK     ; HCLOCK   ; None                        ; None                      ; 7.858 ns                ;
; N/A                                     ; 127.26 MHz ( period = 7.858 ns )                    ; stripe:inst5|alt_exc_stripe:lpm_instance|alt_exc_upcore:core|core~MASTERHRDATA23 ; stripe:inst5|alt_exc_stripe:lpm_instance|alt_exc_upcore:core|core~MASTERHADDR0  ; HCLOCK     ; HCLOCK   ; None                        ; None                      ; 7.858 ns                ;
; N/A                                     ; 127.26 MHz ( period = 7.858 ns )                    ; stripe:inst5|alt_exc_stripe:lpm_instance|alt_exc_upcore:core|core~MASTERHRDATA24 ; stripe:inst5|alt_exc_stripe:lpm_instance|alt_exc_upcore:core|core~MASTERHADDR0  ; HCLOCK     ; HCLOCK   ; None                        ; None                      ; 7.858 ns                ;
; N/A                                     ; 127.26 MHz ( period = 7.858 ns )                    ; stripe:inst5|alt_exc_stripe:lpm_instance|alt_exc_upcore:core|core~MASTERHRDATA25 ; stripe:inst5|alt_exc_stripe:lpm_instance|alt_exc_upcore:core|core~MASTERHADDR0  ; HCLOCK     ; HCLOCK   ; None                        ; None                      ; 7.858 ns                ;
; N/A                                     ; 127.26 MHz ( period = 7.858 ns )                    ; stripe:inst5|alt_exc_stripe:lpm_instance|alt_exc_upcore:core|core~MASTERHRDATA26 ; stripe:inst5|alt_exc_stripe:lpm_instance|alt_exc_upcore:core|core~MASTERHADDR0  ; HCLOCK     ; HCLOCK   ; None                        ; None                      ; 7.858 ns                ;
; N/A                                     ; 127.26 MHz ( period = 7.858 ns )                    ; stripe:inst5|alt_exc_stripe:lpm_instance|alt_exc_upcore:core|core~MASTERHRDATA27 ; stripe:inst5|alt_exc_stripe:lpm_instance|alt_exc_upcore:core|core~MASTERHADDR0  ; HCLOCK     ; HCLOCK   ; None                        ; None                      ; 7.858 ns                ;
; N/A                                     ; 127.26 MHz ( period = 7.858 ns )                    ; stripe:inst5|alt_exc_stripe:lpm_instance|alt_exc_upcore:core|core~MASTERHRDATA28 ; stripe:inst5|alt_exc_stripe:lpm_instance|alt_exc_upcore:core|core~MASTERHADDR0  ; HCLOCK     ; HCLOCK   ; None                        ; None                      ; 7.858 ns                ;
; N/A                                     ; 127.26 MHz ( period = 7.858 ns )                    ; stripe:inst5|alt_exc_stripe:lpm_instance|alt_exc_upcore:core|core~MASTERHRDATA29 ; stripe:inst5|alt_exc_stripe:lpm_instance|alt_exc_upcore:core|core~MASTERHADDR0  ; HCLOCK     ; HCLOCK   ; None                        ; None                      ; 7.858 ns                ;
; N/A                                     ; 127.26 MHz ( period = 7.858 ns )                    ; stripe:inst5|alt_exc_stripe:lpm_instance|alt_exc_upcore:core|core~MASTERHRDATA30 ; stripe:inst5|alt_exc_stripe:lpm_instance|alt_exc_upcore:core|core~MASTERHADDR0  ; HCLOCK     ; HCLOCK   ; None                        ; None                      ; 7.858 ns                ;
; N/A                                     ; 127.26 MHz ( period = 7.858 ns )                    ; stripe:inst5|alt_exc_stripe:lpm_instance|alt_exc_upcore:core|core~MASTERHRDATA31 ; stripe:inst5|alt_exc_stripe:lpm_instance|alt_exc_upcore:core|core~MASTERHADDR0  ; HCLOCK     ; HCLOCK   ; None                        ; None                      ; 7.858 ns                ;
; N/A                                     ; 127.26 MHz ( period = 7.858 ns )                    ; stripe:inst5|alt_exc_stripe:lpm_instance|alt_exc_upcore:core|core~MASTERHRESP0   ; stripe:inst5|alt_exc_stripe:lpm_instance|alt_exc_upcore:core|core~MASTERHADDR0  ; HCLOCK     ; HCLOCK   ; None                        ; None                      ; 7.858 ns                ;
; N/A                                     ; 127.26 MHz ( period = 7.858 ns )                    ; stripe:inst5|alt_exc_stripe:lpm_instance|alt_exc_upcore:core|core~MASTERHRESP1   ; stripe:inst5|alt_exc_stripe:lpm_instance|alt_exc_upcore:core|core~MASTERHADDR0  ; HCLOCK     ; HCLOCK   ; None                        ; None                      ; 7.858 ns                ;
; N/A                                     ; 127.26 MHz ( period = 7.858 ns )                    ; stripe:inst5|alt_exc_stripe:lpm_instance|alt_exc_upcore:core|core~MASTERHREADY0  ; stripe:inst5|alt_exc_stripe:lpm_instance|alt_exc_upcore:core|core~MASTERHWRITE0 ; HCLOCK     ; HCLOCK   ; None                        ; None                      ; 7.858 ns                ;
; N/A                                     ; 127.26 MHz ( period = 7.858 ns )                    ; stripe:inst5|alt_exc_stripe:lpm_instance|alt_exc_upcore:core|core~MASTERHGRANT0  ; stripe:inst5|alt_exc_stripe:lpm_instance|alt_exc_upcore:core|core~MASTERHWRITE0 ; HCLOCK     ; HCLOCK   ; None                        ; None                      ; 7.858 ns                ;
; N/A                                     ; 127.26 MHz ( period = 7.858 ns )                    ; stripe:inst5|alt_exc_stripe:lpm_instance|alt_exc_upcore:core|core~MASTERHRDATA0  ; stripe:inst5|alt_exc_stripe:lpm_instance|alt_exc_upcore:core|core~MASTERHWRITE0 ; HCLOCK     ; HCLOCK   ; None                        ; None                      ; 7.858 ns                ;
; N/A                                     ; 127.26 MHz ( period = 7.858 ns )                    ; stripe:inst5|alt_exc_stripe:lpm_instance|alt_exc_upcore:core|core~MASTERHRDATA1  ; stripe:inst5|alt_exc_stripe:lpm_instance|alt_exc_upcore:core|core~MASTERHWRITE0 ; HCLOCK     ; HCLOCK   ; None                        ; None                      ; 7.858 ns                ;
; N/A                                     ; 127.26 MHz ( period = 7.858 ns )                    ; stripe:inst5|alt_exc_stripe:lpm_instance|alt_exc_upcore:core|core~MASTERHRDATA2  ; stripe:inst5|alt_exc_stripe:lpm_instance|alt_exc_upcore:core|core~MASTERHWRITE0 ; HCLOCK     ; HCLOCK   ; None                        ; None                      ; 7.858 ns                ;
; N/A                                     ; 127.26 MHz ( period = 7.858 ns )                    ; stripe:inst5|alt_exc_stripe:lpm_instance|alt_exc_upcore:core|core~MASTERHRDATA3  ; stripe:inst5|alt_exc_stripe:lpm_instance|alt_exc_upcore:core|core~MASTERHWRITE0 ; HCLOCK     ; HCLOCK   ; None                        ; None                      ; 7.858 ns                ;
; N/A                                     ; 127.26 MHz ( period = 7.858 ns )                    ; stripe:inst5|alt_exc_stripe:lpm_instance|alt_exc_upcore:core|core~MASTERHRDATA4  ; stripe:inst5|alt_exc_stripe:lpm_instance|alt_exc_upcore:core|core~MASTERHWRITE0 ; HCLOCK     ; HCLOCK   ; None                        ; None                      ; 7.858 ns                ;
; N/A                                     ; 127.26 MHz ( period = 7.858 ns )                    ; stripe:inst5|alt_exc_stripe:lpm_instance|alt_exc_upcore:core|core~MASTERHRDATA5  ; stripe:inst5|alt_exc_stripe:lpm_instance|alt_exc_upcore:core|core~MASTERHWRITE0 ; HCLOCK     ; HCLOCK   ; None                        ; None                      ; 7.858 ns                ;
; N/A                                     ; 127.26 MHz ( period = 7.858 ns )                    ; stripe:inst5|alt_exc_stripe:lpm_instance|alt_exc_upcore:core|core~MASTERHRDATA6  ; stripe:inst5|alt_exc_stripe:lpm_instance|alt_exc_upcore:core|core~MASTERHWRITE0 ; HCLOCK     ; HCLOCK   ; None                        ; None                      ; 7.858 ns                ;
; N/A                                     ; 127.26 MHz ( period = 7.858 ns )                    ; stripe:inst5|alt_exc_stripe:lpm_instance|alt_exc_upcore:core|core~MASTERHRDATA7  ; stripe:inst5|alt_exc_stripe:lpm_instance|alt_exc_upcore:core|core~MASTERHWRITE0 ; HCLOCK     ; HCLOCK   ; None                        ; None                      ; 7.858 ns                ;
; N/A                                     ; 127.26 MHz ( period = 7.858 ns )                    ; stripe:inst5|alt_exc_stripe:lpm_instance|alt_exc_upcore:core|core~MASTERHRDATA8  ; stripe:inst5|alt_exc_stripe:lpm_instance|alt_exc_upcore:core|core~MASTERHWRITE0 ; HCLOCK     ; HCLOCK   ; None                        ; None                      ; 7.858 ns                ;
; N/A                                     ; 127.26 MHz ( period = 7.858 ns )                    ; stripe:inst5|alt_exc_stripe:lpm_instance|alt_exc_upcore:core|core~MASTERHRDATA9  ; stripe:inst5|alt_exc_stripe:lpm_instance|alt_exc_upcore:core|core~MASTERHWRITE0 ; HCLOCK     ; HCLOCK   ; None                        ; None                      ; 7.858 ns                ;
; N/A                                     ; 127.26 MHz ( period = 7.858 ns )                    ; stripe:inst5|alt_exc_stripe:lpm_instance|alt_exc_upcore:core|core~MASTERHRDATA10 ; stripe:inst5|alt_exc_stripe:lpm_instance|alt_exc_upcore:core|core~MASTERHWRITE0 ; HCLOCK     ; HCLOCK   ; None                        ; None                      ; 7.858 ns                ;
; N/A                                     ; 127.26 MHz ( period = 7.858 ns )                    ; stripe:inst5|alt_exc_stripe:lpm_instance|alt_exc_upcore:core|core~MASTERHRDATA11 ; stripe:inst5|alt_exc_stripe:lpm_instance|alt_exc_upcore:core|core~MASTERHWRITE0 ; HCLOCK     ; HCLOCK   ; None                        ; None                      ; 7.858 ns                ;
; N/A                                     ; 127.26 MHz ( period = 7.858 ns )                    ; stripe:inst5|alt_exc_stripe:lpm_instance|alt_exc_upcore:core|core~MASTERHRDATA12 ; stripe:inst5|alt_exc_stripe:lpm_instance|alt_exc_upcore:core|core~MASTERHWRITE0 ; HCLOCK     ; HCLOCK   ; None                        ; None                      ; 7.858 ns                ;
; N/A                                     ; 127.26 MHz ( period = 7.858 ns )                    ; stripe:inst5|alt_exc_stripe:lpm_instance|alt_exc_upcore:core|core~MASTERHRDATA13 ; stripe:inst5|alt_exc_stripe:lpm_instance|alt_exc_upcore:core|core~MASTERHWRITE0 ; HCLOCK     ; HCLOCK   ; None                        ; None                      ; 7.858 ns                ;
; N/A                                     ; 127.26 MHz ( period = 7.858 ns )                    ; stripe:inst5|alt_exc_stripe:lpm_instance|alt_exc_upcore:core|core~MASTERHRDATA14 ; stripe:inst5|alt_exc_stripe:lpm_instance|alt_exc_upcore:core|core~MASTERHWRITE0 ; HCLOCK     ; HCLOCK   ; None                        ; None                      ; 7.858 ns                ;
; N/A                                     ; 127.26 MHz ( period = 7.858 ns )                    ; stripe:inst5|alt_exc_stripe:lpm_instance|alt_exc_upcore:core|core~MASTERHRDATA15 ; stripe:inst5|alt_exc_stripe:lpm_instance|alt_exc_upcore:core|core~MASTERHWRITE0 ; HCLOCK     ; HCLOCK   ; None                        ; None                      ; 7.858 ns                ;
; N/A                                     ; 127.26 MHz ( period = 7.858 ns )                    ; stripe:inst5|alt_exc_stripe:lpm_instance|alt_exc_upcore:core|core~MASTERHRDATA16 ; stripe:inst5|alt_exc_stripe:lpm_instance|alt_exc_upcore:core|core~MASTERHWRITE0 ; HCLOCK     ; HCLOCK   ; None                        ; None                      ; 7.858 ns                ;
; N/A                                     ; 127.26 MHz ( period = 7.858 ns )                    ; stripe:inst5|alt_exc_stripe:lpm_instance|alt_exc_upcore:core|core~MASTERHRDATA17 ; stripe:inst5|alt_exc_stripe:lpm_instance|alt_exc_upcore:core|core~MASTERHWRITE0 ; HCLOCK     ; HCLOCK   ; None                        ; None                      ; 7.858 ns                ;
; N/A                                     ; 127.26 MHz ( period = 7.858 ns )                    ; stripe:inst5|alt_exc_stripe:lpm_instance|alt_exc_upcore:core|core~MASTERHRDATA18 ; stripe:inst5|alt_exc_stripe:lpm_instance|alt_exc_upcore:core|core~MASTERHWRITE0 ; HCLOCK     ; HCLOCK   ; None                        ; None                      ; 7.858 ns                ;
; N/A                                     ; 127.26 MHz ( period = 7.858 ns )                    ; stripe:inst5|alt_exc_stripe:lpm_instance|alt_exc_upcore:core|core~MASTERHRDATA19 ; stripe:inst5|alt_exc_stripe:lpm_instance|alt_exc_upcore:core|core~MASTERHWRITE0 ; HCLOCK     ; HCLOCK   ; None                        ; None                      ; 7.858 ns                ;
; N/A                                     ; 127.26 MHz ( period = 7.858 ns )                    ; stripe:inst5|alt_exc_stripe:lpm_instance|alt_exc_upcore:core|core~MASTERHRDATA20 ; stripe:inst5|alt_exc_stripe:lpm_instance|alt_exc_upcore:core|core~MASTERHWRITE0 ; HCLOCK     ; HCLOCK   ; None                        ; None                      ; 7.858 ns                ;
; N/A                                     ; 127.26 MHz ( period = 7.858 ns )                    ; stripe:inst5|alt_exc_stripe:lpm_instance|alt_exc_upcore:core|core~MASTERHRDATA21 ; stripe:inst5|alt_exc_stripe:lpm_instance|alt_exc_upcore:core|core~MASTERHWRITE0 ; HCLOCK     ; HCLOCK   ; None                        ; None                      ; 7.858 ns                ;
; N/A                                     ; 127.26 MHz ( period = 7.858 ns )                    ; stripe:inst5|alt_exc_stripe:lpm_instance|alt_exc_upcore:core|core~MASTERHRDATA22 ; stripe:inst5|alt_exc_stripe:lpm_instance|alt_exc_upcore:core|core~MASTERHWRITE0 ; HCLOCK     ; HCLOCK   ; None                        ; None                      ; 7.858 ns                ;
; N/A                                     ; 127.26 MHz ( period = 7.858 ns )                    ; stripe:inst5|alt_exc_stripe:lpm_instance|alt_exc_upcore:core|core~MASTERHRDATA23 ; stripe:inst5|alt_exc_stripe:lpm_instance|alt_exc_upcore:core|core~MASTERHWRITE0 ; HCLOCK     ; HCLOCK   ; None                        ; None                      ; 7.858 ns                ;
; N/A                                     ; 127.26 MHz ( period = 7.858 ns )                    ; stripe:inst5|alt_exc_stripe:lpm_instance|alt_exc_upcore:core|core~MASTERHRDATA24 ; stripe:inst5|alt_exc_stripe:lpm_instance|alt_exc_upcore:core|core~MASTERHWRITE0 ; HCLOCK     ; HCLOCK   ; None                        ; None                      ; 7.858 ns                ;
; N/A                                     ; 127.26 MHz ( period = 7.858 ns )                    ; stripe:inst5|alt_exc_stripe:lpm_instance|alt_exc_upcore:core|core~MASTERHRDATA25 ; stripe:inst5|alt_exc_stripe:lpm_instance|alt_exc_upcore:core|core~MASTERHWRITE0 ; HCLOCK     ; HCLOCK   ; None                        ; None                      ; 7.858 ns                ;
; N/A                                     ; 127.26 MHz ( period = 7.858 ns )                    ; stripe:inst5|alt_exc_stripe:lpm_instance|alt_exc_upcore:core|core~MASTERHRDATA26 ; stripe:inst5|alt_exc_stripe:lpm_instance|alt_exc_upcore:core|core~MASTERHWRITE0 ; HCLOCK     ; HCLOCK   ; None                        ; None                      ; 7.858 ns                ;
; N/A                                     ; 127.26 MHz ( period = 7.858 ns )                    ; stripe:inst5|alt_exc_stripe:lpm_instance|alt_exc_upcore:core|core~MASTERHRDATA27 ; stripe:inst5|alt_exc_stripe:lpm_instance|alt_exc_upcore:core|core~MASTERHWRITE0 ; HCLOCK     ; HCLOCK   ; None                        ; None                      ; 7.858 ns                ;
; N/A                                     ; 127.26 MHz ( period = 7.858 ns )                    ; stripe:inst5|alt_exc_stripe:lpm_instance|alt_exc_upcore:core|core~MASTERHRDATA28 ; stripe:inst5|alt_exc_stripe:lpm_instance|alt_exc_upcore:core|core~MASTERHWRITE0 ; HCLOCK     ; HCLOCK   ; None                        ; None                      ; 7.858 ns                ;
; N/A                                     ; 127.26 MHz ( period = 7.858 ns )                    ; stripe:inst5|alt_exc_stripe:lpm_instance|alt_exc_upcore:core|core~MASTERHRDATA29 ; stripe:inst5|alt_exc_stripe:lpm_instance|alt_exc_upcore:core|core~MASTERHWRITE0 ; HCLOCK     ; HCLOCK   ; None                        ; None                      ; 7.858 ns                ;
; N/A                                     ; 127.26 MHz ( period = 7.858 ns )                    ; stripe:inst5|alt_exc_stripe:lpm_instance|alt_exc_upcore:core|core~MASTERHRDATA30 ; stripe:inst5|alt_exc_stripe:lpm_instance|alt_exc_upcore:core|core~MASTERHWRITE0 ; HCLOCK     ; HCLOCK   ; None                        ; None                      ; 7.858 ns                ;
; N/A                                     ; 127.26 MHz ( period = 7.858 ns )                    ; stripe:inst5|alt_exc_stripe:lpm_instance|alt_exc_upcore:core|core~MASTERHRDATA31 ; stripe:inst5|alt_exc_stripe:lpm_instance|alt_exc_upcore:core|core~MASTERHWRITE0 ; HCLOCK     ; HCLOCK   ; None                        ; None                      ; 7.858 ns                ;
; N/A                                     ; 127.26 MHz ( period = 7.858 ns )                    ; stripe:inst5|alt_exc_stripe:lpm_instance|alt_exc_upcore:core|core~MASTERHRESP0   ; stripe:inst5|alt_exc_stripe:lpm_instance|alt_exc_upcore:core|core~MASTERHWRITE0 ; HCLOCK     ; HCLOCK   ; None                        ; None                      ; 7.858 ns                ;
; Timing analysis restricted to 200 rows. ; To change the limit use Settings (Assignments menu) ;                                                                                  ;                                                                                 ;            ;          ;                             ;                           ;                         ;
+-----------------------------------------+-----------------------------------------------------+----------------------------------------------------------------------------------+---------------------------------------------------------------------------------+------------+----------+-----------------------------+---------------------------+-------------------------+


+---------------------------------------------------------------------------------------------------------------+
; tsu                                                                                                           ;
+-------+--------------+------------+------------+---------------------------------------------------+----------+
; Slack ; Required tsu ; Actual tsu ; From       ; To                                                ; To Clock ;
+-------+--------------+------------+------------+---------------------------------------------------+----------+
; N/A   ; None         ; 12.328 ns  ; DATA_AVAIL ; alu_slave4:inst|key_state:key_state|DATA_AVAIL_1d ; HCLOCK   ;
; N/A   ; None         ; 12.273 ns  ; DATA_B     ; alu_slave4:inst|key_state:key_state|DATA_1d[2]    ; HCLOCK   ;
; N/A   ; None         ; 12.263 ns  ; DATA_D     ; alu_slave4:inst|key_state:key_state|DATA_1d[0]    ; HCLOCK   ;
; N/A   ; None         ; 12.261 ns  ; DATA_C     ; alu_slave4:inst|key_state:key_state|DATA_1d[1]    ; HCLOCK   ;
; N/A   ; None         ; 12.252 ns  ; DATA_A     ; alu_slave4:inst|key_state:key_state|DATA_1d[3]    ; HCLOCK   ;
+-------+--------------+------------+------------+---------------------------------------------------+----------+


+------------------------------------------------------------------------------------------------------------------------------------------------------+
; tco                                                                                                                                                  ;
+-------+--------------+------------+----------------------------------------------------------------------------------+------------------+------------+
; Slack ; Required tco ; Actual tco ; From                                                                             ; To               ; From Clock ;
+-------+--------------+------------+----------------------------------------------------------------------------------+------------------+------------+
; N/A   ; None         ; 14.618 ns  ; stripe:inst5|alt_exc_stripe:lpm_instance|alt_exc_upcore:core|core~MASTERHADDR3   ; masterhaddr[3]   ; HCLOCK     ;
; N/A   ; None         ; 14.559 ns  ; stripe:inst5|alt_exc_stripe:lpm_instance|alt_exc_upcore:core|core~MASTERHADDR9   ; masterhaddr[9]   ; HCLOCK     ;
; N/A   ; None         ; 14.556 ns  ; stripe:inst5|alt_exc_stripe:lpm_instance|alt_exc_upcore:core|core~MASTERHADDR5   ; masterhaddr[5]   ; HCLOCK     ;
; N/A   ; None         ; 14.555 ns  ; stripe:inst5|alt_exc_stripe:lpm_instance|alt_exc_upcore:core|core~MASTERHADDR8   ; masterhaddr[8]   ; HCLOCK     ;
; N/A   ; None         ; 14.527 ns  ; stripe:inst5|alt_exc_stripe:lpm_instance|alt_exc_upcore:core|core~MASTERHADDR20  ; masterhaddr[20]  ; HCLOCK     ;
; N/A   ; None         ; 14.526 ns  ; stripe:inst5|alt_exc_stripe:lpm_instance|alt_exc_upcore:core|core~MASTERHADDR11  ; masterhaddr[11]  ; HCLOCK     ;
; N/A   ; None         ; 14.486 ns  ; stripe:inst5|alt_exc_stripe:lpm_instance|alt_exc_upcore:core|core~MASTERHADDR22  ; masterhaddr[22]  ; HCLOCK     ;
; N/A   ; None         ; 14.472 ns  ; stripe:inst5|alt_exc_stripe:lpm_instance|alt_exc_upcore:core|core~MASTERHWDATA6  ; masterhwdata[6]  ; HCLOCK     ;
; N/A   ; None         ; 14.468 ns  ; stripe:inst5|alt_exc_stripe:lpm_instance|alt_exc_upcore:core|core~MASTERHADDR14  ; masterhaddr[14]  ; HCLOCK     ;
; N/A   ; None         ; 14.449 ns  ; stripe:inst5|alt_exc_stripe:lpm_instance|alt_exc_upcore:core|core~MASTERHWDATA4  ; masterhwdata[4]  ; HCLOCK     ;
; N/A   ; None         ; 14.447 ns  ; stripe:inst5|alt_exc_stripe:lpm_instance|alt_exc_upcore:core|core~MASTERHWDATA10 ; masterhwdata[10] ; HCLOCK     ;
; N/A   ; None         ; 14.440 ns  ; stripe:inst5|alt_exc_stripe:lpm_instance|alt_exc_upcore:core|core~MASTERHADDR31  ; masterhaddr[31]  ; HCLOCK     ;
; N/A   ; None         ; 14.435 ns  ; stripe:inst5|alt_exc_stripe:lpm_instance|alt_exc_upcore:core|core~MASTERHWDATA11 ; masterhwdata[11] ; HCLOCK     ;
; N/A   ; None         ; 14.429 ns  ; stripe:inst5|alt_exc_stripe:lpm_instance|alt_exc_upcore:core|core~MASTERHADDR25  ; masterhaddr[25]  ; HCLOCK     ;
; N/A   ; None         ; 14.424 ns  ; stripe:inst5|alt_exc_stripe:lpm_instance|alt_exc_upcore:core|core~MASTERHADDR15  ; masterhaddr[15]  ; HCLOCK     ;
; N/A   ; None         ; 14.420 ns  ; stripe:inst5|alt_exc_stripe:lpm_instance|alt_exc_upcore:core|core~MASTERHADDR12  ; masterhaddr[12]  ; HCLOCK     ;
; N/A   ; None         ; 14.397 ns  ; stripe:inst5|alt_exc_stripe:lpm_instance|alt_exc_upcore:core|core~MASTERHADDR16  ; masterhaddr[16]  ; HCLOCK     ;
; N/A   ; None         ; 14.396 ns  ; stripe:inst5|alt_exc_stripe:lpm_instance|alt_exc_upcore:core|core~MASTERHADDR4   ; masterhaddr[4]   ; HCLOCK     ;
; N/A   ; None         ; 14.395 ns  ; stripe:inst5|alt_exc_stripe:lpm_instance|alt_exc_upcore:core|core~MASTERHWDATA15 ; masterhwdata[15] ; HCLOCK     ;
; N/A   ; None         ; 14.383 ns  ; stripe:inst5|alt_exc_stripe:lpm_instance|alt_exc_upcore:core|core~MASTERHWDATA20 ; masterhwdata[20] ; HCLOCK     ;
; N/A   ; None         ; 14.369 ns  ; stripe:inst5|alt_exc_stripe:lpm_instance|alt_exc_upcore:core|core~MASTERHWDATA9  ; masterhwdata[9]  ; HCLOCK     ;
; N/A   ; None         ; 14.368 ns  ; stripe:inst5|alt_exc_stripe:lpm_instance|alt_exc_upcore:core|core~MASTERHADDR21  ; masterhaddr[21]  ; HCLOCK     ;
; N/A   ; None         ; 14.362 ns  ; stripe:inst5|alt_exc_stripe:lpm_instance|alt_exc_upcore:core|core~MASTERHWDATA8  ; masterhwdata[8]  ; HCLOCK     ;
; N/A   ; None         ; 14.361 ns  ; stripe:inst5|alt_exc_stripe:lpm_instance|alt_exc_upcore:core|core~MASTERHWDATA26 ; masterhwdata[26] ; HCLOCK     ;
; N/A   ; None         ; 14.348 ns  ; stripe:inst5|alt_exc_stripe:lpm_instance|alt_exc_upcore:core|core~MASTERHADDR29  ; masterhaddr[29]  ; HCLOCK     ;
; N/A   ; None         ; 14.325 ns  ; stripe:inst5|alt_exc_stripe:lpm_instance|alt_exc_upcore:core|core~MASTERHWDATA16 ; masterhwdata[16] ; HCLOCK     ;
; N/A   ; None         ; 14.309 ns  ; stripe:inst5|alt_exc_stripe:lpm_instance|alt_exc_upcore:core|core~MASTERHWDATA3  ; masterhwdata[3]  ; HCLOCK     ;
; N/A   ; None         ; 14.306 ns  ; stripe:inst5|alt_exc_stripe:lpm_instance|alt_exc_upcore:core|core~MASTERHADDR19  ; masterhaddr[19]  ; HCLOCK     ;
; N/A   ; None         ; 14.283 ns  ; stripe:inst5|alt_exc_stripe:lpm_instance|alt_exc_upcore:core|core~MASTERHWDATA25 ; masterhwdata[25] ; HCLOCK     ;
; N/A   ; None         ; 14.278 ns  ; stripe:inst5|alt_exc_stripe:lpm_instance|alt_exc_upcore:core|core~MASTERHWDATA24 ; masterhwdata[24] ; HCLOCK     ;
; N/A   ; None         ; 14.240 ns  ; stripe:inst5|alt_exc_stripe:lpm_instance|alt_exc_upcore:core|core~MASTERHWDATA30 ; masterhwdata[30] ; HCLOCK     ;
; N/A   ; None         ; 14.221 ns  ; stripe:inst5|alt_exc_stripe:lpm_instance|alt_exc_upcore:core|core~MASTERHWDATA19 ; masterhwdata[19] ; HCLOCK     ;
; N/A   ; None         ; 14.201 ns  ; stripe:inst5|alt_exc_stripe:lpm_instance|alt_exc_upcore:core|core~MASTERHWDATA18 ; masterhwdata[18] ; HCLOCK     ;
; N/A   ; None         ; 14.200 ns  ; stripe:inst5|alt_exc_stripe:lpm_instance|alt_exc_upcore:core|core~MASTERHWDATA13 ; masterhwdata[13] ; HCLOCK     ;
; N/A   ; None         ; 14.108 ns  ; stripe:inst5|alt_exc_stripe:lpm_instance|alt_exc_upcore:core|core~MASTERHWDATA5  ; masterhwdata[5]  ; HCLOCK     ;
; N/A   ; None         ; 14.103 ns  ; stripe:inst5|alt_exc_stripe:lpm_instance|alt_exc_upcore:core|core~MASTERHADDR24  ; masterhaddr[24]  ; HCLOCK     ;
; N/A   ; None         ; 14.096 ns  ; stripe:inst5|alt_exc_stripe:lpm_instance|alt_exc_upcore:core|core~MASTERHWDATA2  ; masterhwdata[2]  ; HCLOCK     ;
; N/A   ; None         ; 14.083 ns  ; stripe:inst5|alt_exc_stripe:lpm_instance|alt_exc_upcore:core|core~MASTERHADDR28  ; masterhaddr[28]  ; HCLOCK     ;
; N/A   ; None         ; 14.061 ns  ; stripe:inst5|alt_exc_stripe:lpm_instance|alt_exc_upcore:core|core~MASTERHADDR10  ; masterhaddr[10]  ; HCLOCK     ;
; N/A   ; None         ; 14.058 ns  ; stripe:inst5|alt_exc_stripe:lpm_instance|alt_exc_upcore:core|core~MASTERHWDATA7  ; masterhwdata[7]  ; HCLOCK     ;
; N/A   ; None         ; 14.022 ns  ; stripe:inst5|alt_exc_stripe:lpm_instance|alt_exc_upcore:core|core~MASTERHADDR7   ; masterhaddr[7]   ; HCLOCK     ;
; N/A   ; None         ; 14.004 ns  ; stripe:inst5|alt_exc_stripe:lpm_instance|alt_exc_upcore:core|core~MASTERHWDATA29 ; masterhwdata[29] ; HCLOCK     ;
; N/A   ; None         ; 14.002 ns  ; stripe:inst5|alt_exc_stripe:lpm_instance|alt_exc_upcore:core|core~MASTERHWDATA21 ; masterhwdata[21] ; HCLOCK     ;
; N/A   ; None         ; 13.994 ns  ; stripe:inst5|alt_exc_stripe:lpm_instance|alt_exc_upcore:core|core~MASTERHWDATA12 ; masterhwdata[12] ; HCLOCK     ;
; N/A   ; None         ; 13.957 ns  ; stripe:inst5|alt_exc_stripe:lpm_instance|alt_exc_upcore:core|core~MASTERHWDATA23 ; masterhwdata[23] ; HCLOCK     ;
; N/A   ; None         ; 13.954 ns  ; stripe:inst5|alt_exc_stripe:lpm_instance|alt_exc_upcore:core|core~MASTERHWDATA0  ; masterhwdata[0]  ; HCLOCK     ;
; N/A   ; None         ; 13.946 ns  ; stripe:inst5|alt_exc_stripe:lpm_instance|alt_exc_upcore:core|core~MASTERHADDR27  ; masterhaddr[27]  ; HCLOCK     ;
; N/A   ; None         ; 13.945 ns  ; stripe:inst5|alt_exc_stripe:lpm_instance|alt_exc_upcore:core|core~MASTERHWDATA22 ; masterhwdata[22] ; HCLOCK     ;
; N/A   ; None         ; 13.906 ns  ; stripe:inst5|alt_exc_stripe:lpm_instance|alt_exc_upcore:core|core~MASTERHWDATA17 ; masterhwdata[17] ; HCLOCK     ;
; N/A   ; None         ; 13.893 ns  ; stripe:inst5|alt_exc_stripe:lpm_instance|alt_exc_upcore:core|core~MASTERHADDR13  ; masterhaddr[13]  ; HCLOCK     ;
; N/A   ; None         ; 13.797 ns  ; stripe:inst5|alt_exc_stripe:lpm_instance|alt_exc_upcore:core|core~MASTERHADDR26  ; masterhaddr[26]  ; HCLOCK     ;
; N/A   ; None         ; 13.775 ns  ; stripe:inst5|alt_exc_stripe:lpm_instance|alt_exc_upcore:core|core~MASTERHWDATA14 ; masterhwdata[14] ; HCLOCK     ;
; N/A   ; None         ; 13.771 ns  ; stripe:inst5|alt_exc_stripe:lpm_instance|alt_exc_upcore:core|core~MASTERHWDATA28 ; masterhwdata[28] ; HCLOCK     ;
; N/A   ; None         ; 13.762 ns  ; stripe:inst5|alt_exc_stripe:lpm_instance|alt_exc_upcore:core|core~MASTERHWDATA1  ; masterhwdata[1]  ; HCLOCK     ;
; N/A   ; None         ; 13.756 ns  ; stripe:inst5|alt_exc_stripe:lpm_instance|alt_exc_upcore:core|core~MASTERHADDR6   ; masterhaddr[6]   ; HCLOCK     ;
; N/A   ; None         ; 13.753 ns  ; stripe:inst5|alt_exc_stripe:lpm_instance|alt_exc_upcore:core|core~MASTERHADDR1   ; masterhaddr[1]   ; HCLOCK     ;
; N/A   ; None         ; 13.732 ns  ; stripe:inst5|alt_exc_stripe:lpm_instance|alt_exc_upcore:core|core~MASTERHADDR23  ; masterhaddr[23]  ; HCLOCK     ;
; N/A   ; None         ; 13.689 ns  ; stripe:inst5|alt_exc_stripe:lpm_instance|alt_exc_upcore:core|core~MASTERHWDATA27 ; masterhwdata[27] ; HCLOCK     ;
; N/A   ; None         ; 13.676 ns  ; stripe:inst5|alt_exc_stripe:lpm_instance|alt_exc_upcore:core|core~MASTERHADDR2   ; masterhaddr[2]   ; HCLOCK     ;
; N/A   ; None         ; 13.617 ns  ; stripe:inst5|alt_exc_stripe:lpm_instance|alt_exc_upcore:core|core~MASTERHADDR0   ; masterhaddr[0]   ; HCLOCK     ;
; N/A   ; None         ; 13.596 ns  ; stripe:inst5|alt_exc_stripe:lpm_instance|alt_exc_upcore:core|core~MASTERHADDR30  ; masterhaddr[30]  ; HCLOCK     ;
; N/A   ; None         ; 13.523 ns  ; stripe:inst5|alt_exc_stripe:lpm_instance|alt_exc_upcore:core|core~MASTERHBURST2  ; burst[2]         ; HCLOCK     ;
; N/A   ; None         ; 13.466 ns  ; stripe:inst5|alt_exc_stripe:lpm_instance|alt_exc_upcore:core|core~MASTERHADDR18  ; masterhaddr[18]  ; HCLOCK     ;
; N/A   ; None         ; 13.400 ns  ; stripe:inst5|alt_exc_stripe:lpm_instance|alt_exc_upcore:core|core~MASTERHWDATA31 ; masterhwdata[31] ; HCLOCK     ;
; N/A   ; None         ; 13.384 ns  ; stripe:inst5|alt_exc_stripe:lpm_instance|alt_exc_upcore:core|core~MASTERHTRANS0  ; trans[0]         ; HCLOCK     ;
; N/A   ; None         ; 13.346 ns  ; stripe:inst5|alt_exc_stripe:lpm_instance|alt_exc_upcore:core|core~MASTERHADDR17  ; masterhaddr[17]  ; HCLOCK     ;
; N/A   ; None         ; 13.275 ns  ; stripe:inst5|alt_exc_stripe:lpm_instance|alt_exc_upcore:core|core~MASTERHSIZE1   ; size[1]          ; HCLOCK     ;
; N/A   ; None         ; 13.273 ns  ; stripe:inst5|alt_exc_stripe:lpm_instance|alt_exc_upcore:core|core~MASTERHSIZE0   ; size[0]          ; HCLOCK     ;
; N/A   ; None         ; 13.197 ns  ; stripe:inst5|alt_exc_stripe:lpm_instance|alt_exc_upcore:core|core~MASTERHBURST0  ; burst[0]         ; HCLOCK     ;
; N/A   ; None         ; 13.192 ns  ; stripe:inst5|alt_exc_stripe:lpm_instance|alt_exc_upcore:core|core~MASTERHWRITE0  ; Mwrite           ; HCLOCK     ;
; N/A   ; None         ; 13.075 ns  ; stripe:inst5|alt_exc_stripe:lpm_instance|alt_exc_upcore:core|core~MASTERHTRANS1  ; trans[1]         ; HCLOCK     ;
; N/A   ; None         ; 12.880 ns  ; stripe:inst5|alt_exc_stripe:lpm_instance|alt_exc_upcore:core|core~MASTERHBURST1  ; burst[1]         ; HCLOCK     ;
; N/A   ; None         ; 11.890 ns  ; alu_slave4:inst|key_state:key_state|read_data[4]                                 ; masterhrdata[28] ; HCLOCK     ;
; N/A   ; None         ; 11.814 ns  ; alu_slave4:inst|key_state:key_state|read_data[4]                                 ; masterhrdata[22] ; HCLOCK     ;
; N/A   ; None         ; 11.788 ns  ; alu_slave4:inst|key_state:key_state|read_data[4]                                 ; masterhrdata[27] ; HCLOCK     ;
; N/A   ; None         ; 11.757 ns  ; alu_slave4:inst|key_state:key_state|read_data[4]                                 ; masterhrdata[25] ; HCLOCK     ;
; N/A   ; None         ; 11.562 ns  ; alu_slave4:inst|key_state:key_state|read_data[4]                                 ; masterhrdata[4]  ; HCLOCK     ;
; N/A   ; None         ; 11.558 ns  ; alu_slave4:inst|key_state:key_state|read_data[4]                                 ; masterhrdata[19] ; HCLOCK     ;
; N/A   ; None         ; 11.546 ns  ; alu_slave4:inst|key_state:key_state|read_data[4]                                 ; masterhrdata[30] ; HCLOCK     ;
; N/A   ; None         ; 11.542 ns  ; alu_slave4:inst|key_state:key_state|read_data[4]                                 ; masterhrdata[11] ; HCLOCK     ;
; N/A   ; None         ; 11.523 ns  ; alu_slave4:inst|key_state:key_state|read_data[4]                                 ; masterhrdata[7]  ; HCLOCK     ;
; N/A   ; None         ; 11.519 ns  ; alu_slave4:inst|key_state:key_state|read_data[4]                                 ; masterhrdata[9]  ; HCLOCK     ;
; N/A   ; None         ; 11.496 ns  ; alu_slave4:inst|key_state:key_state|read_data[4]                                 ; masterhrdata[15] ; HCLOCK     ;
; N/A   ; None         ; 11.492 ns  ; alu_slave4:inst|key_state:key_state|read_data[4]                                 ; masterhrdata[21] ; HCLOCK     ;
; N/A   ; None         ; 11.464 ns  ; alu_slave4:inst|key_state:key_state|read_data[4]                                 ; masterhrdata[20] ; HCLOCK     ;
; N/A   ; None         ; 11.460 ns  ; alu_slave4:inst|key_state:key_state|read_data[4]                                 ; masterhrdata[12] ; HCLOCK     ;
; N/A   ; None         ; 11.403 ns  ; alu_slave4:inst|key_state:key_state|read_data[4]                                 ; masterhrdata[10] ; HCLOCK     ;
; N/A   ; None         ; 10.762 ns  ; alu_slave4:inst|key_state:key_state|read_data[4]                                 ; masterhrdata[13] ; HCLOCK     ;
; N/A   ; None         ; 10.718 ns  ; alu_slave4:inst|key_state:key_state|read_data[4]                                 ; masterhrdata[14] ; HCLOCK     ;
; N/A   ; None         ; 10.079 ns  ; alu_slave4:inst|key_state:key_state|Int_reg                                      ; intpld[1]        ; HCLOCK     ;
; N/A   ; None         ; 9.409 ns   ; alu_slave4:inst|key_state:key_state|Hready_i                                     ; hready           ; HCLOCK     ;
; N/A   ; None         ; 8.776 ns   ; alu_slave4:inst|ahb_slave_sm2:ahb_slave_sm2|HREADY_r                             ; hready           ; HCLOCK     ;
; N/A   ; None         ; 8.496 ns   ; alu_slave4:inst|key_state:key_state|read_data[4]                                 ; masterhrdata[24] ; HCLOCK     ;
; N/A   ; None         ; 8.486 ns   ; alu_slave4:inst|key_state:key_state|read_data[4]                                 ; masterhrdata[23] ; HCLOCK     ;
; N/A   ; None         ; 8.478 ns   ; alu_slave4:inst|key_state:key_state|read_data[4]                                 ; masterhrdata[26] ; HCLOCK     ;
; N/A   ; None         ; 8.468 ns   ; alu_slave4:inst|key_state:key_state|read_data[4]                                 ; masterhrdata[31] ; HCLOCK     ;
; N/A   ; None         ; 8.420 ns   ; alu_slave4:inst|key_state:key_state|read_data[4]                                 ; masterhrdata[17] ; HCLOCK     ;
; N/A   ; None         ; 8.412 ns   ; alu_slave4:inst|key_state:key_state|read_data[4]                                 ; masterhrdata[5]  ; HCLOCK     ;
; N/A   ; None         ; 8.394 ns   ; alu_slave4:inst|key_state:key_state|read_data[4]                                 ; masterhrdata[6]  ; HCLOCK     ;
; N/A   ; None         ; 8.375 ns   ; alu_slave4:inst|key_state:key_state|read_data[4]                                 ; masterhrdata[18] ; HCLOCK     ;
; N/A   ; None         ; 8.365 ns   ; alu_slave4:inst|key_state:key_state|read_data[4]                                 ; masterhrdata[16] ; HCLOCK     ;
; N/A   ; None         ; 8.335 ns   ; alu_slave4:inst|key_state:key_state|read_data[1]                                 ; masterhrdata[1]  ; HCLOCK     ;
; N/A   ; None         ; 8.293 ns   ; alu_slave4:inst|key_state:key_state|read_data[4]                                 ; masterhrdata[29] ; HCLOCK     ;
; N/A   ; None         ; 8.240 ns   ; alu_slave4:inst|key_state:key_state|read_data[4]                                 ; masterhrdata[8]  ; HCLOCK     ;
; N/A   ; None         ; 8.085 ns   ; alu_slave4:inst|key_state:key_state|read_data[0]                                 ; masterhrdata[0]  ; HCLOCK     ;
; N/A   ; None         ; 7.160 ns   ; alu_slave4:inst|key_state:key_state|read_data[2]                                 ; masterhrdata[2]  ; HCLOCK     ;
; N/A   ; None         ; 7.141 ns   ; alu_slave4:inst|key_state:key_state|read_data[3]                                 ; masterhrdata[3]  ; HCLOCK     ;
+-------+--------------+------------+----------------------------------------------------------------------------------+------------------+------------+


+-------------------------------------------------------------+
; tpd                                                         ;
+-------+-------------------+-----------------+--------+------+
; Slack ; Required P2P Time ; Actual P2P Time ; From   ; To   ;
+-------+-------------------+-----------------+--------+------+
; N/A   ; None              ; 6.119 ns        ; HCLOCK ; HCLK ;
+-------+-------------------+-----------------+--------+------+


+----------------------------------------------------------------------------------------------------------------------+
; th                                                                                                                   ;
+---------------+-------------+------------+------------+---------------------------------------------------+----------+
; Minimum Slack ; Required th ; Actual th  ; From       ; To                                                ; To Clock ;
+---------------+-------------+------------+------------+---------------------------------------------------+----------+
; N/A           ; None        ; -11.752 ns ; DATA_A     ; alu_slave4:inst|key_state:key_state|DATA_1d[3]    ; HCLOCK   ;
; N/A           ; None        ; -11.761 ns ; DATA_C     ; alu_slave4:inst|key_state:key_state|DATA_1d[1]    ; HCLOCK   ;
; N/A           ; None        ; -11.763 ns ; DATA_D     ; alu_slave4:inst|key_state:key_state|DATA_1d[0]    ; HCLOCK   ;
; N/A           ; None        ; -11.773 ns ; DATA_B     ; alu_slave4:inst|key_state:key_state|DATA_1d[2]    ; HCLOCK   ;
; N/A           ; None        ; -11.828 ns ; DATA_AVAIL ; alu_slave4:inst|key_state:key_state|DATA_AVAIL_1d ; HCLOCK   ;
+---------------+-------------+------------+------------+---------------------------------------------------+----------+


+--------------------------+
; Timing Analyzer Messages ;
+--------------------------+
Info: *******************************************************************
Info: Running Quartus II Timing Analyzer
    Info: Version 4.2 Build 157 12/07/2004 SJ Full Version
    Info: Processing started: Fri Dec 02 17:25:38 2005
Info: Command: quartus_tan --import_settings_files=off --export_settings_files=off arm_top -c arm_top
Info: Started post-fitting delay annotation
Info: Delay annotation completed successfully
Warning: Found pins functioning as undefined clocks and/or memory enables
    Info: Assuming node "HCLOCK" is an undefined clock
Info: Clock "HCLOCK" has Internal fmax of 113.71 MHz between source register "stripe:inst5|alt_exc_stripe:lpm_instance|alt_exc_upcore:core|core~MASTERHADDR2" and destination register "alu_slave4:inst|key_state:key_state|PLD_STATE.WAIT_STATE" (period= 8.794 ns)
    Info: + Longest register to register delay is 9.565 ns
        Info: 1: + IC(0.000 ns) + CELL(4.130 ns) = 4.130 ns; Loc. = UPCORE; Fanout = 2; REG Node = 'stripe:inst5|alt_exc_stripe:lpm_instance|alt_exc_upcore:core|core~MASTERHADDR2'
        Info: 2: + IC(4.157 ns) + CELL(0.932 ns) = 9.219 ns; Loc. = LC7_11_A1; Fanout = 2; COMB Node = 'alu_slave4:inst|key_state:key_state|Hready_i~33'
        Info: 3: + IC(0.317 ns) + CELL(0.029 ns) = 9.565 ns; Loc. = LC10_11_A1; Fanout = 3; REG Node = 'alu_slave4:inst|key_state:key_state|PLD_STATE.WAIT_STATE'
        Info: Total cell delay = 5.091 ns ( 53.23 % )
        Info: Total interconnect delay = 4.474 ns ( 46.77 % )
    Info: - Smallest clock skew is 1.021 ns
        Info: + Shortest clock path from clock "HCLOCK" to destination register is 3.905 ns
            Info: 1: + IC(0.000 ns) + CELL(1.407 ns) = 1.407 ns; Loc. = PIN_W30; Fanout = 132; CLK Node = 'HCLOCK'
            Info: 2: + IC(2.488 ns) + CELL(0.010 ns) = 3.905 ns; Loc. = LC10_11_A1; Fanout = 3; REG Node = 'alu_slave4:inst|key_state:key_state|PLD_STATE.WAIT_STATE'
            Info: Total cell delay = 1.417 ns ( 36.29 % )
            Info: Total interconnect delay = 2.488 ns ( 63.71 % )
        Info: - Longest clock path from clock "HCLOCK" to source register is 2.884 ns
            Info: 1: + IC(0.000 ns) + CELL(1.407 ns) = 1.407 ns; Loc. = PIN_W30; Fanout = 132; CLK Node = 'HCLOCK'
            Info: 2: + IC(1.477 ns) + CELL(0.000 ns) = 2.884 ns; Loc. = UPCORE; Fanout = 2; REG Node = 'stripe:inst5|alt_exc_stripe:lpm_instance|alt_exc_upcore:core|core~MASTERHADDR2'
            Info: Total cell delay = 1.407 ns ( 48.79 % )
            Info: Total interconnect delay = 1.477 ns ( 51.21 % )
    Info: + Micro clock to output delay of source is 0.000 ns
    Info: + Micro setup delay of destination is 0.250 ns
Info: tsu for register "alu_slave4:inst|key_state:key_state|DATA_AVAIL_1d" (data pin = "DATA_AVAIL", clock pin = "HCLOCK") is 12.328 ns
    Info: + Longest pin to register delay is 15.983 ns
        Info: 1: + IC(0.000 ns) + CELL(2.100 ns) = 2.100 ns; Loc. = PIN_AD31; Fanout = 1; PIN Node = 'DATA_AVAIL'
        Info: 2: + IC(13.854 ns) + CELL(0.029 ns) = 15.983 ns; Loc. = LC10_9_A1; Fanout = 2; REG Node = 'alu_slave4:inst|key_state:key_state|DATA_AVAIL_1d'
        Info: Total cell delay = 2.129 ns ( 13.32 % )
        Info: Total interconnect delay = 13.854 ns ( 86.68 % )
    Info: + Micro setup delay of destination is 0.250 ns
    Info: - Shortest clock path from clock "HCLOCK" to destination register is 3.905 ns
        Info: 1: + IC(0.000 ns) + CELL(1.407 ns) = 1.407 ns; Loc. = PIN_W30; Fanout = 132; CLK Node = 'HCLOCK'
        Info: 2: + IC(2.488 ns) + CELL(0.010 ns) = 3.905 ns; Loc. = LC10_9_A1; Fanout = 2; REG Node = 'alu_slave4:inst|key_state:key_state|DATA_AVAIL_1d'
        Info: Total cell delay = 1.417 ns ( 36.29 % )
        Info: Total interconnect delay = 2.488 ns ( 63.71 % )
Info: tco from clock "HCLOCK" to destination pin "masterhaddr[3]" through register "stripe:inst5|alt_exc_stripe:lpm_instance|alt_exc_upcore:core|core~MASTERHADDR3" is 14.618 ns
    Info: + Longest clock path from clock "HCLOCK" to source register is 2.884 ns
        Info: 1: + IC(0.000 ns) + CELL(1.407 ns) = 1.407 ns; Loc. = PIN_W30; Fanout = 132; CLK Node = 'HCLOCK'
        Info: 2: + IC(1.477 ns) + CELL(0.000 ns) = 2.884 ns; Loc. = UPCORE; Fanout = 1; REG Node = 'stripe:inst5|alt_exc_stripe:lpm_instance|alt_exc_upcore:core|core~MASTERHADDR3'
        Info: Total cell delay = 1.407 ns ( 48.79 % )
        Info: Total interconnect delay = 1.477 ns ( 51.21 % )
    Info: + Micro clock to output delay of source is 0.000 ns
    Info: + Longest register to pin delay is 11.734 ns
        Info: 1: + IC(0.000 ns) + CELL(4.130 ns) = 4.130 ns; Loc. = UPCORE; Fanout = 1; REG Node = 'stripe:inst5|alt_exc_stripe:lpm_instance|alt_exc_upcore:core|core~MASTERHADDR3'
        Info: 2: + IC(5.190 ns) + CELL(2.414 ns) = 11.734 ns; Loc. = PIN_E3; Fanout = 0; PIN Node = 'masterhaddr[3]'
        Info: Total cell delay = 6.544 ns ( 55.77 % )
        Info: Total interconnect delay = 5.190 ns ( 44.23 % )
Info: Longest tpd from source pin "HCLOCK" to destination pin "HCLK" is 6.119 ns
    Info: 1: + IC(0.000 ns) + CELL(1.407 ns) = 1.407 ns; Loc. = PIN_W30; Fanout = 132; CLK Node = 'HCLOCK'
    Info: 2: + IC(2.298 ns) + CELL(2.414 ns) = 6.119 ns; Loc. = PIN_AE27; Fanout = 0; PIN Node = 'HCLK'
    Info: Total cell delay = 3.821 ns ( 62.44 % )
    Info: Total interconnect delay = 2.298 ns ( 37.56 % )
Info: th for register "alu_slave4:inst|key_state:key_state|DATA_1d[3]" (data pin = "DATA_A", clock pin = "HCLOCK") is -11.752 ns
    Info: + Longest clock path from clock "HCLOCK" to destination register is 3.905 ns
        Info: 1: + IC(0.000 ns) + CELL(1.407 ns) = 1.407 ns; Loc. = PIN_W30; Fanout = 132; CLK Node = 'HCLOCK'
        Info: 2: + IC(2.488 ns) + CELL(0.010 ns) = 3.905 ns; Loc. = LC1_9_A1; Fanout = 1; REG Node = 'alu_slave4:inst|key_state:key_state|DATA_1d[3]'
        Info: Total cell delay = 1.417 ns ( 36.29 % )
        Info: Total interconnect delay = 2.488 ns ( 63.71 % )
    Info: + Micro hold delay of destination is 0.250 ns
    Info: - Shortest pin to register delay is 15.907 ns
        Info: 1: + IC(0.000 ns) + CELL(2.100 ns) = 2.100 ns; Loc. = PIN_AC32; Fanout = 1; PIN Node = 'DATA_A'
        Info: 2: + IC(13.778 ns) + CELL(0.029 ns) = 15.907 ns; Loc. = LC1_9_A1; Fanout = 1; REG Node = 'alu_slave4:inst|key_state:key_state|DATA_1d[3]'
        Info: Total cell delay = 2.129 ns ( 13.38 % )
        Info: Total interconnect delay = 13.778 ns ( 86.62 % )
Info: Quartus II Timing Analyzer was successful. 0 errors, 1 warning
    Info: Processing ended: Fri Dec 02 17:25:46 2005
    Info: Elapsed time: 00:00:09


