  Loading target library 'slow'
  Loading design 'DTSDI002'
  Loading test protocol

    Running Autofix
  Architecting Test Points

  Architecting Scan Chains

****************************************
Preview_dft report
For    : 'Insert_dft' command
Design : DTSDI002
Version: V-2004.06
Date   : Sat Mar 11 13:42:47 2006
****************************************

Number of chains: 2
Scan methodology: full_scan
Scan style: multiplexed_flip_flop
Clock domain: no_mix


Scan chain '1' (test_si1 --> test_so1) contains 8594 cells


Scan chain '2' (test_si2 --> test_so2) contains 2 cells



************ Test Point Plan Report ************
Total number of test points  : 41
Number of Autofix test points: 41
Number of Wrapper test points: 0
Number of test modes         : 1
Number of test point enables : 0
Number of data sources       : 1
Number of data sinks         : 0
**************************************************

Dft signals:
 test_mode: TEST_MODE (no hookup pin)



                                          TEST POINTS                                           
------------------------------------------------------------------------------------------------
CLIENT       NAME         TYPE    LOCATIONS              TEST         TEST         DATA         
                                                         MODES        POINT        SOURCE/      
                                                                      ENABLE       SINK         
------------------------------------------------------------------------------------------------
Autofix      autofix_tp_1320    
                          F-1     uDTSDI002Top/uAPB_PowerManager/R0_reg[0]/RN    
                                                         handler_1479    
                                                                      handler      ARM_RESETi   
------------------------------------------------------------------------------------------------
Autofix      test_point   F-0     uDTSDI002Top/uAPB_TimerPWM/uTimer1/FL_CHCLK_reg/RN    
                                                         handler_1479    
                                                                      handler      ARM_RESETi   
                                  uDTSDI002Top/uAPB_TimerPWM/uTimer1/OUTCLK_1d_reg/RN                
                                  uDTSDI002Top/uAPB_TimerPWM/uTimer1/OUTCLK_2d_reg/RN                
                                  uDTSDI002Top/uAPB_TimerPWM/uTimer1/OUTCLK_3d_reg/RN                
                                  uDTSDI002Top/uAPB_TimerPWM/uTimer1/OUTCLK_4d_reg/RN                
                                  uDTSDI002Top/uAPB_TimerPWM/uTimer1/OUTCLK_reg/RN                
                                  uDTSDI002Top/uAPB_TimerPWM/uTimer1/PWM_Out_reg/SN                
                                  uDTSDI002Top/uAPB_TimerPWM/uTimer1/TCAP_Reg_1d_reg[3]/RN                
                                  uDTSDI002Top/uAPB_TimerPWM/uTimer1/TCAP_Reg_1d_reg[4]/RN                
                                  uDTSDI002Top/uAPB_TimerPWM/uTimer1/TCAP_Reg_1d_reg[5]/RN                
                                  uDTSDI002Top/uAPB_TimerPWM/uTimer1/TCAP_Reg_reg[3]/RN                
                                  uDTSDI002Top/uAPB_TimerPWM/uTimer1/TCAP_Reg_reg[4]/RN                
                                  uDTSDI002Top/uAPB_TimerPWM/uTimer1/TCAP_Reg_reg[5]/RN                
                                  uDTSDI002Top/uAPB_TimerPWM/uTimer1/TDx_CapEn_reg/RN                
                                  uDTSDI002Top/uAPB_TimerPWM/uTimer1/Timer_Cnt_reg[0]/RN                
                                  uDTSDI002Top/uAPB_TimerPWM/uTimer1/Timer_Cnt_reg[1]/RN                
                                  uDTSDI002Top/uAPB_TimerPWM/uTimer1/Timer_Cnt_reg[2]/RN                
                                  uDTSDI002Top/uAPB_TimerPWM/uTimer1/Timer_Cnt_reg[3]/RN                
                                  uDTSDI002Top/uAPB_TimerPWM/uTimer1/Timer_Cnt_reg[4]/RN                
                                  uDTSDI002Top/uAPB_TimerPWM/uTimer1/Timer_Cnt_reg[5]/RN                
                                  uDTSDI002Top/uAPB_TimerPWM/uTimer1/Timer_Cnt_reg[6]/RN                
                                  uDTSDI002Top/uAPB_TimerPWM/uTimer1/Timer_Cnt_reg[7]/RN                
                                  uDTSDI002Top/uAPB_TimerPWM/uTimer1/Timer_Cnt_reg[8]/RN                
                                  uDTSDI002Top/uAPB_TimerPWM/uTimer1/Timer_Cnt_reg[9]/RN                
                                  uDTSDI002Top/uAPB_TimerPWM/uTimer1/Timer_Cnt_reg[10]/RN                
                                  uDTSDI002Top/uAPB_TimerPWM/uTimer1/Timer_Cnt_reg[11]/RN                
                                  uDTSDI002Top/uAPB_TimerPWM/uTimer1/Timer_Cnt_reg[12]/RN                
                                  uDTSDI002Top/uAPB_TimerPWM/uTimer1/Timer_Cnt_reg[13]/RN                
                                  uDTSDI002Top/uAPB_TimerPWM/uTimer1/Timer_Cnt_reg[14]/RN                
                                  uDTSDI002Top/uAPB_TimerPWM/uTimer1/Timer_Cnt_reg[15]/RN                
                                  uDTSDI002Top/uAPB_TimerPWM/uTimer1/Timer_Match_Set_reg/RN                
                                  uDTSDI002Top/uAPB_TimerPWM/uTimer1/Timer_Out_reg/RN                
                                  uDTSDI002Top/uAPB_TimerPWM/uTimer1/Timers_OverFlow_reg/RN                
------------------------------------------------------------------------------------------------
Autofix      test_point_1440    
                          F-0     uDTSDI002Top/uAPB_TimerPWM/uTimer0/FL_CHCLK_reg/RN    
                                                         handler_1479    
                                                                      handler      ARM_RESETi   
                                  uDTSDI002Top/uAPB_TimerPWM/uTimer0/OUTCLK_1d_reg/RN                
                                  uDTSDI002Top/uAPB_TimerPWM/uTimer0/OUTCLK_2d_reg/RN                
                                  uDTSDI002Top/uAPB_TimerPWM/uTimer0/OUTCLK_3d_reg/RN                
                                  uDTSDI002Top/uAPB_TimerPWM/uTimer0/OUTCLK_4d_reg/RN                
                                  uDTSDI002Top/uAPB_TimerPWM/uTimer0/OUTCLK_reg/RN                
                                  uDTSDI002Top/uAPB_TimerPWM/uTimer0/PWM_Out_reg/SN                
                                  uDTSDI002Top/uAPB_TimerPWM/uTimer0/TCAP_Reg_1d_reg[3]/RN                
                                  uDTSDI002Top/uAPB_TimerPWM/uTimer0/TCAP_Reg_1d_reg[4]/RN                
                                  uDTSDI002Top/uAPB_TimerPWM/uTimer0/TCAP_Reg_1d_reg[5]/RN                
                                  uDTSDI002Top/uAPB_TimerPWM/uTimer0/TCAP_Reg_reg[3]/RN                
                                  uDTSDI002Top/uAPB_TimerPWM/uTimer0/TCAP_Reg_reg[4]/RN                
                                  uDTSDI002Top/uAPB_TimerPWM/uTimer0/TCAP_Reg_reg[5]/RN                
                                  uDTSDI002Top/uAPB_TimerPWM/uTimer0/TDx_CapEn_reg/RN                
                                  uDTSDI002Top/uAPB_TimerPWM/uTimer0/Timer_Cnt_reg[0]/RN                
                                  uDTSDI002Top/uAPB_TimerPWM/uTimer0/Timer_Cnt_reg[1]/RN                
                                  uDTSDI002Top/uAPB_TimerPWM/uTimer0/Timer_Cnt_reg[2]/RN                
                                  uDTSDI002Top/uAPB_TimerPWM/uTimer0/Timer_Cnt_reg[3]/RN                
                                  uDTSDI002Top/uAPB_TimerPWM/uTimer0/Timer_Cnt_reg[4]/RN                
                                  uDTSDI002Top/uAPB_TimerPWM/uTimer0/Timer_Cnt_reg[5]/RN                
                                  uDTSDI002Top/uAPB_TimerPWM/uTimer0/Timer_Cnt_reg[6]/RN                
                                  uDTSDI002Top/uAPB_TimerPWM/uTimer0/Timer_Cnt_reg[7]/RN                
                                  uDTSDI002Top/uAPB_TimerPWM/uTimer0/Timer_Cnt_reg[8]/RN                
                                  uDTSDI002Top/uAPB_TimerPWM/uTimer0/Timer_Cnt_reg[9]/RN                
                                  uDTSDI002Top/uAPB_TimerPWM/uTimer0/Timer_Cnt_reg[10]/RN                
                                  uDTSDI002Top/uAPB_TimerPWM/uTimer0/Timer_Cnt_reg[11]/RN                
                                  uDTSDI002Top/uAPB_TimerPWM/uTimer0/Timer_Cnt_reg[12]/RN                
                                  uDTSDI002Top/uAPB_TimerPWM/uTimer0/Timer_Cnt_reg[13]/RN                
                                  uDTSDI002Top/uAPB_TimerPWM/uTimer0/Timer_Cnt_reg[14]/RN                
                                  uDTSDI002Top/uAPB_TimerPWM/uTimer0/Timer_Cnt_reg[15]/RN                
                                  uDTSDI002Top/uAPB_TimerPWM/uTimer0/Timer_Match_Set_reg/RN                
                                  uDTSDI002Top/uAPB_TimerPWM/uTimer0/Timer_Out_reg/RN                
                                  uDTSDI002Top/uAPB_TimerPWM/uTimer0/Timers_OverFlow_reg/RN                
------------------------------------------------------------------------------------------------
Autofix      test_point_1441    
                          F-0     uDTSDI002Top/uAPB_TimerPWM/uTimer2/FL_CHCLK_reg/RN    
                                                         handler_1479    
                                                                      handler      ARM_RESETi   
                                  uDTSDI002Top/uAPB_TimerPWM/uTimer2/OUTCLK_1d_reg/RN                
                                  uDTSDI002Top/uAPB_TimerPWM/uTimer2/OUTCLK_2d_reg/RN                
                                  uDTSDI002Top/uAPB_TimerPWM/uTimer2/OUTCLK_3d_reg/RN                
                                  uDTSDI002Top/uAPB_TimerPWM/uTimer2/OUTCLK_4d_reg/RN                
                                  uDTSDI002Top/uAPB_TimerPWM/uTimer2/OUTCLK_reg/RN                
                                  uDTSDI002Top/uAPB_TimerPWM/uTimer2/PWM_Out_reg/SN                
                                  uDTSDI002Top/uAPB_TimerPWM/uTimer2/TCAP_Reg_1d_reg[3]/RN                
                                  uDTSDI002Top/uAPB_TimerPWM/uTimer2/TCAP_Reg_1d_reg[4]/RN                
                                  uDTSDI002Top/uAPB_TimerPWM/uTimer2/TCAP_Reg_1d_reg[5]/RN                
                                  uDTSDI002Top/uAPB_TimerPWM/uTimer2/TCAP_Reg_reg[3]/RN                
                                  uDTSDI002Top/uAPB_TimerPWM/uTimer2/TCAP_Reg_reg[4]/RN                
                                  uDTSDI002Top/uAPB_TimerPWM/uTimer2/TCAP_Reg_reg[5]/RN                
                                  uDTSDI002Top/uAPB_TimerPWM/uTimer2/TDx_CapEn_reg/RN                
                                  uDTSDI002Top/uAPB_TimerPWM/uTimer2/Timer_Cnt_reg[0]/RN                
                                  uDTSDI002Top/uAPB_TimerPWM/uTimer2/Timer_Cnt_reg[1]/RN                
                                  uDTSDI002Top/uAPB_TimerPWM/uTimer2/Timer_Cnt_reg[2]/RN                
                                  uDTSDI002Top/uAPB_TimerPWM/uTimer2/Timer_Cnt_reg[3]/RN                
                                  uDTSDI002Top/uAPB_TimerPWM/uTimer2/Timer_Cnt_reg[4]/RN                
                                  uDTSDI002Top/uAPB_TimerPWM/uTimer2/Timer_Cnt_reg[5]/RN                
                                  uDTSDI002Top/uAPB_TimerPWM/uTimer2/Timer_Cnt_reg[6]/RN                
                                  uDTSDI002Top/uAPB_TimerPWM/uTimer2/Timer_Cnt_reg[7]/RN                
                                  uDTSDI002Top/uAPB_TimerPWM/uTimer2/Timer_Cnt_reg[8]/RN                
                                  uDTSDI002Top/uAPB_TimerPWM/uTimer2/Timer_Cnt_reg[9]/RN                
                                  uDTSDI002Top/uAPB_TimerPWM/uTimer2/Timer_Cnt_reg[10]/RN                
                                  uDTSDI002Top/uAPB_TimerPWM/uTimer2/Timer_Cnt_reg[11]/RN                
                                  uDTSDI002Top/uAPB_TimerPWM/uTimer2/Timer_Cnt_reg[12]/RN                
                                  uDTSDI002Top/uAPB_TimerPWM/uTimer2/Timer_Cnt_reg[13]/RN                
                                  uDTSDI002Top/uAPB_TimerPWM/uTimer2/Timer_Cnt_reg[14]/RN                
                                  uDTSDI002Top/uAPB_TimerPWM/uTimer2/Timer_Cnt_reg[15]/RN                
                                  uDTSDI002Top/uAPB_TimerPWM/uTimer2/Timer_Match_Set_reg/RN                
                                  uDTSDI002Top/uAPB_TimerPWM/uTimer2/Timer_Out_reg/RN                
                                  uDTSDI002Top/uAPB_TimerPWM/uTimer2/Timers_OverFlow_reg/RN                
------------------------------------------------------------------------------------------------
Autofix      test_point_1442    
                          F-0     uDTSDI002Top/uAPB_TimerPWM/uTimer3/FL_CHCLK_reg/RN    
                                                         handler_1479    
                                                                      handler      ARM_RESETi   
                                  uDTSDI002Top/uAPB_TimerPWM/uTimer3/OUTCLK_1d_reg/RN                
                                  uDTSDI002Top/uAPB_TimerPWM/uTimer3/OUTCLK_2d_reg/RN                
                                  uDTSDI002Top/uAPB_TimerPWM/uTimer3/OUTCLK_3d_reg/RN                
                                  uDTSDI002Top/uAPB_TimerPWM/uTimer3/OUTCLK_4d_reg/RN                
                                  uDTSDI002Top/uAPB_TimerPWM/uTimer3/OUTCLK_reg/RN                
                                  uDTSDI002Top/uAPB_TimerPWM/uTimer3/PWM_Out_reg/SN                
                                  uDTSDI002Top/uAPB_TimerPWM/uTimer3/TCAP_Reg_1d_reg[3]/RN                
                                  uDTSDI002Top/uAPB_TimerPWM/uTimer3/TCAP_Reg_1d_reg[4]/RN                
                                  uDTSDI002Top/uAPB_TimerPWM/uTimer3/TCAP_Reg_1d_reg[5]/RN                
                                  uDTSDI002Top/uAPB_TimerPWM/uTimer3/TCAP_Reg_reg[3]/RN                
                                  uDTSDI002Top/uAPB_TimerPWM/uTimer3/TCAP_Reg_reg[4]/RN                
                                  uDTSDI002Top/uAPB_TimerPWM/uTimer3/TCAP_Reg_reg[5]/RN                
                                  uDTSDI002Top/uAPB_TimerPWM/uTimer3/TDx_CapEn_reg/RN                
                                  uDTSDI002Top/uAPB_TimerPWM/uTimer3/Timer_Cnt_reg[0]/RN                
                                  uDTSDI002Top/uAPB_TimerPWM/uTimer3/Timer_Cnt_reg[1]/RN                
                                  uDTSDI002Top/uAPB_TimerPWM/uTimer3/Timer_Cnt_reg[2]/RN                
                                  uDTSDI002Top/uAPB_TimerPWM/uTimer3/Timer_Cnt_reg[3]/RN                
                                  uDTSDI002Top/uAPB_TimerPWM/uTimer3/Timer_Cnt_reg[4]/RN                
                                  uDTSDI002Top/uAPB_TimerPWM/uTimer3/Timer_Cnt_reg[5]/RN                
                                  uDTSDI002Top/uAPB_TimerPWM/uTimer3/Timer_Cnt_reg[6]/RN                
                                  uDTSDI002Top/uAPB_TimerPWM/uTimer3/Timer_Cnt_reg[7]/RN                
                                  uDTSDI002Top/uAPB_TimerPWM/uTimer3/Timer_Cnt_reg[8]/RN                
                                  uDTSDI002Top/uAPB_TimerPWM/uTimer3/Timer_Cnt_reg[9]/RN                
                                  uDTSDI002Top/uAPB_TimerPWM/uTimer3/Timer_Cnt_reg[10]/RN                
                                  uDTSDI002Top/uAPB_TimerPWM/uTimer3/Timer_Cnt_reg[11]/RN                
                                  uDTSDI002Top/uAPB_TimerPWM/uTimer3/Timer_Cnt_reg[12]/RN                
                                  uDTSDI002Top/uAPB_TimerPWM/uTimer3/Timer_Cnt_reg[13]/RN                
                                  uDTSDI002Top/uAPB_TimerPWM/uTimer3/Timer_Cnt_reg[14]/RN                
                                  uDTSDI002Top/uAPB_TimerPWM/uTimer3/Timer_Cnt_reg[15]/RN                
                                  uDTSDI002Top/uAPB_TimerPWM/uTimer3/Timer_Match_Set_reg/RN                
                                  uDTSDI002Top/uAPB_TimerPWM/uTimer3/Timer_Out_reg/RN                
                                  uDTSDI002Top/uAPB_TimerPWM/uTimer3/Timers_OverFlow_reg/RN                
------------------------------------------------------------------------------------------------
Autofix      test_point_1443    
                          F-0     uDTSDI002Top/uAPB_TimerPWM/uTimer4/FL_CHCLK_reg/RN    
                                                         handler_1479    
                                                                      handler      ARM_RESETi   
                                  uDTSDI002Top/uAPB_TimerPWM/uTimer4/OUTCLK_1d_reg/RN                
                                  uDTSDI002Top/uAPB_TimerPWM/uTimer4/OUTCLK_2d_reg/RN                
                                  uDTSDI002Top/uAPB_TimerPWM/uTimer4/OUTCLK_3d_reg/RN                
                                  uDTSDI002Top/uAPB_TimerPWM/uTimer4/OUTCLK_4d_reg/RN                
                                  uDTSDI002Top/uAPB_TimerPWM/uTimer4/OUTCLK_reg/RN                
                                  uDTSDI002Top/uAPB_TimerPWM/uTimer4/PWM_Out_reg/SN                
                                  uDTSDI002Top/uAPB_TimerPWM/uTimer4/TCAP_Reg_1d_reg[3]/RN                
                                  uDTSDI002Top/uAPB_TimerPWM/uTimer4/TCAP_Reg_1d_reg[4]/RN                
                                  uDTSDI002Top/uAPB_TimerPWM/uTimer4/TCAP_Reg_1d_reg[5]/RN                
                                  uDTSDI002Top/uAPB_TimerPWM/uTimer4/TCAP_Reg_reg[3]/RN                
                                  uDTSDI002Top/uAPB_TimerPWM/uTimer4/TCAP_Reg_reg[4]/RN                
                                  uDTSDI002Top/uAPB_TimerPWM/uTimer4/TCAP_Reg_reg[5]/RN                
                                  uDTSDI002Top/uAPB_TimerPWM/uTimer4/TDx_CapEn_reg/RN                
                                  uDTSDI002Top/uAPB_TimerPWM/uTimer4/Timer_Cnt_reg[0]/RN                
                                  uDTSDI002Top/uAPB_TimerPWM/uTimer4/Timer_Cnt_reg[1]/RN                
                                  uDTSDI002Top/uAPB_TimerPWM/uTimer4/Timer_Cnt_reg[2]/RN                
                                  uDTSDI002Top/uAPB_TimerPWM/uTimer4/Timer_Cnt_reg[3]/RN                
                                  uDTSDI002Top/uAPB_TimerPWM/uTimer4/Timer_Cnt_reg[4]/RN                
                                  uDTSDI002Top/uAPB_TimerPWM/uTimer4/Timer_Cnt_reg[5]/RN                
                                  uDTSDI002Top/uAPB_TimerPWM/uTimer4/Timer_Cnt_reg[6]/RN                
                                  uDTSDI002Top/uAPB_TimerPWM/uTimer4/Timer_Cnt_reg[7]/RN                
                                  uDTSDI002Top/uAPB_TimerPWM/uTimer4/Timer_Cnt_reg[8]/RN                
                                  uDTSDI002Top/uAPB_TimerPWM/uTimer4/Timer_Cnt_reg[9]/RN                
                                  uDTSDI002Top/uAPB_TimerPWM/uTimer4/Timer_Cnt_reg[10]/RN                
                                  uDTSDI002Top/uAPB_TimerPWM/uTimer4/Timer_Cnt_reg[11]/RN                
                                  uDTSDI002Top/uAPB_TimerPWM/uTimer4/Timer_Cnt_reg[12]/RN                
                                  uDTSDI002Top/uAPB_TimerPWM/uTimer4/Timer_Cnt_reg[13]/RN                
                                  uDTSDI002Top/uAPB_TimerPWM/uTimer4/Timer_Cnt_reg[14]/RN                
                                  uDTSDI002Top/uAPB_TimerPWM/uTimer4/Timer_Cnt_reg[15]/RN                
                                  uDTSDI002Top/uAPB_TimerPWM/uTimer4/Timer_Match_Set_reg/RN                
                                  uDTSDI002Top/uAPB_TimerPWM/uTimer4/Timer_Out_reg/RN                
                                  uDTSDI002Top/uAPB_TimerPWM/uTimer4/Timers_OverFlow_reg/RN                
------------------------------------------------------------------------------------------------
Autofix      test_point_1444    
                          F-0     uDTSDI002Top/uAPB_TimerPWM/uTimer5/FL_CHCLK_reg/RN    
                                                         handler_1479    
                                                                      handler      ARM_RESETi   
                                  uDTSDI002Top/uAPB_TimerPWM/uTimer5/OUTCLK_1d_reg/RN                
                                  uDTSDI002Top/uAPB_TimerPWM/uTimer5/OUTCLK_2d_reg/RN                
                                  uDTSDI002Top/uAPB_TimerPWM/uTimer5/OUTCLK_3d_reg/RN                
                                  uDTSDI002Top/uAPB_TimerPWM/uTimer5/OUTCLK_4d_reg/RN                
                                  uDTSDI002Top/uAPB_TimerPWM/uTimer5/OUTCLK_reg/RN                
                                  uDTSDI002Top/uAPB_TimerPWM/uTimer5/PWM_Out_reg/SN                
                                  uDTSDI002Top/uAPB_TimerPWM/uTimer5/TCAP_Reg_1d_reg[3]/RN                
                                  uDTSDI002Top/uAPB_TimerPWM/uTimer5/TCAP_Reg_1d_reg[4]/RN                
                                  uDTSDI002Top/uAPB_TimerPWM/uTimer5/TCAP_Reg_1d_reg[5]/RN                
                                  uDTSDI002Top/uAPB_TimerPWM/uTimer5/TCAP_Reg_reg[3]/RN                
                                  uDTSDI002Top/uAPB_TimerPWM/uTimer5/TCAP_Reg_reg[4]/RN                
                                  uDTSDI002Top/uAPB_TimerPWM/uTimer5/TCAP_Reg_reg[5]/RN                
                                  uDTSDI002Top/uAPB_TimerPWM/uTimer5/TDx_CapEn_reg/RN                
                                  uDTSDI002Top/uAPB_TimerPWM/uTimer5/Timer_Cnt_reg[0]/RN                
                                  uDTSDI002Top/uAPB_TimerPWM/uTimer5/Timer_Cnt_reg[1]/RN                
                                  uDTSDI002Top/uAPB_TimerPWM/uTimer5/Timer_Cnt_reg[2]/RN                
                                  uDTSDI002Top/uAPB_TimerPWM/uTimer5/Timer_Cnt_reg[3]/RN                
                                  uDTSDI002Top/uAPB_TimerPWM/uTimer5/Timer_Cnt_reg[4]/RN                
                                  uDTSDI002Top/uAPB_TimerPWM/uTimer5/Timer_Cnt_reg[5]/RN                
                                  uDTSDI002Top/uAPB_TimerPWM/uTimer5/Timer_Cnt_reg[6]/RN                
                                  uDTSDI002Top/uAPB_TimerPWM/uTimer5/Timer_Cnt_reg[7]/RN                
                                  uDTSDI002Top/uAPB_TimerPWM/uTimer5/Timer_Cnt_reg[8]/RN                
                                  uDTSDI002Top/uAPB_TimerPWM/uTimer5/Timer_Cnt_reg[9]/RN                
                                  uDTSDI002Top/uAPB_TimerPWM/uTimer5/Timer_Cnt_reg[10]/RN                
                                  uDTSDI002Top/uAPB_TimerPWM/uTimer5/Timer_Cnt_reg[11]/RN                
                                  uDTSDI002Top/uAPB_TimerPWM/uTimer5/Timer_Cnt_reg[12]/RN                
                                  uDTSDI002Top/uAPB_TimerPWM/uTimer5/Timer_Cnt_reg[13]/RN                
                                  uDTSDI002Top/uAPB_TimerPWM/uTimer5/Timer_Cnt_reg[14]/RN                
                                  uDTSDI002Top/uAPB_TimerPWM/uTimer5/Timer_Cnt_reg[15]/RN                
                                  uDTSDI002Top/uAPB_TimerPWM/uTimer5/Timer_Match_Set_reg/RN                
                                  uDTSDI002Top/uAPB_TimerPWM/uTimer5/Timer_Out_reg/RN                
                                  uDTSDI002Top/uAPB_TimerPWM/uTimer5/Timers_OverFlow_reg/RN                
------------------------------------------------------------------------------------------------
Autofix      test_point_1445    
                          F-0     uDTSDI002Top/uAPB_TimerPWM/uTimer6/FL_CHCLK_reg/RN    
                                                         handler_1479    
                                                                      handler      ARM_RESETi   
                                  uDTSDI002Top/uAPB_TimerPWM/uTimer6/OUTCLK_1d_reg/RN                
                                  uDTSDI002Top/uAPB_TimerPWM/uTimer6/OUTCLK_2d_reg/RN                
                                  uDTSDI002Top/uAPB_TimerPWM/uTimer6/OUTCLK_3d_reg/RN                
                                  uDTSDI002Top/uAPB_TimerPWM/uTimer6/OUTCLK_4d_reg/RN                
                                  uDTSDI002Top/uAPB_TimerPWM/uTimer6/OUTCLK_reg/RN                
                                  uDTSDI002Top/uAPB_TimerPWM/uTimer6/PWM_Out_reg/SN                
                                  uDTSDI002Top/uAPB_TimerPWM/uTimer6/TCAP_Reg_1d_reg[3]/RN                
                                  uDTSDI002Top/uAPB_TimerPWM/uTimer6/TCAP_Reg_1d_reg[4]/RN                
                                  uDTSDI002Top/uAPB_TimerPWM/uTimer6/TCAP_Reg_1d_reg[5]/RN                
                                  uDTSDI002Top/uAPB_TimerPWM/uTimer6/TCAP_Reg_reg[3]/RN                
                                  uDTSDI002Top/uAPB_TimerPWM/uTimer6/TCAP_Reg_reg[4]/RN                
                                  uDTSDI002Top/uAPB_TimerPWM/uTimer6/TCAP_Reg_reg[5]/RN                
                                  uDTSDI002Top/uAPB_TimerPWM/uTimer6/TDx_CapEn_reg/RN                
                                  uDTSDI002Top/uAPB_TimerPWM/uTimer6/Timer_Cnt_reg[0]/RN                
                                  uDTSDI002Top/uAPB_TimerPWM/uTimer6/Timer_Cnt_reg[1]/RN                
                                  uDTSDI002Top/uAPB_TimerPWM/uTimer6/Timer_Cnt_reg[2]/RN                
                                  uDTSDI002Top/uAPB_TimerPWM/uTimer6/Timer_Cnt_reg[3]/RN                
                                  uDTSDI002Top/uAPB_TimerPWM/uTimer6/Timer_Cnt_reg[4]/RN                
                                  uDTSDI002Top/uAPB_TimerPWM/uTimer6/Timer_Cnt_reg[5]/RN                
                                  uDTSDI002Top/uAPB_TimerPWM/uTimer6/Timer_Cnt_reg[6]/RN                
                                  uDTSDI002Top/uAPB_TimerPWM/uTimer6/Timer_Cnt_reg[7]/RN                
                                  uDTSDI002Top/uAPB_TimerPWM/uTimer6/Timer_Cnt_reg[8]/RN                
                                  uDTSDI002Top/uAPB_TimerPWM/uTimer6/Timer_Cnt_reg[9]/RN                
                                  uDTSDI002Top/uAPB_TimerPWM/uTimer6/Timer_Cnt_reg[10]/RN                
                                  uDTSDI002Top/uAPB_TimerPWM/uTimer6/Timer_Cnt_reg[11]/RN                
                                  uDTSDI002Top/uAPB_TimerPWM/uTimer6/Timer_Cnt_reg[12]/RN                
                                  uDTSDI002Top/uAPB_TimerPWM/uTimer6/Timer_Cnt_reg[13]/RN                
                                  uDTSDI002Top/uAPB_TimerPWM/uTimer6/Timer_Cnt_reg[14]/RN                
                                  uDTSDI002Top/uAPB_TimerPWM/uTimer6/Timer_Cnt_reg[15]/RN                
                                  uDTSDI002Top/uAPB_TimerPWM/uTimer6/Timer_Match_Set_reg/RN                
                                  uDTSDI002Top/uAPB_TimerPWM/uTimer6/Timer_Out_reg/RN                
                                  uDTSDI002Top/uAPB_TimerPWM/uTimer6/Timers_OverFlow_reg/RN                
------------------------------------------------------------------------------------------------
Autofix      test_point_1446    
                          F-0     uDTSDI002Top/uAPB_TimerPWM/uTimer7/FL_CHCLK_reg/RN    
                                                         handler_1479    
                                                                      handler      ARM_RESETi   
                                  uDTSDI002Top/uAPB_TimerPWM/uTimer7/OUTCLK_1d_reg/RN                
                                  uDTSDI002Top/uAPB_TimerPWM/uTimer7/OUTCLK_2d_reg/RN                
                                  uDTSDI002Top/uAPB_TimerPWM/uTimer7/OUTCLK_3d_reg/RN                
                                  uDTSDI002Top/uAPB_TimerPWM/uTimer7/OUTCLK_4d_reg/RN                
                                  uDTSDI002Top/uAPB_TimerPWM/uTimer7/OUTCLK_reg/RN                
                                  uDTSDI002Top/uAPB_TimerPWM/uTimer7/PWM_Out_reg/SN                
                                  uDTSDI002Top/uAPB_TimerPWM/uTimer7/TCAP_Reg_1d_reg[3]/RN                
                                  uDTSDI002Top/uAPB_TimerPWM/uTimer7/TCAP_Reg_1d_reg[4]/RN                
                                  uDTSDI002Top/uAPB_TimerPWM/uTimer7/TCAP_Reg_1d_reg[5]/RN                
                                  uDTSDI002Top/uAPB_TimerPWM/uTimer7/TCAP_Reg_reg[3]/RN                
                                  uDTSDI002Top/uAPB_TimerPWM/uTimer7/TCAP_Reg_reg[4]/RN                
                                  uDTSDI002Top/uAPB_TimerPWM/uTimer7/TCAP_Reg_reg[5]/RN                
                                  uDTSDI002Top/uAPB_TimerPWM/uTimer7/TDx_CapEn_reg/RN                
                                  uDTSDI002Top/uAPB_TimerPWM/uTimer7/Timer_Cnt_reg[0]/RN                
                                  uDTSDI002Top/uAPB_TimerPWM/uTimer7/Timer_Cnt_reg[1]/RN                
                                  uDTSDI002Top/uAPB_TimerPWM/uTimer7/Timer_Cnt_reg[2]/RN                
                                  uDTSDI002Top/uAPB_TimerPWM/uTimer7/Timer_Cnt_reg[3]/RN                
                                  uDTSDI002Top/uAPB_TimerPWM/uTimer7/Timer_Cnt_reg[4]/RN                
                                  uDTSDI002Top/uAPB_TimerPWM/uTimer7/Timer_Cnt_reg[5]/RN                
                                  uDTSDI002Top/uAPB_TimerPWM/uTimer7/Timer_Cnt_reg[6]/RN                
                                  uDTSDI002Top/uAPB_TimerPWM/uTimer7/Timer_Cnt_reg[7]/RN                
                                  uDTSDI002Top/uAPB_TimerPWM/uTimer7/Timer_Cnt_reg[8]/RN                
                                  uDTSDI002Top/uAPB_TimerPWM/uTimer7/Timer_Cnt_reg[9]/RN                
                                  uDTSDI002Top/uAPB_TimerPWM/uTimer7/Timer_Cnt_reg[10]/RN                
                                  uDTSDI002Top/uAPB_TimerPWM/uTimer7/Timer_Cnt_reg[11]/RN                
                                  uDTSDI002Top/uAPB_TimerPWM/uTimer7/Timer_Cnt_reg[12]/RN                
                                  uDTSDI002Top/uAPB_TimerPWM/uTimer7/Timer_Cnt_reg[13]/RN                
                                  uDTSDI002Top/uAPB_TimerPWM/uTimer7/Timer_Cnt_reg[14]/RN                
                                  uDTSDI002Top/uAPB_TimerPWM/uTimer7/Timer_Cnt_reg[15]/RN                
                                  uDTSDI002Top/uAPB_TimerPWM/uTimer7/Timer_Match_Set_reg/RN                
                                  uDTSDI002Top/uAPB_TimerPWM/uTimer7/Timer_Out_reg/RN                
                                  uDTSDI002Top/uAPB_TimerPWM/uTimer7/Timers_OverFlow_reg/RN                
------------------------------------------------------------------------------------------------
Autofix      test_point_1447    
                          F-0     uDTSDI002Top/uAPB_TimerPWM/uPWM0_0/FL_CHCLK_reg/RN    
                                                         handler_1479    
                                                                      handler      ARM_RESETi   
                                  uDTSDI002Top/uAPB_TimerPWM/uPWM0_0/OUTCLK_1d_reg/RN                
                                  uDTSDI002Top/uAPB_TimerPWM/uPWM0_0/OUTCLK_2d_reg/RN                
                                  uDTSDI002Top/uAPB_TimerPWM/uPWM0_0/OUTCLK_3d_reg/RN                
                                  uDTSDI002Top/uAPB_TimerPWM/uPWM0_0/OUTCLK_4d_reg/RN                
                                  uDTSDI002Top/uAPB_TimerPWM/uPWM0_0/OUTCLK_reg/RN                
                                  uDTSDI002Top/uAPB_TimerPWM/uPWM0_0/PWM_Out_reg/SN                
                                  uDTSDI002Top/uAPB_TimerPWM/uPWM0_0/TCAP_Reg_1d_reg[3]/RN                
                                  uDTSDI002Top/uAPB_TimerPWM/uPWM0_0/TCAP_Reg_1d_reg[4]/RN                
                                  uDTSDI002Top/uAPB_TimerPWM/uPWM0_0/TCAP_Reg_1d_reg[5]/RN                
                                  uDTSDI002Top/uAPB_TimerPWM/uPWM0_0/TCAP_Reg_reg[3]/RN                
                                  uDTSDI002Top/uAPB_TimerPWM/uPWM0_0/TCAP_Reg_reg[4]/RN                
                                  uDTSDI002Top/uAPB_TimerPWM/uPWM0_0/TCAP_Reg_reg[5]/RN                
                                  uDTSDI002Top/uAPB_TimerPWM/uPWM0_0/TDx_CapEn_reg/RN                
                                  uDTSDI002Top/uAPB_TimerPWM/uPWM0_0/Timer_Cnt_reg[0]/RN                
                                  uDTSDI002Top/uAPB_TimerPWM/uPWM0_0/Timer_Cnt_reg[1]/RN                
                                  uDTSDI002Top/uAPB_TimerPWM/uPWM0_0/Timer_Cnt_reg[2]/RN                
                                  uDTSDI002Top/uAPB_TimerPWM/uPWM0_0/Timer_Cnt_reg[3]/RN                
                                  uDTSDI002Top/uAPB_TimerPWM/uPWM0_0/Timer_Cnt_reg[4]/RN                
                                  uDTSDI002Top/uAPB_TimerPWM/uPWM0_0/Timer_Cnt_reg[5]/RN                
                                  uDTSDI002Top/uAPB_TimerPWM/uPWM0_0/Timer_Cnt_reg[6]/RN                
                                  uDTSDI002Top/uAPB_TimerPWM/uPWM0_0/Timer_Cnt_reg[7]/RN                
                                  uDTSDI002Top/uAPB_TimerPWM/uPWM0_0/Timer_Cnt_reg[8]/RN                
                                  uDTSDI002Top/uAPB_TimerPWM/uPWM0_0/Timer_Cnt_reg[9]/RN                
                                  uDTSDI002Top/uAPB_TimerPWM/uPWM0_0/Timer_Cnt_reg[10]/RN                
                                  uDTSDI002Top/uAPB_TimerPWM/uPWM0_0/Timer_Cnt_reg[11]/RN                
                                  uDTSDI002Top/uAPB_TimerPWM/uPWM0_0/Timer_Cnt_reg[12]/RN                
                                  uDTSDI002Top/uAPB_TimerPWM/uPWM0_0/Timer_Cnt_reg[13]/RN                
                                  uDTSDI002Top/uAPB_TimerPWM/uPWM0_0/Timer_Cnt_reg[14]/RN                
                                  uDTSDI002Top/uAPB_TimerPWM/uPWM0_0/Timer_Cnt_reg[15]/RN                
                                  uDTSDI002Top/uAPB_TimerPWM/uPWM0_0/Timer_Match_Set_reg/RN                
                                  uDTSDI002Top/uAPB_TimerPWM/uPWM0_0/Timer_Out_reg/RN                
                                  uDTSDI002Top/uAPB_TimerPWM/uPWM0_0/Timers_OverFlow_reg/RN                
------------------------------------------------------------------------------------------------
Autofix      test_point_1448    
                          F-0     uDTSDI002Top/uAPB_TimerPWM/uPWM0_1/FL_CHCLK_reg/RN    
                                                         handler_1479    
                                                                      handler      ARM_RESETi   
                                  uDTSDI002Top/uAPB_TimerPWM/uPWM0_1/OUTCLK_1d_reg/RN                
                                  uDTSDI002Top/uAPB_TimerPWM/uPWM0_1/OUTCLK_2d_reg/RN                
                                  uDTSDI002Top/uAPB_TimerPWM/uPWM0_1/OUTCLK_3d_reg/RN                
                                  uDTSDI002Top/uAPB_TimerPWM/uPWM0_1/OUTCLK_4d_reg/RN                
                                  uDTSDI002Top/uAPB_TimerPWM/uPWM0_1/OUTCLK_reg/RN                
                                  uDTSDI002Top/uAPB_TimerPWM/uPWM0_1/PWM_Out_reg/SN                
                                  uDTSDI002Top/uAPB_TimerPWM/uPWM0_1/TCAP_Reg_1d_reg[3]/RN                
                                  uDTSDI002Top/uAPB_TimerPWM/uPWM0_1/TCAP_Reg_1d_reg[4]/RN                
                                  uDTSDI002Top/uAPB_TimerPWM/uPWM0_1/TCAP_Reg_1d_reg[5]/RN                
                                  uDTSDI002Top/uAPB_TimerPWM/uPWM0_1/TCAP_Reg_reg[3]/RN                
                                  uDTSDI002Top/uAPB_TimerPWM/uPWM0_1/TCAP_Reg_reg[4]/RN                
                                  uDTSDI002Top/uAPB_TimerPWM/uPWM0_1/TCAP_Reg_reg[5]/RN                
                                  uDTSDI002Top/uAPB_TimerPWM/uPWM0_1/TDx_CapEn_reg/RN                
                                  uDTSDI002Top/uAPB_TimerPWM/uPWM0_1/Timer_Cnt_reg[0]/RN                
                                  uDTSDI002Top/uAPB_TimerPWM/uPWM0_1/Timer_Cnt_reg[1]/RN                
                                  uDTSDI002Top/uAPB_TimerPWM/uPWM0_1/Timer_Cnt_reg[2]/RN                
                                  uDTSDI002Top/uAPB_TimerPWM/uPWM0_1/Timer_Cnt_reg[3]/RN                
                                  uDTSDI002Top/uAPB_TimerPWM/uPWM0_1/Timer_Cnt_reg[4]/RN                
                                  uDTSDI002Top/uAPB_TimerPWM/uPWM0_1/Timer_Cnt_reg[5]/RN                
                                  uDTSDI002Top/uAPB_TimerPWM/uPWM0_1/Timer_Cnt_reg[6]/RN                
                                  uDTSDI002Top/uAPB_TimerPWM/uPWM0_1/Timer_Cnt_reg[7]/RN                
                                  uDTSDI002Top/uAPB_TimerPWM/uPWM0_1/Timer_Cnt_reg[8]/RN                
                                  uDTSDI002Top/uAPB_TimerPWM/uPWM0_1/Timer_Cnt_reg[9]/RN                
                                  uDTSDI002Top/uAPB_TimerPWM/uPWM0_1/Timer_Cnt_reg[10]/RN                
                                  uDTSDI002Top/uAPB_TimerPWM/uPWM0_1/Timer_Cnt_reg[11]/RN                
                                  uDTSDI002Top/uAPB_TimerPWM/uPWM0_1/Timer_Cnt_reg[12]/RN                
                                  uDTSDI002Top/uAPB_TimerPWM/uPWM0_1/Timer_Cnt_reg[13]/RN                
                                  uDTSDI002Top/uAPB_TimerPWM/uPWM0_1/Timer_Cnt_reg[14]/RN                
                                  uDTSDI002Top/uAPB_TimerPWM/uPWM0_1/Timer_Cnt_reg[15]/RN                
                                  uDTSDI002Top/uAPB_TimerPWM/uPWM0_1/Timer_Match_Set_reg/RN                
                                  uDTSDI002Top/uAPB_TimerPWM/uPWM0_1/Timer_Out_reg/RN                
                                  uDTSDI002Top/uAPB_TimerPWM/uPWM0_1/Timers_OverFlow_reg/RN                
------------------------------------------------------------------------------------------------
Autofix      test_point_1449    
                          F-0     uDTSDI002Top/uAPB_TimerPWM/uPWM0_2/FL_CHCLK_reg/RN    
                                                         handler_1479    
                                                                      handler      ARM_RESETi   
                                  uDTSDI002Top/uAPB_TimerPWM/uPWM0_2/OUTCLK_1d_reg/RN                
                                  uDTSDI002Top/uAPB_TimerPWM/uPWM0_2/OUTCLK_2d_reg/RN                
                                  uDTSDI002Top/uAPB_TimerPWM/uPWM0_2/OUTCLK_3d_reg/RN                
                                  uDTSDI002Top/uAPB_TimerPWM/uPWM0_2/OUTCLK_4d_reg/RN                
                                  uDTSDI002Top/uAPB_TimerPWM/uPWM0_2/OUTCLK_reg/RN                
                                  uDTSDI002Top/uAPB_TimerPWM/uPWM0_2/PWM_Out_reg/SN                
                                  uDTSDI002Top/uAPB_TimerPWM/uPWM0_2/TCAP_Reg_1d_reg[3]/RN                
                                  uDTSDI002Top/uAPB_TimerPWM/uPWM0_2/TCAP_Reg_1d_reg[4]/RN                
                                  uDTSDI002Top/uAPB_TimerPWM/uPWM0_2/TCAP_Reg_1d_reg[5]/RN                
                                  uDTSDI002Top/uAPB_TimerPWM/uPWM0_2/TCAP_Reg_reg[3]/RN                
                                  uDTSDI002Top/uAPB_TimerPWM/uPWM0_2/TCAP_Reg_reg[4]/RN                
                                  uDTSDI002Top/uAPB_TimerPWM/uPWM0_2/TCAP_Reg_reg[5]/RN                
                                  uDTSDI002Top/uAPB_TimerPWM/uPWM0_2/TDx_CapEn_reg/RN                
                                  uDTSDI002Top/uAPB_TimerPWM/uPWM0_2/Timer_Cnt_reg[0]/RN                
                                  uDTSDI002Top/uAPB_TimerPWM/uPWM0_2/Timer_Cnt_reg[1]/RN                
                                  uDTSDI002Top/uAPB_TimerPWM/uPWM0_2/Timer_Cnt_reg[2]/RN                
                                  uDTSDI002Top/uAPB_TimerPWM/uPWM0_2/Timer_Cnt_reg[3]/RN                
                                  uDTSDI002Top/uAPB_TimerPWM/uPWM0_2/Timer_Cnt_reg[4]/RN                
                                  uDTSDI002Top/uAPB_TimerPWM/uPWM0_2/Timer_Cnt_reg[5]/RN                
                                  uDTSDI002Top/uAPB_TimerPWM/uPWM0_2/Timer_Cnt_reg[6]/RN                
                                  uDTSDI002Top/uAPB_TimerPWM/uPWM0_2/Timer_Cnt_reg[7]/RN                
                                  uDTSDI002Top/uAPB_TimerPWM/uPWM0_2/Timer_Cnt_reg[8]/RN                
                                  uDTSDI002Top/uAPB_TimerPWM/uPWM0_2/Timer_Cnt_reg[9]/RN                
                                  uDTSDI002Top/uAPB_TimerPWM/uPWM0_2/Timer_Cnt_reg[10]/RN                
                                  uDTSDI002Top/uAPB_TimerPWM/uPWM0_2/Timer_Cnt_reg[11]/RN                
                                  uDTSDI002Top/uAPB_TimerPWM/uPWM0_2/Timer_Cnt_reg[12]/RN                
                                  uDTSDI002Top/uAPB_TimerPWM/uPWM0_2/Timer_Cnt_reg[13]/RN                
                                  uDTSDI002Top/uAPB_TimerPWM/uPWM0_2/Timer_Cnt_reg[14]/RN                
                                  uDTSDI002Top/uAPB_TimerPWM/uPWM0_2/Timer_Cnt_reg[15]/RN                
                                  uDTSDI002Top/uAPB_TimerPWM/uPWM0_2/Timer_Match_Set_reg/RN                
                                  uDTSDI002Top/uAPB_TimerPWM/uPWM0_2/Timer_Out_reg/RN                
                                  uDTSDI002Top/uAPB_TimerPWM/uPWM0_2/Timers_OverFlow_reg/RN                
------------------------------------------------------------------------------------------------
Autofix      test_point_1450    
                          F-0     uDTSDI002Top/uAPB_TimerPWM/uPWM0_3/FL_CHCLK_reg/RN    
                                                         handler_1479    
                                                                      handler      ARM_RESETi   
                                  uDTSDI002Top/uAPB_TimerPWM/uPWM0_3/OUTCLK_1d_reg/RN                
                                  uDTSDI002Top/uAPB_TimerPWM/uPWM0_3/OUTCLK_2d_reg/RN                
                                  uDTSDI002Top/uAPB_TimerPWM/uPWM0_3/OUTCLK_3d_reg/RN                
                                  uDTSDI002Top/uAPB_TimerPWM/uPWM0_3/OUTCLK_4d_reg/RN                
                                  uDTSDI002Top/uAPB_TimerPWM/uPWM0_3/OUTCLK_reg/RN                
                                  uDTSDI002Top/uAPB_TimerPWM/uPWM0_3/PWM_Out_reg/SN                
                                  uDTSDI002Top/uAPB_TimerPWM/uPWM0_3/TCAP_Reg_1d_reg[3]/RN                
                                  uDTSDI002Top/uAPB_TimerPWM/uPWM0_3/TCAP_Reg_1d_reg[4]/RN                
                                  uDTSDI002Top/uAPB_TimerPWM/uPWM0_3/TCAP_Reg_1d_reg[5]/RN                
                                  uDTSDI002Top/uAPB_TimerPWM/uPWM0_3/TCAP_Reg_reg[3]/RN                
                                  uDTSDI002Top/uAPB_TimerPWM/uPWM0_3/TCAP_Reg_reg[4]/RN                
                                  uDTSDI002Top/uAPB_TimerPWM/uPWM0_3/TCAP_Reg_reg[5]/RN                
                                  uDTSDI002Top/uAPB_TimerPWM/uPWM0_3/TDx_CapEn_reg/RN                
                                  uDTSDI002Top/uAPB_TimerPWM/uPWM0_3/Timer_Cnt_reg[0]/RN                
                                  uDTSDI002Top/uAPB_TimerPWM/uPWM0_3/Timer_Cnt_reg[1]/RN                
                                  uDTSDI002Top/uAPB_TimerPWM/uPWM0_3/Timer_Cnt_reg[2]/RN                
                                  uDTSDI002Top/uAPB_TimerPWM/uPWM0_3/Timer_Cnt_reg[3]/RN                
                                  uDTSDI002Top/uAPB_TimerPWM/uPWM0_3/Timer_Cnt_reg[4]/RN                
                                  uDTSDI002Top/uAPB_TimerPWM/uPWM0_3/Timer_Cnt_reg[5]/RN                
                                  uDTSDI002Top/uAPB_TimerPWM/uPWM0_3/Timer_Cnt_reg[6]/RN                
                                  uDTSDI002Top/uAPB_TimerPWM/uPWM0_3/Timer_Cnt_reg[7]/RN                
                                  uDTSDI002Top/uAPB_TimerPWM/uPWM0_3/Timer_Cnt_reg[8]/RN                
                                  uDTSDI002Top/uAPB_TimerPWM/uPWM0_3/Timer_Cnt_reg[9]/RN                
                                  uDTSDI002Top/uAPB_TimerPWM/uPWM0_3/Timer_Cnt_reg[10]/RN                
                                  uDTSDI002Top/uAPB_TimerPWM/uPWM0_3/Timer_Cnt_reg[11]/RN                
                                  uDTSDI002Top/uAPB_TimerPWM/uPWM0_3/Timer_Cnt_reg[12]/RN                
                                  uDTSDI002Top/uAPB_TimerPWM/uPWM0_3/Timer_Cnt_reg[13]/RN                
                                  uDTSDI002Top/uAPB_TimerPWM/uPWM0_3/Timer_Cnt_reg[14]/RN                
                                  uDTSDI002Top/uAPB_TimerPWM/uPWM0_3/Timer_Cnt_reg[15]/RN                
                                  uDTSDI002Top/uAPB_TimerPWM/uPWM0_3/Timer_Match_Set_reg/RN                
                                  uDTSDI002Top/uAPB_TimerPWM/uPWM0_3/Timer_Out_reg/RN                
                                  uDTSDI002Top/uAPB_TimerPWM/uPWM0_3/Timers_OverFlow_reg/RN                
------------------------------------------------------------------------------------------------
Autofix      test_point_1451    
                          F-0     uDTSDI002Top/uAPB_TimerPWM/uPWM0_4/FL_CHCLK_reg/RN    
                                                         handler_1479    
                                                                      handler      ARM_RESETi   
                                  uDTSDI002Top/uAPB_TimerPWM/uPWM0_4/OUTCLK_1d_reg/RN                
                                  uDTSDI002Top/uAPB_TimerPWM/uPWM0_4/OUTCLK_2d_reg/RN                
                                  uDTSDI002Top/uAPB_TimerPWM/uPWM0_4/OUTCLK_3d_reg/RN                
                                  uDTSDI002Top/uAPB_TimerPWM/uPWM0_4/OUTCLK_4d_reg/RN                
                                  uDTSDI002Top/uAPB_TimerPWM/uPWM0_4/OUTCLK_reg/RN                
                                  uDTSDI002Top/uAPB_TimerPWM/uPWM0_4/PWM_Out_reg/SN                
                                  uDTSDI002Top/uAPB_TimerPWM/uPWM0_4/TCAP_Reg_1d_reg[3]/RN                
                                  uDTSDI002Top/uAPB_TimerPWM/uPWM0_4/TCAP_Reg_1d_reg[4]/RN                
                                  uDTSDI002Top/uAPB_TimerPWM/uPWM0_4/TCAP_Reg_1d_reg[5]/RN                
                                  uDTSDI002Top/uAPB_TimerPWM/uPWM0_4/TCAP_Reg_reg[3]/RN                
                                  uDTSDI002Top/uAPB_TimerPWM/uPWM0_4/TCAP_Reg_reg[4]/RN                
                                  uDTSDI002Top/uAPB_TimerPWM/uPWM0_4/TCAP_Reg_reg[5]/RN                
                                  uDTSDI002Top/uAPB_TimerPWM/uPWM0_4/TDx_CapEn_reg/RN                
                                  uDTSDI002Top/uAPB_TimerPWM/uPWM0_4/Timer_Cnt_reg[0]/RN                
                                  uDTSDI002Top/uAPB_TimerPWM/uPWM0_4/Timer_Cnt_reg[1]/RN                
                                  uDTSDI002Top/uAPB_TimerPWM/uPWM0_4/Timer_Cnt_reg[2]/RN                
                                  uDTSDI002Top/uAPB_TimerPWM/uPWM0_4/Timer_Cnt_reg[3]/RN                
                                  uDTSDI002Top/uAPB_TimerPWM/uPWM0_4/Timer_Cnt_reg[4]/RN                
                                  uDTSDI002Top/uAPB_TimerPWM/uPWM0_4/Timer_Cnt_reg[5]/RN                
                                  uDTSDI002Top/uAPB_TimerPWM/uPWM0_4/Timer_Cnt_reg[6]/RN                
                                  uDTSDI002Top/uAPB_TimerPWM/uPWM0_4/Timer_Cnt_reg[7]/RN                
                                  uDTSDI002Top/uAPB_TimerPWM/uPWM0_4/Timer_Cnt_reg[8]/RN                
                                  uDTSDI002Top/uAPB_TimerPWM/uPWM0_4/Timer_Cnt_reg[9]/RN                
                                  uDTSDI002Top/uAPB_TimerPWM/uPWM0_4/Timer_Cnt_reg[10]/RN                
                                  uDTSDI002Top/uAPB_TimerPWM/uPWM0_4/Timer_Cnt_reg[11]/RN                
                                  uDTSDI002Top/uAPB_TimerPWM/uPWM0_4/Timer_Cnt_reg[12]/RN                
                                  uDTSDI002Top/uAPB_TimerPWM/uPWM0_4/Timer_Cnt_reg[13]/RN                
                                  uDTSDI002Top/uAPB_TimerPWM/uPWM0_4/Timer_Cnt_reg[14]/RN                
                                  uDTSDI002Top/uAPB_TimerPWM/uPWM0_4/Timer_Cnt_reg[15]/RN                
                                  uDTSDI002Top/uAPB_TimerPWM/uPWM0_4/Timer_Match_Set_reg/RN                
                                  uDTSDI002Top/uAPB_TimerPWM/uPWM0_4/Timer_Out_reg/RN                
                                  uDTSDI002Top/uAPB_TimerPWM/uPWM0_4/Timers_OverFlow_reg/RN                
------------------------------------------------------------------------------------------------
Autofix      test_point_1452    
                          F-0     uDTSDI002Top/uAPB_TimerPWM/uPWM0_5/FL_CHCLK_reg/RN    
                                                         handler_1479    
                                                                      handler      ARM_RESETi   
                                  uDTSDI002Top/uAPB_TimerPWM/uPWM0_5/OUTCLK_1d_reg/RN                
                                  uDTSDI002Top/uAPB_TimerPWM/uPWM0_5/OUTCLK_2d_reg/RN                
                                  uDTSDI002Top/uAPB_TimerPWM/uPWM0_5/OUTCLK_3d_reg/RN                
                                  uDTSDI002Top/uAPB_TimerPWM/uPWM0_5/OUTCLK_4d_reg/RN                
                                  uDTSDI002Top/uAPB_TimerPWM/uPWM0_5/OUTCLK_reg/RN                
                                  uDTSDI002Top/uAPB_TimerPWM/uPWM0_5/PWM_Out_reg/SN                
                                  uDTSDI002Top/uAPB_TimerPWM/uPWM0_5/TCAP_Reg_1d_reg[3]/RN                
                                  uDTSDI002Top/uAPB_TimerPWM/uPWM0_5/TCAP_Reg_1d_reg[4]/RN                
                                  uDTSDI002Top/uAPB_TimerPWM/uPWM0_5/TCAP_Reg_1d_reg[5]/RN                
                                  uDTSDI002Top/uAPB_TimerPWM/uPWM0_5/TCAP_Reg_reg[3]/RN                
                                  uDTSDI002Top/uAPB_TimerPWM/uPWM0_5/TCAP_Reg_reg[4]/RN                
                                  uDTSDI002Top/uAPB_TimerPWM/uPWM0_5/TCAP_Reg_reg[5]/RN                
                                  uDTSDI002Top/uAPB_TimerPWM/uPWM0_5/TDx_CapEn_reg/RN                
                                  uDTSDI002Top/uAPB_TimerPWM/uPWM0_5/Timer_Cnt_reg[0]/RN                
                                  uDTSDI002Top/uAPB_TimerPWM/uPWM0_5/Timer_Cnt_reg[1]/RN                
                                  uDTSDI002Top/uAPB_TimerPWM/uPWM0_5/Timer_Cnt_reg[2]/RN                
                                  uDTSDI002Top/uAPB_TimerPWM/uPWM0_5/Timer_Cnt_reg[3]/RN                
                                  uDTSDI002Top/uAPB_TimerPWM/uPWM0_5/Timer_Cnt_reg[4]/RN                
                                  uDTSDI002Top/uAPB_TimerPWM/uPWM0_5/Timer_Cnt_reg[5]/RN                
                                  uDTSDI002Top/uAPB_TimerPWM/uPWM0_5/Timer_Cnt_reg[6]/RN                
                                  uDTSDI002Top/uAPB_TimerPWM/uPWM0_5/Timer_Cnt_reg[7]/RN                
                                  uDTSDI002Top/uAPB_TimerPWM/uPWM0_5/Timer_Cnt_reg[8]/RN                
                                  uDTSDI002Top/uAPB_TimerPWM/uPWM0_5/Timer_Cnt_reg[9]/RN                
                                  uDTSDI002Top/uAPB_TimerPWM/uPWM0_5/Timer_Cnt_reg[10]/RN                
                                  uDTSDI002Top/uAPB_TimerPWM/uPWM0_5/Timer_Cnt_reg[11]/RN                
                                  uDTSDI002Top/uAPB_TimerPWM/uPWM0_5/Timer_Cnt_reg[12]/RN                
                                  uDTSDI002Top/uAPB_TimerPWM/uPWM0_5/Timer_Cnt_reg[13]/RN                
                                  uDTSDI002Top/uAPB_TimerPWM/uPWM0_5/Timer_Cnt_reg[14]/RN                
                                  uDTSDI002Top/uAPB_TimerPWM/uPWM0_5/Timer_Cnt_reg[15]/RN                
                                  uDTSDI002Top/uAPB_TimerPWM/uPWM0_5/Timer_Match_Set_reg/RN                
                                  uDTSDI002Top/uAPB_TimerPWM/uPWM0_5/Timer_Out_reg/RN                
                                  uDTSDI002Top/uAPB_TimerPWM/uPWM0_5/Timers_OverFlow_reg/RN                
------------------------------------------------------------------------------------------------
Autofix      test_point_1453    
                          F-0     uDTSDI002Top/uAPB_TimerPWM/uPWM0_6/FL_CHCLK_reg/RN    
                                                         handler_1479    
                                                                      handler      ARM_RESETi   
                                  uDTSDI002Top/uAPB_TimerPWM/uPWM0_6/OUTCLK_1d_reg/RN                
                                  uDTSDI002Top/uAPB_TimerPWM/uPWM0_6/OUTCLK_2d_reg/RN                
                                  uDTSDI002Top/uAPB_TimerPWM/uPWM0_6/OUTCLK_3d_reg/RN                
                                  uDTSDI002Top/uAPB_TimerPWM/uPWM0_6/OUTCLK_4d_reg/RN                
                                  uDTSDI002Top/uAPB_TimerPWM/uPWM0_6/OUTCLK_reg/RN                
                                  uDTSDI002Top/uAPB_TimerPWM/uPWM0_6/PWM_Out_reg/SN                
                                  uDTSDI002Top/uAPB_TimerPWM/uPWM0_6/TCAP_Reg_1d_reg[3]/RN                
                                  uDTSDI002Top/uAPB_TimerPWM/uPWM0_6/TCAP_Reg_1d_reg[4]/RN                
                                  uDTSDI002Top/uAPB_TimerPWM/uPWM0_6/TCAP_Reg_1d_reg[5]/RN                
                                  uDTSDI002Top/uAPB_TimerPWM/uPWM0_6/TCAP_Reg_reg[3]/RN                
                                  uDTSDI002Top/uAPB_TimerPWM/uPWM0_6/TCAP_Reg_reg[4]/RN                
                                  uDTSDI002Top/uAPB_TimerPWM/uPWM0_6/TCAP_Reg_reg[5]/RN                
                                  uDTSDI002Top/uAPB_TimerPWM/uPWM0_6/TDx_CapEn_reg/RN                
                                  uDTSDI002Top/uAPB_TimerPWM/uPWM0_6/Timer_Cnt_reg[0]/RN                
                                  uDTSDI002Top/uAPB_TimerPWM/uPWM0_6/Timer_Cnt_reg[1]/RN                
                                  uDTSDI002Top/uAPB_TimerPWM/uPWM0_6/Timer_Cnt_reg[2]/RN                
                                  uDTSDI002Top/uAPB_TimerPWM/uPWM0_6/Timer_Cnt_reg[3]/RN                
                                  uDTSDI002Top/uAPB_TimerPWM/uPWM0_6/Timer_Cnt_reg[4]/RN                
                                  uDTSDI002Top/uAPB_TimerPWM/uPWM0_6/Timer_Cnt_reg[5]/RN                
                                  uDTSDI002Top/uAPB_TimerPWM/uPWM0_6/Timer_Cnt_reg[6]/RN                
                                  uDTSDI002Top/uAPB_TimerPWM/uPWM0_6/Timer_Cnt_reg[7]/RN                
                                  uDTSDI002Top/uAPB_TimerPWM/uPWM0_6/Timer_Cnt_reg[8]/RN                
                                  uDTSDI002Top/uAPB_TimerPWM/uPWM0_6/Timer_Cnt_reg[9]/RN                
                                  uDTSDI002Top/uAPB_TimerPWM/uPWM0_6/Timer_Cnt_reg[10]/RN                
                                  uDTSDI002Top/uAPB_TimerPWM/uPWM0_6/Timer_Cnt_reg[11]/RN                
                                  uDTSDI002Top/uAPB_TimerPWM/uPWM0_6/Timer_Cnt_reg[12]/RN                
                                  uDTSDI002Top/uAPB_TimerPWM/uPWM0_6/Timer_Cnt_reg[13]/RN                
                                  uDTSDI002Top/uAPB_TimerPWM/uPWM0_6/Timer_Cnt_reg[14]/RN                
                                  uDTSDI002Top/uAPB_TimerPWM/uPWM0_6/Timer_Cnt_reg[15]/RN                
                                  uDTSDI002Top/uAPB_TimerPWM/uPWM0_6/Timer_Match_Set_reg/RN                
                                  uDTSDI002Top/uAPB_TimerPWM/uPWM0_6/Timer_Out_reg/RN                
                                  uDTSDI002Top/uAPB_TimerPWM/uPWM0_6/Timers_OverFlow_reg/RN                
------------------------------------------------------------------------------------------------
Autofix      test_point_1454    
                          F-0     uDTSDI002Top/uAPB_TimerPWM/uPWM0_7/FL_CHCLK_reg/RN    
                                                         handler_1479    
                                                                      handler      ARM_RESETi   
                                  uDTSDI002Top/uAPB_TimerPWM/uPWM0_7/OUTCLK_1d_reg/RN                
                                  uDTSDI002Top/uAPB_TimerPWM/uPWM0_7/OUTCLK_2d_reg/RN                
                                  uDTSDI002Top/uAPB_TimerPWM/uPWM0_7/OUTCLK_3d_reg/RN                
                                  uDTSDI002Top/uAPB_TimerPWM/uPWM0_7/OUTCLK_4d_reg/RN                
                                  uDTSDI002Top/uAPB_TimerPWM/uPWM0_7/OUTCLK_reg/RN                
                                  uDTSDI002Top/uAPB_TimerPWM/uPWM0_7/PWM_Out_reg/SN                
                                  uDTSDI002Top/uAPB_TimerPWM/uPWM0_7/TCAP_Reg_1d_reg[3]/RN                
                                  uDTSDI002Top/uAPB_TimerPWM/uPWM0_7/TCAP_Reg_1d_reg[4]/RN                
                                  uDTSDI002Top/uAPB_TimerPWM/uPWM0_7/TCAP_Reg_1d_reg[5]/RN                
                                  uDTSDI002Top/uAPB_TimerPWM/uPWM0_7/TCAP_Reg_reg[3]/RN                
                                  uDTSDI002Top/uAPB_TimerPWM/uPWM0_7/TCAP_Reg_reg[4]/RN                
                                  uDTSDI002Top/uAPB_TimerPWM/uPWM0_7/TCAP_Reg_reg[5]/RN                
                                  uDTSDI002Top/uAPB_TimerPWM/uPWM0_7/TDx_CapEn_reg/RN                
                                  uDTSDI002Top/uAPB_TimerPWM/uPWM0_7/Timer_Cnt_reg[0]/RN                
                                  uDTSDI002Top/uAPB_TimerPWM/uPWM0_7/Timer_Cnt_reg[1]/RN                
                                  uDTSDI002Top/uAPB_TimerPWM/uPWM0_7/Timer_Cnt_reg[2]/RN                
                                  uDTSDI002Top/uAPB_TimerPWM/uPWM0_7/Timer_Cnt_reg[3]/RN                
                                  uDTSDI002Top/uAPB_TimerPWM/uPWM0_7/Timer_Cnt_reg[4]/RN                
                                  uDTSDI002Top/uAPB_TimerPWM/uPWM0_7/Timer_Cnt_reg[5]/RN                
                                  uDTSDI002Top/uAPB_TimerPWM/uPWM0_7/Timer_Cnt_reg[6]/RN                
                                  uDTSDI002Top/uAPB_TimerPWM/uPWM0_7/Timer_Cnt_reg[7]/RN                
                                  uDTSDI002Top/uAPB_TimerPWM/uPWM0_7/Timer_Cnt_reg[8]/RN                
                                  uDTSDI002Top/uAPB_TimerPWM/uPWM0_7/Timer_Cnt_reg[9]/RN                
                                  uDTSDI002Top/uAPB_TimerPWM/uPWM0_7/Timer_Cnt_reg[10]/RN                
                                  uDTSDI002Top/uAPB_TimerPWM/uPWM0_7/Timer_Cnt_reg[11]/RN                
                                  uDTSDI002Top/uAPB_TimerPWM/uPWM0_7/Timer_Cnt_reg[12]/RN                
                                  uDTSDI002Top/uAPB_TimerPWM/uPWM0_7/Timer_Cnt_reg[13]/RN                
                                  uDTSDI002Top/uAPB_TimerPWM/uPWM0_7/Timer_Cnt_reg[14]/RN                
                                  uDTSDI002Top/uAPB_TimerPWM/uPWM0_7/Timer_Cnt_reg[15]/RN                
                                  uDTSDI002Top/uAPB_TimerPWM/uPWM0_7/Timer_Match_Set_reg/RN                
                                  uDTSDI002Top/uAPB_TimerPWM/uPWM0_7/Timer_Out_reg/RN                
                                  uDTSDI002Top/uAPB_TimerPWM/uPWM0_7/Timers_OverFlow_reg/RN                
------------------------------------------------------------------------------------------------
Autofix      test_point_1455    
                          F-0     uDTSDI002Top/uAPB_TimerPWM/uPWM1_0/FL_CHCLK_reg/RN    
                                                         handler_1479    
                                                                      handler      ARM_RESETi   
                                  uDTSDI002Top/uAPB_TimerPWM/uPWM1_0/OUTCLK_1d_reg/RN                
                                  uDTSDI002Top/uAPB_TimerPWM/uPWM1_0/OUTCLK_2d_reg/RN                
                                  uDTSDI002Top/uAPB_TimerPWM/uPWM1_0/OUTCLK_3d_reg/RN                
                                  uDTSDI002Top/uAPB_TimerPWM/uPWM1_0/OUTCLK_4d_reg/RN                
                                  uDTSDI002Top/uAPB_TimerPWM/uPWM1_0/OUTCLK_reg/RN                
                                  uDTSDI002Top/uAPB_TimerPWM/uPWM1_0/PWM_Out_reg/SN                
                                  uDTSDI002Top/uAPB_TimerPWM/uPWM1_0/TCAP_Reg_1d_reg[3]/RN                
                                  uDTSDI002Top/uAPB_TimerPWM/uPWM1_0/TCAP_Reg_1d_reg[4]/RN                
                                  uDTSDI002Top/uAPB_TimerPWM/uPWM1_0/TCAP_Reg_1d_reg[5]/RN                
                                  uDTSDI002Top/uAPB_TimerPWM/uPWM1_0/TCAP_Reg_reg[3]/RN                
                                  uDTSDI002Top/uAPB_TimerPWM/uPWM1_0/TCAP_Reg_reg[4]/RN                
                                  uDTSDI002Top/uAPB_TimerPWM/uPWM1_0/TCAP_Reg_reg[5]/RN                
                                  uDTSDI002Top/uAPB_TimerPWM/uPWM1_0/TDx_CapEn_reg/RN                
                                  uDTSDI002Top/uAPB_TimerPWM/uPWM1_0/Timer_Cnt_reg[0]/RN                
                                  uDTSDI002Top/uAPB_TimerPWM/uPWM1_0/Timer_Cnt_reg[1]/RN                
                                  uDTSDI002Top/uAPB_TimerPWM/uPWM1_0/Timer_Cnt_reg[2]/RN                
                                  uDTSDI002Top/uAPB_TimerPWM/uPWM1_0/Timer_Cnt_reg[3]/RN                
                                  uDTSDI002Top/uAPB_TimerPWM/uPWM1_0/Timer_Cnt_reg[4]/RN                
                                  uDTSDI002Top/uAPB_TimerPWM/uPWM1_0/Timer_Cnt_reg[5]/RN                
                                  uDTSDI002Top/uAPB_TimerPWM/uPWM1_0/Timer_Cnt_reg[6]/RN                
                                  uDTSDI002Top/uAPB_TimerPWM/uPWM1_0/Timer_Cnt_reg[7]/RN                
                                  uDTSDI002Top/uAPB_TimerPWM/uPWM1_0/Timer_Cnt_reg[8]/RN                
                                  uDTSDI002Top/uAPB_TimerPWM/uPWM1_0/Timer_Cnt_reg[9]/RN                
                                  uDTSDI002Top/uAPB_TimerPWM/uPWM1_0/Timer_Cnt_reg[10]/RN                
                                  uDTSDI002Top/uAPB_TimerPWM/uPWM1_0/Timer_Cnt_reg[11]/RN                
                                  uDTSDI002Top/uAPB_TimerPWM/uPWM1_0/Timer_Cnt_reg[12]/RN                
                                  uDTSDI002Top/uAPB_TimerPWM/uPWM1_0/Timer_Cnt_reg[13]/RN                
                                  uDTSDI002Top/uAPB_TimerPWM/uPWM1_0/Timer_Cnt_reg[14]/RN                
                                  uDTSDI002Top/uAPB_TimerPWM/uPWM1_0/Timer_Cnt_reg[15]/RN                
                                  uDTSDI002Top/uAPB_TimerPWM/uPWM1_0/Timer_Match_Set_reg/RN                
                                  uDTSDI002Top/uAPB_TimerPWM/uPWM1_0/Timer_Out_reg/RN                
                                  uDTSDI002Top/uAPB_TimerPWM/uPWM1_0/Timers_OverFlow_reg/RN                
------------------------------------------------------------------------------------------------
Autofix      test_point_1456    
                          F-0     uDTSDI002Top/uAPB_TimerPWM/uPWM1_1/FL_CHCLK_reg/RN    
                                                         handler_1479    
                                                                      handler      ARM_RESETi   
                                  uDTSDI002Top/uAPB_TimerPWM/uPWM1_1/OUTCLK_1d_reg/RN                
                                  uDTSDI002Top/uAPB_TimerPWM/uPWM1_1/OUTCLK_2d_reg/RN                
                                  uDTSDI002Top/uAPB_TimerPWM/uPWM1_1/OUTCLK_3d_reg/RN                
                                  uDTSDI002Top/uAPB_TimerPWM/uPWM1_1/OUTCLK_4d_reg/RN                
                                  uDTSDI002Top/uAPB_TimerPWM/uPWM1_1/OUTCLK_reg/RN                
                                  uDTSDI002Top/uAPB_TimerPWM/uPWM1_1/PWM_Out_reg/SN                
                                  uDTSDI002Top/uAPB_TimerPWM/uPWM1_1/TCAP_Reg_1d_reg[3]/RN                
                                  uDTSDI002Top/uAPB_TimerPWM/uPWM1_1/TCAP_Reg_1d_reg[4]/RN                
                                  uDTSDI002Top/uAPB_TimerPWM/uPWM1_1/TCAP_Reg_1d_reg[5]/RN                
                                  uDTSDI002Top/uAPB_TimerPWM/uPWM1_1/TCAP_Reg_reg[3]/RN                
                                  uDTSDI002Top/uAPB_TimerPWM/uPWM1_1/TCAP_Reg_reg[4]/RN                
                                  uDTSDI002Top/uAPB_TimerPWM/uPWM1_1/TCAP_Reg_reg[5]/RN                
                                  uDTSDI002Top/uAPB_TimerPWM/uPWM1_1/TDx_CapEn_reg/RN                
                                  uDTSDI002Top/uAPB_TimerPWM/uPWM1_1/Timer_Cnt_reg[0]/RN                
                                  uDTSDI002Top/uAPB_TimerPWM/uPWM1_1/Timer_Cnt_reg[1]/RN                
                                  uDTSDI002Top/uAPB_TimerPWM/uPWM1_1/Timer_Cnt_reg[2]/RN                
                                  uDTSDI002Top/uAPB_TimerPWM/uPWM1_1/Timer_Cnt_reg[3]/RN                
                                  uDTSDI002Top/uAPB_TimerPWM/uPWM1_1/Timer_Cnt_reg[4]/RN                
                                  uDTSDI002Top/uAPB_TimerPWM/uPWM1_1/Timer_Cnt_reg[5]/RN                
                                  uDTSDI002Top/uAPB_TimerPWM/uPWM1_1/Timer_Cnt_reg[6]/RN                
                                  uDTSDI002Top/uAPB_TimerPWM/uPWM1_1/Timer_Cnt_reg[7]/RN                
                                  uDTSDI002Top/uAPB_TimerPWM/uPWM1_1/Timer_Cnt_reg[8]/RN                
                                  uDTSDI002Top/uAPB_TimerPWM/uPWM1_1/Timer_Cnt_reg[9]/RN                
                                  uDTSDI002Top/uAPB_TimerPWM/uPWM1_1/Timer_Cnt_reg[10]/RN                
                                  uDTSDI002Top/uAPB_TimerPWM/uPWM1_1/Timer_Cnt_reg[11]/RN                
                                  uDTSDI002Top/uAPB_TimerPWM/uPWM1_1/Timer_Cnt_reg[12]/RN                
                                  uDTSDI002Top/uAPB_TimerPWM/uPWM1_1/Timer_Cnt_reg[13]/RN                
                                  uDTSDI002Top/uAPB_TimerPWM/uPWM1_1/Timer_Cnt_reg[14]/RN                
                                  uDTSDI002Top/uAPB_TimerPWM/uPWM1_1/Timer_Cnt_reg[15]/RN                
                                  uDTSDI002Top/uAPB_TimerPWM/uPWM1_1/Timer_Match_Set_reg/RN                
                                  uDTSDI002Top/uAPB_TimerPWM/uPWM1_1/Timer_Out_reg/RN                
                                  uDTSDI002Top/uAPB_TimerPWM/uPWM1_1/Timers_OverFlow_reg/RN                
------------------------------------------------------------------------------------------------
Autofix      test_point_1457    
                          F-0     uDTSDI002Top/uAPB_TimerPWM/uPWM1_2/FL_CHCLK_reg/RN    
                                                         handler_1479    
                                                                      handler      ARM_RESETi   
                                  uDTSDI002Top/uAPB_TimerPWM/uPWM1_2/OUTCLK_1d_reg/RN                
                                  uDTSDI002Top/uAPB_TimerPWM/uPWM1_2/OUTCLK_2d_reg/RN                
                                  uDTSDI002Top/uAPB_TimerPWM/uPWM1_2/OUTCLK_3d_reg/RN                
                                  uDTSDI002Top/uAPB_TimerPWM/uPWM1_2/OUTCLK_4d_reg/RN                
                                  uDTSDI002Top/uAPB_TimerPWM/uPWM1_2/OUTCLK_reg/RN                
                                  uDTSDI002Top/uAPB_TimerPWM/uPWM1_2/PWM_Out_reg/SN                
                                  uDTSDI002Top/uAPB_TimerPWM/uPWM1_2/TCAP_Reg_1d_reg[3]/RN                
                                  uDTSDI002Top/uAPB_TimerPWM/uPWM1_2/TCAP_Reg_1d_reg[4]/RN                
                                  uDTSDI002Top/uAPB_TimerPWM/uPWM1_2/TCAP_Reg_1d_reg[5]/RN                
                                  uDTSDI002Top/uAPB_TimerPWM/uPWM1_2/TCAP_Reg_reg[3]/RN                
                                  uDTSDI002Top/uAPB_TimerPWM/uPWM1_2/TCAP_Reg_reg[4]/RN                
                                  uDTSDI002Top/uAPB_TimerPWM/uPWM1_2/TCAP_Reg_reg[5]/RN                
                                  uDTSDI002Top/uAPB_TimerPWM/uPWM1_2/TDx_CapEn_reg/RN                
                                  uDTSDI002Top/uAPB_TimerPWM/uPWM1_2/Timer_Cnt_reg[0]/RN                
                                  uDTSDI002Top/uAPB_TimerPWM/uPWM1_2/Timer_Cnt_reg[1]/RN                
                                  uDTSDI002Top/uAPB_TimerPWM/uPWM1_2/Timer_Cnt_reg[2]/RN                
                                  uDTSDI002Top/uAPB_TimerPWM/uPWM1_2/Timer_Cnt_reg[3]/RN                
                                  uDTSDI002Top/uAPB_TimerPWM/uPWM1_2/Timer_Cnt_reg[4]/RN                
                                  uDTSDI002Top/uAPB_TimerPWM/uPWM1_2/Timer_Cnt_reg[5]/RN                
                                  uDTSDI002Top/uAPB_TimerPWM/uPWM1_2/Timer_Cnt_reg[6]/RN                
                                  uDTSDI002Top/uAPB_TimerPWM/uPWM1_2/Timer_Cnt_reg[7]/RN                
                                  uDTSDI002Top/uAPB_TimerPWM/uPWM1_2/Timer_Cnt_reg[8]/RN                
                                  uDTSDI002Top/uAPB_TimerPWM/uPWM1_2/Timer_Cnt_reg[9]/RN                
                                  uDTSDI002Top/uAPB_TimerPWM/uPWM1_2/Timer_Cnt_reg[10]/RN                
                                  uDTSDI002Top/uAPB_TimerPWM/uPWM1_2/Timer_Cnt_reg[11]/RN                
                                  uDTSDI002Top/uAPB_TimerPWM/uPWM1_2/Timer_Cnt_reg[12]/RN                
                                  uDTSDI002Top/uAPB_TimerPWM/uPWM1_2/Timer_Cnt_reg[13]/RN                
                                  uDTSDI002Top/uAPB_TimerPWM/uPWM1_2/Timer_Cnt_reg[14]/RN                
                                  uDTSDI002Top/uAPB_TimerPWM/uPWM1_2/Timer_Cnt_reg[15]/RN                
                                  uDTSDI002Top/uAPB_TimerPWM/uPWM1_2/Timer_Match_Set_reg/RN                
                                  uDTSDI002Top/uAPB_TimerPWM/uPWM1_2/Timer_Out_reg/RN                
                                  uDTSDI002Top/uAPB_TimerPWM/uPWM1_2/Timers_OverFlow_reg/RN                
------------------------------------------------------------------------------------------------
Autofix      test_point_1458    
                          F-0     uDTSDI002Top/uAPB_TimerPWM/uPWM1_3/FL_CHCLK_reg/RN    
                                                         handler_1479    
                                                                      handler      ARM_RESETi   
                                  uDTSDI002Top/uAPB_TimerPWM/uPWM1_3/OUTCLK_1d_reg/RN                
                                  uDTSDI002Top/uAPB_TimerPWM/uPWM1_3/OUTCLK_2d_reg/RN                
                                  uDTSDI002Top/uAPB_TimerPWM/uPWM1_3/OUTCLK_3d_reg/RN                
                                  uDTSDI002Top/uAPB_TimerPWM/uPWM1_3/OUTCLK_4d_reg/RN                
                                  uDTSDI002Top/uAPB_TimerPWM/uPWM1_3/OUTCLK_reg/RN                
                                  uDTSDI002Top/uAPB_TimerPWM/uPWM1_3/PWM_Out_reg/SN                
                                  uDTSDI002Top/uAPB_TimerPWM/uPWM1_3/TCAP_Reg_1d_reg[3]/RN                
                                  uDTSDI002Top/uAPB_TimerPWM/uPWM1_3/TCAP_Reg_1d_reg[4]/RN                
                                  uDTSDI002Top/uAPB_TimerPWM/uPWM1_3/TCAP_Reg_1d_reg[5]/RN                
                                  uDTSDI002Top/uAPB_TimerPWM/uPWM1_3/TCAP_Reg_reg[3]/RN                
                                  uDTSDI002Top/uAPB_TimerPWM/uPWM1_3/TCAP_Reg_reg[4]/RN                
                                  uDTSDI002Top/uAPB_TimerPWM/uPWM1_3/TCAP_Reg_reg[5]/RN                
                                  uDTSDI002Top/uAPB_TimerPWM/uPWM1_3/TDx_CapEn_reg/RN                
                                  uDTSDI002Top/uAPB_TimerPWM/uPWM1_3/Timer_Cnt_reg[0]/RN                
                                  uDTSDI002Top/uAPB_TimerPWM/uPWM1_3/Timer_Cnt_reg[1]/RN                
                                  uDTSDI002Top/uAPB_TimerPWM/uPWM1_3/Timer_Cnt_reg[2]/RN                
                                  uDTSDI002Top/uAPB_TimerPWM/uPWM1_3/Timer_Cnt_reg[3]/RN                
                                  uDTSDI002Top/uAPB_TimerPWM/uPWM1_3/Timer_Cnt_reg[4]/RN                
                                  uDTSDI002Top/uAPB_TimerPWM/uPWM1_3/Timer_Cnt_reg[5]/RN                
                                  uDTSDI002Top/uAPB_TimerPWM/uPWM1_3/Timer_Cnt_reg[6]/RN                
                                  uDTSDI002Top/uAPB_TimerPWM/uPWM1_3/Timer_Cnt_reg[7]/RN                
                                  uDTSDI002Top/uAPB_TimerPWM/uPWM1_3/Timer_Cnt_reg[8]/RN                
                                  uDTSDI002Top/uAPB_TimerPWM/uPWM1_3/Timer_Cnt_reg[9]/RN                
                                  uDTSDI002Top/uAPB_TimerPWM/uPWM1_3/Timer_Cnt_reg[10]/RN                
                                  uDTSDI002Top/uAPB_TimerPWM/uPWM1_3/Timer_Cnt_reg[11]/RN                
                                  uDTSDI002Top/uAPB_TimerPWM/uPWM1_3/Timer_Cnt_reg[12]/RN                
                                  uDTSDI002Top/uAPB_TimerPWM/uPWM1_3/Timer_Cnt_reg[13]/RN                
                                  uDTSDI002Top/uAPB_TimerPWM/uPWM1_3/Timer_Cnt_reg[14]/RN                
                                  uDTSDI002Top/uAPB_TimerPWM/uPWM1_3/Timer_Cnt_reg[15]/RN                
                                  uDTSDI002Top/uAPB_TimerPWM/uPWM1_3/Timer_Match_Set_reg/RN                
                                  uDTSDI002Top/uAPB_TimerPWM/uPWM1_3/Timer_Out_reg/RN                
                                  uDTSDI002Top/uAPB_TimerPWM/uPWM1_3/Timers_OverFlow_reg/RN                
------------------------------------------------------------------------------------------------
Autofix      test_point_1459    
                          F-0     uDTSDI002Top/uAPB_TimerPWM/uPWM1_4/FL_CHCLK_reg/RN    
                                                         handler_1479    
                                                                      handler      ARM_RESETi   
                                  uDTSDI002Top/uAPB_TimerPWM/uPWM1_4/OUTCLK_1d_reg/RN                
                                  uDTSDI002Top/uAPB_TimerPWM/uPWM1_4/OUTCLK_2d_reg/RN                
                                  uDTSDI002Top/uAPB_TimerPWM/uPWM1_4/OUTCLK_3d_reg/RN                
                                  uDTSDI002Top/uAPB_TimerPWM/uPWM1_4/OUTCLK_4d_reg/RN                
                                  uDTSDI002Top/uAPB_TimerPWM/uPWM1_4/OUTCLK_reg/RN                
                                  uDTSDI002Top/uAPB_TimerPWM/uPWM1_4/PWM_Out_reg/SN                
                                  uDTSDI002Top/uAPB_TimerPWM/uPWM1_4/TCAP_Reg_1d_reg[3]/RN                
                                  uDTSDI002Top/uAPB_TimerPWM/uPWM1_4/TCAP_Reg_1d_reg[4]/RN                
                                  uDTSDI002Top/uAPB_TimerPWM/uPWM1_4/TCAP_Reg_1d_reg[5]/RN                
                                  uDTSDI002Top/uAPB_TimerPWM/uPWM1_4/TCAP_Reg_reg[3]/RN                
                                  uDTSDI002Top/uAPB_TimerPWM/uPWM1_4/TCAP_Reg_reg[4]/RN                
                                  uDTSDI002Top/uAPB_TimerPWM/uPWM1_4/TCAP_Reg_reg[5]/RN                
                                  uDTSDI002Top/uAPB_TimerPWM/uPWM1_4/TDx_CapEn_reg/RN                
                                  uDTSDI002Top/uAPB_TimerPWM/uPWM1_4/Timer_Cnt_reg[0]/RN                
                                  uDTSDI002Top/uAPB_TimerPWM/uPWM1_4/Timer_Cnt_reg[1]/RN                
                                  uDTSDI002Top/uAPB_TimerPWM/uPWM1_4/Timer_Cnt_reg[2]/RN                
                                  uDTSDI002Top/uAPB_TimerPWM/uPWM1_4/Timer_Cnt_reg[3]/RN                
                                  uDTSDI002Top/uAPB_TimerPWM/uPWM1_4/Timer_Cnt_reg[4]/RN                
                                  uDTSDI002Top/uAPB_TimerPWM/uPWM1_4/Timer_Cnt_reg[5]/RN                
                                  uDTSDI002Top/uAPB_TimerPWM/uPWM1_4/Timer_Cnt_reg[6]/RN                
                                  uDTSDI002Top/uAPB_TimerPWM/uPWM1_4/Timer_Cnt_reg[7]/RN                
                                  uDTSDI002Top/uAPB_TimerPWM/uPWM1_4/Timer_Cnt_reg[8]/RN                
                                  uDTSDI002Top/uAPB_TimerPWM/uPWM1_4/Timer_Cnt_reg[9]/RN                
                                  uDTSDI002Top/uAPB_TimerPWM/uPWM1_4/Timer_Cnt_reg[10]/RN                
                                  uDTSDI002Top/uAPB_TimerPWM/uPWM1_4/Timer_Cnt_reg[11]/RN                
                                  uDTSDI002Top/uAPB_TimerPWM/uPWM1_4/Timer_Cnt_reg[12]/RN                
                                  uDTSDI002Top/uAPB_TimerPWM/uPWM1_4/Timer_Cnt_reg[13]/RN                
                                  uDTSDI002Top/uAPB_TimerPWM/uPWM1_4/Timer_Cnt_reg[14]/RN                
                                  uDTSDI002Top/uAPB_TimerPWM/uPWM1_4/Timer_Cnt_reg[15]/RN                
                                  uDTSDI002Top/uAPB_TimerPWM/uPWM1_4/Timer_Match_Set_reg/RN                
                                  uDTSDI002Top/uAPB_TimerPWM/uPWM1_4/Timer_Out_reg/RN                
                                  uDTSDI002Top/uAPB_TimerPWM/uPWM1_4/Timers_OverFlow_reg/RN                
------------------------------------------------------------------------------------------------
Autofix      test_point_1460    
                          F-0     uDTSDI002Top/uAPB_TimerPWM/uPWM1_5/FL_CHCLK_reg/RN    
                                                         handler_1479    
                                                                      handler      ARM_RESETi   
                                  uDTSDI002Top/uAPB_TimerPWM/uPWM1_5/OUTCLK_1d_reg/RN                
                                  uDTSDI002Top/uAPB_TimerPWM/uPWM1_5/OUTCLK_2d_reg/RN                
                                  uDTSDI002Top/uAPB_TimerPWM/uPWM1_5/OUTCLK_3d_reg/RN                
                                  uDTSDI002Top/uAPB_TimerPWM/uPWM1_5/OUTCLK_4d_reg/RN                
                                  uDTSDI002Top/uAPB_TimerPWM/uPWM1_5/OUTCLK_reg/RN                
                                  uDTSDI002Top/uAPB_TimerPWM/uPWM1_5/PWM_Out_reg/SN                
                                  uDTSDI002Top/uAPB_TimerPWM/uPWM1_5/TCAP_Reg_1d_reg[3]/RN                
                                  uDTSDI002Top/uAPB_TimerPWM/uPWM1_5/TCAP_Reg_1d_reg[4]/RN                
                                  uDTSDI002Top/uAPB_TimerPWM/uPWM1_5/TCAP_Reg_1d_reg[5]/RN                
                                  uDTSDI002Top/uAPB_TimerPWM/uPWM1_5/TCAP_Reg_reg[3]/RN                
                                  uDTSDI002Top/uAPB_TimerPWM/uPWM1_5/TCAP_Reg_reg[4]/RN                
                                  uDTSDI002Top/uAPB_TimerPWM/uPWM1_5/TCAP_Reg_reg[5]/RN                
                                  uDTSDI002Top/uAPB_TimerPWM/uPWM1_5/TDx_CapEn_reg/RN                
                                  uDTSDI002Top/uAPB_TimerPWM/uPWM1_5/Timer_Cnt_reg[0]/RN                
                                  uDTSDI002Top/uAPB_TimerPWM/uPWM1_5/Timer_Cnt_reg[1]/RN                
                                  uDTSDI002Top/uAPB_TimerPWM/uPWM1_5/Timer_Cnt_reg[2]/RN                
                                  uDTSDI002Top/uAPB_TimerPWM/uPWM1_5/Timer_Cnt_reg[3]/RN                
                                  uDTSDI002Top/uAPB_TimerPWM/uPWM1_5/Timer_Cnt_reg[4]/RN                
                                  uDTSDI002Top/uAPB_TimerPWM/uPWM1_5/Timer_Cnt_reg[5]/RN                
                                  uDTSDI002Top/uAPB_TimerPWM/uPWM1_5/Timer_Cnt_reg[6]/RN                
                                  uDTSDI002Top/uAPB_TimerPWM/uPWM1_5/Timer_Cnt_reg[7]/RN                
                                  uDTSDI002Top/uAPB_TimerPWM/uPWM1_5/Timer_Cnt_reg[8]/RN                
                                  uDTSDI002Top/uAPB_TimerPWM/uPWM1_5/Timer_Cnt_reg[9]/RN                
                                  uDTSDI002Top/uAPB_TimerPWM/uPWM1_5/Timer_Cnt_reg[10]/RN                
                                  uDTSDI002Top/uAPB_TimerPWM/uPWM1_5/Timer_Cnt_reg[11]/RN                
                                  uDTSDI002Top/uAPB_TimerPWM/uPWM1_5/Timer_Cnt_reg[12]/RN                
                                  uDTSDI002Top/uAPB_TimerPWM/uPWM1_5/Timer_Cnt_reg[13]/RN                
                                  uDTSDI002Top/uAPB_TimerPWM/uPWM1_5/Timer_Cnt_reg[14]/RN                
                                  uDTSDI002Top/uAPB_TimerPWM/uPWM1_5/Timer_Cnt_reg[15]/RN                
                                  uDTSDI002Top/uAPB_TimerPWM/uPWM1_5/Timer_Match_Set_reg/RN                
                                  uDTSDI002Top/uAPB_TimerPWM/uPWM1_5/Timer_Out_reg/RN                
                                  uDTSDI002Top/uAPB_TimerPWM/uPWM1_5/Timers_OverFlow_reg/RN                
------------------------------------------------------------------------------------------------
Autofix      test_point_1461    
                          F-0     uDTSDI002Top/uAPB_TimerPWM/uPWM1_6/FL_CHCLK_reg/RN    
                                                         handler_1479    
                                                                      handler      ARM_RESETi   
                                  uDTSDI002Top/uAPB_TimerPWM/uPWM1_6/OUTCLK_1d_reg/RN                
                                  uDTSDI002Top/uAPB_TimerPWM/uPWM1_6/OUTCLK_2d_reg/RN                
                                  uDTSDI002Top/uAPB_TimerPWM/uPWM1_6/OUTCLK_3d_reg/RN                
                                  uDTSDI002Top/uAPB_TimerPWM/uPWM1_6/OUTCLK_4d_reg/RN                
                                  uDTSDI002Top/uAPB_TimerPWM/uPWM1_6/OUTCLK_reg/RN                
                                  uDTSDI002Top/uAPB_TimerPWM/uPWM1_6/PWM_Out_reg/SN                
                                  uDTSDI002Top/uAPB_TimerPWM/uPWM1_6/TCAP_Reg_1d_reg[3]/RN                
                                  uDTSDI002Top/uAPB_TimerPWM/uPWM1_6/TCAP_Reg_1d_reg[4]/RN                
                                  uDTSDI002Top/uAPB_TimerPWM/uPWM1_6/TCAP_Reg_1d_reg[5]/RN                
                                  uDTSDI002Top/uAPB_TimerPWM/uPWM1_6/TCAP_Reg_reg[3]/RN                
                                  uDTSDI002Top/uAPB_TimerPWM/uPWM1_6/TCAP_Reg_reg[4]/RN                
                                  uDTSDI002Top/uAPB_TimerPWM/uPWM1_6/TCAP_Reg_reg[5]/RN                
                                  uDTSDI002Top/uAPB_TimerPWM/uPWM1_6/TDx_CapEn_reg/RN                
                                  uDTSDI002Top/uAPB_TimerPWM/uPWM1_6/Timer_Cnt_reg[0]/RN                
                                  uDTSDI002Top/uAPB_TimerPWM/uPWM1_6/Timer_Cnt_reg[1]/RN                
                                  uDTSDI002Top/uAPB_TimerPWM/uPWM1_6/Timer_Cnt_reg[2]/RN                
                                  uDTSDI002Top/uAPB_TimerPWM/uPWM1_6/Timer_Cnt_reg[3]/RN                
                                  uDTSDI002Top/uAPB_TimerPWM/uPWM1_6/Timer_Cnt_reg[4]/RN                
                                  uDTSDI002Top/uAPB_TimerPWM/uPWM1_6/Timer_Cnt_reg[5]/RN                
                                  uDTSDI002Top/uAPB_TimerPWM/uPWM1_6/Timer_Cnt_reg[6]/RN                
                                  uDTSDI002Top/uAPB_TimerPWM/uPWM1_6/Timer_Cnt_reg[7]/RN                
                                  uDTSDI002Top/uAPB_TimerPWM/uPWM1_6/Timer_Cnt_reg[8]/RN                
                                  uDTSDI002Top/uAPB_TimerPWM/uPWM1_6/Timer_Cnt_reg[9]/RN                
                                  uDTSDI002Top/uAPB_TimerPWM/uPWM1_6/Timer_Cnt_reg[10]/RN                
                                  uDTSDI002Top/uAPB_TimerPWM/uPWM1_6/Timer_Cnt_reg[11]/RN                
                                  uDTSDI002Top/uAPB_TimerPWM/uPWM1_6/Timer_Cnt_reg[12]/RN                
                                  uDTSDI002Top/uAPB_TimerPWM/uPWM1_6/Timer_Cnt_reg[13]/RN                
                                  uDTSDI002Top/uAPB_TimerPWM/uPWM1_6/Timer_Cnt_reg[14]/RN                
                                  uDTSDI002Top/uAPB_TimerPWM/uPWM1_6/Timer_Cnt_reg[15]/RN                
                                  uDTSDI002Top/uAPB_TimerPWM/uPWM1_6/Timer_Match_Set_reg/RN                
                                  uDTSDI002Top/uAPB_TimerPWM/uPWM1_6/Timer_Out_reg/RN                
                                  uDTSDI002Top/uAPB_TimerPWM/uPWM1_6/Timers_OverFlow_reg/RN                
------------------------------------------------------------------------------------------------
Autofix      test_point_1462    
                          F-0     uDTSDI002Top/uAPB_TimerPWM/uPWM1_7/FL_CHCLK_reg/RN    
                                                         handler_1479    
                                                                      handler      ARM_RESETi   
                                  uDTSDI002Top/uAPB_TimerPWM/uPWM1_7/OUTCLK_1d_reg/RN                
                                  uDTSDI002Top/uAPB_TimerPWM/uPWM1_7/OUTCLK_2d_reg/RN                
                                  uDTSDI002Top/uAPB_TimerPWM/uPWM1_7/OUTCLK_3d_reg/RN                
                                  uDTSDI002Top/uAPB_TimerPWM/uPWM1_7/OUTCLK_4d_reg/RN                
                                  uDTSDI002Top/uAPB_TimerPWM/uPWM1_7/OUTCLK_reg/RN                
                                  uDTSDI002Top/uAPB_TimerPWM/uPWM1_7/PWM_Out_reg/SN                
                                  uDTSDI002Top/uAPB_TimerPWM/uPWM1_7/TCAP_Reg_1d_reg[3]/RN                
                                  uDTSDI002Top/uAPB_TimerPWM/uPWM1_7/TCAP_Reg_1d_reg[4]/RN                
                                  uDTSDI002Top/uAPB_TimerPWM/uPWM1_7/TCAP_Reg_1d_reg[5]/RN                
                                  uDTSDI002Top/uAPB_TimerPWM/uPWM1_7/TCAP_Reg_reg[3]/RN                
                                  uDTSDI002Top/uAPB_TimerPWM/uPWM1_7/TCAP_Reg_reg[4]/RN                
                                  uDTSDI002Top/uAPB_TimerPWM/uPWM1_7/TCAP_Reg_reg[5]/RN                
                                  uDTSDI002Top/uAPB_TimerPWM/uPWM1_7/TDx_CapEn_reg/RN                
                                  uDTSDI002Top/uAPB_TimerPWM/uPWM1_7/Timer_Cnt_reg[0]/RN                
                                  uDTSDI002Top/uAPB_TimerPWM/uPWM1_7/Timer_Cnt_reg[1]/RN                
                                  uDTSDI002Top/uAPB_TimerPWM/uPWM1_7/Timer_Cnt_reg[2]/RN                
                                  uDTSDI002Top/uAPB_TimerPWM/uPWM1_7/Timer_Cnt_reg[3]/RN                
                                  uDTSDI002Top/uAPB_TimerPWM/uPWM1_7/Timer_Cnt_reg[4]/RN                
                                  uDTSDI002Top/uAPB_TimerPWM/uPWM1_7/Timer_Cnt_reg[5]/RN                
                                  uDTSDI002Top/uAPB_TimerPWM/uPWM1_7/Timer_Cnt_reg[6]/RN                
                                  uDTSDI002Top/uAPB_TimerPWM/uPWM1_7/Timer_Cnt_reg[7]/RN                
                                  uDTSDI002Top/uAPB_TimerPWM/uPWM1_7/Timer_Cnt_reg[8]/RN                
                                  uDTSDI002Top/uAPB_TimerPWM/uPWM1_7/Timer_Cnt_reg[9]/RN                
                                  uDTSDI002Top/uAPB_TimerPWM/uPWM1_7/Timer_Cnt_reg[10]/RN                
                                  uDTSDI002Top/uAPB_TimerPWM/uPWM1_7/Timer_Cnt_reg[11]/RN                
                                  uDTSDI002Top/uAPB_TimerPWM/uPWM1_7/Timer_Cnt_reg[12]/RN                
                                  uDTSDI002Top/uAPB_TimerPWM/uPWM1_7/Timer_Cnt_reg[13]/RN                
                                  uDTSDI002Top/uAPB_TimerPWM/uPWM1_7/Timer_Cnt_reg[14]/RN                
                                  uDTSDI002Top/uAPB_TimerPWM/uPWM1_7/Timer_Cnt_reg[15]/RN                
                                  uDTSDI002Top/uAPB_TimerPWM/uPWM1_7/Timer_Match_Set_reg/RN                
                                  uDTSDI002Top/uAPB_TimerPWM/uPWM1_7/Timer_Out_reg/RN                
                                  uDTSDI002Top/uAPB_TimerPWM/uPWM1_7/Timers_OverFlow_reg/RN                
------------------------------------------------------------------------------------------------
Autofix      test_point_1463    
                          F-0     uDTSDI002Top/uAPB_TimerPWM/uPWM2_0/FL_CHCLK_reg/RN    
                                                         handler_1479    
                                                                      handler      ARM_RESETi   
                                  uDTSDI002Top/uAPB_TimerPWM/uPWM2_0/OUTCLK_1d_reg/RN                
                                  uDTSDI002Top/uAPB_TimerPWM/uPWM2_0/OUTCLK_2d_reg/RN                
                                  uDTSDI002Top/uAPB_TimerPWM/uPWM2_0/OUTCLK_3d_reg/RN                
                                  uDTSDI002Top/uAPB_TimerPWM/uPWM2_0/OUTCLK_4d_reg/RN                
                                  uDTSDI002Top/uAPB_TimerPWM/uPWM2_0/OUTCLK_reg/RN                
                                  uDTSDI002Top/uAPB_TimerPWM/uPWM2_0/PWM_Out_reg/SN                
                                  uDTSDI002Top/uAPB_TimerPWM/uPWM2_0/TCAP_Reg_1d_reg[3]/RN                
                                  uDTSDI002Top/uAPB_TimerPWM/uPWM2_0/TCAP_Reg_1d_reg[4]/RN                
                                  uDTSDI002Top/uAPB_TimerPWM/uPWM2_0/TCAP_Reg_1d_reg[5]/RN                
                                  uDTSDI002Top/uAPB_TimerPWM/uPWM2_0/TCAP_Reg_reg[3]/RN                
                                  uDTSDI002Top/uAPB_TimerPWM/uPWM2_0/TCAP_Reg_reg[4]/RN                
                                  uDTSDI002Top/uAPB_TimerPWM/uPWM2_0/TCAP_Reg_reg[5]/RN                
                                  uDTSDI002Top/uAPB_TimerPWM/uPWM2_0/TDx_CapEn_reg/RN                
                                  uDTSDI002Top/uAPB_TimerPWM/uPWM2_0/Timer_Cnt_reg[0]/RN                
                                  uDTSDI002Top/uAPB_TimerPWM/uPWM2_0/Timer_Cnt_reg[1]/RN                
                                  uDTSDI002Top/uAPB_TimerPWM/uPWM2_0/Timer_Cnt_reg[2]/RN                
                                  uDTSDI002Top/uAPB_TimerPWM/uPWM2_0/Timer_Cnt_reg[3]/RN                
                                  uDTSDI002Top/uAPB_TimerPWM/uPWM2_0/Timer_Cnt_reg[4]/RN                
                                  uDTSDI002Top/uAPB_TimerPWM/uPWM2_0/Timer_Cnt_reg[5]/RN                
                                  uDTSDI002Top/uAPB_TimerPWM/uPWM2_0/Timer_Cnt_reg[6]/RN                
                                  uDTSDI002Top/uAPB_TimerPWM/uPWM2_0/Timer_Cnt_reg[7]/RN                
                                  uDTSDI002Top/uAPB_TimerPWM/uPWM2_0/Timer_Cnt_reg[8]/RN                
                                  uDTSDI002Top/uAPB_TimerPWM/uPWM2_0/Timer_Cnt_reg[9]/RN                
                                  uDTSDI002Top/uAPB_TimerPWM/uPWM2_0/Timer_Cnt_reg[10]/RN                
                                  uDTSDI002Top/uAPB_TimerPWM/uPWM2_0/Timer_Cnt_reg[11]/RN                
                                  uDTSDI002Top/uAPB_TimerPWM/uPWM2_0/Timer_Cnt_reg[12]/RN                
                                  uDTSDI002Top/uAPB_TimerPWM/uPWM2_0/Timer_Cnt_reg[13]/RN                
                                  uDTSDI002Top/uAPB_TimerPWM/uPWM2_0/Timer_Cnt_reg[14]/RN                
                                  uDTSDI002Top/uAPB_TimerPWM/uPWM2_0/Timer_Cnt_reg[15]/RN                
                                  uDTSDI002Top/uAPB_TimerPWM/uPWM2_0/Timer_Match_Set_reg/RN                
                                  uDTSDI002Top/uAPB_TimerPWM/uPWM2_0/Timer_Out_reg/RN                
                                  uDTSDI002Top/uAPB_TimerPWM/uPWM2_0/Timers_OverFlow_reg/RN                
------------------------------------------------------------------------------------------------
Autofix      test_point_1464    
                          F-0     uDTSDI002Top/uAPB_TimerPWM/uPWM2_1/FL_CHCLK_reg/RN    
                                                         handler_1479    
                                                                      handler      ARM_RESETi   
                                  uDTSDI002Top/uAPB_TimerPWM/uPWM2_1/OUTCLK_1d_reg/RN                
                                  uDTSDI002Top/uAPB_TimerPWM/uPWM2_1/OUTCLK_2d_reg/RN                
                                  uDTSDI002Top/uAPB_TimerPWM/uPWM2_1/OUTCLK_3d_reg/RN                
                                  uDTSDI002Top/uAPB_TimerPWM/uPWM2_1/OUTCLK_4d_reg/RN                
                                  uDTSDI002Top/uAPB_TimerPWM/uPWM2_1/OUTCLK_reg/RN                
                                  uDTSDI002Top/uAPB_TimerPWM/uPWM2_1/PWM_Out_reg/SN                
                                  uDTSDI002Top/uAPB_TimerPWM/uPWM2_1/TCAP_Reg_1d_reg[3]/RN                
                                  uDTSDI002Top/uAPB_TimerPWM/uPWM2_1/TCAP_Reg_1d_reg[4]/RN                
                                  uDTSDI002Top/uAPB_TimerPWM/uPWM2_1/TCAP_Reg_1d_reg[5]/RN                
                                  uDTSDI002Top/uAPB_TimerPWM/uPWM2_1/TCAP_Reg_reg[3]/RN                
                                  uDTSDI002Top/uAPB_TimerPWM/uPWM2_1/TCAP_Reg_reg[4]/RN                
                                  uDTSDI002Top/uAPB_TimerPWM/uPWM2_1/TCAP_Reg_reg[5]/RN                
                                  uDTSDI002Top/uAPB_TimerPWM/uPWM2_1/TDx_CapEn_reg/RN                
                                  uDTSDI002Top/uAPB_TimerPWM/uPWM2_1/Timer_Cnt_reg[0]/RN                
                                  uDTSDI002Top/uAPB_TimerPWM/uPWM2_1/Timer_Cnt_reg[1]/RN                
                                  uDTSDI002Top/uAPB_TimerPWM/uPWM2_1/Timer_Cnt_reg[2]/RN                
                                  uDTSDI002Top/uAPB_TimerPWM/uPWM2_1/Timer_Cnt_reg[3]/RN                
                                  uDTSDI002Top/uAPB_TimerPWM/uPWM2_1/Timer_Cnt_reg[4]/RN                
                                  uDTSDI002Top/uAPB_TimerPWM/uPWM2_1/Timer_Cnt_reg[5]/RN                
                                  uDTSDI002Top/uAPB_TimerPWM/uPWM2_1/Timer_Cnt_reg[6]/RN                
                                  uDTSDI002Top/uAPB_TimerPWM/uPWM2_1/Timer_Cnt_reg[7]/RN                
                                  uDTSDI002Top/uAPB_TimerPWM/uPWM2_1/Timer_Cnt_reg[8]/RN                
                                  uDTSDI002Top/uAPB_TimerPWM/uPWM2_1/Timer_Cnt_reg[9]/RN                
                                  uDTSDI002Top/uAPB_TimerPWM/uPWM2_1/Timer_Cnt_reg[10]/RN                
                                  uDTSDI002Top/uAPB_TimerPWM/uPWM2_1/Timer_Cnt_reg[11]/RN                
                                  uDTSDI002Top/uAPB_TimerPWM/uPWM2_1/Timer_Cnt_reg[12]/RN                
                                  uDTSDI002Top/uAPB_TimerPWM/uPWM2_1/Timer_Cnt_reg[13]/RN                
                                  uDTSDI002Top/uAPB_TimerPWM/uPWM2_1/Timer_Cnt_reg[14]/RN                
                                  uDTSDI002Top/uAPB_TimerPWM/uPWM2_1/Timer_Cnt_reg[15]/RN                
                                  uDTSDI002Top/uAPB_TimerPWM/uPWM2_1/Timer_Match_Set_reg/RN                
                                  uDTSDI002Top/uAPB_TimerPWM/uPWM2_1/Timer_Out_reg/RN                
                                  uDTSDI002Top/uAPB_TimerPWM/uPWM2_1/Timers_OverFlow_reg/RN                
------------------------------------------------------------------------------------------------
Autofix      test_point_1465    
                          F-0     uDTSDI002Top/uAPB_TimerPWM/uPWM2_2/FL_CHCLK_reg/RN    
                                                         handler_1479    
                                                                      handler      ARM_RESETi   
                                  uDTSDI002Top/uAPB_TimerPWM/uPWM2_2/OUTCLK_1d_reg/RN                
                                  uDTSDI002Top/uAPB_TimerPWM/uPWM2_2/OUTCLK_2d_reg/RN                
                                  uDTSDI002Top/uAPB_TimerPWM/uPWM2_2/OUTCLK_3d_reg/RN                
                                  uDTSDI002Top/uAPB_TimerPWM/uPWM2_2/OUTCLK_4d_reg/RN                
                                  uDTSDI002Top/uAPB_TimerPWM/uPWM2_2/OUTCLK_reg/RN                
                                  uDTSDI002Top/uAPB_TimerPWM/uPWM2_2/PWM_Out_reg/SN                
                                  uDTSDI002Top/uAPB_TimerPWM/uPWM2_2/TCAP_Reg_1d_reg[3]/RN                
                                  uDTSDI002Top/uAPB_TimerPWM/uPWM2_2/TCAP_Reg_1d_reg[4]/RN                
                                  uDTSDI002Top/uAPB_TimerPWM/uPWM2_2/TCAP_Reg_1d_reg[5]/RN                
                                  uDTSDI002Top/uAPB_TimerPWM/uPWM2_2/TCAP_Reg_reg[3]/RN                
                                  uDTSDI002Top/uAPB_TimerPWM/uPWM2_2/TCAP_Reg_reg[4]/RN                
                                  uDTSDI002Top/uAPB_TimerPWM/uPWM2_2/TCAP_Reg_reg[5]/RN                
                                  uDTSDI002Top/uAPB_TimerPWM/uPWM2_2/TDx_CapEn_reg/RN                
                                  uDTSDI002Top/uAPB_TimerPWM/uPWM2_2/Timer_Cnt_reg[0]/RN                
                                  uDTSDI002Top/uAPB_TimerPWM/uPWM2_2/Timer_Cnt_reg[1]/RN                
                                  uDTSDI002Top/uAPB_TimerPWM/uPWM2_2/Timer_Cnt_reg[2]/RN                
                                  uDTSDI002Top/uAPB_TimerPWM/uPWM2_2/Timer_Cnt_reg[3]/RN                
                                  uDTSDI002Top/uAPB_TimerPWM/uPWM2_2/Timer_Cnt_reg[4]/RN                
                                  uDTSDI002Top/uAPB_TimerPWM/uPWM2_2/Timer_Cnt_reg[5]/RN                
                                  uDTSDI002Top/uAPB_TimerPWM/uPWM2_2/Timer_Cnt_reg[6]/RN                
                                  uDTSDI002Top/uAPB_TimerPWM/uPWM2_2/Timer_Cnt_reg[7]/RN                
                                  uDTSDI002Top/uAPB_TimerPWM/uPWM2_2/Timer_Cnt_reg[8]/RN                
                                  uDTSDI002Top/uAPB_TimerPWM/uPWM2_2/Timer_Cnt_reg[9]/RN                
                                  uDTSDI002Top/uAPB_TimerPWM/uPWM2_2/Timer_Cnt_reg[10]/RN                
                                  uDTSDI002Top/uAPB_TimerPWM/uPWM2_2/Timer_Cnt_reg[11]/RN                
                                  uDTSDI002Top/uAPB_TimerPWM/uPWM2_2/Timer_Cnt_reg[12]/RN                
                                  uDTSDI002Top/uAPB_TimerPWM/uPWM2_2/Timer_Cnt_reg[13]/RN                
                                  uDTSDI002Top/uAPB_TimerPWM/uPWM2_2/Timer_Cnt_reg[14]/RN                
                                  uDTSDI002Top/uAPB_TimerPWM/uPWM2_2/Timer_Cnt_reg[15]/RN                
                                  uDTSDI002Top/uAPB_TimerPWM/uPWM2_2/Timer_Match_Set_reg/RN                
                                  uDTSDI002Top/uAPB_TimerPWM/uPWM2_2/Timer_Out_reg/RN                
                                  uDTSDI002Top/uAPB_TimerPWM/uPWM2_2/Timers_OverFlow_reg/RN                
------------------------------------------------------------------------------------------------
Autofix      test_point_1466    
                          F-0     uDTSDI002Top/uAPB_TimerPWM/uPWM2_3/FL_CHCLK_reg/RN    
                                                         handler_1479    
                                                                      handler      ARM_RESETi   
                                  uDTSDI002Top/uAPB_TimerPWM/uPWM2_3/OUTCLK_1d_reg/RN                
                                  uDTSDI002Top/uAPB_TimerPWM/uPWM2_3/OUTCLK_2d_reg/RN                
                                  uDTSDI002Top/uAPB_TimerPWM/uPWM2_3/OUTCLK_3d_reg/RN                
                                  uDTSDI002Top/uAPB_TimerPWM/uPWM2_3/OUTCLK_4d_reg/RN                
                                  uDTSDI002Top/uAPB_TimerPWM/uPWM2_3/OUTCLK_reg/RN                
                                  uDTSDI002Top/uAPB_TimerPWM/uPWM2_3/PWM_Out_reg/SN                
                                  uDTSDI002Top/uAPB_TimerPWM/uPWM2_3/TCAP_Reg_1d_reg[3]/RN                
                                  uDTSDI002Top/uAPB_TimerPWM/uPWM2_3/TCAP_Reg_1d_reg[4]/RN                
                                  uDTSDI002Top/uAPB_TimerPWM/uPWM2_3/TCAP_Reg_1d_reg[5]/RN                
                                  uDTSDI002Top/uAPB_TimerPWM/uPWM2_3/TCAP_Reg_reg[3]/RN                
                                  uDTSDI002Top/uAPB_TimerPWM/uPWM2_3/TCAP_Reg_reg[4]/RN                
                                  uDTSDI002Top/uAPB_TimerPWM/uPWM2_3/TCAP_Reg_reg[5]/RN                
                                  uDTSDI002Top/uAPB_TimerPWM/uPWM2_3/TDx_CapEn_reg/RN                
                                  uDTSDI002Top/uAPB_TimerPWM/uPWM2_3/Timer_Cnt_reg[0]/RN                
                                  uDTSDI002Top/uAPB_TimerPWM/uPWM2_3/Timer_Cnt_reg[1]/RN                
                                  uDTSDI002Top/uAPB_TimerPWM/uPWM2_3/Timer_Cnt_reg[2]/RN                
                                  uDTSDI002Top/uAPB_TimerPWM/uPWM2_3/Timer_Cnt_reg[3]/RN                
                                  uDTSDI002Top/uAPB_TimerPWM/uPWM2_3/Timer_Cnt_reg[4]/RN                
                                  uDTSDI002Top/uAPB_TimerPWM/uPWM2_3/Timer_Cnt_reg[5]/RN                
                                  uDTSDI002Top/uAPB_TimerPWM/uPWM2_3/Timer_Cnt_reg[6]/RN                
                                  uDTSDI002Top/uAPB_TimerPWM/uPWM2_3/Timer_Cnt_reg[7]/RN                
                                  uDTSDI002Top/uAPB_TimerPWM/uPWM2_3/Timer_Cnt_reg[8]/RN                
                                  uDTSDI002Top/uAPB_TimerPWM/uPWM2_3/Timer_Cnt_reg[9]/RN                
                                  uDTSDI002Top/uAPB_TimerPWM/uPWM2_3/Timer_Cnt_reg[10]/RN                
                                  uDTSDI002Top/uAPB_TimerPWM/uPWM2_3/Timer_Cnt_reg[11]/RN                
                                  uDTSDI002Top/uAPB_TimerPWM/uPWM2_3/Timer_Cnt_reg[12]/RN                
                                  uDTSDI002Top/uAPB_TimerPWM/uPWM2_3/Timer_Cnt_reg[13]/RN                
                                  uDTSDI002Top/uAPB_TimerPWM/uPWM2_3/Timer_Cnt_reg[14]/RN                
                                  uDTSDI002Top/uAPB_TimerPWM/uPWM2_3/Timer_Cnt_reg[15]/RN                
                                  uDTSDI002Top/uAPB_TimerPWM/uPWM2_3/Timer_Match_Set_reg/RN                
                                  uDTSDI002Top/uAPB_TimerPWM/uPWM2_3/Timer_Out_reg/RN                
                                  uDTSDI002Top/uAPB_TimerPWM/uPWM2_3/Timers_OverFlow_reg/RN                
------------------------------------------------------------------------------------------------
Autofix      test_point_1467    
                          F-0     uDTSDI002Top/uAPB_TimerPWM/uPWM2_4/FL_CHCLK_reg/RN    
                                                         handler_1479    
                                                                      handler      ARM_RESETi   
                                  uDTSDI002Top/uAPB_TimerPWM/uPWM2_4/OUTCLK_1d_reg/RN                
                                  uDTSDI002Top/uAPB_TimerPWM/uPWM2_4/OUTCLK_2d_reg/RN                
                                  uDTSDI002Top/uAPB_TimerPWM/uPWM2_4/OUTCLK_3d_reg/RN                
                                  uDTSDI002Top/uAPB_TimerPWM/uPWM2_4/OUTCLK_4d_reg/RN                
                                  uDTSDI002Top/uAPB_TimerPWM/uPWM2_4/OUTCLK_reg/RN                
                                  uDTSDI002Top/uAPB_TimerPWM/uPWM2_4/PWM_Out_reg/SN                
                                  uDTSDI002Top/uAPB_TimerPWM/uPWM2_4/TCAP_Reg_1d_reg[3]/RN                
                                  uDTSDI002Top/uAPB_TimerPWM/uPWM2_4/TCAP_Reg_1d_reg[4]/RN                
                                  uDTSDI002Top/uAPB_TimerPWM/uPWM2_4/TCAP_Reg_1d_reg[5]/RN                
                                  uDTSDI002Top/uAPB_TimerPWM/uPWM2_4/TCAP_Reg_reg[3]/RN                
                                  uDTSDI002Top/uAPB_TimerPWM/uPWM2_4/TCAP_Reg_reg[4]/RN                
                                  uDTSDI002Top/uAPB_TimerPWM/uPWM2_4/TCAP_Reg_reg[5]/RN                
                                  uDTSDI002Top/uAPB_TimerPWM/uPWM2_4/TDx_CapEn_reg/RN                
                                  uDTSDI002Top/uAPB_TimerPWM/uPWM2_4/Timer_Cnt_reg[0]/RN                
                                  uDTSDI002Top/uAPB_TimerPWM/uPWM2_4/Timer_Cnt_reg[1]/RN                
                                  uDTSDI002Top/uAPB_TimerPWM/uPWM2_4/Timer_Cnt_reg[2]/RN                
                                  uDTSDI002Top/uAPB_TimerPWM/uPWM2_4/Timer_Cnt_reg[3]/RN                
                                  uDTSDI002Top/uAPB_TimerPWM/uPWM2_4/Timer_Cnt_reg[4]/RN                
                                  uDTSDI002Top/uAPB_TimerPWM/uPWM2_4/Timer_Cnt_reg[5]/RN                
                                  uDTSDI002Top/uAPB_TimerPWM/uPWM2_4/Timer_Cnt_reg[6]/RN                
                                  uDTSDI002Top/uAPB_TimerPWM/uPWM2_4/Timer_Cnt_reg[7]/RN                
                                  uDTSDI002Top/uAPB_TimerPWM/uPWM2_4/Timer_Cnt_reg[8]/RN                
                                  uDTSDI002Top/uAPB_TimerPWM/uPWM2_4/Timer_Cnt_reg[9]/RN                
                                  uDTSDI002Top/uAPB_TimerPWM/uPWM2_4/Timer_Cnt_reg[10]/RN                
                                  uDTSDI002Top/uAPB_TimerPWM/uPWM2_4/Timer_Cnt_reg[11]/RN                
                                  uDTSDI002Top/uAPB_TimerPWM/uPWM2_4/Timer_Cnt_reg[12]/RN                
                                  uDTSDI002Top/uAPB_TimerPWM/uPWM2_4/Timer_Cnt_reg[13]/RN                
                                  uDTSDI002Top/uAPB_TimerPWM/uPWM2_4/Timer_Cnt_reg[14]/RN                
                                  uDTSDI002Top/uAPB_TimerPWM/uPWM2_4/Timer_Cnt_reg[15]/RN                
                                  uDTSDI002Top/uAPB_TimerPWM/uPWM2_4/Timer_Match_Set_reg/RN                
                                  uDTSDI002Top/uAPB_TimerPWM/uPWM2_4/Timer_Out_reg/RN                
                                  uDTSDI002Top/uAPB_TimerPWM/uPWM2_4/Timers_OverFlow_reg/RN                
------------------------------------------------------------------------------------------------
Autofix      test_point_1468    
                          F-0     uDTSDI002Top/uAPB_TimerPWM/uPWM2_5/FL_CHCLK_reg/RN    
                                                         handler_1479    
                                                                      handler      ARM_RESETi   
                                  uDTSDI002Top/uAPB_TimerPWM/uPWM2_5/OUTCLK_1d_reg/RN                
                                  uDTSDI002Top/uAPB_TimerPWM/uPWM2_5/OUTCLK_2d_reg/RN                
                                  uDTSDI002Top/uAPB_TimerPWM/uPWM2_5/OUTCLK_3d_reg/RN                
                                  uDTSDI002Top/uAPB_TimerPWM/uPWM2_5/OUTCLK_4d_reg/RN                
                                  uDTSDI002Top/uAPB_TimerPWM/uPWM2_5/OUTCLK_reg/RN                
                                  uDTSDI002Top/uAPB_TimerPWM/uPWM2_5/PWM_Out_reg/SN                
                                  uDTSDI002Top/uAPB_TimerPWM/uPWM2_5/TCAP_Reg_1d_reg[3]/RN                
                                  uDTSDI002Top/uAPB_TimerPWM/uPWM2_5/TCAP_Reg_1d_reg[4]/RN                
                                  uDTSDI002Top/uAPB_TimerPWM/uPWM2_5/TCAP_Reg_1d_reg[5]/RN                
                                  uDTSDI002Top/uAPB_TimerPWM/uPWM2_5/TCAP_Reg_reg[3]/RN                
                                  uDTSDI002Top/uAPB_TimerPWM/uPWM2_5/TCAP_Reg_reg[4]/RN                
                                  uDTSDI002Top/uAPB_TimerPWM/uPWM2_5/TCAP_Reg_reg[5]/RN                
                                  uDTSDI002Top/uAPB_TimerPWM/uPWM2_5/TDx_CapEn_reg/RN                
                                  uDTSDI002Top/uAPB_TimerPWM/uPWM2_5/Timer_Cnt_reg[0]/RN                
                                  uDTSDI002Top/uAPB_TimerPWM/uPWM2_5/Timer_Cnt_reg[1]/RN                
                                  uDTSDI002Top/uAPB_TimerPWM/uPWM2_5/Timer_Cnt_reg[2]/RN                
                                  uDTSDI002Top/uAPB_TimerPWM/uPWM2_5/Timer_Cnt_reg[3]/RN                
                                  uDTSDI002Top/uAPB_TimerPWM/uPWM2_5/Timer_Cnt_reg[4]/RN                
                                  uDTSDI002Top/uAPB_TimerPWM/uPWM2_5/Timer_Cnt_reg[5]/RN                
                                  uDTSDI002Top/uAPB_TimerPWM/uPWM2_5/Timer_Cnt_reg[6]/RN                
                                  uDTSDI002Top/uAPB_TimerPWM/uPWM2_5/Timer_Cnt_reg[7]/RN                
                                  uDTSDI002Top/uAPB_TimerPWM/uPWM2_5/Timer_Cnt_reg[8]/RN                
                                  uDTSDI002Top/uAPB_TimerPWM/uPWM2_5/Timer_Cnt_reg[9]/RN                
                                  uDTSDI002Top/uAPB_TimerPWM/uPWM2_5/Timer_Cnt_reg[10]/RN                
                                  uDTSDI002Top/uAPB_TimerPWM/uPWM2_5/Timer_Cnt_reg[11]/RN                
                                  uDTSDI002Top/uAPB_TimerPWM/uPWM2_5/Timer_Cnt_reg[12]/RN                
                                  uDTSDI002Top/uAPB_TimerPWM/uPWM2_5/Timer_Cnt_reg[13]/RN                
                                  uDTSDI002Top/uAPB_TimerPWM/uPWM2_5/Timer_Cnt_reg[14]/RN                
                                  uDTSDI002Top/uAPB_TimerPWM/uPWM2_5/Timer_Cnt_reg[15]/RN                
                                  uDTSDI002Top/uAPB_TimerPWM/uPWM2_5/Timer_Match_Set_reg/RN                
                                  uDTSDI002Top/uAPB_TimerPWM/uPWM2_5/Timer_Out_reg/RN                
                                  uDTSDI002Top/uAPB_TimerPWM/uPWM2_5/Timers_OverFlow_reg/RN                
------------------------------------------------------------------------------------------------
Autofix      test_point_1469    
                          F-0     uDTSDI002Top/uAPB_TimerPWM/uPWM2_6/FL_CHCLK_reg/RN    
                                                         handler_1479    
                                                                      handler      ARM_RESETi   
                                  uDTSDI002Top/uAPB_TimerPWM/uPWM2_6/OUTCLK_1d_reg/RN                
                                  uDTSDI002Top/uAPB_TimerPWM/uPWM2_6/OUTCLK_2d_reg/RN                
                                  uDTSDI002Top/uAPB_TimerPWM/uPWM2_6/OUTCLK_3d_reg/RN                
                                  uDTSDI002Top/uAPB_TimerPWM/uPWM2_6/OUTCLK_4d_reg/RN                
                                  uDTSDI002Top/uAPB_TimerPWM/uPWM2_6/OUTCLK_reg/RN                
                                  uDTSDI002Top/uAPB_TimerPWM/uPWM2_6/PWM_Out_reg/SN                
                                  uDTSDI002Top/uAPB_TimerPWM/uPWM2_6/TCAP_Reg_1d_reg[3]/RN                
                                  uDTSDI002Top/uAPB_TimerPWM/uPWM2_6/TCAP_Reg_1d_reg[4]/RN                
                                  uDTSDI002Top/uAPB_TimerPWM/uPWM2_6/TCAP_Reg_1d_reg[5]/RN                
                                  uDTSDI002Top/uAPB_TimerPWM/uPWM2_6/TCAP_Reg_reg[3]/RN                
                                  uDTSDI002Top/uAPB_TimerPWM/uPWM2_6/TCAP_Reg_reg[4]/RN                
                                  uDTSDI002Top/uAPB_TimerPWM/uPWM2_6/TCAP_Reg_reg[5]/RN                
                                  uDTSDI002Top/uAPB_TimerPWM/uPWM2_6/TDx_CapEn_reg/RN                
                                  uDTSDI002Top/uAPB_TimerPWM/uPWM2_6/Timer_Cnt_reg[0]/RN                
                                  uDTSDI002Top/uAPB_TimerPWM/uPWM2_6/Timer_Cnt_reg[1]/RN                
                                  uDTSDI002Top/uAPB_TimerPWM/uPWM2_6/Timer_Cnt_reg[2]/RN                
                                  uDTSDI002Top/uAPB_TimerPWM/uPWM2_6/Timer_Cnt_reg[3]/RN                
                                  uDTSDI002Top/uAPB_TimerPWM/uPWM2_6/Timer_Cnt_reg[4]/RN                
                                  uDTSDI002Top/uAPB_TimerPWM/uPWM2_6/Timer_Cnt_reg[5]/RN                
                                  uDTSDI002Top/uAPB_TimerPWM/uPWM2_6/Timer_Cnt_reg[6]/RN                
                                  uDTSDI002Top/uAPB_TimerPWM/uPWM2_6/Timer_Cnt_reg[7]/RN                
                                  uDTSDI002Top/uAPB_TimerPWM/uPWM2_6/Timer_Cnt_reg[8]/RN                
                                  uDTSDI002Top/uAPB_TimerPWM/uPWM2_6/Timer_Cnt_reg[9]/RN                
                                  uDTSDI002Top/uAPB_TimerPWM/uPWM2_6/Timer_Cnt_reg[10]/RN                
                                  uDTSDI002Top/uAPB_TimerPWM/uPWM2_6/Timer_Cnt_reg[11]/RN                
                                  uDTSDI002Top/uAPB_TimerPWM/uPWM2_6/Timer_Cnt_reg[12]/RN                
                                  uDTSDI002Top/uAPB_TimerPWM/uPWM2_6/Timer_Cnt_reg[13]/RN                
                                  uDTSDI002Top/uAPB_TimerPWM/uPWM2_6/Timer_Cnt_reg[14]/RN                
                                  uDTSDI002Top/uAPB_TimerPWM/uPWM2_6/Timer_Cnt_reg[15]/RN                
                                  uDTSDI002Top/uAPB_TimerPWM/uPWM2_6/Timer_Match_Set_reg/RN                
                                  uDTSDI002Top/uAPB_TimerPWM/uPWM2_6/Timer_Out_reg/RN                
                                  uDTSDI002Top/uAPB_TimerPWM/uPWM2_6/Timers_OverFlow_reg/RN                
------------------------------------------------------------------------------------------------
Autofix      test_point_1470    
                          F-0     uDTSDI002Top/uAPB_TimerPWM/uPWM2_7/FL_CHCLK_reg/RN    
                                                         handler_1479    
                                                                      handler      ARM_RESETi   
                                  uDTSDI002Top/uAPB_TimerPWM/uPWM2_7/OUTCLK_1d_reg/RN                
                                  uDTSDI002Top/uAPB_TimerPWM/uPWM2_7/OUTCLK_2d_reg/RN                
                                  uDTSDI002Top/uAPB_TimerPWM/uPWM2_7/OUTCLK_3d_reg/RN                
                                  uDTSDI002Top/uAPB_TimerPWM/uPWM2_7/OUTCLK_4d_reg/RN                
                                  uDTSDI002Top/uAPB_TimerPWM/uPWM2_7/OUTCLK_reg/RN                
                                  uDTSDI002Top/uAPB_TimerPWM/uPWM2_7/PWM_Out_reg/SN                
                                  uDTSDI002Top/uAPB_TimerPWM/uPWM2_7/TCAP_Reg_1d_reg[3]/RN                
                                  uDTSDI002Top/uAPB_TimerPWM/uPWM2_7/TCAP_Reg_1d_reg[4]/RN                
                                  uDTSDI002Top/uAPB_TimerPWM/uPWM2_7/TCAP_Reg_1d_reg[5]/RN                
                                  uDTSDI002Top/uAPB_TimerPWM/uPWM2_7/TCAP_Reg_reg[3]/RN                
                                  uDTSDI002Top/uAPB_TimerPWM/uPWM2_7/TCAP_Reg_reg[4]/RN                
                                  uDTSDI002Top/uAPB_TimerPWM/uPWM2_7/TCAP_Reg_reg[5]/RN                
                                  uDTSDI002Top/uAPB_TimerPWM/uPWM2_7/TDx_CapEn_reg/RN                
                                  uDTSDI002Top/uAPB_TimerPWM/uPWM2_7/Timer_Cnt_reg[0]/RN                
                                  uDTSDI002Top/uAPB_TimerPWM/uPWM2_7/Timer_Cnt_reg[1]/RN                
                                  uDTSDI002Top/uAPB_TimerPWM/uPWM2_7/Timer_Cnt_reg[2]/RN                
                                  uDTSDI002Top/uAPB_TimerPWM/uPWM2_7/Timer_Cnt_reg[3]/RN                
                                  uDTSDI002Top/uAPB_TimerPWM/uPWM2_7/Timer_Cnt_reg[4]/RN                
                                  uDTSDI002Top/uAPB_TimerPWM/uPWM2_7/Timer_Cnt_reg[5]/RN                
                                  uDTSDI002Top/uAPB_TimerPWM/uPWM2_7/Timer_Cnt_reg[6]/RN                
                                  uDTSDI002Top/uAPB_TimerPWM/uPWM2_7/Timer_Cnt_reg[7]/RN                
                                  uDTSDI002Top/uAPB_TimerPWM/uPWM2_7/Timer_Cnt_reg[8]/RN                
                                  uDTSDI002Top/uAPB_TimerPWM/uPWM2_7/Timer_Cnt_reg[9]/RN                
                                  uDTSDI002Top/uAPB_TimerPWM/uPWM2_7/Timer_Cnt_reg[10]/RN                
                                  uDTSDI002Top/uAPB_TimerPWM/uPWM2_7/Timer_Cnt_reg[11]/RN                
                                  uDTSDI002Top/uAPB_TimerPWM/uPWM2_7/Timer_Cnt_reg[12]/RN                
                                  uDTSDI002Top/uAPB_TimerPWM/uPWM2_7/Timer_Cnt_reg[13]/RN                
                                  uDTSDI002Top/uAPB_TimerPWM/uPWM2_7/Timer_Cnt_reg[14]/RN                
                                  uDTSDI002Top/uAPB_TimerPWM/uPWM2_7/Timer_Cnt_reg[15]/RN                
                                  uDTSDI002Top/uAPB_TimerPWM/uPWM2_7/Timer_Match_Set_reg/RN                
                                  uDTSDI002Top/uAPB_TimerPWM/uPWM2_7/Timer_Out_reg/RN                
                                  uDTSDI002Top/uAPB_TimerPWM/uPWM2_7/Timers_OverFlow_reg/RN                
------------------------------------------------------------------------------------------------
Autofix      test_point_1471    
                          F-0     uDTSDI002Top/uAPB_TimerPWM/uPWM3_0/FL_CHCLK_reg/RN    
                                                         handler_1479    
                                                                      handler      ARM_RESETi   
                                  uDTSDI002Top/uAPB_TimerPWM/uPWM3_0/OUTCLK_1d_reg/RN                
                                  uDTSDI002Top/uAPB_TimerPWM/uPWM3_0/OUTCLK_2d_reg/RN                
                                  uDTSDI002Top/uAPB_TimerPWM/uPWM3_0/OUTCLK_3d_reg/RN                
                                  uDTSDI002Top/uAPB_TimerPWM/uPWM3_0/OUTCLK_4d_reg/RN                
                                  uDTSDI002Top/uAPB_TimerPWM/uPWM3_0/OUTCLK_reg/RN                
                                  uDTSDI002Top/uAPB_TimerPWM/uPWM3_0/PWM_Out_reg/SN                
                                  uDTSDI002Top/uAPB_TimerPWM/uPWM3_0/TCAP_Reg_1d_reg[3]/RN                
                                  uDTSDI002Top/uAPB_TimerPWM/uPWM3_0/TCAP_Reg_1d_reg[4]/RN                
                                  uDTSDI002Top/uAPB_TimerPWM/uPWM3_0/TCAP_Reg_1d_reg[5]/RN                
                                  uDTSDI002Top/uAPB_TimerPWM/uPWM3_0/TCAP_Reg_reg[3]/RN                
                                  uDTSDI002Top/uAPB_TimerPWM/uPWM3_0/TCAP_Reg_reg[4]/RN                
                                  uDTSDI002Top/uAPB_TimerPWM/uPWM3_0/TCAP_Reg_reg[5]/RN                
                                  uDTSDI002Top/uAPB_TimerPWM/uPWM3_0/TDx_CapEn_reg/RN                
                                  uDTSDI002Top/uAPB_TimerPWM/uPWM3_0/Timer_Cnt_reg[0]/RN                
                                  uDTSDI002Top/uAPB_TimerPWM/uPWM3_0/Timer_Cnt_reg[1]/RN                
                                  uDTSDI002Top/uAPB_TimerPWM/uPWM3_0/Timer_Cnt_reg[2]/RN                
                                  uDTSDI002Top/uAPB_TimerPWM/uPWM3_0/Timer_Cnt_reg[3]/RN                
                                  uDTSDI002Top/uAPB_TimerPWM/uPWM3_0/Timer_Cnt_reg[4]/RN                
                                  uDTSDI002Top/uAPB_TimerPWM/uPWM3_0/Timer_Cnt_reg[5]/RN                
                                  uDTSDI002Top/uAPB_TimerPWM/uPWM3_0/Timer_Cnt_reg[6]/RN                
                                  uDTSDI002Top/uAPB_TimerPWM/uPWM3_0/Timer_Cnt_reg[7]/RN                
                                  uDTSDI002Top/uAPB_TimerPWM/uPWM3_0/Timer_Cnt_reg[8]/RN                
                                  uDTSDI002Top/uAPB_TimerPWM/uPWM3_0/Timer_Cnt_reg[9]/RN                
                                  uDTSDI002Top/uAPB_TimerPWM/uPWM3_0/Timer_Cnt_reg[10]/RN                
                                  uDTSDI002Top/uAPB_TimerPWM/uPWM3_0/Timer_Cnt_reg[11]/RN                
                                  uDTSDI002Top/uAPB_TimerPWM/uPWM3_0/Timer_Cnt_reg[12]/RN                
                                  uDTSDI002Top/uAPB_TimerPWM/uPWM3_0/Timer_Cnt_reg[13]/RN                
                                  uDTSDI002Top/uAPB_TimerPWM/uPWM3_0/Timer_Cnt_reg[14]/RN                
                                  uDTSDI002Top/uAPB_TimerPWM/uPWM3_0/Timer_Cnt_reg[15]/RN                
                                  uDTSDI002Top/uAPB_TimerPWM/uPWM3_0/Timer_Match_Set_reg/RN                
                                  uDTSDI002Top/uAPB_TimerPWM/uPWM3_0/Timer_Out_reg/RN                
                                  uDTSDI002Top/uAPB_TimerPWM/uPWM3_0/Timers_OverFlow_reg/RN                
------------------------------------------------------------------------------------------------
Autofix      test_point_1472    
                          F-0     uDTSDI002Top/uAPB_TimerPWM/uPWM3_1/FL_CHCLK_reg/RN    
                                                         handler_1479    
                                                                      handler      ARM_RESETi   
                                  uDTSDI002Top/uAPB_TimerPWM/uPWM3_1/OUTCLK_1d_reg/RN                
                                  uDTSDI002Top/uAPB_TimerPWM/uPWM3_1/OUTCLK_2d_reg/RN                
                                  uDTSDI002Top/uAPB_TimerPWM/uPWM3_1/OUTCLK_3d_reg/RN                
                                  uDTSDI002Top/uAPB_TimerPWM/uPWM3_1/OUTCLK_4d_reg/RN                
                                  uDTSDI002Top/uAPB_TimerPWM/uPWM3_1/OUTCLK_reg/RN                
                                  uDTSDI002Top/uAPB_TimerPWM/uPWM3_1/PWM_Out_reg/SN                
                                  uDTSDI002Top/uAPB_TimerPWM/uPWM3_1/TCAP_Reg_1d_reg[3]/RN                
                                  uDTSDI002Top/uAPB_TimerPWM/uPWM3_1/TCAP_Reg_1d_reg[4]/RN                
                                  uDTSDI002Top/uAPB_TimerPWM/uPWM3_1/TCAP_Reg_1d_reg[5]/RN                
                                  uDTSDI002Top/uAPB_TimerPWM/uPWM3_1/TCAP_Reg_reg[3]/RN                
                                  uDTSDI002Top/uAPB_TimerPWM/uPWM3_1/TCAP_Reg_reg[4]/RN                
                                  uDTSDI002Top/uAPB_TimerPWM/uPWM3_1/TCAP_Reg_reg[5]/RN                
                                  uDTSDI002Top/uAPB_TimerPWM/uPWM3_1/TDx_CapEn_reg/RN                
                                  uDTSDI002Top/uAPB_TimerPWM/uPWM3_1/Timer_Cnt_reg[0]/RN                
                                  uDTSDI002Top/uAPB_TimerPWM/uPWM3_1/Timer_Cnt_reg[1]/RN                
                                  uDTSDI002Top/uAPB_TimerPWM/uPWM3_1/Timer_Cnt_reg[2]/RN                
                                  uDTSDI002Top/uAPB_TimerPWM/uPWM3_1/Timer_Cnt_reg[3]/RN                
                                  uDTSDI002Top/uAPB_TimerPWM/uPWM3_1/Timer_Cnt_reg[4]/RN                
                                  uDTSDI002Top/uAPB_TimerPWM/uPWM3_1/Timer_Cnt_reg[5]/RN                
                                  uDTSDI002Top/uAPB_TimerPWM/uPWM3_1/Timer_Cnt_reg[6]/RN                
                                  uDTSDI002Top/uAPB_TimerPWM/uPWM3_1/Timer_Cnt_reg[7]/RN                
                                  uDTSDI002Top/uAPB_TimerPWM/uPWM3_1/Timer_Cnt_reg[8]/RN                
                                  uDTSDI002Top/uAPB_TimerPWM/uPWM3_1/Timer_Cnt_reg[9]/RN                
                                  uDTSDI002Top/uAPB_TimerPWM/uPWM3_1/Timer_Cnt_reg[10]/RN                
                                  uDTSDI002Top/uAPB_TimerPWM/uPWM3_1/Timer_Cnt_reg[11]/RN                
                                  uDTSDI002Top/uAPB_TimerPWM/uPWM3_1/Timer_Cnt_reg[12]/RN                
                                  uDTSDI002Top/uAPB_TimerPWM/uPWM3_1/Timer_Cnt_reg[13]/RN                
                                  uDTSDI002Top/uAPB_TimerPWM/uPWM3_1/Timer_Cnt_reg[14]/RN                
                                  uDTSDI002Top/uAPB_TimerPWM/uPWM3_1/Timer_Cnt_reg[15]/RN                
                                  uDTSDI002Top/uAPB_TimerPWM/uPWM3_1/Timer_Match_Set_reg/RN                
                                  uDTSDI002Top/uAPB_TimerPWM/uPWM3_1/Timer_Out_reg/RN                
                                  uDTSDI002Top/uAPB_TimerPWM/uPWM3_1/Timers_OverFlow_reg/RN                
------------------------------------------------------------------------------------------------
Autofix      test_point_1473    
                          F-0     uDTSDI002Top/uAPB_TimerPWM/uPWM3_2/FL_CHCLK_reg/RN    
                                                         handler_1479    
                                                                      handler      ARM_RESETi   
                                  uDTSDI002Top/uAPB_TimerPWM/uPWM3_2/OUTCLK_1d_reg/RN                
                                  uDTSDI002Top/uAPB_TimerPWM/uPWM3_2/OUTCLK_2d_reg/RN                
                                  uDTSDI002Top/uAPB_TimerPWM/uPWM3_2/OUTCLK_3d_reg/RN                
                                  uDTSDI002Top/uAPB_TimerPWM/uPWM3_2/OUTCLK_4d_reg/RN                
                                  uDTSDI002Top/uAPB_TimerPWM/uPWM3_2/OUTCLK_reg/RN                
                                  uDTSDI002Top/uAPB_TimerPWM/uPWM3_2/PWM_Out_reg/SN                
                                  uDTSDI002Top/uAPB_TimerPWM/uPWM3_2/TCAP_Reg_1d_reg[3]/RN                
                                  uDTSDI002Top/uAPB_TimerPWM/uPWM3_2/TCAP_Reg_1d_reg[4]/RN                
                                  uDTSDI002Top/uAPB_TimerPWM/uPWM3_2/TCAP_Reg_1d_reg[5]/RN                
                                  uDTSDI002Top/uAPB_TimerPWM/uPWM3_2/TCAP_Reg_reg[3]/RN                
                                  uDTSDI002Top/uAPB_TimerPWM/uPWM3_2/TCAP_Reg_reg[4]/RN                
                                  uDTSDI002Top/uAPB_TimerPWM/uPWM3_2/TCAP_Reg_reg[5]/RN                
                                  uDTSDI002Top/uAPB_TimerPWM/uPWM3_2/TDx_CapEn_reg/RN                
                                  uDTSDI002Top/uAPB_TimerPWM/uPWM3_2/Timer_Cnt_reg[0]/RN                
                                  uDTSDI002Top/uAPB_TimerPWM/uPWM3_2/Timer_Cnt_reg[1]/RN                
                                  uDTSDI002Top/uAPB_TimerPWM/uPWM3_2/Timer_Cnt_reg[2]/RN                
                                  uDTSDI002Top/uAPB_TimerPWM/uPWM3_2/Timer_Cnt_reg[3]/RN                
                                  uDTSDI002Top/uAPB_TimerPWM/uPWM3_2/Timer_Cnt_reg[4]/RN                
                                  uDTSDI002Top/uAPB_TimerPWM/uPWM3_2/Timer_Cnt_reg[5]/RN                
                                  uDTSDI002Top/uAPB_TimerPWM/uPWM3_2/Timer_Cnt_reg[6]/RN                
                                  uDTSDI002Top/uAPB_TimerPWM/uPWM3_2/Timer_Cnt_reg[7]/RN                
                                  uDTSDI002Top/uAPB_TimerPWM/uPWM3_2/Timer_Cnt_reg[8]/RN                
                                  uDTSDI002Top/uAPB_TimerPWM/uPWM3_2/Timer_Cnt_reg[9]/RN                
                                  uDTSDI002Top/uAPB_TimerPWM/uPWM3_2/Timer_Cnt_reg[10]/RN                
                                  uDTSDI002Top/uAPB_TimerPWM/uPWM3_2/Timer_Cnt_reg[11]/RN                
                                  uDTSDI002Top/uAPB_TimerPWM/uPWM3_2/Timer_Cnt_reg[12]/RN                
                                  uDTSDI002Top/uAPB_TimerPWM/uPWM3_2/Timer_Cnt_reg[13]/RN                
                                  uDTSDI002Top/uAPB_TimerPWM/uPWM3_2/Timer_Cnt_reg[14]/RN                
                                  uDTSDI002Top/uAPB_TimerPWM/uPWM3_2/Timer_Cnt_reg[15]/RN                
                                  uDTSDI002Top/uAPB_TimerPWM/uPWM3_2/Timer_Match_Set_reg/RN                
                                  uDTSDI002Top/uAPB_TimerPWM/uPWM3_2/Timer_Out_reg/RN                
                                  uDTSDI002Top/uAPB_TimerPWM/uPWM3_2/Timers_OverFlow_reg/RN                
------------------------------------------------------------------------------------------------
Autofix      test_point_1474    
                          F-0     uDTSDI002Top/uAPB_TimerPWM/uPWM3_3/FL_CHCLK_reg/RN    
                                                         handler_1479    
                                                                      handler      ARM_RESETi   
                                  uDTSDI002Top/uAPB_TimerPWM/uPWM3_3/OUTCLK_1d_reg/RN                
                                  uDTSDI002Top/uAPB_TimerPWM/uPWM3_3/OUTCLK_2d_reg/RN                
                                  uDTSDI002Top/uAPB_TimerPWM/uPWM3_3/OUTCLK_3d_reg/RN                
                                  uDTSDI002Top/uAPB_TimerPWM/uPWM3_3/OUTCLK_4d_reg/RN                
                                  uDTSDI002Top/uAPB_TimerPWM/uPWM3_3/OUTCLK_reg/RN                
                                  uDTSDI002Top/uAPB_TimerPWM/uPWM3_3/PWM_Out_reg/SN                
                                  uDTSDI002Top/uAPB_TimerPWM/uPWM3_3/TCAP_Reg_1d_reg[3]/RN                
                                  uDTSDI002Top/uAPB_TimerPWM/uPWM3_3/TCAP_Reg_1d_reg[4]/RN                
                                  uDTSDI002Top/uAPB_TimerPWM/uPWM3_3/TCAP_Reg_1d_reg[5]/RN                
                                  uDTSDI002Top/uAPB_TimerPWM/uPWM3_3/TCAP_Reg_reg[3]/RN                
                                  uDTSDI002Top/uAPB_TimerPWM/uPWM3_3/TCAP_Reg_reg[4]/RN                
                                  uDTSDI002Top/uAPB_TimerPWM/uPWM3_3/TCAP_Reg_reg[5]/RN                
                                  uDTSDI002Top/uAPB_TimerPWM/uPWM3_3/TDx_CapEn_reg/RN                
                                  uDTSDI002Top/uAPB_TimerPWM/uPWM3_3/Timer_Cnt_reg[0]/RN                
                                  uDTSDI002Top/uAPB_TimerPWM/uPWM3_3/Timer_Cnt_reg[1]/RN                
                                  uDTSDI002Top/uAPB_TimerPWM/uPWM3_3/Timer_Cnt_reg[2]/RN                
                                  uDTSDI002Top/uAPB_TimerPWM/uPWM3_3/Timer_Cnt_reg[3]/RN                
                                  uDTSDI002Top/uAPB_TimerPWM/uPWM3_3/Timer_Cnt_reg[4]/RN                
                                  uDTSDI002Top/uAPB_TimerPWM/uPWM3_3/Timer_Cnt_reg[5]/RN                
                                  uDTSDI002Top/uAPB_TimerPWM/uPWM3_3/Timer_Cnt_reg[6]/RN                
                                  uDTSDI002Top/uAPB_TimerPWM/uPWM3_3/Timer_Cnt_reg[7]/RN                
                                  uDTSDI002Top/uAPB_TimerPWM/uPWM3_3/Timer_Cnt_reg[8]/RN                
                                  uDTSDI002Top/uAPB_TimerPWM/uPWM3_3/Timer_Cnt_reg[9]/RN                
                                  uDTSDI002Top/uAPB_TimerPWM/uPWM3_3/Timer_Cnt_reg[10]/RN                
                                  uDTSDI002Top/uAPB_TimerPWM/uPWM3_3/Timer_Cnt_reg[11]/RN                
                                  uDTSDI002Top/uAPB_TimerPWM/uPWM3_3/Timer_Cnt_reg[12]/RN                
                                  uDTSDI002Top/uAPB_TimerPWM/uPWM3_3/Timer_Cnt_reg[13]/RN                
                                  uDTSDI002Top/uAPB_TimerPWM/uPWM3_3/Timer_Cnt_reg[14]/RN                
                                  uDTSDI002Top/uAPB_TimerPWM/uPWM3_3/Timer_Cnt_reg[15]/RN                
                                  uDTSDI002Top/uAPB_TimerPWM/uPWM3_3/Timer_Match_Set_reg/RN                
                                  uDTSDI002Top/uAPB_TimerPWM/uPWM3_3/Timer_Out_reg/RN                
                                  uDTSDI002Top/uAPB_TimerPWM/uPWM3_3/Timers_OverFlow_reg/RN                
------------------------------------------------------------------------------------------------
Autofix      test_point_1475    
                          F-0     uDTSDI002Top/uAPB_TimerPWM/uPWM3_4/FL_CHCLK_reg/RN    
                                                         handler_1479    
                                                                      handler      ARM_RESETi   
                                  uDTSDI002Top/uAPB_TimerPWM/uPWM3_4/OUTCLK_1d_reg/RN                
                                  uDTSDI002Top/uAPB_TimerPWM/uPWM3_4/OUTCLK_2d_reg/RN                
                                  uDTSDI002Top/uAPB_TimerPWM/uPWM3_4/OUTCLK_3d_reg/RN                
                                  uDTSDI002Top/uAPB_TimerPWM/uPWM3_4/OUTCLK_4d_reg/RN                
                                  uDTSDI002Top/uAPB_TimerPWM/uPWM3_4/OUTCLK_reg/RN                
                                  uDTSDI002Top/uAPB_TimerPWM/uPWM3_4/PWM_Out_reg/SN                
                                  uDTSDI002Top/uAPB_TimerPWM/uPWM3_4/TCAP_Reg_1d_reg[3]/RN                
                                  uDTSDI002Top/uAPB_TimerPWM/uPWM3_4/TCAP_Reg_1d_reg[4]/RN                
                                  uDTSDI002Top/uAPB_TimerPWM/uPWM3_4/TCAP_Reg_1d_reg[5]/RN                
                                  uDTSDI002Top/uAPB_TimerPWM/uPWM3_4/TCAP_Reg_reg[3]/RN                
                                  uDTSDI002Top/uAPB_TimerPWM/uPWM3_4/TCAP_Reg_reg[4]/RN                
                                  uDTSDI002Top/uAPB_TimerPWM/uPWM3_4/TCAP_Reg_reg[5]/RN                
                                  uDTSDI002Top/uAPB_TimerPWM/uPWM3_4/TDx_CapEn_reg/RN                
                                  uDTSDI002Top/uAPB_TimerPWM/uPWM3_4/Timer_Cnt_reg[0]/RN                
                                  uDTSDI002Top/uAPB_TimerPWM/uPWM3_4/Timer_Cnt_reg[1]/RN                
                                  uDTSDI002Top/uAPB_TimerPWM/uPWM3_4/Timer_Cnt_reg[2]/RN                
                                  uDTSDI002Top/uAPB_TimerPWM/uPWM3_4/Timer_Cnt_reg[3]/RN                
                                  uDTSDI002Top/uAPB_TimerPWM/uPWM3_4/Timer_Cnt_reg[4]/RN                
                                  uDTSDI002Top/uAPB_TimerPWM/uPWM3_4/Timer_Cnt_reg[5]/RN                
                                  uDTSDI002Top/uAPB_TimerPWM/uPWM3_4/Timer_Cnt_reg[6]/RN                
                                  uDTSDI002Top/uAPB_TimerPWM/uPWM3_4/Timer_Cnt_reg[7]/RN                
                                  uDTSDI002Top/uAPB_TimerPWM/uPWM3_4/Timer_Cnt_reg[8]/RN                
                                  uDTSDI002Top/uAPB_TimerPWM/uPWM3_4/Timer_Cnt_reg[9]/RN                
                                  uDTSDI002Top/uAPB_TimerPWM/uPWM3_4/Timer_Cnt_reg[10]/RN                
                                  uDTSDI002Top/uAPB_TimerPWM/uPWM3_4/Timer_Cnt_reg[11]/RN                
                                  uDTSDI002Top/uAPB_TimerPWM/uPWM3_4/Timer_Cnt_reg[12]/RN                
                                  uDTSDI002Top/uAPB_TimerPWM/uPWM3_4/Timer_Cnt_reg[13]/RN                
                                  uDTSDI002Top/uAPB_TimerPWM/uPWM3_4/Timer_Cnt_reg[14]/RN                
                                  uDTSDI002Top/uAPB_TimerPWM/uPWM3_4/Timer_Cnt_reg[15]/RN                
                                  uDTSDI002Top/uAPB_TimerPWM/uPWM3_4/Timer_Match_Set_reg/RN                
                                  uDTSDI002Top/uAPB_TimerPWM/uPWM3_4/Timer_Out_reg/RN                
                                  uDTSDI002Top/uAPB_TimerPWM/uPWM3_4/Timers_OverFlow_reg/RN                
------------------------------------------------------------------------------------------------
Autofix      test_point_1476    
                          F-0     uDTSDI002Top/uAPB_TimerPWM/uPWM3_5/FL_CHCLK_reg/RN    
                                                         handler_1479    
                                                                      handler      ARM_RESETi   
                                  uDTSDI002Top/uAPB_TimerPWM/uPWM3_5/OUTCLK_1d_reg/RN                
                                  uDTSDI002Top/uAPB_TimerPWM/uPWM3_5/OUTCLK_2d_reg/RN                
                                  uDTSDI002Top/uAPB_TimerPWM/uPWM3_5/OUTCLK_3d_reg/RN                
                                  uDTSDI002Top/uAPB_TimerPWM/uPWM3_5/OUTCLK_4d_reg/RN                
                                  uDTSDI002Top/uAPB_TimerPWM/uPWM3_5/OUTCLK_reg/RN                
                                  uDTSDI002Top/uAPB_TimerPWM/uPWM3_5/PWM_Out_reg/SN                
                                  uDTSDI002Top/uAPB_TimerPWM/uPWM3_5/TCAP_Reg_1d_reg[3]/RN                
                                  uDTSDI002Top/uAPB_TimerPWM/uPWM3_5/TCAP_Reg_1d_reg[4]/RN                
                                  uDTSDI002Top/uAPB_TimerPWM/uPWM3_5/TCAP_Reg_1d_reg[5]/RN                
                                  uDTSDI002Top/uAPB_TimerPWM/uPWM3_5/TCAP_Reg_reg[3]/RN                
                                  uDTSDI002Top/uAPB_TimerPWM/uPWM3_5/TCAP_Reg_reg[4]/RN                
                                  uDTSDI002Top/uAPB_TimerPWM/uPWM3_5/TCAP_Reg_reg[5]/RN                
                                  uDTSDI002Top/uAPB_TimerPWM/uPWM3_5/TDx_CapEn_reg/RN                
                                  uDTSDI002Top/uAPB_TimerPWM/uPWM3_5/Timer_Cnt_reg[0]/RN                
                                  uDTSDI002Top/uAPB_TimerPWM/uPWM3_5/Timer_Cnt_reg[1]/RN                
                                  uDTSDI002Top/uAPB_TimerPWM/uPWM3_5/Timer_Cnt_reg[2]/RN                
                                  uDTSDI002Top/uAPB_TimerPWM/uPWM3_5/Timer_Cnt_reg[3]/RN                
                                  uDTSDI002Top/uAPB_TimerPWM/uPWM3_5/Timer_Cnt_reg[4]/RN                
                                  uDTSDI002Top/uAPB_TimerPWM/uPWM3_5/Timer_Cnt_reg[5]/RN                
                                  uDTSDI002Top/uAPB_TimerPWM/uPWM3_5/Timer_Cnt_reg[6]/RN                
                                  uDTSDI002Top/uAPB_TimerPWM/uPWM3_5/Timer_Cnt_reg[7]/RN                
                                  uDTSDI002Top/uAPB_TimerPWM/uPWM3_5/Timer_Cnt_reg[8]/RN                
                                  uDTSDI002Top/uAPB_TimerPWM/uPWM3_5/Timer_Cnt_reg[9]/RN                
                                  uDTSDI002Top/uAPB_TimerPWM/uPWM3_5/Timer_Cnt_reg[10]/RN                
                                  uDTSDI002Top/uAPB_TimerPWM/uPWM3_5/Timer_Cnt_reg[11]/RN                
                                  uDTSDI002Top/uAPB_TimerPWM/uPWM3_5/Timer_Cnt_reg[12]/RN                
                                  uDTSDI002Top/uAPB_TimerPWM/uPWM3_5/Timer_Cnt_reg[13]/RN                
                                  uDTSDI002Top/uAPB_TimerPWM/uPWM3_5/Timer_Cnt_reg[14]/RN                
                                  uDTSDI002Top/uAPB_TimerPWM/uPWM3_5/Timer_Cnt_reg[15]/RN                
                                  uDTSDI002Top/uAPB_TimerPWM/uPWM3_5/Timer_Match_Set_reg/RN                
                                  uDTSDI002Top/uAPB_TimerPWM/uPWM3_5/Timer_Out_reg/RN                
                                  uDTSDI002Top/uAPB_TimerPWM/uPWM3_5/Timers_OverFlow_reg/RN                
------------------------------------------------------------------------------------------------
Autofix      test_point_1477    
                          F-0     uDTSDI002Top/uAPB_TimerPWM/uPWM3_6/FL_CHCLK_reg/RN    
                                                         handler_1479    
                                                                      handler      ARM_RESETi   
                                  uDTSDI002Top/uAPB_TimerPWM/uPWM3_6/OUTCLK_1d_reg/RN                
                                  uDTSDI002Top/uAPB_TimerPWM/uPWM3_6/OUTCLK_2d_reg/RN                
                                  uDTSDI002Top/uAPB_TimerPWM/uPWM3_6/OUTCLK_3d_reg/RN                
                                  uDTSDI002Top/uAPB_TimerPWM/uPWM3_6/OUTCLK_4d_reg/RN                
                                  uDTSDI002Top/uAPB_TimerPWM/uPWM3_6/OUTCLK_reg/RN                
                                  uDTSDI002Top/uAPB_TimerPWM/uPWM3_6/PWM_Out_reg/SN                
                                  uDTSDI002Top/uAPB_TimerPWM/uPWM3_6/TCAP_Reg_1d_reg[3]/RN                
                                  uDTSDI002Top/uAPB_TimerPWM/uPWM3_6/TCAP_Reg_1d_reg[4]/RN                
                                  uDTSDI002Top/uAPB_TimerPWM/uPWM3_6/TCAP_Reg_1d_reg[5]/RN                
                                  uDTSDI002Top/uAPB_TimerPWM/uPWM3_6/TCAP_Reg_reg[3]/RN                
                                  uDTSDI002Top/uAPB_TimerPWM/uPWM3_6/TCAP_Reg_reg[4]/RN                
                                  uDTSDI002Top/uAPB_TimerPWM/uPWM3_6/TCAP_Reg_reg[5]/RN                
                                  uDTSDI002Top/uAPB_TimerPWM/uPWM3_6/TDx_CapEn_reg/RN                
                                  uDTSDI002Top/uAPB_TimerPWM/uPWM3_6/Timer_Cnt_reg[0]/RN                
                                  uDTSDI002Top/uAPB_TimerPWM/uPWM3_6/Timer_Cnt_reg[1]/RN                
                                  uDTSDI002Top/uAPB_TimerPWM/uPWM3_6/Timer_Cnt_reg[2]/RN                
                                  uDTSDI002Top/uAPB_TimerPWM/uPWM3_6/Timer_Cnt_reg[3]/RN                
                                  uDTSDI002Top/uAPB_TimerPWM/uPWM3_6/Timer_Cnt_reg[4]/RN                
                                  uDTSDI002Top/uAPB_TimerPWM/uPWM3_6/Timer_Cnt_reg[5]/RN                
                                  uDTSDI002Top/uAPB_TimerPWM/uPWM3_6/Timer_Cnt_reg[6]/RN                
                                  uDTSDI002Top/uAPB_TimerPWM/uPWM3_6/Timer_Cnt_reg[7]/RN                
                                  uDTSDI002Top/uAPB_TimerPWM/uPWM3_6/Timer_Cnt_reg[8]/RN                
                                  uDTSDI002Top/uAPB_TimerPWM/uPWM3_6/Timer_Cnt_reg[9]/RN                
                                  uDTSDI002Top/uAPB_TimerPWM/uPWM3_6/Timer_Cnt_reg[10]/RN                
                                  uDTSDI002Top/uAPB_TimerPWM/uPWM3_6/Timer_Cnt_reg[11]/RN                
                                  uDTSDI002Top/uAPB_TimerPWM/uPWM3_6/Timer_Cnt_reg[12]/RN                
                                  uDTSDI002Top/uAPB_TimerPWM/uPWM3_6/Timer_Cnt_reg[13]/RN                
                                  uDTSDI002Top/uAPB_TimerPWM/uPWM3_6/Timer_Cnt_reg[14]/RN                
                                  uDTSDI002Top/uAPB_TimerPWM/uPWM3_6/Timer_Cnt_reg[15]/RN                
                                  uDTSDI002Top/uAPB_TimerPWM/uPWM3_6/Timer_Match_Set_reg/RN                
                                  uDTSDI002Top/uAPB_TimerPWM/uPWM3_6/Timer_Out_reg/RN                
                                  uDTSDI002Top/uAPB_TimerPWM/uPWM3_6/Timers_OverFlow_reg/RN                
------------------------------------------------------------------------------------------------
Autofix      test_point_1478    
                          F-0     uDTSDI002Top/uAPB_TimerPWM/uPWM3_7/FL_CHCLK_reg/RN    
                                                         handler_1479    
                                                                      handler      ARM_RESETi   
                                  uDTSDI002Top/uAPB_TimerPWM/uPWM3_7/OUTCLK_1d_reg/RN                
                                  uDTSDI002Top/uAPB_TimerPWM/uPWM3_7/OUTCLK_2d_reg/RN                
                                  uDTSDI002Top/uAPB_TimerPWM/uPWM3_7/OUTCLK_3d_reg/RN                
                                  uDTSDI002Top/uAPB_TimerPWM/uPWM3_7/OUTCLK_4d_reg/RN                
                                  uDTSDI002Top/uAPB_TimerPWM/uPWM3_7/OUTCLK_reg/RN                
                                  uDTSDI002Top/uAPB_TimerPWM/uPWM3_7/PWM_Out_reg/SN                
                                  uDTSDI002Top/uAPB_TimerPWM/uPWM3_7/TCAP_Reg_1d_reg[3]/RN                
                                  uDTSDI002Top/uAPB_TimerPWM/uPWM3_7/TCAP_Reg_1d_reg[4]/RN                
                                  uDTSDI002Top/uAPB_TimerPWM/uPWM3_7/TCAP_Reg_1d_reg[5]/RN                
                                  uDTSDI002Top/uAPB_TimerPWM/uPWM3_7/TCAP_Reg_reg[3]/RN                
                                  uDTSDI002Top/uAPB_TimerPWM/uPWM3_7/TCAP_Reg_reg[4]/RN                
                                  uDTSDI002Top/uAPB_TimerPWM/uPWM3_7/TCAP_Reg_reg[5]/RN                
                                  uDTSDI002Top/uAPB_TimerPWM/uPWM3_7/TDx_CapEn_reg/RN                
                                  uDTSDI002Top/uAPB_TimerPWM/uPWM3_7/Timer_Cnt_reg[0]/RN                
                                  uDTSDI002Top/uAPB_TimerPWM/uPWM3_7/Timer_Cnt_reg[1]/RN                
                                  uDTSDI002Top/uAPB_TimerPWM/uPWM3_7/Timer_Cnt_reg[2]/RN                
                                  uDTSDI002Top/uAPB_TimerPWM/uPWM3_7/Timer_Cnt_reg[3]/RN                
                                  uDTSDI002Top/uAPB_TimerPWM/uPWM3_7/Timer_Cnt_reg[4]/RN                
                                  uDTSDI002Top/uAPB_TimerPWM/uPWM3_7/Timer_Cnt_reg[5]/RN                
                                  uDTSDI002Top/uAPB_TimerPWM/uPWM3_7/Timer_Cnt_reg[6]/RN                
                                  uDTSDI002Top/uAPB_TimerPWM/uPWM3_7/Timer_Cnt_reg[7]/RN                
                                  uDTSDI002Top/uAPB_TimerPWM/uPWM3_7/Timer_Cnt_reg[8]/RN                
                                  uDTSDI002Top/uAPB_TimerPWM/uPWM3_7/Timer_Cnt_reg[9]/RN                
                                  uDTSDI002Top/uAPB_TimerPWM/uPWM3_7/Timer_Cnt_reg[10]/RN                
                                  uDTSDI002Top/uAPB_TimerPWM/uPWM3_7/Timer_Cnt_reg[11]/RN                
                                  uDTSDI002Top/uAPB_TimerPWM/uPWM3_7/Timer_Cnt_reg[12]/RN                
                                  uDTSDI002Top/uAPB_TimerPWM/uPWM3_7/Timer_Cnt_reg[13]/RN                
                                  uDTSDI002Top/uAPB_TimerPWM/uPWM3_7/Timer_Cnt_reg[14]/RN                
                                  uDTSDI002Top/uAPB_TimerPWM/uPWM3_7/Timer_Cnt_reg[15]/RN                
                                  uDTSDI002Top/uAPB_TimerPWM/uPWM3_7/Timer_Match_Set_reg/RN                
                                  uDTSDI002Top/uAPB_TimerPWM/uPWM3_7/Timer_Out_reg/RN                
                                  uDTSDI002Top/uAPB_TimerPWM/uPWM3_7/Timers_OverFlow_reg/RN                
------------------------------------------------------------------------------------------------


                                   TEST MODES                                   
--------------------------------------------------------------------------------
TAG          NEW/         TYPE              NAME              CLOCK             
             EXISTING                                                           
--------------------------------------------------------------------------------
handler_1479    
             Existing     Port              TEST_MODE         none              
--------------------------------------------------------------------------------


                               TEST POINT ENABLES                               
--------------------------------------------------------------------------------
TAG          NEW/         TYPE              NAME              CLOCK             
             EXISTING                                                           
--------------------------------------------------------------------------------
handler      unknown      Logic 1           unknown           none              
--------------------------------------------------------------------------------


                                  DATA SOURCES                                  
--------------------------------------------------------------------------------
TAG          NEW/         TYPE              NAME              CLOCK             
             EXISTING                                                           
--------------------------------------------------------------------------------
ARM_RESETi   Existing     Port              ARM_RESETi        none              
--------------------------------------------------------------------------------
1
