 
****************************************
Report : test
          -scan_path
Design : DTSDI002
Version: V-2004.06
Date   : Sat Mar 11 13:31:22 2006
****************************************

  (*) indicates change of polarity in scan data
  (c) indicates cell is scan controllable only
  (o) indicates cell is scan observable only
  (x) indicates cell cannot capture

Complete scan chain #1 (test_si1 --> test_so1) contains 8594 cells:

  test_si1	->
  uDTSDI002Top/uA7TDMI/uA7TWrap/iA7WrapMaster/AddrGrant_reg	->
  uDTSDI002Top/uA7TDMI/uA7TWrap/iA7WrapMaster/DataGrant_reg	->
  uDTSDI002Top/uA7TDMI/uA7TWrap/iA7WrapMaster/ForceIncr_reg	->
  uDTSDI002Top/uA7TDMI/uA7TWrap/iA7WrapMaster/HaddrHold_reg_0_	->
  uDTSDI002Top/uA7TDMI/uA7TWrap/iA7WrapMaster/HaddrHold_reg_1_	->
  uDTSDI002Top/uA7TDMI/uA7TWrap/iA7WrapMaster/HaddrHold_reg_2_	->
  uDTSDI002Top/uA7TDMI/uA7TWrap/iA7WrapMaster/HaddrHold_reg_3_	->
  uDTSDI002Top/uA7TDMI/uA7TWrap/iA7WrapMaster/HaddrHold_reg_4_	->
  uDTSDI002Top/uA7TDMI/uA7TWrap/iA7WrapMaster/HaddrHold_reg_5_	->
  uDTSDI002Top/uA7TDMI/uA7TWrap/iA7WrapMaster/HaddrHold_reg_6_	->
  uDTSDI002Top/uA7TDMI/uA7TWrap/iA7WrapMaster/HaddrHold_reg_7_	->
  uDTSDI002Top/uA7TDMI/uA7TWrap/iA7WrapMaster/HaddrHold_reg_8_	->
  uDTSDI002Top/uA7TDMI/uA7TWrap/iA7WrapMaster/HaddrHold_reg_9_	->
  uDTSDI002Top/uA7TDMI/uA7TWrap/iA7WrapMaster/HaddrHold_reg_10_	->
  uDTSDI002Top/uA7TDMI/uA7TWrap/iA7WrapMaster/HaddrHold_reg_11_	->
  uDTSDI002Top/uA7TDMI/uA7TWrap/iA7WrapMaster/HaddrHold_reg_12_	->
  uDTSDI002Top/uA7TDMI/uA7TWrap/iA7WrapMaster/HaddrHold_reg_13_	->
  uDTSDI002Top/uA7TDMI/uA7TWrap/iA7WrapMaster/HaddrHold_reg_14_	->
  uDTSDI002Top/uA7TDMI/uA7TWrap/iA7WrapMaster/HaddrHold_reg_15_	->
  uDTSDI002Top/uA7TDMI/uA7TWrap/iA7WrapMaster/HaddrHold_reg_16_	->
  uDTSDI002Top/uA7TDMI/uA7TWrap/iA7WrapMaster/HaddrHold_reg_17_	->
  uDTSDI002Top/uA7TDMI/uA7TWrap/iA7WrapMaster/HaddrHold_reg_18_	->
  uDTSDI002Top/uA7TDMI/uA7TWrap/iA7WrapMaster/HaddrHold_reg_19_	->
  uDTSDI002Top/uA7TDMI/uA7TWrap/iA7WrapMaster/HaddrHold_reg_20_	->
  uDTSDI002Top/uA7TDMI/uA7TWrap/iA7WrapMaster/HaddrHold_reg_21_	->
  uDTSDI002Top/uA7TDMI/uA7TWrap/iA7WrapMaster/HaddrHold_reg_22_	->
  uDTSDI002Top/uA7TDMI/uA7TWrap/iA7WrapMaster/HaddrHold_reg_23_	->
  uDTSDI002Top/uA7TDMI/uA7TWrap/iA7WrapMaster/HaddrHold_reg_24_	->
  uDTSDI002Top/uA7TDMI/uA7TWrap/iA7WrapMaster/HaddrHold_reg_25_	->
  uDTSDI002Top/uA7TDMI/uA7TWrap/iA7WrapMaster/HaddrHold_reg_26_	->
  uDTSDI002Top/uA7TDMI/uA7TWrap/iA7WrapMaster/HaddrHold_reg_27_	->
  uDTSDI002Top/uA7TDMI/uA7TWrap/iA7WrapMaster/HaddrHold_reg_28_	->
  uDTSDI002Top/uA7TDMI/uA7TWrap/iA7WrapMaster/HaddrHold_reg_29_	->
  uDTSDI002Top/uA7TDMI/uA7TWrap/iA7WrapMaster/HaddrHold_reg_30_	->
  uDTSDI002Top/uA7TDMI/uA7TWrap/iA7WrapMaster/HaddrHold_reg_31_	->
  uDTSDI002Top/uA7TDMI/uA7TWrap/iA7WrapMaster/HlockHold_reg	->
  uDTSDI002Top/uA7TDMI/uA7TWrap/iA7WrapMaster/HoldSel_reg	->
  uDTSDI002Top/uA7TDMI/uA7TWrap/iA7WrapMaster/HprotHold_reg_0_	->
  uDTSDI002Top/uA7TDMI/uA7TWrap/iA7WrapMaster/HprotHold_reg_1_	->
  uDTSDI002Top/uA7TDMI/uA7TWrap/iA7WrapMaster/HprotHold_reg_2_	->
  uDTSDI002Top/uA7TDMI/uA7TWrap/iA7WrapMaster/HprotHold_reg_3_	->
  uDTSDI002Top/uA7TDMI/uA7TWrap/iA7WrapMaster/HsizeHold_reg_0_	->
  uDTSDI002Top/uA7TDMI/uA7TWrap/iA7WrapMaster/HsizeHold_reg_1_	->
  uDTSDI002Top/uA7TDMI/uA7TWrap/iA7WrapMaster/HsizeHold_reg_2_	->
  uDTSDI002Top/uA7TDMI/uA7TWrap/iA7WrapMaster/HwriteHold_reg	->
  uDTSDI002Top/uA7TDMI/uA7TWrap/iA7WrapMaster/SR2_reg	->
  uDTSDI002Top/uA7TDMI/uA7TWrap/iA7WrapSM/AddrSel_reg	->
  uDTSDI002Top/uA7TDMI/uA7TWrap/iA7WrapSM/Boundary_reg	->
  uDTSDI002Top/uA7TDMI/uA7TWrap/iA7WrapSM/CurrentState_reg_0_	->
  uDTSDI002Top/uA7TDMI/uA7TWrap/iA7WrapSM/CurrentState_reg_1_	->
  uDTSDI002Top/uA7TDMI/uA7TWrap/iA7WrapSM/CurrentState_reg_2_	->
  uDTSDI002Top/uA7TDMI/uA7TWrap/iA7WrapSM/dADDR_reg_0_	->
  uDTSDI002Top/uA7TDMI/uA7TWrap/iA7WrapSM/dADDR_reg_1_	->
  uDTSDI002Top/uA7TDMI/uA7TWrap/iA7WrapSM/dADDR_reg_2_	->
  uDTSDI002Top/uA7TDMI/uA7TWrap/iA7WrapSM/dADDR_reg_3_	->
  uDTSDI002Top/uA7TDMI/uA7TWrap/iA7WrapSM/dADDR_reg_4_	->
  uDTSDI002Top/uA7TDMI/uA7TWrap/iA7WrapSM/dADDR_reg_5_	->
  uDTSDI002Top/uA7TDMI/uA7TWrap/iA7WrapSM/dADDR_reg_6_	->
  uDTSDI002Top/uA7TDMI/uA7TWrap/iA7WrapSM/dADDR_reg_7_	->
  uDTSDI002Top/uA7TDMI/uA7TWrap/iA7WrapSM/dADDR_reg_8_	->
  uDTSDI002Top/uA7TDMI/uA7TWrap/iA7WrapSM/dADDR_reg_9_	->
  uDTSDI002Top/uA7TDMI/uA7TWrap/iA7WrapSM/dADDR_reg_10_	->
  uDTSDI002Top/uA7TDMI/uA7TWrap/iA7WrapSM/dADDR_reg_11_	->
  uDTSDI002Top/uA7TDMI/uA7TWrap/iA7WrapSM/dADDR_reg_12_	->
  uDTSDI002Top/uA7TDMI/uA7TWrap/iA7WrapSM/dADDR_reg_13_	->
  uDTSDI002Top/uA7TDMI/uA7TWrap/iA7WrapSM/dADDR_reg_14_	->
  uDTSDI002Top/uA7TDMI/uA7TWrap/iA7WrapSM/dADDR_reg_15_	->
  uDTSDI002Top/uA7TDMI/uA7TWrap/iA7WrapSM/dADDR_reg_16_	->
  uDTSDI002Top/uA7TDMI/uA7TWrap/iA7WrapSM/dADDR_reg_17_	->
  uDTSDI002Top/uA7TDMI/uA7TWrap/iA7WrapSM/dADDR_reg_18_	->
  uDTSDI002Top/uA7TDMI/uA7TWrap/iA7WrapSM/dADDR_reg_19_	->
  uDTSDI002Top/uA7TDMI/uA7TWrap/iA7WrapSM/dADDR_reg_20_	->
  uDTSDI002Top/uA7TDMI/uA7TWrap/iA7WrapSM/dADDR_reg_21_	->
  uDTSDI002Top/uA7TDMI/uA7TWrap/iA7WrapSM/dADDR_reg_22_	->
  uDTSDI002Top/uA7TDMI/uA7TWrap/iA7WrapSM/dADDR_reg_23_	->
  uDTSDI002Top/uA7TDMI/uA7TWrap/iA7WrapSM/dADDR_reg_24_	->
  uDTSDI002Top/uA7TDMI/uA7TWrap/iA7WrapSM/dADDR_reg_25_	->
  uDTSDI002Top/uA7TDMI/uA7TWrap/iA7WrapSM/dADDR_reg_26_	->
  uDTSDI002Top/uA7TDMI/uA7TWrap/iA7WrapSM/dADDR_reg_27_	->
  uDTSDI002Top/uA7TDMI/uA7TWrap/iA7WrapSM/dADDR_reg_28_	->
  uDTSDI002Top/uA7TDMI/uA7TWrap/iA7WrapSM/dADDR_reg_29_	->
  uDTSDI002Top/uA7TDMI/uA7TWrap/iA7WrapSM/dADDR_reg_30_	->
  uDTSDI002Top/uA7TDMI/uA7TWrap/iA7WrapSM/dADDR_reg_31_	->
  uDTSDI002Top/uA7TDMI/uA7TWrap/iA7WrapSM/dAddrInc_reg_0_	->
  uDTSDI002Top/uA7TDMI/uA7TWrap/iA7WrapSM/dAddrInc_reg_1_	->
  uDTSDI002Top/uA7TDMI/uA7TWrap/iA7WrapSM/dAddrInc_reg_2_	->
  uDTSDI002Top/uA7TDMI/uA7TWrap/iA7WrapSM/dAddrInc_reg_3_	->
  uDTSDI002Top/uA7TDMI/uA7TWrap/iA7WrapSM/dAddrInc_reg_4_	->
  uDTSDI002Top/uA7TDMI/uA7TWrap/iA7WrapSM/dAddrInc_reg_5_	->
  uDTSDI002Top/uA7TDMI/uA7TWrap/iA7WrapSM/dAddrInc_reg_6_	->
  uDTSDI002Top/uA7TDMI/uA7TWrap/iA7WrapSM/dAddrInc_reg_7_	->
  uDTSDI002Top/uA7TDMI/uA7TWrap/iA7WrapSM/dAddrInc_reg_8_	->
  uDTSDI002Top/uA7TDMI/uA7TWrap/iA7WrapSM/dAddrInc_reg_9_	->
  uDTSDI002Top/uA7TDMI/uA7TWrap/iA7WrapSM/dAddrInc_reg_10_	->
  uDTSDI002Top/uA7TDMI/uA7TWrap/iA7WrapSM/dAddrInc_reg_11_	->
  uDTSDI002Top/uA7TDMI/uA7TWrap/iA7WrapSM/dAddrInc_reg_12_	->
  uDTSDI002Top/uA7TDMI/uA7TWrap/iA7WrapSM/dAddrInc_reg_13_	->
  uDTSDI002Top/uA7TDMI/uA7TWrap/iA7WrapSM/dAddrInc_reg_14_	->
  uDTSDI002Top/uA7TDMI/uA7TWrap/iA7WrapSM/dAddrInc_reg_15_	->
  uDTSDI002Top/uA7TDMI/uA7TWrap/iA7WrapSM/dAddrInc_reg_16_	->
  uDTSDI002Top/uA7TDMI/uA7TWrap/iA7WrapSM/dAddrInc_reg_17_	->
  uDTSDI002Top/uA7TDMI/uA7TWrap/iA7WrapSM/dAddrInc_reg_18_	->
  uDTSDI002Top/uA7TDMI/uA7TWrap/iA7WrapSM/dAddrInc_reg_19_	->
  uDTSDI002Top/uA7TDMI/uA7TWrap/iA7WrapSM/dAddrInc_reg_20_	->
  uDTSDI002Top/uA7TDMI/uA7TWrap/iA7WrapSM/dAddrInc_reg_21_	->
  uDTSDI002Top/uA7TDMI/uA7TWrap/iA7WrapSM/dAddrInc_reg_22_	->
  uDTSDI002Top/uA7TDMI/uA7TWrap/iA7WrapSM/dAddrInc_reg_23_	->
  uDTSDI002Top/uA7TDMI/uA7TWrap/iA7WrapSM/dAddrInc_reg_24_	->
  uDTSDI002Top/uA7TDMI/uA7TWrap/iA7WrapSM/dAddrInc_reg_25_	->
  uDTSDI002Top/uA7TDMI/uA7TWrap/iA7WrapSM/dAddrInc_reg_26_	->
  uDTSDI002Top/uA7TDMI/uA7TWrap/iA7WrapSM/dAddrInc_reg_27_	->
  uDTSDI002Top/uA7TDMI/uA7TWrap/iA7WrapSM/dAddrInc_reg_28_	->
  uDTSDI002Top/uA7TDMI/uA7TWrap/iA7WrapSM/dAddrInc_reg_29_	->
  uDTSDI002Top/uA7TDMI/uA7TWrap/iA7WrapSM/dAddrInc_reg_30_	->
  uDTSDI002Top/uA7TDMI/uA7TWrap/iA7WrapSM/dAddrInc_reg_31_	->
  uDTSDI002Top/uA7TDMI/uA7TWrap/iA7WrapSM/dLOCK_reg	->
  uDTSDI002Top/uA7TDMI/uA7TWrap/iA7WrapSM/dPROT_reg_0_	->
  uDTSDI002Top/uA7TDMI/uA7TWrap/iA7WrapSM/dPROT_reg_1_	->
  uDTSDI002Top/uA7TDMI/uA7TWrap/iA7WrapSM/dSIZE_reg_0_	->
  uDTSDI002Top/uA7TDMI/uA7TWrap/iA7WrapSM/dSIZE_reg_1_	->
  uDTSDI002Top/uA7TDMI/uA7TWrap/iA7WrapSM/dWRITE_reg	->
  uDTSDI002Top/uA7TDMI/uA7TWrap/iA7WrapSM/iCLKEN_reg	->
  uDTSDI002Top/uA7TDMI/uA7TWrap/iA7WrapSM/iMLOCK_reg	->
  uDTSDI002Top/uA7TDMI/uA7TWrap/iA7WrapSM/iMTRANS_reg_0_	->
  uDTSDI002Top/uA7TDMI/uA7TWrap/iA7WrapSM/iMTRANS_reg_1_	->
  uDTSDI002Top/uA7TDMI/uA7TWrap/uA7TWrapTest/CurrentTest_reg_0_	->
  uDTSDI002Top/uA7TDMI/uA7TWrap/uA7TWrapTest/CurrentTest_reg_1_	->
  uDTSDI002Top/uA7TDMI/uA7TWrap/uA7TWrapTest/CurrentTest_reg_2_	->
  uDTSDI002Top/uA7TDMI/uA7TWrap/uA7TWrapTest/NewCtrl_reg	->
  uDTSDI002Top/uA7TDMI/uA7TWrap/uA7TWrapTest/TestCtrl_reg_0_	->
  uDTSDI002Top/uA7TDMI/uA7TWrap/uA7TWrapTest/TestCtrl_reg_1_	->
  uDTSDI002Top/uA7TDMI/uA7TWrap/uA7TWrapTest/TestCtrl_reg_2_	->
  uDTSDI002Top/uA7TDMI/uA7TWrap/uA7TWrapTest/TestCtrl_reg_3_	->
  uDTSDI002Top/uA7TDMI/uA7TWrap/uA7TWrapTest/TestCtrl_reg_4_	->
  uDTSDI002Top/uA7TDMI/uA7TWrap/uA7TWrapTest/TestCtrl_reg_5_	->
  uDTSDI002Top/uA7TDMI/uA7TWrap/uA7TWrapTest/TestCtrl_reg_6_	->
  uDTSDI002Top/uA7TDMI/uA7TWrap/uA7TWrapTest/TestCtrl_reg_7_	->
  uDTSDI002Top/uA7TDMI/uA7TWrap/uA7TWrapTest/TestCtrl_reg_8_	->
  uDTSDI002Top/uA7TDMI/uA7TWrap/uA7TWrapTest/TestCtrl_reg_9_	->
  uDTSDI002Top/uA7TDMI/uA7TWrap/uA7TWrapTest/TestCtrl_reg_10_	->
  uDTSDI002Top/uA7TDMI/uA7TWrap/uA7TWrapTest/TestCtrl_reg_11_	->
  uDTSDI002Top/uA7TDMI/uA7TWrap/uA7TWrapTest/TestCtrl_reg_12_	->
  uDTSDI002Top/uA7TDMI/uA7TWrap/uA7TWrapTest/TestCtrl_reg_13_	->
  uDTSDI002Top/uA7TDMI/uA7TWrap/uA7TWrapTest/TestCtrl_reg_14_	->
  uDTSDI002Top/uA7TDMI/uA7TWrap/uA7TWrapTest/TestCtrl_reg_15_	->
  uDTSDI002Top/uA7TDMI/uA7TWrap/uA7TWrapTest/TestCtrl_reg_16_	->
  uDTSDI002Top/uA7TDMI/uA7TWrap/uA7TWrapTest/TestCtrl_reg_17_	->
  uDTSDI002Top/uA7TDMI/uA7TWrap/uA7TWrapTest/TestCtrl_reg_18_	->
  uDTSDI002Top/uA7TDMI/uA7TWrap/uA7TWrapTest/TestCtrl_reg_19_	->
  uDTSDI002Top/uA7TDMI/uA7TWrap/uA7TWrapTest/TestCtrl_reg_20_	->
  uDTSDI002Top/uA7TDMI/uA7TWrap/uA7TWrapTest/TestCtrl_reg_21_	->
  uDTSDI002Top/uA7TDMI/uA7TWrap/uA7TWrapTest/TestCtrl_reg_22_	->
  uDTSDI002Top/uA7TDMI/uA7TWrap/uA7TWrapTest/TestCtrl_reg_23_	->
  uDTSDI002Top/uA7TDMI/uA7TWrap/uA7TWrapTest/TestCtrl_reg_24_	->
  uDTSDI002Top/uA7TDMI/uA7TWrap/uA7TWrapTest/TestCtrl_reg_25_	->
  uDTSDI002Top/uA7TDMI/uA7TWrap/uA7TWrapTest/TestCtrl_reg_26_	->
  uDTSDI002Top/uA7TDMI/uA7TWrap/uA7TWrapTest/TestCtrl_reg_27_	->
  uDTSDI002Top/uA7TDMI/uA7TWrap/uA7TWrapTest/TestModeR_reg	->
  uDTSDI002Top/uA7TDMI/uA7TWrap/uA7TWrapTest/TestRead_reg	->
  uDTSDI002Top/uA7TDMI/uA7TWrap/uA7TWrapTest/TestStat_reg	->
  uDTSDI002Top/uA7TDMI/uA7TWrap/uA7TWrapTest/iTestClk_reg	->
  uDTSDI002Top/uA7TDMI/uA7TWrap/uA7TWrapTest/nENOUTIReg_reg	->
  uDTSDI002Top/uA7TDMI/uA7TWrap/uA7TWrapTest/nENOUTReg_reg	->
  uDTSDI002Top/uAHB_ESMC/bsel_reg_0_	->
  uDTSDI002Top/uAHB_ESMC/bsel_reg_1_	->
  uDTSDI002Top/uAHB_ESMC/bsel_reg_2_	->
  uDTSDI002Top/uAHB_ESMC/bsel_reg_3_	->
  uDTSDI002Top/uAHB_ESMC/out_ctrl/x2s_data_mux_reg_0_	->
  uDTSDI002Top/uAHB_ESMC/out_ctrl/x2s_data_mux_reg_1_	->
  uDTSDI002Top/uAHB_ESMC/out_ctrl/x2s_data_mux_reg_2_	->
  uDTSDI002Top/uAHB_ESMC/out_ctrl/x2s_data_mux_reg_3_	->
  uDTSDI002Top/uAHB_ESMC/out_ctrl/x2s_data_mux_reg_4_	->
  uDTSDI002Top/uAHB_ESMC/out_ctrl/x2s_data_mux_reg_5_	->
  uDTSDI002Top/uAHB_ESMC/out_ctrl/x2s_data_mux_reg_6_	->
  uDTSDI002Top/uAHB_ESMC/out_ctrl/x2s_data_mux_reg_7_	->
  uDTSDI002Top/uAHB_ESMC/out_ctrl/x2s_data_mux_reg_8_	->
  uDTSDI002Top/uAHB_ESMC/out_ctrl/x2s_data_mux_reg_9_	->
  uDTSDI002Top/uAHB_ESMC/out_ctrl/x2s_data_mux_reg_10_	->
  uDTSDI002Top/uAHB_ESMC/out_ctrl/x2s_data_mux_reg_11_	->
  uDTSDI002Top/uAHB_ESMC/out_ctrl/x2s_data_mux_reg_12_	->
  uDTSDI002Top/uAHB_ESMC/out_ctrl/x2s_data_mux_reg_13_	->
  uDTSDI002Top/uAHB_ESMC/out_ctrl/x2s_data_mux_reg_14_	->
  uDTSDI002Top/uAHB_ESMC/out_ctrl/x2s_data_mux_reg_15_	->
  uDTSDI002Top/uAHB_ESMC/out_ctrl/x2s_data_mux_reg_16_	->
  uDTSDI002Top/uAHB_ESMC/out_ctrl/x2s_data_mux_reg_17_	->
  uDTSDI002Top/uAHB_ESMC/out_ctrl/x2s_data_mux_reg_18_	->
  uDTSDI002Top/uAHB_ESMC/out_ctrl/x2s_data_mux_reg_19_	->
  uDTSDI002Top/uAHB_ESMC/out_ctrl/x2s_data_mux_reg_20_	->
  uDTSDI002Top/uAHB_ESMC/out_ctrl/x2s_data_mux_reg_21_	->
  uDTSDI002Top/uAHB_ESMC/out_ctrl/x2s_data_mux_reg_22_	->
  uDTSDI002Top/uAHB_ESMC/out_ctrl/x2s_data_mux_reg_23_	->
  uDTSDI002Top/uAHB_ESMC/out_ctrl/x2s_data_mux_reg_24_	->
  uDTSDI002Top/uAHB_ESMC/out_ctrl/x2s_data_mux_reg_25_	->
  uDTSDI002Top/uAHB_ESMC/out_ctrl/x2s_data_mux_reg_26_	->
  uDTSDI002Top/uAHB_ESMC/out_ctrl/x2s_data_mux_reg_27_	->
  uDTSDI002Top/uAHB_ESMC/out_ctrl/x2s_data_mux_reg_28_	->
  uDTSDI002Top/uAHB_ESMC/out_ctrl/x2s_data_mux_reg_29_	->
  uDTSDI002Top/uAHB_ESMC/out_ctrl/x2s_data_mux_reg_30_	->
  uDTSDI002Top/uAHB_ESMC/out_ctrl/x2s_data_mux_reg_31_	->
  uDTSDI002Top/uAHB_ESMC/reg_smc/bnkctrl_reg	->
  uDTSDI002Top/uAHB_ESMC/reg_smc/bnkctrl_reg0	->
  uDTSDI002Top/uAHB_ESMC/reg_smc/bnkctrl_reg1	->
  uDTSDI002Top/uAHB_ESMC/reg_smc/bnkctrl_reg2	->
  uDTSDI002Top/uAHB_ESMC/reg_smc/bnkctrl_reg3	->
  uDTSDI002Top/uAHB_ESMC/reg_smc/bnkctrl_reg4	->
  uDTSDI002Top/uAHB_ESMC/reg_smc/bnkctrl_reg5	->
  uDTSDI002Top/uAHB_ESMC/reg_smc/bnkctrl_reg6	->
  uDTSDI002Top/uAHB_ESMC/reg_smc/bnkctrl_reg7	->
  uDTSDI002Top/uAHB_ESMC/reg_smc/bnkctrl_reg8	->
  uDTSDI002Top/uAHB_ESMC/reg_smc/bnkctrl_reg9	->
  uDTSDI002Top/uAHB_ESMC/reg_smc/bnkctrl_reg10	->
  uDTSDI002Top/uAHB_ESMC/reg_smc/bnkctrl_reg11	->
  uDTSDI002Top/uAHB_ESMC/reg_smc/bnkctrl_reg12	->
  uDTSDI002Top/uAHB_ESMC/reg_smc/bnkctrl_reg13	->
  uDTSDI002Top/uAHB_ESMC/reg_smc/bnkctrl_reg14	->
  uDTSDI002Top/uAHB_ESMC/reg_smc/bnkctrl_reg15	->
  uDTSDI002Top/uAHB_ESMC/reg_smc/bnkctrl_reg16	->
  uDTSDI002Top/uAHB_ESMC/reg_smc/bnkctrl_reg17	->
  uDTSDI002Top/uAHB_ESMC/reg_smc/bnkctrl_reg18	->
  uDTSDI002Top/uAHB_ESMC/reg_smc/bnkctrl_reg19	->
  uDTSDI002Top/uAHB_ESMC/reg_smc/bnkctrl_reg20	->
  uDTSDI002Top/uAHB_ESMC/reg_smc/bnkctrl_reg21	->
  uDTSDI002Top/uAHB_ESMC/reg_smc/bnkctrl_reg22	->
  uDTSDI002Top/uAHB_ESMC/reg_smc/bnkctrl_reg23	->
  uDTSDI002Top/uAHB_ESMC/reg_smc/bnkctrl_reg24	->
  uDTSDI002Top/uAHB_ESMC/reg_smc/bnkctrl_reg25	->
  uDTSDI002Top/uAHB_ESMC/reg_smc/bnkctrl_reg26	->
  uDTSDI002Top/uAHB_ESMC/reg_smc/bnkctrl_reg27	->
  uDTSDI002Top/uAHB_ESMC/reg_smc/bnkctrl_reg28	->
  uDTSDI002Top/uAHB_ESMC/reg_smc/bnkctrl_reg29	->
  uDTSDI002Top/uAHB_ESMC/reg_smc/bnkctrl_reg30	->
  uDTSDI002Top/uAHB_ESMC/reg_smc/bnkctrl_reg31	->
  uDTSDI002Top/uAHB_ESMC/reg_smc/bnkctrl_reg32	->
  uDTSDI002Top/uAHB_ESMC/reg_smc/bnkctrl_reg33	->
  uDTSDI002Top/uAHB_ESMC/reg_smc/bnkctrl_reg34	->
  uDTSDI002Top/uAHB_ESMC/reg_smc/bnkctrl_reg35	->
  uDTSDI002Top/uAHB_ESMC/reg_smc/bnkctrl_reg36	->
  uDTSDI002Top/uAHB_ESMC/reg_smc/bnkctrl_reg37	->
  uDTSDI002Top/uAHB_ESMC/reg_smc/bnkctrl_reg38	->
  uDTSDI002Top/uAHB_ESMC/reg_smc/bnkctrl_reg39	->
  uDTSDI002Top/uAHB_ESMC/reg_smc/bnkctrl_reg40	->
  uDTSDI002Top/uAHB_ESMC/reg_smc/bnkctrl_reg41	->
  uDTSDI002Top/uAHB_ESMC/reg_smc/bnkctrl_reg42	->
  uDTSDI002Top/uAHB_ESMC/reg_smc/bnkctrl_reg43	->
  uDTSDI002Top/uAHB_ESMC/reg_smc/bnkctrl_reg44	->
  uDTSDI002Top/uAHB_ESMC/reg_smc/bnkctrl_reg45	->
  uDTSDI002Top/uAHB_ESMC/reg_smc/bnkctrl_reg46	->
  uDTSDI002Top/uAHB_ESMC/reg_smc/bnkctrl_reg47	->
  uDTSDI002Top/uAHB_ESMC/reg_smc/bnkctrl_reg48	->
  uDTSDI002Top/uAHB_ESMC/reg_smc/bnkctrl_reg49	->
  uDTSDI002Top/uAHB_ESMC/reg_smc/bnkctrl_reg50	->
  uDTSDI002Top/uAHB_ESMC/reg_smc/bnkctrl_reg51	->
  uDTSDI002Top/uAHB_ESMC/reg_smc/bnkctrl_reg52	->
  uDTSDI002Top/uAHB_ESMC/reg_smc/bnkctrl_reg53	->
  uDTSDI002Top/uAHB_ESMC/reg_smc/bnkctrl_reg54	->
  uDTSDI002Top/uAHB_ESMC/reg_smc/bnkctrl_reg55	->
  uDTSDI002Top/uAHB_ESMC/reg_smc/bnkctrl_reg56	->
  uDTSDI002Top/uAHB_ESMC/reg_smc/bnkctrl_reg57	->
  uDTSDI002Top/uAHB_ESMC/reg_smc/bnkctrl_reg58	->
  uDTSDI002Top/uAHB_ESMC/reg_smc/bnkctrl_reg59	->
  uDTSDI002Top/uAHB_ESMC/reg_smc/bnkctrl_reg60	->
  uDTSDI002Top/uAHB_ESMC/reg_smc/bnkctrl_reg61	->
  uDTSDI002Top/uAHB_ESMC/reg_smc/bnkctrl_reg62	->
  uDTSDI002Top/uAHB_ESMC/reg_smc/bnkctrl_reg63	->
  uDTSDI002Top/uAHB_ESMC/reg_smc/bnkctrl_reg64	->
  uDTSDI002Top/uAHB_ESMC/reg_smc/bnkctrl_reg65	->
  uDTSDI002Top/uAHB_ESMC/reg_smc/bnkctrl_reg66	->
  uDTSDI002Top/uAHB_ESMC/reg_smc/bnkctrl_reg67	->
  uDTSDI002Top/uAHB_ESMC/reg_smc/bnkctrl_reg68	->
  uDTSDI002Top/uAHB_ESMC/reg_smc/bnkctrl_reg69	->
  uDTSDI002Top/uAHB_ESMC/reg_smc/bnkctrl_reg70	->
  uDTSDI002Top/uAHB_ESMC/reg_smc/bnkctrl_reg71	->
  uDTSDI002Top/uAHB_ESMC/reg_smc/bnkctrl_reg72	->
  uDTSDI002Top/uAHB_ESMC/reg_smc/bnkctrl_reg73	->
  uDTSDI002Top/uAHB_ESMC/reg_smc/bnkctrl_reg74	->
  uDTSDI002Top/uAHB_ESMC/reg_smc/bnkctrl_reg75	->
  uDTSDI002Top/uAHB_ESMC/reg_smc/bnkctrl_reg76	->
  uDTSDI002Top/uAHB_ESMC/reg_smc/bnkctrl_reg77	->
  uDTSDI002Top/uAHB_ESMC/reg_smc/bnkctrl_reg78	->
  uDTSDI002Top/uAHB_ESMC/reg_smc/bnkctrl_reg79	->
  uDTSDI002Top/uAHB_ESMC/reg_smc/bnkctrl_reg80	->
  uDTSDI002Top/uAHB_ESMC/reg_smc/bnkctrl_reg81	->
  uDTSDI002Top/uAHB_ESMC/reg_smc/bnkctrl_reg82	->
  uDTSDI002Top/uAHB_ESMC/reg_smc/bnkctrl_reg83	->
  uDTSDI002Top/uAHB_ESMC/reg_smc/bnkctrl_reg84	->
  uDTSDI002Top/uAHB_ESMC/reg_smc/bnkctrl_reg85	->
  uDTSDI002Top/uAHB_ESMC/reg_smc/bnkctrl_reg86	->
  uDTSDI002Top/uAHB_ESMC/reg_smc/rdata_reg_0_	->
  uDTSDI002Top/uAHB_ESMC/reg_smc/rdata_reg_1_	->
  uDTSDI002Top/uAHB_ESMC/reg_smc/rdata_reg_2_	->
  uDTSDI002Top/uAHB_ESMC/reg_smc/rdata_reg_3_	->
  uDTSDI002Top/uAHB_ESMC/reg_smc/rdata_reg_4_	->
  uDTSDI002Top/uAHB_ESMC/reg_smc/rdata_reg_5_	->
  uDTSDI002Top/uAHB_ESMC/reg_smc/rdata_reg_6_	->
  uDTSDI002Top/uAHB_ESMC/reg_smc/rdata_reg_7_	->
  uDTSDI002Top/uAHB_ESMC/reg_smc/rdata_reg_8_	->
  uDTSDI002Top/uAHB_ESMC/reg_smc/rdata_reg_9_	->
  uDTSDI002Top/uAHB_ESMC/reg_smc/rdata_reg_10_	->
  uDTSDI002Top/uAHB_ESMC/reg_smc/rdata_reg_11_	->
  uDTSDI002Top/uAHB_ESMC/reg_smc/rdata_reg_12_	->
  uDTSDI002Top/uAHB_ESMC/reg_smc/rdata_reg_13_	->
  uDTSDI002Top/uAHB_ESMC/reg_smc/rdata_reg_14_	->
  uDTSDI002Top/uAHB_ESMC/reg_smc/rdata_reg_15_	->
  uDTSDI002Top/uAHB_ESMC/reg_smc/rdata_reg_16_	->
  uDTSDI002Top/uAHB_ESMC/reg_smc/rdata_reg_17_	->
  uDTSDI002Top/uAHB_ESMC/reg_smc/rdata_reg_18_	->
  uDTSDI002Top/uAHB_ESMC/reg_smc/rdata_reg_19_	->
  uDTSDI002Top/uAHB_ESMC/reg_smc/rdata_reg_20_	->
  uDTSDI002Top/uAHB_ESMC/reg_smc/rdata_reg_21_	->
  uDTSDI002Top/uAHB_ESMC/reg_smc/rdata_reg_22_	->
  uDTSDI002Top/uAHB_ESMC/reg_smc/rdata_reg_23_	->
  uDTSDI002Top/uAHB_ESMC/reg_smc/rdata_reg_24_	->
  uDTSDI002Top/uAHB_ESMC/reg_smc/rdata_reg_25_	->
  uDTSDI002Top/uAHB_ESMC/reg_smc/rdata_reg_26_	->
  uDTSDI002Top/uAHB_ESMC/reg_smc/rdata_reg_27_	->
  uDTSDI002Top/uAHB_ESMC/reg_smc/rdata_reg_28_	->
  uDTSDI002Top/uAHB_ESMC/reg_smc/rdata_reg_29_	->
  uDTSDI002Top/uAHB_ESMC/reg_smc/rdata_reg_30_	->
  uDTSDI002Top/uAHB_ESMC/reg_smc/rdata_reg_31_	->
  uDTSDI002Top/uAHB_ESMC/sram_ctrl/burst_cnt_reg_0_	->
  uDTSDI002Top/uAHB_ESMC/sram_ctrl/burst_cnt_reg_1_	->
  uDTSDI002Top/uAHB_ESMC/sram_ctrl/burst_cnt_reg_2_	->
  uDTSDI002Top/uAHB_ESMC/sram_ctrl/burst_cnt_reg_3_	->
  uDTSDI002Top/uAHB_ESMC/sram_ctrl/burst_cnt_reg_4_	->
  uDTSDI002Top/uAHB_ESMC/sram_ctrl/burst_cnt_reg_5_	->
  uDTSDI002Top/uAHB_ESMC/sram_ctrl/burst_cnt_reg_6_	->
  uDTSDI002Top/uAHB_ESMC/sram_ctrl/cs_reg_0_	->
  uDTSDI002Top/uAHB_ESMC/sram_ctrl/cs_reg_1_	->
  uDTSDI002Top/uAHB_ESMC/sram_ctrl/cs_reg_2_	->
  uDTSDI002Top/uAHB_ESMC/sram_ctrl/cs_reg_3_	->
  uDTSDI002Top/uAHB_ESMC/sram_ctrl/cs_reg_4_	->
  uDTSDI002Top/uAHB_ESMC/sram_ctrl/cs_reg_5_	->
  uDTSDI002Top/uAHB_ESMC/sram_ctrl/cs_reg_6_	->
  uDTSDI002Top/uAHB_ESMC/sram_ctrl/cs_reg_7_	->
  uDTSDI002Top/uAHB_ESMC/sram_ctrl/cs_reg_8_	->
  uDTSDI002Top/uAHB_ESMC/sram_ctrl/fsm_adr_reg_0_	->
  uDTSDI002Top/uAHB_ESMC/sram_ctrl/fsm_adr_reg_1_	->
  uDTSDI002Top/uAHB_ESMC/sram_ctrl/fsm_adr_reg_2_	->
  uDTSDI002Top/uAHB_ESMC/sram_ctrl/fsm_adr_reg_3_	->
  uDTSDI002Top/uAHB_ESMC/sram_ctrl/fsm_adr_reg_4_	->
  uDTSDI002Top/uAHB_ESMC/sram_ctrl/fsm_adr_reg_5_	->
  uDTSDI002Top/uAHB_ESMC/sram_ctrl/fsm_adr_reg_6_	->
  uDTSDI002Top/uAHB_ESMC/sram_ctrl/fsm_adr_reg_7_	->
  uDTSDI002Top/uAHB_ESMC/sram_ctrl/fsm_adr_reg_8_	->
  uDTSDI002Top/uAHB_ESMC/sram_ctrl/fsm_adr_reg_9_	->
  uDTSDI002Top/uAHB_ESMC/sram_ctrl/fsm_adr_reg_10_	->
  uDTSDI002Top/uAHB_ESMC/sram_ctrl/fsm_adr_reg_11_	->
  uDTSDI002Top/uAHB_ESMC/sram_ctrl/fsm_adr_reg_12_	->
  uDTSDI002Top/uAHB_ESMC/sram_ctrl/fsm_adr_reg_13_	->
  uDTSDI002Top/uAHB_ESMC/sram_ctrl/fsm_adr_reg_14_	->
  uDTSDI002Top/uAHB_ESMC/sram_ctrl/fsm_adr_reg_15_	->
  uDTSDI002Top/uAHB_ESMC/sram_ctrl/fsm_adr_reg_16_	->
  uDTSDI002Top/uAHB_ESMC/sram_ctrl/fsm_adr_reg_17_	->
  uDTSDI002Top/uAHB_ESMC/sram_ctrl/fsm_adr_reg_18_	->
  uDTSDI002Top/uAHB_ESMC/sram_ctrl/fsm_adr_reg_19_	->
  uDTSDI002Top/uAHB_ESMC/sram_ctrl/fsm_adr_reg_20_	->
  uDTSDI002Top/uAHB_ESMC/sram_ctrl/fsm_adr_reg_21_	->
  uDTSDI002Top/uAHB_ESMC/sram_ctrl/fsm_adr_reg_22_	->
  uDTSDI002Top/uAHB_ESMC/sram_ctrl/fsm_adr_reg_23_	->
  uDTSDI002Top/uAHB_ESMC/sram_ctrl/fsm_adr_reg_24_	->
  uDTSDI002Top/uAHB_ESMC/sram_ctrl/fsm_adr_reg_25_	->
  uDTSDI002Top/uAHB_ESMC/sram_ctrl/fsm_adr_reg_26_	->
  uDTSDI002Top/uAHB_ESMC/sram_ctrl/sram_csx_reg	->
  uDTSDI002Top/uAHB_ESMC/sram_ctrl/sram_rdx_reg	->
  uDTSDI002Top/uAHB_ESMC/sram_ctrl/sram_wex_reg	->
  uDTSDI002Top/uAHB_ESMC/sram_ctrl/wait_count_reg_0_	->
  uDTSDI002Top/uAHB_ESMC/sram_ctrl/wait_count_reg_1_	->
  uDTSDI002Top/uAHB_ESMC/sram_ctrl/wait_count_reg_2_	->
  uDTSDI002Top/uAHB_ESMC/sram_ctrl/wait_count_reg_3_	->
  uDTSDI002Top/uAHB_ESMC/sram_ctrl/wait_count_reg_4_	->
  uDTSDI002Top/uAHB_ESMC/taddr_reg_0_	->
  uDTSDI002Top/uAHB_ESMC/taddr_reg_1_	->
  uDTSDI002Top/uAHB_ESMC/taddr_reg_2_	->
  uDTSDI002Top/uAHB_ESMC/taddr_reg_3_	->
  uDTSDI002Top/uAHB_ESMC/taddr_reg_4_	->
  uDTSDI002Top/uAHB_ESMC/taddr_reg_5_	->
  uDTSDI002Top/uAHB_ESMC/taddr_reg_6_	->
  uDTSDI002Top/uAHB_ESMC/taddr_reg_7_	->
  uDTSDI002Top/uAHB_ESMC/taddr_reg_8_	->
  uDTSDI002Top/uAHB_ESMC/taddr_reg_9_	->
  uDTSDI002Top/uAHB_ESMC/taddr_reg_10_	->
  uDTSDI002Top/uAHB_ESMC/taddr_reg_11_	->
  uDTSDI002Top/uAHB_ESMC/taddr_reg_12_	->
  uDTSDI002Top/uAHB_ESMC/taddr_reg_13_	->
  uDTSDI002Top/uAHB_ESMC/taddr_reg_14_	->
  uDTSDI002Top/uAHB_ESMC/taddr_reg_15_	->
  uDTSDI002Top/uAHB_ESMC/taddr_reg_16_	->
  uDTSDI002Top/uAHB_ESMC/taddr_reg_17_	->
  uDTSDI002Top/uAHB_ESMC/taddr_reg_18_	->
  uDTSDI002Top/uAHB_ESMC/taddr_reg_19_	->
  uDTSDI002Top/uAHB_ESMC/trd_reg	->
  uDTSDI002Top/uAHB_ESMC/tsel_reg	->
  uDTSDI002Top/uAHB_ESMC/tsize_reg_0_	->
  uDTSDI002Top/uAHB_ESMC/tsize_reg_1_	->
  uDTSDI002Top/uAHB_ESMC/tsize_reg_2_	->
  uDTSDI002Top/uAHB_ESMC/twr_reg	->
  uDTSDI002Top/uAHB_IFMC/fmb/cnt_reg_0_	->
  uDTSDI002Top/uAHB_IFMC/fmb/cnt_reg_1_	->
  uDTSDI002Top/uAHB_IFMC/fmb/cs_reg_0_	->
  uDTSDI002Top/uAHB_IFMC/fmb/cs_reg_1_	->
  uDTSDI002Top/uAHB_IFMC/fmb/cs_reg_2_	->
  uDTSDI002Top/uAHB_IFMC/fmb/cs_reg_3_	->
  uDTSDI002Top/uAHB_IFMC/fmb/cs_reg_4_	->
  uDTSDI002Top/uAHB_IFMC/fmb/cs_reg_5_	->
  uDTSDI002Top/uAHB_IFMC/fmb/cs_reg_6_	->
  uDTSDI002Top/uAHB_IFMC/fmb/cs_reg_7_	->
  uDTSDI002Top/uAHB_IFMC/fmb/cs_reg_8_	->
  uDTSDI002Top/uAHB_IFMC/fmb/fm_din_reg_0_	->
  uDTSDI002Top/uAHB_IFMC/fmb/fm_din_reg_1_	->
  uDTSDI002Top/uAHB_IFMC/fmb/fm_din_reg_2_	->
  uDTSDI002Top/uAHB_IFMC/fmb/fm_din_reg_3_	->
  uDTSDI002Top/uAHB_IFMC/fmb/fm_din_reg_4_	->
  uDTSDI002Top/uAHB_IFMC/fmb/fm_din_reg_5_	->
  uDTSDI002Top/uAHB_IFMC/fmb/fm_din_reg_6_	->
  uDTSDI002Top/uAHB_IFMC/fmb/fm_din_reg_7_	->
  uDTSDI002Top/uAHB_IFMC/fmb/fm_din_reg_8_	->
  uDTSDI002Top/uAHB_IFMC/fmb/fm_din_reg_9_	->
  uDTSDI002Top/uAHB_IFMC/fmb/fm_din_reg_10_	->
  uDTSDI002Top/uAHB_IFMC/fmb/fm_din_reg_11_	->
  uDTSDI002Top/uAHB_IFMC/fmb/fm_din_reg_12_	->
  uDTSDI002Top/uAHB_IFMC/fmb/fm_din_reg_13_	->
  uDTSDI002Top/uAHB_IFMC/fmb/fm_din_reg_14_	->
  uDTSDI002Top/uAHB_IFMC/fmb/fm_din_reg_15_	->
  uDTSDI002Top/uAHB_IFMC/fmb/fm_din_reg_16_	->
  uDTSDI002Top/uAHB_IFMC/fmb/fm_din_reg_17_	->
  uDTSDI002Top/uAHB_IFMC/fmb/fm_din_reg_18_	->
  uDTSDI002Top/uAHB_IFMC/fmb/fm_din_reg_19_	->
  uDTSDI002Top/uAHB_IFMC/fmb/fm_din_reg_20_	->
  uDTSDI002Top/uAHB_IFMC/fmb/fm_din_reg_21_	->
  uDTSDI002Top/uAHB_IFMC/fmb/fm_din_reg_22_	->
  uDTSDI002Top/uAHB_IFMC/fmb/fm_din_reg_23_	->
  uDTSDI002Top/uAHB_IFMC/fmb/fm_din_reg_24_	->
  uDTSDI002Top/uAHB_IFMC/fmb/fm_din_reg_25_	->
  uDTSDI002Top/uAHB_IFMC/fmb/fm_din_reg_26_	->
  uDTSDI002Top/uAHB_IFMC/fmb/fm_din_reg_27_	->
  uDTSDI002Top/uAHB_IFMC/fmb/fm_din_reg_28_	->
  uDTSDI002Top/uAHB_IFMC/fmb/fm_din_reg_29_	->
  uDTSDI002Top/uAHB_IFMC/fmb/fm_din_reg_30_	->
  uDTSDI002Top/uAHB_IFMC/fmb/fm_din_reg_31_	->
  uDTSDI002Top/uAHB_IFMC/fmb/fm_erase_reg	->
  uDTSDI002Top/uAHB_IFMC/fmb/fm_ifren_reg	->
  uDTSDI002Top/uAHB_IFMC/fmb/fm_mas1_reg	->
  uDTSDI002Top/uAHB_IFMC/fmb/fm_nvstr_reg	->
  uDTSDI002Top/uAHB_IFMC/fmb/fm_prog_reg	->
  uDTSDI002Top/uAHB_IFMC/fmb/fm_se_reg	->
  uDTSDI002Top/uAHB_IFMC/fmb/fm_xadr_reg_0_	->
  uDTSDI002Top/uAHB_IFMC/fmb/fm_xadr_reg_1_	->
  uDTSDI002Top/uAHB_IFMC/fmb/fm_xadr_reg_2_	->
  uDTSDI002Top/uAHB_IFMC/fmb/fm_xadr_reg_3_	->
  uDTSDI002Top/uAHB_IFMC/fmb/fm_xadr_reg_4_	->
  uDTSDI002Top/uAHB_IFMC/fmb/fm_xadr_reg_5_	->
  uDTSDI002Top/uAHB_IFMC/fmb/fm_xadr_reg_6_	->
  uDTSDI002Top/uAHB_IFMC/fmb/fm_xadr_reg_7_	->
  uDTSDI002Top/uAHB_IFMC/fmb/fm_xadr_reg_8_	->
  uDTSDI002Top/uAHB_IFMC/fmb/fm_xadr_reg_9_	->
  uDTSDI002Top/uAHB_IFMC/fmb/fm_xe_reg	->
  uDTSDI002Top/uAHB_IFMC/fmb/fm_yadr_reg_0_	->
  uDTSDI002Top/uAHB_IFMC/fmb/fm_yadr_reg_1_	->
  uDTSDI002Top/uAHB_IFMC/fmb/fm_yadr_reg_2_	->
  uDTSDI002Top/uAHB_IFMC/fmb/fm_yadr_reg_3_	->
  uDTSDI002Top/uAHB_IFMC/fmb/fm_yadr_reg_4_	->
  uDTSDI002Top/uAHB_IFMC/fmb/fm_yadr_reg_5_	->
  uDTSDI002Top/uAHB_IFMC/fmb/fm_ye_reg	->
  uDTSDI002Top/uAHB_IFMC/fmb/fmr_rdata_reg_0_	->
  uDTSDI002Top/uAHB_IFMC/fmb/fmr_rdata_reg_1_	->
  uDTSDI002Top/uAHB_IFMC/fmb/fmr_rdata_reg_2_	->
  uDTSDI002Top/uAHB_IFMC/fmb/fmr_rdata_reg_3_	->
  uDTSDI002Top/uAHB_IFMC/fmb/fmr_rdata_reg_4_	->
  uDTSDI002Top/uAHB_IFMC/fmb/fmr_rdata_reg_5_	->
  uDTSDI002Top/uAHB_IFMC/fmb/fmr_rdata_reg_6_	->
  uDTSDI002Top/uAHB_IFMC/fmb/fmr_rdata_reg_7_	->
  uDTSDI002Top/uAHB_IFMC/fmb/fmr_rdata_reg_8_	->
  uDTSDI002Top/uAHB_IFMC/fmb/fmr_rdata_reg_9_	->
  uDTSDI002Top/uAHB_IFMC/fmb/fmr_rdata_reg_10_	->
  uDTSDI002Top/uAHB_IFMC/fmb/fmr_rdata_reg_11_	->
  uDTSDI002Top/uAHB_IFMC/fmb/fmr_rdata_reg_12_	->
  uDTSDI002Top/uAHB_IFMC/fmb/fmr_rdata_reg_13_	->
  uDTSDI002Top/uAHB_IFMC/fmb/fmr_rdata_reg_14_	->
  uDTSDI002Top/uAHB_IFMC/fmb/fmr_rdata_reg_15_	->
  uDTSDI002Top/uAHB_IFMC/fmb/fmr_rdata_reg_16_	->
  uDTSDI002Top/uAHB_IFMC/fmb/fmr_rdata_reg_17_	->
  uDTSDI002Top/uAHB_IFMC/fmb/fmr_rdata_reg_18_	->
  uDTSDI002Top/uAHB_IFMC/fmb/fmr_rdata_reg_19_	->
  uDTSDI002Top/uAHB_IFMC/fmb/fmr_rdata_reg_20_	->
  uDTSDI002Top/uAHB_IFMC/fmb/fmr_rdata_reg_21_	->
  uDTSDI002Top/uAHB_IFMC/fmb/fmr_rdata_reg_22_	->
  uDTSDI002Top/uAHB_IFMC/fmb/fmr_rdata_reg_23_	->
  uDTSDI002Top/uAHB_IFMC/fmb/fmr_rdata_reg_24_	->
  uDTSDI002Top/uAHB_IFMC/fmb/fmr_rdata_reg_25_	->
  uDTSDI002Top/uAHB_IFMC/fmb/fmr_rdata_reg_26_	->
  uDTSDI002Top/uAHB_IFMC/fmb/fmr_rdata_reg_27_	->
  uDTSDI002Top/uAHB_IFMC/fmb/fmr_rdata_reg_28_	->
  uDTSDI002Top/uAHB_IFMC/fmb/fmr_rdata_reg_29_	->
  uDTSDI002Top/uAHB_IFMC/fmb/fmr_rdata_reg_30_	->
  uDTSDI002Top/uAHB_IFMC/fmb/fmr_rdata_reg_31_	->
  uDTSDI002Top/uAHB_IFMC/fmb/hdp_reg	->
  uDTSDI002Top/uAHB_IFMC/fmb/rd_cs_reg_0_	->
  uDTSDI002Top/uAHB_IFMC/fmb/rd_cs_reg_1_	->
  uDTSDI002Top/uAHB_IFMC/fmb/rd_cs_reg_2_	->
  uDTSDI002Top/uAHB_IFMC/fmb/rd_cs_reg_3_	->
  uDTSDI002Top/uAHB_IFMC/fmb/rdp_reg	->
  uDTSDI002Top/uAHB_IFMC/fmb/smart_reg_0_	->
  uDTSDI002Top/uAHB_IFMC/fmb/smart_reg_1_	->
  uDTSDI002Top/uAHB_IFMC/fmb/smart_reg_2_	->
  uDTSDI002Top/uAHB_IFMC/fmb/smart_reg_3_	->
  uDTSDI002Top/uAHB_IFMC/fmb/smart_reg_4_	->
  uDTSDI002Top/uAHB_IFMC/fmb/smart_reg_5_	->
  uDTSDI002Top/uAHB_IFMC/fmb/smart_reg_6_	->
  uDTSDI002Top/uAHB_IFMC/fmb/smart_reg_7_	->
  uDTSDI002Top/uAHB_IFMC/fmb/smart_reg_8_	->
  uDTSDI002Top/uAHB_IFMC/fmb/smart_reg_9_	->
  uDTSDI002Top/uAHB_IFMC/fmb/smart_reg_10_	->
  uDTSDI002Top/uAHB_IFMC/fmb/smart_reg_11_	->
  uDTSDI002Top/uAHB_IFMC/fmb/smart_reg_12_	->
  uDTSDI002Top/uAHB_IFMC/fmb/smart_reg_13_	->
  uDTSDI002Top/uAHB_IFMC/fmb/smart_reg_14_	->
  uDTSDI002Top/uAHB_IFMC/fmb/smart_reg_15_	->
  uDTSDI002Top/uAHB_IFMC/ifmc_bus/ifmc_rd/ahb_rdata_reg_0_	->
  uDTSDI002Top/uAHB_IFMC/ifmc_bus/ifmc_rd/ahb_rdata_reg_1_	->
  uDTSDI002Top/uAHB_IFMC/ifmc_bus/ifmc_rd/ahb_rdata_reg_2_	->
  uDTSDI002Top/uAHB_IFMC/ifmc_bus/ifmc_rd/ahb_rdata_reg_3_	->
  uDTSDI002Top/uAHB_IFMC/ifmc_bus/ifmc_rd/ahb_rdata_reg_4_	->
  uDTSDI002Top/uAHB_IFMC/ifmc_bus/ifmc_rd/ahb_rdata_reg_5_	->
  uDTSDI002Top/uAHB_IFMC/ifmc_bus/ifmc_rd/ahb_rdata_reg_6_	->
  uDTSDI002Top/uAHB_IFMC/ifmc_bus/ifmc_rd/ahb_rdata_reg_7_	->
  uDTSDI002Top/uAHB_IFMC/ifmc_bus/ifmc_rd/ahb_rdata_reg_8_	->
  uDTSDI002Top/uAHB_IFMC/ifmc_bus/ifmc_rd/ahb_rdata_reg_9_	->
  uDTSDI002Top/uAHB_IFMC/ifmc_bus/ifmc_rd/ahb_rdata_reg_10_	->
  uDTSDI002Top/uAHB_IFMC/ifmc_bus/ifmc_rd/ahb_rdata_reg_11_	->
  uDTSDI002Top/uAHB_IFMC/ifmc_bus/ifmc_rd/ahb_rdata_reg_12_	->
  uDTSDI002Top/uAHB_IFMC/ifmc_bus/ifmc_rd/ahb_rdata_reg_13_	->
  uDTSDI002Top/uAHB_IFMC/ifmc_bus/ifmc_rd/ahb_rdata_reg_14_	->
  uDTSDI002Top/uAHB_IFMC/ifmc_bus/ifmc_rd/ahb_rdata_reg_15_	->
  uDTSDI002Top/uAHB_IFMC/ifmc_bus/ifmc_rd/ahb_rdata_reg_16_	->
  uDTSDI002Top/uAHB_IFMC/ifmc_bus/ifmc_rd/ahb_rdata_reg_17_	->
  uDTSDI002Top/uAHB_IFMC/ifmc_bus/ifmc_rd/ahb_rdata_reg_18_	->
  uDTSDI002Top/uAHB_IFMC/ifmc_bus/ifmc_rd/ahb_rdata_reg_19_	->
  uDTSDI002Top/uAHB_IFMC/ifmc_bus/ifmc_rd/ahb_rdata_reg_20_	->
  uDTSDI002Top/uAHB_IFMC/ifmc_bus/ifmc_rd/ahb_rdata_reg_21_	->
  uDTSDI002Top/uAHB_IFMC/ifmc_bus/ifmc_rd/ahb_rdata_reg_22_	->
  uDTSDI002Top/uAHB_IFMC/ifmc_bus/ifmc_rd/ahb_rdata_reg_23_	->
  uDTSDI002Top/uAHB_IFMC/ifmc_bus/ifmc_rd/ahb_rdata_reg_24_	->
  uDTSDI002Top/uAHB_IFMC/ifmc_bus/ifmc_rd/ahb_rdata_reg_25_	->
  uDTSDI002Top/uAHB_IFMC/ifmc_bus/ifmc_rd/ahb_rdata_reg_26_	->
  uDTSDI002Top/uAHB_IFMC/ifmc_bus/ifmc_rd/ahb_rdata_reg_27_	->
  uDTSDI002Top/uAHB_IFMC/ifmc_bus/ifmc_rd/ahb_rdata_reg_28_	->
  uDTSDI002Top/uAHB_IFMC/ifmc_bus/ifmc_rd/ahb_rdata_reg_29_	->
  uDTSDI002Top/uAHB_IFMC/ifmc_bus/ifmc_rd/ahb_rdata_reg_30_	->
  uDTSDI002Top/uAHB_IFMC/ifmc_bus/ifmc_rd/ahb_rdata_reg_31_	->
  uDTSDI002Top/uAHB_IFMC/ifmc_bus/ifmc_rd/cs_reg_0_	->
  uDTSDI002Top/uAHB_IFMC/ifmc_bus/ifmc_rd/cs_reg_1_	->
  uDTSDI002Top/uAHB_IFMC/ifmc_bus/ifmc_rd/cs_reg_2_	->
  uDTSDI002Top/uAHB_IFMC/ifmc_bus/ifmc_rd/cs_reg_3_	->
  uDTSDI002Top/uAHB_IFMC/ifmc_bus/ifmc_rd/dphase_reg	->
  uDTSDI002Top/uAHB_IFMC/ifmc_bus/ifmc_rd/rdata_en_reg	->
  uDTSDI002Top/uAHB_IFMC/ifmc_bus/ifmc_rd/t_addr_reg_2_	->
  uDTSDI002Top/uAHB_IFMC/ifmc_bus/ifmc_rd/t_addr_reg_3_	->
  uDTSDI002Top/uAHB_IFMC/ifmc_bus/ifmc_rd/t_addr_reg_4_	->
  uDTSDI002Top/uAHB_IFMC/ifmc_bus/ifmc_rd/t_addr_reg_5_	->
  uDTSDI002Top/uAHB_IFMC/ifmc_bus/ifmc_rd/t_addr_reg_6_	->
  uDTSDI002Top/uAHB_IFMC/ifmc_bus/ifmc_rd/t_addr_reg_7_	->
  uDTSDI002Top/uAHB_IFMC/ifmc_bus/ifmc_rd/t_addr_reg_8_	->
  uDTSDI002Top/uAHB_IFMC/ifmc_bus/ifmc_rd/t_addr_reg_9_	->
  uDTSDI002Top/uAHB_IFMC/ifmc_bus/ifmc_rd/t_addr_reg_10_	->
  uDTSDI002Top/uAHB_IFMC/ifmc_bus/ifmc_rd/t_addr_reg_11_	->
  uDTSDI002Top/uAHB_IFMC/ifmc_bus/ifmc_rd/t_addr_reg_12_	->
  uDTSDI002Top/uAHB_IFMC/ifmc_bus/ifmc_rd/t_addr_reg_13_	->
  uDTSDI002Top/uAHB_IFMC/ifmc_bus/ifmc_rd/t_addr_reg_14_	->
  uDTSDI002Top/uAHB_IFMC/ifmc_bus/ifmc_rd/t_addr_reg_15_	->
  uDTSDI002Top/uAHB_IFMC/ifmc_bus/ifmc_rd/t_addr_reg_16_	->
  uDTSDI002Top/uAHB_IFMC/ifmc_bus/ifmc_rd/t_addr_reg_17_	->
  uDTSDI002Top/uAHB_IFMC/ifmc_bus/ifmc_reg/fmaddr_reg_0_	->
  uDTSDI002Top/uAHB_IFMC/ifmc_bus/ifmc_reg/fmaddr_reg_1_	->
  uDTSDI002Top/uAHB_IFMC/ifmc_bus/ifmc_reg/fmaddr_reg_2_	->
  uDTSDI002Top/uAHB_IFMC/ifmc_bus/ifmc_reg/fmaddr_reg_3_	->
  uDTSDI002Top/uAHB_IFMC/ifmc_bus/ifmc_reg/fmaddr_reg_4_	->
  uDTSDI002Top/uAHB_IFMC/ifmc_bus/ifmc_reg/fmaddr_reg_5_	->
  uDTSDI002Top/uAHB_IFMC/ifmc_bus/ifmc_reg/fmaddr_reg_6_	->
  uDTSDI002Top/uAHB_IFMC/ifmc_bus/ifmc_reg/fmaddr_reg_7_	->
  uDTSDI002Top/uAHB_IFMC/ifmc_bus/ifmc_reg/fmaddr_reg_8_	->
  uDTSDI002Top/uAHB_IFMC/ifmc_bus/ifmc_reg/fmaddr_reg_9_	->
  uDTSDI002Top/uAHB_IFMC/ifmc_bus/ifmc_reg/fmaddr_reg_10_	->
  uDTSDI002Top/uAHB_IFMC/ifmc_bus/ifmc_reg/fmaddr_reg_11_	->
  uDTSDI002Top/uAHB_IFMC/ifmc_bus/ifmc_reg/fmaddr_reg_12_	->
  uDTSDI002Top/uAHB_IFMC/ifmc_bus/ifmc_reg/fmaddr_reg_13_	->
  uDTSDI002Top/uAHB_IFMC/ifmc_bus/ifmc_reg/fmaddr_reg_14_	->
  uDTSDI002Top/uAHB_IFMC/ifmc_bus/ifmc_reg/fmaddr_reg_15_	->
  uDTSDI002Top/uAHB_IFMC/ifmc_bus/ifmc_reg/fmaddr_reg_16_	->
  uDTSDI002Top/uAHB_IFMC/ifmc_bus/ifmc_reg/fmaddr_reg_17_	->
  uDTSDI002Top/uAHB_IFMC/ifmc_bus/ifmc_reg/fmaddr_reg_18_	->
  uDTSDI002Top/uAHB_IFMC/ifmc_bus/ifmc_reg/fmaddr_reg_19_	->
  uDTSDI002Top/uAHB_IFMC/ifmc_bus/ifmc_reg/fmaddr_reg_20_	->
  uDTSDI002Top/uAHB_IFMC/ifmc_bus/ifmc_reg/fmaddr_reg_21_	->
  uDTSDI002Top/uAHB_IFMC/ifmc_bus/ifmc_reg/fmaddr_reg_22_	->
  uDTSDI002Top/uAHB_IFMC/ifmc_bus/ifmc_reg/fmaddr_reg_23_	->
  uDTSDI002Top/uAHB_IFMC/ifmc_bus/ifmc_reg/fmaddr_reg_24_	->
  uDTSDI002Top/uAHB_IFMC/ifmc_bus/ifmc_reg/fmaddr_reg_25_	->
  uDTSDI002Top/uAHB_IFMC/ifmc_bus/ifmc_reg/fmaddr_reg_26_	->
  uDTSDI002Top/uAHB_IFMC/ifmc_bus/ifmc_reg/fmaddr_reg_27_	->
  uDTSDI002Top/uAHB_IFMC/ifmc_bus/ifmc_reg/fmaddr_reg_28_	->
  uDTSDI002Top/uAHB_IFMC/ifmc_bus/ifmc_reg/fmaddr_reg_29_	->
  uDTSDI002Top/uAHB_IFMC/ifmc_bus/ifmc_reg/fmaddr_reg_30_	->
  uDTSDI002Top/uAHB_IFMC/ifmc_bus/ifmc_reg/fmaddr_reg_31_	->
  uDTSDI002Top/uAHB_IFMC/ifmc_bus/ifmc_reg/fmdata_reg_0_	->
  uDTSDI002Top/uAHB_IFMC/ifmc_bus/ifmc_reg/fmdata_reg_1_	->
  uDTSDI002Top/uAHB_IFMC/ifmc_bus/ifmc_reg/fmdata_reg_2_	->
  uDTSDI002Top/uAHB_IFMC/ifmc_bus/ifmc_reg/fmdata_reg_3_	->
  uDTSDI002Top/uAHB_IFMC/ifmc_bus/ifmc_reg/fmdata_reg_4_	->
  uDTSDI002Top/uAHB_IFMC/ifmc_bus/ifmc_reg/fmdata_reg_5_	->
  uDTSDI002Top/uAHB_IFMC/ifmc_bus/ifmc_reg/fmdata_reg_6_	->
  uDTSDI002Top/uAHB_IFMC/ifmc_bus/ifmc_reg/fmdata_reg_7_	->
  uDTSDI002Top/uAHB_IFMC/ifmc_bus/ifmc_reg/fmdata_reg_8_	->
  uDTSDI002Top/uAHB_IFMC/ifmc_bus/ifmc_reg/fmdata_reg_9_	->
  uDTSDI002Top/uAHB_IFMC/ifmc_bus/ifmc_reg/fmdata_reg_10_	->
  uDTSDI002Top/uAHB_IFMC/ifmc_bus/ifmc_reg/fmdata_reg_11_	->
  uDTSDI002Top/uAHB_IFMC/ifmc_bus/ifmc_reg/fmdata_reg_12_	->
  uDTSDI002Top/uAHB_IFMC/ifmc_bus/ifmc_reg/fmdata_reg_13_	->
  uDTSDI002Top/uAHB_IFMC/ifmc_bus/ifmc_reg/fmdata_reg_14_	->
  uDTSDI002Top/uAHB_IFMC/ifmc_bus/ifmc_reg/fmdata_reg_15_	->
  uDTSDI002Top/uAHB_IFMC/ifmc_bus/ifmc_reg/fmdata_reg_16_	->
  uDTSDI002Top/uAHB_IFMC/ifmc_bus/ifmc_reg/fmdata_reg_17_	->
  uDTSDI002Top/uAHB_IFMC/ifmc_bus/ifmc_reg/fmdata_reg_18_	->
  uDTSDI002Top/uAHB_IFMC/ifmc_bus/ifmc_reg/fmdata_reg_19_	->
  uDTSDI002Top/uAHB_IFMC/ifmc_bus/ifmc_reg/fmdata_reg_20_	->
  uDTSDI002Top/uAHB_IFMC/ifmc_bus/ifmc_reg/fmdata_reg_21_	->
  uDTSDI002Top/uAHB_IFMC/ifmc_bus/ifmc_reg/fmdata_reg_22_	->
  uDTSDI002Top/uAHB_IFMC/ifmc_bus/ifmc_reg/fmdata_reg_23_	->
  uDTSDI002Top/uAHB_IFMC/ifmc_bus/ifmc_reg/fmdata_reg_24_	->
  uDTSDI002Top/uAHB_IFMC/ifmc_bus/ifmc_reg/fmdata_reg_25_	->
  uDTSDI002Top/uAHB_IFMC/ifmc_bus/ifmc_reg/fmdata_reg_26_	->
  uDTSDI002Top/uAHB_IFMC/ifmc_bus/ifmc_reg/fmdata_reg_27_	->
  uDTSDI002Top/uAHB_IFMC/ifmc_bus/ifmc_reg/fmdata_reg_28_	->
  uDTSDI002Top/uAHB_IFMC/ifmc_bus/ifmc_reg/fmdata_reg_29_	->
  uDTSDI002Top/uAHB_IFMC/ifmc_bus/ifmc_reg/fmdata_reg_30_	->
  uDTSDI002Top/uAHB_IFMC/ifmc_bus/ifmc_reg/fmdata_reg_31_	->
  uDTSDI002Top/uAHB_IFMC/ifmc_bus/ifmc_reg/fmkey_reg_0_	->
  uDTSDI002Top/uAHB_IFMC/ifmc_bus/ifmc_reg/fmkey_reg_1_	->
  uDTSDI002Top/uAHB_IFMC/ifmc_bus/ifmc_reg/fmkey_reg_2_	->
  uDTSDI002Top/uAHB_IFMC/ifmc_bus/ifmc_reg/fmkey_reg_3_	->
  uDTSDI002Top/uAHB_IFMC/ifmc_bus/ifmc_reg/fmkey_reg_4_	->
  uDTSDI002Top/uAHB_IFMC/ifmc_bus/ifmc_reg/fmkey_reg_5_	->
  uDTSDI002Top/uAHB_IFMC/ifmc_bus/ifmc_reg/fmkey_reg_6_	->
  uDTSDI002Top/uAHB_IFMC/ifmc_bus/ifmc_reg/fmkey_reg_7_	->
  uDTSDI002Top/uAHB_IFMC/ifmc_bus/ifmc_reg/fmkey_reg_8_	->
  uDTSDI002Top/uAHB_IFMC/ifmc_bus/ifmc_reg/fmkey_reg_9_	->
  uDTSDI002Top/uAHB_IFMC/ifmc_bus/ifmc_reg/fmkey_reg_10_	->
  uDTSDI002Top/uAHB_IFMC/ifmc_bus/ifmc_reg/fmkey_reg_11_	->
  uDTSDI002Top/uAHB_IFMC/ifmc_bus/ifmc_reg/fmkey_reg_12_	->
  uDTSDI002Top/uAHB_IFMC/ifmc_bus/ifmc_reg/fmkey_reg_13_	->
  uDTSDI002Top/uAHB_IFMC/ifmc_bus/ifmc_reg/fmkey_reg_14_	->
  uDTSDI002Top/uAHB_IFMC/ifmc_bus/ifmc_reg/fmkey_reg_15_	->
  uDTSDI002Top/uAHB_IFMC/ifmc_bus/ifmc_reg/fmkey_reg_16_	->
  uDTSDI002Top/uAHB_IFMC/ifmc_bus/ifmc_reg/fmkey_reg_17_	->
  uDTSDI002Top/uAHB_IFMC/ifmc_bus/ifmc_reg/fmkey_reg_18_	->
  uDTSDI002Top/uAHB_IFMC/ifmc_bus/ifmc_reg/fmkey_reg_19_	->
  uDTSDI002Top/uAHB_IFMC/ifmc_bus/ifmc_reg/fmkey_reg_20_	->
  uDTSDI002Top/uAHB_IFMC/ifmc_bus/ifmc_reg/fmkey_reg_21_	->
  uDTSDI002Top/uAHB_IFMC/ifmc_bus/ifmc_reg/fmkey_reg_22_	->
  uDTSDI002Top/uAHB_IFMC/ifmc_bus/ifmc_reg/fmkey_reg_23_	->
  uDTSDI002Top/uAHB_IFMC/ifmc_bus/ifmc_reg/fmkey_reg_24_	->
  uDTSDI002Top/uAHB_IFMC/ifmc_bus/ifmc_reg/fmkey_reg_25_	->
  uDTSDI002Top/uAHB_IFMC/ifmc_bus/ifmc_reg/fmkey_reg_26_	->
  uDTSDI002Top/uAHB_IFMC/ifmc_bus/ifmc_reg/fmkey_reg_27_	->
  uDTSDI002Top/uAHB_IFMC/ifmc_bus/ifmc_reg/fmkey_reg_28_	->
  uDTSDI002Top/uAHB_IFMC/ifmc_bus/ifmc_reg/fmkey_reg_29_	->
  uDTSDI002Top/uAHB_IFMC/ifmc_bus/ifmc_reg/fmkey_reg_30_	->
  uDTSDI002Top/uAHB_IFMC/ifmc_bus/ifmc_reg/fmkey_reg_31_	->
  uDTSDI002Top/uAHB_IFMC/ifmc_bus/ifmc_reg/fmucon_reg_0_	->
  uDTSDI002Top/uAHB_IFMC/ifmc_bus/ifmc_reg/fmucon_reg_1_	->
  uDTSDI002Top/uAHB_IFMC/ifmc_bus/ifmc_reg/fmucon_reg_2_	->
  uDTSDI002Top/uAHB_IFMC/ifmc_bus/ifmc_reg/fmucon_reg_3_	->
  uDTSDI002Top/uAHB_IFMC/ifmc_bus/ifmc_reg/fmucon_reg_4_	->
  uDTSDI002Top/uAHB_IFMC/ifmc_bus/ifmc_reg/fmucon_reg_5_	->
  uDTSDI002Top/uAHB_IFMC/ifmc_bus/ifmc_reg/fmucon_reg_6_	->
  uDTSDI002Top/uAHB_IFMC/ifmc_bus/ifmc_reg/fmucon_reg_7_	->
  uDTSDI002Top/uAHB_IFMC/ifmc_bus/ifmc_reg/info_rd_reg	->
  uDTSDI002Top/uAHB_IFMC/ifmc_bus/ifmc_reg/rdata_reg_0_	->
  uDTSDI002Top/uAHB_IFMC/ifmc_bus/ifmc_reg/rdata_reg_1_	->
  uDTSDI002Top/uAHB_IFMC/ifmc_bus/ifmc_reg/rdata_reg_2_	->
  uDTSDI002Top/uAHB_IFMC/ifmc_bus/ifmc_reg/rdata_reg_3_	->
  uDTSDI002Top/uAHB_IFMC/ifmc_bus/ifmc_reg/rdata_reg_4_	->
  uDTSDI002Top/uAHB_IFMC/ifmc_bus/ifmc_reg/rdata_reg_5_	->
  uDTSDI002Top/uAHB_IFMC/ifmc_bus/ifmc_reg/rdata_reg_6_	->
  uDTSDI002Top/uAHB_IFMC/ifmc_bus/ifmc_reg/rdata_reg_7_	->
  uDTSDI002Top/uAHB_IFMC/ifmc_bus/ifmc_reg/rdata_reg_8_	->
  uDTSDI002Top/uAHB_IFMC/ifmc_bus/ifmc_reg/rdata_reg_9_	->
  uDTSDI002Top/uAHB_IFMC/ifmc_bus/ifmc_reg/rdata_reg_10_	->
  uDTSDI002Top/uAHB_IFMC/ifmc_bus/ifmc_reg/rdata_reg_11_	->
  uDTSDI002Top/uAHB_IFMC/ifmc_bus/ifmc_reg/rdata_reg_12_	->
  uDTSDI002Top/uAHB_IFMC/ifmc_bus/ifmc_reg/rdata_reg_13_	->
  uDTSDI002Top/uAHB_IFMC/ifmc_bus/ifmc_reg/rdata_reg_14_	->
  uDTSDI002Top/uAHB_IFMC/ifmc_bus/ifmc_reg/rdata_reg_15_	->
  uDTSDI002Top/uAHB_IFMC/ifmc_bus/ifmc_reg/rdata_reg_16_	->
  uDTSDI002Top/uAHB_IFMC/ifmc_bus/ifmc_reg/rdata_reg_17_	->
  uDTSDI002Top/uAHB_IFMC/ifmc_bus/ifmc_reg/rdata_reg_18_	->
  uDTSDI002Top/uAHB_IFMC/ifmc_bus/ifmc_reg/rdata_reg_19_	->
  uDTSDI002Top/uAHB_IFMC/ifmc_bus/ifmc_reg/rdata_reg_20_	->
  uDTSDI002Top/uAHB_IFMC/ifmc_bus/ifmc_reg/rdata_reg_21_	->
  uDTSDI002Top/uAHB_IFMC/ifmc_bus/ifmc_reg/rdata_reg_22_	->
  uDTSDI002Top/uAHB_IFMC/ifmc_bus/ifmc_reg/rdata_reg_23_	->
  uDTSDI002Top/uAHB_IFMC/ifmc_bus/ifmc_reg/rdata_reg_24_	->
  uDTSDI002Top/uAHB_IFMC/ifmc_bus/ifmc_reg/rdata_reg_25_	->
  uDTSDI002Top/uAHB_IFMC/ifmc_bus/ifmc_reg/rdata_reg_26_	->
  uDTSDI002Top/uAHB_IFMC/ifmc_bus/ifmc_reg/rdata_reg_27_	->
  uDTSDI002Top/uAHB_IFMC/ifmc_bus/ifmc_reg/rdata_reg_28_	->
  uDTSDI002Top/uAHB_IFMC/ifmc_bus/ifmc_reg/rdata_reg_29_	->
  uDTSDI002Top/uAHB_IFMC/ifmc_bus/ifmc_reg/rdata_reg_30_	->
  uDTSDI002Top/uAHB_IFMC/ifmc_bus/ifmc_reg/rdata_reg_31_	->
  uDTSDI002Top/uAHB_IFMC/ifmc_bus/ifmc_reg/rdwaitcycle_reg_0_	->
  uDTSDI002Top/uAHB_IFMC/ifmc_bus/ifmc_reg/rdwaitcycle_reg_1_	->
  uDTSDI002Top/uAHB_IFMC/ifmc_bus/ifmc_reg/treg_reg	->
  uDTSDI002Top/uAHB_IFMC/ifmc_bus/ifmc_reg/treg_reg0	->
  uDTSDI002Top/uAHB_IFMC/ifmc_bus/ifmc_reg/treg_reg1	->
  uDTSDI002Top/uAHB_IFMC/ifmc_bus/ifmc_reg/treg_reg2	->
  uDTSDI002Top/uAHB_IFMC/ifmc_bus/ifmc_reg/treg_reg3	->
  uDTSDI002Top/uAHB_IFMC/ifmc_bus/ifmc_reg/treg_reg4	->
  uDTSDI002Top/uAHB_IFMC/ifmc_bus/ifmc_reg/treg_reg5	->
  uDTSDI002Top/uAHB_IFMC/ifmc_bus/ifmc_reg/treg_reg6	->
  uDTSDI002Top/uAHB_IFMC/ifmc_bus/ifmc_reg/treg_reg7	->
  uDTSDI002Top/uAHB_IFMC/ifmc_bus/ifmc_reg/treg_reg8	->
  uDTSDI002Top/uAHB_IFMC/ifmc_bus/ifmc_reg/treg_reg9	->
  uDTSDI002Top/uAHB_IFMC/ifmc_bus/ifmc_reg/treg_reg10	->
  uDTSDI002Top/uAHB_IFMC/ifmc_bus/ifmc_reg/treg_reg11	->
  uDTSDI002Top/uAHB_IFMC/ifmc_bus/ifmc_reg/treg_reg12	->
  uDTSDI002Top/uAHB_IFMC/ifmc_bus/ifmc_reg/treg_reg13	->
  uDTSDI002Top/uAHB_IFMC/ifmc_bus/ifmc_reg/treg_reg14	->
  uDTSDI002Top/uAHB_IFMC/ifmc_bus/ifmc_reg/treg_reg15	->
  uDTSDI002Top/uAHB_IFMC/ifmc_bus/ifmc_reg/treg_reg16	->
  uDTSDI002Top/uAHB_IFMC/ifmc_bus/ifmc_reg/treg_reg17	->
  uDTSDI002Top/uAHB_IFMC/ifmc_bus/ifmc_reg/treg_reg18	->
  uDTSDI002Top/uAHB_IFMC/ifmc_bus/ifmc_reg/treg_reg19	->
  uDTSDI002Top/uAHB_IFMC/ifmc_bus/ifmc_reg/treg_reg20	->
  uDTSDI002Top/uAHB_IFMC/ifmc_bus/ifmc_reg/treg_reg21	->
  uDTSDI002Top/uAHB_IFMC/ifmc_bus/ifmc_reg/treg_reg22	->
  uDTSDI002Top/uAHB_IFMC/ifmc_bus/ifmc_reg/treg_reg23	->
  uDTSDI002Top/uAHB_IFMC/ifmc_bus/ifmc_reg/treg_reg24	->
  uDTSDI002Top/uAHB_IFMC/ifmc_bus/ifmc_reg/treg_reg25	->
  uDTSDI002Top/uAHB_IFMC/ifmc_bus/ifmc_reg/treg_reg26	->
  uDTSDI002Top/uAHB_IFMC/ifmc_bus/ifmc_reg/treg_reg27	->
  uDTSDI002Top/uAHB_IFMC/ifmc_bus/ifmc_reg/treg_reg28	->
  uDTSDI002Top/uAHB_IFMC/ifmc_bus/ifmc_reg/treg_reg29	->
  uDTSDI002Top/uAHB_IFMC/ifmc_bus/ifmc_reg/treg_reg30	->
  uDTSDI002Top/uAHB_IFMC/ifmc_bus/ifmc_reg/treg_reg31	->
  uDTSDI002Top/uAHB_IFMC/ifmc_bus/ifmc_reg/treg_reg32	->
  uDTSDI002Top/uAHB_IFMC/ifmc_bus/ifmc_reg/treg_reg33	->
  uDTSDI002Top/uAHB_IFMC/ifmc_bus/ifmc_reg/treg_reg34	->
  uDTSDI002Top/uAHB_IFMC/ifmc_bus/ifmc_reg/treg_reg35	->
  uDTSDI002Top/uAHB_IFMC/ifmc_bus/ifmc_reg/treg_reg36	->
  uDTSDI002Top/uAHB_IFMC/ifmc_bus/ifmc_reg/treg_reg37	->
  uDTSDI002Top/uAHB_IFMC/ifmc_bus/ifmc_reg/treg_reg38	->
  uDTSDI002Top/uAHB_IFMC/ifmc_bus/ifmc_reg/treg_reg39	->
  uDTSDI002Top/uAHB_IFMC/ifmc_bus/ifmc_reg/treg_reg40	->
  uDTSDI002Top/uAHB_IFMC/ifmc_bus/ifmc_reg/treg_reg41	->
  uDTSDI002Top/uAHB_IFMC/ifmc_bus/ifmc_reg/treg_reg42	->
  uDTSDI002Top/uAHB_IFMC/ifmc_bus/ifmc_reg/treg_reg43	->
  uDTSDI002Top/uAHB_IFMC/ifmc_bus/ifmc_reg/treg_reg44	->
  uDTSDI002Top/uAHB_IFMC/ifmc_bus/ifmc_reg/treg_reg45	->
  uDTSDI002Top/uAHB_IFMC/ifmc_bus/ifmc_reg/treg_reg46	->
  uDTSDI002Top/uAHB_IFMC/ifmc_bus/ifmc_reg/treg_reg47	->
  uDTSDI002Top/uAHB_IFMC/ifmc_bus/ifmc_reg/treg_reg48	->
  uDTSDI002Top/uAHB_IFMC/ifmc_bus/ifmc_reg/treg_reg49	->
  uDTSDI002Top/uAHB_IFMC/ifmc_bus/ifmc_reg/treg_reg50	->
  uDTSDI002Top/uAHB_IFMC/ifmc_bus/ifmc_reg/treg_reg51	->
  uDTSDI002Top/uAHB_IFMC/ifmc_bus/ifmc_reg/treg_reg52	->
  uDTSDI002Top/uAHB_IFMC/ifmc_bus/ifmc_reg/treg_reg53	->
  uDTSDI002Top/uAHB_IFMC/ifmc_bus/ifmc_reg/treg_reg54	->
  uDTSDI002Top/uAHB_IFMC/ifmc_bus/ifmc_reg/treg_reg55	->
  uDTSDI002Top/uAHB_IFMC/ifmc_bus/ifmc_reg/treg_reg56	->
  uDTSDI002Top/uAHB_IFMC/ifmc_bus/ifmc_reg/treg_reg57	->
  uDTSDI002Top/uAHB_IFMC/ifmc_bus/ifmc_reg/treg_reg58	->
  uDTSDI002Top/uAHB_IFMC/ifmc_bus/ifmc_reg/treg_reg59	->
  uDTSDI002Top/uAHB_IFMC/ifmc_bus/ifmc_reg/treg_reg60	->
  uDTSDI002Top/uAHB_IFMC/ifmc_bus/ifmc_reg/treg_reg61	->
  uDTSDI002Top/uAHB_IFMC/ifmc_bus/ifmc_reg/treg_reg62	->
  uDTSDI002Top/uAHB_IFMC/ifmc_bus/ifmc_reg/treg_reg63	->
  uDTSDI002Top/uAHB_IFMC/ifmc_bus/ifmc_reg/treg_reg64	->
  uDTSDI002Top/uAHB_IFMC/ifmc_bus/ifmc_reg/treg_reg65	->
  uDTSDI002Top/uAHB_IFMC/ifmc_bus/ifmc_reg/treg_reg66	->
  uDTSDI002Top/uAHB_IFMC/ifmc_bus/ifmc_reg/treg_reg67	->
  uDTSDI002Top/uAHB_IFMC/ifmc_bus/ifmc_reg/treg_reg68	->
  uDTSDI002Top/uAHB_IFMC/ifmc_bus/ifmc_reg/treg_reg69	->
  uDTSDI002Top/uAHB_IFMC/ifmc_bus/ifmc_reg/treg_reg70	->
  uDTSDI002Top/uAHB_IFMC/ifmc_bus/ifmc_reg/treg_reg71	->
  uDTSDI002Top/uAHB_IFMC/ifmc_bus/ifmc_reg/treg_reg72	->
  uDTSDI002Top/uAHB_IFMC/ifmc_bus/ifmc_reg/treg_reg73	->
  uDTSDI002Top/uAHB_IFMC/ifmc_bus/ifmc_reg/treg_reg74	->
  uDTSDI002Top/uAHB_IFMC/ifmc_bus/ifmc_reg/treg_reg75	->
  uDTSDI002Top/uAHB_IFMC/ifmc_bus/ifmc_reg/treg_reg76	->
  uDTSDI002Top/uAHB_IFMC/ifmc_bus/ifmc_reg/treg_reg77	->
  uDTSDI002Top/uAHB_IFMC/ifmc_bus/ifmc_reg/treg_reg78	->
  uDTSDI002Top/uAHB_IFMC/ifmc_bus/ifmc_reg/treg_reg79	->
  uDTSDI002Top/uAHB_IFMC/ifmc_bus/ifmc_reg/treg_reg80	->
  uDTSDI002Top/uAHB_IFMC/ifmc_bus/ifmc_reg/treg_reg81	->
  uDTSDI002Top/uAHB_IFMC/ifmc_bus/ifmc_reg/treg_reg82	->
  uDTSDI002Top/uAHB_IFMC/ifmc_bus/ifmc_reg/treg_reg83	->
  uDTSDI002Top/uAHB_IFMC/ifmc_bus/ifmc_reg/treg_reg84	->
  uDTSDI002Top/uAHB_IFMC/ifmc_bus/ifmc_reg/treg_reg85	->
  uDTSDI002Top/uAHB_IFMC/ifmc_bus/ifmc_reg/treg_reg86	->
  uDTSDI002Top/uAHB_IFMC/ifmc_bus/ifmc_reg/treg_reg87	->
  uDTSDI002Top/uAHB_IFMC/ifmc_bus/ifmc_reg/treg_reg88	->
  uDTSDI002Top/uAHB_IFMC/ifmc_bus/ifmc_reg/treg_reg89	->
  uDTSDI002Top/uAHB_IFMC/ifmc_bus/ifmc_reg/treg_reg90	->
  uDTSDI002Top/uAHB_IFMC/ifmc_bus/ifmc_reg/treg_reg91	->
  uDTSDI002Top/uAHB_IFMC/ifmc_bus/ifmc_reg/treg_reg92	->
  uDTSDI002Top/uAHB_IFMC/ifmc_bus/ifmc_reg/treg_reg93	->
  uDTSDI002Top/uAHB_IFMC/ifmc_bus/ifmc_reg/treg_reg94	->
  uDTSDI002Top/uAHB_IFMC/ifmc_bus/ifmc_reg/treg_reg95	->
  uDTSDI002Top/uAHB_IFMC/ifmc_bus/ifmc_reg/treg_reg96	->
  uDTSDI002Top/uAHB_IFMC/ifmc_bus/ifmc_reg/treg_reg97	->
  uDTSDI002Top/uAHB_IFMC/ifmc_bus/ifmc_reg/treg_reg98	->
  uDTSDI002Top/uAHB_IFMC/ifmc_bus/ifmc_reg/treg_reg99	->
  uDTSDI002Top/uAHB_IFMC/ifmc_bus/ifmc_reg/treg_reg100	->
  uDTSDI002Top/uAHB_IFMC/ifmc_bus/ifmc_reg/treg_reg101	->
  uDTSDI002Top/uAHB_IFMC/ifmc_bus/ifmc_reg/treg_reg102	->
  uDTSDI002Top/uAHB_IFMC/ifmc_bus/ifmc_reg/treg_reg103	->
  uDTSDI002Top/uAHB_IFMC/ifmc_bus/ifmc_reg/treg_reg104	->
  uDTSDI002Top/uAHB_IFMC/ifmc_bus/ifmc_reg/treg_reg105	->
  uDTSDI002Top/uAHB_IFMC/ifmc_bus/ifmc_reg/treg_reg106	->
  uDTSDI002Top/uAHB_IFMC/ifmc_bus/ifmc_reg/treg_reg107	->
  uDTSDI002Top/uAHB_IFMC/ifmc_bus/ifmc_reg/treg_reg108	->
  uDTSDI002Top/uAHB_IFMC/ifmc_bus/ifmc_reg/treg_reg109	->
  uDTSDI002Top/uAHB_IFMC/ifmc_bus/ifmc_reg/treg_reg110	->
  uDTSDI002Top/uAHB_IFMC/ifmc_bus/ifmc_reg/treg_reg111	->
  uDTSDI002Top/uAHB_IFMC/ifmc_bus/ifmc_reg/treg_reg112	->
  uDTSDI002Top/uAHB_IFMC/ifmc_bus/ifmc_reg/treg_reg113	->
  uDTSDI002Top/uAHB_IFMC/ifmc_bus/ifmc_reg/treg_reg114	->
  uDTSDI002Top/uAHB_IFMC/ifmc_bus/ifmc_reg/treg_reg115	->
  uDTSDI002Top/uAHB_IFMC/ifmc_bus/ifmc_reg/treg_reg116	->
  uDTSDI002Top/uAHB_IFMC/ifmc_bus/ifmc_reg/treg_reg117	->
  uDTSDI002Top/uAHB_IFMC/ifmc_bus/ifmc_reg/treg_reg118	->
  uDTSDI002Top/uAHB_IFMC/ifmc_bus/ifmc_reg/treg_reg119	->
  uDTSDI002Top/uAHB_IFMC/ifmc_bus/ifmc_reg/treg_reg120	->
  uDTSDI002Top/uAHB_IFMC/ifmc_bus/ifmc_reg/treg_reg121	->
  uDTSDI002Top/uAHB_IFMC/ifmc_bus/ifmc_reg/treg_reg122	->
  uDTSDI002Top/uAHB_IFMC/ifmc_bus/ifmc_reg/treg_reg123	->
  uDTSDI002Top/uAHB_IFMC/ifmc_bus/ifmc_reg/treg_reg124	->
  uDTSDI002Top/uAHB_IFMC/ifmc_bus/ifmc_reg/treg_reg125	->
  uDTSDI002Top/uAHB_IFMC/ifmc_bus/ifmc_reg/treg_reg126	->
  uDTSDI002Top/uAHB_IFMC/ifmc_bus/ifmc_reg/treg_reg127	->
  uDTSDI002Top/uAHB_IFMC/ifmc_bus/ifmc_reg/treg_reg128	->
  uDTSDI002Top/uAHB_IFMC/ifmc_bus/ifmc_reg/treg_reg129	->
  uDTSDI002Top/uAHB_IFMC/ifmc_bus/ifmc_reg/treg_reg130	->
  uDTSDI002Top/uAHB_IFMC/ifmc_bus/ifmc_reg/treg_reg131	->
  uDTSDI002Top/uAHB_IFMC/ifmc_bus/ifmc_reg/treg_reg132	->
  uDTSDI002Top/uAHB_IFMC/ifmc_bus/ifmc_reg/treg_reg133	->
  uDTSDI002Top/uAHB_IFMC/ifmc_bus/ifmc_reg/treg_reg134	->
  uDTSDI002Top/uAHB_IFMC/ifmc_bus/ifmc_reg/treg_reg135	->
  uDTSDI002Top/uAHB_IFMC/ifmc_bus/ifmc_reg/treg_reg136	->
  uDTSDI002Top/uAHB_IFMC/ifmc_bus/ifmc_reg/treg_reg137	->
  uDTSDI002Top/uAHB_IFMC/ifmc_bus/ifmc_reg/treg_reg138	->
  uDTSDI002Top/uAHB_IFMC/ifmc_bus/ifmc_reg/treg_reg139	->
  uDTSDI002Top/uAHB_IFMC/ifmc_bus/ifmc_reg/treg_reg140	->
  uDTSDI002Top/uAHB_IFMC/ifmc_bus/ifmc_reg/treg_reg141	->
  uDTSDI002Top/uAHB_IFMC/ifmc_bus/ifmc_reg/treg_reg142	->
  uDTSDI002Top/uAHB_IFMC/ifmc_bus/ifmc_reg/treg_reg143	->
  uDTSDI002Top/uAHB_IFMC/ifmc_bus/ifmc_reg/treg_reg144	->
  uDTSDI002Top/uAHB_IFMC/ifmc_bus/ifmc_reg/treg_reg145	->
  uDTSDI002Top/uAHB_IFMC/ifmc_bus/ifmc_reg/treg_reg146	->
  uDTSDI002Top/uAHB_IFMC/ifmc_bus/ifmc_reg/treg_reg147	->
  uDTSDI002Top/uAHB_IFMC/ifmc_bus/ifmc_reg/treg_reg148	->
  uDTSDI002Top/uAHB_IFMC/ifmc_bus/ifmc_reg/treg_reg149	->
  uDTSDI002Top/uAHB_IFMC/ifmc_bus/ifmc_reg/treg_reg150	->
  uDTSDI002Top/uAHB_IFMC/ifmc_bus/ifmc_reg/treg_reg151	->
  uDTSDI002Top/uAHB_IFMC/ifmc_bus/ifmc_reg/treg_reg152	->
  uDTSDI002Top/uAHB_IFMC/ifmc_bus/ifmc_reg/treg_reg153	->
  uDTSDI002Top/uAHB_IFMC/ifmc_bus/ifmc_reg/treg_reg154	->
  uDTSDI002Top/uAHB_IFMC/ifmc_bus/ifmc_reg/treg_reg155	->
  uDTSDI002Top/uAHB_IFMC/ifmc_bus/ifmc_reg/treg_reg156	->
  uDTSDI002Top/uAHB_IFMC/ifmc_bus/ifmc_reg/treg_reg157	->
  uDTSDI002Top/uAHB_IFMC/ifmc_bus/ifmc_reg/treg_reg158	->
  uDTSDI002Top/uAHB_IFMC/ifmc_bus/ifmc_reg/treg_reg159	->
  uDTSDI002Top/uAHB_IFMC/ifmc_bus/ifmc_reg/treg_reg160	->
  uDTSDI002Top/uAHB_IFMC/ifmc_bus/ifmc_reg/treg_reg161	->
  uDTSDI002Top/uAHB_IFMC/ifmc_bus/ifmc_reg/treg_reg162	->
  uDTSDI002Top/uAHB_IFMC/ifmc_bus/ifmc_reg/treg_reg163	->
  uDTSDI002Top/uAHB_IFMC/ifmc_bus/ifmc_reg/treg_reg164	->
  uDTSDI002Top/uAHB_IFMC/ifmc_bus/ifmc_reg/treg_reg165	->
  uDTSDI002Top/uAHB_IFMC/ifmc_bus/ifmc_reg/treg_reg166	->
  uDTSDI002Top/uAHB_IFMC/ifmc_bus/ifmc_reg/treg_reg167	->
  uDTSDI002Top/uAHB_IFMC/ifmc_bus/ifmc_reg/treg_reg168	->
  uDTSDI002Top/uAHB_IFMC/ifmc_bus/ifmc_reg/treg_reg169	->
  uDTSDI002Top/uAHB_IFMC/ifmc_bus/ifmc_reg/treg_reg170	->
  uDTSDI002Top/uAHB_IFMC/ifmc_bus/ifmc_reg/treg_reg171	->
  uDTSDI002Top/uAHB_IFMC/ifmc_bus/ifmc_reg/treg_reg172	->
  uDTSDI002Top/uAHB_IFMC/ifmc_bus/ifmc_reg/treg_reg173	->
  uDTSDI002Top/uAHB_IFMC/ifmc_bus/ifmc_reg/treg_reg174	->
  uDTSDI002Top/uAHB_IFMC/ifmc_bus/ifmc_reg/treg_reg175	->
  uDTSDI002Top/uAHB_IFMC/ifmc_bus/ifmc_reg/treg_reg176	->
  uDTSDI002Top/uAHB_IFMC/ifmc_bus/ifmc_reg/treg_reg177	->
  uDTSDI002Top/uAHB_IFMC/ifmc_bus/ifmc_reg/treg_reg178	->
  uDTSDI002Top/uAHB_IFMC/ifmc_bus/ifmc_reg/treg_reg179	->
  uDTSDI002Top/uAHB_IFMC/ifmc_bus/ifmc_reg/treg_reg180	->
  uDTSDI002Top/uAHB_IFMC/ifmc_bus/ifmc_reg/treg_reg181	->
  uDTSDI002Top/uAHB_IFMC/ifmc_bus/ifmc_reg/treg_reg182	->
  uDTSDI002Top/uAHB_IFMC/ifmc_bus/ifmc_reg/treg_reg183	->
  uDTSDI002Top/uAHB_IFMC/ifmc_bus/ifmc_reg/treg_reg184	->
  uDTSDI002Top/uAHB_IFMC/ifmc_bus/ifmc_reg/treg_reg185	->
  uDTSDI002Top/uAHB_IFMC/ifmc_bus/ifmc_reg/treg_reg186	->
  uDTSDI002Top/uAHB_IFMC/ifmc_bus/ifmc_reg/treg_reg187	->
  uDTSDI002Top/uAHB_IFMC/ifmc_bus/ifmc_reg/treg_reg188	->
  uDTSDI002Top/uAHB_IFMC/ifmc_bus/ifmc_reg/treg_reg189	->
  uDTSDI002Top/uAHB_IFMC/ifmc_bus/ifmc_reg/treg_reg190	->
  uDTSDI002Top/uAHB_IFMC/ifmc_bus/ifmc_wr/counter0_reg_0_	->
  uDTSDI002Top/uAHB_IFMC/ifmc_bus/ifmc_wr/counter0_reg_1_	->
  uDTSDI002Top/uAHB_IFMC/ifmc_bus/ifmc_wr/counter0_reg_2_	->
  uDTSDI002Top/uAHB_IFMC/ifmc_bus/ifmc_wr/counter0_reg_3_	->
  uDTSDI002Top/uAHB_IFMC/ifmc_bus/ifmc_wr/counter0_reg_4_	->
  uDTSDI002Top/uAHB_IFMC/ifmc_bus/ifmc_wr/counter0_reg_5_	->
  uDTSDI002Top/uAHB_IFMC/ifmc_bus/ifmc_wr/counter0_reg_6_	->
  uDTSDI002Top/uAHB_IFMC/ifmc_bus/ifmc_wr/counter0_reg_7_	->
  uDTSDI002Top/uAHB_IFMC/ifmc_bus/ifmc_wr/counter0_reg_8_	->
  uDTSDI002Top/uAHB_IFMC/ifmc_bus/ifmc_wr/counter1_reg_0_	->
  uDTSDI002Top/uAHB_IFMC/ifmc_bus/ifmc_wr/counter1_reg_1_	->
  uDTSDI002Top/uAHB_IFMC/ifmc_bus/ifmc_wr/counter1_reg_2_	->
  uDTSDI002Top/uAHB_IFMC/ifmc_bus/ifmc_wr/counter1_reg_3_	->
  uDTSDI002Top/uAHB_IFMC/ifmc_bus/ifmc_wr/counter1_reg_4_	->
  uDTSDI002Top/uAHB_IFMC/ifmc_bus/ifmc_wr/counter1_reg_5_	->
  uDTSDI002Top/uAHB_IFMC/ifmc_bus/ifmc_wr/counter1_reg_6_	->
  uDTSDI002Top/uAHB_IFMC/ifmc_bus/ifmc_wr/counter1_reg_7_	->
  uDTSDI002Top/uAHB_IFMC/ifmc_bus/ifmc_wr/counter1_reg_8_	->
  uDTSDI002Top/uAHB_IFMC/ifmc_bus/ifmc_wr/counter2_reg_0_	->
  uDTSDI002Top/uAHB_IFMC/ifmc_bus/ifmc_wr/counter2_reg_1_	->
  uDTSDI002Top/uAHB_IFMC/ifmc_bus/ifmc_wr/counter2_reg_2_	->
  uDTSDI002Top/uAHB_IFMC/ifmc_bus/ifmc_wr/counter2_reg_3_	->
  uDTSDI002Top/uAHB_IFMC/ifmc_bus/ifmc_wr/counter2_reg_4_	->
  uDTSDI002Top/uAHB_IFMC/ifmc_bus/ifmc_wr/counter2_reg_5_	->
  uDTSDI002Top/uAHB_IFMC/ifmc_bus/ifmc_wr/counter2_reg_6_	->
  uDTSDI002Top/uAHB_IFMC/ifmc_bus/ifmc_wr/counter2_reg_7_	->
  uDTSDI002Top/uAHB_IFMC/ifmc_bus/ifmc_wr/cs_reg_0_	->
  uDTSDI002Top/uAHB_IFMC/ifmc_bus/ifmc_wr/cs_reg_1_	->
  uDTSDI002Top/uAHB_IFMC/ifmc_bus/ifmc_wr/cs_reg_2_	->
  uDTSDI002Top/uAHB_IFMC/ifmc_bus/ifmc_wr/cs_reg_3_	->
  uDTSDI002Top/uAHB_IFMC/ifmc_bus/ifmc_wr/cs_reg_4_	->
  uDTSDI002Top/uAHB_IFMC/ifmc_bus/ifmc_wr/cs_reg_5_	->
  uDTSDI002Top/uAHB_IFMC/ifmc_bus/ifmc_wr/cs_reg_6_	->
  uDTSDI002Top/uAHB_IFMC/ifmc_bus/ifmc_wr/cs_reg_7_	->
  uDTSDI002Top/uAHB_IFMC/ifmc_bus/ifmc_wr/cs_reg_8_	->
  uDTSDI002Top/uAHB_IFMC/ifmc_bus/ifmc_wr/cs_reg_9_	->
  uDTSDI002Top/uAHB_IFMC/ifmc_bus/ifmc_wr/cs_reg_10_	->
  uDTSDI002Top/uAHB_IFMC/ifmc_bus/ifmc_wr/cs_reg_11_	->
  uDTSDI002Top/uAHB_IFMC/ifmc_bus/ifmc_wr/cs_reg_12_	->
  uDTSDI002Top/uAHB_IFMC/ifmc_bus/ifmc_wr/cs_reg_13_	->
  uDTSDI002Top/uAHB_IFMC/ifmc_bus/ifmc_wr/cs_reg_14_	->
  uDTSDI002Top/uAHB_IFMC/ifmc_bus/ifmc_wr/cs_reg_15_	->
  uDTSDI002Top/uAHB_IFMC/ifmc_bus/ifmc_wr/cs_reg_16_	->
  uDTSDI002Top/uAHB_IFMC/ifmc_bus/ifmc_wr/fmucon_lt_reg_0_	->
  uDTSDI002Top/uAHB_IFMC/ifmc_bus/ifmc_wr/fmucon_lt_reg_1_	->
  uDTSDI002Top/uAHB_IFMC/ifmc_bus/ifmc_wr/fmucon_lt_reg_2_	->
  uDTSDI002Top/uAHB_IFMC/ifmc_bus/ifmc_wr/fmucon_lt_reg_5_	->
  uDTSDI002Top/uAHB_IFMC/ifmc_bus/ifmc_wr/fmucon_lt_reg_6_	->
  uDTSDI002Top/uAHB_IFMC/ifmc_bus/ifmc_wr/key_hit_lt_reg	->
  uDTSDI002Top/uAHB_IFMC/ifmc_bus/ifmc_wr/operation_reg	->
  uDTSDI002Top/uAHB_IFMC/ifmc_bus/ifmc_wr/perase_hit_reg	->
  uDTSDI002Top/uAHB_IFMC/ifmc_bus/ifmc_wr/protected_reg	->
  uDTSDI002Top/uAHB_IFMC/ifmc_bus/ifmc_wr/pscal_d1_reg	->
  uDTSDI002Top/uAHB_IFMC/ifmc_bus/ifmc_wr/pscal_d2_reg	->
  uDTSDI002Top/uAHB_IFMC/ifmc_bus/ifmc_wr/pscal_d3_reg	->
  uDTSDI002Top/uAHB_IFMC/ifmc_bus/ifmc_wr/pscaler/cnt_reg_0_	->
  uDTSDI002Top/uAHB_IFMC/ifmc_bus/ifmc_wr/pscaler/cnt_reg_1_	->
  uDTSDI002Top/uAHB_IFMC/ifmc_bus/ifmc_wr/pscaler/cnt_reg_2_	->
  uDTSDI002Top/uAHB_IFMC/ifmc_bus/ifmc_wr/pscaler/cnt_reg_3_	->
  uDTSDI002Top/uAHB_IFMC/ifmc_bus/ifmc_wr/pscaler/cnt_reg_4_	->
  uDTSDI002Top/uAHB_IFMC/ifmc_bus/ifmc_wr/pscaler/cnt_reg_5_	->
  uDTSDI002Top/uAHB_IFMC/ifmc_bus/ifmc_wr/pscaler/cnt_reg_6_	->
  uDTSDI002Top/uAHB_IFMC/ifmc_bus/ifmc_wr/pscaler/pscal_clk_reg	->
  uDTSDI002Top/uAHB_ISMC/ahb_addr_dp_reg_2_	->
  uDTSDI002Top/uAHB_ISMC/ahb_addr_dp_reg_3_	->
  uDTSDI002Top/uAHB_ISMC/ahb_addr_dp_reg_4_	->
  uDTSDI002Top/uAHB_ISMC/ahb_addr_dp_reg_5_	->
  uDTSDI002Top/uAHB_ISMC/ahb_addr_dp_reg_6_	->
  uDTSDI002Top/uAHB_ISMC/ahb_addr_dp_reg_7_	->
  uDTSDI002Top/uAHB_ISMC/ahb_addr_dp_reg_8_	->
  uDTSDI002Top/uAHB_ISMC/ahb_addr_dp_reg_9_	->
  uDTSDI002Top/uAHB_ISMC/ahb_addr_dp_reg_10_	->
  uDTSDI002Top/uAHB_ISMC/ahb_addr_dp_reg_11_	->
  uDTSDI002Top/uAHB_ISMC/ahb_addr_dp_reg_12_	->
  uDTSDI002Top/uAHB_ISMC/ahb_addr_dp_reg_13_	->
  uDTSDI002Top/uAHB_ISMC/ahb_addr_dp_reg_14_	->
  uDTSDI002Top/uAHB_ISMC/ahb_addr_dp_tri_enable_reg_2_	->
  uDTSDI002Top/uAHB_ISMC/ahb_addr_dp_tri_enable_reg_3_	->
  uDTSDI002Top/uAHB_ISMC/ahb_addr_dp_tri_enable_reg_4_	->
  uDTSDI002Top/uAHB_ISMC/ahb_addr_dp_tri_enable_reg_5_	->
  uDTSDI002Top/uAHB_ISMC/ahb_addr_dp_tri_enable_reg_6_	->
  uDTSDI002Top/uAHB_ISMC/ahb_addr_dp_tri_enable_reg_7_	->
  uDTSDI002Top/uAHB_ISMC/ahb_addr_dp_tri_enable_reg_8_	->
  uDTSDI002Top/uAHB_ISMC/ahb_addr_dp_tri_enable_reg_9_	->
  uDTSDI002Top/uAHB_ISMC/ahb_addr_dp_tri_enable_reg_10_	->
  uDTSDI002Top/uAHB_ISMC/ahb_addr_dp_tri_enable_reg_11_	->
  uDTSDI002Top/uAHB_ISMC/ahb_addr_dp_tri_enable_reg_12_	->
  uDTSDI002Top/uAHB_ISMC/ahb_addr_dp_tri_enable_reg_13_	->
  uDTSDI002Top/uAHB_ISMC/ahb_addr_dp_tri_enable_reg_14_	->
  uDTSDI002Top/uAHB_ISMC/cs_reg	->
  uDTSDI002Top/uAHB_ISMC/rd_cmd_reg	->
  uDTSDI002Top/uAHB_ISMC/rd_dphase_reg	->
  uDTSDI002Top/uAHB_ISMC/wr_be_reg_0_	->
  uDTSDI002Top/uAHB_ISMC/wr_be_reg_1_	->
  uDTSDI002Top/uAHB_ISMC/wr_be_reg_2_	->
  uDTSDI002Top/uAHB_ISMC/wr_be_reg_3_	->
  uDTSDI002Top/uAHB_ISMC/wr_cmd_reg	->
  uDTSDI002Top/uAPB_ADC_Ctrl/U0_adc_control/ADC_STATE_reg_0_	->
  uDTSDI002Top/uAPB_ADC_Ctrl/U0_adc_control/ADC_STATE_reg_1_	->
  uDTSDI002Top/uAPB_ADC_Ctrl/U0_adc_control/ADC_STATE_reg_2_	->
  uDTSDI002Top/uAPB_ADC_Ctrl/U0_adc_control/ADC_STATE_reg_3_	->
  uDTSDI002Top/uAPB_ADC_Ctrl/U0_adc_control/CLK_ADCCLK_1d_reg	->
  uDTSDI002Top/uAPB_ADC_Ctrl/U0_adc_control/adcclk_count_reg_0_	->
  uDTSDI002Top/uAPB_ADC_Ctrl/U0_adc_control/adcclk_count_reg_1_	->
  uDTSDI002Top/uAPB_ADC_Ctrl/U0_adc_control/adcclk_count_reg_2_	->
  uDTSDI002Top/uAPB_ADC_Ctrl/U0_adc_control/iPRDATA_reg_0_	->
  uDTSDI002Top/uAPB_ADC_Ctrl/U0_adc_control/iPRDATA_reg_1_	->
  uDTSDI002Top/uAPB_ADC_Ctrl/U0_adc_control/iPRDATA_reg_2_	->
  uDTSDI002Top/uAPB_ADC_Ctrl/U0_adc_control/iPRDATA_reg_3_	->
  uDTSDI002Top/uAPB_ADC_Ctrl/U0_adc_control/iPRDATA_reg_4_	->
  uDTSDI002Top/uAPB_ADC_Ctrl/U0_adc_control/iPRDATA_reg_5_	->
  uDTSDI002Top/uAPB_ADC_Ctrl/U0_adc_control/iPRDATA_reg_6_	->
  uDTSDI002Top/uAPB_ADC_Ctrl/U0_adc_control/iPRDATA_reg_7_	->
  uDTSDI002Top/uAPB_ADC_Ctrl/U0_adc_control/iPRDATA_reg_8_	->
  uDTSDI002Top/uAPB_ADC_Ctrl/U0_adc_control/iPRDATA_reg_9_	->
  uDTSDI002Top/uAPB_ADC_Ctrl/U0_adc_control/iPRDATA_reg_10_	->
  uDTSDI002Top/uAPB_ADC_Ctrl/U0_adc_control/iPRDATA_reg_11_	->
  uDTSDI002Top/uAPB_ADC_Ctrl/U0_adc_control/iPRDATA_reg_12_	->
  uDTSDI002Top/uAPB_ADC_Ctrl/U0_adc_control/iPRDATA_reg_13_	->
  uDTSDI002Top/uAPB_ADC_Ctrl/U0_adc_control/iPRDATA_reg_14_	->
  uDTSDI002Top/uAPB_ADC_Ctrl/U0_adc_control/iPRDATA_reg_15_	->
  uDTSDI002Top/uAPB_ADC_Ctrl/U0_adc_control/rADCCON_reg_0_	->
  uDTSDI002Top/uAPB_ADC_Ctrl/U0_adc_control/rADCCON_reg_1_	->
  uDTSDI002Top/uAPB_ADC_Ctrl/U0_adc_control/rADCCON_reg_2_	->
  uDTSDI002Top/uAPB_ADC_Ctrl/U0_adc_control/rADCCON_reg_3_	->
  uDTSDI002Top/uAPB_ADC_Ctrl/U0_adc_control/rADCCON_reg_4_	->
  uDTSDI002Top/uAPB_ADC_Ctrl/U0_adc_control/rADCCON_reg_5_	->
  uDTSDI002Top/uAPB_ADC_Ctrl/U0_adc_control/rADCCON_reg_6_	->
  uDTSDI002Top/uAPB_ADC_Ctrl/U0_adc_control/rADCCON_reg_7_	->
  uDTSDI002Top/uAPB_ADC_Ctrl/U0_adc_control/rADCCON_reg_8_	->
  uDTSDI002Top/uAPB_ADC_Ctrl/U0_adc_control/rADCCON_reg_9_	->
  uDTSDI002Top/uAPB_ADC_Ctrl/U0_adc_control/rADCCON_reg_10_	->
  uDTSDI002Top/uAPB_ADC_Ctrl/U0_adc_control/rADCCON_reg_11_	->
  uDTSDI002Top/uAPB_ADC_Ctrl/U0_adc_control/rADCCON_reg_12_	->
  uDTSDI002Top/uAPB_ADC_Ctrl/U0_adc_control/rADCCON_reg_13_	->
  uDTSDI002Top/uAPB_ADC_Ctrl/U0_adc_control/rADCCON_reg_14_	->
  uDTSDI002Top/uAPB_ADC_Ctrl/U0_adc_control/rADCCON_reg_15_	->
  uDTSDI002Top/uAPB_ADC_Ctrl/U0_adc_control/rADCDAT_reg_0_	->
  uDTSDI002Top/uAPB_ADC_Ctrl/U0_adc_control/rADCDAT_reg_1_	->
  uDTSDI002Top/uAPB_ADC_Ctrl/U0_adc_control/rADCDAT_reg_2_	->
  uDTSDI002Top/uAPB_ADC_Ctrl/U0_adc_control/rADCDAT_reg_3_	->
  uDTSDI002Top/uAPB_ADC_Ctrl/U0_adc_control/rADCDAT_reg_4_	->
  uDTSDI002Top/uAPB_ADC_Ctrl/U0_adc_control/rADCDAT_reg_5_	->
  uDTSDI002Top/uAPB_ADC_Ctrl/U0_adc_control/rADCDAT_reg_6_	->
  uDTSDI002Top/uAPB_ADC_Ctrl/U0_adc_control/rADCDAT_reg_7_	->
  uDTSDI002Top/uAPB_ADC_Ctrl/U0_adc_control/rADCDAT_reg_8_	->
  uDTSDI002Top/uAPB_ADC_Ctrl/U0_adc_control/rADCDAT_reg_9_	->
  uDTSDI002Top/uAPB_Gpio/R0_reg_0_	->
  uDTSDI002Top/uAPB_Gpio/R0_reg_1_	->
  uDTSDI002Top/uAPB_Gpio/R0_reg_2_	->
  uDTSDI002Top/uAPB_Gpio/R0_reg_3_	->
  uDTSDI002Top/uAPB_Gpio/R0_reg_4_	->
  uDTSDI002Top/uAPB_Gpio/R0_reg_5_	->
  uDTSDI002Top/uAPB_Gpio/R0_reg_6_	->
  uDTSDI002Top/uAPB_Gpio/R0_reg_7_	->
  uDTSDI002Top/uAPB_Gpio/R1_reg_0_	->
  uDTSDI002Top/uAPB_Gpio/R1_reg_1_	->
  uDTSDI002Top/uAPB_Gpio/R1_reg_2_	->
  uDTSDI002Top/uAPB_Gpio/R1_reg_3_	->
  uDTSDI002Top/uAPB_Gpio/R1_reg_4_	->
  uDTSDI002Top/uAPB_Gpio/R1_reg_5_	->
  uDTSDI002Top/uAPB_Gpio/R1_reg_6_	->
  uDTSDI002Top/uAPB_Gpio/R1_reg_7_	->
  uDTSDI002Top/uAPB_Gpio/R2_reg_0_	->
  uDTSDI002Top/uAPB_Gpio/R2_reg_1_	->
  uDTSDI002Top/uAPB_Gpio/R2_reg_2_	->
  uDTSDI002Top/uAPB_Gpio/R2_reg_3_	->
  uDTSDI002Top/uAPB_Gpio/R2_reg_4_	->
  uDTSDI002Top/uAPB_Gpio/R2_reg_5_	->
  uDTSDI002Top/uAPB_Gpio/R2_reg_6_	->
  uDTSDI002Top/uAPB_Gpio/R2_reg_7_	->
  uDTSDI002Top/uAPB_Gpio/R3_reg_0_	->
  uDTSDI002Top/uAPB_Gpio/R3_reg_1_	->
  uDTSDI002Top/uAPB_Gpio/R3_reg_2_	->
  uDTSDI002Top/uAPB_Gpio/R3_reg_3_	->
  uDTSDI002Top/uAPB_Gpio/R3_reg_4_	->
  uDTSDI002Top/uAPB_Gpio/R3_reg_5_	->
  uDTSDI002Top/uAPB_Gpio/R3_reg_6_	->
  uDTSDI002Top/uAPB_Gpio/R3_reg_7_	->
  uDTSDI002Top/uAPB_Gpio/R4_reg_0_	->
  uDTSDI002Top/uAPB_Gpio/R4_reg_1_	->
  uDTSDI002Top/uAPB_Gpio/R4_reg_2_	->
  uDTSDI002Top/uAPB_Gpio/R4_reg_3_	->
  uDTSDI002Top/uAPB_Gpio/R4_reg_4_	->
  uDTSDI002Top/uAPB_Gpio/R4_reg_5_	->
  uDTSDI002Top/uAPB_Gpio/R4_reg_6_	->
  uDTSDI002Top/uAPB_Gpio/R4_reg_7_	->
  uDTSDI002Top/uAPB_Gpio/R4_reg_8_	->
  uDTSDI002Top/uAPB_Gpio/R4_reg_9_	->
  uDTSDI002Top/uAPB_Gpio/R4_reg_10_	->
  uDTSDI002Top/uAPB_Gpio/R4_reg_11_	->
  uDTSDI002Top/uAPB_Gpio/R4_reg_12_	->
  uDTSDI002Top/uAPB_Gpio/R4_reg_13_	->
  uDTSDI002Top/uAPB_Gpio/R4_reg_14_	->
  uDTSDI002Top/uAPB_Gpio/R4_reg_15_	->
  uDTSDI002Top/uAPB_Gpio/R5_reg_0_	->
  uDTSDI002Top/uAPB_Gpio/R5_reg_1_	->
  uDTSDI002Top/uAPB_Gpio/R5_reg_2_	->
  uDTSDI002Top/uAPB_Gpio/R5_reg_3_	->
  uDTSDI002Top/uAPB_Gpio/R5_reg_4_	->
  uDTSDI002Top/uAPB_Gpio/R5_reg_5_	->
  uDTSDI002Top/uAPB_Gpio/R5_reg_6_	->
  uDTSDI002Top/uAPB_Gpio/R5_reg_7_	->
  uDTSDI002Top/uAPB_Gpio/R5_reg_8_	->
  uDTSDI002Top/uAPB_Gpio/R5_reg_9_	->
  uDTSDI002Top/uAPB_Gpio/R5_reg_10_	->
  uDTSDI002Top/uAPB_Gpio/R5_reg_11_	->
  uDTSDI002Top/uAPB_Gpio/R5_reg_12_	->
  uDTSDI002Top/uAPB_Gpio/R5_reg_13_	->
  uDTSDI002Top/uAPB_Gpio/R5_reg_14_	->
  uDTSDI002Top/uAPB_Gpio/R5_reg_15_	->
  uDTSDI002Top/uAPB_Gpio/R6_reg_0_	->
  uDTSDI002Top/uAPB_Gpio/R6_reg_1_	->
  uDTSDI002Top/uAPB_Gpio/R6_reg_2_	->
  uDTSDI002Top/uAPB_Gpio/R6_reg_3_	->
  uDTSDI002Top/uAPB_Gpio/R6_reg_4_	->
  uDTSDI002Top/uAPB_Gpio/R6_reg_5_	->
  uDTSDI002Top/uAPB_Gpio/R6_reg_6_	->
  uDTSDI002Top/uAPB_Gpio/R6_reg_7_	->
  uDTSDI002Top/uAPB_Gpio/R6_reg_8_	->
  uDTSDI002Top/uAPB_Gpio/R6_reg_9_	->
  uDTSDI002Top/uAPB_Gpio/R6_reg_10_	->
  uDTSDI002Top/uAPB_Gpio/R6_reg_11_	->
  uDTSDI002Top/uAPB_Gpio/R6_reg_12_	->
  uDTSDI002Top/uAPB_Gpio/R6_reg_13_	->
  uDTSDI002Top/uAPB_Gpio/R6_reg_14_	->
  uDTSDI002Top/uAPB_Gpio/R6_reg_15_	->
  uDTSDI002Top/uAPB_Gpio/R7_reg_0_	->
  uDTSDI002Top/uAPB_Gpio/R7_reg_1_	->
  uDTSDI002Top/uAPB_Gpio/R7_reg_2_	->
  uDTSDI002Top/uAPB_Gpio/R7_reg_3_	->
  uDTSDI002Top/uAPB_Gpio/R7_reg_4_	->
  uDTSDI002Top/uAPB_Gpio/R7_reg_5_	->
  uDTSDI002Top/uAPB_Gpio/R7_reg_6_	->
  uDTSDI002Top/uAPB_Gpio/R7_reg_7_	->
  uDTSDI002Top/uAPB_Gpio/R7_reg_8_	->
  uDTSDI002Top/uAPB_Gpio/R7_reg_9_	->
  uDTSDI002Top/uAPB_Gpio/R7_reg_10_	->
  uDTSDI002Top/uAPB_Gpio/R7_reg_11_	->
  uDTSDI002Top/uAPB_Gpio/R7_reg_12_	->
  uDTSDI002Top/uAPB_Gpio/R7_reg_13_	->
  uDTSDI002Top/uAPB_Gpio/R7_reg_14_	->
  uDTSDI002Top/uAPB_Gpio/R7_reg_15_	->
  uDTSDI002Top/uAPB_Gpio/iPRDATA_reg_0_	->
  uDTSDI002Top/uAPB_Gpio/iPRDATA_reg_1_	->
  uDTSDI002Top/uAPB_Gpio/iPRDATA_reg_2_	->
  uDTSDI002Top/uAPB_Gpio/iPRDATA_reg_3_	->
  uDTSDI002Top/uAPB_Gpio/iPRDATA_reg_4_	->
  uDTSDI002Top/uAPB_Gpio/iPRDATA_reg_5_	->
  uDTSDI002Top/uAPB_Gpio/iPRDATA_reg_6_	->
  uDTSDI002Top/uAPB_Gpio/iPRDATA_reg_7_	->
  uDTSDI002Top/uAPB_Gpio/iPRDATA_reg_8_	->
  uDTSDI002Top/uAPB_Gpio/iPRDATA_reg_9_	->
  uDTSDI002Top/uAPB_Gpio/iPRDATA_reg_10_	->
  uDTSDI002Top/uAPB_Gpio/iPRDATA_reg_11_	->
  uDTSDI002Top/uAPB_Gpio/iPRDATA_reg_12_	->
  uDTSDI002Top/uAPB_Gpio/iPRDATA_reg_13_	->
  uDTSDI002Top/uAPB_Gpio/iPRDATA_reg_14_	->
  uDTSDI002Top/uAPB_Gpio/iPRDATA_reg_15_	->
  uDTSDI002Top/uAPB_Gpio/iPRDATA_reg_16_	->
  uDTSDI002Top/uAPB_Gpio/iPRDATA_reg_17_	->
  uDTSDI002Top/uAPB_Gpio/iPRDATA_reg_18_	->
  uDTSDI002Top/uAPB_Gpio/iPRDATA_reg_19_	->
  uDTSDI002Top/uAPB_Gpio/iPRDATA_reg_20_	->
  uDTSDI002Top/uAPB_Gpio/iPRDATA_reg_21_	->
  uDTSDI002Top/uAPB_Gpio/iPRDATA_reg_22_	->
  uDTSDI002Top/uAPB_Gpio/iPRDATA_reg_23_	->
  uDTSDI002Top/uAPB_Gpio/iPRDATA_reg_24_	->
  uDTSDI002Top/uAPB_Gpio/iPRDATA_reg_25_	->
  uDTSDI002Top/uAPB_Gpio/iPRDATA_reg_26_	->
  uDTSDI002Top/uAPB_Gpio/iPRDATA_reg_27_	->
  uDTSDI002Top/uAPB_Gpio/iPRDATA_reg_28_	->
  uDTSDI002Top/uAPB_Gpio/iPRDATA_reg_29_	->
  uDTSDI002Top/uAPB_Gpio/iPRDATA_reg_30_	->
  uDTSDI002Top/uAPB_Gpio/iPRDATA_reg_31_	->
  uDTSDI002Top/uAPB_I2C/I2cCore0/I2cBusDet/ArbLost_reg	->
  uDTSDI002Top/uAPB_I2C/I2cCore0/I2cBusDet/BusBusy_reg	->
  uDTSDI002Top/uAPB_I2C/I2cCore0/I2cBusDet/GenCallDet_reg	->
  uDTSDI002Top/uAPB_I2C/I2cCore0/I2cBusDet/IntSCLDel_reg	->
  uDTSDI002Top/uAPB_I2C/I2cCore0/I2cBusDet/IntSDADel_reg	->
  uDTSDI002Top/uAPB_I2C/I2cCore0/I2cBusDet/Slave7Det_reg	->
  uDTSDI002Top/uAPB_I2C/I2cCore0/I2cBusDet/Slave101Det_reg	->
  uDTSDI002Top/uAPB_I2C/I2cCore0/I2cBusDet/Slave102Det_reg	->
  uDTSDI002Top/uAPB_I2C/I2cCore0/I2cBusDet/StartDet_reg	->
  uDTSDI002Top/uAPB_I2C/I2cCore0/I2cBusDet/StopDet_reg	->
  uDTSDI002Top/uAPB_I2C/I2cCore0/I2cBusFlt/IntSCLDel_reg	->
  uDTSDI002Top/uAPB_I2C/I2cCore0/I2cBusFlt/IntSCL_reg	->
  uDTSDI002Top/uAPB_I2C/I2cCore0/I2cBusFlt/IntSDA_reg	->
  uDTSDI002Top/uAPB_I2C/I2cCore0/I2cClkDiv/Count1_reg_0_	->
  uDTSDI002Top/uAPB_I2C/I2cCore0/I2cClkDiv/Count1_reg_1_	->
  uDTSDI002Top/uAPB_I2C/I2cCore0/I2cClkDiv/Count1_reg_2_	->
  uDTSDI002Top/uAPB_I2C/I2cCore0/I2cClkDiv/Count1_reg_3_	->
  uDTSDI002Top/uAPB_I2C/I2cCore0/I2cClkDiv/Count1_reg_4_	->
  uDTSDI002Top/uAPB_I2C/I2cCore0/I2cClkDiv/Count1_reg_5_	->
  uDTSDI002Top/uAPB_I2C/I2cCore0/I2cClkDiv/Count1_reg_6_	->
  uDTSDI002Top/uAPB_I2C/I2cCore0/I2cClkDiv/Count2_reg_0_	->
  uDTSDI002Top/uAPB_I2C/I2cCore0/I2cClkDiv/Count2_reg_1_	->
  uDTSDI002Top/uAPB_I2C/I2cCore0/I2cClkDiv/Count2_reg_2_	->
  uDTSDI002Top/uAPB_I2C/I2cCore0/I2cClkDiv/Count2_reg_3_	->
  uDTSDI002Top/uAPB_I2C/I2cCore0/I2cCtl/BTransCtl/Count_reg_0_	->
  uDTSDI002Top/uAPB_I2C/I2cCore0/I2cCtl/BTransCtl/Count_reg_1_	->
  uDTSDI002Top/uAPB_I2C/I2cCore0/I2cCtl/BTransCtl/Count_reg_2_	->
  uDTSDI002Top/uAPB_I2C/I2cCore0/I2cCtl/BTransCtl/Count_reg_3_	->
  uDTSDI002Top/uAPB_I2C/I2cCore0/I2cCtl/SMCtl/Bit8_reg	->
  uDTSDI002Top/uAPB_I2C/I2cCore0/I2cCtl/SMCtl/DataDir_reg	->
  uDTSDI002Top/uAPB_I2C/I2cCore0/I2cCtl/SMCtl/ReleaseBus_reg	->
  uDTSDI002Top/uAPB_I2C/I2cCore0/I2cCtl/SMCtl/State_reg_0_	->
  uDTSDI002Top/uAPB_I2C/I2cCore0/I2cCtl/SMCtl/State_reg_1_	->
  uDTSDI002Top/uAPB_I2C/I2cCore0/I2cCtl/SMCtl/State_reg_2_	->
  uDTSDI002Top/uAPB_I2C/I2cCore0/I2cCtl/SMCtl/State_reg_3_	->
  uDTSDI002Top/uAPB_I2C/I2cCore0/I2cCtl/SMCtl/State_reg_4_	->
  uDTSDI002Top/uAPB_I2C/I2cCore0/I2cCtl/SMCtl/p_add_reg	->
  uDTSDI002Top/uAPB_I2C/I2cCore0/I2cCtl/SclCtl/ClkEnabLatch_reg	->
  uDTSDI002Top/uAPB_I2C/I2cCore0/I2cCtl/SclCtl/Count_reg_0_	->
  uDTSDI002Top/uAPB_I2C/I2cCore0/I2cCtl/SclCtl/Count_reg_1_	->
  uDTSDI002Top/uAPB_I2C/I2cCore0/I2cCtl/SclCtl/Count_reg_2_	->
  uDTSDI002Top/uAPB_I2C/I2cCore0/I2cCtl/SclCtl/Count_reg_3_	->
  uDTSDI002Top/uAPB_I2C/I2cCore0/I2cCtl/SclCtl/Count_reg_4_	->
  uDTSDI002Top/uAPB_I2C/I2cCore0/I2cCtl/SclCtl/OSCL_reg	->
  uDTSDI002Top/uAPB_I2C/I2cCore0/I2cCtl/SclCtl/intscldel_reg	->
  uDTSDI002Top/uAPB_I2C/I2cCore0/I2cCtl/StartCtl/Count_reg_0_	->
  uDTSDI002Top/uAPB_I2C/I2cCore0/I2cCtl/StartCtl/Count_reg_1_	->
  uDTSDI002Top/uAPB_I2C/I2cCore0/I2cCtl/StartCtl/Count_reg_2_	->
  uDTSDI002Top/uAPB_I2C/I2cCore0/I2cCtl/StartCtl/Count_reg_3_	->
  uDTSDI002Top/uAPB_I2C/I2cCore0/I2cCtl/StopCtl/Count_reg_0_	->
  uDTSDI002Top/uAPB_I2C/I2cCore0/I2cCtl/StopCtl/Count_reg_1_	->
  uDTSDI002Top/uAPB_I2C/I2cCore0/I2cCtl/StopCtl/Count_reg_2_	->
  uDTSDI002Top/uAPB_I2C/I2cCore0/I2cCtl/StopCtl/Count_reg_3_	->
  uDTSDI002Top/uAPB_I2C/I2cCore0/I2cCtl/StopCtl/intscldel_reg	->
  uDTSDI002Top/uAPB_I2C/I2cCore0/I2cIOShft/NAck_reg	->
  uDTSDI002Top/uAPB_I2C/I2cCore0/I2cIOShft/OSDA_reg	->
  uDTSDI002Top/uAPB_I2C/I2cCore0/I2cIOShft/ShiftReg_reg_0_	->
  uDTSDI002Top/uAPB_I2C/I2cCore0/I2cIOShft/ShiftReg_reg_1_	->
  uDTSDI002Top/uAPB_I2C/I2cCore0/I2cIOShft/ShiftReg_reg_2_	->
  uDTSDI002Top/uAPB_I2C/I2cCore0/I2cIOShft/ShiftReg_reg_3_	->
  uDTSDI002Top/uAPB_I2C/I2cCore0/I2cIOShft/ShiftReg_reg_4_	->
  uDTSDI002Top/uAPB_I2C/I2cCore0/I2cIOShft/ShiftReg_reg_5_	->
  uDTSDI002Top/uAPB_I2C/I2cCore0/I2cIOShft/ShiftReg_reg_6_	->
  uDTSDI002Top/uAPB_I2C/I2cCore0/I2cIOShft/ShiftReg_reg_7_	->
  uDTSDI002Top/uAPB_I2C/I2cCore1/I2cBusDet/ArbLost_reg	->
  uDTSDI002Top/uAPB_I2C/I2cCore1/I2cBusDet/BusBusy_reg	->
  uDTSDI002Top/uAPB_I2C/I2cCore1/I2cBusDet/GenCallDet_reg	->
  uDTSDI002Top/uAPB_I2C/I2cCore1/I2cBusDet/IntSCLDel_reg	->
  uDTSDI002Top/uAPB_I2C/I2cCore1/I2cBusDet/IntSDADel_reg	->
  uDTSDI002Top/uAPB_I2C/I2cCore1/I2cBusDet/Slave7Det_reg	->
  uDTSDI002Top/uAPB_I2C/I2cCore1/I2cBusDet/Slave101Det_reg	->
  uDTSDI002Top/uAPB_I2C/I2cCore1/I2cBusDet/Slave102Det_reg	->
  uDTSDI002Top/uAPB_I2C/I2cCore1/I2cBusDet/StartDet_reg	->
  uDTSDI002Top/uAPB_I2C/I2cCore1/I2cBusDet/StopDet_reg	->
  uDTSDI002Top/uAPB_I2C/I2cCore1/I2cBusFlt/IntSCLDel_reg	->
  uDTSDI002Top/uAPB_I2C/I2cCore1/I2cBusFlt/IntSCL_reg	->
  uDTSDI002Top/uAPB_I2C/I2cCore1/I2cBusFlt/IntSDA_reg	->
  uDTSDI002Top/uAPB_I2C/I2cCore1/I2cClkDiv/Count1_reg_0_	->
  uDTSDI002Top/uAPB_I2C/I2cCore1/I2cClkDiv/Count1_reg_1_	->
  uDTSDI002Top/uAPB_I2C/I2cCore1/I2cClkDiv/Count1_reg_2_	->
  uDTSDI002Top/uAPB_I2C/I2cCore1/I2cClkDiv/Count1_reg_3_	->
  uDTSDI002Top/uAPB_I2C/I2cCore1/I2cClkDiv/Count1_reg_4_	->
  uDTSDI002Top/uAPB_I2C/I2cCore1/I2cClkDiv/Count1_reg_5_	->
  uDTSDI002Top/uAPB_I2C/I2cCore1/I2cClkDiv/Count1_reg_6_	->
  uDTSDI002Top/uAPB_I2C/I2cCore1/I2cClkDiv/Count2_reg_0_	->
  uDTSDI002Top/uAPB_I2C/I2cCore1/I2cClkDiv/Count2_reg_1_	->
  uDTSDI002Top/uAPB_I2C/I2cCore1/I2cClkDiv/Count2_reg_2_	->
  uDTSDI002Top/uAPB_I2C/I2cCore1/I2cClkDiv/Count2_reg_3_	->
  uDTSDI002Top/uAPB_I2C/I2cCore1/I2cCtl/BTransCtl/Count_reg_0_	->
  uDTSDI002Top/uAPB_I2C/I2cCore1/I2cCtl/BTransCtl/Count_reg_1_	->
  uDTSDI002Top/uAPB_I2C/I2cCore1/I2cCtl/BTransCtl/Count_reg_2_	->
  uDTSDI002Top/uAPB_I2C/I2cCore1/I2cCtl/BTransCtl/Count_reg_3_	->
  uDTSDI002Top/uAPB_I2C/I2cCore1/I2cCtl/SMCtl/Bit8_reg	->
  uDTSDI002Top/uAPB_I2C/I2cCore1/I2cCtl/SMCtl/DataDir_reg	->
  uDTSDI002Top/uAPB_I2C/I2cCore1/I2cCtl/SMCtl/ReleaseBus_reg	->
  uDTSDI002Top/uAPB_I2C/I2cCore1/I2cCtl/SMCtl/State_reg_0_	->
  uDTSDI002Top/uAPB_I2C/I2cCore1/I2cCtl/SMCtl/State_reg_1_	->
  uDTSDI002Top/uAPB_I2C/I2cCore1/I2cCtl/SMCtl/State_reg_2_	->
  uDTSDI002Top/uAPB_I2C/I2cCore1/I2cCtl/SMCtl/State_reg_3_	->
  uDTSDI002Top/uAPB_I2C/I2cCore1/I2cCtl/SMCtl/State_reg_4_	->
  uDTSDI002Top/uAPB_I2C/I2cCore1/I2cCtl/SMCtl/p_add_reg	->
  uDTSDI002Top/uAPB_I2C/I2cCore1/I2cCtl/SclCtl/ClkEnabLatch_reg	->
  uDTSDI002Top/uAPB_I2C/I2cCore1/I2cCtl/SclCtl/Count_reg_0_	->
  uDTSDI002Top/uAPB_I2C/I2cCore1/I2cCtl/SclCtl/Count_reg_1_	->
  uDTSDI002Top/uAPB_I2C/I2cCore1/I2cCtl/SclCtl/Count_reg_2_	->
  uDTSDI002Top/uAPB_I2C/I2cCore1/I2cCtl/SclCtl/Count_reg_3_	->
  uDTSDI002Top/uAPB_I2C/I2cCore1/I2cCtl/SclCtl/Count_reg_4_	->
  uDTSDI002Top/uAPB_I2C/I2cCore1/I2cCtl/SclCtl/OSCL_reg	->
  uDTSDI002Top/uAPB_I2C/I2cCore1/I2cCtl/SclCtl/intscldel_reg	->
  uDTSDI002Top/uAPB_I2C/I2cCore1/I2cCtl/StartCtl/Count_reg_0_	->
  uDTSDI002Top/uAPB_I2C/I2cCore1/I2cCtl/StartCtl/Count_reg_1_	->
  uDTSDI002Top/uAPB_I2C/I2cCore1/I2cCtl/StartCtl/Count_reg_2_	->
  uDTSDI002Top/uAPB_I2C/I2cCore1/I2cCtl/StartCtl/Count_reg_3_	->
  uDTSDI002Top/uAPB_I2C/I2cCore1/I2cCtl/StopCtl/Count_reg_0_	->
  uDTSDI002Top/uAPB_I2C/I2cCore1/I2cCtl/StopCtl/Count_reg_1_	->
  uDTSDI002Top/uAPB_I2C/I2cCore1/I2cCtl/StopCtl/Count_reg_2_	->
  uDTSDI002Top/uAPB_I2C/I2cCore1/I2cCtl/StopCtl/Count_reg_3_	->
  uDTSDI002Top/uAPB_I2C/I2cCore1/I2cCtl/StopCtl/intscldel_reg	->
  uDTSDI002Top/uAPB_I2C/I2cCore1/I2cIOShft/NAck_reg	->
  uDTSDI002Top/uAPB_I2C/I2cCore1/I2cIOShft/OSDA_reg	->
  uDTSDI002Top/uAPB_I2C/I2cCore1/I2cIOShft/ShiftReg_reg_0_	->
  uDTSDI002Top/uAPB_I2C/I2cCore1/I2cIOShft/ShiftReg_reg_1_	->
  uDTSDI002Top/uAPB_I2C/I2cCore1/I2cIOShft/ShiftReg_reg_2_	->
  uDTSDI002Top/uAPB_I2C/I2cCore1/I2cIOShft/ShiftReg_reg_3_	->
  uDTSDI002Top/uAPB_I2C/I2cCore1/I2cIOShft/ShiftReg_reg_4_	->
  uDTSDI002Top/uAPB_I2C/I2cCore1/I2cIOShft/ShiftReg_reg_5_	->
  uDTSDI002Top/uAPB_I2C/I2cCore1/I2cIOShft/ShiftReg_reg_6_	->
  uDTSDI002Top/uAPB_I2C/I2cCore1/I2cIOShft/ShiftReg_reg_7_	->
  uDTSDI002Top/uAPB_I2C/I2cReg0/I2cAAS_reg	->
  uDTSDI002Top/uAPB_I2C/I2cReg0/I2cInt_reg	->
  uDTSDI002Top/uAPB_I2C/I2cReg0/I2cSRst_reg	->
  uDTSDI002Top/uAPB_I2C/I2cReg0/RAAK_reg	->
  uDTSDI002Top/uAPB_I2C/I2cReg0/RCCR_reg_0_	->
  uDTSDI002Top/uAPB_I2C/I2cReg0/RCCR_reg_1_	->
  uDTSDI002Top/uAPB_I2C/I2cReg0/RCCR_reg_2_	->
  uDTSDI002Top/uAPB_I2C/I2cReg0/RCCR_reg_3_	->
  uDTSDI002Top/uAPB_I2C/I2cReg0/RCCR_reg_4_	->
  uDTSDI002Top/uAPB_I2C/I2cReg0/RCCR_reg_5_	->
  uDTSDI002Top/uAPB_I2C/I2cReg0/RCCR_reg_6_	->
  uDTSDI002Top/uAPB_I2C/I2cReg0/RData_reg_0_	->
  uDTSDI002Top/uAPB_I2C/I2cReg0/RData_reg_1_	->
  uDTSDI002Top/uAPB_I2C/I2cReg0/RData_reg_2_	->
  uDTSDI002Top/uAPB_I2C/I2cReg0/RData_reg_3_	->
  uDTSDI002Top/uAPB_I2C/I2cReg0/RData_reg_4_	->
  uDTSDI002Top/uAPB_I2C/I2cReg0/RData_reg_5_	->
  uDTSDI002Top/uAPB_I2C/I2cReg0/RData_reg_6_	->
  uDTSDI002Top/uAPB_I2C/I2cReg0/RData_reg_7_	->
  uDTSDI002Top/uAPB_I2C/I2cReg0/RData_reg_8_	->
  uDTSDI002Top/uAPB_I2C/I2cReg0/RData_reg_9_	->
  uDTSDI002Top/uAPB_I2C/I2cReg0/RData_reg_10_	->
  uDTSDI002Top/uAPB_I2C/I2cReg0/RData_reg_11_	->
  uDTSDI002Top/uAPB_I2C/I2cReg0/RData_reg_12_	->
  uDTSDI002Top/uAPB_I2C/I2cReg0/RData_reg_13_	->
  uDTSDI002Top/uAPB_I2C/I2cReg0/RData_reg_14_	->
  uDTSDI002Top/uAPB_I2C/I2cReg0/RData_reg_15_	->
  uDTSDI002Top/uAPB_I2C/I2cReg0/REnab_reg	->
  uDTSDI002Top/uAPB_I2C/I2cReg0/RExtendAddr_reg_0_	->
  uDTSDI002Top/uAPB_I2C/I2cReg0/RExtendAddr_reg_1_	->
  uDTSDI002Top/uAPB_I2C/I2cReg0/RExtendAddr_reg_2_	->
  uDTSDI002Top/uAPB_I2C/I2cReg0/RExtendAddr_reg_3_	->
  uDTSDI002Top/uAPB_I2C/I2cReg0/RExtendAddr_reg_4_	->
  uDTSDI002Top/uAPB_I2C/I2cReg0/RExtendAddr_reg_5_	->
  uDTSDI002Top/uAPB_I2C/I2cReg0/RExtendAddr_reg_6_	->
  uDTSDI002Top/uAPB_I2C/I2cReg0/RExtendAddr_reg_7_	->
  uDTSDI002Top/uAPB_I2C/I2cReg0/RGCEnab_reg	->
  uDTSDI002Top/uAPB_I2C/I2cReg0/RIFlg_reg	->
  uDTSDI002Top/uAPB_I2C/I2cReg0/RIntEn_reg	->
  uDTSDI002Top/uAPB_I2C/I2cReg0/RSTA_reg	->
  uDTSDI002Top/uAPB_I2C/I2cReg0/RSTP_reg	->
  uDTSDI002Top/uAPB_I2C/I2cReg0/RSlavAddr_reg_0_	->
  uDTSDI002Top/uAPB_I2C/I2cReg0/RSlavAddr_reg_1_	->
  uDTSDI002Top/uAPB_I2C/I2cReg0/RSlavAddr_reg_2_	->
  uDTSDI002Top/uAPB_I2C/I2cReg0/RSlavAddr_reg_3_	->
  uDTSDI002Top/uAPB_I2C/I2cReg0/RSlavAddr_reg_4_	->
  uDTSDI002Top/uAPB_I2C/I2cReg0/RSlavAddr_reg_5_	->
  uDTSDI002Top/uAPB_I2C/I2cReg0/RSlavAddr_reg_6_	->
  uDTSDI002Top/uAPB_I2C/I2cReg0/RwData_reg_0_	->
  uDTSDI002Top/uAPB_I2C/I2cReg0/RwData_reg_1_	->
  uDTSDI002Top/uAPB_I2C/I2cReg0/RwData_reg_2_	->
  uDTSDI002Top/uAPB_I2C/I2cReg0/RwData_reg_3_	->
  uDTSDI002Top/uAPB_I2C/I2cReg0/RwData_reg_4_	->
  uDTSDI002Top/uAPB_I2C/I2cReg0/RwData_reg_5_	->
  uDTSDI002Top/uAPB_I2C/I2cReg0/RwData_reg_6_	->
  uDTSDI002Top/uAPB_I2C/I2cReg0/RwData_reg_7_	->
  uDTSDI002Top/uAPB_I2C/I2cReg1/I2cAAS_reg	->
  uDTSDI002Top/uAPB_I2C/I2cReg1/I2cInt_reg	->
  uDTSDI002Top/uAPB_I2C/I2cReg1/I2cSRst_reg	->
  uDTSDI002Top/uAPB_I2C/I2cReg1/RAAK_reg	->
  uDTSDI002Top/uAPB_I2C/I2cReg1/RCCR_reg_0_	->
  uDTSDI002Top/uAPB_I2C/I2cReg1/RCCR_reg_1_	->
  uDTSDI002Top/uAPB_I2C/I2cReg1/RCCR_reg_2_	->
  uDTSDI002Top/uAPB_I2C/I2cReg1/RCCR_reg_3_	->
  uDTSDI002Top/uAPB_I2C/I2cReg1/RCCR_reg_4_	->
  uDTSDI002Top/uAPB_I2C/I2cReg1/RCCR_reg_5_	->
  uDTSDI002Top/uAPB_I2C/I2cReg1/RCCR_reg_6_	->
  uDTSDI002Top/uAPB_I2C/I2cReg1/RData_reg_0_	->
  uDTSDI002Top/uAPB_I2C/I2cReg1/RData_reg_1_	->
  uDTSDI002Top/uAPB_I2C/I2cReg1/RData_reg_2_	->
  uDTSDI002Top/uAPB_I2C/I2cReg1/RData_reg_3_	->
  uDTSDI002Top/uAPB_I2C/I2cReg1/RData_reg_4_	->
  uDTSDI002Top/uAPB_I2C/I2cReg1/RData_reg_5_	->
  uDTSDI002Top/uAPB_I2C/I2cReg1/RData_reg_6_	->
  uDTSDI002Top/uAPB_I2C/I2cReg1/RData_reg_7_	->
  uDTSDI002Top/uAPB_I2C/I2cReg1/RData_reg_8_	->
  uDTSDI002Top/uAPB_I2C/I2cReg1/RData_reg_9_	->
  uDTSDI002Top/uAPB_I2C/I2cReg1/RData_reg_10_	->
  uDTSDI002Top/uAPB_I2C/I2cReg1/RData_reg_11_	->
  uDTSDI002Top/uAPB_I2C/I2cReg1/RData_reg_12_	->
  uDTSDI002Top/uAPB_I2C/I2cReg1/RData_reg_13_	->
  uDTSDI002Top/uAPB_I2C/I2cReg1/RData_reg_14_	->
  uDTSDI002Top/uAPB_I2C/I2cReg1/RData_reg_15_	->
  uDTSDI002Top/uAPB_I2C/I2cReg1/REnab_reg	->
  uDTSDI002Top/uAPB_I2C/I2cReg1/RExtendAddr_reg_0_	->
  uDTSDI002Top/uAPB_I2C/I2cReg1/RExtendAddr_reg_1_	->
  uDTSDI002Top/uAPB_I2C/I2cReg1/RExtendAddr_reg_2_	->
  uDTSDI002Top/uAPB_I2C/I2cReg1/RExtendAddr_reg_3_	->
  uDTSDI002Top/uAPB_I2C/I2cReg1/RExtendAddr_reg_4_	->
  uDTSDI002Top/uAPB_I2C/I2cReg1/RExtendAddr_reg_5_	->
  uDTSDI002Top/uAPB_I2C/I2cReg1/RExtendAddr_reg_6_	->
  uDTSDI002Top/uAPB_I2C/I2cReg1/RExtendAddr_reg_7_	->
  uDTSDI002Top/uAPB_I2C/I2cReg1/RGCEnab_reg	->
  uDTSDI002Top/uAPB_I2C/I2cReg1/RIFlg_reg	->
  uDTSDI002Top/uAPB_I2C/I2cReg1/RIntEn_reg	->
  uDTSDI002Top/uAPB_I2C/I2cReg1/RSTA_reg	->
  uDTSDI002Top/uAPB_I2C/I2cReg1/RSTP_reg	->
  uDTSDI002Top/uAPB_I2C/I2cReg1/RSlavAddr_reg_0_	->
  uDTSDI002Top/uAPB_I2C/I2cReg1/RSlavAddr_reg_1_	->
  uDTSDI002Top/uAPB_I2C/I2cReg1/RSlavAddr_reg_2_	->
  uDTSDI002Top/uAPB_I2C/I2cReg1/RSlavAddr_reg_3_	->
  uDTSDI002Top/uAPB_I2C/I2cReg1/RSlavAddr_reg_4_	->
  uDTSDI002Top/uAPB_I2C/I2cReg1/RSlavAddr_reg_5_	->
  uDTSDI002Top/uAPB_I2C/I2cReg1/RSlavAddr_reg_6_	->
  uDTSDI002Top/uAPB_I2C/I2cReg1/RwData_reg_0_	->
  uDTSDI002Top/uAPB_I2C/I2cReg1/RwData_reg_1_	->
  uDTSDI002Top/uAPB_I2C/I2cReg1/RwData_reg_2_	->
  uDTSDI002Top/uAPB_I2C/I2cReg1/RwData_reg_3_	->
  uDTSDI002Top/uAPB_I2C/I2cReg1/RwData_reg_4_	->
  uDTSDI002Top/uAPB_I2C/I2cReg1/RwData_reg_5_	->
  uDTSDI002Top/uAPB_I2C/I2cReg1/RwData_reg_6_	->
  uDTSDI002Top/uAPB_I2C/I2cReg1/RwData_reg_7_	->
  uDTSDI002Top/uAPB_PowerManager/ACLKDIVCnt_reg_0_	->
  uDTSDI002Top/uAPB_PowerManager/ACLKDIVCnt_reg_1_	->
  uDTSDI002Top/uAPB_PowerManager/ACLKDIVCnt_reg_2_	->
  uDTSDI002Top/uAPB_PowerManager/ACLKDIVCnt_reg_3_	->
  uDTSDI002Top/uAPB_PowerManager/ACLKDIVCnt_reg_4_	->
  uDTSDI002Top/uAPB_PowerManager/ACLKDIVCnt_reg_5_	->
  uDTSDI002Top/uAPB_PowerManager/ACLKDIVCnt_reg_6_	->
  uDTSDI002Top/uAPB_PowerManager/ACLKDIVCnt_reg_7_	->
  uDTSDI002Top/uAPB_PowerManager/ACLKDIVCnt_reg_8_	->
  uDTSDI002Top/uAPB_PowerManager/Int_Rst_1d_reg	->
  uDTSDI002Top/uAPB_PowerManager/Int_Rst_2d_reg	->
  uDTSDI002Top/uAPB_PowerManager/R0_reg2_1_	->
  uDTSDI002Top/uAPB_PowerManager/R0_reg2_2_	->
  uDTSDI002Top/uAPB_PowerManager/R0_reg2_3_	->
  uDTSDI002Top/uAPB_PowerManager/R0_reg3_4_	->
  uDTSDI002Top/uAPB_PowerManager/R0_reg3_5_	->
  uDTSDI002Top/uAPB_PowerManager/R0_reg3_6_	->
  uDTSDI002Top/uAPB_PowerManager/R0_reg3_7_	->
  uDTSDI002Top/uAPB_PowerManager/R0_reg3_8_	->
  uDTSDI002Top/uAPB_PowerManager/R0_reg3_9_	->
  uDTSDI002Top/uAPB_PowerManager/R0_reg3_10_	->
  uDTSDI002Top/uAPB_PowerManager/R0_reg3_11_	->
  uDTSDI002Top/uAPB_PowerManager/R0_reg3_12_	->
  uDTSDI002Top/uAPB_PowerManager/R0_reg3_13_	->
  uDTSDI002Top/uAPB_PowerManager/R0_reg3_14_	->
  uDTSDI002Top/uAPB_PowerManager/R0_reg3_15_	->
  uDTSDI002Top/uAPB_PowerManager/R0_reg_0_	->
  uDTSDI002Top/uAPB_PowerManager/R1_reg	->
  uDTSDI002Top/uAPB_PowerManager/SCLKDIVCnt_reg_0_	->
  uDTSDI002Top/uAPB_PowerManager/SCLKDIVCnt_reg_1_	->
  uDTSDI002Top/uAPB_PowerManager/SCLKDIVCnt_reg_2_	->
  uDTSDI002Top/uAPB_PowerManager/SCLKDIVCnt_reg_3_	->
  uDTSDI002Top/uAPB_PowerManager/SCLKDIVCnt_reg_4_	->
  uDTSDI002Top/uAPB_PowerManager/SCLKDIVCnt_reg_5_	->
  uDTSDI002Top/uAPB_PowerManager/SCLKDIVCnt_reg_6_	->
  uDTSDI002Top/uAPB_PowerManager/SCLKDIVCnt_reg_7_	->
  uDTSDI002Top/uAPB_PowerManager/SCLKDIVCnt_reg_8_	->
  uDTSDI002Top/uAPB_PowerManager/SCLKDIVCnt_reg_9_	->
  uDTSDI002Top/uAPB_PowerManager/UCLKDIVCnt_reg_0_	->
  uDTSDI002Top/uAPB_PowerManager/UCLKDIVCnt_reg_1_	->
  uDTSDI002Top/uAPB_PowerManager/UCLKDIVCnt_reg_2_	->
  uDTSDI002Top/uAPB_PowerManager/WakeUp_reg	->
  uDTSDI002Top/uAPB_PowerManager/iPRDATA_reg_0_	->
  uDTSDI002Top/uAPB_PowerManager/iPRDATA_reg_1_	->
  uDTSDI002Top/uAPB_PowerManager/iPRDATA_reg_2_	->
  uDTSDI002Top/uAPB_PowerManager/iPRDATA_reg_3_	->
  uDTSDI002Top/uAPB_PowerManager/iPRDATA_reg_4_	->
  uDTSDI002Top/uAPB_PowerManager/iPRDATA_reg_5_	->
  uDTSDI002Top/uAPB_PowerManager/iPRDATA_reg_6_	->
  uDTSDI002Top/uAPB_PowerManager/iPRDATA_reg_7_	->
  uDTSDI002Top/uAPB_PowerManager/iPRDATA_reg_8_	->
  uDTSDI002Top/uAPB_PowerManager/iPRDATA_reg_9_	->
  uDTSDI002Top/uAPB_PowerManager/iPRDATA_reg_10_	->
  uDTSDI002Top/uAPB_PowerManager/iPRDATA_reg_11_	->
  uDTSDI002Top/uAPB_PowerManager/iPRDATA_reg_12_	->
  uDTSDI002Top/uAPB_PowerManager/iPRDATA_reg_13_	->
  uDTSDI002Top/uAPB_PowerManager/iPRDATA_reg_14_	->
  uDTSDI002Top/uAPB_PowerManager/iPRDATA_reg_15_	->
  uDTSDI002Top/uAPB_PowerManager/iPRDATA_reg_16_	->
  uDTSDI002Top/uAPB_PowerManager/iPRDATA_reg_17_	->
  uDTSDI002Top/uAPB_PowerManager/iPRDATA_reg_18_	->
  uDTSDI002Top/uAPB_PowerManager/iPRDATA_reg_19_	->
  uDTSDI002Top/uAPB_PowerManager/iPRDATA_reg_20_	->
  uDTSDI002Top/uAPB_PowerManager/iPRDATA_reg_21_	->
  uDTSDI002Top/uAPB_PowerManager/iPRDATA_reg_22_	->
  uDTSDI002Top/uAPB_PowerManager/iPRDATA_reg_23_	->
  uDTSDI002Top/uAPB_PowerManager/iPRDATA_reg_24_	->
  uDTSDI002Top/uAPB_PowerManager/iPRDATA_reg_25_	->
  uDTSDI002Top/uAPB_PowerManager/iPRDATA_reg_26_	->
  uDTSDI002Top/uAPB_PowerManager/iPRDATA_reg_27_	->
  uDTSDI002Top/uAPB_PowerManager/iPRDATA_reg_28_	->
  uDTSDI002Top/uAPB_PowerManager/iPRDATA_reg_29_	->
  uDTSDI002Top/uAPB_PowerManager/iPRDATA_reg_30_	->
  uDTSDI002Top/uAPB_PowerManager/iPRDATA_reg_31_	->
  uDTSDI002Top/uAPB_PowerManager/interrupt_src_ff_reg_0_	->
  uDTSDI002Top/uAPB_PowerManager/interrupt_src_ff_reg_1_	->
  uDTSDI002Top/uAPB_PowerManager/interrupt_src_ff_reg_2_	->
  uDTSDI002Top/uAPB_PowerManager/interrupt_src_ff_reg_3_	->
  uDTSDI002Top/uAPB_PowerManager/interrupt_src_ff_reg_4_	->
  uDTSDI002Top/uAPB_PowerManager/interrupt_src_ff_reg_5_	->
  uDTSDI002Top/uAPB_PowerManager/interrupt_src_ff_reg_6_	->
  uDTSDI002Top/uAPB_PowerManager/interrupt_src_ff_reg_7_	->
  uDTSDI002Top/uAPB_PowerManager/interrupt_src_temp_reg_0_	->
  uDTSDI002Top/uAPB_PowerManager/interrupt_src_temp_reg_1_	->
  uDTSDI002Top/uAPB_PowerManager/interrupt_src_temp_reg_2_	->
  uDTSDI002Top/uAPB_PowerManager/interrupt_src_temp_reg_3_	->
  uDTSDI002Top/uAPB_PowerManager/interrupt_src_temp_reg_4_	->
  uDTSDI002Top/uAPB_PowerManager/interrupt_src_temp_reg_5_	->
  uDTSDI002Top/uAPB_PowerManager/interrupt_src_temp_reg_6_	->
  uDTSDI002Top/uAPB_PowerManager/interrupt_src_temp_reg_7_	->
  uDTSDI002Top/uAPB_TimerPWM/uPWM0_0/FL_CHCLK_reg	->
  uDTSDI002Top/uAPB_TimerPWM/uPWM0_0/OUTCLK_1d_reg	->
  uDTSDI002Top/uAPB_TimerPWM/uPWM0_0/OUTCLK_2d_reg	->
  uDTSDI002Top/uAPB_TimerPWM/uPWM0_0/OUTCLK_3d_reg	->
  uDTSDI002Top/uAPB_TimerPWM/uPWM0_0/OUTCLK_4d_reg	->
  uDTSDI002Top/uAPB_TimerPWM/uPWM0_0/OUTCLK_reg	->
  uDTSDI002Top/uAPB_TimerPWM/uPWM0_0/PWM_Out_reg	->
  uDTSDI002Top/uAPB_TimerPWM/uPWM0_0/Prescale_Cnt_reg_0_	->
  uDTSDI002Top/uAPB_TimerPWM/uPWM0_0/Prescale_Cnt_reg_1_	->
  uDTSDI002Top/uAPB_TimerPWM/uPWM0_0/Prescale_Cnt_reg_2_	->
  uDTSDI002Top/uAPB_TimerPWM/uPWM0_0/Prescale_Cnt_reg_3_	->
  uDTSDI002Top/uAPB_TimerPWM/uPWM0_0/Prescale_Cnt_reg_4_	->
  uDTSDI002Top/uAPB_TimerPWM/uPWM0_0/Prescale_Cnt_reg_5_	->
  uDTSDI002Top/uAPB_TimerPWM/uPWM0_0/Prescale_Cnt_reg_6_	->
  uDTSDI002Top/uAPB_TimerPWM/uPWM0_0/Prescale_Cnt_reg_7_	->
  uDTSDI002Top/uAPB_TimerPWM/uPWM0_0/Prescale_Cnt_reg_8_	->
  uDTSDI002Top/uAPB_TimerPWM/uPWM0_0/Prescale_Cnt_reg_9_	->
  uDTSDI002Top/uAPB_TimerPWM/uPWM0_0/R0_reg_0_	->
  uDTSDI002Top/uAPB_TimerPWM/uPWM0_0/R0_reg_1_	->
  uDTSDI002Top/uAPB_TimerPWM/uPWM0_0/R0_reg_2_	->
  uDTSDI002Top/uAPB_TimerPWM/uPWM0_0/R0_reg_3_	->
  uDTSDI002Top/uAPB_TimerPWM/uPWM0_0/R0_reg_4_	->
  uDTSDI002Top/uAPB_TimerPWM/uPWM0_0/R0_reg_5_	->
  uDTSDI002Top/uAPB_TimerPWM/uPWM0_0/R0_reg_6_	->
  uDTSDI002Top/uAPB_TimerPWM/uPWM0_0/R0_reg_7_	->
  uDTSDI002Top/uAPB_TimerPWM/uPWM0_0/R0_reg_8_	->
  uDTSDI002Top/uAPB_TimerPWM/uPWM0_0/R0_reg_9_	->
  uDTSDI002Top/uAPB_TimerPWM/uPWM0_0/R0_reg_10_	->
  uDTSDI002Top/uAPB_TimerPWM/uPWM0_0/R0_reg_11_	->
  uDTSDI002Top/uAPB_TimerPWM/uPWM0_0/R0_reg_12_	->
  uDTSDI002Top/uAPB_TimerPWM/uPWM0_0/R0_reg_13_	->
  uDTSDI002Top/uAPB_TimerPWM/uPWM0_0/R0_reg_14_	->
  uDTSDI002Top/uAPB_TimerPWM/uPWM0_0/R0_reg_15_	->
  uDTSDI002Top/uAPB_TimerPWM/uPWM0_0/R1_reg_0_	->
  uDTSDI002Top/uAPB_TimerPWM/uPWM0_0/R1_reg_1_	->
  uDTSDI002Top/uAPB_TimerPWM/uPWM0_0/R1_reg_2_	->
  uDTSDI002Top/uAPB_TimerPWM/uPWM0_0/R1_reg_3_	->
  uDTSDI002Top/uAPB_TimerPWM/uPWM0_0/R1_reg_4_	->
  uDTSDI002Top/uAPB_TimerPWM/uPWM0_0/R1_reg_5_	->
  uDTSDI002Top/uAPB_TimerPWM/uPWM0_0/R1_reg_6_	->
  uDTSDI002Top/uAPB_TimerPWM/uPWM0_0/R1_reg_7_	->
  uDTSDI002Top/uAPB_TimerPWM/uPWM0_0/R1_reg_8_	->
  uDTSDI002Top/uAPB_TimerPWM/uPWM0_0/R1_reg_9_	->
  uDTSDI002Top/uAPB_TimerPWM/uPWM0_0/R2_reg_0_	->
  uDTSDI002Top/uAPB_TimerPWM/uPWM0_0/R2_reg_1_	->
  uDTSDI002Top/uAPB_TimerPWM/uPWM0_0/R2_reg_2_	->
  uDTSDI002Top/uAPB_TimerPWM/uPWM0_0/R2_reg_3_	->
  uDTSDI002Top/uAPB_TimerPWM/uPWM0_0/R2_reg_4_	->
  uDTSDI002Top/uAPB_TimerPWM/uPWM0_0/R2_reg_5_	->
  uDTSDI002Top/uAPB_TimerPWM/uPWM0_0/R2_reg_6_	->
  uDTSDI002Top/uAPB_TimerPWM/uPWM0_0/R2_reg_7_	->
  uDTSDI002Top/uAPB_TimerPWM/uPWM0_0/R3_reg_0_	->
  uDTSDI002Top/uAPB_TimerPWM/uPWM0_0/R3_reg_1_	->
  uDTSDI002Top/uAPB_TimerPWM/uPWM0_0/R3_reg_2_	->
  uDTSDI002Top/uAPB_TimerPWM/uPWM0_0/R3_reg_3_	->
  uDTSDI002Top/uAPB_TimerPWM/uPWM0_0/R3_reg_4_	->
  uDTSDI002Top/uAPB_TimerPWM/uPWM0_0/R3_reg_5_	->
  uDTSDI002Top/uAPB_TimerPWM/uPWM0_0/R3_reg_6_	->
  uDTSDI002Top/uAPB_TimerPWM/uPWM0_0/R3_reg_7_	->
  uDTSDI002Top/uAPB_TimerPWM/uPWM0_0/R3_reg_8_	->
  uDTSDI002Top/uAPB_TimerPWM/uPWM0_0/R3_reg_9_	->
  uDTSDI002Top/uAPB_TimerPWM/uPWM0_0/R3_reg_10_	->
  uDTSDI002Top/uAPB_TimerPWM/uPWM0_0/R3_reg_11_	->
  uDTSDI002Top/uAPB_TimerPWM/uPWM0_0/R3_reg_12_	->
  uDTSDI002Top/uAPB_TimerPWM/uPWM0_0/R3_reg_13_	->
  uDTSDI002Top/uAPB_TimerPWM/uPWM0_0/R3_reg_14_	->
  uDTSDI002Top/uAPB_TimerPWM/uPWM0_0/R3_reg_15_	->
  uDTSDI002Top/uAPB_TimerPWM/uPWM0_0/R4_reg_0_	->
  uDTSDI002Top/uAPB_TimerPWM/uPWM0_0/R4_reg_1_	->
  uDTSDI002Top/uAPB_TimerPWM/uPWM0_0/R4_reg_2_	->
  uDTSDI002Top/uAPB_TimerPWM/uPWM0_0/R4_reg_3_	->
  uDTSDI002Top/uAPB_TimerPWM/uPWM0_0/R4_reg_4_	->
  uDTSDI002Top/uAPB_TimerPWM/uPWM0_0/R4_reg_5_	->
  uDTSDI002Top/uAPB_TimerPWM/uPWM0_0/R4_reg_6_	->
  uDTSDI002Top/uAPB_TimerPWM/uPWM0_0/R4_reg_7_	->
  uDTSDI002Top/uAPB_TimerPWM/uPWM0_0/R4_reg_8_	->
  uDTSDI002Top/uAPB_TimerPWM/uPWM0_0/R4_reg_9_	->
  uDTSDI002Top/uAPB_TimerPWM/uPWM0_0/R4_reg_10_	->
  uDTSDI002Top/uAPB_TimerPWM/uPWM0_0/R4_reg_11_	->
  uDTSDI002Top/uAPB_TimerPWM/uPWM0_0/R4_reg_12_	->
  uDTSDI002Top/uAPB_TimerPWM/uPWM0_0/R4_reg_13_	->
  uDTSDI002Top/uAPB_TimerPWM/uPWM0_0/R4_reg_14_	->
  uDTSDI002Top/uAPB_TimerPWM/uPWM0_0/R4_reg_15_	->
  uDTSDI002Top/uAPB_TimerPWM/uPWM0_0/TCAP_Reg_1d_reg_3_	->
  uDTSDI002Top/uAPB_TimerPWM/uPWM0_0/TCAP_Reg_1d_reg_4_	->
  uDTSDI002Top/uAPB_TimerPWM/uPWM0_0/TCAP_Reg_1d_reg_5_	->
  uDTSDI002Top/uAPB_TimerPWM/uPWM0_0/TCAP_Reg_reg_3_	->
  uDTSDI002Top/uAPB_TimerPWM/uPWM0_0/TCAP_Reg_reg_4_	->
  uDTSDI002Top/uAPB_TimerPWM/uPWM0_0/TCAP_Reg_reg_5_	->
  uDTSDI002Top/uAPB_TimerPWM/uPWM0_0/TDX_CapEn_1Pd_reg	->
  uDTSDI002Top/uAPB_TimerPWM/uPWM0_0/TDX_Up_reg	->
  uDTSDI002Top/uAPB_TimerPWM/uPWM0_0/TDx_CapEn_reg	->
  uDTSDI002Top/uAPB_TimerPWM/uPWM0_0/Timer_Cnt_reg_0_	->
  uDTSDI002Top/uAPB_TimerPWM/uPWM0_0/Timer_Cnt_reg_1_	->
  uDTSDI002Top/uAPB_TimerPWM/uPWM0_0/Timer_Cnt_reg_2_	->
  uDTSDI002Top/uAPB_TimerPWM/uPWM0_0/Timer_Cnt_reg_3_	->
  uDTSDI002Top/uAPB_TimerPWM/uPWM0_0/Timer_Cnt_reg_4_	->
  uDTSDI002Top/uAPB_TimerPWM/uPWM0_0/Timer_Cnt_reg_5_	->
  uDTSDI002Top/uAPB_TimerPWM/uPWM0_0/Timer_Cnt_reg_6_	->
  uDTSDI002Top/uAPB_TimerPWM/uPWM0_0/Timer_Cnt_reg_7_	->
  uDTSDI002Top/uAPB_TimerPWM/uPWM0_0/Timer_Cnt_reg_8_	->
  uDTSDI002Top/uAPB_TimerPWM/uPWM0_0/Timer_Cnt_reg_9_	->
  uDTSDI002Top/uAPB_TimerPWM/uPWM0_0/Timer_Cnt_reg_10_	->
  uDTSDI002Top/uAPB_TimerPWM/uPWM0_0/Timer_Cnt_reg_11_	->
  uDTSDI002Top/uAPB_TimerPWM/uPWM0_0/Timer_Cnt_reg_12_	->
  uDTSDI002Top/uAPB_TimerPWM/uPWM0_0/Timer_Cnt_reg_13_	->
  uDTSDI002Top/uAPB_TimerPWM/uPWM0_0/Timer_Cnt_reg_14_	->
  uDTSDI002Top/uAPB_TimerPWM/uPWM0_0/Timer_Cnt_reg_15_	->
  uDTSDI002Top/uAPB_TimerPWM/uPWM0_0/Timer_Match_Set_reg	->
  uDTSDI002Top/uAPB_TimerPWM/uPWM0_0/Timer_Out_reg	->
  uDTSDI002Top/uAPB_TimerPWM/uPWM0_0/Timers_OverFlow_reg	->
  uDTSDI002Top/uAPB_TimerPWM/uPWM0_0/iPRDATA_reg_0_	->
  uDTSDI002Top/uAPB_TimerPWM/uPWM0_0/iPRDATA_reg_1_	->
  uDTSDI002Top/uAPB_TimerPWM/uPWM0_0/iPRDATA_reg_2_	->
  uDTSDI002Top/uAPB_TimerPWM/uPWM0_0/iPRDATA_reg_3_	->
  uDTSDI002Top/uAPB_TimerPWM/uPWM0_0/iPRDATA_reg_4_	->
  uDTSDI002Top/uAPB_TimerPWM/uPWM0_0/iPRDATA_reg_5_	->
  uDTSDI002Top/uAPB_TimerPWM/uPWM0_0/iPRDATA_reg_6_	->
  uDTSDI002Top/uAPB_TimerPWM/uPWM0_0/iPRDATA_reg_7_	->
  uDTSDI002Top/uAPB_TimerPWM/uPWM0_0/iPRDATA_reg_8_	->
  uDTSDI002Top/uAPB_TimerPWM/uPWM0_0/iPRDATA_reg_9_	->
  uDTSDI002Top/uAPB_TimerPWM/uPWM0_0/iPRDATA_reg_10_	->
  uDTSDI002Top/uAPB_TimerPWM/uPWM0_0/iPRDATA_reg_11_	->
  uDTSDI002Top/uAPB_TimerPWM/uPWM0_0/iPRDATA_reg_12_	->
  uDTSDI002Top/uAPB_TimerPWM/uPWM0_0/iPRDATA_reg_13_	->
  uDTSDI002Top/uAPB_TimerPWM/uPWM0_0/iPRDATA_reg_14_	->
  uDTSDI002Top/uAPB_TimerPWM/uPWM0_0/iPRDATA_reg_15_	->
  uDTSDI002Top/uAPB_TimerPWM/uPWM0_1/FL_CHCLK_reg	->
  uDTSDI002Top/uAPB_TimerPWM/uPWM0_1/OUTCLK_1d_reg	->
  uDTSDI002Top/uAPB_TimerPWM/uPWM0_1/OUTCLK_2d_reg	->
  uDTSDI002Top/uAPB_TimerPWM/uPWM0_1/OUTCLK_3d_reg	->
  uDTSDI002Top/uAPB_TimerPWM/uPWM0_1/OUTCLK_4d_reg	->
  uDTSDI002Top/uAPB_TimerPWM/uPWM0_1/OUTCLK_reg	->
  uDTSDI002Top/uAPB_TimerPWM/uPWM0_1/PWM_Out_reg	->
  uDTSDI002Top/uAPB_TimerPWM/uPWM0_1/Prescale_Cnt_reg_0_	->
  uDTSDI002Top/uAPB_TimerPWM/uPWM0_1/Prescale_Cnt_reg_1_	->
  uDTSDI002Top/uAPB_TimerPWM/uPWM0_1/Prescale_Cnt_reg_2_	->
  uDTSDI002Top/uAPB_TimerPWM/uPWM0_1/Prescale_Cnt_reg_3_	->
  uDTSDI002Top/uAPB_TimerPWM/uPWM0_1/Prescale_Cnt_reg_4_	->
  uDTSDI002Top/uAPB_TimerPWM/uPWM0_1/Prescale_Cnt_reg_5_	->
  uDTSDI002Top/uAPB_TimerPWM/uPWM0_1/Prescale_Cnt_reg_6_	->
  uDTSDI002Top/uAPB_TimerPWM/uPWM0_1/Prescale_Cnt_reg_7_	->
  uDTSDI002Top/uAPB_TimerPWM/uPWM0_1/Prescale_Cnt_reg_8_	->
  uDTSDI002Top/uAPB_TimerPWM/uPWM0_1/Prescale_Cnt_reg_9_	->
  uDTSDI002Top/uAPB_TimerPWM/uPWM0_1/R0_reg_0_	->
  uDTSDI002Top/uAPB_TimerPWM/uPWM0_1/R0_reg_1_	->
  uDTSDI002Top/uAPB_TimerPWM/uPWM0_1/R0_reg_2_	->
  uDTSDI002Top/uAPB_TimerPWM/uPWM0_1/R0_reg_3_	->
  uDTSDI002Top/uAPB_TimerPWM/uPWM0_1/R0_reg_4_	->
  uDTSDI002Top/uAPB_TimerPWM/uPWM0_1/R0_reg_5_	->
  uDTSDI002Top/uAPB_TimerPWM/uPWM0_1/R0_reg_6_	->
  uDTSDI002Top/uAPB_TimerPWM/uPWM0_1/R0_reg_7_	->
  uDTSDI002Top/uAPB_TimerPWM/uPWM0_1/R0_reg_8_	->
  uDTSDI002Top/uAPB_TimerPWM/uPWM0_1/R0_reg_9_	->
  uDTSDI002Top/uAPB_TimerPWM/uPWM0_1/R0_reg_10_	->
  uDTSDI002Top/uAPB_TimerPWM/uPWM0_1/R0_reg_11_	->
  uDTSDI002Top/uAPB_TimerPWM/uPWM0_1/R0_reg_12_	->
  uDTSDI002Top/uAPB_TimerPWM/uPWM0_1/R0_reg_13_	->
  uDTSDI002Top/uAPB_TimerPWM/uPWM0_1/R0_reg_14_	->
  uDTSDI002Top/uAPB_TimerPWM/uPWM0_1/R0_reg_15_	->
  uDTSDI002Top/uAPB_TimerPWM/uPWM0_1/R1_reg_0_	->
  uDTSDI002Top/uAPB_TimerPWM/uPWM0_1/R1_reg_1_	->
  uDTSDI002Top/uAPB_TimerPWM/uPWM0_1/R1_reg_2_	->
  uDTSDI002Top/uAPB_TimerPWM/uPWM0_1/R1_reg_3_	->
  uDTSDI002Top/uAPB_TimerPWM/uPWM0_1/R1_reg_4_	->
  uDTSDI002Top/uAPB_TimerPWM/uPWM0_1/R1_reg_5_	->
  uDTSDI002Top/uAPB_TimerPWM/uPWM0_1/R1_reg_6_	->
  uDTSDI002Top/uAPB_TimerPWM/uPWM0_1/R1_reg_7_	->
  uDTSDI002Top/uAPB_TimerPWM/uPWM0_1/R1_reg_8_	->
  uDTSDI002Top/uAPB_TimerPWM/uPWM0_1/R1_reg_9_	->
  uDTSDI002Top/uAPB_TimerPWM/uPWM0_1/R2_reg_0_	->
  uDTSDI002Top/uAPB_TimerPWM/uPWM0_1/R2_reg_1_	->
  uDTSDI002Top/uAPB_TimerPWM/uPWM0_1/R2_reg_2_	->
  uDTSDI002Top/uAPB_TimerPWM/uPWM0_1/R2_reg_3_	->
  uDTSDI002Top/uAPB_TimerPWM/uPWM0_1/R2_reg_4_	->
  uDTSDI002Top/uAPB_TimerPWM/uPWM0_1/R2_reg_5_	->
  uDTSDI002Top/uAPB_TimerPWM/uPWM0_1/R2_reg_6_	->
  uDTSDI002Top/uAPB_TimerPWM/uPWM0_1/R2_reg_7_	->
  uDTSDI002Top/uAPB_TimerPWM/uPWM0_1/R3_reg_0_	->
  uDTSDI002Top/uAPB_TimerPWM/uPWM0_1/R3_reg_1_	->
  uDTSDI002Top/uAPB_TimerPWM/uPWM0_1/R3_reg_2_	->
  uDTSDI002Top/uAPB_TimerPWM/uPWM0_1/R3_reg_3_	->
  uDTSDI002Top/uAPB_TimerPWM/uPWM0_1/R3_reg_4_	->
  uDTSDI002Top/uAPB_TimerPWM/uPWM0_1/R3_reg_5_	->
  uDTSDI002Top/uAPB_TimerPWM/uPWM0_1/R3_reg_6_	->
  uDTSDI002Top/uAPB_TimerPWM/uPWM0_1/R3_reg_7_	->
  uDTSDI002Top/uAPB_TimerPWM/uPWM0_1/R3_reg_8_	->
  uDTSDI002Top/uAPB_TimerPWM/uPWM0_1/R3_reg_9_	->
  uDTSDI002Top/uAPB_TimerPWM/uPWM0_1/R3_reg_10_	->
  uDTSDI002Top/uAPB_TimerPWM/uPWM0_1/R3_reg_11_	->
  uDTSDI002Top/uAPB_TimerPWM/uPWM0_1/R3_reg_12_	->
  uDTSDI002Top/uAPB_TimerPWM/uPWM0_1/R3_reg_13_	->
  uDTSDI002Top/uAPB_TimerPWM/uPWM0_1/R3_reg_14_	->
  uDTSDI002Top/uAPB_TimerPWM/uPWM0_1/R3_reg_15_	->
  uDTSDI002Top/uAPB_TimerPWM/uPWM0_1/R4_reg_0_	->
  uDTSDI002Top/uAPB_TimerPWM/uPWM0_1/R4_reg_1_	->
  uDTSDI002Top/uAPB_TimerPWM/uPWM0_1/R4_reg_2_	->
  uDTSDI002Top/uAPB_TimerPWM/uPWM0_1/R4_reg_3_	->
  uDTSDI002Top/uAPB_TimerPWM/uPWM0_1/R4_reg_4_	->
  uDTSDI002Top/uAPB_TimerPWM/uPWM0_1/R4_reg_5_	->
  uDTSDI002Top/uAPB_TimerPWM/uPWM0_1/R4_reg_6_	->
  uDTSDI002Top/uAPB_TimerPWM/uPWM0_1/R4_reg_7_	->
  uDTSDI002Top/uAPB_TimerPWM/uPWM0_1/R4_reg_8_	->
  uDTSDI002Top/uAPB_TimerPWM/uPWM0_1/R4_reg_9_	->
  uDTSDI002Top/uAPB_TimerPWM/uPWM0_1/R4_reg_10_	->
  uDTSDI002Top/uAPB_TimerPWM/uPWM0_1/R4_reg_11_	->
  uDTSDI002Top/uAPB_TimerPWM/uPWM0_1/R4_reg_12_	->
  uDTSDI002Top/uAPB_TimerPWM/uPWM0_1/R4_reg_13_	->
  uDTSDI002Top/uAPB_TimerPWM/uPWM0_1/R4_reg_14_	->
  uDTSDI002Top/uAPB_TimerPWM/uPWM0_1/R4_reg_15_	->
  uDTSDI002Top/uAPB_TimerPWM/uPWM0_1/TCAP_Reg_1d_reg_3_	->
  uDTSDI002Top/uAPB_TimerPWM/uPWM0_1/TCAP_Reg_1d_reg_4_	->
  uDTSDI002Top/uAPB_TimerPWM/uPWM0_1/TCAP_Reg_1d_reg_5_	->
  uDTSDI002Top/uAPB_TimerPWM/uPWM0_1/TCAP_Reg_reg_3_	->
  uDTSDI002Top/uAPB_TimerPWM/uPWM0_1/TCAP_Reg_reg_4_	->
  uDTSDI002Top/uAPB_TimerPWM/uPWM0_1/TCAP_Reg_reg_5_	->
  uDTSDI002Top/uAPB_TimerPWM/uPWM0_1/TDX_CapEn_1Pd_reg	->
  uDTSDI002Top/uAPB_TimerPWM/uPWM0_1/TDX_Up_reg	->
  uDTSDI002Top/uAPB_TimerPWM/uPWM0_1/TDx_CapEn_reg	->
  uDTSDI002Top/uAPB_TimerPWM/uPWM0_1/Timer_Cnt_reg_0_	->
  uDTSDI002Top/uAPB_TimerPWM/uPWM0_1/Timer_Cnt_reg_1_	->
  uDTSDI002Top/uAPB_TimerPWM/uPWM0_1/Timer_Cnt_reg_2_	->
  uDTSDI002Top/uAPB_TimerPWM/uPWM0_1/Timer_Cnt_reg_3_	->
  uDTSDI002Top/uAPB_TimerPWM/uPWM0_1/Timer_Cnt_reg_4_	->
  uDTSDI002Top/uAPB_TimerPWM/uPWM0_1/Timer_Cnt_reg_5_	->
  uDTSDI002Top/uAPB_TimerPWM/uPWM0_1/Timer_Cnt_reg_6_	->
  uDTSDI002Top/uAPB_TimerPWM/uPWM0_1/Timer_Cnt_reg_7_	->
  uDTSDI002Top/uAPB_TimerPWM/uPWM0_1/Timer_Cnt_reg_8_	->
  uDTSDI002Top/uAPB_TimerPWM/uPWM0_1/Timer_Cnt_reg_9_	->
  uDTSDI002Top/uAPB_TimerPWM/uPWM0_1/Timer_Cnt_reg_10_	->
  uDTSDI002Top/uAPB_TimerPWM/uPWM0_1/Timer_Cnt_reg_11_	->
  uDTSDI002Top/uAPB_TimerPWM/uPWM0_1/Timer_Cnt_reg_12_	->
  uDTSDI002Top/uAPB_TimerPWM/uPWM0_1/Timer_Cnt_reg_13_	->
  uDTSDI002Top/uAPB_TimerPWM/uPWM0_1/Timer_Cnt_reg_14_	->
  uDTSDI002Top/uAPB_TimerPWM/uPWM0_1/Timer_Cnt_reg_15_	->
  uDTSDI002Top/uAPB_TimerPWM/uPWM0_1/Timer_Match_Set_reg	->
  uDTSDI002Top/uAPB_TimerPWM/uPWM0_1/Timer_Out_reg	->
  uDTSDI002Top/uAPB_TimerPWM/uPWM0_1/Timers_OverFlow_reg	->
  uDTSDI002Top/uAPB_TimerPWM/uPWM0_1/iPRDATA_reg_0_	->
  uDTSDI002Top/uAPB_TimerPWM/uPWM0_1/iPRDATA_reg_1_	->
  uDTSDI002Top/uAPB_TimerPWM/uPWM0_1/iPRDATA_reg_2_	->
  uDTSDI002Top/uAPB_TimerPWM/uPWM0_1/iPRDATA_reg_3_	->
  uDTSDI002Top/uAPB_TimerPWM/uPWM0_1/iPRDATA_reg_4_	->
  uDTSDI002Top/uAPB_TimerPWM/uPWM0_1/iPRDATA_reg_5_	->
  uDTSDI002Top/uAPB_TimerPWM/uPWM0_1/iPRDATA_reg_6_	->
  uDTSDI002Top/uAPB_TimerPWM/uPWM0_1/iPRDATA_reg_7_	->
  uDTSDI002Top/uAPB_TimerPWM/uPWM0_1/iPRDATA_reg_8_	->
  uDTSDI002Top/uAPB_TimerPWM/uPWM0_1/iPRDATA_reg_9_	->
  uDTSDI002Top/uAPB_TimerPWM/uPWM0_1/iPRDATA_reg_10_	->
  uDTSDI002Top/uAPB_TimerPWM/uPWM0_1/iPRDATA_reg_11_	->
  uDTSDI002Top/uAPB_TimerPWM/uPWM0_1/iPRDATA_reg_12_	->
  uDTSDI002Top/uAPB_TimerPWM/uPWM0_1/iPRDATA_reg_13_	->
  uDTSDI002Top/uAPB_TimerPWM/uPWM0_1/iPRDATA_reg_14_	->
  uDTSDI002Top/uAPB_TimerPWM/uPWM0_1/iPRDATA_reg_15_	->
  uDTSDI002Top/uAPB_TimerPWM/uPWM0_2/FL_CHCLK_reg	->
  uDTSDI002Top/uAPB_TimerPWM/uPWM0_2/OUTCLK_1d_reg	->
  uDTSDI002Top/uAPB_TimerPWM/uPWM0_2/OUTCLK_2d_reg	->
  uDTSDI002Top/uAPB_TimerPWM/uPWM0_2/OUTCLK_3d_reg	->
  uDTSDI002Top/uAPB_TimerPWM/uPWM0_2/OUTCLK_4d_reg	->
  uDTSDI002Top/uAPB_TimerPWM/uPWM0_2/OUTCLK_reg	->
  uDTSDI002Top/uAPB_TimerPWM/uPWM0_2/PWM_Out_reg	->
  uDTSDI002Top/uAPB_TimerPWM/uPWM0_2/Prescale_Cnt_reg_0_	->
  uDTSDI002Top/uAPB_TimerPWM/uPWM0_2/Prescale_Cnt_reg_1_	->
  uDTSDI002Top/uAPB_TimerPWM/uPWM0_2/Prescale_Cnt_reg_2_	->
  uDTSDI002Top/uAPB_TimerPWM/uPWM0_2/Prescale_Cnt_reg_3_	->
  uDTSDI002Top/uAPB_TimerPWM/uPWM0_2/Prescale_Cnt_reg_4_	->
  uDTSDI002Top/uAPB_TimerPWM/uPWM0_2/Prescale_Cnt_reg_5_	->
  uDTSDI002Top/uAPB_TimerPWM/uPWM0_2/Prescale_Cnt_reg_6_	->
  uDTSDI002Top/uAPB_TimerPWM/uPWM0_2/Prescale_Cnt_reg_7_	->
  uDTSDI002Top/uAPB_TimerPWM/uPWM0_2/Prescale_Cnt_reg_8_	->
  uDTSDI002Top/uAPB_TimerPWM/uPWM0_2/Prescale_Cnt_reg_9_	->
  uDTSDI002Top/uAPB_TimerPWM/uPWM0_2/R0_reg_0_	->
  uDTSDI002Top/uAPB_TimerPWM/uPWM0_2/R0_reg_1_	->
  uDTSDI002Top/uAPB_TimerPWM/uPWM0_2/R0_reg_2_	->
  uDTSDI002Top/uAPB_TimerPWM/uPWM0_2/R0_reg_3_	->
  uDTSDI002Top/uAPB_TimerPWM/uPWM0_2/R0_reg_4_	->
  uDTSDI002Top/uAPB_TimerPWM/uPWM0_2/R0_reg_5_	->
  uDTSDI002Top/uAPB_TimerPWM/uPWM0_2/R0_reg_6_	->
  uDTSDI002Top/uAPB_TimerPWM/uPWM0_2/R0_reg_7_	->
  uDTSDI002Top/uAPB_TimerPWM/uPWM0_2/R0_reg_8_	->
  uDTSDI002Top/uAPB_TimerPWM/uPWM0_2/R0_reg_9_	->
  uDTSDI002Top/uAPB_TimerPWM/uPWM0_2/R0_reg_10_	->
  uDTSDI002Top/uAPB_TimerPWM/uPWM0_2/R0_reg_11_	->
  uDTSDI002Top/uAPB_TimerPWM/uPWM0_2/R0_reg_12_	->
  uDTSDI002Top/uAPB_TimerPWM/uPWM0_2/R0_reg_13_	->
  uDTSDI002Top/uAPB_TimerPWM/uPWM0_2/R0_reg_14_	->
  uDTSDI002Top/uAPB_TimerPWM/uPWM0_2/R0_reg_15_	->
  uDTSDI002Top/uAPB_TimerPWM/uPWM0_2/R1_reg_0_	->
  uDTSDI002Top/uAPB_TimerPWM/uPWM0_2/R1_reg_1_	->
  uDTSDI002Top/uAPB_TimerPWM/uPWM0_2/R1_reg_2_	->
  uDTSDI002Top/uAPB_TimerPWM/uPWM0_2/R1_reg_3_	->
  uDTSDI002Top/uAPB_TimerPWM/uPWM0_2/R1_reg_4_	->
  uDTSDI002Top/uAPB_TimerPWM/uPWM0_2/R1_reg_5_	->
  uDTSDI002Top/uAPB_TimerPWM/uPWM0_2/R1_reg_6_	->
  uDTSDI002Top/uAPB_TimerPWM/uPWM0_2/R1_reg_7_	->
  uDTSDI002Top/uAPB_TimerPWM/uPWM0_2/R1_reg_8_	->
  uDTSDI002Top/uAPB_TimerPWM/uPWM0_2/R1_reg_9_	->
  uDTSDI002Top/uAPB_TimerPWM/uPWM0_2/R2_reg_0_	->
  uDTSDI002Top/uAPB_TimerPWM/uPWM0_2/R2_reg_1_	->
  uDTSDI002Top/uAPB_TimerPWM/uPWM0_2/R2_reg_2_	->
  uDTSDI002Top/uAPB_TimerPWM/uPWM0_2/R2_reg_3_	->
  uDTSDI002Top/uAPB_TimerPWM/uPWM0_2/R2_reg_4_	->
  uDTSDI002Top/uAPB_TimerPWM/uPWM0_2/R2_reg_5_	->
  uDTSDI002Top/uAPB_TimerPWM/uPWM0_2/R2_reg_6_	->
  uDTSDI002Top/uAPB_TimerPWM/uPWM0_2/R2_reg_7_	->
  uDTSDI002Top/uAPB_TimerPWM/uPWM0_2/R3_reg_0_	->
  uDTSDI002Top/uAPB_TimerPWM/uPWM0_2/R3_reg_1_	->
  uDTSDI002Top/uAPB_TimerPWM/uPWM0_2/R3_reg_2_	->
  uDTSDI002Top/uAPB_TimerPWM/uPWM0_2/R3_reg_3_	->
  uDTSDI002Top/uAPB_TimerPWM/uPWM0_2/R3_reg_4_	->
  uDTSDI002Top/uAPB_TimerPWM/uPWM0_2/R3_reg_5_	->
  uDTSDI002Top/uAPB_TimerPWM/uPWM0_2/R3_reg_6_	->
  uDTSDI002Top/uAPB_TimerPWM/uPWM0_2/R3_reg_7_	->
  uDTSDI002Top/uAPB_TimerPWM/uPWM0_2/R3_reg_8_	->
  uDTSDI002Top/uAPB_TimerPWM/uPWM0_2/R3_reg_9_	->
  uDTSDI002Top/uAPB_TimerPWM/uPWM0_2/R3_reg_10_	->
  uDTSDI002Top/uAPB_TimerPWM/uPWM0_2/R3_reg_11_	->
  uDTSDI002Top/uAPB_TimerPWM/uPWM0_2/R3_reg_12_	->
  uDTSDI002Top/uAPB_TimerPWM/uPWM0_2/R3_reg_13_	->
  uDTSDI002Top/uAPB_TimerPWM/uPWM0_2/R3_reg_14_	->
  uDTSDI002Top/uAPB_TimerPWM/uPWM0_2/R3_reg_15_	->
  uDTSDI002Top/uAPB_TimerPWM/uPWM0_2/R4_reg_0_	->
  uDTSDI002Top/uAPB_TimerPWM/uPWM0_2/R4_reg_1_	->
  uDTSDI002Top/uAPB_TimerPWM/uPWM0_2/R4_reg_2_	->
  uDTSDI002Top/uAPB_TimerPWM/uPWM0_2/R4_reg_3_	->
  uDTSDI002Top/uAPB_TimerPWM/uPWM0_2/R4_reg_4_	->
  uDTSDI002Top/uAPB_TimerPWM/uPWM0_2/R4_reg_5_	->
  uDTSDI002Top/uAPB_TimerPWM/uPWM0_2/R4_reg_6_	->
  uDTSDI002Top/uAPB_TimerPWM/uPWM0_2/R4_reg_7_	->
  uDTSDI002Top/uAPB_TimerPWM/uPWM0_2/R4_reg_8_	->
  uDTSDI002Top/uAPB_TimerPWM/uPWM0_2/R4_reg_9_	->
  uDTSDI002Top/uAPB_TimerPWM/uPWM0_2/R4_reg_10_	->
  uDTSDI002Top/uAPB_TimerPWM/uPWM0_2/R4_reg_11_	->
  uDTSDI002Top/uAPB_TimerPWM/uPWM0_2/R4_reg_12_	->
  uDTSDI002Top/uAPB_TimerPWM/uPWM0_2/R4_reg_13_	->
  uDTSDI002Top/uAPB_TimerPWM/uPWM0_2/R4_reg_14_	->
  uDTSDI002Top/uAPB_TimerPWM/uPWM0_2/R4_reg_15_	->
  uDTSDI002Top/uAPB_TimerPWM/uPWM0_2/TCAP_Reg_1d_reg_3_	->
  uDTSDI002Top/uAPB_TimerPWM/uPWM0_2/TCAP_Reg_1d_reg_4_	->
  uDTSDI002Top/uAPB_TimerPWM/uPWM0_2/TCAP_Reg_1d_reg_5_	->
  uDTSDI002Top/uAPB_TimerPWM/uPWM0_2/TCAP_Reg_reg_3_	->
  uDTSDI002Top/uAPB_TimerPWM/uPWM0_2/TCAP_Reg_reg_4_	->
  uDTSDI002Top/uAPB_TimerPWM/uPWM0_2/TCAP_Reg_reg_5_	->
  uDTSDI002Top/uAPB_TimerPWM/uPWM0_2/TDX_CapEn_1Pd_reg	->
  uDTSDI002Top/uAPB_TimerPWM/uPWM0_2/TDX_Up_reg	->
  uDTSDI002Top/uAPB_TimerPWM/uPWM0_2/TDx_CapEn_reg	->
  uDTSDI002Top/uAPB_TimerPWM/uPWM0_2/Timer_Cnt_reg_0_	->
  uDTSDI002Top/uAPB_TimerPWM/uPWM0_2/Timer_Cnt_reg_1_	->
  uDTSDI002Top/uAPB_TimerPWM/uPWM0_2/Timer_Cnt_reg_2_	->
  uDTSDI002Top/uAPB_TimerPWM/uPWM0_2/Timer_Cnt_reg_3_	->
  uDTSDI002Top/uAPB_TimerPWM/uPWM0_2/Timer_Cnt_reg_4_	->
  uDTSDI002Top/uAPB_TimerPWM/uPWM0_2/Timer_Cnt_reg_5_	->
  uDTSDI002Top/uAPB_TimerPWM/uPWM0_2/Timer_Cnt_reg_6_	->
  uDTSDI002Top/uAPB_TimerPWM/uPWM0_2/Timer_Cnt_reg_7_	->
  uDTSDI002Top/uAPB_TimerPWM/uPWM0_2/Timer_Cnt_reg_8_	->
  uDTSDI002Top/uAPB_TimerPWM/uPWM0_2/Timer_Cnt_reg_9_	->
  uDTSDI002Top/uAPB_TimerPWM/uPWM0_2/Timer_Cnt_reg_10_	->
  uDTSDI002Top/uAPB_TimerPWM/uPWM0_2/Timer_Cnt_reg_11_	->
  uDTSDI002Top/uAPB_TimerPWM/uPWM0_2/Timer_Cnt_reg_12_	->
  uDTSDI002Top/uAPB_TimerPWM/uPWM0_2/Timer_Cnt_reg_13_	->
  uDTSDI002Top/uAPB_TimerPWM/uPWM0_2/Timer_Cnt_reg_14_	->
  uDTSDI002Top/uAPB_TimerPWM/uPWM0_2/Timer_Cnt_reg_15_	->
  uDTSDI002Top/uAPB_TimerPWM/uPWM0_2/Timer_Match_Set_reg	->
  uDTSDI002Top/uAPB_TimerPWM/uPWM0_2/Timer_Out_reg	->
  uDTSDI002Top/uAPB_TimerPWM/uPWM0_2/Timers_OverFlow_reg	->
  uDTSDI002Top/uAPB_TimerPWM/uPWM0_2/iPRDATA_reg_0_	->
  uDTSDI002Top/uAPB_TimerPWM/uPWM0_2/iPRDATA_reg_1_	->
  uDTSDI002Top/uAPB_TimerPWM/uPWM0_2/iPRDATA_reg_2_	->
  uDTSDI002Top/uAPB_TimerPWM/uPWM0_2/iPRDATA_reg_3_	->
  uDTSDI002Top/uAPB_TimerPWM/uPWM0_2/iPRDATA_reg_4_	->
  uDTSDI002Top/uAPB_TimerPWM/uPWM0_2/iPRDATA_reg_5_	->
  uDTSDI002Top/uAPB_TimerPWM/uPWM0_2/iPRDATA_reg_6_	->
  uDTSDI002Top/uAPB_TimerPWM/uPWM0_2/iPRDATA_reg_7_	->
  uDTSDI002Top/uAPB_TimerPWM/uPWM0_2/iPRDATA_reg_8_	->
  uDTSDI002Top/uAPB_TimerPWM/uPWM0_2/iPRDATA_reg_9_	->
  uDTSDI002Top/uAPB_TimerPWM/uPWM0_2/iPRDATA_reg_10_	->
  uDTSDI002Top/uAPB_TimerPWM/uPWM0_2/iPRDATA_reg_11_	->
  uDTSDI002Top/uAPB_TimerPWM/uPWM0_2/iPRDATA_reg_12_	->
  uDTSDI002Top/uAPB_TimerPWM/uPWM0_2/iPRDATA_reg_13_	->
  uDTSDI002Top/uAPB_TimerPWM/uPWM0_2/iPRDATA_reg_14_	->
  uDTSDI002Top/uAPB_TimerPWM/uPWM0_2/iPRDATA_reg_15_	->
  uDTSDI002Top/uAPB_TimerPWM/uPWM0_3/FL_CHCLK_reg	->
  uDTSDI002Top/uAPB_TimerPWM/uPWM0_3/OUTCLK_1d_reg	->
  uDTSDI002Top/uAPB_TimerPWM/uPWM0_3/OUTCLK_2d_reg	->
  uDTSDI002Top/uAPB_TimerPWM/uPWM0_3/OUTCLK_3d_reg	->
  uDTSDI002Top/uAPB_TimerPWM/uPWM0_3/OUTCLK_4d_reg	->
  uDTSDI002Top/uAPB_TimerPWM/uPWM0_3/OUTCLK_reg	->
  uDTSDI002Top/uAPB_TimerPWM/uPWM0_3/PWM_Out_reg	->
  uDTSDI002Top/uAPB_TimerPWM/uPWM0_3/Prescale_Cnt_reg_0_	->
  uDTSDI002Top/uAPB_TimerPWM/uPWM0_3/Prescale_Cnt_reg_1_	->
  uDTSDI002Top/uAPB_TimerPWM/uPWM0_3/Prescale_Cnt_reg_2_	->
  uDTSDI002Top/uAPB_TimerPWM/uPWM0_3/Prescale_Cnt_reg_3_	->
  uDTSDI002Top/uAPB_TimerPWM/uPWM0_3/Prescale_Cnt_reg_4_	->
  uDTSDI002Top/uAPB_TimerPWM/uPWM0_3/Prescale_Cnt_reg_5_	->
  uDTSDI002Top/uAPB_TimerPWM/uPWM0_3/Prescale_Cnt_reg_6_	->
  uDTSDI002Top/uAPB_TimerPWM/uPWM0_3/Prescale_Cnt_reg_7_	->
  uDTSDI002Top/uAPB_TimerPWM/uPWM0_3/Prescale_Cnt_reg_8_	->
  uDTSDI002Top/uAPB_TimerPWM/uPWM0_3/Prescale_Cnt_reg_9_	->
  uDTSDI002Top/uAPB_TimerPWM/uPWM0_3/R0_reg_0_	->
  uDTSDI002Top/uAPB_TimerPWM/uPWM0_3/R0_reg_1_	->
  uDTSDI002Top/uAPB_TimerPWM/uPWM0_3/R0_reg_2_	->
  uDTSDI002Top/uAPB_TimerPWM/uPWM0_3/R0_reg_3_	->
  uDTSDI002Top/uAPB_TimerPWM/uPWM0_3/R0_reg_4_	->
  uDTSDI002Top/uAPB_TimerPWM/uPWM0_3/R0_reg_5_	->
  uDTSDI002Top/uAPB_TimerPWM/uPWM0_3/R0_reg_6_	->
  uDTSDI002Top/uAPB_TimerPWM/uPWM0_3/R0_reg_7_	->
  uDTSDI002Top/uAPB_TimerPWM/uPWM0_3/R0_reg_8_	->
  uDTSDI002Top/uAPB_TimerPWM/uPWM0_3/R0_reg_9_	->
  uDTSDI002Top/uAPB_TimerPWM/uPWM0_3/R0_reg_10_	->
  uDTSDI002Top/uAPB_TimerPWM/uPWM0_3/R0_reg_11_	->
  uDTSDI002Top/uAPB_TimerPWM/uPWM0_3/R0_reg_12_	->
  uDTSDI002Top/uAPB_TimerPWM/uPWM0_3/R0_reg_13_	->
  uDTSDI002Top/uAPB_TimerPWM/uPWM0_3/R0_reg_14_	->
  uDTSDI002Top/uAPB_TimerPWM/uPWM0_3/R0_reg_15_	->
  uDTSDI002Top/uAPB_TimerPWM/uPWM0_3/R1_reg_0_	->
  uDTSDI002Top/uAPB_TimerPWM/uPWM0_3/R1_reg_1_	->
  uDTSDI002Top/uAPB_TimerPWM/uPWM0_3/R1_reg_2_	->
  uDTSDI002Top/uAPB_TimerPWM/uPWM0_3/R1_reg_3_	->
  uDTSDI002Top/uAPB_TimerPWM/uPWM0_3/R1_reg_4_	->
  uDTSDI002Top/uAPB_TimerPWM/uPWM0_3/R1_reg_5_	->
  uDTSDI002Top/uAPB_TimerPWM/uPWM0_3/R1_reg_6_	->
  uDTSDI002Top/uAPB_TimerPWM/uPWM0_3/R1_reg_7_	->
  uDTSDI002Top/uAPB_TimerPWM/uPWM0_3/R1_reg_8_	->
  uDTSDI002Top/uAPB_TimerPWM/uPWM0_3/R1_reg_9_	->
  uDTSDI002Top/uAPB_TimerPWM/uPWM0_3/R2_reg_0_	->
  uDTSDI002Top/uAPB_TimerPWM/uPWM0_3/R2_reg_1_	->
  uDTSDI002Top/uAPB_TimerPWM/uPWM0_3/R2_reg_2_	->
  uDTSDI002Top/uAPB_TimerPWM/uPWM0_3/R2_reg_3_	->
  uDTSDI002Top/uAPB_TimerPWM/uPWM0_3/R2_reg_4_	->
  uDTSDI002Top/uAPB_TimerPWM/uPWM0_3/R2_reg_5_	->
  uDTSDI002Top/uAPB_TimerPWM/uPWM0_3/R2_reg_6_	->
  uDTSDI002Top/uAPB_TimerPWM/uPWM0_3/R2_reg_7_	->
  uDTSDI002Top/uAPB_TimerPWM/uPWM0_3/R3_reg_0_	->
  uDTSDI002Top/uAPB_TimerPWM/uPWM0_3/R3_reg_1_	->
  uDTSDI002Top/uAPB_TimerPWM/uPWM0_3/R3_reg_2_	->
  uDTSDI002Top/uAPB_TimerPWM/uPWM0_3/R3_reg_3_	->
  uDTSDI002Top/uAPB_TimerPWM/uPWM0_3/R3_reg_4_	->
  uDTSDI002Top/uAPB_TimerPWM/uPWM0_3/R3_reg_5_	->
  uDTSDI002Top/uAPB_TimerPWM/uPWM0_3/R3_reg_6_	->
  uDTSDI002Top/uAPB_TimerPWM/uPWM0_3/R3_reg_7_	->
  uDTSDI002Top/uAPB_TimerPWM/uPWM0_3/R3_reg_8_	->
  uDTSDI002Top/uAPB_TimerPWM/uPWM0_3/R3_reg_9_	->
  uDTSDI002Top/uAPB_TimerPWM/uPWM0_3/R3_reg_10_	->
  uDTSDI002Top/uAPB_TimerPWM/uPWM0_3/R3_reg_11_	->
  uDTSDI002Top/uAPB_TimerPWM/uPWM0_3/R3_reg_12_	->
  uDTSDI002Top/uAPB_TimerPWM/uPWM0_3/R3_reg_13_	->
  uDTSDI002Top/uAPB_TimerPWM/uPWM0_3/R3_reg_14_	->
  uDTSDI002Top/uAPB_TimerPWM/uPWM0_3/R3_reg_15_	->
  uDTSDI002Top/uAPB_TimerPWM/uPWM0_3/R4_reg_0_	->
  uDTSDI002Top/uAPB_TimerPWM/uPWM0_3/R4_reg_1_	->
  uDTSDI002Top/uAPB_TimerPWM/uPWM0_3/R4_reg_2_	->
  uDTSDI002Top/uAPB_TimerPWM/uPWM0_3/R4_reg_3_	->
  uDTSDI002Top/uAPB_TimerPWM/uPWM0_3/R4_reg_4_	->
  uDTSDI002Top/uAPB_TimerPWM/uPWM0_3/R4_reg_5_	->
  uDTSDI002Top/uAPB_TimerPWM/uPWM0_3/R4_reg_6_	->
  uDTSDI002Top/uAPB_TimerPWM/uPWM0_3/R4_reg_7_	->
  uDTSDI002Top/uAPB_TimerPWM/uPWM0_3/R4_reg_8_	->
  uDTSDI002Top/uAPB_TimerPWM/uPWM0_3/R4_reg_9_	->
  uDTSDI002Top/uAPB_TimerPWM/uPWM0_3/R4_reg_10_	->
  uDTSDI002Top/uAPB_TimerPWM/uPWM0_3/R4_reg_11_	->
  uDTSDI002Top/uAPB_TimerPWM/uPWM0_3/R4_reg_12_	->
  uDTSDI002Top/uAPB_TimerPWM/uPWM0_3/R4_reg_13_	->
  uDTSDI002Top/uAPB_TimerPWM/uPWM0_3/R4_reg_14_	->
  uDTSDI002Top/uAPB_TimerPWM/uPWM0_3/R4_reg_15_	->
  uDTSDI002Top/uAPB_TimerPWM/uPWM0_3/TCAP_Reg_1d_reg_3_	->
  uDTSDI002Top/uAPB_TimerPWM/uPWM0_3/TCAP_Reg_1d_reg_4_	->
  uDTSDI002Top/uAPB_TimerPWM/uPWM0_3/TCAP_Reg_1d_reg_5_	->
  uDTSDI002Top/uAPB_TimerPWM/uPWM0_3/TCAP_Reg_reg_3_	->
  uDTSDI002Top/uAPB_TimerPWM/uPWM0_3/TCAP_Reg_reg_4_	->
  uDTSDI002Top/uAPB_TimerPWM/uPWM0_3/TCAP_Reg_reg_5_	->
  uDTSDI002Top/uAPB_TimerPWM/uPWM0_3/TDX_CapEn_1Pd_reg	->
  uDTSDI002Top/uAPB_TimerPWM/uPWM0_3/TDX_Up_reg	->
  uDTSDI002Top/uAPB_TimerPWM/uPWM0_3/TDx_CapEn_reg	->
  uDTSDI002Top/uAPB_TimerPWM/uPWM0_3/Timer_Cnt_reg_0_	->
  uDTSDI002Top/uAPB_TimerPWM/uPWM0_3/Timer_Cnt_reg_1_	->
  uDTSDI002Top/uAPB_TimerPWM/uPWM0_3/Timer_Cnt_reg_2_	->
  uDTSDI002Top/uAPB_TimerPWM/uPWM0_3/Timer_Cnt_reg_3_	->
  uDTSDI002Top/uAPB_TimerPWM/uPWM0_3/Timer_Cnt_reg_4_	->
  uDTSDI002Top/uAPB_TimerPWM/uPWM0_3/Timer_Cnt_reg_5_	->
  uDTSDI002Top/uAPB_TimerPWM/uPWM0_3/Timer_Cnt_reg_6_	->
  uDTSDI002Top/uAPB_TimerPWM/uPWM0_3/Timer_Cnt_reg_7_	->
  uDTSDI002Top/uAPB_TimerPWM/uPWM0_3/Timer_Cnt_reg_8_	->
  uDTSDI002Top/uAPB_TimerPWM/uPWM0_3/Timer_Cnt_reg_9_	->
  uDTSDI002Top/uAPB_TimerPWM/uPWM0_3/Timer_Cnt_reg_10_	->
  uDTSDI002Top/uAPB_TimerPWM/uPWM0_3/Timer_Cnt_reg_11_	->
  uDTSDI002Top/uAPB_TimerPWM/uPWM0_3/Timer_Cnt_reg_12_	->
  uDTSDI002Top/uAPB_TimerPWM/uPWM0_3/Timer_Cnt_reg_13_	->
  uDTSDI002Top/uAPB_TimerPWM/uPWM0_3/Timer_Cnt_reg_14_	->
  uDTSDI002Top/uAPB_TimerPWM/uPWM0_3/Timer_Cnt_reg_15_	->
  uDTSDI002Top/uAPB_TimerPWM/uPWM0_3/Timer_Match_Set_reg	->
  uDTSDI002Top/uAPB_TimerPWM/uPWM0_3/Timer_Out_reg	->
  uDTSDI002Top/uAPB_TimerPWM/uPWM0_3/Timers_OverFlow_reg	->
  uDTSDI002Top/uAPB_TimerPWM/uPWM0_3/iPRDATA_reg_0_	->
  uDTSDI002Top/uAPB_TimerPWM/uPWM0_3/iPRDATA_reg_1_	->
  uDTSDI002Top/uAPB_TimerPWM/uPWM0_3/iPRDATA_reg_2_	->
  uDTSDI002Top/uAPB_TimerPWM/uPWM0_3/iPRDATA_reg_3_	->
  uDTSDI002Top/uAPB_TimerPWM/uPWM0_3/iPRDATA_reg_4_	->
  uDTSDI002Top/uAPB_TimerPWM/uPWM0_3/iPRDATA_reg_5_	->
  uDTSDI002Top/uAPB_TimerPWM/uPWM0_3/iPRDATA_reg_6_	->
  uDTSDI002Top/uAPB_TimerPWM/uPWM0_3/iPRDATA_reg_7_	->
  uDTSDI002Top/uAPB_TimerPWM/uPWM0_3/iPRDATA_reg_8_	->
  uDTSDI002Top/uAPB_TimerPWM/uPWM0_3/iPRDATA_reg_9_	->
  uDTSDI002Top/uAPB_TimerPWM/uPWM0_3/iPRDATA_reg_10_	->
  uDTSDI002Top/uAPB_TimerPWM/uPWM0_3/iPRDATA_reg_11_	->
  uDTSDI002Top/uAPB_TimerPWM/uPWM0_3/iPRDATA_reg_12_	->
  uDTSDI002Top/uAPB_TimerPWM/uPWM0_3/iPRDATA_reg_13_	->
  uDTSDI002Top/uAPB_TimerPWM/uPWM0_3/iPRDATA_reg_14_	->
  uDTSDI002Top/uAPB_TimerPWM/uPWM0_3/iPRDATA_reg_15_	->
  uDTSDI002Top/uAPB_TimerPWM/uPWM0_4/FL_CHCLK_reg	->
  uDTSDI002Top/uAPB_TimerPWM/uPWM0_4/OUTCLK_1d_reg	->
  uDTSDI002Top/uAPB_TimerPWM/uPWM0_4/OUTCLK_2d_reg	->
  uDTSDI002Top/uAPB_TimerPWM/uPWM0_4/OUTCLK_3d_reg	->
  uDTSDI002Top/uAPB_TimerPWM/uPWM0_4/OUTCLK_4d_reg	->
  uDTSDI002Top/uAPB_TimerPWM/uPWM0_4/OUTCLK_reg	->
  uDTSDI002Top/uAPB_TimerPWM/uPWM0_4/PWM_Out_reg	->
  uDTSDI002Top/uAPB_TimerPWM/uPWM0_4/Prescale_Cnt_reg_0_	->
  uDTSDI002Top/uAPB_TimerPWM/uPWM0_4/Prescale_Cnt_reg_1_	->
  uDTSDI002Top/uAPB_TimerPWM/uPWM0_4/Prescale_Cnt_reg_2_	->
  uDTSDI002Top/uAPB_TimerPWM/uPWM0_4/Prescale_Cnt_reg_3_	->
  uDTSDI002Top/uAPB_TimerPWM/uPWM0_4/Prescale_Cnt_reg_4_	->
  uDTSDI002Top/uAPB_TimerPWM/uPWM0_4/Prescale_Cnt_reg_5_	->
  uDTSDI002Top/uAPB_TimerPWM/uPWM0_4/Prescale_Cnt_reg_6_	->
  uDTSDI002Top/uAPB_TimerPWM/uPWM0_4/Prescale_Cnt_reg_7_	->
  uDTSDI002Top/uAPB_TimerPWM/uPWM0_4/Prescale_Cnt_reg_8_	->
  uDTSDI002Top/uAPB_TimerPWM/uPWM0_4/Prescale_Cnt_reg_9_	->
  uDTSDI002Top/uAPB_TimerPWM/uPWM0_4/R0_reg_0_	->
  uDTSDI002Top/uAPB_TimerPWM/uPWM0_4/R0_reg_1_	->
  uDTSDI002Top/uAPB_TimerPWM/uPWM0_4/R0_reg_2_	->
  uDTSDI002Top/uAPB_TimerPWM/uPWM0_4/R0_reg_3_	->
  uDTSDI002Top/uAPB_TimerPWM/uPWM0_4/R0_reg_4_	->
  uDTSDI002Top/uAPB_TimerPWM/uPWM0_4/R0_reg_5_	->
  uDTSDI002Top/uAPB_TimerPWM/uPWM0_4/R0_reg_6_	->
  uDTSDI002Top/uAPB_TimerPWM/uPWM0_4/R0_reg_7_	->
  uDTSDI002Top/uAPB_TimerPWM/uPWM0_4/R0_reg_8_	->
  uDTSDI002Top/uAPB_TimerPWM/uPWM0_4/R0_reg_9_	->
  uDTSDI002Top/uAPB_TimerPWM/uPWM0_4/R0_reg_10_	->
  uDTSDI002Top/uAPB_TimerPWM/uPWM0_4/R0_reg_11_	->
  uDTSDI002Top/uAPB_TimerPWM/uPWM0_4/R0_reg_12_	->
  uDTSDI002Top/uAPB_TimerPWM/uPWM0_4/R0_reg_13_	->
  uDTSDI002Top/uAPB_TimerPWM/uPWM0_4/R0_reg_14_	->
  uDTSDI002Top/uAPB_TimerPWM/uPWM0_4/R0_reg_15_	->
  uDTSDI002Top/uAPB_TimerPWM/uPWM0_4/R1_reg_0_	->
  uDTSDI002Top/uAPB_TimerPWM/uPWM0_4/R1_reg_1_	->
  uDTSDI002Top/uAPB_TimerPWM/uPWM0_4/R1_reg_2_	->
  uDTSDI002Top/uAPB_TimerPWM/uPWM0_4/R1_reg_3_	->
  uDTSDI002Top/uAPB_TimerPWM/uPWM0_4/R1_reg_4_	->
  uDTSDI002Top/uAPB_TimerPWM/uPWM0_4/R1_reg_5_	->
  uDTSDI002Top/uAPB_TimerPWM/uPWM0_4/R1_reg_6_	->
  uDTSDI002Top/uAPB_TimerPWM/uPWM0_4/R1_reg_7_	->
  uDTSDI002Top/uAPB_TimerPWM/uPWM0_4/R1_reg_8_	->
  uDTSDI002Top/uAPB_TimerPWM/uPWM0_4/R1_reg_9_	->
  uDTSDI002Top/uAPB_TimerPWM/uPWM0_4/R2_reg_0_	->
  uDTSDI002Top/uAPB_TimerPWM/uPWM0_4/R2_reg_1_	->
  uDTSDI002Top/uAPB_TimerPWM/uPWM0_4/R2_reg_2_	->
  uDTSDI002Top/uAPB_TimerPWM/uPWM0_4/R2_reg_3_	->
  uDTSDI002Top/uAPB_TimerPWM/uPWM0_4/R2_reg_4_	->
  uDTSDI002Top/uAPB_TimerPWM/uPWM0_4/R2_reg_5_	->
  uDTSDI002Top/uAPB_TimerPWM/uPWM0_4/R2_reg_6_	->
  uDTSDI002Top/uAPB_TimerPWM/uPWM0_4/R2_reg_7_	->
  uDTSDI002Top/uAPB_TimerPWM/uPWM0_4/R3_reg_0_	->
  uDTSDI002Top/uAPB_TimerPWM/uPWM0_4/R3_reg_1_	->
  uDTSDI002Top/uAPB_TimerPWM/uPWM0_4/R3_reg_2_	->
  uDTSDI002Top/uAPB_TimerPWM/uPWM0_4/R3_reg_3_	->
  uDTSDI002Top/uAPB_TimerPWM/uPWM0_4/R3_reg_4_	->
  uDTSDI002Top/uAPB_TimerPWM/uPWM0_4/R3_reg_5_	->
  uDTSDI002Top/uAPB_TimerPWM/uPWM0_4/R3_reg_6_	->
  uDTSDI002Top/uAPB_TimerPWM/uPWM0_4/R3_reg_7_	->
  uDTSDI002Top/uAPB_TimerPWM/uPWM0_4/R3_reg_8_	->
  uDTSDI002Top/uAPB_TimerPWM/uPWM0_4/R3_reg_9_	->
  uDTSDI002Top/uAPB_TimerPWM/uPWM0_4/R3_reg_10_	->
  uDTSDI002Top/uAPB_TimerPWM/uPWM0_4/R3_reg_11_	->
  uDTSDI002Top/uAPB_TimerPWM/uPWM0_4/R3_reg_12_	->
  uDTSDI002Top/uAPB_TimerPWM/uPWM0_4/R3_reg_13_	->
  uDTSDI002Top/uAPB_TimerPWM/uPWM0_4/R3_reg_14_	->
  uDTSDI002Top/uAPB_TimerPWM/uPWM0_4/R3_reg_15_	->
  uDTSDI002Top/uAPB_TimerPWM/uPWM0_4/R4_reg_0_	->
  uDTSDI002Top/uAPB_TimerPWM/uPWM0_4/R4_reg_1_	->
  uDTSDI002Top/uAPB_TimerPWM/uPWM0_4/R4_reg_2_	->
  uDTSDI002Top/uAPB_TimerPWM/uPWM0_4/R4_reg_3_	->
  uDTSDI002Top/uAPB_TimerPWM/uPWM0_4/R4_reg_4_	->
  uDTSDI002Top/uAPB_TimerPWM/uPWM0_4/R4_reg_5_	->
  uDTSDI002Top/uAPB_TimerPWM/uPWM0_4/R4_reg_6_	->
  uDTSDI002Top/uAPB_TimerPWM/uPWM0_4/R4_reg_7_	->
  uDTSDI002Top/uAPB_TimerPWM/uPWM0_4/R4_reg_8_	->
  uDTSDI002Top/uAPB_TimerPWM/uPWM0_4/R4_reg_9_	->
  uDTSDI002Top/uAPB_TimerPWM/uPWM0_4/R4_reg_10_	->
  uDTSDI002Top/uAPB_TimerPWM/uPWM0_4/R4_reg_11_	->
  uDTSDI002Top/uAPB_TimerPWM/uPWM0_4/R4_reg_12_	->
  uDTSDI002Top/uAPB_TimerPWM/uPWM0_4/R4_reg_13_	->
  uDTSDI002Top/uAPB_TimerPWM/uPWM0_4/R4_reg_14_	->
  uDTSDI002Top/uAPB_TimerPWM/uPWM0_4/R4_reg_15_	->
  uDTSDI002Top/uAPB_TimerPWM/uPWM0_4/TCAP_Reg_1d_reg_3_	->
  uDTSDI002Top/uAPB_TimerPWM/uPWM0_4/TCAP_Reg_1d_reg_4_	->
  uDTSDI002Top/uAPB_TimerPWM/uPWM0_4/TCAP_Reg_1d_reg_5_	->
  uDTSDI002Top/uAPB_TimerPWM/uPWM0_4/TCAP_Reg_reg_3_	->
  uDTSDI002Top/uAPB_TimerPWM/uPWM0_4/TCAP_Reg_reg_4_	->
  uDTSDI002Top/uAPB_TimerPWM/uPWM0_4/TCAP_Reg_reg_5_	->
  uDTSDI002Top/uAPB_TimerPWM/uPWM0_4/TDX_CapEn_1Pd_reg	->
  uDTSDI002Top/uAPB_TimerPWM/uPWM0_4/TDX_Up_reg	->
  uDTSDI002Top/uAPB_TimerPWM/uPWM0_4/TDx_CapEn_reg	->
  uDTSDI002Top/uAPB_TimerPWM/uPWM0_4/Timer_Cnt_reg_0_	->
  uDTSDI002Top/uAPB_TimerPWM/uPWM0_4/Timer_Cnt_reg_1_	->
  uDTSDI002Top/uAPB_TimerPWM/uPWM0_4/Timer_Cnt_reg_2_	->
  uDTSDI002Top/uAPB_TimerPWM/uPWM0_4/Timer_Cnt_reg_3_	->
  uDTSDI002Top/uAPB_TimerPWM/uPWM0_4/Timer_Cnt_reg_4_	->
  uDTSDI002Top/uAPB_TimerPWM/uPWM0_4/Timer_Cnt_reg_5_	->
  uDTSDI002Top/uAPB_TimerPWM/uPWM0_4/Timer_Cnt_reg_6_	->
  uDTSDI002Top/uAPB_TimerPWM/uPWM0_4/Timer_Cnt_reg_7_	->
  uDTSDI002Top/uAPB_TimerPWM/uPWM0_4/Timer_Cnt_reg_8_	->
  uDTSDI002Top/uAPB_TimerPWM/uPWM0_4/Timer_Cnt_reg_9_	->
  uDTSDI002Top/uAPB_TimerPWM/uPWM0_4/Timer_Cnt_reg_10_	->
  uDTSDI002Top/uAPB_TimerPWM/uPWM0_4/Timer_Cnt_reg_11_	->
  uDTSDI002Top/uAPB_TimerPWM/uPWM0_4/Timer_Cnt_reg_12_	->
  uDTSDI002Top/uAPB_TimerPWM/uPWM0_4/Timer_Cnt_reg_13_	->
  uDTSDI002Top/uAPB_TimerPWM/uPWM0_4/Timer_Cnt_reg_14_	->
  uDTSDI002Top/uAPB_TimerPWM/uPWM0_4/Timer_Cnt_reg_15_	->
  uDTSDI002Top/uAPB_TimerPWM/uPWM0_4/Timer_Match_Set_reg	->
  uDTSDI002Top/uAPB_TimerPWM/uPWM0_4/Timer_Out_reg	->
  uDTSDI002Top/uAPB_TimerPWM/uPWM0_4/Timers_OverFlow_reg	->
  uDTSDI002Top/uAPB_TimerPWM/uPWM0_4/iPRDATA_reg_0_	->
  uDTSDI002Top/uAPB_TimerPWM/uPWM0_4/iPRDATA_reg_1_	->
  uDTSDI002Top/uAPB_TimerPWM/uPWM0_4/iPRDATA_reg_2_	->
  uDTSDI002Top/uAPB_TimerPWM/uPWM0_4/iPRDATA_reg_3_	->
  uDTSDI002Top/uAPB_TimerPWM/uPWM0_4/iPRDATA_reg_4_	->
  uDTSDI002Top/uAPB_TimerPWM/uPWM0_4/iPRDATA_reg_5_	->
  uDTSDI002Top/uAPB_TimerPWM/uPWM0_4/iPRDATA_reg_6_	->
  uDTSDI002Top/uAPB_TimerPWM/uPWM0_4/iPRDATA_reg_7_	->
  uDTSDI002Top/uAPB_TimerPWM/uPWM0_4/iPRDATA_reg_8_	->
  uDTSDI002Top/uAPB_TimerPWM/uPWM0_4/iPRDATA_reg_9_	->
  uDTSDI002Top/uAPB_TimerPWM/uPWM0_4/iPRDATA_reg_10_	->
  uDTSDI002Top/uAPB_TimerPWM/uPWM0_4/iPRDATA_reg_11_	->
  uDTSDI002Top/uAPB_TimerPWM/uPWM0_4/iPRDATA_reg_12_	->
  uDTSDI002Top/uAPB_TimerPWM/uPWM0_4/iPRDATA_reg_13_	->
  uDTSDI002Top/uAPB_TimerPWM/uPWM0_4/iPRDATA_reg_14_	->
  uDTSDI002Top/uAPB_TimerPWM/uPWM0_4/iPRDATA_reg_15_	->
  uDTSDI002Top/uAPB_TimerPWM/uPWM0_5/FL_CHCLK_reg	->
  uDTSDI002Top/uAPB_TimerPWM/uPWM0_5/OUTCLK_1d_reg	->
  uDTSDI002Top/uAPB_TimerPWM/uPWM0_5/OUTCLK_2d_reg	->
  uDTSDI002Top/uAPB_TimerPWM/uPWM0_5/OUTCLK_3d_reg	->
  uDTSDI002Top/uAPB_TimerPWM/uPWM0_5/OUTCLK_4d_reg	->
  uDTSDI002Top/uAPB_TimerPWM/uPWM0_5/OUTCLK_reg	->
  uDTSDI002Top/uAPB_TimerPWM/uPWM0_5/PWM_Out_reg	->
  uDTSDI002Top/uAPB_TimerPWM/uPWM0_5/Prescale_Cnt_reg_0_	->
  uDTSDI002Top/uAPB_TimerPWM/uPWM0_5/Prescale_Cnt_reg_1_	->
  uDTSDI002Top/uAPB_TimerPWM/uPWM0_5/Prescale_Cnt_reg_2_	->
  uDTSDI002Top/uAPB_TimerPWM/uPWM0_5/Prescale_Cnt_reg_3_	->
  uDTSDI002Top/uAPB_TimerPWM/uPWM0_5/Prescale_Cnt_reg_4_	->
  uDTSDI002Top/uAPB_TimerPWM/uPWM0_5/Prescale_Cnt_reg_5_	->
  uDTSDI002Top/uAPB_TimerPWM/uPWM0_5/Prescale_Cnt_reg_6_	->
  uDTSDI002Top/uAPB_TimerPWM/uPWM0_5/Prescale_Cnt_reg_7_	->
  uDTSDI002Top/uAPB_TimerPWM/uPWM0_5/Prescale_Cnt_reg_8_	->
  uDTSDI002Top/uAPB_TimerPWM/uPWM0_5/Prescale_Cnt_reg_9_	->
  uDTSDI002Top/uAPB_TimerPWM/uPWM0_5/R0_reg_0_	->
  uDTSDI002Top/uAPB_TimerPWM/uPWM0_5/R0_reg_1_	->
  uDTSDI002Top/uAPB_TimerPWM/uPWM0_5/R0_reg_2_	->
  uDTSDI002Top/uAPB_TimerPWM/uPWM0_5/R0_reg_3_	->
  uDTSDI002Top/uAPB_TimerPWM/uPWM0_5/R0_reg_4_	->
  uDTSDI002Top/uAPB_TimerPWM/uPWM0_5/R0_reg_5_	->
  uDTSDI002Top/uAPB_TimerPWM/uPWM0_5/R0_reg_6_	->
  uDTSDI002Top/uAPB_TimerPWM/uPWM0_5/R0_reg_7_	->
  uDTSDI002Top/uAPB_TimerPWM/uPWM0_5/R0_reg_8_	->
  uDTSDI002Top/uAPB_TimerPWM/uPWM0_5/R0_reg_9_	->
  uDTSDI002Top/uAPB_TimerPWM/uPWM0_5/R0_reg_10_	->
  uDTSDI002Top/uAPB_TimerPWM/uPWM0_5/R0_reg_11_	->
  uDTSDI002Top/uAPB_TimerPWM/uPWM0_5/R0_reg_12_	->
  uDTSDI002Top/uAPB_TimerPWM/uPWM0_5/R0_reg_13_	->
  uDTSDI002Top/uAPB_TimerPWM/uPWM0_5/R0_reg_14_	->
  uDTSDI002Top/uAPB_TimerPWM/uPWM0_5/R0_reg_15_	->
  uDTSDI002Top/uAPB_TimerPWM/uPWM0_5/R1_reg_0_	->
  uDTSDI002Top/uAPB_TimerPWM/uPWM0_5/R1_reg_1_	->
  uDTSDI002Top/uAPB_TimerPWM/uPWM0_5/R1_reg_2_	->
  uDTSDI002Top/uAPB_TimerPWM/uPWM0_5/R1_reg_3_	->
  uDTSDI002Top/uAPB_TimerPWM/uPWM0_5/R1_reg_4_	->
  uDTSDI002Top/uAPB_TimerPWM/uPWM0_5/R1_reg_5_	->
  uDTSDI002Top/uAPB_TimerPWM/uPWM0_5/R1_reg_6_	->
  uDTSDI002Top/uAPB_TimerPWM/uPWM0_5/R1_reg_7_	->
  uDTSDI002Top/uAPB_TimerPWM/uPWM0_5/R1_reg_8_	->
  uDTSDI002Top/uAPB_TimerPWM/uPWM0_5/R1_reg_9_	->
  uDTSDI002Top/uAPB_TimerPWM/uPWM0_5/R2_reg_0_	->
  uDTSDI002Top/uAPB_TimerPWM/uPWM0_5/R2_reg_1_	->
  uDTSDI002Top/uAPB_TimerPWM/uPWM0_5/R2_reg_2_	->
  uDTSDI002Top/uAPB_TimerPWM/uPWM0_5/R2_reg_3_	->
  uDTSDI002Top/uAPB_TimerPWM/uPWM0_5/R2_reg_4_	->
  uDTSDI002Top/uAPB_TimerPWM/uPWM0_5/R2_reg_5_	->
  uDTSDI002Top/uAPB_TimerPWM/uPWM0_5/R2_reg_6_	->
  uDTSDI002Top/uAPB_TimerPWM/uPWM0_5/R2_reg_7_	->
  uDTSDI002Top/uAPB_TimerPWM/uPWM0_5/R3_reg_0_	->
  uDTSDI002Top/uAPB_TimerPWM/uPWM0_5/R3_reg_1_	->
  uDTSDI002Top/uAPB_TimerPWM/uPWM0_5/R3_reg_2_	->
  uDTSDI002Top/uAPB_TimerPWM/uPWM0_5/R3_reg_3_	->
  uDTSDI002Top/uAPB_TimerPWM/uPWM0_5/R3_reg_4_	->
  uDTSDI002Top/uAPB_TimerPWM/uPWM0_5/R3_reg_5_	->
  uDTSDI002Top/uAPB_TimerPWM/uPWM0_5/R3_reg_6_	->
  uDTSDI002Top/uAPB_TimerPWM/uPWM0_5/R3_reg_7_	->
  uDTSDI002Top/uAPB_TimerPWM/uPWM0_5/R3_reg_8_	->
  uDTSDI002Top/uAPB_TimerPWM/uPWM0_5/R3_reg_9_	->
  uDTSDI002Top/uAPB_TimerPWM/uPWM0_5/R3_reg_10_	->
  uDTSDI002Top/uAPB_TimerPWM/uPWM0_5/R3_reg_11_	->
  uDTSDI002Top/uAPB_TimerPWM/uPWM0_5/R3_reg_12_	->
  uDTSDI002Top/uAPB_TimerPWM/uPWM0_5/R3_reg_13_	->
  uDTSDI002Top/uAPB_TimerPWM/uPWM0_5/R3_reg_14_	->
  uDTSDI002Top/uAPB_TimerPWM/uPWM0_5/R3_reg_15_	->
  uDTSDI002Top/uAPB_TimerPWM/uPWM0_5/R4_reg_0_	->
  uDTSDI002Top/uAPB_TimerPWM/uPWM0_5/R4_reg_1_	->
  uDTSDI002Top/uAPB_TimerPWM/uPWM0_5/R4_reg_2_	->
  uDTSDI002Top/uAPB_TimerPWM/uPWM0_5/R4_reg_3_	->
  uDTSDI002Top/uAPB_TimerPWM/uPWM0_5/R4_reg_4_	->
  uDTSDI002Top/uAPB_TimerPWM/uPWM0_5/R4_reg_5_	->
  uDTSDI002Top/uAPB_TimerPWM/uPWM0_5/R4_reg_6_	->
  uDTSDI002Top/uAPB_TimerPWM/uPWM0_5/R4_reg_7_	->
  uDTSDI002Top/uAPB_TimerPWM/uPWM0_5/R4_reg_8_	->
  uDTSDI002Top/uAPB_TimerPWM/uPWM0_5/R4_reg_9_	->
  uDTSDI002Top/uAPB_TimerPWM/uPWM0_5/R4_reg_10_	->
  uDTSDI002Top/uAPB_TimerPWM/uPWM0_5/R4_reg_11_	->
  uDTSDI002Top/uAPB_TimerPWM/uPWM0_5/R4_reg_12_	->
  uDTSDI002Top/uAPB_TimerPWM/uPWM0_5/R4_reg_13_	->
  uDTSDI002Top/uAPB_TimerPWM/uPWM0_5/R4_reg_14_	->
  uDTSDI002Top/uAPB_TimerPWM/uPWM0_5/R4_reg_15_	->
  uDTSDI002Top/uAPB_TimerPWM/uPWM0_5/TCAP_Reg_1d_reg_3_	->
  uDTSDI002Top/uAPB_TimerPWM/uPWM0_5/TCAP_Reg_1d_reg_4_	->
  uDTSDI002Top/uAPB_TimerPWM/uPWM0_5/TCAP_Reg_1d_reg_5_	->
  uDTSDI002Top/uAPB_TimerPWM/uPWM0_5/TCAP_Reg_reg_3_	->
  uDTSDI002Top/uAPB_TimerPWM/uPWM0_5/TCAP_Reg_reg_4_	->
  uDTSDI002Top/uAPB_TimerPWM/uPWM0_5/TCAP_Reg_reg_5_	->
  uDTSDI002Top/uAPB_TimerPWM/uPWM0_5/TDX_CapEn_1Pd_reg	->
  uDTSDI002Top/uAPB_TimerPWM/uPWM0_5/TDX_Up_reg	->
  uDTSDI002Top/uAPB_TimerPWM/uPWM0_5/TDx_CapEn_reg	->
  uDTSDI002Top/uAPB_TimerPWM/uPWM0_5/Timer_Cnt_reg_0_	->
  uDTSDI002Top/uAPB_TimerPWM/uPWM0_5/Timer_Cnt_reg_1_	->
  uDTSDI002Top/uAPB_TimerPWM/uPWM0_5/Timer_Cnt_reg_2_	->
  uDTSDI002Top/uAPB_TimerPWM/uPWM0_5/Timer_Cnt_reg_3_	->
  uDTSDI002Top/uAPB_TimerPWM/uPWM0_5/Timer_Cnt_reg_4_	->
  uDTSDI002Top/uAPB_TimerPWM/uPWM0_5/Timer_Cnt_reg_5_	->
  uDTSDI002Top/uAPB_TimerPWM/uPWM0_5/Timer_Cnt_reg_6_	->
  uDTSDI002Top/uAPB_TimerPWM/uPWM0_5/Timer_Cnt_reg_7_	->
  uDTSDI002Top/uAPB_TimerPWM/uPWM0_5/Timer_Cnt_reg_8_	->
  uDTSDI002Top/uAPB_TimerPWM/uPWM0_5/Timer_Cnt_reg_9_	->
  uDTSDI002Top/uAPB_TimerPWM/uPWM0_5/Timer_Cnt_reg_10_	->
  uDTSDI002Top/uAPB_TimerPWM/uPWM0_5/Timer_Cnt_reg_11_	->
  uDTSDI002Top/uAPB_TimerPWM/uPWM0_5/Timer_Cnt_reg_12_	->
  uDTSDI002Top/uAPB_TimerPWM/uPWM0_5/Timer_Cnt_reg_13_	->
  uDTSDI002Top/uAPB_TimerPWM/uPWM0_5/Timer_Cnt_reg_14_	->
  uDTSDI002Top/uAPB_TimerPWM/uPWM0_5/Timer_Cnt_reg_15_	->
  uDTSDI002Top/uAPB_TimerPWM/uPWM0_5/Timer_Match_Set_reg	->
  uDTSDI002Top/uAPB_TimerPWM/uPWM0_5/Timer_Out_reg	->
  uDTSDI002Top/uAPB_TimerPWM/uPWM0_5/Timers_OverFlow_reg	->
  uDTSDI002Top/uAPB_TimerPWM/uPWM0_5/iPRDATA_reg_0_	->
  uDTSDI002Top/uAPB_TimerPWM/uPWM0_5/iPRDATA_reg_1_	->
  uDTSDI002Top/uAPB_TimerPWM/uPWM0_5/iPRDATA_reg_2_	->
  uDTSDI002Top/uAPB_TimerPWM/uPWM0_5/iPRDATA_reg_3_	->
  uDTSDI002Top/uAPB_TimerPWM/uPWM0_5/iPRDATA_reg_4_	->
  uDTSDI002Top/uAPB_TimerPWM/uPWM0_5/iPRDATA_reg_5_	->
  uDTSDI002Top/uAPB_TimerPWM/uPWM0_5/iPRDATA_reg_6_	->
  uDTSDI002Top/uAPB_TimerPWM/uPWM0_5/iPRDATA_reg_7_	->
  uDTSDI002Top/uAPB_TimerPWM/uPWM0_5/iPRDATA_reg_8_	->
  uDTSDI002Top/uAPB_TimerPWM/uPWM0_5/iPRDATA_reg_9_	->
  uDTSDI002Top/uAPB_TimerPWM/uPWM0_5/iPRDATA_reg_10_	->
  uDTSDI002Top/uAPB_TimerPWM/uPWM0_5/iPRDATA_reg_11_	->
  uDTSDI002Top/uAPB_TimerPWM/uPWM0_5/iPRDATA_reg_12_	->
  uDTSDI002Top/uAPB_TimerPWM/uPWM0_5/iPRDATA_reg_13_	->
  uDTSDI002Top/uAPB_TimerPWM/uPWM0_5/iPRDATA_reg_14_	->
  uDTSDI002Top/uAPB_TimerPWM/uPWM0_5/iPRDATA_reg_15_	->
  uDTSDI002Top/uAPB_TimerPWM/uPWM0_6/FL_CHCLK_reg	->
  uDTSDI002Top/uAPB_TimerPWM/uPWM0_6/OUTCLK_1d_reg	->
  uDTSDI002Top/uAPB_TimerPWM/uPWM0_6/OUTCLK_2d_reg	->
  uDTSDI002Top/uAPB_TimerPWM/uPWM0_6/OUTCLK_3d_reg	->
  uDTSDI002Top/uAPB_TimerPWM/uPWM0_6/OUTCLK_4d_reg	->
  uDTSDI002Top/uAPB_TimerPWM/uPWM0_6/OUTCLK_reg	->
  uDTSDI002Top/uAPB_TimerPWM/uPWM0_6/PWM_Out_reg	->
  uDTSDI002Top/uAPB_TimerPWM/uPWM0_6/Prescale_Cnt_reg_0_	->
  uDTSDI002Top/uAPB_TimerPWM/uPWM0_6/Prescale_Cnt_reg_1_	->
  uDTSDI002Top/uAPB_TimerPWM/uPWM0_6/Prescale_Cnt_reg_2_	->
  uDTSDI002Top/uAPB_TimerPWM/uPWM0_6/Prescale_Cnt_reg_3_	->
  uDTSDI002Top/uAPB_TimerPWM/uPWM0_6/Prescale_Cnt_reg_4_	->
  uDTSDI002Top/uAPB_TimerPWM/uPWM0_6/Prescale_Cnt_reg_5_	->
  uDTSDI002Top/uAPB_TimerPWM/uPWM0_6/Prescale_Cnt_reg_6_	->
  uDTSDI002Top/uAPB_TimerPWM/uPWM0_6/Prescale_Cnt_reg_7_	->
  uDTSDI002Top/uAPB_TimerPWM/uPWM0_6/Prescale_Cnt_reg_8_	->
  uDTSDI002Top/uAPB_TimerPWM/uPWM0_6/Prescale_Cnt_reg_9_	->
  uDTSDI002Top/uAPB_TimerPWM/uPWM0_6/R0_reg_0_	->
  uDTSDI002Top/uAPB_TimerPWM/uPWM0_6/R0_reg_1_	->
  uDTSDI002Top/uAPB_TimerPWM/uPWM0_6/R0_reg_2_	->
  uDTSDI002Top/uAPB_TimerPWM/uPWM0_6/R0_reg_3_	->
  uDTSDI002Top/uAPB_TimerPWM/uPWM0_6/R0_reg_4_	->
  uDTSDI002Top/uAPB_TimerPWM/uPWM0_6/R0_reg_5_	->
  uDTSDI002Top/uAPB_TimerPWM/uPWM0_6/R0_reg_6_	->
  uDTSDI002Top/uAPB_TimerPWM/uPWM0_6/R0_reg_7_	->
  uDTSDI002Top/uAPB_TimerPWM/uPWM0_6/R0_reg_8_	->
  uDTSDI002Top/uAPB_TimerPWM/uPWM0_6/R0_reg_9_	->
  uDTSDI002Top/uAPB_TimerPWM/uPWM0_6/R0_reg_10_	->
  uDTSDI002Top/uAPB_TimerPWM/uPWM0_6/R0_reg_11_	->
  uDTSDI002Top/uAPB_TimerPWM/uPWM0_6/R0_reg_12_	->
  uDTSDI002Top/uAPB_TimerPWM/uPWM0_6/R0_reg_13_	->
  uDTSDI002Top/uAPB_TimerPWM/uPWM0_6/R0_reg_14_	->
  uDTSDI002Top/uAPB_TimerPWM/uPWM0_6/R0_reg_15_	->
  uDTSDI002Top/uAPB_TimerPWM/uPWM0_6/R1_reg_0_	->
  uDTSDI002Top/uAPB_TimerPWM/uPWM0_6/R1_reg_1_	->
  uDTSDI002Top/uAPB_TimerPWM/uPWM0_6/R1_reg_2_	->
  uDTSDI002Top/uAPB_TimerPWM/uPWM0_6/R1_reg_3_	->
  uDTSDI002Top/uAPB_TimerPWM/uPWM0_6/R1_reg_4_	->
  uDTSDI002Top/uAPB_TimerPWM/uPWM0_6/R1_reg_5_	->
  uDTSDI002Top/uAPB_TimerPWM/uPWM0_6/R1_reg_6_	->
  uDTSDI002Top/uAPB_TimerPWM/uPWM0_6/R1_reg_7_	->
  uDTSDI002Top/uAPB_TimerPWM/uPWM0_6/R1_reg_8_	->
  uDTSDI002Top/uAPB_TimerPWM/uPWM0_6/R1_reg_9_	->
  uDTSDI002Top/uAPB_TimerPWM/uPWM0_6/R2_reg_0_	->
  uDTSDI002Top/uAPB_TimerPWM/uPWM0_6/R2_reg_1_	->
  uDTSDI002Top/uAPB_TimerPWM/uPWM0_6/R2_reg_2_	->
  uDTSDI002Top/uAPB_TimerPWM/uPWM0_6/R2_reg_3_	->
  uDTSDI002Top/uAPB_TimerPWM/uPWM0_6/R2_reg_4_	->
  uDTSDI002Top/uAPB_TimerPWM/uPWM0_6/R2_reg_5_	->
  uDTSDI002Top/uAPB_TimerPWM/uPWM0_6/R2_reg_6_	->
  uDTSDI002Top/uAPB_TimerPWM/uPWM0_6/R2_reg_7_	->
  uDTSDI002Top/uAPB_TimerPWM/uPWM0_6/R3_reg_0_	->
  uDTSDI002Top/uAPB_TimerPWM/uPWM0_6/R3_reg_1_	->
  uDTSDI002Top/uAPB_TimerPWM/uPWM0_6/R3_reg_2_	->
  uDTSDI002Top/uAPB_TimerPWM/uPWM0_6/R3_reg_3_	->
  uDTSDI002Top/uAPB_TimerPWM/uPWM0_6/R3_reg_4_	->
  uDTSDI002Top/uAPB_TimerPWM/uPWM0_6/R3_reg_5_	->
  uDTSDI002Top/uAPB_TimerPWM/uPWM0_6/R3_reg_6_	->
  uDTSDI002Top/uAPB_TimerPWM/uPWM0_6/R3_reg_7_	->
  uDTSDI002Top/uAPB_TimerPWM/uPWM0_6/R3_reg_8_	->
  uDTSDI002Top/uAPB_TimerPWM/uPWM0_6/R3_reg_9_	->
  uDTSDI002Top/uAPB_TimerPWM/uPWM0_6/R3_reg_10_	->
  uDTSDI002Top/uAPB_TimerPWM/uPWM0_6/R3_reg_11_	->
  uDTSDI002Top/uAPB_TimerPWM/uPWM0_6/R3_reg_12_	->
  uDTSDI002Top/uAPB_TimerPWM/uPWM0_6/R3_reg_13_	->
  uDTSDI002Top/uAPB_TimerPWM/uPWM0_6/R3_reg_14_	->
  uDTSDI002Top/uAPB_TimerPWM/uPWM0_6/R3_reg_15_	->
  uDTSDI002Top/uAPB_TimerPWM/uPWM0_6/R4_reg_0_	->
  uDTSDI002Top/uAPB_TimerPWM/uPWM0_6/R4_reg_1_	->
  uDTSDI002Top/uAPB_TimerPWM/uPWM0_6/R4_reg_2_	->
  uDTSDI002Top/uAPB_TimerPWM/uPWM0_6/R4_reg_3_	->
  uDTSDI002Top/uAPB_TimerPWM/uPWM0_6/R4_reg_4_	->
  uDTSDI002Top/uAPB_TimerPWM/uPWM0_6/R4_reg_5_	->
  uDTSDI002Top/uAPB_TimerPWM/uPWM0_6/R4_reg_6_	->
  uDTSDI002Top/uAPB_TimerPWM/uPWM0_6/R4_reg_7_	->
  uDTSDI002Top/uAPB_TimerPWM/uPWM0_6/R4_reg_8_	->
  uDTSDI002Top/uAPB_TimerPWM/uPWM0_6/R4_reg_9_	->
  uDTSDI002Top/uAPB_TimerPWM/uPWM0_6/R4_reg_10_	->
  uDTSDI002Top/uAPB_TimerPWM/uPWM0_6/R4_reg_11_	->
  uDTSDI002Top/uAPB_TimerPWM/uPWM0_6/R4_reg_12_	->
  uDTSDI002Top/uAPB_TimerPWM/uPWM0_6/R4_reg_13_	->
  uDTSDI002Top/uAPB_TimerPWM/uPWM0_6/R4_reg_14_	->
  uDTSDI002Top/uAPB_TimerPWM/uPWM0_6/R4_reg_15_	->
  uDTSDI002Top/uAPB_TimerPWM/uPWM0_6/TCAP_Reg_1d_reg_3_	->
  uDTSDI002Top/uAPB_TimerPWM/uPWM0_6/TCAP_Reg_1d_reg_4_	->
  uDTSDI002Top/uAPB_TimerPWM/uPWM0_6/TCAP_Reg_1d_reg_5_	->
  uDTSDI002Top/uAPB_TimerPWM/uPWM0_6/TCAP_Reg_reg_3_	->
  uDTSDI002Top/uAPB_TimerPWM/uPWM0_6/TCAP_Reg_reg_4_	->
  uDTSDI002Top/uAPB_TimerPWM/uPWM0_6/TCAP_Reg_reg_5_	->
  uDTSDI002Top/uAPB_TimerPWM/uPWM0_6/TDX_CapEn_1Pd_reg	->
  uDTSDI002Top/uAPB_TimerPWM/uPWM0_6/TDX_Up_reg	->
  uDTSDI002Top/uAPB_TimerPWM/uPWM0_6/TDx_CapEn_reg	->
  uDTSDI002Top/uAPB_TimerPWM/uPWM0_6/Timer_Cnt_reg_0_	->
  uDTSDI002Top/uAPB_TimerPWM/uPWM0_6/Timer_Cnt_reg_1_	->
  uDTSDI002Top/uAPB_TimerPWM/uPWM0_6/Timer_Cnt_reg_2_	->
  uDTSDI002Top/uAPB_TimerPWM/uPWM0_6/Timer_Cnt_reg_3_	->
  uDTSDI002Top/uAPB_TimerPWM/uPWM0_6/Timer_Cnt_reg_4_	->
  uDTSDI002Top/uAPB_TimerPWM/uPWM0_6/Timer_Cnt_reg_5_	->
  uDTSDI002Top/uAPB_TimerPWM/uPWM0_6/Timer_Cnt_reg_6_	->
  uDTSDI002Top/uAPB_TimerPWM/uPWM0_6/Timer_Cnt_reg_7_	->
  uDTSDI002Top/uAPB_TimerPWM/uPWM0_6/Timer_Cnt_reg_8_	->
  uDTSDI002Top/uAPB_TimerPWM/uPWM0_6/Timer_Cnt_reg_9_	->
  uDTSDI002Top/uAPB_TimerPWM/uPWM0_6/Timer_Cnt_reg_10_	->
  uDTSDI002Top/uAPB_TimerPWM/uPWM0_6/Timer_Cnt_reg_11_	->
  uDTSDI002Top/uAPB_TimerPWM/uPWM0_6/Timer_Cnt_reg_12_	->
  uDTSDI002Top/uAPB_TimerPWM/uPWM0_6/Timer_Cnt_reg_13_	->
  uDTSDI002Top/uAPB_TimerPWM/uPWM0_6/Timer_Cnt_reg_14_	->
  uDTSDI002Top/uAPB_TimerPWM/uPWM0_6/Timer_Cnt_reg_15_	->
  uDTSDI002Top/uAPB_TimerPWM/uPWM0_6/Timer_Match_Set_reg	->
  uDTSDI002Top/uAPB_TimerPWM/uPWM0_6/Timer_Out_reg	->
  uDTSDI002Top/uAPB_TimerPWM/uPWM0_6/Timers_OverFlow_reg	->
  uDTSDI002Top/uAPB_TimerPWM/uPWM0_6/iPRDATA_reg_0_	->
  uDTSDI002Top/uAPB_TimerPWM/uPWM0_6/iPRDATA_reg_1_	->
  uDTSDI002Top/uAPB_TimerPWM/uPWM0_6/iPRDATA_reg_2_	->
  uDTSDI002Top/uAPB_TimerPWM/uPWM0_6/iPRDATA_reg_3_	->
  uDTSDI002Top/uAPB_TimerPWM/uPWM0_6/iPRDATA_reg_4_	->
  uDTSDI002Top/uAPB_TimerPWM/uPWM0_6/iPRDATA_reg_5_	->
  uDTSDI002Top/uAPB_TimerPWM/uPWM0_6/iPRDATA_reg_6_	->
  uDTSDI002Top/uAPB_TimerPWM/uPWM0_6/iPRDATA_reg_7_	->
  uDTSDI002Top/uAPB_TimerPWM/uPWM0_6/iPRDATA_reg_8_	->
  uDTSDI002Top/uAPB_TimerPWM/uPWM0_6/iPRDATA_reg_9_	->
  uDTSDI002Top/uAPB_TimerPWM/uPWM0_6/iPRDATA_reg_10_	->
  uDTSDI002Top/uAPB_TimerPWM/uPWM0_6/iPRDATA_reg_11_	->
  uDTSDI002Top/uAPB_TimerPWM/uPWM0_6/iPRDATA_reg_12_	->
  uDTSDI002Top/uAPB_TimerPWM/uPWM0_6/iPRDATA_reg_13_	->
  uDTSDI002Top/uAPB_TimerPWM/uPWM0_6/iPRDATA_reg_14_	->
  uDTSDI002Top/uAPB_TimerPWM/uPWM0_6/iPRDATA_reg_15_	->
  uDTSDI002Top/uAPB_TimerPWM/uPWM0_7/FL_CHCLK_reg	->
  uDTSDI002Top/uAPB_TimerPWM/uPWM0_7/OUTCLK_1d_reg	->
  uDTSDI002Top/uAPB_TimerPWM/uPWM0_7/OUTCLK_2d_reg	->
  uDTSDI002Top/uAPB_TimerPWM/uPWM0_7/OUTCLK_3d_reg	->
  uDTSDI002Top/uAPB_TimerPWM/uPWM0_7/OUTCLK_4d_reg	->
  uDTSDI002Top/uAPB_TimerPWM/uPWM0_7/OUTCLK_reg	->
  uDTSDI002Top/uAPB_TimerPWM/uPWM0_7/PWM_Out_reg	->
  uDTSDI002Top/uAPB_TimerPWM/uPWM0_7/Prescale_Cnt_reg_0_	->
  uDTSDI002Top/uAPB_TimerPWM/uPWM0_7/Prescale_Cnt_reg_1_	->
  uDTSDI002Top/uAPB_TimerPWM/uPWM0_7/Prescale_Cnt_reg_2_	->
  uDTSDI002Top/uAPB_TimerPWM/uPWM0_7/Prescale_Cnt_reg_3_	->
  uDTSDI002Top/uAPB_TimerPWM/uPWM0_7/Prescale_Cnt_reg_4_	->
  uDTSDI002Top/uAPB_TimerPWM/uPWM0_7/Prescale_Cnt_reg_5_	->
  uDTSDI002Top/uAPB_TimerPWM/uPWM0_7/Prescale_Cnt_reg_6_	->
  uDTSDI002Top/uAPB_TimerPWM/uPWM0_7/Prescale_Cnt_reg_7_	->
  uDTSDI002Top/uAPB_TimerPWM/uPWM0_7/Prescale_Cnt_reg_8_	->
  uDTSDI002Top/uAPB_TimerPWM/uPWM0_7/Prescale_Cnt_reg_9_	->
  uDTSDI002Top/uAPB_TimerPWM/uPWM0_7/R0_reg_0_	->
  uDTSDI002Top/uAPB_TimerPWM/uPWM0_7/R0_reg_1_	->
  uDTSDI002Top/uAPB_TimerPWM/uPWM0_7/R0_reg_2_	->
  uDTSDI002Top/uAPB_TimerPWM/uPWM0_7/R0_reg_3_	->
  uDTSDI002Top/uAPB_TimerPWM/uPWM0_7/R0_reg_4_	->
  uDTSDI002Top/uAPB_TimerPWM/uPWM0_7/R0_reg_5_	->
  uDTSDI002Top/uAPB_TimerPWM/uPWM0_7/R0_reg_6_	->
  uDTSDI002Top/uAPB_TimerPWM/uPWM0_7/R0_reg_7_	->
  uDTSDI002Top/uAPB_TimerPWM/uPWM0_7/R0_reg_8_	->
  uDTSDI002Top/uAPB_TimerPWM/uPWM0_7/R0_reg_9_	->
  uDTSDI002Top/uAPB_TimerPWM/uPWM0_7/R0_reg_10_	->
  uDTSDI002Top/uAPB_TimerPWM/uPWM0_7/R0_reg_11_	->
  uDTSDI002Top/uAPB_TimerPWM/uPWM0_7/R0_reg_12_	->
  uDTSDI002Top/uAPB_TimerPWM/uPWM0_7/R0_reg_13_	->
  uDTSDI002Top/uAPB_TimerPWM/uPWM0_7/R0_reg_14_	->
  uDTSDI002Top/uAPB_TimerPWM/uPWM0_7/R0_reg_15_	->
  uDTSDI002Top/uAPB_TimerPWM/uPWM0_7/R1_reg_0_	->
  uDTSDI002Top/uAPB_TimerPWM/uPWM0_7/R1_reg_1_	->
  uDTSDI002Top/uAPB_TimerPWM/uPWM0_7/R1_reg_2_	->
  uDTSDI002Top/uAPB_TimerPWM/uPWM0_7/R1_reg_3_	->
  uDTSDI002Top/uAPB_TimerPWM/uPWM0_7/R1_reg_4_	->
  uDTSDI002Top/uAPB_TimerPWM/uPWM0_7/R1_reg_5_	->
  uDTSDI002Top/uAPB_TimerPWM/uPWM0_7/R1_reg_6_	->
  uDTSDI002Top/uAPB_TimerPWM/uPWM0_7/R1_reg_7_	->
  uDTSDI002Top/uAPB_TimerPWM/uPWM0_7/R1_reg_8_	->
  uDTSDI002Top/uAPB_TimerPWM/uPWM0_7/R1_reg_9_	->
  uDTSDI002Top/uAPB_TimerPWM/uPWM0_7/R2_reg_0_	->
  uDTSDI002Top/uAPB_TimerPWM/uPWM0_7/R2_reg_1_	->
  uDTSDI002Top/uAPB_TimerPWM/uPWM0_7/R2_reg_2_	->
  uDTSDI002Top/uAPB_TimerPWM/uPWM0_7/R2_reg_3_	->
  uDTSDI002Top/uAPB_TimerPWM/uPWM0_7/R2_reg_4_	->
  uDTSDI002Top/uAPB_TimerPWM/uPWM0_7/R2_reg_5_	->
  uDTSDI002Top/uAPB_TimerPWM/uPWM0_7/R2_reg_6_	->
  uDTSDI002Top/uAPB_TimerPWM/uPWM0_7/R2_reg_7_	->
  uDTSDI002Top/uAPB_TimerPWM/uPWM0_7/R3_reg_0_	->
  uDTSDI002Top/uAPB_TimerPWM/uPWM0_7/R3_reg_1_	->
  uDTSDI002Top/uAPB_TimerPWM/uPWM0_7/R3_reg_2_	->
  uDTSDI002Top/uAPB_TimerPWM/uPWM0_7/R3_reg_3_	->
  uDTSDI002Top/uAPB_TimerPWM/uPWM0_7/R3_reg_4_	->
  uDTSDI002Top/uAPB_TimerPWM/uPWM0_7/R3_reg_5_	->
  uDTSDI002Top/uAPB_TimerPWM/uPWM0_7/R3_reg_6_	->
  uDTSDI002Top/uAPB_TimerPWM/uPWM0_7/R3_reg_7_	->
  uDTSDI002Top/uAPB_TimerPWM/uPWM0_7/R3_reg_8_	->
  uDTSDI002Top/uAPB_TimerPWM/uPWM0_7/R3_reg_9_	->
  uDTSDI002Top/uAPB_TimerPWM/uPWM0_7/R3_reg_10_	->
  uDTSDI002Top/uAPB_TimerPWM/uPWM0_7/R3_reg_11_	->
  uDTSDI002Top/uAPB_TimerPWM/uPWM0_7/R3_reg_12_	->
  uDTSDI002Top/uAPB_TimerPWM/uPWM0_7/R3_reg_13_	->
  uDTSDI002Top/uAPB_TimerPWM/uPWM0_7/R3_reg_14_	->
  uDTSDI002Top/uAPB_TimerPWM/uPWM0_7/R3_reg_15_	->
  uDTSDI002Top/uAPB_TimerPWM/uPWM0_7/R4_reg_0_	->
  uDTSDI002Top/uAPB_TimerPWM/uPWM0_7/R4_reg_1_	->
  uDTSDI002Top/uAPB_TimerPWM/uPWM0_7/R4_reg_2_	->
  uDTSDI002Top/uAPB_TimerPWM/uPWM0_7/R4_reg_3_	->
  uDTSDI002Top/uAPB_TimerPWM/uPWM0_7/R4_reg_4_	->
  uDTSDI002Top/uAPB_TimerPWM/uPWM0_7/R4_reg_5_	->
  uDTSDI002Top/uAPB_TimerPWM/uPWM0_7/R4_reg_6_	->
  uDTSDI002Top/uAPB_TimerPWM/uPWM0_7/R4_reg_7_	->
  uDTSDI002Top/uAPB_TimerPWM/uPWM0_7/R4_reg_8_	->
  uDTSDI002Top/uAPB_TimerPWM/uPWM0_7/R4_reg_9_	->
  uDTSDI002Top/uAPB_TimerPWM/uPWM0_7/R4_reg_10_	->
  uDTSDI002Top/uAPB_TimerPWM/uPWM0_7/R4_reg_11_	->
  uDTSDI002Top/uAPB_TimerPWM/uPWM0_7/R4_reg_12_	->
  uDTSDI002Top/uAPB_TimerPWM/uPWM0_7/R4_reg_13_	->
  uDTSDI002Top/uAPB_TimerPWM/uPWM0_7/R4_reg_14_	->
  uDTSDI002Top/uAPB_TimerPWM/uPWM0_7/R4_reg_15_	->
  uDTSDI002Top/uAPB_TimerPWM/uPWM0_7/TCAP_Reg_1d_reg_3_	->
  uDTSDI002Top/uAPB_TimerPWM/uPWM0_7/TCAP_Reg_1d_reg_4_	->
  uDTSDI002Top/uAPB_TimerPWM/uPWM0_7/TCAP_Reg_1d_reg_5_	->
  uDTSDI002Top/uAPB_TimerPWM/uPWM0_7/TCAP_Reg_reg_3_	->
  uDTSDI002Top/uAPB_TimerPWM/uPWM0_7/TCAP_Reg_reg_4_	->
  uDTSDI002Top/uAPB_TimerPWM/uPWM0_7/TCAP_Reg_reg_5_	->
  uDTSDI002Top/uAPB_TimerPWM/uPWM0_7/TDX_CapEn_1Pd_reg	->
  uDTSDI002Top/uAPB_TimerPWM/uPWM0_7/TDX_Up_reg	->
  uDTSDI002Top/uAPB_TimerPWM/uPWM0_7/TDx_CapEn_reg	->
  uDTSDI002Top/uAPB_TimerPWM/uPWM0_7/Timer_Cnt_reg_0_	->
  uDTSDI002Top/uAPB_TimerPWM/uPWM0_7/Timer_Cnt_reg_1_	->
  uDTSDI002Top/uAPB_TimerPWM/uPWM0_7/Timer_Cnt_reg_2_	->
  uDTSDI002Top/uAPB_TimerPWM/uPWM0_7/Timer_Cnt_reg_3_	->
  uDTSDI002Top/uAPB_TimerPWM/uPWM0_7/Timer_Cnt_reg_4_	->
  uDTSDI002Top/uAPB_TimerPWM/uPWM0_7/Timer_Cnt_reg_5_	->
  uDTSDI002Top/uAPB_TimerPWM/uPWM0_7/Timer_Cnt_reg_6_	->
  uDTSDI002Top/uAPB_TimerPWM/uPWM0_7/Timer_Cnt_reg_7_	->
  uDTSDI002Top/uAPB_TimerPWM/uPWM0_7/Timer_Cnt_reg_8_	->
  uDTSDI002Top/uAPB_TimerPWM/uPWM0_7/Timer_Cnt_reg_9_	->
  uDTSDI002Top/uAPB_TimerPWM/uPWM0_7/Timer_Cnt_reg_10_	->
  uDTSDI002Top/uAPB_TimerPWM/uPWM0_7/Timer_Cnt_reg_11_	->
  uDTSDI002Top/uAPB_TimerPWM/uPWM0_7/Timer_Cnt_reg_12_	->
  uDTSDI002Top/uAPB_TimerPWM/uPWM0_7/Timer_Cnt_reg_13_	->
  uDTSDI002Top/uAPB_TimerPWM/uPWM0_7/Timer_Cnt_reg_14_	->
  uDTSDI002Top/uAPB_TimerPWM/uPWM0_7/Timer_Cnt_reg_15_	->
  uDTSDI002Top/uAPB_TimerPWM/uPWM0_7/Timer_Match_Set_reg	->
  uDTSDI002Top/uAPB_TimerPWM/uPWM0_7/Timer_Out_reg	->
  uDTSDI002Top/uAPB_TimerPWM/uPWM0_7/Timers_OverFlow_reg	->
  uDTSDI002Top/uAPB_TimerPWM/uPWM0_7/iPRDATA_reg_0_	->
  uDTSDI002Top/uAPB_TimerPWM/uPWM0_7/iPRDATA_reg_1_	->
  uDTSDI002Top/uAPB_TimerPWM/uPWM0_7/iPRDATA_reg_2_	->
  uDTSDI002Top/uAPB_TimerPWM/uPWM0_7/iPRDATA_reg_3_	->
  uDTSDI002Top/uAPB_TimerPWM/uPWM0_7/iPRDATA_reg_4_	->
  uDTSDI002Top/uAPB_TimerPWM/uPWM0_7/iPRDATA_reg_5_	->
  uDTSDI002Top/uAPB_TimerPWM/uPWM0_7/iPRDATA_reg_6_	->
  uDTSDI002Top/uAPB_TimerPWM/uPWM0_7/iPRDATA_reg_7_	->
  uDTSDI002Top/uAPB_TimerPWM/uPWM0_7/iPRDATA_reg_8_	->
  uDTSDI002Top/uAPB_TimerPWM/uPWM0_7/iPRDATA_reg_9_	->
  uDTSDI002Top/uAPB_TimerPWM/uPWM0_7/iPRDATA_reg_10_	->
  uDTSDI002Top/uAPB_TimerPWM/uPWM0_7/iPRDATA_reg_11_	->
  uDTSDI002Top/uAPB_TimerPWM/uPWM0_7/iPRDATA_reg_12_	->
  uDTSDI002Top/uAPB_TimerPWM/uPWM0_7/iPRDATA_reg_13_	->
  uDTSDI002Top/uAPB_TimerPWM/uPWM0_7/iPRDATA_reg_14_	->
  uDTSDI002Top/uAPB_TimerPWM/uPWM0_7/iPRDATA_reg_15_	->
  uDTSDI002Top/uAPB_TimerPWM/uPWM1_0/FL_CHCLK_reg	->
  uDTSDI002Top/uAPB_TimerPWM/uPWM1_0/OUTCLK_1d_reg	->
  uDTSDI002Top/uAPB_TimerPWM/uPWM1_0/OUTCLK_2d_reg	->
  uDTSDI002Top/uAPB_TimerPWM/uPWM1_0/OUTCLK_3d_reg	->
  uDTSDI002Top/uAPB_TimerPWM/uPWM1_0/OUTCLK_4d_reg	->
  uDTSDI002Top/uAPB_TimerPWM/uPWM1_0/OUTCLK_reg	->
  uDTSDI002Top/uAPB_TimerPWM/uPWM1_0/PWM_Out_reg	->
  uDTSDI002Top/uAPB_TimerPWM/uPWM1_0/Prescale_Cnt_reg_0_	->
  uDTSDI002Top/uAPB_TimerPWM/uPWM1_0/Prescale_Cnt_reg_1_	->
  uDTSDI002Top/uAPB_TimerPWM/uPWM1_0/Prescale_Cnt_reg_2_	->
  uDTSDI002Top/uAPB_TimerPWM/uPWM1_0/Prescale_Cnt_reg_3_	->
  uDTSDI002Top/uAPB_TimerPWM/uPWM1_0/Prescale_Cnt_reg_4_	->
  uDTSDI002Top/uAPB_TimerPWM/uPWM1_0/Prescale_Cnt_reg_5_	->
  uDTSDI002Top/uAPB_TimerPWM/uPWM1_0/Prescale_Cnt_reg_6_	->
  uDTSDI002Top/uAPB_TimerPWM/uPWM1_0/Prescale_Cnt_reg_7_	->
  uDTSDI002Top/uAPB_TimerPWM/uPWM1_0/Prescale_Cnt_reg_8_	->
  uDTSDI002Top/uAPB_TimerPWM/uPWM1_0/Prescale_Cnt_reg_9_	->
  uDTSDI002Top/uAPB_TimerPWM/uPWM1_0/R0_reg_0_	->
  uDTSDI002Top/uAPB_TimerPWM/uPWM1_0/R0_reg_1_	->
  uDTSDI002Top/uAPB_TimerPWM/uPWM1_0/R0_reg_2_	->
  uDTSDI002Top/uAPB_TimerPWM/uPWM1_0/R0_reg_3_	->
  uDTSDI002Top/uAPB_TimerPWM/uPWM1_0/R0_reg_4_	->
  uDTSDI002Top/uAPB_TimerPWM/uPWM1_0/R0_reg_5_	->
  uDTSDI002Top/uAPB_TimerPWM/uPWM1_0/R0_reg_6_	->
  uDTSDI002Top/uAPB_TimerPWM/uPWM1_0/R0_reg_7_	->
  uDTSDI002Top/uAPB_TimerPWM/uPWM1_0/R0_reg_8_	->
  uDTSDI002Top/uAPB_TimerPWM/uPWM1_0/R0_reg_9_	->
  uDTSDI002Top/uAPB_TimerPWM/uPWM1_0/R0_reg_10_	->
  uDTSDI002Top/uAPB_TimerPWM/uPWM1_0/R0_reg_11_	->
  uDTSDI002Top/uAPB_TimerPWM/uPWM1_0/R0_reg_12_	->
  uDTSDI002Top/uAPB_TimerPWM/uPWM1_0/R0_reg_13_	->
  uDTSDI002Top/uAPB_TimerPWM/uPWM1_0/R0_reg_14_	->
  uDTSDI002Top/uAPB_TimerPWM/uPWM1_0/R0_reg_15_	->
  uDTSDI002Top/uAPB_TimerPWM/uPWM1_0/R1_reg_0_	->
  uDTSDI002Top/uAPB_TimerPWM/uPWM1_0/R1_reg_1_	->
  uDTSDI002Top/uAPB_TimerPWM/uPWM1_0/R1_reg_2_	->
  uDTSDI002Top/uAPB_TimerPWM/uPWM1_0/R1_reg_3_	->
  uDTSDI002Top/uAPB_TimerPWM/uPWM1_0/R1_reg_4_	->
  uDTSDI002Top/uAPB_TimerPWM/uPWM1_0/R1_reg_5_	->
  uDTSDI002Top/uAPB_TimerPWM/uPWM1_0/R1_reg_6_	->
  uDTSDI002Top/uAPB_TimerPWM/uPWM1_0/R1_reg_7_	->
  uDTSDI002Top/uAPB_TimerPWM/uPWM1_0/R1_reg_8_	->
  uDTSDI002Top/uAPB_TimerPWM/uPWM1_0/R1_reg_9_	->
  uDTSDI002Top/uAPB_TimerPWM/uPWM1_0/R2_reg_0_	->
  uDTSDI002Top/uAPB_TimerPWM/uPWM1_0/R2_reg_1_	->
  uDTSDI002Top/uAPB_TimerPWM/uPWM1_0/R2_reg_2_	->
  uDTSDI002Top/uAPB_TimerPWM/uPWM1_0/R2_reg_3_	->
  uDTSDI002Top/uAPB_TimerPWM/uPWM1_0/R2_reg_4_	->
  uDTSDI002Top/uAPB_TimerPWM/uPWM1_0/R2_reg_5_	->
  uDTSDI002Top/uAPB_TimerPWM/uPWM1_0/R2_reg_6_	->
  uDTSDI002Top/uAPB_TimerPWM/uPWM1_0/R2_reg_7_	->
  uDTSDI002Top/uAPB_TimerPWM/uPWM1_0/R3_reg_0_	->
  uDTSDI002Top/uAPB_TimerPWM/uPWM1_0/R3_reg_1_	->
  uDTSDI002Top/uAPB_TimerPWM/uPWM1_0/R3_reg_2_	->
  uDTSDI002Top/uAPB_TimerPWM/uPWM1_0/R3_reg_3_	->
  uDTSDI002Top/uAPB_TimerPWM/uPWM1_0/R3_reg_4_	->
  uDTSDI002Top/uAPB_TimerPWM/uPWM1_0/R3_reg_5_	->
  uDTSDI002Top/uAPB_TimerPWM/uPWM1_0/R3_reg_6_	->
  uDTSDI002Top/uAPB_TimerPWM/uPWM1_0/R3_reg_7_	->
  uDTSDI002Top/uAPB_TimerPWM/uPWM1_0/R3_reg_8_	->
  uDTSDI002Top/uAPB_TimerPWM/uPWM1_0/R3_reg_9_	->
  uDTSDI002Top/uAPB_TimerPWM/uPWM1_0/R3_reg_10_	->
  uDTSDI002Top/uAPB_TimerPWM/uPWM1_0/R3_reg_11_	->
  uDTSDI002Top/uAPB_TimerPWM/uPWM1_0/R3_reg_12_	->
  uDTSDI002Top/uAPB_TimerPWM/uPWM1_0/R3_reg_13_	->
  uDTSDI002Top/uAPB_TimerPWM/uPWM1_0/R3_reg_14_	->
  uDTSDI002Top/uAPB_TimerPWM/uPWM1_0/R3_reg_15_	->
  uDTSDI002Top/uAPB_TimerPWM/uPWM1_0/R4_reg_0_	->
  uDTSDI002Top/uAPB_TimerPWM/uPWM1_0/R4_reg_1_	->
  uDTSDI002Top/uAPB_TimerPWM/uPWM1_0/R4_reg_2_	->
  uDTSDI002Top/uAPB_TimerPWM/uPWM1_0/R4_reg_3_	->
  uDTSDI002Top/uAPB_TimerPWM/uPWM1_0/R4_reg_4_	->
  uDTSDI002Top/uAPB_TimerPWM/uPWM1_0/R4_reg_5_	->
  uDTSDI002Top/uAPB_TimerPWM/uPWM1_0/R4_reg_6_	->
  uDTSDI002Top/uAPB_TimerPWM/uPWM1_0/R4_reg_7_	->
  uDTSDI002Top/uAPB_TimerPWM/uPWM1_0/R4_reg_8_	->
  uDTSDI002Top/uAPB_TimerPWM/uPWM1_0/R4_reg_9_	->
  uDTSDI002Top/uAPB_TimerPWM/uPWM1_0/R4_reg_10_	->
  uDTSDI002Top/uAPB_TimerPWM/uPWM1_0/R4_reg_11_	->
  uDTSDI002Top/uAPB_TimerPWM/uPWM1_0/R4_reg_12_	->
  uDTSDI002Top/uAPB_TimerPWM/uPWM1_0/R4_reg_13_	->
  uDTSDI002Top/uAPB_TimerPWM/uPWM1_0/R4_reg_14_	->
  uDTSDI002Top/uAPB_TimerPWM/uPWM1_0/R4_reg_15_	->
  uDTSDI002Top/uAPB_TimerPWM/uPWM1_0/TCAP_Reg_1d_reg_3_	->
  uDTSDI002Top/uAPB_TimerPWM/uPWM1_0/TCAP_Reg_1d_reg_4_	->
  uDTSDI002Top/uAPB_TimerPWM/uPWM1_0/TCAP_Reg_1d_reg_5_	->
  uDTSDI002Top/uAPB_TimerPWM/uPWM1_0/TCAP_Reg_reg_3_	->
  uDTSDI002Top/uAPB_TimerPWM/uPWM1_0/TCAP_Reg_reg_4_	->
  uDTSDI002Top/uAPB_TimerPWM/uPWM1_0/TCAP_Reg_reg_5_	->
  uDTSDI002Top/uAPB_TimerPWM/uPWM1_0/TDX_CapEn_1Pd_reg	->
  uDTSDI002Top/uAPB_TimerPWM/uPWM1_0/TDX_Up_reg	->
  uDTSDI002Top/uAPB_TimerPWM/uPWM1_0/TDx_CapEn_reg	->
  uDTSDI002Top/uAPB_TimerPWM/uPWM1_0/Timer_Cnt_reg_0_	->
  uDTSDI002Top/uAPB_TimerPWM/uPWM1_0/Timer_Cnt_reg_1_	->
  uDTSDI002Top/uAPB_TimerPWM/uPWM1_0/Timer_Cnt_reg_2_	->
  uDTSDI002Top/uAPB_TimerPWM/uPWM1_0/Timer_Cnt_reg_3_	->
  uDTSDI002Top/uAPB_TimerPWM/uPWM1_0/Timer_Cnt_reg_4_	->
  uDTSDI002Top/uAPB_TimerPWM/uPWM1_0/Timer_Cnt_reg_5_	->
  uDTSDI002Top/uAPB_TimerPWM/uPWM1_0/Timer_Cnt_reg_6_	->
  uDTSDI002Top/uAPB_TimerPWM/uPWM1_0/Timer_Cnt_reg_7_	->
  uDTSDI002Top/uAPB_TimerPWM/uPWM1_0/Timer_Cnt_reg_8_	->
  uDTSDI002Top/uAPB_TimerPWM/uPWM1_0/Timer_Cnt_reg_9_	->
  uDTSDI002Top/uAPB_TimerPWM/uPWM1_0/Timer_Cnt_reg_10_	->
  uDTSDI002Top/uAPB_TimerPWM/uPWM1_0/Timer_Cnt_reg_11_	->
  uDTSDI002Top/uAPB_TimerPWM/uPWM1_0/Timer_Cnt_reg_12_	->
  uDTSDI002Top/uAPB_TimerPWM/uPWM1_0/Timer_Cnt_reg_13_	->
  uDTSDI002Top/uAPB_TimerPWM/uPWM1_0/Timer_Cnt_reg_14_	->
  uDTSDI002Top/uAPB_TimerPWM/uPWM1_0/Timer_Cnt_reg_15_	->
  uDTSDI002Top/uAPB_TimerPWM/uPWM1_0/Timer_Match_Set_reg	->
  uDTSDI002Top/uAPB_TimerPWM/uPWM1_0/Timer_Out_reg	->
  uDTSDI002Top/uAPB_TimerPWM/uPWM1_0/Timers_OverFlow_reg	->
  uDTSDI002Top/uAPB_TimerPWM/uPWM1_0/iPRDATA_reg_0_	->
  uDTSDI002Top/uAPB_TimerPWM/uPWM1_0/iPRDATA_reg_1_	->
  uDTSDI002Top/uAPB_TimerPWM/uPWM1_0/iPRDATA_reg_2_	->
  uDTSDI002Top/uAPB_TimerPWM/uPWM1_0/iPRDATA_reg_3_	->
  uDTSDI002Top/uAPB_TimerPWM/uPWM1_0/iPRDATA_reg_4_	->
  uDTSDI002Top/uAPB_TimerPWM/uPWM1_0/iPRDATA_reg_5_	->
  uDTSDI002Top/uAPB_TimerPWM/uPWM1_0/iPRDATA_reg_6_	->
  uDTSDI002Top/uAPB_TimerPWM/uPWM1_0/iPRDATA_reg_7_	->
  uDTSDI002Top/uAPB_TimerPWM/uPWM1_0/iPRDATA_reg_8_	->
  uDTSDI002Top/uAPB_TimerPWM/uPWM1_0/iPRDATA_reg_9_	->
  uDTSDI002Top/uAPB_TimerPWM/uPWM1_0/iPRDATA_reg_10_	->
  uDTSDI002Top/uAPB_TimerPWM/uPWM1_0/iPRDATA_reg_11_	->
  uDTSDI002Top/uAPB_TimerPWM/uPWM1_0/iPRDATA_reg_12_	->
  uDTSDI002Top/uAPB_TimerPWM/uPWM1_0/iPRDATA_reg_13_	->
  uDTSDI002Top/uAPB_TimerPWM/uPWM1_0/iPRDATA_reg_14_	->
  uDTSDI002Top/uAPB_TimerPWM/uPWM1_0/iPRDATA_reg_15_	->
  uDTSDI002Top/uAPB_TimerPWM/uPWM1_1/FL_CHCLK_reg	->
  uDTSDI002Top/uAPB_TimerPWM/uPWM1_1/OUTCLK_1d_reg	->
  uDTSDI002Top/uAPB_TimerPWM/uPWM1_1/OUTCLK_2d_reg	->
  uDTSDI002Top/uAPB_TimerPWM/uPWM1_1/OUTCLK_3d_reg	->
  uDTSDI002Top/uAPB_TimerPWM/uPWM1_1/OUTCLK_4d_reg	->
  uDTSDI002Top/uAPB_TimerPWM/uPWM1_1/OUTCLK_reg	->
  uDTSDI002Top/uAPB_TimerPWM/uPWM1_1/PWM_Out_reg	->
  uDTSDI002Top/uAPB_TimerPWM/uPWM1_1/Prescale_Cnt_reg_0_	->
  uDTSDI002Top/uAPB_TimerPWM/uPWM1_1/Prescale_Cnt_reg_1_	->
  uDTSDI002Top/uAPB_TimerPWM/uPWM1_1/Prescale_Cnt_reg_2_	->
  uDTSDI002Top/uAPB_TimerPWM/uPWM1_1/Prescale_Cnt_reg_3_	->
  uDTSDI002Top/uAPB_TimerPWM/uPWM1_1/Prescale_Cnt_reg_4_	->
  uDTSDI002Top/uAPB_TimerPWM/uPWM1_1/Prescale_Cnt_reg_5_	->
  uDTSDI002Top/uAPB_TimerPWM/uPWM1_1/Prescale_Cnt_reg_6_	->
  uDTSDI002Top/uAPB_TimerPWM/uPWM1_1/Prescale_Cnt_reg_7_	->
  uDTSDI002Top/uAPB_TimerPWM/uPWM1_1/Prescale_Cnt_reg_8_	->
  uDTSDI002Top/uAPB_TimerPWM/uPWM1_1/Prescale_Cnt_reg_9_	->
  uDTSDI002Top/uAPB_TimerPWM/uPWM1_1/R0_reg_0_	->
  uDTSDI002Top/uAPB_TimerPWM/uPWM1_1/R0_reg_1_	->
  uDTSDI002Top/uAPB_TimerPWM/uPWM1_1/R0_reg_2_	->
  uDTSDI002Top/uAPB_TimerPWM/uPWM1_1/R0_reg_3_	->
  uDTSDI002Top/uAPB_TimerPWM/uPWM1_1/R0_reg_4_	->
  uDTSDI002Top/uAPB_TimerPWM/uPWM1_1/R0_reg_5_	->
  uDTSDI002Top/uAPB_TimerPWM/uPWM1_1/R0_reg_6_	->
  uDTSDI002Top/uAPB_TimerPWM/uPWM1_1/R0_reg_7_	->
  uDTSDI002Top/uAPB_TimerPWM/uPWM1_1/R0_reg_8_	->
  uDTSDI002Top/uAPB_TimerPWM/uPWM1_1/R0_reg_9_	->
  uDTSDI002Top/uAPB_TimerPWM/uPWM1_1/R0_reg_10_	->
  uDTSDI002Top/uAPB_TimerPWM/uPWM1_1/R0_reg_11_	->
  uDTSDI002Top/uAPB_TimerPWM/uPWM1_1/R0_reg_12_	->
  uDTSDI002Top/uAPB_TimerPWM/uPWM1_1/R0_reg_13_	->
  uDTSDI002Top/uAPB_TimerPWM/uPWM1_1/R0_reg_14_	->
  uDTSDI002Top/uAPB_TimerPWM/uPWM1_1/R0_reg_15_	->
  uDTSDI002Top/uAPB_TimerPWM/uPWM1_1/R1_reg_0_	->
  uDTSDI002Top/uAPB_TimerPWM/uPWM1_1/R1_reg_1_	->
  uDTSDI002Top/uAPB_TimerPWM/uPWM1_1/R1_reg_2_	->
  uDTSDI002Top/uAPB_TimerPWM/uPWM1_1/R1_reg_3_	->
  uDTSDI002Top/uAPB_TimerPWM/uPWM1_1/R1_reg_4_	->
  uDTSDI002Top/uAPB_TimerPWM/uPWM1_1/R1_reg_5_	->
  uDTSDI002Top/uAPB_TimerPWM/uPWM1_1/R1_reg_6_	->
  uDTSDI002Top/uAPB_TimerPWM/uPWM1_1/R1_reg_7_	->
  uDTSDI002Top/uAPB_TimerPWM/uPWM1_1/R1_reg_8_	->
  uDTSDI002Top/uAPB_TimerPWM/uPWM1_1/R1_reg_9_	->
  uDTSDI002Top/uAPB_TimerPWM/uPWM1_1/R2_reg_0_	->
  uDTSDI002Top/uAPB_TimerPWM/uPWM1_1/R2_reg_1_	->
  uDTSDI002Top/uAPB_TimerPWM/uPWM1_1/R2_reg_2_	->
  uDTSDI002Top/uAPB_TimerPWM/uPWM1_1/R2_reg_3_	->
  uDTSDI002Top/uAPB_TimerPWM/uPWM1_1/R2_reg_4_	->
  uDTSDI002Top/uAPB_TimerPWM/uPWM1_1/R2_reg_5_	->
  uDTSDI002Top/uAPB_TimerPWM/uPWM1_1/R2_reg_6_	->
  uDTSDI002Top/uAPB_TimerPWM/uPWM1_1/R2_reg_7_	->
  uDTSDI002Top/uAPB_TimerPWM/uPWM1_1/R3_reg_0_	->
  uDTSDI002Top/uAPB_TimerPWM/uPWM1_1/R3_reg_1_	->
  uDTSDI002Top/uAPB_TimerPWM/uPWM1_1/R3_reg_2_	->
  uDTSDI002Top/uAPB_TimerPWM/uPWM1_1/R3_reg_3_	->
  uDTSDI002Top/uAPB_TimerPWM/uPWM1_1/R3_reg_4_	->
  uDTSDI002Top/uAPB_TimerPWM/uPWM1_1/R3_reg_5_	->
  uDTSDI002Top/uAPB_TimerPWM/uPWM1_1/R3_reg_6_	->
  uDTSDI002Top/uAPB_TimerPWM/uPWM1_1/R3_reg_7_	->
  uDTSDI002Top/uAPB_TimerPWM/uPWM1_1/R3_reg_8_	->
  uDTSDI002Top/uAPB_TimerPWM/uPWM1_1/R3_reg_9_	->
  uDTSDI002Top/uAPB_TimerPWM/uPWM1_1/R3_reg_10_	->
  uDTSDI002Top/uAPB_TimerPWM/uPWM1_1/R3_reg_11_	->
  uDTSDI002Top/uAPB_TimerPWM/uPWM1_1/R3_reg_12_	->
  uDTSDI002Top/uAPB_TimerPWM/uPWM1_1/R3_reg_13_	->
  uDTSDI002Top/uAPB_TimerPWM/uPWM1_1/R3_reg_14_	->
  uDTSDI002Top/uAPB_TimerPWM/uPWM1_1/R3_reg_15_	->
  uDTSDI002Top/uAPB_TimerPWM/uPWM1_1/R4_reg_0_	->
  uDTSDI002Top/uAPB_TimerPWM/uPWM1_1/R4_reg_1_	->
  uDTSDI002Top/uAPB_TimerPWM/uPWM1_1/R4_reg_2_	->
  uDTSDI002Top/uAPB_TimerPWM/uPWM1_1/R4_reg_3_	->
  uDTSDI002Top/uAPB_TimerPWM/uPWM1_1/R4_reg_4_	->
  uDTSDI002Top/uAPB_TimerPWM/uPWM1_1/R4_reg_5_	->
  uDTSDI002Top/uAPB_TimerPWM/uPWM1_1/R4_reg_6_	->
  uDTSDI002Top/uAPB_TimerPWM/uPWM1_1/R4_reg_7_	->
  uDTSDI002Top/uAPB_TimerPWM/uPWM1_1/R4_reg_8_	->
  uDTSDI002Top/uAPB_TimerPWM/uPWM1_1/R4_reg_9_	->
  uDTSDI002Top/uAPB_TimerPWM/uPWM1_1/R4_reg_10_	->
  uDTSDI002Top/uAPB_TimerPWM/uPWM1_1/R4_reg_11_	->
  uDTSDI002Top/uAPB_TimerPWM/uPWM1_1/R4_reg_12_	->
  uDTSDI002Top/uAPB_TimerPWM/uPWM1_1/R4_reg_13_	->
  uDTSDI002Top/uAPB_TimerPWM/uPWM1_1/R4_reg_14_	->
  uDTSDI002Top/uAPB_TimerPWM/uPWM1_1/R4_reg_15_	->
  uDTSDI002Top/uAPB_TimerPWM/uPWM1_1/TCAP_Reg_1d_reg_3_	->
  uDTSDI002Top/uAPB_TimerPWM/uPWM1_1/TCAP_Reg_1d_reg_4_	->
  uDTSDI002Top/uAPB_TimerPWM/uPWM1_1/TCAP_Reg_1d_reg_5_	->
  uDTSDI002Top/uAPB_TimerPWM/uPWM1_1/TCAP_Reg_reg_3_	->
  uDTSDI002Top/uAPB_TimerPWM/uPWM1_1/TCAP_Reg_reg_4_	->
  uDTSDI002Top/uAPB_TimerPWM/uPWM1_1/TCAP_Reg_reg_5_	->
  uDTSDI002Top/uAPB_TimerPWM/uPWM1_1/TDX_CapEn_1Pd_reg	->
  uDTSDI002Top/uAPB_TimerPWM/uPWM1_1/TDX_Up_reg	->
  uDTSDI002Top/uAPB_TimerPWM/uPWM1_1/TDx_CapEn_reg	->
  uDTSDI002Top/uAPB_TimerPWM/uPWM1_1/Timer_Cnt_reg_0_	->
  uDTSDI002Top/uAPB_TimerPWM/uPWM1_1/Timer_Cnt_reg_1_	->
  uDTSDI002Top/uAPB_TimerPWM/uPWM1_1/Timer_Cnt_reg_2_	->
  uDTSDI002Top/uAPB_TimerPWM/uPWM1_1/Timer_Cnt_reg_3_	->
  uDTSDI002Top/uAPB_TimerPWM/uPWM1_1/Timer_Cnt_reg_4_	->
  uDTSDI002Top/uAPB_TimerPWM/uPWM1_1/Timer_Cnt_reg_5_	->
  uDTSDI002Top/uAPB_TimerPWM/uPWM1_1/Timer_Cnt_reg_6_	->
  uDTSDI002Top/uAPB_TimerPWM/uPWM1_1/Timer_Cnt_reg_7_	->
  uDTSDI002Top/uAPB_TimerPWM/uPWM1_1/Timer_Cnt_reg_8_	->
  uDTSDI002Top/uAPB_TimerPWM/uPWM1_1/Timer_Cnt_reg_9_	->
  uDTSDI002Top/uAPB_TimerPWM/uPWM1_1/Timer_Cnt_reg_10_	->
  uDTSDI002Top/uAPB_TimerPWM/uPWM1_1/Timer_Cnt_reg_11_	->
  uDTSDI002Top/uAPB_TimerPWM/uPWM1_1/Timer_Cnt_reg_12_	->
  uDTSDI002Top/uAPB_TimerPWM/uPWM1_1/Timer_Cnt_reg_13_	->
  uDTSDI002Top/uAPB_TimerPWM/uPWM1_1/Timer_Cnt_reg_14_	->
  uDTSDI002Top/uAPB_TimerPWM/uPWM1_1/Timer_Cnt_reg_15_	->
  uDTSDI002Top/uAPB_TimerPWM/uPWM1_1/Timer_Match_Set_reg	->
  uDTSDI002Top/uAPB_TimerPWM/uPWM1_1/Timer_Out_reg	->
  uDTSDI002Top/uAPB_TimerPWM/uPWM1_1/Timers_OverFlow_reg	->
  uDTSDI002Top/uAPB_TimerPWM/uPWM1_1/iPRDATA_reg_0_	->
  uDTSDI002Top/uAPB_TimerPWM/uPWM1_1/iPRDATA_reg_1_	->
  uDTSDI002Top/uAPB_TimerPWM/uPWM1_1/iPRDATA_reg_2_	->
  uDTSDI002Top/uAPB_TimerPWM/uPWM1_1/iPRDATA_reg_3_	->
  uDTSDI002Top/uAPB_TimerPWM/uPWM1_1/iPRDATA_reg_4_	->
  uDTSDI002Top/uAPB_TimerPWM/uPWM1_1/iPRDATA_reg_5_	->
  uDTSDI002Top/uAPB_TimerPWM/uPWM1_1/iPRDATA_reg_6_	->
  uDTSDI002Top/uAPB_TimerPWM/uPWM1_1/iPRDATA_reg_7_	->
  uDTSDI002Top/uAPB_TimerPWM/uPWM1_1/iPRDATA_reg_8_	->
  uDTSDI002Top/uAPB_TimerPWM/uPWM1_1/iPRDATA_reg_9_	->
  uDTSDI002Top/uAPB_TimerPWM/uPWM1_1/iPRDATA_reg_10_	->
  uDTSDI002Top/uAPB_TimerPWM/uPWM1_1/iPRDATA_reg_11_	->
  uDTSDI002Top/uAPB_TimerPWM/uPWM1_1/iPRDATA_reg_12_	->
  uDTSDI002Top/uAPB_TimerPWM/uPWM1_1/iPRDATA_reg_13_	->
  uDTSDI002Top/uAPB_TimerPWM/uPWM1_1/iPRDATA_reg_14_	->
  uDTSDI002Top/uAPB_TimerPWM/uPWM1_1/iPRDATA_reg_15_	->
  uDTSDI002Top/uAPB_TimerPWM/uPWM1_2/FL_CHCLK_reg	->
  uDTSDI002Top/uAPB_TimerPWM/uPWM1_2/OUTCLK_1d_reg	->
  uDTSDI002Top/uAPB_TimerPWM/uPWM1_2/OUTCLK_2d_reg	->
  uDTSDI002Top/uAPB_TimerPWM/uPWM1_2/OUTCLK_3d_reg	->
  uDTSDI002Top/uAPB_TimerPWM/uPWM1_2/OUTCLK_4d_reg	->
  uDTSDI002Top/uAPB_TimerPWM/uPWM1_2/OUTCLK_reg	->
  uDTSDI002Top/uAPB_TimerPWM/uPWM1_2/PWM_Out_reg	->
  uDTSDI002Top/uAPB_TimerPWM/uPWM1_2/Prescale_Cnt_reg_0_	->
  uDTSDI002Top/uAPB_TimerPWM/uPWM1_2/Prescale_Cnt_reg_1_	->
  uDTSDI002Top/uAPB_TimerPWM/uPWM1_2/Prescale_Cnt_reg_2_	->
  uDTSDI002Top/uAPB_TimerPWM/uPWM1_2/Prescale_Cnt_reg_3_	->
  uDTSDI002Top/uAPB_TimerPWM/uPWM1_2/Prescale_Cnt_reg_4_	->
  uDTSDI002Top/uAPB_TimerPWM/uPWM1_2/Prescale_Cnt_reg_5_	->
  uDTSDI002Top/uAPB_TimerPWM/uPWM1_2/Prescale_Cnt_reg_6_	->
  uDTSDI002Top/uAPB_TimerPWM/uPWM1_2/Prescale_Cnt_reg_7_	->
  uDTSDI002Top/uAPB_TimerPWM/uPWM1_2/Prescale_Cnt_reg_8_	->
  uDTSDI002Top/uAPB_TimerPWM/uPWM1_2/Prescale_Cnt_reg_9_	->
  uDTSDI002Top/uAPB_TimerPWM/uPWM1_2/R0_reg_0_	->
  uDTSDI002Top/uAPB_TimerPWM/uPWM1_2/R0_reg_1_	->
  uDTSDI002Top/uAPB_TimerPWM/uPWM1_2/R0_reg_2_	->
  uDTSDI002Top/uAPB_TimerPWM/uPWM1_2/R0_reg_3_	->
  uDTSDI002Top/uAPB_TimerPWM/uPWM1_2/R0_reg_4_	->
  uDTSDI002Top/uAPB_TimerPWM/uPWM1_2/R0_reg_5_	->
  uDTSDI002Top/uAPB_TimerPWM/uPWM1_2/R0_reg_6_	->
  uDTSDI002Top/uAPB_TimerPWM/uPWM1_2/R0_reg_7_	->
  uDTSDI002Top/uAPB_TimerPWM/uPWM1_2/R0_reg_8_	->
  uDTSDI002Top/uAPB_TimerPWM/uPWM1_2/R0_reg_9_	->
  uDTSDI002Top/uAPB_TimerPWM/uPWM1_2/R0_reg_10_	->
  uDTSDI002Top/uAPB_TimerPWM/uPWM1_2/R0_reg_11_	->
  uDTSDI002Top/uAPB_TimerPWM/uPWM1_2/R0_reg_12_	->
  uDTSDI002Top/uAPB_TimerPWM/uPWM1_2/R0_reg_13_	->
  uDTSDI002Top/uAPB_TimerPWM/uPWM1_2/R0_reg_14_	->
  uDTSDI002Top/uAPB_TimerPWM/uPWM1_2/R0_reg_15_	->
  uDTSDI002Top/uAPB_TimerPWM/uPWM1_2/R1_reg_0_	->
  uDTSDI002Top/uAPB_TimerPWM/uPWM1_2/R1_reg_1_	->
  uDTSDI002Top/uAPB_TimerPWM/uPWM1_2/R1_reg_2_	->
  uDTSDI002Top/uAPB_TimerPWM/uPWM1_2/R1_reg_3_	->
  uDTSDI002Top/uAPB_TimerPWM/uPWM1_2/R1_reg_4_	->
  uDTSDI002Top/uAPB_TimerPWM/uPWM1_2/R1_reg_5_	->
  uDTSDI002Top/uAPB_TimerPWM/uPWM1_2/R1_reg_6_	->
  uDTSDI002Top/uAPB_TimerPWM/uPWM1_2/R1_reg_7_	->
  uDTSDI002Top/uAPB_TimerPWM/uPWM1_2/R1_reg_8_	->
  uDTSDI002Top/uAPB_TimerPWM/uPWM1_2/R1_reg_9_	->
  uDTSDI002Top/uAPB_TimerPWM/uPWM1_2/R2_reg_0_	->
  uDTSDI002Top/uAPB_TimerPWM/uPWM1_2/R2_reg_1_	->
  uDTSDI002Top/uAPB_TimerPWM/uPWM1_2/R2_reg_2_	->
  uDTSDI002Top/uAPB_TimerPWM/uPWM1_2/R2_reg_3_	->
  uDTSDI002Top/uAPB_TimerPWM/uPWM1_2/R2_reg_4_	->
  uDTSDI002Top/uAPB_TimerPWM/uPWM1_2/R2_reg_5_	->
  uDTSDI002Top/uAPB_TimerPWM/uPWM1_2/R2_reg_6_	->
  uDTSDI002Top/uAPB_TimerPWM/uPWM1_2/R2_reg_7_	->
  uDTSDI002Top/uAPB_TimerPWM/uPWM1_2/R3_reg_0_	->
  uDTSDI002Top/uAPB_TimerPWM/uPWM1_2/R3_reg_1_	->
  uDTSDI002Top/uAPB_TimerPWM/uPWM1_2/R3_reg_2_	->
  uDTSDI002Top/uAPB_TimerPWM/uPWM1_2/R3_reg_3_	->
  uDTSDI002Top/uAPB_TimerPWM/uPWM1_2/R3_reg_4_	->
  uDTSDI002Top/uAPB_TimerPWM/uPWM1_2/R3_reg_5_	->
  uDTSDI002Top/uAPB_TimerPWM/uPWM1_2/R3_reg_6_	->
  uDTSDI002Top/uAPB_TimerPWM/uPWM1_2/R3_reg_7_	->
  uDTSDI002Top/uAPB_TimerPWM/uPWM1_2/R3_reg_8_	->
  uDTSDI002Top/uAPB_TimerPWM/uPWM1_2/R3_reg_9_	->
  uDTSDI002Top/uAPB_TimerPWM/uPWM1_2/R3_reg_10_	->
  uDTSDI002Top/uAPB_TimerPWM/uPWM1_2/R3_reg_11_	->
  uDTSDI002Top/uAPB_TimerPWM/uPWM1_2/R3_reg_12_	->
  uDTSDI002Top/uAPB_TimerPWM/uPWM1_2/R3_reg_13_	->
  uDTSDI002Top/uAPB_TimerPWM/uPWM1_2/R3_reg_14_	->
  uDTSDI002Top/uAPB_TimerPWM/uPWM1_2/R3_reg_15_	->
  uDTSDI002Top/uAPB_TimerPWM/uPWM1_2/R4_reg_0_	->
  uDTSDI002Top/uAPB_TimerPWM/uPWM1_2/R4_reg_1_	->
  uDTSDI002Top/uAPB_TimerPWM/uPWM1_2/R4_reg_2_	->
  uDTSDI002Top/uAPB_TimerPWM/uPWM1_2/R4_reg_3_	->
  uDTSDI002Top/uAPB_TimerPWM/uPWM1_2/R4_reg_4_	->
  uDTSDI002Top/uAPB_TimerPWM/uPWM1_2/R4_reg_5_	->
  uDTSDI002Top/uAPB_TimerPWM/uPWM1_2/R4_reg_6_	->
  uDTSDI002Top/uAPB_TimerPWM/uPWM1_2/R4_reg_7_	->
  uDTSDI002Top/uAPB_TimerPWM/uPWM1_2/R4_reg_8_	->
  uDTSDI002Top/uAPB_TimerPWM/uPWM1_2/R4_reg_9_	->
  uDTSDI002Top/uAPB_TimerPWM/uPWM1_2/R4_reg_10_	->
  uDTSDI002Top/uAPB_TimerPWM/uPWM1_2/R4_reg_11_	->
  uDTSDI002Top/uAPB_TimerPWM/uPWM1_2/R4_reg_12_	->
  uDTSDI002Top/uAPB_TimerPWM/uPWM1_2/R4_reg_13_	->
  uDTSDI002Top/uAPB_TimerPWM/uPWM1_2/R4_reg_14_	->
  uDTSDI002Top/uAPB_TimerPWM/uPWM1_2/R4_reg_15_	->
  uDTSDI002Top/uAPB_TimerPWM/uPWM1_2/TCAP_Reg_1d_reg_3_	->
  uDTSDI002Top/uAPB_TimerPWM/uPWM1_2/TCAP_Reg_1d_reg_4_	->
  uDTSDI002Top/uAPB_TimerPWM/uPWM1_2/TCAP_Reg_1d_reg_5_	->
  uDTSDI002Top/uAPB_TimerPWM/uPWM1_2/TCAP_Reg_reg_3_	->
  uDTSDI002Top/uAPB_TimerPWM/uPWM1_2/TCAP_Reg_reg_4_	->
  uDTSDI002Top/uAPB_TimerPWM/uPWM1_2/TCAP_Reg_reg_5_	->
  uDTSDI002Top/uAPB_TimerPWM/uPWM1_2/TDX_CapEn_1Pd_reg	->
  uDTSDI002Top/uAPB_TimerPWM/uPWM1_2/TDX_Up_reg	->
  uDTSDI002Top/uAPB_TimerPWM/uPWM1_2/TDx_CapEn_reg	->
  uDTSDI002Top/uAPB_TimerPWM/uPWM1_2/Timer_Cnt_reg_0_	->
  uDTSDI002Top/uAPB_TimerPWM/uPWM1_2/Timer_Cnt_reg_1_	->
  uDTSDI002Top/uAPB_TimerPWM/uPWM1_2/Timer_Cnt_reg_2_	->
  uDTSDI002Top/uAPB_TimerPWM/uPWM1_2/Timer_Cnt_reg_3_	->
  uDTSDI002Top/uAPB_TimerPWM/uPWM1_2/Timer_Cnt_reg_4_	->
  uDTSDI002Top/uAPB_TimerPWM/uPWM1_2/Timer_Cnt_reg_5_	->
  uDTSDI002Top/uAPB_TimerPWM/uPWM1_2/Timer_Cnt_reg_6_	->
  uDTSDI002Top/uAPB_TimerPWM/uPWM1_2/Timer_Cnt_reg_7_	->
  uDTSDI002Top/uAPB_TimerPWM/uPWM1_2/Timer_Cnt_reg_8_	->
  uDTSDI002Top/uAPB_TimerPWM/uPWM1_2/Timer_Cnt_reg_9_	->
  uDTSDI002Top/uAPB_TimerPWM/uPWM1_2/Timer_Cnt_reg_10_	->
  uDTSDI002Top/uAPB_TimerPWM/uPWM1_2/Timer_Cnt_reg_11_	->
  uDTSDI002Top/uAPB_TimerPWM/uPWM1_2/Timer_Cnt_reg_12_	->
  uDTSDI002Top/uAPB_TimerPWM/uPWM1_2/Timer_Cnt_reg_13_	->
  uDTSDI002Top/uAPB_TimerPWM/uPWM1_2/Timer_Cnt_reg_14_	->
  uDTSDI002Top/uAPB_TimerPWM/uPWM1_2/Timer_Cnt_reg_15_	->
  uDTSDI002Top/uAPB_TimerPWM/uPWM1_2/Timer_Match_Set_reg	->
  uDTSDI002Top/uAPB_TimerPWM/uPWM1_2/Timer_Out_reg	->
  uDTSDI002Top/uAPB_TimerPWM/uPWM1_2/Timers_OverFlow_reg	->
  uDTSDI002Top/uAPB_TimerPWM/uPWM1_2/iPRDATA_reg_0_	->
  uDTSDI002Top/uAPB_TimerPWM/uPWM1_2/iPRDATA_reg_1_	->
  uDTSDI002Top/uAPB_TimerPWM/uPWM1_2/iPRDATA_reg_2_	->
  uDTSDI002Top/uAPB_TimerPWM/uPWM1_2/iPRDATA_reg_3_	->
  uDTSDI002Top/uAPB_TimerPWM/uPWM1_2/iPRDATA_reg_4_	->
  uDTSDI002Top/uAPB_TimerPWM/uPWM1_2/iPRDATA_reg_5_	->
  uDTSDI002Top/uAPB_TimerPWM/uPWM1_2/iPRDATA_reg_6_	->
  uDTSDI002Top/uAPB_TimerPWM/uPWM1_2/iPRDATA_reg_7_	->
  uDTSDI002Top/uAPB_TimerPWM/uPWM1_2/iPRDATA_reg_8_	->
  uDTSDI002Top/uAPB_TimerPWM/uPWM1_2/iPRDATA_reg_9_	->
  uDTSDI002Top/uAPB_TimerPWM/uPWM1_2/iPRDATA_reg_10_	->
  uDTSDI002Top/uAPB_TimerPWM/uPWM1_2/iPRDATA_reg_11_	->
  uDTSDI002Top/uAPB_TimerPWM/uPWM1_2/iPRDATA_reg_12_	->
  uDTSDI002Top/uAPB_TimerPWM/uPWM1_2/iPRDATA_reg_13_	->
  uDTSDI002Top/uAPB_TimerPWM/uPWM1_2/iPRDATA_reg_14_	->
  uDTSDI002Top/uAPB_TimerPWM/uPWM1_2/iPRDATA_reg_15_	->
  uDTSDI002Top/uAPB_TimerPWM/uPWM1_3/FL_CHCLK_reg	->
  uDTSDI002Top/uAPB_TimerPWM/uPWM1_3/OUTCLK_1d_reg	->
  uDTSDI002Top/uAPB_TimerPWM/uPWM1_3/OUTCLK_2d_reg	->
  uDTSDI002Top/uAPB_TimerPWM/uPWM1_3/OUTCLK_3d_reg	->
  uDTSDI002Top/uAPB_TimerPWM/uPWM1_3/OUTCLK_4d_reg	->
  uDTSDI002Top/uAPB_TimerPWM/uPWM1_3/OUTCLK_reg	->
  uDTSDI002Top/uAPB_TimerPWM/uPWM1_3/PWM_Out_reg	->
  uDTSDI002Top/uAPB_TimerPWM/uPWM1_3/Prescale_Cnt_reg_0_	->
  uDTSDI002Top/uAPB_TimerPWM/uPWM1_3/Prescale_Cnt_reg_1_	->
  uDTSDI002Top/uAPB_TimerPWM/uPWM1_3/Prescale_Cnt_reg_2_	->
  uDTSDI002Top/uAPB_TimerPWM/uPWM1_3/Prescale_Cnt_reg_3_	->
  uDTSDI002Top/uAPB_TimerPWM/uPWM1_3/Prescale_Cnt_reg_4_	->
  uDTSDI002Top/uAPB_TimerPWM/uPWM1_3/Prescale_Cnt_reg_5_	->
  uDTSDI002Top/uAPB_TimerPWM/uPWM1_3/Prescale_Cnt_reg_6_	->
  uDTSDI002Top/uAPB_TimerPWM/uPWM1_3/Prescale_Cnt_reg_7_	->
  uDTSDI002Top/uAPB_TimerPWM/uPWM1_3/Prescale_Cnt_reg_8_	->
  uDTSDI002Top/uAPB_TimerPWM/uPWM1_3/Prescale_Cnt_reg_9_	->
  uDTSDI002Top/uAPB_TimerPWM/uPWM1_3/R0_reg_0_	->
  uDTSDI002Top/uAPB_TimerPWM/uPWM1_3/R0_reg_1_	->
  uDTSDI002Top/uAPB_TimerPWM/uPWM1_3/R0_reg_2_	->
  uDTSDI002Top/uAPB_TimerPWM/uPWM1_3/R0_reg_3_	->
  uDTSDI002Top/uAPB_TimerPWM/uPWM1_3/R0_reg_4_	->
  uDTSDI002Top/uAPB_TimerPWM/uPWM1_3/R0_reg_5_	->
  uDTSDI002Top/uAPB_TimerPWM/uPWM1_3/R0_reg_6_	->
  uDTSDI002Top/uAPB_TimerPWM/uPWM1_3/R0_reg_7_	->
  uDTSDI002Top/uAPB_TimerPWM/uPWM1_3/R0_reg_8_	->
  uDTSDI002Top/uAPB_TimerPWM/uPWM1_3/R0_reg_9_	->
  uDTSDI002Top/uAPB_TimerPWM/uPWM1_3/R0_reg_10_	->
  uDTSDI002Top/uAPB_TimerPWM/uPWM1_3/R0_reg_11_	->
  uDTSDI002Top/uAPB_TimerPWM/uPWM1_3/R0_reg_12_	->
  uDTSDI002Top/uAPB_TimerPWM/uPWM1_3/R0_reg_13_	->
  uDTSDI002Top/uAPB_TimerPWM/uPWM1_3/R0_reg_14_	->
  uDTSDI002Top/uAPB_TimerPWM/uPWM1_3/R0_reg_15_	->
  uDTSDI002Top/uAPB_TimerPWM/uPWM1_3/R1_reg_0_	->
  uDTSDI002Top/uAPB_TimerPWM/uPWM1_3/R1_reg_1_	->
  uDTSDI002Top/uAPB_TimerPWM/uPWM1_3/R1_reg_2_	->
  uDTSDI002Top/uAPB_TimerPWM/uPWM1_3/R1_reg_3_	->
  uDTSDI002Top/uAPB_TimerPWM/uPWM1_3/R1_reg_4_	->
  uDTSDI002Top/uAPB_TimerPWM/uPWM1_3/R1_reg_5_	->
  uDTSDI002Top/uAPB_TimerPWM/uPWM1_3/R1_reg_6_	->
  uDTSDI002Top/uAPB_TimerPWM/uPWM1_3/R1_reg_7_	->
  uDTSDI002Top/uAPB_TimerPWM/uPWM1_3/R1_reg_8_	->
  uDTSDI002Top/uAPB_TimerPWM/uPWM1_3/R1_reg_9_	->
  uDTSDI002Top/uAPB_TimerPWM/uPWM1_3/R2_reg_0_	->
  uDTSDI002Top/uAPB_TimerPWM/uPWM1_3/R2_reg_1_	->
  uDTSDI002Top/uAPB_TimerPWM/uPWM1_3/R2_reg_2_	->
  uDTSDI002Top/uAPB_TimerPWM/uPWM1_3/R2_reg_3_	->
  uDTSDI002Top/uAPB_TimerPWM/uPWM1_3/R2_reg_4_	->
  uDTSDI002Top/uAPB_TimerPWM/uPWM1_3/R2_reg_5_	->
  uDTSDI002Top/uAPB_TimerPWM/uPWM1_3/R2_reg_6_	->
  uDTSDI002Top/uAPB_TimerPWM/uPWM1_3/R2_reg_7_	->
  uDTSDI002Top/uAPB_TimerPWM/uPWM1_3/R3_reg_0_	->
  uDTSDI002Top/uAPB_TimerPWM/uPWM1_3/R3_reg_1_	->
  uDTSDI002Top/uAPB_TimerPWM/uPWM1_3/R3_reg_2_	->
  uDTSDI002Top/uAPB_TimerPWM/uPWM1_3/R3_reg_3_	->
  uDTSDI002Top/uAPB_TimerPWM/uPWM1_3/R3_reg_4_	->
  uDTSDI002Top/uAPB_TimerPWM/uPWM1_3/R3_reg_5_	->
  uDTSDI002Top/uAPB_TimerPWM/uPWM1_3/R3_reg_6_	->
  uDTSDI002Top/uAPB_TimerPWM/uPWM1_3/R3_reg_7_	->
  uDTSDI002Top/uAPB_TimerPWM/uPWM1_3/R3_reg_8_	->
  uDTSDI002Top/uAPB_TimerPWM/uPWM1_3/R3_reg_9_	->
  uDTSDI002Top/uAPB_TimerPWM/uPWM1_3/R3_reg_10_	->
  uDTSDI002Top/uAPB_TimerPWM/uPWM1_3/R3_reg_11_	->
  uDTSDI002Top/uAPB_TimerPWM/uPWM1_3/R3_reg_12_	->
  uDTSDI002Top/uAPB_TimerPWM/uPWM1_3/R3_reg_13_	->
  uDTSDI002Top/uAPB_TimerPWM/uPWM1_3/R3_reg_14_	->
  uDTSDI002Top/uAPB_TimerPWM/uPWM1_3/R3_reg_15_	->
  uDTSDI002Top/uAPB_TimerPWM/uPWM1_3/R4_reg_0_	->
  uDTSDI002Top/uAPB_TimerPWM/uPWM1_3/R4_reg_1_	->
  uDTSDI002Top/uAPB_TimerPWM/uPWM1_3/R4_reg_2_	->
  uDTSDI002Top/uAPB_TimerPWM/uPWM1_3/R4_reg_3_	->
  uDTSDI002Top/uAPB_TimerPWM/uPWM1_3/R4_reg_4_	->
  uDTSDI002Top/uAPB_TimerPWM/uPWM1_3/R4_reg_5_	->
  uDTSDI002Top/uAPB_TimerPWM/uPWM1_3/R4_reg_6_	->
  uDTSDI002Top/uAPB_TimerPWM/uPWM1_3/R4_reg_7_	->
  uDTSDI002Top/uAPB_TimerPWM/uPWM1_3/R4_reg_8_	->
  uDTSDI002Top/uAPB_TimerPWM/uPWM1_3/R4_reg_9_	->
  uDTSDI002Top/uAPB_TimerPWM/uPWM1_3/R4_reg_10_	->
  uDTSDI002Top/uAPB_TimerPWM/uPWM1_3/R4_reg_11_	->
  uDTSDI002Top/uAPB_TimerPWM/uPWM1_3/R4_reg_12_	->
  uDTSDI002Top/uAPB_TimerPWM/uPWM1_3/R4_reg_13_	->
  uDTSDI002Top/uAPB_TimerPWM/uPWM1_3/R4_reg_14_	->
  uDTSDI002Top/uAPB_TimerPWM/uPWM1_3/R4_reg_15_	->
  uDTSDI002Top/uAPB_TimerPWM/uPWM1_3/TCAP_Reg_1d_reg_3_	->
  uDTSDI002Top/uAPB_TimerPWM/uPWM1_3/TCAP_Reg_1d_reg_4_	->
  uDTSDI002Top/uAPB_TimerPWM/uPWM1_3/TCAP_Reg_1d_reg_5_	->
  uDTSDI002Top/uAPB_TimerPWM/uPWM1_3/TCAP_Reg_reg_3_	->
  uDTSDI002Top/uAPB_TimerPWM/uPWM1_3/TCAP_Reg_reg_4_	->
  uDTSDI002Top/uAPB_TimerPWM/uPWM1_3/TCAP_Reg_reg_5_	->
  uDTSDI002Top/uAPB_TimerPWM/uPWM1_3/TDX_CapEn_1Pd_reg	->
  uDTSDI002Top/uAPB_TimerPWM/uPWM1_3/TDX_Up_reg	->
  uDTSDI002Top/uAPB_TimerPWM/uPWM1_3/TDx_CapEn_reg	->
  uDTSDI002Top/uAPB_TimerPWM/uPWM1_3/Timer_Cnt_reg_0_	->
  uDTSDI002Top/uAPB_TimerPWM/uPWM1_3/Timer_Cnt_reg_1_	->
  uDTSDI002Top/uAPB_TimerPWM/uPWM1_3/Timer_Cnt_reg_2_	->
  uDTSDI002Top/uAPB_TimerPWM/uPWM1_3/Timer_Cnt_reg_3_	->
  uDTSDI002Top/uAPB_TimerPWM/uPWM1_3/Timer_Cnt_reg_4_	->
  uDTSDI002Top/uAPB_TimerPWM/uPWM1_3/Timer_Cnt_reg_5_	->
  uDTSDI002Top/uAPB_TimerPWM/uPWM1_3/Timer_Cnt_reg_6_	->
  uDTSDI002Top/uAPB_TimerPWM/uPWM1_3/Timer_Cnt_reg_7_	->
  uDTSDI002Top/uAPB_TimerPWM/uPWM1_3/Timer_Cnt_reg_8_	->
  uDTSDI002Top/uAPB_TimerPWM/uPWM1_3/Timer_Cnt_reg_9_	->
  uDTSDI002Top/uAPB_TimerPWM/uPWM1_3/Timer_Cnt_reg_10_	->
  uDTSDI002Top/uAPB_TimerPWM/uPWM1_3/Timer_Cnt_reg_11_	->
  uDTSDI002Top/uAPB_TimerPWM/uPWM1_3/Timer_Cnt_reg_12_	->
  uDTSDI002Top/uAPB_TimerPWM/uPWM1_3/Timer_Cnt_reg_13_	->
  uDTSDI002Top/uAPB_TimerPWM/uPWM1_3/Timer_Cnt_reg_14_	->
  uDTSDI002Top/uAPB_TimerPWM/uPWM1_3/Timer_Cnt_reg_15_	->
  uDTSDI002Top/uAPB_TimerPWM/uPWM1_3/Timer_Match_Set_reg	->
  uDTSDI002Top/uAPB_TimerPWM/uPWM1_3/Timer_Out_reg	->
  uDTSDI002Top/uAPB_TimerPWM/uPWM1_3/Timers_OverFlow_reg	->
  uDTSDI002Top/uAPB_TimerPWM/uPWM1_3/iPRDATA_reg_0_	->
  uDTSDI002Top/uAPB_TimerPWM/uPWM1_3/iPRDATA_reg_1_	->
  uDTSDI002Top/uAPB_TimerPWM/uPWM1_3/iPRDATA_reg_2_	->
  uDTSDI002Top/uAPB_TimerPWM/uPWM1_3/iPRDATA_reg_3_	->
  uDTSDI002Top/uAPB_TimerPWM/uPWM1_3/iPRDATA_reg_4_	->
  uDTSDI002Top/uAPB_TimerPWM/uPWM1_3/iPRDATA_reg_5_	->
  uDTSDI002Top/uAPB_TimerPWM/uPWM1_3/iPRDATA_reg_6_	->
  uDTSDI002Top/uAPB_TimerPWM/uPWM1_3/iPRDATA_reg_7_	->
  uDTSDI002Top/uAPB_TimerPWM/uPWM1_3/iPRDATA_reg_8_	->
  uDTSDI002Top/uAPB_TimerPWM/uPWM1_3/iPRDATA_reg_9_	->
  uDTSDI002Top/uAPB_TimerPWM/uPWM1_3/iPRDATA_reg_10_	->
  uDTSDI002Top/uAPB_TimerPWM/uPWM1_3/iPRDATA_reg_11_	->
  uDTSDI002Top/uAPB_TimerPWM/uPWM1_3/iPRDATA_reg_12_	->
  uDTSDI002Top/uAPB_TimerPWM/uPWM1_3/iPRDATA_reg_13_	->
  uDTSDI002Top/uAPB_TimerPWM/uPWM1_3/iPRDATA_reg_14_	->
  uDTSDI002Top/uAPB_TimerPWM/uPWM1_3/iPRDATA_reg_15_	->
  uDTSDI002Top/uAPB_TimerPWM/uPWM1_4/FL_CHCLK_reg	->
  uDTSDI002Top/uAPB_TimerPWM/uPWM1_4/OUTCLK_1d_reg	->
  uDTSDI002Top/uAPB_TimerPWM/uPWM1_4/OUTCLK_2d_reg	->
  uDTSDI002Top/uAPB_TimerPWM/uPWM1_4/OUTCLK_3d_reg	->
  uDTSDI002Top/uAPB_TimerPWM/uPWM1_4/OUTCLK_4d_reg	->
  uDTSDI002Top/uAPB_TimerPWM/uPWM1_4/OUTCLK_reg	->
  uDTSDI002Top/uAPB_TimerPWM/uPWM1_4/PWM_Out_reg	->
  uDTSDI002Top/uAPB_TimerPWM/uPWM1_4/Prescale_Cnt_reg_0_	->
  uDTSDI002Top/uAPB_TimerPWM/uPWM1_4/Prescale_Cnt_reg_1_	->
  uDTSDI002Top/uAPB_TimerPWM/uPWM1_4/Prescale_Cnt_reg_2_	->
  uDTSDI002Top/uAPB_TimerPWM/uPWM1_4/Prescale_Cnt_reg_3_	->
  uDTSDI002Top/uAPB_TimerPWM/uPWM1_4/Prescale_Cnt_reg_4_	->
  uDTSDI002Top/uAPB_TimerPWM/uPWM1_4/Prescale_Cnt_reg_5_	->
  uDTSDI002Top/uAPB_TimerPWM/uPWM1_4/Prescale_Cnt_reg_6_	->
  uDTSDI002Top/uAPB_TimerPWM/uPWM1_4/Prescale_Cnt_reg_7_	->
  uDTSDI002Top/uAPB_TimerPWM/uPWM1_4/Prescale_Cnt_reg_8_	->
  uDTSDI002Top/uAPB_TimerPWM/uPWM1_4/Prescale_Cnt_reg_9_	->
  uDTSDI002Top/uAPB_TimerPWM/uPWM1_4/R0_reg_0_	->
  uDTSDI002Top/uAPB_TimerPWM/uPWM1_4/R0_reg_1_	->
  uDTSDI002Top/uAPB_TimerPWM/uPWM1_4/R0_reg_2_	->
  uDTSDI002Top/uAPB_TimerPWM/uPWM1_4/R0_reg_3_	->
  uDTSDI002Top/uAPB_TimerPWM/uPWM1_4/R0_reg_4_	->
  uDTSDI002Top/uAPB_TimerPWM/uPWM1_4/R0_reg_5_	->
  uDTSDI002Top/uAPB_TimerPWM/uPWM1_4/R0_reg_6_	->
  uDTSDI002Top/uAPB_TimerPWM/uPWM1_4/R0_reg_7_	->
  uDTSDI002Top/uAPB_TimerPWM/uPWM1_4/R0_reg_8_	->
  uDTSDI002Top/uAPB_TimerPWM/uPWM1_4/R0_reg_9_	->
  uDTSDI002Top/uAPB_TimerPWM/uPWM1_4/R0_reg_10_	->
  uDTSDI002Top/uAPB_TimerPWM/uPWM1_4/R0_reg_11_	->
  uDTSDI002Top/uAPB_TimerPWM/uPWM1_4/R0_reg_12_	->
  uDTSDI002Top/uAPB_TimerPWM/uPWM1_4/R0_reg_13_	->
  uDTSDI002Top/uAPB_TimerPWM/uPWM1_4/R0_reg_14_	->
  uDTSDI002Top/uAPB_TimerPWM/uPWM1_4/R0_reg_15_	->
  uDTSDI002Top/uAPB_TimerPWM/uPWM1_4/R1_reg_0_	->
  uDTSDI002Top/uAPB_TimerPWM/uPWM1_4/R1_reg_1_	->
  uDTSDI002Top/uAPB_TimerPWM/uPWM1_4/R1_reg_2_	->
  uDTSDI002Top/uAPB_TimerPWM/uPWM1_4/R1_reg_3_	->
  uDTSDI002Top/uAPB_TimerPWM/uPWM1_4/R1_reg_4_	->
  uDTSDI002Top/uAPB_TimerPWM/uPWM1_4/R1_reg_5_	->
  uDTSDI002Top/uAPB_TimerPWM/uPWM1_4/R1_reg_6_	->
  uDTSDI002Top/uAPB_TimerPWM/uPWM1_4/R1_reg_7_	->
  uDTSDI002Top/uAPB_TimerPWM/uPWM1_4/R1_reg_8_	->
  uDTSDI002Top/uAPB_TimerPWM/uPWM1_4/R1_reg_9_	->
  uDTSDI002Top/uAPB_TimerPWM/uPWM1_4/R2_reg_0_	->
  uDTSDI002Top/uAPB_TimerPWM/uPWM1_4/R2_reg_1_	->
  uDTSDI002Top/uAPB_TimerPWM/uPWM1_4/R2_reg_2_	->
  uDTSDI002Top/uAPB_TimerPWM/uPWM1_4/R2_reg_3_	->
  uDTSDI002Top/uAPB_TimerPWM/uPWM1_4/R2_reg_4_	->
  uDTSDI002Top/uAPB_TimerPWM/uPWM1_4/R2_reg_5_	->
  uDTSDI002Top/uAPB_TimerPWM/uPWM1_4/R2_reg_6_	->
  uDTSDI002Top/uAPB_TimerPWM/uPWM1_4/R2_reg_7_	->
  uDTSDI002Top/uAPB_TimerPWM/uPWM1_4/R3_reg_0_	->
  uDTSDI002Top/uAPB_TimerPWM/uPWM1_4/R3_reg_1_	->
  uDTSDI002Top/uAPB_TimerPWM/uPWM1_4/R3_reg_2_	->
  uDTSDI002Top/uAPB_TimerPWM/uPWM1_4/R3_reg_3_	->
  uDTSDI002Top/uAPB_TimerPWM/uPWM1_4/R3_reg_4_	->
  uDTSDI002Top/uAPB_TimerPWM/uPWM1_4/R3_reg_5_	->
  uDTSDI002Top/uAPB_TimerPWM/uPWM1_4/R3_reg_6_	->
  uDTSDI002Top/uAPB_TimerPWM/uPWM1_4/R3_reg_7_	->
  uDTSDI002Top/uAPB_TimerPWM/uPWM1_4/R3_reg_8_	->
  uDTSDI002Top/uAPB_TimerPWM/uPWM1_4/R3_reg_9_	->
  uDTSDI002Top/uAPB_TimerPWM/uPWM1_4/R3_reg_10_	->
  uDTSDI002Top/uAPB_TimerPWM/uPWM1_4/R3_reg_11_	->
  uDTSDI002Top/uAPB_TimerPWM/uPWM1_4/R3_reg_12_	->
  uDTSDI002Top/uAPB_TimerPWM/uPWM1_4/R3_reg_13_	->
  uDTSDI002Top/uAPB_TimerPWM/uPWM1_4/R3_reg_14_	->
  uDTSDI002Top/uAPB_TimerPWM/uPWM1_4/R3_reg_15_	->
  uDTSDI002Top/uAPB_TimerPWM/uPWM1_4/R4_reg_0_	->
  uDTSDI002Top/uAPB_TimerPWM/uPWM1_4/R4_reg_1_	->
  uDTSDI002Top/uAPB_TimerPWM/uPWM1_4/R4_reg_2_	->
  uDTSDI002Top/uAPB_TimerPWM/uPWM1_4/R4_reg_3_	->
  uDTSDI002Top/uAPB_TimerPWM/uPWM1_4/R4_reg_4_	->
  uDTSDI002Top/uAPB_TimerPWM/uPWM1_4/R4_reg_5_	->
  uDTSDI002Top/uAPB_TimerPWM/uPWM1_4/R4_reg_6_	->
  uDTSDI002Top/uAPB_TimerPWM/uPWM1_4/R4_reg_7_	->
  uDTSDI002Top/uAPB_TimerPWM/uPWM1_4/R4_reg_8_	->
  uDTSDI002Top/uAPB_TimerPWM/uPWM1_4/R4_reg_9_	->
  uDTSDI002Top/uAPB_TimerPWM/uPWM1_4/R4_reg_10_	->
  uDTSDI002Top/uAPB_TimerPWM/uPWM1_4/R4_reg_11_	->
  uDTSDI002Top/uAPB_TimerPWM/uPWM1_4/R4_reg_12_	->
  uDTSDI002Top/uAPB_TimerPWM/uPWM1_4/R4_reg_13_	->
  uDTSDI002Top/uAPB_TimerPWM/uPWM1_4/R4_reg_14_	->
  uDTSDI002Top/uAPB_TimerPWM/uPWM1_4/R4_reg_15_	->
  uDTSDI002Top/uAPB_TimerPWM/uPWM1_4/TCAP_Reg_1d_reg_3_	->
  uDTSDI002Top/uAPB_TimerPWM/uPWM1_4/TCAP_Reg_1d_reg_4_	->
  uDTSDI002Top/uAPB_TimerPWM/uPWM1_4/TCAP_Reg_1d_reg_5_	->
  uDTSDI002Top/uAPB_TimerPWM/uPWM1_4/TCAP_Reg_reg_3_	->
  uDTSDI002Top/uAPB_TimerPWM/uPWM1_4/TCAP_Reg_reg_4_	->
  uDTSDI002Top/uAPB_TimerPWM/uPWM1_4/TCAP_Reg_reg_5_	->
  uDTSDI002Top/uAPB_TimerPWM/uPWM1_4/TDX_CapEn_1Pd_reg	->
  uDTSDI002Top/uAPB_TimerPWM/uPWM1_4/TDX_Up_reg	->
  uDTSDI002Top/uAPB_TimerPWM/uPWM1_4/TDx_CapEn_reg	->
  uDTSDI002Top/uAPB_TimerPWM/uPWM1_4/Timer_Cnt_reg_0_	->
  uDTSDI002Top/uAPB_TimerPWM/uPWM1_4/Timer_Cnt_reg_1_	->
  uDTSDI002Top/uAPB_TimerPWM/uPWM1_4/Timer_Cnt_reg_2_	->
  uDTSDI002Top/uAPB_TimerPWM/uPWM1_4/Timer_Cnt_reg_3_	->
  uDTSDI002Top/uAPB_TimerPWM/uPWM1_4/Timer_Cnt_reg_4_	->
  uDTSDI002Top/uAPB_TimerPWM/uPWM1_4/Timer_Cnt_reg_5_	->
  uDTSDI002Top/uAPB_TimerPWM/uPWM1_4/Timer_Cnt_reg_6_	->
  uDTSDI002Top/uAPB_TimerPWM/uPWM1_4/Timer_Cnt_reg_7_	->
  uDTSDI002Top/uAPB_TimerPWM/uPWM1_4/Timer_Cnt_reg_8_	->
  uDTSDI002Top/uAPB_TimerPWM/uPWM1_4/Timer_Cnt_reg_9_	->
  uDTSDI002Top/uAPB_TimerPWM/uPWM1_4/Timer_Cnt_reg_10_	->
  uDTSDI002Top/uAPB_TimerPWM/uPWM1_4/Timer_Cnt_reg_11_	->
  uDTSDI002Top/uAPB_TimerPWM/uPWM1_4/Timer_Cnt_reg_12_	->
  uDTSDI002Top/uAPB_TimerPWM/uPWM1_4/Timer_Cnt_reg_13_	->
  uDTSDI002Top/uAPB_TimerPWM/uPWM1_4/Timer_Cnt_reg_14_	->
  uDTSDI002Top/uAPB_TimerPWM/uPWM1_4/Timer_Cnt_reg_15_	->
  uDTSDI002Top/uAPB_TimerPWM/uPWM1_4/Timer_Match_Set_reg	->
  uDTSDI002Top/uAPB_TimerPWM/uPWM1_4/Timer_Out_reg	->
  uDTSDI002Top/uAPB_TimerPWM/uPWM1_4/Timers_OverFlow_reg	->
  uDTSDI002Top/uAPB_TimerPWM/uPWM1_4/iPRDATA_reg_0_	->
  uDTSDI002Top/uAPB_TimerPWM/uPWM1_4/iPRDATA_reg_1_	->
  uDTSDI002Top/uAPB_TimerPWM/uPWM1_4/iPRDATA_reg_2_	->
  uDTSDI002Top/uAPB_TimerPWM/uPWM1_4/iPRDATA_reg_3_	->
  uDTSDI002Top/uAPB_TimerPWM/uPWM1_4/iPRDATA_reg_4_	->
  uDTSDI002Top/uAPB_TimerPWM/uPWM1_4/iPRDATA_reg_5_	->
  uDTSDI002Top/uAPB_TimerPWM/uPWM1_4/iPRDATA_reg_6_	->
  uDTSDI002Top/uAPB_TimerPWM/uPWM1_4/iPRDATA_reg_7_	->
  uDTSDI002Top/uAPB_TimerPWM/uPWM1_4/iPRDATA_reg_8_	->
  uDTSDI002Top/uAPB_TimerPWM/uPWM1_4/iPRDATA_reg_9_	->
  uDTSDI002Top/uAPB_TimerPWM/uPWM1_4/iPRDATA_reg_10_	->
  uDTSDI002Top/uAPB_TimerPWM/uPWM1_4/iPRDATA_reg_11_	->
  uDTSDI002Top/uAPB_TimerPWM/uPWM1_4/iPRDATA_reg_12_	->
  uDTSDI002Top/uAPB_TimerPWM/uPWM1_4/iPRDATA_reg_13_	->
  uDTSDI002Top/uAPB_TimerPWM/uPWM1_4/iPRDATA_reg_14_	->
  uDTSDI002Top/uAPB_TimerPWM/uPWM1_4/iPRDATA_reg_15_	->
  uDTSDI002Top/uAPB_TimerPWM/uPWM1_5/FL_CHCLK_reg	->
  uDTSDI002Top/uAPB_TimerPWM/uPWM1_5/OUTCLK_1d_reg	->
  uDTSDI002Top/uAPB_TimerPWM/uPWM1_5/OUTCLK_2d_reg	->
  uDTSDI002Top/uAPB_TimerPWM/uPWM1_5/OUTCLK_3d_reg	->
  uDTSDI002Top/uAPB_TimerPWM/uPWM1_5/OUTCLK_4d_reg	->
  uDTSDI002Top/uAPB_TimerPWM/uPWM1_5/OUTCLK_reg	->
  uDTSDI002Top/uAPB_TimerPWM/uPWM1_5/PWM_Out_reg	->
  uDTSDI002Top/uAPB_TimerPWM/uPWM1_5/Prescale_Cnt_reg_0_	->
  uDTSDI002Top/uAPB_TimerPWM/uPWM1_5/Prescale_Cnt_reg_1_	->
  uDTSDI002Top/uAPB_TimerPWM/uPWM1_5/Prescale_Cnt_reg_2_	->
  uDTSDI002Top/uAPB_TimerPWM/uPWM1_5/Prescale_Cnt_reg_3_	->
  uDTSDI002Top/uAPB_TimerPWM/uPWM1_5/Prescale_Cnt_reg_4_	->
  uDTSDI002Top/uAPB_TimerPWM/uPWM1_5/Prescale_Cnt_reg_5_	->
  uDTSDI002Top/uAPB_TimerPWM/uPWM1_5/Prescale_Cnt_reg_6_	->
  uDTSDI002Top/uAPB_TimerPWM/uPWM1_5/Prescale_Cnt_reg_7_	->
  uDTSDI002Top/uAPB_TimerPWM/uPWM1_5/Prescale_Cnt_reg_8_	->
  uDTSDI002Top/uAPB_TimerPWM/uPWM1_5/Prescale_Cnt_reg_9_	->
  uDTSDI002Top/uAPB_TimerPWM/uPWM1_5/R0_reg_0_	->
  uDTSDI002Top/uAPB_TimerPWM/uPWM1_5/R0_reg_1_	->
  uDTSDI002Top/uAPB_TimerPWM/uPWM1_5/R0_reg_2_	->
  uDTSDI002Top/uAPB_TimerPWM/uPWM1_5/R0_reg_3_	->
  uDTSDI002Top/uAPB_TimerPWM/uPWM1_5/R0_reg_4_	->
  uDTSDI002Top/uAPB_TimerPWM/uPWM1_5/R0_reg_5_	->
  uDTSDI002Top/uAPB_TimerPWM/uPWM1_5/R0_reg_6_	->
  uDTSDI002Top/uAPB_TimerPWM/uPWM1_5/R0_reg_7_	->
  uDTSDI002Top/uAPB_TimerPWM/uPWM1_5/R0_reg_8_	->
  uDTSDI002Top/uAPB_TimerPWM/uPWM1_5/R0_reg_9_	->
  uDTSDI002Top/uAPB_TimerPWM/uPWM1_5/R0_reg_10_	->
  uDTSDI002Top/uAPB_TimerPWM/uPWM1_5/R0_reg_11_	->
  uDTSDI002Top/uAPB_TimerPWM/uPWM1_5/R0_reg_12_	->
  uDTSDI002Top/uAPB_TimerPWM/uPWM1_5/R0_reg_13_	->
  uDTSDI002Top/uAPB_TimerPWM/uPWM1_5/R0_reg_14_	->
  uDTSDI002Top/uAPB_TimerPWM/uPWM1_5/R0_reg_15_	->
  uDTSDI002Top/uAPB_TimerPWM/uPWM1_5/R1_reg_0_	->
  uDTSDI002Top/uAPB_TimerPWM/uPWM1_5/R1_reg_1_	->
  uDTSDI002Top/uAPB_TimerPWM/uPWM1_5/R1_reg_2_	->
  uDTSDI002Top/uAPB_TimerPWM/uPWM1_5/R1_reg_3_	->
  uDTSDI002Top/uAPB_TimerPWM/uPWM1_5/R1_reg_4_	->
  uDTSDI002Top/uAPB_TimerPWM/uPWM1_5/R1_reg_5_	->
  uDTSDI002Top/uAPB_TimerPWM/uPWM1_5/R1_reg_6_	->
  uDTSDI002Top/uAPB_TimerPWM/uPWM1_5/R1_reg_7_	->
  uDTSDI002Top/uAPB_TimerPWM/uPWM1_5/R1_reg_8_	->
  uDTSDI002Top/uAPB_TimerPWM/uPWM1_5/R1_reg_9_	->
  uDTSDI002Top/uAPB_TimerPWM/uPWM1_5/R2_reg_0_	->
  uDTSDI002Top/uAPB_TimerPWM/uPWM1_5/R2_reg_1_	->
  uDTSDI002Top/uAPB_TimerPWM/uPWM1_5/R2_reg_2_	->
  uDTSDI002Top/uAPB_TimerPWM/uPWM1_5/R2_reg_3_	->
  uDTSDI002Top/uAPB_TimerPWM/uPWM1_5/R2_reg_4_	->
  uDTSDI002Top/uAPB_TimerPWM/uPWM1_5/R2_reg_5_	->
  uDTSDI002Top/uAPB_TimerPWM/uPWM1_5/R2_reg_6_	->
  uDTSDI002Top/uAPB_TimerPWM/uPWM1_5/R2_reg_7_	->
  uDTSDI002Top/uAPB_TimerPWM/uPWM1_5/R3_reg_0_	->
  uDTSDI002Top/uAPB_TimerPWM/uPWM1_5/R3_reg_1_	->
  uDTSDI002Top/uAPB_TimerPWM/uPWM1_5/R3_reg_2_	->
  uDTSDI002Top/uAPB_TimerPWM/uPWM1_5/R3_reg_3_	->
  uDTSDI002Top/uAPB_TimerPWM/uPWM1_5/R3_reg_4_	->
  uDTSDI002Top/uAPB_TimerPWM/uPWM1_5/R3_reg_5_	->
  uDTSDI002Top/uAPB_TimerPWM/uPWM1_5/R3_reg_6_	->
  uDTSDI002Top/uAPB_TimerPWM/uPWM1_5/R3_reg_7_	->
  uDTSDI002Top/uAPB_TimerPWM/uPWM1_5/R3_reg_8_	->
  uDTSDI002Top/uAPB_TimerPWM/uPWM1_5/R3_reg_9_	->
  uDTSDI002Top/uAPB_TimerPWM/uPWM1_5/R3_reg_10_	->
  uDTSDI002Top/uAPB_TimerPWM/uPWM1_5/R3_reg_11_	->
  uDTSDI002Top/uAPB_TimerPWM/uPWM1_5/R3_reg_12_	->
  uDTSDI002Top/uAPB_TimerPWM/uPWM1_5/R3_reg_13_	->
  uDTSDI002Top/uAPB_TimerPWM/uPWM1_5/R3_reg_14_	->
  uDTSDI002Top/uAPB_TimerPWM/uPWM1_5/R3_reg_15_	->
  uDTSDI002Top/uAPB_TimerPWM/uPWM1_5/R4_reg_0_	->
  uDTSDI002Top/uAPB_TimerPWM/uPWM1_5/R4_reg_1_	->
  uDTSDI002Top/uAPB_TimerPWM/uPWM1_5/R4_reg_2_	->
  uDTSDI002Top/uAPB_TimerPWM/uPWM1_5/R4_reg_3_	->
  uDTSDI002Top/uAPB_TimerPWM/uPWM1_5/R4_reg_4_	->
  uDTSDI002Top/uAPB_TimerPWM/uPWM1_5/R4_reg_5_	->
  uDTSDI002Top/uAPB_TimerPWM/uPWM1_5/R4_reg_6_	->
  uDTSDI002Top/uAPB_TimerPWM/uPWM1_5/R4_reg_7_	->
  uDTSDI002Top/uAPB_TimerPWM/uPWM1_5/R4_reg_8_	->
  uDTSDI002Top/uAPB_TimerPWM/uPWM1_5/R4_reg_9_	->
  uDTSDI002Top/uAPB_TimerPWM/uPWM1_5/R4_reg_10_	->
  uDTSDI002Top/uAPB_TimerPWM/uPWM1_5/R4_reg_11_	->
  uDTSDI002Top/uAPB_TimerPWM/uPWM1_5/R4_reg_12_	->
  uDTSDI002Top/uAPB_TimerPWM/uPWM1_5/R4_reg_13_	->
  uDTSDI002Top/uAPB_TimerPWM/uPWM1_5/R4_reg_14_	->
  uDTSDI002Top/uAPB_TimerPWM/uPWM1_5/R4_reg_15_	->
  uDTSDI002Top/uAPB_TimerPWM/uPWM1_5/TCAP_Reg_1d_reg_3_	->
  uDTSDI002Top/uAPB_TimerPWM/uPWM1_5/TCAP_Reg_1d_reg_4_	->
  uDTSDI002Top/uAPB_TimerPWM/uPWM1_5/TCAP_Reg_1d_reg_5_	->
  uDTSDI002Top/uAPB_TimerPWM/uPWM1_5/TCAP_Reg_reg_3_	->
  uDTSDI002Top/uAPB_TimerPWM/uPWM1_5/TCAP_Reg_reg_4_	->
  uDTSDI002Top/uAPB_TimerPWM/uPWM1_5/TCAP_Reg_reg_5_	->
  uDTSDI002Top/uAPB_TimerPWM/uPWM1_5/TDX_CapEn_1Pd_reg	->
  uDTSDI002Top/uAPB_TimerPWM/uPWM1_5/TDX_Up_reg	->
  uDTSDI002Top/uAPB_TimerPWM/uPWM1_5/TDx_CapEn_reg	->
  uDTSDI002Top/uAPB_TimerPWM/uPWM1_5/Timer_Cnt_reg_0_	->
  uDTSDI002Top/uAPB_TimerPWM/uPWM1_5/Timer_Cnt_reg_1_	->
  uDTSDI002Top/uAPB_TimerPWM/uPWM1_5/Timer_Cnt_reg_2_	->
  uDTSDI002Top/uAPB_TimerPWM/uPWM1_5/Timer_Cnt_reg_3_	->
  uDTSDI002Top/uAPB_TimerPWM/uPWM1_5/Timer_Cnt_reg_4_	->
  uDTSDI002Top/uAPB_TimerPWM/uPWM1_5/Timer_Cnt_reg_5_	->
  uDTSDI002Top/uAPB_TimerPWM/uPWM1_5/Timer_Cnt_reg_6_	->
  uDTSDI002Top/uAPB_TimerPWM/uPWM1_5/Timer_Cnt_reg_7_	->
  uDTSDI002Top/uAPB_TimerPWM/uPWM1_5/Timer_Cnt_reg_8_	->
  uDTSDI002Top/uAPB_TimerPWM/uPWM1_5/Timer_Cnt_reg_9_	->
  uDTSDI002Top/uAPB_TimerPWM/uPWM1_5/Timer_Cnt_reg_10_	->
  uDTSDI002Top/uAPB_TimerPWM/uPWM1_5/Timer_Cnt_reg_11_	->
  uDTSDI002Top/uAPB_TimerPWM/uPWM1_5/Timer_Cnt_reg_12_	->
  uDTSDI002Top/uAPB_TimerPWM/uPWM1_5/Timer_Cnt_reg_13_	->
  uDTSDI002Top/uAPB_TimerPWM/uPWM1_5/Timer_Cnt_reg_14_	->
  uDTSDI002Top/uAPB_TimerPWM/uPWM1_5/Timer_Cnt_reg_15_	->
  uDTSDI002Top/uAPB_TimerPWM/uPWM1_5/Timer_Match_Set_reg	->
  uDTSDI002Top/uAPB_TimerPWM/uPWM1_5/Timer_Out_reg	->
  uDTSDI002Top/uAPB_TimerPWM/uPWM1_5/Timers_OverFlow_reg	->
  uDTSDI002Top/uAPB_TimerPWM/uPWM1_5/iPRDATA_reg_0_	->
  uDTSDI002Top/uAPB_TimerPWM/uPWM1_5/iPRDATA_reg_1_	->
  uDTSDI002Top/uAPB_TimerPWM/uPWM1_5/iPRDATA_reg_2_	->
  uDTSDI002Top/uAPB_TimerPWM/uPWM1_5/iPRDATA_reg_3_	->
  uDTSDI002Top/uAPB_TimerPWM/uPWM1_5/iPRDATA_reg_4_	->
  uDTSDI002Top/uAPB_TimerPWM/uPWM1_5/iPRDATA_reg_5_	->
  uDTSDI002Top/uAPB_TimerPWM/uPWM1_5/iPRDATA_reg_6_	->
  uDTSDI002Top/uAPB_TimerPWM/uPWM1_5/iPRDATA_reg_7_	->
  uDTSDI002Top/uAPB_TimerPWM/uPWM1_5/iPRDATA_reg_8_	->
  uDTSDI002Top/uAPB_TimerPWM/uPWM1_5/iPRDATA_reg_9_	->
  uDTSDI002Top/uAPB_TimerPWM/uPWM1_5/iPRDATA_reg_10_	->
  uDTSDI002Top/uAPB_TimerPWM/uPWM1_5/iPRDATA_reg_11_	->
  uDTSDI002Top/uAPB_TimerPWM/uPWM1_5/iPRDATA_reg_12_	->
  uDTSDI002Top/uAPB_TimerPWM/uPWM1_5/iPRDATA_reg_13_	->
  uDTSDI002Top/uAPB_TimerPWM/uPWM1_5/iPRDATA_reg_14_	->
  uDTSDI002Top/uAPB_TimerPWM/uPWM1_5/iPRDATA_reg_15_	->
  uDTSDI002Top/uAPB_TimerPWM/uPWM1_6/FL_CHCLK_reg	->
  uDTSDI002Top/uAPB_TimerPWM/uPWM1_6/OUTCLK_1d_reg	->
  uDTSDI002Top/uAPB_TimerPWM/uPWM1_6/OUTCLK_2d_reg	->
  uDTSDI002Top/uAPB_TimerPWM/uPWM1_6/OUTCLK_3d_reg	->
  uDTSDI002Top/uAPB_TimerPWM/uPWM1_6/OUTCLK_4d_reg	->
  uDTSDI002Top/uAPB_TimerPWM/uPWM1_6/OUTCLK_reg	->
  uDTSDI002Top/uAPB_TimerPWM/uPWM1_6/PWM_Out_reg	->
  uDTSDI002Top/uAPB_TimerPWM/uPWM1_6/Prescale_Cnt_reg_0_	->
  uDTSDI002Top/uAPB_TimerPWM/uPWM1_6/Prescale_Cnt_reg_1_	->
  uDTSDI002Top/uAPB_TimerPWM/uPWM1_6/Prescale_Cnt_reg_2_	->
  uDTSDI002Top/uAPB_TimerPWM/uPWM1_6/Prescale_Cnt_reg_3_	->
  uDTSDI002Top/uAPB_TimerPWM/uPWM1_6/Prescale_Cnt_reg_4_	->
  uDTSDI002Top/uAPB_TimerPWM/uPWM1_6/Prescale_Cnt_reg_5_	->
  uDTSDI002Top/uAPB_TimerPWM/uPWM1_6/Prescale_Cnt_reg_6_	->
  uDTSDI002Top/uAPB_TimerPWM/uPWM1_6/Prescale_Cnt_reg_7_	->
  uDTSDI002Top/uAPB_TimerPWM/uPWM1_6/Prescale_Cnt_reg_8_	->
  uDTSDI002Top/uAPB_TimerPWM/uPWM1_6/Prescale_Cnt_reg_9_	->
  uDTSDI002Top/uAPB_TimerPWM/uPWM1_6/R0_reg_0_	->
  uDTSDI002Top/uAPB_TimerPWM/uPWM1_6/R0_reg_1_	->
  uDTSDI002Top/uAPB_TimerPWM/uPWM1_6/R0_reg_2_	->
  uDTSDI002Top/uAPB_TimerPWM/uPWM1_6/R0_reg_3_	->
  uDTSDI002Top/uAPB_TimerPWM/uPWM1_6/R0_reg_4_	->
  uDTSDI002Top/uAPB_TimerPWM/uPWM1_6/R0_reg_5_	->
  uDTSDI002Top/uAPB_TimerPWM/uPWM1_6/R0_reg_6_	->
  uDTSDI002Top/uAPB_TimerPWM/uPWM1_6/R0_reg_7_	->
  uDTSDI002Top/uAPB_TimerPWM/uPWM1_6/R0_reg_8_	->
  uDTSDI002Top/uAPB_TimerPWM/uPWM1_6/R0_reg_9_	->
  uDTSDI002Top/uAPB_TimerPWM/uPWM1_6/R0_reg_10_	->
  uDTSDI002Top/uAPB_TimerPWM/uPWM1_6/R0_reg_11_	->
  uDTSDI002Top/uAPB_TimerPWM/uPWM1_6/R0_reg_12_	->
  uDTSDI002Top/uAPB_TimerPWM/uPWM1_6/R0_reg_13_	->
  uDTSDI002Top/uAPB_TimerPWM/uPWM1_6/R0_reg_14_	->
  uDTSDI002Top/uAPB_TimerPWM/uPWM1_6/R0_reg_15_	->
  uDTSDI002Top/uAPB_TimerPWM/uPWM1_6/R1_reg_0_	->
  uDTSDI002Top/uAPB_TimerPWM/uPWM1_6/R1_reg_1_	->
  uDTSDI002Top/uAPB_TimerPWM/uPWM1_6/R1_reg_2_	->
  uDTSDI002Top/uAPB_TimerPWM/uPWM1_6/R1_reg_3_	->
  uDTSDI002Top/uAPB_TimerPWM/uPWM1_6/R1_reg_4_	->
  uDTSDI002Top/uAPB_TimerPWM/uPWM1_6/R1_reg_5_	->
  uDTSDI002Top/uAPB_TimerPWM/uPWM1_6/R1_reg_6_	->
  uDTSDI002Top/uAPB_TimerPWM/uPWM1_6/R1_reg_7_	->
  uDTSDI002Top/uAPB_TimerPWM/uPWM1_6/R1_reg_8_	->
  uDTSDI002Top/uAPB_TimerPWM/uPWM1_6/R1_reg_9_	->
  uDTSDI002Top/uAPB_TimerPWM/uPWM1_6/R2_reg_0_	->
  uDTSDI002Top/uAPB_TimerPWM/uPWM1_6/R2_reg_1_	->
  uDTSDI002Top/uAPB_TimerPWM/uPWM1_6/R2_reg_2_	->
  uDTSDI002Top/uAPB_TimerPWM/uPWM1_6/R2_reg_3_	->
  uDTSDI002Top/uAPB_TimerPWM/uPWM1_6/R2_reg_4_	->
  uDTSDI002Top/uAPB_TimerPWM/uPWM1_6/R2_reg_5_	->
  uDTSDI002Top/uAPB_TimerPWM/uPWM1_6/R2_reg_6_	->
  uDTSDI002Top/uAPB_TimerPWM/uPWM1_6/R2_reg_7_	->
  uDTSDI002Top/uAPB_TimerPWM/uPWM1_6/R3_reg_0_	->
  uDTSDI002Top/uAPB_TimerPWM/uPWM1_6/R3_reg_1_	->
  uDTSDI002Top/uAPB_TimerPWM/uPWM1_6/R3_reg_2_	->
  uDTSDI002Top/uAPB_TimerPWM/uPWM1_6/R3_reg_3_	->
  uDTSDI002Top/uAPB_TimerPWM/uPWM1_6/R3_reg_4_	->
  uDTSDI002Top/uAPB_TimerPWM/uPWM1_6/R3_reg_5_	->
  uDTSDI002Top/uAPB_TimerPWM/uPWM1_6/R3_reg_6_	->
  uDTSDI002Top/uAPB_TimerPWM/uPWM1_6/R3_reg_7_	->
  uDTSDI002Top/uAPB_TimerPWM/uPWM1_6/R3_reg_8_	->
  uDTSDI002Top/uAPB_TimerPWM/uPWM1_6/R3_reg_9_	->
  uDTSDI002Top/uAPB_TimerPWM/uPWM1_6/R3_reg_10_	->
  uDTSDI002Top/uAPB_TimerPWM/uPWM1_6/R3_reg_11_	->
  uDTSDI002Top/uAPB_TimerPWM/uPWM1_6/R3_reg_12_	->
  uDTSDI002Top/uAPB_TimerPWM/uPWM1_6/R3_reg_13_	->
  uDTSDI002Top/uAPB_TimerPWM/uPWM1_6/R3_reg_14_	->
  uDTSDI002Top/uAPB_TimerPWM/uPWM1_6/R3_reg_15_	->
  uDTSDI002Top/uAPB_TimerPWM/uPWM1_6/R4_reg_0_	->
  uDTSDI002Top/uAPB_TimerPWM/uPWM1_6/R4_reg_1_	->
  uDTSDI002Top/uAPB_TimerPWM/uPWM1_6/R4_reg_2_	->
  uDTSDI002Top/uAPB_TimerPWM/uPWM1_6/R4_reg_3_	->
  uDTSDI002Top/uAPB_TimerPWM/uPWM1_6/R4_reg_4_	->
  uDTSDI002Top/uAPB_TimerPWM/uPWM1_6/R4_reg_5_	->
  uDTSDI002Top/uAPB_TimerPWM/uPWM1_6/R4_reg_6_	->
  uDTSDI002Top/uAPB_TimerPWM/uPWM1_6/R4_reg_7_	->
  uDTSDI002Top/uAPB_TimerPWM/uPWM1_6/R4_reg_8_	->
  uDTSDI002Top/uAPB_TimerPWM/uPWM1_6/R4_reg_9_	->
  uDTSDI002Top/uAPB_TimerPWM/uPWM1_6/R4_reg_10_	->
  uDTSDI002Top/uAPB_TimerPWM/uPWM1_6/R4_reg_11_	->
  uDTSDI002Top/uAPB_TimerPWM/uPWM1_6/R4_reg_12_	->
  uDTSDI002Top/uAPB_TimerPWM/uPWM1_6/R4_reg_13_	->
  uDTSDI002Top/uAPB_TimerPWM/uPWM1_6/R4_reg_14_	->
  uDTSDI002Top/uAPB_TimerPWM/uPWM1_6/R4_reg_15_	->
  uDTSDI002Top/uAPB_TimerPWM/uPWM1_6/TCAP_Reg_1d_reg_3_	->
  uDTSDI002Top/uAPB_TimerPWM/uPWM1_6/TCAP_Reg_1d_reg_4_	->
  uDTSDI002Top/uAPB_TimerPWM/uPWM1_6/TCAP_Reg_1d_reg_5_	->
  uDTSDI002Top/uAPB_TimerPWM/uPWM1_6/TCAP_Reg_reg_3_	->
  uDTSDI002Top/uAPB_TimerPWM/uPWM1_6/TCAP_Reg_reg_4_	->
  uDTSDI002Top/uAPB_TimerPWM/uPWM1_6/TCAP_Reg_reg_5_	->
  uDTSDI002Top/uAPB_TimerPWM/uPWM1_6/TDX_CapEn_1Pd_reg	->
  uDTSDI002Top/uAPB_TimerPWM/uPWM1_6/TDX_Up_reg	->
  uDTSDI002Top/uAPB_TimerPWM/uPWM1_6/TDx_CapEn_reg	->
  uDTSDI002Top/uAPB_TimerPWM/uPWM1_6/Timer_Cnt_reg_0_	->
  uDTSDI002Top/uAPB_TimerPWM/uPWM1_6/Timer_Cnt_reg_1_	->
  uDTSDI002Top/uAPB_TimerPWM/uPWM1_6/Timer_Cnt_reg_2_	->
  uDTSDI002Top/uAPB_TimerPWM/uPWM1_6/Timer_Cnt_reg_3_	->
  uDTSDI002Top/uAPB_TimerPWM/uPWM1_6/Timer_Cnt_reg_4_	->
  uDTSDI002Top/uAPB_TimerPWM/uPWM1_6/Timer_Cnt_reg_5_	->
  uDTSDI002Top/uAPB_TimerPWM/uPWM1_6/Timer_Cnt_reg_6_	->
  uDTSDI002Top/uAPB_TimerPWM/uPWM1_6/Timer_Cnt_reg_7_	->
  uDTSDI002Top/uAPB_TimerPWM/uPWM1_6/Timer_Cnt_reg_8_	->
  uDTSDI002Top/uAPB_TimerPWM/uPWM1_6/Timer_Cnt_reg_9_	->
  uDTSDI002Top/uAPB_TimerPWM/uPWM1_6/Timer_Cnt_reg_10_	->
  uDTSDI002Top/uAPB_TimerPWM/uPWM1_6/Timer_Cnt_reg_11_	->
  uDTSDI002Top/uAPB_TimerPWM/uPWM1_6/Timer_Cnt_reg_12_	->
  uDTSDI002Top/uAPB_TimerPWM/uPWM1_6/Timer_Cnt_reg_13_	->
  uDTSDI002Top/uAPB_TimerPWM/uPWM1_6/Timer_Cnt_reg_14_	->
  uDTSDI002Top/uAPB_TimerPWM/uPWM1_6/Timer_Cnt_reg_15_	->
  uDTSDI002Top/uAPB_TimerPWM/uPWM1_6/Timer_Match_Set_reg	->
  uDTSDI002Top/uAPB_TimerPWM/uPWM1_6/Timer_Out_reg	->
  uDTSDI002Top/uAPB_TimerPWM/uPWM1_6/Timers_OverFlow_reg	->
  uDTSDI002Top/uAPB_TimerPWM/uPWM1_6/iPRDATA_reg_0_	->
  uDTSDI002Top/uAPB_TimerPWM/uPWM1_6/iPRDATA_reg_1_	->
  uDTSDI002Top/uAPB_TimerPWM/uPWM1_6/iPRDATA_reg_2_	->
  uDTSDI002Top/uAPB_TimerPWM/uPWM1_6/iPRDATA_reg_3_	->
  uDTSDI002Top/uAPB_TimerPWM/uPWM1_6/iPRDATA_reg_4_	->
  uDTSDI002Top/uAPB_TimerPWM/uPWM1_6/iPRDATA_reg_5_	->
  uDTSDI002Top/uAPB_TimerPWM/uPWM1_6/iPRDATA_reg_6_	->
  uDTSDI002Top/uAPB_TimerPWM/uPWM1_6/iPRDATA_reg_7_	->
  uDTSDI002Top/uAPB_TimerPWM/uPWM1_6/iPRDATA_reg_8_	->
  uDTSDI002Top/uAPB_TimerPWM/uPWM1_6/iPRDATA_reg_9_	->
  uDTSDI002Top/uAPB_TimerPWM/uPWM1_6/iPRDATA_reg_10_	->
  uDTSDI002Top/uAPB_TimerPWM/uPWM1_6/iPRDATA_reg_11_	->
  uDTSDI002Top/uAPB_TimerPWM/uPWM1_6/iPRDATA_reg_12_	->
  uDTSDI002Top/uAPB_TimerPWM/uPWM1_6/iPRDATA_reg_13_	->
  uDTSDI002Top/uAPB_TimerPWM/uPWM1_6/iPRDATA_reg_14_	->
  uDTSDI002Top/uAPB_TimerPWM/uPWM1_6/iPRDATA_reg_15_	->
  uDTSDI002Top/uAPB_TimerPWM/uPWM1_7/FL_CHCLK_reg	->
  uDTSDI002Top/uAPB_TimerPWM/uPWM1_7/OUTCLK_1d_reg	->
  uDTSDI002Top/uAPB_TimerPWM/uPWM1_7/OUTCLK_2d_reg	->
  uDTSDI002Top/uAPB_TimerPWM/uPWM1_7/OUTCLK_3d_reg	->
  uDTSDI002Top/uAPB_TimerPWM/uPWM1_7/OUTCLK_4d_reg	->
  uDTSDI002Top/uAPB_TimerPWM/uPWM1_7/OUTCLK_reg	->
  uDTSDI002Top/uAPB_TimerPWM/uPWM1_7/PWM_Out_reg	->
  uDTSDI002Top/uAPB_TimerPWM/uPWM1_7/Prescale_Cnt_reg_0_	->
  uDTSDI002Top/uAPB_TimerPWM/uPWM1_7/Prescale_Cnt_reg_1_	->
  uDTSDI002Top/uAPB_TimerPWM/uPWM1_7/Prescale_Cnt_reg_2_	->
  uDTSDI002Top/uAPB_TimerPWM/uPWM1_7/Prescale_Cnt_reg_3_	->
  uDTSDI002Top/uAPB_TimerPWM/uPWM1_7/Prescale_Cnt_reg_4_	->
  uDTSDI002Top/uAPB_TimerPWM/uPWM1_7/Prescale_Cnt_reg_5_	->
  uDTSDI002Top/uAPB_TimerPWM/uPWM1_7/Prescale_Cnt_reg_6_	->
  uDTSDI002Top/uAPB_TimerPWM/uPWM1_7/Prescale_Cnt_reg_7_	->
  uDTSDI002Top/uAPB_TimerPWM/uPWM1_7/Prescale_Cnt_reg_8_	->
  uDTSDI002Top/uAPB_TimerPWM/uPWM1_7/Prescale_Cnt_reg_9_	->
  uDTSDI002Top/uAPB_TimerPWM/uPWM1_7/R0_reg_0_	->
  uDTSDI002Top/uAPB_TimerPWM/uPWM1_7/R0_reg_1_	->
  uDTSDI002Top/uAPB_TimerPWM/uPWM1_7/R0_reg_2_	->
  uDTSDI002Top/uAPB_TimerPWM/uPWM1_7/R0_reg_3_	->
  uDTSDI002Top/uAPB_TimerPWM/uPWM1_7/R0_reg_4_	->
  uDTSDI002Top/uAPB_TimerPWM/uPWM1_7/R0_reg_5_	->
  uDTSDI002Top/uAPB_TimerPWM/uPWM1_7/R0_reg_6_	->
  uDTSDI002Top/uAPB_TimerPWM/uPWM1_7/R0_reg_7_	->
  uDTSDI002Top/uAPB_TimerPWM/uPWM1_7/R0_reg_8_	->
  uDTSDI002Top/uAPB_TimerPWM/uPWM1_7/R0_reg_9_	->
  uDTSDI002Top/uAPB_TimerPWM/uPWM1_7/R0_reg_10_	->
  uDTSDI002Top/uAPB_TimerPWM/uPWM1_7/R0_reg_11_	->
  uDTSDI002Top/uAPB_TimerPWM/uPWM1_7/R0_reg_12_	->
  uDTSDI002Top/uAPB_TimerPWM/uPWM1_7/R0_reg_13_	->
  uDTSDI002Top/uAPB_TimerPWM/uPWM1_7/R0_reg_14_	->
  uDTSDI002Top/uAPB_TimerPWM/uPWM1_7/R0_reg_15_	->
  uDTSDI002Top/uAPB_TimerPWM/uPWM1_7/R1_reg_0_	->
  uDTSDI002Top/uAPB_TimerPWM/uPWM1_7/R1_reg_1_	->
  uDTSDI002Top/uAPB_TimerPWM/uPWM1_7/R1_reg_2_	->
  uDTSDI002Top/uAPB_TimerPWM/uPWM1_7/R1_reg_3_	->
  uDTSDI002Top/uAPB_TimerPWM/uPWM1_7/R1_reg_4_	->
  uDTSDI002Top/uAPB_TimerPWM/uPWM1_7/R1_reg_5_	->
  uDTSDI002Top/uAPB_TimerPWM/uPWM1_7/R1_reg_6_	->
  uDTSDI002Top/uAPB_TimerPWM/uPWM1_7/R1_reg_7_	->
  uDTSDI002Top/uAPB_TimerPWM/uPWM1_7/R1_reg_8_	->
  uDTSDI002Top/uAPB_TimerPWM/uPWM1_7/R1_reg_9_	->
  uDTSDI002Top/uAPB_TimerPWM/uPWM1_7/R2_reg_0_	->
  uDTSDI002Top/uAPB_TimerPWM/uPWM1_7/R2_reg_1_	->
  uDTSDI002Top/uAPB_TimerPWM/uPWM1_7/R2_reg_2_	->
  uDTSDI002Top/uAPB_TimerPWM/uPWM1_7/R2_reg_3_	->
  uDTSDI002Top/uAPB_TimerPWM/uPWM1_7/R2_reg_4_	->
  uDTSDI002Top/uAPB_TimerPWM/uPWM1_7/R2_reg_5_	->
  uDTSDI002Top/uAPB_TimerPWM/uPWM1_7/R2_reg_6_	->
  uDTSDI002Top/uAPB_TimerPWM/uPWM1_7/R2_reg_7_	->
  uDTSDI002Top/uAPB_TimerPWM/uPWM1_7/R3_reg_0_	->
  uDTSDI002Top/uAPB_TimerPWM/uPWM1_7/R3_reg_1_	->
  uDTSDI002Top/uAPB_TimerPWM/uPWM1_7/R3_reg_2_	->
  uDTSDI002Top/uAPB_TimerPWM/uPWM1_7/R3_reg_3_	->
  uDTSDI002Top/uAPB_TimerPWM/uPWM1_7/R3_reg_4_	->
  uDTSDI002Top/uAPB_TimerPWM/uPWM1_7/R3_reg_5_	->
  uDTSDI002Top/uAPB_TimerPWM/uPWM1_7/R3_reg_6_	->
  uDTSDI002Top/uAPB_TimerPWM/uPWM1_7/R3_reg_7_	->
  uDTSDI002Top/uAPB_TimerPWM/uPWM1_7/R3_reg_8_	->
  uDTSDI002Top/uAPB_TimerPWM/uPWM1_7/R3_reg_9_	->
  uDTSDI002Top/uAPB_TimerPWM/uPWM1_7/R3_reg_10_	->
  uDTSDI002Top/uAPB_TimerPWM/uPWM1_7/R3_reg_11_	->
  uDTSDI002Top/uAPB_TimerPWM/uPWM1_7/R3_reg_12_	->
  uDTSDI002Top/uAPB_TimerPWM/uPWM1_7/R3_reg_13_	->
  uDTSDI002Top/uAPB_TimerPWM/uPWM1_7/R3_reg_14_	->
  uDTSDI002Top/uAPB_TimerPWM/uPWM1_7/R3_reg_15_	->
  uDTSDI002Top/uAPB_TimerPWM/uPWM1_7/R4_reg_0_	->
  uDTSDI002Top/uAPB_TimerPWM/uPWM1_7/R4_reg_1_	->
  uDTSDI002Top/uAPB_TimerPWM/uPWM1_7/R4_reg_2_	->
  uDTSDI002Top/uAPB_TimerPWM/uPWM1_7/R4_reg_3_	->
  uDTSDI002Top/uAPB_TimerPWM/uPWM1_7/R4_reg_4_	->
  uDTSDI002Top/uAPB_TimerPWM/uPWM1_7/R4_reg_5_	->
  uDTSDI002Top/uAPB_TimerPWM/uPWM1_7/R4_reg_6_	->
  uDTSDI002Top/uAPB_TimerPWM/uPWM1_7/R4_reg_7_	->
  uDTSDI002Top/uAPB_TimerPWM/uPWM1_7/R4_reg_8_	->
  uDTSDI002Top/uAPB_TimerPWM/uPWM1_7/R4_reg_9_	->
  uDTSDI002Top/uAPB_TimerPWM/uPWM1_7/R4_reg_10_	->
  uDTSDI002Top/uAPB_TimerPWM/uPWM1_7/R4_reg_11_	->
  uDTSDI002Top/uAPB_TimerPWM/uPWM1_7/R4_reg_12_	->
  uDTSDI002Top/uAPB_TimerPWM/uPWM1_7/R4_reg_13_	->
  uDTSDI002Top/uAPB_TimerPWM/uPWM1_7/R4_reg_14_	->
  uDTSDI002Top/uAPB_TimerPWM/uPWM1_7/R4_reg_15_	->
  uDTSDI002Top/uAPB_TimerPWM/uPWM1_7/TCAP_Reg_1d_reg_3_	->
  uDTSDI002Top/uAPB_TimerPWM/uPWM1_7/TCAP_Reg_1d_reg_4_	->
  uDTSDI002Top/uAPB_TimerPWM/uPWM1_7/TCAP_Reg_1d_reg_5_	->
  uDTSDI002Top/uAPB_TimerPWM/uPWM1_7/TCAP_Reg_reg_3_	->
  uDTSDI002Top/uAPB_TimerPWM/uPWM1_7/TCAP_Reg_reg_4_	->
  uDTSDI002Top/uAPB_TimerPWM/uPWM1_7/TCAP_Reg_reg_5_	->
  uDTSDI002Top/uAPB_TimerPWM/uPWM1_7/TDX_CapEn_1Pd_reg	->
  uDTSDI002Top/uAPB_TimerPWM/uPWM1_7/TDX_Up_reg	->
  uDTSDI002Top/uAPB_TimerPWM/uPWM1_7/TDx_CapEn_reg	->
  uDTSDI002Top/uAPB_TimerPWM/uPWM1_7/Timer_Cnt_reg_0_	->
  uDTSDI002Top/uAPB_TimerPWM/uPWM1_7/Timer_Cnt_reg_1_	->
  uDTSDI002Top/uAPB_TimerPWM/uPWM1_7/Timer_Cnt_reg_2_	->
  uDTSDI002Top/uAPB_TimerPWM/uPWM1_7/Timer_Cnt_reg_3_	->
  uDTSDI002Top/uAPB_TimerPWM/uPWM1_7/Timer_Cnt_reg_4_	->
  uDTSDI002Top/uAPB_TimerPWM/uPWM1_7/Timer_Cnt_reg_5_	->
  uDTSDI002Top/uAPB_TimerPWM/uPWM1_7/Timer_Cnt_reg_6_	->
  uDTSDI002Top/uAPB_TimerPWM/uPWM1_7/Timer_Cnt_reg_7_	->
  uDTSDI002Top/uAPB_TimerPWM/uPWM1_7/Timer_Cnt_reg_8_	->
  uDTSDI002Top/uAPB_TimerPWM/uPWM1_7/Timer_Cnt_reg_9_	->
  uDTSDI002Top/uAPB_TimerPWM/uPWM1_7/Timer_Cnt_reg_10_	->
  uDTSDI002Top/uAPB_TimerPWM/uPWM1_7/Timer_Cnt_reg_11_	->
  uDTSDI002Top/uAPB_TimerPWM/uPWM1_7/Timer_Cnt_reg_12_	->
  uDTSDI002Top/uAPB_TimerPWM/uPWM1_7/Timer_Cnt_reg_13_	->
  uDTSDI002Top/uAPB_TimerPWM/uPWM1_7/Timer_Cnt_reg_14_	->
  uDTSDI002Top/uAPB_TimerPWM/uPWM1_7/Timer_Cnt_reg_15_	->
  uDTSDI002Top/uAPB_TimerPWM/uPWM1_7/Timer_Match_Set_reg	->
  uDTSDI002Top/uAPB_TimerPWM/uPWM1_7/Timer_Out_reg	->
  uDTSDI002Top/uAPB_TimerPWM/uPWM1_7/Timers_OverFlow_reg	->
  uDTSDI002Top/uAPB_TimerPWM/uPWM1_7/iPRDATA_reg_0_	->
  uDTSDI002Top/uAPB_TimerPWM/uPWM1_7/iPRDATA_reg_1_	->
  uDTSDI002Top/uAPB_TimerPWM/uPWM1_7/iPRDATA_reg_2_	->
  uDTSDI002Top/uAPB_TimerPWM/uPWM1_7/iPRDATA_reg_3_	->
  uDTSDI002Top/uAPB_TimerPWM/uPWM1_7/iPRDATA_reg_4_	->
  uDTSDI002Top/uAPB_TimerPWM/uPWM1_7/iPRDATA_reg_5_	->
  uDTSDI002Top/uAPB_TimerPWM/uPWM1_7/iPRDATA_reg_6_	->
  uDTSDI002Top/uAPB_TimerPWM/uPWM1_7/iPRDATA_reg_7_	->
  uDTSDI002Top/uAPB_TimerPWM/uPWM1_7/iPRDATA_reg_8_	->
  uDTSDI002Top/uAPB_TimerPWM/uPWM1_7/iPRDATA_reg_9_	->
  uDTSDI002Top/uAPB_TimerPWM/uPWM1_7/iPRDATA_reg_10_	->
  uDTSDI002Top/uAPB_TimerPWM/uPWM1_7/iPRDATA_reg_11_	->
  uDTSDI002Top/uAPB_TimerPWM/uPWM1_7/iPRDATA_reg_12_	->
  uDTSDI002Top/uAPB_TimerPWM/uPWM1_7/iPRDATA_reg_13_	->
  uDTSDI002Top/uAPB_TimerPWM/uPWM1_7/iPRDATA_reg_14_	->
  uDTSDI002Top/uAPB_TimerPWM/uPWM1_7/iPRDATA_reg_15_	->
  uDTSDI002Top/uAPB_TimerPWM/uPWM2_0/FL_CHCLK_reg	->
  uDTSDI002Top/uAPB_TimerPWM/uPWM2_0/OUTCLK_1d_reg	->
  uDTSDI002Top/uAPB_TimerPWM/uPWM2_0/OUTCLK_2d_reg	->
  uDTSDI002Top/uAPB_TimerPWM/uPWM2_0/OUTCLK_3d_reg	->
  uDTSDI002Top/uAPB_TimerPWM/uPWM2_0/OUTCLK_4d_reg	->
  uDTSDI002Top/uAPB_TimerPWM/uPWM2_0/OUTCLK_reg	->
  uDTSDI002Top/uAPB_TimerPWM/uPWM2_0/PWM_Out_reg	->
  uDTSDI002Top/uAPB_TimerPWM/uPWM2_0/Prescale_Cnt_reg_0_	->
  uDTSDI002Top/uAPB_TimerPWM/uPWM2_0/Prescale_Cnt_reg_1_	->
  uDTSDI002Top/uAPB_TimerPWM/uPWM2_0/Prescale_Cnt_reg_2_	->
  uDTSDI002Top/uAPB_TimerPWM/uPWM2_0/Prescale_Cnt_reg_3_	->
  uDTSDI002Top/uAPB_TimerPWM/uPWM2_0/Prescale_Cnt_reg_4_	->
  uDTSDI002Top/uAPB_TimerPWM/uPWM2_0/Prescale_Cnt_reg_5_	->
  uDTSDI002Top/uAPB_TimerPWM/uPWM2_0/Prescale_Cnt_reg_6_	->
  uDTSDI002Top/uAPB_TimerPWM/uPWM2_0/Prescale_Cnt_reg_7_	->
  uDTSDI002Top/uAPB_TimerPWM/uPWM2_0/Prescale_Cnt_reg_8_	->
  uDTSDI002Top/uAPB_TimerPWM/uPWM2_0/Prescale_Cnt_reg_9_	->
  uDTSDI002Top/uAPB_TimerPWM/uPWM2_0/R0_reg_0_	->
  uDTSDI002Top/uAPB_TimerPWM/uPWM2_0/R0_reg_1_	->
  uDTSDI002Top/uAPB_TimerPWM/uPWM2_0/R0_reg_2_	->
  uDTSDI002Top/uAPB_TimerPWM/uPWM2_0/R0_reg_3_	->
  uDTSDI002Top/uAPB_TimerPWM/uPWM2_0/R0_reg_4_	->
  uDTSDI002Top/uAPB_TimerPWM/uPWM2_0/R0_reg_5_	->
  uDTSDI002Top/uAPB_TimerPWM/uPWM2_0/R0_reg_6_	->
  uDTSDI002Top/uAPB_TimerPWM/uPWM2_0/R0_reg_7_	->
  uDTSDI002Top/uAPB_TimerPWM/uPWM2_0/R0_reg_8_	->
  uDTSDI002Top/uAPB_TimerPWM/uPWM2_0/R0_reg_9_	->
  uDTSDI002Top/uAPB_TimerPWM/uPWM2_0/R0_reg_10_	->
  uDTSDI002Top/uAPB_TimerPWM/uPWM2_0/R0_reg_11_	->
  uDTSDI002Top/uAPB_TimerPWM/uPWM2_0/R0_reg_12_	->
  uDTSDI002Top/uAPB_TimerPWM/uPWM2_0/R0_reg_13_	->
  uDTSDI002Top/uAPB_TimerPWM/uPWM2_0/R0_reg_14_	->
  uDTSDI002Top/uAPB_TimerPWM/uPWM2_0/R0_reg_15_	->
  uDTSDI002Top/uAPB_TimerPWM/uPWM2_0/R1_reg_0_	->
  uDTSDI002Top/uAPB_TimerPWM/uPWM2_0/R1_reg_1_	->
  uDTSDI002Top/uAPB_TimerPWM/uPWM2_0/R1_reg_2_	->
  uDTSDI002Top/uAPB_TimerPWM/uPWM2_0/R1_reg_3_	->
  uDTSDI002Top/uAPB_TimerPWM/uPWM2_0/R1_reg_4_	->
  uDTSDI002Top/uAPB_TimerPWM/uPWM2_0/R1_reg_5_	->
  uDTSDI002Top/uAPB_TimerPWM/uPWM2_0/R1_reg_6_	->
  uDTSDI002Top/uAPB_TimerPWM/uPWM2_0/R1_reg_7_	->
  uDTSDI002Top/uAPB_TimerPWM/uPWM2_0/R1_reg_8_	->
  uDTSDI002Top/uAPB_TimerPWM/uPWM2_0/R1_reg_9_	->
  uDTSDI002Top/uAPB_TimerPWM/uPWM2_0/R2_reg_0_	->
  uDTSDI002Top/uAPB_TimerPWM/uPWM2_0/R2_reg_1_	->
  uDTSDI002Top/uAPB_TimerPWM/uPWM2_0/R2_reg_2_	->
  uDTSDI002Top/uAPB_TimerPWM/uPWM2_0/R2_reg_3_	->
  uDTSDI002Top/uAPB_TimerPWM/uPWM2_0/R2_reg_4_	->
  uDTSDI002Top/uAPB_TimerPWM/uPWM2_0/R2_reg_5_	->
  uDTSDI002Top/uAPB_TimerPWM/uPWM2_0/R2_reg_6_	->
  uDTSDI002Top/uAPB_TimerPWM/uPWM2_0/R2_reg_7_	->
  uDTSDI002Top/uAPB_TimerPWM/uPWM2_0/R3_reg_0_	->
  uDTSDI002Top/uAPB_TimerPWM/uPWM2_0/R3_reg_1_	->
  uDTSDI002Top/uAPB_TimerPWM/uPWM2_0/R3_reg_2_	->
  uDTSDI002Top/uAPB_TimerPWM/uPWM2_0/R3_reg_3_	->
  uDTSDI002Top/uAPB_TimerPWM/uPWM2_0/R3_reg_4_	->
  uDTSDI002Top/uAPB_TimerPWM/uPWM2_0/R3_reg_5_	->
  uDTSDI002Top/uAPB_TimerPWM/uPWM2_0/R3_reg_6_	->
  uDTSDI002Top/uAPB_TimerPWM/uPWM2_0/R3_reg_7_	->
  uDTSDI002Top/uAPB_TimerPWM/uPWM2_0/R3_reg_8_	->
  uDTSDI002Top/uAPB_TimerPWM/uPWM2_0/R3_reg_9_	->
  uDTSDI002Top/uAPB_TimerPWM/uPWM2_0/R3_reg_10_	->
  uDTSDI002Top/uAPB_TimerPWM/uPWM2_0/R3_reg_11_	->
  uDTSDI002Top/uAPB_TimerPWM/uPWM2_0/R3_reg_12_	->
  uDTSDI002Top/uAPB_TimerPWM/uPWM2_0/R3_reg_13_	->
  uDTSDI002Top/uAPB_TimerPWM/uPWM2_0/R3_reg_14_	->
  uDTSDI002Top/uAPB_TimerPWM/uPWM2_0/R3_reg_15_	->
  uDTSDI002Top/uAPB_TimerPWM/uPWM2_0/R4_reg_0_	->
  uDTSDI002Top/uAPB_TimerPWM/uPWM2_0/R4_reg_1_	->
  uDTSDI002Top/uAPB_TimerPWM/uPWM2_0/R4_reg_2_	->
  uDTSDI002Top/uAPB_TimerPWM/uPWM2_0/R4_reg_3_	->
  uDTSDI002Top/uAPB_TimerPWM/uPWM2_0/R4_reg_4_	->
  uDTSDI002Top/uAPB_TimerPWM/uPWM2_0/R4_reg_5_	->
  uDTSDI002Top/uAPB_TimerPWM/uPWM2_0/R4_reg_6_	->
  uDTSDI002Top/uAPB_TimerPWM/uPWM2_0/R4_reg_7_	->
  uDTSDI002Top/uAPB_TimerPWM/uPWM2_0/R4_reg_8_	->
  uDTSDI002Top/uAPB_TimerPWM/uPWM2_0/R4_reg_9_	->
  uDTSDI002Top/uAPB_TimerPWM/uPWM2_0/R4_reg_10_	->
  uDTSDI002Top/uAPB_TimerPWM/uPWM2_0/R4_reg_11_	->
  uDTSDI002Top/uAPB_TimerPWM/uPWM2_0/R4_reg_12_	->
  uDTSDI002Top/uAPB_TimerPWM/uPWM2_0/R4_reg_13_	->
  uDTSDI002Top/uAPB_TimerPWM/uPWM2_0/R4_reg_14_	->
  uDTSDI002Top/uAPB_TimerPWM/uPWM2_0/R4_reg_15_	->
  uDTSDI002Top/uAPB_TimerPWM/uPWM2_0/TCAP_Reg_1d_reg_3_	->
  uDTSDI002Top/uAPB_TimerPWM/uPWM2_0/TCAP_Reg_1d_reg_4_	->
  uDTSDI002Top/uAPB_TimerPWM/uPWM2_0/TCAP_Reg_1d_reg_5_	->
  uDTSDI002Top/uAPB_TimerPWM/uPWM2_0/TCAP_Reg_reg_3_	->
  uDTSDI002Top/uAPB_TimerPWM/uPWM2_0/TCAP_Reg_reg_4_	->
  uDTSDI002Top/uAPB_TimerPWM/uPWM2_0/TCAP_Reg_reg_5_	->
  uDTSDI002Top/uAPB_TimerPWM/uPWM2_0/TDX_CapEn_1Pd_reg	->
  uDTSDI002Top/uAPB_TimerPWM/uPWM2_0/TDX_Up_reg	->
  uDTSDI002Top/uAPB_TimerPWM/uPWM2_0/TDx_CapEn_reg	->
  uDTSDI002Top/uAPB_TimerPWM/uPWM2_0/Timer_Cnt_reg_0_	->
  uDTSDI002Top/uAPB_TimerPWM/uPWM2_0/Timer_Cnt_reg_1_	->
  uDTSDI002Top/uAPB_TimerPWM/uPWM2_0/Timer_Cnt_reg_2_	->
  uDTSDI002Top/uAPB_TimerPWM/uPWM2_0/Timer_Cnt_reg_3_	->
  uDTSDI002Top/uAPB_TimerPWM/uPWM2_0/Timer_Cnt_reg_4_	->
  uDTSDI002Top/uAPB_TimerPWM/uPWM2_0/Timer_Cnt_reg_5_	->
  uDTSDI002Top/uAPB_TimerPWM/uPWM2_0/Timer_Cnt_reg_6_	->
  uDTSDI002Top/uAPB_TimerPWM/uPWM2_0/Timer_Cnt_reg_7_	->
  uDTSDI002Top/uAPB_TimerPWM/uPWM2_0/Timer_Cnt_reg_8_	->
  uDTSDI002Top/uAPB_TimerPWM/uPWM2_0/Timer_Cnt_reg_9_	->
  uDTSDI002Top/uAPB_TimerPWM/uPWM2_0/Timer_Cnt_reg_10_	->
  uDTSDI002Top/uAPB_TimerPWM/uPWM2_0/Timer_Cnt_reg_11_	->
  uDTSDI002Top/uAPB_TimerPWM/uPWM2_0/Timer_Cnt_reg_12_	->
  uDTSDI002Top/uAPB_TimerPWM/uPWM2_0/Timer_Cnt_reg_13_	->
  uDTSDI002Top/uAPB_TimerPWM/uPWM2_0/Timer_Cnt_reg_14_	->
  uDTSDI002Top/uAPB_TimerPWM/uPWM2_0/Timer_Cnt_reg_15_	->
  uDTSDI002Top/uAPB_TimerPWM/uPWM2_0/Timer_Match_Set_reg	->
  uDTSDI002Top/uAPB_TimerPWM/uPWM2_0/Timer_Out_reg	->
  uDTSDI002Top/uAPB_TimerPWM/uPWM2_0/Timers_OverFlow_reg	->
  uDTSDI002Top/uAPB_TimerPWM/uPWM2_0/iPRDATA_reg_0_	->
  uDTSDI002Top/uAPB_TimerPWM/uPWM2_0/iPRDATA_reg_1_	->
  uDTSDI002Top/uAPB_TimerPWM/uPWM2_0/iPRDATA_reg_2_	->
  uDTSDI002Top/uAPB_TimerPWM/uPWM2_0/iPRDATA_reg_3_	->
  uDTSDI002Top/uAPB_TimerPWM/uPWM2_0/iPRDATA_reg_4_	->
  uDTSDI002Top/uAPB_TimerPWM/uPWM2_0/iPRDATA_reg_5_	->
  uDTSDI002Top/uAPB_TimerPWM/uPWM2_0/iPRDATA_reg_6_	->
  uDTSDI002Top/uAPB_TimerPWM/uPWM2_0/iPRDATA_reg_7_	->
  uDTSDI002Top/uAPB_TimerPWM/uPWM2_0/iPRDATA_reg_8_	->
  uDTSDI002Top/uAPB_TimerPWM/uPWM2_0/iPRDATA_reg_9_	->
  uDTSDI002Top/uAPB_TimerPWM/uPWM2_0/iPRDATA_reg_10_	->
  uDTSDI002Top/uAPB_TimerPWM/uPWM2_0/iPRDATA_reg_11_	->
  uDTSDI002Top/uAPB_TimerPWM/uPWM2_0/iPRDATA_reg_12_	->
  uDTSDI002Top/uAPB_TimerPWM/uPWM2_0/iPRDATA_reg_13_	->
  uDTSDI002Top/uAPB_TimerPWM/uPWM2_0/iPRDATA_reg_14_	->
  uDTSDI002Top/uAPB_TimerPWM/uPWM2_0/iPRDATA_reg_15_	->
  uDTSDI002Top/uAPB_TimerPWM/uPWM2_1/FL_CHCLK_reg	->
  uDTSDI002Top/uAPB_TimerPWM/uPWM2_1/OUTCLK_1d_reg	->
  uDTSDI002Top/uAPB_TimerPWM/uPWM2_1/OUTCLK_2d_reg	->
  uDTSDI002Top/uAPB_TimerPWM/uPWM2_1/OUTCLK_3d_reg	->
  uDTSDI002Top/uAPB_TimerPWM/uPWM2_1/OUTCLK_4d_reg	->
  uDTSDI002Top/uAPB_TimerPWM/uPWM2_1/OUTCLK_reg	->
  uDTSDI002Top/uAPB_TimerPWM/uPWM2_1/PWM_Out_reg	->
  uDTSDI002Top/uAPB_TimerPWM/uPWM2_1/Prescale_Cnt_reg_0_	->
  uDTSDI002Top/uAPB_TimerPWM/uPWM2_1/Prescale_Cnt_reg_1_	->
  uDTSDI002Top/uAPB_TimerPWM/uPWM2_1/Prescale_Cnt_reg_2_	->
  uDTSDI002Top/uAPB_TimerPWM/uPWM2_1/Prescale_Cnt_reg_3_	->
  uDTSDI002Top/uAPB_TimerPWM/uPWM2_1/Prescale_Cnt_reg_4_	->
  uDTSDI002Top/uAPB_TimerPWM/uPWM2_1/Prescale_Cnt_reg_5_	->
  uDTSDI002Top/uAPB_TimerPWM/uPWM2_1/Prescale_Cnt_reg_6_	->
  uDTSDI002Top/uAPB_TimerPWM/uPWM2_1/Prescale_Cnt_reg_7_	->
  uDTSDI002Top/uAPB_TimerPWM/uPWM2_1/Prescale_Cnt_reg_8_	->
  uDTSDI002Top/uAPB_TimerPWM/uPWM2_1/Prescale_Cnt_reg_9_	->
  uDTSDI002Top/uAPB_TimerPWM/uPWM2_1/R0_reg_0_	->
  uDTSDI002Top/uAPB_TimerPWM/uPWM2_1/R0_reg_1_	->
  uDTSDI002Top/uAPB_TimerPWM/uPWM2_1/R0_reg_2_	->
  uDTSDI002Top/uAPB_TimerPWM/uPWM2_1/R0_reg_3_	->
  uDTSDI002Top/uAPB_TimerPWM/uPWM2_1/R0_reg_4_	->
  uDTSDI002Top/uAPB_TimerPWM/uPWM2_1/R0_reg_5_	->
  uDTSDI002Top/uAPB_TimerPWM/uPWM2_1/R0_reg_6_	->
  uDTSDI002Top/uAPB_TimerPWM/uPWM2_1/R0_reg_7_	->
  uDTSDI002Top/uAPB_TimerPWM/uPWM2_1/R0_reg_8_	->
  uDTSDI002Top/uAPB_TimerPWM/uPWM2_1/R0_reg_9_	->
  uDTSDI002Top/uAPB_TimerPWM/uPWM2_1/R0_reg_10_	->
  uDTSDI002Top/uAPB_TimerPWM/uPWM2_1/R0_reg_11_	->
  uDTSDI002Top/uAPB_TimerPWM/uPWM2_1/R0_reg_12_	->
  uDTSDI002Top/uAPB_TimerPWM/uPWM2_1/R0_reg_13_	->
  uDTSDI002Top/uAPB_TimerPWM/uPWM2_1/R0_reg_14_	->
  uDTSDI002Top/uAPB_TimerPWM/uPWM2_1/R0_reg_15_	->
  uDTSDI002Top/uAPB_TimerPWM/uPWM2_1/R1_reg_0_	->
  uDTSDI002Top/uAPB_TimerPWM/uPWM2_1/R1_reg_1_	->
  uDTSDI002Top/uAPB_TimerPWM/uPWM2_1/R1_reg_2_	->
  uDTSDI002Top/uAPB_TimerPWM/uPWM2_1/R1_reg_3_	->
  uDTSDI002Top/uAPB_TimerPWM/uPWM2_1/R1_reg_4_	->
  uDTSDI002Top/uAPB_TimerPWM/uPWM2_1/R1_reg_5_	->
  uDTSDI002Top/uAPB_TimerPWM/uPWM2_1/R1_reg_6_	->
  uDTSDI002Top/uAPB_TimerPWM/uPWM2_1/R1_reg_7_	->
  uDTSDI002Top/uAPB_TimerPWM/uPWM2_1/R1_reg_8_	->
  uDTSDI002Top/uAPB_TimerPWM/uPWM2_1/R1_reg_9_	->
  uDTSDI002Top/uAPB_TimerPWM/uPWM2_1/R2_reg_0_	->
  uDTSDI002Top/uAPB_TimerPWM/uPWM2_1/R2_reg_1_	->
  uDTSDI002Top/uAPB_TimerPWM/uPWM2_1/R2_reg_2_	->
  uDTSDI002Top/uAPB_TimerPWM/uPWM2_1/R2_reg_3_	->
  uDTSDI002Top/uAPB_TimerPWM/uPWM2_1/R2_reg_4_	->
  uDTSDI002Top/uAPB_TimerPWM/uPWM2_1/R2_reg_5_	->
  uDTSDI002Top/uAPB_TimerPWM/uPWM2_1/R2_reg_6_	->
  uDTSDI002Top/uAPB_TimerPWM/uPWM2_1/R2_reg_7_	->
  uDTSDI002Top/uAPB_TimerPWM/uPWM2_1/R3_reg_0_	->
  uDTSDI002Top/uAPB_TimerPWM/uPWM2_1/R3_reg_1_	->
  uDTSDI002Top/uAPB_TimerPWM/uPWM2_1/R3_reg_2_	->
  uDTSDI002Top/uAPB_TimerPWM/uPWM2_1/R3_reg_3_	->
  uDTSDI002Top/uAPB_TimerPWM/uPWM2_1/R3_reg_4_	->
  uDTSDI002Top/uAPB_TimerPWM/uPWM2_1/R3_reg_5_	->
  uDTSDI002Top/uAPB_TimerPWM/uPWM2_1/R3_reg_6_	->
  uDTSDI002Top/uAPB_TimerPWM/uPWM2_1/R3_reg_7_	->
  uDTSDI002Top/uAPB_TimerPWM/uPWM2_1/R3_reg_8_	->
  uDTSDI002Top/uAPB_TimerPWM/uPWM2_1/R3_reg_9_	->
  uDTSDI002Top/uAPB_TimerPWM/uPWM2_1/R3_reg_10_	->
  uDTSDI002Top/uAPB_TimerPWM/uPWM2_1/R3_reg_11_	->
  uDTSDI002Top/uAPB_TimerPWM/uPWM2_1/R3_reg_12_	->
  uDTSDI002Top/uAPB_TimerPWM/uPWM2_1/R3_reg_13_	->
  uDTSDI002Top/uAPB_TimerPWM/uPWM2_1/R3_reg_14_	->
  uDTSDI002Top/uAPB_TimerPWM/uPWM2_1/R3_reg_15_	->
  uDTSDI002Top/uAPB_TimerPWM/uPWM2_1/R4_reg_0_	->
  uDTSDI002Top/uAPB_TimerPWM/uPWM2_1/R4_reg_1_	->
  uDTSDI002Top/uAPB_TimerPWM/uPWM2_1/R4_reg_2_	->
  uDTSDI002Top/uAPB_TimerPWM/uPWM2_1/R4_reg_3_	->
  uDTSDI002Top/uAPB_TimerPWM/uPWM2_1/R4_reg_4_	->
  uDTSDI002Top/uAPB_TimerPWM/uPWM2_1/R4_reg_5_	->
  uDTSDI002Top/uAPB_TimerPWM/uPWM2_1/R4_reg_6_	->
  uDTSDI002Top/uAPB_TimerPWM/uPWM2_1/R4_reg_7_	->
  uDTSDI002Top/uAPB_TimerPWM/uPWM2_1/R4_reg_8_	->
  uDTSDI002Top/uAPB_TimerPWM/uPWM2_1/R4_reg_9_	->
  uDTSDI002Top/uAPB_TimerPWM/uPWM2_1/R4_reg_10_	->
  uDTSDI002Top/uAPB_TimerPWM/uPWM2_1/R4_reg_11_	->
  uDTSDI002Top/uAPB_TimerPWM/uPWM2_1/R4_reg_12_	->
  uDTSDI002Top/uAPB_TimerPWM/uPWM2_1/R4_reg_13_	->
  uDTSDI002Top/uAPB_TimerPWM/uPWM2_1/R4_reg_14_	->
  uDTSDI002Top/uAPB_TimerPWM/uPWM2_1/R4_reg_15_	->
  uDTSDI002Top/uAPB_TimerPWM/uPWM2_1/TCAP_Reg_1d_reg_3_	->
  uDTSDI002Top/uAPB_TimerPWM/uPWM2_1/TCAP_Reg_1d_reg_4_	->
  uDTSDI002Top/uAPB_TimerPWM/uPWM2_1/TCAP_Reg_1d_reg_5_	->
  uDTSDI002Top/uAPB_TimerPWM/uPWM2_1/TCAP_Reg_reg_3_	->
  uDTSDI002Top/uAPB_TimerPWM/uPWM2_1/TCAP_Reg_reg_4_	->
  uDTSDI002Top/uAPB_TimerPWM/uPWM2_1/TCAP_Reg_reg_5_	->
  uDTSDI002Top/uAPB_TimerPWM/uPWM2_1/TDX_CapEn_1Pd_reg	->
  uDTSDI002Top/uAPB_TimerPWM/uPWM2_1/TDX_Up_reg	->
  uDTSDI002Top/uAPB_TimerPWM/uPWM2_1/TDx_CapEn_reg	->
  uDTSDI002Top/uAPB_TimerPWM/uPWM2_1/Timer_Cnt_reg_0_	->
  uDTSDI002Top/uAPB_TimerPWM/uPWM2_1/Timer_Cnt_reg_1_	->
  uDTSDI002Top/uAPB_TimerPWM/uPWM2_1/Timer_Cnt_reg_2_	->
  uDTSDI002Top/uAPB_TimerPWM/uPWM2_1/Timer_Cnt_reg_3_	->
  uDTSDI002Top/uAPB_TimerPWM/uPWM2_1/Timer_Cnt_reg_4_	->
  uDTSDI002Top/uAPB_TimerPWM/uPWM2_1/Timer_Cnt_reg_5_	->
  uDTSDI002Top/uAPB_TimerPWM/uPWM2_1/Timer_Cnt_reg_6_	->
  uDTSDI002Top/uAPB_TimerPWM/uPWM2_1/Timer_Cnt_reg_7_	->
  uDTSDI002Top/uAPB_TimerPWM/uPWM2_1/Timer_Cnt_reg_8_	->
  uDTSDI002Top/uAPB_TimerPWM/uPWM2_1/Timer_Cnt_reg_9_	->
  uDTSDI002Top/uAPB_TimerPWM/uPWM2_1/Timer_Cnt_reg_10_	->
  uDTSDI002Top/uAPB_TimerPWM/uPWM2_1/Timer_Cnt_reg_11_	->
  uDTSDI002Top/uAPB_TimerPWM/uPWM2_1/Timer_Cnt_reg_12_	->
  uDTSDI002Top/uAPB_TimerPWM/uPWM2_1/Timer_Cnt_reg_13_	->
  uDTSDI002Top/uAPB_TimerPWM/uPWM2_1/Timer_Cnt_reg_14_	->
  uDTSDI002Top/uAPB_TimerPWM/uPWM2_1/Timer_Cnt_reg_15_	->
  uDTSDI002Top/uAPB_TimerPWM/uPWM2_1/Timer_Match_Set_reg	->
  uDTSDI002Top/uAPB_TimerPWM/uPWM2_1/Timer_Out_reg	->
  uDTSDI002Top/uAPB_TimerPWM/uPWM2_1/Timers_OverFlow_reg	->
  uDTSDI002Top/uAPB_TimerPWM/uPWM2_1/iPRDATA_reg_0_	->
  uDTSDI002Top/uAPB_TimerPWM/uPWM2_1/iPRDATA_reg_1_	->
  uDTSDI002Top/uAPB_TimerPWM/uPWM2_1/iPRDATA_reg_2_	->
  uDTSDI002Top/uAPB_TimerPWM/uPWM2_1/iPRDATA_reg_3_	->
  uDTSDI002Top/uAPB_TimerPWM/uPWM2_1/iPRDATA_reg_4_	->
  uDTSDI002Top/uAPB_TimerPWM/uPWM2_1/iPRDATA_reg_5_	->
  uDTSDI002Top/uAPB_TimerPWM/uPWM2_1/iPRDATA_reg_6_	->
  uDTSDI002Top/uAPB_TimerPWM/uPWM2_1/iPRDATA_reg_7_	->
  uDTSDI002Top/uAPB_TimerPWM/uPWM2_1/iPRDATA_reg_8_	->
  uDTSDI002Top/uAPB_TimerPWM/uPWM2_1/iPRDATA_reg_9_	->
  uDTSDI002Top/uAPB_TimerPWM/uPWM2_1/iPRDATA_reg_10_	->
  uDTSDI002Top/uAPB_TimerPWM/uPWM2_1/iPRDATA_reg_11_	->
  uDTSDI002Top/uAPB_TimerPWM/uPWM2_1/iPRDATA_reg_12_	->
  uDTSDI002Top/uAPB_TimerPWM/uPWM2_1/iPRDATA_reg_13_	->
  uDTSDI002Top/uAPB_TimerPWM/uPWM2_1/iPRDATA_reg_14_	->
  uDTSDI002Top/uAPB_TimerPWM/uPWM2_1/iPRDATA_reg_15_	->
  uDTSDI002Top/uAPB_TimerPWM/uPWM2_2/FL_CHCLK_reg	->
  uDTSDI002Top/uAPB_TimerPWM/uPWM2_2/OUTCLK_1d_reg	->
  uDTSDI002Top/uAPB_TimerPWM/uPWM2_2/OUTCLK_2d_reg	->
  uDTSDI002Top/uAPB_TimerPWM/uPWM2_2/OUTCLK_3d_reg	->
  uDTSDI002Top/uAPB_TimerPWM/uPWM2_2/OUTCLK_4d_reg	->
  uDTSDI002Top/uAPB_TimerPWM/uPWM2_2/OUTCLK_reg	->
  uDTSDI002Top/uAPB_TimerPWM/uPWM2_2/PWM_Out_reg	->
  uDTSDI002Top/uAPB_TimerPWM/uPWM2_2/Prescale_Cnt_reg_0_	->
  uDTSDI002Top/uAPB_TimerPWM/uPWM2_2/Prescale_Cnt_reg_1_	->
  uDTSDI002Top/uAPB_TimerPWM/uPWM2_2/Prescale_Cnt_reg_2_	->
  uDTSDI002Top/uAPB_TimerPWM/uPWM2_2/Prescale_Cnt_reg_3_	->
  uDTSDI002Top/uAPB_TimerPWM/uPWM2_2/Prescale_Cnt_reg_4_	->
  uDTSDI002Top/uAPB_TimerPWM/uPWM2_2/Prescale_Cnt_reg_5_	->
  uDTSDI002Top/uAPB_TimerPWM/uPWM2_2/Prescale_Cnt_reg_6_	->
  uDTSDI002Top/uAPB_TimerPWM/uPWM2_2/Prescale_Cnt_reg_7_	->
  uDTSDI002Top/uAPB_TimerPWM/uPWM2_2/Prescale_Cnt_reg_8_	->
  uDTSDI002Top/uAPB_TimerPWM/uPWM2_2/Prescale_Cnt_reg_9_	->
  uDTSDI002Top/uAPB_TimerPWM/uPWM2_2/R0_reg_0_	->
  uDTSDI002Top/uAPB_TimerPWM/uPWM2_2/R0_reg_1_	->
  uDTSDI002Top/uAPB_TimerPWM/uPWM2_2/R0_reg_2_	->
  uDTSDI002Top/uAPB_TimerPWM/uPWM2_2/R0_reg_3_	->
  uDTSDI002Top/uAPB_TimerPWM/uPWM2_2/R0_reg_4_	->
  uDTSDI002Top/uAPB_TimerPWM/uPWM2_2/R0_reg_5_	->
  uDTSDI002Top/uAPB_TimerPWM/uPWM2_2/R0_reg_6_	->
  uDTSDI002Top/uAPB_TimerPWM/uPWM2_2/R0_reg_7_	->
  uDTSDI002Top/uAPB_TimerPWM/uPWM2_2/R0_reg_8_	->
  uDTSDI002Top/uAPB_TimerPWM/uPWM2_2/R0_reg_9_	->
  uDTSDI002Top/uAPB_TimerPWM/uPWM2_2/R0_reg_10_	->
  uDTSDI002Top/uAPB_TimerPWM/uPWM2_2/R0_reg_11_	->
  uDTSDI002Top/uAPB_TimerPWM/uPWM2_2/R0_reg_12_	->
  uDTSDI002Top/uAPB_TimerPWM/uPWM2_2/R0_reg_13_	->
  uDTSDI002Top/uAPB_TimerPWM/uPWM2_2/R0_reg_14_	->
  uDTSDI002Top/uAPB_TimerPWM/uPWM2_2/R0_reg_15_	->
  uDTSDI002Top/uAPB_TimerPWM/uPWM2_2/R1_reg_0_	->
  uDTSDI002Top/uAPB_TimerPWM/uPWM2_2/R1_reg_1_	->
  uDTSDI002Top/uAPB_TimerPWM/uPWM2_2/R1_reg_2_	->
  uDTSDI002Top/uAPB_TimerPWM/uPWM2_2/R1_reg_3_	->
  uDTSDI002Top/uAPB_TimerPWM/uPWM2_2/R1_reg_4_	->
  uDTSDI002Top/uAPB_TimerPWM/uPWM2_2/R1_reg_5_	->
  uDTSDI002Top/uAPB_TimerPWM/uPWM2_2/R1_reg_6_	->
  uDTSDI002Top/uAPB_TimerPWM/uPWM2_2/R1_reg_7_	->
  uDTSDI002Top/uAPB_TimerPWM/uPWM2_2/R1_reg_8_	->
  uDTSDI002Top/uAPB_TimerPWM/uPWM2_2/R1_reg_9_	->
  uDTSDI002Top/uAPB_TimerPWM/uPWM2_2/R2_reg_0_	->
  uDTSDI002Top/uAPB_TimerPWM/uPWM2_2/R2_reg_1_	->
  uDTSDI002Top/uAPB_TimerPWM/uPWM2_2/R2_reg_2_	->
  uDTSDI002Top/uAPB_TimerPWM/uPWM2_2/R2_reg_3_	->
  uDTSDI002Top/uAPB_TimerPWM/uPWM2_2/R2_reg_4_	->
  uDTSDI002Top/uAPB_TimerPWM/uPWM2_2/R2_reg_5_	->
  uDTSDI002Top/uAPB_TimerPWM/uPWM2_2/R2_reg_6_	->
  uDTSDI002Top/uAPB_TimerPWM/uPWM2_2/R2_reg_7_	->
  uDTSDI002Top/uAPB_TimerPWM/uPWM2_2/R3_reg_0_	->
  uDTSDI002Top/uAPB_TimerPWM/uPWM2_2/R3_reg_1_	->
  uDTSDI002Top/uAPB_TimerPWM/uPWM2_2/R3_reg_2_	->
  uDTSDI002Top/uAPB_TimerPWM/uPWM2_2/R3_reg_3_	->
  uDTSDI002Top/uAPB_TimerPWM/uPWM2_2/R3_reg_4_	->
  uDTSDI002Top/uAPB_TimerPWM/uPWM2_2/R3_reg_5_	->
  uDTSDI002Top/uAPB_TimerPWM/uPWM2_2/R3_reg_6_	->
  uDTSDI002Top/uAPB_TimerPWM/uPWM2_2/R3_reg_7_	->
  uDTSDI002Top/uAPB_TimerPWM/uPWM2_2/R3_reg_8_	->
  uDTSDI002Top/uAPB_TimerPWM/uPWM2_2/R3_reg_9_	->
  uDTSDI002Top/uAPB_TimerPWM/uPWM2_2/R3_reg_10_	->
  uDTSDI002Top/uAPB_TimerPWM/uPWM2_2/R3_reg_11_	->
  uDTSDI002Top/uAPB_TimerPWM/uPWM2_2/R3_reg_12_	->
  uDTSDI002Top/uAPB_TimerPWM/uPWM2_2/R3_reg_13_	->
  uDTSDI002Top/uAPB_TimerPWM/uPWM2_2/R3_reg_14_	->
  uDTSDI002Top/uAPB_TimerPWM/uPWM2_2/R3_reg_15_	->
  uDTSDI002Top/uAPB_TimerPWM/uPWM2_2/R4_reg_0_	->
  uDTSDI002Top/uAPB_TimerPWM/uPWM2_2/R4_reg_1_	->
  uDTSDI002Top/uAPB_TimerPWM/uPWM2_2/R4_reg_2_	->
  uDTSDI002Top/uAPB_TimerPWM/uPWM2_2/R4_reg_3_	->
  uDTSDI002Top/uAPB_TimerPWM/uPWM2_2/R4_reg_4_	->
  uDTSDI002Top/uAPB_TimerPWM/uPWM2_2/R4_reg_5_	->
  uDTSDI002Top/uAPB_TimerPWM/uPWM2_2/R4_reg_6_	->
  uDTSDI002Top/uAPB_TimerPWM/uPWM2_2/R4_reg_7_	->
  uDTSDI002Top/uAPB_TimerPWM/uPWM2_2/R4_reg_8_	->
  uDTSDI002Top/uAPB_TimerPWM/uPWM2_2/R4_reg_9_	->
  uDTSDI002Top/uAPB_TimerPWM/uPWM2_2/R4_reg_10_	->
  uDTSDI002Top/uAPB_TimerPWM/uPWM2_2/R4_reg_11_	->
  uDTSDI002Top/uAPB_TimerPWM/uPWM2_2/R4_reg_12_	->
  uDTSDI002Top/uAPB_TimerPWM/uPWM2_2/R4_reg_13_	->
  uDTSDI002Top/uAPB_TimerPWM/uPWM2_2/R4_reg_14_	->
  uDTSDI002Top/uAPB_TimerPWM/uPWM2_2/R4_reg_15_	->
  uDTSDI002Top/uAPB_TimerPWM/uPWM2_2/TCAP_Reg_1d_reg_3_	->
  uDTSDI002Top/uAPB_TimerPWM/uPWM2_2/TCAP_Reg_1d_reg_4_	->
  uDTSDI002Top/uAPB_TimerPWM/uPWM2_2/TCAP_Reg_1d_reg_5_	->
  uDTSDI002Top/uAPB_TimerPWM/uPWM2_2/TCAP_Reg_reg_3_	->
  uDTSDI002Top/uAPB_TimerPWM/uPWM2_2/TCAP_Reg_reg_4_	->
  uDTSDI002Top/uAPB_TimerPWM/uPWM2_2/TCAP_Reg_reg_5_	->
  uDTSDI002Top/uAPB_TimerPWM/uPWM2_2/TDX_CapEn_1Pd_reg	->
  uDTSDI002Top/uAPB_TimerPWM/uPWM2_2/TDX_Up_reg	->
  uDTSDI002Top/uAPB_TimerPWM/uPWM2_2/TDx_CapEn_reg	->
  uDTSDI002Top/uAPB_TimerPWM/uPWM2_2/Timer_Cnt_reg_0_	->
  uDTSDI002Top/uAPB_TimerPWM/uPWM2_2/Timer_Cnt_reg_1_	->
  uDTSDI002Top/uAPB_TimerPWM/uPWM2_2/Timer_Cnt_reg_2_	->
  uDTSDI002Top/uAPB_TimerPWM/uPWM2_2/Timer_Cnt_reg_3_	->
  uDTSDI002Top/uAPB_TimerPWM/uPWM2_2/Timer_Cnt_reg_4_	->
  uDTSDI002Top/uAPB_TimerPWM/uPWM2_2/Timer_Cnt_reg_5_	->
  uDTSDI002Top/uAPB_TimerPWM/uPWM2_2/Timer_Cnt_reg_6_	->
  uDTSDI002Top/uAPB_TimerPWM/uPWM2_2/Timer_Cnt_reg_7_	->
  uDTSDI002Top/uAPB_TimerPWM/uPWM2_2/Timer_Cnt_reg_8_	->
  uDTSDI002Top/uAPB_TimerPWM/uPWM2_2/Timer_Cnt_reg_9_	->
  uDTSDI002Top/uAPB_TimerPWM/uPWM2_2/Timer_Cnt_reg_10_	->
  uDTSDI002Top/uAPB_TimerPWM/uPWM2_2/Timer_Cnt_reg_11_	->
  uDTSDI002Top/uAPB_TimerPWM/uPWM2_2/Timer_Cnt_reg_12_	->
  uDTSDI002Top/uAPB_TimerPWM/uPWM2_2/Timer_Cnt_reg_13_	->
  uDTSDI002Top/uAPB_TimerPWM/uPWM2_2/Timer_Cnt_reg_14_	->
  uDTSDI002Top/uAPB_TimerPWM/uPWM2_2/Timer_Cnt_reg_15_	->
  uDTSDI002Top/uAPB_TimerPWM/uPWM2_2/Timer_Match_Set_reg	->
  uDTSDI002Top/uAPB_TimerPWM/uPWM2_2/Timer_Out_reg	->
  uDTSDI002Top/uAPB_TimerPWM/uPWM2_2/Timers_OverFlow_reg	->
  uDTSDI002Top/uAPB_TimerPWM/uPWM2_2/iPRDATA_reg_0_	->
  uDTSDI002Top/uAPB_TimerPWM/uPWM2_2/iPRDATA_reg_1_	->
  uDTSDI002Top/uAPB_TimerPWM/uPWM2_2/iPRDATA_reg_2_	->
  uDTSDI002Top/uAPB_TimerPWM/uPWM2_2/iPRDATA_reg_3_	->
  uDTSDI002Top/uAPB_TimerPWM/uPWM2_2/iPRDATA_reg_4_	->
  uDTSDI002Top/uAPB_TimerPWM/uPWM2_2/iPRDATA_reg_5_	->
  uDTSDI002Top/uAPB_TimerPWM/uPWM2_2/iPRDATA_reg_6_	->
  uDTSDI002Top/uAPB_TimerPWM/uPWM2_2/iPRDATA_reg_7_	->
  uDTSDI002Top/uAPB_TimerPWM/uPWM2_2/iPRDATA_reg_8_	->
  uDTSDI002Top/uAPB_TimerPWM/uPWM2_2/iPRDATA_reg_9_	->
  uDTSDI002Top/uAPB_TimerPWM/uPWM2_2/iPRDATA_reg_10_	->
  uDTSDI002Top/uAPB_TimerPWM/uPWM2_2/iPRDATA_reg_11_	->
  uDTSDI002Top/uAPB_TimerPWM/uPWM2_2/iPRDATA_reg_12_	->
  uDTSDI002Top/uAPB_TimerPWM/uPWM2_2/iPRDATA_reg_13_	->
  uDTSDI002Top/uAPB_TimerPWM/uPWM2_2/iPRDATA_reg_14_	->
  uDTSDI002Top/uAPB_TimerPWM/uPWM2_2/iPRDATA_reg_15_	->
  uDTSDI002Top/uAPB_TimerPWM/uPWM2_3/FL_CHCLK_reg	->
  uDTSDI002Top/uAPB_TimerPWM/uPWM2_3/OUTCLK_1d_reg	->
  uDTSDI002Top/uAPB_TimerPWM/uPWM2_3/OUTCLK_2d_reg	->
  uDTSDI002Top/uAPB_TimerPWM/uPWM2_3/OUTCLK_3d_reg	->
  uDTSDI002Top/uAPB_TimerPWM/uPWM2_3/OUTCLK_4d_reg	->
  uDTSDI002Top/uAPB_TimerPWM/uPWM2_3/OUTCLK_reg	->
  uDTSDI002Top/uAPB_TimerPWM/uPWM2_3/PWM_Out_reg	->
  uDTSDI002Top/uAPB_TimerPWM/uPWM2_3/Prescale_Cnt_reg_0_	->
  uDTSDI002Top/uAPB_TimerPWM/uPWM2_3/Prescale_Cnt_reg_1_	->
  uDTSDI002Top/uAPB_TimerPWM/uPWM2_3/Prescale_Cnt_reg_2_	->
  uDTSDI002Top/uAPB_TimerPWM/uPWM2_3/Prescale_Cnt_reg_3_	->
  uDTSDI002Top/uAPB_TimerPWM/uPWM2_3/Prescale_Cnt_reg_4_	->
  uDTSDI002Top/uAPB_TimerPWM/uPWM2_3/Prescale_Cnt_reg_5_	->
  uDTSDI002Top/uAPB_TimerPWM/uPWM2_3/Prescale_Cnt_reg_6_	->
  uDTSDI002Top/uAPB_TimerPWM/uPWM2_3/Prescale_Cnt_reg_7_	->
  uDTSDI002Top/uAPB_TimerPWM/uPWM2_3/Prescale_Cnt_reg_8_	->
  uDTSDI002Top/uAPB_TimerPWM/uPWM2_3/Prescale_Cnt_reg_9_	->
  uDTSDI002Top/uAPB_TimerPWM/uPWM2_3/R0_reg_0_	->
  uDTSDI002Top/uAPB_TimerPWM/uPWM2_3/R0_reg_1_	->
  uDTSDI002Top/uAPB_TimerPWM/uPWM2_3/R0_reg_2_	->
  uDTSDI002Top/uAPB_TimerPWM/uPWM2_3/R0_reg_3_	->
  uDTSDI002Top/uAPB_TimerPWM/uPWM2_3/R0_reg_4_	->
  uDTSDI002Top/uAPB_TimerPWM/uPWM2_3/R0_reg_5_	->
  uDTSDI002Top/uAPB_TimerPWM/uPWM2_3/R0_reg_6_	->
  uDTSDI002Top/uAPB_TimerPWM/uPWM2_3/R0_reg_7_	->
  uDTSDI002Top/uAPB_TimerPWM/uPWM2_3/R0_reg_8_	->
  uDTSDI002Top/uAPB_TimerPWM/uPWM2_3/R0_reg_9_	->
  uDTSDI002Top/uAPB_TimerPWM/uPWM2_3/R0_reg_10_	->
  uDTSDI002Top/uAPB_TimerPWM/uPWM2_3/R0_reg_11_	->
  uDTSDI002Top/uAPB_TimerPWM/uPWM2_3/R0_reg_12_	->
  uDTSDI002Top/uAPB_TimerPWM/uPWM2_3/R0_reg_13_	->
  uDTSDI002Top/uAPB_TimerPWM/uPWM2_3/R0_reg_14_	->
  uDTSDI002Top/uAPB_TimerPWM/uPWM2_3/R0_reg_15_	->
  uDTSDI002Top/uAPB_TimerPWM/uPWM2_3/R1_reg_0_	->
  uDTSDI002Top/uAPB_TimerPWM/uPWM2_3/R1_reg_1_	->
  uDTSDI002Top/uAPB_TimerPWM/uPWM2_3/R1_reg_2_	->
  uDTSDI002Top/uAPB_TimerPWM/uPWM2_3/R1_reg_3_	->
  uDTSDI002Top/uAPB_TimerPWM/uPWM2_3/R1_reg_4_	->
  uDTSDI002Top/uAPB_TimerPWM/uPWM2_3/R1_reg_5_	->
  uDTSDI002Top/uAPB_TimerPWM/uPWM2_3/R1_reg_6_	->
  uDTSDI002Top/uAPB_TimerPWM/uPWM2_3/R1_reg_7_	->
  uDTSDI002Top/uAPB_TimerPWM/uPWM2_3/R1_reg_8_	->
  uDTSDI002Top/uAPB_TimerPWM/uPWM2_3/R1_reg_9_	->
  uDTSDI002Top/uAPB_TimerPWM/uPWM2_3/R2_reg_0_	->
  uDTSDI002Top/uAPB_TimerPWM/uPWM2_3/R2_reg_1_	->
  uDTSDI002Top/uAPB_TimerPWM/uPWM2_3/R2_reg_2_	->
  uDTSDI002Top/uAPB_TimerPWM/uPWM2_3/R2_reg_3_	->
  uDTSDI002Top/uAPB_TimerPWM/uPWM2_3/R2_reg_4_	->
  uDTSDI002Top/uAPB_TimerPWM/uPWM2_3/R2_reg_5_	->
  uDTSDI002Top/uAPB_TimerPWM/uPWM2_3/R2_reg_6_	->
  uDTSDI002Top/uAPB_TimerPWM/uPWM2_3/R2_reg_7_	->
  uDTSDI002Top/uAPB_TimerPWM/uPWM2_3/R3_reg_0_	->
  uDTSDI002Top/uAPB_TimerPWM/uPWM2_3/R3_reg_1_	->
  uDTSDI002Top/uAPB_TimerPWM/uPWM2_3/R3_reg_2_	->
  uDTSDI002Top/uAPB_TimerPWM/uPWM2_3/R3_reg_3_	->
  uDTSDI002Top/uAPB_TimerPWM/uPWM2_3/R3_reg_4_	->
  uDTSDI002Top/uAPB_TimerPWM/uPWM2_3/R3_reg_5_	->
  uDTSDI002Top/uAPB_TimerPWM/uPWM2_3/R3_reg_6_	->
  uDTSDI002Top/uAPB_TimerPWM/uPWM2_3/R3_reg_7_	->
  uDTSDI002Top/uAPB_TimerPWM/uPWM2_3/R3_reg_8_	->
  uDTSDI002Top/uAPB_TimerPWM/uPWM2_3/R3_reg_9_	->
  uDTSDI002Top/uAPB_TimerPWM/uPWM2_3/R3_reg_10_	->
  uDTSDI002Top/uAPB_TimerPWM/uPWM2_3/R3_reg_11_	->
  uDTSDI002Top/uAPB_TimerPWM/uPWM2_3/R3_reg_12_	->
  uDTSDI002Top/uAPB_TimerPWM/uPWM2_3/R3_reg_13_	->
  uDTSDI002Top/uAPB_TimerPWM/uPWM2_3/R3_reg_14_	->
  uDTSDI002Top/uAPB_TimerPWM/uPWM2_3/R3_reg_15_	->
  uDTSDI002Top/uAPB_TimerPWM/uPWM2_3/R4_reg_0_	->
  uDTSDI002Top/uAPB_TimerPWM/uPWM2_3/R4_reg_1_	->
  uDTSDI002Top/uAPB_TimerPWM/uPWM2_3/R4_reg_2_	->
  uDTSDI002Top/uAPB_TimerPWM/uPWM2_3/R4_reg_3_	->
  uDTSDI002Top/uAPB_TimerPWM/uPWM2_3/R4_reg_4_	->
  uDTSDI002Top/uAPB_TimerPWM/uPWM2_3/R4_reg_5_	->
  uDTSDI002Top/uAPB_TimerPWM/uPWM2_3/R4_reg_6_	->
  uDTSDI002Top/uAPB_TimerPWM/uPWM2_3/R4_reg_7_	->
  uDTSDI002Top/uAPB_TimerPWM/uPWM2_3/R4_reg_8_	->
  uDTSDI002Top/uAPB_TimerPWM/uPWM2_3/R4_reg_9_	->
  uDTSDI002Top/uAPB_TimerPWM/uPWM2_3/R4_reg_10_	->
  uDTSDI002Top/uAPB_TimerPWM/uPWM2_3/R4_reg_11_	->
  uDTSDI002Top/uAPB_TimerPWM/uPWM2_3/R4_reg_12_	->
  uDTSDI002Top/uAPB_TimerPWM/uPWM2_3/R4_reg_13_	->
  uDTSDI002Top/uAPB_TimerPWM/uPWM2_3/R4_reg_14_	->
  uDTSDI002Top/uAPB_TimerPWM/uPWM2_3/R4_reg_15_	->
  uDTSDI002Top/uAPB_TimerPWM/uPWM2_3/TCAP_Reg_1d_reg_3_	->
  uDTSDI002Top/uAPB_TimerPWM/uPWM2_3/TCAP_Reg_1d_reg_4_	->
  uDTSDI002Top/uAPB_TimerPWM/uPWM2_3/TCAP_Reg_1d_reg_5_	->
  uDTSDI002Top/uAPB_TimerPWM/uPWM2_3/TCAP_Reg_reg_3_	->
  uDTSDI002Top/uAPB_TimerPWM/uPWM2_3/TCAP_Reg_reg_4_	->
  uDTSDI002Top/uAPB_TimerPWM/uPWM2_3/TCAP_Reg_reg_5_	->
  uDTSDI002Top/uAPB_TimerPWM/uPWM2_3/TDX_CapEn_1Pd_reg	->
  uDTSDI002Top/uAPB_TimerPWM/uPWM2_3/TDX_Up_reg	->
  uDTSDI002Top/uAPB_TimerPWM/uPWM2_3/TDx_CapEn_reg	->
  uDTSDI002Top/uAPB_TimerPWM/uPWM2_3/Timer_Cnt_reg_0_	->
  uDTSDI002Top/uAPB_TimerPWM/uPWM2_3/Timer_Cnt_reg_1_	->
  uDTSDI002Top/uAPB_TimerPWM/uPWM2_3/Timer_Cnt_reg_2_	->
  uDTSDI002Top/uAPB_TimerPWM/uPWM2_3/Timer_Cnt_reg_3_	->
  uDTSDI002Top/uAPB_TimerPWM/uPWM2_3/Timer_Cnt_reg_4_	->
  uDTSDI002Top/uAPB_TimerPWM/uPWM2_3/Timer_Cnt_reg_5_	->
  uDTSDI002Top/uAPB_TimerPWM/uPWM2_3/Timer_Cnt_reg_6_	->
  uDTSDI002Top/uAPB_TimerPWM/uPWM2_3/Timer_Cnt_reg_7_	->
  uDTSDI002Top/uAPB_TimerPWM/uPWM2_3/Timer_Cnt_reg_8_	->
  uDTSDI002Top/uAPB_TimerPWM/uPWM2_3/Timer_Cnt_reg_9_	->
  uDTSDI002Top/uAPB_TimerPWM/uPWM2_3/Timer_Cnt_reg_10_	->
  uDTSDI002Top/uAPB_TimerPWM/uPWM2_3/Timer_Cnt_reg_11_	->
  uDTSDI002Top/uAPB_TimerPWM/uPWM2_3/Timer_Cnt_reg_12_	->
  uDTSDI002Top/uAPB_TimerPWM/uPWM2_3/Timer_Cnt_reg_13_	->
  uDTSDI002Top/uAPB_TimerPWM/uPWM2_3/Timer_Cnt_reg_14_	->
  uDTSDI002Top/uAPB_TimerPWM/uPWM2_3/Timer_Cnt_reg_15_	->
  uDTSDI002Top/uAPB_TimerPWM/uPWM2_3/Timer_Match_Set_reg	->
  uDTSDI002Top/uAPB_TimerPWM/uPWM2_3/Timer_Out_reg	->
  uDTSDI002Top/uAPB_TimerPWM/uPWM2_3/Timers_OverFlow_reg	->
  uDTSDI002Top/uAPB_TimerPWM/uPWM2_3/iPRDATA_reg_0_	->
  uDTSDI002Top/uAPB_TimerPWM/uPWM2_3/iPRDATA_reg_1_	->
  uDTSDI002Top/uAPB_TimerPWM/uPWM2_3/iPRDATA_reg_2_	->
  uDTSDI002Top/uAPB_TimerPWM/uPWM2_3/iPRDATA_reg_3_	->
  uDTSDI002Top/uAPB_TimerPWM/uPWM2_3/iPRDATA_reg_4_	->
  uDTSDI002Top/uAPB_TimerPWM/uPWM2_3/iPRDATA_reg_5_	->
  uDTSDI002Top/uAPB_TimerPWM/uPWM2_3/iPRDATA_reg_6_	->
  uDTSDI002Top/uAPB_TimerPWM/uPWM2_3/iPRDATA_reg_7_	->
  uDTSDI002Top/uAPB_TimerPWM/uPWM2_3/iPRDATA_reg_8_	->
  uDTSDI002Top/uAPB_TimerPWM/uPWM2_3/iPRDATA_reg_9_	->
  uDTSDI002Top/uAPB_TimerPWM/uPWM2_3/iPRDATA_reg_10_	->
  uDTSDI002Top/uAPB_TimerPWM/uPWM2_3/iPRDATA_reg_11_	->
  uDTSDI002Top/uAPB_TimerPWM/uPWM2_3/iPRDATA_reg_12_	->
  uDTSDI002Top/uAPB_TimerPWM/uPWM2_3/iPRDATA_reg_13_	->
  uDTSDI002Top/uAPB_TimerPWM/uPWM2_3/iPRDATA_reg_14_	->
  uDTSDI002Top/uAPB_TimerPWM/uPWM2_3/iPRDATA_reg_15_	->
  uDTSDI002Top/uAPB_TimerPWM/uPWM2_4/FL_CHCLK_reg	->
  uDTSDI002Top/uAPB_TimerPWM/uPWM2_4/OUTCLK_1d_reg	->
  uDTSDI002Top/uAPB_TimerPWM/uPWM2_4/OUTCLK_2d_reg	->
  uDTSDI002Top/uAPB_TimerPWM/uPWM2_4/OUTCLK_3d_reg	->
  uDTSDI002Top/uAPB_TimerPWM/uPWM2_4/OUTCLK_4d_reg	->
  uDTSDI002Top/uAPB_TimerPWM/uPWM2_4/OUTCLK_reg	->
  uDTSDI002Top/uAPB_TimerPWM/uPWM2_4/PWM_Out_reg	->
  uDTSDI002Top/uAPB_TimerPWM/uPWM2_4/Prescale_Cnt_reg_0_	->
  uDTSDI002Top/uAPB_TimerPWM/uPWM2_4/Prescale_Cnt_reg_1_	->
  uDTSDI002Top/uAPB_TimerPWM/uPWM2_4/Prescale_Cnt_reg_2_	->
  uDTSDI002Top/uAPB_TimerPWM/uPWM2_4/Prescale_Cnt_reg_3_	->
  uDTSDI002Top/uAPB_TimerPWM/uPWM2_4/Prescale_Cnt_reg_4_	->
  uDTSDI002Top/uAPB_TimerPWM/uPWM2_4/Prescale_Cnt_reg_5_	->
  uDTSDI002Top/uAPB_TimerPWM/uPWM2_4/Prescale_Cnt_reg_6_	->
  uDTSDI002Top/uAPB_TimerPWM/uPWM2_4/Prescale_Cnt_reg_7_	->
  uDTSDI002Top/uAPB_TimerPWM/uPWM2_4/Prescale_Cnt_reg_8_	->
  uDTSDI002Top/uAPB_TimerPWM/uPWM2_4/Prescale_Cnt_reg_9_	->
  uDTSDI002Top/uAPB_TimerPWM/uPWM2_4/R0_reg_0_	->
  uDTSDI002Top/uAPB_TimerPWM/uPWM2_4/R0_reg_1_	->
  uDTSDI002Top/uAPB_TimerPWM/uPWM2_4/R0_reg_2_	->
  uDTSDI002Top/uAPB_TimerPWM/uPWM2_4/R0_reg_3_	->
  uDTSDI002Top/uAPB_TimerPWM/uPWM2_4/R0_reg_4_	->
  uDTSDI002Top/uAPB_TimerPWM/uPWM2_4/R0_reg_5_	->
  uDTSDI002Top/uAPB_TimerPWM/uPWM2_4/R0_reg_6_	->
  uDTSDI002Top/uAPB_TimerPWM/uPWM2_4/R0_reg_7_	->
  uDTSDI002Top/uAPB_TimerPWM/uPWM2_4/R0_reg_8_	->
  uDTSDI002Top/uAPB_TimerPWM/uPWM2_4/R0_reg_9_	->
  uDTSDI002Top/uAPB_TimerPWM/uPWM2_4/R0_reg_10_	->
  uDTSDI002Top/uAPB_TimerPWM/uPWM2_4/R0_reg_11_	->
  uDTSDI002Top/uAPB_TimerPWM/uPWM2_4/R0_reg_12_	->
  uDTSDI002Top/uAPB_TimerPWM/uPWM2_4/R0_reg_13_	->
  uDTSDI002Top/uAPB_TimerPWM/uPWM2_4/R0_reg_14_	->
  uDTSDI002Top/uAPB_TimerPWM/uPWM2_4/R0_reg_15_	->
  uDTSDI002Top/uAPB_TimerPWM/uPWM2_4/R1_reg_0_	->
  uDTSDI002Top/uAPB_TimerPWM/uPWM2_4/R1_reg_1_	->
  uDTSDI002Top/uAPB_TimerPWM/uPWM2_4/R1_reg_2_	->
  uDTSDI002Top/uAPB_TimerPWM/uPWM2_4/R1_reg_3_	->
  uDTSDI002Top/uAPB_TimerPWM/uPWM2_4/R1_reg_4_	->
  uDTSDI002Top/uAPB_TimerPWM/uPWM2_4/R1_reg_5_	->
  uDTSDI002Top/uAPB_TimerPWM/uPWM2_4/R1_reg_6_	->
  uDTSDI002Top/uAPB_TimerPWM/uPWM2_4/R1_reg_7_	->
  uDTSDI002Top/uAPB_TimerPWM/uPWM2_4/R1_reg_8_	->
  uDTSDI002Top/uAPB_TimerPWM/uPWM2_4/R1_reg_9_	->
  uDTSDI002Top/uAPB_TimerPWM/uPWM2_4/R2_reg_0_	->
  uDTSDI002Top/uAPB_TimerPWM/uPWM2_4/R2_reg_1_	->
  uDTSDI002Top/uAPB_TimerPWM/uPWM2_4/R2_reg_2_	->
  uDTSDI002Top/uAPB_TimerPWM/uPWM2_4/R2_reg_3_	->
  uDTSDI002Top/uAPB_TimerPWM/uPWM2_4/R2_reg_4_	->
  uDTSDI002Top/uAPB_TimerPWM/uPWM2_4/R2_reg_5_	->
  uDTSDI002Top/uAPB_TimerPWM/uPWM2_4/R2_reg_6_	->
  uDTSDI002Top/uAPB_TimerPWM/uPWM2_4/R2_reg_7_	->
  uDTSDI002Top/uAPB_TimerPWM/uPWM2_4/R3_reg_0_	->
  uDTSDI002Top/uAPB_TimerPWM/uPWM2_4/R3_reg_1_	->
  uDTSDI002Top/uAPB_TimerPWM/uPWM2_4/R3_reg_2_	->
  uDTSDI002Top/uAPB_TimerPWM/uPWM2_4/R3_reg_3_	->
  uDTSDI002Top/uAPB_TimerPWM/uPWM2_4/R3_reg_4_	->
  uDTSDI002Top/uAPB_TimerPWM/uPWM2_4/R3_reg_5_	->
  uDTSDI002Top/uAPB_TimerPWM/uPWM2_4/R3_reg_6_	->
  uDTSDI002Top/uAPB_TimerPWM/uPWM2_4/R3_reg_7_	->
  uDTSDI002Top/uAPB_TimerPWM/uPWM2_4/R3_reg_8_	->
  uDTSDI002Top/uAPB_TimerPWM/uPWM2_4/R3_reg_9_	->
  uDTSDI002Top/uAPB_TimerPWM/uPWM2_4/R3_reg_10_	->
  uDTSDI002Top/uAPB_TimerPWM/uPWM2_4/R3_reg_11_	->
  uDTSDI002Top/uAPB_TimerPWM/uPWM2_4/R3_reg_12_	->
  uDTSDI002Top/uAPB_TimerPWM/uPWM2_4/R3_reg_13_	->
  uDTSDI002Top/uAPB_TimerPWM/uPWM2_4/R3_reg_14_	->
  uDTSDI002Top/uAPB_TimerPWM/uPWM2_4/R3_reg_15_	->
  uDTSDI002Top/uAPB_TimerPWM/uPWM2_4/R4_reg_0_	->
  uDTSDI002Top/uAPB_TimerPWM/uPWM2_4/R4_reg_1_	->
  uDTSDI002Top/uAPB_TimerPWM/uPWM2_4/R4_reg_2_	->
  uDTSDI002Top/uAPB_TimerPWM/uPWM2_4/R4_reg_3_	->
  uDTSDI002Top/uAPB_TimerPWM/uPWM2_4/R4_reg_4_	->
  uDTSDI002Top/uAPB_TimerPWM/uPWM2_4/R4_reg_5_	->
  uDTSDI002Top/uAPB_TimerPWM/uPWM2_4/R4_reg_6_	->
  uDTSDI002Top/uAPB_TimerPWM/uPWM2_4/R4_reg_7_	->
  uDTSDI002Top/uAPB_TimerPWM/uPWM2_4/R4_reg_8_	->
  uDTSDI002Top/uAPB_TimerPWM/uPWM2_4/R4_reg_9_	->
  uDTSDI002Top/uAPB_TimerPWM/uPWM2_4/R4_reg_10_	->
  uDTSDI002Top/uAPB_TimerPWM/uPWM2_4/R4_reg_11_	->
  uDTSDI002Top/uAPB_TimerPWM/uPWM2_4/R4_reg_12_	->
  uDTSDI002Top/uAPB_TimerPWM/uPWM2_4/R4_reg_13_	->
  uDTSDI002Top/uAPB_TimerPWM/uPWM2_4/R4_reg_14_	->
  uDTSDI002Top/uAPB_TimerPWM/uPWM2_4/R4_reg_15_	->
  uDTSDI002Top/uAPB_TimerPWM/uPWM2_4/TCAP_Reg_1d_reg_3_	->
  uDTSDI002Top/uAPB_TimerPWM/uPWM2_4/TCAP_Reg_1d_reg_4_	->
  uDTSDI002Top/uAPB_TimerPWM/uPWM2_4/TCAP_Reg_1d_reg_5_	->
  uDTSDI002Top/uAPB_TimerPWM/uPWM2_4/TCAP_Reg_reg_3_	->
  uDTSDI002Top/uAPB_TimerPWM/uPWM2_4/TCAP_Reg_reg_4_	->
  uDTSDI002Top/uAPB_TimerPWM/uPWM2_4/TCAP_Reg_reg_5_	->
  uDTSDI002Top/uAPB_TimerPWM/uPWM2_4/TDX_CapEn_1Pd_reg	->
  uDTSDI002Top/uAPB_TimerPWM/uPWM2_4/TDX_Up_reg	->
  uDTSDI002Top/uAPB_TimerPWM/uPWM2_4/TDx_CapEn_reg	->
  uDTSDI002Top/uAPB_TimerPWM/uPWM2_4/Timer_Cnt_reg_0_	->
  uDTSDI002Top/uAPB_TimerPWM/uPWM2_4/Timer_Cnt_reg_1_	->
  uDTSDI002Top/uAPB_TimerPWM/uPWM2_4/Timer_Cnt_reg_2_	->
  uDTSDI002Top/uAPB_TimerPWM/uPWM2_4/Timer_Cnt_reg_3_	->
  uDTSDI002Top/uAPB_TimerPWM/uPWM2_4/Timer_Cnt_reg_4_	->
  uDTSDI002Top/uAPB_TimerPWM/uPWM2_4/Timer_Cnt_reg_5_	->
  uDTSDI002Top/uAPB_TimerPWM/uPWM2_4/Timer_Cnt_reg_6_	->
  uDTSDI002Top/uAPB_TimerPWM/uPWM2_4/Timer_Cnt_reg_7_	->
  uDTSDI002Top/uAPB_TimerPWM/uPWM2_4/Timer_Cnt_reg_8_	->
  uDTSDI002Top/uAPB_TimerPWM/uPWM2_4/Timer_Cnt_reg_9_	->
  uDTSDI002Top/uAPB_TimerPWM/uPWM2_4/Timer_Cnt_reg_10_	->
  uDTSDI002Top/uAPB_TimerPWM/uPWM2_4/Timer_Cnt_reg_11_	->
  uDTSDI002Top/uAPB_TimerPWM/uPWM2_4/Timer_Cnt_reg_12_	->
  uDTSDI002Top/uAPB_TimerPWM/uPWM2_4/Timer_Cnt_reg_13_	->
  uDTSDI002Top/uAPB_TimerPWM/uPWM2_4/Timer_Cnt_reg_14_	->
  uDTSDI002Top/uAPB_TimerPWM/uPWM2_4/Timer_Cnt_reg_15_	->
  uDTSDI002Top/uAPB_TimerPWM/uPWM2_4/Timer_Match_Set_reg	->
  uDTSDI002Top/uAPB_TimerPWM/uPWM2_4/Timer_Out_reg	->
  uDTSDI002Top/uAPB_TimerPWM/uPWM2_4/Timers_OverFlow_reg	->
  uDTSDI002Top/uAPB_TimerPWM/uPWM2_4/iPRDATA_reg_0_	->
  uDTSDI002Top/uAPB_TimerPWM/uPWM2_4/iPRDATA_reg_1_	->
  uDTSDI002Top/uAPB_TimerPWM/uPWM2_4/iPRDATA_reg_2_	->
  uDTSDI002Top/uAPB_TimerPWM/uPWM2_4/iPRDATA_reg_3_	->
  uDTSDI002Top/uAPB_TimerPWM/uPWM2_4/iPRDATA_reg_4_	->
  uDTSDI002Top/uAPB_TimerPWM/uPWM2_4/iPRDATA_reg_5_	->
  uDTSDI002Top/uAPB_TimerPWM/uPWM2_4/iPRDATA_reg_6_	->
  uDTSDI002Top/uAPB_TimerPWM/uPWM2_4/iPRDATA_reg_7_	->
  uDTSDI002Top/uAPB_TimerPWM/uPWM2_4/iPRDATA_reg_8_	->
  uDTSDI002Top/uAPB_TimerPWM/uPWM2_4/iPRDATA_reg_9_	->
  uDTSDI002Top/uAPB_TimerPWM/uPWM2_4/iPRDATA_reg_10_	->
  uDTSDI002Top/uAPB_TimerPWM/uPWM2_4/iPRDATA_reg_11_	->
  uDTSDI002Top/uAPB_TimerPWM/uPWM2_4/iPRDATA_reg_12_	->
  uDTSDI002Top/uAPB_TimerPWM/uPWM2_4/iPRDATA_reg_13_	->
  uDTSDI002Top/uAPB_TimerPWM/uPWM2_4/iPRDATA_reg_14_	->
  uDTSDI002Top/uAPB_TimerPWM/uPWM2_4/iPRDATA_reg_15_	->
  uDTSDI002Top/uAPB_TimerPWM/uPWM2_5/FL_CHCLK_reg	->
  uDTSDI002Top/uAPB_TimerPWM/uPWM2_5/OUTCLK_1d_reg	->
  uDTSDI002Top/uAPB_TimerPWM/uPWM2_5/OUTCLK_2d_reg	->
  uDTSDI002Top/uAPB_TimerPWM/uPWM2_5/OUTCLK_3d_reg	->
  uDTSDI002Top/uAPB_TimerPWM/uPWM2_5/OUTCLK_4d_reg	->
  uDTSDI002Top/uAPB_TimerPWM/uPWM2_5/OUTCLK_reg	->
  uDTSDI002Top/uAPB_TimerPWM/uPWM2_5/PWM_Out_reg	->
  uDTSDI002Top/uAPB_TimerPWM/uPWM2_5/Prescale_Cnt_reg_0_	->
  uDTSDI002Top/uAPB_TimerPWM/uPWM2_5/Prescale_Cnt_reg_1_	->
  uDTSDI002Top/uAPB_TimerPWM/uPWM2_5/Prescale_Cnt_reg_2_	->
  uDTSDI002Top/uAPB_TimerPWM/uPWM2_5/Prescale_Cnt_reg_3_	->
  uDTSDI002Top/uAPB_TimerPWM/uPWM2_5/Prescale_Cnt_reg_4_	->
  uDTSDI002Top/uAPB_TimerPWM/uPWM2_5/Prescale_Cnt_reg_5_	->
  uDTSDI002Top/uAPB_TimerPWM/uPWM2_5/Prescale_Cnt_reg_6_	->
  uDTSDI002Top/uAPB_TimerPWM/uPWM2_5/Prescale_Cnt_reg_7_	->
  uDTSDI002Top/uAPB_TimerPWM/uPWM2_5/Prescale_Cnt_reg_8_	->
  uDTSDI002Top/uAPB_TimerPWM/uPWM2_5/Prescale_Cnt_reg_9_	->
  uDTSDI002Top/uAPB_TimerPWM/uPWM2_5/R0_reg_0_	->
  uDTSDI002Top/uAPB_TimerPWM/uPWM2_5/R0_reg_1_	->
  uDTSDI002Top/uAPB_TimerPWM/uPWM2_5/R0_reg_2_	->
  uDTSDI002Top/uAPB_TimerPWM/uPWM2_5/R0_reg_3_	->
  uDTSDI002Top/uAPB_TimerPWM/uPWM2_5/R0_reg_4_	->
  uDTSDI002Top/uAPB_TimerPWM/uPWM2_5/R0_reg_5_	->
  uDTSDI002Top/uAPB_TimerPWM/uPWM2_5/R0_reg_6_	->
  uDTSDI002Top/uAPB_TimerPWM/uPWM2_5/R0_reg_7_	->
  uDTSDI002Top/uAPB_TimerPWM/uPWM2_5/R0_reg_8_	->
  uDTSDI002Top/uAPB_TimerPWM/uPWM2_5/R0_reg_9_	->
  uDTSDI002Top/uAPB_TimerPWM/uPWM2_5/R0_reg_10_	->
  uDTSDI002Top/uAPB_TimerPWM/uPWM2_5/R0_reg_11_	->
  uDTSDI002Top/uAPB_TimerPWM/uPWM2_5/R0_reg_12_	->
  uDTSDI002Top/uAPB_TimerPWM/uPWM2_5/R0_reg_13_	->
  uDTSDI002Top/uAPB_TimerPWM/uPWM2_5/R0_reg_14_	->
  uDTSDI002Top/uAPB_TimerPWM/uPWM2_5/R0_reg_15_	->
  uDTSDI002Top/uAPB_TimerPWM/uPWM2_5/R1_reg_0_	->
  uDTSDI002Top/uAPB_TimerPWM/uPWM2_5/R1_reg_1_	->
  uDTSDI002Top/uAPB_TimerPWM/uPWM2_5/R1_reg_2_	->
  uDTSDI002Top/uAPB_TimerPWM/uPWM2_5/R1_reg_3_	->
  uDTSDI002Top/uAPB_TimerPWM/uPWM2_5/R1_reg_4_	->
  uDTSDI002Top/uAPB_TimerPWM/uPWM2_5/R1_reg_5_	->
  uDTSDI002Top/uAPB_TimerPWM/uPWM2_5/R1_reg_6_	->
  uDTSDI002Top/uAPB_TimerPWM/uPWM2_5/R1_reg_7_	->
  uDTSDI002Top/uAPB_TimerPWM/uPWM2_5/R1_reg_8_	->
  uDTSDI002Top/uAPB_TimerPWM/uPWM2_5/R1_reg_9_	->
  uDTSDI002Top/uAPB_TimerPWM/uPWM2_5/R2_reg_0_	->
  uDTSDI002Top/uAPB_TimerPWM/uPWM2_5/R2_reg_1_	->
  uDTSDI002Top/uAPB_TimerPWM/uPWM2_5/R2_reg_2_	->
  uDTSDI002Top/uAPB_TimerPWM/uPWM2_5/R2_reg_3_	->
  uDTSDI002Top/uAPB_TimerPWM/uPWM2_5/R2_reg_4_	->
  uDTSDI002Top/uAPB_TimerPWM/uPWM2_5/R2_reg_5_	->
  uDTSDI002Top/uAPB_TimerPWM/uPWM2_5/R2_reg_6_	->
  uDTSDI002Top/uAPB_TimerPWM/uPWM2_5/R2_reg_7_	->
  uDTSDI002Top/uAPB_TimerPWM/uPWM2_5/R3_reg_0_	->
  uDTSDI002Top/uAPB_TimerPWM/uPWM2_5/R3_reg_1_	->
  uDTSDI002Top/uAPB_TimerPWM/uPWM2_5/R3_reg_2_	->
  uDTSDI002Top/uAPB_TimerPWM/uPWM2_5/R3_reg_3_	->
  uDTSDI002Top/uAPB_TimerPWM/uPWM2_5/R3_reg_4_	->
  uDTSDI002Top/uAPB_TimerPWM/uPWM2_5/R3_reg_5_	->
  uDTSDI002Top/uAPB_TimerPWM/uPWM2_5/R3_reg_6_	->
  uDTSDI002Top/uAPB_TimerPWM/uPWM2_5/R3_reg_7_	->
  uDTSDI002Top/uAPB_TimerPWM/uPWM2_5/R3_reg_8_	->
  uDTSDI002Top/uAPB_TimerPWM/uPWM2_5/R3_reg_9_	->
  uDTSDI002Top/uAPB_TimerPWM/uPWM2_5/R3_reg_10_	->
  uDTSDI002Top/uAPB_TimerPWM/uPWM2_5/R3_reg_11_	->
  uDTSDI002Top/uAPB_TimerPWM/uPWM2_5/R3_reg_12_	->
  uDTSDI002Top/uAPB_TimerPWM/uPWM2_5/R3_reg_13_	->
  uDTSDI002Top/uAPB_TimerPWM/uPWM2_5/R3_reg_14_	->
  uDTSDI002Top/uAPB_TimerPWM/uPWM2_5/R3_reg_15_	->
  uDTSDI002Top/uAPB_TimerPWM/uPWM2_5/R4_reg_0_	->
  uDTSDI002Top/uAPB_TimerPWM/uPWM2_5/R4_reg_1_	->
  uDTSDI002Top/uAPB_TimerPWM/uPWM2_5/R4_reg_2_	->
  uDTSDI002Top/uAPB_TimerPWM/uPWM2_5/R4_reg_3_	->
  uDTSDI002Top/uAPB_TimerPWM/uPWM2_5/R4_reg_4_	->
  uDTSDI002Top/uAPB_TimerPWM/uPWM2_5/R4_reg_5_	->
  uDTSDI002Top/uAPB_TimerPWM/uPWM2_5/R4_reg_6_	->
  uDTSDI002Top/uAPB_TimerPWM/uPWM2_5/R4_reg_7_	->
  uDTSDI002Top/uAPB_TimerPWM/uPWM2_5/R4_reg_8_	->
  uDTSDI002Top/uAPB_TimerPWM/uPWM2_5/R4_reg_9_	->
  uDTSDI002Top/uAPB_TimerPWM/uPWM2_5/R4_reg_10_	->
  uDTSDI002Top/uAPB_TimerPWM/uPWM2_5/R4_reg_11_	->
  uDTSDI002Top/uAPB_TimerPWM/uPWM2_5/R4_reg_12_	->
  uDTSDI002Top/uAPB_TimerPWM/uPWM2_5/R4_reg_13_	->
  uDTSDI002Top/uAPB_TimerPWM/uPWM2_5/R4_reg_14_	->
  uDTSDI002Top/uAPB_TimerPWM/uPWM2_5/R4_reg_15_	->
  uDTSDI002Top/uAPB_TimerPWM/uPWM2_5/TCAP_Reg_1d_reg_3_	->
  uDTSDI002Top/uAPB_TimerPWM/uPWM2_5/TCAP_Reg_1d_reg_4_	->
  uDTSDI002Top/uAPB_TimerPWM/uPWM2_5/TCAP_Reg_1d_reg_5_	->
  uDTSDI002Top/uAPB_TimerPWM/uPWM2_5/TCAP_Reg_reg_3_	->
  uDTSDI002Top/uAPB_TimerPWM/uPWM2_5/TCAP_Reg_reg_4_	->
  uDTSDI002Top/uAPB_TimerPWM/uPWM2_5/TCAP_Reg_reg_5_	->
  uDTSDI002Top/uAPB_TimerPWM/uPWM2_5/TDX_CapEn_1Pd_reg	->
  uDTSDI002Top/uAPB_TimerPWM/uPWM2_5/TDX_Up_reg	->
  uDTSDI002Top/uAPB_TimerPWM/uPWM2_5/TDx_CapEn_reg	->
  uDTSDI002Top/uAPB_TimerPWM/uPWM2_5/Timer_Cnt_reg_0_	->
  uDTSDI002Top/uAPB_TimerPWM/uPWM2_5/Timer_Cnt_reg_1_	->
  uDTSDI002Top/uAPB_TimerPWM/uPWM2_5/Timer_Cnt_reg_2_	->
  uDTSDI002Top/uAPB_TimerPWM/uPWM2_5/Timer_Cnt_reg_3_	->
  uDTSDI002Top/uAPB_TimerPWM/uPWM2_5/Timer_Cnt_reg_4_	->
  uDTSDI002Top/uAPB_TimerPWM/uPWM2_5/Timer_Cnt_reg_5_	->
  uDTSDI002Top/uAPB_TimerPWM/uPWM2_5/Timer_Cnt_reg_6_	->
  uDTSDI002Top/uAPB_TimerPWM/uPWM2_5/Timer_Cnt_reg_7_	->
  uDTSDI002Top/uAPB_TimerPWM/uPWM2_5/Timer_Cnt_reg_8_	->
  uDTSDI002Top/uAPB_TimerPWM/uPWM2_5/Timer_Cnt_reg_9_	->
  uDTSDI002Top/uAPB_TimerPWM/uPWM2_5/Timer_Cnt_reg_10_	->
  uDTSDI002Top/uAPB_TimerPWM/uPWM2_5/Timer_Cnt_reg_11_	->
  uDTSDI002Top/uAPB_TimerPWM/uPWM2_5/Timer_Cnt_reg_12_	->
  uDTSDI002Top/uAPB_TimerPWM/uPWM2_5/Timer_Cnt_reg_13_	->
  uDTSDI002Top/uAPB_TimerPWM/uPWM2_5/Timer_Cnt_reg_14_	->
  uDTSDI002Top/uAPB_TimerPWM/uPWM2_5/Timer_Cnt_reg_15_	->
  uDTSDI002Top/uAPB_TimerPWM/uPWM2_5/Timer_Match_Set_reg	->
  uDTSDI002Top/uAPB_TimerPWM/uPWM2_5/Timer_Out_reg	->
  uDTSDI002Top/uAPB_TimerPWM/uPWM2_5/Timers_OverFlow_reg	->
  uDTSDI002Top/uAPB_TimerPWM/uPWM2_5/iPRDATA_reg_0_	->
  uDTSDI002Top/uAPB_TimerPWM/uPWM2_5/iPRDATA_reg_1_	->
  uDTSDI002Top/uAPB_TimerPWM/uPWM2_5/iPRDATA_reg_2_	->
  uDTSDI002Top/uAPB_TimerPWM/uPWM2_5/iPRDATA_reg_3_	->
  uDTSDI002Top/uAPB_TimerPWM/uPWM2_5/iPRDATA_reg_4_	->
  uDTSDI002Top/uAPB_TimerPWM/uPWM2_5/iPRDATA_reg_5_	->
  uDTSDI002Top/uAPB_TimerPWM/uPWM2_5/iPRDATA_reg_6_	->
  uDTSDI002Top/uAPB_TimerPWM/uPWM2_5/iPRDATA_reg_7_	->
  uDTSDI002Top/uAPB_TimerPWM/uPWM2_5/iPRDATA_reg_8_	->
  uDTSDI002Top/uAPB_TimerPWM/uPWM2_5/iPRDATA_reg_9_	->
  uDTSDI002Top/uAPB_TimerPWM/uPWM2_5/iPRDATA_reg_10_	->
  uDTSDI002Top/uAPB_TimerPWM/uPWM2_5/iPRDATA_reg_11_	->
  uDTSDI002Top/uAPB_TimerPWM/uPWM2_5/iPRDATA_reg_12_	->
  uDTSDI002Top/uAPB_TimerPWM/uPWM2_5/iPRDATA_reg_13_	->
  uDTSDI002Top/uAPB_TimerPWM/uPWM2_5/iPRDATA_reg_14_	->
  uDTSDI002Top/uAPB_TimerPWM/uPWM2_5/iPRDATA_reg_15_	->
  uDTSDI002Top/uAPB_TimerPWM/uPWM2_6/FL_CHCLK_reg	->
  uDTSDI002Top/uAPB_TimerPWM/uPWM2_6/OUTCLK_1d_reg	->
  uDTSDI002Top/uAPB_TimerPWM/uPWM2_6/OUTCLK_2d_reg	->
  uDTSDI002Top/uAPB_TimerPWM/uPWM2_6/OUTCLK_3d_reg	->
  uDTSDI002Top/uAPB_TimerPWM/uPWM2_6/OUTCLK_4d_reg	->
  uDTSDI002Top/uAPB_TimerPWM/uPWM2_6/OUTCLK_reg	->
  uDTSDI002Top/uAPB_TimerPWM/uPWM2_6/PWM_Out_reg	->
  uDTSDI002Top/uAPB_TimerPWM/uPWM2_6/Prescale_Cnt_reg_0_	->
  uDTSDI002Top/uAPB_TimerPWM/uPWM2_6/Prescale_Cnt_reg_1_	->
  uDTSDI002Top/uAPB_TimerPWM/uPWM2_6/Prescale_Cnt_reg_2_	->
  uDTSDI002Top/uAPB_TimerPWM/uPWM2_6/Prescale_Cnt_reg_3_	->
  uDTSDI002Top/uAPB_TimerPWM/uPWM2_6/Prescale_Cnt_reg_4_	->
  uDTSDI002Top/uAPB_TimerPWM/uPWM2_6/Prescale_Cnt_reg_5_	->
  uDTSDI002Top/uAPB_TimerPWM/uPWM2_6/Prescale_Cnt_reg_6_	->
  uDTSDI002Top/uAPB_TimerPWM/uPWM2_6/Prescale_Cnt_reg_7_	->
  uDTSDI002Top/uAPB_TimerPWM/uPWM2_6/Prescale_Cnt_reg_8_	->
  uDTSDI002Top/uAPB_TimerPWM/uPWM2_6/Prescale_Cnt_reg_9_	->
  uDTSDI002Top/uAPB_TimerPWM/uPWM2_6/R0_reg_0_	->
  uDTSDI002Top/uAPB_TimerPWM/uPWM2_6/R0_reg_1_	->
  uDTSDI002Top/uAPB_TimerPWM/uPWM2_6/R0_reg_2_	->
  uDTSDI002Top/uAPB_TimerPWM/uPWM2_6/R0_reg_3_	->
  uDTSDI002Top/uAPB_TimerPWM/uPWM2_6/R0_reg_4_	->
  uDTSDI002Top/uAPB_TimerPWM/uPWM2_6/R0_reg_5_	->
  uDTSDI002Top/uAPB_TimerPWM/uPWM2_6/R0_reg_6_	->
  uDTSDI002Top/uAPB_TimerPWM/uPWM2_6/R0_reg_7_	->
  uDTSDI002Top/uAPB_TimerPWM/uPWM2_6/R0_reg_8_	->
  uDTSDI002Top/uAPB_TimerPWM/uPWM2_6/R0_reg_9_	->
  uDTSDI002Top/uAPB_TimerPWM/uPWM2_6/R0_reg_10_	->
  uDTSDI002Top/uAPB_TimerPWM/uPWM2_6/R0_reg_11_	->
  uDTSDI002Top/uAPB_TimerPWM/uPWM2_6/R0_reg_12_	->
  uDTSDI002Top/uAPB_TimerPWM/uPWM2_6/R0_reg_13_	->
  uDTSDI002Top/uAPB_TimerPWM/uPWM2_6/R0_reg_14_	->
  uDTSDI002Top/uAPB_TimerPWM/uPWM2_6/R0_reg_15_	->
  uDTSDI002Top/uAPB_TimerPWM/uPWM2_6/R1_reg_0_	->
  uDTSDI002Top/uAPB_TimerPWM/uPWM2_6/R1_reg_1_	->
  uDTSDI002Top/uAPB_TimerPWM/uPWM2_6/R1_reg_2_	->
  uDTSDI002Top/uAPB_TimerPWM/uPWM2_6/R1_reg_3_	->
  uDTSDI002Top/uAPB_TimerPWM/uPWM2_6/R1_reg_4_	->
  uDTSDI002Top/uAPB_TimerPWM/uPWM2_6/R1_reg_5_	->
  uDTSDI002Top/uAPB_TimerPWM/uPWM2_6/R1_reg_6_	->
  uDTSDI002Top/uAPB_TimerPWM/uPWM2_6/R1_reg_7_	->
  uDTSDI002Top/uAPB_TimerPWM/uPWM2_6/R1_reg_8_	->
  uDTSDI002Top/uAPB_TimerPWM/uPWM2_6/R1_reg_9_	->
  uDTSDI002Top/uAPB_TimerPWM/uPWM2_6/R2_reg_0_	->
  uDTSDI002Top/uAPB_TimerPWM/uPWM2_6/R2_reg_1_	->
  uDTSDI002Top/uAPB_TimerPWM/uPWM2_6/R2_reg_2_	->
  uDTSDI002Top/uAPB_TimerPWM/uPWM2_6/R2_reg_3_	->
  uDTSDI002Top/uAPB_TimerPWM/uPWM2_6/R2_reg_4_	->
  uDTSDI002Top/uAPB_TimerPWM/uPWM2_6/R2_reg_5_	->
  uDTSDI002Top/uAPB_TimerPWM/uPWM2_6/R2_reg_6_	->
  uDTSDI002Top/uAPB_TimerPWM/uPWM2_6/R2_reg_7_	->
  uDTSDI002Top/uAPB_TimerPWM/uPWM2_6/R3_reg_0_	->
  uDTSDI002Top/uAPB_TimerPWM/uPWM2_6/R3_reg_1_	->
  uDTSDI002Top/uAPB_TimerPWM/uPWM2_6/R3_reg_2_	->
  uDTSDI002Top/uAPB_TimerPWM/uPWM2_6/R3_reg_3_	->
  uDTSDI002Top/uAPB_TimerPWM/uPWM2_6/R3_reg_4_	->
  uDTSDI002Top/uAPB_TimerPWM/uPWM2_6/R3_reg_5_	->
  uDTSDI002Top/uAPB_TimerPWM/uPWM2_6/R3_reg_6_	->
  uDTSDI002Top/uAPB_TimerPWM/uPWM2_6/R3_reg_7_	->
  uDTSDI002Top/uAPB_TimerPWM/uPWM2_6/R3_reg_8_	->
  uDTSDI002Top/uAPB_TimerPWM/uPWM2_6/R3_reg_9_	->
  uDTSDI002Top/uAPB_TimerPWM/uPWM2_6/R3_reg_10_	->
  uDTSDI002Top/uAPB_TimerPWM/uPWM2_6/R3_reg_11_	->
  uDTSDI002Top/uAPB_TimerPWM/uPWM2_6/R3_reg_12_	->
  uDTSDI002Top/uAPB_TimerPWM/uPWM2_6/R3_reg_13_	->
  uDTSDI002Top/uAPB_TimerPWM/uPWM2_6/R3_reg_14_	->
  uDTSDI002Top/uAPB_TimerPWM/uPWM2_6/R3_reg_15_	->
  uDTSDI002Top/uAPB_TimerPWM/uPWM2_6/R4_reg_0_	->
  uDTSDI002Top/uAPB_TimerPWM/uPWM2_6/R4_reg_1_	->
  uDTSDI002Top/uAPB_TimerPWM/uPWM2_6/R4_reg_2_	->
  uDTSDI002Top/uAPB_TimerPWM/uPWM2_6/R4_reg_3_	->
  uDTSDI002Top/uAPB_TimerPWM/uPWM2_6/R4_reg_4_	->
  uDTSDI002Top/uAPB_TimerPWM/uPWM2_6/R4_reg_5_	->
  uDTSDI002Top/uAPB_TimerPWM/uPWM2_6/R4_reg_6_	->
  uDTSDI002Top/uAPB_TimerPWM/uPWM2_6/R4_reg_7_	->
  uDTSDI002Top/uAPB_TimerPWM/uPWM2_6/R4_reg_8_	->
  uDTSDI002Top/uAPB_TimerPWM/uPWM2_6/R4_reg_9_	->
  uDTSDI002Top/uAPB_TimerPWM/uPWM2_6/R4_reg_10_	->
  uDTSDI002Top/uAPB_TimerPWM/uPWM2_6/R4_reg_11_	->
  uDTSDI002Top/uAPB_TimerPWM/uPWM2_6/R4_reg_12_	->
  uDTSDI002Top/uAPB_TimerPWM/uPWM2_6/R4_reg_13_	->
  uDTSDI002Top/uAPB_TimerPWM/uPWM2_6/R4_reg_14_	->
  uDTSDI002Top/uAPB_TimerPWM/uPWM2_6/R4_reg_15_	->
  uDTSDI002Top/uAPB_TimerPWM/uPWM2_6/TCAP_Reg_1d_reg_3_	->
  uDTSDI002Top/uAPB_TimerPWM/uPWM2_6/TCAP_Reg_1d_reg_4_	->
  uDTSDI002Top/uAPB_TimerPWM/uPWM2_6/TCAP_Reg_1d_reg_5_	->
  uDTSDI002Top/uAPB_TimerPWM/uPWM2_6/TCAP_Reg_reg_3_	->
  uDTSDI002Top/uAPB_TimerPWM/uPWM2_6/TCAP_Reg_reg_4_	->
  uDTSDI002Top/uAPB_TimerPWM/uPWM2_6/TCAP_Reg_reg_5_	->
  uDTSDI002Top/uAPB_TimerPWM/uPWM2_6/TDX_CapEn_1Pd_reg	->
  uDTSDI002Top/uAPB_TimerPWM/uPWM2_6/TDX_Up_reg	->
  uDTSDI002Top/uAPB_TimerPWM/uPWM2_6/TDx_CapEn_reg	->
  uDTSDI002Top/uAPB_TimerPWM/uPWM2_6/Timer_Cnt_reg_0_	->
  uDTSDI002Top/uAPB_TimerPWM/uPWM2_6/Timer_Cnt_reg_1_	->
  uDTSDI002Top/uAPB_TimerPWM/uPWM2_6/Timer_Cnt_reg_2_	->
  uDTSDI002Top/uAPB_TimerPWM/uPWM2_6/Timer_Cnt_reg_3_	->
  uDTSDI002Top/uAPB_TimerPWM/uPWM2_6/Timer_Cnt_reg_4_	->
  uDTSDI002Top/uAPB_TimerPWM/uPWM2_6/Timer_Cnt_reg_5_	->
  uDTSDI002Top/uAPB_TimerPWM/uPWM2_6/Timer_Cnt_reg_6_	->
  uDTSDI002Top/uAPB_TimerPWM/uPWM2_6/Timer_Cnt_reg_7_	->
  uDTSDI002Top/uAPB_TimerPWM/uPWM2_6/Timer_Cnt_reg_8_	->
  uDTSDI002Top/uAPB_TimerPWM/uPWM2_6/Timer_Cnt_reg_9_	->
  uDTSDI002Top/uAPB_TimerPWM/uPWM2_6/Timer_Cnt_reg_10_	->
  uDTSDI002Top/uAPB_TimerPWM/uPWM2_6/Timer_Cnt_reg_11_	->
  uDTSDI002Top/uAPB_TimerPWM/uPWM2_6/Timer_Cnt_reg_12_	->
  uDTSDI002Top/uAPB_TimerPWM/uPWM2_6/Timer_Cnt_reg_13_	->
  uDTSDI002Top/uAPB_TimerPWM/uPWM2_6/Timer_Cnt_reg_14_	->
  uDTSDI002Top/uAPB_TimerPWM/uPWM2_6/Timer_Cnt_reg_15_	->
  uDTSDI002Top/uAPB_TimerPWM/uPWM2_6/Timer_Match_Set_reg	->
  uDTSDI002Top/uAPB_TimerPWM/uPWM2_6/Timer_Out_reg	->
  uDTSDI002Top/uAPB_TimerPWM/uPWM2_6/Timers_OverFlow_reg	->
  uDTSDI002Top/uAPB_TimerPWM/uPWM2_6/iPRDATA_reg_0_	->
  uDTSDI002Top/uAPB_TimerPWM/uPWM2_6/iPRDATA_reg_1_	->
  uDTSDI002Top/uAPB_TimerPWM/uPWM2_6/iPRDATA_reg_2_	->
  uDTSDI002Top/uAPB_TimerPWM/uPWM2_6/iPRDATA_reg_3_	->
  uDTSDI002Top/uAPB_TimerPWM/uPWM2_6/iPRDATA_reg_4_	->
  uDTSDI002Top/uAPB_TimerPWM/uPWM2_6/iPRDATA_reg_5_	->
  uDTSDI002Top/uAPB_TimerPWM/uPWM2_6/iPRDATA_reg_6_	->
  uDTSDI002Top/uAPB_TimerPWM/uPWM2_6/iPRDATA_reg_7_	->
  uDTSDI002Top/uAPB_TimerPWM/uPWM2_6/iPRDATA_reg_8_	->
  uDTSDI002Top/uAPB_TimerPWM/uPWM2_6/iPRDATA_reg_9_	->
  uDTSDI002Top/uAPB_TimerPWM/uPWM2_6/iPRDATA_reg_10_	->
  uDTSDI002Top/uAPB_TimerPWM/uPWM2_6/iPRDATA_reg_11_	->
  uDTSDI002Top/uAPB_TimerPWM/uPWM2_6/iPRDATA_reg_12_	->
  uDTSDI002Top/uAPB_TimerPWM/uPWM2_6/iPRDATA_reg_13_	->
  uDTSDI002Top/uAPB_TimerPWM/uPWM2_6/iPRDATA_reg_14_	->
  uDTSDI002Top/uAPB_TimerPWM/uPWM2_6/iPRDATA_reg_15_	->
  uDTSDI002Top/uAPB_TimerPWM/uPWM2_7/FL_CHCLK_reg	->
  uDTSDI002Top/uAPB_TimerPWM/uPWM2_7/OUTCLK_1d_reg	->
  uDTSDI002Top/uAPB_TimerPWM/uPWM2_7/OUTCLK_2d_reg	->
  uDTSDI002Top/uAPB_TimerPWM/uPWM2_7/OUTCLK_3d_reg	->
  uDTSDI002Top/uAPB_TimerPWM/uPWM2_7/OUTCLK_4d_reg	->
  uDTSDI002Top/uAPB_TimerPWM/uPWM2_7/OUTCLK_reg	->
  uDTSDI002Top/uAPB_TimerPWM/uPWM2_7/PWM_Out_reg	->
  uDTSDI002Top/uAPB_TimerPWM/uPWM2_7/Prescale_Cnt_reg_0_	->
  uDTSDI002Top/uAPB_TimerPWM/uPWM2_7/Prescale_Cnt_reg_1_	->
  uDTSDI002Top/uAPB_TimerPWM/uPWM2_7/Prescale_Cnt_reg_2_	->
  uDTSDI002Top/uAPB_TimerPWM/uPWM2_7/Prescale_Cnt_reg_3_	->
  uDTSDI002Top/uAPB_TimerPWM/uPWM2_7/Prescale_Cnt_reg_4_	->
  uDTSDI002Top/uAPB_TimerPWM/uPWM2_7/Prescale_Cnt_reg_5_	->
  uDTSDI002Top/uAPB_TimerPWM/uPWM2_7/Prescale_Cnt_reg_6_	->
  uDTSDI002Top/uAPB_TimerPWM/uPWM2_7/Prescale_Cnt_reg_7_	->
  uDTSDI002Top/uAPB_TimerPWM/uPWM2_7/Prescale_Cnt_reg_8_	->
  uDTSDI002Top/uAPB_TimerPWM/uPWM2_7/Prescale_Cnt_reg_9_	->
  uDTSDI002Top/uAPB_TimerPWM/uPWM2_7/R0_reg_0_	->
  uDTSDI002Top/uAPB_TimerPWM/uPWM2_7/R0_reg_1_	->
  uDTSDI002Top/uAPB_TimerPWM/uPWM2_7/R0_reg_2_	->
  uDTSDI002Top/uAPB_TimerPWM/uPWM2_7/R0_reg_3_	->
  uDTSDI002Top/uAPB_TimerPWM/uPWM2_7/R0_reg_4_	->
  uDTSDI002Top/uAPB_TimerPWM/uPWM2_7/R0_reg_5_	->
  uDTSDI002Top/uAPB_TimerPWM/uPWM2_7/R0_reg_6_	->
  uDTSDI002Top/uAPB_TimerPWM/uPWM2_7/R0_reg_7_	->
  uDTSDI002Top/uAPB_TimerPWM/uPWM2_7/R0_reg_8_	->
  uDTSDI002Top/uAPB_TimerPWM/uPWM2_7/R0_reg_9_	->
  uDTSDI002Top/uAPB_TimerPWM/uPWM2_7/R0_reg_10_	->
  uDTSDI002Top/uAPB_TimerPWM/uPWM2_7/R0_reg_11_	->
  uDTSDI002Top/uAPB_TimerPWM/uPWM2_7/R0_reg_12_	->
  uDTSDI002Top/uAPB_TimerPWM/uPWM2_7/R0_reg_13_	->
  uDTSDI002Top/uAPB_TimerPWM/uPWM2_7/R0_reg_14_	->
  uDTSDI002Top/uAPB_TimerPWM/uPWM2_7/R0_reg_15_	->
  uDTSDI002Top/uAPB_TimerPWM/uPWM2_7/R1_reg_0_	->
  uDTSDI002Top/uAPB_TimerPWM/uPWM2_7/R1_reg_1_	->
  uDTSDI002Top/uAPB_TimerPWM/uPWM2_7/R1_reg_2_	->
  uDTSDI002Top/uAPB_TimerPWM/uPWM2_7/R1_reg_3_	->
  uDTSDI002Top/uAPB_TimerPWM/uPWM2_7/R1_reg_4_	->
  uDTSDI002Top/uAPB_TimerPWM/uPWM2_7/R1_reg_5_	->
  uDTSDI002Top/uAPB_TimerPWM/uPWM2_7/R1_reg_6_	->
  uDTSDI002Top/uAPB_TimerPWM/uPWM2_7/R1_reg_7_	->
  uDTSDI002Top/uAPB_TimerPWM/uPWM2_7/R1_reg_8_	->
  uDTSDI002Top/uAPB_TimerPWM/uPWM2_7/R1_reg_9_	->
  uDTSDI002Top/uAPB_TimerPWM/uPWM2_7/R2_reg_0_	->
  uDTSDI002Top/uAPB_TimerPWM/uPWM2_7/R2_reg_1_	->
  uDTSDI002Top/uAPB_TimerPWM/uPWM2_7/R2_reg_2_	->
  uDTSDI002Top/uAPB_TimerPWM/uPWM2_7/R2_reg_3_	->
  uDTSDI002Top/uAPB_TimerPWM/uPWM2_7/R2_reg_4_	->
  uDTSDI002Top/uAPB_TimerPWM/uPWM2_7/R2_reg_5_	->
  uDTSDI002Top/uAPB_TimerPWM/uPWM2_7/R2_reg_6_	->
  uDTSDI002Top/uAPB_TimerPWM/uPWM2_7/R2_reg_7_	->
  uDTSDI002Top/uAPB_TimerPWM/uPWM2_7/R3_reg_0_	->
  uDTSDI002Top/uAPB_TimerPWM/uPWM2_7/R3_reg_1_	->
  uDTSDI002Top/uAPB_TimerPWM/uPWM2_7/R3_reg_2_	->
  uDTSDI002Top/uAPB_TimerPWM/uPWM2_7/R3_reg_3_	->
  uDTSDI002Top/uAPB_TimerPWM/uPWM2_7/R3_reg_4_	->
  uDTSDI002Top/uAPB_TimerPWM/uPWM2_7/R3_reg_5_	->
  uDTSDI002Top/uAPB_TimerPWM/uPWM2_7/R3_reg_6_	->
  uDTSDI002Top/uAPB_TimerPWM/uPWM2_7/R3_reg_7_	->
  uDTSDI002Top/uAPB_TimerPWM/uPWM2_7/R3_reg_8_	->
  uDTSDI002Top/uAPB_TimerPWM/uPWM2_7/R3_reg_9_	->
  uDTSDI002Top/uAPB_TimerPWM/uPWM2_7/R3_reg_10_	->
  uDTSDI002Top/uAPB_TimerPWM/uPWM2_7/R3_reg_11_	->
  uDTSDI002Top/uAPB_TimerPWM/uPWM2_7/R3_reg_12_	->
  uDTSDI002Top/uAPB_TimerPWM/uPWM2_7/R3_reg_13_	->
  uDTSDI002Top/uAPB_TimerPWM/uPWM2_7/R3_reg_14_	->
  uDTSDI002Top/uAPB_TimerPWM/uPWM2_7/R3_reg_15_	->
  uDTSDI002Top/uAPB_TimerPWM/uPWM2_7/R4_reg_0_	->
  uDTSDI002Top/uAPB_TimerPWM/uPWM2_7/R4_reg_1_	->
  uDTSDI002Top/uAPB_TimerPWM/uPWM2_7/R4_reg_2_	->
  uDTSDI002Top/uAPB_TimerPWM/uPWM2_7/R4_reg_3_	->
  uDTSDI002Top/uAPB_TimerPWM/uPWM2_7/R4_reg_4_	->
  uDTSDI002Top/uAPB_TimerPWM/uPWM2_7/R4_reg_5_	->
  uDTSDI002Top/uAPB_TimerPWM/uPWM2_7/R4_reg_6_	->
  uDTSDI002Top/uAPB_TimerPWM/uPWM2_7/R4_reg_7_	->
  uDTSDI002Top/uAPB_TimerPWM/uPWM2_7/R4_reg_8_	->
  uDTSDI002Top/uAPB_TimerPWM/uPWM2_7/R4_reg_9_	->
  uDTSDI002Top/uAPB_TimerPWM/uPWM2_7/R4_reg_10_	->
  uDTSDI002Top/uAPB_TimerPWM/uPWM2_7/R4_reg_11_	->
  uDTSDI002Top/uAPB_TimerPWM/uPWM2_7/R4_reg_12_	->
  uDTSDI002Top/uAPB_TimerPWM/uPWM2_7/R4_reg_13_	->
  uDTSDI002Top/uAPB_TimerPWM/uPWM2_7/R4_reg_14_	->
  uDTSDI002Top/uAPB_TimerPWM/uPWM2_7/R4_reg_15_	->
  uDTSDI002Top/uAPB_TimerPWM/uPWM2_7/TCAP_Reg_1d_reg_3_	->
  uDTSDI002Top/uAPB_TimerPWM/uPWM2_7/TCAP_Reg_1d_reg_4_	->
  uDTSDI002Top/uAPB_TimerPWM/uPWM2_7/TCAP_Reg_1d_reg_5_	->
  uDTSDI002Top/uAPB_TimerPWM/uPWM2_7/TCAP_Reg_reg_3_	->
  uDTSDI002Top/uAPB_TimerPWM/uPWM2_7/TCAP_Reg_reg_4_	->
  uDTSDI002Top/uAPB_TimerPWM/uPWM2_7/TCAP_Reg_reg_5_	->
  uDTSDI002Top/uAPB_TimerPWM/uPWM2_7/TDX_CapEn_1Pd_reg	->
  uDTSDI002Top/uAPB_TimerPWM/uPWM2_7/TDX_Up_reg	->
  uDTSDI002Top/uAPB_TimerPWM/uPWM2_7/TDx_CapEn_reg	->
  uDTSDI002Top/uAPB_TimerPWM/uPWM2_7/Timer_Cnt_reg_0_	->
  uDTSDI002Top/uAPB_TimerPWM/uPWM2_7/Timer_Cnt_reg_1_	->
  uDTSDI002Top/uAPB_TimerPWM/uPWM2_7/Timer_Cnt_reg_2_	->
  uDTSDI002Top/uAPB_TimerPWM/uPWM2_7/Timer_Cnt_reg_3_	->
  uDTSDI002Top/uAPB_TimerPWM/uPWM2_7/Timer_Cnt_reg_4_	->
  uDTSDI002Top/uAPB_TimerPWM/uPWM2_7/Timer_Cnt_reg_5_	->
  uDTSDI002Top/uAPB_TimerPWM/uPWM2_7/Timer_Cnt_reg_6_	->
  uDTSDI002Top/uAPB_TimerPWM/uPWM2_7/Timer_Cnt_reg_7_	->
  uDTSDI002Top/uAPB_TimerPWM/uPWM2_7/Timer_Cnt_reg_8_	->
  uDTSDI002Top/uAPB_TimerPWM/uPWM2_7/Timer_Cnt_reg_9_	->
  uDTSDI002Top/uAPB_TimerPWM/uPWM2_7/Timer_Cnt_reg_10_	->
  uDTSDI002Top/uAPB_TimerPWM/uPWM2_7/Timer_Cnt_reg_11_	->
  uDTSDI002Top/uAPB_TimerPWM/uPWM2_7/Timer_Cnt_reg_12_	->
  uDTSDI002Top/uAPB_TimerPWM/uPWM2_7/Timer_Cnt_reg_13_	->
  uDTSDI002Top/uAPB_TimerPWM/uPWM2_7/Timer_Cnt_reg_14_	->
  uDTSDI002Top/uAPB_TimerPWM/uPWM2_7/Timer_Cnt_reg_15_	->
  uDTSDI002Top/uAPB_TimerPWM/uPWM2_7/Timer_Match_Set_reg	->
  uDTSDI002Top/uAPB_TimerPWM/uPWM2_7/Timer_Out_reg	->
  uDTSDI002Top/uAPB_TimerPWM/uPWM2_7/Timers_OverFlow_reg	->
  uDTSDI002Top/uAPB_TimerPWM/uPWM2_7/iPRDATA_reg_0_	->
  uDTSDI002Top/uAPB_TimerPWM/uPWM2_7/iPRDATA_reg_1_	->
  uDTSDI002Top/uAPB_TimerPWM/uPWM2_7/iPRDATA_reg_2_	->
  uDTSDI002Top/uAPB_TimerPWM/uPWM2_7/iPRDATA_reg_3_	->
  uDTSDI002Top/uAPB_TimerPWM/uPWM2_7/iPRDATA_reg_4_	->
  uDTSDI002Top/uAPB_TimerPWM/uPWM2_7/iPRDATA_reg_5_	->
  uDTSDI002Top/uAPB_TimerPWM/uPWM2_7/iPRDATA_reg_6_	->
  uDTSDI002Top/uAPB_TimerPWM/uPWM2_7/iPRDATA_reg_7_	->
  uDTSDI002Top/uAPB_TimerPWM/uPWM2_7/iPRDATA_reg_8_	->
  uDTSDI002Top/uAPB_TimerPWM/uPWM2_7/iPRDATA_reg_9_	->
  uDTSDI002Top/uAPB_TimerPWM/uPWM2_7/iPRDATA_reg_10_	->
  uDTSDI002Top/uAPB_TimerPWM/uPWM2_7/iPRDATA_reg_11_	->
  uDTSDI002Top/uAPB_TimerPWM/uPWM2_7/iPRDATA_reg_12_	->
  uDTSDI002Top/uAPB_TimerPWM/uPWM2_7/iPRDATA_reg_13_	->
  uDTSDI002Top/uAPB_TimerPWM/uPWM2_7/iPRDATA_reg_14_	->
  uDTSDI002Top/uAPB_TimerPWM/uPWM2_7/iPRDATA_reg_15_	->
  uDTSDI002Top/uAPB_TimerPWM/uPWM3_0/FL_CHCLK_reg	->
  uDTSDI002Top/uAPB_TimerPWM/uPWM3_0/OUTCLK_1d_reg	->
  uDTSDI002Top/uAPB_TimerPWM/uPWM3_0/OUTCLK_2d_reg	->
  uDTSDI002Top/uAPB_TimerPWM/uPWM3_0/OUTCLK_3d_reg	->
  uDTSDI002Top/uAPB_TimerPWM/uPWM3_0/OUTCLK_4d_reg	->
  uDTSDI002Top/uAPB_TimerPWM/uPWM3_0/OUTCLK_reg	->
  uDTSDI002Top/uAPB_TimerPWM/uPWM3_0/PWM_Out_reg	->
  uDTSDI002Top/uAPB_TimerPWM/uPWM3_0/Prescale_Cnt_reg_0_	->
  uDTSDI002Top/uAPB_TimerPWM/uPWM3_0/Prescale_Cnt_reg_1_	->
  uDTSDI002Top/uAPB_TimerPWM/uPWM3_0/Prescale_Cnt_reg_2_	->
  uDTSDI002Top/uAPB_TimerPWM/uPWM3_0/Prescale_Cnt_reg_3_	->
  uDTSDI002Top/uAPB_TimerPWM/uPWM3_0/Prescale_Cnt_reg_4_	->
  uDTSDI002Top/uAPB_TimerPWM/uPWM3_0/Prescale_Cnt_reg_5_	->
  uDTSDI002Top/uAPB_TimerPWM/uPWM3_0/Prescale_Cnt_reg_6_	->
  uDTSDI002Top/uAPB_TimerPWM/uPWM3_0/Prescale_Cnt_reg_7_	->
  uDTSDI002Top/uAPB_TimerPWM/uPWM3_0/Prescale_Cnt_reg_8_	->
  uDTSDI002Top/uAPB_TimerPWM/uPWM3_0/Prescale_Cnt_reg_9_	->
  uDTSDI002Top/uAPB_TimerPWM/uPWM3_0/R0_reg_0_	->
  uDTSDI002Top/uAPB_TimerPWM/uPWM3_0/R0_reg_1_	->
  uDTSDI002Top/uAPB_TimerPWM/uPWM3_0/R0_reg_2_	->
  uDTSDI002Top/uAPB_TimerPWM/uPWM3_0/R0_reg_3_	->
  uDTSDI002Top/uAPB_TimerPWM/uPWM3_0/R0_reg_4_	->
  uDTSDI002Top/uAPB_TimerPWM/uPWM3_0/R0_reg_5_	->
  uDTSDI002Top/uAPB_TimerPWM/uPWM3_0/R0_reg_6_	->
  uDTSDI002Top/uAPB_TimerPWM/uPWM3_0/R0_reg_7_	->
  uDTSDI002Top/uAPB_TimerPWM/uPWM3_0/R0_reg_8_	->
  uDTSDI002Top/uAPB_TimerPWM/uPWM3_0/R0_reg_9_	->
  uDTSDI002Top/uAPB_TimerPWM/uPWM3_0/R0_reg_10_	->
  uDTSDI002Top/uAPB_TimerPWM/uPWM3_0/R0_reg_11_	->
  uDTSDI002Top/uAPB_TimerPWM/uPWM3_0/R0_reg_12_	->
  uDTSDI002Top/uAPB_TimerPWM/uPWM3_0/R0_reg_13_	->
  uDTSDI002Top/uAPB_TimerPWM/uPWM3_0/R0_reg_14_	->
  uDTSDI002Top/uAPB_TimerPWM/uPWM3_0/R0_reg_15_	->
  uDTSDI002Top/uAPB_TimerPWM/uPWM3_0/R1_reg_0_	->
  uDTSDI002Top/uAPB_TimerPWM/uPWM3_0/R1_reg_1_	->
  uDTSDI002Top/uAPB_TimerPWM/uPWM3_0/R1_reg_2_	->
  uDTSDI002Top/uAPB_TimerPWM/uPWM3_0/R1_reg_3_	->
  uDTSDI002Top/uAPB_TimerPWM/uPWM3_0/R1_reg_4_	->
  uDTSDI002Top/uAPB_TimerPWM/uPWM3_0/R1_reg_5_	->
  uDTSDI002Top/uAPB_TimerPWM/uPWM3_0/R1_reg_6_	->
  uDTSDI002Top/uAPB_TimerPWM/uPWM3_0/R1_reg_7_	->
  uDTSDI002Top/uAPB_TimerPWM/uPWM3_0/R1_reg_8_	->
  uDTSDI002Top/uAPB_TimerPWM/uPWM3_0/R1_reg_9_	->
  uDTSDI002Top/uAPB_TimerPWM/uPWM3_0/R2_reg_0_	->
  uDTSDI002Top/uAPB_TimerPWM/uPWM3_0/R2_reg_1_	->
  uDTSDI002Top/uAPB_TimerPWM/uPWM3_0/R2_reg_2_	->
  uDTSDI002Top/uAPB_TimerPWM/uPWM3_0/R2_reg_3_	->
  uDTSDI002Top/uAPB_TimerPWM/uPWM3_0/R2_reg_4_	->
  uDTSDI002Top/uAPB_TimerPWM/uPWM3_0/R2_reg_5_	->
  uDTSDI002Top/uAPB_TimerPWM/uPWM3_0/R2_reg_6_	->
  uDTSDI002Top/uAPB_TimerPWM/uPWM3_0/R2_reg_7_	->
  uDTSDI002Top/uAPB_TimerPWM/uPWM3_0/R3_reg_0_	->
  uDTSDI002Top/uAPB_TimerPWM/uPWM3_0/R3_reg_1_	->
  uDTSDI002Top/uAPB_TimerPWM/uPWM3_0/R3_reg_2_	->
  uDTSDI002Top/uAPB_TimerPWM/uPWM3_0/R3_reg_3_	->
  uDTSDI002Top/uAPB_TimerPWM/uPWM3_0/R3_reg_4_	->
  uDTSDI002Top/uAPB_TimerPWM/uPWM3_0/R3_reg_5_	->
  uDTSDI002Top/uAPB_TimerPWM/uPWM3_0/R3_reg_6_	->
  uDTSDI002Top/uAPB_TimerPWM/uPWM3_0/R3_reg_7_	->
  uDTSDI002Top/uAPB_TimerPWM/uPWM3_0/R3_reg_8_	->
  uDTSDI002Top/uAPB_TimerPWM/uPWM3_0/R3_reg_9_	->
  uDTSDI002Top/uAPB_TimerPWM/uPWM3_0/R3_reg_10_	->
  uDTSDI002Top/uAPB_TimerPWM/uPWM3_0/R3_reg_11_	->
  uDTSDI002Top/uAPB_TimerPWM/uPWM3_0/R3_reg_12_	->
  uDTSDI002Top/uAPB_TimerPWM/uPWM3_0/R3_reg_13_	->
  uDTSDI002Top/uAPB_TimerPWM/uPWM3_0/R3_reg_14_	->
  uDTSDI002Top/uAPB_TimerPWM/uPWM3_0/R3_reg_15_	->
  uDTSDI002Top/uAPB_TimerPWM/uPWM3_0/R4_reg_0_	->
  uDTSDI002Top/uAPB_TimerPWM/uPWM3_0/R4_reg_1_	->
  uDTSDI002Top/uAPB_TimerPWM/uPWM3_0/R4_reg_2_	->
  uDTSDI002Top/uAPB_TimerPWM/uPWM3_0/R4_reg_3_	->
  uDTSDI002Top/uAPB_TimerPWM/uPWM3_0/R4_reg_4_	->
  uDTSDI002Top/uAPB_TimerPWM/uPWM3_0/R4_reg_5_	->
  uDTSDI002Top/uAPB_TimerPWM/uPWM3_0/R4_reg_6_	->
  uDTSDI002Top/uAPB_TimerPWM/uPWM3_0/R4_reg_7_	->
  uDTSDI002Top/uAPB_TimerPWM/uPWM3_0/R4_reg_8_	->
  uDTSDI002Top/uAPB_TimerPWM/uPWM3_0/R4_reg_9_	->
  uDTSDI002Top/uAPB_TimerPWM/uPWM3_0/R4_reg_10_	->
  uDTSDI002Top/uAPB_TimerPWM/uPWM3_0/R4_reg_11_	->
  uDTSDI002Top/uAPB_TimerPWM/uPWM3_0/R4_reg_12_	->
  uDTSDI002Top/uAPB_TimerPWM/uPWM3_0/R4_reg_13_	->
  uDTSDI002Top/uAPB_TimerPWM/uPWM3_0/R4_reg_14_	->
  uDTSDI002Top/uAPB_TimerPWM/uPWM3_0/R4_reg_15_	->
  uDTSDI002Top/uAPB_TimerPWM/uPWM3_0/TCAP_Reg_1d_reg_3_	->
  uDTSDI002Top/uAPB_TimerPWM/uPWM3_0/TCAP_Reg_1d_reg_4_	->
  uDTSDI002Top/uAPB_TimerPWM/uPWM3_0/TCAP_Reg_1d_reg_5_	->
  uDTSDI002Top/uAPB_TimerPWM/uPWM3_0/TCAP_Reg_reg_3_	->
  uDTSDI002Top/uAPB_TimerPWM/uPWM3_0/TCAP_Reg_reg_4_	->
  uDTSDI002Top/uAPB_TimerPWM/uPWM3_0/TCAP_Reg_reg_5_	->
  uDTSDI002Top/uAPB_TimerPWM/uPWM3_0/TDX_CapEn_1Pd_reg	->
  uDTSDI002Top/uAPB_TimerPWM/uPWM3_0/TDX_Up_reg	->
  uDTSDI002Top/uAPB_TimerPWM/uPWM3_0/TDx_CapEn_reg	->
  uDTSDI002Top/uAPB_TimerPWM/uPWM3_0/Timer_Cnt_reg_0_	->
  uDTSDI002Top/uAPB_TimerPWM/uPWM3_0/Timer_Cnt_reg_1_	->
  uDTSDI002Top/uAPB_TimerPWM/uPWM3_0/Timer_Cnt_reg_2_	->
  uDTSDI002Top/uAPB_TimerPWM/uPWM3_0/Timer_Cnt_reg_3_	->
  uDTSDI002Top/uAPB_TimerPWM/uPWM3_0/Timer_Cnt_reg_4_	->
  uDTSDI002Top/uAPB_TimerPWM/uPWM3_0/Timer_Cnt_reg_5_	->
  uDTSDI002Top/uAPB_TimerPWM/uPWM3_0/Timer_Cnt_reg_6_	->
  uDTSDI002Top/uAPB_TimerPWM/uPWM3_0/Timer_Cnt_reg_7_	->
  uDTSDI002Top/uAPB_TimerPWM/uPWM3_0/Timer_Cnt_reg_8_	->
  uDTSDI002Top/uAPB_TimerPWM/uPWM3_0/Timer_Cnt_reg_9_	->
  uDTSDI002Top/uAPB_TimerPWM/uPWM3_0/Timer_Cnt_reg_10_	->
  uDTSDI002Top/uAPB_TimerPWM/uPWM3_0/Timer_Cnt_reg_11_	->
  uDTSDI002Top/uAPB_TimerPWM/uPWM3_0/Timer_Cnt_reg_12_	->
  uDTSDI002Top/uAPB_TimerPWM/uPWM3_0/Timer_Cnt_reg_13_	->
  uDTSDI002Top/uAPB_TimerPWM/uPWM3_0/Timer_Cnt_reg_14_	->
  uDTSDI002Top/uAPB_TimerPWM/uPWM3_0/Timer_Cnt_reg_15_	->
  uDTSDI002Top/uAPB_TimerPWM/uPWM3_0/Timer_Match_Set_reg	->
  uDTSDI002Top/uAPB_TimerPWM/uPWM3_0/Timer_Out_reg	->
  uDTSDI002Top/uAPB_TimerPWM/uPWM3_0/Timers_OverFlow_reg	->
  uDTSDI002Top/uAPB_TimerPWM/uPWM3_0/iPRDATA_reg_0_	->
  uDTSDI002Top/uAPB_TimerPWM/uPWM3_0/iPRDATA_reg_1_	->
  uDTSDI002Top/uAPB_TimerPWM/uPWM3_0/iPRDATA_reg_2_	->
  uDTSDI002Top/uAPB_TimerPWM/uPWM3_0/iPRDATA_reg_3_	->
  uDTSDI002Top/uAPB_TimerPWM/uPWM3_0/iPRDATA_reg_4_	->
  uDTSDI002Top/uAPB_TimerPWM/uPWM3_0/iPRDATA_reg_5_	->
  uDTSDI002Top/uAPB_TimerPWM/uPWM3_0/iPRDATA_reg_6_	->
  uDTSDI002Top/uAPB_TimerPWM/uPWM3_0/iPRDATA_reg_7_	->
  uDTSDI002Top/uAPB_TimerPWM/uPWM3_0/iPRDATA_reg_8_	->
  uDTSDI002Top/uAPB_TimerPWM/uPWM3_0/iPRDATA_reg_9_	->
  uDTSDI002Top/uAPB_TimerPWM/uPWM3_0/iPRDATA_reg_10_	->
  uDTSDI002Top/uAPB_TimerPWM/uPWM3_0/iPRDATA_reg_11_	->
  uDTSDI002Top/uAPB_TimerPWM/uPWM3_0/iPRDATA_reg_12_	->
  uDTSDI002Top/uAPB_TimerPWM/uPWM3_0/iPRDATA_reg_13_	->
  uDTSDI002Top/uAPB_TimerPWM/uPWM3_0/iPRDATA_reg_14_	->
  uDTSDI002Top/uAPB_TimerPWM/uPWM3_0/iPRDATA_reg_15_	->
  uDTSDI002Top/uAPB_TimerPWM/uPWM3_1/FL_CHCLK_reg	->
  uDTSDI002Top/uAPB_TimerPWM/uPWM3_1/OUTCLK_1d_reg	->
  uDTSDI002Top/uAPB_TimerPWM/uPWM3_1/OUTCLK_2d_reg	->
  uDTSDI002Top/uAPB_TimerPWM/uPWM3_1/OUTCLK_3d_reg	->
  uDTSDI002Top/uAPB_TimerPWM/uPWM3_1/OUTCLK_4d_reg	->
  uDTSDI002Top/uAPB_TimerPWM/uPWM3_1/OUTCLK_reg	->
  uDTSDI002Top/uAPB_TimerPWM/uPWM3_1/PWM_Out_reg	->
  uDTSDI002Top/uAPB_TimerPWM/uPWM3_1/Prescale_Cnt_reg_0_	->
  uDTSDI002Top/uAPB_TimerPWM/uPWM3_1/Prescale_Cnt_reg_1_	->
  uDTSDI002Top/uAPB_TimerPWM/uPWM3_1/Prescale_Cnt_reg_2_	->
  uDTSDI002Top/uAPB_TimerPWM/uPWM3_1/Prescale_Cnt_reg_3_	->
  uDTSDI002Top/uAPB_TimerPWM/uPWM3_1/Prescale_Cnt_reg_4_	->
  uDTSDI002Top/uAPB_TimerPWM/uPWM3_1/Prescale_Cnt_reg_5_	->
  uDTSDI002Top/uAPB_TimerPWM/uPWM3_1/Prescale_Cnt_reg_6_	->
  uDTSDI002Top/uAPB_TimerPWM/uPWM3_1/Prescale_Cnt_reg_7_	->
  uDTSDI002Top/uAPB_TimerPWM/uPWM3_1/Prescale_Cnt_reg_8_	->
  uDTSDI002Top/uAPB_TimerPWM/uPWM3_1/Prescale_Cnt_reg_9_	->
  uDTSDI002Top/uAPB_TimerPWM/uPWM3_1/R0_reg_0_	->
  uDTSDI002Top/uAPB_TimerPWM/uPWM3_1/R0_reg_1_	->
  uDTSDI002Top/uAPB_TimerPWM/uPWM3_1/R0_reg_2_	->
  uDTSDI002Top/uAPB_TimerPWM/uPWM3_1/R0_reg_3_	->
  uDTSDI002Top/uAPB_TimerPWM/uPWM3_1/R0_reg_4_	->
  uDTSDI002Top/uAPB_TimerPWM/uPWM3_1/R0_reg_5_	->
  uDTSDI002Top/uAPB_TimerPWM/uPWM3_1/R0_reg_6_	->
  uDTSDI002Top/uAPB_TimerPWM/uPWM3_1/R0_reg_7_	->
  uDTSDI002Top/uAPB_TimerPWM/uPWM3_1/R0_reg_8_	->
  uDTSDI002Top/uAPB_TimerPWM/uPWM3_1/R0_reg_9_	->
  uDTSDI002Top/uAPB_TimerPWM/uPWM3_1/R0_reg_10_	->
  uDTSDI002Top/uAPB_TimerPWM/uPWM3_1/R0_reg_11_	->
  uDTSDI002Top/uAPB_TimerPWM/uPWM3_1/R0_reg_12_	->
  uDTSDI002Top/uAPB_TimerPWM/uPWM3_1/R0_reg_13_	->
  uDTSDI002Top/uAPB_TimerPWM/uPWM3_1/R0_reg_14_	->
  uDTSDI002Top/uAPB_TimerPWM/uPWM3_1/R0_reg_15_	->
  uDTSDI002Top/uAPB_TimerPWM/uPWM3_1/R1_reg_0_	->
  uDTSDI002Top/uAPB_TimerPWM/uPWM3_1/R1_reg_1_	->
  uDTSDI002Top/uAPB_TimerPWM/uPWM3_1/R1_reg_2_	->
  uDTSDI002Top/uAPB_TimerPWM/uPWM3_1/R1_reg_3_	->
  uDTSDI002Top/uAPB_TimerPWM/uPWM3_1/R1_reg_4_	->
  uDTSDI002Top/uAPB_TimerPWM/uPWM3_1/R1_reg_5_	->
  uDTSDI002Top/uAPB_TimerPWM/uPWM3_1/R1_reg_6_	->
  uDTSDI002Top/uAPB_TimerPWM/uPWM3_1/R1_reg_7_	->
  uDTSDI002Top/uAPB_TimerPWM/uPWM3_1/R1_reg_8_	->
  uDTSDI002Top/uAPB_TimerPWM/uPWM3_1/R1_reg_9_	->
  uDTSDI002Top/uAPB_TimerPWM/uPWM3_1/R2_reg_0_	->
  uDTSDI002Top/uAPB_TimerPWM/uPWM3_1/R2_reg_1_	->
  uDTSDI002Top/uAPB_TimerPWM/uPWM3_1/R2_reg_2_	->
  uDTSDI002Top/uAPB_TimerPWM/uPWM3_1/R2_reg_3_	->
  uDTSDI002Top/uAPB_TimerPWM/uPWM3_1/R2_reg_4_	->
  uDTSDI002Top/uAPB_TimerPWM/uPWM3_1/R2_reg_5_	->
  uDTSDI002Top/uAPB_TimerPWM/uPWM3_1/R2_reg_6_	->
  uDTSDI002Top/uAPB_TimerPWM/uPWM3_1/R2_reg_7_	->
  uDTSDI002Top/uAPB_TimerPWM/uPWM3_1/R3_reg_0_	->
  uDTSDI002Top/uAPB_TimerPWM/uPWM3_1/R3_reg_1_	->
  uDTSDI002Top/uAPB_TimerPWM/uPWM3_1/R3_reg_2_	->
  uDTSDI002Top/uAPB_TimerPWM/uPWM3_1/R3_reg_3_	->
  uDTSDI002Top/uAPB_TimerPWM/uPWM3_1/R3_reg_4_	->
  uDTSDI002Top/uAPB_TimerPWM/uPWM3_1/R3_reg_5_	->
  uDTSDI002Top/uAPB_TimerPWM/uPWM3_1/R3_reg_6_	->
  uDTSDI002Top/uAPB_TimerPWM/uPWM3_1/R3_reg_7_	->
  uDTSDI002Top/uAPB_TimerPWM/uPWM3_1/R3_reg_8_	->
  uDTSDI002Top/uAPB_TimerPWM/uPWM3_1/R3_reg_9_	->
  uDTSDI002Top/uAPB_TimerPWM/uPWM3_1/R3_reg_10_	->
  uDTSDI002Top/uAPB_TimerPWM/uPWM3_1/R3_reg_11_	->
  uDTSDI002Top/uAPB_TimerPWM/uPWM3_1/R3_reg_12_	->
  uDTSDI002Top/uAPB_TimerPWM/uPWM3_1/R3_reg_13_	->
  uDTSDI002Top/uAPB_TimerPWM/uPWM3_1/R3_reg_14_	->
  uDTSDI002Top/uAPB_TimerPWM/uPWM3_1/R3_reg_15_	->
  uDTSDI002Top/uAPB_TimerPWM/uPWM3_1/R4_reg_0_	->
  uDTSDI002Top/uAPB_TimerPWM/uPWM3_1/R4_reg_1_	->
  uDTSDI002Top/uAPB_TimerPWM/uPWM3_1/R4_reg_2_	->
  uDTSDI002Top/uAPB_TimerPWM/uPWM3_1/R4_reg_3_	->
  uDTSDI002Top/uAPB_TimerPWM/uPWM3_1/R4_reg_4_	->
  uDTSDI002Top/uAPB_TimerPWM/uPWM3_1/R4_reg_5_	->
  uDTSDI002Top/uAPB_TimerPWM/uPWM3_1/R4_reg_6_	->
  uDTSDI002Top/uAPB_TimerPWM/uPWM3_1/R4_reg_7_	->
  uDTSDI002Top/uAPB_TimerPWM/uPWM3_1/R4_reg_8_	->
  uDTSDI002Top/uAPB_TimerPWM/uPWM3_1/R4_reg_9_	->
  uDTSDI002Top/uAPB_TimerPWM/uPWM3_1/R4_reg_10_	->
  uDTSDI002Top/uAPB_TimerPWM/uPWM3_1/R4_reg_11_	->
  uDTSDI002Top/uAPB_TimerPWM/uPWM3_1/R4_reg_12_	->
  uDTSDI002Top/uAPB_TimerPWM/uPWM3_1/R4_reg_13_	->
  uDTSDI002Top/uAPB_TimerPWM/uPWM3_1/R4_reg_14_	->
  uDTSDI002Top/uAPB_TimerPWM/uPWM3_1/R4_reg_15_	->
  uDTSDI002Top/uAPB_TimerPWM/uPWM3_1/TCAP_Reg_1d_reg_3_	->
  uDTSDI002Top/uAPB_TimerPWM/uPWM3_1/TCAP_Reg_1d_reg_4_	->
  uDTSDI002Top/uAPB_TimerPWM/uPWM3_1/TCAP_Reg_1d_reg_5_	->
  uDTSDI002Top/uAPB_TimerPWM/uPWM3_1/TCAP_Reg_reg_3_	->
  uDTSDI002Top/uAPB_TimerPWM/uPWM3_1/TCAP_Reg_reg_4_	->
  uDTSDI002Top/uAPB_TimerPWM/uPWM3_1/TCAP_Reg_reg_5_	->
  uDTSDI002Top/uAPB_TimerPWM/uPWM3_1/TDX_CapEn_1Pd_reg	->
  uDTSDI002Top/uAPB_TimerPWM/uPWM3_1/TDX_Up_reg	->
  uDTSDI002Top/uAPB_TimerPWM/uPWM3_1/TDx_CapEn_reg	->
  uDTSDI002Top/uAPB_TimerPWM/uPWM3_1/Timer_Cnt_reg_0_	->
  uDTSDI002Top/uAPB_TimerPWM/uPWM3_1/Timer_Cnt_reg_1_	->
  uDTSDI002Top/uAPB_TimerPWM/uPWM3_1/Timer_Cnt_reg_2_	->
  uDTSDI002Top/uAPB_TimerPWM/uPWM3_1/Timer_Cnt_reg_3_	->
  uDTSDI002Top/uAPB_TimerPWM/uPWM3_1/Timer_Cnt_reg_4_	->
  uDTSDI002Top/uAPB_TimerPWM/uPWM3_1/Timer_Cnt_reg_5_	->
  uDTSDI002Top/uAPB_TimerPWM/uPWM3_1/Timer_Cnt_reg_6_	->
  uDTSDI002Top/uAPB_TimerPWM/uPWM3_1/Timer_Cnt_reg_7_	->
  uDTSDI002Top/uAPB_TimerPWM/uPWM3_1/Timer_Cnt_reg_8_	->
  uDTSDI002Top/uAPB_TimerPWM/uPWM3_1/Timer_Cnt_reg_9_	->
  uDTSDI002Top/uAPB_TimerPWM/uPWM3_1/Timer_Cnt_reg_10_	->
  uDTSDI002Top/uAPB_TimerPWM/uPWM3_1/Timer_Cnt_reg_11_	->
  uDTSDI002Top/uAPB_TimerPWM/uPWM3_1/Timer_Cnt_reg_12_	->
  uDTSDI002Top/uAPB_TimerPWM/uPWM3_1/Timer_Cnt_reg_13_	->
  uDTSDI002Top/uAPB_TimerPWM/uPWM3_1/Timer_Cnt_reg_14_	->
  uDTSDI002Top/uAPB_TimerPWM/uPWM3_1/Timer_Cnt_reg_15_	->
  uDTSDI002Top/uAPB_TimerPWM/uPWM3_1/Timer_Match_Set_reg	->
  uDTSDI002Top/uAPB_TimerPWM/uPWM3_1/Timer_Out_reg	->
  uDTSDI002Top/uAPB_TimerPWM/uPWM3_1/Timers_OverFlow_reg	->
  uDTSDI002Top/uAPB_TimerPWM/uPWM3_1/iPRDATA_reg_0_	->
  uDTSDI002Top/uAPB_TimerPWM/uPWM3_1/iPRDATA_reg_1_	->
  uDTSDI002Top/uAPB_TimerPWM/uPWM3_1/iPRDATA_reg_2_	->
  uDTSDI002Top/uAPB_TimerPWM/uPWM3_1/iPRDATA_reg_3_	->
  uDTSDI002Top/uAPB_TimerPWM/uPWM3_1/iPRDATA_reg_4_	->
  uDTSDI002Top/uAPB_TimerPWM/uPWM3_1/iPRDATA_reg_5_	->
  uDTSDI002Top/uAPB_TimerPWM/uPWM3_1/iPRDATA_reg_6_	->
  uDTSDI002Top/uAPB_TimerPWM/uPWM3_1/iPRDATA_reg_7_	->
  uDTSDI002Top/uAPB_TimerPWM/uPWM3_1/iPRDATA_reg_8_	->
  uDTSDI002Top/uAPB_TimerPWM/uPWM3_1/iPRDATA_reg_9_	->
  uDTSDI002Top/uAPB_TimerPWM/uPWM3_1/iPRDATA_reg_10_	->
  uDTSDI002Top/uAPB_TimerPWM/uPWM3_1/iPRDATA_reg_11_	->
  uDTSDI002Top/uAPB_TimerPWM/uPWM3_1/iPRDATA_reg_12_	->
  uDTSDI002Top/uAPB_TimerPWM/uPWM3_1/iPRDATA_reg_13_	->
  uDTSDI002Top/uAPB_TimerPWM/uPWM3_1/iPRDATA_reg_14_	->
  uDTSDI002Top/uAPB_TimerPWM/uPWM3_1/iPRDATA_reg_15_	->
  uDTSDI002Top/uAPB_TimerPWM/uPWM3_2/FL_CHCLK_reg	->
  uDTSDI002Top/uAPB_TimerPWM/uPWM3_2/OUTCLK_1d_reg	->
  uDTSDI002Top/uAPB_TimerPWM/uPWM3_2/OUTCLK_2d_reg	->
  uDTSDI002Top/uAPB_TimerPWM/uPWM3_2/OUTCLK_3d_reg	->
  uDTSDI002Top/uAPB_TimerPWM/uPWM3_2/OUTCLK_4d_reg	->
  uDTSDI002Top/uAPB_TimerPWM/uPWM3_2/OUTCLK_reg	->
  uDTSDI002Top/uAPB_TimerPWM/uPWM3_2/PWM_Out_reg	->
  uDTSDI002Top/uAPB_TimerPWM/uPWM3_2/Prescale_Cnt_reg_0_	->
  uDTSDI002Top/uAPB_TimerPWM/uPWM3_2/Prescale_Cnt_reg_1_	->
  uDTSDI002Top/uAPB_TimerPWM/uPWM3_2/Prescale_Cnt_reg_2_	->
  uDTSDI002Top/uAPB_TimerPWM/uPWM3_2/Prescale_Cnt_reg_3_	->
  uDTSDI002Top/uAPB_TimerPWM/uPWM3_2/Prescale_Cnt_reg_4_	->
  uDTSDI002Top/uAPB_TimerPWM/uPWM3_2/Prescale_Cnt_reg_5_	->
  uDTSDI002Top/uAPB_TimerPWM/uPWM3_2/Prescale_Cnt_reg_6_	->
  uDTSDI002Top/uAPB_TimerPWM/uPWM3_2/Prescale_Cnt_reg_7_	->
  uDTSDI002Top/uAPB_TimerPWM/uPWM3_2/Prescale_Cnt_reg_8_	->
  uDTSDI002Top/uAPB_TimerPWM/uPWM3_2/Prescale_Cnt_reg_9_	->
  uDTSDI002Top/uAPB_TimerPWM/uPWM3_2/R0_reg_0_	->
  uDTSDI002Top/uAPB_TimerPWM/uPWM3_2/R0_reg_1_	->
  uDTSDI002Top/uAPB_TimerPWM/uPWM3_2/R0_reg_2_	->
  uDTSDI002Top/uAPB_TimerPWM/uPWM3_2/R0_reg_3_	->
  uDTSDI002Top/uAPB_TimerPWM/uPWM3_2/R0_reg_4_	->
  uDTSDI002Top/uAPB_TimerPWM/uPWM3_2/R0_reg_5_	->
  uDTSDI002Top/uAPB_TimerPWM/uPWM3_2/R0_reg_6_	->
  uDTSDI002Top/uAPB_TimerPWM/uPWM3_2/R0_reg_7_	->
  uDTSDI002Top/uAPB_TimerPWM/uPWM3_2/R0_reg_8_	->
  uDTSDI002Top/uAPB_TimerPWM/uPWM3_2/R0_reg_9_	->
  uDTSDI002Top/uAPB_TimerPWM/uPWM3_2/R0_reg_10_	->
  uDTSDI002Top/uAPB_TimerPWM/uPWM3_2/R0_reg_11_	->
  uDTSDI002Top/uAPB_TimerPWM/uPWM3_2/R0_reg_12_	->
  uDTSDI002Top/uAPB_TimerPWM/uPWM3_2/R0_reg_13_	->
  uDTSDI002Top/uAPB_TimerPWM/uPWM3_2/R0_reg_14_	->
  uDTSDI002Top/uAPB_TimerPWM/uPWM3_2/R0_reg_15_	->
  uDTSDI002Top/uAPB_TimerPWM/uPWM3_2/R1_reg_0_	->
  uDTSDI002Top/uAPB_TimerPWM/uPWM3_2/R1_reg_1_	->
  uDTSDI002Top/uAPB_TimerPWM/uPWM3_2/R1_reg_2_	->
  uDTSDI002Top/uAPB_TimerPWM/uPWM3_2/R1_reg_3_	->
  uDTSDI002Top/uAPB_TimerPWM/uPWM3_2/R1_reg_4_	->
  uDTSDI002Top/uAPB_TimerPWM/uPWM3_2/R1_reg_5_	->
  uDTSDI002Top/uAPB_TimerPWM/uPWM3_2/R1_reg_6_	->
  uDTSDI002Top/uAPB_TimerPWM/uPWM3_2/R1_reg_7_	->
  uDTSDI002Top/uAPB_TimerPWM/uPWM3_2/R1_reg_8_	->
  uDTSDI002Top/uAPB_TimerPWM/uPWM3_2/R1_reg_9_	->
  uDTSDI002Top/uAPB_TimerPWM/uPWM3_2/R2_reg_0_	->
  uDTSDI002Top/uAPB_TimerPWM/uPWM3_2/R2_reg_1_	->
  uDTSDI002Top/uAPB_TimerPWM/uPWM3_2/R2_reg_2_	->
  uDTSDI002Top/uAPB_TimerPWM/uPWM3_2/R2_reg_3_	->
  uDTSDI002Top/uAPB_TimerPWM/uPWM3_2/R2_reg_4_	->
  uDTSDI002Top/uAPB_TimerPWM/uPWM3_2/R2_reg_5_	->
  uDTSDI002Top/uAPB_TimerPWM/uPWM3_2/R2_reg_6_	->
  uDTSDI002Top/uAPB_TimerPWM/uPWM3_2/R2_reg_7_	->
  uDTSDI002Top/uAPB_TimerPWM/uPWM3_2/R3_reg_0_	->
  uDTSDI002Top/uAPB_TimerPWM/uPWM3_2/R3_reg_1_	->
  uDTSDI002Top/uAPB_TimerPWM/uPWM3_2/R3_reg_2_	->
  uDTSDI002Top/uAPB_TimerPWM/uPWM3_2/R3_reg_3_	->
  uDTSDI002Top/uAPB_TimerPWM/uPWM3_2/R3_reg_4_	->
  uDTSDI002Top/uAPB_TimerPWM/uPWM3_2/R3_reg_5_	->
  uDTSDI002Top/uAPB_TimerPWM/uPWM3_2/R3_reg_6_	->
  uDTSDI002Top/uAPB_TimerPWM/uPWM3_2/R3_reg_7_	->
  uDTSDI002Top/uAPB_TimerPWM/uPWM3_2/R3_reg_8_	->
  uDTSDI002Top/uAPB_TimerPWM/uPWM3_2/R3_reg_9_	->
  uDTSDI002Top/uAPB_TimerPWM/uPWM3_2/R3_reg_10_	->
  uDTSDI002Top/uAPB_TimerPWM/uPWM3_2/R3_reg_11_	->
  uDTSDI002Top/uAPB_TimerPWM/uPWM3_2/R3_reg_12_	->
  uDTSDI002Top/uAPB_TimerPWM/uPWM3_2/R3_reg_13_	->
  uDTSDI002Top/uAPB_TimerPWM/uPWM3_2/R3_reg_14_	->
  uDTSDI002Top/uAPB_TimerPWM/uPWM3_2/R3_reg_15_	->
  uDTSDI002Top/uAPB_TimerPWM/uPWM3_2/R4_reg_0_	->
  uDTSDI002Top/uAPB_TimerPWM/uPWM3_2/R4_reg_1_	->
  uDTSDI002Top/uAPB_TimerPWM/uPWM3_2/R4_reg_2_	->
  uDTSDI002Top/uAPB_TimerPWM/uPWM3_2/R4_reg_3_	->
  uDTSDI002Top/uAPB_TimerPWM/uPWM3_2/R4_reg_4_	->
  uDTSDI002Top/uAPB_TimerPWM/uPWM3_2/R4_reg_5_	->
  uDTSDI002Top/uAPB_TimerPWM/uPWM3_2/R4_reg_6_	->
  uDTSDI002Top/uAPB_TimerPWM/uPWM3_2/R4_reg_7_	->
  uDTSDI002Top/uAPB_TimerPWM/uPWM3_2/R4_reg_8_	->
  uDTSDI002Top/uAPB_TimerPWM/uPWM3_2/R4_reg_9_	->
  uDTSDI002Top/uAPB_TimerPWM/uPWM3_2/R4_reg_10_	->
  uDTSDI002Top/uAPB_TimerPWM/uPWM3_2/R4_reg_11_	->
  uDTSDI002Top/uAPB_TimerPWM/uPWM3_2/R4_reg_12_	->
  uDTSDI002Top/uAPB_TimerPWM/uPWM3_2/R4_reg_13_	->
  uDTSDI002Top/uAPB_TimerPWM/uPWM3_2/R4_reg_14_	->
  uDTSDI002Top/uAPB_TimerPWM/uPWM3_2/R4_reg_15_	->
  uDTSDI002Top/uAPB_TimerPWM/uPWM3_2/TCAP_Reg_1d_reg_3_	->
  uDTSDI002Top/uAPB_TimerPWM/uPWM3_2/TCAP_Reg_1d_reg_4_	->
  uDTSDI002Top/uAPB_TimerPWM/uPWM3_2/TCAP_Reg_1d_reg_5_	->
  uDTSDI002Top/uAPB_TimerPWM/uPWM3_2/TCAP_Reg_reg_3_	->
  uDTSDI002Top/uAPB_TimerPWM/uPWM3_2/TCAP_Reg_reg_4_	->
  uDTSDI002Top/uAPB_TimerPWM/uPWM3_2/TCAP_Reg_reg_5_	->
  uDTSDI002Top/uAPB_TimerPWM/uPWM3_2/TDX_CapEn_1Pd_reg	->
  uDTSDI002Top/uAPB_TimerPWM/uPWM3_2/TDX_Up_reg	->
  uDTSDI002Top/uAPB_TimerPWM/uPWM3_2/TDx_CapEn_reg	->
  uDTSDI002Top/uAPB_TimerPWM/uPWM3_2/Timer_Cnt_reg_0_	->
  uDTSDI002Top/uAPB_TimerPWM/uPWM3_2/Timer_Cnt_reg_1_	->
  uDTSDI002Top/uAPB_TimerPWM/uPWM3_2/Timer_Cnt_reg_2_	->
  uDTSDI002Top/uAPB_TimerPWM/uPWM3_2/Timer_Cnt_reg_3_	->
  uDTSDI002Top/uAPB_TimerPWM/uPWM3_2/Timer_Cnt_reg_4_	->
  uDTSDI002Top/uAPB_TimerPWM/uPWM3_2/Timer_Cnt_reg_5_	->
  uDTSDI002Top/uAPB_TimerPWM/uPWM3_2/Timer_Cnt_reg_6_	->
  uDTSDI002Top/uAPB_TimerPWM/uPWM3_2/Timer_Cnt_reg_7_	->
  uDTSDI002Top/uAPB_TimerPWM/uPWM3_2/Timer_Cnt_reg_8_	->
  uDTSDI002Top/uAPB_TimerPWM/uPWM3_2/Timer_Cnt_reg_9_	->
  uDTSDI002Top/uAPB_TimerPWM/uPWM3_2/Timer_Cnt_reg_10_	->
  uDTSDI002Top/uAPB_TimerPWM/uPWM3_2/Timer_Cnt_reg_11_	->
  uDTSDI002Top/uAPB_TimerPWM/uPWM3_2/Timer_Cnt_reg_12_	->
  uDTSDI002Top/uAPB_TimerPWM/uPWM3_2/Timer_Cnt_reg_13_	->
  uDTSDI002Top/uAPB_TimerPWM/uPWM3_2/Timer_Cnt_reg_14_	->
  uDTSDI002Top/uAPB_TimerPWM/uPWM3_2/Timer_Cnt_reg_15_	->
  uDTSDI002Top/uAPB_TimerPWM/uPWM3_2/Timer_Match_Set_reg	->
  uDTSDI002Top/uAPB_TimerPWM/uPWM3_2/Timer_Out_reg	->
  uDTSDI002Top/uAPB_TimerPWM/uPWM3_2/Timers_OverFlow_reg	->
  uDTSDI002Top/uAPB_TimerPWM/uPWM3_2/iPRDATA_reg_0_	->
  uDTSDI002Top/uAPB_TimerPWM/uPWM3_2/iPRDATA_reg_1_	->
  uDTSDI002Top/uAPB_TimerPWM/uPWM3_2/iPRDATA_reg_2_	->
  uDTSDI002Top/uAPB_TimerPWM/uPWM3_2/iPRDATA_reg_3_	->
  uDTSDI002Top/uAPB_TimerPWM/uPWM3_2/iPRDATA_reg_4_	->
  uDTSDI002Top/uAPB_TimerPWM/uPWM3_2/iPRDATA_reg_5_	->
  uDTSDI002Top/uAPB_TimerPWM/uPWM3_2/iPRDATA_reg_6_	->
  uDTSDI002Top/uAPB_TimerPWM/uPWM3_2/iPRDATA_reg_7_	->
  uDTSDI002Top/uAPB_TimerPWM/uPWM3_2/iPRDATA_reg_8_	->
  uDTSDI002Top/uAPB_TimerPWM/uPWM3_2/iPRDATA_reg_9_	->
  uDTSDI002Top/uAPB_TimerPWM/uPWM3_2/iPRDATA_reg_10_	->
  uDTSDI002Top/uAPB_TimerPWM/uPWM3_2/iPRDATA_reg_11_	->
  uDTSDI002Top/uAPB_TimerPWM/uPWM3_2/iPRDATA_reg_12_	->
  uDTSDI002Top/uAPB_TimerPWM/uPWM3_2/iPRDATA_reg_13_	->
  uDTSDI002Top/uAPB_TimerPWM/uPWM3_2/iPRDATA_reg_14_	->
  uDTSDI002Top/uAPB_TimerPWM/uPWM3_2/iPRDATA_reg_15_	->
  uDTSDI002Top/uAPB_TimerPWM/uPWM3_3/FL_CHCLK_reg	->
  uDTSDI002Top/uAPB_TimerPWM/uPWM3_3/OUTCLK_1d_reg	->
  uDTSDI002Top/uAPB_TimerPWM/uPWM3_3/OUTCLK_2d_reg	->
  uDTSDI002Top/uAPB_TimerPWM/uPWM3_3/OUTCLK_3d_reg	->
  uDTSDI002Top/uAPB_TimerPWM/uPWM3_3/OUTCLK_4d_reg	->
  uDTSDI002Top/uAPB_TimerPWM/uPWM3_3/OUTCLK_reg	->
  uDTSDI002Top/uAPB_TimerPWM/uPWM3_3/PWM_Out_reg	->
  uDTSDI002Top/uAPB_TimerPWM/uPWM3_3/Prescale_Cnt_reg_0_	->
  uDTSDI002Top/uAPB_TimerPWM/uPWM3_3/Prescale_Cnt_reg_1_	->
  uDTSDI002Top/uAPB_TimerPWM/uPWM3_3/Prescale_Cnt_reg_2_	->
  uDTSDI002Top/uAPB_TimerPWM/uPWM3_3/Prescale_Cnt_reg_3_	->
  uDTSDI002Top/uAPB_TimerPWM/uPWM3_3/Prescale_Cnt_reg_4_	->
  uDTSDI002Top/uAPB_TimerPWM/uPWM3_3/Prescale_Cnt_reg_5_	->
  uDTSDI002Top/uAPB_TimerPWM/uPWM3_3/Prescale_Cnt_reg_6_	->
  uDTSDI002Top/uAPB_TimerPWM/uPWM3_3/Prescale_Cnt_reg_7_	->
  uDTSDI002Top/uAPB_TimerPWM/uPWM3_3/Prescale_Cnt_reg_8_	->
  uDTSDI002Top/uAPB_TimerPWM/uPWM3_3/Prescale_Cnt_reg_9_	->
  uDTSDI002Top/uAPB_TimerPWM/uPWM3_3/R0_reg_0_	->
  uDTSDI002Top/uAPB_TimerPWM/uPWM3_3/R0_reg_1_	->
  uDTSDI002Top/uAPB_TimerPWM/uPWM3_3/R0_reg_2_	->
  uDTSDI002Top/uAPB_TimerPWM/uPWM3_3/R0_reg_3_	->
  uDTSDI002Top/uAPB_TimerPWM/uPWM3_3/R0_reg_4_	->
  uDTSDI002Top/uAPB_TimerPWM/uPWM3_3/R0_reg_5_	->
  uDTSDI002Top/uAPB_TimerPWM/uPWM3_3/R0_reg_6_	->
  uDTSDI002Top/uAPB_TimerPWM/uPWM3_3/R0_reg_7_	->
  uDTSDI002Top/uAPB_TimerPWM/uPWM3_3/R0_reg_8_	->
  uDTSDI002Top/uAPB_TimerPWM/uPWM3_3/R0_reg_9_	->
  uDTSDI002Top/uAPB_TimerPWM/uPWM3_3/R0_reg_10_	->
  uDTSDI002Top/uAPB_TimerPWM/uPWM3_3/R0_reg_11_	->
  uDTSDI002Top/uAPB_TimerPWM/uPWM3_3/R0_reg_12_	->
  uDTSDI002Top/uAPB_TimerPWM/uPWM3_3/R0_reg_13_	->
  uDTSDI002Top/uAPB_TimerPWM/uPWM3_3/R0_reg_14_	->
  uDTSDI002Top/uAPB_TimerPWM/uPWM3_3/R0_reg_15_	->
  uDTSDI002Top/uAPB_TimerPWM/uPWM3_3/R1_reg_0_	->
  uDTSDI002Top/uAPB_TimerPWM/uPWM3_3/R1_reg_1_	->
  uDTSDI002Top/uAPB_TimerPWM/uPWM3_3/R1_reg_2_	->
  uDTSDI002Top/uAPB_TimerPWM/uPWM3_3/R1_reg_3_	->
  uDTSDI002Top/uAPB_TimerPWM/uPWM3_3/R1_reg_4_	->
  uDTSDI002Top/uAPB_TimerPWM/uPWM3_3/R1_reg_5_	->
  uDTSDI002Top/uAPB_TimerPWM/uPWM3_3/R1_reg_6_	->
  uDTSDI002Top/uAPB_TimerPWM/uPWM3_3/R1_reg_7_	->
  uDTSDI002Top/uAPB_TimerPWM/uPWM3_3/R1_reg_8_	->
  uDTSDI002Top/uAPB_TimerPWM/uPWM3_3/R1_reg_9_	->
  uDTSDI002Top/uAPB_TimerPWM/uPWM3_3/R2_reg_0_	->
  uDTSDI002Top/uAPB_TimerPWM/uPWM3_3/R2_reg_1_	->
  uDTSDI002Top/uAPB_TimerPWM/uPWM3_3/R2_reg_2_	->
  uDTSDI002Top/uAPB_TimerPWM/uPWM3_3/R2_reg_3_	->
  uDTSDI002Top/uAPB_TimerPWM/uPWM3_3/R2_reg_4_	->
  uDTSDI002Top/uAPB_TimerPWM/uPWM3_3/R2_reg_5_	->
  uDTSDI002Top/uAPB_TimerPWM/uPWM3_3/R2_reg_6_	->
  uDTSDI002Top/uAPB_TimerPWM/uPWM3_3/R2_reg_7_	->
  uDTSDI002Top/uAPB_TimerPWM/uPWM3_3/R3_reg_0_	->
  uDTSDI002Top/uAPB_TimerPWM/uPWM3_3/R3_reg_1_	->
  uDTSDI002Top/uAPB_TimerPWM/uPWM3_3/R3_reg_2_	->
  uDTSDI002Top/uAPB_TimerPWM/uPWM3_3/R3_reg_3_	->
  uDTSDI002Top/uAPB_TimerPWM/uPWM3_3/R3_reg_4_	->
  uDTSDI002Top/uAPB_TimerPWM/uPWM3_3/R3_reg_5_	->
  uDTSDI002Top/uAPB_TimerPWM/uPWM3_3/R3_reg_6_	->
  uDTSDI002Top/uAPB_TimerPWM/uPWM3_3/R3_reg_7_	->
  uDTSDI002Top/uAPB_TimerPWM/uPWM3_3/R3_reg_8_	->
  uDTSDI002Top/uAPB_TimerPWM/uPWM3_3/R3_reg_9_	->
  uDTSDI002Top/uAPB_TimerPWM/uPWM3_3/R3_reg_10_	->
  uDTSDI002Top/uAPB_TimerPWM/uPWM3_3/R3_reg_11_	->
  uDTSDI002Top/uAPB_TimerPWM/uPWM3_3/R3_reg_12_	->
  uDTSDI002Top/uAPB_TimerPWM/uPWM3_3/R3_reg_13_	->
  uDTSDI002Top/uAPB_TimerPWM/uPWM3_3/R3_reg_14_	->
  uDTSDI002Top/uAPB_TimerPWM/uPWM3_3/R3_reg_15_	->
  uDTSDI002Top/uAPB_TimerPWM/uPWM3_3/R4_reg_0_	->
  uDTSDI002Top/uAPB_TimerPWM/uPWM3_3/R4_reg_1_	->
  uDTSDI002Top/uAPB_TimerPWM/uPWM3_3/R4_reg_2_	->
  uDTSDI002Top/uAPB_TimerPWM/uPWM3_3/R4_reg_3_	->
  uDTSDI002Top/uAPB_TimerPWM/uPWM3_3/R4_reg_4_	->
  uDTSDI002Top/uAPB_TimerPWM/uPWM3_3/R4_reg_5_	->
  uDTSDI002Top/uAPB_TimerPWM/uPWM3_3/R4_reg_6_	->
  uDTSDI002Top/uAPB_TimerPWM/uPWM3_3/R4_reg_7_	->
  uDTSDI002Top/uAPB_TimerPWM/uPWM3_3/R4_reg_8_	->
  uDTSDI002Top/uAPB_TimerPWM/uPWM3_3/R4_reg_9_	->
  uDTSDI002Top/uAPB_TimerPWM/uPWM3_3/R4_reg_10_	->
  uDTSDI002Top/uAPB_TimerPWM/uPWM3_3/R4_reg_11_	->
  uDTSDI002Top/uAPB_TimerPWM/uPWM3_3/R4_reg_12_	->
  uDTSDI002Top/uAPB_TimerPWM/uPWM3_3/R4_reg_13_	->
  uDTSDI002Top/uAPB_TimerPWM/uPWM3_3/R4_reg_14_	->
  uDTSDI002Top/uAPB_TimerPWM/uPWM3_3/R4_reg_15_	->
  uDTSDI002Top/uAPB_TimerPWM/uPWM3_3/TCAP_Reg_1d_reg_3_	->
  uDTSDI002Top/uAPB_TimerPWM/uPWM3_3/TCAP_Reg_1d_reg_4_	->
  uDTSDI002Top/uAPB_TimerPWM/uPWM3_3/TCAP_Reg_1d_reg_5_	->
  uDTSDI002Top/uAPB_TimerPWM/uPWM3_3/TCAP_Reg_reg_3_	->
  uDTSDI002Top/uAPB_TimerPWM/uPWM3_3/TCAP_Reg_reg_4_	->
  uDTSDI002Top/uAPB_TimerPWM/uPWM3_3/TCAP_Reg_reg_5_	->
  uDTSDI002Top/uAPB_TimerPWM/uPWM3_3/TDX_CapEn_1Pd_reg	->
  uDTSDI002Top/uAPB_TimerPWM/uPWM3_3/TDX_Up_reg	->
  uDTSDI002Top/uAPB_TimerPWM/uPWM3_3/TDx_CapEn_reg	->
  uDTSDI002Top/uAPB_TimerPWM/uPWM3_3/Timer_Cnt_reg_0_	->
  uDTSDI002Top/uAPB_TimerPWM/uPWM3_3/Timer_Cnt_reg_1_	->
  uDTSDI002Top/uAPB_TimerPWM/uPWM3_3/Timer_Cnt_reg_2_	->
  uDTSDI002Top/uAPB_TimerPWM/uPWM3_3/Timer_Cnt_reg_3_	->
  uDTSDI002Top/uAPB_TimerPWM/uPWM3_3/Timer_Cnt_reg_4_	->
  uDTSDI002Top/uAPB_TimerPWM/uPWM3_3/Timer_Cnt_reg_5_	->
  uDTSDI002Top/uAPB_TimerPWM/uPWM3_3/Timer_Cnt_reg_6_	->
  uDTSDI002Top/uAPB_TimerPWM/uPWM3_3/Timer_Cnt_reg_7_	->
  uDTSDI002Top/uAPB_TimerPWM/uPWM3_3/Timer_Cnt_reg_8_	->
  uDTSDI002Top/uAPB_TimerPWM/uPWM3_3/Timer_Cnt_reg_9_	->
  uDTSDI002Top/uAPB_TimerPWM/uPWM3_3/Timer_Cnt_reg_10_	->
  uDTSDI002Top/uAPB_TimerPWM/uPWM3_3/Timer_Cnt_reg_11_	->
  uDTSDI002Top/uAPB_TimerPWM/uPWM3_3/Timer_Cnt_reg_12_	->
  uDTSDI002Top/uAPB_TimerPWM/uPWM3_3/Timer_Cnt_reg_13_	->
  uDTSDI002Top/uAPB_TimerPWM/uPWM3_3/Timer_Cnt_reg_14_	->
  uDTSDI002Top/uAPB_TimerPWM/uPWM3_3/Timer_Cnt_reg_15_	->
  uDTSDI002Top/uAPB_TimerPWM/uPWM3_3/Timer_Match_Set_reg	->
  uDTSDI002Top/uAPB_TimerPWM/uPWM3_3/Timer_Out_reg	->
  uDTSDI002Top/uAPB_TimerPWM/uPWM3_3/Timers_OverFlow_reg	->
  uDTSDI002Top/uAPB_TimerPWM/uPWM3_3/iPRDATA_reg_0_	->
  uDTSDI002Top/uAPB_TimerPWM/uPWM3_3/iPRDATA_reg_1_	->
  uDTSDI002Top/uAPB_TimerPWM/uPWM3_3/iPRDATA_reg_2_	->
  uDTSDI002Top/uAPB_TimerPWM/uPWM3_3/iPRDATA_reg_3_	->
  uDTSDI002Top/uAPB_TimerPWM/uPWM3_3/iPRDATA_reg_4_	->
  uDTSDI002Top/uAPB_TimerPWM/uPWM3_3/iPRDATA_reg_5_	->
  uDTSDI002Top/uAPB_TimerPWM/uPWM3_3/iPRDATA_reg_6_	->
  uDTSDI002Top/uAPB_TimerPWM/uPWM3_3/iPRDATA_reg_7_	->
  uDTSDI002Top/uAPB_TimerPWM/uPWM3_3/iPRDATA_reg_8_	->
  uDTSDI002Top/uAPB_TimerPWM/uPWM3_3/iPRDATA_reg_9_	->
  uDTSDI002Top/uAPB_TimerPWM/uPWM3_3/iPRDATA_reg_10_	->
  uDTSDI002Top/uAPB_TimerPWM/uPWM3_3/iPRDATA_reg_11_	->
  uDTSDI002Top/uAPB_TimerPWM/uPWM3_3/iPRDATA_reg_12_	->
  uDTSDI002Top/uAPB_TimerPWM/uPWM3_3/iPRDATA_reg_13_	->
  uDTSDI002Top/uAPB_TimerPWM/uPWM3_3/iPRDATA_reg_14_	->
  uDTSDI002Top/uAPB_TimerPWM/uPWM3_3/iPRDATA_reg_15_	->
  uDTSDI002Top/uAPB_TimerPWM/uPWM3_4/FL_CHCLK_reg	->
  uDTSDI002Top/uAPB_TimerPWM/uPWM3_4/OUTCLK_1d_reg	->
  uDTSDI002Top/uAPB_TimerPWM/uPWM3_4/OUTCLK_2d_reg	->
  uDTSDI002Top/uAPB_TimerPWM/uPWM3_4/OUTCLK_3d_reg	->
  uDTSDI002Top/uAPB_TimerPWM/uPWM3_4/OUTCLK_4d_reg	->
  uDTSDI002Top/uAPB_TimerPWM/uPWM3_4/OUTCLK_reg	->
  uDTSDI002Top/uAPB_TimerPWM/uPWM3_4/PWM_Out_reg	->
  uDTSDI002Top/uAPB_TimerPWM/uPWM3_4/Prescale_Cnt_reg_0_	->
  uDTSDI002Top/uAPB_TimerPWM/uPWM3_4/Prescale_Cnt_reg_1_	->
  uDTSDI002Top/uAPB_TimerPWM/uPWM3_4/Prescale_Cnt_reg_2_	->
  uDTSDI002Top/uAPB_TimerPWM/uPWM3_4/Prescale_Cnt_reg_3_	->
  uDTSDI002Top/uAPB_TimerPWM/uPWM3_4/Prescale_Cnt_reg_4_	->
  uDTSDI002Top/uAPB_TimerPWM/uPWM3_4/Prescale_Cnt_reg_5_	->
  uDTSDI002Top/uAPB_TimerPWM/uPWM3_4/Prescale_Cnt_reg_6_	->
  uDTSDI002Top/uAPB_TimerPWM/uPWM3_4/Prescale_Cnt_reg_7_	->
  uDTSDI002Top/uAPB_TimerPWM/uPWM3_4/Prescale_Cnt_reg_8_	->
  uDTSDI002Top/uAPB_TimerPWM/uPWM3_4/Prescale_Cnt_reg_9_	->
  uDTSDI002Top/uAPB_TimerPWM/uPWM3_4/R0_reg_0_	->
  uDTSDI002Top/uAPB_TimerPWM/uPWM3_4/R0_reg_1_	->
  uDTSDI002Top/uAPB_TimerPWM/uPWM3_4/R0_reg_2_	->
  uDTSDI002Top/uAPB_TimerPWM/uPWM3_4/R0_reg_3_	->
  uDTSDI002Top/uAPB_TimerPWM/uPWM3_4/R0_reg_4_	->
  uDTSDI002Top/uAPB_TimerPWM/uPWM3_4/R0_reg_5_	->
  uDTSDI002Top/uAPB_TimerPWM/uPWM3_4/R0_reg_6_	->
  uDTSDI002Top/uAPB_TimerPWM/uPWM3_4/R0_reg_7_	->
  uDTSDI002Top/uAPB_TimerPWM/uPWM3_4/R0_reg_8_	->
  uDTSDI002Top/uAPB_TimerPWM/uPWM3_4/R0_reg_9_	->
  uDTSDI002Top/uAPB_TimerPWM/uPWM3_4/R0_reg_10_	->
  uDTSDI002Top/uAPB_TimerPWM/uPWM3_4/R0_reg_11_	->
  uDTSDI002Top/uAPB_TimerPWM/uPWM3_4/R0_reg_12_	->
  uDTSDI002Top/uAPB_TimerPWM/uPWM3_4/R0_reg_13_	->
  uDTSDI002Top/uAPB_TimerPWM/uPWM3_4/R0_reg_14_	->
  uDTSDI002Top/uAPB_TimerPWM/uPWM3_4/R0_reg_15_	->
  uDTSDI002Top/uAPB_TimerPWM/uPWM3_4/R1_reg_0_	->
  uDTSDI002Top/uAPB_TimerPWM/uPWM3_4/R1_reg_1_	->
  uDTSDI002Top/uAPB_TimerPWM/uPWM3_4/R1_reg_2_	->
  uDTSDI002Top/uAPB_TimerPWM/uPWM3_4/R1_reg_3_	->
  uDTSDI002Top/uAPB_TimerPWM/uPWM3_4/R1_reg_4_	->
  uDTSDI002Top/uAPB_TimerPWM/uPWM3_4/R1_reg_5_	->
  uDTSDI002Top/uAPB_TimerPWM/uPWM3_4/R1_reg_6_	->
  uDTSDI002Top/uAPB_TimerPWM/uPWM3_4/R1_reg_7_	->
  uDTSDI002Top/uAPB_TimerPWM/uPWM3_4/R1_reg_8_	->
  uDTSDI002Top/uAPB_TimerPWM/uPWM3_4/R1_reg_9_	->
  uDTSDI002Top/uAPB_TimerPWM/uPWM3_4/R2_reg_0_	->
  uDTSDI002Top/uAPB_TimerPWM/uPWM3_4/R2_reg_1_	->
  uDTSDI002Top/uAPB_TimerPWM/uPWM3_4/R2_reg_2_	->
  uDTSDI002Top/uAPB_TimerPWM/uPWM3_4/R2_reg_3_	->
  uDTSDI002Top/uAPB_TimerPWM/uPWM3_4/R2_reg_4_	->
  uDTSDI002Top/uAPB_TimerPWM/uPWM3_4/R2_reg_5_	->
  uDTSDI002Top/uAPB_TimerPWM/uPWM3_4/R2_reg_6_	->
  uDTSDI002Top/uAPB_TimerPWM/uPWM3_4/R2_reg_7_	->
  uDTSDI002Top/uAPB_TimerPWM/uPWM3_4/R3_reg_0_	->
  uDTSDI002Top/uAPB_TimerPWM/uPWM3_4/R3_reg_1_	->
  uDTSDI002Top/uAPB_TimerPWM/uPWM3_4/R3_reg_2_	->
  uDTSDI002Top/uAPB_TimerPWM/uPWM3_4/R3_reg_3_	->
  uDTSDI002Top/uAPB_TimerPWM/uPWM3_4/R3_reg_4_	->
  uDTSDI002Top/uAPB_TimerPWM/uPWM3_4/R3_reg_5_	->
  uDTSDI002Top/uAPB_TimerPWM/uPWM3_4/R3_reg_6_	->
  uDTSDI002Top/uAPB_TimerPWM/uPWM3_4/R3_reg_7_	->
  uDTSDI002Top/uAPB_TimerPWM/uPWM3_4/R3_reg_8_	->
  uDTSDI002Top/uAPB_TimerPWM/uPWM3_4/R3_reg_9_	->
  uDTSDI002Top/uAPB_TimerPWM/uPWM3_4/R3_reg_10_	->
  uDTSDI002Top/uAPB_TimerPWM/uPWM3_4/R3_reg_11_	->
  uDTSDI002Top/uAPB_TimerPWM/uPWM3_4/R3_reg_12_	->
  uDTSDI002Top/uAPB_TimerPWM/uPWM3_4/R3_reg_13_	->
  uDTSDI002Top/uAPB_TimerPWM/uPWM3_4/R3_reg_14_	->
  uDTSDI002Top/uAPB_TimerPWM/uPWM3_4/R3_reg_15_	->
  uDTSDI002Top/uAPB_TimerPWM/uPWM3_4/R4_reg_0_	->
  uDTSDI002Top/uAPB_TimerPWM/uPWM3_4/R4_reg_1_	->
  uDTSDI002Top/uAPB_TimerPWM/uPWM3_4/R4_reg_2_	->
  uDTSDI002Top/uAPB_TimerPWM/uPWM3_4/R4_reg_3_	->
  uDTSDI002Top/uAPB_TimerPWM/uPWM3_4/R4_reg_4_	->
  uDTSDI002Top/uAPB_TimerPWM/uPWM3_4/R4_reg_5_	->
  uDTSDI002Top/uAPB_TimerPWM/uPWM3_4/R4_reg_6_	->
  uDTSDI002Top/uAPB_TimerPWM/uPWM3_4/R4_reg_7_	->
  uDTSDI002Top/uAPB_TimerPWM/uPWM3_4/R4_reg_8_	->
  uDTSDI002Top/uAPB_TimerPWM/uPWM3_4/R4_reg_9_	->
  uDTSDI002Top/uAPB_TimerPWM/uPWM3_4/R4_reg_10_	->
  uDTSDI002Top/uAPB_TimerPWM/uPWM3_4/R4_reg_11_	->
  uDTSDI002Top/uAPB_TimerPWM/uPWM3_4/R4_reg_12_	->
  uDTSDI002Top/uAPB_TimerPWM/uPWM3_4/R4_reg_13_	->
  uDTSDI002Top/uAPB_TimerPWM/uPWM3_4/R4_reg_14_	->
  uDTSDI002Top/uAPB_TimerPWM/uPWM3_4/R4_reg_15_	->
  uDTSDI002Top/uAPB_TimerPWM/uPWM3_4/TCAP_Reg_1d_reg_3_	->
  uDTSDI002Top/uAPB_TimerPWM/uPWM3_4/TCAP_Reg_1d_reg_4_	->
  uDTSDI002Top/uAPB_TimerPWM/uPWM3_4/TCAP_Reg_1d_reg_5_	->
  uDTSDI002Top/uAPB_TimerPWM/uPWM3_4/TCAP_Reg_reg_3_	->
  uDTSDI002Top/uAPB_TimerPWM/uPWM3_4/TCAP_Reg_reg_4_	->
  uDTSDI002Top/uAPB_TimerPWM/uPWM3_4/TCAP_Reg_reg_5_	->
  uDTSDI002Top/uAPB_TimerPWM/uPWM3_4/TDX_CapEn_1Pd_reg	->
  uDTSDI002Top/uAPB_TimerPWM/uPWM3_4/TDX_Up_reg	->
  uDTSDI002Top/uAPB_TimerPWM/uPWM3_4/TDx_CapEn_reg	->
  uDTSDI002Top/uAPB_TimerPWM/uPWM3_4/Timer_Cnt_reg_0_	->
  uDTSDI002Top/uAPB_TimerPWM/uPWM3_4/Timer_Cnt_reg_1_	->
  uDTSDI002Top/uAPB_TimerPWM/uPWM3_4/Timer_Cnt_reg_2_	->
  uDTSDI002Top/uAPB_TimerPWM/uPWM3_4/Timer_Cnt_reg_3_	->
  uDTSDI002Top/uAPB_TimerPWM/uPWM3_4/Timer_Cnt_reg_4_	->
  uDTSDI002Top/uAPB_TimerPWM/uPWM3_4/Timer_Cnt_reg_5_	->
  uDTSDI002Top/uAPB_TimerPWM/uPWM3_4/Timer_Cnt_reg_6_	->
  uDTSDI002Top/uAPB_TimerPWM/uPWM3_4/Timer_Cnt_reg_7_	->
  uDTSDI002Top/uAPB_TimerPWM/uPWM3_4/Timer_Cnt_reg_8_	->
  uDTSDI002Top/uAPB_TimerPWM/uPWM3_4/Timer_Cnt_reg_9_	->
  uDTSDI002Top/uAPB_TimerPWM/uPWM3_4/Timer_Cnt_reg_10_	->
  uDTSDI002Top/uAPB_TimerPWM/uPWM3_4/Timer_Cnt_reg_11_	->
  uDTSDI002Top/uAPB_TimerPWM/uPWM3_4/Timer_Cnt_reg_12_	->
  uDTSDI002Top/uAPB_TimerPWM/uPWM3_4/Timer_Cnt_reg_13_	->
  uDTSDI002Top/uAPB_TimerPWM/uPWM3_4/Timer_Cnt_reg_14_	->
  uDTSDI002Top/uAPB_TimerPWM/uPWM3_4/Timer_Cnt_reg_15_	->
  uDTSDI002Top/uAPB_TimerPWM/uPWM3_4/Timer_Match_Set_reg	->
  uDTSDI002Top/uAPB_TimerPWM/uPWM3_4/Timer_Out_reg	->
  uDTSDI002Top/uAPB_TimerPWM/uPWM3_4/Timers_OverFlow_reg	->
  uDTSDI002Top/uAPB_TimerPWM/uPWM3_4/iPRDATA_reg_0_	->
  uDTSDI002Top/uAPB_TimerPWM/uPWM3_4/iPRDATA_reg_1_	->
  uDTSDI002Top/uAPB_TimerPWM/uPWM3_4/iPRDATA_reg_2_	->
  uDTSDI002Top/uAPB_TimerPWM/uPWM3_4/iPRDATA_reg_3_	->
  uDTSDI002Top/uAPB_TimerPWM/uPWM3_4/iPRDATA_reg_4_	->
  uDTSDI002Top/uAPB_TimerPWM/uPWM3_4/iPRDATA_reg_5_	->
  uDTSDI002Top/uAPB_TimerPWM/uPWM3_4/iPRDATA_reg_6_	->
  uDTSDI002Top/uAPB_TimerPWM/uPWM3_4/iPRDATA_reg_7_	->
  uDTSDI002Top/uAPB_TimerPWM/uPWM3_4/iPRDATA_reg_8_	->
  uDTSDI002Top/uAPB_TimerPWM/uPWM3_4/iPRDATA_reg_9_	->
  uDTSDI002Top/uAPB_TimerPWM/uPWM3_4/iPRDATA_reg_10_	->
  uDTSDI002Top/uAPB_TimerPWM/uPWM3_4/iPRDATA_reg_11_	->
  uDTSDI002Top/uAPB_TimerPWM/uPWM3_4/iPRDATA_reg_12_	->
  uDTSDI002Top/uAPB_TimerPWM/uPWM3_4/iPRDATA_reg_13_	->
  uDTSDI002Top/uAPB_TimerPWM/uPWM3_4/iPRDATA_reg_14_	->
  uDTSDI002Top/uAPB_TimerPWM/uPWM3_4/iPRDATA_reg_15_	->
  uDTSDI002Top/uAPB_TimerPWM/uPWM3_5/FL_CHCLK_reg	->
  uDTSDI002Top/uAPB_TimerPWM/uPWM3_5/OUTCLK_1d_reg	->
  uDTSDI002Top/uAPB_TimerPWM/uPWM3_5/OUTCLK_2d_reg	->
  uDTSDI002Top/uAPB_TimerPWM/uPWM3_5/OUTCLK_3d_reg	->
  uDTSDI002Top/uAPB_TimerPWM/uPWM3_5/OUTCLK_4d_reg	->
  uDTSDI002Top/uAPB_TimerPWM/uPWM3_5/OUTCLK_reg	->
  uDTSDI002Top/uAPB_TimerPWM/uPWM3_5/PWM_Out_reg	->
  uDTSDI002Top/uAPB_TimerPWM/uPWM3_5/Prescale_Cnt_reg_0_	->
  uDTSDI002Top/uAPB_TimerPWM/uPWM3_5/Prescale_Cnt_reg_1_	->
  uDTSDI002Top/uAPB_TimerPWM/uPWM3_5/Prescale_Cnt_reg_2_	->
  uDTSDI002Top/uAPB_TimerPWM/uPWM3_5/Prescale_Cnt_reg_3_	->
  uDTSDI002Top/uAPB_TimerPWM/uPWM3_5/Prescale_Cnt_reg_4_	->
  uDTSDI002Top/uAPB_TimerPWM/uPWM3_5/Prescale_Cnt_reg_5_	->
  uDTSDI002Top/uAPB_TimerPWM/uPWM3_5/Prescale_Cnt_reg_6_	->
  uDTSDI002Top/uAPB_TimerPWM/uPWM3_5/Prescale_Cnt_reg_7_	->
  uDTSDI002Top/uAPB_TimerPWM/uPWM3_5/Prescale_Cnt_reg_8_	->
  uDTSDI002Top/uAPB_TimerPWM/uPWM3_5/Prescale_Cnt_reg_9_	->
  uDTSDI002Top/uAPB_TimerPWM/uPWM3_5/R0_reg_0_	->
  uDTSDI002Top/uAPB_TimerPWM/uPWM3_5/R0_reg_1_	->
  uDTSDI002Top/uAPB_TimerPWM/uPWM3_5/R0_reg_2_	->
  uDTSDI002Top/uAPB_TimerPWM/uPWM3_5/R0_reg_3_	->
  uDTSDI002Top/uAPB_TimerPWM/uPWM3_5/R0_reg_4_	->
  uDTSDI002Top/uAPB_TimerPWM/uPWM3_5/R0_reg_5_	->
  uDTSDI002Top/uAPB_TimerPWM/uPWM3_5/R0_reg_6_	->
  uDTSDI002Top/uAPB_TimerPWM/uPWM3_5/R0_reg_7_	->
  uDTSDI002Top/uAPB_TimerPWM/uPWM3_5/R0_reg_8_	->
  uDTSDI002Top/uAPB_TimerPWM/uPWM3_5/R0_reg_9_	->
  uDTSDI002Top/uAPB_TimerPWM/uPWM3_5/R0_reg_10_	->
  uDTSDI002Top/uAPB_TimerPWM/uPWM3_5/R0_reg_11_	->
  uDTSDI002Top/uAPB_TimerPWM/uPWM3_5/R0_reg_12_	->
  uDTSDI002Top/uAPB_TimerPWM/uPWM3_5/R0_reg_13_	->
  uDTSDI002Top/uAPB_TimerPWM/uPWM3_5/R0_reg_14_	->
  uDTSDI002Top/uAPB_TimerPWM/uPWM3_5/R0_reg_15_	->
  uDTSDI002Top/uAPB_TimerPWM/uPWM3_5/R1_reg_0_	->
  uDTSDI002Top/uAPB_TimerPWM/uPWM3_5/R1_reg_1_	->
  uDTSDI002Top/uAPB_TimerPWM/uPWM3_5/R1_reg_2_	->
  uDTSDI002Top/uAPB_TimerPWM/uPWM3_5/R1_reg_3_	->
  uDTSDI002Top/uAPB_TimerPWM/uPWM3_5/R1_reg_4_	->
  uDTSDI002Top/uAPB_TimerPWM/uPWM3_5/R1_reg_5_	->
  uDTSDI002Top/uAPB_TimerPWM/uPWM3_5/R1_reg_6_	->
  uDTSDI002Top/uAPB_TimerPWM/uPWM3_5/R1_reg_7_	->
  uDTSDI002Top/uAPB_TimerPWM/uPWM3_5/R1_reg_8_	->
  uDTSDI002Top/uAPB_TimerPWM/uPWM3_5/R1_reg_9_	->
  uDTSDI002Top/uAPB_TimerPWM/uPWM3_5/R2_reg_0_	->
  uDTSDI002Top/uAPB_TimerPWM/uPWM3_5/R2_reg_1_	->
  uDTSDI002Top/uAPB_TimerPWM/uPWM3_5/R2_reg_2_	->
  uDTSDI002Top/uAPB_TimerPWM/uPWM3_5/R2_reg_3_	->
  uDTSDI002Top/uAPB_TimerPWM/uPWM3_5/R2_reg_4_	->
  uDTSDI002Top/uAPB_TimerPWM/uPWM3_5/R2_reg_5_	->
  uDTSDI002Top/uAPB_TimerPWM/uPWM3_5/R2_reg_6_	->
  uDTSDI002Top/uAPB_TimerPWM/uPWM3_5/R2_reg_7_	->
  uDTSDI002Top/uAPB_TimerPWM/uPWM3_5/R3_reg_0_	->
  uDTSDI002Top/uAPB_TimerPWM/uPWM3_5/R3_reg_1_	->
  uDTSDI002Top/uAPB_TimerPWM/uPWM3_5/R3_reg_2_	->
  uDTSDI002Top/uAPB_TimerPWM/uPWM3_5/R3_reg_3_	->
  uDTSDI002Top/uAPB_TimerPWM/uPWM3_5/R3_reg_4_	->
  uDTSDI002Top/uAPB_TimerPWM/uPWM3_5/R3_reg_5_	->
  uDTSDI002Top/uAPB_TimerPWM/uPWM3_5/R3_reg_6_	->
  uDTSDI002Top/uAPB_TimerPWM/uPWM3_5/R3_reg_7_	->
  uDTSDI002Top/uAPB_TimerPWM/uPWM3_5/R3_reg_8_	->
  uDTSDI002Top/uAPB_TimerPWM/uPWM3_5/R3_reg_9_	->
  uDTSDI002Top/uAPB_TimerPWM/uPWM3_5/R3_reg_10_	->
  uDTSDI002Top/uAPB_TimerPWM/uPWM3_5/R3_reg_11_	->
  uDTSDI002Top/uAPB_TimerPWM/uPWM3_5/R3_reg_12_	->
  uDTSDI002Top/uAPB_TimerPWM/uPWM3_5/R3_reg_13_	->
  uDTSDI002Top/uAPB_TimerPWM/uPWM3_5/R3_reg_14_	->
  uDTSDI002Top/uAPB_TimerPWM/uPWM3_5/R3_reg_15_	->
  uDTSDI002Top/uAPB_TimerPWM/uPWM3_5/R4_reg_0_	->
  uDTSDI002Top/uAPB_TimerPWM/uPWM3_5/R4_reg_1_	->
  uDTSDI002Top/uAPB_TimerPWM/uPWM3_5/R4_reg_2_	->
  uDTSDI002Top/uAPB_TimerPWM/uPWM3_5/R4_reg_3_	->
  uDTSDI002Top/uAPB_TimerPWM/uPWM3_5/R4_reg_4_	->
  uDTSDI002Top/uAPB_TimerPWM/uPWM3_5/R4_reg_5_	->
  uDTSDI002Top/uAPB_TimerPWM/uPWM3_5/R4_reg_6_	->
  uDTSDI002Top/uAPB_TimerPWM/uPWM3_5/R4_reg_7_	->
  uDTSDI002Top/uAPB_TimerPWM/uPWM3_5/R4_reg_8_	->
  uDTSDI002Top/uAPB_TimerPWM/uPWM3_5/R4_reg_9_	->
  uDTSDI002Top/uAPB_TimerPWM/uPWM3_5/R4_reg_10_	->
  uDTSDI002Top/uAPB_TimerPWM/uPWM3_5/R4_reg_11_	->
  uDTSDI002Top/uAPB_TimerPWM/uPWM3_5/R4_reg_12_	->
  uDTSDI002Top/uAPB_TimerPWM/uPWM3_5/R4_reg_13_	->
  uDTSDI002Top/uAPB_TimerPWM/uPWM3_5/R4_reg_14_	->
  uDTSDI002Top/uAPB_TimerPWM/uPWM3_5/R4_reg_15_	->
  uDTSDI002Top/uAPB_TimerPWM/uPWM3_5/TCAP_Reg_1d_reg_3_	->
  uDTSDI002Top/uAPB_TimerPWM/uPWM3_5/TCAP_Reg_1d_reg_4_	->
  uDTSDI002Top/uAPB_TimerPWM/uPWM3_5/TCAP_Reg_1d_reg_5_	->
  uDTSDI002Top/uAPB_TimerPWM/uPWM3_5/TCAP_Reg_reg_3_	->
  uDTSDI002Top/uAPB_TimerPWM/uPWM3_5/TCAP_Reg_reg_4_	->
  uDTSDI002Top/uAPB_TimerPWM/uPWM3_5/TCAP_Reg_reg_5_	->
  uDTSDI002Top/uAPB_TimerPWM/uPWM3_5/TDX_CapEn_1Pd_reg	->
  uDTSDI002Top/uAPB_TimerPWM/uPWM3_5/TDX_Up_reg	->
  uDTSDI002Top/uAPB_TimerPWM/uPWM3_5/TDx_CapEn_reg	->
  uDTSDI002Top/uAPB_TimerPWM/uPWM3_5/Timer_Cnt_reg_0_	->
  uDTSDI002Top/uAPB_TimerPWM/uPWM3_5/Timer_Cnt_reg_1_	->
  uDTSDI002Top/uAPB_TimerPWM/uPWM3_5/Timer_Cnt_reg_2_	->
  uDTSDI002Top/uAPB_TimerPWM/uPWM3_5/Timer_Cnt_reg_3_	->
  uDTSDI002Top/uAPB_TimerPWM/uPWM3_5/Timer_Cnt_reg_4_	->
  uDTSDI002Top/uAPB_TimerPWM/uPWM3_5/Timer_Cnt_reg_5_	->
  uDTSDI002Top/uAPB_TimerPWM/uPWM3_5/Timer_Cnt_reg_6_	->
  uDTSDI002Top/uAPB_TimerPWM/uPWM3_5/Timer_Cnt_reg_7_	->
  uDTSDI002Top/uAPB_TimerPWM/uPWM3_5/Timer_Cnt_reg_8_	->
  uDTSDI002Top/uAPB_TimerPWM/uPWM3_5/Timer_Cnt_reg_9_	->
  uDTSDI002Top/uAPB_TimerPWM/uPWM3_5/Timer_Cnt_reg_10_	->
  uDTSDI002Top/uAPB_TimerPWM/uPWM3_5/Timer_Cnt_reg_11_	->
  uDTSDI002Top/uAPB_TimerPWM/uPWM3_5/Timer_Cnt_reg_12_	->
  uDTSDI002Top/uAPB_TimerPWM/uPWM3_5/Timer_Cnt_reg_13_	->
  uDTSDI002Top/uAPB_TimerPWM/uPWM3_5/Timer_Cnt_reg_14_	->
  uDTSDI002Top/uAPB_TimerPWM/uPWM3_5/Timer_Cnt_reg_15_	->
  uDTSDI002Top/uAPB_TimerPWM/uPWM3_5/Timer_Match_Set_reg	->
  uDTSDI002Top/uAPB_TimerPWM/uPWM3_5/Timer_Out_reg	->
  uDTSDI002Top/uAPB_TimerPWM/uPWM3_5/Timers_OverFlow_reg	->
  uDTSDI002Top/uAPB_TimerPWM/uPWM3_5/iPRDATA_reg_0_	->
  uDTSDI002Top/uAPB_TimerPWM/uPWM3_5/iPRDATA_reg_1_	->
  uDTSDI002Top/uAPB_TimerPWM/uPWM3_5/iPRDATA_reg_2_	->
  uDTSDI002Top/uAPB_TimerPWM/uPWM3_5/iPRDATA_reg_3_	->
  uDTSDI002Top/uAPB_TimerPWM/uPWM3_5/iPRDATA_reg_4_	->
  uDTSDI002Top/uAPB_TimerPWM/uPWM3_5/iPRDATA_reg_5_	->
  uDTSDI002Top/uAPB_TimerPWM/uPWM3_5/iPRDATA_reg_6_	->
  uDTSDI002Top/uAPB_TimerPWM/uPWM3_5/iPRDATA_reg_7_	->
  uDTSDI002Top/uAPB_TimerPWM/uPWM3_5/iPRDATA_reg_8_	->
  uDTSDI002Top/uAPB_TimerPWM/uPWM3_5/iPRDATA_reg_9_	->
  uDTSDI002Top/uAPB_TimerPWM/uPWM3_5/iPRDATA_reg_10_	->
  uDTSDI002Top/uAPB_TimerPWM/uPWM3_5/iPRDATA_reg_11_	->
  uDTSDI002Top/uAPB_TimerPWM/uPWM3_5/iPRDATA_reg_12_	->
  uDTSDI002Top/uAPB_TimerPWM/uPWM3_5/iPRDATA_reg_13_	->
  uDTSDI002Top/uAPB_TimerPWM/uPWM3_5/iPRDATA_reg_14_	->
  uDTSDI002Top/uAPB_TimerPWM/uPWM3_5/iPRDATA_reg_15_	->
  uDTSDI002Top/uAPB_TimerPWM/uPWM3_6/FL_CHCLK_reg	->
  uDTSDI002Top/uAPB_TimerPWM/uPWM3_6/OUTCLK_1d_reg	->
  uDTSDI002Top/uAPB_TimerPWM/uPWM3_6/OUTCLK_2d_reg	->
  uDTSDI002Top/uAPB_TimerPWM/uPWM3_6/OUTCLK_3d_reg	->
  uDTSDI002Top/uAPB_TimerPWM/uPWM3_6/OUTCLK_4d_reg	->
  uDTSDI002Top/uAPB_TimerPWM/uPWM3_6/OUTCLK_reg	->
  uDTSDI002Top/uAPB_TimerPWM/uPWM3_6/PWM_Out_reg	->
  uDTSDI002Top/uAPB_TimerPWM/uPWM3_6/Prescale_Cnt_reg_0_	->
  uDTSDI002Top/uAPB_TimerPWM/uPWM3_6/Prescale_Cnt_reg_1_	->
  uDTSDI002Top/uAPB_TimerPWM/uPWM3_6/Prescale_Cnt_reg_2_	->
  uDTSDI002Top/uAPB_TimerPWM/uPWM3_6/Prescale_Cnt_reg_3_	->
  uDTSDI002Top/uAPB_TimerPWM/uPWM3_6/Prescale_Cnt_reg_4_	->
  uDTSDI002Top/uAPB_TimerPWM/uPWM3_6/Prescale_Cnt_reg_5_	->
  uDTSDI002Top/uAPB_TimerPWM/uPWM3_6/Prescale_Cnt_reg_6_	->
  uDTSDI002Top/uAPB_TimerPWM/uPWM3_6/Prescale_Cnt_reg_7_	->
  uDTSDI002Top/uAPB_TimerPWM/uPWM3_6/Prescale_Cnt_reg_8_	->
  uDTSDI002Top/uAPB_TimerPWM/uPWM3_6/Prescale_Cnt_reg_9_	->
  uDTSDI002Top/uAPB_TimerPWM/uPWM3_6/R0_reg_0_	->
  uDTSDI002Top/uAPB_TimerPWM/uPWM3_6/R0_reg_1_	->
  uDTSDI002Top/uAPB_TimerPWM/uPWM3_6/R0_reg_2_	->
  uDTSDI002Top/uAPB_TimerPWM/uPWM3_6/R0_reg_3_	->
  uDTSDI002Top/uAPB_TimerPWM/uPWM3_6/R0_reg_4_	->
  uDTSDI002Top/uAPB_TimerPWM/uPWM3_6/R0_reg_5_	->
  uDTSDI002Top/uAPB_TimerPWM/uPWM3_6/R0_reg_6_	->
  uDTSDI002Top/uAPB_TimerPWM/uPWM3_6/R0_reg_7_	->
  uDTSDI002Top/uAPB_TimerPWM/uPWM3_6/R0_reg_8_	->
  uDTSDI002Top/uAPB_TimerPWM/uPWM3_6/R0_reg_9_	->
  uDTSDI002Top/uAPB_TimerPWM/uPWM3_6/R0_reg_10_	->
  uDTSDI002Top/uAPB_TimerPWM/uPWM3_6/R0_reg_11_	->
  uDTSDI002Top/uAPB_TimerPWM/uPWM3_6/R0_reg_12_	->
  uDTSDI002Top/uAPB_TimerPWM/uPWM3_6/R0_reg_13_	->
  uDTSDI002Top/uAPB_TimerPWM/uPWM3_6/R0_reg_14_	->
  uDTSDI002Top/uAPB_TimerPWM/uPWM3_6/R0_reg_15_	->
  uDTSDI002Top/uAPB_TimerPWM/uPWM3_6/R1_reg_0_	->
  uDTSDI002Top/uAPB_TimerPWM/uPWM3_6/R1_reg_1_	->
  uDTSDI002Top/uAPB_TimerPWM/uPWM3_6/R1_reg_2_	->
  uDTSDI002Top/uAPB_TimerPWM/uPWM3_6/R1_reg_3_	->
  uDTSDI002Top/uAPB_TimerPWM/uPWM3_6/R1_reg_4_	->
  uDTSDI002Top/uAPB_TimerPWM/uPWM3_6/R1_reg_5_	->
  uDTSDI002Top/uAPB_TimerPWM/uPWM3_6/R1_reg_6_	->
  uDTSDI002Top/uAPB_TimerPWM/uPWM3_6/R1_reg_7_	->
  uDTSDI002Top/uAPB_TimerPWM/uPWM3_6/R1_reg_8_	->
  uDTSDI002Top/uAPB_TimerPWM/uPWM3_6/R1_reg_9_	->
  uDTSDI002Top/uAPB_TimerPWM/uPWM3_6/R2_reg_0_	->
  uDTSDI002Top/uAPB_TimerPWM/uPWM3_6/R2_reg_1_	->
  uDTSDI002Top/uAPB_TimerPWM/uPWM3_6/R2_reg_2_	->
  uDTSDI002Top/uAPB_TimerPWM/uPWM3_6/R2_reg_3_	->
  uDTSDI002Top/uAPB_TimerPWM/uPWM3_6/R2_reg_4_	->
  uDTSDI002Top/uAPB_TimerPWM/uPWM3_6/R2_reg_5_	->
  uDTSDI002Top/uAPB_TimerPWM/uPWM3_6/R2_reg_6_	->
  uDTSDI002Top/uAPB_TimerPWM/uPWM3_6/R2_reg_7_	->
  uDTSDI002Top/uAPB_TimerPWM/uPWM3_6/R3_reg_0_	->
  uDTSDI002Top/uAPB_TimerPWM/uPWM3_6/R3_reg_1_	->
  uDTSDI002Top/uAPB_TimerPWM/uPWM3_6/R3_reg_2_	->
  uDTSDI002Top/uAPB_TimerPWM/uPWM3_6/R3_reg_3_	->
  uDTSDI002Top/uAPB_TimerPWM/uPWM3_6/R3_reg_4_	->
  uDTSDI002Top/uAPB_TimerPWM/uPWM3_6/R3_reg_5_	->
  uDTSDI002Top/uAPB_TimerPWM/uPWM3_6/R3_reg_6_	->
  uDTSDI002Top/uAPB_TimerPWM/uPWM3_6/R3_reg_7_	->
  uDTSDI002Top/uAPB_TimerPWM/uPWM3_6/R3_reg_8_	->
  uDTSDI002Top/uAPB_TimerPWM/uPWM3_6/R3_reg_9_	->
  uDTSDI002Top/uAPB_TimerPWM/uPWM3_6/R3_reg_10_	->
  uDTSDI002Top/uAPB_TimerPWM/uPWM3_6/R3_reg_11_	->
  uDTSDI002Top/uAPB_TimerPWM/uPWM3_6/R3_reg_12_	->
  uDTSDI002Top/uAPB_TimerPWM/uPWM3_6/R3_reg_13_	->
  uDTSDI002Top/uAPB_TimerPWM/uPWM3_6/R3_reg_14_	->
  uDTSDI002Top/uAPB_TimerPWM/uPWM3_6/R3_reg_15_	->
  uDTSDI002Top/uAPB_TimerPWM/uPWM3_6/R4_reg_0_	->
  uDTSDI002Top/uAPB_TimerPWM/uPWM3_6/R4_reg_1_	->
  uDTSDI002Top/uAPB_TimerPWM/uPWM3_6/R4_reg_2_	->
  uDTSDI002Top/uAPB_TimerPWM/uPWM3_6/R4_reg_3_	->
  uDTSDI002Top/uAPB_TimerPWM/uPWM3_6/R4_reg_4_	->
  uDTSDI002Top/uAPB_TimerPWM/uPWM3_6/R4_reg_5_	->
  uDTSDI002Top/uAPB_TimerPWM/uPWM3_6/R4_reg_6_	->
  uDTSDI002Top/uAPB_TimerPWM/uPWM3_6/R4_reg_7_	->
  uDTSDI002Top/uAPB_TimerPWM/uPWM3_6/R4_reg_8_	->
  uDTSDI002Top/uAPB_TimerPWM/uPWM3_6/R4_reg_9_	->
  uDTSDI002Top/uAPB_TimerPWM/uPWM3_6/R4_reg_10_	->
  uDTSDI002Top/uAPB_TimerPWM/uPWM3_6/R4_reg_11_	->
  uDTSDI002Top/uAPB_TimerPWM/uPWM3_6/R4_reg_12_	->
  uDTSDI002Top/uAPB_TimerPWM/uPWM3_6/R4_reg_13_	->
  uDTSDI002Top/uAPB_TimerPWM/uPWM3_6/R4_reg_14_	->
  uDTSDI002Top/uAPB_TimerPWM/uPWM3_6/R4_reg_15_	->
  uDTSDI002Top/uAPB_TimerPWM/uPWM3_6/TCAP_Reg_1d_reg_3_	->
  uDTSDI002Top/uAPB_TimerPWM/uPWM3_6/TCAP_Reg_1d_reg_4_	->
  uDTSDI002Top/uAPB_TimerPWM/uPWM3_6/TCAP_Reg_1d_reg_5_	->
  uDTSDI002Top/uAPB_TimerPWM/uPWM3_6/TCAP_Reg_reg_3_	->
  uDTSDI002Top/uAPB_TimerPWM/uPWM3_6/TCAP_Reg_reg_4_	->
  uDTSDI002Top/uAPB_TimerPWM/uPWM3_6/TCAP_Reg_reg_5_	->
  uDTSDI002Top/uAPB_TimerPWM/uPWM3_6/TDX_CapEn_1Pd_reg	->
  uDTSDI002Top/uAPB_TimerPWM/uPWM3_6/TDX_Up_reg	->
  uDTSDI002Top/uAPB_TimerPWM/uPWM3_6/TDx_CapEn_reg	->
  uDTSDI002Top/uAPB_TimerPWM/uPWM3_6/Timer_Cnt_reg_0_	->
  uDTSDI002Top/uAPB_TimerPWM/uPWM3_6/Timer_Cnt_reg_1_	->
  uDTSDI002Top/uAPB_TimerPWM/uPWM3_6/Timer_Cnt_reg_2_	->
  uDTSDI002Top/uAPB_TimerPWM/uPWM3_6/Timer_Cnt_reg_3_	->
  uDTSDI002Top/uAPB_TimerPWM/uPWM3_6/Timer_Cnt_reg_4_	->
  uDTSDI002Top/uAPB_TimerPWM/uPWM3_6/Timer_Cnt_reg_5_	->
  uDTSDI002Top/uAPB_TimerPWM/uPWM3_6/Timer_Cnt_reg_6_	->
  uDTSDI002Top/uAPB_TimerPWM/uPWM3_6/Timer_Cnt_reg_7_	->
  uDTSDI002Top/uAPB_TimerPWM/uPWM3_6/Timer_Cnt_reg_8_	->
  uDTSDI002Top/uAPB_TimerPWM/uPWM3_6/Timer_Cnt_reg_9_	->
  uDTSDI002Top/uAPB_TimerPWM/uPWM3_6/Timer_Cnt_reg_10_	->
  uDTSDI002Top/uAPB_TimerPWM/uPWM3_6/Timer_Cnt_reg_11_	->
  uDTSDI002Top/uAPB_TimerPWM/uPWM3_6/Timer_Cnt_reg_12_	->
  uDTSDI002Top/uAPB_TimerPWM/uPWM3_6/Timer_Cnt_reg_13_	->
  uDTSDI002Top/uAPB_TimerPWM/uPWM3_6/Timer_Cnt_reg_14_	->
  uDTSDI002Top/uAPB_TimerPWM/uPWM3_6/Timer_Cnt_reg_15_	->
  uDTSDI002Top/uAPB_TimerPWM/uPWM3_6/Timer_Match_Set_reg	->
  uDTSDI002Top/uAPB_TimerPWM/uPWM3_6/Timer_Out_reg	->
  uDTSDI002Top/uAPB_TimerPWM/uPWM3_6/Timers_OverFlow_reg	->
  uDTSDI002Top/uAPB_TimerPWM/uPWM3_6/iPRDATA_reg_0_	->
  uDTSDI002Top/uAPB_TimerPWM/uPWM3_6/iPRDATA_reg_1_	->
  uDTSDI002Top/uAPB_TimerPWM/uPWM3_6/iPRDATA_reg_2_	->
  uDTSDI002Top/uAPB_TimerPWM/uPWM3_6/iPRDATA_reg_3_	->
  uDTSDI002Top/uAPB_TimerPWM/uPWM3_6/iPRDATA_reg_4_	->
  uDTSDI002Top/uAPB_TimerPWM/uPWM3_6/iPRDATA_reg_5_	->
  uDTSDI002Top/uAPB_TimerPWM/uPWM3_6/iPRDATA_reg_6_	->
  uDTSDI002Top/uAPB_TimerPWM/uPWM3_6/iPRDATA_reg_7_	->
  uDTSDI002Top/uAPB_TimerPWM/uPWM3_6/iPRDATA_reg_8_	->
  uDTSDI002Top/uAPB_TimerPWM/uPWM3_6/iPRDATA_reg_9_	->
  uDTSDI002Top/uAPB_TimerPWM/uPWM3_6/iPRDATA_reg_10_	->
  uDTSDI002Top/uAPB_TimerPWM/uPWM3_6/iPRDATA_reg_11_	->
  uDTSDI002Top/uAPB_TimerPWM/uPWM3_6/iPRDATA_reg_12_	->
  uDTSDI002Top/uAPB_TimerPWM/uPWM3_6/iPRDATA_reg_13_	->
  uDTSDI002Top/uAPB_TimerPWM/uPWM3_6/iPRDATA_reg_14_	->
  uDTSDI002Top/uAPB_TimerPWM/uPWM3_6/iPRDATA_reg_15_	->
  uDTSDI002Top/uAPB_TimerPWM/uPWM3_7/FL_CHCLK_reg	->
  uDTSDI002Top/uAPB_TimerPWM/uPWM3_7/OUTCLK_1d_reg	->
  uDTSDI002Top/uAPB_TimerPWM/uPWM3_7/OUTCLK_2d_reg	->
  uDTSDI002Top/uAPB_TimerPWM/uPWM3_7/OUTCLK_3d_reg	->
  uDTSDI002Top/uAPB_TimerPWM/uPWM3_7/OUTCLK_4d_reg	->
  uDTSDI002Top/uAPB_TimerPWM/uPWM3_7/OUTCLK_reg	->
  uDTSDI002Top/uAPB_TimerPWM/uPWM3_7/PWM_Out_reg	->
  uDTSDI002Top/uAPB_TimerPWM/uPWM3_7/Prescale_Cnt_reg_0_	->
  uDTSDI002Top/uAPB_TimerPWM/uPWM3_7/Prescale_Cnt_reg_1_	->
  uDTSDI002Top/uAPB_TimerPWM/uPWM3_7/Prescale_Cnt_reg_2_	->
  uDTSDI002Top/uAPB_TimerPWM/uPWM3_7/Prescale_Cnt_reg_3_	->
  uDTSDI002Top/uAPB_TimerPWM/uPWM3_7/Prescale_Cnt_reg_4_	->
  uDTSDI002Top/uAPB_TimerPWM/uPWM3_7/Prescale_Cnt_reg_5_	->
  uDTSDI002Top/uAPB_TimerPWM/uPWM3_7/Prescale_Cnt_reg_6_	->
  uDTSDI002Top/uAPB_TimerPWM/uPWM3_7/Prescale_Cnt_reg_7_	->
  uDTSDI002Top/uAPB_TimerPWM/uPWM3_7/Prescale_Cnt_reg_8_	->
  uDTSDI002Top/uAPB_TimerPWM/uPWM3_7/Prescale_Cnt_reg_9_	->
  uDTSDI002Top/uAPB_TimerPWM/uPWM3_7/R0_reg_0_	->
  uDTSDI002Top/uAPB_TimerPWM/uPWM3_7/R0_reg_1_	->
  uDTSDI002Top/uAPB_TimerPWM/uPWM3_7/R0_reg_2_	->
  uDTSDI002Top/uAPB_TimerPWM/uPWM3_7/R0_reg_3_	->
  uDTSDI002Top/uAPB_TimerPWM/uPWM3_7/R0_reg_4_	->
  uDTSDI002Top/uAPB_TimerPWM/uPWM3_7/R0_reg_5_	->
  uDTSDI002Top/uAPB_TimerPWM/uPWM3_7/R0_reg_6_	->
  uDTSDI002Top/uAPB_TimerPWM/uPWM3_7/R0_reg_7_	->
  uDTSDI002Top/uAPB_TimerPWM/uPWM3_7/R0_reg_8_	->
  uDTSDI002Top/uAPB_TimerPWM/uPWM3_7/R0_reg_9_	->
  uDTSDI002Top/uAPB_TimerPWM/uPWM3_7/R0_reg_10_	->
  uDTSDI002Top/uAPB_TimerPWM/uPWM3_7/R0_reg_11_	->
  uDTSDI002Top/uAPB_TimerPWM/uPWM3_7/R0_reg_12_	->
  uDTSDI002Top/uAPB_TimerPWM/uPWM3_7/R0_reg_13_	->
  uDTSDI002Top/uAPB_TimerPWM/uPWM3_7/R0_reg_14_	->
  uDTSDI002Top/uAPB_TimerPWM/uPWM3_7/R0_reg_15_	->
  uDTSDI002Top/uAPB_TimerPWM/uPWM3_7/R1_reg_0_	->
  uDTSDI002Top/uAPB_TimerPWM/uPWM3_7/R1_reg_1_	->
  uDTSDI002Top/uAPB_TimerPWM/uPWM3_7/R1_reg_2_	->
  uDTSDI002Top/uAPB_TimerPWM/uPWM3_7/R1_reg_3_	->
  uDTSDI002Top/uAPB_TimerPWM/uPWM3_7/R1_reg_4_	->
  uDTSDI002Top/uAPB_TimerPWM/uPWM3_7/R1_reg_5_	->
  uDTSDI002Top/uAPB_TimerPWM/uPWM3_7/R1_reg_6_	->
  uDTSDI002Top/uAPB_TimerPWM/uPWM3_7/R1_reg_7_	->
  uDTSDI002Top/uAPB_TimerPWM/uPWM3_7/R1_reg_8_	->
  uDTSDI002Top/uAPB_TimerPWM/uPWM3_7/R1_reg_9_	->
  uDTSDI002Top/uAPB_TimerPWM/uPWM3_7/R2_reg_0_	->
  uDTSDI002Top/uAPB_TimerPWM/uPWM3_7/R2_reg_1_	->
  uDTSDI002Top/uAPB_TimerPWM/uPWM3_7/R2_reg_2_	->
  uDTSDI002Top/uAPB_TimerPWM/uPWM3_7/R2_reg_3_	->
  uDTSDI002Top/uAPB_TimerPWM/uPWM3_7/R2_reg_4_	->
  uDTSDI002Top/uAPB_TimerPWM/uPWM3_7/R2_reg_5_	->
  uDTSDI002Top/uAPB_TimerPWM/uPWM3_7/R2_reg_6_	->
  uDTSDI002Top/uAPB_TimerPWM/uPWM3_7/R2_reg_7_	->
  uDTSDI002Top/uAPB_TimerPWM/uPWM3_7/R3_reg_0_	->
  uDTSDI002Top/uAPB_TimerPWM/uPWM3_7/R3_reg_1_	->
  uDTSDI002Top/uAPB_TimerPWM/uPWM3_7/R3_reg_2_	->
  uDTSDI002Top/uAPB_TimerPWM/uPWM3_7/R3_reg_3_	->
  uDTSDI002Top/uAPB_TimerPWM/uPWM3_7/R3_reg_4_	->
  uDTSDI002Top/uAPB_TimerPWM/uPWM3_7/R3_reg_5_	->
  uDTSDI002Top/uAPB_TimerPWM/uPWM3_7/R3_reg_6_	->
  uDTSDI002Top/uAPB_TimerPWM/uPWM3_7/R3_reg_7_	->
  uDTSDI002Top/uAPB_TimerPWM/uPWM3_7/R3_reg_8_	->
  uDTSDI002Top/uAPB_TimerPWM/uPWM3_7/R3_reg_9_	->
  uDTSDI002Top/uAPB_TimerPWM/uPWM3_7/R3_reg_10_	->
  uDTSDI002Top/uAPB_TimerPWM/uPWM3_7/R3_reg_11_	->
  uDTSDI002Top/uAPB_TimerPWM/uPWM3_7/R3_reg_12_	->
  uDTSDI002Top/uAPB_TimerPWM/uPWM3_7/R3_reg_13_	->
  uDTSDI002Top/uAPB_TimerPWM/uPWM3_7/R3_reg_14_	->
  uDTSDI002Top/uAPB_TimerPWM/uPWM3_7/R3_reg_15_	->
  uDTSDI002Top/uAPB_TimerPWM/uPWM3_7/R4_reg_0_	->
  uDTSDI002Top/uAPB_TimerPWM/uPWM3_7/R4_reg_1_	->
  uDTSDI002Top/uAPB_TimerPWM/uPWM3_7/R4_reg_2_	->
  uDTSDI002Top/uAPB_TimerPWM/uPWM3_7/R4_reg_3_	->
  uDTSDI002Top/uAPB_TimerPWM/uPWM3_7/R4_reg_4_	->
  uDTSDI002Top/uAPB_TimerPWM/uPWM3_7/R4_reg_5_	->
  uDTSDI002Top/uAPB_TimerPWM/uPWM3_7/R4_reg_6_	->
  uDTSDI002Top/uAPB_TimerPWM/uPWM3_7/R4_reg_7_	->
  uDTSDI002Top/uAPB_TimerPWM/uPWM3_7/R4_reg_8_	->
  uDTSDI002Top/uAPB_TimerPWM/uPWM3_7/R4_reg_9_	->
  uDTSDI002Top/uAPB_TimerPWM/uPWM3_7/R4_reg_10_	->
  uDTSDI002Top/uAPB_TimerPWM/uPWM3_7/R4_reg_11_	->
  uDTSDI002Top/uAPB_TimerPWM/uPWM3_7/R4_reg_12_	->
  uDTSDI002Top/uAPB_TimerPWM/uPWM3_7/R4_reg_13_	->
  uDTSDI002Top/uAPB_TimerPWM/uPWM3_7/R4_reg_14_	->
  uDTSDI002Top/uAPB_TimerPWM/uPWM3_7/R4_reg_15_	->
  uDTSDI002Top/uAPB_TimerPWM/uPWM3_7/TCAP_Reg_1d_reg_3_	->
  uDTSDI002Top/uAPB_TimerPWM/uPWM3_7/TCAP_Reg_1d_reg_4_	->
  uDTSDI002Top/uAPB_TimerPWM/uPWM3_7/TCAP_Reg_1d_reg_5_	->
  uDTSDI002Top/uAPB_TimerPWM/uPWM3_7/TCAP_Reg_reg_3_	->
  uDTSDI002Top/uAPB_TimerPWM/uPWM3_7/TCAP_Reg_reg_4_	->
  uDTSDI002Top/uAPB_TimerPWM/uPWM3_7/TCAP_Reg_reg_5_	->
  uDTSDI002Top/uAPB_TimerPWM/uPWM3_7/TDX_CapEn_1Pd_reg	->
  uDTSDI002Top/uAPB_TimerPWM/uPWM3_7/TDX_Up_reg	->
  uDTSDI002Top/uAPB_TimerPWM/uPWM3_7/TDx_CapEn_reg	->
  uDTSDI002Top/uAPB_TimerPWM/uPWM3_7/Timer_Cnt_reg_0_	->
  uDTSDI002Top/uAPB_TimerPWM/uPWM3_7/Timer_Cnt_reg_1_	->
  uDTSDI002Top/uAPB_TimerPWM/uPWM3_7/Timer_Cnt_reg_2_	->
  uDTSDI002Top/uAPB_TimerPWM/uPWM3_7/Timer_Cnt_reg_3_	->
  uDTSDI002Top/uAPB_TimerPWM/uPWM3_7/Timer_Cnt_reg_4_	->
  uDTSDI002Top/uAPB_TimerPWM/uPWM3_7/Timer_Cnt_reg_5_	->
  uDTSDI002Top/uAPB_TimerPWM/uPWM3_7/Timer_Cnt_reg_6_	->
  uDTSDI002Top/uAPB_TimerPWM/uPWM3_7/Timer_Cnt_reg_7_	->
  uDTSDI002Top/uAPB_TimerPWM/uPWM3_7/Timer_Cnt_reg_8_	->
  uDTSDI002Top/uAPB_TimerPWM/uPWM3_7/Timer_Cnt_reg_9_	->
  uDTSDI002Top/uAPB_TimerPWM/uPWM3_7/Timer_Cnt_reg_10_	->
  uDTSDI002Top/uAPB_TimerPWM/uPWM3_7/Timer_Cnt_reg_11_	->
  uDTSDI002Top/uAPB_TimerPWM/uPWM3_7/Timer_Cnt_reg_12_	->
  uDTSDI002Top/uAPB_TimerPWM/uPWM3_7/Timer_Cnt_reg_13_	->
  uDTSDI002Top/uAPB_TimerPWM/uPWM3_7/Timer_Cnt_reg_14_	->
  uDTSDI002Top/uAPB_TimerPWM/uPWM3_7/Timer_Cnt_reg_15_	->
  uDTSDI002Top/uAPB_TimerPWM/uPWM3_7/Timer_Match_Set_reg	->
  uDTSDI002Top/uAPB_TimerPWM/uPWM3_7/Timer_Out_reg	->
  uDTSDI002Top/uAPB_TimerPWM/uPWM3_7/Timers_OverFlow_reg	->
  uDTSDI002Top/uAPB_TimerPWM/uPWM3_7/iPRDATA_reg_0_	->
  uDTSDI002Top/uAPB_TimerPWM/uPWM3_7/iPRDATA_reg_1_	->
  uDTSDI002Top/uAPB_TimerPWM/uPWM3_7/iPRDATA_reg_2_	->
  uDTSDI002Top/uAPB_TimerPWM/uPWM3_7/iPRDATA_reg_3_	->
  uDTSDI002Top/uAPB_TimerPWM/uPWM3_7/iPRDATA_reg_4_	->
  uDTSDI002Top/uAPB_TimerPWM/uPWM3_7/iPRDATA_reg_5_	->
  uDTSDI002Top/uAPB_TimerPWM/uPWM3_7/iPRDATA_reg_6_	->
  uDTSDI002Top/uAPB_TimerPWM/uPWM3_7/iPRDATA_reg_7_	->
  uDTSDI002Top/uAPB_TimerPWM/uPWM3_7/iPRDATA_reg_8_	->
  uDTSDI002Top/uAPB_TimerPWM/uPWM3_7/iPRDATA_reg_9_	->
  uDTSDI002Top/uAPB_TimerPWM/uPWM3_7/iPRDATA_reg_10_	->
  uDTSDI002Top/uAPB_TimerPWM/uPWM3_7/iPRDATA_reg_11_	->
  uDTSDI002Top/uAPB_TimerPWM/uPWM3_7/iPRDATA_reg_12_	->
  uDTSDI002Top/uAPB_TimerPWM/uPWM3_7/iPRDATA_reg_13_	->
  uDTSDI002Top/uAPB_TimerPWM/uPWM3_7/iPRDATA_reg_14_	->
  uDTSDI002Top/uAPB_TimerPWM/uPWM3_7/iPRDATA_reg_15_	->
  uDTSDI002Top/uAPB_TimerPWM/uTimer0/FL_CHCLK_reg	->
  uDTSDI002Top/uAPB_TimerPWM/uTimer0/OUTCLK_1d_reg	->
  uDTSDI002Top/uAPB_TimerPWM/uTimer0/OUTCLK_2d_reg	->
  uDTSDI002Top/uAPB_TimerPWM/uTimer0/OUTCLK_3d_reg	->
  uDTSDI002Top/uAPB_TimerPWM/uTimer0/OUTCLK_4d_reg	->
  uDTSDI002Top/uAPB_TimerPWM/uTimer0/OUTCLK_reg	->
  uDTSDI002Top/uAPB_TimerPWM/uTimer0/PWM_Out_reg	->
  uDTSDI002Top/uAPB_TimerPWM/uTimer0/Prescale_Cnt_reg_0_	->
  uDTSDI002Top/uAPB_TimerPWM/uTimer0/Prescale_Cnt_reg_1_	->
  uDTSDI002Top/uAPB_TimerPWM/uTimer0/Prescale_Cnt_reg_2_	->
  uDTSDI002Top/uAPB_TimerPWM/uTimer0/Prescale_Cnt_reg_3_	->
  uDTSDI002Top/uAPB_TimerPWM/uTimer0/Prescale_Cnt_reg_4_	->
  uDTSDI002Top/uAPB_TimerPWM/uTimer0/Prescale_Cnt_reg_5_	->
  uDTSDI002Top/uAPB_TimerPWM/uTimer0/Prescale_Cnt_reg_6_	->
  uDTSDI002Top/uAPB_TimerPWM/uTimer0/Prescale_Cnt_reg_7_	->
  uDTSDI002Top/uAPB_TimerPWM/uTimer0/Prescale_Cnt_reg_8_	->
  uDTSDI002Top/uAPB_TimerPWM/uTimer0/Prescale_Cnt_reg_9_	->
  uDTSDI002Top/uAPB_TimerPWM/uTimer0/R0_reg_0_	->
  uDTSDI002Top/uAPB_TimerPWM/uTimer0/R0_reg_1_	->
  uDTSDI002Top/uAPB_TimerPWM/uTimer0/R0_reg_2_	->
  uDTSDI002Top/uAPB_TimerPWM/uTimer0/R0_reg_3_	->
  uDTSDI002Top/uAPB_TimerPWM/uTimer0/R0_reg_4_	->
  uDTSDI002Top/uAPB_TimerPWM/uTimer0/R0_reg_5_	->
  uDTSDI002Top/uAPB_TimerPWM/uTimer0/R0_reg_6_	->
  uDTSDI002Top/uAPB_TimerPWM/uTimer0/R0_reg_7_	->
  uDTSDI002Top/uAPB_TimerPWM/uTimer0/R0_reg_8_	->
  uDTSDI002Top/uAPB_TimerPWM/uTimer0/R0_reg_9_	->
  uDTSDI002Top/uAPB_TimerPWM/uTimer0/R0_reg_10_	->
  uDTSDI002Top/uAPB_TimerPWM/uTimer0/R0_reg_11_	->
  uDTSDI002Top/uAPB_TimerPWM/uTimer0/R0_reg_12_	->
  uDTSDI002Top/uAPB_TimerPWM/uTimer0/R0_reg_13_	->
  uDTSDI002Top/uAPB_TimerPWM/uTimer0/R0_reg_14_	->
  uDTSDI002Top/uAPB_TimerPWM/uTimer0/R0_reg_15_	->
  uDTSDI002Top/uAPB_TimerPWM/uTimer0/R1_reg_0_	->
  uDTSDI002Top/uAPB_TimerPWM/uTimer0/R1_reg_1_	->
  uDTSDI002Top/uAPB_TimerPWM/uTimer0/R1_reg_2_	->
  uDTSDI002Top/uAPB_TimerPWM/uTimer0/R1_reg_3_	->
  uDTSDI002Top/uAPB_TimerPWM/uTimer0/R1_reg_4_	->
  uDTSDI002Top/uAPB_TimerPWM/uTimer0/R1_reg_5_	->
  uDTSDI002Top/uAPB_TimerPWM/uTimer0/R1_reg_6_	->
  uDTSDI002Top/uAPB_TimerPWM/uTimer0/R1_reg_7_	->
  uDTSDI002Top/uAPB_TimerPWM/uTimer0/R1_reg_8_	->
  uDTSDI002Top/uAPB_TimerPWM/uTimer0/R1_reg_9_	->
  uDTSDI002Top/uAPB_TimerPWM/uTimer0/R2_reg_0_	->
  uDTSDI002Top/uAPB_TimerPWM/uTimer0/R2_reg_1_	->
  uDTSDI002Top/uAPB_TimerPWM/uTimer0/R2_reg_2_	->
  uDTSDI002Top/uAPB_TimerPWM/uTimer0/R2_reg_3_	->
  uDTSDI002Top/uAPB_TimerPWM/uTimer0/R2_reg_4_	->
  uDTSDI002Top/uAPB_TimerPWM/uTimer0/R2_reg_5_	->
  uDTSDI002Top/uAPB_TimerPWM/uTimer0/R2_reg_6_	->
  uDTSDI002Top/uAPB_TimerPWM/uTimer0/R2_reg_7_	->
  uDTSDI002Top/uAPB_TimerPWM/uTimer0/R3_reg_0_	->
  uDTSDI002Top/uAPB_TimerPWM/uTimer0/R3_reg_1_	->
  uDTSDI002Top/uAPB_TimerPWM/uTimer0/R3_reg_2_	->
  uDTSDI002Top/uAPB_TimerPWM/uTimer0/R3_reg_3_	->
  uDTSDI002Top/uAPB_TimerPWM/uTimer0/R3_reg_4_	->
  uDTSDI002Top/uAPB_TimerPWM/uTimer0/R3_reg_5_	->
  uDTSDI002Top/uAPB_TimerPWM/uTimer0/R3_reg_6_	->
  uDTSDI002Top/uAPB_TimerPWM/uTimer0/R3_reg_7_	->
  uDTSDI002Top/uAPB_TimerPWM/uTimer0/R3_reg_8_	->
  uDTSDI002Top/uAPB_TimerPWM/uTimer0/R3_reg_9_	->
  uDTSDI002Top/uAPB_TimerPWM/uTimer0/R3_reg_10_	->
  uDTSDI002Top/uAPB_TimerPWM/uTimer0/R3_reg_11_	->
  uDTSDI002Top/uAPB_TimerPWM/uTimer0/R3_reg_12_	->
  uDTSDI002Top/uAPB_TimerPWM/uTimer0/R3_reg_13_	->
  uDTSDI002Top/uAPB_TimerPWM/uTimer0/R3_reg_14_	->
  uDTSDI002Top/uAPB_TimerPWM/uTimer0/R3_reg_15_	->
  uDTSDI002Top/uAPB_TimerPWM/uTimer0/R4_reg_0_	->
  uDTSDI002Top/uAPB_TimerPWM/uTimer0/R4_reg_1_	->
  uDTSDI002Top/uAPB_TimerPWM/uTimer0/R4_reg_2_	->
  uDTSDI002Top/uAPB_TimerPWM/uTimer0/R4_reg_3_	->
  uDTSDI002Top/uAPB_TimerPWM/uTimer0/R4_reg_4_	->
  uDTSDI002Top/uAPB_TimerPWM/uTimer0/R4_reg_5_	->
  uDTSDI002Top/uAPB_TimerPWM/uTimer0/R4_reg_6_	->
  uDTSDI002Top/uAPB_TimerPWM/uTimer0/R4_reg_7_	->
  uDTSDI002Top/uAPB_TimerPWM/uTimer0/R4_reg_8_	->
  uDTSDI002Top/uAPB_TimerPWM/uTimer0/R4_reg_9_	->
  uDTSDI002Top/uAPB_TimerPWM/uTimer0/R4_reg_10_	->
  uDTSDI002Top/uAPB_TimerPWM/uTimer0/R4_reg_11_	->
  uDTSDI002Top/uAPB_TimerPWM/uTimer0/R4_reg_12_	->
  uDTSDI002Top/uAPB_TimerPWM/uTimer0/R4_reg_13_	->
  uDTSDI002Top/uAPB_TimerPWM/uTimer0/R4_reg_14_	->
  uDTSDI002Top/uAPB_TimerPWM/uTimer0/R4_reg_15_	->
  uDTSDI002Top/uAPB_TimerPWM/uTimer0/TCAP_Reg_1d_reg_3_	->
  uDTSDI002Top/uAPB_TimerPWM/uTimer0/TCAP_Reg_1d_reg_4_	->
  uDTSDI002Top/uAPB_TimerPWM/uTimer0/TCAP_Reg_1d_reg_5_	->
  uDTSDI002Top/uAPB_TimerPWM/uTimer0/TCAP_Reg_reg_3_	->
  uDTSDI002Top/uAPB_TimerPWM/uTimer0/TCAP_Reg_reg_4_	->
  uDTSDI002Top/uAPB_TimerPWM/uTimer0/TCAP_Reg_reg_5_	->
  uDTSDI002Top/uAPB_TimerPWM/uTimer0/TDX_CapEn_1Pd_reg	->
  uDTSDI002Top/uAPB_TimerPWM/uTimer0/TDX_Up_reg	->
  uDTSDI002Top/uAPB_TimerPWM/uTimer0/TDx_CapEn_reg	->
  uDTSDI002Top/uAPB_TimerPWM/uTimer0/Timer_Cnt_reg_0_	->
  uDTSDI002Top/uAPB_TimerPWM/uTimer0/Timer_Cnt_reg_1_	->
  uDTSDI002Top/uAPB_TimerPWM/uTimer0/Timer_Cnt_reg_2_	->
  uDTSDI002Top/uAPB_TimerPWM/uTimer0/Timer_Cnt_reg_3_	->
  uDTSDI002Top/uAPB_TimerPWM/uTimer0/Timer_Cnt_reg_4_	->
  uDTSDI002Top/uAPB_TimerPWM/uTimer0/Timer_Cnt_reg_5_	->
  uDTSDI002Top/uAPB_TimerPWM/uTimer0/Timer_Cnt_reg_6_	->
  uDTSDI002Top/uAPB_TimerPWM/uTimer0/Timer_Cnt_reg_7_	->
  uDTSDI002Top/uAPB_TimerPWM/uTimer0/Timer_Cnt_reg_8_	->
  uDTSDI002Top/uAPB_TimerPWM/uTimer0/Timer_Cnt_reg_9_	->
  uDTSDI002Top/uAPB_TimerPWM/uTimer0/Timer_Cnt_reg_10_	->
  uDTSDI002Top/uAPB_TimerPWM/uTimer0/Timer_Cnt_reg_11_	->
  uDTSDI002Top/uAPB_TimerPWM/uTimer0/Timer_Cnt_reg_12_	->
  uDTSDI002Top/uAPB_TimerPWM/uTimer0/Timer_Cnt_reg_13_	->
  uDTSDI002Top/uAPB_TimerPWM/uTimer0/Timer_Cnt_reg_14_	->
  uDTSDI002Top/uAPB_TimerPWM/uTimer0/Timer_Cnt_reg_15_	->
  uDTSDI002Top/uAPB_TimerPWM/uTimer0/Timer_Match_Set_reg	->
  uDTSDI002Top/uAPB_TimerPWM/uTimer0/Timer_Out_reg	->
  uDTSDI002Top/uAPB_TimerPWM/uTimer0/Timers_OverFlow_reg	->
  uDTSDI002Top/uAPB_TimerPWM/uTimer0/iPRDATA_reg_0_	->
  uDTSDI002Top/uAPB_TimerPWM/uTimer0/iPRDATA_reg_1_	->
  uDTSDI002Top/uAPB_TimerPWM/uTimer0/iPRDATA_reg_2_	->
  uDTSDI002Top/uAPB_TimerPWM/uTimer0/iPRDATA_reg_3_	->
  uDTSDI002Top/uAPB_TimerPWM/uTimer0/iPRDATA_reg_4_	->
  uDTSDI002Top/uAPB_TimerPWM/uTimer0/iPRDATA_reg_5_	->
  uDTSDI002Top/uAPB_TimerPWM/uTimer0/iPRDATA_reg_6_	->
  uDTSDI002Top/uAPB_TimerPWM/uTimer0/iPRDATA_reg_7_	->
  uDTSDI002Top/uAPB_TimerPWM/uTimer0/iPRDATA_reg_8_	->
  uDTSDI002Top/uAPB_TimerPWM/uTimer0/iPRDATA_reg_9_	->
  uDTSDI002Top/uAPB_TimerPWM/uTimer0/iPRDATA_reg_10_	->
  uDTSDI002Top/uAPB_TimerPWM/uTimer0/iPRDATA_reg_11_	->
  uDTSDI002Top/uAPB_TimerPWM/uTimer0/iPRDATA_reg_12_	->
  uDTSDI002Top/uAPB_TimerPWM/uTimer0/iPRDATA_reg_13_	->
  uDTSDI002Top/uAPB_TimerPWM/uTimer0/iPRDATA_reg_14_	->
  uDTSDI002Top/uAPB_TimerPWM/uTimer0/iPRDATA_reg_15_	->
  uDTSDI002Top/uAPB_TimerPWM/uTimer1/FL_CHCLK_reg	->
  uDTSDI002Top/uAPB_TimerPWM/uTimer1/OUTCLK_1d_reg	->
  uDTSDI002Top/uAPB_TimerPWM/uTimer1/OUTCLK_2d_reg	->
  uDTSDI002Top/uAPB_TimerPWM/uTimer1/OUTCLK_3d_reg	->
  uDTSDI002Top/uAPB_TimerPWM/uTimer1/OUTCLK_4d_reg	->
  uDTSDI002Top/uAPB_TimerPWM/uTimer1/OUTCLK_reg	->
  uDTSDI002Top/uAPB_TimerPWM/uTimer1/PWM_Out_reg	->
  uDTSDI002Top/uAPB_TimerPWM/uTimer1/Prescale_Cnt_reg_0_	->
  uDTSDI002Top/uAPB_TimerPWM/uTimer1/Prescale_Cnt_reg_1_	->
  uDTSDI002Top/uAPB_TimerPWM/uTimer1/Prescale_Cnt_reg_2_	->
  uDTSDI002Top/uAPB_TimerPWM/uTimer1/Prescale_Cnt_reg_3_	->
  uDTSDI002Top/uAPB_TimerPWM/uTimer1/Prescale_Cnt_reg_4_	->
  uDTSDI002Top/uAPB_TimerPWM/uTimer1/Prescale_Cnt_reg_5_	->
  uDTSDI002Top/uAPB_TimerPWM/uTimer1/Prescale_Cnt_reg_6_	->
  uDTSDI002Top/uAPB_TimerPWM/uTimer1/Prescale_Cnt_reg_7_	->
  uDTSDI002Top/uAPB_TimerPWM/uTimer1/Prescale_Cnt_reg_8_	->
  uDTSDI002Top/uAPB_TimerPWM/uTimer1/Prescale_Cnt_reg_9_	->
  uDTSDI002Top/uAPB_TimerPWM/uTimer1/R0_reg_0_	->
  uDTSDI002Top/uAPB_TimerPWM/uTimer1/R0_reg_1_	->
  uDTSDI002Top/uAPB_TimerPWM/uTimer1/R0_reg_2_	->
  uDTSDI002Top/uAPB_TimerPWM/uTimer1/R0_reg_3_	->
  uDTSDI002Top/uAPB_TimerPWM/uTimer1/R0_reg_4_	->
  uDTSDI002Top/uAPB_TimerPWM/uTimer1/R0_reg_5_	->
  uDTSDI002Top/uAPB_TimerPWM/uTimer1/R0_reg_6_	->
  uDTSDI002Top/uAPB_TimerPWM/uTimer1/R0_reg_7_	->
  uDTSDI002Top/uAPB_TimerPWM/uTimer1/R0_reg_8_	->
  uDTSDI002Top/uAPB_TimerPWM/uTimer1/R0_reg_9_	->
  uDTSDI002Top/uAPB_TimerPWM/uTimer1/R0_reg_10_	->
  uDTSDI002Top/uAPB_TimerPWM/uTimer1/R0_reg_11_	->
  uDTSDI002Top/uAPB_TimerPWM/uTimer1/R0_reg_12_	->
  uDTSDI002Top/uAPB_TimerPWM/uTimer1/R0_reg_13_	->
  uDTSDI002Top/uAPB_TimerPWM/uTimer1/R0_reg_14_	->
  uDTSDI002Top/uAPB_TimerPWM/uTimer1/R0_reg_15_	->
  uDTSDI002Top/uAPB_TimerPWM/uTimer1/R1_reg_0_	->
  uDTSDI002Top/uAPB_TimerPWM/uTimer1/R1_reg_1_	->
  uDTSDI002Top/uAPB_TimerPWM/uTimer1/R1_reg_2_	->
  uDTSDI002Top/uAPB_TimerPWM/uTimer1/R1_reg_3_	->
  uDTSDI002Top/uAPB_TimerPWM/uTimer1/R1_reg_4_	->
  uDTSDI002Top/uAPB_TimerPWM/uTimer1/R1_reg_5_	->
  uDTSDI002Top/uAPB_TimerPWM/uTimer1/R1_reg_6_	->
  uDTSDI002Top/uAPB_TimerPWM/uTimer1/R1_reg_7_	->
  uDTSDI002Top/uAPB_TimerPWM/uTimer1/R1_reg_8_	->
  uDTSDI002Top/uAPB_TimerPWM/uTimer1/R1_reg_9_	->
  uDTSDI002Top/uAPB_TimerPWM/uTimer1/R2_reg_0_	->
  uDTSDI002Top/uAPB_TimerPWM/uTimer1/R2_reg_1_	->
  uDTSDI002Top/uAPB_TimerPWM/uTimer1/R2_reg_2_	->
  uDTSDI002Top/uAPB_TimerPWM/uTimer1/R2_reg_3_	->
  uDTSDI002Top/uAPB_TimerPWM/uTimer1/R2_reg_4_	->
  uDTSDI002Top/uAPB_TimerPWM/uTimer1/R2_reg_5_	->
  uDTSDI002Top/uAPB_TimerPWM/uTimer1/R2_reg_6_	->
  uDTSDI002Top/uAPB_TimerPWM/uTimer1/R2_reg_7_	->
  uDTSDI002Top/uAPB_TimerPWM/uTimer1/R3_reg_0_	->
  uDTSDI002Top/uAPB_TimerPWM/uTimer1/R3_reg_1_	->
  uDTSDI002Top/uAPB_TimerPWM/uTimer1/R3_reg_2_	->
  uDTSDI002Top/uAPB_TimerPWM/uTimer1/R3_reg_3_	->
  uDTSDI002Top/uAPB_TimerPWM/uTimer1/R3_reg_4_	->
  uDTSDI002Top/uAPB_TimerPWM/uTimer1/R3_reg_5_	->
  uDTSDI002Top/uAPB_TimerPWM/uTimer1/R3_reg_6_	->
  uDTSDI002Top/uAPB_TimerPWM/uTimer1/R3_reg_7_	->
  uDTSDI002Top/uAPB_TimerPWM/uTimer1/R3_reg_8_	->
  uDTSDI002Top/uAPB_TimerPWM/uTimer1/R3_reg_9_	->
  uDTSDI002Top/uAPB_TimerPWM/uTimer1/R3_reg_10_	->
  uDTSDI002Top/uAPB_TimerPWM/uTimer1/R3_reg_11_	->
  uDTSDI002Top/uAPB_TimerPWM/uTimer1/R3_reg_12_	->
  uDTSDI002Top/uAPB_TimerPWM/uTimer1/R3_reg_13_	->
  uDTSDI002Top/uAPB_TimerPWM/uTimer1/R3_reg_14_	->
  uDTSDI002Top/uAPB_TimerPWM/uTimer1/R3_reg_15_	->
  uDTSDI002Top/uAPB_TimerPWM/uTimer1/R4_reg_0_	->
  uDTSDI002Top/uAPB_TimerPWM/uTimer1/R4_reg_1_	->
  uDTSDI002Top/uAPB_TimerPWM/uTimer1/R4_reg_2_	->
  uDTSDI002Top/uAPB_TimerPWM/uTimer1/R4_reg_3_	->
  uDTSDI002Top/uAPB_TimerPWM/uTimer1/R4_reg_4_	->
  uDTSDI002Top/uAPB_TimerPWM/uTimer1/R4_reg_5_	->
  uDTSDI002Top/uAPB_TimerPWM/uTimer1/R4_reg_6_	->
  uDTSDI002Top/uAPB_TimerPWM/uTimer1/R4_reg_7_	->
  uDTSDI002Top/uAPB_TimerPWM/uTimer1/R4_reg_8_	->
  uDTSDI002Top/uAPB_TimerPWM/uTimer1/R4_reg_9_	->
  uDTSDI002Top/uAPB_TimerPWM/uTimer1/R4_reg_10_	->
  uDTSDI002Top/uAPB_TimerPWM/uTimer1/R4_reg_11_	->
  uDTSDI002Top/uAPB_TimerPWM/uTimer1/R4_reg_12_	->
  uDTSDI002Top/uAPB_TimerPWM/uTimer1/R4_reg_13_	->
  uDTSDI002Top/uAPB_TimerPWM/uTimer1/R4_reg_14_	->
  uDTSDI002Top/uAPB_TimerPWM/uTimer1/R4_reg_15_	->
  uDTSDI002Top/uAPB_TimerPWM/uTimer1/TCAP_Reg_1d_reg_3_	->
  uDTSDI002Top/uAPB_TimerPWM/uTimer1/TCAP_Reg_1d_reg_4_	->
  uDTSDI002Top/uAPB_TimerPWM/uTimer1/TCAP_Reg_1d_reg_5_	->
  uDTSDI002Top/uAPB_TimerPWM/uTimer1/TCAP_Reg_reg_3_	->
  uDTSDI002Top/uAPB_TimerPWM/uTimer1/TCAP_Reg_reg_4_	->
  uDTSDI002Top/uAPB_TimerPWM/uTimer1/TCAP_Reg_reg_5_	->
  uDTSDI002Top/uAPB_TimerPWM/uTimer1/TDX_CapEn_1Pd_reg	->
  uDTSDI002Top/uAPB_TimerPWM/uTimer1/TDX_Up_reg	->
  uDTSDI002Top/uAPB_TimerPWM/uTimer1/TDx_CapEn_reg	->
  uDTSDI002Top/uAPB_TimerPWM/uTimer1/Timer_Cnt_reg_0_	->
  uDTSDI002Top/uAPB_TimerPWM/uTimer1/Timer_Cnt_reg_1_	->
  uDTSDI002Top/uAPB_TimerPWM/uTimer1/Timer_Cnt_reg_2_	->
  uDTSDI002Top/uAPB_TimerPWM/uTimer1/Timer_Cnt_reg_3_	->
  uDTSDI002Top/uAPB_TimerPWM/uTimer1/Timer_Cnt_reg_4_	->
  uDTSDI002Top/uAPB_TimerPWM/uTimer1/Timer_Cnt_reg_5_	->
  uDTSDI002Top/uAPB_TimerPWM/uTimer1/Timer_Cnt_reg_6_	->
  uDTSDI002Top/uAPB_TimerPWM/uTimer1/Timer_Cnt_reg_7_	->
  uDTSDI002Top/uAPB_TimerPWM/uTimer1/Timer_Cnt_reg_8_	->
  uDTSDI002Top/uAPB_TimerPWM/uTimer1/Timer_Cnt_reg_9_	->
  uDTSDI002Top/uAPB_TimerPWM/uTimer1/Timer_Cnt_reg_10_	->
  uDTSDI002Top/uAPB_TimerPWM/uTimer1/Timer_Cnt_reg_11_	->
  uDTSDI002Top/uAPB_TimerPWM/uTimer1/Timer_Cnt_reg_12_	->
  uDTSDI002Top/uAPB_TimerPWM/uTimer1/Timer_Cnt_reg_13_	->
  uDTSDI002Top/uAPB_TimerPWM/uTimer1/Timer_Cnt_reg_14_	->
  uDTSDI002Top/uAPB_TimerPWM/uTimer1/Timer_Cnt_reg_15_	->
  uDTSDI002Top/uAPB_TimerPWM/uTimer1/Timer_Match_Set_reg	->
  uDTSDI002Top/uAPB_TimerPWM/uTimer1/Timer_Out_reg	->
  uDTSDI002Top/uAPB_TimerPWM/uTimer1/Timers_OverFlow_reg	->
  uDTSDI002Top/uAPB_TimerPWM/uTimer1/iPRDATA_reg_0_	->
  uDTSDI002Top/uAPB_TimerPWM/uTimer1/iPRDATA_reg_1_	->
  uDTSDI002Top/uAPB_TimerPWM/uTimer1/iPRDATA_reg_2_	->
  uDTSDI002Top/uAPB_TimerPWM/uTimer1/iPRDATA_reg_3_	->
  uDTSDI002Top/uAPB_TimerPWM/uTimer1/iPRDATA_reg_4_	->
  uDTSDI002Top/uAPB_TimerPWM/uTimer1/iPRDATA_reg_5_	->
  uDTSDI002Top/uAPB_TimerPWM/uTimer1/iPRDATA_reg_6_	->
  uDTSDI002Top/uAPB_TimerPWM/uTimer1/iPRDATA_reg_7_	->
  uDTSDI002Top/uAPB_TimerPWM/uTimer1/iPRDATA_reg_8_	->
  uDTSDI002Top/uAPB_TimerPWM/uTimer1/iPRDATA_reg_9_	->
  uDTSDI002Top/uAPB_TimerPWM/uTimer1/iPRDATA_reg_10_	->
  uDTSDI002Top/uAPB_TimerPWM/uTimer1/iPRDATA_reg_11_	->
  uDTSDI002Top/uAPB_TimerPWM/uTimer1/iPRDATA_reg_12_	->
  uDTSDI002Top/uAPB_TimerPWM/uTimer1/iPRDATA_reg_13_	->
  uDTSDI002Top/uAPB_TimerPWM/uTimer1/iPRDATA_reg_14_	->
  uDTSDI002Top/uAPB_TimerPWM/uTimer1/iPRDATA_reg_15_	->
  uDTSDI002Top/uAPB_TimerPWM/uTimer2/FL_CHCLK_reg	->
  uDTSDI002Top/uAPB_TimerPWM/uTimer2/OUTCLK_1d_reg	->
  uDTSDI002Top/uAPB_TimerPWM/uTimer2/OUTCLK_2d_reg	->
  uDTSDI002Top/uAPB_TimerPWM/uTimer2/OUTCLK_3d_reg	->
  uDTSDI002Top/uAPB_TimerPWM/uTimer2/OUTCLK_4d_reg	->
  uDTSDI002Top/uAPB_TimerPWM/uTimer2/OUTCLK_reg	->
  uDTSDI002Top/uAPB_TimerPWM/uTimer2/PWM_Out_reg	->
  uDTSDI002Top/uAPB_TimerPWM/uTimer2/Prescale_Cnt_reg_0_	->
  uDTSDI002Top/uAPB_TimerPWM/uTimer2/Prescale_Cnt_reg_1_	->
  uDTSDI002Top/uAPB_TimerPWM/uTimer2/Prescale_Cnt_reg_2_	->
  uDTSDI002Top/uAPB_TimerPWM/uTimer2/Prescale_Cnt_reg_3_	->
  uDTSDI002Top/uAPB_TimerPWM/uTimer2/Prescale_Cnt_reg_4_	->
  uDTSDI002Top/uAPB_TimerPWM/uTimer2/Prescale_Cnt_reg_5_	->
  uDTSDI002Top/uAPB_TimerPWM/uTimer2/Prescale_Cnt_reg_6_	->
  uDTSDI002Top/uAPB_TimerPWM/uTimer2/Prescale_Cnt_reg_7_	->
  uDTSDI002Top/uAPB_TimerPWM/uTimer2/Prescale_Cnt_reg_8_	->
  uDTSDI002Top/uAPB_TimerPWM/uTimer2/Prescale_Cnt_reg_9_	->
  uDTSDI002Top/uAPB_TimerPWM/uTimer2/R0_reg_0_	->
  uDTSDI002Top/uAPB_TimerPWM/uTimer2/R0_reg_1_	->
  uDTSDI002Top/uAPB_TimerPWM/uTimer2/R0_reg_2_	->
  uDTSDI002Top/uAPB_TimerPWM/uTimer2/R0_reg_3_	->
  uDTSDI002Top/uAPB_TimerPWM/uTimer2/R0_reg_4_	->
  uDTSDI002Top/uAPB_TimerPWM/uTimer2/R0_reg_5_	->
  uDTSDI002Top/uAPB_TimerPWM/uTimer2/R0_reg_6_	->
  uDTSDI002Top/uAPB_TimerPWM/uTimer2/R0_reg_7_	->
  uDTSDI002Top/uAPB_TimerPWM/uTimer2/R0_reg_8_	->
  uDTSDI002Top/uAPB_TimerPWM/uTimer2/R0_reg_9_	->
  uDTSDI002Top/uAPB_TimerPWM/uTimer2/R0_reg_10_	->
  uDTSDI002Top/uAPB_TimerPWM/uTimer2/R0_reg_11_	->
  uDTSDI002Top/uAPB_TimerPWM/uTimer2/R0_reg_12_	->
  uDTSDI002Top/uAPB_TimerPWM/uTimer2/R0_reg_13_	->
  uDTSDI002Top/uAPB_TimerPWM/uTimer2/R0_reg_14_	->
  uDTSDI002Top/uAPB_TimerPWM/uTimer2/R0_reg_15_	->
  uDTSDI002Top/uAPB_TimerPWM/uTimer2/R1_reg_0_	->
  uDTSDI002Top/uAPB_TimerPWM/uTimer2/R1_reg_1_	->
  uDTSDI002Top/uAPB_TimerPWM/uTimer2/R1_reg_2_	->
  uDTSDI002Top/uAPB_TimerPWM/uTimer2/R1_reg_3_	->
  uDTSDI002Top/uAPB_TimerPWM/uTimer2/R1_reg_4_	->
  uDTSDI002Top/uAPB_TimerPWM/uTimer2/R1_reg_5_	->
  uDTSDI002Top/uAPB_TimerPWM/uTimer2/R1_reg_6_	->
  uDTSDI002Top/uAPB_TimerPWM/uTimer2/R1_reg_7_	->
  uDTSDI002Top/uAPB_TimerPWM/uTimer2/R1_reg_8_	->
  uDTSDI002Top/uAPB_TimerPWM/uTimer2/R1_reg_9_	->
  uDTSDI002Top/uAPB_TimerPWM/uTimer2/R2_reg_0_	->
  uDTSDI002Top/uAPB_TimerPWM/uTimer2/R2_reg_1_	->
  uDTSDI002Top/uAPB_TimerPWM/uTimer2/R2_reg_2_	->
  uDTSDI002Top/uAPB_TimerPWM/uTimer2/R2_reg_3_	->
  uDTSDI002Top/uAPB_TimerPWM/uTimer2/R2_reg_4_	->
  uDTSDI002Top/uAPB_TimerPWM/uTimer2/R2_reg_5_	->
  uDTSDI002Top/uAPB_TimerPWM/uTimer2/R2_reg_6_	->
  uDTSDI002Top/uAPB_TimerPWM/uTimer2/R2_reg_7_	->
  uDTSDI002Top/uAPB_TimerPWM/uTimer2/R3_reg_0_	->
  uDTSDI002Top/uAPB_TimerPWM/uTimer2/R3_reg_1_	->
  uDTSDI002Top/uAPB_TimerPWM/uTimer2/R3_reg_2_	->
  uDTSDI002Top/uAPB_TimerPWM/uTimer2/R3_reg_3_	->
  uDTSDI002Top/uAPB_TimerPWM/uTimer2/R3_reg_4_	->
  uDTSDI002Top/uAPB_TimerPWM/uTimer2/R3_reg_5_	->
  uDTSDI002Top/uAPB_TimerPWM/uTimer2/R3_reg_6_	->
  uDTSDI002Top/uAPB_TimerPWM/uTimer2/R3_reg_7_	->
  uDTSDI002Top/uAPB_TimerPWM/uTimer2/R3_reg_8_	->
  uDTSDI002Top/uAPB_TimerPWM/uTimer2/R3_reg_9_	->
  uDTSDI002Top/uAPB_TimerPWM/uTimer2/R3_reg_10_	->
  uDTSDI002Top/uAPB_TimerPWM/uTimer2/R3_reg_11_	->
  uDTSDI002Top/uAPB_TimerPWM/uTimer2/R3_reg_12_	->
  uDTSDI002Top/uAPB_TimerPWM/uTimer2/R3_reg_13_	->
  uDTSDI002Top/uAPB_TimerPWM/uTimer2/R3_reg_14_	->
  uDTSDI002Top/uAPB_TimerPWM/uTimer2/R3_reg_15_	->
  uDTSDI002Top/uAPB_TimerPWM/uTimer2/R4_reg_0_	->
  uDTSDI002Top/uAPB_TimerPWM/uTimer2/R4_reg_1_	->
  uDTSDI002Top/uAPB_TimerPWM/uTimer2/R4_reg_2_	->
  uDTSDI002Top/uAPB_TimerPWM/uTimer2/R4_reg_3_	->
  uDTSDI002Top/uAPB_TimerPWM/uTimer2/R4_reg_4_	->
  uDTSDI002Top/uAPB_TimerPWM/uTimer2/R4_reg_5_	->
  uDTSDI002Top/uAPB_TimerPWM/uTimer2/R4_reg_6_	->
  uDTSDI002Top/uAPB_TimerPWM/uTimer2/R4_reg_7_	->
  uDTSDI002Top/uAPB_TimerPWM/uTimer2/R4_reg_8_	->
  uDTSDI002Top/uAPB_TimerPWM/uTimer2/R4_reg_9_	->
  uDTSDI002Top/uAPB_TimerPWM/uTimer2/R4_reg_10_	->
  uDTSDI002Top/uAPB_TimerPWM/uTimer2/R4_reg_11_	->
  uDTSDI002Top/uAPB_TimerPWM/uTimer2/R4_reg_12_	->
  uDTSDI002Top/uAPB_TimerPWM/uTimer2/R4_reg_13_	->
  uDTSDI002Top/uAPB_TimerPWM/uTimer2/R4_reg_14_	->
  uDTSDI002Top/uAPB_TimerPWM/uTimer2/R4_reg_15_	->
  uDTSDI002Top/uAPB_TimerPWM/uTimer2/TCAP_Reg_1d_reg_3_	->
  uDTSDI002Top/uAPB_TimerPWM/uTimer2/TCAP_Reg_1d_reg_4_	->
  uDTSDI002Top/uAPB_TimerPWM/uTimer2/TCAP_Reg_1d_reg_5_	->
  uDTSDI002Top/uAPB_TimerPWM/uTimer2/TCAP_Reg_reg_3_	->
  uDTSDI002Top/uAPB_TimerPWM/uTimer2/TCAP_Reg_reg_4_	->
  uDTSDI002Top/uAPB_TimerPWM/uTimer2/TCAP_Reg_reg_5_	->
  uDTSDI002Top/uAPB_TimerPWM/uTimer2/TDX_CapEn_1Pd_reg	->
  uDTSDI002Top/uAPB_TimerPWM/uTimer2/TDX_Up_reg	->
  uDTSDI002Top/uAPB_TimerPWM/uTimer2/TDx_CapEn_reg	->
  uDTSDI002Top/uAPB_TimerPWM/uTimer2/Timer_Cnt_reg_0_	->
  uDTSDI002Top/uAPB_TimerPWM/uTimer2/Timer_Cnt_reg_1_	->
  uDTSDI002Top/uAPB_TimerPWM/uTimer2/Timer_Cnt_reg_2_	->
  uDTSDI002Top/uAPB_TimerPWM/uTimer2/Timer_Cnt_reg_3_	->
  uDTSDI002Top/uAPB_TimerPWM/uTimer2/Timer_Cnt_reg_4_	->
  uDTSDI002Top/uAPB_TimerPWM/uTimer2/Timer_Cnt_reg_5_	->
  uDTSDI002Top/uAPB_TimerPWM/uTimer2/Timer_Cnt_reg_6_	->
  uDTSDI002Top/uAPB_TimerPWM/uTimer2/Timer_Cnt_reg_7_	->
  uDTSDI002Top/uAPB_TimerPWM/uTimer2/Timer_Cnt_reg_8_	->
  uDTSDI002Top/uAPB_TimerPWM/uTimer2/Timer_Cnt_reg_9_	->
  uDTSDI002Top/uAPB_TimerPWM/uTimer2/Timer_Cnt_reg_10_	->
  uDTSDI002Top/uAPB_TimerPWM/uTimer2/Timer_Cnt_reg_11_	->
  uDTSDI002Top/uAPB_TimerPWM/uTimer2/Timer_Cnt_reg_12_	->
  uDTSDI002Top/uAPB_TimerPWM/uTimer2/Timer_Cnt_reg_13_	->
  uDTSDI002Top/uAPB_TimerPWM/uTimer2/Timer_Cnt_reg_14_	->
  uDTSDI002Top/uAPB_TimerPWM/uTimer2/Timer_Cnt_reg_15_	->
  uDTSDI002Top/uAPB_TimerPWM/uTimer2/Timer_Match_Set_reg	->
  uDTSDI002Top/uAPB_TimerPWM/uTimer2/Timer_Out_reg	->
  uDTSDI002Top/uAPB_TimerPWM/uTimer2/Timers_OverFlow_reg	->
  uDTSDI002Top/uAPB_TimerPWM/uTimer2/iPRDATA_reg_0_	->
  uDTSDI002Top/uAPB_TimerPWM/uTimer2/iPRDATA_reg_1_	->
  uDTSDI002Top/uAPB_TimerPWM/uTimer2/iPRDATA_reg_2_	->
  uDTSDI002Top/uAPB_TimerPWM/uTimer2/iPRDATA_reg_3_	->
  uDTSDI002Top/uAPB_TimerPWM/uTimer2/iPRDATA_reg_4_	->
  uDTSDI002Top/uAPB_TimerPWM/uTimer2/iPRDATA_reg_5_	->
  uDTSDI002Top/uAPB_TimerPWM/uTimer2/iPRDATA_reg_6_	->
  uDTSDI002Top/uAPB_TimerPWM/uTimer2/iPRDATA_reg_7_	->
  uDTSDI002Top/uAPB_TimerPWM/uTimer2/iPRDATA_reg_8_	->
  uDTSDI002Top/uAPB_TimerPWM/uTimer2/iPRDATA_reg_9_	->
  uDTSDI002Top/uAPB_TimerPWM/uTimer2/iPRDATA_reg_10_	->
  uDTSDI002Top/uAPB_TimerPWM/uTimer2/iPRDATA_reg_11_	->
  uDTSDI002Top/uAPB_TimerPWM/uTimer2/iPRDATA_reg_12_	->
  uDTSDI002Top/uAPB_TimerPWM/uTimer2/iPRDATA_reg_13_	->
  uDTSDI002Top/uAPB_TimerPWM/uTimer2/iPRDATA_reg_14_	->
  uDTSDI002Top/uAPB_TimerPWM/uTimer2/iPRDATA_reg_15_	->
  uDTSDI002Top/uAPB_TimerPWM/uTimer3/FL_CHCLK_reg	->
  uDTSDI002Top/uAPB_TimerPWM/uTimer3/OUTCLK_1d_reg	->
  uDTSDI002Top/uAPB_TimerPWM/uTimer3/OUTCLK_2d_reg	->
  uDTSDI002Top/uAPB_TimerPWM/uTimer3/OUTCLK_3d_reg	->
  uDTSDI002Top/uAPB_TimerPWM/uTimer3/OUTCLK_4d_reg	->
  uDTSDI002Top/uAPB_TimerPWM/uTimer3/OUTCLK_reg	->
  uDTSDI002Top/uAPB_TimerPWM/uTimer3/PWM_Out_reg	->
  uDTSDI002Top/uAPB_TimerPWM/uTimer3/Prescale_Cnt_reg_0_	->
  uDTSDI002Top/uAPB_TimerPWM/uTimer3/Prescale_Cnt_reg_1_	->
  uDTSDI002Top/uAPB_TimerPWM/uTimer3/Prescale_Cnt_reg_2_	->
  uDTSDI002Top/uAPB_TimerPWM/uTimer3/Prescale_Cnt_reg_3_	->
  uDTSDI002Top/uAPB_TimerPWM/uTimer3/Prescale_Cnt_reg_4_	->
  uDTSDI002Top/uAPB_TimerPWM/uTimer3/Prescale_Cnt_reg_5_	->
  uDTSDI002Top/uAPB_TimerPWM/uTimer3/Prescale_Cnt_reg_6_	->
  uDTSDI002Top/uAPB_TimerPWM/uTimer3/Prescale_Cnt_reg_7_	->
  uDTSDI002Top/uAPB_TimerPWM/uTimer3/Prescale_Cnt_reg_8_	->
  uDTSDI002Top/uAPB_TimerPWM/uTimer3/Prescale_Cnt_reg_9_	->
  uDTSDI002Top/uAPB_TimerPWM/uTimer3/R0_reg_0_	->
  uDTSDI002Top/uAPB_TimerPWM/uTimer3/R0_reg_1_	->
  uDTSDI002Top/uAPB_TimerPWM/uTimer3/R0_reg_2_	->
  uDTSDI002Top/uAPB_TimerPWM/uTimer3/R0_reg_3_	->
  uDTSDI002Top/uAPB_TimerPWM/uTimer3/R0_reg_4_	->
  uDTSDI002Top/uAPB_TimerPWM/uTimer3/R0_reg_5_	->
  uDTSDI002Top/uAPB_TimerPWM/uTimer3/R0_reg_6_	->
  uDTSDI002Top/uAPB_TimerPWM/uTimer3/R0_reg_7_	->
  uDTSDI002Top/uAPB_TimerPWM/uTimer3/R0_reg_8_	->
  uDTSDI002Top/uAPB_TimerPWM/uTimer3/R0_reg_9_	->
  uDTSDI002Top/uAPB_TimerPWM/uTimer3/R0_reg_10_	->
  uDTSDI002Top/uAPB_TimerPWM/uTimer3/R0_reg_11_	->
  uDTSDI002Top/uAPB_TimerPWM/uTimer3/R0_reg_12_	->
  uDTSDI002Top/uAPB_TimerPWM/uTimer3/R0_reg_13_	->
  uDTSDI002Top/uAPB_TimerPWM/uTimer3/R0_reg_14_	->
  uDTSDI002Top/uAPB_TimerPWM/uTimer3/R0_reg_15_	->
  uDTSDI002Top/uAPB_TimerPWM/uTimer3/R1_reg_0_	->
  uDTSDI002Top/uAPB_TimerPWM/uTimer3/R1_reg_1_	->
  uDTSDI002Top/uAPB_TimerPWM/uTimer3/R1_reg_2_	->
  uDTSDI002Top/uAPB_TimerPWM/uTimer3/R1_reg_3_	->
  uDTSDI002Top/uAPB_TimerPWM/uTimer3/R1_reg_4_	->
  uDTSDI002Top/uAPB_TimerPWM/uTimer3/R1_reg_5_	->
  uDTSDI002Top/uAPB_TimerPWM/uTimer3/R1_reg_6_	->
  uDTSDI002Top/uAPB_TimerPWM/uTimer3/R1_reg_7_	->
  uDTSDI002Top/uAPB_TimerPWM/uTimer3/R1_reg_8_	->
  uDTSDI002Top/uAPB_TimerPWM/uTimer3/R1_reg_9_	->
  uDTSDI002Top/uAPB_TimerPWM/uTimer3/R2_reg_0_	->
  uDTSDI002Top/uAPB_TimerPWM/uTimer3/R2_reg_1_	->
  uDTSDI002Top/uAPB_TimerPWM/uTimer3/R2_reg_2_	->
  uDTSDI002Top/uAPB_TimerPWM/uTimer3/R2_reg_3_	->
  uDTSDI002Top/uAPB_TimerPWM/uTimer3/R2_reg_4_	->
  uDTSDI002Top/uAPB_TimerPWM/uTimer3/R2_reg_5_	->
  uDTSDI002Top/uAPB_TimerPWM/uTimer3/R2_reg_6_	->
  uDTSDI002Top/uAPB_TimerPWM/uTimer3/R2_reg_7_	->
  uDTSDI002Top/uAPB_TimerPWM/uTimer3/R3_reg_0_	->
  uDTSDI002Top/uAPB_TimerPWM/uTimer3/R3_reg_1_	->
  uDTSDI002Top/uAPB_TimerPWM/uTimer3/R3_reg_2_	->
  uDTSDI002Top/uAPB_TimerPWM/uTimer3/R3_reg_3_	->
  uDTSDI002Top/uAPB_TimerPWM/uTimer3/R3_reg_4_	->
  uDTSDI002Top/uAPB_TimerPWM/uTimer3/R3_reg_5_	->
  uDTSDI002Top/uAPB_TimerPWM/uTimer3/R3_reg_6_	->
  uDTSDI002Top/uAPB_TimerPWM/uTimer3/R3_reg_7_	->
  uDTSDI002Top/uAPB_TimerPWM/uTimer3/R3_reg_8_	->
  uDTSDI002Top/uAPB_TimerPWM/uTimer3/R3_reg_9_	->
  uDTSDI002Top/uAPB_TimerPWM/uTimer3/R3_reg_10_	->
  uDTSDI002Top/uAPB_TimerPWM/uTimer3/R3_reg_11_	->
  uDTSDI002Top/uAPB_TimerPWM/uTimer3/R3_reg_12_	->
  uDTSDI002Top/uAPB_TimerPWM/uTimer3/R3_reg_13_	->
  uDTSDI002Top/uAPB_TimerPWM/uTimer3/R3_reg_14_	->
  uDTSDI002Top/uAPB_TimerPWM/uTimer3/R3_reg_15_	->
  uDTSDI002Top/uAPB_TimerPWM/uTimer3/R4_reg_0_	->
  uDTSDI002Top/uAPB_TimerPWM/uTimer3/R4_reg_1_	->
  uDTSDI002Top/uAPB_TimerPWM/uTimer3/R4_reg_2_	->
  uDTSDI002Top/uAPB_TimerPWM/uTimer3/R4_reg_3_	->
  uDTSDI002Top/uAPB_TimerPWM/uTimer3/R4_reg_4_	->
  uDTSDI002Top/uAPB_TimerPWM/uTimer3/R4_reg_5_	->
  uDTSDI002Top/uAPB_TimerPWM/uTimer3/R4_reg_6_	->
  uDTSDI002Top/uAPB_TimerPWM/uTimer3/R4_reg_7_	->
  uDTSDI002Top/uAPB_TimerPWM/uTimer3/R4_reg_8_	->
  uDTSDI002Top/uAPB_TimerPWM/uTimer3/R4_reg_9_	->
  uDTSDI002Top/uAPB_TimerPWM/uTimer3/R4_reg_10_	->
  uDTSDI002Top/uAPB_TimerPWM/uTimer3/R4_reg_11_	->
  uDTSDI002Top/uAPB_TimerPWM/uTimer3/R4_reg_12_	->
  uDTSDI002Top/uAPB_TimerPWM/uTimer3/R4_reg_13_	->
  uDTSDI002Top/uAPB_TimerPWM/uTimer3/R4_reg_14_	->
  uDTSDI002Top/uAPB_TimerPWM/uTimer3/R4_reg_15_	->
  uDTSDI002Top/uAPB_TimerPWM/uTimer3/TCAP_Reg_1d_reg_3_	->
  uDTSDI002Top/uAPB_TimerPWM/uTimer3/TCAP_Reg_1d_reg_4_	->
  uDTSDI002Top/uAPB_TimerPWM/uTimer3/TCAP_Reg_1d_reg_5_	->
  uDTSDI002Top/uAPB_TimerPWM/uTimer3/TCAP_Reg_reg_3_	->
  uDTSDI002Top/uAPB_TimerPWM/uTimer3/TCAP_Reg_reg_4_	->
  uDTSDI002Top/uAPB_TimerPWM/uTimer3/TCAP_Reg_reg_5_	->
  uDTSDI002Top/uAPB_TimerPWM/uTimer3/TDX_CapEn_1Pd_reg	->
  uDTSDI002Top/uAPB_TimerPWM/uTimer3/TDX_Up_reg	->
  uDTSDI002Top/uAPB_TimerPWM/uTimer3/TDx_CapEn_reg	->
  uDTSDI002Top/uAPB_TimerPWM/uTimer3/Timer_Cnt_reg_0_	->
  uDTSDI002Top/uAPB_TimerPWM/uTimer3/Timer_Cnt_reg_1_	->
  uDTSDI002Top/uAPB_TimerPWM/uTimer3/Timer_Cnt_reg_2_	->
  uDTSDI002Top/uAPB_TimerPWM/uTimer3/Timer_Cnt_reg_3_	->
  uDTSDI002Top/uAPB_TimerPWM/uTimer3/Timer_Cnt_reg_4_	->
  uDTSDI002Top/uAPB_TimerPWM/uTimer3/Timer_Cnt_reg_5_	->
  uDTSDI002Top/uAPB_TimerPWM/uTimer3/Timer_Cnt_reg_6_	->
  uDTSDI002Top/uAPB_TimerPWM/uTimer3/Timer_Cnt_reg_7_	->
  uDTSDI002Top/uAPB_TimerPWM/uTimer3/Timer_Cnt_reg_8_	->
  uDTSDI002Top/uAPB_TimerPWM/uTimer3/Timer_Cnt_reg_9_	->
  uDTSDI002Top/uAPB_TimerPWM/uTimer3/Timer_Cnt_reg_10_	->
  uDTSDI002Top/uAPB_TimerPWM/uTimer3/Timer_Cnt_reg_11_	->
  uDTSDI002Top/uAPB_TimerPWM/uTimer3/Timer_Cnt_reg_12_	->
  uDTSDI002Top/uAPB_TimerPWM/uTimer3/Timer_Cnt_reg_13_	->
  uDTSDI002Top/uAPB_TimerPWM/uTimer3/Timer_Cnt_reg_14_	->
  uDTSDI002Top/uAPB_TimerPWM/uTimer3/Timer_Cnt_reg_15_	->
  uDTSDI002Top/uAPB_TimerPWM/uTimer3/Timer_Match_Set_reg	->
  uDTSDI002Top/uAPB_TimerPWM/uTimer3/Timer_Out_reg	->
  uDTSDI002Top/uAPB_TimerPWM/uTimer3/Timers_OverFlow_reg	->
  uDTSDI002Top/uAPB_TimerPWM/uTimer3/iPRDATA_reg_0_	->
  uDTSDI002Top/uAPB_TimerPWM/uTimer3/iPRDATA_reg_1_	->
  uDTSDI002Top/uAPB_TimerPWM/uTimer3/iPRDATA_reg_2_	->
  uDTSDI002Top/uAPB_TimerPWM/uTimer3/iPRDATA_reg_3_	->
  uDTSDI002Top/uAPB_TimerPWM/uTimer3/iPRDATA_reg_4_	->
  uDTSDI002Top/uAPB_TimerPWM/uTimer3/iPRDATA_reg_5_	->
  uDTSDI002Top/uAPB_TimerPWM/uTimer3/iPRDATA_reg_6_	->
  uDTSDI002Top/uAPB_TimerPWM/uTimer3/iPRDATA_reg_7_	->
  uDTSDI002Top/uAPB_TimerPWM/uTimer3/iPRDATA_reg_8_	->
  uDTSDI002Top/uAPB_TimerPWM/uTimer3/iPRDATA_reg_9_	->
  uDTSDI002Top/uAPB_TimerPWM/uTimer3/iPRDATA_reg_10_	->
  uDTSDI002Top/uAPB_TimerPWM/uTimer3/iPRDATA_reg_11_	->
  uDTSDI002Top/uAPB_TimerPWM/uTimer3/iPRDATA_reg_12_	->
  uDTSDI002Top/uAPB_TimerPWM/uTimer3/iPRDATA_reg_13_	->
  uDTSDI002Top/uAPB_TimerPWM/uTimer3/iPRDATA_reg_14_	->
  uDTSDI002Top/uAPB_TimerPWM/uTimer3/iPRDATA_reg_15_	->
  uDTSDI002Top/uAPB_TimerPWM/uTimer4/FL_CHCLK_reg	->
  uDTSDI002Top/uAPB_TimerPWM/uTimer4/OUTCLK_1d_reg	->
  uDTSDI002Top/uAPB_TimerPWM/uTimer4/OUTCLK_2d_reg	->
  uDTSDI002Top/uAPB_TimerPWM/uTimer4/OUTCLK_3d_reg	->
  uDTSDI002Top/uAPB_TimerPWM/uTimer4/OUTCLK_4d_reg	->
  uDTSDI002Top/uAPB_TimerPWM/uTimer4/OUTCLK_reg	->
  uDTSDI002Top/uAPB_TimerPWM/uTimer4/PWM_Out_reg	->
  uDTSDI002Top/uAPB_TimerPWM/uTimer4/Prescale_Cnt_reg_0_	->
  uDTSDI002Top/uAPB_TimerPWM/uTimer4/Prescale_Cnt_reg_1_	->
  uDTSDI002Top/uAPB_TimerPWM/uTimer4/Prescale_Cnt_reg_2_	->
  uDTSDI002Top/uAPB_TimerPWM/uTimer4/Prescale_Cnt_reg_3_	->
  uDTSDI002Top/uAPB_TimerPWM/uTimer4/Prescale_Cnt_reg_4_	->
  uDTSDI002Top/uAPB_TimerPWM/uTimer4/Prescale_Cnt_reg_5_	->
  uDTSDI002Top/uAPB_TimerPWM/uTimer4/Prescale_Cnt_reg_6_	->
  uDTSDI002Top/uAPB_TimerPWM/uTimer4/Prescale_Cnt_reg_7_	->
  uDTSDI002Top/uAPB_TimerPWM/uTimer4/Prescale_Cnt_reg_8_	->
  uDTSDI002Top/uAPB_TimerPWM/uTimer4/Prescale_Cnt_reg_9_	->
  uDTSDI002Top/uAPB_TimerPWM/uTimer4/R0_reg_0_	->
  uDTSDI002Top/uAPB_TimerPWM/uTimer4/R0_reg_1_	->
  uDTSDI002Top/uAPB_TimerPWM/uTimer4/R0_reg_2_	->
  uDTSDI002Top/uAPB_TimerPWM/uTimer4/R0_reg_3_	->
  uDTSDI002Top/uAPB_TimerPWM/uTimer4/R0_reg_4_	->
  uDTSDI002Top/uAPB_TimerPWM/uTimer4/R0_reg_5_	->
  uDTSDI002Top/uAPB_TimerPWM/uTimer4/R0_reg_6_	->
  uDTSDI002Top/uAPB_TimerPWM/uTimer4/R0_reg_7_	->
  uDTSDI002Top/uAPB_TimerPWM/uTimer4/R0_reg_8_	->
  uDTSDI002Top/uAPB_TimerPWM/uTimer4/R0_reg_9_	->
  uDTSDI002Top/uAPB_TimerPWM/uTimer4/R0_reg_10_	->
  uDTSDI002Top/uAPB_TimerPWM/uTimer4/R0_reg_11_	->
  uDTSDI002Top/uAPB_TimerPWM/uTimer4/R0_reg_12_	->
  uDTSDI002Top/uAPB_TimerPWM/uTimer4/R0_reg_13_	->
  uDTSDI002Top/uAPB_TimerPWM/uTimer4/R0_reg_14_	->
  uDTSDI002Top/uAPB_TimerPWM/uTimer4/R0_reg_15_	->
  uDTSDI002Top/uAPB_TimerPWM/uTimer4/R1_reg_0_	->
  uDTSDI002Top/uAPB_TimerPWM/uTimer4/R1_reg_1_	->
  uDTSDI002Top/uAPB_TimerPWM/uTimer4/R1_reg_2_	->
  uDTSDI002Top/uAPB_TimerPWM/uTimer4/R1_reg_3_	->
  uDTSDI002Top/uAPB_TimerPWM/uTimer4/R1_reg_4_	->
  uDTSDI002Top/uAPB_TimerPWM/uTimer4/R1_reg_5_	->
  uDTSDI002Top/uAPB_TimerPWM/uTimer4/R1_reg_6_	->
  uDTSDI002Top/uAPB_TimerPWM/uTimer4/R1_reg_7_	->
  uDTSDI002Top/uAPB_TimerPWM/uTimer4/R1_reg_8_	->
  uDTSDI002Top/uAPB_TimerPWM/uTimer4/R1_reg_9_	->
  uDTSDI002Top/uAPB_TimerPWM/uTimer4/R2_reg_0_	->
  uDTSDI002Top/uAPB_TimerPWM/uTimer4/R2_reg_1_	->
  uDTSDI002Top/uAPB_TimerPWM/uTimer4/R2_reg_2_	->
  uDTSDI002Top/uAPB_TimerPWM/uTimer4/R2_reg_3_	->
  uDTSDI002Top/uAPB_TimerPWM/uTimer4/R2_reg_4_	->
  uDTSDI002Top/uAPB_TimerPWM/uTimer4/R2_reg_5_	->
  uDTSDI002Top/uAPB_TimerPWM/uTimer4/R2_reg_6_	->
  uDTSDI002Top/uAPB_TimerPWM/uTimer4/R2_reg_7_	->
  uDTSDI002Top/uAPB_TimerPWM/uTimer4/R3_reg_0_	->
  uDTSDI002Top/uAPB_TimerPWM/uTimer4/R3_reg_1_	->
  uDTSDI002Top/uAPB_TimerPWM/uTimer4/R3_reg_2_	->
  uDTSDI002Top/uAPB_TimerPWM/uTimer4/R3_reg_3_	->
  uDTSDI002Top/uAPB_TimerPWM/uTimer4/R3_reg_4_	->
  uDTSDI002Top/uAPB_TimerPWM/uTimer4/R3_reg_5_	->
  uDTSDI002Top/uAPB_TimerPWM/uTimer4/R3_reg_6_	->
  uDTSDI002Top/uAPB_TimerPWM/uTimer4/R3_reg_7_	->
  uDTSDI002Top/uAPB_TimerPWM/uTimer4/R3_reg_8_	->
  uDTSDI002Top/uAPB_TimerPWM/uTimer4/R3_reg_9_	->
  uDTSDI002Top/uAPB_TimerPWM/uTimer4/R3_reg_10_	->
  uDTSDI002Top/uAPB_TimerPWM/uTimer4/R3_reg_11_	->
  uDTSDI002Top/uAPB_TimerPWM/uTimer4/R3_reg_12_	->
  uDTSDI002Top/uAPB_TimerPWM/uTimer4/R3_reg_13_	->
  uDTSDI002Top/uAPB_TimerPWM/uTimer4/R3_reg_14_	->
  uDTSDI002Top/uAPB_TimerPWM/uTimer4/R3_reg_15_	->
  uDTSDI002Top/uAPB_TimerPWM/uTimer4/R4_reg_0_	->
  uDTSDI002Top/uAPB_TimerPWM/uTimer4/R4_reg_1_	->
  uDTSDI002Top/uAPB_TimerPWM/uTimer4/R4_reg_2_	->
  uDTSDI002Top/uAPB_TimerPWM/uTimer4/R4_reg_3_	->
  uDTSDI002Top/uAPB_TimerPWM/uTimer4/R4_reg_4_	->
  uDTSDI002Top/uAPB_TimerPWM/uTimer4/R4_reg_5_	->
  uDTSDI002Top/uAPB_TimerPWM/uTimer4/R4_reg_6_	->
  uDTSDI002Top/uAPB_TimerPWM/uTimer4/R4_reg_7_	->
  uDTSDI002Top/uAPB_TimerPWM/uTimer4/R4_reg_8_	->
  uDTSDI002Top/uAPB_TimerPWM/uTimer4/R4_reg_9_	->
  uDTSDI002Top/uAPB_TimerPWM/uTimer4/R4_reg_10_	->
  uDTSDI002Top/uAPB_TimerPWM/uTimer4/R4_reg_11_	->
  uDTSDI002Top/uAPB_TimerPWM/uTimer4/R4_reg_12_	->
  uDTSDI002Top/uAPB_TimerPWM/uTimer4/R4_reg_13_	->
  uDTSDI002Top/uAPB_TimerPWM/uTimer4/R4_reg_14_	->
  uDTSDI002Top/uAPB_TimerPWM/uTimer4/R4_reg_15_	->
  uDTSDI002Top/uAPB_TimerPWM/uTimer4/TCAP_Reg_1d_reg_3_	->
  uDTSDI002Top/uAPB_TimerPWM/uTimer4/TCAP_Reg_1d_reg_4_	->
  uDTSDI002Top/uAPB_TimerPWM/uTimer4/TCAP_Reg_1d_reg_5_	->
  uDTSDI002Top/uAPB_TimerPWM/uTimer4/TCAP_Reg_reg_3_	->
  uDTSDI002Top/uAPB_TimerPWM/uTimer4/TCAP_Reg_reg_4_	->
  uDTSDI002Top/uAPB_TimerPWM/uTimer4/TCAP_Reg_reg_5_	->
  uDTSDI002Top/uAPB_TimerPWM/uTimer4/TDX_CapEn_1Pd_reg	->
  uDTSDI002Top/uAPB_TimerPWM/uTimer4/TDX_Up_reg	->
  uDTSDI002Top/uAPB_TimerPWM/uTimer4/TDx_CapEn_reg	->
  uDTSDI002Top/uAPB_TimerPWM/uTimer4/Timer_Cnt_reg_0_	->
  uDTSDI002Top/uAPB_TimerPWM/uTimer4/Timer_Cnt_reg_1_	->
  uDTSDI002Top/uAPB_TimerPWM/uTimer4/Timer_Cnt_reg_2_	->
  uDTSDI002Top/uAPB_TimerPWM/uTimer4/Timer_Cnt_reg_3_	->
  uDTSDI002Top/uAPB_TimerPWM/uTimer4/Timer_Cnt_reg_4_	->
  uDTSDI002Top/uAPB_TimerPWM/uTimer4/Timer_Cnt_reg_5_	->
  uDTSDI002Top/uAPB_TimerPWM/uTimer4/Timer_Cnt_reg_6_	->
  uDTSDI002Top/uAPB_TimerPWM/uTimer4/Timer_Cnt_reg_7_	->
  uDTSDI002Top/uAPB_TimerPWM/uTimer4/Timer_Cnt_reg_8_	->
  uDTSDI002Top/uAPB_TimerPWM/uTimer4/Timer_Cnt_reg_9_	->
  uDTSDI002Top/uAPB_TimerPWM/uTimer4/Timer_Cnt_reg_10_	->
  uDTSDI002Top/uAPB_TimerPWM/uTimer4/Timer_Cnt_reg_11_	->
  uDTSDI002Top/uAPB_TimerPWM/uTimer4/Timer_Cnt_reg_12_	->
  uDTSDI002Top/uAPB_TimerPWM/uTimer4/Timer_Cnt_reg_13_	->
  uDTSDI002Top/uAPB_TimerPWM/uTimer4/Timer_Cnt_reg_14_	->
  uDTSDI002Top/uAPB_TimerPWM/uTimer4/Timer_Cnt_reg_15_	->
  uDTSDI002Top/uAPB_TimerPWM/uTimer4/Timer_Match_Set_reg	->
  uDTSDI002Top/uAPB_TimerPWM/uTimer4/Timer_Out_reg	->
  uDTSDI002Top/uAPB_TimerPWM/uTimer4/Timers_OverFlow_reg	->
  uDTSDI002Top/uAPB_TimerPWM/uTimer4/iPRDATA_reg_0_	->
  uDTSDI002Top/uAPB_TimerPWM/uTimer4/iPRDATA_reg_1_	->
  uDTSDI002Top/uAPB_TimerPWM/uTimer4/iPRDATA_reg_2_	->
  uDTSDI002Top/uAPB_TimerPWM/uTimer4/iPRDATA_reg_3_	->
  uDTSDI002Top/uAPB_TimerPWM/uTimer4/iPRDATA_reg_4_	->
  uDTSDI002Top/uAPB_TimerPWM/uTimer4/iPRDATA_reg_5_	->
  uDTSDI002Top/uAPB_TimerPWM/uTimer4/iPRDATA_reg_6_	->
  uDTSDI002Top/uAPB_TimerPWM/uTimer4/iPRDATA_reg_7_	->
  uDTSDI002Top/uAPB_TimerPWM/uTimer4/iPRDATA_reg_8_	->
  uDTSDI002Top/uAPB_TimerPWM/uTimer4/iPRDATA_reg_9_	->
  uDTSDI002Top/uAPB_TimerPWM/uTimer4/iPRDATA_reg_10_	->
  uDTSDI002Top/uAPB_TimerPWM/uTimer4/iPRDATA_reg_11_	->
  uDTSDI002Top/uAPB_TimerPWM/uTimer4/iPRDATA_reg_12_	->
  uDTSDI002Top/uAPB_TimerPWM/uTimer4/iPRDATA_reg_13_	->
  uDTSDI002Top/uAPB_TimerPWM/uTimer4/iPRDATA_reg_14_	->
  uDTSDI002Top/uAPB_TimerPWM/uTimer4/iPRDATA_reg_15_	->
  uDTSDI002Top/uAPB_TimerPWM/uTimer5/FL_CHCLK_reg	->
  uDTSDI002Top/uAPB_TimerPWM/uTimer5/OUTCLK_1d_reg	->
  uDTSDI002Top/uAPB_TimerPWM/uTimer5/OUTCLK_2d_reg	->
  uDTSDI002Top/uAPB_TimerPWM/uTimer5/OUTCLK_3d_reg	->
  uDTSDI002Top/uAPB_TimerPWM/uTimer5/OUTCLK_4d_reg	->
  uDTSDI002Top/uAPB_TimerPWM/uTimer5/OUTCLK_reg	->
  uDTSDI002Top/uAPB_TimerPWM/uTimer5/PWM_Out_reg	->
  uDTSDI002Top/uAPB_TimerPWM/uTimer5/Prescale_Cnt_reg_0_	->
  uDTSDI002Top/uAPB_TimerPWM/uTimer5/Prescale_Cnt_reg_1_	->
  uDTSDI002Top/uAPB_TimerPWM/uTimer5/Prescale_Cnt_reg_2_	->
  uDTSDI002Top/uAPB_TimerPWM/uTimer5/Prescale_Cnt_reg_3_	->
  uDTSDI002Top/uAPB_TimerPWM/uTimer5/Prescale_Cnt_reg_4_	->
  uDTSDI002Top/uAPB_TimerPWM/uTimer5/Prescale_Cnt_reg_5_	->
  uDTSDI002Top/uAPB_TimerPWM/uTimer5/Prescale_Cnt_reg_6_	->
  uDTSDI002Top/uAPB_TimerPWM/uTimer5/Prescale_Cnt_reg_7_	->
  uDTSDI002Top/uAPB_TimerPWM/uTimer5/Prescale_Cnt_reg_8_	->
  uDTSDI002Top/uAPB_TimerPWM/uTimer5/Prescale_Cnt_reg_9_	->
  uDTSDI002Top/uAPB_TimerPWM/uTimer5/R0_reg_0_	->
  uDTSDI002Top/uAPB_TimerPWM/uTimer5/R0_reg_1_	->
  uDTSDI002Top/uAPB_TimerPWM/uTimer5/R0_reg_2_	->
  uDTSDI002Top/uAPB_TimerPWM/uTimer5/R0_reg_3_	->
  uDTSDI002Top/uAPB_TimerPWM/uTimer5/R0_reg_4_	->
  uDTSDI002Top/uAPB_TimerPWM/uTimer5/R0_reg_5_	->
  uDTSDI002Top/uAPB_TimerPWM/uTimer5/R0_reg_6_	->
  uDTSDI002Top/uAPB_TimerPWM/uTimer5/R0_reg_7_	->
  uDTSDI002Top/uAPB_TimerPWM/uTimer5/R0_reg_8_	->
  uDTSDI002Top/uAPB_TimerPWM/uTimer5/R0_reg_9_	->
  uDTSDI002Top/uAPB_TimerPWM/uTimer5/R0_reg_10_	->
  uDTSDI002Top/uAPB_TimerPWM/uTimer5/R0_reg_11_	->
  uDTSDI002Top/uAPB_TimerPWM/uTimer5/R0_reg_12_	->
  uDTSDI002Top/uAPB_TimerPWM/uTimer5/R0_reg_13_	->
  uDTSDI002Top/uAPB_TimerPWM/uTimer5/R0_reg_14_	->
  uDTSDI002Top/uAPB_TimerPWM/uTimer5/R0_reg_15_	->
  uDTSDI002Top/uAPB_TimerPWM/uTimer5/R1_reg_0_	->
  uDTSDI002Top/uAPB_TimerPWM/uTimer5/R1_reg_1_	->
  uDTSDI002Top/uAPB_TimerPWM/uTimer5/R1_reg_2_	->
  uDTSDI002Top/uAPB_TimerPWM/uTimer5/R1_reg_3_	->
  uDTSDI002Top/uAPB_TimerPWM/uTimer5/R1_reg_4_	->
  uDTSDI002Top/uAPB_TimerPWM/uTimer5/R1_reg_5_	->
  uDTSDI002Top/uAPB_TimerPWM/uTimer5/R1_reg_6_	->
  uDTSDI002Top/uAPB_TimerPWM/uTimer5/R1_reg_7_	->
  uDTSDI002Top/uAPB_TimerPWM/uTimer5/R1_reg_8_	->
  uDTSDI002Top/uAPB_TimerPWM/uTimer5/R1_reg_9_	->
  uDTSDI002Top/uAPB_TimerPWM/uTimer5/R2_reg_0_	->
  uDTSDI002Top/uAPB_TimerPWM/uTimer5/R2_reg_1_	->
  uDTSDI002Top/uAPB_TimerPWM/uTimer5/R2_reg_2_	->
  uDTSDI002Top/uAPB_TimerPWM/uTimer5/R2_reg_3_	->
  uDTSDI002Top/uAPB_TimerPWM/uTimer5/R2_reg_4_	->
  uDTSDI002Top/uAPB_TimerPWM/uTimer5/R2_reg_5_	->
  uDTSDI002Top/uAPB_TimerPWM/uTimer5/R2_reg_6_	->
  uDTSDI002Top/uAPB_TimerPWM/uTimer5/R2_reg_7_	->
  uDTSDI002Top/uAPB_TimerPWM/uTimer5/R3_reg_0_	->
  uDTSDI002Top/uAPB_TimerPWM/uTimer5/R3_reg_1_	->
  uDTSDI002Top/uAPB_TimerPWM/uTimer5/R3_reg_2_	->
  uDTSDI002Top/uAPB_TimerPWM/uTimer5/R3_reg_3_	->
  uDTSDI002Top/uAPB_TimerPWM/uTimer5/R3_reg_4_	->
  uDTSDI002Top/uAPB_TimerPWM/uTimer5/R3_reg_5_	->
  uDTSDI002Top/uAPB_TimerPWM/uTimer5/R3_reg_6_	->
  uDTSDI002Top/uAPB_TimerPWM/uTimer5/R3_reg_7_	->
  uDTSDI002Top/uAPB_TimerPWM/uTimer5/R3_reg_8_	->
  uDTSDI002Top/uAPB_TimerPWM/uTimer5/R3_reg_9_	->
  uDTSDI002Top/uAPB_TimerPWM/uTimer5/R3_reg_10_	->
  uDTSDI002Top/uAPB_TimerPWM/uTimer5/R3_reg_11_	->
  uDTSDI002Top/uAPB_TimerPWM/uTimer5/R3_reg_12_	->
  uDTSDI002Top/uAPB_TimerPWM/uTimer5/R3_reg_13_	->
  uDTSDI002Top/uAPB_TimerPWM/uTimer5/R3_reg_14_	->
  uDTSDI002Top/uAPB_TimerPWM/uTimer5/R3_reg_15_	->
  uDTSDI002Top/uAPB_TimerPWM/uTimer5/R4_reg_0_	->
  uDTSDI002Top/uAPB_TimerPWM/uTimer5/R4_reg_1_	->
  uDTSDI002Top/uAPB_TimerPWM/uTimer5/R4_reg_2_	->
  uDTSDI002Top/uAPB_TimerPWM/uTimer5/R4_reg_3_	->
  uDTSDI002Top/uAPB_TimerPWM/uTimer5/R4_reg_4_	->
  uDTSDI002Top/uAPB_TimerPWM/uTimer5/R4_reg_5_	->
  uDTSDI002Top/uAPB_TimerPWM/uTimer5/R4_reg_6_	->
  uDTSDI002Top/uAPB_TimerPWM/uTimer5/R4_reg_7_	->
  uDTSDI002Top/uAPB_TimerPWM/uTimer5/R4_reg_8_	->
  uDTSDI002Top/uAPB_TimerPWM/uTimer5/R4_reg_9_	->
  uDTSDI002Top/uAPB_TimerPWM/uTimer5/R4_reg_10_	->
  uDTSDI002Top/uAPB_TimerPWM/uTimer5/R4_reg_11_	->
  uDTSDI002Top/uAPB_TimerPWM/uTimer5/R4_reg_12_	->
  uDTSDI002Top/uAPB_TimerPWM/uTimer5/R4_reg_13_	->
  uDTSDI002Top/uAPB_TimerPWM/uTimer5/R4_reg_14_	->
  uDTSDI002Top/uAPB_TimerPWM/uTimer5/R4_reg_15_	->
  uDTSDI002Top/uAPB_TimerPWM/uTimer5/TCAP_Reg_1d_reg_3_	->
  uDTSDI002Top/uAPB_TimerPWM/uTimer5/TCAP_Reg_1d_reg_4_	->
  uDTSDI002Top/uAPB_TimerPWM/uTimer5/TCAP_Reg_1d_reg_5_	->
  uDTSDI002Top/uAPB_TimerPWM/uTimer5/TCAP_Reg_reg_3_	->
  uDTSDI002Top/uAPB_TimerPWM/uTimer5/TCAP_Reg_reg_4_	->
  uDTSDI002Top/uAPB_TimerPWM/uTimer5/TCAP_Reg_reg_5_	->
  uDTSDI002Top/uAPB_TimerPWM/uTimer5/TDX_CapEn_1Pd_reg	->
  uDTSDI002Top/uAPB_TimerPWM/uTimer5/TDX_Up_reg	->
  uDTSDI002Top/uAPB_TimerPWM/uTimer5/TDx_CapEn_reg	->
  uDTSDI002Top/uAPB_TimerPWM/uTimer5/Timer_Cnt_reg_0_	->
  uDTSDI002Top/uAPB_TimerPWM/uTimer5/Timer_Cnt_reg_1_	->
  uDTSDI002Top/uAPB_TimerPWM/uTimer5/Timer_Cnt_reg_2_	->
  uDTSDI002Top/uAPB_TimerPWM/uTimer5/Timer_Cnt_reg_3_	->
  uDTSDI002Top/uAPB_TimerPWM/uTimer5/Timer_Cnt_reg_4_	->
  uDTSDI002Top/uAPB_TimerPWM/uTimer5/Timer_Cnt_reg_5_	->
  uDTSDI002Top/uAPB_TimerPWM/uTimer5/Timer_Cnt_reg_6_	->
  uDTSDI002Top/uAPB_TimerPWM/uTimer5/Timer_Cnt_reg_7_	->
  uDTSDI002Top/uAPB_TimerPWM/uTimer5/Timer_Cnt_reg_8_	->
  uDTSDI002Top/uAPB_TimerPWM/uTimer5/Timer_Cnt_reg_9_	->
  uDTSDI002Top/uAPB_TimerPWM/uTimer5/Timer_Cnt_reg_10_	->
  uDTSDI002Top/uAPB_TimerPWM/uTimer5/Timer_Cnt_reg_11_	->
  uDTSDI002Top/uAPB_TimerPWM/uTimer5/Timer_Cnt_reg_12_	->
  uDTSDI002Top/uAPB_TimerPWM/uTimer5/Timer_Cnt_reg_13_	->
  uDTSDI002Top/uAPB_TimerPWM/uTimer5/Timer_Cnt_reg_14_	->
  uDTSDI002Top/uAPB_TimerPWM/uTimer5/Timer_Cnt_reg_15_	->
  uDTSDI002Top/uAPB_TimerPWM/uTimer5/Timer_Match_Set_reg	->
  uDTSDI002Top/uAPB_TimerPWM/uTimer5/Timer_Out_reg	->
  uDTSDI002Top/uAPB_TimerPWM/uTimer5/Timers_OverFlow_reg	->
  uDTSDI002Top/uAPB_TimerPWM/uTimer5/iPRDATA_reg_0_	->
  uDTSDI002Top/uAPB_TimerPWM/uTimer5/iPRDATA_reg_1_	->
  uDTSDI002Top/uAPB_TimerPWM/uTimer5/iPRDATA_reg_2_	->
  uDTSDI002Top/uAPB_TimerPWM/uTimer5/iPRDATA_reg_3_	->
  uDTSDI002Top/uAPB_TimerPWM/uTimer5/iPRDATA_reg_4_	->
  uDTSDI002Top/uAPB_TimerPWM/uTimer5/iPRDATA_reg_5_	->
  uDTSDI002Top/uAPB_TimerPWM/uTimer5/iPRDATA_reg_6_	->
  uDTSDI002Top/uAPB_TimerPWM/uTimer5/iPRDATA_reg_7_	->
  uDTSDI002Top/uAPB_TimerPWM/uTimer5/iPRDATA_reg_8_	->
  uDTSDI002Top/uAPB_TimerPWM/uTimer5/iPRDATA_reg_9_	->
  uDTSDI002Top/uAPB_TimerPWM/uTimer5/iPRDATA_reg_10_	->
  uDTSDI002Top/uAPB_TimerPWM/uTimer5/iPRDATA_reg_11_	->
  uDTSDI002Top/uAPB_TimerPWM/uTimer5/iPRDATA_reg_12_	->
  uDTSDI002Top/uAPB_TimerPWM/uTimer5/iPRDATA_reg_13_	->
  uDTSDI002Top/uAPB_TimerPWM/uTimer5/iPRDATA_reg_14_	->
  uDTSDI002Top/uAPB_TimerPWM/uTimer5/iPRDATA_reg_15_	->
  uDTSDI002Top/uAPB_TimerPWM/uTimer6/FL_CHCLK_reg	->
  uDTSDI002Top/uAPB_TimerPWM/uTimer6/OUTCLK_1d_reg	->
  uDTSDI002Top/uAPB_TimerPWM/uTimer6/OUTCLK_2d_reg	->
  uDTSDI002Top/uAPB_TimerPWM/uTimer6/OUTCLK_3d_reg	->
  uDTSDI002Top/uAPB_TimerPWM/uTimer6/OUTCLK_4d_reg	->
  uDTSDI002Top/uAPB_TimerPWM/uTimer6/OUTCLK_reg	->
  uDTSDI002Top/uAPB_TimerPWM/uTimer6/PWM_Out_reg	->
  uDTSDI002Top/uAPB_TimerPWM/uTimer6/Prescale_Cnt_reg_0_	->
  uDTSDI002Top/uAPB_TimerPWM/uTimer6/Prescale_Cnt_reg_1_	->
  uDTSDI002Top/uAPB_TimerPWM/uTimer6/Prescale_Cnt_reg_2_	->
  uDTSDI002Top/uAPB_TimerPWM/uTimer6/Prescale_Cnt_reg_3_	->
  uDTSDI002Top/uAPB_TimerPWM/uTimer6/Prescale_Cnt_reg_4_	->
  uDTSDI002Top/uAPB_TimerPWM/uTimer6/Prescale_Cnt_reg_5_	->
  uDTSDI002Top/uAPB_TimerPWM/uTimer6/Prescale_Cnt_reg_6_	->
  uDTSDI002Top/uAPB_TimerPWM/uTimer6/Prescale_Cnt_reg_7_	->
  uDTSDI002Top/uAPB_TimerPWM/uTimer6/Prescale_Cnt_reg_8_	->
  uDTSDI002Top/uAPB_TimerPWM/uTimer6/Prescale_Cnt_reg_9_	->
  uDTSDI002Top/uAPB_TimerPWM/uTimer6/R0_reg_0_	->
  uDTSDI002Top/uAPB_TimerPWM/uTimer6/R0_reg_1_	->
  uDTSDI002Top/uAPB_TimerPWM/uTimer6/R0_reg_2_	->
  uDTSDI002Top/uAPB_TimerPWM/uTimer6/R0_reg_3_	->
  uDTSDI002Top/uAPB_TimerPWM/uTimer6/R0_reg_4_	->
  uDTSDI002Top/uAPB_TimerPWM/uTimer6/R0_reg_5_	->
  uDTSDI002Top/uAPB_TimerPWM/uTimer6/R0_reg_6_	->
  uDTSDI002Top/uAPB_TimerPWM/uTimer6/R0_reg_7_	->
  uDTSDI002Top/uAPB_TimerPWM/uTimer6/R0_reg_8_	->
  uDTSDI002Top/uAPB_TimerPWM/uTimer6/R0_reg_9_	->
  uDTSDI002Top/uAPB_TimerPWM/uTimer6/R0_reg_10_	->
  uDTSDI002Top/uAPB_TimerPWM/uTimer6/R0_reg_11_	->
  uDTSDI002Top/uAPB_TimerPWM/uTimer6/R0_reg_12_	->
  uDTSDI002Top/uAPB_TimerPWM/uTimer6/R0_reg_13_	->
  uDTSDI002Top/uAPB_TimerPWM/uTimer6/R0_reg_14_	->
  uDTSDI002Top/uAPB_TimerPWM/uTimer6/R0_reg_15_	->
  uDTSDI002Top/uAPB_TimerPWM/uTimer6/R1_reg_0_	->
  uDTSDI002Top/uAPB_TimerPWM/uTimer6/R1_reg_1_	->
  uDTSDI002Top/uAPB_TimerPWM/uTimer6/R1_reg_2_	->
  uDTSDI002Top/uAPB_TimerPWM/uTimer6/R1_reg_3_	->
  uDTSDI002Top/uAPB_TimerPWM/uTimer6/R1_reg_4_	->
  uDTSDI002Top/uAPB_TimerPWM/uTimer6/R1_reg_5_	->
  uDTSDI002Top/uAPB_TimerPWM/uTimer6/R1_reg_6_	->
  uDTSDI002Top/uAPB_TimerPWM/uTimer6/R1_reg_7_	->
  uDTSDI002Top/uAPB_TimerPWM/uTimer6/R1_reg_8_	->
  uDTSDI002Top/uAPB_TimerPWM/uTimer6/R1_reg_9_	->
  uDTSDI002Top/uAPB_TimerPWM/uTimer6/R2_reg_0_	->
  uDTSDI002Top/uAPB_TimerPWM/uTimer6/R2_reg_1_	->
  uDTSDI002Top/uAPB_TimerPWM/uTimer6/R2_reg_2_	->
  uDTSDI002Top/uAPB_TimerPWM/uTimer6/R2_reg_3_	->
  uDTSDI002Top/uAPB_TimerPWM/uTimer6/R2_reg_4_	->
  uDTSDI002Top/uAPB_TimerPWM/uTimer6/R2_reg_5_	->
  uDTSDI002Top/uAPB_TimerPWM/uTimer6/R2_reg_6_	->
  uDTSDI002Top/uAPB_TimerPWM/uTimer6/R2_reg_7_	->
  uDTSDI002Top/uAPB_TimerPWM/uTimer6/R3_reg_0_	->
  uDTSDI002Top/uAPB_TimerPWM/uTimer6/R3_reg_1_	->
  uDTSDI002Top/uAPB_TimerPWM/uTimer6/R3_reg_2_	->
  uDTSDI002Top/uAPB_TimerPWM/uTimer6/R3_reg_3_	->
  uDTSDI002Top/uAPB_TimerPWM/uTimer6/R3_reg_4_	->
  uDTSDI002Top/uAPB_TimerPWM/uTimer6/R3_reg_5_	->
  uDTSDI002Top/uAPB_TimerPWM/uTimer6/R3_reg_6_	->
  uDTSDI002Top/uAPB_TimerPWM/uTimer6/R3_reg_7_	->
  uDTSDI002Top/uAPB_TimerPWM/uTimer6/R3_reg_8_	->
  uDTSDI002Top/uAPB_TimerPWM/uTimer6/R3_reg_9_	->
  uDTSDI002Top/uAPB_TimerPWM/uTimer6/R3_reg_10_	->
  uDTSDI002Top/uAPB_TimerPWM/uTimer6/R3_reg_11_	->
  uDTSDI002Top/uAPB_TimerPWM/uTimer6/R3_reg_12_	->
  uDTSDI002Top/uAPB_TimerPWM/uTimer6/R3_reg_13_	->
  uDTSDI002Top/uAPB_TimerPWM/uTimer6/R3_reg_14_	->
  uDTSDI002Top/uAPB_TimerPWM/uTimer6/R3_reg_15_	->
  uDTSDI002Top/uAPB_TimerPWM/uTimer6/R4_reg_0_	->
  uDTSDI002Top/uAPB_TimerPWM/uTimer6/R4_reg_1_	->
  uDTSDI002Top/uAPB_TimerPWM/uTimer6/R4_reg_2_	->
  uDTSDI002Top/uAPB_TimerPWM/uTimer6/R4_reg_3_	->
  uDTSDI002Top/uAPB_TimerPWM/uTimer6/R4_reg_4_	->
  uDTSDI002Top/uAPB_TimerPWM/uTimer6/R4_reg_5_	->
  uDTSDI002Top/uAPB_TimerPWM/uTimer6/R4_reg_6_	->
  uDTSDI002Top/uAPB_TimerPWM/uTimer6/R4_reg_7_	->
  uDTSDI002Top/uAPB_TimerPWM/uTimer6/R4_reg_8_	->
  uDTSDI002Top/uAPB_TimerPWM/uTimer6/R4_reg_9_	->
  uDTSDI002Top/uAPB_TimerPWM/uTimer6/R4_reg_10_	->
  uDTSDI002Top/uAPB_TimerPWM/uTimer6/R4_reg_11_	->
  uDTSDI002Top/uAPB_TimerPWM/uTimer6/R4_reg_12_	->
  uDTSDI002Top/uAPB_TimerPWM/uTimer6/R4_reg_13_	->
  uDTSDI002Top/uAPB_TimerPWM/uTimer6/R4_reg_14_	->
  uDTSDI002Top/uAPB_TimerPWM/uTimer6/R4_reg_15_	->
  uDTSDI002Top/uAPB_TimerPWM/uTimer6/TCAP_Reg_1d_reg_3_	->
  uDTSDI002Top/uAPB_TimerPWM/uTimer6/TCAP_Reg_1d_reg_4_	->
  uDTSDI002Top/uAPB_TimerPWM/uTimer6/TCAP_Reg_1d_reg_5_	->
  uDTSDI002Top/uAPB_TimerPWM/uTimer6/TCAP_Reg_reg_3_	->
  uDTSDI002Top/uAPB_TimerPWM/uTimer6/TCAP_Reg_reg_4_	->
  uDTSDI002Top/uAPB_TimerPWM/uTimer6/TCAP_Reg_reg_5_	->
  uDTSDI002Top/uAPB_TimerPWM/uTimer6/TDX_CapEn_1Pd_reg	->
  uDTSDI002Top/uAPB_TimerPWM/uTimer6/TDX_Up_reg	->
  uDTSDI002Top/uAPB_TimerPWM/uTimer6/TDx_CapEn_reg	->
  uDTSDI002Top/uAPB_TimerPWM/uTimer6/Timer_Cnt_reg_0_	->
  uDTSDI002Top/uAPB_TimerPWM/uTimer6/Timer_Cnt_reg_1_	->
  uDTSDI002Top/uAPB_TimerPWM/uTimer6/Timer_Cnt_reg_2_	->
  uDTSDI002Top/uAPB_TimerPWM/uTimer6/Timer_Cnt_reg_3_	->
  uDTSDI002Top/uAPB_TimerPWM/uTimer6/Timer_Cnt_reg_4_	->
  uDTSDI002Top/uAPB_TimerPWM/uTimer6/Timer_Cnt_reg_5_	->
  uDTSDI002Top/uAPB_TimerPWM/uTimer6/Timer_Cnt_reg_6_	->
  uDTSDI002Top/uAPB_TimerPWM/uTimer6/Timer_Cnt_reg_7_	->
  uDTSDI002Top/uAPB_TimerPWM/uTimer6/Timer_Cnt_reg_8_	->
  uDTSDI002Top/uAPB_TimerPWM/uTimer6/Timer_Cnt_reg_9_	->
  uDTSDI002Top/uAPB_TimerPWM/uTimer6/Timer_Cnt_reg_10_	->
  uDTSDI002Top/uAPB_TimerPWM/uTimer6/Timer_Cnt_reg_11_	->
  uDTSDI002Top/uAPB_TimerPWM/uTimer6/Timer_Cnt_reg_12_	->
  uDTSDI002Top/uAPB_TimerPWM/uTimer6/Timer_Cnt_reg_13_	->
  uDTSDI002Top/uAPB_TimerPWM/uTimer6/Timer_Cnt_reg_14_	->
  uDTSDI002Top/uAPB_TimerPWM/uTimer6/Timer_Cnt_reg_15_	->
  uDTSDI002Top/uAPB_TimerPWM/uTimer6/Timer_Match_Set_reg	->
  uDTSDI002Top/uAPB_TimerPWM/uTimer6/Timer_Out_reg	->
  uDTSDI002Top/uAPB_TimerPWM/uTimer6/Timers_OverFlow_reg	->
  uDTSDI002Top/uAPB_TimerPWM/uTimer6/iPRDATA_reg_0_	->
  uDTSDI002Top/uAPB_TimerPWM/uTimer6/iPRDATA_reg_1_	->
  uDTSDI002Top/uAPB_TimerPWM/uTimer6/iPRDATA_reg_2_	->
  uDTSDI002Top/uAPB_TimerPWM/uTimer6/iPRDATA_reg_3_	->
  uDTSDI002Top/uAPB_TimerPWM/uTimer6/iPRDATA_reg_4_	->
  uDTSDI002Top/uAPB_TimerPWM/uTimer6/iPRDATA_reg_5_	->
  uDTSDI002Top/uAPB_TimerPWM/uTimer6/iPRDATA_reg_6_	->
  uDTSDI002Top/uAPB_TimerPWM/uTimer6/iPRDATA_reg_7_	->
  uDTSDI002Top/uAPB_TimerPWM/uTimer6/iPRDATA_reg_8_	->
  uDTSDI002Top/uAPB_TimerPWM/uTimer6/iPRDATA_reg_9_	->
  uDTSDI002Top/uAPB_TimerPWM/uTimer6/iPRDATA_reg_10_	->
  uDTSDI002Top/uAPB_TimerPWM/uTimer6/iPRDATA_reg_11_	->
  uDTSDI002Top/uAPB_TimerPWM/uTimer6/iPRDATA_reg_12_	->
  uDTSDI002Top/uAPB_TimerPWM/uTimer6/iPRDATA_reg_13_	->
  uDTSDI002Top/uAPB_TimerPWM/uTimer6/iPRDATA_reg_14_	->
  uDTSDI002Top/uAPB_TimerPWM/uTimer6/iPRDATA_reg_15_	->
  uDTSDI002Top/uAPB_TimerPWM/uTimer7/FL_CHCLK_reg	->
  uDTSDI002Top/uAPB_TimerPWM/uTimer7/OUTCLK_1d_reg	->
  uDTSDI002Top/uAPB_TimerPWM/uTimer7/OUTCLK_2d_reg	->
  uDTSDI002Top/uAPB_TimerPWM/uTimer7/OUTCLK_3d_reg	->
  uDTSDI002Top/uAPB_TimerPWM/uTimer7/OUTCLK_4d_reg	->
  uDTSDI002Top/uAPB_TimerPWM/uTimer7/OUTCLK_reg	->
  uDTSDI002Top/uAPB_TimerPWM/uTimer7/PWM_Out_reg	->
  uDTSDI002Top/uAPB_TimerPWM/uTimer7/Prescale_Cnt_reg_0_	->
  uDTSDI002Top/uAPB_TimerPWM/uTimer7/Prescale_Cnt_reg_1_	->
  uDTSDI002Top/uAPB_TimerPWM/uTimer7/Prescale_Cnt_reg_2_	->
  uDTSDI002Top/uAPB_TimerPWM/uTimer7/Prescale_Cnt_reg_3_	->
  uDTSDI002Top/uAPB_TimerPWM/uTimer7/Prescale_Cnt_reg_4_	->
  uDTSDI002Top/uAPB_TimerPWM/uTimer7/Prescale_Cnt_reg_5_	->
  uDTSDI002Top/uAPB_TimerPWM/uTimer7/Prescale_Cnt_reg_6_	->
  uDTSDI002Top/uAPB_TimerPWM/uTimer7/Prescale_Cnt_reg_7_	->
  uDTSDI002Top/uAPB_TimerPWM/uTimer7/Prescale_Cnt_reg_8_	->
  uDTSDI002Top/uAPB_TimerPWM/uTimer7/Prescale_Cnt_reg_9_	->
  uDTSDI002Top/uAPB_TimerPWM/uTimer7/R0_reg_0_	->
  uDTSDI002Top/uAPB_TimerPWM/uTimer7/R0_reg_1_	->
  uDTSDI002Top/uAPB_TimerPWM/uTimer7/R0_reg_2_	->
  uDTSDI002Top/uAPB_TimerPWM/uTimer7/R0_reg_3_	->
  uDTSDI002Top/uAPB_TimerPWM/uTimer7/R0_reg_4_	->
  uDTSDI002Top/uAPB_TimerPWM/uTimer7/R0_reg_5_	->
  uDTSDI002Top/uAPB_TimerPWM/uTimer7/R0_reg_6_	->
  uDTSDI002Top/uAPB_TimerPWM/uTimer7/R0_reg_7_	->
  uDTSDI002Top/uAPB_TimerPWM/uTimer7/R0_reg_8_	->
  uDTSDI002Top/uAPB_TimerPWM/uTimer7/R0_reg_9_	->
  uDTSDI002Top/uAPB_TimerPWM/uTimer7/R0_reg_10_	->
  uDTSDI002Top/uAPB_TimerPWM/uTimer7/R0_reg_11_	->
  uDTSDI002Top/uAPB_TimerPWM/uTimer7/R0_reg_12_	->
  uDTSDI002Top/uAPB_TimerPWM/uTimer7/R0_reg_13_	->
  uDTSDI002Top/uAPB_TimerPWM/uTimer7/R0_reg_14_	->
  uDTSDI002Top/uAPB_TimerPWM/uTimer7/R0_reg_15_	->
  uDTSDI002Top/uAPB_TimerPWM/uTimer7/R1_reg_0_	->
  uDTSDI002Top/uAPB_TimerPWM/uTimer7/R1_reg_1_	->
  uDTSDI002Top/uAPB_TimerPWM/uTimer7/R1_reg_2_	->
  uDTSDI002Top/uAPB_TimerPWM/uTimer7/R1_reg_3_	->
  uDTSDI002Top/uAPB_TimerPWM/uTimer7/R1_reg_4_	->
  uDTSDI002Top/uAPB_TimerPWM/uTimer7/R1_reg_5_	->
  uDTSDI002Top/uAPB_TimerPWM/uTimer7/R1_reg_6_	->
  uDTSDI002Top/uAPB_TimerPWM/uTimer7/R1_reg_7_	->
  uDTSDI002Top/uAPB_TimerPWM/uTimer7/R1_reg_8_	->
  uDTSDI002Top/uAPB_TimerPWM/uTimer7/R1_reg_9_	->
  uDTSDI002Top/uAPB_TimerPWM/uTimer7/R2_reg_0_	->
  uDTSDI002Top/uAPB_TimerPWM/uTimer7/R2_reg_1_	->
  uDTSDI002Top/uAPB_TimerPWM/uTimer7/R2_reg_2_	->
  uDTSDI002Top/uAPB_TimerPWM/uTimer7/R2_reg_3_	->
  uDTSDI002Top/uAPB_TimerPWM/uTimer7/R2_reg_4_	->
  uDTSDI002Top/uAPB_TimerPWM/uTimer7/R2_reg_5_	->
  uDTSDI002Top/uAPB_TimerPWM/uTimer7/R2_reg_6_	->
  uDTSDI002Top/uAPB_TimerPWM/uTimer7/R2_reg_7_	->
  uDTSDI002Top/uAPB_TimerPWM/uTimer7/R3_reg_0_	->
  uDTSDI002Top/uAPB_TimerPWM/uTimer7/R3_reg_1_	->
  uDTSDI002Top/uAPB_TimerPWM/uTimer7/R3_reg_2_	->
  uDTSDI002Top/uAPB_TimerPWM/uTimer7/R3_reg_3_	->
  uDTSDI002Top/uAPB_TimerPWM/uTimer7/R3_reg_4_	->
  uDTSDI002Top/uAPB_TimerPWM/uTimer7/R3_reg_5_	->
  uDTSDI002Top/uAPB_TimerPWM/uTimer7/R3_reg_6_	->
  uDTSDI002Top/uAPB_TimerPWM/uTimer7/R3_reg_7_	->
  uDTSDI002Top/uAPB_TimerPWM/uTimer7/R3_reg_8_	->
  uDTSDI002Top/uAPB_TimerPWM/uTimer7/R3_reg_9_	->
  uDTSDI002Top/uAPB_TimerPWM/uTimer7/R3_reg_10_	->
  uDTSDI002Top/uAPB_TimerPWM/uTimer7/R3_reg_11_	->
  uDTSDI002Top/uAPB_TimerPWM/uTimer7/R3_reg_12_	->
  uDTSDI002Top/uAPB_TimerPWM/uTimer7/R3_reg_13_	->
  uDTSDI002Top/uAPB_TimerPWM/uTimer7/R3_reg_14_	->
  uDTSDI002Top/uAPB_TimerPWM/uTimer7/R3_reg_15_	->
  uDTSDI002Top/uAPB_TimerPWM/uTimer7/R4_reg_0_	->
  uDTSDI002Top/uAPB_TimerPWM/uTimer7/R4_reg_1_	->
  uDTSDI002Top/uAPB_TimerPWM/uTimer7/R4_reg_2_	->
  uDTSDI002Top/uAPB_TimerPWM/uTimer7/R4_reg_3_	->
  uDTSDI002Top/uAPB_TimerPWM/uTimer7/R4_reg_4_	->
  uDTSDI002Top/uAPB_TimerPWM/uTimer7/R4_reg_5_	->
  uDTSDI002Top/uAPB_TimerPWM/uTimer7/R4_reg_6_	->
  uDTSDI002Top/uAPB_TimerPWM/uTimer7/R4_reg_7_	->
  uDTSDI002Top/uAPB_TimerPWM/uTimer7/R4_reg_8_	->
  uDTSDI002Top/uAPB_TimerPWM/uTimer7/R4_reg_9_	->
  uDTSDI002Top/uAPB_TimerPWM/uTimer7/R4_reg_10_	->
  uDTSDI002Top/uAPB_TimerPWM/uTimer7/R4_reg_11_	->
  uDTSDI002Top/uAPB_TimerPWM/uTimer7/R4_reg_12_	->
  uDTSDI002Top/uAPB_TimerPWM/uTimer7/R4_reg_13_	->
  uDTSDI002Top/uAPB_TimerPWM/uTimer7/R4_reg_14_	->
  uDTSDI002Top/uAPB_TimerPWM/uTimer7/R4_reg_15_	->
  uDTSDI002Top/uAPB_TimerPWM/uTimer7/TCAP_Reg_1d_reg_3_	->
  uDTSDI002Top/uAPB_TimerPWM/uTimer7/TCAP_Reg_1d_reg_4_	->
  uDTSDI002Top/uAPB_TimerPWM/uTimer7/TCAP_Reg_1d_reg_5_	->
  uDTSDI002Top/uAPB_TimerPWM/uTimer7/TCAP_Reg_reg_3_	->
  uDTSDI002Top/uAPB_TimerPWM/uTimer7/TCAP_Reg_reg_4_	->
  uDTSDI002Top/uAPB_TimerPWM/uTimer7/TCAP_Reg_reg_5_	->
  uDTSDI002Top/uAPB_TimerPWM/uTimer7/TDX_CapEn_1Pd_reg	->
  uDTSDI002Top/uAPB_TimerPWM/uTimer7/TDX_Up_reg	->
  uDTSDI002Top/uAPB_TimerPWM/uTimer7/TDx_CapEn_reg	->
  uDTSDI002Top/uAPB_TimerPWM/uTimer7/Timer_Cnt_reg_0_	->
  uDTSDI002Top/uAPB_TimerPWM/uTimer7/Timer_Cnt_reg_1_	->
  uDTSDI002Top/uAPB_TimerPWM/uTimer7/Timer_Cnt_reg_2_	->
  uDTSDI002Top/uAPB_TimerPWM/uTimer7/Timer_Cnt_reg_3_	->
  uDTSDI002Top/uAPB_TimerPWM/uTimer7/Timer_Cnt_reg_4_	->
  uDTSDI002Top/uAPB_TimerPWM/uTimer7/Timer_Cnt_reg_5_	->
  uDTSDI002Top/uAPB_TimerPWM/uTimer7/Timer_Cnt_reg_6_	->
  uDTSDI002Top/uAPB_TimerPWM/uTimer7/Timer_Cnt_reg_7_	->
  uDTSDI002Top/uAPB_TimerPWM/uTimer7/Timer_Cnt_reg_8_	->
  uDTSDI002Top/uAPB_TimerPWM/uTimer7/Timer_Cnt_reg_9_	->
  uDTSDI002Top/uAPB_TimerPWM/uTimer7/Timer_Cnt_reg_10_	->
  uDTSDI002Top/uAPB_TimerPWM/uTimer7/Timer_Cnt_reg_11_	->
  uDTSDI002Top/uAPB_TimerPWM/uTimer7/Timer_Cnt_reg_12_	->
  uDTSDI002Top/uAPB_TimerPWM/uTimer7/Timer_Cnt_reg_13_	->
  uDTSDI002Top/uAPB_TimerPWM/uTimer7/Timer_Cnt_reg_14_	->
  uDTSDI002Top/uAPB_TimerPWM/uTimer7/Timer_Cnt_reg_15_	->
  uDTSDI002Top/uAPB_TimerPWM/uTimer7/Timer_Match_Set_reg	->
  uDTSDI002Top/uAPB_TimerPWM/uTimer7/Timer_Out_reg	->
  uDTSDI002Top/uAPB_TimerPWM/uTimer7/Timers_OverFlow_reg	->
  uDTSDI002Top/uAPB_TimerPWM/uTimer7/iPRDATA_reg_0_	->
  uDTSDI002Top/uAPB_TimerPWM/uTimer7/iPRDATA_reg_1_	->
  uDTSDI002Top/uAPB_TimerPWM/uTimer7/iPRDATA_reg_2_	->
  uDTSDI002Top/uAPB_TimerPWM/uTimer7/iPRDATA_reg_3_	->
  uDTSDI002Top/uAPB_TimerPWM/uTimer7/iPRDATA_reg_4_	->
  uDTSDI002Top/uAPB_TimerPWM/uTimer7/iPRDATA_reg_5_	->
  uDTSDI002Top/uAPB_TimerPWM/uTimer7/iPRDATA_reg_6_	->
  uDTSDI002Top/uAPB_TimerPWM/uTimer7/iPRDATA_reg_7_	->
  uDTSDI002Top/uAPB_TimerPWM/uTimer7/iPRDATA_reg_8_	->
  uDTSDI002Top/uAPB_TimerPWM/uTimer7/iPRDATA_reg_9_	->
  uDTSDI002Top/uAPB_TimerPWM/uTimer7/iPRDATA_reg_10_	->
  uDTSDI002Top/uAPB_TimerPWM/uTimer7/iPRDATA_reg_11_	->
  uDTSDI002Top/uAPB_TimerPWM/uTimer7/iPRDATA_reg_12_	->
  uDTSDI002Top/uAPB_TimerPWM/uTimer7/iPRDATA_reg_13_	->
  uDTSDI002Top/uAPB_TimerPWM/uTimer7/iPRDATA_reg_14_	->
  uDTSDI002Top/uAPB_TimerPWM/uTimer7/iPRDATA_reg_15_	->
  uDTSDI002Top/uAPB_UART/uUartApbif/UARTREINTR_reg	->
  uDTSDI002Top/uAPB_UART/uUartApbif/iPRDATA_reg_0_	->
  uDTSDI002Top/uAPB_UART/uUartApbif/iPRDATA_reg_1_	->
  uDTSDI002Top/uAPB_UART/uUartApbif/iPRDATA_reg_2_	->
  uDTSDI002Top/uAPB_UART/uUartApbif/iPRDATA_reg_3_	->
  uDTSDI002Top/uAPB_UART/uUartApbif/iPRDATA_reg_4_	->
  uDTSDI002Top/uAPB_UART/uUartApbif/iPRDATA_reg_5_	->
  uDTSDI002Top/uAPB_UART/uUartApbif/iPRDATA_reg_6_	->
  uDTSDI002Top/uAPB_UART/uUartApbif/iPRDATA_reg_7_	->
  uDTSDI002Top/uAPB_UART/uUartApbif/iPRDATA_reg_8_	->
  uDTSDI002Top/uAPB_UART/uUartApbif/iPRDATA_reg_9_	->
  uDTSDI002Top/uAPB_UART/uUartApbif/iPRDATA_reg_10_	->
  uDTSDI002Top/uAPB_UART/uUartApbif/iPRDATA_reg_11_	->
  uDTSDI002Top/uAPB_UART/uUartApbif/iPRDATA_reg_12_	->
  uDTSDI002Top/uAPB_UART/uUartApbif/iPRDATA_reg_13_	->
  uDTSDI002Top/uAPB_UART/uUartApbif/iPRDATA_reg_14_	->
  uDTSDI002Top/uAPB_UART/uUartApbif/iPRDATA_reg_15_	->
  uDTSDI002Top/uAPB_UART/uUartBaudCntr/CountBaud16_reg_0_	->
  uDTSDI002Top/uAPB_UART/uUartBaudCntr/CountBaud16_reg_1_	->
  uDTSDI002Top/uAPB_UART/uUartBaudCntr/CountBaud16_reg_2_	->
  uDTSDI002Top/uAPB_UART/uUartBaudCntr/CountBaud16_reg_3_	->
  uDTSDI002Top/uAPB_UART/uUartBaudCntr/CountBaud16_reg_4_	->
  uDTSDI002Top/uAPB_UART/uUartBaudCntr/CountBaud16_reg_5_	->
  uDTSDI002Top/uAPB_UART/uUartBaudCntr/CountBaud16_reg_6_	->
  uDTSDI002Top/uAPB_UART/uUartBaudCntr/CountBaud16_reg_7_	->
  uDTSDI002Top/uAPB_UART/uUartBaudCntr/CountBaud16_reg_8_	->
  uDTSDI002Top/uAPB_UART/uUartBaudCntr/CountBaud16_reg_9_	->
  uDTSDI002Top/uAPB_UART/uUartBaudCntr/CountBaud16_reg_10_	->
  uDTSDI002Top/uAPB_UART/uUartBaudCntr/CountBaud16_reg_11_	->
  uDTSDI002Top/uAPB_UART/uUartBaudCntr/CountBaud16_reg_12_	->
  uDTSDI002Top/uAPB_UART/uUartBaudCntr/CountBaud16_reg_13_	->
  uDTSDI002Top/uAPB_UART/uUartBaudCntr/CountBaud16_reg_14_	->
  uDTSDI002Top/uAPB_UART/uUartBaudCntr/CountBaud16_reg_15_	->
  uDTSDI002Top/uAPB_UART/uUartBaudCntr/DelFBRDUpdate_reg	->
  uDTSDI002Top/uAPB_UART/uUartBaudCntr/DelILPRStg2WrEn_reg	->
  uDTSDI002Top/uAPB_UART/uUartBaudCntr/DelILPRUpdate_reg	->
  uDTSDI002Top/uAPB_UART/uUartBaudCntr/DelLCRStg2WrEn_reg	->
  uDTSDI002Top/uAPB_UART/uUartBaudCntr/DelLCRUpdate_reg	->
  uDTSDI002Top/uAPB_UART/uUartBaudCntr/FBRD_reg_0_	->
  uDTSDI002Top/uAPB_UART/uUartBaudCntr/FBRD_reg_1_	->
  uDTSDI002Top/uAPB_UART/uUartBaudCntr/FBRD_reg_2_	->
  uDTSDI002Top/uAPB_UART/uUartBaudCntr/FBRD_reg_3_	->
  uDTSDI002Top/uAPB_UART/uUartBaudCntr/FBRD_reg_4_	->
  uDTSDI002Top/uAPB_UART/uUartBaudCntr/FBRD_reg_5_	->
  uDTSDI002Top/uAPB_UART/uUartBaudCntr/ILPR_reg_0_	->
  uDTSDI002Top/uAPB_UART/uUartBaudCntr/ILPR_reg_1_	->
  uDTSDI002Top/uAPB_UART/uUartBaudCntr/ILPR_reg_2_	->
  uDTSDI002Top/uAPB_UART/uUartBaudCntr/ILPR_reg_3_	->
  uDTSDI002Top/uAPB_UART/uUartBaudCntr/ILPR_reg_4_	->
  uDTSDI002Top/uAPB_UART/uUartBaudCntr/ILPR_reg_5_	->
  uDTSDI002Top/uAPB_UART/uUartBaudCntr/ILPR_reg_6_	->
  uDTSDI002Top/uAPB_UART/uUartBaudCntr/ILPR_reg_7_	->
  uDTSDI002Top/uAPB_UART/uUartBaudCntr/LCRL_reg_0_	->
  uDTSDI002Top/uAPB_UART/uUartBaudCntr/LCRL_reg_1_	->
  uDTSDI002Top/uAPB_UART/uUartBaudCntr/LCRL_reg_2_	->
  uDTSDI002Top/uAPB_UART/uUartBaudCntr/LCRL_reg_3_	->
  uDTSDI002Top/uAPB_UART/uUartBaudCntr/LCRL_reg_4_	->
  uDTSDI002Top/uAPB_UART/uUartBaudCntr/LCRL_reg_5_	->
  uDTSDI002Top/uAPB_UART/uUartBaudCntr/LCRL_reg_6_	->
  uDTSDI002Top/uAPB_UART/uUartBaudCntr/LCRL_reg_7_	->
  uDTSDI002Top/uAPB_UART/uUartBaudCntr/LCRM_reg_0_	->
  uDTSDI002Top/uAPB_UART/uUartBaudCntr/LCRM_reg_1_	->
  uDTSDI002Top/uAPB_UART/uUartBaudCntr/LCRM_reg_2_	->
  uDTSDI002Top/uAPB_UART/uUartBaudCntr/LCRM_reg_3_	->
  uDTSDI002Top/uAPB_UART/uUartBaudCntr/LCRM_reg_4_	->
  uDTSDI002Top/uAPB_UART/uUartBaudCntr/LCRM_reg_5_	->
  uDTSDI002Top/uAPB_UART/uUartBaudCntr/LCRM_reg_6_	->
  uDTSDI002Top/uAPB_UART/uUartBaudCntr/LCRM_reg_7_	->
  uDTSDI002Top/uAPB_UART/uUartBaudCntr/LstCntBaud16Bit1_reg	->
  uDTSDI002Top/uAPB_UART/uUartBaudCntr/LstSIRLPCBit0_reg	->
  uDTSDI002Top/uAPB_UART/uUartBaudCntr/StopLPCntr_reg	->
  uDTSDI002Top/uAPB_UART/uUartBaudCntr/UARTFBRDCarry_reg	->
  uDTSDI002Top/uAPB_UART/uUartBaudCntr/UARTFBRDadd_reg_0_	->
  uDTSDI002Top/uAPB_UART/uUartBaudCntr/UARTFBRDadd_reg_1_	->
  uDTSDI002Top/uAPB_UART/uUartBaudCntr/UARTFBRDadd_reg_2_	->
  uDTSDI002Top/uAPB_UART/uUartBaudCntr/UARTFBRDadd_reg_3_	->
  uDTSDI002Top/uAPB_UART/uUartBaudCntr/UARTFBRDadd_reg_4_	->
  uDTSDI002Top/uAPB_UART/uUartBaudCntr/UARTFBRDadd_reg_5_	->
  uDTSDI002Top/uAPB_UART/uUartBaudCntr/iLCRH_reg_0_	->
  uDTSDI002Top/uAPB_UART/uUartBaudCntr/iLCRH_reg_1_	->
  uDTSDI002Top/uAPB_UART/uUartBaudCntr/iLCRH_reg_2_	->
  uDTSDI002Top/uAPB_UART/uUartBaudCntr/iLCRH_reg_3_	->
  uDTSDI002Top/uAPB_UART/uUartBaudCntr/iLCRH_reg_4_	->
  uDTSDI002Top/uAPB_UART/uUartBaudCntr/iLCRH_reg_5_	->
  uDTSDI002Top/uAPB_UART/uUartBaudCntr/iLCRH_reg_6_	->
  uDTSDI002Top/uAPB_UART/uUartBaudCntr/iSIRLPC_reg_0_	->
  uDTSDI002Top/uAPB_UART/uUartBaudCntr/iSIRLPC_reg_1_	->
  uDTSDI002Top/uAPB_UART/uUartBaudCntr/iSIRLPC_reg_2_	->
  uDTSDI002Top/uAPB_UART/uUartBaudCntr/iSIRLPC_reg_3_	->
  uDTSDI002Top/uAPB_UART/uUartBaudCntr/iSIRLPC_reg_4_	->
  uDTSDI002Top/uAPB_UART/uUartBaudCntr/iSIRLPC_reg_5_	->
  uDTSDI002Top/uAPB_UART/uUartBaudCntr/iSIRLPC_reg_6_	->
  uDTSDI002Top/uAPB_UART/uUartBaudCntr/iSIRLPC_reg_7_	->
  uDTSDI002Top/uAPB_UART/uUartDMA/iRXDMABREQ_reg	->
  uDTSDI002Top/uAPB_UART/uUartDMA/iRXDMASREQ_reg	->
  uDTSDI002Top/uAPB_UART/uUartDMA/iTXDMABREQ_reg	->
  uDTSDI002Top/uAPB_UART/uUartDMA/iTXDMASREQ_reg	->
  uDTSDI002Top/uAPB_UART/uUartIrDA/Flag_reg	->
  uDTSDI002Top/uAPB_UART/uUartIrDA/NmSirout_reg	->
  uDTSDI002Top/uAPB_UART/uUartIrDA/PdSirout_reg	->
  uDTSDI002Top/uAPB_UART/uUartIrDA/PdTCload_reg	->
  uDTSDI002Top/uAPB_UART/uUartIrDA/PdTcount_reg_0_	->
  uDTSDI002Top/uAPB_UART/uUartIrDA/PdTcount_reg_1_	->
  uDTSDI002Top/uAPB_UART/uUartIrDA/RXD_reg	->
  uDTSDI002Top/uAPB_UART/uUartIrDA/Rcount_reg_0_	->
  uDTSDI002Top/uAPB_UART/uUartIrDA/Rcount_reg_1_	->
  uDTSDI002Top/uAPB_UART/uUartIrDA/Rcount_reg_2_	->
  uDTSDI002Top/uAPB_UART/uUartIrDA/Rcount_reg_3_	->
  uDTSDI002Top/uAPB_UART/uUartIrDA/Rload_reg	->
  uDTSDI002Top/uAPB_UART/uUartIrDA/SIRENSyncEoc_reg	->
  uDTSDI002Top/uAPB_UART/uUartIrDA/SIRINStag1_reg	->
  uDTSDI002Top/uAPB_UART/uUartIrDA/SIRINStag1a_reg	->
  uDTSDI002Top/uAPB_UART/uUartIrDA/SIRINStag2_reg	->
  uDTSDI002Top/uAPB_UART/uUartIrDA/SIRINStag2a_reg	->
  uDTSDI002Top/uAPB_UART/uUartIrDA/TCStart_reg	->
  uDTSDI002Top/uAPB_UART/uUartIrDA/Tcount_reg_0_	->
  uDTSDI002Top/uAPB_UART/uUartIrDA/Tcount_reg_1_	->
  uDTSDI002Top/uAPB_UART/uUartIrDA/Tcount_reg_2_	->
  uDTSDI002Top/uAPB_UART/uUartIrDA/Tcount_reg_3_	->
  uDTSDI002Top/uAPB_UART/uUartIrDA/UARTTXDint_reg	->
  uDTSDI002Top/uAPB_UART/uUartIrDA/nSIROUTint_reg	->
  uDTSDI002Top/uAPB_UART/uUartModem/CTSEdged1_reg	->
  uDTSDI002Top/uAPB_UART/uUartModem/DCDEdged1_reg	->
  uDTSDI002Top/uAPB_UART/uUartModem/DSREdged1_reg	->
  uDTSDI002Top/uAPB_UART/uUartModem/DelUARTCTSICSync_reg	->
  uDTSDI002Top/uAPB_UART/uUartModem/DelUARTDCDICSync_reg	->
  uDTSDI002Top/uAPB_UART/uUartModem/DelUARTDSRICSync_reg	->
  uDTSDI002Top/uAPB_UART/uUartModem/DelUARTRIICSync_reg	->
  uDTSDI002Top/uAPB_UART/uUartModem/RIEdged1_reg	->
  uDTSDI002Top/uAPB_UART/uUartModem/iUARTCTSRIS_reg	->
  uDTSDI002Top/uAPB_UART/uUartModem/iUARTDCDRIS_reg	->
  uDTSDI002Top/uAPB_UART/uUartModem/iUARTDSRRIS_reg	->
  uDTSDI002Top/uAPB_UART/uUartModem/iUARTRIRIS_reg	->
  uDTSDI002Top/uAPB_UART/uUartModem/nCTSd1_reg	->
  uDTSDI002Top/uAPB_UART/uUartModem/nDCDd1_reg	->
  uDTSDI002Top/uAPB_UART/uUartModem/nDSRd1_reg	->
  uDTSDI002Top/uAPB_UART/uUartModem/nRId1_reg	->
  uDTSDI002Top/uAPB_UART/uUartRXFIFO/uUartRXFCntl/DelHldBufValid_reg	->
  uDTSDI002Top/uAPB_UART/uUartRXFIFO/uUartRXFCntl/DelOverrunDet_reg	->
  uDTSDI002Top/uAPB_UART/uUartRXFIFO/uUartRXFCntl/DelRXFWrSync_reg	->
  uDTSDI002Top/uAPB_UART/uUartRXFIFO/uUartRXFCntl/DelRXIntLevel_reg	->
  uDTSDI002Top/uAPB_UART/uUartRXFIFO/uUartRXFCntl/DelUARTOEIC_reg	->
  uDTSDI002Top/uAPB_UART/uUartRXFIFO/uUartRXFCntl/DelUARTRXIC_reg	->
  uDTSDI002Top/uAPB_UART/uUartRXFIFO/uUartRXFCntl/FIFOEmpty_reg	->
  uDTSDI002Top/uAPB_UART/uUartRXFIFO/uUartRXFCntl/FIFOFull_reg	->
  uDTSDI002Top/uAPB_UART/uUartRXFIFO/uUartRXFCntl/FIFOOverrunDet_reg	->
  uDTSDI002Top/uAPB_UART/uUartRXFIFO/uUartRXFCntl/HldBufValid_reg	->
  uDTSDI002Top/uAPB_UART/uUartRXFIFO/uUartRXFCntl/OverrunDet_reg	->
  uDTSDI002Top/uAPB_UART/uUartRXFIFO/uUartRXFCntl/RXIntLevel_reg	->
  uDTSDI002Top/uAPB_UART/uUartRXFIFO/uUartRXFCntl/RdPtr_reg_0_	->
  uDTSDI002Top/uAPB_UART/uUartRXFIFO/uUartRXFCntl/RdPtr_reg_1_	->
  uDTSDI002Top/uAPB_UART/uUartRXFIFO/uUartRXFCntl/RdPtr_reg_2_	->
  uDTSDI002Top/uAPB_UART/uUartRXFIFO/uUartRXFCntl/RdPtr_reg_3_	->
  uDTSDI002Top/uAPB_UART/uUartRXFIFO/uUartRXFCntl/UARTOERIS_reg	->
  uDTSDI002Top/uAPB_UART/uUartRXFIFO/uUartRXFCntl/UARTRXRIS_reg	->
  uDTSDI002Top/uAPB_UART/uUartRXFIFO/uUartRXFCntl/WrPtr_reg_0_	->
  uDTSDI002Top/uAPB_UART/uUartRXFIFO/uUartRXFCntl/WrPtr_reg_1_	->
  uDTSDI002Top/uAPB_UART/uUartRXFIFO/uUartRXFCntl/WrPtr_reg_2_	->
  uDTSDI002Top/uAPB_UART/uUartRXFIFO/uUartRXFCntl/WrPtr_reg_3_	->
  uDTSDI002Top/uAPB_UART/uUartRXFIFO/uUartRXFCntl/Wrap_reg	->
  uDTSDI002Top/uAPB_UART/uUartRXFIFO/uUartRXFCntl/nUARTRTSint_reg	->
  uDTSDI002Top/uAPB_UART/uUartRXFIFO/uUartRXRegFile/RXRegFile0_reg_0_	->
  uDTSDI002Top/uAPB_UART/uUartRXFIFO/uUartRXRegFile/RXRegFile0_reg_1_	->
  uDTSDI002Top/uAPB_UART/uUartRXFIFO/uUartRXRegFile/RXRegFile0_reg_2_	->
  uDTSDI002Top/uAPB_UART/uUartRXFIFO/uUartRXRegFile/RXRegFile0_reg_3_	->
  uDTSDI002Top/uAPB_UART/uUartRXFIFO/uUartRXRegFile/RXRegFile0_reg_4_	->
  uDTSDI002Top/uAPB_UART/uUartRXFIFO/uUartRXRegFile/RXRegFile0_reg_5_	->
  uDTSDI002Top/uAPB_UART/uUartRXFIFO/uUartRXRegFile/RXRegFile0_reg_6_	->
  uDTSDI002Top/uAPB_UART/uUartRXFIFO/uUartRXRegFile/RXRegFile0_reg_7_	->
  uDTSDI002Top/uAPB_UART/uUartRXFIFO/uUartRXRegFile/RXRegFile0_reg_8_	->
  uDTSDI002Top/uAPB_UART/uUartRXFIFO/uUartRXRegFile/RXRegFile0_reg_9_	->
  uDTSDI002Top/uAPB_UART/uUartRXFIFO/uUartRXRegFile/RXRegFile0_reg_10_	->
  uDTSDI002Top/uAPB_UART/uUartRXFIFO/uUartRXRegFile/RXRegFile0_reg_11_	->
  uDTSDI002Top/uAPB_UART/uUartRXFIFO/uUartRXRegFile/RXRegFile1_reg_0_	->
  uDTSDI002Top/uAPB_UART/uUartRXFIFO/uUartRXRegFile/RXRegFile1_reg_1_	->
  uDTSDI002Top/uAPB_UART/uUartRXFIFO/uUartRXRegFile/RXRegFile1_reg_2_	->
  uDTSDI002Top/uAPB_UART/uUartRXFIFO/uUartRXRegFile/RXRegFile1_reg_3_	->
  uDTSDI002Top/uAPB_UART/uUartRXFIFO/uUartRXRegFile/RXRegFile1_reg_4_	->
  uDTSDI002Top/uAPB_UART/uUartRXFIFO/uUartRXRegFile/RXRegFile1_reg_5_	->
  uDTSDI002Top/uAPB_UART/uUartRXFIFO/uUartRXRegFile/RXRegFile1_reg_6_	->
  uDTSDI002Top/uAPB_UART/uUartRXFIFO/uUartRXRegFile/RXRegFile1_reg_7_	->
  uDTSDI002Top/uAPB_UART/uUartRXFIFO/uUartRXRegFile/RXRegFile1_reg_8_	->
  uDTSDI002Top/uAPB_UART/uUartRXFIFO/uUartRXRegFile/RXRegFile1_reg_9_	->
  uDTSDI002Top/uAPB_UART/uUartRXFIFO/uUartRXRegFile/RXRegFile1_reg_10_	->
  uDTSDI002Top/uAPB_UART/uUartRXFIFO/uUartRXRegFile/RXRegFile1_reg_11_	->
  uDTSDI002Top/uAPB_UART/uUartRXFIFO/uUartRXRegFile/RXRegFile2_reg_0_	->
  uDTSDI002Top/uAPB_UART/uUartRXFIFO/uUartRXRegFile/RXRegFile2_reg_1_	->
  uDTSDI002Top/uAPB_UART/uUartRXFIFO/uUartRXRegFile/RXRegFile2_reg_2_	->
  uDTSDI002Top/uAPB_UART/uUartRXFIFO/uUartRXRegFile/RXRegFile2_reg_3_	->
  uDTSDI002Top/uAPB_UART/uUartRXFIFO/uUartRXRegFile/RXRegFile2_reg_4_	->
  uDTSDI002Top/uAPB_UART/uUartRXFIFO/uUartRXRegFile/RXRegFile2_reg_5_	->
  uDTSDI002Top/uAPB_UART/uUartRXFIFO/uUartRXRegFile/RXRegFile2_reg_6_	->
  uDTSDI002Top/uAPB_UART/uUartRXFIFO/uUartRXRegFile/RXRegFile2_reg_7_	->
  uDTSDI002Top/uAPB_UART/uUartRXFIFO/uUartRXRegFile/RXRegFile2_reg_8_	->
  uDTSDI002Top/uAPB_UART/uUartRXFIFO/uUartRXRegFile/RXRegFile2_reg_9_	->
  uDTSDI002Top/uAPB_UART/uUartRXFIFO/uUartRXRegFile/RXRegFile2_reg_10_	->
  uDTSDI002Top/uAPB_UART/uUartRXFIFO/uUartRXRegFile/RXRegFile2_reg_11_	->
  uDTSDI002Top/uAPB_UART/uUartRXFIFO/uUartRXRegFile/RXRegFile3_reg_0_	->
  uDTSDI002Top/uAPB_UART/uUartRXFIFO/uUartRXRegFile/RXRegFile3_reg_1_	->
  uDTSDI002Top/uAPB_UART/uUartRXFIFO/uUartRXRegFile/RXRegFile3_reg_2_	->
  uDTSDI002Top/uAPB_UART/uUartRXFIFO/uUartRXRegFile/RXRegFile3_reg_3_	->
  uDTSDI002Top/uAPB_UART/uUartRXFIFO/uUartRXRegFile/RXRegFile3_reg_4_	->
  uDTSDI002Top/uAPB_UART/uUartRXFIFO/uUartRXRegFile/RXRegFile3_reg_5_	->
  uDTSDI002Top/uAPB_UART/uUartRXFIFO/uUartRXRegFile/RXRegFile3_reg_6_	->
  uDTSDI002Top/uAPB_UART/uUartRXFIFO/uUartRXRegFile/RXRegFile3_reg_7_	->
  uDTSDI002Top/uAPB_UART/uUartRXFIFO/uUartRXRegFile/RXRegFile3_reg_8_	->
  uDTSDI002Top/uAPB_UART/uUartRXFIFO/uUartRXRegFile/RXRegFile3_reg_9_	->
  uDTSDI002Top/uAPB_UART/uUartRXFIFO/uUartRXRegFile/RXRegFile3_reg_10_	->
  uDTSDI002Top/uAPB_UART/uUartRXFIFO/uUartRXRegFile/RXRegFile3_reg_11_	->
  uDTSDI002Top/uAPB_UART/uUartRXFIFO/uUartRXRegFile/RXRegFile4_reg_0_	->
  uDTSDI002Top/uAPB_UART/uUartRXFIFO/uUartRXRegFile/RXRegFile4_reg_1_	->
  uDTSDI002Top/uAPB_UART/uUartRXFIFO/uUartRXRegFile/RXRegFile4_reg_2_	->
  uDTSDI002Top/uAPB_UART/uUartRXFIFO/uUartRXRegFile/RXRegFile4_reg_3_	->
  uDTSDI002Top/uAPB_UART/uUartRXFIFO/uUartRXRegFile/RXRegFile4_reg_4_	->
  uDTSDI002Top/uAPB_UART/uUartRXFIFO/uUartRXRegFile/RXRegFile4_reg_5_	->
  uDTSDI002Top/uAPB_UART/uUartRXFIFO/uUartRXRegFile/RXRegFile4_reg_6_	->
  uDTSDI002Top/uAPB_UART/uUartRXFIFO/uUartRXRegFile/RXRegFile4_reg_7_	->
  uDTSDI002Top/uAPB_UART/uUartRXFIFO/uUartRXRegFile/RXRegFile4_reg_8_	->
  uDTSDI002Top/uAPB_UART/uUartRXFIFO/uUartRXRegFile/RXRegFile4_reg_9_	->
  uDTSDI002Top/uAPB_UART/uUartRXFIFO/uUartRXRegFile/RXRegFile4_reg_10_	->
  uDTSDI002Top/uAPB_UART/uUartRXFIFO/uUartRXRegFile/RXRegFile4_reg_11_	->
  uDTSDI002Top/uAPB_UART/uUartRXFIFO/uUartRXRegFile/RXRegFile5_reg_0_	->
  uDTSDI002Top/uAPB_UART/uUartRXFIFO/uUartRXRegFile/RXRegFile5_reg_1_	->
  uDTSDI002Top/uAPB_UART/uUartRXFIFO/uUartRXRegFile/RXRegFile5_reg_2_	->
  uDTSDI002Top/uAPB_UART/uUartRXFIFO/uUartRXRegFile/RXRegFile5_reg_3_	->
  uDTSDI002Top/uAPB_UART/uUartRXFIFO/uUartRXRegFile/RXRegFile5_reg_4_	->
  uDTSDI002Top/uAPB_UART/uUartRXFIFO/uUartRXRegFile/RXRegFile5_reg_5_	->
  uDTSDI002Top/uAPB_UART/uUartRXFIFO/uUartRXRegFile/RXRegFile5_reg_6_	->
  uDTSDI002Top/uAPB_UART/uUartRXFIFO/uUartRXRegFile/RXRegFile5_reg_7_	->
  uDTSDI002Top/uAPB_UART/uUartRXFIFO/uUartRXRegFile/RXRegFile5_reg_8_	->
  uDTSDI002Top/uAPB_UART/uUartRXFIFO/uUartRXRegFile/RXRegFile5_reg_9_	->
  uDTSDI002Top/uAPB_UART/uUartRXFIFO/uUartRXRegFile/RXRegFile5_reg_10_	->
  uDTSDI002Top/uAPB_UART/uUartRXFIFO/uUartRXRegFile/RXRegFile5_reg_11_	->
  uDTSDI002Top/uAPB_UART/uUartRXFIFO/uUartRXRegFile/RXRegFile6_reg_0_	->
  uDTSDI002Top/uAPB_UART/uUartRXFIFO/uUartRXRegFile/RXRegFile6_reg_1_	->
  uDTSDI002Top/uAPB_UART/uUartRXFIFO/uUartRXRegFile/RXRegFile6_reg_2_	->
  uDTSDI002Top/uAPB_UART/uUartRXFIFO/uUartRXRegFile/RXRegFile6_reg_3_	->
  uDTSDI002Top/uAPB_UART/uUartRXFIFO/uUartRXRegFile/RXRegFile6_reg_4_	->
  uDTSDI002Top/uAPB_UART/uUartRXFIFO/uUartRXRegFile/RXRegFile6_reg_5_	->
  uDTSDI002Top/uAPB_UART/uUartRXFIFO/uUartRXRegFile/RXRegFile6_reg_6_	->
  uDTSDI002Top/uAPB_UART/uUartRXFIFO/uUartRXRegFile/RXRegFile6_reg_7_	->
  uDTSDI002Top/uAPB_UART/uUartRXFIFO/uUartRXRegFile/RXRegFile6_reg_8_	->
  uDTSDI002Top/uAPB_UART/uUartRXFIFO/uUartRXRegFile/RXRegFile6_reg_9_	->
  uDTSDI002Top/uAPB_UART/uUartRXFIFO/uUartRXRegFile/RXRegFile6_reg_10_	->
  uDTSDI002Top/uAPB_UART/uUartRXFIFO/uUartRXRegFile/RXRegFile6_reg_11_	->
  uDTSDI002Top/uAPB_UART/uUartRXFIFO/uUartRXRegFile/RXRegFile7_reg_0_	->
  uDTSDI002Top/uAPB_UART/uUartRXFIFO/uUartRXRegFile/RXRegFile7_reg_1_	->
  uDTSDI002Top/uAPB_UART/uUartRXFIFO/uUartRXRegFile/RXRegFile7_reg_2_	->
  uDTSDI002Top/uAPB_UART/uUartRXFIFO/uUartRXRegFile/RXRegFile7_reg_3_	->
  uDTSDI002Top/uAPB_UART/uUartRXFIFO/uUartRXRegFile/RXRegFile7_reg_4_	->
  uDTSDI002Top/uAPB_UART/uUartRXFIFO/uUartRXRegFile/RXRegFile7_reg_5_	->
  uDTSDI002Top/uAPB_UART/uUartRXFIFO/uUartRXRegFile/RXRegFile7_reg_6_	->
  uDTSDI002Top/uAPB_UART/uUartRXFIFO/uUartRXRegFile/RXRegFile7_reg_7_	->
  uDTSDI002Top/uAPB_UART/uUartRXFIFO/uUartRXRegFile/RXRegFile7_reg_8_	->
  uDTSDI002Top/uAPB_UART/uUartRXFIFO/uUartRXRegFile/RXRegFile7_reg_9_	->
  uDTSDI002Top/uAPB_UART/uUartRXFIFO/uUartRXRegFile/RXRegFile7_reg_10_	->
  uDTSDI002Top/uAPB_UART/uUartRXFIFO/uUartRXRegFile/RXRegFile7_reg_11_	->
  uDTSDI002Top/uAPB_UART/uUartRXFIFO/uUartRXRegFile/RXRegFile8_reg_0_	->
  uDTSDI002Top/uAPB_UART/uUartRXFIFO/uUartRXRegFile/RXRegFile8_reg_1_	->
  uDTSDI002Top/uAPB_UART/uUartRXFIFO/uUartRXRegFile/RXRegFile8_reg_2_	->
  uDTSDI002Top/uAPB_UART/uUartRXFIFO/uUartRXRegFile/RXRegFile8_reg_3_	->
  uDTSDI002Top/uAPB_UART/uUartRXFIFO/uUartRXRegFile/RXRegFile8_reg_4_	->
  uDTSDI002Top/uAPB_UART/uUartRXFIFO/uUartRXRegFile/RXRegFile8_reg_5_	->
  uDTSDI002Top/uAPB_UART/uUartRXFIFO/uUartRXRegFile/RXRegFile8_reg_6_	->
  uDTSDI002Top/uAPB_UART/uUartRXFIFO/uUartRXRegFile/RXRegFile8_reg_7_	->
  uDTSDI002Top/uAPB_UART/uUartRXFIFO/uUartRXRegFile/RXRegFile8_reg_8_	->
  uDTSDI002Top/uAPB_UART/uUartRXFIFO/uUartRXRegFile/RXRegFile8_reg_9_	->
  uDTSDI002Top/uAPB_UART/uUartRXFIFO/uUartRXRegFile/RXRegFile8_reg_10_	->
  uDTSDI002Top/uAPB_UART/uUartRXFIFO/uUartRXRegFile/RXRegFile8_reg_11_	->
  uDTSDI002Top/uAPB_UART/uUartRXFIFO/uUartRXRegFile/RXRegFile9_reg_0_	->
  uDTSDI002Top/uAPB_UART/uUartRXFIFO/uUartRXRegFile/RXRegFile9_reg_1_	->
  uDTSDI002Top/uAPB_UART/uUartRXFIFO/uUartRXRegFile/RXRegFile9_reg_2_	->
  uDTSDI002Top/uAPB_UART/uUartRXFIFO/uUartRXRegFile/RXRegFile9_reg_3_	->
  uDTSDI002Top/uAPB_UART/uUartRXFIFO/uUartRXRegFile/RXRegFile9_reg_4_	->
  uDTSDI002Top/uAPB_UART/uUartRXFIFO/uUartRXRegFile/RXRegFile9_reg_5_	->
  uDTSDI002Top/uAPB_UART/uUartRXFIFO/uUartRXRegFile/RXRegFile9_reg_6_	->
  uDTSDI002Top/uAPB_UART/uUartRXFIFO/uUartRXRegFile/RXRegFile9_reg_7_	->
  uDTSDI002Top/uAPB_UART/uUartRXFIFO/uUartRXRegFile/RXRegFile9_reg_8_	->
  uDTSDI002Top/uAPB_UART/uUartRXFIFO/uUartRXRegFile/RXRegFile9_reg_9_	->
  uDTSDI002Top/uAPB_UART/uUartRXFIFO/uUartRXRegFile/RXRegFile9_reg_10_	->
  uDTSDI002Top/uAPB_UART/uUartRXFIFO/uUartRXRegFile/RXRegFile9_reg_11_	->
  uDTSDI002Top/uAPB_UART/uUartRXFIFO/uUartRXRegFile/RXRegFile10_reg_0_	->
  uDTSDI002Top/uAPB_UART/uUartRXFIFO/uUartRXRegFile/RXRegFile10_reg_1_	->
  uDTSDI002Top/uAPB_UART/uUartRXFIFO/uUartRXRegFile/RXRegFile10_reg_2_	->
  uDTSDI002Top/uAPB_UART/uUartRXFIFO/uUartRXRegFile/RXRegFile10_reg_3_	->
  uDTSDI002Top/uAPB_UART/uUartRXFIFO/uUartRXRegFile/RXRegFile10_reg_4_	->
  uDTSDI002Top/uAPB_UART/uUartRXFIFO/uUartRXRegFile/RXRegFile10_reg_5_	->
  uDTSDI002Top/uAPB_UART/uUartRXFIFO/uUartRXRegFile/RXRegFile10_reg_6_	->
  uDTSDI002Top/uAPB_UART/uUartRXFIFO/uUartRXRegFile/RXRegFile10_reg_7_	->
  uDTSDI002Top/uAPB_UART/uUartRXFIFO/uUartRXRegFile/RXRegFile10_reg_8_	->
  uDTSDI002Top/uAPB_UART/uUartRXFIFO/uUartRXRegFile/RXRegFile10_reg_9_	->
  uDTSDI002Top/uAPB_UART/uUartRXFIFO/uUartRXRegFile/RXRegFile10_reg_10_	->
  uDTSDI002Top/uAPB_UART/uUartRXFIFO/uUartRXRegFile/RXRegFile10_reg_11_	->
  uDTSDI002Top/uAPB_UART/uUartRXFIFO/uUartRXRegFile/RXRegFile11_reg_0_	->
  uDTSDI002Top/uAPB_UART/uUartRXFIFO/uUartRXRegFile/RXRegFile11_reg_1_	->
  uDTSDI002Top/uAPB_UART/uUartRXFIFO/uUartRXRegFile/RXRegFile11_reg_2_	->
  uDTSDI002Top/uAPB_UART/uUartRXFIFO/uUartRXRegFile/RXRegFile11_reg_3_	->
  uDTSDI002Top/uAPB_UART/uUartRXFIFO/uUartRXRegFile/RXRegFile11_reg_4_	->
  uDTSDI002Top/uAPB_UART/uUartRXFIFO/uUartRXRegFile/RXRegFile11_reg_5_	->
  uDTSDI002Top/uAPB_UART/uUartRXFIFO/uUartRXRegFile/RXRegFile11_reg_6_	->
  uDTSDI002Top/uAPB_UART/uUartRXFIFO/uUartRXRegFile/RXRegFile11_reg_7_	->
  uDTSDI002Top/uAPB_UART/uUartRXFIFO/uUartRXRegFile/RXRegFile11_reg_8_	->
  uDTSDI002Top/uAPB_UART/uUartRXFIFO/uUartRXRegFile/RXRegFile11_reg_9_	->
  uDTSDI002Top/uAPB_UART/uUartRXFIFO/uUartRXRegFile/RXRegFile11_reg_10_	->
  uDTSDI002Top/uAPB_UART/uUartRXFIFO/uUartRXRegFile/RXRegFile11_reg_11_	->
  uDTSDI002Top/uAPB_UART/uUartRXFIFO/uUartRXRegFile/RXRegFile12_reg_0_	->
  uDTSDI002Top/uAPB_UART/uUartRXFIFO/uUartRXRegFile/RXRegFile12_reg_1_	->
  uDTSDI002Top/uAPB_UART/uUartRXFIFO/uUartRXRegFile/RXRegFile12_reg_2_	->
  uDTSDI002Top/uAPB_UART/uUartRXFIFO/uUartRXRegFile/RXRegFile12_reg_3_	->
  uDTSDI002Top/uAPB_UART/uUartRXFIFO/uUartRXRegFile/RXRegFile12_reg_4_	->
  uDTSDI002Top/uAPB_UART/uUartRXFIFO/uUartRXRegFile/RXRegFile12_reg_5_	->
  uDTSDI002Top/uAPB_UART/uUartRXFIFO/uUartRXRegFile/RXRegFile12_reg_6_	->
  uDTSDI002Top/uAPB_UART/uUartRXFIFO/uUartRXRegFile/RXRegFile12_reg_7_	->
  uDTSDI002Top/uAPB_UART/uUartRXFIFO/uUartRXRegFile/RXRegFile12_reg_8_	->
  uDTSDI002Top/uAPB_UART/uUartRXFIFO/uUartRXRegFile/RXRegFile12_reg_9_	->
  uDTSDI002Top/uAPB_UART/uUartRXFIFO/uUartRXRegFile/RXRegFile12_reg_10_	->
  uDTSDI002Top/uAPB_UART/uUartRXFIFO/uUartRXRegFile/RXRegFile12_reg_11_	->
  uDTSDI002Top/uAPB_UART/uUartRXFIFO/uUartRXRegFile/RXRegFile13_reg_0_	->
  uDTSDI002Top/uAPB_UART/uUartRXFIFO/uUartRXRegFile/RXRegFile13_reg_1_	->
  uDTSDI002Top/uAPB_UART/uUartRXFIFO/uUartRXRegFile/RXRegFile13_reg_2_	->
  uDTSDI002Top/uAPB_UART/uUartRXFIFO/uUartRXRegFile/RXRegFile13_reg_3_	->
  uDTSDI002Top/uAPB_UART/uUartRXFIFO/uUartRXRegFile/RXRegFile13_reg_4_	->
  uDTSDI002Top/uAPB_UART/uUartRXFIFO/uUartRXRegFile/RXRegFile13_reg_5_	->
  uDTSDI002Top/uAPB_UART/uUartRXFIFO/uUartRXRegFile/RXRegFile13_reg_6_	->
  uDTSDI002Top/uAPB_UART/uUartRXFIFO/uUartRXRegFile/RXRegFile13_reg_7_	->
  uDTSDI002Top/uAPB_UART/uUartRXFIFO/uUartRXRegFile/RXRegFile13_reg_8_	->
  uDTSDI002Top/uAPB_UART/uUartRXFIFO/uUartRXRegFile/RXRegFile13_reg_9_	->
  uDTSDI002Top/uAPB_UART/uUartRXFIFO/uUartRXRegFile/RXRegFile13_reg_10_	->
  uDTSDI002Top/uAPB_UART/uUartRXFIFO/uUartRXRegFile/RXRegFile13_reg_11_	->
  uDTSDI002Top/uAPB_UART/uUartRXFIFO/uUartRXRegFile/RXRegFile14_reg_0_	->
  uDTSDI002Top/uAPB_UART/uUartRXFIFO/uUartRXRegFile/RXRegFile14_reg_1_	->
  uDTSDI002Top/uAPB_UART/uUartRXFIFO/uUartRXRegFile/RXRegFile14_reg_2_	->
  uDTSDI002Top/uAPB_UART/uUartRXFIFO/uUartRXRegFile/RXRegFile14_reg_3_	->
  uDTSDI002Top/uAPB_UART/uUartRXFIFO/uUartRXRegFile/RXRegFile14_reg_4_	->
  uDTSDI002Top/uAPB_UART/uUartRXFIFO/uUartRXRegFile/RXRegFile14_reg_5_	->
  uDTSDI002Top/uAPB_UART/uUartRXFIFO/uUartRXRegFile/RXRegFile14_reg_6_	->
  uDTSDI002Top/uAPB_UART/uUartRXFIFO/uUartRXRegFile/RXRegFile14_reg_7_	->
  uDTSDI002Top/uAPB_UART/uUartRXFIFO/uUartRXRegFile/RXRegFile14_reg_8_	->
  uDTSDI002Top/uAPB_UART/uUartRXFIFO/uUartRXRegFile/RXRegFile14_reg_9_	->
  uDTSDI002Top/uAPB_UART/uUartRXFIFO/uUartRXRegFile/RXRegFile14_reg_10_	->
  uDTSDI002Top/uAPB_UART/uUartRXFIFO/uUartRXRegFile/RXRegFile14_reg_11_	->
  uDTSDI002Top/uAPB_UART/uUartRXFIFO/uUartRXRegFile/RXRegFile15_reg_0_	->
  uDTSDI002Top/uAPB_UART/uUartRXFIFO/uUartRXRegFile/RXRegFile15_reg_1_	->
  uDTSDI002Top/uAPB_UART/uUartRXFIFO/uUartRXRegFile/RXRegFile15_reg_2_	->
  uDTSDI002Top/uAPB_UART/uUartRXFIFO/uUartRXRegFile/RXRegFile15_reg_3_	->
  uDTSDI002Top/uAPB_UART/uUartRXFIFO/uUartRXRegFile/RXRegFile15_reg_4_	->
  uDTSDI002Top/uAPB_UART/uUartRXFIFO/uUartRXRegFile/RXRegFile15_reg_5_	->
  uDTSDI002Top/uAPB_UART/uUartRXFIFO/uUartRXRegFile/RXRegFile15_reg_6_	->
  uDTSDI002Top/uAPB_UART/uUartRXFIFO/uUartRXRegFile/RXRegFile15_reg_7_	->
  uDTSDI002Top/uAPB_UART/uUartRXFIFO/uUartRXRegFile/RXRegFile15_reg_8_	->
  uDTSDI002Top/uAPB_UART/uUartRXFIFO/uUartRXRegFile/RXRegFile15_reg_9_	->
  uDTSDI002Top/uAPB_UART/uUartRXFIFO/uUartRXRegFile/RXRegFile15_reg_10_	->
  uDTSDI002Top/uAPB_UART/uUartRXFIFO/uUartRXRegFile/RXRegFile15_reg_11_	->
  uDTSDI002Top/uAPB_UART/uUartReceive/uUartDataStp/DataStp_reg	->
  uDTSDI002Top/uAPB_UART/uUartReceive/uUartDataStp/UartDataStpState_reg	->
  uDTSDI002Top/uAPB_UART/uUartReceive/uUartDataStp/WDCount_reg_0_	->
  uDTSDI002Top/uAPB_UART/uUartReceive/uUartDataStp/WDCount_reg_1_	->
  uDTSDI002Top/uAPB_UART/uUartReceive/uUartDataStp/WDCount_reg_2_	->
  uDTSDI002Top/uAPB_UART/uUartReceive/uUartDataStp/WDCount_reg_3_	->
  uDTSDI002Top/uAPB_UART/uUartReceive/uUartDataStp/WDCount_reg_4_	->
  uDTSDI002Top/uAPB_UART/uUartReceive/uUartDataStp/WDCount_reg_5_	->
  uDTSDI002Top/uAPB_UART/uUartReceive/uUartDataStp/WDCount_reg_6_	->
  uDTSDI002Top/uAPB_UART/uUartReceive/uUartDataStp/WDCount_reg_7_	->
  uDTSDI002Top/uAPB_UART/uUartReceive/uUartDataStp/WDCount_reg_8_	->
  uDTSDI002Top/uAPB_UART/uUartReceive/uUartDataStp/delUARTRTICSync_reg	->
  uDTSDI002Top/uAPB_UART/uUartReceive/uUartRXCntl/BitCnt_reg_0_	->
  uDTSDI002Top/uAPB_UART/uUartReceive/uUartRXCntl/BitCnt_reg_1_	->
  uDTSDI002Top/uAPB_UART/uUartReceive/uUartRXCntl/BitCnt_reg_2_	->
  uDTSDI002Top/uAPB_UART/uUartReceive/uUartRXCntl/BitPeriodCnt_reg_0_	->
  uDTSDI002Top/uAPB_UART/uUartReceive/uUartRXCntl/BitPeriodCnt_reg_1_	->
  uDTSDI002Top/uAPB_UART/uUartReceive/uUartRXCntl/BitPeriodCnt_reg_2_	->
  uDTSDI002Top/uAPB_UART/uUartReceive/uUartRXCntl/BitPeriodCnt_reg_3_	->
  uDTSDI002Top/uAPB_UART/uUartReceive/uUartRXCntl/ClearShiftReg_reg	->
  uDTSDI002Top/uAPB_UART/uUartReceive/uUartRXCntl/DelBreakError_reg	->
  uDTSDI002Top/uAPB_UART/uUartReceive/uUartRXCntl/DelFramingError_reg	->
  uDTSDI002Top/uAPB_UART/uUartReceive/uUartRXCntl/DelUARTBEICSync_reg	->
  uDTSDI002Top/uAPB_UART/uUartReceive/uUartRXCntl/DelUARTFEICSync_reg	->
  uDTSDI002Top/uAPB_UART/uUartReceive/uUartRXCntl/RXBUSY_reg	->
  uDTSDI002Top/uAPB_UART/uUartReceive/uUartRXCntl/RXD1_reg	->
  uDTSDI002Top/uAPB_UART/uUartReceive/uUartRXCntl/RXD2_reg	->
  uDTSDI002Top/uAPB_UART/uUartReceive/uUartRXCntl/RXD3_reg	->
  uDTSDI002Top/uAPB_UART/uUartReceive/uUartRXCntl/RXFWr_reg	->
  uDTSDI002Top/uAPB_UART/uUartReceive/uUartRXCntl/ReloadWD_reg	->
  uDTSDI002Top/uAPB_UART/uUartReceive/uUartRXCntl/SampleParity_reg	->
  uDTSDI002Top/uAPB_UART/uUartReceive/uUartRXCntl/ShiftEn_reg	->
  uDTSDI002Top/uAPB_UART/uUartReceive/uUartRXCntl/UARTBERIS_reg	->
  uDTSDI002Top/uAPB_UART/uUartReceive/uUartRXCntl/iBreak_reg	->
  uDTSDI002Top/uAPB_UART/uUartReceive/uUartRXCntl/iCharRxComp_reg	->
  uDTSDI002Top/uAPB_UART/uUartReceive/uUartRXCntl/iFramingError_reg	->
  uDTSDI002Top/uAPB_UART/uUartReceive/uUartRXCntl/iUARTFERIS_reg	->
  uDTSDI002Top/uAPB_UART/uUartReceive/uUartRXCntl/iUartRXCntlState_reg_0_	->
  uDTSDI002Top/uAPB_UART/uUartReceive/uUartRXCntl/iUartRXCntlState_reg_1_	->
  uDTSDI002Top/uAPB_UART/uUartReceive/uUartRXCntl/iUartRXCntlState_reg_2_	->
  uDTSDI002Top/uAPB_UART/uUartReceive/uUartRXParShft/DelParityError_reg	->
  uDTSDI002Top/uAPB_UART/uUartReceive/uUartRXParShft/DelUARTPEICSync_reg	->
  uDTSDI002Top/uAPB_UART/uUartReceive/uUartRXParShft/DtPrZero_reg	->
  uDTSDI002Top/uAPB_UART/uUartReceive/uUartRXParShft/ParityError_reg	->
  uDTSDI002Top/uAPB_UART/uUartReceive/uUartRXParShft/RXShiftReg_reg_0_	->
  uDTSDI002Top/uAPB_UART/uUartReceive/uUartRXParShft/RXShiftReg_reg_1_	->
  uDTSDI002Top/uAPB_UART/uUartReceive/uUartRXParShft/RXShiftReg_reg_2_	->
  uDTSDI002Top/uAPB_UART/uUartReceive/uUartRXParShft/RXShiftReg_reg_3_	->
  uDTSDI002Top/uAPB_UART/uUartReceive/uUartRXParShft/RXShiftReg_reg_4_	->
  uDTSDI002Top/uAPB_UART/uUartReceive/uUartRXParShft/RXShiftReg_reg_5_	->
  uDTSDI002Top/uAPB_UART/uUartReceive/uUartRXParShft/RXShiftReg_reg_6_	->
  uDTSDI002Top/uAPB_UART/uUartReceive/uUartRXParShft/RXShiftReg_reg_7_	->
  uDTSDI002Top/uAPB_UART/uUartReceive/uUartRXParShft/UARTPERIS_reg	->
  uDTSDI002Top/uAPB_UART/uUartRegBlock/UARTIMSC_reg_0_	->
  uDTSDI002Top/uAPB_UART/uUartRegBlock/UARTIMSC_reg_1_	->
  uDTSDI002Top/uAPB_UART/uUartRegBlock/UARTIMSC_reg_2_	->
  uDTSDI002Top/uAPB_UART/uUartRegBlock/UARTIMSC_reg_3_	->
  uDTSDI002Top/uAPB_UART/uUartRegBlock/UARTIMSC_reg_4_	->
  uDTSDI002Top/uAPB_UART/uUartRegBlock/UARTIMSC_reg_5_	->
  uDTSDI002Top/uAPB_UART/uUartRegBlock/UARTIMSC_reg_6_	->
  uDTSDI002Top/uAPB_UART/uUartRegBlock/UARTIMSC_reg_7_	->
  uDTSDI002Top/uAPB_UART/uUartRegBlock/UARTIMSC_reg_8_	->
  uDTSDI002Top/uAPB_UART/uUartRegBlock/UARTIMSC_reg_9_	->
  uDTSDI002Top/uAPB_UART/uUartRegBlock/UARTIMSC_reg_10_	->
  uDTSDI002Top/uAPB_UART/uUartRegBlock/iFBRDUpdate_reg	->
  uDTSDI002Top/uAPB_UART/uUartRegBlock/iILPRUpdate_reg	->
  uDTSDI002Top/uAPB_UART/uUartRegBlock/iLCRUpdate_reg	->
  uDTSDI002Top/uAPB_UART/uUartRegBlock/iRXSTATUS_reg_0_	->
  uDTSDI002Top/uAPB_UART/uUartRegBlock/iRXSTATUS_reg_1_	->
  uDTSDI002Top/uAPB_UART/uUartRegBlock/iRXSTATUS_reg_2_	->
  uDTSDI002Top/uAPB_UART/uUartRegBlock/iUARTBEIC_reg	->
  uDTSDI002Top/uAPB_UART/uUartRegBlock/iUARTCR_reg_0_	->
  uDTSDI002Top/uAPB_UART/uUartRegBlock/iUARTCR_reg_1_	->
  uDTSDI002Top/uAPB_UART/uUartRegBlock/iUARTCR_reg_2_	->
  uDTSDI002Top/uAPB_UART/uUartRegBlock/iUARTCR_reg_3_	->
  uDTSDI002Top/uAPB_UART/uUartRegBlock/iUARTCR_reg_4_	->
  uDTSDI002Top/uAPB_UART/uUartRegBlock/iUARTCR_reg_5_	->
  uDTSDI002Top/uAPB_UART/uUartRegBlock/iUARTCR_reg_6_	->
  uDTSDI002Top/uAPB_UART/uUartRegBlock/iUARTCR_reg_7_	->
  uDTSDI002Top/uAPB_UART/uUartRegBlock/iUARTCR_reg_8_	->
  uDTSDI002Top/uAPB_UART/uUartRegBlock/iUARTCR_reg_9_	->
  uDTSDI002Top/uAPB_UART/uUartRegBlock/iUARTCR_reg_10_	->
  uDTSDI002Top/uAPB_UART/uUartRegBlock/iUARTCR_reg_11_	->
  uDTSDI002Top/uAPB_UART/uUartRegBlock/iUARTCR_reg_12_	->
  uDTSDI002Top/uAPB_UART/uUartRegBlock/iUARTCR_reg_13_	->
  uDTSDI002Top/uAPB_UART/uUartRegBlock/iUARTCR_reg_14_	->
  uDTSDI002Top/uAPB_UART/uUartRegBlock/iUARTCR_reg_15_	->
  uDTSDI002Top/uAPB_UART/uUartRegBlock/iUARTCTSIC_reg	->
  uDTSDI002Top/uAPB_UART/uUartRegBlock/iUARTDCDIC_reg	->
  uDTSDI002Top/uAPB_UART/uUartRegBlock/iUARTDMACR_reg_0_	->
  uDTSDI002Top/uAPB_UART/uUartRegBlock/iUARTDMACR_reg_1_	->
  uDTSDI002Top/uAPB_UART/uUartRegBlock/iUARTDMACR_reg_2_	->
  uDTSDI002Top/uAPB_UART/uUartRegBlock/iUARTDSRIC_reg	->
  uDTSDI002Top/uAPB_UART/uUartRegBlock/iUARTFBRD_reg_0_	->
  uDTSDI002Top/uAPB_UART/uUartRegBlock/iUARTFBRD_reg_1_	->
  uDTSDI002Top/uAPB_UART/uUartRegBlock/iUARTFBRD_reg_2_	->
  uDTSDI002Top/uAPB_UART/uUartRegBlock/iUARTFBRD_reg_3_	->
  uDTSDI002Top/uAPB_UART/uUartRegBlock/iUARTFBRD_reg_4_	->
  uDTSDI002Top/uAPB_UART/uUartRegBlock/iUARTFBRD_reg_5_	->
  uDTSDI002Top/uAPB_UART/uUartRegBlock/iUARTFEIC_reg	->
  uDTSDI002Top/uAPB_UART/uUartRegBlock/iUARTIFLS_reg_0_	->
  uDTSDI002Top/uAPB_UART/uUartRegBlock/iUARTIFLS_reg_1_	->
  uDTSDI002Top/uAPB_UART/uUartRegBlock/iUARTIFLS_reg_2_	->
  uDTSDI002Top/uAPB_UART/uUartRegBlock/iUARTIFLS_reg_3_	->
  uDTSDI002Top/uAPB_UART/uUartRegBlock/iUARTIFLS_reg_4_	->
  uDTSDI002Top/uAPB_UART/uUartRegBlock/iUARTIFLS_reg_5_	->
  uDTSDI002Top/uAPB_UART/uUartRegBlock/iUARTILPR_reg_0_	->
  uDTSDI002Top/uAPB_UART/uUartRegBlock/iUARTILPR_reg_1_	->
  uDTSDI002Top/uAPB_UART/uUartRegBlock/iUARTILPR_reg_2_	->
  uDTSDI002Top/uAPB_UART/uUartRegBlock/iUARTILPR_reg_3_	->
  uDTSDI002Top/uAPB_UART/uUartRegBlock/iUARTILPR_reg_4_	->
  uDTSDI002Top/uAPB_UART/uUartRegBlock/iUARTILPR_reg_5_	->
  uDTSDI002Top/uAPB_UART/uUartRegBlock/iUARTILPR_reg_6_	->
  uDTSDI002Top/uAPB_UART/uUartRegBlock/iUARTILPR_reg_7_	->
  uDTSDI002Top/uAPB_UART/uUartRegBlock/iUARTLCRH_reg_0_	->
  uDTSDI002Top/uAPB_UART/uUartRegBlock/iUARTLCRH_reg_1_	->
  uDTSDI002Top/uAPB_UART/uUartRegBlock/iUARTLCRH_reg_2_	->
  uDTSDI002Top/uAPB_UART/uUartRegBlock/iUARTLCRH_reg_3_	->
  uDTSDI002Top/uAPB_UART/uUartRegBlock/iUARTLCRH_reg_4_	->
  uDTSDI002Top/uAPB_UART/uUartRegBlock/iUARTLCRH_reg_5_	->
  uDTSDI002Top/uAPB_UART/uUartRegBlock/iUARTLCRH_reg_6_	->
  uDTSDI002Top/uAPB_UART/uUartRegBlock/iUARTLCRH_reg_7_	->
  uDTSDI002Top/uAPB_UART/uUartRegBlock/iUARTLCRL_reg_0_	->
  uDTSDI002Top/uAPB_UART/uUartRegBlock/iUARTLCRL_reg_1_	->
  uDTSDI002Top/uAPB_UART/uUartRegBlock/iUARTLCRL_reg_2_	->
  uDTSDI002Top/uAPB_UART/uUartRegBlock/iUARTLCRL_reg_3_	->
  uDTSDI002Top/uAPB_UART/uUartRegBlock/iUARTLCRL_reg_4_	->
  uDTSDI002Top/uAPB_UART/uUartRegBlock/iUARTLCRL_reg_5_	->
  uDTSDI002Top/uAPB_UART/uUartRegBlock/iUARTLCRL_reg_6_	->
  uDTSDI002Top/uAPB_UART/uUartRegBlock/iUARTLCRL_reg_7_	->
  uDTSDI002Top/uAPB_UART/uUartRegBlock/iUARTLCRM_reg_0_	->
  uDTSDI002Top/uAPB_UART/uUartRegBlock/iUARTLCRM_reg_1_	->
  uDTSDI002Top/uAPB_UART/uUartRegBlock/iUARTLCRM_reg_2_	->
  uDTSDI002Top/uAPB_UART/uUartRegBlock/iUARTLCRM_reg_3_	->
  uDTSDI002Top/uAPB_UART/uUartRegBlock/iUARTLCRM_reg_4_	->
  uDTSDI002Top/uAPB_UART/uUartRegBlock/iUARTLCRM_reg_5_	->
  uDTSDI002Top/uAPB_UART/uUartRegBlock/iUARTLCRM_reg_6_	->
  uDTSDI002Top/uAPB_UART/uUartRegBlock/iUARTLCRM_reg_7_	->
  uDTSDI002Top/uAPB_UART/uUartRegBlock/iUARTOEIC_reg	->
  uDTSDI002Top/uAPB_UART/uUartRegBlock/iUARTPEIC_reg	->
  uDTSDI002Top/uAPB_UART/uUartRegBlock/iUARTRIIC_reg	->
  uDTSDI002Top/uAPB_UART/uUartRegBlock/iUARTRTIC_reg	->
  uDTSDI002Top/uAPB_UART/uUartRegBlock/iUARTRXIC_reg	->
  uDTSDI002Top/uAPB_UART/uUartRegBlock/iUARTTXIC_reg	->
  uDTSDI002Top/uAPB_UART/uUartSynctoPCLK/AbortSy1_reg	->
  uDTSDI002Top/uAPB_UART/uUartSynctoPCLK/AbortSync_reg	->
  uDTSDI002Top/uAPB_UART/uUartSynctoPCLK/CharTxCompSy1_reg	->
  uDTSDI002Top/uAPB_UART/uUartSynctoPCLK/CharTxCompSync_reg	->
  uDTSDI002Top/uAPB_UART/uUartSynctoPCLK/DataStpSy1_reg	->
  uDTSDI002Top/uAPB_UART/uUartSynctoPCLK/RXFWrSy1_reg	->
  uDTSDI002Top/uAPB_UART/uUartSynctoPCLK/RXFWrSync_reg	->
  uDTSDI002Top/uAPB_UART/uUartSynctoPCLK/TXBUSYSy1_reg	->
  uDTSDI002Top/uAPB_UART/uUartSynctoPCLK/TXBUSYSync_reg	->
  uDTSDI002Top/uAPB_UART/uUartSynctoPCLK/TXFRPtrIncSy1_reg	->
  uDTSDI002Top/uAPB_UART/uUartSynctoPCLK/TXFRdPtrIncSync_reg	->
  uDTSDI002Top/uAPB_UART/uUartSynctoPCLK/UARTMISerrSy1_reg_0_	->
  uDTSDI002Top/uAPB_UART/uUartSynctoPCLK/UARTMISerrSy1_reg_1_	->
  uDTSDI002Top/uAPB_UART/uUartSynctoPCLK/UARTMISerrSy1_reg_2_	->
  uDTSDI002Top/uAPB_UART/uUartSynctoPCLK/UARTMISerrSync_reg_0_	->
  uDTSDI002Top/uAPB_UART/uUartSynctoPCLK/UARTMISerrSync_reg_1_	->
  uDTSDI002Top/uAPB_UART/uUartSynctoPCLK/UARTMISerrSync_reg_2_	->
  uDTSDI002Top/uAPB_UART/uUartSynctoPCLK/UARTMISmodSy1_reg_0_	->
  uDTSDI002Top/uAPB_UART/uUartSynctoPCLK/UARTMISmodSy1_reg_1_	->
  uDTSDI002Top/uAPB_UART/uUartSynctoPCLK/UARTMISmodSy1_reg_2_	->
  uDTSDI002Top/uAPB_UART/uUartSynctoPCLK/UARTMISmodSy1_reg_3_	->
  uDTSDI002Top/uAPB_UART/uUartSynctoPCLK/UARTMISmodSync_reg_0_	->
  uDTSDI002Top/uAPB_UART/uUartSynctoPCLK/UARTMISmodSync_reg_1_	->
  uDTSDI002Top/uAPB_UART/uUartSynctoPCLK/UARTMISmodSync_reg_2_	->
  uDTSDI002Top/uAPB_UART/uUartSynctoPCLK/UARTMISmodSync_reg_3_	->
  uDTSDI002Top/uAPB_UART/uUartSynctoPCLK/UARTRISerrSy1_reg_0_	->
  uDTSDI002Top/uAPB_UART/uUartSynctoPCLK/UARTRISerrSy1_reg_1_	->
  uDTSDI002Top/uAPB_UART/uUartSynctoPCLK/UARTRISerrSy1_reg_2_	->
  uDTSDI002Top/uAPB_UART/uUartSynctoPCLK/UARTRISerrSync_reg_0_	->
  uDTSDI002Top/uAPB_UART/uUartSynctoPCLK/UARTRISerrSync_reg_1_	->
  uDTSDI002Top/uAPB_UART/uUartSynctoPCLK/UARTRISerrSync_reg_2_	->
  uDTSDI002Top/uAPB_UART/uUartSynctoPCLK/UARTRISmodSy1_reg_0_	->
  uDTSDI002Top/uAPB_UART/uUartSynctoPCLK/UARTRISmodSy1_reg_1_	->
  uDTSDI002Top/uAPB_UART/uUartSynctoPCLK/UARTRISmodSy1_reg_2_	->
  uDTSDI002Top/uAPB_UART/uUartSynctoPCLK/UARTRISmodSy1_reg_3_	->
  uDTSDI002Top/uAPB_UART/uUartSynctoPCLK/UARTRISmodSync_reg_0_	->
  uDTSDI002Top/uAPB_UART/uUartSynctoPCLK/UARTRISmodSync_reg_1_	->
  uDTSDI002Top/uAPB_UART/uUartSynctoPCLK/UARTRISmodSync_reg_2_	->
  uDTSDI002Top/uAPB_UART/uUartSynctoPCLK/UARTRISmodSync_reg_3_	->
  uDTSDI002Top/uAPB_UART/uUartSynctoPCLK/UARTRTRIS_reg	->
  uDTSDI002Top/uAPB_UART/uUartSynctoPCLK/UARTRXDMACLRSy1_reg	->
  uDTSDI002Top/uAPB_UART/uUartSynctoPCLK/UARTRXDMACLRSync_reg	->
  uDTSDI002Top/uAPB_UART/uUartSynctoPCLK/UARTTXDMACLRSy1_reg	->
  uDTSDI002Top/uAPB_UART/uUartSynctoPCLK/UARTTXDMACLRSync_reg	->
  uDTSDI002Top/uAPB_UART/uUartSynctoPCLK/nCTSSy1_reg	->
  uDTSDI002Top/uAPB_UART/uUartSynctoPCLK/nCTSSyncPCLK_reg	->
  uDTSDI002Top/uAPB_UART/uUartSynctoPCLK/nDCDSy1_reg	->
  uDTSDI002Top/uAPB_UART/uUartSynctoPCLK/nDCDSyncPCLK_reg	->
  uDTSDI002Top/uAPB_UART/uUartSynctoPCLK/nDSRSy1_reg	->
  uDTSDI002Top/uAPB_UART/uUartSynctoPCLK/nDSRSyncPCLK_reg	->
  uDTSDI002Top/uAPB_UART/uUartSynctoPCLK/nRISy1_reg	->
  uDTSDI002Top/uAPB_UART/uUartSynctoPCLK/nRISyncPCLK_reg	->
  uDTSDI002Top/uAPB_UART/uUartSynctoUCLK/BEIMSync1_reg	->
  uDTSDI002Top/uAPB_UART/uUartSynctoUCLK/BEIMSync_reg	->
  uDTSDI002Top/uAPB_UART/uUartSynctoUCLK/BRKSync1_reg	->
  uDTSDI002Top/uAPB_UART/uUartSynctoUCLK/BRKSync_reg	->
  uDTSDI002Top/uAPB_UART/uUartSynctoUCLK/CTSEnSync1_reg	->
  uDTSDI002Top/uAPB_UART/uUartSynctoUCLK/CTSEnSyncUCLK_reg	->
  uDTSDI002Top/uAPB_UART/uUartSynctoUCLK/CTSIMSync1_reg	->
  uDTSDI002Top/uAPB_UART/uUartSynctoUCLK/CTSIMSync_reg	->
  uDTSDI002Top/uAPB_UART/uUartSynctoUCLK/DCDIMSync1_reg	->
  uDTSDI002Top/uAPB_UART/uUartSynctoUCLK/DCDIMSync_reg	->
  uDTSDI002Top/uAPB_UART/uUartSynctoUCLK/DSRIMSync1_reg	->
  uDTSDI002Top/uAPB_UART/uUartSynctoUCLK/DSRIMSync_reg	->
  uDTSDI002Top/uAPB_UART/uUartSynctoUCLK/FBRDUpdateSync1_reg	->
  uDTSDI002Top/uAPB_UART/uUartSynctoUCLK/FBRDUpdateSync_reg	->
  uDTSDI002Top/uAPB_UART/uUartSynctoUCLK/FEIMSync1_reg	->
  uDTSDI002Top/uAPB_UART/uUartSynctoUCLK/FEIMSync_reg	->
  uDTSDI002Top/uAPB_UART/uUartSynctoUCLK/ILPRUpdateSync1_reg	->
  uDTSDI002Top/uAPB_UART/uUartSynctoUCLK/ILPRUpdateSync_reg	->
  uDTSDI002Top/uAPB_UART/uUartSynctoUCLK/LCRUpdateSync1_reg	->
  uDTSDI002Top/uAPB_UART/uUartSynctoUCLK/LCRUpdateSync_reg	->
  uDTSDI002Top/uAPB_UART/uUartSynctoUCLK/PEIMSync1_reg	->
  uDTSDI002Top/uAPB_UART/uUartSynctoUCLK/PEIMSync_reg	->
  uDTSDI002Top/uAPB_UART/uUartSynctoUCLK/RIIMSync1_reg	->
  uDTSDI002Top/uAPB_UART/uUartSynctoUCLK/RIIMSync_reg	->
  uDTSDI002Top/uAPB_UART/uUartSynctoUCLK/RPtrInDnSync1_reg	->
  uDTSDI002Top/uAPB_UART/uUartSynctoUCLK/RTIMSync1_reg	->
  uDTSDI002Top/uAPB_UART/uUartSynctoUCLK/RTIMSync_reg	->
  uDTSDI002Top/uAPB_UART/uUartSynctoUCLK/RXESync1_reg	->
  uDTSDI002Top/uAPB_UART/uUartSynctoUCLK/RXESync_reg	->
  uDTSDI002Top/uAPB_UART/uUartSynctoUCLK/RXFESync1_reg	->
  uDTSDI002Top/uAPB_UART/uUartSynctoUCLK/RXFESync_reg	->
  uDTSDI002Top/uAPB_UART/uUartSynctoUCLK/RXFWrDoneSync1_reg	->
  uDTSDI002Top/uAPB_UART/uUartSynctoUCLK/RXFWrDoneSync_reg	->
  uDTSDI002Top/uAPB_UART/uUartSynctoUCLK/RdPtrIncDoneSync_reg	->
  uDTSDI002Top/uAPB_UART/uUartSynctoUCLK/SIRENSync1_reg	->
  uDTSDI002Top/uAPB_UART/uUartSynctoUCLK/SIRENSync_reg	->
  uDTSDI002Top/uAPB_UART/uUartSynctoUCLK/SIRINSync1_reg	->
  uDTSDI002Top/uAPB_UART/uUartSynctoUCLK/SIRINSync_reg	->
  uDTSDI002Top/uAPB_UART/uUartSynctoUCLK/SIRLPSync1_reg	->
  uDTSDI002Top/uAPB_UART/uUartSynctoUCLK/SIRLPSync_reg	->
  uDTSDI002Top/uAPB_UART/uUartSynctoUCLK/TXDataAvlblSync1_reg	->
  uDTSDI002Top/uAPB_UART/uUartSynctoUCLK/TXDataAvlblSync_reg	->
  uDTSDI002Top/uAPB_UART/uUartSynctoUCLK/TXESync1_reg	->
  uDTSDI002Top/uAPB_UART/uUartSynctoUCLK/TXESync_reg	->
  uDTSDI002Top/uAPB_UART/uUartSynctoUCLK/UARTBEICSync1_reg	->
  uDTSDI002Top/uAPB_UART/uUartSynctoUCLK/UARTBEICSync_reg	->
  uDTSDI002Top/uAPB_UART/uUartSynctoUCLK/UARTCTSICSync1_reg	->
  uDTSDI002Top/uAPB_UART/uUartSynctoUCLK/UARTCTSICSync_reg	->
  uDTSDI002Top/uAPB_UART/uUartSynctoUCLK/UARTDCDICSync1_reg	->
  uDTSDI002Top/uAPB_UART/uUartSynctoUCLK/UARTDCDICSync_reg	->
  uDTSDI002Top/uAPB_UART/uUartSynctoUCLK/UARTDSRICSync1_reg	->
  uDTSDI002Top/uAPB_UART/uUartSynctoUCLK/UARTDSRICSync_reg	->
  uDTSDI002Top/uAPB_UART/uUartSynctoUCLK/UARTENSync1_reg	->
  uDTSDI002Top/uAPB_UART/uUartSynctoUCLK/UARTENSync_reg	->
  uDTSDI002Top/uAPB_UART/uUartSynctoUCLK/UARTFEICSync1_reg	->
  uDTSDI002Top/uAPB_UART/uUartSynctoUCLK/UARTFEICSync_reg	->
  uDTSDI002Top/uAPB_UART/uUartSynctoUCLK/UARTPEICSync1_reg	->
  uDTSDI002Top/uAPB_UART/uUartSynctoUCLK/UARTPEICSync_reg	->
  uDTSDI002Top/uAPB_UART/uUartSynctoUCLK/UARTRIICSync1_reg	->
  uDTSDI002Top/uAPB_UART/uUartSynctoUCLK/UARTRIICSync_reg	->
  uDTSDI002Top/uAPB_UART/uUartSynctoUCLK/UARTRTICSync1_reg	->
  uDTSDI002Top/uAPB_UART/uUartSynctoUCLK/UARTRTICSync_reg	->
  uDTSDI002Top/uAPB_UART/uUartSynctoUCLK/UARTRXDSync1_reg	->
  uDTSDI002Top/uAPB_UART/uUartSynctoUCLK/UARTRXDSync_reg	->
  uDTSDI002Top/uAPB_UART/uUartSynctoUCLK/nCTSSync1_reg	->
  uDTSDI002Top/uAPB_UART/uUartSynctoUCLK/nCTSSyncUARTCLK_reg	->
  uDTSDI002Top/uAPB_UART/uUartSynctoUCLK/nDCDSync1_reg	->
  uDTSDI002Top/uAPB_UART/uUartSynctoUCLK/nDCDSyncUARTCLK_reg	->
  uDTSDI002Top/uAPB_UART/uUartSynctoUCLK/nDSRSync1_reg	->
  uDTSDI002Top/uAPB_UART/uUartSynctoUCLK/nDSRSyncUARTCLK_reg	->
  uDTSDI002Top/uAPB_UART/uUartSynctoUCLK/nRISync1_reg	->
  uDTSDI002Top/uAPB_UART/uUartSynctoUCLK/nRISyncUARTCLK_reg	->
  uDTSDI002Top/uAPB_UART/uUartTXCntl/BitCount_reg_0_	->
  uDTSDI002Top/uAPB_UART/uUartTXCntl/BitCount_reg_1_	->
  uDTSDI002Top/uAPB_UART/uUartTXCntl/BitCount_reg_2_	->
  uDTSDI002Top/uAPB_UART/uUartTXCntl/BitPeriodCnt_reg_0_	->
  uDTSDI002Top/uAPB_UART/uUartTXCntl/BitPeriodCnt_reg_1_	->
  uDTSDI002Top/uAPB_UART/uUartTXCntl/BitPeriodCnt_reg_2_	->
  uDTSDI002Top/uAPB_UART/uUartTXCntl/BitPeriodCnt_reg_3_	->
  uDTSDI002Top/uAPB_UART/uUartTXCntl/CharTxComp_reg	->
  uDTSDI002Top/uAPB_UART/uUartTXCntl/StopBaudCnt_reg	->
  uDTSDI002Top/uAPB_UART/uUartTXCntl/TXBUSY_reg	->
  uDTSDI002Top/uAPB_UART/uUartTXCntl/TXDReg_reg	->
  uDTSDI002Top/uAPB_UART/uUartTXCntl/TXFRdPtrInc_reg	->
  uDTSDI002Top/uAPB_UART/uUartTXCntl/TXShiftReg_reg_0_	->
  uDTSDI002Top/uAPB_UART/uUartTXCntl/TXShiftReg_reg_1_	->
  uDTSDI002Top/uAPB_UART/uUartTXCntl/TXShiftReg_reg_2_	->
  uDTSDI002Top/uAPB_UART/uUartTXCntl/TXShiftReg_reg_3_	->
  uDTSDI002Top/uAPB_UART/uUartTXCntl/TXShiftReg_reg_4_	->
  uDTSDI002Top/uAPB_UART/uUartTXCntl/TXShiftReg_reg_5_	->
  uDTSDI002Top/uAPB_UART/uUartTXCntl/TXShiftReg_reg_6_	->
  uDTSDI002Top/uAPB_UART/uUartTXCntl/UartTXCntlState_reg_0_	->
  uDTSDI002Top/uAPB_UART/uUartTXCntl/UartTXCntlState_reg_1_	->
  uDTSDI002Top/uAPB_UART/uUartTXCntl/UartTXCntlState_reg_2_	->
  uDTSDI002Top/uAPB_UART/uUartTXCntl/UartTXCntlState_reg_3_	->
  uDTSDI002Top/uAPB_UART/uUartTXFIFO/uUartTXFCntl/CharTxCompDel_reg	->
  uDTSDI002Top/uAPB_UART/uUartTXFIFO/uUartTXFCntl/DelAbort_reg	->
  uDTSDI002Top/uAPB_UART/uUartTXFIFO/uUartTXFCntl/DelFEN_reg	->
  uDTSDI002Top/uAPB_UART/uUartTXFIFO/uUartTXFCntl/DelHldBufValid_reg	->
  uDTSDI002Top/uAPB_UART/uUartTXFIFO/uUartTXFCntl/DelRdPtrInc_reg	->
  uDTSDI002Top/uAPB_UART/uUartTXFIFO/uUartTXFCntl/DelTXE_reg	->
  uDTSDI002Top/uAPB_UART/uUartTXFIFO/uUartTXFCntl/DelTXIntLevel_reg	->
  uDTSDI002Top/uAPB_UART/uUartTXFIFO/uUartTXFCntl/DelUARTEN_reg	->
  uDTSDI002Top/uAPB_UART/uUartTXFIFO/uUartTXFCntl/DelUARTTXIC_reg	->
  uDTSDI002Top/uAPB_UART/uUartTXFIFO/uUartTXFCntl/FIFOFull_reg	->
  uDTSDI002Top/uAPB_UART/uUartTXFIFO/uUartTXFCntl/FIFONotE_reg	->
  uDTSDI002Top/uAPB_UART/uUartTXFIFO/uUartTXFCntl/HldBufValid_reg	->
  uDTSDI002Top/uAPB_UART/uUartTXFIFO/uUartTXFCntl/RdPtr_reg_0_	->
  uDTSDI002Top/uAPB_UART/uUartTXFIFO/uUartTXFCntl/RdPtr_reg_1_	->
  uDTSDI002Top/uAPB_UART/uUartTXFIFO/uUartTXFCntl/RdPtr_reg_2_	->
  uDTSDI002Top/uAPB_UART/uUartTXFIFO/uUartTXFCntl/RdPtr_reg_3_	->
  uDTSDI002Top/uAPB_UART/uUartTXFIFO/uUartTXFCntl/ShiftDataAvlbl_reg	->
  uDTSDI002Top/uAPB_UART/uUartTXFIFO/uUartTXFCntl/TXIntLevel_reg	->
  uDTSDI002Top/uAPB_UART/uUartTXFIFO/uUartTXFCntl/TXShiftData_reg_0_	->
  uDTSDI002Top/uAPB_UART/uUartTXFIFO/uUartTXFCntl/TXShiftData_reg_1_	->
  uDTSDI002Top/uAPB_UART/uUartTXFIFO/uUartTXFCntl/TXShiftData_reg_2_	->
  uDTSDI002Top/uAPB_UART/uUartTXFIFO/uUartTXFCntl/TXShiftData_reg_3_	->
  uDTSDI002Top/uAPB_UART/uUartTXFIFO/uUartTXFCntl/TXShiftData_reg_4_	->
  uDTSDI002Top/uAPB_UART/uUartTXFIFO/uUartTXFCntl/TXShiftData_reg_5_	->
  uDTSDI002Top/uAPB_UART/uUartTXFIFO/uUartTXFCntl/TXShiftData_reg_6_	->
  uDTSDI002Top/uAPB_UART/uUartTXFIFO/uUartTXFCntl/TXShiftData_reg_7_	->
  uDTSDI002Top/uAPB_UART/uUartTXFIFO/uUartTXFCntl/TXShiftRegE1_reg	->
  uDTSDI002Top/uAPB_UART/uUartTXFIFO/uUartTXFCntl/TXShiftRegEDel_reg	->
  uDTSDI002Top/uAPB_UART/uUartTXFIFO/uUartTXFCntl/UARTTXRIS_reg	->
  uDTSDI002Top/uAPB_UART/uUartTXFIFO/uUartTXFCntl/WrPtr_reg_0_	->
  uDTSDI002Top/uAPB_UART/uUartTXFIFO/uUartTXFCntl/WrPtr_reg_1_	->
  uDTSDI002Top/uAPB_UART/uUartTXFIFO/uUartTXFCntl/WrPtr_reg_2_	->
  uDTSDI002Top/uAPB_UART/uUartTXFIFO/uUartTXFCntl/WrPtr_reg_3_	->
  uDTSDI002Top/uAPB_UART/uUartTXFIFO/uUartTXFCntl/Wrap_reg	->
  uDTSDI002Top/uAPB_UART/uUartTXFIFO/uUartTXRegFile/TXRegFile0_reg_0_	->
  uDTSDI002Top/uAPB_UART/uUartTXFIFO/uUartTXRegFile/TXRegFile0_reg_1_	->
  uDTSDI002Top/uAPB_UART/uUartTXFIFO/uUartTXRegFile/TXRegFile0_reg_2_	->
  uDTSDI002Top/uAPB_UART/uUartTXFIFO/uUartTXRegFile/TXRegFile0_reg_3_	->
  uDTSDI002Top/uAPB_UART/uUartTXFIFO/uUartTXRegFile/TXRegFile0_reg_4_	->
  uDTSDI002Top/uAPB_UART/uUartTXFIFO/uUartTXRegFile/TXRegFile0_reg_5_	->
  uDTSDI002Top/uAPB_UART/uUartTXFIFO/uUartTXRegFile/TXRegFile0_reg_6_	->
  uDTSDI002Top/uAPB_UART/uUartTXFIFO/uUartTXRegFile/TXRegFile0_reg_7_	->
  uDTSDI002Top/uAPB_UART/uUartTXFIFO/uUartTXRegFile/TXRegFile1_reg_0_	->
  uDTSDI002Top/uAPB_UART/uUartTXFIFO/uUartTXRegFile/TXRegFile1_reg_1_	->
  uDTSDI002Top/uAPB_UART/uUartTXFIFO/uUartTXRegFile/TXRegFile1_reg_2_	->
  uDTSDI002Top/uAPB_UART/uUartTXFIFO/uUartTXRegFile/TXRegFile1_reg_3_	->
  uDTSDI002Top/uAPB_UART/uUartTXFIFO/uUartTXRegFile/TXRegFile1_reg_4_	->
  uDTSDI002Top/uAPB_UART/uUartTXFIFO/uUartTXRegFile/TXRegFile1_reg_5_	->
  uDTSDI002Top/uAPB_UART/uUartTXFIFO/uUartTXRegFile/TXRegFile1_reg_6_	->
  uDTSDI002Top/uAPB_UART/uUartTXFIFO/uUartTXRegFile/TXRegFile1_reg_7_	->
  uDTSDI002Top/uAPB_UART/uUartTXFIFO/uUartTXRegFile/TXRegFile2_reg_0_	->
  uDTSDI002Top/uAPB_UART/uUartTXFIFO/uUartTXRegFile/TXRegFile2_reg_1_	->
  uDTSDI002Top/uAPB_UART/uUartTXFIFO/uUartTXRegFile/TXRegFile2_reg_2_	->
  uDTSDI002Top/uAPB_UART/uUartTXFIFO/uUartTXRegFile/TXRegFile2_reg_3_	->
  uDTSDI002Top/uAPB_UART/uUartTXFIFO/uUartTXRegFile/TXRegFile2_reg_4_	->
  uDTSDI002Top/uAPB_UART/uUartTXFIFO/uUartTXRegFile/TXRegFile2_reg_5_	->
  uDTSDI002Top/uAPB_UART/uUartTXFIFO/uUartTXRegFile/TXRegFile2_reg_6_	->
  uDTSDI002Top/uAPB_UART/uUartTXFIFO/uUartTXRegFile/TXRegFile2_reg_7_	->
  uDTSDI002Top/uAPB_UART/uUartTXFIFO/uUartTXRegFile/TXRegFile3_reg_0_	->
  uDTSDI002Top/uAPB_UART/uUartTXFIFO/uUartTXRegFile/TXRegFile3_reg_1_	->
  uDTSDI002Top/uAPB_UART/uUartTXFIFO/uUartTXRegFile/TXRegFile3_reg_2_	->
  uDTSDI002Top/uAPB_UART/uUartTXFIFO/uUartTXRegFile/TXRegFile3_reg_3_	->
  uDTSDI002Top/uAPB_UART/uUartTXFIFO/uUartTXRegFile/TXRegFile3_reg_4_	->
  uDTSDI002Top/uAPB_UART/uUartTXFIFO/uUartTXRegFile/TXRegFile3_reg_5_	->
  uDTSDI002Top/uAPB_UART/uUartTXFIFO/uUartTXRegFile/TXRegFile3_reg_6_	->
  uDTSDI002Top/uAPB_UART/uUartTXFIFO/uUartTXRegFile/TXRegFile3_reg_7_	->
  uDTSDI002Top/uAPB_UART/uUartTXFIFO/uUartTXRegFile/TXRegFile4_reg_0_	->
  uDTSDI002Top/uAPB_UART/uUartTXFIFO/uUartTXRegFile/TXRegFile4_reg_1_	->
  uDTSDI002Top/uAPB_UART/uUartTXFIFO/uUartTXRegFile/TXRegFile4_reg_2_	->
  uDTSDI002Top/uAPB_UART/uUartTXFIFO/uUartTXRegFile/TXRegFile4_reg_3_	->
  uDTSDI002Top/uAPB_UART/uUartTXFIFO/uUartTXRegFile/TXRegFile4_reg_4_	->
  uDTSDI002Top/uAPB_UART/uUartTXFIFO/uUartTXRegFile/TXRegFile4_reg_5_	->
  uDTSDI002Top/uAPB_UART/uUartTXFIFO/uUartTXRegFile/TXRegFile4_reg_6_	->
  uDTSDI002Top/uAPB_UART/uUartTXFIFO/uUartTXRegFile/TXRegFile4_reg_7_	->
  uDTSDI002Top/uAPB_UART/uUartTXFIFO/uUartTXRegFile/TXRegFile5_reg_0_	->
  uDTSDI002Top/uAPB_UART/uUartTXFIFO/uUartTXRegFile/TXRegFile5_reg_1_	->
  uDTSDI002Top/uAPB_UART/uUartTXFIFO/uUartTXRegFile/TXRegFile5_reg_2_	->
  uDTSDI002Top/uAPB_UART/uUartTXFIFO/uUartTXRegFile/TXRegFile5_reg_3_	->
  uDTSDI002Top/uAPB_UART/uUartTXFIFO/uUartTXRegFile/TXRegFile5_reg_4_	->
  uDTSDI002Top/uAPB_UART/uUartTXFIFO/uUartTXRegFile/TXRegFile5_reg_5_	->
  uDTSDI002Top/uAPB_UART/uUartTXFIFO/uUartTXRegFile/TXRegFile5_reg_6_	->
  uDTSDI002Top/uAPB_UART/uUartTXFIFO/uUartTXRegFile/TXRegFile5_reg_7_	->
  uDTSDI002Top/uAPB_UART/uUartTXFIFO/uUartTXRegFile/TXRegFile6_reg_0_	->
  uDTSDI002Top/uAPB_UART/uUartTXFIFO/uUartTXRegFile/TXRegFile6_reg_1_	->
  uDTSDI002Top/uAPB_UART/uUartTXFIFO/uUartTXRegFile/TXRegFile6_reg_2_	->
  uDTSDI002Top/uAPB_UART/uUartTXFIFO/uUartTXRegFile/TXRegFile6_reg_3_	->
  uDTSDI002Top/uAPB_UART/uUartTXFIFO/uUartTXRegFile/TXRegFile6_reg_4_	->
  uDTSDI002Top/uAPB_UART/uUartTXFIFO/uUartTXRegFile/TXRegFile6_reg_5_	->
  uDTSDI002Top/uAPB_UART/uUartTXFIFO/uUartTXRegFile/TXRegFile6_reg_6_	->
  uDTSDI002Top/uAPB_UART/uUartTXFIFO/uUartTXRegFile/TXRegFile6_reg_7_	->
  uDTSDI002Top/uAPB_UART/uUartTXFIFO/uUartTXRegFile/TXRegFile7_reg_0_	->
  uDTSDI002Top/uAPB_UART/uUartTXFIFO/uUartTXRegFile/TXRegFile7_reg_1_	->
  uDTSDI002Top/uAPB_UART/uUartTXFIFO/uUartTXRegFile/TXRegFile7_reg_2_	->
  uDTSDI002Top/uAPB_UART/uUartTXFIFO/uUartTXRegFile/TXRegFile7_reg_3_	->
  uDTSDI002Top/uAPB_UART/uUartTXFIFO/uUartTXRegFile/TXRegFile7_reg_4_	->
  uDTSDI002Top/uAPB_UART/uUartTXFIFO/uUartTXRegFile/TXRegFile7_reg_5_	->
  uDTSDI002Top/uAPB_UART/uUartTXFIFO/uUartTXRegFile/TXRegFile7_reg_6_	->
  uDTSDI002Top/uAPB_UART/uUartTXFIFO/uUartTXRegFile/TXRegFile7_reg_7_	->
  uDTSDI002Top/uAPB_UART/uUartTXFIFO/uUartTXRegFile/TXRegFile8_reg_0_	->
  uDTSDI002Top/uAPB_UART/uUartTXFIFO/uUartTXRegFile/TXRegFile8_reg_1_	->
  uDTSDI002Top/uAPB_UART/uUartTXFIFO/uUartTXRegFile/TXRegFile8_reg_2_	->
  uDTSDI002Top/uAPB_UART/uUartTXFIFO/uUartTXRegFile/TXRegFile8_reg_3_	->
  uDTSDI002Top/uAPB_UART/uUartTXFIFO/uUartTXRegFile/TXRegFile8_reg_4_	->
  uDTSDI002Top/uAPB_UART/uUartTXFIFO/uUartTXRegFile/TXRegFile8_reg_5_	->
  uDTSDI002Top/uAPB_UART/uUartTXFIFO/uUartTXRegFile/TXRegFile8_reg_6_	->
  uDTSDI002Top/uAPB_UART/uUartTXFIFO/uUartTXRegFile/TXRegFile8_reg_7_	->
  uDTSDI002Top/uAPB_UART/uUartTXFIFO/uUartTXRegFile/TXRegFile9_reg_0_	->
  uDTSDI002Top/uAPB_UART/uUartTXFIFO/uUartTXRegFile/TXRegFile9_reg_1_	->
  uDTSDI002Top/uAPB_UART/uUartTXFIFO/uUartTXRegFile/TXRegFile9_reg_2_	->
  uDTSDI002Top/uAPB_UART/uUartTXFIFO/uUartTXRegFile/TXRegFile9_reg_3_	->
  uDTSDI002Top/uAPB_UART/uUartTXFIFO/uUartTXRegFile/TXRegFile9_reg_4_	->
  uDTSDI002Top/uAPB_UART/uUartTXFIFO/uUartTXRegFile/TXRegFile9_reg_5_	->
  uDTSDI002Top/uAPB_UART/uUartTXFIFO/uUartTXRegFile/TXRegFile9_reg_6_	->
  uDTSDI002Top/uAPB_UART/uUartTXFIFO/uUartTXRegFile/TXRegFile9_reg_7_	->
  uDTSDI002Top/uAPB_UART/uUartTXFIFO/uUartTXRegFile/TXRegFile10_reg_0_	->
  uDTSDI002Top/uAPB_UART/uUartTXFIFO/uUartTXRegFile/TXRegFile10_reg_1_	->
  uDTSDI002Top/uAPB_UART/uUartTXFIFO/uUartTXRegFile/TXRegFile10_reg_2_	->
  uDTSDI002Top/uAPB_UART/uUartTXFIFO/uUartTXRegFile/TXRegFile10_reg_3_	->
  uDTSDI002Top/uAPB_UART/uUartTXFIFO/uUartTXRegFile/TXRegFile10_reg_4_	->
  uDTSDI002Top/uAPB_UART/uUartTXFIFO/uUartTXRegFile/TXRegFile10_reg_5_	->
  uDTSDI002Top/uAPB_UART/uUartTXFIFO/uUartTXRegFile/TXRegFile10_reg_6_	->
  uDTSDI002Top/uAPB_UART/uUartTXFIFO/uUartTXRegFile/TXRegFile10_reg_7_	->
  uDTSDI002Top/uAPB_UART/uUartTXFIFO/uUartTXRegFile/TXRegFile11_reg_0_	->
  uDTSDI002Top/uAPB_UART/uUartTXFIFO/uUartTXRegFile/TXRegFile11_reg_1_	->
  uDTSDI002Top/uAPB_UART/uUartTXFIFO/uUartTXRegFile/TXRegFile11_reg_2_	->
  uDTSDI002Top/uAPB_UART/uUartTXFIFO/uUartTXRegFile/TXRegFile11_reg_3_	->
  uDTSDI002Top/uAPB_UART/uUartTXFIFO/uUartTXRegFile/TXRegFile11_reg_4_	->
  uDTSDI002Top/uAPB_UART/uUartTXFIFO/uUartTXRegFile/TXRegFile11_reg_5_	->
  uDTSDI002Top/uAPB_UART/uUartTXFIFO/uUartTXRegFile/TXRegFile11_reg_6_	->
  uDTSDI002Top/uAPB_UART/uUartTXFIFO/uUartTXRegFile/TXRegFile11_reg_7_	->
  uDTSDI002Top/uAPB_UART/uUartTXFIFO/uUartTXRegFile/TXRegFile12_reg_0_	->
  uDTSDI002Top/uAPB_UART/uUartTXFIFO/uUartTXRegFile/TXRegFile12_reg_1_	->
  uDTSDI002Top/uAPB_UART/uUartTXFIFO/uUartTXRegFile/TXRegFile12_reg_2_	->
  uDTSDI002Top/uAPB_UART/uUartTXFIFO/uUartTXRegFile/TXRegFile12_reg_3_	->
  uDTSDI002Top/uAPB_UART/uUartTXFIFO/uUartTXRegFile/TXRegFile12_reg_4_	->
  uDTSDI002Top/uAPB_UART/uUartTXFIFO/uUartTXRegFile/TXRegFile12_reg_5_	->
  uDTSDI002Top/uAPB_UART/uUartTXFIFO/uUartTXRegFile/TXRegFile12_reg_6_	->
  uDTSDI002Top/uAPB_UART/uUartTXFIFO/uUartTXRegFile/TXRegFile12_reg_7_	->
  uDTSDI002Top/uAPB_UART/uUartTXFIFO/uUartTXRegFile/TXRegFile13_reg_0_	->
  uDTSDI002Top/uAPB_UART/uUartTXFIFO/uUartTXRegFile/TXRegFile13_reg_1_	->
  uDTSDI002Top/uAPB_UART/uUartTXFIFO/uUartTXRegFile/TXRegFile13_reg_2_	->
  uDTSDI002Top/uAPB_UART/uUartTXFIFO/uUartTXRegFile/TXRegFile13_reg_3_	->
  uDTSDI002Top/uAPB_UART/uUartTXFIFO/uUartTXRegFile/TXRegFile13_reg_4_	->
  uDTSDI002Top/uAPB_UART/uUartTXFIFO/uUartTXRegFile/TXRegFile13_reg_5_	->
  uDTSDI002Top/uAPB_UART/uUartTXFIFO/uUartTXRegFile/TXRegFile13_reg_6_	->
  uDTSDI002Top/uAPB_UART/uUartTXFIFO/uUartTXRegFile/TXRegFile13_reg_7_	->
  uDTSDI002Top/uAPB_UART/uUartTXFIFO/uUartTXRegFile/TXRegFile14_reg_0_	->
  uDTSDI002Top/uAPB_UART/uUartTXFIFO/uUartTXRegFile/TXRegFile14_reg_1_	->
  uDTSDI002Top/uAPB_UART/uUartTXFIFO/uUartTXRegFile/TXRegFile14_reg_2_	->
  uDTSDI002Top/uAPB_UART/uUartTXFIFO/uUartTXRegFile/TXRegFile14_reg_3_	->
  uDTSDI002Top/uAPB_UART/uUartTXFIFO/uUartTXRegFile/TXRegFile14_reg_4_	->
  uDTSDI002Top/uAPB_UART/uUartTXFIFO/uUartTXRegFile/TXRegFile14_reg_5_	->
  uDTSDI002Top/uAPB_UART/uUartTXFIFO/uUartTXRegFile/TXRegFile14_reg_6_	->
  uDTSDI002Top/uAPB_UART/uUartTXFIFO/uUartTXRegFile/TXRegFile14_reg_7_	->
  uDTSDI002Top/uAPB_UART/uUartTXFIFO/uUartTXRegFile/TXRegFile15_reg_0_	->
  uDTSDI002Top/uAPB_UART/uUartTXFIFO/uUartTXRegFile/TXRegFile15_reg_1_	->
  uDTSDI002Top/uAPB_UART/uUartTXFIFO/uUartTXRegFile/TXRegFile15_reg_2_	->
  uDTSDI002Top/uAPB_UART/uUartTXFIFO/uUartTXRegFile/TXRegFile15_reg_3_	->
  uDTSDI002Top/uAPB_UART/uUartTXFIFO/uUartTXRegFile/TXRegFile15_reg_4_	->
  uDTSDI002Top/uAPB_UART/uUartTXFIFO/uUartTXRegFile/TXRegFile15_reg_5_	->
  uDTSDI002Top/uAPB_UART/uUartTXFIFO/uUartTXRegFile/TXRegFile15_reg_6_	->
  uDTSDI002Top/uAPB_UART/uUartTXFIFO/uUartTXRegFile/TXRegFile15_reg_7_	->
  uDTSDI002Top/uAPB_UART/uUartTest/delUARTTDRrd_reg	->
  uDTSDI002Top/uAPB_UART/uUartTest/iUARTITIP_reg_6_	->
  uDTSDI002Top/uAPB_UART/uUartTest/iUARTITIP_reg_7_	->
  uDTSDI002Top/uAPB_UART/uUartTest/iUARTITOP_reg_0_	->
  uDTSDI002Top/uAPB_UART/uUartTest/iUARTITOP_reg_1_	->
  uDTSDI002Top/uAPB_UART/uUartTest/iUARTITOP_reg_2_	->
  uDTSDI002Top/uAPB_UART/uUartTest/iUARTITOP_reg_3_	->
  uDTSDI002Top/uAPB_UART/uUartTest/iUARTITOP_reg_4_	->
  uDTSDI002Top/uAPB_UART/uUartTest/iUARTITOP_reg_5_	->
  uDTSDI002Top/uAPB_UART/uUartTest/iUARTITOP_reg_6_	->
  uDTSDI002Top/uAPB_UART/uUartTest/iUARTITOP_reg_7_	->
  uDTSDI002Top/uAPB_UART/uUartTest/iUARTITOP_reg_8_	->
  uDTSDI002Top/uAPB_UART/uUartTest/iUARTITOP_reg_9_	->
  uDTSDI002Top/uAPB_UART/uUartTest/iUARTITOP_reg_10_	->
  uDTSDI002Top/uAPB_UART/uUartTest/iUARTITOP_reg_11_	->
  uDTSDI002Top/uAPB_UART/uUartTest/iUARTITOP_reg_12_	->
  uDTSDI002Top/uAPB_UART/uUartTest/iUARTITOP_reg_13_	->
  uDTSDI002Top/uAPB_UART/uUartTest/iUARTITOP_reg_14_	->
  uDTSDI002Top/uAPB_UART/uUartTest/iUARTITOP_reg_15_	->
  uDTSDI002Top/uAPB_UART/uUartTest/iUARTTCR_reg_0_	->
  uDTSDI002Top/uAPB_UART/uUartTest/iUARTTCR_reg_1_	->
  uDTSDI002Top/uAPB_UART/uUartTest/iUARTTCR_reg_2_	->
  uDTSDI002Top/uAPB_VIC/F_CMST_reg_0_	->
  uDTSDI002Top/uAPB_VIC/F_CMST_reg_1_	->
  uDTSDI002Top/uAPB_VIC/F_CMST_reg_2_	->
  uDTSDI002Top/uAPB_VIC/F_CMST_reg_3_	->
  uDTSDI002Top/uAPB_VIC/F_CMST_reg_4_	->
  uDTSDI002Top/uAPB_VIC/F_CMST_reg_5_	->
  uDTSDI002Top/uAPB_VIC/F_CMST_reg_6_	->
  uDTSDI002Top/uAPB_VIC/F_CMST_reg_7_	->
  uDTSDI002Top/uAPB_VIC/F_CSLV0_reg_0_	->
  uDTSDI002Top/uAPB_VIC/F_CSLV0_reg_1_	->
  uDTSDI002Top/uAPB_VIC/F_CSLV0_reg_2_	->
  uDTSDI002Top/uAPB_VIC/F_CSLV0_reg_3_	->
  uDTSDI002Top/uAPB_VIC/F_CSLV0_reg_4_	->
  uDTSDI002Top/uAPB_VIC/F_CSLV0_reg_5_	->
  uDTSDI002Top/uAPB_VIC/F_CSLV0_reg_6_	->
  uDTSDI002Top/uAPB_VIC/F_CSLV0_reg_7_	->
  uDTSDI002Top/uAPB_VIC/F_CSLV0_reg_8_	->
  uDTSDI002Top/uAPB_VIC/F_CSLV0_reg_9_	->
  uDTSDI002Top/uAPB_VIC/F_CSLV0_reg_10_	->
  uDTSDI002Top/uAPB_VIC/F_CSLV0_reg_11_	->
  uDTSDI002Top/uAPB_VIC/F_CSLV0_reg_12_	->
  uDTSDI002Top/uAPB_VIC/F_CSLV0_reg_13_	->
  uDTSDI002Top/uAPB_VIC/F_CSLV0_reg_14_	->
  uDTSDI002Top/uAPB_VIC/F_CSLV0_reg_15_	->
  uDTSDI002Top/uAPB_VIC/F_CSLV0_reg_16_	->
  uDTSDI002Top/uAPB_VIC/F_CSLV0_reg_17_	->
  uDTSDI002Top/uAPB_VIC/F_CSLV0_reg_18_	->
  uDTSDI002Top/uAPB_VIC/F_CSLV0_reg_19_	->
  uDTSDI002Top/uAPB_VIC/F_CSLV0_reg_20_	->
  uDTSDI002Top/uAPB_VIC/F_CSLV0_reg_21_	->
  uDTSDI002Top/uAPB_VIC/F_CSLV0_reg_22_	->
  uDTSDI002Top/uAPB_VIC/F_CSLV0_reg_23_	->
  uDTSDI002Top/uAPB_VIC/F_CSLV1_reg_0_	->
  uDTSDI002Top/uAPB_VIC/F_CSLV1_reg_1_	->
  uDTSDI002Top/uAPB_VIC/F_CSLV1_reg_2_	->
  uDTSDI002Top/uAPB_VIC/F_CSLV1_reg_3_	->
  uDTSDI002Top/uAPB_VIC/F_CSLV1_reg_4_	->
  uDTSDI002Top/uAPB_VIC/F_CSLV1_reg_5_	->
  uDTSDI002Top/uAPB_VIC/F_CSLV1_reg_6_	->
  uDTSDI002Top/uAPB_VIC/F_CSLV1_reg_7_	->
  uDTSDI002Top/uAPB_VIC/F_CSLV1_reg_8_	->
  uDTSDI002Top/uAPB_VIC/F_CSLV1_reg_9_	->
  uDTSDI002Top/uAPB_VIC/F_CSLV1_reg_10_	->
  uDTSDI002Top/uAPB_VIC/F_CSLV1_reg_11_	->
  uDTSDI002Top/uAPB_VIC/F_CSLV1_reg_12_	->
  uDTSDI002Top/uAPB_VIC/F_CSLV1_reg_13_	->
  uDTSDI002Top/uAPB_VIC/F_CSLV1_reg_14_	->
  uDTSDI002Top/uAPB_VIC/F_CSLV1_reg_15_	->
  uDTSDI002Top/uAPB_VIC/F_CSLV1_reg_16_	->
  uDTSDI002Top/uAPB_VIC/F_CSLV1_reg_17_	->
  uDTSDI002Top/uAPB_VIC/F_CSLV1_reg_18_	->
  uDTSDI002Top/uAPB_VIC/F_CSLV1_reg_19_	->
  uDTSDI002Top/uAPB_VIC/F_CSLV1_reg_20_	->
  uDTSDI002Top/uAPB_VIC/F_CSLV1_reg_21_	->
  uDTSDI002Top/uAPB_VIC/F_CSLV1_reg_22_	->
  uDTSDI002Top/uAPB_VIC/F_CSLV1_reg_23_	->
  uDTSDI002Top/uAPB_VIC/F_CSLV2_reg_0_	->
  uDTSDI002Top/uAPB_VIC/F_CSLV2_reg_1_	->
  uDTSDI002Top/uAPB_VIC/F_CSLV2_reg_2_	->
  uDTSDI002Top/uAPB_VIC/F_CSLV2_reg_3_	->
  uDTSDI002Top/uAPB_VIC/F_CSLV2_reg_4_	->
  uDTSDI002Top/uAPB_VIC/F_CSLV2_reg_5_	->
  uDTSDI002Top/uAPB_VIC/F_CSLV2_reg_6_	->
  uDTSDI002Top/uAPB_VIC/F_CSLV2_reg_7_	->
  uDTSDI002Top/uAPB_VIC/F_CSLV2_reg_8_	->
  uDTSDI002Top/uAPB_VIC/F_CSLV2_reg_9_	->
  uDTSDI002Top/uAPB_VIC/F_CSLV2_reg_10_	->
  uDTSDI002Top/uAPB_VIC/F_CSLV2_reg_11_	->
  uDTSDI002Top/uAPB_VIC/F_CSLV2_reg_12_	->
  uDTSDI002Top/uAPB_VIC/F_CSLV2_reg_13_	->
  uDTSDI002Top/uAPB_VIC/F_CSLV2_reg_14_	->
  uDTSDI002Top/uAPB_VIC/F_CSLV2_reg_15_	->
  uDTSDI002Top/uAPB_VIC/F_CSLV2_reg_16_	->
  uDTSDI002Top/uAPB_VIC/F_CSLV2_reg_17_	->
  uDTSDI002Top/uAPB_VIC/F_CSLV2_reg_18_	->
  uDTSDI002Top/uAPB_VIC/F_CSLV2_reg_19_	->
  uDTSDI002Top/uAPB_VIC/F_CSLV2_reg_20_	->
  uDTSDI002Top/uAPB_VIC/F_CSLV2_reg_21_	->
  uDTSDI002Top/uAPB_VIC/F_CSLV2_reg_22_	->
  uDTSDI002Top/uAPB_VIC/F_CSLV2_reg_23_	->
  uDTSDI002Top/uAPB_VIC/F_CSLV3_reg_0_	->
  uDTSDI002Top/uAPB_VIC/F_CSLV3_reg_1_	->
  uDTSDI002Top/uAPB_VIC/F_CSLV3_reg_2_	->
  uDTSDI002Top/uAPB_VIC/F_CSLV3_reg_3_	->
  uDTSDI002Top/uAPB_VIC/F_CSLV3_reg_4_	->
  uDTSDI002Top/uAPB_VIC/F_CSLV3_reg_5_	->
  uDTSDI002Top/uAPB_VIC/F_CSLV3_reg_6_	->
  uDTSDI002Top/uAPB_VIC/F_CSLV3_reg_7_	->
  uDTSDI002Top/uAPB_VIC/F_CSLV3_reg_8_	->
  uDTSDI002Top/uAPB_VIC/F_CSLV3_reg_9_	->
  uDTSDI002Top/uAPB_VIC/F_CSLV3_reg_10_	->
  uDTSDI002Top/uAPB_VIC/F_CSLV3_reg_11_	->
  uDTSDI002Top/uAPB_VIC/F_CSLV3_reg_12_	->
  uDTSDI002Top/uAPB_VIC/F_CSLV3_reg_13_	->
  uDTSDI002Top/uAPB_VIC/F_CSLV3_reg_14_	->
  uDTSDI002Top/uAPB_VIC/F_CSLV3_reg_15_	->
  uDTSDI002Top/uAPB_VIC/F_CSLV3_reg_16_	->
  uDTSDI002Top/uAPB_VIC/F_CSLV3_reg_17_	->
  uDTSDI002Top/uAPB_VIC/F_CSLV3_reg_18_	->
  uDTSDI002Top/uAPB_VIC/F_CSLV3_reg_19_	->
  uDTSDI002Top/uAPB_VIC/F_CSLV3_reg_20_	->
  uDTSDI002Top/uAPB_VIC/F_CSLV3_reg_21_	->
  uDTSDI002Top/uAPB_VIC/F_CSLV3_reg_22_	->
  uDTSDI002Top/uAPB_VIC/F_CSLV3_reg_23_	->
  uDTSDI002Top/uAPB_VIC/F_ISPR_UpdateState_reg_0_	->
  uDTSDI002Top/uAPB_VIC/F_ISPR_UpdateState_reg_1_	->
  uDTSDI002Top/uAPB_VIC/F_ISPR_reg_0_	->
  uDTSDI002Top/uAPB_VIC/F_ISPR_reg_1_	->
  uDTSDI002Top/uAPB_VIC/F_ISPR_reg_2_	->
  uDTSDI002Top/uAPB_VIC/F_ISPR_reg_3_	->
  uDTSDI002Top/uAPB_VIC/F_ISPR_reg_4_	->
  uDTSDI002Top/uAPB_VIC/F_ISPR_reg_5_	->
  uDTSDI002Top/uAPB_VIC/F_ISPR_reg_6_	->
  uDTSDI002Top/uAPB_VIC/F_ISPR_reg_7_	->
  uDTSDI002Top/uAPB_VIC/F_ISPR_reg_8_	->
  uDTSDI002Top/uAPB_VIC/F_ISPR_reg_9_	->
  uDTSDI002Top/uAPB_VIC/F_ISPR_reg_10_	->
  uDTSDI002Top/uAPB_VIC/F_ISPR_reg_11_	->
  uDTSDI002Top/uAPB_VIC/F_ISPR_reg_12_	->
  uDTSDI002Top/uAPB_VIC/F_ISPR_reg_13_	->
  uDTSDI002Top/uAPB_VIC/F_ISPR_reg_14_	->
  uDTSDI002Top/uAPB_VIC/F_ISPR_reg_15_	->
  uDTSDI002Top/uAPB_VIC/F_ISPR_reg_16_	->
  uDTSDI002Top/uAPB_VIC/F_ISPR_reg_17_	->
  uDTSDI002Top/uAPB_VIC/F_ISPR_reg_18_	->
  uDTSDI002Top/uAPB_VIC/F_ISPR_reg_19_	->
  uDTSDI002Top/uAPB_VIC/F_ISPR_reg_20_	->
  uDTSDI002Top/uAPB_VIC/F_ISPR_reg_21_	->
  uDTSDI002Top/uAPB_VIC/F_ISPR_reg_22_	->
  uDTSDI002Top/uAPB_VIC/F_ISPR_reg_23_	->
  uDTSDI002Top/uAPB_VIC/F_ISPR_reg_24_	->
  uDTSDI002Top/uAPB_VIC/F_ISPR_reg_25_	->
  uDTSDI002Top/uAPB_VIC/F_ISPR_reg_26_	->
  uDTSDI002Top/uAPB_VIC/F_ISPR_reg_27_	->
  uDTSDI002Top/uAPB_VIC/F_ISPR_reg_28_	->
  uDTSDI002Top/uAPB_VIC/F_ISPR_reg_29_	->
  uDTSDI002Top/uAPB_VIC/F_ISPR_reg_30_	->
  uDTSDI002Top/uAPB_VIC/F_ISPR_reg_31_	->
  uDTSDI002Top/uAPB_VIC/F_PMST_reg_0_	->
  uDTSDI002Top/uAPB_VIC/F_PMST_reg_1_	->
  uDTSDI002Top/uAPB_VIC/F_PMST_reg_2_	->
  uDTSDI002Top/uAPB_VIC/F_PMST_reg_3_	->
  uDTSDI002Top/uAPB_VIC/F_PMST_reg_4_	->
  uDTSDI002Top/uAPB_VIC/F_PMST_reg_5_	->
  uDTSDI002Top/uAPB_VIC/F_PMST_reg_6_	->
  uDTSDI002Top/uAPB_VIC/F_PMST_reg_7_	->
  uDTSDI002Top/uAPB_VIC/F_PMST_reg_8_	->
  uDTSDI002Top/uAPB_VIC/F_PMST_reg_9_	->
  uDTSDI002Top/uAPB_VIC/F_PMST_reg_10_	->
  uDTSDI002Top/uAPB_VIC/F_PMST_reg_11_	->
  uDTSDI002Top/uAPB_VIC/F_PMST_reg_12_	->
  uDTSDI002Top/uAPB_VIC/F_PSLV0_reg_0_	->
  uDTSDI002Top/uAPB_VIC/F_PSLV0_reg_1_	->
  uDTSDI002Top/uAPB_VIC/F_PSLV0_reg_2_	->
  uDTSDI002Top/uAPB_VIC/F_PSLV0_reg_3_	->
  uDTSDI002Top/uAPB_VIC/F_PSLV0_reg_4_	->
  uDTSDI002Top/uAPB_VIC/F_PSLV0_reg_5_	->
  uDTSDI002Top/uAPB_VIC/F_PSLV0_reg_6_	->
  uDTSDI002Top/uAPB_VIC/F_PSLV0_reg_7_	->
  uDTSDI002Top/uAPB_VIC/F_PSLV0_reg_8_	->
  uDTSDI002Top/uAPB_VIC/F_PSLV0_reg_9_	->
  uDTSDI002Top/uAPB_VIC/F_PSLV0_reg_10_	->
  uDTSDI002Top/uAPB_VIC/F_PSLV0_reg_11_	->
  uDTSDI002Top/uAPB_VIC/F_PSLV0_reg_12_	->
  uDTSDI002Top/uAPB_VIC/F_PSLV0_reg_13_	->
  uDTSDI002Top/uAPB_VIC/F_PSLV0_reg_14_	->
  uDTSDI002Top/uAPB_VIC/F_PSLV0_reg_15_	->
  uDTSDI002Top/uAPB_VIC/F_PSLV0_reg_16_	->
  uDTSDI002Top/uAPB_VIC/F_PSLV0_reg_17_	->
  uDTSDI002Top/uAPB_VIC/F_PSLV0_reg_18_	->
  uDTSDI002Top/uAPB_VIC/F_PSLV0_reg_19_	->
  uDTSDI002Top/uAPB_VIC/F_PSLV0_reg_20_	->
  uDTSDI002Top/uAPB_VIC/F_PSLV0_reg_21_	->
  uDTSDI002Top/uAPB_VIC/F_PSLV0_reg_22_	->
  uDTSDI002Top/uAPB_VIC/F_PSLV0_reg_23_	->
  uDTSDI002Top/uAPB_VIC/F_PSLV1_reg_0_	->
  uDTSDI002Top/uAPB_VIC/F_PSLV1_reg_1_	->
  uDTSDI002Top/uAPB_VIC/F_PSLV1_reg_2_	->
  uDTSDI002Top/uAPB_VIC/F_PSLV1_reg_3_	->
  uDTSDI002Top/uAPB_VIC/F_PSLV1_reg_4_	->
  uDTSDI002Top/uAPB_VIC/F_PSLV1_reg_5_	->
  uDTSDI002Top/uAPB_VIC/F_PSLV1_reg_6_	->
  uDTSDI002Top/uAPB_VIC/F_PSLV1_reg_7_	->
  uDTSDI002Top/uAPB_VIC/F_PSLV1_reg_8_	->
  uDTSDI002Top/uAPB_VIC/F_PSLV1_reg_9_	->
  uDTSDI002Top/uAPB_VIC/F_PSLV1_reg_10_	->
  uDTSDI002Top/uAPB_VIC/F_PSLV1_reg_11_	->
  uDTSDI002Top/uAPB_VIC/F_PSLV1_reg_12_	->
  uDTSDI002Top/uAPB_VIC/F_PSLV1_reg_13_	->
  uDTSDI002Top/uAPB_VIC/F_PSLV1_reg_14_	->
  uDTSDI002Top/uAPB_VIC/F_PSLV1_reg_15_	->
  uDTSDI002Top/uAPB_VIC/F_PSLV1_reg_16_	->
  uDTSDI002Top/uAPB_VIC/F_PSLV1_reg_17_	->
  uDTSDI002Top/uAPB_VIC/F_PSLV1_reg_18_	->
  uDTSDI002Top/uAPB_VIC/F_PSLV1_reg_19_	->
  uDTSDI002Top/uAPB_VIC/F_PSLV1_reg_20_	->
  uDTSDI002Top/uAPB_VIC/F_PSLV1_reg_21_	->
  uDTSDI002Top/uAPB_VIC/F_PSLV1_reg_22_	->
  uDTSDI002Top/uAPB_VIC/F_PSLV1_reg_23_	->
  uDTSDI002Top/uAPB_VIC/F_PSLV2_reg_0_	->
  uDTSDI002Top/uAPB_VIC/F_PSLV2_reg_1_	->
  uDTSDI002Top/uAPB_VIC/F_PSLV2_reg_2_	->
  uDTSDI002Top/uAPB_VIC/F_PSLV2_reg_3_	->
  uDTSDI002Top/uAPB_VIC/F_PSLV2_reg_4_	->
  uDTSDI002Top/uAPB_VIC/F_PSLV2_reg_5_	->
  uDTSDI002Top/uAPB_VIC/F_PSLV2_reg_6_	->
  uDTSDI002Top/uAPB_VIC/F_PSLV2_reg_7_	->
  uDTSDI002Top/uAPB_VIC/F_PSLV2_reg_8_	->
  uDTSDI002Top/uAPB_VIC/F_PSLV2_reg_9_	->
  uDTSDI002Top/uAPB_VIC/F_PSLV2_reg_10_	->
  uDTSDI002Top/uAPB_VIC/F_PSLV2_reg_11_	->
  uDTSDI002Top/uAPB_VIC/F_PSLV2_reg_12_	->
  uDTSDI002Top/uAPB_VIC/F_PSLV2_reg_13_	->
  uDTSDI002Top/uAPB_VIC/F_PSLV2_reg_14_	->
  uDTSDI002Top/uAPB_VIC/F_PSLV2_reg_15_	->
  uDTSDI002Top/uAPB_VIC/F_PSLV2_reg_16_	->
  uDTSDI002Top/uAPB_VIC/F_PSLV2_reg_17_	->
  uDTSDI002Top/uAPB_VIC/F_PSLV2_reg_18_	->
  uDTSDI002Top/uAPB_VIC/F_PSLV2_reg_19_	->
  uDTSDI002Top/uAPB_VIC/F_PSLV2_reg_20_	->
  uDTSDI002Top/uAPB_VIC/F_PSLV2_reg_21_	->
  uDTSDI002Top/uAPB_VIC/F_PSLV2_reg_22_	->
  uDTSDI002Top/uAPB_VIC/F_PSLV2_reg_23_	->
  uDTSDI002Top/uAPB_VIC/F_PSLV3_reg_0_	->
  uDTSDI002Top/uAPB_VIC/F_PSLV3_reg_1_	->
  uDTSDI002Top/uAPB_VIC/F_PSLV3_reg_2_	->
  uDTSDI002Top/uAPB_VIC/F_PSLV3_reg_3_	->
  uDTSDI002Top/uAPB_VIC/F_PSLV3_reg_4_	->
  uDTSDI002Top/uAPB_VIC/F_PSLV3_reg_5_	->
  uDTSDI002Top/uAPB_VIC/F_PSLV3_reg_6_	->
  uDTSDI002Top/uAPB_VIC/F_PSLV3_reg_7_	->
  uDTSDI002Top/uAPB_VIC/F_PSLV3_reg_8_	->
  uDTSDI002Top/uAPB_VIC/F_PSLV3_reg_9_	->
  uDTSDI002Top/uAPB_VIC/F_PSLV3_reg_10_	->
  uDTSDI002Top/uAPB_VIC/F_PSLV3_reg_11_	->
  uDTSDI002Top/uAPB_VIC/F_PSLV3_reg_12_	->
  uDTSDI002Top/uAPB_VIC/F_PSLV3_reg_13_	->
  uDTSDI002Top/uAPB_VIC/F_PSLV3_reg_14_	->
  uDTSDI002Top/uAPB_VIC/F_PSLV3_reg_15_	->
  uDTSDI002Top/uAPB_VIC/F_PSLV3_reg_16_	->
  uDTSDI002Top/uAPB_VIC/F_PSLV3_reg_17_	->
  uDTSDI002Top/uAPB_VIC/F_PSLV3_reg_18_	->
  uDTSDI002Top/uAPB_VIC/F_PSLV3_reg_19_	->
  uDTSDI002Top/uAPB_VIC/F_PSLV3_reg_20_	->
  uDTSDI002Top/uAPB_VIC/F_PSLV3_reg_21_	->
  uDTSDI002Top/uAPB_VIC/F_PSLV3_reg_22_	->
  uDTSDI002Top/uAPB_VIC/F_PSLV3_reg_23_	->
  uDTSDI002Top/uAPB_VIC/F_VECADDR_reg_0_	->
  uDTSDI002Top/uAPB_VIC/F_VECADDR_reg_1_	->
  uDTSDI002Top/uAPB_VIC/F_VECADDR_reg_2_	->
  uDTSDI002Top/uAPB_VIC/F_VECADDR_reg_3_	->
  uDTSDI002Top/uAPB_VIC/F_VECADDR_reg_4_	->
  uDTSDI002Top/uAPB_VIC/INTCON_reg_0_	->
  uDTSDI002Top/uAPB_VIC/INTCON_reg_1_	->
  uDTSDI002Top/uAPB_VIC/INTCON_reg_2_	->
  uDTSDI002Top/uAPB_VIC/INTCON_reg_3_	->
  uDTSDI002Top/uAPB_VIC/INTMOD_reg_0_	->
  uDTSDI002Top/uAPB_VIC/INTMOD_reg_1_	->
  uDTSDI002Top/uAPB_VIC/INTMOD_reg_2_	->
  uDTSDI002Top/uAPB_VIC/INTMOD_reg_3_	->
  uDTSDI002Top/uAPB_VIC/INTMOD_reg_4_	->
  uDTSDI002Top/uAPB_VIC/INTMOD_reg_5_	->
  uDTSDI002Top/uAPB_VIC/INTMOD_reg_6_	->
  uDTSDI002Top/uAPB_VIC/INTMOD_reg_7_	->
  uDTSDI002Top/uAPB_VIC/INTMOD_reg_8_	->
  uDTSDI002Top/uAPB_VIC/INTMOD_reg_9_	->
  uDTSDI002Top/uAPB_VIC/INTMOD_reg_10_	->
  uDTSDI002Top/uAPB_VIC/INTMOD_reg_11_	->
  uDTSDI002Top/uAPB_VIC/INTMOD_reg_12_	->
  uDTSDI002Top/uAPB_VIC/INTMOD_reg_13_	->
  uDTSDI002Top/uAPB_VIC/INTMOD_reg_14_	->
  uDTSDI002Top/uAPB_VIC/INTMOD_reg_15_	->
  uDTSDI002Top/uAPB_VIC/INTMOD_reg_16_	->
  uDTSDI002Top/uAPB_VIC/INTMOD_reg_17_	->
  uDTSDI002Top/uAPB_VIC/INTMOD_reg_18_	->
  uDTSDI002Top/uAPB_VIC/INTMOD_reg_19_	->
  uDTSDI002Top/uAPB_VIC/INTMOD_reg_20_	->
  uDTSDI002Top/uAPB_VIC/INTMOD_reg_21_	->
  uDTSDI002Top/uAPB_VIC/INTMOD_reg_22_	->
  uDTSDI002Top/uAPB_VIC/INTMOD_reg_23_	->
  uDTSDI002Top/uAPB_VIC/INTMOD_reg_24_	->
  uDTSDI002Top/uAPB_VIC/INTMOD_reg_25_	->
  uDTSDI002Top/uAPB_VIC/INTMOD_reg_26_	->
  uDTSDI002Top/uAPB_VIC/INTMOD_reg_27_	->
  uDTSDI002Top/uAPB_VIC/INTMOD_reg_28_	->
  uDTSDI002Top/uAPB_VIC/INTMOD_reg_29_	->
  uDTSDI002Top/uAPB_VIC/INTMOD_reg_30_	->
  uDTSDI002Top/uAPB_VIC/INTMOD_reg_31_	->
  uDTSDI002Top/uAPB_VIC/INTMSK_reg_0_	->
  uDTSDI002Top/uAPB_VIC/INTMSK_reg_1_	->
  uDTSDI002Top/uAPB_VIC/INTMSK_reg_2_	->
  uDTSDI002Top/uAPB_VIC/INTMSK_reg_3_	->
  uDTSDI002Top/uAPB_VIC/INTMSK_reg_4_	->
  uDTSDI002Top/uAPB_VIC/INTMSK_reg_5_	->
  uDTSDI002Top/uAPB_VIC/INTMSK_reg_6_	->
  uDTSDI002Top/uAPB_VIC/INTMSK_reg_7_	->
  uDTSDI002Top/uAPB_VIC/INTMSK_reg_8_	->
  uDTSDI002Top/uAPB_VIC/INTMSK_reg_9_	->
  uDTSDI002Top/uAPB_VIC/INTMSK_reg_10_	->
  uDTSDI002Top/uAPB_VIC/INTMSK_reg_11_	->
  uDTSDI002Top/uAPB_VIC/INTMSK_reg_12_	->
  uDTSDI002Top/uAPB_VIC/INTMSK_reg_13_	->
  uDTSDI002Top/uAPB_VIC/INTMSK_reg_14_	->
  uDTSDI002Top/uAPB_VIC/INTMSK_reg_15_	->
  uDTSDI002Top/uAPB_VIC/INTMSK_reg_16_	->
  uDTSDI002Top/uAPB_VIC/INTMSK_reg_17_	->
  uDTSDI002Top/uAPB_VIC/INTMSK_reg_18_	->
  uDTSDI002Top/uAPB_VIC/INTMSK_reg_19_	->
  uDTSDI002Top/uAPB_VIC/INTMSK_reg_20_	->
  uDTSDI002Top/uAPB_VIC/INTMSK_reg_21_	->
  uDTSDI002Top/uAPB_VIC/INTMSK_reg_22_	->
  uDTSDI002Top/uAPB_VIC/INTMSK_reg_23_	->
  uDTSDI002Top/uAPB_VIC/INTMSK_reg_24_	->
  uDTSDI002Top/uAPB_VIC/INTMSK_reg_25_	->
  uDTSDI002Top/uAPB_VIC/INTMSK_reg_26_	->
  uDTSDI002Top/uAPB_VIC/INTMSK_reg_27_	->
  uDTSDI002Top/uAPB_VIC/INTMSK_reg_28_	->
  uDTSDI002Top/uAPB_VIC/INTMSK_reg_29_	->
  uDTSDI002Top/uAPB_VIC/INTMSK_reg_30_	->
  uDTSDI002Top/uAPB_VIC/INTMSK_reg_31_	->
  uDTSDI002Top/uAPB_VIC/INTPND_reg_0_	->
  uDTSDI002Top/uAPB_VIC/INTPND_reg_1_	->
  uDTSDI002Top/uAPB_VIC/INTPND_reg_2_	->
  uDTSDI002Top/uAPB_VIC/INTPND_reg_3_	->
  uDTSDI002Top/uAPB_VIC/INTPND_reg_4_	->
  uDTSDI002Top/uAPB_VIC/INTPND_reg_5_	->
  uDTSDI002Top/uAPB_VIC/INTPND_reg_6_	->
  uDTSDI002Top/uAPB_VIC/INTPND_reg_7_	->
  uDTSDI002Top/uAPB_VIC/INTPND_reg_8_	->
  uDTSDI002Top/uAPB_VIC/INTPND_reg_9_	->
  uDTSDI002Top/uAPB_VIC/INTPND_reg_10_	->
  uDTSDI002Top/uAPB_VIC/INTPND_reg_11_	->
  uDTSDI002Top/uAPB_VIC/INTPND_reg_12_	->
  uDTSDI002Top/uAPB_VIC/INTPND_reg_13_	->
  uDTSDI002Top/uAPB_VIC/INTPND_reg_14_	->
  uDTSDI002Top/uAPB_VIC/INTPND_reg_15_	->
  uDTSDI002Top/uAPB_VIC/INTPND_reg_16_	->
  uDTSDI002Top/uAPB_VIC/INTPND_reg_17_	->
  uDTSDI002Top/uAPB_VIC/INTPND_reg_18_	->
  uDTSDI002Top/uAPB_VIC/INTPND_reg_19_	->
  uDTSDI002Top/uAPB_VIC/INTPND_reg_20_	->
  uDTSDI002Top/uAPB_VIC/INTPND_reg_21_	->
  uDTSDI002Top/uAPB_VIC/INTPND_reg_22_	->
  uDTSDI002Top/uAPB_VIC/INTPND_reg_23_	->
  uDTSDI002Top/uAPB_VIC/INTPND_reg_24_	->
  uDTSDI002Top/uAPB_VIC/INTPND_reg_25_	->
  uDTSDI002Top/uAPB_VIC/INTPND_reg_26_	->
  uDTSDI002Top/uAPB_VIC/INTPND_reg_27_	->
  uDTSDI002Top/uAPB_VIC/INTPND_reg_28_	->
  uDTSDI002Top/uAPB_VIC/INTPND_reg_29_	->
  uDTSDI002Top/uAPB_VIC/INTPND_reg_30_	->
  uDTSDI002Top/uAPB_VIC/INTPND_reg_31_	->
  uDTSDI002Top/uAPB_VIC/I_CMST_reg_0_	->
  uDTSDI002Top/uAPB_VIC/I_CMST_reg_1_	->
  uDTSDI002Top/uAPB_VIC/I_CMST_reg_2_	->
  uDTSDI002Top/uAPB_VIC/I_CMST_reg_3_	->
  uDTSDI002Top/uAPB_VIC/I_CMST_reg_4_	->
  uDTSDI002Top/uAPB_VIC/I_CMST_reg_5_	->
  uDTSDI002Top/uAPB_VIC/I_CMST_reg_6_	->
  uDTSDI002Top/uAPB_VIC/I_CMST_reg_7_	->
  uDTSDI002Top/uAPB_VIC/I_CSLV0_reg_0_	->
  uDTSDI002Top/uAPB_VIC/I_CSLV0_reg_1_	->
  uDTSDI002Top/uAPB_VIC/I_CSLV0_reg_2_	->
  uDTSDI002Top/uAPB_VIC/I_CSLV0_reg_3_	->
  uDTSDI002Top/uAPB_VIC/I_CSLV0_reg_4_	->
  uDTSDI002Top/uAPB_VIC/I_CSLV0_reg_5_	->
  uDTSDI002Top/uAPB_VIC/I_CSLV0_reg_6_	->
  uDTSDI002Top/uAPB_VIC/I_CSLV0_reg_7_	->
  uDTSDI002Top/uAPB_VIC/I_CSLV0_reg_8_	->
  uDTSDI002Top/uAPB_VIC/I_CSLV0_reg_9_	->
  uDTSDI002Top/uAPB_VIC/I_CSLV0_reg_10_	->
  uDTSDI002Top/uAPB_VIC/I_CSLV0_reg_11_	->
  uDTSDI002Top/uAPB_VIC/I_CSLV0_reg_12_	->
  uDTSDI002Top/uAPB_VIC/I_CSLV0_reg_13_	->
  uDTSDI002Top/uAPB_VIC/I_CSLV0_reg_14_	->
  uDTSDI002Top/uAPB_VIC/I_CSLV0_reg_15_	->
  uDTSDI002Top/uAPB_VIC/I_CSLV0_reg_16_	->
  uDTSDI002Top/uAPB_VIC/I_CSLV0_reg_17_	->
  uDTSDI002Top/uAPB_VIC/I_CSLV0_reg_18_	->
  uDTSDI002Top/uAPB_VIC/I_CSLV0_reg_19_	->
  uDTSDI002Top/uAPB_VIC/I_CSLV0_reg_20_	->
  uDTSDI002Top/uAPB_VIC/I_CSLV0_reg_21_	->
  uDTSDI002Top/uAPB_VIC/I_CSLV0_reg_22_	->
  uDTSDI002Top/uAPB_VIC/I_CSLV0_reg_23_	->
  uDTSDI002Top/uAPB_VIC/I_CSLV1_reg_0_	->
  uDTSDI002Top/uAPB_VIC/I_CSLV1_reg_1_	->
  uDTSDI002Top/uAPB_VIC/I_CSLV1_reg_2_	->
  uDTSDI002Top/uAPB_VIC/I_CSLV1_reg_3_	->
  uDTSDI002Top/uAPB_VIC/I_CSLV1_reg_4_	->
  uDTSDI002Top/uAPB_VIC/I_CSLV1_reg_5_	->
  uDTSDI002Top/uAPB_VIC/I_CSLV1_reg_6_	->
  uDTSDI002Top/uAPB_VIC/I_CSLV1_reg_7_	->
  uDTSDI002Top/uAPB_VIC/I_CSLV1_reg_8_	->
  uDTSDI002Top/uAPB_VIC/I_CSLV1_reg_9_	->
  uDTSDI002Top/uAPB_VIC/I_CSLV1_reg_10_	->
  uDTSDI002Top/uAPB_VIC/I_CSLV1_reg_11_	->
  uDTSDI002Top/uAPB_VIC/I_CSLV1_reg_12_	->
  uDTSDI002Top/uAPB_VIC/I_CSLV1_reg_13_	->
  uDTSDI002Top/uAPB_VIC/I_CSLV1_reg_14_	->
  uDTSDI002Top/uAPB_VIC/I_CSLV1_reg_15_	->
  uDTSDI002Top/uAPB_VIC/I_CSLV1_reg_16_	->
  uDTSDI002Top/uAPB_VIC/I_CSLV1_reg_17_	->
  uDTSDI002Top/uAPB_VIC/I_CSLV1_reg_18_	->
  uDTSDI002Top/uAPB_VIC/I_CSLV1_reg_19_	->
  uDTSDI002Top/uAPB_VIC/I_CSLV1_reg_20_	->
  uDTSDI002Top/uAPB_VIC/I_CSLV1_reg_21_	->
  uDTSDI002Top/uAPB_VIC/I_CSLV1_reg_22_	->
  uDTSDI002Top/uAPB_VIC/I_CSLV1_reg_23_	->
  uDTSDI002Top/uAPB_VIC/I_CSLV2_reg_0_	->
  uDTSDI002Top/uAPB_VIC/I_CSLV2_reg_1_	->
  uDTSDI002Top/uAPB_VIC/I_CSLV2_reg_2_	->
  uDTSDI002Top/uAPB_VIC/I_CSLV2_reg_3_	->
  uDTSDI002Top/uAPB_VIC/I_CSLV2_reg_4_	->
  uDTSDI002Top/uAPB_VIC/I_CSLV2_reg_5_	->
  uDTSDI002Top/uAPB_VIC/I_CSLV2_reg_6_	->
  uDTSDI002Top/uAPB_VIC/I_CSLV2_reg_7_	->
  uDTSDI002Top/uAPB_VIC/I_CSLV2_reg_8_	->
  uDTSDI002Top/uAPB_VIC/I_CSLV2_reg_9_	->
  uDTSDI002Top/uAPB_VIC/I_CSLV2_reg_10_	->
  uDTSDI002Top/uAPB_VIC/I_CSLV2_reg_11_	->
  uDTSDI002Top/uAPB_VIC/I_CSLV2_reg_12_	->
  uDTSDI002Top/uAPB_VIC/I_CSLV2_reg_13_	->
  uDTSDI002Top/uAPB_VIC/I_CSLV2_reg_14_	->
  uDTSDI002Top/uAPB_VIC/I_CSLV2_reg_15_	->
  uDTSDI002Top/uAPB_VIC/I_CSLV2_reg_16_	->
  uDTSDI002Top/uAPB_VIC/I_CSLV2_reg_17_	->
  uDTSDI002Top/uAPB_VIC/I_CSLV2_reg_18_	->
  uDTSDI002Top/uAPB_VIC/I_CSLV2_reg_19_	->
  uDTSDI002Top/uAPB_VIC/I_CSLV2_reg_20_	->
  uDTSDI002Top/uAPB_VIC/I_CSLV2_reg_21_	->
  uDTSDI002Top/uAPB_VIC/I_CSLV2_reg_22_	->
  uDTSDI002Top/uAPB_VIC/I_CSLV2_reg_23_	->
  uDTSDI002Top/uAPB_VIC/I_CSLV3_reg_0_	->
  uDTSDI002Top/uAPB_VIC/I_CSLV3_reg_1_	->
  uDTSDI002Top/uAPB_VIC/I_CSLV3_reg_2_	->
  uDTSDI002Top/uAPB_VIC/I_CSLV3_reg_3_	->
  uDTSDI002Top/uAPB_VIC/I_CSLV3_reg_4_	->
  uDTSDI002Top/uAPB_VIC/I_CSLV3_reg_5_	->
  uDTSDI002Top/uAPB_VIC/I_CSLV3_reg_6_	->
  uDTSDI002Top/uAPB_VIC/I_CSLV3_reg_7_	->
  uDTSDI002Top/uAPB_VIC/I_CSLV3_reg_8_	->
  uDTSDI002Top/uAPB_VIC/I_CSLV3_reg_9_	->
  uDTSDI002Top/uAPB_VIC/I_CSLV3_reg_10_	->
  uDTSDI002Top/uAPB_VIC/I_CSLV3_reg_11_	->
  uDTSDI002Top/uAPB_VIC/I_CSLV3_reg_12_	->
  uDTSDI002Top/uAPB_VIC/I_CSLV3_reg_13_	->
  uDTSDI002Top/uAPB_VIC/I_CSLV3_reg_14_	->
  uDTSDI002Top/uAPB_VIC/I_CSLV3_reg_15_	->
  uDTSDI002Top/uAPB_VIC/I_CSLV3_reg_16_	->
  uDTSDI002Top/uAPB_VIC/I_CSLV3_reg_17_	->
  uDTSDI002Top/uAPB_VIC/I_CSLV3_reg_18_	->
  uDTSDI002Top/uAPB_VIC/I_CSLV3_reg_19_	->
  uDTSDI002Top/uAPB_VIC/I_CSLV3_reg_20_	->
  uDTSDI002Top/uAPB_VIC/I_CSLV3_reg_21_	->
  uDTSDI002Top/uAPB_VIC/I_CSLV3_reg_22_	->
  uDTSDI002Top/uAPB_VIC/I_CSLV3_reg_23_	->
  uDTSDI002Top/uAPB_VIC/I_ISPR_UpdateState_reg_0_	->
  uDTSDI002Top/uAPB_VIC/I_ISPR_UpdateState_reg_1_	->
  uDTSDI002Top/uAPB_VIC/I_ISPR_reg_0_	->
  uDTSDI002Top/uAPB_VIC/I_ISPR_reg_1_	->
  uDTSDI002Top/uAPB_VIC/I_ISPR_reg_2_	->
  uDTSDI002Top/uAPB_VIC/I_ISPR_reg_3_	->
  uDTSDI002Top/uAPB_VIC/I_ISPR_reg_4_	->
  uDTSDI002Top/uAPB_VIC/I_ISPR_reg_5_	->
  uDTSDI002Top/uAPB_VIC/I_ISPR_reg_6_	->
  uDTSDI002Top/uAPB_VIC/I_ISPR_reg_7_	->
  uDTSDI002Top/uAPB_VIC/I_ISPR_reg_8_	->
  uDTSDI002Top/uAPB_VIC/I_ISPR_reg_9_	->
  uDTSDI002Top/uAPB_VIC/I_ISPR_reg_10_	->
  uDTSDI002Top/uAPB_VIC/I_ISPR_reg_11_	->
  uDTSDI002Top/uAPB_VIC/I_ISPR_reg_12_	->
  uDTSDI002Top/uAPB_VIC/I_ISPR_reg_13_	->
  uDTSDI002Top/uAPB_VIC/I_ISPR_reg_14_	->
  uDTSDI002Top/uAPB_VIC/I_ISPR_reg_15_	->
  uDTSDI002Top/uAPB_VIC/I_ISPR_reg_16_	->
  uDTSDI002Top/uAPB_VIC/I_ISPR_reg_17_	->
  uDTSDI002Top/uAPB_VIC/I_ISPR_reg_18_	->
  uDTSDI002Top/uAPB_VIC/I_ISPR_reg_19_	->
  uDTSDI002Top/uAPB_VIC/I_ISPR_reg_20_	->
  uDTSDI002Top/uAPB_VIC/I_ISPR_reg_21_	->
  uDTSDI002Top/uAPB_VIC/I_ISPR_reg_22_	->
  uDTSDI002Top/uAPB_VIC/I_ISPR_reg_23_	->
  uDTSDI002Top/uAPB_VIC/I_ISPR_reg_24_	->
  uDTSDI002Top/uAPB_VIC/I_ISPR_reg_25_	->
  uDTSDI002Top/uAPB_VIC/I_ISPR_reg_26_	->
  uDTSDI002Top/uAPB_VIC/I_ISPR_reg_27_	->
  uDTSDI002Top/uAPB_VIC/I_ISPR_reg_28_	->
  uDTSDI002Top/uAPB_VIC/I_ISPR_reg_29_	->
  uDTSDI002Top/uAPB_VIC/I_ISPR_reg_30_	->
  uDTSDI002Top/uAPB_VIC/I_ISPR_reg_31_	->
  uDTSDI002Top/uAPB_VIC/I_PMST_reg_0_	->
  uDTSDI002Top/uAPB_VIC/I_PMST_reg_1_	->
  uDTSDI002Top/uAPB_VIC/I_PMST_reg_2_	->
  uDTSDI002Top/uAPB_VIC/I_PMST_reg_3_	->
  uDTSDI002Top/uAPB_VIC/I_PMST_reg_4_	->
  uDTSDI002Top/uAPB_VIC/I_PMST_reg_5_	->
  uDTSDI002Top/uAPB_VIC/I_PMST_reg_6_	->
  uDTSDI002Top/uAPB_VIC/I_PMST_reg_7_	->
  uDTSDI002Top/uAPB_VIC/I_PMST_reg_8_	->
  uDTSDI002Top/uAPB_VIC/I_PMST_reg_9_	->
  uDTSDI002Top/uAPB_VIC/I_PMST_reg_10_	->
  uDTSDI002Top/uAPB_VIC/I_PMST_reg_11_	->
  uDTSDI002Top/uAPB_VIC/I_PMST_reg_12_	->
  uDTSDI002Top/uAPB_VIC/I_PSLV0_reg_0_	->
  uDTSDI002Top/uAPB_VIC/I_PSLV0_reg_1_	->
  uDTSDI002Top/uAPB_VIC/I_PSLV0_reg_2_	->
  uDTSDI002Top/uAPB_VIC/I_PSLV0_reg_3_	->
  uDTSDI002Top/uAPB_VIC/I_PSLV0_reg_4_	->
  uDTSDI002Top/uAPB_VIC/I_PSLV0_reg_5_	->
  uDTSDI002Top/uAPB_VIC/I_PSLV0_reg_6_	->
  uDTSDI002Top/uAPB_VIC/I_PSLV0_reg_7_	->
  uDTSDI002Top/uAPB_VIC/I_PSLV0_reg_8_	->
  uDTSDI002Top/uAPB_VIC/I_PSLV0_reg_9_	->
  uDTSDI002Top/uAPB_VIC/I_PSLV0_reg_10_	->
  uDTSDI002Top/uAPB_VIC/I_PSLV0_reg_11_	->
  uDTSDI002Top/uAPB_VIC/I_PSLV0_reg_12_	->
  uDTSDI002Top/uAPB_VIC/I_PSLV0_reg_13_	->
  uDTSDI002Top/uAPB_VIC/I_PSLV0_reg_14_	->
  uDTSDI002Top/uAPB_VIC/I_PSLV0_reg_15_	->
  uDTSDI002Top/uAPB_VIC/I_PSLV0_reg_16_	->
  uDTSDI002Top/uAPB_VIC/I_PSLV0_reg_17_	->
  uDTSDI002Top/uAPB_VIC/I_PSLV0_reg_18_	->
  uDTSDI002Top/uAPB_VIC/I_PSLV0_reg_19_	->
  uDTSDI002Top/uAPB_VIC/I_PSLV0_reg_20_	->
  uDTSDI002Top/uAPB_VIC/I_PSLV0_reg_21_	->
  uDTSDI002Top/uAPB_VIC/I_PSLV0_reg_22_	->
  uDTSDI002Top/uAPB_VIC/I_PSLV0_reg_23_	->
  uDTSDI002Top/uAPB_VIC/I_PSLV1_reg_0_	->
  uDTSDI002Top/uAPB_VIC/I_PSLV1_reg_1_	->
  uDTSDI002Top/uAPB_VIC/I_PSLV1_reg_2_	->
  uDTSDI002Top/uAPB_VIC/I_PSLV1_reg_3_	->
  uDTSDI002Top/uAPB_VIC/I_PSLV1_reg_4_	->
  uDTSDI002Top/uAPB_VIC/I_PSLV1_reg_5_	->
  uDTSDI002Top/uAPB_VIC/I_PSLV1_reg_6_	->
  uDTSDI002Top/uAPB_VIC/I_PSLV1_reg_7_	->
  uDTSDI002Top/uAPB_VIC/I_PSLV1_reg_8_	->
  uDTSDI002Top/uAPB_VIC/I_PSLV1_reg_9_	->
  uDTSDI002Top/uAPB_VIC/I_PSLV1_reg_10_	->
  uDTSDI002Top/uAPB_VIC/I_PSLV1_reg_11_	->
  uDTSDI002Top/uAPB_VIC/I_PSLV1_reg_12_	->
  uDTSDI002Top/uAPB_VIC/I_PSLV1_reg_13_	->
  uDTSDI002Top/uAPB_VIC/I_PSLV1_reg_14_	->
  uDTSDI002Top/uAPB_VIC/I_PSLV1_reg_15_	->
  uDTSDI002Top/uAPB_VIC/I_PSLV1_reg_16_	->
  uDTSDI002Top/uAPB_VIC/I_PSLV1_reg_17_	->
  uDTSDI002Top/uAPB_VIC/I_PSLV1_reg_18_	->
  uDTSDI002Top/uAPB_VIC/I_PSLV1_reg_19_	->
  uDTSDI002Top/uAPB_VIC/I_PSLV1_reg_20_	->
  uDTSDI002Top/uAPB_VIC/I_PSLV1_reg_21_	->
  uDTSDI002Top/uAPB_VIC/I_PSLV1_reg_22_	->
  uDTSDI002Top/uAPB_VIC/I_PSLV1_reg_23_	->
  uDTSDI002Top/uAPB_VIC/I_PSLV2_reg_0_	->
  uDTSDI002Top/uAPB_VIC/I_PSLV2_reg_1_	->
  uDTSDI002Top/uAPB_VIC/I_PSLV2_reg_2_	->
  uDTSDI002Top/uAPB_VIC/I_PSLV2_reg_3_	->
  uDTSDI002Top/uAPB_VIC/I_PSLV2_reg_4_	->
  uDTSDI002Top/uAPB_VIC/I_PSLV2_reg_5_	->
  uDTSDI002Top/uAPB_VIC/I_PSLV2_reg_6_	->
  uDTSDI002Top/uAPB_VIC/I_PSLV2_reg_7_	->
  uDTSDI002Top/uAPB_VIC/I_PSLV2_reg_8_	->
  uDTSDI002Top/uAPB_VIC/I_PSLV2_reg_9_	->
  uDTSDI002Top/uAPB_VIC/I_PSLV2_reg_10_	->
  uDTSDI002Top/uAPB_VIC/I_PSLV2_reg_11_	->
  uDTSDI002Top/uAPB_VIC/I_PSLV2_reg_12_	->
  uDTSDI002Top/uAPB_VIC/I_PSLV2_reg_13_	->
  uDTSDI002Top/uAPB_VIC/I_PSLV2_reg_14_	->
  uDTSDI002Top/uAPB_VIC/I_PSLV2_reg_15_	->
  uDTSDI002Top/uAPB_VIC/I_PSLV2_reg_16_	->
  uDTSDI002Top/uAPB_VIC/I_PSLV2_reg_17_	->
  uDTSDI002Top/uAPB_VIC/I_PSLV2_reg_18_	->
  uDTSDI002Top/uAPB_VIC/I_PSLV2_reg_19_	->
  uDTSDI002Top/uAPB_VIC/I_PSLV2_reg_20_	->
  uDTSDI002Top/uAPB_VIC/I_PSLV2_reg_21_	->
  uDTSDI002Top/uAPB_VIC/I_PSLV2_reg_22_	->
  uDTSDI002Top/uAPB_VIC/I_PSLV2_reg_23_	->
  uDTSDI002Top/uAPB_VIC/I_PSLV3_reg_0_	->
  uDTSDI002Top/uAPB_VIC/I_PSLV3_reg_1_	->
  uDTSDI002Top/uAPB_VIC/I_PSLV3_reg_2_	->
  uDTSDI002Top/uAPB_VIC/I_PSLV3_reg_3_	->
  uDTSDI002Top/uAPB_VIC/I_PSLV3_reg_4_	->
  uDTSDI002Top/uAPB_VIC/I_PSLV3_reg_5_	->
  uDTSDI002Top/uAPB_VIC/I_PSLV3_reg_6_	->
  uDTSDI002Top/uAPB_VIC/I_PSLV3_reg_7_	->
  uDTSDI002Top/uAPB_VIC/I_PSLV3_reg_8_	->
  uDTSDI002Top/uAPB_VIC/I_PSLV3_reg_9_	->
  uDTSDI002Top/uAPB_VIC/I_PSLV3_reg_10_	->
  uDTSDI002Top/uAPB_VIC/I_PSLV3_reg_11_	->
  uDTSDI002Top/uAPB_VIC/I_PSLV3_reg_12_	->
  uDTSDI002Top/uAPB_VIC/I_PSLV3_reg_13_	->
  uDTSDI002Top/uAPB_VIC/I_PSLV3_reg_14_	->
  uDTSDI002Top/uAPB_VIC/I_PSLV3_reg_15_	->
  uDTSDI002Top/uAPB_VIC/I_PSLV3_reg_16_	->
  uDTSDI002Top/uAPB_VIC/I_PSLV3_reg_17_	->
  uDTSDI002Top/uAPB_VIC/I_PSLV3_reg_18_	->
  uDTSDI002Top/uAPB_VIC/I_PSLV3_reg_19_	->
  uDTSDI002Top/uAPB_VIC/I_PSLV3_reg_20_	->
  uDTSDI002Top/uAPB_VIC/I_PSLV3_reg_21_	->
  uDTSDI002Top/uAPB_VIC/I_PSLV3_reg_22_	->
  uDTSDI002Top/uAPB_VIC/I_PSLV3_reg_23_	->
  uDTSDI002Top/uAPB_VIC/I_VECADDR_reg_0_	->
  uDTSDI002Top/uAPB_VIC/I_VECADDR_reg_1_	->
  uDTSDI002Top/uAPB_VIC/I_VECADDR_reg_2_	->
  uDTSDI002Top/uAPB_VIC/I_VECADDR_reg_3_	->
  uDTSDI002Top/uAPB_VIC/I_VECADDR_reg_4_	->
  uDTSDI002Top/uAPB_VIC/LEVEL_reg_0_	->
  uDTSDI002Top/uAPB_VIC/LEVEL_reg_1_	->
  uDTSDI002Top/uAPB_VIC/LEVEL_reg_2_	->
  uDTSDI002Top/uAPB_VIC/LEVEL_reg_3_	->
  uDTSDI002Top/uAPB_VIC/LEVEL_reg_4_	->
  uDTSDI002Top/uAPB_VIC/LEVEL_reg_5_	->
  uDTSDI002Top/uAPB_VIC/LEVEL_reg_6_	->
  uDTSDI002Top/uAPB_VIC/LEVEL_reg_7_	->
  uDTSDI002Top/uAPB_VIC/LEVEL_reg_8_	->
  uDTSDI002Top/uAPB_VIC/LEVEL_reg_9_	->
  uDTSDI002Top/uAPB_VIC/LEVEL_reg_10_	->
  uDTSDI002Top/uAPB_VIC/LEVEL_reg_11_	->
  uDTSDI002Top/uAPB_VIC/LEVEL_reg_12_	->
  uDTSDI002Top/uAPB_VIC/LEVEL_reg_13_	->
  uDTSDI002Top/uAPB_VIC/LEVEL_reg_14_	->
  uDTSDI002Top/uAPB_VIC/LEVEL_reg_15_	->
  uDTSDI002Top/uAPB_VIC/LEVEL_reg_16_	->
  uDTSDI002Top/uAPB_VIC/LEVEL_reg_17_	->
  uDTSDI002Top/uAPB_VIC/LEVEL_reg_18_	->
  uDTSDI002Top/uAPB_VIC/LEVEL_reg_19_	->
  uDTSDI002Top/uAPB_VIC/LEVEL_reg_20_	->
  uDTSDI002Top/uAPB_VIC/LEVEL_reg_21_	->
  uDTSDI002Top/uAPB_VIC/LEVEL_reg_22_	->
  uDTSDI002Top/uAPB_VIC/LEVEL_reg_23_	->
  uDTSDI002Top/uAPB_VIC/LEVEL_reg_24_	->
  uDTSDI002Top/uAPB_VIC/LEVEL_reg_25_	->
  uDTSDI002Top/uAPB_VIC/LEVEL_reg_26_	->
  uDTSDI002Top/uAPB_VIC/LEVEL_reg_27_	->
  uDTSDI002Top/uAPB_VIC/LEVEL_reg_28_	->
  uDTSDI002Top/uAPB_VIC/LEVEL_reg_29_	->
  uDTSDI002Top/uAPB_VIC/LEVEL_reg_30_	->
  uDTSDI002Top/uAPB_VIC/LEVEL_reg_31_	->
  uDTSDI002Top/uAPB_VIC/POLARITY_reg_0_	->
  uDTSDI002Top/uAPB_VIC/POLARITY_reg_1_	->
  uDTSDI002Top/uAPB_VIC/POLARITY_reg_2_	->
  uDTSDI002Top/uAPB_VIC/POLARITY_reg_3_	->
  uDTSDI002Top/uAPB_VIC/POLARITY_reg_4_	->
  uDTSDI002Top/uAPB_VIC/POLARITY_reg_5_	->
  uDTSDI002Top/uAPB_VIC/POLARITY_reg_6_	->
  uDTSDI002Top/uAPB_VIC/POLARITY_reg_7_	->
  uDTSDI002Top/uAPB_VIC/POLARITY_reg_8_	->
  uDTSDI002Top/uAPB_VIC/POLARITY_reg_9_	->
  uDTSDI002Top/uAPB_VIC/POLARITY_reg_10_	->
  uDTSDI002Top/uAPB_VIC/POLARITY_reg_11_	->
  uDTSDI002Top/uAPB_VIC/POLARITY_reg_12_	->
  uDTSDI002Top/uAPB_VIC/POLARITY_reg_13_	->
  uDTSDI002Top/uAPB_VIC/POLARITY_reg_14_	->
  uDTSDI002Top/uAPB_VIC/POLARITY_reg_15_	->
  uDTSDI002Top/uAPB_VIC/POLARITY_reg_16_	->
  uDTSDI002Top/uAPB_VIC/POLARITY_reg_17_	->
  uDTSDI002Top/uAPB_VIC/POLARITY_reg_18_	->
  uDTSDI002Top/uAPB_VIC/POLARITY_reg_19_	->
  uDTSDI002Top/uAPB_VIC/POLARITY_reg_20_	->
  uDTSDI002Top/uAPB_VIC/POLARITY_reg_21_	->
  uDTSDI002Top/uAPB_VIC/POLARITY_reg_22_	->
  uDTSDI002Top/uAPB_VIC/POLARITY_reg_23_	->
  uDTSDI002Top/uAPB_VIC/POLARITY_reg_24_	->
  uDTSDI002Top/uAPB_VIC/POLARITY_reg_25_	->
  uDTSDI002Top/uAPB_VIC/POLARITY_reg_26_	->
  uDTSDI002Top/uAPB_VIC/POLARITY_reg_27_	->
  uDTSDI002Top/uAPB_VIC/POLARITY_reg_28_	->
  uDTSDI002Top/uAPB_VIC/POLARITY_reg_29_	->
  uDTSDI002Top/uAPB_VIC/POLARITY_reg_30_	->
  uDTSDI002Top/uAPB_VIC/POLARITY_reg_31_	->
  uDTSDI002Top/uAPB_VIC/PRDATA_reg_0_	->
  uDTSDI002Top/uAPB_VIC/PRDATA_reg_1_	->
  uDTSDI002Top/uAPB_VIC/PRDATA_reg_2_	->
  uDTSDI002Top/uAPB_VIC/PRDATA_reg_3_	->
  uDTSDI002Top/uAPB_VIC/PRDATA_reg_4_	->
  uDTSDI002Top/uAPB_VIC/PRDATA_reg_5_	->
  uDTSDI002Top/uAPB_VIC/PRDATA_reg_6_	->
  uDTSDI002Top/uAPB_VIC/PRDATA_reg_7_	->
  uDTSDI002Top/uAPB_VIC/PRDATA_reg_8_	->
  uDTSDI002Top/uAPB_VIC/PRDATA_reg_9_	->
  uDTSDI002Top/uAPB_VIC/PRDATA_reg_10_	->
  uDTSDI002Top/uAPB_VIC/PRDATA_reg_11_	->
  uDTSDI002Top/uAPB_VIC/PRDATA_reg_12_	->
  uDTSDI002Top/uAPB_VIC/PRDATA_reg_13_	->
  uDTSDI002Top/uAPB_VIC/PRDATA_reg_14_	->
  uDTSDI002Top/uAPB_VIC/PRDATA_reg_15_	->
  uDTSDI002Top/uAPB_VIC/PRDATA_reg_16_	->
  uDTSDI002Top/uAPB_VIC/PRDATA_reg_17_	->
  uDTSDI002Top/uAPB_VIC/PRDATA_reg_18_	->
  uDTSDI002Top/uAPB_VIC/PRDATA_reg_19_	->
  uDTSDI002Top/uAPB_VIC/PRDATA_reg_20_	->
  uDTSDI002Top/uAPB_VIC/PRDATA_reg_21_	->
  uDTSDI002Top/uAPB_VIC/PRDATA_reg_22_	->
  uDTSDI002Top/uAPB_VIC/PRDATA_reg_23_	->
  uDTSDI002Top/uAPB_VIC/PRDATA_reg_24_	->
  uDTSDI002Top/uAPB_VIC/PRDATA_reg_25_	->
  uDTSDI002Top/uAPB_VIC/PRDATA_reg_26_	->
  uDTSDI002Top/uAPB_VIC/PRDATA_reg_27_	->
  uDTSDI002Top/uAPB_VIC/PRDATA_reg_28_	->
  uDTSDI002Top/uAPB_VIC/PRDATA_reg_29_	->
  uDTSDI002Top/uAPB_VIC/PRDATA_reg_30_	->
  uDTSDI002Top/uAPB_VIC/PRDATA_reg_31_	->
  uDTSDI002Top/uAPB_VIC/fiq_pending_reg_0_	->
  uDTSDI002Top/uAPB_VIC/fiq_pending_reg_1_	->
  uDTSDI002Top/uAPB_VIC/fiq_pending_reg_2_	->
  uDTSDI002Top/uAPB_VIC/fiq_pending_reg_3_	->
  uDTSDI002Top/uAPB_VIC/fiq_pending_reg_4_	->
  uDTSDI002Top/uAPB_VIC/fiq_pending_reg_5_	->
  uDTSDI002Top/uAPB_VIC/fiq_pending_reg_6_	->
  uDTSDI002Top/uAPB_VIC/fiq_pending_reg_7_	->
  uDTSDI002Top/uAPB_VIC/fiq_pending_reg_8_	->
  uDTSDI002Top/uAPB_VIC/fiq_pending_reg_9_	->
  uDTSDI002Top/uAPB_VIC/fiq_pending_reg_10_	->
  uDTSDI002Top/uAPB_VIC/fiq_pending_reg_11_	->
  uDTSDI002Top/uAPB_VIC/fiq_pending_reg_12_	->
  uDTSDI002Top/uAPB_VIC/fiq_pending_reg_13_	->
  uDTSDI002Top/uAPB_VIC/fiq_pending_reg_14_	->
  uDTSDI002Top/uAPB_VIC/fiq_pending_reg_15_	->
  uDTSDI002Top/uAPB_VIC/fiq_pending_reg_16_	->
  uDTSDI002Top/uAPB_VIC/fiq_pending_reg_17_	->
  uDTSDI002Top/uAPB_VIC/fiq_pending_reg_18_	->
  uDTSDI002Top/uAPB_VIC/fiq_pending_reg_19_	->
  uDTSDI002Top/uAPB_VIC/fiq_pending_reg_20_	->
  uDTSDI002Top/uAPB_VIC/fiq_pending_reg_21_	->
  uDTSDI002Top/uAPB_VIC/fiq_pending_reg_22_	->
  uDTSDI002Top/uAPB_VIC/fiq_pending_reg_23_	->
  uDTSDI002Top/uAPB_VIC/fiq_pending_reg_24_	->
  uDTSDI002Top/uAPB_VIC/fiq_pending_reg_25_	->
  uDTSDI002Top/uAPB_VIC/fiq_pending_reg_26_	->
  uDTSDI002Top/uAPB_VIC/fiq_pending_reg_27_	->
  uDTSDI002Top/uAPB_VIC/fiq_pending_reg_28_	->
  uDTSDI002Top/uAPB_VIC/fiq_pending_reg_29_	->
  uDTSDI002Top/uAPB_VIC/fiq_pending_reg_30_	->
  uDTSDI002Top/uAPB_VIC/fiq_pending_reg_31_	->
  uDTSDI002Top/uAPB_VIC/fiq_pending_to_master_reg_0_	->
  uDTSDI002Top/uAPB_VIC/fiq_pending_to_master_reg_1_	->
  uDTSDI002Top/uAPB_VIC/fiq_pending_to_master_reg_2_	->
  uDTSDI002Top/uAPB_VIC/fiq_pending_to_master_reg_3_	->
  uDTSDI002Top/uAPB_VIC/interrupt_src_ff_reg_0_	->
  uDTSDI002Top/uAPB_VIC/interrupt_src_ff_reg_1_	->
  uDTSDI002Top/uAPB_VIC/interrupt_src_ff_reg_2_	->
  uDTSDI002Top/uAPB_VIC/interrupt_src_ff_reg_3_	->
  uDTSDI002Top/uAPB_VIC/interrupt_src_ff_reg_4_	->
  uDTSDI002Top/uAPB_VIC/interrupt_src_ff_reg_5_	->
  uDTSDI002Top/uAPB_VIC/interrupt_src_ff_reg_6_	->
  uDTSDI002Top/uAPB_VIC/interrupt_src_ff_reg_7_	->
  uDTSDI002Top/uAPB_VIC/interrupt_src_ff_reg_8_	->
  uDTSDI002Top/uAPB_VIC/interrupt_src_ff_reg_9_	->
  uDTSDI002Top/uAPB_VIC/interrupt_src_ff_reg_10_	->
  uDTSDI002Top/uAPB_VIC/interrupt_src_ff_reg_11_	->
  uDTSDI002Top/uAPB_VIC/interrupt_src_ff_reg_12_	->
  uDTSDI002Top/uAPB_VIC/interrupt_src_ff_reg_13_	->
  uDTSDI002Top/uAPB_VIC/interrupt_src_ff_reg_14_	->
  uDTSDI002Top/uAPB_VIC/interrupt_src_ff_reg_15_	->
  uDTSDI002Top/uAPB_VIC/interrupt_src_ff_reg_16_	->
  uDTSDI002Top/uAPB_VIC/interrupt_src_ff_reg_17_	->
  uDTSDI002Top/uAPB_VIC/interrupt_src_ff_reg_18_	->
  uDTSDI002Top/uAPB_VIC/interrupt_src_ff_reg_19_	->
  uDTSDI002Top/uAPB_VIC/interrupt_src_ff_reg_20_	->
  uDTSDI002Top/uAPB_VIC/interrupt_src_ff_reg_21_	->
  uDTSDI002Top/uAPB_VIC/interrupt_src_ff_reg_22_	->
  uDTSDI002Top/uAPB_VIC/interrupt_src_ff_reg_23_	->
  uDTSDI002Top/uAPB_VIC/interrupt_src_ff_reg_24_	->
  uDTSDI002Top/uAPB_VIC/interrupt_src_ff_reg_25_	->
  uDTSDI002Top/uAPB_VIC/interrupt_src_ff_reg_26_	->
  uDTSDI002Top/uAPB_VIC/interrupt_src_ff_reg_27_	->
  uDTSDI002Top/uAPB_VIC/interrupt_src_ff_reg_28_	->
  uDTSDI002Top/uAPB_VIC/interrupt_src_ff_reg_29_	->
  uDTSDI002Top/uAPB_VIC/interrupt_src_ff_reg_30_	->
  uDTSDI002Top/uAPB_VIC/interrupt_src_ff_reg_31_	->
  uDTSDI002Top/uAPB_VIC/interrupt_src_temp_reg_0_	->
  uDTSDI002Top/uAPB_VIC/interrupt_src_temp_reg_1_	->
  uDTSDI002Top/uAPB_VIC/interrupt_src_temp_reg_2_	->
  uDTSDI002Top/uAPB_VIC/interrupt_src_temp_reg_3_	->
  uDTSDI002Top/uAPB_VIC/interrupt_src_temp_reg_4_	->
  uDTSDI002Top/uAPB_VIC/interrupt_src_temp_reg_5_	->
  uDTSDI002Top/uAPB_VIC/interrupt_src_temp_reg_6_	->
  uDTSDI002Top/uAPB_VIC/interrupt_src_temp_reg_7_	->
  uDTSDI002Top/uAPB_VIC/interrupt_src_temp_reg_8_	->
  uDTSDI002Top/uAPB_VIC/interrupt_src_temp_reg_9_	->
  uDTSDI002Top/uAPB_VIC/interrupt_src_temp_reg_10_	->
  uDTSDI002Top/uAPB_VIC/interrupt_src_temp_reg_11_	->
  uDTSDI002Top/uAPB_VIC/interrupt_src_temp_reg_12_	->
  uDTSDI002Top/uAPB_VIC/interrupt_src_temp_reg_13_	->
  uDTSDI002Top/uAPB_VIC/interrupt_src_temp_reg_14_	->
  uDTSDI002Top/uAPB_VIC/interrupt_src_temp_reg_15_	->
  uDTSDI002Top/uAPB_VIC/interrupt_src_temp_reg_16_	->
  uDTSDI002Top/uAPB_VIC/interrupt_src_temp_reg_17_	->
  uDTSDI002Top/uAPB_VIC/interrupt_src_temp_reg_18_	->
  uDTSDI002Top/uAPB_VIC/interrupt_src_temp_reg_19_	->
  uDTSDI002Top/uAPB_VIC/interrupt_src_temp_reg_20_	->
  uDTSDI002Top/uAPB_VIC/interrupt_src_temp_reg_21_	->
  uDTSDI002Top/uAPB_VIC/interrupt_src_temp_reg_22_	->
  uDTSDI002Top/uAPB_VIC/interrupt_src_temp_reg_23_	->
  uDTSDI002Top/uAPB_VIC/interrupt_src_temp_reg_24_	->
  uDTSDI002Top/uAPB_VIC/interrupt_src_temp_reg_25_	->
  uDTSDI002Top/uAPB_VIC/interrupt_src_temp_reg_26_	->
  uDTSDI002Top/uAPB_VIC/interrupt_src_temp_reg_27_	->
  uDTSDI002Top/uAPB_VIC/interrupt_src_temp_reg_28_	->
  uDTSDI002Top/uAPB_VIC/interrupt_src_temp_reg_29_	->
  uDTSDI002Top/uAPB_VIC/interrupt_src_temp_reg_30_	->
  uDTSDI002Top/uAPB_VIC/interrupt_src_temp_reg_31_	->
  uDTSDI002Top/uAPB_VIC/irq_pending_reg_0_	->
  uDTSDI002Top/uAPB_VIC/irq_pending_reg_1_	->
  uDTSDI002Top/uAPB_VIC/irq_pending_reg_2_	->
  uDTSDI002Top/uAPB_VIC/irq_pending_reg_3_	->
  uDTSDI002Top/uAPB_VIC/irq_pending_reg_4_	->
  uDTSDI002Top/uAPB_VIC/irq_pending_reg_5_	->
  uDTSDI002Top/uAPB_VIC/irq_pending_reg_6_	->
  uDTSDI002Top/uAPB_VIC/irq_pending_reg_7_	->
  uDTSDI002Top/uAPB_VIC/irq_pending_reg_8_	->
  uDTSDI002Top/uAPB_VIC/irq_pending_reg_9_	->
  uDTSDI002Top/uAPB_VIC/irq_pending_reg_10_	->
  uDTSDI002Top/uAPB_VIC/irq_pending_reg_11_	->
  uDTSDI002Top/uAPB_VIC/irq_pending_reg_12_	->
  uDTSDI002Top/uAPB_VIC/irq_pending_reg_13_	->
  uDTSDI002Top/uAPB_VIC/irq_pending_reg_14_	->
  uDTSDI002Top/uAPB_VIC/irq_pending_reg_15_	->
  uDTSDI002Top/uAPB_VIC/irq_pending_reg_16_	->
  uDTSDI002Top/uAPB_VIC/irq_pending_reg_17_	->
  uDTSDI002Top/uAPB_VIC/irq_pending_reg_18_	->
  uDTSDI002Top/uAPB_VIC/irq_pending_reg_19_	->
  uDTSDI002Top/uAPB_VIC/irq_pending_reg_20_	->
  uDTSDI002Top/uAPB_VIC/irq_pending_reg_21_	->
  uDTSDI002Top/uAPB_VIC/irq_pending_reg_22_	->
  uDTSDI002Top/uAPB_VIC/irq_pending_reg_23_	->
  uDTSDI002Top/uAPB_VIC/irq_pending_reg_24_	->
  uDTSDI002Top/uAPB_VIC/irq_pending_reg_25_	->
  uDTSDI002Top/uAPB_VIC/irq_pending_reg_26_	->
  uDTSDI002Top/uAPB_VIC/irq_pending_reg_27_	->
  uDTSDI002Top/uAPB_VIC/irq_pending_reg_28_	->
  uDTSDI002Top/uAPB_VIC/irq_pending_reg_29_	->
  uDTSDI002Top/uAPB_VIC/irq_pending_reg_30_	->
  uDTSDI002Top/uAPB_VIC/irq_pending_reg_31_	->
  uDTSDI002Top/uAPB_VIC/irq_pending_to_master_reg_0_	->
  uDTSDI002Top/uAPB_VIC/irq_pending_to_master_reg_1_	->
  uDTSDI002Top/uAPB_VIC/irq_pending_to_master_reg_2_	->
  uDTSDI002Top/uAPB_VIC/irq_pending_to_master_reg_3_	->
  uDTSDI002Top/uAPB_VIC/nFIQ_reg	->
  uDTSDI002Top/uAPB_VIC/nIRQ_reg	->
  uDTSDI002Top/uAPB_VIC/slave_F_ISPR_reg_0_	->
  uDTSDI002Top/uAPB_VIC/slave_F_ISPR_reg_1_	->
  uDTSDI002Top/uAPB_VIC/slave_F_ISPR_reg_2_	->
  uDTSDI002Top/uAPB_VIC/slave_F_ISPR_reg_3_	->
  uDTSDI002Top/uAPB_VIC/slave_F_ISPR_reg_4_	->
  uDTSDI002Top/uAPB_VIC/slave_F_ISPR_reg_5_	->
  uDTSDI002Top/uAPB_VIC/slave_F_ISPR_reg_6_	->
  uDTSDI002Top/uAPB_VIC/slave_F_ISPR_reg_7_	->
  uDTSDI002Top/uAPB_VIC/slave_F_ISPR_reg_8_	->
  uDTSDI002Top/uAPB_VIC/slave_F_ISPR_reg_9_	->
  uDTSDI002Top/uAPB_VIC/slave_F_ISPR_reg_10_	->
  uDTSDI002Top/uAPB_VIC/slave_F_ISPR_reg_11_	->
  uDTSDI002Top/uAPB_VIC/slave_F_ISPR_reg_12_	->
  uDTSDI002Top/uAPB_VIC/slave_F_ISPR_reg_13_	->
  uDTSDI002Top/uAPB_VIC/slave_F_ISPR_reg_14_	->
  uDTSDI002Top/uAPB_VIC/slave_F_ISPR_reg_15_	->
  uDTSDI002Top/uAPB_VIC/slave_F_ISPR_reg_16_	->
  uDTSDI002Top/uAPB_VIC/slave_F_ISPR_reg_17_	->
  uDTSDI002Top/uAPB_VIC/slave_F_ISPR_reg_18_	->
  uDTSDI002Top/uAPB_VIC/slave_F_ISPR_reg_19_	->
  uDTSDI002Top/uAPB_VIC/slave_F_ISPR_reg_20_	->
  uDTSDI002Top/uAPB_VIC/slave_F_ISPR_reg_21_	->
  uDTSDI002Top/uAPB_VIC/slave_F_ISPR_reg_22_	->
  uDTSDI002Top/uAPB_VIC/slave_F_ISPR_reg_23_	->
  uDTSDI002Top/uAPB_VIC/slave_F_ISPR_reg_24_	->
  uDTSDI002Top/uAPB_VIC/slave_F_ISPR_reg_25_	->
  uDTSDI002Top/uAPB_VIC/slave_F_ISPR_reg_26_	->
  uDTSDI002Top/uAPB_VIC/slave_F_ISPR_reg_27_	->
  uDTSDI002Top/uAPB_VIC/slave_F_ISPR_reg_28_	->
  uDTSDI002Top/uAPB_VIC/slave_F_ISPR_reg_29_	->
  uDTSDI002Top/uAPB_VIC/slave_F_ISPR_reg_30_	->
  uDTSDI002Top/uAPB_VIC/slave_F_ISPR_reg_31_	->
  uDTSDI002Top/uAPB_VIC/slave_I_ISPR_reg_0_	->
  uDTSDI002Top/uAPB_VIC/slave_I_ISPR_reg_1_	->
  uDTSDI002Top/uAPB_VIC/slave_I_ISPR_reg_2_	->
  uDTSDI002Top/uAPB_VIC/slave_I_ISPR_reg_3_	->
  uDTSDI002Top/uAPB_VIC/slave_I_ISPR_reg_4_	->
  uDTSDI002Top/uAPB_VIC/slave_I_ISPR_reg_5_	->
  uDTSDI002Top/uAPB_VIC/slave_I_ISPR_reg_6_	->
  uDTSDI002Top/uAPB_VIC/slave_I_ISPR_reg_7_	->
  uDTSDI002Top/uAPB_VIC/slave_I_ISPR_reg_8_	->
  uDTSDI002Top/uAPB_VIC/slave_I_ISPR_reg_9_	->
  uDTSDI002Top/uAPB_VIC/slave_I_ISPR_reg_10_	->
  uDTSDI002Top/uAPB_VIC/slave_I_ISPR_reg_11_	->
  uDTSDI002Top/uAPB_VIC/slave_I_ISPR_reg_12_	->
  uDTSDI002Top/uAPB_VIC/slave_I_ISPR_reg_13_	->
  uDTSDI002Top/uAPB_VIC/slave_I_ISPR_reg_14_	->
  uDTSDI002Top/uAPB_VIC/slave_I_ISPR_reg_15_	->
  uDTSDI002Top/uAPB_VIC/slave_I_ISPR_reg_16_	->
  uDTSDI002Top/uAPB_VIC/slave_I_ISPR_reg_17_	->
  uDTSDI002Top/uAPB_VIC/slave_I_ISPR_reg_18_	->
  uDTSDI002Top/uAPB_VIC/slave_I_ISPR_reg_19_	->
  uDTSDI002Top/uAPB_VIC/slave_I_ISPR_reg_20_	->
  uDTSDI002Top/uAPB_VIC/slave_I_ISPR_reg_21_	->
  uDTSDI002Top/uAPB_VIC/slave_I_ISPR_reg_22_	->
  uDTSDI002Top/uAPB_VIC/slave_I_ISPR_reg_23_	->
  uDTSDI002Top/uAPB_VIC/slave_I_ISPR_reg_24_	->
  uDTSDI002Top/uAPB_VIC/slave_I_ISPR_reg_25_	->
  uDTSDI002Top/uAPB_VIC/slave_I_ISPR_reg_26_	->
  uDTSDI002Top/uAPB_VIC/slave_I_ISPR_reg_27_	->
  uDTSDI002Top/uAPB_VIC/slave_I_ISPR_reg_28_	->
  uDTSDI002Top/uAPB_VIC/slave_I_ISPR_reg_29_	->
  uDTSDI002Top/uAPB_VIC/slave_I_ISPR_reg_30_	->
  uDTSDI002Top/uAPB_VIC/slave_I_ISPR_reg_31_	->
  uDTSDI002Top/uAPB_WDT/Div_Cnt_reg_0_	->
  uDTSDI002Top/uAPB_WDT/Div_Cnt_reg_1_	->
  uDTSDI002Top/uAPB_WDT/Div_Cnt_reg_2_	->
  uDTSDI002Top/uAPB_WDT/Div_Cnt_reg_3_	->
  uDTSDI002Top/uAPB_WDT/Div_Cnt_reg_4_	->
  uDTSDI002Top/uAPB_WDT/Div_Cnt_reg_5_	->
  uDTSDI002Top/uAPB_WDT/Div_Cnt_reg_6_	->
  uDTSDI002Top/uAPB_WDT/PS_Cnt_reg_0_	->
  uDTSDI002Top/uAPB_WDT/PS_Cnt_reg_1_	->
  uDTSDI002Top/uAPB_WDT/PS_Cnt_reg_2_	->
  uDTSDI002Top/uAPB_WDT/PS_Cnt_reg_3_	->
  uDTSDI002Top/uAPB_WDT/PS_Cnt_reg_4_	->
  uDTSDI002Top/uAPB_WDT/PS_Cnt_reg_5_	->
  uDTSDI002Top/uAPB_WDT/PS_Cnt_reg_6_	->
  uDTSDI002Top/uAPB_WDT/PS_Cnt_reg_7_	->
  uDTSDI002Top/uAPB_WDT/PS_Cnt_reg_8_	->
  uDTSDI002Top/uAPB_WDT/PS_Cnt_reg_9_	->
  uDTSDI002Top/uAPB_WDT/PS_Cnt_reg_10_	->
  uDTSDI002Top/uAPB_WDT/PS_Cnt_reg_11_	->
  uDTSDI002Top/uAPB_WDT/PS_Cnt_reg_12_	->
  uDTSDI002Top/uAPB_WDT/PS_Cnt_reg_13_	->
  uDTSDI002Top/uAPB_WDT/PS_Cnt_reg_14_	->
  uDTSDI002Top/uAPB_WDT/PS_Cnt_reg_15_	->
  uDTSDI002Top/uAPB_WDT/PS_Match_reg	->
  uDTSDI002Top/uAPB_WDT/R0_reg_0_	->
  uDTSDI002Top/uAPB_WDT/R0_reg_1_	->
  uDTSDI002Top/uAPB_WDT/R0_reg_2_	->
  uDTSDI002Top/uAPB_WDT/R0_reg_3_	->
  uDTSDI002Top/uAPB_WDT/R0_reg_4_	->
  uDTSDI002Top/uAPB_WDT/R0_reg_5_	->
  uDTSDI002Top/uAPB_WDT/R0_reg_6_	->
  uDTSDI002Top/uAPB_WDT/R0_reg_7_	->
  uDTSDI002Top/uAPB_WDT/R0_reg_8_	->
  uDTSDI002Top/uAPB_WDT/R0_reg_9_	->
  uDTSDI002Top/uAPB_WDT/R0_reg_10_	->
  uDTSDI002Top/uAPB_WDT/R0_reg_11_	->
  uDTSDI002Top/uAPB_WDT/R0_reg_12_	->
  uDTSDI002Top/uAPB_WDT/R0_reg_13_	->
  uDTSDI002Top/uAPB_WDT/R0_reg_14_	->
  uDTSDI002Top/uAPB_WDT/R0_reg_15_	->
  uDTSDI002Top/uAPB_WDT/R1_reg_0_	->
  uDTSDI002Top/uAPB_WDT/R1_reg_1_	->
  uDTSDI002Top/uAPB_WDT/R1_reg_2_	->
  uDTSDI002Top/uAPB_WDT/R1_reg_3_	->
  uDTSDI002Top/uAPB_WDT/R1_reg_4_	->
  uDTSDI002Top/uAPB_WDT/R1_reg_5_	->
  uDTSDI002Top/uAPB_WDT/R1_reg_6_	->
  uDTSDI002Top/uAPB_WDT/R1_reg_7_	->
  uDTSDI002Top/uAPB_WDT/R1_reg_8_	->
  uDTSDI002Top/uAPB_WDT/R1_reg_9_	->
  uDTSDI002Top/uAPB_WDT/R1_reg_10_	->
  uDTSDI002Top/uAPB_WDT/R1_reg_11_	->
  uDTSDI002Top/uAPB_WDT/R1_reg_12_	->
  uDTSDI002Top/uAPB_WDT/R1_reg_13_	->
  uDTSDI002Top/uAPB_WDT/R1_reg_14_	->
  uDTSDI002Top/uAPB_WDT/R1_reg_15_	->
  uDTSDI002Top/uAPB_WDT/R2En_1d_reg	->
  uDTSDI002Top/uAPB_WDT/R2_reg_0_	->
  uDTSDI002Top/uAPB_WDT/R2_reg_1_	->
  uDTSDI002Top/uAPB_WDT/R2_reg_2_	->
  uDTSDI002Top/uAPB_WDT/R2_reg_3_	->
  uDTSDI002Top/uAPB_WDT/R2_reg_4_	->
  uDTSDI002Top/uAPB_WDT/R2_reg_5_	->
  uDTSDI002Top/uAPB_WDT/R2_reg_6_	->
  uDTSDI002Top/uAPB_WDT/R2_reg_7_	->
  uDTSDI002Top/uAPB_WDT/R2_reg_8_	->
  uDTSDI002Top/uAPB_WDT/R2_reg_9_	->
  uDTSDI002Top/uAPB_WDT/R2_reg_10_	->
  uDTSDI002Top/uAPB_WDT/R2_reg_11_	->
  uDTSDI002Top/uAPB_WDT/R2_reg_12_	->
  uDTSDI002Top/uAPB_WDT/R2_reg_13_	->
  uDTSDI002Top/uAPB_WDT/R2_reg_14_	->
  uDTSDI002Top/uAPB_WDT/R2_reg_15_	->
  uDTSDI002Top/uAPB_WDT/R3_reg_0_	->
  uDTSDI002Top/uAPB_WDT/R3_reg_1_	->
  uDTSDI002Top/uAPB_WDT/R3_reg_2_	->
  uDTSDI002Top/uAPB_WDT/R3_reg_3_	->
  uDTSDI002Top/uAPB_WDT/R3_reg_4_	->
  uDTSDI002Top/uAPB_WDT/R3_reg_5_	->
  uDTSDI002Top/uAPB_WDT/R3_reg_6_	->
  uDTSDI002Top/uAPB_WDT/R3_reg_7_	->
  uDTSDI002Top/uAPB_WDT/R3_reg_8_	->
  uDTSDI002Top/uAPB_WDT/R3_reg_9_	->
  uDTSDI002Top/uAPB_WDT/R3_reg_10_	->
  uDTSDI002Top/uAPB_WDT/R3_reg_11_	->
  uDTSDI002Top/uAPB_WDT/R3_reg_12_	->
  uDTSDI002Top/uAPB_WDT/R3_reg_13_	->
  uDTSDI002Top/uAPB_WDT/R3_reg_14_	->
  uDTSDI002Top/uAPB_WDT/R3_reg_15_	->
  uDTSDI002Top/uAPB_WDT/R4En_1d_reg	->
  uDTSDI002Top/uAPB_WDT/R4_reg_0_	->
  uDTSDI002Top/uAPB_WDT/R4_reg_1_	->
  uDTSDI002Top/uAPB_WDT/R4_reg_2_	->
  uDTSDI002Top/uAPB_WDT/R4_reg_3_	->
  uDTSDI002Top/uAPB_WDT/R4_reg_4_	->
  uDTSDI002Top/uAPB_WDT/R4_reg_5_	->
  uDTSDI002Top/uAPB_WDT/R4_reg_6_	->
  uDTSDI002Top/uAPB_WDT/R4_reg_7_	->
  uDTSDI002Top/uAPB_WDT/R4_reg_8_	->
  uDTSDI002Top/uAPB_WDT/R4_reg_9_	->
  uDTSDI002Top/uAPB_WDT/R4_reg_10_	->
  uDTSDI002Top/uAPB_WDT/R4_reg_11_	->
  uDTSDI002Top/uAPB_WDT/R4_reg_12_	->
  uDTSDI002Top/uAPB_WDT/R4_reg_13_	->
  uDTSDI002Top/uAPB_WDT/R4_reg_14_	->
  uDTSDI002Top/uAPB_WDT/R4_reg_15_	->
  uDTSDI002Top/uAPB_WDT/WDTISR_Clr_reg	->
  uDTSDI002Top/uAPB_WDT/WDTISR_reg	->
  uDTSDI002Top/uAPB_WDT/WDT_Cnt_reg_0_	->
  uDTSDI002Top/uAPB_WDT/WDT_Cnt_reg_1_	->
  uDTSDI002Top/uAPB_WDT/WDT_Cnt_reg_2_	->
  uDTSDI002Top/uAPB_WDT/WDT_Cnt_reg_3_	->
  uDTSDI002Top/uAPB_WDT/WDT_Cnt_reg_4_	->
  uDTSDI002Top/uAPB_WDT/WDT_Cnt_reg_5_	->
  uDTSDI002Top/uAPB_WDT/WDT_Cnt_reg_6_	->
  uDTSDI002Top/uAPB_WDT/WDT_Cnt_reg_7_	->
  uDTSDI002Top/uAPB_WDT/WDT_Cnt_reg_8_	->
  uDTSDI002Top/uAPB_WDT/WDT_Cnt_reg_9_	->
  uDTSDI002Top/uAPB_WDT/WDT_Cnt_reg_10_	->
  uDTSDI002Top/uAPB_WDT/WDT_Cnt_reg_11_	->
  uDTSDI002Top/uAPB_WDT/WDT_Cnt_reg_12_	->
  uDTSDI002Top/uAPB_WDT/WDT_Cnt_reg_13_	->
  uDTSDI002Top/uAPB_WDT/WDT_Cnt_reg_14_	->
  uDTSDI002Top/uAPB_WDT/WDT_Cnt_reg_15_	->
  uDTSDI002Top/uAPB_WDT/iPRDATA_reg_0_	->
  uDTSDI002Top/uAPB_WDT/iPRDATA_reg_1_	->
  uDTSDI002Top/uAPB_WDT/iPRDATA_reg_2_	->
  uDTSDI002Top/uAPB_WDT/iPRDATA_reg_3_	->
  uDTSDI002Top/uAPB_WDT/iPRDATA_reg_4_	->
  uDTSDI002Top/uAPB_WDT/iPRDATA_reg_5_	->
  uDTSDI002Top/uAPB_WDT/iPRDATA_reg_6_	->
  uDTSDI002Top/uAPB_WDT/iPRDATA_reg_7_	->
  uDTSDI002Top/uAPB_WDT/iPRDATA_reg_8_	->
  uDTSDI002Top/uAPB_WDT/iPRDATA_reg_9_	->
  uDTSDI002Top/uAPB_WDT/iPRDATA_reg_10_	->
  uDTSDI002Top/uAPB_WDT/iPRDATA_reg_11_	->
  uDTSDI002Top/uAPB_WDT/iPRDATA_reg_12_	->
  uDTSDI002Top/uAPB_WDT/iPRDATA_reg_13_	->
  uDTSDI002Top/uAPB_WDT/iPRDATA_reg_14_	->
  uDTSDI002Top/uAPB_WDT/iPRDATA_reg_15_	->
  uDTSDI002Top/uAPB_WDT/iPRDATA_reg_16_	->
  uDTSDI002Top/uAPB_WDT/iPRDATA_reg_17_	->
  uDTSDI002Top/uAPB_WDT/iPRDATA_reg_18_	->
  uDTSDI002Top/uAPB_WDT/iPRDATA_reg_19_	->
  uDTSDI002Top/uAPB_WDT/iPRDATA_reg_20_	->
  uDTSDI002Top/uAPB_WDT/iPRDATA_reg_21_	->
  uDTSDI002Top/uAPB_WDT/iPRDATA_reg_22_	->
  uDTSDI002Top/uAPB_WDT/iPRDATA_reg_23_	->
  uDTSDI002Top/uAPB_WDT/iPRDATA_reg_24_	->
  uDTSDI002Top/uAPB_WDT/iPRDATA_reg_25_	->
  uDTSDI002Top/uAPB_WDT/iPRDATA_reg_26_	->
  uDTSDI002Top/uAPB_WDT/iPRDATA_reg_27_	->
  uDTSDI002Top/uAPB_WDT/iPRDATA_reg_28_	->
  uDTSDI002Top/uAPB_WDT/iPRDATA_reg_29_	->
  uDTSDI002Top/uAPB_WDT/iPRDATA_reg_30_	->
  uDTSDI002Top/uAPB_WDT/iPRDATA_reg_31_	->
  uDTSDI002Top/uAPB_WDT/nRESTOUT_Reg_reg	->
  uDTSDI002Top/uAPBif/CurrentState_reg_0_	->
  uDTSDI002Top/uAPBif/CurrentState_reg_1_	->
  uDTSDI002Top/uAPBif/CurrentState_reg_2_	->
  uDTSDI002Top/uAPBif/CurrentState_reg_3_	->
  uDTSDI002Top/uAPBif/HaddrReg_reg_0_	->
  uDTSDI002Top/uAPBif/HaddrReg_reg_1_	->
  uDTSDI002Top/uAPBif/HaddrReg_reg_2_	->
  uDTSDI002Top/uAPBif/HaddrReg_reg_3_	->
  uDTSDI002Top/uAPBif/HaddrReg_reg_4_	->
  uDTSDI002Top/uAPBif/HaddrReg_reg_5_	->
  uDTSDI002Top/uAPBif/HaddrReg_reg_6_	->
  uDTSDI002Top/uAPBif/HaddrReg_reg_7_	->
  uDTSDI002Top/uAPBif/HaddrReg_reg_8_	->
  uDTSDI002Top/uAPBif/HaddrReg_reg_9_	->
  uDTSDI002Top/uAPBif/HaddrReg_reg_10_	->
  uDTSDI002Top/uAPBif/HaddrReg_reg_11_	->
  uDTSDI002Top/uAPBif/HwriteReg_reg	->
  uDTSDI002Top/uAPBif/PADDR_reg_0_	->
  uDTSDI002Top/uAPBif/PADDR_reg_1_	->
  uDTSDI002Top/uAPBif/PADDR_reg_2_	->
  uDTSDI002Top/uAPBif/PADDR_reg_3_	->
  uDTSDI002Top/uAPBif/PADDR_reg_4_	->
  uDTSDI002Top/uAPBif/PADDR_reg_5_	->
  uDTSDI002Top/uAPBif/PADDR_reg_6_	->
  uDTSDI002Top/uAPBif/PADDR_reg_7_	->
  uDTSDI002Top/uAPBif/PENABLE_reg	->
  uDTSDI002Top/uAPBif/PWDATA_reg_0_	->
  uDTSDI002Top/uAPBif/PWDATA_reg_1_	->
  uDTSDI002Top/uAPBif/PWDATA_reg_2_	->
  uDTSDI002Top/uAPBif/PWDATA_reg_3_	->
  uDTSDI002Top/uAPBif/PWDATA_reg_4_	->
  uDTSDI002Top/uAPBif/PWDATA_reg_5_	->
  uDTSDI002Top/uAPBif/PWDATA_reg_6_	->
  uDTSDI002Top/uAPBif/PWDATA_reg_7_	->
  uDTSDI002Top/uAPBif/PWDATA_reg_8_	->
  uDTSDI002Top/uAPBif/PWDATA_reg_9_	->
  uDTSDI002Top/uAPBif/PWDATA_reg_10_	->
  uDTSDI002Top/uAPBif/PWDATA_reg_11_	->
  uDTSDI002Top/uAPBif/PWDATA_reg_12_	->
  uDTSDI002Top/uAPBif/PWDATA_reg_13_	->
  uDTSDI002Top/uAPBif/PWDATA_reg_14_	->
  uDTSDI002Top/uAPBif/PWDATA_reg_15_	->
  uDTSDI002Top/uAPBif/PWDATA_reg_16_	->
  uDTSDI002Top/uAPBif/PWDATA_reg_17_	->
  uDTSDI002Top/uAPBif/PWDATA_reg_18_	->
  uDTSDI002Top/uAPBif/PWDATA_reg_19_	->
  uDTSDI002Top/uAPBif/PWDATA_reg_20_	->
  uDTSDI002Top/uAPBif/PWDATA_reg_21_	->
  uDTSDI002Top/uAPBif/PWDATA_reg_22_	->
  uDTSDI002Top/uAPBif/PWDATA_reg_23_	->
  uDTSDI002Top/uAPBif/PWDATA_reg_24_	->
  uDTSDI002Top/uAPBif/PWDATA_reg_25_	->
  uDTSDI002Top/uAPBif/PWDATA_reg_26_	->
  uDTSDI002Top/uAPBif/PWDATA_reg_27_	->
  uDTSDI002Top/uAPBif/PWDATA_reg_28_	->
  uDTSDI002Top/uAPBif/PWDATA_reg_29_	->
  uDTSDI002Top/uAPBif/PWDATA_reg_30_	->
  uDTSDI002Top/uAPBif/PWDATA_reg_31_	->
  uDTSDI002Top/uAPBif/PWRITE_reg	->
  uDTSDI002Top/uAPBif/iHREADYOUT_reg	->
  uDTSDI002Top/uAPBif/iPSELS0_reg	->
  uDTSDI002Top/uAPBif/iPSELS1_reg	->
  uDTSDI002Top/uAPBif/iPSELS2_reg	->
  uDTSDI002Top/uAPBif/iPSELS3_reg	->
  uDTSDI002Top/uAPBif/iPSELS4_reg	->
  uDTSDI002Top/uAPBif/iPSELS5_reg	->
  uDTSDI002Top/uAPBif/iPSELS6_reg	->
  uDTSDI002Top/uAPBif/iPSELS7_reg	->
  uDTSDI002Top/uAPBif/iPSELS8_reg	->
  uDTSDI002Top/uAPBif/iPSELS9_reg	->
  uDTSDI002Top/uAPBif/iPSELS10_reg	->
  uDTSDI002Top/uAPBif/iPSELS11_reg	->
  uDTSDI002Top/uAPBif/iPSELS12_reg	->
  uDTSDI002Top/uAPBif/iPSELS13_reg	->
  uDTSDI002Top/uAPBif/iPSELS14_reg	->
  uDTSDI002Top/uAPBif/iPSELS15_reg	->
  uDTSDI002Top/uArbiterBus1/AddrMaster_reg_0_	->
  uDTSDI002Top/uArbiterBus1/AddrMaster_reg_1_	->
  uDTSDI002Top/uArbiterBus1/AddrMaster_reg_2_	->
  uDTSDI002Top/uArbiterBus1/AddrMaster_reg_3_	->
  uDTSDI002Top/uArbiterBus1/BusReqReg_reg_0_	->
  uDTSDI002Top/uArbiterBus1/BusReqReg_reg_1_	->
  uDTSDI002Top/uArbiterBus1/BusReqReg_reg_2_	->
  uDTSDI002Top/uArbiterBus1/BusReqReg_reg_3_	->
  uDTSDI002Top/uArbiterBus1/CurrentBurst_reg_0_	->
  uDTSDI002Top/uArbiterBus1/CurrentBurst_reg_1_	->
  uDTSDI002Top/uArbiterBus1/CurrentBurst_reg_2_	->
  uDTSDI002Top/uArbiterBus1/CurrentBurst_reg_3_	->
  uDTSDI002Top/uArbiterBus1/DataMaster_reg_0_	->
  uDTSDI002Top/uArbiterBus1/DataMaster_reg_1_	->
  uDTSDI002Top/uArbiterBus1/DataMaster_reg_2_	->
  uDTSDI002Top/uArbiterBus1/DataMaster_reg_3_	->
  uDTSDI002Top/uArbiterBus1/ForceNoMaster_reg	->
  uDTSDI002Top/uArbiterBus1/LockedData_reg	->
  uDTSDI002Top/uArbiterBus1/Split2_reg	->
  uDTSDI002Top/uArbiterBus1/SplitMaskReg_reg_0_	->
  uDTSDI002Top/uArbiterBus1/SplitMaskReg_reg_1_	->
  uDTSDI002Top/uArbiterBus1/SplitMaskReg_reg_2_	->
  uDTSDI002Top/uArbiterBus1/SplitMaskReg_reg_3_	->
  uDTSDI002Top/uArbiterBus1/SplitReg_reg_0_	->
  uDTSDI002Top/uArbiterBus1/SplitReg_reg_1_	->
  uDTSDI002Top/uArbiterBus1/SplitReg_reg_2_	->
  uDTSDI002Top/uArbiterBus1/SplitReg_reg_3_	->
  uDTSDI002Top/uArbiterBus1/SplitRetry2_reg	->
  uDTSDI002Top/uArbiterBus1/iHMASTLOCK_reg	->
  uDTSDI002Top/uDefaultSlave1/HRESP_reg_0_	->
  uDTSDI002Top/uDefaultSlave1/HRESP_reg_1_	->
  uDTSDI002Top/uDefaultSlave1/iHREADYOUT_reg	->
  uDTSDI002Top/uMuxS2M/HselDefReg_reg	->
  uDTSDI002Top/uMuxS2M/HselReg_reg_0_	->
  uDTSDI002Top/uMuxS2M/HselReg_reg_1_	->
  uDTSDI002Top/uMuxS2M/HselReg_reg_2_	->
  uDTSDI002Top/uResetCntl/HresState_reg_0_	->
  uDTSDI002Top/uResetCntl/HresState_reg_1_	->
  uDTSDI002Top/uResetCntl/HresState_reg_2_	->
  uDTSDI002Top/uResetCntl/SyncWDR_reg	->
  uDTSDI002Top/uResetCntl/WresState_reg_0_	->
  uDTSDI002Top/uResetCntl/WresState_reg_1_	->
  uDTSDI002Top/uResetCntl/WresState_reg_2_	->
  uDTSDI002Top/uResetCntl/nSyncPOR_reg	->
  test_so1

Complete scan chain #2 (test_si2 --> test_so2) contains 22 cells:

  test_si2	->
  uDTSDI002Top/uA7TDMI/uA7TWrap/uA7TWrapTest/TestModeF_reg	->
  uDTSDI002Top/uAHB_ISRAM24K/BistCtrl_i0/S50/S5_reg_0_	->
  uDTSDI002Top/uAHB_ISRAM24K/BistCtrl_i0/S50/S5_reg_1_	->
  uDTSDI002Top/uAHB_ISRAM24K/BistCtrl_i0/S50/S5_reg_2_	->
  uDTSDI002Top/uAHB_ISRAM24K/BistCtrl_i0/S50/S5_reg_3_	->
  uDTSDI002Top/uAHB_ISRAM24K/BistCtrl_i0/S50/S5_reg_4_	->
  uDTSDI002Top/uAHB_ISRAM24K/BistCtrl_i0/S50/S5_reg_5_	->
  uDTSDI002Top/uAHB_ISRAM24K/BistCtrl_i0/S50/S5_reg_6_	->
  uDTSDI002Top/uAHB_ISRAM24K/BistCtrl_i0/S50/S5_reg_7_	->
  uDTSDI002Top/uAHB_ISRAM24K/BistCtrl_i0/S50/S5_reg_8_	->
  uDTSDI002Top/uAHB_ISRAM24K/BistCtrl_i0/S50/S5_reg_9_	->
  uDTSDI002Top/uAHB_ISRAM24K/BistCtrl_i0/S50/S5_reg_10_	->
  uDTSDI002Top/uAHB_ISRAM24K/BistCtrl_i0/S50/S5_reg_11_	->
  uDTSDI002Top/uAHB_ISRAM24K/BistCtrl_i0/S50/S5_reg_12_	->
  uDTSDI002Top/uAHB_ISRAM24K/BistCtrl_i0/S51/Finish_reg	->
  uDTSDI002Top/uAHB_ISRAM24K/BistCtrl_i0/S51/S37_reg	->
  uDTSDI002Top/uAHB_ISRAM24K/BistCtrl_i0/S51/State_reg_0_	->
  uDTSDI002Top/uAHB_ISRAM24K/BistCtrl_i0/S51/State_reg_1_	->
  uDTSDI002Top/uAHB_ISRAM24K/BistCtrl_i0/S51/State_reg_2_	->
  uDTSDI002Top/uAHB_ISRAM24K/BistCtrl_i0/S51/State_reg_3_	->
  uDTSDI002Top/uAHB_ISRAM24K/BistCtrl_i0/ST_MAL_i0/S16_reg	->
  uDTSDI002Top/uAHB_ISRAM24K/BistCtrl_i0/ST_MAL_i0/S17_reg	->
  test_so2

1
