Timing Analyzer report for ifmc_top
Fri Mar 31 09:44:47 2006
Version 4.2 Build 157 12/07/2004 SJ Full Version


---------------------
; Table of Contents ;
---------------------
  1. Legal Notice
  2. Timing Analyzer Summary
  3. Timing Analyzer Settings
  4. Clock Settings Summary
  5. Clock Setup: 'clk'
  6. Clock Hold: 'clk'
  7. tsu
  8. tco
  9. th
 10. Timing Analyzer Messages



----------------
; Legal Notice ;
----------------
Copyright (C) 1991-2004 Altera Corporation
Any  megafunction  design,  and related netlist (encrypted  or  decrypted),
support information,  device programming or simulation file,  and any other
associated  documentation or information  provided by  Altera  or a partner
under  Altera's   Megafunction   Partnership   Program  may  be  used  only
to program  PLD  devices (but not masked  PLD  devices) from  Altera.   Any
other  use  of such  megafunction  design,  netlist,  support  information,
device programming or simulation file,  or any other  related documentation
or information  is prohibited  for  any  other purpose,  including, but not
limited to  modification,  reverse engineering,  de-compiling, or use  with
any other  silicon devices,  unless such use is  explicitly  licensed under
a separate agreement with  Altera  or a megafunction partner.  Title to the
intellectual property,  including patents,  copyrights,  trademarks,  trade
secrets,  or maskworks,  embodied in any such megafunction design, netlist,
support  information,  device programming or simulation file,  or any other
related documentation or information provided by  Altera  or a megafunction
partner, remains with Altera, the megafunction partner, or their respective
licensors. No other licenses, including any licenses needed under any third
party's intellectual property, are provided herein.



+---------------------------------------------------------------------------------------------------------------------------------------------------------------------------------------------------------------------------------------------------------------------------------------------------------+
; Timing Analyzer Summary                                                                                                                                                                                                                                                                                 ;
+------------------------------+----------+----------------------------------+----------------------------------+-----------------------------------------------------------------------+--------------------------------------------------------------------------+------------+----------+--------------+
; Type                         ; Slack    ; Required Time                    ; Actual Time                      ; From                                                                  ; To                                                                       ; From Clock ; To Clock ; Failed Paths ;
+------------------------------+----------+----------------------------------+----------------------------------+-----------------------------------------------------------------------+--------------------------------------------------------------------------+------------+----------+--------------+
; Worst-case tsu               ; N/A      ; None                             ; 14.028 ns                        ; tmode                                                                 ; ifmc_top:Top|ifmc_serial:ifmc_serial|ifmc_tool:ifmc_tool|cnt[1]          ;            ; clk      ; 0            ;
; Worst-case tco               ; N/A      ; None                             ; 14.905 ns                        ; ifmc_top:Top|ifmc_serial:ifmc_serial|ifmc_tool:ifmc_tool|tool_mode    ; tool_mode                                                                ; clk        ;          ; 0            ;
; Worst-case th                ; N/A      ; None                             ; -3.702 ns                        ; sda                                                                   ; ifmc_top:Top|ifmc_serial:ifmc_serial|ifmc_lpf_1:sda_in_lpf|in_dly_i_0[0] ;            ; clk      ; 0            ;
; Clock Setup: 'clk'           ; 2.005 ns ; 50.00 MHz ( period = 20.000 ns ) ; 55.57 MHz ( period = 17.995 ns ) ; ifmc_top:Top|ifmc_fmb:fmb|fm_prog                                     ; ifmc_top:Top|fm_shell:fmcore|altdpram:I|segment[3][6]~reg_we             ; clk        ; clk      ; 0            ;
; Clock Hold: 'clk'            ; 0.539 ns ; 50.00 MHz ( period = 20.000 ns ) ; N/A                              ; ifmc_top:Top|ifmc_serial:ifmc_serial|ifmc_ana:ifmc_ana|scl_pos_dly[6] ; ifmc_top:Top|ifmc_serial:ifmc_serial|ifmc_ana:ifmc_ana|scl_pos_dly_7     ; clk        ; clk      ; 0            ;
; Total number of failed paths ;          ;                                  ;                                  ;                                                                       ;                                                                          ;            ;          ; 0            ;
+------------------------------+----------+----------------------------------+----------------------------------+-----------------------------------------------------------------------+--------------------------------------------------------------------------+------------+----------+--------------+


+------------------------------------------------------------------------------------------------------+
; Timing Analyzer Settings                                                                             ;
+-------------------------------------------------------+--------------------+------+----+-------------+
; Option                                                ; Setting            ; From ; To ; Entity Name ;
+-------------------------------------------------------+--------------------+------+----+-------------+
; Device Name                                           ; EPXA10F1020C2      ;      ;    ;             ;
; Timing Models                                         ; Final              ;      ;    ;             ;
; Number of source nodes to report per destination node ; 10                 ;      ;    ;             ;
; Number of destination nodes to report                 ; 10                 ;      ;    ;             ;
; Number of paths to report                             ; 200                ;      ;    ;             ;
; Report Minumum Timing Checks                          ; Off                ;      ;    ;             ;
; Use Fast Timing Models                                ; Off                ;      ;    ;             ;
; Report IO Paths Separately                            ; Off                ;      ;    ;             ;
; Clock Analysis Only                                   ; Off                ;      ;    ;             ;
; Default hold multicycle                               ; Same as Multicycle ;      ;    ;             ;
; Cut paths between unrelated clock domains             ; On                 ;      ;    ;             ;
; Cut off read during write signal paths                ; On                 ;      ;    ;             ;
; Cut off clear and preset signal paths                 ; On                 ;      ;    ;             ;
; Cut off feedback from I/O pins                        ; On                 ;      ;    ;             ;
; fmax Requirement                                      ; 50.0 MHz           ;      ;    ;             ;
; Ignore Clock Settings                                 ; On                 ;      ;    ;             ;
; Analyze latches as synchronous elements               ; Off                ;      ;    ;             ;
; Do Min/Max analysis using Rise/Fall delays            ; Off                ;      ;    ;             ;
; Enable Recovery/Removal analysis                      ; Off                ;      ;    ;             ;
; Use Clock Latency for PLL offset                      ; Off                ;      ;    ;             ;
+-------------------------------------------------------+--------------------+------+----+-------------+


+--------------------------------------------------------------------------------------------------------------------------------------+
; Clock Settings Summary                                                                                                               ;
+-----------------+--------------------+----------+------------------+----------+-----------------------+---------------------+--------+
; Clock Node Name ; Clock Setting Name ; Type     ; Fmax Requirement ; Based on ; Multiply Base Fmax by ; Divide Base Fmax by ; Offset ;
+-----------------+--------------------+----------+------------------+----------+-----------------------+---------------------+--------+
; clk             ;                    ; User Pin ; 50.0 MHz         ; NONE     ; N/A                   ; N/A                 ; N/A    ;
+-----------------+--------------------+----------+------------------+----------+-----------------------+---------------------+--------+


+-------------------------------------------------------------------------------------------------------------------------------------------------------------------------------------------------------------------------------------------------------------------------------------------------------------------+
; Clock Setup: 'clk'                                                                                                                                                                                                                                                                                                ;
+-----------------------------------------+-----------------------------------------------------+---------------------------------------+---------------------------------------------------------------+------------+----------+-----------------------------+---------------------------+-------------------------+
; Slack                                   ; Actual fmax (period)                                ; From                                  ; To                                                            ; From Clock ; To Clock ; Required Setup Relationship ; Required Longest P2P Time ; Actual Longest P2P Time ;
+-----------------------------------------+-----------------------------------------------------+---------------------------------------+---------------------------------------------------------------+------------+----------+-----------------------------+---------------------------+-------------------------+
; 2.005 ns                                ; 55.57 MHz ( period = 17.995 ns )                    ; ifmc_top:Top|ifmc_fmb:fmb|fm_prog     ; ifmc_top:Top|fm_shell:fmcore|altdpram:I|segment[3][6]~reg_we  ; clk        ; clk      ; 20.000 ns                   ; 18.987 ns                 ; 16.982 ns               ;
; 2.039 ns                                ; 55.68 MHz ( period = 17.961 ns )                    ; ifmc_top:Top|ifmc_fmb:fmb|fm_prog     ; ifmc_top:Top|fm_shell:fmcore|altdpram:I|segment[2][0]~reg_we  ; clk        ; clk      ; 20.000 ns                   ; 18.989 ns                 ; 16.950 ns               ;
; 2.046 ns                                ; 55.70 MHz ( period = 17.954 ns )                    ; ifmc_top:Top|ifmc_fmb:fmb|fm_se       ; ifmc_top:Top|fm_shell:fmcore|altdpram:I|segment[3][6]~reg_we  ; clk        ; clk      ; 20.000 ns                   ; 18.987 ns                 ; 16.941 ns               ;
; 2.051 ns                                ; 55.71 MHz ( period = 17.949 ns )                    ; ifmc_top:Top|ifmc_fmb:fmb|fm_prog     ; ifmc_top:Top|fm_shell:fmcore|altdpram:I|segment[3][7]~reg_we  ; clk        ; clk      ; 20.000 ns                   ; 19.011 ns                 ; 16.960 ns               ;
; 2.080 ns                                ; 55.80 MHz ( period = 17.920 ns )                    ; ifmc_top:Top|ifmc_fmb:fmb|fm_se       ; ifmc_top:Top|fm_shell:fmcore|altdpram:I|segment[2][0]~reg_we  ; clk        ; clk      ; 20.000 ns                   ; 18.989 ns                 ; 16.909 ns               ;
; 2.092 ns                                ; 55.84 MHz ( period = 17.908 ns )                    ; ifmc_top:Top|ifmc_fmb:fmb|fm_se       ; ifmc_top:Top|fm_shell:fmcore|altdpram:I|segment[3][7]~reg_we  ; clk        ; clk      ; 20.000 ns                   ; 19.011 ns                 ; 16.919 ns               ;
; 2.114 ns                                ; 55.91 MHz ( period = 17.886 ns )                    ; ifmc_top:Top|ifmc_fmb:fmb|fm_ye       ; ifmc_top:Top|fm_shell:fmcore|altdpram:I|segment[3][6]~reg_we  ; clk        ; clk      ; 20.000 ns                   ; 18.987 ns                 ; 16.873 ns               ;
; 2.116 ns                                ; 55.92 MHz ( period = 17.884 ns )                    ; ifmc_top:Top|ifmc_fmb:fmb|fm_prog     ; ifmc_top:Top|fm_shell:fmcore|altdpram:I|segment[3][13]~reg_we ; clk        ; clk      ; 20.000 ns                   ; 18.985 ns                 ; 16.869 ns               ;
; 2.136 ns                                ; 55.98 MHz ( period = 17.864 ns )                    ; ifmc_top:Top|ifmc_fmb:fmb|fm_prog     ; ifmc_top:Top|fm_shell:fmcore|altdpram:I|segment[2][15]~reg_we ; clk        ; clk      ; 20.000 ns                   ; 19.017 ns                 ; 16.881 ns               ;
; 2.148 ns                                ; 56.02 MHz ( period = 17.852 ns )                    ; ifmc_top:Top|ifmc_fmb:fmb|fm_ye       ; ifmc_top:Top|fm_shell:fmcore|altdpram:I|segment[2][0]~reg_we  ; clk        ; clk      ; 20.000 ns                   ; 18.989 ns                 ; 16.841 ns               ;
; 2.156 ns                                ; 56.04 MHz ( period = 17.844 ns )                    ; ifmc_top:Top|ifmc_fmb:fmb|fm_prog     ; ifmc_top:Top|fm_shell:fmcore|altdpram:I|segment[1][5]~reg_we  ; clk        ; clk      ; 20.000 ns                   ; 19.009 ns                 ; 16.853 ns               ;
; 2.157 ns                                ; 56.04 MHz ( period = 17.843 ns )                    ; ifmc_top:Top|ifmc_fmb:fmb|fm_se       ; ifmc_top:Top|fm_shell:fmcore|altdpram:I|segment[3][13]~reg_we ; clk        ; clk      ; 20.000 ns                   ; 18.985 ns                 ; 16.828 ns               ;
; 2.160 ns                                ; 56.05 MHz ( period = 17.840 ns )                    ; ifmc_top:Top|ifmc_fmb:fmb|fm_ye       ; ifmc_top:Top|fm_shell:fmcore|altdpram:I|segment[3][7]~reg_we  ; clk        ; clk      ; 20.000 ns                   ; 19.011 ns                 ; 16.851 ns               ;
; 2.172 ns                                ; 56.09 MHz ( period = 17.828 ns )                    ; ifmc_top:Top|ifmc_fmb:fmb|fm_prog     ; ifmc_top:Top|fm_shell:fmcore|altdpram:I|segment[2][30]~reg_we ; clk        ; clk      ; 20.000 ns                   ; 19.017 ns                 ; 16.845 ns               ;
; 2.177 ns                                ; 56.11 MHz ( period = 17.823 ns )                    ; ifmc_top:Top|ifmc_fmb:fmb|fm_se       ; ifmc_top:Top|fm_shell:fmcore|altdpram:I|segment[2][15]~reg_we ; clk        ; clk      ; 20.000 ns                   ; 19.017 ns                 ; 16.840 ns               ;
; 2.182 ns                                ; 56.12 MHz ( period = 17.818 ns )                    ; ifmc_top:Top|ifmc_fmb:fmb|fm_prog     ; ifmc_top:Top|fm_shell:fmcore|altdpram:I|segment[2][13]~reg_we ; clk        ; clk      ; 20.000 ns                   ; 19.015 ns                 ; 16.833 ns               ;
; 2.183 ns                                ; 56.13 MHz ( period = 17.817 ns )                    ; ifmc_top:Top|ifmc_fmb:fmb|fm_prog     ; ifmc_top:Top|fm_shell:fmcore|altdpram:I|segment[3][8]~reg_we  ; clk        ; clk      ; 20.000 ns                   ; 19.009 ns                 ; 16.826 ns               ;
; 2.197 ns                                ; 56.17 MHz ( period = 17.803 ns )                    ; ifmc_top:Top|ifmc_fmb:fmb|fm_se       ; ifmc_top:Top|fm_shell:fmcore|altdpram:I|segment[1][5]~reg_we  ; clk        ; clk      ; 20.000 ns                   ; 19.009 ns                 ; 16.812 ns               ;
; 2.210 ns                                ; 56.21 MHz ( period = 17.790 ns )                    ; ifmc_top:Top|ifmc_fmb:fmb|fm_prog     ; ifmc_top:Top|fm_shell:fmcore|altdpram:I|segment[0][29]~reg_we ; clk        ; clk      ; 20.000 ns                   ; 19.013 ns                 ; 16.803 ns               ;
; 2.213 ns                                ; 56.22 MHz ( period = 17.787 ns )                    ; ifmc_top:Top|ifmc_fmb:fmb|fm_se       ; ifmc_top:Top|fm_shell:fmcore|altdpram:I|segment[2][30]~reg_we ; clk        ; clk      ; 20.000 ns                   ; 19.017 ns                 ; 16.804 ns               ;
; 2.218 ns                                ; 56.24 MHz ( period = 17.782 ns )                    ; ifmc_top:Top|ifmc_fmb:fmb|fm_prog     ; ifmc_top:Top|fm_shell:fmcore|altdpram:I|segment[1][20]~reg_we ; clk        ; clk      ; 20.000 ns                   ; 19.011 ns                 ; 16.793 ns               ;
; 2.223 ns                                ; 56.25 MHz ( period = 17.777 ns )                    ; ifmc_top:Top|ifmc_fmb:fmb|fm_se       ; ifmc_top:Top|fm_shell:fmcore|altdpram:I|segment[2][13]~reg_we ; clk        ; clk      ; 20.000 ns                   ; 19.015 ns                 ; 16.792 ns               ;
; 2.224 ns                                ; 56.26 MHz ( period = 17.776 ns )                    ; ifmc_top:Top|ifmc_fmb:fmb|fm_se       ; ifmc_top:Top|fm_shell:fmcore|altdpram:I|segment[3][8]~reg_we  ; clk        ; clk      ; 20.000 ns                   ; 19.009 ns                 ; 16.785 ns               ;
; 2.225 ns                                ; 56.26 MHz ( period = 17.775 ns )                    ; ifmc_top:Top|ifmc_fmb:fmb|fm_ye       ; ifmc_top:Top|fm_shell:fmcore|altdpram:I|segment[3][13]~reg_we ; clk        ; clk      ; 20.000 ns                   ; 18.985 ns                 ; 16.760 ns               ;
; 2.245 ns                                ; 56.32 MHz ( period = 17.755 ns )                    ; ifmc_top:Top|ifmc_fmb:fmb|fm_prog     ; ifmc_top:Top|fm_shell:fmcore|altdpram:I|segment[0][6]~reg_we  ; clk        ; clk      ; 20.000 ns                   ; 19.005 ns                 ; 16.760 ns               ;
; 2.245 ns                                ; 56.32 MHz ( period = 17.755 ns )                    ; ifmc_top:Top|ifmc_fmb:fmb|fm_ye       ; ifmc_top:Top|fm_shell:fmcore|altdpram:I|segment[2][15]~reg_we ; clk        ; clk      ; 20.000 ns                   ; 19.017 ns                 ; 16.772 ns               ;
; 2.251 ns                                ; 56.34 MHz ( period = 17.749 ns )                    ; ifmc_top:Top|ifmc_fmb:fmb|fm_se       ; ifmc_top:Top|fm_shell:fmcore|altdpram:I|segment[0][29]~reg_we ; clk        ; clk      ; 20.000 ns                   ; 19.013 ns                 ; 16.762 ns               ;
; 2.256 ns                                ; 56.36 MHz ( period = 17.744 ns )                    ; ifmc_top:Top|ifmc_fmb:fmb|fm_prog     ; ifmc_top:Top|fm_shell:fmcore|altdpram:I|segment[3][22]~reg_we ; clk        ; clk      ; 20.000 ns                   ; 19.013 ns                 ; 16.757 ns               ;
; 2.259 ns                                ; 56.37 MHz ( period = 17.741 ns )                    ; ifmc_top:Top|ifmc_fmb:fmb|fm_se       ; ifmc_top:Top|fm_shell:fmcore|altdpram:I|segment[1][20]~reg_we ; clk        ; clk      ; 20.000 ns                   ; 19.011 ns                 ; 16.752 ns               ;
; 2.265 ns                                ; 56.39 MHz ( period = 17.735 ns )                    ; ifmc_top:Top|ifmc_fmb:fmb|fm_ye       ; ifmc_top:Top|fm_shell:fmcore|altdpram:I|segment[1][5]~reg_we  ; clk        ; clk      ; 20.000 ns                   ; 19.009 ns                 ; 16.744 ns               ;
; 2.271 ns                                ; 56.40 MHz ( period = 17.729 ns )                    ; ifmc_top:Top|ifmc_fmb:fmb|fm_prog     ; ifmc_top:Top|fm_shell:fmcore|altdpram:I|segment[1][15]~reg_we ; clk        ; clk      ; 20.000 ns                   ; 19.007 ns                 ; 16.736 ns               ;
; 2.272 ns                                ; 56.41 MHz ( period = 17.728 ns )                    ; ifmc_top:Top|ifmc_fmb:fmb|fm_prog     ; ifmc_top:Top|fm_shell:fmcore|altdpram:I|segment[0][5]~reg_we  ; clk        ; clk      ; 20.000 ns                   ; 19.007 ns                 ; 16.735 ns               ;
; 2.273 ns                                ; 56.41 MHz ( period = 17.727 ns )                    ; ifmc_top:Top|ifmc_fmb:fmb|fm_prog     ; ifmc_top:Top|fm_shell:fmcore|altdpram:I|segment[2][14]~reg_we ; clk        ; clk      ; 20.000 ns                   ; 19.005 ns                 ; 16.732 ns               ;
; 2.281 ns                                ; 56.44 MHz ( period = 17.719 ns )                    ; ifmc_top:Top|ifmc_fmb:fmb|fm_ye       ; ifmc_top:Top|fm_shell:fmcore|altdpram:I|segment[2][30]~reg_we ; clk        ; clk      ; 20.000 ns                   ; 19.017 ns                 ; 16.736 ns               ;
; 2.282 ns                                ; 56.44 MHz ( period = 17.718 ns )                    ; ifmc_top:Top|ifmc_fmb:fmb|fm_prog     ; ifmc_top:Top|fm_shell:fmcore|altdpram:I|segment[0][13]~reg_we ; clk        ; clk      ; 20.000 ns                   ; 19.003 ns                 ; 16.721 ns               ;
; 2.286 ns                                ; 56.45 MHz ( period = 17.714 ns )                    ; ifmc_top:Top|ifmc_fmb:fmb|fm_se       ; ifmc_top:Top|fm_shell:fmcore|altdpram:I|segment[0][6]~reg_we  ; clk        ; clk      ; 20.000 ns                   ; 19.005 ns                 ; 16.719 ns               ;
; 2.291 ns                                ; 56.47 MHz ( period = 17.709 ns )                    ; ifmc_top:Top|ifmc_fmb:fmb|fm_ye       ; ifmc_top:Top|fm_shell:fmcore|altdpram:I|segment[2][13]~reg_we ; clk        ; clk      ; 20.000 ns                   ; 19.015 ns                 ; 16.724 ns               ;
; 2.292 ns                                ; 56.47 MHz ( period = 17.708 ns )                    ; ifmc_top:Top|ifmc_fmb:fmb|fm_ye       ; ifmc_top:Top|fm_shell:fmcore|altdpram:I|segment[3][8]~reg_we  ; clk        ; clk      ; 20.000 ns                   ; 19.009 ns                 ; 16.717 ns               ;
; 2.297 ns                                ; 56.49 MHz ( period = 17.703 ns )                    ; ifmc_top:Top|ifmc_fmb:fmb|fm_se       ; ifmc_top:Top|fm_shell:fmcore|altdpram:I|segment[3][22]~reg_we ; clk        ; clk      ; 20.000 ns                   ; 19.013 ns                 ; 16.716 ns               ;
; 2.312 ns                                ; 56.54 MHz ( period = 17.688 ns )                    ; ifmc_top:Top|ifmc_fmb:fmb|fm_se       ; ifmc_top:Top|fm_shell:fmcore|altdpram:I|segment[1][15]~reg_we ; clk        ; clk      ; 20.000 ns                   ; 19.007 ns                 ; 16.695 ns               ;
; 2.313 ns                                ; 56.54 MHz ( period = 17.687 ns )                    ; ifmc_top:Top|ifmc_fmb:fmb|fm_se       ; ifmc_top:Top|fm_shell:fmcore|altdpram:I|segment[0][5]~reg_we  ; clk        ; clk      ; 20.000 ns                   ; 19.007 ns                 ; 16.694 ns               ;
; 2.314 ns                                ; 56.54 MHz ( period = 17.686 ns )                    ; ifmc_top:Top|ifmc_fmb:fmb|fm_se       ; ifmc_top:Top|fm_shell:fmcore|altdpram:I|segment[2][14]~reg_we ; clk        ; clk      ; 20.000 ns                   ; 19.005 ns                 ; 16.691 ns               ;
; 2.319 ns                                ; 56.56 MHz ( period = 17.681 ns )                    ; ifmc_top:Top|ifmc_fmb:fmb|fm_ye       ; ifmc_top:Top|fm_shell:fmcore|altdpram:I|segment[0][29]~reg_we ; clk        ; clk      ; 20.000 ns                   ; 19.013 ns                 ; 16.694 ns               ;
; 2.323 ns                                ; 56.57 MHz ( period = 17.677 ns )                    ; ifmc_top:Top|ifmc_fmb:fmb|fm_se       ; ifmc_top:Top|fm_shell:fmcore|altdpram:I|segment[0][13]~reg_we ; clk        ; clk      ; 20.000 ns                   ; 19.003 ns                 ; 16.680 ns               ;
; 2.325 ns                                ; 56.58 MHz ( period = 17.675 ns )                    ; ifmc_top:Top|ifmc_fmb:fmb|fm_prog     ; ifmc_top:Top|fm_shell:fmcore|altdpram:I|segment[0][4]~reg_we  ; clk        ; clk      ; 20.000 ns                   ; 19.001 ns                 ; 16.676 ns               ;
; 2.327 ns                                ; 56.58 MHz ( period = 17.673 ns )                    ; ifmc_top:Top|ifmc_fmb:fmb|fm_ye       ; ifmc_top:Top|fm_shell:fmcore|altdpram:I|segment[1][20]~reg_we ; clk        ; clk      ; 20.000 ns                   ; 19.011 ns                 ; 16.684 ns               ;
; 2.336 ns                                ; 56.61 MHz ( period = 17.664 ns )                    ; ifmc_top:Top|ifmc_fmb:fmb|fm_prog     ; ifmc_top:Top|fm_shell:fmcore|altdpram:I|segment[1][22]~reg_we ; clk        ; clk      ; 20.000 ns                   ; 19.003 ns                 ; 16.667 ns               ;
; 2.345 ns                                ; 56.64 MHz ( period = 17.655 ns )                    ; ifmc_top:Top|ifmc_fmb:fmb|fm_prog     ; ifmc_top:Top|fm_shell:fmcore|altdpram:I|segment[2][6]~reg_we  ; clk        ; clk      ; 20.000 ns                   ; 18.983 ns                 ; 16.638 ns               ;
; 2.350 ns                                ; 56.66 MHz ( period = 17.650 ns )                    ; ifmc_top:Top|ifmc_fmb:fmb|fm_prog     ; ifmc_top:Top|fm_shell:fmcore|altdpram:I|segment[1][0]~reg_we  ; clk        ; clk      ; 20.000 ns                   ; 18.997 ns                 ; 16.647 ns               ;
; 2.354 ns                                ; 56.67 MHz ( period = 17.646 ns )                    ; ifmc_top:Top|ifmc_fmb:fmb|fm_ye       ; ifmc_top:Top|fm_shell:fmcore|altdpram:I|segment[0][6]~reg_we  ; clk        ; clk      ; 20.000 ns                   ; 19.005 ns                 ; 16.651 ns               ;
; 2.362 ns                                ; 56.70 MHz ( period = 17.638 ns )                    ; ifmc_top:Top|ifmc_fmb:fmb|fm_prog     ; ifmc_top:Top|fm_shell:fmcore|altdpram:I|segment[0][20]~reg_we ; clk        ; clk      ; 20.000 ns                   ; 19.019 ns                 ; 16.657 ns               ;
; 2.365 ns                                ; 56.71 MHz ( period = 17.635 ns )                    ; ifmc_top:Top|ifmc_fmb:fmb|fm_ye       ; ifmc_top:Top|fm_shell:fmcore|altdpram:I|segment[3][22]~reg_we ; clk        ; clk      ; 20.000 ns                   ; 19.013 ns                 ; 16.648 ns               ;
; 2.366 ns                                ; 56.71 MHz ( period = 17.634 ns )                    ; ifmc_top:Top|ifmc_fmb:fmb|fm_se       ; ifmc_top:Top|fm_shell:fmcore|altdpram:I|segment[0][4]~reg_we  ; clk        ; clk      ; 20.000 ns                   ; 19.001 ns                 ; 16.635 ns               ;
; 2.374 ns                                ; 56.73 MHz ( period = 17.626 ns )                    ; ifmc_top:Top|ifmc_fmb:fmb|fm_prog     ; ifmc_top:Top|fm_shell:fmcore|altdpram:I|segment[0][8]~reg_we  ; clk        ; clk      ; 20.000 ns                   ; 19.015 ns                 ; 16.641 ns               ;
; 2.377 ns                                ; 56.74 MHz ( period = 17.623 ns )                    ; ifmc_top:Top|ifmc_fmb:fmb|fm_se       ; ifmc_top:Top|fm_shell:fmcore|altdpram:I|segment[1][22]~reg_we ; clk        ; clk      ; 20.000 ns                   ; 19.003 ns                 ; 16.626 ns               ;
; 2.380 ns                                ; 56.75 MHz ( period = 17.620 ns )                    ; ifmc_top:Top|ifmc_fmb:fmb|fm_ye       ; ifmc_top:Top|fm_shell:fmcore|altdpram:I|segment[1][15]~reg_we ; clk        ; clk      ; 20.000 ns                   ; 19.007 ns                 ; 16.627 ns               ;
; 2.381 ns                                ; 56.76 MHz ( period = 17.619 ns )                    ; ifmc_top:Top|ifmc_fmb:fmb|fm_ye       ; ifmc_top:Top|fm_shell:fmcore|altdpram:I|segment[0][5]~reg_we  ; clk        ; clk      ; 20.000 ns                   ; 19.007 ns                 ; 16.626 ns               ;
; 2.382 ns                                ; 56.76 MHz ( period = 17.618 ns )                    ; ifmc_top:Top|ifmc_fmb:fmb|fm_ye       ; ifmc_top:Top|fm_shell:fmcore|altdpram:I|segment[2][14]~reg_we ; clk        ; clk      ; 20.000 ns                   ; 19.005 ns                 ; 16.623 ns               ;
; 2.386 ns                                ; 56.77 MHz ( period = 17.614 ns )                    ; ifmc_top:Top|ifmc_fmb:fmb|fm_se       ; ifmc_top:Top|fm_shell:fmcore|altdpram:I|segment[2][6]~reg_we  ; clk        ; clk      ; 20.000 ns                   ; 18.983 ns                 ; 16.597 ns               ;
; 2.391 ns                                ; 56.79 MHz ( period = 17.609 ns )                    ; ifmc_top:Top|ifmc_fmb:fmb|fm_se       ; ifmc_top:Top|fm_shell:fmcore|altdpram:I|segment[1][0]~reg_we  ; clk        ; clk      ; 20.000 ns                   ; 18.997 ns                 ; 16.606 ns               ;
; 2.391 ns                                ; 56.79 MHz ( period = 17.609 ns )                    ; ifmc_top:Top|ifmc_fmb:fmb|fm_ye       ; ifmc_top:Top|fm_shell:fmcore|altdpram:I|segment[0][13]~reg_we ; clk        ; clk      ; 20.000 ns                   ; 19.003 ns                 ; 16.612 ns               ;
; 2.392 ns                                ; 56.79 MHz ( period = 17.608 ns )                    ; ifmc_top:Top|ifmc_fmb:fmb|fm_prog     ; ifmc_top:Top|fm_shell:fmcore|altdpram:I|segment[1][16]~reg_we ; clk        ; clk      ; 20.000 ns                   ; 19.001 ns                 ; 16.609 ns               ;
; 2.403 ns                                ; 56.83 MHz ( period = 17.597 ns )                    ; ifmc_top:Top|ifmc_fmb:fmb|fm_se       ; ifmc_top:Top|fm_shell:fmcore|altdpram:I|segment[0][20]~reg_we ; clk        ; clk      ; 20.000 ns                   ; 19.019 ns                 ; 16.616 ns               ;
; 2.415 ns                                ; 56.87 MHz ( period = 17.585 ns )                    ; ifmc_top:Top|ifmc_fmb:fmb|fm_se       ; ifmc_top:Top|fm_shell:fmcore|altdpram:I|segment[0][8]~reg_we  ; clk        ; clk      ; 20.000 ns                   ; 19.015 ns                 ; 16.600 ns               ;
; 2.428 ns                                ; 56.91 MHz ( period = 17.572 ns )                    ; ifmc_top:Top|ifmc_fmb:fmb|fm_prog     ; ifmc_top:Top|fm_shell:fmcore|altdpram:I|segment[1][6]~reg_we  ; clk        ; clk      ; 20.000 ns                   ; 18.995 ns                 ; 16.567 ns               ;
; 2.433 ns                                ; 56.92 MHz ( period = 17.567 ns )                    ; ifmc_top:Top|ifmc_fmb:fmb|fm_se       ; ifmc_top:Top|fm_shell:fmcore|altdpram:I|segment[1][16]~reg_we ; clk        ; clk      ; 20.000 ns                   ; 19.001 ns                 ; 16.568 ns               ;
; 2.434 ns                                ; 56.93 MHz ( period = 17.566 ns )                    ; ifmc_top:Top|ifmc_fmb:fmb|fm_ye       ; ifmc_top:Top|fm_shell:fmcore|altdpram:I|segment[0][4]~reg_we  ; clk        ; clk      ; 20.000 ns                   ; 19.001 ns                 ; 16.567 ns               ;
; 2.445 ns                                ; 56.96 MHz ( period = 17.555 ns )                    ; ifmc_top:Top|ifmc_fmb:fmb|fm_ye       ; ifmc_top:Top|fm_shell:fmcore|altdpram:I|segment[1][22]~reg_we ; clk        ; clk      ; 20.000 ns                   ; 19.003 ns                 ; 16.558 ns               ;
; 2.448 ns                                ; 56.97 MHz ( period = 17.552 ns )                    ; ifmc_top:Top|ifmc_fmb:fmb|fm_erase    ; ifmc_top:Top|fm_shell:fmcore|altdpram:I|segment[3][6]~reg_we  ; clk        ; clk      ; 20.000 ns                   ; 18.987 ns                 ; 16.539 ns               ;
; 2.451 ns                                ; 56.98 MHz ( period = 17.549 ns )                    ; ifmc_top:Top|ifmc_fmb:fmb|fm_prog     ; ifmc_top:Top|fm_shell:fmcore|altdpram:I|segment[2][8]~reg_we  ; clk        ; clk      ; 20.000 ns                   ; 18.981 ns                 ; 16.530 ns               ;
; 2.453 ns                                ; 56.99 MHz ( period = 17.547 ns )                    ; ifmc_top:Top|ifmc_fmb:fmb|fm_prog     ; ifmc_top:Top|fm_shell:fmcore|altdpram:I|segment[2][7]~reg_we  ; clk        ; clk      ; 20.000 ns                   ; 18.999 ns                 ; 16.546 ns               ;
; 2.454 ns                                ; 56.99 MHz ( period = 17.546 ns )                    ; ifmc_top:Top|ifmc_fmb:fmb|fm_ye       ; ifmc_top:Top|fm_shell:fmcore|altdpram:I|segment[2][6]~reg_we  ; clk        ; clk      ; 20.000 ns                   ; 18.983 ns                 ; 16.529 ns               ;
; 2.459 ns                                ; 57.01 MHz ( period = 17.541 ns )                    ; ifmc_top:Top|ifmc_fmb:fmb|fm_ye       ; ifmc_top:Top|fm_shell:fmcore|altdpram:I|segment[1][0]~reg_we  ; clk        ; clk      ; 20.000 ns                   ; 18.997 ns                 ; 16.538 ns               ;
; 2.469 ns                                ; 57.04 MHz ( period = 17.531 ns )                    ; ifmc_top:Top|ifmc_fmb:fmb|fm_se       ; ifmc_top:Top|fm_shell:fmcore|altdpram:I|segment[1][6]~reg_we  ; clk        ; clk      ; 20.000 ns                   ; 18.995 ns                 ; 16.526 ns               ;
; 2.471 ns                                ; 57.05 MHz ( period = 17.529 ns )                    ; ifmc_top:Top|ifmc_fmb:fmb|fm_ye       ; ifmc_top:Top|fm_shell:fmcore|altdpram:I|segment[0][20]~reg_we ; clk        ; clk      ; 20.000 ns                   ; 19.019 ns                 ; 16.548 ns               ;
; 2.482 ns                                ; 57.08 MHz ( period = 17.518 ns )                    ; ifmc_top:Top|ifmc_fmb:fmb|fm_erase    ; ifmc_top:Top|fm_shell:fmcore|altdpram:I|segment[2][0]~reg_we  ; clk        ; clk      ; 20.000 ns                   ; 18.989 ns                 ; 16.507 ns               ;
; 2.483 ns                                ; 57.09 MHz ( period = 17.517 ns )                    ; ifmc_top:Top|ifmc_fmb:fmb|fm_ye       ; ifmc_top:Top|fm_shell:fmcore|altdpram:I|segment[0][8]~reg_we  ; clk        ; clk      ; 20.000 ns                   ; 19.015 ns                 ; 16.532 ns               ;
; 2.492 ns                                ; 57.12 MHz ( period = 17.508 ns )                    ; ifmc_top:Top|ifmc_fmb:fmb|fm_se       ; ifmc_top:Top|fm_shell:fmcore|altdpram:I|segment[2][8]~reg_we  ; clk        ; clk      ; 20.000 ns                   ; 18.981 ns                 ; 16.489 ns               ;
; 2.494 ns                                ; 57.12 MHz ( period = 17.506 ns )                    ; ifmc_top:Top|ifmc_fmb:fmb|fm_se       ; ifmc_top:Top|fm_shell:fmcore|altdpram:I|segment[2][7]~reg_we  ; clk        ; clk      ; 20.000 ns                   ; 18.999 ns                 ; 16.505 ns               ;
; 2.494 ns                                ; 57.12 MHz ( period = 17.506 ns )                    ; ifmc_top:Top|ifmc_fmb:fmb|fm_erase    ; ifmc_top:Top|fm_shell:fmcore|altdpram:I|segment[3][7]~reg_we  ; clk        ; clk      ; 20.000 ns                   ; 19.011 ns                 ; 16.517 ns               ;
; 2.501 ns                                ; 57.15 MHz ( period = 17.499 ns )                    ; ifmc_top:Top|ifmc_fmb:fmb|fm_ye       ; ifmc_top:Top|fm_shell:fmcore|altdpram:I|segment[1][16]~reg_we ; clk        ; clk      ; 20.000 ns                   ; 19.001 ns                 ; 16.500 ns               ;
; 2.501 ns                                ; 57.15 MHz ( period = 17.499 ns )                    ; ifmc_top:Top|ifmc_fmb:fmb|fm_prog     ; ifmc_top:Top|fm_shell:fmcore|altdpram:I|segment[0][25]~reg_we ; clk        ; clk      ; 20.000 ns                   ; 18.993 ns                 ; 16.492 ns               ;
; 2.516 ns                                ; 57.20 MHz ( period = 17.484 ns )                    ; ifmc_top:Top|ifmc_fmb:fmb|fm_prog     ; ifmc_top:Top|fm_shell:fmcore|altdpram:I|segment[2][2]~reg_we  ; clk        ; clk      ; 20.000 ns                   ; 18.995 ns                 ; 16.479 ns               ;
; 2.517 ns                                ; 57.20 MHz ( period = 17.483 ns )                    ; ifmc_top:Top|ifmc_fmb:fmb|fm_prog     ; ifmc_top:Top|fm_shell:fmcore|altdpram:I|segment[3][2]~reg_we  ; clk        ; clk      ; 20.000 ns                   ; 18.999 ns                 ; 16.482 ns               ;
; 2.537 ns                                ; 57.26 MHz ( period = 17.463 ns )                    ; ifmc_top:Top|ifmc_fmb:fmb|fm_ye       ; ifmc_top:Top|fm_shell:fmcore|altdpram:I|segment[1][6]~reg_we  ; clk        ; clk      ; 20.000 ns                   ; 18.995 ns                 ; 16.458 ns               ;
; 2.542 ns                                ; 57.28 MHz ( period = 17.458 ns )                    ; ifmc_top:Top|ifmc_fmb:fmb|fm_se       ; ifmc_top:Top|fm_shell:fmcore|altdpram:I|segment[0][25]~reg_we ; clk        ; clk      ; 20.000 ns                   ; 18.993 ns                 ; 16.451 ns               ;
; 2.557 ns                                ; 57.33 MHz ( period = 17.443 ns )                    ; ifmc_top:Top|ifmc_fmb:fmb|fm_se       ; ifmc_top:Top|fm_shell:fmcore|altdpram:I|segment[2][2]~reg_we  ; clk        ; clk      ; 20.000 ns                   ; 18.995 ns                 ; 16.438 ns               ;
; 2.558 ns                                ; 57.33 MHz ( period = 17.442 ns )                    ; ifmc_top:Top|ifmc_fmb:fmb|fm_se       ; ifmc_top:Top|fm_shell:fmcore|altdpram:I|segment[3][2]~reg_we  ; clk        ; clk      ; 20.000 ns                   ; 18.999 ns                 ; 16.441 ns               ;
; 2.559 ns                                ; 57.34 MHz ( period = 17.441 ns )                    ; ifmc_top:Top|ifmc_fmb:fmb|fm_erase    ; ifmc_top:Top|fm_shell:fmcore|altdpram:I|segment[3][13]~reg_we ; clk        ; clk      ; 20.000 ns                   ; 18.985 ns                 ; 16.426 ns               ;
; 2.560 ns                                ; 57.34 MHz ( period = 17.440 ns )                    ; ifmc_top:Top|ifmc_fmb:fmb|fm_ye       ; ifmc_top:Top|fm_shell:fmcore|altdpram:I|segment[2][8]~reg_we  ; clk        ; clk      ; 20.000 ns                   ; 18.981 ns                 ; 16.421 ns               ;
; 2.562 ns                                ; 57.35 MHz ( period = 17.438 ns )                    ; ifmc_top:Top|ifmc_fmb:fmb|fm_ye       ; ifmc_top:Top|fm_shell:fmcore|altdpram:I|segment[2][7]~reg_we  ; clk        ; clk      ; 20.000 ns                   ; 18.999 ns                 ; 16.437 ns               ;
; 2.562 ns                                ; 57.35 MHz ( period = 17.438 ns )                    ; ifmc_top:Top|ifmc_fmb:fmb|fm_nvstr    ; ifmc_top:Top|fm_shell:fmcore|altdpram:I|segment[3][6]~reg_we  ; clk        ; clk      ; 20.000 ns                   ; 18.987 ns                 ; 16.425 ns               ;
; 2.579 ns                                ; 57.40 MHz ( period = 17.421 ns )                    ; ifmc_top:Top|ifmc_fmb:fmb|fm_erase    ; ifmc_top:Top|fm_shell:fmcore|altdpram:I|segment[2][15]~reg_we ; clk        ; clk      ; 20.000 ns                   ; 19.017 ns                 ; 16.438 ns               ;
; 2.596 ns                                ; 57.46 MHz ( period = 17.404 ns )                    ; ifmc_top:Top|ifmc_fmb:fmb|fm_nvstr    ; ifmc_top:Top|fm_shell:fmcore|altdpram:I|segment[2][0]~reg_we  ; clk        ; clk      ; 20.000 ns                   ; 18.989 ns                 ; 16.393 ns               ;
; 2.599 ns                                ; 57.47 MHz ( period = 17.401 ns )                    ; ifmc_top:Top|ifmc_fmb:fmb|fm_erase    ; ifmc_top:Top|fm_shell:fmcore|altdpram:I|segment[1][5]~reg_we  ; clk        ; clk      ; 20.000 ns                   ; 19.009 ns                 ; 16.410 ns               ;
; 2.608 ns                                ; 57.50 MHz ( period = 17.392 ns )                    ; ifmc_top:Top|ifmc_fmb:fmb|fm_nvstr    ; ifmc_top:Top|fm_shell:fmcore|altdpram:I|segment[3][7]~reg_we  ; clk        ; clk      ; 20.000 ns                   ; 19.011 ns                 ; 16.403 ns               ;
; 2.610 ns                                ; 57.50 MHz ( period = 17.390 ns )                    ; ifmc_top:Top|ifmc_fmb:fmb|fm_ye       ; ifmc_top:Top|fm_shell:fmcore|altdpram:I|segment[0][25]~reg_we ; clk        ; clk      ; 20.000 ns                   ; 18.993 ns                 ; 16.383 ns               ;
; 2.615 ns                                ; 57.52 MHz ( period = 17.385 ns )                    ; ifmc_top:Top|ifmc_fmb:fmb|fm_erase    ; ifmc_top:Top|fm_shell:fmcore|altdpram:I|segment[2][30]~reg_we ; clk        ; clk      ; 20.000 ns                   ; 19.017 ns                 ; 16.402 ns               ;
; 2.625 ns                                ; 57.55 MHz ( period = 17.375 ns )                    ; ifmc_top:Top|ifmc_fmb:fmb|fm_ye       ; ifmc_top:Top|fm_shell:fmcore|altdpram:I|segment[2][2]~reg_we  ; clk        ; clk      ; 20.000 ns                   ; 18.995 ns                 ; 16.370 ns               ;
; 2.625 ns                                ; 57.55 MHz ( period = 17.375 ns )                    ; ifmc_top:Top|ifmc_fmb:fmb|fm_erase    ; ifmc_top:Top|fm_shell:fmcore|altdpram:I|segment[2][13]~reg_we ; clk        ; clk      ; 20.000 ns                   ; 19.015 ns                 ; 16.390 ns               ;
; 2.626 ns                                ; 57.56 MHz ( period = 17.374 ns )                    ; ifmc_top:Top|ifmc_fmb:fmb|fm_ye       ; ifmc_top:Top|fm_shell:fmcore|altdpram:I|segment[3][2]~reg_we  ; clk        ; clk      ; 20.000 ns                   ; 18.999 ns                 ; 16.373 ns               ;
; 2.626 ns                                ; 57.56 MHz ( period = 17.374 ns )                    ; ifmc_top:Top|ifmc_fmb:fmb|fm_erase    ; ifmc_top:Top|fm_shell:fmcore|altdpram:I|segment[3][8]~reg_we  ; clk        ; clk      ; 20.000 ns                   ; 19.009 ns                 ; 16.383 ns               ;
; 2.631 ns                                ; 57.57 MHz ( period = 17.369 ns )                    ; ifmc_top:Top|ifmc_fmb:fmb|fm_prog     ; ifmc_top:Top|fm_shell:fmcore|altdpram:I|segment[3][18]~reg_we ; clk        ; clk      ; 20.000 ns                   ; 18.993 ns                 ; 16.362 ns               ;
; 2.639 ns                                ; 57.60 MHz ( period = 17.361 ns )                    ; ifmc_top:Top|ifmc_fmb:fmb|fm_prog     ; ifmc_top:Top|fm_shell:fmcore|altdpram:I|segment[3][5]~reg_we  ; clk        ; clk      ; 20.000 ns                   ; 18.991 ns                 ; 16.352 ns               ;
; 2.642 ns                                ; 57.61 MHz ( period = 17.358 ns )                    ; ifmc_top:Top|ifmc_fmb:fmb|fm_prog     ; ifmc_top:Top|fm_shell:fmcore|altdpram:I|segment[3][9]~reg_we  ; clk        ; clk      ; 20.000 ns                   ; 18.983 ns                 ; 16.341 ns               ;
; 2.644 ns                                ; 57.62 MHz ( period = 17.356 ns )                    ; ifmc_top:Top|ifmc_fmb:fmb|fm_prog     ; ifmc_top:Top|fm_shell:fmcore|altdpram:I|segment[0][9]~reg_we  ; clk        ; clk      ; 20.000 ns                   ; 18.981 ns                 ; 16.337 ns               ;
; 2.653 ns                                ; 57.65 MHz ( period = 17.347 ns )                    ; ifmc_top:Top|ifmc_fmb:fmb|fm_erase    ; ifmc_top:Top|fm_shell:fmcore|altdpram:I|segment[0][29]~reg_we ; clk        ; clk      ; 20.000 ns                   ; 19.013 ns                 ; 16.360 ns               ;
; 2.658 ns                                ; 57.66 MHz ( period = 17.342 ns )                    ; ifmc_top:Top|ifmc_fmb:fmb|fm_prog     ; ifmc_top:Top|fm_shell:fmcore|altdpram:I|segment[1][9]~reg_we  ; clk        ; clk      ; 20.000 ns                   ; 18.985 ns                 ; 16.327 ns               ;
; 2.661 ns                                ; 57.67 MHz ( period = 17.339 ns )                    ; ifmc_top:Top|ifmc_fmb:fmb|fm_erase    ; ifmc_top:Top|fm_shell:fmcore|altdpram:I|segment[1][20]~reg_we ; clk        ; clk      ; 20.000 ns                   ; 19.011 ns                 ; 16.350 ns               ;
; 2.667 ns                                ; 57.69 MHz ( period = 17.333 ns )                    ; ifmc_top:Top|ifmc_fmb:fmb|fm_prog     ; ifmc_top:Top|fm_shell:fmcore|altdpram:I|segment[2][11]~reg_we ; clk        ; clk      ; 20.000 ns                   ; 18.979 ns                 ; 16.312 ns               ;
; 2.672 ns                                ; 57.71 MHz ( period = 17.328 ns )                    ; ifmc_top:Top|ifmc_fmb:fmb|fm_se       ; ifmc_top:Top|fm_shell:fmcore|altdpram:I|segment[3][18]~reg_we ; clk        ; clk      ; 20.000 ns                   ; 18.993 ns                 ; 16.321 ns               ;
; 2.673 ns                                ; 57.71 MHz ( period = 17.327 ns )                    ; ifmc_top:Top|ifmc_fmb:fmb|fm_nvstr    ; ifmc_top:Top|fm_shell:fmcore|altdpram:I|segment[3][13]~reg_we ; clk        ; clk      ; 20.000 ns                   ; 18.985 ns                 ; 16.312 ns               ;
; 2.675 ns                                ; 57.72 MHz ( period = 17.325 ns )                    ; ifmc_top:Top|fm_shell:fmcore|tcnt[19] ; ifmc_top:Top|fm_shell:fmcore|altdpram:I|segment[3][6]~reg_we  ; clk        ; clk      ; 20.000 ns                   ; 18.977 ns                 ; 16.302 ns               ;
; 2.680 ns                                ; 57.74 MHz ( period = 17.320 ns )                    ; ifmc_top:Top|ifmc_fmb:fmb|fm_se       ; ifmc_top:Top|fm_shell:fmcore|altdpram:I|segment[3][5]~reg_we  ; clk        ; clk      ; 20.000 ns                   ; 18.991 ns                 ; 16.311 ns               ;
; 2.683 ns                                ; 57.75 MHz ( period = 17.317 ns )                    ; ifmc_top:Top|ifmc_fmb:fmb|fm_se       ; ifmc_top:Top|fm_shell:fmcore|altdpram:I|segment[3][9]~reg_we  ; clk        ; clk      ; 20.000 ns                   ; 18.983 ns                 ; 16.300 ns               ;
; 2.685 ns                                ; 57.75 MHz ( period = 17.315 ns )                    ; ifmc_top:Top|ifmc_fmb:fmb|fm_se       ; ifmc_top:Top|fm_shell:fmcore|altdpram:I|segment[0][9]~reg_we  ; clk        ; clk      ; 20.000 ns                   ; 18.981 ns                 ; 16.296 ns               ;
; 2.688 ns                                ; 57.76 MHz ( period = 17.312 ns )                    ; ifmc_top:Top|ifmc_fmb:fmb|fm_erase    ; ifmc_top:Top|fm_shell:fmcore|altdpram:I|segment[0][6]~reg_we  ; clk        ; clk      ; 20.000 ns                   ; 19.005 ns                 ; 16.317 ns               ;
; 2.693 ns                                ; 57.78 MHz ( period = 17.307 ns )                    ; ifmc_top:Top|ifmc_fmb:fmb|fm_nvstr    ; ifmc_top:Top|fm_shell:fmcore|altdpram:I|segment[2][15]~reg_we ; clk        ; clk      ; 20.000 ns                   ; 19.017 ns                 ; 16.324 ns               ;
; 2.697 ns                                ; 57.79 MHz ( period = 17.303 ns )                    ; ifmc_top:Top|ifmc_fmb:fmb|fm_prog     ; ifmc_top:Top|fm_shell:fmcore|altdpram:I|segment[0][22]~reg_we ; clk        ; clk      ; 20.000 ns                   ; 18.997 ns                 ; 16.300 ns               ;
; 2.699 ns                                ; 57.80 MHz ( period = 17.301 ns )                    ; ifmc_top:Top|ifmc_fmb:fmb|fm_se       ; ifmc_top:Top|fm_shell:fmcore|altdpram:I|segment[1][9]~reg_we  ; clk        ; clk      ; 20.000 ns                   ; 18.985 ns                 ; 16.286 ns               ;
; 2.699 ns                                ; 57.80 MHz ( period = 17.301 ns )                    ; ifmc_top:Top|ifmc_fmb:fmb|fm_erase    ; ifmc_top:Top|fm_shell:fmcore|altdpram:I|segment[3][22]~reg_we ; clk        ; clk      ; 20.000 ns                   ; 19.013 ns                 ; 16.314 ns               ;
; 2.705 ns                                ; 57.82 MHz ( period = 17.295 ns )                    ; ifmc_top:Top|ifmc_fmb:fmb|fm_prog     ; ifmc_top:Top|fm_shell:fmcore|altdpram:I|segment[3][30]~reg_we ; clk        ; clk      ; 20.000 ns                   ; 19.017 ns                 ; 16.312 ns               ;
; 2.708 ns                                ; 57.83 MHz ( period = 17.292 ns )                    ; ifmc_top:Top|ifmc_fmb:fmb|fm_se       ; ifmc_top:Top|fm_shell:fmcore|altdpram:I|segment[2][11]~reg_we ; clk        ; clk      ; 20.000 ns                   ; 18.979 ns                 ; 16.271 ns               ;
; 2.709 ns                                ; 57.83 MHz ( period = 17.291 ns )                    ; ifmc_top:Top|fm_shell:fmcore|tcnt[19] ; ifmc_top:Top|fm_shell:fmcore|altdpram:I|segment[2][0]~reg_we  ; clk        ; clk      ; 20.000 ns                   ; 18.979 ns                 ; 16.270 ns               ;
; 2.713 ns                                ; 57.85 MHz ( period = 17.287 ns )                    ; ifmc_top:Top|ifmc_fmb:fmb|fm_nvstr    ; ifmc_top:Top|fm_shell:fmcore|altdpram:I|segment[1][5]~reg_we  ; clk        ; clk      ; 20.000 ns                   ; 19.009 ns                 ; 16.296 ns               ;
; 2.714 ns                                ; 57.85 MHz ( period = 17.286 ns )                    ; ifmc_top:Top|ifmc_fmb:fmb|fm_erase    ; ifmc_top:Top|fm_shell:fmcore|altdpram:I|segment[1][15]~reg_we ; clk        ; clk      ; 20.000 ns                   ; 19.007 ns                 ; 16.293 ns               ;
; 2.715 ns                                ; 57.85 MHz ( period = 17.285 ns )                    ; ifmc_top:Top|ifmc_fmb:fmb|fm_erase    ; ifmc_top:Top|fm_shell:fmcore|altdpram:I|segment[0][5]~reg_we  ; clk        ; clk      ; 20.000 ns                   ; 19.007 ns                 ; 16.292 ns               ;
; 2.716 ns                                ; 57.86 MHz ( period = 17.284 ns )                    ; ifmc_top:Top|ifmc_fmb:fmb|fm_erase    ; ifmc_top:Top|fm_shell:fmcore|altdpram:I|segment[2][14]~reg_we ; clk        ; clk      ; 20.000 ns                   ; 19.005 ns                 ; 16.289 ns               ;
; 2.721 ns                                ; 57.87 MHz ( period = 17.279 ns )                    ; ifmc_top:Top|fm_shell:fmcore|tcnt[19] ; ifmc_top:Top|fm_shell:fmcore|altdpram:I|segment[3][7]~reg_we  ; clk        ; clk      ; 20.000 ns                   ; 19.001 ns                 ; 16.280 ns               ;
; 2.725 ns                                ; 57.89 MHz ( period = 17.275 ns )                    ; ifmc_top:Top|ifmc_fmb:fmb|fm_erase    ; ifmc_top:Top|fm_shell:fmcore|altdpram:I|segment[0][13]~reg_we ; clk        ; clk      ; 20.000 ns                   ; 19.003 ns                 ; 16.278 ns               ;
; 2.729 ns                                ; 57.90 MHz ( period = 17.271 ns )                    ; ifmc_top:Top|ifmc_fmb:fmb|fm_nvstr    ; ifmc_top:Top|fm_shell:fmcore|altdpram:I|segment[2][30]~reg_we ; clk        ; clk      ; 20.000 ns                   ; 19.017 ns                 ; 16.288 ns               ;
; 2.732 ns                                ; 57.91 MHz ( period = 17.268 ns )                    ; ifmc_top:Top|ifmc_fmb:fmb|fm_prog     ; ifmc_top:Top|fm_shell:fmcore|altdpram:I|segment[2][21]~reg_we ; clk        ; clk      ; 20.000 ns                   ; 18.989 ns                 ; 16.257 ns               ;
; 2.738 ns                                ; 57.93 MHz ( period = 17.262 ns )                    ; ifmc_top:Top|ifmc_fmb:fmb|fm_se       ; ifmc_top:Top|fm_shell:fmcore|altdpram:I|segment[0][22]~reg_we ; clk        ; clk      ; 20.000 ns                   ; 18.997 ns                 ; 16.259 ns               ;
; 2.739 ns                                ; 57.93 MHz ( period = 17.261 ns )                    ; ifmc_top:Top|ifmc_fmb:fmb|fm_nvstr    ; ifmc_top:Top|fm_shell:fmcore|altdpram:I|segment[2][13]~reg_we ; clk        ; clk      ; 20.000 ns                   ; 19.015 ns                 ; 16.276 ns               ;
; 2.740 ns                                ; 57.94 MHz ( period = 17.260 ns )                    ; ifmc_top:Top|ifmc_fmb:fmb|fm_nvstr    ; ifmc_top:Top|fm_shell:fmcore|altdpram:I|segment[3][8]~reg_we  ; clk        ; clk      ; 20.000 ns                   ; 19.009 ns                 ; 16.269 ns               ;
; 2.740 ns                                ; 57.94 MHz ( period = 17.260 ns )                    ; ifmc_top:Top|ifmc_fmb:fmb|fm_ye       ; ifmc_top:Top|fm_shell:fmcore|altdpram:I|segment[3][18]~reg_we ; clk        ; clk      ; 20.000 ns                   ; 18.993 ns                 ; 16.253 ns               ;
; 2.746 ns                                ; 57.96 MHz ( period = 17.254 ns )                    ; ifmc_top:Top|ifmc_fmb:fmb|fm_se       ; ifmc_top:Top|fm_shell:fmcore|altdpram:I|segment[3][30]~reg_we ; clk        ; clk      ; 20.000 ns                   ; 19.017 ns                 ; 16.271 ns               ;
; 2.748 ns                                ; 57.96 MHz ( period = 17.252 ns )                    ; ifmc_top:Top|ifmc_fmb:fmb|fm_ye       ; ifmc_top:Top|fm_shell:fmcore|altdpram:I|segment[3][5]~reg_we  ; clk        ; clk      ; 20.000 ns                   ; 18.991 ns                 ; 16.243 ns               ;
; 2.751 ns                                ; 57.97 MHz ( period = 17.249 ns )                    ; ifmc_top:Top|ifmc_fmb:fmb|fm_ye       ; ifmc_top:Top|fm_shell:fmcore|altdpram:I|segment[3][9]~reg_we  ; clk        ; clk      ; 20.000 ns                   ; 18.983 ns                 ; 16.232 ns               ;
; 2.753 ns                                ; 57.98 MHz ( period = 17.247 ns )                    ; ifmc_top:Top|ifmc_fmb:fmb|fm_ye       ; ifmc_top:Top|fm_shell:fmcore|altdpram:I|segment[0][9]~reg_we  ; clk        ; clk      ; 20.000 ns                   ; 18.981 ns                 ; 16.228 ns               ;
; 2.762 ns                                ; 58.01 MHz ( period = 17.238 ns )                    ; ifmc_top:Top|ifmc_fmb:fmb|fm_se       ; ifmc_top:Top|fm_shell:fmcore|altdpram:I_1|q[17]~reg_we        ; clk        ; clk      ; 20.000 ns                   ; 18.987 ns                 ; 16.225 ns               ;
; 2.764 ns                                ; 58.02 MHz ( period = 17.236 ns )                    ; ifmc_top:Top|ifmc_fmb:fmb|fm_se       ; ifmc_top:Top|fm_shell:fmcore|altdpram:I_1|q[7]~reg_we         ; clk        ; clk      ; 20.000 ns                   ; 18.987 ns                 ; 16.223 ns               ;
; 2.764 ns                                ; 58.02 MHz ( period = 17.236 ns )                    ; ifmc_top:Top|ifmc_fmb:fmb|fm_erase    ; ifmc_top:Top|fm_shell:fmcore|altdpram:I_1|q[17]~reg_we        ; clk        ; clk      ; 20.000 ns                   ; 18.987 ns                 ; 16.223 ns               ;
; 2.766 ns                                ; 58.02 MHz ( period = 17.234 ns )                    ; ifmc_top:Top|ifmc_fmb:fmb|fm_erase    ; ifmc_top:Top|fm_shell:fmcore|altdpram:I_1|q[7]~reg_we         ; clk        ; clk      ; 20.000 ns                   ; 18.987 ns                 ; 16.221 ns               ;
; 2.767 ns                                ; 58.03 MHz ( period = 17.233 ns )                    ; ifmc_top:Top|ifmc_fmb:fmb|fm_se       ; ifmc_top:Top|fm_shell:fmcore|altdpram:I_1|q[0]~reg_we         ; clk        ; clk      ; 20.000 ns                   ; 18.987 ns                 ; 16.220 ns               ;
; 2.767 ns                                ; 58.03 MHz ( period = 17.233 ns )                    ; ifmc_top:Top|ifmc_fmb:fmb|fm_ye       ; ifmc_top:Top|fm_shell:fmcore|altdpram:I|segment[1][9]~reg_we  ; clk        ; clk      ; 20.000 ns                   ; 18.985 ns                 ; 16.218 ns               ;
; 2.767 ns                                ; 58.03 MHz ( period = 17.233 ns )                    ; ifmc_top:Top|ifmc_fmb:fmb|fm_nvstr    ; ifmc_top:Top|fm_shell:fmcore|altdpram:I|segment[0][29]~reg_we ; clk        ; clk      ; 20.000 ns                   ; 19.013 ns                 ; 16.246 ns               ;
; 2.768 ns                                ; 58.03 MHz ( period = 17.232 ns )                    ; ifmc_top:Top|ifmc_fmb:fmb|fm_erase    ; ifmc_top:Top|fm_shell:fmcore|altdpram:I|segment[0][4]~reg_we  ; clk        ; clk      ; 20.000 ns                   ; 19.001 ns                 ; 16.233 ns               ;
; 2.769 ns                                ; 58.03 MHz ( period = 17.231 ns )                    ; ifmc_top:Top|ifmc_fmb:fmb|fm_erase    ; ifmc_top:Top|fm_shell:fmcore|altdpram:I_1|q[0]~reg_we         ; clk        ; clk      ; 20.000 ns                   ; 18.987 ns                 ; 16.218 ns               ;
; 2.770 ns                                ; 58.04 MHz ( period = 17.230 ns )                    ; ifmc_top:Top|ifmc_fmb:fmb|fm_se       ; ifmc_top:Top|fm_shell:fmcore|altdpram:I_1|q[6]~reg_we         ; clk        ; clk      ; 20.000 ns                   ; 18.987 ns                 ; 16.217 ns               ;
; 2.772 ns                                ; 58.05 MHz ( period = 17.228 ns )                    ; ifmc_top:Top|ifmc_fmb:fmb|fm_erase    ; ifmc_top:Top|fm_shell:fmcore|altdpram:I_1|q[6]~reg_we         ; clk        ; clk      ; 20.000 ns                   ; 18.987 ns                 ; 16.215 ns               ;
; 2.773 ns                                ; 58.05 MHz ( period = 17.227 ns )                    ; ifmc_top:Top|ifmc_fmb:fmb|fm_se       ; ifmc_top:Top|fm_shell:fmcore|altdpram:I|segment[2][21]~reg_we ; clk        ; clk      ; 20.000 ns                   ; 18.989 ns                 ; 16.216 ns               ;
; 2.774 ns                                ; 58.05 MHz ( period = 17.226 ns )                    ; ifmc_top:Top|fm_shell:fmcore|tcnt[2]  ; ifmc_top:Top|fm_shell:fmcore|altdpram:I|segment[3][6]~reg_we  ; clk        ; clk      ; 20.000 ns                   ; 18.977 ns                 ; 16.203 ns               ;
; 2.775 ns                                ; 58.06 MHz ( period = 17.225 ns )                    ; ifmc_top:Top|ifmc_fmb:fmb|fm_nvstr    ; ifmc_top:Top|fm_shell:fmcore|altdpram:I|segment[1][20]~reg_we ; clk        ; clk      ; 20.000 ns                   ; 19.011 ns                 ; 16.236 ns               ;
; 2.776 ns                                ; 58.06 MHz ( period = 17.224 ns )                    ; ifmc_top:Top|ifmc_fmb:fmb|fm_ye       ; ifmc_top:Top|fm_shell:fmcore|altdpram:I|segment[2][11]~reg_we ; clk        ; clk      ; 20.000 ns                   ; 18.979 ns                 ; 16.203 ns               ;
; 2.779 ns                                ; 58.07 MHz ( period = 17.221 ns )                    ; ifmc_top:Top|ifmc_fmb:fmb|fm_erase    ; ifmc_top:Top|fm_shell:fmcore|altdpram:I|segment[1][22]~reg_we ; clk        ; clk      ; 20.000 ns                   ; 19.003 ns                 ; 16.224 ns               ;
; 2.786 ns                                ; 58.09 MHz ( period = 17.214 ns )                    ; ifmc_top:Top|fm_shell:fmcore|tcnt[19] ; ifmc_top:Top|fm_shell:fmcore|altdpram:I|segment[3][13]~reg_we ; clk        ; clk      ; 20.000 ns                   ; 18.975 ns                 ; 16.189 ns               ;
; 2.788 ns                                ; 58.10 MHz ( period = 17.212 ns )                    ; ifmc_top:Top|ifmc_fmb:fmb|fm_erase    ; ifmc_top:Top|fm_shell:fmcore|altdpram:I|segment[2][6]~reg_we  ; clk        ; clk      ; 20.000 ns                   ; 18.983 ns                 ; 16.195 ns               ;
; 2.790 ns                                ; 58.11 MHz ( period = 17.210 ns )                    ; ifmc_top:Top|fm_shell:fmcore|tcnt[16] ; ifmc_top:Top|fm_shell:fmcore|altdpram:I|segment[3][6]~reg_we  ; clk        ; clk      ; 20.000 ns                   ; 18.977 ns                 ; 16.187 ns               ;
; 2.793 ns                                ; 58.12 MHz ( period = 17.207 ns )                    ; ifmc_top:Top|ifmc_fmb:fmb|fm_erase    ; ifmc_top:Top|fm_shell:fmcore|altdpram:I|segment[1][0]~reg_we  ; clk        ; clk      ; 20.000 ns                   ; 18.997 ns                 ; 16.204 ns               ;
; 2.801 ns                                ; 58.14 MHz ( period = 17.199 ns )                    ; ifmc_top:Top|ifmc_fmb:fmb|fm_ifren    ; ifmc_top:Top|fm_shell:fmcore|altdpram:I|segment[3][6]~reg_we  ; clk        ; clk      ; 20.000 ns                   ; 18.983 ns                 ; 16.182 ns               ;
; 2.802 ns                                ; 58.15 MHz ( period = 17.198 ns )                    ; ifmc_top:Top|ifmc_fmb:fmb|fm_nvstr    ; ifmc_top:Top|fm_shell:fmcore|altdpram:I|segment[0][6]~reg_we  ; clk        ; clk      ; 20.000 ns                   ; 19.005 ns                 ; 16.203 ns               ;
; 2.805 ns                                ; 58.16 MHz ( period = 17.195 ns )                    ; ifmc_top:Top|ifmc_fmb:fmb|fm_erase    ; ifmc_top:Top|fm_shell:fmcore|altdpram:I|segment[0][20]~reg_we ; clk        ; clk      ; 20.000 ns                   ; 19.019 ns                 ; 16.214 ns               ;
; 2.806 ns                                ; 58.16 MHz ( period = 17.194 ns )                    ; ifmc_top:Top|ifmc_fmb:fmb|fm_prog     ; ifmc_top:Top|fm_shell:fmcore|altdpram:I_1|q[17]~reg_we        ; clk        ; clk      ; 20.000 ns                   ; 18.987 ns                 ; 16.181 ns               ;
; 2.806 ns                                ; 58.16 MHz ( period = 17.194 ns )                    ; ifmc_top:Top|fm_shell:fmcore|tcnt[19] ; ifmc_top:Top|fm_shell:fmcore|altdpram:I|segment[2][15]~reg_we ; clk        ; clk      ; 20.000 ns                   ; 19.007 ns                 ; 16.201 ns               ;
; 2.806 ns                                ; 58.16 MHz ( period = 17.194 ns )                    ; ifmc_top:Top|ifmc_fmb:fmb|fm_ye       ; ifmc_top:Top|fm_shell:fmcore|altdpram:I|segment[0][22]~reg_we ; clk        ; clk      ; 20.000 ns                   ; 18.997 ns                 ; 16.191 ns               ;
; 2.808 ns                                ; 58.17 MHz ( period = 17.192 ns )                    ; ifmc_top:Top|ifmc_fmb:fmb|fm_prog     ; ifmc_top:Top|fm_shell:fmcore|altdpram:I_1|q[7]~reg_we         ; clk        ; clk      ; 20.000 ns                   ; 18.987 ns                 ; 16.179 ns               ;
; 2.808 ns                                ; 58.17 MHz ( period = 17.192 ns )                    ; ifmc_top:Top|fm_shell:fmcore|tcnt[2]  ; ifmc_top:Top|fm_shell:fmcore|altdpram:I|segment[2][0]~reg_we  ; clk        ; clk      ; 20.000 ns                   ; 18.979 ns                 ; 16.171 ns               ;
; 2.810 ns                                ; 58.17 MHz ( period = 17.190 ns )                    ; ifmc_top:Top|ifmc_fmb:fmb|fm_erase    ; ifmc_top:Top|fm_shell:fmcore|altdpram:I|segment[2][15]        ; clk        ; clk      ; 20.000 ns                   ; 19.138 ns                 ; 16.328 ns               ;
; 2.811 ns                                ; 58.18 MHz ( period = 17.189 ns )                    ; ifmc_top:Top|fm_shell:fmcore|tcnt[1]  ; ifmc_top:Top|fm_shell:fmcore|altdpram:I|segment[3][6]~reg_we  ; clk        ; clk      ; 20.000 ns                   ; 18.977 ns                 ; 16.166 ns               ;
; 2.811 ns                                ; 58.18 MHz ( period = 17.189 ns )                    ; ifmc_top:Top|ifmc_fmb:fmb|fm_prog     ; ifmc_top:Top|fm_shell:fmcore|altdpram:I_1|q[0]~reg_we         ; clk        ; clk      ; 20.000 ns                   ; 18.987 ns                 ; 16.176 ns               ;
; 2.813 ns                                ; 58.18 MHz ( period = 17.187 ns )                    ; ifmc_top:Top|ifmc_fmb:fmb|fm_nvstr    ; ifmc_top:Top|fm_shell:fmcore|altdpram:I|segment[3][22]~reg_we ; clk        ; clk      ; 20.000 ns                   ; 19.013 ns                 ; 16.200 ns               ;
; 2.814 ns                                ; 58.19 MHz ( period = 17.186 ns )                    ; ifmc_top:Top|ifmc_fmb:fmb|fm_prog     ; ifmc_top:Top|fm_shell:fmcore|altdpram:I_1|q[6]~reg_we         ; clk        ; clk      ; 20.000 ns                   ; 18.987 ns                 ; 16.173 ns               ;
; 2.814 ns                                ; 58.19 MHz ( period = 17.186 ns )                    ; ifmc_top:Top|ifmc_fmb:fmb|fm_ye       ; ifmc_top:Top|fm_shell:fmcore|altdpram:I|segment[3][30]~reg_we ; clk        ; clk      ; 20.000 ns                   ; 19.017 ns                 ; 16.203 ns               ;
; 2.817 ns                                ; 58.20 MHz ( period = 17.183 ns )                    ; ifmc_top:Top|ifmc_fmb:fmb|fm_erase    ; ifmc_top:Top|fm_shell:fmcore|altdpram:I|segment[0][8]~reg_we  ; clk        ; clk      ; 20.000 ns                   ; 19.015 ns                 ; 16.198 ns               ;
; 2.820 ns                                ; 58.21 MHz ( period = 17.180 ns )                    ; ifmc_top:Top|fm_shell:fmcore|tcnt[2]  ; ifmc_top:Top|fm_shell:fmcore|altdpram:I|segment[3][7]~reg_we  ; clk        ; clk      ; 20.000 ns                   ; 19.001 ns                 ; 16.181 ns               ;
; 2.824 ns                                ; 58.22 MHz ( period = 17.176 ns )                    ; ifmc_top:Top|fm_shell:fmcore|tcnt[16] ; ifmc_top:Top|fm_shell:fmcore|altdpram:I|segment[2][0]~reg_we  ; clk        ; clk      ; 20.000 ns                   ; 18.979 ns                 ; 16.155 ns               ;
; 2.826 ns                                ; 58.23 MHz ( period = 17.174 ns )                    ; ifmc_top:Top|fm_shell:fmcore|tcnt[19] ; ifmc_top:Top|fm_shell:fmcore|altdpram:I|segment[1][5]~reg_we  ; clk        ; clk      ; 20.000 ns                   ; 18.999 ns                 ; 16.173 ns               ;
; 2.828 ns                                ; 58.23 MHz ( period = 17.172 ns )                    ; ifmc_top:Top|ifmc_fmb:fmb|fm_nvstr    ; ifmc_top:Top|fm_shell:fmcore|altdpram:I|segment[1][15]~reg_we ; clk        ; clk      ; 20.000 ns                   ; 19.007 ns                 ; 16.179 ns               ;
; 2.829 ns                                ; 58.24 MHz ( period = 17.171 ns )                    ; ifmc_top:Top|ifmc_fmb:fmb|fm_nvstr    ; ifmc_top:Top|fm_shell:fmcore|altdpram:I|segment[0][5]~reg_we  ; clk        ; clk      ; 20.000 ns                   ; 19.007 ns                 ; 16.178 ns               ;
; 2.830 ns                                ; 58.24 MHz ( period = 17.170 ns )                    ; ifmc_top:Top|ifmc_fmb:fmb|fm_nvstr    ; ifmc_top:Top|fm_shell:fmcore|altdpram:I|segment[2][14]~reg_we ; clk        ; clk      ; 20.000 ns                   ; 19.005 ns                 ; 16.175 ns               ;
; 2.834 ns                                ; 58.25 MHz ( period = 17.166 ns )                    ; ifmc_top:Top|ifmc_fmb:fmb|fm_prog     ; ifmc_top:Top|fm_shell:fmcore|altdpram:I|segment[1][2]~reg_we  ; clk        ; clk      ; 20.000 ns                   ; 18.987 ns                 ; 16.153 ns               ;
; 2.835 ns                                ; 58.26 MHz ( period = 17.165 ns )                    ; ifmc_top:Top|ifmc_fmb:fmb|fm_ifren    ; ifmc_top:Top|fm_shell:fmcore|altdpram:I|segment[2][0]~reg_we  ; clk        ; clk      ; 20.000 ns                   ; 18.985 ns                 ; 16.150 ns               ;
; 2.835 ns                                ; 58.26 MHz ( period = 17.165 ns )                    ; ifmc_top:Top|ifmc_fmb:fmb|fm_erase    ; ifmc_top:Top|fm_shell:fmcore|altdpram:I|segment[1][16]~reg_we ; clk        ; clk      ; 20.000 ns                   ; 19.001 ns                 ; 16.166 ns               ;
; 2.836 ns                                ; 58.26 MHz ( period = 17.164 ns )                    ; ifmc_top:Top|fm_shell:fmcore|tcnt[16] ; ifmc_top:Top|fm_shell:fmcore|altdpram:I|segment[3][7]~reg_we  ; clk        ; clk      ; 20.000 ns                   ; 19.001 ns                 ; 16.165 ns               ;
; 2.839 ns                                ; 58.27 MHz ( period = 17.161 ns )                    ; ifmc_top:Top|ifmc_fmb:fmb|fm_nvstr    ; ifmc_top:Top|fm_shell:fmcore|altdpram:I|segment[0][13]~reg_we ; clk        ; clk      ; 20.000 ns                   ; 19.003 ns                 ; 16.164 ns               ;
; 2.841 ns                                ; 58.28 MHz ( period = 17.159 ns )                    ; ifmc_top:Top|ifmc_fmb:fmb|fm_ye       ; ifmc_top:Top|fm_shell:fmcore|altdpram:I|segment[2][21]~reg_we ; clk        ; clk      ; 20.000 ns                   ; 18.989 ns                 ; 16.148 ns               ;
; 2.842 ns                                ; 58.28 MHz ( period = 17.158 ns )                    ; ifmc_top:Top|fm_shell:fmcore|tcnt[19] ; ifmc_top:Top|fm_shell:fmcore|altdpram:I|segment[2][30]~reg_we ; clk        ; clk      ; 20.000 ns                   ; 19.007 ns                 ; 16.165 ns               ;
; 2.845 ns                                ; 58.29 MHz ( period = 17.155 ns )                    ; ifmc_top:Top|fm_shell:fmcore|tcnt[1]  ; ifmc_top:Top|fm_shell:fmcore|altdpram:I|segment[2][0]~reg_we  ; clk        ; clk      ; 20.000 ns                   ; 18.979 ns                 ; 16.134 ns               ;
; 2.847 ns                                ; 58.30 MHz ( period = 17.153 ns )                    ; ifmc_top:Top|ifmc_fmb:fmb|fm_ifren    ; ifmc_top:Top|fm_shell:fmcore|altdpram:I|segment[3][7]~reg_we  ; clk        ; clk      ; 20.000 ns                   ; 19.007 ns                 ; 16.160 ns               ;
; 2.852 ns                                ; 58.32 MHz ( period = 17.148 ns )                    ; ifmc_top:Top|fm_shell:fmcore|tcnt[19] ; ifmc_top:Top|fm_shell:fmcore|altdpram:I|segment[2][13]~reg_we ; clk        ; clk      ; 20.000 ns                   ; 19.005 ns                 ; 16.153 ns               ;
; 2.853 ns                                ; 58.32 MHz ( period = 17.147 ns )                    ; ifmc_top:Top|fm_shell:fmcore|tcnt[19] ; ifmc_top:Top|fm_shell:fmcore|altdpram:I|segment[3][8]~reg_we  ; clk        ; clk      ; 20.000 ns                   ; 18.999 ns                 ; 16.146 ns               ;
; 2.857 ns                                ; 58.33 MHz ( period = 17.143 ns )                    ; ifmc_top:Top|fm_shell:fmcore|tcnt[1]  ; ifmc_top:Top|fm_shell:fmcore|altdpram:I|segment[3][7]~reg_we  ; clk        ; clk      ; 20.000 ns                   ; 19.001 ns                 ; 16.144 ns               ;
; 2.859 ns                                ; 58.34 MHz ( period = 17.141 ns )                    ; ifmc_top:Top|ifmc_fmb:fmb|fm_erase    ; ifmc_top:Top|fm_shell:fmcore|altdpram:I|segment[0][20]        ; clk        ; clk      ; 20.000 ns                   ; 19.140 ns                 ; 16.281 ns               ;
; 2.871 ns                                ; 58.38 MHz ( period = 17.129 ns )                    ; ifmc_top:Top|ifmc_fmb:fmb|fm_erase    ; ifmc_top:Top|fm_shell:fmcore|altdpram:I|segment[1][6]~reg_we  ; clk        ; clk      ; 20.000 ns                   ; 18.995 ns                 ; 16.124 ns               ;
; 2.875 ns                                ; 58.39 MHz ( period = 17.125 ns )                    ; ifmc_top:Top|ifmc_fmb:fmb|fm_se       ; ifmc_top:Top|fm_shell:fmcore|altdpram:I|segment[1][2]~reg_we  ; clk        ; clk      ; 20.000 ns                   ; 18.987 ns                 ; 16.112 ns               ;
; 2.879 ns                                ; 58.41 MHz ( period = 17.121 ns )                    ; ifmc_top:Top|ifmc_fmb:fmb|fm_erase    ; ifmc_top:Top|fm_shell:fmcore|altdpram:I|segment[0][8]         ; clk        ; clk      ; 20.000 ns                   ; 19.136 ns                 ; 16.257 ns               ;
; 2.880 ns                                ; 58.41 MHz ( period = 17.120 ns )                    ; ifmc_top:Top|fm_shell:fmcore|tcnt[19] ; ifmc_top:Top|fm_shell:fmcore|altdpram:I|segment[0][29]~reg_we ; clk        ; clk      ; 20.000 ns                   ; 19.003 ns                 ; 16.123 ns               ;
; 2.882 ns                                ; 58.42 MHz ( period = 17.118 ns )                    ; ifmc_top:Top|ifmc_fmb:fmb|fm_nvstr    ; ifmc_top:Top|fm_shell:fmcore|altdpram:I|segment[0][4]~reg_we  ; clk        ; clk      ; 20.000 ns                   ; 19.001 ns                 ; 16.119 ns               ;
; 2.885 ns                                ; 58.43 MHz ( period = 17.115 ns )                    ; ifmc_top:Top|fm_shell:fmcore|tcnt[2]  ; ifmc_top:Top|fm_shell:fmcore|altdpram:I|segment[3][13]~reg_we ; clk        ; clk      ; 20.000 ns                   ; 18.975 ns                 ; 16.090 ns               ;
; Timing analysis restricted to 200 rows. ; To change the limit use Settings (Assignments menu) ;                                       ;                                                               ;            ;          ;                             ;                           ;                         ;
+-----------------------------------------+-----------------------------------------------------+---------------------------------------+---------------------------------------------------------------+------------+----------+-----------------------------+---------------------------+-------------------------+


+------------------------------------------------------------------------------------------------------------------------------------------------------------------------------------------------------------------------------------------------------------------------------------------------------------------+
; Clock Hold: 'clk'                                                                                                                                                                                                                                                                                                ;
+-----------------------------------------+-----------------------------------------------------------------------------+-----------------------------------------------------------------------------+------------+----------+----------------------------+----------------------------+--------------------------+
; Minimum Slack                           ; From                                                                        ; To                                                                          ; From Clock ; To Clock ; Required Hold Relationship ; Required Shortest P2P Time ; Actual Shortest P2P Time ;
+-----------------------------------------+-----------------------------------------------------------------------------+-----------------------------------------------------------------------------+------------+----------+----------------------------+----------------------------+--------------------------+
; 0.539 ns                                ; ifmc_top:Top|ifmc_serial:ifmc_serial|ifmc_ana:ifmc_ana|scl_pos_dly[6]       ; ifmc_top:Top|ifmc_serial:ifmc_serial|ifmc_ana:ifmc_ana|scl_pos_dly_7        ; clk        ; clk      ; 0.000 ns                   ; -0.067 ns                  ; 0.472 ns                 ;
; 0.539 ns                                ; ifmc_top:Top|ifmc_serial:ifmc_serial|ifmc_ptsm:ifmc_ptsm|rx_shift[5]        ; ifmc_top:Top|ifmc_serial:ifmc_serial|ifmc_ptsm:ifmc_ptsm|rx_shift[6]        ; clk        ; clk      ; 0.000 ns                   ; -0.067 ns                  ; 0.472 ns                 ;
; 0.539 ns                                ; ifmc_top:Top|ifmc_serial:ifmc_serial|ifmc_ptsm:ifmc_ptsm|rx_shift[0]        ; ifmc_top:Top|ifmc_serial:ifmc_serial|ifmc_ptsm:ifmc_ptsm|rx_shift[1]        ; clk        ; clk      ; 0.000 ns                   ; -0.067 ns                  ; 0.472 ns                 ;
; 0.539 ns                                ; ifmc_top:Top|ifmc_serial:ifmc_serial|ifmc_ptsm:ifmc_ptsm|ddm_dly[0]         ; ifmc_top:Top|ifmc_serial:ifmc_serial|ifmc_ptsm:ifmc_ptsm|ddm_dly[1]         ; clk        ; clk      ; 0.000 ns                   ; -0.067 ns                  ; 0.472 ns                 ;
; 0.539 ns                                ; ifmc_top:Top|ifmc_serial:ifmc_serial|ifmc_ptsm:ifmc_ptsm|rx_data[12]        ; ifmc_top:Top|ifmc_serial:ifmc_serial|ifmc_ptsm:ifmc_ptsm|fmw_din_12         ; clk        ; clk      ; 0.000 ns                   ; -0.067 ns                  ; 0.472 ns                 ;
; 0.547 ns                                ; ifmc_top:Top|ifmc_serial:ifmc_serial|ifmc_ana:ifmc_ana|scl_neg_dly[2]       ; ifmc_top:Top|ifmc_serial:ifmc_serial|ifmc_ana:ifmc_ana|scl_neg_dly_3        ; clk        ; clk      ; 0.000 ns                   ; -0.067 ns                  ; 0.480 ns                 ;
; 0.547 ns                                ; ifmc_top:Top|ifmc_bus:ifmc_bus|ifmc_wr:ifmc_wr|pscal_d1                     ; ifmc_top:Top|ifmc_bus:ifmc_bus|ifmc_wr:ifmc_wr|pscal_d2                     ; clk        ; clk      ; 0.000 ns                   ; -0.067 ns                  ; 0.480 ns                 ;
; 0.555 ns                                ; ifmc_top:Top|ifmc_fmb:fmb|cs[3]                                             ; ifmc_top:Top|ifmc_fmb:fmb|cs[4]                                             ; clk        ; clk      ; 0.000 ns                   ; -0.067 ns                  ; 0.488 ns                 ;
; 0.555 ns                                ; ifmc_top:Top|ifmc_serial:ifmc_serial|ifmc_ptsm:ifmc_ptsm|rx_shift[1]        ; ifmc_top:Top|ifmc_serial:ifmc_serial|ifmc_ptsm:ifmc_ptsm|rx_shift[2]        ; clk        ; clk      ; 0.000 ns                   ; -0.067 ns                  ; 0.488 ns                 ;
; 0.555 ns                                ; ifmc_top:Top|ifmc_fmb:fmb|cs[1]                                             ; ifmc_top:Top|ifmc_fmb:fmb|cs[2]                                             ; clk        ; clk      ; 0.000 ns                   ; -0.067 ns                  ; 0.488 ns                 ;
; 0.555 ns                                ; ifmc_top:Top|ifmc_fmb:fmb|cs_i[0]                                           ; ifmc_top:Top|ifmc_fmb:fmb|cs[1]                                             ; clk        ; clk      ; 0.000 ns                   ; -0.067 ns                  ; 0.488 ns                 ;
; 0.555 ns                                ; ifmc_top:Top|ifmc_serial:ifmc_serial|ifmc_ptsm:ifmc_ptsm|rx_data[3]         ; ifmc_top:Top|ifmc_serial:ifmc_serial|ifmc_ptsm:ifmc_ptsm|fmw_din_3          ; clk        ; clk      ; 0.000 ns                   ; -0.067 ns                  ; 0.488 ns                 ;
; 0.555 ns                                ; ifmc_top:Top|ifmc_serial:ifmc_serial|ifmc_ptsm:ifmc_ptsm|rx_data[8]         ; ifmc_top:Top|ifmc_serial:ifmc_serial|ifmc_ptsm:ifmc_ptsm|rx_data[0]         ; clk        ; clk      ; 0.000 ns                   ; -0.067 ns                  ; 0.488 ns                 ;
; 0.555 ns                                ; ifmc_top:Top|ifmc_serial:ifmc_serial|ifmc_ptsm:ifmc_ptsm|rx_data[11]        ; ifmc_top:Top|ifmc_serial:ifmc_serial|ifmc_ptsm:ifmc_ptsm|fmw_din_11         ; clk        ; clk      ; 0.000 ns                   ; -0.067 ns                  ; 0.488 ns                 ;
; 0.555 ns                                ; ifmc_top:Top|ifmc_serial:ifmc_serial|ifmc_ptsm:ifmc_ptsm|fmw_din_30         ; ifmc_top:Top|ifmc_fmb:fmb|fm_din_i_0_30                                     ; clk        ; clk      ; 0.000 ns                   ; -0.067 ns                  ; 0.488 ns                 ;
; 0.558 ns                                ; ifmc_top:Top|ifmc_serial:ifmc_serial|ifmc_ptsm:ifmc_ptsm|rx_data[13]        ; ifmc_top:Top|ifmc_serial:ifmc_serial|ifmc_ptsm:ifmc_ptsm|rx_data[5]         ; clk        ; clk      ; 0.000 ns                   ; -0.067 ns                  ; 0.491 ns                 ;
; 0.558 ns                                ; ifmc_top:Top|ifmc_serial:ifmc_serial|ifmc_ptsm:ifmc_ptsm|rx_data[21]        ; ifmc_top:Top|ifmc_serial:ifmc_serial|ifmc_ptsm:ifmc_ptsm|rx_data[13]        ; clk        ; clk      ; 0.000 ns                   ; -0.067 ns                  ; 0.491 ns                 ;
; 0.558 ns                                ; ifmc_top:Top|ifmc_serial:ifmc_serial|ifmc_ptsm:ifmc_ptsm|rx_data[30]        ; ifmc_top:Top|ifmc_serial:ifmc_serial|ifmc_ptsm:ifmc_ptsm|rx_data[22]        ; clk        ; clk      ; 0.000 ns                   ; -0.067 ns                  ; 0.491 ns                 ;
; 0.558 ns                                ; ifmc_top:Top|ifmc_serial:ifmc_serial|ifmc_ptsm:ifmc_ptsm|rx_data[20]        ; ifmc_top:Top|ifmc_serial:ifmc_serial|ifmc_ptsm:ifmc_ptsm|rx_data[12]        ; clk        ; clk      ; 0.000 ns                   ; -0.067 ns                  ; 0.491 ns                 ;
; 0.558 ns                                ; ifmc_top:Top|ifmc_serial:ifmc_serial|ifmc_ptsm:ifmc_ptsm|rx_data[13]        ; ifmc_top:Top|ifmc_serial:ifmc_serial|ifmc_ptsm:ifmc_ptsm|fmw_din_13         ; clk        ; clk      ; 0.000 ns                   ; -0.067 ns                  ; 0.491 ns                 ;
; 0.558 ns                                ; ifmc_top:Top|ifmc_serial:ifmc_serial|ifmc_ptsm:ifmc_ptsm|rx_data[20]        ; ifmc_top:Top|ifmc_serial:ifmc_serial|ifmc_ptsm:ifmc_ptsm|fmw_din_20         ; clk        ; clk      ; 0.000 ns                   ; -0.067 ns                  ; 0.491 ns                 ;
; 0.563 ns                                ; ifmc_top:Top|ifmc_serial:ifmc_serial|ifmc_ana:ifmc_ana|scl_pos_dly[5]       ; ifmc_top:Top|ifmc_serial:ifmc_serial|ifmc_ana:ifmc_ana|scl_pos_dly[6]       ; clk        ; clk      ; 0.000 ns                   ; -0.067 ns                  ; 0.496 ns                 ;
; 0.563 ns                                ; ifmc_top:Top|ifmc_serial:ifmc_serial|ifmc_ana:ifmc_ana|scl_pos_dly[4]       ; ifmc_top:Top|ifmc_serial:ifmc_serial|ifmc_ana:ifmc_ana|scl_pos_dly[5]       ; clk        ; clk      ; 0.000 ns                   ; -0.067 ns                  ; 0.496 ns                 ;
; 0.563 ns                                ; ifmc_top:Top|ifmc_serial:ifmc_serial|ifmc_ana:ifmc_ana|scl_pos_dly[3]       ; ifmc_top:Top|ifmc_serial:ifmc_serial|ifmc_ana:ifmc_ana|scl_pos_dly[4]       ; clk        ; clk      ; 0.000 ns                   ; -0.067 ns                  ; 0.496 ns                 ;
; 0.563 ns                                ; ifmc_top:Top|ifmc_bus:ifmc_bus|ifmc_wr:ifmc_wr|ifmc_pscal:pscaler|cnt_i[0]  ; ifmc_top:Top|ifmc_bus:ifmc_bus|ifmc_wr:ifmc_wr|ifmc_pscal:pscaler|pscal_clk ; clk        ; clk      ; 0.000 ns                   ; -0.067 ns                  ; 0.496 ns                 ;
; 0.566 ns                                ; ifmc_top:Top|ifmc_serial:ifmc_serial|ifmc_ptsm:ifmc_ptsm|bit_cnt[2]         ; ifmc_top:Top|ifmc_serial:ifmc_serial|ifmc_ptsm:ifmc_ptsm|bit_cnt[2]         ; clk        ; clk      ; 0.000 ns                   ; -0.067 ns                  ; 0.499 ns                 ;
; 0.566 ns                                ; ifmc_top:Top|ifmc_serial:ifmc_serial|ifmc_ptsm:ifmc_ptsm|rx_data[27]        ; ifmc_top:Top|ifmc_serial:ifmc_serial|ifmc_ptsm:ifmc_ptsm|fmw_din_27         ; clk        ; clk      ; 0.000 ns                   ; -0.067 ns                  ; 0.499 ns                 ;
; 0.566 ns                                ; ifmc_top:Top|ifmc_serial:ifmc_serial|ifmc_ptsm:ifmc_ptsm|rx_data[29]        ; ifmc_top:Top|ifmc_serial:ifmc_serial|ifmc_ptsm:ifmc_ptsm|rx_data[21]        ; clk        ; clk      ; 0.000 ns                   ; -0.067 ns                  ; 0.499 ns                 ;
; 0.566 ns                                ; ifmc_top:Top|ifmc_serial:ifmc_serial|ifmc_ptsm:ifmc_ptsm|rx_data[10]        ; ifmc_top:Top|ifmc_serial:ifmc_serial|ifmc_ptsm:ifmc_ptsm|rx_data[2]         ; clk        ; clk      ; 0.000 ns                   ; -0.067 ns                  ; 0.499 ns                 ;
; 0.566 ns                                ; ifmc_top:Top|ifmc_serial:ifmc_serial|ifmc_ptsm:ifmc_ptsm|rx_data[9]         ; ifmc_top:Top|ifmc_serial:ifmc_serial|ifmc_ptsm:ifmc_ptsm|rx_data[1]         ; clk        ; clk      ; 0.000 ns                   ; -0.067 ns                  ; 0.499 ns                 ;
; 0.566 ns                                ; ifmc_top:Top|ifmc_serial:ifmc_serial|ifmc_ptsm:ifmc_ptsm|rx_data[16]        ; ifmc_top:Top|ifmc_serial:ifmc_serial|ifmc_ptsm:ifmc_ptsm|rx_data[8]         ; clk        ; clk      ; 0.000 ns                   ; -0.067 ns                  ; 0.499 ns                 ;
; 0.566 ns                                ; ifmc_top:Top|ifmc_serial:ifmc_serial|ifmc_ptsm:ifmc_ptsm|rx_data[29]        ; ifmc_top:Top|ifmc_serial:ifmc_serial|ifmc_ptsm:ifmc_ptsm|fmw_din_29         ; clk        ; clk      ; 0.000 ns                   ; -0.067 ns                  ; 0.499 ns                 ;
; 0.571 ns                                ; ifmc_top:Top|ifmc_serial:ifmc_serial|ifmc_ptsm:ifmc_ptsm|wdata_va           ; ifmc_top:Top|ifmc_serial:ifmc_serial|ifmc_ptsm:ifmc_ptsm|fmw_ye             ; clk        ; clk      ; 0.000 ns                   ; -0.067 ns                  ; 0.504 ns                 ;
; 0.571 ns                                ; ifmc_top:Top|ifmc_serial:ifmc_serial|ifmc_ptsm:ifmc_ptsm|rx_data[12]        ; ifmc_top:Top|ifmc_serial:ifmc_serial|ifmc_ptsm:ifmc_ptsm|rx_data[4]         ; clk        ; clk      ; 0.000 ns                   ; -0.067 ns                  ; 0.504 ns                 ;
; 0.571 ns                                ; ifmc_top:Top|ifmc_serial:ifmc_serial|ifmc_ptsm:ifmc_ptsm|rx_data[11]        ; ifmc_top:Top|ifmc_serial:ifmc_serial|ifmc_ptsm:ifmc_ptsm|rx_data[3]         ; clk        ; clk      ; 0.000 ns                   ; -0.067 ns                  ; 0.504 ns                 ;
; 0.571 ns                                ; ifmc_top:Top|ifmc_serial:ifmc_serial|ifmc_ptsm:ifmc_ptsm|rx_data[1]         ; ifmc_top:Top|ifmc_serial:ifmc_serial|ifmc_ptsm:ifmc_ptsm|fmw_din_1          ; clk        ; clk      ; 0.000 ns                   ; -0.067 ns                  ; 0.504 ns                 ;
; 0.571 ns                                ; ifmc_top:Top|ifmc_serial:ifmc_serial|ifmc_ptsm:ifmc_ptsm|rx_data[15]        ; ifmc_top:Top|ifmc_serial:ifmc_serial|ifmc_ptsm:ifmc_ptsm|fmw_din_15         ; clk        ; clk      ; 0.000 ns                   ; -0.067 ns                  ; 0.504 ns                 ;
; 0.574 ns                                ; ifmc_top:Top|ifmc_serial:ifmc_serial|ifmc_ptsm:ifmc_ptsm|fmw_din_5          ; ifmc_top:Top|ifmc_fmb:fmb|fm_din_i_0_5                                      ; clk        ; clk      ; 0.000 ns                   ; -0.067 ns                  ; 0.507 ns                 ;
; 0.574 ns                                ; ifmc_top:Top|ifmc_serial:ifmc_serial|ifmc_ptsm:ifmc_ptsm|rx_data[19]        ; ifmc_top:Top|ifmc_serial:ifmc_serial|ifmc_ptsm:ifmc_ptsm|rx_data[11]        ; clk        ; clk      ; 0.000 ns                   ; -0.067 ns                  ; 0.507 ns                 ;
; 0.574 ns                                ; ifmc_top:Top|ifmc_serial:ifmc_serial|ifmc_ptsm:ifmc_ptsm|rx_data[25]        ; ifmc_top:Top|ifmc_serial:ifmc_serial|ifmc_ptsm:ifmc_ptsm|rx_data[17]        ; clk        ; clk      ; 0.000 ns                   ; -0.067 ns                  ; 0.507 ns                 ;
; 0.574 ns                                ; ifmc_top:Top|ifmc_serial:ifmc_serial|ifmc_ptsm:ifmc_ptsm|rx_data[18]        ; ifmc_top:Top|ifmc_serial:ifmc_serial|ifmc_ptsm:ifmc_ptsm|rx_data[10]        ; clk        ; clk      ; 0.000 ns                   ; -0.067 ns                  ; 0.507 ns                 ;
; 0.574 ns                                ; ifmc_top:Top|ifmc_serial:ifmc_serial|ifmc_ptsm:ifmc_ptsm|rx_data[26]        ; ifmc_top:Top|ifmc_serial:ifmc_serial|ifmc_ptsm:ifmc_ptsm|rx_data[18]        ; clk        ; clk      ; 0.000 ns                   ; -0.067 ns                  ; 0.507 ns                 ;
; 0.574 ns                                ; ifmc_top:Top|ifmc_serial:ifmc_serial|ifmc_ptsm:ifmc_ptsm|rx_data[31]        ; ifmc_top:Top|ifmc_serial:ifmc_serial|ifmc_ptsm:ifmc_ptsm|fmw_din_31         ; clk        ; clk      ; 0.000 ns                   ; -0.067 ns                  ; 0.507 ns                 ;
; 0.574 ns                                ; ifmc_top:Top|ifmc_serial:ifmc_serial|ifmc_ptsm:ifmc_ptsm|rx_data[25]        ; ifmc_top:Top|ifmc_serial:ifmc_serial|ifmc_ptsm:ifmc_ptsm|fmw_din_25         ; clk        ; clk      ; 0.000 ns                   ; -0.067 ns                  ; 0.507 ns                 ;
; 0.577 ns                                ; ifmc_top:Top|ifmc_serial:ifmc_serial|ifmc_ptsm:ifmc_ptsm|cs_4               ; ifmc_top:Top|ifmc_serial:ifmc_serial|ifmc_ptsm:ifmc_ptsm|cs_4               ; clk        ; clk      ; 0.000 ns                   ; -0.067 ns                  ; 0.510 ns                 ;
; 0.577 ns                                ; ifmc_top:Top|ifmc_serial:ifmc_serial|ifmc_lpf_1:sda_in_lpf|in_dly_i_0[1]    ; ifmc_top:Top|ifmc_serial:ifmc_serial|ifmc_lpf_1:sda_in_lpf|in_dly_i_0[2]    ; clk        ; clk      ; 0.000 ns                   ; -0.067 ns                  ; 0.510 ns                 ;
; 0.579 ns                                ; ifmc_top:Top|ifmc_serial:ifmc_serial|ifmc_ana:ifmc_ana|scl_neg_dly[1]       ; ifmc_top:Top|ifmc_serial:ifmc_serial|ifmc_ana:ifmc_ana|scl_neg_dly[2]       ; clk        ; clk      ; 0.000 ns                   ; -0.067 ns                  ; 0.512 ns                 ;
; 0.579 ns                                ; ifmc_top:Top|ifmc_fmb:fmb|cs[2]                                             ; ifmc_top:Top|ifmc_fmb:fmb|cs[3]                                             ; clk        ; clk      ; 0.000 ns                   ; -0.067 ns                  ; 0.512 ns                 ;
; 0.579 ns                                ; ifmc_top:Top|ifmc_serial:ifmc_serial|ifmc_ana:ifmc_ana|scl_pos_dly[1]       ; ifmc_top:Top|ifmc_serial:ifmc_serial|ifmc_ana:ifmc_ana|scl_pos_dly[2]       ; clk        ; clk      ; 0.000 ns                   ; -0.067 ns                  ; 0.512 ns                 ;
; 0.579 ns                                ; ifmc_top:Top|ifmc_serial:ifmc_serial|ifmc_ana:ifmc_ana|scl_pos_dly[0]       ; ifmc_top:Top|ifmc_serial:ifmc_serial|ifmc_ana:ifmc_ana|scl_pos_dly[1]       ; clk        ; clk      ; 0.000 ns                   ; -0.067 ns                  ; 0.512 ns                 ;
; 0.582 ns                                ; ifmc_top:Top|ifmc_serial:ifmc_serial|ifmc_ptsm:ifmc_ptsm|fmw_din_7          ; ifmc_top:Top|ifmc_fmb:fmb|fm_din_i_0_7                                      ; clk        ; clk      ; 0.000 ns                   ; -0.067 ns                  ; 0.515 ns                 ;
; 0.582 ns                                ; ifmc_top:Top|ifmc_serial:ifmc_serial|ifmc_ptsm:ifmc_ptsm|rx_data[24]        ; ifmc_top:Top|ifmc_serial:ifmc_serial|ifmc_ptsm:ifmc_ptsm|fmw_din_24         ; clk        ; clk      ; 0.000 ns                   ; -0.067 ns                  ; 0.515 ns                 ;
; 0.582 ns                                ; ifmc_top:Top|ifmc_serial:ifmc_serial|ifmc_ptsm:ifmc_ptsm|rx_data[23]        ; ifmc_top:Top|ifmc_serial:ifmc_serial|ifmc_ptsm:ifmc_ptsm|rx_data[15]        ; clk        ; clk      ; 0.000 ns                   ; -0.067 ns                  ; 0.515 ns                 ;
; 0.582 ns                                ; ifmc_top:Top|ifmc_serial:ifmc_serial|ifmc_ptsm:ifmc_ptsm|rx_data[14]        ; ifmc_top:Top|ifmc_serial:ifmc_serial|ifmc_ptsm:ifmc_ptsm|fmw_din_14         ; clk        ; clk      ; 0.000 ns                   ; -0.067 ns                  ; 0.515 ns                 ;
; 0.582 ns                                ; ifmc_top:Top|ifmc_serial:ifmc_serial|ifmc_ptsm:ifmc_ptsm|rx_data[24]        ; ifmc_top:Top|ifmc_serial:ifmc_serial|ifmc_ptsm:ifmc_ptsm|rx_data[16]        ; clk        ; clk      ; 0.000 ns                   ; -0.067 ns                  ; 0.515 ns                 ;
; 0.582 ns                                ; ifmc_top:Top|ifmc_serial:ifmc_serial|ifmc_ptsm:ifmc_ptsm|fmw_din_8          ; ifmc_top:Top|ifmc_fmb:fmb|fm_din_i_0_8                                      ; clk        ; clk      ; 0.000 ns                   ; -0.067 ns                  ; 0.515 ns                 ;
; 0.582 ns                                ; ifmc_top:Top|ifmc_serial:ifmc_serial|ifmc_ptsm:ifmc_ptsm|rx_data[23]        ; ifmc_top:Top|ifmc_serial:ifmc_serial|ifmc_ptsm:ifmc_ptsm|fmw_din_23         ; clk        ; clk      ; 0.000 ns                   ; -0.067 ns                  ; 0.515 ns                 ;
; 0.585 ns                                ; ifmc_top:Top|ifmc_bus:ifmc_bus|ifmc_rd:ifmc_rd|cs_0                         ; ifmc_top:Top|ifmc_bus:ifmc_bus|ifmc_rd:ifmc_rd|cs_1                         ; clk        ; clk      ; 0.000 ns                   ; -0.067 ns                  ; 0.518 ns                 ;
; 0.585 ns                                ; ifmc_top:Top|ifmc_serial:ifmc_serial|ifmc_ptsm:ifmc_ptsm|rx_shift[4]        ; ifmc_top:Top|ifmc_serial:ifmc_serial|ifmc_ptsm:ifmc_ptsm|rx_addr1[4]        ; clk        ; clk      ; 0.000 ns                   ; -0.067 ns                  ; 0.518 ns                 ;
; 0.587 ns                                ; ifmc_top:Top|ifmc_bus:ifmc_bus|ifmc_wr:ifmc_wr|q_internal[7]                ; ifmc_top:Top|ifmc_bus:ifmc_bus|ifmc_wr:ifmc_wr|q_internal[7]                ; clk        ; clk      ; 0.000 ns                   ; -0.067 ns                  ; 0.520 ns                 ;
; 0.596 ns                                ; ifmc_top:Top|ifmc_fmb:fmb|rd_cs_1                                           ; ifmc_top:Top|ifmc_fmb:fmb|rd_cs_1                                           ; clk        ; clk      ; 0.000 ns                   ; -0.067 ns                  ; 0.529 ns                 ;
; 0.601 ns                                ; ifmc_top:Top|ifmc_serial:ifmc_serial|ifmc_lpf:scl_in_lpf|in_dly_i_0[1]      ; ifmc_top:Top|ifmc_serial:ifmc_serial|ifmc_lpf:scl_in_lpf|out_i              ; clk        ; clk      ; 0.000 ns                   ; -0.067 ns                  ; 0.534 ns                 ;
; 0.601 ns                                ; ifmc_top:Top|ifmc_serial:ifmc_serial|ifmc_ptsm:ifmc_ptsm|rx_shift[6]        ; ifmc_top:Top|ifmc_serial:ifmc_serial|ifmc_ptsm:ifmc_ptsm|rx_addr1[6]        ; clk        ; clk      ; 0.000 ns                   ; -0.067 ns                  ; 0.534 ns                 ;
; 0.607 ns                                ; ifmc_top:Top|ifmc_fmb:fmb|cs[6]                                             ; ifmc_top:Top|ifmc_fmb:fmb|cs[7]                                             ; clk        ; clk      ; 0.000 ns                   ; -0.067 ns                  ; 0.540 ns                 ;
; 0.615 ns                                ; ifmc_top:Top|ifmc_serial:ifmc_serial|ifmc_ptsm:ifmc_ptsm|rx_addr0[0]        ; ifmc_top:Top|ifmc_serial:ifmc_serial|ifmc_ptsm:ifmc_ptsm|sop_read           ; clk        ; clk      ; 0.000 ns                   ; -0.067 ns                  ; 0.548 ns                 ;
; 0.615 ns                                ; ifmc_top:Top|ifmc_serial:ifmc_serial|ifmc_ptsm:ifmc_ptsm|rx_addr0[0]        ; ifmc_top:Top|ifmc_serial:ifmc_serial|ifmc_ptsm:ifmc_ptsm|sop_rdp            ; clk        ; clk      ; 0.000 ns                   ; -0.067 ns                  ; 0.548 ns                 ;
; 0.615 ns                                ; ifmc_top:Top|ifmc_serial:ifmc_serial|ifmc_ptsm:ifmc_ptsm|rx_addr0[0]        ; ifmc_top:Top|ifmc_serial:ifmc_serial|ifmc_ptsm:ifmc_ptsm|sop_erase          ; clk        ; clk      ; 0.000 ns                   ; -0.067 ns                  ; 0.548 ns                 ;
; 0.615 ns                                ; ifmc_top:Top|ifmc_serial:ifmc_serial|ifmc_ptsm:ifmc_ptsm|rx_addr0[0]        ; ifmc_top:Top|ifmc_serial:ifmc_serial|ifmc_ptsm:ifmc_ptsm|sop_wrp            ; clk        ; clk      ; 0.000 ns                   ; -0.067 ns                  ; 0.548 ns                 ;
; 0.615 ns                                ; ifmc_top:Top|ifmc_serial:ifmc_serial|ifmc_ptsm:ifmc_ptsm|rx_addr0[0]        ; ifmc_top:Top|ifmc_serial:ifmc_serial|ifmc_ptsm:ifmc_ptsm|sop_prog           ; clk        ; clk      ; 0.000 ns                   ; -0.067 ns                  ; 0.548 ns                 ;
; 0.617 ns                                ; ifmc_top:Top|ifmc_fmb:fmb|cs[5]                                             ; ifmc_top:Top|ifmc_fmb:fmb|cs[5]                                             ; clk        ; clk      ; 0.000 ns                   ; -0.067 ns                  ; 0.550 ns                 ;
; 0.644 ns                                ; ifmc_top:Top|ifmc_serial:ifmc_serial|ifmc_ptsm:ifmc_ptsm|byte_cnt_1         ; ifmc_top:Top|ifmc_serial:ifmc_serial|ifmc_ptsm:ifmc_ptsm|byte_cnt_1         ; clk        ; clk      ; 0.000 ns                   ; -0.067 ns                  ; 0.577 ns                 ;
; 0.644 ns                                ; ifmc_top:Top|ifmc_serial:ifmc_serial|ifmc_ptsm:ifmc_ptsm|byte_cnt_0         ; ifmc_top:Top|ifmc_serial:ifmc_serial|ifmc_ptsm:ifmc_ptsm|addr_inc           ; clk        ; clk      ; 0.000 ns                   ; -0.067 ns                  ; 0.577 ns                 ;
; 0.815 ns                                ; ifmc_top:Top|ifmc_serial:ifmc_serial|ifmc_tool:ifmc_tool|N_1                ; ifmc_top:Top|ifmc_serial:ifmc_serial|ifmc_tool:ifmc_tool|N_1                ; clk        ; clk      ; 0.000 ns                   ; -0.067 ns                  ; 0.748 ns                 ;
; 0.916 ns                                ; ifmc_top:Top|ifmc_serial:ifmc_serial|ifmc_ptsm:ifmc_ptsm|rx_addr2[5]        ; ifmc_top:Top|ifmc_serial:ifmc_serial|ifmc_ptsm:ifmc_ptsm|fmw_adr_1_3        ; clk        ; clk      ; 0.000 ns                   ; -0.067 ns                  ; 0.849 ns                 ;
; 0.924 ns                                ; ifmc_top:Top|ifmc_serial:ifmc_serial|ifmc_ptsm:ifmc_ptsm|rx_addr2[3]        ; ifmc_top:Top|ifmc_serial:ifmc_serial|ifmc_ptsm:ifmc_ptsm|fmw_adr_1_1        ; clk        ; clk      ; 0.000 ns                   ; -0.067 ns                  ; 0.857 ns                 ;
; 0.937 ns                                ; ifmc_top:Top|ifmc_serial:ifmc_serial|ifmc_ptsm:ifmc_ptsm|rx_addr1[0]        ; ifmc_top:Top|ifmc_serial:ifmc_serial|ifmc_ptsm:ifmc_ptsm|sop_erase          ; clk        ; clk      ; 0.000 ns                   ; -0.067 ns                  ; 0.870 ns                 ;
; 0.954 ns                                ; ifmc_top:Top|fm_shell:fmcore|altdpram:I|segment[3][16]                      ; ifmc_top:Top|ifmc_fmb:fmb|fmr_rdata_i_16                                    ; clk        ; clk      ; 0.000 ns                   ; 0.483 ns                   ; 1.437 ns                 ;
; 0.984 ns                                ; ifmc_top:Top|ifmc_serial:ifmc_serial|ifmc_ptsm:ifmc_ptsm|bit_cnt[0]         ; ifmc_top:Top|ifmc_serial:ifmc_serial|ifmc_ptsm:ifmc_ptsm|bit_cnt[0]         ; clk        ; clk      ; 0.000 ns                   ; -0.067 ns                  ; 0.917 ns                 ;
; 0.984 ns                                ; ifmc_top:Top|fm_shell:fmcore|tcnt[0]                                        ; ifmc_top:Top|fm_shell:fmcore|tcnt[0]                                        ; clk        ; clk      ; 0.000 ns                   ; -0.067 ns                  ; 0.917 ns                 ;
; 0.984 ns                                ; ifmc_top:Top|ifmc_bus:ifmc_bus|ifmc_wr:ifmc_wr|ifmc_pscal:pscaler|cnt_i[0]  ; ifmc_top:Top|ifmc_bus:ifmc_bus|ifmc_wr:ifmc_wr|ifmc_pscal:pscaler|cnt_i[0]  ; clk        ; clk      ; 0.000 ns                   ; -0.067 ns                  ; 0.917 ns                 ;
; 1.011 ns                                ; ifmc_top:Top|ifmc_bus:ifmc_bus|ifmc_wr:ifmc_wr|ifmc_pscal:pscaler|pscal_clk ; ifmc_top:Top|ifmc_bus:ifmc_bus|ifmc_wr:ifmc_wr|pscal_d1                     ; clk        ; clk      ; 0.000 ns                   ; -0.067 ns                  ; 0.944 ns                 ;
; 1.013 ns                                ; ifmc_top:Top|ifmc_serial:ifmc_serial|ifmc_lpf:scl_in_lpf|in_dly_i_0[0]      ; ifmc_top:Top|ifmc_serial:ifmc_serial|ifmc_lpf:scl_in_lpf|in_dly_i_0[1]      ; clk        ; clk      ; 0.000 ns                   ; -0.067 ns                  ; 0.946 ns                 ;
; 1.013 ns                                ; ifmc_top:Top|ifmc_serial:ifmc_serial|ifmc_ptsm:ifmc_ptsm|rx_shift[3]        ; ifmc_top:Top|ifmc_serial:ifmc_serial|ifmc_ptsm:ifmc_ptsm|rx_shift[4]        ; clk        ; clk      ; 0.000 ns                   ; -0.067 ns                  ; 0.946 ns                 ;
; 1.013 ns                                ; ifmc_top:Top|ifmc_serial:ifmc_serial|ifmc_ptsm:ifmc_ptsm|rx_data[22]        ; ifmc_top:Top|ifmc_serial:ifmc_serial|ifmc_ptsm:ifmc_ptsm|rx_data[14]        ; clk        ; clk      ; 0.000 ns                   ; -0.067 ns                  ; 0.946 ns                 ;
; 1.029 ns                                ; ifmc_top:Top|ifmc_serial:ifmc_serial|ifmc_ptsm:ifmc_ptsm|rx_shift[2]        ; ifmc_top:Top|ifmc_serial:ifmc_serial|ifmc_ptsm:ifmc_ptsm|rx_addr2_0         ; clk        ; clk      ; 0.000 ns                   ; -0.067 ns                  ; 0.962 ns                 ;
; 1.029 ns                                ; ifmc_top:Top|ifmc_serial:ifmc_serial|ifmc_ptsm:ifmc_ptsm|tx_shift[15]       ; ifmc_top:Top|ifmc_serial:ifmc_serial|ifmc_ptsm:ifmc_ptsm|tx_shift[16]       ; clk        ; clk      ; 0.000 ns                   ; -0.067 ns                  ; 0.962 ns                 ;
; 1.029 ns                                ; ifmc_top:Top|ifmc_serial:ifmc_serial|ifmc_ptsm:ifmc_ptsm|tx_shift[8]        ; ifmc_top:Top|ifmc_serial:ifmc_serial|ifmc_ptsm:ifmc_ptsm|tx_shift_9         ; clk        ; clk      ; 0.000 ns                   ; -0.067 ns                  ; 0.962 ns                 ;
; 1.032 ns                                ; ifmc_top:Top|ifmc_serial:ifmc_serial|ifmc_ptsm:ifmc_ptsm|rx_data[21]        ; ifmc_top:Top|ifmc_serial:ifmc_serial|ifmc_ptsm:ifmc_ptsm|fmw_din_21         ; clk        ; clk      ; 0.000 ns                   ; -0.067 ns                  ; 0.965 ns                 ;
; 1.032 ns                                ; ifmc_top:Top|ifmc_serial:ifmc_serial|ifmc_ptsm:ifmc_ptsm|rx_data[30]        ; ifmc_top:Top|ifmc_serial:ifmc_serial|ifmc_ptsm:ifmc_ptsm|fmw_din_30         ; clk        ; clk      ; 0.000 ns                   ; -0.067 ns                  ; 0.965 ns                 ;
; 1.037 ns                                ; ifmc_top:Top|ifmc_serial:ifmc_serial|ifmc_ptsm:ifmc_ptsm|tx_shift[29]       ; ifmc_top:Top|ifmc_serial:ifmc_serial|ifmc_ptsm:ifmc_ptsm|tx_shift[30]       ; clk        ; clk      ; 0.000 ns                   ; -0.067 ns                  ; 0.970 ns                 ;
; 1.037 ns                                ; ifmc_top:Top|ifmc_serial:ifmc_serial|ifmc_ptsm:ifmc_ptsm|tx_shift[23]       ; ifmc_top:Top|ifmc_serial:ifmc_serial|ifmc_ptsm:ifmc_ptsm|tx_shift[24]       ; clk        ; clk      ; 0.000 ns                   ; -0.067 ns                  ; 0.970 ns                 ;
; 1.037 ns                                ; ifmc_top:Top|ifmc_serial:ifmc_serial|ifmc_ptsm:ifmc_ptsm|tx_shift[17]       ; ifmc_top:Top|ifmc_serial:ifmc_serial|ifmc_ptsm:ifmc_ptsm|tx_shift[18]       ; clk        ; clk      ; 0.000 ns                   ; -0.067 ns                  ; 0.970 ns                 ;
; 1.037 ns                                ; ifmc_top:Top|ifmc_serial:ifmc_serial|ifmc_ptsm:ifmc_ptsm|fmw_din_23         ; ifmc_top:Top|ifmc_fmb:fmb|fm_din_i_0_23                                     ; clk        ; clk      ; 0.000 ns                   ; -0.067 ns                  ; 0.970 ns                 ;
; 1.040 ns                                ; ifmc_top:Top|ifmc_serial:ifmc_serial|ifmc_ptsm:ifmc_ptsm|fmw_din_3          ; ifmc_top:Top|ifmc_fmb:fmb|fm_din_i_0_3                                      ; clk        ; clk      ; 0.000 ns                   ; -0.067 ns                  ; 0.973 ns                 ;
; 1.040 ns                                ; ifmc_top:Top|ifmc_serial:ifmc_serial|ifmc_ptsm:ifmc_ptsm|rx_data[28]        ; ifmc_top:Top|ifmc_serial:ifmc_serial|ifmc_ptsm:ifmc_ptsm|rx_data[20]        ; clk        ; clk      ; 0.000 ns                   ; -0.067 ns                  ; 0.973 ns                 ;
; 1.040 ns                                ; ifmc_top:Top|ifmc_serial:ifmc_serial|ifmc_ptsm:ifmc_ptsm|rx_data[27]        ; ifmc_top:Top|ifmc_serial:ifmc_serial|ifmc_ptsm:ifmc_ptsm|rx_data[19]        ; clk        ; clk      ; 0.000 ns                   ; -0.067 ns                  ; 0.973 ns                 ;
; 1.040 ns                                ; ifmc_top:Top|ifmc_serial:ifmc_serial|ifmc_ptsm:ifmc_ptsm|rx_data[10]        ; ifmc_top:Top|ifmc_serial:ifmc_serial|ifmc_ptsm:ifmc_ptsm|fmw_din_10         ; clk        ; clk      ; 0.000 ns                   ; -0.067 ns                  ; 0.973 ns                 ;
; 1.040 ns                                ; ifmc_top:Top|ifmc_serial:ifmc_serial|ifmc_ptsm:ifmc_ptsm|rx_data[9]         ; ifmc_top:Top|ifmc_serial:ifmc_serial|ifmc_ptsm:ifmc_ptsm|fmw_din_9          ; clk        ; clk      ; 0.000 ns                   ; -0.067 ns                  ; 0.973 ns                 ;
; 1.040 ns                                ; ifmc_top:Top|ifmc_serial:ifmc_serial|ifmc_ptsm:ifmc_ptsm|rx_data[16]        ; ifmc_top:Top|ifmc_serial:ifmc_serial|ifmc_ptsm:ifmc_ptsm|fmw_din_16         ; clk        ; clk      ; 0.000 ns                   ; -0.067 ns                  ; 0.973 ns                 ;
; 1.040 ns                                ; ifmc_top:Top|ifmc_serial:ifmc_serial|ifmc_ptsm:ifmc_ptsm|rx_data[28]        ; ifmc_top:Top|ifmc_serial:ifmc_serial|ifmc_ptsm:ifmc_ptsm|fmw_din_28         ; clk        ; clk      ; 0.000 ns                   ; -0.067 ns                  ; 0.973 ns                 ;
; 1.045 ns                                ; ifmc_top:Top|ifmc_fmb:fmb|cs[7]                                             ; ifmc_top:Top|ifmc_fmb:fmb|cs[7]                                             ; clk        ; clk      ; 0.000 ns                   ; -0.067 ns                  ; 0.978 ns                 ;
; 1.045 ns                                ; ifmc_top:Top|ifmc_serial:ifmc_serial|ifmc_ptsm:ifmc_ptsm|rx_data[4]         ; ifmc_top:Top|ifmc_serial:ifmc_serial|ifmc_ptsm:ifmc_ptsm|fmw_din_4          ; clk        ; clk      ; 0.000 ns                   ; -0.067 ns                  ; 0.978 ns                 ;
; 1.045 ns                                ; ifmc_top:Top|ifmc_serial:ifmc_serial|ifmc_ptsm:ifmc_ptsm|rx_data[0]         ; ifmc_top:Top|ifmc_serial:ifmc_serial|ifmc_ptsm:ifmc_ptsm|fmw_din_0          ; clk        ; clk      ; 0.000 ns                   ; -0.067 ns                  ; 0.978 ns                 ;
; 1.048 ns                                ; ifmc_top:Top|ifmc_serial:ifmc_serial|ifmc_ana:ifmc_ana|scl_dly              ; ifmc_top:Top|ifmc_serial:ifmc_serial|ifmc_ana:ifmc_ana|scl_pos_dly[0]       ; clk        ; clk      ; 0.000 ns                   ; -0.067 ns                  ; 0.981 ns                 ;
; 1.048 ns                                ; ifmc_top:Top|ifmc_serial:ifmc_serial|ifmc_ptsm:ifmc_ptsm|rx_data[31]        ; ifmc_top:Top|ifmc_serial:ifmc_serial|ifmc_ptsm:ifmc_ptsm|rx_data[23]        ; clk        ; clk      ; 0.000 ns                   ; -0.067 ns                  ; 0.981 ns                 ;
; 1.048 ns                                ; ifmc_top:Top|ifmc_serial:ifmc_serial|ifmc_ptsm:ifmc_ptsm|fmw_din_2          ; ifmc_top:Top|ifmc_fmb:fmb|fm_din_i_0_2                                      ; clk        ; clk      ; 0.000 ns                   ; -0.067 ns                  ; 0.981 ns                 ;
; 1.048 ns                                ; ifmc_top:Top|ifmc_serial:ifmc_serial|ifmc_ptsm:ifmc_ptsm|rx_data[19]        ; ifmc_top:Top|ifmc_serial:ifmc_serial|ifmc_ptsm:ifmc_ptsm|fmw_din_19         ; clk        ; clk      ; 0.000 ns                   ; -0.067 ns                  ; 0.981 ns                 ;
; 1.048 ns                                ; ifmc_top:Top|ifmc_serial:ifmc_serial|ifmc_ptsm:ifmc_ptsm|rx_data[18]        ; ifmc_top:Top|ifmc_serial:ifmc_serial|ifmc_ptsm:ifmc_ptsm|fmw_din_18         ; clk        ; clk      ; 0.000 ns                   ; -0.067 ns                  ; 0.981 ns                 ;
; 1.048 ns                                ; ifmc_top:Top|ifmc_serial:ifmc_serial|ifmc_ptsm:ifmc_ptsm|rx_data[26]        ; ifmc_top:Top|ifmc_serial:ifmc_serial|ifmc_ptsm:ifmc_ptsm|fmw_din_26         ; clk        ; clk      ; 0.000 ns                   ; -0.067 ns                  ; 0.981 ns                 ;
; 1.051 ns                                ; ifmc_top:Top|ifmc_serial:ifmc_serial|ifmc_lpf_1:sda_in_lpf|in_dly_i_0[1]    ; ifmc_top:Top|ifmc_serial:ifmc_serial|ifmc_lpf_1:sda_in_lpf|out_i            ; clk        ; clk      ; 0.000 ns                   ; -0.067 ns                  ; 0.984 ns                 ;
; 1.051 ns                                ; ifmc_top:Top|ifmc_bus:ifmc_bus|ifmc_rd:ifmc_rd|cs_1                         ; ifmc_top:Top|ifmc_bus:ifmc_bus|ifmc_rd:ifmc_rd|cs_1                         ; clk        ; clk      ; 0.000 ns                   ; -0.067 ns                  ; 0.984 ns                 ;
; 1.051 ns                                ; ifmc_top:Top|ifmc_bus:ifmc_bus|ifmc_rd:ifmc_rd|cs_1                         ; ifmc_top:Top|ifmc_bus:ifmc_bus|ifmc_rd:ifmc_rd|cs_0                         ; clk        ; clk      ; 0.000 ns                   ; -0.067 ns                  ; 0.984 ns                 ;
; 1.051 ns                                ; ifmc_top:Top|ifmc_bus:ifmc_bus|ifmc_wr:ifmc_wr|cs[16]                       ; ifmc_top:Top|ifmc_bus:ifmc_bus|ifmc_wr:ifmc_wr|cs_i_0                       ; clk        ; clk      ; 0.000 ns                   ; -0.067 ns                  ; 0.984 ns                 ;
; 1.056 ns                                ; ifmc_top:Top|ifmc_serial:ifmc_serial|ifmc_ptsm:ifmc_ptsm|rx_data[14]        ; ifmc_top:Top|ifmc_serial:ifmc_serial|ifmc_ptsm:ifmc_ptsm|rx_data[6]         ; clk        ; clk      ; 0.000 ns                   ; -0.067 ns                  ; 0.989 ns                 ;
; 1.056 ns                                ; ifmc_top:Top|ifmc_bus:ifmc_bus|ifmc_wr:ifmc_wr|cs[5]                        ; ifmc_top:Top|ifmc_bus:ifmc_bus|ifmc_wr:ifmc_wr|cs[5]                        ; clk        ; clk      ; 0.000 ns                   ; -0.067 ns                  ; 0.989 ns                 ;
; 1.056 ns                                ; ifmc_top:Top|ifmc_serial:ifmc_serial|ifmc_ptsm:ifmc_ptsm|rx_data[17]        ; ifmc_top:Top|ifmc_serial:ifmc_serial|ifmc_ptsm:ifmc_ptsm|fmw_din_17         ; clk        ; clk      ; 0.000 ns                   ; -0.067 ns                  ; 0.989 ns                 ;
; 1.056 ns                                ; ifmc_top:Top|ifmc_serial:ifmc_serial|ifmc_ptsm:ifmc_ptsm|rx_data[17]        ; ifmc_top:Top|ifmc_serial:ifmc_serial|ifmc_ptsm:ifmc_ptsm|rx_data[9]         ; clk        ; clk      ; 0.000 ns                   ; -0.067 ns                  ; 0.989 ns                 ;
; 1.059 ns                                ; ifmc_top:Top|ifmc_serial:ifmc_serial|ifmc_ptsm:ifmc_ptsm|rx_shift[4]        ; ifmc_top:Top|ifmc_serial:ifmc_serial|ifmc_ptsm:ifmc_ptsm|rx_shift[5]        ; clk        ; clk      ; 0.000 ns                   ; -0.067 ns                  ; 0.992 ns                 ;
; 1.059 ns                                ; ifmc_top:Top|ifmc_serial:ifmc_serial|ifmc_ptsm:ifmc_ptsm|rx_shift[4]        ; ifmc_top:Top|ifmc_serial:ifmc_serial|ifmc_ptsm:ifmc_ptsm|rx_addr2[4]        ; clk        ; clk      ; 0.000 ns                   ; -0.067 ns                  ; 0.992 ns                 ;
; 1.059 ns                                ; ifmc_top:Top|ifmc_bus:ifmc_bus|ifmc_wr:ifmc_wr|cs[15]                       ; ifmc_top:Top|ifmc_bus:ifmc_bus|ifmc_wr:ifmc_wr|cs[16]                       ; clk        ; clk      ; 0.000 ns                   ; -0.067 ns                  ; 0.992 ns                 ;
; 1.059 ns                                ; ifmc_top:Top|ifmc_bus:ifmc_bus|ifmc_wr:ifmc_wr|cs[15]                       ; ifmc_top:Top|ifmc_bus:ifmc_bus|ifmc_wr:ifmc_wr|cs[15]                       ; clk        ; clk      ; 0.000 ns                   ; -0.067 ns                  ; 0.992 ns                 ;
; 1.059 ns                                ; ifmc_top:Top|ifmc_bus:ifmc_bus|ifmc_wr:ifmc_wr|cs[11]                       ; ifmc_top:Top|ifmc_bus:ifmc_bus|ifmc_wr:ifmc_wr|cs[11]                       ; clk        ; clk      ; 0.000 ns                   ; -0.067 ns                  ; 0.992 ns                 ;
; 1.064 ns                                ; ifmc_top:Top|ifmc_fmb:fmb|cs[4]                                             ; ifmc_top:Top|ifmc_fmb:fmb|cs[5]                                             ; clk        ; clk      ; 0.000 ns                   ; -0.067 ns                  ; 0.997 ns                 ;
; 1.064 ns                                ; ifmc_top:Top|ifmc_fmb:fmb|cnt_i_0[1]                                        ; ifmc_top:Top|ifmc_fmb:fmb|cnt_i_0[1]                                        ; clk        ; clk      ; 0.000 ns                   ; -0.067 ns                  ; 0.997 ns                 ;
; 1.075 ns                                ; ifmc_top:Top|ifmc_serial:ifmc_serial|ifmc_ptsm:ifmc_ptsm|rx_shift[6]        ; ifmc_top:Top|ifmc_serial:ifmc_serial|ifmc_ptsm:ifmc_ptsm|rx_shift[7]        ; clk        ; clk      ; 0.000 ns                   ; -0.067 ns                  ; 1.008 ns                 ;
; 1.075 ns                                ; ifmc_top:Top|ifmc_serial:ifmc_serial|ifmc_lpf:scl_in_lpf|in_dly_i_0[1]      ; ifmc_top:Top|ifmc_serial:ifmc_serial|ifmc_lpf:scl_in_lpf|in_dly_i_0[2]      ; clk        ; clk      ; 0.000 ns                   ; -0.067 ns                  ; 1.008 ns                 ;
; 1.075 ns                                ; ifmc_top:Top|ifmc_serial:ifmc_serial|ifmc_ptsm:ifmc_ptsm|rx_shift[6]        ; ifmc_top:Top|ifmc_serial:ifmc_serial|ifmc_ptsm:ifmc_ptsm|rx_addr2[6]        ; clk        ; clk      ; 0.000 ns                   ; -0.067 ns                  ; 1.008 ns                 ;
; 1.075 ns                                ; ifmc_top:Top|ifmc_serial:ifmc_serial|ifmc_ptsm:ifmc_ptsm|wait_nvstr         ; ifmc_top:Top|ifmc_serial:ifmc_serial|ifmc_ptsm:ifmc_ptsm|fmw_xe             ; clk        ; clk      ; 0.000 ns                   ; -0.067 ns                  ; 1.008 ns                 ;
; 1.077 ns                                ; ifmc_top:Top|ifmc_serial:ifmc_serial|ifmc_tool:ifmc_tool|cnt[4]             ; ifmc_top:Top|ifmc_serial:ifmc_serial|ifmc_tool:ifmc_tool|cnt[4]             ; clk        ; clk      ; 0.000 ns                   ; -0.067 ns                  ; 1.010 ns                 ;
; 1.077 ns                                ; ifmc_top:Top|ifmc_bus:ifmc_bus|ifmc_wr:ifmc_wr|cs_4                         ; ifmc_top:Top|ifmc_bus:ifmc_bus|ifmc_wr:ifmc_wr|cs_4                         ; clk        ; clk      ; 0.000 ns                   ; -0.067 ns                  ; 1.010 ns                 ;
; 1.083 ns                                ; ifmc_top:Top|ifmc_fmb:fmb|cs_7                                              ; ifmc_top:Top|ifmc_fmb:fmb|fm_ifren                                          ; clk        ; clk      ; 0.000 ns                   ; -0.067 ns                  ; 1.016 ns                 ;
; 1.085 ns                                ; ifmc_top:Top|fm_shell:fmcore|tcnt[5]                                        ; ifmc_top:Top|fm_shell:fmcore|tcnt[5]                                        ; clk        ; clk      ; 0.000 ns                   ; -0.067 ns                  ; 1.018 ns                 ;
; 1.085 ns                                ; ifmc_top:Top|fm_shell:fmcore|tcnt[6]                                        ; ifmc_top:Top|fm_shell:fmcore|tcnt[6]                                        ; clk        ; clk      ; 0.000 ns                   ; -0.067 ns                  ; 1.018 ns                 ;
; 1.085 ns                                ; ifmc_top:Top|ifmc_serial:ifmc_serial|ifmc_ptsm:ifmc_ptsm|fmw_adr_1_3        ; ifmc_top:Top|ifmc_serial:ifmc_serial|ifmc_ptsm:ifmc_ptsm|fmw_adr_1_3        ; clk        ; clk      ; 0.000 ns                   ; -0.067 ns                  ; 1.018 ns                 ;
; 1.085 ns                                ; ifmc_top:Top|ifmc_serial:ifmc_serial|ifmc_ptsm:ifmc_ptsm|fmw_adr_1_1        ; ifmc_top:Top|ifmc_serial:ifmc_serial|ifmc_ptsm:ifmc_ptsm|fmw_adr_1_1        ; clk        ; clk      ; 0.000 ns                   ; -0.067 ns                  ; 1.018 ns                 ;
; 1.085 ns                                ; ifmc_top:Top|fm_shell:fmcore|tcnt[16]                                       ; ifmc_top:Top|fm_shell:fmcore|tcnt[16]                                       ; clk        ; clk      ; 0.000 ns                   ; -0.067 ns                  ; 1.018 ns                 ;
; 1.085 ns                                ; ifmc_top:Top|fm_shell:fmcore|tcnt[15]                                       ; ifmc_top:Top|fm_shell:fmcore|tcnt[15]                                       ; clk        ; clk      ; 0.000 ns                   ; -0.067 ns                  ; 1.018 ns                 ;
; 1.085 ns                                ; ifmc_top:Top|ifmc_serial:ifmc_serial|ifmc_ptsm:ifmc_ptsm|sop_read           ; ifmc_top:Top|ifmc_serial:ifmc_serial|ifmc_ptsm:ifmc_ptsm|fmw_xe             ; clk        ; clk      ; 0.000 ns                   ; -0.067 ns                  ; 1.018 ns                 ;
; 1.085 ns                                ; ifmc_top:Top|ifmc_bus:ifmc_bus|ifmc_wr:ifmc_wr|ifmc_pscal:pscaler|cnt_i[2]  ; ifmc_top:Top|ifmc_bus:ifmc_bus|ifmc_wr:ifmc_wr|ifmc_pscal:pscaler|cnt_i[2]  ; clk        ; clk      ; 0.000 ns                   ; -0.067 ns                  ; 1.018 ns                 ;
; 1.085 ns                                ; ifmc_top:Top|ifmc_bus:ifmc_bus|ifmc_wr:ifmc_wr|ifmc_pscal:pscaler|cnt_i[3]  ; ifmc_top:Top|ifmc_bus:ifmc_bus|ifmc_wr:ifmc_wr|ifmc_pscal:pscaler|cnt_i[3]  ; clk        ; clk      ; 0.000 ns                   ; -0.067 ns                  ; 1.018 ns                 ;
; 1.091 ns                                ; ifmc_top:Top|ifmc_fmb:fmb|cs[5]                                             ; ifmc_top:Top|ifmc_fmb:fmb|cs[6]                                             ; clk        ; clk      ; 0.000 ns                   ; -0.067 ns                  ; 1.024 ns                 ;
; 1.091 ns                                ; ifmc_top:Top|ifmc_bus:ifmc_bus|ifmc_wr:ifmc_wr|cs[13]                       ; ifmc_top:Top|ifmc_bus:ifmc_bus|ifmc_wr:ifmc_wr|cs[13]                       ; clk        ; clk      ; 0.000 ns                   ; -0.067 ns                  ; 1.024 ns                 ;
; 1.091 ns                                ; ifmc_top:Top|ifmc_bus:ifmc_bus|ifmc_wr:ifmc_wr|cs[3]                        ; ifmc_top:Top|ifmc_bus:ifmc_bus|ifmc_wr:ifmc_wr|cs[3]                        ; clk        ; clk      ; 0.000 ns                   ; -0.067 ns                  ; 1.024 ns                 ;
; 1.091 ns                                ; ifmc_top:Top|ifmc_bus:ifmc_bus|ifmc_wr:ifmc_wr|cs[3]                        ; ifmc_top:Top|ifmc_bus:ifmc_bus|ifmc_wr:ifmc_wr|cs[4]                        ; clk        ; clk      ; 0.000 ns                   ; -0.067 ns                  ; 1.024 ns                 ;
; 1.093 ns                                ; ifmc_top:Top|ifmc_serial:ifmc_serial|ifmc_tool:ifmc_tool|cnt[3]             ; ifmc_top:Top|ifmc_serial:ifmc_serial|ifmc_tool:ifmc_tool|cnt[3]             ; clk        ; clk      ; 0.000 ns                   ; -0.067 ns                  ; 1.026 ns                 ;
; 1.093 ns                                ; ifmc_top:Top|ifmc_serial:ifmc_serial|ifmc_tool:ifmc_tool|cnt[2]             ; ifmc_top:Top|ifmc_serial:ifmc_serial|ifmc_tool:ifmc_tool|cnt[2]             ; clk        ; clk      ; 0.000 ns                   ; -0.067 ns                  ; 1.026 ns                 ;
; 1.093 ns                                ; ifmc_top:Top|ifmc_serial:ifmc_serial|ifmc_tool:ifmc_tool|cnt[1]             ; ifmc_top:Top|ifmc_serial:ifmc_serial|ifmc_tool:ifmc_tool|cnt[1]             ; clk        ; clk      ; 0.000 ns                   ; -0.067 ns                  ; 1.026 ns                 ;
; 1.093 ns                                ; ifmc_top:Top|ifmc_serial:ifmc_serial|ifmc_ptsm:ifmc_ptsm|fmw_adr_1_8        ; ifmc_top:Top|ifmc_serial:ifmc_serial|ifmc_ptsm:ifmc_ptsm|fmw_adr_1_8        ; clk        ; clk      ; 0.000 ns                   ; -0.067 ns                  ; 1.026 ns                 ;
; 1.093 ns                                ; ifmc_top:Top|ifmc_serial:ifmc_serial|ifmc_ptsm:ifmc_ptsm|tx_shift[25]       ; ifmc_top:Top|ifmc_serial:ifmc_serial|ifmc_ptsm:ifmc_ptsm|tx_shift[26]       ; clk        ; clk      ; 0.000 ns                   ; -0.067 ns                  ; 1.026 ns                 ;
; 1.093 ns                                ; ifmc_top:Top|ifmc_serial:ifmc_serial|ifmc_ptsm:ifmc_ptsm|tx_shift[21]       ; ifmc_top:Top|ifmc_serial:ifmc_serial|ifmc_ptsm:ifmc_ptsm|tx_shift[22]       ; clk        ; clk      ; 0.000 ns                   ; -0.067 ns                  ; 1.026 ns                 ;
; 1.093 ns                                ; ifmc_top:Top|ifmc_serial:ifmc_serial|ifmc_ptsm:ifmc_ptsm|tx_shift[18]       ; ifmc_top:Top|ifmc_serial:ifmc_serial|ifmc_ptsm:ifmc_ptsm|tx_shift[19]       ; clk        ; clk      ; 0.000 ns                   ; -0.067 ns                  ; 1.026 ns                 ;
; 1.096 ns                                ; ifmc_top:Top|ifmc_serial:ifmc_serial|ifmc_ptsm:ifmc_ptsm|cs_2               ; ifmc_top:Top|ifmc_serial:ifmc_serial|ifmc_ptsm:ifmc_ptsm|cs_2               ; clk        ; clk      ; 0.000 ns                   ; -0.067 ns                  ; 1.029 ns                 ;
; 1.096 ns                                ; ifmc_top:Top|ifmc_bus:ifmc_bus|ifmc_wr:ifmc_wr|q_internal[6]                ; ifmc_top:Top|ifmc_bus:ifmc_bus|ifmc_wr:ifmc_wr|q_internal[6]                ; clk        ; clk      ; 0.000 ns                   ; -0.067 ns                  ; 1.029 ns                 ;
; 1.096 ns                                ; ifmc_top:Top|ifmc_bus:ifmc_bus|ifmc_wr:ifmc_wr|q_internal[0]                ; ifmc_top:Top|ifmc_bus:ifmc_bus|ifmc_wr:ifmc_wr|q_internal[0]                ; clk        ; clk      ; 0.000 ns                   ; -0.067 ns                  ; 1.029 ns                 ;
; 1.099 ns                                ; ifmc_top:Top|fm_shell:fmcore|tcnt[11]                                       ; ifmc_top:Top|fm_shell:fmcore|tcnt[11]                                       ; clk        ; clk      ; 0.000 ns                   ; -0.067 ns                  ; 1.032 ns                 ;
; 1.101 ns                                ; ifmc_top:Top|ifmc_serial:ifmc_serial|ifmc_ana:ifmc_ana|sst_start            ; ifmc_top:Top|ifmc_serial:ifmc_serial|ifmc_ptsm:ifmc_ptsm|cs_0               ; clk        ; clk      ; 0.000 ns                   ; -0.067 ns                  ; 1.034 ns                 ;
; 1.101 ns                                ; ifmc_top:Top|ifmc_serial:ifmc_serial|ifmc_ptsm:ifmc_ptsm|tx_shift[30]       ; ifmc_top:Top|ifmc_serial:ifmc_serial|ifmc_ptsm:ifmc_ptsm|tx_shift_31        ; clk        ; clk      ; 0.000 ns                   ; -0.067 ns                  ; 1.034 ns                 ;
; 1.101 ns                                ; ifmc_top:Top|ifmc_serial:ifmc_serial|ifmc_ptsm:ifmc_ptsm|fmw_adr_1_7        ; ifmc_top:Top|ifmc_serial:ifmc_serial|ifmc_ptsm:ifmc_ptsm|fmw_adr_1_7        ; clk        ; clk      ; 0.000 ns                   ; -0.067 ns                  ; 1.034 ns                 ;
; 1.102 ns                                ; ifmc_top:Top|ifmc_serial:ifmc_serial|ifmc_ptsm:ifmc_ptsm|cs_5               ; ifmc_top:Top|ifmc_serial:ifmc_serial|ifmc_ptsm:ifmc_ptsm|cs_5               ; clk        ; clk      ; 0.000 ns                   ; -0.067 ns                  ; 1.035 ns                 ;
; 1.104 ns                                ; ifmc_top:Top|ifmc_fmb:fmb|cnt_i_0[0]                                        ; ifmc_top:Top|ifmc_fmb:fmb|cnt_i_0[0]                                        ; clk        ; clk      ; 0.000 ns                   ; -0.067 ns                  ; 1.037 ns                 ;
; 1.104 ns                                ; ifmc_top:Top|ifmc_fmb:fmb|cnt_i_0[0]                                        ; ifmc_top:Top|ifmc_fmb:fmb|cnt_i_0[1]                                        ; clk        ; clk      ; 0.000 ns                   ; -0.067 ns                  ; 1.037 ns                 ;
; 1.107 ns                                ; ifmc_top:Top|fm_shell:fmcore|tcnt[4]                                        ; ifmc_top:Top|fm_shell:fmcore|tcnt[4]                                        ; clk        ; clk      ; 0.000 ns                   ; -0.067 ns                  ; 1.040 ns                 ;
; 1.107 ns                                ; ifmc_top:Top|fm_shell:fmcore|tcnt[7]                                        ; ifmc_top:Top|fm_shell:fmcore|tcnt[7]                                        ; clk        ; clk      ; 0.000 ns                   ; -0.067 ns                  ; 1.040 ns                 ;
; 1.107 ns                                ; ifmc_top:Top|fm_shell:fmcore|tcnt[8]                                        ; ifmc_top:Top|fm_shell:fmcore|tcnt[8]                                        ; clk        ; clk      ; 0.000 ns                   ; -0.067 ns                  ; 1.040 ns                 ;
; 1.107 ns                                ; ifmc_top:Top|fm_shell:fmcore|tcnt[9]                                        ; ifmc_top:Top|fm_shell:fmcore|tcnt[9]                                        ; clk        ; clk      ; 0.000 ns                   ; -0.067 ns                  ; 1.040 ns                 ;
; 1.107 ns                                ; ifmc_top:Top|ifmc_serial:ifmc_serial|ifmc_ptsm:ifmc_ptsm|tx_shift[22]       ; ifmc_top:Top|ifmc_serial:ifmc_serial|ifmc_ptsm:ifmc_ptsm|tx_shift[23]       ; clk        ; clk      ; 0.000 ns                   ; -0.067 ns                  ; 1.040 ns                 ;
; 1.107 ns                                ; ifmc_top:Top|ifmc_serial:ifmc_serial|ifmc_ptsm:ifmc_ptsm|tx_shift[2]        ; ifmc_top:Top|ifmc_serial:ifmc_serial|ifmc_ptsm:ifmc_ptsm|tx_shift_3         ; clk        ; clk      ; 0.000 ns                   ; -0.067 ns                  ; 1.040 ns                 ;
; 1.112 ns                                ; ifmc_top:Top|ifmc_serial:ifmc_serial|ifmc_ptsm:ifmc_ptsm|fmw_adr_1_4        ; ifmc_top:Top|ifmc_serial:ifmc_serial|ifmc_ptsm:ifmc_ptsm|fmw_adr_1_4        ; clk        ; clk      ; 0.000 ns                   ; -0.067 ns                  ; 1.045 ns                 ;
; 1.112 ns                                ; ifmc_top:Top|ifmc_serial:ifmc_serial|ifmc_ptsm:ifmc_ptsm|sop_prog           ; ifmc_top:Top|ifmc_serial:ifmc_serial|ifmc_ptsm:ifmc_ptsm|fmw_prog           ; clk        ; clk      ; 0.000 ns                   ; -0.067 ns                  ; 1.045 ns                 ;
; 1.112 ns                                ; ifmc_top:Top|ifmc_bus:ifmc_bus|ifmc_wr:ifmc_wr|ifmc_pscal:pscaler|cnt_i[4]  ; ifmc_top:Top|ifmc_bus:ifmc_bus|ifmc_wr:ifmc_wr|ifmc_pscal:pscaler|cnt_i[4]  ; clk        ; clk      ; 0.000 ns                   ; -0.067 ns                  ; 1.045 ns                 ;
; 1.112 ns                                ; ifmc_top:Top|ifmc_bus:ifmc_bus|ifmc_wr:ifmc_wr|ifmc_pscal:pscaler|cnt[5]    ; ifmc_top:Top|ifmc_bus:ifmc_bus|ifmc_wr:ifmc_wr|ifmc_pscal:pscaler|cnt[5]    ; clk        ; clk      ; 0.000 ns                   ; -0.067 ns                  ; 1.045 ns                 ;
; 1.115 ns                                ; ifmc_top:Top|fm_shell:fmcore|tcnt[1]                                        ; ifmc_top:Top|fm_shell:fmcore|tcnt[1]                                        ; clk        ; clk      ; 0.000 ns                   ; -0.067 ns                  ; 1.048 ns                 ;
; 1.115 ns                                ; ifmc_top:Top|fm_shell:fmcore|tcnt[2]                                        ; ifmc_top:Top|fm_shell:fmcore|tcnt[2]                                        ; clk        ; clk      ; 0.000 ns                   ; -0.067 ns                  ; 1.048 ns                 ;
; 1.115 ns                                ; ifmc_top:Top|fm_shell:fmcore|tcnt[3]                                        ; ifmc_top:Top|fm_shell:fmcore|tcnt[3]                                        ; clk        ; clk      ; 0.000 ns                   ; -0.067 ns                  ; 1.048 ns                 ;
; 1.115 ns                                ; ifmc_top:Top|ifmc_serial:ifmc_serial|ifmc_ptsm:ifmc_ptsm|tx_shift[26]       ; ifmc_top:Top|ifmc_serial:ifmc_serial|ifmc_ptsm:ifmc_ptsm|tx_shift[27]       ; clk        ; clk      ; 0.000 ns                   ; -0.067 ns                  ; 1.048 ns                 ;
; 1.115 ns                                ; ifmc_top:Top|ifmc_serial:ifmc_serial|ifmc_ptsm:ifmc_ptsm|fmw_din_11         ; ifmc_top:Top|ifmc_fmb:fmb|fm_din_i_0_11                                     ; clk        ; clk      ; 0.000 ns                   ; -0.067 ns                  ; 1.048 ns                 ;
; 1.118 ns                                ; ifmc_top:Top|ifmc_serial:ifmc_serial|ifmc_tool:ifmc_tool|cnt[5]             ; ifmc_top:Top|ifmc_serial:ifmc_serial|ifmc_tool:ifmc_tool|cnt[5]             ; clk        ; clk      ; 0.000 ns                   ; -0.067 ns                  ; 1.051 ns                 ;
; 1.118 ns                                ; ifmc_top:Top|ifmc_serial:ifmc_serial|ifmc_ptsm:ifmc_ptsm|fmw_adr_1_9        ; ifmc_top:Top|ifmc_serial:ifmc_serial|ifmc_ptsm:ifmc_ptsm|fmw_adr_1_9        ; clk        ; clk      ; 0.000 ns                   ; -0.067 ns                  ; 1.051 ns                 ;
; 1.118 ns                                ; ifmc_top:Top|ifmc_bus:ifmc_bus|ifmc_wr:ifmc_wr|cs[9]                        ; ifmc_top:Top|ifmc_bus:ifmc_bus|ifmc_wr:ifmc_wr|cs[9]                        ; clk        ; clk      ; 0.000 ns                   ; -0.067 ns                  ; 1.051 ns                 ;
; 1.120 ns                                ; ifmc_top:Top|fm_shell:fmcore|tcnt[18]                                       ; ifmc_top:Top|fm_shell:fmcore|tcnt[18]                                       ; clk        ; clk      ; 0.000 ns                   ; -0.067 ns                  ; 1.053 ns                 ;
; 1.120 ns                                ; ifmc_top:Top|fm_shell:fmcore|tcnt[21]                                       ; ifmc_top:Top|fm_shell:fmcore|tcnt[21]                                       ; clk        ; clk      ; 0.000 ns                   ; -0.067 ns                  ; 1.053 ns                 ;
; 1.120 ns                                ; ifmc_top:Top|fm_shell:fmcore|tcnt[20]                                       ; ifmc_top:Top|fm_shell:fmcore|tcnt[20]                                       ; clk        ; clk      ; 0.000 ns                   ; -0.067 ns                  ; 1.053 ns                 ;
; 1.123 ns                                ; ifmc_top:Top|ifmc_bus:ifmc_bus|ifmc_rd:ifmc_rd|cs_0                         ; ifmc_top:Top|ifmc_bus:ifmc_bus|ifmc_rd:ifmc_rd|cs_0                         ; clk        ; clk      ; 0.000 ns                   ; -0.067 ns                  ; 1.056 ns                 ;
; 1.123 ns                                ; ifmc_top:Top|ifmc_serial:ifmc_serial|ifmc_ptsm:ifmc_ptsm|fmw_adr_1_6        ; ifmc_top:Top|ifmc_serial:ifmc_serial|ifmc_ptsm:ifmc_ptsm|fmw_adr_1_6        ; clk        ; clk      ; 0.000 ns                   ; -0.067 ns                  ; 1.056 ns                 ;
; 1.123 ns                                ; ifmc_top:Top|ifmc_serial:ifmc_serial|ifmc_ptsm:ifmc_ptsm|ddm_dly[2]         ; ifmc_top:Top|ifmc_serial:ifmc_serial|ifmc_ptsm:ifmc_ptsm|addr_inc           ; clk        ; clk      ; 0.000 ns                   ; -0.067 ns                  ; 1.056 ns                 ;
; 1.126 ns                                ; ifmc_top:Top|ifmc_bus:ifmc_bus|ifmc_wr:ifmc_wr|ifmc_pscal:pscaler|cnt[6]    ; ifmc_top:Top|ifmc_bus:ifmc_bus|ifmc_wr:ifmc_wr|ifmc_pscal:pscaler|cnt[6]    ; clk        ; clk      ; 0.000 ns                   ; -0.067 ns                  ; 1.059 ns                 ;
; 1.128 ns                                ; ifmc_top:Top|fm_shell:fmcore|tcnt[10]                                       ; ifmc_top:Top|fm_shell:fmcore|tcnt[10]                                       ; clk        ; clk      ; 0.000 ns                   ; -0.067 ns                  ; 1.061 ns                 ;
; 1.128 ns                                ; ifmc_top:Top|fm_shell:fmcore|tcnt[12]                                       ; ifmc_top:Top|fm_shell:fmcore|tcnt[12]                                       ; clk        ; clk      ; 0.000 ns                   ; -0.067 ns                  ; 1.061 ns                 ;
; 1.128 ns                                ; ifmc_top:Top|fm_shell:fmcore|tcnt[13]                                       ; ifmc_top:Top|fm_shell:fmcore|tcnt[13]                                       ; clk        ; clk      ; 0.000 ns                   ; -0.067 ns                  ; 1.061 ns                 ;
; 1.131 ns                                ; ifmc_top:Top|ifmc_bus:ifmc_bus|ifmc_wr:ifmc_wr|cs_i_0                       ; ifmc_top:Top|ifmc_bus:ifmc_bus|ifmc_wr:ifmc_wr|cs_i_0                       ; clk        ; clk      ; 0.000 ns                   ; -0.067 ns                  ; 1.064 ns                 ;
; 1.133 ns                                ; ifmc_top:Top|ifmc_bus:ifmc_bus|ifmc_wr:ifmc_wr|cs[4]                        ; ifmc_top:Top|ifmc_bus:ifmc_bus|ifmc_wr:ifmc_wr|cs[5]                        ; clk        ; clk      ; 0.000 ns                   ; -0.067 ns                  ; 1.066 ns                 ;
; 1.134 ns                                ; ifmc_top:Top|ifmc_serial:ifmc_serial|ifmc_ptsm:ifmc_ptsm|fmw_adr_1_5        ; ifmc_top:Top|ifmc_serial:ifmc_serial|ifmc_ptsm:ifmc_ptsm|fmw_adr_1_5        ; clk        ; clk      ; 0.000 ns                   ; -0.067 ns                  ; 1.067 ns                 ;
; 1.134 ns                                ; ifmc_top:Top|fm_shell:fmcore|tcnt[17]                                       ; ifmc_top:Top|fm_shell:fmcore|tcnt[17]                                       ; clk        ; clk      ; 0.000 ns                   ; -0.067 ns                  ; 1.067 ns                 ;
; 1.134 ns                                ; ifmc_top:Top|fm_shell:fmcore|tcnt[14]                                       ; ifmc_top:Top|fm_shell:fmcore|tcnt[14]                                       ; clk        ; clk      ; 0.000 ns                   ; -0.067 ns                  ; 1.067 ns                 ;
; 1.134 ns                                ; ifmc_top:Top|ifmc_bus:ifmc_bus|ifmc_wr:ifmc_wr|q_internal[2]                ; ifmc_top:Top|ifmc_bus:ifmc_bus|ifmc_wr:ifmc_wr|q_internal[2]                ; clk        ; clk      ; 0.000 ns                   ; -0.067 ns                  ; 1.067 ns                 ;
; 1.134 ns                                ; ifmc_top:Top|ifmc_bus:ifmc_bus|ifmc_wr:ifmc_wr|q_internal[1]                ; ifmc_top:Top|ifmc_bus:ifmc_bus|ifmc_wr:ifmc_wr|q_internal[1]                ; clk        ; clk      ; 0.000 ns                   ; -0.067 ns                  ; 1.067 ns                 ;
; 1.134 ns                                ; ifmc_top:Top|ifmc_bus:ifmc_bus|ifmc_wr:ifmc_wr|ifmc_pscal:pscaler|cnt_i[1]  ; ifmc_top:Top|ifmc_bus:ifmc_bus|ifmc_wr:ifmc_wr|ifmc_pscal:pscaler|cnt_i[1]  ; clk        ; clk      ; 0.000 ns                   ; -0.067 ns                  ; 1.067 ns                 ;
; 1.139 ns                                ; ifmc_top:Top|ifmc_fmb:fmb|rd_cs_0                                           ; ifmc_top:Top|ifmc_fmb:fmb|rd_cs_1                                           ; clk        ; clk      ; 0.000 ns                   ; -0.067 ns                  ; 1.072 ns                 ;
; 1.139 ns                                ; ifmc_top:Top|ifmc_fmb:fmb|rd_cs_0                                           ; ifmc_top:Top|ifmc_fmb:fmb|cs[6]                                             ; clk        ; clk      ; 0.000 ns                   ; -0.067 ns                  ; 1.072 ns                 ;
; 1.142 ns                                ; ifmc_top:Top|ifmc_bus:ifmc_bus|ifmc_wr:ifmc_wr|cs[14]                       ; ifmc_top:Top|ifmc_bus:ifmc_bus|ifmc_wr:ifmc_wr|cs[15]                       ; clk        ; clk      ; 0.000 ns                   ; -0.067 ns                  ; 1.075 ns                 ;
; Timing analysis restricted to 200 rows. ; To change the limit use Settings (Assignments menu)                         ;                                                                             ;            ;          ;                            ;                            ;                          ;
+-----------------------------------------+-----------------------------------------------------------------------------+-----------------------------------------------------------------------------+------------+----------+----------------------------+----------------------------+--------------------------+


+---------------------------------------------------------------------------------------------------------------------------------+
; tsu                                                                                                                             ;
+-------+--------------+------------+-------+--------------------------------------------------------------------------+----------+
; Slack ; Required tsu ; Actual tsu ; From  ; To                                                                       ; To Clock ;
+-------+--------------+------------+-------+--------------------------------------------------------------------------+----------+
; N/A   ; None         ; 14.028 ns  ; tmode ; ifmc_top:Top|ifmc_serial:ifmc_serial|ifmc_tool:ifmc_tool|cnt[5]          ; clk      ;
; N/A   ; None         ; 14.028 ns  ; tmode ; ifmc_top:Top|ifmc_serial:ifmc_serial|ifmc_tool:ifmc_tool|cnt[4]          ; clk      ;
; N/A   ; None         ; 14.028 ns  ; tmode ; ifmc_top:Top|ifmc_serial:ifmc_serial|ifmc_tool:ifmc_tool|cnt[3]          ; clk      ;
; N/A   ; None         ; 14.028 ns  ; tmode ; ifmc_top:Top|ifmc_serial:ifmc_serial|ifmc_tool:ifmc_tool|cnt[2]          ; clk      ;
; N/A   ; None         ; 14.028 ns  ; tmode ; ifmc_top:Top|ifmc_serial:ifmc_serial|ifmc_tool:ifmc_tool|cnt[1]          ; clk      ;
; N/A   ; None         ; 11.109 ns  ; tmode ; ifmc_top:Top|ifmc_serial:ifmc_serial|ifmc_tool:ifmc_tool|tool_mode       ; clk      ;
; N/A   ; None         ; 9.669 ns   ; scl   ; ifmc_top:Top|ifmc_serial:ifmc_serial|ifmc_lpf:scl_in_lpf|out_i           ; clk      ;
; N/A   ; None         ; 7.496 ns   ; sda   ; ifmc_top:Top|ifmc_serial:ifmc_serial|ifmc_lpf_1:sda_in_lpf|out_i         ; clk      ;
; N/A   ; None         ; 7.264 ns   ; scl   ; ifmc_top:Top|ifmc_serial:ifmc_serial|ifmc_lpf:scl_in_lpf|in_dly_i_0[0]   ; clk      ;
; N/A   ; None         ; 4.202 ns   ; sda   ; ifmc_top:Top|ifmc_serial:ifmc_serial|ifmc_lpf_1:sda_in_lpf|in_dly_i_0[0] ; clk      ;
+-------+--------------+------------+-------+--------------------------------------------------------------------------+----------+


+---------------------------------------------------------------------------------------------------------------------------------------+
; tco                                                                                                                                   ;
+-------+--------------+------------+---------------------------------------------------------------------+----------------+------------+
; Slack ; Required tco ; Actual tco ; From                                                                ; To             ; From Clock ;
+-------+--------------+------------+---------------------------------------------------------------------+----------------+------------+
; N/A   ; None         ; 14.905 ns  ; ifmc_top:Top|ifmc_serial:ifmc_serial|ifmc_tool:ifmc_tool|tool_mode  ; tool_mode      ; clk        ;
; N/A   ; None         ; 14.704 ns  ; ifmc_top:Top|ifmc_serial:ifmc_serial|ifmc_ptsm:ifmc_ptsm|tx_shift_0 ; sda            ; clk        ;
; N/A   ; None         ; 14.225 ns  ; ifmc_top:Top|ifmc_serial:ifmc_serial|ifmc_ptsm:ifmc_ptsm|cs_3       ; sm_clr_counter ; clk        ;
; N/A   ; None         ; 14.216 ns  ; ifmc_top:Top|ifmc_serial:ifmc_serial|ifmc_ptsm:ifmc_ptsm|cs_4       ; sm_get_data    ; clk        ;
; N/A   ; None         ; 14.169 ns  ; ifmc_top:Top|ifmc_serial:ifmc_serial|ifmc_ptsm:ifmc_ptsm|cs_0       ; sm_initialize  ; clk        ;
; N/A   ; None         ; 14.130 ns  ; ifmc_top:Top|ifmc_serial:ifmc_serial|ifmc_ptsm:ifmc_ptsm|cs_6       ; sm_stop        ; clk        ;
; N/A   ; None         ; 14.109 ns  ; ifmc_top:Top|ifmc_serial:ifmc_serial|ifmc_ptsm:ifmc_ptsm|cs_1       ; sm_get_addr    ; clk        ;
; N/A   ; None         ; 14.062 ns  ; ifmc_top:Top|ifmc_serial:ifmc_serial|ifmc_ptsm:ifmc_ptsm|cs_5       ; sm_data_dummy  ; clk        ;
; N/A   ; None         ; 13.983 ns  ; ifmc_top:Top|ifmc_serial:ifmc_serial|ifmc_ptsm:ifmc_ptsm|cs_i_0     ; sm_idle        ; clk        ;
; N/A   ; None         ; 13.952 ns  ; ifmc_top:Top|ifmc_serial:ifmc_serial|ifmc_ptsm:ifmc_ptsm|cs_2       ; sm_addr_dummy  ; clk        ;
; N/A   ; None         ; 13.656 ns  ; ifmc_top:Top|ifmc_serial:ifmc_serial|ifmc_ptsm:ifmc_ptsm|sop_rdp    ; sda            ; clk        ;
; N/A   ; None         ; 13.541 ns  ; ifmc_top:Top|ifmc_serial:ifmc_serial|ifmc_ptsm:ifmc_ptsm|sop_read   ; sda            ; clk        ;
; N/A   ; None         ; 12.867 ns  ; ifmc_top:Top|ifmc_serial:ifmc_serial|ifmc_ptsm:ifmc_ptsm|cs_4       ; sda            ; clk        ;
+-------+--------------+------------+---------------------------------------------------------------------+----------------+------------+


+----------------------------------------------------------------------------------------------------------------------------------------+
; th                                                                                                                                     ;
+---------------+-------------+------------+-------+--------------------------------------------------------------------------+----------+
; Minimum Slack ; Required th ; Actual th  ; From  ; To                                                                       ; To Clock ;
+---------------+-------------+------------+-------+--------------------------------------------------------------------------+----------+
; N/A           ; None        ; -3.702 ns  ; sda   ; ifmc_top:Top|ifmc_serial:ifmc_serial|ifmc_lpf_1:sda_in_lpf|in_dly_i_0[0] ; clk      ;
; N/A           ; None        ; -6.764 ns  ; scl   ; ifmc_top:Top|ifmc_serial:ifmc_serial|ifmc_lpf:scl_in_lpf|in_dly_i_0[0]   ; clk      ;
; N/A           ; None        ; -6.996 ns  ; sda   ; ifmc_top:Top|ifmc_serial:ifmc_serial|ifmc_lpf_1:sda_in_lpf|out_i         ; clk      ;
; N/A           ; None        ; -8.812 ns  ; tmode ; ifmc_top:Top|ifmc_serial:ifmc_serial|ifmc_tool:ifmc_tool|tool_mode       ; clk      ;
; N/A           ; None        ; -9.169 ns  ; scl   ; ifmc_top:Top|ifmc_serial:ifmc_serial|ifmc_lpf:scl_in_lpf|out_i           ; clk      ;
; N/A           ; None        ; -13.528 ns ; tmode ; ifmc_top:Top|ifmc_serial:ifmc_serial|ifmc_tool:ifmc_tool|cnt[5]          ; clk      ;
; N/A           ; None        ; -13.528 ns ; tmode ; ifmc_top:Top|ifmc_serial:ifmc_serial|ifmc_tool:ifmc_tool|cnt[4]          ; clk      ;
; N/A           ; None        ; -13.528 ns ; tmode ; ifmc_top:Top|ifmc_serial:ifmc_serial|ifmc_tool:ifmc_tool|cnt[3]          ; clk      ;
; N/A           ; None        ; -13.528 ns ; tmode ; ifmc_top:Top|ifmc_serial:ifmc_serial|ifmc_tool:ifmc_tool|cnt[2]          ; clk      ;
; N/A           ; None        ; -13.528 ns ; tmode ; ifmc_top:Top|ifmc_serial:ifmc_serial|ifmc_tool:ifmc_tool|cnt[1]          ; clk      ;
+---------------+-------------+------------+-------+--------------------------------------------------------------------------+----------+


+--------------------------+
; Timing Analyzer Messages ;
+--------------------------+
Info: *******************************************************************
Info: Running Quartus II Timing Analyzer
    Info: Version 4.2 Build 157 12/07/2004 SJ Full Version
    Info: Processing started: Fri Mar 31 09:44:33 2006
Info: Command: quartus_tan --import_settings_files=off --export_settings_files=off ifmc -c ifmc_top
Info: Started post-fitting delay annotation
Info: Delay annotation completed successfully
Warning: Found pins functioning as undefined clocks and/or memory enables
    Info: Assuming node "clk" is an undefined clock
Info: Slack time is 2.005 ns for clock "clk" between source register "ifmc_top:Top|ifmc_fmb:fmb|fm_prog" and destination memory "ifmc_top:Top|fm_shell:fmcore|altdpram:I|segment[3][6]~reg_we"
    Info: Fmax is 55.57 MHz (period= 17.995 ns)
    Info: + Largest register to memory requirement is 18.987 ns
        Info: + Setup relationship between source and destination is 20.000 ns
            Info: + Latch edge is 20.000 ns
                Info: Clock period of Destination clock "clk" is 20.000 ns with  offset of 0.000 ns and duty cycle of 50
                Info: Multicycle Setup factor for Destination register is 1
            Info: - Launch edge is 0.000 ns
                Info: Clock period of Source clock "clk" is 20.000 ns with  offset of 0.000 ns and duty cycle of 50
                Info: Clock offset from Source is based on specified offset of 0.000 ns and phase shift of 0 degrees of the base clock
                Info: Multicycle Setup factor for Source register is 1
                Info: Clock offset from Destination is based on specified offset of 0.000 ns and phase shift of 0 degrees of the base clock
            Info: Clock setup uncertainty between source and destination is 0.000 ns
        Info: + Largest clock skew is -0.446 ns
            Info: + Shortest clock path from clock "clk" to destination memory is 3.419 ns
                Info: 1: + IC(0.000 ns) + CELL(1.407 ns) = 1.407 ns; Loc. = PIN_P3; Fanout = 2575; CLK Node = 'clk'
                Info: 2: + IC(1.197 ns) + CELL(0.815 ns) = 3.419 ns; Loc. = EC1_1_Q4; Fanout = 0; MEM Node = 'ifmc_top:Top|fm_shell:fmcore|altdpram:I|segment[3][6]~reg_we'
                Info: Total cell delay = 2.222 ns ( 64.99 % )
                Info: Total interconnect delay = 1.197 ns ( 35.01 % )
            Info: - Longest clock path from clock "clk" to source register is 3.865 ns
                Info: 1: + IC(0.000 ns) + CELL(1.407 ns) = 1.407 ns; Loc. = PIN_P3; Fanout = 2575; CLK Node = 'clk'
                Info: 2: + IC(2.448 ns) + CELL(0.010 ns) = 3.865 ns; Loc. = LC10_3_U2; Fanout = 3; REG Node = 'ifmc_top:Top|ifmc_fmb:fmb|fm_prog'
                Info: Total cell delay = 1.417 ns ( 36.66 % )
                Info: Total interconnect delay = 2.448 ns ( 63.34 % )
        Info: - Micro clock to output delay of source is 0.317 ns
        Info: - Micro setup delay of destination is 0.250 ns
    Info: - Longest register to memory delay is 16.982 ns
        Info: 1: + IC(0.000 ns) + CELL(0.169 ns) = 0.169 ns; Loc. = LC10_3_U2; Fanout = 3; REG Node = 'ifmc_top:Top|ifmc_fmb:fmb|fm_prog'
        Info: 2: + IC(0.336 ns) + CELL(0.954 ns) = 1.459 ns; Loc. = LC2_3_U2; Fanout = 2; COMB Node = 'ifmc_top:Top|fm_shell:fmcore|ssram_9_32_511:ssram_info|un12_wr_0_0_a2_2_0'
        Info: 3: + IC(3.316 ns) + CELL(0.394 ns) = 5.169 ns; Loc. = LC7_7_Z2; Fanout = 1; COMB Node = 'ifmc_top:Top|fm_shell:fmcore|ssram_13_32_8191:ssram_mass|wr_0_0_a2_1_1'
        Info: 4: + IC(0.282 ns) + CELL(0.869 ns) = 6.320 ns; Loc. = LC5_8_Z2; Fanout = 4; COMB Node = 'ifmc_top:Top|fm_shell:fmcore|ssram_13_32_8191:ssram_mass|wr_0_0'
        Info: 5: + IC(0.336 ns) + CELL(0.394 ns) = 7.050 ns; Loc. = LC1_8_Z2; Fanout = 32; COMB Node = 'ifmc_top:Top|fm_shell:fmcore|altdpram:I|lpm_decode:wdecoder|decode_e8c:auto_generated|cmpr4_aeb_int~0'
        Info: 6: + IC(7.083 ns) + CELL(2.849 ns) = 16.982 ns; Loc. = EC1_1_Q4; Fanout = 0; MEM Node = 'ifmc_top:Top|fm_shell:fmcore|altdpram:I|segment[3][6]~reg_we'
        Info: Total cell delay = 5.629 ns ( 33.15 % )
        Info: Total interconnect delay = 11.353 ns ( 66.85 % )
Info: Minimum slack time is 539 ps for clock "clk" between source register "ifmc_top:Top|ifmc_serial:ifmc_serial|ifmc_ana:ifmc_ana|scl_pos_dly[6]" and destination register "ifmc_top:Top|ifmc_serial:ifmc_serial|ifmc_ana:ifmc_ana|scl_pos_dly_7"
    Info: + Shortest register to register delay is 0.472 ns
        Info: 1: + IC(0.000 ns) + CELL(0.169 ns) = 0.169 ns; Loc. = LC3_6_AB2; Fanout = 1; REG Node = 'ifmc_top:Top|ifmc_serial:ifmc_serial|ifmc_ana:ifmc_ana|scl_pos_dly[6]'
        Info: 2: + IC(0.274 ns) + CELL(0.029 ns) = 0.472 ns; Loc. = LC10_6_AB2; Fanout = 2; REG Node = 'ifmc_top:Top|ifmc_serial:ifmc_serial|ifmc_ana:ifmc_ana|scl_pos_dly_7'
        Info: Total cell delay = 0.198 ns ( 41.95 % )
        Info: Total interconnect delay = 0.274 ns ( 58.05 % )
    Info: - Smallest register to register requirement is -0.067 ns
        Info: + Hold relationship between source and destination is 0.000 ns
            Info: + Latch edge is 0.000 ns
                Info: Clock period of Destination clock "clk" is 20.000 ns with  offset of 0.000 ns and duty cycle of 50
                Info: Multicycle Setup factor for Destination register is 1
                Info: Multicycle Hold factor for Destination register is 1
            Info: - Launch edge is 0.000 ns
                Info: Clock period of Source clock "clk" is 20.000 ns with  offset of 0.000 ns and duty cycle of 50
                Info: Clock offset from Source is based on specified offset of 0.000 ns and phase shift of 0 degrees of the base clock
                Info: Multicycle Setup factor for Source register is 1
                Info: Multicycle Hold factor for Source register is 1
                Info: Clock offset from Destination is based on specified offset of 0.000 ns and phase shift of 0 degrees of the base clock
            Info: Clock hold uncertainty between source and destination is 0.000 ns
        Info: + Smallest clock skew is 0.000 ns
            Info: + Longest clock path from clock "clk" to destination register is 3.879 ns
                Info: 1: + IC(0.000 ns) + CELL(1.407 ns) = 1.407 ns; Loc. = PIN_P3; Fanout = 2575; CLK Node = 'clk'
                Info: 2: + IC(2.462 ns) + CELL(0.010 ns) = 3.879 ns; Loc. = LC10_6_AB2; Fanout = 2; REG Node = 'ifmc_top:Top|ifmc_serial:ifmc_serial|ifmc_ana:ifmc_ana|scl_pos_dly_7'
                Info: Total cell delay = 1.417 ns ( 36.53 % )
                Info: Total interconnect delay = 2.462 ns ( 63.47 % )
            Info: - Shortest clock path from clock "clk" to source register is 3.879 ns
                Info: 1: + IC(0.000 ns) + CELL(1.407 ns) = 1.407 ns; Loc. = PIN_P3; Fanout = 2575; CLK Node = 'clk'
                Info: 2: + IC(2.462 ns) + CELL(0.010 ns) = 3.879 ns; Loc. = LC3_6_AB2; Fanout = 1; REG Node = 'ifmc_top:Top|ifmc_serial:ifmc_serial|ifmc_ana:ifmc_ana|scl_pos_dly[6]'
                Info: Total cell delay = 1.417 ns ( 36.53 % )
                Info: Total interconnect delay = 2.462 ns ( 63.47 % )
        Info: - Micro clock to output delay of source is 0.317 ns
        Info: + Micro hold delay of destination is 0.250 ns
Info: tsu for register "ifmc_top:Top|ifmc_serial:ifmc_serial|ifmc_tool:ifmc_tool|cnt[5]" (data pin = "tmode", clock pin = "clk") is 14.028 ns
    Info: + Longest pin to register delay is 17.645 ns
        Info: 1: + IC(0.000 ns) + CELL(2.100 ns) = 2.100 ns; Loc. = PIN_W1; Fanout = 3; PIN Node = 'tmode'
        Info: 2: + IC(10.325 ns) + CELL(0.869 ns) = 13.294 ns; Loc. = LC10_8_V2; Fanout = 5; COMB Node = 'ifmc_top:Top|ifmc_serial:ifmc_serial|ifmc_tool:ifmc_tool|N_630_i'
        Info: 3: + IC(3.725 ns) + CELL(0.626 ns) = 17.645 ns; Loc. = LC6_9_V2; Fanout = 2; REG Node = 'ifmc_top:Top|ifmc_serial:ifmc_serial|ifmc_tool:ifmc_tool|cnt[5]'
        Info: Total cell delay = 3.595 ns ( 20.37 % )
        Info: Total interconnect delay = 14.050 ns ( 79.63 % )
    Info: + Micro setup delay of destination is 0.250 ns
    Info: - Shortest clock path from clock "clk" to destination register is 3.867 ns
        Info: 1: + IC(0.000 ns) + CELL(1.407 ns) = 1.407 ns; Loc. = PIN_P3; Fanout = 2575; CLK Node = 'clk'
        Info: 2: + IC(2.450 ns) + CELL(0.010 ns) = 3.867 ns; Loc. = LC6_9_V2; Fanout = 2; REG Node = 'ifmc_top:Top|ifmc_serial:ifmc_serial|ifmc_tool:ifmc_tool|cnt[5]'
        Info: Total cell delay = 1.417 ns ( 36.64 % )
        Info: Total interconnect delay = 2.450 ns ( 63.36 % )
Info: tco from clock "clk" to destination pin "tool_mode" through register "ifmc_top:Top|ifmc_serial:ifmc_serial|ifmc_tool:ifmc_tool|tool_mode" is 14.905 ns
    Info: + Longest clock path from clock "clk" to source register is 3.867 ns
        Info: 1: + IC(0.000 ns) + CELL(1.407 ns) = 1.407 ns; Loc. = PIN_P3; Fanout = 2575; CLK Node = 'clk'
        Info: 2: + IC(2.450 ns) + CELL(0.010 ns) = 3.867 ns; Loc. = LC9_8_V2; Fanout = 111; REG Node = 'ifmc_top:Top|ifmc_serial:ifmc_serial|ifmc_tool:ifmc_tool|tool_mode'
        Info: Total cell delay = 1.417 ns ( 36.64 % )
        Info: Total interconnect delay = 2.450 ns ( 63.36 % )
    Info: + Micro clock to output delay of source is 0.317 ns
    Info: + Longest register to pin delay is 10.721 ns
        Info: 1: + IC(0.000 ns) + CELL(0.169 ns) = 0.169 ns; Loc. = LC9_8_V2; Fanout = 111; REG Node = 'ifmc_top:Top|ifmc_serial:ifmc_serial|ifmc_tool:ifmc_tool|tool_mode'
        Info: 2: + IC(8.100 ns) + CELL(2.452 ns) = 10.721 ns; Loc. = PIN_D28; Fanout = 0; PIN Node = 'tool_mode'
        Info: Total cell delay = 2.621 ns ( 24.45 % )
        Info: Total interconnect delay = 8.100 ns ( 75.55 % )
Info: th for register "ifmc_top:Top|ifmc_serial:ifmc_serial|ifmc_lpf_1:sda_in_lpf|in_dly_i_0[0]" (data pin = "sda", clock pin = "clk") is -3.702 ns
    Info: + Longest clock path from clock "clk" to destination register is 3.869 ns
        Info: 1: + IC(0.000 ns) + CELL(1.407 ns) = 1.407 ns; Loc. = PIN_P3; Fanout = 2575; CLK Node = 'clk'
        Info: 2: + IC(2.452 ns) + CELL(0.010 ns) = 3.869 ns; Loc. = LC3_20_W1; Fanout = 2; REG Node = 'ifmc_top:Top|ifmc_serial:ifmc_serial|ifmc_lpf_1:sda_in_lpf|in_dly_i_0[0]'
        Info: Total cell delay = 1.417 ns ( 36.62 % )
        Info: Total interconnect delay = 2.452 ns ( 63.38 % )
    Info: + Micro hold delay of destination is 0.250 ns
    Info: - Shortest pin to register delay is 7.821 ns
        Info: 1: + IC(0.000 ns) + CELL(0.000 ns) = 0.000 ns; Loc. = PIN_E2; Fanout = 1; PIN Node = 'sda'
        Info: 2: + IC(0.000 ns) + CELL(2.100 ns) = 2.100 ns; Loc. = IOC_E2; Fanout = 2; COMB Node = 'sda_c'
        Info: 3: + IC(5.692 ns) + CELL(0.029 ns) = 7.821 ns; Loc. = LC3_20_W1; Fanout = 2; REG Node = 'ifmc_top:Top|ifmc_serial:ifmc_serial|ifmc_lpf_1:sda_in_lpf|in_dly_i_0[0]'
        Info: Total cell delay = 2.129 ns ( 27.22 % )
        Info: Total interconnect delay = 5.692 ns ( 72.78 % )
Info: All timing requirements were met. See Report window for more details.
Info: Quartus II Timing Analyzer was successful. 0 errors, 1 warning
    Info: Processing ended: Fri Mar 31 09:44:47 2006
    Info: Elapsed time: 00:00:15


