Warning: In design 'Sdram', the same net is connected to more than one pin on submodule 'uSdramEngine'. (LINT-33)
   Net 'AutoPre3' is connected to pins 'AutoPre0', 'AutoPre2', 'AutoPre3', 'AutoPre1'. 
Warning: In design 'Sdram', a pin on submodule 'u3SdramAhbif' is connected to logic 1 or logic 0. (LINT-32)
   Pin 'RegData_31' is connected to logic 0. 
   Pin 'RegData_30' is connected to logic 0. 
   Pin 'RegData_29' is connected to logic 0. 
   Pin 'RegData_28' is connected to logic 0. 
   Pin 'RegData_27' is connected to logic 0. 
   Pin 'RegData_26' is connected to logic 0. 
   Pin 'RegData_25' is connected to logic 0. 
   Pin 'RegData_16' is connected to logic 0. 
Warning: In design 'Sdram', a pin on submodule 'u2SdramAhbif' is connected to logic 1 or logic 0. (LINT-32)
   Pin 'HSELreg' is connected to logic 0. 
   Pin 'RegData_31' is connected to logic 0. 
   Pin 'RegData_30' is connected to logic 0. 
   Pin 'RegData_29' is connected to logic 0. 
   Pin 'RegData_28' is connected to logic 0. 
   Pin 'RegData_27' is connected to logic 0. 
   Pin 'RegData_26' is connected to logic 0. 
   Pin 'RegData_25' is connected to logic 0. 
   Pin 'RegData_24' is connected to logic 0. 
   Pin 'RegData_23' is connected to logic 0. 
   Pin 'RegData_22' is connected to logic 0. 
   Pin 'RegData_21' is connected to logic 0. 
   Pin 'RegData_20' is connected to logic 0. 
   Pin 'RegData_19' is connected to logic 0. 
   Pin 'RegData_18' is connected to logic 0. 
   Pin 'RegData_17' is connected to logic 0. 
   Pin 'RegData_16' is connected to logic 0. 
   Pin 'RegData_15' is connected to logic 0. 
   Pin 'RegData_14' is connected to logic 0. 
   Pin 'RegData_13' is connected to logic 0. 
   Pin 'RegData_12' is connected to logic 0. 
   Pin 'RegData_11' is connected to logic 0. 
   Pin 'RegData_10' is connected to logic 0. 
   Pin 'RegData_9' is connected to logic 0. 
   Pin 'RegData_8' is connected to logic 0. 
   Pin 'RegData_7' is connected to logic 0. 
   Pin 'RegData_6' is connected to logic 0. 
   Pin 'RegData_5' is connected to logic 0. 
   Pin 'RegData_4' is connected to logic 0. 
   Pin 'RegData_3' is connected to logic 0. 
   Pin 'RegData_2' is connected to logic 0. 
   Pin 'RegData_1' is connected to logic 0. 
   Pin 'RegData_0' is connected to logic 0. 
   Pin 'Mode' is connected to logic 0. 
Warning: In design 'Sdram', the same net is connected to more than one pin on submodule 'u2SdramAhbif'. (LINT-33)
   Net 'ZeroFill_0' is connected to pins 'HSELreg', 'RegData_31', 'RegData_24', 'RegData_18', 'RegData_11', 'RegData_5', 'RegData_30', 'RegData_23', 'RegData_16', 'RegData_2', 'RegData_29', 'RegData_27', 'RegData_25', 'RegData_22', 'RegData_17', 'RegData_19', 'RegData_4', 'RegData_3', 'RegData_10', 'RegData_15', 'RegData_12', 'RegData_6', 'Mode', 'RegData_8', 'RegData_28', 'RegData_20', 'RegData_1', 'RegData_26', 'RegData_21', 'RegData_14', 'RegData_9', 'RegData_7', 'RegData_0', 'RegData_13'. 
Warning: In design 'Sdram', a pin on submodule 'u1SdramAhbif' is connected to logic 1 or logic 0. (LINT-32)
   Pin 'HSELreg' is connected to logic 0. 
   Pin 'RegData_31' is connected to logic 0. 
   Pin 'RegData_30' is connected to logic 0. 
   Pin 'RegData_29' is connected to logic 0. 
   Pin 'RegData_28' is connected to logic 0. 
   Pin 'RegData_27' is connected to logic 0. 
   Pin 'RegData_26' is connected to logic 0. 
   Pin 'RegData_25' is connected to logic 0. 
   Pin 'RegData_24' is connected to logic 0. 
   Pin 'RegData_23' is connected to logic 0. 
   Pin 'RegData_22' is connected to logic 0. 
   Pin 'RegData_21' is connected to logic 0. 
   Pin 'RegData_20' is connected to logic 0. 
   Pin 'RegData_19' is connected to logic 0. 
   Pin 'RegData_18' is connected to logic 0. 
   Pin 'RegData_17' is connected to logic 0. 
   Pin 'RegData_16' is connected to logic 0. 
   Pin 'RegData_15' is connected to logic 0. 
   Pin 'RegData_14' is connected to logic 0. 
   Pin 'RegData_13' is connected to logic 0. 
   Pin 'RegData_12' is connected to logic 0. 
   Pin 'RegData_11' is connected to logic 0. 
   Pin 'RegData_10' is connected to logic 0. 
   Pin 'RegData_9' is connected to logic 0. 
   Pin 'RegData_8' is connected to logic 0. 
   Pin 'RegData_7' is connected to logic 0. 
   Pin 'RegData_6' is connected to logic 0. 
   Pin 'RegData_5' is connected to logic 0. 
   Pin 'RegData_4' is connected to logic 0. 
   Pin 'RegData_3' is connected to logic 0. 
   Pin 'RegData_2' is connected to logic 0. 
   Pin 'RegData_1' is connected to logic 0. 
   Pin 'RegData_0' is connected to logic 0. 
   Pin 'Mode' is connected to logic 0. 
Warning: In design 'Sdram', the same net is connected to more than one pin on submodule 'u1SdramAhbif'. (LINT-33)
   Net 'ZeroFill_0' is connected to pins 'HSELreg', 'RegData_31', 'RegData_24', 'RegData_18', 'RegData_11', 'RegData_5', 'RegData_30', 'RegData_23', 'RegData_16', 'RegData_2', 'RegData_29', 'RegData_27', 'RegData_25', 'RegData_22', 'RegData_17', 'RegData_19', 'RegData_4', 'RegData_3', 'RegData_10', 'RegData_15', 'RegData_12', 'RegData_6', 'Mode', 'RegData_8', 'RegData_28', 'RegData_20', 'RegData_1', 'RegData_26', 'RegData_21', 'RegData_14', 'RegData_9', 'RegData_7', 'RegData_0', 'RegData_13'. 
Warning: In design 'Sdram', a pin on submodule 'u0SdramAhbif' is connected to logic 1 or logic 0. (LINT-32)
   Pin 'HSELreg' is connected to logic 0. 
   Pin 'RegData_31' is connected to logic 0. 
   Pin 'RegData_30' is connected to logic 0. 
   Pin 'RegData_29' is connected to logic 0. 
   Pin 'RegData_28' is connected to logic 0. 
   Pin 'RegData_27' is connected to logic 0. 
   Pin 'RegData_26' is connected to logic 0. 
   Pin 'RegData_25' is connected to logic 0. 
   Pin 'RegData_24' is connected to logic 0. 
   Pin 'RegData_23' is connected to logic 0. 
   Pin 'RegData_22' is connected to logic 0. 
   Pin 'RegData_21' is connected to logic 0. 
   Pin 'RegData_20' is connected to logic 0. 
   Pin 'RegData_19' is connected to logic 0. 
   Pin 'RegData_18' is connected to logic 0. 
   Pin 'RegData_17' is connected to logic 0. 
   Pin 'RegData_16' is connected to logic 0. 
   Pin 'RegData_15' is connected to logic 0. 
   Pin 'RegData_14' is connected to logic 0. 
   Pin 'RegData_13' is connected to logic 0. 
   Pin 'RegData_12' is connected to logic 0. 
   Pin 'RegData_11' is connected to logic 0. 
   Pin 'RegData_10' is connected to logic 0. 
   Pin 'RegData_9' is connected to logic 0. 
   Pin 'RegData_8' is connected to logic 0. 
   Pin 'RegData_7' is connected to logic 0. 
   Pin 'RegData_6' is connected to logic 0. 
   Pin 'RegData_5' is connected to logic 0. 
   Pin 'RegData_4' is connected to logic 0. 
   Pin 'RegData_3' is connected to logic 0. 
   Pin 'RegData_2' is connected to logic 0. 
   Pin 'RegData_1' is connected to logic 0. 
   Pin 'RegData_0' is connected to logic 0. 
   Pin 'Mode' is connected to logic 0. 
Warning: In design 'Sdram', the same net is connected to more than one pin on submodule 'u0SdramAhbif'. (LINT-33)
   Net 'ZeroFill_0' is connected to pins 'HSELreg', 'RegData_31', 'RegData_24', 'RegData_18', 'RegData_11', 'RegData_5', 'RegData_30', 'RegData_23', 'RegData_16', 'RegData_2', 'RegData_29', 'RegData_27', 'RegData_25', 'RegData_22', 'RegData_17', 'RegData_19', 'RegData_4', 'RegData_3', 'RegData_10', 'RegData_15', 'RegData_12', 'RegData_6', 'Mode', 'RegData_8', 'RegData_28', 'RegData_20', 'RegData_1', 'RegData_26', 'RegData_21', 'RegData_14', 'RegData_9', 'RegData_7', 'RegData_0', 'RegData_13'. 
Warning: In design 'SdramEngine_test_1', a pin on submodule 'uSdramDramCntl' is connected to logic 1 or logic 0. (LINT-32)
   Pin 'BurstLength_1' is connected to logic 0. 
   Pin 'BurstLength_0' is connected to logic 0. 
Warning: In design 'SdramDramCntl_test_1', a pin on submodule 'uSdramTimCntl' is connected to logic 1 or logic 0. (LINT-32)
   Pin 'DifftRP_1' is connected to logic 0. 
   Pin 'DifftRP_0' is connected to logic 1. 
   Pin 'DifftRC_3' is connected to logic 0. 
   Pin 'DifftRC_2' is connected to logic 1. 
   Pin 'DifftRC_1' is connected to logic 1. 
   Pin 'DifftRC_0' is connected to logic 1. 
   Pin 'DifftRRD_1' is connected to logic 0. 
   Pin 'DifftRRD_0' is connected to logic 0. 
   Pin 'DifftAPW_2' is connected to logic 0. 
   Pin 'DifftAPW_1' is connected to logic 1. 
   Pin 'DifftAPW_0' is connected to logic 1. 
   Pin 'DifftXSR_3' is connected to logic 0. 
   Pin 'DifftXSR_2' is connected to logic 1. 
   Pin 'DifftXSR_1' is connected to logic 1. 
   Pin 'DifftXSR_0' is connected to logic 0. 
Warning: In design 'SdramDramCntl_test_1', a pin on submodule 'uSdramDramFSM0' is connected to logic 1 or logic 0. (LINT-32)
   Pin 'DifftRP_1' is connected to logic 0. 
   Pin 'DifftRP_0' is connected to logic 1. 
   Pin 'DifftRC_3' is connected to logic 0. 
   Pin 'DifftRC_2' is connected to logic 1. 
   Pin 'DifftRC_1' is connected to logic 1. 
   Pin 'DifftRC_0' is connected to logic 1. 
   Pin 'DifftRAS_2' is connected to logic 1. 
   Pin 'DifftRAS_1' is connected to logic 0. 
   Pin 'DifftRAS_0' is connected to logic 0. 
   Pin 'DifftRWL_2' is connected to logic 0. 
   Pin 'DifftRWL_1' is connected to logic 0. 
   Pin 'DifftRWL_0' is connected to logic 0. 
   Pin 'DifftRSA_1' is connected to logic 0. 
   Pin 'DifftRSA_0' is connected to logic 1. 
   Pin 'DifftXSR_3' is connected to logic 0. 
   Pin 'DifftXSR_2' is connected to logic 1. 
   Pin 'DifftXSR_1' is connected to logic 1. 
   Pin 'DifftXSR_0' is connected to logic 0. 
Warning: In design 'SdramDramCntl_test_1', the same net is connected to more than one pin on submodule 'uSdramDramFSM0'. (LINT-33)
   Net 'n4206' is connected to pins 'DifftRP_1', 'DifftRSA_1'. 
   Net 'n4202' is connected to pins 'DifftRP_0', 'DifftRSA_0'. 
Warning: In design 'SdramDramCntl_test_1', a pin on submodule 'uSdramDramFSM1' is connected to logic 1 or logic 0. (LINT-32)
   Pin 'DifftRP_1' is connected to logic 0. 
   Pin 'DifftRP_0' is connected to logic 1. 
   Pin 'DifftRC_3' is connected to logic 0. 
   Pin 'DifftRC_2' is connected to logic 1. 
   Pin 'DifftRC_1' is connected to logic 1. 
   Pin 'DifftRC_0' is connected to logic 1. 
   Pin 'DifftRAS_2' is connected to logic 1. 
   Pin 'DifftRAS_1' is connected to logic 0. 
   Pin 'DifftRAS_0' is connected to logic 0. 
   Pin 'DifftRWL_2' is connected to logic 0. 
   Pin 'DifftRWL_1' is connected to logic 0. 
   Pin 'DifftRWL_0' is connected to logic 0. 
   Pin 'DifftRSA_1' is connected to logic 0. 
   Pin 'DifftRSA_0' is connected to logic 1. 
   Pin 'DifftXSR_3' is connected to logic 0. 
   Pin 'DifftXSR_2' is connected to logic 1. 
   Pin 'DifftXSR_1' is connected to logic 1. 
   Pin 'DifftXSR_0' is connected to logic 0. 
Warning: In design 'SdramDramCntl_test_1', the same net is connected to more than one pin on submodule 'uSdramDramFSM1'. (LINT-33)
   Net 'n4206' is connected to pins 'DifftRP_1', 'DifftRSA_1'. 
   Net 'n4202' is connected to pins 'DifftRP_0', 'DifftRSA_0'. 
Warning: In design 'SdramDramCntl_test_1', a pin on submodule 'uSdramDramFSM3' is connected to logic 1 or logic 0. (LINT-32)
   Pin 'DifftRP_1' is connected to logic 0. 
   Pin 'DifftRP_0' is connected to logic 1. 
   Pin 'DifftRC_3' is connected to logic 0. 
   Pin 'DifftRC_2' is connected to logic 1. 
   Pin 'DifftRC_1' is connected to logic 1. 
   Pin 'DifftRC_0' is connected to logic 1. 
   Pin 'DifftRAS_2' is connected to logic 1. 
   Pin 'DifftRAS_1' is connected to logic 0. 
   Pin 'DifftRAS_0' is connected to logic 0. 
   Pin 'DifftRWL_2' is connected to logic 0. 
   Pin 'DifftRWL_1' is connected to logic 0. 
   Pin 'DifftRWL_0' is connected to logic 0. 
   Pin 'DifftRSA_1' is connected to logic 0. 
   Pin 'DifftRSA_0' is connected to logic 1. 
   Pin 'DifftXSR_3' is connected to logic 0. 
   Pin 'DifftXSR_2' is connected to logic 1. 
   Pin 'DifftXSR_1' is connected to logic 1. 
   Pin 'DifftXSR_0' is connected to logic 0. 
Warning: In design 'SdramDramCntl_test_1', the same net is connected to more than one pin on submodule 'uSdramDramFSM3'. (LINT-33)
   Net 'n4206' is connected to pins 'DifftRP_1', 'DifftRSA_1'. 
   Net 'n4202' is connected to pins 'DifftRP_0', 'DifftRSA_0'. 
Warning: In design 'SdramDramCntl_test_1', a pin on submodule 'uSdramDramFSM2' is connected to logic 1 or logic 0. (LINT-32)
   Pin 'DifftRP_1' is connected to logic 0. 
   Pin 'DifftRP_0' is connected to logic 1. 
   Pin 'DifftRC_3' is connected to logic 0. 
   Pin 'DifftRC_2' is connected to logic 1. 
   Pin 'DifftRC_1' is connected to logic 1. 
   Pin 'DifftRC_0' is connected to logic 1. 
   Pin 'DifftRAS_2' is connected to logic 1. 
   Pin 'DifftRAS_1' is connected to logic 0. 
   Pin 'DifftRAS_0' is connected to logic 0. 
   Pin 'DifftRWL_2' is connected to logic 0. 
   Pin 'DifftRWL_1' is connected to logic 0. 
   Pin 'DifftRWL_0' is connected to logic 0. 
   Pin 'DifftRSA_1' is connected to logic 0. 
   Pin 'DifftRSA_0' is connected to logic 1. 
   Pin 'DifftXSR_3' is connected to logic 0. 
   Pin 'DifftXSR_2' is connected to logic 1. 
   Pin 'DifftXSR_1' is connected to logic 1. 
   Pin 'DifftXSR_0' is connected to logic 0. 
Warning: In design 'SdramDramCntl_test_1', the same net is connected to more than one pin on submodule 'uSdramDramFSM2'. (LINT-33)
   Net 'n4206' is connected to pins 'DifftRP_1', 'DifftRSA_1'. 
   Net 'n4202' is connected to pins 'DifftRP_0', 'DifftRSA_0'. 
Warning: In design 'SdramAhbRegBlk_test_1', port 'HWDATA_16' is not connected to any nets. (LINT-28)
Information: Updating design information... (UID-85)

Warning: The following end-points are not constrained for maximum delay.

End point
---------------
CLKOut
SCANOUT
test_so2

Information: The clock network starting at 'HCLK' is gated by the
	following input pins.

Clock Output Pin        Clock Input Pin          Gating Input Pin
--------------------------------------------------------------------------------
uSdramPins/U1080/ZN     uSdramPins/U1080/A1      uSdramPins/U1080/A2
 
****************************************
Report : cell
Design : Sdram
Version: 1999.05-2
Date   : Sat Sep  9 08:08:52 2000
****************************************

Attributes:
    b - black box (unknown)
    h - hierarchical
    n - noncombinational
    r - removable
    u - contains unmapped logic

Cell                      Reference       Library             Area  Attributes
--------------------------------------------------------------------------------
U18                       inv0d2          cb25os163_max       1.00  
U19                       inv0d1          cb25os163_max       0.75  
U20                       bufbd1          cb25os163_max       1.00  
U21                       buffd3          cb25os163_max       1.25  
U22                       buffd1          cb25os163_max       1.00  
U23                       buffd1          cb25os163_max       1.00  
U24                       buffd1          cb25os163_max       1.00  
U25                       buffd1          cb25os163_max       1.00  
U26                       buffd1          cb25os163_max       1.00  
U27                       buffd1          cb25os163_max       1.00  
U28                       buffd1          cb25os163_max       1.00  
U29                       buffd1          cb25os163_max       1.00  
U30                       buffd1          cb25os163_max       1.00  
U31                       buffd1          cb25os163_max       1.00  
U32                       buffd1          cb25os163_max       1.00  
U33                       buffd1          cb25os163_max       1.00  
U34                       buffd1          cb25os163_max       1.00  
U35                       buffd1          cb25os163_max       1.00  
U36                       buffd1          cb25os163_max       1.00  
U37                       buffd1          cb25os163_max       1.00  
U38                       buffd1          cb25os163_max       1.00  
U39                       buffd1          cb25os163_max       1.00  
U40                       buffd1          cb25os163_max       1.00  
U41                       buffd1          cb25os163_max       1.00  
U42                       buffd1          cb25os163_max       1.00  
U43                       buffd1          cb25os163_max       1.00  
U44                       buffd1          cb25os163_max       1.00  
U45                       buffd1          cb25os163_max       1.00  
U46                       buffd1          cb25os163_max       1.00  
U47                       buffd1          cb25os163_max       1.00  
U48                       buffd1          cb25os163_max       1.00  
U49                       buffd1          cb25os163_max       1.00  
U50                       buffd1          cb25os163_max       1.00  
U51                       buffd1          cb25os163_max       1.00  
U52                       buffd1          cb25os163_max       1.00  
U53                       buffd1          cb25os163_max       1.00  
U54                       buffd1          cb25os163_max       1.00  
U55                       buffd1          cb25os163_max       1.00  
U56                       buffd1          cb25os163_max       1.00  
U57                       buffd1          cb25os163_max       1.00  
U58                       buffd1          cb25os163_max       1.00  
U59                       buffd1          cb25os163_max       1.00  
U60                       buffd1          cb25os163_max       1.00  
U61                       buffd1          cb25os163_max       1.00  
U62                       buffd1          cb25os163_max       1.00  
U63                       buffd1          cb25os163_max       1.00  
U64                       buffd1          cb25os163_max       1.00  
U65                       buffd1          cb25os163_max       1.00  
U66                       buffd1          cb25os163_max       1.00  
U67                       buffd1          cb25os163_max       1.00  
U68                       buffd1          cb25os163_max       1.00  
U69                       buffd1          cb25os163_max       1.00  
U70                       bufbd1          cb25os163_max       1.00  
U71                       bufbd1          cb25os163_max       1.00  
U72                       buffd3          cb25os163_max       1.25  
U73                       bufbd1          cb25os163_max       1.00  
U74                       buffd3          cb25os163_max       1.25  
U75                       buffd1          cb25os163_max       1.00  
U84                       invbd4          cb25os163_max       1.50  
U85                       inv0d0          cb25os163_max       0.75  
U86                       inv0d1          cb25os163_max       0.75  
U87                       invbd2          cb25os163_max       1.00  
U88                       inv0d7          cb25os163_max       2.00  
U89                       inv0d0          cb25os163_max       0.75  
U90                       inv0d2          cb25os163_max       1.00  
U91                       inv0d0          cb25os163_max       0.75  
U93                       inv0d0          cb25os163_max       0.75  
U95                       inv0d0          cb25os163_max       0.75  
U97                       inv0d0          cb25os163_max       0.75  
U99                       inv0d0          cb25os163_max       0.75  
U101                      inv0d0          cb25os163_max       0.75  
U103                      inv0d0          cb25os163_max       0.75  
U105                      inv0d0          cb25os163_max       0.75  
u0SdramAhbif              SdramAhbif_WR_BUF_COUNT2_RD_BUF_COUNT1_test_1
                                                          13679.00  h, n
u0SdramBigEndian          SdramBigEndian_0                    4.50  h
u1SdramAhbif              SdramAhbif_WR_BUF_COUNT2_RD_BUF_COUNT1_test_2
                                                          13527.50  h, n
u1SdramBigEndian          SdramBigEndian_1                    4.50  h
u2SdramAhbif              SdramAhbif_WR_BUF_COUNT2_RD_BUF_COUNT1_test_3
                                                          13584.25  h, n
u2SdramBigEndian          SdramBigEndian_2                    4.50  h
u3SdramAhbif              SdramAhbif_WR_BUF_COUNT2_RD_BUF_COUNT1_test_4
                                                          13608.25  h, n
u3SdramBigEndian          SdramBigEndian_3                    4.50  h
uSdramAhbRegBlk           SdramAhbRegBlk_test_1            1116.50  h, n
uSdramEngine              SdramEngine_test_1              15661.50  h, n
uSdramPins                SdramPins_test_1                 1669.75  h, n
--------------------------------------------------------------------------------
Total 84 cells                                            72937.00
 
****************************************
Report : reference
Design : Sdram
Version: 1999.05-2
Date   : Sat Sep  9 08:08:54 2000
****************************************

Attributes:
    b - black box (unknown)
   bo - allows boundary optimization
    d - dont_touch
   mo - map_only
    h - hierarchical
    n - noncombinational
    r - removable
    s - synthetic operator
    u - contains unmapped logic

Reference          Library       Unit Area   Count    Total Area   Attributes
-----------------------------------------------------------------------------
SdramAhbRegBlk_test_1          1116.500000       1   1116.500000  h, n
SdramAhbif_WR_BUF_COUNT2_RD_BUF_COUNT1_test_1
                              13679.000000       1  13679.000000  h, n
SdramAhbif_WR_BUF_COUNT2_RD_BUF_COUNT1_test_2
                              13527.500000       1  13527.500000  h, n
SdramAhbif_WR_BUF_COUNT2_RD_BUF_COUNT1_test_3
                              13584.250000       1  13584.250000  h, n
SdramAhbif_WR_BUF_COUNT2_RD_BUF_COUNT1_test_4
                              13608.250000       1  13608.250000  h, n
SdramBigEndian_0                  4.500000       1      4.500000  h
SdramBigEndian_1                  4.500000       1      4.500000  h
SdramBigEndian_2                  4.500000       1      4.500000  h
SdramBigEndian_3                  4.500000       1      4.500000  h
SdramEngine_test_1            15661.500000       1  15661.500000  h, n
SdramPins_test_1               1669.750000       1   1669.750000  h, n
bufbd1             cb25os163_max
                                  1.000000       4      4.000000  
buffd1             cb25os163_max
                                  1.000000      49     49.000000  
buffd3             cb25os163_max
                                  1.250000       3      3.750000  
inv0d0             cb25os163_max
                                  0.750000      10      7.500000  
inv0d1             cb25os163_max
                                  0.750000       2      1.500000  
inv0d2             cb25os163_max
                                  1.000000       2      2.000000  
inv0d7             cb25os163_max
                                  2.000000       1      2.000000  
invbd2             cb25os163_max
                                  1.000000       1      1.000000  
invbd4             cb25os163_max
                                  1.500000       1      1.500000  
-----------------------------------------------------------------------------
Total 20 references                                 72937.000000
 
****************************************
Report : design
Design : Sdram
Version: 1999.05-2
Date   : Sat Sep  9 08:08:56 2000
****************************************

Design allows ideal nets on clock nets.

Library(s) Used:

    cb25os163_max (File: /home/work/sdramc_pl170/synopsys_ref/cell_lib/cb25os163_max.db)

Local Link Library:

    {cb25os163_max.db}

Flip-Flop Types:

    No flip-flop types specified.

Latch Types:

    No latch types specified.

Operating Conditions:

    Name       Library       Process     Temp    Volt    Interconnect Model
    ----------------------------------------------------------------------------
    WCCOM      cb25os163_max    1.20   125.00    2.30    worst_case_tree

Min Operating Conditions:

    Name       Library       Process     Temp    Volt    Interconnect Model
    ----------------------------------------------------------------------------
    BCCOM      cb25os163_min    0.80   -55.00    2.70    best_case_tree

Wire Loading Model:

    Selected manually by the user.

Name           :   140000
Location       :   cb25os163_max
Resistance     :   0.00019
Capacitance    :   0.000154
Area           :   0.01
Slope          :   191.7
Fanout   Length   Points Average Cap Std Deviation
--------------------------------------------------------------
     1    29.25
     2    58.22
     3    92.87
     4   166.14
     5   204.84
     6   252.90
     7   273.35
     8   437.36
     9   450.14
    10   560.90
    11   714.26
    12   800.88
    13   812.24
    14   847.74
    15   894.60
    16   931.52
    17  1005.36
    18  1154.46
    19  1316.34
    20  1508.04


Wire Loading Model for Minimum Delay Analysis:

    Selected manually by the user.

Name           :   ForQA
Location       :   cb25os163_max
Resistance     :   0.00019
Capacitance    :   0.000154
Area           :   0.01
Slope          :   135
Fanout   Length   Points Average Cap Std Deviation
--------------------------------------------------------------
     1    20.60
     2    41.00
     3    65.40
     4   117.00
     5   144.25
     6   178.10
     7   192.50
     8   308.00
     9   317.00
    10   395.00
    11   503.00
    12   564.00
    13   572.00
    14   597.00
    15   630.00
    16   656.00
    17   708.00
    18   813.00
    19   927.00
    20  1062.00



Wire Loading Model Mode: enclosed.

Timing Ranges:

    No timing ranges specified.

Pin Input Delays:

    None specified.

Pin Output Delays:

    None specified.

Disabled Timing Arcs:

    No arcs disabled.

Required Licenses:

    None Required

Design Parameters:

    None specified.
 
****************************************
Report : hierarchy
Design : Sdram
Version: 1999.05-2
Date   : Sat Sep  9 08:08:57 2000
****************************************

Sdram
    SdramAhbRegBlk_test_1
        an02d1                                            cb25os163_max
        an02d4                                            cb25os163_max
        an12d1                                            cb25os163_max
        aor21d1                                           cb25os163_max
        aor222d1                                          cb25os163_max
        bufbd1                                            cb25os163_max
        buffd3                                            cb25os163_max
        buffd7                                            cb25os163_max
        inv0d0                                            cb25os163_max
        inv0d1                                            cb25os163_max
        inv0d2                                            cb25os163_max
        inv0d4                                            cb25os163_max
        invbd4                                            cb25os163_max
        mx02d0                                            cb25os163_max
        mx02d1                                            cb25os163_max
        mx04d1                                            cb25os163_max
        nd02d1                                            cb25os163_max
        nd03d1                                            cb25os163_max
        nd04d1                                            cb25os163_max
        nd12d1                                            cb25os163_max
        nr02d0                                            cb25os163_max
        nr02d1                                            cb25os163_max
        oai21d1                                           cb25os163_max
        oai22d1                                           cb25os163_max
        oai222d1                                          cb25os163_max
        oai321d1                                          cb25os163_max
        oai322d1                                          cb25os163_max
        oai2222d1                                         cb25os163_max
        oaim21d1                                          cb25os163_max
        oaim31d1                                          cb25os163_max
        or02d1                                            cb25os163_max
        or12d1                                            cb25os163_max
        or23d1                                            cb25os163_max
        sdcrn1                                            cb25os163_max
        sdcrq1                                            cb25os163_max
        sdcrq2                                            cb25os163_max
        sdprb1                                            cb25os163_max
        sdprb2                                            cb25os163_max
        seprq1                                            cb25os163_max
        xn02d1                                            cb25os163_max
        xr02d1                                            cb25os163_max
    SdramAhbif_WR_BUF_COUNT2_RD_BUF_COUNT1_test_1
        ah01d0                                            cb25os163_max
        ah01d1                                            cb25os163_max
        an02d0                                            cb25os163_max
        an02d1                                            cb25os163_max
        an02d2                                            cb25os163_max
        an02d4                                            cb25os163_max
        an03d1                                            cb25os163_max
        an04d1                                            cb25os163_max
        an04d2                                            cb25os163_max
        an04d4                                            cb25os163_max
        an12d1                                            cb25os163_max
        an12d4                                            cb25os163_max
        an13d1                                            cb25os163_max
        an23d1                                            cb25os163_max
        aoi21d1                                           cb25os163_max
        aoi22d1                                           cb25os163_max
        aoi31d1                                           cb25os163_max
        aoi211d1                                          cb25os163_max
        aoi321d1                                          cb25os163_max
        aoim2m11d1                                        cb25os163_max
        aoim21d1                                          cb25os163_max
        aoim22d1                                          cb25os163_max
        aoim22d2                                          cb25os163_max
        aoim211d1                                         cb25os163_max
        aon211d1                                          cb25os163_max
        aon211d2                                          cb25os163_max
        aor21d1                                           cb25os163_max
        aor22d1                                           cb25os163_max
        aor222d1                                          cb25os163_max
        bufbd1                                            cb25os163_max
        bufbd7                                            cb25os163_max
        bufbda                                            cb25os163_max
        buffd1                                            cb25os163_max
        buffd3                                            cb25os163_max
        buffd7                                            cb25os163_max
        buffda                                            cb25os163_max
        inv0d0                                            cb25os163_max
        inv0d1                                            cb25os163_max
        inv0d2                                            cb25os163_max
        inv0d4                                            cb25os163_max
        inv0d7                                            cb25os163_max
        inv0da                                            cb25os163_max
        invbd2                                            cb25os163_max
        invbd4                                            cb25os163_max
        mi02d1                                            cb25os163_max
        mx02d0                                            cb25os163_max
        mx02d1                                            cb25os163_max
        mx02d2                                            cb25os163_max
        mx04d1                                            cb25os163_max
        nd02d0                                            cb25os163_max
        nd02d1                                            cb25os163_max
        nd02d2                                            cb25os163_max
        nd02d4                                            cb25os163_max
        nd03d0                                            cb25os163_max
        nd03d1                                            cb25os163_max
        nd03d2                                            cb25os163_max
        nd03d4                                            cb25os163_max
        nd04d1                                            cb25os163_max
        nd12d0                                            cb25os163_max
        nd12d1                                            cb25os163_max
        nd13d1                                            cb25os163_max
        nd23d1                                            cb25os163_max
        nr02d0                                            cb25os163_max
        nr02d1                                            cb25os163_max
        nr02d2                                            cb25os163_max
        nr03d1                                            cb25os163_max
        nr04d1                                            cb25os163_max
        nr13d1                                            cb25os163_max
        nr13d2                                            cb25os163_max
        nr23d1                                            cb25os163_max
        oai21d1                                           cb25os163_max
        oai22d1                                           cb25os163_max
        oai31d1                                           cb25os163_max
        oai211d1                                          cb25os163_max
        oai221d1                                          cb25os163_max
        oai222d1                                          cb25os163_max
        oai311d1                                          cb25os163_max
        oai321d1                                          cb25os163_max
        oai2222d1                                         cb25os163_max
        oaim2m11d1                                        cb25os163_max
        oaim3m11d1                                        cb25os163_max
        oaim21d1                                          cb25os163_max
        oaim22d1                                          cb25os163_max
        oaim31d1                                          cb25os163_max
        oaim211d1                                         cb25os163_max
        oaim311d1                                         cb25os163_max
        oan211d1                                          cb25os163_max
        or02d0                                            cb25os163_max
        or02d1                                            cb25os163_max
        or02d2                                            cb25os163_max
        or03d1                                            cb25os163_max
        or03d2                                            cb25os163_max
        or04d1                                            cb25os163_max
        or12d1                                            cb25os163_max
        or13d1                                            cb25os163_max
        or13d2                                            cb25os163_max
        or23d1                                            cb25os163_max
        ora21d1                                           cb25os163_max
        ora21d2                                           cb25os163_max
        ora31d1                                           cb25os163_max
        ora211d1                                          cb25os163_max
        sdcrn1                                            cb25os163_max
        sdcrq1                                            cb25os163_max
        sdnrn1                                            cb25os163_max
        sdnrq1                                            cb25os163_max
        sdprb1                                            cb25os163_max
        senrq1                                            cb25os163_max
        seprq1                                            cb25os163_max
        xn02d1                                            cb25os163_max
        xr02d1                                            cb25os163_max
        xr03d1                                            cb25os163_max
        xr03d2                                            cb25os163_max
    SdramAhbif_WR_BUF_COUNT2_RD_BUF_COUNT1_test_2
        ah01d0                                            cb25os163_max
        ah01d1                                            cb25os163_max
        an02d0                                            cb25os163_max
        an02d1                                            cb25os163_max
        an02d2                                            cb25os163_max
        an02d4                                            cb25os163_max
        an03d1                                            cb25os163_max
        an03d2                                            cb25os163_max
        an04d1                                            cb25os163_max
        an12d1                                            cb25os163_max
        an12d4                                            cb25os163_max
        an13d1                                            cb25os163_max
        an23d1                                            cb25os163_max
        aoi21d1                                           cb25os163_max
        aoi22d1                                           cb25os163_max
        aoi31d1                                           cb25os163_max
        aoi211d1                                          cb25os163_max
        aoi211d2                                          cb25os163_max
        aoi311d1                                          cb25os163_max
        aoim3m11d1                                        cb25os163_max
        aoim21d1                                          cb25os163_max
        aoim22d1                                          cb25os163_max
        aoim22d2                                          cb25os163_max
        aoim31d1                                          cb25os163_max
        aoim211d1                                         cb25os163_max
        aon211d1                                          cb25os163_max
        aor21d1                                           cb25os163_max
        aor22d1                                           cb25os163_max
        aor22d2                                           cb25os163_max
        aor31d1                                           cb25os163_max
        aor211d1                                          cb25os163_max
        aor221d1                                          cb25os163_max
        aor222d1                                          cb25os163_max
        aor311d1                                          cb25os163_max
        bufbd1                                            cb25os163_max
        bufbda                                            cb25os163_max
        buffd1                                            cb25os163_max
        buffd3                                            cb25os163_max
        buffd7                                            cb25os163_max
        buffda                                            cb25os163_max
        cg01d2                                            cb25os163_max
        clk2d2                                            cb25os163_max
        inv0d0                                            cb25os163_max
        inv0d1                                            cb25os163_max
        inv0d2                                            cb25os163_max
        inv0d4                                            cb25os163_max
        inv0d7                                            cb25os163_max
        inv0da                                            cb25os163_max
        invbd2                                            cb25os163_max
        invbd4                                            cb25os163_max
        mi02d1                                            cb25os163_max
        mx02d0                                            cb25os163_max
        mx02d1                                            cb25os163_max
        mx02d2                                            cb25os163_max
        nd02d0                                            cb25os163_max
        nd02d1                                            cb25os163_max
        nd02d2                                            cb25os163_max
        nd02d4                                            cb25os163_max
        nd03d0                                            cb25os163_max
        nd03d1                                            cb25os163_max
        nd03d2                                            cb25os163_max
        nd04d1                                            cb25os163_max
        nd12d0                                            cb25os163_max
        nd12d1                                            cb25os163_max
        nd13d1                                            cb25os163_max
        nd23d1                                            cb25os163_max
        nd23d2                                            cb25os163_max
        nr02d0                                            cb25os163_max
        nr02d1                                            cb25os163_max
        nr02d2                                            cb25os163_max
        nr03d1                                            cb25os163_max
        nr04d1                                            cb25os163_max
        nr13d1                                            cb25os163_max
        nr13d2                                            cb25os163_max
        nr23d1                                            cb25os163_max
        oai21d1                                           cb25os163_max
        oai22d1                                           cb25os163_max
        oai31d1                                           cb25os163_max
        oai211d1                                          cb25os163_max
        oai221d1                                          cb25os163_max
        oai222d1                                          cb25os163_max
        oai311d1                                          cb25os163_max
        oai2222d1                                         cb25os163_max
        oaim2m11d1                                        cb25os163_max
        oaim3m11d1                                        cb25os163_max
        oaim21d1                                          cb25os163_max
        oaim22d1                                          cb25os163_max
        oaim31d1                                          cb25os163_max
        oaim211d1                                         cb25os163_max
        oaim311d1                                         cb25os163_max
        oan211d1                                          cb25os163_max
        or02d0                                            cb25os163_max
        or02d1                                            cb25os163_max
        or02d2                                            cb25os163_max
        or02d4                                            cb25os163_max
        or03d1                                            cb25os163_max
        or03d2                                            cb25os163_max
        or04d1                                            cb25os163_max
        or12d1                                            cb25os163_max
        or13d1                                            cb25os163_max
        or13d2                                            cb25os163_max
        or23d1                                            cb25os163_max
        ora21d1                                           cb25os163_max
        ora21d2                                           cb25os163_max
        ora31d1                                           cb25os163_max
        ora211d1                                          cb25os163_max
        sdcrn1                                            cb25os163_max
        sdcrq1                                            cb25os163_max
        sdnrn1                                            cb25os163_max
        sdnrq1                                            cb25os163_max
        sdprb1                                            cb25os163_max
        senrq1                                            cb25os163_max
        seprq1                                            cb25os163_max
        xn02d1                                            cb25os163_max
        xn02d2                                            cb25os163_max
        xr02d1                                            cb25os163_max
        xr03d1                                            cb25os163_max
    SdramAhbif_WR_BUF_COUNT2_RD_BUF_COUNT1_test_3
        ah01d0                                            cb25os163_max
        ah01d1                                            cb25os163_max
        an02d0                                            cb25os163_max
        an02d1                                            cb25os163_max
        an02d2                                            cb25os163_max
        an02d4                                            cb25os163_max
        an03d1                                            cb25os163_max
        an03d2                                            cb25os163_max
        an04d1                                            cb25os163_max
        an04d2                                            cb25os163_max
        an12d1                                            cb25os163_max
        an12d4                                            cb25os163_max
        an13d1                                            cb25os163_max
        an23d1                                            cb25os163_max
        aoi21d1                                           cb25os163_max
        aoi22d1                                           cb25os163_max
        aoi31d1                                           cb25os163_max
        aoi211d1                                          cb25os163_max
        aoi321d1                                          cb25os163_max
        aoim2m11d1                                        cb25os163_max
        aoim3m11d1                                        cb25os163_max
        aoim21d1                                          cb25os163_max
        aoim22d1                                          cb25os163_max
        aoim22d2                                          cb25os163_max
        aoim31d1                                          cb25os163_max
        aoim211d1                                         cb25os163_max
        aon211d1                                          cb25os163_max
        aor21d1                                           cb25os163_max
        aor22d1                                           cb25os163_max
        aor31d1                                           cb25os163_max
        aor211d1                                          cb25os163_max
        aor222d1                                          cb25os163_max
        bufbd1                                            cb25os163_max
        bufbda                                            cb25os163_max
        buffd1                                            cb25os163_max
        buffd7                                            cb25os163_max
        buffda                                            cb25os163_max
        inv0d0                                            cb25os163_max
        inv0d1                                            cb25os163_max
        inv0d2                                            cb25os163_max
        inv0d4                                            cb25os163_max
        inv0d7                                            cb25os163_max
        inv0da                                            cb25os163_max
        invbd2                                            cb25os163_max
        invbd4                                            cb25os163_max
        mi02d1                                            cb25os163_max
        mx02d0                                            cb25os163_max
        mx02d1                                            cb25os163_max
        mx02d2                                            cb25os163_max
        nd02d0                                            cb25os163_max
        nd02d1                                            cb25os163_max
        nd02d2                                            cb25os163_max
        nd02d4                                            cb25os163_max
        nd03d0                                            cb25os163_max
        nd03d1                                            cb25os163_max
        nd03d2                                            cb25os163_max
        nd04d1                                            cb25os163_max
        nd12d0                                            cb25os163_max
        nd12d1                                            cb25os163_max
        nd13d1                                            cb25os163_max
        nd23d1                                            cb25os163_max
        nr02d0                                            cb25os163_max
        nr02d1                                            cb25os163_max
        nr02d2                                            cb25os163_max
        nr03d1                                            cb25os163_max
        nr03d4                                            cb25os163_max
        nr04d1                                            cb25os163_max
        nr04d2                                            cb25os163_max
        nr13d1                                            cb25os163_max
        nr23d1                                            cb25os163_max
        nr23d2                                            cb25os163_max
        oai21d1                                           cb25os163_max
        oai22d1                                           cb25os163_max
        oai31d1                                           cb25os163_max
        oai211d1                                          cb25os163_max
        oai221d1                                          cb25os163_max
        oai222d1                                          cb25os163_max
        oai311d1                                          cb25os163_max
        oai322d1                                          cb25os163_max
        oai2222d1                                         cb25os163_max
        oaim2m11d1                                        cb25os163_max
        oaim3m11d1                                        cb25os163_max
        oaim21d1                                          cb25os163_max
        oaim22d1                                          cb25os163_max
        oaim31d1                                          cb25os163_max
        oaim211d1                                         cb25os163_max
        oaim311d1                                         cb25os163_max
        oan211d1                                          cb25os163_max
        or02d0                                            cb25os163_max
        or02d1                                            cb25os163_max
        or02d2                                            cb25os163_max
        or03d1                                            cb25os163_max
        or03d2                                            cb25os163_max
        or04d1                                            cb25os163_max
        or12d1                                            cb25os163_max
        or13d1                                            cb25os163_max
        or13d2                                            cb25os163_max
        or23d1                                            cb25os163_max
        ora21d1                                           cb25os163_max
        ora21d2                                           cb25os163_max
        ora31d1                                           cb25os163_max
        ora211d1                                          cb25os163_max
        ora311d1                                          cb25os163_max
        sdcrb1                                            cb25os163_max
        sdcrn1                                            cb25os163_max
        sdcrq1                                            cb25os163_max
        sdnrn1                                            cb25os163_max
        sdnrq1                                            cb25os163_max
        sdprb1                                            cb25os163_max
        senrq1                                            cb25os163_max
        seprq1                                            cb25os163_max
        xn02d1                                            cb25os163_max
        xr02d1                                            cb25os163_max
        xr03d1                                            cb25os163_max
        xr03d2                                            cb25os163_max
    SdramAhbif_WR_BUF_COUNT2_RD_BUF_COUNT1_test_4
        ah01d0                                            cb25os163_max
        ah01d1                                            cb25os163_max
        an02d0                                            cb25os163_max
        an02d1                                            cb25os163_max
        an02d4                                            cb25os163_max
        an03d1                                            cb25os163_max
        an03d2                                            cb25os163_max
        an04d1                                            cb25os163_max
        an04d2                                            cb25os163_max
        an12d1                                            cb25os163_max
        an12d4                                            cb25os163_max
        an13d1                                            cb25os163_max
        an23d1                                            cb25os163_max
        aoi21d1                                           cb25os163_max
        aoi22d1                                           cb25os163_max
        aoi31d1                                           cb25os163_max
        aoi211d1                                          cb25os163_max
        aoi211d2                                          cb25os163_max
        aoi311d1                                          cb25os163_max
        aoim2m11d1                                        cb25os163_max
        aoim3m11d1                                        cb25os163_max
        aoim21d1                                          cb25os163_max
        aoim22d1                                          cb25os163_max
        aoim22d2                                          cb25os163_max
        aoim211d1                                         cb25os163_max
        aoim311d1                                         cb25os163_max
        aon211d1                                          cb25os163_max
        aon211d2                                          cb25os163_max
        aor21d1                                           cb25os163_max
        aor22d1                                           cb25os163_max
        aor31d1                                           cb25os163_max
        aor211d1                                          cb25os163_max
        aor222d1                                          cb25os163_max
        aor311d1                                          cb25os163_max
        bufbd1                                            cb25os163_max
        bufbd7                                            cb25os163_max
        bufbda                                            cb25os163_max
        buffd1                                            cb25os163_max
        buffd3                                            cb25os163_max
        buffd7                                            cb25os163_max
        buffda                                            cb25os163_max
        cg01d2                                            cb25os163_max
        clk2d2                                            cb25os163_max
        inv0d0                                            cb25os163_max
        inv0d1                                            cb25os163_max
        inv0d2                                            cb25os163_max
        inv0d4                                            cb25os163_max
        inv0d7                                            cb25os163_max
        inv0da                                            cb25os163_max
        invbd2                                            cb25os163_max
        invbd4                                            cb25os163_max
        mi02d1                                            cb25os163_max
        mx02d0                                            cb25os163_max
        mx02d1                                            cb25os163_max
        mx02d2                                            cb25os163_max
        nd02d0                                            cb25os163_max
        nd02d1                                            cb25os163_max
        nd02d2                                            cb25os163_max
        nd02d4                                            cb25os163_max
        nd03d0                                            cb25os163_max
        nd03d1                                            cb25os163_max
        nd03d2                                            cb25os163_max
        nd04d1                                            cb25os163_max
        nd12d0                                            cb25os163_max
        nd12d1                                            cb25os163_max
        nd13d1                                            cb25os163_max
        nd23d1                                            cb25os163_max
        nr02d0                                            cb25os163_max
        nr02d1                                            cb25os163_max
        nr02d2                                            cb25os163_max
        nr03d1                                            cb25os163_max
        nr04d1                                            cb25os163_max
        nr13d1                                            cb25os163_max
        nr23d1                                            cb25os163_max
        nr23d2                                            cb25os163_max
        oai21d1                                           cb25os163_max
        oai21d4                                           cb25os163_max
        oai22d1                                           cb25os163_max
        oai31d1                                           cb25os163_max
        oai211d1                                          cb25os163_max
        oai221d1                                          cb25os163_max
        oai222d1                                          cb25os163_max
        oai311d1                                          cb25os163_max
        oai321d1                                          cb25os163_max
        oai322d1                                          cb25os163_max
        oai2222d1                                         cb25os163_max
        oaim2m11d1                                        cb25os163_max
        oaim21d1                                          cb25os163_max
        oaim22d1                                          cb25os163_max
        oaim31d1                                          cb25os163_max
        oaim211d1                                         cb25os163_max
        oaim311d1                                         cb25os163_max
        oan211d1                                          cb25os163_max
        or02d0                                            cb25os163_max
        or02d1                                            cb25os163_max
        or02d2                                            cb25os163_max
        or03d1                                            cb25os163_max
        or03d2                                            cb25os163_max
        or04d1                                            cb25os163_max
        or04d2                                            cb25os163_max
        or12d1                                            cb25os163_max
        or13d1                                            cb25os163_max
        or13d2                                            cb25os163_max
        or23d1                                            cb25os163_max
        or23d2                                            cb25os163_max
        ora21d1                                           cb25os163_max
        ora31d1                                           cb25os163_max
        ora211d1                                          cb25os163_max
        sdcrn1                                            cb25os163_max
        sdcrq1                                            cb25os163_max
        sdnrn1                                            cb25os163_max
        sdnrq1                                            cb25os163_max
        sdprb1                                            cb25os163_max
        senrq1                                            cb25os163_max
        seprq1                                            cb25os163_max
        xn02d1                                            cb25os163_max
        xn02d2                                            cb25os163_max
        xr02d1                                            cb25os163_max
        xr03d1                                            cb25os163_max
        xr03d2                                            cb25os163_max
    SdramBigEndian_0
        xr02d1                                            cb25os163_max
    SdramBigEndian_1
        xr02d1                                            cb25os163_max
    SdramBigEndian_2
        xr02d1                                            cb25os163_max
    SdramBigEndian_3
        xr02d1                                            cb25os163_max
    SdramEngine_test_1
        SdramArbiter_test_1
            SdramArbFSM_test_1
                an02d1                                    cb25os163_max
                an12d1                                    cb25os163_max
                aon211d1                                  cb25os163_max
                bufbd1                                    cb25os163_max
                buffd1                                    cb25os163_max
                inv0d0                                    cb25os163_max
                inv0d1                                    cb25os163_max
                nd02d1                                    cb25os163_max
                nr02d0                                    cb25os163_max
                nr02d1                                    cb25os163_max
                nr02d2                                    cb25os163_max
                oai211d1                                  cb25os163_max
                oaim22d1                                  cb25os163_max
                oaim31d1                                  cb25os163_max
                or13d1                                    cb25os163_max
                or23d1                                    cb25os163_max
                sdcrn1                                    cb25os163_max
                sdcrq1                                    cb25os163_max
                sdprb1                                    cb25os163_max
            SdramArbFSM_test_2
                an02d0                                    cb25os163_max
                an12d1                                    cb25os163_max
                aoim21d1                                  cb25os163_max
                aon211d1                                  cb25os163_max
                bufbd1                                    cb25os163_max
                buffd1                                    cb25os163_max
                inv0d1                                    cb25os163_max
                nd02d1                                    cb25os163_max
                nr02d1                                    cb25os163_max
                nr02d2                                    cb25os163_max
                nr13d1                                    cb25os163_max
                oai211d1                                  cb25os163_max
                oaim31d1                                  cb25os163_max
                or13d1                                    cb25os163_max
                or23d1                                    cb25os163_max
                sdcrn1                                    cb25os163_max
                sdcrq1                                    cb25os163_max
                sdprb1                                    cb25os163_max
            SdramArbFSM_test_3
                aoi21d1                                   cb25os163_max
                aon211d1                                  cb25os163_max
                aor22d2                                   cb25os163_max
                buffd1                                    cb25os163_max
                inv0d0                                    cb25os163_max
                inv0d1                                    cb25os163_max
                invbd2                                    cb25os163_max
                nd02d1                                    cb25os163_max
                nd03d1                                    cb25os163_max
                nr02d0                                    cb25os163_max
                nr02d1                                    cb25os163_max
                oai21d1                                   cb25os163_max
                oai211d1                                  cb25os163_max
                oaim22d1                                  cb25os163_max
                or23d1                                    cb25os163_max
                sdcrn1                                    cb25os163_max
                sdcrq1                                    cb25os163_max
                sdprb1                                    cb25os163_max
            SdramArbFSM_test_4
                an02d0                                    cb25os163_max
                an12d1                                    cb25os163_max
                aoim21d1                                  cb25os163_max
                aon211d1                                  cb25os163_max
                bufbd1                                    cb25os163_max
                buffd1                                    cb25os163_max
                inv0d1                                    cb25os163_max
                nd02d1                                    cb25os163_max
                nr02d1                                    cb25os163_max
                nr13d1                                    cb25os163_max
                oai211d1                                  cb25os163_max
                oaim21d1                                  cb25os163_max
                oaim31d1                                  cb25os163_max
                or13d1                                    cb25os163_max
                or23d1                                    cb25os163_max
                sdcrn1                                    cb25os163_max
                sdcrq1                                    cb25os163_max
                sdprb1                                    cb25os163_max
            an02d0                                        cb25os163_max
            an02d1                                        cb25os163_max
            an02d2                                        cb25os163_max
            an12d1                                        cb25os163_max
            an13d1                                        cb25os163_max
            aoi21d1                                       cb25os163_max
            aoi22d1                                       cb25os163_max
            aoim21d1                                      cb25os163_max
            aoim22d1                                      cb25os163_max
            aoim31d1                                      cb25os163_max
            aon211d1                                      cb25os163_max
            aor222d1                                      cb25os163_max
            bufbd1                                        cb25os163_max
            buffd1                                        cb25os163_max
            buffd3                                        cb25os163_max
            buffd7                                        cb25os163_max
            inv0d0                                        cb25os163_max
            inv0d1                                        cb25os163_max
            inv0d2                                        cb25os163_max
            inv0d4                                        cb25os163_max
            inv0d7                                        cb25os163_max
            inv0da                                        cb25os163_max
            invbd2                                        cb25os163_max
            invbd4                                        cb25os163_max
            nd02d0                                        cb25os163_max
            nd02d1                                        cb25os163_max
            nd02d2                                        cb25os163_max
            nd03d0                                        cb25os163_max
            nd03d1                                        cb25os163_max
            nd03d2                                        cb25os163_max
            nd12d1                                        cb25os163_max
            nr02d0                                        cb25os163_max
            nr02d1                                        cb25os163_max
            nr02d2                                        cb25os163_max
            nr04d1                                        cb25os163_max
            nr13d1                                        cb25os163_max
            oai21d1                                       cb25os163_max
            oai211d1                                      cb25os163_max
            oaim2m11d1                                    cb25os163_max
            oaim21d1                                      cb25os163_max
            oaim31d1                                      cb25os163_max
            oaim211d1                                     cb25os163_max
            oan211d1                                      cb25os163_max
            or02d0                                        cb25os163_max
            or02d2                                        cb25os163_max
            or23d1                                        cb25os163_max
            ora211d1                                      cb25os163_max
            sdcrn1                                        cb25os163_max
            sdcrq1                                        cb25os163_max
            sdcrq2                                        cb25os163_max
            sdprb1                                        cb25os163_max
            xn02d1                                        cb25os163_max
            xr02d1                                        cb25os163_max
        SdramCmdSeq_test_1
            an02d0                                        cb25os163_max
            an02d1                                        cb25os163_max
            an02d4                                        cb25os163_max
            an03d1                                        cb25os163_max
            an03d2                                        cb25os163_max
            an04d1                                        cb25os163_max
            an12d1                                        cb25os163_max
            aoi21d1                                       cb25os163_max
            aoi21d2                                       cb25os163_max
            aoi22d1                                       cb25os163_max
            aoi31d1                                       cb25os163_max
            aoi211d1                                      cb25os163_max
            aoi2222d1                                     cb25os163_max
            aoim2m11d1                                    cb25os163_max
            aoim3m11d1                                    cb25os163_max
            aoim21d1                                      cb25os163_max
            aoim22d1                                      cb25os163_max
            aoim22d2                                      cb25os163_max
            aoim31d1                                      cb25os163_max
            aoim211d1                                     cb25os163_max
            aon211d1                                      cb25os163_max
            aon211d2                                      cb25os163_max
            aor21d1                                       cb25os163_max
            aor22d1                                       cb25os163_max
            aor31d1                                       cb25os163_max
            aor211d1                                      cb25os163_max
            aor221d1                                      cb25os163_max
            aor222d1                                      cb25os163_max
            aor311d1                                      cb25os163_max
            bufbd1                                        cb25os163_max
            bufbd3                                        cb25os163_max
            bufbda                                        cb25os163_max
            buffd1                                        cb25os163_max
            buffd3                                        cb25os163_max
            buffd7                                        cb25os163_max
            buffda                                        cb25os163_max
            inv0d0                                        cb25os163_max
            inv0d1                                        cb25os163_max
            inv0d2                                        cb25os163_max
            inv0d4                                        cb25os163_max
            inv0d7                                        cb25os163_max
            inv0da                                        cb25os163_max
            invbd2                                        cb25os163_max
            invbd4                                        cb25os163_max
            mi02d1                                        cb25os163_max
            mi02d2                                        cb25os163_max
            mx02d0                                        cb25os163_max
            mx02d1                                        cb25os163_max
            mx02d2                                        cb25os163_max
            mx02d4                                        cb25os163_max
            nd02d0                                        cb25os163_max
            nd02d1                                        cb25os163_max
            nd02d2                                        cb25os163_max
            nd02d4                                        cb25os163_max
            nd03d0                                        cb25os163_max
            nd03d1                                        cb25os163_max
            nd03d2                                        cb25os163_max
            nd03d4                                        cb25os163_max
            nd04d1                                        cb25os163_max
            nd12d0                                        cb25os163_max
            nd12d1                                        cb25os163_max
            nd13d1                                        cb25os163_max
            nd23d1                                        cb25os163_max
            nr02d0                                        cb25os163_max
            nr02d1                                        cb25os163_max
            nr02d2                                        cb25os163_max
            nr03d1                                        cb25os163_max
            nr04d1                                        cb25os163_max
            nr13d1                                        cb25os163_max
            nr23d1                                        cb25os163_max
            nr23d2                                        cb25os163_max
            oai21d1                                       cb25os163_max
            oai22d1                                       cb25os163_max
            oai31d1                                       cb25os163_max
            oai31d4                                       cb25os163_max
            oai211d1                                      cb25os163_max
            oai221d1                                      cb25os163_max
            oai311d1                                      cb25os163_max
            oai321d1                                      cb25os163_max
            oai2222d1                                     cb25os163_max
            oaim2m11d1                                    cb25os163_max
            oaim2m11d4                                    cb25os163_max
            oaim3m11d1                                    cb25os163_max
            oaim21d1                                      cb25os163_max
            oaim22d1                                      cb25os163_max
            oaim31d1                                      cb25os163_max
            oaim211d1                                     cb25os163_max
            oaim311d1                                     cb25os163_max
            oan211d1                                      cb25os163_max
            or02d0                                        cb25os163_max
            or02d1                                        cb25os163_max
            or02d2                                        cb25os163_max
            or03d1                                        cb25os163_max
            or03d2                                        cb25os163_max
            or04d1                                        cb25os163_max
            or12d1                                        cb25os163_max
            or13d1                                        cb25os163_max
            or23d1                                        cb25os163_max
            ora21d1                                       cb25os163_max
            ora211d1                                      cb25os163_max
            sdcrb1                                        cb25os163_max
            sdcrn1                                        cb25os163_max
            sdcrq1                                        cb25os163_max
            sdcrq2                                        cb25os163_max
            sdprb1                                        cb25os163_max
            seprq1                                        cb25os163_max
            xn02d1                                        cb25os163_max
            xr02d1                                        cb25os163_max
        SdramDramCntl_test_1
            SdramDramFSM_test_1
                an02d0                                    cb25os163_max
                an02d1                                    cb25os163_max
                an03d1                                    cb25os163_max
                an04d1                                    cb25os163_max
                an12d1                                    cb25os163_max
                an23d1                                    cb25os163_max
                aoi21d1                                   cb25os163_max
                aoi22d1                                   cb25os163_max
                aoi31d1                                   cb25os163_max
                aoi211d1                                  cb25os163_max
                aoi2222d1                                 cb25os163_max
                aoim21d1                                  cb25os163_max
                aoim22d1                                  cb25os163_max
                aoim31d1                                  cb25os163_max
                aon211d1                                  cb25os163_max
                aor21d1                                   cb25os163_max
                aor22d1                                   cb25os163_max
                aor211d1                                  cb25os163_max
                aor222d1                                  cb25os163_max
                bufbd1                                    cb25os163_max
                buffd1                                    cb25os163_max
                buffd3                                    cb25os163_max
                buffd7                                    cb25os163_max
                buffda                                    cb25os163_max
                inv0d0                                    cb25os163_max
                inv0d1                                    cb25os163_max
                inv0d2                                    cb25os163_max
                invbd2                                    cb25os163_max
                invbd4                                    cb25os163_max
                mi02d1                                    cb25os163_max
                mx02d0                                    cb25os163_max
                mx02d1                                    cb25os163_max
                mx04d1                                    cb25os163_max
                nd02d0                                    cb25os163_max
                nd02d1                                    cb25os163_max
                nd02d2                                    cb25os163_max
                nd02d4                                    cb25os163_max
                nd03d0                                    cb25os163_max
                nd03d1                                    cb25os163_max
                nd03d2                                    cb25os163_max
                nd04d1                                    cb25os163_max
                nd12d1                                    cb25os163_max
                nd13d1                                    cb25os163_max
                nd23d1                                    cb25os163_max
                nr02d0                                    cb25os163_max
                nr02d1                                    cb25os163_max
                nr02d2                                    cb25os163_max
                nr03d1                                    cb25os163_max
                nr04d1                                    cb25os163_max
                nr04d2                                    cb25os163_max
                nr13d1                                    cb25os163_max
                nr23d1                                    cb25os163_max
                oai21d1                                   cb25os163_max
                oai22d1                                   cb25os163_max
                oai31d1                                   cb25os163_max
                oai211d1                                  cb25os163_max
                oai222d1                                  cb25os163_max
                oai322d1                                  cb25os163_max
                oaim2m11d1                                cb25os163_max
                oaim21d1                                  cb25os163_max
                oaim22d1                                  cb25os163_max
                oaim31d1                                  cb25os163_max
                oaim211d1                                 cb25os163_max
                oaim311d1                                 cb25os163_max
                oan211d1                                  cb25os163_max
                or02d0                                    cb25os163_max
                or02d1                                    cb25os163_max
                or03d2                                    cb25os163_max
                or04d1                                    cb25os163_max
                or12d1                                    cb25os163_max
                or13d1                                    cb25os163_max
                or23d1                                    cb25os163_max
                ora21d1                                   cb25os163_max
                ora211d1                                  cb25os163_max
                ora311d1                                  cb25os163_max
                sdcrn1                                    cb25os163_max
                sdcrq1                                    cb25os163_max
                sdprb1                                    cb25os163_max
                xn02d1                                    cb25os163_max
                xr02d1                                    cb25os163_max
                xr03d1                                    cb25os163_max
            SdramDramFSM_test_2
                an02d0                                    cb25os163_max
                an02d1                                    cb25os163_max
                an03d1                                    cb25os163_max
                an04d1                                    cb25os163_max
                an12d1                                    cb25os163_max
                aoi21d1                                   cb25os163_max
                aoi22d1                                   cb25os163_max
                aoi31d1                                   cb25os163_max
                aoi211d1                                  cb25os163_max
                aoi2222d1                                 cb25os163_max
                aoim21d1                                  cb25os163_max
                aoim22d1                                  cb25os163_max
                aoim31d1                                  cb25os163_max
                aon211d1                                  cb25os163_max
                aor21d1                                   cb25os163_max
                aor22d1                                   cb25os163_max
                aor211d1                                  cb25os163_max
                aor222d1                                  cb25os163_max
                bufbd1                                    cb25os163_max
                buffd1                                    cb25os163_max
                buffd3                                    cb25os163_max
                buffda                                    cb25os163_max
                inv0d0                                    cb25os163_max
                inv0d1                                    cb25os163_max
                inv0d2                                    cb25os163_max
                inv0d4                                    cb25os163_max
                invbd2                                    cb25os163_max
                mi02d1                                    cb25os163_max
                mx02d0                                    cb25os163_max
                mx02d1                                    cb25os163_max
                nd02d0                                    cb25os163_max
                nd02d1                                    cb25os163_max
                nd02d2                                    cb25os163_max
                nd02d4                                    cb25os163_max
                nd03d0                                    cb25os163_max
                nd03d1                                    cb25os163_max
                nd03d2                                    cb25os163_max
                nd04d1                                    cb25os163_max
                nd12d0                                    cb25os163_max
                nd12d1                                    cb25os163_max
                nr02d0                                    cb25os163_max
                nr02d1                                    cb25os163_max
                nr02d2                                    cb25os163_max
                nr03d1                                    cb25os163_max
                nr04d1                                    cb25os163_max
                nr13d1                                    cb25os163_max
                nr23d1                                    cb25os163_max
                oai21d1                                   cb25os163_max
                oai22d1                                   cb25os163_max
                oai31d1                                   cb25os163_max
                oai211d1                                  cb25os163_max
                oai221d1                                  cb25os163_max
                oai321d1                                  cb25os163_max
                oai322d1                                  cb25os163_max
                oaim2m11d1                                cb25os163_max
                oaim21d1                                  cb25os163_max
                oaim22d1                                  cb25os163_max
                oaim31d1                                  cb25os163_max
                oaim211d1                                 cb25os163_max
                oan211d1                                  cb25os163_max
                or02d0                                    cb25os163_max
                or02d1                                    cb25os163_max
                or03d2                                    cb25os163_max
                or04d1                                    cb25os163_max
                or13d1                                    cb25os163_max
                or23d1                                    cb25os163_max
                ora211d1                                  cb25os163_max
                sdcrn1                                    cb25os163_max
                sdcrq1                                    cb25os163_max
                sdprb1                                    cb25os163_max
                xn02d1                                    cb25os163_max
                xr02d1                                    cb25os163_max
                xr03d1                                    cb25os163_max
            SdramDramFSM_test_3
                an02d0                                    cb25os163_max
                an02d1                                    cb25os163_max
                an03d1                                    cb25os163_max
                an04d1                                    cb25os163_max
                an12d1                                    cb25os163_max
                an13d1                                    cb25os163_max
                an23d1                                    cb25os163_max
                aoi21d1                                   cb25os163_max
                aoi22d1                                   cb25os163_max
                aoi31d1                                   cb25os163_max
                aoi211d1                                  cb25os163_max
                aoi321d1                                  cb25os163_max
                aoi2222d1                                 cb25os163_max
                aoim21d1                                  cb25os163_max
                aoim22d1                                  cb25os163_max
                aoim22d2                                  cb25os163_max
                aoim31d1                                  cb25os163_max
                aoim211d1                                 cb25os163_max
                aon211d1                                  cb25os163_max
                aor22d1                                   cb25os163_max
                aor211d1                                  cb25os163_max
                aor222d1                                  cb25os163_max
                bufbd1                                    cb25os163_max
                buffd1                                    cb25os163_max
                buffd3                                    cb25os163_max
                buffd7                                    cb25os163_max
                inv0d0                                    cb25os163_max
                inv0d1                                    cb25os163_max
                inv0d2                                    cb25os163_max
                invbd4                                    cb25os163_max
                mi02d1                                    cb25os163_max
                mx02d0                                    cb25os163_max
                mx02d1                                    cb25os163_max
                mx04d1                                    cb25os163_max
                nd02d0                                    cb25os163_max
                nd02d1                                    cb25os163_max
                nd02d2                                    cb25os163_max
                nd02d4                                    cb25os163_max
                nd03d0                                    cb25os163_max
                nd03d1                                    cb25os163_max
                nd03d2                                    cb25os163_max
                nd04d1                                    cb25os163_max
                nd12d0                                    cb25os163_max
                nd12d1                                    cb25os163_max
                nd23d1                                    cb25os163_max
                nr02d0                                    cb25os163_max
                nr02d1                                    cb25os163_max
                nr02d2                                    cb25os163_max
                nr03d1                                    cb25os163_max
                nr04d1                                    cb25os163_max
                nr04d2                                    cb25os163_max
                nr13d1                                    cb25os163_max
                nr23d1                                    cb25os163_max
                oai21d1                                   cb25os163_max
                oai22d1                                   cb25os163_max
                oai31d1                                   cb25os163_max
                oai211d1                                  cb25os163_max
                oai311d1                                  cb25os163_max
                oai322d1                                  cb25os163_max
                oaim2m11d1                                cb25os163_max
                oaim21d1                                  cb25os163_max
                oaim22d1                                  cb25os163_max
                oaim31d1                                  cb25os163_max
                oaim211d1                                 cb25os163_max
                oan211d1                                  cb25os163_max
                or02d0                                    cb25os163_max
                or02d1                                    cb25os163_max
                or03d2                                    cb25os163_max
                or04d1                                    cb25os163_max
                or13d1                                    cb25os163_max
                or23d1                                    cb25os163_max
                ora21d1                                   cb25os163_max
                ora31d1                                   cb25os163_max
                ora211d1                                  cb25os163_max
                sdcrn1                                    cb25os163_max
                sdcrq1                                    cb25os163_max
                sdprb1                                    cb25os163_max
                xn02d1                                    cb25os163_max
                xr02d1                                    cb25os163_max
                xr03d1                                    cb25os163_max
            SdramDramFSM_test_4
                an02d0                                    cb25os163_max
                an02d1                                    cb25os163_max
                an02d4                                    cb25os163_max
                an03d1                                    cb25os163_max
                an04d1                                    cb25os163_max
                an12d1                                    cb25os163_max
                aoi21d1                                   cb25os163_max
                aoi22d1                                   cb25os163_max
                aoi31d1                                   cb25os163_max
                aoi211d1                                  cb25os163_max
                aoi321d1                                  cb25os163_max
                aoi2222d1                                 cb25os163_max
                aoim2m11d1                                cb25os163_max
                aoim21d1                                  cb25os163_max
                aoim22d1                                  cb25os163_max
                aoim31d1                                  cb25os163_max
                aoim211d1                                 cb25os163_max
                aon211d1                                  cb25os163_max
                aor22d1                                   cb25os163_max
                aor31d1                                   cb25os163_max
                aor211d1                                  cb25os163_max
                aor221d1                                  cb25os163_max
                aor222d1                                  cb25os163_max
                bufbd1                                    cb25os163_max
                buffd1                                    cb25os163_max
                buffd3                                    cb25os163_max
                buffd7                                    cb25os163_max
                inv0d0                                    cb25os163_max
                inv0d1                                    cb25os163_max
                inv0d2                                    cb25os163_max
                inv0d4                                    cb25os163_max
                invbd2                                    cb25os163_max
                invbd4                                    cb25os163_max
                mi02d1                                    cb25os163_max
                mx02d0                                    cb25os163_max
                mx02d1                                    cb25os163_max
                nd02d0                                    cb25os163_max
                nd02d1                                    cb25os163_max
                nd02d2                                    cb25os163_max
                nd03d0                                    cb25os163_max
                nd03d1                                    cb25os163_max
                nd03d2                                    cb25os163_max
                nd04d1                                    cb25os163_max
                nd12d0                                    cb25os163_max
                nd12d1                                    cb25os163_max
                nd13d1                                    cb25os163_max
                nd23d1                                    cb25os163_max
                nr02d0                                    cb25os163_max
                nr02d1                                    cb25os163_max
                nr02d2                                    cb25os163_max
                nr03d1                                    cb25os163_max
                nr04d1                                    cb25os163_max
                nr04d2                                    cb25os163_max
                nr13d1                                    cb25os163_max
                oai21d1                                   cb25os163_max
                oai22d1                                   cb25os163_max
                oai31d1                                   cb25os163_max
                oai211d1                                  cb25os163_max
                oai322d1                                  cb25os163_max
                oaim2m11d1                                cb25os163_max
                oaim21d1                                  cb25os163_max
                oaim22d1                                  cb25os163_max
                oaim31d1                                  cb25os163_max
                oaim211d1                                 cb25os163_max
                oan211d1                                  cb25os163_max
                or02d0                                    cb25os163_max
                or02d1                                    cb25os163_max
                or03d2                                    cb25os163_max
                or04d1                                    cb25os163_max
                or12d1                                    cb25os163_max
                or12d2                                    cb25os163_max
                or13d1                                    cb25os163_max
                or23d1                                    cb25os163_max
                ora21d1                                   cb25os163_max
                sdcrn1                                    cb25os163_max
                sdcrq1                                    cb25os163_max
                sdprb1                                    cb25os163_max
                xn02d1                                    cb25os163_max
                xr02d1                                    cb25os163_max
                xr02d2                                    cb25os163_max
                xr03d1                                    cb25os163_max
            SdramTimCntl_test_1
                an02d0                                    cb25os163_max
                an02d1                                    cb25os163_max
                an03d1                                    cb25os163_max
                an03d2                                    cb25os163_max
                an04d1                                    cb25os163_max
                an12d1                                    cb25os163_max
                aoi21d1                                   cb25os163_max
                aoi22d1                                   cb25os163_max
                aoi31d1                                   cb25os163_max
                aoi211d1                                  cb25os163_max
                aoim2m11d1                                cb25os163_max
                aoim21d1                                  cb25os163_max
                aoim22d1                                  cb25os163_max
                aoim31d1                                  cb25os163_max
                aoim211d1                                 cb25os163_max
                aon211d1                                  cb25os163_max
                aor21d1                                   cb25os163_max
                aor22d1                                   cb25os163_max
                aor211d1                                  cb25os163_max
                aor311d1                                  cb25os163_max
                bufbd1                                    cb25os163_max
                buffd3                                    cb25os163_max
                buffda                                    cb25os163_max
                cg01d1                                    cb25os163_max
                inv0d0                                    cb25os163_max
                inv0d1                                    cb25os163_max
                inv0d2                                    cb25os163_max
                inv0d4                                    cb25os163_max
                inv0da                                    cb25os163_max
                invbd4                                    cb25os163_max
                mx02d1                                    cb25os163_max
                nd02d0                                    cb25os163_max
                nd02d1                                    cb25os163_max
                nd02d2                                    cb25os163_max
                nd03d0                                    cb25os163_max
                nd03d1                                    cb25os163_max
                nd04d1                                    cb25os163_max
                nd12d0                                    cb25os163_max
                nd12d1                                    cb25os163_max
                nr02d0                                    cb25os163_max
                nr02d1                                    cb25os163_max
                nr02d2                                    cb25os163_max
                nr03d1                                    cb25os163_max
                nr04d1                                    cb25os163_max
                nr13d1                                    cb25os163_max
                nr23d1                                    cb25os163_max
                oai21d1                                   cb25os163_max
                oai22d1                                   cb25os163_max
                oai31d1                                   cb25os163_max
                oai211d1                                  cb25os163_max
                oai221d1                                  cb25os163_max
                oai321d1                                  cb25os163_max
                oai322d1                                  cb25os163_max
                oaim2m11d1                                cb25os163_max
                oaim21d1                                  cb25os163_max
                oaim22d1                                  cb25os163_max
                oaim31d1                                  cb25os163_max
                oaim211d1                                 cb25os163_max
                oan211d1                                  cb25os163_max
                or02d0                                    cb25os163_max
                or02d1                                    cb25os163_max
                or03d2                                    cb25os163_max
                or04d1                                    cb25os163_max
                or12d1                                    cb25os163_max
                ora21d1                                   cb25os163_max
                ora31d1                                   cb25os163_max
                ora211d1                                  cb25os163_max
                sdcrn1                                    cb25os163_max
                sdcrq1                                    cb25os163_max
                sdprb1                                    cb25os163_max
                xn02d1                                    cb25os163_max
                xr02d1                                    cb25os163_max
                xr02d2                                    cb25os163_max
                xr03d1                                    cb25os163_max
                xr03d4                                    cb25os163_max
            an02d0                                        cb25os163_max
            an02d1                                        cb25os163_max
            an03d1                                        cb25os163_max
            an03d2                                        cb25os163_max
            an04d1                                        cb25os163_max
            an12d1                                        cb25os163_max
            an23d1                                        cb25os163_max
            aoi21d1                                       cb25os163_max
            aoi22d1                                       cb25os163_max
            aoi31d1                                       cb25os163_max
            aoim21d1                                      cb25os163_max
            aoim22d1                                      cb25os163_max
            aoim211d1                                     cb25os163_max
            aon211d1                                      cb25os163_max
            aon211d2                                      cb25os163_max
            bufbd1                                        cb25os163_max
            buffd1                                        cb25os163_max
            buffd3                                        cb25os163_max
            buffd7                                        cb25os163_max
            buffda                                        cb25os163_max
            clk2d2                                        cb25os163_max
            inv0d0                                        cb25os163_max
            inv0d1                                        cb25os163_max
            inv0d2                                        cb25os163_max
            inv0d4                                        cb25os163_max
            invbd2                                        cb25os163_max
            invbd4                                        cb25os163_max
            nd02d0                                        cb25os163_max
            nd02d1                                        cb25os163_max
            nd02d2                                        cb25os163_max
            nd03d0                                        cb25os163_max
            nd03d1                                        cb25os163_max
            nd03d2                                        cb25os163_max
            nd03d4                                        cb25os163_max
            nd04d1                                        cb25os163_max
            nd12d0                                        cb25os163_max
            nd12d1                                        cb25os163_max
            nd13d1                                        cb25os163_max
            nd13d2                                        cb25os163_max
            nr02d0                                        cb25os163_max
            nr02d1                                        cb25os163_max
            nr02d2                                        cb25os163_max
            nr03d1                                        cb25os163_max
            nr13d1                                        cb25os163_max
            oai22d1                                       cb25os163_max
            oai31d1                                       cb25os163_max
            oai211d1                                      cb25os163_max
            oai2222d1                                     cb25os163_max
            oaim21d1                                      cb25os163_max
            oaim22d1                                      cb25os163_max
            oaim31d1                                      cb25os163_max
            oaim211d1                                     cb25os163_max
            oan211d1                                      cb25os163_max
            or02d0                                        cb25os163_max
            or02d1                                        cb25os163_max
            or02d2                                        cb25os163_max
            or12d1                                        cb25os163_max
            or23d1                                        cb25os163_max
            or23d2                                        cb25os163_max
            ora21d1                                       cb25os163_max
            ora31d1                                       cb25os163_max
            sdcrq1                                        cb25os163_max
        bufbd1                                            cb25os163_max
        buffd1                                            cb25os163_max
        inv0d0                                            cb25os163_max
        invbd4                                            cb25os163_max
    SdramPins_test_1
        bufbd1                                            cb25os163_max
        buffd1                                            cb25os163_max
        buffd7                                            cb25os163_max
        inv0d0                                            cb25os163_max
        inv0d1                                            cb25os163_max
        inv0d2                                            cb25os163_max
        inv0d4                                            cb25os163_max
        inv0da                                            cb25os163_max
        invbd2                                            cb25os163_max
        nd02d1                                            cb25os163_max
        nd02d2                                            cb25os163_max
        sdcrq1                                            cb25os163_max
        sdcrq2                                            cb25os163_max
        sdprb1                                            cb25os163_max
    bufbd1                                                cb25os163_max
    buffd1                                                cb25os163_max
    buffd3                                                cb25os163_max
    inv0d0                                                cb25os163_max
    inv0d1                                                cb25os163_max
    inv0d2                                                cb25os163_max
    inv0d7                                                cb25os163_max
    invbd2                                                cb25os163_max
    invbd4                                                cb25os163_max
 
****************************************
Report : area
Design : Sdram
Version: 1999.05-2
Date   : Sat Sep  9 08:08:57 2000
****************************************

Library(s) Used:

    cb25os163_max (File: /home/work/sdramc_pl170/synopsys_ref/cell_lib/cb25os163_max.db)

Number of ports:              537
Number of nets:              1115
Number of cells:               84
Number of references:          20

Combinational area:       39098.000000
Noncombinational area:    33839.000000
Net Interconnect area:    32705.431641 

Total cell area:          72937.000000
Total area:               105642.429688
 
****************************************
Report : clocks
Design : Sdram
Version: 1999.05-2
Date   : Sat Sep  9 08:09:00 2000
****************************************

Attributes:
    d - dont_touch_network
    f - fix_hold
    p - propagated_clock

Clock          Period   Waveform            Attrs     Sources
--------------------------------------------------------------------------------
CLKIn           11.00   {3.3 8.8}           d, f      {CLKIn}
HCLK            11.00   {0 5.5}             d, f      {HCLK}
--------------------------------------------------------------------------------
