Release 7.1.04i Map H.42
Xilinx Mapping Report File for Design 'FPGA1'

Design Information
------------------
Command Line   : C:/Xilinx/bin/nt/map.exe -ise
d:\etri_uwb\2007524\xilinx1\FPGA1.ise -intstyle ise -p xc4vlx200-ff1513-10 -cm
area -pr b -k 4 -c 100 -o FPGA1_map.ncd FPGA1.ngd FPGA1.pcf 
Target Device  : xc4vlx200
Target Package : ff1513
Target Speed   : -10
Mapper Version : virtex4 -- $Revision: 1.26.6.4 $
Mapped Date    : Tue May 29 16:38:10 2007

Design Summary
--------------
Number of errors:      0
Number of warnings:   38
Logic Utilization:
  Number of Slice Flip Flops:       1,559 out of 178,176    1%
  Number of 4 input LUTs:             569 out of 178,176    1%
Logic Distribution:
  Number of occupied Slices:                        1,299 out of  89,088    1%
    Number of Slices containing only related logic:   1,299 out of   1,299  100%
    Number of Slices containing unrelated logic:          0 out of   1,299    0%
      *See NOTES below for an explanation of the effects of unrelated logic
Total Number 4 input LUTs:            798 out of 178,176    1%
  Number used as logic:                569
  Number used as a route-thru:          48
  Number used as Shift registers:      181
  Number of bonded IOBs:              377 out of     960   39%
  Number of BUFG/BUFGCTRLs:             4 out of      32   12%
    Number used as BUFGs:                4
    Number used as BUFGCTRLs:            0
  Number of FIFO16/RAMB16s:            27 out of     336    8%
    Number used as FIFO16s:              0
    Number used as RAMB16s:             27
  Number of DCM_ADVs:                   1 out of      12    8%
  Number of BSCAN_VIRTEX4s:             2 out of       4   50%

Total equivalent gate count for design:  28,511
Additional JTAG gate count for IOBs:  18,096
Peak Memory Usage:  379 MB

NOTES:

   Related logic is defined as being logic that shares connectivity - e.g. two
   LUTs are "related" if they share common inputs.  When assembling slices,
   Map gives priority to combine logic that is related.  Doing so results in
   the best timing performance.

   Unrelated logic shares no connectivity.  Map will only begin packing
   unrelated logic into a slice once 99% of the slices are occupied through
   related logic packing.

   Note that once logic distribution reaches the 99% level through related
   logic packing, this does not mean the device is completely utilized.
   Unrelated logic packing will then begin, continuing until all usable LUTs
   and FFs are occupied.  Depending on your timing budget, increased levels of
   unrelated logic packing may adversely affect the overall timing performance
   of your design.

Table of Contents
-----------------
Section 1 - Errors
Section 2 - Warnings
Section 3 - Informational
Section 4 - Removed Logic Summary
Section 5 - Removed Logic
Section 6 - IOB Properties
Section 7 - RPMs
Section 8 - Guide Report
Section 9 - Area Group Summary
Section 10 - Modular Design Summary
Section 11 - Timing Report
Section 12 - Configuration String Information
Section 13 - Additional Device Resource Counts

Section 1 - Errors
------------------

Section 2 - Warnings
--------------------
WARNING:LIT:243 - Logical network HRESP_M0[1]_IBUF has no load.
WARNING:LIT:374 - The above warning message base_net_load_rule is repeated 465
   more times for the following (max. 5 shown):
   HRESP_M0[0]_IBUF,
   HRDATA_M0[31]_IBUF,
   HRDATA_M0[30]_IBUF,
   HRDATA_M0[29]_IBUF,
   HRDATA_M0[28]_IBUF
   To see the details of these warning messages, please use the -detail switch.
WARNING:LIT:176 - Clock buffer is designated to drive clock loads. BUFG symbol
   "PLL1/CLK0_BUFG_INST" (output signal=CLK100M) has a mix of clock and
   non-clock loads. The non-clock loads are:
   Pin D of iice_inst_0/mdic_link_reg[0]
WARNING:PhysDesignRules:367 - The signal <HRDATA_M0[0]_IBUF> is incomplete. The
   signal does not drive any load pins in the design.
WARNING:PhysDesignRules:367 - The signal <HRDATA_M0[1]_IBUF> is incomplete. The
   signal does not drive any load pins in the design.
WARNING:PhysDesignRules:367 - The signal <HRDATA_M0[2]_IBUF> is incomplete. The
   signal does not drive any load pins in the design.
WARNING:PhysDesignRules:367 - The signal <HRDATA_M0[3]_IBUF> is incomplete. The
   signal does not drive any load pins in the design.
WARNING:PhysDesignRules:367 - The signal <HRDATA_M0[4]_IBUF> is incomplete. The
   signal does not drive any load pins in the design.
WARNING:PhysDesignRules:367 - The signal <HRDATA_M0[5]_IBUF> is incomplete. The
   signal does not drive any load pins in the design.
WARNING:PhysDesignRules:367 - The signal <HRDATA_M0[6]_IBUF> is incomplete. The
   signal does not drive any load pins in the design.
WARNING:PhysDesignRules:367 - The signal <HRDATA_M0[7]_IBUF> is incomplete. The
   signal does not drive any load pins in the design.
WARNING:PhysDesignRules:367 - The signal <HRDATA_M0[8]_IBUF> is incomplete. The
   signal does not drive any load pins in the design.
WARNING:PhysDesignRules:367 - The signal <HRDATA_M0[9]_IBUF> is incomplete. The
   signal does not drive any load pins in the design.
WARNING:PhysDesignRules:367 - The signal <HREADY_IN_M0_IBUF> is incomplete. The
   signal does not drive any load pins in the design.
WARNING:PhysDesignRules:367 - The signal <HRDATA_M0[10]_IBUF> is incomplete. The
   signal does not drive any load pins in the design.
WARNING:PhysDesignRules:367 - The signal <HRDATA_M0[11]_IBUF> is incomplete. The
   signal does not drive any load pins in the design.
WARNING:PhysDesignRules:367 - The signal <HRDATA_M0[12]_IBUF> is incomplete. The
   signal does not drive any load pins in the design.
WARNING:PhysDesignRules:367 - The signal <HRDATA_M0[20]_IBUF> is incomplete. The
   signal does not drive any load pins in the design.
WARNING:PhysDesignRules:367 - The signal <HRDATA_M0[13]_IBUF> is incomplete. The
   signal does not drive any load pins in the design.
WARNING:PhysDesignRules:367 - The signal <HRDATA_M0[21]_IBUF> is incomplete. The
   signal does not drive any load pins in the design.
WARNING:PhysDesignRules:367 - The signal <HRDATA_M0[14]_IBUF> is incomplete. The
   signal does not drive any load pins in the design.
WARNING:PhysDesignRules:367 - The signal <HRDATA_M0[22]_IBUF> is incomplete. The
   signal does not drive any load pins in the design.
WARNING:PhysDesignRules:367 - The signal <HRDATA_M0[30]_IBUF> is incomplete. The
   signal does not drive any load pins in the design.
WARNING:PhysDesignRules:367 - The signal <HRDATA_M0[15]_IBUF> is incomplete. The
   signal does not drive any load pins in the design.
WARNING:PhysDesignRules:367 - The signal <HRDATA_M0[23]_IBUF> is incomplete. The
   signal does not drive any load pins in the design.
WARNING:PhysDesignRules:367 - The signal <HRDATA_M0[31]_IBUF> is incomplete. The
   signal does not drive any load pins in the design.
WARNING:PhysDesignRules:367 - The signal <HRDATA_M0[16]_IBUF> is incomplete. The
   signal does not drive any load pins in the design.
WARNING:PhysDesignRules:367 - The signal <HRDATA_M0[24]_IBUF> is incomplete. The
   signal does not drive any load pins in the design.
WARNING:PhysDesignRules:367 - The signal <HRDATA_M0[17]_IBUF> is incomplete. The
   signal does not drive any load pins in the design.
WARNING:PhysDesignRules:367 - The signal <HRDATA_M0[25]_IBUF> is incomplete. The
   signal does not drive any load pins in the design.
WARNING:PhysDesignRules:367 - The signal <HRDATA_M0[18]_IBUF> is incomplete. The
   signal does not drive any load pins in the design.
WARNING:PhysDesignRules:367 - The signal <HRDATA_M0[26]_IBUF> is incomplete. The
   signal does not drive any load pins in the design.
WARNING:PhysDesignRules:367 - The signal <HRDATA_M0[19]_IBUF> is incomplete. The
   signal does not drive any load pins in the design.
WARNING:PhysDesignRules:367 - The signal <HRDATA_M0[27]_IBUF> is incomplete. The
   signal does not drive any load pins in the design.
WARNING:PhysDesignRules:367 - The signal <HRDATA_M0[28]_IBUF> is incomplete. The
   signal does not drive any load pins in the design.
WARNING:PhysDesignRules:367 - The signal <HRDATA_M0[29]_IBUF> is incomplete. The
   signal does not drive any load pins in the design.
WARNING:PhysDesignRules:367 - The signal <HRESP_M0[0]_IBUF> is incomplete. The
   signal does not drive any load pins in the design.
WARNING:PhysDesignRules:367 - The signal <HRESP_M0[1]_IBUF> is incomplete. The
   signal does not drive any load pins in the design.

Section 3 - Informational
-------------------------
INFO:MapLib:562 - No environment variables are currently set.
INFO:MapLib:742 - Your design is targeting LX/SX Production Step 0/1/ES devices.
   Please note that there are new specifications for the DCMs to guarantee
   maximum frequency performance. If the DCM input clock might stop or if the
   DCM reset might be asserted for an extended time, then use of the dcm_standby
   macro may be required. Please see Answer Record 21127.
INFO:LIT:244 - All of the single ended outputs in this design are using slew
   rate limited output drivers. The delay on speed critical single ended outputs
   can be dramatically reduced by designating them as fast outputs in the
   schematic.

Section 4 - Removed Logic Summary
---------------------------------
   1 block(s) removed
  71 block(s) optimized away
 432 signal(s) removed

Section 5 - Removed Logic
-------------------------

The trimmed logic report below shows the logic removed from your design due to
sourceless or loadless signals, and VCC or ground connections.  If the removal
of a signal or symbol results in the subsequent removal of an additional signal
or symbol, the message explaining that second removal will be indented.  This
indentation will be repeated as a chain of related logic is removed.

To quickly locate the original cause for the removal of a chain of logic, look
above the place where that logic is listed in the trimming report, then locate
the lines that are least indented (begin at the leftmost edge).

The signal "iice_inst_0/GND" is sourceless and has been removed.
The signal "iice_inst_0/b8_uKr_IFLY/b12_PSyi2XfYF_bd" is sourceless and has been
removed.
The signal
"iice_inst_0/b3_SoW/b3_SoW/ramSliceInst0/GenericRAMInst0/syn_block_ram/DOA<31>"
is sourceless and has been removed.
The signal
"iice_inst_0/b3_SoW/b3_SoW/ramSliceInst0/GenericRAMInst0/syn_block_ram/DOA<30>"
is sourceless and has been removed.
The signal
"iice_inst_0/b3_SoW/b3_SoW/ramSliceInst0/GenericRAMInst0/syn_block_ram/DOA<29>"
is sourceless and has been removed.
The signal
"iice_inst_0/b3_SoW/b3_SoW/ramSliceInst0/GenericRAMInst0/syn_block_ram/DOA<28>"
is sourceless and has been removed.
The signal
"iice_inst_0/b3_SoW/b3_SoW/ramSliceInst0/GenericRAMInst0/syn_block_ram/DOA<27>"
is sourceless and has been removed.
The signal
"iice_inst_0/b3_SoW/b3_SoW/ramSliceInst0/GenericRAMInst0/syn_block_ram/DOA<26>"
is sourceless and has been removed.
The signal
"iice_inst_0/b3_SoW/b3_SoW/ramSliceInst0/GenericRAMInst0/syn_block_ram/DOA<25>"
is sourceless and has been removed.
The signal
"iice_inst_0/b3_SoW/b3_SoW/ramSliceInst0/GenericRAMInst0/syn_block_ram/DOA<24>"
is sourceless and has been removed.
The signal
"iice_inst_0/b3_SoW/b3_SoW/ramSliceInst0/GenericRAMInst0/syn_block_ram/DOA<23>"
is sourceless and has been removed.
The signal
"iice_inst_0/b3_SoW/b3_SoW/ramSliceInst0/GenericRAMInst0/syn_block_ram/DOA<22>"
is sourceless and has been removed.
The signal
"iice_inst_0/b3_SoW/b3_SoW/ramSliceInst0/GenericRAMInst0/syn_block_ram/DOA<21>"
is sourceless and has been removed.
The signal
"iice_inst_0/b3_SoW/b3_SoW/ramSliceInst0/GenericRAMInst0/syn_block_ram/DOA<20>"
is sourceless and has been removed.
The signal
"iice_inst_0/b3_SoW/b3_SoW/ramSliceInst0/GenericRAMInst0/syn_block_ram/DOA<19>"
is sourceless and has been removed.
The signal
"iice_inst_0/b3_SoW/b3_SoW/ramSliceInst0/GenericRAMInst0/syn_block_ram/DOA<18>"
is sourceless and has been removed.
The signal
"iice_inst_0/b3_SoW/b3_SoW/ramSliceInst0/GenericRAMInst0/syn_block_ram/DOA<17>"
is sourceless and has been removed.
The signal
"iice_inst_0/b3_SoW/b3_SoW/ramSliceInst0/GenericRAMInst0/syn_block_ram/DOA<16>"
is sourceless and has been removed.
The signal
"iice_inst_0/b3_SoW/b3_SoW/ramSliceInst0/GenericRAMInst0/syn_block_ram/DOA<15>"
is sourceless and has been removed.
The signal
"iice_inst_0/b3_SoW/b3_SoW/ramSliceInst0/GenericRAMInst0/syn_block_ram/DOA<14>"
is sourceless and has been removed.
The signal
"iice_inst_0/b3_SoW/b3_SoW/ramSliceInst0/GenericRAMInst0/syn_block_ram/DOA<13>"
is sourceless and has been removed.
The signal
"iice_inst_0/b3_SoW/b3_SoW/ramSliceInst0/GenericRAMInst0/syn_block_ram/DOA<12>"
is sourceless and has been removed.
The signal
"iice_inst_0/b3_SoW/b3_SoW/ramSliceInst0/GenericRAMInst0/syn_block_ram/DOA<11>"
is sourceless and has been removed.
The signal
"iice_inst_0/b3_SoW/b3_SoW/ramSliceInst0/GenericRAMInst0/syn_block_ram/DOA<10>"
is sourceless and has been removed.
The signal
"iice_inst_0/b3_SoW/b3_SoW/ramSliceInst0/GenericRAMInst0/syn_block_ram/DOA<9>"
is sourceless and has been removed.
The signal
"iice_inst_0/b3_SoW/b3_SoW/ramSliceInst0/GenericRAMInst0/syn_block_ram/DOA<8>"
is sourceless and has been removed.
The signal
"iice_inst_0/b3_SoW/b3_SoW/ramSliceInst0/GenericRAMInst0/syn_block_ram/DOA<7>"
is sourceless and has been removed.
The signal
"iice_inst_0/b3_SoW/b3_SoW/ramSliceInst0/GenericRAMInst0/syn_block_ram/DOA<6>"
is sourceless and has been removed.
The signal
"iice_inst_0/b3_SoW/b3_SoW/ramSliceInst0/GenericRAMInst0/syn_block_ram/DOA<5>"
is sourceless and has been removed.
The signal
"iice_inst_0/b3_SoW/b3_SoW/ramSliceInst0/GenericRAMInst0/syn_block_ram/DOA<4>"
is sourceless and has been removed.
The signal
"iice_inst_0/b3_SoW/b3_SoW/ramSliceInst0/GenericRAMInst0/syn_block_ram/DOA<3>"
is sourceless and has been removed.
The signal
"iice_inst_0/b3_SoW/b3_SoW/ramSliceInst0/GenericRAMInst0/syn_block_ram/DOA<2>"
is sourceless and has been removed.
The signal
"iice_inst_0/b3_SoW/b3_SoW/ramSliceInst0/GenericRAMInst0/syn_block_ram/DOA<1>"
is sourceless and has been removed.
The signal
"iice_inst_0/b3_SoW/b3_SoW/ramSliceInst0/GenericRAMInst0/syn_block_ram/DOA<0>"
is sourceless and has been removed.
The signal
"iice_inst_0/b3_SoW/b3_SoW/ramSliceInst0/GenericRAMInst0/syn_block_ram/DOPA<3>"
is sourceless and has been removed.
The signal
"iice_inst_0/b3_SoW/b3_SoW/ramSliceInst0/GenericRAMInst0/syn_block_ram/DOPA<2>"
is sourceless and has been removed.
The signal
"iice_inst_0/b3_SoW/b3_SoW/ramSliceInst0/GenericRAMInst0/syn_block_ram/DOPA<1>"
is sourceless and has been removed.
The signal
"iice_inst_0/b3_SoW/b3_SoW/ramSliceInst0/GenericRAMInst0/syn_block_ram/DOPA<0>"
is sourceless and has been removed.
The signal
"iice_inst_0/b3_SoW/b3_SoW/ramSliceInst1/GenericRAMInst0/syn_block_ram/DOA<31>"
is sourceless and has been removed.
The signal
"iice_inst_0/b3_SoW/b3_SoW/ramSliceInst1/GenericRAMInst0/syn_block_ram/DOA<30>"
is sourceless and has been removed.
The signal
"iice_inst_0/b3_SoW/b3_SoW/ramSliceInst1/GenericRAMInst0/syn_block_ram/DOA<29>"
is sourceless and has been removed.
The signal
"iice_inst_0/b3_SoW/b3_SoW/ramSliceInst1/GenericRAMInst0/syn_block_ram/DOA<28>"
is sourceless and has been removed.
The signal
"iice_inst_0/b3_SoW/b3_SoW/ramSliceInst1/GenericRAMInst0/syn_block_ram/DOA<27>"
is sourceless and has been removed.
The signal
"iice_inst_0/b3_SoW/b3_SoW/ramSliceInst1/GenericRAMInst0/syn_block_ram/DOA<26>"
is sourceless and has been removed.
The signal
"iice_inst_0/b3_SoW/b3_SoW/ramSliceInst1/GenericRAMInst0/syn_block_ram/DOA<25>"
is sourceless and has been removed.
The signal
"iice_inst_0/b3_SoW/b3_SoW/ramSliceInst1/GenericRAMInst0/syn_block_ram/DOA<24>"
is sourceless and has been removed.
The signal
"iice_inst_0/b3_SoW/b3_SoW/ramSliceInst1/GenericRAMInst0/syn_block_ram/DOA<23>"
is sourceless and has been removed.
The signal
"iice_inst_0/b3_SoW/b3_SoW/ramSliceInst1/GenericRAMInst0/syn_block_ram/DOA<22>"
is sourceless and has been removed.
The signal
"iice_inst_0/b3_SoW/b3_SoW/ramSliceInst1/GenericRAMInst0/syn_block_ram/DOA<21>"
is sourceless and has been removed.
The signal
"iice_inst_0/b3_SoW/b3_SoW/ramSliceInst1/GenericRAMInst0/syn_block_ram/DOA<20>"
is sourceless and has been removed.
The signal
"iice_inst_0/b3_SoW/b3_SoW/ramSliceInst1/GenericRAMInst0/syn_block_ram/DOA<19>"
is sourceless and has been removed.
The signal
"iice_inst_0/b3_SoW/b3_SoW/ramSliceInst1/GenericRAMInst0/syn_block_ram/DOA<18>"
is sourceless and has been removed.
The signal
"iice_inst_0/b3_SoW/b3_SoW/ramSliceInst1/GenericRAMInst0/syn_block_ram/DOA<17>"
is sourceless and has been removed.
The signal
"iice_inst_0/b3_SoW/b3_SoW/ramSliceInst1/GenericRAMInst0/syn_block_ram/DOA<16>"
is sourceless and has been removed.
The signal
"iice_inst_0/b3_SoW/b3_SoW/ramSliceInst1/GenericRAMInst0/syn_block_ram/DOA<15>"
is sourceless and has been removed.
The signal
"iice_inst_0/b3_SoW/b3_SoW/ramSliceInst1/GenericRAMInst0/syn_block_ram/DOA<14>"
is sourceless and has been removed.
The signal
"iice_inst_0/b3_SoW/b3_SoW/ramSliceInst1/GenericRAMInst0/syn_block_ram/DOA<13>"
is sourceless and has been removed.
The signal
"iice_inst_0/b3_SoW/b3_SoW/ramSliceInst1/GenericRAMInst0/syn_block_ram/DOA<12>"
is sourceless and has been removed.
The signal
"iice_inst_0/b3_SoW/b3_SoW/ramSliceInst1/GenericRAMInst0/syn_block_ram/DOA<11>"
is sourceless and has been removed.
The signal
"iice_inst_0/b3_SoW/b3_SoW/ramSliceInst1/GenericRAMInst0/syn_block_ram/DOA<10>"
is sourceless and has been removed.
The signal
"iice_inst_0/b3_SoW/b3_SoW/ramSliceInst1/GenericRAMInst0/syn_block_ram/DOA<9>"
is sourceless and has been removed.
The signal
"iice_inst_0/b3_SoW/b3_SoW/ramSliceInst1/GenericRAMInst0/syn_block_ram/DOA<8>"
is sourceless and has been removed.
The signal
"iice_inst_0/b3_SoW/b3_SoW/ramSliceInst1/GenericRAMInst0/syn_block_ram/DOA<7>"
is sourceless and has been removed.
The signal
"iice_inst_0/b3_SoW/b3_SoW/ramSliceInst1/GenericRAMInst0/syn_block_ram/DOA<6>"
is sourceless and has been removed.
The signal
"iice_inst_0/b3_SoW/b3_SoW/ramSliceInst1/GenericRAMInst0/syn_block_ram/DOA<5>"
is sourceless and has been removed.
The signal
"iice_inst_0/b3_SoW/b3_SoW/ramSliceInst1/GenericRAMInst0/syn_block_ram/DOA<4>"
is sourceless and has been removed.
The signal
"iice_inst_0/b3_SoW/b3_SoW/ramSliceInst1/GenericRAMInst0/syn_block_ram/DOA<3>"
is sourceless and has been removed.
The signal
"iice_inst_0/b3_SoW/b3_SoW/ramSliceInst1/GenericRAMInst0/syn_block_ram/DOA<2>"
is sourceless and has been removed.
The signal
"iice_inst_0/b3_SoW/b3_SoW/ramSliceInst1/GenericRAMInst0/syn_block_ram/DOA<1>"
is sourceless and has been removed.
The signal
"iice_inst_0/b3_SoW/b3_SoW/ramSliceInst1/GenericRAMInst0/syn_block_ram/DOA<0>"
is sourceless and has been removed.
The signal
"iice_inst_0/b3_SoW/b3_SoW/ramSliceInst1/GenericRAMInst0/syn_block_ram/DOPA<3>"
is sourceless and has been removed.
The signal
"iice_inst_0/b3_SoW/b3_SoW/ramSliceInst1/GenericRAMInst0/syn_block_ram/DOPA<2>"
is sourceless and has been removed.
The signal
"iice_inst_0/b3_SoW/b3_SoW/ramSliceInst1/GenericRAMInst0/syn_block_ram/DOPA<1>"
is sourceless and has been removed.
The signal
"iice_inst_0/b3_SoW/b3_SoW/ramSliceInst1/GenericRAMInst0/syn_block_ram/DOPA<0>"
is sourceless and has been removed.
The signal
"iice_inst_0/b3_SoW/b3_SoW/ramSliceInst2/GenericRAMInst0/syn_block_ram/DOA<31>"
is sourceless and has been removed.
The signal
"iice_inst_0/b3_SoW/b3_SoW/ramSliceInst2/GenericRAMInst0/syn_block_ram/DOA<30>"
is sourceless and has been removed.
The signal
"iice_inst_0/b3_SoW/b3_SoW/ramSliceInst2/GenericRAMInst0/syn_block_ram/DOA<29>"
is sourceless and has been removed.
The signal
"iice_inst_0/b3_SoW/b3_SoW/ramSliceInst2/GenericRAMInst0/syn_block_ram/DOA<28>"
is sourceless and has been removed.
The signal
"iice_inst_0/b3_SoW/b3_SoW/ramSliceInst2/GenericRAMInst0/syn_block_ram/DOA<27>"
is sourceless and has been removed.
The signal
"iice_inst_0/b3_SoW/b3_SoW/ramSliceInst2/GenericRAMInst0/syn_block_ram/DOA<26>"
is sourceless and has been removed.
The signal
"iice_inst_0/b3_SoW/b3_SoW/ramSliceInst2/GenericRAMInst0/syn_block_ram/DOA<25>"
is sourceless and has been removed.
The signal
"iice_inst_0/b3_SoW/b3_SoW/ramSliceInst2/GenericRAMInst0/syn_block_ram/DOA<24>"
is sourceless and has been removed.
The signal
"iice_inst_0/b3_SoW/b3_SoW/ramSliceInst2/GenericRAMInst0/syn_block_ram/DOA<23>"
is sourceless and has been removed.
The signal
"iice_inst_0/b3_SoW/b3_SoW/ramSliceInst2/GenericRAMInst0/syn_block_ram/DOA<22>"
is sourceless and has been removed.
The signal
"iice_inst_0/b3_SoW/b3_SoW/ramSliceInst2/GenericRAMInst0/syn_block_ram/DOA<21>"
is sourceless and has been removed.
The signal
"iice_inst_0/b3_SoW/b3_SoW/ramSliceInst2/GenericRAMInst0/syn_block_ram/DOA<20>"
is sourceless and has been removed.
The signal
"iice_inst_0/b3_SoW/b3_SoW/ramSliceInst2/GenericRAMInst0/syn_block_ram/DOA<19>"
is sourceless and has been removed.
The signal
"iice_inst_0/b3_SoW/b3_SoW/ramSliceInst2/GenericRAMInst0/syn_block_ram/DOA<18>"
is sourceless and has been removed.
The signal
"iice_inst_0/b3_SoW/b3_SoW/ramSliceInst2/GenericRAMInst0/syn_block_ram/DOA<17>"
is sourceless and has been removed.
The signal
"iice_inst_0/b3_SoW/b3_SoW/ramSliceInst2/GenericRAMInst0/syn_block_ram/DOA<16>"
is sourceless and has been removed.
The signal
"iice_inst_0/b3_SoW/b3_SoW/ramSliceInst2/GenericRAMInst0/syn_block_ram/DOA<15>"
is sourceless and has been removed.
The signal
"iice_inst_0/b3_SoW/b3_SoW/ramSliceInst2/GenericRAMInst0/syn_block_ram/DOA<14>"
is sourceless and has been removed.
The signal
"iice_inst_0/b3_SoW/b3_SoW/ramSliceInst2/GenericRAMInst0/syn_block_ram/DOA<13>"
is sourceless and has been removed.
The signal
"iice_inst_0/b3_SoW/b3_SoW/ramSliceInst2/GenericRAMInst0/syn_block_ram/DOA<12>"
is sourceless and has been removed.
The signal
"iice_inst_0/b3_SoW/b3_SoW/ramSliceInst2/GenericRAMInst0/syn_block_ram/DOA<11>"
is sourceless and has been removed.
The signal
"iice_inst_0/b3_SoW/b3_SoW/ramSliceInst2/GenericRAMInst0/syn_block_ram/DOA<10>"
is sourceless and has been removed.
The signal
"iice_inst_0/b3_SoW/b3_SoW/ramSliceInst2/GenericRAMInst0/syn_block_ram/DOA<9>"
is sourceless and has been removed.
The signal
"iice_inst_0/b3_SoW/b3_SoW/ramSliceInst2/GenericRAMInst0/syn_block_ram/DOA<8>"
is sourceless and has been removed.
The signal
"iice_inst_0/b3_SoW/b3_SoW/ramSliceInst2/GenericRAMInst0/syn_block_ram/DOA<7>"
is sourceless and has been removed.
The signal
"iice_inst_0/b3_SoW/b3_SoW/ramSliceInst2/GenericRAMInst0/syn_block_ram/DOA<6>"
is sourceless and has been removed.
The signal
"iice_inst_0/b3_SoW/b3_SoW/ramSliceInst2/GenericRAMInst0/syn_block_ram/DOA<5>"
is sourceless and has been removed.
The signal
"iice_inst_0/b3_SoW/b3_SoW/ramSliceInst2/GenericRAMInst0/syn_block_ram/DOA<4>"
is sourceless and has been removed.
The signal
"iice_inst_0/b3_SoW/b3_SoW/ramSliceInst2/GenericRAMInst0/syn_block_ram/DOA<3>"
is sourceless and has been removed.
The signal
"iice_inst_0/b3_SoW/b3_SoW/ramSliceInst2/GenericRAMInst0/syn_block_ram/DOA<2>"
is sourceless and has been removed.
The signal
"iice_inst_0/b3_SoW/b3_SoW/ramSliceInst2/GenericRAMInst0/syn_block_ram/DOA<1>"
is sourceless and has been removed.
The signal
"iice_inst_0/b3_SoW/b3_SoW/ramSliceInst2/GenericRAMInst0/syn_block_ram/DOA<0>"
is sourceless and has been removed.
The signal
"iice_inst_0/b3_SoW/b3_SoW/ramSliceInst2/GenericRAMInst0/syn_block_ram/DOPA<3>"
is sourceless and has been removed.
The signal
"iice_inst_0/b3_SoW/b3_SoW/ramSliceInst2/GenericRAMInst0/syn_block_ram/DOPA<2>"
is sourceless and has been removed.
The signal
"iice_inst_0/b3_SoW/b3_SoW/ramSliceInst2/GenericRAMInst0/syn_block_ram/DOPA<1>"
is sourceless and has been removed.
The signal
"iice_inst_0/b3_SoW/b3_SoW/ramSliceInst2/GenericRAMInst0/syn_block_ram/DOPA<0>"
is sourceless and has been removed.
The signal
"iice_inst_0/b3_SoW/b3_SoW/ramSliceInst3/GenericRAMInst0/syn_block_ram/DOA<31>"
is sourceless and has been removed.
The signal
"iice_inst_0/b3_SoW/b3_SoW/ramSliceInst3/GenericRAMInst0/syn_block_ram/DOA<30>"
is sourceless and has been removed.
The signal
"iice_inst_0/b3_SoW/b3_SoW/ramSliceInst3/GenericRAMInst0/syn_block_ram/DOA<29>"
is sourceless and has been removed.
The signal
"iice_inst_0/b3_SoW/b3_SoW/ramSliceInst3/GenericRAMInst0/syn_block_ram/DOA<28>"
is sourceless and has been removed.
The signal
"iice_inst_0/b3_SoW/b3_SoW/ramSliceInst3/GenericRAMInst0/syn_block_ram/DOA<27>"
is sourceless and has been removed.
The signal
"iice_inst_0/b3_SoW/b3_SoW/ramSliceInst3/GenericRAMInst0/syn_block_ram/DOA<26>"
is sourceless and has been removed.
The signal
"iice_inst_0/b3_SoW/b3_SoW/ramSliceInst3/GenericRAMInst0/syn_block_ram/DOA<25>"
is sourceless and has been removed.
The signal
"iice_inst_0/b3_SoW/b3_SoW/ramSliceInst3/GenericRAMInst0/syn_block_ram/DOA<24>"
is sourceless and has been removed.
The signal
"iice_inst_0/b3_SoW/b3_SoW/ramSliceInst3/GenericRAMInst0/syn_block_ram/DOA<23>"
is sourceless and has been removed.
The signal
"iice_inst_0/b3_SoW/b3_SoW/ramSliceInst3/GenericRAMInst0/syn_block_ram/DOA<22>"
is sourceless and has been removed.
The signal
"iice_inst_0/b3_SoW/b3_SoW/ramSliceInst3/GenericRAMInst0/syn_block_ram/DOA<21>"
is sourceless and has been removed.
The signal
"iice_inst_0/b3_SoW/b3_SoW/ramSliceInst3/GenericRAMInst0/syn_block_ram/DOA<20>"
is sourceless and has been removed.
The signal
"iice_inst_0/b3_SoW/b3_SoW/ramSliceInst3/GenericRAMInst0/syn_block_ram/DOA<19>"
is sourceless and has been removed.
The signal
"iice_inst_0/b3_SoW/b3_SoW/ramSliceInst3/GenericRAMInst0/syn_block_ram/DOA<18>"
is sourceless and has been removed.
The signal
"iice_inst_0/b3_SoW/b3_SoW/ramSliceInst3/GenericRAMInst0/syn_block_ram/DOA<17>"
is sourceless and has been removed.
The signal
"iice_inst_0/b3_SoW/b3_SoW/ramSliceInst3/GenericRAMInst0/syn_block_ram/DOA<16>"
is sourceless and has been removed.
The signal
"iice_inst_0/b3_SoW/b3_SoW/ramSliceInst3/GenericRAMInst0/syn_block_ram/DOA<15>"
is sourceless and has been removed.
The signal
"iice_inst_0/b3_SoW/b3_SoW/ramSliceInst3/GenericRAMInst0/syn_block_ram/DOA<14>"
is sourceless and has been removed.
The signal
"iice_inst_0/b3_SoW/b3_SoW/ramSliceInst3/GenericRAMInst0/syn_block_ram/DOA<13>"
is sourceless and has been removed.
The signal
"iice_inst_0/b3_SoW/b3_SoW/ramSliceInst3/GenericRAMInst0/syn_block_ram/DOA<12>"
is sourceless and has been removed.
The signal
"iice_inst_0/b3_SoW/b3_SoW/ramSliceInst3/GenericRAMInst0/syn_block_ram/DOA<11>"
is sourceless and has been removed.
The signal
"iice_inst_0/b3_SoW/b3_SoW/ramSliceInst3/GenericRAMInst0/syn_block_ram/DOA<10>"
is sourceless and has been removed.
The signal
"iice_inst_0/b3_SoW/b3_SoW/ramSliceInst3/GenericRAMInst0/syn_block_ram/DOA<9>"
is sourceless and has been removed.
The signal
"iice_inst_0/b3_SoW/b3_SoW/ramSliceInst3/GenericRAMInst0/syn_block_ram/DOA<8>"
is sourceless and has been removed.
The signal
"iice_inst_0/b3_SoW/b3_SoW/ramSliceInst3/GenericRAMInst0/syn_block_ram/DOA<7>"
is sourceless and has been removed.
The signal
"iice_inst_0/b3_SoW/b3_SoW/ramSliceInst3/GenericRAMInst0/syn_block_ram/DOA<6>"
is sourceless and has been removed.
The signal
"iice_inst_0/b3_SoW/b3_SoW/ramSliceInst3/GenericRAMInst0/syn_block_ram/DOA<5>"
is sourceless and has been removed.
The signal
"iice_inst_0/b3_SoW/b3_SoW/ramSliceInst3/GenericRAMInst0/syn_block_ram/DOA<4>"
is sourceless and has been removed.
The signal
"iice_inst_0/b3_SoW/b3_SoW/ramSliceInst3/GenericRAMInst0/syn_block_ram/DOA<3>"
is sourceless and has been removed.
The signal
"iice_inst_0/b3_SoW/b3_SoW/ramSliceInst3/GenericRAMInst0/syn_block_ram/DOA<2>"
is sourceless and has been removed.
The signal
"iice_inst_0/b3_SoW/b3_SoW/ramSliceInst3/GenericRAMInst0/syn_block_ram/DOA<1>"
is sourceless and has been removed.
The signal
"iice_inst_0/b3_SoW/b3_SoW/ramSliceInst3/GenericRAMInst0/syn_block_ram/DOA<0>"
is sourceless and has been removed.
The signal
"iice_inst_0/b3_SoW/b3_SoW/ramSliceInst3/GenericRAMInst0/syn_block_ram/DOPA<3>"
is sourceless and has been removed.
The signal
"iice_inst_0/b3_SoW/b3_SoW/ramSliceInst3/GenericRAMInst0/syn_block_ram/DOPA<2>"
is sourceless and has been removed.
The signal
"iice_inst_0/b3_SoW/b3_SoW/ramSliceInst3/GenericRAMInst0/syn_block_ram/DOPA<1>"
is sourceless and has been removed.
The signal
"iice_inst_0/b3_SoW/b3_SoW/ramSliceInst3/GenericRAMInst0/syn_block_ram/DOPA<0>"
is sourceless and has been removed.
The signal
"iice_inst_0/b3_SoW/b3_SoW/ramSliceInst4/GenericRAMInst0/syn_block_ram/DOA<31>"
is sourceless and has been removed.
The signal
"iice_inst_0/b3_SoW/b3_SoW/ramSliceInst4/GenericRAMInst0/syn_block_ram/DOA<30>"
is sourceless and has been removed.
The signal
"iice_inst_0/b3_SoW/b3_SoW/ramSliceInst4/GenericRAMInst0/syn_block_ram/DOA<29>"
is sourceless and has been removed.
The signal
"iice_inst_0/b3_SoW/b3_SoW/ramSliceInst4/GenericRAMInst0/syn_block_ram/DOA<28>"
is sourceless and has been removed.
The signal
"iice_inst_0/b3_SoW/b3_SoW/ramSliceInst4/GenericRAMInst0/syn_block_ram/DOA<27>"
is sourceless and has been removed.
The signal
"iice_inst_0/b3_SoW/b3_SoW/ramSliceInst4/GenericRAMInst0/syn_block_ram/DOA<26>"
is sourceless and has been removed.
The signal
"iice_inst_0/b3_SoW/b3_SoW/ramSliceInst4/GenericRAMInst0/syn_block_ram/DOA<25>"
is sourceless and has been removed.
The signal
"iice_inst_0/b3_SoW/b3_SoW/ramSliceInst4/GenericRAMInst0/syn_block_ram/DOA<24>"
is sourceless and has been removed.
The signal
"iice_inst_0/b3_SoW/b3_SoW/ramSliceInst4/GenericRAMInst0/syn_block_ram/DOA<23>"
is sourceless and has been removed.
The signal
"iice_inst_0/b3_SoW/b3_SoW/ramSliceInst4/GenericRAMInst0/syn_block_ram/DOA<22>"
is sourceless and has been removed.
The signal
"iice_inst_0/b3_SoW/b3_SoW/ramSliceInst4/GenericRAMInst0/syn_block_ram/DOA<21>"
is sourceless and has been removed.
The signal
"iice_inst_0/b3_SoW/b3_SoW/ramSliceInst4/GenericRAMInst0/syn_block_ram/DOA<20>"
is sourceless and has been removed.
The signal
"iice_inst_0/b3_SoW/b3_SoW/ramSliceInst4/GenericRAMInst0/syn_block_ram/DOA<19>"
is sourceless and has been removed.
The signal
"iice_inst_0/b3_SoW/b3_SoW/ramSliceInst4/GenericRAMInst0/syn_block_ram/DOA<18>"
is sourceless and has been removed.
The signal
"iice_inst_0/b3_SoW/b3_SoW/ramSliceInst4/GenericRAMInst0/syn_block_ram/DOA<17>"
is sourceless and has been removed.
The signal
"iice_inst_0/b3_SoW/b3_SoW/ramSliceInst4/GenericRAMInst0/syn_block_ram/DOA<16>"
is sourceless and has been removed.
The signal
"iice_inst_0/b3_SoW/b3_SoW/ramSliceInst4/GenericRAMInst0/syn_block_ram/DOA<15>"
is sourceless and has been removed.
The signal
"iice_inst_0/b3_SoW/b3_SoW/ramSliceInst4/GenericRAMInst0/syn_block_ram/DOA<14>"
is sourceless and has been removed.
The signal
"iice_inst_0/b3_SoW/b3_SoW/ramSliceInst4/GenericRAMInst0/syn_block_ram/DOA<13>"
is sourceless and has been removed.
The signal
"iice_inst_0/b3_SoW/b3_SoW/ramSliceInst4/GenericRAMInst0/syn_block_ram/DOA<12>"
is sourceless and has been removed.
The signal
"iice_inst_0/b3_SoW/b3_SoW/ramSliceInst4/GenericRAMInst0/syn_block_ram/DOA<11>"
is sourceless and has been removed.
The signal
"iice_inst_0/b3_SoW/b3_SoW/ramSliceInst4/GenericRAMInst0/syn_block_ram/DOA<10>"
is sourceless and has been removed.
The signal
"iice_inst_0/b3_SoW/b3_SoW/ramSliceInst4/GenericRAMInst0/syn_block_ram/DOA<9>"
is sourceless and has been removed.
The signal
"iice_inst_0/b3_SoW/b3_SoW/ramSliceInst4/GenericRAMInst0/syn_block_ram/DOA<8>"
is sourceless and has been removed.
The signal
"iice_inst_0/b3_SoW/b3_SoW/ramSliceInst4/GenericRAMInst0/syn_block_ram/DOA<7>"
is sourceless and has been removed.
The signal
"iice_inst_0/b3_SoW/b3_SoW/ramSliceInst4/GenericRAMInst0/syn_block_ram/DOA<6>"
is sourceless and has been removed.
The signal
"iice_inst_0/b3_SoW/b3_SoW/ramSliceInst4/GenericRAMInst0/syn_block_ram/DOA<5>"
is sourceless and has been removed.
The signal
"iice_inst_0/b3_SoW/b3_SoW/ramSliceInst4/GenericRAMInst0/syn_block_ram/DOA<4>"
is sourceless and has been removed.
The signal
"iice_inst_0/b3_SoW/b3_SoW/ramSliceInst4/GenericRAMInst0/syn_block_ram/DOA<3>"
is sourceless and has been removed.
The signal
"iice_inst_0/b3_SoW/b3_SoW/ramSliceInst4/GenericRAMInst0/syn_block_ram/DOA<2>"
is sourceless and has been removed.
The signal
"iice_inst_0/b3_SoW/b3_SoW/ramSliceInst4/GenericRAMInst0/syn_block_ram/DOA<1>"
is sourceless and has been removed.
The signal
"iice_inst_0/b3_SoW/b3_SoW/ramSliceInst4/GenericRAMInst0/syn_block_ram/DOA<0>"
is sourceless and has been removed.
The signal
"iice_inst_0/b3_SoW/b3_SoW/ramSliceInst4/GenericRAMInst0/syn_block_ram/DOPA<3>"
is sourceless and has been removed.
The signal
"iice_inst_0/b3_SoW/b3_SoW/ramSliceInst4/GenericRAMInst0/syn_block_ram/DOPA<2>"
is sourceless and has been removed.
The signal
"iice_inst_0/b3_SoW/b3_SoW/ramSliceInst4/GenericRAMInst0/syn_block_ram/DOPA<1>"
is sourceless and has been removed.
The signal
"iice_inst_0/b3_SoW/b3_SoW/ramSliceInst4/GenericRAMInst0/syn_block_ram/DOPA<0>"
is sourceless and has been removed.
The signal
"iice_inst_0/b3_SoW/b3_SoW/ramSliceInst5/GenericRAMInst0/syn_block_ram/DOA<31>"
is sourceless and has been removed.
The signal
"iice_inst_0/b3_SoW/b3_SoW/ramSliceInst5/GenericRAMInst0/syn_block_ram/DOA<30>"
is sourceless and has been removed.
The signal
"iice_inst_0/b3_SoW/b3_SoW/ramSliceInst5/GenericRAMInst0/syn_block_ram/DOA<29>"
is sourceless and has been removed.
The signal
"iice_inst_0/b3_SoW/b3_SoW/ramSliceInst5/GenericRAMInst0/syn_block_ram/DOA<28>"
is sourceless and has been removed.
The signal
"iice_inst_0/b3_SoW/b3_SoW/ramSliceInst5/GenericRAMInst0/syn_block_ram/DOA<27>"
is sourceless and has been removed.
The signal
"iice_inst_0/b3_SoW/b3_SoW/ramSliceInst5/GenericRAMInst0/syn_block_ram/DOA<26>"
is sourceless and has been removed.
The signal
"iice_inst_0/b3_SoW/b3_SoW/ramSliceInst5/GenericRAMInst0/syn_block_ram/DOA<25>"
is sourceless and has been removed.
The signal
"iice_inst_0/b3_SoW/b3_SoW/ramSliceInst5/GenericRAMInst0/syn_block_ram/DOA<24>"
is sourceless and has been removed.
The signal
"iice_inst_0/b3_SoW/b3_SoW/ramSliceInst5/GenericRAMInst0/syn_block_ram/DOA<23>"
is sourceless and has been removed.
The signal
"iice_inst_0/b3_SoW/b3_SoW/ramSliceInst5/GenericRAMInst0/syn_block_ram/DOA<22>"
is sourceless and has been removed.
The signal
"iice_inst_0/b3_SoW/b3_SoW/ramSliceInst5/GenericRAMInst0/syn_block_ram/DOA<21>"
is sourceless and has been removed.
The signal
"iice_inst_0/b3_SoW/b3_SoW/ramSliceInst5/GenericRAMInst0/syn_block_ram/DOA<20>"
is sourceless and has been removed.
The signal
"iice_inst_0/b3_SoW/b3_SoW/ramSliceInst5/GenericRAMInst0/syn_block_ram/DOA<19>"
is sourceless and has been removed.
The signal
"iice_inst_0/b3_SoW/b3_SoW/ramSliceInst5/GenericRAMInst0/syn_block_ram/DOA<18>"
is sourceless and has been removed.
The signal
"iice_inst_0/b3_SoW/b3_SoW/ramSliceInst5/GenericRAMInst0/syn_block_ram/DOA<17>"
is sourceless and has been removed.
The signal
"iice_inst_0/b3_SoW/b3_SoW/ramSliceInst5/GenericRAMInst0/syn_block_ram/DOA<16>"
is sourceless and has been removed.
The signal
"iice_inst_0/b3_SoW/b3_SoW/ramSliceInst5/GenericRAMInst0/syn_block_ram/DOA<15>"
is sourceless and has been removed.
The signal
"iice_inst_0/b3_SoW/b3_SoW/ramSliceInst5/GenericRAMInst0/syn_block_ram/DOA<14>"
is sourceless and has been removed.
The signal
"iice_inst_0/b3_SoW/b3_SoW/ramSliceInst5/GenericRAMInst0/syn_block_ram/DOA<13>"
is sourceless and has been removed.
The signal
"iice_inst_0/b3_SoW/b3_SoW/ramSliceInst5/GenericRAMInst0/syn_block_ram/DOA<12>"
is sourceless and has been removed.
The signal
"iice_inst_0/b3_SoW/b3_SoW/ramSliceInst5/GenericRAMInst0/syn_block_ram/DOA<11>"
is sourceless and has been removed.
The signal
"iice_inst_0/b3_SoW/b3_SoW/ramSliceInst5/GenericRAMInst0/syn_block_ram/DOA<10>"
is sourceless and has been removed.
The signal
"iice_inst_0/b3_SoW/b3_SoW/ramSliceInst5/GenericRAMInst0/syn_block_ram/DOA<9>"
is sourceless and has been removed.
The signal
"iice_inst_0/b3_SoW/b3_SoW/ramSliceInst5/GenericRAMInst0/syn_block_ram/DOA<8>"
is sourceless and has been removed.
The signal
"iice_inst_0/b3_SoW/b3_SoW/ramSliceInst5/GenericRAMInst0/syn_block_ram/DOA<7>"
is sourceless and has been removed.
The signal
"iice_inst_0/b3_SoW/b3_SoW/ramSliceInst5/GenericRAMInst0/syn_block_ram/DOA<6>"
is sourceless and has been removed.
The signal
"iice_inst_0/b3_SoW/b3_SoW/ramSliceInst5/GenericRAMInst0/syn_block_ram/DOA<5>"
is sourceless and has been removed.
The signal
"iice_inst_0/b3_SoW/b3_SoW/ramSliceInst5/GenericRAMInst0/syn_block_ram/DOA<4>"
is sourceless and has been removed.
The signal
"iice_inst_0/b3_SoW/b3_SoW/ramSliceInst5/GenericRAMInst0/syn_block_ram/DOA<3>"
is sourceless and has been removed.
The signal
"iice_inst_0/b3_SoW/b3_SoW/ramSliceInst5/GenericRAMInst0/syn_block_ram/DOA<2>"
is sourceless and has been removed.
The signal
"iice_inst_0/b3_SoW/b3_SoW/ramSliceInst5/GenericRAMInst0/syn_block_ram/DOA<1>"
is sourceless and has been removed.
The signal
"iice_inst_0/b3_SoW/b3_SoW/ramSliceInst5/GenericRAMInst0/syn_block_ram/DOA<0>"
is sourceless and has been removed.
The signal
"iice_inst_0/b3_SoW/b3_SoW/ramSliceInst5/GenericRAMInst0/syn_block_ram/DOPA<3>"
is sourceless and has been removed.
The signal
"iice_inst_0/b3_SoW/b3_SoW/ramSliceInst5/GenericRAMInst0/syn_block_ram/DOPA<2>"
is sourceless and has been removed.
The signal
"iice_inst_0/b3_SoW/b3_SoW/ramSliceInst5/GenericRAMInst0/syn_block_ram/DOPA<1>"
is sourceless and has been removed.
The signal
"iice_inst_0/b3_SoW/b3_SoW/ramSliceInst5/GenericRAMInst0/syn_block_ram/DOPA<0>"
is sourceless and has been removed.
The signal
"iice_inst_0/b3_SoW/b3_SoW/ramSliceInst6/GenericRAMInst0/syn_block_ram/DOA<31>"
is sourceless and has been removed.
The signal
"iice_inst_0/b3_SoW/b3_SoW/ramSliceInst6/GenericRAMInst0/syn_block_ram/DOA<30>"
is sourceless and has been removed.
The signal
"iice_inst_0/b3_SoW/b3_SoW/ramSliceInst6/GenericRAMInst0/syn_block_ram/DOA<29>"
is sourceless and has been removed.
The signal
"iice_inst_0/b3_SoW/b3_SoW/ramSliceInst6/GenericRAMInst0/syn_block_ram/DOA<28>"
is sourceless and has been removed.
The signal
"iice_inst_0/b3_SoW/b3_SoW/ramSliceInst6/GenericRAMInst0/syn_block_ram/DOA<27>"
is sourceless and has been removed.
The signal
"iice_inst_0/b3_SoW/b3_SoW/ramSliceInst6/GenericRAMInst0/syn_block_ram/DOA<26>"
is sourceless and has been removed.
The signal
"iice_inst_0/b3_SoW/b3_SoW/ramSliceInst6/GenericRAMInst0/syn_block_ram/DOA<25>"
is sourceless and has been removed.
The signal
"iice_inst_0/b3_SoW/b3_SoW/ramSliceInst6/GenericRAMInst0/syn_block_ram/DOA<24>"
is sourceless and has been removed.
The signal
"iice_inst_0/b3_SoW/b3_SoW/ramSliceInst6/GenericRAMInst0/syn_block_ram/DOA<23>"
is sourceless and has been removed.
The signal
"iice_inst_0/b3_SoW/b3_SoW/ramSliceInst6/GenericRAMInst0/syn_block_ram/DOA<22>"
is sourceless and has been removed.
The signal
"iice_inst_0/b3_SoW/b3_SoW/ramSliceInst6/GenericRAMInst0/syn_block_ram/DOA<21>"
is sourceless and has been removed.
The signal
"iice_inst_0/b3_SoW/b3_SoW/ramSliceInst6/GenericRAMInst0/syn_block_ram/DOA<20>"
is sourceless and has been removed.
The signal
"iice_inst_0/b3_SoW/b3_SoW/ramSliceInst6/GenericRAMInst0/syn_block_ram/DOA<19>"
is sourceless and has been removed.
The signal
"iice_inst_0/b3_SoW/b3_SoW/ramSliceInst6/GenericRAMInst0/syn_block_ram/DOA<18>"
is sourceless and has been removed.
The signal
"iice_inst_0/b3_SoW/b3_SoW/ramSliceInst6/GenericRAMInst0/syn_block_ram/DOA<17>"
is sourceless and has been removed.
The signal
"iice_inst_0/b3_SoW/b3_SoW/ramSliceInst6/GenericRAMInst0/syn_block_ram/DOA<16>"
is sourceless and has been removed.
The signal
"iice_inst_0/b3_SoW/b3_SoW/ramSliceInst6/GenericRAMInst0/syn_block_ram/DOA<15>"
is sourceless and has been removed.
The signal
"iice_inst_0/b3_SoW/b3_SoW/ramSliceInst6/GenericRAMInst0/syn_block_ram/DOA<14>"
is sourceless and has been removed.
The signal
"iice_inst_0/b3_SoW/b3_SoW/ramSliceInst6/GenericRAMInst0/syn_block_ram/DOA<13>"
is sourceless and has been removed.
The signal
"iice_inst_0/b3_SoW/b3_SoW/ramSliceInst6/GenericRAMInst0/syn_block_ram/DOA<12>"
is sourceless and has been removed.
The signal
"iice_inst_0/b3_SoW/b3_SoW/ramSliceInst6/GenericRAMInst0/syn_block_ram/DOA<11>"
is sourceless and has been removed.
The signal
"iice_inst_0/b3_SoW/b3_SoW/ramSliceInst6/GenericRAMInst0/syn_block_ram/DOA<10>"
is sourceless and has been removed.
The signal
"iice_inst_0/b3_SoW/b3_SoW/ramSliceInst6/GenericRAMInst0/syn_block_ram/DOA<9>"
is sourceless and has been removed.
The signal
"iice_inst_0/b3_SoW/b3_SoW/ramSliceInst6/GenericRAMInst0/syn_block_ram/DOA<8>"
is sourceless and has been removed.
The signal
"iice_inst_0/b3_SoW/b3_SoW/ramSliceInst6/GenericRAMInst0/syn_block_ram/DOA<7>"
is sourceless and has been removed.
The signal
"iice_inst_0/b3_SoW/b3_SoW/ramSliceInst6/GenericRAMInst0/syn_block_ram/DOA<6>"
is sourceless and has been removed.
The signal
"iice_inst_0/b3_SoW/b3_SoW/ramSliceInst6/GenericRAMInst0/syn_block_ram/DOA<5>"
is sourceless and has been removed.
The signal
"iice_inst_0/b3_SoW/b3_SoW/ramSliceInst6/GenericRAMInst0/syn_block_ram/DOA<4>"
is sourceless and has been removed.
The signal
"iice_inst_0/b3_SoW/b3_SoW/ramSliceInst6/GenericRAMInst0/syn_block_ram/DOA<3>"
is sourceless and has been removed.
The signal
"iice_inst_0/b3_SoW/b3_SoW/ramSliceInst6/GenericRAMInst0/syn_block_ram/DOA<2>"
is sourceless and has been removed.
The signal
"iice_inst_0/b3_SoW/b3_SoW/ramSliceInst6/GenericRAMInst0/syn_block_ram/DOA<1>"
is sourceless and has been removed.
The signal
"iice_inst_0/b3_SoW/b3_SoW/ramSliceInst6/GenericRAMInst0/syn_block_ram/DOA<0>"
is sourceless and has been removed.
The signal
"iice_inst_0/b3_SoW/b3_SoW/ramSliceInst6/GenericRAMInst0/syn_block_ram/DOPA<3>"
is sourceless and has been removed.
The signal
"iice_inst_0/b3_SoW/b3_SoW/ramSliceInst6/GenericRAMInst0/syn_block_ram/DOPA<2>"
is sourceless and has been removed.
The signal
"iice_inst_0/b3_SoW/b3_SoW/ramSliceInst6/GenericRAMInst0/syn_block_ram/DOPA<1>"
is sourceless and has been removed.
The signal
"iice_inst_0/b3_SoW/b3_SoW/ramSliceInst6/GenericRAMInst0/syn_block_ram/DOPA<0>"
is sourceless and has been removed.
The signal
"iice_inst_0/b3_SoW/b3_SoW/ramSliceInst7/GenericRAMInst0/syn_block_ram/DOA<31>"
is sourceless and has been removed.
The signal
"iice_inst_0/b3_SoW/b3_SoW/ramSliceInst7/GenericRAMInst0/syn_block_ram/DOA<30>"
is sourceless and has been removed.
The signal
"iice_inst_0/b3_SoW/b3_SoW/ramSliceInst7/GenericRAMInst0/syn_block_ram/DOA<29>"
is sourceless and has been removed.
The signal
"iice_inst_0/b3_SoW/b3_SoW/ramSliceInst7/GenericRAMInst0/syn_block_ram/DOA<28>"
is sourceless and has been removed.
The signal
"iice_inst_0/b3_SoW/b3_SoW/ramSliceInst7/GenericRAMInst0/syn_block_ram/DOA<27>"
is sourceless and has been removed.
The signal
"iice_inst_0/b3_SoW/b3_SoW/ramSliceInst7/GenericRAMInst0/syn_block_ram/DOA<26>"
is sourceless and has been removed.
The signal
"iice_inst_0/b3_SoW/b3_SoW/ramSliceInst7/GenericRAMInst0/syn_block_ram/DOA<25>"
is sourceless and has been removed.
The signal
"iice_inst_0/b3_SoW/b3_SoW/ramSliceInst7/GenericRAMInst0/syn_block_ram/DOA<24>"
is sourceless and has been removed.
The signal
"iice_inst_0/b3_SoW/b3_SoW/ramSliceInst7/GenericRAMInst0/syn_block_ram/DOA<23>"
is sourceless and has been removed.
The signal
"iice_inst_0/b3_SoW/b3_SoW/ramSliceInst7/GenericRAMInst0/syn_block_ram/DOA<22>"
is sourceless and has been removed.
The signal
"iice_inst_0/b3_SoW/b3_SoW/ramSliceInst7/GenericRAMInst0/syn_block_ram/DOA<21>"
is sourceless and has been removed.
The signal
"iice_inst_0/b3_SoW/b3_SoW/ramSliceInst7/GenericRAMInst0/syn_block_ram/DOA<20>"
is sourceless and has been removed.
The signal
"iice_inst_0/b3_SoW/b3_SoW/ramSliceInst7/GenericRAMInst0/syn_block_ram/DOA<19>"
is sourceless and has been removed.
The signal
"iice_inst_0/b3_SoW/b3_SoW/ramSliceInst7/GenericRAMInst0/syn_block_ram/DOA<18>"
is sourceless and has been removed.
The signal
"iice_inst_0/b3_SoW/b3_SoW/ramSliceInst7/GenericRAMInst0/syn_block_ram/DOA<17>"
is sourceless and has been removed.
The signal
"iice_inst_0/b3_SoW/b3_SoW/ramSliceInst7/GenericRAMInst0/syn_block_ram/DOA<16>"
is sourceless and has been removed.
The signal
"iice_inst_0/b3_SoW/b3_SoW/ramSliceInst7/GenericRAMInst0/syn_block_ram/DOA<15>"
is sourceless and has been removed.
The signal
"iice_inst_0/b3_SoW/b3_SoW/ramSliceInst7/GenericRAMInst0/syn_block_ram/DOA<14>"
is sourceless and has been removed.
The signal
"iice_inst_0/b3_SoW/b3_SoW/ramSliceInst7/GenericRAMInst0/syn_block_ram/DOA<13>"
is sourceless and has been removed.
The signal
"iice_inst_0/b3_SoW/b3_SoW/ramSliceInst7/GenericRAMInst0/syn_block_ram/DOA<12>"
is sourceless and has been removed.
The signal
"iice_inst_0/b3_SoW/b3_SoW/ramSliceInst7/GenericRAMInst0/syn_block_ram/DOA<11>"
is sourceless and has been removed.
The signal
"iice_inst_0/b3_SoW/b3_SoW/ramSliceInst7/GenericRAMInst0/syn_block_ram/DOA<10>"
is sourceless and has been removed.
The signal
"iice_inst_0/b3_SoW/b3_SoW/ramSliceInst7/GenericRAMInst0/syn_block_ram/DOA<9>"
is sourceless and has been removed.
The signal
"iice_inst_0/b3_SoW/b3_SoW/ramSliceInst7/GenericRAMInst0/syn_block_ram/DOA<8>"
is sourceless and has been removed.
The signal
"iice_inst_0/b3_SoW/b3_SoW/ramSliceInst7/GenericRAMInst0/syn_block_ram/DOA<7>"
is sourceless and has been removed.
The signal
"iice_inst_0/b3_SoW/b3_SoW/ramSliceInst7/GenericRAMInst0/syn_block_ram/DOA<6>"
is sourceless and has been removed.
The signal
"iice_inst_0/b3_SoW/b3_SoW/ramSliceInst7/GenericRAMInst0/syn_block_ram/DOA<5>"
is sourceless and has been removed.
The signal
"iice_inst_0/b3_SoW/b3_SoW/ramSliceInst7/GenericRAMInst0/syn_block_ram/DOA<4>"
is sourceless and has been removed.
The signal
"iice_inst_0/b3_SoW/b3_SoW/ramSliceInst7/GenericRAMInst0/syn_block_ram/DOA<3>"
is sourceless and has been removed.
The signal
"iice_inst_0/b3_SoW/b3_SoW/ramSliceInst7/GenericRAMInst0/syn_block_ram/DOA<2>"
is sourceless and has been removed.
The signal
"iice_inst_0/b3_SoW/b3_SoW/ramSliceInst7/GenericRAMInst0/syn_block_ram/DOA<1>"
is sourceless and has been removed.
The signal
"iice_inst_0/b3_SoW/b3_SoW/ramSliceInst7/GenericRAMInst0/syn_block_ram/DOA<0>"
is sourceless and has been removed.
The signal
"iice_inst_0/b3_SoW/b3_SoW/ramSliceInst7/GenericRAMInst0/syn_block_ram/DOPA<3>"
is sourceless and has been removed.
The signal
"iice_inst_0/b3_SoW/b3_SoW/ramSliceInst7/GenericRAMInst0/syn_block_ram/DOPA<2>"
is sourceless and has been removed.
The signal
"iice_inst_0/b3_SoW/b3_SoW/ramSliceInst7/GenericRAMInst0/syn_block_ram/DOPA<1>"
is sourceless and has been removed.
The signal
"iice_inst_0/b3_SoW/b3_SoW/ramSliceInst7/GenericRAMInst0/syn_block_ram/DOPA<0>"
is sourceless and has been removed.
The signal
"iice_inst_0/b3_SoW/b3_SoW/ramSliceInst8/GenericRAMInst0/syn_block_ram/DOA<31>"
is sourceless and has been removed.
The signal
"iice_inst_0/b3_SoW/b3_SoW/ramSliceInst8/GenericRAMInst0/syn_block_ram/DOA<30>"
is sourceless and has been removed.
The signal
"iice_inst_0/b3_SoW/b3_SoW/ramSliceInst8/GenericRAMInst0/syn_block_ram/DOA<29>"
is sourceless and has been removed.
The signal
"iice_inst_0/b3_SoW/b3_SoW/ramSliceInst8/GenericRAMInst0/syn_block_ram/DOA<28>"
is sourceless and has been removed.
The signal
"iice_inst_0/b3_SoW/b3_SoW/ramSliceInst8/GenericRAMInst0/syn_block_ram/DOA<27>"
is sourceless and has been removed.
The signal
"iice_inst_0/b3_SoW/b3_SoW/ramSliceInst8/GenericRAMInst0/syn_block_ram/DOA<26>"
is sourceless and has been removed.
The signal
"iice_inst_0/b3_SoW/b3_SoW/ramSliceInst8/GenericRAMInst0/syn_block_ram/DOA<25>"
is sourceless and has been removed.
The signal
"iice_inst_0/b3_SoW/b3_SoW/ramSliceInst8/GenericRAMInst0/syn_block_ram/DOA<24>"
is sourceless and has been removed.
The signal
"iice_inst_0/b3_SoW/b3_SoW/ramSliceInst8/GenericRAMInst0/syn_block_ram/DOA<23>"
is sourceless and has been removed.
The signal
"iice_inst_0/b3_SoW/b3_SoW/ramSliceInst8/GenericRAMInst0/syn_block_ram/DOA<22>"
is sourceless and has been removed.
The signal
"iice_inst_0/b3_SoW/b3_SoW/ramSliceInst8/GenericRAMInst0/syn_block_ram/DOA<21>"
is sourceless and has been removed.
The signal
"iice_inst_0/b3_SoW/b3_SoW/ramSliceInst8/GenericRAMInst0/syn_block_ram/DOA<20>"
is sourceless and has been removed.
The signal
"iice_inst_0/b3_SoW/b3_SoW/ramSliceInst8/GenericRAMInst0/syn_block_ram/DOA<19>"
is sourceless and has been removed.
The signal
"iice_inst_0/b3_SoW/b3_SoW/ramSliceInst8/GenericRAMInst0/syn_block_ram/DOA<18>"
is sourceless and has been removed.
The signal
"iice_inst_0/b3_SoW/b3_SoW/ramSliceInst8/GenericRAMInst0/syn_block_ram/DOA<17>"
is sourceless and has been removed.
The signal
"iice_inst_0/b3_SoW/b3_SoW/ramSliceInst8/GenericRAMInst0/syn_block_ram/DOA<16>"
is sourceless and has been removed.
The signal
"iice_inst_0/b3_SoW/b3_SoW/ramSliceInst8/GenericRAMInst0/syn_block_ram/DOA<15>"
is sourceless and has been removed.
The signal
"iice_inst_0/b3_SoW/b3_SoW/ramSliceInst8/GenericRAMInst0/syn_block_ram/DOA<14>"
is sourceless and has been removed.
The signal
"iice_inst_0/b3_SoW/b3_SoW/ramSliceInst8/GenericRAMInst0/syn_block_ram/DOA<13>"
is sourceless and has been removed.
The signal
"iice_inst_0/b3_SoW/b3_SoW/ramSliceInst8/GenericRAMInst0/syn_block_ram/DOA<12>"
is sourceless and has been removed.
The signal
"iice_inst_0/b3_SoW/b3_SoW/ramSliceInst8/GenericRAMInst0/syn_block_ram/DOA<11>"
is sourceless and has been removed.
The signal
"iice_inst_0/b3_SoW/b3_SoW/ramSliceInst8/GenericRAMInst0/syn_block_ram/DOA<10>"
is sourceless and has been removed.
The signal
"iice_inst_0/b3_SoW/b3_SoW/ramSliceInst8/GenericRAMInst0/syn_block_ram/DOA<9>"
is sourceless and has been removed.
The signal
"iice_inst_0/b3_SoW/b3_SoW/ramSliceInst8/GenericRAMInst0/syn_block_ram/DOA<8>"
is sourceless and has been removed.
The signal
"iice_inst_0/b3_SoW/b3_SoW/ramSliceInst8/GenericRAMInst0/syn_block_ram/DOA<7>"
is sourceless and has been removed.
The signal
"iice_inst_0/b3_SoW/b3_SoW/ramSliceInst8/GenericRAMInst0/syn_block_ram/DOA<6>"
is sourceless and has been removed.
The signal
"iice_inst_0/b3_SoW/b3_SoW/ramSliceInst8/GenericRAMInst0/syn_block_ram/DOA<5>"
is sourceless and has been removed.
The signal
"iice_inst_0/b3_SoW/b3_SoW/ramSliceInst8/GenericRAMInst0/syn_block_ram/DOA<4>"
is sourceless and has been removed.
The signal
"iice_inst_0/b3_SoW/b3_SoW/ramSliceInst8/GenericRAMInst0/syn_block_ram/DOA<3>"
is sourceless and has been removed.
The signal
"iice_inst_0/b3_SoW/b3_SoW/ramSliceInst8/GenericRAMInst0/syn_block_ram/DOA<2>"
is sourceless and has been removed.
The signal
"iice_inst_0/b3_SoW/b3_SoW/ramSliceInst8/GenericRAMInst0/syn_block_ram/DOA<1>"
is sourceless and has been removed.
The signal
"iice_inst_0/b3_SoW/b3_SoW/ramSliceInst8/GenericRAMInst0/syn_block_ram/DOA<0>"
is sourceless and has been removed.
The signal
"iice_inst_0/b3_SoW/b3_SoW/ramSliceInst8/GenericRAMInst0/syn_block_ram/DOPA<3>"
is sourceless and has been removed.
The signal
"iice_inst_0/b3_SoW/b3_SoW/ramSliceInst8/GenericRAMInst0/syn_block_ram/DOPA<2>"
is sourceless and has been removed.
The signal
"iice_inst_0/b3_SoW/b3_SoW/ramSliceInst8/GenericRAMInst0/syn_block_ram/DOPA<1>"
is sourceless and has been removed.
The signal
"iice_inst_0/b3_SoW/b3_SoW/ramSliceInst8/GenericRAMInst0/syn_block_ram/DOPA<0>"
is sourceless and has been removed.
The signal
"iice_inst_0/b3_SoW/b3_SoW/ramSliceInst9/GenericRAMInst0/syn_block_ram/DOA<31>"
is sourceless and has been removed.
The signal
"iice_inst_0/b3_SoW/b3_SoW/ramSliceInst9/GenericRAMInst0/syn_block_ram/DOA<30>"
is sourceless and has been removed.
The signal
"iice_inst_0/b3_SoW/b3_SoW/ramSliceInst9/GenericRAMInst0/syn_block_ram/DOA<29>"
is sourceless and has been removed.
The signal
"iice_inst_0/b3_SoW/b3_SoW/ramSliceInst9/GenericRAMInst0/syn_block_ram/DOA<28>"
is sourceless and has been removed.
The signal
"iice_inst_0/b3_SoW/b3_SoW/ramSliceInst9/GenericRAMInst0/syn_block_ram/DOA<27>"
is sourceless and has been removed.
The signal
"iice_inst_0/b3_SoW/b3_SoW/ramSliceInst9/GenericRAMInst0/syn_block_ram/DOA<26>"
is sourceless and has been removed.
The signal
"iice_inst_0/b3_SoW/b3_SoW/ramSliceInst9/GenericRAMInst0/syn_block_ram/DOA<25>"
is sourceless and has been removed.
The signal
"iice_inst_0/b3_SoW/b3_SoW/ramSliceInst9/GenericRAMInst0/syn_block_ram/DOA<24>"
is sourceless and has been removed.
The signal
"iice_inst_0/b3_SoW/b3_SoW/ramSliceInst9/GenericRAMInst0/syn_block_ram/DOA<23>"
is sourceless and has been removed.
The signal
"iice_inst_0/b3_SoW/b3_SoW/ramSliceInst9/GenericRAMInst0/syn_block_ram/DOA<22>"
is sourceless and has been removed.
The signal
"iice_inst_0/b3_SoW/b3_SoW/ramSliceInst9/GenericRAMInst0/syn_block_ram/DOA<21>"
is sourceless and has been removed.
The signal
"iice_inst_0/b3_SoW/b3_SoW/ramSliceInst9/GenericRAMInst0/syn_block_ram/DOA<20>"
is sourceless and has been removed.
The signal
"iice_inst_0/b3_SoW/b3_SoW/ramSliceInst9/GenericRAMInst0/syn_block_ram/DOA<19>"
is sourceless and has been removed.
The signal
"iice_inst_0/b3_SoW/b3_SoW/ramSliceInst9/GenericRAMInst0/syn_block_ram/DOA<18>"
is sourceless and has been removed.
The signal
"iice_inst_0/b3_SoW/b3_SoW/ramSliceInst9/GenericRAMInst0/syn_block_ram/DOA<17>"
is sourceless and has been removed.
The signal
"iice_inst_0/b3_SoW/b3_SoW/ramSliceInst9/GenericRAMInst0/syn_block_ram/DOA<16>"
is sourceless and has been removed.
The signal
"iice_inst_0/b3_SoW/b3_SoW/ramSliceInst9/GenericRAMInst0/syn_block_ram/DOA<15>"
is sourceless and has been removed.
The signal
"iice_inst_0/b3_SoW/b3_SoW/ramSliceInst9/GenericRAMInst0/syn_block_ram/DOA<14>"
is sourceless and has been removed.
The signal
"iice_inst_0/b3_SoW/b3_SoW/ramSliceInst9/GenericRAMInst0/syn_block_ram/DOA<13>"
is sourceless and has been removed.
The signal
"iice_inst_0/b3_SoW/b3_SoW/ramSliceInst9/GenericRAMInst0/syn_block_ram/DOA<12>"
is sourceless and has been removed.
The signal
"iice_inst_0/b3_SoW/b3_SoW/ramSliceInst9/GenericRAMInst0/syn_block_ram/DOA<11>"
is sourceless and has been removed.
The signal
"iice_inst_0/b3_SoW/b3_SoW/ramSliceInst9/GenericRAMInst0/syn_block_ram/DOA<10>"
is sourceless and has been removed.
The signal
"iice_inst_0/b3_SoW/b3_SoW/ramSliceInst9/GenericRAMInst0/syn_block_ram/DOA<9>"
is sourceless and has been removed.
The signal
"iice_inst_0/b3_SoW/b3_SoW/ramSliceInst9/GenericRAMInst0/syn_block_ram/DOA<8>"
is sourceless and has been removed.
The signal
"iice_inst_0/b3_SoW/b3_SoW/ramSliceInst9/GenericRAMInst0/syn_block_ram/DOA<7>"
is sourceless and has been removed.
The signal
"iice_inst_0/b3_SoW/b3_SoW/ramSliceInst9/GenericRAMInst0/syn_block_ram/DOA<6>"
is sourceless and has been removed.
The signal
"iice_inst_0/b3_SoW/b3_SoW/ramSliceInst9/GenericRAMInst0/syn_block_ram/DOA<5>"
is sourceless and has been removed.
The signal
"iice_inst_0/b3_SoW/b3_SoW/ramSliceInst9/GenericRAMInst0/syn_block_ram/DOA<4>"
is sourceless and has been removed.
The signal
"iice_inst_0/b3_SoW/b3_SoW/ramSliceInst9/GenericRAMInst0/syn_block_ram/DOA<3>"
is sourceless and has been removed.
The signal
"iice_inst_0/b3_SoW/b3_SoW/ramSliceInst9/GenericRAMInst0/syn_block_ram/DOA<2>"
is sourceless and has been removed.
The signal
"iice_inst_0/b3_SoW/b3_SoW/ramSliceInst9/GenericRAMInst0/syn_block_ram/DOA<1>"
is sourceless and has been removed.
The signal
"iice_inst_0/b3_SoW/b3_SoW/ramSliceInst9/GenericRAMInst0/syn_block_ram/DOA<0>"
is sourceless and has been removed.
The signal
"iice_inst_0/b3_SoW/b3_SoW/ramSliceInst9/GenericRAMInst0/syn_block_ram/DOPA<3>"
is sourceless and has been removed.
The signal
"iice_inst_0/b3_SoW/b3_SoW/ramSliceInst9/GenericRAMInst0/syn_block_ram/DOPA<2>"
is sourceless and has been removed.
The signal
"iice_inst_0/b3_SoW/b3_SoW/ramSliceInst9/GenericRAMInst0/syn_block_ram/DOPA<1>"
is sourceless and has been removed.
The signal
"iice_inst_0/b3_SoW/b3_SoW/ramSliceInst9/GenericRAMInst0/syn_block_ram/DOPA<0>"
is sourceless and has been removed.
The signal
"iice_inst_0/b3_SoW/b3_SoW/ramSliceInst10/GenericRAMInst0/syn_block_ram/DOA<31>"
is sourceless and has been removed.
The signal
"iice_inst_0/b3_SoW/b3_SoW/ramSliceInst10/GenericRAMInst0/syn_block_ram/DOA<30>"
is sourceless and has been removed.
The signal
"iice_inst_0/b3_SoW/b3_SoW/ramSliceInst10/GenericRAMInst0/syn_block_ram/DOA<29>"
is sourceless and has been removed.
The signal
"iice_inst_0/b3_SoW/b3_SoW/ramSliceInst10/GenericRAMInst0/syn_block_ram/DOA<28>"
is sourceless and has been removed.
The signal
"iice_inst_0/b3_SoW/b3_SoW/ramSliceInst10/GenericRAMInst0/syn_block_ram/DOA<27>"
is sourceless and has been removed.
The signal
"iice_inst_0/b3_SoW/b3_SoW/ramSliceInst10/GenericRAMInst0/syn_block_ram/DOA<26>"
is sourceless and has been removed.
The signal
"iice_inst_0/b3_SoW/b3_SoW/ramSliceInst10/GenericRAMInst0/syn_block_ram/DOA<25>"
is sourceless and has been removed.
The signal
"iice_inst_0/b3_SoW/b3_SoW/ramSliceInst10/GenericRAMInst0/syn_block_ram/DOA<24>"
is sourceless and has been removed.
The signal
"iice_inst_0/b3_SoW/b3_SoW/ramSliceInst10/GenericRAMInst0/syn_block_ram/DOA<23>"
is sourceless and has been removed.
The signal
"iice_inst_0/b3_SoW/b3_SoW/ramSliceInst10/GenericRAMInst0/syn_block_ram/DOA<22>"
is sourceless and has been removed.
The signal
"iice_inst_0/b3_SoW/b3_SoW/ramSliceInst10/GenericRAMInst0/syn_block_ram/DOA<21>"
is sourceless and has been removed.
The signal
"iice_inst_0/b3_SoW/b3_SoW/ramSliceInst10/GenericRAMInst0/syn_block_ram/DOA<20>"
is sourceless and has been removed.
The signal
"iice_inst_0/b3_SoW/b3_SoW/ramSliceInst10/GenericRAMInst0/syn_block_ram/DOA<19>"
is sourceless and has been removed.
The signal
"iice_inst_0/b3_SoW/b3_SoW/ramSliceInst10/GenericRAMInst0/syn_block_ram/DOA<18>"
is sourceless and has been removed.
The signal
"iice_inst_0/b3_SoW/b3_SoW/ramSliceInst10/GenericRAMInst0/syn_block_ram/DOA<17>"
is sourceless and has been removed.
The signal
"iice_inst_0/b3_SoW/b3_SoW/ramSliceInst10/GenericRAMInst0/syn_block_ram/DOA<16>"
is sourceless and has been removed.
The signal
"iice_inst_0/b3_SoW/b3_SoW/ramSliceInst10/GenericRAMInst0/syn_block_ram/DOA<15>"
is sourceless and has been removed.
The signal
"iice_inst_0/b3_SoW/b3_SoW/ramSliceInst10/GenericRAMInst0/syn_block_ram/DOA<14>"
is sourceless and has been removed.
The signal
"iice_inst_0/b3_SoW/b3_SoW/ramSliceInst10/GenericRAMInst0/syn_block_ram/DOA<13>"
is sourceless and has been removed.
The signal
"iice_inst_0/b3_SoW/b3_SoW/ramSliceInst10/GenericRAMInst0/syn_block_ram/DOA<12>"
is sourceless and has been removed.
The signal
"iice_inst_0/b3_SoW/b3_SoW/ramSliceInst10/GenericRAMInst0/syn_block_ram/DOA<11>"
is sourceless and has been removed.
The signal
"iice_inst_0/b3_SoW/b3_SoW/ramSliceInst10/GenericRAMInst0/syn_block_ram/DOA<10>"
is sourceless and has been removed.
The signal
"iice_inst_0/b3_SoW/b3_SoW/ramSliceInst10/GenericRAMInst0/syn_block_ram/DOA<9>"
is sourceless and has been removed.
The signal
"iice_inst_0/b3_SoW/b3_SoW/ramSliceInst10/GenericRAMInst0/syn_block_ram/DOA<8>"
is sourceless and has been removed.
The signal
"iice_inst_0/b3_SoW/b3_SoW/ramSliceInst10/GenericRAMInst0/syn_block_ram/DOA<7>"
is sourceless and has been removed.
The signal
"iice_inst_0/b3_SoW/b3_SoW/ramSliceInst10/GenericRAMInst0/syn_block_ram/DOA<6>"
is sourceless and has been removed.
The signal
"iice_inst_0/b3_SoW/b3_SoW/ramSliceInst10/GenericRAMInst0/syn_block_ram/DOA<5>"
is sourceless and has been removed.
The signal
"iice_inst_0/b3_SoW/b3_SoW/ramSliceInst10/GenericRAMInst0/syn_block_ram/DOA<4>"
is sourceless and has been removed.
The signal
"iice_inst_0/b3_SoW/b3_SoW/ramSliceInst10/GenericRAMInst0/syn_block_ram/DOA<3>"
is sourceless and has been removed.
The signal
"iice_inst_0/b3_SoW/b3_SoW/ramSliceInst10/GenericRAMInst0/syn_block_ram/DOA<2>"
is sourceless and has been removed.
The signal
"iice_inst_0/b3_SoW/b3_SoW/ramSliceInst10/GenericRAMInst0/syn_block_ram/DOA<1>"
is sourceless and has been removed.
The signal
"iice_inst_0/b3_SoW/b3_SoW/ramSliceInst10/GenericRAMInst0/syn_block_ram/DOA<0>"
is sourceless and has been removed.
The signal
"iice_inst_0/b3_SoW/b3_SoW/ramSliceInst10/GenericRAMInst0/syn_block_ram/DOB<31>"
is sourceless and has been removed.
The signal
"iice_inst_0/b3_SoW/b3_SoW/ramSliceInst10/GenericRAMInst0/syn_block_ram/DOB<30>"
is sourceless and has been removed.
The signal
"iice_inst_0/b3_SoW/b3_SoW/ramSliceInst10/GenericRAMInst0/syn_block_ram/DOB<29>"
is sourceless and has been removed.
The signal
"iice_inst_0/b3_SoW/b3_SoW/ramSliceInst10/GenericRAMInst0/syn_block_ram/DOB<28>"
is sourceless and has been removed.
The signal
"iice_inst_0/b3_SoW/b3_SoW/ramSliceInst10/GenericRAMInst0/syn_block_ram/DOB<27>"
is sourceless and has been removed.
The signal
"iice_inst_0/b3_SoW/b3_SoW/ramSliceInst10/GenericRAMInst0/syn_block_ram/DOB<26>"
is sourceless and has been removed.
The signal
"iice_inst_0/b3_SoW/b3_SoW/ramSliceInst10/GenericRAMInst0/syn_block_ram/DOB<25>"
is sourceless and has been removed.
The signal
"iice_inst_0/b3_SoW/b3_SoW/ramSliceInst10/GenericRAMInst0/syn_block_ram/DOB<24>"
is sourceless and has been removed.
The signal
"iice_inst_0/b3_SoW/b3_SoW/ramSliceInst10/GenericRAMInst0/syn_block_ram/DOB<23>"
is sourceless and has been removed.
The signal
"iice_inst_0/b3_SoW/b3_SoW/ramSliceInst10/GenericRAMInst0/syn_block_ram/DOB<22>"
is sourceless and has been removed.
The signal
"iice_inst_0/b3_SoW/b3_SoW/ramSliceInst10/GenericRAMInst0/syn_block_ram/DOB<21>"
is sourceless and has been removed.
The signal
"iice_inst_0/b3_SoW/b3_SoW/ramSliceInst10/GenericRAMInst0/syn_block_ram/DOB<20>"
is sourceless and has been removed.
The signal
"iice_inst_0/b3_SoW/b3_SoW/ramSliceInst10/GenericRAMInst0/syn_block_ram/DOB<19>"
is sourceless and has been removed.
The signal
"iice_inst_0/b3_SoW/b3_SoW/ramSliceInst10/GenericRAMInst0/syn_block_ram/DOB<18>"
is sourceless and has been removed.
The signal
"iice_inst_0/b3_SoW/b3_SoW/ramSliceInst10/GenericRAMInst0/syn_block_ram/DOB<17>"
is sourceless and has been removed.
The signal
"iice_inst_0/b3_SoW/b3_SoW/ramSliceInst10/GenericRAMInst0/syn_block_ram/DOB<16>"
is sourceless and has been removed.
The signal
"iice_inst_0/b3_SoW/b3_SoW/ramSliceInst10/GenericRAMInst0/syn_block_ram/DOB<15>"
is sourceless and has been removed.
The signal
"iice_inst_0/b3_SoW/b3_SoW/ramSliceInst10/GenericRAMInst0/syn_block_ram/DOB<14>"
is sourceless and has been removed.
The signal
"iice_inst_0/b3_SoW/b3_SoW/ramSliceInst10/GenericRAMInst0/syn_block_ram/DOB<13>"
is sourceless and has been removed.
The signal
"iice_inst_0/b3_SoW/b3_SoW/ramSliceInst10/GenericRAMInst0/syn_block_ram/DOB<12>"
is sourceless and has been removed.
The signal
"iice_inst_0/b3_SoW/b3_SoW/ramSliceInst10/GenericRAMInst0/syn_block_ram/DOB<11>"
is sourceless and has been removed.
The signal
"iice_inst_0/b3_SoW/b3_SoW/ramSliceInst10/GenericRAMInst0/syn_block_ram/DOB<10>"
is sourceless and has been removed.
The signal
"iice_inst_0/b3_SoW/b3_SoW/ramSliceInst10/GenericRAMInst0/syn_block_ram/DOB<9>"
is sourceless and has been removed.
The signal
"iice_inst_0/b3_SoW/b3_SoW/ramSliceInst10/GenericRAMInst0/syn_block_ram/DOB<8>"
is sourceless and has been removed.
The signal
"iice_inst_0/b3_SoW/b3_SoW/ramSliceInst10/GenericRAMInst0/syn_block_ram/DOB<7>"
is sourceless and has been removed.
The signal
"iice_inst_0/b3_SoW/b3_SoW/ramSliceInst10/GenericRAMInst0/syn_block_ram/DOB<6>"
is sourceless and has been removed.
The signal
"iice_inst_0/b3_SoW/b3_SoW/ramSliceInst10/GenericRAMInst0/syn_block_ram/DOB<5>"
is sourceless and has been removed.
The signal
"iice_inst_0/b3_SoW/b3_SoW/ramSliceInst10/GenericRAMInst0/syn_block_ram/DOB<4>"
is sourceless and has been removed.
The signal
"iice_inst_0/b3_SoW/b3_SoW/ramSliceInst10/GenericRAMInst0/syn_block_ram/DOB<3>"
is sourceless and has been removed.
The signal
"iice_inst_0/b3_SoW/b3_SoW/ramSliceInst10/GenericRAMInst0/syn_block_ram/DOB<2>"
is sourceless and has been removed.
The signal
"iice_inst_0/b3_SoW/b3_SoW/ramSliceInst10/GenericRAMInst0/syn_block_ram/DOPA<3>"
is sourceless and has been removed.
The signal
"iice_inst_0/b3_SoW/b3_SoW/ramSliceInst10/GenericRAMInst0/syn_block_ram/DOPA<2>"
is sourceless and has been removed.
The signal
"iice_inst_0/b3_SoW/b3_SoW/ramSliceInst10/GenericRAMInst0/syn_block_ram/DOPA<1>"
is sourceless and has been removed.
The signal
"iice_inst_0/b3_SoW/b3_SoW/ramSliceInst10/GenericRAMInst0/syn_block_ram/DOPA<0>"
is sourceless and has been removed.
The signal
"iice_inst_0/b3_SoW/b3_SoW/ramSliceInst10/GenericRAMInst0/syn_block_ram/DOPB<3>"
is sourceless and has been removed.
The signal
"iice_inst_0/b3_SoW/b3_SoW/ramSliceInst10/GenericRAMInst0/syn_block_ram/DOPB<2>"
is sourceless and has been removed.
The signal
"iice_inst_0/b3_SoW/b3_SoW/ramSliceInst10/GenericRAMInst0/syn_block_ram/DOPB<1>"
is sourceless and has been removed.
The signal
"iice_inst_0/b3_SoW/b3_SoW/ramSliceInst10/GenericRAMInst0/syn_block_ram/DOPB<0>"
is sourceless and has been removed.
Unused block "iice_inst_0/b8_uKr_IFLY/b10_nvscB_rGsL/b9_nvmFLp_ab_0_a2" (ROM)
removed.

Optimized Block(s):
TYPE 		BLOCK
GND 		GND
GND 		PLL1/GND
GND 		iice_inst_0/GND
GND 		iice_inst_0/b3_SoW/GND
VCC 		iice_inst_0/b3_SoW/VCC
GND 		iice_inst_0/b3_SoW/b3_SoW/ramSliceInst0/GenericRAMInst0/GND
VCC 		iice_inst_0/b3_SoW/b3_SoW/ramSliceInst0/GenericRAMInst0/VCC
GND 		iice_inst_0/b3_SoW/b3_SoW/ramSliceInst1/GenericRAMInst0/GND
VCC 		iice_inst_0/b3_SoW/b3_SoW/ramSliceInst1/GenericRAMInst0/VCC
GND 		iice_inst_0/b3_SoW/b3_SoW/ramSliceInst10/GenericRAMInst0/GND
VCC 		iice_inst_0/b3_SoW/b3_SoW/ramSliceInst10/GenericRAMInst0/VCC
GND 		iice_inst_0/b3_SoW/b3_SoW/ramSliceInst2/GenericRAMInst0/GND
VCC 		iice_inst_0/b3_SoW/b3_SoW/ramSliceInst2/GenericRAMInst0/VCC
GND 		iice_inst_0/b3_SoW/b3_SoW/ramSliceInst3/GenericRAMInst0/GND
VCC 		iice_inst_0/b3_SoW/b3_SoW/ramSliceInst3/GenericRAMInst0/VCC
GND 		iice_inst_0/b3_SoW/b3_SoW/ramSliceInst4/GenericRAMInst0/GND
VCC 		iice_inst_0/b3_SoW/b3_SoW/ramSliceInst4/GenericRAMInst0/VCC
GND 		iice_inst_0/b3_SoW/b3_SoW/ramSliceInst5/GenericRAMInst0/GND
VCC 		iice_inst_0/b3_SoW/b3_SoW/ramSliceInst5/GenericRAMInst0/VCC
GND 		iice_inst_0/b3_SoW/b3_SoW/ramSliceInst6/GenericRAMInst0/GND
VCC 		iice_inst_0/b3_SoW/b3_SoW/ramSliceInst6/GenericRAMInst0/VCC
GND 		iice_inst_0/b3_SoW/b3_SoW/ramSliceInst7/GenericRAMInst0/GND
VCC 		iice_inst_0/b3_SoW/b3_SoW/ramSliceInst7/GenericRAMInst0/VCC
GND 		iice_inst_0/b3_SoW/b3_SoW/ramSliceInst8/GenericRAMInst0/GND
VCC 		iice_inst_0/b3_SoW/b3_SoW/ramSliceInst8/GenericRAMInst0/VCC
GND 		iice_inst_0/b3_SoW/b3_SoW/ramSliceInst9/GenericRAMInst0/GND
VCC 		iice_inst_0/b3_SoW/b3_SoW/ramSliceInst9/GenericRAMInst0/VCC
FD 		iice_inst_0/b8_12m_IFLY/b4_PfFz/b7_PbTtl9G/b11_2ZAHB9rO9Xh[113]
   optimized to 0
FD 		iice_inst_0/b8_12m_IFLY/b4_PfFz/b7_PbTtl9G/b11_2ZAHB9rO9Xh[114]
   optimized to 0
FD 		iice_inst_0/b8_12m_IFLY/b4_PfFz/b7_PbTtl9G/b11_2ZAHB9rO9Xh[115]
   optimized to 0
FD 		iice_inst_0/b8_12m_IFLY/b4_PfFz/b7_PbTtl9G/b11_2ZAHB9rO9Xh[116]
   optimized to 0
GND 		iice_inst_0/b8_12m_IFLY/b4_PfFz/b7_PbTtl9G/b4_nKB0/GND
GND
		iice_inst_0/b8_12m_IFLY/b4_PfFz/b7_PbTtl9G/b6_2ZGFQ9/b21_O2yyf_fG2_MiQA1E6_h_p
/GND
VCC
		iice_inst_0/b8_12m_IFLY/b4_PfFz/b7_PbTtl9G/b6_2ZGFQ9/b21_O2yyf_fG2_MiQA1E6_h_p
/VCC
GND
		iice_inst_0/b8_12m_IFLY/b4_PfFz/b7_PbTtl9G/b6_2ZGFQ9/b21_O2yyf_fG2_MiQA1E6_h_y
/GND
VCC
		iice_inst_0/b8_12m_IFLY/b4_PfFz/b7_PbTtl9G/b6_2ZGFQ9/b21_O2yyf_fG2_MiQA1E6_h_y
/VCC
GND
		iice_inst_0/b8_12m_IFLY/b4_PfFz/b7_PbTtl9G/b6_2ZGFQ9/b21_O2yyf_fG2_MiQA1E6_h_z
/GND
VCC
		iice_inst_0/b8_12m_IFLY/b4_PfFz/b7_PbTtl9G/b6_2ZGFQ9/b21_O2yyf_fG2_MiQA1E6_h_z
/VCC
GND 		iice_inst_0/b8_12m_IFLY/b5_nUTGT/GND
VCC 		iice_inst_0/b8_12m_IFLY/b5_nUTGT/VCC
FD 		iice_inst_0/mdic_link_reg[113]
   optimized to 0
FD 		iice_inst_0/mdic_link_reg[114]
   optimized to 0
FD 		iice_inst_0/mdic_link_reg[115]
   optimized to 0
FD 		iice_inst_0/mdic_link_reg[116]
   optimized to 0
GND 		sram0/ram0/GND
VCC 		sram0/ram0/VCC
GND 		sram0/ram1/GND
VCC 		sram0/ram1/VCC
GND 		sram0/ram2/GND
VCC 		sram0/ram2/VCC
GND 		sram0/ram3/GND
VCC 		sram0/ram3/VCC
GND 		sram1/ram0/GND
VCC 		sram1/ram0/VCC
GND 		sram1/ram1/GND
VCC 		sram1/ram1/VCC
GND 		sram1/ram2/GND
VCC 		sram1/ram2/VCC
GND 		sram1/ram3/GND
VCC 		sram1/ram3/VCC

To enable printing of redundant blocks removed and signals merged, set the
detailed map report option and rerun map.

Section 6 - IOB Properties
--------------------------

+----------------------------------------------------------------------------------------------------------------------------------------+
| IOB Name                           | Type             | Direction | IO Standard | Drive    | Slew | Reg (s)      | Resistor | IOB      |
|                                    |                  |           |             | Strength | Rate |              |          | Delay    |
+----------------------------------------------------------------------------------------------------------------------------------------+
| CLK                                | IOB              | INPUT     | LVCMOS25    |          |      |              |          |          |
| CLK100M_Out                        | IOB              | OUTPUT    | LVCMOS25    | 12       | SLOW |              |          |          |
| CLK200M_Out                        | IOB              | OUTPUT    | LVCMOS25    | 12       | SLOW |              |          |          |
| CLK50M_Out                         | IOB              | OUTPUT    | LVCMOS25    | 12       | SLOW |              |          |          |
| HADDR_M0[0]                        | IOB              | OUTPUT    | LVCMOS25    | 12       | SLOW |              |          |          |
| HADDR_M0[1]                        | IOB              | OUTPUT    | LVCMOS25    | 12       | SLOW |              |          |          |
| HADDR_M0[2]                        | IOB              | OUTPUT    | LVCMOS25    | 12       | SLOW |              |          |          |
| HADDR_M0[3]                        | IOB              | OUTPUT    | LVCMOS25    | 12       | SLOW |              |          |          |
| HADDR_M0[4]                        | IOB              | OUTPUT    | LVCMOS25    | 12       | SLOW |              |          |          |
| HADDR_M0[5]                        | IOB              | OUTPUT    | LVCMOS25    | 12       | SLOW |              |          |          |
| HADDR_M0[6]                        | IOB              | OUTPUT    | LVCMOS25    | 12       | SLOW |              |          |          |
| HADDR_M0[7]                        | IOB              | OUTPUT    | LVCMOS25    | 12       | SLOW |              |          |          |
| HADDR_M0[8]                        | IOB              | OUTPUT    | LVCMOS25    | 12       | SLOW |              |          |          |
| HADDR_M0[9]                        | IOB              | OUTPUT    | LVCMOS25    | 12       | SLOW |              |          |          |
| HADDR_M0[10]                       | IOB              | OUTPUT    | LVCMOS25    | 12       | SLOW |              |          |          |
| HADDR_M0[11]                       | IOB              | OUTPUT    | LVCMOS25    | 12       | SLOW |              |          |          |
| HADDR_M0[12]                       | IOB              | OUTPUT    | LVCMOS25    | 12       | SLOW |              |          |          |
| HADDR_M0[13]                       | IOB              | OUTPUT    | LVCMOS25    | 12       | SLOW |              |          |          |
| HADDR_M0[14]                       | IOB              | OUTPUT    | LVCMOS25    | 12       | SLOW |              |          |          |
| HADDR_M0[15]                       | IOB              | OUTPUT    | LVCMOS25    | 12       | SLOW |              |          |          |
| HADDR_M0[16]                       | IOB              | OUTPUT    | LVCMOS25    | 12       | SLOW |              |          |          |
| HADDR_M0[17]                       | IOB              | OUTPUT    | LVCMOS25    | 12       | SLOW |              |          |          |
| HADDR_M0[18]                       | IOB              | OUTPUT    | LVCMOS25    | 12       | SLOW |              |          |          |
| HADDR_M0[19]                       | IOB              | OUTPUT    | LVCMOS25    | 12       | SLOW |              |          |          |
| HADDR_M0[20]                       | IOB              | OUTPUT    | LVCMOS25    | 12       | SLOW |              |          |          |
| HADDR_M0[21]                       | IOB              | OUTPUT    | LVCMOS25    | 12       | SLOW |              |          |          |
| HADDR_M0[22]                       | IOB              | OUTPUT    | LVCMOS25    | 12       | SLOW |              |          |          |
| HADDR_M0[23]                       | IOB              | OUTPUT    | LVCMOS25    | 12       | SLOW |              |          |          |
| HADDR_M0[24]                       | IOB              | OUTPUT    | LVCMOS25    | 12       | SLOW |              |          |          |
| HADDR_M0[25]                       | IOB              | OUTPUT    | LVCMOS25    | 12       | SLOW |              |          |          |
| HADDR_M0[26]                       | IOB              | OUTPUT    | LVCMOS25    | 12       | SLOW |              |          |          |
| HADDR_M0[27]                       | IOB              | OUTPUT    | LVCMOS25    | 12       | SLOW |              |          |          |
| HADDR_M0[28]                       | IOB              | OUTPUT    | LVCMOS25    | 12       | SLOW |              |          |          |
| HADDR_M0[29]                       | IOB              | OUTPUT    | LVCMOS25    | 12       | SLOW |              |          |          |
| HADDR_M0[30]                       | IOB              | OUTPUT    | LVCMOS25    | 12       | SLOW |              |          |          |
| HADDR_M0[31]                       | IOB              | OUTPUT    | LVCMOS25    | 12       | SLOW |              |          |          |
| HADDR_S0[0]                        | IOB              | INPUT     | LVCMOS25    |          |      |              |          |          |
| HADDR_S0[1]                        | IOB              | INPUT     | LVCMOS25    |          |      |              |          |          |
| HADDR_S0[2]                        | IOB              | INPUT     | LVCMOS25    |          |      |              |          |          |
| HADDR_S0[3]                        | IOB              | INPUT     | LVCMOS25    |          |      |              |          |          |
| HADDR_S0[4]                        | IOB              | INPUT     | LVCMOS25    |          |      |              |          |          |
| HADDR_S0[5]                        | IOB              | INPUT     | LVCMOS25    |          |      |              |          |          |
| HADDR_S0[6]                        | IOB              | INPUT     | LVCMOS25    |          |      |              |          |          |
| HADDR_S0[7]                        | IOB              | INPUT     | LVCMOS25    |          |      |              |          |          |
| HADDR_S0[8]                        | IOB              | INPUT     | LVCMOS25    |          |      |              |          |          |
| HADDR_S0[9]                        | IOB              | INPUT     | LVCMOS25    |          |      |              |          |          |
| HADDR_S0[10]                       | IOB              | INPUT     | LVCMOS25    |          |      |              |          |          |
| HADDR_S0[11]                       | IOB              | INPUT     | LVCMOS25    |          |      |              |          |          |
| HADDR_S0[12]                       | IOB              | INPUT     | LVCMOS25    |          |      |              |          |          |
| HADDR_S0[13]                       | IOB              | INPUT     | LVCMOS25    |          |      |              |          |          |
| HADDR_S0[14]                       | IOB              | INPUT     | LVCMOS25    |          |      |              |          |          |
| HADDR_S0[15]                       | IOB              | INPUT     | LVCMOS25    |          |      |              |          |          |
| HADDR_S0[16]                       | IOB              | INPUT     | LVCMOS25    |          |      |              |          |          |
| HADDR_S0[17]                       | IOB              | INPUT     | LVCMOS25    |          |      |              |          |          |
| HADDR_S0[18]                       | IOB              | INPUT     | LVCMOS25    |          |      |              |          |          |
| HADDR_S0[19]                       | IOB              | INPUT     | LVCMOS25    |          |      |              |          |          |
| HADDR_S0[20]                       | IOB              | INPUT     | LVCMOS25    |          |      |              |          |          |
| HADDR_S0[21]                       | IOB              | INPUT     | LVCMOS25    |          |      |              |          |          |
| HADDR_S0[22]                       | IOB              | INPUT     | LVCMOS25    |          |      |              |          |          |
| HADDR_S0[23]                       | IOB              | INPUT     | LVCMOS25    |          |      |              |          |          |
| HADDR_S0[24]                       | IOB              | INPUT     | LVCMOS25    |          |      |              |          |          |
| HADDR_S0[25]                       | IOB              | INPUT     | LVCMOS25    |          |      |              |          |          |
| HADDR_S0[26]                       | IOB              | INPUT     | LVCMOS25    |          |      |              |          |          |
| HADDR_S0[27]                       | IOB              | INPUT     | LVCMOS25    |          |      |              |          |          |
| HADDR_S0[28]                       | IOB              | INPUT     | LVCMOS25    |          |      |              |          |          |
| HADDR_S0[29]                       | IOB              | INPUT     | LVCMOS25    |          |      |              |          |          |
| HADDR_S0[30]                       | IOB              | INPUT     | LVCMOS25    |          |      |              |          |          |
| HADDR_S0[31]                       | IOB              | INPUT     | LVCMOS25    |          |      |              |          |          |
| HADDR_S1[0]                        | IOB              | INPUT     | LVCMOS25    |          |      |              |          |          |
| HADDR_S1[1]                        | IOB              | INPUT     | LVCMOS25    |          |      |              |          |          |
| HADDR_S1[2]                        | IOB              | INPUT     | LVCMOS25    |          |      |              |          |          |
| HADDR_S1[3]                        | IOB              | INPUT     | LVCMOS25    |          |      |              |          |          |
| HADDR_S1[4]                        | IOB              | INPUT     | LVCMOS25    |          |      |              |          |          |
| HADDR_S1[5]                        | IOB              | INPUT     | LVCMOS25    |          |      |              |          |          |
| HADDR_S1[6]                        | IOB              | INPUT     | LVCMOS25    |          |      |              |          |          |
| HADDR_S1[7]                        | IOB              | INPUT     | LVCMOS25    |          |      |              |          |          |
| HADDR_S1[8]                        | IOB              | INPUT     | LVCMOS25    |          |      |              |          |          |
| HADDR_S1[9]                        | IOB              | INPUT     | LVCMOS25    |          |      |              |          |          |
| HADDR_S1[10]                       | IOB              | INPUT     | LVCMOS25    |          |      |              |          |          |
| HADDR_S1[11]                       | IOB              | INPUT     | LVCMOS25    |          |      |              |          |          |
| HADDR_S1[12]                       | IOB              | INPUT     | LVCMOS25    |          |      |              |          |          |
| HADDR_S1[13]                       | IOB              | INPUT     | LVCMOS25    |          |      |              |          |          |
| HADDR_S1[14]                       | IOB              | INPUT     | LVCMOS25    |          |      |              |          |          |
| HADDR_S1[15]                       | IOB              | INPUT     | LVCMOS25    |          |      |              |          |          |
| HADDR_S1[16]                       | IOB              | INPUT     | LVCMOS25    |          |      |              |          |          |
| HADDR_S1[17]                       | IOB              | INPUT     | LVCMOS25    |          |      |              |          |          |
| HADDR_S1[18]                       | IOB              | INPUT     | LVCMOS25    |          |      |              |          |          |
| HADDR_S1[19]                       | IOB              | INPUT     | LVCMOS25    |          |      |              |          |          |
| HADDR_S1[20]                       | IOB              | INPUT     | LVCMOS25    |          |      |              |          |          |
| HADDR_S1[21]                       | IOB              | INPUT     | LVCMOS25    |          |      |              |          |          |
| HADDR_S1[22]                       | IOB              | INPUT     | LVCMOS25    |          |      |              |          |          |
| HADDR_S1[23]                       | IOB              | INPUT     | LVCMOS25    |          |      |              |          |          |
| HADDR_S1[24]                       | IOB              | INPUT     | LVCMOS25    |          |      |              |          |          |
| HADDR_S1[25]                       | IOB              | INPUT     | LVCMOS25    |          |      |              |          |          |
| HADDR_S1[26]                       | IOB              | INPUT     | LVCMOS25    |          |      |              |          |          |
| HADDR_S1[27]                       | IOB              | INPUT     | LVCMOS25    |          |      |              |          |          |
| HADDR_S1[28]                       | IOB              | INPUT     | LVCMOS25    |          |      |              |          |          |
| HADDR_S1[29]                       | IOB              | INPUT     | LVCMOS25    |          |      |              |          |          |
| HADDR_S1[30]                       | IOB              | INPUT     | LVCMOS25    |          |      |              |          |          |
| HADDR_S1[31]                       | IOB              | INPUT     | LVCMOS25    |          |      |              |          |          |
| HBURST_M0[0]                       | IOB              | OUTPUT    | LVCMOS25    | 12       | SLOW |              |          |          |
| HBURST_M0[1]                       | IOB              | OUTPUT    | LVCMOS25    | 12       | SLOW |              |          |          |
| HBURST_M0[2]                       | IOB              | OUTPUT    | LVCMOS25    | 12       | SLOW |              |          |          |
| HBURST_S0[0]                       | IOB              | INPUT     | LVCMOS25    |          |      |              |          |          |
| HBURST_S0[1]                       | IOB              | INPUT     | LVCMOS25    |          |      |              |          |          |
| HBURST_S0[2]                       | IOB              | INPUT     | LVCMOS25    |          |      |              |          |          |
| HBURST_S1[0]                       | IOB              | INPUT     | LVCMOS25    |          |      |              |          |          |
| HBURST_S1[1]                       | IOB              | INPUT     | LVCMOS25    |          |      |              |          |          |
| HBURST_S1[2]                       | IOB              | INPUT     | LVCMOS25    |          |      |              |          |          |
| HPROT_M0[0]                        | IOB              | OUTPUT    | LVCMOS25    | 12       | SLOW |              |          |          |
| HPROT_M0[1]                        | IOB              | OUTPUT    | LVCMOS25    | 12       | SLOW |              |          |          |
| HPROT_M0[2]                        | IOB              | OUTPUT    | LVCMOS25    | 12       | SLOW |              |          |          |
| HPROT_M0[3]                        | IOB              | OUTPUT    | LVCMOS25    | 12       | SLOW |              |          |          |
| HPROT_S0[0]                        | IOB              | INPUT     | LVCMOS25    |          |      |              |          |          |
| HPROT_S0[1]                        | IOB              | INPUT     | LVCMOS25    |          |      |              |          |          |
| HPROT_S0[2]                        | IOB              | INPUT     | LVCMOS25    |          |      |              |          |          |
| HPROT_S0[3]                        | IOB              | INPUT     | LVCMOS25    |          |      |              |          |          |
| HPROT_S1[0]                        | IOB              | INPUT     | LVCMOS25    |          |      |              |          |          |
| HPROT_S1[1]                        | IOB              | INPUT     | LVCMOS25    |          |      |              |          |          |
| HPROT_S1[2]                        | IOB              | INPUT     | LVCMOS25    |          |      |              |          |          |
| HPROT_S1[3]                        | IOB              | INPUT     | LVCMOS25    |          |      |              |          |          |
| HRDATA_M0[0]                       | IOB              | INPUT     | LVCMOS25    |          |      |              |          |          |
| HRDATA_M0[1]                       | IOB              | INPUT     | LVCMOS25    |          |      |              |          |          |
| HRDATA_M0[2]                       | IOB              | INPUT     | LVCMOS25    |          |      |              |          |          |
| HRDATA_M0[3]                       | IOB              | INPUT     | LVCMOS25    |          |      |              |          |          |
| HRDATA_M0[4]                       | IOB              | INPUT     | LVCMOS25    |          |      |              |          |          |
| HRDATA_M0[5]                       | IOB              | INPUT     | LVCMOS25    |          |      |              |          |          |
| HRDATA_M0[6]                       | IOB              | INPUT     | LVCMOS25    |          |      |              |          |          |
| HRDATA_M0[7]                       | IOB              | INPUT     | LVCMOS25    |          |      |              |          |          |
| HRDATA_M0[8]                       | IOB              | INPUT     | LVCMOS25    |          |      |              |          |          |
| HRDATA_M0[9]                       | IOB              | INPUT     | LVCMOS25    |          |      |              |          |          |
| HRDATA_M0[10]                      | IOB              | INPUT     | LVCMOS25    |          |      |              |          |          |
| HRDATA_M0[11]                      | IOB              | INPUT     | LVCMOS25    |          |      |              |          |          |
| HRDATA_M0[12]                      | IOB              | INPUT     | LVCMOS25    |          |      |              |          |          |
| HRDATA_M0[13]                      | IOB              | INPUT     | LVCMOS25    |          |      |              |          |          |
| HRDATA_M0[14]                      | IOB              | INPUT     | LVCMOS25    |          |      |              |          |          |
| HRDATA_M0[15]                      | IOB              | INPUT     | LVCMOS25    |          |      |              |          |          |
| HRDATA_M0[16]                      | IOB              | INPUT     | LVCMOS25    |          |      |              |          |          |
| HRDATA_M0[17]                      | IOB              | INPUT     | LVCMOS25    |          |      |              |          |          |
| HRDATA_M0[18]                      | IOB              | INPUT     | LVCMOS25    |          |      |              |          |          |
| HRDATA_M0[19]                      | IOB              | INPUT     | LVCMOS25    |          |      |              |          |          |
| HRDATA_M0[20]                      | IOB              | INPUT     | LVCMOS25    |          |      |              |          |          |
| HRDATA_M0[21]                      | IOB              | INPUT     | LVCMOS25    |          |      |              |          |          |
| HRDATA_M0[22]                      | IOB              | INPUT     | LVCMOS25    |          |      |              |          |          |
| HRDATA_M0[23]                      | IOB              | INPUT     | LVCMOS25    |          |      |              |          |          |
| HRDATA_M0[24]                      | IOB              | INPUT     | LVCMOS25    |          |      |              |          |          |
| HRDATA_M0[25]                      | IOB              | INPUT     | LVCMOS25    |          |      |              |          |          |
| HRDATA_M0[26]                      | IOB              | INPUT     | LVCMOS25    |          |      |              |          |          |
| HRDATA_M0[27]                      | IOB              | INPUT     | LVCMOS25    |          |      |              |          |          |
| HRDATA_M0[28]                      | IOB              | INPUT     | LVCMOS25    |          |      |              |          |          |
| HRDATA_M0[29]                      | IOB              | INPUT     | LVCMOS25    |          |      |              |          |          |
| HRDATA_M0[30]                      | IOB              | INPUT     | LVCMOS25    |          |      |              |          |          |
| HRDATA_M0[31]                      | IOB              | INPUT     | LVCMOS25    |          |      |              |          |          |
| HRDATA_S0[0]                       | IOB              | OUTPUT    | LVCMOS25    | 12       | SLOW |              |          |          |
| HRDATA_S0[1]                       | IOB              | OUTPUT    | LVCMOS25    | 12       | SLOW |              |          |          |
| HRDATA_S0[2]                       | IOB              | OUTPUT    | LVCMOS25    | 12       | SLOW |              |          |          |
| HRDATA_S0[3]                       | IOB              | OUTPUT    | LVCMOS25    | 12       | SLOW |              |          |          |
| HRDATA_S0[4]                       | IOB              | OUTPUT    | LVCMOS25    | 12       | SLOW |              |          |          |
| HRDATA_S0[5]                       | IOB              | OUTPUT    | LVCMOS25    | 12       | SLOW |              |          |          |
| HRDATA_S0[6]                       | IOB              | OUTPUT    | LVCMOS25    | 12       | SLOW |              |          |          |
| HRDATA_S0[7]                       | IOB              | OUTPUT    | LVCMOS25    | 12       | SLOW |              |          |          |
| HRDATA_S0[8]                       | IOB              | OUTPUT    | LVCMOS25    | 12       | SLOW |              |          |          |
| HRDATA_S0[9]                       | IOB              | OUTPUT    | LVCMOS25    | 12       | SLOW |              |          |          |
| HRDATA_S0[10]                      | IOB              | OUTPUT    | LVCMOS25    | 12       | SLOW |              |          |          |
| HRDATA_S0[11]                      | IOB              | OUTPUT    | LVCMOS25    | 12       | SLOW |              |          |          |
| HRDATA_S0[12]                      | IOB              | OUTPUT    | LVCMOS25    | 12       | SLOW |              |          |          |
| HRDATA_S0[13]                      | IOB              | OUTPUT    | LVCMOS25    | 12       | SLOW |              |          |          |
| HRDATA_S0[14]                      | IOB              | OUTPUT    | LVCMOS25    | 12       | SLOW |              |          |          |
| HRDATA_S0[15]                      | IOB              | OUTPUT    | LVCMOS25    | 12       | SLOW |              |          |          |
| HRDATA_S0[16]                      | IOB              | OUTPUT    | LVCMOS25    | 12       | SLOW |              |          |          |
| HRDATA_S0[17]                      | IOB              | OUTPUT    | LVCMOS25    | 12       | SLOW |              |          |          |
| HRDATA_S0[18]                      | IOB              | OUTPUT    | LVCMOS25    | 12       | SLOW |              |          |          |
| HRDATA_S0[19]                      | IOB              | OUTPUT    | LVCMOS25    | 12       | SLOW |              |          |          |
| HRDATA_S0[20]                      | IOB              | OUTPUT    | LVCMOS25    | 12       | SLOW |              |          |          |
| HRDATA_S0[21]                      | IOB              | OUTPUT    | LVCMOS25    | 12       | SLOW |              |          |          |
| HRDATA_S0[22]                      | IOB              | OUTPUT    | LVCMOS25    | 12       | SLOW |              |          |          |
| HRDATA_S0[23]                      | IOB              | OUTPUT    | LVCMOS25    | 12       | SLOW |              |          |          |
| HRDATA_S0[24]                      | IOB              | OUTPUT    | LVCMOS25    | 12       | SLOW |              |          |          |
| HRDATA_S0[25]                      | IOB              | OUTPUT    | LVCMOS25    | 12       | SLOW |              |          |          |
| HRDATA_S0[26]                      | IOB              | OUTPUT    | LVCMOS25    | 12       | SLOW |              |          |          |
| HRDATA_S0[27]                      | IOB              | OUTPUT    | LVCMOS25    | 12       | SLOW |              |          |          |
| HRDATA_S0[28]                      | IOB              | OUTPUT    | LVCMOS25    | 12       | SLOW |              |          |          |
| HRDATA_S0[29]                      | IOB              | OUTPUT    | LVCMOS25    | 12       | SLOW |              |          |          |
| HRDATA_S0[30]                      | IOB              | OUTPUT    | LVCMOS25    | 12       | SLOW |              |          |          |
| HRDATA_S0[31]                      | IOB              | OUTPUT    | LVCMOS25    | 12       | SLOW |              |          |          |
| HRDATA_S1[0]                       | IOB              | OUTPUT    | LVCMOS25    | 12       | SLOW |              |          |          |
| HRDATA_S1[1]                       | IOB              | OUTPUT    | LVCMOS25    | 12       | SLOW |              |          |          |
| HRDATA_S1[2]                       | IOB              | OUTPUT    | LVCMOS25    | 12       | SLOW |              |          |          |
| HRDATA_S1[3]                       | IOB              | OUTPUT    | LVCMOS25    | 12       | SLOW |              |          |          |
| HRDATA_S1[4]                       | IOB              | OUTPUT    | LVCMOS25    | 12       | SLOW |              |          |          |
| HRDATA_S1[5]                       | IOB              | OUTPUT    | LVCMOS25    | 12       | SLOW |              |          |          |
| HRDATA_S1[6]                       | IOB              | OUTPUT    | LVCMOS25    | 12       | SLOW |              |          |          |
| HRDATA_S1[7]                       | IOB              | OUTPUT    | LVCMOS25    | 12       | SLOW |              |          |          |
| HRDATA_S1[8]                       | IOB              | OUTPUT    | LVCMOS25    | 12       | SLOW |              |          |          |
| HRDATA_S1[9]                       | IOB              | OUTPUT    | LVCMOS25    | 12       | SLOW |              |          |          |
| HRDATA_S1[10]                      | IOB              | OUTPUT    | LVCMOS25    | 12       | SLOW |              |          |          |
| HRDATA_S1[11]                      | IOB              | OUTPUT    | LVCMOS25    | 12       | SLOW |              |          |          |
| HRDATA_S1[12]                      | IOB              | OUTPUT    | LVCMOS25    | 12       | SLOW |              |          |          |
| HRDATA_S1[13]                      | IOB              | OUTPUT    | LVCMOS25    | 12       | SLOW |              |          |          |
| HRDATA_S1[14]                      | IOB              | OUTPUT    | LVCMOS25    | 12       | SLOW |              |          |          |
| HRDATA_S1[15]                      | IOB              | OUTPUT    | LVCMOS25    | 12       | SLOW |              |          |          |
| HRDATA_S1[16]                      | IOB              | OUTPUT    | LVCMOS25    | 12       | SLOW |              |          |          |
| HRDATA_S1[17]                      | IOB              | OUTPUT    | LVCMOS25    | 12       | SLOW |              |          |          |
| HRDATA_S1[18]                      | IOB              | OUTPUT    | LVCMOS25    | 12       | SLOW |              |          |          |
| HRDATA_S1[19]                      | IOB              | OUTPUT    | LVCMOS25    | 12       | SLOW |              |          |          |
| HRDATA_S1[20]                      | IOB              | OUTPUT    | LVCMOS25    | 12       | SLOW |              |          |          |
| HRDATA_S1[21]                      | IOB              | OUTPUT    | LVCMOS25    | 12       | SLOW |              |          |          |
| HRDATA_S1[22]                      | IOB              | OUTPUT    | LVCMOS25    | 12       | SLOW |              |          |          |
| HRDATA_S1[23]                      | IOB              | OUTPUT    | LVCMOS25    | 12       | SLOW |              |          |          |
| HRDATA_S1[24]                      | IOB              | OUTPUT    | LVCMOS25    | 12       | SLOW |              |          |          |
| HRDATA_S1[25]                      | IOB              | OUTPUT    | LVCMOS25    | 12       | SLOW |              |          |          |
| HRDATA_S1[26]                      | IOB              | OUTPUT    | LVCMOS25    | 12       | SLOW |              |          |          |
| HRDATA_S1[27]                      | IOB              | OUTPUT    | LVCMOS25    | 12       | SLOW |              |          |          |
| HRDATA_S1[28]                      | IOB              | OUTPUT    | LVCMOS25    | 12       | SLOW |              |          |          |
| HRDATA_S1[29]                      | IOB              | OUTPUT    | LVCMOS25    | 12       | SLOW |              |          |          |
| HRDATA_S1[30]                      | IOB              | OUTPUT    | LVCMOS25    | 12       | SLOW |              |          |          |
| HRDATA_S1[31]                      | IOB              | OUTPUT    | LVCMOS25    | 12       | SLOW |              |          |          |
| HREADY_IN_M0                       | IOB              | INPUT     | LVCMOS25    |          |      |              |          |          |
| HREADY_OUT_S0                      | IOB              | OUTPUT    | LVCMOS25    | 12       | SLOW |              |          |          |
| HREADY_OUT_S1                      | IOB              | OUTPUT    | LVCMOS25    | 12       | SLOW |              |          |          |
| HRESP_M0[0]                        | IOB              | INPUT     | LVCMOS25    |          |      |              |          |          |
| HRESP_M0[1]                        | IOB              | INPUT     | LVCMOS25    |          |      |              |          |          |
| HRESP_S0[0]                        | IOB              | OUTPUT    | LVCMOS25    | 12       | SLOW |              |          |          |
| HRESP_S0[1]                        | IOB              | OUTPUT    | LVCMOS25    | 12       | SLOW |              |          |          |
| HRESP_S1[0]                        | IOB              | OUTPUT    | LVCMOS25    | 12       | SLOW |              |          |          |
| HRESP_S1[1]                        | IOB              | OUTPUT    | LVCMOS25    | 12       | SLOW |              |          |          |
| HSEL_S0                            | IOB              | INPUT     | LVCMOS25    |          |      |              |          |          |
| HSEL_S1                            | IOB              | INPUT     | LVCMOS25    |          |      |              |          |          |
| HSIZE_M0[0]                        | IOB              | OUTPUT    | LVCMOS25    | 12       | SLOW |              |          |          |
| HSIZE_M0[1]                        | IOB              | OUTPUT    | LVCMOS25    | 12       | SLOW |              |          |          |
| HSIZE_M0[2]                        | IOB              | OUTPUT    | LVCMOS25    | 12       | SLOW |              |          |          |
| HSIZE_S0[0]                        | IOB              | INPUT     | LVCMOS25    |          |      |              |          |          |
| HSIZE_S0[1]                        | IOB              | INPUT     | LVCMOS25    |          |      |              |          |          |
| HSIZE_S0[2]                        | IOB              | INPUT     | LVCMOS25    |          |      |              |          |          |
| HSIZE_S1[0]                        | IOB              | INPUT     | LVCMOS25    |          |      |              |          |          |
| HSIZE_S1[1]                        | IOB              | INPUT     | LVCMOS25    |          |      |              |          |          |
| HSIZE_S1[2]                        | IOB              | INPUT     | LVCMOS25    |          |      |              |          |          |
| HTRANS_M0[0]                       | IOB              | OUTPUT    | LVCMOS25    | 12       | SLOW |              |          |          |
| HTRANS_M0[1]                       | IOB              | OUTPUT    | LVCMOS25    | 12       | SLOW |              |          |          |
| HTRANS_S0[0]                       | IOB              | INPUT     | LVCMOS25    |          |      |              |          |          |
| HTRANS_S0[1]                       | IOB              | INPUT     | LVCMOS25    |          |      |              |          |          |
| HTRANS_S1[0]                       | IOB              | INPUT     | LVCMOS25    |          |      |              |          |          |
| HTRANS_S1[1]                       | IOB              | INPUT     | LVCMOS25    |          |      |              |          |          |
| HWDATA_M0[0]                       | IOB              | OUTPUT    | LVCMOS25    | 12       | SLOW |              |          |          |
| HWDATA_M0[1]                       | IOB              | OUTPUT    | LVCMOS25    | 12       | SLOW |              |          |          |
| HWDATA_M0[2]                       | IOB              | OUTPUT    | LVCMOS25    | 12       | SLOW |              |          |          |
| HWDATA_M0[3]                       | IOB              | OUTPUT    | LVCMOS25    | 12       | SLOW |              |          |          |
| HWDATA_M0[4]                       | IOB              | OUTPUT    | LVCMOS25    | 12       | SLOW |              |          |          |
| HWDATA_M0[5]                       | IOB              | OUTPUT    | LVCMOS25    | 12       | SLOW |              |          |          |
| HWDATA_M0[6]                       | IOB              | OUTPUT    | LVCMOS25    | 12       | SLOW |              |          |          |
| HWDATA_M0[7]                       | IOB              | OUTPUT    | LVCMOS25    | 12       | SLOW |              |          |          |
| HWDATA_M0[8]                       | IOB              | OUTPUT    | LVCMOS25    | 12       | SLOW |              |          |          |
| HWDATA_M0[9]                       | IOB              | OUTPUT    | LVCMOS25    | 12       | SLOW |              |          |          |
| HWDATA_M0[10]                      | IOB              | OUTPUT    | LVCMOS25    | 12       | SLOW |              |          |          |
| HWDATA_M0[11]                      | IOB              | OUTPUT    | LVCMOS25    | 12       | SLOW |              |          |          |
| HWDATA_M0[12]                      | IOB              | OUTPUT    | LVCMOS25    | 12       | SLOW |              |          |          |
| HWDATA_M0[13]                      | IOB              | OUTPUT    | LVCMOS25    | 12       | SLOW |              |          |          |
| HWDATA_M0[14]                      | IOB              | OUTPUT    | LVCMOS25    | 12       | SLOW |              |          |          |
| HWDATA_M0[15]                      | IOB              | OUTPUT    | LVCMOS25    | 12       | SLOW |              |          |          |
| HWDATA_M0[16]                      | IOB              | OUTPUT    | LVCMOS25    | 12       | SLOW |              |          |          |
| HWDATA_M0[17]                      | IOB              | OUTPUT    | LVCMOS25    | 12       | SLOW |              |          |          |
| HWDATA_M0[18]                      | IOB              | OUTPUT    | LVCMOS25    | 12       | SLOW |              |          |          |
| HWDATA_M0[19]                      | IOB              | OUTPUT    | LVCMOS25    | 12       | SLOW |              |          |          |
| HWDATA_M0[20]                      | IOB              | OUTPUT    | LVCMOS25    | 12       | SLOW |              |          |          |
| HWDATA_M0[21]                      | IOB              | OUTPUT    | LVCMOS25    | 12       | SLOW |              |          |          |
| HWDATA_M0[22]                      | IOB              | OUTPUT    | LVCMOS25    | 12       | SLOW |              |          |          |
| HWDATA_M0[23]                      | IOB              | OUTPUT    | LVCMOS25    | 12       | SLOW |              |          |          |
| HWDATA_M0[24]                      | IOB              | OUTPUT    | LVCMOS25    | 12       | SLOW |              |          |          |
| HWDATA_M0[25]                      | IOB              | OUTPUT    | LVCMOS25    | 12       | SLOW |              |          |          |
| HWDATA_M0[26]                      | IOB              | OUTPUT    | LVCMOS25    | 12       | SLOW |              |          |          |
| HWDATA_M0[27]                      | IOB              | OUTPUT    | LVCMOS25    | 12       | SLOW |              |          |          |
| HWDATA_M0[28]                      | IOB              | OUTPUT    | LVCMOS25    | 12       | SLOW |              |          |          |
| HWDATA_M0[29]                      | IOB              | OUTPUT    | LVCMOS25    | 12       | SLOW |              |          |          |
| HWDATA_M0[30]                      | IOB              | OUTPUT    | LVCMOS25    | 12       | SLOW |              |          |          |
| HWDATA_M0[31]                      | IOB              | OUTPUT    | LVCMOS25    | 12       | SLOW |              |          |          |
| HWDATA_S0[0]                       | IOB              | INPUT     | LVCMOS25    |          |      |              |          |          |
| HWDATA_S0[1]                       | IOB              | INPUT     | LVCMOS25    |          |      |              |          |          |
| HWDATA_S0[2]                       | IOB              | INPUT     | LVCMOS25    |          |      |              |          |          |
| HWDATA_S0[3]                       | IOB              | INPUT     | LVCMOS25    |          |      |              |          |          |
| HWDATA_S0[4]                       | IOB              | INPUT     | LVCMOS25    |          |      |              |          |          |
| HWDATA_S0[5]                       | IOB              | INPUT     | LVCMOS25    |          |      |              |          |          |
| HWDATA_S0[6]                       | IOB              | INPUT     | LVCMOS25    |          |      |              |          |          |
| HWDATA_S0[7]                       | IOB              | INPUT     | LVCMOS25    |          |      |              |          |          |
| HWDATA_S0[8]                       | IOB              | INPUT     | LVCMOS25    |          |      |              |          |          |
| HWDATA_S0[9]                       | IOB              | INPUT     | LVCMOS25    |          |      |              |          |          |
| HWDATA_S0[10]                      | IOB              | INPUT     | LVCMOS25    |          |      |              |          |          |
| HWDATA_S0[11]                      | IOB              | INPUT     | LVCMOS25    |          |      |              |          |          |
| HWDATA_S0[12]                      | IOB              | INPUT     | LVCMOS25    |          |      |              |          |          |
| HWDATA_S0[13]                      | IOB              | INPUT     | LVCMOS25    |          |      |              |          |          |
| HWDATA_S0[14]                      | IOB              | INPUT     | LVCMOS25    |          |      |              |          |          |
| HWDATA_S0[15]                      | IOB              | INPUT     | LVCMOS25    |          |      |              |          |          |
| HWDATA_S0[16]                      | IOB              | INPUT     | LVCMOS25    |          |      |              |          |          |
| HWDATA_S0[17]                      | IOB              | INPUT     | LVCMOS25    |          |      |              |          |          |
| HWDATA_S0[18]                      | IOB              | INPUT     | LVCMOS25    |          |      |              |          |          |
| HWDATA_S0[19]                      | IOB              | INPUT     | LVCMOS25    |          |      |              |          |          |
| HWDATA_S0[20]                      | IOB              | INPUT     | LVCMOS25    |          |      |              |          |          |
| HWDATA_S0[21]                      | IOB              | INPUT     | LVCMOS25    |          |      |              |          |          |
| HWDATA_S0[22]                      | IOB              | INPUT     | LVCMOS25    |          |      |              |          |          |
| HWDATA_S0[23]                      | IOB              | INPUT     | LVCMOS25    |          |      |              |          |          |
| HWDATA_S0[24]                      | IOB              | INPUT     | LVCMOS25    |          |      |              |          |          |
| HWDATA_S0[25]                      | IOB              | INPUT     | LVCMOS25    |          |      |              |          |          |
| HWDATA_S0[26]                      | IOB              | INPUT     | LVCMOS25    |          |      |              |          |          |
| HWDATA_S0[27]                      | IOB              | INPUT     | LVCMOS25    |          |      |              |          |          |
| HWDATA_S0[28]                      | IOB              | INPUT     | LVCMOS25    |          |      |              |          |          |
| HWDATA_S0[29]                      | IOB              | INPUT     | LVCMOS25    |          |      |              |          |          |
| HWDATA_S0[30]                      | IOB              | INPUT     | LVCMOS25    |          |      |              |          |          |
| HWDATA_S0[31]                      | IOB              | INPUT     | LVCMOS25    |          |      |              |          |          |
| HWDATA_S1[0]                       | IOB              | INPUT     | LVCMOS25    |          |      |              |          |          |
| HWDATA_S1[1]                       | IOB              | INPUT     | LVCMOS25    |          |      |              |          |          |
| HWDATA_S1[2]                       | IOB              | INPUT     | LVCMOS25    |          |      |              |          |          |
| HWDATA_S1[3]                       | IOB              | INPUT     | LVCMOS25    |          |      |              |          |          |
| HWDATA_S1[4]                       | IOB              | INPUT     | LVCMOS25    |          |      |              |          |          |
| HWDATA_S1[5]                       | IOB              | INPUT     | LVCMOS25    |          |      |              |          |          |
| HWDATA_S1[6]                       | IOB              | INPUT     | LVCMOS25    |          |      |              |          |          |
| HWDATA_S1[7]                       | IOB              | INPUT     | LVCMOS25    |          |      |              |          |          |
| HWDATA_S1[8]                       | IOB              | INPUT     | LVCMOS25    |          |      |              |          |          |
| HWDATA_S1[9]                       | IOB              | INPUT     | LVCMOS25    |          |      |              |          |          |
| HWDATA_S1[10]                      | IOB              | INPUT     | LVCMOS25    |          |      |              |          |          |
| HWDATA_S1[11]                      | IOB              | INPUT     | LVCMOS25    |          |      |              |          |          |
| HWDATA_S1[12]                      | IOB              | INPUT     | LVCMOS25    |          |      |              |          |          |
| HWDATA_S1[13]                      | IOB              | INPUT     | LVCMOS25    |          |      |              |          |          |
| HWDATA_S1[14]                      | IOB              | INPUT     | LVCMOS25    |          |      |              |          |          |
| HWDATA_S1[15]                      | IOB              | INPUT     | LVCMOS25    |          |      |              |          |          |
| HWDATA_S1[16]                      | IOB              | INPUT     | LVCMOS25    |          |      |              |          |          |
| HWDATA_S1[17]                      | IOB              | INPUT     | LVCMOS25    |          |      |              |          |          |
| HWDATA_S1[18]                      | IOB              | INPUT     | LVCMOS25    |          |      |              |          |          |
| HWDATA_S1[19]                      | IOB              | INPUT     | LVCMOS25    |          |      |              |          |          |
| HWDATA_S1[20]                      | IOB              | INPUT     | LVCMOS25    |          |      |              |          |          |
| HWDATA_S1[21]                      | IOB              | INPUT     | LVCMOS25    |          |      |              |          |          |
| HWDATA_S1[22]                      | IOB              | INPUT     | LVCMOS25    |          |      |              |          |          |
| HWDATA_S1[23]                      | IOB              | INPUT     | LVCMOS25    |          |      |              |          |          |
| HWDATA_S1[24]                      | IOB              | INPUT     | LVCMOS25    |          |      |              |          |          |
| HWDATA_S1[25]                      | IOB              | INPUT     | LVCMOS25    |          |      |              |          |          |
| HWDATA_S1[26]                      | IOB              | INPUT     | LVCMOS25    |          |      |              |          |          |
| HWDATA_S1[27]                      | IOB              | INPUT     | LVCMOS25    |          |      |              |          |          |
| HWDATA_S1[28]                      | IOB              | INPUT     | LVCMOS25    |          |      |              |          |          |
| HWDATA_S1[29]                      | IOB              | INPUT     | LVCMOS25    |          |      |              |          |          |
| HWDATA_S1[30]                      | IOB              | INPUT     | LVCMOS25    |          |      |              |          |          |
| HWDATA_S1[31]                      | IOB              | INPUT     | LVCMOS25    |          |      |              |          |          |
| HWRITE_M0                          | IOB              | OUTPUT    | LVCMOS25    | 12       | SLOW |              |          |          |
| HWRITE_S0                          | IOB              | INPUT     | LVCMOS25    |          |      |              |          |          |
| HWRITE_S1                          | IOB              | INPUT     | LVCMOS25    |          |      |              |          |          |
| MacIntSrc[0]                       | IOB              | OUTPUT    | LVCMOS25    | 12       | SLOW |              |          |          |
| MacIntSrc[1]                       | IOB              | OUTPUT    | LVCMOS25    | 12       | SLOW |              |          |          |
| SevenSegComm[0]                    | IOB              | OUTPUT    | LVCMOS25    | 12       | SLOW |              |          |          |
| SevenSegComm[1]                    | IOB              | OUTPUT    | LVCMOS25    | 12       | SLOW |              |          |          |
| SevenSegComm[2]                    | IOB              | OUTPUT    | LVCMOS25    | 12       | SLOW |              |          |          |
| SevenSegComm[3]                    | IOB              | OUTPUT    | LVCMOS25    | 12       | SLOW |              |          |          |
| SevenSegComm_FPGA0[0]              | IOB              | INPUT     | LVCMOS25    |          |      |              |          |          |
| SevenSegComm_FPGA0[1]              | IOB              | INPUT     | LVCMOS25    |          |      |              |          |          |
| SevenSegComm_FPGA0[2]              | IOB              | INPUT     | LVCMOS25    |          |      |              |          |          |
| SevenSegComm_FPGA0[3]              | IOB              | INPUT     | LVCMOS25    |          |      |              |          |          |
| SevenSegCtrl[0]                    | IOB              | OUTPUT    | LVCMOS25    | 12       | SLOW |              |          |          |
| SevenSegCtrl[1]                    | IOB              | OUTPUT    | LVCMOS25    | 12       | SLOW |              |          |          |
| SevenSegCtrl[2]                    | IOB              | OUTPUT    | LVCMOS25    | 12       | SLOW |              |          |          |
| SevenSegCtrl[3]                    | IOB              | OUTPUT    | LVCMOS25    | 12       | SLOW |              |          |          |
| SevenSegCtrl[4]                    | IOB              | OUTPUT    | LVCMOS25    | 12       | SLOW |              |          |          |
| SevenSegCtrl[5]                    | IOB              | OUTPUT    | LVCMOS25    | 12       | SLOW |              |          |          |
| SevenSegCtrl[6]                    | IOB              | OUTPUT    | LVCMOS25    | 12       | SLOW |              |          |          |
| SevenSegCtrl[7]                    | IOB              | OUTPUT    | LVCMOS25    | 12       | SLOW |              |          |          |
| SevenSegCtrl_FPGA0[0]              | IOB              | INPUT     | LVCMOS25    |          |      |              |          |          |
| SevenSegCtrl_FPGA0[1]              | IOB              | INPUT     | LVCMOS25    |          |      |              |          |          |
| SevenSegCtrl_FPGA0[2]              | IOB              | INPUT     | LVCMOS25    |          |      |              |          |          |
| SevenSegCtrl_FPGA0[3]              | IOB              | INPUT     | LVCMOS25    |          |      |              |          |          |
| SevenSegCtrl_FPGA0[4]              | IOB              | INPUT     | LVCMOS25    |          |      |              |          |          |
| SevenSegCtrl_FPGA0[5]              | IOB              | INPUT     | LVCMOS25    |          |      |              |          |          |
| SevenSegCtrl_FPGA0[6]              | IOB              | INPUT     | LVCMOS25    |          |      |              |          |          |
| SevenSegCtrl_FPGA0[7]              | IOB              | INPUT     | LVCMOS25    |          |      |              |          |          |
| UART_RXD0                          | IOB              | INPUT     | LVCMOS25    |          |      |              |          |          |
| UART_RXD1                          | IOB              | INPUT     | LVCMOS25    |          |      |              |          |          |
| UART_RXD0_F0                       | IOB              | OUTPUT    | LVCMOS25    | 12       | SLOW |              |          |          |
| UART_RXD1_F0                       | IOB              | OUTPUT    | LVCMOS25    | 12       | SLOW |              |          |          |
| UART_TXD0                          | IOB              | OUTPUT    | LVCMOS25    | 12       | SLOW |              |          |          |
| UART_TXD1                          | IOB              | OUTPUT    | LVCMOS25    | 12       | SLOW |              |          |          |
| UART_TXD0_F0                       | IOB              | INPUT     | LVCMOS25    |          |      |              |          |          |
| UART_TXD1_F0                       | IOB              | INPUT     | LVCMOS25    |          |      |              |          |          |
| nRESET                             | IOB              | INPUT     | LVCMOS25    |          |      |              |          |          |
+----------------------------------------------------------------------------------------------------------------------------------------+

Section 7 - RPMs
----------------

Section 8 - Guide Report
------------------------
Guide not run on this design.

Section 9 - Area Group Summary
------------------------------
No area groups were found in this design.

Section 10 - Modular Design Summary
-----------------------------------
Modular Design not used for this design.

Section 11 - Timing Report
--------------------------
This design was not run using timing mode.

Section 12 - Configuration String Details
--------------------------
Use the "-detail" map option to print out Configuration Strings

Section 13 - Additional Device Resource Counts
----------------------------------------------
Number of JTAG Gates for IOBs = 377
Number of Equivalent Gates for Design = 28,511
Number of RPM Macros = 0
Number of Hard Macros = 0
PMV = 0
USR_ACCESS_VIRTEX4 = 0
BUFIO = 0
GT11CLK = 0
GT11 = 0
IDELAYCTRL = 0
FRAME_ECC_VIRTEX4 = 0
STARTUP_VIRTEX4 = 0
JTAGPPC = 0
ICAP_VIRTEX4 = 0
DPM = 0
DCI_TEST = 0
DCIRESET = 0
CAPTURE_VIRTEX4 = 0
BSCAN_VIRTEX4 = 2
OSERDES = 0
ISERDES = 0
BUFR = 0
EMAC = 0
PPC405_ADV = 0
MONITOR = 0
PMCD = 0
DCM_ADV = 1
DSP48 = 0
Unbonded IOBs = 0
Bonded IOBs = 377
XORs = 107
CARRY_INITs = 131
CARRY_SKIPs = 0
CARRY_MUXes = 242
Shift Registers = 181
Static Shift Registers = 1
Dynamic Shift Registers = 180
16x1 ROMs = 0
16x1 RAMs = 0
32x1 RAMs = 0
Dual Port RAMs = 0
MUXFs = 1
MULT_ANDs = 0
4 input LUTs used as Route-Thrus = 48
4 input LUTs = 569
Slice Latches not driven by LUTs = 0
Slice Latches = 0
Slice Flip Flops not driven by LUTs = 1259
Slice Flip Flops = 1559
SliceMs = 188
SliceLs = 1111
Slices = 1299
F6 Muxes = 0
F5 Muxes = 1
F8 Muxes = 0
F7 Muxes = 0
Number of LUT signals with 4 loads = 4
Number of LUT signals with 3 loads = 4
Number of LUT signals with 2 loads = 35
Number of LUT signals with 1 load = 466
NGM Average fanout of LUT = 3.64
NGM Maximum fanout of LUT = 379
NGM Average fanin for LUT = 3.3181
Number of LUT symbols = 569
