****************************************
Report : analysis_coverage
	-status_details {untested }
	-sort_by slack
Design : rc8051RtlTop
Version: V-2004.06-SP1-2
Date   : Mon Jul  4 10:18:52 2005
****************************************

Type of Check         Total              Met         Violated         Untested
--------------------------------------------------------------------------------
setup                  1992       551 ( 28%)         0 (  0%)      1441 ( 72%)
hold                   1992       551 ( 28%)         0 (  0%)      1441 ( 72%)
recovery                512         0 (  0%)         0 (  0%)       512 (100%)
removal                 512         0 (  0%)         0 (  0%)       512 (100%)
min_period                1         1 (100%)         0 (  0%)         0 (  0%)
min_pulse_width        1941      1100 ( 57%)         0 (  0%)       841 ( 43%)
out_setup                56        56 (100%)         0 (  0%)         0 (  0%)
out_hold                 56        56 (100%)         0 (  0%)         0 (  0%)
--------------------------------------------------------------------------------
All Checks             7062      2315 ( 33%)         0 (  0%)      4747 ( 67%)


Constrained                            Related   Check
Pin                                    Pin       Type         Slack  Reason
--------------------------------------------------------------------------------
U3_cpu/U0_con/en_itcnt_reg/D           G(fall)   setup     untested  no_endpoint_clock
U3_cpu/U0_con/en_itcnt_reg/D           G(fall)   hold      untested  no_endpoint_clock
U3_cpu/U0_con/en_itcnt_reg/G(high)               min_pulse_width
                                                           untested  no_clock
U3_cpu/U0_con/extend_mux_reg/RN(rise)  CK(rise)  recovery  untested  false_paths
U3_cpu/U0_con/extend_mux_reg/RN(rise)  CK(rise)  removal   untested  false_paths
U3_cpu/U0_con/extend_mux_reg/RN(low)             min_pulse_width
                                                           untested  no_clock
U3_cpu/U0_con/extend_mux_reg/SE        CK(rise)  setup     untested  constant_disabled
U3_cpu/U0_con/extend_mux_reg/SE        CK(rise)  hold      untested  constant_disabled
U3_cpu/U0_con/extend_mux_reg/SI        CK(rise)  setup     untested  constant_disabled
U3_cpu/U0_con/extend_mux_reg/SI        CK(rise)  hold      untested  constant_disabled
U3_cpu/U0_con/extend_rd_reg/RN(rise)   CK(rise)  recovery  untested  false_paths
U3_cpu/U0_con/extend_rd_reg/RN(rise)   CK(rise)  removal   untested  false_paths
U3_cpu/U0_con/extend_rd_reg/RN(low)              min_pulse_width
                                                           untested  no_clock
U3_cpu/U0_con/extend_rd_reg/SE         CK(rise)  setup     untested  constant_disabled
U3_cpu/U0_con/extend_rd_reg/SE         CK(rise)  hold      untested  constant_disabled
U3_cpu/U0_con/extend_rd_reg/SI         CK(rise)  setup     untested  constant_disabled
U3_cpu/U0_con/extend_rd_reg/SI         CK(rise)  hold      untested  constant_disabled
U3_cpu/U0_con/extend_wr_reg/RN(rise)   CK(rise)  removal   untested  false_paths
U3_cpu/U0_con/extend_wr_reg/RN(rise)   CK(rise)  recovery  untested  false_paths
U3_cpu/U0_con/extend_wr_reg/RN(low)              min_pulse_width
                                                           untested  no_clock
U3_cpu/U0_con/extend_wr_reg/SE         CK(rise)  setup     untested  constant_disabled
U3_cpu/U0_con/extend_wr_reg/SE         CK(rise)  hold      untested  constant_disabled
U3_cpu/U0_con/extend_wr_reg/SI         CK(rise)  setup     untested  constant_disabled
U3_cpu/U0_con/extend_wr_reg/SI         CK(rise)  hold      untested  constant_disabled
U3_cpu/U0_con/extend_wr_reg/SN(rise)   CK(rise)  setup     untested  constant_disabled
U3_cpu/U0_con/extend_wr_reg/SN(rise)   CK(rise)  hold      untested  constant_disabled
U3_cpu/U0_con/extend_wr_reg/SN(low)              min_pulse_width
                                                           untested  constant_disabled
U3_cpu/U0_con/itcnt_reg_0_/RN(rise)    CK(rise)  removal   untested  false_paths
U3_cpu/U0_con/itcnt_reg_0_/RN(rise)    CK(rise)  recovery  untested  false_paths
U3_cpu/U0_con/itcnt_reg_0_/RN(low)               min_pulse_width
                                                           untested  no_clock
U3_cpu/U0_con/itcnt_reg_0_/SE          CK(rise)  setup     untested  constant_disabled
U3_cpu/U0_con/itcnt_reg_0_/SE          CK(rise)  hold      untested  constant_disabled
U3_cpu/U0_con/itcnt_reg_0_/SI          CK(rise)  setup     untested  constant_disabled
U3_cpu/U0_con/itcnt_reg_0_/SI          CK(rise)  hold      untested  constant_disabled
U3_cpu/U0_con/itcnt_reg_0_/SN(rise)    CK(rise)  setup     untested  constant_disabled
U3_cpu/U0_con/itcnt_reg_0_/SN(rise)    CK(rise)  hold      untested  constant_disabled
U3_cpu/U0_con/itcnt_reg_0_/SN(low)               min_pulse_width
                                                           untested  constant_disabled
U3_cpu/U0_con/itcnt_reg_1_/RN(rise)    CK(rise)  recovery  untested  false_paths
U3_cpu/U0_con/itcnt_reg_1_/RN(rise)    CK(rise)  removal   untested  false_paths
U3_cpu/U0_con/itcnt_reg_1_/RN(low)               min_pulse_width
                                                           untested  no_clock
U3_cpu/U0_con/itcnt_reg_1_/SE          CK(rise)  setup     untested  constant_disabled
U3_cpu/U0_con/itcnt_reg_1_/SE          CK(rise)  hold      untested  constant_disabled
U3_cpu/U0_con/itcnt_reg_1_/SI          CK(rise)  setup     untested  constant_disabled
U3_cpu/U0_con/itcnt_reg_1_/SI          CK(rise)  hold      untested  constant_disabled
U3_cpu/U0_con/itcnt_reg_2_/RN(rise)    CK(rise)  removal   untested  false_paths
U3_cpu/U0_con/itcnt_reg_2_/RN(rise)    CK(rise)  recovery  untested  false_paths
U3_cpu/U0_con/itcnt_reg_2_/RN(low)               min_pulse_width
                                                           untested  no_clock
U3_cpu/U0_con/itcnt_reg_2_/SE          CK(rise)  setup     untested  constant_disabled
U3_cpu/U0_con/itcnt_reg_2_/SE          CK(rise)  hold      untested  constant_disabled
U3_cpu/U0_con/itcnt_reg_2_/SI          CK(rise)  setup     untested  constant_disabled
U3_cpu/U0_con/itcnt_reg_2_/SI          CK(rise)  hold      untested  constant_disabled
U3_cpu/U0_con/itcnt_reg_2_/SN(rise)    CK(rise)  setup     untested  constant_disabled
U3_cpu/U0_con/itcnt_reg_2_/SN(rise)    CK(rise)  hold      untested  constant_disabled
U3_cpu/U0_con/itcnt_reg_2_/SN(low)               min_pulse_width
                                                           untested  constant_disabled
U3_cpu/U0_con/one_shot_en_int/d_del_reg/SE
                                       CK(rise)  setup     untested  constant_disabled
U3_cpu/U0_con/one_shot_en_int/d_del_reg/SE
                                       CK(rise)  hold      untested  constant_disabled
U3_cpu/U0_con/one_shot_en_int/d_del_reg/SI
                                       CK(rise)  setup     untested  constant_disabled
U3_cpu/U0_con/one_shot_en_int/d_del_reg/SI
                                       CK(rise)  hold      untested  constant_disabled
U3_cpu/U0_con/one_shot_en_int/d_del_reg/SN(rise)
                                       CK(rise)  recovery  untested  false_paths
U3_cpu/U0_con/one_shot_en_int/d_del_reg/SN(rise)
                                       CK(rise)  removal   untested  false_paths
U3_cpu/U0_con/one_shot_en_int/d_del_reg/SN(low)  min_pulse_width
                                                           untested  no_clock
U3_cpu/U0_con/t_2_reg_0_/RN(rise)      CK(rise)  removal   untested  false_paths
U3_cpu/U0_con/t_2_reg_0_/RN(rise)      CK(rise)  recovery  untested  false_paths
U3_cpu/U0_con/t_2_reg_0_/RN(low)                 min_pulse_width
                                                           untested  no_clock
U3_cpu/U0_con/t_2_reg_0_/SE            CK(rise)  setup     untested  constant_disabled
U3_cpu/U0_con/t_2_reg_0_/SE            CK(rise)  hold      untested  constant_disabled
U3_cpu/U0_con/t_2_reg_0_/SI            CK(rise)  setup     untested  constant_disabled
U3_cpu/U0_con/t_2_reg_0_/SI            CK(rise)  hold      untested  constant_disabled
U3_cpu/U0_con/t_2_reg_0_/SN(rise)      CK(rise)  setup     untested  constant_disabled
U3_cpu/U0_con/t_2_reg_0_/SN(rise)      CK(rise)  hold      untested  constant_disabled
U3_cpu/U0_con/t_2_reg_0_/SN(low)                 min_pulse_width
                                                           untested  constant_disabled
U3_cpu/U0_con/t_2_reg_1_/RN(rise)      CK(rise)  removal   untested  false_paths
U3_cpu/U0_con/t_2_reg_1_/RN(rise)      CK(rise)  recovery  untested  false_paths
U3_cpu/U0_con/t_2_reg_1_/RN(low)                 min_pulse_width
                                                           untested  no_clock
U3_cpu/U0_con/t_2_reg_1_/SE            CK(rise)  setup     untested  constant_disabled
U3_cpu/U0_con/t_2_reg_1_/SE            CK(rise)  hold      untested  constant_disabled
U3_cpu/U0_con/t_2_reg_1_/SI            CK(rise)  setup     untested  constant_disabled
U3_cpu/U0_con/t_2_reg_1_/SI            CK(rise)  hold      untested  constant_disabled
U3_cpu/U0_con/t_2_reg_1_/SN(rise)      CK(rise)  setup     untested  constant_disabled
U3_cpu/U0_con/t_2_reg_1_/SN(rise)      CK(rise)  hold      untested  constant_disabled
U3_cpu/U0_con/t_2_reg_1_/SN(low)                 min_pulse_width
                                                           untested  constant_disabled
U3_cpu/U0_con/t_2_reg_2_/RN(rise)      CK(rise)  removal   untested  false_paths
U3_cpu/U0_con/t_2_reg_2_/RN(rise)      CK(rise)  recovery  untested  false_paths
U3_cpu/U0_con/t_2_reg_2_/RN(low)                 min_pulse_width
                                                           untested  no_clock
U3_cpu/U0_con/t_2_reg_2_/SE            CK(rise)  setup     untested  constant_disabled
U3_cpu/U0_con/t_2_reg_2_/SE            CK(rise)  hold      untested  constant_disabled
U3_cpu/U0_con/t_2_reg_2_/SI            CK(rise)  setup     untested  constant_disabled
U3_cpu/U0_con/t_2_reg_2_/SI            CK(rise)  hold      untested  constant_disabled
U3_cpu/U0_con/t_2_reg_2_/SN(rise)      CK(rise)  setup     untested  constant_disabled
U3_cpu/U0_con/t_2_reg_2_/SN(rise)      CK(rise)  hold      untested  constant_disabled
U3_cpu/U0_con/t_2_reg_2_/SN(low)                 min_pulse_width
                                                           untested  constant_disabled
U3_cpu/U0_con/t_2_reg_3_/RN(rise)      CK(rise)  removal   untested  false_paths
U3_cpu/U0_con/t_2_reg_3_/RN(rise)      CK(rise)  recovery  untested  false_paths
U3_cpu/U0_con/t_2_reg_3_/RN(low)                 min_pulse_width
                                                           untested  no_clock
U3_cpu/U0_con/t_2_reg_3_/SE            CK(rise)  setup     untested  constant_disabled
U3_cpu/U0_con/t_2_reg_3_/SE            CK(rise)  hold      untested  constant_disabled
U3_cpu/U0_con/t_2_reg_3_/SI            CK(rise)  setup     untested  constant_disabled
U3_cpu/U0_con/t_2_reg_3_/SI            CK(rise)  hold      untested  constant_disabled
U3_cpu/U0_con/t_2_reg_3_/SN(rise)      CK(rise)  setup     untested  constant_disabled
U3_cpu/U0_con/t_2_reg_3_/SN(rise)      CK(rise)  hold      untested  constant_disabled
U3_cpu/U0_con/t_2_reg_3_/SN(low)                 min_pulse_width
                                                           untested  constant_disabled
U3_cpu/U0_con/timing_cnt_reg_0_/RN(rise)
                                       CK(rise)  removal   untested  false_paths
U3_cpu/U0_con/timing_cnt_reg_0_/RN(rise)
                                       CK(rise)  recovery  untested  false_paths
U3_cpu/U0_con/timing_cnt_reg_0_/RN(low)          min_pulse_width
                                                           untested  no_clock
U3_cpu/U0_con/timing_cnt_reg_0_/SE     CK(rise)  setup     untested  constant_disabled
U3_cpu/U0_con/timing_cnt_reg_0_/SE     CK(rise)  hold      untested  constant_disabled
U3_cpu/U0_con/timing_cnt_reg_0_/SI     CK(rise)  setup     untested  constant_disabled
U3_cpu/U0_con/timing_cnt_reg_0_/SI     CK(rise)  hold      untested  constant_disabled
U3_cpu/U0_con/timing_cnt_reg_0_/SN(rise)
                                       CK(rise)  setup     untested  constant_disabled
U3_cpu/U0_con/timing_cnt_reg_0_/SN(rise)
                                       CK(rise)  hold      untested  constant_disabled
U3_cpu/U0_con/timing_cnt_reg_0_/SN(low)          min_pulse_width
                                                           untested  constant_disabled
U3_cpu/U0_con/timing_cnt_reg_1_/RN(rise)
                                       CK(rise)  removal   untested  false_paths
U3_cpu/U0_con/timing_cnt_reg_1_/RN(rise)
                                       CK(rise)  recovery  untested  false_paths
U3_cpu/U0_con/timing_cnt_reg_1_/RN(low)          min_pulse_width
                                                           untested  no_clock
U3_cpu/U0_con/timing_cnt_reg_1_/SE     CK(rise)  setup     untested  constant_disabled
U3_cpu/U0_con/timing_cnt_reg_1_/SE     CK(rise)  hold      untested  constant_disabled
U3_cpu/U0_con/timing_cnt_reg_1_/SI     CK(rise)  setup     untested  constant_disabled
U3_cpu/U0_con/timing_cnt_reg_1_/SI     CK(rise)  hold      untested  constant_disabled
U3_cpu/U0_con/timing_cnt_reg_1_/SN(rise)
                                       CK(rise)  setup     untested  constant_disabled
U3_cpu/U0_con/timing_cnt_reg_1_/SN(rise)
                                       CK(rise)  hold      untested  constant_disabled
U3_cpu/U0_con/timing_cnt_reg_1_/SN(low)          min_pulse_width
                                                           untested  constant_disabled
U3_cpu/U0_con/timing_cnt_reg_2_/RN(rise)
                                       CK(rise)  removal   untested  false_paths
U3_cpu/U0_con/timing_cnt_reg_2_/RN(rise)
                                       CK(rise)  recovery  untested  false_paths
U3_cpu/U0_con/timing_cnt_reg_2_/RN(low)          min_pulse_width
                                                           untested  no_clock
U3_cpu/U0_con/timing_cnt_reg_2_/SE     CK(rise)  setup     untested  constant_disabled
U3_cpu/U0_con/timing_cnt_reg_2_/SE     CK(rise)  hold      untested  constant_disabled
U3_cpu/U0_con/timing_cnt_reg_2_/SI     CK(rise)  setup     untested  constant_disabled
U3_cpu/U0_con/timing_cnt_reg_2_/SI     CK(rise)  hold      untested  constant_disabled
U3_cpu/U0_con/timing_cnt_reg_2_/SN(rise)
                                       CK(rise)  setup     untested  constant_disabled
U3_cpu/U0_con/timing_cnt_reg_2_/SN(rise)
                                       CK(rise)  hold      untested  constant_disabled
U3_cpu/U0_con/timing_cnt_reg_2_/SN(low)          min_pulse_width
                                                           untested  constant_disabled
U3_cpu/U0_con/timing_cnt_reg_3_/RN(rise)
                                       CK(rise)  recovery  untested  false_paths
U3_cpu/U0_con/timing_cnt_reg_3_/RN(rise)
                                       CK(rise)  removal   untested  false_paths
U3_cpu/U0_con/timing_cnt_reg_3_/RN(low)          min_pulse_width
                                                           untested  no_clock
U3_cpu/U0_con/timing_cnt_reg_3_/SE     CK(rise)  setup     untested  constant_disabled
U3_cpu/U0_con/timing_cnt_reg_3_/SE     CK(rise)  hold      untested  constant_disabled
U3_cpu/U0_con/timing_cnt_reg_3_/SI     CK(rise)  setup     untested  constant_disabled
U3_cpu/U0_con/timing_cnt_reg_3_/SI     CK(rise)  hold      untested  constant_disabled
U3_cpu/U1_datapath/U0_pc/out_pc_r_reg_0_/RN(rise)
                                       CK(rise)  recovery  untested  false_paths
U3_cpu/U1_datapath/U0_pc/out_pc_r_reg_0_/RN(rise)
                                       CK(rise)  removal   untested  false_paths
U3_cpu/U1_datapath/U0_pc/out_pc_r_reg_0_/RN(low) min_pulse_width
                                                           untested  no_clock
U3_cpu/U1_datapath/U0_pc/out_pc_r_reg_0_/SE
                                       CK(rise)  setup     untested  constant_disabled
U3_cpu/U1_datapath/U0_pc/out_pc_r_reg_0_/SE
                                       CK(rise)  hold      untested  constant_disabled
U3_cpu/U1_datapath/U0_pc/out_pc_r_reg_0_/SI
                                       CK(rise)  setup     untested  constant_disabled
U3_cpu/U1_datapath/U0_pc/out_pc_r_reg_0_/SI
                                       CK(rise)  hold      untested  constant_disabled
U3_cpu/U1_datapath/U0_pc/out_pc_r_reg_10_/RN(rise)
                                       CK(rise)  recovery  untested  false_paths
U3_cpu/U1_datapath/U0_pc/out_pc_r_reg_10_/RN(rise)
                                       CK(rise)  removal   untested  false_paths
U3_cpu/U1_datapath/U0_pc/out_pc_r_reg_10_/RN(low)
                                                 min_pulse_width
                                                           untested  no_clock
U3_cpu/U1_datapath/U0_pc/out_pc_r_reg_10_/SE
                                       CK(rise)  setup     untested  constant_disabled
U3_cpu/U1_datapath/U0_pc/out_pc_r_reg_10_/SE
                                       CK(rise)  hold      untested  constant_disabled
U3_cpu/U1_datapath/U0_pc/out_pc_r_reg_10_/SI
                                       CK(rise)  setup     untested  constant_disabled
U3_cpu/U1_datapath/U0_pc/out_pc_r_reg_10_/SI
                                       CK(rise)  hold      untested  constant_disabled
U3_cpu/U1_datapath/U0_pc/out_pc_r_reg_11_/RN(rise)
                                       CK(rise)  recovery  untested  false_paths
U3_cpu/U1_datapath/U0_pc/out_pc_r_reg_11_/RN(rise)
                                       CK(rise)  removal   untested  false_paths
U3_cpu/U1_datapath/U0_pc/out_pc_r_reg_11_/RN(low)
                                                 min_pulse_width
                                                           untested  no_clock
U3_cpu/U1_datapath/U0_pc/out_pc_r_reg_11_/SE
                                       CK(rise)  setup     untested  constant_disabled
U3_cpu/U1_datapath/U0_pc/out_pc_r_reg_11_/SE
                                       CK(rise)  hold      untested  constant_disabled
U3_cpu/U1_datapath/U0_pc/out_pc_r_reg_11_/SI
                                       CK(rise)  setup     untested  constant_disabled
U3_cpu/U1_datapath/U0_pc/out_pc_r_reg_11_/SI
                                       CK(rise)  hold      untested  constant_disabled
U3_cpu/U1_datapath/U0_pc/out_pc_r_reg_12_/RN(rise)
                                       CK(rise)  recovery  untested  false_paths
U3_cpu/U1_datapath/U0_pc/out_pc_r_reg_12_/RN(rise)
                                       CK(rise)  removal   untested  false_paths
U3_cpu/U1_datapath/U0_pc/out_pc_r_reg_12_/RN(low)
                                                 min_pulse_width
                                                           untested  no_clock
U3_cpu/U1_datapath/U0_pc/out_pc_r_reg_12_/SE
                                       CK(rise)  setup     untested  constant_disabled
U3_cpu/U1_datapath/U0_pc/out_pc_r_reg_12_/SE
                                       CK(rise)  hold      untested  constant_disabled
U3_cpu/U1_datapath/U0_pc/out_pc_r_reg_12_/SI
                                       CK(rise)  setup     untested  constant_disabled
U3_cpu/U1_datapath/U0_pc/out_pc_r_reg_12_/SI
                                       CK(rise)  hold      untested  constant_disabled
U3_cpu/U1_datapath/U0_pc/out_pc_r_reg_13_/RN(rise)
                                       CK(rise)  recovery  untested  false_paths
U3_cpu/U1_datapath/U0_pc/out_pc_r_reg_13_/RN(rise)
                                       CK(rise)  removal   untested  false_paths
U3_cpu/U1_datapath/U0_pc/out_pc_r_reg_13_/RN(low)
                                                 min_pulse_width
                                                           untested  no_clock
U3_cpu/U1_datapath/U0_pc/out_pc_r_reg_13_/SE
                                       CK(rise)  setup     untested  constant_disabled
U3_cpu/U1_datapath/U0_pc/out_pc_r_reg_13_/SE
                                       CK(rise)  hold      untested  constant_disabled
U3_cpu/U1_datapath/U0_pc/out_pc_r_reg_13_/SI
                                       CK(rise)  setup     untested  constant_disabled
U3_cpu/U1_datapath/U0_pc/out_pc_r_reg_13_/SI
                                       CK(rise)  hold      untested  constant_disabled
U3_cpu/U1_datapath/U0_pc/out_pc_r_reg_14_/RN(rise)
                                       CK(rise)  recovery  untested  false_paths
U3_cpu/U1_datapath/U0_pc/out_pc_r_reg_14_/RN(rise)
                                       CK(rise)  removal   untested  false_paths
U3_cpu/U1_datapath/U0_pc/out_pc_r_reg_14_/RN(low)
                                                 min_pulse_width
                                                           untested  no_clock
U3_cpu/U1_datapath/U0_pc/out_pc_r_reg_14_/SE
                                       CK(rise)  setup     untested  constant_disabled
U3_cpu/U1_datapath/U0_pc/out_pc_r_reg_14_/SE
                                       CK(rise)  hold      untested  constant_disabled
U3_cpu/U1_datapath/U0_pc/out_pc_r_reg_14_/SI
                                       CK(rise)  setup     untested  constant_disabled
U3_cpu/U1_datapath/U0_pc/out_pc_r_reg_14_/SI
                                       CK(rise)  hold      untested  constant_disabled
U3_cpu/U1_datapath/U0_pc/out_pc_r_reg_15_/RN(rise)
                                       CK(rise)  recovery  untested  false_paths
U3_cpu/U1_datapath/U0_pc/out_pc_r_reg_15_/RN(rise)
                                       CK(rise)  removal   untested  false_paths
U3_cpu/U1_datapath/U0_pc/out_pc_r_reg_15_/RN(low)
                                                 min_pulse_width
                                                           untested  no_clock
U3_cpu/U1_datapath/U0_pc/out_pc_r_reg_15_/SE
                                       CK(rise)  setup     untested  constant_disabled
U3_cpu/U1_datapath/U0_pc/out_pc_r_reg_15_/SE
                                       CK(rise)  hold      untested  constant_disabled
U3_cpu/U1_datapath/U0_pc/out_pc_r_reg_15_/SI
                                       CK(rise)  setup     untested  constant_disabled
U3_cpu/U1_datapath/U0_pc/out_pc_r_reg_15_/SI
                                       CK(rise)  hold      untested  constant_disabled
U3_cpu/U1_datapath/U0_pc/out_pc_r_reg_1_/RN(rise)
                                       CK(rise)  recovery  untested  false_paths
U3_cpu/U1_datapath/U0_pc/out_pc_r_reg_1_/RN(rise)
                                       CK(rise)  removal   untested  false_paths
U3_cpu/U1_datapath/U0_pc/out_pc_r_reg_1_/RN(low) min_pulse_width
                                                           untested  no_clock
U3_cpu/U1_datapath/U0_pc/out_pc_r_reg_1_/SE
                                       CK(rise)  setup     untested  constant_disabled
U3_cpu/U1_datapath/U0_pc/out_pc_r_reg_1_/SE
                                       CK(rise)  hold      untested  constant_disabled
U3_cpu/U1_datapath/U0_pc/out_pc_r_reg_1_/SI
                                       CK(rise)  setup     untested  constant_disabled
U3_cpu/U1_datapath/U0_pc/out_pc_r_reg_1_/SI
                                       CK(rise)  hold      untested  constant_disabled
U3_cpu/U1_datapath/U0_pc/out_pc_r_reg_2_/RN(rise)
                                       CK(rise)  recovery  untested  false_paths
U3_cpu/U1_datapath/U0_pc/out_pc_r_reg_2_/RN(rise)
                                       CK(rise)  removal   untested  false_paths
U3_cpu/U1_datapath/U0_pc/out_pc_r_reg_2_/RN(low) min_pulse_width
                                                           untested  no_clock
U3_cpu/U1_datapath/U0_pc/out_pc_r_reg_2_/SE
                                       CK(rise)  setup     untested  constant_disabled
U3_cpu/U1_datapath/U0_pc/out_pc_r_reg_2_/SE
                                       CK(rise)  hold      untested  constant_disabled
U3_cpu/U1_datapath/U0_pc/out_pc_r_reg_2_/SI
                                       CK(rise)  setup     untested  constant_disabled
U3_cpu/U1_datapath/U0_pc/out_pc_r_reg_2_/SI
                                       CK(rise)  hold      untested  constant_disabled
U3_cpu/U1_datapath/U0_pc/out_pc_r_reg_3_/RN(rise)
                                       CK(rise)  recovery  untested  false_paths
U3_cpu/U1_datapath/U0_pc/out_pc_r_reg_3_/RN(rise)
                                       CK(rise)  removal   untested  false_paths
U3_cpu/U1_datapath/U0_pc/out_pc_r_reg_3_/RN(low) min_pulse_width
                                                           untested  no_clock
U3_cpu/U1_datapath/U0_pc/out_pc_r_reg_3_/SE
                                       CK(rise)  setup     untested  constant_disabled
U3_cpu/U1_datapath/U0_pc/out_pc_r_reg_3_/SE
                                       CK(rise)  hold      untested  constant_disabled
U3_cpu/U1_datapath/U0_pc/out_pc_r_reg_3_/SI
                                       CK(rise)  setup     untested  constant_disabled
U3_cpu/U1_datapath/U0_pc/out_pc_r_reg_3_/SI
                                       CK(rise)  hold      untested  constant_disabled
U3_cpu/U1_datapath/U0_pc/out_pc_r_reg_4_/RN(rise)
                                       CK(rise)  recovery  untested  false_paths
U3_cpu/U1_datapath/U0_pc/out_pc_r_reg_4_/RN(rise)
                                       CK(rise)  removal   untested  false_paths
U3_cpu/U1_datapath/U0_pc/out_pc_r_reg_4_/RN(low) min_pulse_width
                                                           untested  no_clock
U3_cpu/U1_datapath/U0_pc/out_pc_r_reg_4_/SE
                                       CK(rise)  setup     untested  constant_disabled
U3_cpu/U1_datapath/U0_pc/out_pc_r_reg_4_/SE
                                       CK(rise)  hold      untested  constant_disabled
U3_cpu/U1_datapath/U0_pc/out_pc_r_reg_4_/SI
                                       CK(rise)  setup     untested  constant_disabled
U3_cpu/U1_datapath/U0_pc/out_pc_r_reg_4_/SI
                                       CK(rise)  hold      untested  constant_disabled
U3_cpu/U1_datapath/U0_pc/out_pc_r_reg_5_/RN(rise)
                                       CK(rise)  recovery  untested  false_paths
U3_cpu/U1_datapath/U0_pc/out_pc_r_reg_5_/RN(rise)
                                       CK(rise)  removal   untested  false_paths
U3_cpu/U1_datapath/U0_pc/out_pc_r_reg_5_/RN(low) min_pulse_width
                                                           untested  no_clock
U3_cpu/U1_datapath/U0_pc/out_pc_r_reg_5_/SE
                                       CK(rise)  setup     untested  constant_disabled
U3_cpu/U1_datapath/U0_pc/out_pc_r_reg_5_/SE
                                       CK(rise)  hold      untested  constant_disabled
U3_cpu/U1_datapath/U0_pc/out_pc_r_reg_5_/SI
                                       CK(rise)  setup     untested  constant_disabled
U3_cpu/U1_datapath/U0_pc/out_pc_r_reg_5_/SI
                                       CK(rise)  hold      untested  constant_disabled
U3_cpu/U1_datapath/U0_pc/out_pc_r_reg_6_/RN(rise)
                                       CK(rise)  recovery  untested  false_paths
U3_cpu/U1_datapath/U0_pc/out_pc_r_reg_6_/RN(rise)
                                       CK(rise)  removal   untested  false_paths
U3_cpu/U1_datapath/U0_pc/out_pc_r_reg_6_/RN(low) min_pulse_width
                                                           untested  no_clock
U3_cpu/U1_datapath/U0_pc/out_pc_r_reg_6_/SE
                                       CK(rise)  setup     untested  constant_disabled
U3_cpu/U1_datapath/U0_pc/out_pc_r_reg_6_/SE
                                       CK(rise)  hold      untested  constant_disabled
U3_cpu/U1_datapath/U0_pc/out_pc_r_reg_6_/SI
                                       CK(rise)  setup     untested  constant_disabled
U3_cpu/U1_datapath/U0_pc/out_pc_r_reg_6_/SI
                                       CK(rise)  hold      untested  constant_disabled
U3_cpu/U1_datapath/U0_pc/out_pc_r_reg_7_/RN(rise)
                                       CK(rise)  recovery  untested  false_paths
U3_cpu/U1_datapath/U0_pc/out_pc_r_reg_7_/RN(rise)
                                       CK(rise)  removal   untested  false_paths
U3_cpu/U1_datapath/U0_pc/out_pc_r_reg_7_/RN(low) min_pulse_width
                                                           untested  no_clock
U3_cpu/U1_datapath/U0_pc/out_pc_r_reg_7_/SE
                                       CK(rise)  setup     untested  constant_disabled
U3_cpu/U1_datapath/U0_pc/out_pc_r_reg_7_/SE
                                       CK(rise)  hold      untested  constant_disabled
U3_cpu/U1_datapath/U0_pc/out_pc_r_reg_7_/SI
                                       CK(rise)  setup     untested  constant_disabled
U3_cpu/U1_datapath/U0_pc/out_pc_r_reg_7_/SI
                                       CK(rise)  hold      untested  constant_disabled
U3_cpu/U1_datapath/U0_pc/out_pc_r_reg_8_/RN(rise)
                                       CK(rise)  recovery  untested  false_paths
U3_cpu/U1_datapath/U0_pc/out_pc_r_reg_8_/RN(rise)
                                       CK(rise)  removal   untested  false_paths
U3_cpu/U1_datapath/U0_pc/out_pc_r_reg_8_/RN(low) min_pulse_width
                                                           untested  no_clock
U3_cpu/U1_datapath/U0_pc/out_pc_r_reg_8_/SE
                                       CK(rise)  setup     untested  constant_disabled
U3_cpu/U1_datapath/U0_pc/out_pc_r_reg_8_/SE
                                       CK(rise)  hold      untested  constant_disabled
U3_cpu/U1_datapath/U0_pc/out_pc_r_reg_8_/SI
                                       CK(rise)  setup     untested  constant_disabled
U3_cpu/U1_datapath/U0_pc/out_pc_r_reg_8_/SI
                                       CK(rise)  hold      untested  constant_disabled
U3_cpu/U1_datapath/U0_pc/out_pc_r_reg_9_/RN(rise)
                                       CK(rise)  recovery  untested  false_paths
U3_cpu/U1_datapath/U0_pc/out_pc_r_reg_9_/RN(rise)
                                       CK(rise)  removal   untested  false_paths
U3_cpu/U1_datapath/U0_pc/out_pc_r_reg_9_/RN(low) min_pulse_width
                                                           untested  no_clock
U3_cpu/U1_datapath/U0_pc/out_pc_r_reg_9_/SE
                                       CK(rise)  setup     untested  constant_disabled
U3_cpu/U1_datapath/U0_pc/out_pc_r_reg_9_/SE
                                       CK(rise)  hold      untested  constant_disabled
U3_cpu/U1_datapath/U0_pc/out_pc_r_reg_9_/SI
                                       CK(rise)  setup     untested  constant_disabled
U3_cpu/U1_datapath/U0_pc/out_pc_r_reg_9_/SI
                                       CK(rise)  hold      untested  constant_disabled
U3_cpu/U1_datapath/U1_sfr/U0_sp/out_sp_reg_0_/SE
                                       CK(rise)  setup     untested  constant_disabled
U3_cpu/U1_datapath/U1_sfr/U0_sp/out_sp_reg_0_/SE
                                       CK(rise)  hold      untested  constant_disabled
U3_cpu/U1_datapath/U1_sfr/U0_sp/out_sp_reg_0_/SI
                                       CK(rise)  setup     untested  constant_disabled
U3_cpu/U1_datapath/U1_sfr/U0_sp/out_sp_reg_0_/SI
                                       CK(rise)  hold      untested  constant_disabled
U3_cpu/U1_datapath/U1_sfr/U0_sp/out_sp_reg_0_/SN(rise)
                                       CK(rise)  recovery  untested  false_paths
U3_cpu/U1_datapath/U1_sfr/U0_sp/out_sp_reg_0_/SN(rise)
                                       CK(rise)  removal   untested  false_paths
U3_cpu/U1_datapath/U1_sfr/U0_sp/out_sp_reg_0_/SN(low)
                                                 min_pulse_width
                                                           untested  no_clock
U3_cpu/U1_datapath/U1_sfr/U0_sp/out_sp_reg_1_/SE
                                       CK(rise)  setup     untested  constant_disabled
U3_cpu/U1_datapath/U1_sfr/U0_sp/out_sp_reg_1_/SE
                                       CK(rise)  hold      untested  constant_disabled
U3_cpu/U1_datapath/U1_sfr/U0_sp/out_sp_reg_1_/SI
                                       CK(rise)  setup     untested  constant_disabled
U3_cpu/U1_datapath/U1_sfr/U0_sp/out_sp_reg_1_/SI
                                       CK(rise)  hold      untested  constant_disabled
U3_cpu/U1_datapath/U1_sfr/U0_sp/out_sp_reg_1_/SN(rise)
                                       CK(rise)  recovery  untested  false_paths
U3_cpu/U1_datapath/U1_sfr/U0_sp/out_sp_reg_1_/SN(rise)
                                       CK(rise)  removal   untested  false_paths
U3_cpu/U1_datapath/U1_sfr/U0_sp/out_sp_reg_1_/SN(low)
                                                 min_pulse_width
                                                           untested  no_clock
U3_cpu/U1_datapath/U1_sfr/U0_sp/out_sp_reg_2_/SE
                                       CK(rise)  setup     untested  constant_disabled
U3_cpu/U1_datapath/U1_sfr/U0_sp/out_sp_reg_2_/SE
                                       CK(rise)  hold      untested  constant_disabled
U3_cpu/U1_datapath/U1_sfr/U0_sp/out_sp_reg_2_/SI
                                       CK(rise)  setup     untested  constant_disabled
U3_cpu/U1_datapath/U1_sfr/U0_sp/out_sp_reg_2_/SI
                                       CK(rise)  hold      untested  constant_disabled
U3_cpu/U1_datapath/U1_sfr/U0_sp/out_sp_reg_2_/SN(rise)
                                       CK(rise)  recovery  untested  false_paths
U3_cpu/U1_datapath/U1_sfr/U0_sp/out_sp_reg_2_/SN(rise)
                                       CK(rise)  removal   untested  false_paths
U3_cpu/U1_datapath/U1_sfr/U0_sp/out_sp_reg_2_/SN(low)
                                                 min_pulse_width
                                                           untested  no_clock
U3_cpu/U1_datapath/U1_sfr/U0_sp/out_sp_reg_3_/RN(rise)
                                       CK(rise)  recovery  untested  false_paths
U3_cpu/U1_datapath/U1_sfr/U0_sp/out_sp_reg_3_/RN(rise)
                                       CK(rise)  removal   untested  false_paths
U3_cpu/U1_datapath/U1_sfr/U0_sp/out_sp_reg_3_/RN(low)
                                                 min_pulse_width
                                                           untested  no_clock
U3_cpu/U1_datapath/U1_sfr/U0_sp/out_sp_reg_3_/SE
                                       CK(rise)  setup     untested  constant_disabled
U3_cpu/U1_datapath/U1_sfr/U0_sp/out_sp_reg_3_/SE
                                       CK(rise)  hold      untested  constant_disabled
U3_cpu/U1_datapath/U1_sfr/U0_sp/out_sp_reg_3_/SI
                                       CK(rise)  setup     untested  constant_disabled
U3_cpu/U1_datapath/U1_sfr/U0_sp/out_sp_reg_3_/SI
                                       CK(rise)  hold      untested  constant_disabled
U3_cpu/U1_datapath/U1_sfr/U0_sp/out_sp_reg_4_/RN(rise)
                                       CK(rise)  recovery  untested  false_paths
U3_cpu/U1_datapath/U1_sfr/U0_sp/out_sp_reg_4_/RN(rise)
                                       CK(rise)  removal   untested  false_paths
U3_cpu/U1_datapath/U1_sfr/U0_sp/out_sp_reg_4_/RN(low)
                                                 min_pulse_width
                                                           untested  no_clock
U3_cpu/U1_datapath/U1_sfr/U0_sp/out_sp_reg_4_/SE
                                       CK(rise)  setup     untested  constant_disabled
U3_cpu/U1_datapath/U1_sfr/U0_sp/out_sp_reg_4_/SE
                                       CK(rise)  hold      untested  constant_disabled
U3_cpu/U1_datapath/U1_sfr/U0_sp/out_sp_reg_4_/SI
                                       CK(rise)  setup     untested  constant_disabled
U3_cpu/U1_datapath/U1_sfr/U0_sp/out_sp_reg_4_/SI
                                       CK(rise)  hold      untested  constant_disabled
U3_cpu/U1_datapath/U1_sfr/U0_sp/out_sp_reg_5_/RN(rise)
                                       CK(rise)  recovery  untested  false_paths
U3_cpu/U1_datapath/U1_sfr/U0_sp/out_sp_reg_5_/RN(rise)
                                       CK(rise)  removal   untested  false_paths
U3_cpu/U1_datapath/U1_sfr/U0_sp/out_sp_reg_5_/RN(low)
                                                 min_pulse_width
                                                           untested  no_clock
U3_cpu/U1_datapath/U1_sfr/U0_sp/out_sp_reg_5_/SE
                                       CK(rise)  setup     untested  constant_disabled
U3_cpu/U1_datapath/U1_sfr/U0_sp/out_sp_reg_5_/SE
                                       CK(rise)  hold      untested  constant_disabled
U3_cpu/U1_datapath/U1_sfr/U0_sp/out_sp_reg_5_/SI
                                       CK(rise)  setup     untested  constant_disabled
U3_cpu/U1_datapath/U1_sfr/U0_sp/out_sp_reg_5_/SI
                                       CK(rise)  hold      untested  constant_disabled
U3_cpu/U1_datapath/U1_sfr/U0_sp/out_sp_reg_6_/RN(rise)
                                       CK(rise)  recovery  untested  false_paths
U3_cpu/U1_datapath/U1_sfr/U0_sp/out_sp_reg_6_/RN(rise)
                                       CK(rise)  removal   untested  false_paths
U3_cpu/U1_datapath/U1_sfr/U0_sp/out_sp_reg_6_/RN(low)
                                                 min_pulse_width
                                                           untested  no_clock
U3_cpu/U1_datapath/U1_sfr/U0_sp/out_sp_reg_6_/SE
                                       CK(rise)  setup     untested  constant_disabled
U3_cpu/U1_datapath/U1_sfr/U0_sp/out_sp_reg_6_/SE
                                       CK(rise)  hold      untested  constant_disabled
U3_cpu/U1_datapath/U1_sfr/U0_sp/out_sp_reg_6_/SI
                                       CK(rise)  setup     untested  constant_disabled
U3_cpu/U1_datapath/U1_sfr/U0_sp/out_sp_reg_6_/SI
                                       CK(rise)  hold      untested  constant_disabled
U3_cpu/U1_datapath/U1_sfr/U0_sp/out_sp_reg_7_/RN(rise)
                                       CK(rise)  recovery  untested  false_paths
U3_cpu/U1_datapath/U1_sfr/U0_sp/out_sp_reg_7_/RN(rise)
                                       CK(rise)  removal   untested  false_paths
U3_cpu/U1_datapath/U1_sfr/U0_sp/out_sp_reg_7_/RN(low)
                                                 min_pulse_width
                                                           untested  no_clock
U3_cpu/U1_datapath/U1_sfr/U0_sp/out_sp_reg_7_/SE
                                       CK(rise)  setup     untested  constant_disabled
U3_cpu/U1_datapath/U1_sfr/U0_sp/out_sp_reg_7_/SE
                                       CK(rise)  hold      untested  constant_disabled
U3_cpu/U1_datapath/U1_sfr/U0_sp/out_sp_reg_7_/SI
                                       CK(rise)  setup     untested  constant_disabled
U3_cpu/U1_datapath/U1_sfr/U0_sp/out_sp_reg_7_/SI
                                       CK(rise)  hold      untested  constant_disabled
U3_cpu/U1_datapath/U1_sfr/U12_u_tc/div12_reg_0_/RN(rise)
                                       CK(rise)  removal   untested  false_paths
U3_cpu/U1_datapath/U1_sfr/U12_u_tc/div12_reg_0_/RN(rise)
                                       CK(rise)  recovery  untested  false_paths
U3_cpu/U1_datapath/U1_sfr/U12_u_tc/div12_reg_0_/RN(low)
                                                 min_pulse_width
                                                           untested  no_clock
U3_cpu/U1_datapath/U1_sfr/U12_u_tc/div12_reg_0_/SE
                                       CK(rise)  setup     untested  constant_disabled
U3_cpu/U1_datapath/U1_sfr/U12_u_tc/div12_reg_0_/SE
                                       CK(rise)  hold      untested  constant_disabled
U3_cpu/U1_datapath/U1_sfr/U12_u_tc/div12_reg_0_/SI
                                       CK(rise)  setup     untested  constant_disabled
U3_cpu/U1_datapath/U1_sfr/U12_u_tc/div12_reg_0_/SI
                                       CK(rise)  hold      untested  constant_disabled
U3_cpu/U1_datapath/U1_sfr/U12_u_tc/div12_reg_0_/SN(rise)
                                       CK(rise)  setup     untested  constant_disabled
U3_cpu/U1_datapath/U1_sfr/U12_u_tc/div12_reg_0_/SN(rise)
                                       CK(rise)  hold      untested  constant_disabled
U3_cpu/U1_datapath/U1_sfr/U12_u_tc/div12_reg_0_/SN(low)
                                                 min_pulse_width
                                                           untested  constant_disabled
U3_cpu/U1_datapath/U1_sfr/U12_u_tc/div12_reg_1_/RN(rise)
                                       CK(rise)  recovery  untested  false_paths
U3_cpu/U1_datapath/U1_sfr/U12_u_tc/div12_reg_1_/RN(rise)
                                       CK(rise)  removal   untested  false_paths
U3_cpu/U1_datapath/U1_sfr/U12_u_tc/div12_reg_1_/RN(low)
                                                 min_pulse_width
                                                           untested  no_clock
U3_cpu/U1_datapath/U1_sfr/U12_u_tc/div12_reg_1_/SE
                                       CK(rise)  setup     untested  constant_disabled
U3_cpu/U1_datapath/U1_sfr/U12_u_tc/div12_reg_1_/SE
                                       CK(rise)  hold      untested  constant_disabled
U3_cpu/U1_datapath/U1_sfr/U12_u_tc/div12_reg_1_/SI
                                       CK(rise)  setup     untested  constant_disabled
U3_cpu/U1_datapath/U1_sfr/U12_u_tc/div12_reg_1_/SI
                                       CK(rise)  hold      untested  constant_disabled
U3_cpu/U1_datapath/U1_sfr/U12_u_tc/div12_reg_2_/RN(rise)
                                       CK(rise)  removal   untested  false_paths
U3_cpu/U1_datapath/U1_sfr/U12_u_tc/div12_reg_2_/RN(rise)
                                       CK(rise)  recovery  untested  false_paths
U3_cpu/U1_datapath/U1_sfr/U12_u_tc/div12_reg_2_/RN(low)
                                                 min_pulse_width
                                                           untested  no_clock
U3_cpu/U1_datapath/U1_sfr/U12_u_tc/div12_reg_2_/SE
                                       CK(rise)  setup     untested  constant_disabled
U3_cpu/U1_datapath/U1_sfr/U12_u_tc/div12_reg_2_/SE
                                       CK(rise)  hold      untested  constant_disabled
U3_cpu/U1_datapath/U1_sfr/U12_u_tc/div12_reg_2_/SI
                                       CK(rise)  setup     untested  constant_disabled
U3_cpu/U1_datapath/U1_sfr/U12_u_tc/div12_reg_2_/SI
                                       CK(rise)  hold      untested  constant_disabled
U3_cpu/U1_datapath/U1_sfr/U12_u_tc/div12_reg_2_/SN(rise)
                                       CK(rise)  setup     untested  constant_disabled
U3_cpu/U1_datapath/U1_sfr/U12_u_tc/div12_reg_2_/SN(rise)
                                       CK(rise)  hold      untested  constant_disabled
U3_cpu/U1_datapath/U1_sfr/U12_u_tc/div12_reg_2_/SN(low)
                                                 min_pulse_width
                                                           untested  constant_disabled
U3_cpu/U1_datapath/U1_sfr/U12_u_tc/div12_reg_3_/RN(rise)
                                       CK(rise)  removal   untested  false_paths
U3_cpu/U1_datapath/U1_sfr/U12_u_tc/div12_reg_3_/RN(rise)
                                       CK(rise)  recovery  untested  false_paths
U3_cpu/U1_datapath/U1_sfr/U12_u_tc/div12_reg_3_/RN(low)
                                                 min_pulse_width
                                                           untested  no_clock
U3_cpu/U1_datapath/U1_sfr/U12_u_tc/div12_reg_3_/SE
                                       CK(rise)  setup     untested  constant_disabled
U3_cpu/U1_datapath/U1_sfr/U12_u_tc/div12_reg_3_/SE
                                       CK(rise)  hold      untested  constant_disabled
U3_cpu/U1_datapath/U1_sfr/U12_u_tc/div12_reg_3_/SI
                                       CK(rise)  setup     untested  constant_disabled
U3_cpu/U1_datapath/U1_sfr/U12_u_tc/div12_reg_3_/SI
                                       CK(rise)  hold      untested  constant_disabled
U3_cpu/U1_datapath/U1_sfr/U12_u_tc/div12_reg_3_/SN(rise)
                                       CK(rise)  setup     untested  constant_disabled
U3_cpu/U1_datapath/U1_sfr/U12_u_tc/div12_reg_3_/SN(rise)
                                       CK(rise)  hold      untested  constant_disabled
U3_cpu/U1_datapath/U1_sfr/U12_u_tc/div12_reg_3_/SN(low)
                                                 min_pulse_width
                                                           untested  constant_disabled
U3_cpu/U1_datapath/U1_sfr/U12_u_tc/shift12_reg/RN(rise)
                                       CK(rise)  removal   untested  false_paths
U3_cpu/U1_datapath/U1_sfr/U12_u_tc/shift12_reg/RN(rise)
                                       CK(rise)  recovery  untested  false_paths
U3_cpu/U1_datapath/U1_sfr/U12_u_tc/shift12_reg/RN(low)
                                                 min_pulse_width
                                                           untested  no_clock
U3_cpu/U1_datapath/U1_sfr/U12_u_tc/shift12_reg/SE
                                       CK(rise)  setup     untested  constant_disabled
U3_cpu/U1_datapath/U1_sfr/U12_u_tc/shift12_reg/SE
                                       CK(rise)  hold      untested  constant_disabled
U3_cpu/U1_datapath/U1_sfr/U12_u_tc/shift12_reg/SI
                                       CK(rise)  setup     untested  constant_disabled
U3_cpu/U1_datapath/U1_sfr/U12_u_tc/shift12_reg/SI
                                       CK(rise)  hold      untested  constant_disabled
U3_cpu/U1_datapath/U1_sfr/U12_u_tc/shift12_reg/SN(rise)
                                       CK(rise)  setup     untested  constant_disabled
U3_cpu/U1_datapath/U1_sfr/U12_u_tc/shift12_reg/SN(rise)
                                       CK(rise)  hold      untested  constant_disabled
U3_cpu/U1_datapath/U1_sfr/U12_u_tc/shift12_reg/SN(low)
                                                 min_pulse_width
                                                           untested  constant_disabled
U3_cpu/U1_datapath/U1_sfr/U12_u_tc/t0_pin_r_reg/RN(rise)
                                       CK(rise)  recovery  untested  false_paths
U3_cpu/U1_datapath/U1_sfr/U12_u_tc/t0_pin_r_reg/RN(rise)
                                       CK(rise)  removal   untested  false_paths
U3_cpu/U1_datapath/U1_sfr/U12_u_tc/t0_pin_r_reg/RN(low)
                                                 min_pulse_width
                                                           untested  no_clock
U3_cpu/U1_datapath/U1_sfr/U12_u_tc/t0_pin_r_reg/SE
                                       CK(rise)  setup     untested  constant_disabled
U3_cpu/U1_datapath/U1_sfr/U12_u_tc/t0_pin_r_reg/SE
                                       CK(rise)  hold      untested  constant_disabled
U3_cpu/U1_datapath/U1_sfr/U12_u_tc/t0_pin_r_reg/SI
                                       CK(rise)  setup     untested  constant_disabled
U3_cpu/U1_datapath/U1_sfr/U12_u_tc/t0_pin_r_reg/SI
                                       CK(rise)  hold      untested  constant_disabled
U3_cpu/U1_datapath/U1_sfr/U12_u_tc/t1_pin_r_reg/RN(rise)
                                       CK(rise)  removal   untested  false_paths
U3_cpu/U1_datapath/U1_sfr/U12_u_tc/t1_pin_r_reg/RN(rise)
                                       CK(rise)  recovery  untested  false_paths
U3_cpu/U1_datapath/U1_sfr/U12_u_tc/t1_pin_r_reg/RN(low)
                                                 min_pulse_width
                                                           untested  no_clock
U3_cpu/U1_datapath/U1_sfr/U12_u_tc/t1_pin_r_reg/SE
                                       CK(rise)  setup     untested  constant_disabled
U3_cpu/U1_datapath/U1_sfr/U12_u_tc/t1_pin_r_reg/SE
                                       CK(rise)  hold      untested  constant_disabled
U3_cpu/U1_datapath/U1_sfr/U12_u_tc/t1_pin_r_reg/SI
                                       CK(rise)  setup     untested  constant_disabled
U3_cpu/U1_datapath/U1_sfr/U12_u_tc/t1_pin_r_reg/SI
                                       CK(rise)  hold      untested  constant_disabled
U3_cpu/U1_datapath/U1_sfr/U12_u_tc/t1_pin_r_reg/SN(rise)
                                       CK(rise)  setup     untested  constant_disabled
U3_cpu/U1_datapath/U1_sfr/U12_u_tc/t1_pin_r_reg/SN(rise)
                                       CK(rise)  hold      untested  constant_disabled
U3_cpu/U1_datapath/U1_sfr/U12_u_tc/t1_pin_r_reg/SN(low)
                                                 min_pulse_width
                                                           untested  constant_disabled
U3_cpu/U1_datapath/U1_sfr/U12_u_tc/tf0_reg/RN(rise)
                                       CK(rise)  recovery  untested  false_paths
U3_cpu/U1_datapath/U1_sfr/U12_u_tc/tf0_reg/RN(rise)
                                       CK(rise)  removal   untested  false_paths
U3_cpu/U1_datapath/U1_sfr/U12_u_tc/tf0_reg/RN(low)
                                                 min_pulse_width
                                                           untested  no_clock
U3_cpu/U1_datapath/U1_sfr/U12_u_tc/tf0_reg/SE
                                       CK(rise)  setup     untested  constant_disabled
U3_cpu/U1_datapath/U1_sfr/U12_u_tc/tf0_reg/SE
                                       CK(rise)  hold      untested  constant_disabled
U3_cpu/U1_datapath/U1_sfr/U12_u_tc/tf0_reg/SI
                                       CK(rise)  setup     untested  constant_disabled
U3_cpu/U1_datapath/U1_sfr/U12_u_tc/tf0_reg/SI
                                       CK(rise)  hold      untested  constant_disabled
U3_cpu/U1_datapath/U1_sfr/U12_u_tc/tf1_0_reg/RN(rise)
                                       CK(rise)  removal   untested  false_paths
U3_cpu/U1_datapath/U1_sfr/U12_u_tc/tf1_0_reg/RN(rise)
                                       CK(rise)  recovery  untested  false_paths
U3_cpu/U1_datapath/U1_sfr/U12_u_tc/tf1_0_reg/RN(low)
                                                 min_pulse_width
                                                           untested  no_clock
U3_cpu/U1_datapath/U1_sfr/U12_u_tc/tf1_0_reg/SE
                                       CK(rise)  setup     untested  constant_disabled
U3_cpu/U1_datapath/U1_sfr/U12_u_tc/tf1_0_reg/SE
                                       CK(rise)  hold      untested  constant_disabled
U3_cpu/U1_datapath/U1_sfr/U12_u_tc/tf1_0_reg/SI
                                       CK(rise)  setup     untested  constant_disabled
U3_cpu/U1_datapath/U1_sfr/U12_u_tc/tf1_0_reg/SI
                                       CK(rise)  hold      untested  constant_disabled
U3_cpu/U1_datapath/U1_sfr/U12_u_tc/tf1_0_reg/SN(rise)
                                       CK(rise)  setup     untested  constant_disabled
U3_cpu/U1_datapath/U1_sfr/U12_u_tc/tf1_0_reg/SN(rise)
                                       CK(rise)  hold      untested  constant_disabled
U3_cpu/U1_datapath/U1_sfr/U12_u_tc/tf1_0_reg/SN(low)
                                                 min_pulse_width
                                                           untested  constant_disabled
U3_cpu/U1_datapath/U1_sfr/U12_u_tc/tf1_1_reg/RN(rise)
                                       CK(rise)  removal   untested  false_paths
U3_cpu/U1_datapath/U1_sfr/U12_u_tc/tf1_1_reg/RN(rise)
                                       CK(rise)  recovery  untested  false_paths
U3_cpu/U1_datapath/U1_sfr/U12_u_tc/tf1_1_reg/RN(low)
                                                 min_pulse_width
                                                           untested  no_clock
U3_cpu/U1_datapath/U1_sfr/U12_u_tc/tf1_1_reg/SE
                                       CK(rise)  setup     untested  constant_disabled
U3_cpu/U1_datapath/U1_sfr/U12_u_tc/tf1_1_reg/SE
                                       CK(rise)  hold      untested  constant_disabled
U3_cpu/U1_datapath/U1_sfr/U12_u_tc/tf1_1_reg/SI
                                       CK(rise)  setup     untested  constant_disabled
U3_cpu/U1_datapath/U1_sfr/U12_u_tc/tf1_1_reg/SI
                                       CK(rise)  hold      untested  constant_disabled
U3_cpu/U1_datapath/U1_sfr/U12_u_tc/tf1_1_reg/SN(rise)
                                       CK(rise)  setup     untested  constant_disabled
U3_cpu/U1_datapath/U1_sfr/U12_u_tc/tf1_1_reg/SN(rise)
                                       CK(rise)  hold      untested  constant_disabled
U3_cpu/U1_datapath/U1_sfr/U12_u_tc/tf1_1_reg/SN(low)
                                                 min_pulse_width
                                                           untested  constant_disabled
U3_cpu/U1_datapath/U1_sfr/U12_u_tc/th0_reg_0_/RN(rise)
                                       CK(rise)  removal   untested  false_paths
U3_cpu/U1_datapath/U1_sfr/U12_u_tc/th0_reg_0_/RN(rise)
                                       CK(rise)  recovery  untested  false_paths
U3_cpu/U1_datapath/U1_sfr/U12_u_tc/th0_reg_0_/RN(low)
                                                 min_pulse_width
                                                           untested  no_clock
U3_cpu/U1_datapath/U1_sfr/U12_u_tc/th0_reg_0_/SE
                                       CK(rise)  setup     untested  constant_disabled
U3_cpu/U1_datapath/U1_sfr/U12_u_tc/th0_reg_0_/SE
                                       CK(rise)  hold      untested  constant_disabled
U3_cpu/U1_datapath/U1_sfr/U12_u_tc/th0_reg_0_/SI
                                       CK(rise)  setup     untested  constant_disabled
U3_cpu/U1_datapath/U1_sfr/U12_u_tc/th0_reg_0_/SI
                                       CK(rise)  hold      untested  constant_disabled
U3_cpu/U1_datapath/U1_sfr/U12_u_tc/th0_reg_0_/SN(rise)
                                       CK(rise)  setup     untested  constant_disabled
U3_cpu/U1_datapath/U1_sfr/U12_u_tc/th0_reg_0_/SN(rise)
                                       CK(rise)  hold      untested  constant_disabled
U3_cpu/U1_datapath/U1_sfr/U12_u_tc/th0_reg_0_/SN(low)
                                                 min_pulse_width
                                                           untested  constant_disabled
U3_cpu/U1_datapath/U1_sfr/U12_u_tc/th0_reg_1_/RN(rise)
                                       CK(rise)  removal   untested  false_paths
U3_cpu/U1_datapath/U1_sfr/U12_u_tc/th0_reg_1_/RN(rise)
                                       CK(rise)  recovery  untested  false_paths
U3_cpu/U1_datapath/U1_sfr/U12_u_tc/th0_reg_1_/RN(low)
                                                 min_pulse_width
                                                           untested  no_clock
U3_cpu/U1_datapath/U1_sfr/U12_u_tc/th0_reg_1_/SE
                                       CK(rise)  setup     untested  constant_disabled
U3_cpu/U1_datapath/U1_sfr/U12_u_tc/th0_reg_1_/SE
                                       CK(rise)  hold      untested  constant_disabled
U3_cpu/U1_datapath/U1_sfr/U12_u_tc/th0_reg_1_/SI
                                       CK(rise)  setup     untested  constant_disabled
U3_cpu/U1_datapath/U1_sfr/U12_u_tc/th0_reg_1_/SI
                                       CK(rise)  hold      untested  constant_disabled
U3_cpu/U1_datapath/U1_sfr/U12_u_tc/th0_reg_1_/SN(rise)
                                       CK(rise)  setup     untested  constant_disabled
U3_cpu/U1_datapath/U1_sfr/U12_u_tc/th0_reg_1_/SN(rise)
                                       CK(rise)  hold      untested  constant_disabled
U3_cpu/U1_datapath/U1_sfr/U12_u_tc/th0_reg_1_/SN(low)
                                                 min_pulse_width
                                                           untested  constant_disabled
U3_cpu/U1_datapath/U1_sfr/U12_u_tc/th0_reg_2_/RN(rise)
                                       CK(rise)  removal   untested  false_paths
U3_cpu/U1_datapath/U1_sfr/U12_u_tc/th0_reg_2_/RN(rise)
                                       CK(rise)  recovery  untested  false_paths
U3_cpu/U1_datapath/U1_sfr/U12_u_tc/th0_reg_2_/RN(low)
                                                 min_pulse_width
                                                           untested  no_clock
U3_cpu/U1_datapath/U1_sfr/U12_u_tc/th0_reg_2_/SE
                                       CK(rise)  setup     untested  constant_disabled
U3_cpu/U1_datapath/U1_sfr/U12_u_tc/th0_reg_2_/SE
                                       CK(rise)  hold      untested  constant_disabled
U3_cpu/U1_datapath/U1_sfr/U12_u_tc/th0_reg_2_/SI
                                       CK(rise)  setup     untested  constant_disabled
U3_cpu/U1_datapath/U1_sfr/U12_u_tc/th0_reg_2_/SI
                                       CK(rise)  hold      untested  constant_disabled
U3_cpu/U1_datapath/U1_sfr/U12_u_tc/th0_reg_2_/SN(rise)
                                       CK(rise)  setup     untested  constant_disabled
U3_cpu/U1_datapath/U1_sfr/U12_u_tc/th0_reg_2_/SN(rise)
                                       CK(rise)  hold      untested  constant_disabled
U3_cpu/U1_datapath/U1_sfr/U12_u_tc/th0_reg_2_/SN(low)
                                                 min_pulse_width
                                                           untested  constant_disabled
U3_cpu/U1_datapath/U1_sfr/U12_u_tc/th0_reg_3_/RN(rise)
                                       CK(rise)  removal   untested  false_paths
U3_cpu/U1_datapath/U1_sfr/U12_u_tc/th0_reg_3_/RN(rise)
                                       CK(rise)  recovery  untested  false_paths
U3_cpu/U1_datapath/U1_sfr/U12_u_tc/th0_reg_3_/RN(low)
                                                 min_pulse_width
                                                           untested  no_clock
U3_cpu/U1_datapath/U1_sfr/U12_u_tc/th0_reg_3_/SE
                                       CK(rise)  setup     untested  constant_disabled
U3_cpu/U1_datapath/U1_sfr/U12_u_tc/th0_reg_3_/SE
                                       CK(rise)  hold      untested  constant_disabled
U3_cpu/U1_datapath/U1_sfr/U12_u_tc/th0_reg_3_/SI
                                       CK(rise)  setup     untested  constant_disabled
U3_cpu/U1_datapath/U1_sfr/U12_u_tc/th0_reg_3_/SI
                                       CK(rise)  hold      untested  constant_disabled
U3_cpu/U1_datapath/U1_sfr/U12_u_tc/th0_reg_3_/SN(rise)
                                       CK(rise)  setup     untested  constant_disabled
U3_cpu/U1_datapath/U1_sfr/U12_u_tc/th0_reg_3_/SN(rise)
                                       CK(rise)  hold      untested  constant_disabled
U3_cpu/U1_datapath/U1_sfr/U12_u_tc/th0_reg_3_/SN(low)
                                                 min_pulse_width
                                                           untested  constant_disabled
U3_cpu/U1_datapath/U1_sfr/U12_u_tc/th0_reg_4_/RN(rise)
                                       CK(rise)  removal   untested  false_paths
U3_cpu/U1_datapath/U1_sfr/U12_u_tc/th0_reg_4_/RN(rise)
                                       CK(rise)  recovery  untested  false_paths
U3_cpu/U1_datapath/U1_sfr/U12_u_tc/th0_reg_4_/RN(low)
                                                 min_pulse_width
                                                           untested  no_clock
U3_cpu/U1_datapath/U1_sfr/U12_u_tc/th0_reg_4_/SE
                                       CK(rise)  setup     untested  constant_disabled
U3_cpu/U1_datapath/U1_sfr/U12_u_tc/th0_reg_4_/SE
                                       CK(rise)  hold      untested  constant_disabled
U3_cpu/U1_datapath/U1_sfr/U12_u_tc/th0_reg_4_/SI
                                       CK(rise)  setup     untested  constant_disabled
U3_cpu/U1_datapath/U1_sfr/U12_u_tc/th0_reg_4_/SI
                                       CK(rise)  hold      untested  constant_disabled
U3_cpu/U1_datapath/U1_sfr/U12_u_tc/th0_reg_4_/SN(rise)
                                       CK(rise)  setup     untested  constant_disabled
U3_cpu/U1_datapath/U1_sfr/U12_u_tc/th0_reg_4_/SN(rise)
                                       CK(rise)  hold      untested  constant_disabled
U3_cpu/U1_datapath/U1_sfr/U12_u_tc/th0_reg_4_/SN(low)
                                                 min_pulse_width
                                                           untested  constant_disabled
U3_cpu/U1_datapath/U1_sfr/U12_u_tc/th0_reg_5_/RN(rise)
                                       CK(rise)  removal   untested  false_paths
U3_cpu/U1_datapath/U1_sfr/U12_u_tc/th0_reg_5_/RN(rise)
                                       CK(rise)  recovery  untested  false_paths
U3_cpu/U1_datapath/U1_sfr/U12_u_tc/th0_reg_5_/RN(low)
                                                 min_pulse_width
                                                           untested  no_clock
U3_cpu/U1_datapath/U1_sfr/U12_u_tc/th0_reg_5_/SE
                                       CK(rise)  setup     untested  constant_disabled
U3_cpu/U1_datapath/U1_sfr/U12_u_tc/th0_reg_5_/SE
                                       CK(rise)  hold      untested  constant_disabled
U3_cpu/U1_datapath/U1_sfr/U12_u_tc/th0_reg_5_/SI
                                       CK(rise)  setup     untested  constant_disabled
U3_cpu/U1_datapath/U1_sfr/U12_u_tc/th0_reg_5_/SI
                                       CK(rise)  hold      untested  constant_disabled
U3_cpu/U1_datapath/U1_sfr/U12_u_tc/th0_reg_5_/SN(rise)
                                       CK(rise)  setup     untested  constant_disabled
U3_cpu/U1_datapath/U1_sfr/U12_u_tc/th0_reg_5_/SN(rise)
                                       CK(rise)  hold      untested  constant_disabled
U3_cpu/U1_datapath/U1_sfr/U12_u_tc/th0_reg_5_/SN(low)
                                                 min_pulse_width
                                                           untested  constant_disabled
U3_cpu/U1_datapath/U1_sfr/U12_u_tc/th0_reg_6_/RN(rise)
                                       CK(rise)  removal   untested  false_paths
U3_cpu/U1_datapath/U1_sfr/U12_u_tc/th0_reg_6_/RN(rise)
                                       CK(rise)  recovery  untested  false_paths
U3_cpu/U1_datapath/U1_sfr/U12_u_tc/th0_reg_6_/RN(low)
                                                 min_pulse_width
                                                           untested  no_clock
U3_cpu/U1_datapath/U1_sfr/U12_u_tc/th0_reg_6_/SE
                                       CK(rise)  setup     untested  constant_disabled
U3_cpu/U1_datapath/U1_sfr/U12_u_tc/th0_reg_6_/SE
                                       CK(rise)  hold      untested  constant_disabled
U3_cpu/U1_datapath/U1_sfr/U12_u_tc/th0_reg_6_/SI
                                       CK(rise)  setup     untested  constant_disabled
U3_cpu/U1_datapath/U1_sfr/U12_u_tc/th0_reg_6_/SI
                                       CK(rise)  hold      untested  constant_disabled
U3_cpu/U1_datapath/U1_sfr/U12_u_tc/th0_reg_6_/SN(rise)
                                       CK(rise)  setup     untested  constant_disabled
U3_cpu/U1_datapath/U1_sfr/U12_u_tc/th0_reg_6_/SN(rise)
                                       CK(rise)  hold      untested  constant_disabled
U3_cpu/U1_datapath/U1_sfr/U12_u_tc/th0_reg_6_/SN(low)
                                                 min_pulse_width
                                                           untested  constant_disabled
U3_cpu/U1_datapath/U1_sfr/U12_u_tc/th0_reg_7_/RN(rise)
                                       CK(rise)  removal   untested  false_paths
U3_cpu/U1_datapath/U1_sfr/U12_u_tc/th0_reg_7_/RN(rise)
                                       CK(rise)  recovery  untested  false_paths
U3_cpu/U1_datapath/U1_sfr/U12_u_tc/th0_reg_7_/RN(low)
                                                 min_pulse_width
                                                           untested  no_clock
U3_cpu/U1_datapath/U1_sfr/U12_u_tc/th0_reg_7_/SE
                                       CK(rise)  setup     untested  constant_disabled
U3_cpu/U1_datapath/U1_sfr/U12_u_tc/th0_reg_7_/SE
                                       CK(rise)  hold      untested  constant_disabled
U3_cpu/U1_datapath/U1_sfr/U12_u_tc/th0_reg_7_/SI
                                       CK(rise)  setup     untested  constant_disabled
U3_cpu/U1_datapath/U1_sfr/U12_u_tc/th0_reg_7_/SI
                                       CK(rise)  hold      untested  constant_disabled
U3_cpu/U1_datapath/U1_sfr/U12_u_tc/th0_reg_7_/SN(rise)
                                       CK(rise)  setup     untested  constant_disabled
U3_cpu/U1_datapath/U1_sfr/U12_u_tc/th0_reg_7_/SN(rise)
                                       CK(rise)  hold      untested  constant_disabled
U3_cpu/U1_datapath/U1_sfr/U12_u_tc/th0_reg_7_/SN(low)
                                                 min_pulse_width
                                                           untested  constant_disabled
U3_cpu/U1_datapath/U1_sfr/U12_u_tc/th1_reg_0_/RN(rise)
                                       CK(rise)  removal   untested  false_paths
U3_cpu/U1_datapath/U1_sfr/U12_u_tc/th1_reg_0_/RN(rise)
                                       CK(rise)  recovery  untested  false_paths
U3_cpu/U1_datapath/U1_sfr/U12_u_tc/th1_reg_0_/RN(low)
                                                 min_pulse_width
                                                           untested  no_clock
U3_cpu/U1_datapath/U1_sfr/U12_u_tc/th1_reg_0_/SE
                                       CK(rise)  setup     untested  constant_disabled
U3_cpu/U1_datapath/U1_sfr/U12_u_tc/th1_reg_0_/SE
                                       CK(rise)  hold      untested  constant_disabled
U3_cpu/U1_datapath/U1_sfr/U12_u_tc/th1_reg_0_/SI
                                       CK(rise)  setup     untested  constant_disabled
U3_cpu/U1_datapath/U1_sfr/U12_u_tc/th1_reg_0_/SI
                                       CK(rise)  hold      untested  constant_disabled
U3_cpu/U1_datapath/U1_sfr/U12_u_tc/th1_reg_0_/SN(rise)
                                       CK(rise)  setup     untested  constant_disabled
U3_cpu/U1_datapath/U1_sfr/U12_u_tc/th1_reg_0_/SN(rise)
                                       CK(rise)  hold      untested  constant_disabled
U3_cpu/U1_datapath/U1_sfr/U12_u_tc/th1_reg_0_/SN(low)
                                                 min_pulse_width
                                                           untested  constant_disabled
U3_cpu/U1_datapath/U1_sfr/U12_u_tc/th1_reg_1_/RN(rise)
                                       CK(rise)  removal   untested  false_paths
U3_cpu/U1_datapath/U1_sfr/U12_u_tc/th1_reg_1_/RN(rise)
                                       CK(rise)  recovery  untested  false_paths
U3_cpu/U1_datapath/U1_sfr/U12_u_tc/th1_reg_1_/RN(low)
                                                 min_pulse_width
                                                           untested  no_clock
U3_cpu/U1_datapath/U1_sfr/U12_u_tc/th1_reg_1_/SE
                                       CK(rise)  setup     untested  constant_disabled
U3_cpu/U1_datapath/U1_sfr/U12_u_tc/th1_reg_1_/SE
                                       CK(rise)  hold      untested  constant_disabled
U3_cpu/U1_datapath/U1_sfr/U12_u_tc/th1_reg_1_/SI
                                       CK(rise)  setup     untested  constant_disabled
U3_cpu/U1_datapath/U1_sfr/U12_u_tc/th1_reg_1_/SI
                                       CK(rise)  hold      untested  constant_disabled
U3_cpu/U1_datapath/U1_sfr/U12_u_tc/th1_reg_1_/SN(rise)
                                       CK(rise)  setup     untested  constant_disabled
U3_cpu/U1_datapath/U1_sfr/U12_u_tc/th1_reg_1_/SN(rise)
                                       CK(rise)  hold      untested  constant_disabled
U3_cpu/U1_datapath/U1_sfr/U12_u_tc/th1_reg_1_/SN(low)
                                                 min_pulse_width
                                                           untested  constant_disabled
U3_cpu/U1_datapath/U1_sfr/U12_u_tc/th1_reg_2_/RN(rise)
                                       CK(rise)  removal   untested  false_paths
U3_cpu/U1_datapath/U1_sfr/U12_u_tc/th1_reg_2_/RN(rise)
                                       CK(rise)  recovery  untested  false_paths
U3_cpu/U1_datapath/U1_sfr/U12_u_tc/th1_reg_2_/RN(low)
                                                 min_pulse_width
                                                           untested  no_clock
U3_cpu/U1_datapath/U1_sfr/U12_u_tc/th1_reg_2_/SE
                                       CK(rise)  setup     untested  constant_disabled
U3_cpu/U1_datapath/U1_sfr/U12_u_tc/th1_reg_2_/SE
                                       CK(rise)  hold      untested  constant_disabled
U3_cpu/U1_datapath/U1_sfr/U12_u_tc/th1_reg_2_/SI
                                       CK(rise)  setup     untested  constant_disabled
U3_cpu/U1_datapath/U1_sfr/U12_u_tc/th1_reg_2_/SI
                                       CK(rise)  hold      untested  constant_disabled
U3_cpu/U1_datapath/U1_sfr/U12_u_tc/th1_reg_2_/SN(rise)
                                       CK(rise)  setup     untested  constant_disabled
U3_cpu/U1_datapath/U1_sfr/U12_u_tc/th1_reg_2_/SN(rise)
                                       CK(rise)  hold      untested  constant_disabled
U3_cpu/U1_datapath/U1_sfr/U12_u_tc/th1_reg_2_/SN(low)
                                                 min_pulse_width
                                                           untested  constant_disabled
U3_cpu/U1_datapath/U1_sfr/U12_u_tc/th1_reg_3_/RN(rise)
                                       CK(rise)  removal   untested  false_paths
U3_cpu/U1_datapath/U1_sfr/U12_u_tc/th1_reg_3_/RN(rise)
                                       CK(rise)  recovery  untested  false_paths
U3_cpu/U1_datapath/U1_sfr/U12_u_tc/th1_reg_3_/RN(low)
                                                 min_pulse_width
                                                           untested  no_clock
U3_cpu/U1_datapath/U1_sfr/U12_u_tc/th1_reg_3_/SE
                                       CK(rise)  setup     untested  constant_disabled
U3_cpu/U1_datapath/U1_sfr/U12_u_tc/th1_reg_3_/SE
                                       CK(rise)  hold      untested  constant_disabled
U3_cpu/U1_datapath/U1_sfr/U12_u_tc/th1_reg_3_/SI
                                       CK(rise)  setup     untested  constant_disabled
U3_cpu/U1_datapath/U1_sfr/U12_u_tc/th1_reg_3_/SI
                                       CK(rise)  hold      untested  constant_disabled
U3_cpu/U1_datapath/U1_sfr/U12_u_tc/th1_reg_3_/SN(rise)
                                       CK(rise)  setup     untested  constant_disabled
U3_cpu/U1_datapath/U1_sfr/U12_u_tc/th1_reg_3_/SN(rise)
                                       CK(rise)  hold      untested  constant_disabled
U3_cpu/U1_datapath/U1_sfr/U12_u_tc/th1_reg_3_/SN(low)
                                                 min_pulse_width
                                                           untested  constant_disabled
U3_cpu/U1_datapath/U1_sfr/U12_u_tc/th1_reg_4_/RN(rise)
                                       CK(rise)  removal   untested  false_paths
U3_cpu/U1_datapath/U1_sfr/U12_u_tc/th1_reg_4_/RN(rise)
                                       CK(rise)  recovery  untested  false_paths
U3_cpu/U1_datapath/U1_sfr/U12_u_tc/th1_reg_4_/RN(low)
                                                 min_pulse_width
                                                           untested  no_clock
U3_cpu/U1_datapath/U1_sfr/U12_u_tc/th1_reg_4_/SE
                                       CK(rise)  setup     untested  constant_disabled
U3_cpu/U1_datapath/U1_sfr/U12_u_tc/th1_reg_4_/SE
                                       CK(rise)  hold      untested  constant_disabled
U3_cpu/U1_datapath/U1_sfr/U12_u_tc/th1_reg_4_/SI
                                       CK(rise)  setup     untested  constant_disabled
U3_cpu/U1_datapath/U1_sfr/U12_u_tc/th1_reg_4_/SI
                                       CK(rise)  hold      untested  constant_disabled
U3_cpu/U1_datapath/U1_sfr/U12_u_tc/th1_reg_4_/SN(rise)
                                       CK(rise)  setup     untested  constant_disabled
U3_cpu/U1_datapath/U1_sfr/U12_u_tc/th1_reg_4_/SN(rise)
                                       CK(rise)  hold      untested  constant_disabled
U3_cpu/U1_datapath/U1_sfr/U12_u_tc/th1_reg_4_/SN(low)
                                                 min_pulse_width
                                                           untested  constant_disabled
U3_cpu/U1_datapath/U1_sfr/U12_u_tc/th1_reg_5_/RN(rise)
                                       CK(rise)  removal   untested  false_paths
U3_cpu/U1_datapath/U1_sfr/U12_u_tc/th1_reg_5_/RN(rise)
                                       CK(rise)  recovery  untested  false_paths
U3_cpu/U1_datapath/U1_sfr/U12_u_tc/th1_reg_5_/RN(low)
                                                 min_pulse_width
                                                           untested  no_clock
U3_cpu/U1_datapath/U1_sfr/U12_u_tc/th1_reg_5_/SE
                                       CK(rise)  setup     untested  constant_disabled
U3_cpu/U1_datapath/U1_sfr/U12_u_tc/th1_reg_5_/SE
                                       CK(rise)  hold      untested  constant_disabled
U3_cpu/U1_datapath/U1_sfr/U12_u_tc/th1_reg_5_/SI
                                       CK(rise)  setup     untested  constant_disabled
U3_cpu/U1_datapath/U1_sfr/U12_u_tc/th1_reg_5_/SI
                                       CK(rise)  hold      untested  constant_disabled
U3_cpu/U1_datapath/U1_sfr/U12_u_tc/th1_reg_5_/SN(rise)
                                       CK(rise)  setup     untested  constant_disabled
U3_cpu/U1_datapath/U1_sfr/U12_u_tc/th1_reg_5_/SN(rise)
                                       CK(rise)  hold      untested  constant_disabled
U3_cpu/U1_datapath/U1_sfr/U12_u_tc/th1_reg_5_/SN(low)
                                                 min_pulse_width
                                                           untested  constant_disabled
U3_cpu/U1_datapath/U1_sfr/U12_u_tc/th1_reg_6_/RN(rise)
                                       CK(rise)  removal   untested  false_paths
U3_cpu/U1_datapath/U1_sfr/U12_u_tc/th1_reg_6_/RN(rise)
                                       CK(rise)  recovery  untested  false_paths
U3_cpu/U1_datapath/U1_sfr/U12_u_tc/th1_reg_6_/RN(low)
                                                 min_pulse_width
                                                           untested  no_clock
U3_cpu/U1_datapath/U1_sfr/U12_u_tc/th1_reg_6_/SE
                                       CK(rise)  setup     untested  constant_disabled
U3_cpu/U1_datapath/U1_sfr/U12_u_tc/th1_reg_6_/SE
                                       CK(rise)  hold      untested  constant_disabled
U3_cpu/U1_datapath/U1_sfr/U12_u_tc/th1_reg_6_/SI
                                       CK(rise)  setup     untested  constant_disabled
U3_cpu/U1_datapath/U1_sfr/U12_u_tc/th1_reg_6_/SI
                                       CK(rise)  hold      untested  constant_disabled
U3_cpu/U1_datapath/U1_sfr/U12_u_tc/th1_reg_6_/SN(rise)
                                       CK(rise)  setup     untested  constant_disabled
U3_cpu/U1_datapath/U1_sfr/U12_u_tc/th1_reg_6_/SN(rise)
                                       CK(rise)  hold      untested  constant_disabled
U3_cpu/U1_datapath/U1_sfr/U12_u_tc/th1_reg_6_/SN(low)
                                                 min_pulse_width
                                                           untested  constant_disabled
U3_cpu/U1_datapath/U1_sfr/U12_u_tc/th1_reg_7_/RN(rise)
                                       CK(rise)  removal   untested  false_paths
U3_cpu/U1_datapath/U1_sfr/U12_u_tc/th1_reg_7_/RN(rise)
                                       CK(rise)  recovery  untested  false_paths
U3_cpu/U1_datapath/U1_sfr/U12_u_tc/th1_reg_7_/RN(low)
                                                 min_pulse_width
                                                           untested  no_clock
U3_cpu/U1_datapath/U1_sfr/U12_u_tc/th1_reg_7_/SE
                                       CK(rise)  setup     untested  constant_disabled
U3_cpu/U1_datapath/U1_sfr/U12_u_tc/th1_reg_7_/SE
                                       CK(rise)  hold      untested  constant_disabled
U3_cpu/U1_datapath/U1_sfr/U12_u_tc/th1_reg_7_/SI
                                       CK(rise)  setup     untested  constant_disabled
U3_cpu/U1_datapath/U1_sfr/U12_u_tc/th1_reg_7_/SI
                                       CK(rise)  hold      untested  constant_disabled
U3_cpu/U1_datapath/U1_sfr/U12_u_tc/th1_reg_7_/SN(rise)
                                       CK(rise)  setup     untested  constant_disabled
U3_cpu/U1_datapath/U1_sfr/U12_u_tc/th1_reg_7_/SN(rise)
                                       CK(rise)  hold      untested  constant_disabled
U3_cpu/U1_datapath/U1_sfr/U12_u_tc/th1_reg_7_/SN(low)
                                                 min_pulse_width
                                                           untested  constant_disabled
U3_cpu/U1_datapath/U1_sfr/U12_u_tc/tl0_reg_0_/RN(rise)
                                       CK(rise)  removal   untested  false_paths
U3_cpu/U1_datapath/U1_sfr/U12_u_tc/tl0_reg_0_/RN(rise)
                                       CK(rise)  recovery  untested  false_paths
U3_cpu/U1_datapath/U1_sfr/U12_u_tc/tl0_reg_0_/RN(low)
                                                 min_pulse_width
                                                           untested  no_clock
U3_cpu/U1_datapath/U1_sfr/U12_u_tc/tl0_reg_0_/SE
                                       CK(rise)  setup     untested  constant_disabled
U3_cpu/U1_datapath/U1_sfr/U12_u_tc/tl0_reg_0_/SE
                                       CK(rise)  hold      untested  constant_disabled
U3_cpu/U1_datapath/U1_sfr/U12_u_tc/tl0_reg_0_/SI
                                       CK(rise)  setup     untested  constant_disabled
U3_cpu/U1_datapath/U1_sfr/U12_u_tc/tl0_reg_0_/SI
                                       CK(rise)  hold      untested  constant_disabled
U3_cpu/U1_datapath/U1_sfr/U12_u_tc/tl0_reg_0_/SN(rise)
                                       CK(rise)  setup     untested  constant_disabled
U3_cpu/U1_datapath/U1_sfr/U12_u_tc/tl0_reg_0_/SN(rise)
                                       CK(rise)  hold      untested  constant_disabled
U3_cpu/U1_datapath/U1_sfr/U12_u_tc/tl0_reg_0_/SN(low)
                                                 min_pulse_width
                                                           untested  constant_disabled
U3_cpu/U1_datapath/U1_sfr/U12_u_tc/tl0_reg_1_/RN(rise)
                                       CK(rise)  removal   untested  false_paths
U3_cpu/U1_datapath/U1_sfr/U12_u_tc/tl0_reg_1_/RN(rise)
                                       CK(rise)  recovery  untested  false_paths
U3_cpu/U1_datapath/U1_sfr/U12_u_tc/tl0_reg_1_/RN(low)
                                                 min_pulse_width
                                                           untested  no_clock
U3_cpu/U1_datapath/U1_sfr/U12_u_tc/tl0_reg_1_/SE
                                       CK(rise)  setup     untested  constant_disabled
U3_cpu/U1_datapath/U1_sfr/U12_u_tc/tl0_reg_1_/SE
                                       CK(rise)  hold      untested  constant_disabled
U3_cpu/U1_datapath/U1_sfr/U12_u_tc/tl0_reg_1_/SI
                                       CK(rise)  setup     untested  constant_disabled
U3_cpu/U1_datapath/U1_sfr/U12_u_tc/tl0_reg_1_/SI
                                       CK(rise)  hold      untested  constant_disabled
U3_cpu/U1_datapath/U1_sfr/U12_u_tc/tl0_reg_1_/SN(rise)
                                       CK(rise)  setup     untested  constant_disabled
U3_cpu/U1_datapath/U1_sfr/U12_u_tc/tl0_reg_1_/SN(rise)
                                       CK(rise)  hold      untested  constant_disabled
U3_cpu/U1_datapath/U1_sfr/U12_u_tc/tl0_reg_1_/SN(low)
                                                 min_pulse_width
                                                           untested  constant_disabled
U3_cpu/U1_datapath/U1_sfr/U12_u_tc/tl0_reg_2_/RN(rise)
                                       CK(rise)  removal   untested  false_paths
U3_cpu/U1_datapath/U1_sfr/U12_u_tc/tl0_reg_2_/RN(rise)
                                       CK(rise)  recovery  untested  false_paths
U3_cpu/U1_datapath/U1_sfr/U12_u_tc/tl0_reg_2_/RN(low)
                                                 min_pulse_width
                                                           untested  no_clock
U3_cpu/U1_datapath/U1_sfr/U12_u_tc/tl0_reg_2_/SE
                                       CK(rise)  setup     untested  constant_disabled
U3_cpu/U1_datapath/U1_sfr/U12_u_tc/tl0_reg_2_/SE
                                       CK(rise)  hold      untested  constant_disabled
U3_cpu/U1_datapath/U1_sfr/U12_u_tc/tl0_reg_2_/SI
                                       CK(rise)  setup     untested  constant_disabled
U3_cpu/U1_datapath/U1_sfr/U12_u_tc/tl0_reg_2_/SI
                                       CK(rise)  hold      untested  constant_disabled
U3_cpu/U1_datapath/U1_sfr/U12_u_tc/tl0_reg_2_/SN(rise)
                                       CK(rise)  setup     untested  constant_disabled
U3_cpu/U1_datapath/U1_sfr/U12_u_tc/tl0_reg_2_/SN(rise)
                                       CK(rise)  hold      untested  constant_disabled
U3_cpu/U1_datapath/U1_sfr/U12_u_tc/tl0_reg_2_/SN(low)
                                                 min_pulse_width
                                                           untested  constant_disabled
U3_cpu/U1_datapath/U1_sfr/U12_u_tc/tl0_reg_3_/RN(rise)
                                       CK(rise)  removal   untested  false_paths
U3_cpu/U1_datapath/U1_sfr/U12_u_tc/tl0_reg_3_/RN(rise)
                                       CK(rise)  recovery  untested  false_paths
U3_cpu/U1_datapath/U1_sfr/U12_u_tc/tl0_reg_3_/RN(low)
                                                 min_pulse_width
                                                           untested  no_clock
U3_cpu/U1_datapath/U1_sfr/U12_u_tc/tl0_reg_3_/SE
                                       CK(rise)  setup     untested  constant_disabled
U3_cpu/U1_datapath/U1_sfr/U12_u_tc/tl0_reg_3_/SE
                                       CK(rise)  hold      untested  constant_disabled
U3_cpu/U1_datapath/U1_sfr/U12_u_tc/tl0_reg_3_/SI
                                       CK(rise)  setup     untested  constant_disabled
U3_cpu/U1_datapath/U1_sfr/U12_u_tc/tl0_reg_3_/SI
                                       CK(rise)  hold      untested  constant_disabled
U3_cpu/U1_datapath/U1_sfr/U12_u_tc/tl0_reg_3_/SN(rise)
                                       CK(rise)  setup     untested  constant_disabled
U3_cpu/U1_datapath/U1_sfr/U12_u_tc/tl0_reg_3_/SN(rise)
                                       CK(rise)  hold      untested  constant_disabled
U3_cpu/U1_datapath/U1_sfr/U12_u_tc/tl0_reg_3_/SN(low)
                                                 min_pulse_width
                                                           untested  constant_disabled
U3_cpu/U1_datapath/U1_sfr/U12_u_tc/tl0_reg_4_/RN(rise)
                                       CK(rise)  removal   untested  false_paths
U3_cpu/U1_datapath/U1_sfr/U12_u_tc/tl0_reg_4_/RN(rise)
                                       CK(rise)  recovery  untested  false_paths
U3_cpu/U1_datapath/U1_sfr/U12_u_tc/tl0_reg_4_/RN(low)
                                                 min_pulse_width
                                                           untested  no_clock
U3_cpu/U1_datapath/U1_sfr/U12_u_tc/tl0_reg_4_/SE
                                       CK(rise)  setup     untested  constant_disabled
U3_cpu/U1_datapath/U1_sfr/U12_u_tc/tl0_reg_4_/SE
                                       CK(rise)  hold      untested  constant_disabled
U3_cpu/U1_datapath/U1_sfr/U12_u_tc/tl0_reg_4_/SI
                                       CK(rise)  setup     untested  constant_disabled
U3_cpu/U1_datapath/U1_sfr/U12_u_tc/tl0_reg_4_/SI
                                       CK(rise)  hold      untested  constant_disabled
U3_cpu/U1_datapath/U1_sfr/U12_u_tc/tl0_reg_4_/SN(rise)
                                       CK(rise)  setup     untested  constant_disabled
U3_cpu/U1_datapath/U1_sfr/U12_u_tc/tl0_reg_4_/SN(rise)
                                       CK(rise)  hold      untested  constant_disabled
U3_cpu/U1_datapath/U1_sfr/U12_u_tc/tl0_reg_4_/SN(low)
                                                 min_pulse_width
                                                           untested  constant_disabled
U3_cpu/U1_datapath/U1_sfr/U12_u_tc/tl0_reg_5_/RN(rise)
                                       CK(rise)  removal   untested  false_paths
U3_cpu/U1_datapath/U1_sfr/U12_u_tc/tl0_reg_5_/RN(rise)
                                       CK(rise)  recovery  untested  false_paths
U3_cpu/U1_datapath/U1_sfr/U12_u_tc/tl0_reg_5_/RN(low)
                                                 min_pulse_width
                                                           untested  no_clock
U3_cpu/U1_datapath/U1_sfr/U12_u_tc/tl0_reg_5_/SE
                                       CK(rise)  setup     untested  constant_disabled
U3_cpu/U1_datapath/U1_sfr/U12_u_tc/tl0_reg_5_/SE
                                       CK(rise)  hold      untested  constant_disabled
U3_cpu/U1_datapath/U1_sfr/U12_u_tc/tl0_reg_5_/SI
                                       CK(rise)  setup     untested  constant_disabled
U3_cpu/U1_datapath/U1_sfr/U12_u_tc/tl0_reg_5_/SI
                                       CK(rise)  hold      untested  constant_disabled
U3_cpu/U1_datapath/U1_sfr/U12_u_tc/tl0_reg_5_/SN(rise)
                                       CK(rise)  setup     untested  constant_disabled
U3_cpu/U1_datapath/U1_sfr/U12_u_tc/tl0_reg_5_/SN(rise)
                                       CK(rise)  hold      untested  constant_disabled
U3_cpu/U1_datapath/U1_sfr/U12_u_tc/tl0_reg_5_/SN(low)
                                                 min_pulse_width
                                                           untested  constant_disabled
U3_cpu/U1_datapath/U1_sfr/U12_u_tc/tl0_reg_6_/RN(rise)
                                       CK(rise)  removal   untested  false_paths
U3_cpu/U1_datapath/U1_sfr/U12_u_tc/tl0_reg_6_/RN(rise)
                                       CK(rise)  recovery  untested  false_paths
U3_cpu/U1_datapath/U1_sfr/U12_u_tc/tl0_reg_6_/RN(low)
                                                 min_pulse_width
                                                           untested  no_clock
U3_cpu/U1_datapath/U1_sfr/U12_u_tc/tl0_reg_6_/SE
                                       CK(rise)  setup     untested  constant_disabled
U3_cpu/U1_datapath/U1_sfr/U12_u_tc/tl0_reg_6_/SE
                                       CK(rise)  hold      untested  constant_disabled
U3_cpu/U1_datapath/U1_sfr/U12_u_tc/tl0_reg_6_/SI
                                       CK(rise)  setup     untested  constant_disabled
U3_cpu/U1_datapath/U1_sfr/U12_u_tc/tl0_reg_6_/SI
                                       CK(rise)  hold      untested  constant_disabled
U3_cpu/U1_datapath/U1_sfr/U12_u_tc/tl0_reg_6_/SN(rise)
                                       CK(rise)  setup     untested  constant_disabled
U3_cpu/U1_datapath/U1_sfr/U12_u_tc/tl0_reg_6_/SN(rise)
                                       CK(rise)  hold      untested  constant_disabled
U3_cpu/U1_datapath/U1_sfr/U12_u_tc/tl0_reg_6_/SN(low)
                                                 min_pulse_width
                                                           untested  constant_disabled
U3_cpu/U1_datapath/U1_sfr/U12_u_tc/tl0_reg_7_/RN(rise)
                                       CK(rise)  removal   untested  false_paths
U3_cpu/U1_datapath/U1_sfr/U12_u_tc/tl0_reg_7_/RN(rise)
                                       CK(rise)  recovery  untested  false_paths
U3_cpu/U1_datapath/U1_sfr/U12_u_tc/tl0_reg_7_/RN(low)
                                                 min_pulse_width
                                                           untested  no_clock
U3_cpu/U1_datapath/U1_sfr/U12_u_tc/tl0_reg_7_/SE
                                       CK(rise)  setup     untested  constant_disabled
U3_cpu/U1_datapath/U1_sfr/U12_u_tc/tl0_reg_7_/SE
                                       CK(rise)  hold      untested  constant_disabled
U3_cpu/U1_datapath/U1_sfr/U12_u_tc/tl0_reg_7_/SI
                                       CK(rise)  setup     untested  constant_disabled
U3_cpu/U1_datapath/U1_sfr/U12_u_tc/tl0_reg_7_/SI
                                       CK(rise)  hold      untested  constant_disabled
U3_cpu/U1_datapath/U1_sfr/U12_u_tc/tl0_reg_7_/SN(rise)
                                       CK(rise)  setup     untested  constant_disabled
U3_cpu/U1_datapath/U1_sfr/U12_u_tc/tl0_reg_7_/SN(rise)
                                       CK(rise)  hold      untested  constant_disabled
U3_cpu/U1_datapath/U1_sfr/U12_u_tc/tl0_reg_7_/SN(low)
                                                 min_pulse_width
                                                           untested  constant_disabled
U3_cpu/U1_datapath/U1_sfr/U12_u_tc/tl1_reg_0_/RN(rise)
                                       CK(rise)  removal   untested  false_paths
U3_cpu/U1_datapath/U1_sfr/U12_u_tc/tl1_reg_0_/RN(rise)
                                       CK(rise)  recovery  untested  false_paths
U3_cpu/U1_datapath/U1_sfr/U12_u_tc/tl1_reg_0_/RN(low)
                                                 min_pulse_width
                                                           untested  no_clock
U3_cpu/U1_datapath/U1_sfr/U12_u_tc/tl1_reg_0_/SE
                                       CK(rise)  setup     untested  constant_disabled
U3_cpu/U1_datapath/U1_sfr/U12_u_tc/tl1_reg_0_/SE
                                       CK(rise)  hold      untested  constant_disabled
U3_cpu/U1_datapath/U1_sfr/U12_u_tc/tl1_reg_0_/SI
                                       CK(rise)  setup     untested  constant_disabled
U3_cpu/U1_datapath/U1_sfr/U12_u_tc/tl1_reg_0_/SI
                                       CK(rise)  hold      untested  constant_disabled
U3_cpu/U1_datapath/U1_sfr/U12_u_tc/tl1_reg_0_/SN(rise)
                                       CK(rise)  setup     untested  constant_disabled
U3_cpu/U1_datapath/U1_sfr/U12_u_tc/tl1_reg_0_/SN(rise)
                                       CK(rise)  hold      untested  constant_disabled
U3_cpu/U1_datapath/U1_sfr/U12_u_tc/tl1_reg_0_/SN(low)
                                                 min_pulse_width
                                                           untested  constant_disabled
U3_cpu/U1_datapath/U1_sfr/U12_u_tc/tl1_reg_1_/RN(rise)
                                       CK(rise)  removal   untested  false_paths
U3_cpu/U1_datapath/U1_sfr/U12_u_tc/tl1_reg_1_/RN(rise)
                                       CK(rise)  recovery  untested  false_paths
U3_cpu/U1_datapath/U1_sfr/U12_u_tc/tl1_reg_1_/RN(low)
                                                 min_pulse_width
                                                           untested  no_clock
U3_cpu/U1_datapath/U1_sfr/U12_u_tc/tl1_reg_1_/SE
                                       CK(rise)  setup     untested  constant_disabled
U3_cpu/U1_datapath/U1_sfr/U12_u_tc/tl1_reg_1_/SE
                                       CK(rise)  hold      untested  constant_disabled
U3_cpu/U1_datapath/U1_sfr/U12_u_tc/tl1_reg_1_/SI
                                       CK(rise)  setup     untested  constant_disabled
U3_cpu/U1_datapath/U1_sfr/U12_u_tc/tl1_reg_1_/SI
                                       CK(rise)  hold      untested  constant_disabled
U3_cpu/U1_datapath/U1_sfr/U12_u_tc/tl1_reg_1_/SN(rise)
                                       CK(rise)  setup     untested  constant_disabled
U3_cpu/U1_datapath/U1_sfr/U12_u_tc/tl1_reg_1_/SN(rise)
                                       CK(rise)  hold      untested  constant_disabled
U3_cpu/U1_datapath/U1_sfr/U12_u_tc/tl1_reg_1_/SN(low)
                                                 min_pulse_width
                                                           untested  constant_disabled
U3_cpu/U1_datapath/U1_sfr/U12_u_tc/tl1_reg_2_/RN(rise)
                                       CK(rise)  removal   untested  false_paths
U3_cpu/U1_datapath/U1_sfr/U12_u_tc/tl1_reg_2_/RN(rise)
                                       CK(rise)  recovery  untested  false_paths
U3_cpu/U1_datapath/U1_sfr/U12_u_tc/tl1_reg_2_/RN(low)
                                                 min_pulse_width
                                                           untested  no_clock
U3_cpu/U1_datapath/U1_sfr/U12_u_tc/tl1_reg_2_/SE
                                       CK(rise)  setup     untested  constant_disabled
U3_cpu/U1_datapath/U1_sfr/U12_u_tc/tl1_reg_2_/SE
                                       CK(rise)  hold      untested  constant_disabled
U3_cpu/U1_datapath/U1_sfr/U12_u_tc/tl1_reg_2_/SI
                                       CK(rise)  setup     untested  constant_disabled
U3_cpu/U1_datapath/U1_sfr/U12_u_tc/tl1_reg_2_/SI
                                       CK(rise)  hold      untested  constant_disabled
U3_cpu/U1_datapath/U1_sfr/U12_u_tc/tl1_reg_2_/SN(rise)
                                       CK(rise)  setup     untested  constant_disabled
U3_cpu/U1_datapath/U1_sfr/U12_u_tc/tl1_reg_2_/SN(rise)
                                       CK(rise)  hold      untested  constant_disabled
U3_cpu/U1_datapath/U1_sfr/U12_u_tc/tl1_reg_2_/SN(low)
                                                 min_pulse_width
                                                           untested  constant_disabled
U3_cpu/U1_datapath/U1_sfr/U12_u_tc/tl1_reg_3_/RN(rise)
                                       CK(rise)  removal   untested  false_paths
U3_cpu/U1_datapath/U1_sfr/U12_u_tc/tl1_reg_3_/RN(rise)
                                       CK(rise)  recovery  untested  false_paths
U3_cpu/U1_datapath/U1_sfr/U12_u_tc/tl1_reg_3_/RN(low)
                                                 min_pulse_width
                                                           untested  no_clock
U3_cpu/U1_datapath/U1_sfr/U12_u_tc/tl1_reg_3_/SE
                                       CK(rise)  setup     untested  constant_disabled
U3_cpu/U1_datapath/U1_sfr/U12_u_tc/tl1_reg_3_/SE
                                       CK(rise)  hold      untested  constant_disabled
U3_cpu/U1_datapath/U1_sfr/U12_u_tc/tl1_reg_3_/SI
                                       CK(rise)  setup     untested  constant_disabled
U3_cpu/U1_datapath/U1_sfr/U12_u_tc/tl1_reg_3_/SI
                                       CK(rise)  hold      untested  constant_disabled
U3_cpu/U1_datapath/U1_sfr/U12_u_tc/tl1_reg_3_/SN(rise)
                                       CK(rise)  setup     untested  constant_disabled
U3_cpu/U1_datapath/U1_sfr/U12_u_tc/tl1_reg_3_/SN(rise)
                                       CK(rise)  hold      untested  constant_disabled
U3_cpu/U1_datapath/U1_sfr/U12_u_tc/tl1_reg_3_/SN(low)
                                                 min_pulse_width
                                                           untested  constant_disabled
U3_cpu/U1_datapath/U1_sfr/U12_u_tc/tl1_reg_4_/RN(rise)
                                       CK(rise)  removal   untested  false_paths
U3_cpu/U1_datapath/U1_sfr/U12_u_tc/tl1_reg_4_/RN(rise)
                                       CK(rise)  recovery  untested  false_paths
U3_cpu/U1_datapath/U1_sfr/U12_u_tc/tl1_reg_4_/RN(low)
                                                 min_pulse_width
                                                           untested  no_clock
U3_cpu/U1_datapath/U1_sfr/U12_u_tc/tl1_reg_4_/SE
                                       CK(rise)  setup     untested  constant_disabled
U3_cpu/U1_datapath/U1_sfr/U12_u_tc/tl1_reg_4_/SE
                                       CK(rise)  hold      untested  constant_disabled
U3_cpu/U1_datapath/U1_sfr/U12_u_tc/tl1_reg_4_/SI
                                       CK(rise)  setup     untested  constant_disabled
U3_cpu/U1_datapath/U1_sfr/U12_u_tc/tl1_reg_4_/SI
                                       CK(rise)  hold      untested  constant_disabled
U3_cpu/U1_datapath/U1_sfr/U12_u_tc/tl1_reg_4_/SN(rise)
                                       CK(rise)  setup     untested  constant_disabled
U3_cpu/U1_datapath/U1_sfr/U12_u_tc/tl1_reg_4_/SN(rise)
                                       CK(rise)  hold      untested  constant_disabled
U3_cpu/U1_datapath/U1_sfr/U12_u_tc/tl1_reg_4_/SN(low)
                                                 min_pulse_width
                                                           untested  constant_disabled
U3_cpu/U1_datapath/U1_sfr/U12_u_tc/tl1_reg_5_/RN(rise)
                                       CK(rise)  removal   untested  false_paths
U3_cpu/U1_datapath/U1_sfr/U12_u_tc/tl1_reg_5_/RN(rise)
                                       CK(rise)  recovery  untested  false_paths
U3_cpu/U1_datapath/U1_sfr/U12_u_tc/tl1_reg_5_/RN(low)
                                                 min_pulse_width
                                                           untested  no_clock
U3_cpu/U1_datapath/U1_sfr/U12_u_tc/tl1_reg_5_/SE
                                       CK(rise)  setup     untested  constant_disabled
U3_cpu/U1_datapath/U1_sfr/U12_u_tc/tl1_reg_5_/SE
                                       CK(rise)  hold      untested  constant_disabled
U3_cpu/U1_datapath/U1_sfr/U12_u_tc/tl1_reg_5_/SI
                                       CK(rise)  setup     untested  constant_disabled
U3_cpu/U1_datapath/U1_sfr/U12_u_tc/tl1_reg_5_/SI
                                       CK(rise)  hold      untested  constant_disabled
U3_cpu/U1_datapath/U1_sfr/U12_u_tc/tl1_reg_5_/SN(rise)
                                       CK(rise)  setup     untested  constant_disabled
U3_cpu/U1_datapath/U1_sfr/U12_u_tc/tl1_reg_5_/SN(rise)
                                       CK(rise)  hold      untested  constant_disabled
U3_cpu/U1_datapath/U1_sfr/U12_u_tc/tl1_reg_5_/SN(low)
                                                 min_pulse_width
                                                           untested  constant_disabled
U3_cpu/U1_datapath/U1_sfr/U12_u_tc/tl1_reg_6_/RN(rise)
                                       CK(rise)  removal   untested  false_paths
U3_cpu/U1_datapath/U1_sfr/U12_u_tc/tl1_reg_6_/RN(rise)
                                       CK(rise)  recovery  untested  false_paths
U3_cpu/U1_datapath/U1_sfr/U12_u_tc/tl1_reg_6_/RN(low)
                                                 min_pulse_width
                                                           untested  no_clock
U3_cpu/U1_datapath/U1_sfr/U12_u_tc/tl1_reg_6_/SE
                                       CK(rise)  setup     untested  constant_disabled
U3_cpu/U1_datapath/U1_sfr/U12_u_tc/tl1_reg_6_/SE
                                       CK(rise)  hold      untested  constant_disabled
U3_cpu/U1_datapath/U1_sfr/U12_u_tc/tl1_reg_6_/SI
                                       CK(rise)  setup     untested  constant_disabled
U3_cpu/U1_datapath/U1_sfr/U12_u_tc/tl1_reg_6_/SI
                                       CK(rise)  hold      untested  constant_disabled
U3_cpu/U1_datapath/U1_sfr/U12_u_tc/tl1_reg_6_/SN(rise)
                                       CK(rise)  setup     untested  constant_disabled
U3_cpu/U1_datapath/U1_sfr/U12_u_tc/tl1_reg_6_/SN(rise)
                                       CK(rise)  hold      untested  constant_disabled
U3_cpu/U1_datapath/U1_sfr/U12_u_tc/tl1_reg_6_/SN(low)
                                                 min_pulse_width
                                                           untested  constant_disabled
U3_cpu/U1_datapath/U1_sfr/U12_u_tc/tl1_reg_7_/RN(rise)
                                       CK(rise)  removal   untested  false_paths
U3_cpu/U1_datapath/U1_sfr/U12_u_tc/tl1_reg_7_/RN(rise)
                                       CK(rise)  recovery  untested  false_paths
U3_cpu/U1_datapath/U1_sfr/U12_u_tc/tl1_reg_7_/RN(low)
                                                 min_pulse_width
                                                           untested  no_clock
U3_cpu/U1_datapath/U1_sfr/U12_u_tc/tl1_reg_7_/SE
                                       CK(rise)  setup     untested  constant_disabled
U3_cpu/U1_datapath/U1_sfr/U12_u_tc/tl1_reg_7_/SE
                                       CK(rise)  hold      untested  constant_disabled
U3_cpu/U1_datapath/U1_sfr/U12_u_tc/tl1_reg_7_/SI
                                       CK(rise)  setup     untested  constant_disabled
U3_cpu/U1_datapath/U1_sfr/U12_u_tc/tl1_reg_7_/SI
                                       CK(rise)  hold      untested  constant_disabled
U3_cpu/U1_datapath/U1_sfr/U12_u_tc/tl1_reg_7_/SN(rise)
                                       CK(rise)  setup     untested  constant_disabled
U3_cpu/U1_datapath/U1_sfr/U12_u_tc/tl1_reg_7_/SN(rise)
                                       CK(rise)  hold      untested  constant_disabled
U3_cpu/U1_datapath/U1_sfr/U12_u_tc/tl1_reg_7_/SN(low)
                                                 min_pulse_width
                                                           untested  constant_disabled
U3_cpu/U1_datapath/U1_sfr/U1_dimod/out_dimod_reg_0_/RN(rise)
                                       CK(rise)  removal   untested  false_paths
U3_cpu/U1_datapath/U1_sfr/U1_dimod/out_dimod_reg_0_/RN(rise)
                                       CK(rise)  recovery  untested  false_paths
U3_cpu/U1_datapath/U1_sfr/U1_dimod/out_dimod_reg_0_/RN(low)
                                                 min_pulse_width
                                                           untested  no_clock
U3_cpu/U1_datapath/U1_sfr/U1_dimod/out_dimod_reg_0_/SE
                                       CK(rise)  setup     untested  constant_disabled
U3_cpu/U1_datapath/U1_sfr/U1_dimod/out_dimod_reg_0_/SE
                                       CK(rise)  hold      untested  constant_disabled
U3_cpu/U1_datapath/U1_sfr/U1_dimod/out_dimod_reg_0_/SI
                                       CK(rise)  setup     untested  constant_disabled
U3_cpu/U1_datapath/U1_sfr/U1_dimod/out_dimod_reg_0_/SI
                                       CK(rise)  hold      untested  constant_disabled
U3_cpu/U1_datapath/U1_sfr/U1_dimod/out_dimod_reg_0_/SN(rise)
                                       CK(rise)  setup     untested  constant_disabled
U3_cpu/U1_datapath/U1_sfr/U1_dimod/out_dimod_reg_0_/SN(rise)
                                       CK(rise)  hold      untested  constant_disabled
U3_cpu/U1_datapath/U1_sfr/U1_dimod/out_dimod_reg_0_/SN(low)
                                                 min_pulse_width
                                                           untested  constant_disabled
U3_cpu/U1_datapath/U1_sfr/U1_dimod/out_dimod_reg_1_/RN(rise)
                                       CK(rise)  removal   untested  false_paths
U3_cpu/U1_datapath/U1_sfr/U1_dimod/out_dimod_reg_1_/RN(rise)
                                       CK(rise)  recovery  untested  false_paths
U3_cpu/U1_datapath/U1_sfr/U1_dimod/out_dimod_reg_1_/RN(low)
                                                 min_pulse_width
                                                           untested  no_clock
U3_cpu/U1_datapath/U1_sfr/U1_dimod/out_dimod_reg_1_/SE
                                       CK(rise)  setup     untested  constant_disabled
U3_cpu/U1_datapath/U1_sfr/U1_dimod/out_dimod_reg_1_/SE
                                       CK(rise)  hold      untested  constant_disabled
U3_cpu/U1_datapath/U1_sfr/U1_dimod/out_dimod_reg_1_/SI
                                       CK(rise)  setup     untested  constant_disabled
U3_cpu/U1_datapath/U1_sfr/U1_dimod/out_dimod_reg_1_/SI
                                       CK(rise)  hold      untested  constant_disabled
U3_cpu/U1_datapath/U1_sfr/U1_dimod/out_dimod_reg_1_/SN(rise)
                                       CK(rise)  setup     untested  constant_disabled
U3_cpu/U1_datapath/U1_sfr/U1_dimod/out_dimod_reg_1_/SN(rise)
                                       CK(rise)  hold      untested  constant_disabled
U3_cpu/U1_datapath/U1_sfr/U1_dimod/out_dimod_reg_1_/SN(low)
                                                 min_pulse_width
                                                           untested  constant_disabled
U3_cpu/U1_datapath/U1_sfr/U1_dimod/out_dimod_reg_2_/RN(rise)
                                       CK(rise)  removal   untested  false_paths
U3_cpu/U1_datapath/U1_sfr/U1_dimod/out_dimod_reg_2_/RN(rise)
                                       CK(rise)  recovery  untested  false_paths
U3_cpu/U1_datapath/U1_sfr/U1_dimod/out_dimod_reg_2_/RN(low)
                                                 min_pulse_width
                                                           untested  no_clock
U3_cpu/U1_datapath/U1_sfr/U1_dimod/out_dimod_reg_2_/SE
                                       CK(rise)  setup     untested  constant_disabled
U3_cpu/U1_datapath/U1_sfr/U1_dimod/out_dimod_reg_2_/SE
                                       CK(rise)  hold      untested  constant_disabled
U3_cpu/U1_datapath/U1_sfr/U1_dimod/out_dimod_reg_2_/SI
                                       CK(rise)  setup     untested  constant_disabled
U3_cpu/U1_datapath/U1_sfr/U1_dimod/out_dimod_reg_2_/SI
                                       CK(rise)  hold      untested  constant_disabled
U3_cpu/U1_datapath/U1_sfr/U1_dimod/out_dimod_reg_2_/SN(rise)
                                       CK(rise)  setup     untested  constant_disabled
U3_cpu/U1_datapath/U1_sfr/U1_dimod/out_dimod_reg_2_/SN(rise)
                                       CK(rise)  hold      untested  constant_disabled
U3_cpu/U1_datapath/U1_sfr/U1_dimod/out_dimod_reg_2_/SN(low)
                                                 min_pulse_width
                                                           untested  constant_disabled
U3_cpu/U1_datapath/U1_sfr/U1_dimod/out_dimod_reg_3_/RN(rise)
                                       CK(rise)  removal   untested  false_paths
U3_cpu/U1_datapath/U1_sfr/U1_dimod/out_dimod_reg_3_/RN(rise)
                                       CK(rise)  recovery  untested  false_paths
U3_cpu/U1_datapath/U1_sfr/U1_dimod/out_dimod_reg_3_/RN(low)
                                                 min_pulse_width
                                                           untested  no_clock
U3_cpu/U1_datapath/U1_sfr/U1_dimod/out_dimod_reg_3_/SE
                                       CK(rise)  setup     untested  constant_disabled
U3_cpu/U1_datapath/U1_sfr/U1_dimod/out_dimod_reg_3_/SE
                                       CK(rise)  hold      untested  constant_disabled
U3_cpu/U1_datapath/U1_sfr/U1_dimod/out_dimod_reg_3_/SI
                                       CK(rise)  setup     untested  constant_disabled
U3_cpu/U1_datapath/U1_sfr/U1_dimod/out_dimod_reg_3_/SI
                                       CK(rise)  hold      untested  constant_disabled
U3_cpu/U1_datapath/U1_sfr/U1_dimod/out_dimod_reg_3_/SN(rise)
                                       CK(rise)  setup     untested  constant_disabled
U3_cpu/U1_datapath/U1_sfr/U1_dimod/out_dimod_reg_3_/SN(rise)
                                       CK(rise)  hold      untested  constant_disabled
U3_cpu/U1_datapath/U1_sfr/U1_dimod/out_dimod_reg_3_/SN(low)
                                                 min_pulse_width
                                                           untested  constant_disabled
U3_cpu/U1_datapath/U1_sfr/U1_dimod/out_dimod_reg_4_/RN(rise)
                                       CK(rise)  removal   untested  false_paths
U3_cpu/U1_datapath/U1_sfr/U1_dimod/out_dimod_reg_4_/RN(rise)
                                       CK(rise)  recovery  untested  false_paths
U3_cpu/U1_datapath/U1_sfr/U1_dimod/out_dimod_reg_4_/RN(low)
                                                 min_pulse_width
                                                           untested  no_clock
U3_cpu/U1_datapath/U1_sfr/U1_dimod/out_dimod_reg_4_/SE
                                       CK(rise)  setup     untested  constant_disabled
U3_cpu/U1_datapath/U1_sfr/U1_dimod/out_dimod_reg_4_/SE
                                       CK(rise)  hold      untested  constant_disabled
U3_cpu/U1_datapath/U1_sfr/U1_dimod/out_dimod_reg_4_/SI
                                       CK(rise)  setup     untested  constant_disabled
U3_cpu/U1_datapath/U1_sfr/U1_dimod/out_dimod_reg_4_/SI
                                       CK(rise)  hold      untested  constant_disabled
U3_cpu/U1_datapath/U1_sfr/U1_dimod/out_dimod_reg_4_/SN(rise)
                                       CK(rise)  setup     untested  constant_disabled
U3_cpu/U1_datapath/U1_sfr/U1_dimod/out_dimod_reg_4_/SN(rise)
                                       CK(rise)  hold      untested  constant_disabled
U3_cpu/U1_datapath/U1_sfr/U1_dimod/out_dimod_reg_4_/SN(low)
                                                 min_pulse_width
                                                           untested  constant_disabled
U3_cpu/U1_datapath/U1_sfr/U1_dimod/out_dimod_reg_5_/RN(rise)
                                       CK(rise)  removal   untested  false_paths
U3_cpu/U1_datapath/U1_sfr/U1_dimod/out_dimod_reg_5_/RN(rise)
                                       CK(rise)  recovery  untested  false_paths
U3_cpu/U1_datapath/U1_sfr/U1_dimod/out_dimod_reg_5_/RN(low)
                                                 min_pulse_width
                                                           untested  no_clock
U3_cpu/U1_datapath/U1_sfr/U1_dimod/out_dimod_reg_5_/SE
                                       CK(rise)  setup     untested  constant_disabled
U3_cpu/U1_datapath/U1_sfr/U1_dimod/out_dimod_reg_5_/SE
                                       CK(rise)  hold      untested  constant_disabled
U3_cpu/U1_datapath/U1_sfr/U1_dimod/out_dimod_reg_5_/SI
                                       CK(rise)  setup     untested  constant_disabled
U3_cpu/U1_datapath/U1_sfr/U1_dimod/out_dimod_reg_5_/SI
                                       CK(rise)  hold      untested  constant_disabled
U3_cpu/U1_datapath/U1_sfr/U1_dimod/out_dimod_reg_5_/SN(rise)
                                       CK(rise)  setup     untested  constant_disabled
U3_cpu/U1_datapath/U1_sfr/U1_dimod/out_dimod_reg_5_/SN(rise)
                                       CK(rise)  hold      untested  constant_disabled
U3_cpu/U1_datapath/U1_sfr/U1_dimod/out_dimod_reg_5_/SN(low)
                                                 min_pulse_width
                                                           untested  constant_disabled
U3_cpu/U1_datapath/U1_sfr/U1_dimod/out_dimod_reg_6_/RN(rise)
                                       CK(rise)  removal   untested  false_paths
U3_cpu/U1_datapath/U1_sfr/U1_dimod/out_dimod_reg_6_/RN(rise)
                                       CK(rise)  recovery  untested  false_paths
U3_cpu/U1_datapath/U1_sfr/U1_dimod/out_dimod_reg_6_/RN(low)
                                                 min_pulse_width
                                                           untested  no_clock
U3_cpu/U1_datapath/U1_sfr/U1_dimod/out_dimod_reg_6_/SE
                                       CK(rise)  setup     untested  constant_disabled
U3_cpu/U1_datapath/U1_sfr/U1_dimod/out_dimod_reg_6_/SE
                                       CK(rise)  hold      untested  constant_disabled
U3_cpu/U1_datapath/U1_sfr/U1_dimod/out_dimod_reg_6_/SI
                                       CK(rise)  setup     untested  constant_disabled
U3_cpu/U1_datapath/U1_sfr/U1_dimod/out_dimod_reg_6_/SI
                                       CK(rise)  hold      untested  constant_disabled
U3_cpu/U1_datapath/U1_sfr/U1_dimod/out_dimod_reg_6_/SN(rise)
                                       CK(rise)  setup     untested  constant_disabled
U3_cpu/U1_datapath/U1_sfr/U1_dimod/out_dimod_reg_6_/SN(rise)
                                       CK(rise)  hold      untested  constant_disabled
U3_cpu/U1_datapath/U1_sfr/U1_dimod/out_dimod_reg_6_/SN(low)
                                                 min_pulse_width
                                                           untested  constant_disabled
U3_cpu/U1_datapath/U1_sfr/U1_dimod/out_dimod_reg_7_/RN(rise)
                                       CK(rise)  removal   untested  false_paths
U3_cpu/U1_datapath/U1_sfr/U1_dimod/out_dimod_reg_7_/RN(rise)
                                       CK(rise)  recovery  untested  false_paths
U3_cpu/U1_datapath/U1_sfr/U1_dimod/out_dimod_reg_7_/RN(low)
                                                 min_pulse_width
                                                           untested  no_clock
U3_cpu/U1_datapath/U1_sfr/U1_dimod/out_dimod_reg_7_/SE
                                       CK(rise)  setup     untested  constant_disabled
U3_cpu/U1_datapath/U1_sfr/U1_dimod/out_dimod_reg_7_/SE
                                       CK(rise)  hold      untested  constant_disabled
U3_cpu/U1_datapath/U1_sfr/U1_dimod/out_dimod_reg_7_/SI
                                       CK(rise)  setup     untested  constant_disabled
U3_cpu/U1_datapath/U1_sfr/U1_dimod/out_dimod_reg_7_/SI
                                       CK(rise)  hold      untested  constant_disabled
U3_cpu/U1_datapath/U1_sfr/U1_dimod/out_dimod_reg_7_/SN(rise)
                                       CK(rise)  setup     untested  constant_disabled
U3_cpu/U1_datapath/U1_sfr/U1_dimod/out_dimod_reg_7_/SN(rise)
                                       CK(rise)  hold      untested  constant_disabled
U3_cpu/U1_datapath/U1_sfr/U1_dimod/out_dimod_reg_7_/SN(low)
                                                 min_pulse_width
                                                           untested  constant_disabled
U3_cpu/U1_datapath/U1_sfr/U1_dptr/out_dptr_reg_0_/RN(rise)
                                       CK(rise)  removal   untested  false_paths
U3_cpu/U1_datapath/U1_sfr/U1_dptr/out_dptr_reg_0_/RN(rise)
                                       CK(rise)  recovery  untested  false_paths
U3_cpu/U1_datapath/U1_sfr/U1_dptr/out_dptr_reg_0_/RN(low)
                                                 min_pulse_width
                                                           untested  no_clock
U3_cpu/U1_datapath/U1_sfr/U1_dptr/out_dptr_reg_0_/SE
                                       CK(rise)  setup     untested  constant_disabled
U3_cpu/U1_datapath/U1_sfr/U1_dptr/out_dptr_reg_0_/SE
                                       CK(rise)  hold      untested  constant_disabled
U3_cpu/U1_datapath/U1_sfr/U1_dptr/out_dptr_reg_0_/SI
                                       CK(rise)  setup     untested  constant_disabled
U3_cpu/U1_datapath/U1_sfr/U1_dptr/out_dptr_reg_0_/SI
                                       CK(rise)  hold      untested  constant_disabled
U3_cpu/U1_datapath/U1_sfr/U1_dptr/out_dptr_reg_0_/SN(rise)
                                       CK(rise)  setup     untested  constant_disabled
U3_cpu/U1_datapath/U1_sfr/U1_dptr/out_dptr_reg_0_/SN(rise)
                                       CK(rise)  hold      untested  constant_disabled
U3_cpu/U1_datapath/U1_sfr/U1_dptr/out_dptr_reg_0_/SN(low)
                                                 min_pulse_width
                                                           untested  constant_disabled
U3_cpu/U1_datapath/U1_sfr/U1_dptr/out_dptr_reg_10_/RN(rise)
                                       CK(rise)  removal   untested  false_paths
U3_cpu/U1_datapath/U1_sfr/U1_dptr/out_dptr_reg_10_/RN(rise)
                                       CK(rise)  recovery  untested  false_paths
U3_cpu/U1_datapath/U1_sfr/U1_dptr/out_dptr_reg_10_/RN(low)
                                                 min_pulse_width
                                                           untested  no_clock
U3_cpu/U1_datapath/U1_sfr/U1_dptr/out_dptr_reg_10_/SE
                                       CK(rise)  setup     untested  constant_disabled
U3_cpu/U1_datapath/U1_sfr/U1_dptr/out_dptr_reg_10_/SE
                                       CK(rise)  hold      untested  constant_disabled
U3_cpu/U1_datapath/U1_sfr/U1_dptr/out_dptr_reg_10_/SI
                                       CK(rise)  setup     untested  constant_disabled
U3_cpu/U1_datapath/U1_sfr/U1_dptr/out_dptr_reg_10_/SI
                                       CK(rise)  hold      untested  constant_disabled
U3_cpu/U1_datapath/U1_sfr/U1_dptr/out_dptr_reg_10_/SN(rise)
                                       CK(rise)  setup     untested  constant_disabled
U3_cpu/U1_datapath/U1_sfr/U1_dptr/out_dptr_reg_10_/SN(rise)
                                       CK(rise)  hold      untested  constant_disabled
U3_cpu/U1_datapath/U1_sfr/U1_dptr/out_dptr_reg_10_/SN(low)
                                                 min_pulse_width
                                                           untested  constant_disabled
U3_cpu/U1_datapath/U1_sfr/U1_dptr/out_dptr_reg_11_/RN(rise)
                                       CK(rise)  removal   untested  false_paths
U3_cpu/U1_datapath/U1_sfr/U1_dptr/out_dptr_reg_11_/RN(rise)
                                       CK(rise)  recovery  untested  false_paths
U3_cpu/U1_datapath/U1_sfr/U1_dptr/out_dptr_reg_11_/RN(low)
                                                 min_pulse_width
                                                           untested  no_clock
U3_cpu/U1_datapath/U1_sfr/U1_dptr/out_dptr_reg_11_/SE
                                       CK(rise)  setup     untested  constant_disabled
U3_cpu/U1_datapath/U1_sfr/U1_dptr/out_dptr_reg_11_/SE
                                       CK(rise)  hold      untested  constant_disabled
U3_cpu/U1_datapath/U1_sfr/U1_dptr/out_dptr_reg_11_/SI
                                       CK(rise)  setup     untested  constant_disabled
U3_cpu/U1_datapath/U1_sfr/U1_dptr/out_dptr_reg_11_/SI
                                       CK(rise)  hold      untested  constant_disabled
U3_cpu/U1_datapath/U1_sfr/U1_dptr/out_dptr_reg_11_/SN(rise)
                                       CK(rise)  setup     untested  constant_disabled
U3_cpu/U1_datapath/U1_sfr/U1_dptr/out_dptr_reg_11_/SN(rise)
                                       CK(rise)  hold      untested  constant_disabled
U3_cpu/U1_datapath/U1_sfr/U1_dptr/out_dptr_reg_11_/SN(low)
                                                 min_pulse_width
                                                           untested  constant_disabled
U3_cpu/U1_datapath/U1_sfr/U1_dptr/out_dptr_reg_12_/RN(rise)
                                       CK(rise)  removal   untested  false_paths
U3_cpu/U1_datapath/U1_sfr/U1_dptr/out_dptr_reg_12_/RN(rise)
                                       CK(rise)  recovery  untested  false_paths
U3_cpu/U1_datapath/U1_sfr/U1_dptr/out_dptr_reg_12_/RN(low)
                                                 min_pulse_width
                                                           untested  no_clock
U3_cpu/U1_datapath/U1_sfr/U1_dptr/out_dptr_reg_12_/SE
                                       CK(rise)  setup     untested  constant_disabled
U3_cpu/U1_datapath/U1_sfr/U1_dptr/out_dptr_reg_12_/SE
                                       CK(rise)  hold      untested  constant_disabled
U3_cpu/U1_datapath/U1_sfr/U1_dptr/out_dptr_reg_12_/SI
                                       CK(rise)  setup     untested  constant_disabled
U3_cpu/U1_datapath/U1_sfr/U1_dptr/out_dptr_reg_12_/SI
                                       CK(rise)  hold      untested  constant_disabled
U3_cpu/U1_datapath/U1_sfr/U1_dptr/out_dptr_reg_12_/SN(rise)
                                       CK(rise)  setup     untested  constant_disabled
U3_cpu/U1_datapath/U1_sfr/U1_dptr/out_dptr_reg_12_/SN(rise)
                                       CK(rise)  hold      untested  constant_disabled
U3_cpu/U1_datapath/U1_sfr/U1_dptr/out_dptr_reg_12_/SN(low)
                                                 min_pulse_width
                                                           untested  constant_disabled
U3_cpu/U1_datapath/U1_sfr/U1_dptr/out_dptr_reg_13_/RN(rise)
                                       CK(rise)  removal   untested  false_paths
U3_cpu/U1_datapath/U1_sfr/U1_dptr/out_dptr_reg_13_/RN(rise)
                                       CK(rise)  recovery  untested  false_paths
U3_cpu/U1_datapath/U1_sfr/U1_dptr/out_dptr_reg_13_/RN(low)
                                                 min_pulse_width
                                                           untested  no_clock
U3_cpu/U1_datapath/U1_sfr/U1_dptr/out_dptr_reg_13_/SE
                                       CK(rise)  setup     untested  constant_disabled
U3_cpu/U1_datapath/U1_sfr/U1_dptr/out_dptr_reg_13_/SE
                                       CK(rise)  hold      untested  constant_disabled
U3_cpu/U1_datapath/U1_sfr/U1_dptr/out_dptr_reg_13_/SI
                                       CK(rise)  setup     untested  constant_disabled
U3_cpu/U1_datapath/U1_sfr/U1_dptr/out_dptr_reg_13_/SI
                                       CK(rise)  hold      untested  constant_disabled
U3_cpu/U1_datapath/U1_sfr/U1_dptr/out_dptr_reg_13_/SN(rise)
                                       CK(rise)  setup     untested  constant_disabled
U3_cpu/U1_datapath/U1_sfr/U1_dptr/out_dptr_reg_13_/SN(rise)
                                       CK(rise)  hold      untested  constant_disabled
U3_cpu/U1_datapath/U1_sfr/U1_dptr/out_dptr_reg_13_/SN(low)
                                                 min_pulse_width
                                                           untested  constant_disabled
U3_cpu/U1_datapath/U1_sfr/U1_dptr/out_dptr_reg_14_/RN(rise)
                                       CK(rise)  removal   untested  false_paths
U3_cpu/U1_datapath/U1_sfr/U1_dptr/out_dptr_reg_14_/RN(rise)
                                       CK(rise)  recovery  untested  false_paths
U3_cpu/U1_datapath/U1_sfr/U1_dptr/out_dptr_reg_14_/RN(low)
                                                 min_pulse_width
                                                           untested  no_clock
U3_cpu/U1_datapath/U1_sfr/U1_dptr/out_dptr_reg_14_/SE
                                       CK(rise)  setup     untested  constant_disabled
U3_cpu/U1_datapath/U1_sfr/U1_dptr/out_dptr_reg_14_/SE
                                       CK(rise)  hold      untested  constant_disabled
U3_cpu/U1_datapath/U1_sfr/U1_dptr/out_dptr_reg_14_/SI
                                       CK(rise)  setup     untested  constant_disabled
U3_cpu/U1_datapath/U1_sfr/U1_dptr/out_dptr_reg_14_/SI
                                       CK(rise)  hold      untested  constant_disabled
U3_cpu/U1_datapath/U1_sfr/U1_dptr/out_dptr_reg_14_/SN(rise)
                                       CK(rise)  setup     untested  constant_disabled
U3_cpu/U1_datapath/U1_sfr/U1_dptr/out_dptr_reg_14_/SN(rise)
                                       CK(rise)  hold      untested  constant_disabled
U3_cpu/U1_datapath/U1_sfr/U1_dptr/out_dptr_reg_14_/SN(low)
                                                 min_pulse_width
                                                           untested  constant_disabled
U3_cpu/U1_datapath/U1_sfr/U1_dptr/out_dptr_reg_15_/RN(rise)
                                       CK(rise)  removal   untested  false_paths
U3_cpu/U1_datapath/U1_sfr/U1_dptr/out_dptr_reg_15_/RN(rise)
                                       CK(rise)  recovery  untested  false_paths
U3_cpu/U1_datapath/U1_sfr/U1_dptr/out_dptr_reg_15_/RN(low)
                                                 min_pulse_width
                                                           untested  no_clock
U3_cpu/U1_datapath/U1_sfr/U1_dptr/out_dptr_reg_15_/SE
                                       CK(rise)  setup     untested  constant_disabled
U3_cpu/U1_datapath/U1_sfr/U1_dptr/out_dptr_reg_15_/SE
                                       CK(rise)  hold      untested  constant_disabled
U3_cpu/U1_datapath/U1_sfr/U1_dptr/out_dptr_reg_15_/SI
                                       CK(rise)  setup     untested  constant_disabled
U3_cpu/U1_datapath/U1_sfr/U1_dptr/out_dptr_reg_15_/SI
                                       CK(rise)  hold      untested  constant_disabled
U3_cpu/U1_datapath/U1_sfr/U1_dptr/out_dptr_reg_15_/SN(rise)
                                       CK(rise)  setup     untested  constant_disabled
U3_cpu/U1_datapath/U1_sfr/U1_dptr/out_dptr_reg_15_/SN(rise)
                                       CK(rise)  hold      untested  constant_disabled
U3_cpu/U1_datapath/U1_sfr/U1_dptr/out_dptr_reg_15_/SN(low)
                                                 min_pulse_width
                                                           untested  constant_disabled
U3_cpu/U1_datapath/U1_sfr/U1_dptr/out_dptr_reg_1_/RN(rise)
                                       CK(rise)  removal   untested  false_paths
U3_cpu/U1_datapath/U1_sfr/U1_dptr/out_dptr_reg_1_/RN(rise)
                                       CK(rise)  recovery  untested  false_paths
U3_cpu/U1_datapath/U1_sfr/U1_dptr/out_dptr_reg_1_/RN(low)
                                                 min_pulse_width
                                                           untested  no_clock
U3_cpu/U1_datapath/U1_sfr/U1_dptr/out_dptr_reg_1_/SE
                                       CK(rise)  setup     untested  constant_disabled
U3_cpu/U1_datapath/U1_sfr/U1_dptr/out_dptr_reg_1_/SE
                                       CK(rise)  hold      untested  constant_disabled
U3_cpu/U1_datapath/U1_sfr/U1_dptr/out_dptr_reg_1_/SI
                                       CK(rise)  setup     untested  constant_disabled
U3_cpu/U1_datapath/U1_sfr/U1_dptr/out_dptr_reg_1_/SI
                                       CK(rise)  hold      untested  constant_disabled
U3_cpu/U1_datapath/U1_sfr/U1_dptr/out_dptr_reg_1_/SN(rise)
                                       CK(rise)  setup     untested  constant_disabled
U3_cpu/U1_datapath/U1_sfr/U1_dptr/out_dptr_reg_1_/SN(rise)
                                       CK(rise)  hold      untested  constant_disabled
U3_cpu/U1_datapath/U1_sfr/U1_dptr/out_dptr_reg_1_/SN(low)
                                                 min_pulse_width
                                                           untested  constant_disabled
U3_cpu/U1_datapath/U1_sfr/U1_dptr/out_dptr_reg_2_/RN(rise)
                                       CK(rise)  removal   untested  false_paths
U3_cpu/U1_datapath/U1_sfr/U1_dptr/out_dptr_reg_2_/RN(rise)
                                       CK(rise)  recovery  untested  false_paths
U3_cpu/U1_datapath/U1_sfr/U1_dptr/out_dptr_reg_2_/RN(low)
                                                 min_pulse_width
                                                           untested  no_clock
U3_cpu/U1_datapath/U1_sfr/U1_dptr/out_dptr_reg_2_/SE
                                       CK(rise)  setup     untested  constant_disabled
U3_cpu/U1_datapath/U1_sfr/U1_dptr/out_dptr_reg_2_/SE
                                       CK(rise)  hold      untested  constant_disabled
U3_cpu/U1_datapath/U1_sfr/U1_dptr/out_dptr_reg_2_/SI
                                       CK(rise)  setup     untested  constant_disabled
U3_cpu/U1_datapath/U1_sfr/U1_dptr/out_dptr_reg_2_/SI
                                       CK(rise)  hold      untested  constant_disabled
U3_cpu/U1_datapath/U1_sfr/U1_dptr/out_dptr_reg_2_/SN(rise)
                                       CK(rise)  setup     untested  constant_disabled
U3_cpu/U1_datapath/U1_sfr/U1_dptr/out_dptr_reg_2_/SN(rise)
                                       CK(rise)  hold      untested  constant_disabled
U3_cpu/U1_datapath/U1_sfr/U1_dptr/out_dptr_reg_2_/SN(low)
                                                 min_pulse_width
                                                           untested  constant_disabled
U3_cpu/U1_datapath/U1_sfr/U1_dptr/out_dptr_reg_3_/RN(rise)
                                       CK(rise)  removal   untested  false_paths
U3_cpu/U1_datapath/U1_sfr/U1_dptr/out_dptr_reg_3_/RN(rise)
                                       CK(rise)  recovery  untested  false_paths
U3_cpu/U1_datapath/U1_sfr/U1_dptr/out_dptr_reg_3_/RN(low)
                                                 min_pulse_width
                                                           untested  no_clock
U3_cpu/U1_datapath/U1_sfr/U1_dptr/out_dptr_reg_3_/SE
                                       CK(rise)  setup     untested  constant_disabled
U3_cpu/U1_datapath/U1_sfr/U1_dptr/out_dptr_reg_3_/SE
                                       CK(rise)  hold      untested  constant_disabled
U3_cpu/U1_datapath/U1_sfr/U1_dptr/out_dptr_reg_3_/SI
                                       CK(rise)  setup     untested  constant_disabled
U3_cpu/U1_datapath/U1_sfr/U1_dptr/out_dptr_reg_3_/SI
                                       CK(rise)  hold      untested  constant_disabled
U3_cpu/U1_datapath/U1_sfr/U1_dptr/out_dptr_reg_3_/SN(rise)
                                       CK(rise)  setup     untested  constant_disabled
U3_cpu/U1_datapath/U1_sfr/U1_dptr/out_dptr_reg_3_/SN(rise)
                                       CK(rise)  hold      untested  constant_disabled
U3_cpu/U1_datapath/U1_sfr/U1_dptr/out_dptr_reg_3_/SN(low)
                                                 min_pulse_width
                                                           untested  constant_disabled
U3_cpu/U1_datapath/U1_sfr/U1_dptr/out_dptr_reg_4_/RN(rise)
                                       CK(rise)  removal   untested  false_paths
U3_cpu/U1_datapath/U1_sfr/U1_dptr/out_dptr_reg_4_/RN(rise)
                                       CK(rise)  recovery  untested  false_paths
U3_cpu/U1_datapath/U1_sfr/U1_dptr/out_dptr_reg_4_/RN(low)
                                                 min_pulse_width
                                                           untested  no_clock
U3_cpu/U1_datapath/U1_sfr/U1_dptr/out_dptr_reg_4_/SE
                                       CK(rise)  setup     untested  constant_disabled
U3_cpu/U1_datapath/U1_sfr/U1_dptr/out_dptr_reg_4_/SE
                                       CK(rise)  hold      untested  constant_disabled
U3_cpu/U1_datapath/U1_sfr/U1_dptr/out_dptr_reg_4_/SI
                                       CK(rise)  setup     untested  constant_disabled
U3_cpu/U1_datapath/U1_sfr/U1_dptr/out_dptr_reg_4_/SI
                                       CK(rise)  hold      untested  constant_disabled
U3_cpu/U1_datapath/U1_sfr/U1_dptr/out_dptr_reg_4_/SN(rise)
                                       CK(rise)  setup     untested  constant_disabled
U3_cpu/U1_datapath/U1_sfr/U1_dptr/out_dptr_reg_4_/SN(rise)
                                       CK(rise)  hold      untested  constant_disabled
U3_cpu/U1_datapath/U1_sfr/U1_dptr/out_dptr_reg_4_/SN(low)
                                                 min_pulse_width
                                                           untested  constant_disabled
U3_cpu/U1_datapath/U1_sfr/U1_dptr/out_dptr_reg_5_/RN(rise)
                                       CK(rise)  removal   untested  false_paths
U3_cpu/U1_datapath/U1_sfr/U1_dptr/out_dptr_reg_5_/RN(rise)
                                       CK(rise)  recovery  untested  false_paths
U3_cpu/U1_datapath/U1_sfr/U1_dptr/out_dptr_reg_5_/RN(low)
                                                 min_pulse_width
                                                           untested  no_clock
U3_cpu/U1_datapath/U1_sfr/U1_dptr/out_dptr_reg_5_/SE
                                       CK(rise)  setup     untested  constant_disabled
U3_cpu/U1_datapath/U1_sfr/U1_dptr/out_dptr_reg_5_/SE
                                       CK(rise)  hold      untested  constant_disabled
U3_cpu/U1_datapath/U1_sfr/U1_dptr/out_dptr_reg_5_/SI
                                       CK(rise)  setup     untested  constant_disabled
U3_cpu/U1_datapath/U1_sfr/U1_dptr/out_dptr_reg_5_/SI
                                       CK(rise)  hold      untested  constant_disabled
U3_cpu/U1_datapath/U1_sfr/U1_dptr/out_dptr_reg_5_/SN(rise)
                                       CK(rise)  setup     untested  constant_disabled
U3_cpu/U1_datapath/U1_sfr/U1_dptr/out_dptr_reg_5_/SN(rise)
                                       CK(rise)  hold      untested  constant_disabled
U3_cpu/U1_datapath/U1_sfr/U1_dptr/out_dptr_reg_5_/SN(low)
                                                 min_pulse_width
                                                           untested  constant_disabled
U3_cpu/U1_datapath/U1_sfr/U1_dptr/out_dptr_reg_6_/RN(rise)
                                       CK(rise)  removal   untested  false_paths
U3_cpu/U1_datapath/U1_sfr/U1_dptr/out_dptr_reg_6_/RN(rise)
                                       CK(rise)  recovery  untested  false_paths
U3_cpu/U1_datapath/U1_sfr/U1_dptr/out_dptr_reg_6_/RN(low)
                                                 min_pulse_width
                                                           untested  no_clock
U3_cpu/U1_datapath/U1_sfr/U1_dptr/out_dptr_reg_6_/SE
                                       CK(rise)  setup     untested  constant_disabled
U3_cpu/U1_datapath/U1_sfr/U1_dptr/out_dptr_reg_6_/SE
                                       CK(rise)  hold      untested  constant_disabled
U3_cpu/U1_datapath/U1_sfr/U1_dptr/out_dptr_reg_6_/SI
                                       CK(rise)  setup     untested  constant_disabled
U3_cpu/U1_datapath/U1_sfr/U1_dptr/out_dptr_reg_6_/SI
                                       CK(rise)  hold      untested  constant_disabled
U3_cpu/U1_datapath/U1_sfr/U1_dptr/out_dptr_reg_6_/SN(rise)
                                       CK(rise)  setup     untested  constant_disabled
U3_cpu/U1_datapath/U1_sfr/U1_dptr/out_dptr_reg_6_/SN(rise)
                                       CK(rise)  hold      untested  constant_disabled
U3_cpu/U1_datapath/U1_sfr/U1_dptr/out_dptr_reg_6_/SN(low)
                                                 min_pulse_width
                                                           untested  constant_disabled
U3_cpu/U1_datapath/U1_sfr/U1_dptr/out_dptr_reg_7_/RN(rise)
                                       CK(rise)  removal   untested  false_paths
U3_cpu/U1_datapath/U1_sfr/U1_dptr/out_dptr_reg_7_/RN(rise)
                                       CK(rise)  recovery  untested  false_paths
U3_cpu/U1_datapath/U1_sfr/U1_dptr/out_dptr_reg_7_/RN(low)
                                                 min_pulse_width
                                                           untested  no_clock
U3_cpu/U1_datapath/U1_sfr/U1_dptr/out_dptr_reg_7_/SE
                                       CK(rise)  setup     untested  constant_disabled
U3_cpu/U1_datapath/U1_sfr/U1_dptr/out_dptr_reg_7_/SE
                                       CK(rise)  hold      untested  constant_disabled
U3_cpu/U1_datapath/U1_sfr/U1_dptr/out_dptr_reg_7_/SI
                                       CK(rise)  setup     untested  constant_disabled
U3_cpu/U1_datapath/U1_sfr/U1_dptr/out_dptr_reg_7_/SI
                                       CK(rise)  hold      untested  constant_disabled
U3_cpu/U1_datapath/U1_sfr/U1_dptr/out_dptr_reg_7_/SN(rise)
                                       CK(rise)  setup     untested  constant_disabled
U3_cpu/U1_datapath/U1_sfr/U1_dptr/out_dptr_reg_7_/SN(rise)
                                       CK(rise)  hold      untested  constant_disabled
U3_cpu/U1_datapath/U1_sfr/U1_dptr/out_dptr_reg_7_/SN(low)
                                                 min_pulse_width
                                                           untested  constant_disabled
U3_cpu/U1_datapath/U1_sfr/U1_dptr/out_dptr_reg_8_/RN(rise)
                                       CK(rise)  removal   untested  false_paths
U3_cpu/U1_datapath/U1_sfr/U1_dptr/out_dptr_reg_8_/RN(rise)
                                       CK(rise)  recovery  untested  false_paths
U3_cpu/U1_datapath/U1_sfr/U1_dptr/out_dptr_reg_8_/RN(low)
                                                 min_pulse_width
                                                           untested  no_clock
U3_cpu/U1_datapath/U1_sfr/U1_dptr/out_dptr_reg_8_/SE
                                       CK(rise)  setup     untested  constant_disabled
U3_cpu/U1_datapath/U1_sfr/U1_dptr/out_dptr_reg_8_/SE
                                       CK(rise)  hold      untested  constant_disabled
U3_cpu/U1_datapath/U1_sfr/U1_dptr/out_dptr_reg_8_/SI
                                       CK(rise)  setup     untested  constant_disabled
U3_cpu/U1_datapath/U1_sfr/U1_dptr/out_dptr_reg_8_/SI
                                       CK(rise)  hold      untested  constant_disabled
U3_cpu/U1_datapath/U1_sfr/U1_dptr/out_dptr_reg_8_/SN(rise)
                                       CK(rise)  setup     untested  constant_disabled
U3_cpu/U1_datapath/U1_sfr/U1_dptr/out_dptr_reg_8_/SN(rise)
                                       CK(rise)  hold      untested  constant_disabled
U3_cpu/U1_datapath/U1_sfr/U1_dptr/out_dptr_reg_8_/SN(low)
                                                 min_pulse_width
                                                           untested  constant_disabled
U3_cpu/U1_datapath/U1_sfr/U1_dptr/out_dptr_reg_9_/RN(rise)
                                       CK(rise)  removal   untested  false_paths
U3_cpu/U1_datapath/U1_sfr/U1_dptr/out_dptr_reg_9_/RN(rise)
                                       CK(rise)  recovery  untested  false_paths
U3_cpu/U1_datapath/U1_sfr/U1_dptr/out_dptr_reg_9_/RN(low)
                                                 min_pulse_width
                                                           untested  no_clock
U3_cpu/U1_datapath/U1_sfr/U1_dptr/out_dptr_reg_9_/SE
                                       CK(rise)  setup     untested  constant_disabled
U3_cpu/U1_datapath/U1_sfr/U1_dptr/out_dptr_reg_9_/SE
                                       CK(rise)  hold      untested  constant_disabled
U3_cpu/U1_datapath/U1_sfr/U1_dptr/out_dptr_reg_9_/SI
                                       CK(rise)  setup     untested  constant_disabled
U3_cpu/U1_datapath/U1_sfr/U1_dptr/out_dptr_reg_9_/SI
                                       CK(rise)  hold      untested  constant_disabled
U3_cpu/U1_datapath/U1_sfr/U1_dptr/out_dptr_reg_9_/SN(rise)
                                       CK(rise)  setup     untested  constant_disabled
U3_cpu/U1_datapath/U1_sfr/U1_dptr/out_dptr_reg_9_/SN(rise)
                                       CK(rise)  hold      untested  constant_disabled
U3_cpu/U1_datapath/U1_sfr/U1_dptr/out_dptr_reg_9_/SN(low)
                                                 min_pulse_width
                                                           untested  constant_disabled
U3_cpu/U1_datapath/U1_sfr/U27_int/int_reg_0_/D
                                       G(fall)   setup     untested  no_endpoint_clock
U3_cpu/U1_datapath/U1_sfr/U27_int/int_reg_0_/D
                                       G(fall)   hold      untested  no_endpoint_clock
U3_cpu/U1_datapath/U1_sfr/U27_int/int_reg_0_/G(high)
                                                 min_pulse_width
                                                           untested  no_clock
U3_cpu/U1_datapath/U1_sfr/U27_int/int_reg_1_/D
                                       G(fall)   setup     untested  no_endpoint_clock
U3_cpu/U1_datapath/U1_sfr/U27_int/int_reg_1_/D
                                       G(fall)   hold      untested  no_endpoint_clock
U3_cpu/U1_datapath/U1_sfr/U27_int/int_reg_1_/G(high)
                                                 min_pulse_width
                                                           untested  no_clock
U3_cpu/U1_datapath/U1_sfr/U27_int/int_reg_2_/D
                                       G(fall)   setup     untested  no_endpoint_clock
U3_cpu/U1_datapath/U1_sfr/U27_int/int_reg_2_/D
                                       G(fall)   hold      untested  no_endpoint_clock
U3_cpu/U1_datapath/U1_sfr/U27_int/int_reg_2_/G(high)
                                                 min_pulse_width
                                                           untested  no_clock
U3_cpu/U1_datapath/U1_sfr/U27_int/int_reg_3_/D
                                       G(fall)   setup     untested  no_endpoint_clock
U3_cpu/U1_datapath/U1_sfr/U27_int/int_reg_3_/D
                                       G(fall)   hold      untested  no_endpoint_clock
U3_cpu/U1_datapath/U1_sfr/U27_int/int_reg_3_/G(high)
                                                 min_pulse_width
                                                           untested  no_clock
U3_cpu/U1_datapath/U1_sfr/U27_int/int_reg_4_/D
                                       G(fall)   setup     untested  no_endpoint_clock
U3_cpu/U1_datapath/U1_sfr/U27_int/int_reg_4_/D
                                       G(fall)   hold      untested  no_endpoint_clock
U3_cpu/U1_datapath/U1_sfr/U27_int/int_reg_4_/G(high)
                                                 min_pulse_width
                                                           untested  no_clock
U3_cpu/U1_datapath/U1_sfr/U27_int/latch_int_reg_0_/D
                                       G(fall)   setup     untested  no_endpoint_clock
U3_cpu/U1_datapath/U1_sfr/U27_int/latch_int_reg_0_/D
                                       G(fall)   hold      untested  no_endpoint_clock
U3_cpu/U1_datapath/U1_sfr/U27_int/latch_int_reg_0_/G(high)
                                                 min_pulse_width
                                                           untested  no_clock
U3_cpu/U1_datapath/U1_sfr/U27_int/latch_int_reg_1_/D
                                       G(fall)   setup     untested  no_endpoint_clock
U3_cpu/U1_datapath/U1_sfr/U27_int/latch_int_reg_1_/D
                                       G(fall)   hold      untested  no_endpoint_clock
U3_cpu/U1_datapath/U1_sfr/U27_int/latch_int_reg_1_/G(high)
                                                 min_pulse_width
                                                           untested  no_clock
U3_cpu/U1_datapath/U1_sfr/U27_int/latch_int_reg_2_/D
                                       G(fall)   setup     untested  no_endpoint_clock
U3_cpu/U1_datapath/U1_sfr/U27_int/latch_int_reg_2_/D
                                       G(fall)   hold      untested  no_endpoint_clock
U3_cpu/U1_datapath/U1_sfr/U27_int/latch_int_reg_2_/G(high)
                                                 min_pulse_width
                                                           untested  no_clock
U3_cpu/U1_datapath/U1_sfr/U27_int/latch_int_reg_3_/D
                                       G(fall)   setup     untested  no_endpoint_clock
U3_cpu/U1_datapath/U1_sfr/U27_int/latch_int_reg_3_/D
                                       G(fall)   hold      untested  no_endpoint_clock
U3_cpu/U1_datapath/U1_sfr/U27_int/latch_int_reg_3_/G(high)
                                                 min_pulse_width
                                                           untested  no_clock
U3_cpu/U1_datapath/U1_sfr/U27_int/latch_int_reg_4_/D
                                       GN(rise)  setup     untested  no_endpoint_clock
U3_cpu/U1_datapath/U1_sfr/U27_int/latch_int_reg_4_/D
                                       GN(rise)  hold      untested  no_endpoint_clock
U3_cpu/U1_datapath/U1_sfr/U27_int/latch_int_reg_4_/GN(low)
                                                 min_pulse_width
                                                           untested  no_clock
U3_cpu/U1_datapath/U1_sfr/U27_int/prio/int_dept_reg_0_/RN(rise)
                                       CK(rise)  removal   untested  false_paths
U3_cpu/U1_datapath/U1_sfr/U27_int/prio/int_dept_reg_0_/RN(rise)
                                       CK(rise)  recovery  untested  false_paths
U3_cpu/U1_datapath/U1_sfr/U27_int/prio/int_dept_reg_0_/RN(low)
                                                 min_pulse_width
                                                           untested  no_clock
U3_cpu/U1_datapath/U1_sfr/U27_int/prio/int_dept_reg_0_/SE
                                       CK(rise)  setup     untested  constant_disabled
U3_cpu/U1_datapath/U1_sfr/U27_int/prio/int_dept_reg_0_/SE
                                       CK(rise)  hold      untested  constant_disabled
U3_cpu/U1_datapath/U1_sfr/U27_int/prio/int_dept_reg_0_/SI
                                       CK(rise)  setup     untested  constant_disabled
U3_cpu/U1_datapath/U1_sfr/U27_int/prio/int_dept_reg_0_/SI
                                       CK(rise)  hold      untested  constant_disabled
U3_cpu/U1_datapath/U1_sfr/U27_int/prio/int_dept_reg_0_/SN(rise)
                                       CK(rise)  setup     untested  constant_disabled
U3_cpu/U1_datapath/U1_sfr/U27_int/prio/int_dept_reg_0_/SN(rise)
                                       CK(rise)  hold      untested  constant_disabled
U3_cpu/U1_datapath/U1_sfr/U27_int/prio/int_dept_reg_0_/SN(low)
                                                 min_pulse_width
                                                           untested  constant_disabled
U3_cpu/U1_datapath/U1_sfr/U27_int/prio/int_dept_reg_1_/RN(rise)
                                       CK(rise)  removal   untested  false_paths
U3_cpu/U1_datapath/U1_sfr/U27_int/prio/int_dept_reg_1_/RN(rise)
                                       CK(rise)  recovery  untested  false_paths
U3_cpu/U1_datapath/U1_sfr/U27_int/prio/int_dept_reg_1_/RN(low)
                                                 min_pulse_width
                                                           untested  no_clock
U3_cpu/U1_datapath/U1_sfr/U27_int/prio/int_dept_reg_1_/SE
                                       CK(rise)  setup     untested  constant_disabled
U3_cpu/U1_datapath/U1_sfr/U27_int/prio/int_dept_reg_1_/SE
                                       CK(rise)  hold      untested  constant_disabled
U3_cpu/U1_datapath/U1_sfr/U27_int/prio/int_dept_reg_1_/SI
                                       CK(rise)  setup     untested  constant_disabled
U3_cpu/U1_datapath/U1_sfr/U27_int/prio/int_dept_reg_1_/SI
                                       CK(rise)  hold      untested  constant_disabled
U3_cpu/U1_datapath/U1_sfr/U27_int/prio/int_dept_reg_1_/SN(rise)
                                       CK(rise)  setup     untested  constant_disabled
U3_cpu/U1_datapath/U1_sfr/U27_int/prio/int_dept_reg_1_/SN(rise)
                                       CK(rise)  hold      untested  constant_disabled
U3_cpu/U1_datapath/U1_sfr/U27_int/prio/int_dept_reg_1_/SN(low)
                                                 min_pulse_width
                                                           untested  constant_disabled
U3_cpu/U1_datapath/U1_sfr/U27_int/prio/int_lev_reg/RN(rise)
                                       CK(rise)  removal   untested  false_paths
U3_cpu/U1_datapath/U1_sfr/U27_int/prio/int_lev_reg/RN(rise)
                                       CK(rise)  recovery  untested  false_paths
U3_cpu/U1_datapath/U1_sfr/U27_int/prio/int_lev_reg/RN(low)
                                                 min_pulse_width
                                                           untested  no_clock
U3_cpu/U1_datapath/U1_sfr/U27_int/prio/int_lev_reg/SE
                                       CK(rise)  setup     untested  constant_disabled
U3_cpu/U1_datapath/U1_sfr/U27_int/prio/int_lev_reg/SE
                                       CK(rise)  hold      untested  constant_disabled
U3_cpu/U1_datapath/U1_sfr/U27_int/prio/int_lev_reg/SI
                                       CK(rise)  setup     untested  constant_disabled
U3_cpu/U1_datapath/U1_sfr/U27_int/prio/int_lev_reg/SI
                                       CK(rise)  hold      untested  constant_disabled
U3_cpu/U1_datapath/U1_sfr/U27_int/prio/int_lev_reg/SN(rise)
                                       CK(rise)  setup     untested  constant_disabled
U3_cpu/U1_datapath/U1_sfr/U27_int/prio/int_lev_reg/SN(rise)
                                       CK(rise)  hold      untested  constant_disabled
U3_cpu/U1_datapath/U1_sfr/U27_int/prio/int_lev_reg/SN(low)
                                                 min_pulse_width
                                                           untested  constant_disabled
U3_cpu/U1_datapath/U1_sfr/U27_int/prio/int_lev_reg0/RN(rise)
                                       CK(rise)  removal   untested  false_paths
U3_cpu/U1_datapath/U1_sfr/U27_int/prio/int_lev_reg0/RN(rise)
                                       CK(rise)  recovery  untested  false_paths
U3_cpu/U1_datapath/U1_sfr/U27_int/prio/int_lev_reg0/RN(low)
                                                 min_pulse_width
                                                           untested  no_clock
U3_cpu/U1_datapath/U1_sfr/U27_int/prio/int_lev_reg0/SE
                                       CK(rise)  setup     untested  constant_disabled
U3_cpu/U1_datapath/U1_sfr/U27_int/prio/int_lev_reg0/SE
                                       CK(rise)  hold      untested  constant_disabled
U3_cpu/U1_datapath/U1_sfr/U27_int/prio/int_lev_reg0/SI
                                       CK(rise)  setup     untested  constant_disabled
U3_cpu/U1_datapath/U1_sfr/U27_int/prio/int_lev_reg0/SI
                                       CK(rise)  hold      untested  constant_disabled
U3_cpu/U1_datapath/U1_sfr/U27_int/prio/int_lev_reg0/SN(rise)
                                       CK(rise)  setup     untested  constant_disabled
U3_cpu/U1_datapath/U1_sfr/U27_int/prio/int_lev_reg0/SN(rise)
                                       CK(rise)  hold      untested  constant_disabled
U3_cpu/U1_datapath/U1_sfr/U27_int/prio/int_lev_reg0/SN(low)
                                                 min_pulse_width
                                                           untested  constant_disabled
U3_cpu/U1_datapath/U1_sfr/U27_int/prio/int_lev_reg1/RN(rise)
                                       CK(rise)  recovery  untested  false_paths
U3_cpu/U1_datapath/U1_sfr/U27_int/prio/int_lev_reg1/RN(rise)
                                       CK(rise)  removal   untested  false_paths
U3_cpu/U1_datapath/U1_sfr/U27_int/prio/int_lev_reg1/RN(low)
                                                 min_pulse_width
                                                           untested  no_clock
U3_cpu/U1_datapath/U1_sfr/U27_int/prio/int_lev_reg1/SE
                                       CK(rise)  setup     untested  constant_disabled
U3_cpu/U1_datapath/U1_sfr/U27_int/prio/int_lev_reg1/SE
                                       CK(rise)  hold      untested  constant_disabled
U3_cpu/U1_datapath/U1_sfr/U27_int/prio/int_lev_reg1/SI
                                       CK(rise)  setup     untested  constant_disabled
U3_cpu/U1_datapath/U1_sfr/U27_int/prio/int_lev_reg1/SI
                                       CK(rise)  hold      untested  constant_disabled
U3_cpu/U1_datapath/U1_sfr/U27_int/prio/int_lev_reg2/RN(rise)
                                       CK(rise)  recovery  untested  false_paths
U3_cpu/U1_datapath/U1_sfr/U27_int/prio/int_lev_reg2/RN(rise)
                                       CK(rise)  removal   untested  false_paths
U3_cpu/U1_datapath/U1_sfr/U27_int/prio/int_lev_reg2/RN(low)
                                                 min_pulse_width
                                                           untested  no_clock
U3_cpu/U1_datapath/U1_sfr/U27_int/prio/int_lev_reg2/SE
                                       CK(rise)  setup     untested  constant_disabled
U3_cpu/U1_datapath/U1_sfr/U27_int/prio/int_lev_reg2/SE
                                       CK(rise)  hold      untested  constant_disabled
U3_cpu/U1_datapath/U1_sfr/U27_int/prio/int_lev_reg2/SI
                                       CK(rise)  setup     untested  constant_disabled
U3_cpu/U1_datapath/U1_sfr/U27_int/prio/int_lev_reg2/SI
                                       CK(rise)  hold      untested  constant_disabled
U3_cpu/U1_datapath/U1_sfr/U27_int/prio/int_proc_reg/RN(rise)
                                       CK(rise)  removal   untested  false_paths
U3_cpu/U1_datapath/U1_sfr/U27_int/prio/int_proc_reg/RN(rise)
                                       CK(rise)  recovery  untested  false_paths
U3_cpu/U1_datapath/U1_sfr/U27_int/prio/int_proc_reg/RN(low)
                                                 min_pulse_width
                                                           untested  no_clock
U3_cpu/U1_datapath/U1_sfr/U27_int/prio/int_proc_reg/SE
                                       CK(rise)  setup     untested  constant_disabled
U3_cpu/U1_datapath/U1_sfr/U27_int/prio/int_proc_reg/SE
                                       CK(rise)  hold      untested  constant_disabled
U3_cpu/U1_datapath/U1_sfr/U27_int/prio/int_proc_reg/SI
                                       CK(rise)  setup     untested  constant_disabled
U3_cpu/U1_datapath/U1_sfr/U27_int/prio/int_proc_reg/SI
                                       CK(rise)  hold      untested  constant_disabled
U3_cpu/U1_datapath/U1_sfr/U27_int/prio/int_proc_reg/SN(rise)
                                       CK(rise)  setup     untested  constant_disabled
U3_cpu/U1_datapath/U1_sfr/U27_int/prio/int_proc_reg/SN(rise)
                                       CK(rise)  hold      untested  constant_disabled
U3_cpu/U1_datapath/U1_sfr/U27_int/prio/int_proc_reg/SN(low)
                                                 min_pulse_width
                                                           untested  constant_disabled
U3_cpu/U1_datapath/U1_sfr/U27_int/prio/int_vec_reg_0_/RN(rise)
                                       CK(rise)  recovery  untested  false_paths
U3_cpu/U1_datapath/U1_sfr/U27_int/prio/int_vec_reg_0_/RN(rise)
                                       CK(rise)  removal   untested  false_paths
U3_cpu/U1_datapath/U1_sfr/U27_int/prio/int_vec_reg_0_/RN(low)
                                                 min_pulse_width
                                                           untested  no_clock
U3_cpu/U1_datapath/U1_sfr/U27_int/prio/int_vec_reg_0_/SE
                                       CK(rise)  setup     untested  constant_disabled
U3_cpu/U1_datapath/U1_sfr/U27_int/prio/int_vec_reg_0_/SE
                                       CK(rise)  hold      untested  constant_disabled
U3_cpu/U1_datapath/U1_sfr/U27_int/prio/int_vec_reg_0_/SI
                                       CK(rise)  setup     untested  constant_disabled
U3_cpu/U1_datapath/U1_sfr/U27_int/prio/int_vec_reg_0_/SI
                                       CK(rise)  hold      untested  constant_disabled
U3_cpu/U1_datapath/U1_sfr/U27_int/prio/int_vec_reg_1_/RN(rise)
                                       CK(rise)  recovery  untested  false_paths
U3_cpu/U1_datapath/U1_sfr/U27_int/prio/int_vec_reg_1_/RN(rise)
                                       CK(rise)  removal   untested  false_paths
U3_cpu/U1_datapath/U1_sfr/U27_int/prio/int_vec_reg_1_/RN(low)
                                                 min_pulse_width
                                                           untested  no_clock
U3_cpu/U1_datapath/U1_sfr/U27_int/prio/int_vec_reg_1_/SE
                                       CK(rise)  setup     untested  constant_disabled
U3_cpu/U1_datapath/U1_sfr/U27_int/prio/int_vec_reg_1_/SE
                                       CK(rise)  hold      untested  constant_disabled
U3_cpu/U1_datapath/U1_sfr/U27_int/prio/int_vec_reg_1_/SI
                                       CK(rise)  setup     untested  constant_disabled
U3_cpu/U1_datapath/U1_sfr/U27_int/prio/int_vec_reg_1_/SI
                                       CK(rise)  hold      untested  constant_disabled
U3_cpu/U1_datapath/U1_sfr/U27_int/prio/int_vec_reg_2_/RN(rise)
                                       CK(rise)  recovery  untested  false_paths
U3_cpu/U1_datapath/U1_sfr/U27_int/prio/int_vec_reg_2_/RN(rise)
                                       CK(rise)  removal   untested  false_paths
U3_cpu/U1_datapath/U1_sfr/U27_int/prio/int_vec_reg_2_/RN(low)
                                                 min_pulse_width
                                                           untested  no_clock
U3_cpu/U1_datapath/U1_sfr/U27_int/prio/int_vec_reg_2_/SE
                                       CK(rise)  setup     untested  constant_disabled
U3_cpu/U1_datapath/U1_sfr/U27_int/prio/int_vec_reg_2_/SE
                                       CK(rise)  hold      untested  constant_disabled
U3_cpu/U1_datapath/U1_sfr/U27_int/prio/int_vec_reg_2_/SI
                                       CK(rise)  setup     untested  constant_disabled
U3_cpu/U1_datapath/U1_sfr/U27_int/prio/int_vec_reg_2_/SI
                                       CK(rise)  hold      untested  constant_disabled
U3_cpu/U1_datapath/U1_sfr/U27_int/prio/isrc_reg/RN(rise)
                                       CK(rise)  removal   untested  false_paths
U3_cpu/U1_datapath/U1_sfr/U27_int/prio/isrc_reg/RN(rise)
                                       CK(rise)  recovery  untested  false_paths
U3_cpu/U1_datapath/U1_sfr/U27_int/prio/isrc_reg/RN(low)
                                                 min_pulse_width
                                                           untested  no_clock
U3_cpu/U1_datapath/U1_sfr/U27_int/prio/isrc_reg/SE
                                       CK(rise)  setup     untested  constant_disabled
U3_cpu/U1_datapath/U1_sfr/U27_int/prio/isrc_reg/SE
                                       CK(rise)  hold      untested  constant_disabled
U3_cpu/U1_datapath/U1_sfr/U27_int/prio/isrc_reg/SI
                                       CK(rise)  setup     untested  constant_disabled
U3_cpu/U1_datapath/U1_sfr/U27_int/prio/isrc_reg/SI
                                       CK(rise)  hold      untested  constant_disabled
U3_cpu/U1_datapath/U1_sfr/U27_int/prio/isrc_reg/SN(rise)
                                       CK(rise)  setup     untested  constant_disabled
U3_cpu/U1_datapath/U1_sfr/U27_int/prio/isrc_reg/SN(rise)
                                       CK(rise)  hold      untested  constant_disabled
U3_cpu/U1_datapath/U1_sfr/U27_int/prio/isrc_reg/SN(low)
                                                 min_pulse_width
                                                           untested  constant_disabled
U3_cpu/U1_datapath/U1_sfr/U27_int/prio/isrc_reg0/RN(rise)
                                       CK(rise)  removal   untested  false_paths
U3_cpu/U1_datapath/U1_sfr/U27_int/prio/isrc_reg0/RN(rise)
                                       CK(rise)  recovery  untested  false_paths
U3_cpu/U1_datapath/U1_sfr/U27_int/prio/isrc_reg0/RN(low)
                                                 min_pulse_width
                                                           untested  no_clock
U3_cpu/U1_datapath/U1_sfr/U27_int/prio/isrc_reg0/SE
                                       CK(rise)  setup     untested  constant_disabled
U3_cpu/U1_datapath/U1_sfr/U27_int/prio/isrc_reg0/SE
                                       CK(rise)  hold      untested  constant_disabled
U3_cpu/U1_datapath/U1_sfr/U27_int/prio/isrc_reg0/SI
                                       CK(rise)  setup     untested  constant_disabled
U3_cpu/U1_datapath/U1_sfr/U27_int/prio/isrc_reg0/SI
                                       CK(rise)  hold      untested  constant_disabled
U3_cpu/U1_datapath/U1_sfr/U27_int/prio/isrc_reg0/SN(rise)
                                       CK(rise)  setup     untested  constant_disabled
U3_cpu/U1_datapath/U1_sfr/U27_int/prio/isrc_reg0/SN(rise)
                                       CK(rise)  hold      untested  constant_disabled
U3_cpu/U1_datapath/U1_sfr/U27_int/prio/isrc_reg0/SN(low)
                                                 min_pulse_width
                                                           untested  constant_disabled
U3_cpu/U1_datapath/U1_sfr/U27_int/prio/isrc_reg1/RN(rise)
                                       CK(rise)  removal   untested  false_paths
U3_cpu/U1_datapath/U1_sfr/U27_int/prio/isrc_reg1/RN(rise)
                                       CK(rise)  recovery  untested  false_paths
U3_cpu/U1_datapath/U1_sfr/U27_int/prio/isrc_reg1/RN(low)
                                                 min_pulse_width
                                                           untested  no_clock
U3_cpu/U1_datapath/U1_sfr/U27_int/prio/isrc_reg1/SE
                                       CK(rise)  setup     untested  constant_disabled
U3_cpu/U1_datapath/U1_sfr/U27_int/prio/isrc_reg1/SE
                                       CK(rise)  hold      untested  constant_disabled
U3_cpu/U1_datapath/U1_sfr/U27_int/prio/isrc_reg1/SI
                                       CK(rise)  setup     untested  constant_disabled
U3_cpu/U1_datapath/U1_sfr/U27_int/prio/isrc_reg1/SI
                                       CK(rise)  hold      untested  constant_disabled
U3_cpu/U1_datapath/U1_sfr/U27_int/prio/isrc_reg1/SN(rise)
                                       CK(rise)  setup     untested  constant_disabled
U3_cpu/U1_datapath/U1_sfr/U27_int/prio/isrc_reg1/SN(rise)
                                       CK(rise)  hold      untested  constant_disabled
U3_cpu/U1_datapath/U1_sfr/U27_int/prio/isrc_reg1/SN(low)
                                                 min_pulse_width
                                                           untested  constant_disabled
U3_cpu/U1_datapath/U1_sfr/U27_int/prio/isrc_reg2/RN(rise)
                                       CK(rise)  removal   untested  false_paths
U3_cpu/U1_datapath/U1_sfr/U27_int/prio/isrc_reg2/RN(rise)
                                       CK(rise)  recovery  untested  false_paths
U3_cpu/U1_datapath/U1_sfr/U27_int/prio/isrc_reg2/RN(low)
                                                 min_pulse_width
                                                           untested  no_clock
U3_cpu/U1_datapath/U1_sfr/U27_int/prio/isrc_reg2/SE
                                       CK(rise)  setup     untested  constant_disabled
U3_cpu/U1_datapath/U1_sfr/U27_int/prio/isrc_reg2/SE
                                       CK(rise)  hold      untested  constant_disabled
U3_cpu/U1_datapath/U1_sfr/U27_int/prio/isrc_reg2/SI
                                       CK(rise)  setup     untested  constant_disabled
U3_cpu/U1_datapath/U1_sfr/U27_int/prio/isrc_reg2/SI
                                       CK(rise)  hold      untested  constant_disabled
U3_cpu/U1_datapath/U1_sfr/U27_int/prio/isrc_reg2/SN(rise)
                                       CK(rise)  setup     untested  constant_disabled
U3_cpu/U1_datapath/U1_sfr/U27_int/prio/isrc_reg2/SN(rise)
                                       CK(rise)  hold      untested  constant_disabled
U3_cpu/U1_datapath/U1_sfr/U27_int/prio/isrc_reg2/SN(low)
                                                 min_pulse_width
                                                           untested  constant_disabled
U3_cpu/U1_datapath/U1_sfr/U27_int/prio/isrc_reg3/RN(rise)
                                       CK(rise)  removal   untested  false_paths
U3_cpu/U1_datapath/U1_sfr/U27_int/prio/isrc_reg3/RN(rise)
                                       CK(rise)  recovery  untested  false_paths
U3_cpu/U1_datapath/U1_sfr/U27_int/prio/isrc_reg3/RN(low)
                                                 min_pulse_width
                                                           untested  no_clock
U3_cpu/U1_datapath/U1_sfr/U27_int/prio/isrc_reg3/SE
                                       CK(rise)  setup     untested  constant_disabled
U3_cpu/U1_datapath/U1_sfr/U27_int/prio/isrc_reg3/SE
                                       CK(rise)  hold      untested  constant_disabled
U3_cpu/U1_datapath/U1_sfr/U27_int/prio/isrc_reg3/SI
                                       CK(rise)  setup     untested  constant_disabled
U3_cpu/U1_datapath/U1_sfr/U27_int/prio/isrc_reg3/SI
                                       CK(rise)  hold      untested  constant_disabled
U3_cpu/U1_datapath/U1_sfr/U27_int/prio/isrc_reg3/SN(rise)
                                       CK(rise)  setup     untested  constant_disabled
U3_cpu/U1_datapath/U1_sfr/U27_int/prio/isrc_reg3/SN(rise)
                                       CK(rise)  hold      untested  constant_disabled
U3_cpu/U1_datapath/U1_sfr/U27_int/prio/isrc_reg3/SN(low)
                                                 min_pulse_width
                                                           untested  constant_disabled
U3_cpu/U1_datapath/U1_sfr/U27_int/prio/isrc_reg4/RN(rise)
                                       CK(rise)  removal   untested  false_paths
U3_cpu/U1_datapath/U1_sfr/U27_int/prio/isrc_reg4/RN(rise)
                                       CK(rise)  recovery  untested  false_paths
U3_cpu/U1_datapath/U1_sfr/U27_int/prio/isrc_reg4/RN(low)
                                                 min_pulse_width
                                                           untested  no_clock
U3_cpu/U1_datapath/U1_sfr/U27_int/prio/isrc_reg4/SE
                                       CK(rise)  setup     untested  constant_disabled
U3_cpu/U1_datapath/U1_sfr/U27_int/prio/isrc_reg4/SE
                                       CK(rise)  hold      untested  constant_disabled
U3_cpu/U1_datapath/U1_sfr/U27_int/prio/isrc_reg4/SI
                                       CK(rise)  setup     untested  constant_disabled
U3_cpu/U1_datapath/U1_sfr/U27_int/prio/isrc_reg4/SI
                                       CK(rise)  hold      untested  constant_disabled
U3_cpu/U1_datapath/U1_sfr/U27_int/prio/isrc_reg4/SN(rise)
                                       CK(rise)  setup     untested  constant_disabled
U3_cpu/U1_datapath/U1_sfr/U27_int/prio/isrc_reg4/SN(rise)
                                       CK(rise)  hold      untested  constant_disabled
U3_cpu/U1_datapath/U1_sfr/U27_int/prio/isrc_reg4/SN(low)
                                                 min_pulse_width
                                                           untested  constant_disabled
U3_cpu/U1_datapath/U1_sfr/U27_int/prio/one_shot_reti/d_del_reg/SE
                                       CK(rise)  setup     untested  constant_disabled
U3_cpu/U1_datapath/U1_sfr/U27_int/prio/one_shot_reti/d_del_reg/SE
                                       CK(rise)  hold      untested  constant_disabled
U3_cpu/U1_datapath/U1_sfr/U27_int/prio/one_shot_reti/d_del_reg/SI
                                       CK(rise)  setup     untested  constant_disabled
U3_cpu/U1_datapath/U1_sfr/U27_int/prio/one_shot_reti/d_del_reg/SI
                                       CK(rise)  hold      untested  constant_disabled
U3_cpu/U1_datapath/U1_sfr/U27_int/prio/one_shot_reti/d_del_reg/SN(rise)
                                       CK(rise)  recovery  untested  false_paths
U3_cpu/U1_datapath/U1_sfr/U27_int/prio/one_shot_reti/d_del_reg/SN(rise)
                                       CK(rise)  removal   untested  false_paths
U3_cpu/U1_datapath/U1_sfr/U27_int/prio/one_shot_reti/d_del_reg/SN(low)
                                                 min_pulse_width
                                                           untested  no_clock
U3_cpu/U1_datapath/U1_sfr/U27_int/smpl0/tmp1_reg/RN(rise)
                                       CK(rise)  removal   untested  false_paths
U3_cpu/U1_datapath/U1_sfr/U27_int/smpl0/tmp1_reg/RN(rise)
                                       CK(rise)  recovery  untested  false_paths
U3_cpu/U1_datapath/U1_sfr/U27_int/smpl0/tmp1_reg/RN(low)
                                                 min_pulse_width
                                                           untested  no_clock
U3_cpu/U1_datapath/U1_sfr/U27_int/smpl0/tmp1_reg/SE
                                       CK(rise)  setup     untested  constant_disabled
U3_cpu/U1_datapath/U1_sfr/U27_int/smpl0/tmp1_reg/SE
                                       CK(rise)  hold      untested  constant_disabled
U3_cpu/U1_datapath/U1_sfr/U27_int/smpl0/tmp1_reg/SI
                                       CK(rise)  setup     untested  constant_disabled
U3_cpu/U1_datapath/U1_sfr/U27_int/smpl0/tmp1_reg/SI
                                       CK(rise)  hold      untested  constant_disabled
U3_cpu/U1_datapath/U1_sfr/U27_int/smpl0/tmp1_reg/SN(rise)
                                       CK(rise)  setup     untested  constant_disabled
U3_cpu/U1_datapath/U1_sfr/U27_int/smpl0/tmp1_reg/SN(rise)
                                       CK(rise)  hold      untested  constant_disabled
U3_cpu/U1_datapath/U1_sfr/U27_int/smpl0/tmp1_reg/SN(low)
                                                 min_pulse_width
                                                           untested  constant_disabled
U3_cpu/U1_datapath/U1_sfr/U27_int/smpl0/tmp_reg/RN(rise)
                                       CK(rise)  removal   untested  false_paths
U3_cpu/U1_datapath/U1_sfr/U27_int/smpl0/tmp_reg/RN(rise)
                                       CK(rise)  recovery  untested  false_paths
U3_cpu/U1_datapath/U1_sfr/U27_int/smpl0/tmp_reg/RN(low)
                                                 min_pulse_width
                                                           untested  no_clock
U3_cpu/U1_datapath/U1_sfr/U27_int/smpl0/tmp_reg/SE
                                       CK(rise)  setup     untested  constant_disabled
U3_cpu/U1_datapath/U1_sfr/U27_int/smpl0/tmp_reg/SE
                                       CK(rise)  hold      untested  constant_disabled
U3_cpu/U1_datapath/U1_sfr/U27_int/smpl0/tmp_reg/SI
                                       CK(rise)  setup     untested  constant_disabled
U3_cpu/U1_datapath/U1_sfr/U27_int/smpl0/tmp_reg/SI
                                       CK(rise)  hold      untested  constant_disabled
U3_cpu/U1_datapath/U1_sfr/U27_int/smpl0/tmp_reg/SN(rise)
                                       CK(rise)  setup     untested  constant_disabled
U3_cpu/U1_datapath/U1_sfr/U27_int/smpl0/tmp_reg/SN(rise)
                                       CK(rise)  hold      untested  constant_disabled
U3_cpu/U1_datapath/U1_sfr/U27_int/smpl0/tmp_reg/SN(low)
                                                 min_pulse_width
                                                           untested  constant_disabled
U3_cpu/U1_datapath/U1_sfr/U27_int/smpl1/tmp1_reg/RN(rise)
                                       CK(rise)  removal   untested  false_paths
U3_cpu/U1_datapath/U1_sfr/U27_int/smpl1/tmp1_reg/RN(rise)
                                       CK(rise)  recovery  untested  false_paths
U3_cpu/U1_datapath/U1_sfr/U27_int/smpl1/tmp1_reg/RN(low)
                                                 min_pulse_width
                                                           untested  no_clock
U3_cpu/U1_datapath/U1_sfr/U27_int/smpl1/tmp1_reg/SE
                                       CK(rise)  setup     untested  constant_disabled
U3_cpu/U1_datapath/U1_sfr/U27_int/smpl1/tmp1_reg/SE
                                       CK(rise)  hold      untested  constant_disabled
U3_cpu/U1_datapath/U1_sfr/U27_int/smpl1/tmp1_reg/SI
                                       CK(rise)  setup     untested  constant_disabled
U3_cpu/U1_datapath/U1_sfr/U27_int/smpl1/tmp1_reg/SI
                                       CK(rise)  hold      untested  constant_disabled
U3_cpu/U1_datapath/U1_sfr/U27_int/smpl1/tmp1_reg/SN(rise)
                                       CK(rise)  setup     untested  constant_disabled
U3_cpu/U1_datapath/U1_sfr/U27_int/smpl1/tmp1_reg/SN(rise)
                                       CK(rise)  hold      untested  constant_disabled
U3_cpu/U1_datapath/U1_sfr/U27_int/smpl1/tmp1_reg/SN(low)
                                                 min_pulse_width
                                                           untested  constant_disabled
U3_cpu/U1_datapath/U1_sfr/U27_int/smpl1/tmp_reg/RN(rise)
                                       CK(rise)  removal   untested  false_paths
U3_cpu/U1_datapath/U1_sfr/U27_int/smpl1/tmp_reg/RN(rise)
                                       CK(rise)  recovery  untested  false_paths
U3_cpu/U1_datapath/U1_sfr/U27_int/smpl1/tmp_reg/RN(low)
                                                 min_pulse_width
                                                           untested  no_clock
U3_cpu/U1_datapath/U1_sfr/U27_int/smpl1/tmp_reg/SE
                                       CK(rise)  setup     untested  constant_disabled
U3_cpu/U1_datapath/U1_sfr/U27_int/smpl1/tmp_reg/SE
                                       CK(rise)  hold      untested  constant_disabled
U3_cpu/U1_datapath/U1_sfr/U27_int/smpl1/tmp_reg/SI
                                       CK(rise)  setup     untested  constant_disabled
U3_cpu/U1_datapath/U1_sfr/U27_int/smpl1/tmp_reg/SI
                                       CK(rise)  hold      untested  constant_disabled
U3_cpu/U1_datapath/U1_sfr/U27_int/smpl1/tmp_reg/SN(rise)
                                       CK(rise)  setup     untested  constant_disabled
U3_cpu/U1_datapath/U1_sfr/U27_int/smpl1/tmp_reg/SN(rise)
                                       CK(rise)  hold      untested  constant_disabled
U3_cpu/U1_datapath/U1_sfr/U27_int/smpl1/tmp_reg/SN(low)
                                                 min_pulse_width
                                                           untested  constant_disabled
U3_cpu/U1_datapath/U1_sfr/U2_acc/out_acc_r_reg_0_/RN(rise)
                                       CK(rise)  recovery  untested  false_paths
U3_cpu/U1_datapath/U1_sfr/U2_acc/out_acc_r_reg_0_/RN(rise)
                                       CK(rise)  removal   untested  false_paths
U3_cpu/U1_datapath/U1_sfr/U2_acc/out_acc_r_reg_0_/RN(low)
                                                 min_pulse_width
                                                           untested  no_clock
U3_cpu/U1_datapath/U1_sfr/U2_acc/out_acc_r_reg_0_/SE
                                       CK(rise)  setup     untested  constant_disabled
U3_cpu/U1_datapath/U1_sfr/U2_acc/out_acc_r_reg_0_/SE
                                       CK(rise)  hold      untested  constant_disabled
U3_cpu/U1_datapath/U1_sfr/U2_acc/out_acc_r_reg_0_/SI
                                       CK(rise)  setup     untested  constant_disabled
U3_cpu/U1_datapath/U1_sfr/U2_acc/out_acc_r_reg_0_/SI
                                       CK(rise)  hold      untested  constant_disabled
U3_cpu/U1_datapath/U1_sfr/U2_acc/out_acc_r_reg_1_/RN(rise)
                                       CK(rise)  recovery  untested  false_paths
U3_cpu/U1_datapath/U1_sfr/U2_acc/out_acc_r_reg_1_/RN(rise)
                                       CK(rise)  removal   untested  false_paths
U3_cpu/U1_datapath/U1_sfr/U2_acc/out_acc_r_reg_1_/RN(low)
                                                 min_pulse_width
                                                           untested  no_clock
U3_cpu/U1_datapath/U1_sfr/U2_acc/out_acc_r_reg_1_/SE
                                       CK(rise)  setup     untested  constant_disabled
U3_cpu/U1_datapath/U1_sfr/U2_acc/out_acc_r_reg_1_/SE
                                       CK(rise)  hold      untested  constant_disabled
U3_cpu/U1_datapath/U1_sfr/U2_acc/out_acc_r_reg_1_/SI
                                       CK(rise)  setup     untested  constant_disabled
U3_cpu/U1_datapath/U1_sfr/U2_acc/out_acc_r_reg_1_/SI
                                       CK(rise)  hold      untested  constant_disabled
U3_cpu/U1_datapath/U1_sfr/U2_acc/out_acc_r_reg_2_/RN(rise)
                                       CK(rise)  recovery  untested  false_paths
U3_cpu/U1_datapath/U1_sfr/U2_acc/out_acc_r_reg_2_/RN(rise)
                                       CK(rise)  removal   untested  false_paths
U3_cpu/U1_datapath/U1_sfr/U2_acc/out_acc_r_reg_2_/RN(low)
                                                 min_pulse_width
                                                           untested  no_clock
U3_cpu/U1_datapath/U1_sfr/U2_acc/out_acc_r_reg_2_/SE
                                       CK(rise)  setup     untested  constant_disabled
U3_cpu/U1_datapath/U1_sfr/U2_acc/out_acc_r_reg_2_/SE
                                       CK(rise)  hold      untested  constant_disabled
U3_cpu/U1_datapath/U1_sfr/U2_acc/out_acc_r_reg_2_/SI
                                       CK(rise)  setup     untested  constant_disabled
U3_cpu/U1_datapath/U1_sfr/U2_acc/out_acc_r_reg_2_/SI
                                       CK(rise)  hold      untested  constant_disabled
U3_cpu/U1_datapath/U1_sfr/U2_acc/out_acc_r_reg_3_/RN(rise)
                                       CK(rise)  recovery  untested  false_paths
U3_cpu/U1_datapath/U1_sfr/U2_acc/out_acc_r_reg_3_/RN(rise)
                                       CK(rise)  removal   untested  false_paths
U3_cpu/U1_datapath/U1_sfr/U2_acc/out_acc_r_reg_3_/RN(low)
                                                 min_pulse_width
                                                           untested  no_clock
U3_cpu/U1_datapath/U1_sfr/U2_acc/out_acc_r_reg_3_/SE
                                       CK(rise)  setup     untested  constant_disabled
U3_cpu/U1_datapath/U1_sfr/U2_acc/out_acc_r_reg_3_/SE
                                       CK(rise)  hold      untested  constant_disabled
U3_cpu/U1_datapath/U1_sfr/U2_acc/out_acc_r_reg_3_/SI
                                       CK(rise)  setup     untested  constant_disabled
U3_cpu/U1_datapath/U1_sfr/U2_acc/out_acc_r_reg_3_/SI
                                       CK(rise)  hold      untested  constant_disabled
U3_cpu/U1_datapath/U1_sfr/U2_acc/out_acc_r_reg_4_/RN(rise)
                                       CK(rise)  recovery  untested  false_paths
U3_cpu/U1_datapath/U1_sfr/U2_acc/out_acc_r_reg_4_/RN(rise)
                                       CK(rise)  removal   untested  false_paths
U3_cpu/U1_datapath/U1_sfr/U2_acc/out_acc_r_reg_4_/RN(low)
                                                 min_pulse_width
                                                           untested  no_clock
U3_cpu/U1_datapath/U1_sfr/U2_acc/out_acc_r_reg_4_/SE
                                       CK(rise)  setup     untested  constant_disabled
U3_cpu/U1_datapath/U1_sfr/U2_acc/out_acc_r_reg_4_/SE
                                       CK(rise)  hold      untested  constant_disabled
U3_cpu/U1_datapath/U1_sfr/U2_acc/out_acc_r_reg_4_/SI
                                       CK(rise)  setup     untested  constant_disabled
U3_cpu/U1_datapath/U1_sfr/U2_acc/out_acc_r_reg_4_/SI
                                       CK(rise)  hold      untested  constant_disabled
U3_cpu/U1_datapath/U1_sfr/U2_acc/out_acc_r_reg_5_/RN(rise)
                                       CK(rise)  recovery  untested  false_paths
U3_cpu/U1_datapath/U1_sfr/U2_acc/out_acc_r_reg_5_/RN(rise)
                                       CK(rise)  removal   untested  false_paths
U3_cpu/U1_datapath/U1_sfr/U2_acc/out_acc_r_reg_5_/RN(low)
                                                 min_pulse_width
                                                           untested  no_clock
U3_cpu/U1_datapath/U1_sfr/U2_acc/out_acc_r_reg_5_/SE
                                       CK(rise)  setup     untested  constant_disabled
U3_cpu/U1_datapath/U1_sfr/U2_acc/out_acc_r_reg_5_/SE
                                       CK(rise)  hold      untested  constant_disabled
U3_cpu/U1_datapath/U1_sfr/U2_acc/out_acc_r_reg_5_/SI
                                       CK(rise)  setup     untested  constant_disabled
U3_cpu/U1_datapath/U1_sfr/U2_acc/out_acc_r_reg_5_/SI
                                       CK(rise)  hold      untested  constant_disabled
U3_cpu/U1_datapath/U1_sfr/U2_acc/out_acc_r_reg_6_/RN(rise)
                                       CK(rise)  recovery  untested  false_paths
U3_cpu/U1_datapath/U1_sfr/U2_acc/out_acc_r_reg_6_/RN(rise)
                                       CK(rise)  removal   untested  false_paths
U3_cpu/U1_datapath/U1_sfr/U2_acc/out_acc_r_reg_6_/RN(low)
                                                 min_pulse_width
                                                           untested  no_clock
U3_cpu/U1_datapath/U1_sfr/U2_acc/out_acc_r_reg_6_/SE
                                       CK(rise)  setup     untested  constant_disabled
U3_cpu/U1_datapath/U1_sfr/U2_acc/out_acc_r_reg_6_/SE
                                       CK(rise)  hold      untested  constant_disabled
U3_cpu/U1_datapath/U1_sfr/U2_acc/out_acc_r_reg_6_/SI
                                       CK(rise)  setup     untested  constant_disabled
U3_cpu/U1_datapath/U1_sfr/U2_acc/out_acc_r_reg_6_/SI
                                       CK(rise)  hold      untested  constant_disabled
U3_cpu/U1_datapath/U1_sfr/U2_acc/out_acc_r_reg_7_/RN(rise)
                                       CK(rise)  recovery  untested  false_paths
U3_cpu/U1_datapath/U1_sfr/U2_acc/out_acc_r_reg_7_/RN(rise)
                                       CK(rise)  removal   untested  false_paths
U3_cpu/U1_datapath/U1_sfr/U2_acc/out_acc_r_reg_7_/RN(low)
                                                 min_pulse_width
                                                           untested  no_clock
U3_cpu/U1_datapath/U1_sfr/U2_acc/out_acc_r_reg_7_/SE
                                       CK(rise)  setup     untested  constant_disabled
U3_cpu/U1_datapath/U1_sfr/U2_acc/out_acc_r_reg_7_/SE
                                       CK(rise)  hold      untested  constant_disabled
U3_cpu/U1_datapath/U1_sfr/U2_acc/out_acc_r_reg_7_/SI
                                       CK(rise)  setup     untested  constant_disabled
U3_cpu/U1_datapath/U1_sfr/U2_acc/out_acc_r_reg_7_/SI
                                       CK(rise)  hold      untested  constant_disabled
U3_cpu/U1_datapath/U1_sfr/U3_psw/out_psw_reg_1_/RN(rise)
                                       CK(rise)  removal   untested  false_paths
U3_cpu/U1_datapath/U1_sfr/U3_psw/out_psw_reg_1_/RN(rise)
                                       CK(rise)  recovery  untested  false_paths
U3_cpu/U1_datapath/U1_sfr/U3_psw/out_psw_reg_1_/RN(low)
                                                 min_pulse_width
                                                           untested  no_clock
U3_cpu/U1_datapath/U1_sfr/U3_psw/out_psw_reg_1_/SE
                                       CK(rise)  setup     untested  constant_disabled
U3_cpu/U1_datapath/U1_sfr/U3_psw/out_psw_reg_1_/SE
                                       CK(rise)  hold      untested  constant_disabled
U3_cpu/U1_datapath/U1_sfr/U3_psw/out_psw_reg_1_/SI
                                       CK(rise)  setup     untested  constant_disabled
U3_cpu/U1_datapath/U1_sfr/U3_psw/out_psw_reg_1_/SI
                                       CK(rise)  hold      untested  constant_disabled
U3_cpu/U1_datapath/U1_sfr/U3_psw/out_psw_reg_1_/SN(rise)
                                       CK(rise)  setup     untested  constant_disabled
U3_cpu/U1_datapath/U1_sfr/U3_psw/out_psw_reg_1_/SN(rise)
                                       CK(rise)  hold      untested  constant_disabled
U3_cpu/U1_datapath/U1_sfr/U3_psw/out_psw_reg_1_/SN(low)
                                                 min_pulse_width
                                                           untested  constant_disabled
U3_cpu/U1_datapath/U1_sfr/U3_psw/out_psw_reg_2_/RN(rise)
                                       CK(rise)  recovery  untested  false_paths
U3_cpu/U1_datapath/U1_sfr/U3_psw/out_psw_reg_2_/RN(rise)
                                       CK(rise)  removal   untested  false_paths
U3_cpu/U1_datapath/U1_sfr/U3_psw/out_psw_reg_2_/RN(low)
                                                 min_pulse_width
                                                           untested  no_clock
U3_cpu/U1_datapath/U1_sfr/U3_psw/out_psw_reg_2_/SE
                                       CK(rise)  setup     untested  constant_disabled
U3_cpu/U1_datapath/U1_sfr/U3_psw/out_psw_reg_2_/SE
                                       CK(rise)  hold      untested  constant_disabled
U3_cpu/U1_datapath/U1_sfr/U3_psw/out_psw_reg_2_/SI
                                       CK(rise)  setup     untested  constant_disabled
U3_cpu/U1_datapath/U1_sfr/U3_psw/out_psw_reg_2_/SI
                                       CK(rise)  hold      untested  constant_disabled
U3_cpu/U1_datapath/U1_sfr/U3_psw/out_psw_reg_3_/RN(rise)
                                       CK(rise)  removal   untested  false_paths
U3_cpu/U1_datapath/U1_sfr/U3_psw/out_psw_reg_3_/RN(rise)
                                       CK(rise)  recovery  untested  false_paths
U3_cpu/U1_datapath/U1_sfr/U3_psw/out_psw_reg_3_/RN(low)
                                                 min_pulse_width
                                                           untested  no_clock
U3_cpu/U1_datapath/U1_sfr/U3_psw/out_psw_reg_3_/SE
                                       CK(rise)  setup     untested  constant_disabled
U3_cpu/U1_datapath/U1_sfr/U3_psw/out_psw_reg_3_/SE
                                       CK(rise)  hold      untested  constant_disabled
U3_cpu/U1_datapath/U1_sfr/U3_psw/out_psw_reg_3_/SI
                                       CK(rise)  setup     untested  constant_disabled
U3_cpu/U1_datapath/U1_sfr/U3_psw/out_psw_reg_3_/SI
                                       CK(rise)  hold      untested  constant_disabled
U3_cpu/U1_datapath/U1_sfr/U3_psw/out_psw_reg_3_/SN(rise)
                                       CK(rise)  setup     untested  constant_disabled
U3_cpu/U1_datapath/U1_sfr/U3_psw/out_psw_reg_3_/SN(rise)
                                       CK(rise)  hold      untested  constant_disabled
U3_cpu/U1_datapath/U1_sfr/U3_psw/out_psw_reg_3_/SN(low)
                                                 min_pulse_width
                                                           untested  constant_disabled
U3_cpu/U1_datapath/U1_sfr/U3_psw/out_psw_reg_4_/RN(rise)
                                       CK(rise)  removal   untested  false_paths
U3_cpu/U1_datapath/U1_sfr/U3_psw/out_psw_reg_4_/RN(rise)
                                       CK(rise)  recovery  untested  false_paths
U3_cpu/U1_datapath/U1_sfr/U3_psw/out_psw_reg_4_/RN(low)
                                                 min_pulse_width
                                                           untested  no_clock
U3_cpu/U1_datapath/U1_sfr/U3_psw/out_psw_reg_4_/SE
                                       CK(rise)  setup     untested  constant_disabled
U3_cpu/U1_datapath/U1_sfr/U3_psw/out_psw_reg_4_/SE
                                       CK(rise)  hold      untested  constant_disabled
U3_cpu/U1_datapath/U1_sfr/U3_psw/out_psw_reg_4_/SI
                                       CK(rise)  setup     untested  constant_disabled
U3_cpu/U1_datapath/U1_sfr/U3_psw/out_psw_reg_4_/SI
                                       CK(rise)  hold      untested  constant_disabled
U3_cpu/U1_datapath/U1_sfr/U3_psw/out_psw_reg_4_/SN(rise)
                                       CK(rise)  setup     untested  constant_disabled
U3_cpu/U1_datapath/U1_sfr/U3_psw/out_psw_reg_4_/SN(rise)
                                       CK(rise)  hold      untested  constant_disabled
U3_cpu/U1_datapath/U1_sfr/U3_psw/out_psw_reg_4_/SN(low)
                                                 min_pulse_width
                                                           untested  constant_disabled
U3_cpu/U1_datapath/U1_sfr/U3_psw/out_psw_reg_5_/RN(rise)
                                       CK(rise)  removal   untested  false_paths
U3_cpu/U1_datapath/U1_sfr/U3_psw/out_psw_reg_5_/RN(rise)
                                       CK(rise)  recovery  untested  false_paths
U3_cpu/U1_datapath/U1_sfr/U3_psw/out_psw_reg_5_/RN(low)
                                                 min_pulse_width
                                                           untested  no_clock
U3_cpu/U1_datapath/U1_sfr/U3_psw/out_psw_reg_5_/SE
                                       CK(rise)  setup     untested  constant_disabled
U3_cpu/U1_datapath/U1_sfr/U3_psw/out_psw_reg_5_/SE
                                       CK(rise)  hold      untested  constant_disabled
U3_cpu/U1_datapath/U1_sfr/U3_psw/out_psw_reg_5_/SI
                                       CK(rise)  setup     untested  constant_disabled
U3_cpu/U1_datapath/U1_sfr/U3_psw/out_psw_reg_5_/SI
                                       CK(rise)  hold      untested  constant_disabled
U3_cpu/U1_datapath/U1_sfr/U3_psw/out_psw_reg_5_/SN(rise)
                                       CK(rise)  setup     untested  constant_disabled
U3_cpu/U1_datapath/U1_sfr/U3_psw/out_psw_reg_5_/SN(rise)
                                       CK(rise)  hold      untested  constant_disabled
U3_cpu/U1_datapath/U1_sfr/U3_psw/out_psw_reg_5_/SN(low)
                                                 min_pulse_width
                                                           untested  constant_disabled
U3_cpu/U1_datapath/U1_sfr/U3_psw/out_psw_reg_6_/RN(rise)
                                       CK(rise)  recovery  untested  false_paths
U3_cpu/U1_datapath/U1_sfr/U3_psw/out_psw_reg_6_/RN(rise)
                                       CK(rise)  removal   untested  false_paths
U3_cpu/U1_datapath/U1_sfr/U3_psw/out_psw_reg_6_/RN(low)
                                                 min_pulse_width
                                                           untested  no_clock
U3_cpu/U1_datapath/U1_sfr/U3_psw/out_psw_reg_6_/SE
                                       CK(rise)  setup     untested  constant_disabled
U3_cpu/U1_datapath/U1_sfr/U3_psw/out_psw_reg_6_/SE
                                       CK(rise)  hold      untested  constant_disabled
U3_cpu/U1_datapath/U1_sfr/U3_psw/out_psw_reg_6_/SI
                                       CK(rise)  setup     untested  constant_disabled
U3_cpu/U1_datapath/U1_sfr/U3_psw/out_psw_reg_6_/SI
                                       CK(rise)  hold      untested  constant_disabled
U3_cpu/U1_datapath/U1_sfr/U3_psw/out_psw_reg_7_/RN(rise)
                                       CK(rise)  removal   untested  false_paths
U3_cpu/U1_datapath/U1_sfr/U3_psw/out_psw_reg_7_/RN(rise)
                                       CK(rise)  recovery  untested  false_paths
U3_cpu/U1_datapath/U1_sfr/U3_psw/out_psw_reg_7_/RN(low)
                                                 min_pulse_width
                                                           untested  no_clock
U3_cpu/U1_datapath/U1_sfr/U3_psw/out_psw_reg_7_/SE
                                       CK(rise)  setup     untested  constant_disabled
U3_cpu/U1_datapath/U1_sfr/U3_psw/out_psw_reg_7_/SE
                                       CK(rise)  hold      untested  constant_disabled
U3_cpu/U1_datapath/U1_sfr/U3_psw/out_psw_reg_7_/SI
                                       CK(rise)  setup     untested  constant_disabled
U3_cpu/U1_datapath/U1_sfr/U3_psw/out_psw_reg_7_/SI
                                       CK(rise)  hold      untested  constant_disabled
U3_cpu/U1_datapath/U1_sfr/U3_psw/out_psw_reg_7_/SN(rise)
                                       CK(rise)  setup     untested  constant_disabled
U3_cpu/U1_datapath/U1_sfr/U3_psw/out_psw_reg_7_/SN(rise)
                                       CK(rise)  hold      untested  constant_disabled
U3_cpu/U1_datapath/U1_sfr/U3_psw/out_psw_reg_7_/SN(low)
                                                 min_pulse_width
                                                           untested  constant_disabled
U3_cpu/U1_datapath/U1_sfr/U4_b/out_b_reg_0_/RN(rise)
                                       CK(rise)  recovery  untested  false_paths
U3_cpu/U1_datapath/U1_sfr/U4_b/out_b_reg_0_/RN(rise)
                                       CK(rise)  removal   untested  false_paths
U3_cpu/U1_datapath/U1_sfr/U4_b/out_b_reg_0_/RN(low)
                                                 min_pulse_width
                                                           untested  no_clock
U3_cpu/U1_datapath/U1_sfr/U4_b/out_b_reg_0_/SE
                                       CK(rise)  setup     untested  constant_disabled
U3_cpu/U1_datapath/U1_sfr/U4_b/out_b_reg_0_/SE
                                       CK(rise)  hold      untested  constant_disabled
U3_cpu/U1_datapath/U1_sfr/U4_b/out_b_reg_0_/SI
                                       CK(rise)  setup     untested  constant_disabled
U3_cpu/U1_datapath/U1_sfr/U4_b/out_b_reg_0_/SI
                                       CK(rise)  hold      untested  constant_disabled
U3_cpu/U1_datapath/U1_sfr/U4_b/out_b_reg_1_/RN(rise)
                                       CK(rise)  recovery  untested  false_paths
U3_cpu/U1_datapath/U1_sfr/U4_b/out_b_reg_1_/RN(rise)
                                       CK(rise)  removal   untested  false_paths
U3_cpu/U1_datapath/U1_sfr/U4_b/out_b_reg_1_/RN(low)
                                                 min_pulse_width
                                                           untested  no_clock
U3_cpu/U1_datapath/U1_sfr/U4_b/out_b_reg_1_/SE
                                       CK(rise)  setup     untested  constant_disabled
U3_cpu/U1_datapath/U1_sfr/U4_b/out_b_reg_1_/SE
                                       CK(rise)  hold      untested  constant_disabled
U3_cpu/U1_datapath/U1_sfr/U4_b/out_b_reg_1_/SI
                                       CK(rise)  setup     untested  constant_disabled
U3_cpu/U1_datapath/U1_sfr/U4_b/out_b_reg_1_/SI
                                       CK(rise)  hold      untested  constant_disabled
U3_cpu/U1_datapath/U1_sfr/U4_b/out_b_reg_2_/RN(rise)
                                       CK(rise)  recovery  untested  false_paths
U3_cpu/U1_datapath/U1_sfr/U4_b/out_b_reg_2_/RN(rise)
                                       CK(rise)  removal   untested  false_paths
U3_cpu/U1_datapath/U1_sfr/U4_b/out_b_reg_2_/RN(low)
                                                 min_pulse_width
                                                           untested  no_clock
U3_cpu/U1_datapath/U1_sfr/U4_b/out_b_reg_2_/SE
                                       CK(rise)  setup     untested  constant_disabled
U3_cpu/U1_datapath/U1_sfr/U4_b/out_b_reg_2_/SE
                                       CK(rise)  hold      untested  constant_disabled
U3_cpu/U1_datapath/U1_sfr/U4_b/out_b_reg_2_/SI
                                       CK(rise)  setup     untested  constant_disabled
U3_cpu/U1_datapath/U1_sfr/U4_b/out_b_reg_2_/SI
                                       CK(rise)  hold      untested  constant_disabled
U3_cpu/U1_datapath/U1_sfr/U4_b/out_b_reg_3_/RN(rise)
                                       CK(rise)  recovery  untested  false_paths
U3_cpu/U1_datapath/U1_sfr/U4_b/out_b_reg_3_/RN(rise)
                                       CK(rise)  removal   untested  false_paths
U3_cpu/U1_datapath/U1_sfr/U4_b/out_b_reg_3_/RN(low)
                                                 min_pulse_width
                                                           untested  no_clock
U3_cpu/U1_datapath/U1_sfr/U4_b/out_b_reg_3_/SE
                                       CK(rise)  setup     untested  constant_disabled
U3_cpu/U1_datapath/U1_sfr/U4_b/out_b_reg_3_/SE
                                       CK(rise)  hold      untested  constant_disabled
U3_cpu/U1_datapath/U1_sfr/U4_b/out_b_reg_3_/SI
                                       CK(rise)  setup     untested  constant_disabled
U3_cpu/U1_datapath/U1_sfr/U4_b/out_b_reg_3_/SI
                                       CK(rise)  hold      untested  constant_disabled
U3_cpu/U1_datapath/U1_sfr/U4_b/out_b_reg_4_/RN(rise)
                                       CK(rise)  recovery  untested  false_paths
U3_cpu/U1_datapath/U1_sfr/U4_b/out_b_reg_4_/RN(rise)
                                       CK(rise)  removal   untested  false_paths
U3_cpu/U1_datapath/U1_sfr/U4_b/out_b_reg_4_/RN(low)
                                                 min_pulse_width
                                                           untested  no_clock
U3_cpu/U1_datapath/U1_sfr/U4_b/out_b_reg_4_/SE
                                       CK(rise)  setup     untested  constant_disabled
U3_cpu/U1_datapath/U1_sfr/U4_b/out_b_reg_4_/SE
                                       CK(rise)  hold      untested  constant_disabled
U3_cpu/U1_datapath/U1_sfr/U4_b/out_b_reg_4_/SI
                                       CK(rise)  setup     untested  constant_disabled
U3_cpu/U1_datapath/U1_sfr/U4_b/out_b_reg_4_/SI
                                       CK(rise)  hold      untested  constant_disabled
U3_cpu/U1_datapath/U1_sfr/U4_b/out_b_reg_5_/RN(rise)
                                       CK(rise)  recovery  untested  false_paths
U3_cpu/U1_datapath/U1_sfr/U4_b/out_b_reg_5_/RN(rise)
                                       CK(rise)  removal   untested  false_paths
U3_cpu/U1_datapath/U1_sfr/U4_b/out_b_reg_5_/RN(low)
                                                 min_pulse_width
                                                           untested  no_clock
U3_cpu/U1_datapath/U1_sfr/U4_b/out_b_reg_5_/SE
                                       CK(rise)  setup     untested  constant_disabled
U3_cpu/U1_datapath/U1_sfr/U4_b/out_b_reg_5_/SE
                                       CK(rise)  hold      untested  constant_disabled
U3_cpu/U1_datapath/U1_sfr/U4_b/out_b_reg_5_/SI
                                       CK(rise)  setup     untested  constant_disabled
U3_cpu/U1_datapath/U1_sfr/U4_b/out_b_reg_5_/SI
                                       CK(rise)  hold      untested  constant_disabled
U3_cpu/U1_datapath/U1_sfr/U4_b/out_b_reg_6_/RN(rise)
                                       CK(rise)  recovery  untested  false_paths
U3_cpu/U1_datapath/U1_sfr/U4_b/out_b_reg_6_/RN(rise)
                                       CK(rise)  removal   untested  false_paths
U3_cpu/U1_datapath/U1_sfr/U4_b/out_b_reg_6_/RN(low)
                                                 min_pulse_width
                                                           untested  no_clock
U3_cpu/U1_datapath/U1_sfr/U4_b/out_b_reg_6_/SE
                                       CK(rise)  setup     untested  constant_disabled
U3_cpu/U1_datapath/U1_sfr/U4_b/out_b_reg_6_/SE
                                       CK(rise)  hold      untested  constant_disabled
U3_cpu/U1_datapath/U1_sfr/U4_b/out_b_reg_6_/SI
                                       CK(rise)  setup     untested  constant_disabled
U3_cpu/U1_datapath/U1_sfr/U4_b/out_b_reg_6_/SI
                                       CK(rise)  hold      untested  constant_disabled
U3_cpu/U1_datapath/U1_sfr/U4_b/out_b_reg_7_/RN(rise)
                                       CK(rise)  recovery  untested  false_paths
U3_cpu/U1_datapath/U1_sfr/U4_b/out_b_reg_7_/RN(rise)
                                       CK(rise)  removal   untested  false_paths
U3_cpu/U1_datapath/U1_sfr/U4_b/out_b_reg_7_/RN(low)
                                                 min_pulse_width
                                                           untested  no_clock
U3_cpu/U1_datapath/U1_sfr/U4_b/out_b_reg_7_/SE
                                       CK(rise)  setup     untested  constant_disabled
U3_cpu/U1_datapath/U1_sfr/U4_b/out_b_reg_7_/SE
                                       CK(rise)  hold      untested  constant_disabled
U3_cpu/U1_datapath/U1_sfr/U4_b/out_b_reg_7_/SI
                                       CK(rise)  setup     untested  constant_disabled
U3_cpu/U1_datapath/U1_sfr/U4_b/out_b_reg_7_/SI
                                       CK(rise)  hold      untested  constant_disabled
U3_cpu/U1_datapath/U1_sfr/U_ie/out_ie_reg_0_/RN(rise)
                                       CK(rise)  removal   untested  false_paths
U3_cpu/U1_datapath/U1_sfr/U_ie/out_ie_reg_0_/RN(rise)
                                       CK(rise)  recovery  untested  false_paths
U3_cpu/U1_datapath/U1_sfr/U_ie/out_ie_reg_0_/RN(low)
                                                 min_pulse_width
                                                           untested  no_clock
U3_cpu/U1_datapath/U1_sfr/U_ie/out_ie_reg_0_/SE
                                       CK(rise)  setup     untested  constant_disabled
U3_cpu/U1_datapath/U1_sfr/U_ie/out_ie_reg_0_/SE
                                       CK(rise)  hold      untested  constant_disabled
U3_cpu/U1_datapath/U1_sfr/U_ie/out_ie_reg_0_/SI
                                       CK(rise)  setup     untested  constant_disabled
U3_cpu/U1_datapath/U1_sfr/U_ie/out_ie_reg_0_/SI
                                       CK(rise)  hold      untested  constant_disabled
U3_cpu/U1_datapath/U1_sfr/U_ie/out_ie_reg_0_/SN(rise)
                                       CK(rise)  setup     untested  constant_disabled
U3_cpu/U1_datapath/U1_sfr/U_ie/out_ie_reg_0_/SN(rise)
                                       CK(rise)  hold      untested  constant_disabled
U3_cpu/U1_datapath/U1_sfr/U_ie/out_ie_reg_0_/SN(low)
                                                 min_pulse_width
                                                           untested  constant_disabled
U3_cpu/U1_datapath/U1_sfr/U_ie/out_ie_reg_1_/RN(rise)
                                       CK(rise)  removal   untested  false_paths
U3_cpu/U1_datapath/U1_sfr/U_ie/out_ie_reg_1_/RN(rise)
                                       CK(rise)  recovery  untested  false_paths
U3_cpu/U1_datapath/U1_sfr/U_ie/out_ie_reg_1_/RN(low)
                                                 min_pulse_width
                                                           untested  no_clock
U3_cpu/U1_datapath/U1_sfr/U_ie/out_ie_reg_1_/SE
                                       CK(rise)  setup     untested  constant_disabled
U3_cpu/U1_datapath/U1_sfr/U_ie/out_ie_reg_1_/SE
                                       CK(rise)  hold      untested  constant_disabled
U3_cpu/U1_datapath/U1_sfr/U_ie/out_ie_reg_1_/SI
                                       CK(rise)  setup     untested  constant_disabled
U3_cpu/U1_datapath/U1_sfr/U_ie/out_ie_reg_1_/SI
                                       CK(rise)  hold      untested  constant_disabled
U3_cpu/U1_datapath/U1_sfr/U_ie/out_ie_reg_1_/SN(rise)
                                       CK(rise)  setup     untested  constant_disabled
U3_cpu/U1_datapath/U1_sfr/U_ie/out_ie_reg_1_/SN(rise)
                                       CK(rise)  hold      untested  constant_disabled
U3_cpu/U1_datapath/U1_sfr/U_ie/out_ie_reg_1_/SN(low)
                                                 min_pulse_width
                                                           untested  constant_disabled
U3_cpu/U1_datapath/U1_sfr/U_ie/out_ie_reg_2_/RN(rise)
                                       CK(rise)  removal   untested  false_paths
U3_cpu/U1_datapath/U1_sfr/U_ie/out_ie_reg_2_/RN(rise)
                                       CK(rise)  recovery  untested  false_paths
U3_cpu/U1_datapath/U1_sfr/U_ie/out_ie_reg_2_/RN(low)
                                                 min_pulse_width
                                                           untested  no_clock
U3_cpu/U1_datapath/U1_sfr/U_ie/out_ie_reg_2_/SE
                                       CK(rise)  setup     untested  constant_disabled
U3_cpu/U1_datapath/U1_sfr/U_ie/out_ie_reg_2_/SE
                                       CK(rise)  hold      untested  constant_disabled
U3_cpu/U1_datapath/U1_sfr/U_ie/out_ie_reg_2_/SI
                                       CK(rise)  setup     untested  constant_disabled
U3_cpu/U1_datapath/U1_sfr/U_ie/out_ie_reg_2_/SI
                                       CK(rise)  hold      untested  constant_disabled
U3_cpu/U1_datapath/U1_sfr/U_ie/out_ie_reg_2_/SN(rise)
                                       CK(rise)  setup     untested  constant_disabled
U3_cpu/U1_datapath/U1_sfr/U_ie/out_ie_reg_2_/SN(rise)
                                       CK(rise)  hold      untested  constant_disabled
U3_cpu/U1_datapath/U1_sfr/U_ie/out_ie_reg_2_/SN(low)
                                                 min_pulse_width
                                                           untested  constant_disabled
U3_cpu/U1_datapath/U1_sfr/U_ie/out_ie_reg_3_/RN(rise)
                                       CK(rise)  removal   untested  false_paths
U3_cpu/U1_datapath/U1_sfr/U_ie/out_ie_reg_3_/RN(rise)
                                       CK(rise)  recovery  untested  false_paths
U3_cpu/U1_datapath/U1_sfr/U_ie/out_ie_reg_3_/RN(low)
                                                 min_pulse_width
                                                           untested  no_clock
U3_cpu/U1_datapath/U1_sfr/U_ie/out_ie_reg_3_/SE
                                       CK(rise)  setup     untested  constant_disabled
U3_cpu/U1_datapath/U1_sfr/U_ie/out_ie_reg_3_/SE
                                       CK(rise)  hold      untested  constant_disabled
U3_cpu/U1_datapath/U1_sfr/U_ie/out_ie_reg_3_/SI
                                       CK(rise)  setup     untested  constant_disabled
U3_cpu/U1_datapath/U1_sfr/U_ie/out_ie_reg_3_/SI
                                       CK(rise)  hold      untested  constant_disabled
U3_cpu/U1_datapath/U1_sfr/U_ie/out_ie_reg_3_/SN(rise)
                                       CK(rise)  setup     untested  constant_disabled
U3_cpu/U1_datapath/U1_sfr/U_ie/out_ie_reg_3_/SN(rise)
                                       CK(rise)  hold      untested  constant_disabled
U3_cpu/U1_datapath/U1_sfr/U_ie/out_ie_reg_3_/SN(low)
                                                 min_pulse_width
                                                           untested  constant_disabled
U3_cpu/U1_datapath/U1_sfr/U_ie/out_ie_reg_4_/RN(rise)
                                       CK(rise)  removal   untested  false_paths
U3_cpu/U1_datapath/U1_sfr/U_ie/out_ie_reg_4_/RN(rise)
                                       CK(rise)  recovery  untested  false_paths
U3_cpu/U1_datapath/U1_sfr/U_ie/out_ie_reg_4_/RN(low)
                                                 min_pulse_width
                                                           untested  no_clock
U3_cpu/U1_datapath/U1_sfr/U_ie/out_ie_reg_4_/SE
                                       CK(rise)  setup     untested  constant_disabled
U3_cpu/U1_datapath/U1_sfr/U_ie/out_ie_reg_4_/SE
                                       CK(rise)  hold      untested  constant_disabled
U3_cpu/U1_datapath/U1_sfr/U_ie/out_ie_reg_4_/SI
                                       CK(rise)  setup     untested  constant_disabled
U3_cpu/U1_datapath/U1_sfr/U_ie/out_ie_reg_4_/SI
                                       CK(rise)  hold      untested  constant_disabled
U3_cpu/U1_datapath/U1_sfr/U_ie/out_ie_reg_4_/SN(rise)
                                       CK(rise)  setup     untested  constant_disabled
U3_cpu/U1_datapath/U1_sfr/U_ie/out_ie_reg_4_/SN(rise)
                                       CK(rise)  hold      untested  constant_disabled
U3_cpu/U1_datapath/U1_sfr/U_ie/out_ie_reg_4_/SN(low)
                                                 min_pulse_width
                                                           untested  constant_disabled
U3_cpu/U1_datapath/U1_sfr/U_ie/out_ie_reg_5_/RN(rise)
                                       CK(rise)  removal   untested  false_paths
U3_cpu/U1_datapath/U1_sfr/U_ie/out_ie_reg_5_/RN(rise)
                                       CK(rise)  recovery  untested  false_paths
U3_cpu/U1_datapath/U1_sfr/U_ie/out_ie_reg_5_/RN(low)
                                                 min_pulse_width
                                                           untested  no_clock
U3_cpu/U1_datapath/U1_sfr/U_ie/out_ie_reg_5_/SE
                                       CK(rise)  setup     untested  constant_disabled
U3_cpu/U1_datapath/U1_sfr/U_ie/out_ie_reg_5_/SE
                                       CK(rise)  hold      untested  constant_disabled
U3_cpu/U1_datapath/U1_sfr/U_ie/out_ie_reg_5_/SI
                                       CK(rise)  setup     untested  constant_disabled
U3_cpu/U1_datapath/U1_sfr/U_ie/out_ie_reg_5_/SI
                                       CK(rise)  hold      untested  constant_disabled
U3_cpu/U1_datapath/U1_sfr/U_ie/out_ie_reg_5_/SN(rise)
                                       CK(rise)  setup     untested  constant_disabled
U3_cpu/U1_datapath/U1_sfr/U_ie/out_ie_reg_5_/SN(rise)
                                       CK(rise)  hold      untested  constant_disabled
U3_cpu/U1_datapath/U1_sfr/U_ie/out_ie_reg_5_/SN(low)
                                                 min_pulse_width
                                                           untested  constant_disabled
U3_cpu/U1_datapath/U1_sfr/U_ie/out_ie_reg_6_/RN(rise)
                                       CK(rise)  removal   untested  false_paths
U3_cpu/U1_datapath/U1_sfr/U_ie/out_ie_reg_6_/RN(rise)
                                       CK(rise)  recovery  untested  false_paths
U3_cpu/U1_datapath/U1_sfr/U_ie/out_ie_reg_6_/RN(low)
                                                 min_pulse_width
                                                           untested  no_clock
U3_cpu/U1_datapath/U1_sfr/U_ie/out_ie_reg_6_/SE
                                       CK(rise)  setup     untested  constant_disabled
U3_cpu/U1_datapath/U1_sfr/U_ie/out_ie_reg_6_/SE
                                       CK(rise)  hold      untested  constant_disabled
U3_cpu/U1_datapath/U1_sfr/U_ie/out_ie_reg_6_/SI
                                       CK(rise)  setup     untested  constant_disabled
U3_cpu/U1_datapath/U1_sfr/U_ie/out_ie_reg_6_/SI
                                       CK(rise)  hold      untested  constant_disabled
U3_cpu/U1_datapath/U1_sfr/U_ie/out_ie_reg_6_/SN(rise)
                                       CK(rise)  setup     untested  constant_disabled
U3_cpu/U1_datapath/U1_sfr/U_ie/out_ie_reg_6_/SN(rise)
                                       CK(rise)  hold      untested  constant_disabled
U3_cpu/U1_datapath/U1_sfr/U_ie/out_ie_reg_6_/SN(low)
                                                 min_pulse_width
                                                           untested  constant_disabled
U3_cpu/U1_datapath/U1_sfr/U_ie/out_ie_reg_7_/RN(rise)
                                       CK(rise)  removal   untested  false_paths
U3_cpu/U1_datapath/U1_sfr/U_ie/out_ie_reg_7_/RN(rise)
                                       CK(rise)  recovery  untested  false_paths
U3_cpu/U1_datapath/U1_sfr/U_ie/out_ie_reg_7_/RN(low)
                                                 min_pulse_width
                                                           untested  no_clock
U3_cpu/U1_datapath/U1_sfr/U_ie/out_ie_reg_7_/SE
                                       CK(rise)  setup     untested  constant_disabled
U3_cpu/U1_datapath/U1_sfr/U_ie/out_ie_reg_7_/SE
                                       CK(rise)  hold      untested  constant_disabled
U3_cpu/U1_datapath/U1_sfr/U_ie/out_ie_reg_7_/SI
                                       CK(rise)  setup     untested  constant_disabled
U3_cpu/U1_datapath/U1_sfr/U_ie/out_ie_reg_7_/SI
                                       CK(rise)  hold      untested  constant_disabled
U3_cpu/U1_datapath/U1_sfr/U_ie/out_ie_reg_7_/SN(rise)
                                       CK(rise)  setup     untested  constant_disabled
U3_cpu/U1_datapath/U1_sfr/U_ie/out_ie_reg_7_/SN(rise)
                                       CK(rise)  hold      untested  constant_disabled
U3_cpu/U1_datapath/U1_sfr/U_ie/out_ie_reg_7_/SN(low)
                                                 min_pulse_width
                                                           untested  constant_disabled
U3_cpu/U1_datapath/U1_sfr/U_ip/out_ip_reg_0_/RN(rise)
                                       CK(rise)  removal   untested  false_paths
U3_cpu/U1_datapath/U1_sfr/U_ip/out_ip_reg_0_/RN(rise)
                                       CK(rise)  recovery  untested  false_paths
U3_cpu/U1_datapath/U1_sfr/U_ip/out_ip_reg_0_/RN(low)
                                                 min_pulse_width
                                                           untested  no_clock
U3_cpu/U1_datapath/U1_sfr/U_ip/out_ip_reg_0_/SE
                                       CK(rise)  setup     untested  constant_disabled
U3_cpu/U1_datapath/U1_sfr/U_ip/out_ip_reg_0_/SE
                                       CK(rise)  hold      untested  constant_disabled
U3_cpu/U1_datapath/U1_sfr/U_ip/out_ip_reg_0_/SI
                                       CK(rise)  setup     untested  constant_disabled
U3_cpu/U1_datapath/U1_sfr/U_ip/out_ip_reg_0_/SI
                                       CK(rise)  hold      untested  constant_disabled
U3_cpu/U1_datapath/U1_sfr/U_ip/out_ip_reg_0_/SN(rise)
                                       CK(rise)  setup     untested  constant_disabled
U3_cpu/U1_datapath/U1_sfr/U_ip/out_ip_reg_0_/SN(rise)
                                       CK(rise)  hold      untested  constant_disabled
U3_cpu/U1_datapath/U1_sfr/U_ip/out_ip_reg_0_/SN(low)
                                                 min_pulse_width
                                                           untested  constant_disabled
U3_cpu/U1_datapath/U1_sfr/U_ip/out_ip_reg_1_/RN(rise)
                                       CK(rise)  removal   untested  false_paths
U3_cpu/U1_datapath/U1_sfr/U_ip/out_ip_reg_1_/RN(rise)
                                       CK(rise)  recovery  untested  false_paths
U3_cpu/U1_datapath/U1_sfr/U_ip/out_ip_reg_1_/RN(low)
                                                 min_pulse_width
                                                           untested  no_clock
U3_cpu/U1_datapath/U1_sfr/U_ip/out_ip_reg_1_/SE
                                       CK(rise)  setup     untested  constant_disabled
U3_cpu/U1_datapath/U1_sfr/U_ip/out_ip_reg_1_/SE
                                       CK(rise)  hold      untested  constant_disabled
U3_cpu/U1_datapath/U1_sfr/U_ip/out_ip_reg_1_/SI
                                       CK(rise)  setup     untested  constant_disabled
U3_cpu/U1_datapath/U1_sfr/U_ip/out_ip_reg_1_/SI
                                       CK(rise)  hold      untested  constant_disabled
U3_cpu/U1_datapath/U1_sfr/U_ip/out_ip_reg_1_/SN(rise)
                                       CK(rise)  setup     untested  constant_disabled
U3_cpu/U1_datapath/U1_sfr/U_ip/out_ip_reg_1_/SN(rise)
                                       CK(rise)  hold      untested  constant_disabled
U3_cpu/U1_datapath/U1_sfr/U_ip/out_ip_reg_1_/SN(low)
                                                 min_pulse_width
                                                           untested  constant_disabled
U3_cpu/U1_datapath/U1_sfr/U_ip/out_ip_reg_2_/RN(rise)
                                       CK(rise)  removal   untested  false_paths
U3_cpu/U1_datapath/U1_sfr/U_ip/out_ip_reg_2_/RN(rise)
                                       CK(rise)  recovery  untested  false_paths
U3_cpu/U1_datapath/U1_sfr/U_ip/out_ip_reg_2_/RN(low)
                                                 min_pulse_width
                                                           untested  no_clock
U3_cpu/U1_datapath/U1_sfr/U_ip/out_ip_reg_2_/SE
                                       CK(rise)  setup     untested  constant_disabled
U3_cpu/U1_datapath/U1_sfr/U_ip/out_ip_reg_2_/SE
                                       CK(rise)  hold      untested  constant_disabled
U3_cpu/U1_datapath/U1_sfr/U_ip/out_ip_reg_2_/SI
                                       CK(rise)  setup     untested  constant_disabled
U3_cpu/U1_datapath/U1_sfr/U_ip/out_ip_reg_2_/SI
                                       CK(rise)  hold      untested  constant_disabled
U3_cpu/U1_datapath/U1_sfr/U_ip/out_ip_reg_2_/SN(rise)
                                       CK(rise)  setup     untested  constant_disabled
U3_cpu/U1_datapath/U1_sfr/U_ip/out_ip_reg_2_/SN(rise)
                                       CK(rise)  hold      untested  constant_disabled
U3_cpu/U1_datapath/U1_sfr/U_ip/out_ip_reg_2_/SN(low)
                                                 min_pulse_width
                                                           untested  constant_disabled
U3_cpu/U1_datapath/U1_sfr/U_ip/out_ip_reg_3_/RN(rise)
                                       CK(rise)  removal   untested  false_paths
U3_cpu/U1_datapath/U1_sfr/U_ip/out_ip_reg_3_/RN(rise)
                                       CK(rise)  recovery  untested  false_paths
U3_cpu/U1_datapath/U1_sfr/U_ip/out_ip_reg_3_/RN(low)
                                                 min_pulse_width
                                                           untested  no_clock
U3_cpu/U1_datapath/U1_sfr/U_ip/out_ip_reg_3_/SE
                                       CK(rise)  setup     untested  constant_disabled
U3_cpu/U1_datapath/U1_sfr/U_ip/out_ip_reg_3_/SE
                                       CK(rise)  hold      untested  constant_disabled
U3_cpu/U1_datapath/U1_sfr/U_ip/out_ip_reg_3_/SI
                                       CK(rise)  setup     untested  constant_disabled
U3_cpu/U1_datapath/U1_sfr/U_ip/out_ip_reg_3_/SI
                                       CK(rise)  hold      untested  constant_disabled
U3_cpu/U1_datapath/U1_sfr/U_ip/out_ip_reg_3_/SN(rise)
                                       CK(rise)  setup     untested  constant_disabled
U3_cpu/U1_datapath/U1_sfr/U_ip/out_ip_reg_3_/SN(rise)
                                       CK(rise)  hold      untested  constant_disabled
U3_cpu/U1_datapath/U1_sfr/U_ip/out_ip_reg_3_/SN(low)
                                                 min_pulse_width
                                                           untested  constant_disabled
U3_cpu/U1_datapath/U1_sfr/U_ip/out_ip_reg_4_/RN(rise)
                                       CK(rise)  removal   untested  false_paths
U3_cpu/U1_datapath/U1_sfr/U_ip/out_ip_reg_4_/RN(rise)
                                       CK(rise)  recovery  untested  false_paths
U3_cpu/U1_datapath/U1_sfr/U_ip/out_ip_reg_4_/RN(low)
                                                 min_pulse_width
                                                           untested  no_clock
U3_cpu/U1_datapath/U1_sfr/U_ip/out_ip_reg_4_/SE
                                       CK(rise)  setup     untested  constant_disabled
U3_cpu/U1_datapath/U1_sfr/U_ip/out_ip_reg_4_/SE
                                       CK(rise)  hold      untested  constant_disabled
U3_cpu/U1_datapath/U1_sfr/U_ip/out_ip_reg_4_/SI
                                       CK(rise)  setup     untested  constant_disabled
U3_cpu/U1_datapath/U1_sfr/U_ip/out_ip_reg_4_/SI
                                       CK(rise)  hold      untested  constant_disabled
U3_cpu/U1_datapath/U1_sfr/U_ip/out_ip_reg_4_/SN(rise)
                                       CK(rise)  setup     untested  constant_disabled
U3_cpu/U1_datapath/U1_sfr/U_ip/out_ip_reg_4_/SN(rise)
                                       CK(rise)  hold      untested  constant_disabled
U3_cpu/U1_datapath/U1_sfr/U_ip/out_ip_reg_4_/SN(low)
                                                 min_pulse_width
                                                           untested  constant_disabled
U3_cpu/U1_datapath/U1_sfr/U_ip/out_ip_reg_5_/RN(rise)
                                       CK(rise)  removal   untested  false_paths
U3_cpu/U1_datapath/U1_sfr/U_ip/out_ip_reg_5_/RN(rise)
                                       CK(rise)  recovery  untested  false_paths
U3_cpu/U1_datapath/U1_sfr/U_ip/out_ip_reg_5_/RN(low)
                                                 min_pulse_width
                                                           untested  no_clock
U3_cpu/U1_datapath/U1_sfr/U_ip/out_ip_reg_5_/SE
                                       CK(rise)  setup     untested  constant_disabled
U3_cpu/U1_datapath/U1_sfr/U_ip/out_ip_reg_5_/SE
                                       CK(rise)  hold      untested  constant_disabled
U3_cpu/U1_datapath/U1_sfr/U_ip/out_ip_reg_5_/SI
                                       CK(rise)  setup     untested  constant_disabled
U3_cpu/U1_datapath/U1_sfr/U_ip/out_ip_reg_5_/SI
                                       CK(rise)  hold      untested  constant_disabled
U3_cpu/U1_datapath/U1_sfr/U_ip/out_ip_reg_5_/SN(rise)
                                       CK(rise)  setup     untested  constant_disabled
U3_cpu/U1_datapath/U1_sfr/U_ip/out_ip_reg_5_/SN(rise)
                                       CK(rise)  hold      untested  constant_disabled
U3_cpu/U1_datapath/U1_sfr/U_ip/out_ip_reg_5_/SN(low)
                                                 min_pulse_width
                                                           untested  constant_disabled
U3_cpu/U1_datapath/U1_sfr/U_ip/out_ip_reg_6_/RN(rise)
                                       CK(rise)  removal   untested  false_paths
U3_cpu/U1_datapath/U1_sfr/U_ip/out_ip_reg_6_/RN(rise)
                                       CK(rise)  recovery  untested  false_paths
U3_cpu/U1_datapath/U1_sfr/U_ip/out_ip_reg_6_/RN(low)
                                                 min_pulse_width
                                                           untested  no_clock
U3_cpu/U1_datapath/U1_sfr/U_ip/out_ip_reg_6_/SE
                                       CK(rise)  setup     untested  constant_disabled
U3_cpu/U1_datapath/U1_sfr/U_ip/out_ip_reg_6_/SE
                                       CK(rise)  hold      untested  constant_disabled
U3_cpu/U1_datapath/U1_sfr/U_ip/out_ip_reg_6_/SI
                                       CK(rise)  setup     untested  constant_disabled
U3_cpu/U1_datapath/U1_sfr/U_ip/out_ip_reg_6_/SI
                                       CK(rise)  hold      untested  constant_disabled
U3_cpu/U1_datapath/U1_sfr/U_ip/out_ip_reg_6_/SN(rise)
                                       CK(rise)  setup     untested  constant_disabled
U3_cpu/U1_datapath/U1_sfr/U_ip/out_ip_reg_6_/SN(rise)
                                       CK(rise)  hold      untested  constant_disabled
U3_cpu/U1_datapath/U1_sfr/U_ip/out_ip_reg_6_/SN(low)
                                                 min_pulse_width
                                                           untested  constant_disabled
U3_cpu/U1_datapath/U1_sfr/U_ip/out_ip_reg_7_/RN(rise)
                                       CK(rise)  removal   untested  false_paths
U3_cpu/U1_datapath/U1_sfr/U_ip/out_ip_reg_7_/RN(rise)
                                       CK(rise)  recovery  untested  false_paths
U3_cpu/U1_datapath/U1_sfr/U_ip/out_ip_reg_7_/RN(low)
                                                 min_pulse_width
                                                           untested  no_clock
U3_cpu/U1_datapath/U1_sfr/U_ip/out_ip_reg_7_/SE
                                       CK(rise)  setup     untested  constant_disabled
U3_cpu/U1_datapath/U1_sfr/U_ip/out_ip_reg_7_/SE
                                       CK(rise)  hold      untested  constant_disabled
U3_cpu/U1_datapath/U1_sfr/U_ip/out_ip_reg_7_/SI
                                       CK(rise)  setup     untested  constant_disabled
U3_cpu/U1_datapath/U1_sfr/U_ip/out_ip_reg_7_/SI
                                       CK(rise)  hold      untested  constant_disabled
U3_cpu/U1_datapath/U1_sfr/U_ip/out_ip_reg_7_/SN(rise)
                                       CK(rise)  setup     untested  constant_disabled
U3_cpu/U1_datapath/U1_sfr/U_ip/out_ip_reg_7_/SN(rise)
                                       CK(rise)  hold      untested  constant_disabled
U3_cpu/U1_datapath/U1_sfr/U_ip/out_ip_reg_7_/SN(low)
                                                 min_pulse_width
                                                           untested  constant_disabled
U3_cpu/U1_datapath/U1_sfr/U_port0/p0_out_reg_0_/SE
                                       CK(rise)  setup     untested  constant_disabled
U3_cpu/U1_datapath/U1_sfr/U_port0/p0_out_reg_0_/SE
                                       CK(rise)  hold      untested  constant_disabled
U3_cpu/U1_datapath/U1_sfr/U_port0/p0_out_reg_0_/SI
                                       CK(rise)  setup     untested  constant_disabled
U3_cpu/U1_datapath/U1_sfr/U_port0/p0_out_reg_0_/SI
                                       CK(rise)  hold      untested  constant_disabled
U3_cpu/U1_datapath/U1_sfr/U_port0/p0_out_reg_0_/SN(rise)
                                       CK(rise)  recovery  untested  false_paths
U3_cpu/U1_datapath/U1_sfr/U_port0/p0_out_reg_0_/SN(rise)
                                       CK(rise)  removal   untested  false_paths
U3_cpu/U1_datapath/U1_sfr/U_port0/p0_out_reg_0_/SN(low)
                                                 min_pulse_width
                                                           untested  no_clock
U3_cpu/U1_datapath/U1_sfr/U_port0/p0_out_reg_1_/SE
                                       CK(rise)  setup     untested  constant_disabled
U3_cpu/U1_datapath/U1_sfr/U_port0/p0_out_reg_1_/SE
                                       CK(rise)  hold      untested  constant_disabled
U3_cpu/U1_datapath/U1_sfr/U_port0/p0_out_reg_1_/SI
                                       CK(rise)  setup     untested  constant_disabled
U3_cpu/U1_datapath/U1_sfr/U_port0/p0_out_reg_1_/SI
                                       CK(rise)  hold      untested  constant_disabled
U3_cpu/U1_datapath/U1_sfr/U_port0/p0_out_reg_1_/SN(rise)
                                       CK(rise)  recovery  untested  false_paths
U3_cpu/U1_datapath/U1_sfr/U_port0/p0_out_reg_1_/SN(rise)
                                       CK(rise)  removal   untested  false_paths
U3_cpu/U1_datapath/U1_sfr/U_port0/p0_out_reg_1_/SN(low)
                                                 min_pulse_width
                                                           untested  no_clock
U3_cpu/U1_datapath/U1_sfr/U_port0/p0_out_reg_2_/SE
                                       CK(rise)  setup     untested  constant_disabled
U3_cpu/U1_datapath/U1_sfr/U_port0/p0_out_reg_2_/SE
                                       CK(rise)  hold      untested  constant_disabled
U3_cpu/U1_datapath/U1_sfr/U_port0/p0_out_reg_2_/SI
                                       CK(rise)  setup     untested  constant_disabled
U3_cpu/U1_datapath/U1_sfr/U_port0/p0_out_reg_2_/SI
                                       CK(rise)  hold      untested  constant_disabled
U3_cpu/U1_datapath/U1_sfr/U_port0/p0_out_reg_2_/SN(rise)
                                       CK(rise)  recovery  untested  false_paths
U3_cpu/U1_datapath/U1_sfr/U_port0/p0_out_reg_2_/SN(rise)
                                       CK(rise)  removal   untested  false_paths
U3_cpu/U1_datapath/U1_sfr/U_port0/p0_out_reg_2_/SN(low)
                                                 min_pulse_width
                                                           untested  no_clock
U3_cpu/U1_datapath/U1_sfr/U_port0/p0_out_reg_3_/SE
                                       CK(rise)  setup     untested  constant_disabled
U3_cpu/U1_datapath/U1_sfr/U_port0/p0_out_reg_3_/SE
                                       CK(rise)  hold      untested  constant_disabled
U3_cpu/U1_datapath/U1_sfr/U_port0/p0_out_reg_3_/SI
                                       CK(rise)  setup     untested  constant_disabled
U3_cpu/U1_datapath/U1_sfr/U_port0/p0_out_reg_3_/SI
                                       CK(rise)  hold      untested  constant_disabled
U3_cpu/U1_datapath/U1_sfr/U_port0/p0_out_reg_3_/SN(rise)
                                       CK(rise)  recovery  untested  false_paths
U3_cpu/U1_datapath/U1_sfr/U_port0/p0_out_reg_3_/SN(rise)
                                       CK(rise)  removal   untested  false_paths
U3_cpu/U1_datapath/U1_sfr/U_port0/p0_out_reg_3_/SN(low)
                                                 min_pulse_width
                                                           untested  no_clock
U3_cpu/U1_datapath/U1_sfr/U_port0/p0_out_reg_4_/SE
                                       CK(rise)  setup     untested  constant_disabled
U3_cpu/U1_datapath/U1_sfr/U_port0/p0_out_reg_4_/SE
                                       CK(rise)  hold      untested  constant_disabled
U3_cpu/U1_datapath/U1_sfr/U_port0/p0_out_reg_4_/SI
                                       CK(rise)  setup     untested  constant_disabled
U3_cpu/U1_datapath/U1_sfr/U_port0/p0_out_reg_4_/SI
                                       CK(rise)  hold      untested  constant_disabled
U3_cpu/U1_datapath/U1_sfr/U_port0/p0_out_reg_4_/SN(rise)
                                       CK(rise)  recovery  untested  false_paths
U3_cpu/U1_datapath/U1_sfr/U_port0/p0_out_reg_4_/SN(rise)
                                       CK(rise)  removal   untested  false_paths
U3_cpu/U1_datapath/U1_sfr/U_port0/p0_out_reg_4_/SN(low)
                                                 min_pulse_width
                                                           untested  no_clock
U3_cpu/U1_datapath/U1_sfr/U_port0/p0_out_reg_5_/SE
                                       CK(rise)  setup     untested  constant_disabled
U3_cpu/U1_datapath/U1_sfr/U_port0/p0_out_reg_5_/SE
                                       CK(rise)  hold      untested  constant_disabled
U3_cpu/U1_datapath/U1_sfr/U_port0/p0_out_reg_5_/SI
                                       CK(rise)  setup     untested  constant_disabled
U3_cpu/U1_datapath/U1_sfr/U_port0/p0_out_reg_5_/SI
                                       CK(rise)  hold      untested  constant_disabled
U3_cpu/U1_datapath/U1_sfr/U_port0/p0_out_reg_5_/SN(rise)
                                       CK(rise)  recovery  untested  false_paths
U3_cpu/U1_datapath/U1_sfr/U_port0/p0_out_reg_5_/SN(rise)
                                       CK(rise)  removal   untested  false_paths
U3_cpu/U1_datapath/U1_sfr/U_port0/p0_out_reg_5_/SN(low)
                                                 min_pulse_width
                                                           untested  no_clock
U3_cpu/U1_datapath/U1_sfr/U_port0/p0_out_reg_6_/SE
                                       CK(rise)  setup     untested  constant_disabled
U3_cpu/U1_datapath/U1_sfr/U_port0/p0_out_reg_6_/SE
                                       CK(rise)  hold      untested  constant_disabled
U3_cpu/U1_datapath/U1_sfr/U_port0/p0_out_reg_6_/SI
                                       CK(rise)  setup     untested  constant_disabled
U3_cpu/U1_datapath/U1_sfr/U_port0/p0_out_reg_6_/SI
                                       CK(rise)  hold      untested  constant_disabled
U3_cpu/U1_datapath/U1_sfr/U_port0/p0_out_reg_6_/SN(rise)
                                       CK(rise)  recovery  untested  false_paths
U3_cpu/U1_datapath/U1_sfr/U_port0/p0_out_reg_6_/SN(rise)
                                       CK(rise)  removal   untested  false_paths
U3_cpu/U1_datapath/U1_sfr/U_port0/p0_out_reg_6_/SN(low)
                                                 min_pulse_width
                                                           untested  no_clock
U3_cpu/U1_datapath/U1_sfr/U_port0/p0_out_reg_7_/SE
                                       CK(rise)  setup     untested  constant_disabled
U3_cpu/U1_datapath/U1_sfr/U_port0/p0_out_reg_7_/SE
                                       CK(rise)  hold      untested  constant_disabled
U3_cpu/U1_datapath/U1_sfr/U_port0/p0_out_reg_7_/SI
                                       CK(rise)  setup     untested  constant_disabled
U3_cpu/U1_datapath/U1_sfr/U_port0/p0_out_reg_7_/SI
                                       CK(rise)  hold      untested  constant_disabled
U3_cpu/U1_datapath/U1_sfr/U_port0/p0_out_reg_7_/SN(rise)
                                       CK(rise)  recovery  untested  false_paths
U3_cpu/U1_datapath/U1_sfr/U_port0/p0_out_reg_7_/SN(rise)
                                       CK(rise)  removal   untested  false_paths
U3_cpu/U1_datapath/U1_sfr/U_port0/p0_out_reg_7_/SN(low)
                                                 min_pulse_width
                                                           untested  no_clock
U3_cpu/U1_datapath/U1_sfr/U_port1/p1_out_reg_0_/SE
                                       CK(rise)  setup     untested  constant_disabled
U3_cpu/U1_datapath/U1_sfr/U_port1/p1_out_reg_0_/SE
                                       CK(rise)  hold      untested  constant_disabled
U3_cpu/U1_datapath/U1_sfr/U_port1/p1_out_reg_0_/SI
                                       CK(rise)  setup     untested  constant_disabled
U3_cpu/U1_datapath/U1_sfr/U_port1/p1_out_reg_0_/SI
                                       CK(rise)  hold      untested  constant_disabled
U3_cpu/U1_datapath/U1_sfr/U_port1/p1_out_reg_0_/SN(rise)
                                       CK(rise)  recovery  untested  false_paths
U3_cpu/U1_datapath/U1_sfr/U_port1/p1_out_reg_0_/SN(rise)
                                       CK(rise)  removal   untested  false_paths
U3_cpu/U1_datapath/U1_sfr/U_port1/p1_out_reg_0_/SN(low)
                                                 min_pulse_width
                                                           untested  no_clock
U3_cpu/U1_datapath/U1_sfr/U_port1/p1_out_reg_1_/SE
                                       CK(rise)  setup     untested  constant_disabled
U3_cpu/U1_datapath/U1_sfr/U_port1/p1_out_reg_1_/SE
                                       CK(rise)  hold      untested  constant_disabled
U3_cpu/U1_datapath/U1_sfr/U_port1/p1_out_reg_1_/SI
                                       CK(rise)  setup     untested  constant_disabled
U3_cpu/U1_datapath/U1_sfr/U_port1/p1_out_reg_1_/SI
                                       CK(rise)  hold      untested  constant_disabled
U3_cpu/U1_datapath/U1_sfr/U_port1/p1_out_reg_1_/SN(rise)
                                       CK(rise)  recovery  untested  false_paths
U3_cpu/U1_datapath/U1_sfr/U_port1/p1_out_reg_1_/SN(rise)
                                       CK(rise)  removal   untested  false_paths
U3_cpu/U1_datapath/U1_sfr/U_port1/p1_out_reg_1_/SN(low)
                                                 min_pulse_width
                                                           untested  no_clock
U3_cpu/U1_datapath/U1_sfr/U_port1/p1_out_reg_2_/SE
                                       CK(rise)  setup     untested  constant_disabled
U3_cpu/U1_datapath/U1_sfr/U_port1/p1_out_reg_2_/SE
                                       CK(rise)  hold      untested  constant_disabled
U3_cpu/U1_datapath/U1_sfr/U_port1/p1_out_reg_2_/SI
                                       CK(rise)  setup     untested  constant_disabled
U3_cpu/U1_datapath/U1_sfr/U_port1/p1_out_reg_2_/SI
                                       CK(rise)  hold      untested  constant_disabled
U3_cpu/U1_datapath/U1_sfr/U_port1/p1_out_reg_2_/SN(rise)
                                       CK(rise)  recovery  untested  false_paths
U3_cpu/U1_datapath/U1_sfr/U_port1/p1_out_reg_2_/SN(rise)
                                       CK(rise)  removal   untested  false_paths
U3_cpu/U1_datapath/U1_sfr/U_port1/p1_out_reg_2_/SN(low)
                                                 min_pulse_width
                                                           untested  no_clock
U3_cpu/U1_datapath/U1_sfr/U_port1/p1_out_reg_3_/SE
                                       CK(rise)  setup     untested  constant_disabled
U3_cpu/U1_datapath/U1_sfr/U_port1/p1_out_reg_3_/SE
                                       CK(rise)  hold      untested  constant_disabled
U3_cpu/U1_datapath/U1_sfr/U_port1/p1_out_reg_3_/SI
                                       CK(rise)  setup     untested  constant_disabled
U3_cpu/U1_datapath/U1_sfr/U_port1/p1_out_reg_3_/SI
                                       CK(rise)  hold      untested  constant_disabled
U3_cpu/U1_datapath/U1_sfr/U_port1/p1_out_reg_3_/SN(rise)
                                       CK(rise)  recovery  untested  false_paths
U3_cpu/U1_datapath/U1_sfr/U_port1/p1_out_reg_3_/SN(rise)
                                       CK(rise)  removal   untested  false_paths
U3_cpu/U1_datapath/U1_sfr/U_port1/p1_out_reg_3_/SN(low)
                                                 min_pulse_width
                                                           untested  no_clock
U3_cpu/U1_datapath/U1_sfr/U_port1/p1_out_reg_4_/SE
                                       CK(rise)  setup     untested  constant_disabled
U3_cpu/U1_datapath/U1_sfr/U_port1/p1_out_reg_4_/SE
                                       CK(rise)  hold      untested  constant_disabled
U3_cpu/U1_datapath/U1_sfr/U_port1/p1_out_reg_4_/SI
                                       CK(rise)  setup     untested  constant_disabled
U3_cpu/U1_datapath/U1_sfr/U_port1/p1_out_reg_4_/SI
                                       CK(rise)  hold      untested  constant_disabled
U3_cpu/U1_datapath/U1_sfr/U_port1/p1_out_reg_4_/SN(rise)
                                       CK(rise)  recovery  untested  false_paths
U3_cpu/U1_datapath/U1_sfr/U_port1/p1_out_reg_4_/SN(rise)
                                       CK(rise)  removal   untested  false_paths
U3_cpu/U1_datapath/U1_sfr/U_port1/p1_out_reg_4_/SN(low)
                                                 min_pulse_width
                                                           untested  no_clock
U3_cpu/U1_datapath/U1_sfr/U_port1/p1_out_reg_5_/SE
                                       CK(rise)  setup     untested  constant_disabled
U3_cpu/U1_datapath/U1_sfr/U_port1/p1_out_reg_5_/SE
                                       CK(rise)  hold      untested  constant_disabled
U3_cpu/U1_datapath/U1_sfr/U_port1/p1_out_reg_5_/SI
                                       CK(rise)  setup     untested  constant_disabled
U3_cpu/U1_datapath/U1_sfr/U_port1/p1_out_reg_5_/SI
                                       CK(rise)  hold      untested  constant_disabled
U3_cpu/U1_datapath/U1_sfr/U_port1/p1_out_reg_5_/SN(rise)
                                       CK(rise)  recovery  untested  false_paths
U3_cpu/U1_datapath/U1_sfr/U_port1/p1_out_reg_5_/SN(rise)
                                       CK(rise)  removal   untested  false_paths
U3_cpu/U1_datapath/U1_sfr/U_port1/p1_out_reg_5_/SN(low)
                                                 min_pulse_width
                                                           untested  no_clock
U3_cpu/U1_datapath/U1_sfr/U_port1/p1_out_reg_6_/SE
                                       CK(rise)  setup     untested  constant_disabled
U3_cpu/U1_datapath/U1_sfr/U_port1/p1_out_reg_6_/SE
                                       CK(rise)  hold      untested  constant_disabled
U3_cpu/U1_datapath/U1_sfr/U_port1/p1_out_reg_6_/SI
                                       CK(rise)  setup     untested  constant_disabled
U3_cpu/U1_datapath/U1_sfr/U_port1/p1_out_reg_6_/SI
                                       CK(rise)  hold      untested  constant_disabled
U3_cpu/U1_datapath/U1_sfr/U_port1/p1_out_reg_6_/SN(rise)
                                       CK(rise)  recovery  untested  false_paths
U3_cpu/U1_datapath/U1_sfr/U_port1/p1_out_reg_6_/SN(rise)
                                       CK(rise)  removal   untested  false_paths
U3_cpu/U1_datapath/U1_sfr/U_port1/p1_out_reg_6_/SN(low)
                                                 min_pulse_width
                                                           untested  no_clock
U3_cpu/U1_datapath/U1_sfr/U_port1/p1_out_reg_7_/SE
                                       CK(rise)  setup     untested  constant_disabled
U3_cpu/U1_datapath/U1_sfr/U_port1/p1_out_reg_7_/SE
                                       CK(rise)  hold      untested  constant_disabled
U3_cpu/U1_datapath/U1_sfr/U_port1/p1_out_reg_7_/SI
                                       CK(rise)  setup     untested  constant_disabled
U3_cpu/U1_datapath/U1_sfr/U_port1/p1_out_reg_7_/SI
                                       CK(rise)  hold      untested  constant_disabled
U3_cpu/U1_datapath/U1_sfr/U_port1/p1_out_reg_7_/SN(rise)
                                       CK(rise)  recovery  untested  false_paths
U3_cpu/U1_datapath/U1_sfr/U_port1/p1_out_reg_7_/SN(rise)
                                       CK(rise)  removal   untested  false_paths
U3_cpu/U1_datapath/U1_sfr/U_port1/p1_out_reg_7_/SN(low)
                                                 min_pulse_width
                                                           untested  no_clock
U3_cpu/U1_datapath/U1_sfr/U_port2/p2_out_reg_0_/SE
                                       CK(rise)  setup     untested  constant_disabled
U3_cpu/U1_datapath/U1_sfr/U_port2/p2_out_reg_0_/SE
                                       CK(rise)  hold      untested  constant_disabled
U3_cpu/U1_datapath/U1_sfr/U_port2/p2_out_reg_0_/SI
                                       CK(rise)  setup     untested  constant_disabled
U3_cpu/U1_datapath/U1_sfr/U_port2/p2_out_reg_0_/SI
                                       CK(rise)  hold      untested  constant_disabled
U3_cpu/U1_datapath/U1_sfr/U_port2/p2_out_reg_0_/SN(rise)
                                       CK(rise)  recovery  untested  false_paths
U3_cpu/U1_datapath/U1_sfr/U_port2/p2_out_reg_0_/SN(rise)
                                       CK(rise)  removal   untested  false_paths
U3_cpu/U1_datapath/U1_sfr/U_port2/p2_out_reg_0_/SN(low)
                                                 min_pulse_width
                                                           untested  no_clock
U3_cpu/U1_datapath/U1_sfr/U_port2/p2_out_reg_1_/SE
                                       CK(rise)  setup     untested  constant_disabled
U3_cpu/U1_datapath/U1_sfr/U_port2/p2_out_reg_1_/SE
                                       CK(rise)  hold      untested  constant_disabled
U3_cpu/U1_datapath/U1_sfr/U_port2/p2_out_reg_1_/SI
                                       CK(rise)  setup     untested  constant_disabled
U3_cpu/U1_datapath/U1_sfr/U_port2/p2_out_reg_1_/SI
                                       CK(rise)  hold      untested  constant_disabled
U3_cpu/U1_datapath/U1_sfr/U_port2/p2_out_reg_1_/SN(rise)
                                       CK(rise)  recovery  untested  false_paths
U3_cpu/U1_datapath/U1_sfr/U_port2/p2_out_reg_1_/SN(rise)
                                       CK(rise)  removal   untested  false_paths
U3_cpu/U1_datapath/U1_sfr/U_port2/p2_out_reg_1_/SN(low)
                                                 min_pulse_width
                                                           untested  no_clock
U3_cpu/U1_datapath/U1_sfr/U_port2/p2_out_reg_2_/SE
                                       CK(rise)  setup     untested  constant_disabled
U3_cpu/U1_datapath/U1_sfr/U_port2/p2_out_reg_2_/SE
                                       CK(rise)  hold      untested  constant_disabled
U3_cpu/U1_datapath/U1_sfr/U_port2/p2_out_reg_2_/SI
                                       CK(rise)  setup     untested  constant_disabled
U3_cpu/U1_datapath/U1_sfr/U_port2/p2_out_reg_2_/SI
                                       CK(rise)  hold      untested  constant_disabled
U3_cpu/U1_datapath/U1_sfr/U_port2/p2_out_reg_2_/SN(rise)
                                       CK(rise)  recovery  untested  false_paths
U3_cpu/U1_datapath/U1_sfr/U_port2/p2_out_reg_2_/SN(rise)
                                       CK(rise)  removal   untested  false_paths
U3_cpu/U1_datapath/U1_sfr/U_port2/p2_out_reg_2_/SN(low)
                                                 min_pulse_width
                                                           untested  no_clock
U3_cpu/U1_datapath/U1_sfr/U_port2/p2_out_reg_3_/SE
                                       CK(rise)  setup     untested  constant_disabled
U3_cpu/U1_datapath/U1_sfr/U_port2/p2_out_reg_3_/SE
                                       CK(rise)  hold      untested  constant_disabled
U3_cpu/U1_datapath/U1_sfr/U_port2/p2_out_reg_3_/SI
                                       CK(rise)  setup     untested  constant_disabled
U3_cpu/U1_datapath/U1_sfr/U_port2/p2_out_reg_3_/SI
                                       CK(rise)  hold      untested  constant_disabled
U3_cpu/U1_datapath/U1_sfr/U_port2/p2_out_reg_3_/SN(rise)
                                       CK(rise)  recovery  untested  false_paths
U3_cpu/U1_datapath/U1_sfr/U_port2/p2_out_reg_3_/SN(rise)
                                       CK(rise)  removal   untested  false_paths
U3_cpu/U1_datapath/U1_sfr/U_port2/p2_out_reg_3_/SN(low)
                                                 min_pulse_width
                                                           untested  no_clock
U3_cpu/U1_datapath/U1_sfr/U_port2/p2_out_reg_4_/SE
                                       CK(rise)  setup     untested  constant_disabled
U3_cpu/U1_datapath/U1_sfr/U_port2/p2_out_reg_4_/SE
                                       CK(rise)  hold      untested  constant_disabled
U3_cpu/U1_datapath/U1_sfr/U_port2/p2_out_reg_4_/SI
                                       CK(rise)  setup     untested  constant_disabled
U3_cpu/U1_datapath/U1_sfr/U_port2/p2_out_reg_4_/SI
                                       CK(rise)  hold      untested  constant_disabled
U3_cpu/U1_datapath/U1_sfr/U_port2/p2_out_reg_4_/SN(rise)
                                       CK(rise)  recovery  untested  false_paths
U3_cpu/U1_datapath/U1_sfr/U_port2/p2_out_reg_4_/SN(rise)
                                       CK(rise)  removal   untested  false_paths
U3_cpu/U1_datapath/U1_sfr/U_port2/p2_out_reg_4_/SN(low)
                                                 min_pulse_width
                                                           untested  no_clock
U3_cpu/U1_datapath/U1_sfr/U_port2/p2_out_reg_5_/SE
                                       CK(rise)  setup     untested  constant_disabled
U3_cpu/U1_datapath/U1_sfr/U_port2/p2_out_reg_5_/SE
                                       CK(rise)  hold      untested  constant_disabled
U3_cpu/U1_datapath/U1_sfr/U_port2/p2_out_reg_5_/SI
                                       CK(rise)  setup     untested  constant_disabled
U3_cpu/U1_datapath/U1_sfr/U_port2/p2_out_reg_5_/SI
                                       CK(rise)  hold      untested  constant_disabled
U3_cpu/U1_datapath/U1_sfr/U_port2/p2_out_reg_5_/SN(rise)
                                       CK(rise)  recovery  untested  false_paths
U3_cpu/U1_datapath/U1_sfr/U_port2/p2_out_reg_5_/SN(rise)
                                       CK(rise)  removal   untested  false_paths
U3_cpu/U1_datapath/U1_sfr/U_port2/p2_out_reg_5_/SN(low)
                                                 min_pulse_width
                                                           untested  no_clock
U3_cpu/U1_datapath/U1_sfr/U_port2/p2_out_reg_6_/SE
                                       CK(rise)  setup     untested  constant_disabled
U3_cpu/U1_datapath/U1_sfr/U_port2/p2_out_reg_6_/SE
                                       CK(rise)  hold      untested  constant_disabled
U3_cpu/U1_datapath/U1_sfr/U_port2/p2_out_reg_6_/SI
                                       CK(rise)  setup     untested  constant_disabled
U3_cpu/U1_datapath/U1_sfr/U_port2/p2_out_reg_6_/SI
                                       CK(rise)  hold      untested  constant_disabled
U3_cpu/U1_datapath/U1_sfr/U_port2/p2_out_reg_6_/SN(rise)
                                       CK(rise)  recovery  untested  false_paths
U3_cpu/U1_datapath/U1_sfr/U_port2/p2_out_reg_6_/SN(rise)
                                       CK(rise)  removal   untested  false_paths
U3_cpu/U1_datapath/U1_sfr/U_port2/p2_out_reg_6_/SN(low)
                                                 min_pulse_width
                                                           untested  no_clock
U3_cpu/U1_datapath/U1_sfr/U_port2/p2_out_reg_7_/SE
                                       CK(rise)  setup     untested  constant_disabled
U3_cpu/U1_datapath/U1_sfr/U_port2/p2_out_reg_7_/SE
                                       CK(rise)  hold      untested  constant_disabled
U3_cpu/U1_datapath/U1_sfr/U_port2/p2_out_reg_7_/SI
                                       CK(rise)  setup     untested  constant_disabled
U3_cpu/U1_datapath/U1_sfr/U_port2/p2_out_reg_7_/SI
                                       CK(rise)  hold      untested  constant_disabled
U3_cpu/U1_datapath/U1_sfr/U_port2/p2_out_reg_7_/SN(rise)
                                       CK(rise)  recovery  untested  false_paths
U3_cpu/U1_datapath/U1_sfr/U_port2/p2_out_reg_7_/SN(rise)
                                       CK(rise)  removal   untested  false_paths
U3_cpu/U1_datapath/U1_sfr/U_port2/p2_out_reg_7_/SN(low)
                                                 min_pulse_width
                                                           untested  no_clock
U3_cpu/U1_datapath/U1_sfr/U_port3/p3_out_reg_0_/SE
                                       CK(rise)  setup     untested  constant_disabled
U3_cpu/U1_datapath/U1_sfr/U_port3/p3_out_reg_0_/SE
                                       CK(rise)  hold      untested  constant_disabled
U3_cpu/U1_datapath/U1_sfr/U_port3/p3_out_reg_0_/SI
                                       CK(rise)  setup     untested  constant_disabled
U3_cpu/U1_datapath/U1_sfr/U_port3/p3_out_reg_0_/SI
                                       CK(rise)  hold      untested  constant_disabled
U3_cpu/U1_datapath/U1_sfr/U_port3/p3_out_reg_0_/SN(rise)
                                       CK(rise)  recovery  untested  false_paths
U3_cpu/U1_datapath/U1_sfr/U_port3/p3_out_reg_0_/SN(rise)
                                       CK(rise)  removal   untested  false_paths
U3_cpu/U1_datapath/U1_sfr/U_port3/p3_out_reg_0_/SN(low)
                                                 min_pulse_width
                                                           untested  no_clock
U3_cpu/U1_datapath/U1_sfr/U_port3/p3_out_reg_1_/SE
                                       CK(rise)  setup     untested  constant_disabled
U3_cpu/U1_datapath/U1_sfr/U_port3/p3_out_reg_1_/SE
                                       CK(rise)  hold      untested  constant_disabled
U3_cpu/U1_datapath/U1_sfr/U_port3/p3_out_reg_1_/SI
                                       CK(rise)  setup     untested  constant_disabled
U3_cpu/U1_datapath/U1_sfr/U_port3/p3_out_reg_1_/SI
                                       CK(rise)  hold      untested  constant_disabled
U3_cpu/U1_datapath/U1_sfr/U_port3/p3_out_reg_1_/SN(rise)
                                       CK(rise)  recovery  untested  false_paths
U3_cpu/U1_datapath/U1_sfr/U_port3/p3_out_reg_1_/SN(rise)
                                       CK(rise)  removal   untested  false_paths
U3_cpu/U1_datapath/U1_sfr/U_port3/p3_out_reg_1_/SN(low)
                                                 min_pulse_width
                                                           untested  no_clock
U3_cpu/U1_datapath/U1_sfr/U_port3/p3_out_reg_2_/SE
                                       CK(rise)  setup     untested  constant_disabled
U3_cpu/U1_datapath/U1_sfr/U_port3/p3_out_reg_2_/SE
                                       CK(rise)  hold      untested  constant_disabled
U3_cpu/U1_datapath/U1_sfr/U_port3/p3_out_reg_2_/SI
                                       CK(rise)  setup     untested  constant_disabled
U3_cpu/U1_datapath/U1_sfr/U_port3/p3_out_reg_2_/SI
                                       CK(rise)  hold      untested  constant_disabled
U3_cpu/U1_datapath/U1_sfr/U_port3/p3_out_reg_2_/SN(rise)
                                       CK(rise)  recovery  untested  false_paths
U3_cpu/U1_datapath/U1_sfr/U_port3/p3_out_reg_2_/SN(rise)
                                       CK(rise)  removal   untested  false_paths
U3_cpu/U1_datapath/U1_sfr/U_port3/p3_out_reg_2_/SN(low)
                                                 min_pulse_width
                                                           untested  no_clock
U3_cpu/U1_datapath/U1_sfr/U_port3/p3_out_reg_3_/SE
                                       CK(rise)  setup     untested  constant_disabled
U3_cpu/U1_datapath/U1_sfr/U_port3/p3_out_reg_3_/SE
                                       CK(rise)  hold      untested  constant_disabled
U3_cpu/U1_datapath/U1_sfr/U_port3/p3_out_reg_3_/SI
                                       CK(rise)  setup     untested  constant_disabled
U3_cpu/U1_datapath/U1_sfr/U_port3/p3_out_reg_3_/SI
                                       CK(rise)  hold      untested  constant_disabled
U3_cpu/U1_datapath/U1_sfr/U_port3/p3_out_reg_3_/SN(rise)
                                       CK(rise)  recovery  untested  false_paths
U3_cpu/U1_datapath/U1_sfr/U_port3/p3_out_reg_3_/SN(rise)
                                       CK(rise)  removal   untested  false_paths
U3_cpu/U1_datapath/U1_sfr/U_port3/p3_out_reg_3_/SN(low)
                                                 min_pulse_width
                                                           untested  no_clock
U3_cpu/U1_datapath/U1_sfr/U_port3/p3_out_reg_4_/SE
                                       CK(rise)  setup     untested  constant_disabled
U3_cpu/U1_datapath/U1_sfr/U_port3/p3_out_reg_4_/SE
                                       CK(rise)  hold      untested  constant_disabled
U3_cpu/U1_datapath/U1_sfr/U_port3/p3_out_reg_4_/SI
                                       CK(rise)  setup     untested  constant_disabled
U3_cpu/U1_datapath/U1_sfr/U_port3/p3_out_reg_4_/SI
                                       CK(rise)  hold      untested  constant_disabled
U3_cpu/U1_datapath/U1_sfr/U_port3/p3_out_reg_4_/SN(rise)
                                       CK(rise)  recovery  untested  false_paths
U3_cpu/U1_datapath/U1_sfr/U_port3/p3_out_reg_4_/SN(rise)
                                       CK(rise)  removal   untested  false_paths
U3_cpu/U1_datapath/U1_sfr/U_port3/p3_out_reg_4_/SN(low)
                                                 min_pulse_width
                                                           untested  no_clock
U3_cpu/U1_datapath/U1_sfr/U_port3/p3_out_reg_5_/SE
                                       CK(rise)  setup     untested  constant_disabled
U3_cpu/U1_datapath/U1_sfr/U_port3/p3_out_reg_5_/SE
                                       CK(rise)  hold      untested  constant_disabled
U3_cpu/U1_datapath/U1_sfr/U_port3/p3_out_reg_5_/SI
                                       CK(rise)  setup     untested  constant_disabled
U3_cpu/U1_datapath/U1_sfr/U_port3/p3_out_reg_5_/SI
                                       CK(rise)  hold      untested  constant_disabled
U3_cpu/U1_datapath/U1_sfr/U_port3/p3_out_reg_5_/SN(rise)
                                       CK(rise)  recovery  untested  false_paths
U3_cpu/U1_datapath/U1_sfr/U_port3/p3_out_reg_5_/SN(rise)
                                       CK(rise)  removal   untested  false_paths
U3_cpu/U1_datapath/U1_sfr/U_port3/p3_out_reg_5_/SN(low)
                                                 min_pulse_width
                                                           untested  no_clock
U3_cpu/U1_datapath/U1_sfr/U_port3/p3_out_reg_6_/SE
                                       CK(rise)  setup     untested  constant_disabled
U3_cpu/U1_datapath/U1_sfr/U_port3/p3_out_reg_6_/SE
                                       CK(rise)  hold      untested  constant_disabled
U3_cpu/U1_datapath/U1_sfr/U_port3/p3_out_reg_6_/SI
                                       CK(rise)  setup     untested  constant_disabled
U3_cpu/U1_datapath/U1_sfr/U_port3/p3_out_reg_6_/SI
                                       CK(rise)  hold      untested  constant_disabled
U3_cpu/U1_datapath/U1_sfr/U_port3/p3_out_reg_6_/SN(rise)
                                       CK(rise)  recovery  untested  false_paths
U3_cpu/U1_datapath/U1_sfr/U_port3/p3_out_reg_6_/SN(rise)
                                       CK(rise)  removal   untested  false_paths
U3_cpu/U1_datapath/U1_sfr/U_port3/p3_out_reg_6_/SN(low)
                                                 min_pulse_width
                                                           untested  no_clock
U3_cpu/U1_datapath/U1_sfr/U_port3/p3_out_reg_7_/SE
                                       CK(rise)  setup     untested  constant_disabled
U3_cpu/U1_datapath/U1_sfr/U_port3/p3_out_reg_7_/SE
                                       CK(rise)  hold      untested  constant_disabled
U3_cpu/U1_datapath/U1_sfr/U_port3/p3_out_reg_7_/SI
                                       CK(rise)  setup     untested  constant_disabled
U3_cpu/U1_datapath/U1_sfr/U_port3/p3_out_reg_7_/SI
                                       CK(rise)  hold      untested  constant_disabled
U3_cpu/U1_datapath/U1_sfr/U_port3/p3_out_reg_7_/SN(rise)
                                       CK(rise)  recovery  untested  false_paths
U3_cpu/U1_datapath/U1_sfr/U_port3/p3_out_reg_7_/SN(rise)
                                       CK(rise)  removal   untested  false_paths
U3_cpu/U1_datapath/U1_sfr/U_port3/p3_out_reg_7_/SN(low)
                                                 min_pulse_width
                                                           untested  no_clock
U3_cpu/U1_datapath/U1_sfr/U_tcon/set_ie0_d1_reg/RN(rise)
                                       CK(rise)  recovery  untested  false_paths
U3_cpu/U1_datapath/U1_sfr/U_tcon/set_ie0_d1_reg/RN(rise)
                                       CK(rise)  removal   untested  false_paths
U3_cpu/U1_datapath/U1_sfr/U_tcon/set_ie0_d1_reg/RN(low)
                                                 min_pulse_width
                                                           untested  no_clock
U3_cpu/U1_datapath/U1_sfr/U_tcon/set_ie0_d1_reg/SE
                                       CK(rise)  setup     untested  constant_disabled
U3_cpu/U1_datapath/U1_sfr/U_tcon/set_ie0_d1_reg/SE
                                       CK(rise)  hold      untested  constant_disabled
U3_cpu/U1_datapath/U1_sfr/U_tcon/set_ie0_d1_reg/SI
                                       CK(rise)  setup     untested  constant_disabled
U3_cpu/U1_datapath/U1_sfr/U_tcon/set_ie0_d1_reg/SI
                                       CK(rise)  hold      untested  constant_disabled
U3_cpu/U1_datapath/U1_sfr/U_tcon/set_ie0_d2_reg/RN(rise)
                                       CK(rise)  recovery  untested  false_paths
U3_cpu/U1_datapath/U1_sfr/U_tcon/set_ie0_d2_reg/RN(rise)
                                       CK(rise)  removal   untested  false_paths
U3_cpu/U1_datapath/U1_sfr/U_tcon/set_ie0_d2_reg/RN(low)
                                                 min_pulse_width
                                                           untested  no_clock
U3_cpu/U1_datapath/U1_sfr/U_tcon/set_ie0_d2_reg/SE
                                       CK(rise)  setup     untested  constant_disabled
U3_cpu/U1_datapath/U1_sfr/U_tcon/set_ie0_d2_reg/SE
                                       CK(rise)  hold      untested  constant_disabled
U3_cpu/U1_datapath/U1_sfr/U_tcon/set_ie0_d2_reg/SI
                                       CK(rise)  setup     untested  constant_disabled
U3_cpu/U1_datapath/U1_sfr/U_tcon/set_ie0_d2_reg/SI
                                       CK(rise)  hold      untested  constant_disabled
U3_cpu/U1_datapath/U1_sfr/U_tcon/set_ie1_d1_reg/RN(rise)
                                       CK(rise)  recovery  untested  false_paths
U3_cpu/U1_datapath/U1_sfr/U_tcon/set_ie1_d1_reg/RN(rise)
                                       CK(rise)  removal   untested  false_paths
U3_cpu/U1_datapath/U1_sfr/U_tcon/set_ie1_d1_reg/RN(low)
                                                 min_pulse_width
                                                           untested  no_clock
U3_cpu/U1_datapath/U1_sfr/U_tcon/set_ie1_d1_reg/SE
                                       CK(rise)  setup     untested  constant_disabled
U3_cpu/U1_datapath/U1_sfr/U_tcon/set_ie1_d1_reg/SE
                                       CK(rise)  hold      untested  constant_disabled
U3_cpu/U1_datapath/U1_sfr/U_tcon/set_ie1_d1_reg/SI
                                       CK(rise)  setup     untested  constant_disabled
U3_cpu/U1_datapath/U1_sfr/U_tcon/set_ie1_d1_reg/SI
                                       CK(rise)  hold      untested  constant_disabled
U3_cpu/U1_datapath/U1_sfr/U_tcon/set_ie1_d2_reg/RN(rise)
                                       CK(rise)  recovery  untested  false_paths
U3_cpu/U1_datapath/U1_sfr/U_tcon/set_ie1_d2_reg/RN(rise)
                                       CK(rise)  removal   untested  false_paths
U3_cpu/U1_datapath/U1_sfr/U_tcon/set_ie1_d2_reg/RN(low)
                                                 min_pulse_width
                                                           untested  no_clock
U3_cpu/U1_datapath/U1_sfr/U_tcon/set_ie1_d2_reg/SE
                                       CK(rise)  setup     untested  constant_disabled
U3_cpu/U1_datapath/U1_sfr/U_tcon/set_ie1_d2_reg/SE
                                       CK(rise)  hold      untested  constant_disabled
U3_cpu/U1_datapath/U1_sfr/U_tcon/set_ie1_d2_reg/SI
                                       CK(rise)  setup     untested  constant_disabled
U3_cpu/U1_datapath/U1_sfr/U_tcon/set_ie1_d2_reg/SI
                                       CK(rise)  hold      untested  constant_disabled
U3_cpu/U1_datapath/U1_sfr/U_tcon/set_tf0_d1_reg/RN(rise)
                                       CK(rise)  recovery  untested  false_paths
U3_cpu/U1_datapath/U1_sfr/U_tcon/set_tf0_d1_reg/RN(rise)
                                       CK(rise)  removal   untested  false_paths
U3_cpu/U1_datapath/U1_sfr/U_tcon/set_tf0_d1_reg/RN(low)
                                                 min_pulse_width
                                                           untested  no_clock
U3_cpu/U1_datapath/U1_sfr/U_tcon/set_tf0_d1_reg/SE
                                       CK(rise)  setup     untested  constant_disabled
U3_cpu/U1_datapath/U1_sfr/U_tcon/set_tf0_d1_reg/SE
                                       CK(rise)  hold      untested  constant_disabled
U3_cpu/U1_datapath/U1_sfr/U_tcon/set_tf0_d1_reg/SI
                                       CK(rise)  setup     untested  constant_disabled
U3_cpu/U1_datapath/U1_sfr/U_tcon/set_tf0_d1_reg/SI
                                       CK(rise)  hold      untested  constant_disabled
U3_cpu/U1_datapath/U1_sfr/U_tcon/set_tf0_d2_reg/RN(rise)
                                       CK(rise)  recovery  untested  false_paths
U3_cpu/U1_datapath/U1_sfr/U_tcon/set_tf0_d2_reg/RN(rise)
                                       CK(rise)  removal   untested  false_paths
U3_cpu/U1_datapath/U1_sfr/U_tcon/set_tf0_d2_reg/RN(low)
                                                 min_pulse_width
                                                           untested  no_clock
U3_cpu/U1_datapath/U1_sfr/U_tcon/set_tf0_d2_reg/SE
                                       CK(rise)  setup     untested  constant_disabled
U3_cpu/U1_datapath/U1_sfr/U_tcon/set_tf0_d2_reg/SE
                                       CK(rise)  hold      untested  constant_disabled
U3_cpu/U1_datapath/U1_sfr/U_tcon/set_tf0_d2_reg/SI
                                       CK(rise)  setup     untested  constant_disabled
U3_cpu/U1_datapath/U1_sfr/U_tcon/set_tf0_d2_reg/SI
                                       CK(rise)  hold      untested  constant_disabled
U3_cpu/U1_datapath/U1_sfr/U_tcon/set_tf1_d1_reg/RN(rise)
                                       CK(rise)  recovery  untested  false_paths
U3_cpu/U1_datapath/U1_sfr/U_tcon/set_tf1_d1_reg/RN(rise)
                                       CK(rise)  removal   untested  false_paths
U3_cpu/U1_datapath/U1_sfr/U_tcon/set_tf1_d1_reg/RN(low)
                                                 min_pulse_width
                                                           untested  no_clock
U3_cpu/U1_datapath/U1_sfr/U_tcon/set_tf1_d1_reg/SE
                                       CK(rise)  setup     untested  constant_disabled
U3_cpu/U1_datapath/U1_sfr/U_tcon/set_tf1_d1_reg/SE
                                       CK(rise)  hold      untested  constant_disabled
U3_cpu/U1_datapath/U1_sfr/U_tcon/set_tf1_d1_reg/SI
                                       CK(rise)  setup     untested  constant_disabled
U3_cpu/U1_datapath/U1_sfr/U_tcon/set_tf1_d1_reg/SI
                                       CK(rise)  hold      untested  constant_disabled
U3_cpu/U1_datapath/U1_sfr/U_tcon/set_tf1_d2_reg/RN(rise)
                                       CK(rise)  recovery  untested  false_paths
U3_cpu/U1_datapath/U1_sfr/U_tcon/set_tf1_d2_reg/RN(rise)
                                       CK(rise)  removal   untested  false_paths
U3_cpu/U1_datapath/U1_sfr/U_tcon/set_tf1_d2_reg/RN(low)
                                                 min_pulse_width
                                                           untested  no_clock
U3_cpu/U1_datapath/U1_sfr/U_tcon/set_tf1_d2_reg/SE
                                       CK(rise)  setup     untested  constant_disabled
U3_cpu/U1_datapath/U1_sfr/U_tcon/set_tf1_d2_reg/SE
                                       CK(rise)  hold      untested  constant_disabled
U3_cpu/U1_datapath/U1_sfr/U_tcon/set_tf1_d2_reg/SI
                                       CK(rise)  setup     untested  constant_disabled
U3_cpu/U1_datapath/U1_sfr/U_tcon/set_tf1_d2_reg/SI
                                       CK(rise)  hold      untested  constant_disabled
U3_cpu/U1_datapath/U1_sfr/U_tcon/tcon_ie0_reg/RN(rise)
                                       CK(rise)  removal   untested  false_paths
U3_cpu/U1_datapath/U1_sfr/U_tcon/tcon_ie0_reg/RN(rise)
                                       CK(rise)  recovery  untested  false_paths
U3_cpu/U1_datapath/U1_sfr/U_tcon/tcon_ie0_reg/RN(low)
                                                 min_pulse_width
                                                           untested  no_clock
U3_cpu/U1_datapath/U1_sfr/U_tcon/tcon_ie0_reg/SE
                                       CK(rise)  setup     untested  constant_disabled
U3_cpu/U1_datapath/U1_sfr/U_tcon/tcon_ie0_reg/SE
                                       CK(rise)  hold      untested  constant_disabled
U3_cpu/U1_datapath/U1_sfr/U_tcon/tcon_ie0_reg/SI
                                       CK(rise)  setup     untested  constant_disabled
U3_cpu/U1_datapath/U1_sfr/U_tcon/tcon_ie0_reg/SI
                                       CK(rise)  hold      untested  constant_disabled
U3_cpu/U1_datapath/U1_sfr/U_tcon/tcon_ie0_reg/SN(rise)
                                       CK(rise)  setup     untested  constant_disabled
U3_cpu/U1_datapath/U1_sfr/U_tcon/tcon_ie0_reg/SN(rise)
                                       CK(rise)  hold      untested  constant_disabled
U3_cpu/U1_datapath/U1_sfr/U_tcon/tcon_ie0_reg/SN(low)
                                                 min_pulse_width
                                                           untested  constant_disabled
U3_cpu/U1_datapath/U1_sfr/U_tcon/tcon_ie1_reg/RN(rise)
                                       CK(rise)  removal   untested  false_paths
U3_cpu/U1_datapath/U1_sfr/U_tcon/tcon_ie1_reg/RN(rise)
                                       CK(rise)  recovery  untested  false_paths
U3_cpu/U1_datapath/U1_sfr/U_tcon/tcon_ie1_reg/RN(low)
                                                 min_pulse_width
                                                           untested  no_clock
U3_cpu/U1_datapath/U1_sfr/U_tcon/tcon_ie1_reg/SE
                                       CK(rise)  setup     untested  constant_disabled
U3_cpu/U1_datapath/U1_sfr/U_tcon/tcon_ie1_reg/SE
                                       CK(rise)  hold      untested  constant_disabled
U3_cpu/U1_datapath/U1_sfr/U_tcon/tcon_ie1_reg/SI
                                       CK(rise)  setup     untested  constant_disabled
U3_cpu/U1_datapath/U1_sfr/U_tcon/tcon_ie1_reg/SI
                                       CK(rise)  hold      untested  constant_disabled
U3_cpu/U1_datapath/U1_sfr/U_tcon/tcon_ie1_reg/SN(rise)
                                       CK(rise)  setup     untested  constant_disabled
U3_cpu/U1_datapath/U1_sfr/U_tcon/tcon_ie1_reg/SN(rise)
                                       CK(rise)  hold      untested  constant_disabled
U3_cpu/U1_datapath/U1_sfr/U_tcon/tcon_ie1_reg/SN(low)
                                                 min_pulse_width
                                                           untested  constant_disabled
U3_cpu/U1_datapath/U1_sfr/U_tcon/tcon_reg_0_/RN(rise)
                                       CK(rise)  removal   untested  false_paths
U3_cpu/U1_datapath/U1_sfr/U_tcon/tcon_reg_0_/RN(rise)
                                       CK(rise)  recovery  untested  false_paths
U3_cpu/U1_datapath/U1_sfr/U_tcon/tcon_reg_0_/RN(low)
                                                 min_pulse_width
                                                           untested  no_clock
U3_cpu/U1_datapath/U1_sfr/U_tcon/tcon_reg_0_/SE
                                       CK(rise)  setup     untested  constant_disabled
U3_cpu/U1_datapath/U1_sfr/U_tcon/tcon_reg_0_/SE
                                       CK(rise)  hold      untested  constant_disabled
U3_cpu/U1_datapath/U1_sfr/U_tcon/tcon_reg_0_/SI
                                       CK(rise)  setup     untested  constant_disabled
U3_cpu/U1_datapath/U1_sfr/U_tcon/tcon_reg_0_/SI
                                       CK(rise)  hold      untested  constant_disabled
U3_cpu/U1_datapath/U1_sfr/U_tcon/tcon_reg_0_/SN(rise)
                                       CK(rise)  setup     untested  constant_disabled
U3_cpu/U1_datapath/U1_sfr/U_tcon/tcon_reg_0_/SN(rise)
                                       CK(rise)  hold      untested  constant_disabled
U3_cpu/U1_datapath/U1_sfr/U_tcon/tcon_reg_0_/SN(low)
                                                 min_pulse_width
                                                           untested  constant_disabled
U3_cpu/U1_datapath/U1_sfr/U_tcon/tcon_reg_1_/RN(rise)
                                       CK(rise)  removal   untested  false_paths
U3_cpu/U1_datapath/U1_sfr/U_tcon/tcon_reg_1_/RN(rise)
                                       CK(rise)  recovery  untested  false_paths
U3_cpu/U1_datapath/U1_sfr/U_tcon/tcon_reg_1_/RN(low)
                                                 min_pulse_width
                                                           untested  no_clock
U3_cpu/U1_datapath/U1_sfr/U_tcon/tcon_reg_1_/SE
                                       CK(rise)  setup     untested  constant_disabled
U3_cpu/U1_datapath/U1_sfr/U_tcon/tcon_reg_1_/SE
                                       CK(rise)  hold      untested  constant_disabled
U3_cpu/U1_datapath/U1_sfr/U_tcon/tcon_reg_1_/SI
                                       CK(rise)  setup     untested  constant_disabled
U3_cpu/U1_datapath/U1_sfr/U_tcon/tcon_reg_1_/SI
                                       CK(rise)  hold      untested  constant_disabled
U3_cpu/U1_datapath/U1_sfr/U_tcon/tcon_reg_1_/SN(rise)
                                       CK(rise)  setup     untested  constant_disabled
U3_cpu/U1_datapath/U1_sfr/U_tcon/tcon_reg_1_/SN(rise)
                                       CK(rise)  hold      untested  constant_disabled
U3_cpu/U1_datapath/U1_sfr/U_tcon/tcon_reg_1_/SN(low)
                                                 min_pulse_width
                                                           untested  constant_disabled
U3_cpu/U1_datapath/U1_sfr/U_tcon/tcon_reg_2_/RN(rise)
                                       CK(rise)  removal   untested  false_paths
U3_cpu/U1_datapath/U1_sfr/U_tcon/tcon_reg_2_/RN(rise)
                                       CK(rise)  recovery  untested  false_paths
U3_cpu/U1_datapath/U1_sfr/U_tcon/tcon_reg_2_/RN(low)
                                                 min_pulse_width
                                                           untested  no_clock
U3_cpu/U1_datapath/U1_sfr/U_tcon/tcon_reg_2_/SE
                                       CK(rise)  setup     untested  constant_disabled
U3_cpu/U1_datapath/U1_sfr/U_tcon/tcon_reg_2_/SE
                                       CK(rise)  hold      untested  constant_disabled
U3_cpu/U1_datapath/U1_sfr/U_tcon/tcon_reg_2_/SI
                                       CK(rise)  setup     untested  constant_disabled
U3_cpu/U1_datapath/U1_sfr/U_tcon/tcon_reg_2_/SI
                                       CK(rise)  hold      untested  constant_disabled
U3_cpu/U1_datapath/U1_sfr/U_tcon/tcon_reg_2_/SN(rise)
                                       CK(rise)  setup     untested  constant_disabled
U3_cpu/U1_datapath/U1_sfr/U_tcon/tcon_reg_2_/SN(rise)
                                       CK(rise)  hold      untested  constant_disabled
U3_cpu/U1_datapath/U1_sfr/U_tcon/tcon_reg_2_/SN(low)
                                                 min_pulse_width
                                                           untested  constant_disabled
U3_cpu/U1_datapath/U1_sfr/U_tcon/tcon_reg_3_/RN(rise)
                                       CK(rise)  removal   untested  false_paths
U3_cpu/U1_datapath/U1_sfr/U_tcon/tcon_reg_3_/RN(rise)
                                       CK(rise)  recovery  untested  false_paths
U3_cpu/U1_datapath/U1_sfr/U_tcon/tcon_reg_3_/RN(low)
                                                 min_pulse_width
                                                           untested  no_clock
U3_cpu/U1_datapath/U1_sfr/U_tcon/tcon_reg_3_/SE
                                       CK(rise)  setup     untested  constant_disabled
U3_cpu/U1_datapath/U1_sfr/U_tcon/tcon_reg_3_/SE
                                       CK(rise)  hold      untested  constant_disabled
U3_cpu/U1_datapath/U1_sfr/U_tcon/tcon_reg_3_/SI
                                       CK(rise)  setup     untested  constant_disabled
U3_cpu/U1_datapath/U1_sfr/U_tcon/tcon_reg_3_/SI
                                       CK(rise)  hold      untested  constant_disabled
U3_cpu/U1_datapath/U1_sfr/U_tcon/tcon_reg_3_/SN(rise)
                                       CK(rise)  setup     untested  constant_disabled
U3_cpu/U1_datapath/U1_sfr/U_tcon/tcon_reg_3_/SN(rise)
                                       CK(rise)  hold      untested  constant_disabled
U3_cpu/U1_datapath/U1_sfr/U_tcon/tcon_reg_3_/SN(low)
                                                 min_pulse_width
                                                           untested  constant_disabled
U3_cpu/U1_datapath/U1_sfr/U_tcon/tcon_tf0_reg/RN(rise)
                                       CK(rise)  removal   untested  false_paths
U3_cpu/U1_datapath/U1_sfr/U_tcon/tcon_tf0_reg/RN(rise)
                                       CK(rise)  recovery  untested  false_paths
U3_cpu/U1_datapath/U1_sfr/U_tcon/tcon_tf0_reg/RN(low)
                                                 min_pulse_width
                                                           untested  no_clock
U3_cpu/U1_datapath/U1_sfr/U_tcon/tcon_tf0_reg/SE
                                       CK(rise)  setup     untested  constant_disabled
U3_cpu/U1_datapath/U1_sfr/U_tcon/tcon_tf0_reg/SE
                                       CK(rise)  hold      untested  constant_disabled
U3_cpu/U1_datapath/U1_sfr/U_tcon/tcon_tf0_reg/SI
                                       CK(rise)  setup     untested  constant_disabled
U3_cpu/U1_datapath/U1_sfr/U_tcon/tcon_tf0_reg/SI
                                       CK(rise)  hold      untested  constant_disabled
U3_cpu/U1_datapath/U1_sfr/U_tcon/tcon_tf0_reg/SN(rise)
                                       CK(rise)  setup     untested  constant_disabled
U3_cpu/U1_datapath/U1_sfr/U_tcon/tcon_tf0_reg/SN(rise)
                                       CK(rise)  hold      untested  constant_disabled
U3_cpu/U1_datapath/U1_sfr/U_tcon/tcon_tf0_reg/SN(low)
                                                 min_pulse_width
                                                           untested  constant_disabled
U3_cpu/U1_datapath/U1_sfr/U_tcon/tcon_tf1_reg/RN(rise)
                                       CK(rise)  removal   untested  false_paths
U3_cpu/U1_datapath/U1_sfr/U_tcon/tcon_tf1_reg/RN(rise)
                                       CK(rise)  recovery  untested  false_paths
U3_cpu/U1_datapath/U1_sfr/U_tcon/tcon_tf1_reg/RN(low)
                                                 min_pulse_width
                                                           untested  no_clock
U3_cpu/U1_datapath/U1_sfr/U_tcon/tcon_tf1_reg/SE
                                       CK(rise)  setup     untested  constant_disabled
U3_cpu/U1_datapath/U1_sfr/U_tcon/tcon_tf1_reg/SE
                                       CK(rise)  hold      untested  constant_disabled
U3_cpu/U1_datapath/U1_sfr/U_tcon/tcon_tf1_reg/SI
                                       CK(rise)  setup     untested  constant_disabled
U3_cpu/U1_datapath/U1_sfr/U_tcon/tcon_tf1_reg/SI
                                       CK(rise)  hold      untested  constant_disabled
U3_cpu/U1_datapath/U1_sfr/U_tcon/tcon_tf1_reg/SN(rise)
                                       CK(rise)  setup     untested  constant_disabled
U3_cpu/U1_datapath/U1_sfr/U_tcon/tcon_tf1_reg/SN(rise)
                                       CK(rise)  hold      untested  constant_disabled
U3_cpu/U1_datapath/U1_sfr/U_tcon/tcon_tf1_reg/SN(low)
                                                 min_pulse_width
                                                           untested  constant_disabled
U3_cpu/U1_datapath/U1_sfr/U_tmod/out_tmod_reg_0_/RN(rise)
                                       CK(rise)  removal   untested  false_paths
U3_cpu/U1_datapath/U1_sfr/U_tmod/out_tmod_reg_0_/RN(rise)
                                       CK(rise)  recovery  untested  false_paths
U3_cpu/U1_datapath/U1_sfr/U_tmod/out_tmod_reg_0_/RN(low)
                                                 min_pulse_width
                                                           untested  no_clock
U3_cpu/U1_datapath/U1_sfr/U_tmod/out_tmod_reg_0_/SE
                                       CK(rise)  setup     untested  constant_disabled
U3_cpu/U1_datapath/U1_sfr/U_tmod/out_tmod_reg_0_/SE
                                       CK(rise)  hold      untested  constant_disabled
U3_cpu/U1_datapath/U1_sfr/U_tmod/out_tmod_reg_0_/SI
                                       CK(rise)  setup     untested  constant_disabled
U3_cpu/U1_datapath/U1_sfr/U_tmod/out_tmod_reg_0_/SI
                                       CK(rise)  hold      untested  constant_disabled
U3_cpu/U1_datapath/U1_sfr/U_tmod/out_tmod_reg_0_/SN(rise)
                                       CK(rise)  setup     untested  constant_disabled
U3_cpu/U1_datapath/U1_sfr/U_tmod/out_tmod_reg_0_/SN(rise)
                                       CK(rise)  hold      untested  constant_disabled
U3_cpu/U1_datapath/U1_sfr/U_tmod/out_tmod_reg_0_/SN(low)
                                                 min_pulse_width
                                                           untested  constant_disabled
U3_cpu/U1_datapath/U1_sfr/U_tmod/out_tmod_reg_1_/RN(rise)
                                       CK(rise)  removal   untested  false_paths
U3_cpu/U1_datapath/U1_sfr/U_tmod/out_tmod_reg_1_/RN(rise)
                                       CK(rise)  recovery  untested  false_paths
U3_cpu/U1_datapath/U1_sfr/U_tmod/out_tmod_reg_1_/RN(low)
                                                 min_pulse_width
                                                           untested  no_clock
U3_cpu/U1_datapath/U1_sfr/U_tmod/out_tmod_reg_1_/SE
                                       CK(rise)  setup     untested  constant_disabled
U3_cpu/U1_datapath/U1_sfr/U_tmod/out_tmod_reg_1_/SE
                                       CK(rise)  hold      untested  constant_disabled
U3_cpu/U1_datapath/U1_sfr/U_tmod/out_tmod_reg_1_/SI
                                       CK(rise)  setup     untested  constant_disabled
U3_cpu/U1_datapath/U1_sfr/U_tmod/out_tmod_reg_1_/SI
                                       CK(rise)  hold      untested  constant_disabled
U3_cpu/U1_datapath/U1_sfr/U_tmod/out_tmod_reg_1_/SN(rise)
                                       CK(rise)  setup     untested  constant_disabled
U3_cpu/U1_datapath/U1_sfr/U_tmod/out_tmod_reg_1_/SN(rise)
                                       CK(rise)  hold      untested  constant_disabled
U3_cpu/U1_datapath/U1_sfr/U_tmod/out_tmod_reg_1_/SN(low)
                                                 min_pulse_width
                                                           untested  constant_disabled
U3_cpu/U1_datapath/U1_sfr/U_tmod/out_tmod_reg_2_/RN(rise)
                                       CK(rise)  removal   untested  false_paths
U3_cpu/U1_datapath/U1_sfr/U_tmod/out_tmod_reg_2_/RN(rise)
                                       CK(rise)  recovery  untested  false_paths
U3_cpu/U1_datapath/U1_sfr/U_tmod/out_tmod_reg_2_/RN(low)
                                                 min_pulse_width
                                                           untested  no_clock
U3_cpu/U1_datapath/U1_sfr/U_tmod/out_tmod_reg_2_/SE
                                       CK(rise)  setup     untested  constant_disabled
U3_cpu/U1_datapath/U1_sfr/U_tmod/out_tmod_reg_2_/SE
                                       CK(rise)  hold      untested  constant_disabled
U3_cpu/U1_datapath/U1_sfr/U_tmod/out_tmod_reg_2_/SI
                                       CK(rise)  setup     untested  constant_disabled
U3_cpu/U1_datapath/U1_sfr/U_tmod/out_tmod_reg_2_/SI
                                       CK(rise)  hold      untested  constant_disabled
U3_cpu/U1_datapath/U1_sfr/U_tmod/out_tmod_reg_2_/SN(rise)
                                       CK(rise)  setup     untested  constant_disabled
U3_cpu/U1_datapath/U1_sfr/U_tmod/out_tmod_reg_2_/SN(rise)
                                       CK(rise)  hold      untested  constant_disabled
U3_cpu/U1_datapath/U1_sfr/U_tmod/out_tmod_reg_2_/SN(low)
                                                 min_pulse_width
                                                           untested  constant_disabled
U3_cpu/U1_datapath/U1_sfr/U_tmod/out_tmod_reg_3_/RN(rise)
                                       CK(rise)  removal   untested  false_paths
U3_cpu/U1_datapath/U1_sfr/U_tmod/out_tmod_reg_3_/RN(rise)
                                       CK(rise)  recovery  untested  false_paths
U3_cpu/U1_datapath/U1_sfr/U_tmod/out_tmod_reg_3_/RN(low)
                                                 min_pulse_width
                                                           untested  no_clock
U3_cpu/U1_datapath/U1_sfr/U_tmod/out_tmod_reg_3_/SE
                                       CK(rise)  setup     untested  constant_disabled
U3_cpu/U1_datapath/U1_sfr/U_tmod/out_tmod_reg_3_/SE
                                       CK(rise)  hold      untested  constant_disabled
U3_cpu/U1_datapath/U1_sfr/U_tmod/out_tmod_reg_3_/SI
                                       CK(rise)  setup     untested  constant_disabled
U3_cpu/U1_datapath/U1_sfr/U_tmod/out_tmod_reg_3_/SI
                                       CK(rise)  hold      untested  constant_disabled
U3_cpu/U1_datapath/U1_sfr/U_tmod/out_tmod_reg_3_/SN(rise)
                                       CK(rise)  setup     untested  constant_disabled
U3_cpu/U1_datapath/U1_sfr/U_tmod/out_tmod_reg_3_/SN(rise)
                                       CK(rise)  hold      untested  constant_disabled
U3_cpu/U1_datapath/U1_sfr/U_tmod/out_tmod_reg_3_/SN(low)
                                                 min_pulse_width
                                                           untested  constant_disabled
U3_cpu/U1_datapath/U1_sfr/U_tmod/out_tmod_reg_4_/RN(rise)
                                       CK(rise)  removal   untested  false_paths
U3_cpu/U1_datapath/U1_sfr/U_tmod/out_tmod_reg_4_/RN(rise)
                                       CK(rise)  recovery  untested  false_paths
U3_cpu/U1_datapath/U1_sfr/U_tmod/out_tmod_reg_4_/RN(low)
                                                 min_pulse_width
                                                           untested  no_clock
U3_cpu/U1_datapath/U1_sfr/U_tmod/out_tmod_reg_4_/SE
                                       CK(rise)  setup     untested  constant_disabled
U3_cpu/U1_datapath/U1_sfr/U_tmod/out_tmod_reg_4_/SE
                                       CK(rise)  hold      untested  constant_disabled
U3_cpu/U1_datapath/U1_sfr/U_tmod/out_tmod_reg_4_/SI
                                       CK(rise)  setup     untested  constant_disabled
U3_cpu/U1_datapath/U1_sfr/U_tmod/out_tmod_reg_4_/SI
                                       CK(rise)  hold      untested  constant_disabled
U3_cpu/U1_datapath/U1_sfr/U_tmod/out_tmod_reg_4_/SN(rise)
                                       CK(rise)  setup     untested  constant_disabled
U3_cpu/U1_datapath/U1_sfr/U_tmod/out_tmod_reg_4_/SN(rise)
                                       CK(rise)  hold      untested  constant_disabled
U3_cpu/U1_datapath/U1_sfr/U_tmod/out_tmod_reg_4_/SN(low)
                                                 min_pulse_width
                                                           untested  constant_disabled
U3_cpu/U1_datapath/U1_sfr/U_tmod/out_tmod_reg_5_/RN(rise)
                                       CK(rise)  removal   untested  false_paths
U3_cpu/U1_datapath/U1_sfr/U_tmod/out_tmod_reg_5_/RN(rise)
                                       CK(rise)  recovery  untested  false_paths
U3_cpu/U1_datapath/U1_sfr/U_tmod/out_tmod_reg_5_/RN(low)
                                                 min_pulse_width
                                                           untested  no_clock
U3_cpu/U1_datapath/U1_sfr/U_tmod/out_tmod_reg_5_/SE
                                       CK(rise)  setup     untested  constant_disabled
U3_cpu/U1_datapath/U1_sfr/U_tmod/out_tmod_reg_5_/SE
                                       CK(rise)  hold      untested  constant_disabled
U3_cpu/U1_datapath/U1_sfr/U_tmod/out_tmod_reg_5_/SI
                                       CK(rise)  setup     untested  constant_disabled
U3_cpu/U1_datapath/U1_sfr/U_tmod/out_tmod_reg_5_/SI
                                       CK(rise)  hold      untested  constant_disabled
U3_cpu/U1_datapath/U1_sfr/U_tmod/out_tmod_reg_5_/SN(rise)
                                       CK(rise)  setup     untested  constant_disabled
U3_cpu/U1_datapath/U1_sfr/U_tmod/out_tmod_reg_5_/SN(rise)
                                       CK(rise)  hold      untested  constant_disabled
U3_cpu/U1_datapath/U1_sfr/U_tmod/out_tmod_reg_5_/SN(low)
                                                 min_pulse_width
                                                           untested  constant_disabled
U3_cpu/U1_datapath/U1_sfr/U_tmod/out_tmod_reg_6_/RN(rise)
                                       CK(rise)  removal   untested  false_paths
U3_cpu/U1_datapath/U1_sfr/U_tmod/out_tmod_reg_6_/RN(rise)
                                       CK(rise)  recovery  untested  false_paths
U3_cpu/U1_datapath/U1_sfr/U_tmod/out_tmod_reg_6_/RN(low)
                                                 min_pulse_width
                                                           untested  no_clock
U3_cpu/U1_datapath/U1_sfr/U_tmod/out_tmod_reg_6_/SE
                                       CK(rise)  setup     untested  constant_disabled
U3_cpu/U1_datapath/U1_sfr/U_tmod/out_tmod_reg_6_/SE
                                       CK(rise)  hold      untested  constant_disabled
U3_cpu/U1_datapath/U1_sfr/U_tmod/out_tmod_reg_6_/SI
                                       CK(rise)  setup     untested  constant_disabled
U3_cpu/U1_datapath/U1_sfr/U_tmod/out_tmod_reg_6_/SI
                                       CK(rise)  hold      untested  constant_disabled
U3_cpu/U1_datapath/U1_sfr/U_tmod/out_tmod_reg_6_/SN(rise)
                                       CK(rise)  setup     untested  constant_disabled
U3_cpu/U1_datapath/U1_sfr/U_tmod/out_tmod_reg_6_/SN(rise)
                                       CK(rise)  hold      untested  constant_disabled
U3_cpu/U1_datapath/U1_sfr/U_tmod/out_tmod_reg_6_/SN(low)
                                                 min_pulse_width
                                                           untested  constant_disabled
U3_cpu/U1_datapath/U1_sfr/U_tmod/out_tmod_reg_7_/RN(rise)
                                       CK(rise)  removal   untested  false_paths
U3_cpu/U1_datapath/U1_sfr/U_tmod/out_tmod_reg_7_/RN(rise)
                                       CK(rise)  recovery  untested  false_paths
U3_cpu/U1_datapath/U1_sfr/U_tmod/out_tmod_reg_7_/RN(low)
                                                 min_pulse_width
                                                           untested  no_clock
U3_cpu/U1_datapath/U1_sfr/U_tmod/out_tmod_reg_7_/SE
                                       CK(rise)  setup     untested  constant_disabled
U3_cpu/U1_datapath/U1_sfr/U_tmod/out_tmod_reg_7_/SE
                                       CK(rise)  hold      untested  constant_disabled
U3_cpu/U1_datapath/U1_sfr/U_tmod/out_tmod_reg_7_/SI
                                       CK(rise)  setup     untested  constant_disabled
U3_cpu/U1_datapath/U1_sfr/U_tmod/out_tmod_reg_7_/SI
                                       CK(rise)  hold      untested  constant_disabled
U3_cpu/U1_datapath/U1_sfr/U_tmod/out_tmod_reg_7_/SN(rise)
                                       CK(rise)  setup     untested  constant_disabled
U3_cpu/U1_datapath/U1_sfr/U_tmod/out_tmod_reg_7_/SN(rise)
                                       CK(rise)  hold      untested  constant_disabled
U3_cpu/U1_datapath/U1_sfr/U_tmod/out_tmod_reg_7_/SN(low)
                                                 min_pulse_width
                                                           untested  constant_disabled
U3_cpu/U1_datapath/U1_sfr/U_uart/cnt0_4_reg_0_/RN(rise)
                                       CK(rise)  removal   untested  false_paths
U3_cpu/U1_datapath/U1_sfr/U_uart/cnt0_4_reg_0_/RN(rise)
                                       CK(rise)  recovery  untested  false_paths
U3_cpu/U1_datapath/U1_sfr/U_uart/cnt0_4_reg_0_/RN(low)
                                                 min_pulse_width
                                                           untested  no_clock
U3_cpu/U1_datapath/U1_sfr/U_uart/cnt0_4_reg_0_/SE
                                       CK(rise)  setup     untested  constant_disabled
U3_cpu/U1_datapath/U1_sfr/U_uart/cnt0_4_reg_0_/SE
                                       CK(rise)  hold      untested  constant_disabled
U3_cpu/U1_datapath/U1_sfr/U_uart/cnt0_4_reg_0_/SI
                                       CK(rise)  setup     untested  constant_disabled
U3_cpu/U1_datapath/U1_sfr/U_uart/cnt0_4_reg_0_/SI
                                       CK(rise)  hold      untested  constant_disabled
U3_cpu/U1_datapath/U1_sfr/U_uart/cnt0_4_reg_0_/SN(rise)
                                       CK(rise)  setup     untested  constant_disabled
U3_cpu/U1_datapath/U1_sfr/U_uart/cnt0_4_reg_0_/SN(rise)
                                       CK(rise)  hold      untested  constant_disabled
U3_cpu/U1_datapath/U1_sfr/U_uart/cnt0_4_reg_0_/SN(low)
                                                 min_pulse_width
                                                           untested  constant_disabled
U3_cpu/U1_datapath/U1_sfr/U_uart/cnt0_4_reg_1_/RN(rise)
                                       CK(rise)  removal   untested  false_paths
U3_cpu/U1_datapath/U1_sfr/U_uart/cnt0_4_reg_1_/RN(rise)
                                       CK(rise)  recovery  untested  false_paths
U3_cpu/U1_datapath/U1_sfr/U_uart/cnt0_4_reg_1_/RN(low)
                                                 min_pulse_width
                                                           untested  no_clock
U3_cpu/U1_datapath/U1_sfr/U_uart/cnt0_4_reg_1_/SE
                                       CK(rise)  setup     untested  constant_disabled
U3_cpu/U1_datapath/U1_sfr/U_uart/cnt0_4_reg_1_/SE
                                       CK(rise)  hold      untested  constant_disabled
U3_cpu/U1_datapath/U1_sfr/U_uart/cnt0_4_reg_1_/SI
                                       CK(rise)  setup     untested  constant_disabled
U3_cpu/U1_datapath/U1_sfr/U_uart/cnt0_4_reg_1_/SI
                                       CK(rise)  hold      untested  constant_disabled
U3_cpu/U1_datapath/U1_sfr/U_uart/cnt0_4_reg_1_/SN(rise)
                                       CK(rise)  setup     untested  constant_disabled
U3_cpu/U1_datapath/U1_sfr/U_uart/cnt0_4_reg_1_/SN(rise)
                                       CK(rise)  hold      untested  constant_disabled
U3_cpu/U1_datapath/U1_sfr/U_uart/cnt0_4_reg_1_/SN(low)
                                                 min_pulse_width
                                                           untested  constant_disabled
U3_cpu/U1_datapath/U1_sfr/U_uart/cnt0_4_reg_2_/RN(rise)
                                       CK(rise)  removal   untested  false_paths
U3_cpu/U1_datapath/U1_sfr/U_uart/cnt0_4_reg_2_/RN(rise)
                                       CK(rise)  recovery  untested  false_paths
U3_cpu/U1_datapath/U1_sfr/U_uart/cnt0_4_reg_2_/RN(low)
                                                 min_pulse_width
                                                           untested  no_clock
U3_cpu/U1_datapath/U1_sfr/U_uart/cnt0_4_reg_2_/SE
                                       CK(rise)  setup     untested  constant_disabled
U3_cpu/U1_datapath/U1_sfr/U_uart/cnt0_4_reg_2_/SE
                                       CK(rise)  hold      untested  constant_disabled
U3_cpu/U1_datapath/U1_sfr/U_uart/cnt0_4_reg_2_/SI
                                       CK(rise)  setup     untested  constant_disabled
U3_cpu/U1_datapath/U1_sfr/U_uart/cnt0_4_reg_2_/SI
                                       CK(rise)  hold      untested  constant_disabled
U3_cpu/U1_datapath/U1_sfr/U_uart/cnt0_4_reg_2_/SN(rise)
                                       CK(rise)  setup     untested  constant_disabled
U3_cpu/U1_datapath/U1_sfr/U_uart/cnt0_4_reg_2_/SN(rise)
                                       CK(rise)  hold      untested  constant_disabled
U3_cpu/U1_datapath/U1_sfr/U_uart/cnt0_4_reg_2_/SN(low)
                                                 min_pulse_width
                                                           untested  constant_disabled
U3_cpu/U1_datapath/U1_sfr/U_uart/cnt0_4_reg_3_/RN(rise)
                                       CK(rise)  removal   untested  false_paths
U3_cpu/U1_datapath/U1_sfr/U_uart/cnt0_4_reg_3_/RN(rise)
                                       CK(rise)  recovery  untested  false_paths
U3_cpu/U1_datapath/U1_sfr/U_uart/cnt0_4_reg_3_/RN(low)
                                                 min_pulse_width
                                                           untested  no_clock
U3_cpu/U1_datapath/U1_sfr/U_uart/cnt0_4_reg_3_/SE
                                       CK(rise)  setup     untested  constant_disabled
U3_cpu/U1_datapath/U1_sfr/U_uart/cnt0_4_reg_3_/SE
                                       CK(rise)  hold      untested  constant_disabled
U3_cpu/U1_datapath/U1_sfr/U_uart/cnt0_4_reg_3_/SI
                                       CK(rise)  setup     untested  constant_disabled
U3_cpu/U1_datapath/U1_sfr/U_uart/cnt0_4_reg_3_/SI
                                       CK(rise)  hold      untested  constant_disabled
U3_cpu/U1_datapath/U1_sfr/U_uart/cnt0_4_reg_3_/SN(rise)
                                       CK(rise)  setup     untested  constant_disabled
U3_cpu/U1_datapath/U1_sfr/U_uart/cnt0_4_reg_3_/SN(rise)
                                       CK(rise)  hold      untested  constant_disabled
U3_cpu/U1_datapath/U1_sfr/U_uart/cnt0_4_reg_3_/SN(low)
                                                 min_pulse_width
                                                           untested  constant_disabled
U3_cpu/U1_datapath/U1_sfr/U_uart/cnt1_8_reg_0_/RN(rise)
                                       CK(rise)  recovery  untested  false_paths
U3_cpu/U1_datapath/U1_sfr/U_uart/cnt1_8_reg_0_/RN(rise)
                                       CK(rise)  removal   untested  false_paths
U3_cpu/U1_datapath/U1_sfr/U_uart/cnt1_8_reg_0_/RN(low)
                                                 min_pulse_width
                                                           untested  no_clock
U3_cpu/U1_datapath/U1_sfr/U_uart/cnt1_8_reg_0_/SE
                                       CK(rise)  setup     untested  constant_disabled
U3_cpu/U1_datapath/U1_sfr/U_uart/cnt1_8_reg_0_/SE
                                       CK(rise)  hold      untested  constant_disabled
U3_cpu/U1_datapath/U1_sfr/U_uart/cnt1_8_reg_0_/SI
                                       CK(rise)  setup     untested  constant_disabled
U3_cpu/U1_datapath/U1_sfr/U_uart/cnt1_8_reg_0_/SI
                                       CK(rise)  hold      untested  constant_disabled
U3_cpu/U1_datapath/U1_sfr/U_uart/cnt1_8_reg_1_/RN(rise)
                                       CK(rise)  recovery  untested  false_paths
U3_cpu/U1_datapath/U1_sfr/U_uart/cnt1_8_reg_1_/RN(rise)
                                       CK(rise)  removal   untested  false_paths
U3_cpu/U1_datapath/U1_sfr/U_uart/cnt1_8_reg_1_/RN(low)
                                                 min_pulse_width
                                                           untested  no_clock
U3_cpu/U1_datapath/U1_sfr/U_uart/cnt1_8_reg_1_/SE
                                       CK(rise)  setup     untested  constant_disabled
U3_cpu/U1_datapath/U1_sfr/U_uart/cnt1_8_reg_1_/SE
                                       CK(rise)  hold      untested  constant_disabled
U3_cpu/U1_datapath/U1_sfr/U_uart/cnt1_8_reg_1_/SI
                                       CK(rise)  setup     untested  constant_disabled
U3_cpu/U1_datapath/U1_sfr/U_uart/cnt1_8_reg_1_/SI
                                       CK(rise)  hold      untested  constant_disabled
U3_cpu/U1_datapath/U1_sfr/U_uart/cnt1_8_reg_2_/RN(rise)
                                       CK(rise)  recovery  untested  false_paths
U3_cpu/U1_datapath/U1_sfr/U_uart/cnt1_8_reg_2_/RN(rise)
                                       CK(rise)  removal   untested  false_paths
U3_cpu/U1_datapath/U1_sfr/U_uart/cnt1_8_reg_2_/RN(low)
                                                 min_pulse_width
                                                           untested  no_clock
U3_cpu/U1_datapath/U1_sfr/U_uart/cnt1_8_reg_2_/SE
                                       CK(rise)  setup     untested  constant_disabled
U3_cpu/U1_datapath/U1_sfr/U_uart/cnt1_8_reg_2_/SE
                                       CK(rise)  hold      untested  constant_disabled
U3_cpu/U1_datapath/U1_sfr/U_uart/cnt1_8_reg_2_/SI
                                       CK(rise)  setup     untested  constant_disabled
U3_cpu/U1_datapath/U1_sfr/U_uart/cnt1_8_reg_2_/SI
                                       CK(rise)  hold      untested  constant_disabled
U3_cpu/U1_datapath/U1_sfr/U_uart/cnt1_8_reg_3_/RN(rise)
                                       CK(rise)  removal   untested  false_paths
U3_cpu/U1_datapath/U1_sfr/U_uart/cnt1_8_reg_3_/RN(rise)
                                       CK(rise)  recovery  untested  false_paths
U3_cpu/U1_datapath/U1_sfr/U_uart/cnt1_8_reg_3_/RN(low)
                                                 min_pulse_width
                                                           untested  no_clock
U3_cpu/U1_datapath/U1_sfr/U_uart/cnt1_8_reg_3_/SE
                                       CK(rise)  setup     untested  constant_disabled
U3_cpu/U1_datapath/U1_sfr/U_uart/cnt1_8_reg_3_/SE
                                       CK(rise)  hold      untested  constant_disabled
U3_cpu/U1_datapath/U1_sfr/U_uart/cnt1_8_reg_3_/SI
                                       CK(rise)  setup     untested  constant_disabled
U3_cpu/U1_datapath/U1_sfr/U_uart/cnt1_8_reg_3_/SI
                                       CK(rise)  hold      untested  constant_disabled
U3_cpu/U1_datapath/U1_sfr/U_uart/cnt1_8_reg_3_/SN(rise)
                                       CK(rise)  setup     untested  constant_disabled
U3_cpu/U1_datapath/U1_sfr/U_uart/cnt1_8_reg_3_/SN(rise)
                                       CK(rise)  hold      untested  constant_disabled
U3_cpu/U1_datapath/U1_sfr/U_uart/cnt1_8_reg_3_/SN(low)
                                                 min_pulse_width
                                                           untested  constant_disabled
U3_cpu/U1_datapath/U1_sfr/U_uart/cnt1_8_reg_4_/RN(rise)
                                       CK(rise)  recovery  untested  false_paths
U3_cpu/U1_datapath/U1_sfr/U_uart/cnt1_8_reg_4_/RN(rise)
                                       CK(rise)  removal   untested  false_paths
U3_cpu/U1_datapath/U1_sfr/U_uart/cnt1_8_reg_4_/RN(low)
                                                 min_pulse_width
                                                           untested  no_clock
U3_cpu/U1_datapath/U1_sfr/U_uart/cnt1_8_reg_4_/SE
                                       CK(rise)  setup     untested  constant_disabled
U3_cpu/U1_datapath/U1_sfr/U_uart/cnt1_8_reg_4_/SE
                                       CK(rise)  hold      untested  constant_disabled
U3_cpu/U1_datapath/U1_sfr/U_uart/cnt1_8_reg_4_/SI
                                       CK(rise)  setup     untested  constant_disabled
U3_cpu/U1_datapath/U1_sfr/U_uart/cnt1_8_reg_4_/SI
                                       CK(rise)  hold      untested  constant_disabled
U3_cpu/U1_datapath/U1_sfr/U_uart/cnt1_8_reg_5_/RN(rise)
                                       CK(rise)  recovery  untested  false_paths
U3_cpu/U1_datapath/U1_sfr/U_uart/cnt1_8_reg_5_/RN(rise)
                                       CK(rise)  removal   untested  false_paths
U3_cpu/U1_datapath/U1_sfr/U_uart/cnt1_8_reg_5_/RN(low)
                                                 min_pulse_width
                                                           untested  no_clock
U3_cpu/U1_datapath/U1_sfr/U_uart/cnt1_8_reg_5_/SE
                                       CK(rise)  setup     untested  constant_disabled
U3_cpu/U1_datapath/U1_sfr/U_uart/cnt1_8_reg_5_/SE
                                       CK(rise)  hold      untested  constant_disabled
U3_cpu/U1_datapath/U1_sfr/U_uart/cnt1_8_reg_5_/SI
                                       CK(rise)  setup     untested  constant_disabled
U3_cpu/U1_datapath/U1_sfr/U_uart/cnt1_8_reg_5_/SI
                                       CK(rise)  hold      untested  constant_disabled
U3_cpu/U1_datapath/U1_sfr/U_uart/cnt1_8_reg_6_/RN(rise)
                                       CK(rise)  recovery  untested  false_paths
U3_cpu/U1_datapath/U1_sfr/U_uart/cnt1_8_reg_6_/RN(rise)
                                       CK(rise)  removal   untested  false_paths
U3_cpu/U1_datapath/U1_sfr/U_uart/cnt1_8_reg_6_/RN(low)
                                                 min_pulse_width
                                                           untested  no_clock
U3_cpu/U1_datapath/U1_sfr/U_uart/cnt1_8_reg_6_/SE
                                       CK(rise)  setup     untested  constant_disabled
U3_cpu/U1_datapath/U1_sfr/U_uart/cnt1_8_reg_6_/SE
                                       CK(rise)  hold      untested  constant_disabled
U3_cpu/U1_datapath/U1_sfr/U_uart/cnt1_8_reg_6_/SI
                                       CK(rise)  setup     untested  constant_disabled
U3_cpu/U1_datapath/U1_sfr/U_uart/cnt1_8_reg_6_/SI
                                       CK(rise)  hold      untested  constant_disabled
U3_cpu/U1_datapath/U1_sfr/U_uart/cnt1_8_reg_7_/RN(rise)
                                       CK(rise)  recovery  untested  false_paths
U3_cpu/U1_datapath/U1_sfr/U_uart/cnt1_8_reg_7_/RN(rise)
                                       CK(rise)  removal   untested  false_paths
U3_cpu/U1_datapath/U1_sfr/U_uart/cnt1_8_reg_7_/RN(low)
                                                 min_pulse_width
                                                           untested  no_clock
U3_cpu/U1_datapath/U1_sfr/U_uart/cnt1_8_reg_7_/SE
                                       CK(rise)  setup     untested  constant_disabled
U3_cpu/U1_datapath/U1_sfr/U_uart/cnt1_8_reg_7_/SE
                                       CK(rise)  hold      untested  constant_disabled
U3_cpu/U1_datapath/U1_sfr/U_uart/cnt1_8_reg_7_/SI
                                       CK(rise)  setup     untested  constant_disabled
U3_cpu/U1_datapath/U1_sfr/U_uart/cnt1_8_reg_7_/SI
                                       CK(rise)  hold      untested  constant_disabled
U3_cpu/U1_datapath/U1_sfr/U_uart/div12_reg/RN(rise)
                                       CK(rise)  removal   untested  false_paths
U3_cpu/U1_datapath/U1_sfr/U_uart/div12_reg/RN(rise)
                                       CK(rise)  recovery  untested  false_paths
U3_cpu/U1_datapath/U1_sfr/U_uart/div12_reg/RN(low)
                                                 min_pulse_width
                                                           untested  no_clock
U3_cpu/U1_datapath/U1_sfr/U_uart/div12_reg/SE
                                       CK(rise)  setup     untested  constant_disabled
U3_cpu/U1_datapath/U1_sfr/U_uart/div12_reg/SE
                                       CK(rise)  hold      untested  constant_disabled
U3_cpu/U1_datapath/U1_sfr/U_uart/div12_reg/SI
                                       CK(rise)  setup     untested  constant_disabled
U3_cpu/U1_datapath/U1_sfr/U_uart/div12_reg/SI
                                       CK(rise)  hold      untested  constant_disabled
U3_cpu/U1_datapath/U1_sfr/U_uart/div12_reg/SN(rise)
                                       CK(rise)  setup     untested  constant_disabled
U3_cpu/U1_datapath/U1_sfr/U_uart/div12_reg/SN(rise)
                                       CK(rise)  hold      untested  constant_disabled
U3_cpu/U1_datapath/U1_sfr/U_uart/div12_reg/SN(low)
                                                 min_pulse_width
                                                           untested  constant_disabled
U3_cpu/U1_datapath/U1_sfr/U_uart/pcon_reg_0_/RN(rise)
                                       CK(rise)  removal   untested  false_paths
U3_cpu/U1_datapath/U1_sfr/U_uart/pcon_reg_0_/RN(rise)
                                       CK(rise)  recovery  untested  false_paths
U3_cpu/U1_datapath/U1_sfr/U_uart/pcon_reg_0_/RN(low)
                                                 min_pulse_width
                                                           untested  no_clock
U3_cpu/U1_datapath/U1_sfr/U_uart/pcon_reg_0_/SE
                                       CK(rise)  setup     untested  constant_disabled
U3_cpu/U1_datapath/U1_sfr/U_uart/pcon_reg_0_/SE
                                       CK(rise)  hold      untested  constant_disabled
U3_cpu/U1_datapath/U1_sfr/U_uart/pcon_reg_0_/SI
                                       CK(rise)  setup     untested  constant_disabled
U3_cpu/U1_datapath/U1_sfr/U_uart/pcon_reg_0_/SI
                                       CK(rise)  hold      untested  constant_disabled
U3_cpu/U1_datapath/U1_sfr/U_uart/pcon_reg_0_/SN(rise)
                                       CK(rise)  setup     untested  constant_disabled
U3_cpu/U1_datapath/U1_sfr/U_uart/pcon_reg_0_/SN(rise)
                                       CK(rise)  hold      untested  constant_disabled
U3_cpu/U1_datapath/U1_sfr/U_uart/pcon_reg_0_/SN(low)
                                                 min_pulse_width
                                                           untested  constant_disabled
U3_cpu/U1_datapath/U1_sfr/U_uart/pcon_reg_1_/RN(rise)
                                       CK(rise)  removal   untested  false_paths
U3_cpu/U1_datapath/U1_sfr/U_uart/pcon_reg_1_/RN(rise)
                                       CK(rise)  recovery  untested  false_paths
U3_cpu/U1_datapath/U1_sfr/U_uart/pcon_reg_1_/RN(low)
                                                 min_pulse_width
                                                           untested  no_clock
U3_cpu/U1_datapath/U1_sfr/U_uart/pcon_reg_1_/SE
                                       CK(rise)  setup     untested  constant_disabled
U3_cpu/U1_datapath/U1_sfr/U_uart/pcon_reg_1_/SE
                                       CK(rise)  hold      untested  constant_disabled
U3_cpu/U1_datapath/U1_sfr/U_uart/pcon_reg_1_/SI
                                       CK(rise)  setup     untested  constant_disabled
U3_cpu/U1_datapath/U1_sfr/U_uart/pcon_reg_1_/SI
                                       CK(rise)  hold      untested  constant_disabled
U3_cpu/U1_datapath/U1_sfr/U_uart/pcon_reg_1_/SN(rise)
                                       CK(rise)  setup     untested  constant_disabled
U3_cpu/U1_datapath/U1_sfr/U_uart/pcon_reg_1_/SN(rise)
                                       CK(rise)  hold      untested  constant_disabled
U3_cpu/U1_datapath/U1_sfr/U_uart/pcon_reg_1_/SN(low)
                                                 min_pulse_width
                                                           untested  constant_disabled
U3_cpu/U1_datapath/U1_sfr/U_uart/pcon_reg_2_/RN(rise)
                                       CK(rise)  removal   untested  false_paths
U3_cpu/U1_datapath/U1_sfr/U_uart/pcon_reg_2_/RN(rise)
                                       CK(rise)  recovery  untested  false_paths
U3_cpu/U1_datapath/U1_sfr/U_uart/pcon_reg_2_/RN(low)
                                                 min_pulse_width
                                                           untested  no_clock
U3_cpu/U1_datapath/U1_sfr/U_uart/pcon_reg_2_/SE
                                       CK(rise)  setup     untested  constant_disabled
U3_cpu/U1_datapath/U1_sfr/U_uart/pcon_reg_2_/SE
                                       CK(rise)  hold      untested  constant_disabled
U3_cpu/U1_datapath/U1_sfr/U_uart/pcon_reg_2_/SI
                                       CK(rise)  setup     untested  constant_disabled
U3_cpu/U1_datapath/U1_sfr/U_uart/pcon_reg_2_/SI
                                       CK(rise)  hold      untested  constant_disabled
U3_cpu/U1_datapath/U1_sfr/U_uart/pcon_reg_2_/SN(rise)
                                       CK(rise)  setup     untested  constant_disabled
U3_cpu/U1_datapath/U1_sfr/U_uart/pcon_reg_2_/SN(rise)
                                       CK(rise)  hold      untested  constant_disabled
U3_cpu/U1_datapath/U1_sfr/U_uart/pcon_reg_2_/SN(low)
                                                 min_pulse_width
                                                           untested  constant_disabled
U3_cpu/U1_datapath/U1_sfr/U_uart/pcon_reg_3_/RN(rise)
                                       CK(rise)  removal   untested  false_paths
U3_cpu/U1_datapath/U1_sfr/U_uart/pcon_reg_3_/RN(rise)
                                       CK(rise)  recovery  untested  false_paths
U3_cpu/U1_datapath/U1_sfr/U_uart/pcon_reg_3_/RN(low)
                                                 min_pulse_width
                                                           untested  no_clock
U3_cpu/U1_datapath/U1_sfr/U_uart/pcon_reg_3_/SE
                                       CK(rise)  setup     untested  constant_disabled
U3_cpu/U1_datapath/U1_sfr/U_uart/pcon_reg_3_/SE
                                       CK(rise)  hold      untested  constant_disabled
U3_cpu/U1_datapath/U1_sfr/U_uart/pcon_reg_3_/SI
                                       CK(rise)  setup     untested  constant_disabled
U3_cpu/U1_datapath/U1_sfr/U_uart/pcon_reg_3_/SI
                                       CK(rise)  hold      untested  constant_disabled
U3_cpu/U1_datapath/U1_sfr/U_uart/pcon_reg_3_/SN(rise)
                                       CK(rise)  setup     untested  constant_disabled
U3_cpu/U1_datapath/U1_sfr/U_uart/pcon_reg_3_/SN(rise)
                                       CK(rise)  hold      untested  constant_disabled
U3_cpu/U1_datapath/U1_sfr/U_uart/pcon_reg_3_/SN(low)
                                                 min_pulse_width
                                                           untested  constant_disabled
U3_cpu/U1_datapath/U1_sfr/U_uart/pcon_reg_4_/RN(rise)
                                       CK(rise)  removal   untested  false_paths
U3_cpu/U1_datapath/U1_sfr/U_uart/pcon_reg_4_/RN(rise)
                                       CK(rise)  recovery  untested  false_paths
U3_cpu/U1_datapath/U1_sfr/U_uart/pcon_reg_4_/RN(low)
                                                 min_pulse_width
                                                           untested  no_clock
U3_cpu/U1_datapath/U1_sfr/U_uart/pcon_reg_4_/SE
                                       CK(rise)  setup     untested  constant_disabled
U3_cpu/U1_datapath/U1_sfr/U_uart/pcon_reg_4_/SE
                                       CK(rise)  hold      untested  constant_disabled
U3_cpu/U1_datapath/U1_sfr/U_uart/pcon_reg_4_/SI
                                       CK(rise)  setup     untested  constant_disabled
U3_cpu/U1_datapath/U1_sfr/U_uart/pcon_reg_4_/SI
                                       CK(rise)  hold      untested  constant_disabled
U3_cpu/U1_datapath/U1_sfr/U_uart/pcon_reg_4_/SN(rise)
                                       CK(rise)  setup     untested  constant_disabled
U3_cpu/U1_datapath/U1_sfr/U_uart/pcon_reg_4_/SN(rise)
                                       CK(rise)  hold      untested  constant_disabled
U3_cpu/U1_datapath/U1_sfr/U_uart/pcon_reg_4_/SN(low)
                                                 min_pulse_width
                                                           untested  constant_disabled
U3_cpu/U1_datapath/U1_sfr/U_uart/pcon_reg_5_/RN(rise)
                                       CK(rise)  removal   untested  false_paths
U3_cpu/U1_datapath/U1_sfr/U_uart/pcon_reg_5_/RN(rise)
                                       CK(rise)  recovery  untested  false_paths
U3_cpu/U1_datapath/U1_sfr/U_uart/pcon_reg_5_/RN(low)
                                                 min_pulse_width
                                                           untested  no_clock
U3_cpu/U1_datapath/U1_sfr/U_uart/pcon_reg_5_/SE
                                       CK(rise)  setup     untested  constant_disabled
U3_cpu/U1_datapath/U1_sfr/U_uart/pcon_reg_5_/SE
                                       CK(rise)  hold      untested  constant_disabled
U3_cpu/U1_datapath/U1_sfr/U_uart/pcon_reg_5_/SI
                                       CK(rise)  setup     untested  constant_disabled
U3_cpu/U1_datapath/U1_sfr/U_uart/pcon_reg_5_/SI
                                       CK(rise)  hold      untested  constant_disabled
U3_cpu/U1_datapath/U1_sfr/U_uart/pcon_reg_5_/SN(rise)
                                       CK(rise)  setup     untested  constant_disabled
U3_cpu/U1_datapath/U1_sfr/U_uart/pcon_reg_5_/SN(rise)
                                       CK(rise)  hold      untested  constant_disabled
U3_cpu/U1_datapath/U1_sfr/U_uart/pcon_reg_5_/SN(low)
                                                 min_pulse_width
                                                           untested  constant_disabled
U3_cpu/U1_datapath/U1_sfr/U_uart/pcon_reg_6_/RN(rise)
                                       CK(rise)  removal   untested  false_paths
U3_cpu/U1_datapath/U1_sfr/U_uart/pcon_reg_6_/RN(rise)
                                       CK(rise)  recovery  untested  false_paths
U3_cpu/U1_datapath/U1_sfr/U_uart/pcon_reg_6_/RN(low)
                                                 min_pulse_width
                                                           untested  no_clock
U3_cpu/U1_datapath/U1_sfr/U_uart/pcon_reg_6_/SE
                                       CK(rise)  setup     untested  constant_disabled
U3_cpu/U1_datapath/U1_sfr/U_uart/pcon_reg_6_/SE
                                       CK(rise)  hold      untested  constant_disabled
U3_cpu/U1_datapath/U1_sfr/U_uart/pcon_reg_6_/SI
                                       CK(rise)  setup     untested  constant_disabled
U3_cpu/U1_datapath/U1_sfr/U_uart/pcon_reg_6_/SI
                                       CK(rise)  hold      untested  constant_disabled
U3_cpu/U1_datapath/U1_sfr/U_uart/pcon_reg_6_/SN(rise)
                                       CK(rise)  setup     untested  constant_disabled
U3_cpu/U1_datapath/U1_sfr/U_uart/pcon_reg_6_/SN(rise)
                                       CK(rise)  hold      untested  constant_disabled
U3_cpu/U1_datapath/U1_sfr/U_uart/pcon_reg_6_/SN(low)
                                                 min_pulse_width
                                                           untested  constant_disabled
U3_cpu/U1_datapath/U1_sfr/U_uart/pcon_reg_7_/RN(rise)
                                       CK(rise)  removal   untested  false_paths
U3_cpu/U1_datapath/U1_sfr/U_uart/pcon_reg_7_/RN(rise)
                                       CK(rise)  recovery  untested  false_paths
U3_cpu/U1_datapath/U1_sfr/U_uart/pcon_reg_7_/RN(low)
                                                 min_pulse_width
                                                           untested  no_clock
U3_cpu/U1_datapath/U1_sfr/U_uart/pcon_reg_7_/SE
                                       CK(rise)  setup     untested  constant_disabled
U3_cpu/U1_datapath/U1_sfr/U_uart/pcon_reg_7_/SE
                                       CK(rise)  hold      untested  constant_disabled
U3_cpu/U1_datapath/U1_sfr/U_uart/pcon_reg_7_/SI
                                       CK(rise)  setup     untested  constant_disabled
U3_cpu/U1_datapath/U1_sfr/U_uart/pcon_reg_7_/SI
                                       CK(rise)  hold      untested  constant_disabled
U3_cpu/U1_datapath/U1_sfr/U_uart/pcon_reg_7_/SN(rise)
                                       CK(rise)  setup     untested  constant_disabled
U3_cpu/U1_datapath/U1_sfr/U_uart/pcon_reg_7_/SN(rise)
                                       CK(rise)  hold      untested  constant_disabled
U3_cpu/U1_datapath/U1_sfr/U_uart/pcon_reg_7_/SN(low)
                                                 min_pulse_width
                                                           untested  constant_disabled
U3_cpu/U1_datapath/U1_sfr/U_uart/rec_cnt_reg_0_/RN(rise)
                                       CK(rise)  removal   untested  false_paths
U3_cpu/U1_datapath/U1_sfr/U_uart/rec_cnt_reg_0_/RN(rise)
                                       CK(rise)  recovery  untested  false_paths
U3_cpu/U1_datapath/U1_sfr/U_uart/rec_cnt_reg_0_/RN(low)
                                                 min_pulse_width
                                                           untested  no_clock
U3_cpu/U1_datapath/U1_sfr/U_uart/rec_cnt_reg_0_/SE
                                       CK(rise)  setup     untested  constant_disabled
U3_cpu/U1_datapath/U1_sfr/U_uart/rec_cnt_reg_0_/SE
                                       CK(rise)  hold      untested  constant_disabled
U3_cpu/U1_datapath/U1_sfr/U_uart/rec_cnt_reg_0_/SI
                                       CK(rise)  setup     untested  constant_disabled
U3_cpu/U1_datapath/U1_sfr/U_uart/rec_cnt_reg_0_/SI
                                       CK(rise)  hold      untested  constant_disabled
U3_cpu/U1_datapath/U1_sfr/U_uart/rec_cnt_reg_0_/SN(rise)
                                       CK(rise)  setup     untested  constant_disabled
U3_cpu/U1_datapath/U1_sfr/U_uart/rec_cnt_reg_0_/SN(rise)
                                       CK(rise)  hold      untested  constant_disabled
U3_cpu/U1_datapath/U1_sfr/U_uart/rec_cnt_reg_0_/SN(low)
                                                 min_pulse_width
                                                           untested  constant_disabled
U3_cpu/U1_datapath/U1_sfr/U_uart/rec_cnt_reg_1_/RN(rise)
                                       CK(rise)  removal   untested  false_paths
U3_cpu/U1_datapath/U1_sfr/U_uart/rec_cnt_reg_1_/RN(rise)
                                       CK(rise)  recovery  untested  false_paths
U3_cpu/U1_datapath/U1_sfr/U_uart/rec_cnt_reg_1_/RN(low)
                                                 min_pulse_width
                                                           untested  no_clock
U3_cpu/U1_datapath/U1_sfr/U_uart/rec_cnt_reg_1_/SE
                                       CK(rise)  setup     untested  constant_disabled
U3_cpu/U1_datapath/U1_sfr/U_uart/rec_cnt_reg_1_/SE
                                       CK(rise)  hold      untested  constant_disabled
U3_cpu/U1_datapath/U1_sfr/U_uart/rec_cnt_reg_1_/SI
                                       CK(rise)  setup     untested  constant_disabled
U3_cpu/U1_datapath/U1_sfr/U_uart/rec_cnt_reg_1_/SI
                                       CK(rise)  hold      untested  constant_disabled
U3_cpu/U1_datapath/U1_sfr/U_uart/rec_cnt_reg_1_/SN(rise)
                                       CK(rise)  setup     untested  constant_disabled
U3_cpu/U1_datapath/U1_sfr/U_uart/rec_cnt_reg_1_/SN(rise)
                                       CK(rise)  hold      untested  constant_disabled
U3_cpu/U1_datapath/U1_sfr/U_uart/rec_cnt_reg_1_/SN(low)
                                                 min_pulse_width
                                                           untested  constant_disabled
U3_cpu/U1_datapath/U1_sfr/U_uart/rec_cnt_reg_2_/RN(rise)
                                       CK(rise)  removal   untested  false_paths
U3_cpu/U1_datapath/U1_sfr/U_uart/rec_cnt_reg_2_/RN(rise)
                                       CK(rise)  recovery  untested  false_paths
U3_cpu/U1_datapath/U1_sfr/U_uart/rec_cnt_reg_2_/RN(low)
                                                 min_pulse_width
                                                           untested  no_clock
U3_cpu/U1_datapath/U1_sfr/U_uart/rec_cnt_reg_2_/SE
                                       CK(rise)  setup     untested  constant_disabled
U3_cpu/U1_datapath/U1_sfr/U_uart/rec_cnt_reg_2_/SE
                                       CK(rise)  hold      untested  constant_disabled
U3_cpu/U1_datapath/U1_sfr/U_uart/rec_cnt_reg_2_/SI
                                       CK(rise)  setup     untested  constant_disabled
U3_cpu/U1_datapath/U1_sfr/U_uart/rec_cnt_reg_2_/SI
                                       CK(rise)  hold      untested  constant_disabled
U3_cpu/U1_datapath/U1_sfr/U_uart/rec_cnt_reg_2_/SN(rise)
                                       CK(rise)  setup     untested  constant_disabled
U3_cpu/U1_datapath/U1_sfr/U_uart/rec_cnt_reg_2_/SN(rise)
                                       CK(rise)  hold      untested  constant_disabled
U3_cpu/U1_datapath/U1_sfr/U_uart/rec_cnt_reg_2_/SN(low)
                                                 min_pulse_width
                                                           untested  constant_disabled
U3_cpu/U1_datapath/U1_sfr/U_uart/rec_cnt_reg_3_/RN(rise)
                                       CK(rise)  removal   untested  false_paths
U3_cpu/U1_datapath/U1_sfr/U_uart/rec_cnt_reg_3_/RN(rise)
                                       CK(rise)  recovery  untested  false_paths
U3_cpu/U1_datapath/U1_sfr/U_uart/rec_cnt_reg_3_/RN(low)
                                                 min_pulse_width
                                                           untested  no_clock
U3_cpu/U1_datapath/U1_sfr/U_uart/rec_cnt_reg_3_/SE
                                       CK(rise)  setup     untested  constant_disabled
U3_cpu/U1_datapath/U1_sfr/U_uart/rec_cnt_reg_3_/SE
                                       CK(rise)  hold      untested  constant_disabled
U3_cpu/U1_datapath/U1_sfr/U_uart/rec_cnt_reg_3_/SI
                                       CK(rise)  setup     untested  constant_disabled
U3_cpu/U1_datapath/U1_sfr/U_uart/rec_cnt_reg_3_/SI
                                       CK(rise)  hold      untested  constant_disabled
U3_cpu/U1_datapath/U1_sfr/U_uart/rec_cnt_reg_3_/SN(rise)
                                       CK(rise)  setup     untested  constant_disabled
U3_cpu/U1_datapath/U1_sfr/U_uart/rec_cnt_reg_3_/SN(rise)
                                       CK(rise)  hold      untested  constant_disabled
U3_cpu/U1_datapath/U1_sfr/U_uart/rec_cnt_reg_3_/SN(low)
                                                 min_pulse_width
                                                           untested  constant_disabled
U3_cpu/U1_datapath/U1_sfr/U_uart/rec_sync_reg/RN(rise)
                                       CK(rise)  recovery  untested  false_paths
U3_cpu/U1_datapath/U1_sfr/U_uart/rec_sync_reg/RN(rise)
                                       CK(rise)  removal   untested  false_paths
U3_cpu/U1_datapath/U1_sfr/U_uart/rec_sync_reg/RN(low)
                                                 min_pulse_width
                                                           untested  no_clock
U3_cpu/U1_datapath/U1_sfr/U_uart/rec_sync_reg/SE
                                       CK(rise)  setup     untested  constant_disabled
U3_cpu/U1_datapath/U1_sfr/U_uart/rec_sync_reg/SE
                                       CK(rise)  hold      untested  constant_disabled
U3_cpu/U1_datapath/U1_sfr/U_uart/rec_sync_reg/SI
                                       CK(rise)  setup     untested  constant_disabled
U3_cpu/U1_datapath/U1_sfr/U_uart/rec_sync_reg/SI
                                       CK(rise)  hold      untested  constant_disabled
U3_cpu/U1_datapath/U1_sfr/U_uart/receive_reg/RN(rise)
                                       CK(rise)  removal   untested  false_paths
U3_cpu/U1_datapath/U1_sfr/U_uart/receive_reg/RN(rise)
                                       CK(rise)  recovery  untested  false_paths
U3_cpu/U1_datapath/U1_sfr/U_uart/receive_reg/RN(low)
                                                 min_pulse_width
                                                           untested  no_clock
U3_cpu/U1_datapath/U1_sfr/U_uart/receive_reg/SE
                                       CK(rise)  setup     untested  constant_disabled
U3_cpu/U1_datapath/U1_sfr/U_uart/receive_reg/SE
                                       CK(rise)  hold      untested  constant_disabled
U3_cpu/U1_datapath/U1_sfr/U_uart/receive_reg/SI
                                       CK(rise)  setup     untested  constant_disabled
U3_cpu/U1_datapath/U1_sfr/U_uart/receive_reg/SI
                                       CK(rise)  hold      untested  constant_disabled
U3_cpu/U1_datapath/U1_sfr/U_uart/receive_reg/SN(rise)
                                       CK(rise)  setup     untested  constant_disabled
U3_cpu/U1_datapath/U1_sfr/U_uart/receive_reg/SN(rise)
                                       CK(rise)  hold      untested  constant_disabled
U3_cpu/U1_datapath/U1_sfr/U_uart/receive_reg/SN(low)
                                                 min_pulse_width
                                                           untested  constant_disabled
U3_cpu/U1_datapath/U1_sfr/U_uart/rx_done_reg/SE
                                       CK(rise)  setup     untested  constant_disabled
U3_cpu/U1_datapath/U1_sfr/U_uart/rx_done_reg/SE
                                       CK(rise)  hold      untested  constant_disabled
U3_cpu/U1_datapath/U1_sfr/U_uart/rx_done_reg/SI
                                       CK(rise)  setup     untested  constant_disabled
U3_cpu/U1_datapath/U1_sfr/U_uart/rx_done_reg/SI
                                       CK(rise)  hold      untested  constant_disabled
U3_cpu/U1_datapath/U1_sfr/U_uart/rx_done_reg/SN(rise)
                                       CK(rise)  recovery  untested  false_paths
U3_cpu/U1_datapath/U1_sfr/U_uart/rx_done_reg/SN(rise)
                                       CK(rise)  removal   untested  false_paths
U3_cpu/U1_datapath/U1_sfr/U_uart/rx_done_reg/SN(low)
                                                 min_pulse_width
                                                           untested  no_clock
U3_cpu/U1_datapath/U1_sfr/U_uart/rx_same_reg_0_/RN(rise)
                                       CK(rise)  removal   untested  false_paths
U3_cpu/U1_datapath/U1_sfr/U_uart/rx_same_reg_0_/RN(rise)
                                       CK(rise)  recovery  untested  false_paths
U3_cpu/U1_datapath/U1_sfr/U_uart/rx_same_reg_0_/RN(low)
                                                 min_pulse_width
                                                           untested  no_clock
U3_cpu/U1_datapath/U1_sfr/U_uart/rx_same_reg_0_/SE
                                       CK(rise)  setup     untested  constant_disabled
U3_cpu/U1_datapath/U1_sfr/U_uart/rx_same_reg_0_/SE
                                       CK(rise)  hold      untested  constant_disabled
U3_cpu/U1_datapath/U1_sfr/U_uart/rx_same_reg_0_/SI
                                       CK(rise)  setup     untested  constant_disabled
U3_cpu/U1_datapath/U1_sfr/U_uart/rx_same_reg_0_/SI
                                       CK(rise)  hold      untested  constant_disabled
U3_cpu/U1_datapath/U1_sfr/U_uart/rx_same_reg_0_/SN(rise)
                                       CK(rise)  setup     untested  constant_disabled
U3_cpu/U1_datapath/U1_sfr/U_uart/rx_same_reg_0_/SN(rise)
                                       CK(rise)  hold      untested  constant_disabled
U3_cpu/U1_datapath/U1_sfr/U_uart/rx_same_reg_0_/SN(low)
                                                 min_pulse_width
                                                           untested  constant_disabled
U3_cpu/U1_datapath/U1_sfr/U_uart/rx_same_reg_1_/RN(rise)
                                       CK(rise)  removal   untested  false_paths
U3_cpu/U1_datapath/U1_sfr/U_uart/rx_same_reg_1_/RN(rise)
                                       CK(rise)  recovery  untested  false_paths
U3_cpu/U1_datapath/U1_sfr/U_uart/rx_same_reg_1_/RN(low)
                                                 min_pulse_width
                                                           untested  no_clock
U3_cpu/U1_datapath/U1_sfr/U_uart/rx_same_reg_1_/SE
                                       CK(rise)  setup     untested  constant_disabled
U3_cpu/U1_datapath/U1_sfr/U_uart/rx_same_reg_1_/SE
                                       CK(rise)  hold      untested  constant_disabled
U3_cpu/U1_datapath/U1_sfr/U_uart/rx_same_reg_1_/SI
                                       CK(rise)  setup     untested  constant_disabled
U3_cpu/U1_datapath/U1_sfr/U_uart/rx_same_reg_1_/SI
                                       CK(rise)  hold      untested  constant_disabled
U3_cpu/U1_datapath/U1_sfr/U_uart/rx_same_reg_1_/SN(rise)
                                       CK(rise)  setup     untested  constant_disabled
U3_cpu/U1_datapath/U1_sfr/U_uart/rx_same_reg_1_/SN(rise)
                                       CK(rise)  hold      untested  constant_disabled
U3_cpu/U1_datapath/U1_sfr/U_uart/rx_same_reg_1_/SN(low)
                                                 min_pulse_width
                                                           untested  constant_disabled
U3_cpu/U1_datapath/U1_sfr/U_uart/rxdi_r_reg/SE
                                       CK(rise)  setup     untested  constant_disabled
U3_cpu/U1_datapath/U1_sfr/U_uart/rxdi_r_reg/SE
                                       CK(rise)  hold      untested  constant_disabled
U3_cpu/U1_datapath/U1_sfr/U_uart/rxdi_r_reg/SI
                                       CK(rise)  setup     untested  constant_disabled
U3_cpu/U1_datapath/U1_sfr/U_uart/rxdi_r_reg/SI
                                       CK(rise)  hold      untested  constant_disabled
U3_cpu/U1_datapath/U1_sfr/U_uart/rxdi_r_reg/SN(rise)
                                       CK(rise)  recovery  untested  false_paths
U3_cpu/U1_datapath/U1_sfr/U_uart/rxdi_r_reg/SN(rise)
                                       CK(rise)  removal   untested  false_paths
U3_cpu/U1_datapath/U1_sfr/U_uart/rxdi_r_reg/SN(low)
                                                 min_pulse_width
                                                           untested  no_clock
U3_cpu/U1_datapath/U1_sfr/U_uart/sbuf_rxd_reg_0_/RN(rise)
                                       CK(rise)  removal   untested  false_paths
U3_cpu/U1_datapath/U1_sfr/U_uart/sbuf_rxd_reg_0_/RN(rise)
                                       CK(rise)  recovery  untested  false_paths
U3_cpu/U1_datapath/U1_sfr/U_uart/sbuf_rxd_reg_0_/RN(low)
                                                 min_pulse_width
                                                           untested  no_clock
U3_cpu/U1_datapath/U1_sfr/U_uart/sbuf_rxd_reg_0_/SE
                                       CK(rise)  setup     untested  constant_disabled
U3_cpu/U1_datapath/U1_sfr/U_uart/sbuf_rxd_reg_0_/SE
                                       CK(rise)  hold      untested  constant_disabled
U3_cpu/U1_datapath/U1_sfr/U_uart/sbuf_rxd_reg_0_/SI
                                       CK(rise)  setup     untested  constant_disabled
U3_cpu/U1_datapath/U1_sfr/U_uart/sbuf_rxd_reg_0_/SI
                                       CK(rise)  hold      untested  constant_disabled
U3_cpu/U1_datapath/U1_sfr/U_uart/sbuf_rxd_reg_0_/SN(rise)
                                       CK(rise)  setup     untested  constant_disabled
U3_cpu/U1_datapath/U1_sfr/U_uart/sbuf_rxd_reg_0_/SN(rise)
                                       CK(rise)  hold      untested  constant_disabled
U3_cpu/U1_datapath/U1_sfr/U_uart/sbuf_rxd_reg_0_/SN(low)
                                                 min_pulse_width
                                                           untested  constant_disabled
U3_cpu/U1_datapath/U1_sfr/U_uart/sbuf_rxd_reg_1_/RN(rise)
                                       CK(rise)  removal   untested  false_paths
U3_cpu/U1_datapath/U1_sfr/U_uart/sbuf_rxd_reg_1_/RN(rise)
                                       CK(rise)  recovery  untested  false_paths
U3_cpu/U1_datapath/U1_sfr/U_uart/sbuf_rxd_reg_1_/RN(low)
                                                 min_pulse_width
                                                           untested  no_clock
U3_cpu/U1_datapath/U1_sfr/U_uart/sbuf_rxd_reg_1_/SE
                                       CK(rise)  setup     untested  constant_disabled
U3_cpu/U1_datapath/U1_sfr/U_uart/sbuf_rxd_reg_1_/SE
                                       CK(rise)  hold      untested  constant_disabled
U3_cpu/U1_datapath/U1_sfr/U_uart/sbuf_rxd_reg_1_/SI
                                       CK(rise)  setup     untested  constant_disabled
U3_cpu/U1_datapath/U1_sfr/U_uart/sbuf_rxd_reg_1_/SI
                                       CK(rise)  hold      untested  constant_disabled
U3_cpu/U1_datapath/U1_sfr/U_uart/sbuf_rxd_reg_1_/SN(rise)
                                       CK(rise)  setup     untested  constant_disabled
U3_cpu/U1_datapath/U1_sfr/U_uart/sbuf_rxd_reg_1_/SN(rise)
                                       CK(rise)  hold      untested  constant_disabled
U3_cpu/U1_datapath/U1_sfr/U_uart/sbuf_rxd_reg_1_/SN(low)
                                                 min_pulse_width
                                                           untested  constant_disabled
U3_cpu/U1_datapath/U1_sfr/U_uart/sbuf_rxd_reg_2_/RN(rise)
                                       CK(rise)  removal   untested  false_paths
U3_cpu/U1_datapath/U1_sfr/U_uart/sbuf_rxd_reg_2_/RN(rise)
                                       CK(rise)  recovery  untested  false_paths
U3_cpu/U1_datapath/U1_sfr/U_uart/sbuf_rxd_reg_2_/RN(low)
                                                 min_pulse_width
                                                           untested  no_clock
U3_cpu/U1_datapath/U1_sfr/U_uart/sbuf_rxd_reg_2_/SE
                                       CK(rise)  setup     untested  constant_disabled
U3_cpu/U1_datapath/U1_sfr/U_uart/sbuf_rxd_reg_2_/SE
                                       CK(rise)  hold      untested  constant_disabled
U3_cpu/U1_datapath/U1_sfr/U_uart/sbuf_rxd_reg_2_/SI
                                       CK(rise)  setup     untested  constant_disabled
U3_cpu/U1_datapath/U1_sfr/U_uart/sbuf_rxd_reg_2_/SI
                                       CK(rise)  hold      untested  constant_disabled
U3_cpu/U1_datapath/U1_sfr/U_uart/sbuf_rxd_reg_2_/SN(rise)
                                       CK(rise)  setup     untested  constant_disabled
U3_cpu/U1_datapath/U1_sfr/U_uart/sbuf_rxd_reg_2_/SN(rise)
                                       CK(rise)  hold      untested  constant_disabled
U3_cpu/U1_datapath/U1_sfr/U_uart/sbuf_rxd_reg_2_/SN(low)
                                                 min_pulse_width
                                                           untested  constant_disabled
U3_cpu/U1_datapath/U1_sfr/U_uart/sbuf_rxd_reg_3_/RN(rise)
                                       CK(rise)  removal   untested  false_paths
U3_cpu/U1_datapath/U1_sfr/U_uart/sbuf_rxd_reg_3_/RN(rise)
                                       CK(rise)  recovery  untested  false_paths
U3_cpu/U1_datapath/U1_sfr/U_uart/sbuf_rxd_reg_3_/RN(low)
                                                 min_pulse_width
                                                           untested  no_clock
U3_cpu/U1_datapath/U1_sfr/U_uart/sbuf_rxd_reg_3_/SE
                                       CK(rise)  setup     untested  constant_disabled
U3_cpu/U1_datapath/U1_sfr/U_uart/sbuf_rxd_reg_3_/SE
                                       CK(rise)  hold      untested  constant_disabled
U3_cpu/U1_datapath/U1_sfr/U_uart/sbuf_rxd_reg_3_/SI
                                       CK(rise)  setup     untested  constant_disabled
U3_cpu/U1_datapath/U1_sfr/U_uart/sbuf_rxd_reg_3_/SI
                                       CK(rise)  hold      untested  constant_disabled
U3_cpu/U1_datapath/U1_sfr/U_uart/sbuf_rxd_reg_3_/SN(rise)
                                       CK(rise)  setup     untested  constant_disabled
U3_cpu/U1_datapath/U1_sfr/U_uart/sbuf_rxd_reg_3_/SN(rise)
                                       CK(rise)  hold      untested  constant_disabled
U3_cpu/U1_datapath/U1_sfr/U_uart/sbuf_rxd_reg_3_/SN(low)
                                                 min_pulse_width
                                                           untested  constant_disabled
U3_cpu/U1_datapath/U1_sfr/U_uart/sbuf_rxd_reg_4_/RN(rise)
                                       CK(rise)  removal   untested  false_paths
U3_cpu/U1_datapath/U1_sfr/U_uart/sbuf_rxd_reg_4_/RN(rise)
                                       CK(rise)  recovery  untested  false_paths
U3_cpu/U1_datapath/U1_sfr/U_uart/sbuf_rxd_reg_4_/RN(low)
                                                 min_pulse_width
                                                           untested  no_clock
U3_cpu/U1_datapath/U1_sfr/U_uart/sbuf_rxd_reg_4_/SE
                                       CK(rise)  setup     untested  constant_disabled
U3_cpu/U1_datapath/U1_sfr/U_uart/sbuf_rxd_reg_4_/SE
                                       CK(rise)  hold      untested  constant_disabled
U3_cpu/U1_datapath/U1_sfr/U_uart/sbuf_rxd_reg_4_/SI
                                       CK(rise)  setup     untested  constant_disabled
U3_cpu/U1_datapath/U1_sfr/U_uart/sbuf_rxd_reg_4_/SI
                                       CK(rise)  hold      untested  constant_disabled
U3_cpu/U1_datapath/U1_sfr/U_uart/sbuf_rxd_reg_4_/SN(rise)
                                       CK(rise)  setup     untested  constant_disabled
U3_cpu/U1_datapath/U1_sfr/U_uart/sbuf_rxd_reg_4_/SN(rise)
                                       CK(rise)  hold      untested  constant_disabled
U3_cpu/U1_datapath/U1_sfr/U_uart/sbuf_rxd_reg_4_/SN(low)
                                                 min_pulse_width
                                                           untested  constant_disabled
U3_cpu/U1_datapath/U1_sfr/U_uart/sbuf_rxd_reg_5_/RN(rise)
                                       CK(rise)  removal   untested  false_paths
U3_cpu/U1_datapath/U1_sfr/U_uart/sbuf_rxd_reg_5_/RN(rise)
                                       CK(rise)  recovery  untested  false_paths
U3_cpu/U1_datapath/U1_sfr/U_uart/sbuf_rxd_reg_5_/RN(low)
                                                 min_pulse_width
                                                           untested  no_clock
U3_cpu/U1_datapath/U1_sfr/U_uart/sbuf_rxd_reg_5_/SE
                                       CK(rise)  setup     untested  constant_disabled
U3_cpu/U1_datapath/U1_sfr/U_uart/sbuf_rxd_reg_5_/SE
                                       CK(rise)  hold      untested  constant_disabled
U3_cpu/U1_datapath/U1_sfr/U_uart/sbuf_rxd_reg_5_/SI
                                       CK(rise)  setup     untested  constant_disabled
U3_cpu/U1_datapath/U1_sfr/U_uart/sbuf_rxd_reg_5_/SI
                                       CK(rise)  hold      untested  constant_disabled
U3_cpu/U1_datapath/U1_sfr/U_uart/sbuf_rxd_reg_5_/SN(rise)
                                       CK(rise)  setup     untested  constant_disabled
U3_cpu/U1_datapath/U1_sfr/U_uart/sbuf_rxd_reg_5_/SN(rise)
                                       CK(rise)  hold      untested  constant_disabled
U3_cpu/U1_datapath/U1_sfr/U_uart/sbuf_rxd_reg_5_/SN(low)
                                                 min_pulse_width
                                                           untested  constant_disabled
U3_cpu/U1_datapath/U1_sfr/U_uart/sbuf_rxd_reg_6_/RN(rise)
                                       CK(rise)  removal   untested  false_paths
U3_cpu/U1_datapath/U1_sfr/U_uart/sbuf_rxd_reg_6_/RN(rise)
                                       CK(rise)  recovery  untested  false_paths
U3_cpu/U1_datapath/U1_sfr/U_uart/sbuf_rxd_reg_6_/RN(low)
                                                 min_pulse_width
                                                           untested  no_clock
U3_cpu/U1_datapath/U1_sfr/U_uart/sbuf_rxd_reg_6_/SE
                                       CK(rise)  setup     untested  constant_disabled
U3_cpu/U1_datapath/U1_sfr/U_uart/sbuf_rxd_reg_6_/SE
                                       CK(rise)  hold      untested  constant_disabled
U3_cpu/U1_datapath/U1_sfr/U_uart/sbuf_rxd_reg_6_/SI
                                       CK(rise)  setup     untested  constant_disabled
U3_cpu/U1_datapath/U1_sfr/U_uart/sbuf_rxd_reg_6_/SI
                                       CK(rise)  hold      untested  constant_disabled
U3_cpu/U1_datapath/U1_sfr/U_uart/sbuf_rxd_reg_6_/SN(rise)
                                       CK(rise)  setup     untested  constant_disabled
U3_cpu/U1_datapath/U1_sfr/U_uart/sbuf_rxd_reg_6_/SN(rise)
                                       CK(rise)  hold      untested  constant_disabled
U3_cpu/U1_datapath/U1_sfr/U_uart/sbuf_rxd_reg_6_/SN(low)
                                                 min_pulse_width
                                                           untested  constant_disabled
U3_cpu/U1_datapath/U1_sfr/U_uart/sbuf_rxd_reg_7_/RN(rise)
                                       CK(rise)  removal   untested  false_paths
U3_cpu/U1_datapath/U1_sfr/U_uart/sbuf_rxd_reg_7_/RN(rise)
                                       CK(rise)  recovery  untested  false_paths
U3_cpu/U1_datapath/U1_sfr/U_uart/sbuf_rxd_reg_7_/RN(low)
                                                 min_pulse_width
                                                           untested  no_clock
U3_cpu/U1_datapath/U1_sfr/U_uart/sbuf_rxd_reg_7_/SE
                                       CK(rise)  setup     untested  constant_disabled
U3_cpu/U1_datapath/U1_sfr/U_uart/sbuf_rxd_reg_7_/SE
                                       CK(rise)  hold      untested  constant_disabled
U3_cpu/U1_datapath/U1_sfr/U_uart/sbuf_rxd_reg_7_/SI
                                       CK(rise)  setup     untested  constant_disabled
U3_cpu/U1_datapath/U1_sfr/U_uart/sbuf_rxd_reg_7_/SI
                                       CK(rise)  hold      untested  constant_disabled
U3_cpu/U1_datapath/U1_sfr/U_uart/sbuf_rxd_reg_7_/SN(rise)
                                       CK(rise)  setup     untested  constant_disabled
U3_cpu/U1_datapath/U1_sfr/U_uart/sbuf_rxd_reg_7_/SN(rise)
                                       CK(rise)  hold      untested  constant_disabled
U3_cpu/U1_datapath/U1_sfr/U_uart/sbuf_rxd_reg_7_/SN(low)
                                                 min_pulse_width
                                                           untested  constant_disabled
U3_cpu/U1_datapath/U1_sfr/U_uart/sbuf_rxd_tmp_reg_0_/RN(rise)
                                       CK(rise)  removal   untested  false_paths
U3_cpu/U1_datapath/U1_sfr/U_uart/sbuf_rxd_tmp_reg_0_/RN(rise)
                                       CK(rise)  recovery  untested  false_paths
U3_cpu/U1_datapath/U1_sfr/U_uart/sbuf_rxd_tmp_reg_0_/RN(low)
                                                 min_pulse_width
                                                           untested  no_clock
U3_cpu/U1_datapath/U1_sfr/U_uart/sbuf_rxd_tmp_reg_0_/SE
                                       CK(rise)  setup     untested  constant_disabled
U3_cpu/U1_datapath/U1_sfr/U_uart/sbuf_rxd_tmp_reg_0_/SE
                                       CK(rise)  hold      untested  constant_disabled
U3_cpu/U1_datapath/U1_sfr/U_uart/sbuf_rxd_tmp_reg_0_/SI
                                       CK(rise)  setup     untested  constant_disabled
U3_cpu/U1_datapath/U1_sfr/U_uart/sbuf_rxd_tmp_reg_0_/SI
                                       CK(rise)  hold      untested  constant_disabled
U3_cpu/U1_datapath/U1_sfr/U_uart/sbuf_rxd_tmp_reg_0_/SN(rise)
                                       CK(rise)  setup     untested  constant_disabled
U3_cpu/U1_datapath/U1_sfr/U_uart/sbuf_rxd_tmp_reg_0_/SN(rise)
                                       CK(rise)  hold      untested  constant_disabled
U3_cpu/U1_datapath/U1_sfr/U_uart/sbuf_rxd_tmp_reg_0_/SN(low)
                                                 min_pulse_width
                                                           untested  constant_disabled
U3_cpu/U1_datapath/U1_sfr/U_uart/sbuf_rxd_tmp_reg_10_/RN(rise)
                                       CK(rise)  removal   untested  false_paths
U3_cpu/U1_datapath/U1_sfr/U_uart/sbuf_rxd_tmp_reg_10_/RN(rise)
                                       CK(rise)  recovery  untested  false_paths
U3_cpu/U1_datapath/U1_sfr/U_uart/sbuf_rxd_tmp_reg_10_/RN(low)
                                                 min_pulse_width
                                                           untested  no_clock
U3_cpu/U1_datapath/U1_sfr/U_uart/sbuf_rxd_tmp_reg_10_/SE
                                       CK(rise)  setup     untested  constant_disabled
U3_cpu/U1_datapath/U1_sfr/U_uart/sbuf_rxd_tmp_reg_10_/SE
                                       CK(rise)  hold      untested  constant_disabled
U3_cpu/U1_datapath/U1_sfr/U_uart/sbuf_rxd_tmp_reg_10_/SI
                                       CK(rise)  setup     untested  constant_disabled
U3_cpu/U1_datapath/U1_sfr/U_uart/sbuf_rxd_tmp_reg_10_/SI
                                       CK(rise)  hold      untested  constant_disabled
U3_cpu/U1_datapath/U1_sfr/U_uart/sbuf_rxd_tmp_reg_10_/SN(rise)
                                       CK(rise)  setup     untested  constant_disabled
U3_cpu/U1_datapath/U1_sfr/U_uart/sbuf_rxd_tmp_reg_10_/SN(rise)
                                       CK(rise)  hold      untested  constant_disabled
U3_cpu/U1_datapath/U1_sfr/U_uart/sbuf_rxd_tmp_reg_10_/SN(low)
                                                 min_pulse_width
                                                           untested  constant_disabled
U3_cpu/U1_datapath/U1_sfr/U_uart/sbuf_rxd_tmp_reg_11_/RN(rise)
                                       CK(rise)  removal   untested  false_paths
U3_cpu/U1_datapath/U1_sfr/U_uart/sbuf_rxd_tmp_reg_11_/RN(rise)
                                       CK(rise)  recovery  untested  false_paths
U3_cpu/U1_datapath/U1_sfr/U_uart/sbuf_rxd_tmp_reg_11_/RN(low)
                                                 min_pulse_width
                                                           untested  no_clock
U3_cpu/U1_datapath/U1_sfr/U_uart/sbuf_rxd_tmp_reg_11_/SE
                                       CK(rise)  setup     untested  constant_disabled
U3_cpu/U1_datapath/U1_sfr/U_uart/sbuf_rxd_tmp_reg_11_/SE
                                       CK(rise)  hold      untested  constant_disabled
U3_cpu/U1_datapath/U1_sfr/U_uart/sbuf_rxd_tmp_reg_11_/SI
                                       CK(rise)  setup     untested  constant_disabled
U3_cpu/U1_datapath/U1_sfr/U_uart/sbuf_rxd_tmp_reg_11_/SI
                                       CK(rise)  hold      untested  constant_disabled
U3_cpu/U1_datapath/U1_sfr/U_uart/sbuf_rxd_tmp_reg_11_/SN(rise)
                                       CK(rise)  setup     untested  constant_disabled
U3_cpu/U1_datapath/U1_sfr/U_uart/sbuf_rxd_tmp_reg_11_/SN(rise)
                                       CK(rise)  hold      untested  constant_disabled
U3_cpu/U1_datapath/U1_sfr/U_uart/sbuf_rxd_tmp_reg_11_/SN(low)
                                                 min_pulse_width
                                                           untested  constant_disabled
U3_cpu/U1_datapath/U1_sfr/U_uart/sbuf_rxd_tmp_reg_1_/RN(rise)
                                       CK(rise)  removal   untested  false_paths
U3_cpu/U1_datapath/U1_sfr/U_uart/sbuf_rxd_tmp_reg_1_/RN(rise)
                                       CK(rise)  recovery  untested  false_paths
U3_cpu/U1_datapath/U1_sfr/U_uart/sbuf_rxd_tmp_reg_1_/RN(low)
                                                 min_pulse_width
                                                           untested  no_clock
U3_cpu/U1_datapath/U1_sfr/U_uart/sbuf_rxd_tmp_reg_1_/SE
                                       CK(rise)  setup     untested  constant_disabled
U3_cpu/U1_datapath/U1_sfr/U_uart/sbuf_rxd_tmp_reg_1_/SE
                                       CK(rise)  hold      untested  constant_disabled
U3_cpu/U1_datapath/U1_sfr/U_uart/sbuf_rxd_tmp_reg_1_/SI
                                       CK(rise)  setup     untested  constant_disabled
U3_cpu/U1_datapath/U1_sfr/U_uart/sbuf_rxd_tmp_reg_1_/SI
                                       CK(rise)  hold      untested  constant_disabled
U3_cpu/U1_datapath/U1_sfr/U_uart/sbuf_rxd_tmp_reg_1_/SN(rise)
                                       CK(rise)  setup     untested  constant_disabled
U3_cpu/U1_datapath/U1_sfr/U_uart/sbuf_rxd_tmp_reg_1_/SN(rise)
                                       CK(rise)  hold      untested  constant_disabled
U3_cpu/U1_datapath/U1_sfr/U_uart/sbuf_rxd_tmp_reg_1_/SN(low)
                                                 min_pulse_width
                                                           untested  constant_disabled
U3_cpu/U1_datapath/U1_sfr/U_uart/sbuf_rxd_tmp_reg_2_/RN(rise)
                                       CK(rise)  removal   untested  false_paths
U3_cpu/U1_datapath/U1_sfr/U_uart/sbuf_rxd_tmp_reg_2_/RN(rise)
                                       CK(rise)  recovery  untested  false_paths
U3_cpu/U1_datapath/U1_sfr/U_uart/sbuf_rxd_tmp_reg_2_/RN(low)
                                                 min_pulse_width
                                                           untested  no_clock
U3_cpu/U1_datapath/U1_sfr/U_uart/sbuf_rxd_tmp_reg_2_/SE
                                       CK(rise)  setup     untested  constant_disabled
U3_cpu/U1_datapath/U1_sfr/U_uart/sbuf_rxd_tmp_reg_2_/SE
                                       CK(rise)  hold      untested  constant_disabled
U3_cpu/U1_datapath/U1_sfr/U_uart/sbuf_rxd_tmp_reg_2_/SI
                                       CK(rise)  setup     untested  constant_disabled
U3_cpu/U1_datapath/U1_sfr/U_uart/sbuf_rxd_tmp_reg_2_/SI
                                       CK(rise)  hold      untested  constant_disabled
U3_cpu/U1_datapath/U1_sfr/U_uart/sbuf_rxd_tmp_reg_2_/SN(rise)
                                       CK(rise)  setup     untested  constant_disabled
U3_cpu/U1_datapath/U1_sfr/U_uart/sbuf_rxd_tmp_reg_2_/SN(rise)
                                       CK(rise)  hold      untested  constant_disabled
U3_cpu/U1_datapath/U1_sfr/U_uart/sbuf_rxd_tmp_reg_2_/SN(low)
                                                 min_pulse_width
                                                           untested  constant_disabled
U3_cpu/U1_datapath/U1_sfr/U_uart/sbuf_rxd_tmp_reg_3_/RN(rise)
                                       CK(rise)  removal   untested  false_paths
U3_cpu/U1_datapath/U1_sfr/U_uart/sbuf_rxd_tmp_reg_3_/RN(rise)
                                       CK(rise)  recovery  untested  false_paths
U3_cpu/U1_datapath/U1_sfr/U_uart/sbuf_rxd_tmp_reg_3_/RN(low)
                                                 min_pulse_width
                                                           untested  no_clock
U3_cpu/U1_datapath/U1_sfr/U_uart/sbuf_rxd_tmp_reg_3_/SE
                                       CK(rise)  setup     untested  constant_disabled
U3_cpu/U1_datapath/U1_sfr/U_uart/sbuf_rxd_tmp_reg_3_/SE
                                       CK(rise)  hold      untested  constant_disabled
U3_cpu/U1_datapath/U1_sfr/U_uart/sbuf_rxd_tmp_reg_3_/SI
                                       CK(rise)  setup     untested  constant_disabled
U3_cpu/U1_datapath/U1_sfr/U_uart/sbuf_rxd_tmp_reg_3_/SI
                                       CK(rise)  hold      untested  constant_disabled
U3_cpu/U1_datapath/U1_sfr/U_uart/sbuf_rxd_tmp_reg_3_/SN(rise)
                                       CK(rise)  setup     untested  constant_disabled
U3_cpu/U1_datapath/U1_sfr/U_uart/sbuf_rxd_tmp_reg_3_/SN(rise)
                                       CK(rise)  hold      untested  constant_disabled
U3_cpu/U1_datapath/U1_sfr/U_uart/sbuf_rxd_tmp_reg_3_/SN(low)
                                                 min_pulse_width
                                                           untested  constant_disabled
U3_cpu/U1_datapath/U1_sfr/U_uart/sbuf_rxd_tmp_reg_4_/RN(rise)
                                       CK(rise)  removal   untested  false_paths
U3_cpu/U1_datapath/U1_sfr/U_uart/sbuf_rxd_tmp_reg_4_/RN(rise)
                                       CK(rise)  recovery  untested  false_paths
U3_cpu/U1_datapath/U1_sfr/U_uart/sbuf_rxd_tmp_reg_4_/RN(low)
                                                 min_pulse_width
                                                           untested  no_clock
U3_cpu/U1_datapath/U1_sfr/U_uart/sbuf_rxd_tmp_reg_4_/SE
                                       CK(rise)  setup     untested  constant_disabled
U3_cpu/U1_datapath/U1_sfr/U_uart/sbuf_rxd_tmp_reg_4_/SE
                                       CK(rise)  hold      untested  constant_disabled
U3_cpu/U1_datapath/U1_sfr/U_uart/sbuf_rxd_tmp_reg_4_/SI
                                       CK(rise)  setup     untested  constant_disabled
U3_cpu/U1_datapath/U1_sfr/U_uart/sbuf_rxd_tmp_reg_4_/SI
                                       CK(rise)  hold      untested  constant_disabled
U3_cpu/U1_datapath/U1_sfr/U_uart/sbuf_rxd_tmp_reg_4_/SN(rise)
                                       CK(rise)  setup     untested  constant_disabled
U3_cpu/U1_datapath/U1_sfr/U_uart/sbuf_rxd_tmp_reg_4_/SN(rise)
                                       CK(rise)  hold      untested  constant_disabled
U3_cpu/U1_datapath/U1_sfr/U_uart/sbuf_rxd_tmp_reg_4_/SN(low)
                                                 min_pulse_width
                                                           untested  constant_disabled
U3_cpu/U1_datapath/U1_sfr/U_uart/sbuf_rxd_tmp_reg_5_/RN(rise)
                                       CK(rise)  removal   untested  false_paths
U3_cpu/U1_datapath/U1_sfr/U_uart/sbuf_rxd_tmp_reg_5_/RN(rise)
                                       CK(rise)  recovery  untested  false_paths
U3_cpu/U1_datapath/U1_sfr/U_uart/sbuf_rxd_tmp_reg_5_/RN(low)
                                                 min_pulse_width
                                                           untested  no_clock
U3_cpu/U1_datapath/U1_sfr/U_uart/sbuf_rxd_tmp_reg_5_/SE
                                       CK(rise)  setup     untested  constant_disabled
U3_cpu/U1_datapath/U1_sfr/U_uart/sbuf_rxd_tmp_reg_5_/SE
                                       CK(rise)  hold      untested  constant_disabled
U3_cpu/U1_datapath/U1_sfr/U_uart/sbuf_rxd_tmp_reg_5_/SI
                                       CK(rise)  setup     untested  constant_disabled
U3_cpu/U1_datapath/U1_sfr/U_uart/sbuf_rxd_tmp_reg_5_/SI
                                       CK(rise)  hold      untested  constant_disabled
U3_cpu/U1_datapath/U1_sfr/U_uart/sbuf_rxd_tmp_reg_5_/SN(rise)
                                       CK(rise)  setup     untested  constant_disabled
U3_cpu/U1_datapath/U1_sfr/U_uart/sbuf_rxd_tmp_reg_5_/SN(rise)
                                       CK(rise)  hold      untested  constant_disabled
U3_cpu/U1_datapath/U1_sfr/U_uart/sbuf_rxd_tmp_reg_5_/SN(low)
                                                 min_pulse_width
                                                           untested  constant_disabled
U3_cpu/U1_datapath/U1_sfr/U_uart/sbuf_rxd_tmp_reg_6_/RN(rise)
                                       CK(rise)  removal   untested  false_paths
U3_cpu/U1_datapath/U1_sfr/U_uart/sbuf_rxd_tmp_reg_6_/RN(rise)
                                       CK(rise)  recovery  untested  false_paths
U3_cpu/U1_datapath/U1_sfr/U_uart/sbuf_rxd_tmp_reg_6_/RN(low)
                                                 min_pulse_width
                                                           untested  no_clock
U3_cpu/U1_datapath/U1_sfr/U_uart/sbuf_rxd_tmp_reg_6_/SE
                                       CK(rise)  setup     untested  constant_disabled
U3_cpu/U1_datapath/U1_sfr/U_uart/sbuf_rxd_tmp_reg_6_/SE
                                       CK(rise)  hold      untested  constant_disabled
U3_cpu/U1_datapath/U1_sfr/U_uart/sbuf_rxd_tmp_reg_6_/SI
                                       CK(rise)  setup     untested  constant_disabled
U3_cpu/U1_datapath/U1_sfr/U_uart/sbuf_rxd_tmp_reg_6_/SI
                                       CK(rise)  hold      untested  constant_disabled
U3_cpu/U1_datapath/U1_sfr/U_uart/sbuf_rxd_tmp_reg_6_/SN(rise)
                                       CK(rise)  setup     untested  constant_disabled
U3_cpu/U1_datapath/U1_sfr/U_uart/sbuf_rxd_tmp_reg_6_/SN(rise)
                                       CK(rise)  hold      untested  constant_disabled
U3_cpu/U1_datapath/U1_sfr/U_uart/sbuf_rxd_tmp_reg_6_/SN(low)
                                                 min_pulse_width
                                                           untested  constant_disabled
U3_cpu/U1_datapath/U1_sfr/U_uart/sbuf_rxd_tmp_reg_7_/RN(rise)
                                       CK(rise)  removal   untested  false_paths
U3_cpu/U1_datapath/U1_sfr/U_uart/sbuf_rxd_tmp_reg_7_/RN(rise)
                                       CK(rise)  recovery  untested  false_paths
U3_cpu/U1_datapath/U1_sfr/U_uart/sbuf_rxd_tmp_reg_7_/RN(low)
                                                 min_pulse_width
                                                           untested  no_clock
U3_cpu/U1_datapath/U1_sfr/U_uart/sbuf_rxd_tmp_reg_7_/SE
                                       CK(rise)  setup     untested  constant_disabled
U3_cpu/U1_datapath/U1_sfr/U_uart/sbuf_rxd_tmp_reg_7_/SE
                                       CK(rise)  hold      untested  constant_disabled
U3_cpu/U1_datapath/U1_sfr/U_uart/sbuf_rxd_tmp_reg_7_/SI
                                       CK(rise)  setup     untested  constant_disabled
U3_cpu/U1_datapath/U1_sfr/U_uart/sbuf_rxd_tmp_reg_7_/SI
                                       CK(rise)  hold      untested  constant_disabled
U3_cpu/U1_datapath/U1_sfr/U_uart/sbuf_rxd_tmp_reg_7_/SN(rise)
                                       CK(rise)  setup     untested  constant_disabled
U3_cpu/U1_datapath/U1_sfr/U_uart/sbuf_rxd_tmp_reg_7_/SN(rise)
                                       CK(rise)  hold      untested  constant_disabled
U3_cpu/U1_datapath/U1_sfr/U_uart/sbuf_rxd_tmp_reg_7_/SN(low)
                                                 min_pulse_width
                                                           untested  constant_disabled
U3_cpu/U1_datapath/U1_sfr/U_uart/sbuf_rxd_tmp_reg_8_/RN(rise)
                                       CK(rise)  removal   untested  false_paths
U3_cpu/U1_datapath/U1_sfr/U_uart/sbuf_rxd_tmp_reg_8_/RN(rise)
                                       CK(rise)  recovery  untested  false_paths
U3_cpu/U1_datapath/U1_sfr/U_uart/sbuf_rxd_tmp_reg_8_/RN(low)
                                                 min_pulse_width
                                                           untested  no_clock
U3_cpu/U1_datapath/U1_sfr/U_uart/sbuf_rxd_tmp_reg_8_/SE
                                       CK(rise)  setup     untested  constant_disabled
U3_cpu/U1_datapath/U1_sfr/U_uart/sbuf_rxd_tmp_reg_8_/SE
                                       CK(rise)  hold      untested  constant_disabled
U3_cpu/U1_datapath/U1_sfr/U_uart/sbuf_rxd_tmp_reg_8_/SI
                                       CK(rise)  setup     untested  constant_disabled
U3_cpu/U1_datapath/U1_sfr/U_uart/sbuf_rxd_tmp_reg_8_/SI
                                       CK(rise)  hold      untested  constant_disabled
U3_cpu/U1_datapath/U1_sfr/U_uart/sbuf_rxd_tmp_reg_8_/SN(rise)
                                       CK(rise)  setup     untested  constant_disabled
U3_cpu/U1_datapath/U1_sfr/U_uart/sbuf_rxd_tmp_reg_8_/SN(rise)
                                       CK(rise)  hold      untested  constant_disabled
U3_cpu/U1_datapath/U1_sfr/U_uart/sbuf_rxd_tmp_reg_8_/SN(low)
                                                 min_pulse_width
                                                           untested  constant_disabled
U3_cpu/U1_datapath/U1_sfr/U_uart/sbuf_rxd_tmp_reg_9_/RN(rise)
                                       CK(rise)  removal   untested  false_paths
U3_cpu/U1_datapath/U1_sfr/U_uart/sbuf_rxd_tmp_reg_9_/RN(rise)
                                       CK(rise)  recovery  untested  false_paths
U3_cpu/U1_datapath/U1_sfr/U_uart/sbuf_rxd_tmp_reg_9_/RN(low)
                                                 min_pulse_width
                                                           untested  no_clock
U3_cpu/U1_datapath/U1_sfr/U_uart/sbuf_rxd_tmp_reg_9_/SE
                                       CK(rise)  setup     untested  constant_disabled
U3_cpu/U1_datapath/U1_sfr/U_uart/sbuf_rxd_tmp_reg_9_/SE
                                       CK(rise)  hold      untested  constant_disabled
U3_cpu/U1_datapath/U1_sfr/U_uart/sbuf_rxd_tmp_reg_9_/SI
                                       CK(rise)  setup     untested  constant_disabled
U3_cpu/U1_datapath/U1_sfr/U_uart/sbuf_rxd_tmp_reg_9_/SI
                                       CK(rise)  hold      untested  constant_disabled
U3_cpu/U1_datapath/U1_sfr/U_uart/sbuf_rxd_tmp_reg_9_/SN(rise)
                                       CK(rise)  setup     untested  constant_disabled
U3_cpu/U1_datapath/U1_sfr/U_uart/sbuf_rxd_tmp_reg_9_/SN(rise)
                                       CK(rise)  hold      untested  constant_disabled
U3_cpu/U1_datapath/U1_sfr/U_uart/sbuf_rxd_tmp_reg_9_/SN(low)
                                                 min_pulse_width
                                                           untested  constant_disabled
U3_cpu/U1_datapath/U1_sfr/U_uart/sbuf_txd_reg_0_/RN(rise)
                                       CK(rise)  removal   untested  false_paths
U3_cpu/U1_datapath/U1_sfr/U_uart/sbuf_txd_reg_0_/RN(rise)
                                       CK(rise)  recovery  untested  false_paths
U3_cpu/U1_datapath/U1_sfr/U_uart/sbuf_txd_reg_0_/RN(low)
                                                 min_pulse_width
                                                           untested  no_clock
U3_cpu/U1_datapath/U1_sfr/U_uart/sbuf_txd_reg_0_/SE
                                       CK(rise)  setup     untested  constant_disabled
U3_cpu/U1_datapath/U1_sfr/U_uart/sbuf_txd_reg_0_/SE
                                       CK(rise)  hold      untested  constant_disabled
U3_cpu/U1_datapath/U1_sfr/U_uart/sbuf_txd_reg_0_/SI
                                       CK(rise)  setup     untested  constant_disabled
U3_cpu/U1_datapath/U1_sfr/U_uart/sbuf_txd_reg_0_/SI
                                       CK(rise)  hold      untested  constant_disabled
U3_cpu/U1_datapath/U1_sfr/U_uart/sbuf_txd_reg_0_/SN(rise)
                                       CK(rise)  setup     untested  constant_disabled
U3_cpu/U1_datapath/U1_sfr/U_uart/sbuf_txd_reg_0_/SN(rise)
                                       CK(rise)  hold      untested  constant_disabled
U3_cpu/U1_datapath/U1_sfr/U_uart/sbuf_txd_reg_0_/SN(low)
                                                 min_pulse_width
                                                           untested  constant_disabled
U3_cpu/U1_datapath/U1_sfr/U_uart/sbuf_txd_reg_10_/RN(rise)
                                       CK(rise)  removal   untested  false_paths
U3_cpu/U1_datapath/U1_sfr/U_uart/sbuf_txd_reg_10_/RN(rise)
                                       CK(rise)  recovery  untested  false_paths
U3_cpu/U1_datapath/U1_sfr/U_uart/sbuf_txd_reg_10_/RN(low)
                                                 min_pulse_width
                                                           untested  no_clock
U3_cpu/U1_datapath/U1_sfr/U_uart/sbuf_txd_reg_10_/SE
                                       CK(rise)  setup     untested  constant_disabled
U3_cpu/U1_datapath/U1_sfr/U_uart/sbuf_txd_reg_10_/SE
                                       CK(rise)  hold      untested  constant_disabled
U3_cpu/U1_datapath/U1_sfr/U_uart/sbuf_txd_reg_10_/SI
                                       CK(rise)  setup     untested  constant_disabled
U3_cpu/U1_datapath/U1_sfr/U_uart/sbuf_txd_reg_10_/SI
                                       CK(rise)  hold      untested  constant_disabled
U3_cpu/U1_datapath/U1_sfr/U_uart/sbuf_txd_reg_10_/SN(rise)
                                       CK(rise)  setup     untested  constant_disabled
U3_cpu/U1_datapath/U1_sfr/U_uart/sbuf_txd_reg_10_/SN(rise)
                                       CK(rise)  hold      untested  constant_disabled
U3_cpu/U1_datapath/U1_sfr/U_uart/sbuf_txd_reg_10_/SN(low)
                                                 min_pulse_width
                                                           untested  constant_disabled
U3_cpu/U1_datapath/U1_sfr/U_uart/sbuf_txd_reg_1_/RN(rise)
                                       CK(rise)  removal   untested  false_paths
U3_cpu/U1_datapath/U1_sfr/U_uart/sbuf_txd_reg_1_/RN(rise)
                                       CK(rise)  recovery  untested  false_paths
U3_cpu/U1_datapath/U1_sfr/U_uart/sbuf_txd_reg_1_/RN(low)
                                                 min_pulse_width
                                                           untested  no_clock
U3_cpu/U1_datapath/U1_sfr/U_uart/sbuf_txd_reg_1_/SE
                                       CK(rise)  setup     untested  constant_disabled
U3_cpu/U1_datapath/U1_sfr/U_uart/sbuf_txd_reg_1_/SE
                                       CK(rise)  hold      untested  constant_disabled
U3_cpu/U1_datapath/U1_sfr/U_uart/sbuf_txd_reg_1_/SI
                                       CK(rise)  setup     untested  constant_disabled
U3_cpu/U1_datapath/U1_sfr/U_uart/sbuf_txd_reg_1_/SI
                                       CK(rise)  hold      untested  constant_disabled
U3_cpu/U1_datapath/U1_sfr/U_uart/sbuf_txd_reg_1_/SN(rise)
                                       CK(rise)  setup     untested  constant_disabled
U3_cpu/U1_datapath/U1_sfr/U_uart/sbuf_txd_reg_1_/SN(rise)
                                       CK(rise)  hold      untested  constant_disabled
U3_cpu/U1_datapath/U1_sfr/U_uart/sbuf_txd_reg_1_/SN(low)
                                                 min_pulse_width
                                                           untested  constant_disabled
U3_cpu/U1_datapath/U1_sfr/U_uart/sbuf_txd_reg_2_/RN(rise)
                                       CK(rise)  removal   untested  false_paths
U3_cpu/U1_datapath/U1_sfr/U_uart/sbuf_txd_reg_2_/RN(rise)
                                       CK(rise)  recovery  untested  false_paths
U3_cpu/U1_datapath/U1_sfr/U_uart/sbuf_txd_reg_2_/RN(low)
                                                 min_pulse_width
                                                           untested  no_clock
U3_cpu/U1_datapath/U1_sfr/U_uart/sbuf_txd_reg_2_/SE
                                       CK(rise)  setup     untested  constant_disabled
U3_cpu/U1_datapath/U1_sfr/U_uart/sbuf_txd_reg_2_/SE
                                       CK(rise)  hold      untested  constant_disabled
U3_cpu/U1_datapath/U1_sfr/U_uart/sbuf_txd_reg_2_/SI
                                       CK(rise)  setup     untested  constant_disabled
U3_cpu/U1_datapath/U1_sfr/U_uart/sbuf_txd_reg_2_/SI
                                       CK(rise)  hold      untested  constant_disabled
U3_cpu/U1_datapath/U1_sfr/U_uart/sbuf_txd_reg_2_/SN(rise)
                                       CK(rise)  setup     untested  constant_disabled
U3_cpu/U1_datapath/U1_sfr/U_uart/sbuf_txd_reg_2_/SN(rise)
                                       CK(rise)  hold      untested  constant_disabled
U3_cpu/U1_datapath/U1_sfr/U_uart/sbuf_txd_reg_2_/SN(low)
                                                 min_pulse_width
                                                           untested  constant_disabled
U3_cpu/U1_datapath/U1_sfr/U_uart/sbuf_txd_reg_3_/RN(rise)
                                       CK(rise)  removal   untested  false_paths
U3_cpu/U1_datapath/U1_sfr/U_uart/sbuf_txd_reg_3_/RN(rise)
                                       CK(rise)  recovery  untested  false_paths
U3_cpu/U1_datapath/U1_sfr/U_uart/sbuf_txd_reg_3_/RN(low)
                                                 min_pulse_width
                                                           untested  no_clock
U3_cpu/U1_datapath/U1_sfr/U_uart/sbuf_txd_reg_3_/SE
                                       CK(rise)  setup     untested  constant_disabled
U3_cpu/U1_datapath/U1_sfr/U_uart/sbuf_txd_reg_3_/SE
                                       CK(rise)  hold      untested  constant_disabled
U3_cpu/U1_datapath/U1_sfr/U_uart/sbuf_txd_reg_3_/SI
                                       CK(rise)  setup     untested  constant_disabled
U3_cpu/U1_datapath/U1_sfr/U_uart/sbuf_txd_reg_3_/SI
                                       CK(rise)  hold      untested  constant_disabled
U3_cpu/U1_datapath/U1_sfr/U_uart/sbuf_txd_reg_3_/SN(rise)
                                       CK(rise)  setup     untested  constant_disabled
U3_cpu/U1_datapath/U1_sfr/U_uart/sbuf_txd_reg_3_/SN(rise)
                                       CK(rise)  hold      untested  constant_disabled
U3_cpu/U1_datapath/U1_sfr/U_uart/sbuf_txd_reg_3_/SN(low)
                                                 min_pulse_width
                                                           untested  constant_disabled
U3_cpu/U1_datapath/U1_sfr/U_uart/sbuf_txd_reg_4_/RN(rise)
                                       CK(rise)  removal   untested  false_paths
U3_cpu/U1_datapath/U1_sfr/U_uart/sbuf_txd_reg_4_/RN(rise)
                                       CK(rise)  recovery  untested  false_paths
U3_cpu/U1_datapath/U1_sfr/U_uart/sbuf_txd_reg_4_/RN(low)
                                                 min_pulse_width
                                                           untested  no_clock
U3_cpu/U1_datapath/U1_sfr/U_uart/sbuf_txd_reg_4_/SE
                                       CK(rise)  setup     untested  constant_disabled
U3_cpu/U1_datapath/U1_sfr/U_uart/sbuf_txd_reg_4_/SE
                                       CK(rise)  hold      untested  constant_disabled
U3_cpu/U1_datapath/U1_sfr/U_uart/sbuf_txd_reg_4_/SI
                                       CK(rise)  setup     untested  constant_disabled
U3_cpu/U1_datapath/U1_sfr/U_uart/sbuf_txd_reg_4_/SI
                                       CK(rise)  hold      untested  constant_disabled
U3_cpu/U1_datapath/U1_sfr/U_uart/sbuf_txd_reg_4_/SN(rise)
                                       CK(rise)  setup     untested  constant_disabled
U3_cpu/U1_datapath/U1_sfr/U_uart/sbuf_txd_reg_4_/SN(rise)
                                       CK(rise)  hold      untested  constant_disabled
U3_cpu/U1_datapath/U1_sfr/U_uart/sbuf_txd_reg_4_/SN(low)
                                                 min_pulse_width
                                                           untested  constant_disabled
U3_cpu/U1_datapath/U1_sfr/U_uart/sbuf_txd_reg_5_/RN(rise)
                                       CK(rise)  removal   untested  false_paths
U3_cpu/U1_datapath/U1_sfr/U_uart/sbuf_txd_reg_5_/RN(rise)
                                       CK(rise)  recovery  untested  false_paths
U3_cpu/U1_datapath/U1_sfr/U_uart/sbuf_txd_reg_5_/RN(low)
                                                 min_pulse_width
                                                           untested  no_clock
U3_cpu/U1_datapath/U1_sfr/U_uart/sbuf_txd_reg_5_/SE
                                       CK(rise)  setup     untested  constant_disabled
U3_cpu/U1_datapath/U1_sfr/U_uart/sbuf_txd_reg_5_/SE
                                       CK(rise)  hold      untested  constant_disabled
U3_cpu/U1_datapath/U1_sfr/U_uart/sbuf_txd_reg_5_/SI
                                       CK(rise)  setup     untested  constant_disabled
U3_cpu/U1_datapath/U1_sfr/U_uart/sbuf_txd_reg_5_/SI
                                       CK(rise)  hold      untested  constant_disabled
U3_cpu/U1_datapath/U1_sfr/U_uart/sbuf_txd_reg_5_/SN(rise)
                                       CK(rise)  setup     untested  constant_disabled
U3_cpu/U1_datapath/U1_sfr/U_uart/sbuf_txd_reg_5_/SN(rise)
                                       CK(rise)  hold      untested  constant_disabled
U3_cpu/U1_datapath/U1_sfr/U_uart/sbuf_txd_reg_5_/SN(low)
                                                 min_pulse_width
                                                           untested  constant_disabled
U3_cpu/U1_datapath/U1_sfr/U_uart/sbuf_txd_reg_6_/RN(rise)
                                       CK(rise)  removal   untested  false_paths
U3_cpu/U1_datapath/U1_sfr/U_uart/sbuf_txd_reg_6_/RN(rise)
                                       CK(rise)  recovery  untested  false_paths
U3_cpu/U1_datapath/U1_sfr/U_uart/sbuf_txd_reg_6_/RN(low)
                                                 min_pulse_width
                                                           untested  no_clock
U3_cpu/U1_datapath/U1_sfr/U_uart/sbuf_txd_reg_6_/SE
                                       CK(rise)  setup     untested  constant_disabled
U3_cpu/U1_datapath/U1_sfr/U_uart/sbuf_txd_reg_6_/SE
                                       CK(rise)  hold      untested  constant_disabled
U3_cpu/U1_datapath/U1_sfr/U_uart/sbuf_txd_reg_6_/SI
                                       CK(rise)  setup     untested  constant_disabled
U3_cpu/U1_datapath/U1_sfr/U_uart/sbuf_txd_reg_6_/SI
                                       CK(rise)  hold      untested  constant_disabled
U3_cpu/U1_datapath/U1_sfr/U_uart/sbuf_txd_reg_6_/SN(rise)
                                       CK(rise)  setup     untested  constant_disabled
U3_cpu/U1_datapath/U1_sfr/U_uart/sbuf_txd_reg_6_/SN(rise)
                                       CK(rise)  hold      untested  constant_disabled
U3_cpu/U1_datapath/U1_sfr/U_uart/sbuf_txd_reg_6_/SN(low)
                                                 min_pulse_width
                                                           untested  constant_disabled
U3_cpu/U1_datapath/U1_sfr/U_uart/sbuf_txd_reg_7_/RN(rise)
                                       CK(rise)  removal   untested  false_paths
U3_cpu/U1_datapath/U1_sfr/U_uart/sbuf_txd_reg_7_/RN(rise)
                                       CK(rise)  recovery  untested  false_paths
U3_cpu/U1_datapath/U1_sfr/U_uart/sbuf_txd_reg_7_/RN(low)
                                                 min_pulse_width
                                                           untested  no_clock
U3_cpu/U1_datapath/U1_sfr/U_uart/sbuf_txd_reg_7_/SE
                                       CK(rise)  setup     untested  constant_disabled
U3_cpu/U1_datapath/U1_sfr/U_uart/sbuf_txd_reg_7_/SE
                                       CK(rise)  hold      untested  constant_disabled
U3_cpu/U1_datapath/U1_sfr/U_uart/sbuf_txd_reg_7_/SI
                                       CK(rise)  setup     untested  constant_disabled
U3_cpu/U1_datapath/U1_sfr/U_uart/sbuf_txd_reg_7_/SI
                                       CK(rise)  hold      untested  constant_disabled
U3_cpu/U1_datapath/U1_sfr/U_uart/sbuf_txd_reg_7_/SN(rise)
                                       CK(rise)  setup     untested  constant_disabled
U3_cpu/U1_datapath/U1_sfr/U_uart/sbuf_txd_reg_7_/SN(rise)
                                       CK(rise)  hold      untested  constant_disabled
U3_cpu/U1_datapath/U1_sfr/U_uart/sbuf_txd_reg_7_/SN(low)
                                                 min_pulse_width
                                                           untested  constant_disabled
U3_cpu/U1_datapath/U1_sfr/U_uart/sbuf_txd_reg_8_/RN(rise)
                                       CK(rise)  removal   untested  false_paths
U3_cpu/U1_datapath/U1_sfr/U_uart/sbuf_txd_reg_8_/RN(rise)
                                       CK(rise)  recovery  untested  false_paths
U3_cpu/U1_datapath/U1_sfr/U_uart/sbuf_txd_reg_8_/RN(low)
                                                 min_pulse_width
                                                           untested  no_clock
U3_cpu/U1_datapath/U1_sfr/U_uart/sbuf_txd_reg_8_/SE
                                       CK(rise)  setup     untested  constant_disabled
U3_cpu/U1_datapath/U1_sfr/U_uart/sbuf_txd_reg_8_/SE
                                       CK(rise)  hold      untested  constant_disabled
U3_cpu/U1_datapath/U1_sfr/U_uart/sbuf_txd_reg_8_/SI
                                       CK(rise)  setup     untested  constant_disabled
U3_cpu/U1_datapath/U1_sfr/U_uart/sbuf_txd_reg_8_/SI
                                       CK(rise)  hold      untested  constant_disabled
U3_cpu/U1_datapath/U1_sfr/U_uart/sbuf_txd_reg_8_/SN(rise)
                                       CK(rise)  setup     untested  constant_disabled
U3_cpu/U1_datapath/U1_sfr/U_uart/sbuf_txd_reg_8_/SN(rise)
                                       CK(rise)  hold      untested  constant_disabled
U3_cpu/U1_datapath/U1_sfr/U_uart/sbuf_txd_reg_8_/SN(low)
                                                 min_pulse_width
                                                           untested  constant_disabled
U3_cpu/U1_datapath/U1_sfr/U_uart/sbuf_txd_reg_9_/RN(rise)
                                       CK(rise)  removal   untested  false_paths
U3_cpu/U1_datapath/U1_sfr/U_uart/sbuf_txd_reg_9_/RN(rise)
                                       CK(rise)  recovery  untested  false_paths
U3_cpu/U1_datapath/U1_sfr/U_uart/sbuf_txd_reg_9_/RN(low)
                                                 min_pulse_width
                                                           untested  no_clock
U3_cpu/U1_datapath/U1_sfr/U_uart/sbuf_txd_reg_9_/SE
                                       CK(rise)  setup     untested  constant_disabled
U3_cpu/U1_datapath/U1_sfr/U_uart/sbuf_txd_reg_9_/SE
                                       CK(rise)  hold      untested  constant_disabled
U3_cpu/U1_datapath/U1_sfr/U_uart/sbuf_txd_reg_9_/SI
                                       CK(rise)  setup     untested  constant_disabled
U3_cpu/U1_datapath/U1_sfr/U_uart/sbuf_txd_reg_9_/SI
                                       CK(rise)  hold      untested  constant_disabled
U3_cpu/U1_datapath/U1_sfr/U_uart/sbuf_txd_reg_9_/SN(rise)
                                       CK(rise)  setup     untested  constant_disabled
U3_cpu/U1_datapath/U1_sfr/U_uart/sbuf_txd_reg_9_/SN(rise)
                                       CK(rise)  hold      untested  constant_disabled
U3_cpu/U1_datapath/U1_sfr/U_uart/sbuf_txd_reg_9_/SN(low)
                                                 min_pulse_width
                                                           untested  constant_disabled
U3_cpu/U1_datapath/U1_sfr/U_uart/scon_reg_0_/RN(rise)
                                       CK(rise)  removal   untested  false_paths
U3_cpu/U1_datapath/U1_sfr/U_uart/scon_reg_0_/RN(rise)
                                       CK(rise)  recovery  untested  false_paths
U3_cpu/U1_datapath/U1_sfr/U_uart/scon_reg_0_/RN(low)
                                                 min_pulse_width
                                                           untested  no_clock
U3_cpu/U1_datapath/U1_sfr/U_uart/scon_reg_0_/SE
                                       CK(rise)  setup     untested  constant_disabled
U3_cpu/U1_datapath/U1_sfr/U_uart/scon_reg_0_/SE
                                       CK(rise)  hold      untested  constant_disabled
U3_cpu/U1_datapath/U1_sfr/U_uart/scon_reg_0_/SI
                                       CK(rise)  setup     untested  constant_disabled
U3_cpu/U1_datapath/U1_sfr/U_uart/scon_reg_0_/SI
                                       CK(rise)  hold      untested  constant_disabled
U3_cpu/U1_datapath/U1_sfr/U_uart/scon_reg_0_/SN(rise)
                                       CK(rise)  setup     untested  constant_disabled
U3_cpu/U1_datapath/U1_sfr/U_uart/scon_reg_0_/SN(rise)
                                       CK(rise)  hold      untested  constant_disabled
U3_cpu/U1_datapath/U1_sfr/U_uart/scon_reg_0_/SN(low)
                                                 min_pulse_width
                                                           untested  constant_disabled
U3_cpu/U1_datapath/U1_sfr/U_uart/scon_reg_1_/RN(rise)
                                       CK(rise)  removal   untested  false_paths
U3_cpu/U1_datapath/U1_sfr/U_uart/scon_reg_1_/RN(rise)
                                       CK(rise)  recovery  untested  false_paths
U3_cpu/U1_datapath/U1_sfr/U_uart/scon_reg_1_/RN(low)
                                                 min_pulse_width
                                                           untested  no_clock
U3_cpu/U1_datapath/U1_sfr/U_uart/scon_reg_1_/SE
                                       CK(rise)  setup     untested  constant_disabled
U3_cpu/U1_datapath/U1_sfr/U_uart/scon_reg_1_/SE
                                       CK(rise)  hold      untested  constant_disabled
U3_cpu/U1_datapath/U1_sfr/U_uart/scon_reg_1_/SI
                                       CK(rise)  setup     untested  constant_disabled
U3_cpu/U1_datapath/U1_sfr/U_uart/scon_reg_1_/SI
                                       CK(rise)  hold      untested  constant_disabled
U3_cpu/U1_datapath/U1_sfr/U_uart/scon_reg_1_/SN(rise)
                                       CK(rise)  setup     untested  constant_disabled
U3_cpu/U1_datapath/U1_sfr/U_uart/scon_reg_1_/SN(rise)
                                       CK(rise)  hold      untested  constant_disabled
U3_cpu/U1_datapath/U1_sfr/U_uart/scon_reg_1_/SN(low)
                                                 min_pulse_width
                                                           untested  constant_disabled
U3_cpu/U1_datapath/U1_sfr/U_uart/scon_reg_2_/RN(rise)
                                       CK(rise)  removal   untested  false_paths
U3_cpu/U1_datapath/U1_sfr/U_uart/scon_reg_2_/RN(rise)
                                       CK(rise)  recovery  untested  false_paths
U3_cpu/U1_datapath/U1_sfr/U_uart/scon_reg_2_/RN(low)
                                                 min_pulse_width
                                                           untested  no_clock
U3_cpu/U1_datapath/U1_sfr/U_uart/scon_reg_2_/SE
                                       CK(rise)  setup     untested  constant_disabled
U3_cpu/U1_datapath/U1_sfr/U_uart/scon_reg_2_/SE
                                       CK(rise)  hold      untested  constant_disabled
U3_cpu/U1_datapath/U1_sfr/U_uart/scon_reg_2_/SI
                                       CK(rise)  setup     untested  constant_disabled
U3_cpu/U1_datapath/U1_sfr/U_uart/scon_reg_2_/SI
                                       CK(rise)  hold      untested  constant_disabled
U3_cpu/U1_datapath/U1_sfr/U_uart/scon_reg_2_/SN(rise)
                                       CK(rise)  setup     untested  constant_disabled
U3_cpu/U1_datapath/U1_sfr/U_uart/scon_reg_2_/SN(rise)
                                       CK(rise)  hold      untested  constant_disabled
U3_cpu/U1_datapath/U1_sfr/U_uart/scon_reg_2_/SN(low)
                                                 min_pulse_width
                                                           untested  constant_disabled
U3_cpu/U1_datapath/U1_sfr/U_uart/scon_reg_3_/RN(rise)
                                       CK(rise)  removal   untested  false_paths
U3_cpu/U1_datapath/U1_sfr/U_uart/scon_reg_3_/RN(rise)
                                       CK(rise)  recovery  untested  false_paths
U3_cpu/U1_datapath/U1_sfr/U_uart/scon_reg_3_/RN(low)
                                                 min_pulse_width
                                                           untested  no_clock
U3_cpu/U1_datapath/U1_sfr/U_uart/scon_reg_3_/SE
                                       CK(rise)  setup     untested  constant_disabled
U3_cpu/U1_datapath/U1_sfr/U_uart/scon_reg_3_/SE
                                       CK(rise)  hold      untested  constant_disabled
U3_cpu/U1_datapath/U1_sfr/U_uart/scon_reg_3_/SI
                                       CK(rise)  setup     untested  constant_disabled
U3_cpu/U1_datapath/U1_sfr/U_uart/scon_reg_3_/SI
                                       CK(rise)  hold      untested  constant_disabled
U3_cpu/U1_datapath/U1_sfr/U_uart/scon_reg_3_/SN(rise)
                                       CK(rise)  setup     untested  constant_disabled
U3_cpu/U1_datapath/U1_sfr/U_uart/scon_reg_3_/SN(rise)
                                       CK(rise)  hold      untested  constant_disabled
U3_cpu/U1_datapath/U1_sfr/U_uart/scon_reg_3_/SN(low)
                                                 min_pulse_width
                                                           untested  constant_disabled
U3_cpu/U1_datapath/U1_sfr/U_uart/scon_reg_4_/RN(rise)
                                       CK(rise)  removal   untested  false_paths
U3_cpu/U1_datapath/U1_sfr/U_uart/scon_reg_4_/RN(rise)
                                       CK(rise)  recovery  untested  false_paths
U3_cpu/U1_datapath/U1_sfr/U_uart/scon_reg_4_/RN(low)
                                                 min_pulse_width
                                                           untested  no_clock
U3_cpu/U1_datapath/U1_sfr/U_uart/scon_reg_4_/SE
                                       CK(rise)  setup     untested  constant_disabled
U3_cpu/U1_datapath/U1_sfr/U_uart/scon_reg_4_/SE
                                       CK(rise)  hold      untested  constant_disabled
U3_cpu/U1_datapath/U1_sfr/U_uart/scon_reg_4_/SI
                                       CK(rise)  setup     untested  constant_disabled
U3_cpu/U1_datapath/U1_sfr/U_uart/scon_reg_4_/SI
                                       CK(rise)  hold      untested  constant_disabled
U3_cpu/U1_datapath/U1_sfr/U_uart/scon_reg_4_/SN(rise)
                                       CK(rise)  setup     untested  constant_disabled
U3_cpu/U1_datapath/U1_sfr/U_uart/scon_reg_4_/SN(rise)
                                       CK(rise)  hold      untested  constant_disabled
U3_cpu/U1_datapath/U1_sfr/U_uart/scon_reg_4_/SN(low)
                                                 min_pulse_width
                                                           untested  constant_disabled
U3_cpu/U1_datapath/U1_sfr/U_uart/scon_reg_5_/RN(rise)
                                       CK(rise)  removal   untested  false_paths
U3_cpu/U1_datapath/U1_sfr/U_uart/scon_reg_5_/RN(rise)
                                       CK(rise)  recovery  untested  false_paths
U3_cpu/U1_datapath/U1_sfr/U_uart/scon_reg_5_/RN(low)
                                                 min_pulse_width
                                                           untested  no_clock
U3_cpu/U1_datapath/U1_sfr/U_uart/scon_reg_5_/SE
                                       CK(rise)  setup     untested  constant_disabled
U3_cpu/U1_datapath/U1_sfr/U_uart/scon_reg_5_/SE
                                       CK(rise)  hold      untested  constant_disabled
U3_cpu/U1_datapath/U1_sfr/U_uart/scon_reg_5_/SI
                                       CK(rise)  setup     untested  constant_disabled
U3_cpu/U1_datapath/U1_sfr/U_uart/scon_reg_5_/SI
                                       CK(rise)  hold      untested  constant_disabled
U3_cpu/U1_datapath/U1_sfr/U_uart/scon_reg_5_/SN(rise)
                                       CK(rise)  setup     untested  constant_disabled
U3_cpu/U1_datapath/U1_sfr/U_uart/scon_reg_5_/SN(rise)
                                       CK(rise)  hold      untested  constant_disabled
U3_cpu/U1_datapath/U1_sfr/U_uart/scon_reg_5_/SN(low)
                                                 min_pulse_width
                                                           untested  constant_disabled
U3_cpu/U1_datapath/U1_sfr/U_uart/scon_reg_6_/RN(rise)
                                       CK(rise)  removal   untested  false_paths
U3_cpu/U1_datapath/U1_sfr/U_uart/scon_reg_6_/RN(rise)
                                       CK(rise)  recovery  untested  false_paths
U3_cpu/U1_datapath/U1_sfr/U_uart/scon_reg_6_/RN(low)
                                                 min_pulse_width
                                                           untested  no_clock
U3_cpu/U1_datapath/U1_sfr/U_uart/scon_reg_6_/SE
                                       CK(rise)  setup     untested  constant_disabled
U3_cpu/U1_datapath/U1_sfr/U_uart/scon_reg_6_/SE
                                       CK(rise)  hold      untested  constant_disabled
U3_cpu/U1_datapath/U1_sfr/U_uart/scon_reg_6_/SI
                                       CK(rise)  setup     untested  constant_disabled
U3_cpu/U1_datapath/U1_sfr/U_uart/scon_reg_6_/SI
                                       CK(rise)  hold      untested  constant_disabled
U3_cpu/U1_datapath/U1_sfr/U_uart/scon_reg_6_/SN(rise)
                                       CK(rise)  setup     untested  constant_disabled
U3_cpu/U1_datapath/U1_sfr/U_uart/scon_reg_6_/SN(rise)
                                       CK(rise)  hold      untested  constant_disabled
U3_cpu/U1_datapath/U1_sfr/U_uart/scon_reg_6_/SN(low)
                                                 min_pulse_width
                                                           untested  constant_disabled
U3_cpu/U1_datapath/U1_sfr/U_uart/scon_reg_7_/RN(rise)
                                       CK(rise)  removal   untested  false_paths
U3_cpu/U1_datapath/U1_sfr/U_uart/scon_reg_7_/RN(rise)
                                       CK(rise)  recovery  untested  false_paths
U3_cpu/U1_datapath/U1_sfr/U_uart/scon_reg_7_/RN(low)
                                                 min_pulse_width
                                                           untested  no_clock
U3_cpu/U1_datapath/U1_sfr/U_uart/scon_reg_7_/SE
                                       CK(rise)  setup     untested  constant_disabled
U3_cpu/U1_datapath/U1_sfr/U_uart/scon_reg_7_/SE
                                       CK(rise)  hold      untested  constant_disabled
U3_cpu/U1_datapath/U1_sfr/U_uart/scon_reg_7_/SI
                                       CK(rise)  setup     untested  constant_disabled
U3_cpu/U1_datapath/U1_sfr/U_uart/scon_reg_7_/SI
                                       CK(rise)  hold      untested  constant_disabled
U3_cpu/U1_datapath/U1_sfr/U_uart/scon_reg_7_/SN(rise)
                                       CK(rise)  setup     untested  constant_disabled
U3_cpu/U1_datapath/U1_sfr/U_uart/scon_reg_7_/SN(rise)
                                       CK(rise)  hold      untested  constant_disabled
U3_cpu/U1_datapath/U1_sfr/U_uart/scon_reg_7_/SN(low)
                                                 min_pulse_width
                                                           untested  constant_disabled
U3_cpu/U1_datapath/U1_sfr/U_uart/shift12_1_reg/SE
                                       CK(rise)  setup     untested  constant_disabled
U3_cpu/U1_datapath/U1_sfr/U_uart/shift12_1_reg/SE
                                       CK(rise)  hold      untested  constant_disabled
U3_cpu/U1_datapath/U1_sfr/U_uart/shift12_1_reg/SI
                                       CK(rise)  setup     untested  constant_disabled
U3_cpu/U1_datapath/U1_sfr/U_uart/shift12_1_reg/SI
                                       CK(rise)  hold      untested  constant_disabled
U3_cpu/U1_datapath/U1_sfr/U_uart/shift12_1_reg/SN(rise)
                                       CK(rise)  setup     untested  constant_disabled
U3_cpu/U1_datapath/U1_sfr/U_uart/shift12_1_reg/SN(rise)
                                       CK(rise)  hold      untested  constant_disabled
U3_cpu/U1_datapath/U1_sfr/U_uart/shift12_1_reg/SN(low)
                                                 min_pulse_width
                                                           untested  constant_disabled
U3_cpu/U1_datapath/U1_sfr/U_uart/shift_rec_reg/RN(rise)
                                       CK(rise)  removal   untested  false_paths
U3_cpu/U1_datapath/U1_sfr/U_uart/shift_rec_reg/RN(rise)
                                       CK(rise)  recovery  untested  false_paths
U3_cpu/U1_datapath/U1_sfr/U_uart/shift_rec_reg/RN(low)
                                                 min_pulse_width
                                                           untested  no_clock
U3_cpu/U1_datapath/U1_sfr/U_uart/shift_rec_reg/SE
                                       CK(rise)  setup     untested  constant_disabled
U3_cpu/U1_datapath/U1_sfr/U_uart/shift_rec_reg/SE
                                       CK(rise)  hold      untested  constant_disabled
U3_cpu/U1_datapath/U1_sfr/U_uart/shift_rec_reg/SI
                                       CK(rise)  setup     untested  constant_disabled
U3_cpu/U1_datapath/U1_sfr/U_uart/shift_rec_reg/SI
                                       CK(rise)  hold      untested  constant_disabled
U3_cpu/U1_datapath/U1_sfr/U_uart/shift_rec_reg/SN(rise)
                                       CK(rise)  setup     untested  constant_disabled
U3_cpu/U1_datapath/U1_sfr/U_uart/shift_rec_reg/SN(rise)
                                       CK(rise)  hold      untested  constant_disabled
U3_cpu/U1_datapath/U1_sfr/U_uart/shift_rec_reg/SN(low)
                                                 min_pulse_width
                                                           untested  constant_disabled
U3_cpu/U1_datapath/U1_sfr/U_uart/shift_trans_reg/RN(rise)
                                       CK(rise)  removal   untested  false_paths
U3_cpu/U1_datapath/U1_sfr/U_uart/shift_trans_reg/RN(rise)
                                       CK(rise)  recovery  untested  false_paths
U3_cpu/U1_datapath/U1_sfr/U_uart/shift_trans_reg/RN(low)
                                                 min_pulse_width
                                                           untested  no_clock
U3_cpu/U1_datapath/U1_sfr/U_uart/shift_trans_reg/SE
                                       CK(rise)  setup     untested  constant_disabled
U3_cpu/U1_datapath/U1_sfr/U_uart/shift_trans_reg/SE
                                       CK(rise)  hold      untested  constant_disabled
U3_cpu/U1_datapath/U1_sfr/U_uart/shift_trans_reg/SI
                                       CK(rise)  setup     untested  constant_disabled
U3_cpu/U1_datapath/U1_sfr/U_uart/shift_trans_reg/SI
                                       CK(rise)  hold      untested  constant_disabled
U3_cpu/U1_datapath/U1_sfr/U_uart/shift_trans_reg/SN(rise)
                                       CK(rise)  setup     untested  constant_disabled
U3_cpu/U1_datapath/U1_sfr/U_uart/shift_trans_reg/SN(rise)
                                       CK(rise)  hold      untested  constant_disabled
U3_cpu/U1_datapath/U1_sfr/U_uart/shift_trans_reg/SN(low)
                                                 min_pulse_width
                                                           untested  constant_disabled
U3_cpu/U1_datapath/U1_sfr/U_uart/smod_clk_rec_reg/RN(rise)
                                       CK(rise)  removal   untested  false_paths
U3_cpu/U1_datapath/U1_sfr/U_uart/smod_clk_rec_reg/RN(rise)
                                       CK(rise)  recovery  untested  false_paths
U3_cpu/U1_datapath/U1_sfr/U_uart/smod_clk_rec_reg/RN(low)
                                                 min_pulse_width
                                                           untested  no_clock
U3_cpu/U1_datapath/U1_sfr/U_uart/smod_clk_rec_reg/SE
                                       CK(rise)  setup     untested  constant_disabled
U3_cpu/U1_datapath/U1_sfr/U_uart/smod_clk_rec_reg/SE
                                       CK(rise)  hold      untested  constant_disabled
U3_cpu/U1_datapath/U1_sfr/U_uart/smod_clk_rec_reg/SI
                                       CK(rise)  setup     untested  constant_disabled
U3_cpu/U1_datapath/U1_sfr/U_uart/smod_clk_rec_reg/SI
                                       CK(rise)  hold      untested  constant_disabled
U3_cpu/U1_datapath/U1_sfr/U_uart/smod_clk_rec_reg/SN(rise)
                                       CK(rise)  setup     untested  constant_disabled
U3_cpu/U1_datapath/U1_sfr/U_uart/smod_clk_rec_reg/SN(rise)
                                       CK(rise)  hold      untested  constant_disabled
U3_cpu/U1_datapath/U1_sfr/U_uart/smod_clk_rec_reg/SN(low)
                                                 min_pulse_width
                                                           untested  constant_disabled
U3_cpu/U1_datapath/U1_sfr/U_uart/smod_clk_trans_reg/RN(rise)
                                       CK(rise)  removal   untested  false_paths
U3_cpu/U1_datapath/U1_sfr/U_uart/smod_clk_trans_reg/RN(rise)
                                       CK(rise)  recovery  untested  false_paths
U3_cpu/U1_datapath/U1_sfr/U_uart/smod_clk_trans_reg/RN(low)
                                                 min_pulse_width
                                                           untested  no_clock
U3_cpu/U1_datapath/U1_sfr/U_uart/smod_clk_trans_reg/SE
                                       CK(rise)  setup     untested  constant_disabled
U3_cpu/U1_datapath/U1_sfr/U_uart/smod_clk_trans_reg/SE
                                       CK(rise)  hold      untested  constant_disabled
U3_cpu/U1_datapath/U1_sfr/U_uart/smod_clk_trans_reg/SI
                                       CK(rise)  setup     untested  constant_disabled
U3_cpu/U1_datapath/U1_sfr/U_uart/smod_clk_trans_reg/SI
                                       CK(rise)  hold      untested  constant_disabled
U3_cpu/U1_datapath/U1_sfr/U_uart/smod_clk_trans_reg/SN(rise)
                                       CK(rise)  setup     untested  constant_disabled
U3_cpu/U1_datapath/U1_sfr/U_uart/smod_clk_trans_reg/SN(rise)
                                       CK(rise)  hold      untested  constant_disabled
U3_cpu/U1_datapath/U1_sfr/U_uart/smod_clk_trans_reg/SN(low)
                                                 min_pulse_width
                                                           untested  constant_disabled
U3_cpu/U1_datapath/U1_sfr/U_uart/trans1_reg/SE
                                       CK(rise)  setup     untested  constant_disabled
U3_cpu/U1_datapath/U1_sfr/U_uart/trans1_reg/SE
                                       CK(rise)  hold      untested  constant_disabled
U3_cpu/U1_datapath/U1_sfr/U_uart/trans1_reg/SI
                                       CK(rise)  setup     untested  constant_disabled
U3_cpu/U1_datapath/U1_sfr/U_uart/trans1_reg/SI
                                       CK(rise)  hold      untested  constant_disabled
U3_cpu/U1_datapath/U1_sfr/U_uart/trans2_reg/SE
                                       CK(rise)  setup     untested  constant_disabled
U3_cpu/U1_datapath/U1_sfr/U_uart/trans2_reg/SE
                                       CK(rise)  hold      untested  constant_disabled
U3_cpu/U1_datapath/U1_sfr/U_uart/trans2_reg/SI
                                       CK(rise)  setup     untested  constant_disabled
U3_cpu/U1_datapath/U1_sfr/U_uart/trans2_reg/SI
                                       CK(rise)  hold      untested  constant_disabled
U3_cpu/U1_datapath/U1_sfr/U_uart/trans3_reg/SE
                                       CK(rise)  setup     untested  constant_disabled
U3_cpu/U1_datapath/U1_sfr/U_uart/trans3_reg/SE
                                       CK(rise)  hold      untested  constant_disabled
U3_cpu/U1_datapath/U1_sfr/U_uart/trans3_reg/SI
                                       CK(rise)  setup     untested  constant_disabled
U3_cpu/U1_datapath/U1_sfr/U_uart/trans3_reg/SI
                                       CK(rise)  hold      untested  constant_disabled
U3_cpu/U1_datapath/U1_sfr/U_uart/trans3_reg/SN(rise)
                                       CK(rise)  setup     untested  constant_disabled
U3_cpu/U1_datapath/U1_sfr/U_uart/trans3_reg/SN(rise)
                                       CK(rise)  hold      untested  constant_disabled
U3_cpu/U1_datapath/U1_sfr/U_uart/trans3_reg/SN(low)
                                                 min_pulse_width
                                                           untested  constant_disabled
U3_cpu/U1_datapath/U1_sfr/U_uart/trans_cnt_reg_0_/RN(rise)
                                       CK(rise)  removal   untested  false_paths
U3_cpu/U1_datapath/U1_sfr/U_uart/trans_cnt_reg_0_/RN(rise)
                                       CK(rise)  recovery  untested  false_paths
U3_cpu/U1_datapath/U1_sfr/U_uart/trans_cnt_reg_0_/RN(low)
                                                 min_pulse_width
                                                           untested  no_clock
U3_cpu/U1_datapath/U1_sfr/U_uart/trans_cnt_reg_0_/SE
                                       CK(rise)  setup     untested  constant_disabled
U3_cpu/U1_datapath/U1_sfr/U_uart/trans_cnt_reg_0_/SE
                                       CK(rise)  hold      untested  constant_disabled
U3_cpu/U1_datapath/U1_sfr/U_uart/trans_cnt_reg_0_/SI
                                       CK(rise)  setup     untested  constant_disabled
U3_cpu/U1_datapath/U1_sfr/U_uart/trans_cnt_reg_0_/SI
                                       CK(rise)  hold      untested  constant_disabled
U3_cpu/U1_datapath/U1_sfr/U_uart/trans_cnt_reg_0_/SN(rise)
                                       CK(rise)  setup     untested  constant_disabled
U3_cpu/U1_datapath/U1_sfr/U_uart/trans_cnt_reg_0_/SN(rise)
                                       CK(rise)  hold      untested  constant_disabled
U3_cpu/U1_datapath/U1_sfr/U_uart/trans_cnt_reg_0_/SN(low)
                                                 min_pulse_width
                                                           untested  constant_disabled
U3_cpu/U1_datapath/U1_sfr/U_uart/trans_cnt_reg_1_/RN(rise)
                                       CK(rise)  removal   untested  false_paths
U3_cpu/U1_datapath/U1_sfr/U_uart/trans_cnt_reg_1_/RN(rise)
                                       CK(rise)  recovery  untested  false_paths
U3_cpu/U1_datapath/U1_sfr/U_uart/trans_cnt_reg_1_/RN(low)
                                                 min_pulse_width
                                                           untested  no_clock
U3_cpu/U1_datapath/U1_sfr/U_uart/trans_cnt_reg_1_/SE
                                       CK(rise)  setup     untested  constant_disabled
U3_cpu/U1_datapath/U1_sfr/U_uart/trans_cnt_reg_1_/SE
                                       CK(rise)  hold      untested  constant_disabled
U3_cpu/U1_datapath/U1_sfr/U_uart/trans_cnt_reg_1_/SI
                                       CK(rise)  setup     untested  constant_disabled
U3_cpu/U1_datapath/U1_sfr/U_uart/trans_cnt_reg_1_/SI
                                       CK(rise)  hold      untested  constant_disabled
U3_cpu/U1_datapath/U1_sfr/U_uart/trans_cnt_reg_1_/SN(rise)
                                       CK(rise)  setup     untested  constant_disabled
U3_cpu/U1_datapath/U1_sfr/U_uart/trans_cnt_reg_1_/SN(rise)
                                       CK(rise)  hold      untested  constant_disabled
U3_cpu/U1_datapath/U1_sfr/U_uart/trans_cnt_reg_1_/SN(low)
                                                 min_pulse_width
                                                           untested  constant_disabled
U3_cpu/U1_datapath/U1_sfr/U_uart/trans_cnt_reg_2_/RN(rise)
                                       CK(rise)  removal   untested  false_paths
U3_cpu/U1_datapath/U1_sfr/U_uart/trans_cnt_reg_2_/RN(rise)
                                       CK(rise)  recovery  untested  false_paths
U3_cpu/U1_datapath/U1_sfr/U_uart/trans_cnt_reg_2_/RN(low)
                                                 min_pulse_width
                                                           untested  no_clock
U3_cpu/U1_datapath/U1_sfr/U_uart/trans_cnt_reg_2_/SE
                                       CK(rise)  setup     untested  constant_disabled
U3_cpu/U1_datapath/U1_sfr/U_uart/trans_cnt_reg_2_/SE
                                       CK(rise)  hold      untested  constant_disabled
U3_cpu/U1_datapath/U1_sfr/U_uart/trans_cnt_reg_2_/SI
                                       CK(rise)  setup     untested  constant_disabled
U3_cpu/U1_datapath/U1_sfr/U_uart/trans_cnt_reg_2_/SI
                                       CK(rise)  hold      untested  constant_disabled
U3_cpu/U1_datapath/U1_sfr/U_uart/trans_cnt_reg_2_/SN(rise)
                                       CK(rise)  setup     untested  constant_disabled
U3_cpu/U1_datapath/U1_sfr/U_uart/trans_cnt_reg_2_/SN(rise)
                                       CK(rise)  hold      untested  constant_disabled
U3_cpu/U1_datapath/U1_sfr/U_uart/trans_cnt_reg_2_/SN(low)
                                                 min_pulse_width
                                                           untested  constant_disabled
U3_cpu/U1_datapath/U1_sfr/U_uart/trans_cnt_reg_3_/RN(rise)
                                       CK(rise)  removal   untested  false_paths
U3_cpu/U1_datapath/U1_sfr/U_uart/trans_cnt_reg_3_/RN(rise)
                                       CK(rise)  recovery  untested  false_paths
U3_cpu/U1_datapath/U1_sfr/U_uart/trans_cnt_reg_3_/RN(low)
                                                 min_pulse_width
                                                           untested  no_clock
U3_cpu/U1_datapath/U1_sfr/U_uart/trans_cnt_reg_3_/SE
                                       CK(rise)  setup     untested  constant_disabled
U3_cpu/U1_datapath/U1_sfr/U_uart/trans_cnt_reg_3_/SE
                                       CK(rise)  hold      untested  constant_disabled
U3_cpu/U1_datapath/U1_sfr/U_uart/trans_cnt_reg_3_/SI
                                       CK(rise)  setup     untested  constant_disabled
U3_cpu/U1_datapath/U1_sfr/U_uart/trans_cnt_reg_3_/SI
                                       CK(rise)  hold      untested  constant_disabled
U3_cpu/U1_datapath/U1_sfr/U_uart/trans_cnt_reg_3_/SN(rise)
                                       CK(rise)  setup     untested  constant_disabled
U3_cpu/U1_datapath/U1_sfr/U_uart/trans_cnt_reg_3_/SN(rise)
                                       CK(rise)  hold      untested  constant_disabled
U3_cpu/U1_datapath/U1_sfr/U_uart/trans_cnt_reg_3_/SN(low)
                                                 min_pulse_width
                                                           untested  constant_disabled
U3_cpu/U1_datapath/U1_sfr/U_uart/trans_reg/RN(rise)
                                       CK(rise)  removal   untested  false_paths
U3_cpu/U1_datapath/U1_sfr/U_uart/trans_reg/RN(rise)
                                       CK(rise)  recovery  untested  false_paths
U3_cpu/U1_datapath/U1_sfr/U_uart/trans_reg/RN(low)
                                                 min_pulse_width
                                                           untested  no_clock
U3_cpu/U1_datapath/U1_sfr/U_uart/trans_reg/SE
                                       CK(rise)  setup     untested  constant_disabled
U3_cpu/U1_datapath/U1_sfr/U_uart/trans_reg/SE
                                       CK(rise)  hold      untested  constant_disabled
U3_cpu/U1_datapath/U1_sfr/U_uart/trans_reg/SI
                                       CK(rise)  setup     untested  constant_disabled
U3_cpu/U1_datapath/U1_sfr/U_uart/trans_reg/SI
                                       CK(rise)  hold      untested  constant_disabled
U3_cpu/U1_datapath/U1_sfr/U_uart/trans_reg/SN(rise)
                                       CK(rise)  setup     untested  constant_disabled
U3_cpu/U1_datapath/U1_sfr/U_uart/trans_reg/SN(rise)
                                       CK(rise)  hold      untested  constant_disabled
U3_cpu/U1_datapath/U1_sfr/U_uart/trans_reg/SN(low)
                                                 min_pulse_width
                                                           untested  constant_disabled
U3_cpu/U1_datapath/U1_sfr/U_uart/tx_done_reg/RN(rise)
                                       CK(rise)  removal   untested  false_paths
U3_cpu/U1_datapath/U1_sfr/U_uart/tx_done_reg/RN(rise)
                                       CK(rise)  recovery  untested  false_paths
U3_cpu/U1_datapath/U1_sfr/U_uart/tx_done_reg/RN(low)
                                                 min_pulse_width
                                                           untested  no_clock
U3_cpu/U1_datapath/U1_sfr/U_uart/tx_done_reg/SE
                                       CK(rise)  setup     untested  constant_disabled
U3_cpu/U1_datapath/U1_sfr/U_uart/tx_done_reg/SE
                                       CK(rise)  hold      untested  constant_disabled
U3_cpu/U1_datapath/U1_sfr/U_uart/tx_done_reg/SI
                                       CK(rise)  setup     untested  constant_disabled
U3_cpu/U1_datapath/U1_sfr/U_uart/tx_done_reg/SI
                                       CK(rise)  hold      untested  constant_disabled
U3_cpu/U1_datapath/U1_sfr/U_uart/tx_done_reg/SN(rise)
                                       CK(rise)  setup     untested  constant_disabled
U3_cpu/U1_datapath/U1_sfr/U_uart/tx_done_reg/SN(rise)
                                       CK(rise)  hold      untested  constant_disabled
U3_cpu/U1_datapath/U1_sfr/U_uart/tx_done_reg/SN(low)
                                                 min_pulse_width
                                                           untested  constant_disabled
U3_cpu/U1_datapath/U1_sfr/U_uart/txd_reg/RN(rise)
                                       CK(rise)  removal   untested  false_paths
U3_cpu/U1_datapath/U1_sfr/U_uart/txd_reg/RN(rise)
                                       CK(rise)  recovery  untested  false_paths
U3_cpu/U1_datapath/U1_sfr/U_uart/txd_reg/RN(low) min_pulse_width
                                                           untested  no_clock
U3_cpu/U1_datapath/U1_sfr/U_uart/txd_reg/SE
                                       CK(rise)  setup     untested  constant_disabled
U3_cpu/U1_datapath/U1_sfr/U_uart/txd_reg/SE
                                       CK(rise)  hold      untested  constant_disabled
U3_cpu/U1_datapath/U1_sfr/U_uart/txd_reg/SI
                                       CK(rise)  setup     untested  constant_disabled
U3_cpu/U1_datapath/U1_sfr/U_uart/txd_reg/SI
                                       CK(rise)  hold      untested  constant_disabled
U3_cpu/U1_datapath/U1_sfr/U_uart/txd_reg/SN(rise)
                                       CK(rise)  setup     untested  constant_disabled
U3_cpu/U1_datapath/U1_sfr/U_uart/txd_reg/SN(rise)
                                       CK(rise)  hold      untested  constant_disabled
U3_cpu/U1_datapath/U1_sfr/U_uart/txd_reg/SN(low) min_pulse_width
                                                           untested  constant_disabled
U3_cpu/U1_datapath/U1_sfr/one_shot_tf0/d_del_reg/SE
                                       CK(rise)  setup     untested  constant_disabled
U3_cpu/U1_datapath/U1_sfr/one_shot_tf0/d_del_reg/SE
                                       CK(rise)  hold      untested  constant_disabled
U3_cpu/U1_datapath/U1_sfr/one_shot_tf0/d_del_reg/SI
                                       CK(rise)  setup     untested  constant_disabled
U3_cpu/U1_datapath/U1_sfr/one_shot_tf0/d_del_reg/SI
                                       CK(rise)  hold      untested  constant_disabled
U3_cpu/U1_datapath/U1_sfr/one_shot_tf0/d_del_reg/SN(rise)
                                       CK(rise)  recovery  untested  false_paths
U3_cpu/U1_datapath/U1_sfr/one_shot_tf0/d_del_reg/SN(rise)
                                       CK(rise)  removal   untested  false_paths
U3_cpu/U1_datapath/U1_sfr/one_shot_tf0/d_del_reg/SN(low)
                                                 min_pulse_width
                                                           untested  no_clock
U3_cpu/U1_datapath/U1_sfr/one_shot_tf1/d_del_reg/SE
                                       CK(rise)  setup     untested  constant_disabled
U3_cpu/U1_datapath/U1_sfr/one_shot_tf1/d_del_reg/SE
                                       CK(rise)  hold      untested  constant_disabled
U3_cpu/U1_datapath/U1_sfr/one_shot_tf1/d_del_reg/SI
                                       CK(rise)  setup     untested  constant_disabled
U3_cpu/U1_datapath/U1_sfr/one_shot_tf1/d_del_reg/SI
                                       CK(rise)  hold      untested  constant_disabled
U3_cpu/U1_datapath/U1_sfr/one_shot_tf1/d_del_reg/SN(rise)
                                       CK(rise)  recovery  untested  false_paths
U3_cpu/U1_datapath/U1_sfr/one_shot_tf1/d_del_reg/SN(rise)
                                       CK(rise)  removal   untested  false_paths
U3_cpu/U1_datapath/U1_sfr/one_shot_tf1/d_del_reg/SN(low)
                                                 min_pulse_width
                                                           untested  no_clock
U3_cpu/U1_datapath/U3_alu/U8_div/CurrentCount_reg_0_/SE
                                       CK(rise)  setup     untested  constant_disabled
U3_cpu/U1_datapath/U3_alu/U8_div/CurrentCount_reg_0_/SE
                                       CK(rise)  hold      untested  constant_disabled
U3_cpu/U1_datapath/U3_alu/U8_div/CurrentCount_reg_0_/SI
                                       CK(rise)  setup     untested  constant_disabled
U3_cpu/U1_datapath/U3_alu/U8_div/CurrentCount_reg_0_/SI
                                       CK(rise)  hold      untested  constant_disabled
U3_cpu/U1_datapath/U3_alu/U8_div/CurrentCount_reg_0_/SN(rise)
                                       CK(rise)  recovery  untested  false_paths
U3_cpu/U1_datapath/U3_alu/U8_div/CurrentCount_reg_0_/SN(rise)
                                       CK(rise)  removal   untested  false_paths
U3_cpu/U1_datapath/U3_alu/U8_div/CurrentCount_reg_0_/SN(low)
                                                 min_pulse_width
                                                           untested  no_clock
U3_cpu/U1_datapath/U3_alu/U8_div/CurrentCount_reg_1_/RN(rise)
                                       CK(rise)  removal   untested  false_paths
U3_cpu/U1_datapath/U3_alu/U8_div/CurrentCount_reg_1_/RN(rise)
                                       CK(rise)  recovery  untested  false_paths
U3_cpu/U1_datapath/U3_alu/U8_div/CurrentCount_reg_1_/RN(low)
                                                 min_pulse_width
                                                           untested  no_clock
U3_cpu/U1_datapath/U3_alu/U8_div/CurrentCount_reg_1_/SE
                                       CK(rise)  setup     untested  constant_disabled
U3_cpu/U1_datapath/U3_alu/U8_div/CurrentCount_reg_1_/SE
                                       CK(rise)  hold      untested  constant_disabled
U3_cpu/U1_datapath/U3_alu/U8_div/CurrentCount_reg_1_/SI
                                       CK(rise)  setup     untested  constant_disabled
U3_cpu/U1_datapath/U3_alu/U8_div/CurrentCount_reg_1_/SI
                                       CK(rise)  hold      untested  constant_disabled
U3_cpu/U1_datapath/U3_alu/U8_div/CurrentCount_reg_1_/SN(rise)
                                       CK(rise)  setup     untested  constant_disabled
U3_cpu/U1_datapath/U3_alu/U8_div/CurrentCount_reg_1_/SN(rise)
                                       CK(rise)  hold      untested  constant_disabled
U3_cpu/U1_datapath/U3_alu/U8_div/CurrentCount_reg_1_/SN(low)
                                                 min_pulse_width
                                                           untested  constant_disabled
U3_cpu/U1_datapath/U3_alu/U8_div/CurrentCount_reg_2_/RN(rise)
                                       CK(rise)  removal   untested  false_paths
U3_cpu/U1_datapath/U3_alu/U8_div/CurrentCount_reg_2_/RN(rise)
                                       CK(rise)  recovery  untested  false_paths
U3_cpu/U1_datapath/U3_alu/U8_div/CurrentCount_reg_2_/RN(low)
                                                 min_pulse_width
                                                           untested  no_clock
U3_cpu/U1_datapath/U3_alu/U8_div/CurrentCount_reg_2_/SE
                                       CK(rise)  setup     untested  constant_disabled
U3_cpu/U1_datapath/U3_alu/U8_div/CurrentCount_reg_2_/SE
                                       CK(rise)  hold      untested  constant_disabled
U3_cpu/U1_datapath/U3_alu/U8_div/CurrentCount_reg_2_/SI
                                       CK(rise)  setup     untested  constant_disabled
U3_cpu/U1_datapath/U3_alu/U8_div/CurrentCount_reg_2_/SI
                                       CK(rise)  hold      untested  constant_disabled
U3_cpu/U1_datapath/U3_alu/U8_div/CurrentCount_reg_2_/SN(rise)
                                       CK(rise)  setup     untested  constant_disabled
U3_cpu/U1_datapath/U3_alu/U8_div/CurrentCount_reg_2_/SN(rise)
                                       CK(rise)  hold      untested  constant_disabled
U3_cpu/U1_datapath/U3_alu/U8_div/CurrentCount_reg_2_/SN(low)
                                                 min_pulse_width
                                                           untested  constant_disabled
U3_cpu/U1_datapath/U3_alu/U8_div/CurrentCount_reg_3_/RN(rise)
                                       CK(rise)  removal   untested  false_paths
U3_cpu/U1_datapath/U3_alu/U8_div/CurrentCount_reg_3_/RN(rise)
                                       CK(rise)  recovery  untested  false_paths
U3_cpu/U1_datapath/U3_alu/U8_div/CurrentCount_reg_3_/RN(low)
                                                 min_pulse_width
                                                           untested  no_clock
U3_cpu/U1_datapath/U3_alu/U8_div/CurrentCount_reg_3_/SE
                                       CK(rise)  setup     untested  constant_disabled
U3_cpu/U1_datapath/U3_alu/U8_div/CurrentCount_reg_3_/SE
                                       CK(rise)  hold      untested  constant_disabled
U3_cpu/U1_datapath/U3_alu/U8_div/CurrentCount_reg_3_/SI
                                       CK(rise)  setup     untested  constant_disabled
U3_cpu/U1_datapath/U3_alu/U8_div/CurrentCount_reg_3_/SI
                                       CK(rise)  hold      untested  constant_disabled
U3_cpu/U1_datapath/U3_alu/U8_div/CurrentCount_reg_3_/SN(rise)
                                       CK(rise)  setup     untested  constant_disabled
U3_cpu/U1_datapath/U3_alu/U8_div/CurrentCount_reg_3_/SN(rise)
                                       CK(rise)  hold      untested  constant_disabled
U3_cpu/U1_datapath/U3_alu/U8_div/CurrentCount_reg_3_/SN(low)
                                                 min_pulse_width
                                                           untested  constant_disabled
U3_cpu/U1_datapath/U3_alu/U8_div/CurrentCount_reg_4_/SE
                                       CK(rise)  setup     untested  constant_disabled
U3_cpu/U1_datapath/U3_alu/U8_div/CurrentCount_reg_4_/SE
                                       CK(rise)  hold      untested  constant_disabled
U3_cpu/U1_datapath/U3_alu/U8_div/CurrentCount_reg_4_/SI
                                       CK(rise)  setup     untested  constant_disabled
U3_cpu/U1_datapath/U3_alu/U8_div/CurrentCount_reg_4_/SI
                                       CK(rise)  hold      untested  constant_disabled
U3_cpu/U1_datapath/U3_alu/U8_div/CurrentCount_reg_4_/SN(rise)
                                       CK(rise)  recovery  untested  false_paths
U3_cpu/U1_datapath/U3_alu/U8_div/CurrentCount_reg_4_/SN(rise)
                                       CK(rise)  removal   untested  false_paths
U3_cpu/U1_datapath/U3_alu/U8_div/CurrentCount_reg_4_/SN(low)
                                                 min_pulse_width
                                                           untested  no_clock
U3_cpu/U1_datapath/U3_alu/U8_div/CurrentCount_reg_5_/RN(rise)
                                       CK(rise)  removal   untested  false_paths
U3_cpu/U1_datapath/U3_alu/U8_div/CurrentCount_reg_5_/RN(rise)
                                       CK(rise)  recovery  untested  false_paths
U3_cpu/U1_datapath/U3_alu/U8_div/CurrentCount_reg_5_/RN(low)
                                                 min_pulse_width
                                                           untested  no_clock
U3_cpu/U1_datapath/U3_alu/U8_div/CurrentCount_reg_5_/SE
                                       CK(rise)  setup     untested  constant_disabled
U3_cpu/U1_datapath/U3_alu/U8_div/CurrentCount_reg_5_/SE
                                       CK(rise)  hold      untested  constant_disabled
U3_cpu/U1_datapath/U3_alu/U8_div/CurrentCount_reg_5_/SI
                                       CK(rise)  setup     untested  constant_disabled
U3_cpu/U1_datapath/U3_alu/U8_div/CurrentCount_reg_5_/SI
                                       CK(rise)  hold      untested  constant_disabled
U3_cpu/U1_datapath/U3_alu/U8_div/CurrentCount_reg_5_/SN(rise)
                                       CK(rise)  setup     untested  constant_disabled
U3_cpu/U1_datapath/U3_alu/U8_div/CurrentCount_reg_5_/SN(rise)
                                       CK(rise)  hold      untested  constant_disabled
U3_cpu/U1_datapath/U3_alu/U8_div/CurrentCount_reg_5_/SN(low)
                                                 min_pulse_width
                                                           untested  constant_disabled
U3_cpu/U1_datapath/U3_alu/U8_div/CurrentState_reg_0_/RN(rise)
                                       CK(rise)  removal   untested  false_paths
U3_cpu/U1_datapath/U3_alu/U8_div/CurrentState_reg_0_/RN(rise)
                                       CK(rise)  recovery  untested  false_paths
U3_cpu/U1_datapath/U3_alu/U8_div/CurrentState_reg_0_/RN(low)
                                                 min_pulse_width
                                                           untested  no_clock
U3_cpu/U1_datapath/U3_alu/U8_div/CurrentState_reg_0_/SE
                                       CK(rise)  setup     untested  constant_disabled
U3_cpu/U1_datapath/U3_alu/U8_div/CurrentState_reg_0_/SE
                                       CK(rise)  hold      untested  constant_disabled
U3_cpu/U1_datapath/U3_alu/U8_div/CurrentState_reg_0_/SI
                                       CK(rise)  setup     untested  constant_disabled
U3_cpu/U1_datapath/U3_alu/U8_div/CurrentState_reg_0_/SI
                                       CK(rise)  hold      untested  constant_disabled
U3_cpu/U1_datapath/U3_alu/U8_div/CurrentState_reg_0_/SN(rise)
                                       CK(rise)  setup     untested  constant_disabled
U3_cpu/U1_datapath/U3_alu/U8_div/CurrentState_reg_0_/SN(rise)
                                       CK(rise)  hold      untested  constant_disabled
U3_cpu/U1_datapath/U3_alu/U8_div/CurrentState_reg_0_/SN(low)
                                                 min_pulse_width
                                                           untested  constant_disabled
U3_cpu/U1_datapath/U3_alu/U8_div/CurrentState_reg_1_/RN(rise)
                                       CK(rise)  removal   untested  false_paths
U3_cpu/U1_datapath/U3_alu/U8_div/CurrentState_reg_1_/RN(rise)
                                       CK(rise)  recovery  untested  false_paths
U3_cpu/U1_datapath/U3_alu/U8_div/CurrentState_reg_1_/RN(low)
                                                 min_pulse_width
                                                           untested  no_clock
U3_cpu/U1_datapath/U3_alu/U8_div/CurrentState_reg_1_/SE
                                       CK(rise)  setup     untested  constant_disabled
U3_cpu/U1_datapath/U3_alu/U8_div/CurrentState_reg_1_/SE
                                       CK(rise)  hold      untested  constant_disabled
U3_cpu/U1_datapath/U3_alu/U8_div/CurrentState_reg_1_/SI
                                       CK(rise)  setup     untested  constant_disabled
U3_cpu/U1_datapath/U3_alu/U8_div/CurrentState_reg_1_/SI
                                       CK(rise)  hold      untested  constant_disabled
U3_cpu/U1_datapath/U3_alu/U8_div/CurrentState_reg_1_/SN(rise)
                                       CK(rise)  setup     untested  constant_disabled
U3_cpu/U1_datapath/U3_alu/U8_div/CurrentState_reg_1_/SN(rise)
                                       CK(rise)  hold      untested  constant_disabled
U3_cpu/U1_datapath/U3_alu/U8_div/CurrentState_reg_1_/SN(low)
                                                 min_pulse_width
                                                           untested  constant_disabled
U3_cpu/U1_datapath/U3_alu/U8_div/CurrentState_reg_2_/RN(rise)
                                       CK(rise)  removal   untested  false_paths
U3_cpu/U1_datapath/U3_alu/U8_div/CurrentState_reg_2_/RN(rise)
                                       CK(rise)  recovery  untested  false_paths
U3_cpu/U1_datapath/U3_alu/U8_div/CurrentState_reg_2_/RN(low)
                                                 min_pulse_width
                                                           untested  no_clock
U3_cpu/U1_datapath/U3_alu/U8_div/CurrentState_reg_2_/SE
                                       CK(rise)  setup     untested  constant_disabled
U3_cpu/U1_datapath/U3_alu/U8_div/CurrentState_reg_2_/SE
                                       CK(rise)  hold      untested  constant_disabled
U3_cpu/U1_datapath/U3_alu/U8_div/CurrentState_reg_2_/SI
                                       CK(rise)  setup     untested  constant_disabled
U3_cpu/U1_datapath/U3_alu/U8_div/CurrentState_reg_2_/SI
                                       CK(rise)  hold      untested  constant_disabled
U3_cpu/U1_datapath/U3_alu/U8_div/CurrentState_reg_2_/SN(rise)
                                       CK(rise)  setup     untested  constant_disabled
U3_cpu/U1_datapath/U3_alu/U8_div/CurrentState_reg_2_/SN(rise)
                                       CK(rise)  hold      untested  constant_disabled
U3_cpu/U1_datapath/U3_alu/U8_div/CurrentState_reg_2_/SN(low)
                                                 min_pulse_width
                                                           untested  constant_disabled
U3_cpu/U1_datapath/U3_alu/U8_div/RegA_reg_0_/RN(rise)
                                       CK(rise)  removal   untested  false_paths
U3_cpu/U1_datapath/U3_alu/U8_div/RegA_reg_0_/RN(rise)
                                       CK(rise)  recovery  untested  false_paths
U3_cpu/U1_datapath/U3_alu/U8_div/RegA_reg_0_/RN(low)
                                                 min_pulse_width
                                                           untested  no_clock
U3_cpu/U1_datapath/U3_alu/U8_div/RegA_reg_0_/SE
                                       CK(rise)  setup     untested  constant_disabled
U3_cpu/U1_datapath/U3_alu/U8_div/RegA_reg_0_/SE
                                       CK(rise)  hold      untested  constant_disabled
U3_cpu/U1_datapath/U3_alu/U8_div/RegA_reg_0_/SI
                                       CK(rise)  setup     untested  constant_disabled
U3_cpu/U1_datapath/U3_alu/U8_div/RegA_reg_0_/SI
                                       CK(rise)  hold      untested  constant_disabled
U3_cpu/U1_datapath/U3_alu/U8_div/RegA_reg_0_/SN(rise)
                                       CK(rise)  setup     untested  constant_disabled
U3_cpu/U1_datapath/U3_alu/U8_div/RegA_reg_0_/SN(rise)
                                       CK(rise)  hold      untested  constant_disabled
U3_cpu/U1_datapath/U3_alu/U8_div/RegA_reg_0_/SN(low)
                                                 min_pulse_width
                                                           untested  constant_disabled
U3_cpu/U1_datapath/U3_alu/U8_div/RegA_reg_10_/RN(rise)
                                       CK(rise)  removal   untested  false_paths
U3_cpu/U1_datapath/U3_alu/U8_div/RegA_reg_10_/RN(rise)
                                       CK(rise)  recovery  untested  false_paths
U3_cpu/U1_datapath/U3_alu/U8_div/RegA_reg_10_/RN(low)
                                                 min_pulse_width
                                                           untested  no_clock
U3_cpu/U1_datapath/U3_alu/U8_div/RegA_reg_10_/SE
                                       CK(rise)  setup     untested  constant_disabled
U3_cpu/U1_datapath/U3_alu/U8_div/RegA_reg_10_/SE
                                       CK(rise)  hold      untested  constant_disabled
U3_cpu/U1_datapath/U3_alu/U8_div/RegA_reg_10_/SI
                                       CK(rise)  setup     untested  constant_disabled
U3_cpu/U1_datapath/U3_alu/U8_div/RegA_reg_10_/SI
                                       CK(rise)  hold      untested  constant_disabled
U3_cpu/U1_datapath/U3_alu/U8_div/RegA_reg_10_/SN(rise)
                                       CK(rise)  setup     untested  constant_disabled
U3_cpu/U1_datapath/U3_alu/U8_div/RegA_reg_10_/SN(rise)
                                       CK(rise)  hold      untested  constant_disabled
U3_cpu/U1_datapath/U3_alu/U8_div/RegA_reg_10_/SN(low)
                                                 min_pulse_width
                                                           untested  constant_disabled
U3_cpu/U1_datapath/U3_alu/U8_div/RegA_reg_11_/RN(rise)
                                       CK(rise)  removal   untested  false_paths
U3_cpu/U1_datapath/U3_alu/U8_div/RegA_reg_11_/RN(rise)
                                       CK(rise)  recovery  untested  false_paths
U3_cpu/U1_datapath/U3_alu/U8_div/RegA_reg_11_/RN(low)
                                                 min_pulse_width
                                                           untested  no_clock
U3_cpu/U1_datapath/U3_alu/U8_div/RegA_reg_11_/SE
                                       CK(rise)  setup     untested  constant_disabled
U3_cpu/U1_datapath/U3_alu/U8_div/RegA_reg_11_/SE
                                       CK(rise)  hold      untested  constant_disabled
U3_cpu/U1_datapath/U3_alu/U8_div/RegA_reg_11_/SI
                                       CK(rise)  setup     untested  constant_disabled
U3_cpu/U1_datapath/U3_alu/U8_div/RegA_reg_11_/SI
                                       CK(rise)  hold      untested  constant_disabled
U3_cpu/U1_datapath/U3_alu/U8_div/RegA_reg_11_/SN(rise)
                                       CK(rise)  setup     untested  constant_disabled
U3_cpu/U1_datapath/U3_alu/U8_div/RegA_reg_11_/SN(rise)
                                       CK(rise)  hold      untested  constant_disabled
U3_cpu/U1_datapath/U3_alu/U8_div/RegA_reg_11_/SN(low)
                                                 min_pulse_width
                                                           untested  constant_disabled
U3_cpu/U1_datapath/U3_alu/U8_div/RegA_reg_12_/RN(rise)
                                       CK(rise)  removal   untested  false_paths
U3_cpu/U1_datapath/U3_alu/U8_div/RegA_reg_12_/RN(rise)
                                       CK(rise)  recovery  untested  false_paths
U3_cpu/U1_datapath/U3_alu/U8_div/RegA_reg_12_/RN(low)
                                                 min_pulse_width
                                                           untested  no_clock
U3_cpu/U1_datapath/U3_alu/U8_div/RegA_reg_12_/SE
                                       CK(rise)  setup     untested  constant_disabled
U3_cpu/U1_datapath/U3_alu/U8_div/RegA_reg_12_/SE
                                       CK(rise)  hold      untested  constant_disabled
U3_cpu/U1_datapath/U3_alu/U8_div/RegA_reg_12_/SI
                                       CK(rise)  setup     untested  constant_disabled
U3_cpu/U1_datapath/U3_alu/U8_div/RegA_reg_12_/SI
                                       CK(rise)  hold      untested  constant_disabled
U3_cpu/U1_datapath/U3_alu/U8_div/RegA_reg_12_/SN(rise)
                                       CK(rise)  setup     untested  constant_disabled
U3_cpu/U1_datapath/U3_alu/U8_div/RegA_reg_12_/SN(rise)
                                       CK(rise)  hold      untested  constant_disabled
U3_cpu/U1_datapath/U3_alu/U8_div/RegA_reg_12_/SN(low)
                                                 min_pulse_width
                                                           untested  constant_disabled
U3_cpu/U1_datapath/U3_alu/U8_div/RegA_reg_13_/RN(rise)
                                       CK(rise)  removal   untested  false_paths
U3_cpu/U1_datapath/U3_alu/U8_div/RegA_reg_13_/RN(rise)
                                       CK(rise)  recovery  untested  false_paths
U3_cpu/U1_datapath/U3_alu/U8_div/RegA_reg_13_/RN(low)
                                                 min_pulse_width
                                                           untested  no_clock
U3_cpu/U1_datapath/U3_alu/U8_div/RegA_reg_13_/SE
                                       CK(rise)  setup     untested  constant_disabled
U3_cpu/U1_datapath/U3_alu/U8_div/RegA_reg_13_/SE
                                       CK(rise)  hold      untested  constant_disabled
U3_cpu/U1_datapath/U3_alu/U8_div/RegA_reg_13_/SI
                                       CK(rise)  setup     untested  constant_disabled
U3_cpu/U1_datapath/U3_alu/U8_div/RegA_reg_13_/SI
                                       CK(rise)  hold      untested  constant_disabled
U3_cpu/U1_datapath/U3_alu/U8_div/RegA_reg_13_/SN(rise)
                                       CK(rise)  setup     untested  constant_disabled
U3_cpu/U1_datapath/U3_alu/U8_div/RegA_reg_13_/SN(rise)
                                       CK(rise)  hold      untested  constant_disabled
U3_cpu/U1_datapath/U3_alu/U8_div/RegA_reg_13_/SN(low)
                                                 min_pulse_width
                                                           untested  constant_disabled
U3_cpu/U1_datapath/U3_alu/U8_div/RegA_reg_14_/RN(rise)
                                       CK(rise)  removal   untested  false_paths
U3_cpu/U1_datapath/U3_alu/U8_div/RegA_reg_14_/RN(rise)
                                       CK(rise)  recovery  untested  false_paths
U3_cpu/U1_datapath/U3_alu/U8_div/RegA_reg_14_/RN(low)
                                                 min_pulse_width
                                                           untested  no_clock
U3_cpu/U1_datapath/U3_alu/U8_div/RegA_reg_14_/SE
                                       CK(rise)  setup     untested  constant_disabled
U3_cpu/U1_datapath/U3_alu/U8_div/RegA_reg_14_/SE
                                       CK(rise)  hold      untested  constant_disabled
U3_cpu/U1_datapath/U3_alu/U8_div/RegA_reg_14_/SI
                                       CK(rise)  setup     untested  constant_disabled
U3_cpu/U1_datapath/U3_alu/U8_div/RegA_reg_14_/SI
                                       CK(rise)  hold      untested  constant_disabled
U3_cpu/U1_datapath/U3_alu/U8_div/RegA_reg_14_/SN(rise)
                                       CK(rise)  setup     untested  constant_disabled
U3_cpu/U1_datapath/U3_alu/U8_div/RegA_reg_14_/SN(rise)
                                       CK(rise)  hold      untested  constant_disabled
U3_cpu/U1_datapath/U3_alu/U8_div/RegA_reg_14_/SN(low)
                                                 min_pulse_width
                                                           untested  constant_disabled
U3_cpu/U1_datapath/U3_alu/U8_div/RegA_reg_15_/RN(rise)
                                       CK(rise)  recovery  untested  false_paths
U3_cpu/U1_datapath/U3_alu/U8_div/RegA_reg_15_/RN(rise)
                                       CK(rise)  removal   untested  false_paths
U3_cpu/U1_datapath/U3_alu/U8_div/RegA_reg_15_/RN(low)
                                                 min_pulse_width
                                                           untested  no_clock
U3_cpu/U1_datapath/U3_alu/U8_div/RegA_reg_15_/SE
                                       CK(rise)  setup     untested  constant_disabled
U3_cpu/U1_datapath/U3_alu/U8_div/RegA_reg_15_/SE
                                       CK(rise)  hold      untested  constant_disabled
U3_cpu/U1_datapath/U3_alu/U8_div/RegA_reg_15_/SI
                                       CK(rise)  setup     untested  constant_disabled
U3_cpu/U1_datapath/U3_alu/U8_div/RegA_reg_15_/SI
                                       CK(rise)  hold      untested  constant_disabled
U3_cpu/U1_datapath/U3_alu/U8_div/RegA_reg_1_/RN(rise)
                                       CK(rise)  removal   untested  false_paths
U3_cpu/U1_datapath/U3_alu/U8_div/RegA_reg_1_/RN(rise)
                                       CK(rise)  recovery  untested  false_paths
U3_cpu/U1_datapath/U3_alu/U8_div/RegA_reg_1_/RN(low)
                                                 min_pulse_width
                                                           untested  no_clock
U3_cpu/U1_datapath/U3_alu/U8_div/RegA_reg_1_/SE
                                       CK(rise)  setup     untested  constant_disabled
U3_cpu/U1_datapath/U3_alu/U8_div/RegA_reg_1_/SE
                                       CK(rise)  hold      untested  constant_disabled
U3_cpu/U1_datapath/U3_alu/U8_div/RegA_reg_1_/SI
                                       CK(rise)  setup     untested  constant_disabled
U3_cpu/U1_datapath/U3_alu/U8_div/RegA_reg_1_/SI
                                       CK(rise)  hold      untested  constant_disabled
U3_cpu/U1_datapath/U3_alu/U8_div/RegA_reg_1_/SN(rise)
                                       CK(rise)  setup     untested  constant_disabled
U3_cpu/U1_datapath/U3_alu/U8_div/RegA_reg_1_/SN(rise)
                                       CK(rise)  hold      untested  constant_disabled
U3_cpu/U1_datapath/U3_alu/U8_div/RegA_reg_1_/SN(low)
                                                 min_pulse_width
                                                           untested  constant_disabled
U3_cpu/U1_datapath/U3_alu/U8_div/RegA_reg_2_/RN(rise)
                                       CK(rise)  removal   untested  false_paths
U3_cpu/U1_datapath/U3_alu/U8_div/RegA_reg_2_/RN(rise)
                                       CK(rise)  recovery  untested  false_paths
U3_cpu/U1_datapath/U3_alu/U8_div/RegA_reg_2_/RN(low)
                                                 min_pulse_width
                                                           untested  no_clock
U3_cpu/U1_datapath/U3_alu/U8_div/RegA_reg_2_/SE
                                       CK(rise)  setup     untested  constant_disabled
U3_cpu/U1_datapath/U3_alu/U8_div/RegA_reg_2_/SE
                                       CK(rise)  hold      untested  constant_disabled
U3_cpu/U1_datapath/U3_alu/U8_div/RegA_reg_2_/SI
                                       CK(rise)  setup     untested  constant_disabled
U3_cpu/U1_datapath/U3_alu/U8_div/RegA_reg_2_/SI
                                       CK(rise)  hold      untested  constant_disabled
U3_cpu/U1_datapath/U3_alu/U8_div/RegA_reg_2_/SN(rise)
                                       CK(rise)  setup     untested  constant_disabled
U3_cpu/U1_datapath/U3_alu/U8_div/RegA_reg_2_/SN(rise)
                                       CK(rise)  hold      untested  constant_disabled
U3_cpu/U1_datapath/U3_alu/U8_div/RegA_reg_2_/SN(low)
                                                 min_pulse_width
                                                           untested  constant_disabled
U3_cpu/U1_datapath/U3_alu/U8_div/RegA_reg_3_/RN(rise)
                                       CK(rise)  removal   untested  false_paths
U3_cpu/U1_datapath/U3_alu/U8_div/RegA_reg_3_/RN(rise)
                                       CK(rise)  recovery  untested  false_paths
U3_cpu/U1_datapath/U3_alu/U8_div/RegA_reg_3_/RN(low)
                                                 min_pulse_width
                                                           untested  no_clock
U3_cpu/U1_datapath/U3_alu/U8_div/RegA_reg_3_/SE
                                       CK(rise)  setup     untested  constant_disabled
U3_cpu/U1_datapath/U3_alu/U8_div/RegA_reg_3_/SE
                                       CK(rise)  hold      untested  constant_disabled
U3_cpu/U1_datapath/U3_alu/U8_div/RegA_reg_3_/SI
                                       CK(rise)  setup     untested  constant_disabled
U3_cpu/U1_datapath/U3_alu/U8_div/RegA_reg_3_/SI
                                       CK(rise)  hold      untested  constant_disabled
U3_cpu/U1_datapath/U3_alu/U8_div/RegA_reg_3_/SN(rise)
                                       CK(rise)  setup     untested  constant_disabled
U3_cpu/U1_datapath/U3_alu/U8_div/RegA_reg_3_/SN(rise)
                                       CK(rise)  hold      untested  constant_disabled
U3_cpu/U1_datapath/U3_alu/U8_div/RegA_reg_3_/SN(low)
                                                 min_pulse_width
                                                           untested  constant_disabled
U3_cpu/U1_datapath/U3_alu/U8_div/RegA_reg_4_/RN(rise)
                                       CK(rise)  removal   untested  false_paths
U3_cpu/U1_datapath/U3_alu/U8_div/RegA_reg_4_/RN(rise)
                                       CK(rise)  recovery  untested  false_paths
U3_cpu/U1_datapath/U3_alu/U8_div/RegA_reg_4_/RN(low)
                                                 min_pulse_width
                                                           untested  no_clock
U3_cpu/U1_datapath/U3_alu/U8_div/RegA_reg_4_/SE
                                       CK(rise)  setup     untested  constant_disabled
U3_cpu/U1_datapath/U3_alu/U8_div/RegA_reg_4_/SE
                                       CK(rise)  hold      untested  constant_disabled
U3_cpu/U1_datapath/U3_alu/U8_div/RegA_reg_4_/SI
                                       CK(rise)  setup     untested  constant_disabled
U3_cpu/U1_datapath/U3_alu/U8_div/RegA_reg_4_/SI
                                       CK(rise)  hold      untested  constant_disabled
U3_cpu/U1_datapath/U3_alu/U8_div/RegA_reg_4_/SN(rise)
                                       CK(rise)  setup     untested  constant_disabled
U3_cpu/U1_datapath/U3_alu/U8_div/RegA_reg_4_/SN(rise)
                                       CK(rise)  hold      untested  constant_disabled
U3_cpu/U1_datapath/U3_alu/U8_div/RegA_reg_4_/SN(low)
                                                 min_pulse_width
                                                           untested  constant_disabled
U3_cpu/U1_datapath/U3_alu/U8_div/RegA_reg_5_/RN(rise)
                                       CK(rise)  removal   untested  false_paths
U3_cpu/U1_datapath/U3_alu/U8_div/RegA_reg_5_/RN(rise)
                                       CK(rise)  recovery  untested  false_paths
U3_cpu/U1_datapath/U3_alu/U8_div/RegA_reg_5_/RN(low)
                                                 min_pulse_width
                                                           untested  no_clock
U3_cpu/U1_datapath/U3_alu/U8_div/RegA_reg_5_/SE
                                       CK(rise)  setup     untested  constant_disabled
U3_cpu/U1_datapath/U3_alu/U8_div/RegA_reg_5_/SE
                                       CK(rise)  hold      untested  constant_disabled
U3_cpu/U1_datapath/U3_alu/U8_div/RegA_reg_5_/SI
                                       CK(rise)  setup     untested  constant_disabled
U3_cpu/U1_datapath/U3_alu/U8_div/RegA_reg_5_/SI
                                       CK(rise)  hold      untested  constant_disabled
U3_cpu/U1_datapath/U3_alu/U8_div/RegA_reg_5_/SN(rise)
                                       CK(rise)  setup     untested  constant_disabled
U3_cpu/U1_datapath/U3_alu/U8_div/RegA_reg_5_/SN(rise)
                                       CK(rise)  hold      untested  constant_disabled
U3_cpu/U1_datapath/U3_alu/U8_div/RegA_reg_5_/SN(low)
                                                 min_pulse_width
                                                           untested  constant_disabled
U3_cpu/U1_datapath/U3_alu/U8_div/RegA_reg_6_/RN(rise)
                                       CK(rise)  removal   untested  false_paths
U3_cpu/U1_datapath/U3_alu/U8_div/RegA_reg_6_/RN(rise)
                                       CK(rise)  recovery  untested  false_paths
U3_cpu/U1_datapath/U3_alu/U8_div/RegA_reg_6_/RN(low)
                                                 min_pulse_width
                                                           untested  no_clock
U3_cpu/U1_datapath/U3_alu/U8_div/RegA_reg_6_/SE
                                       CK(rise)  setup     untested  constant_disabled
U3_cpu/U1_datapath/U3_alu/U8_div/RegA_reg_6_/SE
                                       CK(rise)  hold      untested  constant_disabled
U3_cpu/U1_datapath/U3_alu/U8_div/RegA_reg_6_/SI
                                       CK(rise)  setup     untested  constant_disabled
U3_cpu/U1_datapath/U3_alu/U8_div/RegA_reg_6_/SI
                                       CK(rise)  hold      untested  constant_disabled
U3_cpu/U1_datapath/U3_alu/U8_div/RegA_reg_6_/SN(rise)
                                       CK(rise)  setup     untested  constant_disabled
U3_cpu/U1_datapath/U3_alu/U8_div/RegA_reg_6_/SN(rise)
                                       CK(rise)  hold      untested  constant_disabled
U3_cpu/U1_datapath/U3_alu/U8_div/RegA_reg_6_/SN(low)
                                                 min_pulse_width
                                                           untested  constant_disabled
U3_cpu/U1_datapath/U3_alu/U8_div/RegA_reg_7_/RN(rise)
                                       CK(rise)  removal   untested  false_paths
U3_cpu/U1_datapath/U3_alu/U8_div/RegA_reg_7_/RN(rise)
                                       CK(rise)  recovery  untested  false_paths
U3_cpu/U1_datapath/U3_alu/U8_div/RegA_reg_7_/RN(low)
                                                 min_pulse_width
                                                           untested  no_clock
U3_cpu/U1_datapath/U3_alu/U8_div/RegA_reg_7_/SE
                                       CK(rise)  setup     untested  constant_disabled
U3_cpu/U1_datapath/U3_alu/U8_div/RegA_reg_7_/SE
                                       CK(rise)  hold      untested  constant_disabled
U3_cpu/U1_datapath/U3_alu/U8_div/RegA_reg_7_/SI
                                       CK(rise)  setup     untested  constant_disabled
U3_cpu/U1_datapath/U3_alu/U8_div/RegA_reg_7_/SI
                                       CK(rise)  hold      untested  constant_disabled
U3_cpu/U1_datapath/U3_alu/U8_div/RegA_reg_7_/SN(rise)
                                       CK(rise)  setup     untested  constant_disabled
U3_cpu/U1_datapath/U3_alu/U8_div/RegA_reg_7_/SN(rise)
                                       CK(rise)  hold      untested  constant_disabled
U3_cpu/U1_datapath/U3_alu/U8_div/RegA_reg_7_/SN(low)
                                                 min_pulse_width
                                                           untested  constant_disabled
U3_cpu/U1_datapath/U3_alu/U8_div/RegA_reg_8_/RN(rise)
                                       CK(rise)  removal   untested  false_paths
U3_cpu/U1_datapath/U3_alu/U8_div/RegA_reg_8_/RN(rise)
                                       CK(rise)  recovery  untested  false_paths
U3_cpu/U1_datapath/U3_alu/U8_div/RegA_reg_8_/RN(low)
                                                 min_pulse_width
                                                           untested  no_clock
U3_cpu/U1_datapath/U3_alu/U8_div/RegA_reg_8_/SE
                                       CK(rise)  setup     untested  constant_disabled
U3_cpu/U1_datapath/U3_alu/U8_div/RegA_reg_8_/SE
                                       CK(rise)  hold      untested  constant_disabled
U3_cpu/U1_datapath/U3_alu/U8_div/RegA_reg_8_/SI
                                       CK(rise)  setup     untested  constant_disabled
U3_cpu/U1_datapath/U3_alu/U8_div/RegA_reg_8_/SI
                                       CK(rise)  hold      untested  constant_disabled
U3_cpu/U1_datapath/U3_alu/U8_div/RegA_reg_8_/SN(rise)
                                       CK(rise)  setup     untested  constant_disabled
U3_cpu/U1_datapath/U3_alu/U8_div/RegA_reg_8_/SN(rise)
                                       CK(rise)  hold      untested  constant_disabled
U3_cpu/U1_datapath/U3_alu/U8_div/RegA_reg_8_/SN(low)
                                                 min_pulse_width
                                                           untested  constant_disabled
U3_cpu/U1_datapath/U3_alu/U8_div/RegA_reg_9_/RN(rise)
                                       CK(rise)  removal   untested  false_paths
U3_cpu/U1_datapath/U3_alu/U8_div/RegA_reg_9_/RN(rise)
                                       CK(rise)  recovery  untested  false_paths
U3_cpu/U1_datapath/U3_alu/U8_div/RegA_reg_9_/RN(low)
                                                 min_pulse_width
                                                           untested  no_clock
U3_cpu/U1_datapath/U3_alu/U8_div/RegA_reg_9_/SE
                                       CK(rise)  setup     untested  constant_disabled
U3_cpu/U1_datapath/U3_alu/U8_div/RegA_reg_9_/SE
                                       CK(rise)  hold      untested  constant_disabled
U3_cpu/U1_datapath/U3_alu/U8_div/RegA_reg_9_/SI
                                       CK(rise)  setup     untested  constant_disabled
U3_cpu/U1_datapath/U3_alu/U8_div/RegA_reg_9_/SI
                                       CK(rise)  hold      untested  constant_disabled
U3_cpu/U1_datapath/U3_alu/U8_div/RegA_reg_9_/SN(rise)
                                       CK(rise)  setup     untested  constant_disabled
U3_cpu/U1_datapath/U3_alu/U8_div/RegA_reg_9_/SN(rise)
                                       CK(rise)  hold      untested  constant_disabled
U3_cpu/U1_datapath/U3_alu/U8_div/RegA_reg_9_/SN(low)
                                                 min_pulse_width
                                                           untested  constant_disabled
U3_cpu/U1_datapath/U3_alu/U8_div/RegB_reg_0_/RN(rise)
                                       CK(rise)  removal   untested  false_paths
U3_cpu/U1_datapath/U3_alu/U8_div/RegB_reg_0_/RN(rise)
                                       CK(rise)  recovery  untested  false_paths
U3_cpu/U1_datapath/U3_alu/U8_div/RegB_reg_0_/RN(low)
                                                 min_pulse_width
                                                           untested  no_clock
U3_cpu/U1_datapath/U3_alu/U8_div/RegB_reg_0_/SE
                                       CK(rise)  setup     untested  constant_disabled
U3_cpu/U1_datapath/U3_alu/U8_div/RegB_reg_0_/SE
                                       CK(rise)  hold      untested  constant_disabled
U3_cpu/U1_datapath/U3_alu/U8_div/RegB_reg_0_/SI
                                       CK(rise)  setup     untested  constant_disabled
U3_cpu/U1_datapath/U3_alu/U8_div/RegB_reg_0_/SI
                                       CK(rise)  hold      untested  constant_disabled
U3_cpu/U1_datapath/U3_alu/U8_div/RegB_reg_0_/SN(rise)
                                       CK(rise)  setup     untested  constant_disabled
U3_cpu/U1_datapath/U3_alu/U8_div/RegB_reg_0_/SN(rise)
                                       CK(rise)  hold      untested  constant_disabled
U3_cpu/U1_datapath/U3_alu/U8_div/RegB_reg_0_/SN(low)
                                                 min_pulse_width
                                                           untested  constant_disabled
U3_cpu/U1_datapath/U3_alu/U8_div/RegB_reg_1_/RN(rise)
                                       CK(rise)  removal   untested  false_paths
U3_cpu/U1_datapath/U3_alu/U8_div/RegB_reg_1_/RN(rise)
                                       CK(rise)  recovery  untested  false_paths
U3_cpu/U1_datapath/U3_alu/U8_div/RegB_reg_1_/RN(low)
                                                 min_pulse_width
                                                           untested  no_clock
U3_cpu/U1_datapath/U3_alu/U8_div/RegB_reg_1_/SE
                                       CK(rise)  setup     untested  constant_disabled
U3_cpu/U1_datapath/U3_alu/U8_div/RegB_reg_1_/SE
                                       CK(rise)  hold      untested  constant_disabled
U3_cpu/U1_datapath/U3_alu/U8_div/RegB_reg_1_/SI
                                       CK(rise)  setup     untested  constant_disabled
U3_cpu/U1_datapath/U3_alu/U8_div/RegB_reg_1_/SI
                                       CK(rise)  hold      untested  constant_disabled
U3_cpu/U1_datapath/U3_alu/U8_div/RegB_reg_1_/SN(rise)
                                       CK(rise)  setup     untested  constant_disabled
U3_cpu/U1_datapath/U3_alu/U8_div/RegB_reg_1_/SN(rise)
                                       CK(rise)  hold      untested  constant_disabled
U3_cpu/U1_datapath/U3_alu/U8_div/RegB_reg_1_/SN(low)
                                                 min_pulse_width
                                                           untested  constant_disabled
U3_cpu/U1_datapath/U3_alu/U8_div/RegB_reg_2_/RN(rise)
                                       CK(rise)  removal   untested  false_paths
U3_cpu/U1_datapath/U3_alu/U8_div/RegB_reg_2_/RN(rise)
                                       CK(rise)  recovery  untested  false_paths
U3_cpu/U1_datapath/U3_alu/U8_div/RegB_reg_2_/RN(low)
                                                 min_pulse_width
                                                           untested  no_clock
U3_cpu/U1_datapath/U3_alu/U8_div/RegB_reg_2_/SE
                                       CK(rise)  setup     untested  constant_disabled
U3_cpu/U1_datapath/U3_alu/U8_div/RegB_reg_2_/SE
                                       CK(rise)  hold      untested  constant_disabled
U3_cpu/U1_datapath/U3_alu/U8_div/RegB_reg_2_/SI
                                       CK(rise)  setup     untested  constant_disabled
U3_cpu/U1_datapath/U3_alu/U8_div/RegB_reg_2_/SI
                                       CK(rise)  hold      untested  constant_disabled
U3_cpu/U1_datapath/U3_alu/U8_div/RegB_reg_2_/SN(rise)
                                       CK(rise)  setup     untested  constant_disabled
U3_cpu/U1_datapath/U3_alu/U8_div/RegB_reg_2_/SN(rise)
                                       CK(rise)  hold      untested  constant_disabled
U3_cpu/U1_datapath/U3_alu/U8_div/RegB_reg_2_/SN(low)
                                                 min_pulse_width
                                                           untested  constant_disabled
U3_cpu/U1_datapath/U3_alu/U8_div/RegB_reg_3_/RN(rise)
                                       CK(rise)  removal   untested  false_paths
U3_cpu/U1_datapath/U3_alu/U8_div/RegB_reg_3_/RN(rise)
                                       CK(rise)  recovery  untested  false_paths
U3_cpu/U1_datapath/U3_alu/U8_div/RegB_reg_3_/RN(low)
                                                 min_pulse_width
                                                           untested  no_clock
U3_cpu/U1_datapath/U3_alu/U8_div/RegB_reg_3_/SE
                                       CK(rise)  setup     untested  constant_disabled
U3_cpu/U1_datapath/U3_alu/U8_div/RegB_reg_3_/SE
                                       CK(rise)  hold      untested  constant_disabled
U3_cpu/U1_datapath/U3_alu/U8_div/RegB_reg_3_/SI
                                       CK(rise)  setup     untested  constant_disabled
U3_cpu/U1_datapath/U3_alu/U8_div/RegB_reg_3_/SI
                                       CK(rise)  hold      untested  constant_disabled
U3_cpu/U1_datapath/U3_alu/U8_div/RegB_reg_3_/SN(rise)
                                       CK(rise)  setup     untested  constant_disabled
U3_cpu/U1_datapath/U3_alu/U8_div/RegB_reg_3_/SN(rise)
                                       CK(rise)  hold      untested  constant_disabled
U3_cpu/U1_datapath/U3_alu/U8_div/RegB_reg_3_/SN(low)
                                                 min_pulse_width
                                                           untested  constant_disabled
U3_cpu/U1_datapath/U3_alu/U8_div/RegB_reg_4_/RN(rise)
                                       CK(rise)  removal   untested  false_paths
U3_cpu/U1_datapath/U3_alu/U8_div/RegB_reg_4_/RN(rise)
                                       CK(rise)  recovery  untested  false_paths
U3_cpu/U1_datapath/U3_alu/U8_div/RegB_reg_4_/RN(low)
                                                 min_pulse_width
                                                           untested  no_clock
U3_cpu/U1_datapath/U3_alu/U8_div/RegB_reg_4_/SE
                                       CK(rise)  setup     untested  constant_disabled
U3_cpu/U1_datapath/U3_alu/U8_div/RegB_reg_4_/SE
                                       CK(rise)  hold      untested  constant_disabled
U3_cpu/U1_datapath/U3_alu/U8_div/RegB_reg_4_/SI
                                       CK(rise)  setup     untested  constant_disabled
U3_cpu/U1_datapath/U3_alu/U8_div/RegB_reg_4_/SI
                                       CK(rise)  hold      untested  constant_disabled
U3_cpu/U1_datapath/U3_alu/U8_div/RegB_reg_4_/SN(rise)
                                       CK(rise)  setup     untested  constant_disabled
U3_cpu/U1_datapath/U3_alu/U8_div/RegB_reg_4_/SN(rise)
                                       CK(rise)  hold      untested  constant_disabled
U3_cpu/U1_datapath/U3_alu/U8_div/RegB_reg_4_/SN(low)
                                                 min_pulse_width
                                                           untested  constant_disabled
U3_cpu/U1_datapath/U3_alu/U8_div/RegB_reg_5_/RN(rise)
                                       CK(rise)  removal   untested  false_paths
U3_cpu/U1_datapath/U3_alu/U8_div/RegB_reg_5_/RN(rise)
                                       CK(rise)  recovery  untested  false_paths
U3_cpu/U1_datapath/U3_alu/U8_div/RegB_reg_5_/RN(low)
                                                 min_pulse_width
                                                           untested  no_clock
U3_cpu/U1_datapath/U3_alu/U8_div/RegB_reg_5_/SE
                                       CK(rise)  setup     untested  constant_disabled
U3_cpu/U1_datapath/U3_alu/U8_div/RegB_reg_5_/SE
                                       CK(rise)  hold      untested  constant_disabled
U3_cpu/U1_datapath/U3_alu/U8_div/RegB_reg_5_/SI
                                       CK(rise)  setup     untested  constant_disabled
U3_cpu/U1_datapath/U3_alu/U8_div/RegB_reg_5_/SI
                                       CK(rise)  hold      untested  constant_disabled
U3_cpu/U1_datapath/U3_alu/U8_div/RegB_reg_5_/SN(rise)
                                       CK(rise)  setup     untested  constant_disabled
U3_cpu/U1_datapath/U3_alu/U8_div/RegB_reg_5_/SN(rise)
                                       CK(rise)  hold      untested  constant_disabled
U3_cpu/U1_datapath/U3_alu/U8_div/RegB_reg_5_/SN(low)
                                                 min_pulse_width
                                                           untested  constant_disabled
U3_cpu/U1_datapath/U3_alu/U8_div/RegB_reg_6_/RN(rise)
                                       CK(rise)  removal   untested  false_paths
U3_cpu/U1_datapath/U3_alu/U8_div/RegB_reg_6_/RN(rise)
                                       CK(rise)  recovery  untested  false_paths
U3_cpu/U1_datapath/U3_alu/U8_div/RegB_reg_6_/RN(low)
                                                 min_pulse_width
                                                           untested  no_clock
U3_cpu/U1_datapath/U3_alu/U8_div/RegB_reg_6_/SE
                                       CK(rise)  setup     untested  constant_disabled
U3_cpu/U1_datapath/U3_alu/U8_div/RegB_reg_6_/SE
                                       CK(rise)  hold      untested  constant_disabled
U3_cpu/U1_datapath/U3_alu/U8_div/RegB_reg_6_/SI
                                       CK(rise)  setup     untested  constant_disabled
U3_cpu/U1_datapath/U3_alu/U8_div/RegB_reg_6_/SI
                                       CK(rise)  hold      untested  constant_disabled
U3_cpu/U1_datapath/U3_alu/U8_div/RegB_reg_6_/SN(rise)
                                       CK(rise)  setup     untested  constant_disabled
U3_cpu/U1_datapath/U3_alu/U8_div/RegB_reg_6_/SN(rise)
                                       CK(rise)  hold      untested  constant_disabled
U3_cpu/U1_datapath/U3_alu/U8_div/RegB_reg_6_/SN(low)
                                                 min_pulse_width
                                                           untested  constant_disabled
U3_cpu/U1_datapath/U3_alu/U8_div/RegB_reg_7_/RN(rise)
                                       CK(rise)  removal   untested  false_paths
U3_cpu/U1_datapath/U3_alu/U8_div/RegB_reg_7_/RN(rise)
                                       CK(rise)  recovery  untested  false_paths
U3_cpu/U1_datapath/U3_alu/U8_div/RegB_reg_7_/RN(low)
                                                 min_pulse_width
                                                           untested  no_clock
U3_cpu/U1_datapath/U3_alu/U8_div/RegB_reg_7_/SE
                                       CK(rise)  setup     untested  constant_disabled
U3_cpu/U1_datapath/U3_alu/U8_div/RegB_reg_7_/SE
                                       CK(rise)  hold      untested  constant_disabled
U3_cpu/U1_datapath/U3_alu/U8_div/RegB_reg_7_/SI
                                       CK(rise)  setup     untested  constant_disabled
U3_cpu/U1_datapath/U3_alu/U8_div/RegB_reg_7_/SI
                                       CK(rise)  hold      untested  constant_disabled
U3_cpu/U1_datapath/U3_alu/U8_div/RegB_reg_7_/SN(rise)
                                       CK(rise)  setup     untested  constant_disabled
U3_cpu/U1_datapath/U3_alu/U8_div/RegB_reg_7_/SN(rise)
                                       CK(rise)  hold      untested  constant_disabled
U3_cpu/U1_datapath/U3_alu/U8_div/RegB_reg_7_/SN(low)
                                                 min_pulse_width
                                                           untested  constant_disabled
U3_cpu/U1_datapath/U3_alu/U9_DW_mult_pipe/clk_r_REG0_S1/RN(rise)
                                       CK(rise)  recovery  untested  false_paths
U3_cpu/U1_datapath/U3_alu/U9_DW_mult_pipe/clk_r_REG0_S1/RN(rise)
                                       CK(rise)  removal   untested  false_paths
U3_cpu/U1_datapath/U3_alu/U9_DW_mult_pipe/clk_r_REG0_S1/RN(low)
                                                 min_pulse_width
                                                           untested  no_clock
U3_cpu/U1_datapath/U3_alu/U9_DW_mult_pipe/clk_r_REG0_S1/SE
                                       CK(rise)  setup     untested  constant_disabled
U3_cpu/U1_datapath/U3_alu/U9_DW_mult_pipe/clk_r_REG0_S1/SE
                                       CK(rise)  hold      untested  constant_disabled
U3_cpu/U1_datapath/U3_alu/U9_DW_mult_pipe/clk_r_REG0_S1/SI
                                       CK(rise)  setup     untested  constant_disabled
U3_cpu/U1_datapath/U3_alu/U9_DW_mult_pipe/clk_r_REG0_S1/SI
                                       CK(rise)  hold      untested  constant_disabled
U3_cpu/U1_datapath/U3_alu/U9_DW_mult_pipe/clk_r_REG10_S2/RN(rise)
                                       CK(rise)  recovery  untested  false_paths
U3_cpu/U1_datapath/U3_alu/U9_DW_mult_pipe/clk_r_REG10_S2/RN(rise)
                                       CK(rise)  removal   untested  false_paths
U3_cpu/U1_datapath/U3_alu/U9_DW_mult_pipe/clk_r_REG10_S2/RN(low)
                                                 min_pulse_width
                                                           untested  no_clock
U3_cpu/U1_datapath/U3_alu/U9_DW_mult_pipe/clk_r_REG10_S2/SE
                                       CK(rise)  setup     untested  constant_disabled
U3_cpu/U1_datapath/U3_alu/U9_DW_mult_pipe/clk_r_REG10_S2/SE
                                       CK(rise)  hold      untested  constant_disabled
U3_cpu/U1_datapath/U3_alu/U9_DW_mult_pipe/clk_r_REG10_S2/SI
                                       CK(rise)  setup     untested  constant_disabled
U3_cpu/U1_datapath/U3_alu/U9_DW_mult_pipe/clk_r_REG10_S2/SI
                                       CK(rise)  hold      untested  constant_disabled
U3_cpu/U1_datapath/U3_alu/U9_DW_mult_pipe/clk_r_REG11_S3/RN(rise)
                                       CK(rise)  recovery  untested  false_paths
U3_cpu/U1_datapath/U3_alu/U9_DW_mult_pipe/clk_r_REG11_S3/RN(rise)
                                       CK(rise)  removal   untested  false_paths
U3_cpu/U1_datapath/U3_alu/U9_DW_mult_pipe/clk_r_REG11_S3/RN(low)
                                                 min_pulse_width
                                                           untested  no_clock
U3_cpu/U1_datapath/U3_alu/U9_DW_mult_pipe/clk_r_REG11_S3/SE
                                       CK(rise)  setup     untested  constant_disabled
U3_cpu/U1_datapath/U3_alu/U9_DW_mult_pipe/clk_r_REG11_S3/SE
                                       CK(rise)  hold      untested  constant_disabled
U3_cpu/U1_datapath/U3_alu/U9_DW_mult_pipe/clk_r_REG11_S3/SI
                                       CK(rise)  setup     untested  constant_disabled
U3_cpu/U1_datapath/U3_alu/U9_DW_mult_pipe/clk_r_REG11_S3/SI
                                       CK(rise)  hold      untested  constant_disabled
U3_cpu/U1_datapath/U3_alu/U9_DW_mult_pipe/clk_r_REG12_S4/RN(rise)
                                       CK(rise)  recovery  untested  false_paths
U3_cpu/U1_datapath/U3_alu/U9_DW_mult_pipe/clk_r_REG12_S4/RN(rise)
                                       CK(rise)  removal   untested  false_paths
U3_cpu/U1_datapath/U3_alu/U9_DW_mult_pipe/clk_r_REG12_S4/RN(low)
                                                 min_pulse_width
                                                           untested  no_clock
U3_cpu/U1_datapath/U3_alu/U9_DW_mult_pipe/clk_r_REG12_S4/SE
                                       CK(rise)  setup     untested  constant_disabled
U3_cpu/U1_datapath/U3_alu/U9_DW_mult_pipe/clk_r_REG12_S4/SE
                                       CK(rise)  hold      untested  constant_disabled
U3_cpu/U1_datapath/U3_alu/U9_DW_mult_pipe/clk_r_REG12_S4/SI
                                       CK(rise)  setup     untested  constant_disabled
U3_cpu/U1_datapath/U3_alu/U9_DW_mult_pipe/clk_r_REG12_S4/SI
                                       CK(rise)  hold      untested  constant_disabled
U3_cpu/U1_datapath/U3_alu/U9_DW_mult_pipe/clk_r_REG13_S2/RN(rise)
                                       CK(rise)  recovery  untested  false_paths
U3_cpu/U1_datapath/U3_alu/U9_DW_mult_pipe/clk_r_REG13_S2/RN(rise)
                                       CK(rise)  removal   untested  false_paths
U3_cpu/U1_datapath/U3_alu/U9_DW_mult_pipe/clk_r_REG13_S2/RN(low)
                                                 min_pulse_width
                                                           untested  no_clock
U3_cpu/U1_datapath/U3_alu/U9_DW_mult_pipe/clk_r_REG13_S2/SE
                                       CK(rise)  setup     untested  constant_disabled
U3_cpu/U1_datapath/U3_alu/U9_DW_mult_pipe/clk_r_REG13_S2/SE
                                       CK(rise)  hold      untested  constant_disabled
U3_cpu/U1_datapath/U3_alu/U9_DW_mult_pipe/clk_r_REG13_S2/SI
                                       CK(rise)  setup     untested  constant_disabled
U3_cpu/U1_datapath/U3_alu/U9_DW_mult_pipe/clk_r_REG13_S2/SI
                                       CK(rise)  hold      untested  constant_disabled
U3_cpu/U1_datapath/U3_alu/U9_DW_mult_pipe/clk_r_REG14_S3/RN(rise)
                                       CK(rise)  recovery  untested  false_paths
U3_cpu/U1_datapath/U3_alu/U9_DW_mult_pipe/clk_r_REG14_S3/RN(rise)
                                       CK(rise)  removal   untested  false_paths
U3_cpu/U1_datapath/U3_alu/U9_DW_mult_pipe/clk_r_REG14_S3/RN(low)
                                                 min_pulse_width
                                                           untested  no_clock
U3_cpu/U1_datapath/U3_alu/U9_DW_mult_pipe/clk_r_REG14_S3/SE
                                       CK(rise)  setup     untested  constant_disabled
U3_cpu/U1_datapath/U3_alu/U9_DW_mult_pipe/clk_r_REG14_S3/SE
                                       CK(rise)  hold      untested  constant_disabled
U3_cpu/U1_datapath/U3_alu/U9_DW_mult_pipe/clk_r_REG14_S3/SI
                                       CK(rise)  setup     untested  constant_disabled
U3_cpu/U1_datapath/U3_alu/U9_DW_mult_pipe/clk_r_REG14_S3/SI
                                       CK(rise)  hold      untested  constant_disabled
U3_cpu/U1_datapath/U3_alu/U9_DW_mult_pipe/clk_r_REG15_S4/RN(rise)
                                       CK(rise)  recovery  untested  false_paths
U3_cpu/U1_datapath/U3_alu/U9_DW_mult_pipe/clk_r_REG15_S4/RN(rise)
                                       CK(rise)  removal   untested  false_paths
U3_cpu/U1_datapath/U3_alu/U9_DW_mult_pipe/clk_r_REG15_S4/RN(low)
                                                 min_pulse_width
                                                           untested  no_clock
U3_cpu/U1_datapath/U3_alu/U9_DW_mult_pipe/clk_r_REG15_S4/SE
                                       CK(rise)  setup     untested  constant_disabled
U3_cpu/U1_datapath/U3_alu/U9_DW_mult_pipe/clk_r_REG15_S4/SE
                                       CK(rise)  hold      untested  constant_disabled
U3_cpu/U1_datapath/U3_alu/U9_DW_mult_pipe/clk_r_REG15_S4/SI
                                       CK(rise)  setup     untested  constant_disabled
U3_cpu/U1_datapath/U3_alu/U9_DW_mult_pipe/clk_r_REG15_S4/SI
                                       CK(rise)  hold      untested  constant_disabled
U3_cpu/U1_datapath/U3_alu/U9_DW_mult_pipe/clk_r_REG16_S2/RN(rise)
                                       CK(rise)  recovery  untested  false_paths
U3_cpu/U1_datapath/U3_alu/U9_DW_mult_pipe/clk_r_REG16_S2/RN(rise)
                                       CK(rise)  removal   untested  false_paths
U3_cpu/U1_datapath/U3_alu/U9_DW_mult_pipe/clk_r_REG16_S2/RN(low)
                                                 min_pulse_width
                                                           untested  no_clock
U3_cpu/U1_datapath/U3_alu/U9_DW_mult_pipe/clk_r_REG16_S2/SE
                                       CK(rise)  setup     untested  constant_disabled
U3_cpu/U1_datapath/U3_alu/U9_DW_mult_pipe/clk_r_REG16_S2/SE
                                       CK(rise)  hold      untested  constant_disabled
U3_cpu/U1_datapath/U3_alu/U9_DW_mult_pipe/clk_r_REG16_S2/SI
                                       CK(rise)  setup     untested  constant_disabled
U3_cpu/U1_datapath/U3_alu/U9_DW_mult_pipe/clk_r_REG16_S2/SI
                                       CK(rise)  hold      untested  constant_disabled
U3_cpu/U1_datapath/U3_alu/U9_DW_mult_pipe/clk_r_REG17_S3/RN(rise)
                                       CK(rise)  recovery  untested  false_paths
U3_cpu/U1_datapath/U3_alu/U9_DW_mult_pipe/clk_r_REG17_S3/RN(rise)
                                       CK(rise)  removal   untested  false_paths
U3_cpu/U1_datapath/U3_alu/U9_DW_mult_pipe/clk_r_REG17_S3/RN(low)
                                                 min_pulse_width
                                                           untested  no_clock
U3_cpu/U1_datapath/U3_alu/U9_DW_mult_pipe/clk_r_REG17_S3/SE
                                       CK(rise)  setup     untested  constant_disabled
U3_cpu/U1_datapath/U3_alu/U9_DW_mult_pipe/clk_r_REG17_S3/SE
                                       CK(rise)  hold      untested  constant_disabled
U3_cpu/U1_datapath/U3_alu/U9_DW_mult_pipe/clk_r_REG17_S3/SI
                                       CK(rise)  setup     untested  constant_disabled
U3_cpu/U1_datapath/U3_alu/U9_DW_mult_pipe/clk_r_REG17_S3/SI
                                       CK(rise)  hold      untested  constant_disabled
U3_cpu/U1_datapath/U3_alu/U9_DW_mult_pipe/clk_r_REG18_S4/RN(rise)
                                       CK(rise)  recovery  untested  false_paths
U3_cpu/U1_datapath/U3_alu/U9_DW_mult_pipe/clk_r_REG18_S4/RN(rise)
                                       CK(rise)  removal   untested  false_paths
U3_cpu/U1_datapath/U3_alu/U9_DW_mult_pipe/clk_r_REG18_S4/RN(low)
                                                 min_pulse_width
                                                           untested  no_clock
U3_cpu/U1_datapath/U3_alu/U9_DW_mult_pipe/clk_r_REG18_S4/SE
                                       CK(rise)  setup     untested  constant_disabled
U3_cpu/U1_datapath/U3_alu/U9_DW_mult_pipe/clk_r_REG18_S4/SE
                                       CK(rise)  hold      untested  constant_disabled
U3_cpu/U1_datapath/U3_alu/U9_DW_mult_pipe/clk_r_REG18_S4/SI
                                       CK(rise)  setup     untested  constant_disabled
U3_cpu/U1_datapath/U3_alu/U9_DW_mult_pipe/clk_r_REG18_S4/SI
                                       CK(rise)  hold      untested  constant_disabled
U3_cpu/U1_datapath/U3_alu/U9_DW_mult_pipe/clk_r_REG19_S2/RN(rise)
                                       CK(rise)  recovery  untested  false_paths
U3_cpu/U1_datapath/U3_alu/U9_DW_mult_pipe/clk_r_REG19_S2/RN(rise)
                                       CK(rise)  removal   untested  false_paths
U3_cpu/U1_datapath/U3_alu/U9_DW_mult_pipe/clk_r_REG19_S2/RN(low)
                                                 min_pulse_width
                                                           untested  no_clock
U3_cpu/U1_datapath/U3_alu/U9_DW_mult_pipe/clk_r_REG19_S2/SE
                                       CK(rise)  setup     untested  constant_disabled
U3_cpu/U1_datapath/U3_alu/U9_DW_mult_pipe/clk_r_REG19_S2/SE
                                       CK(rise)  hold      untested  constant_disabled
U3_cpu/U1_datapath/U3_alu/U9_DW_mult_pipe/clk_r_REG19_S2/SI
                                       CK(rise)  setup     untested  constant_disabled
U3_cpu/U1_datapath/U3_alu/U9_DW_mult_pipe/clk_r_REG19_S2/SI
                                       CK(rise)  hold      untested  constant_disabled
U3_cpu/U1_datapath/U3_alu/U9_DW_mult_pipe/clk_r_REG1_S2/RN(rise)
                                       CK(rise)  recovery  untested  false_paths
U3_cpu/U1_datapath/U3_alu/U9_DW_mult_pipe/clk_r_REG1_S2/RN(rise)
                                       CK(rise)  removal   untested  false_paths
U3_cpu/U1_datapath/U3_alu/U9_DW_mult_pipe/clk_r_REG1_S2/RN(low)
                                                 min_pulse_width
                                                           untested  no_clock
U3_cpu/U1_datapath/U3_alu/U9_DW_mult_pipe/clk_r_REG1_S2/SE
                                       CK(rise)  setup     untested  constant_disabled
U3_cpu/U1_datapath/U3_alu/U9_DW_mult_pipe/clk_r_REG1_S2/SE
                                       CK(rise)  hold      untested  constant_disabled
U3_cpu/U1_datapath/U3_alu/U9_DW_mult_pipe/clk_r_REG1_S2/SI
                                       CK(rise)  setup     untested  constant_disabled
U3_cpu/U1_datapath/U3_alu/U9_DW_mult_pipe/clk_r_REG1_S2/SI
                                       CK(rise)  hold      untested  constant_disabled
U3_cpu/U1_datapath/U3_alu/U9_DW_mult_pipe/clk_r_REG20_S3/RN(rise)
                                       CK(rise)  recovery  untested  false_paths
U3_cpu/U1_datapath/U3_alu/U9_DW_mult_pipe/clk_r_REG20_S3/RN(rise)
                                       CK(rise)  removal   untested  false_paths
U3_cpu/U1_datapath/U3_alu/U9_DW_mult_pipe/clk_r_REG20_S3/RN(low)
                                                 min_pulse_width
                                                           untested  no_clock
U3_cpu/U1_datapath/U3_alu/U9_DW_mult_pipe/clk_r_REG20_S3/SE
                                       CK(rise)  setup     untested  constant_disabled
U3_cpu/U1_datapath/U3_alu/U9_DW_mult_pipe/clk_r_REG20_S3/SE
                                       CK(rise)  hold      untested  constant_disabled
U3_cpu/U1_datapath/U3_alu/U9_DW_mult_pipe/clk_r_REG20_S3/SI
                                       CK(rise)  setup     untested  constant_disabled
U3_cpu/U1_datapath/U3_alu/U9_DW_mult_pipe/clk_r_REG20_S3/SI
                                       CK(rise)  hold      untested  constant_disabled
U3_cpu/U1_datapath/U3_alu/U9_DW_mult_pipe/clk_r_REG21_S4/RN(rise)
                                       CK(rise)  recovery  untested  false_paths
U3_cpu/U1_datapath/U3_alu/U9_DW_mult_pipe/clk_r_REG21_S4/RN(rise)
                                       CK(rise)  removal   untested  false_paths
U3_cpu/U1_datapath/U3_alu/U9_DW_mult_pipe/clk_r_REG21_S4/RN(low)
                                                 min_pulse_width
                                                           untested  no_clock
U3_cpu/U1_datapath/U3_alu/U9_DW_mult_pipe/clk_r_REG21_S4/SE
                                       CK(rise)  setup     untested  constant_disabled
U3_cpu/U1_datapath/U3_alu/U9_DW_mult_pipe/clk_r_REG21_S4/SE
                                       CK(rise)  hold      untested  constant_disabled
U3_cpu/U1_datapath/U3_alu/U9_DW_mult_pipe/clk_r_REG21_S4/SI
                                       CK(rise)  setup     untested  constant_disabled
U3_cpu/U1_datapath/U3_alu/U9_DW_mult_pipe/clk_r_REG21_S4/SI
                                       CK(rise)  hold      untested  constant_disabled
U3_cpu/U1_datapath/U3_alu/U9_DW_mult_pipe/clk_r_REG22_S2/RN(rise)
                                       CK(rise)  recovery  untested  false_paths
U3_cpu/U1_datapath/U3_alu/U9_DW_mult_pipe/clk_r_REG22_S2/RN(rise)
                                       CK(rise)  removal   untested  false_paths
U3_cpu/U1_datapath/U3_alu/U9_DW_mult_pipe/clk_r_REG22_S2/RN(low)
                                                 min_pulse_width
                                                           untested  no_clock
U3_cpu/U1_datapath/U3_alu/U9_DW_mult_pipe/clk_r_REG22_S2/SE
                                       CK(rise)  setup     untested  constant_disabled
U3_cpu/U1_datapath/U3_alu/U9_DW_mult_pipe/clk_r_REG22_S2/SE
                                       CK(rise)  hold      untested  constant_disabled
U3_cpu/U1_datapath/U3_alu/U9_DW_mult_pipe/clk_r_REG22_S2/SI
                                       CK(rise)  setup     untested  constant_disabled
U3_cpu/U1_datapath/U3_alu/U9_DW_mult_pipe/clk_r_REG22_S2/SI
                                       CK(rise)  hold      untested  constant_disabled
U3_cpu/U1_datapath/U3_alu/U9_DW_mult_pipe/clk_r_REG23_S3/RN(rise)
                                       CK(rise)  recovery  untested  false_paths
U3_cpu/U1_datapath/U3_alu/U9_DW_mult_pipe/clk_r_REG23_S3/RN(rise)
                                       CK(rise)  removal   untested  false_paths
U3_cpu/U1_datapath/U3_alu/U9_DW_mult_pipe/clk_r_REG23_S3/RN(low)
                                                 min_pulse_width
                                                           untested  no_clock
U3_cpu/U1_datapath/U3_alu/U9_DW_mult_pipe/clk_r_REG23_S3/SE
                                       CK(rise)  setup     untested  constant_disabled
U3_cpu/U1_datapath/U3_alu/U9_DW_mult_pipe/clk_r_REG23_S3/SE
                                       CK(rise)  hold      untested  constant_disabled
U3_cpu/U1_datapath/U3_alu/U9_DW_mult_pipe/clk_r_REG23_S3/SI
                                       CK(rise)  setup     untested  constant_disabled
U3_cpu/U1_datapath/U3_alu/U9_DW_mult_pipe/clk_r_REG23_S3/SI
                                       CK(rise)  hold      untested  constant_disabled
U3_cpu/U1_datapath/U3_alu/U9_DW_mult_pipe/clk_r_REG24_S4/RN(rise)
                                       CK(rise)  recovery  untested  false_paths
U3_cpu/U1_datapath/U3_alu/U9_DW_mult_pipe/clk_r_REG24_S4/RN(rise)
                                       CK(rise)  removal   untested  false_paths
U3_cpu/U1_datapath/U3_alu/U9_DW_mult_pipe/clk_r_REG24_S4/RN(low)
                                                 min_pulse_width
                                                           untested  no_clock
U3_cpu/U1_datapath/U3_alu/U9_DW_mult_pipe/clk_r_REG24_S4/SE
                                       CK(rise)  setup     untested  constant_disabled
U3_cpu/U1_datapath/U3_alu/U9_DW_mult_pipe/clk_r_REG24_S4/SE
                                       CK(rise)  hold      untested  constant_disabled
U3_cpu/U1_datapath/U3_alu/U9_DW_mult_pipe/clk_r_REG24_S4/SI
                                       CK(rise)  setup     untested  constant_disabled
U3_cpu/U1_datapath/U3_alu/U9_DW_mult_pipe/clk_r_REG24_S4/SI
                                       CK(rise)  hold      untested  constant_disabled
U3_cpu/U1_datapath/U3_alu/U9_DW_mult_pipe/clk_r_REG25_S2/RN(rise)
                                       CK(rise)  recovery  untested  false_paths
U3_cpu/U1_datapath/U3_alu/U9_DW_mult_pipe/clk_r_REG25_S2/RN(rise)
                                       CK(rise)  removal   untested  false_paths
U3_cpu/U1_datapath/U3_alu/U9_DW_mult_pipe/clk_r_REG25_S2/RN(low)
                                                 min_pulse_width
                                                           untested  no_clock
U3_cpu/U1_datapath/U3_alu/U9_DW_mult_pipe/clk_r_REG25_S2/SE
                                       CK(rise)  setup     untested  constant_disabled
U3_cpu/U1_datapath/U3_alu/U9_DW_mult_pipe/clk_r_REG25_S2/SE
                                       CK(rise)  hold      untested  constant_disabled
U3_cpu/U1_datapath/U3_alu/U9_DW_mult_pipe/clk_r_REG25_S2/SI
                                       CK(rise)  setup     untested  constant_disabled
U3_cpu/U1_datapath/U3_alu/U9_DW_mult_pipe/clk_r_REG25_S2/SI
                                       CK(rise)  hold      untested  constant_disabled
U3_cpu/U1_datapath/U3_alu/U9_DW_mult_pipe/clk_r_REG26_S3/RN(rise)
                                       CK(rise)  recovery  untested  false_paths
U3_cpu/U1_datapath/U3_alu/U9_DW_mult_pipe/clk_r_REG26_S3/RN(rise)
                                       CK(rise)  removal   untested  false_paths
U3_cpu/U1_datapath/U3_alu/U9_DW_mult_pipe/clk_r_REG26_S3/RN(low)
                                                 min_pulse_width
                                                           untested  no_clock
U3_cpu/U1_datapath/U3_alu/U9_DW_mult_pipe/clk_r_REG26_S3/SE
                                       CK(rise)  setup     untested  constant_disabled
U3_cpu/U1_datapath/U3_alu/U9_DW_mult_pipe/clk_r_REG26_S3/SE
                                       CK(rise)  hold      untested  constant_disabled
U3_cpu/U1_datapath/U3_alu/U9_DW_mult_pipe/clk_r_REG26_S3/SI
                                       CK(rise)  setup     untested  constant_disabled
U3_cpu/U1_datapath/U3_alu/U9_DW_mult_pipe/clk_r_REG26_S3/SI
                                       CK(rise)  hold      untested  constant_disabled
U3_cpu/U1_datapath/U3_alu/U9_DW_mult_pipe/clk_r_REG27_S4/RN(rise)
                                       CK(rise)  recovery  untested  false_paths
U3_cpu/U1_datapath/U3_alu/U9_DW_mult_pipe/clk_r_REG27_S4/RN(rise)
                                       CK(rise)  removal   untested  false_paths
U3_cpu/U1_datapath/U3_alu/U9_DW_mult_pipe/clk_r_REG27_S4/RN(low)
                                                 min_pulse_width
                                                           untested  no_clock
U3_cpu/U1_datapath/U3_alu/U9_DW_mult_pipe/clk_r_REG27_S4/SE
                                       CK(rise)  setup     untested  constant_disabled
U3_cpu/U1_datapath/U3_alu/U9_DW_mult_pipe/clk_r_REG27_S4/SE
                                       CK(rise)  hold      untested  constant_disabled
U3_cpu/U1_datapath/U3_alu/U9_DW_mult_pipe/clk_r_REG27_S4/SI
                                       CK(rise)  setup     untested  constant_disabled
U3_cpu/U1_datapath/U3_alu/U9_DW_mult_pipe/clk_r_REG27_S4/SI
                                       CK(rise)  hold      untested  constant_disabled
U3_cpu/U1_datapath/U3_alu/U9_DW_mult_pipe/clk_r_REG28_S2/RN(rise)
                                       CK(rise)  recovery  untested  false_paths
U3_cpu/U1_datapath/U3_alu/U9_DW_mult_pipe/clk_r_REG28_S2/RN(rise)
                                       CK(rise)  removal   untested  false_paths
U3_cpu/U1_datapath/U3_alu/U9_DW_mult_pipe/clk_r_REG28_S2/RN(low)
                                                 min_pulse_width
                                                           untested  no_clock
U3_cpu/U1_datapath/U3_alu/U9_DW_mult_pipe/clk_r_REG28_S2/SE
                                       CK(rise)  setup     untested  constant_disabled
U3_cpu/U1_datapath/U3_alu/U9_DW_mult_pipe/clk_r_REG28_S2/SE
                                       CK(rise)  hold      untested  constant_disabled
U3_cpu/U1_datapath/U3_alu/U9_DW_mult_pipe/clk_r_REG28_S2/SI
                                       CK(rise)  setup     untested  constant_disabled
U3_cpu/U1_datapath/U3_alu/U9_DW_mult_pipe/clk_r_REG28_S2/SI
                                       CK(rise)  hold      untested  constant_disabled
U3_cpu/U1_datapath/U3_alu/U9_DW_mult_pipe/clk_r_REG29_S3/RN(rise)
                                       CK(rise)  recovery  untested  false_paths
U3_cpu/U1_datapath/U3_alu/U9_DW_mult_pipe/clk_r_REG29_S3/RN(rise)
                                       CK(rise)  removal   untested  false_paths
U3_cpu/U1_datapath/U3_alu/U9_DW_mult_pipe/clk_r_REG29_S3/RN(low)
                                                 min_pulse_width
                                                           untested  no_clock
U3_cpu/U1_datapath/U3_alu/U9_DW_mult_pipe/clk_r_REG29_S3/SE
                                       CK(rise)  setup     untested  constant_disabled
U3_cpu/U1_datapath/U3_alu/U9_DW_mult_pipe/clk_r_REG29_S3/SE
                                       CK(rise)  hold      untested  constant_disabled
U3_cpu/U1_datapath/U3_alu/U9_DW_mult_pipe/clk_r_REG29_S3/SI
                                       CK(rise)  setup     untested  constant_disabled
U3_cpu/U1_datapath/U3_alu/U9_DW_mult_pipe/clk_r_REG29_S3/SI
                                       CK(rise)  hold      untested  constant_disabled
U3_cpu/U1_datapath/U3_alu/U9_DW_mult_pipe/clk_r_REG2_S3/RN(rise)
                                       CK(rise)  recovery  untested  false_paths
U3_cpu/U1_datapath/U3_alu/U9_DW_mult_pipe/clk_r_REG2_S3/RN(rise)
                                       CK(rise)  removal   untested  false_paths
U3_cpu/U1_datapath/U3_alu/U9_DW_mult_pipe/clk_r_REG2_S3/RN(low)
                                                 min_pulse_width
                                                           untested  no_clock
U3_cpu/U1_datapath/U3_alu/U9_DW_mult_pipe/clk_r_REG2_S3/SE
                                       CK(rise)  setup     untested  constant_disabled
U3_cpu/U1_datapath/U3_alu/U9_DW_mult_pipe/clk_r_REG2_S3/SE
                                       CK(rise)  hold      untested  constant_disabled
U3_cpu/U1_datapath/U3_alu/U9_DW_mult_pipe/clk_r_REG2_S3/SI
                                       CK(rise)  setup     untested  constant_disabled
U3_cpu/U1_datapath/U3_alu/U9_DW_mult_pipe/clk_r_REG2_S3/SI
                                       CK(rise)  hold      untested  constant_disabled
U3_cpu/U1_datapath/U3_alu/U9_DW_mult_pipe/clk_r_REG30_S4/RN(rise)
                                       CK(rise)  recovery  untested  false_paths
U3_cpu/U1_datapath/U3_alu/U9_DW_mult_pipe/clk_r_REG30_S4/RN(rise)
                                       CK(rise)  removal   untested  false_paths
U3_cpu/U1_datapath/U3_alu/U9_DW_mult_pipe/clk_r_REG30_S4/RN(low)
                                                 min_pulse_width
                                                           untested  no_clock
U3_cpu/U1_datapath/U3_alu/U9_DW_mult_pipe/clk_r_REG30_S4/SE
                                       CK(rise)  setup     untested  constant_disabled
U3_cpu/U1_datapath/U3_alu/U9_DW_mult_pipe/clk_r_REG30_S4/SE
                                       CK(rise)  hold      untested  constant_disabled
U3_cpu/U1_datapath/U3_alu/U9_DW_mult_pipe/clk_r_REG30_S4/SI
                                       CK(rise)  setup     untested  constant_disabled
U3_cpu/U1_datapath/U3_alu/U9_DW_mult_pipe/clk_r_REG30_S4/SI
                                       CK(rise)  hold      untested  constant_disabled
U3_cpu/U1_datapath/U3_alu/U9_DW_mult_pipe/clk_r_REG31_S2/RN(rise)
                                       CK(rise)  recovery  untested  false_paths
U3_cpu/U1_datapath/U3_alu/U9_DW_mult_pipe/clk_r_REG31_S2/RN(rise)
                                       CK(rise)  removal   untested  false_paths
U3_cpu/U1_datapath/U3_alu/U9_DW_mult_pipe/clk_r_REG31_S2/RN(low)
                                                 min_pulse_width
                                                           untested  no_clock
U3_cpu/U1_datapath/U3_alu/U9_DW_mult_pipe/clk_r_REG31_S2/SE
                                       CK(rise)  setup     untested  constant_disabled
U3_cpu/U1_datapath/U3_alu/U9_DW_mult_pipe/clk_r_REG31_S2/SE
                                       CK(rise)  hold      untested  constant_disabled
U3_cpu/U1_datapath/U3_alu/U9_DW_mult_pipe/clk_r_REG31_S2/SI
                                       CK(rise)  setup     untested  constant_disabled
U3_cpu/U1_datapath/U3_alu/U9_DW_mult_pipe/clk_r_REG31_S2/SI
                                       CK(rise)  hold      untested  constant_disabled
U3_cpu/U1_datapath/U3_alu/U9_DW_mult_pipe/clk_r_REG32_S3/RN(rise)
                                       CK(rise)  recovery  untested  false_paths
U3_cpu/U1_datapath/U3_alu/U9_DW_mult_pipe/clk_r_REG32_S3/RN(rise)
                                       CK(rise)  removal   untested  false_paths
U3_cpu/U1_datapath/U3_alu/U9_DW_mult_pipe/clk_r_REG32_S3/RN(low)
                                                 min_pulse_width
                                                           untested  no_clock
U3_cpu/U1_datapath/U3_alu/U9_DW_mult_pipe/clk_r_REG32_S3/SE
                                       CK(rise)  setup     untested  constant_disabled
U3_cpu/U1_datapath/U3_alu/U9_DW_mult_pipe/clk_r_REG32_S3/SE
                                       CK(rise)  hold      untested  constant_disabled
U3_cpu/U1_datapath/U3_alu/U9_DW_mult_pipe/clk_r_REG32_S3/SI
                                       CK(rise)  setup     untested  constant_disabled
U3_cpu/U1_datapath/U3_alu/U9_DW_mult_pipe/clk_r_REG32_S3/SI
                                       CK(rise)  hold      untested  constant_disabled
U3_cpu/U1_datapath/U3_alu/U9_DW_mult_pipe/clk_r_REG33_S4/RN(rise)
                                       CK(rise)  recovery  untested  false_paths
U3_cpu/U1_datapath/U3_alu/U9_DW_mult_pipe/clk_r_REG33_S4/RN(rise)
                                       CK(rise)  removal   untested  false_paths
U3_cpu/U1_datapath/U3_alu/U9_DW_mult_pipe/clk_r_REG33_S4/RN(low)
                                                 min_pulse_width
                                                           untested  no_clock
U3_cpu/U1_datapath/U3_alu/U9_DW_mult_pipe/clk_r_REG33_S4/SE
                                       CK(rise)  setup     untested  constant_disabled
U3_cpu/U1_datapath/U3_alu/U9_DW_mult_pipe/clk_r_REG33_S4/SE
                                       CK(rise)  hold      untested  constant_disabled
U3_cpu/U1_datapath/U3_alu/U9_DW_mult_pipe/clk_r_REG33_S4/SI
                                       CK(rise)  setup     untested  constant_disabled
U3_cpu/U1_datapath/U3_alu/U9_DW_mult_pipe/clk_r_REG33_S4/SI
                                       CK(rise)  hold      untested  constant_disabled
U3_cpu/U1_datapath/U3_alu/U9_DW_mult_pipe/clk_r_REG34_S2/RN(rise)
                                       CK(rise)  recovery  untested  false_paths
U3_cpu/U1_datapath/U3_alu/U9_DW_mult_pipe/clk_r_REG34_S2/RN(rise)
                                       CK(rise)  removal   untested  false_paths
U3_cpu/U1_datapath/U3_alu/U9_DW_mult_pipe/clk_r_REG34_S2/RN(low)
                                                 min_pulse_width
                                                           untested  no_clock
U3_cpu/U1_datapath/U3_alu/U9_DW_mult_pipe/clk_r_REG34_S2/SE
                                       CK(rise)  setup     untested  constant_disabled
U3_cpu/U1_datapath/U3_alu/U9_DW_mult_pipe/clk_r_REG34_S2/SE
                                       CK(rise)  hold      untested  constant_disabled
U3_cpu/U1_datapath/U3_alu/U9_DW_mult_pipe/clk_r_REG34_S2/SI
                                       CK(rise)  setup     untested  constant_disabled
U3_cpu/U1_datapath/U3_alu/U9_DW_mult_pipe/clk_r_REG34_S2/SI
                                       CK(rise)  hold      untested  constant_disabled
U3_cpu/U1_datapath/U3_alu/U9_DW_mult_pipe/clk_r_REG35_S3/RN(rise)
                                       CK(rise)  recovery  untested  false_paths
U3_cpu/U1_datapath/U3_alu/U9_DW_mult_pipe/clk_r_REG35_S3/RN(rise)
                                       CK(rise)  removal   untested  false_paths
U3_cpu/U1_datapath/U3_alu/U9_DW_mult_pipe/clk_r_REG35_S3/RN(low)
                                                 min_pulse_width
                                                           untested  no_clock
U3_cpu/U1_datapath/U3_alu/U9_DW_mult_pipe/clk_r_REG35_S3/SE
                                       CK(rise)  setup     untested  constant_disabled
U3_cpu/U1_datapath/U3_alu/U9_DW_mult_pipe/clk_r_REG35_S3/SE
                                       CK(rise)  hold      untested  constant_disabled
U3_cpu/U1_datapath/U3_alu/U9_DW_mult_pipe/clk_r_REG35_S3/SI
                                       CK(rise)  setup     untested  constant_disabled
U3_cpu/U1_datapath/U3_alu/U9_DW_mult_pipe/clk_r_REG35_S3/SI
                                       CK(rise)  hold      untested  constant_disabled
U3_cpu/U1_datapath/U3_alu/U9_DW_mult_pipe/clk_r_REG36_S4/RN(rise)
                                       CK(rise)  recovery  untested  false_paths
U3_cpu/U1_datapath/U3_alu/U9_DW_mult_pipe/clk_r_REG36_S4/RN(rise)
                                       CK(rise)  removal   untested  false_paths
U3_cpu/U1_datapath/U3_alu/U9_DW_mult_pipe/clk_r_REG36_S4/RN(low)
                                                 min_pulse_width
                                                           untested  no_clock
U3_cpu/U1_datapath/U3_alu/U9_DW_mult_pipe/clk_r_REG36_S4/SE
                                       CK(rise)  setup     untested  constant_disabled
U3_cpu/U1_datapath/U3_alu/U9_DW_mult_pipe/clk_r_REG36_S4/SE
                                       CK(rise)  hold      untested  constant_disabled
U3_cpu/U1_datapath/U3_alu/U9_DW_mult_pipe/clk_r_REG36_S4/SI
                                       CK(rise)  setup     untested  constant_disabled
U3_cpu/U1_datapath/U3_alu/U9_DW_mult_pipe/clk_r_REG36_S4/SI
                                       CK(rise)  hold      untested  constant_disabled
U3_cpu/U1_datapath/U3_alu/U9_DW_mult_pipe/clk_r_REG37_S2/RN(rise)
                                       CK(rise)  recovery  untested  false_paths
U3_cpu/U1_datapath/U3_alu/U9_DW_mult_pipe/clk_r_REG37_S2/RN(rise)
                                       CK(rise)  removal   untested  false_paths
U3_cpu/U1_datapath/U3_alu/U9_DW_mult_pipe/clk_r_REG37_S2/RN(low)
                                                 min_pulse_width
                                                           untested  no_clock
U3_cpu/U1_datapath/U3_alu/U9_DW_mult_pipe/clk_r_REG37_S2/SE
                                       CK(rise)  setup     untested  constant_disabled
U3_cpu/U1_datapath/U3_alu/U9_DW_mult_pipe/clk_r_REG37_S2/SE
                                       CK(rise)  hold      untested  constant_disabled
U3_cpu/U1_datapath/U3_alu/U9_DW_mult_pipe/clk_r_REG37_S2/SI
                                       CK(rise)  setup     untested  constant_disabled
U3_cpu/U1_datapath/U3_alu/U9_DW_mult_pipe/clk_r_REG37_S2/SI
                                       CK(rise)  hold      untested  constant_disabled
U3_cpu/U1_datapath/U3_alu/U9_DW_mult_pipe/clk_r_REG38_S3/RN(rise)
                                       CK(rise)  recovery  untested  false_paths
U3_cpu/U1_datapath/U3_alu/U9_DW_mult_pipe/clk_r_REG38_S3/RN(rise)
                                       CK(rise)  removal   untested  false_paths
U3_cpu/U1_datapath/U3_alu/U9_DW_mult_pipe/clk_r_REG38_S3/RN(low)
                                                 min_pulse_width
                                                           untested  no_clock
U3_cpu/U1_datapath/U3_alu/U9_DW_mult_pipe/clk_r_REG38_S3/SE
                                       CK(rise)  setup     untested  constant_disabled
U3_cpu/U1_datapath/U3_alu/U9_DW_mult_pipe/clk_r_REG38_S3/SE
                                       CK(rise)  hold      untested  constant_disabled
U3_cpu/U1_datapath/U3_alu/U9_DW_mult_pipe/clk_r_REG38_S3/SI
                                       CK(rise)  setup     untested  constant_disabled
U3_cpu/U1_datapath/U3_alu/U9_DW_mult_pipe/clk_r_REG38_S3/SI
                                       CK(rise)  hold      untested  constant_disabled
U3_cpu/U1_datapath/U3_alu/U9_DW_mult_pipe/clk_r_REG39_S4/RN(rise)
                                       CK(rise)  recovery  untested  false_paths
U3_cpu/U1_datapath/U3_alu/U9_DW_mult_pipe/clk_r_REG39_S4/RN(rise)
                                       CK(rise)  removal   untested  false_paths
U3_cpu/U1_datapath/U3_alu/U9_DW_mult_pipe/clk_r_REG39_S4/RN(low)
                                                 min_pulse_width
                                                           untested  no_clock
U3_cpu/U1_datapath/U3_alu/U9_DW_mult_pipe/clk_r_REG39_S4/SE
                                       CK(rise)  setup     untested  constant_disabled
U3_cpu/U1_datapath/U3_alu/U9_DW_mult_pipe/clk_r_REG39_S4/SE
                                       CK(rise)  hold      untested  constant_disabled
U3_cpu/U1_datapath/U3_alu/U9_DW_mult_pipe/clk_r_REG39_S4/SI
                                       CK(rise)  setup     untested  constant_disabled
U3_cpu/U1_datapath/U3_alu/U9_DW_mult_pipe/clk_r_REG39_S4/SI
                                       CK(rise)  hold      untested  constant_disabled
U3_cpu/U1_datapath/U3_alu/U9_DW_mult_pipe/clk_r_REG3_S4/RN(rise)
                                       CK(rise)  recovery  untested  false_paths
U3_cpu/U1_datapath/U3_alu/U9_DW_mult_pipe/clk_r_REG3_S4/RN(rise)
                                       CK(rise)  removal   untested  false_paths
U3_cpu/U1_datapath/U3_alu/U9_DW_mult_pipe/clk_r_REG3_S4/RN(low)
                                                 min_pulse_width
                                                           untested  no_clock
U3_cpu/U1_datapath/U3_alu/U9_DW_mult_pipe/clk_r_REG3_S4/SE
                                       CK(rise)  setup     untested  constant_disabled
U3_cpu/U1_datapath/U3_alu/U9_DW_mult_pipe/clk_r_REG3_S4/SE
                                       CK(rise)  hold      untested  constant_disabled
U3_cpu/U1_datapath/U3_alu/U9_DW_mult_pipe/clk_r_REG3_S4/SI
                                       CK(rise)  setup     untested  constant_disabled
U3_cpu/U1_datapath/U3_alu/U9_DW_mult_pipe/clk_r_REG3_S4/SI
                                       CK(rise)  hold      untested  constant_disabled
U3_cpu/U1_datapath/U3_alu/U9_DW_mult_pipe/clk_r_REG40_S2/RN(rise)
                                       CK(rise)  recovery  untested  false_paths
U3_cpu/U1_datapath/U3_alu/U9_DW_mult_pipe/clk_r_REG40_S2/RN(rise)
                                       CK(rise)  removal   untested  false_paths
U3_cpu/U1_datapath/U3_alu/U9_DW_mult_pipe/clk_r_REG40_S2/RN(low)
                                                 min_pulse_width
                                                           untested  no_clock
U3_cpu/U1_datapath/U3_alu/U9_DW_mult_pipe/clk_r_REG40_S2/SE
                                       CK(rise)  setup     untested  constant_disabled
U3_cpu/U1_datapath/U3_alu/U9_DW_mult_pipe/clk_r_REG40_S2/SE
                                       CK(rise)  hold      untested  constant_disabled
U3_cpu/U1_datapath/U3_alu/U9_DW_mult_pipe/clk_r_REG40_S2/SI
                                       CK(rise)  setup     untested  constant_disabled
U3_cpu/U1_datapath/U3_alu/U9_DW_mult_pipe/clk_r_REG40_S2/SI
                                       CK(rise)  hold      untested  constant_disabled
U3_cpu/U1_datapath/U3_alu/U9_DW_mult_pipe/clk_r_REG41_S3/RN(rise)
                                       CK(rise)  recovery  untested  false_paths
U3_cpu/U1_datapath/U3_alu/U9_DW_mult_pipe/clk_r_REG41_S3/RN(rise)
                                       CK(rise)  removal   untested  false_paths
U3_cpu/U1_datapath/U3_alu/U9_DW_mult_pipe/clk_r_REG41_S3/RN(low)
                                                 min_pulse_width
                                                           untested  no_clock
U3_cpu/U1_datapath/U3_alu/U9_DW_mult_pipe/clk_r_REG41_S3/SE
                                       CK(rise)  setup     untested  constant_disabled
U3_cpu/U1_datapath/U3_alu/U9_DW_mult_pipe/clk_r_REG41_S3/SE
                                       CK(rise)  hold      untested  constant_disabled
U3_cpu/U1_datapath/U3_alu/U9_DW_mult_pipe/clk_r_REG41_S3/SI
                                       CK(rise)  setup     untested  constant_disabled
U3_cpu/U1_datapath/U3_alu/U9_DW_mult_pipe/clk_r_REG41_S3/SI
                                       CK(rise)  hold      untested  constant_disabled
U3_cpu/U1_datapath/U3_alu/U9_DW_mult_pipe/clk_r_REG42_S4/RN(rise)
                                       CK(rise)  recovery  untested  false_paths
U3_cpu/U1_datapath/U3_alu/U9_DW_mult_pipe/clk_r_REG42_S4/RN(rise)
                                       CK(rise)  removal   untested  false_paths
U3_cpu/U1_datapath/U3_alu/U9_DW_mult_pipe/clk_r_REG42_S4/RN(low)
                                                 min_pulse_width
                                                           untested  no_clock
U3_cpu/U1_datapath/U3_alu/U9_DW_mult_pipe/clk_r_REG42_S4/SE
                                       CK(rise)  setup     untested  constant_disabled
U3_cpu/U1_datapath/U3_alu/U9_DW_mult_pipe/clk_r_REG42_S4/SE
                                       CK(rise)  hold      untested  constant_disabled
U3_cpu/U1_datapath/U3_alu/U9_DW_mult_pipe/clk_r_REG42_S4/SI
                                       CK(rise)  setup     untested  constant_disabled
U3_cpu/U1_datapath/U3_alu/U9_DW_mult_pipe/clk_r_REG42_S4/SI
                                       CK(rise)  hold      untested  constant_disabled
U3_cpu/U1_datapath/U3_alu/U9_DW_mult_pipe/clk_r_REG43_S2/RN(rise)
                                       CK(rise)  recovery  untested  false_paths
U3_cpu/U1_datapath/U3_alu/U9_DW_mult_pipe/clk_r_REG43_S2/RN(rise)
                                       CK(rise)  removal   untested  false_paths
U3_cpu/U1_datapath/U3_alu/U9_DW_mult_pipe/clk_r_REG43_S2/RN(low)
                                                 min_pulse_width
                                                           untested  no_clock
U3_cpu/U1_datapath/U3_alu/U9_DW_mult_pipe/clk_r_REG43_S2/SE
                                       CK(rise)  setup     untested  constant_disabled
U3_cpu/U1_datapath/U3_alu/U9_DW_mult_pipe/clk_r_REG43_S2/SE
                                       CK(rise)  hold      untested  constant_disabled
U3_cpu/U1_datapath/U3_alu/U9_DW_mult_pipe/clk_r_REG43_S2/SI
                                       CK(rise)  setup     untested  constant_disabled
U3_cpu/U1_datapath/U3_alu/U9_DW_mult_pipe/clk_r_REG43_S2/SI
                                       CK(rise)  hold      untested  constant_disabled
U3_cpu/U1_datapath/U3_alu/U9_DW_mult_pipe/clk_r_REG44_S3/RN(rise)
                                       CK(rise)  recovery  untested  false_paths
U3_cpu/U1_datapath/U3_alu/U9_DW_mult_pipe/clk_r_REG44_S3/RN(rise)
                                       CK(rise)  removal   untested  false_paths
U3_cpu/U1_datapath/U3_alu/U9_DW_mult_pipe/clk_r_REG44_S3/RN(low)
                                                 min_pulse_width
                                                           untested  no_clock
U3_cpu/U1_datapath/U3_alu/U9_DW_mult_pipe/clk_r_REG44_S3/SE
                                       CK(rise)  setup     untested  constant_disabled
U3_cpu/U1_datapath/U3_alu/U9_DW_mult_pipe/clk_r_REG44_S3/SE
                                       CK(rise)  hold      untested  constant_disabled
U3_cpu/U1_datapath/U3_alu/U9_DW_mult_pipe/clk_r_REG44_S3/SI
                                       CK(rise)  setup     untested  constant_disabled
U3_cpu/U1_datapath/U3_alu/U9_DW_mult_pipe/clk_r_REG44_S3/SI
                                       CK(rise)  hold      untested  constant_disabled
U3_cpu/U1_datapath/U3_alu/U9_DW_mult_pipe/clk_r_REG45_S4/RN(rise)
                                       CK(rise)  recovery  untested  false_paths
U3_cpu/U1_datapath/U3_alu/U9_DW_mult_pipe/clk_r_REG45_S4/RN(rise)
                                       CK(rise)  removal   untested  false_paths
U3_cpu/U1_datapath/U3_alu/U9_DW_mult_pipe/clk_r_REG45_S4/RN(low)
                                                 min_pulse_width
                                                           untested  no_clock
U3_cpu/U1_datapath/U3_alu/U9_DW_mult_pipe/clk_r_REG45_S4/SE
                                       CK(rise)  setup     untested  constant_disabled
U3_cpu/U1_datapath/U3_alu/U9_DW_mult_pipe/clk_r_REG45_S4/SE
                                       CK(rise)  hold      untested  constant_disabled
U3_cpu/U1_datapath/U3_alu/U9_DW_mult_pipe/clk_r_REG45_S4/SI
                                       CK(rise)  setup     untested  constant_disabled
U3_cpu/U1_datapath/U3_alu/U9_DW_mult_pipe/clk_r_REG45_S4/SI
                                       CK(rise)  hold      untested  constant_disabled
U3_cpu/U1_datapath/U3_alu/U9_DW_mult_pipe/clk_r_REG46_S2/RN(rise)
                                       CK(rise)  recovery  untested  false_paths
U3_cpu/U1_datapath/U3_alu/U9_DW_mult_pipe/clk_r_REG46_S2/RN(rise)
                                       CK(rise)  removal   untested  false_paths
U3_cpu/U1_datapath/U3_alu/U9_DW_mult_pipe/clk_r_REG46_S2/RN(low)
                                                 min_pulse_width
                                                           untested  no_clock
U3_cpu/U1_datapath/U3_alu/U9_DW_mult_pipe/clk_r_REG46_S2/SE
                                       CK(rise)  setup     untested  constant_disabled
U3_cpu/U1_datapath/U3_alu/U9_DW_mult_pipe/clk_r_REG46_S2/SE
                                       CK(rise)  hold      untested  constant_disabled
U3_cpu/U1_datapath/U3_alu/U9_DW_mult_pipe/clk_r_REG46_S2/SI
                                       CK(rise)  setup     untested  constant_disabled
U3_cpu/U1_datapath/U3_alu/U9_DW_mult_pipe/clk_r_REG46_S2/SI
                                       CK(rise)  hold      untested  constant_disabled
U3_cpu/U1_datapath/U3_alu/U9_DW_mult_pipe/clk_r_REG47_S3/RN(rise)
                                       CK(rise)  recovery  untested  false_paths
U3_cpu/U1_datapath/U3_alu/U9_DW_mult_pipe/clk_r_REG47_S3/RN(rise)
                                       CK(rise)  removal   untested  false_paths
U3_cpu/U1_datapath/U3_alu/U9_DW_mult_pipe/clk_r_REG47_S3/RN(low)
                                                 min_pulse_width
                                                           untested  no_clock
U3_cpu/U1_datapath/U3_alu/U9_DW_mult_pipe/clk_r_REG47_S3/SE
                                       CK(rise)  setup     untested  constant_disabled
U3_cpu/U1_datapath/U3_alu/U9_DW_mult_pipe/clk_r_REG47_S3/SE
                                       CK(rise)  hold      untested  constant_disabled
U3_cpu/U1_datapath/U3_alu/U9_DW_mult_pipe/clk_r_REG47_S3/SI
                                       CK(rise)  setup     untested  constant_disabled
U3_cpu/U1_datapath/U3_alu/U9_DW_mult_pipe/clk_r_REG47_S3/SI
                                       CK(rise)  hold      untested  constant_disabled
U3_cpu/U1_datapath/U3_alu/U9_DW_mult_pipe/clk_r_REG48_S4/RN(rise)
                                       CK(rise)  recovery  untested  false_paths
U3_cpu/U1_datapath/U3_alu/U9_DW_mult_pipe/clk_r_REG48_S4/RN(rise)
                                       CK(rise)  removal   untested  false_paths
U3_cpu/U1_datapath/U3_alu/U9_DW_mult_pipe/clk_r_REG48_S4/RN(low)
                                                 min_pulse_width
                                                           untested  no_clock
U3_cpu/U1_datapath/U3_alu/U9_DW_mult_pipe/clk_r_REG48_S4/SE
                                       CK(rise)  setup     untested  constant_disabled
U3_cpu/U1_datapath/U3_alu/U9_DW_mult_pipe/clk_r_REG48_S4/SE
                                       CK(rise)  hold      untested  constant_disabled
U3_cpu/U1_datapath/U3_alu/U9_DW_mult_pipe/clk_r_REG48_S4/SI
                                       CK(rise)  setup     untested  constant_disabled
U3_cpu/U1_datapath/U3_alu/U9_DW_mult_pipe/clk_r_REG48_S4/SI
                                       CK(rise)  hold      untested  constant_disabled
U3_cpu/U1_datapath/U3_alu/U9_DW_mult_pipe/clk_r_REG49_S1/RN(rise)
                                       CK(rise)  recovery  untested  false_paths
U3_cpu/U1_datapath/U3_alu/U9_DW_mult_pipe/clk_r_REG49_S1/RN(rise)
                                       CK(rise)  removal   untested  false_paths
U3_cpu/U1_datapath/U3_alu/U9_DW_mult_pipe/clk_r_REG49_S1/RN(low)
                                                 min_pulse_width
                                                           untested  no_clock
U3_cpu/U1_datapath/U3_alu/U9_DW_mult_pipe/clk_r_REG49_S1/SE
                                       CK(rise)  setup     untested  constant_disabled
U3_cpu/U1_datapath/U3_alu/U9_DW_mult_pipe/clk_r_REG49_S1/SE
                                       CK(rise)  hold      untested  constant_disabled
U3_cpu/U1_datapath/U3_alu/U9_DW_mult_pipe/clk_r_REG49_S1/SI
                                       CK(rise)  setup     untested  constant_disabled
U3_cpu/U1_datapath/U3_alu/U9_DW_mult_pipe/clk_r_REG49_S1/SI
                                       CK(rise)  hold      untested  constant_disabled
U3_cpu/U1_datapath/U3_alu/U9_DW_mult_pipe/clk_r_REG4_S2/RN(rise)
                                       CK(rise)  recovery  untested  false_paths
U3_cpu/U1_datapath/U3_alu/U9_DW_mult_pipe/clk_r_REG4_S2/RN(rise)
                                       CK(rise)  removal   untested  false_paths
U3_cpu/U1_datapath/U3_alu/U9_DW_mult_pipe/clk_r_REG4_S2/RN(low)
                                                 min_pulse_width
                                                           untested  no_clock
U3_cpu/U1_datapath/U3_alu/U9_DW_mult_pipe/clk_r_REG4_S2/SE
                                       CK(rise)  setup     untested  constant_disabled
U3_cpu/U1_datapath/U3_alu/U9_DW_mult_pipe/clk_r_REG4_S2/SE
                                       CK(rise)  hold      untested  constant_disabled
U3_cpu/U1_datapath/U3_alu/U9_DW_mult_pipe/clk_r_REG4_S2/SI
                                       CK(rise)  setup     untested  constant_disabled
U3_cpu/U1_datapath/U3_alu/U9_DW_mult_pipe/clk_r_REG4_S2/SI
                                       CK(rise)  hold      untested  constant_disabled
U3_cpu/U1_datapath/U3_alu/U9_DW_mult_pipe/clk_r_REG50_S1/RN(rise)
                                       CK(rise)  recovery  untested  false_paths
U3_cpu/U1_datapath/U3_alu/U9_DW_mult_pipe/clk_r_REG50_S1/RN(rise)
                                       CK(rise)  removal   untested  false_paths
U3_cpu/U1_datapath/U3_alu/U9_DW_mult_pipe/clk_r_REG50_S1/RN(low)
                                                 min_pulse_width
                                                           untested  no_clock
U3_cpu/U1_datapath/U3_alu/U9_DW_mult_pipe/clk_r_REG50_S1/SE
                                       CK(rise)  setup     untested  constant_disabled
U3_cpu/U1_datapath/U3_alu/U9_DW_mult_pipe/clk_r_REG50_S1/SE
                                       CK(rise)  hold      untested  constant_disabled
U3_cpu/U1_datapath/U3_alu/U9_DW_mult_pipe/clk_r_REG50_S1/SI
                                       CK(rise)  setup     untested  constant_disabled
U3_cpu/U1_datapath/U3_alu/U9_DW_mult_pipe/clk_r_REG50_S1/SI
                                       CK(rise)  hold      untested  constant_disabled
U3_cpu/U1_datapath/U3_alu/U9_DW_mult_pipe/clk_r_REG51_S1/RN(rise)
                                       CK(rise)  recovery  untested  false_paths
U3_cpu/U1_datapath/U3_alu/U9_DW_mult_pipe/clk_r_REG51_S1/RN(rise)
                                       CK(rise)  removal   untested  false_paths
U3_cpu/U1_datapath/U3_alu/U9_DW_mult_pipe/clk_r_REG51_S1/RN(low)
                                                 min_pulse_width
                                                           untested  no_clock
U3_cpu/U1_datapath/U3_alu/U9_DW_mult_pipe/clk_r_REG51_S1/SE
                                       CK(rise)  setup     untested  constant_disabled
U3_cpu/U1_datapath/U3_alu/U9_DW_mult_pipe/clk_r_REG51_S1/SE
                                       CK(rise)  hold      untested  constant_disabled
U3_cpu/U1_datapath/U3_alu/U9_DW_mult_pipe/clk_r_REG51_S1/SI
                                       CK(rise)  setup     untested  constant_disabled
U3_cpu/U1_datapath/U3_alu/U9_DW_mult_pipe/clk_r_REG51_S1/SI
                                       CK(rise)  hold      untested  constant_disabled
U3_cpu/U1_datapath/U3_alu/U9_DW_mult_pipe/clk_r_REG52_S1/RN(rise)
                                       CK(rise)  recovery  untested  false_paths
U3_cpu/U1_datapath/U3_alu/U9_DW_mult_pipe/clk_r_REG52_S1/RN(rise)
                                       CK(rise)  removal   untested  false_paths
U3_cpu/U1_datapath/U3_alu/U9_DW_mult_pipe/clk_r_REG52_S1/RN(low)
                                                 min_pulse_width
                                                           untested  no_clock
U3_cpu/U1_datapath/U3_alu/U9_DW_mult_pipe/clk_r_REG52_S1/SE
                                       CK(rise)  setup     untested  constant_disabled
U3_cpu/U1_datapath/U3_alu/U9_DW_mult_pipe/clk_r_REG52_S1/SE
                                       CK(rise)  hold      untested  constant_disabled
U3_cpu/U1_datapath/U3_alu/U9_DW_mult_pipe/clk_r_REG52_S1/SI
                                       CK(rise)  setup     untested  constant_disabled
U3_cpu/U1_datapath/U3_alu/U9_DW_mult_pipe/clk_r_REG52_S1/SI
                                       CK(rise)  hold      untested  constant_disabled
U3_cpu/U1_datapath/U3_alu/U9_DW_mult_pipe/clk_r_REG53_S1/RN(rise)
                                       CK(rise)  recovery  untested  false_paths
U3_cpu/U1_datapath/U3_alu/U9_DW_mult_pipe/clk_r_REG53_S1/RN(rise)
                                       CK(rise)  removal   untested  false_paths
U3_cpu/U1_datapath/U3_alu/U9_DW_mult_pipe/clk_r_REG53_S1/RN(low)
                                                 min_pulse_width
                                                           untested  no_clock
U3_cpu/U1_datapath/U3_alu/U9_DW_mult_pipe/clk_r_REG53_S1/SE
                                       CK(rise)  setup     untested  constant_disabled
U3_cpu/U1_datapath/U3_alu/U9_DW_mult_pipe/clk_r_REG53_S1/SE
                                       CK(rise)  hold      untested  constant_disabled
U3_cpu/U1_datapath/U3_alu/U9_DW_mult_pipe/clk_r_REG53_S1/SI
                                       CK(rise)  setup     untested  constant_disabled
U3_cpu/U1_datapath/U3_alu/U9_DW_mult_pipe/clk_r_REG53_S1/SI
                                       CK(rise)  hold      untested  constant_disabled
U3_cpu/U1_datapath/U3_alu/U9_DW_mult_pipe/clk_r_REG54_S1/RN(rise)
                                       CK(rise)  recovery  untested  false_paths
U3_cpu/U1_datapath/U3_alu/U9_DW_mult_pipe/clk_r_REG54_S1/RN(rise)
                                       CK(rise)  removal   untested  false_paths
U3_cpu/U1_datapath/U3_alu/U9_DW_mult_pipe/clk_r_REG54_S1/RN(low)
                                                 min_pulse_width
                                                           untested  no_clock
U3_cpu/U1_datapath/U3_alu/U9_DW_mult_pipe/clk_r_REG54_S1/SE
                                       CK(rise)  setup     untested  constant_disabled
U3_cpu/U1_datapath/U3_alu/U9_DW_mult_pipe/clk_r_REG54_S1/SE
                                       CK(rise)  hold      untested  constant_disabled
U3_cpu/U1_datapath/U3_alu/U9_DW_mult_pipe/clk_r_REG54_S1/SI
                                       CK(rise)  setup     untested  constant_disabled
U3_cpu/U1_datapath/U3_alu/U9_DW_mult_pipe/clk_r_REG54_S1/SI
                                       CK(rise)  hold      untested  constant_disabled
U3_cpu/U1_datapath/U3_alu/U9_DW_mult_pipe/clk_r_REG55_S1/RN(rise)
                                       CK(rise)  recovery  untested  false_paths
U3_cpu/U1_datapath/U3_alu/U9_DW_mult_pipe/clk_r_REG55_S1/RN(rise)
                                       CK(rise)  removal   untested  false_paths
U3_cpu/U1_datapath/U3_alu/U9_DW_mult_pipe/clk_r_REG55_S1/RN(low)
                                                 min_pulse_width
                                                           untested  no_clock
U3_cpu/U1_datapath/U3_alu/U9_DW_mult_pipe/clk_r_REG55_S1/SE
                                       CK(rise)  setup     untested  constant_disabled
U3_cpu/U1_datapath/U3_alu/U9_DW_mult_pipe/clk_r_REG55_S1/SE
                                       CK(rise)  hold      untested  constant_disabled
U3_cpu/U1_datapath/U3_alu/U9_DW_mult_pipe/clk_r_REG55_S1/SI
                                       CK(rise)  setup     untested  constant_disabled
U3_cpu/U1_datapath/U3_alu/U9_DW_mult_pipe/clk_r_REG55_S1/SI
                                       CK(rise)  hold      untested  constant_disabled
U3_cpu/U1_datapath/U3_alu/U9_DW_mult_pipe/clk_r_REG56_S1/RN(rise)
                                       CK(rise)  recovery  untested  false_paths
U3_cpu/U1_datapath/U3_alu/U9_DW_mult_pipe/clk_r_REG56_S1/RN(rise)
                                       CK(rise)  removal   untested  false_paths
U3_cpu/U1_datapath/U3_alu/U9_DW_mult_pipe/clk_r_REG56_S1/RN(low)
                                                 min_pulse_width
                                                           untested  no_clock
U3_cpu/U1_datapath/U3_alu/U9_DW_mult_pipe/clk_r_REG56_S1/SE
                                       CK(rise)  setup     untested  constant_disabled
U3_cpu/U1_datapath/U3_alu/U9_DW_mult_pipe/clk_r_REG56_S1/SE
                                       CK(rise)  hold      untested  constant_disabled
U3_cpu/U1_datapath/U3_alu/U9_DW_mult_pipe/clk_r_REG56_S1/SI
                                       CK(rise)  setup     untested  constant_disabled
U3_cpu/U1_datapath/U3_alu/U9_DW_mult_pipe/clk_r_REG56_S1/SI
                                       CK(rise)  hold      untested  constant_disabled
U3_cpu/U1_datapath/U3_alu/U9_DW_mult_pipe/clk_r_REG57_S1/RN(rise)
                                       CK(rise)  recovery  untested  false_paths
U3_cpu/U1_datapath/U3_alu/U9_DW_mult_pipe/clk_r_REG57_S1/RN(rise)
                                       CK(rise)  removal   untested  false_paths
U3_cpu/U1_datapath/U3_alu/U9_DW_mult_pipe/clk_r_REG57_S1/RN(low)
                                                 min_pulse_width
                                                           untested  no_clock
U3_cpu/U1_datapath/U3_alu/U9_DW_mult_pipe/clk_r_REG57_S1/SE
                                       CK(rise)  setup     untested  constant_disabled
U3_cpu/U1_datapath/U3_alu/U9_DW_mult_pipe/clk_r_REG57_S1/SE
                                       CK(rise)  hold      untested  constant_disabled
U3_cpu/U1_datapath/U3_alu/U9_DW_mult_pipe/clk_r_REG57_S1/SI
                                       CK(rise)  setup     untested  constant_disabled
U3_cpu/U1_datapath/U3_alu/U9_DW_mult_pipe/clk_r_REG57_S1/SI
                                       CK(rise)  hold      untested  constant_disabled
U3_cpu/U1_datapath/U3_alu/U9_DW_mult_pipe/clk_r_REG58_S1/RN(rise)
                                       CK(rise)  recovery  untested  false_paths
U3_cpu/U1_datapath/U3_alu/U9_DW_mult_pipe/clk_r_REG58_S1/RN(rise)
                                       CK(rise)  removal   untested  false_paths
U3_cpu/U1_datapath/U3_alu/U9_DW_mult_pipe/clk_r_REG58_S1/RN(low)
                                                 min_pulse_width
                                                           untested  no_clock
U3_cpu/U1_datapath/U3_alu/U9_DW_mult_pipe/clk_r_REG58_S1/SE
                                       CK(rise)  setup     untested  constant_disabled
U3_cpu/U1_datapath/U3_alu/U9_DW_mult_pipe/clk_r_REG58_S1/SE
                                       CK(rise)  hold      untested  constant_disabled
U3_cpu/U1_datapath/U3_alu/U9_DW_mult_pipe/clk_r_REG58_S1/SI
                                       CK(rise)  setup     untested  constant_disabled
U3_cpu/U1_datapath/U3_alu/U9_DW_mult_pipe/clk_r_REG58_S1/SI
                                       CK(rise)  hold      untested  constant_disabled
U3_cpu/U1_datapath/U3_alu/U9_DW_mult_pipe/clk_r_REG59_S1/RN(rise)
                                       CK(rise)  recovery  untested  false_paths
U3_cpu/U1_datapath/U3_alu/U9_DW_mult_pipe/clk_r_REG59_S1/RN(rise)
                                       CK(rise)  removal   untested  false_paths
U3_cpu/U1_datapath/U3_alu/U9_DW_mult_pipe/clk_r_REG59_S1/RN(low)
                                                 min_pulse_width
                                                           untested  no_clock
U3_cpu/U1_datapath/U3_alu/U9_DW_mult_pipe/clk_r_REG59_S1/SE
                                       CK(rise)  setup     untested  constant_disabled
U3_cpu/U1_datapath/U3_alu/U9_DW_mult_pipe/clk_r_REG59_S1/SE
                                       CK(rise)  hold      untested  constant_disabled
U3_cpu/U1_datapath/U3_alu/U9_DW_mult_pipe/clk_r_REG59_S1/SI
                                       CK(rise)  setup     untested  constant_disabled
U3_cpu/U1_datapath/U3_alu/U9_DW_mult_pipe/clk_r_REG59_S1/SI
                                       CK(rise)  hold      untested  constant_disabled
U3_cpu/U1_datapath/U3_alu/U9_DW_mult_pipe/clk_r_REG5_S3/RN(rise)
                                       CK(rise)  recovery  untested  false_paths
U3_cpu/U1_datapath/U3_alu/U9_DW_mult_pipe/clk_r_REG5_S3/RN(rise)
                                       CK(rise)  removal   untested  false_paths
U3_cpu/U1_datapath/U3_alu/U9_DW_mult_pipe/clk_r_REG5_S3/RN(low)
                                                 min_pulse_width
                                                           untested  no_clock
U3_cpu/U1_datapath/U3_alu/U9_DW_mult_pipe/clk_r_REG5_S3/SE
                                       CK(rise)  setup     untested  constant_disabled
U3_cpu/U1_datapath/U3_alu/U9_DW_mult_pipe/clk_r_REG5_S3/SE
                                       CK(rise)  hold      untested  constant_disabled
U3_cpu/U1_datapath/U3_alu/U9_DW_mult_pipe/clk_r_REG5_S3/SI
                                       CK(rise)  setup     untested  constant_disabled
U3_cpu/U1_datapath/U3_alu/U9_DW_mult_pipe/clk_r_REG5_S3/SI
                                       CK(rise)  hold      untested  constant_disabled
U3_cpu/U1_datapath/U3_alu/U9_DW_mult_pipe/clk_r_REG60_S1/RN(rise)
                                       CK(rise)  recovery  untested  false_paths
U3_cpu/U1_datapath/U3_alu/U9_DW_mult_pipe/clk_r_REG60_S1/RN(rise)
                                       CK(rise)  removal   untested  false_paths
U3_cpu/U1_datapath/U3_alu/U9_DW_mult_pipe/clk_r_REG60_S1/RN(low)
                                                 min_pulse_width
                                                           untested  no_clock
U3_cpu/U1_datapath/U3_alu/U9_DW_mult_pipe/clk_r_REG60_S1/SE
                                       CK(rise)  setup     untested  constant_disabled
U3_cpu/U1_datapath/U3_alu/U9_DW_mult_pipe/clk_r_REG60_S1/SE
                                       CK(rise)  hold      untested  constant_disabled
U3_cpu/U1_datapath/U3_alu/U9_DW_mult_pipe/clk_r_REG60_S1/SI
                                       CK(rise)  setup     untested  constant_disabled
U3_cpu/U1_datapath/U3_alu/U9_DW_mult_pipe/clk_r_REG60_S1/SI
                                       CK(rise)  hold      untested  constant_disabled
U3_cpu/U1_datapath/U3_alu/U9_DW_mult_pipe/clk_r_REG61_S1/RN(rise)
                                       CK(rise)  recovery  untested  false_paths
U3_cpu/U1_datapath/U3_alu/U9_DW_mult_pipe/clk_r_REG61_S1/RN(rise)
                                       CK(rise)  removal   untested  false_paths
U3_cpu/U1_datapath/U3_alu/U9_DW_mult_pipe/clk_r_REG61_S1/RN(low)
                                                 min_pulse_width
                                                           untested  no_clock
U3_cpu/U1_datapath/U3_alu/U9_DW_mult_pipe/clk_r_REG61_S1/SE
                                       CK(rise)  setup     untested  constant_disabled
U3_cpu/U1_datapath/U3_alu/U9_DW_mult_pipe/clk_r_REG61_S1/SE
                                       CK(rise)  hold      untested  constant_disabled
U3_cpu/U1_datapath/U3_alu/U9_DW_mult_pipe/clk_r_REG61_S1/SI
                                       CK(rise)  setup     untested  constant_disabled
U3_cpu/U1_datapath/U3_alu/U9_DW_mult_pipe/clk_r_REG61_S1/SI
                                       CK(rise)  hold      untested  constant_disabled
U3_cpu/U1_datapath/U3_alu/U9_DW_mult_pipe/clk_r_REG62_S1/RN(rise)
                                       CK(rise)  recovery  untested  false_paths
U3_cpu/U1_datapath/U3_alu/U9_DW_mult_pipe/clk_r_REG62_S1/RN(rise)
                                       CK(rise)  removal   untested  false_paths
U3_cpu/U1_datapath/U3_alu/U9_DW_mult_pipe/clk_r_REG62_S1/RN(low)
                                                 min_pulse_width
                                                           untested  no_clock
U3_cpu/U1_datapath/U3_alu/U9_DW_mult_pipe/clk_r_REG62_S1/SE
                                       CK(rise)  setup     untested  constant_disabled
U3_cpu/U1_datapath/U3_alu/U9_DW_mult_pipe/clk_r_REG62_S1/SE
                                       CK(rise)  hold      untested  constant_disabled
U3_cpu/U1_datapath/U3_alu/U9_DW_mult_pipe/clk_r_REG62_S1/SI
                                       CK(rise)  setup     untested  constant_disabled
U3_cpu/U1_datapath/U3_alu/U9_DW_mult_pipe/clk_r_REG62_S1/SI
                                       CK(rise)  hold      untested  constant_disabled
U3_cpu/U1_datapath/U3_alu/U9_DW_mult_pipe/clk_r_REG63_S1/RN(rise)
                                       CK(rise)  recovery  untested  false_paths
U3_cpu/U1_datapath/U3_alu/U9_DW_mult_pipe/clk_r_REG63_S1/RN(rise)
                                       CK(rise)  removal   untested  false_paths
U3_cpu/U1_datapath/U3_alu/U9_DW_mult_pipe/clk_r_REG63_S1/RN(low)
                                                 min_pulse_width
                                                           untested  no_clock
U3_cpu/U1_datapath/U3_alu/U9_DW_mult_pipe/clk_r_REG63_S1/SE
                                       CK(rise)  setup     untested  constant_disabled
U3_cpu/U1_datapath/U3_alu/U9_DW_mult_pipe/clk_r_REG63_S1/SE
                                       CK(rise)  hold      untested  constant_disabled
U3_cpu/U1_datapath/U3_alu/U9_DW_mult_pipe/clk_r_REG63_S1/SI
                                       CK(rise)  setup     untested  constant_disabled
U3_cpu/U1_datapath/U3_alu/U9_DW_mult_pipe/clk_r_REG63_S1/SI
                                       CK(rise)  hold      untested  constant_disabled
U3_cpu/U1_datapath/U3_alu/U9_DW_mult_pipe/clk_r_REG64_S1/RN(rise)
                                       CK(rise)  removal   untested  false_paths
U3_cpu/U1_datapath/U3_alu/U9_DW_mult_pipe/clk_r_REG64_S1/RN(rise)
                                       CK(rise)  recovery  untested  false_paths
U3_cpu/U1_datapath/U3_alu/U9_DW_mult_pipe/clk_r_REG64_S1/RN(low)
                                                 min_pulse_width
                                                           untested  no_clock
U3_cpu/U1_datapath/U3_alu/U9_DW_mult_pipe/clk_r_REG6_S4/RN(rise)
                                       CK(rise)  recovery  untested  false_paths
U3_cpu/U1_datapath/U3_alu/U9_DW_mult_pipe/clk_r_REG6_S4/RN(rise)
                                       CK(rise)  removal   untested  false_paths
U3_cpu/U1_datapath/U3_alu/U9_DW_mult_pipe/clk_r_REG6_S4/RN(low)
                                                 min_pulse_width
                                                           untested  no_clock
U3_cpu/U1_datapath/U3_alu/U9_DW_mult_pipe/clk_r_REG6_S4/SE
                                       CK(rise)  setup     untested  constant_disabled
U3_cpu/U1_datapath/U3_alu/U9_DW_mult_pipe/clk_r_REG6_S4/SE
                                       CK(rise)  hold      untested  constant_disabled
U3_cpu/U1_datapath/U3_alu/U9_DW_mult_pipe/clk_r_REG6_S4/SI
                                       CK(rise)  setup     untested  constant_disabled
U3_cpu/U1_datapath/U3_alu/U9_DW_mult_pipe/clk_r_REG6_S4/SI
                                       CK(rise)  hold      untested  constant_disabled
U3_cpu/U1_datapath/U3_alu/U9_DW_mult_pipe/clk_r_REG7_S2/RN(rise)
                                       CK(rise)  recovery  untested  false_paths
U3_cpu/U1_datapath/U3_alu/U9_DW_mult_pipe/clk_r_REG7_S2/RN(rise)
                                       CK(rise)  removal   untested  false_paths
U3_cpu/U1_datapath/U3_alu/U9_DW_mult_pipe/clk_r_REG7_S2/RN(low)
                                                 min_pulse_width
                                                           untested  no_clock
U3_cpu/U1_datapath/U3_alu/U9_DW_mult_pipe/clk_r_REG7_S2/SE
                                       CK(rise)  setup     untested  constant_disabled
U3_cpu/U1_datapath/U3_alu/U9_DW_mult_pipe/clk_r_REG7_S2/SE
                                       CK(rise)  hold      untested  constant_disabled
U3_cpu/U1_datapath/U3_alu/U9_DW_mult_pipe/clk_r_REG7_S2/SI
                                       CK(rise)  setup     untested  constant_disabled
U3_cpu/U1_datapath/U3_alu/U9_DW_mult_pipe/clk_r_REG7_S2/SI
                                       CK(rise)  hold      untested  constant_disabled
U3_cpu/U1_datapath/U3_alu/U9_DW_mult_pipe/clk_r_REG8_S3/RN(rise)
                                       CK(rise)  recovery  untested  false_paths
U3_cpu/U1_datapath/U3_alu/U9_DW_mult_pipe/clk_r_REG8_S3/RN(rise)
                                       CK(rise)  removal   untested  false_paths
U3_cpu/U1_datapath/U3_alu/U9_DW_mult_pipe/clk_r_REG8_S3/RN(low)
                                                 min_pulse_width
                                                           untested  no_clock
U3_cpu/U1_datapath/U3_alu/U9_DW_mult_pipe/clk_r_REG8_S3/SE
                                       CK(rise)  setup     untested  constant_disabled
U3_cpu/U1_datapath/U3_alu/U9_DW_mult_pipe/clk_r_REG8_S3/SE
                                       CK(rise)  hold      untested  constant_disabled
U3_cpu/U1_datapath/U3_alu/U9_DW_mult_pipe/clk_r_REG8_S3/SI
                                       CK(rise)  setup     untested  constant_disabled
U3_cpu/U1_datapath/U3_alu/U9_DW_mult_pipe/clk_r_REG8_S3/SI
                                       CK(rise)  hold      untested  constant_disabled
U3_cpu/U1_datapath/U3_alu/U9_DW_mult_pipe/clk_r_REG9_S4/RN(rise)
                                       CK(rise)  recovery  untested  false_paths
U3_cpu/U1_datapath/U3_alu/U9_DW_mult_pipe/clk_r_REG9_S4/RN(rise)
                                       CK(rise)  removal   untested  false_paths
U3_cpu/U1_datapath/U3_alu/U9_DW_mult_pipe/clk_r_REG9_S4/RN(low)
                                                 min_pulse_width
                                                           untested  no_clock
U3_cpu/U1_datapath/U3_alu/U9_DW_mult_pipe/clk_r_REG9_S4/SE
                                       CK(rise)  setup     untested  constant_disabled
U3_cpu/U1_datapath/U3_alu/U9_DW_mult_pipe/clk_r_REG9_S4/SE
                                       CK(rise)  hold      untested  constant_disabled
U3_cpu/U1_datapath/U3_alu/U9_DW_mult_pipe/clk_r_REG9_S4/SI
                                       CK(rise)  setup     untested  constant_disabled
U3_cpu/U1_datapath/U3_alu/U9_DW_mult_pipe/clk_r_REG9_S4/SI
                                       CK(rise)  hold      untested  constant_disabled
U3_cpu/U1_datapath/addr2_r_reg_0_/RN(rise)
                                       CK(rise)  recovery  untested  false_paths
U3_cpu/U1_datapath/addr2_r_reg_0_/RN(rise)
                                       CK(rise)  removal   untested  false_paths
U3_cpu/U1_datapath/addr2_r_reg_0_/RN(low)        min_pulse_width
                                                           untested  no_clock
U3_cpu/U1_datapath/addr2_r_reg_0_/SE   CK(rise)  setup     untested  constant_disabled
U3_cpu/U1_datapath/addr2_r_reg_0_/SE   CK(rise)  hold      untested  constant_disabled
U3_cpu/U1_datapath/addr2_r_reg_0_/SI   CK(rise)  setup     untested  constant_disabled
U3_cpu/U1_datapath/addr2_r_reg_0_/SI   CK(rise)  hold      untested  constant_disabled
U3_cpu/U1_datapath/addr2_r_reg_1_/RN(rise)
                                       CK(rise)  recovery  untested  false_paths
U3_cpu/U1_datapath/addr2_r_reg_1_/RN(rise)
                                       CK(rise)  removal   untested  false_paths
U3_cpu/U1_datapath/addr2_r_reg_1_/RN(low)        min_pulse_width
                                                           untested  no_clock
U3_cpu/U1_datapath/addr2_r_reg_1_/SE   CK(rise)  setup     untested  constant_disabled
U3_cpu/U1_datapath/addr2_r_reg_1_/SE   CK(rise)  hold      untested  constant_disabled
U3_cpu/U1_datapath/addr2_r_reg_1_/SI   CK(rise)  setup     untested  constant_disabled
U3_cpu/U1_datapath/addr2_r_reg_1_/SI   CK(rise)  hold      untested  constant_disabled
U3_cpu/U1_datapath/addr2_r_reg_2_/RN(rise)
                                       CK(rise)  recovery  untested  false_paths
U3_cpu/U1_datapath/addr2_r_reg_2_/RN(rise)
                                       CK(rise)  removal   untested  false_paths
U3_cpu/U1_datapath/addr2_r_reg_2_/RN(low)        min_pulse_width
                                                           untested  no_clock
U3_cpu/U1_datapath/addr2_r_reg_2_/SE   CK(rise)  setup     untested  constant_disabled
U3_cpu/U1_datapath/addr2_r_reg_2_/SE   CK(rise)  hold      untested  constant_disabled
U3_cpu/U1_datapath/addr2_r_reg_2_/SI   CK(rise)  setup     untested  constant_disabled
U3_cpu/U1_datapath/addr2_r_reg_2_/SI   CK(rise)  hold      untested  constant_disabled
U3_cpu/U1_datapath/addr2_r_reg_3_/RN(rise)
                                       CK(rise)  recovery  untested  false_paths
U3_cpu/U1_datapath/addr2_r_reg_3_/RN(rise)
                                       CK(rise)  removal   untested  false_paths
U3_cpu/U1_datapath/addr2_r_reg_3_/RN(low)        min_pulse_width
                                                           untested  no_clock
U3_cpu/U1_datapath/addr2_r_reg_3_/SE   CK(rise)  setup     untested  constant_disabled
U3_cpu/U1_datapath/addr2_r_reg_3_/SE   CK(rise)  hold      untested  constant_disabled
U3_cpu/U1_datapath/addr2_r_reg_3_/SI   CK(rise)  setup     untested  constant_disabled
U3_cpu/U1_datapath/addr2_r_reg_3_/SI   CK(rise)  hold      untested  constant_disabled
U3_cpu/U1_datapath/addr2_r_reg_4_/RN(rise)
                                       CK(rise)  recovery  untested  false_paths
U3_cpu/U1_datapath/addr2_r_reg_4_/RN(rise)
                                       CK(rise)  removal   untested  false_paths
U3_cpu/U1_datapath/addr2_r_reg_4_/RN(low)        min_pulse_width
                                                           untested  no_clock
U3_cpu/U1_datapath/addr2_r_reg_4_/SE   CK(rise)  setup     untested  constant_disabled
U3_cpu/U1_datapath/addr2_r_reg_4_/SE   CK(rise)  hold      untested  constant_disabled
U3_cpu/U1_datapath/addr2_r_reg_4_/SI   CK(rise)  setup     untested  constant_disabled
U3_cpu/U1_datapath/addr2_r_reg_4_/SI   CK(rise)  hold      untested  constant_disabled
U3_cpu/U1_datapath/addr2_r_reg_5_/RN(rise)
                                       CK(rise)  removal   untested  false_paths
U3_cpu/U1_datapath/addr2_r_reg_5_/RN(rise)
                                       CK(rise)  recovery  untested  false_paths
U3_cpu/U1_datapath/addr2_r_reg_5_/RN(low)        min_pulse_width
                                                           untested  no_clock
U3_cpu/U1_datapath/addr2_r_reg_5_/SE   CK(rise)  setup     untested  constant_disabled
U3_cpu/U1_datapath/addr2_r_reg_5_/SE   CK(rise)  hold      untested  constant_disabled
U3_cpu/U1_datapath/addr2_r_reg_5_/SI   CK(rise)  setup     untested  constant_disabled
U3_cpu/U1_datapath/addr2_r_reg_5_/SI   CK(rise)  hold      untested  constant_disabled
U3_cpu/U1_datapath/addr2_r_reg_5_/SN(rise)
                                       CK(rise)  setup     untested  constant_disabled
U3_cpu/U1_datapath/addr2_r_reg_5_/SN(rise)
                                       CK(rise)  hold      untested  constant_disabled
U3_cpu/U1_datapath/addr2_r_reg_5_/SN(low)        min_pulse_width
                                                           untested  constant_disabled
U3_cpu/U1_datapath/addr2_r_reg_6_/RN(rise)
                                       CK(rise)  removal   untested  false_paths
U3_cpu/U1_datapath/addr2_r_reg_6_/RN(rise)
                                       CK(rise)  recovery  untested  false_paths
U3_cpu/U1_datapath/addr2_r_reg_6_/RN(low)        min_pulse_width
                                                           untested  no_clock
U3_cpu/U1_datapath/addr2_r_reg_6_/SE   CK(rise)  setup     untested  constant_disabled
U3_cpu/U1_datapath/addr2_r_reg_6_/SE   CK(rise)  hold      untested  constant_disabled
U3_cpu/U1_datapath/addr2_r_reg_6_/SI   CK(rise)  setup     untested  constant_disabled
U3_cpu/U1_datapath/addr2_r_reg_6_/SI   CK(rise)  hold      untested  constant_disabled
U3_cpu/U1_datapath/addr2_r_reg_6_/SN(rise)
                                       CK(rise)  setup     untested  constant_disabled
U3_cpu/U1_datapath/addr2_r_reg_6_/SN(rise)
                                       CK(rise)  hold      untested  constant_disabled
U3_cpu/U1_datapath/addr2_r_reg_6_/SN(low)        min_pulse_width
                                                           untested  constant_disabled
U3_cpu/U1_datapath/addr2_r_reg_7_/RN(rise)
                                       CK(rise)  removal   untested  false_paths
U3_cpu/U1_datapath/addr2_r_reg_7_/RN(rise)
                                       CK(rise)  recovery  untested  false_paths
U3_cpu/U1_datapath/addr2_r_reg_7_/RN(low)        min_pulse_width
                                                           untested  no_clock
U3_cpu/U1_datapath/addr2_r_reg_7_/SE   CK(rise)  setup     untested  constant_disabled
U3_cpu/U1_datapath/addr2_r_reg_7_/SE   CK(rise)  hold      untested  constant_disabled
U3_cpu/U1_datapath/addr2_r_reg_7_/SI   CK(rise)  setup     untested  constant_disabled
U3_cpu/U1_datapath/addr2_r_reg_7_/SI   CK(rise)  hold      untested  constant_disabled
U3_cpu/U1_datapath/addr2_r_reg_7_/SN(rise)
                                       CK(rise)  setup     untested  constant_disabled
U3_cpu/U1_datapath/addr2_r_reg_7_/SN(rise)
                                       CK(rise)  hold      untested  constant_disabled
U3_cpu/U1_datapath/addr2_r_reg_7_/SN(low)        min_pulse_width
                                                           untested  constant_disabled
U3_cpu/U1_datapath/alu_r_reg_0_/SE     CK(rise)  setup     untested  constant_disabled
U3_cpu/U1_datapath/alu_r_reg_0_/SE     CK(rise)  hold      untested  constant_disabled
U3_cpu/U1_datapath/alu_r_reg_0_/SI     CK(rise)  setup     untested  constant_disabled
U3_cpu/U1_datapath/alu_r_reg_0_/SI     CK(rise)  hold      untested  constant_disabled
U3_cpu/U1_datapath/alu_r_reg_0_/SN(rise)
                                       CK(rise)  setup     untested  constant_disabled
U3_cpu/U1_datapath/alu_r_reg_0_/SN(rise)
                                       CK(rise)  hold      untested  constant_disabled
U3_cpu/U1_datapath/alu_r_reg_0_/SN(low)          min_pulse_width
                                                           untested  constant_disabled
U3_cpu/U1_datapath/alu_r_reg_1_/SE     CK(rise)  setup     untested  constant_disabled
U3_cpu/U1_datapath/alu_r_reg_1_/SE     CK(rise)  hold      untested  constant_disabled
U3_cpu/U1_datapath/alu_r_reg_1_/SI     CK(rise)  setup     untested  constant_disabled
U3_cpu/U1_datapath/alu_r_reg_1_/SI     CK(rise)  hold      untested  constant_disabled
U3_cpu/U1_datapath/alu_r_reg_1_/SN(rise)
                                       CK(rise)  setup     untested  constant_disabled
U3_cpu/U1_datapath/alu_r_reg_1_/SN(rise)
                                       CK(rise)  hold      untested  constant_disabled
U3_cpu/U1_datapath/alu_r_reg_1_/SN(low)          min_pulse_width
                                                           untested  constant_disabled
U3_cpu/U1_datapath/alu_r_reg_2_/SE     CK(rise)  setup     untested  constant_disabled
U3_cpu/U1_datapath/alu_r_reg_2_/SE     CK(rise)  hold      untested  constant_disabled
U3_cpu/U1_datapath/alu_r_reg_2_/SI     CK(rise)  setup     untested  constant_disabled
U3_cpu/U1_datapath/alu_r_reg_2_/SI     CK(rise)  hold      untested  constant_disabled
U3_cpu/U1_datapath/alu_r_reg_2_/SN(rise)
                                       CK(rise)  setup     untested  constant_disabled
U3_cpu/U1_datapath/alu_r_reg_2_/SN(rise)
                                       CK(rise)  hold      untested  constant_disabled
U3_cpu/U1_datapath/alu_r_reg_2_/SN(low)          min_pulse_width
                                                           untested  constant_disabled
U3_cpu/U1_datapath/alu_r_reg_3_/SE     CK(rise)  setup     untested  constant_disabled
U3_cpu/U1_datapath/alu_r_reg_3_/SE     CK(rise)  hold      untested  constant_disabled
U3_cpu/U1_datapath/alu_r_reg_3_/SI     CK(rise)  setup     untested  constant_disabled
U3_cpu/U1_datapath/alu_r_reg_3_/SI     CK(rise)  hold      untested  constant_disabled
U3_cpu/U1_datapath/alu_r_reg_3_/SN(rise)
                                       CK(rise)  setup     untested  constant_disabled
U3_cpu/U1_datapath/alu_r_reg_3_/SN(rise)
                                       CK(rise)  hold      untested  constant_disabled
U3_cpu/U1_datapath/alu_r_reg_3_/SN(low)          min_pulse_width
                                                           untested  constant_disabled
U3_cpu/U1_datapath/alu_r_reg_4_/SE     CK(rise)  setup     untested  constant_disabled
U3_cpu/U1_datapath/alu_r_reg_4_/SE     CK(rise)  hold      untested  constant_disabled
U3_cpu/U1_datapath/alu_r_reg_4_/SI     CK(rise)  setup     untested  constant_disabled
U3_cpu/U1_datapath/alu_r_reg_4_/SI     CK(rise)  hold      untested  constant_disabled
U3_cpu/U1_datapath/alu_r_reg_4_/SN(rise)
                                       CK(rise)  setup     untested  constant_disabled
U3_cpu/U1_datapath/alu_r_reg_4_/SN(rise)
                                       CK(rise)  hold      untested  constant_disabled
U3_cpu/U1_datapath/alu_r_reg_4_/SN(low)          min_pulse_width
                                                           untested  constant_disabled
U3_cpu/U1_datapath/alu_r_reg_5_/SE     CK(rise)  setup     untested  constant_disabled
U3_cpu/U1_datapath/alu_r_reg_5_/SE     CK(rise)  hold      untested  constant_disabled
U3_cpu/U1_datapath/alu_r_reg_5_/SI     CK(rise)  setup     untested  constant_disabled
U3_cpu/U1_datapath/alu_r_reg_5_/SI     CK(rise)  hold      untested  constant_disabled
U3_cpu/U1_datapath/alu_r_reg_5_/SN(rise)
                                       CK(rise)  setup     untested  constant_disabled
U3_cpu/U1_datapath/alu_r_reg_5_/SN(rise)
                                       CK(rise)  hold      untested  constant_disabled
U3_cpu/U1_datapath/alu_r_reg_5_/SN(low)          min_pulse_width
                                                           untested  constant_disabled
U3_cpu/U1_datapath/alu_r_reg_6_/SE     CK(rise)  setup     untested  constant_disabled
U3_cpu/U1_datapath/alu_r_reg_6_/SE     CK(rise)  hold      untested  constant_disabled
U3_cpu/U1_datapath/alu_r_reg_6_/SI     CK(rise)  setup     untested  constant_disabled
U3_cpu/U1_datapath/alu_r_reg_6_/SI     CK(rise)  hold      untested  constant_disabled
U3_cpu/U1_datapath/alu_r_reg_6_/SN(rise)
                                       CK(rise)  setup     untested  constant_disabled
U3_cpu/U1_datapath/alu_r_reg_6_/SN(rise)
                                       CK(rise)  hold      untested  constant_disabled
U3_cpu/U1_datapath/alu_r_reg_6_/SN(low)          min_pulse_width
                                                           untested  constant_disabled
U3_cpu/U1_datapath/alu_r_reg_7_/SE     CK(rise)  setup     untested  constant_disabled
U3_cpu/U1_datapath/alu_r_reg_7_/SE     CK(rise)  hold      untested  constant_disabled
U3_cpu/U1_datapath/alu_r_reg_7_/SI     CK(rise)  setup     untested  constant_disabled
U3_cpu/U1_datapath/alu_r_reg_7_/SI     CK(rise)  hold      untested  constant_disabled
U3_cpu/U1_datapath/alu_r_reg_7_/SN(rise)
                                       CK(rise)  setup     untested  constant_disabled
U3_cpu/U1_datapath/alu_r_reg_7_/SN(rise)
                                       CK(rise)  hold      untested  constant_disabled
U3_cpu/U1_datapath/alu_r_reg_7_/SN(low)          min_pulse_width
                                                           untested  constant_disabled
U3_cpu/U1_datapath/bit_dat_in_r_reg/RN(rise)
                                       CK(rise)  recovery  untested  false_paths
U3_cpu/U1_datapath/bit_dat_in_r_reg/RN(rise)
                                       CK(rise)  removal   untested  false_paths
U3_cpu/U1_datapath/bit_dat_in_r_reg/RN(low)      min_pulse_width
                                                           untested  no_clock
U3_cpu/U1_datapath/bit_dat_in_r_reg/SE CK(rise)  setup     untested  constant_disabled
U3_cpu/U1_datapath/bit_dat_in_r_reg/SE CK(rise)  hold      untested  constant_disabled
U3_cpu/U1_datapath/bit_dat_in_r_reg/SI CK(rise)  setup     untested  constant_disabled
U3_cpu/U1_datapath/bit_dat_in_r_reg/SI CK(rise)  hold      untested  constant_disabled
U3_cpu/U1_datapath/code_reg_0_/RN(rise)
                                       CK(rise)  removal   untested  false_paths
U3_cpu/U1_datapath/code_reg_0_/RN(rise)
                                       CK(rise)  recovery  untested  false_paths
U3_cpu/U1_datapath/code_reg_0_/RN(low)           min_pulse_width
                                                           untested  no_clock
U3_cpu/U1_datapath/code_reg_0_/SE      CK(rise)  setup     untested  constant_disabled
U3_cpu/U1_datapath/code_reg_0_/SE      CK(rise)  hold      untested  constant_disabled
U3_cpu/U1_datapath/code_reg_0_/SI      CK(rise)  setup     untested  constant_disabled
U3_cpu/U1_datapath/code_reg_0_/SI      CK(rise)  hold      untested  constant_disabled
U3_cpu/U1_datapath/code_reg_0_/SN(rise)
                                       CK(rise)  setup     untested  constant_disabled
U3_cpu/U1_datapath/code_reg_0_/SN(rise)
                                       CK(rise)  hold      untested  constant_disabled
U3_cpu/U1_datapath/code_reg_0_/SN(low)           min_pulse_width
                                                           untested  constant_disabled
U3_cpu/U1_datapath/code_reg_1_/RN(rise)
                                       CK(rise)  removal   untested  false_paths
U3_cpu/U1_datapath/code_reg_1_/RN(rise)
                                       CK(rise)  recovery  untested  false_paths
U3_cpu/U1_datapath/code_reg_1_/RN(low)           min_pulse_width
                                                           untested  no_clock
U3_cpu/U1_datapath/code_reg_1_/SE      CK(rise)  setup     untested  constant_disabled
U3_cpu/U1_datapath/code_reg_1_/SE      CK(rise)  hold      untested  constant_disabled
U3_cpu/U1_datapath/code_reg_1_/SI      CK(rise)  setup     untested  constant_disabled
U3_cpu/U1_datapath/code_reg_1_/SI      CK(rise)  hold      untested  constant_disabled
U3_cpu/U1_datapath/code_reg_1_/SN(rise)
                                       CK(rise)  setup     untested  constant_disabled
U3_cpu/U1_datapath/code_reg_1_/SN(rise)
                                       CK(rise)  hold      untested  constant_disabled
U3_cpu/U1_datapath/code_reg_1_/SN(low)           min_pulse_width
                                                           untested  constant_disabled
U3_cpu/U1_datapath/code_reg_2_/RN(rise)
                                       CK(rise)  removal   untested  false_paths
U3_cpu/U1_datapath/code_reg_2_/RN(rise)
                                       CK(rise)  recovery  untested  false_paths
U3_cpu/U1_datapath/code_reg_2_/RN(low)           min_pulse_width
                                                           untested  no_clock
U3_cpu/U1_datapath/code_reg_2_/SE      CK(rise)  setup     untested  constant_disabled
U3_cpu/U1_datapath/code_reg_2_/SE      CK(rise)  hold      untested  constant_disabled
U3_cpu/U1_datapath/code_reg_2_/SI      CK(rise)  setup     untested  constant_disabled
U3_cpu/U1_datapath/code_reg_2_/SI      CK(rise)  hold      untested  constant_disabled
U3_cpu/U1_datapath/code_reg_2_/SN(rise)
                                       CK(rise)  setup     untested  constant_disabled
U3_cpu/U1_datapath/code_reg_2_/SN(rise)
                                       CK(rise)  hold      untested  constant_disabled
U3_cpu/U1_datapath/code_reg_2_/SN(low)           min_pulse_width
                                                           untested  constant_disabled
U3_cpu/U1_datapath/code_reg_3_/RN(rise)
                                       CK(rise)  removal   untested  false_paths
U3_cpu/U1_datapath/code_reg_3_/RN(rise)
                                       CK(rise)  recovery  untested  false_paths
U3_cpu/U1_datapath/code_reg_3_/RN(low)           min_pulse_width
                                                           untested  no_clock
U3_cpu/U1_datapath/code_reg_3_/SE      CK(rise)  setup     untested  constant_disabled
U3_cpu/U1_datapath/code_reg_3_/SE      CK(rise)  hold      untested  constant_disabled
U3_cpu/U1_datapath/code_reg_3_/SI      CK(rise)  setup     untested  constant_disabled
U3_cpu/U1_datapath/code_reg_3_/SI      CK(rise)  hold      untested  constant_disabled
U3_cpu/U1_datapath/code_reg_3_/SN(rise)
                                       CK(rise)  setup     untested  constant_disabled
U3_cpu/U1_datapath/code_reg_3_/SN(rise)
                                       CK(rise)  hold      untested  constant_disabled
U3_cpu/U1_datapath/code_reg_3_/SN(low)           min_pulse_width
                                                           untested  constant_disabled
U3_cpu/U1_datapath/code_reg_4_/RN(rise)
                                       CK(rise)  removal   untested  false_paths
U3_cpu/U1_datapath/code_reg_4_/RN(rise)
                                       CK(rise)  recovery  untested  false_paths
U3_cpu/U1_datapath/code_reg_4_/RN(low)           min_pulse_width
                                                           untested  no_clock
U3_cpu/U1_datapath/code_reg_4_/SE      CK(rise)  setup     untested  constant_disabled
U3_cpu/U1_datapath/code_reg_4_/SE      CK(rise)  hold      untested  constant_disabled
U3_cpu/U1_datapath/code_reg_4_/SI      CK(rise)  setup     untested  constant_disabled
U3_cpu/U1_datapath/code_reg_4_/SI      CK(rise)  hold      untested  constant_disabled
U3_cpu/U1_datapath/code_reg_4_/SN(rise)
                                       CK(rise)  setup     untested  constant_disabled
U3_cpu/U1_datapath/code_reg_4_/SN(rise)
                                       CK(rise)  hold      untested  constant_disabled
U3_cpu/U1_datapath/code_reg_4_/SN(low)           min_pulse_width
                                                           untested  constant_disabled
U3_cpu/U1_datapath/code_reg_5_/RN(rise)
                                       CK(rise)  removal   untested  false_paths
U3_cpu/U1_datapath/code_reg_5_/RN(rise)
                                       CK(rise)  recovery  untested  false_paths
U3_cpu/U1_datapath/code_reg_5_/RN(low)           min_pulse_width
                                                           untested  no_clock
U3_cpu/U1_datapath/code_reg_5_/SE      CK(rise)  setup     untested  constant_disabled
U3_cpu/U1_datapath/code_reg_5_/SE      CK(rise)  hold      untested  constant_disabled
U3_cpu/U1_datapath/code_reg_5_/SI      CK(rise)  setup     untested  constant_disabled
U3_cpu/U1_datapath/code_reg_5_/SI      CK(rise)  hold      untested  constant_disabled
U3_cpu/U1_datapath/code_reg_5_/SN(rise)
                                       CK(rise)  setup     untested  constant_disabled
U3_cpu/U1_datapath/code_reg_5_/SN(rise)
                                       CK(rise)  hold      untested  constant_disabled
U3_cpu/U1_datapath/code_reg_5_/SN(low)           min_pulse_width
                                                           untested  constant_disabled
U3_cpu/U1_datapath/code_reg_6_/RN(rise)
                                       CK(rise)  removal   untested  false_paths
U3_cpu/U1_datapath/code_reg_6_/RN(rise)
                                       CK(rise)  recovery  untested  false_paths
U3_cpu/U1_datapath/code_reg_6_/RN(low)           min_pulse_width
                                                           untested  no_clock
U3_cpu/U1_datapath/code_reg_6_/SE      CK(rise)  setup     untested  constant_disabled
U3_cpu/U1_datapath/code_reg_6_/SE      CK(rise)  hold      untested  constant_disabled
U3_cpu/U1_datapath/code_reg_6_/SI      CK(rise)  setup     untested  constant_disabled
U3_cpu/U1_datapath/code_reg_6_/SI      CK(rise)  hold      untested  constant_disabled
U3_cpu/U1_datapath/code_reg_6_/SN(rise)
                                       CK(rise)  setup     untested  constant_disabled
U3_cpu/U1_datapath/code_reg_6_/SN(rise)
                                       CK(rise)  hold      untested  constant_disabled
U3_cpu/U1_datapath/code_reg_6_/SN(low)           min_pulse_width
                                                           untested  constant_disabled
U3_cpu/U1_datapath/code_reg_7_/RN(rise)
                                       CK(rise)  removal   untested  false_paths
U3_cpu/U1_datapath/code_reg_7_/RN(rise)
                                       CK(rise)  recovery  untested  false_paths
U3_cpu/U1_datapath/code_reg_7_/RN(low)           min_pulse_width
                                                           untested  no_clock
U3_cpu/U1_datapath/code_reg_7_/SE      CK(rise)  setup     untested  constant_disabled
U3_cpu/U1_datapath/code_reg_7_/SE      CK(rise)  hold      untested  constant_disabled
U3_cpu/U1_datapath/code_reg_7_/SI      CK(rise)  setup     untested  constant_disabled
U3_cpu/U1_datapath/code_reg_7_/SI      CK(rise)  hold      untested  constant_disabled
U3_cpu/U1_datapath/code_reg_7_/SN(rise)
                                       CK(rise)  setup     untested  constant_disabled
U3_cpu/U1_datapath/code_reg_7_/SN(rise)
                                       CK(rise)  hold      untested  constant_disabled
U3_cpu/U1_datapath/code_reg_7_/SN(low)           min_pulse_width
                                                           untested  constant_disabled
U3_cpu/U1_datapath/in_idat1_r_reg_0_/RN(rise)
                                       CK(rise)  removal   untested  false_paths
U3_cpu/U1_datapath/in_idat1_r_reg_0_/RN(rise)
                                       CK(rise)  recovery  untested  false_paths
U3_cpu/U1_datapath/in_idat1_r_reg_0_/RN(low)     min_pulse_width
                                                           untested  no_clock
U3_cpu/U1_datapath/in_idat1_r_reg_0_/SE
                                       CK(rise)  setup     untested  constant_disabled
U3_cpu/U1_datapath/in_idat1_r_reg_0_/SE
                                       CK(rise)  hold      untested  constant_disabled
U3_cpu/U1_datapath/in_idat1_r_reg_0_/SI
                                       CK(rise)  setup     untested  constant_disabled
U3_cpu/U1_datapath/in_idat1_r_reg_0_/SI
                                       CK(rise)  hold      untested  constant_disabled
U3_cpu/U1_datapath/in_idat1_r_reg_0_/SN(rise)
                                       CK(rise)  setup     untested  constant_disabled
U3_cpu/U1_datapath/in_idat1_r_reg_0_/SN(rise)
                                       CK(rise)  hold      untested  constant_disabled
U3_cpu/U1_datapath/in_idat1_r_reg_0_/SN(low)     min_pulse_width
                                                           untested  constant_disabled
U3_cpu/U1_datapath/in_idat1_r_reg_1_/RN(rise)
                                       CK(rise)  recovery  untested  false_paths
U3_cpu/U1_datapath/in_idat1_r_reg_1_/RN(rise)
                                       CK(rise)  removal   untested  false_paths
U3_cpu/U1_datapath/in_idat1_r_reg_1_/RN(low)     min_pulse_width
                                                           untested  no_clock
U3_cpu/U1_datapath/in_idat1_r_reg_1_/SE
                                       CK(rise)  setup     untested  constant_disabled
U3_cpu/U1_datapath/in_idat1_r_reg_1_/SE
                                       CK(rise)  hold      untested  constant_disabled
U3_cpu/U1_datapath/in_idat1_r_reg_1_/SI
                                       CK(rise)  setup     untested  constant_disabled
U3_cpu/U1_datapath/in_idat1_r_reg_1_/SI
                                       CK(rise)  hold      untested  constant_disabled
U3_cpu/U1_datapath/in_idat1_r_reg_2_/RN(rise)
                                       CK(rise)  recovery  untested  false_paths
U3_cpu/U1_datapath/in_idat1_r_reg_2_/RN(rise)
                                       CK(rise)  removal   untested  false_paths
U3_cpu/U1_datapath/in_idat1_r_reg_2_/RN(low)     min_pulse_width
                                                           untested  no_clock
U3_cpu/U1_datapath/in_idat1_r_reg_2_/SE
                                       CK(rise)  setup     untested  constant_disabled
U3_cpu/U1_datapath/in_idat1_r_reg_2_/SE
                                       CK(rise)  hold      untested  constant_disabled
U3_cpu/U1_datapath/in_idat1_r_reg_2_/SI
                                       CK(rise)  setup     untested  constant_disabled
U3_cpu/U1_datapath/in_idat1_r_reg_2_/SI
                                       CK(rise)  hold      untested  constant_disabled
U3_cpu/U1_datapath/in_idat1_r_reg_3_/RN(rise)
                                       CK(rise)  recovery  untested  false_paths
U3_cpu/U1_datapath/in_idat1_r_reg_3_/RN(rise)
                                       CK(rise)  removal   untested  false_paths
U3_cpu/U1_datapath/in_idat1_r_reg_3_/RN(low)     min_pulse_width
                                                           untested  no_clock
U3_cpu/U1_datapath/in_idat1_r_reg_3_/SE
                                       CK(rise)  setup     untested  constant_disabled
U3_cpu/U1_datapath/in_idat1_r_reg_3_/SE
                                       CK(rise)  hold      untested  constant_disabled
U3_cpu/U1_datapath/in_idat1_r_reg_3_/SI
                                       CK(rise)  setup     untested  constant_disabled
U3_cpu/U1_datapath/in_idat1_r_reg_3_/SI
                                       CK(rise)  hold      untested  constant_disabled
U3_cpu/U1_datapath/in_idat1_r_reg_4_/RN(rise)
                                       CK(rise)  recovery  untested  false_paths
U3_cpu/U1_datapath/in_idat1_r_reg_4_/RN(rise)
                                       CK(rise)  removal   untested  false_paths
U3_cpu/U1_datapath/in_idat1_r_reg_4_/RN(low)     min_pulse_width
                                                           untested  no_clock
U3_cpu/U1_datapath/in_idat1_r_reg_4_/SE
                                       CK(rise)  setup     untested  constant_disabled
U3_cpu/U1_datapath/in_idat1_r_reg_4_/SE
                                       CK(rise)  hold      untested  constant_disabled
U3_cpu/U1_datapath/in_idat1_r_reg_4_/SI
                                       CK(rise)  setup     untested  constant_disabled
U3_cpu/U1_datapath/in_idat1_r_reg_4_/SI
                                       CK(rise)  hold      untested  constant_disabled
U3_cpu/U1_datapath/in_idat1_r_reg_5_/RN(rise)
                                       CK(rise)  recovery  untested  false_paths
U3_cpu/U1_datapath/in_idat1_r_reg_5_/RN(rise)
                                       CK(rise)  removal   untested  false_paths
U3_cpu/U1_datapath/in_idat1_r_reg_5_/RN(low)     min_pulse_width
                                                           untested  no_clock
U3_cpu/U1_datapath/in_idat1_r_reg_5_/SE
                                       CK(rise)  setup     untested  constant_disabled
U3_cpu/U1_datapath/in_idat1_r_reg_5_/SE
                                       CK(rise)  hold      untested  constant_disabled
U3_cpu/U1_datapath/in_idat1_r_reg_5_/SI
                                       CK(rise)  setup     untested  constant_disabled
U3_cpu/U1_datapath/in_idat1_r_reg_5_/SI
                                       CK(rise)  hold      untested  constant_disabled
U3_cpu/U1_datapath/in_idat1_r_reg_6_/RN(rise)
                                       CK(rise)  recovery  untested  false_paths
U3_cpu/U1_datapath/in_idat1_r_reg_6_/RN(rise)
                                       CK(rise)  removal   untested  false_paths
U3_cpu/U1_datapath/in_idat1_r_reg_6_/RN(low)     min_pulse_width
                                                           untested  no_clock
U3_cpu/U1_datapath/in_idat1_r_reg_6_/SE
                                       CK(rise)  setup     untested  constant_disabled
U3_cpu/U1_datapath/in_idat1_r_reg_6_/SE
                                       CK(rise)  hold      untested  constant_disabled
U3_cpu/U1_datapath/in_idat1_r_reg_6_/SI
                                       CK(rise)  setup     untested  constant_disabled
U3_cpu/U1_datapath/in_idat1_r_reg_6_/SI
                                       CK(rise)  hold      untested  constant_disabled
U3_cpu/U1_datapath/in_idat1_r_reg_7_/RN(rise)
                                       CK(rise)  recovery  untested  false_paths
U3_cpu/U1_datapath/in_idat1_r_reg_7_/RN(rise)
                                       CK(rise)  removal   untested  false_paths
U3_cpu/U1_datapath/in_idat1_r_reg_7_/RN(low)     min_pulse_width
                                                           untested  no_clock
U3_cpu/U1_datapath/in_idat1_r_reg_7_/SE
                                       CK(rise)  setup     untested  constant_disabled
U3_cpu/U1_datapath/in_idat1_r_reg_7_/SE
                                       CK(rise)  hold      untested  constant_disabled
U3_cpu/U1_datapath/in_idat1_r_reg_7_/SI
                                       CK(rise)  setup     untested  constant_disabled
U3_cpu/U1_datapath/in_idat1_r_reg_7_/SI
                                       CK(rise)  hold      untested  constant_disabled
U3_cpu/U1_datapath/in_idat_r_reg_0_/RN(rise)
                                       CK(rise)  removal   untested  false_paths
U3_cpu/U1_datapath/in_idat_r_reg_0_/RN(rise)
                                       CK(rise)  recovery  untested  false_paths
U3_cpu/U1_datapath/in_idat_r_reg_0_/RN(low)      min_pulse_width
                                                           untested  no_clock
U3_cpu/U1_datapath/in_idat_r_reg_0_/SE CK(rise)  setup     untested  constant_disabled
U3_cpu/U1_datapath/in_idat_r_reg_0_/SE CK(rise)  hold      untested  constant_disabled
U3_cpu/U1_datapath/in_idat_r_reg_0_/SI CK(rise)  setup     untested  constant_disabled
U3_cpu/U1_datapath/in_idat_r_reg_0_/SI CK(rise)  hold      untested  constant_disabled
U3_cpu/U1_datapath/in_idat_r_reg_0_/SN(rise)
                                       CK(rise)  setup     untested  constant_disabled
U3_cpu/U1_datapath/in_idat_r_reg_0_/SN(rise)
                                       CK(rise)  hold      untested  constant_disabled
U3_cpu/U1_datapath/in_idat_r_reg_0_/SN(low)      min_pulse_width
                                                           untested  constant_disabled
U3_cpu/U1_datapath/in_idat_r_reg_1_/RN(rise)
                                       CK(rise)  removal   untested  false_paths
U3_cpu/U1_datapath/in_idat_r_reg_1_/RN(rise)
                                       CK(rise)  recovery  untested  false_paths
U3_cpu/U1_datapath/in_idat_r_reg_1_/RN(low)      min_pulse_width
                                                           untested  no_clock
U3_cpu/U1_datapath/in_idat_r_reg_1_/SE CK(rise)  setup     untested  constant_disabled
U3_cpu/U1_datapath/in_idat_r_reg_1_/SE CK(rise)  hold      untested  constant_disabled
U3_cpu/U1_datapath/in_idat_r_reg_1_/SI CK(rise)  setup     untested  constant_disabled
U3_cpu/U1_datapath/in_idat_r_reg_1_/SI CK(rise)  hold      untested  constant_disabled
U3_cpu/U1_datapath/in_idat_r_reg_1_/SN(rise)
                                       CK(rise)  setup     untested  constant_disabled
U3_cpu/U1_datapath/in_idat_r_reg_1_/SN(rise)
                                       CK(rise)  hold      untested  constant_disabled
U3_cpu/U1_datapath/in_idat_r_reg_1_/SN(low)      min_pulse_width
                                                           untested  constant_disabled
U3_cpu/U1_datapath/in_idat_r_reg_2_/RN(rise)
                                       CK(rise)  removal   untested  false_paths
U3_cpu/U1_datapath/in_idat_r_reg_2_/RN(rise)
                                       CK(rise)  recovery  untested  false_paths
U3_cpu/U1_datapath/in_idat_r_reg_2_/RN(low)      min_pulse_width
                                                           untested  no_clock
U3_cpu/U1_datapath/in_idat_r_reg_2_/SE CK(rise)  setup     untested  constant_disabled
U3_cpu/U1_datapath/in_idat_r_reg_2_/SE CK(rise)  hold      untested  constant_disabled
U3_cpu/U1_datapath/in_idat_r_reg_2_/SI CK(rise)  setup     untested  constant_disabled
U3_cpu/U1_datapath/in_idat_r_reg_2_/SI CK(rise)  hold      untested  constant_disabled
U3_cpu/U1_datapath/in_idat_r_reg_2_/SN(rise)
                                       CK(rise)  setup     untested  constant_disabled
U3_cpu/U1_datapath/in_idat_r_reg_2_/SN(rise)
                                       CK(rise)  hold      untested  constant_disabled
U3_cpu/U1_datapath/in_idat_r_reg_2_/SN(low)      min_pulse_width
                                                           untested  constant_disabled
U3_cpu/U1_datapath/in_idat_r_reg_3_/RN(rise)
                                       CK(rise)  removal   untested  false_paths
U3_cpu/U1_datapath/in_idat_r_reg_3_/RN(rise)
                                       CK(rise)  recovery  untested  false_paths
U3_cpu/U1_datapath/in_idat_r_reg_3_/RN(low)      min_pulse_width
                                                           untested  no_clock
U3_cpu/U1_datapath/in_idat_r_reg_3_/SE CK(rise)  setup     untested  constant_disabled
U3_cpu/U1_datapath/in_idat_r_reg_3_/SE CK(rise)  hold      untested  constant_disabled
U3_cpu/U1_datapath/in_idat_r_reg_3_/SI CK(rise)  setup     untested  constant_disabled
U3_cpu/U1_datapath/in_idat_r_reg_3_/SI CK(rise)  hold      untested  constant_disabled
U3_cpu/U1_datapath/in_idat_r_reg_3_/SN(rise)
                                       CK(rise)  setup     untested  constant_disabled
U3_cpu/U1_datapath/in_idat_r_reg_3_/SN(rise)
                                       CK(rise)  hold      untested  constant_disabled
U3_cpu/U1_datapath/in_idat_r_reg_3_/SN(low)      min_pulse_width
                                                           untested  constant_disabled
U3_cpu/U1_datapath/in_idat_r_reg_4_/RN(rise)
                                       CK(rise)  removal   untested  false_paths
U3_cpu/U1_datapath/in_idat_r_reg_4_/RN(rise)
                                       CK(rise)  recovery  untested  false_paths
U3_cpu/U1_datapath/in_idat_r_reg_4_/RN(low)      min_pulse_width
                                                           untested  no_clock
U3_cpu/U1_datapath/in_idat_r_reg_4_/SE CK(rise)  setup     untested  constant_disabled
U3_cpu/U1_datapath/in_idat_r_reg_4_/SE CK(rise)  hold      untested  constant_disabled
U3_cpu/U1_datapath/in_idat_r_reg_4_/SI CK(rise)  setup     untested  constant_disabled
U3_cpu/U1_datapath/in_idat_r_reg_4_/SI CK(rise)  hold      untested  constant_disabled
U3_cpu/U1_datapath/in_idat_r_reg_4_/SN(rise)
                                       CK(rise)  setup     untested  constant_disabled
U3_cpu/U1_datapath/in_idat_r_reg_4_/SN(rise)
                                       CK(rise)  hold      untested  constant_disabled
U3_cpu/U1_datapath/in_idat_r_reg_4_/SN(low)      min_pulse_width
                                                           untested  constant_disabled
U3_cpu/U1_datapath/in_idat_r_reg_5_/RN(rise)
                                       CK(rise)  removal   untested  false_paths
U3_cpu/U1_datapath/in_idat_r_reg_5_/RN(rise)
                                       CK(rise)  recovery  untested  false_paths
U3_cpu/U1_datapath/in_idat_r_reg_5_/RN(low)      min_pulse_width
                                                           untested  no_clock
U3_cpu/U1_datapath/in_idat_r_reg_5_/SE CK(rise)  setup     untested  constant_disabled
U3_cpu/U1_datapath/in_idat_r_reg_5_/SE CK(rise)  hold      untested  constant_disabled
U3_cpu/U1_datapath/in_idat_r_reg_5_/SI CK(rise)  setup     untested  constant_disabled
U3_cpu/U1_datapath/in_idat_r_reg_5_/SI CK(rise)  hold      untested  constant_disabled
U3_cpu/U1_datapath/in_idat_r_reg_5_/SN(rise)
                                       CK(rise)  setup     untested  constant_disabled
U3_cpu/U1_datapath/in_idat_r_reg_5_/SN(rise)
                                       CK(rise)  hold      untested  constant_disabled
U3_cpu/U1_datapath/in_idat_r_reg_5_/SN(low)      min_pulse_width
                                                           untested  constant_disabled
U3_cpu/U1_datapath/in_idat_r_reg_6_/RN(rise)
                                       CK(rise)  removal   untested  false_paths
U3_cpu/U1_datapath/in_idat_r_reg_6_/RN(rise)
                                       CK(rise)  recovery  untested  false_paths
U3_cpu/U1_datapath/in_idat_r_reg_6_/RN(low)      min_pulse_width
                                                           untested  no_clock
U3_cpu/U1_datapath/in_idat_r_reg_6_/SE CK(rise)  setup     untested  constant_disabled
U3_cpu/U1_datapath/in_idat_r_reg_6_/SE CK(rise)  hold      untested  constant_disabled
U3_cpu/U1_datapath/in_idat_r_reg_6_/SI CK(rise)  setup     untested  constant_disabled
U3_cpu/U1_datapath/in_idat_r_reg_6_/SI CK(rise)  hold      untested  constant_disabled
U3_cpu/U1_datapath/in_idat_r_reg_6_/SN(rise)
                                       CK(rise)  setup     untested  constant_disabled
U3_cpu/U1_datapath/in_idat_r_reg_6_/SN(rise)
                                       CK(rise)  hold      untested  constant_disabled
U3_cpu/U1_datapath/in_idat_r_reg_6_/SN(low)      min_pulse_width
                                                           untested  constant_disabled
U3_cpu/U1_datapath/in_idat_r_reg_7_/RN(rise)
                                       CK(rise)  removal   untested  false_paths
U3_cpu/U1_datapath/in_idat_r_reg_7_/RN(rise)
                                       CK(rise)  recovery  untested  false_paths
U3_cpu/U1_datapath/in_idat_r_reg_7_/RN(low)      min_pulse_width
                                                           untested  no_clock
U3_cpu/U1_datapath/in_idat_r_reg_7_/SE CK(rise)  setup     untested  constant_disabled
U3_cpu/U1_datapath/in_idat_r_reg_7_/SE CK(rise)  hold      untested  constant_disabled
U3_cpu/U1_datapath/in_idat_r_reg_7_/SI CK(rise)  setup     untested  constant_disabled
U3_cpu/U1_datapath/in_idat_r_reg_7_/SI CK(rise)  hold      untested  constant_disabled
U3_cpu/U1_datapath/in_idat_r_reg_7_/SN(rise)
                                       CK(rise)  setup     untested  constant_disabled
U3_cpu/U1_datapath/in_idat_r_reg_7_/SN(rise)
                                       CK(rise)  hold      untested  constant_disabled
U3_cpu/U1_datapath/in_idat_r_reg_7_/SN(low)      min_pulse_width
                                                           untested  constant_disabled
U3_cpu/U1_datapath/in_xrom1_r_reg_0_/RN(rise)
                                       CK(rise)  removal   untested  false_paths
U3_cpu/U1_datapath/in_xrom1_r_reg_0_/RN(rise)
                                       CK(rise)  recovery  untested  false_paths
U3_cpu/U1_datapath/in_xrom1_r_reg_0_/RN(low)     min_pulse_width
                                                           untested  no_clock
U3_cpu/U1_datapath/in_xrom1_r_reg_0_/SE
                                       CK(rise)  setup     untested  constant_disabled
U3_cpu/U1_datapath/in_xrom1_r_reg_0_/SE
                                       CK(rise)  hold      untested  constant_disabled
U3_cpu/U1_datapath/in_xrom1_r_reg_0_/SI
                                       CK(rise)  setup     untested  constant_disabled
U3_cpu/U1_datapath/in_xrom1_r_reg_0_/SI
                                       CK(rise)  hold      untested  constant_disabled
U3_cpu/U1_datapath/in_xrom1_r_reg_0_/SN(rise)
                                       CK(rise)  setup     untested  constant_disabled
U3_cpu/U1_datapath/in_xrom1_r_reg_0_/SN(rise)
                                       CK(rise)  hold      untested  constant_disabled
U3_cpu/U1_datapath/in_xrom1_r_reg_0_/SN(low)     min_pulse_width
                                                           untested  constant_disabled
U3_cpu/U1_datapath/in_xrom1_r_reg_1_/RN(rise)
                                       CK(rise)  removal   untested  false_paths
U3_cpu/U1_datapath/in_xrom1_r_reg_1_/RN(rise)
                                       CK(rise)  recovery  untested  false_paths
U3_cpu/U1_datapath/in_xrom1_r_reg_1_/RN(low)     min_pulse_width
                                                           untested  no_clock
U3_cpu/U1_datapath/in_xrom1_r_reg_1_/SE
                                       CK(rise)  setup     untested  constant_disabled
U3_cpu/U1_datapath/in_xrom1_r_reg_1_/SE
                                       CK(rise)  hold      untested  constant_disabled
U3_cpu/U1_datapath/in_xrom1_r_reg_1_/SI
                                       CK(rise)  setup     untested  constant_disabled
U3_cpu/U1_datapath/in_xrom1_r_reg_1_/SI
                                       CK(rise)  hold      untested  constant_disabled
U3_cpu/U1_datapath/in_xrom1_r_reg_1_/SN(rise)
                                       CK(rise)  setup     untested  constant_disabled
U3_cpu/U1_datapath/in_xrom1_r_reg_1_/SN(rise)
                                       CK(rise)  hold      untested  constant_disabled
U3_cpu/U1_datapath/in_xrom1_r_reg_1_/SN(low)     min_pulse_width
                                                           untested  constant_disabled
U3_cpu/U1_datapath/in_xrom1_r_reg_2_/RN(rise)
                                       CK(rise)  removal   untested  false_paths
U3_cpu/U1_datapath/in_xrom1_r_reg_2_/RN(rise)
                                       CK(rise)  recovery  untested  false_paths
U3_cpu/U1_datapath/in_xrom1_r_reg_2_/RN(low)     min_pulse_width
                                                           untested  no_clock
U3_cpu/U1_datapath/in_xrom1_r_reg_2_/SE
                                       CK(rise)  setup     untested  constant_disabled
U3_cpu/U1_datapath/in_xrom1_r_reg_2_/SE
                                       CK(rise)  hold      untested  constant_disabled
U3_cpu/U1_datapath/in_xrom1_r_reg_2_/SI
                                       CK(rise)  setup     untested  constant_disabled
U3_cpu/U1_datapath/in_xrom1_r_reg_2_/SI
                                       CK(rise)  hold      untested  constant_disabled
U3_cpu/U1_datapath/in_xrom1_r_reg_2_/SN(rise)
                                       CK(rise)  setup     untested  constant_disabled
U3_cpu/U1_datapath/in_xrom1_r_reg_2_/SN(rise)
                                       CK(rise)  hold      untested  constant_disabled
U3_cpu/U1_datapath/in_xrom1_r_reg_2_/SN(low)     min_pulse_width
                                                           untested  constant_disabled
U3_cpu/U1_datapath/in_xrom1_r_reg_3_/RN(rise)
                                       CK(rise)  removal   untested  false_paths
U3_cpu/U1_datapath/in_xrom1_r_reg_3_/RN(rise)
                                       CK(rise)  recovery  untested  false_paths
U3_cpu/U1_datapath/in_xrom1_r_reg_3_/RN(low)     min_pulse_width
                                                           untested  no_clock
U3_cpu/U1_datapath/in_xrom1_r_reg_3_/SE
                                       CK(rise)  setup     untested  constant_disabled
U3_cpu/U1_datapath/in_xrom1_r_reg_3_/SE
                                       CK(rise)  hold      untested  constant_disabled
U3_cpu/U1_datapath/in_xrom1_r_reg_3_/SI
                                       CK(rise)  setup     untested  constant_disabled
U3_cpu/U1_datapath/in_xrom1_r_reg_3_/SI
                                       CK(rise)  hold      untested  constant_disabled
U3_cpu/U1_datapath/in_xrom1_r_reg_3_/SN(rise)
                                       CK(rise)  setup     untested  constant_disabled
U3_cpu/U1_datapath/in_xrom1_r_reg_3_/SN(rise)
                                       CK(rise)  hold      untested  constant_disabled
U3_cpu/U1_datapath/in_xrom1_r_reg_3_/SN(low)     min_pulse_width
                                                           untested  constant_disabled
U3_cpu/U1_datapath/in_xrom1_r_reg_4_/RN(rise)
                                       CK(rise)  removal   untested  false_paths
U3_cpu/U1_datapath/in_xrom1_r_reg_4_/RN(rise)
                                       CK(rise)  recovery  untested  false_paths
U3_cpu/U1_datapath/in_xrom1_r_reg_4_/RN(low)     min_pulse_width
                                                           untested  no_clock
U3_cpu/U1_datapath/in_xrom1_r_reg_4_/SE
                                       CK(rise)  setup     untested  constant_disabled
U3_cpu/U1_datapath/in_xrom1_r_reg_4_/SE
                                       CK(rise)  hold      untested  constant_disabled
U3_cpu/U1_datapath/in_xrom1_r_reg_4_/SI
                                       CK(rise)  setup     untested  constant_disabled
U3_cpu/U1_datapath/in_xrom1_r_reg_4_/SI
                                       CK(rise)  hold      untested  constant_disabled
U3_cpu/U1_datapath/in_xrom1_r_reg_4_/SN(rise)
                                       CK(rise)  setup     untested  constant_disabled
U3_cpu/U1_datapath/in_xrom1_r_reg_4_/SN(rise)
                                       CK(rise)  hold      untested  constant_disabled
U3_cpu/U1_datapath/in_xrom1_r_reg_4_/SN(low)     min_pulse_width
                                                           untested  constant_disabled
U3_cpu/U1_datapath/in_xrom1_r_reg_5_/RN(rise)
                                       CK(rise)  removal   untested  false_paths
U3_cpu/U1_datapath/in_xrom1_r_reg_5_/RN(rise)
                                       CK(rise)  recovery  untested  false_paths
U3_cpu/U1_datapath/in_xrom1_r_reg_5_/RN(low)     min_pulse_width
                                                           untested  no_clock
U3_cpu/U1_datapath/in_xrom1_r_reg_5_/SE
                                       CK(rise)  setup     untested  constant_disabled
U3_cpu/U1_datapath/in_xrom1_r_reg_5_/SE
                                       CK(rise)  hold      untested  constant_disabled
U3_cpu/U1_datapath/in_xrom1_r_reg_5_/SI
                                       CK(rise)  setup     untested  constant_disabled
U3_cpu/U1_datapath/in_xrom1_r_reg_5_/SI
                                       CK(rise)  hold      untested  constant_disabled
U3_cpu/U1_datapath/in_xrom1_r_reg_5_/SN(rise)
                                       CK(rise)  setup     untested  constant_disabled
U3_cpu/U1_datapath/in_xrom1_r_reg_5_/SN(rise)
                                       CK(rise)  hold      untested  constant_disabled
U3_cpu/U1_datapath/in_xrom1_r_reg_5_/SN(low)     min_pulse_width
                                                           untested  constant_disabled
U3_cpu/U1_datapath/in_xrom1_r_reg_6_/RN(rise)
                                       CK(rise)  removal   untested  false_paths
U3_cpu/U1_datapath/in_xrom1_r_reg_6_/RN(rise)
                                       CK(rise)  recovery  untested  false_paths
U3_cpu/U1_datapath/in_xrom1_r_reg_6_/RN(low)     min_pulse_width
                                                           untested  no_clock
U3_cpu/U1_datapath/in_xrom1_r_reg_6_/SE
                                       CK(rise)  setup     untested  constant_disabled
U3_cpu/U1_datapath/in_xrom1_r_reg_6_/SE
                                       CK(rise)  hold      untested  constant_disabled
U3_cpu/U1_datapath/in_xrom1_r_reg_6_/SI
                                       CK(rise)  setup     untested  constant_disabled
U3_cpu/U1_datapath/in_xrom1_r_reg_6_/SI
                                       CK(rise)  hold      untested  constant_disabled
U3_cpu/U1_datapath/in_xrom1_r_reg_6_/SN(rise)
                                       CK(rise)  setup     untested  constant_disabled
U3_cpu/U1_datapath/in_xrom1_r_reg_6_/SN(rise)
                                       CK(rise)  hold      untested  constant_disabled
U3_cpu/U1_datapath/in_xrom1_r_reg_6_/SN(low)     min_pulse_width
                                                           untested  constant_disabled
U3_cpu/U1_datapath/in_xrom1_r_reg_7_/RN(rise)
                                       CK(rise)  removal   untested  false_paths
U3_cpu/U1_datapath/in_xrom1_r_reg_7_/RN(rise)
                                       CK(rise)  recovery  untested  false_paths
U3_cpu/U1_datapath/in_xrom1_r_reg_7_/RN(low)     min_pulse_width
                                                           untested  no_clock
U3_cpu/U1_datapath/in_xrom1_r_reg_7_/SE
                                       CK(rise)  setup     untested  constant_disabled
U3_cpu/U1_datapath/in_xrom1_r_reg_7_/SE
                                       CK(rise)  hold      untested  constant_disabled
U3_cpu/U1_datapath/in_xrom1_r_reg_7_/SI
                                       CK(rise)  setup     untested  constant_disabled
U3_cpu/U1_datapath/in_xrom1_r_reg_7_/SI
                                       CK(rise)  hold      untested  constant_disabled
U3_cpu/U1_datapath/in_xrom1_r_reg_7_/SN(rise)
                                       CK(rise)  setup     untested  constant_disabled
U3_cpu/U1_datapath/in_xrom1_r_reg_7_/SN(rise)
                                       CK(rise)  hold      untested  constant_disabled
U3_cpu/U1_datapath/in_xrom1_r_reg_7_/SN(low)     min_pulse_width
                                                           untested  constant_disabled
U3_cpu/U1_datapath/in_xrom_r_reg_0_/RN(rise)
                                       CK(rise)  removal   untested  false_paths
U3_cpu/U1_datapath/in_xrom_r_reg_0_/RN(rise)
                                       CK(rise)  recovery  untested  false_paths
U3_cpu/U1_datapath/in_xrom_r_reg_0_/RN(low)      min_pulse_width
                                                           untested  no_clock
U3_cpu/U1_datapath/in_xrom_r_reg_0_/SE CK(rise)  setup     untested  constant_disabled
U3_cpu/U1_datapath/in_xrom_r_reg_0_/SE CK(rise)  hold      untested  constant_disabled
U3_cpu/U1_datapath/in_xrom_r_reg_0_/SI CK(rise)  setup     untested  constant_disabled
U3_cpu/U1_datapath/in_xrom_r_reg_0_/SI CK(rise)  hold      untested  constant_disabled
U3_cpu/U1_datapath/in_xrom_r_reg_0_/SN(rise)
                                       CK(rise)  setup     untested  constant_disabled
U3_cpu/U1_datapath/in_xrom_r_reg_0_/SN(rise)
                                       CK(rise)  hold      untested  constant_disabled
U3_cpu/U1_datapath/in_xrom_r_reg_0_/SN(low)      min_pulse_width
                                                           untested  constant_disabled
U3_cpu/U1_datapath/in_xrom_r_reg_1_/RN(rise)
                                       CK(rise)  removal   untested  false_paths
U3_cpu/U1_datapath/in_xrom_r_reg_1_/RN(rise)
                                       CK(rise)  recovery  untested  false_paths
U3_cpu/U1_datapath/in_xrom_r_reg_1_/RN(low)      min_pulse_width
                                                           untested  no_clock
U3_cpu/U1_datapath/in_xrom_r_reg_1_/SE CK(rise)  setup     untested  constant_disabled
U3_cpu/U1_datapath/in_xrom_r_reg_1_/SE CK(rise)  hold      untested  constant_disabled
U3_cpu/U1_datapath/in_xrom_r_reg_1_/SI CK(rise)  setup     untested  constant_disabled
U3_cpu/U1_datapath/in_xrom_r_reg_1_/SI CK(rise)  hold      untested  constant_disabled
U3_cpu/U1_datapath/in_xrom_r_reg_1_/SN(rise)
                                       CK(rise)  setup     untested  constant_disabled
U3_cpu/U1_datapath/in_xrom_r_reg_1_/SN(rise)
                                       CK(rise)  hold      untested  constant_disabled
U3_cpu/U1_datapath/in_xrom_r_reg_1_/SN(low)      min_pulse_width
                                                           untested  constant_disabled
U3_cpu/U1_datapath/in_xrom_r_reg_2_/RN(rise)
                                       CK(rise)  removal   untested  false_paths
U3_cpu/U1_datapath/in_xrom_r_reg_2_/RN(rise)
                                       CK(rise)  recovery  untested  false_paths
U3_cpu/U1_datapath/in_xrom_r_reg_2_/RN(low)      min_pulse_width
                                                           untested  no_clock
U3_cpu/U1_datapath/in_xrom_r_reg_2_/SE CK(rise)  setup     untested  constant_disabled
U3_cpu/U1_datapath/in_xrom_r_reg_2_/SE CK(rise)  hold      untested  constant_disabled
U3_cpu/U1_datapath/in_xrom_r_reg_2_/SI CK(rise)  setup     untested  constant_disabled
U3_cpu/U1_datapath/in_xrom_r_reg_2_/SI CK(rise)  hold      untested  constant_disabled
U3_cpu/U1_datapath/in_xrom_r_reg_2_/SN(rise)
                                       CK(rise)  setup     untested  constant_disabled
U3_cpu/U1_datapath/in_xrom_r_reg_2_/SN(rise)
                                       CK(rise)  hold      untested  constant_disabled
U3_cpu/U1_datapath/in_xrom_r_reg_2_/SN(low)      min_pulse_width
                                                           untested  constant_disabled
U3_cpu/U1_datapath/in_xrom_r_reg_3_/RN(rise)
                                       CK(rise)  removal   untested  false_paths
U3_cpu/U1_datapath/in_xrom_r_reg_3_/RN(rise)
                                       CK(rise)  recovery  untested  false_paths
U3_cpu/U1_datapath/in_xrom_r_reg_3_/RN(low)      min_pulse_width
                                                           untested  no_clock
U3_cpu/U1_datapath/in_xrom_r_reg_3_/SE CK(rise)  setup     untested  constant_disabled
U3_cpu/U1_datapath/in_xrom_r_reg_3_/SE CK(rise)  hold      untested  constant_disabled
U3_cpu/U1_datapath/in_xrom_r_reg_3_/SI CK(rise)  setup     untested  constant_disabled
U3_cpu/U1_datapath/in_xrom_r_reg_3_/SI CK(rise)  hold      untested  constant_disabled
U3_cpu/U1_datapath/in_xrom_r_reg_3_/SN(rise)
                                       CK(rise)  setup     untested  constant_disabled
U3_cpu/U1_datapath/in_xrom_r_reg_3_/SN(rise)
                                       CK(rise)  hold      untested  constant_disabled
U3_cpu/U1_datapath/in_xrom_r_reg_3_/SN(low)      min_pulse_width
                                                           untested  constant_disabled
U3_cpu/U1_datapath/in_xrom_r_reg_4_/RN(rise)
                                       CK(rise)  removal   untested  false_paths
U3_cpu/U1_datapath/in_xrom_r_reg_4_/RN(rise)
                                       CK(rise)  recovery  untested  false_paths
U3_cpu/U1_datapath/in_xrom_r_reg_4_/RN(low)      min_pulse_width
                                                           untested  no_clock
U3_cpu/U1_datapath/in_xrom_r_reg_4_/SE CK(rise)  setup     untested  constant_disabled
U3_cpu/U1_datapath/in_xrom_r_reg_4_/SE CK(rise)  hold      untested  constant_disabled
U3_cpu/U1_datapath/in_xrom_r_reg_4_/SI CK(rise)  setup     untested  constant_disabled
U3_cpu/U1_datapath/in_xrom_r_reg_4_/SI CK(rise)  hold      untested  constant_disabled
U3_cpu/U1_datapath/in_xrom_r_reg_4_/SN(rise)
                                       CK(rise)  setup     untested  constant_disabled
U3_cpu/U1_datapath/in_xrom_r_reg_4_/SN(rise)
                                       CK(rise)  hold      untested  constant_disabled
U3_cpu/U1_datapath/in_xrom_r_reg_4_/SN(low)      min_pulse_width
                                                           untested  constant_disabled
U3_cpu/U1_datapath/in_xrom_r_reg_5_/RN(rise)
                                       CK(rise)  removal   untested  false_paths
U3_cpu/U1_datapath/in_xrom_r_reg_5_/RN(rise)
                                       CK(rise)  recovery  untested  false_paths
U3_cpu/U1_datapath/in_xrom_r_reg_5_/RN(low)      min_pulse_width
                                                           untested  no_clock
U3_cpu/U1_datapath/in_xrom_r_reg_5_/SE CK(rise)  setup     untested  constant_disabled
U3_cpu/U1_datapath/in_xrom_r_reg_5_/SE CK(rise)  hold      untested  constant_disabled
U3_cpu/U1_datapath/in_xrom_r_reg_5_/SI CK(rise)  setup     untested  constant_disabled
U3_cpu/U1_datapath/in_xrom_r_reg_5_/SI CK(rise)  hold      untested  constant_disabled
U3_cpu/U1_datapath/in_xrom_r_reg_5_/SN(rise)
                                       CK(rise)  setup     untested  constant_disabled
U3_cpu/U1_datapath/in_xrom_r_reg_5_/SN(rise)
                                       CK(rise)  hold      untested  constant_disabled
U3_cpu/U1_datapath/in_xrom_r_reg_5_/SN(low)      min_pulse_width
                                                           untested  constant_disabled
U3_cpu/U1_datapath/in_xrom_r_reg_6_/RN(rise)
                                       CK(rise)  removal   untested  false_paths
U3_cpu/U1_datapath/in_xrom_r_reg_6_/RN(rise)
                                       CK(rise)  recovery  untested  false_paths
U3_cpu/U1_datapath/in_xrom_r_reg_6_/RN(low)      min_pulse_width
                                                           untested  no_clock
U3_cpu/U1_datapath/in_xrom_r_reg_6_/SE CK(rise)  setup     untested  constant_disabled
U3_cpu/U1_datapath/in_xrom_r_reg_6_/SE CK(rise)  hold      untested  constant_disabled
U3_cpu/U1_datapath/in_xrom_r_reg_6_/SI CK(rise)  setup     untested  constant_disabled
U3_cpu/U1_datapath/in_xrom_r_reg_6_/SI CK(rise)  hold      untested  constant_disabled
U3_cpu/U1_datapath/in_xrom_r_reg_6_/SN(rise)
                                       CK(rise)  setup     untested  constant_disabled
U3_cpu/U1_datapath/in_xrom_r_reg_6_/SN(rise)
                                       CK(rise)  hold      untested  constant_disabled
U3_cpu/U1_datapath/in_xrom_r_reg_6_/SN(low)      min_pulse_width
                                                           untested  constant_disabled
U3_cpu/U1_datapath/in_xrom_r_reg_7_/RN(rise)
                                       CK(rise)  removal   untested  false_paths
U3_cpu/U1_datapath/in_xrom_r_reg_7_/RN(rise)
                                       CK(rise)  recovery  untested  false_paths
U3_cpu/U1_datapath/in_xrom_r_reg_7_/RN(low)      min_pulse_width
                                                           untested  no_clock
U3_cpu/U1_datapath/in_xrom_r_reg_7_/SE CK(rise)  setup     untested  constant_disabled
U3_cpu/U1_datapath/in_xrom_r_reg_7_/SE CK(rise)  hold      untested  constant_disabled
U3_cpu/U1_datapath/in_xrom_r_reg_7_/SI CK(rise)  setup     untested  constant_disabled
U3_cpu/U1_datapath/in_xrom_r_reg_7_/SI CK(rise)  hold      untested  constant_disabled
U3_cpu/U1_datapath/in_xrom_r_reg_7_/SN(rise)
                                       CK(rise)  setup     untested  constant_disabled
U3_cpu/U1_datapath/in_xrom_r_reg_7_/SN(rise)
                                       CK(rise)  hold      untested  constant_disabled
U3_cpu/U1_datapath/in_xrom_r_reg_7_/SN(low)      min_pulse_width
                                                           untested  constant_disabled
U3_cpu/U1_datapath/int_vec1_reg_0_/SE  CK(rise)  setup     untested  constant_disabled
U3_cpu/U1_datapath/int_vec1_reg_0_/SE  CK(rise)  hold      untested  constant_disabled
U3_cpu/U1_datapath/int_vec1_reg_0_/SI  CK(rise)  setup     untested  constant_disabled
U3_cpu/U1_datapath/int_vec1_reg_0_/SI  CK(rise)  hold      untested  constant_disabled
U3_cpu/U1_datapath/int_vec1_reg_1_/SE  CK(rise)  setup     untested  constant_disabled
U3_cpu/U1_datapath/int_vec1_reg_1_/SE  CK(rise)  hold      untested  constant_disabled
U3_cpu/U1_datapath/int_vec1_reg_1_/SI  CK(rise)  setup     untested  constant_disabled
U3_cpu/U1_datapath/int_vec1_reg_1_/SI  CK(rise)  hold      untested  constant_disabled
U3_cpu/U1_datapath/int_vec1_reg_2_/SE  CK(rise)  setup     untested  constant_disabled
U3_cpu/U1_datapath/int_vec1_reg_2_/SE  CK(rise)  hold      untested  constant_disabled
U3_cpu/U1_datapath/int_vec1_reg_2_/SI  CK(rise)  setup     untested  constant_disabled
U3_cpu/U1_datapath/int_vec1_reg_2_/SI  CK(rise)  hold      untested  constant_disabled
U3_cpu/U1_datapath/int_vec2_reg_0_/SE  CK(rise)  setup     untested  constant_disabled
U3_cpu/U1_datapath/int_vec2_reg_0_/SE  CK(rise)  hold      untested  constant_disabled
U3_cpu/U1_datapath/int_vec2_reg_0_/SI  CK(rise)  setup     untested  constant_disabled
U3_cpu/U1_datapath/int_vec2_reg_0_/SI  CK(rise)  hold      untested  constant_disabled
U3_cpu/U1_datapath/int_vec2_reg_1_/SE  CK(rise)  setup     untested  constant_disabled
U3_cpu/U1_datapath/int_vec2_reg_1_/SE  CK(rise)  hold      untested  constant_disabled
U3_cpu/U1_datapath/int_vec2_reg_1_/SI  CK(rise)  setup     untested  constant_disabled
U3_cpu/U1_datapath/int_vec2_reg_1_/SI  CK(rise)  hold      untested  constant_disabled
U3_cpu/U1_datapath/int_vec2_reg_2_/SE  CK(rise)  setup     untested  constant_disabled
U3_cpu/U1_datapath/int_vec2_reg_2_/SE  CK(rise)  hold      untested  constant_disabled
U3_cpu/U1_datapath/int_vec2_reg_2_/SI  CK(rise)  setup     untested  constant_disabled
U3_cpu/U1_datapath/int_vec2_reg_2_/SI  CK(rise)  hold      untested  constant_disabled
U3_cpu/U1_datapath/int_vec3_reg_0_/SE  CK(rise)  setup     untested  constant_disabled
U3_cpu/U1_datapath/int_vec3_reg_0_/SE  CK(rise)  hold      untested  constant_disabled
U3_cpu/U1_datapath/int_vec3_reg_0_/SI  CK(rise)  setup     untested  constant_disabled
U3_cpu/U1_datapath/int_vec3_reg_0_/SI  CK(rise)  hold      untested  constant_disabled
U3_cpu/U1_datapath/int_vec3_reg_1_/SE  CK(rise)  setup     untested  constant_disabled
U3_cpu/U1_datapath/int_vec3_reg_1_/SE  CK(rise)  hold      untested  constant_disabled
U3_cpu/U1_datapath/int_vec3_reg_1_/SI  CK(rise)  setup     untested  constant_disabled
U3_cpu/U1_datapath/int_vec3_reg_1_/SI  CK(rise)  hold      untested  constant_disabled
U3_cpu/U1_datapath/int_vec3_reg_2_/SE  CK(rise)  setup     untested  constant_disabled
U3_cpu/U1_datapath/int_vec3_reg_2_/SE  CK(rise)  hold      untested  constant_disabled
U3_cpu/U1_datapath/int_vec3_reg_2_/SI  CK(rise)  setup     untested  constant_disabled
U3_cpu/U1_datapath/int_vec3_reg_2_/SI  CK(rise)  hold      untested  constant_disabled
U3_cpu/U1_datapath/int_vec3_reg_2_/SN(rise)
                                       CK(rise)  setup     untested  constant_disabled
U3_cpu/U1_datapath/int_vec3_reg_2_/SN(rise)
                                       CK(rise)  hold      untested  constant_disabled
U3_cpu/U1_datapath/int_vec3_reg_2_/SN(low)       min_pulse_width
                                                           untested  constant_disabled
U3_cpu/U1_datapath/latch_acc_reg_0_/RN(rise)
                                       CK(rise)  removal   untested  false_paths
U3_cpu/U1_datapath/latch_acc_reg_0_/RN(rise)
                                       CK(rise)  recovery  untested  false_paths
U3_cpu/U1_datapath/latch_acc_reg_0_/RN(low)      min_pulse_width
                                                           untested  no_clock
U3_cpu/U1_datapath/latch_acc_reg_0_/SE CK(rise)  setup     untested  constant_disabled
U3_cpu/U1_datapath/latch_acc_reg_0_/SE CK(rise)  hold      untested  constant_disabled
U3_cpu/U1_datapath/latch_acc_reg_0_/SI CK(rise)  setup     untested  constant_disabled
U3_cpu/U1_datapath/latch_acc_reg_0_/SI CK(rise)  hold      untested  constant_disabled
U3_cpu/U1_datapath/latch_acc_reg_0_/SN(rise)
                                       CK(rise)  setup     untested  constant_disabled
U3_cpu/U1_datapath/latch_acc_reg_0_/SN(rise)
                                       CK(rise)  hold      untested  constant_disabled
U3_cpu/U1_datapath/latch_acc_reg_0_/SN(low)      min_pulse_width
                                                           untested  constant_disabled
U3_cpu/U1_datapath/latch_acc_reg_1_/RN(rise)
                                       CK(rise)  removal   untested  false_paths
U3_cpu/U1_datapath/latch_acc_reg_1_/RN(rise)
                                       CK(rise)  recovery  untested  false_paths
U3_cpu/U1_datapath/latch_acc_reg_1_/RN(low)      min_pulse_width
                                                           untested  no_clock
U3_cpu/U1_datapath/latch_acc_reg_1_/SE CK(rise)  setup     untested  constant_disabled
U3_cpu/U1_datapath/latch_acc_reg_1_/SE CK(rise)  hold      untested  constant_disabled
U3_cpu/U1_datapath/latch_acc_reg_1_/SI CK(rise)  setup     untested  constant_disabled
U3_cpu/U1_datapath/latch_acc_reg_1_/SI CK(rise)  hold      untested  constant_disabled
U3_cpu/U1_datapath/latch_acc_reg_1_/SN(rise)
                                       CK(rise)  setup     untested  constant_disabled
U3_cpu/U1_datapath/latch_acc_reg_1_/SN(rise)
                                       CK(rise)  hold      untested  constant_disabled
U3_cpu/U1_datapath/latch_acc_reg_1_/SN(low)      min_pulse_width
                                                           untested  constant_disabled
U3_cpu/U1_datapath/latch_acc_reg_2_/RN(rise)
                                       CK(rise)  removal   untested  false_paths
U3_cpu/U1_datapath/latch_acc_reg_2_/RN(rise)
                                       CK(rise)  recovery  untested  false_paths
U3_cpu/U1_datapath/latch_acc_reg_2_/RN(low)      min_pulse_width
                                                           untested  no_clock
U3_cpu/U1_datapath/latch_acc_reg_2_/SE CK(rise)  setup     untested  constant_disabled
U3_cpu/U1_datapath/latch_acc_reg_2_/SE CK(rise)  hold      untested  constant_disabled
U3_cpu/U1_datapath/latch_acc_reg_2_/SI CK(rise)  setup     untested  constant_disabled
U3_cpu/U1_datapath/latch_acc_reg_2_/SI CK(rise)  hold      untested  constant_disabled
U3_cpu/U1_datapath/latch_acc_reg_2_/SN(rise)
                                       CK(rise)  setup     untested  constant_disabled
U3_cpu/U1_datapath/latch_acc_reg_2_/SN(rise)
                                       CK(rise)  hold      untested  constant_disabled
U3_cpu/U1_datapath/latch_acc_reg_2_/SN(low)      min_pulse_width
                                                           untested  constant_disabled
U3_cpu/U1_datapath/latch_acc_reg_3_/RN(rise)
                                       CK(rise)  removal   untested  false_paths
U3_cpu/U1_datapath/latch_acc_reg_3_/RN(rise)
                                       CK(rise)  recovery  untested  false_paths
U3_cpu/U1_datapath/latch_acc_reg_3_/RN(low)      min_pulse_width
                                                           untested  no_clock
U3_cpu/U1_datapath/latch_acc_reg_3_/SE CK(rise)  setup     untested  constant_disabled
U3_cpu/U1_datapath/latch_acc_reg_3_/SE CK(rise)  hold      untested  constant_disabled
U3_cpu/U1_datapath/latch_acc_reg_3_/SI CK(rise)  setup     untested  constant_disabled
U3_cpu/U1_datapath/latch_acc_reg_3_/SI CK(rise)  hold      untested  constant_disabled
U3_cpu/U1_datapath/latch_acc_reg_3_/SN(rise)
                                       CK(rise)  setup     untested  constant_disabled
U3_cpu/U1_datapath/latch_acc_reg_3_/SN(rise)
                                       CK(rise)  hold      untested  constant_disabled
U3_cpu/U1_datapath/latch_acc_reg_3_/SN(low)      min_pulse_width
                                                           untested  constant_disabled
U3_cpu/U1_datapath/latch_acc_reg_4_/RN(rise)
                                       CK(rise)  removal   untested  false_paths
U3_cpu/U1_datapath/latch_acc_reg_4_/RN(rise)
                                       CK(rise)  recovery  untested  false_paths
U3_cpu/U1_datapath/latch_acc_reg_4_/RN(low)      min_pulse_width
                                                           untested  no_clock
U3_cpu/U1_datapath/latch_acc_reg_4_/SE CK(rise)  setup     untested  constant_disabled
U3_cpu/U1_datapath/latch_acc_reg_4_/SE CK(rise)  hold      untested  constant_disabled
U3_cpu/U1_datapath/latch_acc_reg_4_/SI CK(rise)  setup     untested  constant_disabled
U3_cpu/U1_datapath/latch_acc_reg_4_/SI CK(rise)  hold      untested  constant_disabled
U3_cpu/U1_datapath/latch_acc_reg_4_/SN(rise)
                                       CK(rise)  setup     untested  constant_disabled
U3_cpu/U1_datapath/latch_acc_reg_4_/SN(rise)
                                       CK(rise)  hold      untested  constant_disabled
U3_cpu/U1_datapath/latch_acc_reg_4_/SN(low)      min_pulse_width
                                                           untested  constant_disabled
U3_cpu/U1_datapath/latch_acc_reg_5_/RN(rise)
                                       CK(rise)  removal   untested  false_paths
U3_cpu/U1_datapath/latch_acc_reg_5_/RN(rise)
                                       CK(rise)  recovery  untested  false_paths
U3_cpu/U1_datapath/latch_acc_reg_5_/RN(low)      min_pulse_width
                                                           untested  no_clock
U3_cpu/U1_datapath/latch_acc_reg_5_/SE CK(rise)  setup     untested  constant_disabled
U3_cpu/U1_datapath/latch_acc_reg_5_/SE CK(rise)  hold      untested  constant_disabled
U3_cpu/U1_datapath/latch_acc_reg_5_/SI CK(rise)  setup     untested  constant_disabled
U3_cpu/U1_datapath/latch_acc_reg_5_/SI CK(rise)  hold      untested  constant_disabled
U3_cpu/U1_datapath/latch_acc_reg_5_/SN(rise)
                                       CK(rise)  setup     untested  constant_disabled
U3_cpu/U1_datapath/latch_acc_reg_5_/SN(rise)
                                       CK(rise)  hold      untested  constant_disabled
U3_cpu/U1_datapath/latch_acc_reg_5_/SN(low)      min_pulse_width
                                                           untested  constant_disabled
U3_cpu/U1_datapath/latch_acc_reg_6_/RN(rise)
                                       CK(rise)  removal   untested  false_paths
U3_cpu/U1_datapath/latch_acc_reg_6_/RN(rise)
                                       CK(rise)  recovery  untested  false_paths
U3_cpu/U1_datapath/latch_acc_reg_6_/RN(low)      min_pulse_width
                                                           untested  no_clock
U3_cpu/U1_datapath/latch_acc_reg_6_/SE CK(rise)  setup     untested  constant_disabled
U3_cpu/U1_datapath/latch_acc_reg_6_/SE CK(rise)  hold      untested  constant_disabled
U3_cpu/U1_datapath/latch_acc_reg_6_/SI CK(rise)  setup     untested  constant_disabled
U3_cpu/U1_datapath/latch_acc_reg_6_/SI CK(rise)  hold      untested  constant_disabled
U3_cpu/U1_datapath/latch_acc_reg_6_/SN(rise)
                                       CK(rise)  setup     untested  constant_disabled
U3_cpu/U1_datapath/latch_acc_reg_6_/SN(rise)
                                       CK(rise)  hold      untested  constant_disabled
U3_cpu/U1_datapath/latch_acc_reg_6_/SN(low)      min_pulse_width
                                                           untested  constant_disabled
U3_cpu/U1_datapath/latch_acc_reg_7_/RN(rise)
                                       CK(rise)  removal   untested  false_paths
U3_cpu/U1_datapath/latch_acc_reg_7_/RN(rise)
                                       CK(rise)  recovery  untested  false_paths
U3_cpu/U1_datapath/latch_acc_reg_7_/RN(low)      min_pulse_width
                                                           untested  no_clock
U3_cpu/U1_datapath/latch_acc_reg_7_/SE CK(rise)  setup     untested  constant_disabled
U3_cpu/U1_datapath/latch_acc_reg_7_/SE CK(rise)  hold      untested  constant_disabled
U3_cpu/U1_datapath/latch_acc_reg_7_/SI CK(rise)  setup     untested  constant_disabled
U3_cpu/U1_datapath/latch_acc_reg_7_/SI CK(rise)  hold      untested  constant_disabled
U3_cpu/U1_datapath/latch_acc_reg_7_/SN(rise)
                                       CK(rise)  setup     untested  constant_disabled
U3_cpu/U1_datapath/latch_acc_reg_7_/SN(rise)
                                       CK(rise)  hold      untested  constant_disabled
U3_cpu/U1_datapath/latch_acc_reg_7_/SN(low)      min_pulse_width
                                                           untested  constant_disabled
U3_cpu/U1_datapath/latch_pc_reg_0_/RN(rise)
                                       CK(rise)  recovery  untested  false_paths
U3_cpu/U1_datapath/latch_pc_reg_0_/RN(rise)
                                       CK(rise)  removal   untested  false_paths
U3_cpu/U1_datapath/latch_pc_reg_0_/RN(low)       min_pulse_width
                                                           untested  no_clock
U3_cpu/U1_datapath/latch_pc_reg_0_/SE  CK(rise)  setup     untested  constant_disabled
U3_cpu/U1_datapath/latch_pc_reg_0_/SE  CK(rise)  hold      untested  constant_disabled
U3_cpu/U1_datapath/latch_pc_reg_0_/SI  CK(rise)  setup     untested  constant_disabled
U3_cpu/U1_datapath/latch_pc_reg_0_/SI  CK(rise)  hold      untested  constant_disabled
U3_cpu/U1_datapath/latch_pc_reg_10_/RN(rise)
                                       CK(rise)  removal   untested  false_paths
U3_cpu/U1_datapath/latch_pc_reg_10_/RN(rise)
                                       CK(rise)  recovery  untested  false_paths
U3_cpu/U1_datapath/latch_pc_reg_10_/RN(low)      min_pulse_width
                                                           untested  no_clock
U3_cpu/U1_datapath/latch_pc_reg_10_/SE CK(rise)  setup     untested  constant_disabled
U3_cpu/U1_datapath/latch_pc_reg_10_/SE CK(rise)  hold      untested  constant_disabled
U3_cpu/U1_datapath/latch_pc_reg_10_/SI CK(rise)  setup     untested  constant_disabled
U3_cpu/U1_datapath/latch_pc_reg_10_/SI CK(rise)  hold      untested  constant_disabled
U3_cpu/U1_datapath/latch_pc_reg_10_/SN(rise)
                                       CK(rise)  setup     untested  constant_disabled
U3_cpu/U1_datapath/latch_pc_reg_10_/SN(rise)
                                       CK(rise)  hold      untested  constant_disabled
U3_cpu/U1_datapath/latch_pc_reg_10_/SN(low)      min_pulse_width
                                                           untested  constant_disabled
U3_cpu/U1_datapath/latch_pc_reg_11_/RN(rise)
                                       CK(rise)  removal   untested  false_paths
U3_cpu/U1_datapath/latch_pc_reg_11_/RN(rise)
                                       CK(rise)  recovery  untested  false_paths
U3_cpu/U1_datapath/latch_pc_reg_11_/RN(low)      min_pulse_width
                                                           untested  no_clock
U3_cpu/U1_datapath/latch_pc_reg_11_/SE CK(rise)  setup     untested  constant_disabled
U3_cpu/U1_datapath/latch_pc_reg_11_/SE CK(rise)  hold      untested  constant_disabled
U3_cpu/U1_datapath/latch_pc_reg_11_/SI CK(rise)  setup     untested  constant_disabled
U3_cpu/U1_datapath/latch_pc_reg_11_/SI CK(rise)  hold      untested  constant_disabled
U3_cpu/U1_datapath/latch_pc_reg_11_/SN(rise)
                                       CK(rise)  setup     untested  constant_disabled
U3_cpu/U1_datapath/latch_pc_reg_11_/SN(rise)
                                       CK(rise)  hold      untested  constant_disabled
U3_cpu/U1_datapath/latch_pc_reg_11_/SN(low)      min_pulse_width
                                                           untested  constant_disabled
U3_cpu/U1_datapath/latch_pc_reg_12_/RN(rise)
                                       CK(rise)  removal   untested  false_paths
U3_cpu/U1_datapath/latch_pc_reg_12_/RN(rise)
                                       CK(rise)  recovery  untested  false_paths
U3_cpu/U1_datapath/latch_pc_reg_12_/RN(low)      min_pulse_width
                                                           untested  no_clock
U3_cpu/U1_datapath/latch_pc_reg_12_/SE CK(rise)  setup     untested  constant_disabled
U3_cpu/U1_datapath/latch_pc_reg_12_/SE CK(rise)  hold      untested  constant_disabled
U3_cpu/U1_datapath/latch_pc_reg_12_/SI CK(rise)  setup     untested  constant_disabled
U3_cpu/U1_datapath/latch_pc_reg_12_/SI CK(rise)  hold      untested  constant_disabled
U3_cpu/U1_datapath/latch_pc_reg_12_/SN(rise)
                                       CK(rise)  setup     untested  constant_disabled
U3_cpu/U1_datapath/latch_pc_reg_12_/SN(rise)
                                       CK(rise)  hold      untested  constant_disabled
U3_cpu/U1_datapath/latch_pc_reg_12_/SN(low)      min_pulse_width
                                                           untested  constant_disabled
U3_cpu/U1_datapath/latch_pc_reg_13_/RN(rise)
                                       CK(rise)  removal   untested  false_paths
U3_cpu/U1_datapath/latch_pc_reg_13_/RN(rise)
                                       CK(rise)  recovery  untested  false_paths
U3_cpu/U1_datapath/latch_pc_reg_13_/RN(low)      min_pulse_width
                                                           untested  no_clock
U3_cpu/U1_datapath/latch_pc_reg_13_/SE CK(rise)  setup     untested  constant_disabled
U3_cpu/U1_datapath/latch_pc_reg_13_/SE CK(rise)  hold      untested  constant_disabled
U3_cpu/U1_datapath/latch_pc_reg_13_/SI CK(rise)  setup     untested  constant_disabled
U3_cpu/U1_datapath/latch_pc_reg_13_/SI CK(rise)  hold      untested  constant_disabled
U3_cpu/U1_datapath/latch_pc_reg_13_/SN(rise)
                                       CK(rise)  setup     untested  constant_disabled
U3_cpu/U1_datapath/latch_pc_reg_13_/SN(rise)
                                       CK(rise)  hold      untested  constant_disabled
U3_cpu/U1_datapath/latch_pc_reg_13_/SN(low)      min_pulse_width
                                                           untested  constant_disabled
U3_cpu/U1_datapath/latch_pc_reg_14_/RN(rise)
                                       CK(rise)  removal   untested  false_paths
U3_cpu/U1_datapath/latch_pc_reg_14_/RN(rise)
                                       CK(rise)  recovery  untested  false_paths
U3_cpu/U1_datapath/latch_pc_reg_14_/RN(low)      min_pulse_width
                                                           untested  no_clock
U3_cpu/U1_datapath/latch_pc_reg_14_/SE CK(rise)  setup     untested  constant_disabled
U3_cpu/U1_datapath/latch_pc_reg_14_/SE CK(rise)  hold      untested  constant_disabled
U3_cpu/U1_datapath/latch_pc_reg_14_/SI CK(rise)  setup     untested  constant_disabled
U3_cpu/U1_datapath/latch_pc_reg_14_/SI CK(rise)  hold      untested  constant_disabled
U3_cpu/U1_datapath/latch_pc_reg_14_/SN(rise)
                                       CK(rise)  setup     untested  constant_disabled
U3_cpu/U1_datapath/latch_pc_reg_14_/SN(rise)
                                       CK(rise)  hold      untested  constant_disabled
U3_cpu/U1_datapath/latch_pc_reg_14_/SN(low)      min_pulse_width
                                                           untested  constant_disabled
U3_cpu/U1_datapath/latch_pc_reg_15_/RN(rise)
                                       CK(rise)  removal   untested  false_paths
U3_cpu/U1_datapath/latch_pc_reg_15_/RN(rise)
                                       CK(rise)  recovery  untested  false_paths
U3_cpu/U1_datapath/latch_pc_reg_15_/RN(low)      min_pulse_width
                                                           untested  no_clock
U3_cpu/U1_datapath/latch_pc_reg_15_/SE CK(rise)  setup     untested  constant_disabled
U3_cpu/U1_datapath/latch_pc_reg_15_/SE CK(rise)  hold      untested  constant_disabled
U3_cpu/U1_datapath/latch_pc_reg_15_/SI CK(rise)  setup     untested  constant_disabled
U3_cpu/U1_datapath/latch_pc_reg_15_/SI CK(rise)  hold      untested  constant_disabled
U3_cpu/U1_datapath/latch_pc_reg_15_/SN(rise)
                                       CK(rise)  setup     untested  constant_disabled
U3_cpu/U1_datapath/latch_pc_reg_15_/SN(rise)
                                       CK(rise)  hold      untested  constant_disabled
U3_cpu/U1_datapath/latch_pc_reg_15_/SN(low)      min_pulse_width
                                                           untested  constant_disabled
U3_cpu/U1_datapath/latch_pc_reg_1_/RN(rise)
                                       CK(rise)  removal   untested  false_paths
U3_cpu/U1_datapath/latch_pc_reg_1_/RN(rise)
                                       CK(rise)  recovery  untested  false_paths
U3_cpu/U1_datapath/latch_pc_reg_1_/RN(low)       min_pulse_width
                                                           untested  no_clock
U3_cpu/U1_datapath/latch_pc_reg_1_/SE  CK(rise)  setup     untested  constant_disabled
U3_cpu/U1_datapath/latch_pc_reg_1_/SE  CK(rise)  hold      untested  constant_disabled
U3_cpu/U1_datapath/latch_pc_reg_1_/SI  CK(rise)  setup     untested  constant_disabled
U3_cpu/U1_datapath/latch_pc_reg_1_/SI  CK(rise)  hold      untested  constant_disabled
U3_cpu/U1_datapath/latch_pc_reg_1_/SN(rise)
                                       CK(rise)  setup     untested  constant_disabled
U3_cpu/U1_datapath/latch_pc_reg_1_/SN(rise)
                                       CK(rise)  hold      untested  constant_disabled
U3_cpu/U1_datapath/latch_pc_reg_1_/SN(low)       min_pulse_width
                                                           untested  constant_disabled
U3_cpu/U1_datapath/latch_pc_reg_2_/RN(rise)
                                       CK(rise)  removal   untested  false_paths
U3_cpu/U1_datapath/latch_pc_reg_2_/RN(rise)
                                       CK(rise)  recovery  untested  false_paths
U3_cpu/U1_datapath/latch_pc_reg_2_/RN(low)       min_pulse_width
                                                           untested  no_clock
U3_cpu/U1_datapath/latch_pc_reg_2_/SE  CK(rise)  setup     untested  constant_disabled
U3_cpu/U1_datapath/latch_pc_reg_2_/SE  CK(rise)  hold      untested  constant_disabled
U3_cpu/U1_datapath/latch_pc_reg_2_/SI  CK(rise)  setup     untested  constant_disabled
U3_cpu/U1_datapath/latch_pc_reg_2_/SI  CK(rise)  hold      untested  constant_disabled
U3_cpu/U1_datapath/latch_pc_reg_2_/SN(rise)
                                       CK(rise)  setup     untested  constant_disabled
U3_cpu/U1_datapath/latch_pc_reg_2_/SN(rise)
                                       CK(rise)  hold      untested  constant_disabled
U3_cpu/U1_datapath/latch_pc_reg_2_/SN(low)       min_pulse_width
                                                           untested  constant_disabled
U3_cpu/U1_datapath/latch_pc_reg_3_/RN(rise)
                                       CK(rise)  removal   untested  false_paths
U3_cpu/U1_datapath/latch_pc_reg_3_/RN(rise)
                                       CK(rise)  recovery  untested  false_paths
U3_cpu/U1_datapath/latch_pc_reg_3_/RN(low)       min_pulse_width
                                                           untested  no_clock
U3_cpu/U1_datapath/latch_pc_reg_3_/SE  CK(rise)  setup     untested  constant_disabled
U3_cpu/U1_datapath/latch_pc_reg_3_/SE  CK(rise)  hold      untested  constant_disabled
U3_cpu/U1_datapath/latch_pc_reg_3_/SI  CK(rise)  setup     untested  constant_disabled
U3_cpu/U1_datapath/latch_pc_reg_3_/SI  CK(rise)  hold      untested  constant_disabled
U3_cpu/U1_datapath/latch_pc_reg_3_/SN(rise)
                                       CK(rise)  setup     untested  constant_disabled
U3_cpu/U1_datapath/latch_pc_reg_3_/SN(rise)
                                       CK(rise)  hold      untested  constant_disabled
U3_cpu/U1_datapath/latch_pc_reg_3_/SN(low)       min_pulse_width
                                                           untested  constant_disabled
U3_cpu/U1_datapath/latch_pc_reg_4_/RN(rise)
                                       CK(rise)  removal   untested  false_paths
U3_cpu/U1_datapath/latch_pc_reg_4_/RN(rise)
                                       CK(rise)  recovery  untested  false_paths
U3_cpu/U1_datapath/latch_pc_reg_4_/RN(low)       min_pulse_width
                                                           untested  no_clock
U3_cpu/U1_datapath/latch_pc_reg_4_/SE  CK(rise)  setup     untested  constant_disabled
U3_cpu/U1_datapath/latch_pc_reg_4_/SE  CK(rise)  hold      untested  constant_disabled
U3_cpu/U1_datapath/latch_pc_reg_4_/SI  CK(rise)  setup     untested  constant_disabled
U3_cpu/U1_datapath/latch_pc_reg_4_/SI  CK(rise)  hold      untested  constant_disabled
U3_cpu/U1_datapath/latch_pc_reg_4_/SN(rise)
                                       CK(rise)  setup     untested  constant_disabled
U3_cpu/U1_datapath/latch_pc_reg_4_/SN(rise)
                                       CK(rise)  hold      untested  constant_disabled
U3_cpu/U1_datapath/latch_pc_reg_4_/SN(low)       min_pulse_width
                                                           untested  constant_disabled
U3_cpu/U1_datapath/latch_pc_reg_5_/RN(rise)
                                       CK(rise)  removal   untested  false_paths
U3_cpu/U1_datapath/latch_pc_reg_5_/RN(rise)
                                       CK(rise)  recovery  untested  false_paths
U3_cpu/U1_datapath/latch_pc_reg_5_/RN(low)       min_pulse_width
                                                           untested  no_clock
U3_cpu/U1_datapath/latch_pc_reg_5_/SE  CK(rise)  setup     untested  constant_disabled
U3_cpu/U1_datapath/latch_pc_reg_5_/SE  CK(rise)  hold      untested  constant_disabled
U3_cpu/U1_datapath/latch_pc_reg_5_/SI  CK(rise)  setup     untested  constant_disabled
U3_cpu/U1_datapath/latch_pc_reg_5_/SI  CK(rise)  hold      untested  constant_disabled
U3_cpu/U1_datapath/latch_pc_reg_5_/SN(rise)
                                       CK(rise)  setup     untested  constant_disabled
U3_cpu/U1_datapath/latch_pc_reg_5_/SN(rise)
                                       CK(rise)  hold      untested  constant_disabled
U3_cpu/U1_datapath/latch_pc_reg_5_/SN(low)       min_pulse_width
                                                           untested  constant_disabled
U3_cpu/U1_datapath/latch_pc_reg_6_/RN(rise)
                                       CK(rise)  removal   untested  false_paths
U3_cpu/U1_datapath/latch_pc_reg_6_/RN(rise)
                                       CK(rise)  recovery  untested  false_paths
U3_cpu/U1_datapath/latch_pc_reg_6_/RN(low)       min_pulse_width
                                                           untested  no_clock
U3_cpu/U1_datapath/latch_pc_reg_6_/SE  CK(rise)  setup     untested  constant_disabled
U3_cpu/U1_datapath/latch_pc_reg_6_/SE  CK(rise)  hold      untested  constant_disabled
U3_cpu/U1_datapath/latch_pc_reg_6_/SI  CK(rise)  setup     untested  constant_disabled
U3_cpu/U1_datapath/latch_pc_reg_6_/SI  CK(rise)  hold      untested  constant_disabled
U3_cpu/U1_datapath/latch_pc_reg_6_/SN(rise)
                                       CK(rise)  setup     untested  constant_disabled
U3_cpu/U1_datapath/latch_pc_reg_6_/SN(rise)
                                       CK(rise)  hold      untested  constant_disabled
U3_cpu/U1_datapath/latch_pc_reg_6_/SN(low)       min_pulse_width
                                                           untested  constant_disabled
U3_cpu/U1_datapath/latch_pc_reg_7_/RN(rise)
                                       CK(rise)  removal   untested  false_paths
U3_cpu/U1_datapath/latch_pc_reg_7_/RN(rise)
                                       CK(rise)  recovery  untested  false_paths
U3_cpu/U1_datapath/latch_pc_reg_7_/RN(low)       min_pulse_width
                                                           untested  no_clock
U3_cpu/U1_datapath/latch_pc_reg_7_/SE  CK(rise)  setup     untested  constant_disabled
U3_cpu/U1_datapath/latch_pc_reg_7_/SE  CK(rise)  hold      untested  constant_disabled
U3_cpu/U1_datapath/latch_pc_reg_7_/SI  CK(rise)  setup     untested  constant_disabled
U3_cpu/U1_datapath/latch_pc_reg_7_/SI  CK(rise)  hold      untested  constant_disabled
U3_cpu/U1_datapath/latch_pc_reg_7_/SN(rise)
                                       CK(rise)  setup     untested  constant_disabled
U3_cpu/U1_datapath/latch_pc_reg_7_/SN(rise)
                                       CK(rise)  hold      untested  constant_disabled
U3_cpu/U1_datapath/latch_pc_reg_7_/SN(low)       min_pulse_width
                                                           untested  constant_disabled
U3_cpu/U1_datapath/latch_pc_reg_8_/RN(rise)
                                       CK(rise)  removal   untested  false_paths
U3_cpu/U1_datapath/latch_pc_reg_8_/RN(rise)
                                       CK(rise)  recovery  untested  false_paths
U3_cpu/U1_datapath/latch_pc_reg_8_/RN(low)       min_pulse_width
                                                           untested  no_clock
U3_cpu/U1_datapath/latch_pc_reg_8_/SE  CK(rise)  setup     untested  constant_disabled
U3_cpu/U1_datapath/latch_pc_reg_8_/SE  CK(rise)  hold      untested  constant_disabled
U3_cpu/U1_datapath/latch_pc_reg_8_/SI  CK(rise)  setup     untested  constant_disabled
U3_cpu/U1_datapath/latch_pc_reg_8_/SI  CK(rise)  hold      untested  constant_disabled
U3_cpu/U1_datapath/latch_pc_reg_8_/SN(rise)
                                       CK(rise)  setup     untested  constant_disabled
U3_cpu/U1_datapath/latch_pc_reg_8_/SN(rise)
                                       CK(rise)  hold      untested  constant_disabled
U3_cpu/U1_datapath/latch_pc_reg_8_/SN(low)       min_pulse_width
                                                           untested  constant_disabled
U3_cpu/U1_datapath/latch_pc_reg_9_/RN(rise)
                                       CK(rise)  removal   untested  false_paths
U3_cpu/U1_datapath/latch_pc_reg_9_/RN(rise)
                                       CK(rise)  recovery  untested  false_paths
U3_cpu/U1_datapath/latch_pc_reg_9_/RN(low)       min_pulse_width
                                                           untested  no_clock
U3_cpu/U1_datapath/latch_pc_reg_9_/SE  CK(rise)  setup     untested  constant_disabled
U3_cpu/U1_datapath/latch_pc_reg_9_/SE  CK(rise)  hold      untested  constant_disabled
U3_cpu/U1_datapath/latch_pc_reg_9_/SI  CK(rise)  setup     untested  constant_disabled
U3_cpu/U1_datapath/latch_pc_reg_9_/SI  CK(rise)  hold      untested  constant_disabled
U3_cpu/U1_datapath/latch_pc_reg_9_/SN(rise)
                                       CK(rise)  setup     untested  constant_disabled
U3_cpu/U1_datapath/latch_pc_reg_9_/SN(rise)
                                       CK(rise)  hold      untested  constant_disabled
U3_cpu/U1_datapath/latch_pc_reg_9_/SN(low)       min_pulse_width
                                                           untested  constant_disabled
U3_cpu/U1_datapath/out_sfr_r_reg_0_/RN(rise)
                                       CK(rise)  removal   untested  false_paths
U3_cpu/U1_datapath/out_sfr_r_reg_0_/RN(rise)
                                       CK(rise)  recovery  untested  false_paths
U3_cpu/U1_datapath/out_sfr_r_reg_0_/RN(low)      min_pulse_width
                                                           untested  no_clock
U3_cpu/U1_datapath/out_sfr_r_reg_0_/SE CK(rise)  setup     untested  constant_disabled
U3_cpu/U1_datapath/out_sfr_r_reg_0_/SE CK(rise)  hold      untested  constant_disabled
U3_cpu/U1_datapath/out_sfr_r_reg_0_/SI CK(rise)  setup     untested  constant_disabled
U3_cpu/U1_datapath/out_sfr_r_reg_0_/SI CK(rise)  hold      untested  constant_disabled
U3_cpu/U1_datapath/out_sfr_r_reg_0_/SN(rise)
                                       CK(rise)  setup     untested  constant_disabled
U3_cpu/U1_datapath/out_sfr_r_reg_0_/SN(rise)
                                       CK(rise)  hold      untested  constant_disabled
U3_cpu/U1_datapath/out_sfr_r_reg_0_/SN(low)      min_pulse_width
                                                           untested  constant_disabled
U3_cpu/U1_datapath/out_sfr_r_reg_1_/RN(rise)
                                       CK(rise)  removal   untested  false_paths
U3_cpu/U1_datapath/out_sfr_r_reg_1_/RN(rise)
                                       CK(rise)  recovery  untested  false_paths
U3_cpu/U1_datapath/out_sfr_r_reg_1_/RN(low)      min_pulse_width
                                                           untested  no_clock
U3_cpu/U1_datapath/out_sfr_r_reg_1_/SE CK(rise)  setup     untested  constant_disabled
U3_cpu/U1_datapath/out_sfr_r_reg_1_/SE CK(rise)  hold      untested  constant_disabled
U3_cpu/U1_datapath/out_sfr_r_reg_1_/SI CK(rise)  setup     untested  constant_disabled
U3_cpu/U1_datapath/out_sfr_r_reg_1_/SI CK(rise)  hold      untested  constant_disabled
U3_cpu/U1_datapath/out_sfr_r_reg_1_/SN(rise)
                                       CK(rise)  setup     untested  constant_disabled
U3_cpu/U1_datapath/out_sfr_r_reg_1_/SN(rise)
                                       CK(rise)  hold      untested  constant_disabled
U3_cpu/U1_datapath/out_sfr_r_reg_1_/SN(low)      min_pulse_width
                                                           untested  constant_disabled
U3_cpu/U1_datapath/out_sfr_r_reg_2_/RN(rise)
                                       CK(rise)  removal   untested  false_paths
U3_cpu/U1_datapath/out_sfr_r_reg_2_/RN(rise)
                                       CK(rise)  recovery  untested  false_paths
U3_cpu/U1_datapath/out_sfr_r_reg_2_/RN(low)      min_pulse_width
                                                           untested  no_clock
U3_cpu/U1_datapath/out_sfr_r_reg_2_/SE CK(rise)  setup     untested  constant_disabled
U3_cpu/U1_datapath/out_sfr_r_reg_2_/SE CK(rise)  hold      untested  constant_disabled
U3_cpu/U1_datapath/out_sfr_r_reg_2_/SI CK(rise)  setup     untested  constant_disabled
U3_cpu/U1_datapath/out_sfr_r_reg_2_/SI CK(rise)  hold      untested  constant_disabled
U3_cpu/U1_datapath/out_sfr_r_reg_2_/SN(rise)
                                       CK(rise)  setup     untested  constant_disabled
U3_cpu/U1_datapath/out_sfr_r_reg_2_/SN(rise)
                                       CK(rise)  hold      untested  constant_disabled
U3_cpu/U1_datapath/out_sfr_r_reg_2_/SN(low)      min_pulse_width
                                                           untested  constant_disabled
U3_cpu/U1_datapath/out_sfr_r_reg_3_/RN(rise)
                                       CK(rise)  removal   untested  false_paths
U3_cpu/U1_datapath/out_sfr_r_reg_3_/RN(rise)
                                       CK(rise)  recovery  untested  false_paths
U3_cpu/U1_datapath/out_sfr_r_reg_3_/RN(low)      min_pulse_width
                                                           untested  no_clock
U3_cpu/U1_datapath/out_sfr_r_reg_3_/SE CK(rise)  setup     untested  constant_disabled
U3_cpu/U1_datapath/out_sfr_r_reg_3_/SE CK(rise)  hold      untested  constant_disabled
U3_cpu/U1_datapath/out_sfr_r_reg_3_/SI CK(rise)  setup     untested  constant_disabled
U3_cpu/U1_datapath/out_sfr_r_reg_3_/SI CK(rise)  hold      untested  constant_disabled
U3_cpu/U1_datapath/out_sfr_r_reg_3_/SN(rise)
                                       CK(rise)  setup     untested  constant_disabled
U3_cpu/U1_datapath/out_sfr_r_reg_3_/SN(rise)
                                       CK(rise)  hold      untested  constant_disabled
U3_cpu/U1_datapath/out_sfr_r_reg_3_/SN(low)      min_pulse_width
                                                           untested  constant_disabled
U3_cpu/U1_datapath/out_sfr_r_reg_4_/RN(rise)
                                       CK(rise)  removal   untested  false_paths
U3_cpu/U1_datapath/out_sfr_r_reg_4_/RN(rise)
                                       CK(rise)  recovery  untested  false_paths
U3_cpu/U1_datapath/out_sfr_r_reg_4_/RN(low)      min_pulse_width
                                                           untested  no_clock
U3_cpu/U1_datapath/out_sfr_r_reg_4_/SE CK(rise)  setup     untested  constant_disabled
U3_cpu/U1_datapath/out_sfr_r_reg_4_/SE CK(rise)  hold      untested  constant_disabled
U3_cpu/U1_datapath/out_sfr_r_reg_4_/SI CK(rise)  setup     untested  constant_disabled
U3_cpu/U1_datapath/out_sfr_r_reg_4_/SI CK(rise)  hold      untested  constant_disabled
U3_cpu/U1_datapath/out_sfr_r_reg_4_/SN(rise)
                                       CK(rise)  setup     untested  constant_disabled
U3_cpu/U1_datapath/out_sfr_r_reg_4_/SN(rise)
                                       CK(rise)  hold      untested  constant_disabled
U3_cpu/U1_datapath/out_sfr_r_reg_4_/SN(low)      min_pulse_width
                                                           untested  constant_disabled
U3_cpu/U1_datapath/out_sfr_r_reg_5_/RN(rise)
                                       CK(rise)  removal   untested  false_paths
U3_cpu/U1_datapath/out_sfr_r_reg_5_/RN(rise)
                                       CK(rise)  recovery  untested  false_paths
U3_cpu/U1_datapath/out_sfr_r_reg_5_/RN(low)      min_pulse_width
                                                           untested  no_clock
U3_cpu/U1_datapath/out_sfr_r_reg_5_/SE CK(rise)  setup     untested  constant_disabled
U3_cpu/U1_datapath/out_sfr_r_reg_5_/SE CK(rise)  hold      untested  constant_disabled
U3_cpu/U1_datapath/out_sfr_r_reg_5_/SI CK(rise)  setup     untested  constant_disabled
U3_cpu/U1_datapath/out_sfr_r_reg_5_/SI CK(rise)  hold      untested  constant_disabled
U3_cpu/U1_datapath/out_sfr_r_reg_5_/SN(rise)
                                       CK(rise)  setup     untested  constant_disabled
U3_cpu/U1_datapath/out_sfr_r_reg_5_/SN(rise)
                                       CK(rise)  hold      untested  constant_disabled
U3_cpu/U1_datapath/out_sfr_r_reg_5_/SN(low)      min_pulse_width
                                                           untested  constant_disabled
U3_cpu/U1_datapath/out_sfr_r_reg_6_/RN(rise)
                                       CK(rise)  removal   untested  false_paths
U3_cpu/U1_datapath/out_sfr_r_reg_6_/RN(rise)
                                       CK(rise)  recovery  untested  false_paths
U3_cpu/U1_datapath/out_sfr_r_reg_6_/RN(low)      min_pulse_width
                                                           untested  no_clock
U3_cpu/U1_datapath/out_sfr_r_reg_6_/SE CK(rise)  setup     untested  constant_disabled
U3_cpu/U1_datapath/out_sfr_r_reg_6_/SE CK(rise)  hold      untested  constant_disabled
U3_cpu/U1_datapath/out_sfr_r_reg_6_/SI CK(rise)  setup     untested  constant_disabled
U3_cpu/U1_datapath/out_sfr_r_reg_6_/SI CK(rise)  hold      untested  constant_disabled
U3_cpu/U1_datapath/out_sfr_r_reg_6_/SN(rise)
                                       CK(rise)  setup     untested  constant_disabled
U3_cpu/U1_datapath/out_sfr_r_reg_6_/SN(rise)
                                       CK(rise)  hold      untested  constant_disabled
U3_cpu/U1_datapath/out_sfr_r_reg_6_/SN(low)      min_pulse_width
                                                           untested  constant_disabled
U3_cpu/U1_datapath/out_sfr_r_reg_7_/RN(rise)
                                       CK(rise)  removal   untested  false_paths
U3_cpu/U1_datapath/out_sfr_r_reg_7_/RN(rise)
                                       CK(rise)  recovery  untested  false_paths
U3_cpu/U1_datapath/out_sfr_r_reg_7_/RN(low)      min_pulse_width
                                                           untested  no_clock
U3_cpu/U1_datapath/out_sfr_r_reg_7_/SE CK(rise)  setup     untested  constant_disabled
U3_cpu/U1_datapath/out_sfr_r_reg_7_/SE CK(rise)  hold      untested  constant_disabled
U3_cpu/U1_datapath/out_sfr_r_reg_7_/SI CK(rise)  setup     untested  constant_disabled
U3_cpu/U1_datapath/out_sfr_r_reg_7_/SI CK(rise)  hold      untested  constant_disabled
U3_cpu/U1_datapath/out_sfr_r_reg_7_/SN(rise)
                                       CK(rise)  setup     untested  constant_disabled
U3_cpu/U1_datapath/out_sfr_r_reg_7_/SN(rise)
                                       CK(rise)  hold      untested  constant_disabled
U3_cpu/U1_datapath/out_sfr_r_reg_7_/SN(low)      min_pulse_width
                                                           untested  constant_disabled
U3_cpu/ale_reg/RN(rise)                CK(rise)  recovery  untested  false_paths
U3_cpu/ale_reg/RN(rise)                CK(rise)  removal   untested  false_paths
U3_cpu/ale_reg/RN(low)                           min_pulse_width
                                                           untested  no_clock
U3_cpu/ale_reg/SE                      CK(rise)  setup     untested  constant_disabled
U3_cpu/ale_reg/SE                      CK(rise)  hold      untested  constant_disabled
U3_cpu/ale_reg/SI                      CK(rise)  setup     untested  constant_disabled
U3_cpu/ale_reg/SI                      CK(rise)  hold      untested  constant_disabled
U3_cpu/xdat_en_reg/RN(rise)            CK(rise)  recovery  untested  false_paths
U3_cpu/xdat_en_reg/RN(rise)            CK(rise)  removal   untested  false_paths
U3_cpu/xdat_en_reg/RN(low)                       min_pulse_width
                                                           untested  no_clock
U3_cpu/xdat_en_reg/SE                  CK(rise)  setup     untested  constant_disabled
U3_cpu/xdat_en_reg/SE                  CK(rise)  hold      untested  constant_disabled
U3_cpu/xdat_en_reg/SI                  CK(rise)  setup     untested  constant_disabled
U3_cpu/xdat_en_reg/SI                  CK(rise)  hold      untested  constant_disabled
addr_xdat_reg_0_/RN(rise)              CK(rise)  recovery  untested  false_paths
addr_xdat_reg_0_/RN(rise)              CK(rise)  removal   untested  false_paths
addr_xdat_reg_0_/RN(low)                         min_pulse_width
                                                           untested  no_clock
addr_xdat_reg_0_/SE                    CK(rise)  setup     untested  constant_disabled
addr_xdat_reg_0_/SE                    CK(rise)  hold      untested  constant_disabled
addr_xdat_reg_0_/SI                    CK(rise)  setup     untested  constant_disabled
addr_xdat_reg_0_/SI                    CK(rise)  hold      untested  constant_disabled
addr_xdat_reg_10_/RN(rise)             CK(rise)  recovery  untested  false_paths
addr_xdat_reg_10_/RN(rise)             CK(rise)  removal   untested  false_paths
addr_xdat_reg_10_/RN(low)                        min_pulse_width
                                                           untested  no_clock
addr_xdat_reg_10_/SE                   CK(rise)  setup     untested  constant_disabled
addr_xdat_reg_10_/SE                   CK(rise)  hold      untested  constant_disabled
addr_xdat_reg_10_/SI                   CK(rise)  setup     untested  constant_disabled
addr_xdat_reg_10_/SI                   CK(rise)  hold      untested  constant_disabled
addr_xdat_reg_11_/RN(rise)             CK(rise)  recovery  untested  false_paths
addr_xdat_reg_11_/RN(rise)             CK(rise)  removal   untested  false_paths
addr_xdat_reg_11_/RN(low)                        min_pulse_width
                                                           untested  no_clock
addr_xdat_reg_11_/SE                   CK(rise)  setup     untested  constant_disabled
addr_xdat_reg_11_/SE                   CK(rise)  hold      untested  constant_disabled
addr_xdat_reg_11_/SI                   CK(rise)  setup     untested  constant_disabled
addr_xdat_reg_11_/SI                   CK(rise)  hold      untested  constant_disabled
addr_xdat_reg_12_/RN(rise)             CK(rise)  recovery  untested  false_paths
addr_xdat_reg_12_/RN(rise)             CK(rise)  removal   untested  false_paths
addr_xdat_reg_12_/RN(low)                        min_pulse_width
                                                           untested  no_clock
addr_xdat_reg_12_/SE                   CK(rise)  setup     untested  constant_disabled
addr_xdat_reg_12_/SE                   CK(rise)  hold      untested  constant_disabled
addr_xdat_reg_12_/SI                   CK(rise)  setup     untested  constant_disabled
addr_xdat_reg_12_/SI                   CK(rise)  hold      untested  constant_disabled
addr_xdat_reg_13_/RN(rise)             CK(rise)  recovery  untested  false_paths
addr_xdat_reg_13_/RN(rise)             CK(rise)  removal   untested  false_paths
addr_xdat_reg_13_/RN(low)                        min_pulse_width
                                                           untested  no_clock
addr_xdat_reg_13_/SE                   CK(rise)  setup     untested  constant_disabled
addr_xdat_reg_13_/SE                   CK(rise)  hold      untested  constant_disabled
addr_xdat_reg_13_/SI                   CK(rise)  setup     untested  constant_disabled
addr_xdat_reg_13_/SI                   CK(rise)  hold      untested  constant_disabled
addr_xdat_reg_14_/RN(rise)             CK(rise)  recovery  untested  false_paths
addr_xdat_reg_14_/RN(rise)             CK(rise)  removal   untested  false_paths
addr_xdat_reg_14_/RN(low)                        min_pulse_width
                                                           untested  no_clock
addr_xdat_reg_14_/SE                   CK(rise)  setup     untested  constant_disabled
addr_xdat_reg_14_/SE                   CK(rise)  hold      untested  constant_disabled
addr_xdat_reg_14_/SI                   CK(rise)  setup     untested  constant_disabled
addr_xdat_reg_14_/SI                   CK(rise)  hold      untested  constant_disabled
addr_xdat_reg_15_/RN(rise)             CK(rise)  recovery  untested  false_paths
addr_xdat_reg_15_/RN(rise)             CK(rise)  removal   untested  false_paths
addr_xdat_reg_15_/RN(low)                        min_pulse_width
                                                           untested  no_clock
addr_xdat_reg_15_/SE                   CK(rise)  setup     untested  constant_disabled
addr_xdat_reg_15_/SE                   CK(rise)  hold      untested  constant_disabled
addr_xdat_reg_15_/SI                   CK(rise)  setup     untested  constant_disabled
addr_xdat_reg_15_/SI                   CK(rise)  hold      untested  constant_disabled
addr_xdat_reg_1_/RN(rise)              CK(rise)  recovery  untested  false_paths
addr_xdat_reg_1_/RN(rise)              CK(rise)  removal   untested  false_paths
addr_xdat_reg_1_/RN(low)                         min_pulse_width
                                                           untested  no_clock
addr_xdat_reg_1_/SE                    CK(rise)  setup     untested  constant_disabled
addr_xdat_reg_1_/SE                    CK(rise)  hold      untested  constant_disabled
addr_xdat_reg_1_/SI                    CK(rise)  setup     untested  constant_disabled
addr_xdat_reg_1_/SI                    CK(rise)  hold      untested  constant_disabled
addr_xdat_reg_2_/RN(rise)              CK(rise)  recovery  untested  false_paths
addr_xdat_reg_2_/RN(rise)              CK(rise)  removal   untested  false_paths
addr_xdat_reg_2_/RN(low)                         min_pulse_width
                                                           untested  no_clock
addr_xdat_reg_2_/SE                    CK(rise)  setup     untested  constant_disabled
addr_xdat_reg_2_/SE                    CK(rise)  hold      untested  constant_disabled
addr_xdat_reg_2_/SI                    CK(rise)  setup     untested  constant_disabled
addr_xdat_reg_2_/SI                    CK(rise)  hold      untested  constant_disabled
addr_xdat_reg_3_/RN(rise)              CK(rise)  recovery  untested  false_paths
addr_xdat_reg_3_/RN(rise)              CK(rise)  removal   untested  false_paths
addr_xdat_reg_3_/RN(low)                         min_pulse_width
                                                           untested  no_clock
addr_xdat_reg_3_/SE                    CK(rise)  setup     untested  constant_disabled
addr_xdat_reg_3_/SE                    CK(rise)  hold      untested  constant_disabled
addr_xdat_reg_3_/SI                    CK(rise)  setup     untested  constant_disabled
addr_xdat_reg_3_/SI                    CK(rise)  hold      untested  constant_disabled
addr_xdat_reg_4_/RN(rise)              CK(rise)  recovery  untested  false_paths
addr_xdat_reg_4_/RN(rise)              CK(rise)  removal   untested  false_paths
addr_xdat_reg_4_/RN(low)                         min_pulse_width
                                                           untested  no_clock
addr_xdat_reg_4_/SE                    CK(rise)  setup     untested  constant_disabled
addr_xdat_reg_4_/SE                    CK(rise)  hold      untested  constant_disabled
addr_xdat_reg_4_/SI                    CK(rise)  setup     untested  constant_disabled
addr_xdat_reg_4_/SI                    CK(rise)  hold      untested  constant_disabled
addr_xdat_reg_5_/RN(rise)              CK(rise)  recovery  untested  false_paths
addr_xdat_reg_5_/RN(rise)              CK(rise)  removal   untested  false_paths
addr_xdat_reg_5_/RN(low)                         min_pulse_width
                                                           untested  no_clock
addr_xdat_reg_5_/SE                    CK(rise)  setup     untested  constant_disabled
addr_xdat_reg_5_/SE                    CK(rise)  hold      untested  constant_disabled
addr_xdat_reg_5_/SI                    CK(rise)  setup     untested  constant_disabled
addr_xdat_reg_5_/SI                    CK(rise)  hold      untested  constant_disabled
addr_xdat_reg_6_/RN(rise)              CK(rise)  recovery  untested  false_paths
addr_xdat_reg_6_/RN(rise)              CK(rise)  removal   untested  false_paths
addr_xdat_reg_6_/RN(low)                         min_pulse_width
                                                           untested  no_clock
addr_xdat_reg_6_/SE                    CK(rise)  setup     untested  constant_disabled
addr_xdat_reg_6_/SE                    CK(rise)  hold      untested  constant_disabled
addr_xdat_reg_6_/SI                    CK(rise)  setup     untested  constant_disabled
addr_xdat_reg_6_/SI                    CK(rise)  hold      untested  constant_disabled
addr_xdat_reg_7_/RN(rise)              CK(rise)  recovery  untested  false_paths
addr_xdat_reg_7_/RN(rise)              CK(rise)  removal   untested  false_paths
addr_xdat_reg_7_/RN(low)                         min_pulse_width
                                                           untested  no_clock
addr_xdat_reg_7_/SE                    CK(rise)  setup     untested  constant_disabled
addr_xdat_reg_7_/SE                    CK(rise)  hold      untested  constant_disabled
addr_xdat_reg_7_/SI                    CK(rise)  setup     untested  constant_disabled
addr_xdat_reg_7_/SI                    CK(rise)  hold      untested  constant_disabled
addr_xdat_reg_8_/RN(rise)              CK(rise)  recovery  untested  false_paths
addr_xdat_reg_8_/RN(rise)              CK(rise)  removal   untested  false_paths
addr_xdat_reg_8_/RN(low)                         min_pulse_width
                                                           untested  no_clock
addr_xdat_reg_8_/SE                    CK(rise)  setup     untested  constant_disabled
addr_xdat_reg_8_/SE                    CK(rise)  hold      untested  constant_disabled
addr_xdat_reg_8_/SI                    CK(rise)  setup     untested  constant_disabled
addr_xdat_reg_8_/SI                    CK(rise)  hold      untested  constant_disabled
addr_xdat_reg_9_/RN(rise)              CK(rise)  recovery  untested  false_paths
addr_xdat_reg_9_/RN(rise)              CK(rise)  removal   untested  false_paths
addr_xdat_reg_9_/RN(low)                         min_pulse_width
                                                           untested  no_clock
addr_xdat_reg_9_/SE                    CK(rise)  setup     untested  constant_disabled
addr_xdat_reg_9_/SE                    CK(rise)  hold      untested  constant_disabled
addr_xdat_reg_9_/SI                    CK(rise)  setup     untested  constant_disabled
addr_xdat_reg_9_/SI                    CK(rise)  hold      untested  constant_disabled
ale_d1_reg/RN(rise)                    CK(rise)  recovery  untested  false_paths
ale_d1_reg/RN(rise)                    CK(rise)  removal   untested  false_paths
ale_d1_reg/RN(low)                               min_pulse_width
                                                           untested  no_clock
ale_d1_reg/SE                          CK(rise)  setup     untested  constant_disabled
ale_d1_reg/SE                          CK(rise)  hold      untested  constant_disabled
ale_d1_reg/SI                          CK(rise)  setup     untested  constant_disabled
ale_d1_reg/SI                          CK(rise)  hold      untested  constant_disabled
en_xdat_reg/SE                         CK(rise)  setup     untested  constant_disabled
en_xdat_reg/SE                         CK(rise)  hold      untested  constant_disabled
en_xdat_reg/SI                         CK(rise)  setup     untested  constant_disabled
en_xdat_reg/SI                         CK(rise)  hold      untested  constant_disabled
en_xdat_reg/SN(rise)                   CK(rise)  recovery  untested  false_paths
en_xdat_reg/SN(rise)                   CK(rise)  removal   untested  false_paths
en_xdat_reg/SN(low)                              min_pulse_width
                                                           untested  no_clock
uBisted_SPSRAM256X8/BistCtrl_i0/S48/S5_reg_0_/D
                                       CK(rise)  hold      untested  constant_disabled
uBisted_SPSRAM256X8/BistCtrl_i0/S48/S5_reg_0_/D
                                       CK(rise)  setup     untested  constant_disabled
uBisted_SPSRAM256X8/BistCtrl_i0/S48/S5_reg_0_/SE
                                       CK(rise)  setup     untested  constant_disabled
uBisted_SPSRAM256X8/BistCtrl_i0/S48/S5_reg_0_/SE
                                       CK(rise)  hold      untested  constant_disabled
uBisted_SPSRAM256X8/BistCtrl_i0/S48/S5_reg_0_/SI
                                       CK(rise)  setup     untested  constant_disabled
uBisted_SPSRAM256X8/BistCtrl_i0/S48/S5_reg_0_/SI
                                       CK(rise)  hold      untested  constant_disabled
uBisted_SPSRAM256X8/BistCtrl_i0/S48/S5_reg_1_/D
                                       CK(rise)  hold      untested  constant_disabled
uBisted_SPSRAM256X8/BistCtrl_i0/S48/S5_reg_1_/D
                                       CK(rise)  setup     untested  constant_disabled
uBisted_SPSRAM256X8/BistCtrl_i0/S48/S5_reg_1_/SE
                                       CK(rise)  setup     untested  constant_disabled
uBisted_SPSRAM256X8/BistCtrl_i0/S48/S5_reg_1_/SE
                                       CK(rise)  hold      untested  constant_disabled
uBisted_SPSRAM256X8/BistCtrl_i0/S48/S5_reg_1_/SI
                                       CK(rise)  setup     untested  constant_disabled
uBisted_SPSRAM256X8/BistCtrl_i0/S48/S5_reg_1_/SI
                                       CK(rise)  hold      untested  constant_disabled
uBisted_SPSRAM256X8/BistCtrl_i0/S48/S5_reg_2_/D
                                       CK(rise)  hold      untested  constant_disabled
uBisted_SPSRAM256X8/BistCtrl_i0/S48/S5_reg_2_/D
                                       CK(rise)  setup     untested  constant_disabled
uBisted_SPSRAM256X8/BistCtrl_i0/S48/S5_reg_2_/SE
                                       CK(rise)  setup     untested  constant_disabled
uBisted_SPSRAM256X8/BistCtrl_i0/S48/S5_reg_2_/SE
                                       CK(rise)  hold      untested  constant_disabled
uBisted_SPSRAM256X8/BistCtrl_i0/S48/S5_reg_2_/SI
                                       CK(rise)  setup     untested  constant_disabled
uBisted_SPSRAM256X8/BistCtrl_i0/S48/S5_reg_2_/SI
                                       CK(rise)  hold      untested  constant_disabled
uBisted_SPSRAM256X8/BistCtrl_i0/S48/S5_reg_3_/D
                                       CK(rise)  hold      untested  constant_disabled
uBisted_SPSRAM256X8/BistCtrl_i0/S48/S5_reg_3_/D
                                       CK(rise)  setup     untested  constant_disabled
uBisted_SPSRAM256X8/BistCtrl_i0/S48/S5_reg_3_/SE
                                       CK(rise)  setup     untested  constant_disabled
uBisted_SPSRAM256X8/BistCtrl_i0/S48/S5_reg_3_/SE
                                       CK(rise)  hold      untested  constant_disabled
uBisted_SPSRAM256X8/BistCtrl_i0/S48/S5_reg_3_/SI
                                       CK(rise)  setup     untested  constant_disabled
uBisted_SPSRAM256X8/BistCtrl_i0/S48/S5_reg_3_/SI
                                       CK(rise)  hold      untested  constant_disabled
uBisted_SPSRAM256X8/BistCtrl_i0/S48/S5_reg_4_/D
                                       CK(rise)  hold      untested  constant_disabled
uBisted_SPSRAM256X8/BistCtrl_i0/S48/S5_reg_4_/D
                                       CK(rise)  setup     untested  constant_disabled
uBisted_SPSRAM256X8/BistCtrl_i0/S48/S5_reg_4_/SE
                                       CK(rise)  setup     untested  constant_disabled
uBisted_SPSRAM256X8/BistCtrl_i0/S48/S5_reg_4_/SE
                                       CK(rise)  hold      untested  constant_disabled
uBisted_SPSRAM256X8/BistCtrl_i0/S48/S5_reg_4_/SI
                                       CK(rise)  setup     untested  constant_disabled
uBisted_SPSRAM256X8/BistCtrl_i0/S48/S5_reg_4_/SI
                                       CK(rise)  hold      untested  constant_disabled
uBisted_SPSRAM256X8/BistCtrl_i0/S48/S5_reg_5_/D
                                       CK(rise)  hold      untested  constant_disabled
uBisted_SPSRAM256X8/BistCtrl_i0/S48/S5_reg_5_/D
                                       CK(rise)  setup     untested  constant_disabled
uBisted_SPSRAM256X8/BistCtrl_i0/S48/S5_reg_5_/SE
                                       CK(rise)  setup     untested  constant_disabled
uBisted_SPSRAM256X8/BistCtrl_i0/S48/S5_reg_5_/SE
                                       CK(rise)  hold      untested  constant_disabled
uBisted_SPSRAM256X8/BistCtrl_i0/S48/S5_reg_5_/SI
                                       CK(rise)  setup     untested  constant_disabled
uBisted_SPSRAM256X8/BistCtrl_i0/S48/S5_reg_5_/SI
                                       CK(rise)  hold      untested  constant_disabled
uBisted_SPSRAM256X8/BistCtrl_i0/S48/S5_reg_6_/D
                                       CK(rise)  hold      untested  constant_disabled
uBisted_SPSRAM256X8/BistCtrl_i0/S48/S5_reg_6_/D
                                       CK(rise)  setup     untested  constant_disabled
uBisted_SPSRAM256X8/BistCtrl_i0/S48/S5_reg_6_/SE
                                       CK(rise)  setup     untested  constant_disabled
uBisted_SPSRAM256X8/BistCtrl_i0/S48/S5_reg_6_/SE
                                       CK(rise)  hold      untested  constant_disabled
uBisted_SPSRAM256X8/BistCtrl_i0/S48/S5_reg_6_/SI
                                       CK(rise)  setup     untested  constant_disabled
uBisted_SPSRAM256X8/BistCtrl_i0/S48/S5_reg_6_/SI
                                       CK(rise)  hold      untested  constant_disabled
uBisted_SPSRAM256X8/BistCtrl_i0/S48/S5_reg_7_/D
                                       CK(rise)  hold      untested  constant_disabled
uBisted_SPSRAM256X8/BistCtrl_i0/S48/S5_reg_7_/D
                                       CK(rise)  setup     untested  constant_disabled
uBisted_SPSRAM256X8/BistCtrl_i0/S48/S5_reg_7_/SE
                                       CK(rise)  setup     untested  constant_disabled
uBisted_SPSRAM256X8/BistCtrl_i0/S48/S5_reg_7_/SE
                                       CK(rise)  hold      untested  constant_disabled
uBisted_SPSRAM256X8/BistCtrl_i0/S48/S5_reg_7_/SI
                                       CK(rise)  setup     untested  constant_disabled
uBisted_SPSRAM256X8/BistCtrl_i0/S48/S5_reg_7_/SI
                                       CK(rise)  hold      untested  constant_disabled
uBisted_SPSRAM256X8/BistCtrl_i0/S49/Finish_reg/D
                                       CKN(fall) setup     untested  constant_disabled
uBisted_SPSRAM256X8/BistCtrl_i0/S49/Finish_reg/D
                                       CKN(fall) hold      untested  constant_disabled
uBisted_SPSRAM256X8/BistCtrl_i0/S49/Finish_reg/SE
                                       CKN(fall) setup     untested  constant_disabled
uBisted_SPSRAM256X8/BistCtrl_i0/S49/Finish_reg/SE
                                       CKN(fall) hold      untested  constant_disabled
uBisted_SPSRAM256X8/BistCtrl_i0/S49/Finish_reg/SI
                                       CKN(fall) setup     untested  constant_disabled
uBisted_SPSRAM256X8/BistCtrl_i0/S49/Finish_reg/SI
                                       CKN(fall) hold      untested  constant_disabled
uBisted_SPSRAM256X8/BistCtrl_i0/S49/Finish_reg/SN(rise)
                                       CKN(fall) setup     untested  constant_disabled
uBisted_SPSRAM256X8/BistCtrl_i0/S49/Finish_reg/SN(rise)
                                       CKN(fall) hold      untested  constant_disabled
uBisted_SPSRAM256X8/BistCtrl_i0/S49/Finish_reg/SN(low)
                                                 min_pulse_width
                                                           untested  constant_disabled
uBisted_SPSRAM256X8/BistCtrl_i0/S49/S36_reg/D
                                       CK(rise)  hold      untested  constant_disabled
uBisted_SPSRAM256X8/BistCtrl_i0/S49/S36_reg/D
                                       CK(rise)  setup     untested  constant_disabled
uBisted_SPSRAM256X8/BistCtrl_i0/S49/S36_reg/SE
                                       CK(rise)  setup     untested  constant_disabled
uBisted_SPSRAM256X8/BistCtrl_i0/S49/S36_reg/SE
                                       CK(rise)  hold      untested  constant_disabled
uBisted_SPSRAM256X8/BistCtrl_i0/S49/S36_reg/SI
                                       CK(rise)  setup     untested  constant_disabled
uBisted_SPSRAM256X8/BistCtrl_i0/S49/S36_reg/SI
                                       CK(rise)  hold      untested  constant_disabled
uBisted_SPSRAM256X8/BistCtrl_i0/S49/State_reg_0_/D
                                       CKN(fall) setup     untested  constant_disabled
uBisted_SPSRAM256X8/BistCtrl_i0/S49/State_reg_0_/D
                                       CKN(fall) hold      untested  constant_disabled
uBisted_SPSRAM256X8/BistCtrl_i0/S49/State_reg_0_/SE
                                       CKN(fall) setup     untested  constant_disabled
uBisted_SPSRAM256X8/BistCtrl_i0/S49/State_reg_0_/SE
                                       CKN(fall) hold      untested  constant_disabled
uBisted_SPSRAM256X8/BistCtrl_i0/S49/State_reg_0_/SI
                                       CKN(fall) setup     untested  constant_disabled
uBisted_SPSRAM256X8/BistCtrl_i0/S49/State_reg_0_/SI
                                       CKN(fall) hold      untested  constant_disabled
uBisted_SPSRAM256X8/BistCtrl_i0/S49/State_reg_0_/SN(rise)
                                       CKN(fall) setup     untested  constant_disabled
uBisted_SPSRAM256X8/BistCtrl_i0/S49/State_reg_0_/SN(rise)
                                       CKN(fall) hold      untested  constant_disabled
uBisted_SPSRAM256X8/BistCtrl_i0/S49/State_reg_0_/SN(low)
                                                 min_pulse_width
                                                           untested  constant_disabled
uBisted_SPSRAM256X8/BistCtrl_i0/S49/State_reg_1_/D
                                       CKN(fall) setup     untested  constant_disabled
uBisted_SPSRAM256X8/BistCtrl_i0/S49/State_reg_1_/D
                                       CKN(fall) hold      untested  constant_disabled
uBisted_SPSRAM256X8/BistCtrl_i0/S49/State_reg_1_/SE
                                       CKN(fall) setup     untested  constant_disabled
uBisted_SPSRAM256X8/BistCtrl_i0/S49/State_reg_1_/SE
                                       CKN(fall) hold      untested  constant_disabled
uBisted_SPSRAM256X8/BistCtrl_i0/S49/State_reg_1_/SI
                                       CKN(fall) setup     untested  constant_disabled
uBisted_SPSRAM256X8/BistCtrl_i0/S49/State_reg_1_/SI
                                       CKN(fall) hold      untested  constant_disabled
uBisted_SPSRAM256X8/BistCtrl_i0/S49/State_reg_1_/SN(rise)
                                       CKN(fall) setup     untested  constant_disabled
uBisted_SPSRAM256X8/BistCtrl_i0/S49/State_reg_1_/SN(rise)
                                       CKN(fall) hold      untested  constant_disabled
uBisted_SPSRAM256X8/BistCtrl_i0/S49/State_reg_1_/SN(low)
                                                 min_pulse_width
                                                           untested  constant_disabled
uBisted_SPSRAM256X8/BistCtrl_i0/S49/State_reg_2_/D
                                       CKN(fall) setup     untested  constant_disabled
uBisted_SPSRAM256X8/BistCtrl_i0/S49/State_reg_2_/D
                                       CKN(fall) hold      untested  constant_disabled
uBisted_SPSRAM256X8/BistCtrl_i0/S49/State_reg_2_/SE
                                       CKN(fall) setup     untested  constant_disabled
uBisted_SPSRAM256X8/BistCtrl_i0/S49/State_reg_2_/SE
                                       CKN(fall) hold      untested  constant_disabled
uBisted_SPSRAM256X8/BistCtrl_i0/S49/State_reg_2_/SI
                                       CKN(fall) setup     untested  constant_disabled
uBisted_SPSRAM256X8/BistCtrl_i0/S49/State_reg_2_/SI
                                       CKN(fall) hold      untested  constant_disabled
uBisted_SPSRAM256X8/BistCtrl_i0/S49/State_reg_2_/SN(rise)
                                       CKN(fall) setup     untested  constant_disabled
uBisted_SPSRAM256X8/BistCtrl_i0/S49/State_reg_2_/SN(rise)
                                       CKN(fall) hold      untested  constant_disabled
uBisted_SPSRAM256X8/BistCtrl_i0/S49/State_reg_2_/SN(low)
                                                 min_pulse_width
                                                           untested  constant_disabled
uBisted_SPSRAM256X8/BistCtrl_i0/S49/State_reg_3_/D
                                       CKN(fall) setup     untested  constant_disabled
uBisted_SPSRAM256X8/BistCtrl_i0/S49/State_reg_3_/D
                                       CKN(fall) hold      untested  constant_disabled
uBisted_SPSRAM256X8/BistCtrl_i0/S49/State_reg_3_/SE
                                       CKN(fall) setup     untested  constant_disabled
uBisted_SPSRAM256X8/BistCtrl_i0/S49/State_reg_3_/SE
                                       CKN(fall) hold      untested  constant_disabled
uBisted_SPSRAM256X8/BistCtrl_i0/S49/State_reg_3_/SI
                                       CKN(fall) setup     untested  constant_disabled
uBisted_SPSRAM256X8/BistCtrl_i0/S49/State_reg_3_/SI
                                       CKN(fall) hold      untested  constant_disabled
uBisted_SPSRAM256X8/BistCtrl_i0/S49/State_reg_3_/SN(rise)
                                       CKN(fall) setup     untested  constant_disabled
uBisted_SPSRAM256X8/BistCtrl_i0/S49/State_reg_3_/SN(rise)
                                       CKN(fall) hold      untested  constant_disabled
uBisted_SPSRAM256X8/BistCtrl_i0/S49/State_reg_3_/SN(low)
                                                 min_pulse_width
                                                           untested  constant_disabled
uBisted_SPSRAM256X8/BistCtrl_i0/ST_MAL_i0/S16_reg/D
                                       CKN(fall) setup     untested  constant_disabled
uBisted_SPSRAM256X8/BistCtrl_i0/ST_MAL_i0/S16_reg/D
                                       CKN(fall) hold      untested  constant_disabled
uBisted_SPSRAM256X8/BistCtrl_i0/ST_MAL_i0/S16_reg/SE
                                       CKN(fall) setup     untested  constant_disabled
uBisted_SPSRAM256X8/BistCtrl_i0/ST_MAL_i0/S16_reg/SE
                                       CKN(fall) hold      untested  constant_disabled
uBisted_SPSRAM256X8/BistCtrl_i0/ST_MAL_i0/S16_reg/SI
                                       CKN(fall) setup     untested  constant_disabled
uBisted_SPSRAM256X8/BistCtrl_i0/ST_MAL_i0/S16_reg/SI
                                       CKN(fall) hold      untested  constant_disabled
uBisted_SPSRAM256X8/BistCtrl_i0/ST_MAL_i0/S16_reg/SN(rise)
                                       CKN(fall) setup     untested  constant_disabled
uBisted_SPSRAM256X8/BistCtrl_i0/ST_MAL_i0/S16_reg/SN(rise)
                                       CKN(fall) hold      untested  constant_disabled
uBisted_SPSRAM256X8/BistCtrl_i0/ST_MAL_i0/S16_reg/SN(low)
                                                 min_pulse_width
                                                           untested  constant_disabled
uBisted_SPSRAM256X8/BistCtrl_i0/ST_MAL_i0/S17_reg/D
                                       CK(rise)  hold      untested  constant_disabled
uBisted_SPSRAM256X8/BistCtrl_i0/ST_MAL_i0/S17_reg/D
                                       CK(rise)  setup     untested  constant_disabled
uBisted_SPSRAM256X8/BistCtrl_i0/ST_MAL_i0/S17_reg/SE
                                       CK(rise)  setup     untested  constant_disabled
uBisted_SPSRAM256X8/BistCtrl_i0/ST_MAL_i0/S17_reg/SE
                                       CK(rise)  hold      untested  constant_disabled
uBisted_SPSRAM256X8/BistCtrl_i0/ST_MAL_i0/S17_reg/SI
                                       CK(rise)  setup     untested  constant_disabled
uBisted_SPSRAM256X8/BistCtrl_i0/ST_MAL_i0/S17_reg/SI
                                       CK(rise)  hold      untested  constant_disabled
wr_xdat_d1_reg/SE                      CK(rise)  setup     untested  constant_disabled
wr_xdat_d1_reg/SE                      CK(rise)  hold      untested  constant_disabled
wr_xdat_d1_reg/SI                      CK(rise)  setup     untested  constant_disabled
wr_xdat_d1_reg/SI                      CK(rise)  hold      untested  constant_disabled
wr_xdat_d1_reg/SN(rise)                CK(rise)  recovery  untested  false_paths
wr_xdat_d1_reg/SN(rise)                CK(rise)  removal   untested  false_paths
wr_xdat_d1_reg/SN(low)                           min_pulse_width
                                                           untested  no_clock
xaddr_low_reg_0_/RN(rise)              CK(rise)  removal   untested  false_paths
xaddr_low_reg_0_/RN(rise)              CK(rise)  recovery  untested  false_paths
xaddr_low_reg_0_/RN(low)                         min_pulse_width
                                                           untested  no_clock
xaddr_low_reg_0_/SE                    CK(rise)  setup     untested  constant_disabled
xaddr_low_reg_0_/SE                    CK(rise)  hold      untested  constant_disabled
xaddr_low_reg_0_/SI                    CK(rise)  setup     untested  constant_disabled
xaddr_low_reg_0_/SI                    CK(rise)  hold      untested  constant_disabled
xaddr_low_reg_0_/SN(rise)              CK(rise)  setup     untested  constant_disabled
xaddr_low_reg_0_/SN(rise)              CK(rise)  hold      untested  constant_disabled
xaddr_low_reg_0_/SN(low)                         min_pulse_width
                                                           untested  constant_disabled
xaddr_low_reg_1_/RN(rise)              CK(rise)  removal   untested  false_paths
xaddr_low_reg_1_/RN(rise)              CK(rise)  recovery  untested  false_paths
xaddr_low_reg_1_/RN(low)                         min_pulse_width
                                                           untested  no_clock
xaddr_low_reg_1_/SE                    CK(rise)  setup     untested  constant_disabled
xaddr_low_reg_1_/SE                    CK(rise)  hold      untested  constant_disabled
xaddr_low_reg_1_/SI                    CK(rise)  setup     untested  constant_disabled
xaddr_low_reg_1_/SI                    CK(rise)  hold      untested  constant_disabled
xaddr_low_reg_1_/SN(rise)              CK(rise)  setup     untested  constant_disabled
xaddr_low_reg_1_/SN(rise)              CK(rise)  hold      untested  constant_disabled
xaddr_low_reg_1_/SN(low)                         min_pulse_width
                                                           untested  constant_disabled
xaddr_low_reg_2_/RN(rise)              CK(rise)  removal   untested  false_paths
xaddr_low_reg_2_/RN(rise)              CK(rise)  recovery  untested  false_paths
xaddr_low_reg_2_/RN(low)                         min_pulse_width
                                                           untested  no_clock
xaddr_low_reg_2_/SE                    CK(rise)  setup     untested  constant_disabled
xaddr_low_reg_2_/SE                    CK(rise)  hold      untested  constant_disabled
xaddr_low_reg_2_/SI                    CK(rise)  setup     untested  constant_disabled
xaddr_low_reg_2_/SI                    CK(rise)  hold      untested  constant_disabled
xaddr_low_reg_2_/SN(rise)              CK(rise)  setup     untested  constant_disabled
xaddr_low_reg_2_/SN(rise)              CK(rise)  hold      untested  constant_disabled
xaddr_low_reg_2_/SN(low)                         min_pulse_width
                                                           untested  constant_disabled
xaddr_low_reg_3_/RN(rise)              CK(rise)  removal   untested  false_paths
xaddr_low_reg_3_/RN(rise)              CK(rise)  recovery  untested  false_paths
xaddr_low_reg_3_/RN(low)                         min_pulse_width
                                                           untested  no_clock
xaddr_low_reg_3_/SE                    CK(rise)  setup     untested  constant_disabled
xaddr_low_reg_3_/SE                    CK(rise)  hold      untested  constant_disabled
xaddr_low_reg_3_/SI                    CK(rise)  setup     untested  constant_disabled
xaddr_low_reg_3_/SI                    CK(rise)  hold      untested  constant_disabled
xaddr_low_reg_3_/SN(rise)              CK(rise)  setup     untested  constant_disabled
xaddr_low_reg_3_/SN(rise)              CK(rise)  hold      untested  constant_disabled
xaddr_low_reg_3_/SN(low)                         min_pulse_width
                                                           untested  constant_disabled
xaddr_low_reg_4_/RN(rise)              CK(rise)  removal   untested  false_paths
xaddr_low_reg_4_/RN(rise)              CK(rise)  recovery  untested  false_paths
xaddr_low_reg_4_/RN(low)                         min_pulse_width
                                                           untested  no_clock
xaddr_low_reg_4_/SE                    CK(rise)  setup     untested  constant_disabled
xaddr_low_reg_4_/SE                    CK(rise)  hold      untested  constant_disabled
xaddr_low_reg_4_/SI                    CK(rise)  setup     untested  constant_disabled
xaddr_low_reg_4_/SI                    CK(rise)  hold      untested  constant_disabled
xaddr_low_reg_4_/SN(rise)              CK(rise)  setup     untested  constant_disabled
xaddr_low_reg_4_/SN(rise)              CK(rise)  hold      untested  constant_disabled
xaddr_low_reg_4_/SN(low)                         min_pulse_width
                                                           untested  constant_disabled
xaddr_low_reg_5_/RN(rise)              CK(rise)  removal   untested  false_paths
xaddr_low_reg_5_/RN(rise)              CK(rise)  recovery  untested  false_paths
xaddr_low_reg_5_/RN(low)                         min_pulse_width
                                                           untested  no_clock
xaddr_low_reg_5_/SE                    CK(rise)  setup     untested  constant_disabled
xaddr_low_reg_5_/SE                    CK(rise)  hold      untested  constant_disabled
xaddr_low_reg_5_/SI                    CK(rise)  setup     untested  constant_disabled
xaddr_low_reg_5_/SI                    CK(rise)  hold      untested  constant_disabled
xaddr_low_reg_5_/SN(rise)              CK(rise)  setup     untested  constant_disabled
xaddr_low_reg_5_/SN(rise)              CK(rise)  hold      untested  constant_disabled
xaddr_low_reg_5_/SN(low)                         min_pulse_width
                                                           untested  constant_disabled
xaddr_low_reg_6_/RN(rise)              CK(rise)  removal   untested  false_paths
xaddr_low_reg_6_/RN(rise)              CK(rise)  recovery  untested  false_paths
xaddr_low_reg_6_/RN(low)                         min_pulse_width
                                                           untested  no_clock
xaddr_low_reg_6_/SE                    CK(rise)  setup     untested  constant_disabled
xaddr_low_reg_6_/SE                    CK(rise)  hold      untested  constant_disabled
xaddr_low_reg_6_/SI                    CK(rise)  setup     untested  constant_disabled
xaddr_low_reg_6_/SI                    CK(rise)  hold      untested  constant_disabled
xaddr_low_reg_6_/SN(rise)              CK(rise)  setup     untested  constant_disabled
xaddr_low_reg_6_/SN(rise)              CK(rise)  hold      untested  constant_disabled
xaddr_low_reg_6_/SN(low)                         min_pulse_width
                                                           untested  constant_disabled
xaddr_low_reg_7_/RN(rise)              CK(rise)  removal   untested  false_paths
xaddr_low_reg_7_/RN(rise)              CK(rise)  recovery  untested  false_paths
xaddr_low_reg_7_/RN(low)                         min_pulse_width
                                                           untested  no_clock
xaddr_low_reg_7_/SE                    CK(rise)  setup     untested  constant_disabled
xaddr_low_reg_7_/SE                    CK(rise)  hold      untested  constant_disabled
xaddr_low_reg_7_/SI                    CK(rise)  setup     untested  constant_disabled
xaddr_low_reg_7_/SI                    CK(rise)  hold      untested  constant_disabled
xaddr_low_reg_7_/SN(rise)              CK(rise)  setup     untested  constant_disabled
xaddr_low_reg_7_/SN(rise)              CK(rise)  hold      untested  constant_disabled
xaddr_low_reg_7_/SN(low)                         min_pulse_width
                                                           untested  constant_disabled
1
