
****************************************
Report : library
Library: cb18io220_generic_max
Version: 1999.10
Date   : Thu Jun 15 08:59:04 2000
****************************************

Library Type            : Technology
Tool Created            : 1999.10
Date Created            : 12-Apr-100 (INF CREATED ON 12-APR-2000)
Library Version         : 1.000000


Delay Model             : table_lookup
Time Unit               : 1ns

Timing Attributes Defaults:

   Attribute			Default
   -----------------------------------------
     max_transition		
     max_fanout			
     fanout_load		1
     max_capacitance		

Lookup Table Template:

   Template_name
   ----------------------------------------------------------------------------
   del_0_5_5_w
       VARIABLE_1: input_net_transition
       VARIABLE_2: total_output_net_capacitance
       INDEX_1:  0.0700  0.8000  2.0000  4.0000 10.0000
       INDEX_2:  0.0040  0.0160  0.0800  0.4000  0.8000
   del_1_5_5_w
       VARIABLE_1: input_net_transition
       VARIABLE_2: total_output_net_capacitance
       INDEX_1:  0.0200  0.2400  0.6000  1.2000  3.0000
       INDEX_2:  7.3590  8.5590 14.9590 46.9590 86.9590
   del_2_5_5_w
       VARIABLE_1: input_net_transition
       VARIABLE_2: total_output_net_capacitance
       INDEX_1:  0.0200  0.2400  0.6000  1.2000  3.0000
       INDEX_2:  7.3610  8.5610 14.9610 46.9610 86.9610
   del_3_5_5_w
       VARIABLE_1: input_net_transition
       VARIABLE_2: total_output_net_capacitance
       INDEX_1:  0.0200  0.2400  0.6000  1.2000  3.0000
       INDEX_2:  7.5590  8.7590 15.1590 47.1590 87.1590
   del_4_5_5_w
       VARIABLE_1: input_net_transition
       VARIABLE_2: total_output_net_capacitance
       INDEX_1:  0.0200  0.2400  0.6000  1.2000  3.0000
       INDEX_2:  7.9470  9.1470 15.5470 47.5470 87.5470
   del_5_5_5_w
       VARIABLE_1: input_net_transition
       VARIABLE_2: total_output_net_capacitance
       INDEX_1:  0.0200  0.2400  0.6000  1.2000  3.0000
       INDEX_2:  7.3820  8.5820 14.9820 46.9820 86.9820
   del_6_5_5_w
       VARIABLE_1: input_net_transition
       VARIABLE_2: total_output_net_capacitance
       INDEX_1:  0.0200  0.2400  0.6000  1.2000  3.0000
       INDEX_2:  7.4790  8.6790 15.0790 47.0790 87.0790
   del_7_5_5_w
       VARIABLE_1: input_net_transition
       VARIABLE_2: total_output_net_capacitance
       INDEX_1:  0.0200  0.2400  0.6000  1.2000  3.0000
       INDEX_2:  7.9820  9.1820 15.5820 47.5820 87.5820
   del_8_5_5_w
       VARIABLE_1: input_net_transition
       VARIABLE_2: total_output_net_capacitance
       INDEX_1:  0.0200  0.2400  0.6000  1.2000  3.0000
       INDEX_2:  7.9150  9.1150 15.5150 47.5150 87.5150
   del_9_5_5_w
       VARIABLE_1: input_net_transition
       VARIABLE_2: total_output_net_capacitance
       INDEX_1:  0.0200  0.2400  0.6000  1.2000  3.0000
       INDEX_2:  7.5720  8.7720 15.1720 47.1720 87.1720
   del_10_5_5_w
       VARIABLE_1: input_net_transition
       VARIABLE_2: total_output_net_capacitance
       INDEX_1:  0.0200  0.2400  0.6000  1.2000  3.0000
       INDEX_2:  8.1550  9.3550 15.7550 47.7550 87.7550
   del_11_5_5_w
       VARIABLE_1: input_net_transition
       VARIABLE_2: total_output_net_capacitance
       INDEX_1:  0.0200  0.2400  0.6000  1.2000  3.0000
       INDEX_2:  8.0420  9.2420 15.6420 47.6420 87.6420
   del_12_5_5_w
       VARIABLE_1: input_net_transition
       VARIABLE_2: total_output_net_capacitance
       INDEX_1:  0.0200  0.2400  0.6000  1.2000  3.0000
       INDEX_2:  8.0770  9.2770 15.6770 47.6770 87.6770
   del_13_5_5_w
       VARIABLE_1: input_net_transition
       VARIABLE_2: total_output_net_capacitance
       INDEX_1:  0.0200  0.2400  0.6000  1.2000  3.0000
       INDEX_2:  7.9520  9.1520 15.5520 47.5520 87.5520
   del_14_5_5_w
       VARIABLE_1: input_net_transition
       VARIABLE_2: total_output_net_capacitance
       INDEX_1:  0.0200  0.2400  0.6000  1.2000  3.0000
       INDEX_2:  8.0940  9.2940 15.6940 47.6940 87.6940
   del_15_5_5_w
       VARIABLE_1: input_net_transition
       VARIABLE_2: total_output_net_capacitance
       INDEX_1:  0.0200  0.2400  0.6000  1.2000  3.0000
       INDEX_2:  7.9560  9.1560 15.5560 47.5560 87.5560
   del_16_5_5_w
       VARIABLE_1: input_net_transition
       VARIABLE_2: total_output_net_capacitance
       INDEX_1:  0.0200  0.2400  0.6000  1.2000  3.0000
       INDEX_2:  0.1520  0.6090  3.0470 15.2340 30.4690
   del_17_5_5_w
       VARIABLE_1: input_net_transition
       VARIABLE_2: total_output_net_capacitance
       INDEX_1:  0.0200  0.2400  0.6000  1.2000  3.0000
       INDEX_2:  0.4000  1.6000  8.0000 40.0000 80.0000
   del_18_5_5_w
       VARIABLE_1: input_net_transition
       VARIABLE_2: total_output_net_capacitance
       INDEX_1:  0.0200  0.2400  0.6000  1.2000  3.0000
       INDEX_2:  7.5870  8.7870 15.1870 47.1870 87.1870
   del_19_5_5_w
       VARIABLE_1: input_net_transition
       VARIABLE_2: total_output_net_capacitance
       INDEX_1:  0.0200  0.2400  0.6000  1.2000  3.0000
       INDEX_2:  7.1710  8.3710 14.7710 46.7710 86.7710
   del_20_5_5_w
       VARIABLE_1: input_net_transition
       VARIABLE_2: total_output_net_capacitance
       INDEX_1:  0.0200  0.2400  0.6000  1.2000  3.0000
       INDEX_2:  7.0540  8.2540 14.6540 46.6540 86.6540
   del_21_5_5_w
       VARIABLE_1: input_net_transition
       VARIABLE_2: total_output_net_capacitance
       INDEX_1:  0.0200  0.2400  0.6000  1.2000  3.0000
       INDEX_2:  7.3400  8.5400 14.9400 46.9400 86.9400
   del_22_5_5_w
       VARIABLE_1: input_net_transition
       VARIABLE_2: total_output_net_capacitance
       INDEX_1:  0.0200  0.2400  0.6000  1.2000  3.0000
       INDEX_2:  7.7370  8.9370 15.3370 47.3370 87.3370
   del_23_5_5_w
       VARIABLE_1: input_net_transition
       VARIABLE_2: total_output_net_capacitance
       INDEX_1:  0.0200  0.2400  0.6000  1.2000  3.0000
       INDEX_2:  7.4740  8.6740 15.0740 47.0740 87.0740
   del_24_5_5_w
       VARIABLE_1: input_net_transition
       VARIABLE_2: total_output_net_capacitance
       INDEX_1:  0.0200  0.2400  0.6000  1.2000  3.0000
       INDEX_2:  7.5640  8.7640 15.1640 47.1640 87.1640
   del_25_5_5_w
       VARIABLE_1: input_net_transition
       VARIABLE_2: total_output_net_capacitance
       INDEX_1:  0.0200  0.2400  0.6000  1.2000  3.0000
       INDEX_2:  7.9860  9.1860 15.5860 47.5860 87.5860
   del_26_5_5_w
       VARIABLE_1: input_net_transition
       VARIABLE_2: total_output_net_capacitance
       INDEX_1:  0.0200  0.2400  0.6000  1.2000  3.0000
       INDEX_2:  7.4760  8.6760 15.0760 47.0760 87.0760
   del_27_5_5_w
       VARIABLE_1: input_net_transition
       VARIABLE_2: total_output_net_capacitance
       INDEX_1:  0.0200  0.2400  0.6000  1.2000  3.0000
       INDEX_2:  7.8320  9.0320 15.4320 47.4320 87.4320
   del_28_5_5_w
       VARIABLE_1: input_net_transition
       VARIABLE_2: total_output_net_capacitance
       INDEX_1:  0.0200  0.2400  0.6000  1.2000  3.0000
       INDEX_2:  7.7670  8.9670 15.3670 47.3670 87.3670
   del_29_5_5_w
       VARIABLE_1: input_net_transition
       VARIABLE_2: total_output_net_capacitance
       INDEX_1:  0.0200  0.2400  0.6000  1.2000  3.0000
       INDEX_2:  8.0470  9.2470 15.6470 47.6470 87.6470
   del_30_5_5_w
       VARIABLE_1: input_net_transition
       VARIABLE_2: total_output_net_capacitance
       INDEX_1:  0.0200  0.2400  0.6000  1.2000  3.0000
       INDEX_2:  8.5040  9.7040 16.1040 48.1040 88.1040
   del_31_5_5_w
       VARIABLE_1: input_net_transition
       VARIABLE_2: total_output_net_capacitance
       INDEX_1:  0.0200  0.2400  0.6000  1.2000  3.0000
       INDEX_2:  7.7840  8.9840 15.3840 47.3840 87.3840
   del_32_5_5_w
       VARIABLE_1: input_net_transition
       VARIABLE_2: total_output_net_capacitance
       INDEX_1:  0.0200  0.2400  0.6000  1.2000  3.0000
       INDEX_2:  8.5400  9.7400 16.1400 48.1400 88.1400
   del_33_5_5_w
       VARIABLE_1: input_net_transition
       VARIABLE_2: total_output_net_capacitance
       INDEX_1:  0.0200  0.2400  0.6000  1.2000  3.0000
       INDEX_2:  7.0780  8.2780 14.6780 46.6780 86.6780
   del_34_5_5_w
       VARIABLE_1: input_net_transition
       VARIABLE_2: total_output_net_capacitance
       INDEX_1:  0.0700  0.8000  2.0000  4.0000 10.0000
       INDEX_2:  7.0780  8.2780 14.6780 46.6780 86.6780
   del_35_5_5_w
       VARIABLE_1: input_net_transition
       VARIABLE_2: total_output_net_capacitance
       INDEX_1:  0.0200  0.2400  0.6000  1.2000  3.0000
       INDEX_2:  0.0040  0.0160  0.0800  0.4000  0.8000
   del_36_5_5_w
       VARIABLE_1: input_net_transition
       VARIABLE_2: total_output_net_capacitance
       INDEX_1:  0.0200  0.2400  0.6000  1.2000  3.0000
       INDEX_2:  7.5710  8.7710 15.1710 47.1710 87.1710
   del_37_5_5_w
       VARIABLE_1: input_net_transition
       VARIABLE_2: total_output_net_capacitance
       INDEX_1:  0.0700  0.8000  2.0000  4.0000 10.0000
       INDEX_2:  7.5710  8.7710 15.1710 47.1710 87.1710
   del_38_5_5_w
       VARIABLE_1: input_net_transition
       VARIABLE_2: total_output_net_capacitance
       INDEX_1:  0.0200  0.2400  0.6000  1.2000  3.0000
       INDEX_2:  7.3040  8.5040 14.9040 46.9040 86.9040
   del_39_5_5_w
       VARIABLE_1: input_net_transition
       VARIABLE_2: total_output_net_capacitance
       INDEX_1:  0.0700  0.8000  2.0000  4.0000 10.0000
       INDEX_2:  7.3040  8.5040 14.9040 46.9040 86.9040
   del_40_5_5_w
       VARIABLE_1: input_net_transition
       VARIABLE_2: total_output_net_capacitance
       INDEX_1:  0.0200  0.2400  0.6000  1.2000  3.0000
       INDEX_2:  7.1310  8.3310 14.7310 46.7310 86.7310
   del_41_5_5_w
       VARIABLE_1: input_net_transition
       VARIABLE_2: total_output_net_capacitance
       INDEX_1:  0.0200  0.2400  0.6000  1.2000  3.0000
       INDEX_2:  7.2630  8.4630 14.8630 46.8630 86.8630
   del_42_5_5_w
       VARIABLE_1: input_net_transition
       VARIABLE_2: total_output_net_capacitance
       INDEX_1:  0.0200  0.2400  0.6000  1.2000  3.0000
       INDEX_2:  7.1410  8.3410 14.7410 46.7410 86.7410
   del_43_5_5_w
       VARIABLE_1: input_net_transition
       VARIABLE_2: total_output_net_capacitance
       INDEX_1:  0.0200  0.2400  0.6000  1.2000  3.0000
       INDEX_2:  7.7820  8.9820 15.3820 47.3820 87.3820
   del_44_5_5_w
       VARIABLE_1: input_net_transition
       VARIABLE_2: total_output_net_capacitance
       INDEX_1:  0.0200  0.2400  0.6000  1.2000  3.0000
       INDEX_2:  7.6850  8.8850 15.2850 47.2850 87.2850
   del_45_5_5_w
       VARIABLE_1: input_net_transition
       VARIABLE_2: total_output_net_capacitance
       INDEX_1:  0.0200  0.2400  0.6000  1.2000  3.0000
       INDEX_2:  7.6760  8.8760 15.2760 47.2760 87.2760
   del_46_5_5_w
       VARIABLE_1: input_net_transition
       VARIABLE_2: total_output_net_capacitance
       INDEX_1:  0.0200  0.2400  0.6000  1.2000  3.0000
       INDEX_2:  8.6570  9.8570 16.2570 48.2570 88.2570
   del_47_5_5_w
       VARIABLE_1: input_net_transition
       VARIABLE_2: total_output_net_capacitance
       INDEX_1:  0.0200  0.2400  0.6000  1.2000  3.0000
       INDEX_2:  7.9690  9.1690 15.5690 47.5690 87.5690
   del_48_5_5_w
       VARIABLE_1: input_net_transition
       VARIABLE_2: total_output_net_capacitance
       INDEX_1:  0.0200  0.2400  0.6000  1.2000  3.0000
       INDEX_2:  8.0510  9.2510 15.6510 47.6510 87.6510
   del_49_5_5_w
       VARIABLE_1: input_net_transition
       VARIABLE_2: total_output_net_capacitance
       INDEX_1:  0.0200  0.2400  0.6000  1.2000  3.0000
       INDEX_2:  7.4590  8.6590 15.0590 47.0590 87.0590
   del_50_5_5_w
       VARIABLE_1: input_net_transition
       VARIABLE_2: total_output_net_capacitance
       INDEX_1:  0.0200  0.2400  0.6000  1.2000  3.0000
       INDEX_2:  6.9810  8.1810 14.5810 46.5810 86.5810
   del_51_5_5_w
       VARIABLE_1: input_net_transition
       VARIABLE_2: total_output_net_capacitance
       INDEX_1:  0.0200  0.2400  0.6000  1.2000  3.0000
       INDEX_2:  7.1150  8.3150 14.7150 46.7150 86.7150
   del_52_5_5_w
       VARIABLE_1: input_net_transition
       VARIABLE_2: total_output_net_capacitance
       INDEX_1:  0.0200  0.2400  0.6000  1.2000  3.0000
       INDEX_2:  8.1460  9.3460 15.7460 47.7460 87.7460
   del_53_5_5_w
       VARIABLE_1: input_net_transition
       VARIABLE_2: total_output_net_capacitance
       INDEX_1:  0.0200  0.2400  0.6000  1.2000  3.0000
       INDEX_2:  7.8380  9.0380 15.4380 47.4380 87.4380
   del_54_5_5_w
       VARIABLE_1: input_net_transition
       VARIABLE_2: total_output_net_capacitance
       INDEX_1:  0.0200  0.2400  0.6000  1.2000  3.0000
       INDEX_2:  7.4810  8.6810 15.0810 47.0810 87.0810
   del_55_5_5_w
       VARIABLE_1: input_net_transition
       VARIABLE_2: total_output_net_capacitance
       INDEX_1:  0.0200  0.2400  0.6000  1.2000  3.0000
       INDEX_2:  8.4250  9.6250 16.0250 48.0250 88.0250
   del_56_5_5_w
       VARIABLE_1: input_net_transition
       VARIABLE_2: total_output_net_capacitance
       INDEX_1:  0.0200  0.2400  0.6000  1.2000  3.0000
       INDEX_2:  8.3500  9.5500 15.9500 47.9500 87.9500
   del_57_5_5_w
       VARIABLE_1: input_net_transition
       VARIABLE_2: total_output_net_capacitance
       INDEX_1:  0.0200  0.2400  0.6000  1.2000  3.0000
       INDEX_2:  8.4540  9.6540 16.0540 48.0540 88.0540


CELL(pc3b01): 2359.821533;

  PIN(OEN): in, 0.072, 7, , , ;
  END_PIN OEN;

  PIN(I): in, 0.078, 7, , , ;
  END_PIN I;

  PIN(CIN): out, 0, 80, 3, 0.8, , ;
    DELAY: PAD, CIN, prop, pos_unate, '', ( ,  ), ( ,  ), ( ,  );
      cell_rise ( del_0_5_5_w ) :
         VALUES :    1.0000  1.0200  1.0900  1.4400  1.8300  0.9700
                     0.9800  1.0700  1.4000  1.8100  0.9700  0.9900
                     1.0600  1.4000  1.8000  0.9500  0.9700  1.0500
                     1.3900  1.7900  0.8800  0.9000  0.9900  1.3300
                     1.7400

      cell_fall ( del_0_5_5_w ) :
         VALUES :    0.8400  0.8600  0.9400  1.2100  1.4400  1.0200
                     1.0300  1.1100  1.3800  1.6200  1.3400  1.3500
                     1.4300  1.7100  1.9400  1.8100  1.8300  1.9200
                     2.2200  2.4600  2.9700  3.0000  3.1200  3.4700
                     3.7400

      rise_transition ( del_0_5_5_w ) :
         VALUES :    0.2500  0.2700  0.3900  1.0100  1.8200  0.2500
                     0.2700  0.3900  1.0100  1.8200  0.2600  0.2800
                     0.3900  1.0100  1.8100  0.2600  0.2800  0.3900
                     1.0100  1.8100  0.2800  0.3100  0.4200  1.0300
                     1.8300

      fall_transition ( del_0_5_5_w ) :
         VALUES :    0.2900  0.3100  0.4000  0.7400  1.1200  0.2900
                     0.3100  0.4000  0.7400  1.1200  0.3000  0.3200
                     0.4100  0.7400  1.1200  0.3500  0.3700  0.4500
                     0.7700  1.1400  0.4500  0.4700  0.5700  0.9200
                     1.2600

  END_PIN CIN;

  PIN(PAD): inout, 6.959, , 8000, 10, 80, , , , ;
    DELAY: OEN, PAD, disable, pos_unate, '', ( ,  ), ( ,  ), ( ,  );
      cell_rise ( del_1_5_5_w ) :
         VALUES :    1.8600  1.8600  1.8600  1.8800  1.8800  1.9500
                     1.9500  1.9500  1.9500  1.9500  2.1300  2.1300
                     2.1300  2.1300  2.1300  2.4100  2.4100  2.4100
                     2.4100  2.4100  3.3900  3.3900  3.3900  3.3900
                     3.3900

      cell_fall ( del_1_5_5_w ) :
         VALUES :    2.5600  2.5400  2.5600  2.5600  2.5600  2.6300
                     2.6300  2.6300  2.6300  2.6300  2.7900  2.8100
                     2.8100  2.8100  2.8100  3.0900  3.0900  3.0900
                     3.0900  3.0900  4.0600  4.0600  4.0600  4.0600
                     4.0600

      rise_transition ( del_1_5_5_w ) :
         VALUES :    0.0000  0.0000  0.0000  0.0000  0.0000  0.0000
                     0.0000  0.0000  0.0000  0.0000  0.0000  0.0000
                     0.0000  0.0000  0.0000  0.0000  0.0000  0.0000
                     0.0000  0.0000  0.0000  0.0000  0.0000  0.0000
                     0.0000

      fall_transition ( del_1_5_5_w ) :
         VALUES :    0.0000  0.0000  0.0000  0.0000  0.0000  0.0000
                     0.0000  0.0000  0.0000  0.0000  0.0000  0.0000
                     0.0000  0.0000  0.0000  0.0000  0.0000  0.0000
                     0.0000  0.0000  0.0000  0.0000  0.0000  0.0000
                     0.0000

    DELAY: I, PAD, prop, pos_unate, '', ( ,  ), ( ,  ), ( ,  );
      cell_rise ( del_1_5_5_w ) :
         VALUES :    2.9700  3.1200  3.9500  7.9600 12.8800  3.0300
                     3.2000  4.0300  8.0400 12.9500  3.1900  3.3500
                     4.1800  8.1800 13.0900  3.4500  3.6100  4.4400
                     8.4500 13.3600  4.3500  4.5100  5.3400  9.3500
                    14.2600

      cell_fall ( del_1_5_5_w ) :
         VALUES :    2.7100  2.8200  3.4100  6.2500  9.7700  2.7600
                     2.8700  3.4600  6.3000  9.8100  2.8600  2.9700
                     3.5600  6.3900  9.9100  3.0000  3.1100  3.7000
                     6.5300 10.0500  3.4500  3.5600  4.1500  6.9900
                    10.5000

      rise_transition ( del_1_5_5_w ) :
         VALUES :    2.3300  2.6900  4.4500 12.0400 21.1100  2.3300
                     2.6900  4.4500 12.0400 21.1100  2.3300  2.6900
                     4.4500 12.0400 21.1100  2.3300  2.6900  4.4500
                    12.0400 21.1100  2.3300  2.6800  4.4500 12.0400
                    21.1100

      fall_transition ( del_1_5_5_w ) :
         VALUES :    1.5200  1.7400  3.0000  9.2400 16.9700  1.5200
                     1.7400  3.0000  9.2400 16.9700  1.5200  1.7400
                     3.0000  9.2400 16.9700  1.5200  1.7400  3.0000
                     9.2400 16.9700  1.5200  1.7400  3.0000  9.2400
                    16.9700

    DELAY: OEN, PAD, enable, neg_unate, '', ( ,  ), ( ,  ), ( ,  );
      cell_rise ( del_1_5_5_w ) :
         VALUES :    3.8300  4.0000  4.8500  8.9900 14.0700  3.8900
                     4.0500  4.9000  9.0500 14.1300  3.9900  4.1600
                     5.0100  9.1500 14.2300  4.1400  4.3100  5.1600
                     9.3000 14.3900  4.6400  4.8000  5.6500  9.7900
                    14.8800

      cell_fall ( del_1_5_5_w ) :
         VALUES :    2.9200  3.0400  3.6700  6.6800 10.4200  2.9900
                     3.1000  3.7200  6.7300 10.4700  3.0800  3.2000
                     3.8300  6.8400 10.5800  3.2500  3.3600  3.9900
                     7.0000 10.7400  3.7600  3.8800  4.5000  7.5100
                    11.2600

      rise_transition ( del_1_5_5_w ) :
         VALUES :    2.3600  2.7200  4.5000 12.1800 21.3500  2.3600
                     2.7200  4.5000 12.1800 21.3500  2.3600  2.7200
                     4.5000 12.1800 21.3500  2.3600  2.7100  4.5000
                    12.1800 21.3500  2.3600  2.7100  4.5000 12.1800
                    21.3500

      fall_transition ( del_1_5_5_w ) :
         VALUES :    1.6400  1.8900  3.2800 10.1200 18.6300  1.6400
                     1.8900  3.2800 10.1200 18.6300  1.6400  1.8900
                     3.2800 10.1200 18.6300  1.6400  1.8900  3.2800
                    10.1200 18.6300  1.6400  1.8900  3.2800 10.1200
                    18.6300

  END_PIN PAD;
END_CELL pc3b01;

CELL(pc3b01d): 2359.821533;

  PIN(OEN): in, 0.078, 7, , , ;
  END_PIN OEN;

  PIN(I): in, 0.08, 8, , , ;
  END_PIN I;

  PIN(CIN): out, 0, 80, 3, 0.8, , ;
    DELAY: PAD, CIN, prop, pos_unate, '', ( ,  ), ( ,  ), ( ,  );
      cell_rise ( del_0_5_5_w ) :
         VALUES :    0.9700  0.9900  1.0600  1.3900  1.7800  0.9300
                     0.9400  1.0200  1.3500  1.7400  0.9100  0.9300
                     1.0000  1.3300  1.7200  0.8700  0.8900  0.9600
                     1.2900  1.6800  0.7200  0.7400  0.8200  1.1500
                     1.5400

      cell_fall ( del_0_5_5_w ) :
         VALUES :    0.8400  0.8600  0.9400  1.2100  1.4500  1.0300
                     1.0400  1.1200  1.3900  1.6300  1.3500  1.3600
                     1.4400  1.7200  1.9600  1.8300  1.8500  1.9500
                     2.2500  2.4900  3.0300  3.0600  3.1700  3.5200
                     3.8000

      rise_transition ( del_0_5_5_w ) :
         VALUES :    0.2400  0.2600  0.3800  0.9900  1.7900  0.2400
                     0.2600  0.3800  0.9900  1.7900  0.2500  0.2700
                     0.3800  0.9900  1.7800  0.2500  0.2700  0.3800
                     0.9900  1.7800  0.2700  0.3000  0.4100  1.0100
                     1.8000

      fall_transition ( del_0_5_5_w ) :
         VALUES :    0.2900  0.3100  0.4100  0.7600  1.1400  0.2900
                     0.3100  0.4100  0.7600  1.1400  0.3000  0.3200
                     0.4200  0.7600  1.1400  0.3500  0.3700  0.4600
                     0.7900  1.1700  0.4600  0.4800  0.5800  0.9400
                     1.2900

  END_PIN CIN;

  PIN(PAD): inout, 6.961, , 8000, 10, 80, , , , ;
    DELAY: OEN, PAD, disable, pos_unate, '', ( ,  ), ( ,  ), ( ,  );
      cell_rise ( del_2_5_5_w ) :
         VALUES :    1.8200  1.8200  1.8200  1.8200  1.8200  1.8900
                     1.8900  1.8900  1.8900  1.8900  2.0600  2.0600
                     2.0600  2.0600  2.0600  2.3300  2.3300  2.3300
                     2.3300  2.3300  3.2600  3.2600  3.2600  3.2600
                     3.2600

      cell_fall ( del_2_5_5_w ) :
         VALUES :    2.4000  2.4000  2.4000  2.4000  2.4000  2.4700
                     2.4700  2.4700  2.4700  2.4700  2.6200  2.6200
                     2.6200  2.6200  2.6200  2.8700  2.8700  2.8700
                     2.8700  2.8700  3.7500  3.7500  3.7500  3.7500
                     3.7500

      rise_transition ( del_2_5_5_w ) :
         VALUES :    0.0000  0.0000  0.0000  0.0000  0.0000  0.0000
                     0.0000  0.0000  0.0000  0.0000  0.0000  0.0000
                     0.0000  0.0000  0.0000  0.0000  0.0000  0.0000
                     0.0000  0.0000  0.0000  0.0000  0.0000  0.0000
                     0.0000

      fall_transition ( del_2_5_5_w ) :
         VALUES :    0.0000  0.0000  0.0000  0.0000  0.0000  0.0000
                     0.0000  0.0000  0.0000  0.0000  0.0000  0.0000
                     0.0000  0.0000  0.0000  0.0000  0.0000  0.0000
                     0.0000  0.0000  0.0000  0.0000  0.0000  0.0000
                     0.0000

    DELAY: I, PAD, prop, pos_unate, '', ( ,  ), ( ,  ), ( ,  );
      cell_rise ( del_2_5_5_w ) :
         VALUES :    2.8900  3.0500  3.8600  7.7700 12.5700  2.9600
                     3.1200  3.9300  7.8400 12.6400  3.1000  3.2600
                     4.0700  7.9800 12.7700  3.3500  3.5100  4.3200
                     8.2400 13.0400  4.2100  4.3600  5.1700  9.0900
                    13.8900

      cell_fall ( del_2_5_5_w ) :
         VALUES :    2.8200  2.9400  3.5400  6.4800 10.1300  2.8800
                     2.9900  3.6100  6.5500 10.1900  2.9800  3.1000
                     3.7100  6.6500 10.3000  3.1400  3.2600  3.8800
                     6.8200 10.4600  3.6600  3.7700  4.3800  7.3200
                    10.9600

      rise_transition ( del_2_5_5_w ) :
         VALUES :    2.4200  2.7800  4.6100 12.4500 21.8200  2.4200
                     2.7800  4.6100 12.4500 21.8200  2.4200  2.7800
                     4.6100 12.4500 21.8200  2.4200  2.7800  4.6100
                    12.4500 21.8200  2.4200  2.7800  4.6100 12.4500
                    21.8200

      fall_transition ( del_2_5_5_w ) :
         VALUES :    1.5800  1.8200  3.1400  9.6500 17.7200  1.5800
                     1.8200  3.1400  9.6500 17.7200  1.5800  1.8200
                     3.1400  9.6500 17.7200  1.5800  1.8200  3.1400
                     9.6500 17.7200  1.5800  1.8200  3.1400  9.6500
                    17.7200

    DELAY: OEN, PAD, enable, neg_unate, '', ( ,  ), ( ,  ), ( ,  );
      cell_rise ( del_2_5_5_w ) :
         VALUES :    3.9100  4.0700  4.9500  9.1800 14.3600  3.9600
                     4.1300  5.0000  9.2300 14.4200  4.0700  4.2400
                     5.1100  9.3400 14.5300  4.2300  4.4000  5.2700
                     9.5000 14.6900  4.7400  4.9100  5.7800 10.0100
                    15.2000

      cell_fall ( del_2_5_5_w ) :
         VALUES :    2.6900  2.8000  3.3700  6.1300  9.5800  2.7300
                     2.8400  3.4100  6.1800  9.6200  2.8200  2.9300
                     3.4900  6.2600  9.7100  2.9400  3.0400  3.6200
                     6.3900  9.8300  3.3400  3.4500  4.0200  6.7900
                    10.2200

      rise_transition ( del_2_5_5_w ) :
         VALUES :    2.3200  2.6700  4.4300 11.9500 20.9300  2.3200
                     2.6700  4.4300 11.9500 20.9300  2.3200  2.6700
                     4.4300 11.9500 20.9300  2.3200  2.6700  4.4300
                    11.9500 20.9300  2.3200  2.6700  4.4300 11.9500
                    20.9300

      fall_transition ( del_2_5_5_w ) :
         VALUES :    1.5800  1.8300  3.1700  9.7900 18.0500  1.5800
                     1.8300  3.1700  9.7900 18.0500  1.5800  1.8300
                     3.1700  9.8000 18.0500  1.5800  1.8300  3.1700
                     9.7900 18.0500  1.5800  1.8300  3.1700  9.7900
                    18.0500

  END_PIN PAD;
END_CELL pc3b01d;

CELL(pc3b01u): 2359.821533;

  PIN(OEN): in, 0.078, 7, , , ;
  END_PIN OEN;

  PIN(I): in, 0.083, 8, , , ;
  END_PIN I;

  PIN(CIN): out, 0, 80, 3, 0.8, , ;
    DELAY: PAD, CIN, prop, pos_unate, '', ( ,  ), ( ,  ), ( ,  );
      cell_rise ( del_0_5_5_w ) :
         VALUES :    1.0200  1.0400  1.1100  1.4600  1.8700  1.0000
                     1.0100  1.0900  1.4300  1.8400  1.0000  1.0200
                     1.0900  1.4400  1.8400  1.0000  1.0200  1.1000
                     1.4400  1.8500  0.9800  1.0000  1.0800  1.4300
                     1.8400

      cell_fall ( del_0_5_5_w ) :
         VALUES :    0.8600  0.8800  0.9700  1.2400  1.4900  1.0600
                     1.0700  1.1600  1.4300  1.6800  1.4000  1.4100
                     1.5000  1.7900  2.0300  1.9200  1.9400  2.0300
                     2.3400  2.5900  3.2000  3.2300  3.3500  3.7100
                     4.0000

      rise_transition ( del_0_5_5_w ) :
         VALUES :    0.2500  0.2700  0.3900  1.0100  1.8200  0.2500
                     0.2700  0.3900  1.0100  1.8200  0.2600  0.2800
                     0.3900  1.0100  1.8100  0.2600  0.2800  0.3900
                     1.0100  1.8100  0.2800  0.3100  0.4200  1.0300
                     1.8400

      fall_transition ( del_0_5_5_w ) :
         VALUES :    0.2900  0.3100  0.4000  0.7400  1.1200  0.2900
                     0.3100  0.4000  0.7400  1.1200  0.3000  0.3200
                     0.4100  0.7400  1.1200  0.3500  0.3700  0.4500
                     0.7700  1.1400  0.4500  0.4700  0.5700  0.9200
                     1.2600

  END_PIN CIN;

  PIN(PAD): inout, 7.159, , 8000, 10, 80, , , , ;
    DELAY: OEN, PAD, disable, pos_unate, '', ( ,  ), ( ,  ), ( ,  );
      cell_rise ( del_3_5_5_w ) :
         VALUES :    1.7000  1.7000  1.7000  1.7000  1.7000  1.7700
                     1.7700  1.7700  1.7700  1.7700  1.9100  1.9100
                     1.9100  1.9100  1.9200  2.1600  2.1600  2.1600
                     2.1600  2.1600  2.9800  2.9800  2.9800  2.9800
                     2.9800

      cell_fall ( del_3_5_5_w ) :
         VALUES :    2.3300  2.3300  2.3300  2.3300  2.3300  2.4000
                     2.4000  2.4000  2.4000  2.4000  2.5300  2.5300
                     2.5300  2.5300  2.5300  2.7700  2.7700  2.7700
                     2.7700  2.7700  3.5900  3.5900  3.5900  3.5900
                     3.5900

      rise_transition ( del_3_5_5_w ) :
         VALUES :    0.0000  0.0000  0.0000  0.0000  0.0000  0.0000
                     0.0000  0.0000  0.0000  0.0000  0.0000  0.0000
                     0.0000  0.0000  0.0000  0.0000  0.0000  0.0000
                     0.0000  0.0000  0.0000  0.0000  0.0000  0.0000
                     0.0000

      fall_transition ( del_3_5_5_w ) :
         VALUES :    0.0000  0.0000  0.0000  0.0000  0.0000  0.0000
                     0.0000  0.0000  0.0000  0.0000  0.0000  0.0000
                     0.0000  0.0000  0.0000  0.0000  0.0000  0.0000
                     0.0000  0.0000  0.0000  0.0000  0.0000  0.0000
                     0.0000

    DELAY: I, PAD, prop, pos_unate, '', ( ,  ), ( ,  ), ( ,  );
      cell_rise ( del_3_5_5_w ) :
         VALUES :    3.0700  3.2400  4.1000  8.2500 13.3200  3.1600
                     3.3200  4.1800  8.3200 13.4000  3.3200  3.4800
                     4.3400  8.4800 13.5500  3.6000  3.7700  4.6300
                     8.7700 13.8400  4.5600  4.7300  5.5900  9.7300
                    14.8100

      cell_fall ( del_3_5_5_w ) :
         VALUES :    2.7400  2.8500  3.4500  6.3100  9.8600  2.7800
                     2.9000  3.4900  6.3700  9.9200  2.8800  3.0000
                     3.5900  6.4600 10.0200  3.0300  3.1500  3.7400
                     6.6000 10.1600  3.5000  3.6100  4.2000  7.0700
                    10.6200

      rise_transition ( del_3_5_5_w ) :
         VALUES :    2.4200  2.7900  4.6200 12.4900 21.8800  2.4200
                     2.7900  4.6200 12.4900 21.8800  2.4200  2.7900
                     4.6200 12.4900 21.8800  2.4200  2.7900  4.6200
                    12.4900 21.8800  2.4200  2.7900  4.6200 12.4900
                    21.8800

      fall_transition ( del_3_5_5_w ) :
         VALUES :    1.6500  1.9000  3.2700 10.0500 18.4400  1.6500
                     1.9000  3.2700 10.0500 18.4400  1.6500  1.9000
                     3.2700 10.0500 18.4400  1.6500  1.9000  3.2700
                    10.0500 18.4400  1.6500  1.9000  3.2700 10.0500
                    18.4400

    DELAY: OEN, PAD, enable, neg_unate, '', ( ,  ), ( ,  ), ( ,  );
      cell_rise ( del_3_5_5_w ) :
         VALUES :    3.7300  3.8900  4.7200  8.7400 13.6800  3.7800
                     3.9300  4.7600  8.7900 13.7300  3.8600  4.0300
                     4.8600  8.8800 13.8300  4.0100  4.1700  5.0000
                     9.0300 13.9600  4.4600  4.6100  5.4400  9.4700
                    14.4100

      cell_fall ( del_3_5_5_w ) :
         VALUES :    2.7900  2.9200  3.5000  6.3900  9.9700  2.8500
                     2.9600  3.5600  6.4400 10.0200  2.9500  3.0600
                     3.6600  6.5300 10.1200  3.0900  3.2000  3.7900
                     6.6800 10.2600  3.5300  3.6500  4.2500  7.1300
                    10.7100

      rise_transition ( del_3_5_5_w ) :
         VALUES :    2.2800  2.6300  4.3600 11.7900 20.6600  2.2800
                     2.6200  4.3600 11.7900 20.6600  2.2800  2.6200
                     4.3600 11.7900 20.6600  2.2800  2.6200  4.3600
                    11.7900 20.6600  2.2700  2.6200  4.3600 11.7900
                    20.6600

      fall_transition ( del_3_5_5_w ) :
         VALUES :    1.6700  1.9300  3.3400 10.2800 18.9300  1.6700
                     1.9300  3.3400 10.2800 18.9300  1.6700  1.9300
                     3.3500 10.2900 18.9400  1.6700  1.9300  3.3400
                    10.2800 18.9300  1.6700  1.9300  3.3500 10.2900
                    18.9300

  END_PIN PAD;
END_CELL pc3b01u;

CELL(pc3b02): 2359.821533;

  PIN(OEN): in, 0.076, 7, , , ;
  END_PIN OEN;

  PIN(I): in, 0.081, 8, , , ;
  END_PIN I;

  PIN(CIN): out, 0, 80, 3, 0.8, , ;
    DELAY: PAD, CIN, prop, pos_unate, '', ( ,  ), ( ,  ), ( ,  );
      cell_rise ( del_0_5_5_w ) :
         VALUES :    1.0200  1.0400  1.1200  1.4700  1.8700  1.0000
                     1.0100  1.1000  1.4400  1.8500  1.0100  1.0300
                     1.1000  1.4500  1.8600  1.0100  1.0300  1.1100
                     1.4600  1.8600  1.0000  1.0200  1.1000  1.4600
                     1.8700

      cell_fall ( del_0_5_5_w ) :
         VALUES :    0.8000  0.8200  0.9000  1.1600  1.3900  0.9700
                     0.9800  1.0600  1.3200  1.5500  1.2500  1.2600
                     1.3400  1.6000  1.8400  1.6700  1.6900  1.7800
                     2.0700  2.3000  2.7000  2.7200  2.8300  3.1700
                     3.4400

      rise_transition ( del_0_5_5_w ) :
         VALUES :    0.2600  0.2800  0.4000  1.0400  1.8900  0.2600
                     0.2800  0.4000  1.0400  1.8900  0.2700  0.2900
                     0.4000  1.0400  1.8800  0.2700  0.2900  0.4000
                     1.0400  1.8800  0.2900  0.3200  0.4400  1.0700
                     1.9000

      fall_transition ( del_0_5_5_w ) :
         VALUES :    0.2900  0.3100  0.4000  0.7400  1.1200  0.2900
                     0.3100  0.4000  0.7400  1.1200  0.3000  0.3200
                     0.4100  0.7400  1.1200  0.3500  0.3700  0.4600
                     0.7800  1.1400  0.4500  0.4700  0.5700  0.9200
                     1.2700

  END_PIN CIN;

  PIN(PAD): inout, 7.547, , 8000, 10, 80, , , , ;
    DELAY: OEN, PAD, disable, pos_unate, '', ( ,  ), ( ,  ), ( ,  );
      cell_rise ( del_4_5_5_w ) :
         VALUES :    1.8500  1.8500  1.8400  1.8500  1.8500  1.9100
                     1.9100  1.9100  1.9100  1.9100  2.0600  2.0600
                     2.0600  2.0600  2.0600  2.3000  2.3000  2.3000
                     2.3000  2.3000  3.1200  3.1200  3.1200  3.1200
                     3.1200

      cell_fall ( del_4_5_5_w ) :
         VALUES :    2.9600  2.9600  2.9600  2.9600  2.9600  3.0400
                     3.0400  3.0400  3.0400  3.0400  3.2000  3.2000
                     3.2000  3.2000  3.2000  3.4800  3.4800  3.4800
                     3.4800  3.4800  4.4200  4.4200  4.4200  4.4200
                     4.4200

      rise_transition ( del_4_5_5_w ) :
         VALUES :    0.0000  0.0000  0.0000  0.0000  0.0000  0.0000
                     0.0000  0.0000  0.0000  0.0000  0.0000  0.0000
                     0.0000  0.0000  0.0000  0.0000  0.0000  0.0000
                     0.0000  0.0000  0.0000  0.0000  0.0000  0.0000
                     0.0000

      fall_transition ( del_4_5_5_w ) :
         VALUES :    0.0000  0.0000  0.0000  0.0000  0.0000  0.0000
                     0.0000  0.0000  0.0000  0.0000  0.0000  0.0000
                     0.0000  0.0000  0.0000  0.0000  0.0000  0.0000
                     0.0000  0.0000  0.0000  0.0000  0.0000  0.0000
                     0.0000

    DELAY: I, PAD, prop, pos_unate, '', ( ,  ), ( ,  ), ( ,  );
      cell_rise ( del_4_5_5_w ) :
         VALUES :    2.7800  2.8800  3.3400  5.4300  7.9800  2.8500
                     2.9400  3.4100  5.5000  8.0500  2.9900  3.0900
                     3.5500  5.6400  8.1900  3.2400  3.3300  3.7900
                     5.8900  8.4400  4.0800  4.1700  4.6300  6.7200
                     9.2800

      cell_fall ( del_4_5_5_w ) :
         VALUES :    2.7600  2.8200  3.1600  4.7500  6.6900  2.8000
                     2.8800  3.2100  4.8000  6.7500  2.9100  2.9700
                     3.3000  4.9000  6.8500  3.0600  3.1200  3.4500
                     5.0500  7.0000  3.5200  3.6000  3.9300  5.5200
                     7.4700

      rise_transition ( del_4_5_5_w ) :
         VALUES :    1.4100  1.6000  2.5700  6.8800 11.6700  1.4100
                     1.6000  2.5700  6.8800 11.6700  1.4100  1.6000
                     2.5700  6.8800 11.6700  1.4100  1.6000  2.5700
                     6.8800 11.6700  1.4100  1.6000  2.5700  6.8800
                    11.6700

      fall_transition ( del_4_5_5_w ) :
         VALUES :    1.0300  1.1500  1.8300  5.3500  9.7800  1.0300
                     1.1500  1.8300  5.3500  9.7800  1.0300  1.1500
                     1.8300  5.3500  9.7800  1.0300  1.1500  1.8300
                     5.3500  9.7800  1.0300  1.1500  1.8300  5.3500
                     9.7800

    DELAY: OEN, PAD, enable, neg_unate, '', ( ,  ), ( ,  ), ( ,  );
      cell_rise ( del_4_5_5_w ) :
         VALUES :    3.6100  3.7100  4.2000  6.4600  9.2200  3.6700
                     3.7600  4.2500  6.5200  9.2800  3.7700  3.8700
                     4.3600  6.6300  9.3900  3.9300  4.0300  4.5200
                     6.7900  9.5500  4.4200  4.5200  5.0200  7.2800
                    10.0400

      cell_fall ( del_4_5_5_w ) :
         VALUES :    2.6100  2.6700  3.0100  4.6200  6.5900  2.6500
                     2.7200  3.0500  4.6600  6.6300  2.7400  2.8100
                     3.1400  4.7500  6.7200  2.8700  2.9400  3.2800
                     4.8800  6.8500  3.3100  3.3700  3.7100  5.3200
                     7.2900

      rise_transition ( del_4_5_5_w ) :
         VALUES :    1.3900  1.5800  2.5400  6.7800 11.4800  1.3900
                     1.5800  2.5400  6.7800 11.4800  1.3900  1.5800
                     2.5400  6.7800 11.4800  1.3900  1.5800  2.5400
                     6.7800 11.4800  1.3900  1.5800  2.5400  6.7800
                    11.4800

      fall_transition ( del_4_5_5_w ) :
         VALUES :    1.0600  1.2000  1.9700  5.8100 10.6400  1.0600
                     1.2000  1.9600  5.8100 10.6400  1.0600  1.2000
                     1.9600  5.8100 10.6400  1.0600  1.2000  1.9700
                     5.8100 10.6400  1.0600  1.2000  1.9700  5.8100
                    10.6400

  END_PIN PAD;
END_CELL pc3b02;

CELL(pc3b02d): 2359.821533;

  PIN(OEN): in, 0.076, 7, , , ;
  END_PIN OEN;

  PIN(I): in, 0.082, 8, , , ;
  END_PIN I;

  PIN(CIN): out, 0, 80, 3, 0.8, , ;
    DELAY: PAD, CIN, prop, pos_unate, '', ( ,  ), ( ,  ), ( ,  );
      cell_rise ( del_0_5_5_w ) :
         VALUES :    0.9900  1.0100  1.0800  1.4200  1.8100  0.9600
                     0.9700  1.0500  1.3800  1.7800  0.9400  0.9600
                     1.0300  1.3700  1.7600  0.9200  0.9400  1.0100
                     1.3500  1.7400  0.8100  0.8300  0.9100  1.2500
                     1.6500

      cell_fall ( del_0_5_5_w ) :
         VALUES :    0.8700  0.8900  0.9700  1.2500  1.5000  1.0700
                     1.0800  1.1700  1.4500  1.6900  1.4200  1.4300
                     1.5200  1.8000  2.0500  1.9500  1.9700  2.0600
                     2.3700  2.6200  3.2600  3.2800  3.4100  3.7700
                     4.0600

      rise_transition ( del_0_5_5_w ) :
         VALUES :    0.2500  0.2700  0.3900  1.0100  1.8300  0.2500
                     0.2700  0.3900  1.0100  1.8300  0.2600  0.2800
                     0.3900  1.0100  1.8200  0.2600  0.2800  0.3900
                     1.0100  1.8200  0.2800  0.3100  0.4200  1.0300
                     1.8400

      fall_transition ( del_0_5_5_w ) :
         VALUES :    0.3000  0.3200  0.4200  0.7800  1.1800  0.3000
                     0.3200  0.4200  0.7800  1.1800  0.3100  0.3300
                     0.4300  0.7800  1.1800  0.3700  0.3900  0.4700
                     0.8200  1.2000  0.4700  0.4900  0.6000  0.9700
                     1.3300

  END_PIN CIN;

  PIN(PAD): inout, 6.982, , 8000, 10, 80, , , , ;
    DELAY: OEN, PAD, disable, pos_unate, '', ( ,  ), ( ,  ), ( ,  );
      cell_rise ( del_5_5_5_w ) :
         VALUES :    1.9200  1.9200  1.9200  1.9200  1.9200  1.9900
                     1.9900  1.9900  1.9900  1.9900  2.1500  2.1500
                     2.1500  2.1500  2.1500  2.4100  2.4100  2.4100
                     2.4100  2.4100  3.2900  3.2900  3.2900  3.2900
                     3.2900

      cell_fall ( del_5_5_5_w ) :
         VALUES :    2.9500  2.9500  2.9500  2.9500  2.9500  3.0300
                     3.0300  3.0300  3.0300  3.0300  3.1900  3.1900
                     3.1900  3.1900  3.1900  3.4600  3.4600  3.4600
                     3.4600  3.4600  4.4100  4.4100  4.4100  4.4100
                     4.4100

      rise_transition ( del_5_5_5_w ) :
         VALUES :    0.0000  0.0000  0.0000  0.0000  0.0000  0.0000
                     0.0000  0.0000  0.0000  0.0000  0.0000  0.0000
                     0.0000  0.0000  0.0000  0.0000  0.0000  0.0000
                     0.0000  0.0000  0.0000  0.0000  0.0000  0.0000
                     0.0000

      fall_transition ( del_5_5_5_w ) :
         VALUES :    0.0000  0.0000  0.0000  0.0000  0.0000  0.0000
                     0.0000  0.0000  0.0000  0.0000  0.0000  0.0000
                     0.0000  0.0000  0.0000  0.0000  0.0000  0.0000
                     0.0000  0.0000  0.0000  0.0000  0.0000  0.0000
                     0.0000

    DELAY: I, PAD, prop, pos_unate, '', ( ,  ), ( ,  ), ( ,  );
      cell_rise ( del_5_5_5_w ) :
         VALUES :    2.8200  2.9200  3.3800  5.5000  8.0800  2.9000
                     2.9900  3.4500  5.5700  8.1500  3.0400  3.1300
                     3.5900  5.7100  8.2900  3.2800  3.3700  3.8500
                     5.9700  8.5500  4.1400  4.2400  4.7000  6.8200
                     9.4000

      cell_fall ( del_5_5_5_w ) :
         VALUES :    2.7800  2.8600  3.2000  4.8000  6.7700  2.8400
                     2.9100  3.2500  4.8500  6.8200  2.9500  3.0100
                     3.3500  4.9600  6.9200  3.1000  3.1700  3.5100
                     5.1100  7.0800  3.5900  3.6600  4.0000  5.6100
                     7.5700

      rise_transition ( del_5_5_5_w ) :
         VALUES :    1.4000  1.5900  2.5400  6.7800 11.5100  1.4000
                     1.5900  2.5400  6.7800 11.5100  1.4000  1.5900
                     2.5400  6.7800 11.5100  1.4000  1.5900  2.5400
                     6.7800 11.5100  1.4000  1.5900  2.5400  6.7800
                    11.5100

      fall_transition ( del_5_5_5_w ) :
         VALUES :    1.0200  1.1500  1.8200  5.3200  9.7300  1.0200
                     1.1500  1.8200  5.3200  9.7300  1.0200  1.1500
                     1.8200  5.3200  9.7300  1.0200  1.1500  1.8200
                     5.3200  9.7300  1.0200  1.1500  1.8200  5.3200
                     9.7300

    DELAY: OEN, PAD, enable, neg_unate, '', ( ,  ), ( ,  ), ( ,  );
      cell_rise ( del_5_5_5_w ) :
         VALUES :    3.3900  3.4800  3.9400  6.0700  8.6700  3.4300
                     3.5200  3.9900  6.1200  8.7100  3.5200  3.6100
                     4.0900  6.2000  8.8000  3.6600  3.7500  4.2200
                     6.3300  8.9300  4.0700  4.1700  4.6300  6.7600
                     9.3500

      cell_fall ( del_5_5_5_w ) :
         VALUES :    2.5700  2.6400  2.9700  4.5600  6.5000  2.6200
                     2.6800  3.0200  4.6000  6.5500  2.7000  2.7700
                     3.1000  4.6900  6.6300  2.8300  2.8900  3.2300
                     4.8100  6.7600  3.2400  3.3000  3.6400  5.2200
                     7.1700

      rise_transition ( del_5_5_5_w ) :
         VALUES :    1.5200  1.7200  2.7600  7.3600 12.4700  1.5200
                     1.7200  2.7600  7.3600 12.4700  1.5200  1.7200
                     2.7600  7.3600 12.4700  1.5200  1.7200  2.7600
                     7.3600 12.4700  1.5200  1.7200  2.7600  7.3600
                    12.4700

      fall_transition ( del_5_5_5_w ) :
         VALUES :    0.9900  1.1300  1.8500  5.4700 10.0300  0.9900
                     1.1300  1.8500  5.4700 10.0300  0.9900  1.1300
                     1.8500  5.4700 10.0300  0.9900  1.1300  1.8500
                     5.4700 10.0300  0.9900  1.1200  1.8400  5.4700
                    10.0300

  END_PIN PAD;
END_CELL pc3b02d;

CELL(pc3b02u): 2359.821533;

  PIN(OEN): in, 0.077, 7, , , ;
  END_PIN OEN;

  PIN(I): in, 0.079, 7, , , ;
  END_PIN I;

  PIN(CIN): out, 0, 80, 3, 0.8, , ;
    DELAY: PAD, CIN, prop, pos_unate, '', ( ,  ), ( ,  ), ( ,  );
      cell_rise ( del_0_5_5_w ) :
         VALUES :    1.0300  1.0500  1.1200  1.4700  1.8800  1.0100
                     1.0200  1.1000  1.4400  1.8600  1.0100  1.0300
                     1.1100  1.4600  1.8600  1.0200  1.0400  1.1200
                     1.4700  1.8700  1.0100  1.0300  1.1200  1.4700
                     1.8900

      cell_fall ( del_0_5_5_w ) :
         VALUES :    0.8500  0.8700  0.9500  1.2200  1.4600  1.0400
                     1.0500  1.1300  1.4000  1.6400  1.3700  1.3800
                     1.4600  1.7400  1.9800  1.8600  1.8800  1.9700
                     2.2700  2.5100  3.0800  3.1000  3.2200  3.5800
                     3.8600

      rise_transition ( del_0_5_5_w ) :
         VALUES :    0.2500  0.2700  0.3900  1.0200  1.8400  0.2500
                     0.2700  0.3900  1.0200  1.8400  0.2600  0.2800
                     0.3900  1.0200  1.8300  0.2600  0.2800  0.3900
                     1.0200  1.8300  0.2800  0.3100  0.4300  1.0400
                     1.8500

      fall_transition ( del_0_5_5_w ) :
         VALUES :    0.2800  0.3000  0.3900  0.7300  1.1000  0.2800
                     0.3000  0.3900  0.7300  1.1000  0.2900  0.3100
                     0.4000  0.7300  1.1000  0.3400  0.3600  0.4400
                     0.7600  1.1200  0.4400  0.4600  0.5600  0.9000
                     1.2400

  END_PIN CIN;

  PIN(PAD): inout, 7.079, , 8000, 10, 80, , , , ;
    DELAY: OEN, PAD, disable, pos_unate, '', ( ,  ), ( ,  ), ( ,  );
      cell_rise ( del_6_5_5_w ) :
         VALUES :    1.9600  1.9600  1.9600  1.9600  1.9600  2.0500
                     2.0500  2.0500  2.0500  2.0500  2.2100  2.2100
                     2.2100  2.2100  2.2100  2.4900  2.4900  2.4900
                     2.4900  2.4900  3.4100  3.4100  3.4100  3.4100
                     3.4100

      cell_fall ( del_6_5_5_w ) :
         VALUES :    2.7600  2.7600  2.7600  2.7600  2.7600  2.8200
                     2.8200  2.8200  2.8200  2.8300  2.9700  2.9700
                     2.9700  2.9700  2.9700  3.2100  3.2100  3.2100
                     3.2100  3.2100  4.0300  4.0300  4.0300  4.0300
                     4.0300

      rise_transition ( del_6_5_5_w ) :
         VALUES :    0.0000  0.0000  0.0000  0.0000  0.0000  0.0000
                     0.0000  0.0000  0.0000  0.0000  0.0000  0.0000
                     0.0000  0.0000  0.0000  0.0000  0.0000  0.0000
                     0.0000  0.0000  0.0000  0.0000  0.0000  0.0000
                     0.0000

      fall_transition ( del_6_5_5_w ) :
         VALUES :    0.0000  0.0000  0.0000  0.0000  0.0000  0.0000
                     0.0000  0.0000  0.0000  0.0000  0.0000  0.0000
                     0.0000  0.0000  0.0000  0.0000  0.0000  0.0000
                     0.0000  0.0000  0.0000  0.0000  0.0000  0.0000
                     0.0000

    DELAY: I, PAD, prop, pos_unate, '', ( ,  ), ( ,  ), ( ,  );
      cell_rise ( del_6_5_5_w ) :
         VALUES :    2.9400  3.0400  3.5200  5.7300  8.4100  3.0200
                     3.1200  3.6000  5.8100  8.4900  3.1800  3.2700
                     3.7600  5.9600  8.6500  3.4600  3.5500  4.0400
                     6.2400  8.9300  4.3800  4.4800  4.9600  7.1700
                     9.8600

      cell_fall ( del_6_5_5_w ) :
         VALUES :    2.6200  2.6800  3.0000  4.5200  6.3700  2.6600
                     2.7300  3.0500  4.5700  6.4100  2.7500  2.8200
                     3.1400  4.6500  6.5000  2.8800  2.9400  3.2700
                     4.7800  6.6300  3.3000  3.3600  3.6800  5.1900
                     7.0500

      rise_transition ( del_6_5_5_w ) :
         VALUES :    1.5000  1.7000  2.7300  7.3000 12.3900  1.5000
                     1.7000  2.7300  7.3000 12.3900  1.5000  1.7000
                     2.7300  7.3000 12.3900  1.5000  1.7000  2.7300
                     7.3000 12.3900  1.5000  1.7000  2.7300  7.3000
                    12.3900

      fall_transition ( del_6_5_5_w ) :
         VALUES :    1.0200  1.1400  1.8300  5.3400  9.7700  1.0200
                     1.1400  1.8300  5.3400  9.7700  1.0200  1.1400
                     1.8300  5.3400  9.7700  1.0200  1.1400  1.8300
                     5.3400  9.7700  1.0200  1.1400  1.8300  5.3400
                     9.7700

    DELAY: OEN, PAD, enable, neg_unate, '', ( ,  ), ( ,  ), ( ,  );
      cell_rise ( del_6_5_5_w ) :
         VALUES :    3.3900  3.4900  3.9500  6.0800  8.6700  3.4400
                     3.5300  3.9900  6.1200  8.7200  3.5200  3.6200
                     4.0900  6.2100  8.8200  3.6600  3.7500  4.2200
                     6.3500  8.9400  4.0800  4.1700  4.6300  6.7700
                     9.3600

      cell_fall ( del_6_5_5_w ) :
         VALUES :    2.7300  2.8100  3.1600  4.8400  6.9100  2.7900
                     2.8500  3.2100  4.9000  6.9600  2.8800  2.9600
                     3.3100  5.0000  7.0700  3.0400  3.1100  3.4600
                     5.1400  7.2200  3.5300  3.5900  3.9500  5.6300
                     7.7000

      rise_transition ( del_6_5_5_w ) :
         VALUES :    1.4000  1.5900  2.5300  6.7700 11.4900  1.4000
                     1.5900  2.5300  6.7700 11.4900  1.4000  1.5900
                     2.5300  6.7700 11.4900  1.4000  1.5800  2.5300
                     6.7700 11.4900  1.3900  1.5800  2.5300  6.7700
                    11.4900

      fall_transition ( del_6_5_5_w ) :
         VALUES :    1.0200  1.1700  1.9000  5.6300 10.3100  1.0200
                     1.1700  1.9000  5.6300 10.3100  1.0200  1.1700
                     1.9000  5.6300 10.3100  1.0200  1.1700  1.9000
                     5.6300 10.3100  1.0200  1.1700  1.9000  5.6300
                    10.3100

  END_PIN PAD;
END_CELL pc3b02u;

CELL(pc3b03): 2359.821533;

  PIN(OEN): in, 0.077, 7, , , ;
  END_PIN OEN;

  PIN(I): in, 0.083, 8, , , ;
  END_PIN I;

  PIN(CIN): out, 0, 80, 3, 0.8, , ;
    DELAY: PAD, CIN, prop, pos_unate, '', ( ,  ), ( ,  ), ( ,  );
      cell_rise ( del_0_5_5_w ) :
         VALUES :    0.9600  0.9800  1.0500  1.3800  1.7600  0.9200
                     0.9300  1.0100  1.3300  1.7200  0.8900  0.9100
                     0.9800  1.3100  1.6900  0.8400  0.8600  0.9300
                     1.2600  1.6400  0.6600  0.6800  0.7600  1.0800
                     1.4700

      cell_fall ( del_0_5_5_w ) :
         VALUES :    0.8800  0.9000  0.9900  1.2700  1.5200  1.0900
                     1.1000  1.1900  1.4700  1.7200  1.4500  1.4600
                     1.5500  1.8300  2.0900  1.9900  2.0100  2.1100
                     2.4200  2.6700  3.3600  3.3800  3.5100  3.8800
                     4.1700

      rise_transition ( del_0_5_5_w ) :
         VALUES :    0.2400  0.2600  0.3900  1.0000  1.8000  0.2400
                     0.2600  0.3900  1.0000  1.8000  0.2500  0.2700
                     0.3900  1.0000  1.7900  0.2500  0.2700  0.3900
                     1.0000  1.7900  0.2700  0.3100  0.4200  1.0200
                     1.8100

      fall_transition ( del_0_5_5_w ) :
         VALUES :    0.3000  0.3200  0.4200  0.7800  1.1700  0.3000
                     0.3200  0.4200  0.7800  1.1700  0.3100  0.3300
                     0.4300  0.7800  1.1700  0.3600  0.3800  0.4800
                     0.8100  1.2000  0.4700  0.4900  0.6000  0.9600
                     1.3200

  END_PIN CIN;

  PIN(PAD): inout, 7.582, , 8000, 10, 80, , , , ;
    DELAY: OEN, PAD, disable, pos_unate, '', ( ,  ), ( ,  ), ( ,  );
      cell_rise ( del_7_5_5_w ) :
         VALUES :    2.3600  2.3600  2.3600  2.3600  2.3600  2.4500
                     2.4500  2.4500  2.4500  2.4500  2.6100  2.6100
                     2.6100  2.6100  2.6100  2.8900  2.8900  2.8900
                     2.8900  2.8900  3.8300  3.8300  3.8300  3.8300
                     3.8300

      cell_fall ( del_7_5_5_w ) :
         VALUES :    3.6000  3.6000  3.6000  3.6000  3.6000  3.6900
                     3.6900  3.6900  3.6900  3.6900  3.8500  3.8500
                     3.8500  3.8600  3.8600  4.1400  4.1400  4.1400
                     4.1400  4.1400  5.0900  5.0900  5.0900  5.0900
                     5.0900

      rise_transition ( del_7_5_5_w ) :
         VALUES :    0.0000  0.0000  0.0000  0.0000  0.0000  0.0000
                     0.0000  0.0000  0.0000  0.0000  0.0000  0.0000
                     0.0000  0.0000  0.0000  0.0000  0.0000  0.0000
                     0.0000  0.0000  0.0000  0.0000  0.0000  0.0000
                     0.0000

      fall_transition ( del_7_5_5_w ) :
         VALUES :    0.0000  0.0000  0.0000  0.0000  0.0000  0.0000
                     0.0000  0.0000  0.0000  0.0000  0.0000  0.0000
                     0.0000  0.0000  0.0000  0.0000  0.0000  0.0000
                     0.0000  0.0000  0.0000  0.0000  0.0000  0.0000
                     0.0000

    DELAY: I, PAD, prop, pos_unate, '', ( ,  ), ( ,  ), ( ,  );
      cell_rise ( del_7_5_5_w ) :
         VALUES :    2.8900  2.9800  3.3500  5.0800  7.1600  2.9700
                     3.0400  3.4300  5.1600  7.2300  3.1200  3.2100
                     3.5900  5.3100  7.3900  3.4000  3.4800  3.8600
                     5.5900  7.6600  4.3200  4.4000  4.7900  6.5000
                     8.5800

      cell_fall ( del_7_5_5_w ) :
         VALUES :    2.5800  2.6300  2.8700  4.0100  5.4300  2.6200
                     2.6700  2.9100  4.0600  5.4700  2.7100  2.7600
                     3.0000  4.1500  5.5600  2.8400  2.8900  3.1300
                     4.2900  5.6900  3.2600  3.3000  3.5500  4.7000
                     6.1000

      rise_transition ( del_7_5_5_w ) :
         VALUES :    1.2400  1.4000  2.2100  5.8400  9.6900  1.2400
                     1.4000  2.2100  5.8400  9.6900  1.2400  1.4000
                     2.2100  5.8400  9.6900  1.2400  1.4000  2.2100
                     5.8400  9.6900  1.2400  1.4000  2.2100  5.8400
                     9.6900

      fall_transition ( del_7_5_5_w ) :
         VALUES :    0.8300  0.9200  1.4400  4.0600  7.3700  0.8300
                     0.9200  1.4400  4.0600  7.3700  0.8300  0.9200
                     1.4400  4.0600  7.3700  0.8300  0.9200  1.4400
                     4.0600  7.3700  0.8300  0.9200  1.4400  4.0600
                     7.3700

    DELAY: OEN, PAD, enable, neg_unate, '', ( ,  ), ( ,  ), ( ,  );
      cell_rise ( del_7_5_5_w ) :
         VALUES :    3.4500  3.5300  3.9300  5.6900  7.8300  3.5200
                     3.5900  3.9800  5.7400  7.8800  3.6100  3.7000
                     4.0900  5.8500  7.9900  3.7800  3.8600  4.2500
                     6.0200  8.1500  4.3000  4.3700  4.7700  6.5400
                     8.6600

      cell_fall ( del_7_5_5_w ) :
         VALUES :    2.4500  2.5000  2.7500  3.9300  5.4000  2.4900
                     2.5400  2.7800  3.9700  5.4400  2.5700  2.6200
                     2.8700  4.0600  5.5300  2.7000  2.7500  3.0000
                     4.1900  5.6600  3.1100  3.1600  3.4000  4.6000
                     6.0600

      rise_transition ( del_7_5_5_w ) :
         VALUES :    1.1700  1.3300  2.1000  5.5500  9.2300  1.1700
                     1.3300  2.1000  5.5400  9.2200  1.1700  1.3300
                     2.1000  5.5500  9.2300  1.1700  1.3300  2.1000
                     5.5500  9.2300  1.1700  1.3300  2.1000  5.5500
                     9.2300

      fall_transition ( del_7_5_5_w ) :
         VALUES :    0.8400  0.9600  1.5500  4.5600  8.3000  0.8400
                     0.9600  1.5500  4.5600  8.3000  0.8400  0.9600
                     1.5500  4.5600  8.3000  0.8400  0.9600  1.5500
                     4.5600  8.3000  0.8400  0.9600  1.5500  4.5600
                     8.3000

  END_PIN PAD;
END_CELL pc3b03;

CELL(pc3b03d): 2359.821533;

  PIN(OEN): in, 0.071, 7, , , ;
  END_PIN OEN;

  PIN(I): in, 0.083, 8, , , ;
  END_PIN I;

  PIN(CIN): out, 0, 80, 3, 0.8, , ;
    DELAY: PAD, CIN, prop, pos_unate, '', ( ,  ), ( ,  ), ( ,  );
      cell_rise ( del_0_5_5_w ) :
         VALUES :    1.0100  1.0300  1.1000  1.4500  1.8500  0.9800
                     0.9900  1.0800  1.4100  1.8200  0.9800  1.0000
                     1.0700  1.4200  1.8200  0.9700  0.9900  1.0600
                     1.4100  1.8100  0.9200  0.9400  1.0200  1.3700
                     1.7800

      cell_fall ( del_0_5_5_w ) :
         VALUES :    0.8800  0.9000  0.9800  1.2600  1.5100  1.0900
                     1.1000  1.1800  1.4600  1.7100  1.4400  1.4500
                     1.5400  1.8200  2.0800  1.9800  2.0000  2.1000
                     2.4100  2.6600  3.3300  3.3500  3.4800  3.8500
                     4.1400

      rise_transition ( del_0_5_5_w ) :
         VALUES :    0.2600  0.2800  0.4100  1.0500  1.8900  0.2600
                     0.2800  0.4100  1.0500  1.8900  0.2700  0.2900
                     0.4100  1.0500  1.8800  0.2700  0.2900  0.4100
                     1.0500  1.8800  0.2900  0.3200  0.4400  1.0700
                     1.9000

      fall_transition ( del_0_5_5_w ) :
         VALUES :    0.2900  0.3100  0.4000  0.7500  1.1400  0.2900
                     0.3100  0.4000  0.7500  1.1400  0.3000  0.3200
                     0.4100  0.7500  1.1400  0.3500  0.3700  0.4600
                     0.7800  1.1600  0.4500  0.4700  0.5800  0.9300
                     1.2800

  END_PIN CIN;

  PIN(PAD): inout, 7.515, , 8000, 10, 80, , , , ;
    DELAY: OEN, PAD, disable, pos_unate, '', ( ,  ), ( ,  ), ( ,  );
      cell_rise ( del_8_5_5_w ) :
         VALUES :    2.2200  2.2200  2.2200  2.2200  2.2200  2.2900
                     2.2900  2.2900  2.2900  2.2900  2.4300  2.4300
                     2.4300  2.4300  2.4300  2.6800  2.6800  2.6800
                     2.6800  2.6800  3.5100  3.5100  3.5100  3.5100
                     3.5100

      cell_fall ( del_8_5_5_w ) :
         VALUES :    3.4500  3.4500  3.4500  3.4500  3.4500  3.5300
                     3.5300  3.5300  3.5300  3.5300  3.6800  3.6800
                     3.6800  3.6800  3.6800  3.9400  3.9400  3.9400
                     3.9400  3.9400  4.8200  4.8200  4.8200  4.8200
                     4.8200

      rise_transition ( del_8_5_5_w ) :
         VALUES :    0.0000  0.0000  0.0000  0.0000  0.0000  0.0000
                     0.0000  0.0000  0.0000  0.0000  0.0000  0.0000
                     0.0000  0.0000  0.0000  0.0000  0.0000  0.0000
                     0.0000  0.0000  0.0000  0.0000  0.0000  0.0000
                     0.0000

      fall_transition ( del_8_5_5_w ) :
         VALUES :    0.0000  0.0000  0.0000  0.0000  0.0000  0.0000
                     0.0000  0.0000  0.0000  0.0000  0.0000  0.0000
                     0.0000  0.0000  0.0000  0.0000  0.0000  0.0000
                     0.0000  0.0000  0.0000  0.0000  0.0000  0.0000
                     0.0000

    DELAY: I, PAD, prop, pos_unate, '', ( ,  ), ( ,  ), ( ,  );
      cell_rise ( del_8_5_5_w ) :
         VALUES :    2.9100  3.0000  3.3900  5.1300  7.2200  2.9900
                     3.0800  3.4700  5.2000  7.3000  3.1600  3.2300
                     3.6200  5.3600  7.4500  3.4300  3.5100  3.9000
                     5.6400  7.7300  4.3600  4.4400  4.8300  6.5700
                     8.6600

      cell_fall ( del_8_5_5_w ) :
         VALUES :    2.7800  2.8300  3.1000  4.3300  5.8500  2.8300
                     2.8900  3.1500  4.3800  5.9000  2.9400  3.0000
                     3.2600  4.4900  6.0100  3.1100  3.1600  3.4200
                     4.6600  6.1700  3.6200  3.6700  3.9300  5.1600
                     6.6900

      rise_transition ( del_8_5_5_w ) :
         VALUES :    1.2200  1.3800  2.1800  5.7400  9.5100  1.2200
                     1.3800  2.1800  5.7400  9.5100  1.2200  1.3800
                     2.1800  5.7400  9.5100  1.2200  1.3800  2.1800
                     5.7400  9.5100  1.2200  1.3800  2.1800  5.7400
                     9.5100

      fall_transition ( del_8_5_5_w ) :
         VALUES :    0.8500  0.9400  1.4600  4.1500  7.5100  0.8500
                     0.9400  1.4600  4.1500  7.5100  0.8500  0.9400
                     1.4600  4.1500  7.5100  0.8500  0.9400  1.4600
                     4.1500  7.5100  0.8500  0.9400  1.4600  4.1500
                     7.5100

    DELAY: OEN, PAD, enable, neg_unate, '', ( ,  ), ( ,  ), ( ,  );
      cell_rise ( del_8_5_5_w ) :
         VALUES :    3.4100  3.5000  3.8800  5.6200  7.7300  3.4700
                     3.5500  3.9400  5.6800  7.7800  3.5800  3.6500
                     4.0400  5.7900  7.8900  3.7300  3.8100  4.1900
                     5.9500  8.0500  4.2300  4.3000  4.7000  6.4400
                     8.5400

      cell_fall ( del_8_5_5_w ) :
         VALUES :    2.5400  2.5900  2.8500  4.0900  5.6200  2.6000
                     2.6500  2.9100  4.1500  5.6700  2.6900  2.7400
                     2.9900  4.2300  5.7600  2.8300  2.8800  3.1400
                     4.3800  5.9100  3.2800  3.3300  3.5900  4.8300
                     6.3600

      rise_transition ( del_8_5_5_w ) :
         VALUES :    1.1900  1.3500  2.1200  5.6000  9.3000  1.1900
                     1.3500  2.1200  5.6000  9.3000  1.1900  1.3500
                     2.1200  5.6000  9.3100  1.1900  1.3500  2.1200
                     5.6000  9.3100  1.1900  1.3500  2.1200  5.6000
                     9.3100

      fall_transition ( del_8_5_5_w ) :
         VALUES :    0.8400  0.9500  1.5500  4.5500  8.2800  0.8400
                     0.9500  1.5500  4.5500  8.2800  0.8400  0.9500
                     1.5500  4.5500  8.2800  0.8400  0.9500  1.5500
                     4.5500  8.2800  0.8300  0.9500  1.5400  4.5500
                     8.2800

  END_PIN PAD;
END_CELL pc3b03d;

CELL(pc3b03u): 2359.821533;

  PIN(OEN): in, 0.075, 7, , , ;
  END_PIN OEN;

  PIN(I): in, 0.081, 8, , , ;
  END_PIN I;

  PIN(CIN): out, 0, 80, 3, 0.8, , ;
    DELAY: PAD, CIN, prop, pos_unate, '', ( ,  ), ( ,  ), ( ,  );
      cell_rise ( del_0_5_5_w ) :
         VALUES :    1.0500  1.0700  1.1400  1.5000  1.9200  1.0300
                     1.0400  1.1300  1.4800  1.9000  1.0500  1.0700
                     1.1500  1.5000  1.9200  1.0800  1.1000  1.1700
                     1.5300  1.9500  1.1200  1.1500  1.2300  1.5900
                     2.0200

      cell_fall ( del_0_5_5_w ) :
         VALUES :    0.8100  0.8300  0.9100  1.1700  1.4000  0.9800
                     0.9900  1.0700  1.3300  1.5600  1.2800  1.2900
                     1.3700  1.6400  1.8700  1.7100  1.7300  1.8200
                     2.1100  2.3400  2.7700  2.7900  2.9100  3.2500
                     3.5200

      rise_transition ( del_0_5_5_w ) :
         VALUES :    0.2400  0.2600  0.3800  0.9900  1.7900  0.2400
                     0.2600  0.3800  0.9900  1.7900  0.2500  0.2700
                     0.3800  0.9900  1.7800  0.2500  0.2700  0.3800
                     0.9900  1.7800  0.2700  0.3000  0.4100  1.0100
                     1.8000

      fall_transition ( del_0_5_5_w ) :
         VALUES :    0.2900  0.3100  0.4100  0.7600  1.1500  0.2900
                     0.3100  0.4100  0.7600  1.1500  0.3000  0.3200
                     0.4200  0.7600  1.1500  0.3600  0.3800  0.4700
                     0.8000  1.1700  0.4600  0.4800  0.5900  0.9400
                     1.3000

  END_PIN CIN;

  PIN(PAD): inout, 7.172, , 8000, 10, 80, , , , ;
    DELAY: OEN, PAD, disable, pos_unate, '', ( ,  ), ( ,  ), ( ,  );
      cell_rise ( del_9_5_5_w ) :
         VALUES :    2.3400  2.3400  2.3400  2.3400  2.3400  2.4200
                     2.4200  2.4200  2.4200  2.4200  2.5800  2.5800
                     2.5800  2.5800  2.5800  2.8600  2.8600  2.8600
                     2.8600  2.8600  3.7900  3.7900  3.7900  3.7900
                     3.7900

      cell_fall ( del_9_5_5_w ) :
         VALUES :    3.6000  3.6000  3.6000  3.6000  3.6000  3.6800
                     3.6800  3.6800  3.6900  3.6900  3.8500  3.8500
                     3.8500  3.8500  3.8500  4.1300  4.1300  4.1300
                     4.1300  4.1300  5.0700  5.0700  5.0700  5.0700
                     5.0700

      rise_transition ( del_9_5_5_w ) :
         VALUES :    0.0000  0.0000  0.0000  0.0000  0.0000  0.0000
                     0.0000  0.0000  0.0000  0.0000  0.0000  0.0000
                     0.0000  0.0000  0.0000  0.0000  0.0000  0.0000
                     0.0000  0.0000  0.0000  0.0000  0.0000  0.0000
                     0.0000

      fall_transition ( del_9_5_5_w ) :
         VALUES :    0.0000  0.0000  0.0000  0.0000  0.0000  0.0000
                     0.0000  0.0000  0.0000  0.0000  0.0000  0.0000
                     0.0000  0.0000  0.0000  0.0000  0.0000  0.0000
                     0.0000  0.0000  0.0000  0.0000  0.0000  0.0000
                     0.0000

    DELAY: I, PAD, prop, pos_unate, '', ( ,  ), ( ,  ), ( ,  );
      cell_rise ( del_9_5_5_w ) :
         VALUES :    2.7800  2.8500  3.2300  4.8900  6.8800  2.8600
                     2.9300  3.3000  4.9500  6.9500  3.0000  3.0800
                     3.4400  5.1100  7.0900  3.2500  3.3200  3.7000
                     5.3500  7.3500  4.1100  4.1900  4.5500  6.2100
                     8.2000

      cell_fall ( del_9_5_5_w ) :
         VALUES :    2.6100  2.6600  2.9000  4.0600  5.4900  2.6600
                     2.7000  2.9500  4.1100  5.5500  2.7500  2.8000
                     3.0400  4.2100  5.6300  2.8800  2.9300  3.1800
                     4.3400  5.7700  3.3200  3.3600  3.6200  4.7700
                     6.2100

      rise_transition ( del_9_5_5_w ) :
         VALUES :    1.2700  1.4300  2.2600  5.9700  9.8900  1.2700
                     1.4300  2.2600  5.9700  9.8900  1.2700  1.4300
                     2.2600  5.9700  9.8900  1.2700  1.4300  2.2600
                     5.9700  9.8900  1.2700  1.4300  2.2600  5.9700
                     9.8900

      fall_transition ( del_9_5_5_w ) :
         VALUES :    0.8300  0.9300  1.4400  4.0700  7.3700  0.8300
                     0.9300  1.4400  4.0700  7.3700  0.8300  0.9300
                     1.4400  4.0700  7.3700  0.8300  0.9300  1.4400
                     4.0700  7.3700  0.8300  0.9300  1.4400  4.0700
                     7.3700

    DELAY: OEN, PAD, enable, neg_unate, '', ( ,  ), ( ,  ), ( ,  );
      cell_rise ( del_9_5_5_w ) :
         VALUES :    3.3900  3.4700  3.8600  5.5900  7.6800  3.4500
                     3.5200  3.9200  5.6400  7.7300  3.5400  3.6300
                     4.0100  5.7500  7.8500  3.7000  3.7700  4.1700
                     5.9100  7.9900  4.1900  4.2600  4.6600  6.3900
                     8.4800

      cell_fall ( del_9_5_5_w ) :
         VALUES :    2.6500  2.7000  2.9700  4.2500  5.8400  2.7100
                     2.7500  3.0200  4.3100  5.9000  2.8000  2.8600
                     3.1300  4.4100  6.0100  2.9600  3.0200  3.2800
                     4.5700  6.1700  3.4700  3.5200  3.7900  5.0800
                     6.6600

      rise_transition ( del_9_5_5_w ) :
         VALUES :    1.2400  1.4000  2.2200  5.8500  9.7300  1.2400
                     1.4000  2.2200  5.8500  9.7200  1.2400  1.4000
                     2.2200  5.8500  9.7300  1.2400  1.4000  2.2200
                     5.8500  9.7300  1.2400  1.4000  2.2000  5.8500
                     9.7300

      fall_transition ( del_9_5_5_w ) :
         VALUES :    0.8500  0.9600  1.5700  4.5800  8.3300  0.8500
                     0.9600  1.5700  4.5800  8.3300  0.8500  0.9600
                     1.5700  4.5800  8.3300  0.8500  0.9600  1.5700
                     4.5800  8.3300  0.8500  0.9600  1.5700  4.5800
                     8.3400

  END_PIN PAD;
END_CELL pc3b03u;

CELL(pc3b04): 2359.821533;

  PIN(OEN): in, 0.072, 7, , , ;
  END_PIN OEN;

  PIN(I): in, 0.08, 8, , , ;
  END_PIN I;

  PIN(CIN): out, 0, 80, 3, 0.8, , ;
    DELAY: PAD, CIN, prop, pos_unate, '', ( ,  ), ( ,  ), ( ,  );
      cell_rise ( del_0_5_5_w ) :
         VALUES :    0.9900  1.0100  1.0800  1.4200  1.8200  0.9600
                     0.9700  1.0500  1.3800  1.7900  0.9500  0.9600
                     1.0400  1.3700  1.7700  0.9300  0.9500  1.0200
                     1.3600  1.7500  0.8300  0.8500  0.9300  1.2700
                     1.6800

      cell_fall ( del_0_5_5_w ) :
         VALUES :    0.8500  0.8700  0.9500  1.2200  1.4600  1.0400
                     1.0500  1.1300  1.4100  1.6500  1.3700  1.3800
                     1.4600  1.7300  1.9900  1.8600  1.8800  1.9800
                     2.2700  2.5200  3.0800  3.1000  3.2300  3.5900
                     3.8700

      rise_transition ( del_0_5_5_w ) :
         VALUES :    0.2500  0.2700  0.4000  1.0300  1.8500  0.2500
                     0.2700  0.4000  1.0300  1.8500  0.2600  0.2800
                     0.4000  1.0300  1.8400  0.2600  0.2800  0.4000
                     1.0300  1.8400  0.2800  0.3100  0.4300  1.0500
                     1.8600

      fall_transition ( del_0_5_5_w ) :
         VALUES :    0.2800  0.3100  0.4000  0.7400  1.1200  0.2800
                     0.3100  0.4000  0.7400  1.1200  0.3000  0.3200
                     0.4100  0.7400  1.1200  0.3500  0.3700  0.4600
                     0.7700  1.1400  0.4500  0.4700  0.5700  0.9200
                     1.2600

  END_PIN CIN;

  PIN(PAD): inout, 7.755, , 8000, 10, 80, , , , ;
    DELAY: OEN, PAD, disable, pos_unate, '', ( ,  ), ( ,  ), ( ,  );
      cell_rise ( del_10_5_5_w ) :
         VALUES :    2.4100  2.4100  2.4100  2.4100  2.4100  2.4900
                     2.4900  2.4900  2.4900  2.4900  2.6400  2.6400
                     2.6400  2.6400  2.6400  2.9100  2.9100  2.9100
                     2.9100  2.9100  3.7900  3.7900  3.7900  3.7900
                     3.7900

      cell_fall ( del_10_5_5_w ) :
         VALUES :    3.9800  3.9800  3.9800  3.9800  3.9800  4.0600
                     4.0600  4.0600  4.0600  4.0600  4.2100  4.2100
                     4.2100  4.2100  4.2100  4.4900  4.4900  4.4900
                     4.4900  4.4900  5.4000  5.4000  5.4000  5.4000
                     5.4000

      rise_transition ( del_10_5_5_w ) :
         VALUES :    0.0000  0.0000  0.0000  0.0000  0.0000  0.0000
                     0.0000  0.0000  0.0000  0.0000  0.0000  0.0000
                     0.0000  0.0000  0.0000  0.0000  0.0000  0.0000
                     0.0000  0.0000  0.0000  0.0000  0.0000  0.0000
                     0.0000

      fall_transition ( del_10_5_5_w ) :
         VALUES :    0.0000  0.0000  0.0000  0.0000  0.0000  0.0000
                     0.0000  0.0000  0.0000  0.0000  0.0000  0.0000
                     0.0000  0.0000  0.0000  0.0000  0.0000  0.0000
                     0.0000  0.0000  0.0000  0.0000  0.0000  0.0000
                     0.0000

    DELAY: I, PAD, prop, pos_unate, '', ( ,  ), ( ,  ), ( ,  );
      cell_rise ( del_10_5_5_w ) :
         VALUES :    2.9500  3.0100  3.3300  4.6900  6.2800  3.0200
                     3.0900  3.4100  4.7600  6.3600  3.1700  3.2500
                     3.5600  4.9100  6.5100  3.4400  3.5000  3.8300
                     5.1800  6.7700  4.3400  4.4100  4.7200  6.0800
                     7.6700

      cell_fall ( del_10_5_5_w ) :
         VALUES :    2.7700  2.8100  3.0200  3.9600  5.1200  2.8300
                     2.8700  3.0700  4.0100  5.1600  2.9300  2.9700
                     3.1700  4.1100  5.2600  3.0800  3.1200  3.3200
                     4.2600  5.4100  3.5400  3.5900  3.7800  4.7300
                     5.8800

      rise_transition ( del_10_5_5_w ) :
         VALUES :    1.0600  1.1900  1.8400  4.7400  7.8600  1.0600
                     1.1900  1.8400  4.7400  7.8600  1.0600  1.1900
                     1.8400  4.7400  7.8600  1.0600  1.1900  1.8400
                     4.7400  7.8600  1.0600  1.1900  1.8400  4.7400
                     7.8600

      fall_transition ( del_10_5_5_w ) :
         VALUES :    0.7600  0.8300  1.2400  3.3300  5.9700  0.7600
                     0.8300  1.2400  3.3300  5.9700  0.7600  0.8300
                     1.2400  3.3300  5.9700  0.7600  0.8300  1.2400
                     3.3300  5.9700  0.7600  0.8300  1.2400  3.3300
                     5.9700

    DELAY: OEN, PAD, enable, neg_unate, '', ( ,  ), ( ,  ), ( ,  );
      cell_rise ( del_10_5_5_w ) :
         VALUES :    3.2200  3.2800  3.5900  4.9000  6.4300  3.2700
                     3.3300  3.6300  4.9400  6.4800  3.3600  3.4200
                     3.7300  5.0300  6.5600  3.5000  3.5600  3.8600
                     5.1700  6.7000  3.9100  3.9700  4.2800  5.5900
                     7.1200

      cell_fall ( del_10_5_5_w ) :
         VALUES :    2.6600  2.7000  2.9300  3.9600  5.2400  2.7200
                     2.7600  2.9800  4.0200  5.3000  2.8300  2.8700
                     3.0800  4.1300  5.4100  2.9900  3.0300  3.2400
                     4.2900  5.5700  3.4900  3.5300  3.7500  4.7900
                     6.0700

      rise_transition ( del_10_5_5_w ) :
         VALUES :    1.0000  1.1200  1.7200  4.4500  7.3900  1.0000
                     1.1200  1.7200  4.4500  7.3900  1.0000  1.1200
                     1.7200  4.4500  7.4000  1.0000  1.1200  1.7200
                     4.4500  7.4000  1.0000  1.1200  1.7200  4.4500
                     7.4000

      fall_transition ( del_10_5_5_w ) :
         VALUES :    0.7400  0.8400  1.3300  3.7400  6.7700  0.7400
                     0.8400  1.3300  3.7400  6.7700  0.7400  0.8400
                     1.3300  3.7400  6.7800  0.7400  0.8400  1.3300
                     3.7400  6.7800  0.7400  0.8400  1.3300  3.7400
                     6.7800

  END_PIN PAD;
END_CELL pc3b04;

CELL(pc3b04d): 2359.821533;

  PIN(OEN): in, 0.077, 7, , , ;
  END_PIN OEN;

  PIN(I): in, 0.082, 8, , , ;
  END_PIN I;

  PIN(CIN): out, 0, 80, 3, 0.8, , ;
    DELAY: PAD, CIN, prop, pos_unate, '', ( ,  ), ( ,  ), ( ,  );
      cell_rise ( del_0_5_5_w ) :
         VALUES :    1.0200  1.0400  1.1100  1.4600  1.8600  0.9900
                     1.0000  1.0900  1.4300  1.8400  1.0000  1.0100
                     1.0900  1.4300  1.8400  1.0000  1.0200  1.0900
                     1.4400  1.8400  0.9700  0.9900  1.0700  1.4200
                     1.8400

      cell_fall ( del_0_5_5_w ) :
         VALUES :    0.8800  0.9000  0.9900  1.2700  1.5200  1.1000
                     1.1100  1.1900  1.4800  1.7300  1.4600  1.4700
                     1.5600  1.8400  2.1000  2.0100  2.0300  2.1300
                     2.4300  2.6900  3.3900  3.4100  3.5400  3.9100
                     4.2000

      rise_transition ( del_0_5_5_w ) :
         VALUES :    0.2500  0.2700  0.4000  1.0300  1.8600  0.2500
                     0.2700  0.4000  1.0300  1.8600  0.2600  0.2800
                     0.4000  1.0300  1.8500  0.2600  0.2800  0.4000
                     1.0300  1.8500  0.2800  0.3200  0.4300  1.0500
                     1.8700

      fall_transition ( del_0_5_5_w ) :
         VALUES :    0.2800  0.3000  0.3900  0.7400  1.1100  0.2800
                     0.3000  0.3900  0.7400  1.1100  0.2900  0.3100
                     0.4000  0.7400  1.1100  0.3400  0.3600  0.4500
                     0.7700  1.1300  0.4400  0.4600  0.5700  0.9100
                     1.2500

  END_PIN CIN;

  PIN(PAD): inout, 7.642, , 8000, 10, 80, , , , ;
    DELAY: OEN, PAD, disable, pos_unate, '', ( ,  ), ( ,  ), ( ,  );
      cell_rise ( del_11_5_5_w ) :
         VALUES :    2.3500  2.3500  2.3500  2.3500  2.3500  2.4200
                     2.4200  2.4200  2.4200  2.4200  2.5600  2.5600
                     2.5600  2.5600  2.5600  2.8100  2.8100  2.8100
                     2.8100  2.8100  3.6500  3.6500  3.6500  3.6500
                     3.6500

      cell_fall ( del_11_5_5_w ) :
         VALUES :    3.9000  3.9000  3.9000  3.9000  3.9000  3.9800
                     3.9800  3.9800  3.9800  3.9800  4.1200  4.1200
                     4.1200  4.1200  4.1200  4.3900  4.3900  4.3900
                     4.3900  4.3900  5.2700  5.2700  5.2700  5.2700
                     5.2700

      rise_transition ( del_11_5_5_w ) :
         VALUES :    0.0000  0.0000  0.0000  0.0000  0.0000  0.0000
                     0.0000  0.0000  0.0000  0.0000  0.0000  0.0000
                     0.0000  0.0000  0.0000  0.0000  0.0000  0.0000
                     0.0000  0.0000  0.0000  0.0000  0.0000  0.0000
                     0.0000

      fall_transition ( del_11_5_5_w ) :
         VALUES :    0.0000  0.0000  0.0000  0.0000  0.0000  0.0000
                     0.0000  0.0000  0.0000  0.0000  0.0000  0.0000
                     0.0000  0.0000  0.0000  0.0000  0.0000  0.0000
                     0.0000  0.0000  0.0000  0.0000  0.0000  0.0000
                     0.0000

    DELAY: I, PAD, prop, pos_unate, '', ( ,  ), ( ,  ), ( ,  );
      cell_rise ( del_11_5_5_w ) :
         VALUES :    3.0800  3.1600  3.4800  4.9100  6.5600  3.1600
                     3.2300  3.5600  4.9800  6.6400  3.3400  3.4000
                     3.7300  5.1500  6.8200  3.6200  3.6900  4.0200
                     5.4300  7.1000  4.5900  4.6600  4.9900  6.4100
                     8.0700

      cell_fall ( del_11_5_5_w ) :
         VALUES :    2.6300  2.6700  2.8600  3.7500  4.8400  2.6700
                     2.7100  2.9000  3.8000  4.8900  2.7600  2.7900
                     2.9900  3.8900  4.9800  2.8900  2.9200  3.1200
                     4.0200  5.1100  3.2900  3.3300  3.5200  4.4200
                     5.5100

      rise_transition ( del_11_5_5_w ) :
         VALUES :    1.0500  1.1700  1.8100  4.6700  7.7500  1.0500
                     1.1700  1.8100  4.6700  7.7500  1.0500  1.1700
                     1.8100  4.6700  7.7500  1.0500  1.1700  1.8100
                     4.6700  7.7400  1.0500  1.1700  1.8100  4.6700
                     7.7500

      fall_transition ( del_11_5_5_w ) :
         VALUES :    0.7800  0.8600  1.2800  3.4200  6.1300  0.7800
                     0.8600  1.2800  3.4200  6.1300  0.7800  0.8600
                     1.2800  3.4200  6.1300  0.7800  0.8600  1.2800
                     3.4200  6.1300  0.7800  0.8600  1.2800  3.4200
                     6.1300

    DELAY: OEN, PAD, enable, neg_unate, '', ( ,  ), ( ,  ), ( ,  );
      cell_rise ( del_11_5_5_w ) :
         VALUES :    3.3600  3.4400  3.7500  5.1200  6.7300  3.4200
                     3.4800  3.8000  5.1800  6.7700  3.5200  3.5900
                     3.9000  5.2700  6.8800  3.6700  3.7400  4.0500
                     5.4200  7.0300  4.1400  4.2100  4.5300  5.9000
                     7.5100

      cell_fall ( del_11_5_5_w ) :
         VALUES :    2.5800  2.6200  2.8300  3.8400  5.0800  2.6300
                     2.6700  2.8900  3.8900  5.1300  2.7300  2.7700
                     2.9900  3.9900  5.2300  2.8800  2.9200  3.1300
                     4.1400  5.3800  3.3400  3.3800  3.5900  4.6000
                     5.8500

      rise_transition ( del_11_5_5_w ) :
         VALUES :    1.0800  1.2200  1.8700  4.8200  8.0100  1.0800
                     1.2200  1.8700  4.8200  8.0100  1.0800  1.2200
                     1.8700  4.8200  8.0100  1.0800  1.2200  1.8700
                     4.8200  8.0100  1.0800  1.2200  1.8700  4.8200
                     8.0100

      fall_transition ( del_11_5_5_w ) :
         VALUES :    0.7300  0.8200  1.2900  3.6600  6.6200  0.7300
                     0.8200  1.2900  3.6600  6.6200  0.7300  0.8200
                     1.2900  3.6600  6.6200  0.7300  0.8100  1.2900
                     3.6600  6.6200  0.7200  0.8100  1.2900  3.6600
                     6.6200

  END_PIN PAD;
END_CELL pc3b04d;

CELL(pc3b04u): 2359.821533;

  PIN(OEN): in, 0.077, 7, , , ;
  END_PIN OEN;

  PIN(I): in, 0.081, 8, , , ;
  END_PIN I;

  PIN(CIN): out, 0, 80, 3, 0.8, , ;
    DELAY: PAD, CIN, prop, pos_unate, '', ( ,  ), ( ,  ), ( ,  );
      cell_rise ( del_0_5_5_w ) :
         VALUES :    0.9700  0.9900  1.0600  1.4000  1.7800  0.9400
                     0.9500  1.0300  1.3500  1.7500  0.9100  0.9200
                     1.0000  1.3400  1.7200  0.8700  0.8900  0.9600
                     1.3000  1.6800  0.7300  0.7500  0.8300  1.1600
                     1.5600

      cell_fall ( del_0_5_5_w ) :
         VALUES :    0.8700  0.8900  0.9700  1.2500  1.5000  1.0700
                     1.0800  1.1700  1.4500  1.6900  1.4200  1.4300
                     1.5200  1.7900  2.0500  1.9400  1.9600  2.0600
                     2.3600  2.6200  3.2600  3.2800  3.4100  3.7700
                     4.0600

      rise_transition ( del_0_5_5_w ) :
         VALUES :    0.2400  0.2600  0.3800  0.9900  1.7800  0.2400
                     0.2600  0.3800  0.9900  1.7800  0.2500  0.2700
                     0.3800  0.9900  1.7700  0.2500  0.2700  0.3800
                     0.9900  1.7700  0.2700  0.3000  0.4100  1.0100
                     1.7900

      fall_transition ( del_0_5_5_w ) :
         VALUES :    0.2800  0.3000  0.3900  0.7300  1.0900  0.2800
                     0.3000  0.3900  0.7300  1.0900  0.2900  0.3100
                     0.4000  0.7300  1.0900  0.3400  0.3600  0.4500
                     0.7600  1.1100  0.4400  0.4600  0.5600  0.8900
                     1.2300

  END_PIN CIN;

  PIN(PAD): inout, 7.677, , 8000, 10, 80, , , , ;
    DELAY: OEN, PAD, disable, pos_unate, '', ( ,  ), ( ,  ), ( ,  );
      cell_rise ( del_12_5_5_w ) :
         VALUES :    2.5100  2.5100  2.5100  2.5100  2.5100  2.5900
                     2.5900  2.5900  2.5900  2.5900  2.7500  2.7500
                     2.7500  2.7500  2.7500  3.0300  3.0300  3.0300
                     3.0400  3.0400  3.9900  3.9900  3.9900  3.9900
                     3.9900

      cell_fall ( del_12_5_5_w ) :
         VALUES :    3.9800  3.9800  3.9800  3.9800  3.9800  4.0400
                     4.0400  4.0400  4.0400  4.0400  4.2100  4.2100
                     4.2100  4.2100  4.2100  4.4700  4.4700  4.4700
                     4.4700  4.4700  5.3700  5.3700  5.3700  5.3700
                     5.3700

      rise_transition ( del_12_5_5_w ) :
         VALUES :    0.0000  0.0000  0.0000  0.0000  0.0000  0.0000
                     0.0000  0.0000  0.0000  0.0000  0.0000  0.0000
                     0.0000  0.0000  0.0000  0.0000  0.0000  0.0000
                     0.0000  0.0000  0.0000  0.0000  0.0000  0.0000
                     0.0000

      fall_transition ( del_12_5_5_w ) :
         VALUES :    0.0000  0.0000  0.0000  0.0000  0.0000  0.0000
                     0.0000  0.0000  0.0000  0.0000  0.0000  0.0000
                     0.0000  0.0000  0.0000  0.0000  0.0000  0.0000
                     0.0000  0.0000  0.0000  0.0000  0.0000  0.0000
                     0.0000

    DELAY: I, PAD, prop, pos_unate, '', ( ,  ), ( ,  ), ( ,  );
      cell_rise ( del_12_5_5_w ) :
         VALUES :    3.0800  3.1500  3.4800  4.9000  6.5500  3.1600
                     3.2300  3.5500  4.9800  6.6300  3.3300  3.4000
                     3.7300  5.1400  6.8000  3.6200  3.6800  4.0200
                     5.4400  7.0900  4.5900  4.6600  4.9900  6.4100
                     8.0600

      cell_fall ( del_12_5_5_w ) :
         VALUES :    2.6100  2.6500  2.8500  3.7400  4.8300  2.6600
                     2.7000  2.8900  3.7800  4.8800  2.7500  2.7900
                     2.9800  3.8700  4.9600  2.8800  2.9200  3.1000
                     3.9900  5.0800  3.2700  3.3100  3.5000  4.4000
                     5.4900

      rise_transition ( del_12_5_5_w ) :
         VALUES :    1.0900  1.2300  1.8900  4.8900  8.0900  1.0900
                     1.2300  1.8900  4.8900  8.0900  1.0900  1.2300
                     1.8900  4.8900  8.0900  1.0900  1.2300  1.8900
                     4.8900  8.0900  1.0900  1.2300  1.8900  4.8900
                     8.0900

      fall_transition ( del_12_5_5_w ) :
         VALUES :    0.7800  0.8500  1.2700  3.4100  6.1100  0.7800
                     0.8500  1.2700  3.4100  6.1100  0.7800  0.8500
                     1.2700  3.4100  6.1100  0.7800  0.8500  1.2700
                     3.4100  6.1100  0.7800  0.8500  1.2700  3.4100
                     6.1100

    DELAY: OEN, PAD, enable, neg_unate, '', ( ,  ), ( ,  ), ( ,  );
      cell_rise ( del_12_5_5_w ) :
         VALUES :    3.4400  3.5100  3.8300  5.2300  6.8600  3.4900
                     3.5600  3.8900  5.2900  6.9300  3.6000  3.6700
                     3.9900  5.3900  7.0300  3.7600  3.8300  4.1500
                     5.5500  7.1800  4.2500  4.3300  4.6500  6.0500
                     7.6800

      cell_fall ( del_12_5_5_w ) :
         VALUES :    2.4700  2.5100  2.7200  3.6800  4.8600  2.5200
                     2.5600  2.7600  3.7200  4.9100  2.6100  2.6500
                     2.8500  3.8100  5.0000  2.7400  2.7800  2.9700
                     3.9400  5.1300  3.1400  3.1800  3.3900  4.3500
                     5.5400

      rise_transition ( del_12_5_5_w ) :
         VALUES :    1.0400  1.1700  1.8000  4.6500  7.7300  1.0400
                     1.1700  1.8000  4.6500  7.7300  1.0400  1.1700
                     1.8000  4.6500  7.7300  1.0400  1.1700  1.8000
                     4.6500  7.7300  1.0400  1.1700  1.8000  4.6500
                     7.7300

      fall_transition ( del_12_5_5_w ) :
         VALUES :    0.7600  0.8500  1.3500  3.8100  6.8800  0.7600
                     0.8500  1.3500  3.8100  6.8800  0.7600  0.8500
                     1.3500  3.8100  6.8800  0.7600  0.8500  1.3500
                     3.8100  6.8900  0.7600  0.8500  1.3500  3.8100
                     6.8800

  END_PIN PAD;
END_CELL pc3b04u;

CELL(pc3b05): 2359.821533;

  PIN(OEN): in, 0.074, 7, , , ;
  END_PIN OEN;

  PIN(I): in, 0.083, 8, , , ;
  END_PIN I;

  PIN(CIN): out, 0, 80, 3, 0.8, , ;
    DELAY: PAD, CIN, prop, pos_unate, '', ( ,  ), ( ,  ), ( ,  );
      cell_rise ( del_0_5_5_w ) :
         VALUES :    1.0300  1.0500  1.1200  1.4800  1.8800  1.0100
                     1.0200  1.1100  1.4500  1.8600  1.0200  1.0300
                     1.1100  1.4500  1.8700  1.0300  1.0500  1.1200
                     1.4800  1.8800  1.0300  1.0500  1.1400  1.4900
                     1.9100

      cell_fall ( del_0_5_5_w ) :
         VALUES :    0.8500  0.8700  0.9600  1.2300  1.4700  1.0500
                     1.0600  1.1400  1.4100  1.6500  1.3800  1.3900
                     1.4700  1.7400  2.0000  1.8700  1.9000  1.9900
                     2.2800  2.5300  3.1100  3.1300  3.2600  3.6200
                     3.9000

      rise_transition ( del_0_5_5_w ) :
         VALUES :    0.2600  0.2800  0.4100  1.0500  1.8900  0.2600
                     0.2800  0.4100  1.0500  1.8900  0.2600  0.2900
                     0.4100  1.0500  1.8900  0.2700  0.2900  0.4100
                     1.0500  1.8900  0.2900  0.3200  0.4400  1.0800
                     1.9100

      fall_transition ( del_0_5_5_w ) :
         VALUES :    0.2800  0.3000  0.3900  0.7200  1.0900  0.2800
                     0.3000  0.3900  0.7200  1.0900  0.2900  0.3100
                     0.4000  0.7200  1.0900  0.3400  0.3600  0.4500
                     0.7500  1.1100  0.4400  0.4600  0.5600  0.8900
                     1.2300

  END_PIN CIN;

  PIN(PAD): inout, 7.552, , 8000, 10, 80, , , , ;
    DELAY: OEN, PAD, disable, pos_unate, '', ( ,  ), ( ,  ), ( ,  );
      cell_rise ( del_13_5_5_w ) :
         VALUES :    2.6300  2.6300  2.6300  2.6300  2.6300  2.7100
                     2.7100  2.7100  2.7100  2.7100  2.8700  2.8700
                     2.8700  2.8700  2.8700  3.1500  3.1500  3.1500
                     3.1500  3.1500  4.1100  4.1100  4.1100  4.1100
                     4.1100

      cell_fall ( del_13_5_5_w ) :
         VALUES :    4.4800  4.4800  4.4800  4.4800  4.4800  4.5600
                     4.5600  4.5600  4.5600  4.5600  4.7100  4.7100
                     4.7100  4.7100  4.7100  4.9900  4.9900  4.9900
                     4.9900  4.9900  5.9200  5.9200  5.9200  5.9200
                     5.9200

      rise_transition ( del_13_5_5_w ) :
         VALUES :    0.0000  0.0000  0.0000  0.0000  0.0000  0.0000
                     0.0000  0.0000  0.0000  0.0000  0.0000  0.0000
                     0.0000  0.0000  0.0000  0.0000  0.0000  0.0000
                     0.0000  0.0000  0.0000  0.0000  0.0000  0.0000
                     0.0000

      fall_transition ( del_13_5_5_w ) :
         VALUES :    0.0000  0.0000  0.0000  0.0000  0.0000  0.0000
                     0.0000  0.0000  0.0000  0.0000  0.0000  0.0000
                     0.0000  0.0000  0.0000  0.0000  0.0000  0.0000
                     0.0000  0.0000  0.0000  0.0000  0.0000  0.0000
                     0.0000

    DELAY: I, PAD, prop, pos_unate, '', ( ,  ), ( ,  ), ( ,  );
      cell_rise ( del_13_5_5_w ) :
         VALUES :    2.9900  3.0400  3.3100  4.4200  5.6900  3.0600
                     3.1100  3.3700  4.4900  5.7500  3.2000  3.2700
                     3.5300  4.6400  5.9000  3.4600  3.5100  3.7700
                     4.8900  6.1500  4.3100  4.3700  4.6300  5.7400
                     7.0100

      cell_fall ( del_13_5_5_w ) :
         VALUES :    2.8100  2.8400  3.0000  3.7700  4.6900  2.8500
                     2.8800  3.0600  3.8100  4.7500  2.9500  2.9800
                     3.1500  3.9100  4.8400  3.0900  3.1200  3.2800
                     4.0500  4.9700  3.5300  3.5700  3.7300  4.5000
                     5.4200

      rise_transition ( del_13_5_5_w ) :
         VALUES :    0.9600  1.0700  1.6100  4.0500  6.7200  0.9600
                     1.0700  1.6100  4.0500  6.7200  0.9600  1.0700
                     1.6100  4.0500  6.7200  0.9600  1.0700  1.6100
                     4.0500  6.7200  0.9600  1.0700  1.6100  4.0500
                     6.7200

      fall_transition ( del_13_5_5_w ) :
         VALUES :    0.7400  0.8000  1.1300  2.8700  5.0900  0.7400
                     0.8000  1.1300  2.8700  5.0900  0.7400  0.8000
                     1.1300  2.8700  5.0900  0.7400  0.8000  1.1300
                     2.8700  5.0900  0.7400  0.8000  1.1300  2.8700
                     5.0900

    DELAY: OEN, PAD, enable, neg_unate, '', ( ,  ), ( ,  ), ( ,  );
      cell_rise ( del_13_5_5_w ) :
         VALUES :    3.4000  3.4700  3.7400  4.8800  6.1900  3.4600
                     3.5100  3.7900  4.9300  6.2300  3.5600  3.6200
                     3.8900  5.0300  6.3400  3.7100  3.7700  4.0400
                     5.1800  6.4900  4.1800  4.2400  4.5100  5.6600
                     6.9600

      cell_fall ( del_13_5_5_w ) :
         VALUES :    2.6200  2.6600  2.8400  3.6900  4.7400  2.6800
                     2.7100  2.9000  3.7500  4.7900  2.7800  2.8100
                     3.0000  3.8500  4.8900  2.9200  2.9600  3.1500
                     4.0000  5.0400  3.4000  3.4300  3.6200  4.4700
                     5.5100

      rise_transition ( del_13_5_5_w ) :
         VALUES :    0.9500  1.0500  1.5900  3.9700  6.6100  0.9500
                     1.0500  1.5900  3.9700  6.6100  0.9500  1.0500
                     1.5900  3.9700  6.6100  0.9500  1.0500  1.5900
                     3.9700  6.6100  0.9500  1.0500  1.5900  3.9700
                     6.6100

      fall_transition ( del_13_5_5_w ) :
         VALUES :    0.6900  0.7700  1.1800  3.2300  5.8100  0.6900
                     0.7700  1.1800  3.2300  5.8100  0.6900  0.7700
                     1.1800  3.2300  5.8100  0.6900  0.7700  1.1800
                     3.2300  5.8100  0.6900  0.7700  1.1800  3.2300
                     5.8100

  END_PIN PAD;
END_CELL pc3b05;

CELL(pc3b05d): 2359.821533;

  PIN(OEN): in, 0.072, 7, , , ;
  END_PIN OEN;

  PIN(I): in, 0.079, 7, , , ;
  END_PIN I;

  PIN(CIN): out, 0, 80, 3, 0.8, , ;
    DELAY: PAD, CIN, prop, pos_unate, '', ( ,  ), ( ,  ), ( ,  );
      cell_rise ( del_0_5_5_w ) :
         VALUES :    1.0100  1.0300  1.1000  1.4500  1.8400  0.9800
                     0.9900  1.0700  1.4100  1.8200  0.9800  0.9900
                     1.0700  1.4000  1.8100  0.9700  0.9900  1.0600
                     1.4100  1.8100  0.9100  0.9300  1.0200  1.3600
                     1.7700

      cell_fall ( del_0_5_5_w ) :
         VALUES :    0.8800  0.9000  0.9800  1.2700  1.5100  1.0900
                     1.1000  1.1800  1.4600  1.7100  1.4400  1.4600
                     1.5400  1.8200  2.0800  1.9800  2.0000  2.1000
                     2.4000  2.6600  3.3400  3.3600  3.4900  3.8600
                     4.1500

      rise_transition ( del_0_5_5_w ) :
         VALUES :    0.2600  0.2800  0.4100  1.0600  1.9100  0.2600
                     0.2800  0.4100  1.0600  1.9100  0.2600  0.2900
                     0.4100  1.0600  1.9100  0.2700  0.2900  0.4100
                     1.0600  1.9100  0.2900  0.3200  0.4400  1.0800
                     1.9300

      fall_transition ( del_0_5_5_w ) :
         VALUES :    0.3000  0.3200  0.4200  0.7900  1.1800  0.3000
                     0.3200  0.4200  0.7900  1.1800  0.3100  0.3300
                     0.4300  0.7900  1.1800  0.3700  0.3900  0.4800
                     0.8200  1.2000  0.4700  0.4900  0.6000  0.9700
                     1.3300

  END_PIN CIN;

  PIN(PAD): inout, 7.694, , 8000, 10, 80, , , , ;
    DELAY: OEN, PAD, disable, pos_unate, '', ( ,  ), ( ,  ), ( ,  );
      cell_rise ( del_14_5_5_w ) :
         VALUES :    2.6300  2.6300  2.6300  2.6300  2.6300  2.7100
                     2.7100  2.7100  2.7100  2.7100  2.8700  2.8700
                     2.8700  2.8700  2.8700  3.1600  3.1600  3.1600
                     3.1600  3.1600  4.1100  4.1100  4.1100  4.1100
                     4.1100

      cell_fall ( del_14_5_5_w ) :
         VALUES :    4.4000  4.4000  4.4000  4.4000  4.4000  4.4800
                     4.4800  4.4800  4.4800  4.4800  4.6300  4.6300
                     4.6300  4.6300  4.6300  4.8900  4.8900  4.8900
                     4.8900  4.8900  5.7900  5.7900  5.7900  5.7900
                     5.7900

      rise_transition ( del_14_5_5_w ) :
         VALUES :    0.0000  0.0000  0.0000  0.0000  0.0000  0.0000
                     0.0000  0.0000  0.0000  0.0000  0.0000  0.0000
                     0.0000  0.0000  0.0000  0.0000  0.0000  0.0000
                     0.0000  0.0000  0.0000  0.0000  0.0000  0.0000
                     0.0000

      fall_transition ( del_14_5_5_w ) :
         VALUES :    0.0000  0.0000  0.0000  0.0000  0.0000  0.0000
                     0.0000  0.0000  0.0000  0.0000  0.0000  0.0000
                     0.0000  0.0000  0.0000  0.0000  0.0000  0.0000
                     0.0000  0.0000  0.0000  0.0000  0.0000  0.0000
                     0.0000

    DELAY: I, PAD, prop, pos_unate, '', ( ,  ), ( ,  ), ( ,  );
      cell_rise ( del_14_5_5_w ) :
         VALUES :    2.9700  3.0300  3.2900  4.3900  5.6500  3.0400
                     3.0900  3.3500  4.4600  5.7200  3.1800  3.2400
                     3.5000  4.6000  5.8600  3.4300  3.4900  3.7500
                     4.8500  6.1100  4.2700  4.3300  4.5900  5.6900
                     6.9600

      cell_fall ( del_14_5_5_w ) :
         VALUES :    2.8200  2.8500  3.0200  3.7900  4.7200  2.8700
                     2.9000  3.0700  3.8400  4.7600  2.9600  3.0000
                     3.1600  3.9300  4.8600  3.1100  3.1400  3.3000
                     4.0800  5.0000  3.5500  3.5800  3.7600  4.5200
                     5.4500

      rise_transition ( del_14_5_5_w ) :
         VALUES :    0.9400  1.0500  1.5900  3.9600  6.5800  0.9400
                     1.0500  1.5900  3.9600  6.5800  0.9400  1.0500
                     1.5900  3.9600  6.5800  0.9400  1.0500  1.5900
                     3.9700  6.5800  0.9400  1.0500  1.5900  3.9600
                     6.5800

      fall_transition ( del_14_5_5_w ) :
         VALUES :    0.7700  0.8400  1.1800  3.0000  5.3200  0.7700
                     0.8400  1.1800  3.0000  5.3200  0.7700  0.8400
                     1.1800  3.0000  5.3200  0.7700  0.8400  1.1800
                     3.0000  5.3200  0.7700  0.8400  1.1800  3.0000
                     5.3200

    DELAY: OEN, PAD, enable, neg_unate, '', ( ,  ), ( ,  ), ( ,  );
      cell_rise ( del_14_5_5_w ) :
         VALUES :    3.2500  3.3100  3.5700  4.6700  5.9100  3.3000
                     3.3500  3.6200  4.7100  5.9500  3.3900  3.4500
                     3.7100  4.8000  6.0500  3.5300  3.5800  3.8400
                     4.9300  6.1800  3.9400  4.0000  4.2500  5.3600
                     6.6000

      cell_fall ( del_14_5_5_w ) :
         VALUES :    2.6800  2.7100  2.9100  3.7800  4.8400  2.7300
                     2.7700  2.9600  3.8300  4.8900  2.8400  2.8800
                     3.0600  3.9400  5.0000  3.0000  3.0300  3.2300
                     4.1000  5.1600  3.5000  3.5300  3.7300  4.6000
                     5.6600

      rise_transition ( del_14_5_5_w ) :
         VALUES :    0.9600  1.0700  1.6000  4.0200  6.6800  0.9600
                     1.0700  1.6000  4.0200  6.6800  0.9600  1.0700
                     1.6000  4.0200  6.6800  0.9600  1.0700  1.6000
                     4.0200  6.6800  0.9600  1.0700  1.6000  4.0200
                     6.6800

      fall_transition ( del_14_5_5_w ) :
         VALUES :    0.6900  0.7700  1.1900  3.2500  5.8400  0.6900
                     0.7700  1.1900  3.2400  5.8400  0.6900  0.7700
                     1.1900  3.2400  5.8400  0.6900  0.7700  1.1900
                     3.2400  5.8400  0.6900  0.7700  1.1800  3.2400
                     5.8400

  END_PIN PAD;
END_CELL pc3b05d;

CELL(pc3b05u): 2359.821533;

  PIN(OEN): in, 0.075, 7, , , ;
  END_PIN OEN;

  PIN(I): in, 0.08, 8, , , ;
  END_PIN I;

  PIN(CIN): out, 0, 80, 3, 0.8, , ;
    DELAY: PAD, CIN, prop, pos_unate, '', ( ,  ), ( ,  ), ( ,  );
      cell_rise ( del_0_5_5_w ) :
         VALUES :    0.9800  1.0000  1.0700  1.4100  1.7900  0.9400
                     0.9500  1.0400  1.3600  1.7600  0.9200  0.9300
                     1.0200  1.3400  1.7400  0.8900  0.9100  0.9800
                     1.3200  1.7100  0.7600  0.7800  0.8600  1.2000
                     1.6000

      cell_fall ( del_0_5_5_w ) :
         VALUES :    0.8500  0.8700  0.9500  1.2300  1.4700  1.0400
                     1.0500  1.1400  1.4100  1.6500  1.3700  1.3800
                     1.4700  1.7400  1.9900  1.8700  1.8900  1.9800
                     2.2700  2.5300  3.1000  3.1200  3.2400  3.6000
                     3.8800

      rise_transition ( del_0_5_5_w ) :
         VALUES :    0.2500  0.2700  0.4000  1.0300  1.8400  0.2500
                     0.2700  0.4000  1.0300  1.8400  0.2500  0.2800
                     0.4000  1.0300  1.8400  0.2600  0.2800  0.4000
                     1.0300  1.8400  0.2800  0.3100  0.4300  1.0500
                     1.8600

      fall_transition ( del_0_5_5_w ) :
         VALUES :    0.3000  0.3300  0.4200  0.7900  1.1900  0.3000
                     0.3300  0.4200  0.7900  1.1900  0.3100  0.3400
                     0.4300  0.7900  1.1900  0.3700  0.3900  0.4900
                     0.8300  1.2200  0.4800  0.5000  0.6100  0.9800
                     1.3500

  END_PIN CIN;

  PIN(PAD): inout, 7.556, , 8000, 10, 80, , , , ;
    DELAY: OEN, PAD, disable, pos_unate, '', ( ,  ), ( ,  ), ( ,  );
      cell_rise ( del_15_5_5_w ) :
         VALUES :    2.6700  2.6700  2.6700  2.6700  2.6700  2.7500
                     2.7500  2.7500  2.7500  2.7500  2.9200  2.9200
                     2.9200  2.9200  2.9200  3.2000  3.2000  3.2000
                     3.2000  3.2000  4.1900  4.1900  4.1900  4.1900
                     4.1900

      cell_fall ( del_15_5_5_w ) :
         VALUES :    4.3600  4.3600  4.3600  4.3600  4.3600  4.4200
                     4.4200  4.4200  4.4200  4.4200  4.5800  4.5800
                     4.5800  4.5800  4.5800  4.8300  4.8300  4.8300
                     4.8300  4.8300  5.7100  5.7100  5.7100  5.7100
                     5.7100

      rise_transition ( del_15_5_5_w ) :
         VALUES :    0.0000  0.0000  0.0000  0.0000  0.0000  0.0000
                     0.0000  0.0000  0.0000  0.0000  0.0000  0.0000
                     0.0000  0.0000  0.0000  0.0000  0.0000  0.0000
                     0.0000  0.0000  0.0000  0.0000  0.0000  0.0000
                     0.0000

      fall_transition ( del_15_5_5_w ) :
         VALUES :    0.0000  0.0000  0.0000  0.0000  0.0000  0.0000
                     0.0000  0.0000  0.0000  0.0000  0.0000  0.0000
                     0.0000  0.0000  0.0000  0.0000  0.0000  0.0000
                     0.0000  0.0000  0.0000  0.0000  0.0000  0.0000
                     0.0000

    DELAY: I, PAD, prop, pos_unate, '', ( ,  ), ( ,  ), ( ,  );
      cell_rise ( del_15_5_5_w ) :
         VALUES :    3.0700  3.1200  3.3900  4.5400  5.8300  3.1500
                     3.2000  3.4700  4.6000  5.9000  3.3000  3.3600
                     3.6300  4.7600  6.0500  3.5600  3.6100  3.8800
                     5.0300  6.3200  4.4600  4.5100  4.7800  5.9200
                     7.2200

      cell_fall ( del_15_5_5_w ) :
         VALUES :    2.9300  2.9600  3.1300  3.9400  4.9000  2.9800
                     3.0100  3.1900  4.0000  4.9600  3.0900  3.1200
                     3.3000  4.0900  5.0600  3.2400  3.2800  3.4600
                     4.2500  5.2200  3.7400  3.7800  3.9500  4.7500
                     5.7200

      rise_transition ( del_15_5_5_w ) :
         VALUES :    0.9900  1.1000  1.6500  4.1500  6.8800  0.9900
                     1.1000  1.6500  4.1500  6.8800  0.9900  1.1000
                     1.6500  4.1500  6.8800  0.9900  1.1000  1.6500
                     4.1500  6.8800  0.9900  1.1000  1.6500  4.1500
                     6.8800

      fall_transition ( del_15_5_5_w ) :
         VALUES :    0.7700  0.8200  1.1600  2.9300  5.2200  0.7700
                     0.8200  1.1600  2.9300  5.2200  0.7700  0.8200
                     1.1600  2.9300  5.2200  0.7700  0.8200  1.1600
                     2.9300  5.2200  0.7700  0.8200  1.1600  2.9300
                     5.2200

    DELAY: OEN, PAD, enable, neg_unate, '', ( ,  ), ( ,  ), ( ,  );
      cell_rise ( del_15_5_5_w ) :
         VALUES :    3.2400  3.2900  3.5400  4.6300  5.8700  3.2800
                     3.3400  3.5800  4.6800  5.9100  3.3600  3.4100
                     3.6700  4.7600  6.0000  3.4900  3.5400  3.8000
                     4.8900  6.1300  3.9000  3.9500  4.2100  5.3000
                     6.5400

      cell_fall ( del_15_5_5_w ) :
         VALUES :    2.5900  2.6300  2.8100  3.6600  4.6900  2.6500
                     2.6800  2.8700  3.7100  4.7400  2.7500  2.7800
                     2.9700  3.8100  4.8400  2.8900  2.9300  3.1100
                     3.9600  4.9900  3.3500  3.3900  3.5700  4.4100
                     5.4500

      rise_transition ( del_15_5_5_w ) :
         VALUES :    0.9500  1.0400  1.5800  3.9400  6.5500  0.9500
                     1.0400  1.5800  3.9400  6.5500  0.9500  1.0400
                     1.5800  3.9400  6.5500  0.9500  1.0400  1.5700
                     3.9400  6.5500  0.9500  1.0400  1.5700  3.9400
                     6.5500

      fall_transition ( del_15_5_5_w ) :
         VALUES :    0.6600  0.7400  1.1200  3.0900  5.5400  0.6600
                     0.7400  1.1200  3.0900  5.5400  0.6600  0.7400
                     1.1200  3.0900  5.5400  0.6600  0.7400  1.1200
                     3.0900  5.5400  0.6600  0.7400  1.1300  3.0900
                     5.5400

  END_PIN PAD;
END_CELL pc3b05u;

CELL(pc3c01): 2359.821533;

  PIN(CCLK): in, 0.145, 14, , , ;
  END_PIN CCLK;

  PIN(CP): out, 0, 3046.899902, 3, 30.469, , ;
    DELAY: CCLK, CP, prop, pos_unate, '', ( ,  ), ( ,  ), ( ,  );
      cell_rise ( del_16_5_5_w ) :
         VALUES :    0.4200  0.4500  0.5800  1.1300  1.8000  0.4900
                     0.5200  0.6600  1.2000  1.8700  0.6100  0.6500
                     0.7800  1.3400  2.0100  0.8200  0.8500  0.9800
                     1.5400  2.2100  1.3900  1.4200  1.5700  2.1200
                     2.7900

      cell_fall ( del_16_5_5_w ) :
         VALUES :    0.5100  0.5500  0.6900  1.2500  1.9200  0.5800
                     0.6100  0.7600  1.3200  1.9900  0.7000  0.7500
                     0.8800  1.4400  2.1200  0.9100  0.9400  1.0700
                     1.6300  2.3100  1.4900  1.5200  1.6700  2.2200
                     2.8900

      rise_transition ( del_16_5_5_w ) :
         VALUES :    0.2300  0.2700  0.4900  1.6900  3.2600  0.2300
                     0.2700  0.4900  1.6900  3.2600  0.2300  0.2700
                     0.4900  1.6900  3.2600  0.2300  0.2700  0.4900
                     1.6900  3.2600  0.2900  0.3400  0.5300  1.7000
                     3.2600

      fall_transition ( del_16_5_5_w ) :
         VALUES :    0.2400  0.2800  0.4800  1.5600  2.9900  0.2400
                     0.2800  0.4800  1.5600  2.9900  0.2400  0.2800
                     0.4800  1.5600  2.9900  0.2400  0.2800  0.4800
                     1.5600  2.9900  0.2800  0.3200  0.5000  1.5600
                     2.9900

  END_PIN CP;
END_CELL pc3c01;

CELL(pc3d01): 2359.821533;

  PIN(PAD): in, 6.71, 671, , , ;
  END_PIN PAD;

  PIN(CIN): out, 0, 80, 3, 0.8, , ;
    DELAY: PAD, CIN, prop, pos_unate, '', ( ,  ), ( ,  ), ( ,  );
      cell_rise ( del_0_5_5_w ) :
         VALUES :    0.6000  0.6100  0.6800  1.0000  1.3800  0.5600
                     0.5700  0.6400  0.9600  1.3400  0.5200  0.5300
                     0.6100  0.9200  1.3100  0.4500  0.4700  0.5400
                     0.8500  1.2300  0.1400  0.1500  0.2300  0.5700
                     0.9600

      cell_fall ( del_0_5_5_w ) :
         VALUES :    0.5300  0.5400  0.6100  0.8100  1.0100  0.7300
                     0.7400  0.7900  1.0100  1.2100  1.0500  1.0600
                     1.1200  1.3400  1.5500  1.4900  1.5100  1.5800
                     1.8200  2.0300  2.6600  2.6800  2.7600  3.0300
                     3.2600

      rise_transition ( del_0_5_5_w ) :
         VALUES :    0.2300  0.2500  0.3800  1.0600  1.9100  0.2300
                     0.2500  0.3800  1.0600  1.9100  0.2300  0.2500
                     0.3800  1.0600  1.9100  0.2400  0.2600  0.3900
                     1.0600  1.9100  0.2700  0.2900  0.4200  1.1100
                     1.9500

      fall_transition ( del_0_5_5_w ) :
         VALUES :    0.1900  0.2100  0.2800  0.5800  0.9600  0.1900
                     0.2100  0.2800  0.5800  0.9600  0.2200  0.2300
                     0.3000  0.5900  0.9600  0.2600  0.2800  0.3500
                     0.6300  0.9900  0.3300  0.3500  0.4200  0.7100
                     1.0500

  END_PIN CIN;
END_CELL pc3d01;

CELL(pc3d01d): 2359.821533;

  PIN(PAD): in, 6.491, 649, , , ;
  END_PIN PAD;

  PIN(CIN): out, 0, 80, 3, 0.8, , ;
    DELAY: PAD, CIN, prop, pos_unate, '', ( ,  ), ( ,  ), ( ,  );
      cell_rise ( del_0_5_5_w ) :
         VALUES :    0.6200  0.6300  0.7000  1.0300  1.4200  0.5800
                     0.5900  0.6700  0.9900  1.3800  0.5600  0.5700
                     0.6500  0.9700  1.3700  0.5100  0.5300  0.6000
                     0.9300  1.3200  0.2800  0.2900  0.3700  0.7200
                     1.1200

      cell_fall ( del_0_5_5_w ) :
         VALUES :    0.5400  0.5500  0.6200  0.8200  1.0300  0.7500
                     0.7600  0.8200  1.0300  1.2400  1.0900  1.1000
                     1.1600  1.3800  1.6000  1.5500  1.5700  1.6500
                     1.8900  2.1000  2.8000  2.8200  2.9100  3.1800
                     3.4100

      rise_transition ( del_0_5_5_w ) :
         VALUES :    0.2200  0.2400  0.3600  1.0100  1.8200  0.2200
                     0.2400  0.3600  1.0100  1.8200  0.2200  0.2400
                     0.3600  1.0100  1.8200  0.2300  0.2500  0.3700
                     1.0100  1.8200  0.2600  0.2800  0.4000  1.0600
                     1.8600

      fall_transition ( del_0_5_5_w ) :
         VALUES :    0.2000  0.2200  0.3000  0.6200  1.0300  0.2000
                     0.2200  0.3000  0.6200  1.0300  0.2300  0.2400
                     0.3200  0.6400  1.0300  0.2800  0.3000  0.3700
                     0.6800  1.0600  0.3500  0.3700  0.4400  0.7600
                     1.1200

  END_PIN CIN;
END_CELL pc3d01d;

CELL(pc3d01u): 2359.821533;

  PIN(PAD): in, 6.21, 621, , , ;
  END_PIN PAD;

  PIN(CIN): out, 0, 80, 3, 0.8, , ;
    DELAY: PAD, CIN, prop, pos_unate, '', ( ,  ), ( ,  ), ( ,  );
      cell_rise ( del_0_5_5_w ) :
         VALUES :    0.6100  0.6300  0.7000  1.0200  1.4100  0.5800
                     0.5900  0.6600  0.9900  1.3800  0.5500  0.5600
                     0.6500  0.9600  1.3600  0.5000  0.5300  0.6000
                     0.9200  1.3100  0.2600  0.2700  0.3600  0.7000
                     1.1000

      cell_fall ( del_0_5_5_w ) :
         VALUES :    0.5100  0.5200  0.5800  0.7800  0.9700  0.6900
                     0.7000  0.7500  0.9600  1.1500  0.9800  0.9900
                     1.0500  1.2500  1.4600  1.3600  1.3800  1.4500
                     1.6800  1.8800  2.3900  2.4100  2.4900  2.7400
                     2.9700

      rise_transition ( del_0_5_5_w ) :
         VALUES :    0.2300  0.2500  0.3800  1.0500  1.8900  0.2300
                     0.2500  0.3800  1.0500  1.8900  0.2300  0.2500
                     0.3800  1.0500  1.8900  0.2400  0.2600  0.3900
                     1.0500  1.8900  0.2700  0.2900  0.4200  1.1000
                     1.9300

      fall_transition ( del_0_5_5_w ) :
         VALUES :    0.2000  0.2200  0.3000  0.6300  1.0300  0.2000
                     0.2200  0.3000  0.6300  1.0300  0.2300  0.2400
                     0.3200  0.6400  1.0300  0.2800  0.3000  0.3700
                     0.6800  1.0600  0.3500  0.3700  0.4500  0.7500
                     1.1300

  END_PIN CIN;
END_CELL pc3d01u;

CELL(pc3d11): 2359.821533;

  PIN(PAD): in, 6.828, 682, , , ;
  END_PIN PAD;

  PIN(CIN): out, 0, 80, 3, 0.8, , ;
    DELAY: PAD, CIN, prop, neg_unate, '', ( ,  ), ( ,  ), ( ,  );
      cell_rise ( del_0_5_5_w ) :
         VALUES :    0.8600  0.8800  0.9500  1.2800  1.6800  1.0800
                     1.1000  1.1600  1.4900  1.8900  1.4500  1.4600
                     1.5400  1.8700  2.2700  2.0000  2.0200  2.0900
                     2.4200  2.8200  3.4000  3.4100  3.4900  3.8100
                     4.2200

      cell_fall ( del_0_5_5_w ) :
         VALUES :    0.5800  0.5900  0.6200  0.7800  0.9500  0.5800
                     0.5800  0.6100  0.7600  0.9500  0.5800  0.5800
                     0.6200  0.7700  0.9500  0.5800  0.5800  0.6100
                     0.7600  0.9500  0.4200  0.4300  0.4700  0.6300
                     0.8000

      rise_transition ( del_0_5_5_w ) :
         VALUES :    0.1900  0.2100  0.3400  0.9900  1.8000  0.1900
                     0.2100  0.3400  0.9900  1.8000  0.1900  0.2100
                     0.3400  0.9900  1.8000  0.1900  0.2100  0.3400
                     0.9900  1.8000  0.2000  0.2200  0.3400  0.9900
                     1.8000

      fall_transition ( del_0_5_5_w ) :
         VALUES :    0.1100  0.1200  0.1800  0.5000  0.9000  0.1100
                     0.1200  0.1800  0.5000  0.9000  0.1100  0.1200
                     0.1800  0.5000  0.9000  0.1100  0.1200  0.1800
                     0.5000  0.9000  0.1200  0.1300  0.1900  0.5000
                     0.9000

  END_PIN CIN;
END_CELL pc3d11;

CELL(pc3d11d): 2359.821533;

  PIN(PAD): in, 6.158, 615, , , ;
  END_PIN PAD;

  PIN(CIN): out, 0, 80, 3, 0.8, , ;
    DELAY: PAD, CIN, prop, neg_unate, '', ( ,  ), ( ,  ), ( ,  );
      cell_rise ( del_0_5_5_w ) :
         VALUES :    0.8500  0.8800  0.9400  1.2600  1.6600  1.0700
                     1.0900  1.1500  1.4800  1.8700  1.4300  1.4400
                     1.5200  1.8400  2.2400  1.9700  1.9900  2.0600
                     2.3800  2.7800  3.3400  3.3500  3.4200  3.7500
                     4.1500

      cell_fall ( del_0_5_5_w ) :
         VALUES :    0.5300  0.5400  0.5700  0.7000  0.8600  0.4900
                     0.4900  0.5200  0.6600  0.8300  0.4500  0.4500
                     0.4800  0.6200  0.7900  0.3600  0.3600  0.3900
                     0.5300  0.7000 -0.0300 -0.0200  0.0100  0.1600
                     0.3200

      rise_transition ( del_0_5_5_w ) :
         VALUES :    0.1900  0.2100  0.3400  1.0000  1.8200  0.1900
                     0.2100  0.3400  1.0000  1.8200  0.1900  0.2100
                     0.3400  1.0000  1.8200  0.1900  0.2100  0.3400
                     1.0000  1.8200  0.2000  0.2200  0.3400  1.0000
                     1.8200

      fall_transition ( del_0_5_5_w ) :
         VALUES :    0.1100  0.1200  0.1800  0.5000  0.9100  0.1100
                     0.1200  0.1800  0.5000  0.9100  0.1100  0.1200
                     0.1800  0.5000  0.9100  0.1100  0.1200  0.1800
                     0.5000  0.9100  0.1200  0.1300  0.1900  0.5000
                     0.9100

  END_PIN CIN;
END_CELL pc3d11d;

CELL(pc3d11u): 2359.821533;

  PIN(PAD): in, 6.689, 668, , , ;
  END_PIN PAD;

  PIN(CIN): out, 0, 80, 3, 0.8, , ;
    DELAY: PAD, CIN, prop, neg_unate, '', ( ,  ), ( ,  ), ( ,  );
      cell_rise ( del_0_5_5_w ) :
         VALUES :    0.8100  0.8300  0.8900  1.2000  1.5800  0.9900
                     1.0100  1.0700  1.3800  1.7600  1.3100  1.3200
                     1.3900  1.7000  2.0800  1.7700  1.7900  1.8600
                     2.1600  2.5400  2.9300  2.9400  3.0100  3.3200
                     3.6900

      cell_fall ( del_0_5_5_w ) :
         VALUES :    0.5800  0.5900  0.6200  0.7700  0.9500  0.5700
                     0.5700  0.6100  0.7600  0.9400  0.5800  0.5800
                     0.6100  0.7600  0.9500  0.5700  0.5700  0.6000
                     0.7600  0.9400  0.4100  0.4200  0.4500  0.6100
                     0.7900

      rise_transition ( del_0_5_5_w ) :
         VALUES :    0.1800  0.2000  0.3200  0.9300  1.7000  0.1800
                     0.2000  0.3200  0.9300  1.7000  0.1800  0.2000
                     0.3200  0.9300  1.7000  0.1800  0.2000  0.3200
                     0.9300  1.7000  0.1900  0.2100  0.3200  0.9300
                     1.7000

      fall_transition ( del_0_5_5_w ) :
         VALUES :    0.1200  0.1300  0.1900  0.5200  0.9500  0.1200
                     0.1300  0.1900  0.5200  0.9500  0.1200  0.1300
                     0.1900  0.5200  0.9500  0.1200  0.1300  0.1900
                     0.5200  0.9500  0.1300  0.1400  0.2000  0.5200
                     0.9500

  END_PIN CIN;
END_CELL pc3d11u;

CELL(pc3d21): 2359.821533;

  PIN(PAD): in, 6.275, 627, , , ;
  END_PIN PAD;

  PIN(CIN): out, 0, 80, 3, 0.8, , ;
    DELAY: PAD, CIN, prop, pos_unate, '', ( ,  ), ( ,  ), ( ,  );
      cell_rise ( del_0_5_5_w ) :
         VALUES :    0.6300  0.6400  0.7100  0.9900  1.3300  0.6100
                     0.6200  0.6900  0.9700  1.3100  0.6400  0.6500
                     0.7100  0.9900  1.3400  0.6800  0.6900  0.7500
                     1.0400  1.3800  0.8300  0.8400  0.9000  1.1900
                     1.5400

      cell_fall ( del_0_5_5_w ) :
         VALUES :    0.3700  0.3800  0.4300  0.6400  0.8900  0.5700
                     0.5800  0.6200  0.8300  1.0900  0.8800  0.8900
                     0.9400  1.1600  1.4100  1.3200  1.3300  1.3800
                     1.6000  1.8500  2.5300  2.5400  2.6000  2.8200
                     3.0700

      rise_transition ( del_0_5_5_w ) :
         VALUES :    0.1700  0.1900  0.3100  0.8800  1.5800  0.1700
                     0.2000  0.3100  0.8800  1.5800  0.1700  0.1900
                     0.3000  0.8700  1.5800  0.1700  0.2000  0.3100
                     0.8800  1.5800  0.1800  0.2000  0.3100  0.8800
                     1.5900

      fall_transition ( del_0_5_5_w ) :
         VALUES :    0.1700  0.1800  0.2700  0.7300  1.3300  0.1700
                     0.1900  0.2700  0.7300  1.3300  0.1900  0.2000
                     0.2800  0.7400  1.3300  0.2000  0.2200  0.2900
                     0.7400  1.3300  0.2600  0.2600  0.3100  0.7400
                     1.3300

  END_PIN CIN;
END_CELL pc3d21;

CELL(pc3d21d): 2359.821533;

  PIN(PAD): in, 6.204, 620, , , ;
  END_PIN PAD;

  PIN(CIN): out, 0, 80, 3, 0.8, , ;
    DELAY: PAD, CIN, prop, pos_unate, '', ( ,  ), ( ,  ), ( ,  );
      cell_rise ( del_0_5_5_w ) :
         VALUES :    0.6300  0.6400  0.7100  0.9900  1.3300  0.6100
                     0.6200  0.6900  0.9700  1.3100  0.6400  0.6500
                     0.7100  0.9900  1.3400  0.6800  0.6900  0.7500
                     1.0400  1.3800  0.8400  0.8500  0.9100  1.2000
                     1.5500

      cell_fall ( del_0_5_5_w ) :
         VALUES :    0.3700  0.3800  0.4300  0.6400  0.8800  0.5600
                     0.5700  0.6100  0.8200  1.0800  0.8600  0.8700
                     0.9200  1.1400  1.3800  1.2900  1.3000  1.3500
                     1.5700  1.8200  2.4600  2.4700  2.5300  2.7400
                     2.9900

      rise_transition ( del_0_5_5_w ) :
         VALUES :    0.1800  0.2000  0.3300  0.9300  1.6700  0.1800
                     0.2100  0.3300  0.9300  1.6700  0.1800  0.2000
                     0.3200  0.9200  1.6700  0.1800  0.2100  0.3300
                     0.9300  1.6700  0.1900  0.2100  0.3300  0.9300
                     1.6800

      fall_transition ( del_0_5_5_w ) :
         VALUES :    0.1800  0.1900  0.2800  0.7600  1.3800  0.1800
                     0.2000  0.2800  0.7600  1.3800  0.2000  0.2100
                     0.2900  0.7700  1.3800  0.2100  0.2300  0.3000
                     0.7700  1.3800  0.2700  0.2700  0.3200  0.7700
                     1.3800

  END_PIN CIN;
END_CELL pc3d21d;

CELL(pc3d21u): 2359.821533;

  PIN(PAD): in, 6.303, 630, , , ;
  END_PIN PAD;

  PIN(CIN): out, 0, 80, 3, 0.8, , ;
    DELAY: PAD, CIN, prop, pos_unate, '', ( ,  ), ( ,  ), ( ,  );
      cell_rise ( del_0_5_5_w ) :
         VALUES :    0.6800  0.6900  0.7700  1.0700  1.4400  0.6900
                     0.7000  0.7700  1.0700  1.4400  0.7600  0.7700
                     0.8400  1.1400  1.5200  0.8800  0.8900  0.9500
                     1.2700  1.6300  1.2700  1.2800  1.3500  1.6600
                     2.0400

      cell_fall ( del_0_5_5_w ) :
         VALUES :    0.3700  0.3800  0.4300  0.6400  0.8900  0.5700
                     0.5800  0.6200  0.8400  1.1000  0.8800  0.8900
                     0.9400  1.1600  1.4100  1.3200  1.3300  1.3800
                     1.6100  1.8600  2.5400  2.5500  2.6100  2.8200
                     3.0800

      rise_transition ( del_0_5_5_w ) :
         VALUES :    0.1700  0.1900  0.3100  0.8600  1.5500  0.1700
                     0.2000  0.3100  0.8600  1.5500  0.1700  0.1900
                     0.3000  0.8500  1.5500  0.1700  0.2000  0.3100
                     0.8600  1.5500  0.1800  0.2000  0.3100  0.8600
                     1.5600

      fall_transition ( del_0_5_5_w ) :
         VALUES :    0.1800  0.1900  0.2900  0.7700  1.4100  0.1800
                     0.2000  0.2900  0.7700  1.4100  0.2000  0.2100
                     0.3000  0.7800  1.4100  0.2100  0.2300  0.3100
                     0.7800  1.4100  0.2800  0.2800  0.3300  0.7800
                     1.4100

  END_PIN CIN;
END_CELL pc3d21u;

CELL(pc3d31): 2359.821533;

  PIN(PAD): in, 6.741, 674, , , ;
  END_PIN PAD;

  PIN(CIN): out, 0, 80, 3, 0.8, , ;
    DELAY: PAD, CIN, prop, neg_unate, '', ( ,  ), ( ,  ), ( ,  );
      cell_rise ( del_0_5_5_w ) :
         VALUES :    0.4700  0.4800  0.5300  0.8000  1.1300  0.6700
                     0.6800  0.7400  1.0100  1.3400  0.9900  1.0000
                     1.0500  1.3200  1.6400  1.4200  1.4300  1.4900
                     1.7600  2.0900  2.6500  2.6600  2.7200  2.9800
                     3.3100

      cell_fall ( del_0_5_5_w ) :
         VALUES :    0.6700  0.6800  0.7300  0.9500  1.2100  0.6600
                     0.6700  0.7200  0.9500  1.2000  0.7000  0.7100
                     0.7600  0.9800  1.2400  0.7500  0.7600  0.8200
                     1.0400  1.2900  0.9400  0.9500  1.0000  1.2300
                     1.4800

      rise_transition ( del_0_5_5_w ) :
         VALUES :    0.1800  0.1900  0.3100  0.9000  1.6300  0.1700
                     0.1900  0.3100  0.9000  1.6300  0.1800  0.2000
                     0.3100  0.9000  1.6300  0.1800  0.2000  0.3100
                     0.9000  1.6400  0.1800  0.2000  0.3100  0.9000
                     1.6400

      fall_transition ( del_0_5_5_w ) :
         VALUES :    0.2000  0.2200  0.3200  0.8200  1.4600  0.2000
                     0.2200  0.3200  0.8200  1.4600  0.2000  0.2200
                     0.3200  0.8200  1.4600  0.2000  0.2200  0.3200
                     0.8200  1.4600  0.2000  0.2200  0.3200  0.8200
                     1.4600

  END_PIN CIN;
END_CELL pc3d31;

CELL(pc3d31d): 2359.821533;

  PIN(PAD): in, 6.235, 623, , , ;
  END_PIN PAD;

  PIN(CIN): out, 0, 80, 3, 0.8, , ;
    DELAY: PAD, CIN, prop, neg_unate, '', ( ,  ), ( ,  ), ( ,  );
      cell_rise ( del_0_5_5_w ) :
         VALUES :    0.4700  0.4800  0.5300  0.7900  1.1200  0.6600
                     0.6700  0.7300  0.9900  1.3200  0.9700  0.9800
                     1.0300  1.2900  1.6100  1.3900  1.4000  1.4600
                     1.7200  2.0400  2.5700  2.5800  2.6400  2.9000
                     3.2300

      cell_fall ( del_0_5_5_w ) :
         VALUES :    0.6700  0.6800  0.7300  0.9500  1.2000  0.6600
                     0.6700  0.7200  0.9400  1.2000  0.7000  0.7100
                     0.7600  0.9700  1.2300  0.7500  0.7600  0.8100
                     1.0300  1.2800  0.9300  0.9400  0.9900  1.2100
                     1.4700

      rise_transition ( del_0_5_5_w ) :
         VALUES :    0.1800  0.1900  0.3000  0.8800  1.5900  0.1700
                     0.1900  0.3000  0.8800  1.5900  0.1800  0.2000
                     0.3000  0.8800  1.5900  0.1800  0.2000  0.3000
                     0.8800  1.6000  0.1800  0.2000  0.3000  0.8800
                     1.6000

      fall_transition ( del_0_5_5_w ) :
         VALUES :    0.2000  0.2200  0.3100  0.8100  1.4600  0.2000
                     0.2200  0.3100  0.8100  1.4600  0.2000  0.2200
                     0.3100  0.8100  1.4600  0.2000  0.2200  0.3100
                     0.8100  1.4600  0.2000  0.2200  0.3100  0.8100
                     1.4600

  END_PIN CIN;
END_CELL pc3d31d;

CELL(pc3d31u): 2359.821533;

  PIN(PAD): in, 6.388, 638, , , ;
  END_PIN PAD;

  PIN(CIN): out, 0, 80, 3, 0.8, , ;
    DELAY: PAD, CIN, prop, neg_unate, '', ( ,  ), ( ,  ), ( ,  );
      cell_rise ( del_0_5_5_w ) :
         VALUES :    0.4700  0.4800  0.5300  0.8000  1.1300  0.6700
                     0.6800  0.7400  1.0000  1.3300  0.9800  0.9900
                     1.0400  1.3100  1.6300  1.4100  1.4200  1.4800
                     1.7400  2.0700  2.6300  2.6400  2.7000  2.9600
                     3.2900

      cell_fall ( del_0_5_5_w ) :
         VALUES :    0.6800  0.6900  0.7400  0.9700  1.2300  0.6800
                     0.6900  0.7400  0.9700  1.2300  0.7300  0.7400
                     0.7900  1.0100  1.2800  0.8000  0.8100  0.8600
                     1.0900  1.3500  1.0400  1.0500  1.1000  1.3300
                     1.5900

      rise_transition ( del_0_5_5_w ) :
         VALUES :    0.1800  0.1900  0.3100  0.8900  1.6200  0.1700
                     0.1900  0.3100  0.8900  1.6200  0.1800  0.2000
                     0.3100  0.8900  1.6200  0.1800  0.2000  0.3100
                     0.8900  1.6300  0.1800  0.2000  0.3100  0.8900
                     1.6300

      fall_transition ( del_0_5_5_w ) :
         VALUES :    0.1800  0.2000  0.2900  0.7400  1.3300  0.1800
                     0.2000  0.2900  0.7400  1.3300  0.1800  0.2000
                     0.2900  0.7400  1.3300  0.1800  0.2000  0.2900
                     0.7400  1.3300  0.1800  0.2000  0.2900  0.7400
                     1.3300

  END_PIN CIN;
END_CELL pc3d31u;

CELL(pc3o01): 2359.821533;

  PIN(I): in, 0.077, 7, , , ;
  END_PIN I;

  PIN(PAD): out, 0, 8000, 10, 80, , ;
    DELAY: I, PAD, prop, pos_unate, '', ( ,  ), ( ,  ), ( ,  );
      cell_rise ( del_17_5_5_w ) :
         VALUES :    2.7000  2.8500  3.6300  7.5200 12.3600  2.7800
                     2.9200  3.7000  7.5900 12.4500  2.9300  3.0700
                     3.8500  7.7400 12.6000  3.1800  3.3400  4.1200
                     8.0100 12.8600  4.0800  4.2300  5.0100  8.9000
                    13.7500

      cell_fall ( del_17_5_5_w ) :
         VALUES :    2.6200  2.7200  3.2800  6.0000  9.2100  2.6600
                     2.7700  3.3200  6.0500  9.2600  2.7500  2.8600
                     3.4100  6.1300  9.3400  2.8800  2.9900  3.5400
                     6.2600  9.4700  3.3000  3.4000  3.9500  6.6800
                     9.8600

      rise_transition ( del_17_5_5_w ) :
         VALUES :    1.8500  2.1900  3.9700 12.0400 21.7700  1.8600
                     2.1900  3.9700 12.0500 21.8000  1.8600  2.1900
                     3.9700 12.0500 21.7900  1.8600  2.1900  3.9700
                    12.0500 21.7900  1.8600  2.1900  3.9700 12.0500
                    21.8000

      fall_transition ( del_17_5_5_w ) :
         VALUES :    1.4000  1.6400  2.9500  9.3800 17.0700  1.4000
                     1.6400  2.9500  9.3800 17.0700  1.4000  1.6400
                     2.9500  9.3800 17.0700  1.4000  1.6400  2.9500
                     9.3800 17.0700  1.4000  1.6400  2.9500  9.3800
                    17.0700

  END_PIN PAD;
END_CELL pc3o01;

CELL(pc3o02): 2359.821533;

  PIN(I): in, 0.074, 7, , , ;
  END_PIN I;

  PIN(PAD): out, 0, 8000, 10, 80, , ;
    DELAY: I, PAD, prop, pos_unate, '', ( ,  ), ( ,  ), ( ,  );
      cell_rise ( del_17_5_5_w ) :
         VALUES :    2.7000  2.7900  3.2200  5.2400  7.7400  2.7700
                     2.8600  3.3000  5.3200  7.8100  2.9300  3.0100
                     3.4400  5.4700  7.9600  3.1800  3.2800  3.7100
                     5.7300  8.2300  4.0900  4.1700  4.6000  6.6200
                     9.1200

      cell_fall ( del_17_5_5_w ) :
         VALUES :    2.6600  2.7200  3.0500  4.5600  6.4400  2.7100
                     2.7800  3.0900  4.6200  6.5000  2.8000  2.8600
                     3.1900  4.7100  6.5900  2.9400  3.0000  3.3200
                     4.8500  6.7300  3.3700  3.4400  3.7500  5.2800
                     7.1600

      rise_transition ( del_17_5_5_w ) :
         VALUES :    1.0900  1.2600  2.1500  6.4700 11.5200  1.0900
                     1.2600  2.1500  6.4700 11.5200  1.0900  1.2600
                     2.1500  6.4700 11.5200  1.0900  1.2600  2.1500
                     6.4700 11.5200  1.0900  1.2600  2.1500  6.4700
                    11.5200

      fall_transition ( del_17_5_5_w ) :
         VALUES :    0.9000  1.0300  1.7200  5.2900  9.5600  0.9000
                     1.0300  1.7200  5.2900  9.5600  0.9000  1.0300
                     1.7200  5.2900  9.5600  0.9000  1.0300  1.7200
                     5.2900  9.5600  0.9000  1.0300  1.7200  5.2900
                     9.5600

  END_PIN PAD;
END_CELL pc3o02;

CELL(pc3o03): 2359.821533;

  PIN(I): in, 0.073, 7, , , ;
  END_PIN I;

  PIN(PAD): out, 0, 8000, 10, 80, , ;
    DELAY: I, PAD, prop, pos_unate, '', ( ,  ), ( ,  ), ( ,  );
      cell_rise ( del_17_5_5_w ) :
         VALUES :    2.6000  2.6600  2.9900  4.4900  6.3500  2.6600
                     2.7300  3.0500  4.5500  6.4100  2.8100  2.8600
                     3.1900  4.7000  6.5600  3.0500  3.1100  3.4400
                     4.9500  6.8000  3.8800  3.9400  4.2700  5.7700
                     7.6300

      cell_fall ( del_17_5_5_w ) :
         VALUES :    2.7100  2.7600  3.0100  4.2100  5.6900  2.7700
                     2.8100  3.0600  4.2700  5.7400  2.8600  2.9100
                     3.1700  4.3700  5.8400  3.0100  3.0600  3.3200
                     4.5200  5.9900  3.5000  3.5400  3.8000  5.0000
                     6.4700

      rise_transition ( del_17_5_5_w ) :
         VALUES :    0.9100  1.0400  1.7500  5.2700  9.2700  0.9100
                     1.0400  1.7500  5.2700  9.2700  0.9100  1.0400
                     1.7500  5.2700  9.2700  0.9100  1.0400  1.7500
                     5.2700  9.2700  0.9100  1.0400  1.7500  5.2700
                     9.2700

      fall_transition ( del_17_5_5_w ) :
         VALUES :    0.7700  0.8800  1.4200  4.2300  7.6900  0.7700
                     0.8800  1.4200  4.2300  7.6900  0.7700  0.8800
                     1.4200  4.2300  7.6900  0.7700  0.8800  1.4200
                     4.2300  7.6900  0.7700  0.8800  1.4200  4.2300
                     7.6800

  END_PIN PAD;
END_CELL pc3o03;

CELL(pc3o04): 2359.821533;

  PIN(I): in, 0.071, 7, , , ;
  END_PIN I;

  PIN(PAD): out, 0, 8000, 10, 80, , ;
    DELAY: I, PAD, prop, pos_unate, '', ( ,  ), ( ,  ), ( ,  );
      cell_rise ( del_17_5_5_w ) :
         VALUES :    2.8500  2.9000  3.1700  4.4200  5.9100  2.9200
                     2.9800  3.2500  4.4900  5.9900  3.0800  3.1300
                     3.4200  4.6500  6.1400  3.3600  3.4100  3.6800
                     4.9300  6.4200  4.2700  4.3300  4.6100  5.8400
                     7.3300

      cell_fall ( del_17_5_5_w ) :
         VALUES :    2.8600  2.9000  3.1100  4.0900  5.2800  2.9100
                     2.9500  3.1700  4.1500  5.3300  3.0200  3.0600
                     3.2800  4.2600  5.4400  3.1900  3.2300  3.4500
                     4.4200  5.6100  3.7000  3.7400  3.9600  4.9400
                     6.1200

      rise_transition ( del_17_5_5_w ) :
         VALUES :    0.7600  0.8600  1.4000  4.0600  7.1800  0.7600
                     0.8600  1.4000  4.0600  7.1800  0.7600  0.8600
                     1.4000  4.0600  7.1800  0.7600  0.8600  1.4000
                     4.0600  7.1800  0.7600  0.8600  1.4000  4.0600
                     7.1800

      fall_transition ( del_17_5_5_w ) :
         VALUES :    0.6800  0.7700  1.1800  3.3300  6.0800  0.6800
                     0.7700  1.1800  3.3300  6.0800  0.6800  0.7700
                     1.1800  3.3300  6.0800  0.6800  0.7700  1.1800
                     3.3300  6.0800  0.6800  0.7700  1.1800  3.3300
                     6.0800

  END_PIN PAD;
END_CELL pc3o04;

CELL(pc3o05): 2359.821533;

  PIN(I): in, 0.077, 7, , , ;
  END_PIN I;

  PIN(PAD): out, 0, 8000, 10, 80, , ;
    DELAY: I, PAD, prop, pos_unate, '', ( ,  ), ( ,  ), ( ,  );
      cell_rise ( del_17_5_5_w ) :
         VALUES :    2.9900  3.0400  3.2800  4.3100  5.5100  3.0700
                     3.1100  3.3500  4.3900  5.5900  3.2300  3.2800
                     3.5100  4.5400  5.7400  3.5000  3.5600  3.7900
                     4.8200  6.0200  4.4300  4.4800  4.7200  5.7500
                     6.9500

      cell_fall ( del_17_5_5_w ) :
         VALUES :    2.7900  2.8400  3.0000  3.7800  4.7000  2.8500
                     2.8800  3.0500  3.8300  4.7600  2.9500  2.9800
                     3.1500  3.9300  4.8500  3.0900  3.1200  3.2900
                     4.0700  5.0000  3.5300  3.5700  3.7400  4.5100
                     5.4400

      rise_transition ( del_17_5_5_w ) :
         VALUES :    0.7000  0.7900  1.2200  3.3900  6.0100  0.7000
                     0.7900  1.2200  3.3900  6.0100  0.7000  0.7900
                     1.2200  3.3900  6.0100  0.7000  0.7900  1.2200
                     3.3900  6.0100  0.7000  0.7900  1.2200  3.3900
                     6.0100

      fall_transition ( del_17_5_5_w ) :
         VALUES :    0.6100  0.6700  0.9900  2.6400  4.7600  0.6100
                     0.6700  0.9900  2.6400  4.7600  0.6100  0.6700
                     0.9900  2.6400  4.7600  0.6100  0.6700  0.9900
                     2.6400  4.7600  0.6100  0.6700  0.9900  2.6400
                     4.7600

  END_PIN PAD;
END_CELL pc3o05;

CELL(pc3t01): 2359.821533;

  PIN(OEN): in, 0.077, 7, , , ;
  END_PIN OEN;

  PIN(I): in, 0.08, 8, , , ;
  END_PIN I;

  PIN(PAD): out, 7.187, 8000, 10, 80, , ;
    DELAY: OEN, PAD, disable, pos_unate, '', ( ,  ), ( ,  ), ( ,  );
      cell_rise ( del_18_5_5_w ) :
         VALUES :    1.7600  1.7600  1.7600  1.7700  1.7700  1.8300
                     1.8300  1.8300  1.8300  1.8300  1.9900  1.9900
                     1.9900  1.9900  1.9900  2.2400  2.2400  2.2400
                     2.2400  2.2400  3.1200  3.1200  3.1200  3.1200
                     3.1200

      cell_fall ( del_18_5_5_w ) :
         VALUES :    2.5500  2.5500  2.5500  2.5500  2.5500  2.6200
                     2.6200  2.6200  2.6200  2.6200  2.7900  2.7900
                     2.7900  2.7900  2.7900  3.0800  3.0800  3.0800
                     3.0800  3.0800  4.0400  4.0400  4.0400  4.0400
                     4.0400

      rise_transition ( del_18_5_5_w ) :
         VALUES :    0.0000  0.0000  0.0000  0.0000  0.0000  0.0000
                     0.0000  0.0000  0.0000  0.0000  0.0000  0.0000
                     0.0000  0.0000  0.0000  0.0000  0.0000  0.0000
                     0.0000  0.0000  0.0000  0.0000  0.0000  0.0000
                     0.0000

      fall_transition ( del_18_5_5_w ) :
         VALUES :    0.0000  0.0000  0.0000  0.0000  0.0000  0.0000
                     0.0000  0.0000  0.0000  0.0000  0.0000  0.0000
                     0.0000  0.0000  0.0000  0.0000  0.0000  0.0000
                     0.0000  0.0000  0.0000  0.0000  0.0000  0.0000
                     0.0000

    DELAY: I, PAD, prop, pos_unate, '', ( ,  ), ( ,  ), ( ,  );
      cell_rise ( del_18_5_5_w ) :
         VALUES :    3.0800  3.2400  4.1000  8.2700 13.3300  3.1600
                     3.3300  4.1900  8.3600 13.4000  3.3200  3.4900
                     4.3500  8.5200 13.5600  3.6100  3.7800  4.6400
                     8.8100 13.8500  4.5700  4.7400  5.6000  9.7700
                    14.8100

      cell_fall ( del_18_5_5_w ) :
         VALUES :    2.6000  2.7100  3.2800  6.0200  9.4000  2.6500
                     2.7600  3.3300  6.0500  9.4500  2.7400  2.8500
                     3.4000  6.1400  9.5400  2.8700  2.9700  3.5300
                     6.2700  9.6700  3.2700  3.3800  3.9500  6.6900
                    10.0700

      rise_transition ( del_18_5_5_w ) :
         VALUES :    2.2500  2.5900  4.2500 11.5100 20.2300  2.2500
                     2.5900  4.2500 11.5100 20.2300  2.2500  2.5900
                     4.2500 11.5100 20.2300  2.2500  2.5900  4.2500
                    11.5100 20.2300  2.2500  2.5900  4.2500 11.5100
                    20.2300

      fall_transition ( del_18_5_5_w ) :
         VALUES :    1.5400  1.7800  3.0700  9.4400 17.3500  1.5400
                     1.7800  3.0700  9.4400 17.3500  1.5400  1.7800
                     3.0700  9.4400 17.3500  1.5400  1.7800  3.0700
                     9.4400 17.3500  1.5400  1.7800  3.0700  9.4400
                    17.3500

    DELAY: OEN, PAD, enable, neg_unate, '', ( ,  ), ( ,  ), ( ,  );
      cell_rise ( del_18_5_5_w ) :
         VALUES :    3.9200  4.0900  4.9700  9.2100 14.3600  3.9800
                     4.1500  5.0200  9.2600 14.4100  4.0900  4.2600
                     5.1300  9.3700 14.5200  4.2500  4.4300  5.3000
                     9.5400 14.6900  4.7700  4.9400  5.8200 10.0500
                    15.2100

      cell_fall ( del_18_5_5_w ) :
         VALUES :    2.9400  3.0600  3.6800  6.7200 10.4800  3.0000
                     3.1200  3.7500  6.7800 10.5500  3.1100  3.2300
                     3.8600  6.8900 10.6600  3.2700  3.3900  4.0200
                     7.0500 10.8200  3.8000  3.9100  4.5300  7.5800
                    11.3300

      rise_transition ( del_18_5_5_w ) :
         VALUES :    2.2900  2.6400  4.3200 11.7200 20.5900  2.2900
                     2.6400  4.3200 11.7200 20.5900  2.2900  2.6400
                     4.3200 11.7200 20.5900  2.2900  2.6400  4.3200
                    11.7200 20.5900  2.2900  2.6400  4.3200 11.7200
                    20.5900

      fall_transition ( del_18_5_5_w ) :
         VALUES :    1.5500  1.7900  3.1100  9.5900 17.6600  1.5500
                     1.7900  3.1100  9.5900 17.6600  1.5500  1.7900
                     3.1100  9.5900 17.6600  1.5500  1.7900  3.1100
                     9.5900 17.6600  1.5500  1.7900  3.1100  9.5900
                    17.6600

  END_PIN PAD;
END_CELL pc3t01;

CELL(pc3t01d): 2359.821533;

  PIN(OEN): in, 0.077, 7, , , ;
  END_PIN OEN;

  PIN(I): in, 0.078, 7, , , ;
  END_PIN I;

  PIN(PAD): out, 6.771, 8000, 10, 80, , ;
    DELAY: OEN, PAD, disable, pos_unate, '', ( ,  ), ( ,  ), ( ,  );
      cell_rise ( del_19_5_5_w ) :
         VALUES :    1.8600  1.8600  1.8600  1.8600  1.8600  1.9400
                     1.9400  1.9400  1.9400  1.9400  2.1100  2.1100
                     2.1100  2.1100  2.1100  2.4000  2.4000  2.4000
                     2.4000  2.4000  3.3600  3.3600  3.3600  3.3600
                     3.3600

      cell_fall ( del_19_5_5_w ) :
         VALUES :    2.3800  2.3800  2.3800  2.3800  2.3800  2.4600
                     2.4600  2.4600  2.4600  2.4600  2.6000  2.6000
                     2.6000  2.6000  2.6000  2.8500  2.8500  2.8500
                     2.8500  2.8500  3.7200  3.7200  3.7200  3.7200
                     3.7200

      rise_transition ( del_19_5_5_w ) :
         VALUES :    0.0000  0.0000  0.0000  0.0000  0.0000  0.0000
                     0.0000  0.0000  0.0000  0.0000  0.0000  0.0000
                     0.0000  0.0000  0.0000  0.0000  0.0000  0.0000
                     0.0000  0.0000  0.0000  0.0000  0.0000  0.0000
                     0.0000

      fall_transition ( del_19_5_5_w ) :
         VALUES :    0.0000  0.0000  0.0000  0.0000  0.0000  0.0000
                     0.0000  0.0000  0.0000  0.0000  0.0000  0.0000
                     0.0000  0.0000  0.0000  0.0000  0.0000  0.0000
                     0.0000  0.0000  0.0000  0.0000  0.0000  0.0000
                     0.0000

    DELAY: I, PAD, prop, pos_unate, '', ( ,  ), ( ,  ), ( ,  );
      cell_rise ( del_19_5_5_w ) :
         VALUES :    3.0600  3.2300  4.0900  8.2300 13.2600  3.1400
                     3.3100  4.1600  8.3000 13.3300  3.3000  3.4700
                     4.3200  8.4600 13.4900  3.5800  3.7400  4.6000
                     8.7500 13.7700  4.5300  4.7000  5.5500  9.6900
                    14.7200

      cell_fall ( del_19_5_5_w ) :
         VALUES :    2.6100  2.7200  3.2800  6.0000  9.3800  2.6500
                     2.7600  3.3200  6.0500  9.4300  2.7400  2.8500
                     3.4000  6.1300  9.5200  2.8700  2.9700  3.5300
                     6.2600  9.6500  3.2700  3.3800  3.9500  6.6800
                    10.0500

      rise_transition ( del_19_5_5_w ) :
         VALUES :    2.3600  2.7100  4.4500 12.0200 21.1200  2.3600
                     2.7100  4.4500 12.0200 21.1200  2.3600  2.7100
                     4.4500 12.0200 21.1200  2.3600  2.7100  4.4500
                    12.0200 21.1200  2.3600  2.7100  4.4500 12.0200
                    21.1200

      fall_transition ( del_19_5_5_w ) :
         VALUES :    1.6500  1.9000  3.2800 10.0800 18.5100  1.6500
                     1.9000  3.2800 10.0800 18.5100  1.6500  1.9000
                     3.2800 10.0800 18.5100  1.6500  1.9000  3.2800
                    10.0800 18.5100  1.6500  1.9000  3.2800 10.0800
                    18.5100

    DELAY: OEN, PAD, enable, neg_unate, '', ( ,  ), ( ,  ), ( ,  );
      cell_rise ( del_19_5_5_w ) :
         VALUES :    3.7400  3.8900  4.7300  8.7800 13.6800  3.7800
                     3.9500  4.7700  8.8200 13.7200  3.8800  4.0300
                     4.8700  8.9200 13.8200  4.0200  4.1800  5.0200
                     9.0600 13.9700  4.4700  4.6400  5.4700  9.5100
                    14.4200

      cell_fall ( del_19_5_5_w ) :
         VALUES :    2.7400  2.8500  3.4300  6.2500  9.7500  2.7800
                     2.8900  3.4700  6.2900  9.8000  2.8700  2.9900
                     3.5600  6.3900  9.8900  3.0000  3.1100  3.6900
                     6.5200 10.0200  3.4200  3.5300  4.1200  6.9400
                    10.4400

      rise_transition ( del_19_5_5_w ) :
         VALUES :    2.3800  2.7300  4.4800 12.1000 21.2700  2.3800
                     2.7300  4.4800 12.1000 21.2600  2.3800  2.7300
                     4.4800 12.1000 21.2600  2.3800  2.7300  4.4800
                    12.1000 21.2600  2.3800  2.7300  4.4800 12.1000
                    21.2700

      fall_transition ( del_19_5_5_w ) :
         VALUES :    1.6000  1.8500  3.2100  9.9000 18.2400  1.6000
                     1.8500  3.2100  9.9000 18.2400  1.6000  1.8500
                     3.2100  9.9000 18.2400  1.6000  1.8500  3.2100
                     9.9000 18.2400  1.5900  1.8500  3.2100  9.9000
                    18.2300

  END_PIN PAD;
END_CELL pc3t01d;

CELL(pc3t01u): 2359.821533;

  PIN(OEN): in, 0.072, 7, , , ;
  END_PIN OEN;

  PIN(I): in, 0.079, 7, , , ;
  END_PIN I;

  PIN(PAD): out, 6.654, 8000, 10, 80, , ;
    DELAY: OEN, PAD, disable, pos_unate, '', ( ,  ), ( ,  ), ( ,  );
      cell_rise ( del_20_5_5_w ) :
         VALUES :    1.7400  1.7400  1.7400  1.7400  1.7400  1.8100
                     1.8100  1.8100  1.8100  1.8100  1.9600  1.9600
                     1.9600  1.9600  1.9700  2.2200  2.2200  2.2200
                     2.2200  2.2200  3.0800  3.0800  3.0800  3.0800
                     3.0800

      cell_fall ( del_20_5_5_w ) :
         VALUES :    2.3900  2.3900  2.3900  2.3900  2.3900  2.4600
                     2.4600  2.4600  2.4600  2.4600  2.6100  2.6100
                     2.6100  2.6100  2.6100  2.8600  2.8600  2.8600
                     2.8600  2.8600  3.7300  3.7300  3.7300  3.7300
                     3.7300

      rise_transition ( del_20_5_5_w ) :
         VALUES :    0.0000  0.0000  0.0000  0.0000  0.0000  0.0000
                     0.0000  0.0000  0.0000  0.0000  0.0000  0.0000
                     0.0000  0.0000  0.0000  0.0000  0.0000  0.0000
                     0.0000  0.0000  0.0000  0.0000  0.0000  0.0000
                     0.0000

      fall_transition ( del_20_5_5_w ) :
         VALUES :    0.0000  0.0000  0.0000  0.0000  0.0000  0.0000
                     0.0000  0.0000  0.0000  0.0000  0.0000  0.0000
                     0.0000  0.0000  0.0000  0.0000  0.0000  0.0000
                     0.0000  0.0000  0.0000  0.0000  0.0000  0.0000
                     0.0000

    DELAY: I, PAD, prop, pos_unate, '', ( ,  ), ( ,  ), ( ,  );
      cell_rise ( del_20_5_5_w ) :
         VALUES :    3.1100  3.2700  4.1400  8.3400 13.4300  3.2000
                     3.3600  4.2300  8.4300 13.5100  3.3600  3.5200
                     4.3900  8.5800 13.6600  3.6500  3.8200  4.6900
                     8.8800 13.9700  4.6400  4.8000  5.6700  9.8600
                    14.9500

      cell_fall ( del_20_5_5_w ) :
         VALUES :    2.7400  2.8500  3.4400  6.3200  9.8800  2.7800
                     2.9000  3.4900  6.3600  9.9300  2.8800  3.0000
                     3.5900  6.4600 10.0200  3.0300  3.1500  3.7400
                     6.6100 10.1700  3.4900  3.6100  4.2000  7.0800
                    10.6400

      rise_transition ( del_20_5_5_w ) :
         VALUES :    2.3000  2.6400  4.3400 11.7300 20.6200  2.3000
                     2.6400  4.3400 11.7300 20.6200  2.3000  2.6400
                     4.3400 11.7300 20.6200  2.3000  2.6400  4.3400
                    11.7300 20.6200  2.3100  2.6400  4.3400 11.7300
                    20.6200

      fall_transition ( del_20_5_5_w ) :
         VALUES :    1.5800  1.8200  3.1400  9.6400 17.7000  1.5800
                     1.8200  3.1400  9.6400 17.7000  1.5800  1.8200
                     3.1400  9.6400 17.7000  1.5800  1.8200  3.1400
                     9.6400 17.7000  1.5800  1.8200  3.1400  9.6400
                    17.7000

    DELAY: OEN, PAD, enable, neg_unate, '', ( ,  ), ( ,  ), ( ,  );
      cell_rise ( del_20_5_5_w ) :
         VALUES :    3.7100  3.8700  4.7000  8.7000 13.5800  3.7600
                     3.9200  4.7400  8.7600 13.6300  3.8500  4.0100
                     4.8400  8.8500 13.7200  3.9900  4.1500  4.9800
                     8.9900 13.8700  4.4200  4.5900  5.4200  9.4300
                    14.3100

      cell_fall ( del_20_5_5_w ) :
         VALUES :    2.8500  2.9700  3.5800  6.5200 10.1700  2.9100
                     3.0200  3.6200  6.5700 10.2300  3.0100  3.1300
                     3.7300  6.6700 10.3200  3.1500  3.2800  3.8800
                     6.8200 10.4700  3.6300  3.7500  4.3600  7.3000
                    10.9500

      rise_transition ( del_20_5_5_w ) :
         VALUES :    2.3800  2.7400  4.4900 12.1600 21.3700  2.3800
                     2.7400  4.4900 12.1600 21.3700  2.3800  2.7300
                     4.4800 12.1600 21.3700  2.3800  2.7300  4.4800
                    12.1600 21.3700  2.3700  2.7300  4.4800 12.1500
                    21.3700

      fall_transition ( del_20_5_5_w ) :
         VALUES :    1.5700  1.8200  3.1400  9.6800 17.8300  1.5700
                     1.8200  3.1400  9.6800 17.8300  1.5700  1.8200
                     3.1400  9.6800 17.8300  1.5700  1.8200  3.1400
                     9.6800 17.8300  1.5700  1.8200  3.1400  9.6800
                    17.8300

  END_PIN PAD;
END_CELL pc3t01u;

CELL(pc3t02): 2359.821533;

  PIN(OEN): in, 0.074, 7, , , ;
  END_PIN OEN;

  PIN(I): in, 0.077, 7, , , ;
  END_PIN I;

  PIN(PAD): out, 6.94, 8000, 10, 80, , ;
    DELAY: OEN, PAD, disable, pos_unate, '', ( ,  ), ( ,  ), ( ,  );
      cell_rise ( del_21_5_5_w ) :
         VALUES :    1.8900  1.8800  1.8800  1.8900  1.8900  1.9600
                     1.9600  1.9600  1.9600  1.9600  2.1100  2.1100
                     2.1100  2.1100  2.1100  2.3600  2.3600  2.3600
                     2.3600  2.3600  3.2200  3.2200  3.2200  3.2200
                     3.2200

      cell_fall ( del_21_5_5_w ) :
         VALUES :    2.9100  2.9100  2.9100  2.9100  2.9100  2.9900
                     2.9900  2.9900  2.9900  2.9900  3.1400  3.1400
                     3.1400  3.1400  3.1400  3.4200  3.4200  3.4200
                     3.4200  3.4200  4.3300  4.3300  4.3300  4.3300
                     4.3300

      rise_transition ( del_21_5_5_w ) :
         VALUES :    0.0000  0.0000  0.0000  0.0000  0.0000  0.0000
                     0.0000  0.0000  0.0000  0.0000  0.0000  0.0000
                     0.0000  0.0000  0.0000  0.0000  0.0000  0.0000
                     0.0000  0.0000  0.0000  0.0000  0.0000  0.0000
                     0.0000

      fall_transition ( del_21_5_5_w ) :
         VALUES :    0.0000  0.0000  0.0000  0.0000  0.0000  0.0000
                     0.0000  0.0000  0.0000  0.0000  0.0000  0.0000
                     0.0000  0.0000  0.0000  0.0000  0.0000  0.0000
                     0.0000  0.0000  0.0000  0.0000  0.0000  0.0000
                     0.0000

    DELAY: I, PAD, prop, pos_unate, '', ( ,  ), ( ,  ), ( ,  );
      cell_rise ( del_21_5_5_w ) :
         VALUES :    3.0300  3.1300  3.6300  5.9000  8.6700  3.1100
                     3.2100  3.7200  5.9800  8.7600  3.2700  3.3800
                     3.8800  6.1500  8.9200  3.5700  3.6700  4.1600
                     6.4400  9.2200  4.5400  4.6400  5.1500  7.4200
                    10.1900

      cell_fall ( del_21_5_5_w ) :
         VALUES :    2.7400  2.8100  3.1500  4.7400  6.6800  2.7900
                     2.8600  3.1900  4.7900  6.7400  2.9000  2.9600
                     3.2900  4.8900  6.8300  3.0400  3.1100  3.4400
                     5.0400  6.9800  3.5100  3.5700  3.9200  5.5000
                     7.4500

      rise_transition ( del_21_5_5_w ) :
         VALUES :    1.3900  1.5800  2.5300  6.6800 11.3600  1.3900
                     1.5800  2.5300  6.6800 11.3600  1.3900  1.5800
                     2.5300  6.6800 11.3600  1.3900  1.5800  2.5300
                     6.6800 11.3600  1.3900  1.5800  2.5300  6.6800
                    11.3600

      fall_transition ( del_21_5_5_w ) :
         VALUES :    1.0600  1.1900  1.8900  5.5600 10.1500  1.0600
                     1.1900  1.8900  5.5600 10.1500  1.0600  1.1900
                     1.8900  5.5600 10.1500  1.0600  1.1900  1.8900
                     5.5600 10.1500  1.0600  1.1900  1.8900  5.5600
                    10.1500

    DELAY: OEN, PAD, enable, neg_unate, '', ( ,  ), ( ,  ), ( ,  );
      cell_rise ( del_21_5_5_w ) :
         VALUES :    3.4100  3.5000  3.9700  6.1000  8.7100  3.4600
                     3.5500  4.0100  6.1600  8.7600  3.5400  3.6400
                     4.1100  6.2500  8.8600  3.6700  3.7700  4.2400
                     6.3700  8.9900  4.1100  4.2000  4.6600  6.8000
                     9.4100

      cell_fall ( del_21_5_5_w ) :
         VALUES :    2.7400  2.8100  3.1700  4.8600  6.9300  2.7900
                     2.8700  3.2200  4.9100  6.9800  2.9000  2.9600
                     3.3200  5.0100  7.0800  3.0500  3.1100  3.4800
                     5.1700  7.2400  3.5400  3.6100  3.9600  5.6500
                     7.7300

      rise_transition ( del_21_5_5_w ) :
         VALUES :    1.5100  1.7200  2.7500  7.2600 12.3200  1.5100
                     1.7200  2.7500  7.2600 12.3200  1.5100  1.7200
                     2.7500  7.2600 12.3200  1.5100  1.7200  2.7500
                     7.2600 12.3200  1.5100  1.7200  2.7500  7.2600
                    12.3200

      fall_transition ( del_21_5_5_w ) :
         VALUES :    1.0300  1.1700  1.9100  5.6800 10.3900  1.0300
                     1.1700  1.9100  5.6800 10.3900  1.0300  1.1700
                     1.9100  5.6800 10.3900  1.0300  1.1700  1.9100
                     5.6800 10.3900  1.0300  1.1700  1.9200  5.6800
                    10.3900

  END_PIN PAD;
END_CELL pc3t02;

CELL(pc3t02d): 2359.821533;

  PIN(OEN): in, 0.074, 7, , , ;
  END_PIN OEN;

  PIN(I): in, 0.076, 7, , , ;
  END_PIN I;

  PIN(PAD): out, 7.337, 8000, 10, 80, , ;
    DELAY: OEN, PAD, disable, pos_unate, '', ( ,  ), ( ,  ), ( ,  );
      cell_rise ( del_22_5_5_w ) :
         VALUES :    1.9000  1.9000  1.9000  1.9000  1.9000  1.9600
                     1.9600  1.9600  1.9600  1.9600  2.1200  2.1200
                     2.1200  2.1200  2.1200  2.3700  2.3700  2.3700
                     2.3700  2.3700  3.2300  3.2300  3.2300  3.2300
                     3.2300

      cell_fall ( del_22_5_5_w ) :
         VALUES :    2.9500  2.9500  2.9500  2.9500  2.9500  3.0300
                     3.0300  3.0300  3.0300  3.0300  3.1800  3.1800
                     3.1800  3.1800  3.1800  3.4600  3.4600  3.4600
                     3.4600  3.4600  4.4000  4.4000  4.4000  4.4000
                     4.4000

      rise_transition ( del_22_5_5_w ) :
         VALUES :    0.0000  0.0000  0.0000  0.0000  0.0000  0.0000
                     0.0000  0.0000  0.0000  0.0000  0.0000  0.0000
                     0.0000  0.0000  0.0000  0.0000  0.0000  0.0000
                     0.0000  0.0000  0.0000  0.0000  0.0000  0.0000
                     0.0000

      fall_transition ( del_22_5_5_w ) :
         VALUES :    0.0000  0.0000  0.0000  0.0000  0.0000  0.0000
                     0.0000  0.0000  0.0000  0.0000  0.0000  0.0000
                     0.0000  0.0000  0.0000  0.0000  0.0000  0.0000
                     0.0000  0.0000  0.0000  0.0000  0.0000  0.0000
                     0.0000

    DELAY: I, PAD, prop, pos_unate, '', ( ,  ), ( ,  ), ( ,  );
      cell_rise ( del_22_5_5_w ) :
         VALUES :    2.9900  3.0900  3.5800  5.8300  8.5800  3.0700
                     3.1700  3.6600  5.9100  8.6500  3.2400  3.3300
                     3.8200  6.0700  8.8200  3.5100  3.6100  4.1100
                     6.3600  9.0900  4.4600  4.5700  5.0600  7.3100
                    10.0400

      cell_fall ( del_22_5_5_w ) :
         VALUES :    2.6100  2.6800  3.0000  4.5100  6.3600  2.6600
                     2.7200  3.0400  4.5500  6.4000  2.7500  2.8100
                     3.1300  4.6400  6.4900  2.8800  2.9400  3.2600
                     4.7700  6.6200  3.2900  3.3500  3.6700  5.1800
                     7.0300

      rise_transition ( del_22_5_5_w ) :
         VALUES :    1.5100  1.7200  2.7400  7.2300 12.3000  1.5100
                     1.7200  2.7400  7.2300 12.3000  1.5100  1.7200
                     2.7400  7.2300 12.3000  1.5100  1.7200  2.7400
                     7.2300 12.3000  1.5100  1.7200  2.7400  7.2300
                    12.3000

      fall_transition ( del_22_5_5_w ) :
         VALUES :    1.0700  1.1900  1.9100  5.5900 10.2200  1.0700
                     1.1900  1.9100  5.5900 10.2200  1.0700  1.1900
                     1.9100  5.5900 10.2200  1.0700  1.1900  1.9100
                     5.5900 10.2200  1.0700  1.1900  1.9100  5.5900
                    10.2200

    DELAY: OEN, PAD, enable, neg_unate, '', ( ,  ), ( ,  ), ( ,  );
      cell_rise ( del_22_5_5_w ) :
         VALUES :    3.5300  3.6300  4.1200  6.3400  9.0500  3.5900
                     3.6800  4.1700  6.3900  9.0900  3.6900  3.7800
                     4.2600  6.4800  9.2000  3.8400  3.9300  4.4100
                     6.6300  9.3500  4.3000  4.4000  4.8900  7.1100
                     9.8100

      cell_fall ( del_22_5_5_w ) :
         VALUES :    2.6500  2.7200  3.0600  4.6900  6.7000  2.6900
                     2.7600  3.1000  4.7400  6.7500  2.7900  2.8600
                     3.2000  4.8400  6.8400  2.9300  2.9900  3.3400
                     4.9700  6.9800  3.3700  3.4400  3.7800  5.4200
                     7.4300

      rise_transition ( del_22_5_5_w ) :
         VALUES :    1.5300  1.7400  2.7800  7.3300 12.4400  1.5300
                     1.7400  2.7800  7.3300 12.4400  1.5300  1.7400
                     2.7800  7.3300 12.4400  1.5300  1.7400  2.7800
                     7.3300 12.4400  1.5300  1.7400  2.7800  7.3300
                    12.4400

      fall_transition ( del_22_5_5_w ) :
         VALUES :    1.0200  1.1700  1.9100  5.6400 10.3300  1.0200
                     1.1700  1.9100  5.6400 10.3300  1.0200  1.1700
                     1.9100  5.6400 10.3300  1.0200  1.1500  1.9100
                     5.6400 10.3300  1.0200  1.1500  1.9000  5.6400
                    10.3300

  END_PIN PAD;
END_CELL pc3t02d;

CELL(pc3t02u): 2359.821533;

  PIN(OEN): in, 0.074, 7, , , ;
  END_PIN OEN;

  PIN(I): in, 0.073, 7, , , ;
  END_PIN I;

  PIN(PAD): out, 7.074, 8000, 10, 80, , ;
    DELAY: OEN, PAD, disable, pos_unate, '', ( ,  ), ( ,  ), ( ,  );
      cell_rise ( del_23_5_5_w ) :
         VALUES :    1.9100  1.9100  1.9100  1.9100  1.9100  1.9900
                     1.9900  1.9900  1.9900  1.9900  2.1500  2.1500
                     2.1500  2.1500  2.1500  2.4000  2.4000  2.4000
                     2.4000  2.4000  3.2900  3.2900  3.2900  3.2900
                     3.2900

      cell_fall ( del_23_5_5_w ) :
         VALUES :    3.0100  3.0100  3.0100  3.0100  3.0100  3.0800
                     3.0800  3.0800  3.0800  3.1000  3.2600  3.2600
                     3.2600  3.2600  3.2600  3.5400  3.5400  3.5400
                     3.5400  3.5400  4.5100  4.5100  4.5100  4.5100
                     4.5100

      rise_transition ( del_23_5_5_w ) :
         VALUES :    0.0000  0.0000  0.0000  0.0000  0.0000  0.0000
                     0.0000  0.0000  0.0000  0.0000  0.0000  0.0000
                     0.0000  0.0000  0.0000  0.0000  0.0000  0.0000
                     0.0000  0.0000  0.0000  0.0000  0.0000  0.0000
                     0.0000

      fall_transition ( del_23_5_5_w ) :
         VALUES :    0.0000  0.0000  0.0000  0.0000  0.0000  0.0000
                     0.0000  0.0000  0.0000  0.0000  0.0000  0.0000
                     0.0000  0.0000  0.0000  0.0000  0.0000  0.0000
                     0.0000  0.0000  0.0000  0.0000  0.0000  0.0000
                     0.0000

    DELAY: I, PAD, prop, pos_unate, '', ( ,  ), ( ,  ), ( ,  );
      cell_rise ( del_23_5_5_w ) :
         VALUES :    2.8900  2.9800  3.4600  5.6300  8.2700  2.9700
                     3.0600  3.5400  5.7000  8.3400  3.1200  3.2100
                     3.6900  5.8500  8.4900  3.3900  3.4800  3.9600
                     6.1200  8.7600  4.2800  4.3800  4.8500  7.0200
                     9.6600

      cell_fall ( del_23_5_5_w ) :
         VALUES :    2.6300  2.6900  3.0100  4.5400  6.4100  2.6700
                     2.7300  3.0700  4.5800  6.4500  2.7600  2.8300
                     3.1500  4.6700  6.5400  2.9000  2.9600  3.2800
                     4.8100  6.6800  3.3100  3.3800  3.7000  5.2300
                     7.0900

      rise_transition ( del_23_5_5_w ) :
         VALUES :    1.4800  1.6900  2.7000  7.1300 12.1100  1.4800
                     1.6900  2.7000  7.1300 12.1000  1.4800  1.6900
                     2.7000  7.1300 12.1000  1.4800  1.6900  2.7000
                     7.1300 12.1100  1.4800  1.6900  2.7000  7.1300
                    12.1100

      fall_transition ( del_23_5_5_w ) :
         VALUES :    1.0500  1.1800  1.8800  5.5000 10.0500  1.0500
                     1.1800  1.8700  5.5000 10.0500  1.0500  1.1800
                     1.8800  5.5000 10.0500  1.0500  1.1800  1.8700
                     5.5000 10.0500  1.0500  1.1800  1.8700  5.5000
                    10.0500

    DELAY: OEN, PAD, enable, neg_unate, '', ( ,  ), ( ,  ), ( ,  );
      cell_rise ( del_23_5_5_w ) :
         VALUES :    3.5300  3.6300  4.1200  6.3400  9.0500  3.5900
                     3.6900  4.1700  6.3900  9.1000  3.6800  3.7900
                     4.2700  6.4900  9.2000  3.8400  3.9300  4.4200
                     6.6400  9.3500  4.3100  4.4000  4.8900  7.1000
                     9.8200

      cell_fall ( del_23_5_5_w ) :
         VALUES :    2.7300  2.7900  3.1500  4.8300  6.8900  2.7800
                     2.8500  3.2000  4.8800  6.9500  2.8800  2.9500
                     3.3000  4.9800  7.0500  3.0300  3.1100  3.4500
                     5.1400  7.2100  3.5200  3.5800  3.9400  5.6200
                     7.6800

      rise_transition ( del_23_5_5_w ) :
         VALUES :    1.4600  1.6600  2.6600  7.0000 11.9000  1.4600
                     1.6600  2.6600  7.0000 11.9000  1.4600  1.6600
                     2.6600  7.0000 11.9000  1.4600  1.6500  2.6600
                     7.0000 11.9000  1.4500  1.6500  2.6600  7.0000
                    11.9000

      fall_transition ( del_23_5_5_w ) :
         VALUES :    1.0700  1.2200  2.0000  5.9100 10.8100  1.0700
                     1.2200  2.0000  5.9100 10.8100  1.0700  1.2200
                     2.0000  5.9100 10.8100  1.0700  1.2200  2.0000
                     5.9100 10.8100  1.0700  1.2200  2.0000  5.9100
                    10.8100

  END_PIN PAD;
END_CELL pc3t02u;

CELL(pc3t03): 2359.821533;

  PIN(OEN): in, 0.076, 7, , , ;
  END_PIN OEN;

  PIN(I): in, 0.08, 8, , , ;
  END_PIN I;

  PIN(PAD): out, 7.164, 8000, 10, 80, , ;
    DELAY: OEN, PAD, disable, pos_unate, '', ( ,  ), ( ,  ), ( ,  );
      cell_rise ( del_24_5_5_w ) :
         VALUES :    2.3800  2.3800  2.3800  2.3800  2.3800  2.4600
                     2.4600  2.4600  2.4600  2.4600  2.6200  2.6200
                     2.6200  2.6200  2.6200  2.9100  2.9100  2.9100
                     2.9100  2.9100  3.8600  3.8600  3.8600  3.8600
                     3.8600

      cell_fall ( del_24_5_5_w ) :
         VALUES :    3.4500  3.4500  3.4500  3.4500  3.4500  3.5300
                     3.5300  3.5300  3.5300  3.5300  3.6800  3.6800
                     3.6800  3.6900  3.6900  3.9400  3.9400  3.9400
                     3.9400  3.9400  4.8200  4.8200  4.8200  4.8200
                     4.8200

      rise_transition ( del_24_5_5_w ) :
         VALUES :    0.0000  0.0000  0.0000  0.0000  0.0000  0.0000
                     0.0000  0.0000  0.0000  0.0000  0.0000  0.0000
                     0.0000  0.0000  0.0000  0.0000  0.0000  0.0000
                     0.0000  0.0000  0.0000  0.0000  0.0000  0.0000
                     0.0000

      fall_transition ( del_24_5_5_w ) :
         VALUES :    0.0000  0.0000  0.0000  0.0000  0.0000  0.0000
                     0.0000  0.0000  0.0000  0.0000  0.0000  0.0000
                     0.0000  0.0000  0.0000  0.0000  0.0000  0.0000
                     0.0000  0.0000  0.0000  0.0000  0.0000  0.0000
                     0.0000

    DELAY: I, PAD, prop, pos_unate, '', ( ,  ), ( ,  ), ( ,  );
      cell_rise ( del_24_5_5_w ) :
         VALUES :    2.9500  3.0300  3.4200  5.1800  7.2900  3.0300
                     3.1000  3.5000  5.2600  7.3700  3.1900  3.2700
                     3.6700  5.4200  7.5300  3.4700  3.5600  3.9400
                     5.7000  7.8200  4.4200  4.5100  4.9000  6.6500
                     8.7700

      cell_fall ( del_24_5_5_w ) :
         VALUES :    2.6300  2.6700  2.9200  4.1000  5.5400  2.6800
                     2.7300  2.9800  4.1600  5.6000  2.7700  2.8300
                     3.0700  4.2500  5.7000  2.9200  2.9700  3.2100
                     4.3900  5.8400  3.3600  3.4100  3.6600  4.8400
                     6.2800

      rise_transition ( del_24_5_5_w ) :
         VALUES :    1.2800  1.4400  2.2700  5.9100  9.7900  1.2800
                     1.4400  2.2700  5.9100  9.7900  1.2800  1.4400
                     2.2700  5.9100  9.7900  1.2800  1.4400  2.2700
                     5.9100  9.7900  1.2800  1.4400  2.2700  5.9100
                     9.7900

      fall_transition ( del_24_5_5_w ) :
         VALUES :    0.8200  0.9100  1.4300  4.0400  7.3300  0.8200
                     0.9100  1.4300  4.0400  7.3300  0.8200  0.9100
                     1.4300  4.0400  7.3300  0.8200  0.9100  1.4300
                     4.0400  7.3300  0.8200  0.9100  1.4300  4.0400
                     7.3300

    DELAY: OEN, PAD, enable, neg_unate, '', ( ,  ), ( ,  ), ( ,  );
      cell_rise ( del_24_5_5_w ) :
         VALUES :    3.3800  3.4500  3.8400  5.5700  7.6400  3.4200
                     3.5100  3.8900  5.6100  7.7000  3.5300  3.6000
                     3.9900  5.7200  7.7900  3.6800  3.7600  4.1500
                     5.8700  7.9600  4.1700  4.2400  4.6300  6.3600
                     8.4400

      cell_fall ( del_24_5_5_w ) :
         VALUES :    2.6000  2.6500  2.9000  4.1800  5.7400  2.6500
                     2.7000  2.9600  4.2300  5.7800  2.7500  2.8000
                     3.0700  4.3300  5.8900  2.9000  2.9500  3.2200
                     4.4800  6.0400  3.3700  3.4300  3.6900  4.9600
                     6.5200

      rise_transition ( del_24_5_5_w ) :
         VALUES :    1.2600  1.4300  2.2500  5.8800  9.7700  1.2600
                     1.4300  2.2500  5.8800  9.7700  1.2600  1.4300
                     2.2500  5.8800  9.7700  1.2600  1.4300  2.2500
                     5.8800  9.7700  1.2600  1.4300  2.2500  5.8800
                     9.7700

      fall_transition ( del_24_5_5_w ) :
         VALUES :    0.8600  0.9800  1.5900  4.6600  8.4900  0.8600
                     0.9800  1.5900  4.6600  8.4900  0.8600  0.9800
                     1.5900  4.6600  8.4900  0.8600  0.9800  1.5900
                     4.6600  8.4900  0.8600  0.9800  1.5900  4.6600
                     8.4900

  END_PIN PAD;
END_CELL pc3t03;

CELL(pc3t03d): 2359.821533;

  PIN(OEN): in, 0.078, 7, , , ;
  END_PIN OEN;

  PIN(I): in, 0.076, 7, , , ;
  END_PIN I;

  PIN(PAD): out, 7.586, 8000, 10, 80, , ;
    DELAY: OEN, PAD, disable, pos_unate, '', ( ,  ), ( ,  ), ( ,  );
      cell_rise ( del_25_5_5_w ) :
         VALUES :    2.3300  2.3300  2.3300  2.3300  2.3300  2.4100
                     2.4100  2.4100  2.4100  2.4100  2.5700  2.5700
                     2.5700  2.5700  2.5700  2.8500  2.8500  2.8500
                     2.8500  2.8500  3.7700  3.7700  3.7700  3.7700
                     3.7700

      cell_fall ( del_25_5_5_w ) :
         VALUES :    3.3400  3.3400  3.3400  3.3400  3.3400  3.4000
                     3.4000  3.4000  3.4000  3.4000  3.5400  3.5400
                     3.5400  3.5400  3.5400  3.7900  3.7900  3.7900
                     3.7900  3.7900  4.6100  4.6100  4.6100  4.6100
                     4.6100

      rise_transition ( del_25_5_5_w ) :
         VALUES :    0.0000  0.0000  0.0000  0.0000  0.0000  0.0000
                     0.0000  0.0000  0.0000  0.0000  0.0000  0.0000
                     0.0000  0.0000  0.0000  0.0000  0.0000  0.0000
                     0.0000  0.0000  0.0000  0.0000  0.0000  0.0000
                     0.0000

      fall_transition ( del_25_5_5_w ) :
         VALUES :    0.0000  0.0000  0.0000  0.0000  0.0000  0.0000
                     0.0000  0.0000  0.0000  0.0000  0.0000  0.0000
                     0.0000  0.0000  0.0000  0.0000  0.0000  0.0000
                     0.0000  0.0000  0.0000  0.0000  0.0000  0.0000
                     0.0000

    DELAY: I, PAD, prop, pos_unate, '', ( ,  ), ( ,  ), ( ,  );
      cell_rise ( del_25_5_5_w ) :
         VALUES :    2.9600  3.0500  3.4400  5.2100  7.3400  3.0400
                     3.1300  3.5300  5.2800  7.4200  3.2100  3.2900
                     3.6900  5.4600  7.5800  3.4900  3.5800  3.9700
                     5.7400  7.8700  4.4600  4.5300  4.9300  6.7000
                     8.8200

      cell_fall ( del_25_5_5_w ) :
         VALUES :    2.6900  2.7400  2.9900  4.2100  5.6800  2.7500
                     2.8000  3.0500  4.2500  5.7300  2.8500  2.9000
                     3.1500  4.3600  5.8300  3.0000  3.0500  3.3100
                     4.5100  5.9800  3.4700  3.5300  3.7800  4.9800
                     6.4600

      rise_transition ( del_25_5_5_w ) :
         VALUES :    1.2900  1.4600  2.3000  5.9700  9.8800  1.2900
                     1.4600  2.3000  5.9700  9.8800  1.2900  1.4600
                     2.3000  5.9700  9.8800  1.2900  1.4600  2.3000
                     5.9700  9.8800  1.2900  1.4600  2.3000  5.9700
                     9.8800

      fall_transition ( del_25_5_5_w ) :
         VALUES :    0.8600  0.9500  1.4800  4.2100  7.6100  0.8600
                     0.9500  1.4800  4.2100  7.6100  0.8600  0.9500
                     1.4800  4.2100  7.6100  0.8600  0.9500  1.4800
                     4.2100  7.6100  0.8600  0.9500  1.4800  4.2100
                     7.6100

    DELAY: OEN, PAD, enable, neg_unate, '', ( ,  ), ( ,  ), ( ,  );
      cell_rise ( del_25_5_5_w ) :
         VALUES :    3.3200  3.3900  3.7800  5.4700  7.5300  3.3800
                     3.4500  3.8200  5.5300  7.5800  3.4700  3.5500
                     3.9200  5.6200  7.6700  3.6100  3.7000  4.0700
                     5.7800  7.8300  4.0800  4.1500  4.5400  6.2400
                     8.2900

      cell_fall ( del_25_5_5_w ) :
         VALUES :    2.5200  2.5700  2.8300  4.0500  5.5700  2.5700
                     2.6200  2.8700  4.1000  5.6100  2.6600  2.7100
                     2.9600  4.1900  5.7100  2.8000  2.8500  3.1000
                     4.3300  5.8500  3.2300  3.2900  3.5400  4.7700
                     6.2800

      rise_transition ( del_25_5_5_w ) :
         VALUES :    1.2000  1.3600  2.1400  5.5700  9.2500  1.2000
                     1.3600  2.1400  5.5800  9.2500  1.2000  1.3600
                     2.1400  5.5800  9.2500  1.2000  1.3600  2.1400
                     5.5800  9.2500  1.2000  1.3600  2.1400  5.5800
                     9.2500

      fall_transition ( del_25_5_5_w ) :
         VALUES :    0.8200  0.9200  1.5100  4.4400  8.0800  0.8200
                     0.9200  1.5100  4.4400  8.0800  0.8200  0.9200
                     1.5100  4.4400  8.0800  0.8200  0.9200  1.5100
                     4.4400  8.0800  0.8100  0.9200  1.5000  4.4400
                     8.0800

  END_PIN PAD;
END_CELL pc3t03d;

CELL(pc3t03u): 2359.821533;

  PIN(OEN): in, 0.071, 7, , , ;
  END_PIN OEN;

  PIN(I): in, 0.075, 7, , , ;
  END_PIN I;

  PIN(PAD): out, 7.076, 8000, 10, 80, , ;
    DELAY: OEN, PAD, disable, pos_unate, '', ( ,  ), ( ,  ), ( ,  );
      cell_rise ( del_26_5_5_w ) :
         VALUES :    2.2700  2.2700  2.2700  2.2700  2.2700  2.3400
                     2.3400  2.3400  2.3400  2.3400  2.4900  2.4900
                     2.4900  2.4900  2.4900  2.7500  2.7500  2.7500
                     2.7500  2.7500  3.6200  3.6200  3.6200  3.6200
                     3.6200

      cell_fall ( del_26_5_5_w ) :
         VALUES :    3.5800  3.5800  3.5800  3.5800  3.5800  3.6500
                     3.6500  3.6500  3.6600  3.6600  3.8200  3.8200
                     3.8200  3.8200  3.8200  4.0900  4.0900  4.0900
                     4.0900  4.0900  5.0300  5.0300  5.0300  5.0300
                     5.0400

      rise_transition ( del_26_5_5_w ) :
         VALUES :    0.0000  0.0000  0.0000  0.0000  0.0000  0.0000
                     0.0000  0.0000  0.0000  0.0000  0.0000  0.0000
                     0.0000  0.0000  0.0000  0.0000  0.0000  0.0000
                     0.0000  0.0000  0.0000  0.0000  0.0000  0.0000
                     0.0000

      fall_transition ( del_26_5_5_w ) :
         VALUES :    0.0000  0.0000  0.0000  0.0000  0.0000  0.0000
                     0.0000  0.0000  0.0000  0.0000  0.0000  0.0000
                     0.0000  0.0000  0.0000  0.0000  0.0000  0.0000
                     0.0000  0.0000  0.0000  0.0000  0.0000  0.0000
                     0.0000

    DELAY: I, PAD, prop, pos_unate, '', ( ,  ), ( ,  ), ( ,  );
      cell_rise ( del_26_5_5_w ) :
         VALUES :    2.9300  3.0000  3.3900  5.1400  7.2300  3.0100
                     3.0800  3.4700  5.2100  7.3100  3.1600  3.2500
                     3.6300  5.3800  7.4700  3.4400  3.5200  3.9100
                     5.6600  7.7500  4.3800  4.4700  4.8500  6.6000
                     8.6900

      cell_fall ( del_26_5_5_w ) :
         VALUES :    2.5900  2.6300  2.8800  4.0300  5.4600  2.6300
                     2.6800  2.9200  4.0800  5.5000  2.7200  2.7700
                     3.0100  4.1800  5.5900  2.8600  2.9100  3.1500
                     4.3100  5.7300  3.2800  3.3300  3.5700  4.7300
                     6.1500

      rise_transition ( del_26_5_5_w ) :
         VALUES :    1.1800  1.3300  2.1000  5.4600  9.0600  1.1800
                     1.3300  2.1000  5.4600  9.0600  1.1800  1.3300
                     2.1000  5.4600  9.0600  1.1800  1.3300  2.1000
                     5.4700  9.0600  1.1800  1.3300  2.1000  5.4700
                     9.0600

      fall_transition ( del_26_5_5_w ) :
         VALUES :    0.8400  0.9400  1.4600  4.1300  7.4700  0.8400
                     0.9400  1.4600  4.1300  7.4700  0.8400  0.9400
                     1.4600  4.1300  7.4700  0.8400  0.9400  1.4600
                     4.1300  7.4700  0.8400  0.9400  1.4600  4.1300
                     7.4700

    DELAY: OEN, PAD, enable, neg_unate, '', ( ,  ), ( ,  ), ( ,  );
      cell_rise ( del_26_5_5_w ) :
         VALUES :    3.2700  3.3400  3.7200  5.4000  7.4100  3.3200
                     3.4000  3.7700  5.4400  7.4700  3.4100  3.4900
                     3.8600  5.5400  7.5500  3.5500  3.6200  4.0000
                     5.6800  7.6900  3.9900  4.0700  4.4500  6.1200
                     8.1400

      cell_fall ( del_26_5_5_w ) :
         VALUES :    2.5400  2.5900  2.8500  4.0800  5.6000  2.5800
                     2.6300  2.8900  4.1200  5.6500  2.6800  2.7300
                     2.9900  4.2200  5.7400  2.8200  2.8700  3.1300
                     4.3600  5.8800  3.2700  3.3100  3.5700  4.8100
                     6.3300

      rise_transition ( del_26_5_5_w ) :
         VALUES :    1.1800  1.3400  2.1100  5.5000  9.1500  1.1800
                     1.3400  2.1100  5.5000  9.1500  1.1800  1.3400
                     2.1100  5.5000  9.1500  1.1800  1.3400  2.1100
                     5.5000  9.1500  1.1800  1.3400  2.1100  5.5000
                     9.1500

      fall_transition ( del_26_5_5_w ) :
         VALUES :    0.8600  0.9700  1.5800  4.6100  8.3900  0.8600
                     0.9700  1.5800  4.6100  8.3900  0.8600  0.9700
                     1.5800  4.6100  8.3900  0.8600  0.9700  1.5800
                     4.6100  8.4000  0.8600  0.9700  1.5800  4.6100
                     8.4000

  END_PIN PAD;
END_CELL pc3t03u;

CELL(pc3t04): 2359.821533;

  PIN(OEN): in, 0.078, 7, , , ;
  END_PIN OEN;

  PIN(I): in, 0.078, 7, , , ;
  END_PIN I;

  PIN(PAD): out, 7.432, 8000, 10, 80, , ;
    DELAY: OEN, PAD, disable, pos_unate, '', ( ,  ), ( ,  ), ( ,  );
      cell_rise ( del_27_5_5_w ) :
         VALUES :    2.5300  2.5300  2.5300  2.5300  2.5300  2.6100
                     2.6100  2.6100  2.6100  2.6100  2.7800  2.7800
                     2.7800  2.7800  2.7800  3.0600  3.0600  3.0700
                     3.0700  3.0700  4.0400  4.0400  4.0400  4.0400
                     4.0400

      cell_fall ( del_27_5_5_w ) :
         VALUES :    3.9400  3.9400  3.9400  3.9400  3.9400  4.0200
                     4.0200  4.0200  4.0200  4.0200  4.1700  4.1700
                     4.1700  4.1700  4.1700  4.4400  4.4400  4.4400
                     4.4400  4.4400  5.3400  5.3400  5.3400  5.3400
                     5.3400

      rise_transition ( del_27_5_5_w ) :
         VALUES :    0.0000  0.0000  0.0000  0.0000  0.0000  0.0000
                     0.0000  0.0000  0.0000  0.0000  0.0000  0.0000
                     0.0000  0.0000  0.0000  0.0000  0.0000  0.0000
                     0.0000  0.0000  0.0000  0.0000  0.0000  0.0000
                     0.0000

      fall_transition ( del_27_5_5_w ) :
         VALUES :    0.0000  0.0000  0.0000  0.0000  0.0000  0.0000
                     0.0000  0.0000  0.0000  0.0000  0.0000  0.0000
                     0.0000  0.0000  0.0000  0.0000  0.0000  0.0000
                     0.0000  0.0000  0.0000  0.0000  0.0000  0.0000
                     0.0000

    DELAY: I, PAD, prop, pos_unate, '', ( ,  ), ( ,  ), ( ,  );
      cell_rise ( del_27_5_5_w ) :
         VALUES :    2.9500  3.0100  3.3400  4.6900  6.2900  3.0300
                     3.0900  3.4100  4.7700  6.3600  3.1800  3.2500
                     3.5600  4.9200  6.5100  3.4500  3.5100  3.8300
                     5.1900  6.7800  4.3500  4.4200  4.7300  6.0900
                     7.6800

      cell_fall ( del_27_5_5_w ) :
         VALUES :    2.7000  2.7400  2.9400  3.8600  5.0000  2.7500
                     2.7900  2.9900  3.9100  5.0400  2.8400  2.8800
                     3.0900  4.0100  5.1400  2.9800  3.0200  3.2300
                     4.1500  5.2800  3.4300  3.4700  3.6700  4.5900
                     5.7200

      rise_transition ( del_27_5_5_w ) :
         VALUES :    1.0300  1.1600  1.7900  4.5500  7.5200  1.0300
                     1.1600  1.7900  4.5500  7.5200  1.0300  1.1600
                     1.7900  4.5500  7.5200  1.0300  1.1600  1.7900
                     4.5500  7.5200  1.0300  1.1600  1.7900  4.5500
                     7.5200

      fall_transition ( del_27_5_5_w ) :
         VALUES :    0.7800  0.8500  1.2700  3.4000  6.1000  0.7800
                     0.8500  1.2700  3.4000  6.1000  0.7800  0.8500
                     1.2700  3.4000  6.1000  0.7800  0.8500  1.2700
                     3.4000  6.1000  0.7800  0.8500  1.2700  3.4000
                     6.1000

    DELAY: OEN, PAD, enable, neg_unate, '', ( ,  ), ( ,  ), ( ,  );
      cell_rise ( del_27_5_5_w ) :
         VALUES :    3.2100  3.2700  3.5700  4.8800  6.4000  3.2600
                     3.3200  3.6200  4.9200  6.4500  3.3400  3.4100
                     3.7100  5.0100  6.5300  3.4700  3.5300  3.8400
                     5.1400  6.6600  3.8900  3.9500  4.2500  5.5500
                     7.0800

      cell_fall ( del_27_5_5_w ) :
         VALUES :    2.6300  2.6700  2.8900  3.9200  5.1800  2.6900
                     2.7300  2.9400  3.9800  5.2400  2.7800  2.8300
                     3.0500  4.0800  5.3400  2.9400  2.9800  3.2000
                     4.2300  5.4900  3.4400  3.4800  3.6900  4.7200
                     5.9900

      rise_transition ( del_27_5_5_w ) :
         VALUES :    1.0800  1.2000  1.8600  4.7600  7.8800  1.0800
                     1.2000  1.8600  4.7600  7.8800  1.0800  1.2000
                     1.8600  4.7600  7.8800  1.0800  1.2000  1.8600
                     4.7600  7.8800  1.0800  1.2000  1.8600  4.7600
                     7.8800

      fall_transition ( del_27_5_5_w ) :
         VALUES :    0.7100  0.8000  1.2700  3.5800  6.4800  0.7100
                     0.8000  1.2700  3.5800  6.4900  0.7100  0.8000
                     1.2700  3.5800  6.4900  0.7100  0.8000  1.2700
                     3.5800  6.4800  0.7100  0.8000  1.2700  3.5800
                     6.4900

  END_PIN PAD;
END_CELL pc3t04;

CELL(pc3t04d): 2359.821533;

  PIN(OEN): in, 0.077, 7, , , ;
  END_PIN OEN;

  PIN(I): in, 0.076, 7, , , ;
  END_PIN I;

  PIN(PAD): out, 7.367, 8000, 10, 80, , ;
    DELAY: OEN, PAD, disable, pos_unate, '', ( ,  ), ( ,  ), ( ,  );
      cell_rise ( del_28_5_5_w ) :
         VALUES :    2.3800  2.3800  2.3800  2.3800  2.3800  2.4600
                     2.4600  2.4600  2.4600  2.4600  2.6100  2.6100
                     2.6100  2.6100  2.6100  2.8700  2.8700  2.8700
                     2.8700  2.8700  3.7300  3.7300  3.7300  3.7300
                     3.7300

      cell_fall ( del_28_5_5_w ) :
         VALUES :    4.0600  4.0600  4.0600  4.0600  4.0600  4.1400
                     4.1400  4.1400  4.1400  4.1400  4.3000  4.3000
                     4.3000  4.3000  4.3000  4.5900  4.5900  4.5900
                     4.5900  4.5900  5.5300  5.5300  5.5300  5.5300
                     5.5300

      rise_transition ( del_28_5_5_w ) :
         VALUES :    0.0000  0.0000  0.0000  0.0000  0.0000  0.0000
                     0.0000  0.0000  0.0000  0.0000  0.0000  0.0000
                     0.0000  0.0000  0.0000  0.0000  0.0000  0.0000
                     0.0000  0.0000  0.0000  0.0000  0.0000  0.0000
                     0.0000

      fall_transition ( del_28_5_5_w ) :
         VALUES :    0.0000  0.0000  0.0000  0.0000  0.0000  0.0000
                     0.0000  0.0000  0.0000  0.0000  0.0000  0.0000
                     0.0000  0.0000  0.0000  0.0000  0.0000  0.0000
                     0.0000  0.0000  0.0000  0.0000  0.0000  0.0000
                     0.0000

    DELAY: I, PAD, prop, pos_unate, '', ( ,  ), ( ,  ), ( ,  );
      cell_rise ( del_28_5_5_w ) :
         VALUES :    3.0200  3.0900  3.4100  4.8000  6.4200  3.1000
                     3.1600  3.4900  4.8700  6.5000  3.2600  3.3300
                     3.6400  5.0400  6.6700  3.5300  3.6100  3.9200
                     5.3100  6.9400  4.4800  4.5400  4.8600  6.2500
                     7.8800

      cell_fall ( del_28_5_5_w ) :
         VALUES :    2.7600  2.8000  3.0000  3.9500  5.1000  2.8200
                     2.8500  3.0600  4.0100  5.1600  2.9100  2.9500
                     3.1600  4.1000  5.2500  3.0600  3.1000  3.3100
                     4.2500  5.4000  3.5400  3.5700  3.7800  4.7300
                     5.8800

      rise_transition ( del_28_5_5_w ) :
         VALUES :    1.0900  1.2200  1.8900  4.8200  7.9500  1.0900
                     1.2200  1.8900  4.8200  7.9500  1.0900  1.2200
                     1.8900  4.8200  7.9500  1.0900  1.2200  1.8900
                     4.8200  7.9500  1.0900  1.2200  1.8900  4.8200
                     7.9500

      fall_transition ( del_28_5_5_w ) :
         VALUES :    0.8100  0.8900  1.3200  3.5500  6.3600  0.8100
                     0.8900  1.3200  3.5500  6.3600  0.8100  0.8900
                     1.3200  3.5500  6.3600  0.8100  0.8900  1.3200
                     3.5500  6.3600  0.8100  0.8900  1.3200  3.5500
                     6.3600

    DELAY: OEN, PAD, enable, neg_unate, '', ( ,  ), ( ,  ), ( ,  );
      cell_rise ( del_28_5_5_w ) :
         VALUES :    3.4800  3.5400  3.8800  5.2900  6.9600  3.5400
                     3.6100  3.9300  5.3500  7.0100  3.6500  3.7200
                     4.0400  5.4600  7.1200  3.8200  3.8800  4.2100
                     5.6200  7.2800  4.3300  4.3900  4.7200  6.1400
                     7.8000

      cell_fall ( del_28_5_5_w ) :
         VALUES :    2.6800  2.7300  2.9400  4.0000  5.2800  2.7300
                     2.7800  3.0100  4.0500  5.3400  2.8400  2.8900
                     3.1100  4.1600  5.4400  3.0100  3.0500  3.2700
                     4.3200  5.6000  3.5200  3.5600  3.7800  4.8300
                     6.1200

      rise_transition ( del_28_5_5_w ) :
         VALUES :    1.0200  1.1500  1.7700  4.5000  7.4500  1.0200
                     1.1500  1.7700  4.5000  7.4500  1.0200  1.1500
                     1.7700  4.5000  7.4500  1.0200  1.1500  1.7700
                     4.5000  7.4500  1.0200  1.1500  1.7700  4.5000
                     7.4500

      fall_transition ( del_28_5_5_w ) :
         VALUES :    0.7500  0.8500  1.3400  3.7900  6.8600  0.7500
                     0.8500  1.3400  3.7900  6.8600  0.7500  0.8500
                     1.3400  3.7900  6.8600  0.7500  0.8400  1.3400
                     3.7900  6.8600  0.7400  0.8400  1.3400  3.7900
                     6.8600

  END_PIN PAD;
END_CELL pc3t04d;

CELL(pc3t04u): 2359.821533;

  PIN(OEN): in, 0.076, 7, , , ;
  END_PIN OEN;

  PIN(I): in, 0.079, 7, , , ;
  END_PIN I;

  PIN(PAD): out, 7.647, 8000, 10, 80, , ;
    DELAY: OEN, PAD, disable, pos_unate, '', ( ,  ), ( ,  ), ( ,  );
      cell_rise ( del_29_5_5_w ) :
         VALUES :    2.5000  2.5000  2.5000  2.5000  2.5000  2.5800
                     2.5800  2.5800  2.5800  2.5800  2.7400  2.7400
                     2.7400  2.7400  2.7400  3.0200  3.0200  3.0200
                     3.0200  3.0200  3.9800  3.9800  3.9800  3.9800
                     3.9800

      cell_fall ( del_29_5_5_w ) :
         VALUES :    3.9100  3.9100  3.9100  3.9100  3.9100  3.9700
                     3.9700  3.9700  3.9700  3.9700  4.1300  4.1300
                     4.1300  4.1300  4.1300  4.3800  4.3800  4.3800
                     4.3800  4.3800  5.2600  5.2600  5.2600  5.2600
                     5.2600

      rise_transition ( del_29_5_5_w ) :
         VALUES :    0.0000  0.0000  0.0000  0.0000  0.0000  0.0000
                     0.0000  0.0000  0.0000  0.0000  0.0000  0.0000
                     0.0000  0.0000  0.0000  0.0000  0.0000  0.0000
                     0.0000  0.0000  0.0000  0.0000  0.0000  0.0000
                     0.0000

      fall_transition ( del_29_5_5_w ) :
         VALUES :    0.0000  0.0000  0.0000  0.0000  0.0000  0.0000
                     0.0000  0.0000  0.0000  0.0000  0.0000  0.0000
                     0.0000  0.0000  0.0000  0.0000  0.0000  0.0000
                     0.0000  0.0000  0.0000  0.0000  0.0000  0.0000
                     0.0000

    DELAY: I, PAD, prop, pos_unate, '', ( ,  ), ( ,  ), ( ,  );
      cell_rise ( del_29_5_5_w ) :
         VALUES :    2.9000  2.9600  3.2800  4.6100  6.1700  2.9800
                     3.0400  3.3400  4.6900  6.2400  3.1200  3.1900
                     3.5000  4.8300  6.3900  3.3800  3.4400  3.7600
                     5.0900  6.6500  4.2500  4.3100  4.6300  5.9600
                     7.5200

      cell_fall ( del_29_5_5_w ) :
         VALUES :    2.7300  2.7700  2.9700  3.9100  5.0500  2.7900
                     2.8300  3.0200  3.9600  5.1000  2.8800  2.9200
                     3.1200  4.0600  5.2000  3.0300  3.0600  3.2700
                     4.2000  5.3400  3.4800  3.5300  3.7200  4.6600
                     5.8000

      rise_transition ( del_29_5_5_w ) :
         VALUES :    1.0700  1.2100  1.8600  4.7600  7.8600  1.0700
                     1.2100  1.8700  4.7600  7.8600  1.0700  1.2100
                     1.8700  4.7600  7.8600  1.0700  1.2100  1.8600
                     4.7600  7.8600  1.0700  1.2100  1.8600  4.7600
                     7.8600

      fall_transition ( del_29_5_5_w ) :
         VALUES :    0.7700  0.8400  1.2600  3.3700  6.0500  0.7700
                     0.8400  1.2600  3.3700  6.0500  0.7700  0.8400
                     1.2600  3.3700  6.0500  0.7700  0.8400  1.2600
                     3.3700  6.0500  0.7700  0.8400  1.2600  3.3700
                     6.0500

    DELAY: OEN, PAD, enable, neg_unate, '', ( ,  ), ( ,  ), ( ,  );
      cell_rise ( del_29_5_5_w ) :
         VALUES :    3.3500  3.4100  3.7300  5.0900  6.6800  3.4000
                     3.4600  3.7700  5.1300  6.7400  3.5000  3.5600
                     3.8800  5.2400  6.8300  3.6400  3.7100  4.0200
                     5.3800  6.9800  4.1000  4.1700  4.4900  5.8500
                     7.4400

      cell_fall ( del_29_5_5_w ) :
         VALUES :    2.5700  2.6100  2.8200  3.8200  5.0600  2.6200
                     2.6600  2.8700  3.8800  5.1100  2.7200  2.7600
                     2.9700  3.9800  5.2100  2.8500  2.9000  3.1100
                     4.1200  5.3600  3.3200  3.3600  3.5800  4.5800
                     5.8100

      rise_transition ( del_29_5_5_w ) :
         VALUES :    1.0500  1.1800  1.8200  4.6500  7.6800  1.0500
                     1.1800  1.8200  4.6500  7.6800  1.0500  1.1800
                     1.8200  4.6500  7.6800  1.0500  1.1800  1.8200
                     4.6500  7.6800  1.0500  1.1800  1.8200  4.6500
                     7.6800

      fall_transition ( del_29_5_5_w ) :
         VALUES :    0.7700  0.8600  1.3500  3.8200  6.9200  0.7700
                     0.8600  1.3500  3.8300  6.9200  0.7700  0.8600
                     1.3500  3.8300  6.9200  0.7700  0.8600  1.3500
                     3.8300  6.9200  0.7700  0.8600  1.3500  3.8300
                     6.9200

  END_PIN PAD;
END_CELL pc3t04u;

CELL(pc3t05): 2359.821533;

  PIN(OEN): in, 0.074, 7, , , ;
  END_PIN OEN;

  PIN(I): in, 0.082, 8, , , ;
  END_PIN I;

  PIN(PAD): out, 8.104, 8000, 10, 80, , ;
    DELAY: OEN, PAD, disable, pos_unate, '', ( ,  ), ( ,  ), ( ,  );
      cell_rise ( del_30_5_5_w ) :
         VALUES :    2.4800  2.4800  2.4800  2.4800  2.4800  2.5600
                     2.5600  2.5600  2.5600  2.5600  2.7000  2.7000
                     2.7000  2.7000  2.7000  2.9500  2.9500  2.9500
                     2.9500  2.9500  3.8100  3.8100  3.8100  3.8100
                     3.8100

      cell_fall ( del_30_5_5_w ) :
         VALUES :    4.4900  4.4900  4.4900  4.4900  4.4900  4.5700
                     4.5700  4.5700  4.5700  4.5700  4.7300  4.7300
                     4.7300  4.7300  4.7300  5.0100  5.0100  5.0100
                     5.0100  5.0100  5.9400  5.9400  5.9400  5.9400
                     5.9400

      rise_transition ( del_30_5_5_w ) :
         VALUES :    0.0000  0.0000  0.0000  0.0000  0.0000  0.0000
                     0.0000  0.0000  0.0000  0.0000  0.0000  0.0000
                     0.0000  0.0000  0.0000  0.0000  0.0000  0.0000
                     0.0000  0.0000  0.0000  0.0000  0.0000  0.0000
                     0.0000

      fall_transition ( del_30_5_5_w ) :
         VALUES :    0.0000  0.0000  0.0000  0.0000  0.0000  0.0000
                     0.0000  0.0000  0.0000  0.0000  0.0000  0.0000
                     0.0000  0.0000  0.0000  0.0000  0.0000  0.0000
                     0.0000  0.0000  0.0000  0.0000  0.0000  0.0000
                     0.0000

    DELAY: I, PAD, prop, pos_unate, '', ( ,  ), ( ,  ), ( ,  );
      cell_rise ( del_30_5_5_w ) :
         VALUES :    2.9900  3.0400  3.3100  4.4200  5.6900  3.0600
                     3.1200  3.3800  4.5000  5.7600  3.2100  3.2700
                     3.5300  4.6400  5.9100  3.4600  3.5100  3.7700
                     4.8900  6.1500  4.3100  4.3700  4.6400  5.7500
                     7.0200

      cell_fall ( del_30_5_5_w ) :
         VALUES :    2.8100  2.8500  3.0200  3.7900  4.7200  2.8600
                     2.9000  3.0600  3.8400  4.7700  2.9600  2.9900
                     3.1600  3.9300  4.8600  3.1100  3.1400  3.3000
                     4.0800  5.0100  3.5600  3.5900  3.7500  4.5300
                     5.4700

      rise_transition ( del_30_5_5_w ) :
         VALUES :    0.9600  1.0600  1.6000  3.9900  6.5900  0.9600
                     1.0600  1.6000  3.9900  6.5900  0.9600  1.0600
                     1.6000  3.9900  6.5900  0.9600  1.0600  1.6000
                     3.9900  6.5900  0.9600  1.0600  1.6000  3.9900
                     6.5900

      fall_transition ( del_30_5_5_w ) :
         VALUES :    0.7300  0.7900  1.1000  2.8100  4.9800  0.7300
                     0.7900  1.1000  2.8000  4.9700  0.7300  0.7900
                     1.1000  2.8100  4.9800  0.7300  0.7900  1.1000
                     2.8100  4.9800  0.7300  0.7900  1.1000  2.8100
                     4.9800

    DELAY: OEN, PAD, enable, neg_unate, '', ( ,  ), ( ,  ), ( ,  );
      cell_rise ( del_30_5_5_w ) :
         VALUES :    3.5100  3.5600  3.8400  5.0300  6.3700  3.5700
                     3.6200  3.9100  5.0900  6.4300  3.6700  3.7300
                     4.0200  5.2000  6.5400  3.8300  3.9000  4.1800
                     5.3600  6.7000  4.3500  4.4100  4.6900  5.8700
                     7.2100

      cell_fall ( del_30_5_5_w ) :
         VALUES :    2.5300  2.5600  2.7400  3.5600  4.5700  2.5800
                     2.6100  2.7900  3.6200  4.6200  2.6600  2.7000
                     2.8800  3.7100  4.7100  2.8000  2.8400  3.0100
                     3.8500  4.8500  3.2400  3.2700  3.4500  4.2700
                     5.2800

      rise_transition ( del_30_5_5_w ) :
         VALUES :    0.9700  1.0700  1.6100  4.0200  6.6300  0.9700
                     1.0700  1.6100  4.0200  6.6300  0.9700  1.0700
                     1.6100  4.0200  6.6300  0.9700  1.0700  1.6100
                     4.0200  6.6300  0.9700  1.0700  1.6100  4.0200
                     6.6300

      fall_transition ( del_30_5_5_w ) :
         VALUES :    0.6500  0.7400  1.1300  3.0800  5.5400  0.6500
                     0.7400  1.1300  3.0800  5.5400  0.6500  0.7400
                     1.1300  3.0800  5.5400  0.6500  0.7400  1.1300
                     3.0800  5.5400  0.6500  0.7400  1.1300  3.0800
                     5.5400

  END_PIN PAD;
END_CELL pc3t05;

CELL(pc3t05d): 2359.821533;

  PIN(OEN): in, 0.078, 7, , , ;
  END_PIN OEN;

  PIN(I): in, 0.077, 7, , , ;
  END_PIN I;

  PIN(PAD): out, 7.384, 8000, 10, 80, , ;
    DELAY: OEN, PAD, disable, pos_unate, '', ( ,  ), ( ,  ), ( ,  );
      cell_rise ( del_31_5_5_w ) :
         VALUES :    2.4300  2.4300  2.4300  2.4300  2.4300  2.4900
                     2.4900  2.4900  2.4900  2.4900  2.6300  2.6300
                     2.6300  2.6300  2.6300  2.8700  2.8700  2.8700
                     2.8700  2.8700  3.6900  3.6900  3.6900  3.6900
                     3.6900

      cell_fall ( del_31_5_5_w ) :
         VALUES :    4.2000  4.2000  4.2000  4.2000  4.2000  4.2600
                     4.2600  4.2600  4.2600  4.2600  4.4000  4.4000
                     4.4000  4.4000  4.4000  4.6400  4.6400  4.6400
                     4.6400  4.6400  5.4600  5.4600  5.4600  5.4600
                     5.4600

      rise_transition ( del_31_5_5_w ) :
         VALUES :    0.0000  0.0000  0.0000  0.0000  0.0000  0.0000
                     0.0000  0.0000  0.0000  0.0000  0.0000  0.0000
                     0.0000  0.0000  0.0000  0.0000  0.0000  0.0000
                     0.0000  0.0000  0.0000  0.0000  0.0000  0.0000
                     0.0000

      fall_transition ( del_31_5_5_w ) :
         VALUES :    0.0000  0.0000  0.0000  0.0000  0.0000  0.0000
                     0.0000  0.0000  0.0000  0.0000  0.0000  0.0000
                     0.0000  0.0000  0.0000  0.0000  0.0000  0.0000
                     0.0000  0.0000  0.0000  0.0000  0.0000  0.0000
                     0.0000

    DELAY: I, PAD, prop, pos_unate, '', ( ,  ), ( ,  ), ( ,  );
      cell_rise ( del_31_5_5_w ) :
         VALUES :    3.1800  3.2500  3.5200  4.7000  6.0500  3.2600
                     3.3200  3.6000  4.7800  6.1300  3.4200  3.4900
                     3.7700  4.9400  6.2900  3.7100  3.7700  4.0500
                     5.2300  6.5800  4.6700  4.7300  5.0100  6.1900
                     7.5400

      cell_fall ( del_31_5_5_w ) :
         VALUES :    2.9100  2.9400  3.1200  3.9200  4.8800  2.9700
                     3.0000  3.1700  3.9800  4.9400  3.0800  3.1100
                     3.2800  4.0800  5.0500  3.2400  3.2700  3.4400
                     4.2400  5.2000  3.7300  3.7600  3.9300  4.7300
                     5.7000

      rise_transition ( del_31_5_5_w ) :
         VALUES :    0.9000  1.0000  1.5200  3.7700  6.2200  0.9000
                     1.0000  1.5200  3.7700  6.2200  0.9000  1.0000
                     1.5200  3.7700  6.2200  0.9000  1.0000  1.5200
                     3.7700  6.2200  0.9000  1.0000  1.5200  3.7700
                     6.2200

      fall_transition ( del_31_5_5_w ) :
         VALUES :    0.7100  0.7700  1.0800  2.7600  4.8900  0.7100
                     0.7700  1.0800  2.7500  4.8800  0.7100  0.7700
                     1.0800  2.7500  4.8800  0.7100  0.7700  1.0800
                     2.7600  4.8900  0.7100  0.7700  1.0800  2.7600
                     4.8900

    DELAY: OEN, PAD, enable, neg_unate, '', ( ,  ), ( ,  ), ( ,  );
      cell_rise ( del_31_5_5_w ) :
         VALUES :    3.4000  3.4600  3.7200  4.8700  6.1700  3.4500
                     3.5100  3.7800  4.9200  6.2200  3.5500  3.6100
                     3.8800  5.0200  6.3200  3.6900  3.7600  4.0300
                     5.1700  6.4700  4.1700  4.2200  4.5000  5.6500
                     6.9500

      cell_fall ( del_31_5_5_w ) :
         VALUES :    2.5000  2.5300  2.7100  3.5300  4.5200  2.5400
                     2.5800  2.7500  3.5700  4.5600  2.6300  2.6600
                     2.8500  3.6600  4.6500  2.7700  2.8000  2.9800
                     3.7900  4.7900  3.1800  3.2100  3.3900  4.2100
                     5.2000

      rise_transition ( del_31_5_5_w ) :
         VALUES :    0.9300  1.0400  1.5500  3.8800  6.4000  0.9300
                     1.0400  1.5500  3.8800  6.4000  0.9300  1.0400
                     1.5500  3.8800  6.4000  0.9300  1.0400  1.5500
                     3.8800  6.4000  0.9300  1.0400  1.5500  3.8800
                     6.4000

      fall_transition ( del_31_5_5_w ) :
         VALUES :    0.6500  0.7200  1.1200  3.0500  5.4800  0.6500
                     0.7200  1.1200  3.0400  5.4800  0.6500  0.7200
                     1.1200  3.0400  5.4800  0.6500  0.7200  1.1200
                     3.0400  5.4800  0.6500  0.7200  1.1100  3.0400
                     5.4800

  END_PIN PAD;
END_CELL pc3t05d;

CELL(pc3t05u): 2359.821533;

  PIN(OEN): in, 0.074, 7, , , ;
  END_PIN OEN;

  PIN(I): in, 0.081, 8, , , ;
  END_PIN I;

  PIN(PAD): out, 8.14, 8000, 10, 80, , ;
    DELAY: OEN, PAD, disable, pos_unate, '', ( ,  ), ( ,  ), ( ,  );
      cell_rise ( del_32_5_5_w ) :
         VALUES :    2.5700  2.5700  2.5700  2.5700  2.5700  2.6400
                     2.6400  2.6400  2.6400  2.6400  2.8000  2.8000
                     2.8000  2.8000  2.8000  3.0600  3.0600  3.0600
                     3.0600  3.0600  3.9800  3.9800  3.9800  3.9800
                     3.9800

      cell_fall ( del_32_5_5_w ) :
         VALUES :    4.5000  4.5000  4.5000  4.5000  4.5000  4.5700
                     4.5700  4.5700  4.5700  4.5700  4.7300  4.7300
                     4.7300  4.7300  4.7300  5.0000  5.0000  5.0000
                     5.0000  5.0000  5.9300  5.9300  5.9300  5.9300
                     5.9300

      rise_transition ( del_32_5_5_w ) :
         VALUES :    0.0000  0.0000  0.0000  0.0000  0.0000  0.0000
                     0.0000  0.0000  0.0000  0.0000  0.0000  0.0000
                     0.0000  0.0000  0.0000  0.0000  0.0000  0.0000
                     0.0000  0.0000  0.0000  0.0000  0.0000  0.0000
                     0.0000

      fall_transition ( del_32_5_5_w ) :
         VALUES :    0.0000  0.0000  0.0000  0.0000  0.0000  0.0000
                     0.0000  0.0000  0.0000  0.0000  0.0000  0.0000
                     0.0000  0.0000  0.0000  0.0000  0.0000  0.0000
                     0.0000  0.0000  0.0000  0.0000  0.0000  0.0000
                     0.0000

    DELAY: I, PAD, prop, pos_unate, '', ( ,  ), ( ,  ), ( ,  );
      cell_rise ( del_32_5_5_w ) :
         VALUES :    2.9700  3.0200  3.2800  4.3800  5.6300  3.0400
                     3.0900  3.3400  4.4400  5.7000  3.1700  3.2300
                     3.4900  4.5900  5.8400  3.4200  3.4700  3.7300
                     4.8400  6.0900  4.2600  4.3100  4.5800  5.6800
                     6.9300

      cell_fall ( del_32_5_5_w ) :
         VALUES :    2.9600  3.0100  3.1800  4.0000  4.9800  3.0300
                     3.0600  3.2400  4.0500  5.0300  3.1400  3.1700
                     3.3400  4.1600  5.1400  3.3000  3.3400  3.5100
                     4.3300  5.3100  3.8200  3.8500  4.0400  4.8400
                     5.8300

      rise_transition ( del_32_5_5_w ) :
         VALUES :    0.9800  1.0900  1.6400  4.0800  6.7300  0.9800
                     1.0900  1.6400  4.0800  6.7300  0.9800  1.0900
                     1.6400  4.0800  6.7300  0.9800  1.0900  1.6400
                     4.0800  6.7300  0.9800  1.0900  1.6400  4.0800
                     6.7300

      fall_transition ( del_32_5_5_w ) :
         VALUES :    0.7400  0.7900  1.1000  2.8100  4.9900  0.7400
                     0.7900  1.1100  2.8100  4.9800  0.7400  0.7900
                     1.1000  2.8100  4.9800  0.7400  0.7900  1.1100
                     2.8100  4.9900  0.7400  0.7900  1.1000  2.8100
                     4.9900

    DELAY: OEN, PAD, enable, neg_unate, '', ( ,  ), ( ,  ), ( ,  );
      cell_rise ( del_32_5_5_w ) :
         VALUES :    3.3300  3.3900  3.6500  4.7800  6.0500  3.3800
                     3.4300  3.7000  4.8200  6.1000  3.4800  3.5300
                     3.7900  4.9200  6.1900  3.6100  3.6700  3.9400
                     5.0600  6.3300  4.0500  4.1100  4.3800  5.5000
                     6.7800

      cell_fall ( del_32_5_5_w ) :
         VALUES :    2.5900  2.6300  2.8100  3.6500  4.6900  2.6500
                     2.6800  2.8700  3.7100  4.7400  2.7400  2.7800
                     2.9500  3.8100  4.8400  2.8800  2.9200  3.1000
                     3.9500  4.9800  3.3500  3.3800  3.5700  4.4100
                     5.4400

      rise_transition ( del_32_5_5_w ) :
         VALUES :    0.8900  0.9800  1.4900  3.7100  6.1100  0.8900
                     0.9800  1.4900  3.7100  6.1100  0.8900  0.9800
                     1.4900  3.7100  6.1100  0.8900  0.9800  1.4900
                     3.7100  6.1100  0.8900  0.9800  1.4800  3.7100
                     6.1100

      fall_transition ( del_32_5_5_w ) :
         VALUES :    0.6700  0.7400  1.1400  3.1200  5.6100  0.6700
                     0.7400  1.1400  3.1200  5.6100  0.6700  0.7400
                     1.1400  3.1200  5.6100  0.6700  0.7400  1.1400
                     3.1200  5.6100  0.6700  0.7400  1.1400  3.1200
                     5.6100

  END_PIN PAD;
END_CELL pc3t05u;

CELL(pc3x11): 4719.643066;

  PIN(XIN): in, 6.955, 695, , , ;
  END_PIN XIN;

  PIN(EN): in, 0.156, 15, , , ;
  END_PIN EN;

  PIN(XOUT): inout, 6.678, , 8000, 10, 80, , , , ;
    DELAY: XIN, XOUT, prop, neg_unate, '', ( ,  ), ( ,  ), ( ,  );
      cell_rise ( del_34_5_5_w ) :
         VALUES :    3.1800  3.6000  6.1100 18.5400 34.0800  3.2200
                     3.6600  6.1700 18.5800 34.1300  3.3900  3.7700
                     6.2800 18.6700 34.2300  3.7700  4.1900  6.4600
                    18.8900 34.4300  5.2500  5.5900  8.0100 20.2500
                    35.7900

      cell_fall ( del_34_5_5_w ) :
         VALUES :    1.3700  1.5400  2.4600  7.0900 12.0400  1.4100
                     1.6000  2.5300  7.1600 12.1100  1.6900  1.8600
                     2.7800  7.3900 12.3400  2.2200  2.3700  3.2500
                     7.7300 12.6800  3.5800  3.8400  4.8900  9.2300
                    13.8900

      rise_transition ( del_34_5_5_w ) :
         VALUES :    5.8300  6.7900 12.2500 39.7400  0.0100  5.8300
                     6.8000 12.2900 39.7400  0.0100  5.8300  6.8300
                    12.3100 39.7300  0.0100  5.8000  6.8000 12.3100
                    39.7800  0.0100  6.1200  6.9600 12.2900 39.7600
                     0.0100

      fall_transition ( del_34_5_5_w ) :
         VALUES :    2.1900  2.5700  4.5500 14.4700 26.9100  2.1900
                     2.5700  4.5500 14.4700 26.9500  2.2000  2.5800
                     4.5500 14.4500 26.9200  2.3400  2.6600  4.5500
                    14.4900 26.9300  3.7200  3.9400  5.1300 14.4600
                    26.9400

    DELAY: EN, XOUT, disable, pos_unate, '', ( ,  ), ( ,  ), ( ,  );
      cell_rise ( del_33_5_5_w ) :
         VALUES :    0.3500  0.3500  0.3500  0.3500  0.3500  0.3800
                     0.3800  0.3800  0.3800  0.3800  0.4600  0.4600
                     0.4600  0.4600  0.4600  0.5700  0.5700  0.5700
                     0.5700  0.5800  0.8500  0.8500  0.8500  0.8500
                     0.8500

      cell_fall ( del_33_5_5_w ) :
         VALUES :    0.9300  0.9300  0.9300  0.9300  0.9300  0.9800
                     0.9800  0.9800  0.9800  0.9800  1.0400  1.0400
                     1.0400  1.0400  1.0400  1.1600  1.1600  1.1600
                     1.1600  1.1600  1.4500  1.4500  1.4500  1.4500
                     1.4500

      rise_transition ( del_33_5_5_w ) :
         VALUES :    0.0000  0.0000  0.0000  0.0000  0.0000  0.0000
                     0.0000  0.0000  0.0000  0.0000  0.0000  0.0000
                     0.0000  0.0000  0.0000  0.0000  0.0000  0.0000
                     0.0000  0.0000  0.0000  0.0000  0.0000  0.0000
                     0.0000

      fall_transition ( del_33_5_5_w ) :
         VALUES :    0.0000  0.0000  0.0000  0.0000  0.0000  0.0000
                     0.0000  0.0000  0.0000  0.0000  0.0000  0.0000
                     0.0000  0.0000  0.0000  0.0000  0.0000  0.0000
                     0.0000  0.0000  0.0000  0.0000  0.0000  0.0000
                     0.0000

    DELAY: EN, XOUT, enable, neg_unate, '', ( ,  ), ( ,  ), ( ,  );
      cell_rise ( del_33_5_5_w ) :
         VALUES :    3.8400  4.2800  6.9700 20.2900 36.8800  3.8700
                     4.3200  7.0200 20.3200 36.9100  3.9000  4.4500
                     7.1200 20.3700 37.0000  4.1000  4.5500  7.2400
                    20.5600 37.1400  4.3900  4.9500  7.5600 20.8600
                    37.4900

      cell_fall ( del_33_5_5_w ) :
         VALUES :    1.5600  1.7400  2.6900  7.4000 13.3000  1.6000
                     1.7800  2.7200  7.4400 13.3100  1.6900  1.8700
                     2.8100  7.5300 13.3900  1.8300  2.0000  2.9500
                     7.6700 13.5600  2.2000  2.3800  3.3300  8.0200
                    13.9100

      rise_transition ( del_33_5_5_w ) :
         VALUES :    5.7400  6.6800 12.0500 39.1600  0.0100  5.7200
                     6.6800 12.0900 39.1300  0.0100  5.6900  6.7300
                    12.1000 39.1300  0.0100  5.7400  6.6800 12.0500
                    39.0800  0.0100  5.7000  6.7300 12.0500 39.1300
                     0.0100

      fall_transition ( del_33_5_5_w ) :
         VALUES :    2.1600  2.5200  4.4700 14.2500 26.5400  2.1500
                     2.5300  4.4600 14.2500 26.4700  2.1700  2.5200
                     4.4700 14.2600 26.4700  2.1600  2.5200  4.4900
                    14.2600 26.5400  2.1900  2.5300  4.4900 14.2300
                    26.4800

  END_PIN XOUT;

  PIN(Z): out, 0, 80, 3, 0.8, , ;
    DELAY: XIN, Z, prop, pos_unate, '', ( ,  ), ( ,  ), ( ,  );
      cell_rise ( del_0_5_5_w ) :
         VALUES :    2.3500  2.3600  2.3900  2.4800  2.5900  2.4000
                     2.4100  2.4300  2.5400  2.6400  2.6500  2.6600
                     2.6800  2.7800  2.8700  3.1500  3.1600  3.1800
                     3.2800  3.3900  4.4800  4.4900  4.5100  4.6100
                     4.7100

      cell_fall ( del_0_5_5_w ) :
         VALUES :    4.3800  4.3900  4.4200  4.5100  4.6200  4.4600
                     4.4600  4.4800  4.5900  4.6900  4.6300  4.6400
                     4.6600  4.7600  4.8700  5.0600  5.0700  5.0900
                     5.1800  5.2900  6.5500  6.5600  6.5700  6.6800
                     6.7900

      rise_transition ( del_0_5_5_w ) :
         VALUES :    0.1700  0.1800  0.2200  0.4100  0.6400  0.1700
                     0.1700  0.2200  0.4000  0.6400  0.1700  0.1800
                     0.2300  0.4200  0.6400  0.1700  0.1800  0.2200
                     0.4100  0.6500  0.1700  0.1700  0.2200  0.4000
                     0.6600

      fall_transition ( del_0_5_5_w ) :
         VALUES :    0.1500  0.1600  0.1900  0.3600  0.5200  0.1500
                     0.1500  0.2000  0.3600  0.5200  0.1500  0.1500
                     0.2000  0.3600  0.5200  0.1500  0.1600  0.1900
                     0.3500  0.5200  0.1500  0.1500  0.2000  0.3600
                     0.5200

    DELAY: EN, Z, prop, pos_unate, '', ( ,  ), ( ,  ), ( ,  );
      cell_rise ( del_35_5_5_w ) :
         VALUES :    1.0600  1.0600  1.0900  1.1900  1.3000  1.0900
                     1.1000  1.1200  1.2200  1.3400  1.1700  1.1800
                     1.2100  1.3100  1.4100  1.2900  1.3000  1.3200
                     1.4200  1.5300  1.6000  1.6100  1.6300  1.7400
                     1.8400

      cell_fall ( del_35_5_5_w ) :
         VALUES :    1.1200  1.1300  1.1500  1.2600  1.3700  1.1600
                     1.1600  1.1900  1.3000  1.4000  1.2600  1.2700
                     1.2900  1.3900  1.5100  1.4000  1.4200  1.4400
                     1.5300  1.6400  1.7700  1.7800  1.8000  1.9000
                     2.0000

      rise_transition ( del_35_5_5_w ) :
         VALUES :    0.1500  0.1600  0.2000  0.3800  0.5800  0.1500
                     0.1600  0.2000  0.3800  0.5800  0.1500  0.1600
                     0.2000  0.3700  0.5700  0.1500  0.1600  0.2000
                     0.3800  0.5900  0.1500  0.1600  0.2000  0.3800
                     0.5700

      fall_transition ( del_35_5_5_w ) :
         VALUES :    0.1500  0.1600  0.1900  0.3700  0.5700  0.1500
                     0.1600  0.1900  0.3500  0.5600  0.1500  0.1500
                     0.1900  0.3500  0.5700  0.1500  0.1500  0.1900
                     0.3700  0.5500  0.1500  0.1600  0.1900  0.3700
                     0.5500

  END_PIN Z;
END_CELL pc3x11;

CELL(pc3x12): 4719.643066;

  PIN(XIN): in, 7.203, 720, , , ;
  END_PIN XIN;

  PIN(EN): in, 0.146, 14, , , ;
  END_PIN EN;

  PIN(XOUT): inout, 7.171, , , , , , , , ;
    DELAY: XIN, XOUT, prop, neg_unate, '', ( ,  ), ( ,  ), ( ,  );
      cell_rise ( del_37_5_5_w ) :
         VALUES :    2.1300  2.3900  3.7300 10.4000 18.7200  2.2300
                     2.4800  3.8300 10.5100 18.8200  2.5200  2.7800
                     4.1400 10.8200 19.1400  3.1300  3.3800  4.7300
                    11.4200 19.7400  4.9000  5.2100  6.6000 13.2900
                    21.6100

      cell_fall ( del_37_5_5_w ) :
         VALUES :    1.1300  1.2300  1.7300  4.1900  7.2000  1.2500
                     1.3500  1.8500  4.3000  7.3200  1.5800  1.6800
                     2.1900  4.6400  7.6700  2.2000  2.3100  2.8500
                     5.3200  8.3300  3.6100  3.8100  4.6700  7.3700
                    10.3700

      rise_transition ( del_37_5_5_w ) :
         VALUES :    2.9200  3.4200  6.0800 19.4200  0.0100  2.9200
                     3.4200  6.0800 19.4200  0.0100  2.9200  3.4200
                     6.0800 19.4200  0.0100  2.9400  3.4300  6.0800
                    19.4200  0.0100  3.7900  4.1000  6.1800 19.4200
                     0.0100

      fall_transition ( del_37_5_5_w ) :
         VALUES :    1.1800  1.3600  2.3200  7.2200 13.3600  1.1800
                     1.3600  2.3200  7.2200 13.3600  1.2100  1.3800
                     2.3300  7.2200 13.3600  1.4700  1.6000  2.3800
                     7.2200 13.3600  2.5700  2.7200  3.4300  7.2400
                    13.3600

    DELAY: EN, XOUT, disable, pos_unate, '', ( ,  ), ( ,  ), ( ,  );
      cell_rise ( del_36_5_5_w ) :
         VALUES :    0.4100  0.4100  0.4100  0.4100  0.4100  0.4500
                     0.4500  0.4500  0.4500  0.4500  0.5300  0.5300
                     0.5300  0.5300  0.5300  0.6600  0.6600  0.6600
                     0.6600  0.6600  0.9600  0.9600  0.9600  0.9600
                     0.9600

      cell_fall ( del_36_5_5_w ) :
         VALUES :    1.3400  1.3300  1.3300  1.3300  1.3300  1.3800
                     1.3800  1.3800  1.3800  1.3800  1.4900  1.4900
                     1.4900  1.4900  1.4900  1.6300  1.6300  1.6300
                     1.6300  1.6300  2.0700  2.0700  2.0700  2.0700
                     2.0700

      rise_transition ( del_36_5_5_w ) :
         VALUES :    0.0000  0.0000  0.0000  0.0000  0.0000  0.0000
                     0.0000  0.0000  0.0000  0.0000  0.0000  0.0000
                     0.0000  0.0000  0.0000  0.0000  0.0000  0.0000
                     0.0000  0.0000  0.0000  0.0000  0.0000  0.0000
                     0.0000

      fall_transition ( del_36_5_5_w ) :
         VALUES :    0.0000  0.0000  0.0000  0.0000  0.0000  0.0000
                     0.0000  0.0000  0.0000  0.0000  0.0000  0.0000
                     0.0000  0.0000  0.0000  0.0000  0.0000  0.0000
                     0.0000  0.0000  0.0000  0.0000  0.0000  0.0000
                     0.0000

    DELAY: EN, XOUT, enable, neg_unate, '', ( ,  ), ( ,  ), ( ,  );
      cell_rise ( del_36_5_5_w ) :
         VALUES :    2.9200  3.1800  4.5200 11.1900 19.5300  2.9700
                     3.2300  4.5700 11.2400 19.5800  3.0800  3.3300
                     4.6700 11.3500 19.6800  3.2300  3.4900  4.8300
                    11.5000 19.8400  3.6800  3.9300  5.2700 11.9500
                    20.2800

      cell_fall ( del_36_5_5_w ) :
         VALUES :    1.3300  1.4200  1.9200  4.2600  7.1700  1.3700
                     1.4800  1.9600  4.3200  7.2300  1.4700  1.5600
                     2.0600  4.4000  7.3300  1.6200  1.7100  2.2100
                     4.5500  7.4700  2.0500  2.1500  2.6400  4.9900
                     7.9000

      rise_transition ( del_36_5_5_w ) :
         VALUES :    2.9900  3.5000  6.2200 19.8400  0.0100  2.9900
                     3.5000  6.2200 19.8400  0.0100  2.9900  3.5000
                     6.2200 19.8400  0.0100  2.9900  3.5000  6.2200
                    19.8400  0.0100  2.9900  3.5000  6.2200 19.8400
                     0.0100

      fall_transition ( del_36_5_5_w ) :
         VALUES :    1.2100  1.3800  2.3200  7.1400 13.2000  1.2100
                     1.3800  2.3200  7.1400 13.2000  1.2100  1.3800
                     2.3200  7.1400 13.2000  1.2100  1.3800  2.3200
                     7.1400 13.2000  1.2200  1.3800  2.3200  7.1400
                    13.2000

  END_PIN XOUT;

  PIN(Z): out, 0, 80, 3, 0.8, , ;
    DELAY: XIN, Z, prop, pos_unate, '', ( ,  ), ( ,  ), ( ,  );
      cell_rise ( del_0_5_5_w ) :
         VALUES :    2.1400  2.1400  2.1800  2.2900  2.4000  2.2300
                     2.2400  2.2800  2.3800  2.5000  2.5400  2.5400
                     2.5800  2.6800  2.8000  3.1200  3.1200  3.1600
                     3.2700  3.3800  4.5300  4.5300  4.5600  4.6700
                     4.7800

      cell_fall ( del_0_5_5_w ) :
         VALUES :    3.1700  3.1700  3.2000  3.3000  3.4000  3.2300
                     3.2400  3.2700  3.3700  3.4700  3.5100  3.5100
                     3.5400  3.6400  3.7400  4.0500  4.0500  4.0800
                     4.1900  4.2900  5.6700  5.6800  5.7000  5.8000
                     5.9000

      rise_transition ( del_0_5_5_w ) :
         VALUES :    0.1400  0.1500  0.1900  0.3500  0.5400  0.1400
                     0.1500  0.1900  0.3500  0.5400  0.1400  0.1500
                     0.1900  0.3500  0.5400  0.1400  0.1500  0.1900
                     0.3500  0.5400  0.1500  0.1500  0.1900  0.3500
                     0.5400

      fall_transition ( del_0_5_5_w ) :
         VALUES :    0.1400  0.1400  0.1700  0.3100  0.4800  0.1400
                     0.1400  0.1700  0.3100  0.4800  0.1400  0.1400
                     0.1700  0.3100  0.4800  0.1300  0.1400  0.1700
                     0.3100  0.4800  0.1300  0.1400  0.1700  0.3100
                     0.4800

    DELAY: EN, Z, prop, pos_unate, '', ( ,  ), ( ,  ), ( ,  );
      cell_rise ( del_35_5_5_w ) :
         VALUES :    1.3200  1.3300  1.3600  1.4700  1.5800  1.3800
                     1.3900  1.4100  1.5200  1.6300  1.4800  1.4800
                     1.5100  1.6200  1.7300  1.6200  1.6200  1.6500
                     1.7700  1.8700  2.0500  2.0600  2.0900  2.1900
                     2.3100

      cell_fall ( del_35_5_5_w ) :
         VALUES :    1.2800  1.2800  1.3100  1.4100  1.5100  1.3300
                     1.3300  1.3600  1.4600  1.5700  1.4200  1.4300
                     1.4600  1.5500  1.6500  1.5600  1.5700  1.5900
                     1.7000  1.8000  1.9600  1.9700  1.9900  2.0900
                     2.2000

      rise_transition ( del_35_5_5_w ) :
         VALUES :    0.1500  0.1600  0.2100  0.3700  0.5700  0.1500
                     0.1600  0.2100  0.3700  0.5700  0.1500  0.1600
                     0.2100  0.3700  0.5700  0.1500  0.1600  0.2100
                     0.3700  0.5700  0.1500  0.1600  0.2100  0.3700
                     0.5700

      fall_transition ( del_35_5_5_w ) :
         VALUES :    0.1400  0.1500  0.1800  0.3200  0.5000  0.1400
                     0.1500  0.1800  0.3200  0.5000  0.1400  0.1500
                     0.1800  0.3200  0.5000  0.1400  0.1500  0.1800
                     0.3200  0.5000  0.1400  0.1500  0.1800  0.3200
                     0.5000

  END_PIN Z;
END_CELL pc3x12;

CELL(pc3x13): 4719.643066;

  PIN(XIN): in, 7.729, 772, , , ;
  END_PIN XIN;

  PIN(EN): in, 0.148, 14, , , ;
  END_PIN EN;

  PIN(XOUT): inout, 6.904, , , , , , , , ;
    DELAY: XIN, XOUT, prop, neg_unate, '', ( ,  ), ( ,  ), ( ,  );
      cell_rise ( del_39_5_5_w ) :
         VALUES :    1.7300  1.8900  2.7600  7.0000 12.2500  1.7800
                     1.9500  2.8200  7.0600 12.3200  2.0200  2.1800
                     3.0500  7.2900 12.5600  2.5100  2.6800  3.5600
                     7.8000 13.0800  3.8800  4.1200  5.1700  9.4200
                    14.6900

      cell_fall ( del_39_5_5_w ) :
         VALUES :    1.0800  1.1500  1.5000  3.1000  5.0800  1.1500
                     1.2200  1.5800  3.1800  5.1500  1.4200  1.4900
                     1.8500  3.4600  5.4300  1.9200  2.0100  2.4200
                     4.0500  6.0200  3.0300  3.2000  3.8800  5.9100
                     7.8900

      rise_transition ( del_39_5_5_w ) :
         VALUES :    2.1200  2.4500  4.2400 13.3200 24.6700  2.1200
                     2.4500  4.2400 13.3200 24.6700  2.1300  2.4600
                     4.2400 13.3200 24.6700  2.2000  2.5100  4.2600
                    13.3200 24.6700  3.2800  3.5300  4.7100 13.3200
                    24.6700

      fall_transition ( del_39_5_5_w ) :
         VALUES :    0.9500  1.0800  1.7200  5.0300  9.2100  0.9500
                     1.0800  1.7200  5.0300  9.2100  0.9800  1.1000
                     1.7300  5.0300  9.2100  1.3000  1.3900  1.8700
                     5.0300  9.2100  2.3500  2.4700  3.0300  5.3000
                     9.2100

    DELAY: EN, XOUT, disable, pos_unate, '', ( ,  ), ( ,  ), ( ,  );
      cell_rise ( del_38_5_5_w ) :
         VALUES :    0.5600  0.5600  0.5600  0.5600  0.5600  0.6200
                     0.6200  0.6200  0.6200  0.6300  0.7200  0.7200
                     0.7200  0.7200  0.7200  0.8900  0.8900  0.8900
                     0.8900  0.9000  1.3500  1.3500  1.3500  1.3500
                     1.3500

      cell_fall ( del_38_5_5_w ) :
         VALUES :    1.6200  1.6200  1.6200  1.6200  1.6200  1.6700
                     1.6700  1.6700  1.6700  1.6700  1.7500  1.7500
                     1.7500  1.7600  1.7600  1.8900  1.8900  1.8900
                     1.8900  1.9000  2.3100  2.3100  2.3100  2.3100
                     2.3100

      rise_transition ( del_38_5_5_w ) :
         VALUES :    0.0000  0.0000  0.0000  0.0000  0.0000  0.0000
                     0.0000  0.0000  0.0000  0.0000  0.0000  0.0000
                     0.0000  0.0000  0.0000  0.0000  0.0000  0.0000
                     0.0000  0.0000  0.0000  0.0000  0.0000  0.0000
                     0.0000

      fall_transition ( del_38_5_5_w ) :
         VALUES :    0.0000  0.0000  0.0000  0.0000  0.0000  0.0000
                     0.0000  0.0000  0.0000  0.0000  0.0000  0.0000
                     0.0000  0.0000  0.0000  0.0000  0.0000  0.0000
                     0.0000  0.0000  0.0000  0.0000  0.0000  0.0000
                     0.0000

    DELAY: EN, XOUT, enable, neg_unate, '', ( ,  ), ( ,  ), ( ,  );
      cell_rise ( del_38_5_5_w ) :
         VALUES :    2.9400  3.1100  4.0200  8.5000 14.0800  2.9900
                     3.1700  4.0700  8.5600 14.1300  3.0900  3.2600
                     4.1800  8.6500 14.2300  3.2500  3.4200  4.3400
                     8.8100 14.3900  3.7300  3.9000  4.8200  9.2900
                    14.8700

      cell_fall ( del_38_5_5_w ) :
         VALUES :    1.3800  1.4500  1.8200  3.4500  5.4200  1.4300
                     1.5000  1.8800  3.5000  5.4600  1.5300  1.6000
                     1.9700  3.6000  5.5600  1.6800  1.7500  2.1300
                     3.7500  5.7100  2.1400  2.2200  2.5900  4.2200
                     6.1900

      rise_transition ( del_38_5_5_w ) :
         VALUES :    2.0300  2.3500  4.0600 12.7300 23.5700  2.0300
                     2.3500  4.0600 12.7300 23.5700  2.0300  2.3500
                     4.0600 12.7300 23.5700  2.0300  2.3500  4.0600
                    12.7300 23.5700  2.0300  2.3500  4.0600 12.7300
                    23.5700

      fall_transition ( del_38_5_5_w ) :
         VALUES :    0.9800  1.1100  1.7400  4.9300  9.0100  0.9800
                     1.1100  1.7400  4.9300  9.0100  0.9800  1.1100
                     1.7400  4.9300  9.0100  0.9800  1.1100  1.7400
                     4.9300  9.0100  0.9800  1.1100  1.7400  4.9300
                     9.0100

  END_PIN XOUT;

  PIN(Z): out, 0, 80, 3, 0.8, , ;
    DELAY: XIN, Z, prop, pos_unate, '', ( ,  ), ( ,  ), ( ,  );
      cell_rise ( del_0_5_5_w ) :
         VALUES :    2.0800  2.0900  2.1200  2.2300  2.3500  2.1600
                     2.1600  2.1900  2.3100  2.4100  2.4300  2.4300
                     2.4600  2.5700  2.6800  2.9600  2.9700  3.0000
                     3.1100  3.2200  4.2100  4.2200  4.2400  4.3500
                     4.4600

      cell_fall ( del_0_5_5_w ) :
         VALUES :    2.8800  2.8900  2.9200  3.0100  3.1300  2.9500
                     2.9500  2.9900  3.0900  3.1900  3.2200  3.2200
                     3.2500  3.3400  3.4600  3.7700  3.7800  3.8000
                     3.9100  4.0100  5.3600  5.3700  5.3900  5.4900
                     5.6000

      rise_transition ( del_0_5_5_w ) :
         VALUES :    0.1500  0.1600  0.2000  0.3600  0.5600  0.1500
                     0.1600  0.2000  0.3600  0.5600  0.1500  0.1600
                     0.2000  0.3600  0.5600  0.1500  0.1600  0.2000
                     0.3600  0.5600  0.1600  0.1600  0.2000  0.3600
                     0.5600

      fall_transition ( del_0_5_5_w ) :
         VALUES :    0.1400  0.1500  0.1800  0.3400  0.5200  0.1400
                     0.1500  0.1800  0.3400  0.5200  0.1400  0.1500
                     0.1800  0.3400  0.5200  0.1400  0.1500  0.1800
                     0.3400  0.5200  0.1400  0.1500  0.1800  0.3400
                     0.5200

    DELAY: EN, Z, prop, pos_unate, '', ( ,  ), ( ,  ), ( ,  );
      cell_rise ( del_35_5_5_w ) :
         VALUES :    1.4700  1.4800  1.5100  1.6100  1.7200  1.5200
                     1.5200  1.5500  1.6500  1.7700  1.6200  1.6200
                     1.6500  1.7500  1.8600  1.7500  1.7500  1.7800
                     1.8800  1.9900  2.1800  2.1900  2.2200  2.3200
                     2.4300

      cell_fall ( del_35_5_5_w ) :
         VALUES :    1.4300  1.4400  1.4600  1.5600  1.6700  1.4800
                     1.4800  1.5200  1.6200  1.7200  1.5700  1.5800
                     1.6000  1.7100  1.8100  1.7200  1.7300  1.7500
                     1.8500  1.9500  2.1500  2.1600  2.1800  2.2800
                     2.3900

      rise_transition ( del_35_5_5_w ) :
         VALUES :    0.1400  0.1500  0.1900  0.3400  0.5200  0.1400
                     0.1500  0.1900  0.3400  0.5200  0.1400  0.1500
                     0.1900  0.3400  0.5200  0.1400  0.1500  0.1900
                     0.3400  0.5200  0.1400  0.1500  0.1900  0.3400
                     0.5200

      fall_transition ( del_35_5_5_w ) :
         VALUES :    0.1400  0.1500  0.1800  0.3300  0.5100  0.1400
                     0.1500  0.1800  0.3300  0.5100  0.1400  0.1500
                     0.1800  0.3300  0.5100  0.1400  0.1500  0.1800
                     0.3300  0.5100  0.1400  0.1500  0.1800  0.3300
                     0.5100

  END_PIN Z;
END_CELL pc3x13;

CELL(pt3b01): 2359.821533;

  PIN(OEN): in, 0.072, 7, , , ;
  END_PIN OEN;

  PIN(I): in, 0.081, 8, , , ;
  END_PIN I;

  PIN(CIN): out, 0, 80, 3, 0.8, , ;
    DELAY: PAD, CIN, prop, pos_unate, '', ( ,  ), ( ,  ), ( ,  );
      cell_rise ( del_0_5_5_w ) :
         VALUES :    0.9600  0.9800  1.0500  1.3800  1.7600  0.9200
                     0.9300  1.0100  1.3300  1.7200  0.8900  0.9100
                     0.9800  1.3000  1.6800  0.8300  0.8500  0.9200
                     1.2500  1.6300  0.6500  0.6700  0.7500  1.0800
                     1.4700

      cell_fall ( del_0_5_5_w ) :
         VALUES :    0.8300  0.8500  0.9400  1.2000  1.4400  1.0200
                     1.0300  1.1100  1.3800  1.6100  1.3300  1.3400
                     1.4200  1.7000  1.9400  1.8000  1.8200  1.9100
                     2.2100  2.4500  2.9600  2.9900  3.1000  3.4500
                     3.7300

      rise_transition ( del_0_5_5_w ) :
         VALUES :    0.2500  0.2700  0.4000  1.0300  1.8600  0.2500
                     0.2700  0.4000  1.0300  1.8600  0.2600  0.2800
                     0.4000  1.0300  1.8500  0.2600  0.2800  0.4000
                     1.0300  1.8500  0.2800  0.3200  0.4300  1.0500
                     1.8700

      fall_transition ( del_0_5_5_w ) :
         VALUES :    0.2800  0.3000  0.3900  0.7300  1.1000  0.2800
                     0.3000  0.3900  0.7300  1.1000  0.2900  0.3100
                     0.4000  0.7300  1.1000  0.3400  0.3600  0.4400
                     0.7600  1.1200  0.4400  0.4600  0.5600  0.9000
                     1.2400

  END_PIN CIN;

  PIN(PAD): inout, 6.731, , 8000, 10, 80, , , , ;
    DELAY: OEN, PAD, disable, pos_unate, '', ( ,  ), ( ,  ), ( ,  );
      cell_rise ( del_40_5_5_w ) :
         VALUES :    1.8400  1.8400  1.8400  1.8500  1.8500  1.9300
                     1.9300  1.9300  1.9300  1.9300  2.1000  2.1000
                     2.1000  2.1000  2.1000  2.3800  2.3800  2.3800
                     2.3800  2.3800  3.3300  3.3300  3.3300  3.3300
                     3.3300

      cell_fall ( del_40_5_5_w ) :
         VALUES :    2.4500  2.4400  2.4500  2.4500  2.4500  2.5200
                     2.5200  2.5200  2.5200  2.5200  2.6700  2.6800
                     2.6800  2.6800  2.6800  2.9400  2.9400  2.9400
                     2.9400  2.9400  3.8400  3.8400  3.8400  3.8400
                     3.8400

      rise_transition ( del_40_5_5_w ) :
         VALUES :    0.0000  0.0000  0.0000  0.0000  0.0000  0.0000
                     0.0000  0.0000  0.0000  0.0000  0.0000  0.0000
                     0.0000  0.0000  0.0000  0.0000  0.0000  0.0000
                     0.0000  0.0000  0.0000  0.0000  0.0000  0.0000
                     0.0000

      fall_transition ( del_40_5_5_w ) :
         VALUES :    0.0000  0.0000  0.0000  0.0000  0.0000  0.0000
                     0.0000  0.0000  0.0000  0.0000  0.0000  0.0000
                     0.0000  0.0000  0.0000  0.0000  0.0000  0.0000
                     0.0000  0.0000  0.0000  0.0000  0.0000  0.0000
                     0.0000

    DELAY: I, PAD, prop, pos_unate, '', ( ,  ), ( ,  ), ( ,  );
      cell_rise ( del_40_5_5_w ) :
         VALUES :    2.9400  3.0900  3.9100  7.8800 12.7400  3.0000
                     3.1600  3.9800  7.9500 12.8100  3.1600  3.3100
                     4.1300  8.0900 12.9500  3.4100  3.5600  4.3900
                     8.3500 13.2100  4.2900  4.4500  5.2700  9.2400
                    14.0900

      cell_fall ( del_40_5_5_w ) :
         VALUES :    2.7200  2.8400  3.4300  6.2900  9.8400  2.7800
                     2.8900  3.4900  6.3500  9.8800  2.8800  2.9900
                     3.5900  6.4400  9.9800  3.0300  3.1400  3.7300
                     6.5800 10.1300  3.4800  3.6000  4.1900  7.0500
                    10.5800

      rise_transition ( del_40_5_5_w ) :
         VALUES :    2.2800  2.6200  4.3500 11.7600 20.6200  2.2800
                     2.6200  4.3500 11.7600 20.6200  2.2800  2.6200
                     4.3500 11.7600 20.6200  2.2800  2.6200  4.3500
                    11.7600 20.6200  2.2800  2.6100  4.3500 11.7600
                    20.6200

      fall_transition ( del_40_5_5_w ) :
         VALUES :    1.6300  1.8800  3.2300  9.9400 18.2600  1.6300
                     1.8800  3.2300  9.9400 18.2600  1.6300  1.8800
                     3.2300  9.9400 18.2600  1.6300  1.8800  3.2300
                     9.9400 18.2600  1.6300  1.8800  3.2300  9.9400
                    18.2600

    DELAY: OEN, PAD, enable, neg_unate, '', ( ,  ), ( ,  ), ( ,  );
      cell_rise ( del_40_5_5_w ) :
         VALUES :    3.8700  4.0400  4.9000  9.0900 14.2200  3.9300
                     4.0900  4.9500  9.1500 14.2800  4.0300  4.2000
                     5.0600  9.2500 14.3900  4.1900  4.3600  5.2200
                     9.4100 14.5500  4.7000  4.8600  5.7200  9.9100
                    15.0500

      cell_fall ( del_40_5_5_w ) :
         VALUES :    2.8500  2.9700  3.5800  6.5100 10.1700  2.9100
                     3.0300  3.6300  6.5600 10.2100  3.0000  3.1200
                     3.7300  6.6600 10.3200  3.1500  3.2700  3.8800
                     6.8200 10.4700  3.6400  3.7500  4.3600  7.3000
                    10.9500

      rise_transition ( del_40_5_5_w ) :
         VALUES :    2.2600  2.6000  4.3200 11.6700 20.4600  2.2600
                     2.6000  4.3200 11.6700 20.4600  2.2600  2.6000
                     4.3200 11.6700 20.4600  2.2600  2.5900  4.3200
                    11.6700 20.4600  2.2600  2.5900  4.3200 11.6700
                    20.4600

      fall_transition ( del_40_5_5_w ) :
         VALUES :    1.6400  1.8900  3.2800 10.1100 18.6200  1.6400
                     1.8900  3.2800 10.1100 18.6200  1.6400  1.8900
                     3.2800 10.1100 18.6200  1.6400  1.8900  3.2800
                    10.1100 18.6200  1.6400  1.8900  3.2800 10.1100
                    18.6200

  END_PIN PAD;
END_CELL pt3b01;

CELL(pt3b01d): 2359.821533;

  PIN(OEN): in, 0.076, 7, , , ;
  END_PIN OEN;

  PIN(I): in, 0.077, 7, , , ;
  END_PIN I;

  PIN(CIN): out, 0, 80, 3, 0.8, , ;
    DELAY: PAD, CIN, prop, pos_unate, '', ( ,  ), ( ,  ), ( ,  );
      cell_rise ( del_0_5_5_w ) :
         VALUES :    1.0000  1.0200  1.1000  1.4400  1.8400  0.9800
                     0.9900  1.0700  1.4100  1.8100  0.9700  0.9900
                     1.0600  1.4100  1.8100  0.9600  0.9800  1.0500
                     1.4000  1.8000  0.9000  0.9200  1.0000  1.3500
                     1.7500

      cell_fall ( del_0_5_5_w ) :
         VALUES :    0.8300  0.8500  0.9300  1.2000  1.4400  1.0100
                     1.0200  1.1100  1.3700  1.6100  1.3300  1.3400
                     1.4200  1.6900  1.9300  1.7900  1.8100  1.9000
                     2.2000  2.4400  2.9400  2.9700  3.0800  3.4300
                     3.7100

      rise_transition ( del_0_5_5_w ) :
         VALUES :    0.2400  0.2600  0.3900  1.0000  1.8000  0.2400
                     0.2600  0.3900  1.0000  1.8000  0.2500  0.2700
                     0.3900  1.0000  1.7900  0.2500  0.2700  0.3900
                     1.0000  1.7900  0.2700  0.3100  0.4200  1.0200
                     1.8100

      fall_transition ( del_0_5_5_w ) :
         VALUES :    0.2800  0.3000  0.3900  0.7300  1.1000  0.2800
                     0.3000  0.3900  0.7300  1.1000  0.2900  0.3100
                     0.4000  0.7300  1.1000  0.3400  0.3600  0.4400
                     0.7600  1.1200  0.4400  0.4600  0.5600  0.9000
                     1.2400

  END_PIN CIN;

  PIN(PAD): inout, 6.863, , 8000, 10, 80, , , , ;
    DELAY: OEN, PAD, disable, pos_unate, '', ( ,  ), ( ,  ), ( ,  );
      cell_rise ( del_41_5_5_w ) :
         VALUES :    1.7300  1.7300  1.7300  1.7300  1.7300  1.7900
                     1.7900  1.7900  1.7900  1.7900  1.9500  1.9500
                     1.9500  1.9500  1.9500  2.1900  2.1900  2.1900
                     2.1900  2.1900  3.0300  3.0300  3.0300  3.0300
                     3.0300

      cell_fall ( del_41_5_5_w ) :
         VALUES :    2.5500  2.5500  2.5500  2.5500  2.5500  2.6300
                     2.6300  2.6300  2.6300  2.6300  2.8000  2.8000
                     2.8000  2.8000  2.8000  3.0800  3.0800  3.0800
                     3.0800  3.0800  4.0700  4.0700  4.0700  4.0700
                     4.0700

      rise_transition ( del_41_5_5_w ) :
         VALUES :    0.0000  0.0000  0.0000  0.0000  0.0000  0.0000
                     0.0000  0.0000  0.0000  0.0000  0.0000  0.0000
                     0.0000  0.0000  0.0000  0.0000  0.0000  0.0000
                     0.0000  0.0000  0.0000  0.0000  0.0000  0.0000
                     0.0000

      fall_transition ( del_41_5_5_w ) :
         VALUES :    0.0000  0.0000  0.0000  0.0000  0.0000  0.0000
                     0.0000  0.0000  0.0000  0.0000  0.0000  0.0000
                     0.0000  0.0000  0.0000  0.0000  0.0000  0.0000
                     0.0000  0.0000  0.0000  0.0000  0.0000  0.0000
                     0.0000

    DELAY: I, PAD, prop, pos_unate, '', ( ,  ), ( ,  ), ( ,  );
      cell_rise ( del_41_5_5_w ) :
         VALUES :    3.0400  3.2100  4.0700  8.1900 13.2400  3.1200
                     3.2900  4.1400  8.2700 13.3200  3.2800  3.4500
                     4.3000  8.4200 13.4700  3.5600  3.7200  4.5800
                     8.7000 13.7600  4.5000  4.6600  5.5200  9.6400
                    14.7000

      cell_fall ( del_41_5_5_w ) :
         VALUES :    2.6600  2.7700  3.3400  6.1000  9.5300  2.7100
                     2.8100  3.3900  6.1500  9.5800  2.7900  2.9000
                     3.4800  6.2500  9.6700  2.9300  3.0400  3.6200
                     6.3800  9.8100  3.3600  3.4700  4.0400  6.8100
                    10.2400

      rise_transition ( del_41_5_5_w ) :
         VALUES :    2.3100  2.6500  4.4000 11.8700 20.8000  2.3100
                     2.6500  4.4000 11.8700 20.8000  2.3100  2.6500
                     4.4000 11.8700 20.8000  2.3100  2.6500  4.4000
                    11.8700 20.8000  2.3100  2.6500  4.4000 11.8700
                    20.8000

      fall_transition ( del_41_5_5_w ) :
         VALUES :    1.5900  1.8300  3.1600  9.7300 17.8700  1.5900
                     1.8300  3.1600  9.7300 17.8700  1.5900  1.8300
                     3.1600  9.7300 17.8700  1.5900  1.8300  3.1600
                     9.7300 17.8700  1.5900  1.8300  3.1600  9.7300
                    17.8700

    DELAY: OEN, PAD, enable, neg_unate, '', ( ,  ), ( ,  ), ( ,  );
      cell_rise ( del_41_5_5_w ) :
         VALUES :    3.6500  3.8000  4.6200  8.5700 13.4100  3.6900
                     3.8500  4.6600  8.6100 13.4500  3.7800  3.9400
                     4.7500  8.7000 13.5400  3.9200  4.0700  4.8900
                     8.8400 13.6800  4.3400  4.5000  5.3100  9.2600
                    14.1000

      cell_fall ( del_41_5_5_w ) :
         VALUES :    2.8300  2.9500  3.5400  6.4600 10.0800  2.8800
                     2.9900  3.6000  6.5100 10.1300  2.9800  3.0900
                     3.6900  6.6000 10.2300  3.1200  3.2300  3.8400
                     6.7500 10.3700  3.5800  3.7000  4.3000  7.2100
                    10.8300

      rise_transition ( del_41_5_5_w ) :
         VALUES :    2.2800  2.6200  4.3400 11.7100 20.5200  2.2800
                     2.6200  4.3400 11.7100 20.5200  2.2800  2.6200
                     4.3400 11.7100 20.5200  2.2800  2.6200  4.3400
                    11.7100 20.5200  2.2800  2.6200  4.3400 11.7100
                    20.5200

      fall_transition ( del_41_5_5_w ) :
         VALUES :    1.5700  1.8200  3.1500  9.7200 17.9200  1.5700
                     1.8200  3.1500  9.7200 17.9200  1.5700  1.8200
                     3.1500  9.7300 17.9200  1.5700  1.8200  3.1500
                     9.7200 17.9200  1.5700  1.8200  3.1500  9.7200
                    17.9200

  END_PIN PAD;
END_CELL pt3b01d;

CELL(pt3b01u): 2359.821533;

  PIN(OEN): in, 0.074, 7, , , ;
  END_PIN OEN;

  PIN(I): in, 0.078, 7, , , ;
  END_PIN I;

  PIN(CIN): out, 0, 80, 3, 0.8, , ;
    DELAY: PAD, CIN, prop, pos_unate, '', ( ,  ), ( ,  ), ( ,  );
      cell_rise ( del_0_5_5_w ) :
         VALUES :    1.0400  1.0600  1.1400  1.5000  1.9100  1.0300
                     1.0400  1.1200  1.4700  1.8900  1.0400  1.0600
                     1.1400  1.4900  1.9100  1.0600  1.0800  1.1600
                     1.5200  1.9300  1.1000  1.1200  1.2100  1.5600
                     1.9800

      cell_fall ( del_0_5_5_w ) :
         VALUES :    0.8400  0.8700  0.9500  1.2200  1.4600  1.0400
                     1.0500  1.1300  1.4000  1.6400  1.3600  1.3700
                     1.4500  1.7300  1.9700  1.8500  1.8700  1.9600
                     2.2600  2.5000  3.0500  3.0800  3.2000  3.5500
                     3.8300

      rise_transition ( del_0_5_5_w ) :
         VALUES :    0.2600  0.2800  0.4100  1.0500  1.8900  0.2600
                     0.2800  0.4100  1.0500  1.8900  0.2700  0.2900
                     0.4100  1.0500  1.8800  0.2700  0.2900  0.4100
                     1.0500  1.8800  0.2900  0.3200  0.4400  1.0700
                     1.9000

      fall_transition ( del_0_5_5_w ) :
         VALUES :    0.2900  0.3100  0.4000  0.7600  1.1400  0.2900
                     0.3100  0.4000  0.7600  1.1400  0.3000  0.3200
                     0.4100  0.7600  1.1400  0.3500  0.3700  0.4600
                     0.7900  1.1600  0.4600  0.4800  0.5800  0.9300
                     1.2900

  END_PIN CIN;

  PIN(PAD): inout, 6.741, , 8000, 10, 80, , , , ;
    DELAY: OEN, PAD, disable, pos_unate, '', ( ,  ), ( ,  ), ( ,  );
      cell_rise ( del_42_5_5_w ) :
         VALUES :    1.8200  1.8200  1.8200  1.8200  1.8200  1.9000
                     1.9000  1.9000  1.9000  1.9000  2.0500  2.0500
                     2.0500  2.0500  2.0600  2.3400  2.3400  2.3400
                     2.3400  2.3400  3.2600  3.2600  3.2600  3.2600
                     3.2600

      cell_fall ( del_42_5_5_w ) :
         VALUES :    2.5000  2.5000  2.5000  2.5000  2.5000  2.5800
                     2.5800  2.5800  2.5800  2.5800  2.7400  2.7400
                     2.7400  2.7400  2.7400  3.0200  3.0200  3.0200
                     3.0200  3.0200  3.9600  3.9600  3.9600  3.9600
                     3.9600

      rise_transition ( del_42_5_5_w ) :
         VALUES :    0.0000  0.0000  0.0000  0.0000  0.0000  0.0000
                     0.0000  0.0000  0.0000  0.0000  0.0000  0.0000
                     0.0000  0.0000  0.0000  0.0000  0.0000  0.0000
                     0.0000  0.0000  0.0000  0.0000  0.0000  0.0000
                     0.0000

      fall_transition ( del_42_5_5_w ) :
         VALUES :    0.0000  0.0000  0.0000  0.0000  0.0000  0.0000
                     0.0000  0.0000  0.0000  0.0000  0.0000  0.0000
                     0.0000  0.0000  0.0000  0.0000  0.0000  0.0000
                     0.0000  0.0000  0.0000  0.0000  0.0000  0.0000
                     0.0000

    DELAY: I, PAD, prop, pos_unate, '', ( ,  ), ( ,  ), ( ,  );
      cell_rise ( del_42_5_5_w ) :
         VALUES :    2.9400  3.0900  3.9200  7.8800 12.7300  3.0100
                     3.1700  3.9900  7.9500 12.8100  3.1600  3.3200
                     4.1400  8.0900 12.9500  3.4200  3.5800  4.4000
                     8.3600 13.2100  4.3000  4.4700  5.2900  9.2400
                    14.1000

      cell_fall ( del_42_5_5_w ) :
         VALUES :    2.6100  2.7200  3.2800  6.0100  9.3900  2.6500
                     2.7600  3.3200  6.0600  9.4400  2.7400  2.8400
                     3.4100  6.1400  9.5300  2.8600  2.9700  3.5400
                     6.2600  9.6600  3.2700  3.3800  3.9400  6.6700
                    10.0600

      rise_transition ( del_42_5_5_w ) :
         VALUES :    2.3200  2.6700  4.4400 11.9900 21.0100  2.3200
                     2.6700  4.4400 11.9900 21.0100  2.3200  2.6700
                     4.4400 11.9900 21.0100  2.3200  2.6700  4.4400
                    11.9900 21.0100  2.3200  2.6700  4.4400 11.9900
                    21.0100

      fall_transition ( del_42_5_5_w ) :
         VALUES :    1.6200  1.8600  3.2000  9.8300 18.0500  1.6200
                     1.8600  3.2000  9.8300 18.0500  1.6200  1.8600
                     3.2000  9.8300 18.0500  1.6200  1.8600  3.2000
                     9.8300 18.0500  1.6200  1.8600  3.2000  9.8300
                    18.0500

    DELAY: OEN, PAD, enable, neg_unate, '', ( ,  ), ( ,  ), ( ,  );
      cell_rise ( del_42_5_5_w ) :
         VALUES :    3.8100  3.9700  4.8100  8.9200 13.9700  3.8600
                     4.0100  4.8600  8.9800 14.0100  3.9500  4.1200
                     4.9700  9.0700 14.1200  4.1000  4.2600  5.1100
                     9.2200 14.2600  4.5700  4.7300  5.5800  9.7000
                    14.7300

      cell_fall ( del_42_5_5_w ) :
         VALUES :    2.8100  2.9300  3.5200  6.4300 10.0200  2.8600
                     2.9800  3.5800  6.4700 10.0800  2.9600  3.0800
                     3.6800  6.5700 10.1700  3.1100  3.2200  3.8100
                     6.7100 10.3200  3.5600  3.6700  4.2800  7.1800
                    10.7700

      rise_transition ( del_42_5_5_w ) :
         VALUES :    2.2400  2.5800  4.2700 11.5600 20.2700  2.2400
                     2.5700  4.2700 11.5600 20.2700  2.2400  2.5700
                     4.2700 11.5600 20.2700  2.2400  2.5700  4.2700
                    11.5600 20.2700  2.2300  2.5700  4.2700 11.5600
                    20.2700

      fall_transition ( del_42_5_5_w ) :
         VALUES :    1.5800  1.8300  3.1600  9.7400 17.9300  1.5800
                     1.8300  3.1600  9.7400 17.9300  1.5800  1.8300
                     3.1700  9.7500 17.9400  1.5800  1.8300  3.1600
                     9.7400 17.9300  1.5800  1.8300  3.1700  9.7500
                    17.9300

  END_PIN PAD;
END_CELL pt3b01u;

CELL(pt3b02): 2359.821533;

  PIN(OEN): in, 0.077, 7, , , ;
  END_PIN OEN;

  PIN(I): in, 0.084, 8, , , ;
  END_PIN I;

  PIN(CIN): out, 0, 80, 3, 0.8, , ;
    DELAY: PAD, CIN, prop, pos_unate, '', ( ,  ), ( ,  ), ( ,  );
      cell_rise ( del_0_5_5_w ) :
         VALUES :    0.9700  0.9900  1.0700  1.4000  1.7900  0.9400
                     0.9500  1.0300  1.3500  1.7500  0.9200  0.9400
                     1.0100  1.3400  1.7300  0.8800  0.9000  0.9700
                     1.3100  1.6900  0.7400  0.7600  0.8400  1.1700
                     1.5700

      cell_fall ( del_0_5_5_w ) :
         VALUES :    0.8700  0.8900  0.9800  1.2600  1.5000  1.0800
                     1.0900  1.1700  1.4500  1.7000  1.4300  1.4400
                     1.5200  1.8000  2.0600  1.9500  1.9800  2.0700
                     2.3800  2.6300  3.2800  3.3000  3.4300  3.7900
                     4.0800

      rise_transition ( del_0_5_5_w ) :
         VALUES :    0.2400  0.2600  0.3800  0.9800  1.7600  0.2400
                     0.2600  0.3800  0.9800  1.7600  0.2500  0.2700
                     0.3800  0.9800  1.7500  0.2500  0.2700  0.3800
                     0.9800  1.7500  0.2700  0.3000  0.4100  1.0000
                     1.7700

      fall_transition ( del_0_5_5_w ) :
         VALUES :    0.2800  0.3000  0.3900  0.7300  1.1000  0.2800
                     0.3000  0.3900  0.7300  1.1000  0.2900  0.3100
                     0.4000  0.7300  1.1000  0.3400  0.3600  0.4500
                     0.7600  1.1200  0.4400  0.4600  0.5600  0.9000
                     1.2400

  END_PIN CIN;

  PIN(PAD): inout, 7.382, , 8000, 10, 80, , , , ;
    DELAY: OEN, PAD, disable, pos_unate, '', ( ,  ), ( ,  ), ( ,  );
      cell_rise ( del_43_5_5_w ) :
         VALUES :    2.4100  2.4100  2.4100  2.4100  2.4100  2.4900
                     2.4900  2.4900  2.4900  2.4900  2.6600  2.6600
                     2.6600  2.6600  2.6600  2.9500  2.9500  2.9500
                     2.9500  2.9500  3.9200  3.9200  3.9200  3.9200
                     3.9200

      cell_fall ( del_43_5_5_w ) :
         VALUES :    3.6300  3.6300  3.6300  3.6300  3.6300  3.7100
                     3.7100  3.7100  3.7100  3.7100  3.8800  3.8800
                     3.8800  3.8900  3.8900  4.1700  4.1700  4.1700
                     4.1700  4.1700  5.1400  5.1400  5.1400  5.1400
                     5.1400

      rise_transition ( del_43_5_5_w ) :
         VALUES :    0.0000  0.0000  0.0000  0.0000  0.0000  0.0000
                     0.0000  0.0000  0.0000  0.0000  0.0000  0.0000
                     0.0000  0.0000  0.0000  0.0000  0.0000  0.0000
                     0.0000  0.0000  0.0000  0.0000  0.0000  0.0000
                     0.0000

      fall_transition ( del_43_5_5_w ) :
         VALUES :    0.0000  0.0000  0.0000  0.0000  0.0000  0.0000
                     0.0000  0.0000  0.0000  0.0000  0.0000  0.0000
                     0.0000  0.0000  0.0000  0.0000  0.0000  0.0000
                     0.0000  0.0000  0.0000  0.0000  0.0000  0.0000
                     0.0000

    DELAY: I, PAD, prop, pos_unate, '', ( ,  ), ( ,  ), ( ,  );
      cell_rise ( del_43_5_5_w ) :
         VALUES :    2.8500  2.9300  3.3000  5.0100  7.0500  2.9200
                     3.0000  3.3800  5.0800  7.1200  3.0700  3.1600
                     3.5400  5.2300  7.2700  3.3400  3.4200  3.7900
                     5.5000  7.5400  4.2300  4.3100  4.7000  6.3900
                     8.4300

      cell_fall ( del_43_5_5_w ) :
         VALUES :    2.6500  2.7000  2.9500  4.1200  5.5700  2.6900
                     2.7400  2.9900  4.1800  5.6200  2.7900  2.8400
                     3.0900  4.2700  5.7200  2.9300  2.9800  3.2300
                     4.4200  5.8600  3.3900  3.4300  3.6800  4.8600
                     6.3100

      rise_transition ( del_43_5_5_w ) :
         VALUES :    1.2400  1.3900  2.2000  5.8000  9.6200  1.2400
                     1.3900  2.2000  5.8000  9.6200  1.2400  1.3900
                     2.2000  5.8000  9.6200  1.2400  1.3900  2.2000
                     5.8000  9.6200  1.2400  1.3900  2.2000  5.8000
                     9.6200

      fall_transition ( del_43_5_5_w ) :
         VALUES :    0.8500  0.9500  1.4800  4.1900  7.5900  0.8500
                     0.9500  1.4800  4.1900  7.5900  0.8500  0.9500
                     1.4800  4.1900  7.5900  0.8500  0.9500  1.4800
                     4.1900  7.5900  0.8500  0.9500  1.4800  4.1900
                     7.5900

    DELAY: OEN, PAD, enable, neg_unate, '', ( ,  ), ( ,  ), ( ,  );
      cell_rise ( del_43_5_5_w ) :
         VALUES :    3.3800  3.4600  3.8500  5.5800  7.6700  3.4400
                     3.5200  3.9000  5.6300  7.7200  3.5400  3.6200
                     4.0000  5.7300  7.8200  3.6900  3.7800  4.1600
                     5.8900  7.9700  4.1800  4.2600  4.6500  6.3800
                     8.4600

      cell_fall ( del_43_5_5_w ) :
         VALUES :    2.6500  2.7100  2.9700  4.2600  5.8500  2.7000
                     2.7600  3.0200  4.3100  5.9000  2.8100  2.8600
                     3.1300  4.4200  6.0100  2.9700  3.0200  3.2900
                     4.5800  6.1700  3.4800  3.5300  3.7900  5.0900
                     6.6800

      rise_transition ( del_43_5_5_w ) :
         VALUES :    1.2000  1.3500  2.1400  5.6600  9.4000  1.2000
                     1.3500  2.1400  5.6500  9.3900  1.2000  1.3500
                     2.1400  5.6600  9.4000  1.2000  1.3500  2.1400
                     5.6600  9.4000  1.2000  1.3500  2.1400  5.6600
                     9.4000

      fall_transition ( del_43_5_5_w ) :
         VALUES :    0.8500  0.9700  1.5700  4.6200  8.4200  0.8500
                     0.9700  1.5700  4.6200  8.4200  0.8500  0.9700
                     1.5700  4.6200  8.4200  0.8500  0.9700  1.5700
                     4.6200  8.4200  0.8500  0.9700  1.5700  4.6200
                     8.4200

  END_PIN PAD;
END_CELL pt3b02;

CELL(pt3b02d): 2359.821533;

  PIN(OEN): in, 0.073, 7, , , ;
  END_PIN OEN;

  PIN(I): in, 0.081, 8, , , ;
  END_PIN I;

  PIN(CIN): out, 0, 80, 3, 0.8, , ;
    DELAY: PAD, CIN, prop, pos_unate, '', ( ,  ), ( ,  ), ( ,  );
      cell_rise ( del_0_5_5_w ) :
         VALUES :    1.0000  1.0200  1.1000  1.4400  1.8400  0.9800
                     0.9900  1.0700  1.4000  1.8100  0.9700  0.9900
                     1.0600  1.4100  1.8000  0.9600  0.9800  1.0500
                     1.3900  1.7900  0.8900  0.9100  0.9900  1.3400
                     1.7500

      cell_fall ( del_0_5_5_w ) :
         VALUES :    0.8100  0.8300  0.9100  1.1700  1.4000  0.9800
                     0.9900  1.0700  1.3300  1.5700  1.2800  1.2900
                     1.3700  1.6300  1.8700  1.7100  1.7300  1.8200
                     2.1100  2.3400  2.7700  2.7900  2.9100  3.2500
                     3.5200

      rise_transition ( del_0_5_5_w ) :
         VALUES :    0.2600  0.2800  0.4100  1.0600  1.9100  0.2600
                     0.2800  0.4100  1.0600  1.9100  0.2700  0.2900
                     0.4100  1.0600  1.9000  0.2700  0.2900  0.4100
                     1.0600  1.9000  0.2900  0.3200  0.4400  1.0800
                     1.9200

      fall_transition ( del_0_5_5_w ) :
         VALUES :    0.2800  0.3000  0.4000  0.7400  1.1100  0.2800
                     0.3000  0.4000  0.7400  1.1100  0.2900  0.3100
                     0.4100  0.7400  1.1100  0.3400  0.3600  0.4600
                     0.7700  1.1300  0.4500  0.4700  0.5700  0.9100
                     1.2600

  END_PIN CIN;

  PIN(PAD): inout, 7.285, , 8000, 10, 80, , , , ;
    DELAY: OEN, PAD, disable, pos_unate, '', ( ,  ), ( ,  ), ( ,  );
      cell_rise ( del_44_5_5_w ) :
         VALUES :    2.3000  2.3000  2.3000  2.3000  2.3000  2.3700
                     2.3700  2.3700  2.3700  2.3700  2.5200  2.5200
                     2.5200  2.5200  2.5200  2.7900  2.7900  2.7900
                     2.7900  2.7900  3.6800  3.6800  3.6800  3.6800
                     3.6800

      cell_fall ( del_44_5_5_w ) :
         VALUES :    3.5000  3.5000  3.5000  3.5000  3.5000  3.5800
                     3.5800  3.5800  3.5800  3.5800  3.7300  3.7300
                     3.7300  3.7300  3.7300  4.0000  4.0000  4.0000
                     4.0000  4.0000  4.9100  4.9100  4.9100  4.9100
                     4.9100

      rise_transition ( del_44_5_5_w ) :
         VALUES :    0.0000  0.0000  0.0000  0.0000  0.0000  0.0000
                     0.0000  0.0000  0.0000  0.0000  0.0000  0.0000
                     0.0000  0.0000  0.0000  0.0000  0.0000  0.0000
                     0.0000  0.0000  0.0000  0.0000  0.0000  0.0000
                     0.0000

      fall_transition ( del_44_5_5_w ) :
         VALUES :    0.0000  0.0000  0.0000  0.0000  0.0000  0.0000
                     0.0000  0.0000  0.0000  0.0000  0.0000  0.0000
                     0.0000  0.0000  0.0000  0.0000  0.0000  0.0000
                     0.0000  0.0000  0.0000  0.0000  0.0000  0.0000
                     0.0000

    DELAY: I, PAD, prop, pos_unate, '', ( ,  ), ( ,  ), ( ,  );
      cell_rise ( del_44_5_5_w ) :
         VALUES :    2.8400  2.9200  3.3000  5.0000  7.0400  2.9100
                     3.0000  3.3800  5.0600  7.1100  3.0700  3.1400
                     3.5300  5.2200  7.2600  3.3300  3.4100  3.7900
                     5.4900  7.5200  4.2100  4.3000  4.6800  6.3700
                     8.4100

      cell_fall ( del_44_5_5_w ) :
         VALUES :    2.6900  2.7300  2.9900  4.1800  5.6400  2.7300
                     2.7900  3.0400  4.2300  5.6900  2.8300  2.8900
                     3.1400  4.3300  5.7900  2.9800  3.0300  3.2800
                     4.4800  5.9400  3.4500  3.5000  3.7500  4.9400
                     6.4100

      rise_transition ( del_44_5_5_w ) :
         VALUES :    1.2000  1.3600  2.1400  5.6500  9.3600  1.2000
                     1.3600  2.1400  5.6500  9.3600  1.2000  1.3600
                     2.1400  5.6500  9.3600  1.2000  1.3600  2.1400
                     5.6500  9.3600  1.2000  1.3600  2.1400  5.6500
                     9.3600

      fall_transition ( del_44_5_5_w ) :
         VALUES :    0.8600  0.9600  1.4900  4.2300  7.6600  0.8600
                     0.9600  1.4900  4.2300  7.6600  0.8600  0.9600
                     1.4900  4.2300  7.6600  0.8600  0.9600  1.4900
                     4.2300  7.6600  0.8600  0.9600  1.4900  4.2300
                     7.6600

    DELAY: OEN, PAD, enable, neg_unate, '', ( ,  ), ( ,  ), ( ,  );
      cell_rise ( del_44_5_5_w ) :
         VALUES :    3.2700  3.3500  3.7200  5.3900  7.4100  3.3200
                     3.3900  3.7700  5.4400  7.4500  3.4200  3.4900
                     3.8600  5.5400  7.5600  3.5600  3.6300  4.0000
                     5.6800  7.7000  4.0000  4.0700  4.4500  6.1200
                     8.1400

      cell_fall ( del_44_5_5_w ) :
         VALUES :    2.5000  2.5500  2.8000  4.0200  5.5200  2.5500
                     2.6000  2.8500  4.0700  5.5600  2.6400  2.6800
                     2.9400  4.1500  5.6600  2.7700  2.8200  3.0700
                     4.2900  5.7900  3.2000  3.2500  3.5000  4.7200
                     6.2200

      rise_transition ( del_44_5_5_w ) :
         VALUES :    1.1800  1.3300  2.1000  5.5300  9.1900  1.1800
                     1.3300  2.1000  5.5300  9.1900  1.1800  1.3300
                     2.1000  5.5300  9.2000  1.1800  1.3300  2.1000
                     5.5300  9.2000  1.1800  1.3300  2.1000  5.5300
                     9.2000

      fall_transition ( del_44_5_5_w ) :
         VALUES :    0.8200  0.9300  1.5200  4.4600  8.1200  0.8200
                     0.9300  1.5200  4.4600  8.1200  0.8200  0.9300
                     1.5200  4.4600  8.1200  0.8200  0.9300  1.5200
                     4.4600  8.1200  0.8100  0.9300  1.5100  4.4600
                     8.1200

  END_PIN PAD;
END_CELL pt3b02d;

CELL(pt3b02u): 2359.821533;

  PIN(OEN): in, 0.075, 7, , , ;
  END_PIN OEN;

  PIN(I): in, 0.08, 8, , , ;
  END_PIN I;

  PIN(CIN): out, 0, 80, 3, 0.8, , ;
    DELAY: PAD, CIN, prop, pos_unate, '', ( ,  ), ( ,  ), ( ,  );
      cell_rise ( del_0_5_5_w ) :
         VALUES :    0.9500  0.9700  1.0400  1.3700  1.7500  0.9100
                     0.9200  1.0000  1.3200  1.7100  0.8800  0.9000
                     0.9700  1.3000  1.6800  0.8300  0.8500  0.9200
                     1.2400  1.6200  0.6300  0.6500  0.7300  1.0600
                     1.4500

      cell_fall ( del_0_5_5_w ) :
         VALUES :    0.8600  0.8900  0.9700  1.2500  1.4900  1.0700
                     1.0800  1.1600  1.4400  1.6900  1.4100  1.4200
                     1.5100  1.8000  2.0400  1.9300  1.9500  2.0500
                     2.3600  2.6000  3.2300  3.2500  3.3800  3.7400
                     4.0300

      rise_transition ( del_0_5_5_w ) :
         VALUES :    0.2400  0.2600  0.3800  0.9900  1.7900  0.2400
                     0.2600  0.3800  0.9900  1.7900  0.2500  0.2700
                     0.3800  0.9900  1.7800  0.2500  0.2700  0.3800
                     0.9900  1.7800  0.2700  0.3000  0.4100  1.0100
                     1.8000

      fall_transition ( del_0_5_5_w ) :
         VALUES :    0.2900  0.3100  0.4100  0.7600  1.1500  0.2900
                     0.3100  0.4100  0.7600  1.1500  0.3000  0.3200
                     0.4200  0.7600  1.1500  0.3600  0.3800  0.4700
                     0.8000  1.1700  0.4600  0.4800  0.5900  0.9400
                     1.3000

  END_PIN CIN;

  PIN(PAD): inout, 7.276, , 8000, 10, 80, , , , ;
    DELAY: OEN, PAD, disable, pos_unate, '', ( ,  ), ( ,  ), ( ,  );
      cell_rise ( del_45_5_5_w ) :
         VALUES :    2.3000  2.3000  2.3000  2.3000  2.3000  2.3800
                     2.3800  2.3800  2.3800  2.3800  2.5300  2.5300
                     2.5300  2.5300  2.5300  2.8000  2.8000  2.8000
                     2.8000  2.8000  3.7000  3.7000  3.7000  3.7000
                     3.7000

      cell_fall ( del_45_5_5_w ) :
         VALUES :    3.4400  3.4400  3.4400  3.4400  3.4400  3.5100
                     3.5100  3.5100  3.5200  3.5200  3.6700  3.6700
                     3.6700  3.6700  3.6700  3.9200  3.9200  3.9200
                     3.9200  3.9200  4.7900  4.7900  4.7900  4.7900
                     4.7900

      rise_transition ( del_45_5_5_w ) :
         VALUES :    0.0000  0.0000  0.0000  0.0000  0.0000  0.0000
                     0.0000  0.0000  0.0000  0.0000  0.0000  0.0000
                     0.0000  0.0000  0.0000  0.0000  0.0000  0.0000
                     0.0000  0.0000  0.0000  0.0000  0.0000  0.0000
                     0.0000

      fall_transition ( del_45_5_5_w ) :
         VALUES :    0.0000  0.0000  0.0000  0.0000  0.0000  0.0000
                     0.0000  0.0000  0.0000  0.0000  0.0000  0.0000
                     0.0000  0.0000  0.0000  0.0000  0.0000  0.0000
                     0.0000  0.0000  0.0000  0.0000  0.0000  0.0000
                     0.0000

    DELAY: I, PAD, prop, pos_unate, '', ( ,  ), ( ,  ), ( ,  );
      cell_rise ( del_45_5_5_w ) :
         VALUES :    2.7900  2.8600  3.2400  4.9000  6.9000  2.8600
                     2.9300  3.3100  4.9700  6.9700  3.0100  3.0900
                     3.4500  5.1200  7.1100  3.2600  3.3300  3.7100
                     5.3700  7.3700  4.1200  4.2000  4.5600  6.2300
                     8.2300

      cell_fall ( del_45_5_5_w ) :
         VALUES :    2.6000  2.6500  2.8900  4.0400  5.4700  2.6500
                     2.6900  2.9300  4.0900  5.5200  2.7300  2.7800
                     3.0200  4.1800  5.6000  2.8600  2.9100  3.1600
                     4.3200  5.7300  3.3000  3.3400  3.5900  4.7400
                     6.1700

      rise_transition ( del_45_5_5_w ) :
         VALUES :    1.2700  1.4300  2.2600  5.9600  9.8700  1.2700
                     1.4300  2.2600  5.9600  9.8700  1.2700  1.4300
                     2.2600  5.9600  9.8700  1.2700  1.4300  2.2600
                     5.9600  9.8700  1.2700  1.4300  2.2600  5.9600
                     9.8700

      fall_transition ( del_45_5_5_w ) :
         VALUES :    0.8500  0.9500  1.4700  4.1700  7.5600  0.8500
                     0.9500  1.4700  4.1700  7.5600  0.8500  0.9500
                     1.4700  4.1700  7.5600  0.8500  0.9500  1.4700
                     4.1700  7.5600  0.8500  0.9500  1.4700  4.1700
                     7.5600

    DELAY: OEN, PAD, enable, neg_unate, '', ( ,  ), ( ,  ), ( ,  );
      cell_rise ( del_45_5_5_w ) :
         VALUES :    3.3000  3.3800  3.7500  5.4400  7.4700  3.3500
                     3.4300  3.8100  5.4900  7.5200  3.4400  3.5200
                     3.9000  5.5900  7.6300  3.5900  3.6600  4.0400
                     5.7300  7.7600  4.0400  4.1100  4.5000  6.1900
                     8.2200

      cell_fall ( del_45_5_5_w ) :
         VALUES :    2.6700  2.7200  2.9900  4.2800  5.8800  2.7300
                     2.7700  3.0400  4.3500  5.9400  2.8300  2.8800
                     3.1500  4.4400  6.0500  2.9900  3.0400  3.3100
                     4.6100  6.2100  3.5000  3.5600  3.8300  5.1200
                     6.7200

      rise_transition ( del_45_5_5_w ) :
         VALUES :    1.2200  1.3700  2.1700  5.7400  9.5300  1.2200
                     1.3700  2.1700  5.7400  9.5200  1.2200  1.3700
                     2.1700  5.7400  9.5300  1.2200  1.3700  2.1700
                     5.7400  9.5300  1.2200  1.3700  2.1600  5.7400
                     9.5300

      fall_transition ( del_45_5_5_w ) :
         VALUES :    0.8100  0.9100  1.4800  4.3300  7.8700  0.8100
                     0.9100  1.4800  4.3300  7.8700  0.8100  0.9100
                     1.4800  4.3300  7.8700  0.8100  0.9100  1.4800
                     4.3300  7.8700  0.8100  0.9100  1.4800  4.3300
                     7.8800

  END_PIN PAD;
END_CELL pt3b02u;

CELL(pt3b03): 2359.821533;

  PIN(OEN): in, 0.074, 7, , , ;
  END_PIN OEN;

  PIN(I): in, 0.082, 8, , , ;
  END_PIN I;

  PIN(CIN): out, 0, 80, 3, 0.8, , ;
    DELAY: PAD, CIN, prop, pos_unate, '', ( ,  ), ( ,  ), ( ,  );
      cell_rise ( del_0_5_5_w ) :
         VALUES :    0.9800  1.0000  1.0700  1.4100  1.8000  0.9500
                     0.9600  1.0400  1.3700  1.7700  0.9300  0.9400
                     1.0200  1.3500  1.7500  0.9000  0.9200  0.9900
                     1.3300  1.7200  0.7800  0.8000  0.8800  1.2200
                     1.6200

      cell_fall ( del_0_5_5_w ) :
         VALUES :    0.8800  0.9000  0.9900  1.2700  1.5200  1.1000
                     1.1100  1.1900  1.4800  1.7300  1.4600  1.4700
                     1.5600  1.8400  2.1000  2.0100  2.0300  2.1300
                     2.4300  2.6900  3.3900  3.4200  3.5500  3.9200
                     4.2100

      rise_transition ( del_0_5_5_w ) :
         VALUES :    0.2500  0.2700  0.3900  1.0200  1.8300  0.2500
                     0.2700  0.3900  1.0200  1.8300  0.2500  0.2800
                     0.3900  1.0200  1.8300  0.2600  0.2800  0.3900
                     1.0200  1.8300  0.2800  0.3100  0.4300  1.0400
                     1.8500

      fall_transition ( del_0_5_5_w ) :
         VALUES :    0.3000  0.3200  0.4200  0.7800  1.1700  0.3000
                     0.3200  0.4200  0.7800  1.1700  0.3100  0.3300
                     0.4300  0.7800  1.1700  0.3600  0.3800  0.4800
                     0.8100  1.1900  0.4700  0.4900  0.6000  0.9600
                     1.3200

  END_PIN CIN;

  PIN(PAD): inout, 8.257, , 8000, 10, 80, , , , ;
    DELAY: OEN, PAD, disable, pos_unate, '', ( ,  ), ( ,  ), ( ,  );
      cell_rise ( del_46_5_5_w ) :
         VALUES :    2.6200  2.6200  2.6200  2.6200  2.6200  2.7000
                     2.7000  2.7000  2.7000  2.7000  2.8600  2.8600
                     2.8600  2.8600  2.8600  3.1300  3.1300  3.1300
                     3.1300  3.1300  4.0800  4.0800  4.0800  4.0800
                     4.0800

      cell_fall ( del_46_5_5_w ) :
         VALUES :    4.3900  4.3900  4.3900  4.3900  4.3900  4.4700
                     4.4700  4.4700  4.4700  4.4700  4.6200  4.6200
                     4.6200  4.6200  4.6200  4.8900  4.8900  4.8900
                     4.8900  4.8900  5.7800  5.7800  5.7800  5.7800
                     5.7800

      rise_transition ( del_46_5_5_w ) :
         VALUES :    0.0000  0.0000  0.0000  0.0000  0.0000  0.0000
                     0.0000  0.0000  0.0000  0.0000  0.0000  0.0000
                     0.0000  0.0000  0.0000  0.0000  0.0000  0.0000
                     0.0000  0.0000  0.0000  0.0000  0.0000  0.0000
                     0.0000

      fall_transition ( del_46_5_5_w ) :
         VALUES :    0.0000  0.0000  0.0000  0.0000  0.0000  0.0000
                     0.0000  0.0000  0.0000  0.0000  0.0000  0.0000
                     0.0000  0.0000  0.0000  0.0000  0.0000  0.0000
                     0.0000  0.0000  0.0000  0.0000  0.0000  0.0000
                     0.0000

    DELAY: I, PAD, prop, pos_unate, '', ( ,  ), ( ,  ), ( ,  );
      cell_rise ( del_46_5_5_w ) :
         VALUES :    3.1600  3.2200  3.5000  4.6800  6.0200  3.2400
                     3.3000  3.5700  4.7600  6.0900  3.4000  3.4700
                     3.7400  4.9200  6.2600  3.6900  3.7400  4.0200
                     5.2000  6.5300  4.6300  4.7000  4.9700  6.1400
                     7.4900

      cell_fall ( del_46_5_5_w ) :
         VALUES :    2.8700  2.9000  3.0700  3.8600  4.8000  2.9200
                     2.9500  3.1300  3.9000  4.8600  3.0200  3.0500
                     3.2300  4.0000  4.9600  3.1700  3.2000  3.3700
                     4.1500  5.1000  3.6300  3.6800  3.8400  4.6300
                     5.5700

      rise_transition ( del_46_5_5_w ) :
         VALUES :    0.9400  1.0500  1.5800  3.9600  6.5700  0.9400
                     1.0500  1.5800  3.9600  6.5700  0.9400  1.0500
                     1.5800  3.9600  6.5700  0.9400  1.0500  1.5800
                     3.9600  6.5700  0.9400  1.0500  1.5800  3.9600
                     6.5700

      fall_transition ( del_46_5_5_w ) :
         VALUES :    0.7500  0.8100  1.1400  2.8900  5.1400  0.7500
                     0.8100  1.1400  2.8900  5.1400  0.7500  0.8100
                     1.1400  2.8900  5.1400  0.7500  0.8100  1.1400
                     2.8900  5.1400  0.7500  0.8100  1.1400  2.8900
                     5.1400

    DELAY: OEN, PAD, enable, neg_unate, '', ( ,  ), ( ,  ), ( ,  );
      cell_rise ( del_46_5_5_w ) :
         VALUES :    3.4300  3.5000  3.7700  4.9300  6.2400  3.4900
                     3.5500  3.8200  4.9800  6.2900  3.6000  3.6500
                     3.9300  5.0800  6.3900  3.7500  3.8000  4.0800
                     5.2300  6.5500  4.2300  4.2800  4.5600  5.7300
                     7.0300

      cell_fall ( del_46_5_5_w ) :
         VALUES :    2.5800  2.6300  2.8000  3.6400  4.6800  2.6400
                     2.6700  2.8600  3.7000  4.7300  2.7400  2.7700
                     2.9600  3.8000  4.8300  2.8700  2.9200  3.1000
                     3.9400  4.9700  3.3400  3.3700  3.5600  4.4000
                     5.4300

      rise_transition ( del_46_5_5_w ) :
         VALUES :    0.9000  0.9900  1.5000  3.7400  6.2300  0.9000
                     0.9900  1.5000  3.7400  6.2300  0.9000  0.9900
                     1.5000  3.7400  6.2300  0.9000  0.9900  1.5000
                     3.7400  6.2300  0.9000  0.9900  1.5000  3.7400
                     6.2300

      fall_transition ( del_46_5_5_w ) :
         VALUES :    0.6400  0.7200  1.1100  3.0300  5.4400  0.6400
                     0.7200  1.1100  3.0300  5.4400  0.6400  0.7200
                     1.1100  3.0300  5.4400  0.6400  0.7200  1.1100
                     3.0300  5.4400  0.6400  0.7200  1.1100  3.0300
                     5.4400

  END_PIN PAD;
END_CELL pt3b03;

CELL(pt3b03d): 2359.821533;

  PIN(OEN): in, 0.073, 7, , , ;
  END_PIN OEN;

  PIN(I): in, 0.082, 8, , , ;
  END_PIN I;

  PIN(CIN): out, 0, 80, 3, 0.8, , ;
    DELAY: PAD, CIN, prop, pos_unate, '', ( ,  ), ( ,  ), ( ,  );
      cell_rise ( del_0_5_5_w ) :
         VALUES :    0.9600  0.9800  1.0500  1.3800  1.7600  0.9200
                     0.9300  1.0100  1.3300  1.7100  0.8900  0.9000
                     0.9700  1.2900  1.6800  0.8300  0.8500  0.9200
                     1.2500  1.6300  0.6500  0.6700  0.7500  1.0700
                     1.4600

      cell_fall ( del_0_5_5_w ) :
         VALUES :    0.8100  0.8300  0.9100  1.1800  1.4100  0.9900
                     1.0000  1.0800  1.3400  1.5700  1.2800  1.2900
                     1.3700  1.6300  1.8700  1.7200  1.7400  1.8300
                     2.1100  2.3500  2.7800  2.8000  2.9200  3.2600
                     3.5400

      rise_transition ( del_0_5_5_w ) :
         VALUES :    0.2500  0.2700  0.3900  1.0100  1.8200  0.2500
                     0.2700  0.3900  1.0100  1.8200  0.2500  0.2800
                     0.3900  1.0100  1.8200  0.2600  0.2800  0.3900
                     1.0100  1.8200  0.2800  0.3100  0.4200  1.0300
                     1.8400

      fall_transition ( del_0_5_5_w ) :
         VALUES :    0.3000  0.3200  0.4100  0.7700  1.1600  0.3000
                     0.3200  0.4100  0.7700  1.1600  0.3100  0.3300
                     0.4200  0.7700  1.1600  0.3600  0.3800  0.4800
                     0.8000  1.1900  0.4700  0.4900  0.5900  0.9500
                     1.3100

  END_PIN CIN;

  PIN(PAD): inout, 7.569, , 8000, 10, 80, , , , ;
    DELAY: OEN, PAD, disable, pos_unate, '', ( ,  ), ( ,  ), ( ,  );
      cell_rise ( del_47_5_5_w ) :
         VALUES :    2.5100  2.5100  2.5100  2.5100  2.5100  2.5800
                     2.5800  2.5800  2.5800  2.5800  2.7300  2.7300
                     2.7300  2.7300  2.7300  2.9900  2.9900  2.9900
                     2.9900  2.9900  3.8600  3.8600  3.8600  3.8600
                     3.8600

      cell_fall ( del_47_5_5_w ) :
         VALUES :    4.3900  4.3900  4.3900  4.3900  4.3900  4.4600
                     4.4600  4.4600  4.4600  4.4600  4.6100  4.6100
                     4.6100  4.6100  4.6100  4.8700  4.8700  4.8700
                     4.8700  4.8700  5.7700  5.7700  5.7700  5.7700
                     5.7700

      rise_transition ( del_47_5_5_w ) :
         VALUES :    0.0000  0.0000  0.0000  0.0000  0.0000  0.0000
                     0.0000  0.0000  0.0000  0.0000  0.0000  0.0000
                     0.0000  0.0000  0.0000  0.0000  0.0000  0.0000
                     0.0000  0.0000  0.0000  0.0000  0.0000  0.0000
                     0.0000

      fall_transition ( del_47_5_5_w ) :
         VALUES :    0.0000  0.0000  0.0000  0.0000  0.0000  0.0000
                     0.0000  0.0000  0.0000  0.0000  0.0000  0.0000
                     0.0000  0.0000  0.0000  0.0000  0.0000  0.0000
                     0.0000  0.0000  0.0000  0.0000  0.0000  0.0000
                     0.0000

    DELAY: I, PAD, prop, pos_unate, '', ( ,  ), ( ,  ), ( ,  );
      cell_rise ( del_47_5_5_w ) :
         VALUES :    3.1900  3.2600  3.5400  4.7200  6.0700  3.2700
                     3.3300  3.6100  4.8000  6.1500  3.4400  3.5000
                     3.7800  4.9600  6.3100  3.7200  3.7900  4.0700
                     5.2500  6.6000  4.6800  4.7500  5.0300  6.2100
                     7.5600

      cell_fall ( del_47_5_5_w ) :
         VALUES :    2.8700  2.9000  3.0700  3.8500  4.7900  2.9100
                     2.9500  3.1200  3.9000  4.8400  3.0200  3.0500
                     3.2100  4.0000  4.9400  3.1600  3.2000  3.3600
                     4.1500  5.0900  3.6300  3.6600  3.8400  4.6100
                     5.5500

      rise_transition ( del_47_5_5_w ) :
         VALUES :    0.9600  1.0600  1.6100  4.0200  6.6900  0.9600
                     1.0600  1.6100  4.0200  6.6900  0.9600  1.0600
                     1.6100  4.0200  6.6900  0.9600  1.0600  1.6100
                     4.0300  6.6900  0.9600  1.0600  1.6100  4.0200
                     6.6900

      fall_transition ( del_47_5_5_w ) :
         VALUES :    0.7100  0.7700  1.0700  2.7400  4.8600  0.7100
                     0.7700  1.0700  2.7400  4.8600  0.7100  0.7700
                     1.0700  2.7400  4.8600  0.7100  0.7700  1.0700
                     2.7400  4.8600  0.7100  0.7700  1.0700  2.7400
                     4.8600

    DELAY: OEN, PAD, enable, neg_unate, '', ( ,  ), ( ,  ), ( ,  );
      cell_rise ( del_47_5_5_w ) :
         VALUES :    3.3000  3.3600  3.6300  4.7400  6.0000  3.3600
                     3.4100  3.6700  4.7800  6.0500  3.4500  3.5000
                     3.7700  4.8800  6.1400  3.5900  3.6400  3.9000
                     5.0200  6.2800  4.0200  4.0800  4.3400  5.4600
                     6.7200

      cell_fall ( del_47_5_5_w ) :
         VALUES :    2.5700  2.6000  2.7900  3.6200  4.6400  2.6100
                     2.6600  2.8300  3.6700  4.6900  2.7100  2.7500
                     2.9300  3.7600  4.7900  2.8600  2.8900  3.0700
                     3.9100  4.9300  3.3000  3.3300  3.5200  4.3600
                     5.3800

      rise_transition ( del_47_5_5_w ) :
         VALUES :    0.9800  1.0800  1.6300  4.0800  6.7700  0.9800
                     1.0800  1.6300  4.0800  6.7700  0.9800  1.0800
                     1.6300  4.0800  6.7700  0.9800  1.0800  1.6300
                     4.0800  6.7700  0.9800  1.0800  1.6300  4.0800
                     6.7700

      fall_transition ( del_47_5_5_w ) :
         VALUES :    0.6600  0.7300  1.1300  3.0900  5.5500  0.6600
                     0.7300  1.1300  3.0800  5.5500  0.6600  0.7300
                     1.1300  3.0800  5.5500  0.6600  0.7300  1.1300
                     3.0800  5.5500  0.6600  0.7300  1.1200  3.0800
                     5.5500

  END_PIN PAD;
END_CELL pt3b03d;

CELL(pt3b03u): 2359.821533;

  PIN(OEN): in, 0.075, 7, , , ;
  END_PIN OEN;

  PIN(I): in, 0.08, 8, , , ;
  END_PIN I;

  PIN(CIN): out, 0, 80, 3, 0.8, , ;
    DELAY: PAD, CIN, prop, pos_unate, '', ( ,  ), ( ,  ), ( ,  );
      cell_rise ( del_0_5_5_w ) :
         VALUES :    1.0400  1.0700  1.1400  1.5000  1.9100  1.0300
                     1.0400  1.1300  1.4700  1.9000  1.0400  1.0500
                     1.1400  1.4900  1.9100  1.0700  1.0900  1.1700
                     1.5200  1.9400  1.1100  1.1300  1.2200  1.5800
                     2.0000

      cell_fall ( del_0_5_5_w ) :
         VALUES :    0.8100  0.8300  0.9100  1.1600  1.3900  0.9700
                     0.9800  1.0600  1.3200  1.5500  1.2600  1.2700
                     1.3500  1.6100  1.8500  1.6800  1.7000  1.7900
                     2.0700  2.3100  2.7200  2.7400  2.8600  3.2000
                     3.4700

      rise_transition ( del_0_5_5_w ) :
         VALUES :    0.2500  0.2700  0.4000  1.0300  1.8500  0.2500
                     0.2700  0.4000  1.0300  1.8500  0.2500  0.2800
                     0.4000  1.0300  1.8500  0.2600  0.2800  0.4000
                     1.0300  1.8500  0.2800  0.3200  0.4300  1.0500
                     1.8700

      fall_transition ( del_0_5_5_w ) :
         VALUES :    0.3000  0.3200  0.4200  0.7900  1.1900  0.3000
                     0.3200  0.4200  0.7900  1.1900  0.3100  0.3400
                     0.4300  0.7900  1.1900  0.3700  0.3900  0.4900
                     0.8200  1.2100  0.4800  0.5000  0.6100  0.9700
                     1.3400

  END_PIN CIN;

  PIN(PAD): inout, 7.651, , 8000, 10, 80, , , , ;
    DELAY: OEN, PAD, disable, pos_unate, '', ( ,  ), ( ,  ), ( ,  );
      cell_rise ( del_48_5_5_w ) :
         VALUES :    2.5900  2.5900  2.5900  2.5900  2.5900  2.6700
                     2.6700  2.6700  2.6700  2.6700  2.8300  2.8300
                     2.8300  2.8300  2.8300  3.1000  3.1000  3.1000
                     3.1000  3.1000  4.0300  4.0300  4.0300  4.0300
                     4.0300

      cell_fall ( del_48_5_5_w ) :
         VALUES :    4.2600  4.2600  4.2600  4.2600  4.2600  4.3200
                     4.3200  4.3200  4.3200  4.3200  4.4700  4.4700
                     4.4700  4.4700  4.4700  4.7200  4.7200  4.7200
                     4.7200  4.7200  5.5600  5.5600  5.5600  5.5600
                     5.5600

      rise_transition ( del_48_5_5_w ) :
         VALUES :    0.0000  0.0000  0.0000  0.0000  0.0000  0.0000
                     0.0000  0.0000  0.0000  0.0000  0.0000  0.0000
                     0.0000  0.0000  0.0000  0.0000  0.0000  0.0000
                     0.0000  0.0000  0.0000  0.0000  0.0000  0.0000
                     0.0000

      fall_transition ( del_48_5_5_w ) :
         VALUES :    0.0000  0.0000  0.0000  0.0000  0.0000  0.0000
                     0.0000  0.0000  0.0000  0.0000  0.0000  0.0000
                     0.0000  0.0000  0.0000  0.0000  0.0000  0.0000
                     0.0000  0.0000  0.0000  0.0000  0.0000  0.0000
                     0.0000

    DELAY: I, PAD, prop, pos_unate, '', ( ,  ), ( ,  ), ( ,  );
      cell_rise ( del_48_5_5_w ) :
         VALUES :    3.1900  3.2400  3.5200  4.7100  6.0500  3.2700
                     3.3200  3.6000  4.7800  6.1400  3.4300  3.5000
                     3.7800  4.9600  6.3000  3.7200  3.7700  4.0500
                     5.2400  6.5900  4.6800  4.7300  5.0100  6.2000
                     7.5400

      cell_fall ( del_48_5_5_w ) :
         VALUES :    2.8600  2.8900  3.0500  3.8400  4.7800  2.9000
                     2.9300  3.1100  3.8900  4.8300  3.0000  3.0300
                     3.2100  3.9800  4.9300  3.1500  3.1800  3.3600
                     4.1300  5.0800  3.6100  3.6500  3.8200  4.6000
                     5.5400

      rise_transition ( del_48_5_5_w ) :
         VALUES :    0.9500  1.0600  1.5900  4.0000  6.6300  0.9500
                     1.0600  1.5900  4.0000  6.6300  0.9500  1.0600
                     1.5900  4.0000  6.6300  0.9500  1.0600  1.5900
                     4.0000  6.6300  0.9500  1.0600  1.5900  4.0000
                     6.6300

      fall_transition ( del_48_5_5_w ) :
         VALUES :    0.7700  0.8300  1.1700  2.9500  5.2500  0.7700
                     0.8300  1.1700  2.9500  5.2500  0.7700  0.8300
                     1.1700  2.9500  5.2500  0.7700  0.8300  1.1700
                     2.9500  5.2500  0.7700  0.8300  1.1700  2.9500
                     5.2500

    DELAY: OEN, PAD, enable, neg_unate, '', ( ,  ), ( ,  ), ( ,  );
      cell_rise ( del_48_5_5_w ) :
         VALUES :    3.4100  3.4600  3.7400  4.8800  6.1900  3.4600
                     3.5200  3.7800  4.9400  6.2400  3.5600  3.6100
                     3.8900  5.0300  6.3400  3.7100  3.7600  4.0400
                     5.1800  6.4900  4.1800  4.2400  4.5100  5.6600
                     6.9600

      cell_fall ( del_48_5_5_w ) :
         VALUES :    2.5600  2.6000  2.7800  3.6200  4.6400  2.6200
                     2.6500  2.8300  3.6700  4.6800  2.7100  2.7400
                     2.9300  3.7600  4.7800  2.8500  2.8900  3.0700
                     3.9000  4.9200  3.3000  3.3400  3.5200  4.3500
                     5.3800

      rise_transition ( del_48_5_5_w ) :
         VALUES :    0.9000  0.9900  1.5100  3.7700  6.2600  0.9000
                     0.9900  1.5100  3.7700  6.2600  0.9000  0.9900
                     1.5100  3.7700  6.2600  0.9000  0.9900  1.5000
                     3.7700  6.2600  0.9000  0.9900  1.5000  3.7700
                     6.2600

      fall_transition ( del_48_5_5_w ) :
         VALUES :    0.7100  0.7800  1.2000  3.2900  5.9000  0.7100
                     0.7800  1.2000  3.2900  5.9000  0.7100  0.7800
                     1.2000  3.2900  5.9000  0.7100  0.7800  1.2000
                     3.2900  5.9000  0.7100  0.7800  1.2100  3.2900
                     5.9000

  END_PIN PAD;
END_CELL pt3b03u;

CELL(pt3o01): 2359.821533;

  PIN(I): in, 0.076, 7, , , ;
  END_PIN I;

  PIN(PAD): out, 0, 8000, 10, 80, , ;
    DELAY: I, PAD, prop, pos_unate, '', ( ,  ), ( ,  ), ( ,  );
      cell_rise ( del_17_5_5_w ) :
         VALUES :    2.8400  2.9900  3.8200  7.9000 13.0000  2.9200
                     3.0800  3.9000  7.9900 13.0900  3.0900  3.2400
                     4.0600  8.1500 13.2500  3.3700  3.5300  4.3600
                     8.4400 13.5500  4.3600  4.5100  5.3300  9.4200
                    14.5200

      cell_fall ( del_17_5_5_w ) :
         VALUES :    2.6800  2.7800  3.3500  6.1300  9.4000  2.7200
                     2.8300  3.3900  6.1800  9.4600  2.8100  2.9300
                     3.4900  6.2600  9.5400  2.9500  3.0600  3.6300
                     6.4000  9.6800  3.4000  3.5000  4.0600  6.8500
                    10.0900

      rise_transition ( del_17_5_5_w ) :
         VALUES :    1.8900  2.2400  4.0600 12.3100 22.2600  1.9000
                     2.2400  4.0600 12.3200 22.2800  1.9000  2.2400
                     4.0600 12.3200 22.2700  1.9000  2.2400  4.0600
                    12.3200 22.2700  1.9000  2.2400  4.0600 12.3200
                    22.2800

      fall_transition ( del_17_5_5_w ) :
         VALUES :    1.3800  1.6200  2.9100  9.2600 16.8500  1.3800
                     1.6200  2.9100  9.2600 16.8500  1.3800  1.6200
                     2.9100  9.2600 16.8500  1.3800  1.6200  2.9100
                     9.2600 16.8500  1.3800  1.6200  2.9100  9.2600
                    16.8500

  END_PIN PAD;
END_CELL pt3o01;

CELL(pt3o02): 2359.821533;

  PIN(I): in, 0.076, 7, , , ;
  END_PIN I;

  PIN(PAD): out, 0, 8000, 10, 80, , ;
    DELAY: I, PAD, prop, pos_unate, '', ( ,  ), ( ,  ), ( ,  );
      cell_rise ( del_17_5_5_w ) :
         VALUES :    2.7600  2.8200  3.1700  4.7700  6.7400  2.8300
                     2.9000  3.2500  4.8400  6.8100  2.9900  3.0600
                     3.4000  5.0100  6.9700  3.2700  3.3300  3.6800
                     5.2800  7.2500  4.2000  4.2600  4.6100  6.2100
                     8.1800

      cell_fall ( del_17_5_5_w ) :
         VALUES :    2.6300  2.6800  2.9200  4.0800  5.5200  2.6800
                     2.7200  2.9700  4.1400  5.5600  2.7700  2.8200
                     3.0600  4.2300  5.6600  2.9100  2.9600  3.2000
                     4.3700  5.8000  3.3600  3.4000  3.6500  4.8200
                     6.2400

      rise_transition ( del_17_5_5_w ) :
         VALUES :    0.9100  1.0400  1.7500  5.2800  9.2900  0.9100
                     1.0400  1.7500  5.2800  9.2900  0.9100  1.0400
                     1.7500  5.2800  9.2900  0.9100  1.0400  1.7500
                     5.2800  9.2900  0.9100  1.0400  1.7500  5.2800
                     9.2900

      fall_transition ( del_17_5_5_w ) :
         VALUES :    0.7400  0.8400  1.3600  4.0500  7.3700  0.7400
                     0.8400  1.3600  4.0500  7.3700  0.7400  0.8400
                     1.3600  4.0500  7.3700  0.7400  0.8400  1.3600
                     4.0500  7.3700  0.7400  0.8400  1.3600  4.0500
                     7.3600

  END_PIN PAD;
END_CELL pt3o02;

CELL(pt3o03): 2359.821533;

  PIN(I): in, 0.075, 7, , , ;
  END_PIN I;

  PIN(PAD): out, 0, 8000, 10, 80, , ;
    DELAY: I, PAD, prop, pos_unate, '', ( ,  ), ( ,  ), ( ,  );
      cell_rise ( del_17_5_5_w ) :
         VALUES :    2.8900  2.9400  3.1600  4.1600  5.3200  2.9600
                     3.0000  3.2400  4.2300  5.3900  3.1100  3.1600
                     3.3800  4.3800  5.5400  3.3700  3.4200  3.6400
                     4.6400  5.8000  4.2300  4.2800  4.5200  5.5000
                     6.6600

      cell_fall ( del_17_5_5_w ) :
         VALUES :    2.8100  2.8500  3.0200  3.8000  4.7300  2.8600
                     2.8900  3.0700  3.8500  4.7800  2.9600  2.9900
                     3.1700  3.9500  4.8800  3.1100  3.1400  3.3100
                     4.0900  5.0200  3.5600  3.5900  3.7700  4.5400
                     5.4800

      rise_transition ( del_17_5_5_w ) :
         VALUES :    0.7100  0.7900  1.2300  3.4000  6.0300  0.7100
                     0.7900  1.2300  3.4000  6.0300  0.7100  0.7900
                     1.2300  3.4000  6.0300  0.7100  0.7900  1.2300
                     3.4000  6.0300  0.7100  0.7900  1.2300  3.4000
                     6.0300

      fall_transition ( del_17_5_5_w ) :
         VALUES :    0.6500  0.7200  1.0700  2.8500  5.1400  0.6500
                     0.7200  1.0700  2.8500  5.1400  0.6500  0.7200
                     1.0700  2.8500  5.1400  0.6500  0.7200  1.0700
                     2.8500  5.1400  0.6500  0.7200  1.0700  2.8500
                     5.1400

  END_PIN PAD;
END_CELL pt3o03;

CELL(pt3t01): 2359.821533;

  PIN(OEN): in, 0.074, 7, , , ;
  END_PIN OEN;

  PIN(I): in, 0.079, 7, , , ;
  END_PIN I;

  PIN(PAD): out, 7.059, 8000, 10, 80, , ;
    DELAY: OEN, PAD, disable, pos_unate, '', ( ,  ), ( ,  ), ( ,  );
      cell_rise ( del_49_5_5_w ) :
         VALUES :    1.8200  1.8200  1.8200  1.8400  1.8400  1.9100
                     1.9100  1.9100  1.9100  1.9100  2.0800  2.0800
                     2.0800  2.0800  2.0800  2.3500  2.3500  2.3500
                     2.3500  2.3500  3.2900  3.2900  3.2900  3.2900
                     3.2900

      cell_fall ( del_49_5_5_w ) :
         VALUES :    2.3400  2.3400  2.3400  2.3400  2.3400  2.4000
                     2.4000  2.4000  2.4000  2.4000  2.5400  2.5400
                     2.5400  2.5400  2.5400  2.7800  2.7800  2.7800
                     2.7800  2.7800  3.6000  3.6000  3.6000  3.6000
                     3.6000

      rise_transition ( del_49_5_5_w ) :
         VALUES :    0.0000  0.0000  0.0000  0.0000  0.0000  0.0000
                     0.0000  0.0000  0.0000  0.0000  0.0000  0.0000
                     0.0000  0.0000  0.0000  0.0000  0.0000  0.0000
                     0.0000  0.0000  0.0000  0.0000  0.0000  0.0000
                     0.0000

      fall_transition ( del_49_5_5_w ) :
         VALUES :    0.0000  0.0000  0.0000  0.0000  0.0000  0.0000
                     0.0000  0.0000  0.0000  0.0000  0.0000  0.0000
                     0.0000  0.0000  0.0000  0.0000  0.0000  0.0000
                     0.0000  0.0000  0.0000  0.0000  0.0000  0.0000
                     0.0000

    DELAY: I, PAD, prop, pos_unate, '', ( ,  ), ( ,  ), ( ,  );
      cell_rise ( del_49_5_5_w ) :
         VALUES :    2.9800  3.1400  3.9700  8.0000 12.9000  3.0500
                     3.2200  4.0500  8.0800 12.9600  3.2000  3.3700
                     4.2000  8.2300 13.1000  3.4700  3.6400  4.4700
                     8.5000 13.3800  4.3700  4.5400  5.3700  9.4000
                    14.2900

      cell_fall ( del_49_5_5_w ) :
         VALUES :    2.6700  2.7800  3.3600  6.1700  9.6500  2.7200
                     2.8300  3.4200  6.2200  9.7000  2.8200  2.9300
                     3.5000  6.3100  9.8000  2.9600  3.0600  3.6400
                     6.4500  9.9400  3.3900  3.5000  4.0900  6.9000
                    10.3700

      rise_transition ( del_49_5_5_w ) :
         VALUES :    2.3800  2.7300  4.4800 12.1300 21.3100  2.3800
                     2.7300  4.4800 12.1300 21.3100  2.3800  2.7300
                     4.4800 12.1300 21.3100  2.3800  2.7300  4.4800
                    12.1300 21.3100  2.3800  2.7300  4.4800 12.1300
                    21.3100

      fall_transition ( del_49_5_5_w ) :
         VALUES :    1.6100  1.8700  3.2200  9.9100 18.2000  1.6100
                     1.8700  3.2200  9.9100 18.2000  1.6100  1.8700
                     3.2200  9.9100 18.2000  1.6100  1.8700  3.2200
                     9.9100 18.2000  1.6100  1.8700  3.2200  9.9100
                    18.2000

    DELAY: OEN, PAD, enable, neg_unate, '', ( ,  ), ( ,  ), ( ,  );
      cell_rise ( del_49_5_5_w ) :
         VALUES :    3.7700  3.9300  4.7800  8.8600 13.8100  3.8200
                     3.9900  4.8300  8.9000 13.8600  3.9200  4.0900
                     4.9300  9.0100 13.9600  4.0700  4.2400  5.0800
                     9.1500 14.1100  4.5400  4.7100  5.5400  9.6200
                    14.5800

      cell_fall ( del_49_5_5_w ) :
         VALUES :    2.7100  2.8200  3.3900  6.1900  9.6600  2.7500
                     2.8600  3.4400  6.2300  9.7100  2.8400  2.9500
                     3.5300  6.3200  9.8000  2.9700  3.0800  3.6600
                     6.4500  9.9300  3.3900  3.5000  4.0700  6.8800
                    10.3400

      rise_transition ( del_49_5_5_w ) :
         VALUES :    2.2900  2.6400  4.3300 11.7200 20.5900  2.2900
                     2.6400  4.3300 11.7200 20.5900  2.2900  2.6400
                     4.3300 11.7200 20.5900  2.2900  2.6400  4.3300
                    11.7200 20.5900  2.2900  2.6400  4.3300 11.7200
                    20.5900

      fall_transition ( del_49_5_5_w ) :
         VALUES :    1.6300  1.8800  3.2700 10.0700 18.5500  1.6300
                     1.8800  3.2700 10.0700 18.5500  1.6300  1.8800
                     3.2700 10.0700 18.5500  1.6300  1.8800  3.2700
                    10.0700 18.5500  1.6300  1.8800  3.2700 10.0700
                    18.5500

  END_PIN PAD;
END_CELL pt3t01;

CELL(pt3t01d): 2359.821533;

  PIN(OEN): in, 0.078, 7, , , ;
  END_PIN OEN;

  PIN(I): in, 0.077, 7, , , ;
  END_PIN I;

  PIN(PAD): out, 6.581, 8000, 10, 80, , ;
    DELAY: OEN, PAD, disable, pos_unate, '', ( ,  ), ( ,  ), ( ,  );
      cell_rise ( del_50_5_5_w ) :
         VALUES :    1.7800  1.7800  1.7800  1.7800  1.7800  1.8400
                     1.8400  1.8400  1.8400  1.8400  2.0000  2.0000
                     2.0000  2.0000  2.0000  2.2600  2.2600  2.2600
                     2.2600  2.2600  3.1400  3.1400  3.1400  3.1400
                     3.1400

      cell_fall ( del_50_5_5_w ) :
         VALUES :    2.3400  2.3400  2.3400  2.3400  2.3400  2.4100
                     2.4100  2.4100  2.4100  2.4100  2.5500  2.5500
                     2.5500  2.5500  2.5500  2.7900  2.7900  2.7900
                     2.7900  2.7900  3.6300  3.6300  3.6300  3.6300
                     3.6300

      rise_transition ( del_50_5_5_w ) :
         VALUES :    0.0000  0.0000  0.0000  0.0000  0.0000  0.0000
                     0.0000  0.0000  0.0000  0.0000  0.0000  0.0000
                     0.0000  0.0000  0.0000  0.0000  0.0000  0.0000
                     0.0000  0.0000  0.0000  0.0000  0.0000  0.0000
                     0.0000

      fall_transition ( del_50_5_5_w ) :
         VALUES :    0.0000  0.0000  0.0000  0.0000  0.0000  0.0000
                     0.0000  0.0000  0.0000  0.0000  0.0000  0.0000
                     0.0000  0.0000  0.0000  0.0000  0.0000  0.0000
                     0.0000  0.0000  0.0000  0.0000  0.0000  0.0000
                     0.0000

    DELAY: I, PAD, prop, pos_unate, '', ( ,  ), ( ,  ), ( ,  );
      cell_rise ( del_50_5_5_w ) :
         VALUES :    3.0500  3.2200  4.0800  8.2200 13.2400  3.1300
                     3.3000  4.1500  8.2900 13.3100  3.2900  3.4600
                     4.3100  8.4500 13.4700  3.5700  3.7300  4.6000
                     8.7300 13.7500  4.5200  4.6900  5.5400  9.6700
                    14.6900

      cell_fall ( del_50_5_5_w ) :
         VALUES :    2.7500  2.8700  3.4600  6.3300  9.8900  2.8000
                     2.9100  3.5100  6.3900  9.9500  2.9000  3.0200
                     3.6100  6.4800 10.0500  3.0500  3.1700  3.7600
                     6.6300 10.2000  3.5200  3.6400  4.2400  7.1200
                    10.6800

      rise_transition ( del_50_5_5_w ) :
         VALUES :    2.4100  2.7800  4.5400 12.2900 21.5900  2.4100
                     2.7800  4.5400 12.2900 21.5900  2.4100  2.7800
                     4.5400 12.2900 21.5900  2.4100  2.7800  4.5400
                    12.2900 21.5900  2.4100  2.7800  4.5400 12.2900
                    21.5900

      fall_transition ( del_50_5_5_w ) :
         VALUES :    1.6000  1.8500  3.1900  9.8000 17.9900  1.6000
                     1.8500  3.1900  9.8000 17.9900  1.6000  1.8500
                     3.1900  9.8000 17.9900  1.6000  1.8500  3.1900
                     9.8000 17.9900  1.6000  1.8500  3.1900  9.8000
                    17.9900

    DELAY: OEN, PAD, enable, neg_unate, '', ( ,  ), ( ,  ), ( ,  );
      cell_rise ( del_50_5_5_w ) :
         VALUES :    3.8000  3.9500  4.8100  8.9200 13.9000  3.8400
                     4.0100  4.8500  8.9700 13.9500  3.9500  4.1000
                     4.9600  9.0700 14.0500  4.1000  4.2600  5.1100
                     9.2200 14.2000  4.5700  4.7400  5.5800  9.6900
                    14.6800

      cell_fall ( del_50_5_5_w ) :
         VALUES :    2.7000  2.8100  3.3800  6.1700  9.6200  2.7400
                     2.8500  3.4200  6.2100  9.6700  2.8300  2.9400
                     3.5100  6.3000  9.7500  2.9500  3.0600  3.6400
                     6.4300  9.8800  3.3600  3.4700  4.0500  6.8300
                    10.2800

      rise_transition ( del_50_5_5_w ) :
         VALUES :    2.4100  2.7700  4.5300 12.2600 21.5500  2.4100
                     2.7700  4.5300 12.2600 21.5300  2.4100  2.7700
                     4.5300 12.2600 21.5300  2.4100  2.7700  4.5300
                    12.2600 21.5300  2.4100  2.7700  4.5300 12.2600
                    21.5500

      fall_transition ( del_50_5_5_w ) :
         VALUES :    1.6100  1.8600  3.2200  9.9400 18.3300  1.6100
                     1.8600  3.2200  9.9400 18.3300  1.6100  1.8600
                     3.2200  9.9400 18.3300  1.6100  1.8600  3.2200
                     9.9400 18.3300  1.6000  1.8600  3.2200  9.9400
                    18.3100

  END_PIN PAD;
END_CELL pt3t01d;

CELL(pt3t01u): 2359.821533;

  PIN(OEN): in, 0.076, 7, , , ;
  END_PIN OEN;

  PIN(I): in, 0.076, 7, , , ;
  END_PIN I;

  PIN(PAD): out, 6.715, 8000, 10, 80, , ;
    DELAY: OEN, PAD, disable, pos_unate, '', ( ,  ), ( ,  ), ( ,  );
      cell_rise ( del_51_5_5_w ) :
         VALUES :    1.7000  1.7000  1.7000  1.7000  1.7000  1.7700
                     1.7700  1.7700  1.7700  1.7700  1.9100  1.9100
                     1.9100  1.9100  1.9200  2.1500  2.1500  2.1500
                     2.1500  2.1500  2.9700  2.9700  2.9700  2.9700
                     2.9700

      cell_fall ( del_51_5_5_w ) :
         VALUES :    2.3300  2.3300  2.3300  2.3300  2.3300  2.4000
                     2.4000  2.4000  2.4000  2.4000  2.5300  2.5300
                     2.5300  2.5300  2.5300  2.7700  2.7700  2.7700
                     2.7700  2.7700  3.5900  3.5900  3.5900  3.5900
                     3.5900

      rise_transition ( del_51_5_5_w ) :
         VALUES :    0.0000  0.0000  0.0000  0.0000  0.0000  0.0000
                     0.0000  0.0000  0.0000  0.0000  0.0000  0.0000
                     0.0000  0.0000  0.0000  0.0000  0.0000  0.0000
                     0.0000  0.0000  0.0000  0.0000  0.0000  0.0000
                     0.0000

      fall_transition ( del_51_5_5_w ) :
         VALUES :    0.0000  0.0000  0.0000  0.0000  0.0000  0.0000
                     0.0000  0.0000  0.0000  0.0000  0.0000  0.0000
                     0.0000  0.0000  0.0000  0.0000  0.0000  0.0000
                     0.0000  0.0000  0.0000  0.0000  0.0000  0.0000
                     0.0000

    DELAY: I, PAD, prop, pos_unate, '', ( ,  ), ( ,  ), ( ,  );
      cell_rise ( del_51_5_5_w ) :
         VALUES :    3.0300  3.1900  4.0400  8.1300 13.0900  3.1100
                     3.2700  4.1200  8.2100 13.1600  3.2700  3.4300
                     4.2800  8.3600 13.3100  3.5400  3.7100  4.5600
                     8.6400 13.6000  4.4900  4.6500  5.5000  9.5800
                    14.5400

      cell_fall ( del_51_5_5_w ) :
         VALUES :    2.7500  2.8600  3.4500  6.3400  9.9100  2.7900
                     2.9100  3.5100  6.3900  9.9700  2.8900  3.0100
                     3.6100  6.4900 10.0600  3.0400  3.1600  3.7600
                     6.6400 10.2100  3.5100  3.6300  4.2200  7.1200
                    10.6900

      rise_transition ( del_51_5_5_w ) :
         VALUES :    2.2700  2.6100  4.2800 11.5900 20.3600  2.2700
                     2.6100  4.2800 11.5900 20.3600  2.2700  2.6100
                     4.2800 11.5900 20.3600  2.2700  2.6100  4.2800
                    11.5900 20.3600  2.2800  2.6100  4.2800 11.5900
                    20.3600

      fall_transition ( del_51_5_5_w ) :
         VALUES :    1.6700  1.9100  3.3000 10.1300 18.6000  1.6700
                     1.9100  3.3000 10.1300 18.6000  1.6700  1.9100
                     3.3000 10.1300 18.6000  1.6700  1.9100  3.3000
                    10.1300 18.6000  1.6700  1.9100  3.3000 10.1300
                    18.6000

    DELAY: OEN, PAD, enable, neg_unate, '', ( ,  ), ( ,  ), ( ,  );
      cell_rise ( del_51_5_5_w ) :
         VALUES :    3.6700  3.8300  4.6500  8.6200 13.4500  3.7200
                     3.8800  4.7000  8.6700 13.5000  3.8100  3.9700
                     4.7900  8.7600 13.5900  3.9500  4.1000  4.9200
                     8.9000 13.7300  4.3700  4.5300  5.3500  9.3300
                    14.1600

      cell_fall ( del_51_5_5_w ) :
         VALUES :    2.7800  2.8900  3.4800  6.3500  9.9000  2.8300
                     2.9400  3.5300  6.3900  9.9600  2.9200  3.0400
                     3.6200  6.4900 10.0400  3.0500  3.1800  3.7600
                     6.6300 10.1800  3.5000  3.6200  4.2100  7.0800
                    10.6300

      rise_transition ( del_51_5_5_w ) :
         VALUES :    2.3200  2.6800  4.3900 11.8800 20.8800  2.3200
                     2.6800  4.3900 11.8800 20.8800  2.3200  2.6700
                     4.3800 11.8800 20.8800  2.3200  2.6700  4.3800
                    11.8800 20.8800  2.3100  2.6700  4.3800 11.8700
                    20.8800

      fall_transition ( del_51_5_5_w ) :
         VALUES :    1.5300  1.7700  3.0600  9.4300 17.3700  1.5300
                     1.7700  3.0600  9.4300 17.3700  1.5300  1.7700
                     3.0600  9.4300 17.3700  1.5300  1.7700  3.0600
                     9.4300 17.3700  1.5300  1.7700  3.0600  9.4300
                    17.3700

  END_PIN PAD;
END_CELL pt3t01u;

CELL(pt3t02): 2359.821533;

  PIN(OEN): in, 0.077, 7, , , ;
  END_PIN OEN;

  PIN(I): in, 0.079, 7, , , ;
  END_PIN I;

  PIN(PAD): out, 7.746, 8000, 10, 80, , ;
    DELAY: OEN, PAD, disable, pos_unate, '', ( ,  ), ( ,  ), ( ,  );
      cell_rise ( del_52_5_5_w ) :
         VALUES :    2.3700  2.3700  2.3700  2.3700  2.3700  2.4500
                     2.4500  2.4500  2.4500  2.4500  2.6100  2.6100
                     2.6100  2.6100  2.6100  2.8900  2.8900  2.8900
                     2.8900  2.8900  3.8400  3.8400  3.8400  3.8400
                     3.8400

      cell_fall ( del_52_5_5_w ) :
         VALUES :    3.4200  3.4200  3.4200  3.4200  3.4200  3.4900
                     3.4900  3.4900  3.4900  3.4900  3.6400  3.6400
                     3.6400  3.6500  3.6500  3.9000  3.9000  3.9000
                     3.9000  3.9000  4.7600  4.7600  4.7600  4.7600
                     4.7600

      rise_transition ( del_52_5_5_w ) :
         VALUES :    0.0000  0.0000  0.0000  0.0000  0.0000  0.0000
                     0.0000  0.0000  0.0000  0.0000  0.0000  0.0000
                     0.0000  0.0000  0.0000  0.0000  0.0000  0.0000
                     0.0000  0.0000  0.0000  0.0000  0.0000  0.0000
                     0.0000

      fall_transition ( del_52_5_5_w ) :
         VALUES :    0.0000  0.0000  0.0000  0.0000  0.0000  0.0000
                     0.0000  0.0000  0.0000  0.0000  0.0000  0.0000
                     0.0000  0.0000  0.0000  0.0000  0.0000  0.0000
                     0.0000  0.0000  0.0000  0.0000  0.0000  0.0000
                     0.0000

    DELAY: I, PAD, prop, pos_unate, '', ( ,  ), ( ,  ), ( ,  );
      cell_rise ( del_52_5_5_w ) :
         VALUES :    2.7800  2.8600  3.2300  4.8900  6.8900  2.8600
                     2.9300  3.3000  4.9600  6.9600  3.0000  3.0800
                     3.4500  5.1100  7.1000  3.2500  3.3300  3.7000
                     5.3600  7.3600  4.1100  4.1900  4.5600  6.2200
                     8.2100

      cell_fall ( del_52_5_5_w ) :
         VALUES :    2.7900  2.8300  3.0900  4.3400  5.8700  2.8400
                     2.8900  3.1500  4.4100  5.9300  2.9500  3.0000
                     3.2700  4.5100  6.0400  3.1200  3.1700  3.4300
                     4.6700  6.2100  3.6300  3.6800  3.9500  5.2000
                     6.7200

      rise_transition ( del_52_5_5_w ) :
         VALUES :    1.2300  1.3900  2.1900  5.7100  9.4600  1.2300
                     1.3900  2.1900  5.7100  9.4600  1.2300  1.3900
                     2.1900  5.7100  9.4600  1.2300  1.3900  2.1900
                     5.7100  9.4600  1.2300  1.3900  2.1900  5.7100
                     9.4600

      fall_transition ( del_52_5_5_w ) :
         VALUES :    0.8400  0.9300  1.4600  4.1300  7.4800  0.8400
                     0.9300  1.4600  4.1300  7.4800  0.8400  0.9300
                     1.4600  4.1300  7.4800  0.8400  0.9300  1.4600
                     4.1300  7.4800  0.8400  0.9300  1.4600  4.1300
                     7.4800

    DELAY: OEN, PAD, enable, neg_unate, '', ( ,  ), ( ,  ), ( ,  );
      cell_rise ( del_52_5_5_w ) :
         VALUES :    3.4500  3.5300  3.9300  5.6900  7.8100  3.5000
                     3.5900  3.9800  5.7400  7.8700  3.6100  3.6900
                     4.0900  5.8500  7.9700  3.7700  3.8500  4.2500
                     6.0100  8.1400  4.2900  4.3700  4.7600  6.5300
                     8.6500

      cell_fall ( del_52_5_5_w ) :
         VALUES :    2.5900  2.6400  2.8900  4.1600  5.7100  2.6400
                     2.6900  2.9500  4.2100  5.7600  2.7400  2.7900
                     3.0500  4.3100  5.8600  2.8900  2.9400  3.2000
                     4.4600  6.0100  3.3600  3.4100  3.6700  4.9400
                     6.4900

      rise_transition ( del_52_5_5_w ) :
         VALUES :    1.1500  1.3000  2.0500  5.3600  8.9000  1.1500
                     1.3000  2.0500  5.3600  8.9000  1.1500  1.3000
                     2.0500  5.3600  8.9000  1.1500  1.3000  2.0500
                     5.3600  8.9000  1.1500  1.3000  2.0500  5.3600
                     8.9000

      fall_transition ( del_52_5_5_w ) :
         VALUES :    0.7900  0.9000  1.4600  4.2800  7.8000  0.7900
                     0.9000  1.4600  4.2800  7.8000  0.7900  0.9000
                     1.4600  4.2800  7.8000  0.7900  0.9000  1.4600
                     4.2800  7.8000  0.7900  0.9000  1.4600  4.2800
                     7.8000

  END_PIN PAD;
END_CELL pt3t02;

CELL(pt3t02d): 2359.821533;

  PIN(OEN): in, 0.078, 7, , , ;
  END_PIN OEN;

  PIN(I): in, 0.078, 7, , , ;
  END_PIN I;

  PIN(PAD): out, 7.438, 8000, 10, 80, , ;
    DELAY: OEN, PAD, disable, pos_unate, '', ( ,  ), ( ,  ), ( ,  );
      cell_rise ( del_53_5_5_w ) :
         VALUES :    2.3800  2.3800  2.3800  2.3800  2.3800  2.4600
                     2.4600  2.4600  2.4600  2.4600  2.6200  2.6200
                     2.6200  2.6200  2.6200  2.9100  2.9100  2.9100
                     2.9100  2.9100  3.8600  3.8600  3.8600  3.8600
                     3.8600

      cell_fall ( del_53_5_5_w ) :
         VALUES :    3.4000  3.4000  3.4000  3.4000  3.4000  3.4700
                     3.4700  3.4700  3.4700  3.4700  3.6200  3.6200
                     3.6200  3.6200  3.6200  3.8700  3.8700  3.8700
                     3.8700  3.8700  4.7300  4.7300  4.7300  4.7300
                     4.7300

      rise_transition ( del_53_5_5_w ) :
         VALUES :    0.0000  0.0000  0.0000  0.0000  0.0000  0.0000
                     0.0000  0.0000  0.0000  0.0000  0.0000  0.0000
                     0.0000  0.0000  0.0000  0.0000  0.0000  0.0000
                     0.0000  0.0000  0.0000  0.0000  0.0000  0.0000
                     0.0000

      fall_transition ( del_53_5_5_w ) :
         VALUES :    0.0000  0.0000  0.0000  0.0000  0.0000  0.0000
                     0.0000  0.0000  0.0000  0.0000  0.0000  0.0000
                     0.0000  0.0000  0.0000  0.0000  0.0000  0.0000
                     0.0000  0.0000  0.0000  0.0000  0.0000  0.0000
                     0.0000

    DELAY: I, PAD, prop, pos_unate, '', ( ,  ), ( ,  ), ( ,  );
      cell_rise ( del_53_5_5_w ) :
         VALUES :    2.7500  2.8300  3.2000  4.8400  6.8100  2.8200
                     2.9000  3.2700  4.9000  6.8800  2.9700  3.0400
                     3.4100  5.0500  7.0200  3.2100  3.2900  3.6500
                     5.3000  7.2700  4.0500  4.1200  4.4900  6.1300
                     8.1000

      cell_fall ( del_53_5_5_w ) :
         VALUES :    2.5600  2.6200  2.8600  4.0100  5.4200  2.6200
                     2.6700  2.9100  4.0500  5.4600  2.7100  2.7600
                     3.0000  4.1500  5.5500  2.8400  2.8900  3.1300
                     4.2800  5.6900  3.2600  3.3100  3.5500  4.6900
                     6.1000

      rise_transition ( del_53_5_5_w ) :
         VALUES :    1.2100  1.3800  2.1700  5.6300  9.3200  1.2100
                     1.3800  2.1700  5.6300  9.3200  1.2100  1.3800
                     2.1700  5.6300  9.3200  1.2100  1.3800  2.1700
                     5.6300  9.3200  1.2100  1.3800  2.1700  5.6300
                     9.3200

      fall_transition ( del_53_5_5_w ) :
         VALUES :    0.8500  0.9400  1.4600  4.1500  7.5000  0.8500
                     0.9400  1.4600  4.1500  7.5000  0.8500  0.9400
                     1.4600  4.1500  7.5000  0.8500  0.9400  1.4600
                     4.1500  7.5000  0.8500  0.9400  1.4600  4.1500
                     7.5000

    DELAY: OEN, PAD, enable, neg_unate, '', ( ,  ), ( ,  ), ( ,  );
      cell_rise ( del_53_5_5_w ) :
         VALUES :    3.3500  3.4200  3.8100  5.5200  7.5900  3.4100
                     3.4800  3.8600  5.5800  7.6500  3.5000  3.5800
                     3.9600  5.6700  7.7400  3.6500  3.7300  4.1100
                     5.8300  7.9000  4.1300  4.2000  4.5900  6.3000
                     8.3700

      cell_fall ( del_53_5_5_w ) :
         VALUES :    2.5800  2.6300  2.8900  4.1500  5.7000  2.6400
                     2.6900  2.9400  4.2000  5.7500  2.7300  2.7800
                     3.0400  4.3000  5.8500  2.8800  2.9300  3.1900
                     4.4500  6.0000  3.3400  3.3900  3.6600  4.9100
                     6.4600

      rise_transition ( del_53_5_5_w ) :
         VALUES :    1.2500  1.4100  2.2200  5.7800  9.6000  1.2500
                     1.4100  2.2200  5.7900  9.6000  1.2500  1.4100
                     2.2200  5.7900  9.6000  1.2500  1.4100  2.2200
                     5.7900  9.6000  1.2500  1.4100  2.2200  5.7900
                     9.6000

      fall_transition ( del_53_5_5_w ) :
         VALUES :    0.8200  0.9200  1.5200  4.4500  8.1000  0.8200
                     0.9200  1.5200  4.4500  8.1000  0.8200  0.9200
                     1.5200  4.4500  8.1000  0.8200  0.9200  1.5200
                     4.4500  8.1000  0.8100  0.9200  1.5100  4.4500
                     8.1000

  END_PIN PAD;
END_CELL pt3t02d;

CELL(pt3t02u): 2359.821533;

  PIN(OEN): in, 0.076, 7, , , ;
  END_PIN OEN;

  PIN(I): in, 0.078, 7, , , ;
  END_PIN I;

  PIN(PAD): out, 7.081, 8000, 10, 80, , ;
    DELAY: OEN, PAD, disable, pos_unate, '', ( ,  ), ( ,  ), ( ,  );
      cell_rise ( del_54_5_5_w ) :
         VALUES :    2.3300  2.3300  2.3300  2.3300  2.3300  2.4100
                     2.4100  2.4100  2.4100  2.4100  2.5700  2.5700
                     2.5700  2.5700  2.5700  2.8500  2.8500  2.8500
                     2.8500  2.8500  3.7700  3.7700  3.7700  3.7700
                     3.7700

      cell_fall ( del_54_5_5_w ) :
         VALUES :    3.4200  3.4200  3.4200  3.4200  3.4200  3.4800
                     3.4800  3.4800  3.4900  3.4900  3.6300  3.6300
                     3.6300  3.6300  3.6300  3.8800  3.8800  3.8800
                     3.8800  3.8800  4.7400  4.7400  4.7400  4.7400
                     4.7500

      rise_transition ( del_54_5_5_w ) :
         VALUES :    0.0000  0.0000  0.0000  0.0000  0.0000  0.0000
                     0.0000  0.0000  0.0000  0.0000  0.0000  0.0000
                     0.0000  0.0000  0.0000  0.0000  0.0000  0.0000
                     0.0000  0.0000  0.0000  0.0000  0.0000  0.0000
                     0.0000

      fall_transition ( del_54_5_5_w ) :
         VALUES :    0.0000  0.0000  0.0000  0.0000  0.0000  0.0000
                     0.0000  0.0000  0.0000  0.0000  0.0000  0.0000
                     0.0000  0.0000  0.0000  0.0000  0.0000  0.0000
                     0.0000  0.0000  0.0000  0.0000  0.0000  0.0000
                     0.0000

    DELAY: I, PAD, prop, pos_unate, '', ( ,  ), ( ,  ), ( ,  );
      cell_rise ( del_54_5_5_w ) :
         VALUES :    2.9800  3.0600  3.4500  5.2400  7.3600  3.0600
                     3.1400  3.5400  5.3100  7.4500  3.2300  3.3100
                     3.7000  5.4800  7.6100  3.5200  3.5900  3.9900
                     5.7700  7.9000  4.4900  4.5700  4.9600  6.7400
                     8.8700

      cell_fall ( del_54_5_5_w ) :
         VALUES :    2.5700  2.6100  2.8600  4.0000  5.4100  2.6100
                     2.6600  2.9000  4.0500  5.4500  2.7000  2.7500
                     2.9900  4.1400  5.5400  2.8300  2.8800  3.1200
                     4.2700  5.6700  3.2400  3.2900  3.5300  4.6800
                     6.0900

      rise_transition ( del_54_5_5_w ) :
         VALUES :    1.2800  1.4500  2.2800  5.9200  9.8200  1.2800
                     1.4500  2.2800  5.9200  9.8200  1.2800  1.4500
                     2.2800  5.9200  9.8200  1.2800  1.4500  2.2800
                     5.9300  9.8200  1.2800  1.4500  2.2800  5.9300
                     9.8200

      fall_transition ( del_54_5_5_w ) :
         VALUES :    0.8900  1.0000  1.5400  4.3700  7.9100  0.8900
                     1.0000  1.5400  4.3700  7.9100  0.8900  1.0000
                     1.5400  4.3700  7.9100  0.8900  1.0000  1.5400
                     4.3700  7.9100  0.8900  1.0000  1.5400  4.3700
                     7.9100

    DELAY: OEN, PAD, enable, neg_unate, '', ( ,  ), ( ,  ), ( ,  );
      cell_rise ( del_54_5_5_w ) :
         VALUES :    3.2200  3.2900  3.6700  5.3200  7.3000  3.2700
                     3.3400  3.7100  5.3600  7.3500  3.3500  3.4400
                     3.8000  5.4500  7.4300  3.4900  3.5600  3.9400
                     5.5900  7.5700  3.9100  3.9900  4.3600  6.0100
                     7.9900

      cell_fall ( del_54_5_5_w ) :
         VALUES :    2.4500  2.5000  2.7500  3.9400  5.4100  2.4900
                     2.5400  2.7900  3.9800  5.4600  2.5800  2.6300
                     2.8800  4.0700  5.5400  2.7100  2.7600  3.0100
                     4.2000  5.6700  3.1200  3.1600  3.4100  4.6100
                     6.0800

      rise_transition ( del_54_5_5_w ) :
         VALUES :    1.1900  1.3400  2.1200  5.5100  9.1600  1.1900
                     1.3400  2.1200  5.5100  9.1600  1.1900  1.3400
                     2.1200  5.5100  9.1600  1.1900  1.3400  2.1200
                     5.5100  9.1600  1.1900  1.3400  2.1200  5.5100
                     9.1600

      fall_transition ( del_54_5_5_w ) :
         VALUES :    0.8000  0.8900  1.4600  4.2700  7.7700  0.8000
                     0.8900  1.4600  4.2700  7.7700  0.8000  0.8900
                     1.4600  4.2700  7.7700  0.8000  0.8900  1.4600
                     4.2700  7.7800  0.8000  0.8900  1.4600  4.2700
                     7.7800

  END_PIN PAD;
END_CELL pt3t02u;

CELL(pt3t03): 2359.821533;

  PIN(OEN): in, 0.077, 7, , , ;
  END_PIN OEN;

  PIN(I): in, 0.079, 7, , , ;
  END_PIN I;

  PIN(PAD): out, 8.025, 8000, 10, 80, , ;
    DELAY: OEN, PAD, disable, pos_unate, '', ( ,  ), ( ,  ), ( ,  );
      cell_rise ( del_55_5_5_w ) :
         VALUES :    2.5800  2.5800  2.5800  2.5800  2.5800  2.6600
                     2.6600  2.6600  2.6600  2.6600  2.8200  2.8200
                     2.8200  2.8200  2.8200  3.0900  3.0900  3.0900
                     3.0900  3.0900  4.0100  4.0100  4.0100  4.0100
                     4.0100

      cell_fall ( del_55_5_5_w ) :
         VALUES :    4.3200  4.3200  4.3200  4.3200  4.3200  4.4000
                     4.4000  4.4000  4.4000  4.4000  4.5500  4.5500
                     4.5500  4.5500  4.5500  4.8100  4.8100  4.8100
                     4.8100  4.8100  5.6700  5.6700  5.6700  5.6700
                     5.6700

      rise_transition ( del_55_5_5_w ) :
         VALUES :    0.0000  0.0000  0.0000  0.0000  0.0000  0.0000
                     0.0000  0.0000  0.0000  0.0000  0.0000  0.0000
                     0.0000  0.0000  0.0000  0.0000  0.0000  0.0000
                     0.0000  0.0000  0.0000  0.0000  0.0000  0.0000
                     0.0000

      fall_transition ( del_55_5_5_w ) :
         VALUES :    0.0000  0.0000  0.0000  0.0000  0.0000  0.0000
                     0.0000  0.0000  0.0000  0.0000  0.0000  0.0000
                     0.0000  0.0000  0.0000  0.0000  0.0000  0.0000
                     0.0000  0.0000  0.0000  0.0000  0.0000  0.0000
                     0.0000

    DELAY: I, PAD, prop, pos_unate, '', ( ,  ), ( ,  ), ( ,  );
      cell_rise ( del_55_5_5_w ) :
         VALUES :    3.0400  3.1000  3.3600  4.5000  5.7900  3.1200
                     3.1700  3.4400  4.5800  5.8600  3.2700  3.3300
                     3.5900  4.7200  6.0100  3.5300  3.5800  3.8500
                     4.9900  6.2700  4.4100  4.4700  4.7400  5.8700
                     7.1600

      cell_fall ( del_55_5_5_w ) :
         VALUES :    2.7400  2.7800  2.9500  3.7000  4.6100  2.8000
                     2.8300  2.9900  3.7400  4.6500  2.8900  2.9200
                     3.0800  3.8400  4.7400  3.0200  3.0500  3.2100
                     3.9700  4.8800  3.4400  3.4700  3.6300  4.3900
                     5.3100

      rise_transition ( del_55_5_5_w ) :
         VALUES :    0.9300  1.0300  1.5500  3.8600  6.3700  0.9300
                     1.0300  1.5500  3.8600  6.3700  0.9300  1.0300
                     1.5500  3.8600  6.3700  0.9300  1.0300  1.5500
                     3.8600  6.3700  0.9300  1.0300  1.5500  3.8600
                     6.3700

      fall_transition ( del_55_5_5_w ) :
         VALUES :    0.7500  0.8100  1.1400  2.8900  5.1300  0.7500
                     0.8100  1.1400  2.8800  5.1200  0.7500  0.8100
                     1.1400  2.8900  5.1300  0.7500  0.8100  1.1400
                     2.8900  5.1300  0.7500  0.8100  1.1400  2.8900
                     5.1300

    DELAY: OEN, PAD, enable, neg_unate, '', ( ,  ), ( ,  ), ( ,  );
      cell_rise ( del_55_5_5_w ) :
         VALUES :    3.5000  3.5500  3.8300  5.0200  6.3500  3.5600
                     3.6100  3.8900  5.0700  6.4100  3.6600  3.7200
                     4.0000  5.1800  6.5200  3.8200  3.8800  4.1600
                     5.3400  6.6800  4.3300  4.3900  4.6700  5.8500
                     7.1800

      cell_fall ( del_55_5_5_w ) :
         VALUES :    2.7000  2.7300  2.9300  3.8000  4.8800  2.7600
                     2.7900  2.9900  3.8700  4.9400  2.8600  2.9000
                     3.0900  3.9800  5.0500  3.0200  3.0700  3.2500
                     4.1400  5.2100  3.5400  3.5800  3.7700  4.6500
                     5.7200

      rise_transition ( del_55_5_5_w ) :
         VALUES :    0.9200  1.0100  1.5300  3.8100  6.2900  0.9200
                     1.0100  1.5300  3.8100  6.2900  0.9200  1.0100
                     1.5300  3.8100  6.2900  0.9200  1.0100  1.5300
                     3.8100  6.2900  0.9200  1.0100  1.5300  3.8100
                     6.2900

      fall_transition ( del_55_5_5_w ) :
         VALUES :    0.6700  0.7600  1.1500  3.1600  5.6800  0.6700
                     0.7600  1.1500  3.1600  5.6800  0.6700  0.7600
                     1.1500  3.1600  5.6800  0.6700  0.7600  1.1500
                     3.1600  5.6800  0.6700  0.7600  1.1500  3.1600
                     5.6800

  END_PIN PAD;
END_CELL pt3t03;

CELL(pt3t03d): 2359.821533;

  PIN(OEN): in, 0.077, 7, , , ;
  END_PIN OEN;

  PIN(I): in, 0.08, 8, , , ;
  END_PIN I;

  PIN(PAD): out, 7.95, 8000, 10, 80, , ;
    DELAY: OEN, PAD, disable, pos_unate, '', ( ,  ), ( ,  ), ( ,  );
      cell_rise ( del_56_5_5_w ) :
         VALUES :    2.4600  2.4600  2.4600  2.4600  2.4600  2.5300
                     2.5300  2.5300  2.5300  2.5300  2.6700  2.6700
                     2.6700  2.6700  2.6700  2.9100  2.9100  2.9100
                     2.9100  2.9100  3.7500  3.7500  3.7500  3.7500
                     3.7500

      cell_fall ( del_56_5_5_w ) :
         VALUES :    4.2500  4.2500  4.2500  4.2500  4.2500  4.3200
                     4.3200  4.3200  4.3200  4.3200  4.4600  4.4600
                     4.4600  4.4600  4.4600  4.7000  4.7000  4.7000
                     4.7000  4.7000  5.5500  5.5500  5.5500  5.5500
                     5.5500

      rise_transition ( del_56_5_5_w ) :
         VALUES :    0.0000  0.0000  0.0000  0.0000  0.0000  0.0000
                     0.0000  0.0000  0.0000  0.0000  0.0000  0.0000
                     0.0000  0.0000  0.0000  0.0000  0.0000  0.0000
                     0.0000  0.0000  0.0000  0.0000  0.0000  0.0000
                     0.0000

      fall_transition ( del_56_5_5_w ) :
         VALUES :    0.0000  0.0000  0.0000  0.0000  0.0000  0.0000
                     0.0000  0.0000  0.0000  0.0000  0.0000  0.0000
                     0.0000  0.0000  0.0000  0.0000  0.0000  0.0000
                     0.0000  0.0000  0.0000  0.0000  0.0000  0.0000
                     0.0000

    DELAY: I, PAD, prop, pos_unate, '', ( ,  ), ( ,  ), ( ,  );
      cell_rise ( del_56_5_5_w ) :
         VALUES :    3.2300  3.2900  3.5800  4.7700  6.1400  3.3100
                     3.3700  3.6500  4.8500  6.2200  3.4800  3.5400
                     3.8200  5.0200  6.3900  3.7700  3.8400  4.1200
                     5.3100  6.6800  4.7500  4.8200  5.1000  6.2900
                     7.6600

      cell_fall ( del_56_5_5_w ) :
         VALUES :    2.8700  2.9000  3.0800  3.8600  4.8100  2.9300
                     2.9600  3.1300  3.9200  4.8700  3.0300  3.0600
                     3.2300  4.0200  4.9700  3.1800  3.2200  3.3900
                     4.1800  5.1300  3.6600  3.6900  3.8600  4.6500
                     5.6000

      rise_transition ( del_56_5_5_w ) :
         VALUES :    0.9400  1.0400  1.5800  3.9200  6.4600  0.9400
                     1.0400  1.5800  3.9200  6.4600  0.9400  1.0400
                     1.5800  3.9200  6.4600  0.9400  1.0400  1.5800
                     3.9200  6.4600  0.9400  1.0400  1.5800  3.9200
                     6.4600

      fall_transition ( del_56_5_5_w ) :
         VALUES :    0.7100  0.7600  1.0700  2.7300  4.8500  0.7100
                     0.7600  1.0700  2.7200  4.8400  0.7100  0.7600
                     1.0700  2.7200  4.8400  0.7100  0.7600  1.0700
                     2.7300  4.8500  0.7100  0.7600  1.0700  2.7300
                     4.8500

    DELAY: OEN, PAD, enable, neg_unate, '', ( ,  ), ( ,  ), ( ,  );
      cell_rise ( del_56_5_5_w ) :
         VALUES :    3.3000  3.3600  3.6100  4.7300  6.0000  3.3500
                     3.4000  3.6700  4.7800  6.0400  3.4500  3.5000
                     3.7600  4.8700  6.1300  3.5700  3.6300  3.9000
                     5.0100  6.2700  4.0100  4.0600  4.3300  5.4500
                     6.7100

      cell_fall ( del_56_5_5_w ) :
         VALUES :    2.5100  2.5400  2.7200  3.5400  4.5400  2.5500
                     2.5900  2.7700  3.5800  4.5800  2.6500  2.6800
                     2.8600  3.6700  4.6700  2.7800  2.8100  2.9900
                     3.8100  4.8100  3.2000  3.2300  3.4100  4.2300
                     5.2300

      rise_transition ( del_56_5_5_w ) :
         VALUES :    0.9200  1.0200  1.5300  3.8200  6.3000  0.9200
                     1.0200  1.5300  3.8200  6.3000  0.9200  1.0200
                     1.5300  3.8200  6.3000  0.9200  1.0200  1.5300
                     3.8200  6.3000  0.9200  1.0200  1.5300  3.8200
                     6.3000

      fall_transition ( del_56_5_5_w ) :
         VALUES :    0.6800  0.7600  1.1700  3.2100  5.7600  0.6800
                     0.7600  1.1700  3.2000  5.7600  0.6800  0.7600
                     1.1700  3.2000  5.7600  0.6800  0.7600  1.1700
                     3.2000  5.7600  0.6800  0.7600  1.1600  3.2000
                     5.7600

  END_PIN PAD;
END_CELL pt3t03d;

CELL(pt3t03u): 2359.821533;

  PIN(OEN): in, 0.078, 7, , , ;
  END_PIN OEN;

  PIN(I): in, 0.082, 8, , , ;
  END_PIN I;

  PIN(PAD): out, 8.054, 8000, 10, 80, , ;
    DELAY: OEN, PAD, disable, pos_unate, '', ( ,  ), ( ,  ), ( ,  );
      cell_rise ( del_57_5_5_w ) :
         VALUES :    2.6600  2.6600  2.6600  2.6600  2.6600  2.7400
                     2.7400  2.7400  2.7400  2.7400  2.9100  2.9100
                     2.9100  2.9100  2.9100  3.1900  3.1900  3.1900
                     3.1900  3.1900  4.1700  4.1700  4.1700  4.1700
                     4.1700

      cell_fall ( del_57_5_5_w ) :
         VALUES :    4.2800  4.2800  4.2800  4.2800  4.2800  4.3400
                     4.3400  4.3400  4.3400  4.3400  4.4900  4.4900
                     4.4900  4.4900  4.4900  4.7300  4.7300  4.7300
                     4.7300  4.7300  5.5800  5.5800  5.5800  5.5800
                     5.5800

      rise_transition ( del_57_5_5_w ) :
         VALUES :    0.0000  0.0000  0.0000  0.0000  0.0000  0.0000
                     0.0000  0.0000  0.0000  0.0000  0.0000  0.0000
                     0.0000  0.0000  0.0000  0.0000  0.0000  0.0000
                     0.0000  0.0000  0.0000  0.0000  0.0000  0.0000
                     0.0000

      fall_transition ( del_57_5_5_w ) :
         VALUES :    0.0000  0.0000  0.0000  0.0000  0.0000  0.0000
                     0.0000  0.0000  0.0000  0.0000  0.0000  0.0000
                     0.0000  0.0000  0.0000  0.0000  0.0000  0.0000
                     0.0000  0.0000  0.0000  0.0000  0.0000  0.0000
                     0.0000

    DELAY: I, PAD, prop, pos_unate, '', ( ,  ), ( ,  ), ( ,  );
      cell_rise ( del_57_5_5_w ) :
         VALUES :    2.9900  3.0400  3.3100  4.4300  5.6900  3.0700
                     3.1200  3.3800  4.4900  5.7600  3.2100  3.2700
                     3.5300  4.6400  5.9000  3.4600  3.5100  3.7700
                     4.8900  6.1500  4.3100  4.3600  4.6400  5.7500
                     7.0100

      cell_fall ( del_57_5_5_w ) :
         VALUES :    2.7000  2.7400  2.9000  3.6400  4.5400  2.7500
                     2.7800  2.9500  3.6800  4.5800  2.8400  2.8700
                     3.0300  3.7700  4.6700  2.9700  3.0000  3.1500
                     3.9000  4.7900  3.3700  3.4000  3.5700  4.3000
                     5.2000

      rise_transition ( del_57_5_5_w ) :
         VALUES :    0.9200  1.0200  1.5300  3.8100  6.2900  0.9200
                     1.0200  1.5300  3.8100  6.2900  0.9200  1.0200
                     1.5300  3.8100  6.2900  0.9200  1.0200  1.5300
                     3.8100  6.2900  0.9200  1.0200  1.5300  3.8100
                     6.2900

      fall_transition ( del_57_5_5_w ) :
         VALUES :    0.7400  0.7900  1.1100  2.8300  5.0400  0.7400
                     0.7900  1.1200  2.8300  5.0300  0.7400  0.7900
                     1.1100  2.8300  5.0300  0.7400  0.7900  1.1200
                     2.8300  5.0400  0.7400  0.7900  1.1100  2.8300
                     5.0400

    DELAY: OEN, PAD, enable, neg_unate, '', ( ,  ), ( ,  ), ( ,  );
      cell_rise ( del_57_5_5_w ) :
         VALUES :    3.4400  3.5000  3.7700  4.9300  6.2500  3.4900
                     3.5500  3.8200  4.9800  6.3000  3.6000  3.6500
                     3.9300  5.0800  6.4000  3.7400  3.8100  4.0800
                     5.2400  6.5600  4.2300  4.2900  4.5700  5.7200
                     7.0400

      cell_fall ( del_57_5_5_w ) :
         VALUES :    2.4700  2.5100  2.6800  3.4900  4.4800  2.5200
                     2.5500  2.7300  3.5400  4.5200  2.6000  2.6400
                     2.8100  3.6300  4.6100  2.7300  2.7700  2.9400
                     3.7500  4.7400  3.1400  3.1700  3.3500  4.1600
                     5.1400

      rise_transition ( del_57_5_5_w ) :
         VALUES :    0.9200  1.0100  1.5400  3.8200  6.3000  0.9200
                     1.0100  1.5400  3.8200  6.3000  0.9200  1.0100
                     1.5400  3.8200  6.3000  0.9200  1.0100  1.5400
                     3.8200  6.3000  0.9200  1.0100  1.5300  3.8200
                     6.3000

      fall_transition ( del_57_5_5_w ) :
         VALUES :    0.7000  0.7700  1.1800  3.2400  5.8100  0.7000
                     0.7700  1.1800  3.2400  5.8100  0.7000  0.7700
                     1.1800  3.2400  5.8100  0.7000  0.7700  1.1800
                     3.2400  5.8100  0.7000  0.7700  1.1800  3.2400
                     5.8100

  END_PIN PAD;
END_CELL pt3t03u;

CELL(pc3d00): 2359.821533;

  PIN(PAD): inout, 0, , , , , , , , ;
  END_PIN PAD;
END_CELL pc3d00;

CELL(pv0a): 2359.821533;

  PIN(PAD): out, 0, , , , , ;
  END_PIN PAD;
END_CELL pv0a;

CELL(pv0b): 2359.821533;

  PIN(PAD): out, 0, , , , , ;
  END_PIN PAD;
END_CELL pv0b;

CELL(pv0d): 2359.821533;

  PIN(PAD): out, 0, , , , , ;
  END_PIN PAD;
END_CELL pv0d;

CELL(pv0e): 2359.821533;

  PIN(PAD): out, 0, , , , , ;
  END_PIN PAD;
END_CELL pv0e;

CELL(pv0f): 2359.821533;

  PIN(PAD): out, 0, , , , , ;
  END_PIN PAD;
END_CELL pv0f;

CELL(pv0i): 2359.821533;

  PIN(PAD): out, 0, , , , , ;
  END_PIN PAD;
END_CELL pv0i;

CELL(pvda): 2359.821533;

  PIN(PAD): out, 0, , , , , ;
  END_PIN PAD;
END_CELL pvda;

CELL(pvdd): 2359.821533;

  PIN(PAD): out, 0, , , , , ;
  END_PIN PAD;
END_CELL pvdd;

CELL(pvde): 2359.821533;

  PIN(PAD): out, 0, , , , , ;
  END_PIN PAD;
END_CELL pvde;

CELL(pvdi): 2359.821533;

  PIN(PAD): out, 0, , , , , ;
  END_PIN PAD;
END_CELL pvdi;

CELL(pvdc): 2359.821533;

  PIN(PAD): out, 0, , , , , ;
  END_PIN PAD;
END_CELL pvdc;

Number of library cells: 84
Number of reported cells: 84
