****************************************
Report : constraint
	-all_violators
	-verbose
	-removal
Design : rc8051RtlTop
Version: V-2004.06-SP1-2
Date   : Fri Jul  1 14:14:24 2005
****************************************


  Startpoint: test_mode (input port)
  Endpoint: U3_cpu/U1_datapath/U1_sfr/U3_psw/out_psw_reg_2_
               (removal check against rising-edge clock clk)
  Path Group: **async_default**
  Path Type: min

  Point                                                   Incr       Path
  ------------------------------------------------------------------------------
  clock (input port clock) (rise edge)                    0.00       0.00
  clock network delay (ideal)                             0.00       0.00
  input external delay                                    0.00       0.00 f
  test_mode (in)                                          0.00       0.00 f
  PI_test_mode/C (PDIDGZ)                                 0.30       0.30 f
  U3_cpu/U1_datapath/U1_sfr/U3_psw/test_point_528/U6/Y (MX2X1)
                                                          0.22       0.52 r
  U3_cpu/U1_datapath/U1_sfr/U3_psw/out_psw_reg_2_/RN (SDFFRHQX1)
                                                          0.00       0.52 r
  data arrival time                                                  0.52

  clock clk (rise edge)                                   0.00       0.00
  clock network delay (ideal)                             1.50       1.50
  clock uncertainty                                       0.30       1.80
  U3_cpu/U1_datapath/U1_sfr/U3_psw/out_psw_reg_2_/CK (SDFFRHQX1)     1.80 r
  library removal time                                   -0.03       1.77
  data required time                                                 1.77
  ------------------------------------------------------------------------------
  data required time                                                 1.77
  data arrival time                                                 -0.52
  ------------------------------------------------------------------------------
  slack (VIOLATED)                                                  -1.25


  Startpoint: test_mode (input port)
  Endpoint: U3_cpu/U1_datapath/U1_sfr/U3_psw/out_psw_reg_6_
               (removal check against rising-edge clock clk)
  Path Group: **async_default**
  Path Type: min

  Point                                                   Incr       Path
  ------------------------------------------------------------------------------
  clock (input port clock) (rise edge)                    0.00       0.00
  clock network delay (ideal)                             0.00       0.00
  input external delay                                    0.00       0.00 f
  test_mode (in)                                          0.00       0.00 f
  PI_test_mode/C (PDIDGZ)                                 0.30       0.30 f
  U3_cpu/U1_datapath/U1_sfr/U3_psw/test_point_528/U6/Y (MX2X1)
                                                          0.22       0.52 r
  U3_cpu/U1_datapath/U1_sfr/U3_psw/out_psw_reg_6_/RN (SDFFRHQX1)
                                                          0.00       0.52 r
  data arrival time                                                  0.52

  clock clk (rise edge)                                   0.00       0.00
  clock network delay (ideal)                             1.50       1.50
  clock uncertainty                                       0.30       1.80
  U3_cpu/U1_datapath/U1_sfr/U3_psw/out_psw_reg_6_/CK (SDFFRHQX1)     1.80 r
  library removal time                                   -0.03       1.77
  data required time                                                 1.77
  ------------------------------------------------------------------------------
  data required time                                                 1.77
  data arrival time                                                 -0.52
  ------------------------------------------------------------------------------
  slack (VIOLATED)                                                  -1.25


  Startpoint: test_mode (input port)
  Endpoint: U3_cpu/U1_datapath/U1_sfr/U3_psw/out_psw_reg_1_
               (removal check against rising-edge clock clk)
  Path Group: **async_default**
  Path Type: min

  Point                                                   Incr       Path
  ------------------------------------------------------------------------------
  clock (input port clock) (rise edge)                    0.00       0.00
  clock network delay (ideal)                             0.00       0.00
  input external delay                                    0.00       0.00 f
  test_mode (in)                                          0.00       0.00 f
  PI_test_mode/C (PDIDGZ)                                 0.30       0.30 f
  U3_cpu/U1_datapath/U1_sfr/U3_psw/test_point_528/U6/Y (MX2X1)
                                                          0.22       0.52 r
  U3_cpu/U1_datapath/U1_sfr/U3_psw/out_psw_reg_1_/RN (SDFFSRX2)
                                                          0.00       0.52 r
  data arrival time                                                  0.52

  clock clk (rise edge)                                   0.00       0.00
  clock network delay (ideal)                             1.50       1.50
  clock uncertainty                                       0.30       1.80
  U3_cpu/U1_datapath/U1_sfr/U3_psw/out_psw_reg_1_/CK (SDFFSRX2)      1.80 r
  library removal time                                   -0.03       1.77
  data required time                                                 1.77
  ------------------------------------------------------------------------------
  data required time                                                 1.77
  data arrival time                                                 -0.52
  ------------------------------------------------------------------------------
  slack (VIOLATED)                                                  -1.25


  Startpoint: test_mode (input port)
  Endpoint: U3_cpu/U1_datapath/U1_sfr/U3_psw/out_psw_reg_3_
               (removal check against rising-edge clock clk)
  Path Group: **async_default**
  Path Type: min

  Point                                                   Incr       Path
  ------------------------------------------------------------------------------
  clock (input port clock) (rise edge)                    0.00       0.00
  clock network delay (ideal)                             0.00       0.00
  input external delay                                    0.00       0.00 f
  test_mode (in)                                          0.00       0.00 f
  PI_test_mode/C (PDIDGZ)                                 0.30       0.30 f
  U3_cpu/U1_datapath/U1_sfr/U3_psw/test_point_528/U6/Y (MX2X1)
                                                          0.22       0.52 r
  U3_cpu/U1_datapath/U1_sfr/U3_psw/out_psw_reg_3_/RN (SDFFSRX2)
                                                          0.00       0.52 r
  data arrival time                                                  0.52

  clock clk (rise edge)                                   0.00       0.00
  clock network delay (ideal)                             1.50       1.50
  clock uncertainty                                       0.30       1.80
  U3_cpu/U1_datapath/U1_sfr/U3_psw/out_psw_reg_3_/CK (SDFFSRX2)      1.80 r
  library removal time                                   -0.03       1.77
  data required time                                                 1.77
  ------------------------------------------------------------------------------
  data required time                                                 1.77
  data arrival time                                                 -0.52
  ------------------------------------------------------------------------------
  slack (VIOLATED)                                                  -1.25


  Startpoint: test_mode (input port)
  Endpoint: U3_cpu/U1_datapath/U1_sfr/U3_psw/out_psw_reg_4_
               (removal check against rising-edge clock clk)
  Path Group: **async_default**
  Path Type: min

  Point                                                   Incr       Path
  ------------------------------------------------------------------------------
  clock (input port clock) (rise edge)                    0.00       0.00
  clock network delay (ideal)                             0.00       0.00
  input external delay                                    0.00       0.00 f
  test_mode (in)                                          0.00       0.00 f
  PI_test_mode/C (PDIDGZ)                                 0.30       0.30 f
  U3_cpu/U1_datapath/U1_sfr/U3_psw/test_point_528/U6/Y (MX2X1)
                                                          0.22       0.52 r
  U3_cpu/U1_datapath/U1_sfr/U3_psw/out_psw_reg_4_/RN (SDFFSRX2)
                                                          0.00       0.52 r
  data arrival time                                                  0.52

  clock clk (rise edge)                                   0.00       0.00
  clock network delay (ideal)                             1.50       1.50
  clock uncertainty                                       0.30       1.80
  U3_cpu/U1_datapath/U1_sfr/U3_psw/out_psw_reg_4_/CK (SDFFSRX2)      1.80 r
  library removal time                                   -0.03       1.77
  data required time                                                 1.77
  ------------------------------------------------------------------------------
  data required time                                                 1.77
  data arrival time                                                 -0.52
  ------------------------------------------------------------------------------
  slack (VIOLATED)                                                  -1.25


  Startpoint: test_mode (input port)
  Endpoint: U3_cpu/U1_datapath/U1_sfr/U3_psw/out_psw_reg_5_
               (removal check against rising-edge clock clk)
  Path Group: **async_default**
  Path Type: min

  Point                                                   Incr       Path
  ------------------------------------------------------------------------------
  clock (input port clock) (rise edge)                    0.00       0.00
  clock network delay (ideal)                             0.00       0.00
  input external delay                                    0.00       0.00 f
  test_mode (in)                                          0.00       0.00 f
  PI_test_mode/C (PDIDGZ)                                 0.30       0.30 f
  U3_cpu/U1_datapath/U1_sfr/U3_psw/test_point_528/U6/Y (MX2X1)
                                                          0.22       0.52 r
  U3_cpu/U1_datapath/U1_sfr/U3_psw/out_psw_reg_5_/RN (SDFFSRX2)
                                                          0.00       0.52 r
  data arrival time                                                  0.52

  clock clk (rise edge)                                   0.00       0.00
  clock network delay (ideal)                             1.50       1.50
  clock uncertainty                                       0.30       1.80
  U3_cpu/U1_datapath/U1_sfr/U3_psw/out_psw_reg_5_/CK (SDFFSRX2)      1.80 r
  library removal time                                   -0.03       1.77
  data required time                                                 1.77
  ------------------------------------------------------------------------------
  data required time                                                 1.77
  data arrival time                                                 -0.52
  ------------------------------------------------------------------------------
  slack (VIOLATED)                                                  -1.25


  Startpoint: test_mode (input port)
  Endpoint: U3_cpu/U1_datapath/U1_sfr/U3_psw/out_psw_reg_7_
               (removal check against rising-edge clock clk)
  Path Group: **async_default**
  Path Type: min

  Point                                                   Incr       Path
  ------------------------------------------------------------------------------
  clock (input port clock) (rise edge)                    0.00       0.00
  clock network delay (ideal)                             0.00       0.00
  input external delay                                    0.00       0.00 f
  test_mode (in)                                          0.00       0.00 f
  PI_test_mode/C (PDIDGZ)                                 0.30       0.30 f
  U3_cpu/U1_datapath/U1_sfr/U3_psw/test_point_528/U6/Y (MX2X1)
                                                          0.22       0.52 r
  U3_cpu/U1_datapath/U1_sfr/U3_psw/out_psw_reg_7_/RN (SDFFSRX2)
                                                          0.00       0.52 r
  data arrival time                                                  0.52

  clock clk (rise edge)                                   0.00       0.00
  clock network delay (ideal)                             1.50       1.50
  clock uncertainty                                       0.30       1.80
  U3_cpu/U1_datapath/U1_sfr/U3_psw/out_psw_reg_7_/CK (SDFFSRX2)      1.80 r
  library removal time                                   -0.03       1.77
  data required time                                                 1.77
  ------------------------------------------------------------------------------
  data required time                                                 1.77
  data arrival time                                                 -0.52
  ------------------------------------------------------------------------------
  slack (VIOLATED)                                                  -1.25


  Startpoint: test_mode (input port)
  Endpoint: U3_cpu/U1_datapath/U1_sfr/U27_int/prio/int_vec_reg_0_
               (removal check against rising-edge clock clk)
  Path Group: **async_default**
  Path Type: min

  Point                                                   Incr       Path
  ------------------------------------------------------------------------------
  clock (input port clock) (rise edge)                    0.00       0.00
  clock network delay (ideal)                             0.00       0.00
  input external delay                                    0.00       0.00 f
  test_mode (in)                                          0.00       0.00 f
  PI_test_mode/C (PDIDGZ)                                 0.30       0.30 f
  U3_cpu/U1_datapath/U1_sfr/U27_int/prio/test_point_533/U6/Y (MX2X1)
                                                          0.37       0.68 r
  U3_cpu/U1_datapath/U1_sfr/U27_int/prio/int_vec_reg_0_/RN (SDFFRHQX1)
                                                          0.00       0.68 r
  data arrival time                                                  0.68

  clock clk (rise edge)                                   0.00       0.00
  clock network delay (ideal)                             1.50       1.50
  clock uncertainty                                       0.30       1.80
  U3_cpu/U1_datapath/U1_sfr/U27_int/prio/int_vec_reg_0_/CK (SDFFRHQX1)
                                                                     1.80 r
  library removal time                                   -0.03       1.77
  data required time                                                 1.77
  ------------------------------------------------------------------------------
  data required time                                                 1.77
  data arrival time                                                 -0.68
  ------------------------------------------------------------------------------
  slack (VIOLATED)                                                  -1.10


  Startpoint: test_mode (input port)
  Endpoint: U3_cpu/U1_datapath/U1_sfr/U27_int/prio/int_vec_reg_1_
               (removal check against rising-edge clock clk)
  Path Group: **async_default**
  Path Type: min

  Point                                                   Incr       Path
  ------------------------------------------------------------------------------
  clock (input port clock) (rise edge)                    0.00       0.00
  clock network delay (ideal)                             0.00       0.00
  input external delay                                    0.00       0.00 f
  test_mode (in)                                          0.00       0.00 f
  PI_test_mode/C (PDIDGZ)                                 0.30       0.30 f
  U3_cpu/U1_datapath/U1_sfr/U27_int/prio/test_point_533/U6/Y (MX2X1)
                                                          0.37       0.68 r
  U3_cpu/U1_datapath/U1_sfr/U27_int/prio/int_vec_reg_1_/RN (SDFFRHQX1)
                                                          0.00       0.68 r
  data arrival time                                                  0.68

  clock clk (rise edge)                                   0.00       0.00
  clock network delay (ideal)                             1.50       1.50
  clock uncertainty                                       0.30       1.80
  U3_cpu/U1_datapath/U1_sfr/U27_int/prio/int_vec_reg_1_/CK (SDFFRHQX1)
                                                                     1.80 r
  library removal time                                   -0.03       1.77
  data required time                                                 1.77
  ------------------------------------------------------------------------------
  data required time                                                 1.77
  data arrival time                                                 -0.68
  ------------------------------------------------------------------------------
  slack (VIOLATED)                                                  -1.10


  Startpoint: test_mode (input port)
  Endpoint: U3_cpu/U1_datapath/U1_sfr/U27_int/prio/int_vec_reg_2_
               (removal check against rising-edge clock clk)
  Path Group: **async_default**
  Path Type: min

  Point                                                   Incr       Path
  ------------------------------------------------------------------------------
  clock (input port clock) (rise edge)                    0.00       0.00
  clock network delay (ideal)                             0.00       0.00
  input external delay                                    0.00       0.00 f
  test_mode (in)                                          0.00       0.00 f
  PI_test_mode/C (PDIDGZ)                                 0.30       0.30 f
  U3_cpu/U1_datapath/U1_sfr/U27_int/prio/test_point_533/U6/Y (MX2X1)
                                                          0.37       0.68 r
  U3_cpu/U1_datapath/U1_sfr/U27_int/prio/int_vec_reg_2_/RN (SDFFRHQX1)
                                                          0.00       0.68 r
  data arrival time                                                  0.68

  clock clk (rise edge)                                   0.00       0.00
  clock network delay (ideal)                             1.50       1.50
  clock uncertainty                                       0.30       1.80
  U3_cpu/U1_datapath/U1_sfr/U27_int/prio/int_vec_reg_2_/CK (SDFFRHQX1)
                                                                     1.80 r
  library removal time                                   -0.03       1.77
  data required time                                                 1.77
  ------------------------------------------------------------------------------
  data required time                                                 1.77
  data arrival time                                                 -0.68
  ------------------------------------------------------------------------------
  slack (VIOLATED)                                                  -1.10


  Startpoint: test_mode (input port)
  Endpoint: U3_cpu/U0_con/extend_mux_reg
               (removal check against rising-edge clock clk)
  Path Group: **async_default**
  Path Type: min

  Point                                                   Incr       Path
  ------------------------------------------------------------------------------
  clock (input port clock) (rise edge)                    0.00       0.00
  clock network delay (ideal)                             0.00       0.00
  input external delay                                    0.00       0.00 f
  test_mode (in)                                          0.00       0.00 f
  PI_test_mode/C (PDIDGZ)                                 0.30       0.30 f
  U3_cpu/U0_con/test_point_518/U6/Y (MX2X1)               0.38       0.68 r
  U3_cpu/U0_con/extend_mux_reg/RN (SDFFRHQX1)             0.00       0.68 r
  data arrival time                                                  0.68

  clock clk (rise edge)                                   0.00       0.00
  clock network delay (ideal)                             1.50       1.50
  clock uncertainty                                       0.30       1.80
  U3_cpu/U0_con/extend_mux_reg/CK (SDFFRHQX1)                        1.80 r
  library removal time                                   -0.03       1.77
  data required time                                                 1.77
  ------------------------------------------------------------------------------
  data required time                                                 1.77
  data arrival time                                                 -0.68
  ------------------------------------------------------------------------------
  slack (VIOLATED)                                                  -1.10


  Startpoint: test_mode (input port)
  Endpoint: U3_cpu/U0_con/extend_rd_reg
               (removal check against rising-edge clock clk)
  Path Group: **async_default**
  Path Type: min

  Point                                                   Incr       Path
  ------------------------------------------------------------------------------
  clock (input port clock) (rise edge)                    0.00       0.00
  clock network delay (ideal)                             0.00       0.00
  input external delay                                    0.00       0.00 f
  test_mode (in)                                          0.00       0.00 f
  PI_test_mode/C (PDIDGZ)                                 0.30       0.30 f
  U3_cpu/U0_con/test_point_518/U6/Y (MX2X1)               0.38       0.68 r
  U3_cpu/U0_con/extend_rd_reg/RN (SDFFRHQX1)              0.00       0.68 r
  data arrival time                                                  0.68

  clock clk (rise edge)                                   0.00       0.00
  clock network delay (ideal)                             1.50       1.50
  clock uncertainty                                       0.30       1.80
  U3_cpu/U0_con/extend_rd_reg/CK (SDFFRHQX1)                         1.80 r
  library removal time                                   -0.03       1.77
  data required time                                                 1.77
  ------------------------------------------------------------------------------
  data required time                                                 1.77
  data arrival time                                                 -0.68
  ------------------------------------------------------------------------------
  slack (VIOLATED)                                                  -1.10


  Startpoint: test_mode (input port)
  Endpoint: U3_cpu/U0_con/itcnt_reg_1_
               (removal check against rising-edge clock clk)
  Path Group: **async_default**
  Path Type: min

  Point                                                   Incr       Path
  ------------------------------------------------------------------------------
  clock (input port clock) (rise edge)                    0.00       0.00
  clock network delay (ideal)                             0.00       0.00
  input external delay                                    0.00       0.00 f
  test_mode (in)                                          0.00       0.00 f
  PI_test_mode/C (PDIDGZ)                                 0.30       0.30 f
  U3_cpu/U0_con/test_point_518/U6/Y (MX2X1)               0.38       0.68 r
  U3_cpu/U0_con/itcnt_reg_1_/RN (SDFFRHQX1)               0.00       0.68 r
  data arrival time                                                  0.68

  clock clk (rise edge)                                   0.00       0.00
  clock network delay (ideal)                             1.50       1.50
  clock uncertainty                                       0.30       1.80
  U3_cpu/U0_con/itcnt_reg_1_/CK (SDFFRHQX1)                          1.80 r
  library removal time                                   -0.03       1.77
  data required time                                                 1.77
  ------------------------------------------------------------------------------
  data required time                                                 1.77
  data arrival time                                                 -0.68
  ------------------------------------------------------------------------------
  slack (VIOLATED)                                                  -1.10


  Startpoint: test_mode (input port)
  Endpoint: U3_cpu/U0_con/timing_cnt_reg_3_
               (removal check against rising-edge clock clk)
  Path Group: **async_default**
  Path Type: min

  Point                                                   Incr       Path
  ------------------------------------------------------------------------------
  clock (input port clock) (rise edge)                    0.00       0.00
  clock network delay (ideal)                             0.00       0.00
  input external delay                                    0.00       0.00 f
  test_mode (in)                                          0.00       0.00 f
  PI_test_mode/C (PDIDGZ)                                 0.30       0.30 f
  U3_cpu/U0_con/test_point_518/U6/Y (MX2X1)               0.38       0.68 r
  U3_cpu/U0_con/timing_cnt_reg_3_/RN (SDFFRHQX1)          0.00       0.68 r
  data arrival time                                                  0.68

  clock clk (rise edge)                                   0.00       0.00
  clock network delay (ideal)                             1.50       1.50
  clock uncertainty                                       0.30       1.80
  U3_cpu/U0_con/timing_cnt_reg_3_/CK (SDFFRHQX1)                     1.80 r
  library removal time                                   -0.03       1.77
  data required time                                                 1.77
  ------------------------------------------------------------------------------
  data required time                                                 1.77
  data arrival time                                                 -0.68
  ------------------------------------------------------------------------------
  slack (VIOLATED)                                                  -1.10


  Startpoint: test_mode (input port)
  Endpoint: U3_cpu/U1_datapath/U1_sfr/U27_int/prio/int_dept_reg_0_
               (removal check against rising-edge clock clk)
  Path Group: **async_default**
  Path Type: min

  Point                                                   Incr       Path
  ------------------------------------------------------------------------------
  clock (input port clock) (rise edge)                    0.00       0.00
  clock network delay (ideal)                             0.00       0.00
  input external delay                                    0.00       0.00 f
  test_mode (in)                                          0.00       0.00 f
  PI_test_mode/C (PDIDGZ)                                 0.30       0.30 f
  U3_cpu/U1_datapath/U1_sfr/U27_int/prio/test_point_533/U6/Y (MX2X1)
                                                          0.37       0.68 r
  U3_cpu/U1_datapath/U1_sfr/U27_int/prio/int_dept_reg_0_/RN (SDFFSRX2)
                                                          0.00       0.68 r
  data arrival time                                                  0.68

  clock clk (rise edge)                                   0.00       0.00
  clock network delay (ideal)                             1.50       1.50
  clock uncertainty                                       0.30       1.80
  U3_cpu/U1_datapath/U1_sfr/U27_int/prio/int_dept_reg_0_/CK (SDFFSRX2)
                                                                     1.80 r
  library removal time                                   -0.03       1.77
  data required time                                                 1.77
  ------------------------------------------------------------------------------
  data required time                                                 1.77
  data arrival time                                                 -0.68
  ------------------------------------------------------------------------------
  slack (VIOLATED)                                                  -1.09


  Startpoint: test_mode (input port)
  Endpoint: U3_cpu/U1_datapath/U1_sfr/U27_int/prio/int_dept_reg_1_
               (removal check against rising-edge clock clk)
  Path Group: **async_default**
  Path Type: min

  Point                                                   Incr       Path
  ------------------------------------------------------------------------------
  clock (input port clock) (rise edge)                    0.00       0.00
  clock network delay (ideal)                             0.00       0.00
  input external delay                                    0.00       0.00 f
  test_mode (in)                                          0.00       0.00 f
  PI_test_mode/C (PDIDGZ)                                 0.30       0.30 f
  U3_cpu/U1_datapath/U1_sfr/U27_int/prio/test_point_533/U6/Y (MX2X1)
                                                          0.37       0.68 r
  U3_cpu/U1_datapath/U1_sfr/U27_int/prio/int_dept_reg_1_/RN (SDFFSRX2)
                                                          0.00       0.68 r
  data arrival time                                                  0.68

  clock clk (rise edge)                                   0.00       0.00
  clock network delay (ideal)                             1.50       1.50
  clock uncertainty                                       0.30       1.80
  U3_cpu/U1_datapath/U1_sfr/U27_int/prio/int_dept_reg_1_/CK (SDFFSRX2)
                                                                     1.80 r
  library removal time                                   -0.03       1.77
  data required time                                                 1.77
  ------------------------------------------------------------------------------
  data required time                                                 1.77
  data arrival time                                                 -0.68
  ------------------------------------------------------------------------------
  slack (VIOLATED)                                                  -1.09


  Startpoint: test_mode (input port)
  Endpoint: U3_cpu/U1_datapath/U1_sfr/U27_int/prio/int_lev_reg
               (removal check against rising-edge clock clk)
  Path Group: **async_default**
  Path Type: min

  Point                                                   Incr       Path
  ------------------------------------------------------------------------------
  clock (input port clock) (rise edge)                    0.00       0.00
  clock network delay (ideal)                             0.00       0.00
  input external delay                                    0.00       0.00 f
  test_mode (in)                                          0.00       0.00 f
  PI_test_mode/C (PDIDGZ)                                 0.30       0.30 f
  U3_cpu/U1_datapath/U1_sfr/U27_int/prio/test_point_533/U6/Y (MX2X1)
                                                          0.37       0.68 r
  U3_cpu/U1_datapath/U1_sfr/U27_int/prio/int_lev_reg/RN (SDFFSRX2)
                                                          0.00       0.68 r
  data arrival time                                                  0.68

  clock clk (rise edge)                                   0.00       0.00
  clock network delay (ideal)                             1.50       1.50
  clock uncertainty                                       0.30       1.80
  U3_cpu/U1_datapath/U1_sfr/U27_int/prio/int_lev_reg/CK (SDFFSRX2)
                                                                     1.80 r
  library removal time                                   -0.03       1.77
  data required time                                                 1.77
  ------------------------------------------------------------------------------
  data required time                                                 1.77
  data arrival time                                                 -0.68
  ------------------------------------------------------------------------------
  slack (VIOLATED)                                                  -1.09


  Startpoint: test_mode (input port)
  Endpoint: U3_cpu/U1_datapath/U1_sfr/U27_int/prio/int_lev_reg0
               (removal check against rising-edge clock clk)
  Path Group: **async_default**
  Path Type: min

  Point                                                   Incr       Path
  ------------------------------------------------------------------------------
  clock (input port clock) (rise edge)                    0.00       0.00
  clock network delay (ideal)                             0.00       0.00
  input external delay                                    0.00       0.00 f
  test_mode (in)                                          0.00       0.00 f
  PI_test_mode/C (PDIDGZ)                                 0.30       0.30 f
  U3_cpu/U1_datapath/U1_sfr/U27_int/prio/test_point_533/U6/Y (MX2X1)
                                                          0.37       0.68 r
  U3_cpu/U1_datapath/U1_sfr/U27_int/prio/int_lev_reg0/RN (SDFFSRX2)
                                                          0.00       0.68 r
  data arrival time                                                  0.68

  clock clk (rise edge)                                   0.00       0.00
  clock network delay (ideal)                             1.50       1.50
  clock uncertainty                                       0.30       1.80
  U3_cpu/U1_datapath/U1_sfr/U27_int/prio/int_lev_reg0/CK (SDFFSRX2)
                                                                     1.80 r
  library removal time                                   -0.03       1.77
  data required time                                                 1.77
  ------------------------------------------------------------------------------
  data required time                                                 1.77
  data arrival time                                                 -0.68
  ------------------------------------------------------------------------------
  slack (VIOLATED)                                                  -1.09


  Startpoint: test_mode (input port)
  Endpoint: U3_cpu/U1_datapath/U1_sfr/U27_int/prio/int_proc_reg
               (removal check against rising-edge clock clk)
  Path Group: **async_default**
  Path Type: min

  Point                                                   Incr       Path
  ------------------------------------------------------------------------------
  clock (input port clock) (rise edge)                    0.00       0.00
  clock network delay (ideal)                             0.00       0.00
  input external delay                                    0.00       0.00 f
  test_mode (in)                                          0.00       0.00 f
  PI_test_mode/C (PDIDGZ)                                 0.30       0.30 f
  U3_cpu/U1_datapath/U1_sfr/U27_int/prio/test_point_533/U6/Y (MX2X1)
                                                          0.37       0.68 r
  U3_cpu/U1_datapath/U1_sfr/U27_int/prio/int_proc_reg/RN (SDFFSRX2)
                                                          0.00       0.68 r
  data arrival time                                                  0.68

  clock clk (rise edge)                                   0.00       0.00
  clock network delay (ideal)                             1.50       1.50
  clock uncertainty                                       0.30       1.80
  U3_cpu/U1_datapath/U1_sfr/U27_int/prio/int_proc_reg/CK (SDFFSRX2)
                                                                     1.80 r
  library removal time                                   -0.03       1.77
  data required time                                                 1.77
  ------------------------------------------------------------------------------
  data required time                                                 1.77
  data arrival time                                                 -0.68
  ------------------------------------------------------------------------------
  slack (VIOLATED)                                                  -1.09


  Startpoint: test_mode (input port)
  Endpoint: U3_cpu/U1_datapath/U1_sfr/U27_int/prio/isrc_reg
               (removal check against rising-edge clock clk)
  Path Group: **async_default**
  Path Type: min

  Point                                                   Incr       Path
  ------------------------------------------------------------------------------
  clock (input port clock) (rise edge)                    0.00       0.00
  clock network delay (ideal)                             0.00       0.00
  input external delay                                    0.00       0.00 f
  test_mode (in)                                          0.00       0.00 f
  PI_test_mode/C (PDIDGZ)                                 0.30       0.30 f
  U3_cpu/U1_datapath/U1_sfr/U27_int/prio/test_point_533/U6/Y (MX2X1)
                                                          0.37       0.68 r
  U3_cpu/U1_datapath/U1_sfr/U27_int/prio/isrc_reg/RN (SDFFSRX2)
                                                          0.00       0.68 r
  data arrival time                                                  0.68

  clock clk (rise edge)                                   0.00       0.00
  clock network delay (ideal)                             1.50       1.50
  clock uncertainty                                       0.30       1.80
  U3_cpu/U1_datapath/U1_sfr/U27_int/prio/isrc_reg/CK (SDFFSRX2)      1.80 r
  library removal time                                   -0.03       1.77
  data required time                                                 1.77
  ------------------------------------------------------------------------------
  data required time                                                 1.77
  data arrival time                                                 -0.68
  ------------------------------------------------------------------------------
  slack (VIOLATED)                                                  -1.09


  Startpoint: test_mode (input port)
  Endpoint: U3_cpu/U1_datapath/U1_sfr/U27_int/prio/isrc_reg0
               (removal check against rising-edge clock clk)
  Path Group: **async_default**
  Path Type: min

  Point                                                   Incr       Path
  ------------------------------------------------------------------------------
  clock (input port clock) (rise edge)                    0.00       0.00
  clock network delay (ideal)                             0.00       0.00
  input external delay                                    0.00       0.00 f
  test_mode (in)                                          0.00       0.00 f
  PI_test_mode/C (PDIDGZ)                                 0.30       0.30 f
  U3_cpu/U1_datapath/U1_sfr/U27_int/prio/test_point_533/U6/Y (MX2X1)
                                                          0.37       0.68 r
  U3_cpu/U1_datapath/U1_sfr/U27_int/prio/isrc_reg0/RN (SDFFSRX2)
                                                          0.00       0.68 r
  data arrival time                                                  0.68

  clock clk (rise edge)                                   0.00       0.00
  clock network delay (ideal)                             1.50       1.50
  clock uncertainty                                       0.30       1.80
  U3_cpu/U1_datapath/U1_sfr/U27_int/prio/isrc_reg0/CK (SDFFSRX2)     1.80 r
  library removal time                                   -0.03       1.77
  data required time                                                 1.77
  ------------------------------------------------------------------------------
  data required time                                                 1.77
  data arrival time                                                 -0.68
  ------------------------------------------------------------------------------
  slack (VIOLATED)                                                  -1.09


  Startpoint: test_mode (input port)
  Endpoint: U3_cpu/U1_datapath/U1_sfr/U27_int/prio/isrc_reg1
               (removal check against rising-edge clock clk)
  Path Group: **async_default**
  Path Type: min

  Point                                                   Incr       Path
  ------------------------------------------------------------------------------
  clock (input port clock) (rise edge)                    0.00       0.00
  clock network delay (ideal)                             0.00       0.00
  input external delay                                    0.00       0.00 f
  test_mode (in)                                          0.00       0.00 f
  PI_test_mode/C (PDIDGZ)                                 0.30       0.30 f
  U3_cpu/U1_datapath/U1_sfr/U27_int/prio/test_point_533/U6/Y (MX2X1)
                                                          0.37       0.68 r
  U3_cpu/U1_datapath/U1_sfr/U27_int/prio/isrc_reg1/RN (SDFFSRX2)
                                                          0.00       0.68 r
  data arrival time                                                  0.68

  clock clk (rise edge)                                   0.00       0.00
  clock network delay (ideal)                             1.50       1.50
  clock uncertainty                                       0.30       1.80
  U3_cpu/U1_datapath/U1_sfr/U27_int/prio/isrc_reg1/CK (SDFFSRX2)     1.80 r
  library removal time                                   -0.03       1.77
  data required time                                                 1.77
  ------------------------------------------------------------------------------
  data required time                                                 1.77
  data arrival time                                                 -0.68
  ------------------------------------------------------------------------------
  slack (VIOLATED)                                                  -1.09


  Startpoint: test_mode (input port)
  Endpoint: U3_cpu/U1_datapath/U1_sfr/U27_int/prio/isrc_reg2
               (removal check against rising-edge clock clk)
  Path Group: **async_default**
  Path Type: min

  Point                                                   Incr       Path
  ------------------------------------------------------------------------------
  clock (input port clock) (rise edge)                    0.00       0.00
  clock network delay (ideal)                             0.00       0.00
  input external delay                                    0.00       0.00 f
  test_mode (in)                                          0.00       0.00 f
  PI_test_mode/C (PDIDGZ)                                 0.30       0.30 f
  U3_cpu/U1_datapath/U1_sfr/U27_int/prio/test_point_533/U6/Y (MX2X1)
                                                          0.37       0.68 r
  U3_cpu/U1_datapath/U1_sfr/U27_int/prio/isrc_reg2/RN (SDFFSRX2)
                                                          0.00       0.68 r
  data arrival time                                                  0.68

  clock clk (rise edge)                                   0.00       0.00
  clock network delay (ideal)                             1.50       1.50
  clock uncertainty                                       0.30       1.80
  U3_cpu/U1_datapath/U1_sfr/U27_int/prio/isrc_reg2/CK (SDFFSRX2)     1.80 r
  library removal time                                   -0.03       1.77
  data required time                                                 1.77
  ------------------------------------------------------------------------------
  data required time                                                 1.77
  data arrival time                                                 -0.68
  ------------------------------------------------------------------------------
  slack (VIOLATED)                                                  -1.09


  Startpoint: test_mode (input port)
  Endpoint: U3_cpu/U1_datapath/U1_sfr/U27_int/prio/isrc_reg3
               (removal check against rising-edge clock clk)
  Path Group: **async_default**
  Path Type: min

  Point                                                   Incr       Path
  ------------------------------------------------------------------------------
  clock (input port clock) (rise edge)                    0.00       0.00
  clock network delay (ideal)                             0.00       0.00
  input external delay                                    0.00       0.00 f
  test_mode (in)                                          0.00       0.00 f
  PI_test_mode/C (PDIDGZ)                                 0.30       0.30 f
  U3_cpu/U1_datapath/U1_sfr/U27_int/prio/test_point_533/U6/Y (MX2X1)
                                                          0.37       0.68 r
  U3_cpu/U1_datapath/U1_sfr/U27_int/prio/isrc_reg3/RN (SDFFSRX2)
                                                          0.00       0.68 r
  data arrival time                                                  0.68

  clock clk (rise edge)                                   0.00       0.00
  clock network delay (ideal)                             1.50       1.50
  clock uncertainty                                       0.30       1.80
  U3_cpu/U1_datapath/U1_sfr/U27_int/prio/isrc_reg3/CK (SDFFSRX2)     1.80 r
  library removal time                                   -0.03       1.77
  data required time                                                 1.77
  ------------------------------------------------------------------------------
  data required time                                                 1.77
  data arrival time                                                 -0.68
  ------------------------------------------------------------------------------
  slack (VIOLATED)                                                  -1.09


  Startpoint: test_mode (input port)
  Endpoint: U3_cpu/U1_datapath/U1_sfr/U27_int/prio/isrc_reg4
               (removal check against rising-edge clock clk)
  Path Group: **async_default**
  Path Type: min

  Point                                                   Incr       Path
  ------------------------------------------------------------------------------
  clock (input port clock) (rise edge)                    0.00       0.00
  clock network delay (ideal)                             0.00       0.00
  input external delay                                    0.00       0.00 f
  test_mode (in)                                          0.00       0.00 f
  PI_test_mode/C (PDIDGZ)                                 0.30       0.30 f
  U3_cpu/U1_datapath/U1_sfr/U27_int/prio/test_point_533/U6/Y (MX2X1)
                                                          0.37       0.68 r
  U3_cpu/U1_datapath/U1_sfr/U27_int/prio/isrc_reg4/RN (SDFFSRX2)
                                                          0.00       0.68 r
  data arrival time                                                  0.68

  clock clk (rise edge)                                   0.00       0.00
  clock network delay (ideal)                             1.50       1.50
  clock uncertainty                                       0.30       1.80
  U3_cpu/U1_datapath/U1_sfr/U27_int/prio/isrc_reg4/CK (SDFFSRX2)     1.80 r
  library removal time                                   -0.03       1.77
  data required time                                                 1.77
  ------------------------------------------------------------------------------
  data required time                                                 1.77
  data arrival time                                                 -0.68
  ------------------------------------------------------------------------------
  slack (VIOLATED)                                                  -1.09


  Startpoint: test_mode (input port)
  Endpoint: U3_cpu/U0_con/extend_wr_reg
               (removal check against rising-edge clock clk)
  Path Group: **async_default**
  Path Type: min

  Point                                                   Incr       Path
  ------------------------------------------------------------------------------
  clock (input port clock) (rise edge)                    0.00       0.00
  clock network delay (ideal)                             0.00       0.00
  input external delay                                    0.00       0.00 f
  test_mode (in)                                          0.00       0.00 f
  PI_test_mode/C (PDIDGZ)                                 0.30       0.30 f
  U3_cpu/U0_con/test_point_518/U6/Y (MX2X1)               0.38       0.68 r
  U3_cpu/U0_con/extend_wr_reg/RN (SDFFSRX2)               0.00       0.68 r
  data arrival time                                                  0.68

  clock clk (rise edge)                                   0.00       0.00
  clock network delay (ideal)                             1.50       1.50
  clock uncertainty                                       0.30       1.80
  U3_cpu/U0_con/extend_wr_reg/CK (SDFFSRX2)                          1.80 r
  library removal time                                   -0.03       1.77
  data required time                                                 1.77
  ------------------------------------------------------------------------------
  data required time                                                 1.77
  data arrival time                                                 -0.68
  ------------------------------------------------------------------------------
  slack (VIOLATED)                                                  -1.09


  Startpoint: test_mode (input port)
  Endpoint: U3_cpu/U0_con/itcnt_reg_0_
               (removal check against rising-edge clock clk)
  Path Group: **async_default**
  Path Type: min

  Point                                                   Incr       Path
  ------------------------------------------------------------------------------
  clock (input port clock) (rise edge)                    0.00       0.00
  clock network delay (ideal)                             0.00       0.00
  input external delay                                    0.00       0.00 f
  test_mode (in)                                          0.00       0.00 f
  PI_test_mode/C (PDIDGZ)                                 0.30       0.30 f
  U3_cpu/U0_con/test_point_518/U6/Y (MX2X1)               0.38       0.68 r
  U3_cpu/U0_con/itcnt_reg_0_/RN (SDFFSRX2)                0.00       0.68 r
  data arrival time                                                  0.68

  clock clk (rise edge)                                   0.00       0.00
  clock network delay (ideal)                             1.50       1.50
  clock uncertainty                                       0.30       1.80
  U3_cpu/U0_con/itcnt_reg_0_/CK (SDFFSRX2)                           1.80 r
  library removal time                                   -0.03       1.77
  data required time                                                 1.77
  ------------------------------------------------------------------------------
  data required time                                                 1.77
  data arrival time                                                 -0.68
  ------------------------------------------------------------------------------
  slack (VIOLATED)                                                  -1.09


  Startpoint: test_mode (input port)
  Endpoint: U3_cpu/U0_con/itcnt_reg_2_
               (removal check against rising-edge clock clk)
  Path Group: **async_default**
  Path Type: min

  Point                                                   Incr       Path
  ------------------------------------------------------------------------------
  clock (input port clock) (rise edge)                    0.00       0.00
  clock network delay (ideal)                             0.00       0.00
  input external delay                                    0.00       0.00 f
  test_mode (in)                                          0.00       0.00 f
  PI_test_mode/C (PDIDGZ)                                 0.30       0.30 f
  U3_cpu/U0_con/test_point_518/U6/Y (MX2X1)               0.38       0.68 r
  U3_cpu/U0_con/itcnt_reg_2_/RN (SDFFSRX2)                0.00       0.68 r
  data arrival time                                                  0.68

  clock clk (rise edge)                                   0.00       0.00
  clock network delay (ideal)                             1.50       1.50
  clock uncertainty                                       0.30       1.80
  U3_cpu/U0_con/itcnt_reg_2_/CK (SDFFSRX2)                           1.80 r
  library removal time                                   -0.03       1.77
  data required time                                                 1.77
  ------------------------------------------------------------------------------
  data required time                                                 1.77
  data arrival time                                                 -0.68
  ------------------------------------------------------------------------------
  slack (VIOLATED)                                                  -1.09


  Startpoint: test_mode (input port)
  Endpoint: U3_cpu/U0_con/t_2_reg_0_
               (removal check against rising-edge clock clk)
  Path Group: **async_default**
  Path Type: min

  Point                                                   Incr       Path
  ------------------------------------------------------------------------------
  clock (input port clock) (rise edge)                    0.00       0.00
  clock network delay (ideal)                             0.00       0.00
  input external delay                                    0.00       0.00 f
  test_mode (in)                                          0.00       0.00 f
  PI_test_mode/C (PDIDGZ)                                 0.30       0.30 f
  U3_cpu/U0_con/test_point_518/U6/Y (MX2X1)               0.38       0.68 r
  U3_cpu/U0_con/t_2_reg_0_/RN (SDFFSRX2)                  0.00       0.68 r
  data arrival time                                                  0.68

  clock clk (rise edge)                                   0.00       0.00
  clock network delay (ideal)                             1.50       1.50
  clock uncertainty                                       0.30       1.80
  U3_cpu/U0_con/t_2_reg_0_/CK (SDFFSRX2)                             1.80 r
  library removal time                                   -0.03       1.77
  data required time                                                 1.77
  ------------------------------------------------------------------------------
  data required time                                                 1.77
  data arrival time                                                 -0.68
  ------------------------------------------------------------------------------
  slack (VIOLATED)                                                  -1.09


  Startpoint: test_mode (input port)
  Endpoint: U3_cpu/U0_con/t_2_reg_1_
               (removal check against rising-edge clock clk)
  Path Group: **async_default**
  Path Type: min

  Point                                                   Incr       Path
  ------------------------------------------------------------------------------
  clock (input port clock) (rise edge)                    0.00       0.00
  clock network delay (ideal)                             0.00       0.00
  input external delay                                    0.00       0.00 f
  test_mode (in)                                          0.00       0.00 f
  PI_test_mode/C (PDIDGZ)                                 0.30       0.30 f
  U3_cpu/U0_con/test_point_518/U6/Y (MX2X1)               0.38       0.68 r
  U3_cpu/U0_con/t_2_reg_1_/RN (SDFFSRX2)                  0.00       0.68 r
  data arrival time                                                  0.68

  clock clk (rise edge)                                   0.00       0.00
  clock network delay (ideal)                             1.50       1.50
  clock uncertainty                                       0.30       1.80
  U3_cpu/U0_con/t_2_reg_1_/CK (SDFFSRX2)                             1.80 r
  library removal time                                   -0.03       1.77
  data required time                                                 1.77
  ------------------------------------------------------------------------------
  data required time                                                 1.77
  data arrival time                                                 -0.68
  ------------------------------------------------------------------------------
  slack (VIOLATED)                                                  -1.09


  Startpoint: test_mode (input port)
  Endpoint: U3_cpu/U0_con/t_2_reg_2_
               (removal check against rising-edge clock clk)
  Path Group: **async_default**
  Path Type: min

  Point                                                   Incr       Path
  ------------------------------------------------------------------------------
  clock (input port clock) (rise edge)                    0.00       0.00
  clock network delay (ideal)                             0.00       0.00
  input external delay                                    0.00       0.00 f
  test_mode (in)                                          0.00       0.00 f
  PI_test_mode/C (PDIDGZ)                                 0.30       0.30 f
  U3_cpu/U0_con/test_point_518/U6/Y (MX2X1)               0.38       0.68 r
  U3_cpu/U0_con/t_2_reg_2_/RN (SDFFSRX2)                  0.00       0.68 r
  data arrival time                                                  0.68

  clock clk (rise edge)                                   0.00       0.00
  clock network delay (ideal)                             1.50       1.50
  clock uncertainty                                       0.30       1.80
  U3_cpu/U0_con/t_2_reg_2_/CK (SDFFSRX2)                             1.80 r
  library removal time                                   -0.03       1.77
  data required time                                                 1.77
  ------------------------------------------------------------------------------
  data required time                                                 1.77
  data arrival time                                                 -0.68
  ------------------------------------------------------------------------------
  slack (VIOLATED)                                                  -1.09


  Startpoint: test_mode (input port)
  Endpoint: U3_cpu/U0_con/t_2_reg_3_
               (removal check against rising-edge clock clk)
  Path Group: **async_default**
  Path Type: min

  Point                                                   Incr       Path
  ------------------------------------------------------------------------------
  clock (input port clock) (rise edge)                    0.00       0.00
  clock network delay (ideal)                             0.00       0.00
  input external delay                                    0.00       0.00 f
  test_mode (in)                                          0.00       0.00 f
  PI_test_mode/C (PDIDGZ)                                 0.30       0.30 f
  U3_cpu/U0_con/test_point_518/U6/Y (MX2X1)               0.38       0.68 r
  U3_cpu/U0_con/t_2_reg_3_/RN (SDFFSRX2)                  0.00       0.68 r
  data arrival time                                                  0.68

  clock clk (rise edge)                                   0.00       0.00
  clock network delay (ideal)                             1.50       1.50
  clock uncertainty                                       0.30       1.80
  U3_cpu/U0_con/t_2_reg_3_/CK (SDFFSRX2)                             1.80 r
  library removal time                                   -0.03       1.77
  data required time                                                 1.77
  ------------------------------------------------------------------------------
  data required time                                                 1.77
  data arrival time                                                 -0.68
  ------------------------------------------------------------------------------
  slack (VIOLATED)                                                  -1.09


  Startpoint: test_mode (input port)
  Endpoint: U3_cpu/U0_con/timing_cnt_reg_0_
               (removal check against rising-edge clock clk)
  Path Group: **async_default**
  Path Type: min

  Point                                                   Incr       Path
  ------------------------------------------------------------------------------
  clock (input port clock) (rise edge)                    0.00       0.00
  clock network delay (ideal)                             0.00       0.00
  input external delay                                    0.00       0.00 f
  test_mode (in)                                          0.00       0.00 f
  PI_test_mode/C (PDIDGZ)                                 0.30       0.30 f
  U3_cpu/U0_con/test_point_518/U6/Y (MX2X1)               0.38       0.68 r
  U3_cpu/U0_con/timing_cnt_reg_0_/RN (SDFFSRX2)           0.00       0.68 r
  data arrival time                                                  0.68

  clock clk (rise edge)                                   0.00       0.00
  clock network delay (ideal)                             1.50       1.50
  clock uncertainty                                       0.30       1.80
  U3_cpu/U0_con/timing_cnt_reg_0_/CK (SDFFSRX2)                      1.80 r
  library removal time                                   -0.03       1.77
  data required time                                                 1.77
  ------------------------------------------------------------------------------
  data required time                                                 1.77
  data arrival time                                                 -0.68
  ------------------------------------------------------------------------------
  slack (VIOLATED)                                                  -1.09


  Startpoint: test_mode (input port)
  Endpoint: U3_cpu/U0_con/timing_cnt_reg_1_
               (removal check against rising-edge clock clk)
  Path Group: **async_default**
  Path Type: min

  Point                                                   Incr       Path
  ------------------------------------------------------------------------------
  clock (input port clock) (rise edge)                    0.00       0.00
  clock network delay (ideal)                             0.00       0.00
  input external delay                                    0.00       0.00 f
  test_mode (in)                                          0.00       0.00 f
  PI_test_mode/C (PDIDGZ)                                 0.30       0.30 f
  U3_cpu/U0_con/test_point_518/U6/Y (MX2X1)               0.38       0.68 r
  U3_cpu/U0_con/timing_cnt_reg_1_/RN (SDFFSRX2)           0.00       0.68 r
  data arrival time                                                  0.68

  clock clk (rise edge)                                   0.00       0.00
  clock network delay (ideal)                             1.50       1.50
  clock uncertainty                                       0.30       1.80
  U3_cpu/U0_con/timing_cnt_reg_1_/CK (SDFFSRX2)                      1.80 r
  library removal time                                   -0.03       1.77
  data required time                                                 1.77
  ------------------------------------------------------------------------------
  data required time                                                 1.77
  data arrival time                                                 -0.68
  ------------------------------------------------------------------------------
  slack (VIOLATED)                                                  -1.09


  Startpoint: test_mode (input port)
  Endpoint: U3_cpu/U0_con/timing_cnt_reg_2_
               (removal check against rising-edge clock clk)
  Path Group: **async_default**
  Path Type: min

  Point                                                   Incr       Path
  ------------------------------------------------------------------------------
  clock (input port clock) (rise edge)                    0.00       0.00
  clock network delay (ideal)                             0.00       0.00
  input external delay                                    0.00       0.00 f
  test_mode (in)                                          0.00       0.00 f
  PI_test_mode/C (PDIDGZ)                                 0.30       0.30 f
  U3_cpu/U0_con/test_point_518/U6/Y (MX2X1)               0.38       0.68 r
  U3_cpu/U0_con/timing_cnt_reg_2_/RN (SDFFSRX2)           0.00       0.68 r
  data arrival time                                                  0.68

  clock clk (rise edge)                                   0.00       0.00
  clock network delay (ideal)                             1.50       1.50
  clock uncertainty                                       0.30       1.80
  U3_cpu/U0_con/timing_cnt_reg_2_/CK (SDFFSRX2)                      1.80 r
  library removal time                                   -0.03       1.77
  data required time                                                 1.77
  ------------------------------------------------------------------------------
  data required time                                                 1.77
  data arrival time                                                 -0.68
  ------------------------------------------------------------------------------
  slack (VIOLATED)                                                  -1.09


  Startpoint: test_mode (input port)
  Endpoint: U3_cpu/U0_con/one_shot_en_int/d_del_reg
               (removal check against rising-edge clock clk)
  Path Group: **async_default**
  Path Type: min

  Point                                                   Incr       Path
  ------------------------------------------------------------------------------
  clock (input port clock) (rise edge)                    0.00       0.00
  clock network delay (ideal)                             0.00       0.00
  input external delay                                    0.00       0.00 f
  test_mode (in)                                          0.00       0.00 f
  PI_test_mode/C (PDIDGZ)                                 0.30       0.30 f
  test_point_535/U6/Y (MX2X1)                             0.56       0.86 f
  U3_cpu/U0_con/one_shot_en_int/U8/Y (INVX1)              0.21       1.07 r
  U3_cpu/U0_con/one_shot_en_int/d_del_reg/SN (SDFFSX1)
                                                          0.00       1.07 r
  data arrival time                                                  1.07

  clock clk (rise edge)                                   0.00       0.00
  clock network delay (ideal)                             1.50       1.50
  clock uncertainty                                       0.30       1.80
  U3_cpu/U0_con/one_shot_en_int/d_del_reg/CK (SDFFSX1)               1.80 r
  library removal time                                    0.09       1.89
  data required time                                                 1.89
  ------------------------------------------------------------------------------
  data required time                                                 1.89
  data arrival time                                                 -1.07
  ------------------------------------------------------------------------------
  slack (VIOLATED)                                                  -0.82


  Startpoint: test_mode (input port)
  Endpoint: U3_cpu/U1_datapath/U1_sfr/one_shot_tf0/d_del_reg
               (removal check against rising-edge clock clk)
  Path Group: **async_default**
  Path Type: min

  Point                                                   Incr       Path
  ------------------------------------------------------------------------------
  clock (input port clock) (rise edge)                    0.00       0.00
  clock network delay (ideal)                             0.00       0.00
  input external delay                                    0.00       0.00 f
  test_mode (in)                                          0.00       0.00 f
  PI_test_mode/C (PDIDGZ)                                 0.30       0.30 f
  test_point_535/U6/Y (MX2X1)                             0.56       0.86 f
  U3_cpu/U1_datapath/U1_sfr/one_shot_tf0/U8/Y (INVX1)     0.21       1.07 r
  U3_cpu/U1_datapath/U1_sfr/one_shot_tf0/d_del_reg/SN (SDFFSX1)
                                                          0.00       1.07 r
  data arrival time                                                  1.07

  clock clk (rise edge)                                   0.00       0.00
  clock network delay (ideal)                             1.50       1.50
  clock uncertainty                                       0.30       1.80
  U3_cpu/U1_datapath/U1_sfr/one_shot_tf0/d_del_reg/CK (SDFFSX1)      1.80 r
  library removal time                                    0.09       1.89
  data required time                                                 1.89
  ------------------------------------------------------------------------------
  data required time                                                 1.89
  data arrival time                                                 -1.07
  ------------------------------------------------------------------------------
  slack (VIOLATED)                                                  -0.82


  Startpoint: test_mode (input port)
  Endpoint: U3_cpu/U1_datapath/U1_sfr/one_shot_tf1/d_del_reg
               (removal check against rising-edge clock clk)
  Path Group: **async_default**
  Path Type: min

  Point                                                   Incr       Path
  ------------------------------------------------------------------------------
  clock (input port clock) (rise edge)                    0.00       0.00
  clock network delay (ideal)                             0.00       0.00
  input external delay                                    0.00       0.00 f
  test_mode (in)                                          0.00       0.00 f
  PI_test_mode/C (PDIDGZ)                                 0.30       0.30 f
  test_point_535/U6/Y (MX2X1)                             0.56       0.86 f
  U3_cpu/U1_datapath/U1_sfr/one_shot_tf1/U8/Y (INVX1)     0.21       1.07 r
  U3_cpu/U1_datapath/U1_sfr/one_shot_tf1/d_del_reg/SN (SDFFSX1)
                                                          0.00       1.07 r
  data arrival time                                                  1.07

  clock clk (rise edge)                                   0.00       0.00
  clock network delay (ideal)                             1.50       1.50
  clock uncertainty                                       0.30       1.80
  U3_cpu/U1_datapath/U1_sfr/one_shot_tf1/d_del_reg/CK (SDFFSX1)      1.80 r
  library removal time                                    0.09       1.89
  data required time                                                 1.89
  ------------------------------------------------------------------------------
  data required time                                                 1.89
  data arrival time                                                 -1.07
  ------------------------------------------------------------------------------
  slack (VIOLATED)                                                  -0.82


  Startpoint: test_mode (input port)
  Endpoint: U3_cpu/U1_datapath/U1_sfr/U27_int/prio/one_shot_reti/d_del_reg
               (removal check against rising-edge clock clk)
  Path Group: **async_default**
  Path Type: min

  Point                                                   Incr       Path
  ------------------------------------------------------------------------------
  clock (input port clock) (rise edge)                    0.00       0.00
  clock network delay (ideal)                             0.00       0.00
  input external delay                                    0.00       0.00 f
  test_mode (in)                                          0.00       0.00 f
  PI_test_mode/C (PDIDGZ)                                 0.30       0.30 f
  test_point_535/U6/Y (MX2X1)                             0.56       0.86 f
  U3_cpu/U1_datapath/U1_sfr/U27_int/prio/one_shot_reti/U8/Y (INVX1)
                                                          0.21       1.07 r
  U3_cpu/U1_datapath/U1_sfr/U27_int/prio/one_shot_reti/d_del_reg/SN (SDFFSX1)
                                                          0.00       1.07 r
  data arrival time                                                  1.07

  clock clk (rise edge)                                   0.00       0.00
  clock network delay (ideal)                             1.50       1.50
  clock uncertainty                                       0.30       1.80
  U3_cpu/U1_datapath/U1_sfr/U27_int/prio/one_shot_reti/d_del_reg/CK (SDFFSX1)
                                                                     1.80 r
  library removal time                                    0.09       1.89
  data required time                                                 1.89
  ------------------------------------------------------------------------------
  data required time                                                 1.89
  data arrival time                                                 -1.07
  ------------------------------------------------------------------------------
  slack (VIOLATED)                                                  -0.82


  Startpoint: test_mode (input port)
  Endpoint: U3_cpu/U1_datapath/U1_sfr/U27_int/smpl0/tmp1_reg
               (removal check against rising-edge clock clk)
  Path Group: **async_default**
  Path Type: min

  Point                                                   Incr       Path
  ------------------------------------------------------------------------------
  clock (input port clock) (rise edge)                    0.00       0.00
  clock network delay (ideal)                             0.00       0.00
  input external delay                                    0.00       0.00 f
  test_mode (in)                                          0.00       0.00 f
  PI_test_mode/C (PDIDGZ)                                 0.30       0.30 f
  test_point_535/U6/Y (MX2X1)                             0.56       0.86 f
  U3_cpu/U1_datapath/U1_sfr/U27_int/smpl0/U17/Y (INVX1)
                                                          0.24       1.10 r
  U3_cpu/U1_datapath/U1_sfr/U27_int/smpl0/tmp1_reg/RN (SDFFSRX2)
                                                          0.00       1.10 r
  data arrival time                                                  1.10

  clock clk (rise edge)                                   0.00       0.00
  clock network delay (ideal)                             1.50       1.50
  clock uncertainty                                       0.30       1.80
  U3_cpu/U1_datapath/U1_sfr/U27_int/smpl0/tmp1_reg/CK (SDFFSRX2)     1.80 r
  library removal time                                   -0.03       1.77
  data required time                                                 1.77
  ------------------------------------------------------------------------------
  data required time                                                 1.77
  data arrival time                                                 -1.10
  ------------------------------------------------------------------------------
  slack (VIOLATED)                                                  -0.67


  Startpoint: test_mode (input port)
  Endpoint: U3_cpu/U1_datapath/U1_sfr/U27_int/smpl0/tmp_reg
               (removal check against rising-edge clock clk)
  Path Group: **async_default**
  Path Type: min

  Point                                                   Incr       Path
  ------------------------------------------------------------------------------
  clock (input port clock) (rise edge)                    0.00       0.00
  clock network delay (ideal)                             0.00       0.00
  input external delay                                    0.00       0.00 f
  test_mode (in)                                          0.00       0.00 f
  PI_test_mode/C (PDIDGZ)                                 0.30       0.30 f
  test_point_535/U6/Y (MX2X1)                             0.56       0.86 f
  U3_cpu/U1_datapath/U1_sfr/U27_int/smpl0/U17/Y (INVX1)
                                                          0.24       1.10 r
  U3_cpu/U1_datapath/U1_sfr/U27_int/smpl0/tmp_reg/RN (SDFFSRX2)
                                                          0.00       1.10 r
  data arrival time                                                  1.10

  clock clk (rise edge)                                   0.00       0.00
  clock network delay (ideal)                             1.50       1.50
  clock uncertainty                                       0.30       1.80
  U3_cpu/U1_datapath/U1_sfr/U27_int/smpl0/tmp_reg/CK (SDFFSRX2)      1.80 r
  library removal time                                   -0.03       1.77
  data required time                                                 1.77
  ------------------------------------------------------------------------------
  data required time                                                 1.77
  data arrival time                                                 -1.10
  ------------------------------------------------------------------------------
  slack (VIOLATED)                                                  -0.67


  Startpoint: test_mode (input port)
  Endpoint: U3_cpu/U1_datapath/U1_sfr/U27_int/smpl1/tmp1_reg
               (removal check against rising-edge clock clk)
  Path Group: **async_default**
  Path Type: min

  Point                                                   Incr       Path
  ------------------------------------------------------------------------------
  clock (input port clock) (rise edge)                    0.00       0.00
  clock network delay (ideal)                             0.00       0.00
  input external delay                                    0.00       0.00 f
  test_mode (in)                                          0.00       0.00 f
  PI_test_mode/C (PDIDGZ)                                 0.30       0.30 f
  test_point_535/U6/Y (MX2X1)                             0.56       0.86 f
  U3_cpu/U1_datapath/U1_sfr/U27_int/smpl1/U17/Y (INVX1)
                                                          0.24       1.10 r
  U3_cpu/U1_datapath/U1_sfr/U27_int/smpl1/tmp1_reg/RN (SDFFSRX2)
                                                          0.00       1.10 r
  data arrival time                                                  1.10

  clock clk (rise edge)                                   0.00       0.00
  clock network delay (ideal)                             1.50       1.50
  clock uncertainty                                       0.30       1.80
  U3_cpu/U1_datapath/U1_sfr/U27_int/smpl1/tmp1_reg/CK (SDFFSRX2)     1.80 r
  library removal time                                   -0.03       1.77
  data required time                                                 1.77
  ------------------------------------------------------------------------------
  data required time                                                 1.77
  data arrival time                                                 -1.10
  ------------------------------------------------------------------------------
  slack (VIOLATED)                                                  -0.67


  Startpoint: test_mode (input port)
  Endpoint: U3_cpu/U1_datapath/U1_sfr/U27_int/smpl1/tmp_reg
               (removal check against rising-edge clock clk)
  Path Group: **async_default**
  Path Type: min

  Point                                                   Incr       Path
  ------------------------------------------------------------------------------
  clock (input port clock) (rise edge)                    0.00       0.00
  clock network delay (ideal)                             0.00       0.00
  input external delay                                    0.00       0.00 f
  test_mode (in)                                          0.00       0.00 f
  PI_test_mode/C (PDIDGZ)                                 0.30       0.30 f
  test_point_535/U6/Y (MX2X1)                             0.56       0.86 f
  U3_cpu/U1_datapath/U1_sfr/U27_int/smpl1/U17/Y (INVX1)
                                                          0.24       1.10 r
  U3_cpu/U1_datapath/U1_sfr/U27_int/smpl1/tmp_reg/RN (SDFFSRX2)
                                                          0.00       1.10 r
  data arrival time                                                  1.10

  clock clk (rise edge)                                   0.00       0.00
  clock network delay (ideal)                             1.50       1.50
  clock uncertainty                                       0.30       1.80
  U3_cpu/U1_datapath/U1_sfr/U27_int/smpl1/tmp_reg/CK (SDFFSRX2)      1.80 r
  library removal time                                   -0.03       1.77
  data required time                                                 1.77
  ------------------------------------------------------------------------------
  data required time                                                 1.77
  data arrival time                                                 -1.10
  ------------------------------------------------------------------------------
  slack (VIOLATED)                                                  -0.67


  Startpoint: test_mode (input port)
  Endpoint: U3_cpu/U1_datapath/U1_sfr/U0_sp/out_sp_reg_0_
               (removal check against rising-edge clock clk)
  Path Group: **async_default**
  Path Type: min

  Point                                                   Incr       Path
  ------------------------------------------------------------------------------
  clock (input port clock) (rise edge)                    0.00       0.00
  clock network delay (ideal)                             0.00       0.00
  input external delay                                    0.00       0.00 f
  test_mode (in)                                          0.00       0.00 f
  PI_test_mode/C (PDIDGZ)                                 0.30       0.30 f
  test_point_535/U6/Y (MX2X1)                             0.56       0.86 f
  U3_cpu/U1_datapath/U1_sfr/U0_sp/U49/Y (INVX1)           0.42       1.28 r
  U3_cpu/U1_datapath/U1_sfr/U0_sp/out_sp_reg_0_/SN (SDFFSX1)
                                                          0.00       1.28 r
  data arrival time                                                  1.28

  clock clk (rise edge)                                   0.00       0.00
  clock network delay (ideal)                             1.50       1.50
  clock uncertainty                                       0.30       1.80
  U3_cpu/U1_datapath/U1_sfr/U0_sp/out_sp_reg_0_/CK (SDFFSX1)         1.80 r
  library removal time                                    0.11       1.91
  data required time                                                 1.91
  ------------------------------------------------------------------------------
  data required time                                                 1.91
  data arrival time                                                 -1.28
  ------------------------------------------------------------------------------
  slack (VIOLATED)                                                  -0.63


  Startpoint: test_mode (input port)
  Endpoint: U3_cpu/U1_datapath/U1_sfr/U0_sp/out_sp_reg_1_
               (removal check against rising-edge clock clk)
  Path Group: **async_default**
  Path Type: min

  Point                                                   Incr       Path
  ------------------------------------------------------------------------------
  clock (input port clock) (rise edge)                    0.00       0.00
  clock network delay (ideal)                             0.00       0.00
  input external delay                                    0.00       0.00 f
  test_mode (in)                                          0.00       0.00 f
  PI_test_mode/C (PDIDGZ)                                 0.30       0.30 f
  test_point_535/U6/Y (MX2X1)                             0.56       0.86 f
  U3_cpu/U1_datapath/U1_sfr/U0_sp/U49/Y (INVX1)           0.42       1.28 r
  U3_cpu/U1_datapath/U1_sfr/U0_sp/out_sp_reg_1_/SN (SDFFSX1)
                                                          0.00       1.28 r
  data arrival time                                                  1.28

  clock clk (rise edge)                                   0.00       0.00
  clock network delay (ideal)                             1.50       1.50
  clock uncertainty                                       0.30       1.80
  U3_cpu/U1_datapath/U1_sfr/U0_sp/out_sp_reg_1_/CK (SDFFSX1)         1.80 r
  library removal time                                    0.11       1.91
  data required time                                                 1.91
  ------------------------------------------------------------------------------
  data required time                                                 1.91
  data arrival time                                                 -1.28
  ------------------------------------------------------------------------------
  slack (VIOLATED)                                                  -0.63


  Startpoint: test_mode (input port)
  Endpoint: U3_cpu/U1_datapath/U1_sfr/U0_sp/out_sp_reg_2_
               (removal check against rising-edge clock clk)
  Path Group: **async_default**
  Path Type: min

  Point                                                   Incr       Path
  ------------------------------------------------------------------------------
  clock (input port clock) (rise edge)                    0.00       0.00
  clock network delay (ideal)                             0.00       0.00
  input external delay                                    0.00       0.00 f
  test_mode (in)                                          0.00       0.00 f
  PI_test_mode/C (PDIDGZ)                                 0.30       0.30 f
  test_point_535/U6/Y (MX2X1)                             0.56       0.86 f
  U3_cpu/U1_datapath/U1_sfr/U0_sp/U49/Y (INVX1)           0.42       1.28 r
  U3_cpu/U1_datapath/U1_sfr/U0_sp/out_sp_reg_2_/SN (SDFFSX1)
                                                          0.00       1.28 r
  data arrival time                                                  1.28

  clock clk (rise edge)                                   0.00       0.00
  clock network delay (ideal)                             1.50       1.50
  clock uncertainty                                       0.30       1.80
  U3_cpu/U1_datapath/U1_sfr/U0_sp/out_sp_reg_2_/CK (SDFFSX1)         1.80 r
  library removal time                                    0.11       1.91
  data required time                                                 1.91
  ------------------------------------------------------------------------------
  data required time                                                 1.91
  data arrival time                                                 -1.28
  ------------------------------------------------------------------------------
  slack (VIOLATED)                                                  -0.63


  Startpoint: test_mode (input port)
  Endpoint: U3_cpu/U1_datapath/U1_sfr/U_port0/p0_out_reg_0_
               (removal check against rising-edge clock clk)
  Path Group: **async_default**
  Path Type: min

  Point                                                   Incr       Path
  ------------------------------------------------------------------------------
  clock (input port clock) (rise edge)                    0.00       0.00
  clock network delay (ideal)                             0.00       0.00
  input external delay                                    0.00       0.00 f
  test_mode (in)                                          0.00       0.00 f
  PI_test_mode/C (PDIDGZ)                                 0.30       0.30 f
  test_point_535/U6/Y (MX2X1)                             0.56       0.86 f
  U3_cpu/U1_datapath/U1_sfr/U_port0/U56/Y (INVX1)         0.45       1.31 r
  U3_cpu/U1_datapath/U1_sfr/U_port0/p0_out_reg_0_/SN (SDFFSX1)
                                                          0.00       1.31 r
  data arrival time                                                  1.31

  clock clk (rise edge)                                   0.00       0.00
  clock network delay (ideal)                             1.50       1.50
  clock uncertainty                                       0.30       1.80
  U3_cpu/U1_datapath/U1_sfr/U_port0/p0_out_reg_0_/CK (SDFFSX1)       1.80 r
  library removal time                                    0.11       1.91
  data required time                                                 1.91
  ------------------------------------------------------------------------------
  data required time                                                 1.91
  data arrival time                                                 -1.31
  ------------------------------------------------------------------------------
  slack (VIOLATED)                                                  -0.61


  Startpoint: test_mode (input port)
  Endpoint: U3_cpu/U1_datapath/U1_sfr/U_port0/p0_out_reg_1_
               (removal check against rising-edge clock clk)
  Path Group: **async_default**
  Path Type: min

  Point                                                   Incr       Path
  ------------------------------------------------------------------------------
  clock (input port clock) (rise edge)                    0.00       0.00
  clock network delay (ideal)                             0.00       0.00
  input external delay                                    0.00       0.00 f
  test_mode (in)                                          0.00       0.00 f
  PI_test_mode/C (PDIDGZ)                                 0.30       0.30 f
  test_point_535/U6/Y (MX2X1)                             0.56       0.86 f
  U3_cpu/U1_datapath/U1_sfr/U_port0/U56/Y (INVX1)         0.45       1.31 r
  U3_cpu/U1_datapath/U1_sfr/U_port0/p0_out_reg_1_/SN (SDFFSX1)
                                                          0.00       1.31 r
  data arrival time                                                  1.31

  clock clk (rise edge)                                   0.00       0.00
  clock network delay (ideal)                             1.50       1.50
  clock uncertainty                                       0.30       1.80
  U3_cpu/U1_datapath/U1_sfr/U_port0/p0_out_reg_1_/CK (SDFFSX1)       1.80 r
  library removal time                                    0.11       1.91
  data required time                                                 1.91
  ------------------------------------------------------------------------------
  data required time                                                 1.91
  data arrival time                                                 -1.31
  ------------------------------------------------------------------------------
  slack (VIOLATED)                                                  -0.61


  Startpoint: test_mode (input port)
  Endpoint: U3_cpu/U1_datapath/U1_sfr/U_port0/p0_out_reg_2_
               (removal check against rising-edge clock clk)
  Path Group: **async_default**
  Path Type: min

  Point                                                   Incr       Path
  ------------------------------------------------------------------------------
  clock (input port clock) (rise edge)                    0.00       0.00
  clock network delay (ideal)                             0.00       0.00
  input external delay                                    0.00       0.00 f
  test_mode (in)                                          0.00       0.00 f
  PI_test_mode/C (PDIDGZ)                                 0.30       0.30 f
  test_point_535/U6/Y (MX2X1)                             0.56       0.86 f
  U3_cpu/U1_datapath/U1_sfr/U_port0/U56/Y (INVX1)         0.45       1.31 r
  U3_cpu/U1_datapath/U1_sfr/U_port0/p0_out_reg_2_/SN (SDFFSX1)
                                                          0.00       1.31 r
  data arrival time                                                  1.31

  clock clk (rise edge)                                   0.00       0.00
  clock network delay (ideal)                             1.50       1.50
  clock uncertainty                                       0.30       1.80
  U3_cpu/U1_datapath/U1_sfr/U_port0/p0_out_reg_2_/CK (SDFFSX1)       1.80 r
  library removal time                                    0.11       1.91
  data required time                                                 1.91
  ------------------------------------------------------------------------------
  data required time                                                 1.91
  data arrival time                                                 -1.31
  ------------------------------------------------------------------------------
  slack (VIOLATED)                                                  -0.61


  Startpoint: test_mode (input port)
  Endpoint: U3_cpu/U1_datapath/U1_sfr/U_port0/p0_out_reg_3_
               (removal check against rising-edge clock clk)
  Path Group: **async_default**
  Path Type: min

  Point                                                   Incr       Path
  ------------------------------------------------------------------------------
  clock (input port clock) (rise edge)                    0.00       0.00
  clock network delay (ideal)                             0.00       0.00
  input external delay                                    0.00       0.00 f
  test_mode (in)                                          0.00       0.00 f
  PI_test_mode/C (PDIDGZ)                                 0.30       0.30 f
  test_point_535/U6/Y (MX2X1)                             0.56       0.86 f
  U3_cpu/U1_datapath/U1_sfr/U_port0/U56/Y (INVX1)         0.45       1.31 r
  U3_cpu/U1_datapath/U1_sfr/U_port0/p0_out_reg_3_/SN (SDFFSX1)
                                                          0.00       1.31 r
  data arrival time                                                  1.31

  clock clk (rise edge)                                   0.00       0.00
  clock network delay (ideal)                             1.50       1.50
  clock uncertainty                                       0.30       1.80
  U3_cpu/U1_datapath/U1_sfr/U_port0/p0_out_reg_3_/CK (SDFFSX1)       1.80 r
  library removal time                                    0.11       1.91
  data required time                                                 1.91
  ------------------------------------------------------------------------------
  data required time                                                 1.91
  data arrival time                                                 -1.31
  ------------------------------------------------------------------------------
  slack (VIOLATED)                                                  -0.61


  Startpoint: test_mode (input port)
  Endpoint: U3_cpu/U1_datapath/U1_sfr/U_port0/p0_out_reg_4_
               (removal check against rising-edge clock clk)
  Path Group: **async_default**
  Path Type: min

  Point                                                   Incr       Path
  ------------------------------------------------------------------------------
  clock (input port clock) (rise edge)                    0.00       0.00
  clock network delay (ideal)                             0.00       0.00
  input external delay                                    0.00       0.00 f
  test_mode (in)                                          0.00       0.00 f
  PI_test_mode/C (PDIDGZ)                                 0.30       0.30 f
  test_point_535/U6/Y (MX2X1)                             0.56       0.86 f
  U3_cpu/U1_datapath/U1_sfr/U_port0/U56/Y (INVX1)         0.45       1.31 r
  U3_cpu/U1_datapath/U1_sfr/U_port0/p0_out_reg_4_/SN (SDFFSX1)
                                                          0.00       1.31 r
  data arrival time                                                  1.31

  clock clk (rise edge)                                   0.00       0.00
  clock network delay (ideal)                             1.50       1.50
  clock uncertainty                                       0.30       1.80
  U3_cpu/U1_datapath/U1_sfr/U_port0/p0_out_reg_4_/CK (SDFFSX1)       1.80 r
  library removal time                                    0.11       1.91
  data required time                                                 1.91
  ------------------------------------------------------------------------------
  data required time                                                 1.91
  data arrival time                                                 -1.31
  ------------------------------------------------------------------------------
  slack (VIOLATED)                                                  -0.61


  Startpoint: test_mode (input port)
  Endpoint: U3_cpu/U1_datapath/U1_sfr/U_port0/p0_out_reg_5_
               (removal check against rising-edge clock clk)
  Path Group: **async_default**
  Path Type: min

  Point                                                   Incr       Path
  ------------------------------------------------------------------------------
  clock (input port clock) (rise edge)                    0.00       0.00
  clock network delay (ideal)                             0.00       0.00
  input external delay                                    0.00       0.00 f
  test_mode (in)                                          0.00       0.00 f
  PI_test_mode/C (PDIDGZ)                                 0.30       0.30 f
  test_point_535/U6/Y (MX2X1)                             0.56       0.86 f
  U3_cpu/U1_datapath/U1_sfr/U_port0/U56/Y (INVX1)         0.45       1.31 r
  U3_cpu/U1_datapath/U1_sfr/U_port0/p0_out_reg_5_/SN (SDFFSX1)
                                                          0.00       1.31 r
  data arrival time                                                  1.31

  clock clk (rise edge)                                   0.00       0.00
  clock network delay (ideal)                             1.50       1.50
  clock uncertainty                                       0.30       1.80
  U3_cpu/U1_datapath/U1_sfr/U_port0/p0_out_reg_5_/CK (SDFFSX1)       1.80 r
  library removal time                                    0.11       1.91
  data required time                                                 1.91
  ------------------------------------------------------------------------------
  data required time                                                 1.91
  data arrival time                                                 -1.31
  ------------------------------------------------------------------------------
  slack (VIOLATED)                                                  -0.61


  Startpoint: test_mode (input port)
  Endpoint: U3_cpu/U1_datapath/U1_sfr/U_port0/p0_out_reg_6_
               (removal check against rising-edge clock clk)
  Path Group: **async_default**
  Path Type: min

  Point                                                   Incr       Path
  ------------------------------------------------------------------------------
  clock (input port clock) (rise edge)                    0.00       0.00
  clock network delay (ideal)                             0.00       0.00
  input external delay                                    0.00       0.00 f
  test_mode (in)                                          0.00       0.00 f
  PI_test_mode/C (PDIDGZ)                                 0.30       0.30 f
  test_point_535/U6/Y (MX2X1)                             0.56       0.86 f
  U3_cpu/U1_datapath/U1_sfr/U_port0/U56/Y (INVX1)         0.45       1.31 r
  U3_cpu/U1_datapath/U1_sfr/U_port0/p0_out_reg_6_/SN (SDFFSX1)
                                                          0.00       1.31 r
  data arrival time                                                  1.31

  clock clk (rise edge)                                   0.00       0.00
  clock network delay (ideal)                             1.50       1.50
  clock uncertainty                                       0.30       1.80
  U3_cpu/U1_datapath/U1_sfr/U_port0/p0_out_reg_6_/CK (SDFFSX1)       1.80 r
  library removal time                                    0.11       1.91
  data required time                                                 1.91
  ------------------------------------------------------------------------------
  data required time                                                 1.91
  data arrival time                                                 -1.31
  ------------------------------------------------------------------------------
  slack (VIOLATED)                                                  -0.61


  Startpoint: test_mode (input port)
  Endpoint: U3_cpu/U1_datapath/U1_sfr/U_port0/p0_out_reg_7_
               (removal check against rising-edge clock clk)
  Path Group: **async_default**
  Path Type: min

  Point                                                   Incr       Path
  ------------------------------------------------------------------------------
  clock (input port clock) (rise edge)                    0.00       0.00
  clock network delay (ideal)                             0.00       0.00
  input external delay                                    0.00       0.00 f
  test_mode (in)                                          0.00       0.00 f
  PI_test_mode/C (PDIDGZ)                                 0.30       0.30 f
  test_point_535/U6/Y (MX2X1)                             0.56       0.86 f
  U3_cpu/U1_datapath/U1_sfr/U_port0/U56/Y (INVX1)         0.45       1.31 r
  U3_cpu/U1_datapath/U1_sfr/U_port0/p0_out_reg_7_/SN (SDFFSX1)
                                                          0.00       1.31 r
  data arrival time                                                  1.31

  clock clk (rise edge)                                   0.00       0.00
  clock network delay (ideal)                             1.50       1.50
  clock uncertainty                                       0.30       1.80
  U3_cpu/U1_datapath/U1_sfr/U_port0/p0_out_reg_7_/CK (SDFFSX1)       1.80 r
  library removal time                                    0.11       1.91
  data required time                                                 1.91
  ------------------------------------------------------------------------------
  data required time                                                 1.91
  data arrival time                                                 -1.31
  ------------------------------------------------------------------------------
  slack (VIOLATED)                                                  -0.61


  Startpoint: test_mode (input port)
  Endpoint: U3_cpu/U1_datapath/U1_sfr/U_port1/p1_out_reg_0_
               (removal check against rising-edge clock clk)
  Path Group: **async_default**
  Path Type: min

  Point                                                   Incr       Path
  ------------------------------------------------------------------------------
  clock (input port clock) (rise edge)                    0.00       0.00
  clock network delay (ideal)                             0.00       0.00
  input external delay                                    0.00       0.00 f
  test_mode (in)                                          0.00       0.00 f
  PI_test_mode/C (PDIDGZ)                                 0.30       0.30 f
  test_point_535/U6/Y (MX2X1)                             0.56       0.86 f
  U3_cpu/U1_datapath/U1_sfr/U_port1/U56/Y (INVX1)         0.45       1.31 r
  U3_cpu/U1_datapath/U1_sfr/U_port1/p1_out_reg_0_/SN (SDFFSX1)
                                                          0.00       1.31 r
  data arrival time                                                  1.31

  clock clk (rise edge)                                   0.00       0.00
  clock network delay (ideal)                             1.50       1.50
  clock uncertainty                                       0.30       1.80
  U3_cpu/U1_datapath/U1_sfr/U_port1/p1_out_reg_0_/CK (SDFFSX1)       1.80 r
  library removal time                                    0.11       1.91
  data required time                                                 1.91
  ------------------------------------------------------------------------------
  data required time                                                 1.91
  data arrival time                                                 -1.31
  ------------------------------------------------------------------------------
  slack (VIOLATED)                                                  -0.61


  Startpoint: test_mode (input port)
  Endpoint: U3_cpu/U1_datapath/U1_sfr/U_port1/p1_out_reg_1_
               (removal check against rising-edge clock clk)
  Path Group: **async_default**
  Path Type: min

  Point                                                   Incr       Path
  ------------------------------------------------------------------------------
  clock (input port clock) (rise edge)                    0.00       0.00
  clock network delay (ideal)                             0.00       0.00
  input external delay                                    0.00       0.00 f
  test_mode (in)                                          0.00       0.00 f
  PI_test_mode/C (PDIDGZ)                                 0.30       0.30 f
  test_point_535/U6/Y (MX2X1)                             0.56       0.86 f
  U3_cpu/U1_datapath/U1_sfr/U_port1/U56/Y (INVX1)         0.45       1.31 r
  U3_cpu/U1_datapath/U1_sfr/U_port1/p1_out_reg_1_/SN (SDFFSX1)
                                                          0.00       1.31 r
  data arrival time                                                  1.31

  clock clk (rise edge)                                   0.00       0.00
  clock network delay (ideal)                             1.50       1.50
  clock uncertainty                                       0.30       1.80
  U3_cpu/U1_datapath/U1_sfr/U_port1/p1_out_reg_1_/CK (SDFFSX1)       1.80 r
  library removal time                                    0.11       1.91
  data required time                                                 1.91
  ------------------------------------------------------------------------------
  data required time                                                 1.91
  data arrival time                                                 -1.31
  ------------------------------------------------------------------------------
  slack (VIOLATED)                                                  -0.61


  Startpoint: test_mode (input port)
  Endpoint: U3_cpu/U1_datapath/U1_sfr/U_port1/p1_out_reg_2_
               (removal check against rising-edge clock clk)
  Path Group: **async_default**
  Path Type: min

  Point                                                   Incr       Path
  ------------------------------------------------------------------------------
  clock (input port clock) (rise edge)                    0.00       0.00
  clock network delay (ideal)                             0.00       0.00
  input external delay                                    0.00       0.00 f
  test_mode (in)                                          0.00       0.00 f
  PI_test_mode/C (PDIDGZ)                                 0.30       0.30 f
  test_point_535/U6/Y (MX2X1)                             0.56       0.86 f
  U3_cpu/U1_datapath/U1_sfr/U_port1/U56/Y (INVX1)         0.45       1.31 r
  U3_cpu/U1_datapath/U1_sfr/U_port1/p1_out_reg_2_/SN (SDFFSX1)
                                                          0.00       1.31 r
  data arrival time                                                  1.31

  clock clk (rise edge)                                   0.00       0.00
  clock network delay (ideal)                             1.50       1.50
  clock uncertainty                                       0.30       1.80
  U3_cpu/U1_datapath/U1_sfr/U_port1/p1_out_reg_2_/CK (SDFFSX1)       1.80 r
  library removal time                                    0.11       1.91
  data required time                                                 1.91
  ------------------------------------------------------------------------------
  data required time                                                 1.91
  data arrival time                                                 -1.31
  ------------------------------------------------------------------------------
  slack (VIOLATED)                                                  -0.61


  Startpoint: test_mode (input port)
  Endpoint: U3_cpu/U1_datapath/U1_sfr/U_port1/p1_out_reg_3_
               (removal check against rising-edge clock clk)
  Path Group: **async_default**
  Path Type: min

  Point                                                   Incr       Path
  ------------------------------------------------------------------------------
  clock (input port clock) (rise edge)                    0.00       0.00
  clock network delay (ideal)                             0.00       0.00
  input external delay                                    0.00       0.00 f
  test_mode (in)                                          0.00       0.00 f
  PI_test_mode/C (PDIDGZ)                                 0.30       0.30 f
  test_point_535/U6/Y (MX2X1)                             0.56       0.86 f
  U3_cpu/U1_datapath/U1_sfr/U_port1/U56/Y (INVX1)         0.45       1.31 r
  U3_cpu/U1_datapath/U1_sfr/U_port1/p1_out_reg_3_/SN (SDFFSX1)
                                                          0.00       1.31 r
  data arrival time                                                  1.31

  clock clk (rise edge)                                   0.00       0.00
  clock network delay (ideal)                             1.50       1.50
  clock uncertainty                                       0.30       1.80
  U3_cpu/U1_datapath/U1_sfr/U_port1/p1_out_reg_3_/CK (SDFFSX1)       1.80 r
  library removal time                                    0.11       1.91
  data required time                                                 1.91
  ------------------------------------------------------------------------------
  data required time                                                 1.91
  data arrival time                                                 -1.31
  ------------------------------------------------------------------------------
  slack (VIOLATED)                                                  -0.61


  Startpoint: test_mode (input port)
  Endpoint: U3_cpu/U1_datapath/U1_sfr/U_port1/p1_out_reg_4_
               (removal check against rising-edge clock clk)
  Path Group: **async_default**
  Path Type: min

  Point                                                   Incr       Path
  ------------------------------------------------------------------------------
  clock (input port clock) (rise edge)                    0.00       0.00
  clock network delay (ideal)                             0.00       0.00
  input external delay                                    0.00       0.00 f
  test_mode (in)                                          0.00       0.00 f
  PI_test_mode/C (PDIDGZ)                                 0.30       0.30 f
  test_point_535/U6/Y (MX2X1)                             0.56       0.86 f
  U3_cpu/U1_datapath/U1_sfr/U_port1/U56/Y (INVX1)         0.45       1.31 r
  U3_cpu/U1_datapath/U1_sfr/U_port1/p1_out_reg_4_/SN (SDFFSX1)
                                                          0.00       1.31 r
  data arrival time                                                  1.31

  clock clk (rise edge)                                   0.00       0.00
  clock network delay (ideal)                             1.50       1.50
  clock uncertainty                                       0.30       1.80
  U3_cpu/U1_datapath/U1_sfr/U_port1/p1_out_reg_4_/CK (SDFFSX1)       1.80 r
  library removal time                                    0.11       1.91
  data required time                                                 1.91
  ------------------------------------------------------------------------------
  data required time                                                 1.91
  data arrival time                                                 -1.31
  ------------------------------------------------------------------------------
  slack (VIOLATED)                                                  -0.61


  Startpoint: test_mode (input port)
  Endpoint: U3_cpu/U1_datapath/U1_sfr/U_port1/p1_out_reg_5_
               (removal check against rising-edge clock clk)
  Path Group: **async_default**
  Path Type: min

  Point                                                   Incr       Path
  ------------------------------------------------------------------------------
  clock (input port clock) (rise edge)                    0.00       0.00
  clock network delay (ideal)                             0.00       0.00
  input external delay                                    0.00       0.00 f
  test_mode (in)                                          0.00       0.00 f
  PI_test_mode/C (PDIDGZ)                                 0.30       0.30 f
  test_point_535/U6/Y (MX2X1)                             0.56       0.86 f
  U3_cpu/U1_datapath/U1_sfr/U_port1/U56/Y (INVX1)         0.45       1.31 r
  U3_cpu/U1_datapath/U1_sfr/U_port1/p1_out_reg_5_/SN (SDFFSX1)
                                                          0.00       1.31 r
  data arrival time                                                  1.31

  clock clk (rise edge)                                   0.00       0.00
  clock network delay (ideal)                             1.50       1.50
  clock uncertainty                                       0.30       1.80
  U3_cpu/U1_datapath/U1_sfr/U_port1/p1_out_reg_5_/CK (SDFFSX1)       1.80 r
  library removal time                                    0.11       1.91
  data required time                                                 1.91
  ------------------------------------------------------------------------------
  data required time                                                 1.91
  data arrival time                                                 -1.31
  ------------------------------------------------------------------------------
  slack (VIOLATED)                                                  -0.61


  Startpoint: test_mode (input port)
  Endpoint: U3_cpu/U1_datapath/U1_sfr/U_port1/p1_out_reg_6_
               (removal check against rising-edge clock clk)
  Path Group: **async_default**
  Path Type: min

  Point                                                   Incr       Path
  ------------------------------------------------------------------------------
  clock (input port clock) (rise edge)                    0.00       0.00
  clock network delay (ideal)                             0.00       0.00
  input external delay                                    0.00       0.00 f
  test_mode (in)                                          0.00       0.00 f
  PI_test_mode/C (PDIDGZ)                                 0.30       0.30 f
  test_point_535/U6/Y (MX2X1)                             0.56       0.86 f
  U3_cpu/U1_datapath/U1_sfr/U_port1/U56/Y (INVX1)         0.45       1.31 r
  U3_cpu/U1_datapath/U1_sfr/U_port1/p1_out_reg_6_/SN (SDFFSX1)
                                                          0.00       1.31 r
  data arrival time                                                  1.31

  clock clk (rise edge)                                   0.00       0.00
  clock network delay (ideal)                             1.50       1.50
  clock uncertainty                                       0.30       1.80
  U3_cpu/U1_datapath/U1_sfr/U_port1/p1_out_reg_6_/CK (SDFFSX1)       1.80 r
  library removal time                                    0.11       1.91
  data required time                                                 1.91
  ------------------------------------------------------------------------------
  data required time                                                 1.91
  data arrival time                                                 -1.31
  ------------------------------------------------------------------------------
  slack (VIOLATED)                                                  -0.61


  Startpoint: test_mode (input port)
  Endpoint: U3_cpu/U1_datapath/U1_sfr/U_port1/p1_out_reg_7_
               (removal check against rising-edge clock clk)
  Path Group: **async_default**
  Path Type: min

  Point                                                   Incr       Path
  ------------------------------------------------------------------------------
  clock (input port clock) (rise edge)                    0.00       0.00
  clock network delay (ideal)                             0.00       0.00
  input external delay                                    0.00       0.00 f
  test_mode (in)                                          0.00       0.00 f
  PI_test_mode/C (PDIDGZ)                                 0.30       0.30 f
  test_point_535/U6/Y (MX2X1)                             0.56       0.86 f
  U3_cpu/U1_datapath/U1_sfr/U_port1/U56/Y (INVX1)         0.45       1.31 r
  U3_cpu/U1_datapath/U1_sfr/U_port1/p1_out_reg_7_/SN (SDFFSX1)
                                                          0.00       1.31 r
  data arrival time                                                  1.31

  clock clk (rise edge)                                   0.00       0.00
  clock network delay (ideal)                             1.50       1.50
  clock uncertainty                                       0.30       1.80
  U3_cpu/U1_datapath/U1_sfr/U_port1/p1_out_reg_7_/CK (SDFFSX1)       1.80 r
  library removal time                                    0.11       1.91
  data required time                                                 1.91
  ------------------------------------------------------------------------------
  data required time                                                 1.91
  data arrival time                                                 -1.31
  ------------------------------------------------------------------------------
  slack (VIOLATED)                                                  -0.61


  Startpoint: test_mode (input port)
  Endpoint: U3_cpu/U1_datapath/U1_sfr/U_port2/p2_out_reg_0_
               (removal check against rising-edge clock clk)
  Path Group: **async_default**
  Path Type: min

  Point                                                   Incr       Path
  ------------------------------------------------------------------------------
  clock (input port clock) (rise edge)                    0.00       0.00
  clock network delay (ideal)                             0.00       0.00
  input external delay                                    0.00       0.00 f
  test_mode (in)                                          0.00       0.00 f
  PI_test_mode/C (PDIDGZ)                                 0.30       0.30 f
  test_point_535/U6/Y (MX2X1)                             0.56       0.86 f
  U3_cpu/U1_datapath/U1_sfr/U_port2/U56/Y (INVX1)         0.45       1.31 r
  U3_cpu/U1_datapath/U1_sfr/U_port2/p2_out_reg_0_/SN (SDFFSX1)
                                                          0.00       1.31 r
  data arrival time                                                  1.31

  clock clk (rise edge)                                   0.00       0.00
  clock network delay (ideal)                             1.50       1.50
  clock uncertainty                                       0.30       1.80
  U3_cpu/U1_datapath/U1_sfr/U_port2/p2_out_reg_0_/CK (SDFFSX1)       1.80 r
  library removal time                                    0.11       1.91
  data required time                                                 1.91
  ------------------------------------------------------------------------------
  data required time                                                 1.91
  data arrival time                                                 -1.31
  ------------------------------------------------------------------------------
  slack (VIOLATED)                                                  -0.61


  Startpoint: test_mode (input port)
  Endpoint: U3_cpu/U1_datapath/U1_sfr/U_port2/p2_out_reg_1_
               (removal check against rising-edge clock clk)
  Path Group: **async_default**
  Path Type: min

  Point                                                   Incr       Path
  ------------------------------------------------------------------------------
  clock (input port clock) (rise edge)                    0.00       0.00
  clock network delay (ideal)                             0.00       0.00
  input external delay                                    0.00       0.00 f
  test_mode (in)                                          0.00       0.00 f
  PI_test_mode/C (PDIDGZ)                                 0.30       0.30 f
  test_point_535/U6/Y (MX2X1)                             0.56       0.86 f
  U3_cpu/U1_datapath/U1_sfr/U_port2/U56/Y (INVX1)         0.45       1.31 r
  U3_cpu/U1_datapath/U1_sfr/U_port2/p2_out_reg_1_/SN (SDFFSX1)
                                                          0.00       1.31 r
  data arrival time                                                  1.31

  clock clk (rise edge)                                   0.00       0.00
  clock network delay (ideal)                             1.50       1.50
  clock uncertainty                                       0.30       1.80
  U3_cpu/U1_datapath/U1_sfr/U_port2/p2_out_reg_1_/CK (SDFFSX1)       1.80 r
  library removal time                                    0.11       1.91
  data required time                                                 1.91
  ------------------------------------------------------------------------------
  data required time                                                 1.91
  data arrival time                                                 -1.31
  ------------------------------------------------------------------------------
  slack (VIOLATED)                                                  -0.61


  Startpoint: test_mode (input port)
  Endpoint: U3_cpu/U1_datapath/U1_sfr/U_port2/p2_out_reg_2_
               (removal check against rising-edge clock clk)
  Path Group: **async_default**
  Path Type: min

  Point                                                   Incr       Path
  ------------------------------------------------------------------------------
  clock (input port clock) (rise edge)                    0.00       0.00
  clock network delay (ideal)                             0.00       0.00
  input external delay                                    0.00       0.00 f
  test_mode (in)                                          0.00       0.00 f
  PI_test_mode/C (PDIDGZ)                                 0.30       0.30 f
  test_point_535/U6/Y (MX2X1)                             0.56       0.86 f
  U3_cpu/U1_datapath/U1_sfr/U_port2/U56/Y (INVX1)         0.45       1.31 r
  U3_cpu/U1_datapath/U1_sfr/U_port2/p2_out_reg_2_/SN (SDFFSX1)
                                                          0.00       1.31 r
  data arrival time                                                  1.31

  clock clk (rise edge)                                   0.00       0.00
  clock network delay (ideal)                             1.50       1.50
  clock uncertainty                                       0.30       1.80
  U3_cpu/U1_datapath/U1_sfr/U_port2/p2_out_reg_2_/CK (SDFFSX1)       1.80 r
  library removal time                                    0.11       1.91
  data required time                                                 1.91
  ------------------------------------------------------------------------------
  data required time                                                 1.91
  data arrival time                                                 -1.31
  ------------------------------------------------------------------------------
  slack (VIOLATED)                                                  -0.61


  Startpoint: test_mode (input port)
  Endpoint: U3_cpu/U1_datapath/U1_sfr/U_port2/p2_out_reg_3_
               (removal check against rising-edge clock clk)
  Path Group: **async_default**
  Path Type: min

  Point                                                   Incr       Path
  ------------------------------------------------------------------------------
  clock (input port clock) (rise edge)                    0.00       0.00
  clock network delay (ideal)                             0.00       0.00
  input external delay                                    0.00       0.00 f
  test_mode (in)                                          0.00       0.00 f
  PI_test_mode/C (PDIDGZ)                                 0.30       0.30 f
  test_point_535/U6/Y (MX2X1)                             0.56       0.86 f
  U3_cpu/U1_datapath/U1_sfr/U_port2/U56/Y (INVX1)         0.45       1.31 r
  U3_cpu/U1_datapath/U1_sfr/U_port2/p2_out_reg_3_/SN (SDFFSX1)
                                                          0.00       1.31 r
  data arrival time                                                  1.31

  clock clk (rise edge)                                   0.00       0.00
  clock network delay (ideal)                             1.50       1.50
  clock uncertainty                                       0.30       1.80
  U3_cpu/U1_datapath/U1_sfr/U_port2/p2_out_reg_3_/CK (SDFFSX1)       1.80 r
  library removal time                                    0.11       1.91
  data required time                                                 1.91
  ------------------------------------------------------------------------------
  data required time                                                 1.91
  data arrival time                                                 -1.31
  ------------------------------------------------------------------------------
  slack (VIOLATED)                                                  -0.61


  Startpoint: test_mode (input port)
  Endpoint: U3_cpu/U1_datapath/U1_sfr/U_port2/p2_out_reg_4_
               (removal check against rising-edge clock clk)
  Path Group: **async_default**
  Path Type: min

  Point                                                   Incr       Path
  ------------------------------------------------------------------------------
  clock (input port clock) (rise edge)                    0.00       0.00
  clock network delay (ideal)                             0.00       0.00
  input external delay                                    0.00       0.00 f
  test_mode (in)                                          0.00       0.00 f
  PI_test_mode/C (PDIDGZ)                                 0.30       0.30 f
  test_point_535/U6/Y (MX2X1)                             0.56       0.86 f
  U3_cpu/U1_datapath/U1_sfr/U_port2/U56/Y (INVX1)         0.45       1.31 r
  U3_cpu/U1_datapath/U1_sfr/U_port2/p2_out_reg_4_/SN (SDFFSX1)
                                                          0.00       1.31 r
  data arrival time                                                  1.31

  clock clk (rise edge)                                   0.00       0.00
  clock network delay (ideal)                             1.50       1.50
  clock uncertainty                                       0.30       1.80
  U3_cpu/U1_datapath/U1_sfr/U_port2/p2_out_reg_4_/CK (SDFFSX1)       1.80 r
  library removal time                                    0.11       1.91
  data required time                                                 1.91
  ------------------------------------------------------------------------------
  data required time                                                 1.91
  data arrival time                                                 -1.31
  ------------------------------------------------------------------------------
  slack (VIOLATED)                                                  -0.61


  Startpoint: test_mode (input port)
  Endpoint: U3_cpu/U1_datapath/U1_sfr/U_port2/p2_out_reg_5_
               (removal check against rising-edge clock clk)
  Path Group: **async_default**
  Path Type: min

  Point                                                   Incr       Path
  ------------------------------------------------------------------------------
  clock (input port clock) (rise edge)                    0.00       0.00
  clock network delay (ideal)                             0.00       0.00
  input external delay                                    0.00       0.00 f
  test_mode (in)                                          0.00       0.00 f
  PI_test_mode/C (PDIDGZ)                                 0.30       0.30 f
  test_point_535/U6/Y (MX2X1)                             0.56       0.86 f
  U3_cpu/U1_datapath/U1_sfr/U_port2/U56/Y (INVX1)         0.45       1.31 r
  U3_cpu/U1_datapath/U1_sfr/U_port2/p2_out_reg_5_/SN (SDFFSX1)
                                                          0.00       1.31 r
  data arrival time                                                  1.31

  clock clk (rise edge)                                   0.00       0.00
  clock network delay (ideal)                             1.50       1.50
  clock uncertainty                                       0.30       1.80
  U3_cpu/U1_datapath/U1_sfr/U_port2/p2_out_reg_5_/CK (SDFFSX1)       1.80 r
  library removal time                                    0.11       1.91
  data required time                                                 1.91
  ------------------------------------------------------------------------------
  data required time                                                 1.91
  data arrival time                                                 -1.31
  ------------------------------------------------------------------------------
  slack (VIOLATED)                                                  -0.61


  Startpoint: test_mode (input port)
  Endpoint: U3_cpu/U1_datapath/U1_sfr/U_port2/p2_out_reg_6_
               (removal check against rising-edge clock clk)
  Path Group: **async_default**
  Path Type: min

  Point                                                   Incr       Path
  ------------------------------------------------------------------------------
  clock (input port clock) (rise edge)                    0.00       0.00
  clock network delay (ideal)                             0.00       0.00
  input external delay                                    0.00       0.00 f
  test_mode (in)                                          0.00       0.00 f
  PI_test_mode/C (PDIDGZ)                                 0.30       0.30 f
  test_point_535/U6/Y (MX2X1)                             0.56       0.86 f
  U3_cpu/U1_datapath/U1_sfr/U_port2/U56/Y (INVX1)         0.45       1.31 r
  U3_cpu/U1_datapath/U1_sfr/U_port2/p2_out_reg_6_/SN (SDFFSX1)
                                                          0.00       1.31 r
  data arrival time                                                  1.31

  clock clk (rise edge)                                   0.00       0.00
  clock network delay (ideal)                             1.50       1.50
  clock uncertainty                                       0.30       1.80
  U3_cpu/U1_datapath/U1_sfr/U_port2/p2_out_reg_6_/CK (SDFFSX1)       1.80 r
  library removal time                                    0.11       1.91
  data required time                                                 1.91
  ------------------------------------------------------------------------------
  data required time                                                 1.91
  data arrival time                                                 -1.31
  ------------------------------------------------------------------------------
  slack (VIOLATED)                                                  -0.61


  Startpoint: test_mode (input port)
  Endpoint: U3_cpu/U1_datapath/U1_sfr/U_port2/p2_out_reg_7_
               (removal check against rising-edge clock clk)
  Path Group: **async_default**
  Path Type: min

  Point                                                   Incr       Path
  ------------------------------------------------------------------------------
  clock (input port clock) (rise edge)                    0.00       0.00
  clock network delay (ideal)                             0.00       0.00
  input external delay                                    0.00       0.00 f
  test_mode (in)                                          0.00       0.00 f
  PI_test_mode/C (PDIDGZ)                                 0.30       0.30 f
  test_point_535/U6/Y (MX2X1)                             0.56       0.86 f
  U3_cpu/U1_datapath/U1_sfr/U_port2/U56/Y (INVX1)         0.45       1.31 r
  U3_cpu/U1_datapath/U1_sfr/U_port2/p2_out_reg_7_/SN (SDFFSX1)
                                                          0.00       1.31 r
  data arrival time                                                  1.31

  clock clk (rise edge)                                   0.00       0.00
  clock network delay (ideal)                             1.50       1.50
  clock uncertainty                                       0.30       1.80
  U3_cpu/U1_datapath/U1_sfr/U_port2/p2_out_reg_7_/CK (SDFFSX1)       1.80 r
  library removal time                                    0.11       1.91
  data required time                                                 1.91
  ------------------------------------------------------------------------------
  data required time                                                 1.91
  data arrival time                                                 -1.31
  ------------------------------------------------------------------------------
  slack (VIOLATED)                                                  -0.61


  Startpoint: test_mode (input port)
  Endpoint: U3_cpu/U1_datapath/U1_sfr/U_port3/p3_out_reg_0_
               (removal check against rising-edge clock clk)
  Path Group: **async_default**
  Path Type: min

  Point                                                   Incr       Path
  ------------------------------------------------------------------------------
  clock (input port clock) (rise edge)                    0.00       0.00
  clock network delay (ideal)                             0.00       0.00
  input external delay                                    0.00       0.00 f
  test_mode (in)                                          0.00       0.00 f
  PI_test_mode/C (PDIDGZ)                                 0.30       0.30 f
  test_point_535/U6/Y (MX2X1)                             0.56       0.86 f
  U3_cpu/U1_datapath/U1_sfr/U_port3/U58/Y (INVX1)         0.45       1.31 r
  U3_cpu/U1_datapath/U1_sfr/U_port3/p3_out_reg_0_/SN (SDFFSX1)
                                                          0.00       1.31 r
  data arrival time                                                  1.31

  clock clk (rise edge)                                   0.00       0.00
  clock network delay (ideal)                             1.50       1.50
  clock uncertainty                                       0.30       1.80
  U3_cpu/U1_datapath/U1_sfr/U_port3/p3_out_reg_0_/CK (SDFFSX1)       1.80 r
  library removal time                                    0.11       1.91
  data required time                                                 1.91
  ------------------------------------------------------------------------------
  data required time                                                 1.91
  data arrival time                                                 -1.31
  ------------------------------------------------------------------------------
  slack (VIOLATED)                                                  -0.61


  Startpoint: test_mode (input port)
  Endpoint: U3_cpu/U1_datapath/U1_sfr/U_port3/p3_out_reg_1_
               (removal check against rising-edge clock clk)
  Path Group: **async_default**
  Path Type: min

  Point                                                   Incr       Path
  ------------------------------------------------------------------------------
  clock (input port clock) (rise edge)                    0.00       0.00
  clock network delay (ideal)                             0.00       0.00
  input external delay                                    0.00       0.00 f
  test_mode (in)                                          0.00       0.00 f
  PI_test_mode/C (PDIDGZ)                                 0.30       0.30 f
  test_point_535/U6/Y (MX2X1)                             0.56       0.86 f
  U3_cpu/U1_datapath/U1_sfr/U_port3/U58/Y (INVX1)         0.45       1.31 r
  U3_cpu/U1_datapath/U1_sfr/U_port3/p3_out_reg_1_/SN (SDFFSX1)
                                                          0.00       1.31 r
  data arrival time                                                  1.31

  clock clk (rise edge)                                   0.00       0.00
  clock network delay (ideal)                             1.50       1.50
  clock uncertainty                                       0.30       1.80
  U3_cpu/U1_datapath/U1_sfr/U_port3/p3_out_reg_1_/CK (SDFFSX1)       1.80 r
  library removal time                                    0.11       1.91
  data required time                                                 1.91
  ------------------------------------------------------------------------------
  data required time                                                 1.91
  data arrival time                                                 -1.31
  ------------------------------------------------------------------------------
  slack (VIOLATED)                                                  -0.61


  Startpoint: test_mode (input port)
  Endpoint: U3_cpu/U1_datapath/U1_sfr/U_port3/p3_out_reg_2_
               (removal check against rising-edge clock clk)
  Path Group: **async_default**
  Path Type: min

  Point                                                   Incr       Path
  ------------------------------------------------------------------------------
  clock (input port clock) (rise edge)                    0.00       0.00
  clock network delay (ideal)                             0.00       0.00
  input external delay                                    0.00       0.00 f
  test_mode (in)                                          0.00       0.00 f
  PI_test_mode/C (PDIDGZ)                                 0.30       0.30 f
  test_point_535/U6/Y (MX2X1)                             0.56       0.86 f
  U3_cpu/U1_datapath/U1_sfr/U_port3/U58/Y (INVX1)         0.45       1.31 r
  U3_cpu/U1_datapath/U1_sfr/U_port3/p3_out_reg_2_/SN (SDFFSX1)
                                                          0.00       1.31 r
  data arrival time                                                  1.31

  clock clk (rise edge)                                   0.00       0.00
  clock network delay (ideal)                             1.50       1.50
  clock uncertainty                                       0.30       1.80
  U3_cpu/U1_datapath/U1_sfr/U_port3/p3_out_reg_2_/CK (SDFFSX1)       1.80 r
  library removal time                                    0.11       1.91
  data required time                                                 1.91
  ------------------------------------------------------------------------------
  data required time                                                 1.91
  data arrival time                                                 -1.31
  ------------------------------------------------------------------------------
  slack (VIOLATED)                                                  -0.61


  Startpoint: test_mode (input port)
  Endpoint: U3_cpu/U1_datapath/U1_sfr/U_port3/p3_out_reg_3_
               (removal check against rising-edge clock clk)
  Path Group: **async_default**
  Path Type: min

  Point                                                   Incr       Path
  ------------------------------------------------------------------------------
  clock (input port clock) (rise edge)                    0.00       0.00
  clock network delay (ideal)                             0.00       0.00
  input external delay                                    0.00       0.00 f
  test_mode (in)                                          0.00       0.00 f
  PI_test_mode/C (PDIDGZ)                                 0.30       0.30 f
  test_point_535/U6/Y (MX2X1)                             0.56       0.86 f
  U3_cpu/U1_datapath/U1_sfr/U_port3/U58/Y (INVX1)         0.45       1.31 r
  U3_cpu/U1_datapath/U1_sfr/U_port3/p3_out_reg_3_/SN (SDFFSX1)
                                                          0.00       1.31 r
  data arrival time                                                  1.31

  clock clk (rise edge)                                   0.00       0.00
  clock network delay (ideal)                             1.50       1.50
  clock uncertainty                                       0.30       1.80
  U3_cpu/U1_datapath/U1_sfr/U_port3/p3_out_reg_3_/CK (SDFFSX1)       1.80 r
  library removal time                                    0.11       1.91
  data required time                                                 1.91
  ------------------------------------------------------------------------------
  data required time                                                 1.91
  data arrival time                                                 -1.31
  ------------------------------------------------------------------------------
  slack (VIOLATED)                                                  -0.61


  Startpoint: test_mode (input port)
  Endpoint: U3_cpu/U1_datapath/U1_sfr/U_port3/p3_out_reg_4_
               (removal check against rising-edge clock clk)
  Path Group: **async_default**
  Path Type: min

  Point                                                   Incr       Path
  ------------------------------------------------------------------------------
  clock (input port clock) (rise edge)                    0.00       0.00
  clock network delay (ideal)                             0.00       0.00
  input external delay                                    0.00       0.00 f
  test_mode (in)                                          0.00       0.00 f
  PI_test_mode/C (PDIDGZ)                                 0.30       0.30 f
  test_point_535/U6/Y (MX2X1)                             0.56       0.86 f
  U3_cpu/U1_datapath/U1_sfr/U_port3/U58/Y (INVX1)         0.45       1.31 r
  U3_cpu/U1_datapath/U1_sfr/U_port3/p3_out_reg_4_/SN (SDFFSX1)
                                                          0.00       1.31 r
  data arrival time                                                  1.31

  clock clk (rise edge)                                   0.00       0.00
  clock network delay (ideal)                             1.50       1.50
  clock uncertainty                                       0.30       1.80
  U3_cpu/U1_datapath/U1_sfr/U_port3/p3_out_reg_4_/CK (SDFFSX1)       1.80 r
  library removal time                                    0.11       1.91
  data required time                                                 1.91
  ------------------------------------------------------------------------------
  data required time                                                 1.91
  data arrival time                                                 -1.31
  ------------------------------------------------------------------------------
  slack (VIOLATED)                                                  -0.61


  Startpoint: test_mode (input port)
  Endpoint: U3_cpu/U1_datapath/U1_sfr/U_port3/p3_out_reg_5_
               (removal check against rising-edge clock clk)
  Path Group: **async_default**
  Path Type: min

  Point                                                   Incr       Path
  ------------------------------------------------------------------------------
  clock (input port clock) (rise edge)                    0.00       0.00
  clock network delay (ideal)                             0.00       0.00
  input external delay                                    0.00       0.00 f
  test_mode (in)                                          0.00       0.00 f
  PI_test_mode/C (PDIDGZ)                                 0.30       0.30 f
  test_point_535/U6/Y (MX2X1)                             0.56       0.86 f
  U3_cpu/U1_datapath/U1_sfr/U_port3/U58/Y (INVX1)         0.45       1.31 r
  U3_cpu/U1_datapath/U1_sfr/U_port3/p3_out_reg_5_/SN (SDFFSX1)
                                                          0.00       1.31 r
  data arrival time                                                  1.31

  clock clk (rise edge)                                   0.00       0.00
  clock network delay (ideal)                             1.50       1.50
  clock uncertainty                                       0.30       1.80
  U3_cpu/U1_datapath/U1_sfr/U_port3/p3_out_reg_5_/CK (SDFFSX1)       1.80 r
  library removal time                                    0.11       1.91
  data required time                                                 1.91
  ------------------------------------------------------------------------------
  data required time                                                 1.91
  data arrival time                                                 -1.31
  ------------------------------------------------------------------------------
  slack (VIOLATED)                                                  -0.61


  Startpoint: test_mode (input port)
  Endpoint: U3_cpu/U1_datapath/U1_sfr/U_port3/p3_out_reg_6_
               (removal check against rising-edge clock clk)
  Path Group: **async_default**
  Path Type: min

  Point                                                   Incr       Path
  ------------------------------------------------------------------------------
  clock (input port clock) (rise edge)                    0.00       0.00
  clock network delay (ideal)                             0.00       0.00
  input external delay                                    0.00       0.00 f
  test_mode (in)                                          0.00       0.00 f
  PI_test_mode/C (PDIDGZ)                                 0.30       0.30 f
  test_point_535/U6/Y (MX2X1)                             0.56       0.86 f
  U3_cpu/U1_datapath/U1_sfr/U_port3/U58/Y (INVX1)         0.45       1.31 r
  U3_cpu/U1_datapath/U1_sfr/U_port3/p3_out_reg_6_/SN (SDFFSX1)
                                                          0.00       1.31 r
  data arrival time                                                  1.31

  clock clk (rise edge)                                   0.00       0.00
  clock network delay (ideal)                             1.50       1.50
  clock uncertainty                                       0.30       1.80
  U3_cpu/U1_datapath/U1_sfr/U_port3/p3_out_reg_6_/CK (SDFFSX1)       1.80 r
  library removal time                                    0.11       1.91
  data required time                                                 1.91
  ------------------------------------------------------------------------------
  data required time                                                 1.91
  data arrival time                                                 -1.31
  ------------------------------------------------------------------------------
  slack (VIOLATED)                                                  -0.61


  Startpoint: test_mode (input port)
  Endpoint: U3_cpu/U1_datapath/U1_sfr/U_port3/p3_out_reg_7_
               (removal check against rising-edge clock clk)
  Path Group: **async_default**
  Path Type: min

  Point                                                   Incr       Path
  ------------------------------------------------------------------------------
  clock (input port clock) (rise edge)                    0.00       0.00
  clock network delay (ideal)                             0.00       0.00
  input external delay                                    0.00       0.00 f
  test_mode (in)                                          0.00       0.00 f
  PI_test_mode/C (PDIDGZ)                                 0.30       0.30 f
  test_point_535/U6/Y (MX2X1)                             0.56       0.86 f
  U3_cpu/U1_datapath/U1_sfr/U_port3/U58/Y (INVX1)         0.45       1.31 r
  U3_cpu/U1_datapath/U1_sfr/U_port3/p3_out_reg_7_/SN (SDFFSX1)
                                                          0.00       1.31 r
  data arrival time                                                  1.31

  clock clk (rise edge)                                   0.00       0.00
  clock network delay (ideal)                             1.50       1.50
  clock uncertainty                                       0.30       1.80
  U3_cpu/U1_datapath/U1_sfr/U_port3/p3_out_reg_7_/CK (SDFFSX1)       1.80 r
  library removal time                                    0.11       1.91
  data required time                                                 1.91
  ------------------------------------------------------------------------------
  data required time                                                 1.91
  data arrival time                                                 -1.31
  ------------------------------------------------------------------------------
  slack (VIOLATED)                                                  -0.61


  Startpoint: test_mode (input port)
  Endpoint: U3_cpu/U1_datapath/U1_sfr/U1_dimod/out_dimod_reg_0_
               (removal check against rising-edge clock clk)
  Path Group: **async_default**
  Path Type: min

  Point                                                   Incr       Path
  ------------------------------------------------------------------------------
  clock (input port clock) (rise edge)                    0.00       0.00
  clock network delay (ideal)                             0.00       0.00
  input external delay                                    0.00       0.00 f
  test_mode (in)                                          0.00       0.00 f
  PI_test_mode/C (PDIDGZ)                                 0.30       0.30 f
  test_point_535/U6/Y (MX2X1)                             0.56       0.86 f
  U3_cpu/U1_datapath/U1_sfr/U1_dimod/U30/Y (INVX1)        0.40       1.26 r
  U3_cpu/U1_datapath/U1_sfr/U1_dimod/out_dimod_reg_0_/RN (SDFFSRX2)
                                                          0.00       1.26 r
  data arrival time                                                  1.26

  clock clk (rise edge)                                   0.00       0.00
  clock network delay (ideal)                             1.50       1.50
  clock uncertainty                                       0.30       1.80
  U3_cpu/U1_datapath/U1_sfr/U1_dimod/out_dimod_reg_0_/CK (SDFFSRX2)
                                                                     1.80 r
  library removal time                                   -0.03       1.77
  data required time                                                 1.77
  ------------------------------------------------------------------------------
  data required time                                                 1.77
  data arrival time                                                 -1.26
  ------------------------------------------------------------------------------
  slack (VIOLATED)                                                  -0.51


  Startpoint: test_mode (input port)
  Endpoint: U3_cpu/U1_datapath/U1_sfr/U1_dimod/out_dimod_reg_1_
               (removal check against rising-edge clock clk)
  Path Group: **async_default**
  Path Type: min

  Point                                                   Incr       Path
  ------------------------------------------------------------------------------
  clock (input port clock) (rise edge)                    0.00       0.00
  clock network delay (ideal)                             0.00       0.00
  input external delay                                    0.00       0.00 f
  test_mode (in)                                          0.00       0.00 f
  PI_test_mode/C (PDIDGZ)                                 0.30       0.30 f
  test_point_535/U6/Y (MX2X1)                             0.56       0.86 f
  U3_cpu/U1_datapath/U1_sfr/U1_dimod/U30/Y (INVX1)        0.40       1.26 r
  U3_cpu/U1_datapath/U1_sfr/U1_dimod/out_dimod_reg_1_/RN (SDFFSRX2)
                                                          0.00       1.26 r
  data arrival time                                                  1.26

  clock clk (rise edge)                                   0.00       0.00
  clock network delay (ideal)                             1.50       1.50
  clock uncertainty                                       0.30       1.80
  U3_cpu/U1_datapath/U1_sfr/U1_dimod/out_dimod_reg_1_/CK (SDFFSRX2)
                                                                     1.80 r
  library removal time                                   -0.03       1.77
  data required time                                                 1.77
  ------------------------------------------------------------------------------
  data required time                                                 1.77
  data arrival time                                                 -1.26
  ------------------------------------------------------------------------------
  slack (VIOLATED)                                                  -0.51


  Startpoint: test_mode (input port)
  Endpoint: U3_cpu/U1_datapath/U1_sfr/U1_dimod/out_dimod_reg_2_
               (removal check against rising-edge clock clk)
  Path Group: **async_default**
  Path Type: min

  Point                                                   Incr       Path
  ------------------------------------------------------------------------------
  clock (input port clock) (rise edge)                    0.00       0.00
  clock network delay (ideal)                             0.00       0.00
  input external delay                                    0.00       0.00 f
  test_mode (in)                                          0.00       0.00 f
  PI_test_mode/C (PDIDGZ)                                 0.30       0.30 f
  test_point_535/U6/Y (MX2X1)                             0.56       0.86 f
  U3_cpu/U1_datapath/U1_sfr/U1_dimod/U30/Y (INVX1)        0.40       1.26 r
  U3_cpu/U1_datapath/U1_sfr/U1_dimod/out_dimod_reg_2_/RN (SDFFSRX2)
                                                          0.00       1.26 r
  data arrival time                                                  1.26

  clock clk (rise edge)                                   0.00       0.00
  clock network delay (ideal)                             1.50       1.50
  clock uncertainty                                       0.30       1.80
  U3_cpu/U1_datapath/U1_sfr/U1_dimod/out_dimod_reg_2_/CK (SDFFSRX2)
                                                                     1.80 r
  library removal time                                   -0.03       1.77
  data required time                                                 1.77
  ------------------------------------------------------------------------------
  data required time                                                 1.77
  data arrival time                                                 -1.26
  ------------------------------------------------------------------------------
  slack (VIOLATED)                                                  -0.51


  Startpoint: test_mode (input port)
  Endpoint: U3_cpu/U1_datapath/U1_sfr/U1_dimod/out_dimod_reg_3_
               (removal check against rising-edge clock clk)
  Path Group: **async_default**
  Path Type: min

  Point                                                   Incr       Path
  ------------------------------------------------------------------------------
  clock (input port clock) (rise edge)                    0.00       0.00
  clock network delay (ideal)                             0.00       0.00
  input external delay                                    0.00       0.00 f
  test_mode (in)                                          0.00       0.00 f
  PI_test_mode/C (PDIDGZ)                                 0.30       0.30 f
  test_point_535/U6/Y (MX2X1)                             0.56       0.86 f
  U3_cpu/U1_datapath/U1_sfr/U1_dimod/U30/Y (INVX1)        0.40       1.26 r
  U3_cpu/U1_datapath/U1_sfr/U1_dimod/out_dimod_reg_3_/RN (SDFFSRX2)
                                                          0.00       1.26 r
  data arrival time                                                  1.26

  clock clk (rise edge)                                   0.00       0.00
  clock network delay (ideal)                             1.50       1.50
  clock uncertainty                                       0.30       1.80
  U3_cpu/U1_datapath/U1_sfr/U1_dimod/out_dimod_reg_3_/CK (SDFFSRX2)
                                                                     1.80 r
  library removal time                                   -0.03       1.77
  data required time                                                 1.77
  ------------------------------------------------------------------------------
  data required time                                                 1.77
  data arrival time                                                 -1.26
  ------------------------------------------------------------------------------
  slack (VIOLATED)                                                  -0.51


  Startpoint: test_mode (input port)
  Endpoint: U3_cpu/U1_datapath/U1_sfr/U1_dimod/out_dimod_reg_4_
               (removal check against rising-edge clock clk)
  Path Group: **async_default**
  Path Type: min

  Point                                                   Incr       Path
  ------------------------------------------------------------------------------
  clock (input port clock) (rise edge)                    0.00       0.00
  clock network delay (ideal)                             0.00       0.00
  input external delay                                    0.00       0.00 f
  test_mode (in)                                          0.00       0.00 f
  PI_test_mode/C (PDIDGZ)                                 0.30       0.30 f
  test_point_535/U6/Y (MX2X1)                             0.56       0.86 f
  U3_cpu/U1_datapath/U1_sfr/U1_dimod/U30/Y (INVX1)        0.40       1.26 r
  U3_cpu/U1_datapath/U1_sfr/U1_dimod/out_dimod_reg_4_/RN (SDFFSRX2)
                                                          0.00       1.26 r
  data arrival time                                                  1.26

  clock clk (rise edge)                                   0.00       0.00
  clock network delay (ideal)                             1.50       1.50
  clock uncertainty                                       0.30       1.80
  U3_cpu/U1_datapath/U1_sfr/U1_dimod/out_dimod_reg_4_/CK (SDFFSRX2)
                                                                     1.80 r
  library removal time                                   -0.03       1.77
  data required time                                                 1.77
  ------------------------------------------------------------------------------
  data required time                                                 1.77
  data arrival time                                                 -1.26
  ------------------------------------------------------------------------------
  slack (VIOLATED)                                                  -0.51


  Startpoint: test_mode (input port)
  Endpoint: U3_cpu/U1_datapath/U1_sfr/U1_dimod/out_dimod_reg_5_
               (removal check against rising-edge clock clk)
  Path Group: **async_default**
  Path Type: min

  Point                                                   Incr       Path
  ------------------------------------------------------------------------------
  clock (input port clock) (rise edge)                    0.00       0.00
  clock network delay (ideal)                             0.00       0.00
  input external delay                                    0.00       0.00 f
  test_mode (in)                                          0.00       0.00 f
  PI_test_mode/C (PDIDGZ)                                 0.30       0.30 f
  test_point_535/U6/Y (MX2X1)                             0.56       0.86 f
  U3_cpu/U1_datapath/U1_sfr/U1_dimod/U30/Y (INVX1)        0.40       1.26 r
  U3_cpu/U1_datapath/U1_sfr/U1_dimod/out_dimod_reg_5_/RN (SDFFSRX2)
                                                          0.00       1.26 r
  data arrival time                                                  1.26

  clock clk (rise edge)                                   0.00       0.00
  clock network delay (ideal)                             1.50       1.50
  clock uncertainty                                       0.30       1.80
  U3_cpu/U1_datapath/U1_sfr/U1_dimod/out_dimod_reg_5_/CK (SDFFSRX2)
                                                                     1.80 r
  library removal time                                   -0.03       1.77
  data required time                                                 1.77
  ------------------------------------------------------------------------------
  data required time                                                 1.77
  data arrival time                                                 -1.26
  ------------------------------------------------------------------------------
  slack (VIOLATED)                                                  -0.51


  Startpoint: test_mode (input port)
  Endpoint: U3_cpu/U1_datapath/U1_sfr/U1_dimod/out_dimod_reg_6_
               (removal check against rising-edge clock clk)
  Path Group: **async_default**
  Path Type: min

  Point                                                   Incr       Path
  ------------------------------------------------------------------------------
  clock (input port clock) (rise edge)                    0.00       0.00
  clock network delay (ideal)                             0.00       0.00
  input external delay                                    0.00       0.00 f
  test_mode (in)                                          0.00       0.00 f
  PI_test_mode/C (PDIDGZ)                                 0.30       0.30 f
  test_point_535/U6/Y (MX2X1)                             0.56       0.86 f
  U3_cpu/U1_datapath/U1_sfr/U1_dimod/U30/Y (INVX1)        0.40       1.26 r
  U3_cpu/U1_datapath/U1_sfr/U1_dimod/out_dimod_reg_6_/RN (SDFFSRX2)
                                                          0.00       1.26 r
  data arrival time                                                  1.26

  clock clk (rise edge)                                   0.00       0.00
  clock network delay (ideal)                             1.50       1.50
  clock uncertainty                                       0.30       1.80
  U3_cpu/U1_datapath/U1_sfr/U1_dimod/out_dimod_reg_6_/CK (SDFFSRX2)
                                                                     1.80 r
  library removal time                                   -0.03       1.77
  data required time                                                 1.77
  ------------------------------------------------------------------------------
  data required time                                                 1.77
  data arrival time                                                 -1.26
  ------------------------------------------------------------------------------
  slack (VIOLATED)                                                  -0.51


  Startpoint: test_mode (input port)
  Endpoint: U3_cpu/U1_datapath/U1_sfr/U1_dimod/out_dimod_reg_7_
               (removal check against rising-edge clock clk)
  Path Group: **async_default**
  Path Type: min

  Point                                                   Incr       Path
  ------------------------------------------------------------------------------
  clock (input port clock) (rise edge)                    0.00       0.00
  clock network delay (ideal)                             0.00       0.00
  input external delay                                    0.00       0.00 f
  test_mode (in)                                          0.00       0.00 f
  PI_test_mode/C (PDIDGZ)                                 0.30       0.30 f
  test_point_535/U6/Y (MX2X1)                             0.56       0.86 f
  U3_cpu/U1_datapath/U1_sfr/U1_dimod/U30/Y (INVX1)        0.40       1.26 r
  U3_cpu/U1_datapath/U1_sfr/U1_dimod/out_dimod_reg_7_/RN (SDFFSRX2)
                                                          0.00       1.26 r
  data arrival time                                                  1.26

  clock clk (rise edge)                                   0.00       0.00
  clock network delay (ideal)                             1.50       1.50
  clock uncertainty                                       0.30       1.80
  U3_cpu/U1_datapath/U1_sfr/U1_dimod/out_dimod_reg_7_/CK (SDFFSRX2)
                                                                     1.80 r
  library removal time                                   -0.03       1.77
  data required time                                                 1.77
  ------------------------------------------------------------------------------
  data required time                                                 1.77
  data arrival time                                                 -1.26
  ------------------------------------------------------------------------------
  slack (VIOLATED)                                                  -0.51


  Startpoint: test_mode (input port)
  Endpoint: U3_cpu/U1_datapath/U1_sfr/U_ie/out_ie_reg_0_
               (removal check against rising-edge clock clk)
  Path Group: **async_default**
  Path Type: min

  Point                                                   Incr       Path
  ------------------------------------------------------------------------------
  clock (input port clock) (rise edge)                    0.00       0.00
  clock network delay (ideal)                             0.00       0.00
  input external delay                                    0.00       0.00 f
  test_mode (in)                                          0.00       0.00 f
  PI_test_mode/C (PDIDGZ)                                 0.30       0.30 f
  test_point_535/U6/Y (MX2X1)                             0.56       0.86 f
  U3_cpu/U1_datapath/U1_sfr/U_ie/U30/Y (INVX1)            0.40       1.26 r
  U3_cpu/U1_datapath/U1_sfr/U_ie/out_ie_reg_0_/RN (SDFFSRX2)
                                                          0.00       1.26 r
  data arrival time                                                  1.26

  clock clk (rise edge)                                   0.00       0.00
  clock network delay (ideal)                             1.50       1.50
  clock uncertainty                                       0.30       1.80
  U3_cpu/U1_datapath/U1_sfr/U_ie/out_ie_reg_0_/CK (SDFFSRX2)         1.80 r
  library removal time                                   -0.03       1.77
  data required time                                                 1.77
  ------------------------------------------------------------------------------
  data required time                                                 1.77
  data arrival time                                                 -1.26
  ------------------------------------------------------------------------------
  slack (VIOLATED)                                                  -0.51


  Startpoint: test_mode (input port)
  Endpoint: U3_cpu/U1_datapath/U1_sfr/U_ie/out_ie_reg_1_
               (removal check against rising-edge clock clk)
  Path Group: **async_default**
  Path Type: min

  Point                                                   Incr       Path
  ------------------------------------------------------------------------------
  clock (input port clock) (rise edge)                    0.00       0.00
  clock network delay (ideal)                             0.00       0.00
  input external delay                                    0.00       0.00 f
  test_mode (in)                                          0.00       0.00 f
  PI_test_mode/C (PDIDGZ)                                 0.30       0.30 f
  test_point_535/U6/Y (MX2X1)                             0.56       0.86 f
  U3_cpu/U1_datapath/U1_sfr/U_ie/U30/Y (INVX1)            0.40       1.26 r
  U3_cpu/U1_datapath/U1_sfr/U_ie/out_ie_reg_1_/RN (SDFFSRX2)
                                                          0.00       1.26 r
  data arrival time                                                  1.26

  clock clk (rise edge)                                   0.00       0.00
  clock network delay (ideal)                             1.50       1.50
  clock uncertainty                                       0.30       1.80
  U3_cpu/U1_datapath/U1_sfr/U_ie/out_ie_reg_1_/CK (SDFFSRX2)         1.80 r
  library removal time                                   -0.03       1.77
  data required time                                                 1.77
  ------------------------------------------------------------------------------
  data required time                                                 1.77
  data arrival time                                                 -1.26
  ------------------------------------------------------------------------------
  slack (VIOLATED)                                                  -0.51


  Startpoint: test_mode (input port)
  Endpoint: U3_cpu/U1_datapath/U1_sfr/U_ie/out_ie_reg_2_
               (removal check against rising-edge clock clk)
  Path Group: **async_default**
  Path Type: min

  Point                                                   Incr       Path
  ------------------------------------------------------------------------------
  clock (input port clock) (rise edge)                    0.00       0.00
  clock network delay (ideal)                             0.00       0.00
  input external delay                                    0.00       0.00 f
  test_mode (in)                                          0.00       0.00 f
  PI_test_mode/C (PDIDGZ)                                 0.30       0.30 f
  test_point_535/U6/Y (MX2X1)                             0.56       0.86 f
  U3_cpu/U1_datapath/U1_sfr/U_ie/U30/Y (INVX1)            0.40       1.26 r
  U3_cpu/U1_datapath/U1_sfr/U_ie/out_ie_reg_2_/RN (SDFFSRX2)
                                                          0.00       1.26 r
  data arrival time                                                  1.26

  clock clk (rise edge)                                   0.00       0.00
  clock network delay (ideal)                             1.50       1.50
  clock uncertainty                                       0.30       1.80
  U3_cpu/U1_datapath/U1_sfr/U_ie/out_ie_reg_2_/CK (SDFFSRX2)         1.80 r
  library removal time                                   -0.03       1.77
  data required time                                                 1.77
  ------------------------------------------------------------------------------
  data required time                                                 1.77
  data arrival time                                                 -1.26
  ------------------------------------------------------------------------------
  slack (VIOLATED)                                                  -0.51


  Startpoint: test_mode (input port)
  Endpoint: U3_cpu/U1_datapath/U1_sfr/U_ie/out_ie_reg_3_
               (removal check against rising-edge clock clk)
  Path Group: **async_default**
  Path Type: min

  Point                                                   Incr       Path
  ------------------------------------------------------------------------------
  clock (input port clock) (rise edge)                    0.00       0.00
  clock network delay (ideal)                             0.00       0.00
  input external delay                                    0.00       0.00 f
  test_mode (in)                                          0.00       0.00 f
  PI_test_mode/C (PDIDGZ)                                 0.30       0.30 f
  test_point_535/U6/Y (MX2X1)                             0.56       0.86 f
  U3_cpu/U1_datapath/U1_sfr/U_ie/U30/Y (INVX1)            0.40       1.26 r
  U3_cpu/U1_datapath/U1_sfr/U_ie/out_ie_reg_3_/RN (SDFFSRX2)
                                                          0.00       1.26 r
  data arrival time                                                  1.26

  clock clk (rise edge)                                   0.00       0.00
  clock network delay (ideal)                             1.50       1.50
  clock uncertainty                                       0.30       1.80
  U3_cpu/U1_datapath/U1_sfr/U_ie/out_ie_reg_3_/CK (SDFFSRX2)         1.80 r
  library removal time                                   -0.03       1.77
  data required time                                                 1.77
  ------------------------------------------------------------------------------
  data required time                                                 1.77
  data arrival time                                                 -1.26
  ------------------------------------------------------------------------------
  slack (VIOLATED)                                                  -0.51


  Startpoint: test_mode (input port)
  Endpoint: U3_cpu/U1_datapath/U1_sfr/U_ie/out_ie_reg_4_
               (removal check against rising-edge clock clk)
  Path Group: **async_default**
  Path Type: min

  Point                                                   Incr       Path
  ------------------------------------------------------------------------------
  clock (input port clock) (rise edge)                    0.00       0.00
  clock network delay (ideal)                             0.00       0.00
  input external delay                                    0.00       0.00 f
  test_mode (in)                                          0.00       0.00 f
  PI_test_mode/C (PDIDGZ)                                 0.30       0.30 f
  test_point_535/U6/Y (MX2X1)                             0.56       0.86 f
  U3_cpu/U1_datapath/U1_sfr/U_ie/U30/Y (INVX1)            0.40       1.26 r
  U3_cpu/U1_datapath/U1_sfr/U_ie/out_ie_reg_4_/RN (SDFFSRX2)
                                                          0.00       1.26 r
  data arrival time                                                  1.26

  clock clk (rise edge)                                   0.00       0.00
  clock network delay (ideal)                             1.50       1.50
  clock uncertainty                                       0.30       1.80
  U3_cpu/U1_datapath/U1_sfr/U_ie/out_ie_reg_4_/CK (SDFFSRX2)         1.80 r
  library removal time                                   -0.03       1.77
  data required time                                                 1.77
  ------------------------------------------------------------------------------
  data required time                                                 1.77
  data arrival time                                                 -1.26
  ------------------------------------------------------------------------------
  slack (VIOLATED)                                                  -0.51


  Startpoint: test_mode (input port)
  Endpoint: U3_cpu/U1_datapath/U1_sfr/U_ie/out_ie_reg_5_
               (removal check against rising-edge clock clk)
  Path Group: **async_default**
  Path Type: min

  Point                                                   Incr       Path
  ------------------------------------------------------------------------------
  clock (input port clock) (rise edge)                    0.00       0.00
  clock network delay (ideal)                             0.00       0.00
  input external delay                                    0.00       0.00 f
  test_mode (in)                                          0.00       0.00 f
  PI_test_mode/C (PDIDGZ)                                 0.30       0.30 f
  test_point_535/U6/Y (MX2X1)                             0.56       0.86 f
  U3_cpu/U1_datapath/U1_sfr/U_ie/U30/Y (INVX1)            0.40       1.26 r
  U3_cpu/U1_datapath/U1_sfr/U_ie/out_ie_reg_5_/RN (SDFFSRX2)
                                                          0.00       1.26 r
  data arrival time                                                  1.26

  clock clk (rise edge)                                   0.00       0.00
  clock network delay (ideal)                             1.50       1.50
  clock uncertainty                                       0.30       1.80
  U3_cpu/U1_datapath/U1_sfr/U_ie/out_ie_reg_5_/CK (SDFFSRX2)         1.80 r
  library removal time                                   -0.03       1.77
  data required time                                                 1.77
  ------------------------------------------------------------------------------
  data required time                                                 1.77
  data arrival time                                                 -1.26
  ------------------------------------------------------------------------------
  slack (VIOLATED)                                                  -0.51


  Startpoint: test_mode (input port)
  Endpoint: U3_cpu/U1_datapath/U1_sfr/U_ie/out_ie_reg_6_
               (removal check against rising-edge clock clk)
  Path Group: **async_default**
  Path Type: min

  Point                                                   Incr       Path
  ------------------------------------------------------------------------------
  clock (input port clock) (rise edge)                    0.00       0.00
  clock network delay (ideal)                             0.00       0.00
  input external delay                                    0.00       0.00 f
  test_mode (in)                                          0.00       0.00 f
  PI_test_mode/C (PDIDGZ)                                 0.30       0.30 f
  test_point_535/U6/Y (MX2X1)                             0.56       0.86 f
  U3_cpu/U1_datapath/U1_sfr/U_ie/U30/Y (INVX1)            0.40       1.26 r
  U3_cpu/U1_datapath/U1_sfr/U_ie/out_ie_reg_6_/RN (SDFFSRX2)
                                                          0.00       1.26 r
  data arrival time                                                  1.26

  clock clk (rise edge)                                   0.00       0.00
  clock network delay (ideal)                             1.50       1.50
  clock uncertainty                                       0.30       1.80
  U3_cpu/U1_datapath/U1_sfr/U_ie/out_ie_reg_6_/CK (SDFFSRX2)         1.80 r
  library removal time                                   -0.03       1.77
  data required time                                                 1.77
  ------------------------------------------------------------------------------
  data required time                                                 1.77
  data arrival time                                                 -1.26
  ------------------------------------------------------------------------------
  slack (VIOLATED)                                                  -0.51


  Startpoint: test_mode (input port)
  Endpoint: U3_cpu/U1_datapath/U1_sfr/U_ie/out_ie_reg_7_
               (removal check against rising-edge clock clk)
  Path Group: **async_default**
  Path Type: min

  Point                                                   Incr       Path
  ------------------------------------------------------------------------------
  clock (input port clock) (rise edge)                    0.00       0.00
  clock network delay (ideal)                             0.00       0.00
  input external delay                                    0.00       0.00 f
  test_mode (in)                                          0.00       0.00 f
  PI_test_mode/C (PDIDGZ)                                 0.30       0.30 f
  test_point_535/U6/Y (MX2X1)                             0.56       0.86 f
  U3_cpu/U1_datapath/U1_sfr/U_ie/U30/Y (INVX1)            0.40       1.26 r
  U3_cpu/U1_datapath/U1_sfr/U_ie/out_ie_reg_7_/RN (SDFFSRX2)
                                                          0.00       1.26 r
  data arrival time                                                  1.26

  clock clk (rise edge)                                   0.00       0.00
  clock network delay (ideal)                             1.50       1.50
  clock uncertainty                                       0.30       1.80
  U3_cpu/U1_datapath/U1_sfr/U_ie/out_ie_reg_7_/CK (SDFFSRX2)         1.80 r
  library removal time                                   -0.03       1.77
  data required time                                                 1.77
  ------------------------------------------------------------------------------
  data required time                                                 1.77
  data arrival time                                                 -1.26
  ------------------------------------------------------------------------------
  slack (VIOLATED)                                                  -0.51


  Startpoint: test_mode (input port)
  Endpoint: U3_cpu/U1_datapath/U1_sfr/U_ip/out_ip_reg_0_
               (removal check against rising-edge clock clk)
  Path Group: **async_default**
  Path Type: min

  Point                                                   Incr       Path
  ------------------------------------------------------------------------------
  clock (input port clock) (rise edge)                    0.00       0.00
  clock network delay (ideal)                             0.00       0.00
  input external delay                                    0.00       0.00 f
  test_mode (in)                                          0.00       0.00 f
  PI_test_mode/C (PDIDGZ)                                 0.30       0.30 f
  test_point_535/U6/Y (MX2X1)                             0.56       0.86 f
  U3_cpu/U1_datapath/U1_sfr/U_ip/U28/Y (INVX1)            0.40       1.26 r
  U3_cpu/U1_datapath/U1_sfr/U_ip/out_ip_reg_0_/RN (SDFFSRX2)
                                                          0.00       1.26 r
  data arrival time                                                  1.26

  clock clk (rise edge)                                   0.00       0.00
  clock network delay (ideal)                             1.50       1.50
  clock uncertainty                                       0.30       1.80
  U3_cpu/U1_datapath/U1_sfr/U_ip/out_ip_reg_0_/CK (SDFFSRX2)         1.80 r
  library removal time                                   -0.03       1.77
  data required time                                                 1.77
  ------------------------------------------------------------------------------
  data required time                                                 1.77
  data arrival time                                                 -1.26
  ------------------------------------------------------------------------------
  slack (VIOLATED)                                                  -0.51


  Startpoint: test_mode (input port)
  Endpoint: U3_cpu/U1_datapath/U1_sfr/U_ip/out_ip_reg_1_
               (removal check against rising-edge clock clk)
  Path Group: **async_default**
  Path Type: min

  Point                                                   Incr       Path
  ------------------------------------------------------------------------------
  clock (input port clock) (rise edge)                    0.00       0.00
  clock network delay (ideal)                             0.00       0.00
  input external delay                                    0.00       0.00 f
  test_mode (in)                                          0.00       0.00 f
  PI_test_mode/C (PDIDGZ)                                 0.30       0.30 f
  test_point_535/U6/Y (MX2X1)                             0.56       0.86 f
  U3_cpu/U1_datapath/U1_sfr/U_ip/U28/Y (INVX1)            0.40       1.26 r
  U3_cpu/U1_datapath/U1_sfr/U_ip/out_ip_reg_1_/RN (SDFFSRX2)
                                                          0.00       1.26 r
  data arrival time                                                  1.26

  clock clk (rise edge)                                   0.00       0.00
  clock network delay (ideal)                             1.50       1.50
  clock uncertainty                                       0.30       1.80
  U3_cpu/U1_datapath/U1_sfr/U_ip/out_ip_reg_1_/CK (SDFFSRX2)         1.80 r
  library removal time                                   -0.03       1.77
  data required time                                                 1.77
  ------------------------------------------------------------------------------
  data required time                                                 1.77
  data arrival time                                                 -1.26
  ------------------------------------------------------------------------------
  slack (VIOLATED)                                                  -0.51


  Startpoint: test_mode (input port)
  Endpoint: U3_cpu/U1_datapath/U1_sfr/U_ip/out_ip_reg_2_
               (removal check against rising-edge clock clk)
  Path Group: **async_default**
  Path Type: min

  Point                                                   Incr       Path
  ------------------------------------------------------------------------------
  clock (input port clock) (rise edge)                    0.00       0.00
  clock network delay (ideal)                             0.00       0.00
  input external delay                                    0.00       0.00 f
  test_mode (in)                                          0.00       0.00 f
  PI_test_mode/C (PDIDGZ)                                 0.30       0.30 f
  test_point_535/U6/Y (MX2X1)                             0.56       0.86 f
  U3_cpu/U1_datapath/U1_sfr/U_ip/U28/Y (INVX1)            0.40       1.26 r
  U3_cpu/U1_datapath/U1_sfr/U_ip/out_ip_reg_2_/RN (SDFFSRX2)
                                                          0.00       1.26 r
  data arrival time                                                  1.26

  clock clk (rise edge)                                   0.00       0.00
  clock network delay (ideal)                             1.50       1.50
  clock uncertainty                                       0.30       1.80
  U3_cpu/U1_datapath/U1_sfr/U_ip/out_ip_reg_2_/CK (SDFFSRX2)         1.80 r
  library removal time                                   -0.03       1.77
  data required time                                                 1.77
  ------------------------------------------------------------------------------
  data required time                                                 1.77
  data arrival time                                                 -1.26
  ------------------------------------------------------------------------------
  slack (VIOLATED)                                                  -0.51


  Startpoint: test_mode (input port)
  Endpoint: U3_cpu/U1_datapath/U1_sfr/U_ip/out_ip_reg_3_
               (removal check against rising-edge clock clk)
  Path Group: **async_default**
  Path Type: min

  Point                                                   Incr       Path
  ------------------------------------------------------------------------------
  clock (input port clock) (rise edge)                    0.00       0.00
  clock network delay (ideal)                             0.00       0.00
  input external delay                                    0.00       0.00 f
  test_mode (in)                                          0.00       0.00 f
  PI_test_mode/C (PDIDGZ)                                 0.30       0.30 f
  test_point_535/U6/Y (MX2X1)                             0.56       0.86 f
  U3_cpu/U1_datapath/U1_sfr/U_ip/U28/Y (INVX1)            0.40       1.26 r
  U3_cpu/U1_datapath/U1_sfr/U_ip/out_ip_reg_3_/RN (SDFFSRX2)
                                                          0.00       1.26 r
  data arrival time                                                  1.26

  clock clk (rise edge)                                   0.00       0.00
  clock network delay (ideal)                             1.50       1.50
  clock uncertainty                                       0.30       1.80
  U3_cpu/U1_datapath/U1_sfr/U_ip/out_ip_reg_3_/CK (SDFFSRX2)         1.80 r
  library removal time                                   -0.03       1.77
  data required time                                                 1.77
  ------------------------------------------------------------------------------
  data required time                                                 1.77
  data arrival time                                                 -1.26
  ------------------------------------------------------------------------------
  slack (VIOLATED)                                                  -0.51


  Startpoint: test_mode (input port)
  Endpoint: U3_cpu/U1_datapath/U1_sfr/U_ip/out_ip_reg_4_
               (removal check against rising-edge clock clk)
  Path Group: **async_default**
  Path Type: min

  Point                                                   Incr       Path
  ------------------------------------------------------------------------------
  clock (input port clock) (rise edge)                    0.00       0.00
  clock network delay (ideal)                             0.00       0.00
  input external delay                                    0.00       0.00 f
  test_mode (in)                                          0.00       0.00 f
  PI_test_mode/C (PDIDGZ)                                 0.30       0.30 f
  test_point_535/U6/Y (MX2X1)                             0.56       0.86 f
  U3_cpu/U1_datapath/U1_sfr/U_ip/U28/Y (INVX1)            0.40       1.26 r
  U3_cpu/U1_datapath/U1_sfr/U_ip/out_ip_reg_4_/RN (SDFFSRX2)
                                                          0.00       1.26 r
  data arrival time                                                  1.26

  clock clk (rise edge)                                   0.00       0.00
  clock network delay (ideal)                             1.50       1.50
  clock uncertainty                                       0.30       1.80
  U3_cpu/U1_datapath/U1_sfr/U_ip/out_ip_reg_4_/CK (SDFFSRX2)         1.80 r
  library removal time                                   -0.03       1.77
  data required time                                                 1.77
  ------------------------------------------------------------------------------
  data required time                                                 1.77
  data arrival time                                                 -1.26
  ------------------------------------------------------------------------------
  slack (VIOLATED)                                                  -0.51


  Startpoint: test_mode (input port)
  Endpoint: U3_cpu/U1_datapath/U1_sfr/U_ip/out_ip_reg_5_
               (removal check against rising-edge clock clk)
  Path Group: **async_default**
  Path Type: min

  Point                                                   Incr       Path
  ------------------------------------------------------------------------------
  clock (input port clock) (rise edge)                    0.00       0.00
  clock network delay (ideal)                             0.00       0.00
  input external delay                                    0.00       0.00 f
  test_mode (in)                                          0.00       0.00 f
  PI_test_mode/C (PDIDGZ)                                 0.30       0.30 f
  test_point_535/U6/Y (MX2X1)                             0.56       0.86 f
  U3_cpu/U1_datapath/U1_sfr/U_ip/U28/Y (INVX1)            0.40       1.26 r
  U3_cpu/U1_datapath/U1_sfr/U_ip/out_ip_reg_5_/RN (SDFFSRX2)
                                                          0.00       1.26 r
  data arrival time                                                  1.26

  clock clk (rise edge)                                   0.00       0.00
  clock network delay (ideal)                             1.50       1.50
  clock uncertainty                                       0.30       1.80
  U3_cpu/U1_datapath/U1_sfr/U_ip/out_ip_reg_5_/CK (SDFFSRX2)         1.80 r
  library removal time                                   -0.03       1.77
  data required time                                                 1.77
  ------------------------------------------------------------------------------
  data required time                                                 1.77
  data arrival time                                                 -1.26
  ------------------------------------------------------------------------------
  slack (VIOLATED)                                                  -0.51


  Startpoint: test_mode (input port)
  Endpoint: U3_cpu/U1_datapath/U1_sfr/U_ip/out_ip_reg_6_
               (removal check against rising-edge clock clk)
  Path Group: **async_default**
  Path Type: min

  Point                                                   Incr       Path
  ------------------------------------------------------------------------------
  clock (input port clock) (rise edge)                    0.00       0.00
  clock network delay (ideal)                             0.00       0.00
  input external delay                                    0.00       0.00 f
  test_mode (in)                                          0.00       0.00 f
  PI_test_mode/C (PDIDGZ)                                 0.30       0.30 f
  test_point_535/U6/Y (MX2X1)                             0.56       0.86 f
  U3_cpu/U1_datapath/U1_sfr/U_ip/U28/Y (INVX1)            0.40       1.26 r
  U3_cpu/U1_datapath/U1_sfr/U_ip/out_ip_reg_6_/RN (SDFFSRX2)
                                                          0.00       1.26 r
  data arrival time                                                  1.26

  clock clk (rise edge)                                   0.00       0.00
  clock network delay (ideal)                             1.50       1.50
  clock uncertainty                                       0.30       1.80
  U3_cpu/U1_datapath/U1_sfr/U_ip/out_ip_reg_6_/CK (SDFFSRX2)         1.80 r
  library removal time                                   -0.03       1.77
  data required time                                                 1.77
  ------------------------------------------------------------------------------
  data required time                                                 1.77
  data arrival time                                                 -1.26
  ------------------------------------------------------------------------------
  slack (VIOLATED)                                                  -0.51


  Startpoint: test_mode (input port)
  Endpoint: U3_cpu/U1_datapath/U1_sfr/U_ip/out_ip_reg_7_
               (removal check against rising-edge clock clk)
  Path Group: **async_default**
  Path Type: min

  Point                                                   Incr       Path
  ------------------------------------------------------------------------------
  clock (input port clock) (rise edge)                    0.00       0.00
  clock network delay (ideal)                             0.00       0.00
  input external delay                                    0.00       0.00 f
  test_mode (in)                                          0.00       0.00 f
  PI_test_mode/C (PDIDGZ)                                 0.30       0.30 f
  test_point_535/U6/Y (MX2X1)                             0.56       0.86 f
  U3_cpu/U1_datapath/U1_sfr/U_ip/U28/Y (INVX1)            0.40       1.26 r
  U3_cpu/U1_datapath/U1_sfr/U_ip/out_ip_reg_7_/RN (SDFFSRX2)
                                                          0.00       1.26 r
  data arrival time                                                  1.26

  clock clk (rise edge)                                   0.00       0.00
  clock network delay (ideal)                             1.50       1.50
  clock uncertainty                                       0.30       1.80
  U3_cpu/U1_datapath/U1_sfr/U_ip/out_ip_reg_7_/CK (SDFFSRX2)         1.80 r
  library removal time                                   -0.03       1.77
  data required time                                                 1.77
  ------------------------------------------------------------------------------
  data required time                                                 1.77
  data arrival time                                                 -1.26
  ------------------------------------------------------------------------------
  slack (VIOLATED)                                                  -0.51


  Startpoint: test_mode (input port)
  Endpoint: U3_cpu/U1_datapath/U1_sfr/U_tmod/out_tmod_reg_0_
               (removal check against rising-edge clock clk)
  Path Group: **async_default**
  Path Type: min

  Point                                                   Incr       Path
  ------------------------------------------------------------------------------
  clock (input port clock) (rise edge)                    0.00       0.00
  clock network delay (ideal)                             0.00       0.00
  input external delay                                    0.00       0.00 f
  test_mode (in)                                          0.00       0.00 f
  PI_test_mode/C (PDIDGZ)                                 0.30       0.30 f
  test_point_535/U6/Y (MX2X1)                             0.56       0.86 f
  U3_cpu/U1_datapath/U1_sfr/U_tmod/U30/Y (INVX1)          0.40       1.26 r
  U3_cpu/U1_datapath/U1_sfr/U_tmod/out_tmod_reg_0_/RN (SDFFSRX2)
                                                          0.00       1.26 r
  data arrival time                                                  1.26

  clock clk (rise edge)                                   0.00       0.00
  clock network delay (ideal)                             1.50       1.50
  clock uncertainty                                       0.30       1.80
  U3_cpu/U1_datapath/U1_sfr/U_tmod/out_tmod_reg_0_/CK (SDFFSRX2)     1.80 r
  library removal time                                   -0.03       1.77
  data required time                                                 1.77
  ------------------------------------------------------------------------------
  data required time                                                 1.77
  data arrival time                                                 -1.26
  ------------------------------------------------------------------------------
  slack (VIOLATED)                                                  -0.51


  Startpoint: test_mode (input port)
  Endpoint: U3_cpu/U1_datapath/U1_sfr/U_tmod/out_tmod_reg_1_
               (removal check against rising-edge clock clk)
  Path Group: **async_default**
  Path Type: min

  Point                                                   Incr       Path
  ------------------------------------------------------------------------------
  clock (input port clock) (rise edge)                    0.00       0.00
  clock network delay (ideal)                             0.00       0.00
  input external delay                                    0.00       0.00 f
  test_mode (in)                                          0.00       0.00 f
  PI_test_mode/C (PDIDGZ)                                 0.30       0.30 f
  test_point_535/U6/Y (MX2X1)                             0.56       0.86 f
  U3_cpu/U1_datapath/U1_sfr/U_tmod/U30/Y (INVX1)          0.40       1.26 r
  U3_cpu/U1_datapath/U1_sfr/U_tmod/out_tmod_reg_1_/RN (SDFFSRX2)
                                                          0.00       1.26 r
  data arrival time                                                  1.26

  clock clk (rise edge)                                   0.00       0.00
  clock network delay (ideal)                             1.50       1.50
  clock uncertainty                                       0.30       1.80
  U3_cpu/U1_datapath/U1_sfr/U_tmod/out_tmod_reg_1_/CK (SDFFSRX2)     1.80 r
  library removal time                                   -0.03       1.77
  data required time                                                 1.77
  ------------------------------------------------------------------------------
  data required time                                                 1.77
  data arrival time                                                 -1.26
  ------------------------------------------------------------------------------
  slack (VIOLATED)                                                  -0.51


  Startpoint: test_mode (input port)
  Endpoint: U3_cpu/U1_datapath/U1_sfr/U_tmod/out_tmod_reg_2_
               (removal check against rising-edge clock clk)
  Path Group: **async_default**
  Path Type: min

  Point                                                   Incr       Path
  ------------------------------------------------------------------------------
  clock (input port clock) (rise edge)                    0.00       0.00
  clock network delay (ideal)                             0.00       0.00
  input external delay                                    0.00       0.00 f
  test_mode (in)                                          0.00       0.00 f
  PI_test_mode/C (PDIDGZ)                                 0.30       0.30 f
  test_point_535/U6/Y (MX2X1)                             0.56       0.86 f
  U3_cpu/U1_datapath/U1_sfr/U_tmod/U30/Y (INVX1)          0.40       1.26 r
  U3_cpu/U1_datapath/U1_sfr/U_tmod/out_tmod_reg_2_/RN (SDFFSRX2)
                                                          0.00       1.26 r
  data arrival time                                                  1.26

  clock clk (rise edge)                                   0.00       0.00
  clock network delay (ideal)                             1.50       1.50
  clock uncertainty                                       0.30       1.80
  U3_cpu/U1_datapath/U1_sfr/U_tmod/out_tmod_reg_2_/CK (SDFFSRX2)     1.80 r
  library removal time                                   -0.03       1.77
  data required time                                                 1.77
  ------------------------------------------------------------------------------
  data required time                                                 1.77
  data arrival time                                                 -1.26
  ------------------------------------------------------------------------------
  slack (VIOLATED)                                                  -0.51


  Startpoint: test_mode (input port)
  Endpoint: U3_cpu/U1_datapath/U1_sfr/U_tmod/out_tmod_reg_3_
               (removal check against rising-edge clock clk)
  Path Group: **async_default**
  Path Type: min

  Point                                                   Incr       Path
  ------------------------------------------------------------------------------
  clock (input port clock) (rise edge)                    0.00       0.00
  clock network delay (ideal)                             0.00       0.00
  input external delay                                    0.00       0.00 f
  test_mode (in)                                          0.00       0.00 f
  PI_test_mode/C (PDIDGZ)                                 0.30       0.30 f
  test_point_535/U6/Y (MX2X1)                             0.56       0.86 f
  U3_cpu/U1_datapath/U1_sfr/U_tmod/U30/Y (INVX1)          0.40       1.26 r
  U3_cpu/U1_datapath/U1_sfr/U_tmod/out_tmod_reg_3_/RN (SDFFSRX2)
                                                          0.00       1.26 r
  data arrival time                                                  1.26

  clock clk (rise edge)                                   0.00       0.00
  clock network delay (ideal)                             1.50       1.50
  clock uncertainty                                       0.30       1.80
  U3_cpu/U1_datapath/U1_sfr/U_tmod/out_tmod_reg_3_/CK (SDFFSRX2)     1.80 r
  library removal time                                   -0.03       1.77
  data required time                                                 1.77
  ------------------------------------------------------------------------------
  data required time                                                 1.77
  data arrival time                                                 -1.26
  ------------------------------------------------------------------------------
  slack (VIOLATED)                                                  -0.51


  Startpoint: test_mode (input port)
  Endpoint: U3_cpu/U1_datapath/U1_sfr/U_tmod/out_tmod_reg_4_
               (removal check against rising-edge clock clk)
  Path Group: **async_default**
  Path Type: min

  Point                                                   Incr       Path
  ------------------------------------------------------------------------------
  clock (input port clock) (rise edge)                    0.00       0.00
  clock network delay (ideal)                             0.00       0.00
  input external delay                                    0.00       0.00 f
  test_mode (in)                                          0.00       0.00 f
  PI_test_mode/C (PDIDGZ)                                 0.30       0.30 f
  test_point_535/U6/Y (MX2X1)                             0.56       0.86 f
  U3_cpu/U1_datapath/U1_sfr/U_tmod/U30/Y (INVX1)          0.40       1.26 r
  U3_cpu/U1_datapath/U1_sfr/U_tmod/out_tmod_reg_4_/RN (SDFFSRX2)
                                                          0.00       1.26 r
  data arrival time                                                  1.26

  clock clk (rise edge)                                   0.00       0.00
  clock network delay (ideal)                             1.50       1.50
  clock uncertainty                                       0.30       1.80
  U3_cpu/U1_datapath/U1_sfr/U_tmod/out_tmod_reg_4_/CK (SDFFSRX2)     1.80 r
  library removal time                                   -0.03       1.77
  data required time                                                 1.77
  ------------------------------------------------------------------------------
  data required time                                                 1.77
  data arrival time                                                 -1.26
  ------------------------------------------------------------------------------
  slack (VIOLATED)                                                  -0.51


  Startpoint: test_mode (input port)
  Endpoint: U3_cpu/U1_datapath/U1_sfr/U_tmod/out_tmod_reg_5_
               (removal check against rising-edge clock clk)
  Path Group: **async_default**
  Path Type: min

  Point                                                   Incr       Path
  ------------------------------------------------------------------------------
  clock (input port clock) (rise edge)                    0.00       0.00
  clock network delay (ideal)                             0.00       0.00
  input external delay                                    0.00       0.00 f
  test_mode (in)                                          0.00       0.00 f
  PI_test_mode/C (PDIDGZ)                                 0.30       0.30 f
  test_point_535/U6/Y (MX2X1)                             0.56       0.86 f
  U3_cpu/U1_datapath/U1_sfr/U_tmod/U30/Y (INVX1)          0.40       1.26 r
  U3_cpu/U1_datapath/U1_sfr/U_tmod/out_tmod_reg_5_/RN (SDFFSRX2)
                                                          0.00       1.26 r
  data arrival time                                                  1.26

  clock clk (rise edge)                                   0.00       0.00
  clock network delay (ideal)                             1.50       1.50
  clock uncertainty                                       0.30       1.80
  U3_cpu/U1_datapath/U1_sfr/U_tmod/out_tmod_reg_5_/CK (SDFFSRX2)     1.80 r
  library removal time                                   -0.03       1.77
  data required time                                                 1.77
  ------------------------------------------------------------------------------
  data required time                                                 1.77
  data arrival time                                                 -1.26
  ------------------------------------------------------------------------------
  slack (VIOLATED)                                                  -0.51


  Startpoint: test_mode (input port)
  Endpoint: U3_cpu/U1_datapath/U1_sfr/U_tmod/out_tmod_reg_6_
               (removal check against rising-edge clock clk)
  Path Group: **async_default**
  Path Type: min

  Point                                                   Incr       Path
  ------------------------------------------------------------------------------
  clock (input port clock) (rise edge)                    0.00       0.00
  clock network delay (ideal)                             0.00       0.00
  input external delay                                    0.00       0.00 f
  test_mode (in)                                          0.00       0.00 f
  PI_test_mode/C (PDIDGZ)                                 0.30       0.30 f
  test_point_535/U6/Y (MX2X1)                             0.56       0.86 f
  U3_cpu/U1_datapath/U1_sfr/U_tmod/U30/Y (INVX1)          0.40       1.26 r
  U3_cpu/U1_datapath/U1_sfr/U_tmod/out_tmod_reg_6_/RN (SDFFSRX2)
                                                          0.00       1.26 r
  data arrival time                                                  1.26

  clock clk (rise edge)                                   0.00       0.00
  clock network delay (ideal)                             1.50       1.50
  clock uncertainty                                       0.30       1.80
  U3_cpu/U1_datapath/U1_sfr/U_tmod/out_tmod_reg_6_/CK (SDFFSRX2)     1.80 r
  library removal time                                   -0.03       1.77
  data required time                                                 1.77
  ------------------------------------------------------------------------------
  data required time                                                 1.77
  data arrival time                                                 -1.26
  ------------------------------------------------------------------------------
  slack (VIOLATED)                                                  -0.51


  Startpoint: test_mode (input port)
  Endpoint: U3_cpu/U1_datapath/U1_sfr/U_tmod/out_tmod_reg_7_
               (removal check against rising-edge clock clk)
  Path Group: **async_default**
  Path Type: min

  Point                                                   Incr       Path
  ------------------------------------------------------------------------------
  clock (input port clock) (rise edge)                    0.00       0.00
  clock network delay (ideal)                             0.00       0.00
  input external delay                                    0.00       0.00 f
  test_mode (in)                                          0.00       0.00 f
  PI_test_mode/C (PDIDGZ)                                 0.30       0.30 f
  test_point_535/U6/Y (MX2X1)                             0.56       0.86 f
  U3_cpu/U1_datapath/U1_sfr/U_tmod/U30/Y (INVX1)          0.40       1.26 r
  U3_cpu/U1_datapath/U1_sfr/U_tmod/out_tmod_reg_7_/RN (SDFFSRX2)
                                                          0.00       1.26 r
  data arrival time                                                  1.26

  clock clk (rise edge)                                   0.00       0.00
  clock network delay (ideal)                             1.50       1.50
  clock uncertainty                                       0.30       1.80
  U3_cpu/U1_datapath/U1_sfr/U_tmod/out_tmod_reg_7_/CK (SDFFSRX2)     1.80 r
  library removal time                                   -0.03       1.77
  data required time                                                 1.77
  ------------------------------------------------------------------------------
  data required time                                                 1.77
  data arrival time                                                 -1.26
  ------------------------------------------------------------------------------
  slack (VIOLATED)                                                  -0.51


  Startpoint: test_mode (input port)
  Endpoint: U3_cpu/U1_datapath/U1_sfr/U2_acc/out_acc_r_reg_0_
               (removal check against rising-edge clock clk)
  Path Group: **async_default**
  Path Type: min

  Point                                                   Incr       Path
  ------------------------------------------------------------------------------
  clock (input port clock) (rise edge)                    0.00       0.00
  clock network delay (ideal)                             0.00       0.00
  input external delay                                    0.00       0.00 f
  test_mode (in)                                          0.00       0.00 f
  PI_test_mode/C (PDIDGZ)                                 0.30       0.30 f
  test_point_535/U6/Y (MX2X1)                             0.56       0.86 f
  U3_cpu/U1_datapath/U1_sfr/U2_acc/U49/Y (INVX1)          0.41       1.27 r
  U3_cpu/U1_datapath/U1_sfr/U2_acc/out_acc_r_reg_0_/RN (SDFFRHQX1)
                                                          0.00       1.27 r
  data arrival time                                                  1.27

  clock clk (rise edge)                                   0.00       0.00
  clock network delay (ideal)                             1.50       1.50
  clock uncertainty                                       0.30       1.80
  U3_cpu/U1_datapath/U1_sfr/U2_acc/out_acc_r_reg_0_/CK (SDFFRHQX1)
                                                                     1.80 r
  library removal time                                   -0.03       1.77
  data required time                                                 1.77
  ------------------------------------------------------------------------------
  data required time                                                 1.77
  data arrival time                                                 -1.27
  ------------------------------------------------------------------------------
  slack (VIOLATED)                                                  -0.51


  Startpoint: test_mode (input port)
  Endpoint: U3_cpu/U1_datapath/U1_sfr/U2_acc/out_acc_r_reg_1_
               (removal check against rising-edge clock clk)
  Path Group: **async_default**
  Path Type: min

  Point                                                   Incr       Path
  ------------------------------------------------------------------------------
  clock (input port clock) (rise edge)                    0.00       0.00
  clock network delay (ideal)                             0.00       0.00
  input external delay                                    0.00       0.00 f
  test_mode (in)                                          0.00       0.00 f
  PI_test_mode/C (PDIDGZ)                                 0.30       0.30 f
  test_point_535/U6/Y (MX2X1)                             0.56       0.86 f
  U3_cpu/U1_datapath/U1_sfr/U2_acc/U49/Y (INVX1)          0.41       1.27 r
  U3_cpu/U1_datapath/U1_sfr/U2_acc/out_acc_r_reg_1_/RN (SDFFRHQX1)
                                                          0.00       1.27 r
  data arrival time                                                  1.27

  clock clk (rise edge)                                   0.00       0.00
  clock network delay (ideal)                             1.50       1.50
  clock uncertainty                                       0.30       1.80
  U3_cpu/U1_datapath/U1_sfr/U2_acc/out_acc_r_reg_1_/CK (SDFFRHQX1)
                                                                     1.80 r
  library removal time                                   -0.03       1.77
  data required time                                                 1.77
  ------------------------------------------------------------------------------
  data required time                                                 1.77
  data arrival time                                                 -1.27
  ------------------------------------------------------------------------------
  slack (VIOLATED)                                                  -0.51


  Startpoint: test_mode (input port)
  Endpoint: U3_cpu/U1_datapath/U1_sfr/U2_acc/out_acc_r_reg_2_
               (removal check against rising-edge clock clk)
  Path Group: **async_default**
  Path Type: min

  Point                                                   Incr       Path
  ------------------------------------------------------------------------------
  clock (input port clock) (rise edge)                    0.00       0.00
  clock network delay (ideal)                             0.00       0.00
  input external delay                                    0.00       0.00 f
  test_mode (in)                                          0.00       0.00 f
  PI_test_mode/C (PDIDGZ)                                 0.30       0.30 f
  test_point_535/U6/Y (MX2X1)                             0.56       0.86 f
  U3_cpu/U1_datapath/U1_sfr/U2_acc/U49/Y (INVX1)          0.41       1.27 r
  U3_cpu/U1_datapath/U1_sfr/U2_acc/out_acc_r_reg_2_/RN (SDFFRHQX1)
                                                          0.00       1.27 r
  data arrival time                                                  1.27

  clock clk (rise edge)                                   0.00       0.00
  clock network delay (ideal)                             1.50       1.50
  clock uncertainty                                       0.30       1.80
  U3_cpu/U1_datapath/U1_sfr/U2_acc/out_acc_r_reg_2_/CK (SDFFRHQX1)
                                                                     1.80 r
  library removal time                                   -0.03       1.77
  data required time                                                 1.77
  ------------------------------------------------------------------------------
  data required time                                                 1.77
  data arrival time                                                 -1.27
  ------------------------------------------------------------------------------
  slack (VIOLATED)                                                  -0.51


  Startpoint: test_mode (input port)
  Endpoint: U3_cpu/U1_datapath/U1_sfr/U2_acc/out_acc_r_reg_3_
               (removal check against rising-edge clock clk)
  Path Group: **async_default**
  Path Type: min

  Point                                                   Incr       Path
  ------------------------------------------------------------------------------
  clock (input port clock) (rise edge)                    0.00       0.00
  clock network delay (ideal)                             0.00       0.00
  input external delay                                    0.00       0.00 f
  test_mode (in)                                          0.00       0.00 f
  PI_test_mode/C (PDIDGZ)                                 0.30       0.30 f
  test_point_535/U6/Y (MX2X1)                             0.56       0.86 f
  U3_cpu/U1_datapath/U1_sfr/U2_acc/U49/Y (INVX1)          0.41       1.27 r
  U3_cpu/U1_datapath/U1_sfr/U2_acc/out_acc_r_reg_3_/RN (SDFFRHQX1)
                                                          0.00       1.27 r
  data arrival time                                                  1.27

  clock clk (rise edge)                                   0.00       0.00
  clock network delay (ideal)                             1.50       1.50
  clock uncertainty                                       0.30       1.80
  U3_cpu/U1_datapath/U1_sfr/U2_acc/out_acc_r_reg_3_/CK (SDFFRHQX1)
                                                                     1.80 r
  library removal time                                   -0.03       1.77
  data required time                                                 1.77
  ------------------------------------------------------------------------------
  data required time                                                 1.77
  data arrival time                                                 -1.27
  ------------------------------------------------------------------------------
  slack (VIOLATED)                                                  -0.51


  Startpoint: test_mode (input port)
  Endpoint: U3_cpu/U1_datapath/U1_sfr/U2_acc/out_acc_r_reg_4_
               (removal check against rising-edge clock clk)
  Path Group: **async_default**
  Path Type: min

  Point                                                   Incr       Path
  ------------------------------------------------------------------------------
  clock (input port clock) (rise edge)                    0.00       0.00
  clock network delay (ideal)                             0.00       0.00
  input external delay                                    0.00       0.00 f
  test_mode (in)                                          0.00       0.00 f
  PI_test_mode/C (PDIDGZ)                                 0.30       0.30 f
  test_point_535/U6/Y (MX2X1)                             0.56       0.86 f
  U3_cpu/U1_datapath/U1_sfr/U2_acc/U49/Y (INVX1)          0.41       1.27 r
  U3_cpu/U1_datapath/U1_sfr/U2_acc/out_acc_r_reg_4_/RN (SDFFRHQX1)
                                                          0.00       1.27 r
  data arrival time                                                  1.27

  clock clk (rise edge)                                   0.00       0.00
  clock network delay (ideal)                             1.50       1.50
  clock uncertainty                                       0.30       1.80
  U3_cpu/U1_datapath/U1_sfr/U2_acc/out_acc_r_reg_4_/CK (SDFFRHQX1)
                                                                     1.80 r
  library removal time                                   -0.03       1.77
  data required time                                                 1.77
  ------------------------------------------------------------------------------
  data required time                                                 1.77
  data arrival time                                                 -1.27
  ------------------------------------------------------------------------------
  slack (VIOLATED)                                                  -0.51


  Startpoint: test_mode (input port)
  Endpoint: U3_cpu/U1_datapath/U1_sfr/U2_acc/out_acc_r_reg_5_
               (removal check against rising-edge clock clk)
  Path Group: **async_default**
  Path Type: min

  Point                                                   Incr       Path
  ------------------------------------------------------------------------------
  clock (input port clock) (rise edge)                    0.00       0.00
  clock network delay (ideal)                             0.00       0.00
  input external delay                                    0.00       0.00 f
  test_mode (in)                                          0.00       0.00 f
  PI_test_mode/C (PDIDGZ)                                 0.30       0.30 f
  test_point_535/U6/Y (MX2X1)                             0.56       0.86 f
  U3_cpu/U1_datapath/U1_sfr/U2_acc/U49/Y (INVX1)          0.41       1.27 r
  U3_cpu/U1_datapath/U1_sfr/U2_acc/out_acc_r_reg_5_/RN (SDFFRHQX1)
                                                          0.00       1.27 r
  data arrival time                                                  1.27

  clock clk (rise edge)                                   0.00       0.00
  clock network delay (ideal)                             1.50       1.50
  clock uncertainty                                       0.30       1.80
  U3_cpu/U1_datapath/U1_sfr/U2_acc/out_acc_r_reg_5_/CK (SDFFRHQX1)
                                                                     1.80 r
  library removal time                                   -0.03       1.77
  data required time                                                 1.77
  ------------------------------------------------------------------------------
  data required time                                                 1.77
  data arrival time                                                 -1.27
  ------------------------------------------------------------------------------
  slack (VIOLATED)                                                  -0.51


  Startpoint: test_mode (input port)
  Endpoint: U3_cpu/U1_datapath/U1_sfr/U2_acc/out_acc_r_reg_6_
               (removal check against rising-edge clock clk)
  Path Group: **async_default**
  Path Type: min

  Point                                                   Incr       Path
  ------------------------------------------------------------------------------
  clock (input port clock) (rise edge)                    0.00       0.00
  clock network delay (ideal)                             0.00       0.00
  input external delay                                    0.00       0.00 f
  test_mode (in)                                          0.00       0.00 f
  PI_test_mode/C (PDIDGZ)                                 0.30       0.30 f
  test_point_535/U6/Y (MX2X1)                             0.56       0.86 f
  U3_cpu/U1_datapath/U1_sfr/U2_acc/U49/Y (INVX1)          0.41       1.27 r
  U3_cpu/U1_datapath/U1_sfr/U2_acc/out_acc_r_reg_6_/RN (SDFFRHQX1)
                                                          0.00       1.27 r
  data arrival time                                                  1.27

  clock clk (rise edge)                                   0.00       0.00
  clock network delay (ideal)                             1.50       1.50
  clock uncertainty                                       0.30       1.80
  U3_cpu/U1_datapath/U1_sfr/U2_acc/out_acc_r_reg_6_/CK (SDFFRHQX1)
                                                                     1.80 r
  library removal time                                   -0.03       1.77
  data required time                                                 1.77
  ------------------------------------------------------------------------------
  data required time                                                 1.77
  data arrival time                                                 -1.27
  ------------------------------------------------------------------------------
  slack (VIOLATED)                                                  -0.51


  Startpoint: test_mode (input port)
  Endpoint: U3_cpu/U1_datapath/U1_sfr/U2_acc/out_acc_r_reg_7_
               (removal check against rising-edge clock clk)
  Path Group: **async_default**
  Path Type: min

  Point                                                   Incr       Path
  ------------------------------------------------------------------------------
  clock (input port clock) (rise edge)                    0.00       0.00
  clock network delay (ideal)                             0.00       0.00
  input external delay                                    0.00       0.00 f
  test_mode (in)                                          0.00       0.00 f
  PI_test_mode/C (PDIDGZ)                                 0.30       0.30 f
  test_point_535/U6/Y (MX2X1)                             0.56       0.86 f
  U3_cpu/U1_datapath/U1_sfr/U2_acc/U49/Y (INVX1)          0.41       1.27 r
  U3_cpu/U1_datapath/U1_sfr/U2_acc/out_acc_r_reg_7_/RN (SDFFRHQX1)
                                                          0.00       1.27 r
  data arrival time                                                  1.27

  clock clk (rise edge)                                   0.00       0.00
  clock network delay (ideal)                             1.50       1.50
  clock uncertainty                                       0.30       1.80
  U3_cpu/U1_datapath/U1_sfr/U2_acc/out_acc_r_reg_7_/CK (SDFFRHQX1)
                                                                     1.80 r
  library removal time                                   -0.03       1.77
  data required time                                                 1.77
  ------------------------------------------------------------------------------
  data required time                                                 1.77
  data arrival time                                                 -1.27
  ------------------------------------------------------------------------------
  slack (VIOLATED)                                                  -0.51


  Startpoint: test_mode (input port)
  Endpoint: U3_cpu/U1_datapath/U1_sfr/U4_b/out_b_reg_0_
               (removal check against rising-edge clock clk)
  Path Group: **async_default**
  Path Type: min

  Point                                                   Incr       Path
  ------------------------------------------------------------------------------
  clock (input port clock) (rise edge)                    0.00       0.00
  clock network delay (ideal)                             0.00       0.00
  input external delay                                    0.00       0.00 f
  test_mode (in)                                          0.00       0.00 f
  PI_test_mode/C (PDIDGZ)                                 0.30       0.30 f
  test_point_535/U6/Y (MX2X1)                             0.56       0.86 f
  U3_cpu/U1_datapath/U1_sfr/U4_b/U39/Y (INVX1)            0.41       1.27 r
  U3_cpu/U1_datapath/U1_sfr/U4_b/out_b_reg_0_/RN (SDFFRHQX1)
                                                          0.00       1.27 r
  data arrival time                                                  1.27

  clock clk (rise edge)                                   0.00       0.00
  clock network delay (ideal)                             1.50       1.50
  clock uncertainty                                       0.30       1.80
  U3_cpu/U1_datapath/U1_sfr/U4_b/out_b_reg_0_/CK (SDFFRHQX1)         1.80 r
  library removal time                                   -0.03       1.77
  data required time                                                 1.77
  ------------------------------------------------------------------------------
  data required time                                                 1.77
  data arrival time                                                 -1.27
  ------------------------------------------------------------------------------
  slack (VIOLATED)                                                  -0.51


  Startpoint: test_mode (input port)
  Endpoint: U3_cpu/U1_datapath/U1_sfr/U4_b/out_b_reg_1_
               (removal check against rising-edge clock clk)
  Path Group: **async_default**
  Path Type: min

  Point                                                   Incr       Path
  ------------------------------------------------------------------------------
  clock (input port clock) (rise edge)                    0.00       0.00
  clock network delay (ideal)                             0.00       0.00
  input external delay                                    0.00       0.00 f
  test_mode (in)                                          0.00       0.00 f
  PI_test_mode/C (PDIDGZ)                                 0.30       0.30 f
  test_point_535/U6/Y (MX2X1)                             0.56       0.86 f
  U3_cpu/U1_datapath/U1_sfr/U4_b/U39/Y (INVX1)            0.41       1.27 r
  U3_cpu/U1_datapath/U1_sfr/U4_b/out_b_reg_1_/RN (SDFFRHQX1)
                                                          0.00       1.27 r
  data arrival time                                                  1.27

  clock clk (rise edge)                                   0.00       0.00
  clock network delay (ideal)                             1.50       1.50
  clock uncertainty                                       0.30       1.80
  U3_cpu/U1_datapath/U1_sfr/U4_b/out_b_reg_1_/CK (SDFFRHQX1)         1.80 r
  library removal time                                   -0.03       1.77
  data required time                                                 1.77
  ------------------------------------------------------------------------------
  data required time                                                 1.77
  data arrival time                                                 -1.27
  ------------------------------------------------------------------------------
  slack (VIOLATED)                                                  -0.51


  Startpoint: test_mode (input port)
  Endpoint: U3_cpu/U1_datapath/U1_sfr/U4_b/out_b_reg_2_
               (removal check against rising-edge clock clk)
  Path Group: **async_default**
  Path Type: min

  Point                                                   Incr       Path
  ------------------------------------------------------------------------------
  clock (input port clock) (rise edge)                    0.00       0.00
  clock network delay (ideal)                             0.00       0.00
  input external delay                                    0.00       0.00 f
  test_mode (in)                                          0.00       0.00 f
  PI_test_mode/C (PDIDGZ)                                 0.30       0.30 f
  test_point_535/U6/Y (MX2X1)                             0.56       0.86 f
  U3_cpu/U1_datapath/U1_sfr/U4_b/U39/Y (INVX1)            0.41       1.27 r
  U3_cpu/U1_datapath/U1_sfr/U4_b/out_b_reg_2_/RN (SDFFRHQX1)
                                                          0.00       1.27 r
  data arrival time                                                  1.27

  clock clk (rise edge)                                   0.00       0.00
  clock network delay (ideal)                             1.50       1.50
  clock uncertainty                                       0.30       1.80
  U3_cpu/U1_datapath/U1_sfr/U4_b/out_b_reg_2_/CK (SDFFRHQX1)         1.80 r
  library removal time                                   -0.03       1.77
  data required time                                                 1.77
  ------------------------------------------------------------------------------
  data required time                                                 1.77
  data arrival time                                                 -1.27
  ------------------------------------------------------------------------------
  slack (VIOLATED)                                                  -0.51


  Startpoint: test_mode (input port)
  Endpoint: U3_cpu/U1_datapath/U1_sfr/U4_b/out_b_reg_3_
               (removal check against rising-edge clock clk)
  Path Group: **async_default**
  Path Type: min

  Point                                                   Incr       Path
  ------------------------------------------------------------------------------
  clock (input port clock) (rise edge)                    0.00       0.00
  clock network delay (ideal)                             0.00       0.00
  input external delay                                    0.00       0.00 f
  test_mode (in)                                          0.00       0.00 f
  PI_test_mode/C (PDIDGZ)                                 0.30       0.30 f
  test_point_535/U6/Y (MX2X1)                             0.56       0.86 f
  U3_cpu/U1_datapath/U1_sfr/U4_b/U39/Y (INVX1)            0.41       1.27 r
  U3_cpu/U1_datapath/U1_sfr/U4_b/out_b_reg_3_/RN (SDFFRHQX1)
                                                          0.00       1.27 r
  data arrival time                                                  1.27

  clock clk (rise edge)                                   0.00       0.00
  clock network delay (ideal)                             1.50       1.50
  clock uncertainty                                       0.30       1.80
  U3_cpu/U1_datapath/U1_sfr/U4_b/out_b_reg_3_/CK (SDFFRHQX1)         1.80 r
  library removal time                                   -0.03       1.77
  data required time                                                 1.77
  ------------------------------------------------------------------------------
  data required time                                                 1.77
  data arrival time                                                 -1.27
  ------------------------------------------------------------------------------
  slack (VIOLATED)                                                  -0.51


  Startpoint: test_mode (input port)
  Endpoint: U3_cpu/U1_datapath/U1_sfr/U4_b/out_b_reg_4_
               (removal check against rising-edge clock clk)
  Path Group: **async_default**
  Path Type: min

  Point                                                   Incr       Path
  ------------------------------------------------------------------------------
  clock (input port clock) (rise edge)                    0.00       0.00
  clock network delay (ideal)                             0.00       0.00
  input external delay                                    0.00       0.00 f
  test_mode (in)                                          0.00       0.00 f
  PI_test_mode/C (PDIDGZ)                                 0.30       0.30 f
  test_point_535/U6/Y (MX2X1)                             0.56       0.86 f
  U3_cpu/U1_datapath/U1_sfr/U4_b/U39/Y (INVX1)            0.41       1.27 r
  U3_cpu/U1_datapath/U1_sfr/U4_b/out_b_reg_4_/RN (SDFFRHQX1)
                                                          0.00       1.27 r
  data arrival time                                                  1.27

  clock clk (rise edge)                                   0.00       0.00
  clock network delay (ideal)                             1.50       1.50
  clock uncertainty                                       0.30       1.80
  U3_cpu/U1_datapath/U1_sfr/U4_b/out_b_reg_4_/CK (SDFFRHQX1)         1.80 r
  library removal time                                   -0.03       1.77
  data required time                                                 1.77
  ------------------------------------------------------------------------------
  data required time                                                 1.77
  data arrival time                                                 -1.27
  ------------------------------------------------------------------------------
  slack (VIOLATED)                                                  -0.51


  Startpoint: test_mode (input port)
  Endpoint: U3_cpu/U1_datapath/U1_sfr/U4_b/out_b_reg_5_
               (removal check against rising-edge clock clk)
  Path Group: **async_default**
  Path Type: min

  Point                                                   Incr       Path
  ------------------------------------------------------------------------------
  clock (input port clock) (rise edge)                    0.00       0.00
  clock network delay (ideal)                             0.00       0.00
  input external delay                                    0.00       0.00 f
  test_mode (in)                                          0.00       0.00 f
  PI_test_mode/C (PDIDGZ)                                 0.30       0.30 f
  test_point_535/U6/Y (MX2X1)                             0.56       0.86 f
  U3_cpu/U1_datapath/U1_sfr/U4_b/U39/Y (INVX1)            0.41       1.27 r
  U3_cpu/U1_datapath/U1_sfr/U4_b/out_b_reg_5_/RN (SDFFRHQX1)
                                                          0.00       1.27 r
  data arrival time                                                  1.27

  clock clk (rise edge)                                   0.00       0.00
  clock network delay (ideal)                             1.50       1.50
  clock uncertainty                                       0.30       1.80
  U3_cpu/U1_datapath/U1_sfr/U4_b/out_b_reg_5_/CK (SDFFRHQX1)         1.80 r
  library removal time                                   -0.03       1.77
  data required time                                                 1.77
  ------------------------------------------------------------------------------
  data required time                                                 1.77
  data arrival time                                                 -1.27
  ------------------------------------------------------------------------------
  slack (VIOLATED)                                                  -0.51


  Startpoint: test_mode (input port)
  Endpoint: U3_cpu/U1_datapath/U1_sfr/U4_b/out_b_reg_6_
               (removal check against rising-edge clock clk)
  Path Group: **async_default**
  Path Type: min

  Point                                                   Incr       Path
  ------------------------------------------------------------------------------
  clock (input port clock) (rise edge)                    0.00       0.00
  clock network delay (ideal)                             0.00       0.00
  input external delay                                    0.00       0.00 f
  test_mode (in)                                          0.00       0.00 f
  PI_test_mode/C (PDIDGZ)                                 0.30       0.30 f
  test_point_535/U6/Y (MX2X1)                             0.56       0.86 f
  U3_cpu/U1_datapath/U1_sfr/U4_b/U39/Y (INVX1)            0.41       1.27 r
  U3_cpu/U1_datapath/U1_sfr/U4_b/out_b_reg_6_/RN (SDFFRHQX1)
                                                          0.00       1.27 r
  data arrival time                                                  1.27

  clock clk (rise edge)                                   0.00       0.00
  clock network delay (ideal)                             1.50       1.50
  clock uncertainty                                       0.30       1.80
  U3_cpu/U1_datapath/U1_sfr/U4_b/out_b_reg_6_/CK (SDFFRHQX1)         1.80 r
  library removal time                                   -0.03       1.77
  data required time                                                 1.77
  ------------------------------------------------------------------------------
  data required time                                                 1.77
  data arrival time                                                 -1.27
  ------------------------------------------------------------------------------
  slack (VIOLATED)                                                  -0.51


  Startpoint: test_mode (input port)
  Endpoint: U3_cpu/U1_datapath/U1_sfr/U4_b/out_b_reg_7_
               (removal check against rising-edge clock clk)
  Path Group: **async_default**
  Path Type: min

  Point                                                   Incr       Path
  ------------------------------------------------------------------------------
  clock (input port clock) (rise edge)                    0.00       0.00
  clock network delay (ideal)                             0.00       0.00
  input external delay                                    0.00       0.00 f
  test_mode (in)                                          0.00       0.00 f
  PI_test_mode/C (PDIDGZ)                                 0.30       0.30 f
  test_point_535/U6/Y (MX2X1)                             0.56       0.86 f
  U3_cpu/U1_datapath/U1_sfr/U4_b/U39/Y (INVX1)            0.41       1.27 r
  U3_cpu/U1_datapath/U1_sfr/U4_b/out_b_reg_7_/RN (SDFFRHQX1)
                                                          0.00       1.27 r
  data arrival time                                                  1.27

  clock clk (rise edge)                                   0.00       0.00
  clock network delay (ideal)                             1.50       1.50
  clock uncertainty                                       0.30       1.80
  U3_cpu/U1_datapath/U1_sfr/U4_b/out_b_reg_7_/CK (SDFFRHQX1)         1.80 r
  library removal time                                   -0.03       1.77
  data required time                                                 1.77
  ------------------------------------------------------------------------------
  data required time                                                 1.77
  data arrival time                                                 -1.27
  ------------------------------------------------------------------------------
  slack (VIOLATED)                                                  -0.51


  Startpoint: test_mode (input port)
  Endpoint: U3_cpu/U1_datapath/U1_sfr/U0_sp/out_sp_reg_3_
               (removal check against rising-edge clock clk)
  Path Group: **async_default**
  Path Type: min

  Point                                                   Incr       Path
  ------------------------------------------------------------------------------
  clock (input port clock) (rise edge)                    0.00       0.00
  clock network delay (ideal)                             0.00       0.00
  input external delay                                    0.00       0.00 f
  test_mode (in)                                          0.00       0.00 f
  PI_test_mode/C (PDIDGZ)                                 0.30       0.30 f
  test_point_535/U6/Y (MX2X1)                             0.56       0.86 f
  U3_cpu/U1_datapath/U1_sfr/U0_sp/U49/Y (INVX1)           0.42       1.28 r
  U3_cpu/U1_datapath/U1_sfr/U0_sp/out_sp_reg_3_/RN (SDFFRHQX1)
                                                          0.00       1.28 r
  data arrival time                                                  1.28

  clock clk (rise edge)                                   0.00       0.00
  clock network delay (ideal)                             1.50       1.50
  clock uncertainty                                       0.30       1.80
  U3_cpu/U1_datapath/U1_sfr/U0_sp/out_sp_reg_3_/CK (SDFFRHQX1)       1.80 r
  library removal time                                   -0.03       1.77
  data required time                                                 1.77
  ------------------------------------------------------------------------------
  data required time                                                 1.77
  data arrival time                                                 -1.28
  ------------------------------------------------------------------------------
  slack (VIOLATED)                                                  -0.49


  Startpoint: test_mode (input port)
  Endpoint: U3_cpu/U1_datapath/U1_sfr/U0_sp/out_sp_reg_4_
               (removal check against rising-edge clock clk)
  Path Group: **async_default**
  Path Type: min

  Point                                                   Incr       Path
  ------------------------------------------------------------------------------
  clock (input port clock) (rise edge)                    0.00       0.00
  clock network delay (ideal)                             0.00       0.00
  input external delay                                    0.00       0.00 f
  test_mode (in)                                          0.00       0.00 f
  PI_test_mode/C (PDIDGZ)                                 0.30       0.30 f
  test_point_535/U6/Y (MX2X1)                             0.56       0.86 f
  U3_cpu/U1_datapath/U1_sfr/U0_sp/U49/Y (INVX1)           0.42       1.28 r
  U3_cpu/U1_datapath/U1_sfr/U0_sp/out_sp_reg_4_/RN (SDFFRHQX1)
                                                          0.00       1.28 r
  data arrival time                                                  1.28

  clock clk (rise edge)                                   0.00       0.00
  clock network delay (ideal)                             1.50       1.50
  clock uncertainty                                       0.30       1.80
  U3_cpu/U1_datapath/U1_sfr/U0_sp/out_sp_reg_4_/CK (SDFFRHQX1)       1.80 r
  library removal time                                   -0.03       1.77
  data required time                                                 1.77
  ------------------------------------------------------------------------------
  data required time                                                 1.77
  data arrival time                                                 -1.28
  ------------------------------------------------------------------------------
  slack (VIOLATED)                                                  -0.49


  Startpoint: test_mode (input port)
  Endpoint: U3_cpu/U1_datapath/U1_sfr/U0_sp/out_sp_reg_5_
               (removal check against rising-edge clock clk)
  Path Group: **async_default**
  Path Type: min

  Point                                                   Incr       Path
  ------------------------------------------------------------------------------
  clock (input port clock) (rise edge)                    0.00       0.00
  clock network delay (ideal)                             0.00       0.00
  input external delay                                    0.00       0.00 f
  test_mode (in)                                          0.00       0.00 f
  PI_test_mode/C (PDIDGZ)                                 0.30       0.30 f
  test_point_535/U6/Y (MX2X1)                             0.56       0.86 f
  U3_cpu/U1_datapath/U1_sfr/U0_sp/U49/Y (INVX1)           0.42       1.28 r
  U3_cpu/U1_datapath/U1_sfr/U0_sp/out_sp_reg_5_/RN (SDFFRHQX1)
                                                          0.00       1.28 r
  data arrival time                                                  1.28

  clock clk (rise edge)                                   0.00       0.00
  clock network delay (ideal)                             1.50       1.50
  clock uncertainty                                       0.30       1.80
  U3_cpu/U1_datapath/U1_sfr/U0_sp/out_sp_reg_5_/CK (SDFFRHQX1)       1.80 r
  library removal time                                   -0.03       1.77
  data required time                                                 1.77
  ------------------------------------------------------------------------------
  data required time                                                 1.77
  data arrival time                                                 -1.28
  ------------------------------------------------------------------------------
  slack (VIOLATED)                                                  -0.49


  Startpoint: test_mode (input port)
  Endpoint: U3_cpu/U1_datapath/U1_sfr/U0_sp/out_sp_reg_6_
               (removal check against rising-edge clock clk)
  Path Group: **async_default**
  Path Type: min

  Point                                                   Incr       Path
  ------------------------------------------------------------------------------
  clock (input port clock) (rise edge)                    0.00       0.00
  clock network delay (ideal)                             0.00       0.00
  input external delay                                    0.00       0.00 f
  test_mode (in)                                          0.00       0.00 f
  PI_test_mode/C (PDIDGZ)                                 0.30       0.30 f
  test_point_535/U6/Y (MX2X1)                             0.56       0.86 f
  U3_cpu/U1_datapath/U1_sfr/U0_sp/U49/Y (INVX1)           0.42       1.28 r
  U3_cpu/U1_datapath/U1_sfr/U0_sp/out_sp_reg_6_/RN (SDFFRHQX1)
                                                          0.00       1.28 r
  data arrival time                                                  1.28

  clock clk (rise edge)                                   0.00       0.00
  clock network delay (ideal)                             1.50       1.50
  clock uncertainty                                       0.30       1.80
  U3_cpu/U1_datapath/U1_sfr/U0_sp/out_sp_reg_6_/CK (SDFFRHQX1)       1.80 r
  library removal time                                   -0.03       1.77
  data required time                                                 1.77
  ------------------------------------------------------------------------------
  data required time                                                 1.77
  data arrival time                                                 -1.28
  ------------------------------------------------------------------------------
  slack (VIOLATED)                                                  -0.49


  Startpoint: test_mode (input port)
  Endpoint: U3_cpu/U1_datapath/U1_sfr/U0_sp/out_sp_reg_7_
               (removal check against rising-edge clock clk)
  Path Group: **async_default**
  Path Type: min

  Point                                                   Incr       Path
  ------------------------------------------------------------------------------
  clock (input port clock) (rise edge)                    0.00       0.00
  clock network delay (ideal)                             0.00       0.00
  input external delay                                    0.00       0.00 f
  test_mode (in)                                          0.00       0.00 f
  PI_test_mode/C (PDIDGZ)                                 0.30       0.30 f
  test_point_535/U6/Y (MX2X1)                             0.56       0.86 f
  U3_cpu/U1_datapath/U1_sfr/U0_sp/U49/Y (INVX1)           0.42       1.28 r
  U3_cpu/U1_datapath/U1_sfr/U0_sp/out_sp_reg_7_/RN (SDFFRHQX1)
                                                          0.00       1.28 r
  data arrival time                                                  1.28

  clock clk (rise edge)                                   0.00       0.00
  clock network delay (ideal)                             1.50       1.50
  clock uncertainty                                       0.30       1.80
  U3_cpu/U1_datapath/U1_sfr/U0_sp/out_sp_reg_7_/CK (SDFFRHQX1)       1.80 r
  library removal time                                   -0.03       1.77
  data required time                                                 1.77
  ------------------------------------------------------------------------------
  data required time                                                 1.77
  data arrival time                                                 -1.28
  ------------------------------------------------------------------------------
  slack (VIOLATED)                                                  -0.49


  Startpoint: test_mode (input port)
  Endpoint: U3_cpu/U1_datapath/U3_alu/U8_div/CurrentCount_reg_0_
               (removal check against rising-edge clock clk)
  Path Group: **async_default**
  Path Type: min

  Point                                                   Incr       Path
  ------------------------------------------------------------------------------
  clock (input port clock) (rise edge)                    0.00       0.00
  clock network delay (ideal)                             0.00       0.00
  input external delay                                    0.00       0.00 f
  test_mode (in)                                          0.00       0.00 f
  PI_test_mode/C (PDIDGZ)                                 0.30       0.30 f
  test_point_535/U6/Y (MX2X1)                             0.56       0.86 f
  U3_cpu/U1_datapath/U3_alu/U8_div/U214/Y (INVX2)         0.59       1.45 r
  U3_cpu/U1_datapath/U3_alu/U8_div/CurrentCount_reg_0_/SN (SDFFSX1)
                                                          0.00       1.45 r
  data arrival time                                                  1.45

  clock clk (rise edge)                                   0.00       0.00
  clock network delay (ideal)                             1.50       1.50
  clock uncertainty                                       0.30       1.80
  U3_cpu/U1_datapath/U3_alu/U8_div/CurrentCount_reg_0_/CK (SDFFSX1)
                                                                     1.80 r
  library removal time                                    0.13       1.93
  data required time                                                 1.93
  ------------------------------------------------------------------------------
  data required time                                                 1.93
  data arrival time                                                 -1.45
  ------------------------------------------------------------------------------
  slack (VIOLATED)                                                  -0.48


  Startpoint: test_mode (input port)
  Endpoint: U3_cpu/U1_datapath/U3_alu/U8_div/CurrentCount_reg_4_
               (removal check against rising-edge clock clk)
  Path Group: **async_default**
  Path Type: min

  Point                                                   Incr       Path
  ------------------------------------------------------------------------------
  clock (input port clock) (rise edge)                    0.00       0.00
  clock network delay (ideal)                             0.00       0.00
  input external delay                                    0.00       0.00 f
  test_mode (in)                                          0.00       0.00 f
  PI_test_mode/C (PDIDGZ)                                 0.30       0.30 f
  test_point_535/U6/Y (MX2X1)                             0.56       0.86 f
  U3_cpu/U1_datapath/U3_alu/U8_div/U214/Y (INVX2)         0.59       1.45 r
  U3_cpu/U1_datapath/U3_alu/U8_div/CurrentCount_reg_4_/SN (SDFFSX1)
                                                          0.00       1.45 r
  data arrival time                                                  1.45

  clock clk (rise edge)                                   0.00       0.00
  clock network delay (ideal)                             1.50       1.50
  clock uncertainty                                       0.30       1.80
  U3_cpu/U1_datapath/U3_alu/U8_div/CurrentCount_reg_4_/CK (SDFFSX1)
                                                                     1.80 r
  library removal time                                    0.13       1.93
  data required time                                                 1.93
  ------------------------------------------------------------------------------
  data required time                                                 1.93
  data arrival time                                                 -1.45
  ------------------------------------------------------------------------------
  slack (VIOLATED)                                                  -0.48


  Startpoint: test_mode (input port)
  Endpoint: U3_cpu/U1_datapath/U1_sfr/U_uart/rx_done_reg
               (removal check against rising-edge clock clk)
  Path Group: **async_default**
  Path Type: min

  Point                                                   Incr       Path
  ------------------------------------------------------------------------------
  clock (input port clock) (rise edge)                    0.00       0.00
  clock network delay (ideal)                             0.00       0.00
  input external delay                                    0.00       0.00 f
  test_mode (in)                                          0.00       0.00 f
  PI_test_mode/C (PDIDGZ)                                 0.30       0.30 f
  test_point_535/U6/Y (MX2X1)                             0.56       0.86 f
  U3_cpu/U1_datapath/U1_sfr/U_uart/U508/Y (INVX4)         0.67       1.53 r
  U3_cpu/U1_datapath/U1_sfr/U_uart/rx_done_reg/SN (SDFFSX1)
                                                          0.00       1.53 r
  data arrival time                                                  1.53

  clock clk (rise edge)                                   0.00       0.00
  clock network delay (ideal)                             1.50       1.50
  clock uncertainty                                       0.30       1.80
  U3_cpu/U1_datapath/U1_sfr/U_uart/rx_done_reg/CK (SDFFSX1)          1.80 r
  library removal time                                    0.15       1.95
  data required time                                                 1.95
  ------------------------------------------------------------------------------
  data required time                                                 1.95
  data arrival time                                                 -1.53
  ------------------------------------------------------------------------------
  slack (VIOLATED)                                                  -0.42


  Startpoint: test_mode (input port)
  Endpoint: U3_cpu/U1_datapath/U1_sfr/U_uart/rxdi_r_reg
               (removal check against rising-edge clock clk)
  Path Group: **async_default**
  Path Type: min

  Point                                                   Incr       Path
  ------------------------------------------------------------------------------
  clock (input port clock) (rise edge)                    0.00       0.00
  clock network delay (ideal)                             0.00       0.00
  input external delay                                    0.00       0.00 f
  test_mode (in)                                          0.00       0.00 f
  PI_test_mode/C (PDIDGZ)                                 0.30       0.30 f
  test_point_535/U6/Y (MX2X1)                             0.56       0.86 f
  U3_cpu/U1_datapath/U1_sfr/U_uart/U508/Y (INVX4)         0.67       1.53 r
  U3_cpu/U1_datapath/U1_sfr/U_uart/rxdi_r_reg/SN (SDFFSX1)
                                                          0.00       1.53 r
  data arrival time                                                  1.53

  clock clk (rise edge)                                   0.00       0.00
  clock network delay (ideal)                             1.50       1.50
  clock uncertainty                                       0.30       1.80
  U3_cpu/U1_datapath/U1_sfr/U_uart/rxdi_r_reg/CK (SDFFSX1)           1.80 r
  library removal time                                    0.15       1.95
  data required time                                                 1.95
  ------------------------------------------------------------------------------
  data required time                                                 1.95
  data arrival time                                                 -1.53
  ------------------------------------------------------------------------------
  slack (VIOLATED)                                                  -0.42


  Startpoint: test_mode (input port)
  Endpoint: U3_cpu/U1_datapath/U1_sfr/U1_dptr/out_dptr_reg_0_
               (removal check against rising-edge clock clk)
  Path Group: **async_default**
  Path Type: min

  Point                                                   Incr       Path
  ------------------------------------------------------------------------------
  clock (input port clock) (rise edge)                    0.00       0.00
  clock network delay (ideal)                             0.00       0.00
  input external delay                                    0.00       0.00 f
  test_mode (in)                                          0.00       0.00 f
  PI_test_mode/C (PDIDGZ)                                 0.30       0.30 f
  test_point_535/U6/Y (MX2X1)                             0.56       0.86 f
  U3_cpu/U1_datapath/U1_sfr/U1_dptr/U115/Y (INVX1)        0.58       1.44 r
  U3_cpu/U1_datapath/U1_sfr/U1_dptr/out_dptr_reg_0_/RN (SDFFSRX2)
                                                          0.00       1.44 r
  data arrival time                                                  1.44

  clock clk (rise edge)                                   0.00       0.00
  clock network delay (ideal)                             1.50       1.50
  clock uncertainty                                       0.30       1.80
  U3_cpu/U1_datapath/U1_sfr/U1_dptr/out_dptr_reg_0_/CK (SDFFSRX2)
                                                                     1.80 r
  library removal time                                   -0.03       1.77
  data required time                                                 1.77
  ------------------------------------------------------------------------------
  data required time                                                 1.77
  data arrival time                                                 -1.44
  ------------------------------------------------------------------------------
  slack (VIOLATED)                                                  -0.33


  Startpoint: test_mode (input port)
  Endpoint: U3_cpu/U1_datapath/U1_sfr/U1_dptr/out_dptr_reg_1_
               (removal check against rising-edge clock clk)
  Path Group: **async_default**
  Path Type: min

  Point                                                   Incr       Path
  ------------------------------------------------------------------------------
  clock (input port clock) (rise edge)                    0.00       0.00
  clock network delay (ideal)                             0.00       0.00
  input external delay                                    0.00       0.00 f
  test_mode (in)                                          0.00       0.00 f
  PI_test_mode/C (PDIDGZ)                                 0.30       0.30 f
  test_point_535/U6/Y (MX2X1)                             0.56       0.86 f
  U3_cpu/U1_datapath/U1_sfr/U1_dptr/U115/Y (INVX1)        0.58       1.44 r
  U3_cpu/U1_datapath/U1_sfr/U1_dptr/out_dptr_reg_1_/RN (SDFFSRX2)
                                                          0.00       1.44 r
  data arrival time                                                  1.44

  clock clk (rise edge)                                   0.00       0.00
  clock network delay (ideal)                             1.50       1.50
  clock uncertainty                                       0.30       1.80
  U3_cpu/U1_datapath/U1_sfr/U1_dptr/out_dptr_reg_1_/CK (SDFFSRX2)
                                                                     1.80 r
  library removal time                                   -0.03       1.77
  data required time                                                 1.77
  ------------------------------------------------------------------------------
  data required time                                                 1.77
  data arrival time                                                 -1.44
  ------------------------------------------------------------------------------
  slack (VIOLATED)                                                  -0.33


  Startpoint: test_mode (input port)
  Endpoint: U3_cpu/U1_datapath/U1_sfr/U1_dptr/out_dptr_reg_2_
               (removal check against rising-edge clock clk)
  Path Group: **async_default**
  Path Type: min

  Point                                                   Incr       Path
  ------------------------------------------------------------------------------
  clock (input port clock) (rise edge)                    0.00       0.00
  clock network delay (ideal)                             0.00       0.00
  input external delay                                    0.00       0.00 f
  test_mode (in)                                          0.00       0.00 f
  PI_test_mode/C (PDIDGZ)                                 0.30       0.30 f
  test_point_535/U6/Y (MX2X1)                             0.56       0.86 f
  U3_cpu/U1_datapath/U1_sfr/U1_dptr/U115/Y (INVX1)        0.58       1.44 r
  U3_cpu/U1_datapath/U1_sfr/U1_dptr/out_dptr_reg_2_/RN (SDFFSRX2)
                                                          0.00       1.44 r
  data arrival time                                                  1.44

  clock clk (rise edge)                                   0.00       0.00
  clock network delay (ideal)                             1.50       1.50
  clock uncertainty                                       0.30       1.80
  U3_cpu/U1_datapath/U1_sfr/U1_dptr/out_dptr_reg_2_/CK (SDFFSRX2)
                                                                     1.80 r
  library removal time                                   -0.03       1.77
  data required time                                                 1.77
  ------------------------------------------------------------------------------
  data required time                                                 1.77
  data arrival time                                                 -1.44
  ------------------------------------------------------------------------------
  slack (VIOLATED)                                                  -0.33


  Startpoint: test_mode (input port)
  Endpoint: U3_cpu/U1_datapath/U1_sfr/U1_dptr/out_dptr_reg_3_
               (removal check against rising-edge clock clk)
  Path Group: **async_default**
  Path Type: min

  Point                                                   Incr       Path
  ------------------------------------------------------------------------------
  clock (input port clock) (rise edge)                    0.00       0.00
  clock network delay (ideal)                             0.00       0.00
  input external delay                                    0.00       0.00 f
  test_mode (in)                                          0.00       0.00 f
  PI_test_mode/C (PDIDGZ)                                 0.30       0.30 f
  test_point_535/U6/Y (MX2X1)                             0.56       0.86 f
  U3_cpu/U1_datapath/U1_sfr/U1_dptr/U115/Y (INVX1)        0.58       1.44 r
  U3_cpu/U1_datapath/U1_sfr/U1_dptr/out_dptr_reg_3_/RN (SDFFSRX2)
                                                          0.00       1.44 r
  data arrival time                                                  1.44

  clock clk (rise edge)                                   0.00       0.00
  clock network delay (ideal)                             1.50       1.50
  clock uncertainty                                       0.30       1.80
  U3_cpu/U1_datapath/U1_sfr/U1_dptr/out_dptr_reg_3_/CK (SDFFSRX2)
                                                                     1.80 r
  library removal time                                   -0.03       1.77
  data required time                                                 1.77
  ------------------------------------------------------------------------------
  data required time                                                 1.77
  data arrival time                                                 -1.44
  ------------------------------------------------------------------------------
  slack (VIOLATED)                                                  -0.33


  Startpoint: test_mode (input port)
  Endpoint: U3_cpu/U1_datapath/U1_sfr/U1_dptr/out_dptr_reg_4_
               (removal check against rising-edge clock clk)
  Path Group: **async_default**
  Path Type: min

  Point                                                   Incr       Path
  ------------------------------------------------------------------------------
  clock (input port clock) (rise edge)                    0.00       0.00
  clock network delay (ideal)                             0.00       0.00
  input external delay                                    0.00       0.00 f
  test_mode (in)                                          0.00       0.00 f
  PI_test_mode/C (PDIDGZ)                                 0.30       0.30 f
  test_point_535/U6/Y (MX2X1)                             0.56       0.86 f
  U3_cpu/U1_datapath/U1_sfr/U1_dptr/U115/Y (INVX1)        0.58       1.44 r
  U3_cpu/U1_datapath/U1_sfr/U1_dptr/out_dptr_reg_4_/RN (SDFFSRX2)
                                                          0.00       1.44 r
  data arrival time                                                  1.44

  clock clk (rise edge)                                   0.00       0.00
  clock network delay (ideal)                             1.50       1.50
  clock uncertainty                                       0.30       1.80
  U3_cpu/U1_datapath/U1_sfr/U1_dptr/out_dptr_reg_4_/CK (SDFFSRX2)
                                                                     1.80 r
  library removal time                                   -0.03       1.77
  data required time                                                 1.77
  ------------------------------------------------------------------------------
  data required time                                                 1.77
  data arrival time                                                 -1.44
  ------------------------------------------------------------------------------
  slack (VIOLATED)                                                  -0.33


  Startpoint: test_mode (input port)
  Endpoint: U3_cpu/U1_datapath/U1_sfr/U1_dptr/out_dptr_reg_5_
               (removal check against rising-edge clock clk)
  Path Group: **async_default**
  Path Type: min

  Point                                                   Incr       Path
  ------------------------------------------------------------------------------
  clock (input port clock) (rise edge)                    0.00       0.00
  clock network delay (ideal)                             0.00       0.00
  input external delay                                    0.00       0.00 f
  test_mode (in)                                          0.00       0.00 f
  PI_test_mode/C (PDIDGZ)                                 0.30       0.30 f
  test_point_535/U6/Y (MX2X1)                             0.56       0.86 f
  U3_cpu/U1_datapath/U1_sfr/U1_dptr/U115/Y (INVX1)        0.58       1.44 r
  U3_cpu/U1_datapath/U1_sfr/U1_dptr/out_dptr_reg_5_/RN (SDFFSRX2)
                                                          0.00       1.44 r
  data arrival time                                                  1.44

  clock clk (rise edge)                                   0.00       0.00
  clock network delay (ideal)                             1.50       1.50
  clock uncertainty                                       0.30       1.80
  U3_cpu/U1_datapath/U1_sfr/U1_dptr/out_dptr_reg_5_/CK (SDFFSRX2)
                                                                     1.80 r
  library removal time                                   -0.03       1.77
  data required time                                                 1.77
  ------------------------------------------------------------------------------
  data required time                                                 1.77
  data arrival time                                                 -1.44
  ------------------------------------------------------------------------------
  slack (VIOLATED)                                                  -0.33


  Startpoint: test_mode (input port)
  Endpoint: U3_cpu/U1_datapath/U1_sfr/U1_dptr/out_dptr_reg_6_
               (removal check against rising-edge clock clk)
  Path Group: **async_default**
  Path Type: min

  Point                                                   Incr       Path
  ------------------------------------------------------------------------------
  clock (input port clock) (rise edge)                    0.00       0.00
  clock network delay (ideal)                             0.00       0.00
  input external delay                                    0.00       0.00 f
  test_mode (in)                                          0.00       0.00 f
  PI_test_mode/C (PDIDGZ)                                 0.30       0.30 f
  test_point_535/U6/Y (MX2X1)                             0.56       0.86 f
  U3_cpu/U1_datapath/U1_sfr/U1_dptr/U115/Y (INVX1)        0.58       1.44 r
  U3_cpu/U1_datapath/U1_sfr/U1_dptr/out_dptr_reg_6_/RN (SDFFSRX2)
                                                          0.00       1.44 r
  data arrival time                                                  1.44

  clock clk (rise edge)                                   0.00       0.00
  clock network delay (ideal)                             1.50       1.50
  clock uncertainty                                       0.30       1.80
  U3_cpu/U1_datapath/U1_sfr/U1_dptr/out_dptr_reg_6_/CK (SDFFSRX2)
                                                                     1.80 r
  library removal time                                   -0.03       1.77
  data required time                                                 1.77
  ------------------------------------------------------------------------------
  data required time                                                 1.77
  data arrival time                                                 -1.44
  ------------------------------------------------------------------------------
  slack (VIOLATED)                                                  -0.33


  Startpoint: test_mode (input port)
  Endpoint: U3_cpu/U1_datapath/U1_sfr/U1_dptr/out_dptr_reg_7_
               (removal check against rising-edge clock clk)
  Path Group: **async_default**
  Path Type: min

  Point                                                   Incr       Path
  ------------------------------------------------------------------------------
  clock (input port clock) (rise edge)                    0.00       0.00
  clock network delay (ideal)                             0.00       0.00
  input external delay                                    0.00       0.00 f
  test_mode (in)                                          0.00       0.00 f
  PI_test_mode/C (PDIDGZ)                                 0.30       0.30 f
  test_point_535/U6/Y (MX2X1)                             0.56       0.86 f
  U3_cpu/U1_datapath/U1_sfr/U1_dptr/U115/Y (INVX1)        0.58       1.44 r
  U3_cpu/U1_datapath/U1_sfr/U1_dptr/out_dptr_reg_7_/RN (SDFFSRX2)
                                                          0.00       1.44 r
  data arrival time                                                  1.44

  clock clk (rise edge)                                   0.00       0.00
  clock network delay (ideal)                             1.50       1.50
  clock uncertainty                                       0.30       1.80
  U3_cpu/U1_datapath/U1_sfr/U1_dptr/out_dptr_reg_7_/CK (SDFFSRX2)
                                                                     1.80 r
  library removal time                                   -0.03       1.77
  data required time                                                 1.77
  ------------------------------------------------------------------------------
  data required time                                                 1.77
  data arrival time                                                 -1.44
  ------------------------------------------------------------------------------
  slack (VIOLATED)                                                  -0.33


  Startpoint: test_mode (input port)
  Endpoint: U3_cpu/U1_datapath/U1_sfr/U1_dptr/out_dptr_reg_8_
               (removal check against rising-edge clock clk)
  Path Group: **async_default**
  Path Type: min

  Point                                                   Incr       Path
  ------------------------------------------------------------------------------
  clock (input port clock) (rise edge)                    0.00       0.00
  clock network delay (ideal)                             0.00       0.00
  input external delay                                    0.00       0.00 f
  test_mode (in)                                          0.00       0.00 f
  PI_test_mode/C (PDIDGZ)                                 0.30       0.30 f
  test_point_535/U6/Y (MX2X1)                             0.56       0.86 f
  U3_cpu/U1_datapath/U1_sfr/U1_dptr/U115/Y (INVX1)        0.58       1.44 r
  U3_cpu/U1_datapath/U1_sfr/U1_dptr/out_dptr_reg_8_/RN (SDFFSRX2)
                                                          0.00       1.44 r
  data arrival time                                                  1.44

  clock clk (rise edge)                                   0.00       0.00
  clock network delay (ideal)                             1.50       1.50
  clock uncertainty                                       0.30       1.80
  U3_cpu/U1_datapath/U1_sfr/U1_dptr/out_dptr_reg_8_/CK (SDFFSRX2)
                                                                     1.80 r
  library removal time                                   -0.03       1.77
  data required time                                                 1.77
  ------------------------------------------------------------------------------
  data required time                                                 1.77
  data arrival time                                                 -1.44
  ------------------------------------------------------------------------------
  slack (VIOLATED)                                                  -0.33


  Startpoint: test_mode (input port)
  Endpoint: U3_cpu/U1_datapath/U1_sfr/U1_dptr/out_dptr_reg_9_
               (removal check against rising-edge clock clk)
  Path Group: **async_default**
  Path Type: min

  Point                                                   Incr       Path
  ------------------------------------------------------------------------------
  clock (input port clock) (rise edge)                    0.00       0.00
  clock network delay (ideal)                             0.00       0.00
  input external delay                                    0.00       0.00 f
  test_mode (in)                                          0.00       0.00 f
  PI_test_mode/C (PDIDGZ)                                 0.30       0.30 f
  test_point_535/U6/Y (MX2X1)                             0.56       0.86 f
  U3_cpu/U1_datapath/U1_sfr/U1_dptr/U115/Y (INVX1)        0.58       1.44 r
  U3_cpu/U1_datapath/U1_sfr/U1_dptr/out_dptr_reg_9_/RN (SDFFSRX2)
                                                          0.00       1.44 r
  data arrival time                                                  1.44

  clock clk (rise edge)                                   0.00       0.00
  clock network delay (ideal)                             1.50       1.50
  clock uncertainty                                       0.30       1.80
  U3_cpu/U1_datapath/U1_sfr/U1_dptr/out_dptr_reg_9_/CK (SDFFSRX2)
                                                                     1.80 r
  library removal time                                   -0.03       1.77
  data required time                                                 1.77
  ------------------------------------------------------------------------------
  data required time                                                 1.77
  data arrival time                                                 -1.44
  ------------------------------------------------------------------------------
  slack (VIOLATED)                                                  -0.33


  Startpoint: test_mode (input port)
  Endpoint: U3_cpu/U1_datapath/U1_sfr/U1_dptr/out_dptr_reg_10_
               (removal check against rising-edge clock clk)
  Path Group: **async_default**
  Path Type: min

  Point                                                   Incr       Path
  ------------------------------------------------------------------------------
  clock (input port clock) (rise edge)                    0.00       0.00
  clock network delay (ideal)                             0.00       0.00
  input external delay                                    0.00       0.00 f
  test_mode (in)                                          0.00       0.00 f
  PI_test_mode/C (PDIDGZ)                                 0.30       0.30 f
  test_point_535/U6/Y (MX2X1)                             0.56       0.86 f
  U3_cpu/U1_datapath/U1_sfr/U1_dptr/U115/Y (INVX1)        0.58       1.44 r
  U3_cpu/U1_datapath/U1_sfr/U1_dptr/out_dptr_reg_10_/RN (SDFFSRX2)
                                                          0.00       1.44 r
  data arrival time                                                  1.44

  clock clk (rise edge)                                   0.00       0.00
  clock network delay (ideal)                             1.50       1.50
  clock uncertainty                                       0.30       1.80
  U3_cpu/U1_datapath/U1_sfr/U1_dptr/out_dptr_reg_10_/CK (SDFFSRX2)
                                                                     1.80 r
  library removal time                                   -0.03       1.77
  data required time                                                 1.77
  ------------------------------------------------------------------------------
  data required time                                                 1.77
  data arrival time                                                 -1.44
  ------------------------------------------------------------------------------
  slack (VIOLATED)                                                  -0.33


  Startpoint: test_mode (input port)
  Endpoint: U3_cpu/U1_datapath/U1_sfr/U1_dptr/out_dptr_reg_11_
               (removal check against rising-edge clock clk)
  Path Group: **async_default**
  Path Type: min

  Point                                                   Incr       Path
  ------------------------------------------------------------------------------
  clock (input port clock) (rise edge)                    0.00       0.00
  clock network delay (ideal)                             0.00       0.00
  input external delay                                    0.00       0.00 f
  test_mode (in)                                          0.00       0.00 f
  PI_test_mode/C (PDIDGZ)                                 0.30       0.30 f
  test_point_535/U6/Y (MX2X1)                             0.56       0.86 f
  U3_cpu/U1_datapath/U1_sfr/U1_dptr/U115/Y (INVX1)        0.58       1.44 r
  U3_cpu/U1_datapath/U1_sfr/U1_dptr/out_dptr_reg_11_/RN (SDFFSRX2)
                                                          0.00       1.44 r
  data arrival time                                                  1.44

  clock clk (rise edge)                                   0.00       0.00
  clock network delay (ideal)                             1.50       1.50
  clock uncertainty                                       0.30       1.80
  U3_cpu/U1_datapath/U1_sfr/U1_dptr/out_dptr_reg_11_/CK (SDFFSRX2)
                                                                     1.80 r
  library removal time                                   -0.03       1.77
  data required time                                                 1.77
  ------------------------------------------------------------------------------
  data required time                                                 1.77
  data arrival time                                                 -1.44
  ------------------------------------------------------------------------------
  slack (VIOLATED)                                                  -0.33


  Startpoint: test_mode (input port)
  Endpoint: U3_cpu/U1_datapath/U1_sfr/U1_dptr/out_dptr_reg_12_
               (removal check against rising-edge clock clk)
  Path Group: **async_default**
  Path Type: min

  Point                                                   Incr       Path
  ------------------------------------------------------------------------------
  clock (input port clock) (rise edge)                    0.00       0.00
  clock network delay (ideal)                             0.00       0.00
  input external delay                                    0.00       0.00 f
  test_mode (in)                                          0.00       0.00 f
  PI_test_mode/C (PDIDGZ)                                 0.30       0.30 f
  test_point_535/U6/Y (MX2X1)                             0.56       0.86 f
  U3_cpu/U1_datapath/U1_sfr/U1_dptr/U115/Y (INVX1)        0.58       1.44 r
  U3_cpu/U1_datapath/U1_sfr/U1_dptr/out_dptr_reg_12_/RN (SDFFSRX2)
                                                          0.00       1.44 r
  data arrival time                                                  1.44

  clock clk (rise edge)                                   0.00       0.00
  clock network delay (ideal)                             1.50       1.50
  clock uncertainty                                       0.30       1.80
  U3_cpu/U1_datapath/U1_sfr/U1_dptr/out_dptr_reg_12_/CK (SDFFSRX2)
                                                                     1.80 r
  library removal time                                   -0.03       1.77
  data required time                                                 1.77
  ------------------------------------------------------------------------------
  data required time                                                 1.77
  data arrival time                                                 -1.44
  ------------------------------------------------------------------------------
  slack (VIOLATED)                                                  -0.33


  Startpoint: test_mode (input port)
  Endpoint: U3_cpu/U1_datapath/U1_sfr/U1_dptr/out_dptr_reg_13_
               (removal check against rising-edge clock clk)
  Path Group: **async_default**
  Path Type: min

  Point                                                   Incr       Path
  ------------------------------------------------------------------------------
  clock (input port clock) (rise edge)                    0.00       0.00
  clock network delay (ideal)                             0.00       0.00
  input external delay                                    0.00       0.00 f
  test_mode (in)                                          0.00       0.00 f
  PI_test_mode/C (PDIDGZ)                                 0.30       0.30 f
  test_point_535/U6/Y (MX2X1)                             0.56       0.86 f
  U3_cpu/U1_datapath/U1_sfr/U1_dptr/U115/Y (INVX1)        0.58       1.44 r
  U3_cpu/U1_datapath/U1_sfr/U1_dptr/out_dptr_reg_13_/RN (SDFFSRX2)
                                                          0.00       1.44 r
  data arrival time                                                  1.44

  clock clk (rise edge)                                   0.00       0.00
  clock network delay (ideal)                             1.50       1.50
  clock uncertainty                                       0.30       1.80
  U3_cpu/U1_datapath/U1_sfr/U1_dptr/out_dptr_reg_13_/CK (SDFFSRX2)
                                                                     1.80 r
  library removal time                                   -0.03       1.77
  data required time                                                 1.77
  ------------------------------------------------------------------------------
  data required time                                                 1.77
  data arrival time                                                 -1.44
  ------------------------------------------------------------------------------
  slack (VIOLATED)                                                  -0.33


  Startpoint: test_mode (input port)
  Endpoint: U3_cpu/U1_datapath/U1_sfr/U1_dptr/out_dptr_reg_14_
               (removal check against rising-edge clock clk)
  Path Group: **async_default**
  Path Type: min

  Point                                                   Incr       Path
  ------------------------------------------------------------------------------
  clock (input port clock) (rise edge)                    0.00       0.00
  clock network delay (ideal)                             0.00       0.00
  input external delay                                    0.00       0.00 f
  test_mode (in)                                          0.00       0.00 f
  PI_test_mode/C (PDIDGZ)                                 0.30       0.30 f
  test_point_535/U6/Y (MX2X1)                             0.56       0.86 f
  U3_cpu/U1_datapath/U1_sfr/U1_dptr/U115/Y (INVX1)        0.58       1.44 r
  U3_cpu/U1_datapath/U1_sfr/U1_dptr/out_dptr_reg_14_/RN (SDFFSRX2)
                                                          0.00       1.44 r
  data arrival time                                                  1.44

  clock clk (rise edge)                                   0.00       0.00
  clock network delay (ideal)                             1.50       1.50
  clock uncertainty                                       0.30       1.80
  U3_cpu/U1_datapath/U1_sfr/U1_dptr/out_dptr_reg_14_/CK (SDFFSRX2)
                                                                     1.80 r
  library removal time                                   -0.03       1.77
  data required time                                                 1.77
  ------------------------------------------------------------------------------
  data required time                                                 1.77
  data arrival time                                                 -1.44
  ------------------------------------------------------------------------------
  slack (VIOLATED)                                                  -0.33


  Startpoint: test_mode (input port)
  Endpoint: U3_cpu/U1_datapath/U1_sfr/U1_dptr/out_dptr_reg_15_
               (removal check against rising-edge clock clk)
  Path Group: **async_default**
  Path Type: min

  Point                                                   Incr       Path
  ------------------------------------------------------------------------------
  clock (input port clock) (rise edge)                    0.00       0.00
  clock network delay (ideal)                             0.00       0.00
  input external delay                                    0.00       0.00 f
  test_mode (in)                                          0.00       0.00 f
  PI_test_mode/C (PDIDGZ)                                 0.30       0.30 f
  test_point_535/U6/Y (MX2X1)                             0.56       0.86 f
  U3_cpu/U1_datapath/U1_sfr/U1_dptr/U115/Y (INVX1)        0.58       1.44 r
  U3_cpu/U1_datapath/U1_sfr/U1_dptr/out_dptr_reg_15_/RN (SDFFSRX2)
                                                          0.00       1.44 r
  data arrival time                                                  1.44

  clock clk (rise edge)                                   0.00       0.00
  clock network delay (ideal)                             1.50       1.50
  clock uncertainty                                       0.30       1.80
  U3_cpu/U1_datapath/U1_sfr/U1_dptr/out_dptr_reg_15_/CK (SDFFSRX2)
                                                                     1.80 r
  library removal time                                   -0.03       1.77
  data required time                                                 1.77
  ------------------------------------------------------------------------------
  data required time                                                 1.77
  data arrival time                                                 -1.44
  ------------------------------------------------------------------------------
  slack (VIOLATED)                                                  -0.33


  Startpoint: test_mode (input port)
  Endpoint: U3_cpu/U1_datapath/U1_sfr/U_tcon/set_ie0_d1_reg
               (removal check against rising-edge clock clk)
  Path Group: **async_default**
  Path Type: min

  Point                                                   Incr       Path
  ------------------------------------------------------------------------------
  clock (input port clock) (rise edge)                    0.00       0.00
  clock network delay (ideal)                             0.00       0.00
  input external delay                                    0.00       0.00 f
  test_mode (in)                                          0.00       0.00 f
  PI_test_mode/C (PDIDGZ)                                 0.30       0.30 f
  test_point_535/U6/Y (MX2X1)                             0.56       0.86 f
  U3_cpu/U1_datapath/U1_sfr/U_tcon/U58/Y (INVX1)          0.58       1.44 r
  U3_cpu/U1_datapath/U1_sfr/U_tcon/set_ie0_d1_reg/RN (SDFFRHQX1)
                                                          0.00       1.44 r
  data arrival time                                                  1.44

  clock clk (rise edge)                                   0.00       0.00
  clock network delay (ideal)                             1.50       1.50
  clock uncertainty                                       0.30       1.80
  U3_cpu/U1_datapath/U1_sfr/U_tcon/set_ie0_d1_reg/CK (SDFFRHQX1)     1.80 r
  library removal time                                   -0.03       1.77
  data required time                                                 1.77
  ------------------------------------------------------------------------------
  data required time                                                 1.77
  data arrival time                                                 -1.44
  ------------------------------------------------------------------------------
  slack (VIOLATED)                                                  -0.33


  Startpoint: test_mode (input port)
  Endpoint: U3_cpu/U1_datapath/U1_sfr/U_tcon/set_ie0_d2_reg
               (removal check against rising-edge clock clk)
  Path Group: **async_default**
  Path Type: min

  Point                                                   Incr       Path
  ------------------------------------------------------------------------------
  clock (input port clock) (rise edge)                    0.00       0.00
  clock network delay (ideal)                             0.00       0.00
  input external delay                                    0.00       0.00 f
  test_mode (in)                                          0.00       0.00 f
  PI_test_mode/C (PDIDGZ)                                 0.30       0.30 f
  test_point_535/U6/Y (MX2X1)                             0.56       0.86 f
  U3_cpu/U1_datapath/U1_sfr/U_tcon/U58/Y (INVX1)          0.58       1.44 r
  U3_cpu/U1_datapath/U1_sfr/U_tcon/set_ie0_d2_reg/RN (SDFFRHQX1)
                                                          0.00       1.44 r
  data arrival time                                                  1.44

  clock clk (rise edge)                                   0.00       0.00
  clock network delay (ideal)                             1.50       1.50
  clock uncertainty                                       0.30       1.80
  U3_cpu/U1_datapath/U1_sfr/U_tcon/set_ie0_d2_reg/CK (SDFFRHQX1)     1.80 r
  library removal time                                   -0.03       1.77
  data required time                                                 1.77
  ------------------------------------------------------------------------------
  data required time                                                 1.77
  data arrival time                                                 -1.44
  ------------------------------------------------------------------------------
  slack (VIOLATED)                                                  -0.33


  Startpoint: test_mode (input port)
  Endpoint: U3_cpu/U1_datapath/U1_sfr/U_tcon/set_ie1_d1_reg
               (removal check against rising-edge clock clk)
  Path Group: **async_default**
  Path Type: min

  Point                                                   Incr       Path
  ------------------------------------------------------------------------------
  clock (input port clock) (rise edge)                    0.00       0.00
  clock network delay (ideal)                             0.00       0.00
  input external delay                                    0.00       0.00 f
  test_mode (in)                                          0.00       0.00 f
  PI_test_mode/C (PDIDGZ)                                 0.30       0.30 f
  test_point_535/U6/Y (MX2X1)                             0.56       0.86 f
  U3_cpu/U1_datapath/U1_sfr/U_tcon/U58/Y (INVX1)          0.58       1.44 r
  U3_cpu/U1_datapath/U1_sfr/U_tcon/set_ie1_d1_reg/RN (SDFFRHQX1)
                                                          0.00       1.44 r
  data arrival time                                                  1.44

  clock clk (rise edge)                                   0.00       0.00
  clock network delay (ideal)                             1.50       1.50
  clock uncertainty                                       0.30       1.80
  U3_cpu/U1_datapath/U1_sfr/U_tcon/set_ie1_d1_reg/CK (SDFFRHQX1)     1.80 r
  library removal time                                   -0.03       1.77
  data required time                                                 1.77
  ------------------------------------------------------------------------------
  data required time                                                 1.77
  data arrival time                                                 -1.44
  ------------------------------------------------------------------------------
  slack (VIOLATED)                                                  -0.33


  Startpoint: test_mode (input port)
  Endpoint: U3_cpu/U1_datapath/U1_sfr/U_tcon/set_ie1_d2_reg
               (removal check against rising-edge clock clk)
  Path Group: **async_default**
  Path Type: min

  Point                                                   Incr       Path
  ------------------------------------------------------------------------------
  clock (input port clock) (rise edge)                    0.00       0.00
  clock network delay (ideal)                             0.00       0.00
  input external delay                                    0.00       0.00 f
  test_mode (in)                                          0.00       0.00 f
  PI_test_mode/C (PDIDGZ)                                 0.30       0.30 f
  test_point_535/U6/Y (MX2X1)                             0.56       0.86 f
  U3_cpu/U1_datapath/U1_sfr/U_tcon/U58/Y (INVX1)          0.58       1.44 r
  U3_cpu/U1_datapath/U1_sfr/U_tcon/set_ie1_d2_reg/RN (SDFFRHQX1)
                                                          0.00       1.44 r
  data arrival time                                                  1.44

  clock clk (rise edge)                                   0.00       0.00
  clock network delay (ideal)                             1.50       1.50
  clock uncertainty                                       0.30       1.80
  U3_cpu/U1_datapath/U1_sfr/U_tcon/set_ie1_d2_reg/CK (SDFFRHQX1)     1.80 r
  library removal time                                   -0.03       1.77
  data required time                                                 1.77
  ------------------------------------------------------------------------------
  data required time                                                 1.77
  data arrival time                                                 -1.44
  ------------------------------------------------------------------------------
  slack (VIOLATED)                                                  -0.33


  Startpoint: test_mode (input port)
  Endpoint: U3_cpu/U1_datapath/U1_sfr/U_tcon/set_tf0_d1_reg
               (removal check against rising-edge clock clk)
  Path Group: **async_default**
  Path Type: min

  Point                                                   Incr       Path
  ------------------------------------------------------------------------------
  clock (input port clock) (rise edge)                    0.00       0.00
  clock network delay (ideal)                             0.00       0.00
  input external delay                                    0.00       0.00 f
  test_mode (in)                                          0.00       0.00 f
  PI_test_mode/C (PDIDGZ)                                 0.30       0.30 f
  test_point_535/U6/Y (MX2X1)                             0.56       0.86 f
  U3_cpu/U1_datapath/U1_sfr/U_tcon/U58/Y (INVX1)          0.58       1.44 r
  U3_cpu/U1_datapath/U1_sfr/U_tcon/set_tf0_d1_reg/RN (SDFFRHQX1)
                                                          0.00       1.44 r
  data arrival time                                                  1.44

  clock clk (rise edge)                                   0.00       0.00
  clock network delay (ideal)                             1.50       1.50
  clock uncertainty                                       0.30       1.80
  U3_cpu/U1_datapath/U1_sfr/U_tcon/set_tf0_d1_reg/CK (SDFFRHQX1)     1.80 r
  library removal time                                   -0.03       1.77
  data required time                                                 1.77
  ------------------------------------------------------------------------------
  data required time                                                 1.77
  data arrival time                                                 -1.44
  ------------------------------------------------------------------------------
  slack (VIOLATED)                                                  -0.33


  Startpoint: test_mode (input port)
  Endpoint: U3_cpu/U1_datapath/U1_sfr/U_tcon/set_tf0_d2_reg
               (removal check against rising-edge clock clk)
  Path Group: **async_default**
  Path Type: min

  Point                                                   Incr       Path
  ------------------------------------------------------------------------------
  clock (input port clock) (rise edge)                    0.00       0.00
  clock network delay (ideal)                             0.00       0.00
  input external delay                                    0.00       0.00 f
  test_mode (in)                                          0.00       0.00 f
  PI_test_mode/C (PDIDGZ)                                 0.30       0.30 f
  test_point_535/U6/Y (MX2X1)                             0.56       0.86 f
  U3_cpu/U1_datapath/U1_sfr/U_tcon/U58/Y (INVX1)          0.58       1.44 r
  U3_cpu/U1_datapath/U1_sfr/U_tcon/set_tf0_d2_reg/RN (SDFFRHQX1)
                                                          0.00       1.44 r
  data arrival time                                                  1.44

  clock clk (rise edge)                                   0.00       0.00
  clock network delay (ideal)                             1.50       1.50
  clock uncertainty                                       0.30       1.80
  U3_cpu/U1_datapath/U1_sfr/U_tcon/set_tf0_d2_reg/CK (SDFFRHQX1)     1.80 r
  library removal time                                   -0.03       1.77
  data required time                                                 1.77
  ------------------------------------------------------------------------------
  data required time                                                 1.77
  data arrival time                                                 -1.44
  ------------------------------------------------------------------------------
  slack (VIOLATED)                                                  -0.33


  Startpoint: test_mode (input port)
  Endpoint: U3_cpu/U1_datapath/U1_sfr/U_tcon/set_tf1_d1_reg
               (removal check against rising-edge clock clk)
  Path Group: **async_default**
  Path Type: min

  Point                                                   Incr       Path
  ------------------------------------------------------------------------------
  clock (input port clock) (rise edge)                    0.00       0.00
  clock network delay (ideal)                             0.00       0.00
  input external delay                                    0.00       0.00 f
  test_mode (in)                                          0.00       0.00 f
  PI_test_mode/C (PDIDGZ)                                 0.30       0.30 f
  test_point_535/U6/Y (MX2X1)                             0.56       0.86 f
  U3_cpu/U1_datapath/U1_sfr/U_tcon/U58/Y (INVX1)          0.58       1.44 r
  U3_cpu/U1_datapath/U1_sfr/U_tcon/set_tf1_d1_reg/RN (SDFFRHQX1)
                                                          0.00       1.44 r
  data arrival time                                                  1.44

  clock clk (rise edge)                                   0.00       0.00
  clock network delay (ideal)                             1.50       1.50
  clock uncertainty                                       0.30       1.80
  U3_cpu/U1_datapath/U1_sfr/U_tcon/set_tf1_d1_reg/CK (SDFFRHQX1)     1.80 r
  library removal time                                   -0.03       1.77
  data required time                                                 1.77
  ------------------------------------------------------------------------------
  data required time                                                 1.77
  data arrival time                                                 -1.44
  ------------------------------------------------------------------------------
  slack (VIOLATED)                                                  -0.33


  Startpoint: test_mode (input port)
  Endpoint: U3_cpu/U1_datapath/U1_sfr/U_tcon/set_tf1_d2_reg
               (removal check against rising-edge clock clk)
  Path Group: **async_default**
  Path Type: min

  Point                                                   Incr       Path
  ------------------------------------------------------------------------------
  clock (input port clock) (rise edge)                    0.00       0.00
  clock network delay (ideal)                             0.00       0.00
  input external delay                                    0.00       0.00 f
  test_mode (in)                                          0.00       0.00 f
  PI_test_mode/C (PDIDGZ)                                 0.30       0.30 f
  test_point_535/U6/Y (MX2X1)                             0.56       0.86 f
  U3_cpu/U1_datapath/U1_sfr/U_tcon/U58/Y (INVX1)          0.58       1.44 r
  U3_cpu/U1_datapath/U1_sfr/U_tcon/set_tf1_d2_reg/RN (SDFFRHQX1)
                                                          0.00       1.44 r
  data arrival time                                                  1.44

  clock clk (rise edge)                                   0.00       0.00
  clock network delay (ideal)                             1.50       1.50
  clock uncertainty                                       0.30       1.80
  U3_cpu/U1_datapath/U1_sfr/U_tcon/set_tf1_d2_reg/CK (SDFFRHQX1)     1.80 r
  library removal time                                   -0.03       1.77
  data required time                                                 1.77
  ------------------------------------------------------------------------------
  data required time                                                 1.77
  data arrival time                                                 -1.44
  ------------------------------------------------------------------------------
  slack (VIOLATED)                                                  -0.33


  Startpoint: test_mode (input port)
  Endpoint: U3_cpu/U1_datapath/U1_sfr/U_tcon/tcon_ie0_reg
               (removal check against rising-edge clock clk)
  Path Group: **async_default**
  Path Type: min

  Point                                                   Incr       Path
  ------------------------------------------------------------------------------
  clock (input port clock) (rise edge)                    0.00       0.00
  clock network delay (ideal)                             0.00       0.00
  input external delay                                    0.00       0.00 f
  test_mode (in)                                          0.00       0.00 f
  PI_test_mode/C (PDIDGZ)                                 0.30       0.30 f
  test_point_535/U6/Y (MX2X1)                             0.56       0.86 f
  U3_cpu/U1_datapath/U1_sfr/U_tcon/U58/Y (INVX1)          0.58       1.44 r
  U3_cpu/U1_datapath/U1_sfr/U_tcon/tcon_ie0_reg/RN (SDFFSRX2)
                                                          0.00       1.44 r
  data arrival time                                                  1.44

  clock clk (rise edge)                                   0.00       0.00
  clock network delay (ideal)                             1.50       1.50
  clock uncertainty                                       0.30       1.80
  U3_cpu/U1_datapath/U1_sfr/U_tcon/tcon_ie0_reg/CK (SDFFSRX2)        1.80 r
  library removal time                                   -0.03       1.77
  data required time                                                 1.77
  ------------------------------------------------------------------------------
  data required time                                                 1.77
  data arrival time                                                 -1.44
  ------------------------------------------------------------------------------
  slack (VIOLATED)                                                  -0.33


  Startpoint: test_mode (input port)
  Endpoint: U3_cpu/U1_datapath/U1_sfr/U_tcon/tcon_ie1_reg
               (removal check against rising-edge clock clk)
  Path Group: **async_default**
  Path Type: min

  Point                                                   Incr       Path
  ------------------------------------------------------------------------------
  clock (input port clock) (rise edge)                    0.00       0.00
  clock network delay (ideal)                             0.00       0.00
  input external delay                                    0.00       0.00 f
  test_mode (in)                                          0.00       0.00 f
  PI_test_mode/C (PDIDGZ)                                 0.30       0.30 f
  test_point_535/U6/Y (MX2X1)                             0.56       0.86 f
  U3_cpu/U1_datapath/U1_sfr/U_tcon/U58/Y (INVX1)          0.58       1.44 r
  U3_cpu/U1_datapath/U1_sfr/U_tcon/tcon_ie1_reg/RN (SDFFSRX2)
                                                          0.00       1.44 r
  data arrival time                                                  1.44

  clock clk (rise edge)                                   0.00       0.00
  clock network delay (ideal)                             1.50       1.50
  clock uncertainty                                       0.30       1.80
  U3_cpu/U1_datapath/U1_sfr/U_tcon/tcon_ie1_reg/CK (SDFFSRX2)        1.80 r
  library removal time                                   -0.03       1.77
  data required time                                                 1.77
  ------------------------------------------------------------------------------
  data required time                                                 1.77
  data arrival time                                                 -1.44
  ------------------------------------------------------------------------------
  slack (VIOLATED)                                                  -0.33


  Startpoint: test_mode (input port)
  Endpoint: U3_cpu/U1_datapath/U1_sfr/U_tcon/tcon_reg_0_
               (removal check against rising-edge clock clk)
  Path Group: **async_default**
  Path Type: min

  Point                                                   Incr       Path
  ------------------------------------------------------------------------------
  clock (input port clock) (rise edge)                    0.00       0.00
  clock network delay (ideal)                             0.00       0.00
  input external delay                                    0.00       0.00 f
  test_mode (in)                                          0.00       0.00 f
  PI_test_mode/C (PDIDGZ)                                 0.30       0.30 f
  test_point_535/U6/Y (MX2X1)                             0.56       0.86 f
  U3_cpu/U1_datapath/U1_sfr/U_tcon/U58/Y (INVX1)          0.58       1.44 r
  U3_cpu/U1_datapath/U1_sfr/U_tcon/tcon_reg_0_/RN (SDFFSRX2)
                                                          0.00       1.44 r
  data arrival time                                                  1.44

  clock clk (rise edge)                                   0.00       0.00
  clock network delay (ideal)                             1.50       1.50
  clock uncertainty                                       0.30       1.80
  U3_cpu/U1_datapath/U1_sfr/U_tcon/tcon_reg_0_/CK (SDFFSRX2)         1.80 r
  library removal time                                   -0.03       1.77
  data required time                                                 1.77
  ------------------------------------------------------------------------------
  data required time                                                 1.77
  data arrival time                                                 -1.44
  ------------------------------------------------------------------------------
  slack (VIOLATED)                                                  -0.33


  Startpoint: test_mode (input port)
  Endpoint: U3_cpu/U1_datapath/U1_sfr/U_tcon/tcon_reg_1_
               (removal check against rising-edge clock clk)
  Path Group: **async_default**
  Path Type: min

  Point                                                   Incr       Path
  ------------------------------------------------------------------------------
  clock (input port clock) (rise edge)                    0.00       0.00
  clock network delay (ideal)                             0.00       0.00
  input external delay                                    0.00       0.00 f
  test_mode (in)                                          0.00       0.00 f
  PI_test_mode/C (PDIDGZ)                                 0.30       0.30 f
  test_point_535/U6/Y (MX2X1)                             0.56       0.86 f
  U3_cpu/U1_datapath/U1_sfr/U_tcon/U58/Y (INVX1)          0.58       1.44 r
  U3_cpu/U1_datapath/U1_sfr/U_tcon/tcon_reg_1_/RN (SDFFSRX2)
                                                          0.00       1.44 r
  data arrival time                                                  1.44

  clock clk (rise edge)                                   0.00       0.00
  clock network delay (ideal)                             1.50       1.50
  clock uncertainty                                       0.30       1.80
  U3_cpu/U1_datapath/U1_sfr/U_tcon/tcon_reg_1_/CK (SDFFSRX2)         1.80 r
  library removal time                                   -0.03       1.77
  data required time                                                 1.77
  ------------------------------------------------------------------------------
  data required time                                                 1.77
  data arrival time                                                 -1.44
  ------------------------------------------------------------------------------
  slack (VIOLATED)                                                  -0.33


  Startpoint: test_mode (input port)
  Endpoint: U3_cpu/U1_datapath/U1_sfr/U_tcon/tcon_reg_2_
               (removal check against rising-edge clock clk)
  Path Group: **async_default**
  Path Type: min

  Point                                                   Incr       Path
  ------------------------------------------------------------------------------
  clock (input port clock) (rise edge)                    0.00       0.00
  clock network delay (ideal)                             0.00       0.00
  input external delay                                    0.00       0.00 f
  test_mode (in)                                          0.00       0.00 f
  PI_test_mode/C (PDIDGZ)                                 0.30       0.30 f
  test_point_535/U6/Y (MX2X1)                             0.56       0.86 f
  U3_cpu/U1_datapath/U1_sfr/U_tcon/U58/Y (INVX1)          0.58       1.44 r
  U3_cpu/U1_datapath/U1_sfr/U_tcon/tcon_reg_2_/RN (SDFFSRX2)
                                                          0.00       1.44 r
  data arrival time                                                  1.44

  clock clk (rise edge)                                   0.00       0.00
  clock network delay (ideal)                             1.50       1.50
  clock uncertainty                                       0.30       1.80
  U3_cpu/U1_datapath/U1_sfr/U_tcon/tcon_reg_2_/CK (SDFFSRX2)         1.80 r
  library removal time                                   -0.03       1.77
  data required time                                                 1.77
  ------------------------------------------------------------------------------
  data required time                                                 1.77
  data arrival time                                                 -1.44
  ------------------------------------------------------------------------------
  slack (VIOLATED)                                                  -0.33


  Startpoint: test_mode (input port)
  Endpoint: U3_cpu/U1_datapath/U1_sfr/U_tcon/tcon_reg_3_
               (removal check against rising-edge clock clk)
  Path Group: **async_default**
  Path Type: min

  Point                                                   Incr       Path
  ------------------------------------------------------------------------------
  clock (input port clock) (rise edge)                    0.00       0.00
  clock network delay (ideal)                             0.00       0.00
  input external delay                                    0.00       0.00 f
  test_mode (in)                                          0.00       0.00 f
  PI_test_mode/C (PDIDGZ)                                 0.30       0.30 f
  test_point_535/U6/Y (MX2X1)                             0.56       0.86 f
  U3_cpu/U1_datapath/U1_sfr/U_tcon/U58/Y (INVX1)          0.58       1.44 r
  U3_cpu/U1_datapath/U1_sfr/U_tcon/tcon_reg_3_/RN (SDFFSRX2)
                                                          0.00       1.44 r
  data arrival time                                                  1.44

  clock clk (rise edge)                                   0.00       0.00
  clock network delay (ideal)                             1.50       1.50
  clock uncertainty                                       0.30       1.80
  U3_cpu/U1_datapath/U1_sfr/U_tcon/tcon_reg_3_/CK (SDFFSRX2)         1.80 r
  library removal time                                   -0.03       1.77
  data required time                                                 1.77
  ------------------------------------------------------------------------------
  data required time                                                 1.77
  data arrival time                                                 -1.44
  ------------------------------------------------------------------------------
  slack (VIOLATED)                                                  -0.33


  Startpoint: test_mode (input port)
  Endpoint: U3_cpu/U1_datapath/U1_sfr/U_tcon/tcon_tf0_reg
               (removal check against rising-edge clock clk)
  Path Group: **async_default**
  Path Type: min

  Point                                                   Incr       Path
  ------------------------------------------------------------------------------
  clock (input port clock) (rise edge)                    0.00       0.00
  clock network delay (ideal)                             0.00       0.00
  input external delay                                    0.00       0.00 f
  test_mode (in)                                          0.00       0.00 f
  PI_test_mode/C (PDIDGZ)                                 0.30       0.30 f
  test_point_535/U6/Y (MX2X1)                             0.56       0.86 f
  U3_cpu/U1_datapath/U1_sfr/U_tcon/U58/Y (INVX1)          0.58       1.44 r
  U3_cpu/U1_datapath/U1_sfr/U_tcon/tcon_tf0_reg/RN (SDFFSRX2)
                                                          0.00       1.44 r
  data arrival time                                                  1.44

  clock clk (rise edge)                                   0.00       0.00
  clock network delay (ideal)                             1.50       1.50
  clock uncertainty                                       0.30       1.80
  U3_cpu/U1_datapath/U1_sfr/U_tcon/tcon_tf0_reg/CK (SDFFSRX2)        1.80 r
  library removal time                                   -0.03       1.77
  data required time                                                 1.77
  ------------------------------------------------------------------------------
  data required time                                                 1.77
  data arrival time                                                 -1.44
  ------------------------------------------------------------------------------
  slack (VIOLATED)                                                  -0.33


  Startpoint: test_mode (input port)
  Endpoint: U3_cpu/U1_datapath/U1_sfr/U_tcon/tcon_tf1_reg
               (removal check against rising-edge clock clk)
  Path Group: **async_default**
  Path Type: min

  Point                                                   Incr       Path
  ------------------------------------------------------------------------------
  clock (input port clock) (rise edge)                    0.00       0.00
  clock network delay (ideal)                             0.00       0.00
  input external delay                                    0.00       0.00 f
  test_mode (in)                                          0.00       0.00 f
  PI_test_mode/C (PDIDGZ)                                 0.30       0.30 f
  test_point_535/U6/Y (MX2X1)                             0.56       0.86 f
  U3_cpu/U1_datapath/U1_sfr/U_tcon/U58/Y (INVX1)          0.58       1.44 r
  U3_cpu/U1_datapath/U1_sfr/U_tcon/tcon_tf1_reg/RN (SDFFSRX2)
                                                          0.00       1.44 r
  data arrival time                                                  1.44

  clock clk (rise edge)                                   0.00       0.00
  clock network delay (ideal)                             1.50       1.50
  clock uncertainty                                       0.30       1.80
  U3_cpu/U1_datapath/U1_sfr/U_tcon/tcon_tf1_reg/CK (SDFFSRX2)        1.80 r
  library removal time                                   -0.03       1.77
  data required time                                                 1.77
  ------------------------------------------------------------------------------
  data required time                                                 1.77
  data arrival time                                                 -1.44
  ------------------------------------------------------------------------------
  slack (VIOLATED)                                                  -0.33


  Startpoint: test_mode (input port)
  Endpoint: U3_cpu/U1_datapath/U3_alu/U8_div/RegA_reg_15_
               (removal check against rising-edge clock clk)
  Path Group: **async_default**
  Path Type: min

  Point                                                   Incr       Path
  ------------------------------------------------------------------------------
  clock (input port clock) (rise edge)                    0.00       0.00
  clock network delay (ideal)                             0.00       0.00
  input external delay                                    0.00       0.00 f
  test_mode (in)                                          0.00       0.00 f
  PI_test_mode/C (PDIDGZ)                                 0.30       0.30 f
  test_point_535/U6/Y (MX2X1)                             0.56       0.86 f
  U3_cpu/U1_datapath/U3_alu/U8_div/U214/Y (INVX2)         0.59       1.45 r
  U3_cpu/U1_datapath/U3_alu/U8_div/RegA_reg_15_/RN (SDFFRHQX1)
                                                          0.00       1.45 r
  data arrival time                                                  1.45

  clock clk (rise edge)                                   0.00       0.00
  clock network delay (ideal)                             1.50       1.50
  clock uncertainty                                       0.30       1.80
  U3_cpu/U1_datapath/U3_alu/U8_div/RegA_reg_15_/CK (SDFFRHQX1)       1.80 r
  library removal time                                   -0.02       1.78
  data required time                                                 1.78
  ------------------------------------------------------------------------------
  data required time                                                 1.78
  data arrival time                                                 -1.45
  ------------------------------------------------------------------------------
  slack (VIOLATED)                                                  -0.33


  Startpoint: test_mode (input port)
  Endpoint: U3_cpu/U1_datapath/U0_pc/out_pc_r_reg_0_
               (removal check against rising-edge clock clk)
  Path Group: **async_default**
  Path Type: min

  Point                                                   Incr       Path
  ------------------------------------------------------------------------------
  clock (input port clock) (rise edge)                    0.00       0.00
  clock network delay (ideal)                             0.00       0.00
  input external delay                                    0.00       0.00 f
  test_mode (in)                                          0.00       0.00 f
  PI_test_mode/C (PDIDGZ)                                 0.30       0.30 f
  test_point_535/U6/Y (MX2X1)                             0.56       0.86 f
  U3_cpu/U1_datapath/U0_pc/U92/Y (INVX1)                  0.59       1.45 r
  U3_cpu/U1_datapath/U0_pc/out_pc_r_reg_0_/RN (SDFFRHQX1)
                                                          0.00       1.45 r
  data arrival time                                                  1.45

  clock clk (rise edge)                                   0.00       0.00
  clock network delay (ideal)                             1.50       1.50
  clock uncertainty                                       0.30       1.80
  U3_cpu/U1_datapath/U0_pc/out_pc_r_reg_0_/CK (SDFFRHQX1)            1.80 r
  library removal time                                   -0.02       1.78
  data required time                                                 1.78
  ------------------------------------------------------------------------------
  data required time                                                 1.78
  data arrival time                                                 -1.45
  ------------------------------------------------------------------------------
  slack (VIOLATED)                                                  -0.33


  Startpoint: test_mode (input port)
  Endpoint: U3_cpu/U1_datapath/U0_pc/out_pc_r_reg_1_
               (removal check against rising-edge clock clk)
  Path Group: **async_default**
  Path Type: min

  Point                                                   Incr       Path
  ------------------------------------------------------------------------------
  clock (input port clock) (rise edge)                    0.00       0.00
  clock network delay (ideal)                             0.00       0.00
  input external delay                                    0.00       0.00 f
  test_mode (in)                                          0.00       0.00 f
  PI_test_mode/C (PDIDGZ)                                 0.30       0.30 f
  test_point_535/U6/Y (MX2X1)                             0.56       0.86 f
  U3_cpu/U1_datapath/U0_pc/U92/Y (INVX1)                  0.59       1.45 r
  U3_cpu/U1_datapath/U0_pc/out_pc_r_reg_1_/RN (SDFFRHQX1)
                                                          0.00       1.45 r
  data arrival time                                                  1.45

  clock clk (rise edge)                                   0.00       0.00
  clock network delay (ideal)                             1.50       1.50
  clock uncertainty                                       0.30       1.80
  U3_cpu/U1_datapath/U0_pc/out_pc_r_reg_1_/CK (SDFFRHQX1)            1.80 r
  library removal time                                   -0.02       1.78
  data required time                                                 1.78
  ------------------------------------------------------------------------------
  data required time                                                 1.78
  data arrival time                                                 -1.45
  ------------------------------------------------------------------------------
  slack (VIOLATED)                                                  -0.33


  Startpoint: test_mode (input port)
  Endpoint: U3_cpu/U1_datapath/U0_pc/out_pc_r_reg_2_
               (removal check against rising-edge clock clk)
  Path Group: **async_default**
  Path Type: min

  Point                                                   Incr       Path
  ------------------------------------------------------------------------------
  clock (input port clock) (rise edge)                    0.00       0.00
  clock network delay (ideal)                             0.00       0.00
  input external delay                                    0.00       0.00 f
  test_mode (in)                                          0.00       0.00 f
  PI_test_mode/C (PDIDGZ)                                 0.30       0.30 f
  test_point_535/U6/Y (MX2X1)                             0.56       0.86 f
  U3_cpu/U1_datapath/U0_pc/U92/Y (INVX1)                  0.59       1.45 r
  U3_cpu/U1_datapath/U0_pc/out_pc_r_reg_2_/RN (SDFFRHQX1)
                                                          0.00       1.45 r
  data arrival time                                                  1.45

  clock clk (rise edge)                                   0.00       0.00
  clock network delay (ideal)                             1.50       1.50
  clock uncertainty                                       0.30       1.80
  U3_cpu/U1_datapath/U0_pc/out_pc_r_reg_2_/CK (SDFFRHQX1)            1.80 r
  library removal time                                   -0.02       1.78
  data required time                                                 1.78
  ------------------------------------------------------------------------------
  data required time                                                 1.78
  data arrival time                                                 -1.45
  ------------------------------------------------------------------------------
  slack (VIOLATED)                                                  -0.33


  Startpoint: test_mode (input port)
  Endpoint: U3_cpu/U1_datapath/U0_pc/out_pc_r_reg_3_
               (removal check against rising-edge clock clk)
  Path Group: **async_default**
  Path Type: min

  Point                                                   Incr       Path
  ------------------------------------------------------------------------------
  clock (input port clock) (rise edge)                    0.00       0.00
  clock network delay (ideal)                             0.00       0.00
  input external delay                                    0.00       0.00 f
  test_mode (in)                                          0.00       0.00 f
  PI_test_mode/C (PDIDGZ)                                 0.30       0.30 f
  test_point_535/U6/Y (MX2X1)                             0.56       0.86 f
  U3_cpu/U1_datapath/U0_pc/U92/Y (INVX1)                  0.59       1.45 r
  U3_cpu/U1_datapath/U0_pc/out_pc_r_reg_3_/RN (SDFFRHQX1)
                                                          0.00       1.45 r
  data arrival time                                                  1.45

  clock clk (rise edge)                                   0.00       0.00
  clock network delay (ideal)                             1.50       1.50
  clock uncertainty                                       0.30       1.80
  U3_cpu/U1_datapath/U0_pc/out_pc_r_reg_3_/CK (SDFFRHQX1)            1.80 r
  library removal time                                   -0.02       1.78
  data required time                                                 1.78
  ------------------------------------------------------------------------------
  data required time                                                 1.78
  data arrival time                                                 -1.45
  ------------------------------------------------------------------------------
  slack (VIOLATED)                                                  -0.33


  Startpoint: test_mode (input port)
  Endpoint: U3_cpu/U1_datapath/U0_pc/out_pc_r_reg_4_
               (removal check against rising-edge clock clk)
  Path Group: **async_default**
  Path Type: min

  Point                                                   Incr       Path
  ------------------------------------------------------------------------------
  clock (input port clock) (rise edge)                    0.00       0.00
  clock network delay (ideal)                             0.00       0.00
  input external delay                                    0.00       0.00 f
  test_mode (in)                                          0.00       0.00 f
  PI_test_mode/C (PDIDGZ)                                 0.30       0.30 f
  test_point_535/U6/Y (MX2X1)                             0.56       0.86 f
  U3_cpu/U1_datapath/U0_pc/U92/Y (INVX1)                  0.59       1.45 r
  U3_cpu/U1_datapath/U0_pc/out_pc_r_reg_4_/RN (SDFFRHQX1)
                                                          0.00       1.45 r
  data arrival time                                                  1.45

  clock clk (rise edge)                                   0.00       0.00
  clock network delay (ideal)                             1.50       1.50
  clock uncertainty                                       0.30       1.80
  U3_cpu/U1_datapath/U0_pc/out_pc_r_reg_4_/CK (SDFFRHQX1)            1.80 r
  library removal time                                   -0.02       1.78
  data required time                                                 1.78
  ------------------------------------------------------------------------------
  data required time                                                 1.78
  data arrival time                                                 -1.45
  ------------------------------------------------------------------------------
  slack (VIOLATED)                                                  -0.33


  Startpoint: test_mode (input port)
  Endpoint: U3_cpu/U1_datapath/U0_pc/out_pc_r_reg_5_
               (removal check against rising-edge clock clk)
  Path Group: **async_default**
  Path Type: min

  Point                                                   Incr       Path
  ------------------------------------------------------------------------------
  clock (input port clock) (rise edge)                    0.00       0.00
  clock network delay (ideal)                             0.00       0.00
  input external delay                                    0.00       0.00 f
  test_mode (in)                                          0.00       0.00 f
  PI_test_mode/C (PDIDGZ)                                 0.30       0.30 f
  test_point_535/U6/Y (MX2X1)                             0.56       0.86 f
  U3_cpu/U1_datapath/U0_pc/U92/Y (INVX1)                  0.59       1.45 r
  U3_cpu/U1_datapath/U0_pc/out_pc_r_reg_5_/RN (SDFFRHQX1)
                                                          0.00       1.45 r
  data arrival time                                                  1.45

  clock clk (rise edge)                                   0.00       0.00
  clock network delay (ideal)                             1.50       1.50
  clock uncertainty                                       0.30       1.80
  U3_cpu/U1_datapath/U0_pc/out_pc_r_reg_5_/CK (SDFFRHQX1)            1.80 r
  library removal time                                   -0.02       1.78
  data required time                                                 1.78
  ------------------------------------------------------------------------------
  data required time                                                 1.78
  data arrival time                                                 -1.45
  ------------------------------------------------------------------------------
  slack (VIOLATED)                                                  -0.33


  Startpoint: test_mode (input port)
  Endpoint: U3_cpu/U1_datapath/U0_pc/out_pc_r_reg_6_
               (removal check against rising-edge clock clk)
  Path Group: **async_default**
  Path Type: min

  Point                                                   Incr       Path
  ------------------------------------------------------------------------------
  clock (input port clock) (rise edge)                    0.00       0.00
  clock network delay (ideal)                             0.00       0.00
  input external delay                                    0.00       0.00 f
  test_mode (in)                                          0.00       0.00 f
  PI_test_mode/C (PDIDGZ)                                 0.30       0.30 f
  test_point_535/U6/Y (MX2X1)                             0.56       0.86 f
  U3_cpu/U1_datapath/U0_pc/U92/Y (INVX1)                  0.59       1.45 r
  U3_cpu/U1_datapath/U0_pc/out_pc_r_reg_6_/RN (SDFFRHQX1)
                                                          0.00       1.45 r
  data arrival time                                                  1.45

  clock clk (rise edge)                                   0.00       0.00
  clock network delay (ideal)                             1.50       1.50
  clock uncertainty                                       0.30       1.80
  U3_cpu/U1_datapath/U0_pc/out_pc_r_reg_6_/CK (SDFFRHQX1)            1.80 r
  library removal time                                   -0.02       1.78
  data required time                                                 1.78
  ------------------------------------------------------------------------------
  data required time                                                 1.78
  data arrival time                                                 -1.45
  ------------------------------------------------------------------------------
  slack (VIOLATED)                                                  -0.33


  Startpoint: test_mode (input port)
  Endpoint: U3_cpu/U1_datapath/U0_pc/out_pc_r_reg_7_
               (removal check against rising-edge clock clk)
  Path Group: **async_default**
  Path Type: min

  Point                                                   Incr       Path
  ------------------------------------------------------------------------------
  clock (input port clock) (rise edge)                    0.00       0.00
  clock network delay (ideal)                             0.00       0.00
  input external delay                                    0.00       0.00 f
  test_mode (in)                                          0.00       0.00 f
  PI_test_mode/C (PDIDGZ)                                 0.30       0.30 f
  test_point_535/U6/Y (MX2X1)                             0.56       0.86 f
  U3_cpu/U1_datapath/U0_pc/U92/Y (INVX1)                  0.59       1.45 r
  U3_cpu/U1_datapath/U0_pc/out_pc_r_reg_7_/RN (SDFFRHQX1)
                                                          0.00       1.45 r
  data arrival time                                                  1.45

  clock clk (rise edge)                                   0.00       0.00
  clock network delay (ideal)                             1.50       1.50
  clock uncertainty                                       0.30       1.80
  U3_cpu/U1_datapath/U0_pc/out_pc_r_reg_7_/CK (SDFFRHQX1)            1.80 r
  library removal time                                   -0.02       1.78
  data required time                                                 1.78
  ------------------------------------------------------------------------------
  data required time                                                 1.78
  data arrival time                                                 -1.45
  ------------------------------------------------------------------------------
  slack (VIOLATED)                                                  -0.33


  Startpoint: test_mode (input port)
  Endpoint: U3_cpu/U1_datapath/U0_pc/out_pc_r_reg_8_
               (removal check against rising-edge clock clk)
  Path Group: **async_default**
  Path Type: min

  Point                                                   Incr       Path
  ------------------------------------------------------------------------------
  clock (input port clock) (rise edge)                    0.00       0.00
  clock network delay (ideal)                             0.00       0.00
  input external delay                                    0.00       0.00 f
  test_mode (in)                                          0.00       0.00 f
  PI_test_mode/C (PDIDGZ)                                 0.30       0.30 f
  test_point_535/U6/Y (MX2X1)                             0.56       0.86 f
  U3_cpu/U1_datapath/U0_pc/U92/Y (INVX1)                  0.59       1.45 r
  U3_cpu/U1_datapath/U0_pc/out_pc_r_reg_8_/RN (SDFFRHQX1)
                                                          0.00       1.45 r
  data arrival time                                                  1.45

  clock clk (rise edge)                                   0.00       0.00
  clock network delay (ideal)                             1.50       1.50
  clock uncertainty                                       0.30       1.80
  U3_cpu/U1_datapath/U0_pc/out_pc_r_reg_8_/CK (SDFFRHQX1)            1.80 r
  library removal time                                   -0.02       1.78
  data required time                                                 1.78
  ------------------------------------------------------------------------------
  data required time                                                 1.78
  data arrival time                                                 -1.45
  ------------------------------------------------------------------------------
  slack (VIOLATED)                                                  -0.33


  Startpoint: test_mode (input port)
  Endpoint: U3_cpu/U1_datapath/U0_pc/out_pc_r_reg_9_
               (removal check against rising-edge clock clk)
  Path Group: **async_default**
  Path Type: min

  Point                                                   Incr       Path
  ------------------------------------------------------------------------------
  clock (input port clock) (rise edge)                    0.00       0.00
  clock network delay (ideal)                             0.00       0.00
  input external delay                                    0.00       0.00 f
  test_mode (in)                                          0.00       0.00 f
  PI_test_mode/C (PDIDGZ)                                 0.30       0.30 f
  test_point_535/U6/Y (MX2X1)                             0.56       0.86 f
  U3_cpu/U1_datapath/U0_pc/U92/Y (INVX1)                  0.59       1.45 r
  U3_cpu/U1_datapath/U0_pc/out_pc_r_reg_9_/RN (SDFFRHQX1)
                                                          0.00       1.45 r
  data arrival time                                                  1.45

  clock clk (rise edge)                                   0.00       0.00
  clock network delay (ideal)                             1.50       1.50
  clock uncertainty                                       0.30       1.80
  U3_cpu/U1_datapath/U0_pc/out_pc_r_reg_9_/CK (SDFFRHQX1)            1.80 r
  library removal time                                   -0.02       1.78
  data required time                                                 1.78
  ------------------------------------------------------------------------------
  data required time                                                 1.78
  data arrival time                                                 -1.45
  ------------------------------------------------------------------------------
  slack (VIOLATED)                                                  -0.33


  Startpoint: test_mode (input port)
  Endpoint: U3_cpu/U1_datapath/U0_pc/out_pc_r_reg_10_
               (removal check against rising-edge clock clk)
  Path Group: **async_default**
  Path Type: min

  Point                                                   Incr       Path
  ------------------------------------------------------------------------------
  clock (input port clock) (rise edge)                    0.00       0.00
  clock network delay (ideal)                             0.00       0.00
  input external delay                                    0.00       0.00 f
  test_mode (in)                                          0.00       0.00 f
  PI_test_mode/C (PDIDGZ)                                 0.30       0.30 f
  test_point_535/U6/Y (MX2X1)                             0.56       0.86 f
  U3_cpu/U1_datapath/U0_pc/U92/Y (INVX1)                  0.59       1.45 r
  U3_cpu/U1_datapath/U0_pc/out_pc_r_reg_10_/RN (SDFFRHQX1)
                                                          0.00       1.45 r
  data arrival time                                                  1.45

  clock clk (rise edge)                                   0.00       0.00
  clock network delay (ideal)                             1.50       1.50
  clock uncertainty                                       0.30       1.80
  U3_cpu/U1_datapath/U0_pc/out_pc_r_reg_10_/CK (SDFFRHQX1)           1.80 r
  library removal time                                   -0.02       1.78
  data required time                                                 1.78
  ------------------------------------------------------------------------------
  data required time                                                 1.78
  data arrival time                                                 -1.45
  ------------------------------------------------------------------------------
  slack (VIOLATED)                                                  -0.33


  Startpoint: test_mode (input port)
  Endpoint: U3_cpu/U1_datapath/U0_pc/out_pc_r_reg_11_
               (removal check against rising-edge clock clk)
  Path Group: **async_default**
  Path Type: min

  Point                                                   Incr       Path
  ------------------------------------------------------------------------------
  clock (input port clock) (rise edge)                    0.00       0.00
  clock network delay (ideal)                             0.00       0.00
  input external delay                                    0.00       0.00 f
  test_mode (in)                                          0.00       0.00 f
  PI_test_mode/C (PDIDGZ)                                 0.30       0.30 f
  test_point_535/U6/Y (MX2X1)                             0.56       0.86 f
  U3_cpu/U1_datapath/U0_pc/U92/Y (INVX1)                  0.59       1.45 r
  U3_cpu/U1_datapath/U0_pc/out_pc_r_reg_11_/RN (SDFFRHQX1)
                                                          0.00       1.45 r
  data arrival time                                                  1.45

  clock clk (rise edge)                                   0.00       0.00
  clock network delay (ideal)                             1.50       1.50
  clock uncertainty                                       0.30       1.80
  U3_cpu/U1_datapath/U0_pc/out_pc_r_reg_11_/CK (SDFFRHQX1)           1.80 r
  library removal time                                   -0.02       1.78
  data required time                                                 1.78
  ------------------------------------------------------------------------------
  data required time                                                 1.78
  data arrival time                                                 -1.45
  ------------------------------------------------------------------------------
  slack (VIOLATED)                                                  -0.33


  Startpoint: test_mode (input port)
  Endpoint: U3_cpu/U1_datapath/U0_pc/out_pc_r_reg_12_
               (removal check against rising-edge clock clk)
  Path Group: **async_default**
  Path Type: min

  Point                                                   Incr       Path
  ------------------------------------------------------------------------------
  clock (input port clock) (rise edge)                    0.00       0.00
  clock network delay (ideal)                             0.00       0.00
  input external delay                                    0.00       0.00 f
  test_mode (in)                                          0.00       0.00 f
  PI_test_mode/C (PDIDGZ)                                 0.30       0.30 f
  test_point_535/U6/Y (MX2X1)                             0.56       0.86 f
  U3_cpu/U1_datapath/U0_pc/U92/Y (INVX1)                  0.59       1.45 r
  U3_cpu/U1_datapath/U0_pc/out_pc_r_reg_12_/RN (SDFFRHQX1)
                                                          0.00       1.45 r
  data arrival time                                                  1.45

  clock clk (rise edge)                                   0.00       0.00
  clock network delay (ideal)                             1.50       1.50
  clock uncertainty                                       0.30       1.80
  U3_cpu/U1_datapath/U0_pc/out_pc_r_reg_12_/CK (SDFFRHQX1)           1.80 r
  library removal time                                   -0.02       1.78
  data required time                                                 1.78
  ------------------------------------------------------------------------------
  data required time                                                 1.78
  data arrival time                                                 -1.45
  ------------------------------------------------------------------------------
  slack (VIOLATED)                                                  -0.33


  Startpoint: test_mode (input port)
  Endpoint: U3_cpu/U1_datapath/U0_pc/out_pc_r_reg_13_
               (removal check against rising-edge clock clk)
  Path Group: **async_default**
  Path Type: min

  Point                                                   Incr       Path
  ------------------------------------------------------------------------------
  clock (input port clock) (rise edge)                    0.00       0.00
  clock network delay (ideal)                             0.00       0.00
  input external delay                                    0.00       0.00 f
  test_mode (in)                                          0.00       0.00 f
  PI_test_mode/C (PDIDGZ)                                 0.30       0.30 f
  test_point_535/U6/Y (MX2X1)                             0.56       0.86 f
  U3_cpu/U1_datapath/U0_pc/U92/Y (INVX1)                  0.59       1.45 r
  U3_cpu/U1_datapath/U0_pc/out_pc_r_reg_13_/RN (SDFFRHQX1)
                                                          0.00       1.45 r
  data arrival time                                                  1.45

  clock clk (rise edge)                                   0.00       0.00
  clock network delay (ideal)                             1.50       1.50
  clock uncertainty                                       0.30       1.80
  U3_cpu/U1_datapath/U0_pc/out_pc_r_reg_13_/CK (SDFFRHQX1)           1.80 r
  library removal time                                   -0.02       1.78
  data required time                                                 1.78
  ------------------------------------------------------------------------------
  data required time                                                 1.78
  data arrival time                                                 -1.45
  ------------------------------------------------------------------------------
  slack (VIOLATED)                                                  -0.33


  Startpoint: test_mode (input port)
  Endpoint: U3_cpu/U1_datapath/U0_pc/out_pc_r_reg_14_
               (removal check against rising-edge clock clk)
  Path Group: **async_default**
  Path Type: min

  Point                                                   Incr       Path
  ------------------------------------------------------------------------------
  clock (input port clock) (rise edge)                    0.00       0.00
  clock network delay (ideal)                             0.00       0.00
  input external delay                                    0.00       0.00 f
  test_mode (in)                                          0.00       0.00 f
  PI_test_mode/C (PDIDGZ)                                 0.30       0.30 f
  test_point_535/U6/Y (MX2X1)                             0.56       0.86 f
  U3_cpu/U1_datapath/U0_pc/U92/Y (INVX1)                  0.59       1.45 r
  U3_cpu/U1_datapath/U0_pc/out_pc_r_reg_14_/RN (SDFFRHQX1)
                                                          0.00       1.45 r
  data arrival time                                                  1.45

  clock clk (rise edge)                                   0.00       0.00
  clock network delay (ideal)                             1.50       1.50
  clock uncertainty                                       0.30       1.80
  U3_cpu/U1_datapath/U0_pc/out_pc_r_reg_14_/CK (SDFFRHQX1)           1.80 r
  library removal time                                   -0.02       1.78
  data required time                                                 1.78
  ------------------------------------------------------------------------------
  data required time                                                 1.78
  data arrival time                                                 -1.45
  ------------------------------------------------------------------------------
  slack (VIOLATED)                                                  -0.33


  Startpoint: test_mode (input port)
  Endpoint: U3_cpu/U1_datapath/U0_pc/out_pc_r_reg_15_
               (removal check against rising-edge clock clk)
  Path Group: **async_default**
  Path Type: min

  Point                                                   Incr       Path
  ------------------------------------------------------------------------------
  clock (input port clock) (rise edge)                    0.00       0.00
  clock network delay (ideal)                             0.00       0.00
  input external delay                                    0.00       0.00 f
  test_mode (in)                                          0.00       0.00 f
  PI_test_mode/C (PDIDGZ)                                 0.30       0.30 f
  test_point_535/U6/Y (MX2X1)                             0.56       0.86 f
  U3_cpu/U1_datapath/U0_pc/U92/Y (INVX1)                  0.59       1.45 r
  U3_cpu/U1_datapath/U0_pc/out_pc_r_reg_15_/RN (SDFFRHQX1)
                                                          0.00       1.45 r
  data arrival time                                                  1.45

  clock clk (rise edge)                                   0.00       0.00
  clock network delay (ideal)                             1.50       1.50
  clock uncertainty                                       0.30       1.80
  U3_cpu/U1_datapath/U0_pc/out_pc_r_reg_15_/CK (SDFFRHQX1)           1.80 r
  library removal time                                   -0.02       1.78
  data required time                                                 1.78
  ------------------------------------------------------------------------------
  data required time                                                 1.78
  data arrival time                                                 -1.45
  ------------------------------------------------------------------------------
  slack (VIOLATED)                                                  -0.33


  Startpoint: test_mode (input port)
  Endpoint: U3_cpu/U1_datapath/U3_alu/U8_div/CurrentCount_reg_1_
               (removal check against rising-edge clock clk)
  Path Group: **async_default**
  Path Type: min

  Point                                                   Incr       Path
  ------------------------------------------------------------------------------
  clock (input port clock) (rise edge)                    0.00       0.00
  clock network delay (ideal)                             0.00       0.00
  input external delay                                    0.00       0.00 f
  test_mode (in)                                          0.00       0.00 f
  PI_test_mode/C (PDIDGZ)                                 0.30       0.30 f
  test_point_535/U6/Y (MX2X1)                             0.56       0.86 f
  U3_cpu/U1_datapath/U3_alu/U8_div/U214/Y (INVX2)         0.59       1.45 r
  U3_cpu/U1_datapath/U3_alu/U8_div/CurrentCount_reg_1_/RN (SDFFSRX2)
                                                          0.00       1.45 r
  data arrival time                                                  1.45

  clock clk (rise edge)                                   0.00       0.00
  clock network delay (ideal)                             1.50       1.50
  clock uncertainty                                       0.30       1.80
  U3_cpu/U1_datapath/U3_alu/U8_div/CurrentCount_reg_1_/CK (SDFFSRX2)
                                                                     1.80 r
  library removal time                                   -0.03       1.77
  data required time                                                 1.77
  ------------------------------------------------------------------------------
  data required time                                                 1.77
  data arrival time                                                 -1.45
  ------------------------------------------------------------------------------
  slack (VIOLATED)                                                  -0.32


  Startpoint: test_mode (input port)
  Endpoint: U3_cpu/U1_datapath/U3_alu/U8_div/CurrentCount_reg_2_
               (removal check against rising-edge clock clk)
  Path Group: **async_default**
  Path Type: min

  Point                                                   Incr       Path
  ------------------------------------------------------------------------------
  clock (input port clock) (rise edge)                    0.00       0.00
  clock network delay (ideal)                             0.00       0.00
  input external delay                                    0.00       0.00 f
  test_mode (in)                                          0.00       0.00 f
  PI_test_mode/C (PDIDGZ)                                 0.30       0.30 f
  test_point_535/U6/Y (MX2X1)                             0.56       0.86 f
  U3_cpu/U1_datapath/U3_alu/U8_div/U214/Y (INVX2)         0.59       1.45 r
  U3_cpu/U1_datapath/U3_alu/U8_div/CurrentCount_reg_2_/RN (SDFFSRX2)
                                                          0.00       1.45 r
  data arrival time                                                  1.45

  clock clk (rise edge)                                   0.00       0.00
  clock network delay (ideal)                             1.50       1.50
  clock uncertainty                                       0.30       1.80
  U3_cpu/U1_datapath/U3_alu/U8_div/CurrentCount_reg_2_/CK (SDFFSRX2)
                                                                     1.80 r
  library removal time                                   -0.03       1.77
  data required time                                                 1.77
  ------------------------------------------------------------------------------
  data required time                                                 1.77
  data arrival time                                                 -1.45
  ------------------------------------------------------------------------------
  slack (VIOLATED)                                                  -0.32


  Startpoint: test_mode (input port)
  Endpoint: U3_cpu/U1_datapath/U3_alu/U8_div/CurrentCount_reg_3_
               (removal check against rising-edge clock clk)
  Path Group: **async_default**
  Path Type: min

  Point                                                   Incr       Path
  ------------------------------------------------------------------------------
  clock (input port clock) (rise edge)                    0.00       0.00
  clock network delay (ideal)                             0.00       0.00
  input external delay                                    0.00       0.00 f
  test_mode (in)                                          0.00       0.00 f
  PI_test_mode/C (PDIDGZ)                                 0.30       0.30 f
  test_point_535/U6/Y (MX2X1)                             0.56       0.86 f
  U3_cpu/U1_datapath/U3_alu/U8_div/U214/Y (INVX2)         0.59       1.45 r
  U3_cpu/U1_datapath/U3_alu/U8_div/CurrentCount_reg_3_/RN (SDFFSRX2)
                                                          0.00       1.45 r
  data arrival time                                                  1.45

  clock clk (rise edge)                                   0.00       0.00
  clock network delay (ideal)                             1.50       1.50
  clock uncertainty                                       0.30       1.80
  U3_cpu/U1_datapath/U3_alu/U8_div/CurrentCount_reg_3_/CK (SDFFSRX2)
                                                                     1.80 r
  library removal time                                   -0.03       1.77
  data required time                                                 1.77
  ------------------------------------------------------------------------------
  data required time                                                 1.77
  data arrival time                                                 -1.45
  ------------------------------------------------------------------------------
  slack (VIOLATED)                                                  -0.32


  Startpoint: test_mode (input port)
  Endpoint: U3_cpu/U1_datapath/U3_alu/U8_div/CurrentCount_reg_5_
               (removal check against rising-edge clock clk)
  Path Group: **async_default**
  Path Type: min

  Point                                                   Incr       Path
  ------------------------------------------------------------------------------
  clock (input port clock) (rise edge)                    0.00       0.00
  clock network delay (ideal)                             0.00       0.00
  input external delay                                    0.00       0.00 f
  test_mode (in)                                          0.00       0.00 f
  PI_test_mode/C (PDIDGZ)                                 0.30       0.30 f
  test_point_535/U6/Y (MX2X1)                             0.56       0.86 f
  U3_cpu/U1_datapath/U3_alu/U8_div/U214/Y (INVX2)         0.59       1.45 r
  U3_cpu/U1_datapath/U3_alu/U8_div/CurrentCount_reg_5_/RN (SDFFSRX2)
                                                          0.00       1.45 r
  data arrival time                                                  1.45

  clock clk (rise edge)                                   0.00       0.00
  clock network delay (ideal)                             1.50       1.50
  clock uncertainty                                       0.30       1.80
  U3_cpu/U1_datapath/U3_alu/U8_div/CurrentCount_reg_5_/CK (SDFFSRX2)
                                                                     1.80 r
  library removal time                                   -0.03       1.77
  data required time                                                 1.77
  ------------------------------------------------------------------------------
  data required time                                                 1.77
  data arrival time                                                 -1.45
  ------------------------------------------------------------------------------
  slack (VIOLATED)                                                  -0.32


  Startpoint: test_mode (input port)
  Endpoint: U3_cpu/U1_datapath/U3_alu/U8_div/CurrentState_reg_0_
               (removal check against rising-edge clock clk)
  Path Group: **async_default**
  Path Type: min

  Point                                                   Incr       Path
  ------------------------------------------------------------------------------
  clock (input port clock) (rise edge)                    0.00       0.00
  clock network delay (ideal)                             0.00       0.00
  input external delay                                    0.00       0.00 f
  test_mode (in)                                          0.00       0.00 f
  PI_test_mode/C (PDIDGZ)                                 0.30       0.30 f
  test_point_535/U6/Y (MX2X1)                             0.56       0.86 f
  U3_cpu/U1_datapath/U3_alu/U8_div/U214/Y (INVX2)         0.59       1.45 r
  U3_cpu/U1_datapath/U3_alu/U8_div/CurrentState_reg_0_/RN (SDFFSRX2)
                                                          0.00       1.45 r
  data arrival time                                                  1.45

  clock clk (rise edge)                                   0.00       0.00
  clock network delay (ideal)                             1.50       1.50
  clock uncertainty                                       0.30       1.80
  U3_cpu/U1_datapath/U3_alu/U8_div/CurrentState_reg_0_/CK (SDFFSRX2)
                                                                     1.80 r
  library removal time                                   -0.03       1.77
  data required time                                                 1.77
  ------------------------------------------------------------------------------
  data required time                                                 1.77
  data arrival time                                                 -1.45
  ------------------------------------------------------------------------------
  slack (VIOLATED)                                                  -0.32


  Startpoint: test_mode (input port)
  Endpoint: U3_cpu/U1_datapath/U3_alu/U8_div/CurrentState_reg_1_
               (removal check against rising-edge clock clk)
  Path Group: **async_default**
  Path Type: min

  Point                                                   Incr       Path
  ------------------------------------------------------------------------------
  clock (input port clock) (rise edge)                    0.00       0.00
  clock network delay (ideal)                             0.00       0.00
  input external delay                                    0.00       0.00 f
  test_mode (in)                                          0.00       0.00 f
  PI_test_mode/C (PDIDGZ)                                 0.30       0.30 f
  test_point_535/U6/Y (MX2X1)                             0.56       0.86 f
  U3_cpu/U1_datapath/U3_alu/U8_div/U214/Y (INVX2)         0.59       1.45 r
  U3_cpu/U1_datapath/U3_alu/U8_div/CurrentState_reg_1_/RN (SDFFSRX2)
                                                          0.00       1.45 r
  data arrival time                                                  1.45

  clock clk (rise edge)                                   0.00       0.00
  clock network delay (ideal)                             1.50       1.50
  clock uncertainty                                       0.30       1.80
  U3_cpu/U1_datapath/U3_alu/U8_div/CurrentState_reg_1_/CK (SDFFSRX2)
                                                                     1.80 r
  library removal time                                   -0.03       1.77
  data required time                                                 1.77
  ------------------------------------------------------------------------------
  data required time                                                 1.77
  data arrival time                                                 -1.45
  ------------------------------------------------------------------------------
  slack (VIOLATED)                                                  -0.32


  Startpoint: test_mode (input port)
  Endpoint: U3_cpu/U1_datapath/U3_alu/U8_div/CurrentState_reg_2_
               (removal check against rising-edge clock clk)
  Path Group: **async_default**
  Path Type: min

  Point                                                   Incr       Path
  ------------------------------------------------------------------------------
  clock (input port clock) (rise edge)                    0.00       0.00
  clock network delay (ideal)                             0.00       0.00
  input external delay                                    0.00       0.00 f
  test_mode (in)                                          0.00       0.00 f
  PI_test_mode/C (PDIDGZ)                                 0.30       0.30 f
  test_point_535/U6/Y (MX2X1)                             0.56       0.86 f
  U3_cpu/U1_datapath/U3_alu/U8_div/U214/Y (INVX2)         0.59       1.45 r
  U3_cpu/U1_datapath/U3_alu/U8_div/CurrentState_reg_2_/RN (SDFFSRX2)
                                                          0.00       1.45 r
  data arrival time                                                  1.45

  clock clk (rise edge)                                   0.00       0.00
  clock network delay (ideal)                             1.50       1.50
  clock uncertainty                                       0.30       1.80
  U3_cpu/U1_datapath/U3_alu/U8_div/CurrentState_reg_2_/CK (SDFFSRX2)
                                                                     1.80 r
  library removal time                                   -0.03       1.77
  data required time                                                 1.77
  ------------------------------------------------------------------------------
  data required time                                                 1.77
  data arrival time                                                 -1.45
  ------------------------------------------------------------------------------
  slack (VIOLATED)                                                  -0.32


  Startpoint: test_mode (input port)
  Endpoint: U3_cpu/U1_datapath/U3_alu/U8_div/RegA_reg_0_
               (removal check against rising-edge clock clk)
  Path Group: **async_default**
  Path Type: min

  Point                                                   Incr       Path
  ------------------------------------------------------------------------------
  clock (input port clock) (rise edge)                    0.00       0.00
  clock network delay (ideal)                             0.00       0.00
  input external delay                                    0.00       0.00 f
  test_mode (in)                                          0.00       0.00 f
  PI_test_mode/C (PDIDGZ)                                 0.30       0.30 f
  test_point_535/U6/Y (MX2X1)                             0.56       0.86 f
  U3_cpu/U1_datapath/U3_alu/U8_div/U214/Y (INVX2)         0.59       1.45 r
  U3_cpu/U1_datapath/U3_alu/U8_div/RegA_reg_0_/RN (SDFFSRX2)
                                                          0.00       1.45 r
  data arrival time                                                  1.45

  clock clk (rise edge)                                   0.00       0.00
  clock network delay (ideal)                             1.50       1.50
  clock uncertainty                                       0.30       1.80
  U3_cpu/U1_datapath/U3_alu/U8_div/RegA_reg_0_/CK (SDFFSRX2)         1.80 r
  library removal time                                   -0.03       1.77
  data required time                                                 1.77
  ------------------------------------------------------------------------------
  data required time                                                 1.77
  data arrival time                                                 -1.45
  ------------------------------------------------------------------------------
  slack (VIOLATED)                                                  -0.32


  Startpoint: test_mode (input port)
  Endpoint: U3_cpu/U1_datapath/U3_alu/U8_div/RegA_reg_1_
               (removal check against rising-edge clock clk)
  Path Group: **async_default**
  Path Type: min

  Point                                                   Incr       Path
  ------------------------------------------------------------------------------
  clock (input port clock) (rise edge)                    0.00       0.00
  clock network delay (ideal)                             0.00       0.00
  input external delay                                    0.00       0.00 f
  test_mode (in)                                          0.00       0.00 f
  PI_test_mode/C (PDIDGZ)                                 0.30       0.30 f
  test_point_535/U6/Y (MX2X1)                             0.56       0.86 f
  U3_cpu/U1_datapath/U3_alu/U8_div/U214/Y (INVX2)         0.59       1.45 r
  U3_cpu/U1_datapath/U3_alu/U8_div/RegA_reg_1_/RN (SDFFSRX2)
                                                          0.00       1.45 r
  data arrival time                                                  1.45

  clock clk (rise edge)                                   0.00       0.00
  clock network delay (ideal)                             1.50       1.50
  clock uncertainty                                       0.30       1.80
  U3_cpu/U1_datapath/U3_alu/U8_div/RegA_reg_1_/CK (SDFFSRX2)         1.80 r
  library removal time                                   -0.03       1.77
  data required time                                                 1.77
  ------------------------------------------------------------------------------
  data required time                                                 1.77
  data arrival time                                                 -1.45
  ------------------------------------------------------------------------------
  slack (VIOLATED)                                                  -0.32


  Startpoint: test_mode (input port)
  Endpoint: U3_cpu/U1_datapath/U3_alu/U8_div/RegA_reg_2_
               (removal check against rising-edge clock clk)
  Path Group: **async_default**
  Path Type: min

  Point                                                   Incr       Path
  ------------------------------------------------------------------------------
  clock (input port clock) (rise edge)                    0.00       0.00
  clock network delay (ideal)                             0.00       0.00
  input external delay                                    0.00       0.00 f
  test_mode (in)                                          0.00       0.00 f
  PI_test_mode/C (PDIDGZ)                                 0.30       0.30 f
  test_point_535/U6/Y (MX2X1)                             0.56       0.86 f
  U3_cpu/U1_datapath/U3_alu/U8_div/U214/Y (INVX2)         0.59       1.45 r
  U3_cpu/U1_datapath/U3_alu/U8_div/RegA_reg_2_/RN (SDFFSRX2)
                                                          0.00       1.45 r
  data arrival time                                                  1.45

  clock clk (rise edge)                                   0.00       0.00
  clock network delay (ideal)                             1.50       1.50
  clock uncertainty                                       0.30       1.80
  U3_cpu/U1_datapath/U3_alu/U8_div/RegA_reg_2_/CK (SDFFSRX2)         1.80 r
  library removal time                                   -0.03       1.77
  data required time                                                 1.77
  ------------------------------------------------------------------------------
  data required time                                                 1.77
  data arrival time                                                 -1.45
  ------------------------------------------------------------------------------
  slack (VIOLATED)                                                  -0.32


  Startpoint: test_mode (input port)
  Endpoint: U3_cpu/U1_datapath/U3_alu/U8_div/RegA_reg_3_
               (removal check against rising-edge clock clk)
  Path Group: **async_default**
  Path Type: min

  Point                                                   Incr       Path
  ------------------------------------------------------------------------------
  clock (input port clock) (rise edge)                    0.00       0.00
  clock network delay (ideal)                             0.00       0.00
  input external delay                                    0.00       0.00 f
  test_mode (in)                                          0.00       0.00 f
  PI_test_mode/C (PDIDGZ)                                 0.30       0.30 f
  test_point_535/U6/Y (MX2X1)                             0.56       0.86 f
  U3_cpu/U1_datapath/U3_alu/U8_div/U214/Y (INVX2)         0.59       1.45 r
  U3_cpu/U1_datapath/U3_alu/U8_div/RegA_reg_3_/RN (SDFFSRX2)
                                                          0.00       1.45 r
  data arrival time                                                  1.45

  clock clk (rise edge)                                   0.00       0.00
  clock network delay (ideal)                             1.50       1.50
  clock uncertainty                                       0.30       1.80
  U3_cpu/U1_datapath/U3_alu/U8_div/RegA_reg_3_/CK (SDFFSRX2)         1.80 r
  library removal time                                   -0.03       1.77
  data required time                                                 1.77
  ------------------------------------------------------------------------------
  data required time                                                 1.77
  data arrival time                                                 -1.45
  ------------------------------------------------------------------------------
  slack (VIOLATED)                                                  -0.32


  Startpoint: test_mode (input port)
  Endpoint: U3_cpu/U1_datapath/U3_alu/U8_div/RegA_reg_4_
               (removal check against rising-edge clock clk)
  Path Group: **async_default**
  Path Type: min

  Point                                                   Incr       Path
  ------------------------------------------------------------------------------
  clock (input port clock) (rise edge)                    0.00       0.00
  clock network delay (ideal)                             0.00       0.00
  input external delay                                    0.00       0.00 f
  test_mode (in)                                          0.00       0.00 f
  PI_test_mode/C (PDIDGZ)                                 0.30       0.30 f
  test_point_535/U6/Y (MX2X1)                             0.56       0.86 f
  U3_cpu/U1_datapath/U3_alu/U8_div/U214/Y (INVX2)         0.59       1.45 r
  U3_cpu/U1_datapath/U3_alu/U8_div/RegA_reg_4_/RN (SDFFSRX2)
                                                          0.00       1.45 r
  data arrival time                                                  1.45

  clock clk (rise edge)                                   0.00       0.00
  clock network delay (ideal)                             1.50       1.50
  clock uncertainty                                       0.30       1.80
  U3_cpu/U1_datapath/U3_alu/U8_div/RegA_reg_4_/CK (SDFFSRX2)         1.80 r
  library removal time                                   -0.03       1.77
  data required time                                                 1.77
  ------------------------------------------------------------------------------
  data required time                                                 1.77
  data arrival time                                                 -1.45
  ------------------------------------------------------------------------------
  slack (VIOLATED)                                                  -0.32


  Startpoint: test_mode (input port)
  Endpoint: U3_cpu/U1_datapath/U3_alu/U8_div/RegA_reg_5_
               (removal check against rising-edge clock clk)
  Path Group: **async_default**
  Path Type: min

  Point                                                   Incr       Path
  ------------------------------------------------------------------------------
  clock (input port clock) (rise edge)                    0.00       0.00
  clock network delay (ideal)                             0.00       0.00
  input external delay                                    0.00       0.00 f
  test_mode (in)                                          0.00       0.00 f
  PI_test_mode/C (PDIDGZ)                                 0.30       0.30 f
  test_point_535/U6/Y (MX2X1)                             0.56       0.86 f
  U3_cpu/U1_datapath/U3_alu/U8_div/U214/Y (INVX2)         0.59       1.45 r
  U3_cpu/U1_datapath/U3_alu/U8_div/RegA_reg_5_/RN (SDFFSRX2)
                                                          0.00       1.45 r
  data arrival time                                                  1.45

  clock clk (rise edge)                                   0.00       0.00
  clock network delay (ideal)                             1.50       1.50
  clock uncertainty                                       0.30       1.80
  U3_cpu/U1_datapath/U3_alu/U8_div/RegA_reg_5_/CK (SDFFSRX2)         1.80 r
  library removal time                                   -0.03       1.77
  data required time                                                 1.77
  ------------------------------------------------------------------------------
  data required time                                                 1.77
  data arrival time                                                 -1.45
  ------------------------------------------------------------------------------
  slack (VIOLATED)                                                  -0.32


  Startpoint: test_mode (input port)
  Endpoint: U3_cpu/U1_datapath/U3_alu/U8_div/RegA_reg_6_
               (removal check against rising-edge clock clk)
  Path Group: **async_default**
  Path Type: min

  Point                                                   Incr       Path
  ------------------------------------------------------------------------------
  clock (input port clock) (rise edge)                    0.00       0.00
  clock network delay (ideal)                             0.00       0.00
  input external delay                                    0.00       0.00 f
  test_mode (in)                                          0.00       0.00 f
  PI_test_mode/C (PDIDGZ)                                 0.30       0.30 f
  test_point_535/U6/Y (MX2X1)                             0.56       0.86 f
  U3_cpu/U1_datapath/U3_alu/U8_div/U214/Y (INVX2)         0.59       1.45 r
  U3_cpu/U1_datapath/U3_alu/U8_div/RegA_reg_6_/RN (SDFFSRX2)
                                                          0.00       1.45 r
  data arrival time                                                  1.45

  clock clk (rise edge)                                   0.00       0.00
  clock network delay (ideal)                             1.50       1.50
  clock uncertainty                                       0.30       1.80
  U3_cpu/U1_datapath/U3_alu/U8_div/RegA_reg_6_/CK (SDFFSRX2)         1.80 r
  library removal time                                   -0.03       1.77
  data required time                                                 1.77
  ------------------------------------------------------------------------------
  data required time                                                 1.77
  data arrival time                                                 -1.45
  ------------------------------------------------------------------------------
  slack (VIOLATED)                                                  -0.32


  Startpoint: test_mode (input port)
  Endpoint: U3_cpu/U1_datapath/U3_alu/U8_div/RegA_reg_7_
               (removal check against rising-edge clock clk)
  Path Group: **async_default**
  Path Type: min

  Point                                                   Incr       Path
  ------------------------------------------------------------------------------
  clock (input port clock) (rise edge)                    0.00       0.00
  clock network delay (ideal)                             0.00       0.00
  input external delay                                    0.00       0.00 f
  test_mode (in)                                          0.00       0.00 f
  PI_test_mode/C (PDIDGZ)                                 0.30       0.30 f
  test_point_535/U6/Y (MX2X1)                             0.56       0.86 f
  U3_cpu/U1_datapath/U3_alu/U8_div/U214/Y (INVX2)         0.59       1.45 r
  U3_cpu/U1_datapath/U3_alu/U8_div/RegA_reg_7_/RN (SDFFSRX2)
                                                          0.00       1.45 r
  data arrival time                                                  1.45

  clock clk (rise edge)                                   0.00       0.00
  clock network delay (ideal)                             1.50       1.50
  clock uncertainty                                       0.30       1.80
  U3_cpu/U1_datapath/U3_alu/U8_div/RegA_reg_7_/CK (SDFFSRX2)         1.80 r
  library removal time                                   -0.03       1.77
  data required time                                                 1.77
  ------------------------------------------------------------------------------
  data required time                                                 1.77
  data arrival time                                                 -1.45
  ------------------------------------------------------------------------------
  slack (VIOLATED)                                                  -0.32


  Startpoint: test_mode (input port)
  Endpoint: U3_cpu/U1_datapath/U3_alu/U8_div/RegA_reg_8_
               (removal check against rising-edge clock clk)
  Path Group: **async_default**
  Path Type: min

  Point                                                   Incr       Path
  ------------------------------------------------------------------------------
  clock (input port clock) (rise edge)                    0.00       0.00
  clock network delay (ideal)                             0.00       0.00
  input external delay                                    0.00       0.00 f
  test_mode (in)                                          0.00       0.00 f
  PI_test_mode/C (PDIDGZ)                                 0.30       0.30 f
  test_point_535/U6/Y (MX2X1)                             0.56       0.86 f
  U3_cpu/U1_datapath/U3_alu/U8_div/U214/Y (INVX2)         0.59       1.45 r
  U3_cpu/U1_datapath/U3_alu/U8_div/RegA_reg_8_/RN (SDFFSRX2)
                                                          0.00       1.45 r
  data arrival time                                                  1.45

  clock clk (rise edge)                                   0.00       0.00
  clock network delay (ideal)                             1.50       1.50
  clock uncertainty                                       0.30       1.80
  U3_cpu/U1_datapath/U3_alu/U8_div/RegA_reg_8_/CK (SDFFSRX2)         1.80 r
  library removal time                                   -0.03       1.77
  data required time                                                 1.77
  ------------------------------------------------------------------------------
  data required time                                                 1.77
  data arrival time                                                 -1.45
  ------------------------------------------------------------------------------
  slack (VIOLATED)                                                  -0.32


  Startpoint: test_mode (input port)
  Endpoint: U3_cpu/U1_datapath/U3_alu/U8_div/RegA_reg_9_
               (removal check against rising-edge clock clk)
  Path Group: **async_default**
  Path Type: min

  Point                                                   Incr       Path
  ------------------------------------------------------------------------------
  clock (input port clock) (rise edge)                    0.00       0.00
  clock network delay (ideal)                             0.00       0.00
  input external delay                                    0.00       0.00 f
  test_mode (in)                                          0.00       0.00 f
  PI_test_mode/C (PDIDGZ)                                 0.30       0.30 f
  test_point_535/U6/Y (MX2X1)                             0.56       0.86 f
  U3_cpu/U1_datapath/U3_alu/U8_div/U214/Y (INVX2)         0.59       1.45 r
  U3_cpu/U1_datapath/U3_alu/U8_div/RegA_reg_9_/RN (SDFFSRX2)
                                                          0.00       1.45 r
  data arrival time                                                  1.45

  clock clk (rise edge)                                   0.00       0.00
  clock network delay (ideal)                             1.50       1.50
  clock uncertainty                                       0.30       1.80
  U3_cpu/U1_datapath/U3_alu/U8_div/RegA_reg_9_/CK (SDFFSRX2)         1.80 r
  library removal time                                   -0.03       1.77
  data required time                                                 1.77
  ------------------------------------------------------------------------------
  data required time                                                 1.77
  data arrival time                                                 -1.45
  ------------------------------------------------------------------------------
  slack (VIOLATED)                                                  -0.32


  Startpoint: test_mode (input port)
  Endpoint: U3_cpu/U1_datapath/U3_alu/U8_div/RegA_reg_10_
               (removal check against rising-edge clock clk)
  Path Group: **async_default**
  Path Type: min

  Point                                                   Incr       Path
  ------------------------------------------------------------------------------
  clock (input port clock) (rise edge)                    0.00       0.00
  clock network delay (ideal)                             0.00       0.00
  input external delay                                    0.00       0.00 f
  test_mode (in)                                          0.00       0.00 f
  PI_test_mode/C (PDIDGZ)                                 0.30       0.30 f
  test_point_535/U6/Y (MX2X1)                             0.56       0.86 f
  U3_cpu/U1_datapath/U3_alu/U8_div/U214/Y (INVX2)         0.59       1.45 r
  U3_cpu/U1_datapath/U3_alu/U8_div/RegA_reg_10_/RN (SDFFSRX2)
                                                          0.00       1.45 r
  data arrival time                                                  1.45

  clock clk (rise edge)                                   0.00       0.00
  clock network delay (ideal)                             1.50       1.50
  clock uncertainty                                       0.30       1.80
  U3_cpu/U1_datapath/U3_alu/U8_div/RegA_reg_10_/CK (SDFFSRX2)        1.80 r
  library removal time                                   -0.03       1.77
  data required time                                                 1.77
  ------------------------------------------------------------------------------
  data required time                                                 1.77
  data arrival time                                                 -1.45
  ------------------------------------------------------------------------------
  slack (VIOLATED)                                                  -0.32


  Startpoint: test_mode (input port)
  Endpoint: U3_cpu/U1_datapath/U3_alu/U8_div/RegA_reg_11_
               (removal check against rising-edge clock clk)
  Path Group: **async_default**
  Path Type: min

  Point                                                   Incr       Path
  ------------------------------------------------------------------------------
  clock (input port clock) (rise edge)                    0.00       0.00
  clock network delay (ideal)                             0.00       0.00
  input external delay                                    0.00       0.00 f
  test_mode (in)                                          0.00       0.00 f
  PI_test_mode/C (PDIDGZ)                                 0.30       0.30 f
  test_point_535/U6/Y (MX2X1)                             0.56       0.86 f
  U3_cpu/U1_datapath/U3_alu/U8_div/U214/Y (INVX2)         0.59       1.45 r
  U3_cpu/U1_datapath/U3_alu/U8_div/RegA_reg_11_/RN (SDFFSRX2)
                                                          0.00       1.45 r
  data arrival time                                                  1.45

  clock clk (rise edge)                                   0.00       0.00
  clock network delay (ideal)                             1.50       1.50
  clock uncertainty                                       0.30       1.80
  U3_cpu/U1_datapath/U3_alu/U8_div/RegA_reg_11_/CK (SDFFSRX2)        1.80 r
  library removal time                                   -0.03       1.77
  data required time                                                 1.77
  ------------------------------------------------------------------------------
  data required time                                                 1.77
  data arrival time                                                 -1.45
  ------------------------------------------------------------------------------
  slack (VIOLATED)                                                  -0.32


  Startpoint: test_mode (input port)
  Endpoint: U3_cpu/U1_datapath/U3_alu/U8_div/RegA_reg_12_
               (removal check against rising-edge clock clk)
  Path Group: **async_default**
  Path Type: min

  Point                                                   Incr       Path
  ------------------------------------------------------------------------------
  clock (input port clock) (rise edge)                    0.00       0.00
  clock network delay (ideal)                             0.00       0.00
  input external delay                                    0.00       0.00 f
  test_mode (in)                                          0.00       0.00 f
  PI_test_mode/C (PDIDGZ)                                 0.30       0.30 f
  test_point_535/U6/Y (MX2X1)                             0.56       0.86 f
  U3_cpu/U1_datapath/U3_alu/U8_div/U214/Y (INVX2)         0.59       1.45 r
  U3_cpu/U1_datapath/U3_alu/U8_div/RegA_reg_12_/RN (SDFFSRX2)
                                                          0.00       1.45 r
  data arrival time                                                  1.45

  clock clk (rise edge)                                   0.00       0.00
  clock network delay (ideal)                             1.50       1.50
  clock uncertainty                                       0.30       1.80
  U3_cpu/U1_datapath/U3_alu/U8_div/RegA_reg_12_/CK (SDFFSRX2)        1.80 r
  library removal time                                   -0.03       1.77
  data required time                                                 1.77
  ------------------------------------------------------------------------------
  data required time                                                 1.77
  data arrival time                                                 -1.45
  ------------------------------------------------------------------------------
  slack (VIOLATED)                                                  -0.32


  Startpoint: test_mode (input port)
  Endpoint: U3_cpu/U1_datapath/U3_alu/U8_div/RegA_reg_13_
               (removal check against rising-edge clock clk)
  Path Group: **async_default**
  Path Type: min

  Point                                                   Incr       Path
  ------------------------------------------------------------------------------
  clock (input port clock) (rise edge)                    0.00       0.00
  clock network delay (ideal)                             0.00       0.00
  input external delay                                    0.00       0.00 f
  test_mode (in)                                          0.00       0.00 f
  PI_test_mode/C (PDIDGZ)                                 0.30       0.30 f
  test_point_535/U6/Y (MX2X1)                             0.56       0.86 f
  U3_cpu/U1_datapath/U3_alu/U8_div/U214/Y (INVX2)         0.59       1.45 r
  U3_cpu/U1_datapath/U3_alu/U8_div/RegA_reg_13_/RN (SDFFSRX2)
                                                          0.00       1.45 r
  data arrival time                                                  1.45

  clock clk (rise edge)                                   0.00       0.00
  clock network delay (ideal)                             1.50       1.50
  clock uncertainty                                       0.30       1.80
  U3_cpu/U1_datapath/U3_alu/U8_div/RegA_reg_13_/CK (SDFFSRX2)        1.80 r
  library removal time                                   -0.03       1.77
  data required time                                                 1.77
  ------------------------------------------------------------------------------
  data required time                                                 1.77
  data arrival time                                                 -1.45
  ------------------------------------------------------------------------------
  slack (VIOLATED)                                                  -0.32


  Startpoint: test_mode (input port)
  Endpoint: U3_cpu/U1_datapath/U3_alu/U8_div/RegA_reg_14_
               (removal check against rising-edge clock clk)
  Path Group: **async_default**
  Path Type: min

  Point                                                   Incr       Path
  ------------------------------------------------------------------------------
  clock (input port clock) (rise edge)                    0.00       0.00
  clock network delay (ideal)                             0.00       0.00
  input external delay                                    0.00       0.00 f
  test_mode (in)                                          0.00       0.00 f
  PI_test_mode/C (PDIDGZ)                                 0.30       0.30 f
  test_point_535/U6/Y (MX2X1)                             0.56       0.86 f
  U3_cpu/U1_datapath/U3_alu/U8_div/U214/Y (INVX2)         0.59       1.45 r
  U3_cpu/U1_datapath/U3_alu/U8_div/RegA_reg_14_/RN (SDFFSRX2)
                                                          0.00       1.45 r
  data arrival time                                                  1.45

  clock clk (rise edge)                                   0.00       0.00
  clock network delay (ideal)                             1.50       1.50
  clock uncertainty                                       0.30       1.80
  U3_cpu/U1_datapath/U3_alu/U8_div/RegA_reg_14_/CK (SDFFSRX2)        1.80 r
  library removal time                                   -0.03       1.77
  data required time                                                 1.77
  ------------------------------------------------------------------------------
  data required time                                                 1.77
  data arrival time                                                 -1.45
  ------------------------------------------------------------------------------
  slack (VIOLATED)                                                  -0.32


  Startpoint: test_mode (input port)
  Endpoint: U3_cpu/U1_datapath/U3_alu/U8_div/RegB_reg_0_
               (removal check against rising-edge clock clk)
  Path Group: **async_default**
  Path Type: min

  Point                                                   Incr       Path
  ------------------------------------------------------------------------------
  clock (input port clock) (rise edge)                    0.00       0.00
  clock network delay (ideal)                             0.00       0.00
  input external delay                                    0.00       0.00 f
  test_mode (in)                                          0.00       0.00 f
  PI_test_mode/C (PDIDGZ)                                 0.30       0.30 f
  test_point_535/U6/Y (MX2X1)                             0.56       0.86 f
  U3_cpu/U1_datapath/U3_alu/U8_div/U214/Y (INVX2)         0.59       1.45 r
  U3_cpu/U1_datapath/U3_alu/U8_div/RegB_reg_0_/RN (SDFFSRX2)
                                                          0.00       1.45 r
  data arrival time                                                  1.45

  clock clk (rise edge)                                   0.00       0.00
  clock network delay (ideal)                             1.50       1.50
  clock uncertainty                                       0.30       1.80
  U3_cpu/U1_datapath/U3_alu/U8_div/RegB_reg_0_/CK (SDFFSRX2)         1.80 r
  library removal time                                   -0.03       1.77
  data required time                                                 1.77
  ------------------------------------------------------------------------------
  data required time                                                 1.77
  data arrival time                                                 -1.45
  ------------------------------------------------------------------------------
  slack (VIOLATED)                                                  -0.32


  Startpoint: test_mode (input port)
  Endpoint: U3_cpu/U1_datapath/U3_alu/U8_div/RegB_reg_1_
               (removal check against rising-edge clock clk)
  Path Group: **async_default**
  Path Type: min

  Point                                                   Incr       Path
  ------------------------------------------------------------------------------
  clock (input port clock) (rise edge)                    0.00       0.00
  clock network delay (ideal)                             0.00       0.00
  input external delay                                    0.00       0.00 f
  test_mode (in)                                          0.00       0.00 f
  PI_test_mode/C (PDIDGZ)                                 0.30       0.30 f
  test_point_535/U6/Y (MX2X1)                             0.56       0.86 f
  U3_cpu/U1_datapath/U3_alu/U8_div/U214/Y (INVX2)         0.59       1.45 r
  U3_cpu/U1_datapath/U3_alu/U8_div/RegB_reg_1_/RN (SDFFSRX2)
                                                          0.00       1.45 r
  data arrival time                                                  1.45

  clock clk (rise edge)                                   0.00       0.00
  clock network delay (ideal)                             1.50       1.50
  clock uncertainty                                       0.30       1.80
  U3_cpu/U1_datapath/U3_alu/U8_div/RegB_reg_1_/CK (SDFFSRX2)         1.80 r
  library removal time                                   -0.03       1.77
  data required time                                                 1.77
  ------------------------------------------------------------------------------
  data required time                                                 1.77
  data arrival time                                                 -1.45
  ------------------------------------------------------------------------------
  slack (VIOLATED)                                                  -0.32


  Startpoint: test_mode (input port)
  Endpoint: U3_cpu/U1_datapath/U3_alu/U8_div/RegB_reg_2_
               (removal check against rising-edge clock clk)
  Path Group: **async_default**
  Path Type: min

  Point                                                   Incr       Path
  ------------------------------------------------------------------------------
  clock (input port clock) (rise edge)                    0.00       0.00
  clock network delay (ideal)                             0.00       0.00
  input external delay                                    0.00       0.00 f
  test_mode (in)                                          0.00       0.00 f
  PI_test_mode/C (PDIDGZ)                                 0.30       0.30 f
  test_point_535/U6/Y (MX2X1)                             0.56       0.86 f
  U3_cpu/U1_datapath/U3_alu/U8_div/U214/Y (INVX2)         0.59       1.45 r
  U3_cpu/U1_datapath/U3_alu/U8_div/RegB_reg_2_/RN (SDFFSRX2)
                                                          0.00       1.45 r
  data arrival time                                                  1.45

  clock clk (rise edge)                                   0.00       0.00
  clock network delay (ideal)                             1.50       1.50
  clock uncertainty                                       0.30       1.80
  U3_cpu/U1_datapath/U3_alu/U8_div/RegB_reg_2_/CK (SDFFSRX2)         1.80 r
  library removal time                                   -0.03       1.77
  data required time                                                 1.77
  ------------------------------------------------------------------------------
  data required time                                                 1.77
  data arrival time                                                 -1.45
  ------------------------------------------------------------------------------
  slack (VIOLATED)                                                  -0.32


  Startpoint: test_mode (input port)
  Endpoint: U3_cpu/U1_datapath/U3_alu/U8_div/RegB_reg_3_
               (removal check against rising-edge clock clk)
  Path Group: **async_default**
  Path Type: min

  Point                                                   Incr       Path
  ------------------------------------------------------------------------------
  clock (input port clock) (rise edge)                    0.00       0.00
  clock network delay (ideal)                             0.00       0.00
  input external delay                                    0.00       0.00 f
  test_mode (in)                                          0.00       0.00 f
  PI_test_mode/C (PDIDGZ)                                 0.30       0.30 f
  test_point_535/U6/Y (MX2X1)                             0.56       0.86 f
  U3_cpu/U1_datapath/U3_alu/U8_div/U214/Y (INVX2)         0.59       1.45 r
  U3_cpu/U1_datapath/U3_alu/U8_div/RegB_reg_3_/RN (SDFFSRX2)
                                                          0.00       1.45 r
  data arrival time                                                  1.45

  clock clk (rise edge)                                   0.00       0.00
  clock network delay (ideal)                             1.50       1.50
  clock uncertainty                                       0.30       1.80
  U3_cpu/U1_datapath/U3_alu/U8_div/RegB_reg_3_/CK (SDFFSRX2)         1.80 r
  library removal time                                   -0.03       1.77
  data required time                                                 1.77
  ------------------------------------------------------------------------------
  data required time                                                 1.77
  data arrival time                                                 -1.45
  ------------------------------------------------------------------------------
  slack (VIOLATED)                                                  -0.32


  Startpoint: test_mode (input port)
  Endpoint: U3_cpu/U1_datapath/U3_alu/U8_div/RegB_reg_4_
               (removal check against rising-edge clock clk)
  Path Group: **async_default**
  Path Type: min

  Point                                                   Incr       Path
  ------------------------------------------------------------------------------
  clock (input port clock) (rise edge)                    0.00       0.00
  clock network delay (ideal)                             0.00       0.00
  input external delay                                    0.00       0.00 f
  test_mode (in)                                          0.00       0.00 f
  PI_test_mode/C (PDIDGZ)                                 0.30       0.30 f
  test_point_535/U6/Y (MX2X1)                             0.56       0.86 f
  U3_cpu/U1_datapath/U3_alu/U8_div/U214/Y (INVX2)         0.59       1.45 r
  U3_cpu/U1_datapath/U3_alu/U8_div/RegB_reg_4_/RN (SDFFSRX2)
                                                          0.00       1.45 r
  data arrival time                                                  1.45

  clock clk (rise edge)                                   0.00       0.00
  clock network delay (ideal)                             1.50       1.50
  clock uncertainty                                       0.30       1.80
  U3_cpu/U1_datapath/U3_alu/U8_div/RegB_reg_4_/CK (SDFFSRX2)         1.80 r
  library removal time                                   -0.03       1.77
  data required time                                                 1.77
  ------------------------------------------------------------------------------
  data required time                                                 1.77
  data arrival time                                                 -1.45
  ------------------------------------------------------------------------------
  slack (VIOLATED)                                                  -0.32


  Startpoint: test_mode (input port)
  Endpoint: U3_cpu/U1_datapath/U3_alu/U8_div/RegB_reg_5_
               (removal check against rising-edge clock clk)
  Path Group: **async_default**
  Path Type: min

  Point                                                   Incr       Path
  ------------------------------------------------------------------------------
  clock (input port clock) (rise edge)                    0.00       0.00
  clock network delay (ideal)                             0.00       0.00
  input external delay                                    0.00       0.00 f
  test_mode (in)                                          0.00       0.00 f
  PI_test_mode/C (PDIDGZ)                                 0.30       0.30 f
  test_point_535/U6/Y (MX2X1)                             0.56       0.86 f
  U3_cpu/U1_datapath/U3_alu/U8_div/U214/Y (INVX2)         0.59       1.45 r
  U3_cpu/U1_datapath/U3_alu/U8_div/RegB_reg_5_/RN (SDFFSRX2)
                                                          0.00       1.45 r
  data arrival time                                                  1.45

  clock clk (rise edge)                                   0.00       0.00
  clock network delay (ideal)                             1.50       1.50
  clock uncertainty                                       0.30       1.80
  U3_cpu/U1_datapath/U3_alu/U8_div/RegB_reg_5_/CK (SDFFSRX2)         1.80 r
  library removal time                                   -0.03       1.77
  data required time                                                 1.77
  ------------------------------------------------------------------------------
  data required time                                                 1.77
  data arrival time                                                 -1.45
  ------------------------------------------------------------------------------
  slack (VIOLATED)                                                  -0.32


  Startpoint: test_mode (input port)
  Endpoint: U3_cpu/U1_datapath/U3_alu/U8_div/RegB_reg_6_
               (removal check against rising-edge clock clk)
  Path Group: **async_default**
  Path Type: min

  Point                                                   Incr       Path
  ------------------------------------------------------------------------------
  clock (input port clock) (rise edge)                    0.00       0.00
  clock network delay (ideal)                             0.00       0.00
  input external delay                                    0.00       0.00 f
  test_mode (in)                                          0.00       0.00 f
  PI_test_mode/C (PDIDGZ)                                 0.30       0.30 f
  test_point_535/U6/Y (MX2X1)                             0.56       0.86 f
  U3_cpu/U1_datapath/U3_alu/U8_div/U214/Y (INVX2)         0.59       1.45 r
  U3_cpu/U1_datapath/U3_alu/U8_div/RegB_reg_6_/RN (SDFFSRX2)
                                                          0.00       1.45 r
  data arrival time                                                  1.45

  clock clk (rise edge)                                   0.00       0.00
  clock network delay (ideal)                             1.50       1.50
  clock uncertainty                                       0.30       1.80
  U3_cpu/U1_datapath/U3_alu/U8_div/RegB_reg_6_/CK (SDFFSRX2)         1.80 r
  library removal time                                   -0.03       1.77
  data required time                                                 1.77
  ------------------------------------------------------------------------------
  data required time                                                 1.77
  data arrival time                                                 -1.45
  ------------------------------------------------------------------------------
  slack (VIOLATED)                                                  -0.32


  Startpoint: test_mode (input port)
  Endpoint: U3_cpu/U1_datapath/U3_alu/U8_div/RegB_reg_7_
               (removal check against rising-edge clock clk)
  Path Group: **async_default**
  Path Type: min

  Point                                                   Incr       Path
  ------------------------------------------------------------------------------
  clock (input port clock) (rise edge)                    0.00       0.00
  clock network delay (ideal)                             0.00       0.00
  input external delay                                    0.00       0.00 f
  test_mode (in)                                          0.00       0.00 f
  PI_test_mode/C (PDIDGZ)                                 0.30       0.30 f
  test_point_535/U6/Y (MX2X1)                             0.56       0.86 f
  U3_cpu/U1_datapath/U3_alu/U8_div/U214/Y (INVX2)         0.59       1.45 r
  U3_cpu/U1_datapath/U3_alu/U8_div/RegB_reg_7_/RN (SDFFSRX2)
                                                          0.00       1.45 r
  data arrival time                                                  1.45

  clock clk (rise edge)                                   0.00       0.00
  clock network delay (ideal)                             1.50       1.50
  clock uncertainty                                       0.30       1.80
  U3_cpu/U1_datapath/U3_alu/U8_div/RegB_reg_7_/CK (SDFFSRX2)         1.80 r
  library removal time                                   -0.03       1.77
  data required time                                                 1.77
  ------------------------------------------------------------------------------
  data required time                                                 1.77
  data arrival time                                                 -1.45
  ------------------------------------------------------------------------------
  slack (VIOLATED)                                                  -0.32


  Startpoint: test_mode (input port)
  Endpoint: U3_cpu/U1_datapath/U1_sfr/U_uart/cnt1_8_reg_0_
               (removal check against rising-edge clock clk)
  Path Group: **async_default**
  Path Type: min

  Point                                                   Incr       Path
  ------------------------------------------------------------------------------
  clock (input port clock) (rise edge)                    0.00       0.00
  clock network delay (ideal)                             0.00       0.00
  input external delay                                    0.00       0.00 f
  test_mode (in)                                          0.00       0.00 f
  PI_test_mode/C (PDIDGZ)                                 0.30       0.30 f
  test_point_535/U6/Y (MX2X1)                             0.56       0.86 f
  U3_cpu/U1_datapath/U1_sfr/U_uart/U508/Y (INVX4)         0.67       1.53 r
  U3_cpu/U1_datapath/U1_sfr/U_uart/cnt1_8_reg_0_/RN (SDFFRHQX1)
                                                          0.00       1.53 r
  data arrival time                                                  1.53

  clock clk (rise edge)                                   0.00       0.00
  clock network delay (ideal)                             1.50       1.50
  clock uncertainty                                       0.30       1.80
  U3_cpu/U1_datapath/U1_sfr/U_uart/cnt1_8_reg_0_/CK (SDFFRHQX1)      1.80 r
  library removal time                                   -0.01       1.79
  data required time                                                 1.79
  ------------------------------------------------------------------------------
  data required time                                                 1.79
  data arrival time                                                 -1.53
  ------------------------------------------------------------------------------
  slack (VIOLATED)                                                  -0.26


  Startpoint: test_mode (input port)
  Endpoint: U3_cpu/U1_datapath/U1_sfr/U_uart/cnt1_8_reg_1_
               (removal check against rising-edge clock clk)
  Path Group: **async_default**
  Path Type: min

  Point                                                   Incr       Path
  ------------------------------------------------------------------------------
  clock (input port clock) (rise edge)                    0.00       0.00
  clock network delay (ideal)                             0.00       0.00
  input external delay                                    0.00       0.00 f
  test_mode (in)                                          0.00       0.00 f
  PI_test_mode/C (PDIDGZ)                                 0.30       0.30 f
  test_point_535/U6/Y (MX2X1)                             0.56       0.86 f
  U3_cpu/U1_datapath/U1_sfr/U_uart/U508/Y (INVX4)         0.67       1.53 r
  U3_cpu/U1_datapath/U1_sfr/U_uart/cnt1_8_reg_1_/RN (SDFFRHQX1)
                                                          0.00       1.53 r
  data arrival time                                                  1.53

  clock clk (rise edge)                                   0.00       0.00
  clock network delay (ideal)                             1.50       1.50
  clock uncertainty                                       0.30       1.80
  U3_cpu/U1_datapath/U1_sfr/U_uart/cnt1_8_reg_1_/CK (SDFFRHQX1)      1.80 r
  library removal time                                   -0.01       1.79
  data required time                                                 1.79
  ------------------------------------------------------------------------------
  data required time                                                 1.79
  data arrival time                                                 -1.53
  ------------------------------------------------------------------------------
  slack (VIOLATED)                                                  -0.26


  Startpoint: test_mode (input port)
  Endpoint: U3_cpu/U1_datapath/U1_sfr/U_uart/cnt1_8_reg_2_
               (removal check against rising-edge clock clk)
  Path Group: **async_default**
  Path Type: min

  Point                                                   Incr       Path
  ------------------------------------------------------------------------------
  clock (input port clock) (rise edge)                    0.00       0.00
  clock network delay (ideal)                             0.00       0.00
  input external delay                                    0.00       0.00 f
  test_mode (in)                                          0.00       0.00 f
  PI_test_mode/C (PDIDGZ)                                 0.30       0.30 f
  test_point_535/U6/Y (MX2X1)                             0.56       0.86 f
  U3_cpu/U1_datapath/U1_sfr/U_uart/U508/Y (INVX4)         0.67       1.53 r
  U3_cpu/U1_datapath/U1_sfr/U_uart/cnt1_8_reg_2_/RN (SDFFRHQX1)
                                                          0.00       1.53 r
  data arrival time                                                  1.53

  clock clk (rise edge)                                   0.00       0.00
  clock network delay (ideal)                             1.50       1.50
  clock uncertainty                                       0.30       1.80
  U3_cpu/U1_datapath/U1_sfr/U_uart/cnt1_8_reg_2_/CK (SDFFRHQX1)      1.80 r
  library removal time                                   -0.01       1.79
  data required time                                                 1.79
  ------------------------------------------------------------------------------
  data required time                                                 1.79
  data arrival time                                                 -1.53
  ------------------------------------------------------------------------------
  slack (VIOLATED)                                                  -0.26


  Startpoint: test_mode (input port)
  Endpoint: U3_cpu/U1_datapath/U1_sfr/U_uart/cnt1_8_reg_4_
               (removal check against rising-edge clock clk)
  Path Group: **async_default**
  Path Type: min

  Point                                                   Incr       Path
  ------------------------------------------------------------------------------
  clock (input port clock) (rise edge)                    0.00       0.00
  clock network delay (ideal)                             0.00       0.00
  input external delay                                    0.00       0.00 f
  test_mode (in)                                          0.00       0.00 f
  PI_test_mode/C (PDIDGZ)                                 0.30       0.30 f
  test_point_535/U6/Y (MX2X1)                             0.56       0.86 f
  U3_cpu/U1_datapath/U1_sfr/U_uart/U508/Y (INVX4)         0.67       1.53 r
  U3_cpu/U1_datapath/U1_sfr/U_uart/cnt1_8_reg_4_/RN (SDFFRHQX1)
                                                          0.00       1.53 r
  data arrival time                                                  1.53

  clock clk (rise edge)                                   0.00       0.00
  clock network delay (ideal)                             1.50       1.50
  clock uncertainty                                       0.30       1.80
  U3_cpu/U1_datapath/U1_sfr/U_uart/cnt1_8_reg_4_/CK (SDFFRHQX1)      1.80 r
  library removal time                                   -0.01       1.79
  data required time                                                 1.79
  ------------------------------------------------------------------------------
  data required time                                                 1.79
  data arrival time                                                 -1.53
  ------------------------------------------------------------------------------
  slack (VIOLATED)                                                  -0.26


  Startpoint: test_mode (input port)
  Endpoint: U3_cpu/U1_datapath/U1_sfr/U_uart/cnt1_8_reg_5_
               (removal check against rising-edge clock clk)
  Path Group: **async_default**
  Path Type: min

  Point                                                   Incr       Path
  ------------------------------------------------------------------------------
  clock (input port clock) (rise edge)                    0.00       0.00
  clock network delay (ideal)                             0.00       0.00
  input external delay                                    0.00       0.00 f
  test_mode (in)                                          0.00       0.00 f
  PI_test_mode/C (PDIDGZ)                                 0.30       0.30 f
  test_point_535/U6/Y (MX2X1)                             0.56       0.86 f
  U3_cpu/U1_datapath/U1_sfr/U_uart/U508/Y (INVX4)         0.67       1.53 r
  U3_cpu/U1_datapath/U1_sfr/U_uart/cnt1_8_reg_5_/RN (SDFFRHQX1)
                                                          0.00       1.53 r
  data arrival time                                                  1.53

  clock clk (rise edge)                                   0.00       0.00
  clock network delay (ideal)                             1.50       1.50
  clock uncertainty                                       0.30       1.80
  U3_cpu/U1_datapath/U1_sfr/U_uart/cnt1_8_reg_5_/CK (SDFFRHQX1)      1.80 r
  library removal time                                   -0.01       1.79
  data required time                                                 1.79
  ------------------------------------------------------------------------------
  data required time                                                 1.79
  data arrival time                                                 -1.53
  ------------------------------------------------------------------------------
  slack (VIOLATED)                                                  -0.26


  Startpoint: test_mode (input port)
  Endpoint: U3_cpu/U1_datapath/U1_sfr/U_uart/cnt1_8_reg_6_
               (removal check against rising-edge clock clk)
  Path Group: **async_default**
  Path Type: min

  Point                                                   Incr       Path
  ------------------------------------------------------------------------------
  clock (input port clock) (rise edge)                    0.00       0.00
  clock network delay (ideal)                             0.00       0.00
  input external delay                                    0.00       0.00 f
  test_mode (in)                                          0.00       0.00 f
  PI_test_mode/C (PDIDGZ)                                 0.30       0.30 f
  test_point_535/U6/Y (MX2X1)                             0.56       0.86 f
  U3_cpu/U1_datapath/U1_sfr/U_uart/U508/Y (INVX4)         0.67       1.53 r
  U3_cpu/U1_datapath/U1_sfr/U_uart/cnt1_8_reg_6_/RN (SDFFRHQX1)
                                                          0.00       1.53 r
  data arrival time                                                  1.53

  clock clk (rise edge)                                   0.00       0.00
  clock network delay (ideal)                             1.50       1.50
  clock uncertainty                                       0.30       1.80
  U3_cpu/U1_datapath/U1_sfr/U_uart/cnt1_8_reg_6_/CK (SDFFRHQX1)      1.80 r
  library removal time                                   -0.01       1.79
  data required time                                                 1.79
  ------------------------------------------------------------------------------
  data required time                                                 1.79
  data arrival time                                                 -1.53
  ------------------------------------------------------------------------------
  slack (VIOLATED)                                                  -0.26


  Startpoint: test_mode (input port)
  Endpoint: U3_cpu/U1_datapath/U1_sfr/U_uart/cnt1_8_reg_7_
               (removal check against rising-edge clock clk)
  Path Group: **async_default**
  Path Type: min

  Point                                                   Incr       Path
  ------------------------------------------------------------------------------
  clock (input port clock) (rise edge)                    0.00       0.00
  clock network delay (ideal)                             0.00       0.00
  input external delay                                    0.00       0.00 f
  test_mode (in)                                          0.00       0.00 f
  PI_test_mode/C (PDIDGZ)                                 0.30       0.30 f
  test_point_535/U6/Y (MX2X1)                             0.56       0.86 f
  U3_cpu/U1_datapath/U1_sfr/U_uart/U508/Y (INVX4)         0.67       1.53 r
  U3_cpu/U1_datapath/U1_sfr/U_uart/cnt1_8_reg_7_/RN (SDFFRHQX1)
                                                          0.00       1.53 r
  data arrival time                                                  1.53

  clock clk (rise edge)                                   0.00       0.00
  clock network delay (ideal)                             1.50       1.50
  clock uncertainty                                       0.30       1.80
  U3_cpu/U1_datapath/U1_sfr/U_uart/cnt1_8_reg_7_/CK (SDFFRHQX1)      1.80 r
  library removal time                                   -0.01       1.79
  data required time                                                 1.79
  ------------------------------------------------------------------------------
  data required time                                                 1.79
  data arrival time                                                 -1.53
  ------------------------------------------------------------------------------
  slack (VIOLATED)                                                  -0.26


  Startpoint: test_mode (input port)
  Endpoint: U3_cpu/U1_datapath/U1_sfr/U_uart/rec_sync_reg
               (removal check against rising-edge clock clk)
  Path Group: **async_default**
  Path Type: min

  Point                                                   Incr       Path
  ------------------------------------------------------------------------------
  clock (input port clock) (rise edge)                    0.00       0.00
  clock network delay (ideal)                             0.00       0.00
  input external delay                                    0.00       0.00 f
  test_mode (in)                                          0.00       0.00 f
  PI_test_mode/C (PDIDGZ)                                 0.30       0.30 f
  test_point_535/U6/Y (MX2X1)                             0.56       0.86 f
  U3_cpu/U1_datapath/U1_sfr/U_uart/U508/Y (INVX4)         0.67       1.53 r
  U3_cpu/U1_datapath/U1_sfr/U_uart/rec_sync_reg/RN (SDFFRHQX1)
                                                          0.00       1.53 r
  data arrival time                                                  1.53

  clock clk (rise edge)                                   0.00       0.00
  clock network delay (ideal)                             1.50       1.50
  clock uncertainty                                       0.30       1.80
  U3_cpu/U1_datapath/U1_sfr/U_uart/rec_sync_reg/CK (SDFFRHQX1)       1.80 r
  library removal time                                   -0.01       1.79
  data required time                                                 1.79
  ------------------------------------------------------------------------------
  data required time                                                 1.79
  data arrival time                                                 -1.53
  ------------------------------------------------------------------------------
  slack (VIOLATED)                                                  -0.26


  Startpoint: test_mode (input port)
  Endpoint: U3_cpu/U1_datapath/U1_sfr/U_uart/cnt0_4_reg_0_
               (removal check against rising-edge clock clk)
  Path Group: **async_default**
  Path Type: min

  Point                                                   Incr       Path
  ------------------------------------------------------------------------------
  clock (input port clock) (rise edge)                    0.00       0.00
  clock network delay (ideal)                             0.00       0.00
  input external delay                                    0.00       0.00 f
  test_mode (in)                                          0.00       0.00 f
  PI_test_mode/C (PDIDGZ)                                 0.30       0.30 f
  test_point_535/U6/Y (MX2X1)                             0.56       0.86 f
  U3_cpu/U1_datapath/U1_sfr/U_uart/U508/Y (INVX4)         0.67       1.53 r
  U3_cpu/U1_datapath/U1_sfr/U_uart/cnt0_4_reg_0_/RN (SDFFSRX2)
                                                          0.00       1.53 r
  data arrival time                                                  1.53

  clock clk (rise edge)                                   0.00       0.00
  clock network delay (ideal)                             1.50       1.50
  clock uncertainty                                       0.30       1.80
  U3_cpu/U1_datapath/U1_sfr/U_uart/cnt0_4_reg_0_/CK (SDFFSRX2)       1.80 r
  library removal time                                   -0.02       1.78
  data required time                                                 1.78
  ------------------------------------------------------------------------------
  data required time                                                 1.78
  data arrival time                                                 -1.53
  ------------------------------------------------------------------------------
  slack (VIOLATED)                                                  -0.25


  Startpoint: test_mode (input port)
  Endpoint: U3_cpu/U1_datapath/U1_sfr/U_uart/cnt0_4_reg_1_
               (removal check against rising-edge clock clk)
  Path Group: **async_default**
  Path Type: min

  Point                                                   Incr       Path
  ------------------------------------------------------------------------------
  clock (input port clock) (rise edge)                    0.00       0.00
  clock network delay (ideal)                             0.00       0.00
  input external delay                                    0.00       0.00 f
  test_mode (in)                                          0.00       0.00 f
  PI_test_mode/C (PDIDGZ)                                 0.30       0.30 f
  test_point_535/U6/Y (MX2X1)                             0.56       0.86 f
  U3_cpu/U1_datapath/U1_sfr/U_uart/U508/Y (INVX4)         0.67       1.53 r
  U3_cpu/U1_datapath/U1_sfr/U_uart/cnt0_4_reg_1_/RN (SDFFSRX2)
                                                          0.00       1.53 r
  data arrival time                                                  1.53

  clock clk (rise edge)                                   0.00       0.00
  clock network delay (ideal)                             1.50       1.50
  clock uncertainty                                       0.30       1.80
  U3_cpu/U1_datapath/U1_sfr/U_uart/cnt0_4_reg_1_/CK (SDFFSRX2)       1.80 r
  library removal time                                   -0.02       1.78
  data required time                                                 1.78
  ------------------------------------------------------------------------------
  data required time                                                 1.78
  data arrival time                                                 -1.53
  ------------------------------------------------------------------------------
  slack (VIOLATED)                                                  -0.25


  Startpoint: test_mode (input port)
  Endpoint: U3_cpu/U1_datapath/U1_sfr/U_uart/cnt0_4_reg_2_
               (removal check against rising-edge clock clk)
  Path Group: **async_default**
  Path Type: min

  Point                                                   Incr       Path
  ------------------------------------------------------------------------------
  clock (input port clock) (rise edge)                    0.00       0.00
  clock network delay (ideal)                             0.00       0.00
  input external delay                                    0.00       0.00 f
  test_mode (in)                                          0.00       0.00 f
  PI_test_mode/C (PDIDGZ)                                 0.30       0.30 f
  test_point_535/U6/Y (MX2X1)                             0.56       0.86 f
  U3_cpu/U1_datapath/U1_sfr/U_uart/U508/Y (INVX4)         0.67       1.53 r
  U3_cpu/U1_datapath/U1_sfr/U_uart/cnt0_4_reg_2_/RN (SDFFSRX2)
                                                          0.00       1.53 r
  data arrival time                                                  1.53

  clock clk (rise edge)                                   0.00       0.00
  clock network delay (ideal)                             1.50       1.50
  clock uncertainty                                       0.30       1.80
  U3_cpu/U1_datapath/U1_sfr/U_uart/cnt0_4_reg_2_/CK (SDFFSRX2)       1.80 r
  library removal time                                   -0.02       1.78
  data required time                                                 1.78
  ------------------------------------------------------------------------------
  data required time                                                 1.78
  data arrival time                                                 -1.53
  ------------------------------------------------------------------------------
  slack (VIOLATED)                                                  -0.25


  Startpoint: test_mode (input port)
  Endpoint: U3_cpu/U1_datapath/U1_sfr/U_uart/cnt0_4_reg_3_
               (removal check against rising-edge clock clk)
  Path Group: **async_default**
  Path Type: min

  Point                                                   Incr       Path
  ------------------------------------------------------------------------------
  clock (input port clock) (rise edge)                    0.00       0.00
  clock network delay (ideal)                             0.00       0.00
  input external delay                                    0.00       0.00 f
  test_mode (in)                                          0.00       0.00 f
  PI_test_mode/C (PDIDGZ)                                 0.30       0.30 f
  test_point_535/U6/Y (MX2X1)                             0.56       0.86 f
  U3_cpu/U1_datapath/U1_sfr/U_uart/U508/Y (INVX4)         0.67       1.53 r
  U3_cpu/U1_datapath/U1_sfr/U_uart/cnt0_4_reg_3_/RN (SDFFSRX2)
                                                          0.00       1.53 r
  data arrival time                                                  1.53

  clock clk (rise edge)                                   0.00       0.00
  clock network delay (ideal)                             1.50       1.50
  clock uncertainty                                       0.30       1.80
  U3_cpu/U1_datapath/U1_sfr/U_uart/cnt0_4_reg_3_/CK (SDFFSRX2)       1.80 r
  library removal time                                   -0.02       1.78
  data required time                                                 1.78
  ------------------------------------------------------------------------------
  data required time                                                 1.78
  data arrival time                                                 -1.53
  ------------------------------------------------------------------------------
  slack (VIOLATED)                                                  -0.25


  Startpoint: test_mode (input port)
  Endpoint: U3_cpu/U1_datapath/U1_sfr/U_uart/cnt1_8_reg_3_
               (removal check against rising-edge clock clk)
  Path Group: **async_default**
  Path Type: min

  Point                                                   Incr       Path
  ------------------------------------------------------------------------------
  clock (input port clock) (rise edge)                    0.00       0.00
  clock network delay (ideal)                             0.00       0.00
  input external delay                                    0.00       0.00 f
  test_mode (in)                                          0.00       0.00 f
  PI_test_mode/C (PDIDGZ)                                 0.30       0.30 f
  test_point_535/U6/Y (MX2X1)                             0.56       0.86 f
  U3_cpu/U1_datapath/U1_sfr/U_uart/U508/Y (INVX4)         0.67       1.53 r
  U3_cpu/U1_datapath/U1_sfr/U_uart/cnt1_8_reg_3_/RN (SDFFSRX2)
                                                          0.00       1.53 r
  data arrival time                                                  1.53

  clock clk (rise edge)                                   0.00       0.00
  clock network delay (ideal)                             1.50       1.50
  clock uncertainty                                       0.30       1.80
  U3_cpu/U1_datapath/U1_sfr/U_uart/cnt1_8_reg_3_/CK (SDFFSRX2)       1.80 r
  library removal time                                   -0.02       1.78
  data required time                                                 1.78
  ------------------------------------------------------------------------------
  data required time                                                 1.78
  data arrival time                                                 -1.53
  ------------------------------------------------------------------------------
  slack (VIOLATED)                                                  -0.25


  Startpoint: test_mode (input port)
  Endpoint: U3_cpu/U1_datapath/U1_sfr/U_uart/div12_reg
               (removal check against rising-edge clock clk)
  Path Group: **async_default**
  Path Type: min

  Point                                                   Incr       Path
  ------------------------------------------------------------------------------
  clock (input port clock) (rise edge)                    0.00       0.00
  clock network delay (ideal)                             0.00       0.00
  input external delay                                    0.00       0.00 f
  test_mode (in)                                          0.00       0.00 f
  PI_test_mode/C (PDIDGZ)                                 0.30       0.30 f
  test_point_535/U6/Y (MX2X1)                             0.56       0.86 f
  U3_cpu/U1_datapath/U1_sfr/U_uart/U508/Y (INVX4)         0.67       1.53 r
  U3_cpu/U1_datapath/U1_sfr/U_uart/div12_reg/RN (SDFFSRX2)
                                                          0.00       1.53 r
  data arrival time                                                  1.53

  clock clk (rise edge)                                   0.00       0.00
  clock network delay (ideal)                             1.50       1.50
  clock uncertainty                                       0.30       1.80
  U3_cpu/U1_datapath/U1_sfr/U_uart/div12_reg/CK (SDFFSRX2)           1.80 r
  library removal time                                   -0.02       1.78
  data required time                                                 1.78
  ------------------------------------------------------------------------------
  data required time                                                 1.78
  data arrival time                                                 -1.53
  ------------------------------------------------------------------------------
  slack (VIOLATED)                                                  -0.25


  Startpoint: test_mode (input port)
  Endpoint: U3_cpu/U1_datapath/U1_sfr/U_uart/pcon_reg_0_
               (removal check against rising-edge clock clk)
  Path Group: **async_default**
  Path Type: min

  Point                                                   Incr       Path
  ------------------------------------------------------------------------------
  clock (input port clock) (rise edge)                    0.00       0.00
  clock network delay (ideal)                             0.00       0.00
  input external delay                                    0.00       0.00 f
  test_mode (in)                                          0.00       0.00 f
  PI_test_mode/C (PDIDGZ)                                 0.30       0.30 f
  test_point_535/U6/Y (MX2X1)                             0.56       0.86 f
  U3_cpu/U1_datapath/U1_sfr/U_uart/U508/Y (INVX4)         0.67       1.53 r
  U3_cpu/U1_datapath/U1_sfr/U_uart/pcon_reg_0_/RN (SDFFSRX2)
                                                          0.00       1.53 r
  data arrival time                                                  1.53

  clock clk (rise edge)                                   0.00       0.00
  clock network delay (ideal)                             1.50       1.50
  clock uncertainty                                       0.30       1.80
  U3_cpu/U1_datapath/U1_sfr/U_uart/pcon_reg_0_/CK (SDFFSRX2)         1.80 r
  library removal time                                   -0.02       1.78
  data required time                                                 1.78
  ------------------------------------------------------------------------------
  data required time                                                 1.78
  data arrival time                                                 -1.53
  ------------------------------------------------------------------------------
  slack (VIOLATED)                                                  -0.25


  Startpoint: test_mode (input port)
  Endpoint: U3_cpu/U1_datapath/U1_sfr/U_uart/pcon_reg_1_
               (removal check against rising-edge clock clk)
  Path Group: **async_default**
  Path Type: min

  Point                                                   Incr       Path
  ------------------------------------------------------------------------------
  clock (input port clock) (rise edge)                    0.00       0.00
  clock network delay (ideal)                             0.00       0.00
  input external delay                                    0.00       0.00 f
  test_mode (in)                                          0.00       0.00 f
  PI_test_mode/C (PDIDGZ)                                 0.30       0.30 f
  test_point_535/U6/Y (MX2X1)                             0.56       0.86 f
  U3_cpu/U1_datapath/U1_sfr/U_uart/U508/Y (INVX4)         0.67       1.53 r
  U3_cpu/U1_datapath/U1_sfr/U_uart/pcon_reg_1_/RN (SDFFSRX2)
                                                          0.00       1.53 r
  data arrival time                                                  1.53

  clock clk (rise edge)                                   0.00       0.00
  clock network delay (ideal)                             1.50       1.50
  clock uncertainty                                       0.30       1.80
  U3_cpu/U1_datapath/U1_sfr/U_uart/pcon_reg_1_/CK (SDFFSRX2)         1.80 r
  library removal time                                   -0.02       1.78
  data required time                                                 1.78
  ------------------------------------------------------------------------------
  data required time                                                 1.78
  data arrival time                                                 -1.53
  ------------------------------------------------------------------------------
  slack (VIOLATED)                                                  -0.25


  Startpoint: test_mode (input port)
  Endpoint: U3_cpu/U1_datapath/U1_sfr/U_uart/pcon_reg_2_
               (removal check against rising-edge clock clk)
  Path Group: **async_default**
  Path Type: min

  Point                                                   Incr       Path
  ------------------------------------------------------------------------------
  clock (input port clock) (rise edge)                    0.00       0.00
  clock network delay (ideal)                             0.00       0.00
  input external delay                                    0.00       0.00 f
  test_mode (in)                                          0.00       0.00 f
  PI_test_mode/C (PDIDGZ)                                 0.30       0.30 f
  test_point_535/U6/Y (MX2X1)                             0.56       0.86 f
  U3_cpu/U1_datapath/U1_sfr/U_uart/U508/Y (INVX4)         0.67       1.53 r
  U3_cpu/U1_datapath/U1_sfr/U_uart/pcon_reg_2_/RN (SDFFSRX2)
                                                          0.00       1.53 r
  data arrival time                                                  1.53

  clock clk (rise edge)                                   0.00       0.00
  clock network delay (ideal)                             1.50       1.50
  clock uncertainty                                       0.30       1.80
  U3_cpu/U1_datapath/U1_sfr/U_uart/pcon_reg_2_/CK (SDFFSRX2)         1.80 r
  library removal time                                   -0.02       1.78
  data required time                                                 1.78
  ------------------------------------------------------------------------------
  data required time                                                 1.78
  data arrival time                                                 -1.53
  ------------------------------------------------------------------------------
  slack (VIOLATED)                                                  -0.25


  Startpoint: test_mode (input port)
  Endpoint: U3_cpu/U1_datapath/U1_sfr/U_uart/pcon_reg_3_
               (removal check against rising-edge clock clk)
  Path Group: **async_default**
  Path Type: min

  Point                                                   Incr       Path
  ------------------------------------------------------------------------------
  clock (input port clock) (rise edge)                    0.00       0.00
  clock network delay (ideal)                             0.00       0.00
  input external delay                                    0.00       0.00 f
  test_mode (in)                                          0.00       0.00 f
  PI_test_mode/C (PDIDGZ)                                 0.30       0.30 f
  test_point_535/U6/Y (MX2X1)                             0.56       0.86 f
  U3_cpu/U1_datapath/U1_sfr/U_uart/U508/Y (INVX4)         0.67       1.53 r
  U3_cpu/U1_datapath/U1_sfr/U_uart/pcon_reg_3_/RN (SDFFSRX2)
                                                          0.00       1.53 r
  data arrival time                                                  1.53

  clock clk (rise edge)                                   0.00       0.00
  clock network delay (ideal)                             1.50       1.50
  clock uncertainty                                       0.30       1.80
  U3_cpu/U1_datapath/U1_sfr/U_uart/pcon_reg_3_/CK (SDFFSRX2)         1.80 r
  library removal time                                   -0.02       1.78
  data required time                                                 1.78
  ------------------------------------------------------------------------------
  data required time                                                 1.78
  data arrival time                                                 -1.53
  ------------------------------------------------------------------------------
  slack (VIOLATED)                                                  -0.25


  Startpoint: test_mode (input port)
  Endpoint: U3_cpu/U1_datapath/U1_sfr/U_uart/pcon_reg_4_
               (removal check against rising-edge clock clk)
  Path Group: **async_default**
  Path Type: min

  Point                                                   Incr       Path
  ------------------------------------------------------------------------------
  clock (input port clock) (rise edge)                    0.00       0.00
  clock network delay (ideal)                             0.00       0.00
  input external delay                                    0.00       0.00 f
  test_mode (in)                                          0.00       0.00 f
  PI_test_mode/C (PDIDGZ)                                 0.30       0.30 f
  test_point_535/U6/Y (MX2X1)                             0.56       0.86 f
  U3_cpu/U1_datapath/U1_sfr/U_uart/U508/Y (INVX4)         0.67       1.53 r
  U3_cpu/U1_datapath/U1_sfr/U_uart/pcon_reg_4_/RN (SDFFSRX2)
                                                          0.00       1.53 r
  data arrival time                                                  1.53

  clock clk (rise edge)                                   0.00       0.00
  clock network delay (ideal)                             1.50       1.50
  clock uncertainty                                       0.30       1.80
  U3_cpu/U1_datapath/U1_sfr/U_uart/pcon_reg_4_/CK (SDFFSRX2)         1.80 r
  library removal time                                   -0.02       1.78
  data required time                                                 1.78
  ------------------------------------------------------------------------------
  data required time                                                 1.78
  data arrival time                                                 -1.53
  ------------------------------------------------------------------------------
  slack (VIOLATED)                                                  -0.25


  Startpoint: test_mode (input port)
  Endpoint: U3_cpu/U1_datapath/U1_sfr/U_uart/pcon_reg_5_
               (removal check against rising-edge clock clk)
  Path Group: **async_default**
  Path Type: min

  Point                                                   Incr       Path
  ------------------------------------------------------------------------------
  clock (input port clock) (rise edge)                    0.00       0.00
  clock network delay (ideal)                             0.00       0.00
  input external delay                                    0.00       0.00 f
  test_mode (in)                                          0.00       0.00 f
  PI_test_mode/C (PDIDGZ)                                 0.30       0.30 f
  test_point_535/U6/Y (MX2X1)                             0.56       0.86 f
  U3_cpu/U1_datapath/U1_sfr/U_uart/U508/Y (INVX4)         0.67       1.53 r
  U3_cpu/U1_datapath/U1_sfr/U_uart/pcon_reg_5_/RN (SDFFSRX2)
                                                          0.00       1.53 r
  data arrival time                                                  1.53

  clock clk (rise edge)                                   0.00       0.00
  clock network delay (ideal)                             1.50       1.50
  clock uncertainty                                       0.30       1.80
  U3_cpu/U1_datapath/U1_sfr/U_uart/pcon_reg_5_/CK (SDFFSRX2)         1.80 r
  library removal time                                   -0.02       1.78
  data required time                                                 1.78
  ------------------------------------------------------------------------------
  data required time                                                 1.78
  data arrival time                                                 -1.53
  ------------------------------------------------------------------------------
  slack (VIOLATED)                                                  -0.25


  Startpoint: test_mode (input port)
  Endpoint: U3_cpu/U1_datapath/U1_sfr/U_uart/pcon_reg_6_
               (removal check against rising-edge clock clk)
  Path Group: **async_default**
  Path Type: min

  Point                                                   Incr       Path
  ------------------------------------------------------------------------------
  clock (input port clock) (rise edge)                    0.00       0.00
  clock network delay (ideal)                             0.00       0.00
  input external delay                                    0.00       0.00 f
  test_mode (in)                                          0.00       0.00 f
  PI_test_mode/C (PDIDGZ)                                 0.30       0.30 f
  test_point_535/U6/Y (MX2X1)                             0.56       0.86 f
  U3_cpu/U1_datapath/U1_sfr/U_uart/U508/Y (INVX4)         0.67       1.53 r
  U3_cpu/U1_datapath/U1_sfr/U_uart/pcon_reg_6_/RN (SDFFSRX2)
                                                          0.00       1.53 r
  data arrival time                                                  1.53

  clock clk (rise edge)                                   0.00       0.00
  clock network delay (ideal)                             1.50       1.50
  clock uncertainty                                       0.30       1.80
  U3_cpu/U1_datapath/U1_sfr/U_uart/pcon_reg_6_/CK (SDFFSRX2)         1.80 r
  library removal time                                   -0.02       1.78
  data required time                                                 1.78
  ------------------------------------------------------------------------------
  data required time                                                 1.78
  data arrival time                                                 -1.53
  ------------------------------------------------------------------------------
  slack (VIOLATED)                                                  -0.25


  Startpoint: test_mode (input port)
  Endpoint: U3_cpu/U1_datapath/U1_sfr/U_uart/pcon_reg_7_
               (removal check against rising-edge clock clk)
  Path Group: **async_default**
  Path Type: min

  Point                                                   Incr       Path
  ------------------------------------------------------------------------------
  clock (input port clock) (rise edge)                    0.00       0.00
  clock network delay (ideal)                             0.00       0.00
  input external delay                                    0.00       0.00 f
  test_mode (in)                                          0.00       0.00 f
  PI_test_mode/C (PDIDGZ)                                 0.30       0.30 f
  test_point_535/U6/Y (MX2X1)                             0.56       0.86 f
  U3_cpu/U1_datapath/U1_sfr/U_uart/U508/Y (INVX4)         0.67       1.53 r
  U3_cpu/U1_datapath/U1_sfr/U_uart/pcon_reg_7_/RN (SDFFSRX2)
                                                          0.00       1.53 r
  data arrival time                                                  1.53

  clock clk (rise edge)                                   0.00       0.00
  clock network delay (ideal)                             1.50       1.50
  clock uncertainty                                       0.30       1.80
  U3_cpu/U1_datapath/U1_sfr/U_uart/pcon_reg_7_/CK (SDFFSRX2)         1.80 r
  library removal time                                   -0.02       1.78
  data required time                                                 1.78
  ------------------------------------------------------------------------------
  data required time                                                 1.78
  data arrival time                                                 -1.53
  ------------------------------------------------------------------------------
  slack (VIOLATED)                                                  -0.25


  Startpoint: test_mode (input port)
  Endpoint: U3_cpu/U1_datapath/U1_sfr/U_uart/rec_cnt_reg_0_
               (removal check against rising-edge clock clk)
  Path Group: **async_default**
  Path Type: min

  Point                                                   Incr       Path
  ------------------------------------------------------------------------------
  clock (input port clock) (rise edge)                    0.00       0.00
  clock network delay (ideal)                             0.00       0.00
  input external delay                                    0.00       0.00 f
  test_mode (in)                                          0.00       0.00 f
  PI_test_mode/C (PDIDGZ)                                 0.30       0.30 f
  test_point_535/U6/Y (MX2X1)                             0.56       0.86 f
  U3_cpu/U1_datapath/U1_sfr/U_uart/U508/Y (INVX4)         0.67       1.53 r
  U3_cpu/U1_datapath/U1_sfr/U_uart/rec_cnt_reg_0_/RN (SDFFSRX2)
                                                          0.00       1.53 r
  data arrival time                                                  1.53

  clock clk (rise edge)                                   0.00       0.00
  clock network delay (ideal)                             1.50       1.50
  clock uncertainty                                       0.30       1.80
  U3_cpu/U1_datapath/U1_sfr/U_uart/rec_cnt_reg_0_/CK (SDFFSRX2)      1.80 r
  library removal time                                   -0.02       1.78
  data required time                                                 1.78
  ------------------------------------------------------------------------------
  data required time                                                 1.78
  data arrival time                                                 -1.53
  ------------------------------------------------------------------------------
  slack (VIOLATED)                                                  -0.25


  Startpoint: test_mode (input port)
  Endpoint: U3_cpu/U1_datapath/U1_sfr/U_uart/rec_cnt_reg_1_
               (removal check against rising-edge clock clk)
  Path Group: **async_default**
  Path Type: min

  Point                                                   Incr       Path
  ------------------------------------------------------------------------------
  clock (input port clock) (rise edge)                    0.00       0.00
  clock network delay (ideal)                             0.00       0.00
  input external delay                                    0.00       0.00 f
  test_mode (in)                                          0.00       0.00 f
  PI_test_mode/C (PDIDGZ)                                 0.30       0.30 f
  test_point_535/U6/Y (MX2X1)                             0.56       0.86 f
  U3_cpu/U1_datapath/U1_sfr/U_uart/U508/Y (INVX4)         0.67       1.53 r
  U3_cpu/U1_datapath/U1_sfr/U_uart/rec_cnt_reg_1_/RN (SDFFSRX2)
                                                          0.00       1.53 r
  data arrival time                                                  1.53

  clock clk (rise edge)                                   0.00       0.00
  clock network delay (ideal)                             1.50       1.50
  clock uncertainty                                       0.30       1.80
  U3_cpu/U1_datapath/U1_sfr/U_uart/rec_cnt_reg_1_/CK (SDFFSRX2)      1.80 r
  library removal time                                   -0.02       1.78
  data required time                                                 1.78
  ------------------------------------------------------------------------------
  data required time                                                 1.78
  data arrival time                                                 -1.53
  ------------------------------------------------------------------------------
  slack (VIOLATED)                                                  -0.25


  Startpoint: test_mode (input port)
  Endpoint: U3_cpu/U1_datapath/U1_sfr/U_uart/rec_cnt_reg_2_
               (removal check against rising-edge clock clk)
  Path Group: **async_default**
  Path Type: min

  Point                                                   Incr       Path
  ------------------------------------------------------------------------------
  clock (input port clock) (rise edge)                    0.00       0.00
  clock network delay (ideal)                             0.00       0.00
  input external delay                                    0.00       0.00 f
  test_mode (in)                                          0.00       0.00 f
  PI_test_mode/C (PDIDGZ)                                 0.30       0.30 f
  test_point_535/U6/Y (MX2X1)                             0.56       0.86 f
  U3_cpu/U1_datapath/U1_sfr/U_uart/U508/Y (INVX4)         0.67       1.53 r
  U3_cpu/U1_datapath/U1_sfr/U_uart/rec_cnt_reg_2_/RN (SDFFSRX2)
                                                          0.00       1.53 r
  data arrival time                                                  1.53

  clock clk (rise edge)                                   0.00       0.00
  clock network delay (ideal)                             1.50       1.50
  clock uncertainty                                       0.30       1.80
  U3_cpu/U1_datapath/U1_sfr/U_uart/rec_cnt_reg_2_/CK (SDFFSRX2)      1.80 r
  library removal time                                   -0.02       1.78
  data required time                                                 1.78
  ------------------------------------------------------------------------------
  data required time                                                 1.78
  data arrival time                                                 -1.53
  ------------------------------------------------------------------------------
  slack (VIOLATED)                                                  -0.25


  Startpoint: test_mode (input port)
  Endpoint: U3_cpu/U1_datapath/U1_sfr/U_uart/rec_cnt_reg_3_
               (removal check against rising-edge clock clk)
  Path Group: **async_default**
  Path Type: min

  Point                                                   Incr       Path
  ------------------------------------------------------------------------------
  clock (input port clock) (rise edge)                    0.00       0.00
  clock network delay (ideal)                             0.00       0.00
  input external delay                                    0.00       0.00 f
  test_mode (in)                                          0.00       0.00 f
  PI_test_mode/C (PDIDGZ)                                 0.30       0.30 f
  test_point_535/U6/Y (MX2X1)                             0.56       0.86 f
  U3_cpu/U1_datapath/U1_sfr/U_uart/U508/Y (INVX4)         0.67       1.53 r
  U3_cpu/U1_datapath/U1_sfr/U_uart/rec_cnt_reg_3_/RN (SDFFSRX2)
                                                          0.00       1.53 r
  data arrival time                                                  1.53

  clock clk (rise edge)                                   0.00       0.00
  clock network delay (ideal)                             1.50       1.50
  clock uncertainty                                       0.30       1.80
  U3_cpu/U1_datapath/U1_sfr/U_uart/rec_cnt_reg_3_/CK (SDFFSRX2)      1.80 r
  library removal time                                   -0.02       1.78
  data required time                                                 1.78
  ------------------------------------------------------------------------------
  data required time                                                 1.78
  data arrival time                                                 -1.53
  ------------------------------------------------------------------------------
  slack (VIOLATED)                                                  -0.25


  Startpoint: test_mode (input port)
  Endpoint: U3_cpu/U1_datapath/U1_sfr/U_uart/receive_reg
               (removal check against rising-edge clock clk)
  Path Group: **async_default**
  Path Type: min

  Point                                                   Incr       Path
  ------------------------------------------------------------------------------
  clock (input port clock) (rise edge)                    0.00       0.00
  clock network delay (ideal)                             0.00       0.00
  input external delay                                    0.00       0.00 f
  test_mode (in)                                          0.00       0.00 f
  PI_test_mode/C (PDIDGZ)                                 0.30       0.30 f
  test_point_535/U6/Y (MX2X1)                             0.56       0.86 f
  U3_cpu/U1_datapath/U1_sfr/U_uart/U508/Y (INVX4)         0.67       1.53 r
  U3_cpu/U1_datapath/U1_sfr/U_uart/receive_reg/RN (SDFFSRX2)
                                                          0.00       1.53 r
  data arrival time                                                  1.53

  clock clk (rise edge)                                   0.00       0.00
  clock network delay (ideal)                             1.50       1.50
  clock uncertainty                                       0.30       1.80
  U3_cpu/U1_datapath/U1_sfr/U_uart/receive_reg/CK (SDFFSRX2)         1.80 r
  library removal time                                   -0.02       1.78
  data required time                                                 1.78
  ------------------------------------------------------------------------------
  data required time                                                 1.78
  data arrival time                                                 -1.53
  ------------------------------------------------------------------------------
  slack (VIOLATED)                                                  -0.25


  Startpoint: test_mode (input port)
  Endpoint: U3_cpu/U1_datapath/U1_sfr/U_uart/rx_same_reg_0_
               (removal check against rising-edge clock clk)
  Path Group: **async_default**
  Path Type: min

  Point                                                   Incr       Path
  ------------------------------------------------------------------------------
  clock (input port clock) (rise edge)                    0.00       0.00
  clock network delay (ideal)                             0.00       0.00
  input external delay                                    0.00       0.00 f
  test_mode (in)                                          0.00       0.00 f
  PI_test_mode/C (PDIDGZ)                                 0.30       0.30 f
  test_point_535/U6/Y (MX2X1)                             0.56       0.86 f
  U3_cpu/U1_datapath/U1_sfr/U_uart/U508/Y (INVX4)         0.67       1.53 r
  U3_cpu/U1_datapath/U1_sfr/U_uart/rx_same_reg_0_/RN (SDFFSRX2)
                                                          0.00       1.53 r
  data arrival time                                                  1.53

  clock clk (rise edge)                                   0.00       0.00
  clock network delay (ideal)                             1.50       1.50
  clock uncertainty                                       0.30       1.80
  U3_cpu/U1_datapath/U1_sfr/U_uart/rx_same_reg_0_/CK (SDFFSRX2)      1.80 r
  library removal time                                   -0.02       1.78
  data required time                                                 1.78
  ------------------------------------------------------------------------------
  data required time                                                 1.78
  data arrival time                                                 -1.53
  ------------------------------------------------------------------------------
  slack (VIOLATED)                                                  -0.25


  Startpoint: test_mode (input port)
  Endpoint: U3_cpu/U1_datapath/U1_sfr/U_uart/rx_same_reg_1_
               (removal check against rising-edge clock clk)
  Path Group: **async_default**
  Path Type: min

  Point                                                   Incr       Path
  ------------------------------------------------------------------------------
  clock (input port clock) (rise edge)                    0.00       0.00
  clock network delay (ideal)                             0.00       0.00
  input external delay                                    0.00       0.00 f
  test_mode (in)                                          0.00       0.00 f
  PI_test_mode/C (PDIDGZ)                                 0.30       0.30 f
  test_point_535/U6/Y (MX2X1)                             0.56       0.86 f
  U3_cpu/U1_datapath/U1_sfr/U_uart/U508/Y (INVX4)         0.67       1.53 r
  U3_cpu/U1_datapath/U1_sfr/U_uart/rx_same_reg_1_/RN (SDFFSRX2)
                                                          0.00       1.53 r
  data arrival time                                                  1.53

  clock clk (rise edge)                                   0.00       0.00
  clock network delay (ideal)                             1.50       1.50
  clock uncertainty                                       0.30       1.80
  U3_cpu/U1_datapath/U1_sfr/U_uart/rx_same_reg_1_/CK (SDFFSRX2)      1.80 r
  library removal time                                   -0.02       1.78
  data required time                                                 1.78
  ------------------------------------------------------------------------------
  data required time                                                 1.78
  data arrival time                                                 -1.53
  ------------------------------------------------------------------------------
  slack (VIOLATED)                                                  -0.25


  Startpoint: test_mode (input port)
  Endpoint: U3_cpu/U1_datapath/U1_sfr/U_uart/sbuf_rxd_reg_0_
               (removal check against rising-edge clock clk)
  Path Group: **async_default**
  Path Type: min

  Point                                                   Incr       Path
  ------------------------------------------------------------------------------
  clock (input port clock) (rise edge)                    0.00       0.00
  clock network delay (ideal)                             0.00       0.00
  input external delay                                    0.00       0.00 f
  test_mode (in)                                          0.00       0.00 f
  PI_test_mode/C (PDIDGZ)                                 0.30       0.30 f
  test_point_535/U6/Y (MX2X1)                             0.56       0.86 f
  U3_cpu/U1_datapath/U1_sfr/U_uart/U508/Y (INVX4)         0.67       1.53 r
  U3_cpu/U1_datapath/U1_sfr/U_uart/sbuf_rxd_reg_0_/RN (SDFFSRX2)
                                                          0.00       1.53 r
  data arrival time                                                  1.53

  clock clk (rise edge)                                   0.00       0.00
  clock network delay (ideal)                             1.50       1.50
  clock uncertainty                                       0.30       1.80
  U3_cpu/U1_datapath/U1_sfr/U_uart/sbuf_rxd_reg_0_/CK (SDFFSRX2)     1.80 r
  library removal time                                   -0.02       1.78
  data required time                                                 1.78
  ------------------------------------------------------------------------------
  data required time                                                 1.78
  data arrival time                                                 -1.53
  ------------------------------------------------------------------------------
  slack (VIOLATED)                                                  -0.25


  Startpoint: test_mode (input port)
  Endpoint: U3_cpu/U1_datapath/U1_sfr/U_uart/sbuf_rxd_reg_1_
               (removal check against rising-edge clock clk)
  Path Group: **async_default**
  Path Type: min

  Point                                                   Incr       Path
  ------------------------------------------------------------------------------
  clock (input port clock) (rise edge)                    0.00       0.00
  clock network delay (ideal)                             0.00       0.00
  input external delay                                    0.00       0.00 f
  test_mode (in)                                          0.00       0.00 f
  PI_test_mode/C (PDIDGZ)                                 0.30       0.30 f
  test_point_535/U6/Y (MX2X1)                             0.56       0.86 f
  U3_cpu/U1_datapath/U1_sfr/U_uart/U508/Y (INVX4)         0.67       1.53 r
  U3_cpu/U1_datapath/U1_sfr/U_uart/sbuf_rxd_reg_1_/RN (SDFFSRX2)
                                                          0.00       1.53 r
  data arrival time                                                  1.53

  clock clk (rise edge)                                   0.00       0.00
  clock network delay (ideal)                             1.50       1.50
  clock uncertainty                                       0.30       1.80
  U3_cpu/U1_datapath/U1_sfr/U_uart/sbuf_rxd_reg_1_/CK (SDFFSRX2)     1.80 r
  library removal time                                   -0.02       1.78
  data required time                                                 1.78
  ------------------------------------------------------------------------------
  data required time                                                 1.78
  data arrival time                                                 -1.53
  ------------------------------------------------------------------------------
  slack (VIOLATED)                                                  -0.25


  Startpoint: test_mode (input port)
  Endpoint: U3_cpu/U1_datapath/U1_sfr/U_uart/sbuf_rxd_reg_2_
               (removal check against rising-edge clock clk)
  Path Group: **async_default**
  Path Type: min

  Point                                                   Incr       Path
  ------------------------------------------------------------------------------
  clock (input port clock) (rise edge)                    0.00       0.00
  clock network delay (ideal)                             0.00       0.00
  input external delay                                    0.00       0.00 f
  test_mode (in)                                          0.00       0.00 f
  PI_test_mode/C (PDIDGZ)                                 0.30       0.30 f
  test_point_535/U6/Y (MX2X1)                             0.56       0.86 f
  U3_cpu/U1_datapath/U1_sfr/U_uart/U508/Y (INVX4)         0.67       1.53 r
  U3_cpu/U1_datapath/U1_sfr/U_uart/sbuf_rxd_reg_2_/RN (SDFFSRX2)
                                                          0.00       1.53 r
  data arrival time                                                  1.53

  clock clk (rise edge)                                   0.00       0.00
  clock network delay (ideal)                             1.50       1.50
  clock uncertainty                                       0.30       1.80
  U3_cpu/U1_datapath/U1_sfr/U_uart/sbuf_rxd_reg_2_/CK (SDFFSRX2)     1.80 r
  library removal time                                   -0.02       1.78
  data required time                                                 1.78
  ------------------------------------------------------------------------------
  data required time                                                 1.78
  data arrival time                                                 -1.53
  ------------------------------------------------------------------------------
  slack (VIOLATED)                                                  -0.25


  Startpoint: test_mode (input port)
  Endpoint: U3_cpu/U1_datapath/U1_sfr/U_uart/sbuf_rxd_reg_3_
               (removal check against rising-edge clock clk)
  Path Group: **async_default**
  Path Type: min

  Point                                                   Incr       Path
  ------------------------------------------------------------------------------
  clock (input port clock) (rise edge)                    0.00       0.00
  clock network delay (ideal)                             0.00       0.00
  input external delay                                    0.00       0.00 f
  test_mode (in)                                          0.00       0.00 f
  PI_test_mode/C (PDIDGZ)                                 0.30       0.30 f
  test_point_535/U6/Y (MX2X1)                             0.56       0.86 f
  U3_cpu/U1_datapath/U1_sfr/U_uart/U508/Y (INVX4)         0.67       1.53 r
  U3_cpu/U1_datapath/U1_sfr/U_uart/sbuf_rxd_reg_3_/RN (SDFFSRX2)
                                                          0.00       1.53 r
  data arrival time                                                  1.53

  clock clk (rise edge)                                   0.00       0.00
  clock network delay (ideal)                             1.50       1.50
  clock uncertainty                                       0.30       1.80
  U3_cpu/U1_datapath/U1_sfr/U_uart/sbuf_rxd_reg_3_/CK (SDFFSRX2)     1.80 r
  library removal time                                   -0.02       1.78
  data required time                                                 1.78
  ------------------------------------------------------------------------------
  data required time                                                 1.78
  data arrival time                                                 -1.53
  ------------------------------------------------------------------------------
  slack (VIOLATED)                                                  -0.25


  Startpoint: test_mode (input port)
  Endpoint: U3_cpu/U1_datapath/U1_sfr/U_uart/sbuf_rxd_reg_4_
               (removal check against rising-edge clock clk)
  Path Group: **async_default**
  Path Type: min

  Point                                                   Incr       Path
  ------------------------------------------------------------------------------
  clock (input port clock) (rise edge)                    0.00       0.00
  clock network delay (ideal)                             0.00       0.00
  input external delay                                    0.00       0.00 f
  test_mode (in)                                          0.00       0.00 f
  PI_test_mode/C (PDIDGZ)                                 0.30       0.30 f
  test_point_535/U6/Y (MX2X1)                             0.56       0.86 f
  U3_cpu/U1_datapath/U1_sfr/U_uart/U508/Y (INVX4)         0.67       1.53 r
  U3_cpu/U1_datapath/U1_sfr/U_uart/sbuf_rxd_reg_4_/RN (SDFFSRX2)
                                                          0.00       1.53 r
  data arrival time                                                  1.53

  clock clk (rise edge)                                   0.00       0.00
  clock network delay (ideal)                             1.50       1.50
  clock uncertainty                                       0.30       1.80
  U3_cpu/U1_datapath/U1_sfr/U_uart/sbuf_rxd_reg_4_/CK (SDFFSRX2)     1.80 r
  library removal time                                   -0.02       1.78
  data required time                                                 1.78
  ------------------------------------------------------------------------------
  data required time                                                 1.78
  data arrival time                                                 -1.53
  ------------------------------------------------------------------------------
  slack (VIOLATED)                                                  -0.25


  Startpoint: test_mode (input port)
  Endpoint: U3_cpu/U1_datapath/U1_sfr/U_uart/sbuf_rxd_reg_5_
               (removal check against rising-edge clock clk)
  Path Group: **async_default**
  Path Type: min

  Point                                                   Incr       Path
  ------------------------------------------------------------------------------
  clock (input port clock) (rise edge)                    0.00       0.00
  clock network delay (ideal)                             0.00       0.00
  input external delay                                    0.00       0.00 f
  test_mode (in)                                          0.00       0.00 f
  PI_test_mode/C (PDIDGZ)                                 0.30       0.30 f
  test_point_535/U6/Y (MX2X1)                             0.56       0.86 f
  U3_cpu/U1_datapath/U1_sfr/U_uart/U508/Y (INVX4)         0.67       1.53 r
  U3_cpu/U1_datapath/U1_sfr/U_uart/sbuf_rxd_reg_5_/RN (SDFFSRX2)
                                                          0.00       1.53 r
  data arrival time                                                  1.53

  clock clk (rise edge)                                   0.00       0.00
  clock network delay (ideal)                             1.50       1.50
  clock uncertainty                                       0.30       1.80
  U3_cpu/U1_datapath/U1_sfr/U_uart/sbuf_rxd_reg_5_/CK (SDFFSRX2)     1.80 r
  library removal time                                   -0.02       1.78
  data required time                                                 1.78
  ------------------------------------------------------------------------------
  data required time                                                 1.78
  data arrival time                                                 -1.53
  ------------------------------------------------------------------------------
  slack (VIOLATED)                                                  -0.25


  Startpoint: test_mode (input port)
  Endpoint: U3_cpu/U1_datapath/U1_sfr/U_uart/sbuf_rxd_reg_6_
               (removal check against rising-edge clock clk)
  Path Group: **async_default**
  Path Type: min

  Point                                                   Incr       Path
  ------------------------------------------------------------------------------
  clock (input port clock) (rise edge)                    0.00       0.00
  clock network delay (ideal)                             0.00       0.00
  input external delay                                    0.00       0.00 f
  test_mode (in)                                          0.00       0.00 f
  PI_test_mode/C (PDIDGZ)                                 0.30       0.30 f
  test_point_535/U6/Y (MX2X1)                             0.56       0.86 f
  U3_cpu/U1_datapath/U1_sfr/U_uart/U508/Y (INVX4)         0.67       1.53 r
  U3_cpu/U1_datapath/U1_sfr/U_uart/sbuf_rxd_reg_6_/RN (SDFFSRX2)
                                                          0.00       1.53 r
  data arrival time                                                  1.53

  clock clk (rise edge)                                   0.00       0.00
  clock network delay (ideal)                             1.50       1.50
  clock uncertainty                                       0.30       1.80
  U3_cpu/U1_datapath/U1_sfr/U_uart/sbuf_rxd_reg_6_/CK (SDFFSRX2)     1.80 r
  library removal time                                   -0.02       1.78
  data required time                                                 1.78
  ------------------------------------------------------------------------------
  data required time                                                 1.78
  data arrival time                                                 -1.53
  ------------------------------------------------------------------------------
  slack (VIOLATED)                                                  -0.25


  Startpoint: test_mode (input port)
  Endpoint: U3_cpu/U1_datapath/U1_sfr/U_uart/sbuf_rxd_reg_7_
               (removal check against rising-edge clock clk)
  Path Group: **async_default**
  Path Type: min

  Point                                                   Incr       Path
  ------------------------------------------------------------------------------
  clock (input port clock) (rise edge)                    0.00       0.00
  clock network delay (ideal)                             0.00       0.00
  input external delay                                    0.00       0.00 f
  test_mode (in)                                          0.00       0.00 f
  PI_test_mode/C (PDIDGZ)                                 0.30       0.30 f
  test_point_535/U6/Y (MX2X1)                             0.56       0.86 f
  U3_cpu/U1_datapath/U1_sfr/U_uart/U508/Y (INVX4)         0.67       1.53 r
  U3_cpu/U1_datapath/U1_sfr/U_uart/sbuf_rxd_reg_7_/RN (SDFFSRX2)
                                                          0.00       1.53 r
  data arrival time                                                  1.53

  clock clk (rise edge)                                   0.00       0.00
  clock network delay (ideal)                             1.50       1.50
  clock uncertainty                                       0.30       1.80
  U3_cpu/U1_datapath/U1_sfr/U_uart/sbuf_rxd_reg_7_/CK (SDFFSRX2)     1.80 r
  library removal time                                   -0.02       1.78
  data required time                                                 1.78
  ------------------------------------------------------------------------------
  data required time                                                 1.78
  data arrival time                                                 -1.53
  ------------------------------------------------------------------------------
  slack (VIOLATED)                                                  -0.25


  Startpoint: test_mode (input port)
  Endpoint: U3_cpu/U1_datapath/U1_sfr/U_uart/sbuf_rxd_tmp_reg_0_
               (removal check against rising-edge clock clk)
  Path Group: **async_default**
  Path Type: min

  Point                                                   Incr       Path
  ------------------------------------------------------------------------------
  clock (input port clock) (rise edge)                    0.00       0.00
  clock network delay (ideal)                             0.00       0.00
  input external delay                                    0.00       0.00 f
  test_mode (in)                                          0.00       0.00 f
  PI_test_mode/C (PDIDGZ)                                 0.30       0.30 f
  test_point_535/U6/Y (MX2X1)                             0.56       0.86 f
  U3_cpu/U1_datapath/U1_sfr/U_uart/U508/Y (INVX4)         0.67       1.53 r
  U3_cpu/U1_datapath/U1_sfr/U_uart/sbuf_rxd_tmp_reg_0_/RN (SDFFSRX2)
                                                          0.00       1.53 r
  data arrival time                                                  1.53

  clock clk (rise edge)                                   0.00       0.00
  clock network delay (ideal)                             1.50       1.50
  clock uncertainty                                       0.30       1.80
  U3_cpu/U1_datapath/U1_sfr/U_uart/sbuf_rxd_tmp_reg_0_/CK (SDFFSRX2)
                                                                     1.80 r
  library removal time                                   -0.02       1.78
  data required time                                                 1.78
  ------------------------------------------------------------------------------
  data required time                                                 1.78
  data arrival time                                                 -1.53
  ------------------------------------------------------------------------------
  slack (VIOLATED)                                                  -0.25


  Startpoint: test_mode (input port)
  Endpoint: U3_cpu/U1_datapath/U1_sfr/U_uart/sbuf_rxd_tmp_reg_1_
               (removal check against rising-edge clock clk)
  Path Group: **async_default**
  Path Type: min

  Point                                                   Incr       Path
  ------------------------------------------------------------------------------
  clock (input port clock) (rise edge)                    0.00       0.00
  clock network delay (ideal)                             0.00       0.00
  input external delay                                    0.00       0.00 f
  test_mode (in)                                          0.00       0.00 f
  PI_test_mode/C (PDIDGZ)                                 0.30       0.30 f
  test_point_535/U6/Y (MX2X1)                             0.56       0.86 f
  U3_cpu/U1_datapath/U1_sfr/U_uart/U508/Y (INVX4)         0.67       1.53 r
  U3_cpu/U1_datapath/U1_sfr/U_uart/sbuf_rxd_tmp_reg_1_/RN (SDFFSRX2)
                                                          0.00       1.53 r
  data arrival time                                                  1.53

  clock clk (rise edge)                                   0.00       0.00
  clock network delay (ideal)                             1.50       1.50
  clock uncertainty                                       0.30       1.80
  U3_cpu/U1_datapath/U1_sfr/U_uart/sbuf_rxd_tmp_reg_1_/CK (SDFFSRX2)
                                                                     1.80 r
  library removal time                                   -0.02       1.78
  data required time                                                 1.78
  ------------------------------------------------------------------------------
  data required time                                                 1.78
  data arrival time                                                 -1.53
  ------------------------------------------------------------------------------
  slack (VIOLATED)                                                  -0.25


  Startpoint: test_mode (input port)
  Endpoint: U3_cpu/U1_datapath/U1_sfr/U_uart/sbuf_rxd_tmp_reg_2_
               (removal check against rising-edge clock clk)
  Path Group: **async_default**
  Path Type: min

  Point                                                   Incr       Path
  ------------------------------------------------------------------------------
  clock (input port clock) (rise edge)                    0.00       0.00
  clock network delay (ideal)                             0.00       0.00
  input external delay                                    0.00       0.00 f
  test_mode (in)                                          0.00       0.00 f
  PI_test_mode/C (PDIDGZ)                                 0.30       0.30 f
  test_point_535/U6/Y (MX2X1)                             0.56       0.86 f
  U3_cpu/U1_datapath/U1_sfr/U_uart/U508/Y (INVX4)         0.67       1.53 r
  U3_cpu/U1_datapath/U1_sfr/U_uart/sbuf_rxd_tmp_reg_2_/RN (SDFFSRX2)
                                                          0.00       1.53 r
  data arrival time                                                  1.53

  clock clk (rise edge)                                   0.00       0.00
  clock network delay (ideal)                             1.50       1.50
  clock uncertainty                                       0.30       1.80
  U3_cpu/U1_datapath/U1_sfr/U_uart/sbuf_rxd_tmp_reg_2_/CK (SDFFSRX2)
                                                                     1.80 r
  library removal time                                   -0.02       1.78
  data required time                                                 1.78
  ------------------------------------------------------------------------------
  data required time                                                 1.78
  data arrival time                                                 -1.53
  ------------------------------------------------------------------------------
  slack (VIOLATED)                                                  -0.25


  Startpoint: test_mode (input port)
  Endpoint: U3_cpu/U1_datapath/U1_sfr/U_uart/sbuf_rxd_tmp_reg_3_
               (removal check against rising-edge clock clk)
  Path Group: **async_default**
  Path Type: min

  Point                                                   Incr       Path
  ------------------------------------------------------------------------------
  clock (input port clock) (rise edge)                    0.00       0.00
  clock network delay (ideal)                             0.00       0.00
  input external delay                                    0.00       0.00 f
  test_mode (in)                                          0.00       0.00 f
  PI_test_mode/C (PDIDGZ)                                 0.30       0.30 f
  test_point_535/U6/Y (MX2X1)                             0.56       0.86 f
  U3_cpu/U1_datapath/U1_sfr/U_uart/U508/Y (INVX4)         0.67       1.53 r
  U3_cpu/U1_datapath/U1_sfr/U_uart/sbuf_rxd_tmp_reg_3_/RN (SDFFSRX2)
                                                          0.00       1.53 r
  data arrival time                                                  1.53

  clock clk (rise edge)                                   0.00       0.00
  clock network delay (ideal)                             1.50       1.50
  clock uncertainty                                       0.30       1.80
  U3_cpu/U1_datapath/U1_sfr/U_uart/sbuf_rxd_tmp_reg_3_/CK (SDFFSRX2)
                                                                     1.80 r
  library removal time                                   -0.02       1.78
  data required time                                                 1.78
  ------------------------------------------------------------------------------
  data required time                                                 1.78
  data arrival time                                                 -1.53
  ------------------------------------------------------------------------------
  slack (VIOLATED)                                                  -0.25


  Startpoint: test_mode (input port)
  Endpoint: U3_cpu/U1_datapath/U1_sfr/U_uart/sbuf_rxd_tmp_reg_4_
               (removal check against rising-edge clock clk)
  Path Group: **async_default**
  Path Type: min

  Point                                                   Incr       Path
  ------------------------------------------------------------------------------
  clock (input port clock) (rise edge)                    0.00       0.00
  clock network delay (ideal)                             0.00       0.00
  input external delay                                    0.00       0.00 f
  test_mode (in)                                          0.00       0.00 f
  PI_test_mode/C (PDIDGZ)                                 0.30       0.30 f
  test_point_535/U6/Y (MX2X1)                             0.56       0.86 f
  U3_cpu/U1_datapath/U1_sfr/U_uart/U508/Y (INVX4)         0.67       1.53 r
  U3_cpu/U1_datapath/U1_sfr/U_uart/sbuf_rxd_tmp_reg_4_/RN (SDFFSRX2)
                                                          0.00       1.53 r
  data arrival time                                                  1.53

  clock clk (rise edge)                                   0.00       0.00
  clock network delay (ideal)                             1.50       1.50
  clock uncertainty                                       0.30       1.80
  U3_cpu/U1_datapath/U1_sfr/U_uart/sbuf_rxd_tmp_reg_4_/CK (SDFFSRX2)
                                                                     1.80 r
  library removal time                                   -0.02       1.78
  data required time                                                 1.78
  ------------------------------------------------------------------------------
  data required time                                                 1.78
  data arrival time                                                 -1.53
  ------------------------------------------------------------------------------
  slack (VIOLATED)                                                  -0.25


  Startpoint: test_mode (input port)
  Endpoint: U3_cpu/U1_datapath/U1_sfr/U_uart/sbuf_rxd_tmp_reg_5_
               (removal check against rising-edge clock clk)
  Path Group: **async_default**
  Path Type: min

  Point                                                   Incr       Path
  ------------------------------------------------------------------------------
  clock (input port clock) (rise edge)                    0.00       0.00
  clock network delay (ideal)                             0.00       0.00
  input external delay                                    0.00       0.00 f
  test_mode (in)                                          0.00       0.00 f
  PI_test_mode/C (PDIDGZ)                                 0.30       0.30 f
  test_point_535/U6/Y (MX2X1)                             0.56       0.86 f
  U3_cpu/U1_datapath/U1_sfr/U_uart/U508/Y (INVX4)         0.67       1.53 r
  U3_cpu/U1_datapath/U1_sfr/U_uart/sbuf_rxd_tmp_reg_5_/RN (SDFFSRX2)
                                                          0.00       1.53 r
  data arrival time                                                  1.53

  clock clk (rise edge)                                   0.00       0.00
  clock network delay (ideal)                             1.50       1.50
  clock uncertainty                                       0.30       1.80
  U3_cpu/U1_datapath/U1_sfr/U_uart/sbuf_rxd_tmp_reg_5_/CK (SDFFSRX2)
                                                                     1.80 r
  library removal time                                   -0.02       1.78
  data required time                                                 1.78
  ------------------------------------------------------------------------------
  data required time                                                 1.78
  data arrival time                                                 -1.53
  ------------------------------------------------------------------------------
  slack (VIOLATED)                                                  -0.25


  Startpoint: test_mode (input port)
  Endpoint: U3_cpu/U1_datapath/U1_sfr/U_uart/sbuf_rxd_tmp_reg_6_
               (removal check against rising-edge clock clk)
  Path Group: **async_default**
  Path Type: min

  Point                                                   Incr       Path
  ------------------------------------------------------------------------------
  clock (input port clock) (rise edge)                    0.00       0.00
  clock network delay (ideal)                             0.00       0.00
  input external delay                                    0.00       0.00 f
  test_mode (in)                                          0.00       0.00 f
  PI_test_mode/C (PDIDGZ)                                 0.30       0.30 f
  test_point_535/U6/Y (MX2X1)                             0.56       0.86 f
  U3_cpu/U1_datapath/U1_sfr/U_uart/U508/Y (INVX4)         0.67       1.53 r
  U3_cpu/U1_datapath/U1_sfr/U_uart/sbuf_rxd_tmp_reg_6_/RN (SDFFSRX2)
                                                          0.00       1.53 r
  data arrival time                                                  1.53

  clock clk (rise edge)                                   0.00       0.00
  clock network delay (ideal)                             1.50       1.50
  clock uncertainty                                       0.30       1.80
  U3_cpu/U1_datapath/U1_sfr/U_uart/sbuf_rxd_tmp_reg_6_/CK (SDFFSRX2)
                                                                     1.80 r
  library removal time                                   -0.02       1.78
  data required time                                                 1.78
  ------------------------------------------------------------------------------
  data required time                                                 1.78
  data arrival time                                                 -1.53
  ------------------------------------------------------------------------------
  slack (VIOLATED)                                                  -0.25


  Startpoint: test_mode (input port)
  Endpoint: U3_cpu/U1_datapath/U1_sfr/U_uart/sbuf_rxd_tmp_reg_7_
               (removal check against rising-edge clock clk)
  Path Group: **async_default**
  Path Type: min

  Point                                                   Incr       Path
  ------------------------------------------------------------------------------
  clock (input port clock) (rise edge)                    0.00       0.00
  clock network delay (ideal)                             0.00       0.00
  input external delay                                    0.00       0.00 f
  test_mode (in)                                          0.00       0.00 f
  PI_test_mode/C (PDIDGZ)                                 0.30       0.30 f
  test_point_535/U6/Y (MX2X1)                             0.56       0.86 f
  U3_cpu/U1_datapath/U1_sfr/U_uart/U508/Y (INVX4)         0.67       1.53 r
  U3_cpu/U1_datapath/U1_sfr/U_uart/sbuf_rxd_tmp_reg_7_/RN (SDFFSRX2)
                                                          0.00       1.53 r
  data arrival time                                                  1.53

  clock clk (rise edge)                                   0.00       0.00
  clock network delay (ideal)                             1.50       1.50
  clock uncertainty                                       0.30       1.80
  U3_cpu/U1_datapath/U1_sfr/U_uart/sbuf_rxd_tmp_reg_7_/CK (SDFFSRX2)
                                                                     1.80 r
  library removal time                                   -0.02       1.78
  data required time                                                 1.78
  ------------------------------------------------------------------------------
  data required time                                                 1.78
  data arrival time                                                 -1.53
  ------------------------------------------------------------------------------
  slack (VIOLATED)                                                  -0.25


  Startpoint: test_mode (input port)
  Endpoint: U3_cpu/U1_datapath/U1_sfr/U_uart/sbuf_rxd_tmp_reg_8_
               (removal check against rising-edge clock clk)
  Path Group: **async_default**
  Path Type: min

  Point                                                   Incr       Path
  ------------------------------------------------------------------------------
  clock (input port clock) (rise edge)                    0.00       0.00
  clock network delay (ideal)                             0.00       0.00
  input external delay                                    0.00       0.00 f
  test_mode (in)                                          0.00       0.00 f
  PI_test_mode/C (PDIDGZ)                                 0.30       0.30 f
  test_point_535/U6/Y (MX2X1)                             0.56       0.86 f
  U3_cpu/U1_datapath/U1_sfr/U_uart/U508/Y (INVX4)         0.67       1.53 r
  U3_cpu/U1_datapath/U1_sfr/U_uart/sbuf_rxd_tmp_reg_8_/RN (SDFFSRX2)
                                                          0.00       1.53 r
  data arrival time                                                  1.53

  clock clk (rise edge)                                   0.00       0.00
  clock network delay (ideal)                             1.50       1.50
  clock uncertainty                                       0.30       1.80
  U3_cpu/U1_datapath/U1_sfr/U_uart/sbuf_rxd_tmp_reg_8_/CK (SDFFSRX2)
                                                                     1.80 r
  library removal time                                   -0.02       1.78
  data required time                                                 1.78
  ------------------------------------------------------------------------------
  data required time                                                 1.78
  data arrival time                                                 -1.53
  ------------------------------------------------------------------------------
  slack (VIOLATED)                                                  -0.25


  Startpoint: test_mode (input port)
  Endpoint: U3_cpu/U1_datapath/U1_sfr/U_uart/sbuf_rxd_tmp_reg_9_
               (removal check against rising-edge clock clk)
  Path Group: **async_default**
  Path Type: min

  Point                                                   Incr       Path
  ------------------------------------------------------------------------------
  clock (input port clock) (rise edge)                    0.00       0.00
  clock network delay (ideal)                             0.00       0.00
  input external delay                                    0.00       0.00 f
  test_mode (in)                                          0.00       0.00 f
  PI_test_mode/C (PDIDGZ)                                 0.30       0.30 f
  test_point_535/U6/Y (MX2X1)                             0.56       0.86 f
  U3_cpu/U1_datapath/U1_sfr/U_uart/U508/Y (INVX4)         0.67       1.53 r
  U3_cpu/U1_datapath/U1_sfr/U_uart/sbuf_rxd_tmp_reg_9_/RN (SDFFSRX2)
                                                          0.00       1.53 r
  data arrival time                                                  1.53

  clock clk (rise edge)                                   0.00       0.00
  clock network delay (ideal)                             1.50       1.50
  clock uncertainty                                       0.30       1.80
  U3_cpu/U1_datapath/U1_sfr/U_uart/sbuf_rxd_tmp_reg_9_/CK (SDFFSRX2)
                                                                     1.80 r
  library removal time                                   -0.02       1.78
  data required time                                                 1.78
  ------------------------------------------------------------------------------
  data required time                                                 1.78
  data arrival time                                                 -1.53
  ------------------------------------------------------------------------------
  slack (VIOLATED)                                                  -0.25


  Startpoint: test_mode (input port)
  Endpoint: U3_cpu/U1_datapath/U1_sfr/U_uart/sbuf_rxd_tmp_reg_10_
               (removal check against rising-edge clock clk)
  Path Group: **async_default**
  Path Type: min

  Point                                                   Incr       Path
  ------------------------------------------------------------------------------
  clock (input port clock) (rise edge)                    0.00       0.00
  clock network delay (ideal)                             0.00       0.00
  input external delay                                    0.00       0.00 f
  test_mode (in)                                          0.00       0.00 f
  PI_test_mode/C (PDIDGZ)                                 0.30       0.30 f
  test_point_535/U6/Y (MX2X1)                             0.56       0.86 f
  U3_cpu/U1_datapath/U1_sfr/U_uart/U508/Y (INVX4)         0.67       1.53 r
  U3_cpu/U1_datapath/U1_sfr/U_uart/sbuf_rxd_tmp_reg_10_/RN (SDFFSRX2)
                                                          0.00       1.53 r
  data arrival time                                                  1.53

  clock clk (rise edge)                                   0.00       0.00
  clock network delay (ideal)                             1.50       1.50
  clock uncertainty                                       0.30       1.80
  U3_cpu/U1_datapath/U1_sfr/U_uart/sbuf_rxd_tmp_reg_10_/CK (SDFFSRX2)
                                                                     1.80 r
  library removal time                                   -0.02       1.78
  data required time                                                 1.78
  ------------------------------------------------------------------------------
  data required time                                                 1.78
  data arrival time                                                 -1.53
  ------------------------------------------------------------------------------
  slack (VIOLATED)                                                  -0.25


  Startpoint: test_mode (input port)
  Endpoint: U3_cpu/U1_datapath/U1_sfr/U_uart/sbuf_rxd_tmp_reg_11_
               (removal check against rising-edge clock clk)
  Path Group: **async_default**
  Path Type: min

  Point                                                   Incr       Path
  ------------------------------------------------------------------------------
  clock (input port clock) (rise edge)                    0.00       0.00
  clock network delay (ideal)                             0.00       0.00
  input external delay                                    0.00       0.00 f
  test_mode (in)                                          0.00       0.00 f
  PI_test_mode/C (PDIDGZ)                                 0.30       0.30 f
  test_point_535/U6/Y (MX2X1)                             0.56       0.86 f
  U3_cpu/U1_datapath/U1_sfr/U_uart/U508/Y (INVX4)         0.67       1.53 r
  U3_cpu/U1_datapath/U1_sfr/U_uart/sbuf_rxd_tmp_reg_11_/RN (SDFFSRX2)
                                                          0.00       1.53 r
  data arrival time                                                  1.53

  clock clk (rise edge)                                   0.00       0.00
  clock network delay (ideal)                             1.50       1.50
  clock uncertainty                                       0.30       1.80
  U3_cpu/U1_datapath/U1_sfr/U_uart/sbuf_rxd_tmp_reg_11_/CK (SDFFSRX2)
                                                                     1.80 r
  library removal time                                   -0.02       1.78
  data required time                                                 1.78
  ------------------------------------------------------------------------------
  data required time                                                 1.78
  data arrival time                                                 -1.53
  ------------------------------------------------------------------------------
  slack (VIOLATED)                                                  -0.25


  Startpoint: test_mode (input port)
  Endpoint: U3_cpu/U1_datapath/U1_sfr/U_uart/sbuf_txd_reg_0_
               (removal check against rising-edge clock clk)
  Path Group: **async_default**
  Path Type: min

  Point                                                   Incr       Path
  ------------------------------------------------------------------------------
  clock (input port clock) (rise edge)                    0.00       0.00
  clock network delay (ideal)                             0.00       0.00
  input external delay                                    0.00       0.00 f
  test_mode (in)                                          0.00       0.00 f
  PI_test_mode/C (PDIDGZ)                                 0.30       0.30 f
  test_point_535/U6/Y (MX2X1)                             0.56       0.86 f
  U3_cpu/U1_datapath/U1_sfr/U_uart/U508/Y (INVX4)         0.67       1.53 r
  U3_cpu/U1_datapath/U1_sfr/U_uart/sbuf_txd_reg_0_/RN (SDFFSRX2)
                                                          0.00       1.53 r
  data arrival time                                                  1.53

  clock clk (rise edge)                                   0.00       0.00
  clock network delay (ideal)                             1.50       1.50
  clock uncertainty                                       0.30       1.80
  U3_cpu/U1_datapath/U1_sfr/U_uart/sbuf_txd_reg_0_/CK (SDFFSRX2)     1.80 r
  library removal time                                   -0.02       1.78
  data required time                                                 1.78
  ------------------------------------------------------------------------------
  data required time                                                 1.78
  data arrival time                                                 -1.53
  ------------------------------------------------------------------------------
  slack (VIOLATED)                                                  -0.25


  Startpoint: test_mode (input port)
  Endpoint: U3_cpu/U1_datapath/U1_sfr/U_uart/sbuf_txd_reg_1_
               (removal check against rising-edge clock clk)
  Path Group: **async_default**
  Path Type: min

  Point                                                   Incr       Path
  ------------------------------------------------------------------------------
  clock (input port clock) (rise edge)                    0.00       0.00
  clock network delay (ideal)                             0.00       0.00
  input external delay                                    0.00       0.00 f
  test_mode (in)                                          0.00       0.00 f
  PI_test_mode/C (PDIDGZ)                                 0.30       0.30 f
  test_point_535/U6/Y (MX2X1)                             0.56       0.86 f
  U3_cpu/U1_datapath/U1_sfr/U_uart/U508/Y (INVX4)         0.67       1.53 r
  U3_cpu/U1_datapath/U1_sfr/U_uart/sbuf_txd_reg_1_/RN (SDFFSRX2)
                                                          0.00       1.53 r
  data arrival time                                                  1.53

  clock clk (rise edge)                                   0.00       0.00
  clock network delay (ideal)                             1.50       1.50
  clock uncertainty                                       0.30       1.80
  U3_cpu/U1_datapath/U1_sfr/U_uart/sbuf_txd_reg_1_/CK (SDFFSRX2)     1.80 r
  library removal time                                   -0.02       1.78
  data required time                                                 1.78
  ------------------------------------------------------------------------------
  data required time                                                 1.78
  data arrival time                                                 -1.53
  ------------------------------------------------------------------------------
  slack (VIOLATED)                                                  -0.25


  Startpoint: test_mode (input port)
  Endpoint: U3_cpu/U1_datapath/U1_sfr/U_uart/sbuf_txd_reg_2_
               (removal check against rising-edge clock clk)
  Path Group: **async_default**
  Path Type: min

  Point                                                   Incr       Path
  ------------------------------------------------------------------------------
  clock (input port clock) (rise edge)                    0.00       0.00
  clock network delay (ideal)                             0.00       0.00
  input external delay                                    0.00       0.00 f
  test_mode (in)                                          0.00       0.00 f
  PI_test_mode/C (PDIDGZ)                                 0.30       0.30 f
  test_point_535/U6/Y (MX2X1)                             0.56       0.86 f
  U3_cpu/U1_datapath/U1_sfr/U_uart/U508/Y (INVX4)         0.67       1.53 r
  U3_cpu/U1_datapath/U1_sfr/U_uart/sbuf_txd_reg_2_/RN (SDFFSRX2)
                                                          0.00       1.53 r
  data arrival time                                                  1.53

  clock clk (rise edge)                                   0.00       0.00
  clock network delay (ideal)                             1.50       1.50
  clock uncertainty                                       0.30       1.80
  U3_cpu/U1_datapath/U1_sfr/U_uart/sbuf_txd_reg_2_/CK (SDFFSRX2)     1.80 r
  library removal time                                   -0.02       1.78
  data required time                                                 1.78
  ------------------------------------------------------------------------------
  data required time                                                 1.78
  data arrival time                                                 -1.53
  ------------------------------------------------------------------------------
  slack (VIOLATED)                                                  -0.25


  Startpoint: test_mode (input port)
  Endpoint: U3_cpu/U1_datapath/U1_sfr/U_uart/sbuf_txd_reg_3_
               (removal check against rising-edge clock clk)
  Path Group: **async_default**
  Path Type: min

  Point                                                   Incr       Path
  ------------------------------------------------------------------------------
  clock (input port clock) (rise edge)                    0.00       0.00
  clock network delay (ideal)                             0.00       0.00
  input external delay                                    0.00       0.00 f
  test_mode (in)                                          0.00       0.00 f
  PI_test_mode/C (PDIDGZ)                                 0.30       0.30 f
  test_point_535/U6/Y (MX2X1)                             0.56       0.86 f
  U3_cpu/U1_datapath/U1_sfr/U_uart/U508/Y (INVX4)         0.67       1.53 r
  U3_cpu/U1_datapath/U1_sfr/U_uart/sbuf_txd_reg_3_/RN (SDFFSRX2)
                                                          0.00       1.53 r
  data arrival time                                                  1.53

  clock clk (rise edge)                                   0.00       0.00
  clock network delay (ideal)                             1.50       1.50
  clock uncertainty                                       0.30       1.80
  U3_cpu/U1_datapath/U1_sfr/U_uart/sbuf_txd_reg_3_/CK (SDFFSRX2)     1.80 r
  library removal time                                   -0.02       1.78
  data required time                                                 1.78
  ------------------------------------------------------------------------------
  data required time                                                 1.78
  data arrival time                                                 -1.53
  ------------------------------------------------------------------------------
  slack (VIOLATED)                                                  -0.25


  Startpoint: test_mode (input port)
  Endpoint: U3_cpu/U1_datapath/U1_sfr/U_uart/sbuf_txd_reg_4_
               (removal check against rising-edge clock clk)
  Path Group: **async_default**
  Path Type: min

  Point                                                   Incr       Path
  ------------------------------------------------------------------------------
  clock (input port clock) (rise edge)                    0.00       0.00
  clock network delay (ideal)                             0.00       0.00
  input external delay                                    0.00       0.00 f
  test_mode (in)                                          0.00       0.00 f
  PI_test_mode/C (PDIDGZ)                                 0.30       0.30 f
  test_point_535/U6/Y (MX2X1)                             0.56       0.86 f
  U3_cpu/U1_datapath/U1_sfr/U_uart/U508/Y (INVX4)         0.67       1.53 r
  U3_cpu/U1_datapath/U1_sfr/U_uart/sbuf_txd_reg_4_/RN (SDFFSRX2)
                                                          0.00       1.53 r
  data arrival time                                                  1.53

  clock clk (rise edge)                                   0.00       0.00
  clock network delay (ideal)                             1.50       1.50
  clock uncertainty                                       0.30       1.80
  U3_cpu/U1_datapath/U1_sfr/U_uart/sbuf_txd_reg_4_/CK (SDFFSRX2)     1.80 r
  library removal time                                   -0.02       1.78
  data required time                                                 1.78
  ------------------------------------------------------------------------------
  data required time                                                 1.78
  data arrival time                                                 -1.53
  ------------------------------------------------------------------------------
  slack (VIOLATED)                                                  -0.25


  Startpoint: test_mode (input port)
  Endpoint: U3_cpu/U1_datapath/U1_sfr/U_uart/sbuf_txd_reg_5_
               (removal check against rising-edge clock clk)
  Path Group: **async_default**
  Path Type: min

  Point                                                   Incr       Path
  ------------------------------------------------------------------------------
  clock (input port clock) (rise edge)                    0.00       0.00
  clock network delay (ideal)                             0.00       0.00
  input external delay                                    0.00       0.00 f
  test_mode (in)                                          0.00       0.00 f
  PI_test_mode/C (PDIDGZ)                                 0.30       0.30 f
  test_point_535/U6/Y (MX2X1)                             0.56       0.86 f
  U3_cpu/U1_datapath/U1_sfr/U_uart/U508/Y (INVX4)         0.67       1.53 r
  U3_cpu/U1_datapath/U1_sfr/U_uart/sbuf_txd_reg_5_/RN (SDFFSRX2)
                                                          0.00       1.53 r
  data arrival time                                                  1.53

  clock clk (rise edge)                                   0.00       0.00
  clock network delay (ideal)                             1.50       1.50
  clock uncertainty                                       0.30       1.80
  U3_cpu/U1_datapath/U1_sfr/U_uart/sbuf_txd_reg_5_/CK (SDFFSRX2)     1.80 r
  library removal time                                   -0.02       1.78
  data required time                                                 1.78
  ------------------------------------------------------------------------------
  data required time                                                 1.78
  data arrival time                                                 -1.53
  ------------------------------------------------------------------------------
  slack (VIOLATED)                                                  -0.25


  Startpoint: test_mode (input port)
  Endpoint: U3_cpu/U1_datapath/U1_sfr/U_uart/sbuf_txd_reg_6_
               (removal check against rising-edge clock clk)
  Path Group: **async_default**
  Path Type: min

  Point                                                   Incr       Path
  ------------------------------------------------------------------------------
  clock (input port clock) (rise edge)                    0.00       0.00
  clock network delay (ideal)                             0.00       0.00
  input external delay                                    0.00       0.00 f
  test_mode (in)                                          0.00       0.00 f
  PI_test_mode/C (PDIDGZ)                                 0.30       0.30 f
  test_point_535/U6/Y (MX2X1)                             0.56       0.86 f
  U3_cpu/U1_datapath/U1_sfr/U_uart/U508/Y (INVX4)         0.67       1.53 r
  U3_cpu/U1_datapath/U1_sfr/U_uart/sbuf_txd_reg_6_/RN (SDFFSRX2)
                                                          0.00       1.53 r
  data arrival time                                                  1.53

  clock clk (rise edge)                                   0.00       0.00
  clock network delay (ideal)                             1.50       1.50
  clock uncertainty                                       0.30       1.80
  U3_cpu/U1_datapath/U1_sfr/U_uart/sbuf_txd_reg_6_/CK (SDFFSRX2)     1.80 r
  library removal time                                   -0.02       1.78
  data required time                                                 1.78
  ------------------------------------------------------------------------------
  data required time                                                 1.78
  data arrival time                                                 -1.53
  ------------------------------------------------------------------------------
  slack (VIOLATED)                                                  -0.25


  Startpoint: test_mode (input port)
  Endpoint: U3_cpu/U1_datapath/U1_sfr/U_uart/sbuf_txd_reg_7_
               (removal check against rising-edge clock clk)
  Path Group: **async_default**
  Path Type: min

  Point                                                   Incr       Path
  ------------------------------------------------------------------------------
  clock (input port clock) (rise edge)                    0.00       0.00
  clock network delay (ideal)                             0.00       0.00
  input external delay                                    0.00       0.00 f
  test_mode (in)                                          0.00       0.00 f
  PI_test_mode/C (PDIDGZ)                                 0.30       0.30 f
  test_point_535/U6/Y (MX2X1)                             0.56       0.86 f
  U3_cpu/U1_datapath/U1_sfr/U_uart/U508/Y (INVX4)         0.67       1.53 r
  U3_cpu/U1_datapath/U1_sfr/U_uart/sbuf_txd_reg_7_/RN (SDFFSRX2)
                                                          0.00       1.53 r
  data arrival time                                                  1.53

  clock clk (rise edge)                                   0.00       0.00
  clock network delay (ideal)                             1.50       1.50
  clock uncertainty                                       0.30       1.80
  U3_cpu/U1_datapath/U1_sfr/U_uart/sbuf_txd_reg_7_/CK (SDFFSRX2)     1.80 r
  library removal time                                   -0.02       1.78
  data required time                                                 1.78
  ------------------------------------------------------------------------------
  data required time                                                 1.78
  data arrival time                                                 -1.53
  ------------------------------------------------------------------------------
  slack (VIOLATED)                                                  -0.25


  Startpoint: test_mode (input port)
  Endpoint: U3_cpu/U1_datapath/U1_sfr/U_uart/sbuf_txd_reg_8_
               (removal check against rising-edge clock clk)
  Path Group: **async_default**
  Path Type: min

  Point                                                   Incr       Path
  ------------------------------------------------------------------------------
  clock (input port clock) (rise edge)                    0.00       0.00
  clock network delay (ideal)                             0.00       0.00
  input external delay                                    0.00       0.00 f
  test_mode (in)                                          0.00       0.00 f
  PI_test_mode/C (PDIDGZ)                                 0.30       0.30 f
  test_point_535/U6/Y (MX2X1)                             0.56       0.86 f
  U3_cpu/U1_datapath/U1_sfr/U_uart/U508/Y (INVX4)         0.67       1.53 r
  U3_cpu/U1_datapath/U1_sfr/U_uart/sbuf_txd_reg_8_/RN (SDFFSRX2)
                                                          0.00       1.53 r
  data arrival time                                                  1.53

  clock clk (rise edge)                                   0.00       0.00
  clock network delay (ideal)                             1.50       1.50
  clock uncertainty                                       0.30       1.80
  U3_cpu/U1_datapath/U1_sfr/U_uart/sbuf_txd_reg_8_/CK (SDFFSRX2)     1.80 r
  library removal time                                   -0.02       1.78
  data required time                                                 1.78
  ------------------------------------------------------------------------------
  data required time                                                 1.78
  data arrival time                                                 -1.53
  ------------------------------------------------------------------------------
  slack (VIOLATED)                                                  -0.25


  Startpoint: test_mode (input port)
  Endpoint: U3_cpu/U1_datapath/U1_sfr/U_uart/sbuf_txd_reg_9_
               (removal check against rising-edge clock clk)
  Path Group: **async_default**
  Path Type: min

  Point                                                   Incr       Path
  ------------------------------------------------------------------------------
  clock (input port clock) (rise edge)                    0.00       0.00
  clock network delay (ideal)                             0.00       0.00
  input external delay                                    0.00       0.00 f
  test_mode (in)                                          0.00       0.00 f
  PI_test_mode/C (PDIDGZ)                                 0.30       0.30 f
  test_point_535/U6/Y (MX2X1)                             0.56       0.86 f
  U3_cpu/U1_datapath/U1_sfr/U_uart/U508/Y (INVX4)         0.67       1.53 r
  U3_cpu/U1_datapath/U1_sfr/U_uart/sbuf_txd_reg_9_/RN (SDFFSRX2)
                                                          0.00       1.53 r
  data arrival time                                                  1.53

  clock clk (rise edge)                                   0.00       0.00
  clock network delay (ideal)                             1.50       1.50
  clock uncertainty                                       0.30       1.80
  U3_cpu/U1_datapath/U1_sfr/U_uart/sbuf_txd_reg_9_/CK (SDFFSRX2)     1.80 r
  library removal time                                   -0.02       1.78
  data required time                                                 1.78
  ------------------------------------------------------------------------------
  data required time                                                 1.78
  data arrival time                                                 -1.53
  ------------------------------------------------------------------------------
  slack (VIOLATED)                                                  -0.25


  Startpoint: test_mode (input port)
  Endpoint: U3_cpu/U1_datapath/U1_sfr/U_uart/sbuf_txd_reg_10_
               (removal check against rising-edge clock clk)
  Path Group: **async_default**
  Path Type: min

  Point                                                   Incr       Path
  ------------------------------------------------------------------------------
  clock (input port clock) (rise edge)                    0.00       0.00
  clock network delay (ideal)                             0.00       0.00
  input external delay                                    0.00       0.00 f
  test_mode (in)                                          0.00       0.00 f
  PI_test_mode/C (PDIDGZ)                                 0.30       0.30 f
  test_point_535/U6/Y (MX2X1)                             0.56       0.86 f
  U3_cpu/U1_datapath/U1_sfr/U_uart/U508/Y (INVX4)         0.67       1.53 r
  U3_cpu/U1_datapath/U1_sfr/U_uart/sbuf_txd_reg_10_/RN (SDFFSRX2)
                                                          0.00       1.53 r
  data arrival time                                                  1.53

  clock clk (rise edge)                                   0.00       0.00
  clock network delay (ideal)                             1.50       1.50
  clock uncertainty                                       0.30       1.80
  U3_cpu/U1_datapath/U1_sfr/U_uart/sbuf_txd_reg_10_/CK (SDFFSRX2)
                                                                     1.80 r
  library removal time                                   -0.02       1.78
  data required time                                                 1.78
  ------------------------------------------------------------------------------
  data required time                                                 1.78
  data arrival time                                                 -1.53
  ------------------------------------------------------------------------------
  slack (VIOLATED)                                                  -0.25


  Startpoint: test_mode (input port)
  Endpoint: U3_cpu/U1_datapath/U1_sfr/U_uart/scon_reg_0_
               (removal check against rising-edge clock clk)
  Path Group: **async_default**
  Path Type: min

  Point                                                   Incr       Path
  ------------------------------------------------------------------------------
  clock (input port clock) (rise edge)                    0.00       0.00
  clock network delay (ideal)                             0.00       0.00
  input external delay                                    0.00       0.00 f
  test_mode (in)                                          0.00       0.00 f
  PI_test_mode/C (PDIDGZ)                                 0.30       0.30 f
  test_point_535/U6/Y (MX2X1)                             0.56       0.86 f
  U3_cpu/U1_datapath/U1_sfr/U_uart/U508/Y (INVX4)         0.67       1.53 r
  U3_cpu/U1_datapath/U1_sfr/U_uart/scon_reg_0_/RN (SDFFSRX2)
                                                          0.00       1.53 r
  data arrival time                                                  1.53

  clock clk (rise edge)                                   0.00       0.00
  clock network delay (ideal)                             1.50       1.50
  clock uncertainty                                       0.30       1.80
  U3_cpu/U1_datapath/U1_sfr/U_uart/scon_reg_0_/CK (SDFFSRX2)         1.80 r
  library removal time                                   -0.02       1.78
  data required time                                                 1.78
  ------------------------------------------------------------------------------
  data required time                                                 1.78
  data arrival time                                                 -1.53
  ------------------------------------------------------------------------------
  slack (VIOLATED)                                                  -0.25


  Startpoint: test_mode (input port)
  Endpoint: U3_cpu/U1_datapath/U1_sfr/U_uart/scon_reg_1_
               (removal check against rising-edge clock clk)
  Path Group: **async_default**
  Path Type: min

  Point                                                   Incr       Path
  ------------------------------------------------------------------------------
  clock (input port clock) (rise edge)                    0.00       0.00
  clock network delay (ideal)                             0.00       0.00
  input external delay                                    0.00       0.00 f
  test_mode (in)                                          0.00       0.00 f
  PI_test_mode/C (PDIDGZ)                                 0.30       0.30 f
  test_point_535/U6/Y (MX2X1)                             0.56       0.86 f
  U3_cpu/U1_datapath/U1_sfr/U_uart/U508/Y (INVX4)         0.67       1.53 r
  U3_cpu/U1_datapath/U1_sfr/U_uart/scon_reg_1_/RN (SDFFSRX2)
                                                          0.00       1.53 r
  data arrival time                                                  1.53

  clock clk (rise edge)                                   0.00       0.00
  clock network delay (ideal)                             1.50       1.50
  clock uncertainty                                       0.30       1.80
  U3_cpu/U1_datapath/U1_sfr/U_uart/scon_reg_1_/CK (SDFFSRX2)         1.80 r
  library removal time                                   -0.02       1.78
  data required time                                                 1.78
  ------------------------------------------------------------------------------
  data required time                                                 1.78
  data arrival time                                                 -1.53
  ------------------------------------------------------------------------------
  slack (VIOLATED)                                                  -0.25


  Startpoint: test_mode (input port)
  Endpoint: U3_cpu/U1_datapath/U1_sfr/U_uart/scon_reg_2_
               (removal check against rising-edge clock clk)
  Path Group: **async_default**
  Path Type: min

  Point                                                   Incr       Path
  ------------------------------------------------------------------------------
  clock (input port clock) (rise edge)                    0.00       0.00
  clock network delay (ideal)                             0.00       0.00
  input external delay                                    0.00       0.00 f
  test_mode (in)                                          0.00       0.00 f
  PI_test_mode/C (PDIDGZ)                                 0.30       0.30 f
  test_point_535/U6/Y (MX2X1)                             0.56       0.86 f
  U3_cpu/U1_datapath/U1_sfr/U_uart/U508/Y (INVX4)         0.67       1.53 r
  U3_cpu/U1_datapath/U1_sfr/U_uart/scon_reg_2_/RN (SDFFSRX2)
                                                          0.00       1.53 r
  data arrival time                                                  1.53

  clock clk (rise edge)                                   0.00       0.00
  clock network delay (ideal)                             1.50       1.50
  clock uncertainty                                       0.30       1.80
  U3_cpu/U1_datapath/U1_sfr/U_uart/scon_reg_2_/CK (SDFFSRX2)         1.80 r
  library removal time                                   -0.02       1.78
  data required time                                                 1.78
  ------------------------------------------------------------------------------
  data required time                                                 1.78
  data arrival time                                                 -1.53
  ------------------------------------------------------------------------------
  slack (VIOLATED)                                                  -0.25


  Startpoint: test_mode (input port)
  Endpoint: U3_cpu/U1_datapath/U1_sfr/U_uart/scon_reg_3_
               (removal check against rising-edge clock clk)
  Path Group: **async_default**
  Path Type: min

  Point                                                   Incr       Path
  ------------------------------------------------------------------------------
  clock (input port clock) (rise edge)                    0.00       0.00
  clock network delay (ideal)                             0.00       0.00
  input external delay                                    0.00       0.00 f
  test_mode (in)                                          0.00       0.00 f
  PI_test_mode/C (PDIDGZ)                                 0.30       0.30 f
  test_point_535/U6/Y (MX2X1)                             0.56       0.86 f
  U3_cpu/U1_datapath/U1_sfr/U_uart/U508/Y (INVX4)         0.67       1.53 r
  U3_cpu/U1_datapath/U1_sfr/U_uart/scon_reg_3_/RN (SDFFSRX2)
                                                          0.00       1.53 r
  data arrival time                                                  1.53

  clock clk (rise edge)                                   0.00       0.00
  clock network delay (ideal)                             1.50       1.50
  clock uncertainty                                       0.30       1.80
  U3_cpu/U1_datapath/U1_sfr/U_uart/scon_reg_3_/CK (SDFFSRX2)         1.80 r
  library removal time                                   -0.02       1.78
  data required time                                                 1.78
  ------------------------------------------------------------------------------
  data required time                                                 1.78
  data arrival time                                                 -1.53
  ------------------------------------------------------------------------------
  slack (VIOLATED)                                                  -0.25


  Startpoint: test_mode (input port)
  Endpoint: U3_cpu/U1_datapath/U1_sfr/U_uart/scon_reg_4_
               (removal check against rising-edge clock clk)
  Path Group: **async_default**
  Path Type: min

  Point                                                   Incr       Path
  ------------------------------------------------------------------------------
  clock (input port clock) (rise edge)                    0.00       0.00
  clock network delay (ideal)                             0.00       0.00
  input external delay                                    0.00       0.00 f
  test_mode (in)                                          0.00       0.00 f
  PI_test_mode/C (PDIDGZ)                                 0.30       0.30 f
  test_point_535/U6/Y (MX2X1)                             0.56       0.86 f
  U3_cpu/U1_datapath/U1_sfr/U_uart/U508/Y (INVX4)         0.67       1.53 r
  U3_cpu/U1_datapath/U1_sfr/U_uart/scon_reg_4_/RN (SDFFSRX2)
                                                          0.00       1.53 r
  data arrival time                                                  1.53

  clock clk (rise edge)                                   0.00       0.00
  clock network delay (ideal)                             1.50       1.50
  clock uncertainty                                       0.30       1.80
  U3_cpu/U1_datapath/U1_sfr/U_uart/scon_reg_4_/CK (SDFFSRX2)         1.80 r
  library removal time                                   -0.02       1.78
  data required time                                                 1.78
  ------------------------------------------------------------------------------
  data required time                                                 1.78
  data arrival time                                                 -1.53
  ------------------------------------------------------------------------------
  slack (VIOLATED)                                                  -0.25


  Startpoint: test_mode (input port)
  Endpoint: U3_cpu/U1_datapath/U1_sfr/U_uart/scon_reg_5_
               (removal check against rising-edge clock clk)
  Path Group: **async_default**
  Path Type: min

  Point                                                   Incr       Path
  ------------------------------------------------------------------------------
  clock (input port clock) (rise edge)                    0.00       0.00
  clock network delay (ideal)                             0.00       0.00
  input external delay                                    0.00       0.00 f
  test_mode (in)                                          0.00       0.00 f
  PI_test_mode/C (PDIDGZ)                                 0.30       0.30 f
  test_point_535/U6/Y (MX2X1)                             0.56       0.86 f
  U3_cpu/U1_datapath/U1_sfr/U_uart/U508/Y (INVX4)         0.67       1.53 r
  U3_cpu/U1_datapath/U1_sfr/U_uart/scon_reg_5_/RN (SDFFSRX2)
                                                          0.00       1.53 r
  data arrival time                                                  1.53

  clock clk (rise edge)                                   0.00       0.00
  clock network delay (ideal)                             1.50       1.50
  clock uncertainty                                       0.30       1.80
  U3_cpu/U1_datapath/U1_sfr/U_uart/scon_reg_5_/CK (SDFFSRX2)         1.80 r
  library removal time                                   -0.02       1.78
  data required time                                                 1.78
  ------------------------------------------------------------------------------
  data required time                                                 1.78
  data arrival time                                                 -1.53
  ------------------------------------------------------------------------------
  slack (VIOLATED)                                                  -0.25


  Startpoint: test_mode (input port)
  Endpoint: U3_cpu/U1_datapath/U1_sfr/U_uart/scon_reg_6_
               (removal check against rising-edge clock clk)
  Path Group: **async_default**
  Path Type: min

  Point                                                   Incr       Path
  ------------------------------------------------------------------------------
  clock (input port clock) (rise edge)                    0.00       0.00
  clock network delay (ideal)                             0.00       0.00
  input external delay                                    0.00       0.00 f
  test_mode (in)                                          0.00       0.00 f
  PI_test_mode/C (PDIDGZ)                                 0.30       0.30 f
  test_point_535/U6/Y (MX2X1)                             0.56       0.86 f
  U3_cpu/U1_datapath/U1_sfr/U_uart/U508/Y (INVX4)         0.67       1.53 r
  U3_cpu/U1_datapath/U1_sfr/U_uart/scon_reg_6_/RN (SDFFSRX2)
                                                          0.00       1.53 r
  data arrival time                                                  1.53

  clock clk (rise edge)                                   0.00       0.00
  clock network delay (ideal)                             1.50       1.50
  clock uncertainty                                       0.30       1.80
  U3_cpu/U1_datapath/U1_sfr/U_uart/scon_reg_6_/CK (SDFFSRX2)         1.80 r
  library removal time                                   -0.02       1.78
  data required time                                                 1.78
  ------------------------------------------------------------------------------
  data required time                                                 1.78
  data arrival time                                                 -1.53
  ------------------------------------------------------------------------------
  slack (VIOLATED)                                                  -0.25


  Startpoint: test_mode (input port)
  Endpoint: U3_cpu/U1_datapath/U1_sfr/U_uart/scon_reg_7_
               (removal check against rising-edge clock clk)
  Path Group: **async_default**
  Path Type: min

  Point                                                   Incr       Path
  ------------------------------------------------------------------------------
  clock (input port clock) (rise edge)                    0.00       0.00
  clock network delay (ideal)                             0.00       0.00
  input external delay                                    0.00       0.00 f
  test_mode (in)                                          0.00       0.00 f
  PI_test_mode/C (PDIDGZ)                                 0.30       0.30 f
  test_point_535/U6/Y (MX2X1)                             0.56       0.86 f
  U3_cpu/U1_datapath/U1_sfr/U_uart/U508/Y (INVX4)         0.67       1.53 r
  U3_cpu/U1_datapath/U1_sfr/U_uart/scon_reg_7_/RN (SDFFSRX2)
                                                          0.00       1.53 r
  data arrival time                                                  1.53

  clock clk (rise edge)                                   0.00       0.00
  clock network delay (ideal)                             1.50       1.50
  clock uncertainty                                       0.30       1.80
  U3_cpu/U1_datapath/U1_sfr/U_uart/scon_reg_7_/CK (SDFFSRX2)         1.80 r
  library removal time                                   -0.02       1.78
  data required time                                                 1.78
  ------------------------------------------------------------------------------
  data required time                                                 1.78
  data arrival time                                                 -1.53
  ------------------------------------------------------------------------------
  slack (VIOLATED)                                                  -0.25


  Startpoint: test_mode (input port)
  Endpoint: U3_cpu/U1_datapath/U1_sfr/U_uart/shift_rec_reg
               (removal check against rising-edge clock clk)
  Path Group: **async_default**
  Path Type: min

  Point                                                   Incr       Path
  ------------------------------------------------------------------------------
  clock (input port clock) (rise edge)                    0.00       0.00
  clock network delay (ideal)                             0.00       0.00
  input external delay                                    0.00       0.00 f
  test_mode (in)                                          0.00       0.00 f
  PI_test_mode/C (PDIDGZ)                                 0.30       0.30 f
  test_point_535/U6/Y (MX2X1)                             0.56       0.86 f
  U3_cpu/U1_datapath/U1_sfr/U_uart/U508/Y (INVX4)         0.67       1.53 r
  U3_cpu/U1_datapath/U1_sfr/U_uart/shift_rec_reg/RN (SDFFSRX2)
                                                          0.00       1.53 r
  data arrival time                                                  1.53

  clock clk (rise edge)                                   0.00       0.00
  clock network delay (ideal)                             1.50       1.50
  clock uncertainty                                       0.30       1.80
  U3_cpu/U1_datapath/U1_sfr/U_uart/shift_rec_reg/CK (SDFFSRX2)       1.80 r
  library removal time                                   -0.02       1.78
  data required time                                                 1.78
  ------------------------------------------------------------------------------
  data required time                                                 1.78
  data arrival time                                                 -1.53
  ------------------------------------------------------------------------------
  slack (VIOLATED)                                                  -0.25


  Startpoint: test_mode (input port)
  Endpoint: U3_cpu/U1_datapath/U1_sfr/U_uart/shift_trans_reg
               (removal check against rising-edge clock clk)
  Path Group: **async_default**
  Path Type: min

  Point                                                   Incr       Path
  ------------------------------------------------------------------------------
  clock (input port clock) (rise edge)                    0.00       0.00
  clock network delay (ideal)                             0.00       0.00
  input external delay                                    0.00       0.00 f
  test_mode (in)                                          0.00       0.00 f
  PI_test_mode/C (PDIDGZ)                                 0.30       0.30 f
  test_point_535/U6/Y (MX2X1)                             0.56       0.86 f
  U3_cpu/U1_datapath/U1_sfr/U_uart/U508/Y (INVX4)         0.67       1.53 r
  U3_cpu/U1_datapath/U1_sfr/U_uart/shift_trans_reg/RN (SDFFSRX2)
                                                          0.00       1.53 r
  data arrival time                                                  1.53

  clock clk (rise edge)                                   0.00       0.00
  clock network delay (ideal)                             1.50       1.50
  clock uncertainty                                       0.30       1.80
  U3_cpu/U1_datapath/U1_sfr/U_uart/shift_trans_reg/CK (SDFFSRX2)     1.80 r
  library removal time                                   -0.02       1.78
  data required time                                                 1.78
  ------------------------------------------------------------------------------
  data required time                                                 1.78
  data arrival time                                                 -1.53
  ------------------------------------------------------------------------------
  slack (VIOLATED)                                                  -0.25


  Startpoint: test_mode (input port)
  Endpoint: U3_cpu/U1_datapath/U1_sfr/U_uart/smod_clk_rec_reg
               (removal check against rising-edge clock clk)
  Path Group: **async_default**
  Path Type: min

  Point                                                   Incr       Path
  ------------------------------------------------------------------------------
  clock (input port clock) (rise edge)                    0.00       0.00
  clock network delay (ideal)                             0.00       0.00
  input external delay                                    0.00       0.00 f
  test_mode (in)                                          0.00       0.00 f
  PI_test_mode/C (PDIDGZ)                                 0.30       0.30 f
  test_point_535/U6/Y (MX2X1)                             0.56       0.86 f
  U3_cpu/U1_datapath/U1_sfr/U_uart/U508/Y (INVX4)         0.67       1.53 r
  U3_cpu/U1_datapath/U1_sfr/U_uart/smod_clk_rec_reg/RN (SDFFSRX2)
                                                          0.00       1.53 r
  data arrival time                                                  1.53

  clock clk (rise edge)                                   0.00       0.00
  clock network delay (ideal)                             1.50       1.50
  clock uncertainty                                       0.30       1.80
  U3_cpu/U1_datapath/U1_sfr/U_uart/smod_clk_rec_reg/CK (SDFFSRX2)
                                                                     1.80 r
  library removal time                                   -0.02       1.78
  data required time                                                 1.78
  ------------------------------------------------------------------------------
  data required time                                                 1.78
  data arrival time                                                 -1.53
  ------------------------------------------------------------------------------
  slack (VIOLATED)                                                  -0.25


  Startpoint: test_mode (input port)
  Endpoint: U3_cpu/U1_datapath/U1_sfr/U_uart/smod_clk_trans_reg
               (removal check against rising-edge clock clk)
  Path Group: **async_default**
  Path Type: min

  Point                                                   Incr       Path
  ------------------------------------------------------------------------------
  clock (input port clock) (rise edge)                    0.00       0.00
  clock network delay (ideal)                             0.00       0.00
  input external delay                                    0.00       0.00 f
  test_mode (in)                                          0.00       0.00 f
  PI_test_mode/C (PDIDGZ)                                 0.30       0.30 f
  test_point_535/U6/Y (MX2X1)                             0.56       0.86 f
  U3_cpu/U1_datapath/U1_sfr/U_uart/U508/Y (INVX4)         0.67       1.53 r
  U3_cpu/U1_datapath/U1_sfr/U_uart/smod_clk_trans_reg/RN (SDFFSRX2)
                                                          0.00       1.53 r
  data arrival time                                                  1.53

  clock clk (rise edge)                                   0.00       0.00
  clock network delay (ideal)                             1.50       1.50
  clock uncertainty                                       0.30       1.80
  U3_cpu/U1_datapath/U1_sfr/U_uart/smod_clk_trans_reg/CK (SDFFSRX2)
                                                                     1.80 r
  library removal time                                   -0.02       1.78
  data required time                                                 1.78
  ------------------------------------------------------------------------------
  data required time                                                 1.78
  data arrival time                                                 -1.53
  ------------------------------------------------------------------------------
  slack (VIOLATED)                                                  -0.25


  Startpoint: test_mode (input port)
  Endpoint: U3_cpu/U1_datapath/U1_sfr/U_uart/trans_cnt_reg_0_
               (removal check against rising-edge clock clk)
  Path Group: **async_default**
  Path Type: min

  Point                                                   Incr       Path
  ------------------------------------------------------------------------------
  clock (input port clock) (rise edge)                    0.00       0.00
  clock network delay (ideal)                             0.00       0.00
  input external delay                                    0.00       0.00 f
  test_mode (in)                                          0.00       0.00 f
  PI_test_mode/C (PDIDGZ)                                 0.30       0.30 f
  test_point_535/U6/Y (MX2X1)                             0.56       0.86 f
  U3_cpu/U1_datapath/U1_sfr/U_uart/U508/Y (INVX4)         0.67       1.53 r
  U3_cpu/U1_datapath/U1_sfr/U_uart/trans_cnt_reg_0_/RN (SDFFSRX2)
                                                          0.00       1.53 r
  data arrival time                                                  1.53

  clock clk (rise edge)                                   0.00       0.00
  clock network delay (ideal)                             1.50       1.50
  clock uncertainty                                       0.30       1.80
  U3_cpu/U1_datapath/U1_sfr/U_uart/trans_cnt_reg_0_/CK (SDFFSRX2)
                                                                     1.80 r
  library removal time                                   -0.02       1.78
  data required time                                                 1.78
  ------------------------------------------------------------------------------
  data required time                                                 1.78
  data arrival time                                                 -1.53
  ------------------------------------------------------------------------------
  slack (VIOLATED)                                                  -0.25


  Startpoint: test_mode (input port)
  Endpoint: U3_cpu/U1_datapath/U1_sfr/U_uart/trans_cnt_reg_1_
               (removal check against rising-edge clock clk)
  Path Group: **async_default**
  Path Type: min

  Point                                                   Incr       Path
  ------------------------------------------------------------------------------
  clock (input port clock) (rise edge)                    0.00       0.00
  clock network delay (ideal)                             0.00       0.00
  input external delay                                    0.00       0.00 f
  test_mode (in)                                          0.00       0.00 f
  PI_test_mode/C (PDIDGZ)                                 0.30       0.30 f
  test_point_535/U6/Y (MX2X1)                             0.56       0.86 f
  U3_cpu/U1_datapath/U1_sfr/U_uart/U508/Y (INVX4)         0.67       1.53 r
  U3_cpu/U1_datapath/U1_sfr/U_uart/trans_cnt_reg_1_/RN (SDFFSRX2)
                                                          0.00       1.53 r
  data arrival time                                                  1.53

  clock clk (rise edge)                                   0.00       0.00
  clock network delay (ideal)                             1.50       1.50
  clock uncertainty                                       0.30       1.80
  U3_cpu/U1_datapath/U1_sfr/U_uart/trans_cnt_reg_1_/CK (SDFFSRX2)
                                                                     1.80 r
  library removal time                                   -0.02       1.78
  data required time                                                 1.78
  ------------------------------------------------------------------------------
  data required time                                                 1.78
  data arrival time                                                 -1.53
  ------------------------------------------------------------------------------
  slack (VIOLATED)                                                  -0.25


  Startpoint: test_mode (input port)
  Endpoint: U3_cpu/U1_datapath/U1_sfr/U_uart/trans_cnt_reg_2_
               (removal check against rising-edge clock clk)
  Path Group: **async_default**
  Path Type: min

  Point                                                   Incr       Path
  ------------------------------------------------------------------------------
  clock (input port clock) (rise edge)                    0.00       0.00
  clock network delay (ideal)                             0.00       0.00
  input external delay                                    0.00       0.00 f
  test_mode (in)                                          0.00       0.00 f
  PI_test_mode/C (PDIDGZ)                                 0.30       0.30 f
  test_point_535/U6/Y (MX2X1)                             0.56       0.86 f
  U3_cpu/U1_datapath/U1_sfr/U_uart/U508/Y (INVX4)         0.67       1.53 r
  U3_cpu/U1_datapath/U1_sfr/U_uart/trans_cnt_reg_2_/RN (SDFFSRX2)
                                                          0.00       1.53 r
  data arrival time                                                  1.53

  clock clk (rise edge)                                   0.00       0.00
  clock network delay (ideal)                             1.50       1.50
  clock uncertainty                                       0.30       1.80
  U3_cpu/U1_datapath/U1_sfr/U_uart/trans_cnt_reg_2_/CK (SDFFSRX2)
                                                                     1.80 r
  library removal time                                   -0.02       1.78
  data required time                                                 1.78
  ------------------------------------------------------------------------------
  data required time                                                 1.78
  data arrival time                                                 -1.53
  ------------------------------------------------------------------------------
  slack (VIOLATED)                                                  -0.25


  Startpoint: test_mode (input port)
  Endpoint: U3_cpu/U1_datapath/U1_sfr/U_uart/trans_cnt_reg_3_
               (removal check against rising-edge clock clk)
  Path Group: **async_default**
  Path Type: min

  Point                                                   Incr       Path
  ------------------------------------------------------------------------------
  clock (input port clock) (rise edge)                    0.00       0.00
  clock network delay (ideal)                             0.00       0.00
  input external delay                                    0.00       0.00 f
  test_mode (in)                                          0.00       0.00 f
  PI_test_mode/C (PDIDGZ)                                 0.30       0.30 f
  test_point_535/U6/Y (MX2X1)                             0.56       0.86 f
  U3_cpu/U1_datapath/U1_sfr/U_uart/U508/Y (INVX4)         0.67       1.53 r
  U3_cpu/U1_datapath/U1_sfr/U_uart/trans_cnt_reg_3_/RN (SDFFSRX2)
                                                          0.00       1.53 r
  data arrival time                                                  1.53

  clock clk (rise edge)                                   0.00       0.00
  clock network delay (ideal)                             1.50       1.50
  clock uncertainty                                       0.30       1.80
  U3_cpu/U1_datapath/U1_sfr/U_uart/trans_cnt_reg_3_/CK (SDFFSRX2)
                                                                     1.80 r
  library removal time                                   -0.02       1.78
  data required time                                                 1.78
  ------------------------------------------------------------------------------
  data required time                                                 1.78
  data arrival time                                                 -1.53
  ------------------------------------------------------------------------------
  slack (VIOLATED)                                                  -0.25


  Startpoint: test_mode (input port)
  Endpoint: U3_cpu/U1_datapath/U1_sfr/U_uart/trans_reg
               (removal check against rising-edge clock clk)
  Path Group: **async_default**
  Path Type: min

  Point                                                   Incr       Path
  ------------------------------------------------------------------------------
  clock (input port clock) (rise edge)                    0.00       0.00
  clock network delay (ideal)                             0.00       0.00
  input external delay                                    0.00       0.00 f
  test_mode (in)                                          0.00       0.00 f
  PI_test_mode/C (PDIDGZ)                                 0.30       0.30 f
  test_point_535/U6/Y (MX2X1)                             0.56       0.86 f
  U3_cpu/U1_datapath/U1_sfr/U_uart/U508/Y (INVX4)         0.67       1.53 r
  U3_cpu/U1_datapath/U1_sfr/U_uart/trans_reg/RN (SDFFSRX2)
                                                          0.00       1.53 r
  data arrival time                                                  1.53

  clock clk (rise edge)                                   0.00       0.00
  clock network delay (ideal)                             1.50       1.50
  clock uncertainty                                       0.30       1.80
  U3_cpu/U1_datapath/U1_sfr/U_uart/trans_reg/CK (SDFFSRX2)           1.80 r
  library removal time                                   -0.02       1.78
  data required time                                                 1.78
  ------------------------------------------------------------------------------
  data required time                                                 1.78
  data arrival time                                                 -1.53
  ------------------------------------------------------------------------------
  slack (VIOLATED)                                                  -0.25


  Startpoint: test_mode (input port)
  Endpoint: U3_cpu/U1_datapath/U1_sfr/U_uart/tx_done_reg
               (removal check against rising-edge clock clk)
  Path Group: **async_default**
  Path Type: min

  Point                                                   Incr       Path
  ------------------------------------------------------------------------------
  clock (input port clock) (rise edge)                    0.00       0.00
  clock network delay (ideal)                             0.00       0.00
  input external delay                                    0.00       0.00 f
  test_mode (in)                                          0.00       0.00 f
  PI_test_mode/C (PDIDGZ)                                 0.30       0.30 f
  test_point_535/U6/Y (MX2X1)                             0.56       0.86 f
  U3_cpu/U1_datapath/U1_sfr/U_uart/U508/Y (INVX4)         0.67       1.53 r
  U3_cpu/U1_datapath/U1_sfr/U_uart/tx_done_reg/RN (SDFFSRX2)
                                                          0.00       1.53 r
  data arrival time                                                  1.53

  clock clk (rise edge)                                   0.00       0.00
  clock network delay (ideal)                             1.50       1.50
  clock uncertainty                                       0.30       1.80
  U3_cpu/U1_datapath/U1_sfr/U_uart/tx_done_reg/CK (SDFFSRX2)         1.80 r
  library removal time                                   -0.02       1.78
  data required time                                                 1.78
  ------------------------------------------------------------------------------
  data required time                                                 1.78
  data arrival time                                                 -1.53
  ------------------------------------------------------------------------------
  slack (VIOLATED)                                                  -0.25


  Startpoint: test_mode (input port)
  Endpoint: U3_cpu/U1_datapath/U1_sfr/U_uart/txd_reg
               (removal check against rising-edge clock clk)
  Path Group: **async_default**
  Path Type: min

  Point                                                   Incr       Path
  ------------------------------------------------------------------------------
  clock (input port clock) (rise edge)                    0.00       0.00
  clock network delay (ideal)                             0.00       0.00
  input external delay                                    0.00       0.00 f
  test_mode (in)                                          0.00       0.00 f
  PI_test_mode/C (PDIDGZ)                                 0.30       0.30 f
  test_point_535/U6/Y (MX2X1)                             0.56       0.86 f
  U3_cpu/U1_datapath/U1_sfr/U_uart/U508/Y (INVX4)         0.67       1.53 r
  U3_cpu/U1_datapath/U1_sfr/U_uart/txd_reg/RN (SDFFSRX2)
                                                          0.00       1.53 r
  data arrival time                                                  1.53

  clock clk (rise edge)                                   0.00       0.00
  clock network delay (ideal)                             1.50       1.50
  clock uncertainty                                       0.30       1.80
  U3_cpu/U1_datapath/U1_sfr/U_uart/txd_reg/CK (SDFFSRX2)             1.80 r
  library removal time                                   -0.02       1.78
  data required time                                                 1.78
  ------------------------------------------------------------------------------
  data required time                                                 1.78
  data arrival time                                                 -1.53
  ------------------------------------------------------------------------------
  slack (VIOLATED)                                                  -0.25


  Startpoint: test_mode (input port)
  Endpoint: U3_cpu/U1_datapath/U1_sfr/U12_u_tc/div12_reg_1_
               (removal check against rising-edge clock clk)
  Path Group: **async_default**
  Path Type: min

  Point                                                   Incr       Path
  ------------------------------------------------------------------------------
  clock (input port clock) (rise edge)                    0.00       0.00
  clock network delay (ideal)                             0.00       0.00
  input external delay                                    0.00       0.00 f
  test_mode (in)                                          0.00       0.00 f
  PI_test_mode/C (PDIDGZ)                                 0.30       0.30 f
  test_point_535/U6/Y (MX2X1)                             0.56       0.86 f
  U3_cpu/U1_datapath/U1_sfr/U12_u_tc/U434/Y (INVX2)       0.68       1.54 r
  U3_cpu/U1_datapath/U1_sfr/U12_u_tc/div12_reg_1_/RN (SDFFRHQX1)
                                                          0.00       1.54 r
  data arrival time                                                  1.54

  clock clk (rise edge)                                   0.00       0.00
  clock network delay (ideal)                             1.50       1.50
  clock uncertainty                                       0.30       1.80
  U3_cpu/U1_datapath/U1_sfr/U12_u_tc/div12_reg_1_/CK (SDFFRHQX1)     1.80 r
  library removal time                                   -0.01       1.79
  data required time                                                 1.79
  ------------------------------------------------------------------------------
  data required time                                                 1.79
  data arrival time                                                 -1.54
  ------------------------------------------------------------------------------
  slack (VIOLATED)                                                  -0.25


  Startpoint: test_mode (input port)
  Endpoint: U3_cpu/U1_datapath/U1_sfr/U12_u_tc/t0_pin_r_reg
               (removal check against rising-edge clock clk)
  Path Group: **async_default**
  Path Type: min

  Point                                                   Incr       Path
  ------------------------------------------------------------------------------
  clock (input port clock) (rise edge)                    0.00       0.00
  clock network delay (ideal)                             0.00       0.00
  input external delay                                    0.00       0.00 f
  test_mode (in)                                          0.00       0.00 f
  PI_test_mode/C (PDIDGZ)                                 0.30       0.30 f
  test_point_535/U6/Y (MX2X1)                             0.56       0.86 f
  U3_cpu/U1_datapath/U1_sfr/U12_u_tc/U434/Y (INVX2)       0.68       1.54 r
  U3_cpu/U1_datapath/U1_sfr/U12_u_tc/t0_pin_r_reg/RN (SDFFRHQX1)
                                                          0.00       1.54 r
  data arrival time                                                  1.54

  clock clk (rise edge)                                   0.00       0.00
  clock network delay (ideal)                             1.50       1.50
  clock uncertainty                                       0.30       1.80
  U3_cpu/U1_datapath/U1_sfr/U12_u_tc/t0_pin_r_reg/CK (SDFFRHQX1)     1.80 r
  library removal time                                   -0.01       1.79
  data required time                                                 1.79
  ------------------------------------------------------------------------------
  data required time                                                 1.79
  data arrival time                                                 -1.54
  ------------------------------------------------------------------------------
  slack (VIOLATED)                                                  -0.25


  Startpoint: test_mode (input port)
  Endpoint: U3_cpu/U1_datapath/U1_sfr/U12_u_tc/tf0_reg
               (removal check against rising-edge clock clk)
  Path Group: **async_default**
  Path Type: min

  Point                                                   Incr       Path
  ------------------------------------------------------------------------------
  clock (input port clock) (rise edge)                    0.00       0.00
  clock network delay (ideal)                             0.00       0.00
  input external delay                                    0.00       0.00 f
  test_mode (in)                                          0.00       0.00 f
  PI_test_mode/C (PDIDGZ)                                 0.30       0.30 f
  test_point_535/U6/Y (MX2X1)                             0.56       0.86 f
  U3_cpu/U1_datapath/U1_sfr/U12_u_tc/U434/Y (INVX2)       0.68       1.54 r
  U3_cpu/U1_datapath/U1_sfr/U12_u_tc/tf0_reg/RN (SDFFRHQX1)
                                                          0.00       1.54 r
  data arrival time                                                  1.54

  clock clk (rise edge)                                   0.00       0.00
  clock network delay (ideal)                             1.50       1.50
  clock uncertainty                                       0.30       1.80
  U3_cpu/U1_datapath/U1_sfr/U12_u_tc/tf0_reg/CK (SDFFRHQX1)          1.80 r
  library removal time                                   -0.01       1.79
  data required time                                                 1.79
  ------------------------------------------------------------------------------
  data required time                                                 1.79
  data arrival time                                                 -1.54
  ------------------------------------------------------------------------------
  slack (VIOLATED)                                                  -0.25


  Startpoint: test_mode (input port)
  Endpoint: U3_cpu/U1_datapath/U1_sfr/U12_u_tc/div12_reg_0_
               (removal check against rising-edge clock clk)
  Path Group: **async_default**
  Path Type: min

  Point                                                   Incr       Path
  ------------------------------------------------------------------------------
  clock (input port clock) (rise edge)                    0.00       0.00
  clock network delay (ideal)                             0.00       0.00
  input external delay                                    0.00       0.00 f
  test_mode (in)                                          0.00       0.00 f
  PI_test_mode/C (PDIDGZ)                                 0.30       0.30 f
  test_point_535/U6/Y (MX2X1)                             0.56       0.86 f
  U3_cpu/U1_datapath/U1_sfr/U12_u_tc/U434/Y (INVX2)       0.68       1.54 r
  U3_cpu/U1_datapath/U1_sfr/U12_u_tc/div12_reg_0_/RN (SDFFSRX2)
                                                          0.00       1.54 r
  data arrival time                                                  1.54

  clock clk (rise edge)                                   0.00       0.00
  clock network delay (ideal)                             1.50       1.50
  clock uncertainty                                       0.30       1.80
  U3_cpu/U1_datapath/U1_sfr/U12_u_tc/div12_reg_0_/CK (SDFFSRX2)      1.80 r
  library removal time                                   -0.02       1.78
  data required time                                                 1.78
  ------------------------------------------------------------------------------
  data required time                                                 1.78
  data arrival time                                                 -1.54
  ------------------------------------------------------------------------------
  slack (VIOLATED)                                                  -0.24


  Startpoint: test_mode (input port)
  Endpoint: U3_cpu/U1_datapath/U1_sfr/U12_u_tc/div12_reg_2_
               (removal check against rising-edge clock clk)
  Path Group: **async_default**
  Path Type: min

  Point                                                   Incr       Path
  ------------------------------------------------------------------------------
  clock (input port clock) (rise edge)                    0.00       0.00
  clock network delay (ideal)                             0.00       0.00
  input external delay                                    0.00       0.00 f
  test_mode (in)                                          0.00       0.00 f
  PI_test_mode/C (PDIDGZ)                                 0.30       0.30 f
  test_point_535/U6/Y (MX2X1)                             0.56       0.86 f
  U3_cpu/U1_datapath/U1_sfr/U12_u_tc/U434/Y (INVX2)       0.68       1.54 r
  U3_cpu/U1_datapath/U1_sfr/U12_u_tc/div12_reg_2_/RN (SDFFSRX2)
                                                          0.00       1.54 r
  data arrival time                                                  1.54

  clock clk (rise edge)                                   0.00       0.00
  clock network delay (ideal)                             1.50       1.50
  clock uncertainty                                       0.30       1.80
  U3_cpu/U1_datapath/U1_sfr/U12_u_tc/div12_reg_2_/CK (SDFFSRX2)      1.80 r
  library removal time                                   -0.02       1.78
  data required time                                                 1.78
  ------------------------------------------------------------------------------
  data required time                                                 1.78
  data arrival time                                                 -1.54
  ------------------------------------------------------------------------------
  slack (VIOLATED)                                                  -0.24


  Startpoint: test_mode (input port)
  Endpoint: U3_cpu/U1_datapath/U1_sfr/U12_u_tc/div12_reg_3_
               (removal check against rising-edge clock clk)
  Path Group: **async_default**
  Path Type: min

  Point                                                   Incr       Path
  ------------------------------------------------------------------------------
  clock (input port clock) (rise edge)                    0.00       0.00
  clock network delay (ideal)                             0.00       0.00
  input external delay                                    0.00       0.00 f
  test_mode (in)                                          0.00       0.00 f
  PI_test_mode/C (PDIDGZ)                                 0.30       0.30 f
  test_point_535/U6/Y (MX2X1)                             0.56       0.86 f
  U3_cpu/U1_datapath/U1_sfr/U12_u_tc/U434/Y (INVX2)       0.68       1.54 r
  U3_cpu/U1_datapath/U1_sfr/U12_u_tc/div12_reg_3_/RN (SDFFSRX2)
                                                          0.00       1.54 r
  data arrival time                                                  1.54

  clock clk (rise edge)                                   0.00       0.00
  clock network delay (ideal)                             1.50       1.50
  clock uncertainty                                       0.30       1.80
  U3_cpu/U1_datapath/U1_sfr/U12_u_tc/div12_reg_3_/CK (SDFFSRX2)      1.80 r
  library removal time                                   -0.02       1.78
  data required time                                                 1.78
  ------------------------------------------------------------------------------
  data required time                                                 1.78
  data arrival time                                                 -1.54
  ------------------------------------------------------------------------------
  slack (VIOLATED)                                                  -0.24


  Startpoint: test_mode (input port)
  Endpoint: U3_cpu/U1_datapath/U1_sfr/U12_u_tc/shift12_reg
               (removal check against rising-edge clock clk)
  Path Group: **async_default**
  Path Type: min

  Point                                                   Incr       Path
  ------------------------------------------------------------------------------
  clock (input port clock) (rise edge)                    0.00       0.00
  clock network delay (ideal)                             0.00       0.00
  input external delay                                    0.00       0.00 f
  test_mode (in)                                          0.00       0.00 f
  PI_test_mode/C (PDIDGZ)                                 0.30       0.30 f
  test_point_535/U6/Y (MX2X1)                             0.56       0.86 f
  U3_cpu/U1_datapath/U1_sfr/U12_u_tc/U434/Y (INVX2)       0.68       1.54 r
  U3_cpu/U1_datapath/U1_sfr/U12_u_tc/shift12_reg/RN (SDFFSRX2)
                                                          0.00       1.54 r
  data arrival time                                                  1.54

  clock clk (rise edge)                                   0.00       0.00
  clock network delay (ideal)                             1.50       1.50
  clock uncertainty                                       0.30       1.80
  U3_cpu/U1_datapath/U1_sfr/U12_u_tc/shift12_reg/CK (SDFFSRX2)       1.80 r
  library removal time                                   -0.02       1.78
  data required time                                                 1.78
  ------------------------------------------------------------------------------
  data required time                                                 1.78
  data arrival time                                                 -1.54
  ------------------------------------------------------------------------------
  slack (VIOLATED)                                                  -0.24


  Startpoint: test_mode (input port)
  Endpoint: U3_cpu/U1_datapath/U1_sfr/U12_u_tc/t1_pin_r_reg
               (removal check against rising-edge clock clk)
  Path Group: **async_default**
  Path Type: min

  Point                                                   Incr       Path
  ------------------------------------------------------------------------------
  clock (input port clock) (rise edge)                    0.00       0.00
  clock network delay (ideal)                             0.00       0.00
  input external delay                                    0.00       0.00 f
  test_mode (in)                                          0.00       0.00 f
  PI_test_mode/C (PDIDGZ)                                 0.30       0.30 f
  test_point_535/U6/Y (MX2X1)                             0.56       0.86 f
  U3_cpu/U1_datapath/U1_sfr/U12_u_tc/U434/Y (INVX2)       0.68       1.54 r
  U3_cpu/U1_datapath/U1_sfr/U12_u_tc/t1_pin_r_reg/RN (SDFFSRX2)
                                                          0.00       1.54 r
  data arrival time                                                  1.54

  clock clk (rise edge)                                   0.00       0.00
  clock network delay (ideal)                             1.50       1.50
  clock uncertainty                                       0.30       1.80
  U3_cpu/U1_datapath/U1_sfr/U12_u_tc/t1_pin_r_reg/CK (SDFFSRX2)      1.80 r
  library removal time                                   -0.02       1.78
  data required time                                                 1.78
  ------------------------------------------------------------------------------
  data required time                                                 1.78
  data arrival time                                                 -1.54
  ------------------------------------------------------------------------------
  slack (VIOLATED)                                                  -0.24


  Startpoint: test_mode (input port)
  Endpoint: U3_cpu/U1_datapath/U1_sfr/U12_u_tc/tf1_0_reg
               (removal check against rising-edge clock clk)
  Path Group: **async_default**
  Path Type: min

  Point                                                   Incr       Path
  ------------------------------------------------------------------------------
  clock (input port clock) (rise edge)                    0.00       0.00
  clock network delay (ideal)                             0.00       0.00
  input external delay                                    0.00       0.00 f
  test_mode (in)                                          0.00       0.00 f
  PI_test_mode/C (PDIDGZ)                                 0.30       0.30 f
  test_point_535/U6/Y (MX2X1)                             0.56       0.86 f
  U3_cpu/U1_datapath/U1_sfr/U12_u_tc/U434/Y (INVX2)       0.68       1.54 r
  U3_cpu/U1_datapath/U1_sfr/U12_u_tc/tf1_0_reg/RN (SDFFSRX2)
                                                          0.00       1.54 r
  data arrival time                                                  1.54

  clock clk (rise edge)                                   0.00       0.00
  clock network delay (ideal)                             1.50       1.50
  clock uncertainty                                       0.30       1.80
  U3_cpu/U1_datapath/U1_sfr/U12_u_tc/tf1_0_reg/CK (SDFFSRX2)         1.80 r
  library removal time                                   -0.02       1.78
  data required time                                                 1.78
  ------------------------------------------------------------------------------
  data required time                                                 1.78
  data arrival time                                                 -1.54
  ------------------------------------------------------------------------------
  slack (VIOLATED)                                                  -0.24


  Startpoint: test_mode (input port)
  Endpoint: U3_cpu/U1_datapath/U1_sfr/U12_u_tc/tf1_1_reg
               (removal check against rising-edge clock clk)
  Path Group: **async_default**
  Path Type: min

  Point                                                   Incr       Path
  ------------------------------------------------------------------------------
  clock (input port clock) (rise edge)                    0.00       0.00
  clock network delay (ideal)                             0.00       0.00
  input external delay                                    0.00       0.00 f
  test_mode (in)                                          0.00       0.00 f
  PI_test_mode/C (PDIDGZ)                                 0.30       0.30 f
  test_point_535/U6/Y (MX2X1)                             0.56       0.86 f
  U3_cpu/U1_datapath/U1_sfr/U12_u_tc/U434/Y (INVX2)       0.68       1.54 r
  U3_cpu/U1_datapath/U1_sfr/U12_u_tc/tf1_1_reg/RN (SDFFSRX2)
                                                          0.00       1.54 r
  data arrival time                                                  1.54

  clock clk (rise edge)                                   0.00       0.00
  clock network delay (ideal)                             1.50       1.50
  clock uncertainty                                       0.30       1.80
  U3_cpu/U1_datapath/U1_sfr/U12_u_tc/tf1_1_reg/CK (SDFFSRX2)         1.80 r
  library removal time                                   -0.02       1.78
  data required time                                                 1.78
  ------------------------------------------------------------------------------
  data required time                                                 1.78
  data arrival time                                                 -1.54
  ------------------------------------------------------------------------------
  slack (VIOLATED)                                                  -0.24


  Startpoint: test_mode (input port)
  Endpoint: U3_cpu/U1_datapath/U1_sfr/U12_u_tc/th0_reg_0_
               (removal check against rising-edge clock clk)
  Path Group: **async_default**
  Path Type: min

  Point                                                   Incr       Path
  ------------------------------------------------------------------------------
  clock (input port clock) (rise edge)                    0.00       0.00
  clock network delay (ideal)                             0.00       0.00
  input external delay                                    0.00       0.00 f
  test_mode (in)                                          0.00       0.00 f
  PI_test_mode/C (PDIDGZ)                                 0.30       0.30 f
  test_point_535/U6/Y (MX2X1)                             0.56       0.86 f
  U3_cpu/U1_datapath/U1_sfr/U12_u_tc/U434/Y (INVX2)       0.68       1.54 r
  U3_cpu/U1_datapath/U1_sfr/U12_u_tc/th0_reg_0_/RN (SDFFSRX2)
                                                          0.00       1.54 r
  data arrival time                                                  1.54

  clock clk (rise edge)                                   0.00       0.00
  clock network delay (ideal)                             1.50       1.50
  clock uncertainty                                       0.30       1.80
  U3_cpu/U1_datapath/U1_sfr/U12_u_tc/th0_reg_0_/CK (SDFFSRX2)        1.80 r
  library removal time                                   -0.02       1.78
  data required time                                                 1.78
  ------------------------------------------------------------------------------
  data required time                                                 1.78
  data arrival time                                                 -1.54
  ------------------------------------------------------------------------------
  slack (VIOLATED)                                                  -0.24


  Startpoint: test_mode (input port)
  Endpoint: U3_cpu/U1_datapath/U1_sfr/U12_u_tc/th0_reg_1_
               (removal check against rising-edge clock clk)
  Path Group: **async_default**
  Path Type: min

  Point                                                   Incr       Path
  ------------------------------------------------------------------------------
  clock (input port clock) (rise edge)                    0.00       0.00
  clock network delay (ideal)                             0.00       0.00
  input external delay                                    0.00       0.00 f
  test_mode (in)                                          0.00       0.00 f
  PI_test_mode/C (PDIDGZ)                                 0.30       0.30 f
  test_point_535/U6/Y (MX2X1)                             0.56       0.86 f
  U3_cpu/U1_datapath/U1_sfr/U12_u_tc/U434/Y (INVX2)       0.68       1.54 r
  U3_cpu/U1_datapath/U1_sfr/U12_u_tc/th0_reg_1_/RN (SDFFSRX2)
                                                          0.00       1.54 r
  data arrival time                                                  1.54

  clock clk (rise edge)                                   0.00       0.00
  clock network delay (ideal)                             1.50       1.50
  clock uncertainty                                       0.30       1.80
  U3_cpu/U1_datapath/U1_sfr/U12_u_tc/th0_reg_1_/CK (SDFFSRX2)        1.80 r
  library removal time                                   -0.02       1.78
  data required time                                                 1.78
  ------------------------------------------------------------------------------
  data required time                                                 1.78
  data arrival time                                                 -1.54
  ------------------------------------------------------------------------------
  slack (VIOLATED)                                                  -0.24


  Startpoint: test_mode (input port)
  Endpoint: U3_cpu/U1_datapath/U1_sfr/U12_u_tc/th0_reg_2_
               (removal check against rising-edge clock clk)
  Path Group: **async_default**
  Path Type: min

  Point                                                   Incr       Path
  ------------------------------------------------------------------------------
  clock (input port clock) (rise edge)                    0.00       0.00
  clock network delay (ideal)                             0.00       0.00
  input external delay                                    0.00       0.00 f
  test_mode (in)                                          0.00       0.00 f
  PI_test_mode/C (PDIDGZ)                                 0.30       0.30 f
  test_point_535/U6/Y (MX2X1)                             0.56       0.86 f
  U3_cpu/U1_datapath/U1_sfr/U12_u_tc/U434/Y (INVX2)       0.68       1.54 r
  U3_cpu/U1_datapath/U1_sfr/U12_u_tc/th0_reg_2_/RN (SDFFSRX2)
                                                          0.00       1.54 r
  data arrival time                                                  1.54

  clock clk (rise edge)                                   0.00       0.00
  clock network delay (ideal)                             1.50       1.50
  clock uncertainty                                       0.30       1.80
  U3_cpu/U1_datapath/U1_sfr/U12_u_tc/th0_reg_2_/CK (SDFFSRX2)        1.80 r
  library removal time                                   -0.02       1.78
  data required time                                                 1.78
  ------------------------------------------------------------------------------
  data required time                                                 1.78
  data arrival time                                                 -1.54
  ------------------------------------------------------------------------------
  slack (VIOLATED)                                                  -0.24


  Startpoint: test_mode (input port)
  Endpoint: U3_cpu/U1_datapath/U1_sfr/U12_u_tc/th0_reg_3_
               (removal check against rising-edge clock clk)
  Path Group: **async_default**
  Path Type: min

  Point                                                   Incr       Path
  ------------------------------------------------------------------------------
  clock (input port clock) (rise edge)                    0.00       0.00
  clock network delay (ideal)                             0.00       0.00
  input external delay                                    0.00       0.00 f
  test_mode (in)                                          0.00       0.00 f
  PI_test_mode/C (PDIDGZ)                                 0.30       0.30 f
  test_point_535/U6/Y (MX2X1)                             0.56       0.86 f
  U3_cpu/U1_datapath/U1_sfr/U12_u_tc/U434/Y (INVX2)       0.68       1.54 r
  U3_cpu/U1_datapath/U1_sfr/U12_u_tc/th0_reg_3_/RN (SDFFSRX2)
                                                          0.00       1.54 r
  data arrival time                                                  1.54

  clock clk (rise edge)                                   0.00       0.00
  clock network delay (ideal)                             1.50       1.50
  clock uncertainty                                       0.30       1.80
  U3_cpu/U1_datapath/U1_sfr/U12_u_tc/th0_reg_3_/CK (SDFFSRX2)        1.80 r
  library removal time                                   -0.02       1.78
  data required time                                                 1.78
  ------------------------------------------------------------------------------
  data required time                                                 1.78
  data arrival time                                                 -1.54
  ------------------------------------------------------------------------------
  slack (VIOLATED)                                                  -0.24


  Startpoint: test_mode (input port)
  Endpoint: U3_cpu/U1_datapath/U1_sfr/U12_u_tc/th0_reg_4_
               (removal check against rising-edge clock clk)
  Path Group: **async_default**
  Path Type: min

  Point                                                   Incr       Path
  ------------------------------------------------------------------------------
  clock (input port clock) (rise edge)                    0.00       0.00
  clock network delay (ideal)                             0.00       0.00
  input external delay                                    0.00       0.00 f
  test_mode (in)                                          0.00       0.00 f
  PI_test_mode/C (PDIDGZ)                                 0.30       0.30 f
  test_point_535/U6/Y (MX2X1)                             0.56       0.86 f
  U3_cpu/U1_datapath/U1_sfr/U12_u_tc/U434/Y (INVX2)       0.68       1.54 r
  U3_cpu/U1_datapath/U1_sfr/U12_u_tc/th0_reg_4_/RN (SDFFSRX2)
                                                          0.00       1.54 r
  data arrival time                                                  1.54

  clock clk (rise edge)                                   0.00       0.00
  clock network delay (ideal)                             1.50       1.50
  clock uncertainty                                       0.30       1.80
  U3_cpu/U1_datapath/U1_sfr/U12_u_tc/th0_reg_4_/CK (SDFFSRX2)        1.80 r
  library removal time                                   -0.02       1.78
  data required time                                                 1.78
  ------------------------------------------------------------------------------
  data required time                                                 1.78
  data arrival time                                                 -1.54
  ------------------------------------------------------------------------------
  slack (VIOLATED)                                                  -0.24


  Startpoint: test_mode (input port)
  Endpoint: U3_cpu/U1_datapath/U1_sfr/U12_u_tc/th0_reg_5_
               (removal check against rising-edge clock clk)
  Path Group: **async_default**
  Path Type: min

  Point                                                   Incr       Path
  ------------------------------------------------------------------------------
  clock (input port clock) (rise edge)                    0.00       0.00
  clock network delay (ideal)                             0.00       0.00
  input external delay                                    0.00       0.00 f
  test_mode (in)                                          0.00       0.00 f
  PI_test_mode/C (PDIDGZ)                                 0.30       0.30 f
  test_point_535/U6/Y (MX2X1)                             0.56       0.86 f
  U3_cpu/U1_datapath/U1_sfr/U12_u_tc/U434/Y (INVX2)       0.68       1.54 r
  U3_cpu/U1_datapath/U1_sfr/U12_u_tc/th0_reg_5_/RN (SDFFSRX2)
                                                          0.00       1.54 r
  data arrival time                                                  1.54

  clock clk (rise edge)                                   0.00       0.00
  clock network delay (ideal)                             1.50       1.50
  clock uncertainty                                       0.30       1.80
  U3_cpu/U1_datapath/U1_sfr/U12_u_tc/th0_reg_5_/CK (SDFFSRX2)        1.80 r
  library removal time                                   -0.02       1.78
  data required time                                                 1.78
  ------------------------------------------------------------------------------
  data required time                                                 1.78
  data arrival time                                                 -1.54
  ------------------------------------------------------------------------------
  slack (VIOLATED)                                                  -0.24


  Startpoint: test_mode (input port)
  Endpoint: U3_cpu/U1_datapath/U1_sfr/U12_u_tc/th0_reg_6_
               (removal check against rising-edge clock clk)
  Path Group: **async_default**
  Path Type: min

  Point                                                   Incr       Path
  ------------------------------------------------------------------------------
  clock (input port clock) (rise edge)                    0.00       0.00
  clock network delay (ideal)                             0.00       0.00
  input external delay                                    0.00       0.00 f
  test_mode (in)                                          0.00       0.00 f
  PI_test_mode/C (PDIDGZ)                                 0.30       0.30 f
  test_point_535/U6/Y (MX2X1)                             0.56       0.86 f
  U3_cpu/U1_datapath/U1_sfr/U12_u_tc/U434/Y (INVX2)       0.68       1.54 r
  U3_cpu/U1_datapath/U1_sfr/U12_u_tc/th0_reg_6_/RN (SDFFSRX2)
                                                          0.00       1.54 r
  data arrival time                                                  1.54

  clock clk (rise edge)                                   0.00       0.00
  clock network delay (ideal)                             1.50       1.50
  clock uncertainty                                       0.30       1.80
  U3_cpu/U1_datapath/U1_sfr/U12_u_tc/th0_reg_6_/CK (SDFFSRX2)        1.80 r
  library removal time                                   -0.02       1.78
  data required time                                                 1.78
  ------------------------------------------------------------------------------
  data required time                                                 1.78
  data arrival time                                                 -1.54
  ------------------------------------------------------------------------------
  slack (VIOLATED)                                                  -0.24


  Startpoint: test_mode (input port)
  Endpoint: U3_cpu/U1_datapath/U1_sfr/U12_u_tc/th0_reg_7_
               (removal check against rising-edge clock clk)
  Path Group: **async_default**
  Path Type: min

  Point                                                   Incr       Path
  ------------------------------------------------------------------------------
  clock (input port clock) (rise edge)                    0.00       0.00
  clock network delay (ideal)                             0.00       0.00
  input external delay                                    0.00       0.00 f
  test_mode (in)                                          0.00       0.00 f
  PI_test_mode/C (PDIDGZ)                                 0.30       0.30 f
  test_point_535/U6/Y (MX2X1)                             0.56       0.86 f
  U3_cpu/U1_datapath/U1_sfr/U12_u_tc/U434/Y (INVX2)       0.68       1.54 r
  U3_cpu/U1_datapath/U1_sfr/U12_u_tc/th0_reg_7_/RN (SDFFSRX2)
                                                          0.00       1.54 r
  data arrival time                                                  1.54

  clock clk (rise edge)                                   0.00       0.00
  clock network delay (ideal)                             1.50       1.50
  clock uncertainty                                       0.30       1.80
  U3_cpu/U1_datapath/U1_sfr/U12_u_tc/th0_reg_7_/CK (SDFFSRX2)        1.80 r
  library removal time                                   -0.02       1.78
  data required time                                                 1.78
  ------------------------------------------------------------------------------
  data required time                                                 1.78
  data arrival time                                                 -1.54
  ------------------------------------------------------------------------------
  slack (VIOLATED)                                                  -0.24


  Startpoint: test_mode (input port)
  Endpoint: U3_cpu/U1_datapath/U1_sfr/U12_u_tc/th1_reg_0_
               (removal check against rising-edge clock clk)
  Path Group: **async_default**
  Path Type: min

  Point                                                   Incr       Path
  ------------------------------------------------------------------------------
  clock (input port clock) (rise edge)                    0.00       0.00
  clock network delay (ideal)                             0.00       0.00
  input external delay                                    0.00       0.00 f
  test_mode (in)                                          0.00       0.00 f
  PI_test_mode/C (PDIDGZ)                                 0.30       0.30 f
  test_point_535/U6/Y (MX2X1)                             0.56       0.86 f
  U3_cpu/U1_datapath/U1_sfr/U12_u_tc/U434/Y (INVX2)       0.68       1.54 r
  U3_cpu/U1_datapath/U1_sfr/U12_u_tc/th1_reg_0_/RN (SDFFSRX2)
                                                          0.00       1.54 r
  data arrival time                                                  1.54

  clock clk (rise edge)                                   0.00       0.00
  clock network delay (ideal)                             1.50       1.50
  clock uncertainty                                       0.30       1.80
  U3_cpu/U1_datapath/U1_sfr/U12_u_tc/th1_reg_0_/CK (SDFFSRX2)        1.80 r
  library removal time                                   -0.02       1.78
  data required time                                                 1.78
  ------------------------------------------------------------------------------
  data required time                                                 1.78
  data arrival time                                                 -1.54
  ------------------------------------------------------------------------------
  slack (VIOLATED)                                                  -0.24


  Startpoint: test_mode (input port)
  Endpoint: U3_cpu/U1_datapath/U1_sfr/U12_u_tc/th1_reg_1_
               (removal check against rising-edge clock clk)
  Path Group: **async_default**
  Path Type: min

  Point                                                   Incr       Path
  ------------------------------------------------------------------------------
  clock (input port clock) (rise edge)                    0.00       0.00
  clock network delay (ideal)                             0.00       0.00
  input external delay                                    0.00       0.00 f
  test_mode (in)                                          0.00       0.00 f
  PI_test_mode/C (PDIDGZ)                                 0.30       0.30 f
  test_point_535/U6/Y (MX2X1)                             0.56       0.86 f
  U3_cpu/U1_datapath/U1_sfr/U12_u_tc/U434/Y (INVX2)       0.68       1.54 r
  U3_cpu/U1_datapath/U1_sfr/U12_u_tc/th1_reg_1_/RN (SDFFSRX2)
                                                          0.00       1.54 r
  data arrival time                                                  1.54

  clock clk (rise edge)                                   0.00       0.00
  clock network delay (ideal)                             1.50       1.50
  clock uncertainty                                       0.30       1.80
  U3_cpu/U1_datapath/U1_sfr/U12_u_tc/th1_reg_1_/CK (SDFFSRX2)        1.80 r
  library removal time                                   -0.02       1.78
  data required time                                                 1.78
  ------------------------------------------------------------------------------
  data required time                                                 1.78
  data arrival time                                                 -1.54
  ------------------------------------------------------------------------------
  slack (VIOLATED)                                                  -0.24


  Startpoint: test_mode (input port)
  Endpoint: U3_cpu/U1_datapath/U1_sfr/U12_u_tc/th1_reg_2_
               (removal check against rising-edge clock clk)
  Path Group: **async_default**
  Path Type: min

  Point                                                   Incr       Path
  ------------------------------------------------------------------------------
  clock (input port clock) (rise edge)                    0.00       0.00
  clock network delay (ideal)                             0.00       0.00
  input external delay                                    0.00       0.00 f
  test_mode (in)                                          0.00       0.00 f
  PI_test_mode/C (PDIDGZ)                                 0.30       0.30 f
  test_point_535/U6/Y (MX2X1)                             0.56       0.86 f
  U3_cpu/U1_datapath/U1_sfr/U12_u_tc/U434/Y (INVX2)       0.68       1.54 r
  U3_cpu/U1_datapath/U1_sfr/U12_u_tc/th1_reg_2_/RN (SDFFSRX2)
                                                          0.00       1.54 r
  data arrival time                                                  1.54

  clock clk (rise edge)                                   0.00       0.00
  clock network delay (ideal)                             1.50       1.50
  clock uncertainty                                       0.30       1.80
  U3_cpu/U1_datapath/U1_sfr/U12_u_tc/th1_reg_2_/CK (SDFFSRX2)        1.80 r
  library removal time                                   -0.02       1.78
  data required time                                                 1.78
  ------------------------------------------------------------------------------
  data required time                                                 1.78
  data arrival time                                                 -1.54
  ------------------------------------------------------------------------------
  slack (VIOLATED)                                                  -0.24


  Startpoint: test_mode (input port)
  Endpoint: U3_cpu/U1_datapath/U1_sfr/U12_u_tc/th1_reg_3_
               (removal check against rising-edge clock clk)
  Path Group: **async_default**
  Path Type: min

  Point                                                   Incr       Path
  ------------------------------------------------------------------------------
  clock (input port clock) (rise edge)                    0.00       0.00
  clock network delay (ideal)                             0.00       0.00
  input external delay                                    0.00       0.00 f
  test_mode (in)                                          0.00       0.00 f
  PI_test_mode/C (PDIDGZ)                                 0.30       0.30 f
  test_point_535/U6/Y (MX2X1)                             0.56       0.86 f
  U3_cpu/U1_datapath/U1_sfr/U12_u_tc/U434/Y (INVX2)       0.68       1.54 r
  U3_cpu/U1_datapath/U1_sfr/U12_u_tc/th1_reg_3_/RN (SDFFSRX2)
                                                          0.00       1.54 r
  data arrival time                                                  1.54

  clock clk (rise edge)                                   0.00       0.00
  clock network delay (ideal)                             1.50       1.50
  clock uncertainty                                       0.30       1.80
  U3_cpu/U1_datapath/U1_sfr/U12_u_tc/th1_reg_3_/CK (SDFFSRX2)        1.80 r
  library removal time                                   -0.02       1.78
  data required time                                                 1.78
  ------------------------------------------------------------------------------
  data required time                                                 1.78
  data arrival time                                                 -1.54
  ------------------------------------------------------------------------------
  slack (VIOLATED)                                                  -0.24


  Startpoint: test_mode (input port)
  Endpoint: U3_cpu/U1_datapath/U1_sfr/U12_u_tc/th1_reg_4_
               (removal check against rising-edge clock clk)
  Path Group: **async_default**
  Path Type: min

  Point                                                   Incr       Path
  ------------------------------------------------------------------------------
  clock (input port clock) (rise edge)                    0.00       0.00
  clock network delay (ideal)                             0.00       0.00
  input external delay                                    0.00       0.00 f
  test_mode (in)                                          0.00       0.00 f
  PI_test_mode/C (PDIDGZ)                                 0.30       0.30 f
  test_point_535/U6/Y (MX2X1)                             0.56       0.86 f
  U3_cpu/U1_datapath/U1_sfr/U12_u_tc/U434/Y (INVX2)       0.68       1.54 r
  U3_cpu/U1_datapath/U1_sfr/U12_u_tc/th1_reg_4_/RN (SDFFSRX2)
                                                          0.00       1.54 r
  data arrival time                                                  1.54

  clock clk (rise edge)                                   0.00       0.00
  clock network delay (ideal)                             1.50       1.50
  clock uncertainty                                       0.30       1.80
  U3_cpu/U1_datapath/U1_sfr/U12_u_tc/th1_reg_4_/CK (SDFFSRX2)        1.80 r
  library removal time                                   -0.02       1.78
  data required time                                                 1.78
  ------------------------------------------------------------------------------
  data required time                                                 1.78
  data arrival time                                                 -1.54
  ------------------------------------------------------------------------------
  slack (VIOLATED)                                                  -0.24


  Startpoint: test_mode (input port)
  Endpoint: U3_cpu/U1_datapath/U1_sfr/U12_u_tc/th1_reg_5_
               (removal check against rising-edge clock clk)
  Path Group: **async_default**
  Path Type: min

  Point                                                   Incr       Path
  ------------------------------------------------------------------------------
  clock (input port clock) (rise edge)                    0.00       0.00
  clock network delay (ideal)                             0.00       0.00
  input external delay                                    0.00       0.00 f
  test_mode (in)                                          0.00       0.00 f
  PI_test_mode/C (PDIDGZ)                                 0.30       0.30 f
  test_point_535/U6/Y (MX2X1)                             0.56       0.86 f
  U3_cpu/U1_datapath/U1_sfr/U12_u_tc/U434/Y (INVX2)       0.68       1.54 r
  U3_cpu/U1_datapath/U1_sfr/U12_u_tc/th1_reg_5_/RN (SDFFSRX2)
                                                          0.00       1.54 r
  data arrival time                                                  1.54

  clock clk (rise edge)                                   0.00       0.00
  clock network delay (ideal)                             1.50       1.50
  clock uncertainty                                       0.30       1.80
  U3_cpu/U1_datapath/U1_sfr/U12_u_tc/th1_reg_5_/CK (SDFFSRX2)        1.80 r
  library removal time                                   -0.02       1.78
  data required time                                                 1.78
  ------------------------------------------------------------------------------
  data required time                                                 1.78
  data arrival time                                                 -1.54
  ------------------------------------------------------------------------------
  slack (VIOLATED)                                                  -0.24


  Startpoint: test_mode (input port)
  Endpoint: U3_cpu/U1_datapath/U1_sfr/U12_u_tc/th1_reg_6_
               (removal check against rising-edge clock clk)
  Path Group: **async_default**
  Path Type: min

  Point                                                   Incr       Path
  ------------------------------------------------------------------------------
  clock (input port clock) (rise edge)                    0.00       0.00
  clock network delay (ideal)                             0.00       0.00
  input external delay                                    0.00       0.00 f
  test_mode (in)                                          0.00       0.00 f
  PI_test_mode/C (PDIDGZ)                                 0.30       0.30 f
  test_point_535/U6/Y (MX2X1)                             0.56       0.86 f
  U3_cpu/U1_datapath/U1_sfr/U12_u_tc/U434/Y (INVX2)       0.68       1.54 r
  U3_cpu/U1_datapath/U1_sfr/U12_u_tc/th1_reg_6_/RN (SDFFSRX2)
                                                          0.00       1.54 r
  data arrival time                                                  1.54

  clock clk (rise edge)                                   0.00       0.00
  clock network delay (ideal)                             1.50       1.50
  clock uncertainty                                       0.30       1.80
  U3_cpu/U1_datapath/U1_sfr/U12_u_tc/th1_reg_6_/CK (SDFFSRX2)        1.80 r
  library removal time                                   -0.02       1.78
  data required time                                                 1.78
  ------------------------------------------------------------------------------
  data required time                                                 1.78
  data arrival time                                                 -1.54
  ------------------------------------------------------------------------------
  slack (VIOLATED)                                                  -0.24


  Startpoint: test_mode (input port)
  Endpoint: U3_cpu/U1_datapath/U1_sfr/U12_u_tc/th1_reg_7_
               (removal check against rising-edge clock clk)
  Path Group: **async_default**
  Path Type: min

  Point                                                   Incr       Path
  ------------------------------------------------------------------------------
  clock (input port clock) (rise edge)                    0.00       0.00
  clock network delay (ideal)                             0.00       0.00
  input external delay                                    0.00       0.00 f
  test_mode (in)                                          0.00       0.00 f
  PI_test_mode/C (PDIDGZ)                                 0.30       0.30 f
  test_point_535/U6/Y (MX2X1)                             0.56       0.86 f
  U3_cpu/U1_datapath/U1_sfr/U12_u_tc/U434/Y (INVX2)       0.68       1.54 r
  U3_cpu/U1_datapath/U1_sfr/U12_u_tc/th1_reg_7_/RN (SDFFSRX2)
                                                          0.00       1.54 r
  data arrival time                                                  1.54

  clock clk (rise edge)                                   0.00       0.00
  clock network delay (ideal)                             1.50       1.50
  clock uncertainty                                       0.30       1.80
  U3_cpu/U1_datapath/U1_sfr/U12_u_tc/th1_reg_7_/CK (SDFFSRX2)        1.80 r
  library removal time                                   -0.02       1.78
  data required time                                                 1.78
  ------------------------------------------------------------------------------
  data required time                                                 1.78
  data arrival time                                                 -1.54
  ------------------------------------------------------------------------------
  slack (VIOLATED)                                                  -0.24


  Startpoint: test_mode (input port)
  Endpoint: U3_cpu/U1_datapath/U1_sfr/U12_u_tc/tl0_reg_0_
               (removal check against rising-edge clock clk)
  Path Group: **async_default**
  Path Type: min

  Point                                                   Incr       Path
  ------------------------------------------------------------------------------
  clock (input port clock) (rise edge)                    0.00       0.00
  clock network delay (ideal)                             0.00       0.00
  input external delay                                    0.00       0.00 f
  test_mode (in)                                          0.00       0.00 f
  PI_test_mode/C (PDIDGZ)                                 0.30       0.30 f
  test_point_535/U6/Y (MX2X1)                             0.56       0.86 f
  U3_cpu/U1_datapath/U1_sfr/U12_u_tc/U434/Y (INVX2)       0.68       1.54 r
  U3_cpu/U1_datapath/U1_sfr/U12_u_tc/tl0_reg_0_/RN (SDFFSRX2)
                                                          0.00       1.54 r
  data arrival time                                                  1.54

  clock clk (rise edge)                                   0.00       0.00
  clock network delay (ideal)                             1.50       1.50
  clock uncertainty                                       0.30       1.80
  U3_cpu/U1_datapath/U1_sfr/U12_u_tc/tl0_reg_0_/CK (SDFFSRX2)        1.80 r
  library removal time                                   -0.02       1.78
  data required time                                                 1.78
  ------------------------------------------------------------------------------
  data required time                                                 1.78
  data arrival time                                                 -1.54
  ------------------------------------------------------------------------------
  slack (VIOLATED)                                                  -0.24


  Startpoint: test_mode (input port)
  Endpoint: U3_cpu/U1_datapath/U1_sfr/U12_u_tc/tl0_reg_1_
               (removal check against rising-edge clock clk)
  Path Group: **async_default**
  Path Type: min

  Point                                                   Incr       Path
  ------------------------------------------------------------------------------
  clock (input port clock) (rise edge)                    0.00       0.00
  clock network delay (ideal)                             0.00       0.00
  input external delay                                    0.00       0.00 f
  test_mode (in)                                          0.00       0.00 f
  PI_test_mode/C (PDIDGZ)                                 0.30       0.30 f
  test_point_535/U6/Y (MX2X1)                             0.56       0.86 f
  U3_cpu/U1_datapath/U1_sfr/U12_u_tc/U434/Y (INVX2)       0.68       1.54 r
  U3_cpu/U1_datapath/U1_sfr/U12_u_tc/tl0_reg_1_/RN (SDFFSRX2)
                                                          0.00       1.54 r
  data arrival time                                                  1.54

  clock clk (rise edge)                                   0.00       0.00
  clock network delay (ideal)                             1.50       1.50
  clock uncertainty                                       0.30       1.80
  U3_cpu/U1_datapath/U1_sfr/U12_u_tc/tl0_reg_1_/CK (SDFFSRX2)        1.80 r
  library removal time                                   -0.02       1.78
  data required time                                                 1.78
  ------------------------------------------------------------------------------
  data required time                                                 1.78
  data arrival time                                                 -1.54
  ------------------------------------------------------------------------------
  slack (VIOLATED)                                                  -0.24


  Startpoint: test_mode (input port)
  Endpoint: U3_cpu/U1_datapath/U1_sfr/U12_u_tc/tl0_reg_2_
               (removal check against rising-edge clock clk)
  Path Group: **async_default**
  Path Type: min

  Point                                                   Incr       Path
  ------------------------------------------------------------------------------
  clock (input port clock) (rise edge)                    0.00       0.00
  clock network delay (ideal)                             0.00       0.00
  input external delay                                    0.00       0.00 f
  test_mode (in)                                          0.00       0.00 f
  PI_test_mode/C (PDIDGZ)                                 0.30       0.30 f
  test_point_535/U6/Y (MX2X1)                             0.56       0.86 f
  U3_cpu/U1_datapath/U1_sfr/U12_u_tc/U434/Y (INVX2)       0.68       1.54 r
  U3_cpu/U1_datapath/U1_sfr/U12_u_tc/tl0_reg_2_/RN (SDFFSRX2)
                                                          0.00       1.54 r
  data arrival time                                                  1.54

  clock clk (rise edge)                                   0.00       0.00
  clock network delay (ideal)                             1.50       1.50
  clock uncertainty                                       0.30       1.80
  U3_cpu/U1_datapath/U1_sfr/U12_u_tc/tl0_reg_2_/CK (SDFFSRX2)        1.80 r
  library removal time                                   -0.02       1.78
  data required time                                                 1.78
  ------------------------------------------------------------------------------
  data required time                                                 1.78
  data arrival time                                                 -1.54
  ------------------------------------------------------------------------------
  slack (VIOLATED)                                                  -0.24


  Startpoint: test_mode (input port)
  Endpoint: U3_cpu/U1_datapath/U1_sfr/U12_u_tc/tl0_reg_3_
               (removal check against rising-edge clock clk)
  Path Group: **async_default**
  Path Type: min

  Point                                                   Incr       Path
  ------------------------------------------------------------------------------
  clock (input port clock) (rise edge)                    0.00       0.00
  clock network delay (ideal)                             0.00       0.00
  input external delay                                    0.00       0.00 f
  test_mode (in)                                          0.00       0.00 f
  PI_test_mode/C (PDIDGZ)                                 0.30       0.30 f
  test_point_535/U6/Y (MX2X1)                             0.56       0.86 f
  U3_cpu/U1_datapath/U1_sfr/U12_u_tc/U434/Y (INVX2)       0.68       1.54 r
  U3_cpu/U1_datapath/U1_sfr/U12_u_tc/tl0_reg_3_/RN (SDFFSRX2)
                                                          0.00       1.54 r
  data arrival time                                                  1.54

  clock clk (rise edge)                                   0.00       0.00
  clock network delay (ideal)                             1.50       1.50
  clock uncertainty                                       0.30       1.80
  U3_cpu/U1_datapath/U1_sfr/U12_u_tc/tl0_reg_3_/CK (SDFFSRX2)        1.80 r
  library removal time                                   -0.02       1.78
  data required time                                                 1.78
  ------------------------------------------------------------------------------
  data required time                                                 1.78
  data arrival time                                                 -1.54
  ------------------------------------------------------------------------------
  slack (VIOLATED)                                                  -0.24


  Startpoint: test_mode (input port)
  Endpoint: U3_cpu/U1_datapath/U1_sfr/U12_u_tc/tl0_reg_4_
               (removal check against rising-edge clock clk)
  Path Group: **async_default**
  Path Type: min

  Point                                                   Incr       Path
  ------------------------------------------------------------------------------
  clock (input port clock) (rise edge)                    0.00       0.00
  clock network delay (ideal)                             0.00       0.00
  input external delay                                    0.00       0.00 f
  test_mode (in)                                          0.00       0.00 f
  PI_test_mode/C (PDIDGZ)                                 0.30       0.30 f
  test_point_535/U6/Y (MX2X1)                             0.56       0.86 f
  U3_cpu/U1_datapath/U1_sfr/U12_u_tc/U434/Y (INVX2)       0.68       1.54 r
  U3_cpu/U1_datapath/U1_sfr/U12_u_tc/tl0_reg_4_/RN (SDFFSRX2)
                                                          0.00       1.54 r
  data arrival time                                                  1.54

  clock clk (rise edge)                                   0.00       0.00
  clock network delay (ideal)                             1.50       1.50
  clock uncertainty                                       0.30       1.80
  U3_cpu/U1_datapath/U1_sfr/U12_u_tc/tl0_reg_4_/CK (SDFFSRX2)        1.80 r
  library removal time                                   -0.02       1.78
  data required time                                                 1.78
  ------------------------------------------------------------------------------
  data required time                                                 1.78
  data arrival time                                                 -1.54
  ------------------------------------------------------------------------------
  slack (VIOLATED)                                                  -0.24


  Startpoint: test_mode (input port)
  Endpoint: U3_cpu/U1_datapath/U1_sfr/U12_u_tc/tl0_reg_5_
               (removal check against rising-edge clock clk)
  Path Group: **async_default**
  Path Type: min

  Point                                                   Incr       Path
  ------------------------------------------------------------------------------
  clock (input port clock) (rise edge)                    0.00       0.00
  clock network delay (ideal)                             0.00       0.00
  input external delay                                    0.00       0.00 f
  test_mode (in)                                          0.00       0.00 f
  PI_test_mode/C (PDIDGZ)                                 0.30       0.30 f
  test_point_535/U6/Y (MX2X1)                             0.56       0.86 f
  U3_cpu/U1_datapath/U1_sfr/U12_u_tc/U434/Y (INVX2)       0.68       1.54 r
  U3_cpu/U1_datapath/U1_sfr/U12_u_tc/tl0_reg_5_/RN (SDFFSRX2)
                                                          0.00       1.54 r
  data arrival time                                                  1.54

  clock clk (rise edge)                                   0.00       0.00
  clock network delay (ideal)                             1.50       1.50
  clock uncertainty                                       0.30       1.80
  U3_cpu/U1_datapath/U1_sfr/U12_u_tc/tl0_reg_5_/CK (SDFFSRX2)        1.80 r
  library removal time                                   -0.02       1.78
  data required time                                                 1.78
  ------------------------------------------------------------------------------
  data required time                                                 1.78
  data arrival time                                                 -1.54
  ------------------------------------------------------------------------------
  slack (VIOLATED)                                                  -0.24


  Startpoint: test_mode (input port)
  Endpoint: U3_cpu/U1_datapath/U1_sfr/U12_u_tc/tl0_reg_6_
               (removal check against rising-edge clock clk)
  Path Group: **async_default**
  Path Type: min

  Point                                                   Incr       Path
  ------------------------------------------------------------------------------
  clock (input port clock) (rise edge)                    0.00       0.00
  clock network delay (ideal)                             0.00       0.00
  input external delay                                    0.00       0.00 f
  test_mode (in)                                          0.00       0.00 f
  PI_test_mode/C (PDIDGZ)                                 0.30       0.30 f
  test_point_535/U6/Y (MX2X1)                             0.56       0.86 f
  U3_cpu/U1_datapath/U1_sfr/U12_u_tc/U434/Y (INVX2)       0.68       1.54 r
  U3_cpu/U1_datapath/U1_sfr/U12_u_tc/tl0_reg_6_/RN (SDFFSRX2)
                                                          0.00       1.54 r
  data arrival time                                                  1.54

  clock clk (rise edge)                                   0.00       0.00
  clock network delay (ideal)                             1.50       1.50
  clock uncertainty                                       0.30       1.80
  U3_cpu/U1_datapath/U1_sfr/U12_u_tc/tl0_reg_6_/CK (SDFFSRX2)        1.80 r
  library removal time                                   -0.02       1.78
  data required time                                                 1.78
  ------------------------------------------------------------------------------
  data required time                                                 1.78
  data arrival time                                                 -1.54
  ------------------------------------------------------------------------------
  slack (VIOLATED)                                                  -0.24


  Startpoint: test_mode (input port)
  Endpoint: U3_cpu/U1_datapath/U1_sfr/U12_u_tc/tl0_reg_7_
               (removal check against rising-edge clock clk)
  Path Group: **async_default**
  Path Type: min

  Point                                                   Incr       Path
  ------------------------------------------------------------------------------
  clock (input port clock) (rise edge)                    0.00       0.00
  clock network delay (ideal)                             0.00       0.00
  input external delay                                    0.00       0.00 f
  test_mode (in)                                          0.00       0.00 f
  PI_test_mode/C (PDIDGZ)                                 0.30       0.30 f
  test_point_535/U6/Y (MX2X1)                             0.56       0.86 f
  U3_cpu/U1_datapath/U1_sfr/U12_u_tc/U434/Y (INVX2)       0.68       1.54 r
  U3_cpu/U1_datapath/U1_sfr/U12_u_tc/tl0_reg_7_/RN (SDFFSRX2)
                                                          0.00       1.54 r
  data arrival time                                                  1.54

  clock clk (rise edge)                                   0.00       0.00
  clock network delay (ideal)                             1.50       1.50
  clock uncertainty                                       0.30       1.80
  U3_cpu/U1_datapath/U1_sfr/U12_u_tc/tl0_reg_7_/CK (SDFFSRX2)        1.80 r
  library removal time                                   -0.02       1.78
  data required time                                                 1.78
  ------------------------------------------------------------------------------
  data required time                                                 1.78
  data arrival time                                                 -1.54
  ------------------------------------------------------------------------------
  slack (VIOLATED)                                                  -0.24


  Startpoint: test_mode (input port)
  Endpoint: U3_cpu/U1_datapath/U1_sfr/U12_u_tc/tl1_reg_0_
               (removal check against rising-edge clock clk)
  Path Group: **async_default**
  Path Type: min

  Point                                                   Incr       Path
  ------------------------------------------------------------------------------
  clock (input port clock) (rise edge)                    0.00       0.00
  clock network delay (ideal)                             0.00       0.00
  input external delay                                    0.00       0.00 f
  test_mode (in)                                          0.00       0.00 f
  PI_test_mode/C (PDIDGZ)                                 0.30       0.30 f
  test_point_535/U6/Y (MX2X1)                             0.56       0.86 f
  U3_cpu/U1_datapath/U1_sfr/U12_u_tc/U434/Y (INVX2)       0.68       1.54 r
  U3_cpu/U1_datapath/U1_sfr/U12_u_tc/tl1_reg_0_/RN (SDFFSRX2)
                                                          0.00       1.54 r
  data arrival time                                                  1.54

  clock clk (rise edge)                                   0.00       0.00
  clock network delay (ideal)                             1.50       1.50
  clock uncertainty                                       0.30       1.80
  U3_cpu/U1_datapath/U1_sfr/U12_u_tc/tl1_reg_0_/CK (SDFFSRX2)        1.80 r
  library removal time                                   -0.02       1.78
  data required time                                                 1.78
  ------------------------------------------------------------------------------
  data required time                                                 1.78
  data arrival time                                                 -1.54
  ------------------------------------------------------------------------------
  slack (VIOLATED)                                                  -0.24


  Startpoint: test_mode (input port)
  Endpoint: U3_cpu/U1_datapath/U1_sfr/U12_u_tc/tl1_reg_1_
               (removal check against rising-edge clock clk)
  Path Group: **async_default**
  Path Type: min

  Point                                                   Incr       Path
  ------------------------------------------------------------------------------
  clock (input port clock) (rise edge)                    0.00       0.00
  clock network delay (ideal)                             0.00       0.00
  input external delay                                    0.00       0.00 f
  test_mode (in)                                          0.00       0.00 f
  PI_test_mode/C (PDIDGZ)                                 0.30       0.30 f
  test_point_535/U6/Y (MX2X1)                             0.56       0.86 f
  U3_cpu/U1_datapath/U1_sfr/U12_u_tc/U434/Y (INVX2)       0.68       1.54 r
  U3_cpu/U1_datapath/U1_sfr/U12_u_tc/tl1_reg_1_/RN (SDFFSRX2)
                                                          0.00       1.54 r
  data arrival time                                                  1.54

  clock clk (rise edge)                                   0.00       0.00
  clock network delay (ideal)                             1.50       1.50
  clock uncertainty                                       0.30       1.80
  U3_cpu/U1_datapath/U1_sfr/U12_u_tc/tl1_reg_1_/CK (SDFFSRX2)        1.80 r
  library removal time                                   -0.02       1.78
  data required time                                                 1.78
  ------------------------------------------------------------------------------
  data required time                                                 1.78
  data arrival time                                                 -1.54
  ------------------------------------------------------------------------------
  slack (VIOLATED)                                                  -0.24


  Startpoint: test_mode (input port)
  Endpoint: U3_cpu/U1_datapath/U1_sfr/U12_u_tc/tl1_reg_2_
               (removal check against rising-edge clock clk)
  Path Group: **async_default**
  Path Type: min

  Point                                                   Incr       Path
  ------------------------------------------------------------------------------
  clock (input port clock) (rise edge)                    0.00       0.00
  clock network delay (ideal)                             0.00       0.00
  input external delay                                    0.00       0.00 f
  test_mode (in)                                          0.00       0.00 f
  PI_test_mode/C (PDIDGZ)                                 0.30       0.30 f
  test_point_535/U6/Y (MX2X1)                             0.56       0.86 f
  U3_cpu/U1_datapath/U1_sfr/U12_u_tc/U434/Y (INVX2)       0.68       1.54 r
  U3_cpu/U1_datapath/U1_sfr/U12_u_tc/tl1_reg_2_/RN (SDFFSRX2)
                                                          0.00       1.54 r
  data arrival time                                                  1.54

  clock clk (rise edge)                                   0.00       0.00
  clock network delay (ideal)                             1.50       1.50
  clock uncertainty                                       0.30       1.80
  U3_cpu/U1_datapath/U1_sfr/U12_u_tc/tl1_reg_2_/CK (SDFFSRX2)        1.80 r
  library removal time                                   -0.02       1.78
  data required time                                                 1.78
  ------------------------------------------------------------------------------
  data required time                                                 1.78
  data arrival time                                                 -1.54
  ------------------------------------------------------------------------------
  slack (VIOLATED)                                                  -0.24


  Startpoint: test_mode (input port)
  Endpoint: U3_cpu/U1_datapath/U1_sfr/U12_u_tc/tl1_reg_3_
               (removal check against rising-edge clock clk)
  Path Group: **async_default**
  Path Type: min

  Point                                                   Incr       Path
  ------------------------------------------------------------------------------
  clock (input port clock) (rise edge)                    0.00       0.00
  clock network delay (ideal)                             0.00       0.00
  input external delay                                    0.00       0.00 f
  test_mode (in)                                          0.00       0.00 f
  PI_test_mode/C (PDIDGZ)                                 0.30       0.30 f
  test_point_535/U6/Y (MX2X1)                             0.56       0.86 f
  U3_cpu/U1_datapath/U1_sfr/U12_u_tc/U434/Y (INVX2)       0.68       1.54 r
  U3_cpu/U1_datapath/U1_sfr/U12_u_tc/tl1_reg_3_/RN (SDFFSRX2)
                                                          0.00       1.54 r
  data arrival time                                                  1.54

  clock clk (rise edge)                                   0.00       0.00
  clock network delay (ideal)                             1.50       1.50
  clock uncertainty                                       0.30       1.80
  U3_cpu/U1_datapath/U1_sfr/U12_u_tc/tl1_reg_3_/CK (SDFFSRX2)        1.80 r
  library removal time                                   -0.02       1.78
  data required time                                                 1.78
  ------------------------------------------------------------------------------
  data required time                                                 1.78
  data arrival time                                                 -1.54
  ------------------------------------------------------------------------------
  slack (VIOLATED)                                                  -0.24


  Startpoint: test_mode (input port)
  Endpoint: U3_cpu/U1_datapath/U1_sfr/U12_u_tc/tl1_reg_4_
               (removal check against rising-edge clock clk)
  Path Group: **async_default**
  Path Type: min

  Point                                                   Incr       Path
  ------------------------------------------------------------------------------
  clock (input port clock) (rise edge)                    0.00       0.00
  clock network delay (ideal)                             0.00       0.00
  input external delay                                    0.00       0.00 f
  test_mode (in)                                          0.00       0.00 f
  PI_test_mode/C (PDIDGZ)                                 0.30       0.30 f
  test_point_535/U6/Y (MX2X1)                             0.56       0.86 f
  U3_cpu/U1_datapath/U1_sfr/U12_u_tc/U434/Y (INVX2)       0.68       1.54 r
  U3_cpu/U1_datapath/U1_sfr/U12_u_tc/tl1_reg_4_/RN (SDFFSRX2)
                                                          0.00       1.54 r
  data arrival time                                                  1.54

  clock clk (rise edge)                                   0.00       0.00
  clock network delay (ideal)                             1.50       1.50
  clock uncertainty                                       0.30       1.80
  U3_cpu/U1_datapath/U1_sfr/U12_u_tc/tl1_reg_4_/CK (SDFFSRX2)        1.80 r
  library removal time                                   -0.02       1.78
  data required time                                                 1.78
  ------------------------------------------------------------------------------
  data required time                                                 1.78
  data arrival time                                                 -1.54
  ------------------------------------------------------------------------------
  slack (VIOLATED)                                                  -0.24


  Startpoint: test_mode (input port)
  Endpoint: U3_cpu/U1_datapath/U1_sfr/U12_u_tc/tl1_reg_5_
               (removal check against rising-edge clock clk)
  Path Group: **async_default**
  Path Type: min

  Point                                                   Incr       Path
  ------------------------------------------------------------------------------
  clock (input port clock) (rise edge)                    0.00       0.00
  clock network delay (ideal)                             0.00       0.00
  input external delay                                    0.00       0.00 f
  test_mode (in)                                          0.00       0.00 f
  PI_test_mode/C (PDIDGZ)                                 0.30       0.30 f
  test_point_535/U6/Y (MX2X1)                             0.56       0.86 f
  U3_cpu/U1_datapath/U1_sfr/U12_u_tc/U434/Y (INVX2)       0.68       1.54 r
  U3_cpu/U1_datapath/U1_sfr/U12_u_tc/tl1_reg_5_/RN (SDFFSRX2)
                                                          0.00       1.54 r
  data arrival time                                                  1.54

  clock clk (rise edge)                                   0.00       0.00
  clock network delay (ideal)                             1.50       1.50
  clock uncertainty                                       0.30       1.80
  U3_cpu/U1_datapath/U1_sfr/U12_u_tc/tl1_reg_5_/CK (SDFFSRX2)        1.80 r
  library removal time                                   -0.02       1.78
  data required time                                                 1.78
  ------------------------------------------------------------------------------
  data required time                                                 1.78
  data arrival time                                                 -1.54
  ------------------------------------------------------------------------------
  slack (VIOLATED)                                                  -0.24


  Startpoint: test_mode (input port)
  Endpoint: U3_cpu/U1_datapath/U1_sfr/U12_u_tc/tl1_reg_6_
               (removal check against rising-edge clock clk)
  Path Group: **async_default**
  Path Type: min

  Point                                                   Incr       Path
  ------------------------------------------------------------------------------
  clock (input port clock) (rise edge)                    0.00       0.00
  clock network delay (ideal)                             0.00       0.00
  input external delay                                    0.00       0.00 f
  test_mode (in)                                          0.00       0.00 f
  PI_test_mode/C (PDIDGZ)                                 0.30       0.30 f
  test_point_535/U6/Y (MX2X1)                             0.56       0.86 f
  U3_cpu/U1_datapath/U1_sfr/U12_u_tc/U434/Y (INVX2)       0.68       1.54 r
  U3_cpu/U1_datapath/U1_sfr/U12_u_tc/tl1_reg_6_/RN (SDFFSRX2)
                                                          0.00       1.54 r
  data arrival time                                                  1.54

  clock clk (rise edge)                                   0.00       0.00
  clock network delay (ideal)                             1.50       1.50
  clock uncertainty                                       0.30       1.80
  U3_cpu/U1_datapath/U1_sfr/U12_u_tc/tl1_reg_6_/CK (SDFFSRX2)        1.80 r
  library removal time                                   -0.02       1.78
  data required time                                                 1.78
  ------------------------------------------------------------------------------
  data required time                                                 1.78
  data arrival time                                                 -1.54
  ------------------------------------------------------------------------------
  slack (VIOLATED)                                                  -0.24


  Startpoint: test_mode (input port)
  Endpoint: U3_cpu/U1_datapath/U1_sfr/U12_u_tc/tl1_reg_7_
               (removal check against rising-edge clock clk)
  Path Group: **async_default**
  Path Type: min

  Point                                                   Incr       Path
  ------------------------------------------------------------------------------
  clock (input port clock) (rise edge)                    0.00       0.00
  clock network delay (ideal)                             0.00       0.00
  input external delay                                    0.00       0.00 f
  test_mode (in)                                          0.00       0.00 f
  PI_test_mode/C (PDIDGZ)                                 0.30       0.30 f
  test_point_535/U6/Y (MX2X1)                             0.56       0.86 f
  U3_cpu/U1_datapath/U1_sfr/U12_u_tc/U434/Y (INVX2)       0.68       1.54 r
  U3_cpu/U1_datapath/U1_sfr/U12_u_tc/tl1_reg_7_/RN (SDFFSRX2)
                                                          0.00       1.54 r
  data arrival time                                                  1.54

  clock clk (rise edge)                                   0.00       0.00
  clock network delay (ideal)                             1.50       1.50
  clock uncertainty                                       0.30       1.80
  U3_cpu/U1_datapath/U1_sfr/U12_u_tc/tl1_reg_7_/CK (SDFFSRX2)        1.80 r
  library removal time                                   -0.02       1.78
  data required time                                                 1.78
  ------------------------------------------------------------------------------
  data required time                                                 1.78
  data arrival time                                                 -1.54
  ------------------------------------------------------------------------------
  slack (VIOLATED)                                                  -0.24


  Startpoint: test_mode (input port)
  Endpoint: U3_cpu/U1_datapath/U3_alu/U9_DW_mult_pipe/clk_r_REG0_S1
               (removal check against rising-edge clock clk)
  Path Group: **async_default**
  Path Type: min

  Point                                                   Incr       Path
  ------------------------------------------------------------------------------
  clock (input port clock) (rise edge)                    0.00       0.00
  clock network delay (ideal)                             0.00       0.00
  input external delay                                    0.00       0.00 f
  test_mode (in)                                          0.00       0.00 f
  PI_test_mode/C (PDIDGZ)                                 0.30       0.30 f
  U3_cpu/U1_datapath/U3_alu/U9_DW_mult_pipe/test_point_534/U6/Y (MX2X1)
                                                          0.87       1.17 f
  U3_cpu/U1_datapath/U3_alu/U9_DW_mult_pipe/clk_r_REG0_S1_syn27/Y (INVX1)
                                                          0.28       1.46 r
  U3_cpu/U1_datapath/U3_alu/U9_DW_mult_pipe/U388/Y (INVX1)
                                                          0.03       1.49 f
  U3_cpu/U1_datapath/U3_alu/U9_DW_mult_pipe/U386/Y (INVX1)
                                                          0.06       1.54 r
  U3_cpu/U1_datapath/U3_alu/U9_DW_mult_pipe/clk_r_REG0_S1/RN (SDFFRX1)
                                                          0.00       1.54 r
  data arrival time                                                  1.54

  clock clk (rise edge)                                   0.00       0.00
  clock network delay (ideal)                             1.50       1.50
  clock uncertainty                                       0.30       1.80
  U3_cpu/U1_datapath/U3_alu/U9_DW_mult_pipe/clk_r_REG0_S1/CK (SDFFRX1)
                                                                     1.80 r
  library removal time                                   -0.01       1.79
  data required time                                                 1.79
  ------------------------------------------------------------------------------
  data required time                                                 1.79
  data arrival time                                                 -1.54
  ------------------------------------------------------------------------------
  slack (VIOLATED)                                                  -0.24


  Startpoint: test_mode (input port)
  Endpoint: U3_cpu/U1_datapath/U3_alu/U9_DW_mult_pipe/clk_r_REG1_S2
               (removal check against rising-edge clock clk)
  Path Group: **async_default**
  Path Type: min

  Point                                                   Incr       Path
  ------------------------------------------------------------------------------
  clock (input port clock) (rise edge)                    0.00       0.00
  clock network delay (ideal)                             0.00       0.00
  input external delay                                    0.00       0.00 f
  test_mode (in)                                          0.00       0.00 f
  PI_test_mode/C (PDIDGZ)                                 0.30       0.30 f
  U3_cpu/U1_datapath/U3_alu/U9_DW_mult_pipe/test_point_534/U6/Y (MX2X1)
                                                          0.87       1.17 f
  U3_cpu/U1_datapath/U3_alu/U9_DW_mult_pipe/clk_r_REG1_S2_syn27/Y (INVX1)
                                                          0.28       1.46 r
  U3_cpu/U1_datapath/U3_alu/U9_DW_mult_pipe/U501/Y (INVX1)
                                                          0.03       1.49 f
  U3_cpu/U1_datapath/U3_alu/U9_DW_mult_pipe/U500/Y (INVX1)
                                                          0.06       1.54 r
  U3_cpu/U1_datapath/U3_alu/U9_DW_mult_pipe/clk_r_REG1_S2/RN (SDFFRX1)
                                                          0.00       1.54 r
  data arrival time                                                  1.54

  clock clk (rise edge)                                   0.00       0.00
  clock network delay (ideal)                             1.50       1.50
  clock uncertainty                                       0.30       1.80
  U3_cpu/U1_datapath/U3_alu/U9_DW_mult_pipe/clk_r_REG1_S2/CK (SDFFRX1)
                                                                     1.80 r
  library removal time                                   -0.01       1.79
  data required time                                                 1.79
  ------------------------------------------------------------------------------
  data required time                                                 1.79
  data arrival time                                                 -1.54
  ------------------------------------------------------------------------------
  slack (VIOLATED)                                                  -0.24


  Startpoint: test_mode (input port)
  Endpoint: U3_cpu/U1_datapath/U3_alu/U9_DW_mult_pipe/clk_r_REG2_S3
               (removal check against rising-edge clock clk)
  Path Group: **async_default**
  Path Type: min

  Point                                                   Incr       Path
  ------------------------------------------------------------------------------
  clock (input port clock) (rise edge)                    0.00       0.00
  clock network delay (ideal)                             0.00       0.00
  input external delay                                    0.00       0.00 f
  test_mode (in)                                          0.00       0.00 f
  PI_test_mode/C (PDIDGZ)                                 0.30       0.30 f
  U3_cpu/U1_datapath/U3_alu/U9_DW_mult_pipe/test_point_534/U6/Y (MX2X1)
                                                          0.87       1.17 f
  U3_cpu/U1_datapath/U3_alu/U9_DW_mult_pipe/clk_r_REG2_S3_syn27/Y (INVX1)
                                                          0.28       1.46 r
  U3_cpu/U1_datapath/U3_alu/U9_DW_mult_pipe/U499/Y (INVX1)
                                                          0.03       1.49 f
  U3_cpu/U1_datapath/U3_alu/U9_DW_mult_pipe/U498/Y (INVX1)
                                                          0.06       1.54 r
  U3_cpu/U1_datapath/U3_alu/U9_DW_mult_pipe/clk_r_REG2_S3/RN (SDFFRX1)
                                                          0.00       1.54 r
  data arrival time                                                  1.54

  clock clk (rise edge)                                   0.00       0.00
  clock network delay (ideal)                             1.50       1.50
  clock uncertainty                                       0.30       1.80
  U3_cpu/U1_datapath/U3_alu/U9_DW_mult_pipe/clk_r_REG2_S3/CK (SDFFRX1)
                                                                     1.80 r
  library removal time                                   -0.01       1.79
  data required time                                                 1.79
  ------------------------------------------------------------------------------
  data required time                                                 1.79
  data arrival time                                                 -1.54
  ------------------------------------------------------------------------------
  slack (VIOLATED)                                                  -0.24


  Startpoint: test_mode (input port)
  Endpoint: U3_cpu/U1_datapath/U3_alu/U9_DW_mult_pipe/clk_r_REG3_S4
               (removal check against rising-edge clock clk)
  Path Group: **async_default**
  Path Type: min

  Point                                                   Incr       Path
  ------------------------------------------------------------------------------
  clock (input port clock) (rise edge)                    0.00       0.00
  clock network delay (ideal)                             0.00       0.00
  input external delay                                    0.00       0.00 f
  test_mode (in)                                          0.00       0.00 f
  PI_test_mode/C (PDIDGZ)                                 0.30       0.30 f
  U3_cpu/U1_datapath/U3_alu/U9_DW_mult_pipe/test_point_534/U6/Y (MX2X1)
                                                          0.87       1.17 f
  U3_cpu/U1_datapath/U3_alu/U9_DW_mult_pipe/clk_r_REG3_S4_syn27/Y (INVX1)
                                                          0.28       1.46 r
  U3_cpu/U1_datapath/U3_alu/U9_DW_mult_pipe/U497/Y (INVX1)
                                                          0.03       1.49 f
  U3_cpu/U1_datapath/U3_alu/U9_DW_mult_pipe/U496/Y (INVX1)
                                                          0.06       1.54 r
  U3_cpu/U1_datapath/U3_alu/U9_DW_mult_pipe/clk_r_REG3_S4/RN (SDFFRX1)
                                                          0.00       1.54 r
  data arrival time                                                  1.54

  clock clk (rise edge)                                   0.00       0.00
  clock network delay (ideal)                             1.50       1.50
  clock uncertainty                                       0.30       1.80
  U3_cpu/U1_datapath/U3_alu/U9_DW_mult_pipe/clk_r_REG3_S4/CK (SDFFRX1)
                                                                     1.80 r
  library removal time                                   -0.01       1.79
  data required time                                                 1.79
  ------------------------------------------------------------------------------
  data required time                                                 1.79
  data arrival time                                                 -1.54
  ------------------------------------------------------------------------------
  slack (VIOLATED)                                                  -0.24


  Startpoint: test_mode (input port)
  Endpoint: U3_cpu/U1_datapath/U3_alu/U9_DW_mult_pipe/clk_r_REG4_S2
               (removal check against rising-edge clock clk)
  Path Group: **async_default**
  Path Type: min

  Point                                                   Incr       Path
  ------------------------------------------------------------------------------
  clock (input port clock) (rise edge)                    0.00       0.00
  clock network delay (ideal)                             0.00       0.00
  input external delay                                    0.00       0.00 f
  test_mode (in)                                          0.00       0.00 f
  PI_test_mode/C (PDIDGZ)                                 0.30       0.30 f
  U3_cpu/U1_datapath/U3_alu/U9_DW_mult_pipe/test_point_534/U6/Y (MX2X1)
                                                          0.87       1.17 f
  U3_cpu/U1_datapath/U3_alu/U9_DW_mult_pipe/clk_r_REG4_S2_syn27/Y (INVX1)
                                                          0.28       1.46 r
  U3_cpu/U1_datapath/U3_alu/U9_DW_mult_pipe/U453/Y (INVX1)
                                                          0.03       1.49 f
  U3_cpu/U1_datapath/U3_alu/U9_DW_mult_pipe/U452/Y (INVX1)
                                                          0.06       1.54 r
  U3_cpu/U1_datapath/U3_alu/U9_DW_mult_pipe/clk_r_REG4_S2/RN (SDFFRX1)
                                                          0.00       1.54 r
  data arrival time                                                  1.54

  clock clk (rise edge)                                   0.00       0.00
  clock network delay (ideal)                             1.50       1.50
  clock uncertainty                                       0.30       1.80
  U3_cpu/U1_datapath/U3_alu/U9_DW_mult_pipe/clk_r_REG4_S2/CK (SDFFRX1)
                                                                     1.80 r
  library removal time                                   -0.01       1.79
  data required time                                                 1.79
  ------------------------------------------------------------------------------
  data required time                                                 1.79
  data arrival time                                                 -1.54
  ------------------------------------------------------------------------------
  slack (VIOLATED)                                                  -0.24


  Startpoint: test_mode (input port)
  Endpoint: U3_cpu/U1_datapath/U3_alu/U9_DW_mult_pipe/clk_r_REG5_S3
               (removal check against rising-edge clock clk)
  Path Group: **async_default**
  Path Type: min

  Point                                                   Incr       Path
  ------------------------------------------------------------------------------
  clock (input port clock) (rise edge)                    0.00       0.00
  clock network delay (ideal)                             0.00       0.00
  input external delay                                    0.00       0.00 f
  test_mode (in)                                          0.00       0.00 f
  PI_test_mode/C (PDIDGZ)                                 0.30       0.30 f
  U3_cpu/U1_datapath/U3_alu/U9_DW_mult_pipe/test_point_534/U6/Y (MX2X1)
                                                          0.87       1.17 f
  U3_cpu/U1_datapath/U3_alu/U9_DW_mult_pipe/clk_r_REG5_S3_syn27/Y (INVX1)
                                                          0.28       1.46 r
  U3_cpu/U1_datapath/U3_alu/U9_DW_mult_pipe/U451/Y (INVX1)
                                                          0.03       1.49 f
  U3_cpu/U1_datapath/U3_alu/U9_DW_mult_pipe/U450/Y (INVX1)
                                                          0.06       1.54 r
  U3_cpu/U1_datapath/U3_alu/U9_DW_mult_pipe/clk_r_REG5_S3/RN (SDFFRX1)
                                                          0.00       1.54 r
  data arrival time                                                  1.54

  clock clk (rise edge)                                   0.00       0.00
  clock network delay (ideal)                             1.50       1.50
  clock uncertainty                                       0.30       1.80
  U3_cpu/U1_datapath/U3_alu/U9_DW_mult_pipe/clk_r_REG5_S3/CK (SDFFRX1)
                                                                     1.80 r
  library removal time                                   -0.01       1.79
  data required time                                                 1.79
  ------------------------------------------------------------------------------
  data required time                                                 1.79
  data arrival time                                                 -1.54
  ------------------------------------------------------------------------------
  slack (VIOLATED)                                                  -0.24


  Startpoint: test_mode (input port)
  Endpoint: U3_cpu/U1_datapath/U3_alu/U9_DW_mult_pipe/clk_r_REG6_S4
               (removal check against rising-edge clock clk)
  Path Group: **async_default**
  Path Type: min

  Point                                                   Incr       Path
  ------------------------------------------------------------------------------
  clock (input port clock) (rise edge)                    0.00       0.00
  clock network delay (ideal)                             0.00       0.00
  input external delay                                    0.00       0.00 f
  test_mode (in)                                          0.00       0.00 f
  PI_test_mode/C (PDIDGZ)                                 0.30       0.30 f
  U3_cpu/U1_datapath/U3_alu/U9_DW_mult_pipe/test_point_534/U6/Y (MX2X1)
                                                          0.87       1.17 f
  U3_cpu/U1_datapath/U3_alu/U9_DW_mult_pipe/clk_r_REG6_S4_syn27/Y (INVX1)
                                                          0.28       1.46 r
  U3_cpu/U1_datapath/U3_alu/U9_DW_mult_pipe/U449/Y (INVX1)
                                                          0.03       1.49 f
  U3_cpu/U1_datapath/U3_alu/U9_DW_mult_pipe/U448/Y (INVX1)
                                                          0.06       1.54 r
  U3_cpu/U1_datapath/U3_alu/U9_DW_mult_pipe/clk_r_REG6_S4/RN (SDFFRX1)
                                                          0.00       1.54 r
  data arrival time                                                  1.54

  clock clk (rise edge)                                   0.00       0.00
  clock network delay (ideal)                             1.50       1.50
  clock uncertainty                                       0.30       1.80
  U3_cpu/U1_datapath/U3_alu/U9_DW_mult_pipe/clk_r_REG6_S4/CK (SDFFRX1)
                                                                     1.80 r
  library removal time                                   -0.01       1.79
  data required time                                                 1.79
  ------------------------------------------------------------------------------
  data required time                                                 1.79
  data arrival time                                                 -1.54
  ------------------------------------------------------------------------------
  slack (VIOLATED)                                                  -0.24


  Startpoint: test_mode (input port)
  Endpoint: U3_cpu/U1_datapath/U3_alu/U9_DW_mult_pipe/clk_r_REG7_S2
               (removal check against rising-edge clock clk)
  Path Group: **async_default**
  Path Type: min

  Point                                                   Incr       Path
  ------------------------------------------------------------------------------
  clock (input port clock) (rise edge)                    0.00       0.00
  clock network delay (ideal)                             0.00       0.00
  input external delay                                    0.00       0.00 f
  test_mode (in)                                          0.00       0.00 f
  PI_test_mode/C (PDIDGZ)                                 0.30       0.30 f
  U3_cpu/U1_datapath/U3_alu/U9_DW_mult_pipe/test_point_534/U6/Y (MX2X1)
                                                          0.87       1.17 f
  U3_cpu/U1_datapath/U3_alu/U9_DW_mult_pipe/clk_r_REG7_S2_syn27/Y (INVX1)
                                                          0.28       1.46 r
  U3_cpu/U1_datapath/U3_alu/U9_DW_mult_pipe/U459/Y (INVX1)
                                                          0.03       1.49 f
  U3_cpu/U1_datapath/U3_alu/U9_DW_mult_pipe/U458/Y (INVX1)
                                                          0.06       1.54 r
  U3_cpu/U1_datapath/U3_alu/U9_DW_mult_pipe/clk_r_REG7_S2/RN (SDFFRX1)
                                                          0.00       1.54 r
  data arrival time                                                  1.54

  clock clk (rise edge)                                   0.00       0.00
  clock network delay (ideal)                             1.50       1.50
  clock uncertainty                                       0.30       1.80
  U3_cpu/U1_datapath/U3_alu/U9_DW_mult_pipe/clk_r_REG7_S2/CK (SDFFRX1)
                                                                     1.80 r
  library removal time                                   -0.01       1.79
  data required time                                                 1.79
  ------------------------------------------------------------------------------
  data required time                                                 1.79
  data arrival time                                                 -1.54
  ------------------------------------------------------------------------------
  slack (VIOLATED)                                                  -0.24


  Startpoint: test_mode (input port)
  Endpoint: U3_cpu/U1_datapath/U3_alu/U9_DW_mult_pipe/clk_r_REG8_S3
               (removal check against rising-edge clock clk)
  Path Group: **async_default**
  Path Type: min

  Point                                                   Incr       Path
  ------------------------------------------------------------------------------
  clock (input port clock) (rise edge)                    0.00       0.00
  clock network delay (ideal)                             0.00       0.00
  input external delay                                    0.00       0.00 f
  test_mode (in)                                          0.00       0.00 f
  PI_test_mode/C (PDIDGZ)                                 0.30       0.30 f
  U3_cpu/U1_datapath/U3_alu/U9_DW_mult_pipe/test_point_534/U6/Y (MX2X1)
                                                          0.87       1.17 f
  U3_cpu/U1_datapath/U3_alu/U9_DW_mult_pipe/clk_r_REG8_S3_syn27/Y (INVX1)
                                                          0.28       1.46 r
  U3_cpu/U1_datapath/U3_alu/U9_DW_mult_pipe/U457/Y (INVX1)
                                                          0.03       1.49 f
  U3_cpu/U1_datapath/U3_alu/U9_DW_mult_pipe/U456/Y (INVX1)
                                                          0.06       1.54 r
  U3_cpu/U1_datapath/U3_alu/U9_DW_mult_pipe/clk_r_REG8_S3/RN (SDFFRX1)
                                                          0.00       1.54 r
  data arrival time                                                  1.54

  clock clk (rise edge)                                   0.00       0.00
  clock network delay (ideal)                             1.50       1.50
  clock uncertainty                                       0.30       1.80
  U3_cpu/U1_datapath/U3_alu/U9_DW_mult_pipe/clk_r_REG8_S3/CK (SDFFRX1)
                                                                     1.80 r
  library removal time                                   -0.01       1.79
  data required time                                                 1.79
  ------------------------------------------------------------------------------
  data required time                                                 1.79
  data arrival time                                                 -1.54
  ------------------------------------------------------------------------------
  slack (VIOLATED)                                                  -0.24


  Startpoint: test_mode (input port)
  Endpoint: U3_cpu/U1_datapath/U3_alu/U9_DW_mult_pipe/clk_r_REG9_S4
               (removal check against rising-edge clock clk)
  Path Group: **async_default**
  Path Type: min

  Point                                                   Incr       Path
  ------------------------------------------------------------------------------
  clock (input port clock) (rise edge)                    0.00       0.00
  clock network delay (ideal)                             0.00       0.00
  input external delay                                    0.00       0.00 f
  test_mode (in)                                          0.00       0.00 f
  PI_test_mode/C (PDIDGZ)                                 0.30       0.30 f
  U3_cpu/U1_datapath/U3_alu/U9_DW_mult_pipe/test_point_534/U6/Y (MX2X1)
                                                          0.87       1.17 f
  U3_cpu/U1_datapath/U3_alu/U9_DW_mult_pipe/clk_r_REG9_S4_syn27/Y (INVX1)
                                                          0.28       1.46 r
  U3_cpu/U1_datapath/U3_alu/U9_DW_mult_pipe/U455/Y (INVX1)
                                                          0.03       1.49 f
  U3_cpu/U1_datapath/U3_alu/U9_DW_mult_pipe/U454/Y (INVX1)
                                                          0.06       1.54 r
  U3_cpu/U1_datapath/U3_alu/U9_DW_mult_pipe/clk_r_REG9_S4/RN (SDFFRX1)
                                                          0.00       1.54 r
  data arrival time                                                  1.54

  clock clk (rise edge)                                   0.00       0.00
  clock network delay (ideal)                             1.50       1.50
  clock uncertainty                                       0.30       1.80
  U3_cpu/U1_datapath/U3_alu/U9_DW_mult_pipe/clk_r_REG9_S4/CK (SDFFRX1)
                                                                     1.80 r
  library removal time                                   -0.01       1.79
  data required time                                                 1.79
  ------------------------------------------------------------------------------
  data required time                                                 1.79
  data arrival time                                                 -1.54
  ------------------------------------------------------------------------------
  slack (VIOLATED)                                                  -0.24


  Startpoint: test_mode (input port)
  Endpoint: U3_cpu/U1_datapath/U3_alu/U9_DW_mult_pipe/clk_r_REG10_S2
               (removal check against rising-edge clock clk)
  Path Group: **async_default**
  Path Type: min

  Point                                                   Incr       Path
  ------------------------------------------------------------------------------
  clock (input port clock) (rise edge)                    0.00       0.00
  clock network delay (ideal)                             0.00       0.00
  input external delay                                    0.00       0.00 f
  test_mode (in)                                          0.00       0.00 f
  PI_test_mode/C (PDIDGZ)                                 0.30       0.30 f
  U3_cpu/U1_datapath/U3_alu/U9_DW_mult_pipe/test_point_534/U6/Y (MX2X1)
                                                          0.87       1.17 f
  U3_cpu/U1_datapath/U3_alu/U9_DW_mult_pipe/clk_r_REG10_S2_syn27/Y (INVX1)
                                                          0.28       1.46 r
  U3_cpu/U1_datapath/U3_alu/U9_DW_mult_pipe/U465/Y (INVX1)
                                                          0.03       1.49 f
  U3_cpu/U1_datapath/U3_alu/U9_DW_mult_pipe/U464/Y (INVX1)
                                                          0.06       1.54 r
  U3_cpu/U1_datapath/U3_alu/U9_DW_mult_pipe/clk_r_REG10_S2/RN (SDFFRX1)
                                                          0.00       1.54 r
  data arrival time                                                  1.54

  clock clk (rise edge)                                   0.00       0.00
  clock network delay (ideal)                             1.50       1.50
  clock uncertainty                                       0.30       1.80
  U3_cpu/U1_datapath/U3_alu/U9_DW_mult_pipe/clk_r_REG10_S2/CK (SDFFRX1)
                                                                     1.80 r
  library removal time                                   -0.01       1.79
  data required time                                                 1.79
  ------------------------------------------------------------------------------
  data required time                                                 1.79
  data arrival time                                                 -1.54
  ------------------------------------------------------------------------------
  slack (VIOLATED)                                                  -0.24


  Startpoint: test_mode (input port)
  Endpoint: U3_cpu/U1_datapath/U3_alu/U9_DW_mult_pipe/clk_r_REG11_S3
               (removal check against rising-edge clock clk)
  Path Group: **async_default**
  Path Type: min

  Point                                                   Incr       Path
  ------------------------------------------------------------------------------
  clock (input port clock) (rise edge)                    0.00       0.00
  clock network delay (ideal)                             0.00       0.00
  input external delay                                    0.00       0.00 f
  test_mode (in)                                          0.00       0.00 f
  PI_test_mode/C (PDIDGZ)                                 0.30       0.30 f
  U3_cpu/U1_datapath/U3_alu/U9_DW_mult_pipe/test_point_534/U6/Y (MX2X1)
                                                          0.87       1.17 f
  U3_cpu/U1_datapath/U3_alu/U9_DW_mult_pipe/clk_r_REG11_S3_syn27/Y (INVX1)
                                                          0.28       1.46 r
  U3_cpu/U1_datapath/U3_alu/U9_DW_mult_pipe/U463/Y (INVX1)
                                                          0.03       1.49 f
  U3_cpu/U1_datapath/U3_alu/U9_DW_mult_pipe/U462/Y (INVX1)
                                                          0.06       1.54 r
  U3_cpu/U1_datapath/U3_alu/U9_DW_mult_pipe/clk_r_REG11_S3/RN (SDFFRX1)
                                                          0.00       1.54 r
  data arrival time                                                  1.54

  clock clk (rise edge)                                   0.00       0.00
  clock network delay (ideal)                             1.50       1.50
  clock uncertainty                                       0.30       1.80
  U3_cpu/U1_datapath/U3_alu/U9_DW_mult_pipe/clk_r_REG11_S3/CK (SDFFRX1)
                                                                     1.80 r
  library removal time                                   -0.01       1.79
  data required time                                                 1.79
  ------------------------------------------------------------------------------
  data required time                                                 1.79
  data arrival time                                                 -1.54
  ------------------------------------------------------------------------------
  slack (VIOLATED)                                                  -0.24


  Startpoint: test_mode (input port)
  Endpoint: U3_cpu/U1_datapath/U3_alu/U9_DW_mult_pipe/clk_r_REG12_S4
               (removal check against rising-edge clock clk)
  Path Group: **async_default**
  Path Type: min

  Point                                                   Incr       Path
  ------------------------------------------------------------------------------
  clock (input port clock) (rise edge)                    0.00       0.00
  clock network delay (ideal)                             0.00       0.00
  input external delay                                    0.00       0.00 f
  test_mode (in)                                          0.00       0.00 f
  PI_test_mode/C (PDIDGZ)                                 0.30       0.30 f
  U3_cpu/U1_datapath/U3_alu/U9_DW_mult_pipe/test_point_534/U6/Y (MX2X1)
                                                          0.87       1.17 f
  U3_cpu/U1_datapath/U3_alu/U9_DW_mult_pipe/clk_r_REG12_S4_syn27/Y (INVX1)
                                                          0.28       1.46 r
  U3_cpu/U1_datapath/U3_alu/U9_DW_mult_pipe/U461/Y (INVX1)
                                                          0.03       1.49 f
  U3_cpu/U1_datapath/U3_alu/U9_DW_mult_pipe/U460/Y (INVX1)
                                                          0.06       1.54 r
  U3_cpu/U1_datapath/U3_alu/U9_DW_mult_pipe/clk_r_REG12_S4/RN (SDFFRX1)
                                                          0.00       1.54 r
  data arrival time                                                  1.54

  clock clk (rise edge)                                   0.00       0.00
  clock network delay (ideal)                             1.50       1.50
  clock uncertainty                                       0.30       1.80
  U3_cpu/U1_datapath/U3_alu/U9_DW_mult_pipe/clk_r_REG12_S4/CK (SDFFRX1)
                                                                     1.80 r
  library removal time                                   -0.01       1.79
  data required time                                                 1.79
  ------------------------------------------------------------------------------
  data required time                                                 1.79
  data arrival time                                                 -1.54
  ------------------------------------------------------------------------------
  slack (VIOLATED)                                                  -0.24


  Startpoint: test_mode (input port)
  Endpoint: U3_cpu/U1_datapath/U3_alu/U9_DW_mult_pipe/clk_r_REG13_S2
               (removal check against rising-edge clock clk)
  Path Group: **async_default**
  Path Type: min

  Point                                                   Incr       Path
  ------------------------------------------------------------------------------
  clock (input port clock) (rise edge)                    0.00       0.00
  clock network delay (ideal)                             0.00       0.00
  input external delay                                    0.00       0.00 f
  test_mode (in)                                          0.00       0.00 f
  PI_test_mode/C (PDIDGZ)                                 0.30       0.30 f
  U3_cpu/U1_datapath/U3_alu/U9_DW_mult_pipe/test_point_534/U6/Y (MX2X1)
                                                          0.87       1.17 f
  U3_cpu/U1_datapath/U3_alu/U9_DW_mult_pipe/clk_r_REG13_S2_syn27/Y (INVX1)
                                                          0.28       1.46 r
  U3_cpu/U1_datapath/U3_alu/U9_DW_mult_pipe/U471/Y (INVX1)
                                                          0.03       1.49 f
  U3_cpu/U1_datapath/U3_alu/U9_DW_mult_pipe/U470/Y (INVX1)
                                                          0.06       1.54 r
  U3_cpu/U1_datapath/U3_alu/U9_DW_mult_pipe/clk_r_REG13_S2/RN (SDFFRX1)
                                                          0.00       1.54 r
  data arrival time                                                  1.54

  clock clk (rise edge)                                   0.00       0.00
  clock network delay (ideal)                             1.50       1.50
  clock uncertainty                                       0.30       1.80
  U3_cpu/U1_datapath/U3_alu/U9_DW_mult_pipe/clk_r_REG13_S2/CK (SDFFRX1)
                                                                     1.80 r
  library removal time                                   -0.01       1.79
  data required time                                                 1.79
  ------------------------------------------------------------------------------
  data required time                                                 1.79
  data arrival time                                                 -1.54
  ------------------------------------------------------------------------------
  slack (VIOLATED)                                                  -0.24


  Startpoint: test_mode (input port)
  Endpoint: U3_cpu/U1_datapath/U3_alu/U9_DW_mult_pipe/clk_r_REG14_S3
               (removal check against rising-edge clock clk)
  Path Group: **async_default**
  Path Type: min

  Point                                                   Incr       Path
  ------------------------------------------------------------------------------
  clock (input port clock) (rise edge)                    0.00       0.00
  clock network delay (ideal)                             0.00       0.00
  input external delay                                    0.00       0.00 f
  test_mode (in)                                          0.00       0.00 f
  PI_test_mode/C (PDIDGZ)                                 0.30       0.30 f
  U3_cpu/U1_datapath/U3_alu/U9_DW_mult_pipe/test_point_534/U6/Y (MX2X1)
                                                          0.87       1.17 f
  U3_cpu/U1_datapath/U3_alu/U9_DW_mult_pipe/clk_r_REG14_S3_syn27/Y (INVX1)
                                                          0.28       1.46 r
  U3_cpu/U1_datapath/U3_alu/U9_DW_mult_pipe/U469/Y (INVX1)
                                                          0.03       1.49 f
  U3_cpu/U1_datapath/U3_alu/U9_DW_mult_pipe/U468/Y (INVX1)
                                                          0.06       1.54 r
  U3_cpu/U1_datapath/U3_alu/U9_DW_mult_pipe/clk_r_REG14_S3/RN (SDFFRX1)
                                                          0.00       1.54 r
  data arrival time                                                  1.54

  clock clk (rise edge)                                   0.00       0.00
  clock network delay (ideal)                             1.50       1.50
  clock uncertainty                                       0.30       1.80
  U3_cpu/U1_datapath/U3_alu/U9_DW_mult_pipe/clk_r_REG14_S3/CK (SDFFRX1)
                                                                     1.80 r
  library removal time                                   -0.01       1.79
  data required time                                                 1.79
  ------------------------------------------------------------------------------
  data required time                                                 1.79
  data arrival time                                                 -1.54
  ------------------------------------------------------------------------------
  slack (VIOLATED)                                                  -0.24


  Startpoint: test_mode (input port)
  Endpoint: U3_cpu/U1_datapath/U3_alu/U9_DW_mult_pipe/clk_r_REG15_S4
               (removal check against rising-edge clock clk)
  Path Group: **async_default**
  Path Type: min

  Point                                                   Incr       Path
  ------------------------------------------------------------------------------
  clock (input port clock) (rise edge)                    0.00       0.00
  clock network delay (ideal)                             0.00       0.00
  input external delay                                    0.00       0.00 f
  test_mode (in)                                          0.00       0.00 f
  PI_test_mode/C (PDIDGZ)                                 0.30       0.30 f
  U3_cpu/U1_datapath/U3_alu/U9_DW_mult_pipe/test_point_534/U6/Y (MX2X1)
                                                          0.87       1.17 f
  U3_cpu/U1_datapath/U3_alu/U9_DW_mult_pipe/clk_r_REG15_S4_syn27/Y (INVX1)
                                                          0.28       1.46 r
  U3_cpu/U1_datapath/U3_alu/U9_DW_mult_pipe/U467/Y (INVX1)
                                                          0.03       1.49 f
  U3_cpu/U1_datapath/U3_alu/U9_DW_mult_pipe/U466/Y (INVX1)
                                                          0.06       1.54 r
  U3_cpu/U1_datapath/U3_alu/U9_DW_mult_pipe/clk_r_REG15_S4/RN (SDFFRX1)
                                                          0.00       1.54 r
  data arrival time                                                  1.54

  clock clk (rise edge)                                   0.00       0.00
  clock network delay (ideal)                             1.50       1.50
  clock uncertainty                                       0.30       1.80
  U3_cpu/U1_datapath/U3_alu/U9_DW_mult_pipe/clk_r_REG15_S4/CK (SDFFRX1)
                                                                     1.80 r
  library removal time                                   -0.01       1.79
  data required time                                                 1.79
  ------------------------------------------------------------------------------
  data required time                                                 1.79
  data arrival time                                                 -1.54
  ------------------------------------------------------------------------------
  slack (VIOLATED)                                                  -0.24


  Startpoint: test_mode (input port)
  Endpoint: U3_cpu/U1_datapath/U3_alu/U9_DW_mult_pipe/clk_r_REG16_S2
               (removal check against rising-edge clock clk)
  Path Group: **async_default**
  Path Type: min

  Point                                                   Incr       Path
  ------------------------------------------------------------------------------
  clock (input port clock) (rise edge)                    0.00       0.00
  clock network delay (ideal)                             0.00       0.00
  input external delay                                    0.00       0.00 f
  test_mode (in)                                          0.00       0.00 f
  PI_test_mode/C (PDIDGZ)                                 0.30       0.30 f
  U3_cpu/U1_datapath/U3_alu/U9_DW_mult_pipe/test_point_534/U6/Y (MX2X1)
                                                          0.87       1.17 f
  U3_cpu/U1_datapath/U3_alu/U9_DW_mult_pipe/clk_r_REG16_S2_syn27/Y (INVX1)
                                                          0.28       1.46 r
  U3_cpu/U1_datapath/U3_alu/U9_DW_mult_pipe/U495/Y (INVX1)
                                                          0.03       1.49 f
  U3_cpu/U1_datapath/U3_alu/U9_DW_mult_pipe/U494/Y (INVX1)
                                                          0.06       1.54 r
  U3_cpu/U1_datapath/U3_alu/U9_DW_mult_pipe/clk_r_REG16_S2/RN (SDFFRX1)
                                                          0.00       1.54 r
  data arrival time                                                  1.54

  clock clk (rise edge)                                   0.00       0.00
  clock network delay (ideal)                             1.50       1.50
  clock uncertainty                                       0.30       1.80
  U3_cpu/U1_datapath/U3_alu/U9_DW_mult_pipe/clk_r_REG16_S2/CK (SDFFRX1)
                                                                     1.80 r
  library removal time                                   -0.01       1.79
  data required time                                                 1.79
  ------------------------------------------------------------------------------
  data required time                                                 1.79
  data arrival time                                                 -1.54
  ------------------------------------------------------------------------------
  slack (VIOLATED)                                                  -0.24


  Startpoint: test_mode (input port)
  Endpoint: U3_cpu/U1_datapath/U3_alu/U9_DW_mult_pipe/clk_r_REG17_S3
               (removal check against rising-edge clock clk)
  Path Group: **async_default**
  Path Type: min

  Point                                                   Incr       Path
  ------------------------------------------------------------------------------
  clock (input port clock) (rise edge)                    0.00       0.00
  clock network delay (ideal)                             0.00       0.00
  input external delay                                    0.00       0.00 f
  test_mode (in)                                          0.00       0.00 f
  PI_test_mode/C (PDIDGZ)                                 0.30       0.30 f
  U3_cpu/U1_datapath/U3_alu/U9_DW_mult_pipe/test_point_534/U6/Y (MX2X1)
                                                          0.87       1.17 f
  U3_cpu/U1_datapath/U3_alu/U9_DW_mult_pipe/clk_r_REG17_S3_syn27/Y (INVX1)
                                                          0.28       1.46 r
  U3_cpu/U1_datapath/U3_alu/U9_DW_mult_pipe/U493/Y (INVX1)
                                                          0.03       1.49 f
  U3_cpu/U1_datapath/U3_alu/U9_DW_mult_pipe/U492/Y (INVX1)
                                                          0.06       1.54 r
  U3_cpu/U1_datapath/U3_alu/U9_DW_mult_pipe/clk_r_REG17_S3/RN (SDFFRX1)
                                                          0.00       1.54 r
  data arrival time                                                  1.54

  clock clk (rise edge)                                   0.00       0.00
  clock network delay (ideal)                             1.50       1.50
  clock uncertainty                                       0.30       1.80
  U3_cpu/U1_datapath/U3_alu/U9_DW_mult_pipe/clk_r_REG17_S3/CK (SDFFRX1)
                                                                     1.80 r
  library removal time                                   -0.01       1.79
  data required time                                                 1.79
  ------------------------------------------------------------------------------
  data required time                                                 1.79
  data arrival time                                                 -1.54
  ------------------------------------------------------------------------------
  slack (VIOLATED)                                                  -0.24


  Startpoint: test_mode (input port)
  Endpoint: U3_cpu/U1_datapath/U3_alu/U9_DW_mult_pipe/clk_r_REG18_S4
               (removal check against rising-edge clock clk)
  Path Group: **async_default**
  Path Type: min

  Point                                                   Incr       Path
  ------------------------------------------------------------------------------
  clock (input port clock) (rise edge)                    0.00       0.00
  clock network delay (ideal)                             0.00       0.00
  input external delay                                    0.00       0.00 f
  test_mode (in)                                          0.00       0.00 f
  PI_test_mode/C (PDIDGZ)                                 0.30       0.30 f
  U3_cpu/U1_datapath/U3_alu/U9_DW_mult_pipe/test_point_534/U6/Y (MX2X1)
                                                          0.87       1.17 f
  U3_cpu/U1_datapath/U3_alu/U9_DW_mult_pipe/clk_r_REG18_S4_syn27/Y (INVX1)
                                                          0.28       1.46 r
  U3_cpu/U1_datapath/U3_alu/U9_DW_mult_pipe/U491/Y (INVX1)
                                                          0.03       1.49 f
  U3_cpu/U1_datapath/U3_alu/U9_DW_mult_pipe/U490/Y (INVX1)
                                                          0.06       1.54 r
  U3_cpu/U1_datapath/U3_alu/U9_DW_mult_pipe/clk_r_REG18_S4/RN (SDFFRX1)
                                                          0.00       1.54 r
  data arrival time                                                  1.54

  clock clk (rise edge)                                   0.00       0.00
  clock network delay (ideal)                             1.50       1.50
  clock uncertainty                                       0.30       1.80
  U3_cpu/U1_datapath/U3_alu/U9_DW_mult_pipe/clk_r_REG18_S4/CK (SDFFRX1)
                                                                     1.80 r
  library removal time                                   -0.01       1.79
  data required time                                                 1.79
  ------------------------------------------------------------------------------
  data required time                                                 1.79
  data arrival time                                                 -1.54
  ------------------------------------------------------------------------------
  slack (VIOLATED)                                                  -0.24


  Startpoint: test_mode (input port)
  Endpoint: U3_cpu/U1_datapath/U3_alu/U9_DW_mult_pipe/clk_r_REG19_S2
               (removal check against rising-edge clock clk)
  Path Group: **async_default**
  Path Type: min

  Point                                                   Incr       Path
  ------------------------------------------------------------------------------
  clock (input port clock) (rise edge)                    0.00       0.00
  clock network delay (ideal)                             0.00       0.00
  input external delay                                    0.00       0.00 f
  test_mode (in)                                          0.00       0.00 f
  PI_test_mode/C (PDIDGZ)                                 0.30       0.30 f
  U3_cpu/U1_datapath/U3_alu/U9_DW_mult_pipe/test_point_534/U6/Y (MX2X1)
                                                          0.87       1.17 f
  U3_cpu/U1_datapath/U3_alu/U9_DW_mult_pipe/clk_r_REG19_S2_syn27/Y (INVX1)
                                                          0.28       1.46 r
  U3_cpu/U1_datapath/U3_alu/U9_DW_mult_pipe/U489/Y (INVX1)
                                                          0.03       1.49 f
  U3_cpu/U1_datapath/U3_alu/U9_DW_mult_pipe/U488/Y (INVX1)
                                                          0.06       1.54 r
  U3_cpu/U1_datapath/U3_alu/U9_DW_mult_pipe/clk_r_REG19_S2/RN (SDFFRX1)
                                                          0.00       1.54 r
  data arrival time                                                  1.54

  clock clk (rise edge)                                   0.00       0.00
  clock network delay (ideal)                             1.50       1.50
  clock uncertainty                                       0.30       1.80
  U3_cpu/U1_datapath/U3_alu/U9_DW_mult_pipe/clk_r_REG19_S2/CK (SDFFRX1)
                                                                     1.80 r
  library removal time                                   -0.01       1.79
  data required time                                                 1.79
  ------------------------------------------------------------------------------
  data required time                                                 1.79
  data arrival time                                                 -1.54
  ------------------------------------------------------------------------------
  slack (VIOLATED)                                                  -0.24


  Startpoint: test_mode (input port)
  Endpoint: U3_cpu/U1_datapath/U3_alu/U9_DW_mult_pipe/clk_r_REG20_S3
               (removal check against rising-edge clock clk)
  Path Group: **async_default**
  Path Type: min

  Point                                                   Incr       Path
  ------------------------------------------------------------------------------
  clock (input port clock) (rise edge)                    0.00       0.00
  clock network delay (ideal)                             0.00       0.00
  input external delay                                    0.00       0.00 f
  test_mode (in)                                          0.00       0.00 f
  PI_test_mode/C (PDIDGZ)                                 0.30       0.30 f
  U3_cpu/U1_datapath/U3_alu/U9_DW_mult_pipe/test_point_534/U6/Y (MX2X1)
                                                          0.87       1.17 f
  U3_cpu/U1_datapath/U3_alu/U9_DW_mult_pipe/clk_r_REG20_S3_syn27/Y (INVX1)
                                                          0.28       1.46 r
  U3_cpu/U1_datapath/U3_alu/U9_DW_mult_pipe/U487/Y (INVX1)
                                                          0.03       1.49 f
  U3_cpu/U1_datapath/U3_alu/U9_DW_mult_pipe/U486/Y (INVX1)
                                                          0.06       1.54 r
  U3_cpu/U1_datapath/U3_alu/U9_DW_mult_pipe/clk_r_REG20_S3/RN (SDFFRX1)
                                                          0.00       1.54 r
  data arrival time                                                  1.54

  clock clk (rise edge)                                   0.00       0.00
  clock network delay (ideal)                             1.50       1.50
  clock uncertainty                                       0.30       1.80
  U3_cpu/U1_datapath/U3_alu/U9_DW_mult_pipe/clk_r_REG20_S3/CK (SDFFRX1)
                                                                     1.80 r
  library removal time                                   -0.01       1.79
  data required time                                                 1.79
  ------------------------------------------------------------------------------
  data required time                                                 1.79
  data arrival time                                                 -1.54
  ------------------------------------------------------------------------------
  slack (VIOLATED)                                                  -0.24


  Startpoint: test_mode (input port)
  Endpoint: U3_cpu/U1_datapath/U3_alu/U9_DW_mult_pipe/clk_r_REG21_S4
               (removal check against rising-edge clock clk)
  Path Group: **async_default**
  Path Type: min

  Point                                                   Incr       Path
  ------------------------------------------------------------------------------
  clock (input port clock) (rise edge)                    0.00       0.00
  clock network delay (ideal)                             0.00       0.00
  input external delay                                    0.00       0.00 f
  test_mode (in)                                          0.00       0.00 f
  PI_test_mode/C (PDIDGZ)                                 0.30       0.30 f
  U3_cpu/U1_datapath/U3_alu/U9_DW_mult_pipe/test_point_534/U6/Y (MX2X1)
                                                          0.87       1.17 f
  U3_cpu/U1_datapath/U3_alu/U9_DW_mult_pipe/clk_r_REG21_S4_syn27/Y (INVX1)
                                                          0.28       1.46 r
  U3_cpu/U1_datapath/U3_alu/U9_DW_mult_pipe/U485/Y (INVX1)
                                                          0.03       1.49 f
  U3_cpu/U1_datapath/U3_alu/U9_DW_mult_pipe/U484/Y (INVX1)
                                                          0.06       1.54 r
  U3_cpu/U1_datapath/U3_alu/U9_DW_mult_pipe/clk_r_REG21_S4/RN (SDFFRX1)
                                                          0.00       1.54 r
  data arrival time                                                  1.54

  clock clk (rise edge)                                   0.00       0.00
  clock network delay (ideal)                             1.50       1.50
  clock uncertainty                                       0.30       1.80
  U3_cpu/U1_datapath/U3_alu/U9_DW_mult_pipe/clk_r_REG21_S4/CK (SDFFRX1)
                                                                     1.80 r
  library removal time                                   -0.01       1.79
  data required time                                                 1.79
  ------------------------------------------------------------------------------
  data required time                                                 1.79
  data arrival time                                                 -1.54
  ------------------------------------------------------------------------------
  slack (VIOLATED)                                                  -0.24


  Startpoint: test_mode (input port)
  Endpoint: U3_cpu/U1_datapath/U3_alu/U9_DW_mult_pipe/clk_r_REG22_S2
               (removal check against rising-edge clock clk)
  Path Group: **async_default**
  Path Type: min

  Point                                                   Incr       Path
  ------------------------------------------------------------------------------
  clock (input port clock) (rise edge)                    0.00       0.00
  clock network delay (ideal)                             0.00       0.00
  input external delay                                    0.00       0.00 f
  test_mode (in)                                          0.00       0.00 f
  PI_test_mode/C (PDIDGZ)                                 0.30       0.30 f
  U3_cpu/U1_datapath/U3_alu/U9_DW_mult_pipe/test_point_534/U6/Y (MX2X1)
                                                          0.87       1.17 f
  U3_cpu/U1_datapath/U3_alu/U9_DW_mult_pipe/clk_r_REG22_S2_syn27/Y (INVX1)
                                                          0.28       1.46 r
  U3_cpu/U1_datapath/U3_alu/U9_DW_mult_pipe/U483/Y (INVX1)
                                                          0.03       1.49 f
  U3_cpu/U1_datapath/U3_alu/U9_DW_mult_pipe/U482/Y (INVX1)
                                                          0.06       1.54 r
  U3_cpu/U1_datapath/U3_alu/U9_DW_mult_pipe/clk_r_REG22_S2/RN (SDFFRX1)
                                                          0.00       1.54 r
  data arrival time                                                  1.54

  clock clk (rise edge)                                   0.00       0.00
  clock network delay (ideal)                             1.50       1.50
  clock uncertainty                                       0.30       1.80
  U3_cpu/U1_datapath/U3_alu/U9_DW_mult_pipe/clk_r_REG22_S2/CK (SDFFRX1)
                                                                     1.80 r
  library removal time                                   -0.01       1.79
  data required time                                                 1.79
  ------------------------------------------------------------------------------
  data required time                                                 1.79
  data arrival time                                                 -1.54
  ------------------------------------------------------------------------------
  slack (VIOLATED)                                                  -0.24


  Startpoint: test_mode (input port)
  Endpoint: U3_cpu/U1_datapath/U3_alu/U9_DW_mult_pipe/clk_r_REG23_S3
               (removal check against rising-edge clock clk)
  Path Group: **async_default**
  Path Type: min

  Point                                                   Incr       Path
  ------------------------------------------------------------------------------
  clock (input port clock) (rise edge)                    0.00       0.00
  clock network delay (ideal)                             0.00       0.00
  input external delay                                    0.00       0.00 f
  test_mode (in)                                          0.00       0.00 f
  PI_test_mode/C (PDIDGZ)                                 0.30       0.30 f
  U3_cpu/U1_datapath/U3_alu/U9_DW_mult_pipe/test_point_534/U6/Y (MX2X1)
                                                          0.87       1.17 f
  U3_cpu/U1_datapath/U3_alu/U9_DW_mult_pipe/clk_r_REG23_S3_syn27/Y (INVX1)
                                                          0.28       1.46 r
  U3_cpu/U1_datapath/U3_alu/U9_DW_mult_pipe/U481/Y (INVX1)
                                                          0.03       1.49 f
  U3_cpu/U1_datapath/U3_alu/U9_DW_mult_pipe/U480/Y (INVX1)
                                                          0.06       1.54 r
  U3_cpu/U1_datapath/U3_alu/U9_DW_mult_pipe/clk_r_REG23_S3/RN (SDFFRX1)
                                                          0.00       1.54 r
  data arrival time                                                  1.54

  clock clk (rise edge)                                   0.00       0.00
  clock network delay (ideal)                             1.50       1.50
  clock uncertainty                                       0.30       1.80
  U3_cpu/U1_datapath/U3_alu/U9_DW_mult_pipe/clk_r_REG23_S3/CK (SDFFRX1)
                                                                     1.80 r
  library removal time                                   -0.01       1.79
  data required time                                                 1.79
  ------------------------------------------------------------------------------
  data required time                                                 1.79
  data arrival time                                                 -1.54
  ------------------------------------------------------------------------------
  slack (VIOLATED)                                                  -0.24


  Startpoint: test_mode (input port)
  Endpoint: U3_cpu/U1_datapath/U3_alu/U9_DW_mult_pipe/clk_r_REG24_S4
               (removal check against rising-edge clock clk)
  Path Group: **async_default**
  Path Type: min

  Point                                                   Incr       Path
  ------------------------------------------------------------------------------
  clock (input port clock) (rise edge)                    0.00       0.00
  clock network delay (ideal)                             0.00       0.00
  input external delay                                    0.00       0.00 f
  test_mode (in)                                          0.00       0.00 f
  PI_test_mode/C (PDIDGZ)                                 0.30       0.30 f
  U3_cpu/U1_datapath/U3_alu/U9_DW_mult_pipe/test_point_534/U6/Y (MX2X1)
                                                          0.87       1.17 f
  U3_cpu/U1_datapath/U3_alu/U9_DW_mult_pipe/clk_r_REG24_S4_syn27/Y (INVX1)
                                                          0.28       1.46 r
  U3_cpu/U1_datapath/U3_alu/U9_DW_mult_pipe/U479/Y (INVX1)
                                                          0.03       1.49 f
  U3_cpu/U1_datapath/U3_alu/U9_DW_mult_pipe/U478/Y (INVX1)
                                                          0.06       1.54 r
  U3_cpu/U1_datapath/U3_alu/U9_DW_mult_pipe/clk_r_REG24_S4/RN (SDFFRX1)
                                                          0.00       1.54 r
  data arrival time                                                  1.54

  clock clk (rise edge)                                   0.00       0.00
  clock network delay (ideal)                             1.50       1.50
  clock uncertainty                                       0.30       1.80
  U3_cpu/U1_datapath/U3_alu/U9_DW_mult_pipe/clk_r_REG24_S4/CK (SDFFRX1)
                                                                     1.80 r
  library removal time                                   -0.01       1.79
  data required time                                                 1.79
  ------------------------------------------------------------------------------
  data required time                                                 1.79
  data arrival time                                                 -1.54
  ------------------------------------------------------------------------------
  slack (VIOLATED)                                                  -0.24


  Startpoint: test_mode (input port)
  Endpoint: U3_cpu/U1_datapath/U3_alu/U9_DW_mult_pipe/clk_r_REG25_S2
               (removal check against rising-edge clock clk)
  Path Group: **async_default**
  Path Type: min

  Point                                                   Incr       Path
  ------------------------------------------------------------------------------
  clock (input port clock) (rise edge)                    0.00       0.00
  clock network delay (ideal)                             0.00       0.00
  input external delay                                    0.00       0.00 f
  test_mode (in)                                          0.00       0.00 f
  PI_test_mode/C (PDIDGZ)                                 0.30       0.30 f
  U3_cpu/U1_datapath/U3_alu/U9_DW_mult_pipe/test_point_534/U6/Y (MX2X1)
                                                          0.87       1.17 f
  U3_cpu/U1_datapath/U3_alu/U9_DW_mult_pipe/clk_r_REG25_S2_syn27/Y (INVX1)
                                                          0.28       1.46 r
  U3_cpu/U1_datapath/U3_alu/U9_DW_mult_pipe/U477/Y (INVX1)
                                                          0.03       1.49 f
  U3_cpu/U1_datapath/U3_alu/U9_DW_mult_pipe/U476/Y (INVX1)
                                                          0.06       1.54 r
  U3_cpu/U1_datapath/U3_alu/U9_DW_mult_pipe/clk_r_REG25_S2/RN (SDFFRX1)
                                                          0.00       1.54 r
  data arrival time                                                  1.54

  clock clk (rise edge)                                   0.00       0.00
  clock network delay (ideal)                             1.50       1.50
  clock uncertainty                                       0.30       1.80
  U3_cpu/U1_datapath/U3_alu/U9_DW_mult_pipe/clk_r_REG25_S2/CK (SDFFRX1)
                                                                     1.80 r
  library removal time                                   -0.01       1.79
  data required time                                                 1.79
  ------------------------------------------------------------------------------
  data required time                                                 1.79
  data arrival time                                                 -1.54
  ------------------------------------------------------------------------------
  slack (VIOLATED)                                                  -0.24


  Startpoint: test_mode (input port)
  Endpoint: U3_cpu/U1_datapath/U3_alu/U9_DW_mult_pipe/clk_r_REG26_S3
               (removal check against rising-edge clock clk)
  Path Group: **async_default**
  Path Type: min

  Point                                                   Incr       Path
  ------------------------------------------------------------------------------
  clock (input port clock) (rise edge)                    0.00       0.00
  clock network delay (ideal)                             0.00       0.00
  input external delay                                    0.00       0.00 f
  test_mode (in)                                          0.00       0.00 f
  PI_test_mode/C (PDIDGZ)                                 0.30       0.30 f
  U3_cpu/U1_datapath/U3_alu/U9_DW_mult_pipe/test_point_534/U6/Y (MX2X1)
                                                          0.87       1.17 f
  U3_cpu/U1_datapath/U3_alu/U9_DW_mult_pipe/clk_r_REG26_S3_syn27/Y (INVX1)
                                                          0.28       1.46 r
  U3_cpu/U1_datapath/U3_alu/U9_DW_mult_pipe/U475/Y (INVX1)
                                                          0.03       1.49 f
  U3_cpu/U1_datapath/U3_alu/U9_DW_mult_pipe/U474/Y (INVX1)
                                                          0.06       1.54 r
  U3_cpu/U1_datapath/U3_alu/U9_DW_mult_pipe/clk_r_REG26_S3/RN (SDFFRX1)
                                                          0.00       1.54 r
  data arrival time                                                  1.54

  clock clk (rise edge)                                   0.00       0.00
  clock network delay (ideal)                             1.50       1.50
  clock uncertainty                                       0.30       1.80
  U3_cpu/U1_datapath/U3_alu/U9_DW_mult_pipe/clk_r_REG26_S3/CK (SDFFRX1)
                                                                     1.80 r
  library removal time                                   -0.01       1.79
  data required time                                                 1.79
  ------------------------------------------------------------------------------
  data required time                                                 1.79
  data arrival time                                                 -1.54
  ------------------------------------------------------------------------------
  slack (VIOLATED)                                                  -0.24


  Startpoint: test_mode (input port)
  Endpoint: U3_cpu/U1_datapath/U3_alu/U9_DW_mult_pipe/clk_r_REG27_S4
               (removal check against rising-edge clock clk)
  Path Group: **async_default**
  Path Type: min

  Point                                                   Incr       Path
  ------------------------------------------------------------------------------
  clock (input port clock) (rise edge)                    0.00       0.00
  clock network delay (ideal)                             0.00       0.00
  input external delay                                    0.00       0.00 f
  test_mode (in)                                          0.00       0.00 f
  PI_test_mode/C (PDIDGZ)                                 0.30       0.30 f
  U3_cpu/U1_datapath/U3_alu/U9_DW_mult_pipe/test_point_534/U6/Y (MX2X1)
                                                          0.87       1.17 f
  U3_cpu/U1_datapath/U3_alu/U9_DW_mult_pipe/clk_r_REG27_S4_syn27/Y (INVX1)
                                                          0.28       1.46 r
  U3_cpu/U1_datapath/U3_alu/U9_DW_mult_pipe/U473/Y (INVX1)
                                                          0.03       1.49 f
  U3_cpu/U1_datapath/U3_alu/U9_DW_mult_pipe/U472/Y (INVX1)
                                                          0.06       1.54 r
  U3_cpu/U1_datapath/U3_alu/U9_DW_mult_pipe/clk_r_REG27_S4/RN (SDFFRX1)
                                                          0.00       1.54 r
  data arrival time                                                  1.54

  clock clk (rise edge)                                   0.00       0.00
  clock network delay (ideal)                             1.50       1.50
  clock uncertainty                                       0.30       1.80
  U3_cpu/U1_datapath/U3_alu/U9_DW_mult_pipe/clk_r_REG27_S4/CK (SDFFRX1)
                                                                     1.80 r
  library removal time                                   -0.01       1.79
  data required time                                                 1.79
  ------------------------------------------------------------------------------
  data required time                                                 1.79
  data arrival time                                                 -1.54
  ------------------------------------------------------------------------------
  slack (VIOLATED)                                                  -0.24


  Startpoint: test_mode (input port)
  Endpoint: U3_cpu/U1_datapath/U3_alu/U9_DW_mult_pipe/clk_r_REG28_S2
               (removal check against rising-edge clock clk)
  Path Group: **async_default**
  Path Type: min

  Point                                                   Incr       Path
  ------------------------------------------------------------------------------
  clock (input port clock) (rise edge)                    0.00       0.00
  clock network delay (ideal)                             0.00       0.00
  input external delay                                    0.00       0.00 f
  test_mode (in)                                          0.00       0.00 f
  PI_test_mode/C (PDIDGZ)                                 0.30       0.30 f
  U3_cpu/U1_datapath/U3_alu/U9_DW_mult_pipe/test_point_534/U6/Y (MX2X1)
                                                          0.87       1.17 f
  U3_cpu/U1_datapath/U3_alu/U9_DW_mult_pipe/clk_r_REG28_S2_syn27/Y (INVX1)
                                                          0.28       1.46 r
  U3_cpu/U1_datapath/U3_alu/U9_DW_mult_pipe/U528/Y (INVX1)
                                                          0.03       1.49 f
  U3_cpu/U1_datapath/U3_alu/U9_DW_mult_pipe/U527/Y (INVX1)
                                                          0.06       1.54 r
  U3_cpu/U1_datapath/U3_alu/U9_DW_mult_pipe/clk_r_REG28_S2/RN (SDFFRX1)
                                                          0.00       1.54 r
  data arrival time                                                  1.54

  clock clk (rise edge)                                   0.00       0.00
  clock network delay (ideal)                             1.50       1.50
  clock uncertainty                                       0.30       1.80
  U3_cpu/U1_datapath/U3_alu/U9_DW_mult_pipe/clk_r_REG28_S2/CK (SDFFRX1)
                                                                     1.80 r
  library removal time                                   -0.01       1.79
  data required time                                                 1.79
  ------------------------------------------------------------------------------
  data required time                                                 1.79
  data arrival time                                                 -1.54
  ------------------------------------------------------------------------------
  slack (VIOLATED)                                                  -0.24


  Startpoint: test_mode (input port)
  Endpoint: U3_cpu/U1_datapath/U3_alu/U9_DW_mult_pipe/clk_r_REG29_S3
               (removal check against rising-edge clock clk)
  Path Group: **async_default**
  Path Type: min

  Point                                                   Incr       Path
  ------------------------------------------------------------------------------
  clock (input port clock) (rise edge)                    0.00       0.00
  clock network delay (ideal)                             0.00       0.00
  input external delay                                    0.00       0.00 f
  test_mode (in)                                          0.00       0.00 f
  PI_test_mode/C (PDIDGZ)                                 0.30       0.30 f
  U3_cpu/U1_datapath/U3_alu/U9_DW_mult_pipe/test_point_534/U6/Y (MX2X1)
                                                          0.87       1.17 f
  U3_cpu/U1_datapath/U3_alu/U9_DW_mult_pipe/clk_r_REG29_S3_syn27/Y (INVX1)
                                                          0.28       1.46 r
  U3_cpu/U1_datapath/U3_alu/U9_DW_mult_pipe/U526/Y (INVX1)
                                                          0.03       1.49 f
  U3_cpu/U1_datapath/U3_alu/U9_DW_mult_pipe/U525/Y (INVX1)
                                                          0.06       1.54 r
  U3_cpu/U1_datapath/U3_alu/U9_DW_mult_pipe/clk_r_REG29_S3/RN (SDFFRX1)
                                                          0.00       1.54 r
  data arrival time                                                  1.54

  clock clk (rise edge)                                   0.00       0.00
  clock network delay (ideal)                             1.50       1.50
  clock uncertainty                                       0.30       1.80
  U3_cpu/U1_datapath/U3_alu/U9_DW_mult_pipe/clk_r_REG29_S3/CK (SDFFRX1)
                                                                     1.80 r
  library removal time                                   -0.01       1.79
  data required time                                                 1.79
  ------------------------------------------------------------------------------
  data required time                                                 1.79
  data arrival time                                                 -1.54
  ------------------------------------------------------------------------------
  slack (VIOLATED)                                                  -0.24


  Startpoint: test_mode (input port)
  Endpoint: U3_cpu/U1_datapath/U3_alu/U9_DW_mult_pipe/clk_r_REG30_S4
               (removal check against rising-edge clock clk)
  Path Group: **async_default**
  Path Type: min

  Point                                                   Incr       Path
  ------------------------------------------------------------------------------
  clock (input port clock) (rise edge)                    0.00       0.00
  clock network delay (ideal)                             0.00       0.00
  input external delay                                    0.00       0.00 f
  test_mode (in)                                          0.00       0.00 f
  PI_test_mode/C (PDIDGZ)                                 0.30       0.30 f
  U3_cpu/U1_datapath/U3_alu/U9_DW_mult_pipe/test_point_534/U6/Y (MX2X1)
                                                          0.87       1.17 f
  U3_cpu/U1_datapath/U3_alu/U9_DW_mult_pipe/clk_r_REG30_S4_syn27/Y (INVX1)
                                                          0.28       1.46 r
  U3_cpu/U1_datapath/U3_alu/U9_DW_mult_pipe/U524/Y (INVX1)
                                                          0.03       1.49 f
  U3_cpu/U1_datapath/U3_alu/U9_DW_mult_pipe/U523/Y (INVX1)
                                                          0.06       1.54 r
  U3_cpu/U1_datapath/U3_alu/U9_DW_mult_pipe/clk_r_REG30_S4/RN (SDFFRX1)
                                                          0.00       1.54 r
  data arrival time                                                  1.54

  clock clk (rise edge)                                   0.00       0.00
  clock network delay (ideal)                             1.50       1.50
  clock uncertainty                                       0.30       1.80
  U3_cpu/U1_datapath/U3_alu/U9_DW_mult_pipe/clk_r_REG30_S4/CK (SDFFRX1)
                                                                     1.80 r
  library removal time                                   -0.01       1.79
  data required time                                                 1.79
  ------------------------------------------------------------------------------
  data required time                                                 1.79
  data arrival time                                                 -1.54
  ------------------------------------------------------------------------------
  slack (VIOLATED)                                                  -0.24


  Startpoint: test_mode (input port)
  Endpoint: U3_cpu/U1_datapath/U3_alu/U9_DW_mult_pipe/clk_r_REG31_S2
               (removal check against rising-edge clock clk)
  Path Group: **async_default**
  Path Type: min

  Point                                                   Incr       Path
  ------------------------------------------------------------------------------
  clock (input port clock) (rise edge)                    0.00       0.00
  clock network delay (ideal)                             0.00       0.00
  input external delay                                    0.00       0.00 f
  test_mode (in)                                          0.00       0.00 f
  PI_test_mode/C (PDIDGZ)                                 0.30       0.30 f
  U3_cpu/U1_datapath/U3_alu/U9_DW_mult_pipe/test_point_534/U6/Y (MX2X1)
                                                          0.87       1.17 f
  U3_cpu/U1_datapath/U3_alu/U9_DW_mult_pipe/clk_r_REG31_S2_syn27/Y (INVX1)
                                                          0.28       1.46 r
  U3_cpu/U1_datapath/U3_alu/U9_DW_mult_pipe/U522/Y (INVX1)
                                                          0.03       1.49 f
  U3_cpu/U1_datapath/U3_alu/U9_DW_mult_pipe/U521/Y (INVX1)
                                                          0.06       1.54 r
  U3_cpu/U1_datapath/U3_alu/U9_DW_mult_pipe/clk_r_REG31_S2/RN (SDFFRX1)
                                                          0.00       1.54 r
  data arrival time                                                  1.54

  clock clk (rise edge)                                   0.00       0.00
  clock network delay (ideal)                             1.50       1.50
  clock uncertainty                                       0.30       1.80
  U3_cpu/U1_datapath/U3_alu/U9_DW_mult_pipe/clk_r_REG31_S2/CK (SDFFRX1)
                                                                     1.80 r
  library removal time                                   -0.01       1.79
  data required time                                                 1.79
  ------------------------------------------------------------------------------
  data required time                                                 1.79
  data arrival time                                                 -1.54
  ------------------------------------------------------------------------------
  slack (VIOLATED)                                                  -0.24


  Startpoint: test_mode (input port)
  Endpoint: U3_cpu/U1_datapath/U3_alu/U9_DW_mult_pipe/clk_r_REG32_S3
               (removal check against rising-edge clock clk)
  Path Group: **async_default**
  Path Type: min

  Point                                                   Incr       Path
  ------------------------------------------------------------------------------
  clock (input port clock) (rise edge)                    0.00       0.00
  clock network delay (ideal)                             0.00       0.00
  input external delay                                    0.00       0.00 f
  test_mode (in)                                          0.00       0.00 f
  PI_test_mode/C (PDIDGZ)                                 0.30       0.30 f
  U3_cpu/U1_datapath/U3_alu/U9_DW_mult_pipe/test_point_534/U6/Y (MX2X1)
                                                          0.87       1.17 f
  U3_cpu/U1_datapath/U3_alu/U9_DW_mult_pipe/clk_r_REG32_S3_syn27/Y (INVX1)
                                                          0.28       1.46 r
  U3_cpu/U1_datapath/U3_alu/U9_DW_mult_pipe/U520/Y (INVX1)
                                                          0.03       1.49 f
  U3_cpu/U1_datapath/U3_alu/U9_DW_mult_pipe/U519/Y (INVX1)
                                                          0.06       1.54 r
  U3_cpu/U1_datapath/U3_alu/U9_DW_mult_pipe/clk_r_REG32_S3/RN (SDFFRX1)
                                                          0.00       1.54 r
  data arrival time                                                  1.54

  clock clk (rise edge)                                   0.00       0.00
  clock network delay (ideal)                             1.50       1.50
  clock uncertainty                                       0.30       1.80
  U3_cpu/U1_datapath/U3_alu/U9_DW_mult_pipe/clk_r_REG32_S3/CK (SDFFRX1)
                                                                     1.80 r
  library removal time                                   -0.01       1.79
  data required time                                                 1.79
  ------------------------------------------------------------------------------
  data required time                                                 1.79
  data arrival time                                                 -1.54
  ------------------------------------------------------------------------------
  slack (VIOLATED)                                                  -0.24


  Startpoint: test_mode (input port)
  Endpoint: U3_cpu/U1_datapath/U3_alu/U9_DW_mult_pipe/clk_r_REG33_S4
               (removal check against rising-edge clock clk)
  Path Group: **async_default**
  Path Type: min

  Point                                                   Incr       Path
  ------------------------------------------------------------------------------
  clock (input port clock) (rise edge)                    0.00       0.00
  clock network delay (ideal)                             0.00       0.00
  input external delay                                    0.00       0.00 f
  test_mode (in)                                          0.00       0.00 f
  PI_test_mode/C (PDIDGZ)                                 0.30       0.30 f
  U3_cpu/U1_datapath/U3_alu/U9_DW_mult_pipe/test_point_534/U6/Y (MX2X1)
                                                          0.87       1.17 f
  U3_cpu/U1_datapath/U3_alu/U9_DW_mult_pipe/clk_r_REG33_S4_syn27/Y (INVX1)
                                                          0.28       1.46 r
  U3_cpu/U1_datapath/U3_alu/U9_DW_mult_pipe/U518/Y (INVX1)
                                                          0.03       1.49 f
  U3_cpu/U1_datapath/U3_alu/U9_DW_mult_pipe/U517/Y (INVX1)
                                                          0.06       1.54 r
  U3_cpu/U1_datapath/U3_alu/U9_DW_mult_pipe/clk_r_REG33_S4/RN (SDFFRX1)
                                                          0.00       1.54 r
  data arrival time                                                  1.54

  clock clk (rise edge)                                   0.00       0.00
  clock network delay (ideal)                             1.50       1.50
  clock uncertainty                                       0.30       1.80
  U3_cpu/U1_datapath/U3_alu/U9_DW_mult_pipe/clk_r_REG33_S4/CK (SDFFRX1)
                                                                     1.80 r
  library removal time                                   -0.01       1.79
  data required time                                                 1.79
  ------------------------------------------------------------------------------
  data required time                                                 1.79
  data arrival time                                                 -1.54
  ------------------------------------------------------------------------------
  slack (VIOLATED)                                                  -0.24


  Startpoint: test_mode (input port)
  Endpoint: U3_cpu/U1_datapath/U3_alu/U9_DW_mult_pipe/clk_r_REG34_S2
               (removal check against rising-edge clock clk)
  Path Group: **async_default**
  Path Type: min

  Point                                                   Incr       Path
  ------------------------------------------------------------------------------
  clock (input port clock) (rise edge)                    0.00       0.00
  clock network delay (ideal)                             0.00       0.00
  input external delay                                    0.00       0.00 f
  test_mode (in)                                          0.00       0.00 f
  PI_test_mode/C (PDIDGZ)                                 0.30       0.30 f
  U3_cpu/U1_datapath/U3_alu/U9_DW_mult_pipe/test_point_534/U6/Y (MX2X1)
                                                          0.87       1.17 f
  U3_cpu/U1_datapath/U3_alu/U9_DW_mult_pipe/clk_r_REG34_S2_syn27/Y (INVX1)
                                                          0.28       1.46 r
  U3_cpu/U1_datapath/U3_alu/U9_DW_mult_pipe/U440/Y (INVX1)
                                                          0.03       1.49 f
  U3_cpu/U1_datapath/U3_alu/U9_DW_mult_pipe/U438/Y (INVX1)
                                                          0.06       1.54 r
  U3_cpu/U1_datapath/U3_alu/U9_DW_mult_pipe/clk_r_REG34_S2/RN (SDFFRX1)
                                                          0.00       1.54 r
  data arrival time                                                  1.54

  clock clk (rise edge)                                   0.00       0.00
  clock network delay (ideal)                             1.50       1.50
  clock uncertainty                                       0.30       1.80
  U3_cpu/U1_datapath/U3_alu/U9_DW_mult_pipe/clk_r_REG34_S2/CK (SDFFRX1)
                                                                     1.80 r
  library removal time                                   -0.01       1.79
  data required time                                                 1.79
  ------------------------------------------------------------------------------
  data required time                                                 1.79
  data arrival time                                                 -1.54
  ------------------------------------------------------------------------------
  slack (VIOLATED)                                                  -0.24


  Startpoint: test_mode (input port)
  Endpoint: U3_cpu/U1_datapath/U3_alu/U9_DW_mult_pipe/clk_r_REG35_S3
               (removal check against rising-edge clock clk)
  Path Group: **async_default**
  Path Type: min

  Point                                                   Incr       Path
  ------------------------------------------------------------------------------
  clock (input port clock) (rise edge)                    0.00       0.00
  clock network delay (ideal)                             0.00       0.00
  input external delay                                    0.00       0.00 f
  test_mode (in)                                          0.00       0.00 f
  PI_test_mode/C (PDIDGZ)                                 0.30       0.30 f
  U3_cpu/U1_datapath/U3_alu/U9_DW_mult_pipe/test_point_534/U6/Y (MX2X1)
                                                          0.87       1.17 f
  U3_cpu/U1_datapath/U3_alu/U9_DW_mult_pipe/clk_r_REG35_S3_syn27/Y (INVX1)
                                                          0.28       1.46 r
  U3_cpu/U1_datapath/U3_alu/U9_DW_mult_pipe/U437/Y (INVX1)
                                                          0.03       1.49 f
  U3_cpu/U1_datapath/U3_alu/U9_DW_mult_pipe/U436/Y (INVX1)
                                                          0.06       1.54 r
  U3_cpu/U1_datapath/U3_alu/U9_DW_mult_pipe/clk_r_REG35_S3/RN (SDFFRX1)
                                                          0.00       1.54 r
  data arrival time                                                  1.54

  clock clk (rise edge)                                   0.00       0.00
  clock network delay (ideal)                             1.50       1.50
  clock uncertainty                                       0.30       1.80
  U3_cpu/U1_datapath/U3_alu/U9_DW_mult_pipe/clk_r_REG35_S3/CK (SDFFRX1)
                                                                     1.80 r
  library removal time                                   -0.01       1.79
  data required time                                                 1.79
  ------------------------------------------------------------------------------
  data required time                                                 1.79
  data arrival time                                                 -1.54
  ------------------------------------------------------------------------------
  slack (VIOLATED)                                                  -0.24


  Startpoint: test_mode (input port)
  Endpoint: U3_cpu/U1_datapath/U3_alu/U9_DW_mult_pipe/clk_r_REG36_S4
               (removal check against rising-edge clock clk)
  Path Group: **async_default**
  Path Type: min

  Point                                                   Incr       Path
  ------------------------------------------------------------------------------
  clock (input port clock) (rise edge)                    0.00       0.00
  clock network delay (ideal)                             0.00       0.00
  input external delay                                    0.00       0.00 f
  test_mode (in)                                          0.00       0.00 f
  PI_test_mode/C (PDIDGZ)                                 0.30       0.30 f
  U3_cpu/U1_datapath/U3_alu/U9_DW_mult_pipe/test_point_534/U6/Y (MX2X1)
                                                          0.87       1.17 f
  U3_cpu/U1_datapath/U3_alu/U9_DW_mult_pipe/clk_r_REG36_S4_syn27/Y (INVX1)
                                                          0.28       1.46 r
  U3_cpu/U1_datapath/U3_alu/U9_DW_mult_pipe/U435/Y (INVX1)
                                                          0.03       1.49 f
  U3_cpu/U1_datapath/U3_alu/U9_DW_mult_pipe/U434/Y (INVX1)
                                                          0.06       1.54 r
  U3_cpu/U1_datapath/U3_alu/U9_DW_mult_pipe/clk_r_REG36_S4/RN (SDFFRX1)
                                                          0.00       1.54 r
  data arrival time                                                  1.54

  clock clk (rise edge)                                   0.00       0.00
  clock network delay (ideal)                             1.50       1.50
  clock uncertainty                                       0.30       1.80
  U3_cpu/U1_datapath/U3_alu/U9_DW_mult_pipe/clk_r_REG36_S4/CK (SDFFRX1)
                                                                     1.80 r
  library removal time                                   -0.01       1.79
  data required time                                                 1.79
  ------------------------------------------------------------------------------
  data required time                                                 1.79
  data arrival time                                                 -1.54
  ------------------------------------------------------------------------------
  slack (VIOLATED)                                                  -0.24


  Startpoint: test_mode (input port)
  Endpoint: U3_cpu/U1_datapath/U3_alu/U9_DW_mult_pipe/clk_r_REG37_S2
               (removal check against rising-edge clock clk)
  Path Group: **async_default**
  Path Type: min

  Point                                                   Incr       Path
  ------------------------------------------------------------------------------
  clock (input port clock) (rise edge)                    0.00       0.00
  clock network delay (ideal)                             0.00       0.00
  input external delay                                    0.00       0.00 f
  test_mode (in)                                          0.00       0.00 f
  PI_test_mode/C (PDIDGZ)                                 0.30       0.30 f
  U3_cpu/U1_datapath/U3_alu/U9_DW_mult_pipe/test_point_534/U6/Y (MX2X1)
                                                          0.87       1.17 f
  U3_cpu/U1_datapath/U3_alu/U9_DW_mult_pipe/clk_r_REG37_S2_syn27/Y (INVX1)
                                                          0.28       1.46 r
  U3_cpu/U1_datapath/U3_alu/U9_DW_mult_pipe/U516/Y (INVX1)
                                                          0.03       1.49 f
  U3_cpu/U1_datapath/U3_alu/U9_DW_mult_pipe/U515/Y (INVX1)
                                                          0.06       1.54 r
  U3_cpu/U1_datapath/U3_alu/U9_DW_mult_pipe/clk_r_REG37_S2/RN (SDFFRX1)
                                                          0.00       1.54 r
  data arrival time                                                  1.54

  clock clk (rise edge)                                   0.00       0.00
  clock network delay (ideal)                             1.50       1.50
  clock uncertainty                                       0.30       1.80
  U3_cpu/U1_datapath/U3_alu/U9_DW_mult_pipe/clk_r_REG37_S2/CK (SDFFRX1)
                                                                     1.80 r
  library removal time                                   -0.01       1.79
  data required time                                                 1.79
  ------------------------------------------------------------------------------
  data required time                                                 1.79
  data arrival time                                                 -1.54
  ------------------------------------------------------------------------------
  slack (VIOLATED)                                                  -0.24


  Startpoint: test_mode (input port)
  Endpoint: U3_cpu/U1_datapath/U3_alu/U9_DW_mult_pipe/clk_r_REG38_S3
               (removal check against rising-edge clock clk)
  Path Group: **async_default**
  Path Type: min

  Point                                                   Incr       Path
  ------------------------------------------------------------------------------
  clock (input port clock) (rise edge)                    0.00       0.00
  clock network delay (ideal)                             0.00       0.00
  input external delay                                    0.00       0.00 f
  test_mode (in)                                          0.00       0.00 f
  PI_test_mode/C (PDIDGZ)                                 0.30       0.30 f
  U3_cpu/U1_datapath/U3_alu/U9_DW_mult_pipe/test_point_534/U6/Y (MX2X1)
                                                          0.87       1.17 f
  U3_cpu/U1_datapath/U3_alu/U9_DW_mult_pipe/clk_r_REG38_S3_syn27/Y (INVX1)
                                                          0.28       1.46 r
  U3_cpu/U1_datapath/U3_alu/U9_DW_mult_pipe/U514/Y (INVX1)
                                                          0.03       1.49 f
  U3_cpu/U1_datapath/U3_alu/U9_DW_mult_pipe/U513/Y (INVX1)
                                                          0.06       1.54 r
  U3_cpu/U1_datapath/U3_alu/U9_DW_mult_pipe/clk_r_REG38_S3/RN (SDFFRX1)
                                                          0.00       1.54 r
  data arrival time                                                  1.54

  clock clk (rise edge)                                   0.00       0.00
  clock network delay (ideal)                             1.50       1.50
  clock uncertainty                                       0.30       1.80
  U3_cpu/U1_datapath/U3_alu/U9_DW_mult_pipe/clk_r_REG38_S3/CK (SDFFRX1)
                                                                     1.80 r
  library removal time                                   -0.01       1.79
  data required time                                                 1.79
  ------------------------------------------------------------------------------
  data required time                                                 1.79
  data arrival time                                                 -1.54
  ------------------------------------------------------------------------------
  slack (VIOLATED)                                                  -0.24


  Startpoint: test_mode (input port)
  Endpoint: U3_cpu/U1_datapath/U3_alu/U9_DW_mult_pipe/clk_r_REG39_S4
               (removal check against rising-edge clock clk)
  Path Group: **async_default**
  Path Type: min

  Point                                                   Incr       Path
  ------------------------------------------------------------------------------
  clock (input port clock) (rise edge)                    0.00       0.00
  clock network delay (ideal)                             0.00       0.00
  input external delay                                    0.00       0.00 f
  test_mode (in)                                          0.00       0.00 f
  PI_test_mode/C (PDIDGZ)                                 0.30       0.30 f
  U3_cpu/U1_datapath/U3_alu/U9_DW_mult_pipe/test_point_534/U6/Y (MX2X1)
                                                          0.87       1.17 f
  U3_cpu/U1_datapath/U3_alu/U9_DW_mult_pipe/clk_r_REG39_S4_syn27/Y (INVX1)
                                                          0.28       1.46 r
  U3_cpu/U1_datapath/U3_alu/U9_DW_mult_pipe/U512/Y (INVX1)
                                                          0.03       1.49 f
  U3_cpu/U1_datapath/U3_alu/U9_DW_mult_pipe/U511/Y (INVX1)
                                                          0.06       1.54 r
  U3_cpu/U1_datapath/U3_alu/U9_DW_mult_pipe/clk_r_REG39_S4/RN (SDFFRX1)
                                                          0.00       1.54 r
  data arrival time                                                  1.54

  clock clk (rise edge)                                   0.00       0.00
  clock network delay (ideal)                             1.50       1.50
  clock uncertainty                                       0.30       1.80
  U3_cpu/U1_datapath/U3_alu/U9_DW_mult_pipe/clk_r_REG39_S4/CK (SDFFRX1)
                                                                     1.80 r
  library removal time                                   -0.01       1.79
  data required time                                                 1.79
  ------------------------------------------------------------------------------
  data required time                                                 1.79
  data arrival time                                                 -1.54
  ------------------------------------------------------------------------------
  slack (VIOLATED)                                                  -0.24


  Startpoint: test_mode (input port)
  Endpoint: U3_cpu/U1_datapath/U3_alu/U9_DW_mult_pipe/clk_r_REG40_S2
               (removal check against rising-edge clock clk)
  Path Group: **async_default**
  Path Type: min

  Point                                                   Incr       Path
  ------------------------------------------------------------------------------
  clock (input port clock) (rise edge)                    0.00       0.00
  clock network delay (ideal)                             0.00       0.00
  input external delay                                    0.00       0.00 f
  test_mode (in)                                          0.00       0.00 f
  PI_test_mode/C (PDIDGZ)                                 0.30       0.30 f
  U3_cpu/U1_datapath/U3_alu/U9_DW_mult_pipe/test_point_534/U6/Y (MX2X1)
                                                          0.87       1.17 f
  U3_cpu/U1_datapath/U3_alu/U9_DW_mult_pipe/clk_r_REG40_S2_syn27/Y (INVX1)
                                                          0.28       1.46 r
  U3_cpu/U1_datapath/U3_alu/U9_DW_mult_pipe/U510/Y (INVX1)
                                                          0.03       1.49 f
  U3_cpu/U1_datapath/U3_alu/U9_DW_mult_pipe/U509/Y (INVX1)
                                                          0.06       1.54 r
  U3_cpu/U1_datapath/U3_alu/U9_DW_mult_pipe/clk_r_REG40_S2/RN (SDFFRX1)
                                                          0.00       1.54 r
  data arrival time                                                  1.54

  clock clk (rise edge)                                   0.00       0.00
  clock network delay (ideal)                             1.50       1.50
  clock uncertainty                                       0.30       1.80
  U3_cpu/U1_datapath/U3_alu/U9_DW_mult_pipe/clk_r_REG40_S2/CK (SDFFRX1)
                                                                     1.80 r
  library removal time                                   -0.01       1.79
  data required time                                                 1.79
  ------------------------------------------------------------------------------
  data required time                                                 1.79
  data arrival time                                                 -1.54
  ------------------------------------------------------------------------------
  slack (VIOLATED)                                                  -0.24


  Startpoint: test_mode (input port)
  Endpoint: U3_cpu/U1_datapath/U3_alu/U9_DW_mult_pipe/clk_r_REG41_S3
               (removal check against rising-edge clock clk)
  Path Group: **async_default**
  Path Type: min

  Point                                                   Incr       Path
  ------------------------------------------------------------------------------
  clock (input port clock) (rise edge)                    0.00       0.00
  clock network delay (ideal)                             0.00       0.00
  input external delay                                    0.00       0.00 f
  test_mode (in)                                          0.00       0.00 f
  PI_test_mode/C (PDIDGZ)                                 0.30       0.30 f
  U3_cpu/U1_datapath/U3_alu/U9_DW_mult_pipe/test_point_534/U6/Y (MX2X1)
                                                          0.87       1.17 f
  U3_cpu/U1_datapath/U3_alu/U9_DW_mult_pipe/clk_r_REG41_S3_syn27/Y (INVX1)
                                                          0.28       1.46 r
  U3_cpu/U1_datapath/U3_alu/U9_DW_mult_pipe/U508/Y (INVX1)
                                                          0.03       1.49 f
  U3_cpu/U1_datapath/U3_alu/U9_DW_mult_pipe/U507/Y (INVX1)
                                                          0.06       1.54 r
  U3_cpu/U1_datapath/U3_alu/U9_DW_mult_pipe/clk_r_REG41_S3/RN (SDFFRX1)
                                                          0.00       1.54 r
  data arrival time                                                  1.54

  clock clk (rise edge)                                   0.00       0.00
  clock network delay (ideal)                             1.50       1.50
  clock uncertainty                                       0.30       1.80
  U3_cpu/U1_datapath/U3_alu/U9_DW_mult_pipe/clk_r_REG41_S3/CK (SDFFRX1)
                                                                     1.80 r
  library removal time                                   -0.01       1.79
  data required time                                                 1.79
  ------------------------------------------------------------------------------
  data required time                                                 1.79
  data arrival time                                                 -1.54
  ------------------------------------------------------------------------------
  slack (VIOLATED)                                                  -0.24


  Startpoint: test_mode (input port)
  Endpoint: U3_cpu/U1_datapath/U3_alu/U9_DW_mult_pipe/clk_r_REG42_S4
               (removal check against rising-edge clock clk)
  Path Group: **async_default**
  Path Type: min

  Point                                                   Incr       Path
  ------------------------------------------------------------------------------
  clock (input port clock) (rise edge)                    0.00       0.00
  clock network delay (ideal)                             0.00       0.00
  input external delay                                    0.00       0.00 f
  test_mode (in)                                          0.00       0.00 f
  PI_test_mode/C (PDIDGZ)                                 0.30       0.30 f
  U3_cpu/U1_datapath/U3_alu/U9_DW_mult_pipe/test_point_534/U6/Y (MX2X1)
                                                          0.87       1.17 f
  U3_cpu/U1_datapath/U3_alu/U9_DW_mult_pipe/clk_r_REG42_S4_syn27/Y (INVX1)
                                                          0.28       1.46 r
  U3_cpu/U1_datapath/U3_alu/U9_DW_mult_pipe/U506/Y (INVX1)
                                                          0.03       1.49 f
  U3_cpu/U1_datapath/U3_alu/U9_DW_mult_pipe/U505/Y (INVX1)
                                                          0.06       1.54 r
  U3_cpu/U1_datapath/U3_alu/U9_DW_mult_pipe/clk_r_REG42_S4/RN (SDFFRX1)
                                                          0.00       1.54 r
  data arrival time                                                  1.54

  clock clk (rise edge)                                   0.00       0.00
  clock network delay (ideal)                             1.50       1.50
  clock uncertainty                                       0.30       1.80
  U3_cpu/U1_datapath/U3_alu/U9_DW_mult_pipe/clk_r_REG42_S4/CK (SDFFRX1)
                                                                     1.80 r
  library removal time                                   -0.01       1.79
  data required time                                                 1.79
  ------------------------------------------------------------------------------
  data required time                                                 1.79
  data arrival time                                                 -1.54
  ------------------------------------------------------------------------------
  slack (VIOLATED)                                                  -0.24


  Startpoint: test_mode (input port)
  Endpoint: U3_cpu/U1_datapath/U3_alu/U9_DW_mult_pipe/clk_r_REG43_S2
               (removal check against rising-edge clock clk)
  Path Group: **async_default**
  Path Type: min

  Point                                                   Incr       Path
  ------------------------------------------------------------------------------
  clock (input port clock) (rise edge)                    0.00       0.00
  clock network delay (ideal)                             0.00       0.00
  input external delay                                    0.00       0.00 f
  test_mode (in)                                          0.00       0.00 f
  PI_test_mode/C (PDIDGZ)                                 0.30       0.30 f
  U3_cpu/U1_datapath/U3_alu/U9_DW_mult_pipe/test_point_534/U6/Y (MX2X1)
                                                          0.87       1.17 f
  U3_cpu/U1_datapath/U3_alu/U9_DW_mult_pipe/clk_r_REG43_S2_syn27/Y (INVX1)
                                                          0.28       1.46 r
  U3_cpu/U1_datapath/U3_alu/U9_DW_mult_pipe/U447/Y (INVX1)
                                                          0.03       1.49 f
  U3_cpu/U1_datapath/U3_alu/U9_DW_mult_pipe/U445/Y (INVX1)
                                                          0.06       1.54 r
  U3_cpu/U1_datapath/U3_alu/U9_DW_mult_pipe/clk_r_REG43_S2/RN (SDFFRX1)
                                                          0.00       1.54 r
  data arrival time                                                  1.54

  clock clk (rise edge)                                   0.00       0.00
  clock network delay (ideal)                             1.50       1.50
  clock uncertainty                                       0.30       1.80
  U3_cpu/U1_datapath/U3_alu/U9_DW_mult_pipe/clk_r_REG43_S2/CK (SDFFRX1)
                                                                     1.80 r
  library removal time                                   -0.01       1.79
  data required time                                                 1.79
  ------------------------------------------------------------------------------
  data required time                                                 1.79
  data arrival time                                                 -1.54
  ------------------------------------------------------------------------------
  slack (VIOLATED)                                                  -0.24


  Startpoint: test_mode (input port)
  Endpoint: U3_cpu/U1_datapath/U3_alu/U9_DW_mult_pipe/clk_r_REG44_S3
               (removal check against rising-edge clock clk)
  Path Group: **async_default**
  Path Type: min

  Point                                                   Incr       Path
  ------------------------------------------------------------------------------
  clock (input port clock) (rise edge)                    0.00       0.00
  clock network delay (ideal)                             0.00       0.00
  input external delay                                    0.00       0.00 f
  test_mode (in)                                          0.00       0.00 f
  PI_test_mode/C (PDIDGZ)                                 0.30       0.30 f
  U3_cpu/U1_datapath/U3_alu/U9_DW_mult_pipe/test_point_534/U6/Y (MX2X1)
                                                          0.87       1.17 f
  U3_cpu/U1_datapath/U3_alu/U9_DW_mult_pipe/clk_r_REG44_S3_syn27/Y (INVX1)
                                                          0.28       1.46 r
  U3_cpu/U1_datapath/U3_alu/U9_DW_mult_pipe/U444/Y (INVX1)
                                                          0.03       1.49 f
  U3_cpu/U1_datapath/U3_alu/U9_DW_mult_pipe/U443/Y (INVX1)
                                                          0.06       1.54 r
  U3_cpu/U1_datapath/U3_alu/U9_DW_mult_pipe/clk_r_REG44_S3/RN (SDFFRX1)
                                                          0.00       1.54 r
  data arrival time                                                  1.54

  clock clk (rise edge)                                   0.00       0.00
  clock network delay (ideal)                             1.50       1.50
  clock uncertainty                                       0.30       1.80
  U3_cpu/U1_datapath/U3_alu/U9_DW_mult_pipe/clk_r_REG44_S3/CK (SDFFRX1)
                                                                     1.80 r
  library removal time                                   -0.01       1.79
  data required time                                                 1.79
  ------------------------------------------------------------------------------
  data required time                                                 1.79
  data arrival time                                                 -1.54
  ------------------------------------------------------------------------------
  slack (VIOLATED)                                                  -0.24


  Startpoint: test_mode (input port)
  Endpoint: U3_cpu/U1_datapath/U3_alu/U9_DW_mult_pipe/clk_r_REG45_S4
               (removal check against rising-edge clock clk)
  Path Group: **async_default**
  Path Type: min

  Point                                                   Incr       Path
  ------------------------------------------------------------------------------
  clock (input port clock) (rise edge)                    0.00       0.00
  clock network delay (ideal)                             0.00       0.00
  input external delay                                    0.00       0.00 f
  test_mode (in)                                          0.00       0.00 f
  PI_test_mode/C (PDIDGZ)                                 0.30       0.30 f
  U3_cpu/U1_datapath/U3_alu/U9_DW_mult_pipe/test_point_534/U6/Y (MX2X1)
                                                          0.87       1.17 f
  U3_cpu/U1_datapath/U3_alu/U9_DW_mult_pipe/clk_r_REG45_S4_syn27/Y (INVX1)
                                                          0.28       1.46 r
  U3_cpu/U1_datapath/U3_alu/U9_DW_mult_pipe/U442/Y (INVX1)
                                                          0.03       1.49 f
  U3_cpu/U1_datapath/U3_alu/U9_DW_mult_pipe/U441/Y (INVX1)
                                                          0.06       1.54 r
  U3_cpu/U1_datapath/U3_alu/U9_DW_mult_pipe/clk_r_REG45_S4/RN (SDFFRX1)
                                                          0.00       1.54 r
  data arrival time                                                  1.54

  clock clk (rise edge)                                   0.00       0.00
  clock network delay (ideal)                             1.50       1.50
  clock uncertainty                                       0.30       1.80
  U3_cpu/U1_datapath/U3_alu/U9_DW_mult_pipe/clk_r_REG45_S4/CK (SDFFRX1)
                                                                     1.80 r
  library removal time                                   -0.01       1.79
  data required time                                                 1.79
  ------------------------------------------------------------------------------
  data required time                                                 1.79
  data arrival time                                                 -1.54
  ------------------------------------------------------------------------------
  slack (VIOLATED)                                                  -0.24


  Startpoint: test_mode (input port)
  Endpoint: U3_cpu/U1_datapath/U3_alu/U9_DW_mult_pipe/clk_r_REG46_S2
               (removal check against rising-edge clock clk)
  Path Group: **async_default**
  Path Type: min

  Point                                                   Incr       Path
  ------------------------------------------------------------------------------
  clock (input port clock) (rise edge)                    0.00       0.00
  clock network delay (ideal)                             0.00       0.00
  input external delay                                    0.00       0.00 f
  test_mode (in)                                          0.00       0.00 f
  PI_test_mode/C (PDIDGZ)                                 0.30       0.30 f
  U3_cpu/U1_datapath/U3_alu/U9_DW_mult_pipe/test_point_534/U6/Y (MX2X1)
                                                          0.87       1.17 f
  U3_cpu/U1_datapath/U3_alu/U9_DW_mult_pipe/clk_r_REG46_S2_syn27/Y (INVX1)
                                                          0.28       1.46 r
  U3_cpu/U1_datapath/U3_alu/U9_DW_mult_pipe/U534/Y (INVX1)
                                                          0.03       1.49 f
  U3_cpu/U1_datapath/U3_alu/U9_DW_mult_pipe/U533/Y (INVX1)
                                                          0.06       1.54 r
  U3_cpu/U1_datapath/U3_alu/U9_DW_mult_pipe/clk_r_REG46_S2/RN (SDFFRX1)
                                                          0.00       1.54 r
  data arrival time                                                  1.54

  clock clk (rise edge)                                   0.00       0.00
  clock network delay (ideal)                             1.50       1.50
  clock uncertainty                                       0.30       1.80
  U3_cpu/U1_datapath/U3_alu/U9_DW_mult_pipe/clk_r_REG46_S2/CK (SDFFRX1)
                                                                     1.80 r
  library removal time                                   -0.01       1.79
  data required time                                                 1.79
  ------------------------------------------------------------------------------
  data required time                                                 1.79
  data arrival time                                                 -1.54
  ------------------------------------------------------------------------------
  slack (VIOLATED)                                                  -0.24


  Startpoint: test_mode (input port)
  Endpoint: U3_cpu/U1_datapath/U3_alu/U9_DW_mult_pipe/clk_r_REG47_S3
               (removal check against rising-edge clock clk)
  Path Group: **async_default**
  Path Type: min

  Point                                                   Incr       Path
  ------------------------------------------------------------------------------
  clock (input port clock) (rise edge)                    0.00       0.00
  clock network delay (ideal)                             0.00       0.00
  input external delay                                    0.00       0.00 f
  test_mode (in)                                          0.00       0.00 f
  PI_test_mode/C (PDIDGZ)                                 0.30       0.30 f
  U3_cpu/U1_datapath/U3_alu/U9_DW_mult_pipe/test_point_534/U6/Y (MX2X1)
                                                          0.87       1.17 f
  U3_cpu/U1_datapath/U3_alu/U9_DW_mult_pipe/clk_r_REG47_S3_syn27/Y (INVX1)
                                                          0.28       1.46 r
  U3_cpu/U1_datapath/U3_alu/U9_DW_mult_pipe/U532/Y (INVX1)
                                                          0.03       1.49 f
  U3_cpu/U1_datapath/U3_alu/U9_DW_mult_pipe/U531/Y (INVX1)
                                                          0.06       1.54 r
  U3_cpu/U1_datapath/U3_alu/U9_DW_mult_pipe/clk_r_REG47_S3/RN (SDFFRX1)
                                                          0.00       1.54 r
  data arrival time                                                  1.54

  clock clk (rise edge)                                   0.00       0.00
  clock network delay (ideal)                             1.50       1.50
  clock uncertainty                                       0.30       1.80
  U3_cpu/U1_datapath/U3_alu/U9_DW_mult_pipe/clk_r_REG47_S3/CK (SDFFRX1)
                                                                     1.80 r
  library removal time                                   -0.01       1.79
  data required time                                                 1.79
  ------------------------------------------------------------------------------
  data required time                                                 1.79
  data arrival time                                                 -1.54
  ------------------------------------------------------------------------------
  slack (VIOLATED)                                                  -0.24


  Startpoint: test_mode (input port)
  Endpoint: U3_cpu/U1_datapath/U3_alu/U9_DW_mult_pipe/clk_r_REG48_S4
               (removal check against rising-edge clock clk)
  Path Group: **async_default**
  Path Type: min

  Point                                                   Incr       Path
  ------------------------------------------------------------------------------
  clock (input port clock) (rise edge)                    0.00       0.00
  clock network delay (ideal)                             0.00       0.00
  input external delay                                    0.00       0.00 f
  test_mode (in)                                          0.00       0.00 f
  PI_test_mode/C (PDIDGZ)                                 0.30       0.30 f
  U3_cpu/U1_datapath/U3_alu/U9_DW_mult_pipe/test_point_534/U6/Y (MX2X1)
                                                          0.87       1.17 f
  U3_cpu/U1_datapath/U3_alu/U9_DW_mult_pipe/clk_r_REG48_S4_syn27/Y (INVX1)
                                                          0.28       1.46 r
  U3_cpu/U1_datapath/U3_alu/U9_DW_mult_pipe/U530/Y (INVX1)
                                                          0.03       1.49 f
  U3_cpu/U1_datapath/U3_alu/U9_DW_mult_pipe/U529/Y (INVX1)
                                                          0.06       1.54 r
  U3_cpu/U1_datapath/U3_alu/U9_DW_mult_pipe/clk_r_REG48_S4/RN (SDFFRX1)
                                                          0.00       1.54 r
  data arrival time                                                  1.54

  clock clk (rise edge)                                   0.00       0.00
  clock network delay (ideal)                             1.50       1.50
  clock uncertainty                                       0.30       1.80
  U3_cpu/U1_datapath/U3_alu/U9_DW_mult_pipe/clk_r_REG48_S4/CK (SDFFRX1)
                                                                     1.80 r
  library removal time                                   -0.01       1.79
  data required time                                                 1.79
  ------------------------------------------------------------------------------
  data required time                                                 1.79
  data arrival time                                                 -1.54
  ------------------------------------------------------------------------------
  slack (VIOLATED)                                                  -0.24


  Startpoint: test_mode (input port)
  Endpoint: U3_cpu/U1_datapath/U3_alu/U9_DW_mult_pipe/clk_r_REG49_S1
               (removal check against rising-edge clock clk)
  Path Group: **async_default**
  Path Type: min

  Point                                                   Incr       Path
  ------------------------------------------------------------------------------
  clock (input port clock) (rise edge)                    0.00       0.00
  clock network delay (ideal)                             0.00       0.00
  input external delay                                    0.00       0.00 f
  test_mode (in)                                          0.00       0.00 f
  PI_test_mode/C (PDIDGZ)                                 0.30       0.30 f
  U3_cpu/U1_datapath/U3_alu/U9_DW_mult_pipe/test_point_534/U6/Y (MX2X1)
                                                          0.87       1.17 f
  U3_cpu/U1_datapath/U3_alu/U9_DW_mult_pipe/clk_r_REG49_S1_syn27/Y (INVX1)
                                                          0.28       1.46 r
  U3_cpu/U1_datapath/U3_alu/U9_DW_mult_pipe/U391/Y (INVX1)
                                                          0.03       1.49 f
  U3_cpu/U1_datapath/U3_alu/U9_DW_mult_pipe/U389/Y (INVX1)
                                                          0.06       1.54 r
  U3_cpu/U1_datapath/U3_alu/U9_DW_mult_pipe/clk_r_REG49_S1/RN (SDFFRX1)
                                                          0.00       1.54 r
  data arrival time                                                  1.54

  clock clk (rise edge)                                   0.00       0.00
  clock network delay (ideal)                             1.50       1.50
  clock uncertainty                                       0.30       1.80
  U3_cpu/U1_datapath/U3_alu/U9_DW_mult_pipe/clk_r_REG49_S1/CK (SDFFRX1)
                                                                     1.80 r
  library removal time                                   -0.01       1.79
  data required time                                                 1.79
  ------------------------------------------------------------------------------
  data required time                                                 1.79
  data arrival time                                                 -1.54
  ------------------------------------------------------------------------------
  slack (VIOLATED)                                                  -0.24


  Startpoint: test_mode (input port)
  Endpoint: U3_cpu/U1_datapath/U3_alu/U9_DW_mult_pipe/clk_r_REG50_S1
               (removal check against rising-edge clock clk)
  Path Group: **async_default**
  Path Type: min

  Point                                                   Incr       Path
  ------------------------------------------------------------------------------
  clock (input port clock) (rise edge)                    0.00       0.00
  clock network delay (ideal)                             0.00       0.00
  input external delay                                    0.00       0.00 f
  test_mode (in)                                          0.00       0.00 f
  PI_test_mode/C (PDIDGZ)                                 0.30       0.30 f
  U3_cpu/U1_datapath/U3_alu/U9_DW_mult_pipe/test_point_534/U6/Y (MX2X1)
                                                          0.87       1.17 f
  U3_cpu/U1_datapath/U3_alu/U9_DW_mult_pipe/clk_r_REG50_S1_syn27/Y (INVX1)
                                                          0.28       1.46 r
  U3_cpu/U1_datapath/U3_alu/U9_DW_mult_pipe/U394/Y (INVX1)
                                                          0.03       1.49 f
  U3_cpu/U1_datapath/U3_alu/U9_DW_mult_pipe/U392/Y (INVX1)
                                                          0.06       1.54 r
  U3_cpu/U1_datapath/U3_alu/U9_DW_mult_pipe/clk_r_REG50_S1/RN (SDFFRX1)
                                                          0.00       1.54 r
  data arrival time                                                  1.54

  clock clk (rise edge)                                   0.00       0.00
  clock network delay (ideal)                             1.50       1.50
  clock uncertainty                                       0.30       1.80
  U3_cpu/U1_datapath/U3_alu/U9_DW_mult_pipe/clk_r_REG50_S1/CK (SDFFRX1)
                                                                     1.80 r
  library removal time                                   -0.01       1.79
  data required time                                                 1.79
  ------------------------------------------------------------------------------
  data required time                                                 1.79
  data arrival time                                                 -1.54
  ------------------------------------------------------------------------------
  slack (VIOLATED)                                                  -0.24


  Startpoint: test_mode (input port)
  Endpoint: U3_cpu/U1_datapath/U3_alu/U9_DW_mult_pipe/clk_r_REG51_S1
               (removal check against rising-edge clock clk)
  Path Group: **async_default**
  Path Type: min

  Point                                                   Incr       Path
  ------------------------------------------------------------------------------
  clock (input port clock) (rise edge)                    0.00       0.00
  clock network delay (ideal)                             0.00       0.00
  input external delay                                    0.00       0.00 f
  test_mode (in)                                          0.00       0.00 f
  PI_test_mode/C (PDIDGZ)                                 0.30       0.30 f
  U3_cpu/U1_datapath/U3_alu/U9_DW_mult_pipe/test_point_534/U6/Y (MX2X1)
                                                          0.87       1.17 f
  U3_cpu/U1_datapath/U3_alu/U9_DW_mult_pipe/clk_r_REG51_S1_syn27/Y (INVX1)
                                                          0.28       1.46 r
  U3_cpu/U1_datapath/U3_alu/U9_DW_mult_pipe/U397/Y (INVX1)
                                                          0.03       1.49 f
  U3_cpu/U1_datapath/U3_alu/U9_DW_mult_pipe/U395/Y (INVX1)
                                                          0.06       1.54 r
  U3_cpu/U1_datapath/U3_alu/U9_DW_mult_pipe/clk_r_REG51_S1/RN (SDFFRX1)
                                                          0.00       1.54 r
  data arrival time                                                  1.54

  clock clk (rise edge)                                   0.00       0.00
  clock network delay (ideal)                             1.50       1.50
  clock uncertainty                                       0.30       1.80
  U3_cpu/U1_datapath/U3_alu/U9_DW_mult_pipe/clk_r_REG51_S1/CK (SDFFRX1)
                                                                     1.80 r
  library removal time                                   -0.01       1.79
  data required time                                                 1.79
  ------------------------------------------------------------------------------
  data required time                                                 1.79
  data arrival time                                                 -1.54
  ------------------------------------------------------------------------------
  slack (VIOLATED)                                                  -0.24


  Startpoint: test_mode (input port)
  Endpoint: U3_cpu/U1_datapath/U3_alu/U9_DW_mult_pipe/clk_r_REG52_S1
               (removal check against rising-edge clock clk)
  Path Group: **async_default**
  Path Type: min

  Point                                                   Incr       Path
  ------------------------------------------------------------------------------
  clock (input port clock) (rise edge)                    0.00       0.00
  clock network delay (ideal)                             0.00       0.00
  input external delay                                    0.00       0.00 f
  test_mode (in)                                          0.00       0.00 f
  PI_test_mode/C (PDIDGZ)                                 0.30       0.30 f
  U3_cpu/U1_datapath/U3_alu/U9_DW_mult_pipe/test_point_534/U6/Y (MX2X1)
                                                          0.87       1.17 f
  U3_cpu/U1_datapath/U3_alu/U9_DW_mult_pipe/clk_r_REG52_S1_syn27/Y (INVX1)
                                                          0.28       1.46 r
  U3_cpu/U1_datapath/U3_alu/U9_DW_mult_pipe/U400/Y (INVX1)
                                                          0.03       1.49 f
  U3_cpu/U1_datapath/U3_alu/U9_DW_mult_pipe/U398/Y (INVX1)
                                                          0.06       1.54 r
  U3_cpu/U1_datapath/U3_alu/U9_DW_mult_pipe/clk_r_REG52_S1/RN (SDFFRX1)
                                                          0.00       1.54 r
  data arrival time                                                  1.54

  clock clk (rise edge)                                   0.00       0.00
  clock network delay (ideal)                             1.50       1.50
  clock uncertainty                                       0.30       1.80
  U3_cpu/U1_datapath/U3_alu/U9_DW_mult_pipe/clk_r_REG52_S1/CK (SDFFRX1)
                                                                     1.80 r
  library removal time                                   -0.01       1.79
  data required time                                                 1.79
  ------------------------------------------------------------------------------
  data required time                                                 1.79
  data arrival time                                                 -1.54
  ------------------------------------------------------------------------------
  slack (VIOLATED)                                                  -0.24


  Startpoint: test_mode (input port)
  Endpoint: U3_cpu/U1_datapath/U3_alu/U9_DW_mult_pipe/clk_r_REG53_S1
               (removal check against rising-edge clock clk)
  Path Group: **async_default**
  Path Type: min

  Point                                                   Incr       Path
  ------------------------------------------------------------------------------
  clock (input port clock) (rise edge)                    0.00       0.00
  clock network delay (ideal)                             0.00       0.00
  input external delay                                    0.00       0.00 f
  test_mode (in)                                          0.00       0.00 f
  PI_test_mode/C (PDIDGZ)                                 0.30       0.30 f
  U3_cpu/U1_datapath/U3_alu/U9_DW_mult_pipe/test_point_534/U6/Y (MX2X1)
                                                          0.87       1.17 f
  U3_cpu/U1_datapath/U3_alu/U9_DW_mult_pipe/clk_r_REG53_S1_syn27/Y (INVX1)
                                                          0.28       1.46 r
  U3_cpu/U1_datapath/U3_alu/U9_DW_mult_pipe/U403/Y (INVX1)
                                                          0.03       1.49 f
  U3_cpu/U1_datapath/U3_alu/U9_DW_mult_pipe/U401/Y (INVX1)
                                                          0.06       1.54 r
  U3_cpu/U1_datapath/U3_alu/U9_DW_mult_pipe/clk_r_REG53_S1/RN (SDFFRX1)
                                                          0.00       1.54 r
  data arrival time                                                  1.54

  clock clk (rise edge)                                   0.00       0.00
  clock network delay (ideal)                             1.50       1.50
  clock uncertainty                                       0.30       1.80
  U3_cpu/U1_datapath/U3_alu/U9_DW_mult_pipe/clk_r_REG53_S1/CK (SDFFRX1)
                                                                     1.80 r
  library removal time                                   -0.01       1.79
  data required time                                                 1.79
  ------------------------------------------------------------------------------
  data required time                                                 1.79
  data arrival time                                                 -1.54
  ------------------------------------------------------------------------------
  slack (VIOLATED)                                                  -0.24


  Startpoint: test_mode (input port)
  Endpoint: U3_cpu/U1_datapath/U3_alu/U9_DW_mult_pipe/clk_r_REG54_S1
               (removal check against rising-edge clock clk)
  Path Group: **async_default**
  Path Type: min

  Point                                                   Incr       Path
  ------------------------------------------------------------------------------
  clock (input port clock) (rise edge)                    0.00       0.00
  clock network delay (ideal)                             0.00       0.00
  input external delay                                    0.00       0.00 f
  test_mode (in)                                          0.00       0.00 f
  PI_test_mode/C (PDIDGZ)                                 0.30       0.30 f
  U3_cpu/U1_datapath/U3_alu/U9_DW_mult_pipe/test_point_534/U6/Y (MX2X1)
                                                          0.87       1.17 f
  U3_cpu/U1_datapath/U3_alu/U9_DW_mult_pipe/clk_r_REG54_S1_syn27/Y (INVX1)
                                                          0.28       1.46 r
  U3_cpu/U1_datapath/U3_alu/U9_DW_mult_pipe/U406/Y (INVX1)
                                                          0.03       1.49 f
  U3_cpu/U1_datapath/U3_alu/U9_DW_mult_pipe/U404/Y (INVX1)
                                                          0.06       1.54 r
  U3_cpu/U1_datapath/U3_alu/U9_DW_mult_pipe/clk_r_REG54_S1/RN (SDFFRX1)
                                                          0.00       1.54 r
  data arrival time                                                  1.54

  clock clk (rise edge)                                   0.00       0.00
  clock network delay (ideal)                             1.50       1.50
  clock uncertainty                                       0.30       1.80
  U3_cpu/U1_datapath/U3_alu/U9_DW_mult_pipe/clk_r_REG54_S1/CK (SDFFRX1)
                                                                     1.80 r
  library removal time                                   -0.01       1.79
  data required time                                                 1.79
  ------------------------------------------------------------------------------
  data required time                                                 1.79
  data arrival time                                                 -1.54
  ------------------------------------------------------------------------------
  slack (VIOLATED)                                                  -0.24


  Startpoint: test_mode (input port)
  Endpoint: U3_cpu/U1_datapath/U3_alu/U9_DW_mult_pipe/clk_r_REG55_S1
               (removal check against rising-edge clock clk)
  Path Group: **async_default**
  Path Type: min

  Point                                                   Incr       Path
  ------------------------------------------------------------------------------
  clock (input port clock) (rise edge)                    0.00       0.00
  clock network delay (ideal)                             0.00       0.00
  input external delay                                    0.00       0.00 f
  test_mode (in)                                          0.00       0.00 f
  PI_test_mode/C (PDIDGZ)                                 0.30       0.30 f
  U3_cpu/U1_datapath/U3_alu/U9_DW_mult_pipe/test_point_534/U6/Y (MX2X1)
                                                          0.87       1.17 f
  U3_cpu/U1_datapath/U3_alu/U9_DW_mult_pipe/clk_r_REG55_S1_syn27/Y (INVX1)
                                                          0.28       1.46 r
  U3_cpu/U1_datapath/U3_alu/U9_DW_mult_pipe/U409/Y (INVX1)
                                                          0.03       1.49 f
  U3_cpu/U1_datapath/U3_alu/U9_DW_mult_pipe/U407/Y (INVX1)
                                                          0.06       1.54 r
  U3_cpu/U1_datapath/U3_alu/U9_DW_mult_pipe/clk_r_REG55_S1/RN (SDFFRX1)
                                                          0.00       1.54 r
  data arrival time                                                  1.54

  clock clk (rise edge)                                   0.00       0.00
  clock network delay (ideal)                             1.50       1.50
  clock uncertainty                                       0.30       1.80
  U3_cpu/U1_datapath/U3_alu/U9_DW_mult_pipe/clk_r_REG55_S1/CK (SDFFRX1)
                                                                     1.80 r
  library removal time                                   -0.01       1.79
  data required time                                                 1.79
  ------------------------------------------------------------------------------
  data required time                                                 1.79
  data arrival time                                                 -1.54
  ------------------------------------------------------------------------------
  slack (VIOLATED)                                                  -0.24


  Startpoint: test_mode (input port)
  Endpoint: U3_cpu/U1_datapath/U3_alu/U9_DW_mult_pipe/clk_r_REG56_S1
               (removal check against rising-edge clock clk)
  Path Group: **async_default**
  Path Type: min

  Point                                                   Incr       Path
  ------------------------------------------------------------------------------
  clock (input port clock) (rise edge)                    0.00       0.00
  clock network delay (ideal)                             0.00       0.00
  input external delay                                    0.00       0.00 f
  test_mode (in)                                          0.00       0.00 f
  PI_test_mode/C (PDIDGZ)                                 0.30       0.30 f
  U3_cpu/U1_datapath/U3_alu/U9_DW_mult_pipe/test_point_534/U6/Y (MX2X1)
                                                          0.87       1.17 f
  U3_cpu/U1_datapath/U3_alu/U9_DW_mult_pipe/clk_r_REG56_S1_syn27/Y (INVX1)
                                                          0.28       1.46 r
  U3_cpu/U1_datapath/U3_alu/U9_DW_mult_pipe/U412/Y (INVX1)
                                                          0.03       1.49 f
  U3_cpu/U1_datapath/U3_alu/U9_DW_mult_pipe/U410/Y (INVX1)
                                                          0.06       1.54 r
  U3_cpu/U1_datapath/U3_alu/U9_DW_mult_pipe/clk_r_REG56_S1/RN (SDFFRX1)
                                                          0.00       1.54 r
  data arrival time                                                  1.54

  clock clk (rise edge)                                   0.00       0.00
  clock network delay (ideal)                             1.50       1.50
  clock uncertainty                                       0.30       1.80
  U3_cpu/U1_datapath/U3_alu/U9_DW_mult_pipe/clk_r_REG56_S1/CK (SDFFRX1)
                                                                     1.80 r
  library removal time                                   -0.01       1.79
  data required time                                                 1.79
  ------------------------------------------------------------------------------
  data required time                                                 1.79
  data arrival time                                                 -1.54
  ------------------------------------------------------------------------------
  slack (VIOLATED)                                                  -0.24


  Startpoint: test_mode (input port)
  Endpoint: U3_cpu/U1_datapath/U3_alu/U9_DW_mult_pipe/clk_r_REG57_S1
               (removal check against rising-edge clock clk)
  Path Group: **async_default**
  Path Type: min

  Point                                                   Incr       Path
  ------------------------------------------------------------------------------
  clock (input port clock) (rise edge)                    0.00       0.00
  clock network delay (ideal)                             0.00       0.00
  input external delay                                    0.00       0.00 f
  test_mode (in)                                          0.00       0.00 f
  PI_test_mode/C (PDIDGZ)                                 0.30       0.30 f
  U3_cpu/U1_datapath/U3_alu/U9_DW_mult_pipe/test_point_534/U6/Y (MX2X1)
                                                          0.87       1.17 f
  U3_cpu/U1_datapath/U3_alu/U9_DW_mult_pipe/clk_r_REG57_S1_syn27/Y (INVX1)
                                                          0.28       1.46 r
  U3_cpu/U1_datapath/U3_alu/U9_DW_mult_pipe/U415/Y (INVX1)
                                                          0.03       1.49 f
  U3_cpu/U1_datapath/U3_alu/U9_DW_mult_pipe/U413/Y (INVX1)
                                                          0.06       1.54 r
  U3_cpu/U1_datapath/U3_alu/U9_DW_mult_pipe/clk_r_REG57_S1/RN (SDFFRX1)
                                                          0.00       1.54 r
  data arrival time                                                  1.54

  clock clk (rise edge)                                   0.00       0.00
  clock network delay (ideal)                             1.50       1.50
  clock uncertainty                                       0.30       1.80
  U3_cpu/U1_datapath/U3_alu/U9_DW_mult_pipe/clk_r_REG57_S1/CK (SDFFRX1)
                                                                     1.80 r
  library removal time                                   -0.01       1.79
  data required time                                                 1.79
  ------------------------------------------------------------------------------
  data required time                                                 1.79
  data arrival time                                                 -1.54
  ------------------------------------------------------------------------------
  slack (VIOLATED)                                                  -0.24


  Startpoint: test_mode (input port)
  Endpoint: U3_cpu/U1_datapath/U3_alu/U9_DW_mult_pipe/clk_r_REG58_S1
               (removal check against rising-edge clock clk)
  Path Group: **async_default**
  Path Type: min

  Point                                                   Incr       Path
  ------------------------------------------------------------------------------
  clock (input port clock) (rise edge)                    0.00       0.00
  clock network delay (ideal)                             0.00       0.00
  input external delay                                    0.00       0.00 f
  test_mode (in)                                          0.00       0.00 f
  PI_test_mode/C (PDIDGZ)                                 0.30       0.30 f
  U3_cpu/U1_datapath/U3_alu/U9_DW_mult_pipe/test_point_534/U6/Y (MX2X1)
                                                          0.87       1.17 f
  U3_cpu/U1_datapath/U3_alu/U9_DW_mult_pipe/clk_r_REG58_S1_syn27/Y (INVX1)
                                                          0.28       1.46 r
  U3_cpu/U1_datapath/U3_alu/U9_DW_mult_pipe/U418/Y (INVX1)
                                                          0.03       1.49 f
  U3_cpu/U1_datapath/U3_alu/U9_DW_mult_pipe/U416/Y (INVX1)
                                                          0.06       1.54 r
  U3_cpu/U1_datapath/U3_alu/U9_DW_mult_pipe/clk_r_REG58_S1/RN (SDFFRX1)
                                                          0.00       1.54 r
  data arrival time                                                  1.54

  clock clk (rise edge)                                   0.00       0.00
  clock network delay (ideal)                             1.50       1.50
  clock uncertainty                                       0.30       1.80
  U3_cpu/U1_datapath/U3_alu/U9_DW_mult_pipe/clk_r_REG58_S1/CK (SDFFRX1)
                                                                     1.80 r
  library removal time                                   -0.01       1.79
  data required time                                                 1.79
  ------------------------------------------------------------------------------
  data required time                                                 1.79
  data arrival time                                                 -1.54
  ------------------------------------------------------------------------------
  slack (VIOLATED)                                                  -0.24


  Startpoint: test_mode (input port)
  Endpoint: U3_cpu/U1_datapath/U3_alu/U9_DW_mult_pipe/clk_r_REG59_S1
               (removal check against rising-edge clock clk)
  Path Group: **async_default**
  Path Type: min

  Point                                                   Incr       Path
  ------------------------------------------------------------------------------
  clock (input port clock) (rise edge)                    0.00       0.00
  clock network delay (ideal)                             0.00       0.00
  input external delay                                    0.00       0.00 f
  test_mode (in)                                          0.00       0.00 f
  PI_test_mode/C (PDIDGZ)                                 0.30       0.30 f
  U3_cpu/U1_datapath/U3_alu/U9_DW_mult_pipe/test_point_534/U6/Y (MX2X1)
                                                          0.87       1.17 f
  U3_cpu/U1_datapath/U3_alu/U9_DW_mult_pipe/clk_r_REG59_S1_syn27/Y (INVX1)
                                                          0.28       1.46 r
  U3_cpu/U1_datapath/U3_alu/U9_DW_mult_pipe/U421/Y (INVX1)
                                                          0.03       1.49 f
  U3_cpu/U1_datapath/U3_alu/U9_DW_mult_pipe/U419/Y (INVX1)
                                                          0.06       1.54 r
  U3_cpu/U1_datapath/U3_alu/U9_DW_mult_pipe/clk_r_REG59_S1/RN (SDFFRX1)
                                                          0.00       1.54 r
  data arrival time                                                  1.54

  clock clk (rise edge)                                   0.00       0.00
  clock network delay (ideal)                             1.50       1.50
  clock uncertainty                                       0.30       1.80
  U3_cpu/U1_datapath/U3_alu/U9_DW_mult_pipe/clk_r_REG59_S1/CK (SDFFRX1)
                                                                     1.80 r
  library removal time                                   -0.01       1.79
  data required time                                                 1.79
  ------------------------------------------------------------------------------
  data required time                                                 1.79
  data arrival time                                                 -1.54
  ------------------------------------------------------------------------------
  slack (VIOLATED)                                                  -0.24


  Startpoint: test_mode (input port)
  Endpoint: U3_cpu/U1_datapath/U3_alu/U9_DW_mult_pipe/clk_r_REG60_S1
               (removal check against rising-edge clock clk)
  Path Group: **async_default**
  Path Type: min

  Point                                                   Incr       Path
  ------------------------------------------------------------------------------
  clock (input port clock) (rise edge)                    0.00       0.00
  clock network delay (ideal)                             0.00       0.00
  input external delay                                    0.00       0.00 f
  test_mode (in)                                          0.00       0.00 f
  PI_test_mode/C (PDIDGZ)                                 0.30       0.30 f
  U3_cpu/U1_datapath/U3_alu/U9_DW_mult_pipe/test_point_534/U6/Y (MX2X1)
                                                          0.87       1.17 f
  U3_cpu/U1_datapath/U3_alu/U9_DW_mult_pipe/clk_r_REG60_S1_syn27/Y (INVX1)
                                                          0.28       1.46 r
  U3_cpu/U1_datapath/U3_alu/U9_DW_mult_pipe/U424/Y (INVX1)
                                                          0.03       1.49 f
  U3_cpu/U1_datapath/U3_alu/U9_DW_mult_pipe/U422/Y (INVX1)
                                                          0.06       1.54 r
  U3_cpu/U1_datapath/U3_alu/U9_DW_mult_pipe/clk_r_REG60_S1/RN (SDFFRX1)
                                                          0.00       1.54 r
  data arrival time                                                  1.54

  clock clk (rise edge)                                   0.00       0.00
  clock network delay (ideal)                             1.50       1.50
  clock uncertainty                                       0.30       1.80
  U3_cpu/U1_datapath/U3_alu/U9_DW_mult_pipe/clk_r_REG60_S1/CK (SDFFRX1)
                                                                     1.80 r
  library removal time                                   -0.01       1.79
  data required time                                                 1.79
  ------------------------------------------------------------------------------
  data required time                                                 1.79
  data arrival time                                                 -1.54
  ------------------------------------------------------------------------------
  slack (VIOLATED)                                                  -0.24


  Startpoint: test_mode (input port)
  Endpoint: U3_cpu/U1_datapath/U3_alu/U9_DW_mult_pipe/clk_r_REG61_S1
               (removal check against rising-edge clock clk)
  Path Group: **async_default**
  Path Type: min

  Point                                                   Incr       Path
  ------------------------------------------------------------------------------
  clock (input port clock) (rise edge)                    0.00       0.00
  clock network delay (ideal)                             0.00       0.00
  input external delay                                    0.00       0.00 f
  test_mode (in)                                          0.00       0.00 f
  PI_test_mode/C (PDIDGZ)                                 0.30       0.30 f
  U3_cpu/U1_datapath/U3_alu/U9_DW_mult_pipe/test_point_534/U6/Y (MX2X1)
                                                          0.87       1.17 f
  U3_cpu/U1_datapath/U3_alu/U9_DW_mult_pipe/clk_r_REG61_S1_syn27/Y (INVX1)
                                                          0.28       1.46 r
  U3_cpu/U1_datapath/U3_alu/U9_DW_mult_pipe/U427/Y (INVX1)
                                                          0.03       1.49 f
  U3_cpu/U1_datapath/U3_alu/U9_DW_mult_pipe/U425/Y (INVX1)
                                                          0.06       1.54 r
  U3_cpu/U1_datapath/U3_alu/U9_DW_mult_pipe/clk_r_REG61_S1/RN (SDFFRX1)
                                                          0.00       1.54 r
  data arrival time                                                  1.54

  clock clk (rise edge)                                   0.00       0.00
  clock network delay (ideal)                             1.50       1.50
  clock uncertainty                                       0.30       1.80
  U3_cpu/U1_datapath/U3_alu/U9_DW_mult_pipe/clk_r_REG61_S1/CK (SDFFRX1)
                                                                     1.80 r
  library removal time                                   -0.01       1.79
  data required time                                                 1.79
  ------------------------------------------------------------------------------
  data required time                                                 1.79
  data arrival time                                                 -1.54
  ------------------------------------------------------------------------------
  slack (VIOLATED)                                                  -0.24


  Startpoint: test_mode (input port)
  Endpoint: U3_cpu/U1_datapath/U3_alu/U9_DW_mult_pipe/clk_r_REG62_S1
               (removal check against rising-edge clock clk)
  Path Group: **async_default**
  Path Type: min

  Point                                                   Incr       Path
  ------------------------------------------------------------------------------
  clock (input port clock) (rise edge)                    0.00       0.00
  clock network delay (ideal)                             0.00       0.00
  input external delay                                    0.00       0.00 f
  test_mode (in)                                          0.00       0.00 f
  PI_test_mode/C (PDIDGZ)                                 0.30       0.30 f
  U3_cpu/U1_datapath/U3_alu/U9_DW_mult_pipe/test_point_534/U6/Y (MX2X1)
                                                          0.87       1.17 f
  U3_cpu/U1_datapath/U3_alu/U9_DW_mult_pipe/clk_r_REG62_S1_syn27/Y (INVX1)
                                                          0.28       1.46 r
  U3_cpu/U1_datapath/U3_alu/U9_DW_mult_pipe/U430/Y (INVX1)
                                                          0.03       1.49 f
  U3_cpu/U1_datapath/U3_alu/U9_DW_mult_pipe/U428/Y (INVX1)
                                                          0.06       1.54 r
  U3_cpu/U1_datapath/U3_alu/U9_DW_mult_pipe/clk_r_REG62_S1/RN (SDFFRX1)
                                                          0.00       1.54 r
  data arrival time                                                  1.54

  clock clk (rise edge)                                   0.00       0.00
  clock network delay (ideal)                             1.50       1.50
  clock uncertainty                                       0.30       1.80
  U3_cpu/U1_datapath/U3_alu/U9_DW_mult_pipe/clk_r_REG62_S1/CK (SDFFRX1)
                                                                     1.80 r
  library removal time                                   -0.01       1.79
  data required time                                                 1.79
  ------------------------------------------------------------------------------
  data required time                                                 1.79
  data arrival time                                                 -1.54
  ------------------------------------------------------------------------------
  slack (VIOLATED)                                                  -0.24


  Startpoint: test_mode (input port)
  Endpoint: U3_cpu/U1_datapath/U3_alu/U9_DW_mult_pipe/clk_r_REG63_S1
               (removal check against rising-edge clock clk)
  Path Group: **async_default**
  Path Type: min

  Point                                                   Incr       Path
  ------------------------------------------------------------------------------
  clock (input port clock) (rise edge)                    0.00       0.00
  clock network delay (ideal)                             0.00       0.00
  input external delay                                    0.00       0.00 f
  test_mode (in)                                          0.00       0.00 f
  PI_test_mode/C (PDIDGZ)                                 0.30       0.30 f
  U3_cpu/U1_datapath/U3_alu/U9_DW_mult_pipe/test_point_534/U6/Y (MX2X1)
                                                          0.87       1.17 f
  U3_cpu/U1_datapath/U3_alu/U9_DW_mult_pipe/clk_r_REG63_S1_syn27/Y (INVX1)
                                                          0.28       1.46 r
  U3_cpu/U1_datapath/U3_alu/U9_DW_mult_pipe/U433/Y (INVX1)
                                                          0.03       1.49 f
  U3_cpu/U1_datapath/U3_alu/U9_DW_mult_pipe/U431/Y (INVX1)
                                                          0.06       1.54 r
  U3_cpu/U1_datapath/U3_alu/U9_DW_mult_pipe/clk_r_REG63_S1/RN (SDFFRX1)
                                                          0.00       1.54 r
  data arrival time                                                  1.54

  clock clk (rise edge)                                   0.00       0.00
  clock network delay (ideal)                             1.50       1.50
  clock uncertainty                                       0.30       1.80
  U3_cpu/U1_datapath/U3_alu/U9_DW_mult_pipe/clk_r_REG63_S1/CK (SDFFRX1)
                                                                     1.80 r
  library removal time                                   -0.01       1.79
  data required time                                                 1.79
  ------------------------------------------------------------------------------
  data required time                                                 1.79
  data arrival time                                                 -1.54
  ------------------------------------------------------------------------------
  slack (VIOLATED)                                                  -0.24


  Startpoint: test_mode (input port)
  Endpoint: U3_cpu/U1_datapath/addr2_r_reg_0_
               (removal check against rising-edge clock clk)
  Path Group: **async_default**
  Path Type: min

  Point                                                   Incr       Path
  ------------------------------------------------------------------------------
  clock (input port clock) (rise edge)                    0.00       0.00
  clock network delay (ideal)                             0.00       0.00
  input external delay                                    0.00       0.00 f
  test_mode (in)                                          0.00       0.00 f
  PI_test_mode/C (PDIDGZ)                                 0.30       0.30 f
  test_point_535/U6/Y (MX2X1)                             0.56       0.86 f
  U3_cpu/U1_datapath/U1660/Y (INVX4)                      0.73       1.59 r
  U3_cpu/U1_datapath/addr2_r_reg_0_/RN (SDFFRHQX1)        0.00       1.59 r
  data arrival time                                                  1.59

  clock clk (rise edge)                                   0.00       0.00
  clock network delay (ideal)                             1.50       1.50
  clock uncertainty                                       0.30       1.80
  U3_cpu/U1_datapath/addr2_r_reg_0_/CK (SDFFRHQX1)                   1.80 r
  library removal time                                   -0.01       1.79
  data required time                                                 1.79
  ------------------------------------------------------------------------------
  data required time                                                 1.79
  data arrival time                                                 -1.59
  ------------------------------------------------------------------------------
  slack (VIOLATED)                                                  -0.20


  Startpoint: test_mode (input port)
  Endpoint: U3_cpu/U1_datapath/addr2_r_reg_1_
               (removal check against rising-edge clock clk)
  Path Group: **async_default**
  Path Type: min

  Point                                                   Incr       Path
  ------------------------------------------------------------------------------
  clock (input port clock) (rise edge)                    0.00       0.00
  clock network delay (ideal)                             0.00       0.00
  input external delay                                    0.00       0.00 f
  test_mode (in)                                          0.00       0.00 f
  PI_test_mode/C (PDIDGZ)                                 0.30       0.30 f
  test_point_535/U6/Y (MX2X1)                             0.56       0.86 f
  U3_cpu/U1_datapath/U1660/Y (INVX4)                      0.73       1.59 r
  U3_cpu/U1_datapath/addr2_r_reg_1_/RN (SDFFRHQX1)        0.00       1.59 r
  data arrival time                                                  1.59

  clock clk (rise edge)                                   0.00       0.00
  clock network delay (ideal)                             1.50       1.50
  clock uncertainty                                       0.30       1.80
  U3_cpu/U1_datapath/addr2_r_reg_1_/CK (SDFFRHQX1)                   1.80 r
  library removal time                                   -0.01       1.79
  data required time                                                 1.79
  ------------------------------------------------------------------------------
  data required time                                                 1.79
  data arrival time                                                 -1.59
  ------------------------------------------------------------------------------
  slack (VIOLATED)                                                  -0.20


  Startpoint: test_mode (input port)
  Endpoint: U3_cpu/U1_datapath/addr2_r_reg_2_
               (removal check against rising-edge clock clk)
  Path Group: **async_default**
  Path Type: min

  Point                                                   Incr       Path
  ------------------------------------------------------------------------------
  clock (input port clock) (rise edge)                    0.00       0.00
  clock network delay (ideal)                             0.00       0.00
  input external delay                                    0.00       0.00 f
  test_mode (in)                                          0.00       0.00 f
  PI_test_mode/C (PDIDGZ)                                 0.30       0.30 f
  test_point_535/U6/Y (MX2X1)                             0.56       0.86 f
  U3_cpu/U1_datapath/U1660/Y (INVX4)                      0.73       1.59 r
  U3_cpu/U1_datapath/addr2_r_reg_2_/RN (SDFFRHQX1)        0.00       1.59 r
  data arrival time                                                  1.59

  clock clk (rise edge)                                   0.00       0.00
  clock network delay (ideal)                             1.50       1.50
  clock uncertainty                                       0.30       1.80
  U3_cpu/U1_datapath/addr2_r_reg_2_/CK (SDFFRHQX1)                   1.80 r
  library removal time                                   -0.01       1.79
  data required time                                                 1.79
  ------------------------------------------------------------------------------
  data required time                                                 1.79
  data arrival time                                                 -1.59
  ------------------------------------------------------------------------------
  slack (VIOLATED)                                                  -0.20


  Startpoint: test_mode (input port)
  Endpoint: U3_cpu/U1_datapath/addr2_r_reg_3_
               (removal check against rising-edge clock clk)
  Path Group: **async_default**
  Path Type: min

  Point                                                   Incr       Path
  ------------------------------------------------------------------------------
  clock (input port clock) (rise edge)                    0.00       0.00
  clock network delay (ideal)                             0.00       0.00
  input external delay                                    0.00       0.00 f
  test_mode (in)                                          0.00       0.00 f
  PI_test_mode/C (PDIDGZ)                                 0.30       0.30 f
  test_point_535/U6/Y (MX2X1)                             0.56       0.86 f
  U3_cpu/U1_datapath/U1660/Y (INVX4)                      0.73       1.59 r
  U3_cpu/U1_datapath/addr2_r_reg_3_/RN (SDFFRHQX1)        0.00       1.59 r
  data arrival time                                                  1.59

  clock clk (rise edge)                                   0.00       0.00
  clock network delay (ideal)                             1.50       1.50
  clock uncertainty                                       0.30       1.80
  U3_cpu/U1_datapath/addr2_r_reg_3_/CK (SDFFRHQX1)                   1.80 r
  library removal time                                   -0.01       1.79
  data required time                                                 1.79
  ------------------------------------------------------------------------------
  data required time                                                 1.79
  data arrival time                                                 -1.59
  ------------------------------------------------------------------------------
  slack (VIOLATED)                                                  -0.20


  Startpoint: test_mode (input port)
  Endpoint: U3_cpu/U1_datapath/addr2_r_reg_4_
               (removal check against rising-edge clock clk)
  Path Group: **async_default**
  Path Type: min

  Point                                                   Incr       Path
  ------------------------------------------------------------------------------
  clock (input port clock) (rise edge)                    0.00       0.00
  clock network delay (ideal)                             0.00       0.00
  input external delay                                    0.00       0.00 f
  test_mode (in)                                          0.00       0.00 f
  PI_test_mode/C (PDIDGZ)                                 0.30       0.30 f
  test_point_535/U6/Y (MX2X1)                             0.56       0.86 f
  U3_cpu/U1_datapath/U1660/Y (INVX4)                      0.73       1.59 r
  U3_cpu/U1_datapath/addr2_r_reg_4_/RN (SDFFRHQX1)        0.00       1.59 r
  data arrival time                                                  1.59

  clock clk (rise edge)                                   0.00       0.00
  clock network delay (ideal)                             1.50       1.50
  clock uncertainty                                       0.30       1.80
  U3_cpu/U1_datapath/addr2_r_reg_4_/CK (SDFFRHQX1)                   1.80 r
  library removal time                                   -0.01       1.79
  data required time                                                 1.79
  ------------------------------------------------------------------------------
  data required time                                                 1.79
  data arrival time                                                 -1.59
  ------------------------------------------------------------------------------
  slack (VIOLATED)                                                  -0.20


  Startpoint: test_mode (input port)
  Endpoint: U3_cpu/U1_datapath/bit_dat_in_r_reg
               (removal check against rising-edge clock clk)
  Path Group: **async_default**
  Path Type: min

  Point                                                   Incr       Path
  ------------------------------------------------------------------------------
  clock (input port clock) (rise edge)                    0.00       0.00
  clock network delay (ideal)                             0.00       0.00
  input external delay                                    0.00       0.00 f
  test_mode (in)                                          0.00       0.00 f
  PI_test_mode/C (PDIDGZ)                                 0.30       0.30 f
  test_point_535/U6/Y (MX2X1)                             0.56       0.86 f
  U3_cpu/U1_datapath/U1660/Y (INVX4)                      0.73       1.59 r
  U3_cpu/U1_datapath/bit_dat_in_r_reg/RN (SDFFRHQX1)      0.00       1.59 r
  data arrival time                                                  1.59

  clock clk (rise edge)                                   0.00       0.00
  clock network delay (ideal)                             1.50       1.50
  clock uncertainty                                       0.30       1.80
  U3_cpu/U1_datapath/bit_dat_in_r_reg/CK (SDFFRHQX1)                 1.80 r
  library removal time                                   -0.01       1.79
  data required time                                                 1.79
  ------------------------------------------------------------------------------
  data required time                                                 1.79
  data arrival time                                                 -1.59
  ------------------------------------------------------------------------------
  slack (VIOLATED)                                                  -0.20


  Startpoint: test_mode (input port)
  Endpoint: U3_cpu/U1_datapath/in_idat1_r_reg_1_
               (removal check against rising-edge clock clk)
  Path Group: **async_default**
  Path Type: min

  Point                                                   Incr       Path
  ------------------------------------------------------------------------------
  clock (input port clock) (rise edge)                    0.00       0.00
  clock network delay (ideal)                             0.00       0.00
  input external delay                                    0.00       0.00 f
  test_mode (in)                                          0.00       0.00 f
  PI_test_mode/C (PDIDGZ)                                 0.30       0.30 f
  test_point_535/U6/Y (MX2X1)                             0.56       0.86 f
  U3_cpu/U1_datapath/U1660/Y (INVX4)                      0.73       1.59 r
  U3_cpu/U1_datapath/in_idat1_r_reg_1_/RN (SDFFRHQX1)     0.00       1.59 r
  data arrival time                                                  1.59

  clock clk (rise edge)                                   0.00       0.00
  clock network delay (ideal)                             1.50       1.50
  clock uncertainty                                       0.30       1.80
  U3_cpu/U1_datapath/in_idat1_r_reg_1_/CK (SDFFRHQX1)                1.80 r
  library removal time                                   -0.01       1.79
  data required time                                                 1.79
  ------------------------------------------------------------------------------
  data required time                                                 1.79
  data arrival time                                                 -1.59
  ------------------------------------------------------------------------------
  slack (VIOLATED)                                                  -0.20


  Startpoint: test_mode (input port)
  Endpoint: U3_cpu/U1_datapath/in_idat1_r_reg_2_
               (removal check against rising-edge clock clk)
  Path Group: **async_default**
  Path Type: min

  Point                                                   Incr       Path
  ------------------------------------------------------------------------------
  clock (input port clock) (rise edge)                    0.00       0.00
  clock network delay (ideal)                             0.00       0.00
  input external delay                                    0.00       0.00 f
  test_mode (in)                                          0.00       0.00 f
  PI_test_mode/C (PDIDGZ)                                 0.30       0.30 f
  test_point_535/U6/Y (MX2X1)                             0.56       0.86 f
  U3_cpu/U1_datapath/U1660/Y (INVX4)                      0.73       1.59 r
  U3_cpu/U1_datapath/in_idat1_r_reg_2_/RN (SDFFRHQX1)     0.00       1.59 r
  data arrival time                                                  1.59

  clock clk (rise edge)                                   0.00       0.00
  clock network delay (ideal)                             1.50       1.50
  clock uncertainty                                       0.30       1.80
  U3_cpu/U1_datapath/in_idat1_r_reg_2_/CK (SDFFRHQX1)                1.80 r
  library removal time                                   -0.01       1.79
  data required time                                                 1.79
  ------------------------------------------------------------------------------
  data required time                                                 1.79
  data arrival time                                                 -1.59
  ------------------------------------------------------------------------------
  slack (VIOLATED)                                                  -0.20


  Startpoint: test_mode (input port)
  Endpoint: U3_cpu/U1_datapath/in_idat1_r_reg_3_
               (removal check against rising-edge clock clk)
  Path Group: **async_default**
  Path Type: min

  Point                                                   Incr       Path
  ------------------------------------------------------------------------------
  clock (input port clock) (rise edge)                    0.00       0.00
  clock network delay (ideal)                             0.00       0.00
  input external delay                                    0.00       0.00 f
  test_mode (in)                                          0.00       0.00 f
  PI_test_mode/C (PDIDGZ)                                 0.30       0.30 f
  test_point_535/U6/Y (MX2X1)                             0.56       0.86 f
  U3_cpu/U1_datapath/U1660/Y (INVX4)                      0.73       1.59 r
  U3_cpu/U1_datapath/in_idat1_r_reg_3_/RN (SDFFRHQX1)     0.00       1.59 r
  data arrival time                                                  1.59

  clock clk (rise edge)                                   0.00       0.00
  clock network delay (ideal)                             1.50       1.50
  clock uncertainty                                       0.30       1.80
  U3_cpu/U1_datapath/in_idat1_r_reg_3_/CK (SDFFRHQX1)                1.80 r
  library removal time                                   -0.01       1.79
  data required time                                                 1.79
  ------------------------------------------------------------------------------
  data required time                                                 1.79
  data arrival time                                                 -1.59
  ------------------------------------------------------------------------------
  slack (VIOLATED)                                                  -0.20


  Startpoint: test_mode (input port)
  Endpoint: U3_cpu/U1_datapath/in_idat1_r_reg_4_
               (removal check against rising-edge clock clk)
  Path Group: **async_default**
  Path Type: min

  Point                                                   Incr       Path
  ------------------------------------------------------------------------------
  clock (input port clock) (rise edge)                    0.00       0.00
  clock network delay (ideal)                             0.00       0.00
  input external delay                                    0.00       0.00 f
  test_mode (in)                                          0.00       0.00 f
  PI_test_mode/C (PDIDGZ)                                 0.30       0.30 f
  test_point_535/U6/Y (MX2X1)                             0.56       0.86 f
  U3_cpu/U1_datapath/U1660/Y (INVX4)                      0.73       1.59 r
  U3_cpu/U1_datapath/in_idat1_r_reg_4_/RN (SDFFRHQX1)     0.00       1.59 r
  data arrival time                                                  1.59

  clock clk (rise edge)                                   0.00       0.00
  clock network delay (ideal)                             1.50       1.50
  clock uncertainty                                       0.30       1.80
  U3_cpu/U1_datapath/in_idat1_r_reg_4_/CK (SDFFRHQX1)                1.80 r
  library removal time                                   -0.01       1.79
  data required time                                                 1.79
  ------------------------------------------------------------------------------
  data required time                                                 1.79
  data arrival time                                                 -1.59
  ------------------------------------------------------------------------------
  slack (VIOLATED)                                                  -0.20


  Startpoint: test_mode (input port)
  Endpoint: U3_cpu/U1_datapath/in_idat1_r_reg_5_
               (removal check against rising-edge clock clk)
  Path Group: **async_default**
  Path Type: min

  Point                                                   Incr       Path
  ------------------------------------------------------------------------------
  clock (input port clock) (rise edge)                    0.00       0.00
  clock network delay (ideal)                             0.00       0.00
  input external delay                                    0.00       0.00 f
  test_mode (in)                                          0.00       0.00 f
  PI_test_mode/C (PDIDGZ)                                 0.30       0.30 f
  test_point_535/U6/Y (MX2X1)                             0.56       0.86 f
  U3_cpu/U1_datapath/U1660/Y (INVX4)                      0.73       1.59 r
  U3_cpu/U1_datapath/in_idat1_r_reg_5_/RN (SDFFRHQX1)     0.00       1.59 r
  data arrival time                                                  1.59

  clock clk (rise edge)                                   0.00       0.00
  clock network delay (ideal)                             1.50       1.50
  clock uncertainty                                       0.30       1.80
  U3_cpu/U1_datapath/in_idat1_r_reg_5_/CK (SDFFRHQX1)                1.80 r
  library removal time                                   -0.01       1.79
  data required time                                                 1.79
  ------------------------------------------------------------------------------
  data required time                                                 1.79
  data arrival time                                                 -1.59
  ------------------------------------------------------------------------------
  slack (VIOLATED)                                                  -0.20


  Startpoint: test_mode (input port)
  Endpoint: U3_cpu/U1_datapath/in_idat1_r_reg_6_
               (removal check against rising-edge clock clk)
  Path Group: **async_default**
  Path Type: min

  Point                                                   Incr       Path
  ------------------------------------------------------------------------------
  clock (input port clock) (rise edge)                    0.00       0.00
  clock network delay (ideal)                             0.00       0.00
  input external delay                                    0.00       0.00 f
  test_mode (in)                                          0.00       0.00 f
  PI_test_mode/C (PDIDGZ)                                 0.30       0.30 f
  test_point_535/U6/Y (MX2X1)                             0.56       0.86 f
  U3_cpu/U1_datapath/U1660/Y (INVX4)                      0.73       1.59 r
  U3_cpu/U1_datapath/in_idat1_r_reg_6_/RN (SDFFRHQX1)     0.00       1.59 r
  data arrival time                                                  1.59

  clock clk (rise edge)                                   0.00       0.00
  clock network delay (ideal)                             1.50       1.50
  clock uncertainty                                       0.30       1.80
  U3_cpu/U1_datapath/in_idat1_r_reg_6_/CK (SDFFRHQX1)                1.80 r
  library removal time                                   -0.01       1.79
  data required time                                                 1.79
  ------------------------------------------------------------------------------
  data required time                                                 1.79
  data arrival time                                                 -1.59
  ------------------------------------------------------------------------------
  slack (VIOLATED)                                                  -0.20


  Startpoint: test_mode (input port)
  Endpoint: U3_cpu/U1_datapath/in_idat1_r_reg_7_
               (removal check against rising-edge clock clk)
  Path Group: **async_default**
  Path Type: min

  Point                                                   Incr       Path
  ------------------------------------------------------------------------------
  clock (input port clock) (rise edge)                    0.00       0.00
  clock network delay (ideal)                             0.00       0.00
  input external delay                                    0.00       0.00 f
  test_mode (in)                                          0.00       0.00 f
  PI_test_mode/C (PDIDGZ)                                 0.30       0.30 f
  test_point_535/U6/Y (MX2X1)                             0.56       0.86 f
  U3_cpu/U1_datapath/U1660/Y (INVX4)                      0.73       1.59 r
  U3_cpu/U1_datapath/in_idat1_r_reg_7_/RN (SDFFRHQX1)     0.00       1.59 r
  data arrival time                                                  1.59

  clock clk (rise edge)                                   0.00       0.00
  clock network delay (ideal)                             1.50       1.50
  clock uncertainty                                       0.30       1.80
  U3_cpu/U1_datapath/in_idat1_r_reg_7_/CK (SDFFRHQX1)                1.80 r
  library removal time                                   -0.01       1.79
  data required time                                                 1.79
  ------------------------------------------------------------------------------
  data required time                                                 1.79
  data arrival time                                                 -1.59
  ------------------------------------------------------------------------------
  slack (VIOLATED)                                                  -0.20


  Startpoint: test_mode (input port)
  Endpoint: U3_cpu/U1_datapath/latch_pc_reg_0_
               (removal check against rising-edge clock clk)
  Path Group: **async_default**
  Path Type: min

  Point                                                   Incr       Path
  ------------------------------------------------------------------------------
  clock (input port clock) (rise edge)                    0.00       0.00
  clock network delay (ideal)                             0.00       0.00
  input external delay                                    0.00       0.00 f
  test_mode (in)                                          0.00       0.00 f
  PI_test_mode/C (PDIDGZ)                                 0.30       0.30 f
  test_point_535/U6/Y (MX2X1)                             0.56       0.86 f
  U3_cpu/U1_datapath/U1660/Y (INVX4)                      0.73       1.59 r
  U3_cpu/U1_datapath/latch_pc_reg_0_/RN (SDFFRHQX1)       0.00       1.59 r
  data arrival time                                                  1.59

  clock clk (rise edge)                                   0.00       0.00
  clock network delay (ideal)                             1.50       1.50
  clock uncertainty                                       0.30       1.80
  U3_cpu/U1_datapath/latch_pc_reg_0_/CK (SDFFRHQX1)                  1.80 r
  library removal time                                   -0.01       1.79
  data required time                                                 1.79
  ------------------------------------------------------------------------------
  data required time                                                 1.79
  data arrival time                                                 -1.59
  ------------------------------------------------------------------------------
  slack (VIOLATED)                                                  -0.20


  Startpoint: test_mode (input port)
  Endpoint: U3_cpu/U1_datapath/addr2_r_reg_5_
               (removal check against rising-edge clock clk)
  Path Group: **async_default**
  Path Type: min

  Point                                                   Incr       Path
  ------------------------------------------------------------------------------
  clock (input port clock) (rise edge)                    0.00       0.00
  clock network delay (ideal)                             0.00       0.00
  input external delay                                    0.00       0.00 f
  test_mode (in)                                          0.00       0.00 f
  PI_test_mode/C (PDIDGZ)                                 0.30       0.30 f
  test_point_535/U6/Y (MX2X1)                             0.56       0.86 f
  U3_cpu/U1_datapath/U1660/Y (INVX4)                      0.73       1.59 r
  U3_cpu/U1_datapath/addr2_r_reg_5_/RN (SDFFSRX2)         0.00       1.59 r
  data arrival time                                                  1.59

  clock clk (rise edge)                                   0.00       0.00
  clock network delay (ideal)                             1.50       1.50
  clock uncertainty                                       0.30       1.80
  U3_cpu/U1_datapath/addr2_r_reg_5_/CK (SDFFSRX2)                    1.80 r
  library removal time                                   -0.01       1.79
  data required time                                                 1.79
  ------------------------------------------------------------------------------
  data required time                                                 1.79
  data arrival time                                                 -1.59
  ------------------------------------------------------------------------------
  slack (VIOLATED)                                                  -0.20


  Startpoint: test_mode (input port)
  Endpoint: U3_cpu/U1_datapath/addr2_r_reg_6_
               (removal check against rising-edge clock clk)
  Path Group: **async_default**
  Path Type: min

  Point                                                   Incr       Path
  ------------------------------------------------------------------------------
  clock (input port clock) (rise edge)                    0.00       0.00
  clock network delay (ideal)                             0.00       0.00
  input external delay                                    0.00       0.00 f
  test_mode (in)                                          0.00       0.00 f
  PI_test_mode/C (PDIDGZ)                                 0.30       0.30 f
  test_point_535/U6/Y (MX2X1)                             0.56       0.86 f
  U3_cpu/U1_datapath/U1660/Y (INVX4)                      0.73       1.59 r
  U3_cpu/U1_datapath/addr2_r_reg_6_/RN (SDFFSRX2)         0.00       1.59 r
  data arrival time                                                  1.59

  clock clk (rise edge)                                   0.00       0.00
  clock network delay (ideal)                             1.50       1.50
  clock uncertainty                                       0.30       1.80
  U3_cpu/U1_datapath/addr2_r_reg_6_/CK (SDFFSRX2)                    1.80 r
  library removal time                                   -0.01       1.79
  data required time                                                 1.79
  ------------------------------------------------------------------------------
  data required time                                                 1.79
  data arrival time                                                 -1.59
  ------------------------------------------------------------------------------
  slack (VIOLATED)                                                  -0.20


  Startpoint: test_mode (input port)
  Endpoint: U3_cpu/U1_datapath/addr2_r_reg_7_
               (removal check against rising-edge clock clk)
  Path Group: **async_default**
  Path Type: min

  Point                                                   Incr       Path
  ------------------------------------------------------------------------------
  clock (input port clock) (rise edge)                    0.00       0.00
  clock network delay (ideal)                             0.00       0.00
  input external delay                                    0.00       0.00 f
  test_mode (in)                                          0.00       0.00 f
  PI_test_mode/C (PDIDGZ)                                 0.30       0.30 f
  test_point_535/U6/Y (MX2X1)                             0.56       0.86 f
  U3_cpu/U1_datapath/U1660/Y (INVX4)                      0.73       1.59 r
  U3_cpu/U1_datapath/addr2_r_reg_7_/RN (SDFFSRX2)         0.00       1.59 r
  data arrival time                                                  1.59

  clock clk (rise edge)                                   0.00       0.00
  clock network delay (ideal)                             1.50       1.50
  clock uncertainty                                       0.30       1.80
  U3_cpu/U1_datapath/addr2_r_reg_7_/CK (SDFFSRX2)                    1.80 r
  library removal time                                   -0.01       1.79
  data required time                                                 1.79
  ------------------------------------------------------------------------------
  data required time                                                 1.79
  data arrival time                                                 -1.59
  ------------------------------------------------------------------------------
  slack (VIOLATED)                                                  -0.20


  Startpoint: test_mode (input port)
  Endpoint: U3_cpu/U1_datapath/code_reg_0_
               (removal check against rising-edge clock clk)
  Path Group: **async_default**
  Path Type: min

  Point                                                   Incr       Path
  ------------------------------------------------------------------------------
  clock (input port clock) (rise edge)                    0.00       0.00
  clock network delay (ideal)                             0.00       0.00
  input external delay                                    0.00       0.00 f
  test_mode (in)                                          0.00       0.00 f
  PI_test_mode/C (PDIDGZ)                                 0.30       0.30 f
  test_point_535/U6/Y (MX2X1)                             0.56       0.86 f
  U3_cpu/U1_datapath/U1660/Y (INVX4)                      0.73       1.59 r
  U3_cpu/U1_datapath/code_reg_0_/RN (SDFFSRX2)            0.00       1.59 r
  data arrival time                                                  1.59

  clock clk (rise edge)                                   0.00       0.00
  clock network delay (ideal)                             1.50       1.50
  clock uncertainty                                       0.30       1.80
  U3_cpu/U1_datapath/code_reg_0_/CK (SDFFSRX2)                       1.80 r
  library removal time                                   -0.01       1.79
  data required time                                                 1.79
  ------------------------------------------------------------------------------
  data required time                                                 1.79
  data arrival time                                                 -1.59
  ------------------------------------------------------------------------------
  slack (VIOLATED)                                                  -0.20


  Startpoint: test_mode (input port)
  Endpoint: U3_cpu/U1_datapath/code_reg_1_
               (removal check against rising-edge clock clk)
  Path Group: **async_default**
  Path Type: min

  Point                                                   Incr       Path
  ------------------------------------------------------------------------------
  clock (input port clock) (rise edge)                    0.00       0.00
  clock network delay (ideal)                             0.00       0.00
  input external delay                                    0.00       0.00 f
  test_mode (in)                                          0.00       0.00 f
  PI_test_mode/C (PDIDGZ)                                 0.30       0.30 f
  test_point_535/U6/Y (MX2X1)                             0.56       0.86 f
  U3_cpu/U1_datapath/U1660/Y (INVX4)                      0.73       1.59 r
  U3_cpu/U1_datapath/code_reg_1_/RN (SDFFSRX2)            0.00       1.59 r
  data arrival time                                                  1.59

  clock clk (rise edge)                                   0.00       0.00
  clock network delay (ideal)                             1.50       1.50
  clock uncertainty                                       0.30       1.80
  U3_cpu/U1_datapath/code_reg_1_/CK (SDFFSRX2)                       1.80 r
  library removal time                                   -0.01       1.79
  data required time                                                 1.79
  ------------------------------------------------------------------------------
  data required time                                                 1.79
  data arrival time                                                 -1.59
  ------------------------------------------------------------------------------
  slack (VIOLATED)                                                  -0.20


  Startpoint: test_mode (input port)
  Endpoint: U3_cpu/U1_datapath/code_reg_2_
               (removal check against rising-edge clock clk)
  Path Group: **async_default**
  Path Type: min

  Point                                                   Incr       Path
  ------------------------------------------------------------------------------
  clock (input port clock) (rise edge)                    0.00       0.00
  clock network delay (ideal)                             0.00       0.00
  input external delay                                    0.00       0.00 f
  test_mode (in)                                          0.00       0.00 f
  PI_test_mode/C (PDIDGZ)                                 0.30       0.30 f
  test_point_535/U6/Y (MX2X1)                             0.56       0.86 f
  U3_cpu/U1_datapath/U1660/Y (INVX4)                      0.73       1.59 r
  U3_cpu/U1_datapath/code_reg_2_/RN (SDFFSRX2)            0.00       1.59 r
  data arrival time                                                  1.59

  clock clk (rise edge)                                   0.00       0.00
  clock network delay (ideal)                             1.50       1.50
  clock uncertainty                                       0.30       1.80
  U3_cpu/U1_datapath/code_reg_2_/CK (SDFFSRX2)                       1.80 r
  library removal time                                   -0.01       1.79
  data required time                                                 1.79
  ------------------------------------------------------------------------------
  data required time                                                 1.79
  data arrival time                                                 -1.59
  ------------------------------------------------------------------------------
  slack (VIOLATED)                                                  -0.20


  Startpoint: test_mode (input port)
  Endpoint: U3_cpu/U1_datapath/code_reg_3_
               (removal check against rising-edge clock clk)
  Path Group: **async_default**
  Path Type: min

  Point                                                   Incr       Path
  ------------------------------------------------------------------------------
  clock (input port clock) (rise edge)                    0.00       0.00
  clock network delay (ideal)                             0.00       0.00
  input external delay                                    0.00       0.00 f
  test_mode (in)                                          0.00       0.00 f
  PI_test_mode/C (PDIDGZ)                                 0.30       0.30 f
  test_point_535/U6/Y (MX2X1)                             0.56       0.86 f
  U3_cpu/U1_datapath/U1660/Y (INVX4)                      0.73       1.59 r
  U3_cpu/U1_datapath/code_reg_3_/RN (SDFFSRX2)            0.00       1.59 r
  data arrival time                                                  1.59

  clock clk (rise edge)                                   0.00       0.00
  clock network delay (ideal)                             1.50       1.50
  clock uncertainty                                       0.30       1.80
  U3_cpu/U1_datapath/code_reg_3_/CK (SDFFSRX2)                       1.80 r
  library removal time                                   -0.01       1.79
  data required time                                                 1.79
  ------------------------------------------------------------------------------
  data required time                                                 1.79
  data arrival time                                                 -1.59
  ------------------------------------------------------------------------------
  slack (VIOLATED)                                                  -0.20


  Startpoint: test_mode (input port)
  Endpoint: U3_cpu/U1_datapath/code_reg_4_
               (removal check against rising-edge clock clk)
  Path Group: **async_default**
  Path Type: min

  Point                                                   Incr       Path
  ------------------------------------------------------------------------------
  clock (input port clock) (rise edge)                    0.00       0.00
  clock network delay (ideal)                             0.00       0.00
  input external delay                                    0.00       0.00 f
  test_mode (in)                                          0.00       0.00 f
  PI_test_mode/C (PDIDGZ)                                 0.30       0.30 f
  test_point_535/U6/Y (MX2X1)                             0.56       0.86 f
  U3_cpu/U1_datapath/U1660/Y (INVX4)                      0.73       1.59 r
  U3_cpu/U1_datapath/code_reg_4_/RN (SDFFSRX2)            0.00       1.59 r
  data arrival time                                                  1.59

  clock clk (rise edge)                                   0.00       0.00
  clock network delay (ideal)                             1.50       1.50
  clock uncertainty                                       0.30       1.80
  U3_cpu/U1_datapath/code_reg_4_/CK (SDFFSRX2)                       1.80 r
  library removal time                                   -0.01       1.79
  data required time                                                 1.79
  ------------------------------------------------------------------------------
  data required time                                                 1.79
  data arrival time                                                 -1.59
  ------------------------------------------------------------------------------
  slack (VIOLATED)                                                  -0.20


  Startpoint: test_mode (input port)
  Endpoint: U3_cpu/U1_datapath/code_reg_5_
               (removal check against rising-edge clock clk)
  Path Group: **async_default**
  Path Type: min

  Point                                                   Incr       Path
  ------------------------------------------------------------------------------
  clock (input port clock) (rise edge)                    0.00       0.00
  clock network delay (ideal)                             0.00       0.00
  input external delay                                    0.00       0.00 f
  test_mode (in)                                          0.00       0.00 f
  PI_test_mode/C (PDIDGZ)                                 0.30       0.30 f
  test_point_535/U6/Y (MX2X1)                             0.56       0.86 f
  U3_cpu/U1_datapath/U1660/Y (INVX4)                      0.73       1.59 r
  U3_cpu/U1_datapath/code_reg_5_/RN (SDFFSRX2)            0.00       1.59 r
  data arrival time                                                  1.59

  clock clk (rise edge)                                   0.00       0.00
  clock network delay (ideal)                             1.50       1.50
  clock uncertainty                                       0.30       1.80
  U3_cpu/U1_datapath/code_reg_5_/CK (SDFFSRX2)                       1.80 r
  library removal time                                   -0.01       1.79
  data required time                                                 1.79
  ------------------------------------------------------------------------------
  data required time                                                 1.79
  data arrival time                                                 -1.59
  ------------------------------------------------------------------------------
  slack (VIOLATED)                                                  -0.20


  Startpoint: test_mode (input port)
  Endpoint: U3_cpu/U1_datapath/code_reg_6_
               (removal check against rising-edge clock clk)
  Path Group: **async_default**
  Path Type: min

  Point                                                   Incr       Path
  ------------------------------------------------------------------------------
  clock (input port clock) (rise edge)                    0.00       0.00
  clock network delay (ideal)                             0.00       0.00
  input external delay                                    0.00       0.00 f
  test_mode (in)                                          0.00       0.00 f
  PI_test_mode/C (PDIDGZ)                                 0.30       0.30 f
  test_point_535/U6/Y (MX2X1)                             0.56       0.86 f
  U3_cpu/U1_datapath/U1660/Y (INVX4)                      0.73       1.59 r
  U3_cpu/U1_datapath/code_reg_6_/RN (SDFFSRX2)            0.00       1.59 r
  data arrival time                                                  1.59

  clock clk (rise edge)                                   0.00       0.00
  clock network delay (ideal)                             1.50       1.50
  clock uncertainty                                       0.30       1.80
  U3_cpu/U1_datapath/code_reg_6_/CK (SDFFSRX2)                       1.80 r
  library removal time                                   -0.01       1.79
  data required time                                                 1.79
  ------------------------------------------------------------------------------
  data required time                                                 1.79
  data arrival time                                                 -1.59
  ------------------------------------------------------------------------------
  slack (VIOLATED)                                                  -0.20


  Startpoint: test_mode (input port)
  Endpoint: U3_cpu/U1_datapath/code_reg_7_
               (removal check against rising-edge clock clk)
  Path Group: **async_default**
  Path Type: min

  Point                                                   Incr       Path
  ------------------------------------------------------------------------------
  clock (input port clock) (rise edge)                    0.00       0.00
  clock network delay (ideal)                             0.00       0.00
  input external delay                                    0.00       0.00 f
  test_mode (in)                                          0.00       0.00 f
  PI_test_mode/C (PDIDGZ)                                 0.30       0.30 f
  test_point_535/U6/Y (MX2X1)                             0.56       0.86 f
  U3_cpu/U1_datapath/U1660/Y (INVX4)                      0.73       1.59 r
  U3_cpu/U1_datapath/code_reg_7_/RN (SDFFSRX2)            0.00       1.59 r
  data arrival time                                                  1.59

  clock clk (rise edge)                                   0.00       0.00
  clock network delay (ideal)                             1.50       1.50
  clock uncertainty                                       0.30       1.80
  U3_cpu/U1_datapath/code_reg_7_/CK (SDFFSRX2)                       1.80 r
  library removal time                                   -0.01       1.79
  data required time                                                 1.79
  ------------------------------------------------------------------------------
  data required time                                                 1.79
  data arrival time                                                 -1.59
  ------------------------------------------------------------------------------
  slack (VIOLATED)                                                  -0.20


  Startpoint: test_mode (input port)
  Endpoint: U3_cpu/U1_datapath/in_idat1_r_reg_0_
               (removal check against rising-edge clock clk)
  Path Group: **async_default**
  Path Type: min

  Point                                                   Incr       Path
  ------------------------------------------------------------------------------
  clock (input port clock) (rise edge)                    0.00       0.00
  clock network delay (ideal)                             0.00       0.00
  input external delay                                    0.00       0.00 f
  test_mode (in)                                          0.00       0.00 f
  PI_test_mode/C (PDIDGZ)                                 0.30       0.30 f
  test_point_535/U6/Y (MX2X1)                             0.56       0.86 f
  U3_cpu/U1_datapath/U1660/Y (INVX4)                      0.73       1.59 r
  U3_cpu/U1_datapath/in_idat1_r_reg_0_/RN (SDFFSRX2)      0.00       1.59 r
  data arrival time                                                  1.59

  clock clk (rise edge)                                   0.00       0.00
  clock network delay (ideal)                             1.50       1.50
  clock uncertainty                                       0.30       1.80
  U3_cpu/U1_datapath/in_idat1_r_reg_0_/CK (SDFFSRX2)                 1.80 r
  library removal time                                   -0.01       1.79
  data required time                                                 1.79
  ------------------------------------------------------------------------------
  data required time                                                 1.79
  data arrival time                                                 -1.59
  ------------------------------------------------------------------------------
  slack (VIOLATED)                                                  -0.20


  Startpoint: test_mode (input port)
  Endpoint: U3_cpu/U1_datapath/in_idat_r_reg_0_
               (removal check against rising-edge clock clk)
  Path Group: **async_default**
  Path Type: min

  Point                                                   Incr       Path
  ------------------------------------------------------------------------------
  clock (input port clock) (rise edge)                    0.00       0.00
  clock network delay (ideal)                             0.00       0.00
  input external delay                                    0.00       0.00 f
  test_mode (in)                                          0.00       0.00 f
  PI_test_mode/C (PDIDGZ)                                 0.30       0.30 f
  test_point_535/U6/Y (MX2X1)                             0.56       0.86 f
  U3_cpu/U1_datapath/U1660/Y (INVX4)                      0.73       1.59 r
  U3_cpu/U1_datapath/in_idat_r_reg_0_/RN (SDFFSRX2)       0.00       1.59 r
  data arrival time                                                  1.59

  clock clk (rise edge)                                   0.00       0.00
  clock network delay (ideal)                             1.50       1.50
  clock uncertainty                                       0.30       1.80
  U3_cpu/U1_datapath/in_idat_r_reg_0_/CK (SDFFSRX2)                  1.80 r
  library removal time                                   -0.01       1.79
  data required time                                                 1.79
  ------------------------------------------------------------------------------
  data required time                                                 1.79
  data arrival time                                                 -1.59
  ------------------------------------------------------------------------------
  slack (VIOLATED)                                                  -0.20


  Startpoint: test_mode (input port)
  Endpoint: U3_cpu/U1_datapath/in_idat_r_reg_1_
               (removal check against rising-edge clock clk)
  Path Group: **async_default**
  Path Type: min

  Point                                                   Incr       Path
  ------------------------------------------------------------------------------
  clock (input port clock) (rise edge)                    0.00       0.00
  clock network delay (ideal)                             0.00       0.00
  input external delay                                    0.00       0.00 f
  test_mode (in)                                          0.00       0.00 f
  PI_test_mode/C (PDIDGZ)                                 0.30       0.30 f
  test_point_535/U6/Y (MX2X1)                             0.56       0.86 f
  U3_cpu/U1_datapath/U1660/Y (INVX4)                      0.73       1.59 r
  U3_cpu/U1_datapath/in_idat_r_reg_1_/RN (SDFFSRX2)       0.00       1.59 r
  data arrival time                                                  1.59

  clock clk (rise edge)                                   0.00       0.00
  clock network delay (ideal)                             1.50       1.50
  clock uncertainty                                       0.30       1.80
  U3_cpu/U1_datapath/in_idat_r_reg_1_/CK (SDFFSRX2)                  1.80 r
  library removal time                                   -0.01       1.79
  data required time                                                 1.79
  ------------------------------------------------------------------------------
  data required time                                                 1.79
  data arrival time                                                 -1.59
  ------------------------------------------------------------------------------
  slack (VIOLATED)                                                  -0.20


  Startpoint: test_mode (input port)
  Endpoint: U3_cpu/U1_datapath/in_idat_r_reg_2_
               (removal check against rising-edge clock clk)
  Path Group: **async_default**
  Path Type: min

  Point                                                   Incr       Path
  ------------------------------------------------------------------------------
  clock (input port clock) (rise edge)                    0.00       0.00
  clock network delay (ideal)                             0.00       0.00
  input external delay                                    0.00       0.00 f
  test_mode (in)                                          0.00       0.00 f
  PI_test_mode/C (PDIDGZ)                                 0.30       0.30 f
  test_point_535/U6/Y (MX2X1)                             0.56       0.86 f
  U3_cpu/U1_datapath/U1660/Y (INVX4)                      0.73       1.59 r
  U3_cpu/U1_datapath/in_idat_r_reg_2_/RN (SDFFSRX2)       0.00       1.59 r
  data arrival time                                                  1.59

  clock clk (rise edge)                                   0.00       0.00
  clock network delay (ideal)                             1.50       1.50
  clock uncertainty                                       0.30       1.80
  U3_cpu/U1_datapath/in_idat_r_reg_2_/CK (SDFFSRX2)                  1.80 r
  library removal time                                   -0.01       1.79
  data required time                                                 1.79
  ------------------------------------------------------------------------------
  data required time                                                 1.79
  data arrival time                                                 -1.59
  ------------------------------------------------------------------------------
  slack (VIOLATED)                                                  -0.20


  Startpoint: test_mode (input port)
  Endpoint: U3_cpu/U1_datapath/in_idat_r_reg_3_
               (removal check against rising-edge clock clk)
  Path Group: **async_default**
  Path Type: min

  Point                                                   Incr       Path
  ------------------------------------------------------------------------------
  clock (input port clock) (rise edge)                    0.00       0.00
  clock network delay (ideal)                             0.00       0.00
  input external delay                                    0.00       0.00 f
  test_mode (in)                                          0.00       0.00 f
  PI_test_mode/C (PDIDGZ)                                 0.30       0.30 f
  test_point_535/U6/Y (MX2X1)                             0.56       0.86 f
  U3_cpu/U1_datapath/U1660/Y (INVX4)                      0.73       1.59 r
  U3_cpu/U1_datapath/in_idat_r_reg_3_/RN (SDFFSRX2)       0.00       1.59 r
  data arrival time                                                  1.59

  clock clk (rise edge)                                   0.00       0.00
  clock network delay (ideal)                             1.50       1.50
  clock uncertainty                                       0.30       1.80
  U3_cpu/U1_datapath/in_idat_r_reg_3_/CK (SDFFSRX2)                  1.80 r
  library removal time                                   -0.01       1.79
  data required time                                                 1.79
  ------------------------------------------------------------------------------
  data required time                                                 1.79
  data arrival time                                                 -1.59
  ------------------------------------------------------------------------------
  slack (VIOLATED)                                                  -0.20


  Startpoint: test_mode (input port)
  Endpoint: U3_cpu/U1_datapath/in_idat_r_reg_4_
               (removal check against rising-edge clock clk)
  Path Group: **async_default**
  Path Type: min

  Point                                                   Incr       Path
  ------------------------------------------------------------------------------
  clock (input port clock) (rise edge)                    0.00       0.00
  clock network delay (ideal)                             0.00       0.00
  input external delay                                    0.00       0.00 f
  test_mode (in)                                          0.00       0.00 f
  PI_test_mode/C (PDIDGZ)                                 0.30       0.30 f
  test_point_535/U6/Y (MX2X1)                             0.56       0.86 f
  U3_cpu/U1_datapath/U1660/Y (INVX4)                      0.73       1.59 r
  U3_cpu/U1_datapath/in_idat_r_reg_4_/RN (SDFFSRX2)       0.00       1.59 r
  data arrival time                                                  1.59

  clock clk (rise edge)                                   0.00       0.00
  clock network delay (ideal)                             1.50       1.50
  clock uncertainty                                       0.30       1.80
  U3_cpu/U1_datapath/in_idat_r_reg_4_/CK (SDFFSRX2)                  1.80 r
  library removal time                                   -0.01       1.79
  data required time                                                 1.79
  ------------------------------------------------------------------------------
  data required time                                                 1.79
  data arrival time                                                 -1.59
  ------------------------------------------------------------------------------
  slack (VIOLATED)                                                  -0.20


  Startpoint: test_mode (input port)
  Endpoint: U3_cpu/U1_datapath/in_idat_r_reg_5_
               (removal check against rising-edge clock clk)
  Path Group: **async_default**
  Path Type: min

  Point                                                   Incr       Path
  ------------------------------------------------------------------------------
  clock (input port clock) (rise edge)                    0.00       0.00
  clock network delay (ideal)                             0.00       0.00
  input external delay                                    0.00       0.00 f
  test_mode (in)                                          0.00       0.00 f
  PI_test_mode/C (PDIDGZ)                                 0.30       0.30 f
  test_point_535/U6/Y (MX2X1)                             0.56       0.86 f
  U3_cpu/U1_datapath/U1660/Y (INVX4)                      0.73       1.59 r
  U3_cpu/U1_datapath/in_idat_r_reg_5_/RN (SDFFSRX2)       0.00       1.59 r
  data arrival time                                                  1.59

  clock clk (rise edge)                                   0.00       0.00
  clock network delay (ideal)                             1.50       1.50
  clock uncertainty                                       0.30       1.80
  U3_cpu/U1_datapath/in_idat_r_reg_5_/CK (SDFFSRX2)                  1.80 r
  library removal time                                   -0.01       1.79
  data required time                                                 1.79
  ------------------------------------------------------------------------------
  data required time                                                 1.79
  data arrival time                                                 -1.59
  ------------------------------------------------------------------------------
  slack (VIOLATED)                                                  -0.20


  Startpoint: test_mode (input port)
  Endpoint: U3_cpu/U1_datapath/in_idat_r_reg_6_
               (removal check against rising-edge clock clk)
  Path Group: **async_default**
  Path Type: min

  Point                                                   Incr       Path
  ------------------------------------------------------------------------------
  clock (input port clock) (rise edge)                    0.00       0.00
  clock network delay (ideal)                             0.00       0.00
  input external delay                                    0.00       0.00 f
  test_mode (in)                                          0.00       0.00 f
  PI_test_mode/C (PDIDGZ)                                 0.30       0.30 f
  test_point_535/U6/Y (MX2X1)                             0.56       0.86 f
  U3_cpu/U1_datapath/U1660/Y (INVX4)                      0.73       1.59 r
  U3_cpu/U1_datapath/in_idat_r_reg_6_/RN (SDFFSRX2)       0.00       1.59 r
  data arrival time                                                  1.59

  clock clk (rise edge)                                   0.00       0.00
  clock network delay (ideal)                             1.50       1.50
  clock uncertainty                                       0.30       1.80
  U3_cpu/U1_datapath/in_idat_r_reg_6_/CK (SDFFSRX2)                  1.80 r
  library removal time                                   -0.01       1.79
  data required time                                                 1.79
  ------------------------------------------------------------------------------
  data required time                                                 1.79
  data arrival time                                                 -1.59
  ------------------------------------------------------------------------------
  slack (VIOLATED)                                                  -0.20


  Startpoint: test_mode (input port)
  Endpoint: U3_cpu/U1_datapath/in_idat_r_reg_7_
               (removal check against rising-edge clock clk)
  Path Group: **async_default**
  Path Type: min

  Point                                                   Incr       Path
  ------------------------------------------------------------------------------
  clock (input port clock) (rise edge)                    0.00       0.00
  clock network delay (ideal)                             0.00       0.00
  input external delay                                    0.00       0.00 f
  test_mode (in)                                          0.00       0.00 f
  PI_test_mode/C (PDIDGZ)                                 0.30       0.30 f
  test_point_535/U6/Y (MX2X1)                             0.56       0.86 f
  U3_cpu/U1_datapath/U1660/Y (INVX4)                      0.73       1.59 r
  U3_cpu/U1_datapath/in_idat_r_reg_7_/RN (SDFFSRX2)       0.00       1.59 r
  data arrival time                                                  1.59

  clock clk (rise edge)                                   0.00       0.00
  clock network delay (ideal)                             1.50       1.50
  clock uncertainty                                       0.30       1.80
  U3_cpu/U1_datapath/in_idat_r_reg_7_/CK (SDFFSRX2)                  1.80 r
  library removal time                                   -0.01       1.79
  data required time                                                 1.79
  ------------------------------------------------------------------------------
  data required time                                                 1.79
  data arrival time                                                 -1.59
  ------------------------------------------------------------------------------
  slack (VIOLATED)                                                  -0.20


  Startpoint: test_mode (input port)
  Endpoint: U3_cpu/U1_datapath/in_xrom1_r_reg_0_
               (removal check against rising-edge clock clk)
  Path Group: **async_default**
  Path Type: min

  Point                                                   Incr       Path
  ------------------------------------------------------------------------------
  clock (input port clock) (rise edge)                    0.00       0.00
  clock network delay (ideal)                             0.00       0.00
  input external delay                                    0.00       0.00 f
  test_mode (in)                                          0.00       0.00 f
  PI_test_mode/C (PDIDGZ)                                 0.30       0.30 f
  test_point_535/U6/Y (MX2X1)                             0.56       0.86 f
  U3_cpu/U1_datapath/U1660/Y (INVX4)                      0.73       1.59 r
  U3_cpu/U1_datapath/in_xrom1_r_reg_0_/RN (SDFFSRX2)      0.00       1.59 r
  data arrival time                                                  1.59

  clock clk (rise edge)                                   0.00       0.00
  clock network delay (ideal)                             1.50       1.50
  clock uncertainty                                       0.30       1.80
  U3_cpu/U1_datapath/in_xrom1_r_reg_0_/CK (SDFFSRX2)                 1.80 r
  library removal time                                   -0.01       1.79
  data required time                                                 1.79
  ------------------------------------------------------------------------------
  data required time                                                 1.79
  data arrival time                                                 -1.59
  ------------------------------------------------------------------------------
  slack (VIOLATED)                                                  -0.20


  Startpoint: test_mode (input port)
  Endpoint: U3_cpu/U1_datapath/in_xrom1_r_reg_1_
               (removal check against rising-edge clock clk)
  Path Group: **async_default**
  Path Type: min

  Point                                                   Incr       Path
  ------------------------------------------------------------------------------
  clock (input port clock) (rise edge)                    0.00       0.00
  clock network delay (ideal)                             0.00       0.00
  input external delay                                    0.00       0.00 f
  test_mode (in)                                          0.00       0.00 f
  PI_test_mode/C (PDIDGZ)                                 0.30       0.30 f
  test_point_535/U6/Y (MX2X1)                             0.56       0.86 f
  U3_cpu/U1_datapath/U1660/Y (INVX4)                      0.73       1.59 r
  U3_cpu/U1_datapath/in_xrom1_r_reg_1_/RN (SDFFSRX2)      0.00       1.59 r
  data arrival time                                                  1.59

  clock clk (rise edge)                                   0.00       0.00
  clock network delay (ideal)                             1.50       1.50
  clock uncertainty                                       0.30       1.80
  U3_cpu/U1_datapath/in_xrom1_r_reg_1_/CK (SDFFSRX2)                 1.80 r
  library removal time                                   -0.01       1.79
  data required time                                                 1.79
  ------------------------------------------------------------------------------
  data required time                                                 1.79
  data arrival time                                                 -1.59
  ------------------------------------------------------------------------------
  slack (VIOLATED)                                                  -0.20


  Startpoint: test_mode (input port)
  Endpoint: U3_cpu/U1_datapath/in_xrom1_r_reg_2_
               (removal check against rising-edge clock clk)
  Path Group: **async_default**
  Path Type: min

  Point                                                   Incr       Path
  ------------------------------------------------------------------------------
  clock (input port clock) (rise edge)                    0.00       0.00
  clock network delay (ideal)                             0.00       0.00
  input external delay                                    0.00       0.00 f
  test_mode (in)                                          0.00       0.00 f
  PI_test_mode/C (PDIDGZ)                                 0.30       0.30 f
  test_point_535/U6/Y (MX2X1)                             0.56       0.86 f
  U3_cpu/U1_datapath/U1660/Y (INVX4)                      0.73       1.59 r
  U3_cpu/U1_datapath/in_xrom1_r_reg_2_/RN (SDFFSRX2)      0.00       1.59 r
  data arrival time                                                  1.59

  clock clk (rise edge)                                   0.00       0.00
  clock network delay (ideal)                             1.50       1.50
  clock uncertainty                                       0.30       1.80
  U3_cpu/U1_datapath/in_xrom1_r_reg_2_/CK (SDFFSRX2)                 1.80 r
  library removal time                                   -0.01       1.79
  data required time                                                 1.79
  ------------------------------------------------------------------------------
  data required time                                                 1.79
  data arrival time                                                 -1.59
  ------------------------------------------------------------------------------
  slack (VIOLATED)                                                  -0.20


  Startpoint: test_mode (input port)
  Endpoint: U3_cpu/U1_datapath/in_xrom1_r_reg_3_
               (removal check against rising-edge clock clk)
  Path Group: **async_default**
  Path Type: min

  Point                                                   Incr       Path
  ------------------------------------------------------------------------------
  clock (input port clock) (rise edge)                    0.00       0.00
  clock network delay (ideal)                             0.00       0.00
  input external delay                                    0.00       0.00 f
  test_mode (in)                                          0.00       0.00 f
  PI_test_mode/C (PDIDGZ)                                 0.30       0.30 f
  test_point_535/U6/Y (MX2X1)                             0.56       0.86 f
  U3_cpu/U1_datapath/U1660/Y (INVX4)                      0.73       1.59 r
  U3_cpu/U1_datapath/in_xrom1_r_reg_3_/RN (SDFFSRX2)      0.00       1.59 r
  data arrival time                                                  1.59

  clock clk (rise edge)                                   0.00       0.00
  clock network delay (ideal)                             1.50       1.50
  clock uncertainty                                       0.30       1.80
  U3_cpu/U1_datapath/in_xrom1_r_reg_3_/CK (SDFFSRX2)                 1.80 r
  library removal time                                   -0.01       1.79
  data required time                                                 1.79
  ------------------------------------------------------------------------------
  data required time                                                 1.79
  data arrival time                                                 -1.59
  ------------------------------------------------------------------------------
  slack (VIOLATED)                                                  -0.20


  Startpoint: test_mode (input port)
  Endpoint: U3_cpu/U1_datapath/in_xrom1_r_reg_4_
               (removal check against rising-edge clock clk)
  Path Group: **async_default**
  Path Type: min

  Point                                                   Incr       Path
  ------------------------------------------------------------------------------
  clock (input port clock) (rise edge)                    0.00       0.00
  clock network delay (ideal)                             0.00       0.00
  input external delay                                    0.00       0.00 f
  test_mode (in)                                          0.00       0.00 f
  PI_test_mode/C (PDIDGZ)                                 0.30       0.30 f
  test_point_535/U6/Y (MX2X1)                             0.56       0.86 f
  U3_cpu/U1_datapath/U1660/Y (INVX4)                      0.73       1.59 r
  U3_cpu/U1_datapath/in_xrom1_r_reg_4_/RN (SDFFSRX2)      0.00       1.59 r
  data arrival time                                                  1.59

  clock clk (rise edge)                                   0.00       0.00
  clock network delay (ideal)                             1.50       1.50
  clock uncertainty                                       0.30       1.80
  U3_cpu/U1_datapath/in_xrom1_r_reg_4_/CK (SDFFSRX2)                 1.80 r
  library removal time                                   -0.01       1.79
  data required time                                                 1.79
  ------------------------------------------------------------------------------
  data required time                                                 1.79
  data arrival time                                                 -1.59
  ------------------------------------------------------------------------------
  slack (VIOLATED)                                                  -0.20


  Startpoint: test_mode (input port)
  Endpoint: U3_cpu/U1_datapath/in_xrom1_r_reg_5_
               (removal check against rising-edge clock clk)
  Path Group: **async_default**
  Path Type: min

  Point                                                   Incr       Path
  ------------------------------------------------------------------------------
  clock (input port clock) (rise edge)                    0.00       0.00
  clock network delay (ideal)                             0.00       0.00
  input external delay                                    0.00       0.00 f
  test_mode (in)                                          0.00       0.00 f
  PI_test_mode/C (PDIDGZ)                                 0.30       0.30 f
  test_point_535/U6/Y (MX2X1)                             0.56       0.86 f
  U3_cpu/U1_datapath/U1660/Y (INVX4)                      0.73       1.59 r
  U3_cpu/U1_datapath/in_xrom1_r_reg_5_/RN (SDFFSRX2)      0.00       1.59 r
  data arrival time                                                  1.59

  clock clk (rise edge)                                   0.00       0.00
  clock network delay (ideal)                             1.50       1.50
  clock uncertainty                                       0.30       1.80
  U3_cpu/U1_datapath/in_xrom1_r_reg_5_/CK (SDFFSRX2)                 1.80 r
  library removal time                                   -0.01       1.79
  data required time                                                 1.79
  ------------------------------------------------------------------------------
  data required time                                                 1.79
  data arrival time                                                 -1.59
  ------------------------------------------------------------------------------
  slack (VIOLATED)                                                  -0.20


  Startpoint: test_mode (input port)
  Endpoint: U3_cpu/U1_datapath/in_xrom1_r_reg_6_
               (removal check against rising-edge clock clk)
  Path Group: **async_default**
  Path Type: min

  Point                                                   Incr       Path
  ------------------------------------------------------------------------------
  clock (input port clock) (rise edge)                    0.00       0.00
  clock network delay (ideal)                             0.00       0.00
  input external delay                                    0.00       0.00 f
  test_mode (in)                                          0.00       0.00 f
  PI_test_mode/C (PDIDGZ)                                 0.30       0.30 f
  test_point_535/U6/Y (MX2X1)                             0.56       0.86 f
  U3_cpu/U1_datapath/U1660/Y (INVX4)                      0.73       1.59 r
  U3_cpu/U1_datapath/in_xrom1_r_reg_6_/RN (SDFFSRX2)      0.00       1.59 r
  data arrival time                                                  1.59

  clock clk (rise edge)                                   0.00       0.00
  clock network delay (ideal)                             1.50       1.50
  clock uncertainty                                       0.30       1.80
  U3_cpu/U1_datapath/in_xrom1_r_reg_6_/CK (SDFFSRX2)                 1.80 r
  library removal time                                   -0.01       1.79
  data required time                                                 1.79
  ------------------------------------------------------------------------------
  data required time                                                 1.79
  data arrival time                                                 -1.59
  ------------------------------------------------------------------------------
  slack (VIOLATED)                                                  -0.20


  Startpoint: test_mode (input port)
  Endpoint: U3_cpu/U1_datapath/in_xrom1_r_reg_7_
               (removal check against rising-edge clock clk)
  Path Group: **async_default**
  Path Type: min

  Point                                                   Incr       Path
  ------------------------------------------------------------------------------
  clock (input port clock) (rise edge)                    0.00       0.00
  clock network delay (ideal)                             0.00       0.00
  input external delay                                    0.00       0.00 f
  test_mode (in)                                          0.00       0.00 f
  PI_test_mode/C (PDIDGZ)                                 0.30       0.30 f
  test_point_535/U6/Y (MX2X1)                             0.56       0.86 f
  U3_cpu/U1_datapath/U1660/Y (INVX4)                      0.73       1.59 r
  U3_cpu/U1_datapath/in_xrom1_r_reg_7_/RN (SDFFSRX2)      0.00       1.59 r
  data arrival time                                                  1.59

  clock clk (rise edge)                                   0.00       0.00
  clock network delay (ideal)                             1.50       1.50
  clock uncertainty                                       0.30       1.80
  U3_cpu/U1_datapath/in_xrom1_r_reg_7_/CK (SDFFSRX2)                 1.80 r
  library removal time                                   -0.01       1.79
  data required time                                                 1.79
  ------------------------------------------------------------------------------
  data required time                                                 1.79
  data arrival time                                                 -1.59
  ------------------------------------------------------------------------------
  slack (VIOLATED)                                                  -0.20


  Startpoint: test_mode (input port)
  Endpoint: U3_cpu/U1_datapath/in_xrom_r_reg_0_
               (removal check against rising-edge clock clk)
  Path Group: **async_default**
  Path Type: min

  Point                                                   Incr       Path
  ------------------------------------------------------------------------------
  clock (input port clock) (rise edge)                    0.00       0.00
  clock network delay (ideal)                             0.00       0.00
  input external delay                                    0.00       0.00 f
  test_mode (in)                                          0.00       0.00 f
  PI_test_mode/C (PDIDGZ)                                 0.30       0.30 f
  test_point_535/U6/Y (MX2X1)                             0.56       0.86 f
  U3_cpu/U1_datapath/U1660/Y (INVX4)                      0.73       1.59 r
  U3_cpu/U1_datapath/in_xrom_r_reg_0_/RN (SDFFSRX2)       0.00       1.59 r
  data arrival time                                                  1.59

  clock clk (rise edge)                                   0.00       0.00
  clock network delay (ideal)                             1.50       1.50
  clock uncertainty                                       0.30       1.80
  U3_cpu/U1_datapath/in_xrom_r_reg_0_/CK (SDFFSRX2)                  1.80 r
  library removal time                                   -0.01       1.79
  data required time                                                 1.79
  ------------------------------------------------------------------------------
  data required time                                                 1.79
  data arrival time                                                 -1.59
  ------------------------------------------------------------------------------
  slack (VIOLATED)                                                  -0.20


  Startpoint: test_mode (input port)
  Endpoint: U3_cpu/U1_datapath/in_xrom_r_reg_1_
               (removal check against rising-edge clock clk)
  Path Group: **async_default**
  Path Type: min

  Point                                                   Incr       Path
  ------------------------------------------------------------------------------
  clock (input port clock) (rise edge)                    0.00       0.00
  clock network delay (ideal)                             0.00       0.00
  input external delay                                    0.00       0.00 f
  test_mode (in)                                          0.00       0.00 f
  PI_test_mode/C (PDIDGZ)                                 0.30       0.30 f
  test_point_535/U6/Y (MX2X1)                             0.56       0.86 f
  U3_cpu/U1_datapath/U1660/Y (INVX4)                      0.73       1.59 r
  U3_cpu/U1_datapath/in_xrom_r_reg_1_/RN (SDFFSRX2)       0.00       1.59 r
  data arrival time                                                  1.59

  clock clk (rise edge)                                   0.00       0.00
  clock network delay (ideal)                             1.50       1.50
  clock uncertainty                                       0.30       1.80
  U3_cpu/U1_datapath/in_xrom_r_reg_1_/CK (SDFFSRX2)                  1.80 r
  library removal time                                   -0.01       1.79
  data required time                                                 1.79
  ------------------------------------------------------------------------------
  data required time                                                 1.79
  data arrival time                                                 -1.59
  ------------------------------------------------------------------------------
  slack (VIOLATED)                                                  -0.20


  Startpoint: test_mode (input port)
  Endpoint: U3_cpu/U1_datapath/in_xrom_r_reg_2_
               (removal check against rising-edge clock clk)
  Path Group: **async_default**
  Path Type: min

  Point                                                   Incr       Path
  ------------------------------------------------------------------------------
  clock (input port clock) (rise edge)                    0.00       0.00
  clock network delay (ideal)                             0.00       0.00
  input external delay                                    0.00       0.00 f
  test_mode (in)                                          0.00       0.00 f
  PI_test_mode/C (PDIDGZ)                                 0.30       0.30 f
  test_point_535/U6/Y (MX2X1)                             0.56       0.86 f
  U3_cpu/U1_datapath/U1660/Y (INVX4)                      0.73       1.59 r
  U3_cpu/U1_datapath/in_xrom_r_reg_2_/RN (SDFFSRX2)       0.00       1.59 r
  data arrival time                                                  1.59

  clock clk (rise edge)                                   0.00       0.00
  clock network delay (ideal)                             1.50       1.50
  clock uncertainty                                       0.30       1.80
  U3_cpu/U1_datapath/in_xrom_r_reg_2_/CK (SDFFSRX2)                  1.80 r
  library removal time                                   -0.01       1.79
  data required time                                                 1.79
  ------------------------------------------------------------------------------
  data required time                                                 1.79
  data arrival time                                                 -1.59
  ------------------------------------------------------------------------------
  slack (VIOLATED)                                                  -0.20


  Startpoint: test_mode (input port)
  Endpoint: U3_cpu/U1_datapath/in_xrom_r_reg_3_
               (removal check against rising-edge clock clk)
  Path Group: **async_default**
  Path Type: min

  Point                                                   Incr       Path
  ------------------------------------------------------------------------------
  clock (input port clock) (rise edge)                    0.00       0.00
  clock network delay (ideal)                             0.00       0.00
  input external delay                                    0.00       0.00 f
  test_mode (in)                                          0.00       0.00 f
  PI_test_mode/C (PDIDGZ)                                 0.30       0.30 f
  test_point_535/U6/Y (MX2X1)                             0.56       0.86 f
  U3_cpu/U1_datapath/U1660/Y (INVX4)                      0.73       1.59 r
  U3_cpu/U1_datapath/in_xrom_r_reg_3_/RN (SDFFSRX2)       0.00       1.59 r
  data arrival time                                                  1.59

  clock clk (rise edge)                                   0.00       0.00
  clock network delay (ideal)                             1.50       1.50
  clock uncertainty                                       0.30       1.80
  U3_cpu/U1_datapath/in_xrom_r_reg_3_/CK (SDFFSRX2)                  1.80 r
  library removal time                                   -0.01       1.79
  data required time                                                 1.79
  ------------------------------------------------------------------------------
  data required time                                                 1.79
  data arrival time                                                 -1.59
  ------------------------------------------------------------------------------
  slack (VIOLATED)                                                  -0.20


  Startpoint: test_mode (input port)
  Endpoint: U3_cpu/U1_datapath/in_xrom_r_reg_4_
               (removal check against rising-edge clock clk)
  Path Group: **async_default**
  Path Type: min

  Point                                                   Incr       Path
  ------------------------------------------------------------------------------
  clock (input port clock) (rise edge)                    0.00       0.00
  clock network delay (ideal)                             0.00       0.00
  input external delay                                    0.00       0.00 f
  test_mode (in)                                          0.00       0.00 f
  PI_test_mode/C (PDIDGZ)                                 0.30       0.30 f
  test_point_535/U6/Y (MX2X1)                             0.56       0.86 f
  U3_cpu/U1_datapath/U1660/Y (INVX4)                      0.73       1.59 r
  U3_cpu/U1_datapath/in_xrom_r_reg_4_/RN (SDFFSRX2)       0.00       1.59 r
  data arrival time                                                  1.59

  clock clk (rise edge)                                   0.00       0.00
  clock network delay (ideal)                             1.50       1.50
  clock uncertainty                                       0.30       1.80
  U3_cpu/U1_datapath/in_xrom_r_reg_4_/CK (SDFFSRX2)                  1.80 r
  library removal time                                   -0.01       1.79
  data required time                                                 1.79
  ------------------------------------------------------------------------------
  data required time                                                 1.79
  data arrival time                                                 -1.59
  ------------------------------------------------------------------------------
  slack (VIOLATED)                                                  -0.20


  Startpoint: test_mode (input port)
  Endpoint: U3_cpu/U1_datapath/in_xrom_r_reg_5_
               (removal check against rising-edge clock clk)
  Path Group: **async_default**
  Path Type: min

  Point                                                   Incr       Path
  ------------------------------------------------------------------------------
  clock (input port clock) (rise edge)                    0.00       0.00
  clock network delay (ideal)                             0.00       0.00
  input external delay                                    0.00       0.00 f
  test_mode (in)                                          0.00       0.00 f
  PI_test_mode/C (PDIDGZ)                                 0.30       0.30 f
  test_point_535/U6/Y (MX2X1)                             0.56       0.86 f
  U3_cpu/U1_datapath/U1660/Y (INVX4)                      0.73       1.59 r
  U3_cpu/U1_datapath/in_xrom_r_reg_5_/RN (SDFFSRX2)       0.00       1.59 r
  data arrival time                                                  1.59

  clock clk (rise edge)                                   0.00       0.00
  clock network delay (ideal)                             1.50       1.50
  clock uncertainty                                       0.30       1.80
  U3_cpu/U1_datapath/in_xrom_r_reg_5_/CK (SDFFSRX2)                  1.80 r
  library removal time                                   -0.01       1.79
  data required time                                                 1.79
  ------------------------------------------------------------------------------
  data required time                                                 1.79
  data arrival time                                                 -1.59
  ------------------------------------------------------------------------------
  slack (VIOLATED)                                                  -0.20


  Startpoint: test_mode (input port)
  Endpoint: U3_cpu/U1_datapath/in_xrom_r_reg_6_
               (removal check against rising-edge clock clk)
  Path Group: **async_default**
  Path Type: min

  Point                                                   Incr       Path
  ------------------------------------------------------------------------------
  clock (input port clock) (rise edge)                    0.00       0.00
  clock network delay (ideal)                             0.00       0.00
  input external delay                                    0.00       0.00 f
  test_mode (in)                                          0.00       0.00 f
  PI_test_mode/C (PDIDGZ)                                 0.30       0.30 f
  test_point_535/U6/Y (MX2X1)                             0.56       0.86 f
  U3_cpu/U1_datapath/U1660/Y (INVX4)                      0.73       1.59 r
  U3_cpu/U1_datapath/in_xrom_r_reg_6_/RN (SDFFSRX2)       0.00       1.59 r
  data arrival time                                                  1.59

  clock clk (rise edge)                                   0.00       0.00
  clock network delay (ideal)                             1.50       1.50
  clock uncertainty                                       0.30       1.80
  U3_cpu/U1_datapath/in_xrom_r_reg_6_/CK (SDFFSRX2)                  1.80 r
  library removal time                                   -0.01       1.79
  data required time                                                 1.79
  ------------------------------------------------------------------------------
  data required time                                                 1.79
  data arrival time                                                 -1.59
  ------------------------------------------------------------------------------
  slack (VIOLATED)                                                  -0.20


  Startpoint: test_mode (input port)
  Endpoint: U3_cpu/U1_datapath/in_xrom_r_reg_7_
               (removal check against rising-edge clock clk)
  Path Group: **async_default**
  Path Type: min

  Point                                                   Incr       Path
  ------------------------------------------------------------------------------
  clock (input port clock) (rise edge)                    0.00       0.00
  clock network delay (ideal)                             0.00       0.00
  input external delay                                    0.00       0.00 f
  test_mode (in)                                          0.00       0.00 f
  PI_test_mode/C (PDIDGZ)                                 0.30       0.30 f
  test_point_535/U6/Y (MX2X1)                             0.56       0.86 f
  U3_cpu/U1_datapath/U1660/Y (INVX4)                      0.73       1.59 r
  U3_cpu/U1_datapath/in_xrom_r_reg_7_/RN (SDFFSRX2)       0.00       1.59 r
  data arrival time                                                  1.59

  clock clk (rise edge)                                   0.00       0.00
  clock network delay (ideal)                             1.50       1.50
  clock uncertainty                                       0.30       1.80
  U3_cpu/U1_datapath/in_xrom_r_reg_7_/CK (SDFFSRX2)                  1.80 r
  library removal time                                   -0.01       1.79
  data required time                                                 1.79
  ------------------------------------------------------------------------------
  data required time                                                 1.79
  data arrival time                                                 -1.59
  ------------------------------------------------------------------------------
  slack (VIOLATED)                                                  -0.20


  Startpoint: test_mode (input port)
  Endpoint: U3_cpu/U1_datapath/latch_acc_reg_0_
               (removal check against rising-edge clock clk)
  Path Group: **async_default**
  Path Type: min

  Point                                                   Incr       Path
  ------------------------------------------------------------------------------
  clock (input port clock) (rise edge)                    0.00       0.00
  clock network delay (ideal)                             0.00       0.00
  input external delay                                    0.00       0.00 f
  test_mode (in)                                          0.00       0.00 f
  PI_test_mode/C (PDIDGZ)                                 0.30       0.30 f
  test_point_535/U6/Y (MX2X1)                             0.56       0.86 f
  U3_cpu/U1_datapath/U1660/Y (INVX4)                      0.73       1.59 r
  U3_cpu/U1_datapath/latch_acc_reg_0_/RN (SDFFSRX2)       0.00       1.59 r
  data arrival time                                                  1.59

  clock clk (rise edge)                                   0.00       0.00
  clock network delay (ideal)                             1.50       1.50
  clock uncertainty                                       0.30       1.80
  U3_cpu/U1_datapath/latch_acc_reg_0_/CK (SDFFSRX2)                  1.80 r
  library removal time                                   -0.01       1.79
  data required time                                                 1.79
  ------------------------------------------------------------------------------
  data required time                                                 1.79
  data arrival time                                                 -1.59
  ------------------------------------------------------------------------------
  slack (VIOLATED)                                                  -0.20


  Startpoint: test_mode (input port)
  Endpoint: U3_cpu/U1_datapath/latch_acc_reg_1_
               (removal check against rising-edge clock clk)
  Path Group: **async_default**
  Path Type: min

  Point                                                   Incr       Path
  ------------------------------------------------------------------------------
  clock (input port clock) (rise edge)                    0.00       0.00
  clock network delay (ideal)                             0.00       0.00
  input external delay                                    0.00       0.00 f
  test_mode (in)                                          0.00       0.00 f
  PI_test_mode/C (PDIDGZ)                                 0.30       0.30 f
  test_point_535/U6/Y (MX2X1)                             0.56       0.86 f
  U3_cpu/U1_datapath/U1660/Y (INVX4)                      0.73       1.59 r
  U3_cpu/U1_datapath/latch_acc_reg_1_/RN (SDFFSRX2)       0.00       1.59 r
  data arrival time                                                  1.59

  clock clk (rise edge)                                   0.00       0.00
  clock network delay (ideal)                             1.50       1.50
  clock uncertainty                                       0.30       1.80
  U3_cpu/U1_datapath/latch_acc_reg_1_/CK (SDFFSRX2)                  1.80 r
  library removal time                                   -0.01       1.79
  data required time                                                 1.79
  ------------------------------------------------------------------------------
  data required time                                                 1.79
  data arrival time                                                 -1.59
  ------------------------------------------------------------------------------
  slack (VIOLATED)                                                  -0.20


  Startpoint: test_mode (input port)
  Endpoint: U3_cpu/U1_datapath/latch_acc_reg_2_
               (removal check against rising-edge clock clk)
  Path Group: **async_default**
  Path Type: min

  Point                                                   Incr       Path
  ------------------------------------------------------------------------------
  clock (input port clock) (rise edge)                    0.00       0.00
  clock network delay (ideal)                             0.00       0.00
  input external delay                                    0.00       0.00 f
  test_mode (in)                                          0.00       0.00 f
  PI_test_mode/C (PDIDGZ)                                 0.30       0.30 f
  test_point_535/U6/Y (MX2X1)                             0.56       0.86 f
  U3_cpu/U1_datapath/U1660/Y (INVX4)                      0.73       1.59 r
  U3_cpu/U1_datapath/latch_acc_reg_2_/RN (SDFFSRX2)       0.00       1.59 r
  data arrival time                                                  1.59

  clock clk (rise edge)                                   0.00       0.00
  clock network delay (ideal)                             1.50       1.50
  clock uncertainty                                       0.30       1.80
  U3_cpu/U1_datapath/latch_acc_reg_2_/CK (SDFFSRX2)                  1.80 r
  library removal time                                   -0.01       1.79
  data required time                                                 1.79
  ------------------------------------------------------------------------------
  data required time                                                 1.79
  data arrival time                                                 -1.59
  ------------------------------------------------------------------------------
  slack (VIOLATED)                                                  -0.20


  Startpoint: test_mode (input port)
  Endpoint: U3_cpu/U1_datapath/latch_acc_reg_3_
               (removal check against rising-edge clock clk)
  Path Group: **async_default**
  Path Type: min

  Point                                                   Incr       Path
  ------------------------------------------------------------------------------
  clock (input port clock) (rise edge)                    0.00       0.00
  clock network delay (ideal)                             0.00       0.00
  input external delay                                    0.00       0.00 f
  test_mode (in)                                          0.00       0.00 f
  PI_test_mode/C (PDIDGZ)                                 0.30       0.30 f
  test_point_535/U6/Y (MX2X1)                             0.56       0.86 f
  U3_cpu/U1_datapath/U1660/Y (INVX4)                      0.73       1.59 r
  U3_cpu/U1_datapath/latch_acc_reg_3_/RN (SDFFSRX2)       0.00       1.59 r
  data arrival time                                                  1.59

  clock clk (rise edge)                                   0.00       0.00
  clock network delay (ideal)                             1.50       1.50
  clock uncertainty                                       0.30       1.80
  U3_cpu/U1_datapath/latch_acc_reg_3_/CK (SDFFSRX2)                  1.80 r
  library removal time                                   -0.01       1.79
  data required time                                                 1.79
  ------------------------------------------------------------------------------
  data required time                                                 1.79
  data arrival time                                                 -1.59
  ------------------------------------------------------------------------------
  slack (VIOLATED)                                                  -0.20


  Startpoint: test_mode (input port)
  Endpoint: U3_cpu/U1_datapath/latch_acc_reg_4_
               (removal check against rising-edge clock clk)
  Path Group: **async_default**
  Path Type: min

  Point                                                   Incr       Path
  ------------------------------------------------------------------------------
  clock (input port clock) (rise edge)                    0.00       0.00
  clock network delay (ideal)                             0.00       0.00
  input external delay                                    0.00       0.00 f
  test_mode (in)                                          0.00       0.00 f
  PI_test_mode/C (PDIDGZ)                                 0.30       0.30 f
  test_point_535/U6/Y (MX2X1)                             0.56       0.86 f
  U3_cpu/U1_datapath/U1660/Y (INVX4)                      0.73       1.59 r
  U3_cpu/U1_datapath/latch_acc_reg_4_/RN (SDFFSRX2)       0.00       1.59 r
  data arrival time                                                  1.59

  clock clk (rise edge)                                   0.00       0.00
  clock network delay (ideal)                             1.50       1.50
  clock uncertainty                                       0.30       1.80
  U3_cpu/U1_datapath/latch_acc_reg_4_/CK (SDFFSRX2)                  1.80 r
  library removal time                                   -0.01       1.79
  data required time                                                 1.79
  ------------------------------------------------------------------------------
  data required time                                                 1.79
  data arrival time                                                 -1.59
  ------------------------------------------------------------------------------
  slack (VIOLATED)                                                  -0.20


  Startpoint: test_mode (input port)
  Endpoint: U3_cpu/U1_datapath/latch_acc_reg_5_
               (removal check against rising-edge clock clk)
  Path Group: **async_default**
  Path Type: min

  Point                                                   Incr       Path
  ------------------------------------------------------------------------------
  clock (input port clock) (rise edge)                    0.00       0.00
  clock network delay (ideal)                             0.00       0.00
  input external delay                                    0.00       0.00 f
  test_mode (in)                                          0.00       0.00 f
  PI_test_mode/C (PDIDGZ)                                 0.30       0.30 f
  test_point_535/U6/Y (MX2X1)                             0.56       0.86 f
  U3_cpu/U1_datapath/U1660/Y (INVX4)                      0.73       1.59 r
  U3_cpu/U1_datapath/latch_acc_reg_5_/RN (SDFFSRX2)       0.00       1.59 r
  data arrival time                                                  1.59

  clock clk (rise edge)                                   0.00       0.00
  clock network delay (ideal)                             1.50       1.50
  clock uncertainty                                       0.30       1.80
  U3_cpu/U1_datapath/latch_acc_reg_5_/CK (SDFFSRX2)                  1.80 r
  library removal time                                   -0.01       1.79
  data required time                                                 1.79
  ------------------------------------------------------------------------------
  data required time                                                 1.79
  data arrival time                                                 -1.59
  ------------------------------------------------------------------------------
  slack (VIOLATED)                                                  -0.20


  Startpoint: test_mode (input port)
  Endpoint: U3_cpu/U1_datapath/latch_acc_reg_6_
               (removal check against rising-edge clock clk)
  Path Group: **async_default**
  Path Type: min

  Point                                                   Incr       Path
  ------------------------------------------------------------------------------
  clock (input port clock) (rise edge)                    0.00       0.00
  clock network delay (ideal)                             0.00       0.00
  input external delay                                    0.00       0.00 f
  test_mode (in)                                          0.00       0.00 f
  PI_test_mode/C (PDIDGZ)                                 0.30       0.30 f
  test_point_535/U6/Y (MX2X1)                             0.56       0.86 f
  U3_cpu/U1_datapath/U1660/Y (INVX4)                      0.73       1.59 r
  U3_cpu/U1_datapath/latch_acc_reg_6_/RN (SDFFSRX2)       0.00       1.59 r
  data arrival time                                                  1.59

  clock clk (rise edge)                                   0.00       0.00
  clock network delay (ideal)                             1.50       1.50
  clock uncertainty                                       0.30       1.80
  U3_cpu/U1_datapath/latch_acc_reg_6_/CK (SDFFSRX2)                  1.80 r
  library removal time                                   -0.01       1.79
  data required time                                                 1.79
  ------------------------------------------------------------------------------
  data required time                                                 1.79
  data arrival time                                                 -1.59
  ------------------------------------------------------------------------------
  slack (VIOLATED)                                                  -0.20


  Startpoint: test_mode (input port)
  Endpoint: U3_cpu/U1_datapath/latch_acc_reg_7_
               (removal check against rising-edge clock clk)
  Path Group: **async_default**
  Path Type: min

  Point                                                   Incr       Path
  ------------------------------------------------------------------------------
  clock (input port clock) (rise edge)                    0.00       0.00
  clock network delay (ideal)                             0.00       0.00
  input external delay                                    0.00       0.00 f
  test_mode (in)                                          0.00       0.00 f
  PI_test_mode/C (PDIDGZ)                                 0.30       0.30 f
  test_point_535/U6/Y (MX2X1)                             0.56       0.86 f
  U3_cpu/U1_datapath/U1660/Y (INVX4)                      0.73       1.59 r
  U3_cpu/U1_datapath/latch_acc_reg_7_/RN (SDFFSRX2)       0.00       1.59 r
  data arrival time                                                  1.59

  clock clk (rise edge)                                   0.00       0.00
  clock network delay (ideal)                             1.50       1.50
  clock uncertainty                                       0.30       1.80
  U3_cpu/U1_datapath/latch_acc_reg_7_/CK (SDFFSRX2)                  1.80 r
  library removal time                                   -0.01       1.79
  data required time                                                 1.79
  ------------------------------------------------------------------------------
  data required time                                                 1.79
  data arrival time                                                 -1.59
  ------------------------------------------------------------------------------
  slack (VIOLATED)                                                  -0.20


  Startpoint: test_mode (input port)
  Endpoint: U3_cpu/U1_datapath/latch_pc_reg_1_
               (removal check against rising-edge clock clk)
  Path Group: **async_default**
  Path Type: min

  Point                                                   Incr       Path
  ------------------------------------------------------------------------------
  clock (input port clock) (rise edge)                    0.00       0.00
  clock network delay (ideal)                             0.00       0.00
  input external delay                                    0.00       0.00 f
  test_mode (in)                                          0.00       0.00 f
  PI_test_mode/C (PDIDGZ)                                 0.30       0.30 f
  test_point_535/U6/Y (MX2X1)                             0.56       0.86 f
  U3_cpu/U1_datapath/U1660/Y (INVX4)                      0.73       1.59 r
  U3_cpu/U1_datapath/latch_pc_reg_1_/RN (SDFFSRX2)        0.00       1.59 r
  data arrival time                                                  1.59

  clock clk (rise edge)                                   0.00       0.00
  clock network delay (ideal)                             1.50       1.50
  clock uncertainty                                       0.30       1.80
  U3_cpu/U1_datapath/latch_pc_reg_1_/CK (SDFFSRX2)                   1.80 r
  library removal time                                   -0.01       1.79
  data required time                                                 1.79
  ------------------------------------------------------------------------------
  data required time                                                 1.79
  data arrival time                                                 -1.59
  ------------------------------------------------------------------------------
  slack (VIOLATED)                                                  -0.20


  Startpoint: test_mode (input port)
  Endpoint: U3_cpu/U1_datapath/latch_pc_reg_2_
               (removal check against rising-edge clock clk)
  Path Group: **async_default**
  Path Type: min

  Point                                                   Incr       Path
  ------------------------------------------------------------------------------
  clock (input port clock) (rise edge)                    0.00       0.00
  clock network delay (ideal)                             0.00       0.00
  input external delay                                    0.00       0.00 f
  test_mode (in)                                          0.00       0.00 f
  PI_test_mode/C (PDIDGZ)                                 0.30       0.30 f
  test_point_535/U6/Y (MX2X1)                             0.56       0.86 f
  U3_cpu/U1_datapath/U1660/Y (INVX4)                      0.73       1.59 r
  U3_cpu/U1_datapath/latch_pc_reg_2_/RN (SDFFSRX2)        0.00       1.59 r
  data arrival time                                                  1.59

  clock clk (rise edge)                                   0.00       0.00
  clock network delay (ideal)                             1.50       1.50
  clock uncertainty                                       0.30       1.80
  U3_cpu/U1_datapath/latch_pc_reg_2_/CK (SDFFSRX2)                   1.80 r
  library removal time                                   -0.01       1.79
  data required time                                                 1.79
  ------------------------------------------------------------------------------
  data required time                                                 1.79
  data arrival time                                                 -1.59
  ------------------------------------------------------------------------------
  slack (VIOLATED)                                                  -0.20


  Startpoint: test_mode (input port)
  Endpoint: U3_cpu/U1_datapath/latch_pc_reg_3_
               (removal check against rising-edge clock clk)
  Path Group: **async_default**
  Path Type: min

  Point                                                   Incr       Path
  ------------------------------------------------------------------------------
  clock (input port clock) (rise edge)                    0.00       0.00
  clock network delay (ideal)                             0.00       0.00
  input external delay                                    0.00       0.00 f
  test_mode (in)                                          0.00       0.00 f
  PI_test_mode/C (PDIDGZ)                                 0.30       0.30 f
  test_point_535/U6/Y (MX2X1)                             0.56       0.86 f
  U3_cpu/U1_datapath/U1660/Y (INVX4)                      0.73       1.59 r
  U3_cpu/U1_datapath/latch_pc_reg_3_/RN (SDFFSRX2)        0.00       1.59 r
  data arrival time                                                  1.59

  clock clk (rise edge)                                   0.00       0.00
  clock network delay (ideal)                             1.50       1.50
  clock uncertainty                                       0.30       1.80
  U3_cpu/U1_datapath/latch_pc_reg_3_/CK (SDFFSRX2)                   1.80 r
  library removal time                                   -0.01       1.79
  data required time                                                 1.79
  ------------------------------------------------------------------------------
  data required time                                                 1.79
  data arrival time                                                 -1.59
  ------------------------------------------------------------------------------
  slack (VIOLATED)                                                  -0.20


  Startpoint: test_mode (input port)
  Endpoint: U3_cpu/U1_datapath/latch_pc_reg_4_
               (removal check against rising-edge clock clk)
  Path Group: **async_default**
  Path Type: min

  Point                                                   Incr       Path
  ------------------------------------------------------------------------------
  clock (input port clock) (rise edge)                    0.00       0.00
  clock network delay (ideal)                             0.00       0.00
  input external delay                                    0.00       0.00 f
  test_mode (in)                                          0.00       0.00 f
  PI_test_mode/C (PDIDGZ)                                 0.30       0.30 f
  test_point_535/U6/Y (MX2X1)                             0.56       0.86 f
  U3_cpu/U1_datapath/U1660/Y (INVX4)                      0.73       1.59 r
  U3_cpu/U1_datapath/latch_pc_reg_4_/RN (SDFFSRX2)        0.00       1.59 r
  data arrival time                                                  1.59

  clock clk (rise edge)                                   0.00       0.00
  clock network delay (ideal)                             1.50       1.50
  clock uncertainty                                       0.30       1.80
  U3_cpu/U1_datapath/latch_pc_reg_4_/CK (SDFFSRX2)                   1.80 r
  library removal time                                   -0.01       1.79
  data required time                                                 1.79
  ------------------------------------------------------------------------------
  data required time                                                 1.79
  data arrival time                                                 -1.59
  ------------------------------------------------------------------------------
  slack (VIOLATED)                                                  -0.20


  Startpoint: test_mode (input port)
  Endpoint: U3_cpu/U1_datapath/latch_pc_reg_5_
               (removal check against rising-edge clock clk)
  Path Group: **async_default**
  Path Type: min

  Point                                                   Incr       Path
  ------------------------------------------------------------------------------
  clock (input port clock) (rise edge)                    0.00       0.00
  clock network delay (ideal)                             0.00       0.00
  input external delay                                    0.00       0.00 f
  test_mode (in)                                          0.00       0.00 f
  PI_test_mode/C (PDIDGZ)                                 0.30       0.30 f
  test_point_535/U6/Y (MX2X1)                             0.56       0.86 f
  U3_cpu/U1_datapath/U1660/Y (INVX4)                      0.73       1.59 r
  U3_cpu/U1_datapath/latch_pc_reg_5_/RN (SDFFSRX2)        0.00       1.59 r
  data arrival time                                                  1.59

  clock clk (rise edge)                                   0.00       0.00
  clock network delay (ideal)                             1.50       1.50
  clock uncertainty                                       0.30       1.80
  U3_cpu/U1_datapath/latch_pc_reg_5_/CK (SDFFSRX2)                   1.80 r
  library removal time                                   -0.01       1.79
  data required time                                                 1.79
  ------------------------------------------------------------------------------
  data required time                                                 1.79
  data arrival time                                                 -1.59
  ------------------------------------------------------------------------------
  slack (VIOLATED)                                                  -0.20


  Startpoint: test_mode (input port)
  Endpoint: U3_cpu/U1_datapath/latch_pc_reg_6_
               (removal check against rising-edge clock clk)
  Path Group: **async_default**
  Path Type: min

  Point                                                   Incr       Path
  ------------------------------------------------------------------------------
  clock (input port clock) (rise edge)                    0.00       0.00
  clock network delay (ideal)                             0.00       0.00
  input external delay                                    0.00       0.00 f
  test_mode (in)                                          0.00       0.00 f
  PI_test_mode/C (PDIDGZ)                                 0.30       0.30 f
  test_point_535/U6/Y (MX2X1)                             0.56       0.86 f
  U3_cpu/U1_datapath/U1660/Y (INVX4)                      0.73       1.59 r
  U3_cpu/U1_datapath/latch_pc_reg_6_/RN (SDFFSRX2)        0.00       1.59 r
  data arrival time                                                  1.59

  clock clk (rise edge)                                   0.00       0.00
  clock network delay (ideal)                             1.50       1.50
  clock uncertainty                                       0.30       1.80
  U3_cpu/U1_datapath/latch_pc_reg_6_/CK (SDFFSRX2)                   1.80 r
  library removal time                                   -0.01       1.79
  data required time                                                 1.79
  ------------------------------------------------------------------------------
  data required time                                                 1.79
  data arrival time                                                 -1.59
  ------------------------------------------------------------------------------
  slack (VIOLATED)                                                  -0.20


  Startpoint: test_mode (input port)
  Endpoint: U3_cpu/U1_datapath/latch_pc_reg_7_
               (removal check against rising-edge clock clk)
  Path Group: **async_default**
  Path Type: min

  Point                                                   Incr       Path
  ------------------------------------------------------------------------------
  clock (input port clock) (rise edge)                    0.00       0.00
  clock network delay (ideal)                             0.00       0.00
  input external delay                                    0.00       0.00 f
  test_mode (in)                                          0.00       0.00 f
  PI_test_mode/C (PDIDGZ)                                 0.30       0.30 f
  test_point_535/U6/Y (MX2X1)                             0.56       0.86 f
  U3_cpu/U1_datapath/U1660/Y (INVX4)                      0.73       1.59 r
  U3_cpu/U1_datapath/latch_pc_reg_7_/RN (SDFFSRX2)        0.00       1.59 r
  data arrival time                                                  1.59

  clock clk (rise edge)                                   0.00       0.00
  clock network delay (ideal)                             1.50       1.50
  clock uncertainty                                       0.30       1.80
  U3_cpu/U1_datapath/latch_pc_reg_7_/CK (SDFFSRX2)                   1.80 r
  library removal time                                   -0.01       1.79
  data required time                                                 1.79
  ------------------------------------------------------------------------------
  data required time                                                 1.79
  data arrival time                                                 -1.59
  ------------------------------------------------------------------------------
  slack (VIOLATED)                                                  -0.20


  Startpoint: test_mode (input port)
  Endpoint: U3_cpu/U1_datapath/latch_pc_reg_8_
               (removal check against rising-edge clock clk)
  Path Group: **async_default**
  Path Type: min

  Point                                                   Incr       Path
  ------------------------------------------------------------------------------
  clock (input port clock) (rise edge)                    0.00       0.00
  clock network delay (ideal)                             0.00       0.00
  input external delay                                    0.00       0.00 f
  test_mode (in)                                          0.00       0.00 f
  PI_test_mode/C (PDIDGZ)                                 0.30       0.30 f
  test_point_535/U6/Y (MX2X1)                             0.56       0.86 f
  U3_cpu/U1_datapath/U1660/Y (INVX4)                      0.73       1.59 r
  U3_cpu/U1_datapath/latch_pc_reg_8_/RN (SDFFSRX2)        0.00       1.59 r
  data arrival time                                                  1.59

  clock clk (rise edge)                                   0.00       0.00
  clock network delay (ideal)                             1.50       1.50
  clock uncertainty                                       0.30       1.80
  U3_cpu/U1_datapath/latch_pc_reg_8_/CK (SDFFSRX2)                   1.80 r
  library removal time                                   -0.01       1.79
  data required time                                                 1.79
  ------------------------------------------------------------------------------
  data required time                                                 1.79
  data arrival time                                                 -1.59
  ------------------------------------------------------------------------------
  slack (VIOLATED)                                                  -0.20


  Startpoint: test_mode (input port)
  Endpoint: U3_cpu/U1_datapath/latch_pc_reg_9_
               (removal check against rising-edge clock clk)
  Path Group: **async_default**
  Path Type: min

  Point                                                   Incr       Path
  ------------------------------------------------------------------------------
  clock (input port clock) (rise edge)                    0.00       0.00
  clock network delay (ideal)                             0.00       0.00
  input external delay                                    0.00       0.00 f
  test_mode (in)                                          0.00       0.00 f
  PI_test_mode/C (PDIDGZ)                                 0.30       0.30 f
  test_point_535/U6/Y (MX2X1)                             0.56       0.86 f
  U3_cpu/U1_datapath/U1660/Y (INVX4)                      0.73       1.59 r
  U3_cpu/U1_datapath/latch_pc_reg_9_/RN (SDFFSRX2)        0.00       1.59 r
  data arrival time                                                  1.59

  clock clk (rise edge)                                   0.00       0.00
  clock network delay (ideal)                             1.50       1.50
  clock uncertainty                                       0.30       1.80
  U3_cpu/U1_datapath/latch_pc_reg_9_/CK (SDFFSRX2)                   1.80 r
  library removal time                                   -0.01       1.79
  data required time                                                 1.79
  ------------------------------------------------------------------------------
  data required time                                                 1.79
  data arrival time                                                 -1.59
  ------------------------------------------------------------------------------
  slack (VIOLATED)                                                  -0.20


  Startpoint: test_mode (input port)
  Endpoint: U3_cpu/U1_datapath/latch_pc_reg_10_
               (removal check against rising-edge clock clk)
  Path Group: **async_default**
  Path Type: min

  Point                                                   Incr       Path
  ------------------------------------------------------------------------------
  clock (input port clock) (rise edge)                    0.00       0.00
  clock network delay (ideal)                             0.00       0.00
  input external delay                                    0.00       0.00 f
  test_mode (in)                                          0.00       0.00 f
  PI_test_mode/C (PDIDGZ)                                 0.30       0.30 f
  test_point_535/U6/Y (MX2X1)                             0.56       0.86 f
  U3_cpu/U1_datapath/U1660/Y (INVX4)                      0.73       1.59 r
  U3_cpu/U1_datapath/latch_pc_reg_10_/RN (SDFFSRX2)       0.00       1.59 r
  data arrival time                                                  1.59

  clock clk (rise edge)                                   0.00       0.00
  clock network delay (ideal)                             1.50       1.50
  clock uncertainty                                       0.30       1.80
  U3_cpu/U1_datapath/latch_pc_reg_10_/CK (SDFFSRX2)                  1.80 r
  library removal time                                   -0.01       1.79
  data required time                                                 1.79
  ------------------------------------------------------------------------------
  data required time                                                 1.79
  data arrival time                                                 -1.59
  ------------------------------------------------------------------------------
  slack (VIOLATED)                                                  -0.20


  Startpoint: test_mode (input port)
  Endpoint: U3_cpu/U1_datapath/latch_pc_reg_11_
               (removal check against rising-edge clock clk)
  Path Group: **async_default**
  Path Type: min

  Point                                                   Incr       Path
  ------------------------------------------------------------------------------
  clock (input port clock) (rise edge)                    0.00       0.00
  clock network delay (ideal)                             0.00       0.00
  input external delay                                    0.00       0.00 f
  test_mode (in)                                          0.00       0.00 f
  PI_test_mode/C (PDIDGZ)                                 0.30       0.30 f
  test_point_535/U6/Y (MX2X1)                             0.56       0.86 f
  U3_cpu/U1_datapath/U1660/Y (INVX4)                      0.73       1.59 r
  U3_cpu/U1_datapath/latch_pc_reg_11_/RN (SDFFSRX2)       0.00       1.59 r
  data arrival time                                                  1.59

  clock clk (rise edge)                                   0.00       0.00
  clock network delay (ideal)                             1.50       1.50
  clock uncertainty                                       0.30       1.80
  U3_cpu/U1_datapath/latch_pc_reg_11_/CK (SDFFSRX2)                  1.80 r
  library removal time                                   -0.01       1.79
  data required time                                                 1.79
  ------------------------------------------------------------------------------
  data required time                                                 1.79
  data arrival time                                                 -1.59
  ------------------------------------------------------------------------------
  slack (VIOLATED)                                                  -0.20


  Startpoint: test_mode (input port)
  Endpoint: U3_cpu/U1_datapath/latch_pc_reg_12_
               (removal check against rising-edge clock clk)
  Path Group: **async_default**
  Path Type: min

  Point                                                   Incr       Path
  ------------------------------------------------------------------------------
  clock (input port clock) (rise edge)                    0.00       0.00
  clock network delay (ideal)                             0.00       0.00
  input external delay                                    0.00       0.00 f
  test_mode (in)                                          0.00       0.00 f
  PI_test_mode/C (PDIDGZ)                                 0.30       0.30 f
  test_point_535/U6/Y (MX2X1)                             0.56       0.86 f
  U3_cpu/U1_datapath/U1660/Y (INVX4)                      0.73       1.59 r
  U3_cpu/U1_datapath/latch_pc_reg_12_/RN (SDFFSRX2)       0.00       1.59 r
  data arrival time                                                  1.59

  clock clk (rise edge)                                   0.00       0.00
  clock network delay (ideal)                             1.50       1.50
  clock uncertainty                                       0.30       1.80
  U3_cpu/U1_datapath/latch_pc_reg_12_/CK (SDFFSRX2)                  1.80 r
  library removal time                                   -0.01       1.79
  data required time                                                 1.79
  ------------------------------------------------------------------------------
  data required time                                                 1.79
  data arrival time                                                 -1.59
  ------------------------------------------------------------------------------
  slack (VIOLATED)                                                  -0.20


  Startpoint: test_mode (input port)
  Endpoint: U3_cpu/U1_datapath/latch_pc_reg_13_
               (removal check against rising-edge clock clk)
  Path Group: **async_default**
  Path Type: min

  Point                                                   Incr       Path
  ------------------------------------------------------------------------------
  clock (input port clock) (rise edge)                    0.00       0.00
  clock network delay (ideal)                             0.00       0.00
  input external delay                                    0.00       0.00 f
  test_mode (in)                                          0.00       0.00 f
  PI_test_mode/C (PDIDGZ)                                 0.30       0.30 f
  test_point_535/U6/Y (MX2X1)                             0.56       0.86 f
  U3_cpu/U1_datapath/U1660/Y (INVX4)                      0.73       1.59 r
  U3_cpu/U1_datapath/latch_pc_reg_13_/RN (SDFFSRX2)       0.00       1.59 r
  data arrival time                                                  1.59

  clock clk (rise edge)                                   0.00       0.00
  clock network delay (ideal)                             1.50       1.50
  clock uncertainty                                       0.30       1.80
  U3_cpu/U1_datapath/latch_pc_reg_13_/CK (SDFFSRX2)                  1.80 r
  library removal time                                   -0.01       1.79
  data required time                                                 1.79
  ------------------------------------------------------------------------------
  data required time                                                 1.79
  data arrival time                                                 -1.59
  ------------------------------------------------------------------------------
  slack (VIOLATED)                                                  -0.20


  Startpoint: test_mode (input port)
  Endpoint: U3_cpu/U1_datapath/latch_pc_reg_14_
               (removal check against rising-edge clock clk)
  Path Group: **async_default**
  Path Type: min

  Point                                                   Incr       Path
  ------------------------------------------------------------------------------
  clock (input port clock) (rise edge)                    0.00       0.00
  clock network delay (ideal)                             0.00       0.00
  input external delay                                    0.00       0.00 f
  test_mode (in)                                          0.00       0.00 f
  PI_test_mode/C (PDIDGZ)                                 0.30       0.30 f
  test_point_535/U6/Y (MX2X1)                             0.56       0.86 f
  U3_cpu/U1_datapath/U1660/Y (INVX4)                      0.73       1.59 r
  U3_cpu/U1_datapath/latch_pc_reg_14_/RN (SDFFSRX2)       0.00       1.59 r
  data arrival time                                                  1.59

  clock clk (rise edge)                                   0.00       0.00
  clock network delay (ideal)                             1.50       1.50
  clock uncertainty                                       0.30       1.80
  U3_cpu/U1_datapath/latch_pc_reg_14_/CK (SDFFSRX2)                  1.80 r
  library removal time                                   -0.01       1.79
  data required time                                                 1.79
  ------------------------------------------------------------------------------
  data required time                                                 1.79
  data arrival time                                                 -1.59
  ------------------------------------------------------------------------------
  slack (VIOLATED)                                                  -0.20


  Startpoint: test_mode (input port)
  Endpoint: U3_cpu/U1_datapath/latch_pc_reg_15_
               (removal check against rising-edge clock clk)
  Path Group: **async_default**
  Path Type: min

  Point                                                   Incr       Path
  ------------------------------------------------------------------------------
  clock (input port clock) (rise edge)                    0.00       0.00
  clock network delay (ideal)                             0.00       0.00
  input external delay                                    0.00       0.00 f
  test_mode (in)                                          0.00       0.00 f
  PI_test_mode/C (PDIDGZ)                                 0.30       0.30 f
  test_point_535/U6/Y (MX2X1)                             0.56       0.86 f
  U3_cpu/U1_datapath/U1660/Y (INVX4)                      0.73       1.59 r
  U3_cpu/U1_datapath/latch_pc_reg_15_/RN (SDFFSRX2)       0.00       1.59 r
  data arrival time                                                  1.59

  clock clk (rise edge)                                   0.00       0.00
  clock network delay (ideal)                             1.50       1.50
  clock uncertainty                                       0.30       1.80
  U3_cpu/U1_datapath/latch_pc_reg_15_/CK (SDFFSRX2)                  1.80 r
  library removal time                                   -0.01       1.79
  data required time                                                 1.79
  ------------------------------------------------------------------------------
  data required time                                                 1.79
  data arrival time                                                 -1.59
  ------------------------------------------------------------------------------
  slack (VIOLATED)                                                  -0.20


  Startpoint: test_mode (input port)
  Endpoint: U3_cpu/U1_datapath/out_sfr_r_reg_0_
               (removal check against rising-edge clock clk)
  Path Group: **async_default**
  Path Type: min

  Point                                                   Incr       Path
  ------------------------------------------------------------------------------
  clock (input port clock) (rise edge)                    0.00       0.00
  clock network delay (ideal)                             0.00       0.00
  input external delay                                    0.00       0.00 f
  test_mode (in)                                          0.00       0.00 f
  PI_test_mode/C (PDIDGZ)                                 0.30       0.30 f
  test_point_535/U6/Y (MX2X1)                             0.56       0.86 f
  U3_cpu/U1_datapath/U1660/Y (INVX4)                      0.73       1.59 r
  U3_cpu/U1_datapath/out_sfr_r_reg_0_/RN (SDFFSRX2)       0.00       1.59 r
  data arrival time                                                  1.59

  clock clk (rise edge)                                   0.00       0.00
  clock network delay (ideal)                             1.50       1.50
  clock uncertainty                                       0.30       1.80
  U3_cpu/U1_datapath/out_sfr_r_reg_0_/CK (SDFFSRX2)                  1.80 r
  library removal time                                   -0.01       1.79
  data required time                                                 1.79
  ------------------------------------------------------------------------------
  data required time                                                 1.79
  data arrival time                                                 -1.59
  ------------------------------------------------------------------------------
  slack (VIOLATED)                                                  -0.20


  Startpoint: test_mode (input port)
  Endpoint: U3_cpu/U1_datapath/out_sfr_r_reg_1_
               (removal check against rising-edge clock clk)
  Path Group: **async_default**
  Path Type: min

  Point                                                   Incr       Path
  ------------------------------------------------------------------------------
  clock (input port clock) (rise edge)                    0.00       0.00
  clock network delay (ideal)                             0.00       0.00
  input external delay                                    0.00       0.00 f
  test_mode (in)                                          0.00       0.00 f
  PI_test_mode/C (PDIDGZ)                                 0.30       0.30 f
  test_point_535/U6/Y (MX2X1)                             0.56       0.86 f
  U3_cpu/U1_datapath/U1660/Y (INVX4)                      0.73       1.59 r
  U3_cpu/U1_datapath/out_sfr_r_reg_1_/RN (SDFFSRX2)       0.00       1.59 r
  data arrival time                                                  1.59

  clock clk (rise edge)                                   0.00       0.00
  clock network delay (ideal)                             1.50       1.50
  clock uncertainty                                       0.30       1.80
  U3_cpu/U1_datapath/out_sfr_r_reg_1_/CK (SDFFSRX2)                  1.80 r
  library removal time                                   -0.01       1.79
  data required time                                                 1.79
  ------------------------------------------------------------------------------
  data required time                                                 1.79
  data arrival time                                                 -1.59
  ------------------------------------------------------------------------------
  slack (VIOLATED)                                                  -0.20


  Startpoint: test_mode (input port)
  Endpoint: U3_cpu/U1_datapath/out_sfr_r_reg_2_
               (removal check against rising-edge clock clk)
  Path Group: **async_default**
  Path Type: min

  Point                                                   Incr       Path
  ------------------------------------------------------------------------------
  clock (input port clock) (rise edge)                    0.00       0.00
  clock network delay (ideal)                             0.00       0.00
  input external delay                                    0.00       0.00 f
  test_mode (in)                                          0.00       0.00 f
  PI_test_mode/C (PDIDGZ)                                 0.30       0.30 f
  test_point_535/U6/Y (MX2X1)                             0.56       0.86 f
  U3_cpu/U1_datapath/U1660/Y (INVX4)                      0.73       1.59 r
  U3_cpu/U1_datapath/out_sfr_r_reg_2_/RN (SDFFSRX2)       0.00       1.59 r
  data arrival time                                                  1.59

  clock clk (rise edge)                                   0.00       0.00
  clock network delay (ideal)                             1.50       1.50
  clock uncertainty                                       0.30       1.80
  U3_cpu/U1_datapath/out_sfr_r_reg_2_/CK (SDFFSRX2)                  1.80 r
  library removal time                                   -0.01       1.79
  data required time                                                 1.79
  ------------------------------------------------------------------------------
  data required time                                                 1.79
  data arrival time                                                 -1.59
  ------------------------------------------------------------------------------
  slack (VIOLATED)                                                  -0.20


  Startpoint: test_mode (input port)
  Endpoint: U3_cpu/U1_datapath/out_sfr_r_reg_3_
               (removal check against rising-edge clock clk)
  Path Group: **async_default**
  Path Type: min

  Point                                                   Incr       Path
  ------------------------------------------------------------------------------
  clock (input port clock) (rise edge)                    0.00       0.00
  clock network delay (ideal)                             0.00       0.00
  input external delay                                    0.00       0.00 f
  test_mode (in)                                          0.00       0.00 f
  PI_test_mode/C (PDIDGZ)                                 0.30       0.30 f
  test_point_535/U6/Y (MX2X1)                             0.56       0.86 f
  U3_cpu/U1_datapath/U1660/Y (INVX4)                      0.73       1.59 r
  U3_cpu/U1_datapath/out_sfr_r_reg_3_/RN (SDFFSRX2)       0.00       1.59 r
  data arrival time                                                  1.59

  clock clk (rise edge)                                   0.00       0.00
  clock network delay (ideal)                             1.50       1.50
  clock uncertainty                                       0.30       1.80
  U3_cpu/U1_datapath/out_sfr_r_reg_3_/CK (SDFFSRX2)                  1.80 r
  library removal time                                   -0.01       1.79
  data required time                                                 1.79
  ------------------------------------------------------------------------------
  data required time                                                 1.79
  data arrival time                                                 -1.59
  ------------------------------------------------------------------------------
  slack (VIOLATED)                                                  -0.20


  Startpoint: test_mode (input port)
  Endpoint: U3_cpu/U1_datapath/out_sfr_r_reg_4_
               (removal check against rising-edge clock clk)
  Path Group: **async_default**
  Path Type: min

  Point                                                   Incr       Path
  ------------------------------------------------------------------------------
  clock (input port clock) (rise edge)                    0.00       0.00
  clock network delay (ideal)                             0.00       0.00
  input external delay                                    0.00       0.00 f
  test_mode (in)                                          0.00       0.00 f
  PI_test_mode/C (PDIDGZ)                                 0.30       0.30 f
  test_point_535/U6/Y (MX2X1)                             0.56       0.86 f
  U3_cpu/U1_datapath/U1660/Y (INVX4)                      0.73       1.59 r
  U3_cpu/U1_datapath/out_sfr_r_reg_4_/RN (SDFFSRX2)       0.00       1.59 r
  data arrival time                                                  1.59

  clock clk (rise edge)                                   0.00       0.00
  clock network delay (ideal)                             1.50       1.50
  clock uncertainty                                       0.30       1.80
  U3_cpu/U1_datapath/out_sfr_r_reg_4_/CK (SDFFSRX2)                  1.80 r
  library removal time                                   -0.01       1.79
  data required time                                                 1.79
  ------------------------------------------------------------------------------
  data required time                                                 1.79
  data arrival time                                                 -1.59
  ------------------------------------------------------------------------------
  slack (VIOLATED)                                                  -0.20


  Startpoint: test_mode (input port)
  Endpoint: U3_cpu/U1_datapath/out_sfr_r_reg_5_
               (removal check against rising-edge clock clk)
  Path Group: **async_default**
  Path Type: min

  Point                                                   Incr       Path
  ------------------------------------------------------------------------------
  clock (input port clock) (rise edge)                    0.00       0.00
  clock network delay (ideal)                             0.00       0.00
  input external delay                                    0.00       0.00 f
  test_mode (in)                                          0.00       0.00 f
  PI_test_mode/C (PDIDGZ)                                 0.30       0.30 f
  test_point_535/U6/Y (MX2X1)                             0.56       0.86 f
  U3_cpu/U1_datapath/U1660/Y (INVX4)                      0.73       1.59 r
  U3_cpu/U1_datapath/out_sfr_r_reg_5_/RN (SDFFSRX2)       0.00       1.59 r
  data arrival time                                                  1.59

  clock clk (rise edge)                                   0.00       0.00
  clock network delay (ideal)                             1.50       1.50
  clock uncertainty                                       0.30       1.80
  U3_cpu/U1_datapath/out_sfr_r_reg_5_/CK (SDFFSRX2)                  1.80 r
  library removal time                                   -0.01       1.79
  data required time                                                 1.79
  ------------------------------------------------------------------------------
  data required time                                                 1.79
  data arrival time                                                 -1.59
  ------------------------------------------------------------------------------
  slack (VIOLATED)                                                  -0.20


  Startpoint: test_mode (input port)
  Endpoint: U3_cpu/U1_datapath/out_sfr_r_reg_6_
               (removal check against rising-edge clock clk)
  Path Group: **async_default**
  Path Type: min

  Point                                                   Incr       Path
  ------------------------------------------------------------------------------
  clock (input port clock) (rise edge)                    0.00       0.00
  clock network delay (ideal)                             0.00       0.00
  input external delay                                    0.00       0.00 f
  test_mode (in)                                          0.00       0.00 f
  PI_test_mode/C (PDIDGZ)                                 0.30       0.30 f
  test_point_535/U6/Y (MX2X1)                             0.56       0.86 f
  U3_cpu/U1_datapath/U1660/Y (INVX4)                      0.73       1.59 r
  U3_cpu/U1_datapath/out_sfr_r_reg_6_/RN (SDFFSRX2)       0.00       1.59 r
  data arrival time                                                  1.59

  clock clk (rise edge)                                   0.00       0.00
  clock network delay (ideal)                             1.50       1.50
  clock uncertainty                                       0.30       1.80
  U3_cpu/U1_datapath/out_sfr_r_reg_6_/CK (SDFFSRX2)                  1.80 r
  library removal time                                   -0.01       1.79
  data required time                                                 1.79
  ------------------------------------------------------------------------------
  data required time                                                 1.79
  data arrival time                                                 -1.59
  ------------------------------------------------------------------------------
  slack (VIOLATED)                                                  -0.20


  Startpoint: test_mode (input port)
  Endpoint: U3_cpu/U1_datapath/out_sfr_r_reg_7_
               (removal check against rising-edge clock clk)
  Path Group: **async_default**
  Path Type: min

  Point                                                   Incr       Path
  ------------------------------------------------------------------------------
  clock (input port clock) (rise edge)                    0.00       0.00
  clock network delay (ideal)                             0.00       0.00
  input external delay                                    0.00       0.00 f
  test_mode (in)                                          0.00       0.00 f
  PI_test_mode/C (PDIDGZ)                                 0.30       0.30 f
  test_point_535/U6/Y (MX2X1)                             0.56       0.86 f
  U3_cpu/U1_datapath/U1660/Y (INVX4)                      0.73       1.59 r
  U3_cpu/U1_datapath/out_sfr_r_reg_7_/RN (SDFFSRX2)       0.00       1.59 r
  data arrival time                                                  1.59

  clock clk (rise edge)                                   0.00       0.00
  clock network delay (ideal)                             1.50       1.50
  clock uncertainty                                       0.30       1.80
  U3_cpu/U1_datapath/out_sfr_r_reg_7_/CK (SDFFSRX2)                  1.80 r
  library removal time                                   -0.01       1.79
  data required time                                                 1.79
  ------------------------------------------------------------------------------
  data required time                                                 1.79
  data arrival time                                                 -1.59
  ------------------------------------------------------------------------------
  slack (VIOLATED)                                                  -0.20


  Startpoint: test_mode (input port)
  Endpoint: en_xdat_reg
               (removal check against rising-edge clock clk)
  Path Group: **async_default**
  Path Type: min

  Point                                    Incr       Path
  ---------------------------------------------------------------
  clock (input port clock) (rise edge)     0.00       0.00
  clock network delay (ideal)              0.00       0.00
  input external delay                     0.00       0.00 f
  test_mode (in)                           0.00       0.00 f
  PI_test_mode/C (PDIDGZ)                  0.30       0.30 f
  test_point_535/U6/Y (MX2X1)              0.56       0.86 f
  U185/Y (INVX1)                           1.00       1.86 r
  en_xdat_reg/SN (SDFFSX1)                 0.00       1.86 r
  data arrival time                                   1.86

  clock clk (rise edge)                    0.00       0.00
  clock network delay (ideal)              1.50       1.50
  clock uncertainty                        0.30       1.80
  en_xdat_reg/CK (SDFFSX1)                            1.80 r
  library removal time                     0.23       2.03
  data required time                                  2.03
  ---------------------------------------------------------------
  data required time                                  2.03
  data arrival time                                  -1.86
  ---------------------------------------------------------------
  slack (VIOLATED)                                   -0.17


  Startpoint: test_mode (input port)
  Endpoint: wr_xdat_d1_reg
               (removal check against rising-edge clock clk)
  Path Group: **async_default**
  Path Type: min

  Point                                    Incr       Path
  ---------------------------------------------------------------
  clock (input port clock) (rise edge)     0.00       0.00
  clock network delay (ideal)              0.00       0.00
  input external delay                     0.00       0.00 f
  test_mode (in)                           0.00       0.00 f
  PI_test_mode/C (PDIDGZ)                  0.30       0.30 f
  test_point_535/U6/Y (MX2X1)              0.56       0.86 f
  U185/Y (INVX1)                           1.00       1.86 r
  wr_xdat_d1_reg/SN (SDFFSX1)              0.00       1.86 r
  data arrival time                                   1.86

  clock clk (rise edge)                    0.00       0.00
  clock network delay (ideal)              1.50       1.50
  clock uncertainty                        0.30       1.80
  wr_xdat_d1_reg/CK (SDFFSX1)                         1.80 r
  library removal time                     0.23       2.03
  data required time                                  2.03
  ---------------------------------------------------------------
  data required time                                  2.03
  data arrival time                                  -1.86
  ---------------------------------------------------------------
  slack (VIOLATED)                                   -0.17


1
