:020000040000FA
:10000000230000EA060000EA090000EA140000EA02
:10001000170000EA010000EA0D0000EA180000EAFB
:10002000FEFFFFEAFF5F2DE9920000EBFF5FBDE8F6
:1000300004F05EE2FF5F2DE904004EE2000090E56F
:10004000FF14E0E3010000E0770000EBFF5FBDE894
:100050000EF0B0E1FF5F2DE9B90000EBFF5FBDE8F6
:1000600004F05EE2FF5F2DE95C0000EBFF5FBDE89E
:1000700004F05EE2FF5F2DE9620000EBFF5FBDE888
:1000800004F05EE2FF402DE9C40000EBFF40BDE854
:1000900004F05EE2100F11EE58109FE5010090E1B0
:1000A000100F01EE0800E0E3100F03EE48009FE59B
:1000B000100F02EE100F11EE050080E3100F01EE9D
:1000C000D3F021E334D09FE5D2F021E330D09FE597
:1000D000D1F021E32CD09FE5DBF021E328D09FE590
:1000E000D7F021E324D09FE5510100EB10F021E38C
:1000F0001CD09FE5070000EA781000000080020095
:1001000000400220002002200018022000140220DB
:10011000001C02200010022090808FE20F0098E85F
:10012000080080E0081081E0082082E0083083E0C9
:1001300001B040E201C042E2010050E10E00000ABD
:100140007000B0E8050054E1FAFFFF0A010014E373
:100150000B408410010015E30B508510020015E3DD
:10016000095085100350C5E3046056E204709424DE
:1001700004708524FBFFFF8AEEFFFFEA030052E1D3
:100180002D05000B0070A0E33000B2E8010014E37D
:100190000C408410020014E3094084100340C4E3BF
:1001A000045055E204708424FCFFFF8AF2FFFFEA4A
:1001B00050BE020074BE020074BE02008CBE02007B
:1001C00008402DE904008FE2B50100EB0880BDE88E
:1001D000446174612061626F72740D0A0000000056
:1001E00008402DE904008FE2AD0100EB0880BDE876
:1001F0004572726F72207072656665746368206103
:10020000626F72740D0A000008402DE904008FE24D
:10021000A30100EB0880BDE84572726F7220646133
:1002200074612061626F72740D0A000010402DE944
:100230000040A0E120009FE5000054E10200001A08
:1002400018008FE2960100EB020000EA0410A0E122
:1002500010008FE2920100EB1080BDE856341200CE
:10026000457869740D0A00004572726F72207377C9
:10027000692025780D0A000008402DE904008FE26E
:10028000870100EB0880BDE84572726F7220756EC1
:10029000646566696E656420696E737472756374F3
:1002A000696F6E0D0A0000003F00A0E3D8109FE5C3
:1002B000040C81E50A00A0E30010C1E19C0C81E57B
:1002C0008000A0E30010C1E1000C81E50300A0E381
:1002D0000010C1E1180C81E54000A0E30010C1E16D
:1002E000800C81E50100A0E30010C1E1840C81E5F0
:1002F0000200A0E30010C1E1880C81E50300A0E347
:100300000010C1E18C0C81E50400A0E30010C1E104
:10031000900C81E50500A0E30010C1E1940C81E59B
:100320000000C1E1000C90E53F0080E3000C81E596
:100330000EF0A0E14009A0E38014A0E3000081E5F5
:100340000EF0A0E110402DE93C009FE5100C90E577
:100350000040A0E1010054E30200000A0A0054E357
:100360000400001A010000EAF1FFFFEB0000A0E129
:10037000200100EB030000EA0410A0E10C008FE272
:10038000470100EB0000A0E11080BDE800C0FF7F46
:10039000556E6B6E6F776E20697271202523780021
:1003A0000EF0A0E170402DE94B6BA0E3BDFFFFEB29
:1003B0009F0000EB7C008FE2390100EBA4008FE28C
:1003C000370100EBCC008FE2350100EB64008FE2D7
:1003D000330100EBEC008FE2310100EB4059A0E368
:1003E0000040A0E3060054E1070000AA010000EA73
:1003F000014084E2FAFFFFEAF8009FE5840080E014
:10040000B000D0E1B200C5E0F8FFFFEA4009A0E388
:100410008014A0E3000081E5DC009FE58014A0E3E8
:10042000040081E50100A0E38014A0E3080081E559
:100430000000A0E1FEFFFFEA0D2A2A2A2A2A2A2A22
:100440002A2A2A2A2A2A2A2A2A2A2A2A2A2A2A2A0C
:100450002A2A2A2A2A2A2A2A2A2A2A2A2A2A2A2AFC
:100460002A2A2A2A0D0A00000D2A20416C7465727E
:100470006120457863616C696275722044657665B8
:100480006C6F706D656E7420426F61726420202005
:100490002020202A0D0A00000D2A204875696E735D
:1004A00020436F2E2C204C74642E20536F434D61DB
:1004B000737465722044656D6F6E737472617469D4
:1004C0006F6E202A0D0A00000D446973706C61790B
:1004D00020496D616765206F6E205446544C43443B
:1004E000202E2E2E2E2E2E2E2E2E2E2E2E2E2E2E3A
:1004F0002E2E2E2E0D0A0000DC1900004001F00007
:1005000008402DE908119FE51800A0E3563412EFCA
:100510000000A0E1FEFFFFEA0EF0A0E13F402DE960
:1005200000E0A0E101C0A0E10240A0E10350A0E191
:10053000E0009FE500008DE504C08DE50F009DE81B
:1005400010D08DE23080BDE838402DE90040A0E1B8
:100550000150A0E1C0009FE5000090E5011080E29D
:10056000B4009FE5002090E5001080E5AC009FE519
:100570000240C0E7A0009FE5000090E50009A0E16F
:100580002009A0E190109FE5000081E588009FE52B
:10059000000090E588109FE5001091E5010050E112
:1005A0000100001A0000E0E33880BDE8AC0000EB79
:1005B0000000A0E3FBFFFFEA0010A0E10000A0E1C3
:1005C00060209FE5002092E55C309FE5003093E5D8
:1005D000030052E1F9FFFF0A48209FE5002092E561
:1005E000013082E23C209FE500C092E5003082E5C8
:1005F00038209FE50C00D2E728209FE5002092E5F7
:100600000229A0E12229A0E118309FE5002083E51E
:100610000EF0A0E1260002007841030040400300F4
:100620003CC002003C40030044400300484003003B
:100630003C00030008402DE90000A0E33C129FE5C8
:10064000000081E538129FE5000081E50000A0E38D
:1006500030129FE5000081E52C129FE5000081E546
:1006600010FFFFEB0300A0E320129FE5A80281E545
:100670002100A0E30010C1E1B40281E50000A0E385
:100680000010C1E1B80281E50700A0E30010C1E15C
:10069000940281E50300A0E30010C1E19C0281E522
:1006A0000100A0E30010C1E1980281E50880BDE8E7
:1006B000D8019FE58C0290E50030A0E10000A0E1A8
:1006C000C8019FE58C0290E51F0000E20F0050E397
:1006D0001500002AB0019FE5000090E5A4119FE5F8
:1006E000001091E5010050E10F00000A98019FE51C
:1006F000000090E5011080E28C019FE5002090E56C
:10070000001080E588019FE50200D0E77C119FE59D
:10071000900281E570019FE5000090E5C10800E0CE
:1007200064119FE5000081E5E4FFFFEA58019FE5C1
:10073000000090E54C119FE5001091E5010050E1AB
:100740000300001A0200A0E340119FE59C0281E52E
:10075000020000EA0200A0E330119FE5980281E563
:100760000EF0A0E10000A0E120119FE5801291E5CC
:100770001F0011E31E00000A00119FE5001091E523
:10078000011081E20109A0E12009A0E1F0109FE53C
:10079000001091E5010050E10300001A0210A0E3EF
:1007A000E8209FE5941282E5110000EADC109FE545
:1007B000881291E5DC209FE5C0309FE5003093E58D
:1007C0000310C2E7B4109FE5001091E5011081E22B
:1007D000A8209FE5001082E5A0109FE5001091E59C
:1007E0000119A0E12119A0E190209FE5001082E508
:1007F000DCFFFFEA0EF0A0E104E02DE50000A0E13F
:1008000088009FE5A40290E5070010E31300000AAA
:1008100078009FE5A40290E5070000E2010050E3A4
:100820000600000A020050E30600000A030050E33D
:100830000600000A040050E30600001A040000EA63
:10084000C7FFFFEB040000EA98FFFFEB020000EA9D
:100850000000A0E10000A0E10000A0E1E7FFFFEA46
:1008600004F09DE404E02DE520009FE5980290E56A
:10087000020010E30000001A8CFFFFEB04F09DE47F
:100880004840030044400300404003003C40030054
:1008900000C0FF7F3CC002003C0003000EF0A0E15E
:1008A0000EF0A0E10F002DE904E02DE53CD04DE273
:1008B00044008DE238008DE52C009FE500008FE0BC
:1008C00020008DE524009FE500008FE024008DE5E9
:1008D0001C009FE504308DE238208DE240109DE53C
:1008E000040000EB3CD08DE214F09DE484FCFFFF9B
:1008F000600D000090400300804D2DE97C002DE943
:1009000003002DE90000D1E508D04DE20360A0E12D
:100910000250A0E10080A0E3017081E2000050E3FA
:10092000D901000A250050E30500000A1C2096E5C5
:1009300008109DE50FE0A0E102F0A0E1018088E24F
:10094000CE0100EA0020A0E3082086E50040A0E3F5
:1009500000B0A0E301A0D7E42B005AE302408403D7
:10096000FBFFFF0A060000CA20005AE3044084038C
:10097000F7FFFF0A23005AE308408403F4FFFF0A4D
:10098000060000EA2D005AE3400FC4030140800333
:10099000EFFFFF0A30005AE3404F8403ECFFFF0AE9
:1009A0000000A0E32A005AE30700001A001095E5B2
:1009B000040091E4001085E5000050E3000060B2FF
:1009C000014024B201A0D7E4090000EA30104AE255
:1009D0000A0051E30800002A000180E080008AE05C
:1009E00001A0D7E4300040E230104AE20A0051E3AF
:1009F000F8FFFF3A000050E30000A0B32E005AE3D6
:100A000004008DE51600001A01A0D7E40000A0E361
:100A10002A005AE30400001A001095E5040091E44E
:100A2000001085E501A0D7E4090000EA30104AE291
:100A30000A0051E30800002A000180E080008AE0FB
:100A400001A0D7E4300040E230104AE20A0051E34E
:100A5000F8FFFF3A000050E3010000BA104084E3C1
:100A6000080086E56C005AE30200000A4C005AE3D5
:100A70000800001A040000EA0000D7E56C0050E30B
:100A800040408403017087020000000A204084E394
:100A900001A0D7E40F0000EA68005AE30600001A3C
:100AA0000000D7E5680050E380408413017087029E
:100AB00001A0D7E4404E8403060000EA6A005AE32E
:100AC0004040840301A0D7040200000A74005AE3E6
:100AD0007A005A1301A0D70467005AE35101000AB3
:100AE000110000CA63005AE32000000A080000CA8F
:100AF00000005AE3017047026001000A45005AE312
:100B000047005A134701000A58005AE3A700000A99
:100B1000190000EA64005AE31501000A65005AE36F
:100B200066005A133F01000A130000EA70005AE3FE
:100B3000D400000A060000CA69005AE30C01000A4A
:100B40006E005AE33200000A6F005AE3DA00000A2E
:100B5000090000EA73005AE34C00000A75005AE3EA
:100B6000ED00000A78005AE3AB00000A020000EA38
:100B7000000095E504A090E4000085E504009DE5F3
:100B8000010014E301B040E20E00001A400F14E32C
:100B90002000A0033000A013FF0000E200008DE55C
:100BA00001B05BE20700004A1C2096E500009DE5CD
:100BB00008109DE5018088E20FE0A0E102F0A0E1CD
:100BC00001B05BE2F7FFFF5A1C2096E508109DE597
:100BD0000A00A0E10FE0A0E102F0A0E1018088E2BC
:100BE000010014E32501000A01405BE22301004AF1
:100BF0001C2096E508109DE5018088E22000A0E316
:100C00000FE0A0E102F0A0E1014054E2F7FFFF5A3B
:100C10001A0100EA400E14E30400000A000095E502
:100C2000041090E4000085E50080C1E5130100EAAE
:100C3000800014E30600000A001095E528C4A0E136
:100C4000040091E4001085E50080C0E501C0C0E526
:100C50000A0100EA400014E30600000A000095E5DE
:100C6000C81FA0E1044090E4000085E5041084E57D
:100C7000008084E5010100EA000095E5200014E30E
:100C8000041090E4000085E5008081E5FB0000EAA7
:100C9000000095E5100014E3041090E4000085E5E1
:100CA00000108DE50A00000A00A0A0E3080096E508
:100CB000000000EA01A08AE200005AE1070000AA51
:100CC00000109DE50A10D1E7000051E3F8FFFF1A7C
:100CD000020000EA00009DE5160300EB00A0A0E181
:100CE00004009DE5010014E30A0040E004008DE5E6
:100CF0001300001A400F14E32000A0033000A013DB
:100D0000FFB000E204009DE5010040E204008DE533
:100D1000000050E30A0000BA1C2096E508109DE58B
:100D2000018088E20B00A0E10FE0A0E102F0A0E169
:100D300004009DE5010040E204008DE5000050E361
:100D4000F4FFFFAA00B0A0E300005AE3080000DAB5
:100D500000109DE50CE08FE20B00D1E71C2096E52A
:100D600008109DE502F0A0E101B08BE20A005BE112
:100D7000F6FFFFBA0A8088E0010014E3BF00000A12
:100D800004009DE5014050E2BC00004A1C2096E5AD
:100D900008109DE5018088E22000A0E30FE0A0E1BB
:100DA00002F0A0E1014054E2F7FFFF5AB30000EA6D
:100DB000000095E5400014E304B0900400008505B0
:100DC0000500000A081080E2001085E5001090E59B
:100DD000040090E5300086E52C1086E5400E14E313
:100DE000FFB00B120200001A800014E30BB8A01130
:100DF0002BB8A011AE0F8FE2080014E300005B13C4
:100E0000240086E5AF0F8F12AD0F8F02100014E3A0
:100E1000404FC413040086E58F0000EA000095E50A
:100E2000400014E304B09004000085050500000AAA
:100E3000081080E2001085E5001090E5040090E5C0
:100E4000300086E52C1086E5400E14E3FFB00B124F
:100E50000200001A800014E30BB8A0112BB8A011F7
:100E6000990F8FE2080014E300005B13240086E56D
:100E70009A0F8F12920F8F02100014E3404FC41389
:100E8000040086E5740000EA000095E5080014E31C
:100E900004B090E4000085E58B0F8FE2240086E526
:100EA0008F0F8F12860F8F02040086E50800A0E3E3
:100EB000080086E5104084E3670000EA000095E53D
:100EC000400014E304B09004000085050500000A0A
:100ED000081080E2001085E5001090E5040090E520
:100EE000300086E52C1086E5400E14E3FFB00B12AF
:100EF0000200001A800014E30BB8A0112BB8A01157
:100F0000080014E36E0F8F02760F8F12100014E3A7
:100F1000404FC413040086E54F0000EA000095E549
:100F2000400014E304B09004000085050500000AA9
:100F3000081080E2001085E5001090E5040090E5BF
:100F4000300086E52C1086E5400E14E3FFB00B124E
:100F50000200001A800014E30BB8A0112BB8A011F6
:100F6000570F8FE2100014E3404FC413040086E5CE
:100F7000390000EA400014E31100000A001095E572
:100F80002C3086E2080081E2000085E5030091E84C
:100F9000030083E8542F8FE20C0092E8020050E037
:100FA0000310D1E0150000AA2C1086E2030091E89E
:100FB000000070E20010E1E22C2086E2030082E8EB
:100FC0000C0000EA000095E5400E14E304B090E444
:100FD000000085E50BBCA0114BBCA0110200001A5B
:100FE000800014E30BB8A0114BB8A01100005BE324
:100FF00000B06BB2010000AAF4008FE2050000EA25
:10100000020014E3EC008F120200001A040014E343
:10101000AC008F02E0008F12100014E3404FC413A5
:10102000040086E50C0000EA804F84E3100014E31E
:101030000600A00308008605000095E500B0A0E3C7
:10104000081080E2001085E5001090E5040090E5AE
:10105000180086E5141086E5042086E504009DE569
:101060000B30A0E1280086E5004086E508009DE5FC
:101070000620A0E10A10A0E1200000EB088080E03B
:101080000100D7E4000050E325FEFF1A201096E58A
:1010900008009DE50FE0A0E101F0A0E1000050E3B1
:1010A0000800A00118D08DE2F001BDE80000E013B7
:1010B000008CBDE83031323334353637383941426F
:1010C00043444546000000003058000030313233C0
:1010D0003435363738396162636465660000000074
:1010E00030780000400000003000000000000000E8
:1010F000000000002D0000002B0000002000000078
:10110000804D2DE970002DE90070A0E10100A0E103
:10111000008092E50010E0E328D04DE20C1082E55B
:10112000101082E5840F18E30110A0030240A0E133
:101130000810840550104FE2670050E30060A0E300
:101140000050A0E30C00000A1B0000CA640050E33A
:101150007800000A050000CA450050E3470050131C
:101160000500000A580050E30700001A280000EAB2
:10117000650050E3660050130300001A0420A0E14C
:1011800008108DE2130200EB0060A0E1800F18E36D
:1011900028A094E58E00000A0C0094E500B0A0E3BE
:1011A000000050E301B040C2100094E5000050E39D
:1011B0000B0080C001B040C2890000EA700050E31B
:1011C0001300000A0E0000CA690050E35900000A2B
:1011D0006F0050E3ECFFFF1A400018E34600000ADE
:1011E000FC104FE22CA094E530B094E50C0091E89F
:1011F0000A00A0E103005BE1020050014800000A80
:101200002B0000EA750050E34A00000A780050E322
:10121000DDFFFF1A400018E31900000A4E1F4FE2DD
:101220002CA094E530B094E50C0091E80A00A0E110
:1012300003005BE102005001D3FFFF0A0B10A0E1A5
:10124000241094E50F000AE20010D1E70600A0E1A7
:1012500008208DE20010C2E72A02A0E10BAE80E177
:101260005F0F4FE20C0090E82BB2A0E103005BE1BE
:101270000A00A0E102005001016086E2C2FFFF0AFD
:10128000EDFFFFEA000053E3BFFFFF0A08A08DE275
:101290000F1003E2240094E52332B0E10110D0E7FF
:1012A0000600A0E1016086E20010CAE7B6FFFF0A6F
:1012B000F6FFFFEA0B10A0E1241094E507000AE214
:1012C0000010D1E70600A0E108208DE20010C2E77F
:1012D000AA01A0E18BAE80E17D0F4FE20C0090E807
:1012E000ABB1A0E103005BE10A00A0E10200500104
:1012F000016086E2EEFFFF1A090000EA000053E3F6
:101300000700000A08A08DE2070003E2301080E227
:101310000600A0E10010CAE7016086E2A331B0E157
:10132000F8FFFF1A080018E30800941501004012A6
:101330000800841594FFFFEA400018E31800000A33
:10134000971F4FE22CA094E530B094E50C0091E893
:101350000A00A0E103005BE1020050018AFFFF0ADE
:101360000B10A0E10A00A0E1020100EB01B0A0E136
:1013700000A0A0E10600A0E1301082E208208DE28A
:101380000010C2E7A80F4FE20C0090E80A00A0E1AD
:1013900003005BE102005001016086E27AFFFF0A70
:1013A000EEFFFFEA000053E377FFFF0A08A08DE29B
:1013B0000300A0E1150100EB302081E20610A0E15E
:1013C0000120CAE7016086E20030B0E16EFFFF0A4B
:1013D000F6FFFFEA080094E506B040E000005BE39A
:1013E00000B0A0B3040094E5520100EB06108BE0BE
:1013F000010080E0400F18E30100180300A04AE05C
:101400000B00001A2000A0E304008DE501A05AE2C1
:101410000700004A1C2094E504009DE5015085E288
:101420000710A0E10FE0A0E102F0A0E101A05AE264
:10143000F7FFFF5A041094E50100D1E404108DE594
:10144000000050E30900000A1C2094E50710A0E109
:101450000FE0A0E102F0A0E104109DE5015085E25B
:101460000100D1E404108DE5000050E3F5FFFF1A00
:10147000010018E30E00001A400F18E32000A0033B
:101480003000A013FF0000E204008DE501A05AE245
:101490000700004A1C2094E504009DE5015085E208
:1014A0000710A0E10FE0A0E102F0A0E101A05AE2E4
:1014B000F7FFFF5A800F18E33400000A00B0A0E3E2
:1014C000000056E3490000DA08008DE20B00D0E787
:1014D0003C0050E30700000A3E0050E32200001ADF
:1014E000100094E5010040E2100084E5000050E3A4
:1014F000220000BA100000EA0C0094E5010040E26E
:101500000C0084E5000050E31C0000BA1C2094E5A8
:10151000015085E20710A0E13000A0E30FE0A0E158
:1015200002F0A0E10C0094E5010040E20C0084E52B
:10153000000050E3F4FFFFAA100000EA1C2094E52D
:10154000015085E20710A0E13000A0E30FE0A0E128
:1015500002F0A0E1100094E5010040E2100084E5F3
:10156000000050E3F4FFFFAA040000EA1C2094E509
:101570000710A0E10FE0A0E102F0A0E1015085E238
:1015800001B08BE206005BE1CEFFFFBA170000EA74
:1015900001B05BE20700004A1C2094E5015085E29F
:1015A0000710A0E13000A0E30FE0A0E102F0A0E10D
:1015B00001B05BE2F7FFFF5A065085E001B046E25A
:1015C000000056E3090000DA08608DE20B00D6E760
:1015D0001C2094E50710A0E10FE0A0E102F0A0E1DB
:1015E0000B00A0E1000050E301B04BE2F6FFFFCAA0
:1015F000010018E30900000A01605AE20700004AEE
:101600001C2094E5015085E20710A0E12000A0E332
:101610000FE0A0E102F0A0E1016056E2F7FFFF5AFF
:101620000500A0E128D08DE2F001BDE8008CBDE806
:101630000C0090E5800000E20EF0A0E17E0000EBDF
:101640000D0000EB56FBFFEB050000EA01402DE921
:10165000420000EB0140BDE8000000EA0000E0E3CA
:10166000A6FBFFEA10402DE90040A0E1FFFFFFEBE1
:101670000400A0E11040BDE8F3FFFFEAF0402DE9CF
:101680000CD04DE20150A0E10040A0E1CC0000EB05
:101690000000A0E300408DE504508DE5FFFFFFEB67
:1016A00008008DE5C8009FE50D10A0E100008FE067
:1016B000FFFFFFEB0050A0E10160A0E103009DE807
:1016C000FFFFFFEBFFFFFFEBFFFFFFEB0010A0E3CF
:1016D0000000A0E3FFFFFFEB0070A0E1AF0000EB14
:1016E0000040A0E1207080E50000A0E30010A0E32E
:1016F000FFFFFFEB011080E2241084E50010A0E35F
:101700000000A0E3FFFFFFEB280084E50000A0E35A
:101710000010A0E3FFFFFFEB2C0084E50000A0E336
:101720000010A0E3FFFFFFEB300084E5FFFFFFEBBD
:10173000FFFFFFEBFFFFFFEBFFFFFFEBFFFFFFEB09
:10174000FFFFFFEBFFFFFFEBFFFFFFEB0500A0E15B
:101750000610A0E10CD08DE2F000BDE804F09DE49D
:1017600008402DE9FFFFFFEBFFFFFFEBFFFFFFEB63
:101770000880BDE8C000000030402DE90A2050E29A
:101780000030D1E220E1A0E101EF8EE10E0050E057
:101790002111C1E020E2A0E101EE8EE10E0090E017
:1017A0002112A1E020E4A0E101EC8EE10E0090E026
:1017B0002114A1E020E8A0E101E88EE10E0090E014
:1017C0002118A1E0010090E00010A1E2A001A0E139
:1017D000810E80E1A111A0E10141A0E1204F84E14F
:1017E000005190E00140A4E0055095E00440A4E0E1
:1017F000052052E00430D3E00030A0E30A2082420A
:101800003080BD48010090E20010A1E23080BDE8C8
:101810000A1040E2200140E0200280E0200480E045
:10182000200880E0A001A0E1002180E0821051E0CA
:10183000010080520A1081420EF0A0E10E50A0E19A
:10184000560000EB05E0A0E10040A0E10D10A0E192
:101850000A30A0E10700C0E360D080E210402DE92B
:101860002DFBFFEB1040BDE807D0C1E30060A0E313
:101870000070A0E30080A0E300B0A0E304C0A0E1FA
:10188000C009ACE8C009ACE8C009ACE8C009ACE8E4
:1018900013402DE90000A0E30010A0E3FFFFFFEBE1
:1018A000401081E2012080E0442F82E21C2084E588
:1018B000181084E50100A0E3100084E51340BDE8A2
:1018C000140084E50010A0E10EF0A0E110402DE925
:1018D00003002DE9310000EB0040A0E10300BDE86A
:1018E0001C3094E503304DE0142094E5002081E5A0
:1018F00000E082E003005EE10A00008A0E3093E01F
:101900006330A0E10730C3E3401D8EE2071081E29F
:101910000710C1E3030051E10310A081020041E080
:10192000141084E51080BDE80020A0E10000A0E3D1
:10193000FFFFFFEB1080BDE801C080E2030010E371
:101940000500000A0110D0E4000051E30C00400043
:101950000EF0A001030010E3F9FFFF1A38209FE505
:10196000041090E4023041E00130C3E1820313E14E
:10197000FAFFFF0A0C0040E0FF0011E30300400201
:101980000EF0A001FF0C11E3020040020EF0A001D6
:10199000FF0811E3010040020EF0A0E10101010186
:1019A00000009FE50EF0A0E1184103000000A0E355
:1019B0000EF0A0E110402DE9F8FFFFEB040080E2FB
:1019C0001080BDE810402DE9F9FFFFEB0010A0E307
:1019D000001080E51080BDE8F3FFFFEA0000000082
:1019E00000000000000000000000000000000000F7
:1019F00000000000000000000000000000000000E7
:101A000000000000000000000000000000000000D6
:101A100000000000000000000000000000000000C6
:101A200000000000000000000000000000000000B6
:101A300000000000000000000000000000000000A6
:101A40000000000000000000000000000000000096
:101A50000000000000000000000000000000000086
:101A60000000000000000000000000000000000076
:101A70000000000000000000000000000000000066
:101A80000000000000000000000000000000000056
:101A90000000000000000000000000000000000046
:101AA0000000000000000000000000000000000036
:101AB0000000000000000000000000000000000026
:101AC0000000000000000000000000000000000016
:101AD0000000000000000000000000000000000006
:101AE00000000000000000000000000000000000F6
:101AF00000000000000000000000000000000000E6
:101B000000000000000000000000000000000000D5
:101B100000000000000000000000000000000000C5
:101B200000000000000000000000000000000000B5
:101B300000000000000000000000000000000000A5
:101B40000000000000000000000000000000000095
:101B50000000000000000000000000000000000085
:101B60000000000000000000000000000000000075
:101B70000000000000000000000000000000000065
:101B80000000000000000000000000000000000055
:101B90000000000000000000000000000000000045
:101BA0000000000000000000000000000000000035
:101BB0000000000000000000000000000000000025
:101BC0000000000000000000000000000000000015
:101BD0000000000000000000000000000000000005
:101BE00000000000000000000000000000000000F5
:101BF00000000000000000000000000000000000E5
:101C000000000000000000000000000000000000D4
:101C100000000000000000000000000000000000C4
:101C200000000000000000000000000000000000B4
:101C300000000000000000000000000000000000A4
:101C40000000000000000000000000000000000094
:101C50000000000000000000000000000000000084
:101C60000000000000000000000000000000000074
:101C70000000000000000000000000000000000064
:101C80000000000000000000000000000000000054
:101C90000000000000000000000000000000000044
:101CA0000000000000000000000000000000000034
:101CB0000000000000000000000000000000000024
:101CC0000000000000000000000000000000000014
:101CD0000000000000000000000000000000000004
:101CE00000000000000000000000000000000000F4
:101CF00000000000000000000000000000000000E4
:101D000000000000000000000000000000000000D3
:101D100000000000000000000000000000000000C3
:101D200000000000000000000000000000000000B3
:101D300000000000000000000000000000000000A3
:101D40000000000000000000000000000000000093
:101D50000000000000000000000000000000000083
:101D60000000000000000000000000000000000073
:101D70000000000000000000000000000000000063
:101D80000000000000000000000000000000000053
:101D90000000000000000000000000000000000043
:101DA0000000000000000000000000000000000033
:101DB0000000000000000000000000000000000023
:101DC0000000000000000000000000000000000013
:101DD0000000000000000000000000000000000003
:101DE00000000000000000000000000000000000F3
:101DF00000000000000000000000000000000000E3
:101E000000000000000000000000000000000000D2
:101E100000000000000000000000000000000000C2
:101E200000000000000000000000000000000000B2
:101E300000000000000000000000000000000000A2
:101E40000000000000000000000000000000000092
:101E50000000000000000000000000000000000082
:101E60000000000000000000000000000000000072
:101E70000000000000000000000000000000000062
:101E80000000000000000000000000000000000052
:101E90000000000000000000000000000000000042
:101EA0000000000000000000000000000000000032
:101EB0000000000000000000000000000000000022
:101EC0000000000000000000000000000000000012
:101ED0000000000000000000000000000000000002
:101EE00000000000000000000000000000000000F2
:101EF00000000000000000000000000000000000E2
:101F000000000000000000000000000000000000D1
:101F100000000000000000000000000000000000C1
:101F200000000000000000000000000000000000B1
:101F300000000000000000000000000000000000A1
:101F40000000000000000000000000000000000091
:101F50000000000000000000000000000000000081
:101F60000000000000000000000000000000000071
:101F70000000000000000000000000000000000061
:101F80000000000000000000000000000000000051
:101F90000000000000000000000000000000000041
:101FA0000000000000000000000000000000000031
:101FB0000000000000000000000000000000000021
:101FC0000000000000000000000000000000000011
:101FD0000000000000000000000000000000000001
:101FE00000000000000000000000000000000000F1
:101FF00000000000000000000000000000000000E1
:1020000000000000000000000000000000000000D0
:1020100000000000000000000000000000000000C0
:1020200000000000000000000000000000000000B0
:1020300000000000000000000000000000000000A0
:102040000000000000000000000000000000000090
:102050000000000000000000000000000000000080
:102060000000000000000000000000000000000070
:102070000000000000000000000000000000000060
:102080000000000000000000000000000000000050
:102090000000000000000000000000000000000040
:1020A0000000000000000000000000000000000030
:1020B0000000000000000000000000000000000020
:1020C0000000000000000000000000000000000010
:1020D0000000000000000000000000000000000000
:1020E00000000000000000000000000000000000F0
:1020F00000000000000000000000000000000000E0
:1021000000000000000000000000000000000000CF
:1021100000000000000000000000000000000000BF
:1021200000000000000000000000000000000000AF
:10213000000000000000000000000000000000009F
:10214000000000000000000000000000000000008F
:10215000000000000000000000000000000000007F
:10216000000000000000000000000000000000006F
:10217000000000000000000000000000000000005F
:10218000000000000000000000000000000000004F
:10219000000000000000000000000000000000003F
:1021A000000000000000000000000000000000002F
:1021B000000000000000000000000000000000001F
:1021C000000000000000000000000000000000000F
:1021D00000000000000000000000000000000000FF
:1021E00000000000000000000000000000000000EF
:1021F00000000000000000000000000000000000DF
:1022000000000000000000000000000000000000CE
:1022100000000000000000000000000000000000BE
:1022200000000000000000000000000000000000AE
:10223000000000000000000000000000000000009E
:10224000000000000000000000000000000000008E
:10225000000000000000000000000000000000007E
:10226000000000000000000000000000000000006E
:10227000000000000000000000000000000000005E
:10228000000000000000000000000000000000004E
:10229000000000000000000000000000000000003E
:1022A000000000000000000000000000000000002E
:1022B000000000000000000000000000000000001E
:1022C000000000000000000000000000000000000E
:1022D00000000000000000000000000000000000FE
:1022E00000000000000000000000000000000000EE
:1022F00000000000000000000000000000000000DE
:1023000000000000000000000000000000000000CD
:1023100000000000000000000000000000000000BD
:1023200000000000000000000000000000000000AD
:10233000000000000000000000000000000000009D
:10234000000000000000000000000000000000008D
:10235000000000000000000000000000000000007D
:10236000000000000000000000000000000000006D
:10237000000000000000000000000000000000005D
:10238000000000000000000000000000000000004D
:10239000000000000000000000000000000000003D
:1023A000000000000000000000000000000000002D
:1023B000000000000000000000000000000000001D
:1023C000000000000000000000000000000000000D
:1023D00000000000000000000000000000000000FD
:1023E00000000000000000000000000000000000ED
:1023F00000000000000000000000000000000000DD
:1024000000000000000000000000000000000000CC
:1024100000000000000000000000000000000000BC
:1024200000000000000000000000000000000000AC
:10243000000000000000000000000000000000009C
:10244000000000000000000000000000000000008C
:10245000000000000000000000000000000000007C
:10246000000000000000000000000000000000006C
:10247000000000000000000000000000000000005C
:10248000000000000000000000000000000000004C
:10249000000000000000000000000000000000003C
:1024A000000000000000000000000000000000002C
:1024B000000000000000000000000000000000001C
:1024C000000000000000000000000000000000000C
:1024D00000000000000000000000000000000000FC
:1024E00000000000000000000000000000000000EC
:1024F00000000000000000000000000000000000DC
:1025000000000000000000000000000000000000CB
:1025100000000000000000000000000000000000BB
:1025200000000000000000000000000000000000AB
:10253000000000000000000000000000000000009B
:10254000000000000000000000000000000000008B
:10255000000000000000000000000000000000007B
:10256000000000000000000000000000000000006B
:10257000000000000000000000000000000000005B
:10258000000000000000000000000000000000004B
:10259000000000000000000000000000000000003B
:1025A000000000000000000000000000000000002B
:1025B000000000000000000000000000000000001B
:1025C000000000000000000000000000000000000B
:1025D00000000000000000000000000000000000FB
:1025E00000000000000000000000000000000000EB
:1025F00000000000000000000000000000000000DB
:1026000000000000000000000000000000000000CA
:1026100000000000000000000000000000000000BA
:1026200000000000000000000000000000000000AA
:10263000000000000000000000000000000000009A
:10264000000000000000000000000000000000008A
:10265000000000000000000000000000000000007A
:10266000000000000000000000000000000000006A
:10267000000000000000000000000000000000005A
:10268000000000000000000000000000000000004A
:10269000000000000000000000000000000000003A
:1026A000000000000000000000000000000000002A
:1026B000000000000000000000000000000000001A
:1026C000000000000000000000000000000000000A
:1026D00000000000000000000000000000000000FA
:1026E00000000000000000000000000000000000EA
:1026F00000000000000000000000000000000000DA
:1027000000000000000000000000000000000000C9
:1027100000000000000000000000000000000000B9
:1027200000000000000000000000000000000000A9
:102730000000000000000000000000000000000099
:102740000000000000000000000000000000000089
:102750000000000000000000000000000000000079
:102760000000000000000000000000000000000069
:102770000000000000000000000000000000000059
:102780000000000000000000000000000000000049
:102790000000000000000000000000000000000039
:1027A0000000000000000000000000000000000029
:1027B0000000000000000000000000000000000019
:1027C0000000000000000000000000000000000009
:1027D00000000000000000000000000000000000F9
:1027E00000000000000000000000000000000000E9
:1027F00000000000000000000000000000000000D9
:1028000000000000000000000000000000000000C8
:1028100000000000000000000000000000000000B8
:1028200000000000000000000000000000000000A8
:102830000000000000000000000000000000000098
:102840000000000000000000000000000000000088
:102850000000000000000000000000000000000078
:102860000000000000000000000000000000000068
:102870000000000000000000000000000000000058
:102880000000000000000000000000000000000048
:102890000000000000000000000000000000000038
:1028A0000000000000000000000000000000000028
:1028B0000000000000000000000000000000000018
:1028C0000000000000000000000000000000000008
:1028D00000000000000000000000000000000000F8
:1028E00000000000000000000000000000000000E8
:1028F00000000000000000000000000000000000D8
:1029000000000000000000000000000000000000C7
:1029100000000000000000000000000000000000B7
:1029200000000000000000000000000000000000A7
:102930000000000000000000000000000000000097
:102940000000000000000000000000000000000087
:102950000000000000000000000000000000000077
:102960000000000000000000000000000000000067
:102970000000000000000000000000000000000057
:102980000000000000000000000000000000000047
:102990000000000000000000000000000000000037
:1029A0000000000000000000000000000000000027
:1029B0000000000000000000000000000000000017
:1029C0000000000000000000000000000000000007
:1029D00000000000000000000000000000000000F7
:1029E00000000000000000000000000000000000E7
:1029F00000000000000000000000000000000000D7
:102A000000000000000000000000000000000000C6
:102A100000000000000000000000000000000000B6
:102A200000000000000000000000000000000000A6
:102A30000000000000000000000000000000000096
:102A40000000000000000000000000000000000086
:102A50000000000000000000000000000000000076
:102A60000000000000000000000000000000000066
:102A70000000000000000000000000000000000056
:102A80000000000000000000000000000000000046
:102A90000000000000000000000000000000000036
:102AA0000000000000000000000000000000000026
:102AB0000000000000000000000000000000000016
:102AC0000000000000000000000000000000000006
:102AD00000000000000000000000000000000000F6
:102AE00000000000000000000000000000000000E6
:102AF00000000000000000000000000000000000D6
:102B000000000000000000000000000000000000C5
:102B100000000000000000000000000000000000B5
:102B200000000000000000000000000000000000A5
:102B30000000000000000000000000000000000095
:102B40000000000000000000000000000000000085
:102B50000000000000000000000000000000000075
:102B60000000000000000000000000000000000065
:102B70000000000000000000000000000000000055
:102B80000000000000000000000000000000000045
:102B90000000000000000000000000000000000035
:102BA0000000000000000000000000000000000025
:102BB0000000000000000000000000000000000015
:102BC0000000000000000000000000000000000005
:102BD00000000000000000000000000000000000F5
:102BE00000000000000000000000000000000000E5
:102BF00000000000000000000000000000000000D5
:102C000000000000000000000000000000000000C4
:102C100000000000000000000000000000000000B4
:102C200000000000000000000000000000000000A4
:102C30000000000000000000000000000000000094
:102C40000000000000000000000000000000000084
:102C50000000000000000000000000000000000074
:102C60000000000000000000000000000000000064
:102C70000000000000000000000000000000000054
:102C80000000000000000000000000000000000044
:102C90000000000000000000000000000000000034
:102CA0000000000000000000000000000000000024
:102CB0000000000000000000000000000000000014
:102CC0000000000000000000000000000000000004
:102CD00000000000000000000000000000000000F4
:102CE00000000000000000000000000000000000E4
:102CF00000000000000000000000000000000000D4
:102D000000000000000000000000000000000000C3
:102D100000000000000000000000000000000000B3
:102D200000000000000000000000000000000000A3
:102D30000000000000000000000000000000000093
:102D40000000000000000000000000000000000083
:102D50000000000000000000000000000000000073
:102D60000000000000000000000000000000000063
:102D70000000000000000000000000000000000053
:102D80000000000000000000000000000000000043
:102D90000000000000000000000000000000000033
:102DA0000000000000000000000000000000000023
:102DB0000000000000000000000000000000000013
:102DC0000000000000000000000000000000000003
:102DD00000000000000000000000000000000000F3
:102DE00000000000000000000000000000000000E3
:102DF00000000000000000000000000000000000D3
:102E000000000000000000000000000000000000C2
:102E100000000000000000000000000000000000B2
:102E200000000000000000000000000000000000A2
:102E30000000000000000000000000000000000092
:102E40000000000000000000000000000000000082
:102E50000000000000000000000000000000000072
:102E60000000000000000000000000000000000062
:102E70000000000000000000000000000000000052
:102E80000000000000000000000000000000000042
:102E90000000000000000000000000000000000032
:102EA0000000000000000000000000000000000022
:102EB0000000000000000000000000000000000012
:102EC0000000000000000000000000000000000002
:102ED00000000000000000000000000000000000F2
:102EE00000000000000000000000000000000000E2
:102EF00000000000000000000000000000000000D2
:102F000000000000000000000000000000000000C1
:102F100000000000000000000000000000000000B1
:102F200000000000000000000000000000000000A1
:102F30000000000000000000000000000000000091
:102F40000000000000000000000000000000000081
:102F50000000000000000000000000000000000071
:102F60000000000000000000000000000000000061
:102F70000000000000000000000000000000000051
:102F80000000000000000000000000000000000041
:102F90000000000000000000000000000000000031
:102FA0000000000000000000000000000000000021
:102FB0000000000000000000000000000000000011
:102FC0000000000000000000000000000000000001
:102FD00000000000000000000000000000000000F1
:102FE00000000000000000000000000000000000E1
:102FF00000000000000000000000000000000000D1
:1030000000000000000000000000000000000000C0
:1030100000000000000000000000000000000000B0
:1030200000000000000000000000000000000000A0
:103030000000000000000000000000000000000090
:103040000000000000000000000000000000000080
:103050000000000000000000000000000000000070
:103060000000000000000000000000000000000060
:103070000000000000000000000000000000000050
:103080000000000000000000000000000000000040
:103090000000000000000000000000000000000030
:1030A0000000000000000000000000000000000020
:1030B0000000000000000000000000000000000010
:1030C0000000000000000000000000000000000000
:1030D00000000000000000000000000000000000F0
:1030E00000000000000000000000000000000000E0
:1030F00000000000000000000000000000000000D0
:1031000000000000000000000000000000000000BF
:1031100000000000000000000000000000000000AF
:10312000000000000000000000000000000000009F
:10313000000000000000000000000000000000008F
:10314000000000000000000000000000000000007F
:10315000000000000000000000000000000000006F
:10316000000000000000000000000000000000005F
:10317000000000000000000000000000000000004F
:10318000000000000000000000000000000000003F
:10319000000000000000000000000000000000002F
:1031A000000000000000000000000000000000001F
:1031B000000000000000000000000000000000000F
:1031C00000000000000000000000000000000000FF
:1031D00000000000000000000000000000000000EF
:1031E00000000000000000000000000000000000DF
:1031F00000000000000000000000000000000000CF
:1032000000000000000000000000000000000000BE
:1032100000000000000000000000000000000000AE
:10322000000000000000000000000000000000009E
:10323000000000000000000000000000000000008E
:10324000000000000000000000000000000000007E
:10325000000000000000000000000000000000006E
:10326000000000000000000000000000000000005E
:10327000000000000000000000000000000000004E
:10328000000000000000000000000000000000003E
:10329000000000000000000000000000000000002E
:1032A000000000000000000000000000000000001E
:1032B000000000000000000000000000000000000E
:1032C00000000000000000000000000000000000FE
:1032D00000000000000000000000000000000000EE
:1032E00000000000000000000000000000000000DE
:1032F00000000000000000000000000000000000CE
:1033000000000000000000000000000000000000BD
:1033100000000000000000000000000000000000AD
:10332000000000000000000000000000000000009D
:10333000000000000000000000000000000000008D
:10334000000000000000000000000000000000007D
:10335000000000000000000000000000000000006D
:10336000000000000000000000000000000000005D
:10337000000000000000000000000000000000004D
:10338000000000000000000000000000000000003D
:10339000000000000000000000000000000000002D
:1033A000000000000000000000000000000000001D
:1033B000000000000000000000000000000000000D
:1033C00000000000000000000000000000000000FD
:1033D00000000000000000000000000000000000ED
:1033E00000000000000000000000000000000000DD
:1033F00000000000000000000000000000000000CD
:1034000000000000000000000000000000000000BC
:1034100000000000000000000000000000000000AC
:10342000000000000000000000000000000000009C
:10343000000000000000000000000000000000008C
:10344000000000000000000000000000000000007C
:10345000000000000000000000000000000000006C
:10346000000000000000000000000000000000005C
:10347000000000000000000000000000000000004C
:10348000000000000000000000000000000000003C
:10349000000000000000000000000000000000002C
:1034A000000000000000000000000000000000001C
:1034B000000000000000000000000000000000000C
:1034C00000000000000000000000000000000000FC
:1034D00000000000000000000000000000000000EC
:1034E00000000000000000000000000000000000DC
:1034F00000000000000000000000000000000000CC
:1035000000000000000000000000000000000000BB
:1035100000000000000000000000000000000000AB
:10352000000000000000000000000000000000009B
:10353000000000000000000000000000000000008B
:10354000000000000000000000000000000000007B
:10355000000000000000000000000000000000006B
:10356000000000000000000000000000000000005B
:10357000000000000000000000000000000000004B
:10358000000000000000000000000000000000003B
:10359000000000000000000000000000000000002B
:1035A000000000000000000000000000000000001B
:1035B000000000000000000000000000000000000B
:1035C00000000000000000000000000000000000FB
:1035D00000000000000000000000000000000000EB
:1035E00000000000000000000000000000000000DB
:1035F00000000000000000000000000000000000CB
:1036000000000000000000000000000000000000BA
:1036100000000000000000000000000000000000AA
:10362000000000000000000000000000000000009A
:10363000000000000000000000000000000000008A
:10364000000000000000000000000000000000007A
:10365000000000000000000000000000000000006A
:10366000000000000000000000000000000000005A
:10367000000000000000000000000000000000004A
:10368000000000000000000000000000000000003A
:10369000000000000000000000000000000000002A
:1036A000000000000000000000000000000000001A
:1036B000000000000000000000000000000000000A
:1036C00000000000000000000000000000000000FA
:1036D00000000000000000000000000000000000EA
:1036E00000000000000000000000000000000000DA
:1036F00000000000000000000000000000000000CA
:1037000000000000000000000000000000000000B9
:1037100000000000000000000000000000000000A9
:103720000000000000000000000000000000000099
:103730000000000000000000000000000000000089
:103740000000000000000000000000000000000079
:103750000000000000000000000000000000000069
:103760000000000000000000000000000000000059
:103770000000000000000000000000000000000049
:103780000000000000000000000000000000000039
:103790000000000000000000000000000000000029
:1037A0000000000000000000000000000000000019
:1037B0000000000000000000000000000000000009
:1037C00000000000000000000000000000000000F9
:1037D00000000000000000000000000000000000E9
:1037E00000000000000000000000000000000000D9
:1037F00000000000000000000000000000000000C9
:1038000000000000000000000000000000000000B8
:1038100000000000000000000000000000000000A8
:103820000000000000000000000000000000000098
:103830000000000000000000000000000000000088
:103840000000000000000000000000000000000078
:103850000000000000000000000000000000000068
:103860000000000000000000000000000000000058
:103870000000000000000000000000000000000048
:103880000000000000000000000000000000000038
:103890000000000000000000000000000000000028
:1038A0000000000000000000000000000000000018
:1038B0000000000000000000000000000000000008
:1038C00000000000000000000000000000000000F8
:1038D00000000000000000000000000000000000E8
:1038E00000000000000000000000000000000000D8
:1038F00000000000000000000000000000000000C8
:1039000000000000000000000000000000000000B7
:1039100000000000000000000000000000000000A7
:103920000000000000000000000000000000000097
:103930000000000000000000000000000000000087
:103940000000000000000000000000000000000077
:103950000000000000000000000000000000000067
:103960000000000000000000000000000000000057
:103970000000000000000000000000000000000047
:103980000000000000000000000000000000000037
:103990000000000000000000000000000000000027
:1039A0000000000000000000000000000000000017
:1039B0000000000000000000000000000000000007
:1039C00000000000000000000000000000000000F7
:1039D00000000000000000000000000000000000E7
:1039E00000000000000000000000000000000000D7
:1039F00000000000000000000000000000000000C7
:103A000000000000000000000000000000000000B6
:103A100000000000000000000000000000000000A6
:103A20000000000000000000000000000000000096
:103A30000000000000000000000000000000000086
:103A40000000000000000000000000000000000076
:103A50000000000000000000000000000000000066
:103A60000000000000000000000000000000000056
:103A70000000000000000000000000000000000046
:103A80000000000000000000000000000000000036
:103A90000000000000000000000000000000000026
:103AA0000000000000000000000000000000000016
:103AB0000000000000000000000000000000000006
:103AC00000000000000000000000000000000000F6
:103AD00000000000000000000000000000000000E6
:103AE00000000000000000000000000000000000D6
:103AF00000000000000000000000000000000000C6
:103B000000000000000000000000000000000000B5
:103B100000000000000000000000000000000000A5
:103B20000000000000000000000000000000000095
:103B30000000000000000000000000000000000085
:103B40000000000000000000000000000000000075
:103B50000000000000000000000000000000000065
:103B60000000000000000000000000000000000055
:103B70000000000000000000000000000000000045
:103B80000000000000000000000000000000000035
:103B90000000000000000000000000000000000025
:103BA0000000000000000000000000000000000015
:103BB0000000000000000000000000000000000005
:103BC00000000000000000000000000000000000F5
:103BD00000000000000000000000000000000000E5
:103BE00000000000000000000000000000000000D5
:103BF00000000000000000000000000000000000C5
:103C000000000000000000000000000000000000B4
:103C100000000000000000000000000000000000A4
:103C20000000000000000000000000000000000094
:103C30000000000000000000000000000000000084
:103C40000000000000000000000000000000000074
:103C50000000000000000000000000000000000064
:103C60000000000000000000000000000000000054
:103C70000000000000000000000000000000000044
:103C80000000000000000000000000000000000034
:103C90000000000000000000000000000000000024
:103CA0000000000000000000000000000000000014
:103CB0000000000000000000000000000000000004
:103CC00000000000000000000000000000000000F4
:103CD00000000000000000000000000000000000E4
:103CE00000000000000000000000000000000000D4
:103CF00000000000000000000000000000000000C4
:103D000000000000000000000000000000000000B3
:103D100000000000000000000000000000000000A3
:103D20000000000000000000000000000000000093
:103D30000000000000000000000000000000000083
:103D40000000000000000000000000000000000073
:103D50000000000000000000000000000000000063
:103D60000000000000000000000000000000000053
:103D70000000000000000000000000000000000043
:103D80000000000000000000000000000000000033
:103D90000000000000000000000000000000000023
:103DA0000000000000000000000000000000000013
:103DB0000000000000000000000000000000000003
:103DC00000000000000000000000000000000000F3
:103DD00000000000000000000000000000000000E3
:103DE00000000000000000000000000000000000D3
:103DF00000000000000000000000000000000000C3
:103E000000000000000000000000000000000000B2
:103E100000000000000000000000000000000000A2
:103E20000000000000000000000000000000000092
:103E30000000000000000000000000000000000082
:103E40000000000000000000000000000000000072
:103E50000000000000000000000000000000000062
:103E60000000000000000000000000000000000052
:103E70000000000000000000000000000000000042
:103E80000000000000000000000000000000000032
:103E90000000000000000000000000000000000022
:103EA0000000000000000000000000000000000012
:103EB0000000000000000000000000000000000002
:103EC00000000000000000000000000000000000F2
:103ED00000000000000000000000000000000000E2
:103EE00000000000000000000000000000000000D2
:103EF00000000000000000000000000000000000C2
:103F000000000000000000000000000000000000B1
:103F100000000000000000000000000000000000A1
:103F20000000000000000000000000000000000091
:103F30000000000000000000000000000000000081
:103F40000000000000000000000000000000000071
:103F50000000000000000000000000000000000061
:103F60000000000000000000000000000000000051
:103F70000000000000000000000000000000000041
:103F80000000000000000000000000000000000031
:103F90000000000000000000000000000000000021
:103FA0000000000000000000000000000000000011
:103FB0000000000000000000000000000000000001
:103FC00000000000000000000000000000000000F1
:103FD00000000000000000000000000000000000E1
:103FE00000000000000000000000000000000000D1
:103FF00000000000000000000000000000000000C1
:1040000000000000000000000000000000000000B0
:1040100000000000000000000000000000000000A0
:104020000000000000000000000000000000000090
:104030000000000000000000000000000000000080
:104040000000000000000000000000000000000070
:104050000000000000000000000000000000000060
:104060000000000000000000000000000000000050
:104070000000000000000000000000000000000040
:104080000000000000000000000000000000000030
:104090000000000000000000000000000000000020
:1040A0000000000000000000000000000000000010
:1040B0000000000000000000000000000000000000
:1040C00000000000000000000000000000000000F0
:1040D00000000000000000000000000000000000E0
:1040E00000000000000000000000000000000000D0
:1040F00000000000000000000000000000000000C0
:1041000000000000000000000000000000000000AF
:10411000000000000000000000000000000000009F
:10412000000000000000000000000000000000008F
:10413000000000000000000000000000000000007F
:10414000000000000000000000000000000000006F
:10415000000000000000000000000000000000005F
:10416000000000000000000000000000000000004F
:10417000000000000000000000000000000000003F
:10418000000000000000000000000000000000002F
:10419000000000000000000000000000000000001F
:1041A000000000000000000000000000000000000F
:1041B00000000000000000000000000000000000FF
:1041C00000000000000000000000000000000000EF
:1041D00000000000000000000000000000000000DF
:1041E00000000000000000000000000000000000CF
:1041F00000000000000000000000000000000000BF
:1042000000000000000000000000000000000000AE
:10421000000000000000000000000000000000009E
:10422000000000000000000000000000000000008E
:10423000000000000000000000000000000000007E
:10424000000000000000000000000000000000006E
:10425000000000000000000000000000000000005E
:10426000000000000000000000000000000000004E
:10427000000000000000000000000000000000003E
:10428000000000000000000000000000000000002E
:10429000000000000000000000000000000000001E
:1042A000000000000000000000000000000000000E
:1042B00000000000000000000000000000000000FE
:1042C00000000000000000000000000000000000EE
:1042D00000000000000000000000000000000000DE
:1042E00000000000000000000000000000000000CE
:1042F00000000000000000000000000000000000BE
:1043000000000000000000000000000000000000AD
:10431000000000000000000000000000000000009D
:10432000000000000000000000000000000000008D
:10433000000000000000000000000000000000007D
:10434000000000000000000000000000000000006D
:10435000000000000000000000000000000000005D
:10436000000000000000000000000000000000004D
:10437000000000000000000000000000000000003D
:10438000000000000000000000000000000000002D
:10439000000000000000000000000000000000001D
:1043A000000000000000000000000000000000000D
:1043B00000000000000000000000000000000000FD
:1043C00000000000000000000000000000000000ED
:1043D00000000000000000000000000000000000DD
:1043E00000000000000000000000000000000000CD
:1043F00000000000000000000000000000000000BD
:1044000000000000000000000000000000000000AC
:10441000000000000000000000000000000000009C
:10442000000000000000000000000000000000008C
:10443000000000000000000000000000000000007C
:10444000000000000000000000000000000000006C
:10445000000000000000000000000000000000005C
:10446000000000000000000000000000000000004C
:10447000000000000000000000000000000000003C
:10448000000000000000000000000000000000002C
:10449000000000000000000000000000000000001C
:1044A000000000000000000000000000000000000C
:1044B00000000000000000000000000000000000FC
:1044C00000000000000000000000000000000000EC
:1044D00000000000000000000000000000000000DC
:1044E00000000000000000000000000000000000CC
:1044F00000000000000000000000000000000000BC
:1045000000000000000000000000000000000000AB
:10451000000000000000000000000000000000009B
:10452000000000000000000000000000000000008B
:10453000000000000000000000000000000000007B
:10454000000000000000000000000000000000006B
:10455000000000000000000000000000000000005B
:10456000000000000000000000000000000000004B
:10457000000000000000000000000000000000003B
:10458000000000000000000000000000000000002B
:10459000000000000000000000000000000000001B
:1045A000000000000000000000000000000000000B
:1045B00000000000000000000000000000000000FB
:1045C00000000000000000000000000000000000EB
:1045D00000000000000000000000000000000000DB
:1045E00000000000000000000000000000000000CB
:1045F00000000000000000000000000000000000BB
:1046000000000000000000000000000000000000AA
:10461000000000000000000000000000000000009A
:10462000000000000000000000000000000000008A
:10463000000000000000000000000000000000007A
:10464000000000000000000000000000000000006A
:10465000000000000000000000000000000000005A
:10466000000000000000000000000000000000004A
:10467000000000000000000000000000000000003A
:10468000000000000000000000000000000000002A
:10469000000000000000000000000000000000001A
:1046A000000000000000000000000000000000000A
:1046B00000000000000000000000000000000000FA
:1046C00000000000000000000000000000000000EA
:1046D00000000000000000000000000000000000DA
:1046E00000000000000000000000000000000000CA
:1046F00000000000000000000000000000000000BA
:1047000000000000000000000000000000000000A9
:104710000000000000000000000000000000000099
:104720000000000000000000000000000000000089
:104730000000000000000000000000000000000079
:104740000000000000000000000000000000000069
:104750000000000000000000000000000000000059
:104760000000000000000000000000000000000049
:104770000000000000000000000000000000000039
:104780000000000000000000000000000000000029
:104790000000000000000000000000000000000019
:1047A0000000000000000000000000000000000009
:1047B00000000000000000000000000000000000F9
:1047C00000000000000000000000000000000000E9
:1047D00000000000000000000000000000000000D9
:1047E00000000000000000000000000000000000C9
:1047F00000000000000000000000000000000000B9
:1048000000000000000000000000000000000000A8
:104810000000000000000000000000000000000098
:104820000000000000000000000000000000000088
:104830000000000000000000000000000000000078
:104840000000000000000000000000000000000068
:104850000000000000000000000000000000000058
:104860000000000000000000000000000000000048
:104870000000000000000000000000000000000038
:104880000000000000000000000000000000000028
:104890000000000000000000000000000000000018
:1048A0000000000000000000000000000000000008
:1048B00000000000000000000000000000000000F8
:1048C00000000000000000000000000000000000E8
:1048D00000000000000000000000000000000000D8
:1048E00000000000000000000000000000000000C8
:1048F00000000000000000000000000000000000B8
:1049000000000000000000000000000000000000A7
:104910000000000000000000000000000000000097
:104920000000000000000000000000000000000087
:104930000000000000000000000000000000000077
:104940000000000000000000000000000000000067
:104950000000000000000000000000000000000057
:104960000000000000000000000000000000000047
:104970000000000000000000000000000000000037
:104980000000000000000000000000000000000027
:104990000000000000000000000000000000000017
:1049A0000000000000000000000000000000000007
:1049B00000000000000000000000000000000000F7
:1049C00000000000000000000000000000000000E7
:1049D00000000000000000000000000000000000D7
:1049E00000000000000000000000000000000000C7
:1049F00000000000000000000000000000000000B7
:104A000000000000000000000000000000000000A6
:104A10000000000000000000000000000000000096
:104A20000000000000000000000000000000000086
:104A30000000000000000000000000000000000076
:104A40000000000000000000000000000000000066
:104A50000000000000000000000000000000000056
:104A60000000000000000000000000000000000046
:104A70000000000000000000000000000000000036
:104A80000000000000000000000000000000000026
:104A90000000000000000000000000000000000016
:104AA0000000000000000000000000000000000006
:104AB00000000000000000000000000000000000F6
:104AC00000000000000000000000000000000000E6
:104AD00000000000000000000000000000000000D6
:104AE00000000000000000000000000000000000C6
:104AF00000000000000000000000000000000000B6
:104B000000000000000000000000000000000000A5
:104B10000000000000000000000000000000000095
:104B20000000000000000000000000000000000085
:104B30000000000000000000000000000000000075
:104B40000000000000000000000000000000000065
:104B50000000000000000000000000000000000055
:104B60000000000000000000000000000000000045
:104B70000000000000000000000000000000000035
:104B80000000000000000000000000000000000025
:104B90000000000000000000000000000000000015
:104BA0000000000000000000000000000000000005
:104BB00000000000000000000000000000000000F5
:104BC00000000000000000000000000000000000E5
:104BD00000000000000000000000000000000000D5
:104BE00000000000000000000000000000000000C5
:104BF00000000000000000000000000000000000B5
:104C000000000000000000000000000000000000A4
:104C10000000000000000000000000000000000094
:104C20000000000000000000000000000000000084
:104C30000000000000000000000000000000000074
:104C40000000000000000000000000000000000064
:104C50000000000000000000000000000000000054
:104C60000000000000000000000000000000000044
:104C70000000000000000000000000000000000034
:104C80000000000000000000000000000000000024
:104C90000000000000000000000000000000000014
:104CA0000000000000000000000000000000000004
:104CB00000000000000000000000000000000000F4
:104CC00000000000000000000000000000000000E4
:104CD00000000000000000000000000000000000D4
:104CE00000000000000000000000000000000000C4
:104CF00000000000000000000000000000000000B4
:104D000000000000000000000000000000000000A3
:104D10000000000000000000000000000000000093
:104D20000000000000000000000000000000000083
:104D30000000000000000000000000000000000073
:104D40000000000000000000000000000000000063
:104D50000000000000000000000000000000000053
:104D60000000000000000000000000000000000043
:104D70000000000000000000000000000000000033
:104D80000000000000000000000000000000000023
:104D90000000000000000000000000000000000013
:104DA0000000000000000000000000000000000003
:104DB00000000000000000000000000000000000F3
:104DC00000000000000000000000000000000000E3
:104DD00000000000000000000000000000000000D3
:104DE00000000000000000000000000000000000C3
:104DF00000000000000000000000000000000000B3
:104E000000000000000000000000000000000000A2
:104E10000000000000000000000000000000000092
:104E20000000000000000000000000000000000082
:104E30000000000000000000000000000000000072
:104E40000000000000000000000000000000000062
:104E50000000000000000000000000000000000052
:104E60000000000000000000000000000000000042
:104E70000000000000000000000000000000000032
:104E80000000000000000000000000000000000022
:104E90000000000000000000000000000000000012
:104EA0000000000000000000000000000000000002
:104EB00000000000000000000000000000000000F2
:104EC00000000000000000000000000000000000E2
:104ED00000000000000000000000000000000000D2
:104EE00000000000000000000000000000000000C2
:104EF00000000000000000000000000000000000B2
:104F000000000000000000000000000000000000A1
:104F10000000000000000000000000000000000091
:104F20000000000000000000000000000000000081
:104F30000000000000000000000000000000000071
:104F40000000000000000000000000000000000061
:104F50000000000000000000000000000000000051
:104F60000000000000000000000000000000000041
:104F70000000000000000000000000000000000031
:104F80000000000000000000000000000000000021
:104F90000000000000000000000000000000000011
:104FA0000000000000000000000000000000000001
:104FB00000000000000000000000000000000000F1
:104FC00000000000000000000000000000000000E1
:104FD00000000000000000000000000000000000D1
:104FE00000000000000000000000000000000000C1
:104FF00000000000000000000000000000000000B1
:1050000000000000000000000000000000000000A0
:105010000000000000000000000000000000000090
:105020000000000000000000000000000000000080
:105030000000000000000000000000000000000070
:105040000000000000000000000000000000000060
:105050000000000000000000000000000000000050
:105060000000000000000000000000000000000040
:105070000000000000000000000000000000000030
:105080000000000000000000000000000000000020
:105090000000000000000000000000000000000010
:1050A0000000000000000000000000000000000000
:1050B00000000000000000000000000000000000F0
:1050C00000000000000000000000000000000000E0
:1050D00000000000000000000000000000000000D0
:1050E00000000000000000000000000000000000C0
:1050F00000000000000000000000000000000000B0
:10510000000000000000000000000000000000009F
:10511000000000000000000000000000000000008F
:10512000000000000000000000000000000000007F
:10513000000000000000000000000000000000006F
:10514000000000000000000000000000000000005F
:10515000000000000000000000000000000000004F
:10516000000000000000000000000000000000003F
:10517000000000000000000000000000000000002F
:10518000000000000000000000000000000000001F
:10519000000000000000000000000000000000000F
:1051A00000000000000000000000000000000000FF
:1051B00000000000000000000000000000000000EF
:1051C00000000000000000000000000000000000DF
:1051D00000000000000000000000000000000000CF
:1051E00000000000000000000000000000000000BF
:1051F00000000000000000000000000000000000AF
:10520000000000000000000000000000000000009E
:10521000000000000000000000000000000000008E
:10522000000000000000000000000000000000007E
:10523000000000000000000000000000000000006E
:10524000000000000000000000000000000000005E
:10525000000000000000000000000000000000004E
:10526000000000000000000000000000000000003E
:10527000000000000000000000000000000000002E
:10528000000000000000000000000000000000001E
:10529000000000000000000000000000000000000E
:1052A00000000000000000000000000000000000FE
:1052B00000000000000000000000000000000000EE
:1052C00000000000000000000000000000000000DE
:1052D00000000000000000000000000000000000CE
:1052E00000000000000000000000000000000000BE
:1052F00000000000000000000000000000000000AE
:10530000000000000000000000000000000000009D
:10531000000000000000000000000000000000008D
:10532000000000000000000000000000000000007D
:10533000000000000000000000000000000000006D
:10534000000000000000000000000000000000005D
:10535000000000000000000000000000000000004D
:10536000000000000000000000000000000000003D
:10537000000000000000000000000000000000002D
:10538000000000000000000000000000000000001D
:10539000000000000000000000000000000000000D
:1053A00000000000000000000000000000000000FD
:1053B00000000000000000000000000000000000ED
:1053C00000000000000000000000000000000000DD
:1053D00000000000000000000000000000000000CD
:1053E00000000000000000000000000000000000BD
:1053F00000000000000000000000000000000000AD
:10540000000000000000000000000000000000009C
:10541000000000000000000000000000000000008C
:10542000000000000000000000000000000000007C
:10543000000000000000000000000000000000006C
:10544000000000000000000000000000000000005C
:10545000000000000000000000000000000000004C
:10546000000000000000000000000000000000003C
:10547000000000000000000000000000000000002C
:10548000000000000000000000000000000000001C
:10549000000000000000000000000000000000000C
:1054A00000000000000000000000000000000000FC
:1054B00000000000000000000000000000000000EC
:1054C00000000000000000000000000000000000DC
:1054D00000000000000000000000000000000000CC
:1054E00000000000000000000000000000000000BC
:1054F00000000000000000000000000000000000AC
:10550000000000000000000000000000000000009B
:10551000000000000000000000000000000000008B
:10552000000000000000000000000000000000007B
:10553000000000000000000000000000000000006B
:10554000000000000000000000000000000000005B
:10555000000000000000000000000000000000004B
:10556000000000000000000000000000000000003B
:10557000000000000000000000000000000000002B
:10558000000000000000000000000000000000001B
:10559000000000000000000000000000000000000B
:1055A00000000000000000000000000000000000FB
:1055B00000000000000000000000000000000000EB
:1055C00000000000000000000000000000000000DB
:1055D00000000000000000000000000000000000CB
:1055E00000000000000000000000000000000000BB
:1055F00000000000000000000000000000000000AB
:10560000000000000000000000000000000000009A
:10561000000000000000000000000000000000008A
:10562000000000000000000000000000000000007A
:10563000000000000000000000000000000000006A
:10564000000000000000000000000000000000005A
:10565000000000000000000000000000000000004A
:10566000000000000000000000000000000000003A
:10567000000000000000000000000000000000002A
:10568000000000000000000000000000000000001A
:10569000000000000000000000000000000000000A
:1056A00000000000000000000000000000000000FA
:1056B00000000000000000000000000000000000EA
:1056C00000000000000000000000000000000000DA
:1056D00000000000000000000000000000000000CA
:1056E00000000000000000000000000000000000BA
:1056F00000000000000000000000000000000000AA
:105700000000000000000000000000000000000099
:105710000000000000000000000000000000000089
:105720000000000000000000000000000000000079
:105730000000000000000000000000000000000069
:105740000000000000000000000000000000000059
:105750000000000000000000000000000000000049
:105760000000000000000000000000000000000039
:105770000000000000000000000000000000000029
:105780000000000000000000000000000000000019
:105790000000000000000000000000000000000009
:1057A00000000000000000000000000000000000F9
:1057B00000000000000000000000000000000000E9
:1057C00000000000000000000000000000000000D9
:1057D00000000000000000000000000000000000C9
:1057E00000000000000000000000000000000000B9
:1057F00000000000000000000000000000000000A9
:105800000000000000000000000000000000000098
:105810000000000000000000000000000000000088
:105820000000000000000000000000000000000078
:105830000000000000000000000000000000000068
:105840000000000000000000000000000000000058
:105850000000000000000000000000000000000048
:105860000000000000000000000000000000000038
:105870000000000000000000000000000000000028
:105880000000000000000000000000000000000018
:105890000000000000000000000000000000000008
:1058A00000000000000000000000000000000000F8
:1058B00000000000000000000000000000000000E8
:1058C00000000000000000000000000000000000D8
:1058D00000000000000000000000000000000000C8
:1058E00000000000000000000000000000000000B8
:1058F00000000000000000000000000000000000A8
:105900000000000000000000000000000000000097
:105910000000000000000000000000000000000087
:105920000000000000000000000000000000000077
:105930000000000000000000000000000000000067
:105940000000000000000000000000000000000057
:105950000000000000000000000000000000000047
:105960000000000000000000000000000000000037
:105970000000000000000000000000000000000027
:105980000000000000000000000000000000000017
:105990000000000000000000000000000000000007
:1059A00000000000000000000000000000000000F7
:1059B00000000000000000000000000000000000E7
:1059C00000000000000000000000000000000000D7
:1059D00000000000000000000000000000000000C7
:1059E00000000000000000000000000000000000B7
:1059F00000000000000000000000000000000000A7
:105A00000000000000000000000000000000000096
:105A10000000000000000000000000000000000086
:105A20000000000000000000000000000000000076
:105A30000000000000000000000000000000000066
:105A40000000000000000000000000000000000056
:105A50000000000000000000000000000000000046
:105A60000000000000000000000000000000000036
:105A70000000000000000000000000000000000026
:105A80000000000000000000000000000000000016
:105A90000000000000000000000000000000000006
:105AA00000000000000000000000000000000000F6
:105AB00000000000000000000000000000000000E6
:105AC00000000000000000000000000000000000D6
:105AD00000000000000000000000000000000000C6
:105AE00000000000000000000000000000000000B6
:105AF00000000000000000000000000000000000A6
:105B00000000000000000000000000000000000095
:105B10000000000000000000000000000000000085
:105B20000000000000000000000000000000000075
:105B30000000000000000000000000000000000065
:105B40000000000000000000000000000000000055
:105B50000000000000000000000000000000000045
:105B60000000000000000000000000000000000035
:105B70000000000000000000000000000000000025
:105B80000000000000000000000000000000000015
:105B90000000000000000000000000000000000005
:105BA00000000000000000000000000000000000F5
:105BB00000000000000000000000000000000000E5
:105BC00000000000000000000000000000000000D5
:105BD00000000000000000000000000000000000C5
:105BE00000000000000000000000000000000000B5
:105BF00000000000000000000000000000000000A5
:105C00000000000000000000000000000000000094
:105C10000000000000000000000000000000000084
:105C20000000000000000000000000000000000074
:105C30000000000000000000000000000000000064
:105C40000000000000000000000000000000000054
:105C50000000000000000000000000000000000044
:105C60000000000000000000000000000000000034
:105C70000000000000000000000000000000000024
:105C80000000000000000000000000000000000014
:105C90000000000000000000000000000000000004
:105CA00000000000000000000000000000000000F4
:105CB00000000000000000000000000000000000E4
:105CC00000000000000000000000000000000000D4
:105CD00000000000000000000000000000000000C4
:105CE00000000000000000000000000000000000B4
:105CF00000000000000000000000000000000000A4
:105D00000000000000000000000000000000000093
:105D10000000000000000000000000000000000083
:105D20000000000000000000000000000000000073
:105D30000000000000000000000000000000000063
:105D40000000000000000000000000000000000053
:105D50000000000000000000000000000000000043
:105D60000000000000000000000000000000000033
:105D70000000000000000000000000000000000023
:105D80000000000000000000000000000000000013
:105D90000000000000000000000000000000000003
:105DA00000000000000000000000000000000000F3
:105DB00000000000000000000000000000000000E3
:105DC00000000000000000000000000000000000D3
:105DD00000000000000000000000000000000000C3
:105DE00000000000000000000000000000000000B3
:105DF00000000000000000000000000000000000A3
:105E00000000000000000000000000000000000092
:105E10000000000000000000000000000000000082
:105E20000000000000000000000000000000000072
:105E30000000000000000000000000000000000062
:105E40000000000000000000000000000000000052
:105E50000000000000000000000000000000000042
:105E60000000000000000000000000000000000032
:105E70000000000000000000000000000000000022
:105E80000000000000000000000000000000000012
:105E90000000000000000000000000000000000002
:105EA00000000000000000000000000000000000F2
:105EB00000000000000000000000000000000000E2
:105EC00000000000000000000000000000000000D2
:105ED00000000000000000000000000000000000C2
:105EE00000000000000000000000000000000000B2
:105EF00000000000000000000000000000000000A2
:105F00000000000000000000000000000000000091
:105F10000000000000000000000000000000000081
:105F20000000000000000000000000000000000071
:105F30000000000000000000000000000000000061
:105F40000000000000000000000000000000000051
:105F50000000000000000000000000000000000041
:105F60000000000000000000000000000000000031
:105F70000000000000000000000000000000000021
:105F80000000000000000000000000000000000011
:105F90000000000000000000000000000000000001
:105FA00000000000000000000000000000000000F1
:105FB00000000000000000000000000000000000E1
:105FC00000000000000000000000000000000000D1
:105FD00000000000000000000000000000000000C1
:105FE00000000000000000000000000000000000B1
:105FF00000000000000000000000000000000000A1
:106000000000000000000000000000000000000090
:106010000000000000000000000000000000000080
:106020000000000000000000000000000000000070
:106030000000000000000000000000000000000060
:106040000000000000000000000000000000000050
:106050000000000000000000000000000000000040
:106060000000000000000000000000000000000030
:106070000000000000000000000000000000000020
:106080000000000000000000000000000000000010
:106090000000000000000000000000000000000000
:1060A00000000000000000000000000000000000F0
:1060B00000000000000000000000000000000000E0
:1060C00000000000000000000000000000000000D0
:1060D00000000000000000000000000000000000C0
:1060E00000000000000000000000000000000000B0
:1060F00000000000000000000000000000000000A0
:10610000000000000000000000000000000000008F
:10611000000000000000000000000000000000007F
:10612000000000000000000000000000000000006F
:10613000000000000000000000000000000000005F
:10614000000000000000000000000000000000004F
:10615000000000000000000000000000000000003F
:10616000000000000000000000000000000000002F
:10617000000000000000000000000000000000001F
:10618000000000000000000000000000000000000F
:1061900000000000000000000000000000000000FF
:1061A00000000000000000000000000000000000EF
:1061B00000000000000000000000000000000000DF
:1061C00000000000000000000000000000000000CF
:1061D00000000000000000000000000000000000BF
:1061E00000000000000000000000000000000000AF
:1061F000000000000000000000000000000000009F
:10620000000000000000000000000000000000008E
:10621000000000000000000000000000000000007E
:10622000000000000000000000000000000000006E
:10623000000000000000000000000000000000005E
:10624000000000000000000000000000000000004E
:10625000000000000000000000000000000000003E
:10626000000000000000000000000000000000002E
:10627000000000000000000000000000000000001E
:10628000000000000000000000000000000000000E
:1062900000000000000000000000000000000000FE
:1062A00000000000000000000000000000000000EE
:1062B00000000000000000000000000000000000DE
:1062C00000000000000000000000000000000000CE
:1062D00000000000000000000000000000000000BE
:1062E00000000000000000000000000000000000AE
:1062F000000000000000000000000000000000009E
:10630000000000000000000000000000000000008D
:10631000000000000000000000000000000000007D
:10632000000000000000000000000000000000006D
:10633000000000000000000000000000000000005D
:10634000000000000000000000000000000000004D
:10635000000000000000000000000000000000003D
:10636000000000000000000000000000000000002D
:10637000000000000000000000000000000000001D
:10638000000000000000000000000000000000000D
:1063900000000000000000000000000000000000FD
:1063A00000000000000000000000000000000000ED
:1063B00000000000000000000000000000000000DD
:1063C00000000000000000000000000000000000CD
:1063D00000000000000000000000000000000000BD
:1063E00000000000000000000000000000000000AD
:1063F000000000000000000000000000000000009D
:10640000000000000000000000000000000000008C
:10641000000000000000000000000000000000007C
:10642000000000000000000000000000000000006C
:10643000000000000000000000000000000000005C
:10644000000000000000000000000000000000004C
:10645000000000000000000000000000000000003C
:10646000000000000000000000000000000000002C
:10647000000000000000000000000000000000001C
:10648000000000000000000000000000000000000C
:1064900000000000000000000000000000000000FC
:1064A00000000000000000000000000000000000EC
:1064B00000000000000000000000000000000000DC
:1064C00000000000000000000000000000000000CC
:1064D00000000000000000000000000000000000BC
:1064E00000000000000000000000000000000000AC
:1064F000000000000000000000000000000000009C
:10650000000000000000000000000000000000008B
:10651000000000000000000000000000000000007B
:10652000000000000000000000000000000000006B
:10653000000000000000000000000000000000005B
:10654000000000000000000000000000000000004B
:10655000000000000000000000000000000000003B
:10656000000000000000000000000000000000002B
:10657000000000000000000000000000000000001B
:10658000000000000000000000000000000000000B
:1065900000000000000000000000000000000000FB
:1065A00000000000000000000000000000000000EB
:1065B00000000000000000000000000000000000DB
:1065C00000000000000000000000000000000000CB
:1065D00000000000000000000000000000000000BB
:1065E00000000000000000000000000000000000AB
:1065F000000000000000000000000000000000009B
:10660000000000000000000000000000000000008A
:10661000000000000000000000000000000000007A
:10662000000000000000000000000000000000006A
:10663000000000000000000000000000000000005A
:10664000000000000000000000000000000000004A
:10665000000000000000000000000000000000003A
:10666000000000000000000000000000000000002A
:10667000000000000000000000000000000000001A
:10668000000000000000000000000000000000000A
:1066900000000000000000000000000000000000FA
:1066A00000000000000000000000000000000000EA
:1066B00000000000000000000000000000000000DA
:1066C00000000000000000000000000000000000CA
:1066D00000000000000000000000000000000000BA
:1066E00000000000000000000000000000000000AA
:1066F000000000000000000000000000000000009A
:106700000000000000000000000000000000000089
:106710000000000000000000000000000000000079
:106720000000000000000000000000000000000069
:106730000000000000000000000000000000000059
:106740000000000000000000000000000000000049
:106750000000000000000000000000000000000039
:106760000000000000000000000000000000000029
:106770000000000000000000000000000000000019
:106780000000000000000000000000000000000009
:1067900000000000000000000000000000000000F9
:1067A00000000000000000000000000000000000E9
:1067B00000000000000000000000000000000000D9
:1067C00000000000000000000000000000000000C9
:1067D00000000000000000000000000000000000B9
:1067E00000000000000000000000000000000000A9
:1067F0000000000000000000000000000000000099
:106800000000000000000000000000000000000088
:106810000000000000000000000000000000000078
:106820000000000000000000000000000000000068
:106830000000000000000000000000000000000058
:106840000000000000000000000000000000000048
:106850000000000000000000000000000000000038
:106860000000000000000000000000000000000028
:106870000000000000000000000000000000000018
:106880000000000000000000000000000000000008
:1068900000000000000000000000000000000000F8
:1068A00000000000000000000000000000000000E8
:1068B00000000000000000000000000000000000D8
:1068C00000000000000000000000000000000000C8
:1068D00000000000000000000000000000000000B8
:1068E00000000000000000000000000000000000A8
:1068F0000000000000000000000000000000000098
:106900000000000000000000000000000000000087
:106910000000000000000000000000000000000077
:106920000000000000000000000000000000000067
:106930000000000000000000000000000000000057
:106940000000000000000000000000000000000047
:106950000000000000000000000000000000000037
:106960000000000000000000000000000000000027
:106970000000000000000000000000000000000017
:106980000000000000000000000000000000000007
:1069900000000000000000000000000000000000F7
:1069A00000000000000000000000000000000000E7
:1069B00000000000000000000000000000000000D7
:1069C00000000000000000000000000000000000C7
:1069D00000000000000000000000000000000000B7
:1069E00000000000000000000000000000000000A7
:1069F0000000000000000000000000000000000097
:106A00000000000000000000000000000000000086
:106A10000000000000000000000000000000000076
:106A20000000000000000000000000000000000066
:106A30000000000000000000000000000000000056
:106A40000000000000000000000000000000000046
:106A50000000000000000000000000000000000036
:106A60000000000000000000000000000000000026
:106A70000000000000000000000000000000000016
:106A80000000000000000000000000000000000006
:106A900000000000000000000000000000000000F6
:106AA00000000000000000000000000000000000E6
:106AB00000000000000000000000000000000000D6
:106AC00000000000000000000000000000000000C6
:106AD00000000000000000000000000000000000B6
:106AE00000000000000000000000000000000000A6
:106AF0000000000000000000000000000000000096
:106B00000000000000000000000000000000000085
:106B10000000000000000000000000000000000075
:106B20000000000000000000000000000000000065
:106B30000000000000000000000000000000000055
:106B40000000000000000000000000000000000045
:106B50000000000000000000000000000000000035
:106B60000000000000000000000000000000000025
:106B70000000000000000000000000000000000015
:106B80000000000000000000000000000000000005
:106B900000000000000000000000000000000000F5
:106BA00000000000000000000000000000000000E5
:106BB00000000000000000000000000000000000D5
:106BC00000000000000000000000000000000000C5
:106BD00000000000000000000000000000000000B5
:106BE00000000000000000000000000000000000A5
:106BF0000000000000000000000000000000000095
:106C00000000000000000000000000000000000084
:106C10000000000000000000000000000000000074
:106C20000000000000000000000000000000000064
:106C30000000000000000000000000000000000054
:106C40000000000000000000000000000000000044
:106C50000000000000000000000000000000000034
:106C60000000000000000000000000000000000024
:106C70000000000000000000000000000000000014
:106C80000000000000000000000000000000000004
:106C900000000000000000000000000000000000F4
:106CA00000000000000000000000000000000000E4
:106CB00000000000000000000000000000000000D4
:106CC00000000000000000000000000000000000C4
:106CD00000000000000000000000000000000000B4
:106CE00000000000000000000000000000000000A4
:106CF0000000000000000000000000000000000094
:106D00000000000000000000000000000000000083
:106D10000000000000000000000000000000000073
:106D20000000000000000000000000000000000063
:106D30000000000000000000000000000000000053
:106D40000000000000000000000000000000000043
:106D50000000000000000000000000000000000033
:106D60000000000000000000000000000000000023
:106D70000000000000000000000000000000000013
:106D80000000000000000000000000000000000003
:106D900000000000000000000000000000000000F3
:106DA00000000000000000000000000000000000E3
:106DB00000000000000000000000000000000000D3
:106DC00000000000000000000000000000000000C3
:106DD00000000000000000000000000000000000B3
:106DE00000000000000000000000000000000000A3
:106DF0000000000000000000000000000000000093
:106E00000000000000000000000000000000000082
:106E10000000000000000000000000000000000072
:106E20000000000000000000000000000000000062
:106E30000000000000000000000000000000000052
:106E40000000000000000000000000000000000042
:106E50000000000000000000000000000000000032
:106E60000000000000000000000000000000000022
:106E70000000000000000000000000000000000012
:106E80000000000000000000000000000000000002
:106E900000000000000000000000000000000000F2
:106EA00000000000000000000000000000000000E2
:106EB00000000000000000000000000000000000D2
:106EC00000000000000000000000000000000000C2
:106ED00000000000000000000000000000000000B2
:106EE00000000000000000000000000000000000A2
:106EF0000000000000000000000000000000000092
:106F00000000000000000000000000000000000081
:106F10000000000000000000000000000000000071
:106F20000000000000000000000000000000000061
:106F30000000000000000000000000000000000051
:106F40000000000000000000000000000000000041
:106F50000000000000000000000000000000000031
:106F60000000000000000000000000000000000021
:106F70000000000000000000000000000000000011
:106F80000000000000000000000000000000000001
:106F900000000000000000000000000000000000F1
:106FA00000000000000000000000000000000000E1
:106FB00000000000000000000000000000000000D1
:106FC00000000000000000000000000000000000C1
:106FD00000000000000000000000000000000000B1
:106FE00000000000000000000000000000000000A1
:106FF0000000000000000000000000000000000091
:107000000000000000000000000000000000000080
:107010000000000000000000000000000000000070
:107020000000000000000000000000000000000060
:107030000000000000000000000000000000000050
:107040000000000000000000000000000000000040
:107050000000000000000000000000000000000030
:107060000000000000000000000000000000000020
:107070000000000000000000000000000000000010
:107080000000000000000000000000000000000000
:1070900000000000000000000000000000000000F0
:1070A00000000000000000000000000000000000E0
:1070B00000000000000000000000000000000000D0
:1070C00000000000000000000000000000000000C0
:1070D00000000000000000000000000000000000B0
:1070E00000000000000000000000000000000000A0
:1070F0000000000000000000000000000000000090
:10710000000000000000000000000000000000007F
:10711000000000000000000000000000000000006F
:10712000000000000000000000000000000000005F
:10713000000000000000000000000000000000004F
:10714000000000000000000000000000000000003F
:10715000000000000000000000000000000000002F
:10716000000000000000000000000000000000001F
:10717000000000000000000000000000000000000F
:1071800000000000000000000000000000000000FF
:1071900000000000000000000000000000000000EF
:1071A00000000000000000000000000000000000DF
:1071B00000000000000000000000000000000000CF
:1071C00000000000000000000000000000000000BF
:1071D00000000000000000000000000000000000AF
:1071E000000000000000000000000000000000009F
:1071F000000000000000000000000000000000008F
:10720000000000000000000000000000000000007E
:10721000000000000000000000000000000000006E
:10722000000000000000000000000000000000005E
:10723000000000000000000000000000000000004E
:10724000000000000000000000000000000000003E
:10725000000000000000000000000000000000002E
:10726000000000000000000000000000000000001E
:10727000000000000000000000000000000000000E
:1072800000000000000000000000000000000000FE
:1072900000000000000000000000000000000000EE
:1072A00000000000000000000000000000000000DE
:1072B00000000000000000000000000000000000CE
:1072C00000000000000000000000000000000000BE
:1072D00000000000000000000000000000000000AE
:1072E000000000000000000000000000000000009E
:1072F000000000000000000000000000000000008E
:10730000000000000000000000000000000000007D
:10731000000000000000000000000000000000006D
:10732000000000000000000000000000000000005D
:10733000000000000000000000000000000000004D
:10734000000000000000000000000000000000003D
:10735000000000000000000000000000000000002D
:10736000000000000000000000000000000000001D
:10737000000000000000000000000000000000000D
:1073800000000000000000000000000000000000FD
:1073900000000000000000000000000000000000ED
:1073A00000000000000000000000000000000000DD
:1073B00000000000000000000000000000000000CD
:1073C00000000000000000000000000000000000BD
:1073D00000000000000000000000000000000000AD
:1073E000000000000000000000000000000000009D
:1073F000000000000000000000000000000000008D
:10740000000000000000000000000000000000007C
:10741000000000000000000000000000000000006C
:10742000000000000000000000000000000000005C
:10743000000000000000000000000000000000004C
:10744000000000000000000000000000000000003C
:10745000000000000000000000000000000000002C
:10746000000000000000000000000000000000001C
:10747000000000000000000000000000000000000C
:1074800000000000000000000000000000000000FC
:1074900000000000000000000000000000000000EC
:1074A00000000000000000000000000000000000DC
:1074B00000000000000000000000000000000000CC
:1074C00000000000000000000000000000000000BC
:1074D00000000000000000000000000000000000AC
:1074E000000000000000000000000000000000009C
:1074F000000000000000000000000000000000008C
:10750000000000000000000000000000000000007B
:10751000000000000000000000000000000000006B
:10752000000000000000000000000000000000005B
:10753000000000000000000000000000000000004B
:10754000000000000000000000000000000000003B
:10755000000000000000000000000000000000002B
:10756000000000000000000000000000000000001B
:10757000000000000000000000000000000000000B
:1075800000000000000000000000000000000000FB
:1075900000000000000000000000000000000000EB
:1075A00000000000000000000000000000000000DB
:1075B00000000000000000000000000000000000CB
:1075C00000000000000000000000000000000000BB
:1075D00000000000000000000000000000000000AB
:1075E000000000000000000000000000000000009B
:1075F000000000000000000000000000000000008B
:10760000000000000000000000000000000000007A
:10761000000000000000000000000000000000006A
:10762000000000000000000000000000000000005A
:10763000000000000000000000000000000000004A
:10764000000000000000000000000000000000003A
:10765000000000000000000000000000000000002A
:10766000000000000000000000000000000000001A
:10767000000000000000000000000000000000000A
:1076800000000000000000000000000000000000FA
:1076900000000000000000000000000000000000EA
:1076A00000000000000000000000000000000000DA
:1076B00000000000000000000000000000000000CA
:1076C00000000000000000000000000000000000BA
:1076D00000000000000000000000000000000000AA
:1076E000000000000000000000000000000000009A
:1076F000000000000000000000000000000000008A
:107700000000000000000000000000000000000079
:107710000000000000000000000000000000000069
:107720000000000000000000000000000000000059
:107730000000000000000000000000000000000049
:107740000000000000000000000000000000000039
:107750000000000000000000000000000000000029
:107760000000000000000000000000000000000019
:107770000000000000000000000000000000000009
:1077800000000000000000000000000000000000F9
:1077900000000000000000000000000000000000E9
:1077A00000000000000000000000000000000000D9
:1077B00000000000000000000000000000000000C9
:1077C00000000000000000000000000000000000B9
:1077D00000000000000000000000000000000000A9
:1077E0000000000000000000000000000000000099
:1077F0000000000000000000000000000000000089
:107800000000000000000000000000000000000078
:107810000000000000000000000000000000000068
:107820000000000000000000000000000000000058
:107830000000000000000000000000000000000048
:107840000000000000000000000000000000000038
:107850000000000000000000000000000000000028
:107860000000000000000000000000000000000018
:107870000000000000000000000000000000000008
:1078800000000000000000000000000000000000F8
:1078900000000000000000000000000000000000E8
:1078A00000000000000000000000000000000000D8
:1078B00000000000000000000000000000000000C8
:1078C00000000000000000000000000000000000B8
:1078D00000000000000000000000000000000000A8
:1078E0000000000000000000000000000000000098
:1078F0000000000000000000000000000000000088
:107900000000000000000000000000000000000077
:107910000000000000000000000000000000000067
:107920000000000000000000000000000000000057
:107930000000000000000000000000000000000047
:107940000000000000000000000000000000000037
:107950000000000000000000000000000000000027
:107960000000000000000000000000000000000017
:107970000000000000000000000000000000000007
:1079800000000000000000000000000000000000F7
:1079900000000000000000000000000000000000E7
:1079A00000000000000000000000000000000000D7
:1079B00000000000000000000000000000000000C7
:1079C00000000000000000000000000000000000B7
:1079D00000000000000000000000000000000000A7
:1079E0000000000000000000000000000000000097
:1079F0000000000000000000000000000000000087
:107A00000000000000000000000000000000000076
:107A10000000000000000000000000000000000066
:107A20000000000000000000000000000000000056
:107A30000000000000000000000000000000000046
:107A40000000000000000000000000000000000036
:107A50000000000000000000000000000000000026
:107A60000000000000000000000000000000000016
:107A70000000000000000000000000000000000006
:107A800000000000000000000000000000000000F6
:107A900000000000000000000000000000000000E6
:107AA00000000000000000000000000000000000D6
:107AB00000000000000000000000000000000000C6
:107AC00000000000000000000000000000000000B6
:107AD00000000000000000000000000000000000A6
:107AE0000000000000000000000000000000000096
:107AF0000000000000000000000000000000000086
:107B00000000000000000000000000000000000075
:107B10000000000000000000000000000000000065
:107B20000000000000000000000000000000000055
:107B30000000000000000000000000000000000045
:107B40000000000000000000000000000000000035
:107B50000000000000000000000000000000000025
:107B60000000000000000000000000000000000015
:107B70000000000000000000000000000000000005
:107B800000000000000000000000000000000000F5
:107B900000000000000000000000000000000000E5
:107BA00000000000000000000000000000000000D5
:107BB00000000000000000000000000000000000C5
:107BC00000000000000000000000000000000000B5
:107BD00000000000000000000000000000000000A5
:107BE0000000000000000000000000000000000095
:107BF0000000000000000000000000000000000085
:107C00000000000000000000000000000000000074
:107C10000000000000000000000000000000000064
:107C20000000000000000000000000000000000054
:107C30000000000000000000000000000000000044
:107C40000000000000000000000000000000000034
:107C50000000000000000000000000000000000024
:107C60000000000000000000000000000000000014
:107C70000000000000000000000000000000000004
:107C800000000000000000000000000000000000F4
:107C900000000000000000000000000000000000E4
:107CA00000000000000000000000000000000000D4
:107CB00000000000000000000000000000000000C4
:107CC00000000000000000000000000000000000B4
:107CD00000000000000000000000000000000000A4
:107CE0000000000000000000000000000000000094
:107CF0000000000000000000000000000000000084
:107D00000000000000000000000000000000000073
:107D10000000000000000000000000000000000063
:107D20000000000000000000000000000000000053
:107D30000000000000000000000000000000000043
:107D40000000000000000000000000000000000033
:107D50000000000000000000000000000000000023
:107D60000000000000000000000000000000000013
:107D70000000000000000000000000000000000003
:107D800000000000000000000000000000000000F3
:107D900000000000000000000000000000000000E3
:107DA00000000000000000000000000000000000D3
:107DB00000000000000000000000000000000000C3
:107DC00000000000000000000000000000000000B3
:107DD00000000000000000000000000000000000A3
:107DE0000000000000000000000000000000000093
:107DF0000000000000000000000000000000000083
:107E00000000000000000000000000000000000072
:107E10000000000000000000000000000000000062
:107E20000000000000000000000000000000000052
:107E30000000000000000000000000000000000042
:107E40000000000000000000000000000000000032
:107E50000000000000000000000000000000000022
:107E60000000000000000000000000000000000012
:107E70000000000000000000000000000000000002
:107E800000000000000000000000000000000000F2
:107E900000000000000000000000000000000000E2
:107EA00000000000000000000000000000000000D2
:107EB00000000000000000000000000000000000C2
:107EC00000000000000000000000000000000000B2
:107ED00000000000000000000000000000000000A2
:107EE0000000000000000000000000000000000092
:107EF0000000000000000000000000000000000082
:107F00000000000000000000000000000000000071
:107F10000000000000000000000000000000000061
:107F20000000000000000000000000000000000051
:107F30000000000000000000000000000000000041
:107F40000000000000000000000000000000000031
:107F50000000000000000000000000000000000021
:107F60000000000000000000000000000000000011
:107F70000000000000000000000000000000000001
:107F800000000000000000000000000000000000F1
:107F900000000000000000000000000000000000E1
:107FA00000000000000000000000000000000000D1
:107FB00000000000000000000000000000000000C1
:107FC00000000000000000000000000000000000B1
:107FD00000000000000000000000000000000000A1
:107FE0000000000000000000000000000000000091
:107FF0000000000000000000000000000000000081
:108000000000000000000000000000000000000070
:108010000000000000000000000000000000000060
:108020000000000000000000000000000000000050
:108030000000000000000000000000000000000040
:108040000000000000000000000000000000000030
:108050000000000000000000000000000000000020
:108060000000000000000000000000000000000010
:108070000000000000000000000000000000000000
:1080800000000000000000000000000000000000F0
:1080900000000000000000000000000000000000E0
:1080A00000000000000000000000000000000000D0
:1080B00000000000000000000000000000000000C0
:1080C00000000000000000000000000000000000B0
:1080D00000000000000000000000000000000000A0
:1080E0000000000000000000000000000000000090
:1080F0000000000000000000000000000000000080
:10810000000000000000000000000000000000006F
:10811000000000000000000000000000000000005F
:10812000000000000000000000000000000000004F
:10813000000000000000000000000000000000003F
:10814000000000000000000000000000000000002F
:10815000000000000000000000000000000000001F
:10816000000000000000000000000000000000000F
:1081700000000000000000000000000000000000FF
:1081800000000000000000000000000000000000EF
:1081900000000000000000000000000000000000DF
:1081A00000000000000000000000000000000000CF
:1081B00000000000000000000000000000000000BF
:1081C00000000000000000000000000000000000AF
:1081D000000000000000000000000000000000009F
:1081E000000000000000000000000000000000008F
:1081F000000000000000000000000000000000007F
:10820000000000000000000000000000000000006E
:10821000000000000000000000000000000000005E
:10822000000000000000000000000000000000004E
:10823000000000000000000000000000000000003E
:10824000000000000000000000000000000000002E
:10825000000000000000000000000000000000001E
:10826000000000000000000000000000000000000E
:1082700000000000000000000000000000000000FE
:1082800000000000000000000000000000000000EE
:1082900000000000000000000000000000000000DE
:1082A00000000000000000000000000000000000CE
:1082B00000000000000000000000000000000000BE
:1082C00000000000000000000000000000000000AE
:1082D000000000000000000000000000000000009E
:1082E000000000000000000000000000000000008E
:1082F000000000000000000000000000000000007E
:10830000000000000000000000000000000000006D
:10831000000000000000000000000000000000005D
:10832000000000000000000000000000000000004D
:10833000000000000000000000000000000000003D
:10834000000000000000000000000000000000002D
:10835000000000000000000000000000000000001D
:10836000000000000000000000000000000000000D
:1083700000000000000000000000000000000000FD
:1083800000000000000000000000000000000000ED
:1083900000000000000000000000000000000000DD
:1083A00000000000000000000000000000000000CD
:1083B00000000000000000000000000000000000BD
:1083C00000000000000000000000000000000000AD
:1083D000000000000000000000000000000000009D
:1083E000000000000000000000000000000000008D
:1083F000000000000000000000000000000000007D
:10840000000000000000000000000000000000006C
:10841000000000000000000000000000000000005C
:10842000000000000000000000000000000000004C
:10843000000000000000000000000000000000003C
:10844000000000000000000000000000000000002C
:10845000000000000000000000000000000000001C
:10846000000000000000000000000000000000000C
:1084700000000000000000000000000000000000FC
:1084800000000000000000000000000000000000EC
:1084900000000000000000000000000000000000DC
:1084A00000000000000000000000000000000000CC
:1084B00000000000000000000000000000000000BC
:1084C00000000000000000000000000000000000AC
:1084D000000000000000000000000000000000009C
:1084E000000000000000000000000000000000008C
:1084F000000000000000000000000000000000007C
:10850000000000000000000000000000000000006B
:10851000000000000000000000000000000000005B
:10852000000000000000000000000000000000004B
:10853000000000000000000000000000000000003B
:10854000000000000000000000000000000000002B
:10855000000000000000000000000000000000001B
:10856000000000000000000000000000000000000B
:1085700000000000000000000000000000000000FB
:1085800000000000000000000000000000000000EB
:1085900000000000000000000000000000000000DB
:1085A00000000000000000000000000000000000CB
:1085B00000000000000000000000000000000000BB
:1085C00000000000000000000000000000000000AB
:1085D000000000000000000000000000000000009B
:1085E000000000000000000000000000000000008B
:1085F000000000000000000000000000000000007B
:10860000000000000000000000000000000000006A
:10861000000000000000000000000000000000005A
:10862000000000000000000000000000000000004A
:10863000000000000000000000000000000000003A
:10864000000000000000000000000000000000002A
:10865000000000000000000000000000000000001A
:10866000000000000000000000000000000000000A
:1086700000000000000000000000000000000000FA
:1086800000000000000000000000000000000000EA
:1086900000000000000000000000000000000000DA
:1086A00000000000000000000000000000000000CA
:1086B00000000000000000000000000000000000BA
:1086C00000000000000000000000000000000000AA
:1086D000000000000000000000000000000000009A
:1086E000000000000000000000000000000000008A
:1086F000000000000000000000000000000000007A
:108700000000000000000000000000000000000069
:108710000000000000000000000000000000000059
:108720000000000000000000000000000000000049
:108730000000000000000000000000000000000039
:108740000000000000000000000000000000000029
:108750000000000000000000000000000000000019
:108760000000000000000000000000000000000009
:1087700000000000000000000000000000000000F9
:1087800000000000000000000000000000000000E9
:1087900000000000000000000000000000000000D9
:1087A00000000000000000000000000000000000C9
:1087B00000000000000000000000000000000000B9
:1087C00000000000000000000000000000000000A9
:1087D0000000000000000000000000000000000099
:1087E0000000000000000000000000000000000089
:1087F0000000000000000000000000000000000079
:108800000000000000000000000000000000000068
:108810000000000000000000000000000000000058
:108820000000000000000000000000000000000048
:108830000000000000000000000000000000000038
:108840000000000000000000000000000000000028
:108850000000000000000000000000000000000018
:108860000000000000000000000000000000000008
:1088700000000000000000000000000000000000F8
:1088800000000000000000000000000000000000E8
:1088900000000000000000000000000000000000D8
:1088A00000000000000000000000000000000000C8
:1088B00000000000000000000000000000000000B8
:1088C00000000000000000000000000000000000A8
:1088D0000000000000000000000000000000000098
:1088E0000000000000000000000000000000000088
:1088F0000000000000000000000000000000000078
:108900000000000000000000000000000000000067
:108910000000000000000000000000000000000057
:108920000000000000000000000000000000000047
:108930000000000000000000000000000000000037
:108940000000000000000000000000000000000027
:108950000000000000000000000000000000000017
:108960000000000000000000000000000000000007
:1089700000000000000000000000000000000000F7
:1089800000000000000000000000000000000000E7
:1089900000000000000000000000000000000000D7
:1089A00000000000000000000000000000000000C7
:1089B00000000000000000000000000000000000B7
:1089C00000000000000000000000000000000000A7
:1089D0000000000000000000000000000000000097
:1089E0000000000000000000000000000000000087
:1089F0000000000000000000000000000000000077
:108A00000000000000000000000000000000000066
:108A10000000000000000000000000000000000056
:108A20000000000000000000000000000000000046
:108A30000000000000000000000000000000000036
:108A40000000000000000000000000000000000026
:108A5000000000000000000000000000E731E731E6
:108A6000E731E731E731E731E731E731E731E73146
:108A7000E731E731E731E731E731E731E731E73136
:108A8000E731073207320732283A283A2832283AA3
:108A9000283A283A283A283A283A283A283A283AC6
:108AA000273207320732283A073227320732E731B6
:108AB000E731E731E731E731E731E731E731C63117
:108AC000E731C631C631C631E731C631E731E7316A
:108AD000E731C631E731E731E731E731E7310732D6
:108AE0000732073A073A283A283A283A283A483AC1
:108AF000483A483A483A483A483A683A683A683A06
:108B0000683A683A683A683A683A683A883A683A35
:108B1000683A893A893A893A893A893A893A893A5E
:108B2000893A893A893A893A893A893A893A893A2D
:108B3000893A893A893A893A893A893A893A893A1D
:108B4000893A893A893A893A893A893A893A893A0D
:108B5000893A893A893A893A893A893A893A893AFD
:108B6000893A893A893A893A893A893A893A893AED
:108B7000893A893A893A893A893A893A893A683AFE
:108B8000683A683A893A693A893A693A893A893A4F
:108B9000693A693A893A893A683A683A893A683A60
:108BA000893A683A683A683A683A683A683A683A94
:108BB000683A683A683A683A683A683A683A683AA5
:108BC000683A683A683A683A683A683A683A683A95
:108BD000683A683A683A683A483A483A483A483A05
:108BE000483A483A483A483A483A4832483A483285
:108BF000483A283228322832283227322732273280
:108C0000273227322732073207320732073207323C
:108C100007320732073207320732E731E731E731EF
:108C2000E731E629E729C631C629C629C629C6295A
:108C3000C629A629A629A629A629A52978AE78AEEF
:108C400078AE77AE77AE78AE78AE78AE98B678AECE
:108C500098B698B698B678AE98B678AE78AE77AE45
:108C600057AE57AE57A637A637A637A637A6169ED5
:108C7000169E369E169E169E169E369E169E169E14
:108C8000169E36A616A637A637A637A657A657AEFF
:108C900057AE57AE77AE77AE77AE78AE77AE78B6E2
:108CA00078B698B698B698B678B678AE78B678B6FC
:108CB00078B678AE77AE77AE77AE57AE57AE57AEE2
:108CC00057AE37A637A637A616A616A6169EF69D49
:108CD000F69DF69DD59DD595D595B595B595B4954B
:108CE000B48D948D948D948D948D748D738D7385C6
:108CF0005385538553855385538553855385327DDD
:108D0000327D327D327D327D327D127D127D127D4B
:108D1000127D127DF27C127DF27C127DF27CF17468
:108D2000F17CF174F174F174F174F174F174F17413
:108D3000F174D174F174F174D174D174D174D174AB
:108D4000B174B174B074B174B174B174B06CB07406
:108D5000906CB06CB06CB06CB06C906C906C906CB3
:108D6000906C906C706C906C906C706C706C706CA3
:108D7000706C706C706C4F6C4F6C4F6C4F6C4F6CB8
:108D80004F6C4F6C4F6C2F642F642F642F642F64D3
:108D90002F642F642E642F642E640E640E640E64A0
:108DA0000E64EE5BEE63EE5BCD5BCD5BEE5BEE5B8C
:108DB000CD5BCD5BCD5BCD5BAD5BAD5BAD5BAD5BF3
:108DC000AD5B8D5B8D538C536C538C538C536C53B8
:108DD0006C534C534C532B534C532B532B532B4B07
:108DE0000B4B0B4B0B4B0B4B0B4BEA4AEA42CA4A61
:108DF000EA4ACA42CA42CA42CA42AA42A942A9424D
:108E0000A9428942893A69426942683A683A483ACD
:108E1000483A283A283A283A283A073A78AE78AEBB
:108E200078AE77AE77AE78AE78AE78AE78AE78AE14
:108E300078AE98B698B698B698B678AE78AE77AE63
:108E400057AE57AE57AE37A637A637A637A6169EEB
:108E5000369E169E169E169E169E169E169E169E52
:108E6000169E169E169E369E369E36A637A637A6A8
:108E700037A657AE57AE57AE57AE77AE77AE78AE91
:108E800078B678B698B698B678B678B678B678B632
:108E900078B678B678B677AE77AE57AE57AE57AEEF
:108EA00057AE57AE57AE37A637A637A616A616A6A4
:108EB000169EF69DF69DF69DD59DD595D595B595B5
:108EC000B595B495948D948D948D748D748D738DAA
:108ED000738D73857385538553855385537D537D7A
:108EE000537D327D327D327D327D127D127D127D49
:108EF000127D127DF27C127DF27C127DF27CF17487
:108F0000F17CF174F174F174F174F174F174F17431
:108F1000F174D174F174D174D174D174D174D174E9
:108F2000B174B174B074B174B174B174B06CB07424
:108F3000906CB06CB06CB06CB06C906C906C906CD1
:108F4000906C906C706C906C706C706C706C706CE1
:108F5000706C706C706C4F6C4F6C4F6C4F6C4F6CD6
:108F60004F644F6C4F6C2F642F642F642F642F64F9
:108F70002F642F642F642E642E640E640E640E64BE
:108F80000E64EE5BEE63EE5BCD5BCD5BEE5BEE5BAA
:108F9000CD5BCD5BCD5BCD5BAD5BAD5BAD5BAD5B11
:108FA000AD5B8D5B8D538C536C538C538C536C53D6
:108FB0006C534C534C534C532B532B532B4B2B4B2D
:108FC0002B4B0B4B0B4B0B4BEA4AEA4AEA42CA4A81
:108FD000EA4ACA42CA42CA42CA42AA42A942A9426B
:108FE000A9428942893A69426942683A483A483A0C
:108FF000483A283A283A283A073A073278AE77AE04
:1090000077AE57AE57AE77AE77AE77AE77AE77AE78
:1090100078AE78AE98B678AE98B698B678AE78AEA8
:1090200077AE57AE57AE57AE57A657A637A6169E81
:10903000369E169E169E169E169E169E169E169E70
:10904000169E169E169E169E169E169E369E36A638
:1090500036A637A637A657A657AE57AE57AE57AE69
:1090600077AE78AE78B678B678B678B678B678B6A1
:1090700078B678B678B678B678B678AE78AE77AE99
:1090800077AE57AE57AE57AE57AE37A637A616A631
:1090900016A616A6169EF69DF69DD59DD59DD59530
:1090A000B595B595949594959495948D948D748D6E
:1090B000748D738D738D7385538553855385538557
:1090C00053853385338532853285127D127D127D3D
:1090D000127D127DF27C127DF27C127DF27CF174A5
:1090E000F17CF174F174F174F174F174D174D17490
:1090F000D174D174D174D174D174D174D174D17448
:10910000B174B174B074B174B174B174B06CB07442
:10911000906CB06CB06CB06CB06C906C906C906CEF
:10912000706C706C706C706C706C706C706C706C5F
:10913000706C706C706C4F6C4F6C4F6C4F6C4F64FC
:109140004F644F6C4F6C2F642F642F642F642F6417
:109150002F642E642E640E640E640E640E640E641E
:109160000E64EE5BEE63EE5BCD5BCD5BEE5BEE5BC8
:10917000CD5BCD5BCD5BCD5BAD5BAD5BAD5BAD5B2F
:10918000AD5B8D5B8D538C536C538C538C536C53F4
:109190006C534C534C534C534C532B532B532B531A
:1091A0002B4B2B4B0B4B0B4B0B4BEA4AEA42CA4A5D
:1091B000EA4ACA42CA42CA42CA42AA42A942A94289
:1091C000A9428942893A694269426842683A483A02
:1091D000483A283A283A283A283A283A77AE77AED9
:1091E00077AE57AE57AE77AE77AE57AE57AE77AED7
:1091F00077AE78AE78AE78AE98B698B698B678AEC8
:1092000078AE77AE77AE57AE57A657A637A6369E3E
:10921000369E169E169E169E169E1696169E16969E
:109220001696169E169E169E169E169E169E169EA6
:10923000169E16A636A637A637A657A657A657AE29
:1092400057AE77AE78AE78B678AE78B678B678B6F0
:1092500078B678B678B678B678B678B678B678B69E
:1092600078B657AE57AE57AE57AE37AE57AE37A6F5
:1092700037A636A616A616A6169EF69DF69DF69D50
:10928000D59DD595B595B595B59594959495948DB1
:10929000948D948D948D738D53855385538553850B
:1092A00053855385338533853385327D327D127DF9
:1092B000127D127D127D127DF27C127DF27CF174A2
:1092C000F17CF174F174F174F174D174D174D174CE
:1092D000F174D174D174D174D174D174D174D17446
:1092E000B174B174B074B174B174B174B06CB07461
:1092F000906CB06CB06CB06CB06C906C906C706C2E
:10930000706C906C706C706C706C706C706C706C5D
:10931000706C706C706C4F6C4F6C4F6C4F644F6422
:109320004F644F6C4F6C2F642F642F642F642F6435
:109330002F642F640E642E640E640E640E640E643B
:109340000E64EE5BEE63EE5BCD5BCD5BEE5BEE5BE6
:10935000CD5BCD5BCD5BCD5BAD5BAD5BAD5BAD5B4D
:10936000AD5B8D5B8D538C536C538C538C536C5312
:109370006C534C534C534C534C534C532B532B5317
:109380002B4B0B4B2B4B0B4B0B4B0B4BEA4ACA4259
:10939000EA4ACA42CA42CA42CA42AA42A942A942A7
:1093A000A9428942893A6942894268426842683AD8
:1093B000483A283A483A283A283A283A78AE77AED6
:1093C00077AE77A677AE77AE77AE57AE57AE77AEBD
:1093D00077AE78AE78AE78AE98B698B698B698B6BE
:1093E00078AE77AE77AE57AE57A637A636A6369E7E
:1093F000369E169E169E169E169E169616961696C5
:10940000F695169EF69D1696169E169E169E169E0E
:10941000169E169E169E36A637A657A657A657AE78
:1094200057AE57AE77AE78AE78AE57B678B678B658
:1094300078B678B678B678B678B678B678B678B6BC
:1094400078B678AE77AE57AE57AE57AE57AE57AE8A
:1094500057AE37A637A636A616A616A616A6F69DAA
:10946000F69DD59DD59DB595B595B5959495949555
:109470009495948D948D748D738D538553855385F8
:1094800053853385338533853285327D327D327D18
:10949000127D127D127D127DF27C127DF17CF174C1
:1094A000F17CF174F174F174F174D174F174F174AC
:1094B000F174D174D174D174D174D174D174D17464
:1094C000B174B174B074B174B174B174B06CB0747F
:1094D000906CB06CB06CB06CB06C906C906C706C4C
:1094E000906C706C706C706C706C706C706C706C7C
:1094F000706C706C706C4F6C4F6C4F6C4F644F6C39
:109500004F644F6C4F6C2F642F642F642F642F6453
:109510002F642F640E642E640E640E640E640E6459
:109520000E64EE5BEE63EE5BCD5BCD5BEE5BEE5B04
:10953000CD5BCD5BCD5BCD5BAD5BAD5BAD5BAD5B6B
:10954000AD5B8D5B8D538C536C538C538C536C5330
:109550006C534C534C534C534C534C532B532B5335
:109560002B4B0B4B2B4B0B4B0B4B0B4BEA4ACA4277
:10957000EA4ACA42CA42CA42CA42A942A942A942C6
:1095800089428942893A694289426842683A483A3E
:10959000483A283A483A283A283A083A57AE57A65D
:1095A00077AE57A657A657A657A677AE57AE57AE73
:1095B00057AE78AE78B677AE77AE78AE78AE77AE97
:1095C00077AE78AE78AE77AE57AE57AE37AE57A619
:1095D00037A6369E369E169E1696169E169EF695B3
:1095E000F595F595F595F59DF69DF69DF69DF69DFF
:1095F000169E169E169E169E169E169E36A637A67A
:1096000037A657AE57AE77AE77AE57AE77AE78AED9
:1096100078B698B698B678B678B678B698B678B67A
:1096200078B678B678B678B678B678B678B657AEF3
:1096300057AE37AE37AE37AE37A616A616A616A665
:1096400016A6F69DF69DD59DD59DD595B595B59556
:10965000B595948D948D948D948D748D738D538563
:1096600053855385538553855385327D3285327DAD
:10967000327D327D127D127D127DF27C127DF27C74
:10968000F27CF174F17CF174F174F174D174D174E1
:10969000D174D174D174D174D174B174D174B174E2
:1096A000B174B074B174B06CB06CB06CB074906CD8
:1096B000B06C907490749074906C906C906C906C92
:1096C000706C906C706C706C706C706C706C706C9A
:1096D0004F6C4F6C4F6C4F6C4F6C4F6C4F6C4F64BA
:1096E0004F642F642F644F6C4F6C2F642F642F6472
:1096F0002E642F640E640E640E640E640E64EE63BA
:109700000E64EE5BEE63CE63EE63CE5BCD5BCD5B52
:10971000CD5BCD5BCD5BAD5BAD5BAD5BAD5BAD5BA9
:10972000AD5B8C538D538D538D536C538C536C5355
:109730006C534C534C534C534C534C532B532B5353
:109740002B4B0B4B0B4B0B4B0B4B0B4BEA4AEA4295
:10975000EA42CA42CA42CA42A942CA42CA42A942CB
:10976000A942A942894289428942894269426842A2
:10977000483A483A483A283A283A273257AE77A624
:1097800057A657A657A657A657A657A657A657AEE9
:1097900057AE77AE78AE77AE78AE78AE78AE78AEBC
:1097A00078AE78AE78AE77AE57AE57AE57AE37A636
:1097B00037A636A6169E169E169E169EF695F5950B
:1097C000F595F595F595F595F595F595F695F69547
:1097D000F69DF69D169E169E169E169E169E16A623
:1097E00036A637A637A657AE57AE57AE57AE57AECA
:1097F00057AE78B678B678B678B678B678B678B622
:1098000078B678B678B678B678B678B678B677AEF1
:1098100077AE57AE57AE57AE37A637A637A637A6A0
:1098200016A616A6F6A5F69DF69DF69DD59DD59D88
:10983000D595B595B5959495948D948D748D738DBE
:10984000738D538D5385538553853285338532858A
:10985000327D127D127D127D127DF27CF27CF27CD3
:10986000F17CF17CF174F174F174D174D174D17420
:10987000D174D174D174D174B174B174D174B17420
:10988000B174B074B174B06CB06CB06CB074906CF6
:10989000B06C90749074906C906C906C906C906CB8
:1098A000706C906C706C706C706C706C706C706CB8
:1098B0004F6C4F6C4F6C4F6C4F6C4F6C4F6C4F6CD0
:1098C0002F642F6C2F644F6C2F642F642F642F64D0
:1098D0002E642F642E640E640E640E640E64EE63B8
:1098E0000E64EE5BEE63CE63EE63CE5BCD5BCD5B71
:1098F000CD5BCD5BCD5BAD5BAD5BAD5BAD5BAD5BC8
:10990000AD5B8C538D538D538D536C538C536C5373
:109910006C534C534C534C534C534C532B532B5371
:109920002B4B2B4B0B4B0B4B0B4B0B4BEA4AEA4A8B
:10993000EA42CA42CA42CA42A942CA42CA42A942E9
:10994000A942A942894289428942894269426842C0
:10995000483A483A483A283A283A283A77AE77A619
:1099600057A657A657A657A657A657A657A657A60F
:1099700057AE77AE77AE77AE78AE78AE78AE78AEDB
:1099800078AE98B678AE77AE57AE57AE57AE57A60C
:1099900037A636A6369E169E169E16961696F595F0
:1099A000F595F595F595F595F595F595F595F59567
:1099B000F595F595F69DF69DF69D169E169E169EBE
:1099C00016A616A636A637A637A657AE57AE57AE7A
:1099D00057AE77AE77AE58B678B678B678B678B672
:1099E00078B678B678B678B678B678B678B678B607
:1099F00078B657B657AE57AE57AE37AE57AE37AE4E
:109A000037AE17A616A616A616A6169EF69DF69DA6
:109A1000D59DB595B595B59594959495948D748D82
:109A2000748D748D538D538D538D5385538533852C
:109A300032853285127D127D127D127DF27CF27CA0
:109A4000F17CF27CF17CF174F174F174F174D174F5
:109A5000D174D174D174D174B174D174D174B1741E
:109A6000B174B074B174B06CB074B074B074906C04
:109A7000B06C9074906C906C906C906C706C906CFE
:109A8000706C906C706C706C706C706C706C706CD6
:109A9000706C4F6C4F6C4F6C4F6C4F6C4F644F6CD5
:109AA0002F644F6C4F6C2F642F642F642F642F64CE
:109AB0002E642F642E640E640E640E640E64EE63D6
:109AC000EE63EE63EE5BCE63EE63CE5BCD5BCD5BB0
:109AD000CD5BCD5BCD5BAD5BAD5BAD5BAD5BAD5BE6
:109AE000AD5B8C538D538D538D536C538C536C5392
:109AF0006C534C534C534C534C534C532B532B5390
:109B00002B4B2B4B0B4B0B4B0B4B0B4BEA4AEA42B1
:109B1000EA42CA42CA42CA42CA42AA42CA42A94206
:109B2000A942A942894289428942894269426842DE
:109B3000483A483A483A283A283A283A77AE77A637
:109B400057A657A637A637A637A657A657A657A68D
:109B500057A657AE57AE57AE78AE78AE78AE98B639
:109B600078AE98B698B678AE77AE77AE57AE57AEB9
:109B700057A637A636A6369E169E169E169EF595B5
:109B8000F595F595D595D595D595D595D595D59545
:109B9000D595F595F595F595F59516961696F69D48
:109BA000F69D169E16A616A636A637A637A657AE5B
:109BB00057AE77AE57AE57B657B678B678B678B6D2
:109BC00078B678B678B678B678B678B678B678B625
:109BD00078B678B678B678B657B637AE57AE57AED1
:109BE00037AE37AE17AE36A616A616A616A6F69D43
:109BF000F69DD59DD59DB595B595B59594959495BE
:109C00009495748D748D738D538D538D538D5385B1
:109C100033853385128532853285127DF27CF27C64
:109C2000F27CF17CF27CF17CF174F174D174D1742A
:109C3000D174D174D174B174B174D174D174B1745C
:109C4000B174B074B174B06CB074B074B074906C22
:109C5000B06C906C906C906C706C706C706C906C64
:109C6000706C906C706C706C706C706C706C706CF4
:109C7000706C4F6C4F6C4F6C4F6C4F644F6C2F641B
:109C80002F642F6C2F642F642F642F642F642F6434
:109C90002E642F642E640E640E640E640E64EE63F4
:109CA000EE5BEE5BEE5BCE63EE63CE5BCD5BCD5BDE
:109CB000CD5BCD5BCD5BAD5BAD5BAD5BAD5BAD5B04
:109CC000AD5B8C538D538D538D536C538C536C53B0
:109CD0006C534C534C534C534C534C532B532B53AE
:109CE0002B4B2B4B0B4B0B4B0B4B0B4BEA4AEA4AC8
:109CF000EA4ACA42CA42CA42CA42AA42CA42A9421D
:109D0000A942A942894289428942894269426842FC
:109D1000483A483A483A283A283A283A77AE77A655
:109D200057A657A637A637A637A6579E57A657A6B3
:109D300057A657A657AE57AE77AE77AE78AE78AE89
:109D400078AE98B678AE78AE78AE77AE77AE57AEDE
:109D500057AE57A637A6369E369E169E169E169668
:109D6000F695F595D595D595D595D58DD58DD58D7A
:109D7000D58DD595D595D595F595F595F595D59D33
:109D8000F69DF69D169E169E169E16A636A637A61C
:109D900037A657A657A637AE57AE57B678B678B699
:109DA00078B678B678B678B678B678B698B678B623
:109DB00078B678B678B678B678B657AE57B657AEA6
:109DC00057AE57AE37AE37A637A616A616A616A6B6
:109DD000F6A5F69DF69DD59DD59DD59DB595B595D8
:109DE000B59594959495748D748D748D738D538DF4
:109DF00053855385338533853285127D127D127DDF
:109E0000F27CF27CF27CF17CF174F174F174D17427
:109E1000D174D174D174D174B174D174D174B1745A
:109E2000B174B074B174B06CB074B074B074906C40
:109E3000B06C906C906C706C706C906C706C906C82
:109E4000706C906C706C706C706C706C706C706C12
:109E5000706C4F6C4F6C4F6C4F6C4F644F644F6421
:109E60002F642F642F642F642F642F642F642F645A
:109E70002E642F642E640E640E64EE630E64EE5B3B
:109E8000EE63EE5BEE5BCE63EE63CE5BCD5BCD5BF4
:109E9000CD5BCD5BCD5BAD5BAD5BAD5BAD5BAD5B22
:109EA000AD5B8C538D538D538D536C538C536C53CE
:109EB0006C534C534C534C534C534C532B532B53CC
:109EC0002B4B2B4B0B4B0B4B0B4B0B4BEA4AEA4AE6
:109ED000EA42EA42CA42CA42CA42AA42CA42A94223
:109EE000A942A9428942894289428942694268421B
:109EF000483A483A483A483A283A283A77AE77A654
:109F000057A657A637A637A637A6579E579E57A6D9
:109F100057A657A657A657AE57AE77AE77AE78AED0
:109F200078AE98B698B678AE78AE77AE78AE57AED3
:109F300057AE37A637A636A6169E169E169E169EB6
:109F4000F695F595F595D595D58DD595D58DD58D78
:109F5000D58DB58DD58DD58DD58DD595D595D595F9
:109F6000D595D595F69DF69D169E16A616A616A60F
:109F700016A637A636A637AE57AE57AE57AE57B66B
:109F800057B678B678B678B678B678B678B698B662
:109F900078B678B678B678B678B657B657B657B6B4
:109FA00057B657AE57AE57AE37AE37A616A616A65B
:109FB00016A616A616A6F69DF69DF69DD59DD59DD0
:109FC000D59DB59594959495948D748D748D738D60
:109FD000538D538D5385538533853285127D127D84
:109FE000127D127DF174F17CF174F174F174D1740D
:109FF000D174D174B174D174B174D174D174B17499
:10A00000B174B074B174B06CB074B074B074906C5E
:10A01000B06C906C906C706C906C906C706C906C80
:10A02000906C906C706C706C706C706C706C706C10
:10A03000706C4F6C4F6C4F6C4F6C4F642F644F645F
:10A040002F642F642F642F642F642F642F642F6478
:10A050002E642F642E640E640E64EE630E64EE5B59
:10A06000EE63EE5BEE5BCE63EE63CE5BCD5BCD5B12
:10A07000CD5BCD5BCD5BAD5BAD5BAD5BAD5BAD5B40
:10A08000AD5B8C538D538D538D536C538C536C53EC
:10A090006C534C534C534C534C534C532B532B53EA
:10A0A0002B4B2B4B0B4B0B4B0B4BEA4AEA4AEA4A26
:10A0B000EA4AEA42EA42CA42CA42AA42CA42A94219
:10A0C000A942A94289428942894269426942684259
:10A0D000483A483A483A483A483A283A57AE57A692
:10A0E00057A637A637A637A6169E369E369E169ECC
:10A0F00036A637A637A657A657A657AE78AE98B657
:10A1000098B678AE98B698B678AE98B678AE77AE80
:10A1100077AE57AE57AE37A616A636A6169E169E33
:10A12000169E1696F595D595D595D595D595B58D5B
:10A13000B48DB48DB48DB48DB58DB58DB58DD595EB
:10A14000D595D595D59DF69DF69DF69DF69D169EC9
:10A1500016A616A636A637A637A637A657AE77AEEA
:10A1600077AE57B657B678B678B678B678B678B6CA
:10A1700078B678B678B678B678B698B678B678B64F
:10A1800057B678B678B657AE57AE57AE37AE37AE8D
:10A1900037AE16A616A616A6F6A5F69DF69DD59D73
:10A1A000D59DB59DB5959595949594959495948DDB
:10A1B000748D538D538D148D328D5285137D14857E
:10A1C000F17C33743485F0741175D174D37CD174FF
:10A1D000D174D174B174D174D174B074B074B174D9
:10A1E000B06CB06CB06CB06CB074906CB06C906CC7
:10A1F000906C906C906C706C906C706C706C706CFF
:10A20000706C706C706C706C706C4F6C4F6C4F6CD1
:10A210004F6C4F6C4F6C4F6C4F6C4F6C4F6C2F648E
:10A220004F6C2F642F642F642F642F642E640E6490
:10A230002F640E640E640E640E640E640E640E646D
:10A24000EE5BEE63EE5BCD5BCE5BCD5BCD5BCD5B62
:10A25000CD5BAD5BAD5BAD5BAD5BAD5BAD5B8D5BBE
:10A26000AD5B8D5B8C538D538C536C536C536C5323
:10A270006C536C534C534C534C534C532B532B53E8
:10A280002B4B0B4B2B4B0B4B0B4B0B4B0B4BEA4208
:10A29000EA4AEA42EA42CA42CA42AA42CA42A94237
:10A2A000A942A942A9428942894289426842684238
:10A2B0006842483A483A483A483A283A57AE57A688
:10A2C00057A637A637A637A616A6369E369E369EC2
:10A2D000169E37A637A657A657A657AE77AE78AEC6
:10A2E00078AE98B678AE98B698B678AE78AE78AEC6
:10A2F00077AE77AE57AE37A637A636A6169E169E11
:10A30000169EF69DF595D595D595D595D58DB58D9A
:10A31000B48DB58DB58DB58DB48DB58DB58DB58D2F
:10A32000D595D595D595D595D59DD59DD59DF69D9C
:10A33000F69D169E16A616A636A637A637A657AEC3
:10A3400057AE57AE57B657AE57B678B678B678B65A
:10A3500078B678B678B678B678B678B678B678B68D
:10A3600078B678B678B657B657B657AE57AE37AE5A
:10A3700037AE37AE37AE16AE16A616A6F6A5F69DC4
:10A38000F69DD69DD59DB59DB595B495B5959495FD
:10A390009495748D748D528D548D338553851485A9
:10A3A000715B115B126C3485F174117DD174D174C1
:10A3B000D174D174D174D174B174B074B074B174F7
:10A3C000B06CB06CB06CB074B074906C906C906CFD
:10A3D000906C906C906C706C906C706C706C706C1D
:10A3E000706C706C706C706C706C4F6C706C4F6CCF
:10A3F0004F6C4F6C4F6C4F6C4F6C4F6C4F6C2F64AD
:10A400004F6C2F642F642F642F642F642E640E64AE
:10A410002F640E640E640E640E640E640E64EE63AC
:10A42000EE5BEE5BEE5BCD5BCE5BCD5BCD5BCD5B88
:10A43000CD5BAD5BAD5BAD5BAD5BAD5BAD5B8D5BDC
:10A44000AD5B8D5B8C538D538C536C536C536C5341
:10A450006C536C534C534C534C534C532B532B5306
:10A460002B4B0B4B2B4B0B4B0B4B0B4B0B4BEA4226
:10A47000EA4AEA42EA42CA42CA42AA42CA42A94255
:10A48000A942A942A9428942894289426842684256
:10A490006842483A483A483A483A283A57AE57A6A6
:10A4A00057A637A637A637A616A6369E369E169E00
:10A4B000369E36A636A637A637A657AE57AE77AE27
:10A4C00078AE78AE78AE98B698B698B698B678AEBC
:10A4D00078AE77AE77AE57AE37A637A616A6169EDD
:10A4E000169EF69DF595D595D595D595B58DB48DDA
:10A4F000B48DB48DB48DB48DB48DB48DB48DB48D54
:10A50000B48DB48DB595B595B595B595D59DD59DBD
:10A51000F69DF69DF69D169E16A616A636A637A69D
:10A5200037A637AE37AE57AE57AE57B657B678B632
:10A5300078B678B678B678B678B678B678B678B6AB
:10A5400098B678B678B678B678B657B657B657AEE6
:10A5500057AE37AE37AE37AE37AE17A616A616A62D
:10A5600016A6F6A5F69DD69DD59DB59DB59DB5952E
:10A5700094959495748D938D3385748D138DD26BD2
:10A580009352D67B52633374137DF1741075D1747A
:10A59000D174D174D174D174B174B074B174B17414
:10A5A000B06CB074B074B074B074B06C906C906CEB
:10A5B000906C906C906C706C906C706C706C706C3B
:10A5C000706C706C706C706C706C706C4F6C4F6CED
:10A5D0004F6C4F6C4F6C4F6C4F6C4F6C4F6C4F6CA3
:10A5E0002F642F642F642F642F642F642E640F64F4
:10A5F0002F640E640E640E640E640E640E64EE5BD3
:10A60000EE63EE5BEE5BCD5BCE5BCD5BCD5BCD5B9E
:10A61000CD5BCD5BAD5BAD5BAD5BAD5BAD5B8D5BDA
:10A62000AD5B8D5B8C538D538C536C536C536C535F
:10A630006C536C534C534C534C534C532B532B5324
:10A640002B4B0B4B2B4B0B4B0B4B0B4B0B4BEA4244
:10A65000EA4AEA42EA42CA42CA42AA42CA42A94273
:10A66000A942A942A9428942894289426842684274
:10A670006842483A483A483A283A283A57AE57A6E4
:10A6800057A637A637A637A616A6369E169E169E3E
:10A69000169E169E169E36A637A637A657AE57AEFE
:10A6A00057AE77AE98B678AE98B698B678AE98B6FC
:10A6B00098B678AE78AE77AE57AE37A636A616A661
:10A6C000169E169EF69DF595F595D595D595B48D66
:10A6D000B48DB48DB48DB48DB48DB48D948DB48D92
:10A6E000B48DB48DB48DB48DB495B595B595D5951F
:10A6F000D595F59DF59DF69DF69D169E16A616A67A
:10A7000016A637AE37AE37AE37AE57AE57AE57B6E2
:10A7100057B678B678B678B678B678B678B698B6CA
:10A7200098B678B678B678B678B678B658B658B6D9
:10A7300057B637B657B637AE37AE37AE37AE17AEB9
:10A7400016A616A6F6A5F6A5D69DD59DD59DB59DB2
:10A75000B59594959495958DB4957495D3739252BF
:10A76000B3525252B673125B337413851075D174A1
:10A77000D174D174D174D174B174B074B174B17432
:10A78000B06CB074B074B06C906C906C906C906C59
:10A79000906C906C906C706C906C706C706C706C59
:10A7A000706C706C706C706C706C4F6C4F6C4F6C2C
:10A7B0004F6C4F6C4F6C4F6C4F6C4F6C2F642F6411
:10A7C0002F642F642F642F642F642F640E640F6432
:10A7D0002F640E640E640E640E64EE630E64EE630A
:10A7E000EE5BEE5BEE5BCD5BCE5BCD5BCD5BCD5BC5
:10A7F000CD5BCD5BAD5BAD5BAD5BAD5BAD5B8D5BF9
:10A80000AD5B8D5B8C538D538C536C536C536C537D
:10A810006C536C534C534C534C534C532B532B5342
:10A820002B4B0B4B2B4B0B4B0B4B0B4B0B4BEA4262
:10A83000EA4AEA42EA42CA42CA42AA42CA42A94291
:10A84000A942A942A9428942894289426842684292
:10A850006842483A483A483A483A483A57AE57A6C2
:10A8600057A637A637A637A616A6369E369E169E3C
:10A87000169E169E169E169E16A637A637A657AE8D
:10A8800057AE77AE78AE78AE98B678AE98B698B642
:10A8900098B698B678AE77AE57AE57AE37A636A60E
:10A8A00016A6169E169EF695F595F595D595D58D19
:10A8B000B48DB48DB48DB48D948D948D948DB48DF0
:10A8C000B48DB48DB48DB48DB48DB48DB595B5956E
:10A8D000D595D595D595D59DF59DF69DF69D169E5C
:10A8E000169E16A616A637A637AE57AE57AE57AE6B
:10A8F00057AE57B657B678B678B678B678B678B653
:10A9000078B678B678B678B678B678B678B678B6D7
:10A9100078B657B657B637B657AE37AE37AE37AE4E
:10A9200037AE16AE16A6F6A5F6A5D6A5F6A5D69D03
:10A93000B59DB59D949D958D7595D26B7252D45AE7
:10A94000D152524A314A556BF15A126CF37CF17470
:10A95000F174D174D174D174B174B074B174B17430
:10A96000B06CB074B074906CB06C906C906C906C77
:10A97000906C906C906C706C906C706C706C706C77
:10A98000706C706C706C706C706C4F6C4F6C4F6C4A
:10A990004F6C4F6C4F6C4F6C4F6C2F644F6C2F642F
:10A9A0002F642F642F642F642F642F640E642F6430
:10A9B0002F640E640E640E640E640E64EE63EE5B30
:10A9C000EE5BEE5BEE5BCD5BCE5BCD5BCD5BCD5BE3
:10A9D000CD5BCD5BAD5BAD5BAD5BAD5BAD5B8D5B17
:10A9E000AD5B8D5B8C538D538C536C536C536C539C
:10A9F0006C536C534C534C534C534C532B532B5361
:10AA00002B4B0B4B2B4B0B4B0B4B0B4B0B4BEA4280
:10AA1000EA4AEA42EA42CA42CA42AA42CA42A942AF
:10AA2000A942A942A94289428942894268426842B0
:10AA3000483A483A483A483A483A283A57AE57A628
:10AA400057A637A637A637A616A6369E369E169E5A
:10AA5000169E169E169E169E16A636A637A657AEAC
:10AA600057AE77AE77AE78AE78AE98B678AE98B689
:10AA700098AE98AE78AE77AE77AE57AE37AE37A613
:10AA800036A616A6169E16961696F595D595D58DCC
:10AA9000B48DB48DB48D948D948D948D948D948556
:10AAA000948D948D948D948D948D948D948DB48D7E
:10AAB000B48DB595B595B595D595D595F595F69D86
:10AAC000F69DF6A516A616A616A637AE37A637AE7D
:10AAD00057AE57AE57B678B678B678B678B678B679
:10AAE00078B678B698B658B658B658B678B678B636
:10AAF00078B658B658B657B657B657B657AE57AEDB
:10AB000037AE37AE17AE16A616A6F6A5F6A5F6A56D
:10AB1000D69DB59DB59DB395757CD45A1563746B60
:10AB2000D152D252514A7352B67B9263116C117D4D
:10AB3000F17CD174D174D174B074B074B174B17447
:10AB4000B06CB06CB074906CB06C906C906C906C9D
:10AB5000906C906C906C706C906C706C706C706C95
:10AB6000706C706C706C706C706C4F6C4F6C4F6C68
:10AB70004F6C4F6C4F644F6C4F6C2F644F6C2F6455
:10AB80002F642F642F642F642F642E640E642F644F
:10AB90002F640E640E640E640E64EE63EE63EE5B6F
:10ABA000EE5BEE5BEE5BCD5BCE5BCD5BCD5BCD5B01
:10ABB000CD5BCD5BAD5BAD5BAD5BAD5BAD5B8D5B35
:10ABC000AD5B8D5B8C538D538C536C536C536C53BA
:10ABD0006C536C534C534C534C534C532B532B4B87
:10ABE0002B4B0B4B2B4B0B4B0B4B0B4B0B4BEA429F
:10ABF000EA4AEA42CA42CA42CA42AA42CA42A942EE
:10AC0000A942A942A94289428942894268426842CE
:10AC1000483A6842483A483A483A483A77AE57AED6
:10AC200057AE37A637A6369E369E169E169E169EA1
:10AC30001696169E169E169E169E169E16A637A64B
:10AC400037A657A657AE78AE78AE98B698B678B60F
:10AC500078B678B678B678B678AE77AE57AE57AEE7
:10AC600037A616A616A6F69DF69DF69DD595D59502
:10AC7000D595B48DB48D948D948D94859485948D53
:10AC8000948D948D948D948D948D948D948D948DBC
:10AC9000B48DB48DB48D9495B595B595B595D59580
:10ACA000D595F69DF69DF69D16A616A616A637AE68
:10ACB00037AE37AE37AE57AE57AE57B657B657B6B4
:10ACC00057B658B658B678B678B678B678B658B695
:10ACD00058B678B678B658B658B658B658B637B6E5
:10ACE00057B637B637B637AE16AED9A516AE15A6D7
:10ACF000D69D17A6F49D7994336395733684368474
:10AD0000736B54633784788CF35A946B3463116C8F
:10AD1000D274F074CF6CD1749274B174B1749074B5
:10AD200090749074907490749074906C907490740B
:10AD3000906C906C706C906C706C706C706C706CD3
:10AD4000706C706C4F6C4F6C4F6C4F6C4F6C4F6CE9
:10AD50004F6C4F6C4F6C4F6C4F6C4F6C2F644F6C43
:10AD60004F6C2F642F642F642F642F642E640F6444
:10AD70002F640E640E640E640E64EE5BEE63EE5B95
:10AD8000EE5BEE5BEE5BCD5BCE5BCD5BCD5BCD5B1F
:10AD9000CD5BAD5BCD5BAD5BAD5BAD5BAD5B8D535B
:10ADA0008D5B8C538C538C536C538C538C536C53E2
:10ADB0006C534C534C534C534C534C532B532B53BD
:10ADC0002B530B4B2B4B0B4B0B4B0B4B0B4BEA42B5
:10ADD000EA4AEA4AEA42EA42CA42CA42A942A942C5
:10ADE000AA42AA42A94289428942894269426842EA
:10ADF000483A483A483A483A483A483A77AE57AE1D
:10AE000057AE37A637A6369E369E169E169EF69DE0
:10AE10001696169E1696169E169E169E16A636A672
:10AE200016A657A657AE77AE78AE78AE78AE78B69F
:10AE300078B698B698B678B678B677AE77AE57AE9D
:10AE400037A636A616A6F69D169EF69DF595D595BF
:10AE5000D595B48DB48DB48D948D948D948D948D41
:10AE6000948D948D948D94859485948D948D948DEA
:10AE7000948D948DB48D948DB495B595B595D595E7
:10AE8000D595D59DD59DF69DF69D16A6169E16A622
:10AE900016A616A617AE37AE37AE57AE57AE57B694
:10AEA00057B658B658B678B678B678B658B678B6B3
:10AEB00058B678B678B658B658B658B658B657B6E3
:10AEC00057B657B637B637B617AE17AEF7A5F6A5CD
:10AED00036AEF7A5947C7573947336841684F57B2F
:10AEE0003684756B956B956B54633784956BB26B39
:10AEF0007374B174F174B074D174B174B17490742A
:10AF000090749074907490749074906C9074907429
:10AF1000906C906C706C906C706C706C706C706CF1
:10AF2000706C706C4F6C4F6C4F6C4F6C4F6C4F6C07
:10AF30004F6C4F6C4F6C4F6C4F6C2F644F6C4F6C61
:10AF40002F642F642F642F642F642F642F642F6469
:10AF50000E640E640E640E640E64EE5BEE63EE5BD4
:10AF6000EE5BEE5BEE5BCD5BCE5BCD5BCD5BCD5B3D
:10AF7000AD5BCD5BCD5BAD5BAD5BAD5BAD5B8D5379
:10AF80008D5B8C538C538C536C538C538C536C5300
:10AF90006C534C534C534C534C534C532B532B53DB
:10AFA0002B530B4B2B4B0B4B0B4B0B4B0B4BEA42D3
:10AFB000EA4AEA4AEA42EA42CA42CA42A942A942E3
:10AFC000AA42AA42A9428942894289426942694207
:10AFD0006842483A483A483A483A283A77AE57AE33
:10AFE00057AE37A637A6369E369E169E169E169EDE
:10AFF000169616961696F69D169E169E169E16A6E2
:10B0000016A637A657A657AE77AE78AE78AE78B606
:10B0100098B678B698B678B678B678AE77AE57AEBA
:10B0200057AE37A637A6169E169EF69DF595D59572
:10B03000D595B595B595B48DB48D948D948D948D2D
:10B04000948D9485948D94859485948D948D948518
:10B050009485948D948D948D948D948DB495B5959F
:10B06000B595B595B595D59DD59DF69DF69DF6A55D
:10B0700016A616A616A616A637A637AE37AE57AE34
:10B0800057B657B657B678B678B678B678B678B6B3
:10B0900078B678B678B678B678B658B658B658B6A0
:10B0A00058B657B657B637B637B676B6F6A538B6E9
:10B0B000F6ADD58C956BB573D57BF67B578436840E
:10B0C0001684F67B53635884746B3363956B946B6F
:10B0D000F4737374D27CD074CF6CB174B174907407
:10B0E000906C907490749074906C9074906C906C60
:10B0F000906C906C706C906C706C706C706C706C10
:10B10000706C706C706C4F6C4F6C4F6C4F6C4F6C04
:10B110004F6C4F6C4F6C4F6C4F6C2F644F6C2F64A7
:10B120002F642F642F642F642F642E642E640E64AA
:10B130000E640E640E640E640E64EE5BEE63EE5BF2
:10B14000EE5BEE5BEE5BCD5BCE5BCD5BCD5BCD5B5B
:10B15000AD5BCD5BCD5BAD5BAD5BAD5BAD5B8D5397
:10B160008D5B8D538C538C536C538C538C536C531D
:10B170006C534C534C534C534C534C532B532B53F9
:10B180002B530B4B2B4B0B4B0B4B0B4B0B4BEA42F1
:10B19000EA4AEA4AEA42EA42CA42CA42A942A94201
:10B1A000AA42AA42A9428942894289426942684226
:10B1B0006842483A483A483A483A283A77AE77AE31
:10B1C00057AE57A636A6369E169E169EF69DF69D3F
:10B1D000F595F595F695F595F695169E169E169E9F
:10B1E000169E36A637A657A657AE77AE77AE78B678
:10B1F00098B678B698B698B678B698B698B678AE47
:10B2000077AE57AE57AE16A616A6169EF69DD595E6
:10B21000D595B595B595B595948DB48D948D948D42
:10B22000948D9485738573857385948573857385F3
:10B23000738573859485748D948D948D948D948D80
:10B24000948D9495B595B595D595D59DD59DD69D5F
:10B25000F69DF69D16A616A616A616A637AE37AE0E
:10B2600037AE57B637B657AE57B657B657B658B6C5
:10B2700078B658B658B678B678B678B678B678B69E
:10B2800078B658B658B658B657B637AE56B637B67B
:10B29000968CF57B3784978C5684157CF57B778C60
:10B2A000F67B36843684F25A5884167CF67BB35A81
:10B2B000D67B5263326CD27CD074B174B074906C13
:10B2C0009074906C906C906C9074906C906C906C8E
:10B2D000906C906C706C906C706C706C706C706C2E
:10B2E000706C706C706C4F6C4F6C4F6C4F6C4F6C23
:10B2F0004F6C4F644F642F642F642F642F642F644E
:10B300002F642F642F642F642E642F640E640E64E8
:10B310000E640E640E640E64EE63EE5BEE63EE5B31
:10B32000EE5BEE5BEE5BCD5BCD5BCD5BCD5BAD5B9A
:10B33000AD5BCD5BAD5BAD5BAD5BAD5BAD5B8D53D5
:10B340008D5B8D538C538C536C538C538C536C533B
:10B350006C534C534C534C534C534C532B532B5317
:10B360002B530B4B2B4B0B4B0B4B0B4B0B4BEA420F
:10B37000EA4AEA4AEA42EA42CA42CA42A942A9421F
:10B38000AA42AA42A9428942894289426942694243
:10B390006842483A6842483A483A483A77AE57AE27
:10B3A00057AE57AE36A6169E169E169E169EF69D54
:10B3B000F595F595F595F595F595F695169E169EE8
:10B3C000169E169E36A637A657AE57AE57AE78AE27
:10B3D00078B678B678B698B678B698B678B677AEC6
:10B3E00077AE57AE57AE37A636A616A6F69DF69D93
:10B3F000D595D595D595B595B48D948D948D948D21
:10B40000948573857385738573857385738573855B
:10B41000738573857385738D748D748D748D948D20
:10B42000748D948D948DB495B595B595D595D59D20
:10B43000D59DD59DF69D169E169E16A616A616A6F9
:10B4400037AE37AE37AE57AE57AE57AE57B657B624
:10B4500058B658B658B658B658B678B678B678B61C
:10B4600078B678B658B658B657B637B658B677A540
:10B47000F67B378C9694B794F89CB794B473167C8B
:10B48000578C157C5784778C546B746BF67B3784A0
:10B49000546B756BB36B737C9174B074B074906CB7
:10B4A000906C907490749074906C906C906C906CA4
:10B4B000706C906C706C906C706C706C706C706C6C
:10B4C000706C706C706C4F6C4F6C4F6C4F6C4F6C41
:10B4D0004F644F644F6C2F644F6C2F642F642F6444
:10B4E0002F642F642F642F642E642E642E640E64E8
:10B4F0000E640E640E640E640E64EE5BEE63EE5B2F
:10B50000EE5BEE5BEE5BCD5BCD5BCD5BCD5BCD5B98
:10B51000AD5BAD5BAD5BAD5BAD5BAD5B8D5B8D5333
:10B520008D5B8D538C538C536C538C538C536C5359
:10B530006C534C534C534C534C534C532B532B5335
:10B540002B530B4B2B4B0B4B0B4B0B4B0B4BEA422D
:10B55000EA4AEA4AEA42EA42CA42CA42A942A9423D
:10B56000AA42AA42A9428942A94289426942694241
:10B570006842483A6842483A483A483A77AE77AE25
:10B5800057AE57AE36A6169E169E169EF69DF69D93
:10B59000F595F595F595D595F595F695F69D169E47
:10B5A000169E169E36A637A657AE57AE77AE77AE26
:10B5B00078B678B698B698B698B698B678B677AEA4
:10B5C00057AE57AE57AE37AE37A636A6169EF69D87
:10B5D000F69DB595B595B595B48D948D948D948D56
:10B5E000948573857385738573855385738573859A
:10B5F000738573855385738D738D738D748D748D81
:10B60000748D748D948D948D948DB495B495B595F9
:10B61000B595D59DD59DF69DF69D169E16A616A6AA
:10B6200016AE37AE37AE37AE37AE57AE57AE57B6AB
:10B6300057B658B658B658B658B678B678B678B63B
:10B6400058B658B678B658B658B676B6579D778479
:10B65000B89439A5979CF794D794D894778CD573E0
:10B66000168456847784167C3784B673F35A567CD6
:10B67000756B7673546BD373F16BD074B074907434
:10B68000906C906C906C9074906C906C906C906CD2
:10B69000706C906C906C906C706C706C706C706C6A
:10B6A000706C706C706C4F6C4F6C4F6C4F6C4F6C5F
:10B6B0004F644F6C4F6C2F644F6C2F642F642F645A
:10B6C0002F642F642F642E642F640E642E640E6426
:10B6D0000E640E640E64EE630E64EE5BEE63EE5B6E
:10B6E000EE5BEE5BEE5BCD5BCD5BCD5BAD5BCD5BD7
:10B6F000AD5BAD5BAD5BAD5BAD5BAD5BAD5B8D5332
:10B700008D5B8C538C538C536C538C538C536C5378
:10B710006C534C534C534C534C534C532B532B5353
:10B720002B530B4B2B4B0B4B0B4B0B4B0B4BEA424B
:10B73000EA42EA4AEA42EA42CA42CA42A942A94263
:10B74000AA42AA42A9428942A9428942694269425F
:10B75000694268426842483A483A483A78AE57AE39
:10B7600057AE57AE37A636A6169E169E169E169E46
:10B77000F595D595D595D595D595D595F5951696F7
:10B780001696169E169E36A636A637A657AE57AE06
:10B7900077AE78AE78B678B678B698B698B698B6EA
:10B7A00078B677AE57AE57AE57AE37A637A616A6C1
:10B7B000F69DF69DD595D595D595B595B48D948D79
:10B7C000948D948D738573857385738553855385A7
:10B7D0005385738573855385538573857385738509
:10B7E0007385738D948D748D948D948D948D9495B3
:10B7F0009495B595B595D59DD59DD69DF69DF69D0F
:10B80000F6A516A616A617AE37AE37AE37AE57B6A4
:10B8100057AE37B657B657B658B658B657B65AB6E3
:10B8200077B696B678B638B698BEF99C768C968C74
:10B83000189D9AAD9AADF79CB794F89C39A5F99CE0
:10B84000937337843684968C399D56843363F67BA4
:10B850005463F25AD573746B34632F64D174B06C33
:10B86000906CB1747174906C906C906C906C706C06
:10B87000906C706C706C706C706C706C706C706CC8
:10B88000706C4F6C706C4F6C4F6C4F6C4F6C4F6C9E
:10B890004F6C2F642F644F6C4F6C2F642F642F6498
:10B8A0002F642F642F642E642F642F642E640E6423
:10B8B0000E640E640E64EE630E64EE5BEE63EE5B8C
:10B8C000CD5BCD5BEE5BCD5BCD5BCD5BAD5BCD5B37
:10B8D000AD5BAD5BAD5BAD5BAD5BAD5B8D53AD5B50
:10B8E000AD5B8D5B8C538D538C536C536C536C538D
:10B8F0004C534C534C534C534C534C532B532B4B9A
:10B900002B4B0B4B2B4B0B4B0B4B0B4B0B4BEA4A69
:10B91000EA4AEA42EA42EA42CA42AA42CA42CA425F
:10B92000AA42A942A942894289428942694269429E
:10B93000694268426842483A483A483A78AE57AE57
:10B9400057AE57AE37A636A6169E169E169E169E64
:10B95000F595D595D595D595D595D595F595F59537
:10B96000F695169E169E169E16A637A657A657AE95
:10B9700077AE78AE78B678B678B698B698B698B608
:10B9800078B678AE57AE57AE57AE37AE37A616A6D6
:10B99000169EF69DD595D595D595B595B48D948D76
:10B9A000948D948D738573857385738573855385A5
:10B9B0005385538553855385538553857385738587
:10B9C00073857385738D748D748D948D748D948D42
:10B9D00094959495B595B595B595B59DD59DD59D01
:10B9E000F69DF6A5F69D16A616A616AE37AE37AE90
:10B9F00037AE37B657B657B657B657B657B678B606
:10BA000079B637AE97BE78BE579D568CF89C9AADE6
:10BA1000B78CD794DBB559ADF79C18A5F89CB894B2
:10BA20007BAD3363D4733584978C36843784F25A74
:10BA30003784746BD67333631784D263F163916C6C
:10BA4000D074906CB174906C906C906C706C906CC5
:10BA5000906C706C706C706C706C706C706C706CE6
:10BA6000706C4F6C706C4F6C4F6C4F6C4F6C4F6CBC
:10BA70004F6C2F642F644F6C4F6C2F642F642F64B6
:10BA80002F642F642F642E642F642F642E640E6441
:10BA90000E640E640E640E64EE5BEE63EE63EE5BAA
:10BAA000CD5BCD5BEE5BCD5BCD5BCD5BAD5BCD5B55
:10BAB000AD5BAD5BAD5BAD5BAD5BAD5B8D53AD5B6E
:10BAC0008D5B8D538C538C538C536C536C536C53D4
:10BAD0004C534C534C534C534C534C532B532B4BB8
:10BAE0002B4B0B4B2B4B0B4B0B4B0B4B0B4BEA4A88
:10BAF000EA4AEA42EA42EA42CA42AA42CA42CA427E
:10BB0000AA42A942A942A94289428942694269429C
:10BB1000694268426842483A483A483A78AE77AE55
:10BB200077AE57AE37A636A6369E169E169E169E42
:10BB3000F595D595D595D595D595D595D595F59575
:10BB4000F595F69D169E169E16A616A637A657AE16
:10BB500057AE77AE78B678B678B678B678B678B6A7
:10BB600078B678B657AE57B657AE37AE37A636A6C4
:10BB700016A6169EF59DD595D595B595B595948D3A
:10BB8000948D948D948573857385538573855385C2
:10BB900053855385538553855385538553855385E5
:10BBA0005385538573857385738D738D738D748DF4
:10BBB000748D948D949594959495B595B595B59D02
:10BBC000D59DD69DF69DF6A5F6A5F6A516A616AEAC
:10BBD00016A637AE37B637B657B657B657B657B6B6
:10BBE00017AE59BE57B6569D778C969438A59AB520
:10BBF00059ADB794F79459AD9AB5F89C199D568CE8
:10BC0000D57B936B157CF57B5684988C3784368472
:10BC1000F25A9473F67BD67B9152B673157C5274AC
:10BC2000906CB06C8F6C906C906C906C706C906C35
:10BC3000706C706C706C706C706C706C706C706C24
:10BC4000706C4F6C4F6C4F6C4F6C4F6C4F6C4F6CFB
:10BC50004F6C2F642F644F6C4F6C2F642F642F64D4
:10BC60002F642F642F642E642F642F642E640E645F
:10BC70000E640E64EE630E64EE5BEE63EE63EE5BE9
:10BC8000CD5BCD5BEE5BCD5BCD5BCD5BAD5BCD5B73
:10BC9000AD5BAD5BAD5BAD5BAD5BAD5B8D538D5BAC
:10BCA0008D5B8C538D538C538C536C536C536C53F2
:10BCB0004C534C534C534C534C534C532B532B53CE
:10BCC0002B4B0B4B2B4B0B4B0B4B0B4B0B4BEA4AA6
:10BCD000EA4AEA42EA42EA42CA42AA42CA42CA429C
:10BCE000AA42A942A942A9428942894269426942BB
:10BCF000694268426842483A483A483A78AE77AE74
:10BD000077AE57AE57AE37A636A6169E169E169E2F
:10BD1000F595D595D595D595D595D58DD595D595BB
:10BD2000F595F595F69D169E169E16A636A637A68F
:10BD300057AE57AE77AE78B678B678B678B678B6EE
:10BD400078B678B678B678B657AE57AE57AE37A64F
:10BD500036A616A6169EF69DD59DD59DB595B4958D
:10BD6000B495948D948D948D738573857385538567
:10BD7000538553855385537D537D537D538553851B
:10BD80005385538553855385538553855385738DCB
:10BD9000748D748D748D948D948D94959495B595C2
:10BDA000B595D59DD59DD69DF69DF6A5F6A516A66D
:10BDB00016A616AE17AE37AE37AE37AE57AE38B69C
:10BDC00057B658BE179D36849794F8A4D79C18A5EB
:10BDD000DBBD59AD558CF79C9AB57AADD89C1584CE
:10BDE000526B9BADDCB5578CD57B778CF67B36845C
:10BDF000578C33639573177C915291419673F4730A
:10BE0000F06BB174B06C906C706C706C906C706C0A
:10BE1000706C706C706C706C706C706C706C706C42
:10BE2000706C4F6C4F6C4F6C4F6C4F6C4F6C4F6C19
:10BE30004F6C2F644F6C2F644F6C2F642F642F64F2
:10BE40002F642F642F642E642F642F642E640E647D
:10BE50000E64EE630E64EE5BEE5BEE63EE63EE5B30
:10BE6000CD5BCD5BEE5BCD5BCD5BCD5BAD5BCD5B91
:10BE7000AD5BAD5BAD5BAD5BAD5BAD5BAD538D53B2
:10BE80008D5B8D538C538C536C536C536C536C5330
:10BE90004C534C534C534C534C534C532B532B53EC
:10BEA0002B4B0B4B2B4B0B4B0B4B0B4B0B4BEA4AC4
:10BEB000EA4AEA42EA42EA42CA42AA42CA42CA42BA
:10BEC000AA42A942A942A9428942894269426942D9
:10BED000694268426842483A483A483A77AE78AE92
:10BEE00077AE77AE57A637A636A6169E169E169E36
:10BEF000F595D595D595D58DD58DB58DD58DD59512
:10BF0000D595D595F595F69DF69D169E16A636A661
:10BF100037A657AE57AE57AE57AE78B678B678B6A6
:10BF200078B678B678B678B657B657AE57AE57AE3D
:10BF300037A637A616A6169EF69DD59DD595B5951E
:10BF4000B595948D948D948D738573857385538584
:10BF5000538553855385537D537D537D537D537D49
:10BF6000537D537D537D5385538553855385538529
:10BF700073857385738D748D748D748D948D949584
:10BF80009495B595B595B59DD59DD59DD69DF69DB8
:10BF9000F69DF6A516A616A617AE37AE37AE17AEA7
:10BFA00038B6369D16847894D79CB79CD79C9694C7
:10BFB00038AD79AD9AB5558CD79CBBB53684B47382
:10BFC0005AA5D794199DF57B3363D573368436848F
:10BFD0005684D994D25A967314635252D0415573F1
:10BFE000D473F163B174706C706C906C706C706C25
:10BFF000706C706C706C706C706C706C706C4F6C82
:10C00000706C4F6C4F6C4F6C4F6C4F6C4F6C4F6C37
:10C010004F6C2F644F6C2F644F6C4F6C2F642F64E8
:10C020002F642F642F642E642F642F642E640E649B
:10C030000E64EE63EE63EE63EE5BEE63EE63EE5B67
:10C04000CD5BCD5BEE5BCD5BCD5BCD5BAD5BCD5BAF
:10C05000AD5BAD5BAD5BAD5BAD5BAD5BAD538D5BC8
:10C060008D538C538C538C538C536C536C536C5337
:10C070004C534C534C534C534C534C532B532B530A
:10C080002B4B0B4B2B4B0B4B0B4B0B4B0B4BEA4AE2
:10C09000EA4AEA42EA42EA42CA42AA42CA42CA42D8
:10C0A000AA42A942A942A9428942894269426942F7
:10C0B000694268426842483A483A483A77AE78AEB0
:10C0C00078AE77AE57AE37A637A6169E169E169E4A
:10C0D000F595D595D595D58DB58DB58DB58DD58D78
:10C0E000D58DD595F595F69DF69D169E16A616A6A8
:10C0F00036A637A657AE57AE57AE78B678B678B6EE
:10C1000098B698B698B678B678B657B657AE57AED2
:10C1100037AE37A636A616A6F69DF69DD59DB595E3
:10C12000B595B495948D948D738D73857385538572
:10C13000538553855385537D537D53855385327D78
:10C14000327D537D537D537D538553855385538570
:10C1500053855385538553855385538D748D748DC5
:10C16000948D949594959595B595B59DB59DD59DD2
:10C17000D59DD6A5F6A516A616A616AE17A655B633
:10C180001595167C578CB79C779CF79CB69CB694FB
:10C19000B79438A5DBBD189DF79CF89C3263B79423
:10C1A0007BAD147C946BF67B788CF57BF57B568CA1
:10C1B0003684D99C9152EF41514A704A314AB1417B
:10C1C000B67B71630F64906C906C706C706C706C6B
:10C1D000706C706C706C706C706C706C706C4F6CA0
:10C1E000706C4F6C4F6C4F6C4F644F6C4F6C4F6C5E
:10C1F0004F6C2F644F6C2F644F6C4F6C2F642F6407
:10C200002E642F642F642E642F642F642E640E64BA
:10C210000E640E64EE5BEE63EE5BEE63EE63EE5B6C
:10C22000CD5BCD5BEE5BCD5BCD5BCD5BAD5BCD5BCD
:10C23000AD5BAD5BAD5BAD5BAD5BAD5BAD5B8D53E6
:10C240008D538C538C536C538C536C536C536C5375
:10C250004C534C534C534C534C534C532B532B5328
:10C260002B4B0B4B2B4B0B4B0B4B0B4B0B4BEA4A00
:10C27000EA4AEA42EA42EA42CA42AA42AA42CA4216
:10C28000AA42A942A942A942894289426942694215
:10C2900069426842483A483A483A483A78AE77AEF6
:10C2A00077AE57AE57AE37A637A6369E169EF69D8A
:10C2B000F595D595D58DB58DD58DB48DB48DB58DC0
:10C2C000D58DB595D595B595D595F69DF69D169ECA
:10C2D00016A637A637A657AE78AE77AE78AE78B644
:10C2E00078B698B698B678B678B678B678B657AEC7
:10C2F00037AE57AE37A616A616A6F69DF69DB5958F
:10C30000B595B595948D948D738D748D738D738D56
:10C3100053855385538553855385537D537D327D96
:10C32000327D327D3285327D32855385338553852A
:10C33000538553855385738573855385538D538DED
:10C34000748D748D74959495B595B595B595D59D69
:10C35000D59DD79DD59D16A6D79DF6A575AE77948C
:10C36000D57B368CB79C979C769C969C979CB7A463
:10C37000B79CB79CF8A4BBB5F47B9273F89CB894B7
:10C38000F99C3584F57B16841684346B724A3884A4
:10C39000798C14631463D35A514AF149F149AF417E
:10C3A000514AD5739573106491748F6C8F6C706C57
:10C3B000726C706C706C706C706C4F6C4F6C4F6CFE
:10C3C0004F6C4F6C4F6C4F6C4F642F6C4F6C4F6CBD
:10C3D0004F6C2F642F642F642F642F642F642F649D
:10C3E0002F640E642F640E642E640E640E5C0E6463
:10C3F0000E64EE63EE630E64EE5BEE63EE5BEE5B8B
:10C40000EE5BCD5BEE5BCD5BCD5BCD5BCD5BAD5BCA
:10C41000CD5BAD5BAD5BAD5B8D53AD5B8D538C5335
:10C420008D538D538C538C536C536C536C536C5392
:10C430006C534C536C534C534C532B532B4B2B532F
:10C440002B4B0B4B2B4B0B4B0B4B0B4B0B4BEA4A1E
:10C45000EA4AEA42EA42EA42CA42CA42CA42CA42F4
:10C46000AA42A942A9428942894289428942694233
:10C47000693A4842684268426842483A77AE77AEC5
:10C4800077AE57AE57AE37A637A6169E169EF69DC8
:10C49000F595D595D58DB58DD58DB58DB48DB48DDE
:10C4A000B58DB58DB595D595D595F59DF69D169E11
:10C4B000169E16A637A657AE57AE57AE77AE78B6CD
:10C4C00078B678B698B678B678B678B678B657B6FD
:10C4D00057AE57AE37AE16A616A6169EF69DD59D3C
:10C4E000D59DD595948D948D948D748D748D538533
:10C4F00053855385538553855385537D327D327DD6
:10C50000327D327D327D3285327D32853285327D9B
:10C51000338533855385538553855385538553859B
:10C52000538D538D748D748D948D94959495B5958C
:10C53000B5959495D69DB595D59DF7AD958C947B85
:10C54000F583368C56945694769C35945694D8A49C
:10C55000769CB79CB79C1584158459AD39A5779402
:10C56000D57BF683378C95739252514A514AB25A11
:10C57000146B91521784304AD67B525A935AF36AFD
:10C58000714AB1523784D263316C706C6F6C906CAD
:10C59000506C706C706C706C4F6C4F6C4F6C4F6C5F
:10C5A0004F6C4F6C4F6C4F6C4F642F642F642F6433
:10C5B0004F6C2F642F642F642F642F642F642F64BB
:10C5C0002F640E642F640E642E640E640E5C0E6481
:10C5D0000E64EE630E640E64EE63EE5BEE5BEE5B88
:10C5E000EE5BCD5BEE5BCD5BCD5BCD5BCD5BAD5BE9
:10C5F000CD5BAD5BAD5BAD5B8D53AD5B8D538C5354
:10C600008D538D538C538C536C536C536C536C53B0
:10C610006C534C536C534C534C532B532B4B2B534D
:10C620002B4B0B4B2B4B0B4B0B4B0B4B0B4BEA4A3C
:10C63000EA4AEA42EA42EA42CA42CA42CA42CA4212
:10C64000AA42A942A9428942894289428942893A39
:10C65000683A68426842483A483A483A78AE78AE12
:10C6600077AE57AE57AE37A637A6169E169EF69DE6
:10C67000F595D595D595B58DD58DB48DB48DB48DF5
:10C68000B48DB48DB58DB595D595D595D59DF69DC3
:10C69000169E16A616A637A657AE57AE57AE57AE7D
:10C6A00078B678B678B698B698B678B678B678B6DA
:10C6B00057B657AE37AE37A616A616A6169EF69DE7
:10C6C000F69DD59DB595B495948D748D748D738DAF
:10C6D00053855385538553855385327D327D327D15
:10C6E000327D327D327D327D327D327D327D127DF2
:10C6F000327D327D3285328532853385338533858F
:10C7000033855385538D538D748D748D748D9495AD
:10C710009495B4959595F59DB59D958C1573368C2E
:10C7200019AD97943694369436945694158C569445
:10C73000D8A45AB5569473739794DBBDD79C1584CF
:10C74000F583B67BD67BB25A7252935A514AEF4167
:10C75000336BD683AE39588C9573525AD362146BAF
:10C760001363B5739473D46BB684116C91744F6C6E
:10C770008F6C706C706C706C706C4F6C4F6C4F6C1D
:10C780004F6C4F6C4F6C4F6C4F642F6C4F6C4F6CF9
:10C790004F6C2F642F642F642F642F642F642F64D9
:10C7A0002F640E642F640E642E640E640E5C0E649F
:10C7B000EE630E64EE63EE63EE63EE5BEE5BEE5BE8
:10C7C000EE5BEE5BCD5BCD5BCD5BCD5BCD5BCD5BE7
:10C7D000AD5BAD5BAD5BAD5B8D53AD5B8D538C5392
:10C7E0008D538D538C538C536C536C536C536C53CF
:10C7F0006C534C536C534C534C532B532B4B2B536C
:10C800002B4B0B4B2B4B0B4B0B4B0B4B0B4BEA4A5A
:10C81000EA4AEA42EA42EA42CA42CA42CA42CA4230
:10C82000AA42A942A942894289428942894289424F
:10C83000683A69426842483A483A483A77AE78AE30
:10C8400078AE77AE57AE37A637A616A6169E169EBA
:10C85000D595D595D595B58DD58DB48DB48DB48D33
:10C86000B48DB48DB48DB48DB595D595D595F69D13
:10C87000F69D169E16A637A657AE37AE57AE57AEE4
:10C8800078B678B678B698B698B698B678B678B6D8
:10C8900078B678B657AE37AE37AE37A616A6F69D41
:10C8A000F69DD59DB595B595B495948D948D748D63
:10C8B0005385538553855385538532853385327D22
:10C8C000327D127D327D127D127D127D127D327D90
:10C8D000327D327D327D3285327D338532853285BF
:10C8E0003385538533855385538D538D748D748D66
:10C8F000748D95959495B59D3484F36A768BF58304
:10C90000D89C7AB5158CF48B3594979C779C158CB4
:10C910003694569412731AA55AAD39ADF483158422
:10C920001684B683D1624F52935A735A8E415794EC
:10C93000136B50525794B162336B967B51528E39C0
:10C94000D67BF67BF25A914A16743574D063907494
:10C950006E6C706C706C706C706C4F6C4F6C4F6C5C
:10C960004F6C4F6C4F6C4F6C4F642F6C4F6C4F6C17
:10C970004F6C2F642F642F642F642F642F642F64F7
:10C980002F640E642F640E642E640E640E5CEE63DE
:10C990000E640E64EE5BEE5BEE63EE5BEE5BEE5BF5
:10C9A000CD5BEE5BCD5BCD5BCD5BCD5BAD5BCD5B46
:10C9B000AD5BAD5BAD5BAD5B8D53AD5B8D538C53B0
:10C9C0008D538D538C538C536C536C536C536C53ED
:10C9D0006C534C536C534C534C532B532B4B2B538A
:10C9E0002B4B0B4B2B4B0B4B0B4B0B4B0B4BEA4A79
:10C9F000EA4AEA42EA42EA42CA42CA42CA42CA424F
:10CA0000AA42A942A942894289428942894289426D
:10CA1000683A69426842483A483A483A77AE78AE4E
:10CA200078AE77AE77AE57AE37A636A616A6169E68
:10CA3000F59DD595D595B58DB58DB48D948D948D89
:10CA4000948DB48DB48DB48DB48DB595D595D595A3
:10CA5000F69DF69D169E16A637A637AE37AE57AE94
:10CA600057B678B678B698B698B698B698B678B6F7
:10CA700078B678B657B657AE57AE37AE37A616A6C5
:10CA8000F6A5F69DD59DB595B595948D948D948D0F
:10CA9000738D5385538553855385538533853285EF
:10CAA0003285127D327D127D127D127D127D327DA6
:10CAB000327D327D327D327D327D327D327D327DFE
:10CAC000127D33853385338553855385538D738D1F
:10CAD000738D548D959D5384B262357B98A41584D3
:10CAE000D483B79C19AD569C3594168C5694779C7C
:10CAF000537B5273979C19AD19AD56945694569426
:10CB0000F683F172F6A4B6A48F41325A1694F26AF3
:10CB1000747BD6833794D5831373F36A6D31D262F5
:10CB20007473946B13631363B56BF673B263116420
:10CB3000916C706C706C706C706C4F6C4F6C4F6C57
:10CB40004F6C4F6C4F6C4F6C4F642F6C4F6C4F6C35
:10CB50004F6C2F642F642F642F642F642F642F6415
:10CB60002E640E642F640E642E640E640E5CEE63FD
:10CB7000EE63EE5BEE63EE63EE5BEE5BEE5BCD5B76
:10CB8000EE5BCD5BCD5BCD5BCD5BAD5BCD5BAD5B84
:10CB9000AD5BAD5BAD5BAD5B8D53AD5B8D538C53CE
:10CBA0008D538D538C538C536C536C536C536C530B
:10CBB0006C534C536C534C534C532B532B4B2B53A8
:10CBC0002B4B0B4B2B4B0B4B0B4B0B4B0B4BEA4A97
:10CBD000EA4AEA42EA42EA42CA42CA42CA42CA426D
:10CBE000AA42A942A942894289428942894289428C
:10CBF000683A68426842483A483A483A77AE98B646
:10CC000098B678AE77AE57AE37A616A616A6F69D9E
:10CC1000F59DD595D595B58DB58DB48DB48D948D87
:10CC2000948DB48DB48D948DB48DB58DB595B59529
:10CC3000D595F69DF69D16A616A637A637AE37AE45
:10CC400057AE78B678B678B698B698B678B678B65D
:10CC500078B678B657B657AE57AE37AE37A616A6E3
:10CC600016A6F6A5F59DD59DD59DB48D948D948D74
:10CC7000748D738D53855385538533853385338503
:10CC80003285127D127D127D127D127D127D127D04
:10CC9000127D127D127D127D127D327D327D127DDC
:10CCA000127D127D1285327D338533855385538500
:10CCB0005385518D137CB362B3729483758CD89C69
:10CCC0005694937B969C19B597A43694569CD4831E
:10CCD0009483F9AC779C779432735594F8A4158CAF
:10CCE000336BF6ACF8C597BD9262F472737BF26A4F
:10CCF000737B779C9483F68B1273D262B15A17843C
:10CD00007052EF3995735263956BD252D563336C81
:10CD100031648F6C706C706C506C4F6C4F6C4F6CDE
:10CD20004F6C4F6C4F6C4F6C4F642F6C4F6C4F6C53
:10CD30004F6C2F642F642F642F642F642F642F6433
:10CD40002F640E642F642E642E640E640E5C0E64D9
:10CD5000EE5BEE5BEE63EE5BEE5BEE5BEE5BCD5BA4
:10CD6000EE5BCD5BCD5BCD5BCD5BAD5BCD5BAD5BA2
:10CD7000AD5BAD5BAD5BAD5B8D53AD5B8D538C53EC
:10CD80008D538D538C538C536C536C536C536C5329
:10CD90006C534C536C534C534C532B532B4B2B53C6
:10CDA0002B4B0B4B2B4B0B4B0B4B0B4B0B4BEA4AB5
:10CDB000EA4AEA42EA42EA42CA42CA42CA42CA428B
:10CDC000AA42A942A9428942894289428942693AD2
:10CDD000683A4842684268424842483A78B657AE94
:10CDE00077AE77AE77AE57AE57AE36A616A6169E7E
:10CDF000F59DD595D595B595B58DB48D948D948DBE
:10CE00009485948D948D948D948DB48DB48DB595B9
:10CE1000D595D595D59DF69D16A616A637A657A6E7
:10CE200057AE57AE57AE78B678B678B678B698B6ED
:10CE300078B678B678B657B657B637AE37AE37A6A7
:10CE400017A616A6F69DD59DD59DB5959495948D5E
:10CE5000948D738D538553855385538553853285C2
:10CE60003285327D327D127D127D127D127D127DE2
:10CE7000127D127D127DF27CF27C127D127D127D7C
:10CE8000127D127D127DF58C327D717DF1843385AA
:10CE9000B27D58A4D16A91627483537B5383969C6C
:10CEA000569C16943373F9ACD7A47BBD3694D16AE3
:10CEB000159477A41594D26A7583D58B379CF2723A
:10CEC000F693F59399BD906AF37276945162168C3D
:10CED000579C747B989C905A579455739A9CD04950
:10CEE000F0490F421253B88C70427784B042767C7E
:10CEF000156CF063506C4E646E6C506C316C4F6C02
:10CF00004F6C4F6C4F6C4F6C4F6C2F644F6C2F6499
:10CF10002F642F642F642F642F642E642F640E649B
:10CF20002E640E640E640E640E640E640E64EE6372
:10CF3000EE630E64EE5BEE5BEE5BEE63EE63EE5B68
:10CF4000CD5BCE5BCD5BAD5BCD5BAD5BCD5BAD5B00
:10CF5000AD5BAD5BAD5BAD5B8D538D538C538C5333
:10CF60008D538C538C536C536C536C536C536C5368
:10CF70006C534C534C4B4C534C532B532B4B2B530C
:10CF80002B4B0B4B0B4B0B4B0B4B0B4BEA4AEA4A15
:10CF9000EA4AEA42EA42EA42CA42CA42CA42CA42A9
:10CFA000AA42A942A9428942A942894289428942A8
:10CFB000893A683A6842683A483A483A78B657AE89
:10CFC00077AE77AE77AE57AE57A637A616A6169EA3
:10CFD000F69DD595D595D595B58DB48D948D9485C3
:10CFE0009485948D948D948D948DB48DB48DB595D8
:10CFF000D595D595D595F69DF69D16A636A637A658
:10D0000057AE57AE57AE78B678B678B678B678B62B
:10D0100078B678B678B678B657B657AE37AE37A684
:10D0200037A616A6169EF69DD59DD59DB5959495C9
:10D03000948D948D7385538553855385538532859F
:10D0400032853285327D127D127D127D127D127DF8
:10D05000127D127DF27CF27CF27C127D127D127DBB
:10D06000127D127D127D337D1385127D9285548D44
:10D070009173916A7062137B338354833483727B20
:10D080003694D8AC1694737B97A4327311731694AC
:10D09000579C369C73835483137BD272716AB1722E
:10D0A000B172F48B116A1594527B9272D7A4527BA1
:10D0B000737B168CF26A568CF162AE41F051525A73
:10D0C000F049B67394632F429884F14A725B3153EE
:10D0D000F46BD163F063706C6F6C6F6C706C4F6C41
:10D0E0004F6C4F6C4F6C4F6C4F6C2F644F6C2F64B8
:10D0F0002F642F642F642F642F642E642F640E64BA
:10D100002E640E640E640E640E640E640E64EE6390
:10D110000E64EE5BEE63EE63EE5BEE63EE63CE5B9E
:10D12000CD5BCD5BCD5BAD5BAD5BCD5BAD5BAD5B3F
:10D13000AD5BAD5BAD5BAD5BAD5B8D538C538D5328
:10D140008D538C538C538C536C536C536C536C5366
:10D150006C536C534C4B4C534C532B532B4B2B530A
:10D160002B4B2B4B0B4B0B4B0B4BEA4AEA4AEA4A35
:10D17000EA4AEA42EA42EA42CA42CA42CA42CA42C7
:10D18000AA42A942A9428942A942894289428942C6
:10D19000893A68426842483A483A483A78AE58B6BE
:10D1A00078AE57AE77AE57AE57AE37A636A616A6B0
:10D1B000F69DD595D595B595B58D948D948D948D19
:10D1C0009485948D9485948D948D948D948DB48D47
:10D1D000B595B595D595D59DF69D16A616A637A6F7
:10D1E00057AE57AE57AE57B678B678B678B678B66B
:10D1F00078B678B678B678B678B657B657AE37AE52
:10D2000037AE37A616A6169EF69DD59DD59DB5952B
:10D210009495948D748D53855385538533853385CB
:10D220003285327D327D127D127D127D127D127D1E
:10D23000127D127DF27C127DF27C127D127D127DB8
:10D24000127D127DF27C3175D27C33853385D273A9
:10D25000B069916A3483D272F37AF37AF382337BC2
:10D26000948B76A4D7AC3694337B327BD58B77A462
:10D27000D5933283369C16945062B16A748BF37ADC
:10D28000716AEF59D693F27AD172F48B3694B79CC7
:10D290007273B383768C726B3584326B8D418E41A1
:10D2A000D783F35A1253167C904A94631153B042B9
:10D2B00035743574F363F0634F6C6F6C4E6C4F6C68
:10D2C0004F6C4F6C4F6C4F6C4F6C2F644F6C2F64D6
:10D2D0002F642F642F642F642F642E642F640E64D8
:10D2E0002E640E640E640E640E640E640E640E648E
:10D2F000EE63EE5BEE63EE5BEE5BEE63CE5BCD5B0F
:10D30000CE5BCD5BCD5BAD5BCD5BAD5BAD5BAD5B5C
:10D31000AD5BAD5BAD5BAD5BAD5B8D538C538D5346
:10D320008D538C536C538C536C536C536C536C53A4
:10D330004C534C534C4B4C534C532B532B4B2B5368
:10D340002B4B2B4B0B4B0B4B0B4B0B4BEA4AEA4A31
:10D35000EA4AEA42EA42EA42CA42CA42CA42CA42E5
:10D36000AA42A942A9428942A942894289428942E4
:10D37000893A68426842683A483A483A77AE58B6BD
:10D3800057B678AE77AE57AE57AE37A637A616A6C5
:10D39000F69DF595D595B595B595948D948D948D0F
:10D3A000948594859485948D9485948D948DB48D75
:10D3B000B48DB495B595D595F59DF69D169E16A69A
:10D3C00037A637AE57AE57AE57B678B678B678B6FA
:10D3D00078B698B698B698B678B678B657B637AEE7
:10D3E00057AE37AE36A616A616A6D69DD59DB595D0
:10D3F0009495948D948D738D738D5385538533855A
:10D40000328533853285127D127D127D127D127D2B
:10D41000F27CF27C127DF17CF17C127DF27CF27C5C
:10D42000F27CF27C127DF27C31753385316B8F6139
:10D43000127A958B548B34839172D3821383958B9C
:10D440005383159CF8B4F59B0F5A5AC5D8B4D4939E
:10D450003283F59B948BD06ABCCD948BD1721283AE
:10D460002F6AB693727B3383B06AB594B3833484E6
:10D47000D79C926B968CD68CB684F794D05A8D3903
:10D48000B25A5463535BD2522F3ACE317363B363B3
:10D49000F46B124BD463F363AF5B706C6E6C4F6CC8
:10D4A0004F6C4F6C4F6C4F6C2F642F644F6C2F641C
:10D4B0002F642F642F642F642F642E642F640E64F6
:10D4C0002E640E640E640E640E64EE630E64EE5BF6
:10D4D000EE5BEE63EE5BEE5BEE5BCE63EE63CE5B2C
:10D4E000CD5BCD5BCD5BAD5BAD5BAD5BAD5BAD5B9C
:10D4F000AD5BAD5BAD5BAD5BAD5B8D538C538D5365
:10D500008C536C538C536C536C536C536C536C53E3
:10D510006C534C4B4B4B4C534C532B532B4B2B536F
:10D520002B4B2B4B0B4B0B4B0B4B0B4BEA4AEA4A4F
:10D53000EA4AEA42EA42EA42CA42CA42CA42CA4203
:10D54000AA42A942A9428942A94289428942894202
:10D55000893A68426842683A483A483A77AE78B6BB
:10D5600078B658B657AE57AE57AE37A637A616A6FA
:10D57000F69DF59DD595B595B595948D948D948D25
:10D58000948D7385948573857385948D948D948D16
:10D59000948DB48DB495B595D595D59DF69D169E73
:10D5A00016A637A637A637AE57AE57B678B678B6B2
:10D5B00078B698B698B698B678B678B678B657AEC4
:10D5C00057AE37AE37A616A616A6F6A5F69DD59D7C
:10D5D000B59594959495748D748D738D53855385FD
:10D5E000338532853285127D127D127D127DF27C6B
:10D5F000F27C127DF17CF17CF27CF17CF17CF17C9F
:10D60000F17CF17CF174F284F284B0738F69D17192
:10D610005393748B538B7493338BB17A138B338BFB
:10D620005393949336A4707237AC938B5383938B3C
:10D63000B493B0722F6A3BC6FAC517ADB38B6F6A4D
:10D64000706AD6A4B17A548CF69C527B569DB16B0D
:10D65000337C37955374D57CF99DB88D9574115BE7
:10D660002B21D252946BCE312F3A2F42535B9784A9
:10D67000F152725BF46BF46B136C516C2F644F6C52
:10D680004F6C4F6C4F6C2F642F644F6C4F6C2F643A
:10D690002F642F642F642F642F642E642F640E6414
:10D6A0002E640E640E640E64EE63EE630E64EE5B35
:10D6B000EE63EE5BEE5BEE5BEE5BCE63CE5BCD5B73
:10D6C000CD5BCD5BCD5BAD5BAD5BAD5BAD5BAD5BBA
:10D6D000AD5BAD5BAD5BAD5BAD5B8D538D538C5383
:10D6E0008C536C536C536C536C536C536C536C5322
:10D6F0004C534C534B4B4C534C532B532B4B2B53A6
:10D700002B4B2B4B0B4B0B4B0B4B0B4BEA4AEA4A6D
:10D71000EA4AEA42EA42EA42CA42CA42CA42CA4221
:10D72000AA42A942A9428942A94289428942894220
:10D73000893A68426842683A483A483A57AE78B6F9
:10D7400078B657B657AE57AE57AE57A637A616A6F9
:10D75000F69DF59DF595B595B495948D948D948D24
:10D76000948D9485738573857385748D748D94857C
:10D77000948DB48DB48DB595D595D59DD59DF69DDB
:10D7800016A616A637A637AE57AE57B678B678B6F1
:10D7900078B698B698B698B678B678B678B657AEE2
:10D7A00057AE37AE37AE16A616A616A6F6A5F69D48
:10D7B000D59DD595B595948D948D748D5385538550
:10D7C00033853285327D127D127D127D127DF27C91
:10D7D000127DF27CF27CF27CF27CF174F17CF17CC3
:10D7E000F174F174F17C50751284AF61F071539350
:10D7F000328B538B538B338B949B7493707A939BA4
:10D80000949B717A306A917AD49B77AC738B128334
:10D81000B17AD182549318B6169DFAC58E6272837E
:10D82000B38B2B52949CD283F27B7484716BD58C16
:10D83000737C5374778D978DD88DD77DB88DD784B1
:10D84000B152AD312F42714AEF39377C1253ED2975
:10D850001574B163104BF56BB784326C0F644F6C69
:10D860004F6C4F6C4F6C2F644F6C4F6C4F6C2F6430
:10D870002F642F642F642F642F642E642F640E6432
:10D880002E640E640E640E64EE630E640E64EE5B32
:10D89000EE63EE5BEE5BEE5BEE5BCE5BCD5BCD5B9A
:10D8A000CD5BCD5BCD5BAD5BAD5BAD5BAD5BAD5BD8
:10D8B000AD5BAD5BAD5BAD5BAD5B8D538D538C53A1
:10D8C0008C538C536C536C536C536C536C534C5340
:10D8D0004C4B4C4B4B4B4C534C532B532B4B2B53D4
:10D8E0002B4B2B4B0B4B0B4B0B4BEA4AEA4AEA4AAE
:10D8F000EA4AEA42EA42EA42CA42CA42CA42CA4240
:10D90000AA42A942A9428942A9428942894289423E
:10D91000893A683A6842683A483A483A78AE78B6FE
:10D9200078B678B677AE57AE57AE57AE37A616A6CE
:10D93000F69DF69DD595D595B595B48D948D948D20
:10D940007485738573857385738573857385748D0D
:10D95000948D948D948D9495B595B595D595D59DCB
:10D96000F69D16A636A637AE57AE57AE57B678B662
:10D9700078B678B678B698B678B678B678B657B638
:10D9800077B657AE37AE37AE37A616A616A6F69DB3
:10D99000D69DD59DB595B595948D948D738D5385F4
:10D9A0005385338533853285127D127D127D127D3C
:10D9B000127DF17CF17CF17CF17CB27C12751175E9
:10D9C000D17CF27C537511838C514F72328B128B48
:10D9D000128B3393339353935293D39BF49BB07A2C
:10D9E0001183318B308BD082AF72F29A1183AC618C
:10D9F000EF7A19BE939C129497BDAC62128CED6ABB
:10DA00002F73B28CCF6B117CF073AF6B1595316CAB
:10DA10003585F36C9685F88D567D9785D88D198E52
:10DA2000546CD04ACD390D329884B152EF39F25A44
:10DA30007363114B71635674ED29F373166CF063C5
:10DA4000306C4E6C2D646F6C30642F642F642F64C7
:10DA50002F642F642F642F642F642E642F642F642F
:10DA60002E640E640E640E640E64EE5BEE63EE5B79
:10DA7000EE63EE5BEE5BEE5BEE5BCD5BCE5BCD5BB8
:10DA8000CD5BCD5BCD5BAD5BAD5BAD5BAD5BAD5BF6
:10DA9000AD5BAD5B8D5BAD5B8D5B8C538D538D53FF
:10DAA0008C536C538C536C536C534C536C534C537E
:10DAB0004C534C534C532B534C532B4B2B532B4B02
:10DAC0002B4B0B4B0B4B0B4B0B4B0B4BEA4AEA4ACA
:10DAD000EA4AEA42EA42EA42CA42AA42CA42AA429E
:10DAE000A942A942A9428942A9428942894289425E
:10DAF000893A68426942483A683A483A77AE78B615
:10DB000078AE78AE78AE77AE57AE57AE37A616A6DB
:10DB1000169EF69DD59DB595B595B48D948D948D35
:10DB20007385738573857385738573857385948514
:10DB3000738D748D948D948D9495B595B595D59D73
:10DB4000F69D169E16A637A637AE37AE57AE57B619
:10DB500078B678B678B698B678B678B678B678B635
:10DB600078B657B657AE37AE37AE37A616A6F6A577
:10DB7000F69DD59DB59DB5959495948D748D538DD9
:10DB800053855385538533853285127D127D127DF1
:10DB9000127DF27CF17CF17CF17C1275F27CB07428
:10DBA000327DD27CF06B8B514E6A528B528B118B33
:10DBB000318BF18A5293939B929313A417BDB39B1D
:10DBC000EB61719313A40C6A6E72CF82EC690F73D0
:10DBD00056B536B5F7B5729CEC6ACC6215ADB39C00
:10DBE000B49CB6A51495D07311744E5B8F5BF37C17
:10DBF000968D9685767D767DB78DD88DB785B785E0
:10DC0000988DF784AF42D46B904A5042B15216744B
:10DC10009042315BB87C6E42315B7674F46B336C4E
:10DC2000F0632F646F6C0E5C30642F642F642F647C
:10DC30002F642F642F642F642E642F642F640E646E
:10DC40002E640E640E640E640E64EE5BEE5BEE6397
:10DC5000EE63EE5BEE5BEE5BCD5BCE5BCE5BCD5BF6
:10DC6000CD5BCD5BAD5BCD5BAD5BAD5BAD5BAD5B14
:10DC7000AD5BAD5B8D5BAD5B8D5B8C538D538C531E
:10DC80008C536C538C536C536C534C534C534C53BC
:10DC90004C534C534C532B534C532B4B2B532B4B20
:10DCA0000B4B0B4B0B4B0B4B0B4B0B4B0B4BEA4AE6
:10DCB000EA4AEA42EA42EA42CA42AA42CA42A942BD
:10DCC000A942A942A9428942A9428942894289427C
:10DCD000893A68426942483A683A483A77AE78B633
:10DCE00078B678B677B677AE57AE57AE37A616A6E3
:10DCF00016A6F69DD59DB595B595B48D948D948D4C
:10DD00009385738573857385738573857385738533
:10DD100073857385748D948D948DB495B595B595F3
:10DD2000D59DF69D169E16A616A637AE37AE57AEF3
:10DD300057B678B678B698B678B678B678B678B674
:10DD400078B658B677B657AE37AE37AE17A616A622
:10DD5000F6A5F69DD59DD595B5959495948D748D24
:10DD6000538D5385538533853285127D127D127D07
:10DD7000127DF27CF27CF17CF17CF06CF17CF17C28
:10DD8000F27CB06BCB516C62708370835083B19323
:10DD9000919370937093B19B129C908BF19313A409
:10DDA00090938C728C724C724D722E73CD7A318C32
:10DDB00038C6D3A4D6ADB6BD58CEDADE17C6B6B5D2
:10DDC000D7BD969D3595569D937CB37C11648E4B43
:10DDD000D36CF36C1575767DB785978D9785977D98
:10DDE000198ED995F25B7263ED312F42B88CEE310A
:10DDF000F46394638E21B36334741253D163557406
:10DE0000747410642F644F6C2E642F642F642F641D
:10DE10002F642F642F642E642F642F642E640E648D
:10DE20002E640E640E640E640E64EE5BEE63EE63AD
:10DE3000EE63EE5BEE5BEE5BED5BCE5BCE5BCD5BF4
:10DE4000CD5BCD5BAD5BCD5BAD5BAD5BAD5BAD5B32
:10DE5000AD5BAD5B8D5BAD5B8D5B8C538D538C533C
:10DE60008C536C536C536C536C534C534C534C53FA
:10DE70004C534C534C532B534C532B4B2B532B4B3E
:10DE80002B4B0B4B0B4B0B4B0B4B0B4B0B4BEA4AE4
:10DE9000EA4AEA42EA42EA42CA42AA42CA42AA42DA
:10DEA000A942A942A9428942A9428942894289429A
:10DEB000893A68426942483A683A483A77AE57B672
:10DEC00078B678B678B678B657B657AE37A636A6CF
:10DED00016A6169EF69DB595B595B595948D948D1F
:10DEE000738D7385738553855385538553857385EA
:10DEF00073857385738D948D748D948DB495B5955C
:10DF0000D595D59DF69D16A616A616A637AE57AE84
:10DF100057AE78B678B678B678B678B678B678B6BA
:10DF200078B678B658B678B657AE37AE37AE16A6CE
:10DF300016A6F6A5D69DD59DB595B5959495948DC7
:10DF4000748D53855385538533853285127D127DBB
:10DF5000127DF27CF17CF17CF27CF17CF174337DFA
:10DF60002E63EB514D62D083F18B6F83AF8B119C8D
:10DF7000AF936E8B6E8BAE8BF09B2D834D83AF93E7
:10DF8000F09B109C4A6A2A6A4C6A0B6BD5B5509478
:10DF90002F8498CE1BDF5BEF16C6F29CD6B5F394A8
:10DFA000CF73727CD384B384F484D474557DF36CC2
:10DFB00010543054F46C146D967D567DB785188ED0
:10DFC000D885D88D9785B584104B0D324F3AF56BB7
:10DFD000735B0F32B052D4635153CE4A9574D04222
:10DFE000967CD584F0632F6C6F6C2F642F642F6444
:10DFF0002F642F642F642E642F642E640E642E64AD
:10E000000E640E640E640E640E64EE5BEE63EE63EB
:10E01000EE5BEE5BEE5BEE5BED5BCE5BCD5BCD5B1B
:10E02000CD5BCD5BAD5BCD5BAD5BAD5BAD5BAD5B50
:10E03000AD5BAD5B8D5BAD5B8D5B8C538D538C535A
:10E040008C538C536C536C536C534C534C534C53F8
:10E050004C534C532B534C534C532B4B2B532B4B5C
:10E060002B4B0B4B0B4B0B4B0B4B0B4B0B4BEA4A02
:10E07000EA4AEA42EA42EA42CA42AA42CA42AA42F8
:10E08000A942A942A9428942A942894289428942B8
:10E09000893A68426942483A683A483A77AE57B690
:10E0A00057B678B678B657B657B637AE37AE17A666
:10E0B00016A6169EF69DB595B5959595948D948D5D
:10E0C000948D7385738553855385538553857385E7
:10E0D000538573857385738D748D948D948D94950C
:10E0E000B595D59DD59DF69DF69D16A617AE37AE76
:10E0F00037AE57B678B678B678B678B678B658B63A
:10E1000078B678B678B658B657B657B637AE37AE93
:10E1100016A616A6F6A5F69DD59DB595B59594952A
:10E120009495738D738D5385538533853285127D18
:10E13000127DF27CF27CF17CF27CD17CF37C6E5B14
:10E1400089416D62F283F083AF838E7BAE830F943F
:10E15000CE8BEE8B309CCE8B8D83EF9354BDEE93A4
:10E160000E9450A4309C8A6A6B6A76CEF4ADD19C32
:10E1700057CEDDF799DE0E7C2F842F7C8E63727C68
:10E18000B384516C316CF484157DF474F88DF6858C
:10E19000D364F04B3154B364D35C56759785F88DD6
:10E1A000978597851996F995D6744D32B46B73633C
:10E1B0008F42914AB5747042F152778DED31567CA1
:10E1C000725B156C7474F063EE5B2F642F642F64C4
:10E1D0002F642F642E642E640E640E642E640E640D
:10E1E0000E640E640E640E640E64EE5BEE63EE5B12
:10E1F000EE5BEE5BEE5BEE5BCD5BCD5BCD5BCD5B5B
:10E20000CD5BCD5BAD5BCD5BAD5BAD5BAD5BAD5B6E
:10E21000AD5BAD5B8D5BAD5B8D5B8C538D536C5398
:10E220008C536C536C536C536C534C534C534C5336
:10E230004C534C532B534C534C532B4B2B532B4B7A
:10E240002B4B0B4B0B4B0B4B0B4B0B4B0B4BEA4A20
:10E25000EA4AEA42EA42EA42CA42AA42CA42AA4216
:10E26000A942A942A9428942A942894289428942D6
:10E27000893A68426942483A683A483A57AE57B6CE
:10E2800078B678B678B678B678B637AE37A636A60A
:10E2900016A6169EF69DB595B595B595948D948D5B
:10E2A000748D738573857385538553855385738505
:10E2B00073855385738573857385948D948D94953B
:10E2C0009495B595D59DD69DF69DF6A516AE37AE1F
:10E2D00037AE57AE57B678B678B678B678B658B681
:10E2E00078B678B678B678B657B678B657B637AE49
:10E2F00037AE16AEF6A5169EF69DD59DB5959495AE
:10E300009495738D738D5385538532853285127D37
:10E31000127DF27CF27CF27CF17CF2744E63EA496D
:10E320000E630E5BD073AF7B6E73AE7B6D7BEE8B3B
:10E330000F940E94D1AC709C8D8B8D8BEF932E949B
:10E340002E940D8C2F94EF8BAC6A14AED09415BE26
:10E35000FEFFB6C5919CF294CE73CF73F48CF16B33
:10E36000116C768D1585F0637685D785D885957582
:10E37000B6859264AF4331549254556D767D767D67
:10E380009785D88DF995F8859885146CB46B2E42D5
:10E390000E4258952E3A925B146CEE29D784515355
:10E3A0008F423674146C72740F642F642F642F6460
:10E3B0002F642F642E640E640E642E640E640E644B
:10E3C0000E640E640E640E640E64EE5BEE63EE5B30
:10E3D000EE5BEE5BCD5BEE5BCD5BCD5BCD5BCD5B9A
:10E3E000AD5BCD5BAD5BCD5BAD5BAD5BAD5BAD5BAD
:10E3F000AD5BAD5B8D5BAD5B8D5B8C538D536C53B7
:10E400008C536C536C536C536C534C534C534C5354
:10E410004C532B534C534C534C532B4B2B532B4B98
:10E420002B4B0B4B0B4B0B4B0B4B0B4B0B4BEA4A3E
:10E43000EA4AEA42EA42EA42CA42AA42CA42AA4234
:10E44000A942A942A9428942A942894289428942F4
:10E45000893A68426942483A683A483A77AE57AED4
:10E4600078B678B678B678B657B657AE37AE37A620
:10E4700016A6169EF69DD59DD5959495948D948D52
:10E48000748D73857385738553855385537D537D53
:10E4900053855385538573857385748D748D948DE1
:10E4A00094959495B595D59DF69D169E16A637A67E
:10E4B00037AE37AE57AE57B657B658B678B678B609
:10E4C00078B678B678B678B658B658B657B657AE66
:10E4D00037AE37AE37A6F6A5D69DD59DB59DB59D71
:10E4E0009495948D748D5385538553853385F3842A
:10E4F000F27C1285F17CF17C327DF0732D429152D9
:10E500005163317CEB527173CE7BAE7B0E84CF8333
:10E510004D8C0E8C4B73AC832E940D8CED832E940E
:10E520006F9C2E8C2D8CF09C6E8CA96294BDDCFFB0
:10E5300077CEF29C6D6B928CF4943174AF5BF48463
:10E54000568DD15BD47CF99DD88D9785767DB78D1E
:10E5500097857675F0438F43305CB35CF4645675F1
:10E56000D78DF895D895978DD88DD88DB574AF4245
:10E57000CD392F3AF67373638F42D46B72531053B5
:10E58000F46B725BAF42757C346CD05B2F642D648E
:10E590004E6C2E6430642E642F642E640E640E6400
:10E5A0000E64EE630E640E64EE5BEE5BEE63EE5B98
:10E5B000EE5BEE5BCD5BEE5BED5BCD5BCD5BCD5B98
:10E5C000CD5BCD5BAD5BCD5BAD5BAD5BAD5BAD5BAB
:10E5D000AD5BAD5B8D5B8D5B8D5B8C538D538C53D5
:10E5E0008C536C536C536C536C534C534C534C5373
:10E5F0004C532B534C532B532B532B532B4B0B4B19
:10E600002B4B2B4B0B4B0B4B0B4B0B4BEA4AEA4266
:10E61000EA4AEA42EA42CA42CA42AA42CA42AA4272
:10E62000A942A942A9428942A94289428942894212
:10E63000893A68426942483A683A483A57AE57AE12
:10E6400078B678B678B678B657AE57AE37AE37A646
:10E6500016A616A6F69DD59DB595B595948D948D67
:10E66000948D738D738573855385537D537D537D51
:10E6700053855385538573857385748D748D748D1F
:10E68000948D94959495B595D59DF69DF69D16A679
:10E6900037A637AE37AE57B657B657B678B678B650
:10E6A00078B678B678B678B658B678B658B657B65B
:10E6B00037AE37AE37AE16A6F6A5D69DD59DB59D1D
:10E6C000959D948D748D738D538D53853385337DD6
:10E6D0003385F17C1285F384AE534D42CF52115BEA
:10E6E000314232639284EB52B0734F848D736E8CDF
:10E6F0000F840E846F940D84EC836E8C4D8C0D8C86
:10E700004E8C6E8C6E8C4D84F094EE8B16C67BEF27
:10E710006F8C708475A54E63317476957274106435
:10E72000526C578DB474936CD88D7685B785D88D1F
:10E730009785977D935C8E43CF535154B364556D49
:10E74000D785D78DB78DD895199619969785B67CAC
:10E75000F0529463325BB04A5363B36BD042F473AC
:10E76000D36B6E3A5574B363346C326CF0636F6C78
:10E77000EC5B4F642F642E642E640E640E640E6492
:10E780000E64EE630E64EE5BEE5BEE63EE5BEE5BDF
:10E79000EE5BEE5BCD5BEE5BEE5BCD5BCD5BCD5BB5
:10E7A000CD5BCD5BCD5BAD5BAD5BAD5BAD5BAD5BC9
:10E7B000AD5B8D5BAD5B8D538D5B8C538D538C53FB
:10E7C0008C536C536C536C536C534C534C534C5391
:10E7D0004C532B534C532B532B4B2B532B4B0B4B3F
:10E7E0002B4B0B4B0B4B0B4B0B4BEA4AEA4AEA42C7
:10E7F000EA4AEA42CA42CA42CA42AA42CA42AA42B1
:10E80000A942A942A9428942A94289428942894230
:10E81000893A68426942483A683A483A57AE57AE30
:10E8200078B678B678B678B657AE57AE37AE37AE5C
:10E8300036A616A6F69DF69DB595B595948D948D44
:10E84000748D738D738573855385537D537D538587
:10E850005385538553855385538573857385738D90
:10E86000948D948D9495B595B595D59DF69DF6A509
:10E8700016A637AE37AE57AE57B657B678B658B6B7
:10E8800078B678B678B678B658B678B658B657B679
:10E8900057AE37AE37AE16A616A6F6A5F6A5D59D89
:10E8A000B59D9495948D748D738D538D3385527D64
:10E8B000127D3385F384D1638D3AEF52325BB352CC
:10E8C000714A904A3263D18C2D5BEF73CF8C8F8C61
:10E8D000EF7BED7BF19CF09C2D846E8C6E8CAF9465
:10E8E000AF946E8C4E848F8CD0940E845BEF129D0F
:10E8F000139DEF7371843495F06392743585726C57
:10E90000726C978D978D1154F474F88DB785B78D0F
:10E910009785B77D55758E436D4B114C925C146D88
:10E92000967DB785D88DB895D88DD78DB885FA9551
:10E93000746CB3634E3A6F42167CAD319784D04A03
:10E94000CC29B784515BF04A925B55745374AF5B2A
:10E950002F642E640E642E640E640E640E640E64C6
:10E960000E64EE63EE63EE5BEE63EE5BEE5BEE5B1E
:10E97000EE5BEE5BCD5BEE5BEE5BCD5BCD5BCD5BD3
:10E98000CD5BCD5BCD5BAD5BAD5BAD5BAD5BAD5BE7
:10E99000AD5B8D5BAD5B8D538D538D538C538C5321
:10E9A0006C536C536C536C536C534C534C534C53CF
:10E9B0004C532B534C532B532B4B2B532B4B0B4B5D
:10E9C0002B4B0B4B0B4B0B4B0B4B0B4BEA4AEA42C3
:10E9D000EA4AEA42EA42CA42CA42AA42CA42AA42AF
:10E9E000A942A942A9428942A9428942894289424F
:10E9F000893A68426942483A683A483A57AE57AE4F
:10EA000078B678B678B678B657AE57AE57AE37AE5A
:10EA100037A616A6169ED59DD595B595948D948D41
:10EA2000948D7385738573855385537D537D327DB6
:10EA300053855385538553855385538573855385F6
:10EA4000748D948D948D9495B595D59DD69DF69D98
:10EA500016A616A637AE37AE37AE57B678B658B646
:10EA600058B678B678B678B658B658B678B657B6B7
:10EA700057B657AE37AE37AE16A616A6F6A5D69D34
:10EA8000B59DB59594959495748D538D538D527D08
:10EA900053853485B1638E42D04A3153F352B44A20
:10EAA000F35AB24A5342B163D2842C534E7CD38C76
:10EAB0002F7CED73AC6B2E7C6F846F844E844D7C09
:10EAC0008F84B08CD08CF1948C6B129DB9D6D28C83
:10EAD000517CD38C4D539174558DF374F795D79524
:10EAE000968DB88D76859785B7859785B7859685F8
:10EAF0009785B77DB785CF4BEB3A3154525CF464C0
:10EB0000356DB7853996B895B78DD78DF88D1A962E
:10EB1000B885D25B104B0D32ED395784B1522E3A85
:10EB20001574725B725B3153D78C6F3AB363757433
:10EB3000D0632F642E640E642E640E640E640E6423
:10EB40000E5CEE63EE5BEE63EE5BEE5BEE5BEE5B4C
:10EB5000EE5BEE5BCD5BEE5BEE5BCD5BCD5BCD5BF1
:10EB6000AD5BAD5BCD5BAD5BAD5BAD5BAD5BAD5B45
:10EB70008D53AD5BAD5B8D5B8C538D538C536C5360
:10EB80008C536C536C536C536C534C534C534C53CD
:10EB90004C532B534C532B532B4B2B532B4B0B4B7B
:10EBA0002B4B0B4B0B4B0B4BEA4AEA4AEA4AEA4225
:10EBB000EA4AEA42EA42CA42CA42AA42CA42AA42CD
:10EBC000A942A942A9428942A9428942894289426D
:10EBD000893A68426942483A683A483A37AE57AE8D
:10EBE00078B678B678B678B657AE57AE37AE37AE99
:10EBF00037A636A616A6F69DD595B595B48D948DF7
:10EC0000948D7385738573855385537D537D327DD4
:10EC1000327D537D537D537D538553855385538575
:10EC20007385738D748D9495B595B595D59DD69D49
:10EC3000F69D16A616A617A637AE37AE57B657B628
:10EC400058B658B678B678B678B658B678B658B6D4
:10EC500058B657B657AE57AE37AE17AE16A6F6A58E
:10EC6000D69DD59DB5959495948D748D538D328593
:10EC7000548DF15B8F3A1153736315531253125332
:10EC8000D552D552D3529142B26332954C3A4D5B34
:10EC9000EF730F6CEE6B50744F744F742E748F7C47
:10ECA0006F7C707CF28CCE6B694298CEB5ADF394DC
:10ECB000F06B937C779D3064F3741796757DF78DB8
:10ECC000D78D767D767DD78DB785B785F78D76859F
:10ECD000B785B785B685315CAA3211543154925C40
:10ECE0005575B7851896B88DD78D18961896B78D27
:10ECF000D88D7AA6F57C104B367C70422F3AB46BD7
:10ED0000D46B2E3A8F42D88CB04AAF42156C5674F1
:10ED1000336CF063EE632E640E640E640E640E6456
:10ED20000E5CEE5BEE63EE5BEE5BEE5BEE5BEE5B72
:10ED3000EE5BEE5BCD5BEE5BEE5BCD5BCD5BAD5B2F
:10ED4000CD5BCD5BAD5BAD5BAD5BAD5BAD5B8D536B
:10ED5000AD5B8D538D5B8C538D538C538C536C53A7
:10ED60006C536C536C536C536C534C534C534C530B
:10ED70004C532B534C532B532B4B2B532B4B0B4B99
:10ED80002B4B0B4B0B4B0B4B0B4BEA4AEA42EA4A21
:10ED9000EA4AEA42EA42CA42CA42AA42CA42AA42EB
:10EDA000A942A942A9428942A9428942894289428B
:10EDB000893A68426942483A683A483A57AE57AE8B
:10EDC00078B678B678B678B657AE57AE37AE37AEB7
:10EDD00037A636A616A6F69DD595B595B48D948D15
:10EDE000948D7385738573855385537D537D327DF3
:10EDF000537D537D537D537D537D537D5385538583
:10EE000073857385748D748D948D9495B595D59D0A
:10EE1000D69DF69D16A616A617AE37AE57AE57B6B8
:10EE200058B678B678B678B678B678BE58B658B6CA
:10EE300058B657B657B657AE37AE37AE16A6F6A584
:10EE4000D69DF59DD595B5959495748D738D538DFF
:10EE5000316CEE423253945B5353355B345B345B1D
:10EE60001353F352F452954A924A926B6D632D5BA1
:10EE7000906B0F6C0F6C5074EE6B2F74707C6F7412
:10EE80006F74D1842C53EC52B38C729D95A5F06BAA
:10EE9000F584905BB37CD69517969585178E967DF5
:10EEA000B685967D767DF88D767DD78D767DB78D0E
:10EEB000F88DF885767D926C892AF053F053925C38
:10EEC000356DB77DB785F88DF895189ED795B795B0
:10EED000F995398E1996F363725BCD29B14A167C88
:10EEE0008C21B14A97846F429042F36B156CB0420B
:10EEF000146C326CEE5B2E640E640E640E640E5C59
:10EF00000E64EE63EE63EE5BEE5BEE5BEE5BEE5B80
:10EF1000EE5BEE5BED5BEE5BEE5BCD5BAD5BCD5B2D
:10EF2000CD5BAD5BAD5BAD5BAD5BAD5BAD5B8D53A9
:10EF30008D538D5B8D5B8C538D538C538C536C53E5
:10EF40006C536C536C536C536C534C534C534C5329
:10EF50004C532B534C532B532B4B2B532B4B0B4BB7
:10EF60002B4B0B4B0B4B0B4B0B4BEA4AEA42EA4A3F
:10EF7000EA4AEA42EA42CA42CA42AA42CA42AA4209
:10EF8000A942A942A9428942A942894289428942A9
:10EF9000893A68426942483A683A483A57AE57AEA9
:10EFA00057B678B678B678B678B657AE57AE37AEAD
:10EFB00037AE16A616A6F69DD59DB5959495948D5B
:10EFC000748D7385738573855385537D537D327D31
:10EFD000327D327D327D327D327D3385338533859E
:10EFE0005385538D538D748D948D9495B595B595AA
:10EFF000D59DF69D169E16A637A637AE57AE37B6E8
:10F0000057B658B678B678B678B678B678B658B6F1
:10F0100058B658B658B657B637AE37AE37AE16A64E
:10F02000F6A5B79DB59DB49D9395738D9595337455
:10F030000F4B5153F563945B955B55537553555383
:10F04000335333531453B47C3253CE294F6C328D27
:10F05000ED4ACF63F063F063516C506C906C2F6499
:10F0600071740E53B16B9063CD4A77B6959D106C59
:10F070005274B57CD163357D189676859685B685B4
:10F08000146DF88DB785B785F88D7685968596854C
:10F09000D88DD88D9675F36C692AAF4B515C925C14
:10F0A000346D967DB7851896F895D78DB78D1896DF
:10F0B000F895F895F88DD88DF67C104BAC310E3262
:10F0C000B46BB46BB04AD042557496844E3A926396
:10F0D000767CB263136CCF5B0F642D640D5C0E64A1
:10F0E000EF5BEE63EE63EE5BEE5BEE5BEE5BEE5BC7
:10F0F000EE5BCE5BCD5BCD5BCD5BAD5BCD5BAD5BEE
:10F10000AD5BAD5BAD5BAD5BAD5BAD5BAD5B8D53E7
:10F11000AD538C538D538C538C538C536C536C5315
:10F120008C536C536C536C536C534C534C534C5327
:10F130004C532B534C532B4B2B532B4B2B4B2B4BBD
:10F140000B4B0B4B0B4B0B4BEA4A0B4BEA4AEA4A75
:10F15000EA42EA42CA42CA42CA42CA42AA42A94250
:10F16000A942AA42A94289428942894289428942E6
:10F17000693A68426942483A683A483A57AE37AE07
:10F1800057AE78B678B678B678B657AE57B657AEAB
:10F1900037AE16A616A6F69DF69DD595B595948D17
:10F1A000748D748D7385538553855385537D327D5E
:10F1B000327D327D327D327D327D537D32853385A5
:10F1C00053855385538D738D748D948D9495B5951A
:10F1D000D59DD59DF69D16A616A617AE37AE57AE91
:10F1E00057B657B658B678B658B678B678B678B631
:10F1F00078B678B658B657B637B637AE37AE17AE1C
:10F2000016A6B69DF6A59395B49D95959274505308
:10F21000715B925BD463F563955BB65B955B755BE5
:10F22000745B545B3353D363CD426F53D14AD46381
:10F23000F4840C4BAF5B316CCF5B31643064516C48
:10F240004F53505BB16B90635174558DF38435858A
:10F25000F05BD47C326C72645685D78D767D767D7A
:10F260005996357DF88DB78597859785978518963A
:10F27000B88D9785F785B2640822D04B515C9254C3
:10F280001465967DF895F895D78DB78DF895F89516
:10F29000F895B78DD88D1996D98DB67CEF4AD14A9D
:10F2A000946333630E3A9684725B2D3214747263E6
:10F2B000F04A146CF46BF263516CCD5B0D5C2E6400
:10F2C0000E5CEE63EE5BEE5BEE5BEE5BEE5BEE5BCD
:10F2D000EE5BCE5BCD5BCD5BCD5BAD5BCD5BAD5B0C
:10F2E000AD5BAD5BAD5BAD5BAD5BAD5B8D53AD5B06
:10F2F000AD5B8C538D538C538C536C538C538C530C
:10F300008C536C536C536C536C534C534C534C5345
:10F310004C534C532B532B4B2B532B4B0B4B2B4BFB
:10F320000B4B0B4B0B4B0B4B0B4BEA4AEA4AEA4A93
:10F33000EA42CA42CA42CA42CA42CA42A942A9428F
:10F34000AA42AA42A9428942894289428942693A2B
:10F35000683A69426942483A683A483A37AE37AE45
:10F3600057AE78B678B678B678B657B657B657AEC1
:10F3700037AE16A616A6F69DF69DD595B595948D35
:10F38000948D738D738553855385537D537D327D65
:10F39000327D327D327D327D327D327D327D3285ED
:10F3A0003385538553857385748D748D948D9495B1
:10F3B000B595B595D59DF69DF6A516A616A637AEBC
:10F3C00057B657B658B678B658B678B678B678B64F
:10F3D00078B678B658B657B637B637AE37AE17AE3A
:10F3E00016A6F6A5D59DF6A5B69DD37CB15BD25BDE
:10F3F000546CB35B5253D563D55BB55BB55B74534B
:10F40000945B946333536E3A5053B25B3453134B53
:10F41000156CF4846E4BD05B11643264736CEF52E4
:10F420004C3A337C6C3A8F5B758DB474F57C726C9E
:10F4300035857685F7957685D78D357D9685B78523
:10F44000967D19967685B78D567DB785D78DF88DC3
:10F450009785F88D967D715CA721F05331549254B5
:10F46000346DB6851896D78DD78D18961896F89561
:10F47000D78DD89519961996D88DF995F574735B33
:10F48000B0424C21988CF2528C219684F46BD04A75
:10F49000F46BF36B4D32B363346C1164EE5B0D5C53
:10F4A000EC5BEE5BEE5BEE5BEE5BEE5BEE5BEE5B16
:10F4B000EE5BCD5BCD5BCD5BCD5BAD5BCD5BAD5B2B
:10F4C000AD5BAD5BAD5BAD5BAD5BAD5B8D53AD5B24
:10F4D0008D538C538D538C538C536C538C538C5352
:10F4E0006C536C536C536C536C534C534C534C5384
:10F4F0002B534C532B532B4B2B532B4B0B4B2B4B3B
:10F500000B4B0B4B0B4B0B4B0B4BEA4AEA42EA4AB9
:10F51000EA42EA42CA42CA42CA42CA42A942A9428D
:10F52000AA42AA42A9428942894289428942894221
:10F53000683A69426942483A683A483A37A637AE6B
:10F5400057AE78B678B678B678B657B657B657AEDF
:10F5500037AE16A616A6169EF69DD59DB595949522
:10F56000948D738D73855385538553855385327D73
:10F57000327D327D327D327D327D327D327D327D13
:10F580003285538533855385538D738D748D949552
:10F590009495B595D59DF69DF6A516A616A637AEFB
:10F5A00037AE57AE57B678B658B678B678B678B69E
:10F5B00078B678B678B657B657B637AE37AE37AEF8
:10F5C00016A616A6F6A5F7A5F484F263D363756CA8
:10F5D000556C1464725393531564D55BB55BF56336
:10F5E000D5635353D142326C745BB7637353745B0E
:10F5F000D64A536CD57C0E43F163136471532D428C
:10F600006D422B327374526C8F53DA9D167DD47415
:10F61000F47417969585B785767D9685567DD78D3A
:10F6200096859785F88D35751996B7851896967DC8
:10F63000D78DD78DB785EF53A621315C31549254C5
:10F64000556DD785B78DD78DF89518961896B78DC7
:10F65000D78D19961896D88DD8853996198E146439
:10F660008F3AF46BF152904A914A767CD0425153D2
:10F67000F88C0D32515BD8845253957CEF630E6445
:10F680002D64EE5BEE5BEE5BEE5BEE5BEE5BEE5BEA
:10F69000EE5BCD5BCD5BCD5BCD5BAD5BCD5BAD5B49
:10F6A000AD5BAD5BAD5BAD5BAD5B8D53AD5B8D536A
:10F6B0008D538C538D538C538C536C538C536C5390
:10F6C0006C536C536C536C536C534C534C534C53A2
:10F6D0004C532B532B532B4B2B532B4B0B4B2B4B59
:10F6E0000B4B0B4B0B4B0B4BEA4AEA4AEA42EA4AFA
:10F6F000EA42EA42CA42CA42CA42CA42A942A942AC
:10F70000AA42AA42A942894289428942894289423F
:10F71000683A69426942483A683A483A37A637AE89
:10F7200057AE57B678B678B657B678B678B657AEFD
:10F7300037AE37A616A616A6F69DD59DB595B595F6
:10F74000948D738D738D5385538553855385327D89
:10F75000327D327D327D327D127D327D327D327D51
:10F76000327D3285328533855385538D538D748D2B
:10F77000948D9495B595D59DD69DF6A516A616A6FD
:10F7800037AE37AE57B657B657B658B678B678B61E
:10F7900078B678B678B658B657B657B657AE37AECD
:10F7A00017AEF6A517AE148D126C5574767C766C78
:10F7B000556C76741464725351531664F563777400
:10F7C000D463D042F0425674D5635453965BB6630B
:10F7D0009663B4539674F67C2F43504BAF3A2D3258
:10F7E000AE4253749053547433747153B57CF67CA9
:10F7F00093643475D685567D9685967DB7859685B6
:10F800001896B785567D18969685F88D767DF7857E
:10F81000F895D78D55750C3BE729525C3154D3646C
:10F820007675D7859785F895F895F8959785D78D4E
:10F830001896F88D9785F88DD88D1996188EB98DF4
:10F84000956CF363CD2990423B9D114B3574B363A6
:10F850000D32525B357CD042B363735B7474F063DA
:10F86000CD5BEE5BEE5BEE5BEE5BCD5BCD5BCD5BD4
:10F87000EE5BCD5BCD5BCD5BAD5BCD5BCD5BAD5B67
:10F88000AD5BAD5BAD5B8D538D53AD5B8D538D53D8
:10F890008D538C538D538C538C536C538C536C53AE
:10F8A0006C536C536C536C536C534C534C532B53E1
:10F8B0002B532B532B4B2B532B532B4B0B4B2B4B98
:10F8C0000B4B0B4B0B4BEA4AEA4AEA42EA42EA4A42
:10F8D000EA42EA42CA42CA42CA42CA42A942A942CA
:10F8E000AA42AA42A942894289428942894289425E
:10F8F000683A69426942483A683A483A37A637AEA8
:10F9000057AE57B678B678B657B678B678B657B613
:10F9100037AE37A616A616A6F69DF69DB595B595F3
:10F92000948D538D538D5385538553855385327DE7
:10F93000327D327D327D327D127D327D327D327D6F
:10F94000327D327D327D33855385538D538D538D7A
:10F95000748D94959495B595D59DD69DF6A516A6CE
:10F9600016A637AE57AE57B657B658B658B678B68D
:10F9700078B678B658B678B657B657B657AE37AEEB
:10F9800016A617AE7695937C7474967C967C966CCE
:10F99000966C5564556C356C7153534B1564B45368
:10F9A000D042314BB363955BF563D563B65BB55B12
:10F9B000F463D75BD45B3885B15B504B55742D3203
:10F9C0005474B4749053F04A125B546C346CB57434
:10F9D000157D978596855575B685B7859685D78D9E
:10F9E000767D9785B78D9785F88D9785B78DD78567
:10F9F000F8959785D364281A6942525C725C146545
:10FA0000756DD785F895F895F895B78DF895189692
:10FA10001896D785D88DF8951896B78DB795398EE5
:10FA2000F995F67C8F426F3A535BB67CD363D04234
:10FA30009363F573115B7053F46B3253D463747436
:10FA40001064ED5BEE5BEE5BCE5BED5BED5BEE5B66
:10FA5000CD5BCD5BCD5BCD5BAD5BCD5BCD5BAD5BA6
:10FA6000AD5BAD5BAD5B8D538D538D538D538D531E
:10FA70008D538C538D538C538C536C538C536C53CC
:10FA80006C536C536C536C536C534C534C534C53DE
:10FA90002B532B532B4B2B532B532B4B0B4B2B4BB6
:10FAA0000B4B0B4B0B4B0B4BEA4AEA4AEA42EA4A36
:10FAB000EA42EA42CA42CA42CA42CA42A942A942E8
:10FAC000AA42AA42A9428942894289428942893A84
:10FAD000683A69426942483A683A483A37A637AEC6
:10FAE00037AE57AE57B678B658B678B678B657AE82
:10FAF00057AE37AE17AE16A6F6A5F59DB595B595DA
:10FB00009495948D738D538553855385337D3285BC
:10FB1000327D327D127D127D127D127D127D127D2D
:10FB2000127D127D327D3285338553855385538511
:10FB3000538D948D9495B595D595D59DF69DF6A547
:10FB400016A616A637AE57AE57B637B658B658B63D
:10FB500058B658B658B657B657B637B637B637B69A
:10FB600037B63695947CB57CF684F67CB67CB67454
:10FB7000966C766C776C766C766CF04A7153104BA1
:10FB8000104316641764D65BD65B1664F663945311
:10FB9000D563376C366C525355741364CE3A346C5B
:10FBA000B153736C7474F04A2F3AF36B9474F88DFC
:10FBB000967D967D567DB785B785F88DD78D9785CF
:10FBC00096859685D78DF88D9785B785D78D59966B
:10FBD0007685D67DAE4B25118E4B5154B35CF46CBB
:10FBE000767DF78D1896D895B78DB78D199EF895B7
:10FBF000B78DD88DF8951996D78DB7851896199623
:10FC00001996D88DB674EF3AF7841353935B346C1E
:10FC10009674D0427363599D0D2AD88C9363525BBE
:10FC20003674EF63EE63CC5B0D5CCE5BCF5BCD5B7C
:10FC3000CD5BCD5BCD5BCD5BAD5BCD5BCD5BAD5BC4
:10FC4000AD5BAD5BAD5BAD5BAD5B8D5B8D5B8D53DC
:10FC50008D5B8C538D538C538C536C538C536C53E2
:10FC60006C536C536C536C536C534C534C534C53FC
:10FC70002B532B532B4B2B532B532B4B0B4B0B4BF4
:10FC80000B4B0B4B0B4B0B4BEA4AEA42EA42EA4A5C
:10FC9000EA42CA42CA42CA42CA42CA42CA42A94205
:10FCA000A942A942A942894289428942894289429C
:10FCB0006942683A6842483A483A483A37A637AE05
:10FCC00037AE57AE57B678B678B657B678B657B699
:10FCD00057AE37AE37AE16A6F6A5D69DD59DB595CF
:10FCE0009495948D748D538553855385327D3285DB
:10FCF0003285127D127D127D127D127D127D127D64
:10FD0000127D127D127D127D328533855385538598
:10FD10005385748D948D9495B595D59DD59DF69DFF
:10FD2000F69D16A617AE37AE37AE37B657B657B6EE
:10FD300057B657B658B637B657B637B658B638B6B8
:10FD4000759DB584F584168D1785F784F77C9674B8
:10FD5000B674766C566C766CD774F36BEF42346C79
:10FD6000566CF6631764376416641764F663176C91
:10FD7000D663366CD45BF463314BF363F263336464
:10FD8000304B304BF46BD36B4E3AEF42F57CB78D72
:10FD9000D785567D9785967DB785B7859685767D7F
:10FDA000B78DF78DB785D78D9685F88DF88D967DB3
:10FDB000D78513758611AB3A515C7254D36455756F
:10FDC000D7851896D78DD78DD78D1896D78DD88D86
:10FDD000D78DF895F895D78DD78DF8951896D78D3E
:10FDE0009785D88DDA953364B253335B356C79954A
:10FDF000EF423474F5730D32B78431536F4215748A
:10FE0000535B5374F063EE5BCC5BCD5BCE5BCD5B41
:10FE1000CD5BCD5BCD5BCD5BAD5BAD5BAD5BAD5B22
:10FE2000AD5BAD5BAD5BAD5BAD5B8D5B8D5B8D5BF2
:10FE30008C538D538D538C538C538C536C536C5308
:10FE40006C536C536C534C536C534C534C534C533A
:10FE50002B532B532B4B2B532B530B4B0B4B0B4B32
:10FE60000B4B0B4BEA4A0B4BEA4AEA42EA4ACA4AB4
:10FE7000CA42CA42CA42CA42CA42AA42CA42A94263
:10FE8000A942A942A94289428942894269428942DA
:10FE90006942683A6842683A483A483A16A637AE24
:10FEA00037AE57AE57B678B678B678B678B657B696
:10FEB00057AE37AE37AE16A6F6A5F69DD59DB595CD
:10FEC0009495948D738D538553855385527D327DE2
:10FED000327D127D127D127D127D127D127D127D8A
:10FEE000127D127D127D127D3285328533855385D8
:10FEF00053855385748D948D9495B595D59DD59DD9
:10FF0000D69DF6A516A616AE37AE37B637B657B697
:10FF100057B657B657B657B637B658B638B6969D91
:10FF2000D384F68C3795168D178D1785D77CD674AC
:10FF3000D774766C766C566C966C10437253725311
:10FF4000725377741664376436641664366C166CB4
:10FF5000376CD5631143D35B1043304BD67CF35BD6
:10FF6000F04A4F429042D46BB25B9574946CF57C2E
:10FF7000567DB7859785B785B785767D9785B78593
:10FF8000D88DB785B785B785D78DD78DD78DB67DF9
:10FF90007575CB3A46110F54515CB35C146D968560
:10FFA000F88DF78DD78DD88DF895D78DB78DD88DE5
:10FFB000F8951896F88DB78DF88D1996F88DD88D1F
:10FFC000D88DF9951A9657855464B042114BB36396
:10FFD0003474B36BD0529684725B3153F46BD46B30
:10FFE000D04A925B5474AF5BCE5BED5B0D5CCD5B36
:10FFF000CD5BCD5BCD5BCD5BCD5BAD5BAD5BAD5B21
:020000040001F9
:10000000AD5BAD5BAD5BAD5BAD5BAD5B8D538D5BF8
:100010008C538D538D538C536C538C536C536C5346
:100020006C536C536C536C534C534C534C534C5358
:100030002B532B532B4B2B532B530B4B0B4B0B4B50
:100040000B4B0B4BEA4A0B4BEA4AEA42EA4ACA42DA
:10005000CA42CA42CA42CA42CA42AA42CA42A94281
:10006000A942A942A94289428942894269428942F8
:100070006942683A6842683A483A483A16A617AE62
:1000800037AE57AE57B678B657B678B678B657B6D5
:1000900057AE37AE37AE16A6F6A5F69DD59DB595EB
:1000A0009495948D748D5385538553855385327DF6
:1000B000327D127D127D127D127D127D127D127DA8
:1000C000127D127D127D127D127D3285328533853F
:1000D00053855385738D748D9495B595B595D59D40
:1000E000D59DD69D16A616A617AE17AE37B637B64F
:1000F00037B657B637B678B658B658B6969DF48C1C
:10010000D48437957895178517851785B674D67476
:10011000B674D774D77CD35B30439253766C366C0D
:100120001143324B76743664576C576CF5637774B1
:100130001564F14276746E2AB35BD67C714B598D8F
:10014000114BEE392F3AD363756CD67CF67C504355
:10015000946CD98DB88DB785967D9785D88DF88D9F
:10016000B785767DD78DB7851896B785B785B6855F
:10017000EF4325114E539154515CF464767DF78D15
:10018000F78DB78DD78D1896F895B78DD78DF895D3
:10019000F895D88DD78DF88DF88DD88DD88DD78DD1
:1001A0001996D88DD88DF9951A9E967CCF42D78412
:1001B0009263B36B9263F46B4E3AD36BF46B4E3A2B
:1001C0003574D56BF14AF36BCF5BCD5BEC5BCD5BEC
:1001D000CD5BCD5BAD5BAD5BCD5BAD5BAD5BAD5B7F
:1001E000AD5BAD5BAD5BAD5BAD5B8D5B8D5B8D5337
:1001F0008D538D538C538C538C536C536C536C5365
:100200006C536C534C536C534C4B4C534C534C539E
:100210002B532B532B4B2B532B530B4B0B4B0B4B6E
:100220000B4B0B4BEA4A0B4BEA4AEA42EA4ACA42F8
:10023000CA42CA42CA42CA42AA42CA42CA42A9429F
:10024000A942A942A9428942894289426942894216
:100250006942683A6842683A483A483A16A637AE60
:1002600037AE37AE57AE58B657B678B678B678B61A
:1002700057B657AE37AE16A616A6F69DD59DB595C0
:10028000B595948D748D538D538553855385327DEB
:10029000327D127D127D127D127DF27CF27C127D08
:1002A000127D127D127DF27C127D127D127D3285CF
:1002B00032855385538D748D748D9495B595B59D08
:1002C000D59DD59DF6A5F6A516A616AE17AE17AE0A
:1002D00037AE37B637B638B638B6969DF58C168D2C
:1002E000F68CD584378D378D1785F77CF77CD774DE
:1002F000B67496743564D35B915B355C566C976CC1
:10030000366411433043566C776C366CB774D45BEB
:10031000B45BD35BB03A9674B2533464D67CF0428B
:10032000146C314B346C7885D56CD574F25B346CBD
:10033000DA9D5BA6F995967DB785D78DB785B7858C
:100340009785D78DB7851896B785F88DD78D547555
:10035000AB32492AB26C304C525C3575B785F88D9A
:10036000B78DD78DF7951896D78DB78DF88DF895F1
:10037000F78DB78DD88D1896D88DB785D78D1996EE
:10038000D88DB78D9785D88DF88DB88D135CF363B4
:10039000F04AF46BD6848F42D78C525B2D321574A1
:1003A000725BB042F56B9363B15BCF5BCD5BCD5BB2
:1003B000CD5BAD5BCD5BCD5BAD5BAD5BAD5BAD5B9D
:1003C000AD5BAD5BAD5B8D5BAD5B8D538D538D5385
:1003D0008C538C538C536C536C536C536C536C53C5
:1003E0006C534C536C534C4B4C4B4C534C534C53E5
:1003F0002B532B532B4B2B532B530B4B0B4B0B4B8D
:100400000B4B0B4BEA4A0B4BEA4AEA42EA4ACA4216
:10041000CA42CA42CA42CA42AA42CA42CA42A942BD
:10042000A942A942A9428942894289426942894234
:100430006942683A6842683A483A483A16A637AE7E
:1004400037AE57AE57B658B657B678B678B678B610
:1004500057B637AE37AE37A616A6F69DD59DD595BD
:10046000B5959495748D538D538553853385327D21
:10047000327D127D127D127D127DF27C127D127D05
:10048000F27C127D127DF27C127D127D127D127D36
:10049000127D32853385538D748D948D949594950A
:1004A000B595B59DD69DF6A5F6A5F6AD16AE17AEDB
:1004B00017AE37B637AE38B6B6A5F48CF68C589D65
:1004C0003895D584B57C17851785F77CD77CD7748C
:1004D0003885B774314BF363B57C9664766C3664BB
:1004E000B774556C0F43524B976CB774F563D45B7C
:1004F0009353935335643564766C1464B353156C1D
:100500007253135C978536755775B5749574D78497
:10051000188D988D567D188EB785D785B785B78588
:10052000D78DF88DB785D78DD78DF78DB785136D9E
:10053000AB42CA3250541054B364567DB785D78D40
:10054000D78DF895F795D78DD78D188E1896F78D8E
:10055000D78DF88DF895D88DB785D78DD78DD88D57
:10056000F88D96851996D785F88DB7857885557459
:10057000D042CF42304BB78C11534E3AF46BD46B10
:1005800011539263156CB042F46BF163AF5BCD5BBA
:10059000CD5BAD5BCD5BAD5BAD5BAD5BAD5BAD5BDB
:1005A000AD5BAD5BAD5B8D5BAD5B8D5B8C538D539C
:1005B0008C538C538C538C536C536C536C536C53C3
:1005C0006C534C536C534C4B4C4B4C534C534C5303
:1005D0002B532B532B4B2B532B530B4B0B4B0B4BAB
:1005E0000B4B0B4BEA4A0B4BEA4AEA42EA4ACA4235
:1005F000CA42CA42CA42AA42CA42CA42CA42A942DC
:10060000A942A942A9428942894289426942894252
:100610006942683A6842683A483A483A16A616A6C5
:1006200037AE57AE57AE57B678B657B658B658B677
:1006300057B657AE37AE17AE16A6F6A5D59DB59DE3
:10064000B5959495748D538D538553853385327D3F
:10065000327D127D127D127D127DF27CF27CF27C65
:10066000F27CF27C127D127D127D127D127D127D54
:10067000127D128533853385538D738D748D9495DA
:100680009495B595D59DD69DF69DF6A516A636AE44
:1006900016A616AE58B6769D158DF584578D5895CD
:1006A0005895378DB57C957417851785F77C756CD3
:1006B000556CB25B9153556C966C766C766C766C1F
:1006C000976C7664B66C10439253556C514BB35B88
:1006D0007253914B145C766C7253D35B935B535B98
:1006E000B25BD98D567D1675956C7785F574B574AA
:1006F000F77C7995999518961896767DB785B78584
:10070000F88DB7859685F88DF88DB7859685136534
:100710000C438A32305C3054D36475759685D78D1E
:10072000189EF895B78DD78DF88DF88DD78DD78D0C
:10073000D78D1896F88DB785D88DF8951996978529
:10074000D88DF88D1996D88DB785F88D198ED98DDD
:100750003464AF4A6F52525310531474757CD042B4
:10076000D463547CAD21F88CF04A1353B46BAE5B68
:100770008D53CD5BAC5BAD5BAF5BAD5BAD5BAD5B40
:10078000AD5BAD5BAD5B8D5B8D5B8D5B8C538D53DA
:100790008D536C538C538C536C536C536C534C5320
:1007A0006C534C534C534C534C534C534C532B5352
:1007B0002B532B532B4B2B4B2B4B0B4B0B4B0B4BD9
:1007C0000B4BEA4A0B4BEA4AEA4AEA4AEA42CA4275
:1007D000CA42CA42CA42CA42AA42CA42CA42A942FA
:1007E000A942A942A9428942894289426942694291
:1007F000694268426842683A483A483A16A616A6DC
:1008000037AE57AE57AE57B678B657B658B658B695
:1008100078B657AE37AE37AE16A6F6A5D69DD59D9F
:10082000B5959495748D538D538D53853385327D55
:10083000327D127D127DF27CF27C127DF17CF174AE
:10084000F174F17C127DF27CF27C127D127D127DBE
:10085000127D1285328533855385538D738D748D4A
:10086000948D9495B595B59DD59DF6A5F6A5D5A580
:1008700016AE17AE9595B484F58437957895588D56
:10088000588D178D178D7574546CF67C178596747A
:10089000B253B25BB674B66CD76C776CB774766CC7
:1008A000966CB76CB76CB674514B8F32556C104365
:1008B000F35BF674B253756C9253B35B356CAF3A1D
:1008C000F35BB574D995B46C577D15753675F574B1
:1008D000788DB99DB67C936C167DF895D88DF88D82
:1008E000967DD78DD78DD78DD78DB785D78D546D04
:1008F0002C3B6A3251645154D3645575B7851896B0
:10090000B78DD78DB78DD78D1896F88DB78DD78DBC
:100910001896F88DB78DD88DF88DF895B78DB88D60
:10092000F88DF88DD88DD88DD88DB78DD885D88590
:1009300098857574AF4AD0421474F794CB29557CCE
:10094000F46B0E32F78CD14AB14A515B545BD163E0
:10095000AF5BCE5BCD5BCD5BAE5BAD5BAD5BAD5BF3
:10096000AD5BAD5BAD5B8D538D5B8C538D538D5308
:100970008D536C538C536C536C536C536C534C535E
:100980004C534C534C534C534C532B534C532B53B1
:100990002B4B2B532B4B0B4B2B4B0B4B0B4B0B4B1F
:1009A0000B4BEA4A0B4BEA4AEA42EA4AEA42CA429B
:1009B000CA42CA42CA42CA42AA42CA42CA42A94218
:1009C000A942A942A94289428942894269426942AF
:1009D0006842684268426842483A483AF6A516A614
:1009E00037AE37AE57AE57B678B657B658B678B6B4
:1009F00078B657B657AE37AE16A6F6A5F69DD59D76
:100A0000B59D9495948D738D538D53853385327D2B
:100A1000327D127D127DF27C127DF27CF27CF174CB
:100A2000F174F27CF27CF17CF17CF27CF27C127D40
:100A3000127D12851285128533855385538D538D12
:100A4000748D948D94959595B59DB59DB59DF6A5A0
:100A5000F7A55595B37CD584168D578D378D1785A1
:100A60003885378D1785F784756C546CB674D25BF6
:100A700075749574B674B66CB76C976C976CB774E4
:100A8000766C766CD774356C72533464F042D35BF9
:100A90001464F35B5564924BF45BD35B314B578525
:100AA000B674F363D67C367DD88D3675F574D574FF
:100AB000F99DD99DB574B67CF67CD995B78DB68570
:100AC000B67DD78DF78DB785B785D78DD78D346532
:100AD0002D43492A71645154925C5575D785D88D40
:100AE000D78DB78DD78D1896F88DD78DD78DF88D7A
:100AF000F88DB785D78DD88DF88DB78DB785F98DE1
:100B0000F88DD88DB885D88DF98DB78DD885977D1E
:100B10001A8EB98D34648F3ACF4A6E4296847263CE
:100B20006F42D88CD14A325B11539684CF4A93637B
:100B3000915B8F5BAD5BCD5BAC5BAD5BAD5BAD5B90
:100B4000AD5BAD5B8D538D5B8D538C538D538C534F
:100B50008C538C536C536C536C536C536C534C537D
:100B60004C534C534C534C534C532B534C532B53CF
:100B70002B4B2B532B4B0B4B2B4B0B4B0B4B0B4B3D
:100B80000B4BEA4A0B4BEA4AEA42EA4AEA42CA42B9
:100B9000CA42CA42CA42CA42AA42CA42CA42A94236
:100BA000A942A942A94289428942894269426942CD
:100BB0006942684268426842483A483AF69D16A639
:100BC00037AE37AE37AE57B658B657B658B678B612
:100BD00078B657AE57AE37AE16AEF6A5F69DD59D94
:100BE000B59D9495948D748D538D53853385327D49
:100BF000327D127D127DF27C127DF17CF27CF174EB
:100C0000F174F27CF27CF174F174F17CF17CF27C91
:100C1000F27C127D127D127D328533855385538D92
:100C2000738D748D748D9495B5959595B69DF7A536
:100C3000358D937C7374378D378D178517851785A0
:100C400017851785F77CD67CF78495749153D25B12
:100C5000B674D674966C966CB76CB76C966C766CF2
:100C6000B774D77CF45BD35BD35B10431464D35B62
:100C7000356C5464D353966CB353345C56649464AB
:100C8000D674B353346C736C978D1575F574167DEB
:100C90005AA6F99D157DBAA595741264B46C188E88
:100CA000178E9685B785B785D78DF78D978514658F
:100CB0006D43492A515C304C925C7675B785F88D4E
:100CC000B78DF895F895F88DB78DD78D1896F88D66
:100CD000B785B78DF88D18969785B78DD88DF98D16
:100CE000D88DB785D88DF88DF88D9785D88DF885F6
:100CF000F985D885777D3464F042D04A115B525B28
:100D0000D36B325BCF311053F78C6C21D68C3353BD
:100D1000D14AF36B6E53AD5BCC5BAD5BAD5BAD5B52
:100D2000AD5B8D53AD5B8D538C538D538C538C5376
:100D30008C536C536C536C536C536C536C534C53BB
:100D40004C534C534C534C532B534C534C532B53ED
:100D50002B4B2B532B4B0B4B2B4B0B4B0B4B0B4B5B
:100D60000B4BEA4A0B4BEA4AEA42EA4AEA42CA42D7
:100D7000CA42CA42CA42CA42AA42CA42CA42A94254
:100D8000A942A942A94289428942894269426942EB
:100D90006942684268426842483A483AF69D16A657
:100DA00016A637AE37AE57AE58B658B678B678B640
:100DB00078B657B657AE37AE37AE16A6F6A5D69D5F
:100DC000D59DB5959495748D538D53853385327D1E
:100DD000327D127D127DF27C127DF27CF174F17411
:100DE000F174F174F27CF174F174F174F174F27CC9
:100DF000F17CF27CF27C127D127D32853285538546
:100E0000538D538D738D748D94959495D69D1585C2
:100E1000336C957CF684F784F784F78417851785FF
:100E2000177DF77CF77CF77C546CD25BD25BD25B8E
:100E30009674D774B76CF774966CB66CB76CB6745E
:100E4000B6741464B2531043714B92531364756CAF
:100E5000714B5464345C145CB66CF774D76C3775A2
:100E60001354914BF67C536C1685367DD995578576
:100E7000199E5AA6978D1364D67C16855364F99DE6
:100E8000978DB785B785D78DF88DD78D7685756D9C
:100E9000CF53292A305C304CD3647575B68597855D
:100EA000F895F895F88D9685F88D1896D78DB78DAD
:100EB000B78D1896D78D9685F88DD88DD88DB88535
:100EC000B785B88DF88DF88DB785D88DB885D8855C
:100ED0009785977DF985998D756C2E2A3253D46B41
:100EE000B36BEE313474367C6C21178DF152B14204
:100EF000D66BB142F36BF06B8D5BAD5BAD5B8D532D
:100F00008D53AD5BAD538C538D538C538C538C539D
:100F10008C536C536C536C536C536C536C534C53D9
:100F20004C534C534C534C532B534C534C532B530B
:100F30002B4B2B532B4B0B4B2B4B0B4B0B4B0B4B79
:100F40000B4BEA4A0B4BEA4AEA42EA4AEA42CA42F5
:100F5000CA42CA42CA42CA42AA42CA42CA42A94272
:100F6000A942A942A9428942894289426942694209
:100F70006942684268426842483A483AF69DF6A596
:100F800017AE37AE37AE57B657B658B678B678B64E
:100F900078B657B657AE57AE37AE16A6F6A5F69D3D
:100FA000D59DB5959495748D538D53853385327D3C
:100FB000327D127D127DF27C127DF17CF174F17430
:100FC000F174F17CF17CF174F174F174F17CF27CD8
:100FD000F27CF17CF27C127D127D327D327D328595
:100FE0003385538D538D538D748D94951385326C49
:100FF000346CD684D684B67CF784F77CF77CF77C97
:10100000F77CF774F77CB674F35BF263D67C915B84
:10101000B253B76CB76C966CB66CB66CB66CD774D2
:1010200035641043346C314B514B756C7153346CD7
:10103000F363B24B966C345CB66CD76CB664B66C2A
:10104000377D367D736C7474757C936C978D568583
:10105000D8955AA6D795956C746C3785746C957431
:1010600074743896F78DD78DB7859685B78D756D65
:10107000AF532822505C304CB25C346D9685F895A5
:10108000D795D78DB785D78DF88DF88DB78DD78D3E
:10109000F88DF88DB78DB78DD78DF88DD88D978554
:1010A000D88DF88DD88DB7859785D885D88DB7859B
:1010B0009785D885B785D985187DF45B3353B3639D
:1010C0004D32557CB36BAF4A15741253D14AF46B51
:1010D000535B703A1253B1638F5BAC5BAD5B8D5366
:1010E000AD5BAD538D538C538D538C538C538C53BC
:1010F0006C536C536C536C536C536C536C534C5318
:101100004C534C534C532B534C534C534C532B5329
:101110002B4B2B532B4B0B4B2B4B0B4B0B4B0B4B97
:101120000B4BEA4A0B4BEA4AEA42EA4AEA42CA4213
:10113000CA42CA42CA42CA42AA42CA42CA42A94290
:10114000A942A942A9428942894289426942694227
:101150006942684268426842483A483AF69DF6A5B4
:1011600016A637AE37AE57AE78B658B678B678B65C
:1011700058B657B637B637AE37AE16A6F6A5F69DB3
:10118000D59DB5959495748D738D53853385328532
:10119000327D127D127DF27CF27CF17CF27CF17466
:1011A000F174F174F17CF174F174F174F174F1740F
:1011B000F174F17CF27CF27C127D127D127D13853C
:1011C000128552855285538D9495B47CD163F26318
:1011D00013649574B67CD77CF784F67CF76CD7746F
:1011E000F784F87C966CD353B674D77CF77CB77CC5
:1011F0009253914BD774966CB66CB66CF77C346492
:10120000D35B92538F3AF35B3464925334649253BA
:10121000F35BB66CD2535564756496649664B66499
:10122000F76C577D5364F25B536CF67CF57C568DFE
:1012300059A67BAE778576857685157D578D957415
:10124000D3631796D88D3A9E3675D885F77D767D0F
:10125000AE4B0822516431549354146D9785F88D28
:10126000D88DB785F785F895F78DB685B78DD89564
:10127000F88D9785B785F88DF88DD88D9785B885C9
:10128000D88DB88DB8859785D88DF98DB785977D20
:10129000B885D98DB885977DB885787DB3538F4251
:1012A0002E42D363356C967CD4630E2A1574736317
:1012B0002D32B14A3474D14A525B8D53AC53AC5B7E
:1012C0006E53AE5B8B538D538D538C538C538C5319
:1012D0006C536C536C536C536C536C536C534C5336
:1012E0004C534C534C534C534C532B532B532B5369
:1012F0002B532B4B2B4B2B4B0B4B0B4B0B4B0B4BB6
:101300000B4BEA4A0B4BEA4AEA42EA42EA42CA4239
:10131000CA42CA42CA42CA42CA42AA42AA42A942CE
:10132000A942A942A9428942894289426942694245
:101330006942684268426842483A483AD59DF69DFB
:1013400016A637AE37AE57AE57B657B678B678B69C
:1013500058B657B637B657AE37AE16A616A6F69D90
:10136000D59DB5959495948D738D538D5385338507
:101370001285127DF27CF27CF17CF27CF174F174C6
:10138000F174F174F17CF174F174F174F174F1742D
:10139000F174F17CF17CF17CF27C127D127DF27CA7
:1013A0005385117D3285548D927470531264747418
:1013B000136CD363346CD774B67CB674F86CF77462
:1013C000126CB684B15B704B556C966C7664976CFE
:1013D000B56C914B524BD774B674B67455641043C8
:1013E0001043314B346C714B34643464714B756C05
:1013F000F35BD353B66C345C756496649664B664E0
:10140000B66CF674167D167DB46C94749474B47CCA
:10141000FDBED8957785757D7685325C5364B5744D
:1014200075743685778DB474F89DB785F785146D1E
:10143000CF4B2822AE53AE43314C346DB785D88D97
:101440009785B78DD68D97959685F78DD78DF8951D
:10145000D785D88DF88DB88DD88DB885D88DD98D94
:10146000B88DB88D9785D88DD88DB885B885988575
:10147000D985B885987D9885D885F985387DF463B8
:10148000B04A114B977C767C0D2AF98CD152CD292C
:101490001253D26B335B1153F35271538F538C53EE
:1014A000AC5BAD5B6D538D5B8D5B8D538C538C53FF
:1014B0006C538C538C536C536C536C536C534C5314
:1014C0004C534C534C534C534C532B532B532B4B8F
:1014D0002B4B2B4B0B4B0B4B0B4B0B4B0B4B0B4B1C
:1014E0000B4BEA4A0B4BEA42EA42EA42EA42CA4260
:1014F000CA42CA42CA42AA42CA42A942AA42A9420E
:10150000A942A94289428942894289426942694283
:1015100069426842483A6842483A483AD59DF69D41
:1015200016A617A637AE37AE57B658B658B658B641
:1015300058B657B637B657AE37AE17AE16A6F69DA5
:10154000D59DB595B595948D748D538D5385328504
:101550003285127DF27CF27CF17CF17CF17CF174BD
:10156000F174F174F174F174F174F174F174F17453
:10157000F174F174F174F174F17CF27CF27C117D00
:10158000F17C33851485326C4F4B9253346C556C1F
:101590009574F363D35BB5749674766CD86C756C84
:1015A000B7A5B7AD97A5F8AD39B63AAE1AAE5AB6EB
:1015B0005AAE7AB61043514BF77C3464714B3464A5
:1015C000AF3A304B5574F35B714B3464145CB253D7
:1015D0005564145C145C966C756496649564D66C62
:1015E000B66CB56C167D7785D574B36CD57CB57C3F
:1015F000788D1A9EB88D9685357DB46C7785788DFB
:10160000D995B35B747C59BE1BCFDBBEB68D366DEE
:10161000F0538D5317B6D6A558AE1365967D9685B3
:1016200039A6FBC6DAC69AB6F795D785D88D978DB9
:10163000B7851996F88DD88D9785D88DF98DD88D69
:10164000B8859885F98DD88D9885B785B885B88582
:101650009885987D987D988598859875B985587DE9
:10166000D353D463767CB042B88C904ACD3190424B
:10167000157493634E3AB88C7042F24A11538F5BE3
:10168000AA5BAB538E5B8D538D538C538C538C5311
:101690008C538C536C536C536C536C536C534C5332
:1016A0004C534C534C534C534C532B532B532B53A5
:1016B0002B4B2B4B0B4B0B4B0B4B0B4B0B4B0B4B3A
:1016C0000B4BEA4A0B4BEA42EA42EA42EA42CA427E
:1016D000CA42CA42CA42AA42CA42A942AA42A9422C
:1016E000A942A942A9428942894289426942694282
:1016F00069426842483A6842483A483AD59DF69D60
:1017000016A616A637AE37AE57AE57B658B658B669
:1017100058B658B637B657B637AE17AE16A6F6A5B2
:10172000D69DB595B595948D748D538D5385328521
:101730003285127DF27CF27CF27CF174F17CF174E2
:10174000F174F174F174F174F174F174F174F17471
:10175000F174D174D174D174D174F17CF27CF07CC9
:10176000D17C3485736C504B5053556414641464AD
:101770009674756C1464B1537574766CB76CF35BC6
:101780005DDFFFFFFFFFFEFFFEFFFEFFFFFFDDF758
:10179000FEFFFFFFF36B514B3043D35B1464514B9F
:1017A000346CF36392533464135C3043756C145C93
:1017B000D353155C5564345C75647564B66C95647C
:1017C000B66CF66CD674F674B56C157DF25BF78466
:1017D00017851AA6BBAE557DD46C157D199EB46CC9
:1017E000736C735B98A5FFFFFEF7FFFFF7AD566DB7
:1017F000CF4B17B6FFFFFFFFFFFFF35C967DB6856B
:10180000FBBEFFFFFFFFDFE759A6F88D9785B88D78
:10181000D88DF98DB88D9785D88DD88DD88D988530
:10182000B885D98DB885B8859885B885D885D98D7E
:10183000777D987DB885B98D987D5775B97DB985C7
:101840005875314B6F3A2E3A125B904ACD319884DD
:10185000F04AEE31BAA5CE29735BF573924AF25283
:101860006D5BAB5B8C538D538D538C538C536C538E
:101870006C536C536C536C536C536C536C534C5390
:101880004C534C534C532B532B532B532B532B4B0D
:101890002B4B2B4B2B4B0B4B0B4B0B4B0B4B0B4B38
:1018A000EA4A0B4B0B4BEA42EA42EA42EA42CA429C
:1018B000CA42CA42CA42AA42CA42A942AA42A9424A
:1018C000A942A942A94289428942894269426942A0
:1018D00069426842483A6842483A483AB59DF69D9E
:1018E000F6A516A617AE37AE57AE57B657B658B6CA
:1018F00058B658B657B657B637B637AE16AEF6A581
:10190000F6A5D595B5959495748D738D53853285CF
:101910003285127DF27CF27CF27CF174F174F17408
:10192000F174F174F174D174D174D174D174D1742F
:10193000D174D174D174D174D174D174F174F17C37
:101940003485526C0F43514BD363F45BF45B3564C5
:101950001464756C966CF35B91531785766C0F432A
:10196000FBD6FFFFDEF7DEFFDDF7DEF7DEFFDEFF93
:10197000DEF7FFFFB684346CB2537153714BB25B28
:10198000D35B556CF363B253556C3464724B345C67
:10199000345C355C766456645564B66C9564B66C9C
:1019A000956CF674D66CF674377D978578853464BB
:1019B000DA9D3785F5745685978D978D7685D46C2D
:1019C0001575756CF9ADFFFFDDFFFFF79AC6976DD2
:1019D000AF4B759DFFFFBEFFFFFF734C967DB78534
:1019E000BABEFFF7BDFFBEF738A6977DF98DD88D3B
:1019F000F88D98859785D88DD88DD88D9785977DCA
:101A0000D985B885B885977DB885D985B885977DFE
:101A100098859885B8855775787D987D987D787577
:101A2000987D597D145C9042B14A535BD9842E3A1B
:101A3000735B757CCE29B36BD56B8F4A8E31524266
:101A4000F1528F5BAC5B8D538D538C536C538C5325
:101A50006C536C536C536C536C536C536C534C53AE
:101A60004C534C532B534C532B532B4B2B532B4B33
:101A70002B4B0B4B0B4B0B4B0B4B0B4B0B4BEA4AB8
:101A80000B4B0B4B0B4BEA42EA42EA42EA42CA4298
:101A9000CA42CA42CA42AA42CA42A942AA42A94268
:101AA000A942A942A94289428942894269426942BE
:101AB00069426842483A6842483A483AD59DF69D9C
:101AC00016A616A637AE37AE57AE37B658B658B6C6
:101AD00058B658B657B657B637B637AE16AE16A67E
:101AE000D6A5D595B5959495748D538D538532852E
:101AF000127D127DF27CF27CF27CF174F174F1744F
:101B0000F174F174F174D174D174D174D174D1744D
:101B1000D174D174D174D174D174D174F17412852B
:101B2000F05B0E43304BB25BB25BF55BF55B35644B
:101B300035643564756C966CD25B3364B14B2F4B56
:101B40003CDFFFFFBEF7FFFF779DD99DFB9DBBA547
:101B5000B99D5BB6D45B724BF25B5153514B7674BB
:101B6000925314645564F35BB25355645564F35354
:101B700055645664355C766C766495649564956CB2
:101B8000B56CF674D66CF66CF66C377DF674326410
:101B90001AA6788D756CF895189ED895D46C567DDC
:101BA000B78DB78DF8A5FFF7BEF7FFFF17AE766DBF
:101BB00030546D4B959D7595B695F66C977DB785B0
:101BC000BAB6FFF7DDFFBEF718A69785D98DF99550
:101BD000F78D9885B88DB88DD88D98859885D985DD
:101BE000D985B885777DB885F98DB885977D988535
:101BF00098859885577D987D787D9885787D5775EF
:101C0000777DBA7D597D7253B0429774734B94635C
:101C1000D46BB04A115315749042AF390E420E3A4C
:101C20007042F04A8E538C538C538C536C538C53AC
:101C30006C536C536C536C536C536C536C534C53CC
:101C40004C534C532B534C532B532B4B2B532B4B51
:101C50000B4B2B4B0B4B0B4B0B4B0B4B0B4BEA4AD6
:101C6000EA4A0B4B0B4BEA42EA42EA42EA42CA42D8
:101C7000CA42CA42CA42AA42CA42AA42AA42A94285
:101C8000A942A942A94289428942894269426942DC
:101C900069426842483A6842483A483AB59DD59DFB
:101CA000F69D16A637AE37AE57AE37B657B658B60E
:101CB00078B658B657B657B637B637AE17AE16A67B
:101CC000F6A5D59DB59D94959495738D538D3385CB
:101CD00032851285127DF27CF174F17CF174F1741D
:101CE000D174D174D174D174D174D174D174D174CC
:101CF000D174B274D174F07CD074F17C1285D1634C
:101D00006C32104B935B9353B453F453F45B355CD8
:101D1000355C3664365C566C35744F4BEE3AD263A4
:101D20005DE7DFFFDDF7FFFFD45B575C7664566449
:101D3000D774766C3143546C2E4B5343756C1043FF
:101D40007564B24BB15BB664924352431664366419
:101D5000345C565C565C7664355C9664755C956460
:101D6000B66C96649664F674F574F6741675998D6F
:101D70007CAE167DD353D46417859895D36CB68505
:101D80005675967D558DBEF7FEFFFFFFF9AD325CAF
:101D9000B36428224D43CF43314C366D9775777D20
:101DA0009ABEFFFFFEFF9EE7199ED985B885D885AC
:101DB000B77DB785B98D9985B7859785B885B8857D
:101DC00099859A85D985987DD985587D9985B985D4
:101DD000987D787558759975B97D997D596D797526
:101DE000587DB97D997DF76C524B1253EF39D56B05
:101DF000F14AAE2957845042CE3110422F3A4E3A22
:101E00004E3A904A914A8D5B8D5B6C536C538C5368
:101E10008C536C536C536C536C536C536C534C53CA
:101E20004C534C532B532B532B532B4B2B532B4B90
:101E30000B4B2B4B0B4B0B4B0B4B0B4B0B4B0B4BD2
:101E4000EA4A0B4BEA4AEA42EA42EA42EA42CA4218
:101E5000CA42CA42CA42AA42AA42A942A942A942C5
:101E6000A942A9428942894289428942694269421A
:101E7000694268426842483A483A483AB595D59D21
:101E8000F69D16A617AE37AE57B637B657B658B644
:101E900058B658B658B657B637B637AE37AE16A698
:101EA000F6A5D59DB59D95959495748D538D5385C7
:101EB00033851285127DF27CF174F17CF174D1745A
:101EC000D174D174D174D174D174D174D174D174EA
:101ED000B174D274D174B074D074F27CCF5B4C32D4
:101EE00051535253535394537453F553D553155C74
:101EF000155C355C5664F35B52531364135CF0421B
:101F0000FCD6FFFFDDFFFFFF1564986CB774F87C0B
:101F10003564524B1464CE3A7374146C126CF584AD
:101F2000303B75641364D2533685336C977C1564EB
:101F3000345C765C7564145CB574D57C368D16851E
:101F4000B574B674D66CF66CF674F66CF674778D60
:101F50009BBE979D19B6D795747C1374189EF78D08
:101F60007785146D79AEDFFFFDF7FFFF126C5464C7
:101F7000F153AB3AAE5B7164936CD4649675977D04
:101F8000BBC6FFFFFEFFBEEF19A6988D18A6189ED0
:101F9000B78DD78DB98D7885D88D1896F99DD89540
:101FA00099859985B885F8959895B995B88D987D56
:101FB000987DB885D88DF99598851675D995B98D80
:101FC0007985166D5875B97DF874535350422F3A80
:101FD000D25291428E29EF391042EF395042CD2929
:101FE0001574D573514AF04A6D538B5B8C536C5307
:101FF0004B4B6C536C536C536C536C536C534C5332
:102000004C532B532B532B532B4B2B532B4B2B4BD7
:102010000B4B0B4B0B4B0B4B0B4B0B4B0B4B0B4B10
:102020000B4BEA4AEA4AEA4AEA42CA42EA42CA424E
:10203000CA42AA42CA42A942AA42A942A942A94204
:102040008942A94289428942894269426942684279
:102050006942483A6842483A483A483AB595D59D67
:10206000F69D16A616A637AE57AE37B657B658B673
:1020700058B658B657B657B637B637AE37AE16A6B7
:10208000F6A5D59DB59DB5959495748D538D5385C5
:1020900033851285127D127DF174F174D174D1747F
:1020A000D174D174D174D174D174D174D174D17408
:1020B000B174D174D074D17CD27CB05B8D32AD3A26
:1020C000114B5353344B5453945BD65BD553D55B70
:1020D000145C766CB6743043324B556CB76C314B34
:1020E000FBD6FFF7FEFFFFFF146456649674D25BC5
:1020F00071537153104313649CB6DFF79EEFFFF7E3
:10210000746CB34BD45397A5BEEFDEF77FDFF77C3B
:102110003554345C7574F9AD9EE7FFF7FFFFFFFFA0
:102120007DDFDBC6F57C956CD66CF6745785FBC6F7
:10213000FFF7FEFFFFFFFFEFFCDEFDD63585189EA3
:10214000D57C567D59AEBFF7FDF7FFFFB484B6745A
:10215000704B769DBEEFBEE7DFF7534C76759785E3
:10216000BBC6FFFFFEFFBDE7BABE5DDFFFFFFFF7A7
:10217000DEE7F8957785577DBAB6DEE7DFE7BEDFA5
:102180003A9E987D599EDFEF9EEFDFE77AAE577556
:10219000987DFCBEDFEFBEEFDCBE7AB69DEFFFF7A9
:1021A000998538755875997D597DD874D4533042C6
:1021B0005042335B5042EF390F3A2F42EE31778471
:1021C00073635042CF395142CF4A4C538B5B6C53AF
:1021D0008C536C536C536C536C536C536C534C5307
:1021E0004C534C532B532B532B4B2B4B2B4B0B4BFD
:1021F0002B4B0B4B0B4B0B4B0B4B0B4B0B4BEA4A31
:10220000EA4AEA4AEA4AEA4AEA42CA42CA42CA42AE
:10221000CA42AA42AA42A942A942A942A942A94243
:102220008942A94289428942894289426942684277
:102230006942483A6842483A483A483AB595D59D85
:10224000F69DF6A516A637AE37AE37B657B658B6D2
:1022500058B658B657B658B637B637AE37AE16AECC
:10226000F6A5D69DB59DB5959495748D538D5385E2
:1022700033851285127D127DF174D174F174D1749D
:10228000D174D174D174D174D174D174B174B17466
:10229000D174B074D174F27CF15B8D32D042F263B0
:1022A000AF3AD142755B344B5453B653B553165CB9
:1022B000F45BB2532F435043F55BF55B7764356CA9
:1022C0003CDFFFF7FFF7FFFF57957995999D727CEB
:1022D000F68CB57C304BD25B756CFFFFDDFFFEFFEB
:1022E000DCC6D35B1243FFFFDDF7FEFF7ABE34642A
:1022F000565434645AB6FFFFFEFFFFFFFFFFFFFF97
:10230000DEFFFFFFFBCEF57CD664F5843CD7FFFFF4
:10231000DEF7FEF7DFEFFEFFFFFFFFFF19A6F15B21
:10232000168D97857AB69EF7FDFFFFFF3695177DD0
:10233000ED3256A5FFFFDEF7FFFF534C7775977D13
:102340009BBEFFFFFEFFDDEFFEEFFFFFDDFFDDFFCA
:10235000DEFF7DD7B88D777D9ABEFFFFBEF7BEEF5B
:10236000199E9775F79DFFFFBEFFDEF739AE3775F3
:10237000B9851CCFDEFFFDFF9EE7DFEFDCFFBEF778
:10238000BA8D797D997D5975386DBA85F76CF352A0
:10239000303A7142136330420F3A0E32335BF673B8
:1023A0000F3AEE31EE314E3A9142B14A8D5B6A53AB
:1023B0008C536C536C536C534C534C536C534C5365
:1023C0004C534C532B532B532B532B4B2B4B0B4B13
:1023D0000B4B0B4B0B4B0B4B0B4B0B4B0B4B0B4B4D
:1023E000EA4AEA4AEA4AEA42EA42EA42CA42CA42B5
:1023F000CA42CA42A942AA42A942A942A942A94242
:102400008942A94289428942894289426942684295
:102410006942483A6842483A483A483A9495B59DE4
:10242000D59DF6A516A617AE37AE37B637B658B651
:1024300057B658B657B658B657B637B637AE17AEC2
:1024400016A6D69DD59DB5959495948D738D53857F
:1024500033851285127D127DF174D174D174D174DB
:10246000D174D174D174D174D174B174B174D17484
:10247000B174D174D274F05B4C2A114B745B346C20
:10248000F4638F32F142745B355395537453166481
:10249000B35330433043545C366C36647764156410
:1024A0005DDFFFF7BEF7FFFFDFEFFFF7FFFFFFFF87
:1024B000FFFF3AB6336CB25B924B19B6FFFFFEFFDB
:1024C000BEE7F5841AAEFFFFFEF7FFF7136C146446
:1024D000545CD684FFEFFEFFFEFFF8B5126CB7A583
:1024E000FFF7DDFFFFF7F8A5B664D7ADFFFFBDEF3F
:1024F000FFF739AE367518B6FFFFBEFF7DE7526CA9
:10250000B89DF9959BB69FF7DDF7FEFFD89D535C0C
:102510008F4356A5FFFFDEF7FFFF93547675567D78
:102520009ABEFFFFFEF7FEFFFCC6978D99BEFFFF28
:10253000DEFFBEEF5A9EB8859ABEFFFFDEFFBEF7F4
:10254000199E9875D89DFFFFBEFFFEF75AAE7875AD
:10255000BA851CCFFEFFBDFFFFF7FFF7BEEF7ED7AA
:10256000B985797D5875187559755975BA7D77642F
:1025700032432F3A3042304250423253367CEF39A8
:10258000EF395042CD29579DF452123AEF4A6D531C
:102590004D536C536C534C534C536C534C4B4C53EA
:1025A0004C534C532B532B532B532B4B2B4B0B4B31
:1025B0000B4B0B4B0B4B0B4B0B4B0B4BEA4AEA4AAF
:1025C000EA4AEA4AEA42EA42CA42CA42CA42AA423B
:1025D000CA42A942AA42A942A942A942A942A94281
:1025E0008942A942894289428942894269426842B4
:1025F0006942483A6842483A483A483A9595B59D02
:10260000D59DF6A516A616AE37AE37B657B658B650
:1026100057B658B657B658B657B637B637AE16AEE1
:1026200016A6D69DD59DB5959495948D748D53859C
:1026300033851285127D127DF27CD174D174D174F0
:10264000D174D174D174D174B174B174D174B174C2
:10265000B074D174EF5BAC32314B935B3353314385
:10266000915313648F3A134B565B9553376C9453C5
:10267000B03AD35B556C355C36645664565C155C79
:102680003CD7FEFFDEFFDEFFFFFFFEFFFFFFFEFF8A
:10269000FFFF7AC670533464B24B14647EE7DDFFEB
:1026A000FFFFDBCE7DE7DEFFFFF7FAA5B55336640B
:1026B000335C98A5FFFFBDF79DE7F57C565CD574AC
:1026C0005DDFFFFFFFFF9ABE946CB89D1CCF3CDF1F
:1026D0003CCFB88D586DB895FFF7FEFF9EEF9895EB
:1026E000D474536419AEBFFFFDF7FFFF358D9364BB
:1026F0001054B6A5FFFFDEF7FFFFD45C766D56756C
:102700009ABEFFFFFEF79EF75AA6B975F885BEDFA1
:10271000DEFFDEFFDBB6566D9BBEDFFFDFFF9EF701
:10272000D9959975F99DFFFFDEF7FFEF7BAE7975BF
:10273000797DFCC6FEFFDEF7FFF7DBC678855875AE
:1027400079755975186D797D597D387538759B7512
:10275000D86C54530F42EF41914A767CEE31EF39F9
:10276000CF395042D88430426E42B36B5042D04A87
:102770002E536B534C536C536C534C534C4B4C5328
:102780004C534C532B532B532B532B4B0B4B0B4B6F
:102790000B4B0B4B0B4B0B4B0B4BEA4A0B4BEA4ACD
:1027A000EA4AEA42EA4AEA42EA42CA42CA42AA4239
:1027B000CA42A942AA42A942A942A942A942A9429F
:1027C0008942A942894289428942894269426842D2
:1027D0006942483A6842483A483A483A9495B59529
:1027E000D59DF69DF6A516AE37AE37B637B657B6B9
:1027F00058B658B658B678B657B637B637AE17AEDD
:1028000016A6F6A5D69DB59D94957495748D538D99
:10281000338532851285F27CF17CF174D174D174E8
:10282000D174D174B174F174D174D174B174D174A0
:10283000F17CB674504B0D4314643553334BEF4267
:10284000935B9674F1636E3216535453B67CEE422A
:10285000EF3AB4531664165C365C3564365C155C2E
:102860005DD7DEEFDEF7FFFF158DF9AD77A5B7A5D4
:1028700019AE789D71539253556CD3537795FFF7EA
:10288000DEFFDEFFDEF7FEFF5EDF766C765C345C3B
:10289000135C5ABEFFFFFEFF7DDFB5749664D56CF6
:1028A000F99D5BAE5BB6B89DB474186D956C989548
:1028B000DBC6BBC6BBBEBBC6FFFFFEF79EF7769569
:1028C000F57C125C7695BFFFFDF7FFFFB695377D6F
:1028D0003154D7A5FFFFFEF7FFFF904BD66C777DF5
:1028E0009AB6FFFFDEFF9DEFF99DB975D88D5CD7D5
:1028F000DEFFFEFFBBB636659BB6FFFFFEF7BEEF01
:102900001A96B97DF99DFFFFFEF7FFF77BAE59756B
:1029100059751CC7FEFFFFF79EDF788D59757A7DCC
:102920005975587D587D587D1875387518757A6DAC
:102930009B85F97C2F32EF39CF412F420F3ACE31B0
:102940007042367CF14AEE319363557CCD296F425B
:10295000B04A4E536A534B534D532B4B6B532B532F
:102960002B532B532B532B4B2B4B0B4B2B4B0B4BDF
:102970000B4B0B4B0B4B0B4B0B4BEA4A0B4BEA4AEB
:10298000EA4AEA4AEA42EA42EA42CA42CA42AA4257
:10299000CA42AA42A942A942A942A942A942A942BD
:1029A0008942A94289428942894269426942684210
:1029B000684268426842483A483A483A9495B59520
:1029C000B59DD69DF6A516AE37AE37B637B637B637
:1029D00058B658B657B658B657B637B637AE37AEFC
:1029E00016A6F6A5D6A5B59D94959495748D538D90
:1029F000538D32851285F27CF17CF174F174D174BF
:102A0000D174B174B174D174D174B06CD174D27406
:102A10001064AE32704BD45B334B524B1143136C8A
:102A200074533553B35BB15BAE3A12536D322F4BD7
:102A3000D45BD65BD65B175C375C36647864365CF7
:102A40005CDFFFF7DEF7FFFF504B1043D363B25B51
:102A5000915333643464D35BB25354641264FCD630
:102A6000FFFFDEFFFEFFDEF7789D356434547464AB
:102A7000F45B9BC6FEFFFEFF7DDFB5743464B56C6E
:102A8000756C756C756CB574B574946CB89DBEE757
:102A9000FFFFFFF7FFFFFFF7BEF7FEF7BEF79795C3
:102AA0005043B57419AEBEFFDDF7FFFFF8A5B56C56
:102AB000104C769DFFFFBEF7FFFF70539564D985DC
:102AC000DBBEFEF7DEF7BEEFF9957875978D5DDF1B
:102AD000FEFFFEFFBBB6576DBBB6FFFFFEF7BEEFB6
:102AE0003A96997DF99DFFFFFEFFFFF75AAE5875A4
:102AF000797D3DCFFEFFFEF75DD7998D9A7D5975A3
:102B00003875797D797D597D38755975797D5A7D0E
:102B1000F9743664124B303A7042AE390F3AB14A0A
:102B2000F56B535BED29D56B567CAD21F573D36BFB
:102B30002F3AAE420D538B5B6A534C530B4B2B53C6
:102B40002B532B4B2B532B4B2B4B0B4B2B4B0B4B05
:102B50000B4B0B4B0B4B0B4B0B4BEA4AEA4AEA4A2B
:102B6000EA42EA42EA42CA42EA42CA42CA42AA42A5
:102B7000CA42A942A942AA42AA42A942A942A942DA
:102B8000894289428942894289428942684268422F
:102B90006842483A6842483A483A483A9495959586
:102BA000B59DD59DF6A516A637AE37AE37B657B646
:102BB00057B658B657B658B657B657B637AE37AEFB
:102BC00016A6F6A5F6A5B59DB59D9495748D538D65
:102BD000538D33851285F27CF17CF174F174D174DC
:102BE000D174D174B174B074D074D074D274115CD7
:102BF000AD32704BD3537753544B504BD45B55533A
:102C00005353324B314BB57C9374EF42D263935B99
:102C1000765B965BD55BF65B375C366C5764355CF0
:102C20005CDFFEFFDEF7FFFFCF3AD353F35B556463
:102C3000F353D25334645464B253D34B336C1CDF1C
:102C4000FFFFDEF7DEFFDFF7579DD35B556475644A
:102C5000F45B9BC6FFFFDDFF7DE7B5745464966CA3
:102C6000546C7574746C9574966C359DBEEFFEFF54
:102C7000BEF75DE7BAC6FCCEDFF7DEEF9EEFF99D4B
:102C80007464F67C7AB6BEFFFEF7FFFF38A6956443
:102C9000314CD7A5FFFFDEF7FFFFCE3A545CF66C50
:102CA00059B6FFFFDEFFBEEFF995786DD98D7DDF58
:102CB000FFFFFEFFBBBE9875BCB6DFFFFEF7BEEFA1
:102CC0001A965875F99DFFFFFEFFDFF71AA6597592
:102CD0009A7D1DCFFEFFFEFF5DDF998D59755975F9
:102CE000797D7A75596D596D386D797D9A7DD87475
:102CF000365C734BF55B576C3243304AAE31135B35
:102D0000D573AD21577C9363EF319363B363135B4A
:102D1000725BB042335B0C4B48534C536C532B5398
:102D20002B532B4B2B532B4B2B4B0B4B2B4B0B4B23
:102D30000B4B0B4B0B4B0B4B0B4B0B4BEA4AEA4A27
:102D4000EA42EA42EA42CA42CA42CA42CA42AA42E3
:102D5000AA42A942AA42A942A942A942A942A94219
:102D6000A9428942893A8942894289426842684235
:102D70006842483A6842483A483A483A94959595A4
:102D8000B59DD59DF6A516A617AE17AE37B657B6A4
:102D900057B658B657B658B657B657B637B637AE11
:102DA00016AE16A6F6A5D59DB59D94957495738D12
:102DB000538D33851285127DF27CF174F174D174D8
:102DC000D174D174B174B174D174D174F05BEE3A32
:102DD0009253F35B95537453514BD35B945B5653AF
:102DE000F142D25BD6841464D35B4F4BF363124B36
:102DF000975B975BB55BF65B165C15643764155C97
:102E00003DDFFFFFBEF7FFFF5043145CF353F35366
:102E10003464F353D2535464556CB34B98A5DFF725
:102E2000FFF7FFFFDEFFFFFFFCD654743564566CDE
:102E3000155C7BBEFFFFFEFF7DE77474746C756CE0
:102E4000D67CF684F6841785766439BEFFFFDEF7FC
:102E5000BEEFD8A5B66C358DFFFFFEEFBEF71A9E0C
:102E60003875177D19A69EF7FEF7FFFF18AE177588
:102E7000725CD7A5FFFFDEF7FFFF704B95645464CB
:102E800039B6FFFFDEF7BEEFD98DFA7D98857EDF7C
:102E9000FFFFFEFFDCBE786D9BB6FFFFFEF7BEEFC7
:102EA000F98D386DF99DFFFFFEFFDFF73AAE7975BA
:102EB0009A7DFCC6FEFFFDFF5DDF5885186D7A75B3
:102EC000597D3975386D596D9A757A7D18753664E6
:102ED000734B734BF9745A85D86CB24A303ACE3979
:102EE000CE311674735B2D32D252567C6F429142B2
:102EF000D78CCC29D24A325B0B4B6A536C532B5381
:102F00002B532B4B2B532B4B2B4B0B4B2B4B0B4B41
:102F10000B4B0B4B0B4B0B4B0B4BEA4AEA4AEA4A67
:102F2000EA4AEA42EA42EA42CA42CA42CA42AA42D9
:102F3000A942AA42A942A942A942A942A942A94238
:102F400089428942893A8942894269426942684292
:102F5000483A6842483A483A483A483A948D9495F3
:102F6000B595D59DD69DF6A516A617AE37B637B63C
:102F700057B657B657B658B658B637B637B637AE4F
:102F800017AE16A6F6A5D69DB59D95959495738D0D
:102F9000538D33851285127D127DF174F174D174D5
:102FA000D174D174B174B174B27493744F43EF3A65
:102FB000956C966C95535043335CB553744B2F4BC3
:102FC000D4635353F663935B304B356C346C6E3281
:102FD00034535553955BD65BF65B366C586CD45BBB
:102FE0001CDFBEF7DEFFFFFFB15B714B13644F4B7D
:102FF000B153746C924BD353145CB5749EE7FFFFCE
:10300000BEEFBBBEBEEFDEFFFFFFF8ADD363356C96
:10301000F45BF9ADFFFFFEFF7EDF947C336C957CA3
:103020003DD7FFF7FFFFDCBE7664BBC6DEEFFFF7E0
:103030005DDF177DF964769DFFFFFEF7BEF7199EF1
:10304000F76C167539A6DFF7FEF7FFFFD37C377DE7
:10305000B35CD7A5FFFFFEF7FFFF0E43135C714B78
:1030600039BEFFFFDEF7BEF71A9E9975B88D5DDF9A
:10307000FFFFFEFF9BB6376D7AAEFFFFFEF79EEFB8
:103080001A96386D199EFFFFFEFFDFF75BAE79756C
:10309000797DFCC6FEFFDDFF5DDF587D5A757985C1
:1030A000578517855885587D797D19753664734B1A
:1030B000944BD8745A7D39757A7D5664F2429142A8
:1030C000CE39F2522F3A9142F68C303A135B168D7C
:1030D0008D21B684D36BB34A535B2B534B532B5385
:1030E0002B532B4B2B532B4B2B4B0B4B2B4B0B4B60
:1030F0000B4B0B4B0B4BEA4A0B4BEA4AEA4AEA42B0
:10310000EA42CA42EA42CA42CA42CA42CA42A94240
:10311000AA42A942A942A942A942A942A942894276
:103120008942893A893A894289426842683A6842C2
:103130006842483A483A483A483A283A948D949531
:10314000B595D59DD69DF6A516A637AE37B637B63A
:1031500037B657B657B658BE58B637B657B637B65D
:1031600017AE16A6F6A5D69DB59D95959495748D2A
:10317000538D33853285127D127DF174D174D174F3
:10318000D174B174B074B17410640F43914B546432
:103190009043B56C115CF35BB65BB4533143F3639E
:1031A000B663B663EE429053F563D6635574D15B54
:1031B0008F3A745B755BD65BF65B366CB653324305
:1031C0003CDFFFFFBEF7FFFF947C578DB484F48C87
:1031D000F58CF684B674F353D44B9CBEFFFFDEFF30
:1031E000FCCE1264FCCEFEFFFEF7FFEF146C1564FC
:1031F0003464168DFFFFFEFFDFEF77951364F68CC6
:10320000BEEFDDFFFEFF59B634647AC6FFFFDEFF76
:103210007EE75785975C9ABEDFFFDDF7BEF7199E04
:10322000F76CF66C39A6BFF7FEF7FFFF56951675DB
:10323000F46418AEFFFFDEF7FFFFEE3A5464546CFF
:1032400019BEFFFFDEF7FEFF9BB6376DF995DFEF86
:10325000DEFFDEF71AA6376D9BB6FFFFDEF7BFEF86
:103260003B96596D1A9EFFFFFEFFDFF73AAE386DB1
:1032700079751DCFFEFFFEFF5DD799857A7579853B
:10328000FCC63DDF1ECFDA95D76C57649553B44B1F
:10329000D86C5A7D39753975D8647A75976CF24A4D
:1032A0003042CE310F3A1995CE299363F5732F3AF8
:1032B000367C9363D04AF04A325BF0522D532B5345
:1032C0002B532B4B2B532B4B2B4B0B4B2B4B0B4B7E
:1032D0000B4B0B4B0B4BEA4A0B4BEA4AEA42EA4ACE
:1032E000EA42CA42EA42CA42CA42CA42CA42A9425F
:1032F000AA42A942A942A942A942A942A942A94275
:103300008942893A893A8942693A6842683A483A30
:10331000483A483A483A483A483A483A748D949577
:10332000B595B59DD69DF6A516A617AE37AE37B6A0
:1033300057B657B657B657B657B637B637B637B685
:1033400017AE16AEF6A5D6A5B59D95959495748D38
:10335000538D33853285127DF27CF37CF17CD17400
:10336000D074D174F17CF25B4F435043165C966C81
:10337000B46CCD2A7364D774B453514B3364F46383
:1033800094537353F684146CB7635153304B1785C1
:103390007574903A535B755BD6631564F03A6D3281
:1033A000FBD6FEFFBEFFDEFFBEF7BEF7BEF7DFF7C0
:1033B000BDF7FFF79574F353546CFEFFDDF7FFFF85
:1033C000368DB1535885FFFFBDF7FEFF18B6F26387
:1033D0007564947C7EDFFFFFDDF73CDF18B63BE7CA
:1033E000DEF7FEFFBEE77795546C97A5FFFF9CFFC5
:1033F000DDF7BAD67ABEFFF7DEFFDCFFDEFFD8A529
:10340000F774D66C19AEDFFFBEFFFFFF96A575649B
:10341000D053F7ADFFFFBEFFFFFF703B7464546CE9
:10342000D8ADFFFFDEFFFEF79DDFBABE7DDFFEF702
:10343000FEFFBEE7D9953875BDB6FFFFDCFFFFFF85
:10344000FCC61AA63DCFFEF7DEF7DDF73AAE386DC3
:10345000997DFCCEDCFFDDFF3ED7BB853A6D37851D
:10346000BEE7FDFFBFEF388D3764534B9453F96CC3
:103470003A7D19753975F96CF96C39755A7D976C07
:10348000F2422F3AEF4190427463F573B04AB4634D
:1034900035744D3A4F3AD68C8F42D252725BEC4A19
:1034A0006A532B4B0D4B2B4B2B530B4B0B4B0B4B9B
:1034B0000B4B0B4B0B4BEA4A0B4BEA4AEA42EA4AEC
:1034C000EA42CA42CA42CA42CA42CA42CA42A9429D
:1034D000AA42A942A942A942A942A94289428942D3
:1034E0008942894289428942893A6942683A6842F6
:1034F000483A483A483A483A483A283A738D9495B7
:103500009495B59DD69DF6A516A617AE17AE37B6FF
:1035100037B658B658B657B657B657B637B637B6A1
:1035200037AE16AEF6A5F6A5B59D959D9495748D0E
:10353000538D338532851285F27CD27CF17C907478
:10354000F17CF37C1064303B51437564B453B34B4E
:10355000B14BD674914B177D145CF35BB67439850F
:10356000514B1143166CF5635353715BF46B146448
:10357000D77C5153F042B56B73531143D6744B3221
:103580003CD7FFFFFEFFFEFFFFFFFFFFFEFFFFFF39
:10359000FEFFFFFFD674345C1ECFFEFFFFFF1DD77A
:1035A000B15B3464F3533CE7FFFFFFFFDEF7168D9A
:1035B0003464546C56955DE7FFFFFFFFFFF7FEFF95
:1035C000FFFFBFE71AAE546C746CD57CFCD6FFFFCE
:1035D000DEFFFFFFFFF77ABE3CDFFEFFDEEF5AAEF5
:1035E000B76CD664F9A5FFFFDEFFFFFF969DF3538E
:1035F000F15BF8ADFFFFFFFFFFFF9143B56C536434
:1036000019AEFFFFFFFF5DEFDBDEFFFFFFFFBEF741
:10361000DFFFFCB6577D5975BA8D7ED7FEFFBDFF23
:10362000FFFFFFF77EE7FFFFFEFFFFF75BAE596D81
:103630009A7D3DCFFEFFFFFF7EDF7A7D396D588595
:10364000BEE7FEFFFFF7D8843443944BB7745A7D2E
:103650003A753975F86CF96C5A7D1975F86C7A7D84
:10366000776433535042CE313363D152B04AB7847A
:103670004E321153589DEE311674F36B9142B16383
:10368000AB428B5B4A530B4B2B4B0B4B0B4B0B4BFC
:103690000B4B0B4B0B4BEA4A0B4BEA4AEA42EA4212
:1036A000EA42CA42CA42CA42CA42CA42AA42A942DB
:1036B000AA42A942A942A942A94289428942894211
:1036C000894289428942693A893A6942683A68423C
:1036D0006842483A483A483A483A283A538D7495ED
:1036E0009495B59DD59DF6A516A617AE17AE37B61F
:1036F00037B657B657B657B657B657B637B637B6C2
:1037000037AE16AEF6A5F6A5D59DB59D9495748DEC
:10371000538D538533851285F27C117DD17CF27CEB
:10372000D37C11640E43914B155CF55BD353B24BC4
:10373000F453F774B66CCE325364D674145C94535D
:10374000B2531464D66374535053D573D56BB35BC3
:103750001043514BB2531153B35B1043714BD263BF
:10376000F9B57ABE5AB67ABE3AB619B67ABE7AB604
:103770007AC67ABE956C177D59B69ABE9BBEF68402
:10378000346C1464F35B168D9BBE59BE9BC6589572
:10379000556C756C1364F68C5ABEFCCEFCCEDBCE39
:1037A0005ABE589513649674766C3464F684DBCEF6
:1037B0003DDFFCCEF9A5956C3AAEBBBEBBC6D99D2C
:1037C000B76CF764988DBBBEDBC6DBBEB88D966C5C
:1037D000F153148596A538BE99BEB143535C746409
:1037E000988DBBBE59BE97A5F58C1AB67ED73DCF36
:1037F0009BB6787579759A7D1775D995BCB65DD7E6
:103800001DCF3BAE98951DCFBBC6FCBE1B965A750F
:1038100059755BA61CCFFCC69BAE5975596D998531
:10382000DCB69BC63BB6F663744BD86C9A7D3A7592
:103830003975F96C197519753975D874F96C39754C
:1038400039757764D13AB14AEE31F25A5784CD31A5
:10385000325B557CB1429363B363D24A72631153B6
:10386000535BCB42274B2B4B2C4B0B4B0B4B0B4B3C
:103870000B4B0B4B0B4BEA4AEA4AEA42EA4AEA4252
:10388000EA42CA42CA42CA42CA42CA42CA42A942D9
:10389000AA42A942A942A942A9428942894289422F
:1038A000894289428942693A893A6942683A68425A
:1038B0006842483A483A483A483A283A538D74950B
:1038C0009495B59DD59DF6A516A616AE17AE37B63E
:1038D00037B657B657B658B658B657B657B637B6BE
:1038E00017AE17AE16A6F6A5D59DB59D9495748D09
:1038F000538D538533851285F27CF17CD174137D11
:1039000012642F43914B3364F55BB453914B335C9A
:10391000165C145C135C5464B04BF67C556C924B93
:10392000366CD563945B51535574B66BF66B11438B
:10393000B253F35B704B4C32F3631043514B346C16
:10394000B15BB353724BD35BD35BB353F45B135C88
:103950001264F263D253546C536CD253D35BF35B57
:10396000356C346C346C34643464D25BF363136C44
:10397000556C556C556C346CD263136C9574757CB6
:10398000D263346C9674556C766C7664556C378D56
:10399000989DF67C956C9664B66C546C746CD67479
:1039A000D66CF76CF76CB56CB574B56C1775177D84
:1039B000F1536A2A66190C43CF4BD1433354F66C4A
:1039C000F674956CF263B5745364946C7885F66CF8
:1039D000B77D7A6D7975386D9A7D797D3875797591
:1039E000596D796D7A75386D386D597559757A7567
:1039F000396D39753875387D186D58759A7D9A7D91
:103A00001975D35B524B744BB96C7A7D5975197526
:103A1000F96C19755A7D3975F86CF9741975397521
:103A20003975F86CB7649142B56BF673AD31336399
:103A3000D56B325B525B77844F3A315B77844E3A79
:103A40001253B46BCB42494B2B4B0B4B0B4B0B4BD9
:103A50000B4B0B4BEA4AEA4AEA4AEA42EA42EA429A
:103A6000CA42CA42CA42CA42CA42CA42CA42A94217
:103A7000AA42A942A942A942A9428942894289424D
:103A8000894289428942693A893A6942683A684278
:103A90006842483A483A483A483A283A538D748D31
:103AA00094959595B59DF6A5F6A516AE17AE37B6C5
:103AB00037B657B637B658B658B657B637B637B61C
:103AC00037B617AE16AEF6A5D6A5B59D959D9495BD
:103AD000538D538D338532851285D17C13851164C6
:103AE0002F43924B345CF45BD453924B5464355C5B
:103AF000F65B924B145C788D5785EF3AD674988DAF
:103B0000F563B55B71537574B563D463D042B35339
:103B1000D253304B5053B57C8D3AF3631785D25B4B
:103B20009474746CF25BB1535364F67C53643464E4
:103B30005464546C135CD25B957417859674356C21
:103B4000556C3464746C3464756C756C546C346C82
:103B5000346C346C556C546C756C9574546C146C7A
:103B60009574756C556C9674556C966C966C588DF6
:103B7000B995F77CB66C9664D774766CF77C966CC6
:103B8000B564F774D66CF66CD66CF76CF86CF66CA2
:103B9000F66C2D3BA819B05BD04B535C16751775AE
:103BA000F76CD66CF253F77C59953474B25BF77CA2
:103BB00078857975386D997D797579757A757975A6
:103BC000BA7D9975586D997579759B7D5975386D64
:103BD0005A759A7D7A75F96C597558759A85F97484
:103BE0007764744BB44BD86C9B8539753975D86C38
:103BF00039755A7D1975F96CF86C3A7D1975197516
:103C0000B76439759A7D7874B13AB142CE31335B7D
:103C1000F252B14A1995EE3115747684CD29B2630A
:103C2000F36BD34A525BEA4A0B4B0B4B0B4B0B4BE0
:103C30000B4BEA4A0B4BEA4AEA4AEA42EA42EA42B8
:103C4000EA42CA42CA42CA42CA42CA42CA42A94215
:103C5000AA42A942A942A942A9428942894289426B
:103C6000894289428942693A893A6942683A684296
:103C70006842483A483A483A483A283A538D748D4F
:103C800094959495B59DD6A5F6A516AE17AE17AE2C
:103C900037B637B637B658B658B658B657B637B639
:103CA00037AE37AE16AE16A6D6A5B59D959D9495A2
:103CB000738D538D338512851285F284516C704B50
:103CC000B25355641354B65B924B5464155C165C46
:103CD000934B135C75643885756C33646F4B598DE9
:103CE000B574504B7674166CD66B5043924B135C84
:103CF00091530F4BEF4A336CB25B7153546CB574F4
:103D0000D053736CD5745364B153746C5364546C56
:103D1000546C336495743364B253336C546C756C67
:103D20001364336C536C7474746C3464546C346CFE
:103D3000546C33745474546C546C746C546C756C53
:103D4000546C546C756C75749574756C546C799571
:103D50009995B674756C9674766C9774766CD66C0F
:103D6000F66C9674D674F774F76CF874D874F76CB4
:103D70009464B04BE929CD4AAD32115C1675F66CEE
:103D80009564387D3875D66C3464757CF78CD67C38
:103D90007885587D5875997D796D386D39759B7D1D
:103DA0005A7D39753975597D9A7D39755975597DA1
:103DB0007A7D7A75396D3A757A7D9A7D1875566473
:103DC000B55B554BD97459757A751975D8743975B1
:103DD0005A753975F86CF96C397539751975D86C6F
:103DE000F9743A7DF96C1A7D5764334BD14AEE3140
:103DF0009042D98CCF31367CF46B6F42515BD36BE0
:103E000072637263525B3153EC4A0A4B0B4B0B4BA0
:103E10000B4BEB4AEB4AEA4AEA42EA42EA42CA421E
:103E2000EA42CA42CA42CA42CA42CA42CA42A94233
:103E3000AA42A942A942A942A94289428942894289
:103E4000894289428942893A893A6942683A684294
:103E50006842483A483A483A483A283A538D748D6D
:103E6000748D9495B59DD69DF6A516A616AE37AE63
:103E700037B637B657B657B658B658B657B637B638
:103E800037B617AE16AEF6A5F6A5B59DB59D5595F8
:103E90007595738D328553853385736C6F4B5043A5
:103EA000956CF774345C934B335C345C165C944BC8
:103EB000335C7664F453B34BB24B5885798DCE3A6C
:103EC000F25B578D15643664324BD253546C715388
:103ED000AE3A957CAE4AD15B9474B57CB15B12640A
:103EE000B47CD25B3364378533643364546C336C95
:103EF000746C536C736C536C946CD163D57CB57CCF
:103F0000D67C336C546C5474346C346C546C546C78
:103F1000536C5474346C546C546C546C546C546CBA
:103F2000556C546C546C756C546C556C756C9995DF
:103F3000588DB674966C756C966C756C966CB66C88
:103F4000B66C966CB66CB66CD66CD76CD76CD66CFF
:103F5000B664904BA8216B3A704B6F4BD574B46C20
:103F60007885587DF7749564956CF67CB574756C9E
:103F70001464D67C577D997D176579757A7D5A755D
:103F8000397519757A7D5A7D3A7518757A7D7A7DFD
:103F90005975397559757B7D5A7DF8745664944B03
:103FA000734BF9745A7D7A7D186DF96C19755A7DC9
:103FB0003975F96CF97439755A7DF86CF86C397D7E
:103FC000397D1975D86C19755A85576CB142535B98
:103FD00037740F3A367CF56BD042104B5674F14A69
:103FE000F152F78C2E3A53631153CD4A094B0B4BC8
:103FF000EC4A0A4B0A4BEA4AEA4AEA42EA42EA42F5
:10400000EA42CA42CA42CA42CA42CA42CA42A94251
:10401000AA42A942A942A942A942894289428942A7
:10402000894289428942694269426842683A683AEB
:10403000483A483A483A483A483A283A5385538DDC
:10404000748D9495B59DD59DF6A516A616AE37AE82
:1040500037AE37B657B637B658B658B658B637B67D
:1040600037B637AE16AE16AEF6A5B59DB59D759DA5
:104070007495538D53855485D274914BD2535364A8
:10408000D253B66C345C325C5564F55BB34BF3537E
:104090005464165C96647564976C76647464125C00
:1040A0005043178538855143D453D35B514B304B24
:1040B000D6842F53747CF584D15BF584B47CB15BDA
:1040C000536CD57C3264536C3785536C736C736C52
:1040D000736C736C536C736CB4743264F263336CD2
:1040E0009474536C336C346C7474346C546C546CC2
:1040F000336C54745474546C346C546C546C346C11
:10410000546C7574346C756C746C556C756C999DCD
:10411000388DB6747664966C966C756C966CB66CCD
:10412000966CD66CB66CB66CD66CD66CB66CD76C1E
:104130009664D253C821ED4A704B904B2F43125CCA
:10414000DA95D674B66CF774F6747464956CD77C93
:1041500097745895F67C3775997D7A7539755975C8
:10416000397559755A7D39753975597D5A7D5A7D1C
:104170003975397559757A7DF974976C744BD453C8
:10418000D86C5A7D5A7D1975197519755A7D19752E
:10419000F86CF9743A7D5A7DF974F86C197D1975CB
:1041A0001975F874F974397519753A7D366C53536D
:1041B000D2420F3AF252B042F14AD784F04A9363A6
:1041C000D78CAC21B7847263535B515BEC4A0A4BCA
:1041D0000A4BEA42EA4AEA4AEA4AEA4AEA42EA4236
:1041E000EA42CA42CA42CA42CA42AA42A942A942B1
:1041F000AA42A942A942A942A942894289428942C6
:1042000089428942894268426942683A483A683A32
:10421000483A483A483A483A283A283A5385538D1A
:10422000748D9495B59DD59DD6A516A616AE37AEC0
:1042300037AE37B657B637B658B658B658B637B69B
:1042400037B637AE16AE16AEF6A5D59DB59DB59D63
:104250007495748D5485D374115CD253B574177DE5
:10426000135C914354647785155C944B1354377DEC
:10427000B774B54B335C99855864165CAF4B999510
:1042800058851043B353B253145C915392537153F6
:10429000D263336C336C1685326C7053536CF68476
:1042A000B15B326416851264736C7474736C7374CE
:1042B0007374737473749474947474747374F26315
:1042C000D57CB57CB57C5474546C336C346C74748C
:1042D000346C7474546C346C346C346C546C346C56
:1042E0005574346C756C546C546C556C9574B99DE4
:1042F000388DB674766C7564766C756C756C966C6E
:10430000766CB66CB66C966CB66CB66CB66CD76CDC
:104310009664D253A8214F530F430E431364F25BAC
:10432000D67CD67CF77C597DF7747564D674D674C8
:10433000B66C1364956C377D597D597D5975397507
:1043400059757A7D597539755A755A7D397539752A
:10435000397559755A7DF974776C944B944B19756E
:104360007A7D5A7D3975F96CF96C5A7D3975D86C3E
:10437000F96C19755A7D3975D86C1975397D1975AF
:10438000F874F974397D5A7D1975976C9B8D366C6C
:10439000334B914ACE312F3AD88C4F3A93633674CF
:1043A0002E32567C7263D04A115372631253EB4221
:1043B000284BEB4ACB42EA4AEA4AEA42EA42EA425C
:1043C000EA42CA42CA42CA42AA42CA42A942AA42CE
:1043D000AA42A942A942A942A942894289428942E4
:1043E000894289428942684269426842483A683A49
:1043F000483A483A483A483A483A283A3385538D39
:10440000748D9495959DB59DD6A5F6A516AE17AE5F
:1044100017AE37B637B637B658B658B658B637B6F9
:1044200037B637AE17AE16AEF6A5D6A5B59D939D99
:1044300094959695F47C3264F25B956C5464D674D2
:10444000345CF3531354D674345CF353345CF77414
:10445000345CF44B555C976C165CF453B56CB66CDD
:10446000387DD35334645564714B8E3A136C346C7D
:104470002F4BB57CF584D163D57C7474B15B947C8F
:10448000168DD05B73749474126473749474736C2B
:104490007374737494747374737494749474536CA9
:1044A000F163B57C578D336C546C7474546C346CFC
:1044B000546C5474546C346C546C546C546C346C34
:1044C000556C7574346C756C546C556C9574B99DE1
:1044D000388D9674766C556C766C766C756C766CE3
:1044E000766CB66C966C966C966CB66CB66C966484
:1044F0007664914BA8212E53304391539153346CE1
:104500009574556CBA9D1875966496641775B66C5B
:104510009564F67CD674798D966C187538757A7DAD
:10452000597D397539755A755A7D397539753975A9
:104530005A7D5A7D3975576C944BB44BF96C5A754A
:104540005A753975F96CF86C7A7D3A75F96CF96CB5
:104550003A7D39751975F96C19755A7D1975197582
:10456000F97419753A7DF974D86C5A7D197D3A85BC
:104570003664134BD24AEE31904AF573357CD14AFA
:10458000B463B784AF42D04A3995CE42525B525B96
:104590008A3A2A4B0B4BEA4AEA4AEA42EA42CA42C0
:1045A000CA42CA42CA42CA42CA42AA42AA42AA420B
:1045B000A942A942A942A942A94289428942894203
:1045C00089428942893A684269426842483A683A6F
:1045D000483A483A483A483A483A283A3385538D57
:1045E000538D74959495B59DD59DF6A516A617AED9
:1045F00017AE37B637B657B658B658B658B637B6F8
:1046000037B637B617AE16AE16A6F6A5D69D939555
:104610009595358D536C135CB574756C5564B24BC0
:10462000D674377D335CB34B7364D88D766C72432C
:10463000135CB66C976C1554924B966CB86CB76C57
:10464000924B724B5464914B914B7153AE3AD25B87
:10465000989D12649374B47CD16377953374905BA6
:10466000957C368DF1637374B47C73747374737456
:104670007374B47C7374937473747374947C947C47
:104680005374D163336CB47C536C1264546C5474A3
:104690005474346C546C546C546C546C346C356C71
:1046A0005574146C556C556C556C35647574B99DA6
:1046B000178D966C7564556C766C566C566C766C72
:1046C000766C966C766C766C966C966C766C976461
:1046D0007664B253C929CD42714BB253F35B756C0A
:1046E000B25BF7845474377D9564F774F77475641E
:1046F0009564756C756CB67C3464998D387D59758C
:104700003975186D59755A7D5A75196D39755A7DF7
:104710005A7DF97477649453D453F86C5A755A756A
:104720003975F86C19757B851975F86C19755A7D92
:1047300039751975D86C19755A7D19751975F86C14
:104740003A7D397D1975D86C3A7D19755A7DD86CCA
:104750009B85365C5353B14A5363B46BD04A945B28
:10476000B884B042115396844D32547C3474355B16
:10477000725BA9422B4BEA42EA4AEA42CA42EA4247
:10478000CA42CA42CA42AA42CA42A942A942A9424C
:10479000A942A942A942A942A94289428942894221
:1047A0008942693A893A684269426842483A683AB5
:1047B000483A483A483A483A483A283A3385538D75
:1047C000538D74959495B59DD59DF6A516A617AEF7
:1047D00017AE37B637B657B658B658B658B637B616
:1047E00037B637AE17AE16AE16A6F6A5D69DD59D32
:1047F000758D7374746CD674B5743564F45B756CB4
:104800005464177D5364F353F353F674D56CF67404
:10481000D7747964345C1154F87CFA74986C523B08
:1048200093437664914BEF3A17857153136CB15BE8
:10483000536C3685D05B947CB47C7053F684947C46
:10484000B15BD47C937473749374937C326CB37443
:10485000B37C937493747374B37494745374947C2E
:1048600073747474905B568D568D536C7474547459
:10487000346C546C346C346C346C346C546C5574CF
:10488000556C556C1464756C756C3564756C9995C4
:104890001785766C5564556C566C3564566C766C21
:1048A000566C76647664966C966C966C76649764B7
:1048B0007664F35BC929CD425043F353B253135C82
:1048C0009153D67CB67C5685367D58857664766461
:1048D000187D756CD67CB67C96747564B66CF86C75
:1048E000196D39755A7D5975F86C5A755A757A7DF6
:1048F000F9745664B44B9453F9745A7D5A753975EA
:10490000F9743A755A7D39751975F96C39753A7DAE
:104910001975F86C3A753A7D3A7DD86C19753A7DFF
:1049200019751975F8743A7D197D1975F96CF96C5A
:10493000196D9B853664703A77840E32314BB87CA2
:104940004F32B363B784AF421374D46BAF42725B20
:104950009363515BCB42EA4AEA42EA42EA42CA42E4
:10496000CA42CA42CA42CA42A942AA42A942A9426A
:10497000A942A942A942A942A9428942894289423F
:104980008942693A693A694269426842483A683AF2
:10499000483A483A483A483A483A283A3385538D93
:1049A000538D74959495B59DD59DF6A5F6A516AE37
:1049B00017AE37B637B637B657B657B657B637B657
:1049C00037B637B617AE16AE16A6F6A5F6A5768D8F
:1049D00015859574D67CD67C946C335C956C956CFF
:1049E0007464F253956C9785F774F353B043577D15
:1049F000F8743664B24BF66CD76CB76CB14BF553A8
:104A0000365C7243EF3AF67CB15B336C578D74744D
:104A1000F263336C1585D163947CD584126C579501
:104A2000126C7274927C927C7274937C7274937424
:104A3000737473747374937493747274937C7374D7
:104A4000B47C73741264126473747474336C136C76
:104A50007474346C346C346C346C136C346C556C0E
:104A6000556C556C3464356C356C146C5574799593
:104A700017859674556C3564566C3564566C566C57
:104A8000566C5664766C5664976C5664766C5664B5
:104A9000565CD353CA21CD42304371431454D66C73
:104AA000966C356C146C167DB574177D345CB66CE1
:104AB000F76CB76CF453F45B3985B67C346C1775BE
:104AC000798538755975F86C196D5A755A7DF97470
:104AD000776C9453B44BD86C19753A751975F86C9A
:104AE000F9745A7D3975F86CF97439755A7DF86C1A
:104AF000F974397D3A7D397DF86C1975397D1975F0
:104B00001975F9743A7D3A7DF9741975F9745A7DFD
:104B10003A7DF86C5A853664124BD14A2F3A503A96
:104B2000735B3574725B725B198DB0429463557C14
:104B30008F429363EF4ACB42C9420B4BAA42E942F0
:104B4000CB42CA42CA42AA42AA42A942A942A942A7
:104B5000A942A942A942A942A9428942894289425D
:104B600069426942684268426842683A683A483A2B
:104B7000483A483A483A483A283A283A3285338DF2
:104B8000538D74959495B59DB59DF6A5F6A516AE75
:104B900017AE37B637B637B657B637B637B657B695
:104BA00037B616AE37AE17AE17AE17A6D69DF57C44
:104BB000B574F77CF77CD6743364D674B674756CB0
:104BC000F3535564966C535C73643354B24B17754E
:104BD000387DB153D7741975F86CF34B335C355C81
:104BE000B34BB353B6740F439474B374326CF684FE
:104BF000336CD163326CF584F16B937C937CF063FE
:104C0000937CB27C927C937C7274937C937C73745F
:104C1000937C7374B47C937C737C93749374B37C33
:104C2000737493749374B57C336C78957474B57C99
:104C3000336C54745474346C346C346C5474346405
:104C4000346C346C756C556C556C356CB77CBA9D96
:104C5000F77C556C346435643564766C1464766C1A
:104C6000556C566C3664766C3664766C766C966CE5
:104C700076641454EA21AD423043924B1354555C90
:104C8000D76C3564314B798D956CD674D674587D5C
:104C9000F76C76649764976C7A8D7574B15BD67493
:104CA00075641875F86C39757A755A75F974776C7E
:104CB000B453D553B86C39755A7D1975F974F974B4
:104CC0003A7D1975F9743975197539751975F8744E
:104CD000397D19753A7DF974F9743A7D397D3A7DDB
:104CE000B86C397D5A7DF97CF974D8747B85197D4F
:104CF000D87419755A7D9B851664134BD352CE31E7
:104D000073633153925BB7842E2AD56B767C2D2A40
:104D1000F36BF46BB363EF4AAB42C942EC4ACB424C
:104D2000E842CA42CA42AA42CA42A942AA42A94287
:104D3000A942A942A942A942A9428942894269429B
:104D400069426942694268426842483A6842483A60
:104D5000483A483A483A283A283A283A1285338D50
:104D6000538D748D9495959DB59DD69DF6A516AEE3
:104D700017AE17AE37B637B637B657B657B637B6DB
:104D800037B656B636AE17AE18AEB79D1585F47C5D
:104D9000978D578DB674746CD674D774966C145CFA
:104DA0005664976C976C5564B46C7785155C934327
:104DB000F14BB88D5885D76C73431454B66CB24B15
:104DC000F353125C946C536C326C568D336C747468
:104DD000B57C5374F163106C148D927CB37C927C1F
:104DE000D37CB27C927C927CB37C937C937C7274F7
:104DF0009374B37C937C937C7274B37C937473745C
:104E00009374937493745374D1635374336CF684B2
:104E10005374336C546C5474136C346C346C546C25
:104E2000346C346C1464346C346C146C9674DBA580
:104E3000F77C356C34643564566C1464766C356478
:104E40003564566456643564766C5664766C566484
:104E5000365C145CE9218C42EE4A514BD353555CCD
:104E6000F86CD76CB66CB253556C1785546C9A8D30
:104E7000345CB76CD774976CB353D35B1785356CC0
:104E80003885145C7A7D39757A75F97C5664B44B33
:104E9000D553D86C7A7D397519751975F86C5A7DAA
:104EA0003975D86C197519755A7D1975D86C197DB5
:104EB0003A7D5A7DD86C19755A7D397D1975F86C13
:104EC0005A7D397D1975F974197D5A85F974197DE2
:104ED000D974597559751975197D576C7453D25217
:104EE000EE316F42B78CED31577C5674AF42D263CE
:104EF000916392639363D26B535BAC42E942EA42A3
:104F0000E842CA42CA42AA42AA42A942A942A942C6
:104F1000A942A942A94289428942894289426942F9
:104F2000694269426942684268426842483A483A7E
:104F3000483A483A483A483A283A283A1285338556
:104F4000538D538D7495959DB59DD69DF6A516AE42
:104F500017AE17AE37B637B637B637B637B637B639
:104F600037B656B616AE17AED7A5568D168536850A
:104F7000978DD99D746C9574F77CD6743464756480
:104F8000387DB66CD353B56C587DBA8DB56CB14BCA
:104F9000D34B56859885D34B1554355C145C5043E0
:104FA000946C3364F15B778DD47C32641685F16345
:104FB000F584358D7274306CB27CD384B27CD27C33
:104FC000D2847274B27C927CB37C927C7274B37C17
:104FD000B37CB37CB37CB37CB37C937C937C7374E1
:104FE000B37C937C7374947C7374B47CB15BB57C38
:104FF00054747474336C346C346C346C546C346C22
:10500000346C1364556C356C356C136C96743CAE13
:10501000B67C556CF45B566C3564566C3564566CD6
:10502000356456641564766C1564766C3564366444
:10503000765C55642A2A8C3AEE42314BB353145CA9
:105040009664D76C3875F463346C1785D67C146419
:105050007564F774966C76643664766CF77CF784C6
:10506000D35BF45B187D18755975366CD553944B2A
:10507000F9745A7539751975F86CD86C5A7D39758B
:10508000F86CF97439755A7DF96C197519755A7D72
:105090001975F86C3A7D3A7D5A7D19751975397D07
:1050A0005A7D3A7DF874197D5A853A7DF974F97400
:1050B0003A7D39753975F86C5A7D5A85576CF24AC4
:1050C000166CD56B6F421674167C725B715BB67C86
:1050D000EF4A7263D78C4D3A555BD24AA83A0743E0
:1050E000CB42CA42CA42CA42A942AA42A942A942E2
:1050F000A942A942A942A9428942894289428942D8
:1051000069426842684268426842483A483A483AC6
:10511000483A483A483A483A283A283A127D13859C
:10512000538D538D74959495B59DD59DD6A5F6A5B3
:1051300016AE17AE37B637B637B637B637B637B658
:1051400037B637AE57B658AE7795368D98953AA69E
:105150005685D57C778D5785D6745364746CF674F8
:1051600057855364F253D56CF874F5537364577DC7
:10517000355CF14B1354F34B7664B66CEE32B89554
:10518000D153326498951164778D736C326477953E
:105190001164D37C3485F384D3845174D284F38432
:1051A000B27C927CB27CD37C927C927C7274B37C15
:1051B000937C7274937C937C937C737C737C937CE0
:1051C0007374937C73747374B47C7474536C336CA5
:1051D000D584578D747413645474336C136C1364D6
:1051E000F363136CD363F363F363D263B67C1BAED8
:1051F000556C566C356435645664155C766C356454
:10520000566C356456643564766C35643664566421
:1052100077647664AD3AAD3A31433043724B934B89
:105220003554355434543564F45B9253F35BB6749F
:10523000966CFA95966C56645664F874355C356CC9
:10524000556CD7749674566CF45BD55BB453B86CDC
:105250003A7D19751975F86CF86C5A7DF974F96C0A
:10526000F97439753A7DF974F974F9745A7D1975C0
:10527000F86C19753A7D5A7DF974F9745A7D5A7D26
:1052800019751975397D5A85197DF974F9743A7D46
:105290005A85197D1975397539755A7D3A7DD45BF2
:1052A00073537453CE295363904A725BF88CF04A5F
:1052B0009263D88C6F3AD34AD36BD46BAF4ACA424D
:1052C000AA42CA42CA42A942AA42A942A942A94242
:1052D000A942A9428942A942894289428942694236
:1052E000684269426842483A6842483A483A483A0D
:1052F000483A483A483A483A283A283A127D1285BC
:105300003385538D74959495959DD59DD6A5F6A519
:10531000F6AD16AE17AE37B637B637B637B637B6C0
:1053200037B638B638AED79D7695979598959895B7
:10533000778DF57CB895988D756CB66CF77C756437
:10534000345C5564187DB76C1454545CF774FA954A
:10535000B56CF34B355496649243F253357D2F432D
:105360009474D57CD57436851264D57C9474F263BC
:10537000568D9274F27CB384D384D384F384B27C4C
:10538000B27CF384D384B27CB27C927C927CB37C7A
:10539000937CB37C937CB37C927C737C937C73749E
:1053A000937C7374737C94747374B47C5374336C93
:1053B0002F4B536C7474F263336C346C7474B67C1E
:1053C000F684F784388D388D5995B99DFAA579956D
:1053D000356C356CF55B3564155C766C156456641C
:1053E0005664356435645664356456645664366C68
:1053F000565C97645564966C5A75377D5985197D4E
:10540000197DF874F76CB76C966CB2533364D25351
:10541000345C1254D353366457643664B453345CEA
:10542000766CF87C5674114BD78C744BD874197504
:105430001975F974B874F96C3975F974F96CF86CFC
:1054400019751975F96C1975F97439751975F87438
:10545000197519753A7DF974F974397D5A7D3A7D5B
:10546000F87419755A85197DF974F9745A855A8535
:10547000F974D77C397D597D5A7DF874F974BB8DE8
:105480003664544BF34AAD292E3AD7848F3A767C52
:1054900097842E321353367CF36BEF4A9463315367
:1054A0008B3AC942CA42AA42A942A942A942A94288
:1054B000A9428942A9428942894289428942694274
:1054C000684269426842483A6842483A483A483A2B
:1054D000483A483A483A483A283A283AF27C1285FB
:1054E0003385538D548D74959495B59DD6A5F6A5A9
:1054F000F6AD16AE17B638B617B657B637B637B6D6
:1055000057B619A6979D5695989DB89D779516857F
:10551000578D3AA6F574D5743785D674D674756CE4
:10552000D774B76CF874545CF353F874397D96648F
:10553000525C7885135C135CD24B914BF25BF57C2B
:10554000736C3685746C536C56853264F584B47C08
:10555000B2743485B17CD37CF384D384F384D28455
:10556000D284F384B284D384927CB384927CD37C3F
:10557000927C9274B37C927C7274937C937CB37CA7
:1055800093747374527452743274F163326C947CF9
:10559000B47C54741AA61AA6F9A5DAA51BA6DA9D3E
:1055A000BA9DBA9D79957995598D388DF784556C4A
:1055B000356C356C1564156435641564566C15646A
:1055C000566C36643564156436645664566C3564BE
:1055D000365C365C766C976CD96C59857A857A85A1
:1055E0009B8DBB8DDB95DB8DDB8D5985D774766C00
:1055F000766CB253966C3564D3535143D44B766476
:105600001564B77CF04AB363D463934B197DD874A7
:105610003A75D86C187519753975F96CF97419756E
:105620001975F974F86C1975397D1975D86C197577
:105630005A7D3A7D1975F974397D3A7D1975F97479
:1056400019753A7D5A7DF974197D3A7D5A85197D0F
:10565000F9743A855A85397DF974197D5A85397DF1
:105660005A853664945BD14AEE399042367434746C
:10567000B142303AF88C936371425053F36B7363C9
:10568000EF4AA942CA428942AA42A942AA42A94271
:10569000A9428942894289428942894289426942B2
:1056A00069426942684268426842483A483A483A20
:1056B000483A483A483A283A283A283AF27C128539
:1056C0003385338D538D74959495B59DB5A5F6A509
:1056D000F6AD17AE17B638B617B657B637B637B6F3
:1056E00017AE989D9795B89DD99D9895578D3685FD
:1056F0009895B8955685946CD9951B9E5464F35330
:10570000DB95187D5564F253597D1975B76CF34BD1
:1057100037751A9EF67C8D2AF67CF67CB253158579
:105720003685536C36853264B4743685326C158593
:105730003485B274F284F384F384F384D27CD3840A
:10574000F384F384D284B27CD384D384D384927CD4
:10575000B27CF484D384937C937C937C7274316C9C
:10576000527473749374168D5695B8A5F9AD3AAE0C
:105770005AB6FBA598955AAE77957895178D178DE3
:10578000D684967C967476747674556C356C3564D4
:1057900035641564156435641564566CF55B3564C1
:1057A000F45B566C15643564356436641564566470
:1057B000155C7664365C77647764B76CD76CD86CAC
:1057C000F8741975397D5975597D9A85DB955A8517
:1057D000B77438859A8D9A95966C766C555CD553CE
:1057E000324B104B8E3A146CF463D67435645A8580
:1057F0007764196DF86C1975F96CD86C1975397571
:105800001975F974197519753A7DF974F9745A7D19
:105810003975397DF8743A7D5A851975F974F974BA
:105820007B853A7DF974197D3A7D7B85F974197D04
:105830003A7D5A855A85D86C3A7D5A853A7D1975D4
:1058400019757A853664745BD252F252D36BF25278
:10585000EE31B684B24A103AF0521474D26B0F5340
:10586000D56BF04AA83AC8428A42AA428942A94264
:10587000A942A94289428942894289428942894290
:1058800069426942684268426842483A483A483A3E
:10589000483A483A483A283A283A283AF17C128558
:1058A0003385338D538D74959495B59DB59DD6A54F
:1058B000F6A5F6AD17AE17AE17B637B658B638AE72
:1058C000769D9795D89DD99D97957795789598953C
:1058D000778DD57C578598955785F674F67CD67468
:1058E000F7745564345C597D187DF774B24B587D5C
:1058F000B98D588D956C135C0F3B946C988D326408
:10590000D57CD574125CB895B374B3745585148581
:105910001385348DF27C1385F384D27CF384F28476
:10592000F284D27CF37C1385D384B37C927CD384C1
:10593000B384727C52745274937CB384158D979D9A
:10594000F9AD5ABE9BBE9BBE7BB63AB619A6B89DB2
:105950009895588DD57C94747895F684B67C346C83
:10596000346C556C556C146414643464356435645B
:1059700015643564566CF55B1564F45B3664156428
:105980003564155CF55B15643564366415645664DE
:105990003664355C7664566457647764566456643E
:1059A0007764976CB76CB764B76CD76C197DF87C6B
:1059B0007664F77C3885766C3885BB95DB95F87412
:1059C000B7743564F042B353F45BD253145C724342
:1059D0007764986C1975B764D86C19751975F97472
:1059E000D86C3A7D19753A7DD86C19753A7D3A7D37
:1059F0001975F86C5A7D5A7D3A7DF974197D5A856E
:105A0000197D397D19753A7D5A85F9743A7D3A7D4B
:105A10005A853A7DF9745A853A7D3A7D197D3975F2
:105A200039755A7D5A85366CF24A9584F039303A88
:105A3000189590420F3A9142567C515BAF421895AF
:105A4000B04AD46B1153A93AC742AA42AA42A9420A
:105A5000A9428942894289428942894289428942CE
:105A600068426842684268426842483A483A483A5E
:105A7000483A483A483A283A283A283AF17C128576
:105A80001285338D538D74959495959DB59DD6A5AE
:105A9000F6A5F6AD17AE16AE37B638B6F7ADB79D6C
:105AA000979DB89DF9A5B89D779598959895788D0F
:105AB000F67C37851685B995D574325C167D5BA664
:105AC0007464145C387D5985B66CD24B9985BA8D57
:105AD0005885514B5464956C5364936CD474778D92
:105AE0003364536CF67CF05B978D147D358534857B
:105AF000137D138513851385F284F2841385F38453
:105B0000D27CF27CF27CF384B27CB27CB27C5174A5
:105B1000717493845695D8A539B69ABEBBC6DCC6B7
:105B20005ABE19B6D9AD989D5795158DF584B47C9C
:105B3000D47C546C7474336CB15BB57C336C346C52
:105B4000146C136414641464146434641464F4638F
:105B500014641564F463356415643564F45B15648A
:105B6000156415641564356435641564F55B366435
:105B700036645664365C566457647764566456647B
:105B80007764776456649764976C976C976CB76C7E
:105B9000D874D774145C3564F77C398D9A95D774B2
:105BA000976C976CB76CF8747664956CD353566C9D
:105BB0005243165CD653565C9764F974B86CD86C33
:105BC00019753A7D1975F96C3A7519753A7DF9743C
:105BD00019755A7D397D397DF974197D5A853A7D5B
:105BE000197519755A855A85197DF974197D5A8563
:105BF0003A7D197D197D5A857B85F974F9745A7D32
:105C00005A7D7A7DF86C5A85776C1253315316742D
:105C1000B14A904A8C313995D252AE421795503ADA
:105C20001474116CB76B12536632A842A942A94290
:105C3000894289428942894289428942894269422C
:105C400069426842483A68426842483A483A483AA3
:105C5000483A483A483A283A283A283AD17CF284D5
:105C600012851385338D54957495959DB59DD5A555
:105C7000D6A5F6A516AE16AE37B6F7AD569556951F
:105C800019AE19A6D89D97959895B89D9895378D7A
:105C90001785788D5785B574788DF99D3364F674C2
:105CA000B56C5885387DF774F3535885998D79858F
:105CB000D24B0F3BCE3233641A9E167D3264736C26
:105CC000D574336412645685D374958D5485F37CF2
:105CD0003385748D33851385F3841385F284F384BF
:105CE000D27CF284D2849174B27CD284D384D7A53E
:105CF000F8AD9BBEDBC6BBC69BBE19AEF8AD979D8B
:105D00005695F58CF58CB47CB47CD47CB47CB47C96
:105D100094747374336C957CB25B536CD57C136450
:105D2000346C1364346C356C1464556C14641464F2
:105D3000356C35641564F45B1564D45B36641564A6
:105D40003564F55B1564155C366435643564355C23
:105D50003664155C566456645764566456647764BA
:105D6000776477645664776457647764976477647C
:105D7000986CB76C5664F87C1885F884D042724BE6
:105D8000B35376641975397D7A85566C3885598593
:105D9000766CB874576C365415543654565C976408
:105DA000D86CF96CD96C197519755A7D1A75F86C1F
:105DB0003A7D397D3A7DF974F9747A853A7D397D79
:105DC000F9745A7D5A85197D197DF9747B853A7D60
:105DD000F9743A7D5A855A85197D197D3A7D3A7D47
:105DE0007A85D86C5A7D5A7DBB8D965B7153F3636F
:105DF000CF317042D794B1423153F573B04A725BE0
:105E0000577C5153ED4A387CF252A83AC942894234
:105E1000A94289428942894289428942894268422B
:105E2000683A6842483A68426842483A483A483ACA
:105E3000483A483A483A283A283A283AD17CF27CFB
:105E4000F2841285338D538D74959495B59DB59DCF
:105E5000D6A5F6A5F6A516AEB69D769DD8A5D8A56D
:105E6000B79D19AE979D9795B89D9895578D1785B5
:105E7000DA9D1BA6956C746C998D199E5785F1530C
:105E8000377D1B9E177DD1535885BB955985D24BC5
:105E90009785B04B5364125CF67C5885B5741264D8
:105EA000546C95743264768DB7955485337D748DBA
:105EB00053853385F27C33853385F284F284D27C3A
:105EC000D284F38CF38C5495F7ADBAC61CD7DBC6DD
:105ED000BBC65ABEF8AD569D1595358DF484F48435
:105EE000937CB47CB47C937C737473749474737477
:105EF000536C536C9474346C5574D263F584178569
:105F00007574146C146C146C356CF463F463F46382
:105F100014641564F4631564F55B366CF45B156406
:105F2000F45B15643564F45B1564F55B1564355CEE
:105F300036643664155C5664565C365C5764576448
:105F4000576457647764576457645764986CB86CA7
:105F500077649764565C155CB35B3153D78CB35B45
:105F6000F87C976CD96C976C5664F663F87C38852E
:105F70003885967418855B7D3A759764775C365CD6
:105F8000165436547764B8641975F96CD86C397541
:105F90003A7D5A7DF86C19755A7D3A7D1975F974F8
:105FA0007B855A7D397D197D197D5A85197D197D2D
:105FB000197D5A857B85F974F9745A855A853A8515
:105FC000F97C5A7D5A7D5A7DD8749A8537649353EB
:105FD000725B946B936B1153D36B73639042567CDB
:105FE000F252AE4257953053B46B10536A3AA942FD
:105FF000894289428942894289428942693A684292
:10600000683A483A483A68426842483A483A483A10
:10601000483A483A483A283A283A283AD17CF27C19
:10602000F27C12853385538D538D759D7495D59D66
:10603000D59DD5A516A6F7A5969D769539AE39AE10
:10604000979D769519A6F9A5D99D578D578D989549
:10605000788D3785D674798D177DB56C946CF995EC
:106060005364B56CB56C5885998DDA9551430F3BE7
:10607000F253B474778DB574125C5364F67CB574C6
:10608000704B536416853585978D537D948D53855C
:106090007485337D337D32851285D284B17C5495ED
:1060A000D6A579BEDACE1BD71BD779BE17AEB7A55A
:1060B000769D3595D384D484F48C1485D37C937CDD
:1060C000B37C937C937C737472749374536C737409
:1060D000736C5374336C336C136CF263B15BF15BB0
:1060E000747412641364556C1464F4631564156459
:1060F00014641464156415641564F55B1564F56324
:106100001564F45B155CF55B366415643664155CE8
:106110003664165C366436643664565C565C365CAF
:10612000365C575C776436645664566457647764AB
:106130005664B764D76CD874324B9363557C556CF6
:10614000D77C766CD8743664166497647764B453DD
:10615000D87CF87C3564BB8D7A8DDC957B857A7D27
:10616000F76C775C3654575C3654B864B96C397543
:10617000F974F96C19753A7D5A7DF97419755A7D5F
:106180005A851975F9745A7D5A7D397DF9743A7DAD
:106190005A7D5A85197DF9743A7D5A853A7DF9748C
:1061A0003A7D7A85397D197DF974397D5A85376450
:1061B000324BD46B4D31F473525B4F3AF88CCE298D
:1061C0009042F58CB24AF36B136CB56B1153683A7D
:1061D0008A428942894289426942694269426942E6
:1061E00068426842483A483A483A483A483A483A4F
:1061F000483A283A283A283A283A283AD174D27CA0
:10620000F27CF2843385338D538D5595749D949D26
:10621000B49DF6A5B69D568D568D979519A6D89D19
:10622000568DD79D97959BB6578D778D999D99954E
:106230003785B574B99558853885335C988DD9956F
:10624000988D4F43D56C7CAEDA95704BEF3A504346
:10625000746C936C3685F674125CB153D574B47457
:10626000167D5785167D5364D153B68D7485B58DD3
:106270005385328552851285F2845495B9BE5CD718
:106280003CD7FBCE9AC638B6959D5495148D348D67
:10629000F48CB27CF484D384D484B37C92749374ED
:1062A0007274727452749374937473749374536CA1
:1062B000536C5374336C336C547454745474F1636E
:1062C00077955474B57CD35B356C1564156415648F
:1062D00014641564156415641564F55BF55B156449
:1062E0001564F55BD55B566CD55B36641664F55B5F
:1062F000165C166416641664166436643664366476
:1063000056645664375C365C5764776457645764E8
:10631000776C775C976C776CD45B5253124BDB9D38
:10632000766CF77CD353F55B986C56645664155CB9
:106330005A8D1885B67C3464566C3A85BC8D9A8526
:10634000DA85DC8D5A7D97643654F54B375C775C83
:106350009764D86C19753A751A7519753A7D7B85ED
:10636000F97419755A7D5A7D5A7DF86C3A7D5A7DBB
:106370005A7D3A7DF9745A85197D3A7D197D197DCA
:106380005A85197D3A7DF9743A7D3A8519757A7D79
:10639000776C345B514AAC31125BF88CAE21F14A18
:1063A000745B535B0F4BB784D24AB04AD46BD05264
:1063B000693AA742483A6A42684269426942694278
:1063C000684268426842483A483A483A483A483A45
:1063D000483A283A283A283A283A073AB174D27CFF
:1063E000F27CF27C1285338D538D538D53959495A9
:1063F000959D7695F58435853585768D7795578D80
:1064000077955AAED89D1585D99DF99DB89DF67C96
:10641000788D1A9E3785F77C3464B98D998D5785B0
:10642000335CB98D7364B674956C746C2F433364AC
:106430003785367DD574F67C914B904B4F43357D37
:1064400039A6D895936CD574F67CB895D7951385F5
:10645000528D5395959D99C61BD77CDF1BCF99BE56
:1064600037AEB59D9595348D548D338D348DF37C39
:10647000D37CD37C9274D37CB37C937492749374E6
:106480009374527472747374526C7374326C536C70
:10649000326C536C336C336C3364546C546C926355
:1064A000B363D7845574146CD36335641464F46394
:1064B000F46315641564F45BF55B15641564156489
:1064C0001564F45B3664F55B3664F55B3664165C24
:1064D0003664366436641664165C165C366436645C
:1064E000366436643664175C375C575C375C375CFF
:1064F0005764786C165C365CB54B165CB54BD35B59
:10650000966CF35B187D397D5664576C1664B453F2
:10651000F563F463388D556C188556645A85597D3A
:106520009A85DB8D9A85DB8D7A8539759764D54B95
:106530001654775CD86CD86CB8643A7D3A7D19757E
:106540003A7D3A7D5A7D3A7D19753A7D3A7D5A7D7C
:106550003A7DF9745A853A7D3A7DF974197D7B85C7
:10656000197D3A7DF9745A855A85397D19753975C1
:106570005A8577743353F152D5736F42D252D46B2C
:10658000D573303A9784B04A7363B784AF42956B42
:10659000CF4A493AC84288426A42684268426842E1
:1065A0006842483A483A483A483A483A483A483AB3
:1065B000483A283A283A283A073A283AB174D27C1D
:1065C000D27CF27CF2841285338D528D7395959D29
:1065D000558DD484D57C1585168515851685778DC2
:1065E000D99DD89DB8953685578D3AA6578DD574C7
:1065F0005785DA9DF67C7464998D998D377D125498
:10660000988D5BA6F995EE3AD253746C956CF67C36
:10661000946C946C946CF25B778DF153978D137539
:10662000137D5485F47C5685B57C746C526C14854E
:1066300078B61ACF5CDFFAD6B9C637B6B59D749571
:10664000538D748D3385F2841385F27CD27CB27CB9
:10665000B27C9174B27C9274716C7274726C72744C
:10666000526C316C316C316C1164F163326C1264B8
:106670001264126432641264126412643364F46348
:10668000B35B7253967413641364F35BF35BF45B54
:10669000F463F563D45BF55BF55B1564F563F55B5B
:1066A000F55BF45BF55B3664D55B16641664165CCB
:1066B000165CF55B165C16641664375C3754165C22
:1066C000175C175C165C165C165CF653165C165C61
:1066D000365CF55BB553734B944B97643654D45B7F
:1066E000724B556C766C56645664944B165C586CC1
:1066F0003764D453B76CF8841464B774355CF87499
:10670000397DF86C597D9A85BB8D9B859B855A7D1B
:10671000F96C565CB44315549764D86CB864F96C42
:1067200019755B7D5A7DF974397D3A7D7A85397D9D
:1067300019753A7D5A853A7DF974197D5A853A7DE5
:10674000197DF9745A853A7D197DF9743A755A7D27
:106750005A7D1A7D56643353525B8E29F47B756BD8
:10676000ED313895D131335BD68C6E3A9263F36B51
:10677000345BB14A673AA6426A426842694268425B
:1067800068426842483A483A483A483A483A483AA9
:10679000483A283A283A283A283A073A9074B17485
:1067A000D27CF27CF27C12851385538D759514850D
:1067B0009374947CF584F47CF57CF57C778DD99D7D
:1067C000B89D578D778D7BAE778DD57C578DB895DD
:1067D000988D167D746C998DB995167DF2537885D8
:1067E0003B9ED98D335C5785914BB153988D56851F
:1067F000F57C33643364F67C904BF99D399E958526
:106800001375337D958DF47C536C168DD8A57ED78A
:106810005DD7DAC658B6F6A5B59D7495338D328529
:106820003285F17CD17CD27CB174B17C917470746E
:1068300070747174306C306C106C106CCF63CF63FB
:106840006E5B4E5B4E5B4E532D4B4E530D4B2E539A
:106850002E534F536F536F536F53905BB05BF25B8C
:10686000F25B91531264B5745785B253D35BF35BFB
:10687000F463F463D45B1564F55BF45BF45BF55B84
:10688000D55BD45B1564D45B1664D55B1664165C6B
:10689000165CF55BF55B165C16641654F653F653FE
:1068A000F55BD453934BB35B724B514B514B514BF4
:1068B0003143AF42F042D042D353B353D353114B81
:1068C000D0427253F363566C7353D874365CF653EC
:1068D000D653B54BB44BF463D77C346459853564D7
:1068E000776CF9745A7D397D397D397D7A85DC8DF7
:1068F0009B855A7DF86C565CF54B3654575C976413
:106900001975F96CF97419753A7D5A85F974397DE0
:106910003A7D7B853A7DD8745A853A7D7B85F974BA
:10692000197D5A853A7D3A7DD8747B853A7D3A7DCA
:10693000F86C5A7D9B85166433530E32CF39D05292
:10694000D88CAF29557CD46B70421153B36B9263D2
:10695000F152135B8F424A3AA74269426942684248
:10696000483A6842483A483A483A483A483A483AEF
:10697000483A283A283A073A283A07329074B174CC
:10698000B174D27CD27CF28412853385F37C72742C
:106990009474B474B47CD57CD57C3685B8959895C0
:1069A000378D1685788DB895D99D168536855BAE61
:1069B0003685746CB995998D5885135C998D1A9E9E
:1069C000988DD1534F43B574167DD5747364778D0C
:1069D000736C33643364B15337857364189E968542
:1069E000547D73857385958DD89D5DD7DCC6FAADD2
:1069F0001685D79DF69DD58D5385127D3285F17C08
:106A0000B074706C906C706C506CEF63CE63AE635E
:106A10008D5B0B4BEB4AAA428A3A4832E731C629D2
:106A2000C729862986216621A7218621A7298721B2
:106A300087218721A729A829A829A829C83109328F
:106A40004A3A6B3A8C3AAD42EF4AB253B253B3531F
:106A5000D45BB45BB45BF45BF45BD45BD45BD55BBD
:106A6000D55BF45BD45B1564D55BF55BD55BF55BFF
:106A7000F55BD553B553944B744B5053EF428D3A5D
:106A80002C3AEA31CA3168196819682188216821CD
:106A9000681926196719A821C921C921EA21EA31F3
:106AA0002A328719AB3A2A2AAC3A2E4BEE42CF4211
:106AB000D042114353533243B3535564556C155C64
:106AC0009874B96CB96CB86CF9745A855A857A7D2A
:106AD00039757A7DFC8D9B851975F54BD54B575CC7
:106AE000775CB864F96C397D5A7DF974397D5A7DCB
:106AF0005A7D3A7DF9745A853A7D3A7D197D197D22
:106B00005A853A7D3A7DF974197D3A7D1A7DF9747A
:106B1000197D3A7D5A7D9B8536649463D252F57314
:106B2000D042535BF36B115370429784535B0D3229
:106B3000757C7263135B8F426A3A68426842483AD6
:106B40006842483A483A483A483A483A483A483A0D
:106B5000483A283A283A283A0732073A907491740A
:106B6000D17CB174D17CF2843285B374326C536CB5
:106B7000B57CF57C9374946C368598959895167DC4
:106B8000F67C1AA6F99D3685D5743AA63685F57435
:106B90005785988DF99D57853364998D1B9E988DE7
:106BA0005364F5744F435364167D988DD574736C9C
:106BB000F57C946C3264F153D995D574167D1575B6
:106BC000389E748D949D3BD77EDF7AB61685989556
:106BD00012649795968DB695527D517DB0740F6C69
:106BE000CE638D5B6C5B0B53893A0832C729A621B3
:106BF000A619A621A721E829293269328A3AEB424F
:106C0000EC4A0C4B2D534E5B6E5B6F5B8F634E5BA0
:106C1000D0632E5B2E530E53EE4AAD3A6C324A329D
:106C2000E929E929C929C929A921AB3AAC3A4F5325
:106C30000F4B5153935BD353D45BD45BD45BF55B65
:106C4000D55BF45BF45BB453F65BD653B64B93530E
:106C5000524B104B8D3AEA31892967194719471968
:106C60006919AA21CB296D2AAE42EF421043F042A6
:106C7000CF420F4B304B314B314331435143714B7A
:106C800030430F438D324C2A6D324A320A2A8D3AF4
:106C9000EB29CB29CC29CA216C32EE42CE42504B93
:106CA000B25393533664776419753975397DF96C2D
:106CB00019755A7D9B857B855A7D3A759864B443D6
:106CC000D453365C985CF974F974F9745A7D7A85FA
:106CD000397D197D197D5A853A7D197D19755A8539
:106CE0005A853A7D197D3A7D5A853A7DF97C197D20
:106CF0005A85397D1975F96C7A85F663B463335B0F
:106D00006D293484914ACE29F78CD04A103AB78441
:106D1000D36B8E42515B93636F42483A8842683A24
:106D20004942493A483A483A483A483A483A483A49
:106D3000483A283A283A283A0732073A9074917428
:106D4000B1749074F27CF27CB174F26312641264D8
:106D5000536CD474536C167D788D778DF67CF67CED
:106D6000988D578D3685B474988DF995988D325CD1
:106D7000F5749CAE778D325C778D3BA6D995946C7B
:106D8000125C5364F5745685B46CD474988D736436
:106D900073649785D88DD7957685D574D574B56C81
:106DA000768D95953BD7BDE758BE5585B795978DA0
:106DB000578D11648F537695527DCE64C942A721B9
:106DC000A6212319231924198521483AEB4A4C534B
:106DD0008D5B0F6C106C106C106C516C7274727453
:106DE0007274526C72745274326C326C326C326CDB
:106DF00077959CBED9A557953785F67CB56C546CB4
:106E00001364D25B705B2F4BCD4AAC424A32E92906
:106E10002A2AA9212C32EE42104B7253B45BD55B67
:106E2000B4539553B453935B7253104BAE42A921A4
:106E30002819E71008196921CB314D32CF4271531F
:106E4000F4637674D87C7A859A957A8D1A75B86CC5
:106E5000366C11439453B553F653575C9764B8643A
:106E600077647764776CD45B156C34643364F7842F
:106E7000F3637153304BEE42AD420B2ACA214B2AC9
:106E80004B2AC9218D32F453F96C5B7D9964397DAD
:106E90005A7D5A7D397D397D5A7D9B853A6DD44B1B
:106EA000514BF45B37547864B96C5A7D5A7D5A7DE6
:106EB00018753A7D5A85397D3A7D197D5A7D5A85F6
:106EC000197D197D197D5A853A7DF9743A7D197DB0
:106ED0005A85197DF9745A7D3A7D7B85B55B335BA4
:106EE000714A8D39B052F88C503A9142325BD56B71
:106EF0006F3A6E3A5995B04294638D422832873A80
:106F00002732493A2832483A483A483A483A283AE1
:106F1000283A283A283A283A0732073A9074B17446
:106F2000906C9074D27C726CD15BF15BD15B3264FB
:106F30003264125CF57C778D7785167DF67C5785FB
:106F4000998DF57CB474B895B895157D946C7BA635
:106F5000D574D574D574988D5BA6998D5043B5744E
:106F6000167D325C5785978DF57C3264D474988D8C
:106F7000367D7364B78D389EF3745264936CF67CDF
:106F800073745AB6DEDF37AE3285D38D938D50647D
:106F9000368D16857795F163F6950D54C100641909
:106FA000062AA93A8C5B5074D184B17C917CB17C67
:106FB000B17CB174B27C7174927492747274927474
:106FC00072749274727473745274326C7374326C1F
:106FD000368D9FDF9CBEB99D789599959995598D71
:106FE000398D398D1885D784B77CF563D35B504BC9
:106FF000336C0D434B2AA929CB312D32D04211439A
:10700000714B11536E420B326829E518C4200819E0
:10701000CB29CF4AB45B3664776C5A95DB9D1CA6AE
:107020001CA63CA69DAE3DA6FB9D7A8DB86C7764F0
:10703000114B2C22514B3243D55376649764986C94
:107040009764976CD87CF55B1564B4537A8D155CA6
:107050007764565CB764796C786C1564556CD67C33
:10706000B15B6C32AD320C1A97643A7D9B855A7DC8
:107070005A7D1975197519755A7D5A7D1A6D565CA8
:107080003143724BB443F64BB86C1A755A7D19757F
:1070900039757B85397D3A7D19755A855A85197DF3
:1070A000197DF9747B853A7DF974197D3A7D5A858D
:1070B000F974197D3A7D197D397DF86C5A85576CC4
:1070C0009453B152157432534F3A7463F8948D212E
:1070D000F252F99490424F3A2F3A325BAF4A29323A
:1070E000A642673A6A42483A483A483A283A483A01
:1070F000283A283A073A0732073A0732906C706C00
:10710000B074B1743064D15BB153D153F15B125C94
:107110003264D574D574F995367D946C788D988DDC
:10712000F67C3685B995988D3685946C77851A9E50
:10713000B895F25B946C9CAE3AA6956C125C904B41
:10714000B46CD995736C56855785D474936C5685F9
:10715000B78D567D9685D68DB68DD68D147D578D7F
:10716000947419AEFBBED595948D2F7DF395B074B4
:10717000558D526C568D905B55850F5C272AAD63FB
:10718000CC5B0E644F6C9074F27CF27CD17CF27C10
:10719000D27CF27CD27CB274D37CB37C9274937434
:1071A0009374B37C937473745374526C5374326CD1
:1071B000B47C5BB6989D1685D67CD67CF77CF77C34
:1071C000F77CF77C1785188517851985B77C556C72
:1071D000756CD67C33641053AF424E3A0C2AEB29BF
:1071E0000A2A4619E5102719CA294D3A1053366C58
:1071F000B77C598DBA951A9E7BA63BA61B9EDA9545
:10720000998D59855885197D977456643654155C47
:107210000C322C2230431143D453165C565C7764F5
:10722000976CB874D874776C776CF55B15643564BB
:10723000D874187D387D385CF653165C376C566C04
:1072400053535A95B77CD77CD6743B9E777D5A852D
:1072500019751975F8743A7D5A7D1975F96CD96CE0
:107260005143D03A7343F653575CD974D86C3A7D86
:107270005A853A7D197DF9745A855A7D397D197D73
:107280003A7D7B85197D197D197D5A853A7DF97482
:10729000197D197D5A85197DF9743A7D39755A7DA4
:1072A000165C5253B663AE21B36BF4738E29545BF4
:1072B000D673135B503A303AB66B7363F3528F4216
:1072C000483A4632683A483A483A483A483A283AB8
:1072D000283A073A283A073207320732706C706C46
:1072E000B174716CB053704B9153D153B053B053D0
:1072F0005364B88D7785125C167D978D1A9EF57450
:10730000125C988DB895167D536477851A9EB88D5A
:10731000946CD9957364B46CF15B3364746C125CD7
:10732000736CD574988D73643685D895F4745164F4
:1073300076851896D68D9585D68D1796547D516491
:10734000736C5BAED89DF79D1696149E107D107DD4
:10735000738DB6959795F5846F4B4E4B893A2B53A9
:10736000CD53ED5B706CF17C127D127D12853385FF
:10737000F27CF27CB274D27CF37C9274B37C727433
:10738000B37C72747274536C937473741264536C20
:10739000947CD99D16857474756C756C356C957478
:1073A000746C746C956CB674B674D674D774D87CDF
:1073B00035649674388556643564935B1053AD42DA
:1073C0002B3AEC29AE42B25BB6745885BA8D3B9E1F
:1073D0005C9E3CA6DA95798D388D187DB774776CF4
:1073E000776C586438643664D45BF5533654F45B78
:1073F00089296C2AF0423143B453D553375CB86CB9
:10740000D86CB86C5664B874B87456741564156C3E
:10741000388D967C915B7764365C57643764F65B95
:10742000F763F67CF784546CBA95BB959B8DF97421
:107430001975976C5A85197D3A7DF874D96C1A6D57
:10744000524B6E32724BF553365C56643A7D3A7D40
:107450005A7DF97419755A853A7D3A7DF9743A85E1
:107460005A85197D3A7D197D3A7D5A85197D197D98
:10747000F9743A7D3A7DF97C3A7DF9747A85F9742C
:107480003A7DF65B1143356CB56B50421153B56BC9
:107490001353CF31103A335BF673515B914AD45298
:1074A0008E42493A673A483A483A283A483A283A9E
:1074B000283A073A283A073A07320732706C906C3C
:1074C0003064B153B253F25B8F4BB04B904B53646B
:1074D000567D5785167DB474B474F574F574736C69
:1074E000778D788DF67C5364988D1A967785B15395
:1074F0005785BCB61A9E125CF57C0F43335C788DC1
:10750000167D736C73645685B474D474399EB68DCD
:10751000D695B685D68DD58DD58DD58DB485F58D81
:107520005585D99D588D978D99AE3585D074EE745B
:10753000349EF27C8F531485B4742F4B08328D5BCC
:10754000AE532E649074F17CF27C12851385D27C4C
:10755000D27CD27C1385B27CB27C72749274B37C80
:1075600072747274937473747374326C536C336C7E
:1075700074749895F57C546C546C546C346C146C25
:10758000346C146C1464156415643464356C366C96
:1075900077749674999559855985B774366C1564C6
:1075A000524B556C598DFB9DFB9DFB95998D377DFD
:1075B000D7745664F65B1764F763F65BF65BF65BAD
:1075C0001664166416649453D55B365C3754925334
:1075D00027216D32F042324B744BF65B5864B76C26
:1075E000976C5764976CB86CB86CB86C165C366462
:1075F000B35B156C7A9D97745A8D776CD45B166467
:10760000576C566CD363967C3DAE9A95D874B86C23
:10761000B86C5A85F9743A7DD874F87C1A6DFA6C96
:1076200031432D2A5153B44BD553976C19753A7D7C
:10763000F974197D5A853A7D3A7D19755A7D3A85D6
:10764000197D3A7D197D5A853A7DF97C1A7D197D1F
:107650005A85197DF9741A85F97C9B85976CF97C9C
:1076600019855B7DD55BB46350422F3A9684F15205
:10767000AD2951429142577CB04A503AF14A736366
:10768000D2526E424932483A483A283A283A283A81
:10769000283A073A073207320732E7316F6C5164F4
:1076A0006F4B2F43D1535364F1537043535C367D7A
:1076B000778574641254B88D5785125CF67C5785B3
:1076C000778D167D73645785FA95988D115C778D4B
:1076D0007BAE3AA6D1533364B574F57CF67CB46CBA
:1076E000778DF574736CF574988DD46CB78D59A63D
:1076F000D78D9585D68DF58DD48DB485D58D359660
:10770000F695568D5785B474368594855285D28DFD
:107710002F7D728D506C327D515C6E4B2519CB42A2
:1077200030542E64906CF174538513851385F28464
:10773000F284F384B27CB27CD37CB274B37C927456
:107740007274727493747374526C736C536C536C64
:107750009474788DF684746C3364146414641464C3
:107760001464F46315641564156415641564156474
:10777000566CF463D35B146CB67C556C566C776CAA
:10778000B974187DBB9539857774366CF563B45B35
:10779000B55BB453B553D55BD553F653F65BF55B88
:1077A000F55BF45BB35BD553166457641654514BC9
:1077B0002621AF3A114312439453165C7864776CD8
:1077C0005764776CD874986C776C9764F9747764A5
:1077D000F55B166CF984967C9774F55BD45356640C
:1077E0003664D6637353F8843CAE798DB253197501
:1077F000197DD8743A7DB86C3A7DF97C1975996415
:10780000113B2B2231539443155497641975197504
:10781000F9745A7D5A7D197DF9743A7D5A853A7DFD
:10782000F974197D3A7D3A7D3A7DF9743A7D5A852D
:10783000397D197D19753A853A7DF974F974197D88
:10784000197D1975FA7CF6633253567C914A0E3ACB
:107850000F3AEF39FA9C2F42504AD14AB46BB36BBE
:10786000B14AD152904A27322732473A473A283A0A
:10787000293A073A073A073207320732306C0F438A
:107880009053F15B8F4BF1537043335C377D577DE1
:10789000746412545785998DF674B46CB88D1A9E21
:1078A0007785115C57851B9E9995D05356859BAE65
:1078B0005AA6325C988D704B914B39A63685936CE5
:1078C000946C368536859364D46C978DF4741475F6
:1078D000B78DD58DD58DD58D9485D58DD58DD48D00
:1078E000D595758D7685D474546CF69D159E159E30
:1078F000718D3085D07CD385F1742C4B47212D4B75
:10790000715C7064906C327D117D1285F384F27C21
:107910001385F27CD37CB274B27CD27CB274B27424
:10792000727493749374736C736C736C736C336C48
:10793000536C99951785546C3464146413641464FF
:10794000F3631464F4631464F463F45B1464156403
:1079500015641564155CB363B784B67C388596747A
:10796000766C1564D45B93539353334B7453524BDF
:107970007353734B9453B453B553D553F553165CAB
:10798000D55BB453B45B365456643664F653514BEE
:107990002619B03A11431243D553165C77645764E5
:1079A000776C986C986C776C776CD874F874B86C4A
:1079B000166436641664599DF4631985D874B874D6
:1079C00017641664F563B77C7A9514641464BB8DF0
:1079D000F8745A85D86C19751975197DB96C586485
:1079E0008D32E921524BB4433654B86CF974197591
:1079F0003A7D3A7D197DF9743A7D5A853A7DF9745C
:107A0000197D197D5A85197DF974397D397D597D26
:107A1000F874197D397D197D197DF9745A85197DA0
:107A20001975B86C19757B859453335B70426D2959
:107A30005463FA9CEF3150428E29F573367C7042C4
:107A4000503A7142B2520E4B6A3A062A473A283AE5
:107A5000E831273A283A073A0732073290530F4362
:107A60006F4BB474F15B0E3BF153777D577D7364BC
:107A7000335C167DD98DD574D153F674167D125CA6
:107A80007364978DF99D5785F153778D5AA6D995D3
:107A9000736CB0535364167DF67C325C5685157D4D
:107AA0003264F5745785F7953475F78D9585547D57
:107AB000F695F695B58D9485F58DF58DD48DD48D8F
:107AC000B38D159ED595F374736C7474779599B6D0
:107AD000B074F074F074307D2B53C310AB3A2D3B6F
:107AE000F05B6E4B137D5485748D117D117D338554
:107AF000F284F37CB27CD37CF37CB274B274927463
:107B0000B374737472749374736C9374336C336C56
:107B1000536C99951785546C136414643464F35B47
:107B2000146414641464F45BF45BF45B1464F45B39
:107B3000D45BF45B3564B353D45B514BF784146C62
:107B4000F463114311431143F142F14AB04211432E
:107B50001143324B534B944B9453B553F55BF55B48
:107B60009453B4531664565C3664165CF653314B2A
:107B70002621B03AF1423243D55B165C5764776CEC
:107B8000B86C976C5764976CB874B86C976CB86C99
:107B9000B874776CB453104BB77CD77C3985766C4E
:107BA000D45B3764576C1664D45BB7743985D67C64
:107BB000F45BD353597DF9743A75F76C5954B35348
:107BC00065290A32D4431654365C9764F9743A7DB9
:107BD0005A7DF974F9743A7D5A853A7D197DF974A4
:107BE0003A7D5A85F9743A7D3A7D3A85197DD87483
:107BF000197D197D5A85F974F9743A7D197D197DBD
:107C0000B86C5A7D19751975F97CD55B945B504A2F
:107C10000F3AD252303AEE31D98C345B103A303AC6
:107C200050420F3A7042145BF1522A3A483A273ACE
:107C30000732283A073A07320732073271530F43A7
:107C4000AD3AD15B6E43F153567D577D7364B14BB2
:107C5000578557853364D14B57857785B88D125C2E
:107C6000F1535BA6B895D153367D7BAE3AA6D1537E
:107C7000946CF574B153167DB995B36C936C5685BD
:107C8000157DB36C936C17961796D68D94851696C2
:107C9000F58DB58DB48DB48DF595D48DB48DB48D31
:107CA000D38DF395928DD174148513643364F47C71
:107CB000737DB385D285EC5BE63124210F5C1054D3
:107CC0006E4BF15B56855585137D327D318513856D
:107CD000F27CD27CD37CF37CD37C9274B274B27489
:107CE00093749374726C7374536C736C536C536CA5
:107CF000536C788D1785546C336414641364136467
:107D000014641464F463F45BF463F45BF45BF45B99
:107D1000F45BF55BF55BF553165CD45B314B398D49
:107D2000F463F3631043F042D042D042AF3AF142E1
:107D3000F1421243534B744BB453B453D553945341
:107D4000B453165C1664365C3664165CF6533143E5
:107D50002721D042F1423243D553165C5764776CE9
:107D6000986C77645764986CB874986C776CB86C3E
:107D7000F97CD874155C356CB77C3985B353766C57
:107D8000B674776C3664165CF65B576CF87C767C60
:107D9000D45B3664F97CD974B96CD7543764C9297B
:107DA0006519514BB34B1654575CD86C197D3A7D0D
:107DB0001975197D197D5A853A7DF974197D3A7DB9
:107DC0003A7DD874197D3A7D5A85197D197D397DA2
:107DD000197D3A7D197DF9743A7D197D197DF97403
:107DE000F97419751975D86CF974F97C165C335BE4
:107DF0002F3ACF3150429463D563303A345BF3521B
:107E00000F32303A70423342135BCE4A0732273A80
:107E1000263A083A073207320732E73191536D327A
:107E20002F4BF57C6E4B367D5685535CB04B1675EB
:107E30007785F574325C367DB88D367DD04B97856D
:107E4000567D135C946C56857AAE3A9EB46CD153D1
:107E5000904BD574D895936CF574B89532643164B1
:107E60007685B78D5585F68DD58DD58DD58DB48D0F
:107E7000F58D948DB48DF595B48DB48DB48DD48D70
:107E8000F495D28D7185B06CF1745364315C315CC2
:107E9000B585B485CF64062223114B5B2B438D43FC
:107EA000AE53B474736CF57C147D73857385F27C6A
:107EB000F27CD274F37CD37CB274B274B274B374B7
:107EC000727493749374526C736C526C7374536CBD
:107ED000336C588D1785746C336434641364146484
:107EE00014641464D35BF463F463F45BD45BF45BF9
:107EF00015641564D45B155CD55B36649453B35B31
:107F00009353F363EF428E328E328E3ACF42D14298
:107F1000F1421143534B7353B453B453734B9453C3
:107F2000165C1664165C36541664165C165C1043B8
:107F300027211143F142324BB553365C7764976C7D
:107F4000776C5764976CB86C976C5764986CB8747E
:107F5000976CB86CD86C35649353D4637253598D55
:107F600038853985D55BF65B3764534B155CD45B3C
:107F700077747774576CB5531664354C0C32831094
:107F8000EE3AD54BF45B3654986419753A7D197501
:107F9000F874197D3A7D3A7DF974F9743A7D3A7D29
:107FA000197D197DF9745A85197DF9743A7D197D09
:107FB0005A85197DF974197D197D3A7DD874F97443
:107FC000197D197DF974B76C19753A7D3A7D534B5B
:107FD000545350425363F5732E329042D56B756300
:107FE000CF31303A50427342B04A8D42E731473A7E
:107FF0000632073A073A073207320732F163AE3AE0
:10800000CE423264D053B374B36CB04B7785D995FC
:10801000946C704B988D988DD46CB04B7785199E6D
:108020005AA6914B125C39A65AA6F15B5364B574FB
:10803000336433643685F57C3264D574D895D47452
:10804000B36CB68DD695B58DD58DB58D1696F58D4F
:10805000B485D495F595B48DB48DD38DD48DF49528
:10806000B38DB38DD48D928D8E6C2B4B2C4B8E5B40
:1080700049322832A621C721ED534E5CCD5B538D8A
:10808000737D7795116432643585B68D12751385CD
:10809000127D137DD274D37CD274D274B274926C7C
:1080A000B3749374B3747374736C9374336C536C50
:1080B0001264788D3785746C336434641364F363AD
:1080C000F363F35B1464F463F45BF45BF45BF45B01
:1080D000F45BF55BF55BD35BF563F65BF65B365CF7
:1080E000F553AD3AB15B0F4BEF4AAE3A8E42B03A20
:1080F000D0421143534B734B734B9353B453F55BC3
:108100001664165CF65B365C3664165C1654D03A20
:108110002721114BF042324BB553365C77645764DC
:108120005664776C986C776C5764986CB874B86CBC
:108130007764B86CD86C1A7D576C945B398DB77CBA
:108140005564346C7774376C386C1664B03AEF321F
:10815000F35B9153D25BEE424F4B68194719D04203
:10816000365C1554385CD86CF9743A7D1975F9741D
:10817000197D197D1A7DF974197D3A7D5A85197D0D
:10818000F974F9747B85197DF974197D1A7D5A8506
:10819000D974197D1A7D3A7D197DD8743A7D197D7F
:1081A000197DB87CD874197DD86CB86C976C5B7DE0
:1081B000F65B335B167CCD314F42B684525B904206
:1081C000914A5142934AAE422B3228322632273A04
:1081D000083A073207320732E73107321064504B52
:1081E000D163B47C326CF15B6F4B968DF474F57493
:1081F0006F43B46C7685367DB14BF574389E5685E9
:10820000B14B978DF57432645364F57CD053125C96
:10821000D9953685115CD4745685325CF57C189EF0
:108220005585F374968DB48DF595D58DD48DB48D1B
:10823000B48D1596D48DB38DB38DD48DF495B38D47
:10824000B38DD38DD495D39572858E746B4BEA42E2
:10825000C721A7214A3AF584327D6E5CD074F07C48
:10826000916C10649274568DB15B568DB3745485C5
:108270003385137DF37CD274F37CD374B27492741F
:10828000926C9374936C736C736C536C536C536CEF
:108290001264788D588D546C136414641464F35B09
:1082A000F45B1464F463F45BF45B15641564F45BD1
:1082B000D45BF45BF55BF55B1564B5531664165C33
:1082C000F6538E3ACF42CE420F4B8D3A6D3AB03ACA
:1082D000D042114B324B3243324BB453F55B165CF8
:1082E000165C165C165C365C365C165CD553AF3A91
:1082F0006821114BF1423343D553365C77643664C1
:108300005764776C986C5764776CB874776C576463
:10831000976CB86CB86C996C786C1664F563356CB6
:1083200092531885398DF984F663F663376C924B56
:108330008E328D32A919E929871989217153166462
:10834000986C765C7964197519751975F9741975D5
:108350005A7D197DF974F9743A7D3A7D197DF97465
:10836000197D3A7D197DF974F9743A7D3A7DF97475
:10837000F974197D5A851975F874F9743A7DF97490
:10838000D86CB87CF97CF974B86C986CF97CD864BA
:10839000D974B24AAE31914A3A9D8E42557CB46B43
:1083A000103A52423042483A28322732273A0732AE
:1083B000283A073A073207320732E731EF5B2E4B94
:1083C000905B4F4BD47C326C94747264F47C2D3B84
:1083D0005585F79575852E43F474189EB68DF15327
:1083E000D57458A65AA6714B10433364F47CD574E7
:1083F000D474978DB3743264167D56857264558536
:10840000F6951275337DF595D495F495938DD48DAD
:10841000F495F495B38DB38DD38DD48DD38DB38D69
:10842000B38DF495B38D928DB38DF38D149EB38D72
:10843000EF5B358D747C1264916C9385B38DF17C08
:108440007174738D3485568DF263336CB5841796D1
:10845000347DF274137DF37CD274B374B37493746B
:108460009374736C736C936C736C536C536C536C2C
:10847000326438855885546C346414643464F45B15
:108480001464145CF45BF45BF55BF45BF45BD45B49
:10849000F55BF55BF55BF55BD55BF55BF55B166452
:1084A000D553D042AE3A4C32EE4ACE42AE42D042E2
:1084B000F0421143114311435253F553F55B165CDF
:1084C000165C165C165C3664365C175CD55BAE4297
:1084D0008821114BF1425343D553165C36645764DF
:1084E0007764986C3764786C986C776C776C776C81
:1084F000986C986C976C7764D974F97C3664935354
:10850000B77CF77CB77C1885B45B376C386C376CFC
:10851000D563B3633053705BF16B766CD87C576C6A
:10852000375CD96CF96CF97C197DF97419753A7D51
:10853000397DF974F974397D3A7D1975F974197DAD
:108540003A7D5A85D874F9743A7D197D197DF9748C
:108550003A7D197D197D197519755A7D197DF97442
:10856000D974F97CF97C976CF974D974D97419753C
:1085700098747142EF39103A7142757C525B5042E7
:10858000934A30420C32273A283A283A283A083A95
:10859000073A07320732E7310732E731EE5B326CD8
:1085A000905B4F4B326CD15B1264746C6E4B958D4B
:1085B000169655854F435685179ED695704B157D5B
:1085C000B7AE39A63264788D704B904BB374778D0B
:1085D0005364F57CF57CF57C315C547D17961696DA
:1085E0009385B48DF595F595D48D9385D48DD48DE3
:1085F000F495B38DD38DD48DD38DB38DB38DD38DB1
:10860000F495B38DB38DB38DB38DD38D9285928D4B
:10861000127DF37C526C5274F784F79DF695B27418
:10862000107D528594959274F584B57CD2635585FE
:10863000926C147DF374F374F374B374B374B37401
:10864000B3749374736C936C736C536C536C536C02
:108650003364F77C588D756C34641464346414642A
:10866000F45BF45BF45BF55BF55B155CF45BF45B6E
:10867000F55BF55BF45BF55BF55BF55BF55B165C59
:10868000D553D042F0424C326D3A8D3A505BAF3AFE
:10869000CF42F042F142524BF55BF553F55BF55B8F
:1086A000165C165C165C1664365C375CD55B8E3ADD
:1086B000A829F142F1425343D553F65B3664776CF7
:1086C0005764365C986C776C986C3664776C986CF1
:1086D000976C776C776C986CD974986C9874F55B20
:1086E000366C556C967414649A957774566CD65B98
:1086F000F65B776C7674D7847574556C366CB453AE
:10870000D974F9745A7DD874F974197D397D197D3D
:10871000D86CF9743A7D3A7DF974197D197D5A85C2
:10872000197DD86C197D197D3A7DF974F9743A7DFB
:10873000F974197DD874F9743A7DD86CF974B86CF1
:10874000D974197DB86CB86CF974F974D8749874CC
:1087500074535042714A3042AE29315BD352D552E4
:108760004F424A3A2732283A283A283A073A283AD2
:10877000073207320732E731E731E7310E648F53B2
:10878000316C6F53D15B736CB15B736CF15B36858D
:1087900076854D43F37437A6968DD053B37478AE77
:1087A000B7AE115C0E43D153B474B4743164936C9E
:1087B00036853264B474978DF47CD16CB48DD48DCD
:1087C0009385D48DD48DB38DB38DB38DF495D38D26
:1087D000B28DB38DD38DD38DB38DB38DD38DD38D1A
:1087E000D38D928DB38DD38DB38D92857185B38DDD
:1087F000F595B5950F5C158D326CD15BF57CB58D1B
:10880000B38D117DB06C916C568DD57CF26315855E
:10881000D47CB7953485D274B26CD374B374B36C12
:10882000936C9374936C726C736C736C736C536C09
:108830003264D67C788D9574346414641464146442
:10884000F45BF45BF55BF55BF45BF45BF45BF45BAE
:10885000F55B155CF55B165CF55BF55BF55BF55B55
:10886000D553CF42D0426E3A6D3A6D3A8D3A51535C
:10887000AE3AAF3A11439353B453D553F553165C04
:10888000165C165C365C165C165C375CD55B6D322C
:10889000A929F142F1425343D553165C57645764FA
:1088A000366457645764776C57645764976C986C58
:1088B000776C776C986C986C986C576CD874D97C82
:1088C000776C524B1464F7849674398D566C176428
:1088D0003764576CB4531664366CF8847674D77C5E
:1088E0003664197DF97CD874197D197DF974197570
:1088F000F974F97C197DF974F974197D197D197D64
:10890000F974197DF974197DF974F974197D197D5B
:10891000197DF974F974397DF974197DD974197D4B
:108920003A85B76CD874197DB874F97CF974745BA6
:10893000503A103A3042EF393042F03952427042E8
:10894000493A473A483A283A283A283A283A073AD8
:10895000073A073207320732E731E7312E641064F5
:10896000F063316C4E4B0E431264F47C7374B25B53
:108970000E43968D159EF59DAF53116477AE77AE7D
:108980001164736C736C9053936C9795736C6E4316
:10899000726CB895315CF374D595F48DB48D928575
:1089A0009285D38DD48D938D938DD38DD38DD38D8F
:1089B0009285F495D38DD38DB38DD38DF395B38DEF
:1089C000B38DB38DD38DF395928D9285D38DF38D29
:1089D0009285B48DB06C937C9595F784B25B169EAE
:1089E000179E6F64D074327DF69D558D3685536C1D
:1089F000736C3685D374F374347DD374B374B36CF1
:108A0000936C936CB36C7264736C736C736C53641F
:108A1000125CD67C798D956C146414641464F45BD8
:108A2000F45B14641464F55BD45B3564155CF45B2F
:108A3000F45BD45BD453F55BF55BF55BF55B165CDF
:108A4000D553F0428F3A8F3A8E3A8E3A2B32B15B41
:108A500070539253524B944B944BD553D553F55B73
:108A6000165C165C3664165C165C375CB4532D32AB
:108A7000C929F142F1425343D553365C776C365CD9
:108A800037643664986C57643664976C776C776C8F
:108A9000776C976CB874986C576C986CB874D87481
:108AA000B86CF56397749674588D1464D77C987479
:108AB0003664F65B1664576C376456747674556C7E
:108AC000B77CB774766CF974197D197DF974F974F3
:108AD000197D197DF974D874F97C1A7DF97CD874E4
:108AE000F974F9745A85F974D874197D197D3A7D31
:108AF000B86CF9743A7D3A7DF974D8743A85197D69
:108B0000B8749A8D976C5A85F87CB87CF45B5142A6
:108B1000103A303A103A3142514232420F3A2A3238
:108B2000663A2532293A283A283A073A283A07324B
:108B3000073207320732E731E731E7312E640E643E
:108B40000F64CE5B9274326CB0530F4312641164A5
:108B5000558D927438A64E4BD17CB7B677AE316C3A
:108B60008D32504B336C97953164B374768DB16C04
:108B700071645264B795327DB28DB3857285B38DC1
:108B80001496F48D9385D38DF495D38DD38DB28DBA
:108B9000D38DF38DB38DB38DD38DD38DB38DB38D35
:108BA000B38DB38DD395928D928DD495D38DB28D97
:108BB000B2857285F48DD48DCF5B326CB5845274DE
:108BC000B695B58D948D327D906C3064D3745474A9
:108BD00074749474726CF374347DD374B374B3741A
:108BE000B36C936C736C726C726C736C536C536477
:108BF0003264D674788D956C346434641464F45B98
:108C00001464F45BF45BF45BF55BF45BF45BD45BE2
:108C1000F55B155C155CF55BF55BF55BF55B166468
:108C2000D55B8E3AAF3A8F3A8E3A6D3A4B32EA299B
:108C3000AD3A92535243744BD64BD553F553165C11
:108C4000165C155C155C165C165C175CB4530C2A3C
:108C5000EA31F142F1425343F653165C36645764ED
:108C60005764776C365C7764776C976C576C576495
:108C7000776C986C986C776C776CB874D974B86CA6
:108C8000786CBA7CD55B7353556C766C598D967C39
:108C9000D77CD45BD55B37643764F563B77CBA9D0A
:108CA000346C146C3674F97CF97CD874F974197DC1
:108CB000F974F97CD874F974197DF97CF974F97434
:108CC000197D5A85D874F974F974197DF974B86CE2
:108CD000197DF974197DD86CD874F97CF9741A7DF2
:108CE000D5535985598535645A95945B6F3AD0416F
:108CF0001042F039103A514231422F422A3A673A33
:108D0000073269420832283A283A283A0732073AA5
:108D10000732E7310732E731E731E7312E642E645D
:108D20002F6CEE5B1064516C92743053326C727421
:108D3000F37C926C8E4B348597AED7B6AF53957457
:108D4000336CCF5B726CD47C168532643164968D43
:108D50001485B274F274169ED5957285D38DF38DF9
:108D600092859285B38DF395D38DB28DB28DD38DCF
:108D7000F395D38DB38DB28DD38DD38DB28DB38D4D
:108D8000D38DF39592859285B38DB38DB38D9285F6
:108D90007285D48D9385B385137D716C769533740C
:108DA000316CD695F695F174AF6C327DD595F6841D
:108DB000F5847474336436851585D26C1475D36C60
:108DC000B36C936C936C936C736C52645364536484
:108DD0003364956C788DB674346434643464145C94
:108DE000145C145CF45BF45B1564F55BF45B155C7C
:108DF000155CF55BF45BF55BF55BF55BF55BF55BD3
:108E0000D553F042CF426E3A6D3A4C324C3AAE3ABC
:108E1000AE3AB25BB253D453B453D553F553165C48
:108E2000F65B165CF55B365C165C165C9453EB29BE
:108E30000C32D042F142734BD553165C36647764E2
:108E4000576436645764776C986C37645764776CF2
:108E5000986C776C5764776CB874986C776C786C96
:108E6000B86CB974B974576C7353D87CB77C75748B
:108E7000D77CB774576C16649553F663166C76748A
:108E8000146C967C76745A8D576CD974F97C197D64
:108E9000F874F974F97C197DF97CD974D9741A7D48
:108EA000197DF974F974F9743A85F974D874F97400
:108EB000197DF97CD874F874197DF97C9774B874AD
:108EC0001985B35BF884198D3253D46B935BCF391A
:108ED000EF393042114230420F3A2A3A493A473A82
:108EE000493A0832483A283A283A283A0732073AA3
:108EF0000732E731E731E731E731E7310E640E64DD
:108F00002E640F64EE5B0F64516C70536F53D47C0E
:108F10008F5393745164338DF9BE706C326C7053FF
:108F2000B05BB595D37C3164578DF57CF063D37419
:108F3000758D958DD1747064137DD28DD38DD28D46
:108F40009285B28DD38DD28DB28DB285D38DD38DD6
:108F5000B38DB28DD28DF395B28DB28DB28DF49565
:108F6000D38D9285B28DB38DD38DB38D928593853C
:108F7000B38D938593859285938D5385516C326C17
:108F8000915B979DF79D7485737D117DD074105C06
:108F9000726C9474388DD363915BF374B36C1475F5
:108FA0007264936C926C936C736C5364536C536CDB
:108FB0003364956C788DD6743464145C34641464B2
:108FC000F45B145C145CF45B145CF55B155C155C81
:108FD000155C155CF45BF55BF55B155CF55B155C8E
:108FE000F553F042CF428D3A2B322B324C3AB03A05
:108FF000AF3AEF42714BF77C3464B54BF553165CD6
:10900000D55BD65B1664365CF763F6539453C92977
:109010000D32D0421143734BD5531664576C3764ED
:10902000366457645764776C576C3664776C776C2A
:10903000776C57645764986C986C986C5764986C0C
:10904000B874986CB874B874F563D45BD463D7748F
:10905000187D598D566CB55BD65BD66358749453A6
:109060007A95F884F77C7253B45B98741A85F97416
:10907000D76CF97C197DF97CD874D874F97CF97CAB
:10908000F974F974F97C197D197DD874F97C197D0E
:10909000F97CF874F874D874197D5A85566CF563A8
:1090A0005A95F9845253F98C4E3A146CF46B125B56
:1090B000EE31104232422F424B42473A483A283A68
:1090C000483A283A283A283A283A283A0732073ABA
:1090D0000732E731E731E731E731E7310E640E64FB
:1090E0002E642F640F640F5CEE5B3374B47C2E4BE4
:1090F0001164368D568D2E4B6E531064126C4F4B8F
:10910000D05B558D526CF163D15BD37C558D4E6431
:10911000D174F79D958D117DF28DF38D92857285B9
:10912000B28DD38DD28D9185B185F38DD38D9285FE
:10913000B28DB28DF38DB28DD28DB28DD28DF38D75
:1091400092859285B38DD38DB38D9285B385B3858A
:10915000B3859285527D92859285948D3385716C0D
:109160009695505BD163568DB68D337D9064127D9C
:10917000748D3585336C346C1785F374978D936CCF
:10918000B36CB36C936C736C736C736C5364536497
:109190003364956C7885F67434643464345C146498
:1091A000F45B145C145CF45B145C155C155CF45BA0
:1091B000F45B155C155C165CF55B165CF55B165C88
:1091C000F553F04AAE3A4C324C324C3A6D42CF3AFB
:1091D000F04211433143924B714BF55BD453F55B35
:1091E000F55B165CF65B1654F663165C7453A9299E
:1091F0004E3AF14AF142534BD55316643764366404
:1092000037643764776C576437645764576C776C8E
:109210003664576C986C986C776C5764986C986C43
:10922000986C5764986C987498741564524BB77C1A
:10923000B67CB253598D7774576CD663B55B735354
:109240003564566C1464356C398DD87C776CB87481
:10925000197DF97CD874B874F974F97CF97CD874E8
:10926000D974F97C197DF974D874D9741A7DF97C94
:10927000D874F874397D197D776C36645A8D977C73
:10928000324B198D767CAC2139953153115376844C
:109290005242F2412F422A3A273A483A483A283A6B
:1092A000283A283A283A283A073A0732073A073242
:1092B0000732E731E731E731E731E7310E642E64F9
:1092C0000E640E640E640F64EE5BB05B326CF1638F
:1092D000D15B2F4BEE42EF42915B9474D15BF584EE
:1092E000D47C1164B47CAD3AB05BF063F384349EFB
:1092F000F174916CB48DB28DD08D92859185B185CC
:10930000B28DB28D9285B185D28DD28DB28DB28D56
:10931000B28DF395B28D9285B28DD28DD38D92851B
:109320009285B38DD38DB28D9285B385B38DB38580
:1093300092859285728592859285527D9485B16CD5
:109340003385F36B5474F684B79575851375D06CBB
:109350001275137D526CF684336C736CF15B536C35
:10936000936CD4749364736C736C736C736C53648C
:109370003364756C5885F67C34643464345C1464EE
:10938000145C1464145CF45B145C155CF45BF45BB7
:10939000F45BF45B155CF55BF55B155CF55B165CEB
:1093A000D553AF426D324C326C326D3A8E42CF4261
:1093B000F042F142534BF13AD774F45B566CF55BD3
:1093C000F55B3664F65B1554F663165C534BA921C6
:1093D0006E3AD042F142534BF65B166436645764E2
:1093E00057645764576457645764776C576436649E
:1093F0005764776C776C576C776C776C786C776C9C
:10940000776C776CD97C576C98749874F55B356C75
:10941000F45B1885146439857674D563F563F66357
:109420007774D45BD87C967476749774F55B776C9C
:10943000B974F97CD874D874F97CF97CD874D87470
:10944000F97C197DF974D874D9741A7DF97CB86CDB
:10945000D874F97CF8745A85B874D45397745A95B3
:109460005674F14A936336749042367C936330426B
:1094700031423042293A683A493A483A483A483AF9
:10948000283A283A283A073A283A07320732073268
:10949000E731E731E731E731E731E7310E640E6458
:1094A0000E640E5C0E5C0E640E64EF63EF5B116481
:1094B000B05B4F532B2A0F4BCF42EB217795527461
:1094C0005374B47C0E4BB15BAD3A316C7174F4954E
:1094D000F595117DB38DD18DD08D707DB185D18DF8
:1094E000928591859185D28DD28DB1859185D28DD0
:1094F000D28DD38D9285B28DD28DD38D928592856A
:10950000B38DB38DB38D9285B38DD38DB385928595
:10951000928592859385927D517D727D9385938509
:10952000327DD163F684F263F163968DD6957385AF
:1095300070649064F37CF57C9474F263F684578DC8
:109540005685D474D36C936C936C736C736453644E
:109550005364746C5885177D34643464345C1464CB
:10956000145C1464145CF45B145CF45B155C155CB3
:10957000155C155CF45B165C165C365C165C165C60
:10958000D5534D3A4D326C328D3A8D3A8E3AAE3AD1
:10959000D04211437353534B9353B35BF884D45B62
:1095A0003664F55BD553165CF663F65B334B882166
:1095B0006F42D0421243744BF65B165C165C5764E4
:1095C00036643664165C3764576457643764165CD7
:1095D000986C776C37643764776C9874576C576CF9
:1095E000776C776C776C576C9874B874D974B55B7A
:1095F0007353556CD77C556C356CF884366C376C6E
:10960000955B9453156C356CD77C92539B95566C37
:10961000B87CB86CD874F974F97CD874B86CF974E7
:10962000197DF97CB874D9741A7DF974D874B8743A
:10963000197D197DB76C56649B8DD87CF1425674A8
:109640007B9D2E32D14A9363D56B335BB04AF1399F
:109650002F3A4A42453A473A0A3A483A483A283A6B
:10966000283A283A283A073A283A073A073207327E
:109670000732E731E731E731E731E7310E640F6454
:109680000F640E640E640E5C0E640E5CCD5B306C79
:10969000937CB063505B6B32AE42F36BCC42937CF5
:1096A000B15B316CCD425374EE4A316C14856D431D
:1096B000327DD18D8F85B185717DB185D18DB28D92
:1096C00090859185B18DD18D91859185B28DD28D09
:1096D000B28D928DB28DB28DD38DB28D9285B38DB8
:1096E000B38DB38D7285B38DD38D9285928592851E
:1096F0009385938572855275B485727D727D52759E
:10970000D385F1749274947C168DF063B695F36CE6
:109710009164D26CF374147D52643574F263D15B3E
:10972000157D315CB36CB36C736C53647364736498
:109730005364546458853785345C34643464145CF1
:10974000145C1464145CF45BF45BF55B155C155CF1
:10975000155C155CF45B165C165C165CF55BD5530A
:1097600053436D428D3AAD3A8D3A8D3A8E3AB03AC6
:10977000F0421143324B9453B653304BD35B3564B4
:10978000F55B165C165C365CF663F5531243682194
:109790008F42B042124B7453D653F65B1664376453
:1097A000165CF65B37643764576436643664576C0E
:1097B000376457643664776C776C5764576C576CB2
:1097C000986C7774576C776C986C986CB974387423
:1097D000166C156C7674156CF463D77C7774955B96
:1097E000186CF663566CD663F56376747574B77C43
:1097F00056747764D874F97CB874B874D874F97CEA
:10980000D874D874D974F97C197D986CD874F97CA3
:10981000F974F97C5A857353766C9B955674B042F3
:109820006F3AB78CF152B04A367CB152EF395042A0
:109830002A3A473A683A483A283A483A483A283A57
:10984000283A283A283A073A073207320732E731EE
:109850000732E731E731E731E731E731EE63EE5BBD
:10986000EE630E640E640E640E640E642F64CE5BB1
:10987000EF635274D484CD42AE423374905BD063B4
:109880007053F1636F53957C2F538C3AD163F27C04
:109890009285B085D18D707D7085D28DB18D918589
:1098A0009185B18DD28DB1859185B185D28DB28DE5
:1098B00091859185D28DB28D9285B285B28DB28D12
:1098C000B28D9285B28DB38D928572859285B38566
:1098D00093859285727D9385737D727D737D5275BC
:1098E0005275927D3275CF53D48473747374778DAF
:1098F000D795337D505C51647264947CB57CF6845A
:10990000704B1585B374D46C936C73647364536437
:109910005364536458853885345C345C3464145C17
:10992000145C145C355C155C145C155C145C145C94
:10993000F453155C165C155CF55BD55BB55B734B3E
:109940003243CF42AE42AD3A8D3A8D3AAE3AB03A5A
:10995000114B314B524B744B954BF5631564777437
:10996000766C776C3664365CF65BD553314B882168
:109970006F42D142124B744BD653165C3764376436
:109980003664376437643764366436645764576CBA
:1099900037643764386C786C376C3764576C776C25
:1099A000776C3664776C776C986C786C3764B97CBC
:1099B00078741664524B156C56741885156CD984DE
:1099C000B55BF663D65BB66316649774B67C556C6C
:1099D0007574B874B774976CD874D874F97CD874EB
:1099E000B86CB874F97CF974B874D974F874F97CEB
:1099F000776C35645A8D9A95B35B366CD884B042D7
:109A000090427363147492635042304230422A3A57
:109A1000493A483A293A493A483A283A283A283AB3
:109A2000283A283A283A0732073207320732E73114
:109A3000E731E731E731E731E731E731EE5BEE63FC
:109A40000E64EE63EE630E640E640E640E640E64C8
:109A5000EE5B1064716CF373CD42EA21F584905390
:109A60002E4BCD42747CEF4A6D3A505B6C3AB17428
:109A7000B38DB1857075B185B08DB18591859185B6
:109A8000B185B18D91859185B185D18DB28DB1852D
:109A90009185D28DB28D92859185B28DB38DB18530
:109AA0009285B28DD28DB28D71859285B38D93855D
:109AB0009285727D927D9385727D527D537D537D1B
:109AC000537D7275537D337DD05BB584347CF163F7
:109AD000568D5485505C9164F364348D1164336CFD
:109AE000336C1264F58415759364946C73647464B8
:109AF00053647364578538853564345C345CF45B37
:109B0000145C355C155C1554355CF55B145C345C99
:109B10001454F55BD65B355C155C935B3253735321
:109B2000F55BD042CF3A8D3A8D3A8D3A8E3AD0429B
:109B3000F042314B534B944BD553D55BD55B94538B
:109B4000F563356CB35BD5531654F75BAE424619DB
:109B5000D04AD0421243944BF65B376437641664A4
:109B6000376437643764166416645764376437643F
:109B70001764786C586C576C576C376C776C776CD3
:109B8000766C5764776C976C566C576C9874986CBD
:109B9000B8749874F563F56B5A95735B356C977C64
:109BA000566C576CB653955B376C366C1564556CB8
:109BB000F67C356C1985766CD87CF97CD97C986CF0
:109BC000D874F97CD874B874B874F974D9743985B8
:109BD0009674935392539A9518855153F14AB78CC2
:109BE000B0528F429263D152103A2F3A0D3A673AEF
:109BF000483A483A483A483A483A283A283A283AB5
:109C0000283A073A073A073A07320732E731E7318D
:109C1000E7310732E731E731E731C731EE5BEE5B21
:109C2000EE63EE5BEE630E640E64EE5BEE630E6459
:109C3000EE5BEE5BEE5BF26BD16B6F5B2A2A4F53F0
:109C40004E4B5695AD426C3AAE421374B5848921A1
:109C5000316C5185AF85AF7DB17D7085507D91852B
:109C6000D28D91857085B18DB18DB28D9085B18584
:109C7000B18DF28D91859185B38DB28DB28D718547
:109C80009285B28DB28D92859185B38D92859285A4
:109C9000527D928593859385527D527D9385737D08
:109CA0003275317D537D5485516C8F53D57C715BFA
:109CB000378DD47CD795347D9164EF53D374D474AD
:109CC0001685547430531154B46C946CB46C536452
:109CD00053647364377D388555643464135C55640C
:109CE000145C145C155C145C355CF65B365C1454D7
:109CF0003554155C165CF553734B524B724B346400
:109D0000345CD042CF3A8D3A8D3A8E3A8E3AD04278
:109D1000F0421143534B9453D553F65BD55B166415
:109D2000F55BB774566C976C1654F75BAE4288219E
:109D30008F42B042324B944B165C165C165C166434
:109D40003764576CF65B16643764376C576CF55B99
:109D500076649664355C16643664976C5664776CEA
:109D6000165C786C786C376C37643764776C576C3A
:109D7000576C97747774B45B7353D463198DB77C45
:109D8000D87CD45B366CF763F663F663945B198515
:109D9000977C75749674356C777498749974D874CC
:109DA000F97CF974B874B874D874F97C986C766CD2
:109DB0009A95987C72535253F8841153D04A115B90
:109DC000357C10537142F1394F424A3A483A483A89
:109DD000483A483A483A483A483A283A283A283AD3
:109DE000073A283A0732073A073207320732E73193
:109DF000E731E731E731E731E731E731EE5BEE5B41
:109E0000EE5BEE5BEE5BEE63EE63EE5BEE5BEE63F2
:109E1000EE63EE5BCE5BF063106C116C8F5B316CAC
:109E2000937C8F5B2E53EA299584B163CD42D68C07
:109E30004D3A126C5085D085907D70859185B185A5
:109E4000908590859085D28D918591859185B18DF4
:109E5000B18D91859185B28DD28D928591859185B7
:109E6000B28DB28D9285928592859285928572850A
:109E7000928592859285727D727D727D737D537D10
:109E800032755275327553755375347D915CD78434
:109E9000B15B905397957685305C705CB264726C60
:109EA000736C5474F36B5785B474F57C53647364AA
:109EB0007364335C177D59853564345C345C355C80
:109EC000355C345C145C355C145C165C155C355C8C
:109ED000355C355CD453544B3343744B165C566439
:109EE0001554D042CF428D3A8D3A8E3A8E3ACF42B7
:109EF000D0421143734BB453D553B5533664165CFB
:109F0000D55BF55BF55BD87CF65B954B6D3AA8218C
:109F1000B042B042324BB553F65B165C165C376408
:109F200037641664166437643764166416643764DD
:109F30005764375C375C3764786C376436643764F1
:109F4000386C576C386C386C376C986C776C576C15
:109F5000776C576C9874576CF55BD463356C76747A
:109F6000356CB77C5674376CB55B955BD663166CF5
:109F7000B55B1785766C1985366498747874F97CAE
:109F8000B874976C9874B874D97C986C3885D97CFF
:109F90005774388D366CB142903AB78411538F4262
:109FA000768450423242F0394A3A673A673A483A40
:109FB000483A483A483A283A283A283A283A283A31
:109FC000073A073A073A073A073207320732E731CA
:109FD000E731E731E731E731C731E731EE5BEE5B7F
:109FE000EE5BEE5BEE5BEE63EE63EE63EE5BEE5B11
:109FF000EE5BEE63EE5BEF63CF5B927CAF634E5341
:10A000006F5B8E5B2D4BB584505B505BF26B906346
:10A0100010532D3A348DD28D8F7D9185D18D9185C0
:10A02000507D9085B185B18D91859085D28DB18D12
:10A03000908591859185B28D918591859285B28D1E
:10A040009285918571859285D38D727D9285928559
:10A05000B3859285727D527D727D737D527D32759E
:10A06000537D326593751165126D5375705C915B0C
:10A07000D2631364B47C1585D37414759264315C17
:10A08000726C736C999D9153336C3364125CD46C15
:10A090005364335C177D79853564345C5464155C96
:10A0A000355C345C34643464D353F45B145C155C09
:10A0B000F453D453524BF24A7353D55B576437640D
:10A0C000F65BD042CF428D3A8D3A8E3A8E3AAF3A15
:10A0D000F042324B734B9453B553F553F65BF65B3A
:10A0E000165C165CB55396743664B6538D42A8213F
:10A0F000B042F142324BB553D653165C37643764E5
:10A100001664F65B3764376416641764F65B586C44
:10A11000F75BF75B18643764586C1764386CF66348
:10A12000176C1664166478743764576C365C576C19
:10A13000776C776C776C576CD97CB45B776CF0423A
:10A14000598D7674B77CB55BB55BB55BD55BD66373
:10A15000B55B398DF884F463366C776C776C9874E2
:10A160009874B874B874D97CF97C966CB4539B9588
:10A17000D78477743A956F428F42B04AB784D573CB
:10A180004F42B3522F422B3A8742663A283A483A16
:10A19000483A483A483A483A283A283A283A073A50
:10A1A000283A07320732073A073207320732E731D7
:10A1B000E731E731E731E731C731C731EE5BEE5BBD
:10A1C000EE5BEE5BEE5BEE5BEE5BEE5BEE5BEE5B47
:10A1D000EE5BEE5BED63CE5BEE5B0F64D3843174BC
:10A1E000AF63AE5BCF63126C705B505BF2730B2A94
:10A1F000CD4A4F5B705BF384127DB08570857085AE
:10A200009185B18590857185B185B28DB185918536
:10A210009185B185B18D908571859185B28DB1851E
:10A2200091859185928D9285718572859285B38590
:10A23000517D727D727D727D727D527D5275327557
:10A24000537D5375F16C327D948D95955395558D55
:10A25000F163B57CD2637053B79D367D115C1054A9
:10A26000B26C936C93643474B67C578D36855264AB
:10A27000B36C735C167579857564555C3354145CE6
:10A28000145C3564145C1464D67C526CD67CF46324
:10A29000D45B324B124B327C947C9574D35335642F
:10A2A000F55BD042CF428E3A8D3A8E3A8E3AAF3A33
:10A2B000F042324B534B944BB553D553165C365C3E
:10A2C000F65B36643764D3639774586C2C32A821DC
:10A2D000D142F142324B744B175C165C3764166402
:10A2E0001664376416643764F65B17643864F66383
:10A2F000F56BD784757CB774F563176CF663F78CD0
:10A30000979D999D156C376C796C3764566477749A
:10A31000576C3664576C576C786C9974B55BB45B4A
:10A320005674156CD7849774F984366CD55BB55B1D
:10A33000955BD563F5635A8D566C598D556C776C6A
:10A340009874B874B874776C1664BA95576C3143C6
:10A350005A953774ED29589D52638F42F252D2526A
:10A3600051424F422A32473A6842493A4942483AB2
:10A37000483A483A283A483A283A283A283A073A8E
:10A380000732073A0732073A073207320732E73116
:10A39000E731E731E731E731C731C631EE5BEE5BDC
:10A3A000EE5BEE5BEE5BEE5BEE5BCE5BEE5BEE5B85
:10A3B000ED5BED5BED5BEE5B0E648D53516CD38416
:10A3C000727C8F5B116C2E533374D16B2B326E3ACF
:10A3D000CE4A93844F5B2C3252749185307DB08588
:10A3E000D185B18571859185B185B185718591855D
:10A3F000B185B18D918591859185B28DB18571853C
:10A4000091859285B2859285517D9285B28592859E
:10A41000517D517D927D727D527D327D537D537D84
:10A42000327512755375D27CFFF7FFFFFFFFFFF700
:10A43000558DB3746F4BD57CF26B5685526CF374AB
:10A44000315C7264315C53747474136CD25BF57C50
:10A4500072649464F66C9985766C5564135C35640B
:10A46000355C155CD35BB674DFDFFFFFFFEF55741F
:10A47000F242124B9684FFFFFFFF7AB61354345416
:10A48000F453F042EF3AAD3A6C328E428E42CF3AFC
:10A49000F0421143724B934BD553D55BF55B165C81
:10A4A00016641664375CF55BD45BF463EB29EA2928
:10A4B000D04AD14A124BD553165C3664D65B36640B
:10A4C00035643664F663D65B3564375C3764D55BD8
:10A4D000B684FFEFFFFF9DB6D35BD5635CBEFFF78D
:10A4E000FFFFFFE7D77C366C37643664576C366CF9
:10A4F000576C1664776C776C5764586C576C16649D
:10A5000015645674777C76749774366C7353D55B88
:10A51000B65B176C945B566CD77C96749253B87488
:10A52000576CB874D97C576CF55B35649995156C8C
:10A530005353F46B545B115314745263914A714A30
:10A5400030422A3A69426842493A293A483A483AF6
:10A55000483A483A283A283A283A283A283A283AAB
:10A560000732073A0732073207320732E731E7315D
:10A57000E731E731E731E731C631C631EE5BCD5B1C
:10A58000CD5BCD5BCD5BCD5BCD5BEE63CE63CE6350
:10A59000CE63CE63CE63ED5BCD5BAD5BAE5B306C0B
:10A5A000D37CB163ED4A3274905BB1632F53CB29F6
:10A5B000B584CF4ACE4AF16B4D3A7174D495707D13
:10A5C000F18D2F75938DB1859185717D907D9185EC
:10A5D000B185918571859185B18591857185917DD3
:10A5E000918592859185727D717DB285927D717D17
:10A5F000717D727D9285727D527D527D537D527D3B
:10A60000127512755265948DFFFFFFFFBFFFDFFFCC
:10A6100017A6715C8F4B957CB363B3741585F89561
:10A620009364D14B3264B36CD574514B7995546CAF
:10A630001685F14B366D997DB774F46314545464E8
:10A64000355C155C1564D35B9CBEFEFFFFFF179560
:10A65000F33A9453BBC6FEFFDFEF1685154C775CCB
:10A660001654AF3AEF3AAD328D3AAE428F42EF42D6
:10A670001143324B514B934BF753F763F553365C11
:10A680001664165C3654375CD553F363AD42EB2940
:10A69000D042D24A534B944BF553165CF663166482
:10A6A0003564155C38643864F65B375C365CD653C9
:10A6B000B684BEE7FFFF3CB6F55BD663DEF7FFFF6F
:10A6C0009FE7178D1664F76337643664586C566CD1
:10A6D0003664576C576C576C3664786CB974776C09
:10A6E000B45BB45B977C566C7674566CD87CD6633E
:10A6F000D663955B7453366C76747674B67CF77C4F
:10A70000566CF55B786CB87CB8741364356C19952D
:10A71000CD291253F56BB46B725BD14A5142704232
:10A720002C3A68426842483A483A483A483A483AE5
:10A73000483A283A483A283A283A283A283A283AC9
:10A740000732073A0732E7310732E731E731E731BD
:10A75000E731C731C731C631C631C631EE5BCD5B9B
:10A76000CD5BCD5BCD5BCD5BCD5BEE63CE5BCE5B7E
:10A77000CE5BCE5BCE63ED5BCD5B0E64CE5B8D536B
:10A78000306C5274D0632E53116C6F5BAD42589D88
:10A790008C42CE4A305B537C715B4F5B148D52858B
:10A7A000707DB085907DD28D707D6F7D9185B185F6
:10A7B0009185707D9185B18591857085507DB2853B
:10A7C0009185707D727D917D9285717D517D517DE8
:10A7D000727D727D517D517D727D527D32753275F3
:10A7E00032755375F164D9BEFFFF7DE7BEF7DFFF19
:10A7F000DAC6547DB36C3264136C746C5364B46CFD
:10A800003254535C325C335412545364135C346CD2
:10A81000D25B756C787DB985546414545654545C7D
:10A82000355C355C5664145C9674FFFFDEFF1DCF0B
:10A830007243B67CBEE7FEFFBCC6F553385CF75BDF
:10A84000D6638F428F3A4D32AF428E3A8E328E3A75
:10A850008F3A124B734BB553554B9453365458544F
:10A860001654D55315543654B753344BC9190A22CC
:10A87000703AB032333BD553F653F65BF65B18644F
:10A880001864F65BB44B1654D853D55BD65BF85BB3
:10A890009674BEE7FFFF5BB6B65BD542FFFFFEFFD7
:10A8A0003BBE5353F86B196C3764776CF65B3664B8
:10A8B000576C376C576C366C376C786C576C776CA0
:10A8C000366C156453537674556C9674598D366C8A
:10A8D0009453B65BD65BF6637353156C9774F78429
:10A8E000146CF98416649874F97C977C735BF14A54
:10A8F000B78CD04AAF42D78CD25235634F42E93140
:10A900006942483A483A483A483A483A483A483A0E
:10A91000483A283A283A283A283A283A073A073251
:10A92000073A07320732E731E731E731E731E731FC
:10A93000E731C731E731C731C631C631CE5BCD5BB8
:10A94000CD5BCD5BCD5BCD5BCD5BCD5BCD5BCD5BC7
:10A95000CD5BCD5BCD5BCD5BEE63EE63EE63CE5B3B
:10A960008D53F063727C31748F5B4F53326CF16B9B
:10A970001053AC4236952D3A937C926BCA29106CD9
:10A9800052859185D0857085707D9185B185918541
:10A99000707D707D91859185707D707D91859285AA
:10A9A000917D517D717D92859285717D717D727DE4
:10A9B000727D517D517D727D527D5175327532753A
:10A9C00052755375F16C5CDFFFFFB9C65CDFFFFFAA
:10A9D0009DE7F37CF36C315C0E431AB6158D158D33
:10A9E000358D38A6D3741585568DF47CB79D19B670
:10A9F000F694D16BF6845AAE59AE568D5464345CDD
:10AA0000345C3554565C145C31431CE7FFFFFFF7A0
:10AA10005464D9A5FFF7DEF7388DB54B3664D6847C
:10AA2000789D1595B48C91636D3AAE3AAE32B163B0
:10AA30009484178D113BF45BF7843795D8741654C2
:10AA40001564799D989D346C198DD78C47116B4294
:10AA5000D273168D579DD784F563F55B365CD6535C
:10AA6000D663F88CD89D979DF89C156CD55BF863E0
:10AA70005674BDE7FFFF3BB61564F984FEFFFEFF89
:10AA80001DD7D784166C1764366436641664376C29
:10AA9000376C376C3664376C376C776C1664376C90
:10AAA0007774576C534B566C5674F784F463767412
:10AAB000F463F663B55BD663955BD5633A8DB26399
:10AAC000B363F98C366C576CF65B9563B24A5042AF
:10AAD000F573157410534F42B352D1520832884265
:10AAE000493A483A483A483A483A483A483A483A55
:10AAF000483A483A283A283A283A073A283A073250
:10AB000007320732E731E731E731E731E731E73143
:10AB1000E731C731E731C731C631C631CD5BCD5BD7
:10AB2000CD5BCD5BCD5BCD5BCD5BCD5BCD5BCD5BE5
:10AB3000CD5BCD5BCD5BCE5BAD5BAD5BCD5BEE63EB
:10AB4000EE638D539174148D6E534F5353742F5382
:10AB50006F5B9484CA29537C715B8E42D26B6C3AD2
:10AB60009274D38D907D707D908591859085707D58
:10AB70009185907D91859185707D917DB185717D67
:10AB8000917D917D9185717D717D717D927D9285A3
:10AB9000517D5175517D927D5175116D3275527592
:10ABA0005275F16453859DEFFFFF16A6B9B6FEFFFF
:10ABB000FFFF5495D264146D525CFFFFBEF7BAD606
:10ABC000BEEF5CDF338DFFFFFFF7FBCEFFF7FFFF2C
:10ABD000FFFF79CEBBCEFFF7FEFFFEF7779D145443
:10ABE000555C555C355CB353B03AF694FFFFFFFFFC
:10ABF000D8A59BC6FFFF5DDF145C155477959DE7D4
:10AC0000FFF7FFFFFFFF9EEFD48C0B2A6E2A39B6A9
:10AC1000FFF7FFF7F03A75747EE7FFFFDAA5D55B23
:10AC2000B584FFFFDEFF3ABEFFF77AC6071936A5E7
:10AC30009DF7FFFFFFFFFFFF1BBE5674D653146442
:10AC40007BC6BEEFFFFFFFFFDEFF9CC6356C965351
:10AC500097749DE7FEFFFBB5F67C9FD7FEFFDEFFF6
:10AC6000FEF79EDF7674D55B36641664F663576C28
:10AC7000166416641664376C376C16641664376C89
:10AC8000576C786C3764945BD45B356C356CD77CCF
:10AC900019859774D56375537553376CD55B3253EB
:10ACA000977C7674F984334B7032EF315042EF3930
:10ACB000904AB46BF152924A4F420A32864288421D
:10ACC000293A483A483A483A483A483A483A483A93
:10ACD000483A283A283A283A283A073A283A073A86
:10ACE000073207320732E731E731E731E731E73141
:10ACF000E731C731E731C731C631C631CD5BCD5BF6
:10AD0000CD5BCD5BCD5BCD5BCD5BCD5BCD5BCD5B03
:10AD1000CD5BCD5BCD5BAD5BCE5BEE63CD5BCD5BE9
:10AD2000CD5BCD5BAD5B106CD37C116C6F5B4F5B0F
:10AD3000727C6C3AB584705B6E3A2E4BD684315B74
:10AD4000D26B558D127D908591857085507D708573
:10AD50009185917D707D707D91859185707D717DEE
:10AD6000917D917D717D717D517D927D717D517D52
:10AD7000517D517D727D5175517551755275527568
:10AD80003275F16437AEDFFFDEF7948DD58DFFFFAE
:10AD9000FFFF99BE905C1365B264FFFFDEFFDFFF2B
:10ADA000BEEF1CD73685FFFFFFFF5DDF727C5CDFE7
:10ADB000FFFFFEF75ABEB8A5DEF7FEFFBEEFB44BAD
:10ADC0003564355C934B12431353966C7EDFFEFF64
:10ADD0009FF79EEFFFFF588D355C345CDEF7FFFF79
:10ADE0005EDFB1635ABEFFFF7DE7B06BCC2139BE99
:10ADF000FFFFFFFFD03296749EEFFDFF1AAEB64BF9
:10AE0000B57CFFFFFEFFFFFFDEF73AB60D53FFFFF5
:10AE1000FFFF946CB384FEFFFFFF99A5754B579518
:10AE2000FFFFFFFF378D5895BEF7FFFFB9A5965B73
:10AE30009774BEE7FEFF1CB61564398DFEFFDEFF7A
:10AE40001DD7588D376C386CF65B3664376C1664DA
:10AE50001664F65B376C36641664166C376C3764B0
:10AE60003764F663376C5874955B366C7674F88487
:10AE7000356CD35BF563D663965BD6637353D5634A
:10AE8000977C767CAF42367C125BAE310F42AE3996
:10AE90009152714A303A2F422B3A89428942283ADC
:10AEA0006842483A483A483A483A483A483A283A8A
:10AEB000483A283A283A283A283A073A07320732D5
:10AEC0000732E7310732E731E731E731E731E73180
:10AED000E731C731E731C731C631C631CD5BCD5B14
:10AEE000CD5BCD5BCD5BCD5BCD5BCD5BCD5BCD5B22
:10AEF000CD5BCD5BCD5BCD5BCE5BAD5BCD5BED5B11
:10AF0000CD5BCD5BAD5B8D5351747274316C0D5361
:10AF10003053D16B12748E426C3A568D2C321374AE
:10AF200095840B2A5174718571854F75907D91853B
:10AF30007185707D707D917D9185717D5075717D7C
:10AF4000717D717D507D517D717D917D5175317522
:10AF5000517D717D517531755175527552753275CE
:10AF600032753275DAC6FFFF9DE7537D326DFFFF04
:10AF7000DEF7BDE7B164D264515CFFFFDEF7BEEFE0
:10AF8000737CF684F684FFFFFFFF7695B053F8AD2F
:10AF9000FFFF7CE7B57CD67C9EE7FFFF5DE7F453BF
:10AFA0003564B45B1143524B1564755C7BB6FFFF8F
:10AFB000BEFFFEFFDFF7F4533554F77CFFFFFFFFC2
:10AFC000F68C6F3AF26B9EEFFFFF94842E2AD9B570
:10AFD000FFFFFFFFD13276747DEFFEFF1BAED64B35
:10AFE000F77CFFFFFEFF1BC77674735B1074FFFFD7
:10AFF000FFFF788D326C19AE5BB6188D9553BDCEC0
:10B00000FEFF9DEF334B534B1CCFFDFFDCCEB663F1
:10B01000777CBEE7FEFF1BB69653354BFFFFFEFF66
:10B020005CC67553D663B653165C3664F663F66336
:10B0300016643764F6631664166436641664F66341
:10B0400037641664576C586CD65BD55BB45B356C53
:10B05000935B1785B774D97CF663134B745BF65B0F
:10B060005774535B367CD152EF392F420F42CF39A0
:10B070003042714A50422A3A693A483A493A69425A
:10B08000473A483A483A483A483A483A483A283AD1
:10B09000283A283A283A283A283A0732073A073213
:10B0A000073207320732E731E731E731E731E7317D
:10B0B000E731C731C731C631C631C631AD5BAD5B93
:10B0C000CD5BAD5BCD5BCD5BCD5BAD5BAD5BAD5BC0
:10B0D000AD5BAD5BAD5BCD5BCD5BCD5BCD5BCD5B90
:10B0E000CD5BCD5BED5BAD5BCE5B506C9174D063A3
:10B0F0004F5BF26BAD422F5BD58CEC29737C715B9F
:10B10000EF4A52744D3A33857385907D8F7D9085DB
:10B11000517D7075917D917D707D507D717D9185A2
:10B12000717D717D717D717D717D71755175517507
:10B13000717D51753075527552755275116D116D65
:10B140003275537D7CDFFFFFFBCE90642E4CBDF744
:10B15000DEF7FFFF916CB26C1254FFFFFEFFBAC620
:10B16000F25B3364F68CFFFFFFFFF8A5F14B18AEDE
:10B17000FFFF9DEFF684177D9EE7FFFF7DEF3454C0
:10B18000B353124B124B155C955C345C3985BEEFA2
:10B19000DDFFFEF77DB6F4531554588DFFFFFFFF1A
:10B1A000F57CB032B0637CEFFFFF369DED21F8BD3A
:10B1B000FFFFFFFFB03A556C9DE7FFFFFAADB553B7
:10B1C000F774FFFFFFFF588DB54BD1426B4A7EE706
:10B1D000FFFFDEF7DCD6178DF23AF65375435DDFDD
:10B1E000FEFF9DEFFAADB9AD9EEFFEFFFCD6186CE9
:10B1F0003774BEE7FFFF1AB69553554BFFFFFFFFAD
:10B200005BC69653F66336643664F663D66316649B
:10B210001664F6631664F66317643664166436645F
:10B220001664366436643764576C376CB55BB46348
:10B23000767C9774B77C156C5353B663765BD65B9C
:10B240003353EF391363EF39CF310F3A103AF139F5
:10B25000135B6F424D426842684268426842483A16
:10B26000483A483A483A483A483A483A483A283AEE
:10B27000283A283A283A073A073A073A0732073273
:10B28000073207320732E731E731E731E731C731BB
:10B29000C731C731C631C631C631C631AD5BAD5BD2
:10B2A000AD5BCD5BAD5BCD5BCD5BAD5BAD5BAD5BFE
:10B2B000AD5BAD5BAD5BCD5BCD5BCD5BCD5BCD5BAE
:10B2C000CD5BAD5BAD5BCE5B8D53AE5B506CD38421
:10B2D0003274ED4A0F53737CED4AF36B4F5BEF4AC8
:10B2E0009163B1634C3AF26B1485F174D2854F755A
:10B2F0007075907D917D707D5075507D917D717DD3
:10B30000507D507D717D717D51755175717D717D5F
:10B31000517551755175527552751175116D116DCB
:10B32000116D748DFEF7BFFFBEF73CD73CCF9DEF8C
:10B33000DEFFFFFFD695B2645254FFFFFFFF99BEB8
:10B34000F25BB153D584FFFFFFFF7AB6946CD8A5AA
:10B35000FFFF9DEFF67C75647EDFFFFF9DEF3143BD
:10B3600051431143366476647564355C15641CD7AB
:10B37000FFFFFEF7B77C15543554788DFFFFFFFFB4
:10B38000B57CD032F1639DEFFFFF569DEC2119B6DD
:10B39000FFFFFFFFD13AB7749EE7FFFFFAADB55349
:10B3A000F774FFFFFFFF598D954B324BA408906354
:10B3B0009CCEFFFFFFFFFFFF9BCE3574B7537BDFB3
:10B3C000DFF7DFF7BEE7DEEF5EF7BEEFDCC6F76361
:10B3D000366C9DE7FFFF1AB69553554BFFFFFFFFF5
:10B3E0005BC6954BF65BB65BD75B9553F65B166415
:10B3F000F663F663D66316641664F65B1664F6634A
:10B400003664F663F66316643764376CB65B745360
:10B41000B563767C767C146CF884F563576CF24ADD
:10B420000F322F3A2F3A0E32D14AF039103AB25237
:10B43000D0522B3A6A3A4842483A6842483A483A27
:10B44000483A483A483A483A483A483A483A283A0C
:10B45000283A283A073A283A0732073207320732A1
:10B460000732E7310732E731E731E731C731E731FA
:10B47000C631C631C631C631C631C631AD5BAD5BF2
:10B48000AD5BAD5BAD5BAD5BAD5BAD5BAD5BAD5B7C
:10B49000AD5BAD5BAD5BAD5BAD5BAD5BAD5BAD5B6C
:10B4A000AD5BCD5BAD5BCE5BCD5B8D538D53927C45
:10B4B000F48CD0636F5B905B4E53F16B8F42ED4A1F
:10B4C0009484ED29F58CD052CB29B37CD06C717D5E
:10B4D0006F75717D707D507D717D717D517D507571
:10B4E0005075517D517D51753075717D717D5175EE
:10B4F00051755175727552753175116D3275527580
:10B50000F16C58B6FFFFBEFFFFFFFFFFFFFFFFF725
:10B51000FFFFDFFFBABE915C714CFFFFFFFFBAC6B1
:10B52000936C325C736CFFFFFFFFF8AD3364D8A5FA
:10B53000FFFF9DEF946C75649EE7FFFF5CE7D363AC
:10B54000314B145C966455643564565CD55B3CD7CE
:10B55000FFFFBEEF7674365C565C988DFFFFFFFFF1
:10B56000B57CF032D1637DEFFFFF369DEB21F8AD66
:10B57000FEFFFFFFB03297747EE7FFFFFAADB553D1
:10B58000F774FFFFFFFF198DB653114B06190B2AF5
:10B59000EB29767CBCCEBEF7FEFF7BBE334B5EE76D
:10B5A000FFFF5EE7F56B176C577C947C7474B653A1
:10B5B000566CDEEFFFFF1AB69553554BFFFFFFFFAA
:10B5C0005BC6B54BF65BD763B65BD65B165CF663C2
:10B5D000F663D65BF663F663F663F663F6631664AA
:10B5E000F6631664F663366CF663F763386C176CB3
:10B5F000B663535B735B5674356C5A8D7353EF3976
:10B60000AD29567C7363735BB884B031914A4F4265
:10B610002A32693A673A48426842483A483A483AD0
:10B62000483A483A483A483A483A283A283A283A6A
:10B63000283A283A073A073A073A073207320732D8
:10B64000E7310732E731E731E731E731C731C73159
:10B65000C731C631C631C631C631C631AD5BAD5B0F
:10B66000AD5BAD5BAD5BAD5BAD5BAD5BAD5BAD5B9A
:10B67000AD5BAD5BAD5BAD5BAD5BAD5BAD5BAD5B8A
:10B68000AD5BAD5BAD5BAD5BAD5BAD5BAD5B6C53C3
:10B690007174927C737C0E53B3846D3AF06B1374A7
:10B6A000AB21168D31534E3AB2632C32716C9385B7
:10B6B000717D707D5075507D917D717D30755075B7
:10B6C000717D917D517551755175717D31753175F2
:10B6D0005175517551753175116D31755275116D09
:10B6E0006F545CDFFFF7DEF7759DB69D759D37AE35
:10B6F0007DEFFFFF5CD7F3747154FFFFFFFFBAC605
:10B70000325C7364726CFFFFFFFF369512647ABE81
:10B71000FEFF9DEFB474F774BEE7FFFF5DE7725B59
:10B72000514B74649564555C3664565CD5533CD774
:10B73000FFFF9DE7B77456643654177DFFFFFFFF88
:10B7400036958D2A737CBEF7FFFFD48CEB211AB699
:10B75000FFFFFFFFAE3276749EEFFFFFFAADB553E9
:10B76000F774FFFFFFFF7995D653903A6E63BBC61F
:10B770009ACE553B324B1CDFFEFF3CD7B77C9CCEAC
:10B78000FEFFFEEFF242D65BBCB63DDF1AAEB75B02
:10B79000366CDDEFFFFF1BB69553354BFFFFFFFF08
:10B7A0005BBEB553B45B56743674166CF65BD65BF1
:10B7B000D663D6631664F663D65BF663F663F66308
:10B7C000D663F66316641664F663D663F66316648E
:10B7D000D55BF24A3674F4639A9D52537253EF3933
:10B7E00078841153935B156C704251426F422B3A2F
:10B7F0008A42683A673A4842483A483A483A483AA8
:10B80000483A483A483A483A483A483A283A283A68
:10B81000283A073A283A0732073207320732E73127
:10B820000732E731E731E731E731C731E731C63178
:10B83000C631C631C631C631C631C631AD5BAD5B2E
:10B84000AD5BAD5BAD5BAD5BAD5BAD5BAD5BAD5BB8
:10B85000AD5BAD5BAD5BAD5BAD5BAD5BAD5BAD5BA8
:10B86000AD5BAD5BAD5BAD5B8D53AD5BCD5BED6358
:10B870006D53316CD484B484AC42737CF26B8C3ADB
:10B88000D68C6E42AF428F5B1374AF4AEE4AB695C8
:10B89000127D4F75507D717D5075307531757175A4
:10B8A0007175517551755175717D31753175317580
:10B8B0005175517511753175116D3275116DF16CD0
:10B8C000F164FFFFFFFF9DDF4F54F164F16C916461
:10B8D000FBD6FFFFDEEF758D104CFFFFFFFFDAC6D2
:10B8E00032549364147DFFFFFFFFB7ADB15BB7A582
:10B8F000FFFF9DEFD574B66C7DDFFFFF9DE7B3635F
:10B90000B67CD674545C355C365C755CF5533CD7BC
:10B91000FFFFBDE7D77C35645654355CBEF7FFFFAB
:10B920001DD76F4BD8ADFFFF7DEFB0638E2ADAB520
:10B93000FFFFFEFF5374779DBEF7FFFFFAADB553CF
:10B94000F774FFFFFFFF578D954B8F3A2D6BFFFF6D
:10B95000FFFF368DF2733DDFFEFFBBC6D663B8AD89
:10B96000FFFFFFFF168D3695DDEFFFFFD9AD565374
:10B97000577CBDE7FEFF1BB67453354BFFFFFFFF3F
:10B980005BBE554B35747EDFDFEF39957553D65B63
:10B99000D663F663D65BF663D65BF663F663B65B97
:10B9A000F663D663F663B663D663F663F663566CE6
:10B9B0003885D7635453B45BF14A1253F573EF39AA
:10B9C000B14A166C735B7042714A8F4AEB318A42FE
:10B9D000673A8842693A483A483A483A483A483ACF
:10B9E000483A483A483A483A283A483A283A283AA7
:10B9F000283A073A0732073A0732E731E731073288
:10BA00000732E731E731E731E731C731C631C731B6
:10BA1000C631C631C631C631C631A631AD5BAD5B6C
:10BA2000AD5BAD5BAD5BAD5BAD5BAD5BAD5BAD5BD6
:10BA3000AD5BAD5BAD5BAD5BAD5BAD5BAD5BAD5BC6
:10BA4000AD5BAD5B8D53AD5BAD5BAC53AD5B8C5310
:10BA5000AD5B4C533174D384148DEE4AEE4A32748C
:10BA60009163AE42715B937CAA2171633374AC42E3
:10BA7000516C7185717D51750F6D3075517D5175AA
:10BA8000306D306D51755175316D106D5175517549
:10BA90003175316D316D31753175116DF16CF16C40
:10BAA000158EFFFFFFF7B9B6D1643265F15C915C8A
:10BAB00079BEFFFFFFFF59AE1054FFFFFFFFDABE54
:10BAC000515C725C3575FFFFFFFF3ABEB15B9ABEF9
:10BAD000FFFFFEEF157D3364BFE7FFFFBEEFF35BB3
:10BAE000D25B7474D2539564765C765CF45B5DDFF4
:10BAF000FFFFFFEFB77C345C775C15543BB69EEFDD
:10BB0000FFFFFFFFFFFFFFF7369D6C328E2254844C
:10BB10009EF7FFFFFFF7BEE7FEFFFFFF1AB6D45BFD
:10BB2000F77CFFFFFFFF798DF5534E3AA8319BCE8E
:10BB3000FFFFFFFFFFFFFFFF3DDFF684955BD26B4A
:10BB4000DDD6FFFFFFFFFFFFFFFFDDCE347C765B1E
:10BB50005774FFEFFFFF3CB6745B334BFFFFFFFFF3
:10BB6000BCC6554B1474BEEFFFFF599D955BD65B69
:10BB7000D65BD65BD663D65BD663B55BB55BD66367
:10BB8000D663D663D663D663B55B376C1564F45B56
:10BB9000B674D97C1764D14273633463AC313142DB
:10BBA0002F3A3253B14A303A0F422A3A6A42483A5F
:10BBB0006842683A483A483A483A483A483A483A2D
:10BBC000483A483A483A483A283A283A283A283AE5
:10BBD000283A283A0732073A073207320732073243
:10BBE000E731E731E731E731E731E731C631C731D6
:10BBF000C631C631C631C631A631C631AD5BAD5B8B
:10BC0000AD5BAD5BAD5BAD5BAD5B8D53AD5BAD5B1C
:10BC1000AD5BAD5BAD5BAD5BAD5BAD5BAD5BAD5BE4
:10BC2000AD5BAD5BAD5BAD5BAD5BAD5BAD5BAD5BD4
:10BC3000AD5B8D53AD5B4F6C538DD684EE42326C51
:10BC4000EA29737C737C8B21D36BB263EF4A4C324D
:10BC5000F36B548DF174106D70755075517D306DAE
:10BC6000306D517551753175106D31755175317576
:10BC7000116D316D517512751275F16C1275F16C93
:10BC8000B485959DD69D337DB16CD16CB164D26481
:10BC90005485969DB69D5485915C969D9595347D71
:10BCA00072649264D4645595B79DB47C2F4B127422
:10BCB000369596957795957C3895F68CB484546432
:10BCC0007574715B178D335CD46436543564368D6E
:10BCD000969D78951664755C7664365C155CF78481
:10BCE000979DB7AD359532746C32AD3AEF3AAD4AA7
:10BCF0009584989D5795336C168D5795B674D55B82
:10BD00003664B99D369DB86CD4536D3A2819104BE2
:10BD1000537CD8ADB8AD99A57774D55B3664745BA8
:10BD2000767C99A59BC698A5379536649453B55BE8
:10BD3000F56BD78456955774545B745B789D368D3C
:10BD4000957C955B935BF68C5795156CB55BD65BD4
:10BD5000B55BD65BB55BD663D663D663D55BB55BA7
:10BD6000D663D663F7639453F663B45BD87C577499
:10BD7000114B388D56749142CF310F42EF41104232
:10BD800050421042F13950422C42684268426842A7
:10BD9000684248426842483A483A483A483A483A3B
:10BDA000483A483A483A483A283A283A283A283A03
:10BDB000283A283A0732073A073207320732E73182
:10BDC000E731E739E739C731E731C731C631C73124
:10BDD000C731C631C631C631A631C6318D5BAD5BC8
:10BDE000AD5BAD5BAD5BAD5BAD5B8D53AD5BAD5B3B
:10BDF000AD5BAD5BAD5B8D538D538D538D538D53CB
:10BE00008D53AD5BAD5BAD5BAD5BAD5BAD5B8D5342
:10BE1000AD5BCD5B6C53AD5B9074F584D4848C3A90
:10BE2000B484D163CD4A515BF36B715BEB2995848C
:10BE3000505B6B3A516CF174517550755075106DC3
:10BE400051755175106D106D316D5175316D106DED
:10BE5000116D316D5175F16CF16CF16C5275F16CC5
:10BE60009064F26CD16CD16CF26CD16CF26CF264B7
:10BE7000D164915C915CB15CD25C7164505C926401
:10BE8000D36C9264525C736C5364D574F25B346C03
:10BE9000346CB263B36353539453B35B145C135C5D
:10BEA000F363F36BD363177D9464965CB75C765C45
:10BEB000144C1554786495647664775C56645664C3
:10BEC0003464EE42CE428D328D32CE42EE42314368
:10BED000F03A5243934BD44BF453F65336545754E1
:10BEE000785CD64B165CF553F5532C328929314BCF
:10BEF0008E427343934B944BD653375C175C375C3D
:10BF0000B553324BF563B55B9653934BF55BD55BFD
:10BF1000955BB55B3453955BB65BD7635453545311
:10BF2000965BD65BB65B955B134B955BD75BB55B5E
:10BF3000B55B955BD663B55BB65B955BB55BD6636E
:10BF4000955BB55B955B166CF66353537353977CA7
:10BF50007774D042F7843353F0312F42CF390E3A01
:10BF60003142F2410F3A4B42493A684268426842D4
:10BF7000483A68426842483A483A483A483A483A61
:10BF8000483A483A483A283A283A283A283A283A41
:10BF9000283A0732073A0732073207320732E731C9
:10BFA000E731E739C731E731E731C631C731C7314A
:10BFB000C631C631C631A631C631A6298D538D5B37
:10BFC0008D5B8D5B8D5B8D5B8D5BAD53AD5BAD5BD9
:10BFD000AD5BAD5BAD5B8D538D538D538D538D53E9
:10BFE0008D538D538D538D538D538D53AD5B8D5329
:10BFF0008D53AD5BAD5B8C53AD53516CF484B37C0E
:10C000002E53705B4F53757CCF4A8919B6841053F9
:10C01000AE42B1634F537274737DF06C306D306D0E
:10C020003175316D116D116D316D316D106D116D99
:10C03000316D316D116DF16C116D126DF16CF16C32
:10C04000F16CF164126DD164B164D26CD26CF26C9B
:10C05000B164B15CF264F26CB264D25CD264B2647A
:10C06000725C725C93649264B3645254735C535C0C
:10C0700070439784F04A7774B774B76C345CD25BC2
:10C080003464346C757C925B7574325C755C364CD0
:10C09000B85C775C7764756C555C565C775C775CF4
:10C0A000565C303B303BCE3AEE3ACE42CE42103B6D
:10C0B0005143934BB44BF553365415543554765C79
:10C0C000765C765C365C3764D553EB29AA29D0427E
:10C0D000F04A7443B55337643764F65BF65B3664F5
:10C0E000155C145CF46376747674F75B9553B55302
:10C0F000B55BB65BD75BB55BB65B9553B65B965BE2
:10C100007653B553B65B9653D65BD65B9553955B2A
:10C11000955BB55BB55BB55B955BD663B65B955BD5
:10C12000B55BB55BB55B945B987CF563324B935B19
:10C13000367455741032567C525BF0390E3A103A10
:10C14000114210424A3A6842493A68426842483AC3
:10C150006842483A483A483A483A483A483A483AA7
:10C16000483A283A483A283A283A283A2732073AA9
:10C17000283A073207320732E7310732E731E73131
:10C18000E731E731C731C731C631C731C631C631B2
:10C19000C631C631C631A631A631A6318D538D5375
:10C1A0008D538D538D538D538D538D538D538D538F
:10C1B000AD5BAD5BAD5BAD5BAD5BAD5BAD5BAD5B3F
:10C1C000AD5B8D538D538D538D538D538D538D5347
:10C1D000AD5B8D538D53AD5B8C536D535174517466
:10C1E0006F5BEE4AB584EF4A4C3AB684EF4A8E4212
:10C1F000AE42B6840F5373743485D16C316D517572
:10C20000106D106D116D316D316DF06C116D316D02
:10C21000316D116DD064F16C116D116DD164D16C03
:10C22000F26C1265F164D164F26CF26CF26C916C98
:10C23000926CB26CB26471645164D25CD264925CF0
:10C24000B264B3647264925C715CB25C925CB46C14
:10C25000125C8F425574F3635885377D124CD2536C
:10C2600013641364F363D363146C5374F67C345C0B
:10C27000565C7664756C55647664B764975C7764D5
:10C28000365C303B3043EF3AEF42AD3ACE4230437A
:10C29000714B714BD353F453F453365C766456644C
:10C2A000155C366437643764944BCA212B3AD0420C
:10C2B000D042744B9453F5631664F563F563D7630A
:10C2C000F6631664B45BB363D7843543D65BB5536A
:10C2D000D65BB55B9553D55BD45BB4539553D65BB6
:10C2E000F65B945B9453B553D55B7453945B955B49
:10C2F000955BB55B955B955BB55B7553955B955BA6
:10C30000B55BB55BB55B7453735BD984F56BF14A70
:10C31000525B735B567CD14A167CB46BEF39F141AA
:10C320002F426C42874288426A426842483A6842D9
:10C33000483A483A483A483A483A483A483A483AED
:10C34000483A283A483A283A283A283A2732083AC6
:10C35000283A073A07320732E731E7310732E73147
:10C36000E731E731E731C631C731C631C631C631B1
:10C37000C631C631C631C631A629A6318D538D537B
:10C380008D538D538D538D538C538C538D538C53B0
:10C390008D538D538D538D538D538D538D538D539D
:10C3A0008D538D538D538D538D538D538D538D538D
:10C3B0008D538D538C538C53AD5BAC53CD5B7174EB
:10C3C000116C705BAE426C3AD26B34748E42105377
:10C3D000F78C2B223374F36B4F53916CF274106D06
:10C3E000106D116D316D116DF06CF06C116D116D82
:10C3F000F16CF16CF16CF16CD16CD064F16CF16C9E
:10C40000F16CB164B164F26CF26CB164915CD26CA9
:10C41000B26CD26C916471649264B3649264925C05
:10C4200092649264925C735CD46C525CD46C53647E
:10C43000B353D04A104B957C588DD574335C13544C
:10C440001354D253967455743574B35B336C536480
:10C45000345C7664345497649764B664765C76642E
:10C4600036644F4BEF42CE3AEE42CE3AEF420F43A4
:10C47000714B724BB353D453D553575C365C165C37
:10C480005764376457641664D453A9214B3AF03A81
:10C49000F14A944BB453F55B36643664155CF6632D
:10C4A000B653F65B3764B55B745BD77CD45BD663FD
:10C4B0007553955316647653B45BF5637653755391
:10C4C000734B9563955BB55BB553955B955B955BDE
:10C4D000955B7553B55B955BB55B965B955BB65BA2
:10C4E0007453D55BD98453535353735BB784F56B43
:10C4F000B042F24A34749363325BD04A313A0F420D
:10C500004C4289426842683A6842483A6842684206
:10C51000483A483A483A483A483A483A483A483A0B
:10C52000283A483A283A283A283A27322832083A0C
:10C53000073A07320732E731073207320732E7316D
:10C54000E731E731C731C631C731C631C631C631EF
:10C55000C631C631C631A629A631A6298C538C53C3
:10C560008C538C538C538C538D538C538C538C53D2
:10C570008C538D538D538D538D538D538C53AD5B95
:10C580008C538D53AD5B8C538C53AD5B8D5BAD5336
:10C590008C53AD53AD5B8C53AD5B8C536C536D536F
:10C5A000927CF16B90632F5333748D429163347C92
:10C5B000AA219474336C715B336CF163105CD064AA
:10C5C000116D316D116DF06CF06CF06C116DF06CE3
:10C5D000D064F16C116DF16CD164D164F16CD16CEB
:10C5E000B164B164D26CF36CB164B264B264F264ED
:10C5F000B15C9164B264B264D264936C726493640B
:10C60000B364926492649364525CB46C135C92530E
:10C61000D142504BB25BB25B1785B674B67C335CCB
:10C62000F353D24BB24BF3635574F563D67C125C73
:10C6300017757664965C565C9764765C565C966C6F
:10C6400055640E4B0F43EE42AE3AEE420F43514358
:10C650005143724BD34B155C575C565C3654565C59
:10C6600056645664565C165C9353A8218D42F04282
:10C67000F142534BB453365C365C1654165C145C72
:10C68000355C365CF6531664B45B74745574366C62
:10C690007553B65B9453975B7553955B765B965B6E
:10C6A000B55B765B965B5453B65B965B765B755376
:10C6B000955B955B7453B55B955B75537553B65B32
:10C6C000D563D563366C77743353D14A736315746D
:10C6D000725B6F42B04A96846F4251420F3A4A42AF
:10C6E000694269424A42493A6742483A483A483AB6
:10C6F000483A483A483A483A483A483A483A483A2A
:10C70000283A283A283A283A283A273A273A073244
:10C71000073207320732E731E731E731E731E731F6
:10C72000E731E731C731C631C731C631C631C6310D
:10C73000C631A631C631A629A631A6298C536C5321
:10C740006C538C538C538C538C538C538C538C5311
:10C750008D538C538D538C536C538D536C53AD5BF5
:10C760006C538D53AD5BAD5B8D5B8D5B6C53AD538B
:10C770008C538C538C538C536C536C538C536C5321
:10C780008D5B5174306CD1630E53B163F26BCD4A43
:10C79000127430530F4BD163F5846F537053515C57
:10C7A0009164F16C106D106D116DF06CD064D064FB
:10C7B000F16CF16CF16C9064D164F16CF16CD16C42
:10C7C000B164D26CD26CD26C915C9164D26CB26464
:10C7D00091649164B264B264926472649264B3646A
:10C7E000B36493647364D15CB264746C314BF14A8A
:10C7F000F24A9264B464B24BD774556C967C13645D
:10C80000D25B13543354F353524BF784F363556C98
:10C810005464B56C335C755C355C7764976496647E
:10C82000B65C2F53CE42CE3ACE3ACE3AEE42113BD0
:10C830005143714BD3531454365C3654565C776471
:10C84000365C365C77643654725366218F42CF4231
:10C85000F1425453D55B1654365C365CF56317646D
:10C86000155C1564D65BF663155CB463935B977CCB
:10C8700073537453B5537553965B955B955B7453C3
:10C880009453955B7553955B7453955B955B7453AB
:10C89000955B755B755B755B7453755B955B134B53
:10C8A0003674977CF14AB77C777C535B904A11537E
:10C8B000547473631153B14A31420F3A2D3A6842AE
:10C8C00068426842684248424842483A483A483AD0
:10C8D000483A483A483A483A483A283A283A483A88
:10C8E000283A283A283A073A073A283A073A0732C4
:10C8F0000732E731E7310732E731E731E731E73136
:10C90000E731E731E731C631C731C631C631C6310B
:10C91000C631A631C631A629A631A6298C536C533F
:10C920006C538C536C538C538C536C538C538C536F
:10C930008C538D538C53AD536C4B8C536C538C5325
:10C94000AD5B6C536C538C538D5B6C53AD5B8C53F4
:10C950006C53AD5B8C538D53CD5B8C53AD53AD534A
:10C960006C4B8D53B174126C0E4B705B2F53B163D3
:10C97000757C0B2AEF4A789D6C32947CD163ED3A3A
:10C98000F47CD16CB0641065F064D06CD064D06479
:10C99000F16CD16CB064D064F26CF16CB064B05CDA
:10C9A000D164F26CB164D164B164B164D164915C5E
:10C9B000B164B264B26492649164B264D36C925C08
:10C9C000715C925C925C936434647253D142514BBB
:10C9D0003364B36C94643354177D756C55749574DB
:10C9E000F67C74649143F45BB35313643464D77C72
:10C9F0007153388D7153177D75647664565CF86C8D
:10CA000035541043EF3AEF42EE3AEE42EE42104315
:10CA10005143924BF45335543654565C77647764E3
:10CA2000565C565C5764565452536621AF42CF420F
:10CA3000F142744BF65B165C175C165C165CF76390
:10CA4000F65BF55B175CF65B155C975B9453598D51
:10CA5000346C366C765B955375539553544B7453C5
:10CA60007453955395535453955B75539553745B19
:10CA70005453955B545354537453955B166C366CF6
:10CA8000B03A777CD884B042B8841253B04AD04AC6
:10CA9000AF42B68CB24A113A2F3A4C3A6A426842D7
:10CAA00068426842483A68426842483A483A483AD6
:10CAB000483A483A483A483A283A483A283A483AA6
:10CAC000283A283A073A283A073A283A073A0732E2
:10CAD000E7310732E7310732E731E731E731E73154
:10CAE000E731C731E731C631C731C631C631C6314A
:10CAF000A631C631C631A631A629A6296C536C537E
:10CB00006C536C536C538C538C536C538C536C53CD
:10CB10008C538C538C53AD538C538C538C532B4B65
:10CB20004C536C536C536C538D53AD536C4B2B5314
:10CB30004C538D5B8D538C536C536C536C4B6C4BC3
:10CB40006C532C4B6C4B527C116C6F5B30531374D9
:10CB50002C320F53747CCA29947CD1630E4BF36B37
:10CB6000D163AF53D16C326DF064B064F06CF16C92
:10CB7000D064B064B064F164916C5064B15CF164F1
:10CB8000D164B16CB15CD16491647164916491645D
:10CB9000B164B264916492649264B26492647164A8
:10CBA000505C915CB15C125C514BB142324B3364CE
:10CBB000B2647364535C745C998DB6743464145CB1
:10CBC000756CD15BB153D253355CD253B253B6744A
:10CBD000146C725B515B578D336434647664355CDE
:10CBE000365C51435143AD3A8C32AD32CE3A2F438D
:10CBF000714BB34BB34BD44BF3533564365C565C3B
:10CC0000575C565C5664575C314B8621AF42EF420D
:10CC1000F14AB54BD453D55BF75B175C365CD65BFA
:10CC2000D55BD55BD55BB453D453965BD55BB45B16
:10CC300093537774B55B745394537453B55B9553A6
:10CC400075537553745395537553755375535453A6
:10CC5000955B334B755B955B74533353B563987C2D
:10CC6000F563D14AD46319952E32567C9363D04A2A
:10CC70001153B152F0390F3A6A3A683A6942684240
:10CC80006842483A6842483A483A483A483A483A44
:10CC9000483A483A483A283A283A483A283A283A04
:10CCA000283A073A073A283A07320732073AE73173
:10CCB000E7310732E731E731E731E731E731E73193
:10CCC000C731E731C731C731C631C631C631C63188
:10CCD000C631C631A631A629A629A6296C536C53A4
:10CCE0006C536C536C536C536C536C536C536C534C
:10CCF0008C538C538C536C538C534B4BB184918419
:10CD000071849184B1840F6C0B4B4C537074B1845B
:10CD10002F746C5B6C538C536C4BB184917CB184DD
:10CD2000B184917C6C532C53517CF06B4F5B6D3A0A
:10CD30009263747CEE4AB163715B5053915BF36B09
:10CD40001053D15B315C505CD064D064F16CF16CF9
:10CD5000B064B064D16CF164548D7495F16CF1647D
:10CD6000D164916CB15CD16434857595F274B16411
:10CD7000B1649164715C9264B264925C515C55855B
:10CD8000558D548D7485948454743153546C9364CC
:10CD9000915C7364735C3254B885D6743464D35335
:10CDA00075745695979DD67CD353D253F35B3464F8
:10CDB000F363967C725BF363588D9153D67456641B
:10CDC0001554514310438C3A9384326C2E4B2F43AD
:10CDD000714BB34B934B756C578DF77C355C775C1F
:10CDE000575C575C976C575C114B8621D04AF042D8
:10CDF000114B954B556C378D987CD65B1654F65B72
:10CE0000F65BF663388DF784F78CF684F78433533A
:10CE1000955BF5637674F563B55B74537453745323
:10CE20007553745374537553545374537553545307
:10CE3000755B545354535453D663156C324B525351
:10CE4000D884B463114B9363F46BF04A3574367C29
:10CE5000B152F0392F3A6B42663A87424A3A6842F9
:10CE6000483A6842483A483A483A483A483A483A8A
:10CE7000483A483A483A283A483A283A283A283A22
:10CE8000283A073A283A073A0732073A0732E73191
:10CE90000732E731E731E731E731E731E731C731D1
:10CEA000E731C731C631C631C631C631C631A631C8
:10CEB000A631A631A631A629A629A6296C536C5302
:10CEC0006C536C536C536C536C536C536C536C536A
:10CED0006C538C538C536C538D5B0B535CDFFFFF97
:10CEE000FEF7FFF7FFFF9DE7F394CA4237AEFFFF5F
:10CEF00058BEAD634C536C530A433CE7FFFFBEEF93
:10CF0000FFFFFFFFFEFFD1840B4B717C3274705B1F
:10CF1000505B2F53CE4A747C2C32715B757C2B2A6C
:10CF2000957CD2632F438E4B926CD064D064B064F6
:10CF3000B064B164D164D16C3CD7FFFF958DB05C17
:10CF4000505C7174D1646F5CBAC6FFF737A6715C30
:10CF50009164715C9164926492645154305C3CCFF2
:10CF6000FFF7FFF7FFF7FFFF9EE7D47C9364925C27
:10CF7000925C335C9364725CB8853775F353967436
:10CF80004F5339BEFFFFB89D4F43145C345CF353DD
:10CF9000D3533464188593635153504BDA95345C02
:10CFA0007664103BEE424A32FFFF9EE7905B2F43D0
:10CFB0005143734BB353F9ADFFFF3CAE145C575C68
:10CFC000985C575C3664775C104B6621D04AF0421F
:10CFD000114B744B19A6FFFF1CBEB55B1654155CB4
:10CFE00016649774FFF7FFF7BFF7FEF7FFEF9FDFB9
:10CFF000925BD563144BD87CF5637453334B9553D4
:10D00000965B74537453545375535453755354531C
:10D010005453745375533453B55BF88C3253124BDD
:10D02000735BB884D14A904A9363D363725BF152C5
:10D03000EF394F426C426942683A89426842483A45
:10D04000483A4842483A483A483A483A483A483AC8
:10D05000483A483A283A483A283A283A283A283A60
:10D06000283A283A07320732073A073A0732073296
:10D07000E731E731E731E731E731C731C731E73130
:10D08000E731C631C731C631C631C631A631C631E6
:10D09000A629A629A631A629A629A6296C534C5350
:10D0A0006C536C536C536C536C536C536C536C5388
:10D0B0006C536C538C536C536C53CA427DE7FFFF27
:10D0C00079CE749DDACEFFFF5CDF0B53F6ADFFFF28
:10D0D00079C66C5B6C538D530A435CEFFFFFDAD665
:10D0E000339DB9CEFFFF9CE7AD634C4B116C53747D
:10D0F0003053CE4A337C6D3AF36BD263AB21368D1D
:10D1000030532D3274742F4B905BF26C9064D05C72
:10D11000F0649064B164B064B6A579BEB1644F5454
:10D120001385B9C6D6952F5479BEFFFF17AE50545C
:10D130009164715CD264B25C515CB264105C3BD7A8
:10D14000FFFF7BCE169595A5F7A5F26C925C925CDD
:10D150009254735C735C52545675987D555CB15310
:10D16000136C3AC6FFFF7ABEB474345CD353F353E6
:10D17000F353D35B79851253767CD3633364F574B0
:10D18000D153103BCE3A0A32FFFF9EEF905B0F3B2C
:10D190005143934B724BF8ADFFFF5CB6D5537864A7
:10D1A0009864375C5664575CD0428721F04AF0425D
:10D1B000F1423343D8A5FFFF1AB67453155C155CD2
:10D1C000B55B5674FFFF9EEFF9BDD9AD9EE7FEFF3C
:10D1D000D9A5744B9653945B156C5353965B74535B
:10D1E000354B35535553545355537553745354530A
:10D1F0005553144BB563166C354BB45BF8845253DE
:10D20000D04AD14A567C1253CF4A3574B14270424B
:10D21000EF416B428A428942493A493A663A483A72
:10D220006842683A483A483A483A283A483A283AE6
:10D23000483A483A483A283A283A283A283A273287
:10D24000283AE731073A073A073A07320732E73117
:10D25000E731E731E731E731E731E731E731E7310E
:10D26000C631C731C631C631C631C631A631C63125
:10D27000A629A631A631A629A629A6296C534C5366
:10D280004C534C534C534C534C536C536C536C5346
:10D290006C536C536C538D5B6C4B0A435CE7FFFF24
:10D2A00054A5E92A71849DF79DE7CE63F6ADFFFF93
:10D2B00058C64C5B6C538C530B433CE7FFFF549DAB
:10D2C000C93A0E649DE7DEFFF28C4C4B0C4BD06BE1
:10D2D000937C6F6B4B42757C3053CF423474CD4A94
:10D2E000EB39AE4AD57CCE3A515B326CCF53CF543A
:10D2F000CF642E642F54B05C2F5CEE534F4C0F5410
:10D300003CDFFEFF769DAE43DAC6FFFFD6A52F5C5D
:10D31000916C305C915C915C7164915C315C5BD729
:10D32000FFFF179D2F2A304C525C92541154116408
:10D330001044325CB46CF14BD4647785B57CF05307
:10D34000B34B3BBEFFFF39B6326C746C524BD34BC0
:10D350001454B45B704B1474967CB56B9353377D47
:10D360002E42325C9153EA29FFFF9DEF915BF03A28
:10D370003043D353B24B97A5FFFF99B6375C375C68
:10D3800014645864B87CD55B6E32A921F04A2E3201
:10D390009253534BB8ADFFFF5AB6B653F5531564CD
:10D3A000B65B5774FFFF9EE7166C743BFAB5FDFF42
:10D3B000FCC65543B2531253B26355745874F342CA
:10D3C000F242F66B9463124B344B56535453324B28
:10D3D0005453F56BEF52F46B786CF442B45B968463
:10D3E000115BF25AF152B56BD46B4E3AB252904A7D
:10D3F000AE4AE529483A6842483AE731CB4A694A99
:10D40000C629483A683AE731C631EB526942C62923
:10D41000483A283AE73165298521483A483AE731C0
:10D420004421CB5A073A8629C631073AE731E7311A
:10D43000E731E731E731E731E731E731E731E7312C
:10D44000C631C731C631C631C631C631A631C63143
:10D45000A629A631A631A6318629A6296C534C539C
:10D460004C534C534C534C534C536C536C536C5364
:10D470006C536C536C532B534C4BCA3A5CE7FFFF15
:10D48000D294A93A0F7C9EF7BDE7EE6BF6A5FFFF9D
:10D4900058C64C5B6C536C530A435CE7FFFF549DCA
:10D4A0004B4BEA42FBD6FFFF95A5CA421395BEEF50
:10D4B000DEEFFFF719B69063AD42D26BB163D26B6A
:10D4C000FFFF3DDF691934747EE7DFEF7695515C2D
:10D4D000137DFFF73AC7B164FAC6FFEF3275179EA6
:10D4E000FFFFDEFFDFE7F79578BEFFFFBAC6DEE796
:10D4F000BEEF79BEEF53715CB274925CD1531CCF16
:10D50000FFFF77B5D1639264926C5154F79DBFF7DA
:10D510001CD77CD7FFF71BD799B6DEDFFFFF7AB6A3
:10D52000914B19B6FFFFBBCE5DD7DFE7B9A5345CE1
:10D53000F35395849EE7FEE7DEE79FEFCF429353D8
:10D540005463FDEFDFE718B6FEFF9CE78F53EE4212
:10D5500096A5DEEF5DD71CD7FDFF9BB6F64B556455
:10D560009ABEDFE7FFF75EDFF16BA921AF4258A556
:10D57000FFF77ECF1CDFFEFF3AB6B753F753135CBD
:10D58000B5537674FFFF9EE7F46B5343DAB5FEFFA5
:10D590003DD7D34AFCCE5DDF3BBEFFEF3374F46B67
:10D5A000FCCEFFF7DEEF5DD711533553D342D9B52B
:10D5B000DFE7BFE77EE7179D15855353136C5DDFEB
:10D5C000DFF7BFF7FBD6315B924A115B7EE7BEF710
:10D5D000DDF7DACE2C5BC6315084BDEFBEF7DEF747
:10D5E000F7B589420732CE6B5CE7FFF7FFF7F6B578
:10D5F000C629E631749D9DF7B6B5BDEFEF734C6358
:10D600005CE7BEF7DEF7DAD68529073A283AE73134
:10D61000E731E731E731E731E731E731E731C6316B
:10D62000C731C631C631C631C631A631C631A62989
:10D63000A629A631A6318629A62986294C534C5302
:10D640004C534C534C534C534C534C534C536C53C2
:10D650006C536C536C534C538C53CA3A5CE7FFFFCA
:10D6600058C6B18CBAD6FFFF3BD72B4B16AEFFFF87
:10D6700078C64C536C536C53EA425CE7FFFF75A5C8
:10D68000EA422B4B1BDFFFFF75A52B53FFFF9CEFDF
:10D69000CD731CDFFFFF737CEE4A33742B3234846E
:10D6A000FFFFDEF7716395849DEFFFFF18BEAC3A74
:10D6B00019B6FFFFD49D905C3CDFFFFFF274137D31
:10D6C0009EEFDEFFFBCE147558B6FFFFFBCEB69D76
:10D6D000FFFFFFFF2F54915C5164335CF03AFBD69F
:10D6E000FEFFBEEFBDE7DFEFFBCE305CF7A5FFFF2F
:10D6F0007DE7558D5CE7FFFF1CC79ABEBEF7BEF7FE
:10D70000B47439AEFEFFFCD6789DFFFFFFF7D674E8
:10D7100033647DE7FFFF57959BBEFFFF569D536C1B
:10D72000DCC6FEFFBBCE5284FFFF9DE75053B05BCB
:10D73000BEEFFFFFF5841CCFFEFF5BB6B553B99D6E
:10D74000FFFFBBC6559DFFFF1BD76C3A72637EEF90
:10D75000FDFF188D9ACEFEFF5ABE9653F653155C08
:10D76000D6537674FFFF9CE798A5989D7EEFFFFF48
:10D770001BAEF34A1CD7FFFFDFF79EE7B5841CD72B
:10D78000FFFF78A5FABDFFFF5BBEB2421664FFFF44
:10D790003CDF98A5BFF7FFFFB063D88CFCD6FFFF36
:10D7A00056A519BEFFFFF9B5AF391EDFFDF711848D
:10D7B00053A5FFFF95AD4842FFFF5CE7CB5ABAD6B1
:10D7C000FFFF307C69423BDFFFFF0F7C38BEFFFF6D
:10D7D000B18C642195A5FFFFFFFF9DEF307CFBDE40
:10D7E000FFFFAA52B6ADFFFFB18CA629E731E731A2
:10D7F000E731E731E731E731E731C731E731C631AA
:10D80000C631C631C631C631C631A631A631A631C0
:10D81000A629A631A6318629862986294C534C5340
:10D820004C534C534C534C534C534C534C534C5300
:10D830004C534C534C534B536C4BCA427DE7FFFF48
:10D84000FFFFFFFFFFFFFFFFD284CA42F6ADFFFFDD
:10D8500078C64C536C536C53EA425CE7FFFF75A5E6
:10D860000B43EA421BD7FFFF95A52B4BFFFF9CEF15
:10D87000339DAD6BF38C937C6F53AD42F26BB16B08
:10D88000DBD6FFFF0F53D58CFFFF7DEFDBD60E4BB2
:10D890009BC6FFFF1385B05CDBD6FFFF1275AD4B57
:10D8A000FBDEFEFF5595AE4399BEFFFFB6A5B16CFA
:10D8B0009DEFFFFF0E4CD25C9364714B8F3AFBD609
:10D8C000FDFF5CE7FAC6DBCE7ABEB16CF7A5FFFFC1
:10D8D00099C6F1539AC6FFFFB89556859DE79DEF0F
:10D8E000F57479B6FFFF59C60F4BBDF7FFFF94746F
:10D8F000D57CDEF79DF75053B9A5FFFFFCD67353D7
:10D900001DD7FFFF7484E710FFFF7EE7715BF25BBA
:10D91000FFFF7DE7303B199EFFFF39B6B353DCCEE6
:10D92000FFFFBAA5B35B9EF7FFFFEE4AB36BFFFFA5
:10D930003AEF70321AB6FFFF3AB69553355CD65BB4
:10D94000B7533674FEFFFDFFFFF7FFFFFFFF3BE716
:10D95000F35B34431CCFFFFF3ABEB56BD46B7DE75E
:10D96000FFFF313AD77B9EEF5DDF1353D99DFEFF5A
:10D9700058A54F3A5BC6FCD6567C125B5DE7FFFFAD
:10D980004C4AB594BEEF3CDF4D42FBD6FDFF56AD91
:10D99000EB5A8D6B2C5B894AFFFFBEF7B294CA52DB
:10D9A0008D6BEA4A4C5BFFFF7DEFE3183084FFFF8D
:10D9B00099CE241975A5FFFF38C6EB5269425CE782
:10D9C000FFFF5084EB5A6D63CA52C6310732E7310C
:10D9D000E731E731E731E731E731C731E731C731C7
:10D9E000C631C631C631C631C631C631A629A631C7
:10D9F000A629A631A631A629862986294C532B5360
:10DA00004C532B534C534C534C534C534C534C533F
:10DA10004C534C534C532B536C4BCA425CE7FFFFA7
:10DA200017BED17CD284CE6B4B4BEA42B6ADFFFF22
:10DA300078C64C534C534C53EA423CE7FFFF549D8D
:10DA40004B4BC93AFBD6FFFFD6A5CA3AD6ADFFFF6E
:10DA5000FFFF5BDF9184D06BF2635053505BCD428C
:10DA6000B8B5FFFFB06338B6FFFFD494FFFFF06B8B
:10DA70005DDF5DE7326CD05C1CDFFFFFD16CEE4BED
:10DA80001CDFFEFF769DEF4BB9BEFFFFD6A591646C
:10DA90009EEFFFFF2F545154704BD042B0421CD721
:10DAA000FEFF18B6315C3164726C3054F7A5FFFF8D
:10DAB00098B65254BACEFFFF1A969785BEE79DEFEF
:10DAC000F5749AB6FFFFF8B5EF327EEFFEFFFAADC0
:10DAD000F68CFEFFFFFF9EE79EE7FEF71DCFD13AD3
:10DAE000FBD6DEF794842B32FFFFBEEFAD4AF16B1D
:10DAF000FFFF1CDF523B1A9EFFFF3CAEB6535DD7C3
:10DB0000FEFFBFE7BEE7BFEFFFFF505BD36BFFFF3A
:10DB10005DE71333FAADFFFF3AB6955BF45B365C15
:10DB2000D6535674FFFFBDEF79A5167DB78CB2634F
:10DB3000B64B14433BDFFFF71895F44A56749FE742
:10DB4000FFFFB55B1774BDEF5DE7135BD9A5FFFF62
:10DB50007CC6F56BD14A9784D04251639CE7FDFFA8
:10DB60009EEF9EEFFEF71CD78B4ACE6BFFF7FFFFB1
:10DB7000FEFF9184E731E731349DFFFFFFFF5CE753
:10DB8000EF73A5214C5BFFFF3CE703195084FFF7BF
:10DB9000FBD6031995A5FFFFF3948521C629307C98
:10DBA000BEEFFFFF5CE771848529C631E731E731BD
:10DBB000E731E731E731E731E731C731C731C63106
:10DBC000C631C631C631C631C631A629A631A6290D
:10DBD000A629A631A6298629862985292B532B53C8
:10DBE0002B532B534C534C534C534C534C534C537F
:10DBF0004C534C534C536C534C4BEA423CDFFFFFAD
:10DC0000139DEA3A2B4B0B4B4C53EA4AF6B5FFFFF8
:10DC100058BE0B534B4B2B4BCA3A5CE7FFFF549D4E
:10DC2000CA424C533CDFFFFF138D4C4BEB4AAE6BAB
:10DC3000D7ADFEF7FFFFD38CD163126C1053ED4AC2
:10DC4000F9B5FFFF59BEDEEF149DD58CFFFF2F7491
:10DC5000FFFF19BEEF42705CFBD6FFFFF16C0E5464
:10DC60003CDFFEF7758DEE43B9BEFFFFB59DB16495
:10DC70009EEFFFFF8E4BB14BB04A304B715B3CDFE8
:10DC8000FFFFF8A5F14B514C725C515418A6FFFFF1
:10DC900099BE314CB9CEFFFFD88D77859DE7BEEF99
:10DCA000F56C3AA6FFFF19B630333DE7FFFFF2737C
:10DCB000D26BFFFF5DE7B35B767CB484F88494534A
:10DCC0003CDFDEF7F58C2B2AFFFFBDEFCD4A6E5B04
:10DCD000FFFF5EE7F1321AA6FEFF9BAEF44B3DCF8D
:10DCE000FEFFB9AD767C968CAD638C32B263FFFFDC
:10DCF0003EE73333D9A5FFFF3BB6965B3664F4535A
:10DD0000B5535674FFFF7EEFD56BD64B7553B553A5
:10DD1000974B1553FBDEFEF71995344B356CBFE777
:10DD2000FEFF3243198DFDF75DE7F45A1CAEFFFF8D
:10DD3000B7AD725BD98C9363D584D67B9EE7FFFF2A
:10DD40009152F35A706350636942483A6942139D95
:10DD50005BE7FFFF95ADE7316942AA4A95ADFFFF4A
:10DD6000FFFF5084EB52FFFF1BDF44213084FFF79D
:10DD7000DAD6241975A5FFFF1395A629283AE731AD
:10DD8000694254A59DEFFFFF508485298529C62946
:10DD9000E731E731C631E731C731C631C731C63166
:10DDA000C631C631C631A631C631A629A631A6294B
:10DDB000A6298629A6298629862986292B532B530D
:10DDC0002B532B532B534C532B534C534C534C53DF
:10DDD0004C534C534C534C4B2B53A9427CE7FFFF05
:10DDE00034A52B4B4B4B4C532C53EA4A17AEFFFF39
:10DDF000B9CE307C707C70742B4B3CDFFFFF95AD4F
:10DE00002C5B54A5DEEFDEEF0F74CE6B1BD7B5A5F0
:10DE1000A94296B5FFFF57BE2C53D063D15BAE42EB
:10DE2000906B9EF75CEFFFFF9384D26B5EE73BEF56
:10DE3000FFFF158DEF3A705BFBD6FFFFF174CE53F9
:10DE40003CDFDEF7958DCE5359C6FFFFD5A5B26CEA
:10DE5000BCEFFFFFAE421143904A515C0F643BDFC1
:10DE6000FEF717AE916CB36CB384105CB69DFFFFE8
:10DE700079C6514CB9CEFFFFB78D978D7EEFBDEFC0
:10DE800094743BA6FFFF39BE303BBDF7FFFF579DA3
:10DE9000F68CBFEFFDFF924356959EE71BA61043FD
:10DEA0001CDFFFFF9484EA31FFFFBEEF6D42327446
:10DEB000FFFFDFF78E3219AEFEFF7CB6B4539CB67F
:10DEC000FFFF99A5933B5DE7DACE2E43915BFFFF01
:10DED000BDF7B23A19AEFFFF3BB6D55BF553F5631C
:10DEE000F65B3574FFFF9EEF976C765BD45BB44BAB
:10DEF000B65B52533CD7FFFFD68C3453166C3EDFD3
:10DF0000FFFFB24A7584FDF73DDF924A3A95FEFF66
:10DF100078AD4F4A9CCEFFF7F594D5735DE7FFFFD0
:10DF2000AD31F262BBD637BEAA4A37BE17BE4842F1
:10DF30006D63FFFFBAD62C63FBDE34A5452934A5FB
:10DF4000FFFFB6B5AA52FFFFBEF7C3105084FFFF14
:10DF500038BE242175ADFFFF139D8629AA5217BE36
:10DF6000DAD620005084FFFFBACE083A718C0F7CBD
:10DF70008529C631E731C631C731C731C631C6310F
:10DF8000C631C631C631C631A631A629A631A62969
:10DF9000A629862986298629862986292B4B2B4B5B
:10DFA0002B532B532B532B532B534C534C534C531E
:10DFB0004C534C534C532B4B4B53C9429DE7FFFFE3
:10DFC000349D0A432B4B6C534C53A94237AEFFFF91
:10DFD000FFFFFFFFFFFFBEEF4C5B5CE7FFFFFFFFB4
:10DFE000DEF7FFFFFFFF16AE2B53CA42FFFFFFF71E
:10DFF00095A55DE7FFFF3295A93A6D531064735BF9
:10E00000AD4A3CE7FFFFBFF7F8944C3A19BEFFFF5B
:10E010009EEF3695EF420F53DBD6FFFF1375CF4BC4
:10E02000FBBEFFFF7DDF138559C6FFFFF5A5946496
:10E03000DDEFFFFF2D321143F05B925CCF5B5CDFC5
:10E04000FFFFBFF7BFF7FFEFFFFFF38417AEFFFF40
:10E0500099CEF153BACEFFFF97951685BEF7DEF73E
:10E06000D37C9BB6FFFF7CEF7ABEFFFF5DDFF36BD7
:10E0700030539BC6FFFF99BE9CEFFFFFF684514BC8
:10E08000799DFEFF1CDF7ABEFFFFBDE7927CCF4A81
:10E090001DE7FFFF39B67EDFFFFF5BB6D45B788DEF
:10E0A000FFFF5DE75AB6FFFF79CE0F53115B1DE707
:10E0B000FEFF5BB67CE7FFFF5DC6745BD553145C67
:10E0C000F55B7574FFFFBFEF756C765BB453B453AB
:10E0D000B653324B5CD7FFFF3895735373531AB660
:10E0E000FFFFBCC6DBCEFFFF98A533533353FFFFC2
:10E0F000BFEF379DFFFFFFF7557C115BF9B5FFFFC1
:10E100007AC67AC6FFFFD6AD8521DACEFFFF38BECC
:10E11000F7B5FFFF95AD083AFFFFFFFF139DFBD654
:10E12000FFFF7184E73958C6FFFF54A51BDFFFFFCF
:10E13000AE6B4421B6ADFFFF349D4421894AFAD627
:10E14000FFFF54A579C6FFFFD294AA52DEF73CDF49
:10E150004421E731C631E739A631C631C631C6316F
:10E16000C631C631C631A629A629A631A631A629AF
:10E17000A629862986298629862985292B4B2B4B7A
:10E180002B4B2B532B4B2B532B532B532B532B53AF
:10E190002B532B532B534C532B53EA4A37B6BACE3F
:10E1A000B18C2B4B4B4B4B532B4B0B4B338DBAD66C
:10E1B00079CE99CE79C678BE2C5B17B699C699C62A
:10E1C00099C678BED28C0B432B4B0B4BB184BACE85
:10E1D0003CDFDACE53952B534A4B6B534B4B126CAF
:10E1E0006F5B76A59ACEB8ADAB29126C97A559C6D0
:10E1F0009ACECD42304BF36BF59CDBD6115C315C93
:10E20000505C79C61BCF748D959D1BCF948D535C4C
:10E210007ABE9BCEEF4AF153B164725C305C38B683
:10E22000DBCEDBCEDBCEDAC61BD7B274558D1BCF6F
:10E23000F69D525CF8AD1BD7157D567DDBC6BABE88
:10E24000946CF99DBAC618B61CCF3CD79895CF3AB6
:10E25000B67CD684DBCE7DE7BAD696A5D253F353EF
:10E26000145458C6FCD697A5969D38B6D05B2D227F
:10E27000D48CDAD65DD75BB69CC6999516541454E7
:10E2800019A61CD79DDF3AB6AB4A0B2A8F42948C55
:10E29000FCCEFCCEF8AD9BC63A95B5533554155C13
:10E2A000D653366CFBD67BBE36649553B453D55BE0
:10E2B000B65B7353FAADBCC6977C7453134BD46BE7
:10E2C000FAB55DDF3CD7F9AD5253F9849253968C81
:10E2D0009AC6FFF739BEF37355844F42F15298AD99
:10E2E0001AD7FAD6B5ADE731283A2C5B79C6FBD6FA
:10E2F0001BD7339DAA4AA629718499C63CDFDACE82
:10E300009184E731E731EB52D6B53CDFFAD6D28CB7
:10E310008629C63171849ACE307CA629C7316D63B7
:10E3200038BE1BDFBAD634A52421AA52F7B575A58D
:10E330004521E739C631C631C631C631C631C6318D
:10E34000C631C631C631A629A631A629A629A629D5
:10E35000A629862986298629852986290B4B2B4BB8
:10E360002B4B2B4B2B4B2B532B4B2B532B532B53DD
:10E370002B532B532B532B4B4B530B4BEA4AA9429A
:10E380000B4B4C4B4B4B4B532B532B530B4BCA420E
:10E39000CA420A43CA42EA422B4B0B43CA3AEA42F8
:10E3A000EA42EA420A434B4B4B4B4C53EA4A0B536B
:10E3B0006C5B0B53EA4A2B4B4B534B4B4A4B6C5306
:10E3C000F0633053EC318D4232742F4B6C3A9163D1
:10E3D000AE4AEF4A136C92638D420C3ACF42F15B26
:10E3E000505CEF5BEE4B0E4C30540F543054704B7E
:10E3F0008E3A4D3AF05B9164515C715C305C105C1C
:10E40000EF531054EF4BD053F15B51545154D05350
:10E4100031549354115CCF5351549775B4641254D2
:10E42000545433541254125C74649474F253B24BC7
:10E4300055647153369514743053D6847564555CA5
:10E44000134C8D428E4AEB312A2A6B32AD42135463
:10E450006C2A0E4B1364724B334BD34B5754775487
:10E46000555C3564B4741343C921AC32EF42AF3A02
:10E47000D453D553B45B9453B553F553344CD55B57
:10E48000D75B7553735B7353B6539553D55BB55BCD
:10E490009553945352535453344B765376533453C9
:10E4A0001353956B3253166CD563114BD78470425E
:10E4B0002F3AF4737163B04A114251424F42AA2974
:10E4C000CA4A6842E831483A6942683AE6318942C4
:10E4D0008942E73127324842E731283A8942283ACF
:10E4E000E731E73169420732E731A94A283AA629DC
:10E4F000073A283AA6296521C6310732073AC629C4
:10E5000085216942E7398529A629E73165218529D1
:10E51000C631E731E731A631E731C631C631C63100
:10E52000C631C631A631A631A629A629A629A62913
:10E53000A629862986298529862985290B4B2B4BD7
:10E540002B4B2B4B2B4B2B4B2B532B4B2B4B2B4B13
:10E550002B4B2B4B2B4B2B4B4C532B4B2B4B2B4BE2
:10E560002B4B2B4B4B4B4C532B4B4C532B532B4B81
:10E570002B4B4C536C534B4B6C534C4B4C4B4C4BAD
:10E580004B4B4C4B4C4B2B4B6C532B4B4C532B4B07
:10E590002B4B4B534B532B4B4C536C534C4B2A4BE9
:10E5A0004C4BF163915B4C322F5BEE42915B92637B
:10E5B0006E3A146C5053104B3474ED394F42104B7B
:10E5C0005064305C505C5054515C315CB04BD04274
:10E5D0001043B0539164505C715C3054715C715C59
:10E5E000515C51545154725C5264514C7254736C6E
:10E5F00073647254325C526472545675166D745C56
:10E60000B564535C3354755C955C1354755C965CCF
:10E6100014543464AE3A5353F56B9674F35BFA9D1D
:10E62000946C8D32AE426D3ACD3AAD420B3A6F4B9F
:10E63000EE3A9674AF3214647153555C365C565C96
:10E64000565C375C5664734BA821CD428F3A314BF0
:10E65000733BD54BF653F653165C1654365CD453C5
:10E66000D653F75BB55BB553B653D55B9453955B07
:10E6700074539453B55B75537453744B544B955BFF
:10E680005553154B524B75537874725B2F4255742A
:10E6900013538E21367C125B52420F3A2C3A493A80
:10E6A0006942283A493A68426942483A8942483AB6
:10E6B000483A28328942483A6842483A283A483A21
:10E6C000283A8942E629683A273207320732483A1F
:10E6D000283A2732E731483AE731E731E731283A3B
:10E6E000E731A629E731E731073AE731E7318629F3
:10E6F000073AA631E731C731A631C631C631C63136
:10E70000C631A631C631A629A629A629A629A62939
:10E71000A629852985298629862985290B4B0B4B16
:10E720000B4B0B4B2B4B2B4B2B4B2B4B2B4B2B4B79
:10E730002B4B2B4B2B4B2B4B2B4B2B4B2B532B4B21
:10E740004B4B4C532B4B2B4B4C530B4B2C534C5395
:10E750004C532B530B4B2C530B4B2C532B532B53F6
:10E760002C530B530B532B532B532B532B4B6C53BF
:10E770004B4B2A4B4B4B2B4B6D532C4B4C4B4B4B1E
:10E780004C4B2B43D063B1630D327053D2636E3A5E
:10E79000767CAE42705BF46BAB296F42EE398E42F1
:10E7A000CD42F053315C5164F15B7153AF42F04A9A
:10E7B000F05B7164515C525C1054715C515C515C53
:10E7C000315C315C5264515C51643054515C326450
:10E7D000325C325C32643264525C567D167573640E
:10E7E000325C73649464745C134C7564755CB65CE1
:10E7F000755C355CB353967C7574D363F36BD263ED
:10E80000D26B9043AC32CD426C328C3A4C42CD420A
:10E81000304B314B514B126CB06317851464346428
:10E82000155C586437642F4BC8296D42B04A305389
:10E830007143F553F5533664F55BF55BB553345CC2
:10E84000F65BD65BB453D553D55BD55B94539553E8
:10E85000B55BB55B9453734BB4539353B45B534B59
:10E86000334B9874B35BF242945B1474B152F24A26
:10E870005574D36BCF31B24A8F4A4C42693A8742C2
:10E88000483A694288426842483A6942283A683AB6
:10E89000483A8942E7316842283A283A283A283AE1
:10E8A000283A0732483A0732283A0732483A0732BC
:10E8B000283A073227320732483A07320732E7311F
:10E8C0000732E731C631073AC629E731C631E739A1
:10E8D000A629E731C631C631C731C631C631C63186
:10E8E000A631A631A631A629A629A629A629A62998
:10E8F000A629862986298629852985290B4B0B4B34
:10E900000B4B0B4B0B4B0B4B0B4B2B4B0B4B0B4B37
:10E910000B4B0B4B0B4B2B532B532B532B532B537F
:10E920002B532B4B2B4B2B4B2B532B532B532B4B17
:10E930002B4B2B532B532B4B2B532B532B532B53F7
:10E940002B532B532B532B532B532B532B532B53D7
:10E950002B532B532B532B532B532B532B532B4BCF
:10E960004B530A4B4D5BB163325B4C326D3AB6840C
:10E970004D3A3374F26BEE410D3A6D3A547CF052DD
:10E980000E426F43F1533264514BF04AB04A305457
:10E99000515C5164315C1054315C515C315C3054D9
:10E9A000315C515C525C315C315C525C7264525C33
:10E9B000315C525C7364525C525416755775335C0B
:10E9C000735C7464335C335C545C745C7464545C7A
:10E9D000545C545C3454345CB253F3633474CF42AB
:10E9E00099956F4B6F4BCD3A2B2A2B326C3ACE4216
:10E9F000304B304B7574B35BF45B705B3043355C0C
:10EA0000365C565C355C0F53C819AE42CF4230437A
:10EA1000734BD453165C3664F55BD55BF55BF55BE5
:10EA2000D553B453D55BD55BB453B5539453D55B31
:10EA300094539453945374539453334B787457743E
:10EA4000B14256743674B4636F3AD14A1674914227
:10EA50007363525B5042B14A2C3288426942694228
:10EA6000694268426842483A6842483A483A483AF5
:10EA7000483A483A483A483A483A483A483A283AA6
:10EA8000283A283A283A283A283A073A073A073AD9
:10EA90000732073A073A07320732E731E739E739F1
:10EAA000E739E731E731E731E731E731E731C631BF
:10EAB000C731C631C631C631C631A631A631A631FD
:10EAC000A631A629A629A631A63186298629862916
:10EAD0008529862986298629852985290B4B0B4B73
:10EAE0000B4B0B4B0B4B0B4B0B4B2B4B2B4B2B4B16
:10EAF0002B4B2B4B0B4B2B4B2B4B2B4B2B4B2B4B86
:10EB00002B4B0B4B2B4B2B4B2B4B2B532B532B4B65
:10EB10002B4B2B4B2B4B2B532B4B2B4B2B4B2B4B3D
:10EB20002B4B2B4B2B532B4B2B4B2B4B2B4B2B4B2D
:10EB30002B4B2B532B4B2B4B2B4B2B4B2B530C4B34
:10EB40002B4B2A4B0B4B4D53B063925BF04AAF42B9
:10EB50003474505BAD422D3A2D32347492636E3A68
:10EB6000EE31AE42EF4A71532F43CE3AB253515C6D
:10EB7000315C315C315C315C515C515C3054315CF6
:10EB8000515C515C315C315C515C525C525C525C5A
:10EB9000525C5264525C325C325C16755775535C41
:10EBA000535C535C335C335C74647464545C545CD9
:10EBB000755C7564756454643464304BB363557428
:10EBC000B25B4B2AD15B4F4B2B2A8C3AAD42EE42C3
:10EBD000CE42CE427253356C9353F36B967CB7742E
:10EBE00056641554365CEE4AC921CE42CF423043BA
:10EBF000734BF553F55B155CF553D55BF55BF55B36
:10EC0000D553D553D55BD55BB453B4539453B55B4F
:10EC100074537453945B9453534BF242745B577424
:10EC2000166C90423674F56B6F3AD14AF252757C8D
:10EC3000503A5242904A2B3A8942684269426942AC
:10EC40006842684268426842483A483A483A483A14
:10EC5000483A483A483A483A483A283A483A283AE4
:10EC6000283A283A283A283A283A073A283A0732DE
:10EC7000073A073A0732073207320732E739E739EE
:10EC8000E739E731E731E731E731C731E731C631FD
:10EC9000C731C731C631C631C631A631C631C631DA
:10ECA000A629A631A631A631A631A629862986290C
:10ECB0008529862986298529852985290B4B0B4B92
:10ECC0000B4B0B4B0B4B0B4B0B4B0B4B0B4B0B4B94
:10ECD0000B4B0B4B0B4B0B4B0B4B0B4B0B4B0B4B84
:10ECE0000B4B0B4B0B4B0B4B0B4B2B4B2B4B0B4B34
:10ECF0000B4B2B4B2B4B2B4B2B4B2B4B2B4B2B4B84
:10ED00002B4B2B4B2B4B2B4B2B4B2B4B2B4B2B4B53
:10ED10002B4B2B4B2B4B2B4B2B4B2B4B2B4B2C533A
:10ED20002B4B4B532B532B4B2B53D26313746E3AF9
:10ED300010538E422C3A4C32D26B9263ED29D46B35
:10ED4000B042AC31ED39ED31EF42325C5154515C9F
:10ED5000315C1054315C315C315C3054305C315C7E
:10ED6000515C315C315C315C515C515C3154325CE2
:10ED7000525C5264325C525C535C166D367574643E
:10ED8000535C335C535C545C7464545C545C545CFE
:10ED9000756475647564345C345CD353D35BD67C22
:10EDA0009253326C2B2AEE424F4BCD428C3AAD3A05
:10EDB000CE420F4392539253556C925BB25396746A
:10EDC000724B3564365CAD42E921AE42CF423043EE
:10EDD000B453F553F55BF55BF55BF55BF55BD5532C
:10EDE000D553D553D55BB553B453B55374539453DE
:10EDF000945374535453735398747353D142735B45
:10EE0000F66B36744F3232531674F14AF152B04AEF
:10EE1000924AF0392A3A8942683A6942684268421D
:10EE200068426842483A483A483A483A483A483A82
:10EE3000483A483A483A483A283A483A283A283A22
:10EE4000283A283A283A283A2732073A0732073A26
:10EE5000073207320732073207320732E731E73924
:10EE6000E739E731E731E731C731E731C731C7313A
:10EE7000C631C631C631C631C631A631A631A62942
:10EE8000A631A629A629A629862986298629852983
:10EE9000852985298629852985298529EA4A0B4BD3
:10EEA0000B4B0B4B0B4B0B4B0B4B0B4B0B4B0B4BB2
:10EEB0000B4B0B4B0B4B0B4B0B4B0B4B0B4B0B4BA2
:10EEC0000B4B0B4B0B4B0B4B0B4B0B4B0B4B0B4B92
:10EED0000B4B2B4B0B4B2B4B2B4B2B4B2B4B2B4BC2
:10EEE0002B4B2B4B2B4B2B532B532B532B532B534A
:10EEF0002B532B4B2B4B2B4B2B4B2B4B2B4B0B4B7A
:10EF00002B532B4B2B4B2B530A4B0D4BB0635053B6
:10EF10002D3A4D3A6E42715B9263AC29ED319042CD
:10EF20004F3A0D426F4A2E42EF4AF05B715C10542B
:10EF30001054315C315C315C10541054515C515CA4
:10EF400031543154315C315C315C315C1154315C91
:10EF5000525C325C325C525C335CF56C5775946485
:10EF6000335C3354545C545C535C3354545C545C95
:10EF7000755C545C345C345C555C7564D3533464A8
:10EF800010432F4B8D3A0E4BCD422F4B905B8D3261
:10EF9000CE42304B514B3143145C356C356C314BA8
:10EFA0009674566CF5538D3AE921AE42AF42304B20
:10EFB000B453D553F553155CF55BD55BD553D55399
:10EFC000D553D553D553B4539453B4539453945306
:10EFD00094539453D55B534B166C5674124BB042FA
:10EFE000535BB46332539042946377849042103AF7
:10EFF00070424C3A673A88426A42684268426842C4
:10F00000483A6842483A483A483A483A483A483AC8
:10F01000483A483A483A283A483A283A283A283A60
:10F02000283A283A283A2732283A0732073A07324C
:10F0300007320732073207320732E731E731E73963
:10F04000E731E731E731C731E731C731C631C63182
:10F05000C631C631C631C631C631A631A629A63160
:10F06000A629A629A6298629A629862986298629A8
:10F070008529862986298529652985290B4B0B4BEE
:10F080000B4B0B4B0B4B0B4BEA4A0B4B0B4B0B4BF2
:10F090000B4B0B4B0B4B0B4B0B4B0B4B0B4B0B4BC0
:10F0A0000B4B0B4B0B4B0B4B0B4B0B4B0B4B0B4BB0
:10F0B0000B4B0B4B0B4B2B4B0B4B0B4B0B4B0B4B80
:10F0C0000B4B0B4B0B4B2B4B2B4B2B4B2B4B2B4BF0
:10F0D0002B4B0B4B0B4B0B4B0B4B0B4B2B4B0A4B41
:10F0E0002B4B0B4B0B4B2B532B4B2A4B2C4BB05B13
:10F0F000715B0D32D04AF46BCD31EE41AD390E3A31
:10F10000EC31EF4A567CED394E429053EF5B105490
:10F110001054315C315C105410543054315C315C0B
:10F1200010543154315C315C315C315C325C325CA6
:10F13000315C325C325C535C1254B564777D74642C
:10F14000335C335C545C335C3354335C545C545CEC
:10F15000545C345C345C9664555CB664545CF35324
:10F1600014646C32F2636C32AD3AED420E43304BB4
:10F170003043504B514B724B9253D45BD35BD363B0
:10F18000D363766CB4534C32E921AE42CF42504B3C
:10F190009453D553F55B155CF55BD553D553D553D7
:10F1A000D553D553B453B453B453D55B9453734B25
:10F1B00074537453D663D884D142777C166CF14A69
:10F1C000B04AB042777C12531253F252B04A904A7E
:10F1D0000B32683A8842483A4A3A68426842684282
:10F1E000483A483A483A483A483A483A483A483A0F
:10F1F000483A483A283A483A483A283A283A283A7F
:10F20000283A283A2732283A283A073A073A073262
:10F2100007320732E73107320732E731E731E731AA
:10F22000C731E731C731E731E731C631C731C631C0
:10F23000C631C631C631C631C631A629A631A6317E
:10F24000A629A629A6298629A629862985298629C7
:10F25000852986298529852985296529EA4AEA4A51
:10F26000EA4AEA4AEA4A0B4BEA4A0B4B0B4B0B4B76
:10F270000B4B0B4B0B4B0B4B0B4B0B4B0B4B0B4BDE
:10F280000B4B0B4B0B4B0B4B0B4B0B4B0B4B0B4BCE
:10F290000B4B0B4B0B4B0B4B2B4B0B4B0B4B0B4B9E
:10F2A0000B4B0B4B0B4B0B4B0B4B0B4B0B4B0B4BAE
:10F2B0000B4B0B4B0B4B0B4B0B4B0B4B0B4B2B4B7E
:10F2C0000B4B0B4B2C530B4B0B4B09432B4B0C4B4E
:10F2D000705B515B8F42AC29ED39EE41ED39EC3179
:10F2E0000F53B67CCC29ED39ED394D420E4B1154FC
:10F2F000315C30541054115C315C315C305C105422
:10F30000315C315C315C3154315C325C525C325C7A
:10F310001154325C325C325CF14BB464987D535CC6
:10F32000535C535C335C33543354545C545C545CD2
:10F330003454345C555C355C755C345454545564B9
:10F34000145CAD42AD3ACA2190532A2A4F539153CF
:10F35000B15330431043924B9253B353556C146CDA
:10F36000146C725335642B32E921AE42F042514B9A
:10F37000734BF553F55BF55BD553D553D55BD5533F
:10F38000D553B453B453B453B453744B94539453AC
:10F39000D55BD55B1243B45BB87CD042977CF46BF1
:10F3A0008F4290428F429784B14AD14A90422B3A81
:10F3B0006942683A493A8A42483A483A483A483AA9
:10F3C000483A483A483A483A483A483A483A483A2D
:10F3D000483A283A283A283A283A283A283A283AFD
:10F3E000283A273A2732273A273A07320732073294
:10F3F00007320732E7310732E731E731E731E731EA
:10F40000C731C731C731C731C631C631C631C63140
:10F41000C631C631C631C631C631A629A631A629A4
:10F42000A629A629A6298629862986298529862905
:10F43000852985298529652965296529EA4AEA42B8
:10F44000EA4AEA4AEA4AEA4AEA4AEA4AEA4AEA4A1C
:10F45000EA4AEA4A0B4B0B4B0B4B0B4B0B4B0B4B40
:10F460000B4B0B4B0B4B0B4B0B4B0B4B0B4B0B4BEC
:10F470000B4B0B4B0B4B0B4B0B4B0B4B0B4B0B4BDC
:10F480000B4B0B4B0B4B0B4B0B4B0B4B0B4B0B4BCC
:10F490000B4B0B4B0B4B0B4B0B4B0B4B0B4B0B4BBC
:10F4A0000B4B0B4B0B4B0B4B0B4B0B4B2B4BEA4AAE
:10F4B0002C53705B315B6E420D3A0D3A4D3A50530E
:10F4C000B1636F4AAC31ED390D3A0D3A4F4270538A
:10F4D000F15BF0533054315C1264115C115C115CCF
:10F4E000315C315C11543154325C325C31543154F2
:10F4F000325C325C325C125C1254B464777D94648A
:10F50000535C335C1354335C335C335C335C335C8B
:10F51000345C545C345C5564345C345C345C5564F9
:10F52000345CEE42CD428C3A6B320E4BCE42CD3A39
:10F53000B153D25B92539253714B93539353D45B19
:10F54000D45BF363D35B2932EA29CE42EF423243E4
:10F55000734BF55BD553B453D55BF55BD55BB553B6
:10F56000B4539453B55B94537453B5539453534B62
:10F57000524B5674D463F24AF56BB8844E3AD36357
:10F58000D363B14AD04A904A714AB1522C3A684288
:10F59000684268426842483A6842483A483A483ABB
:10F5A000483A483A483A483A483A483A483A483A4B
:10F5B000283A283A283A283A283A283A283A073A5C
:10F5C000073A073A0732073A073A07320732E73174
:10F5D000E7310732E731E731E731E731E731E7314A
:10F5E000E731C631C631C631C631C631C631C63142
:10F5F000C631C631A631A631C631A629A631A62903
:10F6000086298629A6298629862985298629862963
:10F61000852985296529652965296521CA4AEA421E
:10F62000EA4AEA4AEA4AEA4AEA4AEA4AEA4AEA4A3A
:10F63000EA4A0B4B0B4BEA4AEA4AEA4AEA4AEA4AE6
:10F64000EA4A0B4B0B4B0B4B0B4B0B4B0B4B0B4B2C
:10F650000B4B0B4B0B4B0B4B0B4B0B4B0B4B0B4BFA
:10F660000B4B0B4B0B4B0B4B0B4B0B4B0B4B0B4BEA
:10F670000B4B0B4B0B4B0B4B0B4B0B4B0B4B0B4BDA
:10F680000B4B0B4B0B4B0B4B0B4B0B4B0B4B2A4BAB
:10F69000EB4A0D4B8F5B115B4E420D3A525B14747B
:10F6A000CE428C310D42ED39CD310D3ACC316D3A2F
:10F6B0002F4BD053315CF153325CF053F05B115C53
:10F6C000115C11541054325C31541154315C315C72
:10F6D000325C325C115C125C325C946457759464E9
:10F6E000335C3354335C535C535C1354335C345C91
:10F6F000545C545C545C345C345C555C555C555CC7
:10F700003454CE42CE42AC3AAC3AAD3AEA29336CEC
:10F710004C2A336C3464714B714B9353B353B353D2
:10F72000356C556C9253C8292B32AE42CF3A724B8E
:10F73000B453D553D553F55BF55BD55BD55BB4536B
:10F74000D553B55BB45394539453944BB453D55B96
:10F75000324B53537A95F24AB042D463525B115301
:10F76000B363F473B14A31420F3A4B3A493A6842B3
:10F7700068426842483A68426842483A483A483AD9
:10F78000483A483A483A483A483A483A483A283A89
:10F79000483A283A283A283A283A283A283A073A5A
:10F7A000283A0732073A073A073207320732E73179
:10F7B00007320732E731E731E731E731E731C73167
:10F7C000E731C631C731C731C631C631C631C6315E
:10F7D000C631A631C631C631A631A631A631862939
:10F7E000A629A62986298629862985298629862962
:10F7F000852965298529652965296521CA42EA4245
:10F80000EA42EA42EA42EA42EA42EA42EA42EA4298
:10F81000EA42EA4AEA4AEA4AEA4AEA4AEA4AEA4A50
:10F82000EA4AEA4AEA4AEA4AEA4AEA4AEA4AEA4A38
:10F830000B4B0B4B0B4B0B4B0B4B0B4B0B4B0B4B18
:10F840000B4B0B4B0B4B0B4B0B4B0B4B0B4B0B4B08
:10F850000B4B0B4B0B4B0B4B0B4B0B4B0B4B0B4BF8
:10F860000B4B0B4B0B4B0B4B0B4B0C4B0B4B2B4BC7
:10F870002A530A4B0A4B3053505B0C32525B1153E4
:10F88000AF422E42ED39CC314E42AC29B04A305B0A
:10F890002C3A2F53B153315CF04BF15B115C115C8E
:10F8A00011541154115C315411541154325C325CB6
:10F8B000315C3154315C325C325C535C577D946412
:10F8C000335C335C335C535C3354335C545C545C66
:10F8D000345C1354345C345C345C545C345C345CB1
:10F8E0001454EF420F43AD3A6B328C3A6C32CE3A3D
:10F8F0007053B1531043D77CB35BD3537253524B05
:10F900009353D35B9253C8298C42AD3ACF421143F3
:10F91000D453D553D553F55BD55BD55B9453B453D2
:10F92000D55BB553945394539453734BF563198536
:10F930007353124BB042D884535B2E327784936357
:10F94000525B125B103A103A6A3A683A894268424E
:10F950006842483A6842483A483A483A483A483A47
:10F96000483A483A483A483A483A483A283A483AA7
:10F97000283A283A283A283A283A283A2732073AA1
:10F980000732073A073207320732E731E7310732E9
:10F99000E731E731E731E731E731E731C731E731C7
:10F9A000C731C731C631C631C631C631C631C6319D
:10F9B000A631C631A631A629A631A6298629A629AF
:10F9C00086298629862985298529862985298529C3
:10F9D000852965298529652965216529CA42CA4283
:10F9E000CA42EA42EA42EA42EA42EA42EA42EA42D7
:10F9F000EA42EA42EA42EA4AEA4AEA4AEA4AEA4A7F
:10FA0000EA4AEA4AEA4AEA4AEA4AEA4AEA4AEA4A56
:10FA1000EA4AEA4A0B4B0B4B0B4B0B4B0B4B0B4B7A
:10FA20000B4B0B4B0B4B0B4B0B4B0B4B0B4B0B4B26
:10FA30000B4B0B4B0B4B0B4B0B4B0B4B0B4B0B4B16
:10FA40000B4B0B4B0B4B0B4B0B4B0B4B0B4B0A4B07
:10FA50000A4B0A4B094BED4A4E530F532D32B04A15
:10FA6000D46B8C29ED312E3AED318F4A9363926B32
:10FA70004E42AF4A50539053315CF15B115CF15BE5
:10FA8000F1531154315C115411541154325C315CF6
:10FA900011541154325C125CF1533254777D9464EA
:10FAA000335C335C335C335C1254545C545C335CC5
:10FAB00013541354345C555C345C345C1454345C1F
:10FAC0001454EF42EE42AC3AAC3ACD3AAD42CE429B
:10FAD0000F4B0F43D35B72537674D35392539353AC
:10FAE000B35B9353B35387214B3AEF4AAF3A314359
:10FAF000734BF553F55BD55BB553B4539453B55382
:10FB0000D55BB45394539453534B96747353324B05
:10FB1000F88452539042114BD46B525BB04A157427
:10FB2000535BF0390E3A4B3A874268424A42684288
:10FB3000483A6842483A483A483A483A483A483A8D
:10FB4000483A483A483A483A483A283A483A283AE5
:10FB5000283A283A283A283A283A2732283A0732C7
:10FB6000073A0732073207320732E7310732E73107
:10FB7000E731E731E731E731E731C731E731C73105
:10FB8000C631C631C631C631C631C631C631A631DD
:10FB9000C631A631A629A631A6318629A6298629ED
:10FBA00086298629862985298629852985298529E1
:10FBB000852965296529652965296521CA42CA42C1
:10FBC000CA42CA42CA42EA42EA42CA42EA42CA4275
:10FBD000EA42EA42EA42EA4AEA42EA42EA42EA42BD
:10FBE000EA42EA4AEA4AEA4AEA4AEA4AEA4AEA4285
:10FBF000EA4AEA4AEA4A0B4BEA4A0B4B0B4B0B4BDD
:10FC00000B4B0B4B0B4B0B4B0B4B0B4B0B4B0B4B44
:10FC10000B4B0B4B0B4B0B4B0B4B0B4B0B4B0B4B34
:10FC20000B4B0B4B0B4B0B4B0B4BEA4A0B4BEB4A67
:10FC3000EA42EA4A2A4B2B430C43B05BAE42F04AFD
:10FC4000315B2E3A4E422D3ACC311574325BCC29C1
:10FC500056840D3A4D3A905BAF53F153F153F15343
:10FC6000F15B1154F1531154315431541154115466
:10FC700011543154325CF15BF15333547775946411
:10FC8000535C335C1254335C3354345C335C135434
:10FC90001354345C345C545C345C1454345C545CF5
:10FCA0001454EF42EE42AD3ACD3AAD3AAD3ACE42BF
:10FCB000CE3A0F43925314641143956C556CD45B48
:10FCC0007353524B524B67214B3AEF4AF0427353F6
:10FCD000524BF553D553D553B453B453B553B553D1
:10FCE000B5539453B5539453F242556C356CB03AB6
:10FCF0005253F98CD14A4E32525BF56BB46BB04A19
:10FD00004F3AEE314C3A483A483A6942493A683AF1
:10FD100068426842483A483A483A483A483A483A83
:10FD2000483A483A483A483A283A483A483A283A03
:10FD3000283A283A283A283A2732283A283A073ADD
:10FD4000073A07320732073207320732E731E73125
:10FD5000E731E731E731C731C731E731E731C63144
:10FD6000C731C631C631C631C631C631C631A631FA
:10FD7000C631A629A631A631A6298629A629862913
:10FD800086298629862986298529852985298529FF
:10FD9000652965296529652165294521CA42CA4227
:10FDA000CA42CA42CA42CA42CA42CA42CA42CA42F3
:10FDB000CA42CA42CA42EA42EA42EA42EA42EA4A3B
:10FDC000EA42EA4AEA4AEA4AEA4AEA4AEA4AEA42A3
:10FDD000EA42EA4AEA4AEA4AEA4AEA4AEA4AEA4A8B
:10FDE000EA4AEA4AEA4AEA4AEA4AEA4AEA4AEA4A73
:10FDF000EA4AEA4AEA4AEA4AEA4AEA4AEA4AEA4A63
:10FE0000EA4AEA4AEA4AEA4AEA4A0A4BEA4A0B4B0F
:10FE10000B4BEA42EA4A0A43EA42CB42B163F05250
:10FE20006E42D0525684CC29F894AF4A4E3A967C12
:10FE3000ED31D473AF4A4C32B05BF15BD153F15327
:10FE4000115CF153D0531154115C1154F1531154FE
:10FE5000315C315C115CD153325C335C1675B56C2E
:10FE6000335C1254F253335C335C335C33541354BD
:10FE7000345C345C345C14541354345C345C555C32
:10FE80001454CE42EE42AD3AAD3AAD3ACE42EE42D5
:10FE9000304B0F43F3631043F463714B556C935332
:10FEA000524B9353114346198C428D3AF042725390
:10FEB0007353B453D553D553B453B453D45B945301
:10FEC000B553B453D55BF663F24251535674356C57
:10FED000114BF14AD46B31536F3A946312532F3A5A
:10FEE0000F3A4B3A6942483A4A426A426742483AB4
:10FEF0006842483A483A483A483A483A483A483ACA
:10FF0000483A483A283A283A283A283A283A283AA1
:10FF1000283A283A283A273A2732273A273A073206
:10FF20000732073207320732E731E731E731E7318D
:10FF3000E731E731E731C731C731C731C631C631A3
:10FF4000C631C631C631C631C631C631C631A63119
:10FF5000C631A629A631A631A6298629A629862931
:10FF6000862986298529852985298529852965293F
:10FF7000652965296529652965296521E7310732E4
:10FF800007320732073207320732073207320732A9
:10FF90000732073207320732073207320732073299
:10FFA0000732073207320732073207320732073289
:10FFB0000732073207320732073207320732073279
:10FFC0000732073207320732073207320732073269
:10FFD0000732073207320732073207320732073259
:10FFE0000732073207320732073207320732073249
:10FFF00007320732073207322732063228322A3ACE
:020000040002F8
:100000000B3AAB29CB292A3ACA290A322A3ACA31F1
:100010000B3A2B3AEA31AA212A3A4B3A6B32AB3AE5
:10002000AA328A3A6A3A8B3A8B3A8B3A8B3A8B3AB3
:100030008B3A8B3A8B3AAB3AAB3AAC3A8C3AAC3A15
:10004000AC3AAC3AAC3AAC3A8C3A8C3A8C3AAC3AE0
:10005000AC3A8C3A8C3AAD3AAD3AAD3AAD3AAD3AAB
:10006000AD320A320A2A0A2AEA29E929E9294B2A61
:100070004B324B324C320C324C3A2B3A4B3A4B3AD5
:100080004B3A2C320C2AE410E9292B32EB216C3A42
:100090004C3A6D3A6D326D326D3A8D3A8D326D3A21
:1000A0006D326D324D326C3A6C3A0C320C322B3A66
:1000B0002B3AAA212B3A2B3A2C3ACC318B298A297C
:1000C0008931C529C629A629C629C629A629C6292E
:1000D000C629A629C629C629A629A629A629A62948
:1000E000A629A629A629A629A629A629A629A62998
:1000F000A52985298529A529852985298529A52930
:10010000A5298529A529A52985296529652965297F
:100110006529652965296529652965296529652177
:10012000652165296529652165216521652165218F
:100130006521452165214521652145214421442131
:1001400044214421442144214421242124212421E7
:100150002421242124212421242124210000000001
:10016000000000000000000000000000000000008F
:10017000000000000000000000000000000000007F
:10018000000000000000000000000000000000006F
:10019000000000000000000000000000000000005F
:1001A000000000000000000000000000000000004F
:1001B000000000000000000000000000000000003F
:1001C000000000000000000000000000000000002F
:1001D000000000000000000000000000000000001F
:1001E000000000000000000000000000000000000F
:1001F00000000000000000000000000000000000FF
:1002000000000000000000000000000000000000EE
:1002100000000000000000000000000000000000DE
:1002200000000000000000000000000000000000CE
:1002300000000000000000000000000000000000BE
:1002400000000000000000000000000000000000AE
:10025000000000000000000000000000000000009E
:10026000000000000000000000000000000000008E
:10027000000000000000000000000000000000007E
:10028000000000000000000000000000000000006E
:10029000000000000000000000000000000000005E
:1002A000000000000000000000000000000000004E
:1002B000000000000000000000000000000000003E
:1002C000000000000000000000000000000000002E
:1002D000000000000000000000000000000000001E
:1002E000000000000000000000000000000000000E
:1002F00000000000000000000000000000000000FE
:1003000000000000000000000000000000000000ED
:1003100000000000000000000000000000000000DD
:1003200000000000000000000000000000000000CD
:1003300000000000000000000000000000000000BD
:1003400000000000000000000000000000000000AD
:10035000000000000000000000000000000000009D
:10036000000000000000000000000000000000008D
:10037000000000000000000000000000000000007D
:10038000000000000000000000000000000000006D
:10039000000000000000000000000000000000005D
:1003A000000000000000000000000000000000004D
:1003B000000000000000000000000000000000003D
:1003C000000000000000000000000000000000002D
:1003D000000000000000000000000000000000001D
:1003E000000000000000000000000000000000000D
:1003F00000000000000000000000000000000000FD
:1004000000000000000000000000000000000000EC
:1004100000000000000000000000000000000000DC
:1004200000000000000000000000000000000000CC
:1004300000000000000000000000000000000000BC
:1004400000000000000000000000000000000000AC
:10045000000000000000000000000000000000009C
:10046000000000000000000000000000000000008C
:10047000000000000000000000000000000000007C
:10048000000000000000000000000000000000006C
:10049000000000000000000000000000000000005C
:1004A000000000000000000000000000000000004C
:1004B000000000000000000000000000000000003C
:1004C000000000000000000000000000000000002C
:1004D000000000000000000000000000000000001C
:1004E000000000000000000000000000000000000C
:1004F00000000000000000000000000000000000FC
:1005000000000000000000000000000000000000EB
:1005100000000000000000000000000000000000DB
:1005200000000000000000000000000000000000CB
:1005300000000000000000000000000000000000BB
:1005400000000000000000000000000000000000AB
:10055000000000000000000000000000000000009B
:10056000000000000000000000000000000000008B
:10057000000000000000000000000000000000007B
:10058000000000000000000000000000000000006B
:10059000000000000000000000000000000000005B
:1005A000000000000000000000000000000000004B
:1005B000000000000000000000000000000000003B
:1005C000000000000000000000000000000000002B
:1005D000000000000000000000000000000000001B
:1005E000000000000000000000000000000000000B
:1005F00000000000000000000000000000000000FB
:1006000000000000000000000000000000000000EA
:1006100000000000000000000000000000000000DA
:1006200000000000000000000000000000000000CA
:1006300000000000000000000000000000000000BA
:1006400000000000000000000000000000000000AA
:10065000000000000000000000000000000000009A
:10066000000000000000000000000000000000008A
:10067000000000000000000000000000000000007A
:10068000000000000000000000000000000000006A
:10069000000000000000000000000000000000005A
:1006A000000000000000000000000000000000004A
:1006B000000000000000000000000000000000003A
:1006C000000000000000000000000000000000002A
:1006D000000000000000000000000000000000001A
:1006E000000000000000000000000000000000000A
:1006F00000000000000000000000000000000000FA
:1007000000000000000000000000000000000000E9
:1007100000000000000000000000000000000000D9
:1007200000000000000000000000000000000000C9
:1007300000000000000000000000000000000000B9
:1007400000000000000000000000000000000000A9
:100750000000000000000000000000000000000099
:100760000000000000000000000000000000000089
:100770000000000000000000000000000000000079
:100780000000000000000000000000000000000069
:100790000000000000000000000000000000000059
:1007A0000000000000000000000000000000000049
:1007B0000000000000000000000000000000000039
:1007C0000000000000000000000000000000000029
:1007D0000000000000000000000000000000000019
:1007E0000000000000000000000000000000000009
:1007F00000000000000000000000000000000000F9
:1008000000000000000000000000000000000000E8
:1008100000000000000000000000000000000000D8
:1008200000000000000000000000000000000000C8
:1008300000000000000000000000000000000000B8
:1008400000000000000000000000000000000000A8
:100850000000000000000000000000000000000098
:100860000000000000000000000000000000000088
:100870000000000000000000000000000000000078
:100880000000000000000000000000000000000068
:100890000000000000000000000000000000000058
:1008A0000000000000000000000000000000000048
:1008B0000000000000000000000000000000000038
:1008C0000000000000000000000000000000000028
:1008D0000000000000000000000000000000000018
:1008E0000000000000000000000000000000000008
:1008F00000000000000000000000000000000000F8
:1009000000000000000000000000000000000000E7
:1009100000000000000000000000000000000000D7
:1009200000000000000000000000000000000000C7
:1009300000000000000000000000000000000000B7
:1009400000000000000000000000000000000000A7
:100950000000000000000000000000000000000097
:100960000000000000000000000000000000000087
:100970000000000000000000000000000000000077
:100980000000000000000000000000000000000067
:100990000000000000000000000000000000000057
:1009A0000000000000000000000000000000000047
:1009B0000000000000000000000000000000000037
:1009C0000000000000000000000000000000000027
:1009D0000000000000000000000000000000000017
:1009E0000000000000000000000000000000000007
:1009F00000000000000000000000000000000000F7
:100A000000000000000000000000000000000000E6
:100A100000000000000000000000000000000000D6
:100A200000000000000000000000000000000000C6
:100A300000000000000000000000000000000000B6
:100A400000000000000000000000000000000000A6
:100A50000000000000000000000000000000000096
:100A60000000000000000000000000000000000086
:100A70000000000000000000000000000000000076
:100A80000000000000000000000000000000000066
:100A90000000000000000000000000000000000056
:100AA0000000000000000000000000000000000046
:100AB0000000000000000000000000000000000036
:100AC0000000000000000000000000000000000026
:100AD0000000000000000000000000000000000016
:100AE0000000000000000000000000000000000006
:100AF00000000000000000000000000000000000F6
:100B000000000000000000000000000000000000E5
:100B100000000000000000000000000000000000D5
:100B200000000000000000000000000000000000C5
:100B300000000000000000000000000000000000B5
:100B400000000000000000000000000000000000A5
:100B50000000000000000000000000000000000095
:100B60000000000000000000000000000000000085
:100B70000000000000000000000000000000000075
:100B80000000000000000000000000000000000065
:100B90000000000000000000000000000000000055
:100BA0000000000000000000000000000000000045
:100BB0000000000000000000000000000000000035
:100BC0000000000000000000000000000000000025
:100BD0000000000000000000000000000000000015
:100BE0000000000000000000000000000000000005
:100BF00000000000000000000000000000000000F5
:100C000000000000000000000000000000000000E4
:100C100000000000000000000000000000000000D4
:100C200000000000000000000000000000000000C4
:100C300000000000000000000000000000000000B4
:100C400000000000000000000000000000000000A4
:100C50000000000000000000000000000000000094
:100C60000000000000000000000000000000000084
:100C70000000000000000000000000000000000074
:100C80000000000000000000000000000000000064
:100C90000000000000000000000000000000000054
:100CA0000000000000000000000000000000000044
:100CB0000000000000000000000000000000000034
:100CC0000000000000000000000000000000000024
:100CD0000000000000000000000000000000000014
:100CE0000000000000000000000000000000000004
:100CF00000000000000000000000000000000000F4
:100D000000000000000000000000000000000000E3
:100D100000000000000000000000000000000000D3
:100D200000000000000000000000000000000000C3
:100D300000000000000000000000000000000000B3
:100D400000000000000000000000000000000000A3
:100D50000000000000000000000000000000000093
:100D60000000000000000000000000000000000083
:100D70000000000000000000000000000000000073
:100D80000000000000000000000000000000000063
:100D90000000000000000000000000000000000053
:100DA0000000000000000000000000000000000043
:100DB0000000000000000000000000000000000033
:100DC0000000000000000000000000000000000023
:100DD0000000000000000000000000000000000013
:100DE0000000000000000000000000000000000003
:100DF00000000000000000000000000000000000F3
:100E000000000000000000000000000000000000E2
:100E100000000000000000000000000000000000D2
:100E200000000000000000000000000000000000C2
:100E300000000000000000000000000000000000B2
:100E400000000000000000000000000000000000A2
:100E50000000000000000000000000000000000092
:100E60000000000000000000000000000000000082
:100E70000000000000000000000000000000000072
:100E80000000000000000000000000000000000062
:100E90000000000000000000000000000000000052
:100EA0000000000000000000000000000000000042
:100EB0000000000000000000000000000000000032
:100EC0000000000000000000000000000000000022
:100ED0000000000000000000000000000000000012
:100EE0000000000000000000000000000000000002
:100EF00000000000000000000000000000000000F2
:100F000000000000000000000000000000000000E1
:100F100000000000000000000000000000000000D1
:100F200000000000000000000000000000000000C1
:100F300000000000000000000000000000000000B1
:100F400000000000000000000000000000000000A1
:100F50000000000000000000000000000000000091
:100F60000000000000000000000000000000000081
:100F70000000000000000000000000000000000071
:100F80000000000000000000000000000000000061
:100F90000000000000000000000000000000000051
:100FA0000000000000000000000000000000000041
:100FB0000000000000000000000000000000000031
:100FC0000000000000000000000000000000000021
:100FD0000000000000000000000000000000000011
:100FE0000000000000000000000000000000000001
:100FF00000000000000000000000000000000000F1
:1010000000000000000000000000000000000000E0
:1010100000000000000000000000000000000000D0
:1010200000000000000000000000000000000000C0
:1010300000000000000000000000000000000000B0
:1010400000000000000000000000000000000000A0
:101050000000000000000000000000000000000090
:101060000000000000000000000000000000000080
:101070000000000000000000000000000000000070
:101080000000000000000000000000000000000060
:101090000000000000000000000000000000000050
:1010A0000000000000000000000000000000000040
:1010B0000000000000000000000000000000000030
:1010C0000000000000000000000000000000000020
:1010D0000000000000000000000000000000000010
:1010E0000000000000000000000000000000000000
:1010F00000000000000000000000000000000000F0
:1011000000000000000000000000000000000000DF
:1011100000000000000000000000000000000000CF
:1011200000000000000000000000000000000000BF
:1011300000000000000000000000000000000000AF
:10114000000000000000000000000000000000009F
:10115000000000000000000000000000000000008F
:10116000000000000000000000000000000000007F
:10117000000000000000000000000000000000006F
:10118000000000000000000000000000000000005F
:10119000000000000000000000000000000000004F
:1011A000000000000000000000000000000000003F
:1011B000000000000000000000000000000000002F
:1011C000000000000000000000000000000000001F
:1011D000000000000000000000000000000000000F
:1011E00000000000000000000000000000000000FF
:1011F00000000000000000000000000000000000EF
:1012000000000000000000000000000000000000DE
:1012100000000000000000000000000000000000CE
:1012200000000000000000000000000000000000BE
:1012300000000000000000000000000000000000AE
:10124000000000000000000000000000000000009E
:10125000000000000000000000000000000000008E
:10126000000000000000000000000000000000007E
:10127000000000000000000000000000000000006E
:10128000000000000000000000000000000000005E
:10129000000000000000000000000000000000004E
:1012A000000000000000000000000000000000003E
:1012B000000000000000000000000000000000002E
:1012C000000000000000000000000000000000001E
:1012D000000000000000000000000000000000000E
:1012E00000000000000000000000000000000000FE
:1012F00000000000000000000000000000000000EE
:1013000000000000000000000000000000000000DD
:1013100000000000000000000000000000000000CD
:1013200000000000000000000000000000000000BD
:1013300000000000000000000000000000000000AD
:10134000000000000000000000000000000000009D
:10135000000000000000000000000000000000008D
:10136000000000000000000000000000000000007D
:10137000000000000000000000000000000000006D
:10138000000000000000000000000000000000005D
:10139000000000000000000000000000000000004D
:1013A000000000000000000000000000000000003D
:1013B000000000000000000000000000000000002D
:1013C000000000000000000000000000000000001D
:1013D000000000000000000000000000000000000D
:1013E00000000000000000000000000000000000FD
:1013F00000000000000000000000000000000000ED
:1014000000000000000000000000000000000000DC
:1014100000000000000000000000000000000000CC
:1014200000000000000000000000000000000000BC
:1014300000000000000000000000000000000000AC
:10144000000000000000000000000000000000009C
:10145000000000000000000000000000000000008C
:10146000000000000000000000000000000000007C
:10147000000000000000000000000000000000006C
:10148000000000000000000000000000000000005C
:10149000000000000000000000000000000000004C
:1014A000000000000000000000000000000000003C
:1014B000000000000000000000000000000000002C
:1014C000000000000000000000000000000000001C
:1014D000000000000000000000000000000000000C
:1014E00000000000000000000000000000000000FC
:1014F00000000000000000000000000000000000EC
:1015000000000000000000000000000000000000DB
:1015100000000000000000000000000000000000CB
:1015200000000000000000000000000000000000BB
:1015300000000000000000000000000000000000AB
:10154000000000000000000000000000000000009B
:10155000000000000000000000000000000000008B
:10156000000000000000000000000000000000007B
:10157000000000000000000000000000000000006B
:10158000000000000000000000000000000000005B
:10159000000000000000000000000000000000004B
:1015A000000000000000000000000000000000003B
:1015B000000000000000000000000000000000002B
:1015C000000000000000000000000000000000001B
:1015D000000000000000000000000000000000000B
:1015E00000000000000000000000000000000000FB
:1015F00000000000000000000000000000000000EB
:1016000000000000000000000000000000000000DA
:1016100000000000000000000000000000000000CA
:1016200000000000000000000000000000000000BA
:1016300000000000000000000000000000000000AA
:10164000000000000000000000000000000000009A
:10165000000000000000000000000000000000008A
:10166000000000000000000000000000000000007A
:10167000000000000000000000000000000000006A
:10168000000000000000000000000000000000005A
:10169000000000000000000000000000000000004A
:1016A000000000000000000000000000000000003A
:1016B000000000000000000000000000000000002A
:1016C000000000000000000000000000000000001A
:1016D000000000000000000000000000000000000A
:1016E00000000000000000000000000000000000FA
:1016F00000000000000000000000000000000000EA
:1017000000000000000000000000000000000000D9
:1017100000000000000000000000000000000000C9
:1017200000000000000000000000000000000000B9
:1017300000000000000000000000000000000000A9
:101740000000000000000000000000000000000099
:101750000000000000000000000000000000000089
:101760000000000000000000000000000000000079
:101770000000000000000000000000000000000069
:101780000000000000000000000000000000000059
:101790000000000000000000000000000000000049
:1017A0000000000000000000000000000000000039
:1017B0000000000000000000000000000000000029
:1017C0000000000000000000000000000000000019
:1017D0000000000000000000000000000000000009
:1017E00000000000000000000000000000000000F9
:1017F00000000000000000000000000000000000E9
:1018000000000000000000000000000000000000D8
:1018100000000000000000000000000000000000C8
:1018200000000000000000000000000000000000B8
:1018300000000000000000000000000000000000A8
:101840000000000000000000000000000000000098
:101850000000000000000000000000000000000088
:101860000000000000000000000000000000000078
:101870000000000000000000000000000000000068
:101880000000000000000000000000000000000058
:101890000000000000000000000000000000000048
:1018A0000000000000000000000000000000000038
:1018B0000000000000000000000000000000000028
:1018C0000000000000000000000000000000000018
:1018D0000000000000000000000000000000000008
:1018E00000000000000000000000000000000000F8
:1018F00000000000000000000000000000000000E8
:1019000000000000000000000000000000000000D7
:1019100000000000000000000000000000000000C7
:1019200000000000000000000000000000000000B7
:1019300000000000000000000000000000000000A7
:101940000000000000000000000000000000000097
:101950000000000000000000000000000000000087
:101960000000000000000000000000000000000077
:101970000000000000000000000000000000000067
:101980000000000000000000000000000000000057
:101990000000000000000000000000000000000047
:1019A0000000000000000000000000000000000037
:1019B0000000000000000000000000000000000027
:1019C0000000000000000000000000000000000017
:1019D0000000000000000000000000000000000007
:1019E00000000000000000000000000000000000F7
:1019F00000000000000000000000000000000000E7
:101A000000000000000000000000000000000000D6
:101A100000000000000000000000000000000000C6
:101A200000000000000000000000000000000000B6
:101A300000000000000000000000000000000000A6
:101A40000000000000000000000000000000000096
:101A50000000000000000000000000000000000086
:101A60000000000000000000000000000000000076
:101A70000000000000000000000000000000000066
:101A80000000000000000000000000000000000056
:101A90000000000000000000000000000000000046
:101AA0000000000000000000000000000000000036
:101AB0000000000000000000000000000000000026
:101AC0000000000000000000000000000000000016
:101AD0000000000000000000000000000000000006
:101AE00000000000000000000000000000000000F6
:101AF00000000000000000000000000000000000E6
:101B000000000000000000000000000000000000D5
:101B100000000000000000000000000000000000C5
:101B200000000000000000000000000000000000B5
:101B300000000000000000000000000000000000A5
:101B40000000000000000000000000000000000095
:101B50000000000000000000000000000000000085
:101B60000000000000000000000000000000000075
:101B70000000000000000000000000000000000065
:101B80000000000000000000000000000000000055
:101B90000000000000000000000000000000000045
:101BA0000000000000000000000000000000000035
:101BB0000000000000000000000000000000000025
:101BC0000000000000000000000000000000000015
:101BD0000000000000000000000000000000000005
:101BE00000000000000000000000000000000000F5
:101BF00000000000000000000000000000000000E5
:101C000000000000000000000000000000000000D4
:101C100000000000000000000000000000000000C4
:101C200000000000000000000000000000000000B4
:101C300000000000000000000000000000000000A4
:101C40000000000000000000000000000000000094
:101C50000000000000000000000000000000000084
:101C60000000000000000000000000000000000074
:101C70000000000000000000000000000000000064
:101C80000000000000000000000000000000000054
:101C90000000000000000000000000000000000044
:101CA0000000000000000000000000000000000034
:101CB0000000000000000000000000000000000024
:101CC0000000000000000000000000000000000014
:101CD0000000000000000000000000000000000004
:101CE00000000000000000000000000000000000F4
:101CF00000000000000000000000000000000000E4
:101D000000000000000000000000000000000000D3
:101D100000000000000000000000000000000000C3
:101D200000000000000000000000000000000000B3
:101D300000000000000000000000000000000000A3
:101D40000000000000000000000000000000000093
:101D50000000000000000000000000000000000083
:101D60000000000000000000000000000000000073
:101D70000000000000000000000000000000000063
:101D80000000000000000000000000000000000053
:101D90000000000000000000000000000000000043
:101DA0000000000000000000000000000000000033
:101DB0000000000000000000000000000000000023
:101DC0000000000000000000000000000000000013
:101DD0000000000000000000000000000000000003
:101DE00000000000000000000000000000000000F3
:101DF00000000000000000000000000000000000E3
:101E000000000000000000000000000000000000D2
:101E100000000000000000000000000000000000C2
:101E200000000000000000000000000000000000B2
:101E300000000000000000000000000000000000A2
:101E40000000000000000000000000000000000092
:101E50000000000000000000000000000000000082
:101E60000000000000000000000000000000000072
:101E70000000000000000000000000000000000062
:101E80000000000000000000000000000000000052
:101E90000000000000000000000000000000000042
:101EA0000000000000000000000000000000000032
:101EB0000000000000000000000000000000000022
:101EC0000000000000000000000000000000000012
:101ED0000000000000000000000000000000000002
:101EE00000000000000000000000000000000000F2
:101EF00000000000000000000000000000000000E2
:101F000000000000000000000000000000000000D1
:101F100000000000000000000000000000000000C1
:101F200000000000000000000000000000000000B1
:101F300000000000000000000000000000000000A1
:101F40000000000000000000000000000000000091
:101F50000000000000000000000000000000000081
:101F60000000000000000000000000000000000071
:101F70000000000000000000000000000000000061
:101F80000000000000000000000000000000000051
:101F90000000000000000000000000000000000041
:101FA0000000000000000000000000000000000031
:101FB0000000000000000000000000000000000021
:101FC0000000000000000000000000000000000011
:101FD0000000000000000000000000000000000001
:101FE00000000000000000000000000000000000F1
:101FF00000000000000000000000000000000000E1
:1020000000000000000000000000000000000000D0
:1020100000000000000000000000000000000000C0
:1020200000000000000000000000000000000000B0
:1020300000000000000000000000000000000000A0
:102040000000000000000000000000000000000090
:102050000000000000000000000000000000000080
:102060000000000000000000000000000000000070
:102070000000000000000000000000000000000060
:102080000000000000000000000000000000000050
:102090000000000000000000000000000000000040
:1020A0000000000000000000000000000000000030
:1020B0000000000000000000000000000000000020
:1020C0000000000000000000000000000000000010
:1020D0000000000000000000000000000000000000
:1020E00000000000000000000000000000000000F0
:1020F00000000000000000000000000000000000E0
:1021000000000000000000000000000000000000CF
:1021100000000000000000000000000000000000BF
:1021200000000000000000000000000000000000AF
:10213000000000000000000000000000000000009F
:10214000000000000000000000000000000000008F
:10215000000000000000000000000000000000007F
:10216000000000000000000000000000000000006F
:10217000000000000000000000000000000000005F
:10218000000000000000000000000000000000004F
:10219000000000000000000000000000000000003F
:1021A000000000000000000000000000000000002F
:1021B000000000000000000000000000000000001F
:1021C000000000000000000000000000000000000F
:1021D00000000000000000000000000000000000FF
:1021E00000000000000000000000000000000000EF
:1021F00000000000000000000000000000000000DF
:1022000000000000000000000000000000000000CE
:1022100000000000000000000000000000000000BE
:1022200000000000000000000000000000000000AE
:10223000000000000000000000000000000000009E
:10224000000000000000000000000000000000008E
:10225000000000000000000000000000000000007E
:10226000000000000000000000000000000000006E
:10227000000000000000000000000000000000005E
:10228000000000000000000000000000000000004E
:10229000000000000000000000000000000000003E
:1022A000000000000000000000000000000000002E
:1022B000000000000000000000000000000000001E
:1022C000000000000000000000000000000000000E
:1022D00000000000000000000000000000000000FE
:1022E00000000000000000000000000000000000EE
:1022F00000000000000000000000000000000000DE
:1023000000000000000000000000000000000000CD
:1023100000000000000000000000000000000000BD
:1023200000000000000000000000000000000000AD
:10233000000000000000000000000000000000009D
:10234000000000000000000000000000000000008D
:10235000000000000000000000000000000000007D
:10236000000000000000000000000000000000006D
:10237000000000000000000000000000000000005D
:10238000000000000000000000000000000000004D
:10239000000000000000000000000000000000003D
:1023A000000000000000000000000000000000002D
:1023B000000000000000000000000000000000001D
:1023C000000000000000000000000000000000000D
:1023D00000000000000000000000000000000000FD
:1023E00000000000000000000000000000000000ED
:1023F00000000000000000000000000000000000DD
:1024000000000000000000000000000000000000CC
:1024100000000000000000000000000000000000BC
:1024200000000000000000000000000000000000AC
:10243000000000000000000000000000000000009C
:10244000000000000000000000000000000000008C
:10245000000000000000000000000000000000007C
:10246000000000000000000000000000000000006C
:10247000000000000000000000000000000000005C
:10248000000000000000000000000000000000004C
:10249000000000000000000000000000000000003C
:1024A000000000000000000000000000000000002C
:1024B000000000000000000000000000000000001C
:1024C000000000000000000000000000000000000C
:1024D00000000000000000000000000000000000FC
:1024E00000000000000000000000000000000000EC
:1024F00000000000000000000000000000000000DC
:1025000000000000000000000000000000000000CB
:1025100000000000000000000000000000000000BB
:1025200000000000000000000000000000000000AB
:10253000000000000000000000000000000000009B
:10254000000000000000000000000000000000008B
:10255000000000000000000000000000000000007B
:10256000000000000000000000000000000000006B
:10257000000000000000000000000000000000005B
:10258000000000000000000000000000000000004B
:10259000000000000000000000000000000000003B
:1025A000000000000000000000000000000000002B
:1025B000000000000000000000000000000000001B
:1025C000000000000000000000000000000000000B
:1025D00000000000000000000000000000000000FB
:1025E00000000000000000000000000000000000EB
:1025F00000000000000000000000000000000000DB
:1026000000000000000000000000000000000000CA
:1026100000000000000000000000000000000000BA
:1026200000000000000000000000000000000000AA
:10263000000000000000000000000000000000009A
:10264000000000000000000000000000000000008A
:10265000000000000000000000000000000000007A
:10266000000000000000000000000000000000006A
:10267000000000000000000000000000000000005A
:10268000000000000000000000000000000000004A
:10269000000000000000000000000000000000003A
:1026A000000000000000000000000000000000002A
:1026B000000000000000000000000000000000001A
:1026C000000000000000000000000000000000000A
:1026D00000000000000000000000000000000000FA
:1026E00000000000000000000000000000000000EA
:1026F00000000000000000000000000000000000DA
:1027000000000000000000000000000000000000C9
:1027100000000000000000000000000000000000B9
:1027200000000000000000000000000000000000A9
:102730000000000000000000000000000000000099
:102740000000000000000000000000000000000089
:102750000000000000000000000000000000000079
:102760000000000000000000000000000000000069
:102770000000000000000000000000000000000059
:102780000000000000000000000000000000000049
:102790000000000000000000000000000000000039
:1027A0000000000000000000000000000000000029
:1027B0000000000000000000000000000000000019
:1027C0000000000000000000000000000000000009
:1027D00000000000000000000000000000000000F9
:1027E00000000000000000000000000000000000E9
:1027F00000000000000000000000000000000000D9
:1028000000000000000000000000000000000000C8
:1028100000000000000000000000000000000000B8
:1028200000000000000000000000000000000000A8
:102830000000000000000000000000000000000098
:102840000000000000000000000000000000000088
:102850000000000000000000000000000000000078
:102860000000000000000000000000000000000068
:102870000000000000000000000000000000000058
:102880000000000000000000000000000000000048
:102890000000000000000000000000000000000038
:1028A0000000000000000000000000000000000028
:1028B0000000000000000000000000000000000018
:1028C0000000000000000000000000000000000008
:1028D00000000000000000000000000000000000F8
:1028E00000000000000000000000000000000000E8
:1028F00000000000000000000000000000000000D8
:1029000000000000000000000000000000000000C7
:1029100000000000000000000000000000000000B7
:1029200000000000000000000000000000000000A7
:102930000000000000000000000000000000000097
:102940000000000000000000000000000000000087
:102950000000000000000000000000000000000077
:102960000000000000000000000000000000000067
:102970000000000000000000000000000000000057
:102980000000000000000000000000000000000047
:102990000000000000000000000000000000000037
:1029A0000000000000000000000000000000000027
:1029B0000000000000000000000000000000000017
:1029C0000000000000000000000000000000000007
:1029D00000000000000000000000000000000000F7
:1029E00000000000000000000000000000000000E7
:1029F00000000000000000000000000000000000D7
:102A000000000000000000000000000000000000C6
:102A100000000000000000000000000000000000B6
:102A200000000000000000000000000000000000A6
:102A30000000000000000000000000000000000096
:102A40000000000000000000000000000000000086
:102A50000000000000000000000000000000000076
:102A60000000000000000000000000000000000066
:102A70000000000000000000000000000000000056
:102A80000000000000000000000000000000000046
:102A90000000000000000000000000000000000036
:102AA0000000000000000000000000000000000026
:102AB0000000000000000000000000000000000016
:102AC0000000000000000000000000000000000006
:102AD00000000000000000000000000000000000F6
:102AE00000000000000000000000000000000000E6
:102AF00000000000000000000000000000000000D6
:102B000000000000000000000000000000000000C5
:102B100000000000000000000000000000000000B5
:102B200000000000000000000000000000000000A5
:102B30000000000000000000000000000000000095
:102B40000000000000000000000000000000000085
:102B50000000000000000000000000000000000075
:102B60000000000000000000000000000000000065
:102B70000000000000000000000000000000000055
:102B80000000000000000000000000000000000045
:102B90000000000000000000000000000000000035
:102BA0000000000000000000000000000000000025
:102BB0000000000000000000000000000000000015
:102BC0000000000000000000000000000000000005
:102BD00000000000000000000000000000000000F5
:102BE00000000000000000000000000000000000E5
:102BF00000000000000000000000000000000000D5
:102C000000000000000000000000000000000000C4
:102C100000000000000000000000000000000000B4
:102C200000000000000000000000000000000000A4
:102C30000000000000000000000000000000000094
:102C40000000000000000000000000000000000084
:102C50000000000000000000000000000000000074
:102C60000000000000000000000000000000000064
:102C70000000000000000000000000000000000054
:102C80000000000000000000000000000000000044
:102C90000000000000000000000000000000000034
:102CA0000000000000000000000000000000000024
:102CB0000000000000000000000000000000000014
:102CC0000000000000000000000000000000000004
:102CD00000000000000000000000000000000000F4
:102CE00000000000000000000000000000000000E4
:102CF00000000000000000000000000000000000D4
:102D000000000000000000000000000000000000C3
:102D100000000000000000000000000000000000B3
:102D200000000000000000000000000000000000A3
:102D30000000000000000000000000000000000093
:102D40000000000000000000000000000000000083
:102D50000000000000000000000000000000000073
:102D60000000000000000000000000000000000063
:102D70000000000000000000000000000000000053
:102D80000000000000000000000000000000000043
:102D90000000000000000000000000000000000033
:102DA0000000000000000000000000000000000023
:102DB0000000000000000000000000000000000013
:102DC0000000000000000000000000000000000003
:102DD00000000000000000000000000000000000F3
:102DE00000000000000000000000000000000000E3
:102DF00000000000000000000000000000000000D3
:102E000000000000000000000000000000000000C2
:102E100000000000000000000000000000000000B2
:102E200000000000000000000000000000000000A2
:102E30000000000000000000000000000000000092
:102E40000000000000000000000000000000000082
:102E50000000000000000000000000000000000072
:102E60000000000000000000000000000000000062
:102E70000000000000000000000000000000000052
:102E80000000000000000000000000000000000042
:102E90000000000000000000000000000000000032
:102EA0000000000000000000000000000000000022
:102EB0000000000000000000000000000000000012
:102EC0000000000000000000000000000000000002
:102ED00000000000000000000000000000000000F2
:102EE00000000000000000000000000000000000E2
:102EF00000000000000000000000000000000000D2
:102F000000000000000000000000000000000000C1
:102F100000000000000000000000000000000000B1
:102F200000000000000000000000000000000000A1
:102F30000000000000000000000000000000000091
:102F40000000000000000000000000000000000081
:102F50000000000000000000000000000000000071
:102F60000000000000000000000000000000000061
:102F70000000000000000000000000000000000051
:102F80000000000000000000000000000000000041
:102F90000000000000000000000000000000000031
:102FA0000000000000000000000000000000000021
:102FB0000000000000000000000000000000000011
:102FC0000000000000000000000000000000000001
:102FD00000000000000000000000000000000000F1
:102FE00000000000000000000000000000000000E1
:102FF00000000000000000000000000000000000D1
:1030000000000000000000000000000000000000C0
:1030100000000000000000000000000000000000B0
:1030200000000000000000000000000000000000A0
:103030000000000000000000000000000000000090
:103040000000000000000000000000000000000080
:103050000000000000000000000000000000000070
:103060000000000000000000000000000000000060
:103070000000000000000000000000000000000050
:103080000000000000000000000000000000000040
:103090000000000000000000000000000000000030
:1030A0000000000000000000000000000000000020
:1030B0000000000000000000000000000000000010
:1030C0000000000000000000000000000000000000
:1030D00000000000000000000000000000000000F0
:1030E00000000000000000000000000000000000E0
:1030F00000000000000000000000000000000000D0
:1031000000000000000000000000000000000000BF
:1031100000000000000000000000000000000000AF
:10312000000000000000000000000000000000009F
:10313000000000000000000000000000000000008F
:10314000000000000000000000000000000000007F
:10315000000000000000000000000000000000006F
:10316000000000000000000000000000000000005F
:10317000000000000000000000000000000000004F
:10318000000000000000000000000000000000003F
:10319000000000000000000000000000000000002F
:1031A000000000000000000000000000000000001F
:1031B000000000000000000000000000000000000F
:1031C00000000000000000000000000000000000FF
:1031D00000000000000000000000000000000000EF
:1031E00000000000000000000000000000000000DF
:1031F00000000000000000000000000000000000CF
:1032000000000000000000000000000000000000BE
:1032100000000000000000000000000000000000AE
:10322000000000000000000000000000000000009E
:10323000000000000000000000000000000000008E
:10324000000000000000000000000000000000007E
:10325000000000000000000000000000000000006E
:10326000000000000000000000000000000000005E
:10327000000000000000000000000000000000004E
:10328000000000000000000000000000000000003E
:10329000000000000000000000000000000000002E
:1032A000000000000000000000000000000000001E
:1032B000000000000000000000000000000000000E
:1032C00000000000000000000000000000000000FE
:1032D00000000000000000000000000000000000EE
:1032E00000000000000000000000000000000000DE
:1032F00000000000000000000000000000000000CE
:1033000000000000000000000000000000000000BD
:1033100000000000000000000000000000000000AD
:10332000000000000000000000000000000000009D
:10333000000000000000000000000000000000008D
:10334000000000000000000000000000000000007D
:10335000000000000000000000000000000000006D
:10336000000000000000000000000000000000005D
:10337000000000000000000000000000000000004D
:10338000000000000000000000000000000000003D
:10339000000000000000000000000000000000002D
:1033A000000000000000000000000000000000001D
:1033B000000000000000000000000000000000000D
:1033C00000000000000000000000000000000000FD
:1033D00000000000000000000000000000000000ED
:1033E00000000000000000000000000000000000DD
:1033F00000000000000000000000000000000000CD
:1034000000000000000000000000000000000000BC
:1034100000000000000000000000000000000000AC
:10342000000000000000000000000000000000009C
:10343000000000000000000000000000000000008C
:10344000000000000000000000000000000000007C
:10345000000000000000000000000000000000006C
:10346000000000000000000000000000000000005C
:10347000000000000000000000000000000000004C
:10348000000000000000000000000000000000003C
:10349000000000000000000000000000000000002C
:1034A000000000000000000000000000000000001C
:1034B000000000000000000000000000000000000C
:1034C00000000000000000000000000000000000FC
:1034D00000000000000000000000000000000000EC
:1034E00000000000000000000000000000000000DC
:1034F00000000000000000000000000000000000CC
:1035000000000000000000000000000000000000BB
:1035100000000000000000000000000000000000AB
:10352000000000000000000000000000000000009B
:10353000000000000000000000000000000000008B
:10354000000000000000000000000000000000007B
:10355000000000000000000000000000000000006B
:10356000000000000000000000000000000000005B
:10357000000000000000000000000000000000004B
:10358000000000000000000000000000000000003B
:10359000000000000000000000000000000000002B
:1035A000000000000000000000000000000000001B
:1035B000000000000000000000000000000000000B
:1035C00000000000000000000000000000000000FB
:1035D00000000000000000000000000000000000EB
:1035E00000000000000000000000000000000000DB
:1035F00000000000000000000000000000000000CB
:1036000000000000000000000000000000000000BA
:1036100000000000000000000000000000000000AA
:10362000000000000000000000000000000000009A
:10363000000000000000000000000000000000008A
:10364000000000000000000000000000000000007A
:10365000000000000000000000000000000000006A
:10366000000000000000000000000000000000005A
:10367000000000000000000000000000000000004A
:10368000000000000000000000000000000000003A
:10369000000000000000000000000000000000002A
:1036A000000000000000000000000000000000001A
:1036B000000000000000000000000000000000000A
:1036C00000000000000000000000000000000000FA
:1036D00000000000000000000000000000000000EA
:1036E00000000000000000000000000000000000DA
:1036F00000000000000000000000000000000000CA
:1037000000000000000000000000000000000000B9
:1037100000000000000000000000000000000000A9
:103720000000000000000000000000000000000099
:103730000000000000000000000000000000000089
:103740000000000000000000000000000000000079
:103750000000000000000000000000000000000069
:103760000000000000000000000000000000000059
:103770000000000000000000000000000000000049
:103780000000000000000000000000000000000039
:103790000000000000000000000000000000000029
:1037A0000000000000000000000000000000000019
:1037B0000000000000000000000000000000000009
:1037C00000000000000000000000000000000000F9
:1037D00000000000000000000000000000000000E9
:1037E00000000000000000000000000000000000D9
:1037F00000000000000000000000000000000000C9
:1038000000000000000000000000000000000000B8
:1038100000000000000000000000000000000000A8
:103820000000000000000000000000000000000098
:103830000000000000000000000000000000000088
:103840000000000000000000000000000000000078
:103850000000000000000000000000000000000068
:103860000000000000000000000000000000000058
:103870000000000000000000000000000000000048
:103880000000000000000000000000000000000038
:103890000000000000000000000000000000000028
:1038A0000000000000000000000000000000000018
:1038B0000000000000000000000000000000000008
:1038C00000000000000000000000000000000000F8
:1038D00000000000000000000000000000000000E8
:1038E00000000000000000000000000000000000D8
:1038F00000000000000000000000000000000000C8
:1039000000000000000000000000000000000000B7
:1039100000000000000000000000000000000000A7
:103920000000000000000000000000000000000097
:103930000000000000000000000000000000000087
:103940000000000000000000000000000000000077
:103950000000000000000000000000000000000067
:103960000000000000000000000000000000000057
:103970000000000000000000000000000000000047
:103980000000000000000000000000000000000037
:103990000000000000000000000000000000000027
:1039A0000000000000000000000000000000000017
:1039B0000000000000000000000000000000000007
:1039C00000000000000000000000000000000000F7
:1039D00000000000000000000000000000000000E7
:1039E00000000000000000000000000000000000D7
:1039F00000000000000000000000000000000000C7
:103A000000000000000000000000000000000000B6
:103A100000000000000000000000000000000000A6
:103A20000000000000000000000000000000000096
:103A30000000000000000000000000000000000086
:103A40000000000000000000000000000000000076
:103A50000000000000000000000000000000000066
:103A60000000000000000000000000000000000056
:103A70000000000000000000000000000000000046
:103A80000000000000000000000000000000000036
:103A90000000000000000000000000000000000026
:103AA0000000000000000000000000000000000016
:103AB0000000000000000000000000000000000006
:103AC00000000000000000000000000000000000F6
:103AD00000000000000000000000000000000000E6
:103AE00000000000000000000000000000000000D6
:103AF00000000000000000000000000000000000C6
:103B000000000000000000000000000000000000B5
:103B100000000000000000000000000000000000A5
:103B20000000000000000000000000000000000095
:103B30000000000000000000000000000000000085
:103B40000000000000000000000000000000000075
:103B50000000000000000000000000000000000065
:103B60000000000000000000000000000000000055
:103B70000000000000000000000000000000000045
:103B80000000000000000000000000000000000035
:103B90000000000000000000000000000000000025
:103BA0000000000000000000000000000000000015
:103BB0000000000000000000000000000000000005
:103BC00000000000000000000000000000000000F5
:103BD00000000000000000000000000000000000E5
:103BE00000000000000000000000000000000000D5
:103BF00000000000000000000000000000000000C5
:103C000000000000000000000000000000000000B4
:103C100000000000000000000000000000000000A4
:103C20000000000000000000000000000000000094
:103C30000000000000000000000000000000000084
:103C40000000000000000000000000000000000074
:103C50000000000000000000000000000000000064
:103C60000000000000000000000000000000000054
:103C70000000000000000000000000000000000044
:103C80000000000000000000000000000000000034
:103C90000000000000000000000000000000000024
:103CA0000000000000000000000000000000000014
:103CB0000000000000000000000000000000000004
:103CC00000000000000000000000000000000000F4
:103CD00000000000000000000000000000000000E4
:103CE00000000000000000000000000000000000D4
:103CF00000000000000000000000000000000000C4
:103D000000000000000000000000000000000000B3
:103D100000000000000000000000000000000000A3
:103D20000000000000000000000000000000000093
:103D30000000000000000000000000000000000083
:103D40000000000000000000000000000000000073
:103D50000000000000000000000000000000000063
:103D60000000000000000000000000000000000053
:103D70000000000000000000000000000000000043
:103D80000000000000000000000000000000000033
:103D90000000000000000000000000000000000023
:103DA0000000000000000000000000000000000013
:103DB0000000000000000000000000000000000003
:103DC00000000000000000000000000000000000F3
:103DD00000000000000000000000000000000000E3
:103DE00000000000000000000000000000000000D3
:103DF00000000000000000000000000000000000C3
:103E000000000000000000000000000000000000B2
:103E100000000000000000000000000000000000A2
:103E20000000000000000000000000000000000092
:103E30000000000000000000000000000000000082
:103E40000000000000000000000000000000000072
:103E50000000000000000000000000000000000062
:103E60000000000000000000000000000000000052
:103E70000000000000000000000000000000000042
:103E80000000000000000000000000000000000032
:103E90000000000000000000000000000000000022
:103EA0000000000000000000000000000000000012
:103EB0000000000000000000000000000000000002
:103EC00000000000000000000000000000000000F2
:103ED00000000000000000000000000000000000E2
:103EE00000000000000000000000000000000000D2
:103EF00000000000000000000000000000000000C2
:103F000000000000000000000000000000000000B1
:103F100000000000000000000000000000000000A1
:103F20000000000000000000000000000000000091
:103F30000000000000000000000000000000000081
:103F40000000000000000000000000000000000071
:103F50000000000000000000000000000000000061
:103F60000000000000000000000000000000000051
:103F70000000000000000000000000000000000041
:103F80000000000000000000000000000000000031
:103F90000000000000000000000000000000000021
:103FA0000000000000000000000000000000000011
:103FB0000000000000000000000000000000000001
:103FC00000000000000000000000000000000000F1
:103FD00000000000000000000000000000000000E1
:103FE00000000000000000000000000000000000D1
:103FF00000000000000000000000000000000000C1
:1040000000000000000000000000000000000000B0
:1040100000000000000000000000000000000000A0
:104020000000000000000000000000000000000090
:104030000000000000000000000000000000000080
:104040000000000000000000000000000000000070
:104050000000000000000000000000000000000060
:104060000000000000000000000000000000000050
:104070000000000000000000000000000000000040
:104080000000000000000000000000000000000030
:104090000000000000000000000000000000000020
:1040A0000000000000000000000000000000000010
:1040B0000000000000000000000000000000000000
:1040C00000000000000000000000000000000000F0
:1040D00000000000000000000000000000000000E0
:1040E00000000000000000000000000000000000D0
:1040F00000000000000000000000000000000000C0
:1041000000000000000000000000000000000000AF
:10411000000000000000000000000000000000009F
:10412000000000000000000000000000000000008F
:10413000000000000000000000000000000000007F
:10414000000000000000000000000000000000006F
:10415000000000000000000000000000000000005F
:10416000000000000000000000000000000000004F
:10417000000000000000000000000000000000003F
:10418000000000000000000000000000000000002F
:10419000000000000000000000000000000000001F
:1041A000000000000000000000000000000000000F
:1041B00000000000000000000000000000000000FF
:1041C00000000000000000000000000000000000EF
:1041D00000000000000000000000000000000000DF
:1041E00000000000000000000000000000000000CF
:1041F00000000000000000000000000000000000BF
:1042000000000000000000000000000000000000AE
:10421000000000000000000000000000000000009E
:10422000000000000000000000000000000000008E
:10423000000000000000000000000000000000007E
:10424000000000000000000000000000000000006E
:10425000000000000000000000000000000000005E
:10426000000000000000000000000000000000004E
:10427000000000000000000000000000000000003E
:10428000000000000000000000000000000000002E
:10429000000000000000000000000000000000001E
:1042A000000000000000000000000000000000000E
:1042B00000000000000000000000000000000000FE
:1042C00000000000000000000000000000000000EE
:1042D00000000000000000000000000000000000DE
:1042E00000000000000000000000000000000000CE
:1042F00000000000000000000000000000000000BE
:1043000000000000000000000000000000000000AD
:10431000000000000000000000000000000000009D
:10432000000000000000000000000000000000008D
:10433000000000000000000000000000000000007D
:10434000000000000000000000000000000000006D
:10435000000000000000000000000000000000005D
:10436000000000000000000000000000000000004D
:10437000000000000000000000000000000000003D
:10438000000000000000000000000000000000002D
:10439000000000000000000000000000000000001D
:1043A000000000000000000000000000000000000D
:1043B00000000000000000000000000000000000FD
:1043C00000000000000000000000000000000000ED
:1043D00000000000000000000000000000000000DD
:1043E00000000000000000000000000000000000CD
:1043F00000000000000000000000000000000000BD
:1044000000000000000000000000000000000000AC
:10441000000000000000000000000000000000009C
:10442000000000000000000000000000000000008C
:10443000000000000000000000000000000000007C
:10444000000000000000000000000000000000006C
:10445000000000000000000000000000000000005C
:10446000000000000000000000000000000000004C
:10447000000000000000000000000000000000003C
:10448000000000000000000000000000000000002C
:10449000000000000000000000000000000000001C
:1044A000000000000000000000000000000000000C
:1044B00000000000000000000000000000000000FC
:1044C00000000000000000000000000000000000EC
:1044D00000000000000000000000000000000000DC
:1044E00000000000000000000000000000000000CC
:1044F00000000000000000000000000000000000BC
:1045000000000000000000000000000000000000AB
:10451000000000000000000000000000000000009B
:10452000000000000000000000000000000000008B
:10453000000000000000000000000000000000007B
:10454000000000000000000000000000000000006B
:10455000000000000000000000000000000000005B
:10456000000000000000000000000000000000004B
:10457000000000000000000000000000000000003B
:10458000000000000000000000000000000000002B
:10459000000000000000000000000000000000001B
:1045A000000000000000000000000000000000000B
:1045B00000000000000000000000000000000000FB
:1045C00000000000000000000000000000000000EB
:1045D00000000000000000000000000000000000DB
:1045E00000000000000000000000000000000000CB
:1045F00000000000000000000000000000000000BB
:1046000000000000000000000000000000000000AA
:10461000000000000000000000000000000000009A
:10462000000000000000000000000000000000008A
:10463000000000000000000000000000000000007A
:10464000000000000000000000000000000000006A
:10465000000000000000000000000000000000005A
:10466000000000000000000000000000000000004A
:10467000000000000000000000000000000000003A
:10468000000000000000000000000000000000002A
:10469000000000000000000000000000000000001A
:1046A000000000000000000000000000000000000A
:1046B00000000000000000000000000000000000FA
:1046C00000000000000000000000000000000000EA
:1046D00000000000000000000000000000000000DA
:1046E00000000000000000000000000000000000CA
:1046F00000000000000000000000000000000000BA
:1047000000000000000000000000000000000000A9
:104710000000000000000000000000000000000099
:104720000000000000000000000000000000000089
:104730000000000000000000000000000000000079
:104740000000000000000000000000000000000069
:104750000000000000000000000000000000000059
:104760000000000000000000000000000000000049
:104770000000000000000000000000000000000039
:104780000000000000000000000000000000000029
:104790000000000000000000000000000000000019
:1047A0000000000000000000000000000000000009
:1047B00000000000000000000000000000000000F9
:1047C00000000000000000000000000000000000E9
:1047D00000000000000000000000000000000000D9
:1047E00000000000000000000000000000000000C9
:1047F00000000000000000000000000000000000B9
:1048000000000000000000000000000000000000A8
:104810000000000000000000000000000000000098
:104820000000000000000000000000000000000088
:104830000000000000000000000000000000000078
:104840000000000000000000000000000000000068
:104850000000000000000000000000000000000058
:104860000000000000000000000000000000000048
:104870000000000000000000000000000000000038
:104880000000000000000000000000000000000028
:104890000000000000000000000000000000000018
:1048A0000000000000000000000000000000000008
:1048B00000000000000000000000000000000000F8
:1048C00000000000000000000000000000000000E8
:1048D00000000000000000000000000000000000D8
:1048E00000000000000000000000000000000000C8
:1048F00000000000000000000000000000000000B8
:1049000000000000000000000000000000000000A7
:104910000000000000000000000000000000000097
:104920000000000000000000000000000000000087
:104930000000000000000000000000000000000077
:104940000000000000000000000000000000000067
:104950000000000000000000000000000000000057
:104960000000000000000000000000000000000047
:104970000000000000000000000000000000000037
:104980000000000000000000000000000000000027
:104990000000000000000000000000000000000017
:1049A0000000000000000000000000000000000007
:1049B00000000000000000000000000000000000F7
:1049C00000000000000000000000000000000000E7
:1049D00000000000000000000000000000000000D7
:1049E00000000000000000000000000000000000C7
:1049F00000000000000000000000000000000000B7
:104A000000000000000000000000000000000000A6
:104A10000000000000000000000000000000000096
:104A20000000000000000000000000000000000086
:104A30000000000000000000000000000000000076
:104A40000000000000000000000000000000000066
:104A50000000000000000000000000000000000056
:104A60000000000000000000000000000000000046
:104A70000000000000000000000000000000000036
:104A80000000000000000000000000000000000026
:104A90000000000000000000000000000000000016
:104AA0000000000000000000000000000000000006
:104AB00000000000000000000000000000000000F6
:104AC00000000000000000000000000000000000E6
:104AD00000000000000000000000000000000000D6
:104AE00000000000000000000000000000000000C6
:104AF00000000000000000000000000000000000B6
:104B000000000000000000000000000000000000A5
:104B10000000000000000000000000000000000095
:104B20000000000000000000000000000000000085
:104B30000000000000000000000000000000000075
:104B40000000000000000000000000000000000065
:104B50000000000000000000000000000000000055
:104B60000000000000000000000000000000000045
:104B70000000000000000000000000000000000035
:104B80000000000000000000000000000000000025
:104B90000000000000000000000000000000000015
:104BA0000000000000000000000000000000000005
:104BB00000000000000000000000000000000000F5
:104BC00000000000000000000000000000000000E5
:104BD00000000000000000000000000000000000D5
:104BE00000000000000000000000000000000000C5
:104BF00000000000000000000000000000000000B5
:104C000000000000000000000000000000000000A4
:104C10000000000000000000000000000000000094
:104C20000000000000000000000000000000000084
:104C30000000000000000000000000000000000074
:104C40000000000000000000000000000000000064
:104C50000000000000000000000000000000000054
:104C60000000000000000000000000000000000044
:104C70000000000000000000000000000000000034
:104C80000000000000000000000000000000000024
:104C90000000000000000000000000000000000014
:104CA0000000000000000000000000000000000004
:104CB00000000000000000000000000000000000F4
:104CC00000000000000000000000000000000000E4
:104CD00000000000000000000000000000000000D4
:104CE00000000000000000000000000000000000C4
:104CF00000000000000000000000000000000000B4
:104D000000000000000000000000000000000000A3
:104D10000000000000000000000000000000000093
:104D20000000000000000000000000000000000083
:104D30000000000000000000000000000000000073
:104D40000000000000000000000000000000000063
:104D50000000000000000000000000000000000053
:104D60000000000000000000000000000000000043
:104D70000000000000000000000000000000000033
:104D80000000000000000000000000000000000023
:104D90000000000000000000000000000000000013
:104DA0000000000000000000000000000000000003
:104DB00000000000000000000000000000000000F3
:104DC00000000000000000000000000000000000E3
:104DD00000000000000000000000000000000000D3
:104DE00000000000000000000000000000000000C3
:104DF00000000000000000000000000000000000B3
:104E000000000000000000000000000000000000A2
:104E10000000000000000000000000000000000092
:104E20000000000000000000000000000000000082
:104E30000000000000000000000000000000000072
:104E40000000000000000000000000000000000062
:104E50000000000000000000000000000000000052
:104E60000000000000000000000000000000000042
:104E70000000000000000000000000000000000032
:104E80000000000000000000000000000000000022
:104E90000000000000000000000000000000000012
:104EA0000000000000000000000000000000000002
:104EB00000000000000000000000000000000000F2
:104EC00000000000000000000000000000000000E2
:104ED00000000000000000000000000000000000D2
:104EE00000000000000000000000000000000000C2
:104EF00000000000000000000000000000000000B2
:104F000000000000000000000000000000000000A1
:104F10000000000000000000000000000000000091
:104F20000000000000000000000000000000000081
:104F30000000000000000000000000000000000071
:104F40000000000000000000000000000000000061
:104F50000000000000000000000000000000000051
:104F60000000000000000000000000000000000041
:104F70000000000000000000000000000000000031
:104F80000000000000000000000000000000000021
:104F90000000000000000000000000000000000011
:104FA0000000000000000000000000000000000001
:104FB00000000000000000000000000000000000F1
:104FC00000000000000000000000000000000000E1
:104FD00000000000000000000000000000000000D1
:104FE00000000000000000000000000000000000C1
:104FF00000000000000000000000000000000000B1
:1050000000000000000000000000000000000000A0
:105010000000000000000000000000000000000090
:105020000000000000000000000000000000000080
:105030000000000000000000000000000000000070
:105040000000000000000000000000000000000060
:105050000000000000000000000000000000000050
:105060000000000000000000000000000000000040
:105070000000000000000000000000000000000030
:105080000000000000000000000000000000000020
:105090000000000000000000000000000000000010
:1050A0000000000000000000000000000000000000
:1050B00000000000000000000000000000000000F0
:1050C00000000000000000000000000000000000E0
:1050D00000000000000000000000000000000000D0
:1050E00000000000000000000000000000000000C0
:1050F00000000000000000000000000000000000B0
:10510000000000000000000000000000000000009F
:10511000000000000000000000000000000000008F
:10512000000000000000000000000000000000007F
:10513000000000000000000000000000000000006F
:10514000000000000000000000000000000000005F
:10515000000000000000000000000000000000004F
:10516000000000000000000000000000000000003F
:10517000000000000000000000000000000000002F
:10518000000000000000000000000000000000001F
:10519000000000000000000000000000000000000F
:1051A00000000000000000000000000000000000FF
:1051B00000000000000000000000000000000000EF
:1051C00000000000000000000000000000000000DF
:1051D00000000000000000000000000000000000CF
:1051E00000000000000000000000000000000000BF
:1051F00000000000000000000000000000000000AF
:10520000000000000000000000000000000000009E
:10521000000000000000000000000000000000008E
:10522000000000000000000000000000000000007E
:10523000000000000000000000000000000000006E
:10524000000000000000000000000000000000005E
:10525000000000000000000000000000000000004E
:10526000000000000000000000000000000000003E
:10527000000000000000000000000000000000002E
:10528000000000000000000000000000000000001E
:10529000000000000000000000000000000000000E
:1052A00000000000000000000000000000000000FE
:1052B00000000000000000000000000000000000EE
:1052C00000000000000000000000000000000000DE
:1052D00000000000000000000000000000000000CE
:1052E00000000000000000000000000000000000BE
:1052F00000000000000000000000000000000000AE
:10530000000000000000000000000000000000009D
:10531000000000000000000000000000000000008D
:10532000000000000000000000000000000000007D
:10533000000000000000000000000000000000006D
:10534000000000000000000000000000000000005D
:10535000000000000000000000000000000000004D
:10536000000000000000000000000000000000003D
:10537000000000000000000000000000000000002D
:10538000000000000000000000000000000000001D
:10539000000000000000000000000000000000000D
:1053A00000000000000000000000000000000000FD
:1053B00000000000000000000000000000000000ED
:1053C00000000000000000000000000000000000DD
:1053D00000000000000000000000000000000000CD
:1053E00000000000000000000000000000000000BD
:1053F00000000000000000000000000000000000AD
:10540000000000000000000000000000000000009C
:10541000000000000000000000000000000000008C
:10542000000000000000000000000000000000007C
:10543000000000000000000000000000000000006C
:10544000000000000000000000000000000000005C
:10545000000000000000000000000000000000004C
:10546000000000000000000000000000000000003C
:10547000000000000000000000000000000000002C
:10548000000000000000000000000000000000001C
:10549000000000000000000000000000000000000C
:1054A00000000000000000000000000000000000FC
:1054B00000000000000000000000000000000000EC
:1054C00000000000000000000000000000000000DC
:1054D00000000000000000000000000000000000CC
:1054E00000000000000000000000000000000000BC
:1054F00000000000000000000000000000000000AC
:10550000000000000000000000000000000000009B
:10551000000000000000000000000000000000008B
:10552000000000000000000000000000000000007B
:10553000000000000000000000000000000000006B
:10554000000000000000000000000000000000005B
:10555000000000000000000000000000000000004B
:10556000000000000000000000000000000000003B
:10557000000000000000000000000000000000002B
:10558000000000000000000000000000000000001B
:10559000000000000000000000000000000000000B
:1055A00000000000000000000000000000000000FB
:1055B00000000000000000000000000000000000EB
:1055C00000000000000000000000000000000000DB
:1055D00000000000000000000000000000000000CB
:1055E00000000000000000000000000000000000BB
:1055F00000000000000000000000000000000000AB
:10560000000000000000000000000000000000009A
:10561000000000000000000000000000000000008A
:10562000000000000000000000000000000000007A
:10563000000000000000000000000000000000006A
:10564000000000000000000000000000000000005A
:10565000000000000000000000000000000000004A
:10566000000000000000000000000000000000003A
:10567000000000000000000000000000000000002A
:10568000000000000000000000000000000000001A
:10569000000000000000000000000000000000000A
:1056A00000000000000000000000000000000000FA
:1056B00000000000000000000000000000000000EA
:1056C00000000000000000000000000000000000DA
:1056D00000000000000000000000000000000000CA
:1056E00000000000000000000000000000000000BA
:1056F00000000000000000000000000000000000AA
:105700000000000000000000000000000000000099
:105710000000000000000000000000000000000089
:105720000000000000000000000000000000000079
:105730000000000000000000000000000000000069
:105740000000000000000000000000000000000059
:105750000000000000000000000000000000000049
:105760000000000000000000000000000000000039
:105770000000000000000000000000000000000029
:105780000000000000000000000000000000000019
:105790000000000000000000000000000000000009
:1057A00000000000000000000000000000000000F9
:1057B00000000000000000000000000000000000E9
:1057C00000000000000000000000000000000000D9
:1057D00000000000000000000000000000000000C9
:1057E00000000000000000000000000000000000B9
:1057F00000000000000000000000000000000000A9
:105800000000000000000000000000000000000098
:105810000000000000000000000000000000000088
:105820000000000000000000000000000000000078
:105830000000000000000000000000000000000068
:105840000000000000000000000000000000000058
:105850000000000000000000000000000000000048
:105860000000000000000000000000000000000038
:105870000000000000000000000000000000000028
:105880000000000000000000000000000000000018
:105890000000000000000000000000000000000008
:1058A00000000000000000000000000000000000F8
:1058B00000000000000000000000000000000000E8
:1058C00000000000000000000000000000000000D8
:1058D00000000000000000000000000000000000C8
:1058E00000000000000000000000000000000000B8
:1058F00000000000000000000000000000000000A8
:105900000000000000000000000000000000000097
:105910000000000000000000000000000000000087
:105920000000000000000000000000000000000077
:105930000000000000000000000000000000000067
:105940000000000000000000000000000000000057
:105950000000000000000000000000000000000047
:105960000000000000000000000000000000000037
:105970000000000000000000000000000000000027
:105980000000000000000000000000000000000017
:105990000000000000000000000000000000000007
:1059A00000000000000000000000000000000000F7
:1059B00000000000000000000000000000000000E7
:1059C00000000000000000000000000000000000D7
:1059D00000000000000000000000000000000000C7
:1059E00000000000000000000000000000000000B7
:1059F00000000000000000000000000000000000A7
:105A00000000000000000000000000000000000096
:105A10000000000000000000000000000000000086
:105A20000000000000000000000000000000000076
:105A30000000000000000000000000000000000066
:105A40000000000000000000000000000000000056
:105A50000000000000000000000000000000000046
:105A60000000000000000000000000000000000036
:105A70000000000000000000000000000000000026
:105A80000000000000000000000000000000000016
:105A90000000000000000000000000000000000006
:105AA00000000000000000000000000000000000F6
:105AB00000000000000000000000000000000000E6
:105AC00000000000000000000000000000000000D6
:105AD00000000000000000000000000000000000C6
:105AE00000000000000000000000000000000000B6
:105AF00000000000000000000000000000000000A6
:105B00000000000000000000000000000000000095
:105B10000000000000000000000000000000000085
:105B20000000000000000000000000000000000075
:105B30000000000000000000000000000000000065
:105B40000000000000000000000000000000000055
:105B50000000000000000000000000000000000045
:105B60000000000000000000000000000000000035
:105B70000000000000000000000000000000000025
:105B80000000000000000000000000000000000015
:105B90000000000000000000000000000000000005
:105BA00000000000000000000000000000000000F5
:105BB00000000000000000000000000000000000E5
:105BC00000000000000000000000000000000000D5
:105BD00000000000000000000000000000000000C5
:105BE00000000000000000000000000000000000B5
:105BF00000000000000000000000000000000000A5
:105C00000000000000000000000000000000000094
:105C10000000000000000000000000000000000084
:105C20000000000000000000000000000000000074
:105C30000000000000000000000000000000000064
:105C40000000000000000000000000000000000054
:105C50000000000000000000000000000000000044
:105C60000000000000000000000000000000000034
:105C70000000000000000000000000000000000024
:105C80000000000000000000000000000000000014
:105C90000000000000000000000000000000000004
:105CA00000000000000000000000000000000000F4
:105CB00000000000000000000000000000000000E4
:105CC00000000000000000000000000000000000D4
:105CD00000000000000000000000000000000000C4
:105CE00000000000000000000000000000000000B4
:105CF00000000000000000000000000000000000A4
:105D00000000000000000000000000000000000093
:105D10000000000000000000000000000000000083
:105D20000000000000000000000000000000000073
:105D30000000000000000000000000000000000063
:105D40000000000000000000000000000000000053
:105D50000000000000000000000000000000000043
:105D60000000000000000000000000000000000033
:105D70000000000000000000000000000000000023
:105D80000000000000000000000000000000000013
:105D90000000000000000000000000000000000003
:105DA00000000000000000000000000000000000F3
:105DB00000000000000000000000000000000000E3
:105DC00000000000000000000000000000000000D3
:105DD00000000000000000000000000000000000C3
:105DE00000000000000000000000000000000000B3
:105DF00000000000000000000000000000000000A3
:105E00000000000000000000000000000000000092
:105E10000000000000000000000000000000000082
:105E20000000000000000000000000000000000072
:105E30000000000000000000000000000000000062
:105E40000000000000000000000000000000000052
:105E50000000000000000000000000000000000042
:105E60000000000000000000000000000000000032
:105E70000000000000000000000000000000000022
:105E80000000000000000000000000000000000012
:105E90000000000000000000000000000000000002
:105EA00000000000000000000000000000000000F2
:105EB00000000000000000000000000000000000E2
:105EC00000000000000000000000000000000000D2
:105ED00000000000000000000000000000000000C2
:105EE00000000000000000000000000000000000B2
:105EF00000000000000000000000000000000000A2
:105F00000000000000000000000000000000000091
:105F10000000000000000000000000000000000081
:105F20000000000000000000000000000000000071
:105F30000000000000000000000000000000000061
:105F40000000000000000000000000000000000051
:105F50000000000000000000000000000000000041
:105F60000000000000000000000000000000000031
:105F70000000000000000000000000000000000021
:105F80000000000000000000000000000000000011
:105F90000000000000000000000000000000000001
:105FA00000000000000000000000000000000000F1
:105FB00000000000000000000000000000000000E1
:105FC00000000000000000000000000000000000D1
:105FD00000000000000000000000000000000000C1
:105FE00000000000000000000000000000000000B1
:105FF00000000000000000000000000000000000A1
:106000000000000000000000000000000000000090
:106010000000000000000000000000000000000080
:106020000000000000000000000000000000000070
:106030000000000000000000000000000000000060
:106040000000000000000000000000000000000050
:106050000000000000000000000000000000000040
:106060000000000000000000000000000000000030
:106070000000000000000000000000000000000020
:106080000000000000000000000000000000000010
:106090000000000000000000000000000000000000
:1060A00000000000000000000000000000000000F0
:1060B00000000000000000000000000000000000E0
:1060C00000000000000000000000000000000000D0
:1060D00000000000000000000000000000000000C0
:1060E00000000000000000000000000000000000B0
:1060F00000000000000000000000000000000000A0
:10610000000000000000000000000000000000008F
:10611000000000000000000000000000000000007F
:10612000000000000000000000000000000000006F
:10613000000000000000000000000000000000005F
:10614000000000000000000000000000000000004F
:10615000000000000000000000000000000000003F
:10616000000000000000000000000000000000002F
:10617000000000000000000000000000000000001F
:10618000000000000000000000000000000000000F
:1061900000000000000000000000000000000000FF
:1061A00000000000000000000000000000000000EF
:1061B00000000000000000000000000000000000DF
:1061C00000000000000000000000000000000000CF
:1061D00000000000000000000000000000000000BF
:1061E00000000000000000000000000000000000AF
:1061F000000000000000000000000000000000009F
:10620000000000000000000000000000000000008E
:10621000000000000000000000000000000000007E
:10622000000000000000000000000000000000006E
:10623000000000000000000000000000000000005E
:10624000000000000000000000000000000000004E
:10625000000000000000000000000000000000003E
:10626000000000000000000000000000000000002E
:10627000000000000000000000000000000000001E
:10628000000000000000000000000000000000000E
:1062900000000000000000000000000000000000FE
:1062A00000000000000000000000000000000000EE
:1062B00000000000000000000000000000000000DE
:1062C00000000000000000000000000000000000CE
:1062D00000000000000000000000000000000000BE
:1062E00000000000000000000000000000000000AE
:1062F000000000000000000000000000000000009E
:10630000000000000000000000000000000000008D
:10631000000000000000000000000000000000007D
:10632000000000000000000000000000000000006D
:10633000000000000000000000000000000000005D
:10634000000000000000000000000000000000004D
:10635000000000000000000000000000000000003D
:10636000000000000000000000000000000000002D
:10637000000000000000000000000000000000001D
:10638000000000000000000000000000000000000D
:1063900000000000000000000000000000000000FD
:1063A00000000000000000000000000000000000ED
:1063B00000000000000000000000000000000000DD
:1063C00000000000000000000000000000000000CD
:1063D00000000000000000000000000000000000BD
:1063E00000000000000000000000000000000000AD
:1063F000000000000000000000000000000000009D
:10640000000000000000000000000000000000008C
:10641000000000000000000000000000000000007C
:10642000000000000000000000000000000000006C
:10643000000000000000000000000000000000005C
:10644000000000000000000000000000000000004C
:10645000000000000000000000000000000000003C
:10646000000000000000000000000000000000002C
:10647000000000000000000000000000000000001C
:10648000000000000000000000000000000000000C
:1064900000000000000000000000000000000000FC
:1064A00000000000000000000000000000000000EC
:1064B00000000000000000000000000000000000DC
:1064C00000000000000000000000000000000000CC
:1064D00000000000000000000000000000000000BC
:1064E00000000000000000000000000000000000AC
:1064F000000000000000000000000000000000009C
:10650000000000000000000000000000000000008B
:10651000000000000000000000000000000000007B
:10652000000000000000000000000000000000006B
:10653000000000000000000000000000000000005B
:10654000000000000000000000000000000000004B
:10655000000000000000000000000000000000003B
:10656000000000000000000000000000000000002B
:10657000000000000000000000000000000000001B
:10658000000000000000000000000000000000000B
:1065900000000000000000000000000000000000FB
:1065A00000000000000000000000000000000000EB
:1065B00000000000000000000000000000000000DB
:1065C00000000000000000000000000000000000CB
:1065D00000000000000000000000000000000000BB
:1065E00000000000000000000000000000000000AB
:1065F000000000000000000000000000000000009B
:10660000000000000000000000000000000000008A
:10661000000000000000000000000000000000007A
:10662000000000000000000000000000000000006A
:10663000000000000000000000000000000000005A
:10664000000000000000000000000000000000004A
:10665000000000000000000000000000000000003A
:10666000000000000000000000000000000000002A
:10667000000000000000000000000000000000001A
:10668000000000000000000000000000000000000A
:1066900000000000000000000000000000000000FA
:1066A00000000000000000000000000000000000EA
:1066B00000000000000000000000000000000000DA
:1066C00000000000000000000000000000000000CA
:1066D00000000000000000000000000000000000BA
:1066E00000000000000000000000000000000000AA
:1066F000000000000000000000000000000000009A
:106700000000000000000000000000000000000089
:106710000000000000000000000000000000000079
:106720000000000000000000000000000000000069
:106730000000000000000000000000000000000059
:106740000000000000000000000000000000000049
:106750000000000000000000000000000000000039
:106760000000000000000000000000000000000029
:106770000000000000000000000000000000000019
:106780000000000000000000000000000000000009
:1067900000000000000000000000000000000000F9
:1067A00000000000000000000000000000000000E9
:1067B00000000000000000000000000000000000D9
:1067C00000000000000000000000000000000000C9
:1067D00000000000000000000000000000000000B9
:1067E00000000000000000000000000000000000A9
:1067F0000000000000000000000000000000000099
:106800000000000000000000000000000000000088
:106810000000000000000000000000000000000078
:106820000000000000000000000000000000000068
:106830000000000000000000000000000000000058
:106840000000000000000000000000000000000048
:106850000000000000000000000000000000000038
:106860000000000000000000000000000000000028
:106870000000000000000000000000000000000018
:106880000000000000000000000000000000000008
:1068900000000000000000000000000000000000F8
:1068A00000000000000000000000000000000000E8
:1068B00000000000000000000000000000000000D8
:1068C00000000000000000000000000000000000C8
:1068D00000000000000000000000000000000000B8
:1068E00000000000000000000000000000000000A8
:1068F0000000000000000000000000000000000098
:106900000000000000000000000000000000000087
:106910000000000000000000000000000000000077
:106920000000000000000000000000000000000067
:106930000000000000000000000000000000000057
:106940000000000000000000000000000000000047
:106950000000000000000000000000000000000037
:106960000000000000000000000000000000000027
:106970000000000000000000000000000000000017
:106980000000000000000000000000000000000007
:1069900000000000000000000000000000000000F7
:1069A00000000000000000000000000000000000E7
:1069B00000000000000000000000000000000000D7
:1069C00000000000000000000000000000000000C7
:1069D00000000000000000000000000000000000B7
:1069E00000000000000000000000000000000000A7
:1069F0000000000000000000000000000000000097
:106A00000000000000000000000000000000000086
:106A10000000000000000000000000000000000076
:106A20000000000000000000000000000000000066
:106A30000000000000000000000000000000000056
:106A40000000000000000000000000000000000046
:106A50000000000000000000000000000000000036
:106A60000000000000000000000000000000000026
:106A70000000000000000000000000000000000016
:106A80000000000000000000000000000000000006
:106A900000000000000000000000000000000000F6
:106AA00000000000000000000000000000000000E6
:106AB00000000000000000000000000000000000D6
:106AC00000000000000000000000000000000000C6
:106AD00000000000000000000000000000000000B6
:106AE00000000000000000000000000000000000A6
:106AF0000000000000000000000000000000000096
:106B00000000000000000000000000000000000085
:106B10000000000000000000000000000000000075
:106B20000000000000000000000000000000000065
:106B30000000000000000000000000000000000055
:106B40000000000000000000000000000000000045
:106B50000000000000000000000000000000000035
:106B60000000000000000000000000000000000025
:106B70000000000000000000000000000000000015
:106B80000000000000000000000000000000000005
:106B900000000000000000000000000000000000F5
:106BA00000000000000000000000000000000000E5
:106BB00000000000000000000000000000000000D5
:106BC00000000000000000000000000000000000C5
:106BD00000000000000000000000000000000000B5
:106BE00000000000000000000000000000000000A5
:106BF0000000000000000000000000000000000095
:106C00000000000000000000000000000000000084
:106C10000000000000000000000000000000000074
:106C20000000000000000000000000000000000064
:106C30000000000000000000000000000000000054
:106C40000000000000000000000000000000000044
:106C50000000000000000000000000000000000034
:106C60000000000000000000000000000000000024
:106C70000000000000000000000000000000000014
:106C80000000000000000000000000000000000004
:106C900000000000000000000000000000000000F4
:106CA00000000000000000000000000000000000E4
:106CB00000000000000000000000000000000000D4
:106CC00000000000000000000000000000000000C4
:106CD00000000000000000000000000000000000B4
:106CE00000000000000000000000000000000000A4
:106CF0000000000000000000000000000000000094
:106D00000000000000000000000000000000000083
:106D10000000000000000000000000000000000073
:106D20000000000000000000000000000000000063
:106D30000000000000000000000000000000000053
:106D40000000000000000000000000000000000043
:106D50000000000000000000000000000000000033
:106D60000000000000000000000000000000000023
:106D70000000000000000000000000000000000013
:106D80000000000000000000000000000000000003
:106D900000000000000000000000000000000000F3
:106DA00000000000000000000000000000000000E3
:106DB00000000000000000000000000000000000D3
:106DC00000000000000000000000000000000000C3
:106DD00000000000000000000000000000000000B3
:106DE00000000000000000000000000000000000A3
:106DF0000000000000000000000000000000000093
:106E00000000000000000000000000000000000082
:106E10000000000000000000000000000000000072
:106E20000000000000000000000000000000000062
:106E30000000000000000000000000000000000052
:106E40000000000000000000000000000000000042
:106E50000000000000000000000000000000000032
:106E60000000000000000000000000000000000022
:106E70000000000000000000000000000000000012
:106E80000000000000000000000000000000000002
:106E900000000000000000000000000000000000F2
:106EA00000000000000000000000000000000000E2
:106EB00000000000000000000000000000000000D2
:106EC00000000000000000000000000000000000C2
:106ED00000000000000000000000000000000000B2
:106EE00000000000000000000000000000000000A2
:106EF0000000000000000000000000000000000092
:106F00000000000000000000000000000000000081
:106F10000000000000000000000000000000000071
:106F20000000000000000000000000000000000061
:106F30000000000000000000000000000000000051
:106F40000000000000000000000000000000000041
:106F50000000000000000000000000000000000031
:106F60000000000000000000000000000000000021
:106F70000000000000000000000000000000000011
:106F80000000000000000000000000000000000001
:106F900000000000000000000000000000000000F1
:106FA00000000000000000000000000000000000E1
:106FB00000000000000000000000000000000000D1
:106FC00000000000000000000000000000000000C1
:106FD00000000000000000000000000000000000B1
:106FE00000000000000000000000000000000000A1
:106FF0000000000000000000000000000000000091
:107000000000000000000000000000000000000080
:107010000000000000000000000000000000000070
:107020000000000000000000000000000000000060
:107030000000000000000000000000000000000050
:107040000000000000000000000000000000000040
:107050000000000000000000000000000000000030
:107060000000000000000000000000000000000020
:107070000000000000000000000000000000000010
:107080000000000000000000000000000000000000
:1070900000000000000000000000000000000000F0
:1070A00000000000000000000000000000000000E0
:1070B00000000000000000000000000000000000D0
:1070C00000000000000000000000000000000000C0
:1070D00000000000000000000000000000000000B0
:1070E00000000000000000000000000000000000A0
:1070F0000000000000000000000000000000000090
:10710000000000000000000000000000000000007F
:10711000000000000000000000000000000000006F
:10712000000000000000000000000000000000005F
:10713000000000000000000000000000000000004F
:10714000000000000000000000000000000000003F
:10715000000000000000000000000000000000002F
:10716000000000000000000000000000000000001F
:10717000000000000000000000000000000000000F
:1071800000000000000000000000000000000000FF
:1071900000000000000000000000000000000000EF
:1071A00000000000000000000000000000000000DF
:1071B00000000000000000000000000000000000CF
:1071C00000000000000000000000000000000000BF
:1071D00000000000000000000000000000000000AF
:1071E000000000000000000000000000000000009F
:1071F000000000000000000000000000000000008F
:10720000000000000000000000000000000000007E
:10721000000000000000000000000000000000006E
:10722000000000000000000000000000000000005E
:10723000000000000000000000000000000000004E
:10724000000000000000000000000000000000003E
:10725000000000000000000000000000000000002E
:10726000000000000000000000000000000000001E
:10727000000000000000000000000000000000000E
:1072800000000000000000000000000000000000FE
:1072900000000000000000000000000000000000EE
:1072A00000000000000000000000000000000000DE
:1072B00000000000000000000000000000000000CE
:1072C00000000000000000000000000000000000BE
:1072D00000000000000000000000000000000000AE
:1072E000000000000000000000000000000000009E
:1072F000000000000000000000000000000000008E
:10730000000000000000000000000000000000007D
:10731000000000000000000000000000000000006D
:10732000000000000000000000000000000000005D
:10733000000000000000000000000000000000004D
:10734000000000000000000000000000000000003D
:10735000000000000000000000000000000000002D
:10736000000000000000000000000000000000001D
:10737000000000000000000000000000000000000D
:1073800000000000000000000000000000000000FD
:1073900000000000000000000000000000000000ED
:1073A00000000000000000000000000000000000DD
:1073B00000000000000000000000000000000000CD
:1073C00000000000000000000000000000000000BD
:1073D00000000000000000000000000000000000AD
:1073E000000000000000000000000000000000009D
:1073F000000000000000000000000000000000008D
:10740000000000000000000000000000000000007C
:10741000000000000000000000000000000000006C
:10742000000000000000000000000000000000005C
:10743000000000000000000000000000000000004C
:10744000000000000000000000000000000000003C
:10745000000000000000000000000000000000002C
:10746000000000000000000000000000000000001C
:10747000000000000000000000000000000000000C
:1074800000000000000000000000000000000000FC
:1074900000000000000000000000000000000000EC
:1074A00000000000000000000000000000000000DC
:1074B00000000000000000000000000000000000CC
:1074C00000000000000000000000000000000000BC
:1074D00000000000000000000000000000000000AC
:1074E000000000000000000000000000000000009C
:1074F000000000000000000000000000000000008C
:10750000000000000000000000000000000000007B
:10751000000000000000000000000000000000006B
:10752000000000000000000000000000000000005B
:10753000000000000000000000000000000000004B
:10754000000000000000000000000000000000003B
:10755000000000000000000000000000000000002B
:10756000000000000000000000000000000000001B
:10757000000000000000000000000000000000000B
:1075800000000000000000000000000000000000FB
:1075900000000000000000000000000000000000EB
:1075A00000000000000000000000000000000000DB
:1075B00000000000000000000000000000000000CB
:1075C00000000000000000000000000000000000BB
:1075D00000000000000000000000000000000000AB
:1075E000000000000000000000000000000000009B
:1075F000000000000000000000000000000000008B
:10760000000000000000000000000000000000007A
:10761000000000000000000000000000000000006A
:10762000000000000000000000000000000000005A
:10763000000000000000000000000000000000004A
:10764000000000000000000000000000000000003A
:10765000000000000000000000000000000000002A
:10766000000000000000000000000000000000001A
:10767000000000000000000000000000000000000A
:1076800000000000000000000000000000000000FA
:1076900000000000000000000000000000000000EA
:1076A00000000000000000000000000000000000DA
:1076B00000000000000000000000000000000000CA
:1076C00000000000000000000000000000000000BA
:1076D00000000000000000000000000000000000AA
:1076E000000000000000000000000000000000009A
:1076F000000000000000000000000000000000008A
:107700000000000000000000000000000000000079
:107710000000000000000000000000000000000069
:107720000000000000000000000000000000000059
:107730000000000000000000000000000000000049
:107740000000000000000000000000000000000039
:107750000000000000000000000000000000000029
:107760000000000000000000000000000000000019
:107770000000000000000000000000000000000009
:1077800000000000000000000000000000000000F9
:1077900000000000000000000000000000000000E9
:1077A00000000000000000000000000000000000D9
:1077B00000000000000000000000000000000000C9
:1077C00000000000000000000000000000000000B9
:1077D00000000000000000000000000000000000A9
:1077E0000000000000000000000000000000000099
:1077F0000000000000000000000000000000000089
:107800000000000000000000000000000000000078
:107810000000000000000000000000000000000068
:107820000000000000000000000000000000000058
:107830000000000000000000000000000000000048
:107840000000000000000000000000000000000038
:107850000000000000000000000000000000000028
:107860000000000000000000000000000000000018
:107870000000000000000000000000000000000008
:1078800000000000000000000000000000000000F8
:1078900000000000000000000000000000000000E8
:1078A00000000000000000000000000000000000D8
:1078B00000000000000000000000000000000000C8
:1078C00000000000000000000000000000000000B8
:1078D00000000000000000000000000000000000A8
:1078E0000000000000000000000000000000000098
:1078F0000000000000000000000000000000000088
:107900000000000000000000000000000000000077
:107910000000000000000000000000000000000067
:107920000000000000000000000000000000000057
:107930000000000000000000000000000000000047
:107940000000000000000000000000000000000037
:107950000000000000000000000000000000000027
:107960000000000000000000000000000000000017
:107970000000000000000000000000000000000007
:1079800000000000000000000000000000000000F7
:1079900000000000000000000000000000000000E7
:1079A00000000000000000000000000000000000D7
:1079B00000000000000000000000000000000000C7
:1079C00000000000000000000000000000000000B7
:1079D00000000000000000000000000000000000A7
:1079E0000000000000000000000000000000000097
:1079F0000000000000000000000000000000000087
:107A00000000000000000000000000000000000076
:107A10000000000000000000000000000000000066
:107A20000000000000000000000000000000000056
:107A30000000000000000000000000000000000046
:107A40000000000000000000000000000000000036
:107A50000000000000000000000000000000000026
:107A60000000000000000000000000000000000016
:107A70000000000000000000000000000000000006
:107A800000000000000000000000000000000000F6
:107A900000000000000000000000000000000000E6
:107AA00000000000000000000000000000000000D6
:107AB00000000000000000000000000000000000C6
:107AC00000000000000000000000000000000000B6
:107AD00000000000000000000000000000000000A6
:107AE0000000000000000000000000000000000096
:107AF0000000000000000000000000000000000086
:107B00000000000000000000000000000000000075
:107B10000000000000000000000000000000000065
:107B20000000000000000000000000000000000055
:107B30000000000000000000000000000000000045
:107B40000000000000000000000000000000000035
:107B50000000000000000000000000000000000025
:107B60000000000000000000000000000000000015
:107B70000000000000000000000000000000000005
:107B800000000000000000000000000000000000F5
:107B900000000000000000000000000000000000E5
:107BA00000000000000000000000000000000000D5
:107BB00000000000000000000000000000000000C5
:107BC00000000000000000000000000000000000B5
:107BD00000000000000000000000000000000000A5
:107BE0000000000000000000000000000000000095
:107BF0000000000000000000000000000000000085
:107C00000000000000000000000000000000000074
:107C10000000000000000000000000000000000064
:107C20000000000000000000000000000000000054
:107C30000000000000000000000000000000000044
:107C40000000000000000000000000000000000034
:107C50000000000000000000000000000000000024
:107C60000000000000000000000000000000000014
:107C70000000000000000000000000000000000004
:107C800000000000000000000000000000000000F4
:107C900000000000000000000000000000000000E4
:107CA00000000000000000000000000000000000D4
:107CB00000000000000000000000000000000000C4
:107CC00000000000000000000000000000000000B4
:107CD00000000000000000000000000000000000A4
:107CE0000000000000000000000000000000000094
:107CF0000000000000000000000000000000000084
:107D00000000000000000000000000000000000073
:107D10000000000000000000000000000000000063
:107D20000000000000000000000000000000000053
:107D30000000000000000000000000000000000043
:107D40000000000000000000000000000000000033
:107D50000000000000000000000000000000000023
:107D60000000000000000000000000000000000013
:107D70000000000000000000000000000000000003
:107D800000000000000000000000000000000000F3
:107D900000000000000000000000000000000000E3
:107DA00000000000000000000000000000000000D3
:107DB00000000000000000000000000000000000C3
:107DC00000000000000000000000000000000000B3
:107DD00000000000000000000000000000000000A3
:107DE0000000000000000000000000000000000093
:107DF0000000000000000000000000000000000083
:107E00000000000000000000000000000000000072
:107E10000000000000000000000000000000000062
:107E20000000000000000000000000000000000052
:107E30000000000000000000000000000000000042
:107E40000000000000000000000000000000000032
:107E50000000000000000000000000000000000022
:107E60000000000000000000000000000000000012
:107E70000000000000000000000000000000000002
:107E800000000000000000000000000000000000F2
:107E900000000000000000000000000000000000E2
:107EA00000000000000000000000000000000000D2
:107EB00000000000000000000000000000000000C2
:107EC00000000000000000000000000000000000B2
:107ED00000000000000000000000000000000000A2
:107EE0000000000000000000000000000000000092
:107EF0000000000000000000000000000000000082
:107F00000000000000000000000000000000000071
:107F10000000000000000000000000000000000061
:107F20000000000000000000000000000000000051
:107F30000000000000000000000000000000000041
:107F40000000000000000000000000000000000031
:107F50000000000000000000000000000000000021
:107F60000000000000000000000000000000000011
:107F70000000000000000000000000000000000001
:107F800000000000000000000000000000000000F1
:107F900000000000000000000000000000000000E1
:107FA00000000000000000000000000000000000D1
:107FB00000000000000000000000000000000000C1
:107FC00000000000000000000000000000000000B1
:107FD00000000000000000000000000000000000A1
:107FE0000000000000000000000000000000000091
:107FF0000000000000000000000000000000000081
:108000001E0C00001E0C10001E0C20001E0C300068
:108010001E0C40001E0C50001E0C60001E0C700058
:108020001E0C80001E0C90001E0CA0001E0CB00048
:108030001E0CC0001E0CD0001E0CE0001E0CF00038
:108040001E0C00011E0C10011E0C20011E0C300124
:108050001E0C40011E0C50011E0C60011E0C700114
:108060001E0C80011E0C90011E0CA0011E0CB00104
:108070001E0CC0011E0CD0011E0CE0011E0CF001F4
:108080001E0C00021E0C10021E0C20021E0C3002E0
:108090001E0C40021E0C50021E0C60021E0C7002D0
:1080A0001E0C80021E0C90021E0CA0021E0CB002C0
:1080B0001E0CC0021E0CD0021E0CE0021E0CF002B0
:1080C0001E0C00031E0C10031E0C20031E0C30039C
:1080D0001E0C40031E0C50031E0C60031E0C70038C
:1080E0001E0C80031E0C90031E0CA0031E0CB0037C
:1080F0001E0CC0031E0CD0031E0CE0031E0CF0036C
:108100001E0C00041E0C10041E0C20041E0C300457
:108110001E0C40041E0C50041E0C60041E0C700447
:108120001E0C80041E0C90041E0CA0041E0CB00437
:108130001E0CC0041E0CD0041E0CE0041E0CF00427
:108140001E0C00051E0C10051E0C20051E0C300513
:108150001E0C40051E0C50051E0C60051E0C700503
:108160001E0C80051E0C90051E0CA0051E0CB005F3
:108170001E0CC0051E0CD0051E0CE0051E0CF005E3
:108180001E0C00061E0C10061E0C20061E0C3006CF
:108190001E0C40061E0C50061E0C60061E0C7006BF
:1081A0001E0C80061E0C90061E0CA0061E0CB006AF
:1081B0001E0CC0061E0CD0061E0CE0061E0CF0069F
:1081C0001E0C00071E0C10071E0C20071E0C30078B
:1081D0001E0C40071E0C50071E0C60071E0C70077B
:1081E0001E0C80071E0C90071E0CA0071E0CB0076B
:1081F0001E0CC0071E0CD0071E0CE0071E0CF0075B
:108200001E0C00081E0C10081E0C20081E0C300846
:108210001E0C40081E0C50081E0C60081E0C700836
:108220001E0C80081E0C90081E0CA0081E0CB00826
:108230001E0CC0081E0CD0081E0CE0081E0CF00816
:108240001E0C00091E0C10091E0C20091E0C300902
:108250001E0C40091E0C50091E0C60091E0C7009F2
:108260001E0C80091E0C90091E0CA0091E0CB009E2
:108270001E0CC0091E0CD0091E0CE0091E0CF009D2
:108280001E0C000A1E0C100A1E0C200A1E0C300ABE
:108290001E0C400A1E0C500A1E0C600A1E0C700AAE
:1082A0001E0C800A1E0C900A1E0CA00A1E0CB00A9E
:1082B0001E0CC00A1E0CD00A1E0CE00A1E0CF00A8E
:1082C0001E0C000B1E0C100B1E0C200B1E0C300B7A
:1082D0001E0C400B1E0C500B1E0C600B1E0C700B6A
:1082E0001E0C800B1E0C900B1E0CA00B1E0CB00B5A
:1082F0001E0CC00B1E0CD00B1E0CE00B1E0CF00B4A
:108300001E0C000C1E0C100C1E0C200C1E0C300C35
:108310001E0C400C1E0C500C1E0C600C1E0C700C25
:108320001E0C800C1E0C900C1E0CA00C1E0CB00C15
:108330001E0CC00C1E0CD00C1E0CE00C1E0CF00C05
:108340001E0C000D1E0C100D1E0C200D1E0C300DF1
:108350001E0C400D1E0C500D1E0C600D1E0C700DE1
:108360001E0C800D1E0C900D1E0CA00D1E0CB00DD1
:108370001E0CC00D1E0CD00D1E0CE00D1E0CF00DC1
:108380001E0C000E1E0C100E1E0C200E1E0C300EAD
:108390001E0C400E1E0C500E1E0C600E1E0C700E9D
:1083A0001E0C800E1E0C900E1E0CA00E1E0CB00E8D
:1083B0001E0CC00E1E0CD00E1E0CE00E1E0CF00E7D
:1083C0001E0C000F1E0C100F1E0C200F1E0C300F69
:1083D0001E0C400F1E0C500F1E0C600F1E0C700F59
:1083E0001E0C800F1E0C900F1E0CA00F1E0CB00F49
:1083F0001E0CC00F1E0CD00F1E0CE00F1E0CF00F39
:108400001E0C00101E0C10101E0C20101E0C301024
:108410001E0C40101E0C50101E0C60101E0C701014
:108420001E0C80101E0C90101E0CA0101E0CB01004
:108430001E0CC0101E0CD0101E0CE0101E0CF010F4
:108440001E0C00111E0C10111E0C20111E0C3011E0
:108450001E0C40111E0C50111E0C60111E0C7011D0
:108460001E0C80111E0C90111E0CA0111E0CB011C0
:108470001E0CC0111E0CD0111E0CE0111E0CF011B0
:108480001E0C00121E0C10121E0C20121E0C30129C
:108490001E0C40121E0C50121E0C60121E0C70128C
:1084A0001E0C80121E0C90121E0CA0121E0CB0127C
:1084B0001E0CC0121E0CD0121E0CE0121E0CF0126C
:1084C0001E0C00131E0C10131E0C20131E0C301358
:1084D0001E0C40131E0C50131E0C60131E0C701348
:1084E0001E0C80131E0C90131E0CA0131E0CB01338
:1084F0001E0CC0131E0CD0131E0CE0131E0CF01328
:108500001E0C00141E0C10141E0C20141E0C301413
:108510001E0C40141E0C50141E0C60141E0C701403
:108520001E0C80141E0C90141E0CA0141E0CB014F3
:108530001E0CC0141E0CD0141E0CE0141E0CF014E3
:108540001E0C00151E0C10151E0C20151E0C3015CF
:108550001E0C40151E0C50151E0C60151E0C7015BF
:108560001E0C80151E0C90151E0CA0151E0CB015AF
:108570001E0CC0151E0CD0151E0CE0151E0CF0159F
:108580001E0C00161E0C10161E0C20161E0C30168B
:108590001E0C40161E0C50161E0C60161E0C70167B
:1085A0001E0C80161E0C90161E0CA0161E0CB0166B
:1085B0001E0CC0161E0CD0161E0CE0161E0CF0165B
:1085C0001E0C00171E0C10171E0C20171E0C301747
:1085D0001E0C40171E0C50171E0C60171E0C701737
:1085E0001E0C80171E0C90171E0CA0171E0CB01727
:1085F0001E0CC0171E0CD0171E0CE0171E0CF01717
:108600001E0C00181E0C10181E0C20181E0C301802
:108610001E0C40181E0C50181E0C60181E0C7018F2
:108620001E0C80181E0C90181E0CA0181E0CB018E2
:108630001E0CC0181E0CD0181E0CE0181E0CF018D2
:108640001E0C00191E0C10191E0C20191E0C3019BE
:108650001E0C40191E0C50191E0C60191E0C7019AE
:108660001E0C80191E0C90191E0CA0191E0CB0199E
:108670001E0CC0191E0CD0191E0CE0191E0CF0198E
:108680001E0C001A1E0C101A1E0C201A1E0C301A7A
:108690001E0C401A1E0C501A1E0C601A1E0C701A6A
:1086A0001E0C801A1E0C901A1E0CA01A1E0CB01A5A
:1086B0001E0CC01A1E0CD01A1E0CE01A1E0CF01A4A
:1086C0001E0C001B1E0C101B1E0C201B1E0C301B36
:1086D0001E0C401B1E0C501B1E0C601B1E0C701B26
:1086E0001E0C801B1E0C901B1E0CA01B1E0CB01B16
:1086F0001E0CC01B1E0CD01B1E0CE01B1E0CF01B06
:108700001E0C001C1E0C101C1E0C201C1E0C301CF1
:108710001E0C401C1E0C501C1E0C601C1E0C701CE1
:108720001E0C801C1E0C901C1E0CA01C1E0CB01CD1
:108730001E0CC01C1E0CD01C1E0CE01C1E0CF01CC1
:108740001E0C001D1E0C101D1E0C201D1E0C301DAD
:108750001E0C401D1E0C501D1E0C601D1E0C701D9D
:108760001E0C801D1E0C901D1E0CA01D1E0CB01D8D
:108770001E0CC01D1E0CD01D1E0CE01D1E0CF01D7D
:108780001E0C001E1E0C101E1E0C201E1E0C301E69
:108790001E0C401E1E0C501E1E0C601E1E0C701E59
:1087A0001E0C801E1E0C901E1E0CA01E1E0CB01E49
:1087B0001E0CC01E1E0CD01E1E0CE01E1E0CF01E39
:1087C0001E0C001F1E0C101F1E0C201F1E0C301F25
:1087D0001E0C401F1E0C501F1E0C601F1E0C701F15
:1087E0001E0C801F1E0C901F1E0CA01F1E0CB01F05
:1087F0001E0CC01F1E0CD01F1E0CE01F1E0CF01FF5
:108800001E0C00201E0C10201E0C20201E0C3020E0
:108810001E0C40201E0C50201E0C60201E0C7020D0
:108820001E0C80201E0C90201E0CA0201E0CB020C0
:108830001E0CC0201E0CD0201E0CE0201E0CF020B0
:108840001E0C00211E0C10211E0C20211E0C30219C
:108850001E0C40211E0C50211E0C60211E0C70218C
:108860001E0C80211E0C90211E0CA0211E0CB0217C
:108870001E0CC0211E0CD0211E0CE0211E0CF0216C
:108880001E0C00221E0C10221E0C20221E0C302258
:108890001E0C40221E0C50221E0C60221E0C702248
:1088A0001E0C80221E0C90221E0CA0221E0CB02238
:1088B0001E0CC0221E0CD0221E0CE0221E0CF02228
:1088C0001E0C00231E0C10231E0C20231E0C302314
:1088D0001E0C40231E0C50231E0C60231E0C702304
:1088E0001E0C80231E0C90231E0CA0231E0CB023F4
:1088F0001E0CC0231E0CD0231E0CE0231E0CF023E4
:108900001E0C00241E0C10241E0C20241E0C3024CF
:108910001E0C40241E0C50241E0C60241E0C7024BF
:108920001E0C80241E0C90241E0CA0241E0CB024AF
:108930001E0CC0241E0CD0241E0CE0241E0CF0249F
:108940001E0C00251E0C10251E0C20251E0C30258B
:108950001E0C40251E0C50251E0C60251E0C70257B
:108960001E0C80251E0C90251E0CA0251E0CB0256B
:108970001E0CC0251E0CD0251E0CE0251E0CF0255B
:108980001E0C00261E0C10261E0C20261E0C302647
:108990001E0C40261E0C50261E0C60261E0C702637
:1089A0001E0C80261E0C90261E0CA0261E0CB02627
:1089B0001E0CC0261E0CD0261E0CE0261E0CF02617
:1089C0001E0C00271E0C10271E0C20271E0C302703
:1089D0001E0C40271E0C50271E0C60271E0C7027F3
:1089E0001E0C80271E0C90271E0CA0271E0CB027E3
:1089F0001E0CC0271E0CD0271E0CE0271E0CF027D3
:108A00001E0C00281E0C10281E0C20281E0C3028BE
:108A10001E0C40281E0C50281E0C60281E0C7028AE
:108A20001E0C80281E0C90281E0CA0281E0CB0289E
:108A30001E0CC0281E0CD0281E0CE0281E0CF0288E
:108A40001E0C00291E0C10291E0C20291E0C30297A
:108A50001E0C40291E0C50291E0C60291E0C70296A
:108A60001E0C80291E0C90291E0CA0291E0CB0295A
:108A70001E0CC0291E0CD0291E0CE0291E0CF0294A
:108A80001E0C002A1E0C102A1E0C202A1E0C302A36
:108A90001E0C402A1E0C502A1E0C602A1E0C702A26
:108AA0001E0C802A1E0C902A1E0CA02A1E0CB02A16
:108AB0001E0CC02A1E0CD02A1E0CE02A1E0CF02A06
:108AC0001E0C002B1E0C102B1E0C202B1E0C302BF2
:108AD0001E0C402B1E0C502B1E0C602B1E0C702BE2
:108AE0001E0C802B1E0C902B1E0CA02B1E0CB02BD2
:108AF0001E0CC02B1E0CD02B1E0CE02B1E0CF02BC2
:108B00001E0C002C1E0C102C1E0C202C1E0C302CAD
:108B10001E0C402C1E0C502C1E0C602C1E0C702C9D
:108B20001E0C802C1E0C902C1E0CA02C1E0CB02C8D
:108B30001E0CC02C1E0CD02C1E0CE02C1E0CF02C7D
:108B40001E0C002D1E0C102D1E0C202D1E0C302D69
:108B50001E0C402D1E0C502D1E0C602D1E0C702D59
:108B60001E0C802D1E0C902D1E0CA02D1E0CB02D49
:108B70001E0CC02D1E0CD02D1E0CE02D1E0CF02D39
:108B80001E0C002E1E0C102E1E0C202E1E0C302E25
:108B90001E0C402E1E0C502E1E0C602E1E0C702E15
:108BA0001E0C802E1E0C902E1E0CA02E1E0CB02E05
:108BB0001E0CC02E1E0CD02E1E0CE02E1E0CF02EF5
:108BC0001E0C002F1E0C102F1E0C202F1E0C302FE1
:108BD0001E0C402F1E0C502F1E0C602F1E0C702FD1
:108BE0001E0C802F1E0C902F1E0CA02F1E0CB02FC1
:108BF0001E0CC02F1E0CD02F1E0CE02F1E0CF02FB1
:108C00001E0C00301E0C10301E0C20301E0C30309C
:108C10001E0C40301E0C50301E0C60301E0C70308C
:108C20001E0C80301E0C90301E0CA0301E0CB0307C
:108C30001E0CC0301E0CD0301E0CE0301E0CF0306C
:108C40001E0C00311E0C10311E0C20311E0C303158
:108C50001E0C40311E0C50311E0C60311E0C703148
:108C60001E0C80311E0C90311E0CA0311E0CB03138
:108C70001E0CC0311E0CD0311E0CE0311E0CF03128
:108C80001E0C00321E0C10321E0C20321E0C303214
:108C90001E0C40321E0C50321E0C60321E0C703204
:108CA0001E0C80321E0C90321E0CA0321E0CB032F4
:108CB0001E0CC0321E0CD0321E0CE0321E0CF032E4
:108CC0001E0C00331E0C10331E0C20331E0C3033D0
:108CD0001E0C40331E0C50331E0C60331E0C7033C0
:108CE0001E0C80331E0C90331E0CA0331E0CB033B0
:108CF0001E0CC0331E0CD0331E0CE0331E0CF033A0
:108D00001E0C00341E0C10341E0C20341E0C30348B
:108D10001E0C40341E0C50341E0C60341E0C70347B
:108D20001E0C80341E0C90341E0CA0341E0CB0346B
:108D30001E0CC0341E0CD0341E0CE0341E0CF0345B
:108D40001E0C00351E0C10351E0C20351E0C303547
:108D50001E0C40351E0C50351E0C60351E0C703537
:108D60001E0C80351E0C90351E0CA0351E0CB03527
:108D70001E0CC0351E0CD0351E0CE0351E0CF03517
:108D80001E0C00361E0C10361E0C20361E0C303603
:108D90001E0C40361E0C50361E0C60361E0C7036F3
:108DA0001E0C80361E0C90361E0CA0361E0CB036E3
:108DB0001E0CC0361E0CD0361E0CE0361E0CF036D3
:108DC0001E0C00371E0C10371E0C20371E0C3037BF
:108DD0001E0C40371E0C50371E0C60371E0C7037AF
:108DE0001E0C80371E0C90371E0CA0371E0CB0379F
:108DF0001E0CC0371E0CD0371E0CE0371E0CF0378F
:108E00001E0C00381E0C10381E0C20381E0C30387A
:108E10001E0C40381E0C50381E0C60381E0C70386A
:108E20001E0C80381E0C90381E0CA0381E0CB0385A
:108E30001E0CC0381E0CD0381E0CE0381E0CF0384A
:108E40001E0C00391E0C10391E0C20391E0C303936
:108E50001E0C40391E0C50391E0C60391E0C703926
:108E60001E0C80391E0C90391E0CA0391E0CB03916
:108E70001E0CC0391E0CD0391E0CE0391E0CF03906
:108E80001E0C003A1E0C103A1E0C203A1E0C303AF2
:108E90001E0C403A1E0C503A1E0C603A1E0C703AE2
:108EA0001E0C803A1E0C903A1E0CA03A1E0CB03AD2
:108EB0001E0CC03A1E0CD03A1E0CE03A1E0CF03AC2
:108EC0001E0C003B1E0C103B1E0C203B1E0C303BAE
:108ED0001E0C403B1E0C503B1E0C603B1E0C703B9E
:108EE0001E0C803B1E0C903B1E0CA03B1E0CB03B8E
:108EF0001E0CC03B1E0CD03B1E0CE03B1E0CF03B7E
:108F00001E0C003C1E0C103C1E0C203C1E0C303C69
:108F10001E0C403C1E0C503C1E0C603C1E0C703C59
:108F20001E0C803C1E0C903C1E0CA03C1E0CB03C49
:108F30001E0CC03C1E0CD03C1E0CE03C1E0CF03C39
:108F40001E0C003D1E0C103D1E0C203D1E0C303D25
:108F50001E0C403D1E0C503D1E0C603D1E0C703D15
:108F60001E0C803D1E0C903D1E0CA03D1E0CB03D05
:108F70001E0CC03D1E0CD03D1E0CE03D1E0CF03DF5
:108F80001E0C003E1E0C103E1E0C203E1E0C303EE1
:108F90001E0C403E1E0C503E1E0C603E1E0C703ED1
:108FA0001E0C803E1E0C903E1E0CA03E1E0CB03EC1
:108FB0001E0CC03E1E0CD03E1E0CE03E1E0CF03EB1
:108FC0001E0C003F1E0C103F1E0C203F1E0C303F9D
:108FD0001E0C403F1E0C503F1E0C603F1E0C703F8D
:108FE0001E0C803F1E0C903F1E0CA03F1E0CB03F7D
:108FF0001E0CC03F1E0CD03F1E0CE03F1E0CF03F6D
:109000001E0C00401E0C10401E0C20401E0C304058
:109010001E0C40401E0C50401E0C60401E0C704048
:109020001E0C80401E0C90401E0CA0401E0CB04038
:109030001E0CC0401E0CD0401E0CE0401E0CF04028
:109040001E0C00411E0C10411E0C20411E0C304114
:109050001E0C40411E0C50411E0C60411E0C704104
:109060001E0C80411E0C90411E0CA0411E0CB041F4
:109070001E0CC0411E0CD0411E0CE0411E0CF041E4
:109080001E0C00421E0C10421E0C20421E0C3042D0
:109090001E0C40421E0C50421E0C60421E0C7042C0
:1090A0001E0C80421E0C90421E0CA0421E0CB042B0
:1090B0001E0CC0421E0CD0421E0CE0421E0CF042A0
:1090C0001E0C00431E0C10431E0C20431E0C30438C
:1090D0001E0C40431E0C50431E0C60431E0C70437C
:1090E0001E0C80431E0C90431E0CA0431E0CB0436C
:1090F0001E0CC0431E0CD0431E0CE0431E0CF0435C
:109100001E0C00441E0C10441E0C20441E0C304447
:109110001E0C40441E0C50441E0C60441E0C704437
:109120001E0C80441E0C90441E0CA0441E0CB04427
:109130001E0CC0441E0CD0441E0CE0441E0CF04417
:109140001E0C00451E0C10451E0C20451E0C304503
:109150001E0C40451E0C50451E0C60451E0C7045F3
:109160001E0C80451E0C90451E0CA0451E0CB045E3
:109170001E0CC0451E0CD0451E0CE0451E0CF045D3
:109180001E0C00461E0C10461E0C20461E0C3046BF
:109190001E0C40461E0C50461E0C60461E0C7046AF
:1091A0001E0C80461E0C90461E0CA0461E0CB0469F
:1091B0001E0CC0461E0CD0461E0CE0461E0CF0468F
:1091C0001E0C00471E0C10471E0C20471E0C30477B
:1091D0001E0C40471E0C50471E0C60471E0C70476B
:1091E0001E0C80471E0C90471E0CA0471E0CB0475B
:1091F0001E0CC0471E0CD0471E0CE0471E0CF0474B
:109200001E0C00481E0C10481E0C20481E0C304836
:109210001E0C40481E0C50481E0C60481E0C704826
:109220001E0C80481E0C90481E0CA0481E0CB04816
:109230001E0CC0481E0CD0481E0CE0481E0CF04806
:109240001E0C00491E0C10491E0C20491E0C3049F2
:109250001E0C40491E0C50491E0C60491E0C7049E2
:109260001E0C80491E0C90491E0CA0491E0CB049D2
:109270001E0CC0491E0CD0491E0CE0491E0CF049C2
:109280001E0C004A1E0C104A1E0C204A1E0C304AAE
:109290001E0C404A1E0C504A1E0C604A1E0C704A9E
:1092A0001E0C804A1E0C904A1E0CA04A1E0CB04A8E
:1092B0001E0CC04A1E0CD04A1E0CE04A1E0CF04A7E
:1092C0001E0C004B1E0C104B1E0C204B1E0C304B6A
:1092D0001E0C404B1E0C504B1E0C604B1E0C704B5A
:1092E0001E0C804B1E0C904B1E0CA04B1E0CB04B4A
:1092F0001E0CC04B1E0CD04B1E0CE04B1E0CF04B3A
:109300001E0C004C1E0C104C1E0C204C1E0C304C25
:109310001E0C404C1E0C504C1E0C604C1E0C704C15
:109320001E0C804C1E0C904C1E0CA04C1E0CB04C05
:109330001E0CC04C1E0CD04C1E0CE04C1E0CF04CF5
:109340001E0C004D1E0C104D1E0C204D1E0C304DE1
:109350001E0C404D1E0C504D1E0C604D1E0C704DD1
:109360001E0C804D1E0C904D1E0CA04D1E0CB04DC1
:109370001E0CC04D1E0CD04D1E0CE04D1E0CF04DB1
:109380001E0C004E1E0C104E1E0C204E1E0C304E9D
:109390001E0C404E1E0C504E1E0C604E1E0C704E8D
:1093A0001E0C804E1E0C904E1E0CA04E1E0CB04E7D
:1093B0001E0CC04E1E0CD04E1E0CE04E1E0CF04E6D
:1093C0001E0C004F1E0C104F1E0C204F1E0C304F59
:1093D0001E0C404F1E0C504F1E0C604F1E0C704F49
:1093E0001E0C804F1E0C904F1E0CA04F1E0CB04F39
:1093F0001E0CC04F1E0CD04F1E0CE04F1E0CF04F29
:109400001E0C00501E0C10501E0C20501E0C305014
:109410001E0C40501E0C50501E0C60501E0C705004
:109420001E0C80501E0C90501E0CA0501E0CB050F4
:109430001E0CC0501E0CD0501E0CE0501E0CF050E4
:109440001E0C00511E0C10511E0C20511E0C3051D0
:109450001E0C40511E0C50511E0C60511E0C7051C0
:109460001E0C80511E0C90511E0CA0511E0CB051B0
:109470001E0CC0511E0CD0511E0CE0511E0CF051A0
:109480001E0C00521E0C10521E0C20521E0C30528C
:109490001E0C40521E0C50521E0C60521E0C70527C
:1094A0001E0C80521E0C90521E0CA0521E0CB0526C
:1094B0001E0CC0521E0CD0521E0CE0521E0CF0525C
:1094C0001E0C00531E0C10531E0C20531E0C305348
:1094D0001E0C40531E0C50531E0C60531E0C705338
:1094E0001E0C80531E0C90531E0CA0531E0CB05328
:1094F0001E0CC0531E0CD0531E0CE0531E0CF05318
:109500001E0C00541E0C10541E0C20541E0C305403
:109510001E0C40541E0C50541E0C60541E0C7054F3
:109520001E0C80541E0C90541E0CA0541E0CB054E3
:109530001E0CC0541E0CD0541E0CE0541E0CF054D3
:109540001E0C00551E0C10551E0C20551E0C3055BF
:109550001E0C40551E0C50551E0C60551E0C7055AF
:109560001E0C80551E0C90551E0CA0551E0CB0559F
:109570001E0CC0551E0CD0551E0CE0551E0CF0558F
:109580001E0C00561E0C10561E0C20561E0C30567B
:109590001E0C40561E0C50561E0C60561E0C70566B
:1095A0001E0C80561E0C90561E0CA0561E0CB0565B
:1095B0001E0CC0561E0CD0561E0CE0561E0CF0564B
:1095C0001E0C00571E0C10571E0C20571E0C305737
:1095D0001E0C40571E0C50571E0C60571E0C705727
:1095E0001E0C80571E0C90571E0CA0571E0CB05717
:1095F0001E0CC0571E0CD0571E0CE0571E0CF05707
:109600001E0C00581E0C10581E0C20581E0C3058F2
:109610001E0C40581E0C50581E0C60581E0C7058E2
:109620001E0C80581E0C90581E0CA0581E0CB058D2
:109630001E0CC0581E0CD0581E0CE0581E0CF058C2
:109640001E0C00591E0C10591E0C20591E0C3059AE
:109650001E0C40591E0C50591E0C60591E0C70599E
:109660001E0C80591E0C90591E0CA0591E0CB0598E
:109670001E0CC0591E0CD0591E0CE0591E0CF0597E
:109680001E0C005A1E0C105A1E0C205A1E0C305A6A
:109690001E0C405A1E0C505A1E0C605A1E0C705A5A
:1096A0001E0C805A1E0C905A1E0CA05A1E0CB05A4A
:1096B0001E0CC05A1E0CD05A1E0CE05A1E0CF05A3A
:1096C0001E0C005B1E0C105B1E0C205B1E0C305B26
:1096D0001E0C405B1E0C505B1E0C605B1E0C705B16
:1096E0001E0C805B1E0C905B1E0CA05B1E0CB05B06
:1096F0001E0CC05B1E0CD05B1E0CE05B1E0CF05BF6
:109700001E0C005C1E0C105C1E0C205C1E0C305CE1
:109710001E0C405C1E0C505C1E0C605C1E0C705CD1
:109720001E0C805C1E0C905C1E0CA05C1E0CB05CC1
:109730001E0CC05C1E0CD05C1E0CE05C1E0CF05CB1
:109740001E0C005D1E0C105D1E0C205D1E0C305D9D
:109750001E0C405D1E0C505D1E0C605D1E0C705D8D
:109760001E0C805D1E0C905D1E0CA05D1E0CB05D7D
:109770001E0CC05D1E0CD05D1E0CE05D1E0CF05D6D
:109780001E0C005E1E0C105E1E0C205E1E0C305E59
:109790001E0C405E1E0C505E1E0C605E1E0C705E49
:1097A0001E0C805E1E0C905E1E0CA05E1E0CB05E39
:1097B0001E0CC05E1E0CD05E1E0CE05E1E0CF05E29
:1097C0001E0C005F1E0C105F1E0C205F1E0C305F15
:1097D0001E0C405F1E0C505F1E0C605F1E0C705F05
:1097E0001E0C805F1E0C905F1E0CA05F1E0CB05FF5
:1097F0001E0CC05F1E0CD05F1E0CE05F1E0CF05FE5
:10980000120C0060120C1060120C2060120C306000
:10981000120C4060120C5060120C6060120C7060F0
:10982000120C8060120C9060120CA060120CB060E0
:10983000120CC060120CD060120CE060120CF060D0
:10984000120C0061120C1061120C2061120C3061BC
:10985000120C4061120C5061120C6061120C7061AC
:10986000120C8061120C9061120CA061120CB0619C
:10987000120CC061120CD061120CE061120CF0618C
:10988000120C0062120C1062120C2062120C306278
:10989000120C4062120C5062120C6062120C706268
:1098A000120C8062120C9062120CA062120CB06258
:1098B000120CC062120CD062120CE062120CF06248
:1098C000120C0063120C1063120C2063120C306334
:1098D000120C4063120C5063120C6063120C706324
:1098E000120C8063120C9063120CA063120CB06314
:1098F000120CC063120CD063120CE063120CF06304
:10990000120C0064120C1064120C2064120C3064EF
:10991000120C4064120C5064120C6064120C7064DF
:10992000120C8064120C9064120CA064120CB064CF
:10993000120CC064120CD064120CE064120CF064BF
:10994000120C0065120C1065120C2065120C3065AB
:10995000120C4065120C5065120C6065120C70659B
:10996000120C8065120C9065120CA065120CB0658B
:10997000120CC065120CD065120CE065120CF0657B
:10998000120C0066120C1066120C2066120C306667
:10999000120C4066120C5066120C6066120C706657
:1099A000120C8066120C9066120CA066120CB06647
:1099B000120CC066120CD066120CE066120CF06637
:1099C000120C0067120C1067120C2067120C306723
:1099D000120C4067120C5067120C6067120C706713
:1099E000120C8067120C9067120CA067120CB06703
:1099F000120CC067120CD067120CE067120CF067F3
:109A0000120C0068120C1068120C2068120C3068DE
:109A1000120C4068120C5068120C6068120C7068CE
:109A2000120C8068120C9068120CA068120CB068BE
:109A3000120CC068120CD068120CE068120CF068AE
:109A4000120C0069120C1069120C2069120C30699A
:109A5000120C4069120C5069120C6069120C70698A
:109A6000120C8069120C9069120CA069120CB0697A
:109A7000120CC069120CD069120CE069120CF0696A
:109A8000120C006A120C106A120C206A120C306A56
:109A9000120C406A120C506A120C606A120C706A46
:109AA000120C806A120C906A120CA06A120CB06A36
:109AB000120CC06A120CD06A120CE06A120CF06A26
:109AC000120C006B120C106B120C206B120C306B12
:109AD000120C406B120C506B120C606B120C706B02
:109AE000120C806B120C906B120CA06B120CB06BF2
:109AF000120CC06B120CD06B120CE06B120CF06BE2
:109B0000120C006C120C106C120C206C120C306CCD
:109B1000120C406C120C506C120C606C120C706CBD
:109B2000120C806C120C906C120CA06C120CB06CAD
:109B3000120CC06C120CD06C120CE06C120CF06C9D
:109B4000120C006D120C106D120C206D120C306D89
:109B5000120C406D120C506D120C606D120C706D79
:109B6000120C806D120C906D120CA06D120CB06D69
:109B7000120CC06D120CD06D120CE06D120CF06D59
:109B8000120C006E120C106E120C206E120C306E45
:109B9000120C406E120C506E120C606E120C706E35
:109BA000120C806E120C906E120CA06E120CB06E25
:109BB000120CC06E120CD06E120CE06E120CF06E15
:109BC000120C006F120C106F120C206F120C306F01
:109BD000120C406F120C506F120C606F120C706FF1
:109BE000120C806F120C906F120CA06F120CB06FE1
:109BF000120CC06F120CD06F120CE06F120CF06FD1
:109C00001E0C00701E0C10701E0C20701E0C30708C
:109C10001E0C40701E0C50701E0C60701E0C70707C
:109C20001E0C80701E0C90701E0CA0701E0CB0706C
:109C30001E0CC0701E0CD0701E0CE0701E0CF0705C
:109C40001E0C00711E0C10711E0C20711E0C307148
:109C50001E0C40711E0C50711E0C60711E0C707138
:109C60001E0C80711E0C90711E0CA0711E0CB07128
:109C70001E0CC0711E0CD0711E0CE0711E0CF07118
:109C80001E0C00721E0C10721E0C20721E0C307204
:109C90001E0C40721E0C50721E0C60721E0C7072F4
:109CA0001E0C80721E0C90721E0CA0721E0CB072E4
:109CB0001E0CC0721E0CD0721E0CE0721E0CF072D4
:109CC0001E0C00731E0C10731E0C20731E0C3073C0
:109CD0001E0C40731E0C50731E0C60731E0C7073B0
:109CE0001E0C80731E0C90731E0CA0731E0CB073A0
:109CF0001E0CC0731E0CD0731E0CE0731E0CF07390
:109D00001E0C00741E0C10741E0C20741E0C30747B
:109D10001E0C40741E0C50741E0C60741E0C70746B
:109D20001E0C80741E0C90741E0CA0741E0CB0745B
:109D30001E0CC0741E0CD0741E0CE0741E0CF0744B
:109D40001E0C00751E0C10751E0C20751E0C307537
:109D50001E0C40751E0C50751E0C60751E0C707527
:109D60001E0C80751E0C90751E0CA0751E0CB07517
:109D70001E0CC0751E0CD0751E0CE0751E0CF07507
:109D80001E0C00761E0C10761E0C20761E0C3076F3
:109D90001E0C40761E0C50761E0C60761E0C7076E3
:109DA0001E0C80761E0C90761E0CA0761E0CB076D3
:109DB0001E0CC0761E0CD0761E0CE0761E0CF076C3
:109DC0001E0C00771E0C10771E0C20771E0C3077AF
:109DD0001E0C40771E0C50771E0C60771E0C70779F
:109DE0001E0C80771E0C90771E0CA0771E0CB0778F
:109DF0001E0CC0771E0CD0771E0CE0771E0CF0777F
:109E00001E0C00781E0C10781E0C20781E0C30786A
:109E10001E0C40781E0C50781E0C60781E0C70785A
:109E20001E0C80781E0C90781E0CA0781E0CB0784A
:109E30001E0CC0781E0CD0781E0CE0781E0CF0783A
:109E40001E0C00791E0C10791E0C20791E0C307926
:109E50001E0C40791E0C50791E0C60791E0C707916
:109E60001E0C80791E0C90791E0CA0791E0CB07906
:109E70001E0CC0791E0CD0791E0CE0791E0CF079F6
:109E80001E0C007A1E0C107A1E0C207A1E0C307AE2
:109E90001E0C407A1E0C507A1E0C607A1E0C707AD2
:109EA0001E0C807A1E0C907A1E0CA07A1E0CB07AC2
:109EB0001E0CC07A1E0CD07A1E0CE07A1E0CF07AB2
:109EC0001E0C007B1E0C107B1E0C207B1E0C307B9E
:109ED0001E0C407B1E0C507B1E0C607B1E0C707B8E
:109EE0001E0C807B1E0C907B1E0CA07B1E0CB07B7E
:109EF0001E0CC07B1E0CD07B1E0CE07B1E0CF07B6E
:109F00001E0C007C1E0C107C1E0C207C1E0C307C59
:109F10001E0C407C1E0C507C1E0C607C1E0C707C49
:109F20001E0C807C1E0C907C1E0CA07C1E0CB07C39
:109F30001E0CC07C1E0CD07C1E0CE07C1E0CF07C29
:109F40001E0C007D1E0C107D1E0C207D1E0C307D15
:109F50001E0C407D1E0C507D1E0C607D1E0C707D05
:109F60001E0C807D1E0C907D1E0CA07D1E0CB07DF5
:109F70001E0CC07D1E0CD07D1E0CE07D1E0CF07DE5
:109F80001E0C007E1E0C107E1E0C207E1E0C307ED1
:109F90001E0C407E1E0C507E1E0C607E1E0C707EC1
:109FA0001E0C807E1E0C907E1E0CA07E1E0CB07EB1
:109FB0001E0CC07E1E0CD07E1E0CE07E1E0CF07EA1
:109FC0001E0C007F1E0C107F1E0C207F1E0C307F8D
:109FD0001E0C407F1E0C507F1E0C607F1E0C707F7D
:109FE0001E0C807F1E0C907F1E0CA07F1E0CB07F6D
:109FF0001E0CC07F1E0CD07F1E0CE07F120CF07F69
:10A00000120C0080120C1080120C2080120C308078
:10A01000120C4080120C5080120C6080120C708068
:10A02000120C8080120C9080120CA080120CB08058
:10A03000120CC080120CD080120CE080120CF08048
:10A04000120C0081120C1081120C2081120C308134
:10A05000120C4081120C5081120C6081120C708124
:10A06000120C8081120C9081120CA081120CB08114
:10A07000120CC081120CD081120CE081120CF08104
:10A08000120C0082120C1082120C2082120C3082F0
:10A09000120C4082120C5082120C6082120C7082E0
:10A0A000120C8082120C9082120CA082120CB082D0
:10A0B000120CC082120CD082120CE082120CF082C0
:10A0C000120C0083120C1083120C2083120C3083AC
:10A0D000120C4083120C5083120C6083120C70839C
:10A0E000120C8083120C9083120CA083120CB0838C
:10A0F000120CC083120CD083120CE083120CF0837C
:10A10000120C0084120C1084120C2084120C308467
:10A11000120C4084120C5084120C6084120C708457
:10A12000120C8084120C9084120CA084120CB08447
:10A13000120CC084120CD084120CE084120CF08437
:10A14000120C0085120C1085120C2085120C308523
:10A15000120C4085120C5085120C6085120C708513
:10A16000120C8085120C9085120CA085120CB08503
:10A17000120CC085120CD085120CE085120CF085F3
:10A18000120C0086120C1086120C2086120C3086DF
:10A19000120C4086120C5086120C6086120C7086CF
:10A1A000120C8086120C9086120CA086120CB086BF
:10A1B000120CC086120CD086120CE086120CF086AF
:10A1C000120C0087120C1087120C2087120C30879B
:10A1D000120C4087120C5087120C6087120C70878B
:10A1E000120C8087120C9087120CA087120CB0877B
:10A1F000120CC087120CD087120CE087120CF0876B
:10A20000120C0088120C1088120C2088120C308856
:10A21000120C4088120C5088120C6088120C708846
:10A22000120C8088120C9088120CA088120CB08836
:10A23000120CC088120CD088120CE088120CF08826
:10A24000120C0089120C1089120C2089120C308912
:10A25000120C4089120C5089120C6089120C708902
:10A26000120C8089120C9089120CA089120CB089F2
:10A27000120CC089120CD089120CE089120CF089E2
:10A28000120C008A120C108A120C208A120C308ACE
:10A29000120C408A120C508A120C608A120C708ABE
:10A2A000120C808A120C908A120CA08A120CB08AAE
:10A2B000120CC08A120CD08A120CE08A120CF08A9E
:10A2C000120C008B120C108B120C208B120C308B8A
:10A2D000120C408B120C508B120C608B120C708B7A
:10A2E000120C808B120C908B120CA08B120CB08B6A
:10A2F000120CC08B120CD08B120CE08B120CF08B5A
:10A30000120C008C120C108C120C208C120C308C45
:10A31000120C408C120C508C120C608C120C708C35
:10A32000120C808C120C908C120CA08C120CB08C25
:10A33000120CC08C120CD08C120CE08C120CF08C15
:10A34000120C008D120C108D120C208D120C308D01
:10A35000120C408D120C508D120C608D120C708DF1
:10A36000120C808D120C908D120CA08D120CB08DE1
:10A37000120CC08D120CD08D120CE08D120CF08DD1
:10A38000120C008E120C108E120C208E120C308EBD
:10A39000120C408E120C508E120C608E120C708EAD
:10A3A000120C808E120C908E120CA08E120CB08E9D
:10A3B000120CC08E120CD08E120CE08E120CF08E8D
:10A3C000120C008F120C108F120C208F120C308F79
:10A3D000120C408F120C508F120C608F120C708F69
:10A3E000120C808F120C908F120CA08F120CB08F59
:10A3F000120CC08F120CD08F120CE08F120CF08F49
:10A40000120C0090120C1090120C2090120C309034
:10A41000120C4090120C5090120C6090120C709024
:10A42000120C8090120C9090120CA090120CB09014
:10A43000120CC090120CD090120CE090120CF09004
:10A44000120C0091120C1091120C2091120C3091F0
:10A45000120C4091120C5091120C6091120C7091E0
:10A46000120C8091120C9091120CA091120CB091D0
:10A47000120CC091120CD091120CE091120CF091C0
:10A48000120C0092120C1092120C2092120C3092AC
:10A49000120C4092120C5092120C6092120C70929C
:10A4A000120C8092120C9092120CA092120CB0928C
:10A4B000120CC092120CD092120CE092120CF0927C
:10A4C000120C0093120C1093120C2093120C309368
:10A4D000120C4093120C5093120C6093120C709358
:10A4E000120C8093120C9093120CA093120CB09348
:10A4F000120CC093120CD093120CE093120CF09338
:10A50000120C0094120C1094120C2094120C309423
:10A51000120C4094120C5094120C6094120C709413
:10A52000120C8094120C9094120CA094120CB09403
:10A53000120CC094120CD094120CE094120CF094F3
:10A54000120C0095120C1095120C2095120C3095DF
:10A55000120C4095120C5095120C6095120C7095CF
:10A56000120C8095120C9095120CA095120CB095BF
:10A57000120CC095120CD095120CE095120CF095AF
:10A58000120C0096120C1096120C2096120C30969B
:10A59000120C4096120C5096120C6096120C70968B
:10A5A000120C8096120C9096120CA096120CB0967B
:10A5B000120CC096120CD096120CE096120CF0966B
:10A5C000120C0097120C1097120C2097120C309757
:10A5D000120C4097120C5097120C6097120C709747
:10A5E000120C8097120C9097120CA097120CB09737
:10A5F000120CC097120CD097120CE097120CF09727
:10A60000120C0098120C1098120C2098120C309812
:10A61000120C4098120C5098120C6098120C709802
:10A62000120C8098120C9098120CA098120CB098F2
:10A63000120CC098120CD098120CE098120CF098E2
:10A64000120C0099120C1099120C2099120C3099CE
:10A65000120C4099120C5099120C6099120C7099BE
:10A66000120C8099120C9099120CA099120CB099AE
:10A67000120CC099120CD099120CE099120CF0999E
:10A68000120C009A120C109A120C209A120C309A8A
:10A69000120C409A120C509A120C609A120C709A7A
:10A6A000120C809A120C909A120CA09A120CB09A6A
:10A6B000120CC09A120CD09A120CE09A120CF09A5A
:10A6C000120C009B120C109B120C209B120C309B46
:10A6D000120C409B120C509B120C609B120C709B36
:10A6E000120C809B120C909B120CA09B120CB09B26
:10A6F000120CC09B120CD09B120CE09B120CF09B16
:10A70000120C009C120C109C120C209C120C309C01
:10A71000120C409C120C509C120C609C120C709CF1
:10A72000120C809C120C909C120CA09C120CB09CE1
:10A73000120CC09C120CD09C120CE09C120CF09CD1
:10A74000120C009D120C109D120C209D120C309DBD
:10A75000120C409D120C509D120C609D120C709DAD
:10A76000120C809D120C909D120CA09D120CB09D9D
:10A77000120CC09D120CD09D120CE09D120CF09D8D
:10A78000120C009E120C109E120C209E120C309E79
:10A79000120C409E120C509E120C609E120C709E69
:10A7A000120C809E120C909E120CA09E120CB09E59
:10A7B000120CC09E120CD09E120CE09E120CF09E49
:10A7C000120C009F120C109F120C209F120C309F35
:10A7D000120C409F120C509F120C609F120C709F25
:10A7E000120C809F120C909F120CA09F120CB09F15
:10A7F000120CC09F120CD09F120CE09F120CF09F05
:10A80000120C00A0120C10A0120C20A0120C30A0F0
:10A81000120C40A0120C50A0120C60A0120C70A0E0
:10A82000120C80A0120C90A0120CA0A0120CB0A0D0
:10A83000120CC0A0120CD0A0120CE0A0120CF0A0C0
:10A84000120C00A1120C10A1120C20A1120C30A1AC
:10A85000120C40A1120C50A1120C60A1120C70A19C
:10A86000120C80A1120C90A1120CA0A1120CB0A18C
:10A87000120CC0A1120CD0A1120CE0A1120CF0A17C
:10A88000120C00A2120C10A2120C20A2120C30A268
:10A89000120C40A2120C50A2120C60A2120C70A258
:10A8A000120C80A2120C90A2120CA0A2120CB0A248
:10A8B000120CC0A2120CD0A2120CE0A2120CF0A238
:10A8C000120C00A3120C10A3120C20A3120C30A324
:10A8D000120C40A3120C50A3120C60A3120C70A314
:10A8E000120C80A3120C90A3120CA0A3120CB0A304
:10A8F000120CC0A3120CD0A3120CE0A3120CF0A3F4
:10A90000120C00A4120C10A4120C20A4120C30A4DF
:10A91000120C40A4120C50A4120C60A4120C70A4CF
:10A92000120C80A4120C90A4120CA0A4120CB0A4BF
:10A93000120CC0A4120CD0A4120CE0A4120CF0A4AF
:10A94000120C00A5120C10A5120C20A5120C30A59B
:10A95000120C40A5120C50A5120C60A5120C70A58B
:10A96000120C80A5120C90A5120CA0A5120CB0A57B
:10A97000120CC0A5120CD0A5120CE0A5120CF0A56B
:10A98000120C00A6120C10A6120C20A6120C30A657
:10A99000120C40A6120C50A6120C60A6120C70A647
:10A9A000120C80A6120C90A6120CA0A6120CB0A637
:10A9B000120CC0A6120CD0A6120CE0A6120CF0A627
:10A9C000120C00A7120C10A7120C20A7120C30A713
:10A9D000120C40A7120C50A7120C60A7120C70A703
:10A9E000120C80A7120C90A7120CA0A7120CB0A7F3
:10A9F000120CC0A7120CD0A7120CE0A7120CF0A7E3
:10AA0000120C00A8120C10A8120C20A8120C30A8CE
:10AA1000120C40A8120C50A8120C60A8120C70A8BE
:10AA2000120C80A8120C90A8120CA0A8120CB0A8AE
:10AA3000120CC0A8120CD0A8120CE0A8120CF0A89E
:10AA4000120C00A9120C10A9120C20A9120C30A98A
:10AA5000120C40A9120C50A9120C60A9120C70A97A
:10AA6000120C80A9120C90A9120CA0A9120CB0A96A
:10AA7000120CC0A9120CD0A9120CE0A9120CF0A95A
:10AA8000120C00AA120C10AA120C20AA120C30AA46
:10AA9000120C40AA120C50AA120C60AA120C70AA36
:10AAA000120C80AA120C90AA120CA0AA120CB0AA26
:10AAB000120CC0AA120CD0AA120CE0AA120CF0AA16
:10AAC000120C00AB120C10AB120C20AB120C30AB02
:10AAD000120C40AB120C50AB120C60AB120C70ABF2
:10AAE000120C80AB120C90AB120CA0AB120CB0ABE2
:10AAF000120CC0AB120CD0AB120CE0AB120CF0ABD2
:10AB0000120C00AC120C10AC120C20AC120C30ACBD
:10AB1000120C40AC120C50AC120C60AC120C70ACAD
:10AB2000120C80AC120C90AC120CA0AC120CB0AC9D
:10AB3000120CC0AC120CD0AC120CE0AC120CF0AC8D
:10AB4000120C00AD120C10AD120C20AD120C30AD79
:10AB5000120C40AD120C50AD120C60AD120C70AD69
:10AB6000120C80AD120C90AD120CA0AD120CB0AD59
:10AB7000120CC0AD120CD0AD120CE0AD120CF0AD49
:10AB8000120C00AE120C10AE120C20AE120C30AE35
:10AB9000120C40AE120C50AE120C60AE120C70AE25
:10ABA000120C80AE120C90AE120CA0AE120CB0AE15
:10ABB000120CC0AE120CD0AE120CE0AE120CF0AE05
:10ABC000120C00AF120C10AF120C20AF120C30AFF1
:10ABD000120C40AF120C50AF120C60AF120C70AFE1
:10ABE000120C80AF120C90AF120CA0AF120CB0AFD1
:10ABF000120CC0AF120CD0AF120CE0AF120CF0AFC1
:10AC0000120C00B0120C10B0120C20B0120C30B0AC
:10AC1000120C40B0120C50B0120C60B0120C70B09C
:10AC2000120C80B0120C90B0120CA0B0120CB0B08C
:10AC3000120CC0B0120CD0B0120CE0B0120CF0B07C
:10AC4000120C00B1120C10B1120C20B1120C30B168
:10AC5000120C40B1120C50B1120C60B1120C70B158
:10AC6000120C80B1120C90B1120CA0B1120CB0B148
:10AC7000120CC0B1120CD0B1120CE0B1120CF0B138
:10AC8000120C00B2120C10B2120C20B2120C30B224
:10AC9000120C40B2120C50B2120C60B2120C70B214
:10ACA000120C80B2120C90B2120CA0B2120CB0B204
:10ACB000120CC0B2120CD0B2120CE0B2120CF0B2F4
:10ACC000120C00B3120C10B3120C20B3120C30B3E0
:10ACD000120C40B3120C50B3120C60B3120C70B3D0
:10ACE000120C80B3120C90B3120CA0B3120CB0B3C0
:10ACF000120CC0B3120CD0B3120CE0B3120CF0B3B0
:10AD0000120C00B4120C10B4120C20B4120C30B49B
:10AD1000120C40B4120C50B4120C60B4120C70B48B
:10AD2000120C80B4120C90B4120CA0B4120CB0B47B
:10AD3000120CC0B4120CD0B4120CE0B4120CF0B46B
:10AD4000120C00B5120C10B5120C20B5120C30B557
:10AD5000120C40B5120C50B5120C60B5120C70B547
:10AD6000120C80B5120C90B5120CA0B5120CB0B537
:10AD7000120CC0B5120CD0B5120CE0B5120CF0B527
:10AD8000120C00B6120C10B6120C20B6120C30B613
:10AD9000120C40B6120C50B6120C60B6120C70B603
:10ADA000120C80B6120C90B6120CA0B6120CB0B6F3
:10ADB000120CC0B6120CD0B6120CE0B6120CF0B6E3
:10ADC000120C00B7120C10B7120C20B7120C30B7CF
:10ADD000120C40B7120C50B7120C60B7120C70B7BF
:10ADE000120C80B7120C90B7120CA0B7120CB0B7AF
:10ADF000120CC0B7120CD0B7120CE0B7120CF0B79F
:10AE0000120C00B8120C10B8120C20B8120C30B88A
:10AE1000120C40B8120C50B8120C60B8120C70B87A
:10AE2000120C80B8120C90B8120CA0B8120CB0B86A
:10AE3000120CC0B8120CD0B8120CE0B8120CF0B85A
:10AE4000120C00B9120C10B9120C20B9120C30B946
:10AE5000120C40B9120C50B9120C60B9120C70B936
:10AE6000120C80B9120C90B9120CA0B9120CB0B926
:10AE7000120CC0B9120CD0B9120CE0B9120CF0B916
:10AE8000120C00BA120C10BA120C20BA120C30BA02
:10AE9000120C40BA120C50BA120C60BA120C70BAF2
:10AEA000120C80BA120C90BA120CA0BA120CB0BAE2
:10AEB000120CC0BA120CD0BA120CE0BA120CF0BAD2
:10AEC000120C00BB120C10BB120C20BB120C30BBBE
:10AED000120C40BB120C50BB120C60BB120C70BBAE
:10AEE000120C80BB120C90BB120CA0BB120CB0BB9E
:10AEF000120CC0BB120CD0BB120CE0BB120CF0BB8E
:10AF0000120C00BC120C10BC120C20BC120C30BC79
:10AF1000120C40BC120C50BC120C60BC120C70BC69
:10AF2000120C80BC120C90BC120CA0BC120CB0BC59
:10AF3000120CC0BC120CD0BC120CE0BC120CF0BC49
:10AF4000120C00BD120C10BD120C20BD120C30BD35
:10AF5000120C40BD120C50BD120C60BD120C70BD25
:10AF6000120C80BD120C90BD120CA0BD120CB0BD15
:10AF7000120CC0BD120CD0BD120CE0BD120CF0BD05
:10AF8000120C00BE120C10BE120C20BE120C30BEF1
:10AF9000120C40BE120C50BE120C60BE120C70BEE1
:10AFA000120C80BE120C90BE120CA0BE120CB0BED1
:10AFB000120CC0BE120CD0BE120CE0BE120CF0BEC1
:10AFC000120C00BF120C10BF120C20BF120C30BFAD
:10AFD000120C40BF120C50BF120C60BF120C70BF9D
:10AFE000120C80BF120C90BF120CA0BF120CB0BF8D
:10AFF000120CC0BF120CD0BF120CE0BF120CF0BF7D
:10B000001E0C00C01E0C10C01E0C20C01E0C30C038
:10B010001E0C40C01E0C50C01E0C60C01E0C70C028
:10B020001E0C80C01E0C90C01E0CA0C01E0CB0C018
:10B030001E0CC0C01E0CD0C01E0CE0C01E0CF0C008
:10B040001E0C00C11E0C10C11E0C20C11E0C30C1F4
:10B050001E0C40C11E0C50C11E0C60C11E0C70C1E4
:10B060001E0C80C11E0C90C11E0CA0C11E0CB0C1D4
:10B070001E0CC0C11E0CD0C11E0CE0C11E0CF0C1C4
:10B080001E0C00C21E0C10C21E0C20C21E0C30C2B0
:10B090001E0C40C21E0C50C21E0C60C21E0C70C2A0
:10B0A0001E0C80C21E0C90C21E0CA0C21E0CB0C290
:10B0B0001E0CC0C21E0CD0C21E0CE0C21E0CF0C280
:10B0C0001E0C00C31E0C10C31E0C20C31E0C30C36C
:10B0D0001E0C40C31E0C50C31E0C60C31E0C70C35C
:10B0E0001E0C80C31E0C90C31E0CA0C31E0CB0C34C
:10B0F0001E0CC0C31E0CD0C31E0CE0C31E0CF0C33C
:10B100001E0C00C41E0C10C41E0C20C41E0C30C427
:10B110001E0C40C41E0C50C41E0C60C41E0C70C417
:10B120001E0C80C41E0C90C41E0CA0C41E0CB0C407
:10B130001E0CC0C41E0CD0C41E0CE0C41E0CF0C4F7
:10B140001E0C00C51E0C10C51E0C20C51E0C30C5E3
:10B150001E0C40C51E0C50C51E0C60C51E0C70C5D3
:10B160001E0C80C51E0C90C51E0CA0C51E0CB0C5C3
:10B170001E0CC0C51E0CD0C51E0CE0C51E0CF0C5B3
:10B180001E0C00C61E0C10C61E0C20C61E0C30C69F
:10B190001E0C40C61E0C50C61E0C60C61E0C70C68F
:10B1A0001E0C80C61E0C90C61E0CA0C61E0CB0C67F
:10B1B0001E0CC0C61E0CD0C61E0CE0C61E0CF0C66F
:10B1C0001E0C00C71E0C10C71E0C20C71E0C30C75B
:10B1D0001E0C40C71E0C50C71E0C60C71E0C70C74B
:10B1E0001E0C80C71E0C90C71E0CA0C71E0CB0C73B
:10B1F0001E0CC0C71E0CD0C71E0CE0C71E0CF0C72B
:10B200001E0C00C81E0C10C81E0C20C81E0C30C816
:10B210001E0C40C81E0C50C81E0C60C81E0C70C806
:10B220001E0C80C81E0C90C81E0CA0C81E0CB0C8F6
:10B230001E0CC0C81E0CD0C81E0CE0C81E0CF0C8E6
:10B240001E0C00C91E0C10C91E0C20C91E0C30C9D2
:10B250001E0C40C91E0C50C91E0C60C91E0C70C9C2
:10B260001E0C80C91E0C90C91E0CA0C91E0CB0C9B2
:10B270001E0CC0C91E0CD0C91E0CE0C91E0CF0C9A2
:10B280001E0C00CA1E0C10CA1E0C20CA1E0C30CA8E
:10B290001E0C40CA1E0C50CA1E0C60CA1E0C70CA7E
:10B2A0001E0C80CA1E0C90CA1E0CA0CA1E0CB0CA6E
:10B2B0001E0CC0CA1E0CD0CA1E0CE0CA1E0CF0CA5E
:10B2C0001E0C00CB1E0C10CB1E0C20CB1E0C30CB4A
:10B2D0001E0C40CB1E0C50CB1E0C60CB1E0C70CB3A
:10B2E0001E0C80CB1E0C90CB1E0CA0CB1E0CB0CB2A
:10B2F0001E0CC0CB1E0CD0CB1E0CE0CB1E0CF0CB1A
:10B300001E0C00CC1E0C10CC1E0C20CC1E0C30CC05
:10B310001E0C40CC1E0C50CC1E0C60CC1E0C70CCF5
:10B320001E0C80CC1E0C90CC1E0CA0CC1E0CB0CCE5
:10B330001E0CC0CC1E0CD0CC1E0CE0CC1E0CF0CCD5
:10B340001E0C00CD1E0C10CD1E0C20CD1E0C30CDC1
:10B350001E0C40CD1E0C50CD1E0C60CD1E0C70CDB1
:10B360001E0C80CD1E0C90CD1E0CA0CD1E0CB0CDA1
:10B370001E0CC0CD1E0CD0CD1E0CE0CD1E0CF0CD91
:10B380001E0C00CE1E0C10CE1E0C20CE1E0C30CE7D
:10B390001E0C40CE1E0C50CE1E0C60CE1E0C70CE6D
:10B3A0001E0C80CE1E0C90CE1E0CA0CE1E0CB0CE5D
:10B3B0001E0CC0CE1E0CD0CE1E0CE0CE1E0CF0CE4D
:10B3C0001E0C00CF1E0C10CF1E0C20CF1E0C30CF39
:10B3D0001E0C40CF1E0C50CF1E0C60CF1E0C70CF29
:10B3E0001E0C80CF1E0C90CF1E0CA0CF1E0CB0CF19
:10B3F0001E0CC0CF1E0CD0CF1E0CE0CF1E0CF0CF09
:10B400001E0C00D01E0C10D01E0C20D01E0C30D0F4
:10B410001E0C40D01E0C50D01E0C60D01E0C70D0E4
:10B420001E0C80D01E0C90D01E0CA0D01E0CB0D0D4
:10B430001E0CC0D01E0CD0D01E0CE0D01E0CF0D0C4
:10B440001E0C00D11E0C10D11E0C20D11E0C30D1B0
:10B450001E0C40D11E0C50D11E0C60D11E0C70D1A0
:10B460001E0C80D11E0C90D11E0CA0D11E0CB0D190
:10B470001E0CC0D11E0CD0D11E0CE0D11E0CF0D180
:10B480001E0C00D21E0C10D21E0C20D21E0C30D26C
:10B490001E0C40D21E0C50D21E0C60D21E0C70D25C
:10B4A0001E0C80D21E0C90D21E0CA0D21E0CB0D24C
:10B4B0001E0CC0D21E0CD0D21E0CE0D21E0CF0D23C
:10B4C0001E0C00D31E0C10D31E0C20D31E0C30D328
:10B4D0001E0C40D31E0C50D31E0C60D31E0C70D318
:10B4E0001E0C80D31E0C90D31E0CA0D31E0CB0D308
:10B4F0001E0CC0D31E0CD0D31E0CE0D31E0CF0D3F8
:10B500001E0C00D41E0C10D41E0C20D41E0C30D4E3
:10B510001E0C40D41E0C50D41E0C60D41E0C70D4D3
:10B520001E0C80D41E0C90D41E0CA0D41E0CB0D4C3
:10B530001E0CC0D41E0CD0D41E0CE0D41E0CF0D4B3
:10B540001E0C00D51E0C10D51E0C20D51E0C30D59F
:10B550001E0C40D51E0C50D51E0C60D51E0C70D58F
:10B560001E0C80D51E0C90D51E0CA0D51E0CB0D57F
:10B570001E0CC0D51E0CD0D51E0CE0D51E0CF0D56F
:10B580001E0C00D61E0C10D61E0C20D61E0C30D65B
:10B590001E0C40D61E0C50D61E0C60D61E0C70D64B
:10B5A0001E0C80D61E0C90D61E0CA0D61E0CB0D63B
:10B5B0001E0CC0D61E0CD0D61E0CE0D61E0CF0D62B
:10B5C0001E0C00D71E0C10D71E0C20D71E0C30D717
:10B5D0001E0C40D71E0C50D71E0C60D71E0C70D707
:10B5E0001E0C80D71E0C90D71E0CA0D71E0CB0D7F7
:10B5F0001E0CC0D71E0CD0D71E0CE0D71E0CF0D7E7
:10B600001E0C00D81E0C10D81E0C20D81E0C30D8D2
:10B610001E0C40D81E0C50D81E0C60D81E0C70D8C2
:10B620001E0C80D81E0C90D81E0CA0D81E0CB0D8B2
:10B630001E0CC0D81E0CD0D81E0CE0D81E0CF0D8A2
:10B640001E0C00D91E0C10D91E0C20D91E0C30D98E
:10B650001E0C40D91E0C50D91E0C60D91E0C70D97E
:10B660001E0C80D91E0C90D91E0CA0D91E0CB0D96E
:10B670001E0CC0D91E0CD0D91E0CE0D91E0CF0D95E
:10B680001E0C00DA1E0C10DA1E0C20DA1E0C30DA4A
:10B690001E0C40DA1E0C50DA1E0C60DA1E0C70DA3A
:10B6A0001E0C80DA1E0C90DA1E0CA0DA1E0CB0DA2A
:10B6B0001E0CC0DA1E0CD0DA1E0CE0DA1E0CF0DA1A
:10B6C0001E0C00DB1E0C10DB1E0C20DB1E0C30DB06
:10B6D0001E0C40DB1E0C50DB1E0C60DB1E0C70DBF6
:10B6E0001E0C80DB1E0C90DB1E0CA0DB1E0CB0DBE6
:10B6F0001E0CC0DB1E0CD0DB1E0CE0DB1E0CF0DBD6
:10B700001E0C00DC1E0C10DC1E0C20DC1E0C30DCC1
:10B710001E0C40DC1E0C50DC1E0C60DC1E0C70DCB1
:10B720001E0C80DC1E0C90DC1E0CA0DC1E0CB0DCA1
:10B730001E0CC0DC1E0CD0DC1E0CE0DC1E0CF0DC91
:10B740001E0C00DD1E0C10DD1E0C20DD1E0C30DD7D
:10B750001E0C40DD1E0C50DD1E0C60DD1E0C70DD6D
:10B760001E0C80DD1E0C90DD1E0CA0DD1E0CB0DD5D
:10B770001E0CC0DD1E0CD0DD1E0CE0DD1E0CF0DD4D
:10B780001E0C00DE1E0C10DE1E0C20DE1E0C30DE39
:10B790001E0C40DE1E0C50DE1E0C60DE1E0C70DE29
:10B7A0001E0C80DE1E0C90DE1E0CA0DE1E0CB0DE19
:10B7B0001E0CC0DE1E0CD0DE1E0CE0DE1E0CF0DE09
:10B7C0001E0C00DF1E0C10DF1E0C20DF1E0C30DFF5
:10B7D0001E0C40DF1E0C50DF1E0C60DF1E0C70DFE5
:10B7E0001E0C80DF1E0C90DF1E0CA0DF1E0CB0DFD5
:10B7F0001E0CC0DF1E0CD0DF1E0CE0DF1E0CF0DFC5
:10B800001E0C00E01E0C10E01E0C20E01E0C30E0B0
:10B810001E0C40E01E0C50E01E0C60E01E0C70E0A0
:10B820001E0C80E01E0C90E01E0CA0E01E0CB0E090
:10B830001E0CC0E01E0CD0E01E0CE0E01E0CF0E080
:10B840001E0C00E11E0C10E11E0C20E11E0C30E16C
:10B850001E0C40E11E0C50E11E0C60E11E0C70E15C
:10B860001E0C80E11E0C90E11E0CA0E11E0CB0E14C
:10B870001E0CC0E11E0CD0E11E0CE0E11E0CF0E13C
:10B880001E0C00E21E0C10E21E0C20E21E0C30E228
:10B890001E0C40E21E0C50E21E0C60E21E0C70E218
:10B8A0001E0C80E21E0C90E21E0CA0E21E0CB0E208
:10B8B0001E0CC0E21E0CD0E21E0CE0E21E0CF0E2F8
:10B8C0001E0C00E31E0C10E31E0C20E31E0C30E3E4
:10B8D0001E0C40E31E0C50E31E0C60E31E0C70E3D4
:10B8E0001E0C80E31E0C90E31E0CA0E31E0CB0E3C4
:10B8F0001E0CC0E31E0CD0E31E0CE0E31E0CF0E3B4
:10B900001E0C00E41E0C10E41E0C20E41E0C30E49F
:10B910001E0C40E41E0C50E41E0C60E41E0C70E48F
:10B920001E0C80E41E0C90E41E0CA0E41E0CB0E47F
:10B930001E0CC0E41E0CD0E41E0CE0E41E0CF0E46F
:10B940001E0C00E51E0C10E51E0C20E51E0C30E55B
:10B950001E0C40E51E0C50E51E0C60E51E0C70E54B
:10B960001E0C80E51E0C90E51E0CA0E51E0CB0E53B
:10B970001E0CC0E51E0CD0E51E0CE0E51E0CF0E52B
:10B980001E0C00E61E0C10E61E0C20E61E0C30E617
:10B990001E0C40E61E0C50E61E0C60E61E0C70E607
:10B9A0001E0C80E61E0C90E61E0CA0E61E0CB0E6F7
:10B9B0001E0CC0E61E0CD0E61E0CE0E61E0CF0E6E7
:10B9C0001E0C00E71E0C10E71E0C20E71E0C30E7D3
:10B9D0001E0C40E71E0C50E71E0C60E71E0C70E7C3
:10B9E0001E0C80E71E0C90E71E0CA0E71E0CB0E7B3
:10B9F0001E0CC0E71E0CD0E71E0CE0E71E0CF0E7A3
:10BA00001E0C00E81E0C10E81E0C20E81E0C30E88E
:10BA10001E0C40E81E0C50E81E0C60E81E0C70E87E
:10BA20001E0C80E81E0C90E81E0CA0E81E0CB0E86E
:10BA30001E0CC0E81E0CD0E81E0CE0E81E0CF0E85E
:10BA40001E0C00E91E0C10E91E0C20E91E0C30E94A
:10BA50001E0C40E91E0C50E91E0C60E91E0C70E93A
:10BA60001E0C80E91E0C90E91E0CA0E91E0CB0E92A
:10BA70001E0CC0E91E0CD0E91E0CE0E91E0CF0E91A
:10BA80001E0C00EA1E0C10EA1E0C20EA1E0C30EA06
:10BA90001E0C40EA1E0C50EA1E0C60EA1E0C70EAF6
:10BAA0001E0C80EA1E0C90EA1E0CA0EA1E0CB0EAE6
:10BAB0001E0CC0EA1E0CD0EA1E0CE0EA1E0CF0EAD6
:10BAC0001E0C00EB1E0C10EB1E0C20EB1E0C30EBC2
:10BAD0001E0C40EB1E0C50EB1E0C60EB1E0C70EBB2
:10BAE0001E0C80EB1E0C90EB1E0CA0EB1E0CB0EBA2
:10BAF0001E0CC0EB1E0CD0EB1E0CE0EB1E0CF0EB92
:10BB00001E0C00EC1E0C10EC1E0C20EC1E0C30EC7D
:10BB10001E0C40EC1E0C50EC1E0C60EC1E0C70EC6D
:10BB20001E0C80EC1E0C90EC1E0CA0EC1E0CB0EC5D
:10BB30001E0CC0EC1E0CD0EC1E0CE0EC1E0CF0EC4D
:10BB40001E0C00ED1E0C10ED1E0C20ED1E0C30ED39
:10BB50001E0C40ED1E0C50ED1E0C60ED1E0C70ED29
:10BB60001E0C80ED1E0C90ED1E0CA0ED1E0CB0ED19
:10BB70001E0CC0ED1E0CD0ED1E0CE0ED1E0CF0ED09
:10BB80001E0C00EE1E0C10EE1E0C20EE1E0C30EEF5
:10BB90001E0C40EE1E0C50EE1E0C60EE1E0C70EEE5
:10BBA0001E0C80EE1E0C90EE1E0CA0EE1E0CB0EED5
:10BBB0001E0CC0EE1E0CD0EE1E0CE0EE1E0CF0EEC5
:10BBC0001E0C00EF1E0C10EF1E0C20EF1E0C30EFB1
:10BBD0001E0C40EF1E0C50EF1E0C60EF1E0C70EFA1
:10BBE0001E0C80EF1E0C90EF1E0CA0EF1E0CB0EF91
:10BBF0001E0CC0EF1E0CD0EF1E0CE0EF1E0CF0EF81
:10BC00001E0C00F01E0C10F01E0C20F01E0C30F06C
:10BC10001E0C40F01E0C50F01E0C60F01E0C70F05C
:10BC20001E0C80F01E0C90F01E0CA0F01E0CB0F04C
:10BC30001E0CC0F01E0CD0F01E0CE0F01E0CF0F03C
:10BC40001E0C00F11E0C10F11E0C20F11E0C30F128
:10BC50001E0C40F11E0C50F11E0C60F11E0C70F118
:10BC60001E0C80F11E0C90F11E0CA0F11E0CB0F108
:10BC70001E0CC0F11E0CD0F11E0CE0F11E0CF0F1F8
:10BC80001E0C00F21E0C10F21E0C20F21E0C30F2E4
:10BC90001E0C40F21E0C50F21E0C60F21E0C70F2D4
:10BCA0001E0C80F21E0C90F21E0CA0F21E0CB0F2C4
:10BCB0001E0CC0F21E0CD0F21E0CE0F21E0CF0F2B4
:10BCC0001E0C00F31E0C10F31E0C20F31E0C30F3A0
:10BCD0001E0C40F31E0C50F31E0C60F31E0C70F390
:10BCE0001E0C80F31E0C90F31E0CA0F31E0CB0F380
:10BCF0001E0CC0F31E0CD0F31E0CE0F31E0CF0F370
:10BD00001E0C00F41E0C10F41E0C20F41E0C30F45B
:10BD10001E0C40F41E0C50F41E0C60F41E0C70F44B
:10BD20001E0C80F41E0C90F41E0CA0F41E0CB0F43B
:10BD30001E0CC0F41E0CD0F41E0CE0F41E0CF0F42B
:10BD40001E0C00F51E0C10F51E0C20F51E0C30F517
:10BD50001E0C40F51E0C50F51E0C60F51E0C70F507
:10BD60001E0C80F51E0C90F51E0CA0F51E0CB0F5F7
:10BD70001E0CC0F51E0CD0F51E0CE0F51E0CF0F5E7
:10BD80001E0C00F61E0C10F61E0C20F61E0C30F6D3
:10BD90001E0C40F61E0C50F61E0C60F61E0C70F6C3
:10BDA0001E0C80F61E0C90F61E0CA0F61E0CB0F6B3
:10BDB0001E0CC0F61E0CD0F61E0CE0F61E0CF0F6A3
:10BDC0001E0C00F71E0C10F71E0C20F71E0C30F78F
:10BDD0001E0C40F71E0C50F71E0C60F71E0C70F77F
:10BDE0001E0C80F71E0C90F71E0CA0F71E0CB0F76F
:10BDF0001E0CC0F71E0CD0F71E0CE0F71E0CF0F75F
:10BE00001E0C00F81E0C10F81E0C20F81E0C30F84A
:10BE10001E0C40F81E0C50F81E0C60F81E0C70F83A
:10BE20001E0C80F81E0C90F81E0CA0F81E0CB0F82A
:10BE30001E0CC0F81E0CD0F81E0CE0F81E0CF0F81A
:10BE40001E0C00F91E0C10F91E0C20F91E0C30F906
:10BE50001E0C40F91E0C50F91E0C60F91E0C70F9F6
:10BE60001E0C80F91E0C90F91E0CA0F91E0CB0F9E6
:10BE70001E0CC0F91E0CD0F91E0CE0F91E0CF0F9D6
:10BE80001E0C00FA1E0C10FA1E0C20FA1E0C30FAC2
:10BE90001E0C40FA1E0C50FA1E0C60FA1E0C70FAB2
:10BEA0001E0C80FA1E0C90FA1E0CA0FA1E0CB0FAA2
:10BEB0001E0CC0FA1E0CD0FA1E0CE0FA1E0CF0FA92
:10BEC0001E0C00FB1E0C10FB1E0C20FB1E0C30FB7E
:10BED0001E0C40FB1E0C50FB1E0C60FB1E0C70FB6E
:10BEE0001E0C80FB1E0C90FB1E0CA0FB1E0CB0FB5E
:10BEF0001E0CC0FB1E0CD0FB1E0CE0FB1E0CF0FB4E
:10BF00001E0C00FC1E0C10FC1E0C20FC1E0C30FC39
:10BF10001E0C40FC1E0C50FC1E0C60FC1E0C70FC29
:10BF20001E0C80FC1E0C90FC1E0CA0FC1E0CB0FC19
:10BF30001E0CC0FC1E0CD0FC1E0CE0FC1E0CF0FC09
:10BF40001E0C00FD1E0C10FD1E0C20FD1E0C30FDF5
:10BF50001E0C40FD1E0C50FD1E0C60FD1E0C70FDE5
:10BF60001E0C80FD1E0C90FD1E0CA0FD1E0CB0FDD5
:10BF70001E0CC0FD1E0CD0FD1E0CE0FD1E0CF0FDC5
:10BF80001E0C00FE1E0C10FE1E0C20FE1E0C30FEB1
:10BF90001E0C40FE1E0C50FE1E0C60FE1E0C70FEA1
:10BFA0001E0C80FE1E0C90FE1E0CA0FE1E0CB0FE91
:10BFB0001E0CC0FE1E0CD0FE1E0CE0FE1E0CF0FE81
:10BFC0001E0C00FF1E0C10FF1E0C20FF1E0C30FF6D
:10BFD0001E0C40FF1E0C50FF1E0C60FF1E0C70FF5D
:10BFE0001E0C80FF1E0C90FF1E0CA0FF1E0CB0FF4D
:10BFF0001E0CC0FF1E0CD0FF1E0CE0FF1E0CF0FF3D
:10C000000000000000000000000000000000000030
:10C010000000000000000000000000000000000020
:10C02000000000003CC00200000000003CC0020014
:0CC03000000000003CC002003C81000049
:00000001FF
