:020000040000FA
:10000000050000EAFEFFFFEAFEFFFFEAFEFFFFEA4F
:10001000FEFFFFEAFEFFFFEAFEFFFFEA90429FE5D8
:1000200004404FE02C804FE288829FE588929FE554
:10003000048098E7049099E70500001A006098E5AD
:10004000090016E10000A0130010A0130020A01367
:100050000030A01364529FE564629FE564729FE5DF
:1000600064A29FE564B29FE564C29FE564D29FE508
:10007000045095E7046096E7047097E704A09AE7B8
:1000800004B09BE704C09CE704D09DE7006085E5D1
:1000900007F08FE00000A0E1074084E0009088E5D1
:1000A00000B08AE530B29FE530529FE530629FE5AF
:1000B00030829FE5045095E7046096E7048098E756
:1000C000084084E0074044E000D08CE504F08BE079
:1000D000006085E5106F11EE506C86E3106F01EE45
:1000E00004A29FE504A09AE740DC8AE20F002DE914
:1000F000F8119FE5F8219FE5012042E0041081E01E
:100100000A00A0E15D0000EB0A00A0E12A0000EB7C
:100110000F00BDE8DC619FE5046096E7D8E19FE54C
:1001200004E09EE70ED086E00F002DE9CC319FE57C
:10013000043093E70450B3E7045085E0C0019FE525
:10014000C0119FE5001041E0040080E00620A0E11E
:100150000FE0A0E105F0A0E1ACE19FE504E09EE73F
:10016000A8719FE50470D7E778019FE5044090E708
:100170000F00BDE898519FE598619FE5056056E046
:100180000050A0030080A0E30090A0E300A0A0E343
:1001900000B0A0E300C0A0E3000057E30070A0E3BC
:1001A00010DF11EE80D08D1350DCCDE310DF01EEB7
:1001B00015DF07EE0EF0A0E1BC01000010402DE9B4
:1001C0000040A0E110108FE2E4208FE23D1F07EE17
:1001D000081081E2020051E1FBFFFF3A0300B4E89E
:1001E000010010E300108005FBFFFF0A0100C0E3DF
:1001F0000128A0E12228A0E1211EA0E1090051E38D
:1002000001F18F30FEFFFFEA0B0000EA100000EA68
:10021000150000EAFAFFFFEAF9FFFFEAF8FFFFEA3C
:10022000F7FFFFEAF6FFFFEA043094E4003080E5D0
:10023000042052E2FBFFFFCAE7FFFFEA000052E39F
:100240001080BD080410A0E1024084E00B0000EB28
:10025000E1FFFFEA0600B4E8003090E5023003E079
:10026000030051E1FBFFFF1ADBFFFFEA160050E23B
:10027000D9FFFF3A040050E2FDFFFF2AD6FFFFEA54
:10028000F04F2DE92C2052E2020000BAF85FB1E8ED
:10029000F85FA0E8FAFFFFEA2C2082E2022081E06A
:1002A000010052E1F08FBDD8044091E4044080E4A5
:1002B000FAFFFFEA28000000280300002C030000DA
:1002C0001C03000020030000240300003003000092
:1002D00034030000380300003C030000D00000009D
:1002E0004403000048030000400300004C030000EA
:1002F0006803000090040000500300005403000055
:100300006003000090040000D05C0000580300006F
:10031000640300000000000000000000C0C0FF7F78
:10032000010B00400000004000C0FF7F0100000002
:1003300080C0FF7F83C6FF7FC0C0FF7F030B0040EC
:100340000000004090C0FF7F8106002000000020D8
:10035000F81C000008E3FF07000000000000000098
:10036000D05C00000000000001C3FF7F100000000F
:100370000000040006060200010201005510000002
:1003800011C3FF7F100000000000040006060200F9
:10039000020202005510000020C3FF7F1000000081
:1003A00041C0FF7F0C0000000600000002000000BA
:1003B0000200000094C0FF7F81060220B0C0FF7FD2
:1003C000010D0000C4C0FF7F030B8040D0C0FF7F41
:1003D000030F008034C0FF7F000000003CC0FF7F9F
:1003E0000000000091C3FF7F080000001000000023
:1003F0000000000080C3FF7F4800000025C3FF7F8E
:1004000008000010030000000300000024C3FF7F69
:100410000C000000112700000000002001C4FF7F35
:100420001400000092480000A857000000000000DF
:100430009304000080D9000020C4FF7F2300000047
:100440001CC4FF7F008000001CC4FF7F00C00000B0
:1004500043000000000000201CC4FF7F0088000053
:1004600043000000000000201CC4FF7F0088000043
:1004700043000000000000201CC4FF7F00A000001B
:100480004300000000000020010000000000000008
:10049000789CEDBD0F941CD57DE77BABA7255AC397
:1004A00018D588219109B6AF64D93B52C06E1CF2B1
:1004B000421212AE84B04784C403288E1FC94B1A5F
:1004C00003366C08E8D978CDE66CA22B797014FC61
:1004D00007E1C8794E5E386E25665776F236B2E38C
:1004E000F3DE6ED68E5B389BE5B01C3FD8E4C5DEEC
:1004F000BC17A76786B10418103660196B35EF7703
:10050000ABBB677A84FA8E9250F583FA7E3F67BA66
:10051000BA6ABAABEBF7A93FB76EDD7BEB56628CDC
:1005200039769E319B8C797CA5BC56C9EB87E4F566
:100530005A7925F21A93D7EBE475627EFEF1F95FE2
:10054000B9E0B1F32AE689F95FF9D291EAD15F9E69
:1005500009D355F3CB33C6EC9D9B1F6BCFCAF7DB9A
:1005600089999C959F1CAECA3C267DFB74CBB467D1
:100570004D9AB493A3D74DCF67BFF1A523671D3D17
:10058000381DE67DDD49BFF544B274FA99FE6977FE
:10059000C1636F08DF779DE9BF3EBA6E76FCE14F1D
:1005A000CDFD3779DF20EF8FC8BB95F7FF57DECF42
:1005B00093F7AFC9FB5A797F58DEC7E47D4588C7FA
:1005C00055ACB1F25A2BAF31799D27AFB462F7FA2F
:1005D000BB67569B4F1EA919DFAEA5BBDA35BBBB67
:1005E0005DAB7FB09D1C7433496BCB8C384D9F2520
:1005F0004E3BCCC1232BCCF6E917E6E78713333605
:100600007BA69B4A1373CEEC999377A615795F2549
:10061000EF4393FF79B6DA78C74C75C7BE0DD51D89
:10062000776EF8FEFCFC5D4F89F790B97AFACF57E8
:100630009833CD8EE66CDD7CFE48987F44E6AFC8EB
:10064000FB2A791F727F395B9DFC79996F6AC371B0
:1006500099E7DB32CFB86C882BBBAF1BE4559375A1
:10066000604C73363DFB5373C6EC9A1BE9BE87FFA3
:10067000557BE3DDF7BF90753724FF7F76CDA7E686
:100680000E5476CDFD908C9BF4D0F4172A9DEF8705
:10069000F1FF20E36774C7F7C9F85077FC0F643C9B
:1006A000E98E7F52C66BFE4B47FEA4F2A9B98F5468
:1006B000F6CE997A735AE697EF74A665DF90753790
:1006C000397B8EEC425395B0ECBD7377C8324D7ACE
:1006D000CF5C586FAB65BDDDD2FD7F92FA994618AD
:1006E000B7F23BA99FFB2519AF98870F4FCAF7F7C1
:1006F000CA72B676BF7768D8B42F5ED3F17854D675
:10070000C3F9DDFFDBBEDF1D32E6DC8AC43826FF1D
:100710000BF15664FB86E9AA4C8798CF3ADA9C3EE7
:1007200036FAA939BF267CBF13F3D747BBF3A7BB63
:100730006692339BD3565E0F8C9EF49B6973B6B55D
:10074000EE5373FBD6EC9E0BFBFE17E4F33DF21B5E
:100750005F90FF7DF242F96EFD77E686D2FB0F7F58
:10076000A4EFB7FCBA30BE7BEE8EDEFF7EA839BDAB
:100770004E5E3775FFBFA31BC7EBCCE8ECDFCFCFD6
:100780009F1B62ABB62F08DB617A7BF2A9B94FCB16
:100790007A3CC3A4B367CBBADABA306DC27E372BCA
:1007A000C7E470A5FB3ED47DAF76DECF0DC7D87F02
:1007B0009E9F7F22BCFFAEBC877560BAAEE17558C4
:1007C000D65DF5E8BD8F86657DCB84F5B257D653EF
:1007D0001A8ECF73EF0AF3C967F5B04FB9E67432DA
:1007E000D9946375713B7DC12C6EA7305E71ADC32A
:1007F000CDEEE7A6BBEEF6A69D6DB4A7FBFFA974F0
:10080000715D4A5A70AE2407B375D977BE21CB0A01
:10081000FB9C1C0B922674629BB4E1F73F3EB7B57C
:10082000DE5DA7727C7C4F8EAB8BBBFF4FEABB6754
:10083000CE0FE3AD8FCBE7BBE72E92F111F3DF0EC6
:10084000AFED7E5EF9E1E6F47A79D5C2FCF683D9A4
:10085000F61EA9554C4D5E557999F06ACDEF344698
:10086000DEABF2B2CDD94AB6ECABA6656A5362777D
:10087000CD846939961F0FF3A6B21EEA0FFFECCCA8
:1008800046F9DEF9B20F55CD476726E518DA20FBA9
:10089000DE86EEBE28EB6976A3D93EFB2A633E1BBB
:1008A000D2C6C44DCD84F9C377ABB21F1FEF6EFF24
:1008B000F0DDA349679D548D9F7974B4337F38A6CA
:1008C000EB0F7F74269575D2BFBCB00F86DFB8489A
:1008D00096F70599EF0BA3A7B7BC8FF42DCFF72D93
:1008E000EFF6532CEFE8E60B1EDBEC9BB31395E61B
:1008F000EC2F753F6F9EE9A7277ACB927469D8FCDD
:10090000C2EC1B7ACBDAF15BD9B24C23FCFF1DB3EE
:10091000AFEDFDBFF1A1CEFF27C3FF7F7EF6077BC2
:10092000FF9FBCB3F37F17FEBF7D363D29E63356EC
:1009300036A757567D7B45C5B725C6F6D7D3C5D84C
:10094000FF93EC1F0FC93EF40979FF037985FDF091
:10095000E3F2FEB4CC77445E72E278FCEFE47574A7
:10096000D7978EEC93F9F6D9CE7115F6A971391691
:10097000467ACB12F7B02C2FC7F08EEE7E12BE77E0
:10098000437759553956DFD99DF73BDDED1ED2D45B
:100990000327E69F985C619EB8D2DC3DF3C7C63C56
:1009A00071BBBC7F46DEFF40DEFF9DBC5F24EFF7DE
:1009B000C9FB17E5FD8FE4FDEF3BFB73B61F1F90EE
:1009C0007149AF1FBF47CEA15509604CF6BB9B6470
:1009D0003C95F7D65F5D605EB5E9F479D5B091EFEF
:1009E000DBCDB7DC7EE37BAFB397DF71FD75B7DCA2
:1009F000FCAEF7BFD76EBDF15FDD78CB6D3B7EED12
:100A0000C65B6FB75B6EBBEEBD37D88CDEF727DEFB
:100A10007FF3ADEFB397DDF6A6F3ED95B7DFF026E4
:100A20007BCD6D97FDEC75EF93DF90197FEDB65B95
:100A3000DF77FB7BAFBBFDE6DB6EED7E7FEBCDEFC3
:100A4000DB71CB75FFDA6EBFF18EDBED95976DB57F
:100A5000D7DD7A83FDB10BAEB9F13DD9EFBF699116
:100A6000F0F5EC9C5315EF1BC53B9C07B65E77FB7E
:100A700075F6BA77DDF6DEDBB38F173EFF5FBA9F00
:100A80005FFEDEF7DEF65EBBE3BD37BEFBC6DBAF67
:100A9000BF69F19BBDEF5DB3E47B372CF9B5DE7721
:100AA000AE58F29DF77DE066F9B0F7D9654B3E7B15
:100AB000FFAD37DCF8EE9B6FBDF1067B73F07CFF7A
:100AC000F541340BEC52D9372665BB5747C2B9A163
:100AD0007B5E9371DF1D37239D7344380EC7657F9E
:100AE0004B47F686E34DD286ED211F73EEEFCA3EEB
:100AF00021E783C7AB92468CC872E5B8C8B679388F
:100B00009642BAF2F3B7FEEAADB77DE0567BF37BCF
:100B1000FF57FB86D7DFB1105FBD1BDFCFDF7AE366
:100B20001D3B6EBCFE7609EDADDBAE5A5C579748B7
:100B30004C6B2586775CB4E6E9F07B27BAFBE1A530
:100B4000211D6E4B3ADC9218248E21498FC7B27456
:100B5000F5A373D5D647E7569B7B8FA4722C87F4F9
:100B6000F48D92A66D5D553161BEF05A6D64D992D7
:100B7000C65F22E9C956491B2E9679CECFE6BDBB8A
:100B80006D657C43777C838C9F27E3D5BA7CC77ED9
:100B900074C6A5F7CE6D95782F91DF1D9373C1793B
:100BA00072F03424A3F34BB2EF5E1CE2C9D2CB87C0
:100BB000E712B76BA63E197EA373FE5921FFDF2112
:100BC000EB27313B662FF65FAA25E66F1E0D9F1DB2
:100BD00093735BF8EC62C9A30D8BE37B4ECC3F1E95
:100BE0007E4BD2F6D94F0E99DF1F6AA53335993F58
:100BF000A93FF268C5FCD2EC88E4B392D623FB92FD
:100C00007AEB51F9DF45552B79AD562B4C5F3454B7
:100C10001F9DB96348CE75F6EA99DF1E323F31D485
:100C2000BAF070C55C331BE6973CC55DE75F24E70F
:100C3000D0D6E7E6C2E723977C70BA5AF78FCAF995
:100C40006353381FFFC69079FCFC8BFB3EBF78F1E5
:100C5000F38A7CFEFEF0F9257D9F5FB4F8F9907C65
:100C6000FE6BF2B9FFD90B1EFB37B25E874CC8731F
:100C70003D325793753BD4906D23DBC5483A9AECCF
:100C8000D835139CFF7B6286DF20EF92BF1C3ECFDE
:100C9000FEEE5C4DD6E96AD98E15D92E89DF33F385
:100CA000D544CEC992C6D7EC87B2F4DC1C94799BAC
:100CB0005F7BF487CDB5B315373524E7C46159A7F9
:100CC0000F5A99AECAF47765FAF5325E93F1673B35
:100CD0009F3D7E814CBBD57F3994383F2469E270BB
:100CE0003D4CBF7D6AE85B321ED2C04D327D463836
:100CF000DFA69F90F4FF9E474D7A67B6AD8C697C66
:100D00003E711B3E1F9617F2F5F5F48A99617355F3
:100D100058879B4CE2DBDEDCD50E9FD58D9BE97DB1
:100D200026DBF0273AF336FFEC4D2126D9677E40CB
:100D30007E3B7CAFB7ACEA49CBFAA7FCBE1C637F15
:100D40009EBA29F9EE87E66E09EB42D6DF95C1BB64
:100D50009BAF31E66BF2FFC95927EB41CE45957049
:100D60004D61E5FBE1F764FB3F7E937C776596C7B9
:100D7000F8DADC4DF23DEFA6CE0EDF0B9FBB9F9B5A
:100D80001A0AEBED5F86F514E66F7E2DE400866FA0
:100D900097E95F37D79E1DA6DF23E357C9B61B959A
:100DA000757FBD8C5BF95C96FDA091F164C7DB2A71
:100DB0000DF9EC72197F9B7CFF6D32FE4E19977313
:100DC000C1F0ABE5776F90F173E47F37CAFBBBE509
:100DD000F34B655CF26E8FEF90E9BF91EF84ED7994
:100DE000B38C8FC8FF6F95F7B7C8FF6E93F7BF93AB
:100DF000F7B09EDE27E357CAF8FBE5FD4979BF430C
:100E0000DEFF38CBE7056F59AFCDBDB2AEEF94F53D
:100E10007BEF5CB84E08D72172589EEB568F499CE9
:100E2000CDA1BA699E3D2FF9C3903624077F714644
:100E3000B6FD1561DF33F2FDB0FF85FD6E611F94D5
:100E4000CF659FBAB6B76FCA7139DDBF7F86DF7FC6
:100E500083C499B85F9C797DD2F99DDE6FC8B26674
:100E600017BEEBB667BF73AEECCFEEACB1B00F0CF4
:100E700067B1A69D588D3F3477B67CE6E5F7421AF8
:100E800011F68FF1BF9463ACB73FFAD69C1CDB73AD
:100E9000C361FEDE7764FE075E27DF715DDF744AA3
:100EA000BE373597249DF5201769B38BBFBF6BEE16
:100EB000FBDDF593F6FF3FFDA838C96F35E5183324
:100EC000611D483EA07997AC9B6BA765BD7CD6049D
:100ED000E7F491C3A6B3EF9DDB59C7F7CE5D382485
:100EE000E97933C4D759C7C3C6B5C3BE7EF6C9EBCB
:100EF000F9A099E97CC7CD84CFC3BE2BCBFBF3FE11
:100F0000F57466DF3A3DF9BB720C7F361CF3A6B36D
:100F10006FFF5D8867A47DB7CCF3C8E1DE6F74B660
:100F2000D387E5F8F8C5E9E7E7E7FF7CD8EF6987FD
:100F300098BE9CE5F5E5F7DCE4CC17CDF2DBE6CF17
:100F4000BAEB27ACDFEAC1BDB289EE5C11D2A59A3B
:100F5000E4E7B36D9086FCE1DEB9BA1C73E7A71F26
:100F60009A0BDB71FEE0996B649D9C1BB6DB99FFCD
:100F7000A139FAC3F2FAF7ABEF96747A4C62FEC568
:100F8000B337C877FF74F5DD6BFE8FD57757C27A1C
:100F9000776FFFCBB3ABF2BFBB5FA265FDDE49CB82
:100FA000FA7D59D6C74F5AD6EDDD65D53ACBCAB6CC
:100FB000FB8765BEF0FDBBE5FB1F92EF87EFD54CCD
:100FC000334B4F42BAF29E9728BEB0CC5BE5F7FF99
:100FD000952CA73FA6B7BF44BFFF0BE2D1FFBB3F95
:100FE0006E3AC7C768F7183ABFFE21593FE15C73F4
:100FF000A75C23DD7364C87CF0C8F637DF3D33623D
:101000003E7E44AE0BDB43E9236DB9F6FEAC2C63A8
:10101000267C6ECC0E59FEB45C3B85E9DD47467AF2
:10102000719EB5B8EECEFC6273F467E4D51FCBCFEA
:10103000C84BB6819C9F7EF5F392367FF659C9CB9B
:10104000ACC8AEA9C766BF65EECEE2AECAF89F983F
:10105000BB2B6DB3745D8465F8B74FCDA6D971DD38
:101060001C926DB0222C33ECF727AF8FB5F2FD3117
:10107000591F55391F867DFBCC7A737ADC847363E4
:10108000D87EF7CEADB4CDE961C943D82C1FE5E5D4
:1010900038F85A96B778C389F9736DFABBD977C215
:1010A0007E9F1C0D799349D9DECD64ADE45F8E2619
:1010B000922F33EDB3CD47BE74A47EE15B7EE4A2F4
:1010C0001FFD9F7EECE21FDFBCE5B2AD97BF35E4AC
:1010D000BDEAEF94D7C2FFAF7BD7F59271CCFE7F0C
:1010E00087312EBC9B452E90D70FCB4B6230211FF2
:1010F000B023E40176C832439EDF876B8AF6ECB8F2
:10110000E40746E43A2295D7D4EAB5B349DA1C0A93
:10111000F9B65A3AB562327DFBCC7BC23954AE9DEA
:10112000C27592AC9FE11F9273C20DF2BF3B42FEAB
:1011300049C62F97F1B799C9B3C33EF34E190FE7CC
:10114000EF71598F37CAF8BBE5FFA12CA26AC3EF34
:10115000499EAF226995E43DBC2C67BCB96FEE6334
:1011600032CF88D937D7495726C3F9E1FE344CCB63
:10117000F89992D086E9DFCECE47935999C259D9D2
:10118000F96872F67FCECE4393B3926F38D799B594
:10119000B3B262868F4BACE7CB6FD60FEE93ED7890
:1011A0004FC8B74D0F493A24FB5632219FCB7A786E
:1011B000FCFD32CF15D9796A322BBF08F3CA79709A
:1011C000F8E75E3778DEBF96BCC999B21D37A4FB3D
:1011D00024EF3A2CFBC0238765DF98AE49BED3A429
:1011E000F71FDE54694E9FF9EFFDF4AFAC7EBBEC08
:1011F000CB7B8FFCF0E73BF386DF08F387EBCCFB80
:10120000E5379E0CD79492EFFBB28CD79A1F9D596D
:101210009D0EC971BF6FEEF56F39389DA40F67BF82
:1012200019BE6BD2070FFF9FF21D493F1FEF2DF72D
:101230008C532CF7B34973FAC3B2DCDFE82EF78F77
:101240003FF7E2E53E258EABB2E3E69AB05DB2E54C
:101250009E6186240FE367C26F856585EFFDD185AA
:1012600007A7C339A526EBA366F64996C0ADA99991
:10127000A973F6490C611DAD9579FFB7C83ABAABB1
:10128000BB8EC2FF5E23D7FEC941F96D3927856544
:10129000D4D3DD33BD980F7463ED9F372CFFD76532
:1012A000FEA7BAEBE703DDF53314E695DFAADB5DB5
:1012B000332BE5B713DB89D5D40F4EDFDA5D3F1250
:1012C000EBDCCA83AEDD39DE9B7F5695E95F93790F
:1012D00056A61F96E3CDB75DD89FCD5AF9A92BDA54
:1012E00067CA7E18CE35E17C9634AFEDE635F675EB
:1012F000F22672CD7F46DA979F90CFC379A82AEB6A
:101300003E318F3C5A4D3BE7C05559DE58B647DF5A
:1013100077AB6967FEFEEF3D27EB52963BDBC9EBEF
:10132000AC5D92D7F9C72C3F1C271785F4333B3EA1
:10133000DE31BB4DCEBB35B92E3AD33C7CF892CED4
:10134000B136FCD3F2BE5E96138E9B70BE4ECD546A
:1013500016C3FA902F956D3FD2FDFF48F7FFE76562
:10136000E7FC7D0BCBACF79D7F4FFE6E38E787DF48
:1013700018F4FD939719BE5FED7E7F894F583F9219
:101380002F5829DBFCAB922FF8C190B759C8EF9DBD
:10139000FAB77BF9BD959377B693836F9D09FEAB42
:1013A000827F23F8FFEDE1939771A6E9A4A3C9C159
:1013B0009F99917DE3C1B0FEC3F64A1AD7BE683942
:1013C0004BF21C8D7764CB5921F38FF7D25F497BA9
:1013D000653F956B6C3313AE4B7F4FD27049D39EF4
:1013E000B8EFFBF34FD8AC2CE882C7423941E24258
:1013F0005A1D8EAFF6EC8F1F9F7F3C5C835BB90E4E
:1014000093B4F027D64E7E6E7CED6473BCF72EFF4E
:101410005F9F5DB77DF5E0F4C267E67313720D3D23
:1014200091CAEF54FEEF8372ED76CF06B97EDB20D2
:10143000CB4C76BF59D205FBC856B99EDC20D79657
:101440001B12DB92F1968CB736F4AEF7C375FE7CB7
:10145000566E1AA6BF74E4EBA16C49FE3F22697A6E
:1014600028070D9F7FB573BD3F6B9C5C7F4F7E74DB
:101470002E7C5FF6A1B907E4FAF955D975F1DDEDD7
:10148000F03F49DF655D84E3F2DE2361BAF7926BDA
:10149000E7700D359B8DCBB9E34FC3EFC9EFDA1D74
:1014A000BE5BFEDEF92C94B56E08F9DEBEEF8F67E9
:1014B000FBC5E277CE3F69BA2ED3FDCB3AD52B6C74
:1014C0009770FC8F846D63429DC9BD8F86F287FE45
:1014D000EF84728A5638F7C9FF87EDA4A4118FCC28
:1014E000D869F179FA63D36749DE62DDE8A1B69D78
:1014F00091E9A7C2F4DEF6BA35FBDBF65199FE5648
:10150000777A4CA68FC8F491EEF4DAFD927EEC6DFA
:101510009B74FF4C53D2D95D67F9E9FDA3F2F966DC
:10152000F17EFBD4B4B96A6F3B719F6EAF98FC44F7
:10153000BB1ADEEDD5ED6AFDAFDBA6DE9C1DB6BBAA
:10154000B7D4FD972664FE99307F28E7184EDD8CCE
:101550004D5CDB567CDB56E555F3EDF0BB669D6FCD
:10156000EF4EAF0A69D5D5C3E9AE2D5939886C87DE
:1015700077C83A5ED1EE6CBFB08D86256F718669F3
:10158000CD361EF63361BB87FD306CEF331E3ED483
:101590003937EF9097EF5C93575BCDE9D6AA3F3987
:1015A000D2FF3ABB5BDFD25BEF2ED41B58DFDEFAF3
:1015B000E6DD33E7D9A9B9B5B2DD423D49388ECF72
:1015C00096DF1D33D9769CEEED67A1ECE0C2EE7696
:1015D0001F926D705E7DDFDC50FD67DB63724C191E
:1015E000BB6BCEB477B787CC2F4BFA6FEE3AABFE1E
:1015F0003BEDEB43BCF5AFCCBAD77C4C8EB75DF27C
:101600003A343B64AE9A1E4A9BBB2A66737B4C9667
:1016100097953FD9ACEC318B294C272D2FE97E9A39
:101620009541C839F1D170AD3322B99A703C84FF2D
:10163000CBF1736E28570FD74C95FAE67652FFCA56
:10164000F4EEA1B3B37A2CF95E7BDE8CCA725C2512
:101650007C7F7E6454AEC5BBE3B551390F64E3D3E0
:10166000896064DF0FE38F86B275597ECFF35876B9
:101670002CF9AC9C59BEF474EFFFDFED1D07A9CF28
:10168000E27E468E33BB583C79C13B272FAED7EB69
:1016900036FBD79242CE9FB9F9F650C039F1F3DB51
:1016A0007EEE9ABE824D6B6FBAFDF61D3FF1E637B6
:1016B0007FE0031F78D34DA1D4F34DD7DFF66B66DF
:1016C00009A12E332BF33FE5F8E2B4C9CAD08CD977
:1016D0007A687E67F88FEBBE6F93F7E3F3C6CFCFE0
:1016E000BFEBBBD757E61159BA42B35C7092E59194
:1016F0002B465276530D93A696ADC8349BB4D9A40D
:10170000CB26BDF9675279F1BF6CADF35ECB969CE9
:10171000234772FDF5E570A7F85F51EAB69DE7AF84
:10172000BFBC39F19BDA11E870DC34BE03AD1E8E0C
:10173000A8D454AAB5D49A3070260CBCC906493630
:10174000A864836A36A86583DE0C1D4E7B06F96AA1
:101750001898EE9C6938DAB339E4B81FB48841317F
:1017600075167DFA33644BC866C8D4DB4FFEA6916C
:10177000339FD96BD66C98D86B9330D85C0983DDD6
:10178000D56CB02A1BAC7161B0C187C1840983DEFE
:101790000C9DE59FF60CD97717D7FD5EC951986C63
:1017A0000E511FB488413175D54F7B866C09D90C19
:1017B000997AEB991C76A6D3C0E77CE23A9D10BEDD
:1017C00059F8128B5EE020FCF3DA11E871426BC12C
:1017D000A7C8C7158B3DAE1D811E6A5B5D9FC2D534
:1017E0007DD10B1C845A32A77E6E33E669ED00F47E
:1017F000E0B18E08D5115151AF667FDAE86CF59AE9
:10180000CA5297C2CB1748B4D453A5E5F6717215E6
:101810000410DCE1115154572EA7B1DCEA88501DA9
:1018200011AA2342754490D5D76A47A043DD349F5F
:1018300073DA41E8E04D8BA53488501D11AA23428C
:101840007544A88E08D511A13A22544784EA8850DD
:101850001D11AA23427544A88E08B2BAD38E400740
:10186000D6B98182AC3EB069812B308AE2A99BF661
:10187000E05BF77D7171A810B901C41517850AEEF8
:1018800085C11F0D151887028D27B423D02392C25E
:101890005BF58E0572C59E88FA0D95B869997F76BD
:1018A000E047CE9459BD6E5AEDE817CAABEE97BB30
:1018B00001A4BCEAC63479F98208D51189AB9F79B5
:1018C0006E41616830F8BC1E182A7386EEC9819F8C
:1018D000B8326B0B8D17A27D27545E065D4AE44536
:1018E000FBDB833F2BF9565FEE76DE12EB47FA9B6C
:1018F000F322EE0B0BA4787CBCABBDE4E5D08B4AA5
:101900004EF8C31139FB72E8382737DACF47BB0AE4
:1019100029F1A16E6CA4BFB9ADFE65D0834A7EB437
:101920001E1FFC599A385BE63D7E706EEEE5D15382
:10193000547EC4FAA04A93AD95338B0BA5685ACF59
:101940000D3E9EB78E8F6E283094A2691E8D7CE866
:101950009D7736C785EB9E3F7C240F5FE6244E7053
:101960007AA534EA3DC9467A1EAB96BBA2D9B130FE
:10197000FAD4A4653EB517FF5480970FCB24733675
:10198000BF25FBFC7EFAB4961E2BA5B1DA67DE7C80
:1019900059EEA900EA67A01C792AFEB12F24081588
:1019A0007C6C8777BEBC85D175E367A2877369CDF0
:1019B00085C632C77A7EE775F5B5DA8A5CBE94BC17
:1019C000DD5CAC6CAEECC4B234653EB399F8C96D65
:1019D00047F5CC15E5DDEBFD93913652FE8CF650C4
:1019E00059D5EBC63CE9067EBAD78C99D2AA7BD3EF
:1019F0001EDC32DA6C5FB3AF9694555DCEEB87B5E3
:101A000023D0832DA810A1FAA9B8E1C17DE3579591
:101A1000B7B0A211C9C8262DB3714B71A1144DAC3A
:101A2000802ADDBC758FFAF5557EB466077FB675E2
:101A30004FBA6EA2B8508AC67F2FF2A12B2A0A1580
:101A40001E88D5BEA4A52E913D10694155F26BD6D6
:101A5000DA724515AE8828547820524025DBDDE542
:101A6000BB749BEFCF2FB3F05832577222E7F53D8E
:101A700066BD7EB9697EC41A85DBE1A932D7BE3462
:101A8000234515E25D1B2D2C92E2893DCACE171528
:101A9000840AFE44E4BC5E2BF1912E446EDDB74D0A
:101AA000935FCD93CBE9774F9F5893C15CB7B9CB88
:101AB000F3C74F2F825832F7B278AE667E44923920
:101AC0009FF7B2735F407CE9912BB7C494FB1286F9
:101AD000CF691D44999B0C3E5FE6D28808DE342313
:101AE0007732BBC2E2D0217E722B35AC7D3915D660
:101AF0004C552E2F2E9262A92F97CC0D8FB9824272
:101B0000291CEFE7D4965DD32E9B8BA4F04389A9C3
:101B1000D51A858552346E70078B1DC60B09438319
:101B2000D85637F95EB76A9783C42E5A1F7A67FD75
:101B3000FA95C58552348D2383DBCD7DF5EB6F2976
:101B4000AF7ADD5CF78C1BF8E943AEC4EADEAC8B00
:101B500094CD3DE44ABDC347BAD02D3BC932F7BE50
:101B60009499E52E5F5C1141A8B04C896CCE58D594
:101B70008547EE7DB9E1FE7D1BCF2E2E94A289957F
:101B8000C83E542B750A1F6B5A305CEE9E93637DE2
:101B900050F974745D89E56DA43D7C89B50307A295
:101BA000BD16685F5CE5CA9E48839250E95462F9AD
:101BB00007226D646B65CED0885EACDD5CA9AB9806
:101BC0008D797A70AD9A2F774AD78CE6E1D79579DF
:101BD000976FA8B696B4AA0B8FDDBFEE8A8A42052E
:101BE00017693C5672966B50526662EDE11F906C1D
:101BF0007C79770A17C9C3879C5C894FED2E7A17C9
:101C000044899FFF21A876BFA59B9A441A8F25BAC5
:101C1000E7DDBCB1B17E644B9D8F3566992E799C12
:101C20002B240A15A285D136DF0C5DC5E6F9EB71D0
:101C3000BC6947EAD76D6171E8B0CC0E5F6696A9C2
:101C400078728504A142AC0B5D6F4A9C9BAB1BFB79
:101C5000DC3227305B48200A78C32E744FC507CB8F
:101C6000DBBD62C6B476007A4453F815B5F25EAEB9
:101C70001BF39DE8A74325AE64768F0DBE26AF9477
:101C800059BD6E0E7DDBC5BE505E756F76C51B8F70
:101C900095573DECF0DA11A8C1767390C4D54B7B13
:101CA000F51288DFD3BA6A4DAE0B57CD30C5EE6E54
:101CB00034B8297CA5E445B2CB247325BE768B3598
:101CC0000F2EF5265FAEDD5CA9D943F581B822A2BF
:101CD0005021DEDF5CDEC99CCDF5D797A1712CFACF
:101CE000719953BAE51E475D66A88E08D511A1FA11
:101CF000207C2141A8107BA899812EA5C919ABBAD7
:101D0000703628410459DD6947A08337ADC8F5BA5C
:101D10002D2C0E1D9649E67C2141A8B0CC79BDD46E
:101D20009C18D8B4C0151845F1D4639DB37813CA74
:101D3000A75C51B1148DF783CBE15DFE8BB7F92F12
:101D4000623091B239973DC0CF16154961F48EF0DB
:101D500065FB9B2B3198BD073B79F96FC7CA9BEB9D
:101D60002325AD64AECBAB39B8E731576AF5BA99E4
:101D70008EDEE25762756F92683257627539D6D936
:101D80006E0E11F637A783555D78F47AFDE0AB7ED1
:101D9000A0A8408A656F18447A1495843029690A8E
:101DA0001FEA17223BBC0BF9BC5C5B55D83C7F7C1F
:101DB0001944EE78AC8225EFBEF66CBE3F7F6AD246
:101DC000EE82EDFF18FC9D92B626E96DEB03B10E95
:101DD0001BCADD3BCB9E6F0EBC2CF565EC6FAEEFE6
:101DE000F07E207EB35799D9F37C2499AB354A57BE
:101DF00054513D90BD5979B5F51E83A14E2C0F6FFE
:101E000025917745055238B13CBCCBFD51DC36D726
:101E10005F5F8EC75597AE4A6487779B8A0BA3286E
:101E2000C6EB0BA3CDEFC59EBFBED7E47BC7932AFD
:101E3000F65BA7FCF7B643F33B8FCFF7AA98E5ED27
:101E40009CBC027079FDF0324BEDE4D5BCBC5ADF8E
:101E50001DFCBDEC5B79A57756A70A7F412731AD04
:101E6000E7E25F2DEFF38E4C53F51E18DD2B85C88E
:101E7000F93DBB802BD915ACEF1B6586F69438D99C
:101E8000F2AEA0381488E7EA726E266CF3FDF941D1
:101E90008483D81B1F39B9D9A2425102AC9970FF73
:101EA0006E1CAD7B2B75B3F8A87A252DD9A9AD8F03
:101EB000BAB12706DAF96C68735B784D75A74ABC2E
:101EC0001F5C28ED8C76762B67221550A1FD5C8E69
:101ED0001BA6F8D53A920D7BEDE71A68A535767109
:101EE000347A72AB0C97EEE46EB3A193973F363819
:101EF00011F7F72723858453143563C63A57E15900
:101F000073A2C80E5F79615DB9D4854BEEC8DE421D
:101F1000FBB92476F9D22AD95617463A895CD67E7F
:101F20002ED288CCB7D68D942D4F53ED94C6663BF8
:101F3000FC51DD501461FB3948D874F0949F3D3852
:101F4000F5AA7CAF306CAEBF7E2A364C646FA1FD23
:101F50005C33560E7FD76852D2143E6C511F6958BD
:101F6000B27B7FBE61A85CB376166A13517F36D20E
:101F700074A4D6C8394F5370532DB9561C770B6BC8
:101F80003C768367D976F6EEF3387BEA4722797898
:101F90006FFCD46411211547AD2F65DD3357EEA2D8
:101FA000C7A524FD77B1D522D58D5B4D3D295909B3
:101FB00055A5EF9415ED68714D2894CD3F9E0271A3
:101FC000D62D8C37220D4BD2B255B82D6E462BAF85
:101FD00056F4A6AFC4D436E71C4EC1EC4917CEA8C0
:101FE0000FC4EE817179E7340B4E495CB56F89B54A
:101FF00089F8F57AA55C25F1B63F0779A01DF9624D
:10200000C5BF71B84CADC81A6FACEC599C9A981901
:102010009C846F9575B4AB545BDDEC1DBDA2379A03
:10202000B6635510152767839C82C8EB7763A44B72
:102030001FA2774421042DDC920B26F7FDE897F3CD
:10204000CBD0D8DC7E398A5BCCC6B4A20F234F7CC0
:10205000AE71E4FBEBCB2E3DD2962650E69B9F2241
:1020600085D12E0CCA74D1EE96D834A225B2AE74A6
:102070005BBDD277ACC753F8725DB7F5E8B49B8B04
:1020800095C8DAD26DF3A544EE6DCD1BA7B8C89004
:1020900049857A1248ADFF106EC5B23495B4B222AC
:1020A000FF788AC3D712BBD574B25375639F5DE6C0
:1020B000ECE5720B44E5DED17421ABE21BF1FE6965
:1020C00072DEDF6DBE3F7F0AFA4E598D53DFF99401
:1020D00031B4B4DCFAA5462319A959E3D77657B928
:1020E0008FE6E1CB0D58D3826E6D6336F8D6E0648F
:1020F0002E6D187FCE4F17125131A4C957431AB70E
:10210000F223AFFE913019B9EDA7DA48CD6BAE2EB0
:1021100028AC62F84668F79BA9D7CDFE483267AE77
:1021200033D557972917DFDCF48DDFA975D5BD4965
:102130001E1DFC4DD9EAABCCD9C545963B47DFBC4B
:10214000B8D5258557ED864B15B69B1B8C2B228861
:1021500042E95D892F53229B335675E1915B011A49
:1021600057F8F1B3DF585C2CB9B377E335FFF64A83
:1021700063D67CFACADF93A958EDCB8A5A9A5C568B
:10218000AE8EE7B2A64195A9DA68788F3CFFE5C02C
:102190009A66AD54D7EB7B57ADD81BF229D5553293
:1021A000F0EE58F4B279FDC4B9C544550C6E72C551
:1021B0001693CA25E33AD9015CFC01C5A5A3AF88F3
:1021C0006A4FECBC1E9A1B95A950D6F7F6F0CC7E50
:1021D0004FA444F6016F4B785A37A190C4CAF0C09F
:1021E00089D8F589BB6C4FE4D3571C4BBBCC3C72F0
:1021F0003C96CCA5B53255B905AC091B3DC93A553D
:102200008DF431692BBE98788AA616AA9ED2659E57
:10221000EB66D795AA4F9E6AD8DADD84DB45DBCD25
:10222000C977C772DDE36D9E3F7E0AFCC89AEDA1B7
:102230006665DCC9C478ECE90069D91EF5E47699D5
:10224000D7F7C66B9F89E6E6FCBA32954F896E9246
:10225000754151B5613CF6446EB77BC3D4D6722547
:10226000F16938C6AA36CDEE785AA6802AC72A1256
:1022700097DF4F2F43C54866CD98681EBE5CBBFBF9
:10228000229D833CD677B429617F733EFC659BB465
:10229000B98C7ABE145FE3D83DA967EE7A85D15E2A
:1022A0006BC1DD151E7B7C655FD62707145A16F8B7
:1022B000A593D1071E95AFBFB9A4AF305AB55F1A29
:1022C000ABB3D88AEC72DE9868B79A653DB975D61B
:1022D00079ACA63550A602AA45424AE7A217ADBE80
:1022E00098400AC3F7466C9888D4BE5487C72AA57D
:1022F000BA9D37A98DDAAD7B2A55EBD699BA6944D8
:102300003A620AA47966E76C8EBF3D8849DF1DF109
:102310004DB49EC7FA8854320FE5D811A0CAB5F063
:102320008808B985FEE69AD1143EC71A37D5338797
:10233000CD06CBDDEC65738FA340C239CDF7B22B50
:10234000ED2723DF6C8C7E78733DF2F92B8DC991DC
:10235000775ED8F8D1F6EA6ED23DF861E4B25ED28B
:102360009AD9514C548570557BF3AE337E7466F523
:10237000258DD0DFDCFEA36EE0377DC3B81565DAAE
:10238000EA076FF9FAE7AFFBAFED64A411FA9BBB64
:102390002E76726BA7AD0F964A7DF6BF7CEC75A2C8
:1023A0007E71A325530DDC2772B3DD1C2431F5ECBF
:1023B000D2AEA0388A63213315B968750F4E8D5F90
:1023C0009367BBB9AC22A040EAD7FF5568193C7AA5
:1023D000FE433E4C465A4B26B574636EE5C51A99CA
:1023E000F88B32F5F1CA47B2FC5CEC693FEEE3D5FD
:1023F000CAE632D5B9F9ACA79D50E7668D79B839F0
:102400001DFB6E637CA44CB737768EF26ADA29071F
:102410006F22A6F01DF55A54DD57D2F2154BF6F691
:10242000E38DCB3DE8A84C84A6CE618B2721997320
:10243000B162C970B15EA6437D81205531367EAC54
:10244000BB92D642B8505EB14C9D5BA93869332E21
:1024500073F952AAE3DDAF98083E9D3550AB45B203
:1024600034E9FAADDE9D554850851172682BEB6B4F
:10247000D6C9DB03912CCDD4DAD1715F504885E009
:102480009A9590C4BB4EE3F0F1651E6FE5CB94CCFA
:10249000553767F5685B4D356CFCF1485B9A374CF6
:1024A000ECB549996EFB69548792B0C13F5393557F
:1024B000903663E5F0BB5D31211587A4724DD9EAF2
:1024C000D9B3206227B7D265675CF7BD73356A8FD1
:1024D000A905A240AFE99277611869235BB2B3FA0C
:1024E000529268D95C624A265F5D3A122B9BCB3BC5
:1024F000140DFA4ED6AA77322B902EDA9F70F1AFD8
:102500002EF3F12B91AC80CA2FB3D54B75A4BF88A5
:10251000F81D4F2564A16DAE577D08B912BE338CEE
:10252000342DB0B5B14A3A5C50384590D69C71EB29
:10253000D657D79B3D212B8B55183DB6D836A8E9E9
:102540006697F972A95A8F75E83CFEC5C49A0C0EBD
:10255000E5D85CBFA2712BC04835DCCBB3369459AB
:10256000C8948FF6289A6B4F155A1D2C2E10DBE15C
:10257000931CC353C932F4D2EC49278346E47ABD95
:10258000E593F61997161051611C3E6BE462E35710
:102590005DB236F4C265E6069FDCEEF7893FE38A5A
:1025A000811FBFF2A83DFD3A51DFBDEAFCB5D798C7
:1025B000BABDEE7937F09B5F6F5EE5CF28D379DD4A
:1025C0003CFD2B2377187FE8A7EEF815E36D3BD28F
:1025D00078AC75609759A99218E5442A5B5DD437A9
:1025E00027BFF93A997291A7F895156B422A6B9714
:1025F000AB782A33F18C6C992A205EC43217AD3641
:10260000B705574DEA73FBF1D3A11D29AAB8E1FE26
:1026100029936FBBB982F3357B379EFDEE09631EAC
:1026200079D3D6FF28533672EB7E6BCFA85D9957CE
:10263000C593C6E54BD55C3662CCF8FD1FA985DA9B
:102640009746A41CFE5D6E97DB5A585C05E027AAEE
:102650009550D16AD2F5928CB9583FB23549E5CA46
:10266000D4C1A2ADFC76D599EAC8ABC3FDD96E7FC3
:1026700044BD4C0D25FBB0BD767391FA75EB3A75F0
:102680005325A36AA6B2F73D50D58D9D1AA7F064D5
:10269000B38A71472229FC44FAAE72666A3A47F25D
:1026A000B6B9C1D72792CCF9A9A2C2298ED01630CB
:1026B00034AE70D1BE25CB59FB52ED1411C5D4BD3B
:1026C000BC6A656A3CD6A866CE367BA53EF254004D
:1026D000F9DC2E79D8E12B1DDF5ABB6AD2F83D66B2
:1026E000D317CC323BBC2F28A4C218F695CA56B3D8
:1026F000C3A45BBC6CD82722C9DCEE8FDB9A2D2CDF
:10270000AE02A82526F497D974BBEAF14ED7DC8433
:10271000F19532155049E63D3135F789DAD87825FB
:1027200031ADE8BD2FC6E4F8346A9FDF4FC7A9DE9C
:102730005509D9D4B66ACF633A543A799A58D7F83A
:10274000015F402885E2C39F0FEE36DEB4C017114B
:102750004DD1B8EE7BB4C9609E59789FDB2F9F06A0
:10276000216BE32325B2A1FB4D57543005E23AEA31
:102770008D680F25E57B4E6BA0DEC9CBBA27B4036D
:10278000299EEC20F6D16732DB525EAC877DB9938F
:102790004F6BC7BF56CEF2B9CE791DEA39AD3D9D1C
:1027A000AC64B21929A0B2C363E5EA4177576D74EE
:1027B0007D75CF7AB33EADA5179AD6D172EED2A76A
:1027C00046B6E564279973896F025632772F4663C0
:1027D000599AA19CCB636D9E3F7E2A46B2E1DAAE48
:1027E000948D3FA735DF54CEE6FAEB8319CFEEF494
:1027F000F3333A4B57EA0DA196A5DBE3366B51F262
:10280000FCE0646EDCFF8B87462F292AAA22185928
:102810006B5DCBB43A4EB14ED2C76B2B475E7B6536
:10282000415115C133ED437FF4B6D5AFBFFF8BE304
:1028300057B57FC44C479EC45DFFCC0F8EA465DAAC
:10284000EAF55BBEFEC90BBFD278F0CB3FF1FEE7E5
:1028500077F976A479F08E5D3F7865A9D48FCEFEA6
:1028600097FFFDC72E6D3CF8A795152712D37E4E16
:102870003B1E35D8DF1C0E7E7114EA8EA7BECCA994
:102880009CD323C9DC0D0F4EAD3ADBE61E4F7174AD
:10289000FA9B6BFCC237FFFE3FBD25318D48294DA9
:1028A000524BD70D95E982BDD3DFDC4D2B7DF6244D
:1028B000EEE6E1C1DF6CAEB1AE4C556E19D698AB09
:1028C000F78C87A7F39A672335AD2D97946AAB27CA
:1028D000D9D1BE2149ABE12E98F672CF8228319131
:1028E000935BCD94B4DD5C67EB9B4832B7ABB068CB
:1028F0000AA27B915A35A3EBE5ED08589626AB6CFE
:10290000EB246F7E995B01AA254BE23B991A970D48
:10291000BF5932B7D3C0358D97135723F660E234D1
:10292000295D75A3ECC54D39B987076DDBA383BF5E
:102930007643CD9A3585055508CECA6B484E5EF272
:10294000DE883DCFED7A53AA065419CE98B5D52C22
:102950009F66DB83BF35512B5D75A31B0B6DE2EECC
:10296000349520FFECE0637D744BF9DA848726D13F
:1029700043B2E9AD5CA2C46E05D89D6F185EE1A9B3
:1029800095D678C9D264EA8D48617499AE5C96D0C8
:10299000398A1BCBB49B2B174B12ED587563593BEF
:1029A00062AA76B67B2392912D5D7F73190B87B156
:1029B0008BDCD3EA0A08A47016F779BFCCD37973FD
:1029C000DDEA0ABB54923DA32E4BE77CF449DC655B
:1029D000A5F388BE48B164D9512CAAD0CC245BB3EE
:1029E0008CBA2F240C25625DED857673A5EA6F4EB7
:1029F000A8A5C656FFD0256962FC774B766D1625D3
:102A00003BA777CE2B2B4D03AD335513FADBCB8889
:102A10003D937928D451E474D59A263A8520E96407
:102A2000A6DE94D176B4F158F9FA9BEB27D6115370
:102A3000A57CD7ADE1C1565D1A4F0D4EE66AFEC2C8
:102A4000EBBF5140384532BED6B4FF61F55AF3EEC4
:102A5000AA71913CFC599FBFF0FA078B8BAA1032E8
:102A6000F5913BCCBB658B476A5A8FCB566F1516D9
:102A700054316CBCC3B45FF3C57F5D3B91985D91ED
:102A8000DB7E2E16F5BF292EAA42B8F80ED3FA87A0
:102A90002FBF3AA8B722AD25CB8AEDBE4395CD2DE9
:102AA00065B987959697580A9F3B5E71D9F112D9FF
:102AB0001BEEDFB7F19A725DDDB8374E187BF61B5F
:102AC000AFACBD258976D860F694EFE41618F29D78
:102AD000DB792337716FAE8D2A5D64E447F09998F6
:102AE000AA55D68BFA6383E5C6D619EB0A0BAA1052
:102AF000FCBAD4B42A9D04BC19C9D294EB307F111E
:102B000036D2A0A46C3B7B8FC4D432B5E7CB2AB8B5
:102B10002CCB3C01A47C556EE1D9B426C96E6B8DDB
:102B20003E0B22796B41E1144AF7106F68E6E634F8
:102B300008DEB5FA96ADB2C3C73A5D33B6749510E8
:102B40001BCCC2A5492BB2D57D5AB26644AED73C48
:102B50003623A66EB7E41F4DA1A46FA8542A0B9785
:102B6000A38DEF454F6EE5AA76DABBAADBF356D606
:102B70008B9E8DB4872F1FA15B96B0A9E5FC263BE9
:102B80007CECBC2E39F81FC82BC76373FADDD32148
:102B9000D9122A61CC325DED952A993B89E59EBF19
:102BA0009E537ECEE6F3B3FF186CE4EE461F063963
:102BB000A9ABEE4DD54EFF2CCBF45551E292C9E5B1
:102BC0008A254B7CCDBE5CDF92A5BC7633551B8637
:102BD000F17E694A4DB405952D2888A2C99E21D859
:102BE0008CDDFB525C2C8523EAB15E06CBC962CB3F
:102BF000E8680ADFD7FCA20CECAA8D9AEA9EDE9464
:102C0000FB56894F5F27530917A2CDCE78D558A41C
:102C100002AA934ED4D1767325E355DDF74EB791D2
:102C20003EF288DA12D30C83E8AD002B86C70A89FE
:102C3000A428B2A7560959577B8D99C1C95CBD9884
:102C4000788AE3E0D3AFBB242BA019CFCE7191A239
:102C50008A7AD9AE5E9E79FA755F7CDBDDBDC4AE43
:102C600011E97EAB745BFDE86FAD1EAF5FBF30193D
:102C700049E14BB7D58FDEBDFAC08FDD16C69AF29B
:102C8000F2EDD39F73DBA1F99DC7E74B572103D723
:102C9000F95A1F540762215B1B49EE3694AD6D89CA
:102CA000DFF8D7FFF6273F60422D8CF83722E7F791
:102CB00015E52BA16B75BA9CCB3277FE5BD10D5B12
:102CC0002EF5DA865AA724C26593917B606A65DB8C
:102CD000E1F7879A661FC65C78C5FA932DD736EF61
:102CE000906D4C1706ADC7071742A6A66C9B7D8159
:102CF000BDF2F2CB553B96894AB5BFC9443BDE7E57
:102D00006E4FA92ADF6CA5DFA61529B2A8F69E8012
:102D1000564E1A78B9B90522EA13C6AD2F2E900285
:102D2000A82D74BE12DE9B917EE74C094F6F6F5841
:102D30001CB5B1879B1D48AB9D92BC92E0B7A5A680
:102D4000E1C348D8A6B17EE7D2DA65C9AA32A5F0B8
:102D5000A6E293896C246CD046A44DCDD47ABBA155
:102D600052AA6AD7DA48DF968C3DA0D85AE72BE5FD
:102D70007AD0D58A2CF14AB2742EB6D54B8733DD82
:102D8000C3BC3315EBBD2057341291255724B1161F
:102D9000D2E1302F656EAEB3D61BF1E6443EB7C527
:102DA000BF0C92CF68C3926A592F5A037E99A7F439
:102DB00096D4DD86C1B34E37083D5CECCACDBD0C60
:102DC0000EC89796906AFBEE78FB51C5409441BAC5
:102DD0005E774B331327D60EFC66B5622AA365BA1D
:102DE000624F6BCE2E360954BBFD4729AF34DE2B24
:102DF000ADA81A172FAAE835B82A199D9E0922E70F
:102E0000F57C9FF8A3B3D9C7DDC26823D2A9AA2F46
:102E100065067E010BD5956EAFFD5C462BD24FBC8F
:102E2000DFD2AC994BF30FA83856BFB67E4777B4C4
:102E30006A5AC7079FDCEABFEE579B5F2D26A86240
:102E400058FD8D1FE9A8B7E465E7DDE06FB692890C
:102E5000726DF5CADF5EDA5898883513F62D3BBEE1
:102E6000B654EA43BF7CE91D0B13EDC8B15E769002
:102E7000F2F02741754422EA8D07A7365EF5C6E2D7
:102E800042C99F55936F74D9889757BB3DF88B2BD8
:102E9000EEDA9BB8FCE329964E5963C8D4D92707CC
:102EA0007FCB27D795EC6920C99A6E631A1B0691D0
:102EB000CED76A13958D2B6CFE011547D5F595304D
:102EC000DB67067F315D57B6477C8DD4FAAEC36DA4
:102ED000A4C9E0D63D69E9BA2FE8BB0E7791125933
:102EE000D937ECCAFCA3298ED4ACE97B06ED720578
:102EF0005489CD3194C259E7FA0E60361E1B842FD7
:102F000067955B7672F391EE3ABCB39B8B8AA51002
:102F10009C5992CE45BBDCAB8EF85C63299A8AE95A
:102F20002B936AC4BAE659B3ABE2720EA660A67AD6
:102F3000599A4476EA580ABFA5EAB616125141F8E2
:102F4000374C989185A9582FC237ED690E8F96A9F5
:102F5000F6253595FB16A76CE47118B63629D77996
:102F6000F9475418AE56ED4BE61A48CF8470D97025
:102F7000A1DD1CE063AE7A3037776A6C4141A8105E
:102F8000EB7CCD17164541B82535DB8D65AEDC4AA7
:102F90009A870FF8E7DDC0CF4ADD565288F6276BD7
:102FA0008B8A428568478BAE64E5538B7731857E8B
:102FB000E7909ED2EB9696CD1D8BB49BDB325A1BCD
:102FC0002D537B9AA456AD2CF630D58C144607F2BF
:102FD0004CE894BBD3F5D11B40CAB4C997E0C2E01A
:102FE00058FC3BB5325541846B75EB172663773738
:102FF0009690FE2D19B9CFAD8C4D06FBD46DAC3D2E
:10300000BC3FA37DA84CFACDD50F5E7A5377BC6A3E
:103010005A4F0C3EB9B983C9D3FFBD4C8FC478E673
:10302000AC617FF3C254E33137F09BB5247DE2D02D
:10303000EB0B08A928DAFFF2B5E72D66E86CA4DDF2
:10304000DC88F9DD5FFDFAD905845414CDDB3ED66A
:10305000D70CB0A97663A73E2CA0420451DD75863B
:10306000B176735794ACDD9C5F75D5AD8B3569ED4A
:10307000485145D59729036F42DFEF9591C54BD154
:10308000D8F35A3FFDB9BD555FA6AD7EE08A74C343
:10309000390B53EDF8E5CBBA1CF3B1C59779266629
:1030A0006BC585111F06CD4875A34FD324D74B762A
:1030B0009FE36F9F8A953EE8F4F2733E5EDD3851E0
:1030C000AE62C96AFF6EEC233D9494AE1726B7C575
:1030D000F74DB591BADAABC936B70B5336DA8CA8CF
:1030E0007C78B7381AEBAB62CBE6721DEAB696F67F
:1030F000D5A9C46EF6B266B72D713D73EC81470158
:103100005F481405B157B6F9E8420E35F66CE69AF9
:10311000B7959255B6BA919AEB8DFB65CAE14BC54E
:1031200054CD57176F69893DB434F13794EB89DC7E
:10313000E996A1DDDB6D6FAAD18E7CF5802957DD84
:10314000535A5BD1771F533BDA8F6CF9E84BBADCEB
:1031500032297CD9E8CF9C479E0A50B2828A8CFEE5
:10316000E33776F962F30DA370961EC136D232BAF8
:1031700074B8A553488FB4734B8E75F77DA7154867
:10318000F1F825EAAD481F54E1D028573ED6F74F55
:10319000B4C0AA20FA2E4A3C546F44FD77F39AD665
:1031A0000B839B1658393246F38FA7406C7577BA5C
:1031B000F8BCD676FCCB391EEBC5E7932BA6DB60BB
:1031C000D065EDE690CAE692A0DEEC4DB52305543D
:1031D0001F945C5FA99EDCF9AA250F226D82B59B26
:1031E000EB277E721B8E7EFACF4431CFE0E5659FE0
:1031F0001F5C16F1D0DAF5EE8CC2A22980DA2D7FA1
:1032000055AF746BD5ABA611299BFBEA27D3D2A986
:103210007FEE0323BDBC6C3BF2283BD9EABE54EAE7
:10322000476FF9C64F2DDECF1B5737BB4AA5BE638C
:1032300083A85FD29B6A477A232A21B67F1CECF2CF
:10324000A51F4575CDB2BF90D6A9D6AFEB1677476F
:103250000AA86EB8626ABC4CAD83CDC3E357ADBF5C
:10326000F2F77A538D4832F7D027D3A4541D31D5C5
:10327000D755A6164EEBA6FD9DC1D9C90FD54A5606
:10328000BBDEAC5CB662B17FF8F8E5CB8D2B877204
:103290008FA740AA13C66F592C988CB487AF185BC0
:1032A000A6CAC6EC9432BCBEAF916CE4FAA96C3DE0
:1032B0004B3AB3B2EFA926ED48577BE52A883699F9
:1032C000505F59859F89652CCAD7F198EF1B8D6592
:1032D00069CAD7BFE29EBEF15833229F7720CA4405
:1032E0003B6C58592D533F4C5953C9C4F6A65CA4A6
:1032F0007EDDD59272B510B6B5C42CDEE3172BAACD
:10330000303E75E53AB1574C5FBB8A66A41CDEAC13
:10331000DBBEA2648D4AC66AA32B7AE3F6F060395D
:10332000BFA75C6DC7C203E7EDFA466FAA15C9D205
:10333000C8C58BCF3190E2CF9B6EBC3FED8A3FCFAB
:10334000CDE61B8A027D7B3156D9DC92CCA98FA8B1
:103350007B53BE6C4DDF565FAE5585CF3590E2E9AD
:10336000578FF64195DFA94DE5BAC82D9D8A75A105
:103370006BF2BCE14BE1B4E9C2C0F7A662377686D6
:10338000B38FCD37184D629DA4DBC2A2288EFE43B9
:1033900038724F6BC0E51947E12CB945D741553715
:1033A000FA25C96BECBC5E1BADAC18FCF12B8F741D
:1033B0007D754F5F6BC939AD0B14E5A2AFAA6944A7
:1033C000CFEB79361EAB6AE79762C5921F2CD7EE1A
:1033D0006ECCC8D22C1A5432B7A42D5C3396CC557F
:1033E0004A55507132B17673F5AB5B7795AA5CF2B2
:1033F000983FC3EE7CB0332E494DA46CAEFE1DFF4A
:10340000B152A91FF543F59F6EF5941A915615F523
:10341000C6AE8F942AA13BEACF30BFB970D1127BE0
:103420001C75BD627CA9B6FA8EA0FE606FAAB9CCED
:10343000456B99812A9B5B0AD51189A86F78706AC0
:1034400063A9EE78F276B4B975A1DD5CEC018697DC
:103450000FEFCDB3E7B1E2496DE5D3B5859BDB5AFC
:1034600091CB1737BCDD96AA558533D5EAD09ADEC5
:103470005433D282AA669372D5B46EB0A99D5868AF
:1034800053D28E96CD55B50B145E5A966EE5685F95
:10349000156952BA4E1BFAFBBB07EBA6C38432F682
:1034A000AA093D4CDA23D1EDEA8B894687C8E58B22
:1034B00077B65C4D06BDA45C5BEFEA3CB8514E6E3E
:1034C00080972FCE64354B3672BD5EAB94ACEEC99F
:1034D0006627ACF09C0727EF8D78FDBA2B20A00261
:1034E000D99CDABEAEF1A325B2657C1086ED8DF8CD
:1034F000654E6EA52AA531D99D3C76F34AF37BB281
:10350000F5FD37A3DFB545045434DD1CAA8B543CCC
:10351000D9D019A12D229882487D6FCC5BBC935BDA
:10352000A56F08564A13F2AEBE3B1E3FD67DF4D3BC
:10353000571C4B3B3E8F74CE5235654BE1ED926A82
:10354000FD65DAD2E49789D7BF3C881CEBAEB0208A
:103550007478A18419B6D3205D26236BCB5646B36D
:10356000041B79945D79E9A475487D4B9E7E7BF8B8
:103570002939224A55BF9E8E576BA9A9746B945A5C
:10358000F36C3707482C0F5FAAFA8705D676FBA1A4
:1035900068B7077FA7846534FD8D3F1BB11B3B4B8C
:1035A0004A379DF727CAB76907D3395F7DE82F925D
:1035B000A3ED15CB3E89BB5C64D7A17FF8575F4E66
:1035C0000EB687A25DF298D25DAF77BA9AB9FFFFC7
:1035D0004AFEB49D44FB8C2E1FABB3A1A83FE3125F
:1035E000AC4ED24F02AC6CAE1FF637A7836E21559E
:1035F000BCE2C996AB5872959581FDC13F5CF1491B
:10360000D9ECB18C6C49A9BD752A79B59591485F03
:1036100015E5A37380ADA899DD267E4FABE0CAB552
:10362000C36799F64AFA87665C76F8659A11958CB5
:10363000A50554484FECECB0500AC1DCDC204A78B8
:10364000ACF758A61CDEE51988123EE976BE82F476
:1036500078AB0E36DBF849F4796EA5A596C92FF73D
:103660009CD63232D6692114EB6AAFB4D8249CE0E0
:103670009B783B7CEF922CDE5AB2DC44CFEBAE5C05
:103680007741F8EE7B92B59B6B7F3FFEED52A92F01
:10369000D0C9DA40EEF09DCB18C0935B6F4FC64B9C
:1036A000E11760613422279C76042AC8F1EEA2A5B6
:1036B0003436B745EB94C02FB95BD3C6BAD02D3999
:1036C000A0C77A2DDCF633F839AD6565732D7BC064
:1036D00087C32BA5E95065892C26544704553D2402
:1036E000737027B785DED4F0F2F03DF556A4C3869B
:1036F00092D253F778EA0BA0267386EA98E0A9B332
:10370000E20971ABBBDEBBDE45ABDA0370BB8FAE4B
:103710006A6ADEE7162AFD8A252CB0978FF5584D88
:103720000B2AFD8DA8A0EE6E5CB1D0278D59AE1C82
:10373000BE94B86EFD42E3986E1C85E2EC84EF9B6C
:1037400044525F00B67EBD075496C61B339E8D64FF
:103750009D1221D5B99DD43008A99B0EFFD66AB51C
:10376000731B775809ED6FEB465328D66CEB64203A
:10377000EB5E066E996737961317D2F816D2563756
:103780004B6F06F8E76664B71D9ADF797CFE157704
:10379000B777FFDD1D708DC8169FEBC6AC0D2258A4
:1037A000EADD43BD7309FBB8D30B448DEC788F3E43
:1037B0001DA0E460EDF00BD9F9F00E77720B74BB2D
:1037C000DC836A62305A09BDDF778AE45DE4697E92
:1037D00039A3D6BF59DA5D3AD60E2F97AECDDE7833
:1037E0001BA9D5E448B6C5178E70B69A04A17BED27
:1037F000629D0C9A4735232998DA6D2BCF7887EC98
:10380000F56632EB5EF37B4027B7F6BB7EE08C5F5C
:103810001E9193DB8E30D59871BAE114CA969563E8
:103820007784AD7E47D8D72D5441D5BB568EFD4603
:1038300050DF71D0B061092854470449DD6FBC6680
:10384000FDD65532F2CE90CCB59092B9BDEBCC54AA
:103850002D74D5B1B62E531E290FEFCD559F1C0BDD
:10386000F530597ED62EF310945231B6A96A5CA871
:1038700083727B65AA89D42EBE662A7DE5230790D4
:10388000DAD4787BC88C86ABF68C0790AEDCC4BAF1
:1038900053221B9EDA6626F4CAE67408295CA883C4
:1038A000A9985AE461E4A5233535D9DEB69266F2CB
:1038B000FE88763C85929AAAF1AE33DE9A550DA524
:1038C000589CECEBB61212FAAC3911520A6F2EEB7F
:1038D0009CDBA626A764D844EA22DF2E744092BD62
:1038E00021350E6F0E9B359366A27A20ABF96920C5
:1038F000E5E68CBD2238FF76327CB5016B3F37D9C7
:103900006D5591181FDACF8165692A595BE1AC15B5
:103910001D540B2AB790CC857B61D09E0412B677DC
:10392000AF6505D29D4F3E1BF6DA0CC69EE6573AB0
:10393000FCE268F047525FA07B0F8CD38D420F876B
:10394000B6D5174BA8B0D4C313B93B3BBBA4F21EEA
:10395000293777F2F35A819A16A4B5644F38A957DC
:10396000B68675D0402AA0EA312E99F9AA6F431D78
:10397000EB4B4152EF94C08723DC879119C5500A65
:103980006749DB54A5939BEE03DDAC09E739A8B288
:10399000B98BA72B3F2D29FB572EDDF98CEC00AD01
:1039A0006F039DDCEAB32B2F1D373B922FEF6CCBBF
:1039B0005472DC29C75320F5EB575EBAD634DC8746
:1039C000DFF31D99DA85544A935EBFF23C51FFAF95
:1039D0005F7E4F7836B17D4C3B1E2D3C3B6E281AE6
:1039E000FD078C54949F04A2F4D438D71922DDFB30
:1039F000E27F7C74BD33E6AA3FBCF2B765AAF14D05
:103A0000E5708A244DB6546B66FCFE6A76C035A11B
:103A1000CAE1DF3A3636695A7BEE5CB34F26DA48A4
:103A20009DB4ECF3D9F3672B695613D142DAEABDA2
:103A30008BA64EC7150790EAD7BDE97F20670D69B1
:103A4000AB7749CD5853DEF64065645DE7CD67C37B
:103A50001AD46D3F26B5593E326B2D69DBBA052667
:103A60001A546DB6025A48273763568407B07BD77D
:103A7000795E2B526B493B1C86726E1F0ABBBAE201
:103A8000ADFB1AF8ECF0EE1EE348E5F0A69BB8FBA0
:103A90002BC2D01DD3BF7456A011068AE7755FF400
:103AA00002D3EEBE2E834DF28674DB4F975E010982
:103AB0005C2FC22E1B8ABE43EA5ED32CF43618DE7E
:103AC0002CD295DB22D93E0FB5C3FBDE48A68ED49F
:103AD00028DC854148E37D360576BDDEEB5934E4CC
:103AE0006690EE643E09C58C6C65F9AFE4B65C0F78
:103AF000D63CB8BF5C32C17A1C466AB6D6C68CAD1D
:103B0000D6B65A137A1ED3DAED94A99A754845159C
:103B1000270175AC7718ED9ED891AA1B4F0269ABAF
:103B2000FBC5AEB2C30049BD87AF8464CE1F036A34
:103B300037D7C36767B5E439A71C47C18466B2FEAF
:103B4000CC9085DF85D61E3E53CFB67A0BB3A82224
:103B500090801550F58398C29B4E310DB73A0A3EBE
:103B60004BE6AEF4611CB38D6C56DB86D45AD2F4AE
:103B7000B6FAA40BE390972F151B8660C77A171B24
:103B80000668599AACF2A173D31752D7F80BA45E0A
:103B9000067B70CFEB7B304F6E1968C95C7698BBA3
:103BA0006C14ACCEAD1FB4ADDE07A47AA7350D58AA
:103BB00046B61FC8ADDE0150BDD2298E6F029ED71A
:103BC0007DF71D50BD07E00EEFBAEF58599A253723
:103BD000D1E25EBE20EEF03D4E38ED080AC775DF3B
:103BE000B08EF525C0EDF09DFC8CC5CCD2744B2574
:103BF000ED71C0A6051D773FA71D8502CE84D21AA0
:103C0000267390501D8E04B780AA8A76E5B604C04C
:103C10003C7C07EF2073731D509339B69B03055509
:103C2000BD82D7A0A40FD4AD6EA88E09D5113901DD
:103C3000D4FD965CAD55FB7499874784EA88501D86
:103C40001124F5EAD2C917B0FA9BABF6E96275B058
:103C50007846DF7803ABAF8AFE5D1EABBAF1A4E70E
:103C6000B96985A10F92FAC929BC4E142F0790B6E5
:103C7000FA49501D11AA178F4EC1585F3F6B588FDC
:103C8000A8EDC31A7B1CA9BFB9E1C5D1D011935EC1
:103C900020DA202573234B9FA606F59CD6A5206D20
:103CA0007553EDDFEA503D85D787FEAA6FAAF97DEF
:103CB000B5408AE7E2A5EADF510BA47864AB5F72F6
:103CC000C7E224523207AC7E125029FC52A88E075C
:103CD000D68389F7AEBAFA8D130B532DA41E452552
:103CE000851F59BCB7CD226DF58C851269ACDA976A
:103CF000A5C0267354C7044DDD2D8E22257376E9A9
:103D0000A36690B67AB5E2FAA61A485BFD2490B68F
:103D10007AC02E8E42DDFBB2E450B7685BBD0F2443
:103D2000F59A64E017377C03EB21E4BE7F1C69AB96
:103D30004B8666B4AF2D1152C7C9EB964C59A4E718
:103D4000B99925F7BE7866691041524F245333B1B3
:103D500090CCB5B08E75B7613181B7680D4AAE3D74
:103D6000B8308A742B800B838524BE85959B93C3C2
:103D70007DB1301AA96941C6E2430C91AA20422FB5
:103D8000B27D591AAC3EA82A7DEE4DB886A2983B6A
:103D9000BC37FD6D06FD77D502510729239B81B9FC
:103DA000C32FA97B31EE44F71CDF59199D23C1F6BF
:103DB0007DCD77BED7E95DBC53B0F592CD50C02222
:103DC00096CC60FA6630A68DD4786CC4D4C66D7378
:103DD000611229233BB47412E9A2351C0F767112CB
:103DE0002E4BB308D8C9ADFF2E08A4F6F027916D6D
:103DF000F53CCF28F1190A3B918619EAC6D7166718
:103E000068C15DAF2F0276ACF7437544A88E08D524
:103E100011A13A22544784EA88501D11AA23427501
:103E200044A88E08D511A13A22544784EA88501D2F
:103E300011AA234275447251DF76687EE7F1F9A535
:103E40004D535FBE70EB23427544A88E08D511A177
:103E50003A22544784EA88501D11AA23427544A887
:103E60008E08D511A13A225447E484719F19DB785A
:103E7000F5A7FDD5329848EE93C13D952BEE9BB842
:103E800067FD8A7D57DCB3FEF2E1F14FACBFFCAEBB
:103E9000B1C94D32D8D8DC2E83AB5FBA194CFE8B3A
:103EA000E89F61C7A6B77FEAA77FAA3383310EA92F
:103EB000A792CEBAEA4DF9C34656D5F60393B2AAF5
:103EC0000E4CEE975535B97F8BACAAFD5BEE945541
:103ED0002583732637C9605373BB0CB6CBBADDB4E8
:103EE000FDC04B3783C97F118366007B36F38BB6E9
:103EF0003A2CD0293C2C544784EA1854FB271C94B4
:103F0000FA52A88E08967AD23F01D5DB209FF0D5D1
:103F1000054A3D59B2C3637591BF04A8ADBE1444B0
:103F2000F5F59D37A867382E0571AB77A13A0ECD10
:103F3000851130F5F1C551FB2CD08311FA6730A6FD
:103F40003D6BA0482717C7919EDC595B3AF93CE0CE
:103F50000EDFC9D2B4A70D188BCF07785A318AA2C9
:103F6000F1A6BFB082756E18645B7CF1594F504F5B
:103F7000F85A92C4833D91BBBF780EAB6CAEDAFFAA
:103F8000FC170755226B4DFFB18ED4A044B08B8730
:103F90007B13AC94A6BFC211E939ECDE6CAD4D2E9B
:103FA0003E911BEAA93F2EA98C6DEA4DB4A02E5A72
:103FB0006BEED3CEF5262C583267CCC205BB43BA84
:103FC0007C11FCFA8551BC07142F3E8C1C298537C7
:103FD00055D75FDF8856DD585B90F75019D9A61981
:103FE000EB9B6A6B85A10FD495DB524E2C6D4787F6
:103FF000C40B27974EE380F530F225401FEBB050FD
:104000001D11AA23427544A0D59D76084A6095D219
:104010002C057A87870555DDE11EEBDE785EAF2340
:104020004275444EF4379DC402ADE2A90FD41D9EE3
:10403000E7755050777843754C4EACD58E4087BAB3
:10404000693EE7B483D0C19B16537844A88E08D547
:1040500011A13A22544784EA88501D11AA234275BF
:1040600044A88E08D511A13A2254470459DD694766
:10407000A003EBDC404156076E5AA01D831EC83BCF
:10408000FC424FF16858B04ED7FAC1DEE151413ED3
:10409000B939ED2074601E1E14AA23427544A88EFF
:1040A00008D511A13A22544784EA88501D11AA2349
:1040B000427544A88E08D511415677DA11E8C03A06
:1040C000375090D5819B1668C7A007F20EAF1D80B0
:1040D0001E544704591DF8E4E6B483D08179785022
:1040E000A88E08D511A13A22544784EA88501D11A0
:1040F000AA23427544A88E08D511A13A2254470438
:1041000059DD6947A08543DEEADA01E881AC0EDAC1
:10411000B4C09AE69C760C4A548D417D4EABC13EAC
:10412000D6B503D083EA7084640EF8E4E6B483D095
:1041300082797848A88E08D511A13A22544784EA9A
:1041400088501D11AA23427544A88E08D511A13AA2
:104150002254470459DD6947A005EBDC8A60DBA1E6
:10416000F99DC7E78D2F6C81A70BF2D6076E62A071
:104170001D83126C3F070AD511415567FB394C98D6
:10418000978784EA88501D11AA23427544A88E0897
:10419000D511A13A22544784EA88501D11AA23421E
:1041A000754490D59D76045AB0CE0D126475E0A684
:1041B00005DA3128C17673A0501D115475B69BC322
:1041C00084797848A88E08D511A13A22544784EA08
:1041D00088501D11AA23427544A88E08D511A13A12
:1041E0002254470459DD6947A043D5383628410495
:1041F000591DB4698131FEB076044AB0DD1C2854E3
:104200004704559DEDE63061BB3948A88E08D511AD
:10421000A13A22544784EA88501D11AA23427544CA
:10422000A88E08D511A13A2254470459DD6947A048
:1042300005EBDC204156076E5AA01D83126C370730
:104240000AD511415567BB394C98878784EA885055
:104250001D11AA23427544A88E08D511A13A2254F3
:104260004784EA88501D11AA2342754490D59D7653
:10427000045AB0CE0D126475D0A605EC6F0E14E48E
:10428000635D3B003DA80E07DBCD61C23C3C24547E
:104290004784EA88501D11AA23427544A88E08D588
:1042A00011A13A22544784EA88501D11AA2382ACF6
:1042B000EEB423D082756E9020AB03372DD08E41A3
:1042C00009B69B0385EA88A0AAB3DD1C26CCC343AC
:1042D000427544A88E08D511A13A22544784EA8831
:1042E000501D11AA23427544A88E08D511A13A2267
:1042F000C8EA4E3B022D58E70609B23A70D302EDE8
:10430000189460BB3950A88E08AA3ADBCD61C23C34
:104310003C24544784EA88501D11AA23A2ACBEED68
:10432000D0FCCEE3F3C66BC6C0AD8F08D511A13A61
:1043300022544784EA88501D11AA23427544D87E2E
:104340000E11AA23C2F67370B0FD1C285447045501
:104350009DEDE730611E1E12AA23427544A88E0807
:10436000D511A13A22544784EA88501D11AA23424C
:104370007544A88E08D511415677DA11E850358E6C
:104380000D4A104156076D5A608C3FAC1D81126C6E
:1043900037070AD511415567BB394CD86E0E12AAA2
:1043A00023427544A88E08D511A13A22544784EAC5
:1043B00088501D11AA23427544A88E08D511415674
:1043C00077DA1168C13A374890D5819B1668C7A043
:1043D00004DBCD8142754450D581DBCD8546E14E6D
:1043E0003B042D98878784EA88501D11AA234275C3
:1043F00044A88E08D511A13A22544784EA88501D5A
:1044000011AA2342754490D59D76045AB0CE0D1260
:104410006475D0A6056C37070AF2B1AE1D801E5434
:104420008703B8DD1CFB9B0385EA88501D11AA2376
:10443000427544A88E08D511A13A22544784EA88CF
:10444000501D11AA23427544A88E08DBCD21427568
:1044500044D86E0E0EB69B0385EA88A0AAB3DD1C75
:1044600026CCC343427544A88E08D511A13A2254E4
:104470004784EA88501D11AA23427544A88E08D5A6
:1044800011A13A22C8EA4E3B022D58E70609B23A7A
:1044900070D302ED189460BB3950A88EC8898A7613
:1044A000043A548D3DA61D8312D6D8E3DA31E88153
:1044B0007CAC6B07A007D511A13A22C8EA35ED08FC
:1044C000B4F0CF6B47A007777840FCF3A976086A71
:1044D0003CAD1D801EC8C7BA76007A501D116475A8
:1044E0009EDC0041DEE195969B282DB70FEEF0880B
:1044F000501D1126738870874784EA2F2BB61D9AAA
:10450000DF797CDEF82296159A18B06109202FC752
:104510001DBF20A88E08DBCFC1017C72336C3A88A6
:1045200009D511A13A22544784EA88501D11AA23C3
:10453000427544A88E08D511A13A22544784EA88CE
:1045400020AB3BED08B460BF739020ABB3DF3934D0
:10455000D8EF1C28544704551DF879ADC6F8C34E52
:104560003B042D98878784EA88501D11AA23427541
:1045700044A88E08D511A13A22544784EA88501DD8
:1045800011AA2342754490D59D76045AB0CE0D12DF
:104590006475D0A6056C37070AF2B1AE1D801EC83F
:1045A000EAA03D8F81F737A71D831EC8C7BA7600E2
:1045B0007A501D11AA2382ACCEC75C0182BCC367AE
:1045C00043AB1B840E9D3CBCD70D4207E4673333DD
:1045D0008507043E8587045EDDE906A143A7F6C58D
:1045E000EB06A14338AFD7B48350C107F597C14359
:1045F0000535784A71D9BA7B9B47CEC86A07A007B0
:10460000B6BAD78E4189E79D76043A548D638312FA
:104610004490D541DBCD852E79B4235082EDE64020
:10462000A13A221DF5B66E100A4832F76C76726B0D
:10463000C3955658D3FCBE0B2378EAC6B876F686E7
:10464000A80E78942F009FC2434275C464AE530EE7
:104650006F7583D001BE2D8DD50D4207DE0581C853
:104660000903DB844AB3A655991398ED0A0C2B99DC
:104670004109EA76AB03CCC8361ED78E408FECE4F6
:10468000E6B4A3D0C03D1ECCABDA6168E09E3059E1
:10469000C12C20D84D0BBCD292B5F735FF6DE5008B
:1046A00014E1E50B2227D48F3935A0537858A88E12
:1046B0004850777BB4A3281E6BDAC7B38E98BC72C0
:1046C00020C55335F62866F583608F9BBA760C4A71
:1046D000D86F6947A0475636A71D840AF68471FB38
:1046E000DFD51AFE7FB403299AAA693FB5B6B1BFD8
:1046F000B21A4FDD9AD651D7FAFD1BBFF2B7E70FBA
:1047000069C752386EC6B47EFF359722AA9BC7B4DC
:1047100003D0033C0F0F0AB4BA9BAA8DAEDFAA1DCB
:1047200047F1349F340F7FE4D53FF2EE87B403297D
:104730009ED63163E4B2D55BED4014785E323655D7
:10474000C8DE2A5AA81D271BF0141E1664F59AF11C
:10475000985DC437B19B07AF3793DA5168D03862A0
:104760004C3AA21D850AADEF18B742ECD7E155359A
:104770005BD9E1D7AEB24A4B576AA3E9B261E3D144
:10478000D42755AF13822EBDC663806D643B6D691F
:104790009C72102A74B6BAD358B47646CAF1CA0DC0
:1047A00011AA23427544A88EC889D06ACE6F99D2C7
:1047B0008EA368ACF1C7B43355C5E3C2A0BAF814F0
:1047C0003FC0EB97F96C887877A381BEBBD1A490EA
:1047D000A592C63D655AF7FEE40EED308AA76ADA67
:1047E000DF31AD2F5F7A543B90E2B1C67EDFB5BEBC
:1047F000BC13505DF89E415577DFD38E400FE83CE7
:104800003C2CD8EA6FDCBA573B0A0DDA6DE33C6208
:10481000FB29635A2F18B327F5DA61A8F0B471EBBE
:10482000B658ED2854607B7844A03B6CF0DA212820
:10483000113A5DC32B98CCB0D0C7BAA9611EEDFE6A
:1048400069D9F24E3B0A155C28875FD1DC93E2956B
:1048500046378E6527B71A605AE73BF7AF23DEFB72
:1048600062438FA2788D4403EC6F0E11EC2E7443DB
:104870000A8F78B4BB4E7F734AEAAA9909370FB9F9
:10488000C5335EA82076C31400BFE309156875E739
:10489000C31D4F48972FCE649D4FCD2239F7513518
:1048A000F658685AA11D870E80FDCDB9CE9B3DA25A
:1048B0001A850EB633844EE1850FFA04AFFB2DFF47
:1048C00054D8FC1F7CED257839F9E6D36178CB8785
:1048D0005E85B7D55BB36178CB6F0266E59BD0FD93
:1048E000C3C34275443275C8FEE6EC63A14416B2F8
:1048F000BF39F79C76047AA01FEB98501D91578C16
:10490000FAB643F33B8FCFE7515D92AD02BC06355B
:1049100081ECDE56A71C840AD8AD2B60A13A225444
:104920004784EA88A0ABEFD68E4203FFAC76047AC8
:10493000A0EFF098501D11AA23427544A88E08D507
:10494000118156AF1AB3CE741F6FD6B9A3DD66437B
:10495000970D7DE76B9DFA994E43F24E2BC39760FE
:10496000860216317006635AEDC52F144976F3F8A6
:1049700068E18BED87B52F90A0AB370B5F6C9A3851
:10498000ED36D9ED6794035024DBEA459D515E3C3A
:10499000436127D217CFD09E36B0A0277398501D01
:1049A00011AA23427544A88E08D511A13A22544772
:1049B00084EA88501D11AA23427544A88E08D51197
:1049C000A13A22544784EA88501D11AA2342754413
:1049D000A88E08D511A13A22544784EA88501D11A7
:1049E000AA23427544A88E08D511A13A225447E45F
:1049F00084719F19DB78F5A7FDD5329848EE93C1F5
:104A00003D952BEE9BB867FD8A7D57DCB3FEF2E146
:104A1000F14FACBFFCAEB1C94D32D8D8DC2E83AB60
:104A20005FBA194CFE8B183403FAE32B65556D3FC2
:104A30003029ABEAC0E47E595593FBB7C8AADABF68
:104A4000E54E595532386772930C3635B7CB60BB9B
:104A5000ACDB4DDB0FBC743398FC17316806F61ED7
:104A60000C0AD511A13A22544784EA88501D11AA94
:104A700023427544A88E08D511A13A226AEAEADDDC
:104A800065BB1754BA8AB6A6A0450C9CC198F6AC73
:104A90008185C73A22544784EA88501D11AA2342CF
:104AA0007544A88E08D511A13A22544784EA889CFF
:104AB000B8C90EFAC815174541248BA3E79BF6D356
:104AC000D7EA45B2501BA0C0178CFBDE06BDC56BF4
:104AD0003261ECF39A5B5D11D9EADFDFD07F041419
:104AE0008CCA0EEFB3E184693EA9B1F49707C827D9
:104AF00037ED00F4A03A22544784EA88501D11AAE9
:104B000023427544A88EC809AB1D8116F684D30EC6
:104B1000410B87BCC36B07A007D511A13A223CAF5C
:104B200003C2F33A245447E4C45AED0874A89BE640
:104B3000734E3B081DBC693DAF1D831EC8C7BA76C6
:104B4000007A501D11AA23427544A88E08D511A1E0
:104B50003A22544784EA88501D11AA23427544A87A
:104B60008E086AAB0AD6B98182AC0EDCB4403B0633
:104B70003D907778ED00F4A03A22A8EA55635E00F4
:104B80003EB939ED20741831EEDBDA31E8817AACC8
:104B90001BAA63427544A88E08D511A13A22544736
:104BA00084EA88501D11AA23427544A88E08D511A5
:104BB000415677DA11E8C07673A020AB03372DD0C9
:104BC0008E418F57F60EBFEDD0FCCEE3F3DD6717B5
:104BD000FD537965AF827F16544704591DF824E7C9
:104BE000B483D081797950A88E08D511A13A225486
:104BF0004784EA88501D11AA23427544A88E08D51F
:104C000011A13A2254470459DD6947A003EBDC4067
:104C10004156076E5AA01D831EC83BBC76007A50D1
:104C20001D116475E0939BD30E4207E6E141A13A62
:104C300022544784EA88501D11AA23427544A88E45
:104C400008D511A13A22544784EA88501D11647591
:104C5000A71D810EAC730305591DB86981760C7AC6
:104C600020EFF0DA01E841754490D5814F6E4E3B5C
:104C7000081D98870785EA88501D11AA23427544AC
:104C8000A88E08D511A13A22544784EA88501D11F4
:104C9000AA2342754490D59D76043AB0CE0D146493
:104CA00075E0A605DA31E881BCC36B07A007D51112
:104CB0004156073EB939ED2074601E1E14AA2342E6
:104CC0007544A88E08D511A13A22544784EA885029
:104CD0001D11AA23427544A88E08D511415677DAD2
:104CE00011E8C03A375090D5819B1668C7A007F2EB
:104CF0000EAF1D801E544704591DF8E4E6B483D05E
:104D000081797850A88E08D511A13A22544784EAB7
:104D100088501D11AA23427544A88E08D511A13AC6
:104D20002254470459DD6947A003EBDC4041560794
:104D30006E5AA01D831EC83BBC76007A501D1164BC
:104D400075E0939BD30E4207E6E141A13A22544716
:104D500084EA88501D11AA23427544A88E08D511F3
:104D6000A13A22544784EA88501D116475A71D8119
:104D70000EAC730305591DB86981760C7A20EFF0EB
:104D8000DA01E841754490D5814F6E4E3B081D987D
:104D9000870785EA88501D11AA23427544A88E080A
:104DA000D51129A1FAB643F33B8FCFCB65E9695200
:104DB000C25570BA501D11AA23427544A88E08D559
:104DC00011415677DA11E8C0BA375090D5819B1857
:104DD00068C7A007F20EAF1D801E544704591DF886
:104DE000E4E6B483D081797850A88E08D511A13A31
:104DF00022544784EA88501D11AA23427544A88E84
:104E000008D511A13A2254470459DD6947A003EBA4
:104E1000DC404156076E5AA01D831EC83BBC76007D
:104E20007A501D116475E0939BD30E4207E6E14171
:104E3000A13A22544784EA88501D11AA234275449E
:104E4000A88E08D511A13A22544784EA88501D1132
:104E50006475A71D810EAC730305591DB869817671
:104E60000C7A20EFF0DA01E841754490D5814F6E5D
:104E70004E3B081D98870785EA88501D11AA2342DA
:104E80007544A88E08D511A13A22544784EA885067
:104E90001D11AA2342754490D59D76043AB0CE0DDB
:104EA000146475E0A605DA31E881BCC36B07A0077E
:104EB000D5114156073EB939ED2074601E1E14AA63
:104EC00023427544A88E08D511A13A22544784EA9A
:104ED00088501D11AA23427544A88E08D511415649
:104EE00077DA11E8C03A375090D5819B1668C7A091
:104EF00007F20EAF1D801E544704591DF8E4E6B4B6
:104F000083D081797850A88E08D511A13A225447D0
:104F100084EA88501D11AA23427544A88E08D51131
:104F2000A13A2254470459DD6947A003EBDC404114
:104F300056076E5AA01D831EC83BBC76007A501DD2
:104F4000116475E0939BD30E4207E6E141A13A223A
:104F5000544784EA88501D11AA23427544A88E083C
:104F6000D511A13A22544784EA88501D116475A7CF
:104F70001D810EAC730305591DB86981760C7A202A
:104F8000EFF0DA01E881A2BEEDD0FCCEE3F3723A95
:104F90007F3128ABE01420AB039FE49C76103A30BD
:104FA0002F0F0AD511A13A22544784EA88501D11C7
:104FB000AA23427544A88E08D511A13A22544784E9
:104FC000EA8820AB3BED0874609D1B28C8EAC04D01
:104FD0000BB463D0037987D70E400FAA2382AA5E51
:104FE00035E605D0939B35CD39A71D84160E758700
:104FF00037B8C7BAA13A26544784EA88501D11AA87
:1050000023427544A88E08AE7AFAB476047AE06E2C
:1050100075AA43427544A88E08D511416D37C73A29
:10502000375090D5819B1668C7A0446850A21D8355
:105030001EC8C7BA76007A501D0EB69BC384797815
:1050400048A88E08D511A13A1E350FAB0EBCD5A9C4
:105050008E09D511A13A2254C72335F3DA21E8018C
:10506000BBD5A98E09D511A13A22C8EA4E3B022D23
:1050700058E70609B23A64D3021F9A163CA91D8567
:10508000126C37070AD511415567BB394C98878791
:1050900084EA88501D8CBD61F05DED28F4C0DCEA27
:1050A00019544784EA88501D11AA23427544A88EDA
:1050B00008D511A13A2254470459DD6947A005EBF0
:1050C000DC204156076E5AA01D83126C37070AD5A3
:1050D00011415567BB394C98878784EA88501D1168
:1050E000AA23427544A88E08D511A13A22544784B8
:1050F000EA88501D11AA2342754490D59D76045A22
:10510000B0CE0D126475E0A605DA3128C17673A021
:10511000501D115475B69BC384797848A88E08D564
:1051200011A13A22544784EA88501D11AA234275DE
:1051300044A88E08D511A13A2254470459DD694785
:10514000A005EBDC204156076E5AA01D83126C3778
:10515000070AD511415567BB394C98878784EA887F
:10516000501D11AA23427544A88E08D511A13A22D8
:10517000D0EADB0ECDEF3C3E6FBC76246A406F7DFB
:1051800058A88E08D511A13A22C8EA4E3B022D58E4
:10519000F70609B23A701303ED189460FB3950A872
:1051A0008E08AA3A7032678D3DEEB483D08279784A
:1051B00048A88E08D511A13A22544784EA88501D88
:1051C00011AA23427544A88E08D511A13A2254474A
:1051D0000459DD6947A005EBDC20415667BB393433
:1051E000801B9418EC635D3B003DA88E08D511A18F
:1051F0003A22544784EA88501D11AA23427544A8D4
:105200008E08D511A13A22544784EA88501D11AA6C
:1052100023427544A88E08D511A13A22544784EA46
:105220008840AB57B3F75A364CB3A1CD862E1BFA44
:10523000CED7926C58C9862FD90C052C62E00CC6CB
:10524000B4670D2CD03B3C2C5447045DBDA833CA39
:105250008B6728EC44FAE219DAD30616F41D1E1304
:10526000AA23427544A88E08D511A13A2254478436
:10527000EA88501D11AA23427544A88E08D511A1B1
:105280003A22544784EA88501D11AA23427544A843
:105290008E08D511A13A22544784EA88501D11AADC
:1052A00023427544A88E08D511A13A22544784EAB6
:1052B000889C30EE33631BAFFEB4BF5A0613C97D22
:1052C00032B8A772C57D13F7AC5FB1EF8A7BD65FAA
:1052D0003E3CFE89F597DF3536B949061B9BDB65F9
:1052E00070F54B3783C97F11836630C6426F75599D
:1052F00055DB0F4CCAAA3A30B95F56D5E4FE2DB241
:10530000AAF66FB95356950CCE99DC24834DCDED9A
:1053100032D82EEB76D3F6032FDD0C26FF450C9A00
:10532000C118FFACF6BAD7037A878785EA88501D83
:1053300011AA23427544A88E08D511A13A225447D8
:1053400084EA88501D113E100111E81D1E16AA2383
:10535000427544A88E08D511A13A22544784EA88A0
:10536000501D11AA23427544A88E08D511A13A22D6
:10537000544784EA8860ABBB419F55735EB6CFF952
:10538000F75FC492D62CADFF51F4E25F3E60EFF0C0
:10539000A8503D4F92FC17F14FE269ED00F4E00E8A
:1053A0008F08D511A13A22543F15795FB8154EBA2E
:1053B00064CA3D35F89AB5A4D8EE7BE3986614BA72
:1053C000E47FAC37735FC23F8D26FBA08243D2F0EF
:1053D00017D66A07A143DD349F73DA4168E150773D
:1053E00078837BAC1BAABF986D87E6771E9F2FBE84
:1053F0009240036E7D44A88E08D511A13A225447ED
:1054000084EA88501D11AA23427544A88E08D5113C
:10541000415677DA1168C1BA374890D5819B186830
:10542000C7A0446858A21D831EC8C7BA76007A5028
:105430001D0EB69FC384797848A88E08D511A13A6D
:1054400022544784EA88501D11AA23427544A88E2D
:1054500008D511A13A2254470459DD6947A005EB4C
:10546000DC204156076D5A604D734E3B0625D86EC1
:105470000E14AA2382AA0EDC6E2E9CDC9C76105A97
:10548000300F0F09D511A13A22544784EA88501DE4
:1054900011AA23427544A88E08D511A13A22544777
:1054A00084EA8820AB3BED08B4609D1B24C8EAA0C9
:1054B0004D0B8CF187B5235082EDE640A13A22A82E
:1054C000EAC0EDE6C2C9CD6987A005F3F090501D92
:1054D00011AA23427544A88E08D511A13A22544737
:1054E00084EA88501D11AA23427544A88E08B2BAD6
:1054F000D38E400BD6B94182AC0EDCB4403B0225C2
:10550000D86E0E14AA2382AACE767398300F0F0994
:10551000D511A13A22544784EA88501D11AA23428A
:105520007544A88E08D511A13A22544784EA8820F0
:10553000AB3BED08B4609D1B24C8EAC04D0BB423FF
:105540005082EDE640A13A22A8EA6C378709F3F0D1
:1055500090501D11AA23427544A88E08D511A13A76
:1055600022544784EA88501D11AA23427544A88E0C
:1055700008B2BAD38E400BD6B94182AC0EDCB4402F
:105580003B0225D86E0E14AA2382AACE76739830D9
:105590000F0F09D511A13A22544784EA88501D11F2
:1055A000AA23427544A88E08D511A13A225447E493
:1055B0001FA3BEEDD0FCCEE3F3C6E7158B12DCFAD9
:1055C00088B0FD1C22544784EDE7E060FB3950A809
:1055D0008E08AA3ADBCF61C23C3C24544784EA8857
:1055E000501D11AA23427544A88E08D511A13A2254
:1055F000544784EA88501D11AA2382ACEEB423D00C
:1056000082756E9020AB03372DD08E4009B69B0378
:1056100085EA88A0AAB3DD1C26CCC343427544A802
:105620008E08D511A13A22544784EA88501D11AA48
:1056300023427544A88E08D511A13A22C8EA4E3BF0
:10564000022D58E70609B23A68D382BA693EA71D0F
:1056500083126C37070AD5114155076E37174E6E06
:105660004E3B082D98878784EA88501D11AA234253
:105670007544A88E08D511A13A22544784EA88506F
:105680001D11AA2342754490D59D76045AB0CE0DC3
:10569000126475D0A605EC6F0E14E4635D3B003D0B
:1056A000A80E0770BB39F637070AD511A13A225464
:1056B0004784EA88501D11AA23427544A88E08D554
:1056C00011A13A22544784EA88501D11B69B4384A5
:1056D000EA88B0DD1C1C6C37070AD511415567BB41
:1056E000394C98878784EA88501D11AA2342754453
:1056F000A88E08D511A13A22544784EA88501D117A
:10570000AA2342754490D59D76045AB0CE0D1264FA
:1057100075E0A605DA1128C17673A0501D115475E5
:10572000B69BC384797848A88E08D511A13A225433
:105730004784EA88501D11AA23427544A88E08D5D3
:1057400011A13A2254470459DD6947A005EBDC203A
:105750004156076E5AA01D81126C37070AD51141B8
:105760005567BB394C98878784EA8850FD9FCEB631
:1057700043F33B8FCF1BFF12C4A204B73E22544712
:1057800084EA88501D11AA23427544A88E08D511B9
:10579000A13A2254470459DD6947A005EBDE2041B8
:1057A00056076E62A01D81126C3F070AD511415544
:1057B00067FB394C98878784EA88501D11AA2342D9
:1057C0007544A88E08D511A13A22544784EA88501E
:1057D0001D11AA2342754490D59D76045AB0CE0D72
:1057E000126475E0A605DA1128C17673A0501D1168
:1057F0005475B69BC384797848A88E08D511A13A10
:1058000022544784EA88501D11AA23427544A88E69
:1058100008D511A13A2254470459DD6947A005EB88
:10582000DC204156076E5AA01D81126C37070AD53D
:1058300011415567BB394C98878784EA88501D1100
:10584000AA23427544A88E08D511A13A2254478450
:10585000EA88501D11AA2342754490D59D76045ABA
:10586000B0CE0D126475E0A605DA1128C17673A0DA
:10587000501D115475B69BC384797848A88E08D5FD
:1058800011A13A22544784EA88501D11AA23427577
:1058900044A88E08D511A13A2254470459DD69471E
:1058A000A005EBDC204156076E5AA01D81126C3713
:1058B000070AD511415567BB394C98878784EA8818
:1058C000501D11AA23427544A88E08D511A13A2271
:1058D000544784EA88501D11AA2342754490D59DEF
:1058E00076045AB0CE0D126475E0A605DA1128C10F
:1058F0007673A0501D115475B69BC384797848A85F
:105900008E08D511A13A22544784EA88501D11AA65
:1059100023427544A88E08D511A13A225447241F6A
:10592000F56D87E6771E9F373E971F7FA961FB398C
:1059300044A88E08DBCFC1C1F673A0501D11547569
:10594000B69FC384797848A88E08D511A13A22540D
:105950004784EA88501D11AA23427544A88E08D5B1
:1059600011A13A2254470459DD6947A005EBDC2018
:105970004156076E5AA01D81126C37070AD5114196
:105980005567BB394C98878784EA88501D11AA2334
:10599000427544A88E08D511A13A22544784EA885A
:1059A000501D11AA2342754490D59D76045AB0CE5D
:1059B0000D126475E0A605DA1128C17673A0501D9A
:1059C000115475E064CE1A7BDC6907A105F3F090F1
:1059D000501D11AA23427544A88E08D511A13A2260
:1059E000544784EA88501D11AA23427544A88E08A2
:1059F000B2BAD38E400BD6B94182AC0EDA6ECE9AD3
:105A0000E69C760C4A00372831D8C7BA76007A501F
:105A10001D11AA23427544A88E08D511A13A22541B
:105A20004784EA88501D11AA23427544A88E08D5E0
:105A300011A13A22544784EA88501D11AA234275C5
:105A400044A88E08D5118156AF66EFB56C986643B1
:105A50009B0D5D36F49DAF25D9B0920D5FB2190A4A
:105A600058C4C0198C69CF1A58A0777858A88E08E6
:105A7000BA7A51679417CF50D889F4C533B4A70DBB
:105A80002CE83B3C26544784EA88501D11AA234247
:105A90007544A88E08D511A13A22544784EA88504B
:105AA0001D11AA23427544A88E08D511A13A22548B
:105AB0004784EA88501D11AA23427544A88E08D550
:105AC00011A13A22544784EA88501D11AA23427535
:105AD00044A88E08D5113961DC67C6365EFD697F42
:105AE000B50C2692FB64704FE58AFB26EE59BF6227
:105AF000DF15F7ACBF7C78FC13EB2FBF6B6C729398
:105B00000C3636B7CBE0EA976E0693FF2206CD60DF
:105B10008C85DEEAB2AAB61F989455756072BFAC48
:105B2000AAC9FD5B6455EDDF72A7AC2A199C33B995
:105B300049069B9ADB65B05DD6EDA6ED075EBA1906
:105B40004CFE8B18348331FE59ED75AF07F40E0F00
:105B50000BD511A13A22544784EA8850BD08B61DDE
:105B60009ADFF9D078AFBBBB970FDCFA88501D11D4
:105B7000AA23427544A88E081F8C80087778EEF01F
:105B80005040EFF0B0501D11AA23427544A88E0872
:105B9000D511A13A22544784EA88505D8BCAE2E8C5
:105BA000D17B7FF2034FFD7FD361F01FBF1206EF61
:105BB000FBADA76570F8AC7F90C1575FF31732B8A3
:105BC000F727FF4D187CE058183CF5CF5C74EB7B51
:105BD000A7FEFFEECE9B5F78CC643EB853FCCF7639
:105BE000CA5543F16A92E7B29BC825B2D7E6BE8890
:105BF000C1DBEE82DC973D902F98C6DC06BDC59BCD
:105C0000357A8B9E30F6D16B65AB54B323BA965A76
:105C10005395810B63CE9B6C9064834A36A8668350
:105C20005A36484D18D8EE0FC5661859D537833106
:105C3000D9C064836CAB7B79C5173128A6CEA24F3F
:105C40007F866C31D90C266CF5D6B10D6695D9607E
:105C5000F68615B1D7261B64B0B91206BBABD96066
:105C6000553658E3C260C39E309848C360AFCD0636
:105C70009B3B8BEFCC704FF6DDF5D90C5B1766A81C
:105C8000F6CF605C18846585F9C256F755515F5CA4
:105C900084CF1661B2394C36DBC098BAEAA73D43CF
:105CA000B6986C866CAB9B67E7BB6C3E34BF5312F7
:105CB000D534A4AFE7862D21D361F5D41E9CDF79BE
:105CC0009F10DEAF157A47EEFF0F0EECCE7200008C
:105CD000D85C000014A5000008C04FE25C309FE5CE
:105CE00003C08CE00290A0E154309FE5033089E0CE
:105CF000F00F2DE91C3043E2030052E1F00FBC38F5
:105D0000F00FA238FBFFFF3A1C3083E2030052E1A0
:105D100004409C3404408234FBFFFF3AF00FBDE89E
:105D200000C0A0E31C209FE5022089E0020053E1AF
:105D300004C08334FCFFFF3A02304DE09A0000EAD1
:105D4000EC3600005011000058110000F74D2DE90D
:105D50000060A0E163DF4DE20000A0E388018DE573
:105D600088008DE20C0086E590019DE588408DE27B
:105D7000020080E004008DE50000A0E304A0A0E1A3
:105D8000040086E50080E0E304004AE0C01FA0E1D3
:105D9000210F80E04001A0E1040050E3320000AA9E
:105DA00088019DE5000050E32F00001A0C0096E5E5
:105DB0000410A0E104A040E00A20A0E188008DE2E8
:105DC0009B0C00EB88008DE20A0080E014A086E5C1
:105DD0000C0086E5400F6AE2100086E5060096E8B2
:105DE00008008DE2650C00EB08008DE2000086E5FE
:105DF000041096E590219DE5800061E20340C0E338
:105E000004009DE5020040E0040050E10040A031A4
:105E10000420A0E108008DE2000081E090119DE5E2
:105E2000560C00EB040096E50010A0E3040080E0AF
:105E3000040086E590019DE5040080E090018DE579
:105E40000600A0E11C0100EB010050E388018D0574
:105E50000100000A000050E35100001A140096E50A
:105E600088408DE22001A0E100A184E0010078E3F8
:105E70001600001A100084E200005AE10200002A15
:105E800088019DE5000050E3BEFFFF0A000094E595
:105E90000370C0E3010010E3040094E508408402AD
:105EA00000008705B7FFFF0A0058A0E12558A0E1D0
:105EB000208EA0E1050098E10300001A88019DE50D
:105EC000000050E30000A0133500001A084084E2EF
:105ED000000058E30A00000A010058E30200001A1B
:105EE000040094E5002094E5190000EA020058E35C
:105EF0001D00000A080058E30000E0132800001A03
:105F00001E0000EA000055E30E00000A04004AE00B
:105F1000C01FA0E1210F80E04001A0E100B1A0E19D
:105F200005005BE10410A0E105B0A0810B20A0E119
:105F30000700A0E13E0C00EB2B01A0E1007187E01F
:105F40000B5045E0004184E0000055E38DFFFF1A4F
:105F5000110000EA001097E5001001E0020051E195
:105F6000FBFFFF1A084084E20B0000EA0700A0E1F3
:105F70007A0C00EB010050E2FDFFFF2A060000EA68
:105F8000040094E4000087E5045055E20200000A92
:105F900004005AE1F9FFFF8A7AFFFFEA0080E0E39C
:105FA00078FFFFEA66DF8DE2F08DBDE830402DE935
:105FB0000150A0E10040A0E13CD04DE2401D43E291
:105FC0000200A0E1130000EB0000A0E324008DE537
:105FD00028008DE504008DE23820A0E328108FE230
:105FE000B10000EB000050E30500001A0520A0E11D
:105FF0000410A0E104008DE253FFFFEB04008DE2EA
:10600000470000EB3CD08DE23080BDE8312E312ED0
:10601000330000000EF0A0E11C209FE5043080E278
:10602000002080E514209FE5010080E0092082E047
:10603000040082E5003082E50EF0A0E1BEBAFECA9F
:106040005011000004E02DE54CE09FE5910000E0D8
:1060500009E08EE000209EE5030080E20330C0E30B
:106060000C0082E2031080E004C09EE5041081E28F
:106070000C0051E10000009AFEFFFFEA003082E5CB
:106080000030A0E3043082E510309FE5083082E55F
:10609000043001E500108EE504F09DE4501100008D
:1060A000EFBEADDE0C1010E520309FE50020E0E3F0
:1060B000082000E5093083E0002093E5011080E02E
:1060C000020051E10C004002000083050EF0A0E147
:1060D000501100000010B0E108402DE91C0091159E
:1060E000000050130100E0030C00000A0020A0E3B0
:1060F000142081E5082081E5182081E50C2090E539
:10610000000052E30720A0130020C0E51C0091E529
:106110000020A0E3140090E57A0200EB0000A0E369
:106120000880BDE810402DE90040B0E11C00941546
:106130000000501324109415000051130100E003D7
:106140001080BD08140090E5000050E30410A01179
:10615000F805001B280094E51C1094E5242094E524
:106160000FE0A0E102F0A0E10000A0E31C0084E544
:106170001080BDE870402DE90150A0E10040A0E191
:10618000000052E30300000A0000D2E5310050E3B2
:10619000380053030100000A0500E0E37080BDE809
:1061A000000054E30100001A0100E0E37080BDE844
:1061B0000060A0E3186084E5200094E5000050E34F
:1061C000D8009F050F00800020008405286084050A
:1061D000240094E5000050E3C4009F050F008000F8
:1061E00024008405280094E5203094E508E08FE23F
:1061F0001820A0E30110A0E303F0A0E11C0084E557
:10620000000050E30100001A0300E0E37080BDE8E5
:10621000146080E51C0094E5000055E30C6080E507
:106220001C1094B50100A0E30C0081B5005065B2CC
:10623000080055E3010000BA0F0055E3020000DA40
:106240000400A0E1B6FFFFEBD6FFFFEA1C1094E5C7
:106250001025A0E1105081E51C0094E50C0090E5AC
:10626000000050E33C109F050F1081000010A013A8
:106270000400A0E1480200EB1C1094E5000050E38C
:10628000140081E50400A0E10100001AA4FFFFEB67
:10629000DCFFFFEA8EFFFFEB0000A0E37080BDE8AB
:1062A000241800001C180000300700000230A0E194
:1062B0000120A0E10F10A0E3ADFFFFEAF04D2DE9B2
:1062C0000040B0E11C00941500005013000094152C
:1062D00000005013AC00000A040051E30060A0135A
:1062E0000460E0030450E0E305B0A0E30DA0A0E3E8
:1062F0001C0094E50010D0E50D0051E301F18F90F2
:10630000A10000EA0C0000EA280000EA440000EACC
:10631000560000EA6A0000EA7D0000EA930000EA05
:106320009B0000EAB80000EACA0000EADE0000EACA
:10633000F20000EA230100EA240100EA041094E5D7
:10634000000051E3F000000A011041E2041084E56E
:10635000081094E50650A0E1011081E2081084E5E0
:10636000001094E5012081E2002084E50010D1E5D1
:10637000041080E50F0001E2080050E31C0094E5E2
:1063800000A0C015E20F8F121201001A0820A0E32E
:10639000211282E0102090E5020051E100A0C085AA
:1063A000E20F8F820B01008A0110A0E30010C0E50C
:1063B000040094E5000050E3D300000A010040E22D
:1063C000040084E5080094E50650A0E1010080E2A5
:1063D000080084E5000094E5011080E2001084E5E7
:1063E0001C8094E50070D0E5040098E5001487E077
:1063F0001F00A0E3290B00EB000051E300A0C8152B
:10640000CF0F8F12F300001A200017E30700A0033C
:106410000000C805B5FFFF0A1C1094E50200A0E3C8
:106420000000C1E5040094E5000050E3B600000A56
:10643000010040E2040084E5080094E50650A0E174
:10644000010080E2080084E5000094E5011080E28C
:10645000001084E50000D0E51C1094E5000CA0E1DC
:10646000080081E51C1094E50300A0E30000C1E5ED
:10647000041094E5000051E3A300000A1C0094E519
:10648000011041E2041084E5081094E5080080E260
:10649000011081E2081084E5001094E50650A0E1A7
:1064A000012081E2002084E50010D1E5002090E584
:1064B000011882E0001080E51C1094E50400A0E3C0
:1064C0000000C1E5041094E5000051E38E00000ACD
:1064D0001C0094E5011041E2041084E5081094E5E5
:1064E000080080E2011081E2081084E5001094E5C4
:1064F0000650A0E1012081E2002084E50010D1E5F2
:10650000002090E5011482E0001080E51C0094E575
:1065100000B0C0E5041094E5000051E37A00000AE1
:10652000011041E21C0094E5041084E5081094E594
:10653000011081E2081084E5001094E5012081E259
:10654000002084E50010D1E50820B0E5021081E0CC
:10655000001080E51C0094E5081090E5301084E5FB
:106560000610A0E30010C0E50200A0E3F08DBDE836
:106570001C0094E50010A0E300A0C0E5760F8FE2B8
:10658000180084E51C0094E5041080E50100E0E3B8
:10659000F08DBDE8140090E50520A0E10410A0E115
:1065A000B80100EB0050A0E1030070E31C0094056B
:1065B0000010A00300A0C0051C0094050410800575
:1065C0004AFFFF0A000055E30650A001010055E311
:1065D0004D00001A1C0094E50650A0E1042080E262
:1065E000140090E50410A0E1460100EB1C0094E5C6
:1065F0000C1090E5000051E30C10A0130010C01522
:106600003AFFFF1A0820A0E30020C0E5040094E54B
:10661000000050E33C00000A010040E2040084E571
:10662000080094E50650A0E1010080E2080084E53E
:10663000000094E5011080E2001084E50000D0E540
:106640001C1094E5000CA0E1080081E51C0094E515
:106650000910A0E30010C0E5041094E5000051E328
:106660002900000A1C0094E5011041E2041084E5B1
:10667000081094E5080080E2011081E2081084E52A
:10668000001094E50650A0E1012081E2002084E59D
:106690000010D1E5002090E5011882E0001080E5AF
:1066A0001C0094E50A10A0E30010C0E5041094E576
:1066B000000051E31400000A1C0094E5011041E2BF
:1066C000041084E5081094E5080080E2011081E2DE
:1066D000081084E5001094E50650A0E1012081E255
:1066E000002084E50010D1E5002090E5011482E04F
:1066F000001080E51C0094E50B10A0E30010C0E53D
:10670000041094E5000051E31700001A0500A0E111
:10671000F08DBDE8756E6B6E6F776E20636F6D7078
:1067200072657373696F6E206D6574686F640000C5
:10673000696E76616C69642077696E646F77207327
:10674000697A6500696E636F72726563742068654B
:106750006164657220636865636B00006E656564E3
:106760002064696374696F6E61727900011041E29F
:106770001C0094E5041084E5081094E50650A0E19F
:10678000011081E2081084E5001094E5012081E207
:10679000002084E50010D1E50820B0E5021081E07A
:1067A000001080E51C0094E5060090E9020051E12C
:1067B00000A0C0152C008F120600001A1C0094E5E2
:1067C0000C10A0E30010C0E50100A0E3F08DBDE8CF
:1067D0000200E0E3F08DBDE8180084E51C0094E5BC
:1067E00004B080E5C1FEFFEA696E636F7272656393
:1067F00074206461746120636865636B000000004D
:10680000F8402DE90040B0E10270A0E11C009415B1
:106810000160A0E10250A0E1000050130200000A54
:106820000000D0E5060050E30100000A0100E0E3AB
:10683000F880BDE80720A0E10610A0E10100A0E378
:10684000560000EB301094E5010050E10200E01327
:10685000F6FFFF1A0100A0E3300084E51C1094E568
:10686000102091E51002A0E1050050E10150409296
:106870000500479006608090140091E50610A0E1A5
:106880000520A0E1410400EB1C1094E50700A0E303
:106890000000C1E50000A0E3E4FFFFEA70402DE93D
:1068A0000040B0E11C009415000050130100E0030B
:1068B0007080BD080010D0E50D0051E30D10A0134D
:1068C0000010C0151C1094150000A01304008115C1
:1068D000042094E5000052E30400E0037080BD084A
:1068E000001094E51C5094E58CC09FE501E0A0E108
:1068F0000FC08CE0040095E50A0000EA0030D1E505
:106900000060DCE7060053E1010080020200000A9B
:10691000000053E3040060020000A013011081E2B4
:10692000012052E20100000A040050E3F2FFFF3AA6
:10693000083094E50EC041E00C3083E00E0084E89E
:10694000040085E5040050E30200E0137080BD18E8
:10695000085094E5146094E50400A0E1DCFDFFEB31
:10696000085084E5146084E51C1094E50700A0E35A
:106970000000C1E50000A0E37080BDE8942800009D
:10698000000050E31C0090150000501314009015F7
:10699000000050130100E0030604001A0EF0A0E10D
:1069A000F8452DE90058A0E10140B0E12068A0E1E0
:1069B0002558A0E10270A0E10100A0034E00000AEA
:1069C00038819FE538A19FE5480000EA40CD57E2B5
:1069D0005BCE5C220700A0310800A021007047E0D8
:1069E000310000EA0010D4E50130D4E5100040E2A7
:1069F000051081E0012086E0011083E00230D4E53B
:106A0000012082E0011083E00330D4E5012082E020
:106A1000011083E00430D4E5012082E0011083E01E
:106A20000530D4E5012082E0011083E00630D4E592
:106A3000012082E0011083E00730D4E5012082E0EC
:106A4000011083E00830D4E5012082E0011083E0EA
:106A50000930D4E5012082E0011083E00A30D4E55A
:106A6000012082E0011083E00B30D4E5012082E0B8
:106A7000011083E00C30D4E5012082E0011083E0B6
:106A80000D30D4E5012082E0011083E00E30D4E522
:106A9000012082E0011083E00F30D4E5012082E084
:106AA000104084E2015083E0056082E0100050E372
:106AB000CBFFFFAA000050E30400000A0110D4E459
:106AC000010050E2055081E0056086E0FAFFFF1A00
:106AD0000510A0E10A00A0E1700900EB0150A0E15F
:106AE0001C009FE50610A0E16C0900EB0160A0E12D
:106AF000000057E3B4FFFF1A060885E1F885BDE8FA
:106B0000B0150000F1FF000038402DE90040A0E181
:106B1000000052E33C0094150150A0E100008215F2
:106B20000000D4E5040050E3050050130C10940558
:106B300028009505242095050FE0A00102F0A00192
:106B40000000D4E5060050E30510A0010400940500
:106B5000D105000B0000A0E30000C4E51C0084E5A3
:106B6000200084E5280094E5340084E5300084E5C5
:106B7000383094E5000053E30600000A0CE08FE291
:106B80000020A0E30010A0E30000A0E303F0A0E1D8
:106B90003C0084E5300085E53880BDE8F8402DE90B
:106BA0000040A0E10170A0E10260A0E1280090E5B2
:106BB000203094E508E08FE20110A0E34020A0E33C
:106BC00003F0A0E10050B0E10100001A0500A0E1CF
:106BD000F880BDE8280094E5203094E508E08FE2D5
:106BE0005A2EA0E30810A0E303F0A0E1240085E5FD
:106BF000000050E3280094E50400001A242094E5E6
:106C000004E08FE20510A0E102F0A0E1110000EA2B
:106C1000203094E508E08FE20620A0E10110A0E317
:106C200003F0A0E1280085E5000050E30B00001A06
:106C3000241095E5280094E5242094E50FE0A0E1D8
:106C400002F0A0E10CE08FE22420B4E5040094E51A
:106C50000510A0E102F0A0E10000A0E3DBFFFFEAE5
:106C6000060080E02C0085E5387085E50000A0E393
:106C70000000C5E50500A0E10020A0E30410A0E1AC
:106C8000A0FFFFEBD0FFFFEAF74D2DE90040A0E1A8
:106C9000048091E500A091E51C5090E5207090E5FE
:106CA00034B090E5300090E53CD04DE20B0050E16F
:106CB0002C0094950160A0E10B0040E001004082AF
:106CC000142084E2101084E238108DE534208DE524
:106CD00028008DE50000D4E5090050E300F18F9015
:106CE000FD0200EA100000EA660000EA9C0000EAEB
:106CF0001B0100EA680100EA4D0200EA930200EA83
:106D0000BD0200EAD60200EAE40200EA000058E30D
:106D10003100000A0010A0E344108DE50100DAE420
:106D2000018048E2107587E1085085E2030055E3D1
:106D3000F5FFFF3A070007E2011000E2A000B0E112
:106D4000181084E50310450207000102A721A001E5
:106D5000005041003270A0010100A0037E00000A33
:106D6000010050E32B00000A020050E3A771A001CC
:106D7000035045020300A0037700000A030050E31C
:106D8000D3FFFF1A0920A0E30020C4E5DF2F8FE224
:106D9000182086E5A701A0E1200084E5031045E264
:106DA0001C1084E5048086E5001096E5080096E551
:106DB00001104AE0010080E0080086E500A086E5B9
:106DC00034B084E50400A0E10220E0E30610A0E175
:106DD000370700EB48D08DE2F08DBDE81C5084E50C
:106DE000207084E5048086E5001096E5080096E5AD
:106DF00001104AE0010080E0080086E500A086E579
:106E000034B084E544209DE50400A0E10610A0E133
:106E1000270700EBEEFFFFEA00608DE518308DE2FA
:106E20001C208DE220108DE224008DE20E0700EB85
:106E300000608DE520109DE524009DE51C209DE56A
:106E400018309DE5F20200EB000050E3040084E5F9
:106E50000600A013A771A011035045123E00001AAE
:106E60000320E0E3200200EA000058E31F00000ACC
:106E70000010A0E344108DE50100DAE4018048E24F
:106E8000107587E1085085E2200055E3F5FFFF3AD1
:106E90000708A0E12008A0E10710E0E1210850E187
:106EA0002100000A0900A0E30000C4E59C0F8FE266
:106EB000180086E51C5084E5207084E5048086E592
:106EC000001096E5080096E501104AE0010080E018
:106ED000080086E500A086E534B084E50400A0E162
:106EE0000220E0E30610A0E1F10600EBB8FFFFEAA4
:106EF0001C5084E5207084E5048086E5001096E54A
:106F0000080096E501104AE0010080E0080086E5EF
:106F100000A086E534B084E544209DE50400A0E1AE
:106F20000610A0E1E20600EBA9FFFFEA0050A0E393
:106F3000040084E5000050E30200A0130570A0E106
:106F40000500001A180094E5000050E30100000A53
:106F50000700A0E3000000EA0000A0E30000C4E591
:106F60005BFFFFEA000058E30E00001A1C5084E5A6
:106F7000207084E5048086E5001096E5080096E51B
:106F800001104AE0010080E0080086E500A086E5E7
:106F900034B084E544209DE50400A0E10610A0E1A2
:106FA000C30600EB8AFFFFEA28009DE5000050E3DE
:106FB0003700001A2C2094E50B0052E10A00001A59
:106FC000300094E5281094E5010050E10600000A25
:106FD00001B0A0E10B004080011040820B104290F4
:106FE00028108DE5000051E32900001A34B084E533
:106FF00044209DE50610A0E10400A0E1AC0600EBF2
:10700000301094E534B094E50B0051E12C209495B8
:107010000B204180012042820B20429028208DE5E8
:107020002CC094E50B005CE10700001A283094E5C1
:10703000030051E10400000A03B0A0E10B104180FD
:10704000011041820B104C9028108DE528109DE511
:10705000000051E30E00001A1C5084E5207084E506
:10706000048086E5002096E5081096E502204AE0B7
:10707000021081E0081086E50020A0E100A086E56E
:1070800034B084E50610A0E10400A0E1880600EB1E
:107090004FFFFFEA0010A0E344108DE5040094E5E3
:1070A00028109DE5080050E12C008DE52C808D8591
:1070B0002C009DE5010050E128009D850A10A0E10B
:1070C0002C008D852C209DE50B00A0E1AB0700EB8B
:1070D0002C009DE528109DE500A08AE0001041E00D
:1070E00028108DE5008048E000B08BE0040094E5B6
:1070F0002C109DE5010050E0040084E5F4FEFF1A29
:10710000180094E5000050E392FFFF0A8FFFFFEAAA
:10711000696E76616C696420626C6F636B20747950
:1071200070650000696E76616C69642073746F72BB
:10713000656420626C6F636B206C656E6774687346
:1071400000000000000058E32400000A0010A0E343
:1071500044108DE50100DAE4018048E2107587E112
:10716000085085E20E0055E3F5FFFF3A0709A0E15C
:107170002009A0E11F1000E21D0051E3040084E596
:107180000300008A000BA0E11D20A0E3A00D52E146
:107190002100002A0900A0E30000C4E5BC0F8FE233
:1071A000180086E51C5084E5207084E5048086E59F
:1071B000001096E5080096E501104AE0010080E025
:1071C000080086E500A086E534B084E50400A0E16F
:1071D0000220E0E30610A0E1350600EBFCFEFFEA2A
:1071E0001C5084E5207084E5048086E5001096E557
:1071F000080096E501104AE0010080E0080086E5FD
:1072000000A086E534B084E544209DE50400A0E1BB
:107210000610A0E1260600EBEDFEFFEAA00D81E0DE
:10722000401F80E2280096E5203096E508E08FE2D6
:10723000021081E20420A0E303F0A0E10C0084E549
:10724000000050E30E00001A1C5084E5207084E515
:10725000048086E5001096E5080096E501104AE0F6
:10726000010080E0080086E500A086E534B084E5F2
:107270000400A0E10320E0E30610A0E10C0600EB0F
:10728000D3FEFFEA0000A0E3080084E52777A0E131
:1072900004C0A0E300C0C4E50E5045E214229FE5FF
:1072A00004C0A0E30F2082E0110000EA000058E3D0
:1072B0001500000A0010A0E344108DE50110DAE487
:1072C000018048E2117587E1085085E2030055E32B
:1072D000F5FFFF3A013080E2083084E5000192E7D3
:1072E0000C3094E5071007E2001183E7A771A0E1D5
:1072F000035045E2041094E5080094E521158CE064
:10730000010050E1F0FFFF3A140000EA1C5084E550
:10731000207084E5048086E5001096E5080096E577
:1073200001104AE0010080E0080086E500A086E543
:1073300034B084E544209DE50400A0E10610A0E1FE
:10734000DB0500EBA2FEFFEA011080E2081084E5F5
:10735000000192E70C1094E50030A0E3003181E7D2
:10736000080094E5130050E3F6FFFF3A0700A0E39E
:10737000100084E500608DE50C0094E5243094E570
:1073800038109DE534209DE5DC0400EB000050E35F
:107390002C008DE50030A003083084050500A00313
:1073A0000000C405A200000A0C1094E5280096E530
:1073B000242096E50FE0A0E102F0A0E12C209DE55D
:1073C000030072E30900A0030000C4051C5084E51B
:1073D000207084E5048086E5001096E5080096E5B7
:1073E00001104AE0010080E0080086E500A086E583
:1073F00034B084E50400A0E10610A0E1AC0500EB88
:1074000073FEFFEA100094E5070000EA000058E36D
:107410002A00000A00C0A0E344C08DE50110DAE4B0
:10742000018048E2117587E1085085E2000055E1CE
:10743000F5FFFF3A80E09FE5141094E509E08EE047
:1074400000019EE7070000E0800181E00110D0E527
:10745000042090E5100052E30100833208008435D7
:107460000C0094353771A03101504530032180372D
:107470006F00003A120052E30E0042120700A00310
:1074800003C0A0130BC0A00324C08DE500E081E081
:10749000210000EA746F6F206D616E79206C656E5B
:1074A000677468206F722064697374616E6365200D
:1074B00073796D626F6C7300E41E00000C110000A4
:1074C0001C5084E5207084E5048086E5001096E574
:1074D000080096E501104AE0010080E0080086E51A
:1074E00000A086E534B084E544209DE50400A0E1D9
:1074F0000610A0E16E0500EB35FEFFEA000058E340
:107500003200000A00C0A0E344C08DE501C0DAE407
:10751000018048E21C7587E1085085E205005EE1C4
:10752000F5FFFF8A37C1A0E1E8E39FE5011045E0E0
:1075300009E08EE000E19EE724509DE50CE00EE0BE
:1075400005E08EE03C70A0E1005041E00E1083E0C9
:1075500030009DE5010050E10400003A100052E3C4
:107560000010A0132B00001A010053E32600002A8C
:107570000C1094E5280096E5242096E50FE0A0E1A4
:1075800002F0A0E10900A0E30000C4E5E20F8FE2F1
:10759000180086E51C5084E5207084E5048086E5AB
:1075A000001096E5080096E501104AE0010080E031
:1075B000080086E500A086E534B084E50400A0E17B
:1075C0000220E0E30610A0E1390500EB00FEFFEA2F
:1075D0001C5084E5207084E5048086E5001096E563
:1075E000080096E501104AE0010080E0080086E509
:1075F00000A086E534B084E544209DE50400A0E1C8
:107600000610A0E12A0500EBF1FDFFEA0C0094E56D
:10761000030180E0041010E50300A0E10C2094E5D4
:1076200001E05EE2013083E2001182E7F9FFFF1A18
:10763000083084E5040094E51F1000E2000BA0E18F
:10764000A00D81E0400F80E2020080E230008DE575
:10765000083094E5030050E169FFFF8A0000A0E3D1
:10766000140084E50900A0E324008DE50600A0E3F2
:1076700020008DE5242094E504C094E51C008DE2F3
:1076800018108DE247008DE90110A0E30C0BA0E17A
:10769000A01D81E020308DE200308DE51F000CE25E
:1076A000400F80E2010080E20C2094E524308DE25E
:1076B000560400EB2C008DE50C1094E5280096E5AF
:1076C000242096E50FE0A0E102F0A0E12C009DE56A
:1076D000000050E31200000A2C009DE5030070E357
:1076E0000900A0030000C4052C209DE51C5084E582
:1076F000207084E5048086E5001096E5080096E594
:1077000001104AE0010080E0080086E500A086E55F
:1077100034B084E50400A0E10610A0E1E40400EB2D
:10772000ABFDFFEA00608DE520109DE524009DE59E
:107730001C209DE518309DE5B50000EB000050E3EE
:10774000C6FDFF0A040084E50600A0E30000C4E5CE
:107750001C5084E5207084E5048086E5001096E5E1
:10776000080096E501104AE0010080E0080086E587
:1077700000A086E534B084E544209DE50400A0E146
:107780000610A0E1B60000EB010050E30020A011BC
:107790000610A0110400A01148D08D12F04DBD18A4
:1077A000C304001A0010A0E344108DE5040094E522
:1077B0000610A0E1B80200EB300094E534B094E587
:1077C000048096E500A096E51C5094E5207094E5B1
:1077D0000B0050E12C0094950B1040900B00408062
:1077E0000110408228108DE5180094E5000050E358
:1077F000D8FDFF0A0700A0E30000C4E534B084E52B
:1078000044209DE50610A0E10400A0E1A80400EBDF
:10781000301094E534B094E50B0051E10E00000AFD
:107820001C5084E5207084E5048086E5002096E500
:10783000081096E502204AE0021081E0081086E573
:107840000020A0E100A086E534B084E50610A0E1A8
:107850000400A0E1960400EB5DFDFFEA0800A0E350
:107860000000C4E51C5084E5207084E5048086E5B2
:10787000001096E5080096E501104AE0010080E05E
:10788000080086E500A086E534B084E50400A0E1A8
:107890000120A0E30610A0E1850400EB4CFDFFEA07
:1078A0001C5084E5207084E5048086E5001096E590
:1078B000080096E501104AE0010080E0080086E536
:1078C00000A086E534B084E50400A0E10220E0E3F6
:1078D0000610A0E1760400EB3DFDFFEA1C5084E5B4
:1078E000207084E5048086E5001096E5080096E5A2
:1078F00001104AE0010080E0080086E500A086E56E
:1079000034B084E50400A0E10120E0E30610A0E12A
:10791000670400EB2EFDFFEA0C110000696E766132
:107920006C696420626974206C656E67746820728B
:10793000657065617400000038402DE90050A0E1D9
:107940000140A0E10020A0E36EFCFFEB281095E5CC
:10795000280094E5242094E50FE0A0E102F0A0E1E6
:10796000241095E5280094E5242094E50FE0A0E19B
:1079700002F0A0E10CE08FE22420B4E5040094E5DD
:107980000510A0E102F0A0E10000A0E33880BDE80E
:1079900038402DE90040A0E10250A0E1280090E528
:1079A000760500EB280094E5050080E0340084E5CE
:1079B000300084E53880BDE80000D0E5010050E3E8
:1079C0000000A0130100A0030EF0A0E100008FE270
:1079D0000EF0A0E1312E312E3300000000008FE2C6
:1079E0000EF0A0E17A6C6962206572726F7200001D
:1079F0000030A0E10100A0E10210A0E190F9FFEA4F
:107A000010402DE90040A0E11040BDE80100A0E1D8
:107A1000A3F9FFEAF8402DE90150A0E10370A0E1CD
:107A200018109DE50040A0E10260A0E12030B1E522
:107A3000080091E508E08FE20110A0E31C20A0E31C
:107A400003F0A0E1000050E30010A0130010C015E7
:107A50001040C0151150C0151460801518708015A5
:107A6000F880BDE8FF4D2DE90040A0E10170A0E1E4
:107A70000200A0E104A091E500B091E5341094E586
:107A8000302094E5045094E51C6094E5208094E552
:107A9000010052E12C209495013042900120428057
:107AA000013042820020D5E5090052E302F18F90B7
:107AB000EA0100EA080000EA330000EA7A0000EA7E
:107AC000930000EAE60000EAFB0000EA6C0100EA2D
:107AD000A60100EAC30100EAD10100EA40CF53E267
:107AE00002C05C220A005A232100003A1C6084E58F
:107AF000208084E504A087E5002097E5080097E54D
:107B000002204BE0020080E0080087E500B087E536
:107B1000341084E590008DE8142095E5183095E543
:107B20001110D5E51000D5E5300400EB341094E5D4
:107B3000302094E504A097E500B097E51C6094E53B
:107B4000208094E5010052E12C2094950130429070
:107B50000120428001304282000050E30400000A0C
:107B6000010050E30920A0134301001A0720A0E3FD
:107B7000410100EA1020D5E50C2085E5142095E5AB
:107B8000082085E50120A0E30020C5E50C2095E54F
:107B9000060000EA00005AE33400000A01C0DBE4FA
:107BA0000000A0E301A04AE21C8688E1086086E2AA
:107BB000020056E1F6FFFF3A04E49FE508C095E5B0
:107BC00009E08EE002219EE7082002E082218CE09D
:107BD00001C0D2E50C6046E0388CA0E100C0D2E5DF
:107BE00000005CE304209205082085050620A00320
:107BF0002101000A10001CE30FC00C1208C08515FB
:107C000004209215042085150220A0131A01001AE1
:107C100040001CE36B00000A20001CE3D2FFFF1AA7
:107C20000900A0E30000C5E5E60F8FE2180087E534
:107C30001C6084E5208084E504A087E5003097E59A
:107C4000080097E503304BE0030080E0080087E57B
:107C500000B087E5341084E50710A0E10400A0E13E
:107C60000220E0E3920300EB10D08DE2F08DBDE83E
:107C70001C6084E5208084E504A087E5003097E55A
:107C8000082097E503304BE0032082E0082087E5D9
:107C900000B087E50020A0E1341084E50710A0E1E2
:107CA0000400A0E1820300EBEEFFFFEA082095E567
:107CB000060000EA00005AE31700000A01C0DBE4F6
:107CC0000000A0E301A04AE21C8688E1086086E289
:107CD000020056E1F6FFFF3AE4E29FE504C095E5B5
:107CE00009E08EE002E19EE708E00EE00EC08CE0C5
:107CF000026046E004C085E53882A0E11120D5E5A8
:107D00000C2085E5182095E5082085E50320A0E3F3
:107D10000020C5E50C2095E5150000EA1C6084E50F
:107D2000208084E504A087E5003097E5082097E5EA
:107D300003304BE0032082E0082087E500B087E5B0
:107D40000020A0E1341084E50710A0E10400A0E1C8
:107D5000570300EBC3FFFFEA00005AE31E00000ACE
:107D600001C0DBE40000A0E301A04AE21C8688E138
:107D7000086086E2020056E1F6FFFF3A40E29FE526
:107D800008C095E509E08EE002219EE7082002E0A8
:107D900082218CE001C0D2E50C6046E0388CA0E185
:107DA00000C0D2E510001CE30FC00C1208C08515FE
:107DB000042092150C2085150420A013AE00001A93
:107DC00040001CE31300001A0CC085E504C092E5D6
:107DD0008C2182E0082085E531FFFFEA1C6084E504
:107DE000208084E504A087E5003097E5082097E52A
:107DF00003304BE0032082E0082087E500B087E5F0
:107E00000020A0E1341084E50710A0E10400A0E107
:107E1000270300EB93FFFFEA0900A0E30000C5E59C
:107E20006F0F8FE2180087E51C6084E5208084E5F1
:107E300004A087E5003097E5080097E503304BE0A4
:107E4000030080E0080087E500B087E5341084E592
:107E50000710A0E10400A0E10220E0E3140300EB1E
:107E600080FFFFEA082095E5060000EA00005AE3DB
:107E70001B00000A01C0DBE40000A0E301A04AE20D
:107E80001C8688E1086086E2020056E1F6FFFF3AB0
:107E90002CE19FE50CC095E509E08EE002E19EE74C
:107EA00008E00EE0026046E00EC08CE03882A0E1FF
:107EB0000520A0E30CC085E50020C5E5282094E559
:107EC00002C041E00C2095E502005CE102C04120C7
:107ED0000C2042302CC0943502C04C300CC08DE5D3
:107EE000610000EA1C6084E5208084E504A087E549
:107EF000003097E5082097E503304BE0032082E04F
:107F0000082087E500B087E50020A0E1341084E573
:107F10000710A0E10400A0E1E50200EB51FFFFEA39
:107F2000000053E34200001A2CC094E501005CE11C
:107F30000900001A302094E5283094E5030052E14E
:107F40000500000A0310A0E10120428001304282B6
:107F500001304C90000053E33500001A0020A0E1EE
:107F6000341084E50710A0E10400A0E1D00200EB8A
:107F7000341094E530C094E50020A0E101005CE1FC
:107F80002C0094950130409001004C8001304082DB
:107F90002C0094E5010050E10600001A28E094E569
:107FA0000E005CE10300000A0E10A0E101304090D9
:107FB00001004C8001304082000053E31C00001A95
:107FC0000D0000EA0C110000696E76616C69642096
:107FD0006C69746572616C2F6C656E677468206380
:107FE0006F646500696E76616C696420646973749E
:107FF000616E636520636F64650000001C6084E54A
:10800000208084E504A087E5003097E5080097E527
:1080100003304BE0030080E0080087E500B087E50F
:10802000341084E50710A0E10400A0E1A00200EBF9
:108030000CFFFFEA0CC09DE50000A0E30120DCE49A
:108040000CC08DE5013043E20120C1E42C2094E511
:108050000CC09DE50C0052E128C094050CC08D05B4
:10806000042095E5012042E2042085E5042095E501
:10807000000052E3A9FFFF1A0020A0E30020C5E59D
:1080800087FEFFEA000053E33300001A2CC094E59A
:1080900001005CE10900001A302094E5283094E5E5
:1080A000030052E10500000A0310A0E10120428014
:1080B0000130428201304C90000053E32600001A48
:1080C0000020A0E1341084E50710A0E10400A0E145
:1080D000770200EB341094E530C094E50020A0E175
:1080E00001005CE12C0094950130409001004C802F
:1080F000013040822C0094E5010050E10600001A96
:1081000028E094E50E005CE10300000A0E10A0E1F7
:108110000130409001004C8001304082000053E368
:108120000D00001A1C6084E5208084E504A087E52A
:10813000003097E5080097E503304BE0030080E04E
:10814000080087E500B087E5341084E50710A0E15A
:108150000400A0E1560200EBC2FEFFEA082095E50C
:108160000000A0E3013043E20120C1E4C1FFFFEAC7
:10817000070056E30020A0E1341084E50710A0E1D9
:108180000860468201A08A8201B04B820400A0E10F
:10819000470200EB341094E5302094E5010052E1F1
:1081A0000E00000A1C6084E5208084E504A087E5B9
:1081B000003097E5082097E503304BE0032082E08C
:1081C000082087E500B087E50020A0E1341084E5B1
:1081D0000710A0E10400A0E1350200EBA1FEFFEAD8
:1081E0000800A0E30000C5E51C6084E5208084E56C
:1081F00004A087E5003097E5080097E503304BE0E1
:10820000030080E0080087E500B087E5341084E5CE
:108210000710A0E10400A0E10120A0E3240200EB8C
:1082200090FEFFEA1C6084E5208084E504A087E5D9
:10823000003097E5080097E503304BE0030080E04D
:10824000080087E500B087E5341084E50710A0E159
:108250000400A0E10220E0E3150200EB81FEFFEA4A
:108260001C6084E5208084E504A087E5003097E564
:10827000080097E503304BE0030080E0080087E545
:1082800000B087E5341084E50710A0E10400A0E108
:108290000120E0E3060200EB72FEFFEA0030A0E1FD
:1082A0002420B1E5040091E50310A0E100F082E292
:1082B000FF4D2DE9E8D04DE20060A0E320319DE5BF
:1082C00028B19DE52CE19DE5AC608DE5A8608DE5CC
:1082D000A0608DE590608DE594608DE598608DE5FA
:1082E0009C608DE5A4608DE50120A0E100C0A0E1C7
:1082F000C4608DE5BC608DE5B8608DE5B4608DE54A
:10830000B0608DE5C0608DE5C8608DE5CC608DE521
:1083100094408DE204509CE490708DE2055187E01A
:10832000007095E5012052E2017087E2007085E55A
:10833000F7FFFF1A90209DE5010052E11C119D05F9
:108340000060810500608305EA00000A005093E5A3
:108350000170A0E390208DE2072192E7000052E334
:108360000200001A017087E20F0057E3F8FFFF9A3E
:10837000070055E10F20A0E307C0A0E10750A0319E
:1083800090808DE2028198E7000058E30100001A16
:10839000012052E2F9FFFF1A020055E188208DE525
:1083A0000250A081005083E50130A0E31387A0E1D3
:1083B000050000EA90A08DE207A19AE70A8058E044
:1083C0000900004A8880A0E1017087E2020057E1BD
:1083D000F7FFFF3A90708DE2027197E7078048E05F
:1083E00000808DE5000058E3020000AA0200E0E3EF
:1083F000F8D08DE2F08DBDE800809DE5087087E043
:1084000090808DE2027188E70070A0E308708DE52E
:108410000C808DE2012052E204A0941407708A10AF
:1084200004708814FAFFFF1A0040A0E1040094E4ED
:10843000000050E304708D120071971704A08D1294
:108440000180871200818A1707218E17012082E29E
:10845000010052E1F4FFFF3A88109DE504008DE22F
:10846000011190E744608DE5FF8005E201118EE087
:10847000E4808DE50020A0E304208DE5E0108DE58B
:108480000060A0E3000065E20040E0E30070A0E3CC
:108490008F0000EA90108DE20C1191E70130A0E30B
:1084A000D0108DE590108DE20C8181E0DC808DE5AF
:1084B00001104CE21311A0E1D8108DE57C0000EA18
:1084C0000100A0E10160A0E388109DE5014084E285
:1084D00000A041E005005AE100104CE01661A0E167
:1084E00005A0A081030056E10C00009A036046E05D
:1084F0000A0051E1DC809DE50800002A040000EA42
:108500008660A0E10470B8E5070056E10300009A18
:10851000076046E0011081E20A0051E1F7FFFF3AEF
:108520000160A0E31671A0E100609BE5078086E092
:108530005A0E58E30300E083ACFFFF8A24819DE5D7
:10854000000054E3866188E044808DE2046188E79E
:1085500000809BE5078088E000808BE51C119D056D
:10856000006081051400000A04808DE2042188E780
:10857000E4809DE58180CDE58010CDE544808DE2ED
:10858000048188E0048018E5051040E0D4808DE582
:10859000088046E0C8AFA0E13211A0E1AA8E88E0D1
:1085A000C88161E084808DE5D4809DE584A09DE54F
:1085B000811188E080809DE5000581E8051080E05C
:1085C0000C0051E1BDFFFFBA00804CE08180CDE599
:1085D000E0109DE50E0051E1C010A0938010CD95F4
:1085E0001500009A00109EE5F0309DE5030051E172
:1085F0000500002A400F51E36030A0230030A03373
:108600008030CDE504E08EE20A0000EAF0309DE51E
:1086100018A19DE5033041E003319AE704E08EE2C2
:10862000503083E28030CDE5F0309DE5031041E02D
:10863000F4309DE5011193E784108DE50110A0E36E
:108640001138A0E18C308DE53210A0E1070051E136
:1086500080809D358131863084A09D35000583382A
:108660008C309D3503108130F7FFFF3AD8109DE51F
:108670000180A0E3010012E101202210A110A0114D
:10868000FBFFFF1A012022E00830A0E1010000EA10
:10869000050040E0014044E21310A0E1011041E276
:1086A00004808DE2048198E7011002E0080051E1A6
:1086B000F6FFFF1AD0109DE5011041E2D0108DE5C4
:1086C000010071E3D0109D1501308112BAFFFF1A2D
:1086D00001C08CE288109DE501005CE16CFFFFDACF
:1086E00000809DE5000058E388109D15010051139E
:1086F0000400E0133DFFFF1A0000A0E33BFFFFEA88
:10870000F0452DE90070A0E11CD04DE238409DE518
:108710000000A0E318008DE503A0A0E1280094E587
:108720000280A0E10160A0E1203094E508E08FE242
:108730000420A0E31310A0E303F0A0E10050B0E197
:108740000300E0031C00000A18208DE210208DE5D4
:108750000020A0E314508DE504018DE808608DE54C
:108760000CA08DE51320A0E30030A0E31310A0E3DC
:108770000700A0E1CDFEFFEB0070A0E1030070E375
:108780003C008F02180084050500000A050077E30D
:1087900000009615000050134C008F02180084054D
:1087A0000270E0032420B4E508E08FE2040094E5C1
:1087B0000510A0E102F0A0E10700A0E11CD08DE2CD
:1087C000F085BDE86F766572737562736372696276
:1087D00065642064796E616D696320626974206CE0
:1087E000656E67746873207472656500696E636F87
:1087F0006D706C6574652064796E616D696320626B
:108800006974206C656E67746873207472656500A6
:10881000FF4D2DE920D04DE20070A0E160409DE5C4
:108820005CA09DE50000A0E31C008DE554509DE593
:1088300050809DE503B0A0E1280094E5203094E548
:1088400008E08FE20420A0E3481FA0E303F0A0E1CA
:108850000060B0E10300E0034C00000A1C208DE240
:1088600010208DE548219FE548319FE50F2082E0EB
:1088700014608DE50F3083E024088DE80CA08DE5B1
:1088800028009DE530219FE50710A0E187FEFFEB62
:108890000050B0E10300001A00009BE5000050E327
:1088A0000F00001A050000EA030075E3430F8F0272
:1088B000180084050400000A040075E30200000AA1
:1088C000470F8FE2180084E50250E0E32420B4E56E
:1088D00008E08FE2040094E50610A0E102F0A0E1B8
:1088E000290000EA1C208DE210208DE510219FE573
:1088F00014608DE508808DE50CA08DE50F2082E0E9
:1089000058309DE50C008DE828009DE5F4309FE58A
:10891000070180E00F3083E00020A0E324109DE5F4
:1089200062FEFFEB0050B0E10600001A000098E57F
:10893000000050E31700001A40CF57E201C05C224C
:108940001400009A080000EA030075E3B8008F02E3
:10895000180084050700000A050075E3C8008F02AF
:108960000200000A040075E30200000AD4008FE24E
:108970000250E0E3180084E52420B4E508E08FE22B
:10898000040094E50610A0E102F0A0E10500A0E1DA
:1089900030D08DE2F08DBDE82420B4E508E08FE210
:1089A000040094E50610A0E102F0A0E10000A0E3BD
:1089B000F6FFFFEAE4090000600900000101000081
:1089C0006F76657273756273637269626564206C39
:1089D00069746572616C2F6C656E6774682074725F
:1089E00065650000696E636F6D706C657465206C01
:1089F00069746572616C2F6C656E6774682074723F
:108A000065650000480A0000B80900006F766572CD
:108A100073756273637269626564206469737461FB
:108A20006E6365207472656500000000696E636F97
:108A30006D706C6574652064697374616E63652024
:108A40007472656500000000656D7074792064695A
:108A50007374616E636520747265652077697468EC
:108A6000206C656E677468730000000004E02DE5FB
:108A700030E09FE509E08EE000C09EE500C080E5A3
:108A800004009EE5000081E51C009FE5090080E0F0
:108A9000000082E514009FE5090080E0000083E506
:108AA0000000A0E304F09DE4040000000C000000BE
:108AB0000C100000F8452DE90040A0E10CA091E564
:108AC000307090E5340090E50150A0E1070050E1DE
:108AD0002C0094350280A0E1076040E0100095E58D
:108AE000060050E10060A031000056E30100000ADA
:108AF000050078E30080A003060040E0100085E553
:108B0000140095E5060080E0140085E5383094E512
:108B1000000053E30600000A0CE08FE20620A0E10B
:108B20000710A0E13C0094E503F0A0E13C0084E5DF
:108B3000300085E50620A0E10710A0E10A00A0E1D1
:108B40000E0100EB2C0094E5061087E0010050E1D7
:108B500006A08AE02100001A341094E5287094E5FC
:108B6000000051E134708405340094E5076040E072
:108B7000100095E5060050E10060A031000056E3CA
:108B80000100000A050078E30080A003060040E031
:108B9000100085E5140095E5060080E0140085E5E9
:108BA000383094E5000053E30600000A0CE08FE241
:108BB0000620A0E10710A0E13C0094E503F0A0E14D
:108BC0003C0084E5300085E50620A0E10710A0E127
:108BD0000A00A0E1E90000EB06A08AE0061087E0A9
:108BE0000CA085E50800A0E1301084E5F885BDE81B
:108BF000FF4D2DE908D04DE23C409DE538609DE5F4
:108C000040B39FE5342096E5303096E5204094E867
:108C1000020053E12C3096951C8096E520A096E545
:108C200009B08BE000019BE70270439004008DE5E2
:108C300001C19BE7023043800170438200C08DE593
:108C4000140058E30100D53401E04E3210A88A31F7
:108C500008808832F9FFFF3A04009DE510109DE579
:108C600000000AE0801181E00000D1E5000050E33F
:108C70006C00000A0130D1E5100010E33AA3A0E136
:108C8000038048E05D00000A0F0000E2041091E557
:108C900000319BE70A3003E0033081E03A10A0E1A5
:108CA000000048E00F0050E301C0D53401E04E322F
:108CB0001C10813108008032F9FFFF3A00C09DE5A9
:108CC00014809DE50CC001E08CC188E0360000EA0C
:108CD00001A0DCE5100018E3311AA0E10A0040E031
:108CE0002A00000A0F8008E2080050E101A0D534F4
:108CF00001E04E321A10813108008032F9FFFF3A4C
:108D000008A19BE704C09CE501A00AE00AC08CE032
:108D1000037047E031A8A0E1088040E0280096E514
:108D2000000042E00C0050E10800003A0C0042E074
:108D30000110D0E4023043E20010C2E5011082E2EB
:108D40000120D0E40020C1E5012081E20A0000EA10
:108D500000104CE0010053E12C0096E5010040E0DA
:108D60000500009A013043E001C0D0E4011051E257
:108D700001C0C2E4FBFFFF1A280096E50110D0E411
:108D8000013053E20110C2E4FBFFFF1A2B0000EA9E
:108D9000400018E30600001A04A09CE508819BE748
:108DA0008AC18CE0018008E088C18CE00080DCE5AD
:108DB000C6FFFFEA643F8FE2183084E5043094E593
:108DC0000E3043E0A00153E1A031A08103C08EE04A
:108DD000830140E01C0086E5201086E504C084E5A0
:108DE000001094E503E045E001104EE0080094E532
:108DF000010080E0080084E500E084E54E0000EA20
:108E0000400010E32500001A043091E500019BE7C3
:108E1000831181E00A0000E0801181E00000D1E5CB
:108E2000000050E392FFFF1A0100D1E5017047E214
:108E3000008048E03AA0A0E1040091E50100C2E40E
:108E400040CF57E202C05C220A005E237BFFFF2A6C
:108E5000040094E50E0040E0A80150E1A801A081C3
:108E600000108EE0003045E0800148E01C0086E5FF
:108E700020A086E5041084E5001094E5080094E540
:108E8000011043E0010080E0080084E5003084E543
:108E9000342086E50000A0E318D08DE2F08DBDE817
:108EA000200010E31200000A040094E50E0040E0E8
:108EB000A80150E1A801A08100108EE0003045E03B
:108EC000800148E01C0086E520A086E5041084E5CA
:108ED000001094E5080094E5011043E0010080E0F3
:108EE000080084E5003084E5342086E50100A0E335
:108EF000E8FFFFEA68008FE2180084E5040094E5CB
:108F00000E0040E0A80150E1A801A08100108EE011
:108F1000003045E0800148E01C0086E520A086E5A1
:108F2000041084E5001094E5080094E5011043E086
:108F3000010080E0080084E5003084E50200E0E301
:108F4000342086E5D3FFFFEA0C110000696E7661DC
:108F50006C69642064697374616E636520636F6417
:108F600065000000696E76616C6964206C697465E7
:108F700072616C2F6C656E67746820636F64650046
:108F8000030052E33D00009A03C010E20800000A0B
:108F90000130D1E402005CE30C2082E001C0D194F6
:108FA0000130C0E40130D134042042E201C0C09459
:108FB0000130C034033011E21D00000A042052E2E7
:108FC0002E00003A03C031E7020053E30800000A14
:108FD0000F00008A2C34A0E104C0B1E5042052E265
:108FE0000C3C83E1043080E4F9FFFF2A011081E2A8
:108FF000220000EA2C38A0E104C0B1E5042052E2CE
:109000000C3883E1043080E4F9FFFF2A021081E28A
:109010001A0000EA2C3CA0E104C0B1E5042052E2B1
:109020000C3483E1043080E4F9FFFF2A031081E26D
:10903000120000EA10402DE9202052E20500003A1B
:109040001850B1281850A0281850B1281850A0283E
:1090500020205222F9FFFF2A02CEB0E11850B12899
:109060001850A0281800B1481800A0481040BDE8CA
:1090700002CFB0E104309124043080240EF0A0012E
:10908000822FB0E10120D1440130D12401C0D1248C
:109090000120C0440130C02401C0C0240EF0A0E172
:1090A0000020A0E3A1C170E02000003A21C470E0DC
:1090B0000F00003A0004A0E1FF2482E321C270E027
:1090C0001700003A21C470E00900003A0004A0E152
:1090D000FF2882E321C470E00004A021FF2C82233A
:1090E00021C270E00E00003A00C070E2C8F3FF2A0F
:1090F0002004A021A1C370E0801341200220A2E03F
:1091000021C370E0001341200220A2E0A1C270E060
:10911000801241200220A2E021C270E00012412012
:109120000220A2E0A1C170E0801141200220A2E053
:1091300021C170E0001141200220A2E0A1C070E036
:10914000801041200220A2E001C070E00010412008
:109150000220B2E0E5FFFF2A0200A0E10EF0A0E14C
:109160000A1040E2200140E0200280E0200480E07C
:10917000200880E0A001A0E1002180E0821051E001
:10918000010080520A1081420EF0A0E10000FFFFB2
:10919000100000001100000012000000000000009C
:1091A00008000000070000000900000006000000A1
:1091B0000A000000050000000B0000000400000091
:1091C0000C000000030000000D0000000200000081
:1091D0000E000000010000000F000000030000006E
:1091E0000400000005000000060000000700000069
:1091F00008000000090000000A0000000B00000049
:109200000D0000000F00000011000000130000001E
:10921000170000001B0000001F00000023000000DA
:109220002B000000330000003B0000004300000062
:109230005300000063000000730000008300000082
:10924000A3000000C3000000E300000002010000D2
:10925000000000000000000000000000000000000E
:1092600000000000000000000000000000000000FE
:1092700000000000000000000100000001000000EC
:1092800001000000010000000200000002000000D8
:1092900002000000020000000300000003000000C4
:1092A00003000000030000000400000004000000B0
:1092B000040000000400000005000000050000009C
:1092C0000500000005000000000000007000000024
:1092D0007000000001000000020000000300000018
:1092E0000400000005000000070000000900000065
:1092F0000D00000011000000190000002100000016
:109300003100000041000000610000008100000009
:10931000C100000001010000810100000102000005
:109320000103000001040000010600000108000024
:10933000010C0000011000000118000001200000D5
:10934000013000000140000001600000000000004A
:10935000000000000000000000000000010000000C
:1093600001000000020000000200000003000000F5
:1093700003000000040000000400000005000000DD
:1093800005000000060000000600000007000000C5
:1093900007000000080000000800000009000000AD
:1093A000090000000A0000000A0000000B00000095
:1093B0000B0000000C0000000C0000000D0000007D
:1093C0000D00000000000000090000000500000082
:1093D00060070000000100000008000050000000CD
:1093E0000008000010000000540800007300000096
:1093F000520700001F00000000080000700000007D
:10940000000800003000000000090000C00000005B
:10941000500700000A000000000800006000000083
:10942000000800002000000000090000A00000006B
:10943000000800000000000000080000800000009C
:10944000000800004000000000090000E0000000EB
:10945000500700000600000000080000580000004F
:109460000008000018000000000900009000000043
:10947000530700003B0000000008000078000000D7
:10948000000800003800000000090000D0000000C3
:1094900051070000110000000008000068000000F3
:1094A000000800002800000000090000B0000000D3
:1094B000000800000800000000080000880000000C
:1094C000000800004800000000090000F000000053
:1094D00050070000040000000008000054000000D5
:1094E000000800001400000055080000E300000020
:1094F000530700002B00000000080000740000006B
:10950000000800003400000000090000C80000004E
:10951000510700000D00000000080000640000007A
:10952000000800002400000000090000A80000005E
:109530000008000004000000000800008400000093
:10954000000800004400000000090000E8000000DE
:109550005007000008000000000800005C00000048
:10956000000800001C000000000900009800000036
:109570005407000053000000000800007C000000B9
:10958000000800003C00000000090000D8000000B6
:109590005207000017000000000800006C000000E7
:1095A000000800002C00000000090000B8000000C6
:1095B000000800000C000000000800008C00000003
:1095C000000800004C00000000090000F800000046
:1095D00050070000030000000008000052000000D7
:1095E000000800001200000055080000A300000061
:1095F0005307000023000000000800007200000074
:10960000000800003200000000090000C400000053
:10961000510700000B00000000080000620000007D
:10962000000800002200000000090000A400000063
:109630000008000002000000000800008200000096
:10964000000800004200000000090000E4000000E3
:109650005007000007000000000800005A0000004A
:10966000000800001A00000000090000940000003B
:109670005407000043000000000800007A000000CA
:10968000000800003A00000000090000D4000000BB
:109690005207000013000000000800006A000000EC
:1096A000000800002A00000000090000B4000000CB
:1096B000000800000A000000000800008A00000006
:1096C000000800004A00000000090000F40000004B
:1096D00050070000050000000008000056000000D0
:1096E0000008000016000000C00800000000000094
:1096F000530700003300000000080000760000005F
:10970000000800003600000000090000CC00000046
:10971000510700000F000000000800006600000074
:10972000000800002600000000090000AC00000056
:10973000000800000600000000080000860000008D
:10974000000800004600000000090000EC000000D6
:109750005007000009000000000800005E00000043
:10976000000800001E000000000900009C0000002E
:109770005407000063000000000800007E000000A5
:10978000000800003E00000000090000DC000000AE
:10979000520700001B000000000800006E000000DF
:1097A000000800002E00000000090000BC000000BE
:1097B000000800000E000000000800008E000000FD
:1097C000000800004E00000000090000FC0000003E
:1097D00060070000000100000008000051000000C8
:1097E0000008000011000000550800008300000080
:1097F000520700001F000000000800007100000078
:10980000000800003100000000090000C200000054
:10981000500700000A00000000080000610000007E
:10982000000800002100000000090000A200000064
:109830000008000001000000000800008100000096
:10984000000800004100000000090000E2000000E4
:10985000500700000600000000080000590000004A
:10986000000800001900000000090000920000003C
:10987000530700003B0000000008000079000000D2
:10988000000800003900000000090000D2000000BC
:1098900051070000110000000008000069000000EE
:1098A000000800002900000000090000B2000000CC
:1098B0000008000009000000000800008900000006
:1098C000000800004900000000090000F20000004C
:1098D00050070000040000000008000055000000D0
:1098E0000008000015000000500800000201000000
:1098F000530700002B000000000800007500000066
:10990000000800003500000000090000CA00000047
:10991000510700000D000000000800006500000075
:10992000000800002500000000090000AA00000057
:10993000000800000500000000080000850000008D
:10994000000800004500000000090000EA000000D7
:109950005007000008000000000800005D00000043
:10996000000800001D000000000900009A0000002F
:109970005407000053000000000800007D000000B4
:10998000000800003D00000000090000DA000000AF
:109990005207000017000000000800006D000000E2
:1099A000000800002D00000000090000BA000000BF
:1099B000000800000D000000000800008D000000FD
:1099C000000800004D00000000090000FA0000003F
:1099D00050070000030000000008000053000000D2
:1099E000000800001300000055080000C30000003C
:1099F000530700002300000000080000730000006F
:109A0000000800003300000000090000C60000004C
:109A1000510700000B000000000800006300000078
:109A2000000800002300000000090000A60000005C
:109A30000008000003000000000800008300000090
:109A4000000800004300000000090000E6000000DC
:109A50005007000007000000000800005B00000045
:109A6000000800001B000000000900009600000034
:109A70005407000043000000000800007B000000C5
:109A8000000800003B00000000090000D6000000B4
:109A90005207000013000000000800006B000000E7
:109AA000000800002B00000000090000B6000000C4
:109AB000000800000B000000000800008B00000000
:109AC000000800004B00000000090000F600000044
:109AD00050070000050000000008000057000000CB
:109AE0000008000017000000C0080000000000008F
:109AF000530700003300000000080000770000005A
:109B0000000800003700000000090000CE0000003F
:109B1000510700000F00000000080000670000006F
:109B2000000800002700000000090000AE0000004F
:109B30000008000007000000000800008700000087
:109B4000000800004700000000090000EE000000CF
:109B50005007000009000000000800005F0000003E
:109B6000000800001F000000000900009E00000027
:109B70005407000063000000000800007F000000A0
:109B8000000800003F00000000090000DE000000A7
:109B9000520700001B000000000800006F000000DA
:109BA000000800002F00000000090000BE000000B7
:109BB000000800000F000000000800008F000000F7
:109BC000000800004F00000000090000FE00000037
:109BD00060070000000100000008000050000000C5
:109BE000000800001000000054080000730000008E
:109BF000520700001F000000000800007000000075
:109C0000000800003000000000090000C100000052
:109C1000500700000A00000000080000600000007B
:109C2000000800002000000000090000A100000062
:109C30000008000000000000000800008000000094
:109C4000000800004000000000090000E1000000E2
:109C50005007000006000000000800005800000047
:109C6000000800001800000000090000910000003A
:109C7000530700003B0000000008000078000000CF
:109C8000000800003800000000090000D1000000BA
:109C900051070000110000000008000068000000EB
:109CA000000800002800000000090000B1000000CA
:109CB0000008000008000000000800008800000004
:109CC000000800004800000000090000F10000004A
:109CD00050070000040000000008000054000000CD
:109CE000000800001400000055080000E300000018
:109CF000530700002B000000000800007400000063
:109D0000000800003400000000090000C900000045
:109D1000510700000D000000000800006400000072
:109D2000000800002400000000090000A900000055
:109D3000000800000400000000080000840000008B
:109D4000000800004400000000090000E9000000D5
:109D50005007000008000000000800005C00000040
:109D6000000800001C00000000090000990000002D
:109D70005407000053000000000800007C000000B1
:109D8000000800003C00000000090000D9000000AD
:109D90005207000017000000000800006C000000DF
:109DA000000800002C00000000090000B9000000BD
:109DB000000800000C000000000800008C000000FB
:109DC000000800004C00000000090000F90000003D
:109DD00050070000030000000008000052000000CF
:109DE000000800001200000055080000A300000059
:109DF000530700002300000000080000720000006C
:109E0000000800003200000000090000C50000004A
:109E1000510700000B000000000800006200000075
:109E2000000800002200000000090000A50000005A
:109E3000000800000200000000080000820000008E
:109E4000000800004200000000090000E5000000DA
:109E50005007000007000000000800005A00000042
:109E6000000800001A000000000900009500000032
:109E70005407000043000000000800007A000000C2
:109E8000000800003A00000000090000D5000000B2
:109E90005207000013000000000800006A000000E4
:109EA000000800002A00000000090000B5000000C2
:109EB000000800000A000000000800008A000000FE
:109EC000000800004A00000000090000F500000042
:109ED00050070000050000000008000056000000C8
:109EE0000008000016000000C0080000000000008C
:109EF0005307000033000000000800007600000057
:109F0000000800003600000000090000CD0000003D
:109F1000510700000F00000000080000660000006C
:109F2000000800002600000000090000AD0000004D
:109F30000008000006000000000800008600000085
:109F4000000800004600000000090000ED000000CD
:109F50005007000009000000000800005E0000003B
:109F6000000800001E000000000900009D00000025
:109F70005407000063000000000800007E0000009D
:109F8000000800003E00000000090000DD000000A5
:109F9000520700001B000000000800006E000000D7
:109FA000000800002E00000000090000BD000000B5
:109FB000000800000E000000000800008E000000F5
:109FC000000800004E00000000090000FD00000035
:109FD00060070000000100000008000051000000C0
:109FE0000008000011000000550800008300000078
:109FF000520700001F000000000800007100000070
:10A00000000800003100000000090000C30000004B
:10A01000500700000A000000000800006100000076
:10A02000000800002100000000090000A30000005B
:10A03000000800000100000000080000810000008E
:10A04000000800004100000000090000E3000000DB
:10A050005007000006000000000800005900000042
:10A060000008000019000000000900009300000033
:10A07000530700003B0000000008000079000000CA
:10A08000000800003900000000090000D3000000B3
:10A0900051070000110000000008000069000000E6
:10A0A000000800002900000000090000B3000000C3
:10A0B00000080000090000000008000089000000FE
:10A0C000000800004900000000090000F300000043
:10A0D00050070000040000000008000055000000C8
:10A0E00000080000150000005008000002010000F8
:10A0F000530700002B00000000080000750000005E
:10A10000000800003500000000090000CB0000003E
:10A11000510700000D00000000080000650000006D
:10A12000000800002500000000090000AB0000004E
:10A130000008000005000000000800008500000085
:10A14000000800004500000000090000EB000000CE
:10A150005007000008000000000800005D0000003B
:10A16000000800001D000000000900009B00000026
:10A170005407000053000000000800007D000000AC
:10A18000000800003D00000000090000DB000000A6
:10A190005207000017000000000800006D000000DA
:10A1A000000800002D00000000090000BB000000B6
:10A1B000000800000D000000000800008D000000F5
:10A1C000000800004D00000000090000FB00000036
:10A1D00050070000030000000008000053000000CA
:10A1E000000800001300000055080000C300000034
:10A1F0005307000023000000000800007300000067
:10A20000000800003300000000090000C700000043
:10A21000510700000B000000000800006300000070
:10A22000000800002300000000090000A700000053
:10A230000008000003000000000800008300000088
:10A24000000800004300000000090000E7000000D3
:10A250005007000007000000000800005B0000003D
:10A26000000800001B00000000090000970000002B
:10A270005407000043000000000800007B000000BD
:10A28000000800003B00000000090000D7000000AB
:10A290005207000013000000000800006B000000DF
:10A2A000000800002B00000000090000B7000000BB
:10A2B000000800000B000000000800008B000000F8
:10A2C000000800004B00000000090000F70000003B
:10A2D00050070000050000000008000057000000C3
:10A2E0000008000017000000C00800000000000087
:10A2F0005307000033000000000800007700000052
:10A30000000800003700000000090000CF00000036
:10A31000510700000F000000000800006700000067
:10A32000000800002700000000090000AF00000046
:10A33000000800000700000000080000870000007F
:10A34000000800004700000000090000EF000000C6
:10A350005007000009000000000800005F00000036
:10A36000000800001F000000000900009F0000001E
:10A370005407000063000000000800007F00000098
:10A38000000800003F00000000090000DF0000009E
:10A39000520700001B000000000800006F000000D2
:10A3A000000800002F00000000090000BF000000AE
:10A3B000000800000F000000000800008F000000EF
:10A3C000000800004F00000000090000FF0000002E
:10A3D00050050000010000005705000001010000C9
:10A3E00053050000110000005B0500000110000093
:10A3F000510500000500000059050000010400009F
:10A4000055050000410000005D050000014000000E
:10A410005005000003000000580500000102000084
:10A4200054050000210000005C0500000120000030
:10A4300052050000090000005A0500000108000054
:10A440005605000081000000C0050000016000000A
:10A4500050050000020000005705000081010000C7
:10A4600053050000190000005B0500000118000002
:10A47000510500000700000059050000010600001A
:10A4800055050000610000005D050000016000004E
:10A490005005000004000000580500000103000002
:10A4A00054050000310000005C0500000130000090
:10A4B000520500000D0000005A050000010C0000CC
:10A4C00056050000C1000000C0050000016000004A
:10A4D0000000000001000000030000000700000071
:10A4E0000F0000001F0000003F0000007F00000080
:10A4F000FF000000FF010000FF030000FF07000055
:10A50000FF0F0000FF1F0000FF3F0000FF7F000063
:04A51000FFFF000049
:00000001FF
