Timing Analyzer report for arm_top
Mon Oct 31 16:50:52 2005
Version 4.2 Build 157 12/07/2004 SJ Full Version


---------------------
; Table of Contents ;
---------------------
  1. Legal Notice
  2. Timing Analyzer Summary
  3. Timing Analyzer Settings
  4. Clock Settings Summary
  5. Clock Setup: 'pld_clk'
  6. tsu
  7. tco
  8. th
  9. Timing Analyzer Messages



----------------
; Legal Notice ;
----------------
Copyright (C) 1991-2004 Altera Corporation
Any  megafunction  design,  and related netlist (encrypted  or  decrypted),
support information,  device programming or simulation file,  and any other
associated  documentation or information  provided by  Altera  or a partner
under  Altera's   Megafunction   Partnership   Program  may  be  used  only
to program  PLD  devices (but not masked  PLD  devices) from  Altera.   Any
other  use  of such  megafunction  design,  netlist,  support  information,
device programming or simulation file,  or any other  related documentation
or information  is prohibited  for  any  other purpose,  including, but not
limited to  modification,  reverse engineering,  de-compiling, or use  with
any other  silicon devices,  unless such use is  explicitly  licensed under
a separate agreement with  Altera  or a megafunction partner.  Title to the
intellectual property,  including patents,  copyrights,  trademarks,  trade
secrets,  or maskworks,  embodied in any such megafunction design, netlist,
support  information,  device programming or simulation file,  or any other
related documentation or information provided by  Altera  or a megafunction
partner, remains with Altera, the megafunction partner, or their respective
licensors. No other licenses, including any licenses needed under any third
party's intellectual property, are provided herein.



+--------------------------------------------------------------------------------------------------------------------------------------------------------------------------------------------------------------------------------------------------------------------------------------------------+
; Timing Analyzer Summary                                                                                                                                                                                                                                                                          ;
+------------------------------+-------+---------------+----------------------------------+--------------------------------------------------------------------------------+--------------------------------------------------------------------------------+------------+----------+--------------+
; Type                         ; Slack ; Required Time ; Actual Time                      ; From                                                                           ; To                                                                             ; From Clock ; To Clock ; Failed Paths ;
+------------------------------+-------+---------------+----------------------------------+--------------------------------------------------------------------------------+--------------------------------------------------------------------------------+------------+----------+--------------+
; Worst-case tsu               ; N/A   ; None          ; 14.344 ns                        ; reset_slave                                                                    ; SEG_SLAVE:inst1|LCD_TOP:b2v_inst2|data_out[7]                                  ;            ; pld_clk  ; 0            ;
; Worst-case tco               ; N/A   ; None          ; 14.746 ns                        ; SEG_SLAVE:inst1|seven_seg:b2v_inst1|cnt3[1]~reg0                               ; seg_gnd2[1]                                                                    ; pld_clk    ;          ; 0            ;
; Worst-case th                ; N/A   ; None          ; -13.736 ns                       ; reset_slave                                                                    ; SEG_SLAVE:inst1|LCD_TOP:b2v_inst2|data_out[4]                                  ;            ; pld_clk  ; 0            ;
; Clock Setup: 'pld_clk'       ; N/A   ; None          ; 67.68 MHz ( period = 14.775 ns ) ; stripe:inst|alt_exc_stripe:lpm_instance|alt_exc_upcore:core|core~MASTERHWRITE0 ; SEG_SLAVE:inst1|LCD_TOP:b2v_inst2|dp_ram:dpram1|altdpram:mem_rtl_0|q[6]~reg_we ; pld_clk    ; pld_clk  ; 0            ;
; Total number of failed paths ;       ;               ;                                  ;                                                                                ;                                                                                ;            ;          ; 0            ;
+------------------------------+-------+---------------+----------------------------------+--------------------------------------------------------------------------------+--------------------------------------------------------------------------------+------------+----------+--------------+


+------------------------------------------------------------------------------------------------------+
; Timing Analyzer Settings                                                                             ;
+-------------------------------------------------------+--------------------+------+----+-------------+
; Option                                                ; Setting            ; From ; To ; Entity Name ;
+-------------------------------------------------------+--------------------+------+----+-------------+
; Device Name                                           ; EPXA10F1020C2      ;      ;    ;             ;
; Timing Models                                         ; Final              ;      ;    ;             ;
; Number of source nodes to report per destination node ; 10                 ;      ;    ;             ;
; Number of destination nodes to report                 ; 10                 ;      ;    ;             ;
; Number of paths to report                             ; 200                ;      ;    ;             ;
; Report Minumum Timing Checks                          ; Off                ;      ;    ;             ;
; Use Fast Timing Models                                ; Off                ;      ;    ;             ;
; Report IO Paths Separately                            ; Off                ;      ;    ;             ;
; Clock Analysis Only                                   ; Off                ;      ;    ;             ;
; Default hold multicycle                               ; Same as Multicycle ;      ;    ;             ;
; Cut paths between unrelated clock domains             ; On                 ;      ;    ;             ;
; Cut off read during write signal paths                ; On                 ;      ;    ;             ;
; Cut off clear and preset signal paths                 ; On                 ;      ;    ;             ;
; Cut off feedback from I/O pins                        ; On                 ;      ;    ;             ;
; Ignore Clock Settings                                 ; Off                ;      ;    ;             ;
; Analyze latches as synchronous elements               ; Off                ;      ;    ;             ;
; Do Min/Max analysis using Rise/Fall delays            ; Off                ;      ;    ;             ;
; Enable Recovery/Removal analysis                      ; Off                ;      ;    ;             ;
; Use Clock Latency for PLL offset                      ; Off                ;      ;    ;             ;
+-------------------------------------------------------+--------------------+------+----+-------------+


+--------------------------------------------------------------------------------------------------------------------------------------+
; Clock Settings Summary                                                                                                               ;
+-----------------+--------------------+----------+------------------+----------+-----------------------+---------------------+--------+
; Clock Node Name ; Clock Setting Name ; Type     ; Fmax Requirement ; Based on ; Multiply Base Fmax by ; Divide Base Fmax by ; Offset ;
+-----------------+--------------------+----------+------------------+----------+-----------------------+---------------------+--------+
; pld_clk         ;                    ; User Pin ; NONE             ; NONE     ; N/A                   ; N/A                 ; N/A    ;
+-----------------+--------------------+----------+------------------+----------+-----------------------+---------------------+--------+


+------------------------------------------------------------------------------------------------------------------------------------------------------------------------------------------------------------------------------------------------------------------------------------------------------------------------------------------------------------------------------+
; Clock Setup: 'pld_clk'                                                                                                                                                                                                                                                                                                                                                       ;
+-----------------------------------------+-----------------------------------------------------+--------------------------------------------------------------------------------+---------------------------------------------------------------------------------+------------+----------+-----------------------------+---------------------------+-------------------------+
; Slack                                   ; Actual fmax (period)                                ; From                                                                           ; To                                                                              ; From Clock ; To Clock ; Required Setup Relationship ; Required Longest P2P Time ; Actual Longest P2P Time ;
+-----------------------------------------+-----------------------------------------------------+--------------------------------------------------------------------------------+---------------------------------------------------------------------------------+------------+----------+-----------------------------+---------------------------+-------------------------+
; N/A                                     ; 67.68 MHz ( period = 14.775 ns )                    ; stripe:inst|alt_exc_stripe:lpm_instance|alt_exc_upcore:core|core~MASTERHWRITE0 ; SEG_SLAVE:inst1|LCD_TOP:b2v_inst2|dp_ram:dpram1|altdpram:mem_rtl_0|q[6]~reg_we  ; pld_clk    ; pld_clk  ; None                        ; None                      ; 15.076 ns               ;
; N/A                                     ; 67.69 MHz ( period = 14.774 ns )                    ; stripe:inst|alt_exc_stripe:lpm_instance|alt_exc_upcore:core|core~MASTERHWRITE0 ; SEG_SLAVE:inst1|LCD_TOP:b2v_inst2|dp_ram:dpram1|altdpram:mem_rtl_0|q[3]~reg_we  ; pld_clk    ; pld_clk  ; None                        ; None                      ; 15.075 ns               ;
; N/A                                     ; 67.69 MHz ( period = 14.774 ns )                    ; stripe:inst|alt_exc_stripe:lpm_instance|alt_exc_upcore:core|core~MASTERHWRITE0 ; SEG_SLAVE:inst1|LCD_TOP:b2v_inst2|dp_ram:dpram1|altdpram:mem_rtl_0|q[1]~reg_we  ; pld_clk    ; pld_clk  ; None                        ; None                      ; 15.075 ns               ;
; N/A                                     ; 67.69 MHz ( period = 14.773 ns )                    ; stripe:inst|alt_exc_stripe:lpm_instance|alt_exc_upcore:core|core~MASTERHWRITE0 ; SEG_SLAVE:inst1|LCD_TOP:b2v_inst2|dp_ram:dpram1|altdpram:mem_rtl_0|q[0]~reg_we  ; pld_clk    ; pld_clk  ; None                        ; None                      ; 15.074 ns               ;
; N/A                                     ; 67.70 MHz ( period = 14.772 ns )                    ; stripe:inst|alt_exc_stripe:lpm_instance|alt_exc_upcore:core|core~MASTERHWRITE0 ; SEG_SLAVE:inst1|LCD_TOP:b2v_inst2|dp_ram:dpram1|altdpram:mem_rtl_0|q[2]~reg_we  ; pld_clk    ; pld_clk  ; None                        ; None                      ; 15.073 ns               ;
; N/A                                     ; 67.70 MHz ( period = 14.770 ns )                    ; stripe:inst|alt_exc_stripe:lpm_instance|alt_exc_upcore:core|core~MASTERHWRITE0 ; SEG_SLAVE:inst1|LCD_TOP:b2v_inst2|dp_ram:dpram1|altdpram:mem_rtl_0|q[4]~reg_we  ; pld_clk    ; pld_clk  ; None                        ; None                      ; 15.071 ns               ;
; N/A                                     ; 67.70 MHz ( period = 14.770 ns )                    ; stripe:inst|alt_exc_stripe:lpm_instance|alt_exc_upcore:core|core~MASTERHWRITE0 ; SEG_SLAVE:inst1|LCD_TOP:b2v_inst2|dp_ram:dpram1|altdpram:mem_rtl_0|q[7]~reg_we  ; pld_clk    ; pld_clk  ; None                        ; None                      ; 15.071 ns               ;
; N/A                                     ; 67.72 MHz ( period = 14.767 ns )                    ; stripe:inst|alt_exc_stripe:lpm_instance|alt_exc_upcore:core|core~MASTERHWRITE0 ; SEG_SLAVE:inst1|LCD_TOP:b2v_inst2|dp_ram:dpram1|altdpram:mem_rtl_0|q[5]~reg_we  ; pld_clk    ; pld_clk  ; None                        ; None                      ; 15.068 ns               ;
; N/A                                     ; 71.52 MHz ( period = 13.982 ns )                    ; stripe:inst|alt_exc_stripe:lpm_instance|alt_exc_upcore:core|core~MASTERHWRITE0 ; SEG_SLAVE:inst1|LCD_TOP:b2v_inst2|dp_ram:dpram1|altdpram:mem_rtl_0|q[3]~reg_wa3 ; pld_clk    ; pld_clk  ; None                        ; None                      ; 14.918 ns               ;
; N/A                                     ; 71.52 MHz ( period = 13.982 ns )                    ; stripe:inst|alt_exc_stripe:lpm_instance|alt_exc_upcore:core|core~MASTERHWRITE0 ; SEG_SLAVE:inst1|LCD_TOP:b2v_inst2|dp_ram:dpram1|altdpram:mem_rtl_0|q[6]~reg_wa3 ; pld_clk    ; pld_clk  ; None                        ; None                      ; 14.918 ns               ;
; N/A                                     ; 71.53 MHz ( period = 13.981 ns )                    ; stripe:inst|alt_exc_stripe:lpm_instance|alt_exc_upcore:core|core~MASTERHWRITE0 ; SEG_SLAVE:inst1|LCD_TOP:b2v_inst2|dp_ram:dpram1|altdpram:mem_rtl_0|q[0]~reg_wa3 ; pld_clk    ; pld_clk  ; None                        ; None                      ; 14.917 ns               ;
; N/A                                     ; 71.53 MHz ( period = 13.981 ns )                    ; stripe:inst|alt_exc_stripe:lpm_instance|alt_exc_upcore:core|core~MASTERHWRITE0 ; SEG_SLAVE:inst1|LCD_TOP:b2v_inst2|dp_ram:dpram1|altdpram:mem_rtl_0|q[1]~reg_wa3 ; pld_clk    ; pld_clk  ; None                        ; None                      ; 14.917 ns               ;
; N/A                                     ; 71.54 MHz ( period = 13.979 ns )                    ; stripe:inst|alt_exc_stripe:lpm_instance|alt_exc_upcore:core|core~MASTERHWRITE0 ; SEG_SLAVE:inst1|LCD_TOP:b2v_inst2|dp_ram:dpram1|altdpram:mem_rtl_0|q[2]~reg_wa3 ; pld_clk    ; pld_clk  ; None                        ; None                      ; 14.915 ns               ;
; N/A                                     ; 71.54 MHz ( period = 13.978 ns )                    ; stripe:inst|alt_exc_stripe:lpm_instance|alt_exc_upcore:core|core~MASTERHWRITE0 ; SEG_SLAVE:inst1|LCD_TOP:b2v_inst2|dp_ram:dpram1|altdpram:mem_rtl_0|q[4]~reg_wa3 ; pld_clk    ; pld_clk  ; None                        ; None                      ; 14.914 ns               ;
; N/A                                     ; 71.55 MHz ( period = 13.977 ns )                    ; stripe:inst|alt_exc_stripe:lpm_instance|alt_exc_upcore:core|core~MASTERHWRITE0 ; SEG_SLAVE:inst1|LCD_TOP:b2v_inst2|dp_ram:dpram1|altdpram:mem_rtl_0|q[3]~reg_wa2 ; pld_clk    ; pld_clk  ; None                        ; None                      ; 14.913 ns               ;
; N/A                                     ; 71.55 MHz ( period = 13.977 ns )                    ; stripe:inst|alt_exc_stripe:lpm_instance|alt_exc_upcore:core|core~MASTERHWRITE0 ; SEG_SLAVE:inst1|LCD_TOP:b2v_inst2|dp_ram:dpram1|altdpram:mem_rtl_0|q[6]~reg_wa2 ; pld_clk    ; pld_clk  ; None                        ; None                      ; 14.913 ns               ;
; N/A                                     ; 71.55 MHz ( period = 13.977 ns )                    ; stripe:inst|alt_exc_stripe:lpm_instance|alt_exc_upcore:core|core~MASTERHWRITE0 ; SEG_SLAVE:inst1|LCD_TOP:b2v_inst2|dp_ram:dpram1|altdpram:mem_rtl_0|q[7]~reg_wa3 ; pld_clk    ; pld_clk  ; None                        ; None                      ; 14.913 ns               ;
; N/A                                     ; 71.55 MHz ( period = 13.976 ns )                    ; stripe:inst|alt_exc_stripe:lpm_instance|alt_exc_upcore:core|core~MASTERHWRITE0 ; SEG_SLAVE:inst1|LCD_TOP:b2v_inst2|dp_ram:dpram1|altdpram:mem_rtl_0|q[0]~reg_wa2 ; pld_clk    ; pld_clk  ; None                        ; None                      ; 14.912 ns               ;
; N/A                                     ; 71.55 MHz ( period = 13.976 ns )                    ; stripe:inst|alt_exc_stripe:lpm_instance|alt_exc_upcore:core|core~MASTERHWRITE0 ; SEG_SLAVE:inst1|LCD_TOP:b2v_inst2|dp_ram:dpram1|altdpram:mem_rtl_0|q[1]~reg_wa2 ; pld_clk    ; pld_clk  ; None                        ; None                      ; 14.912 ns               ;
; N/A                                     ; 71.56 MHz ( period = 13.975 ns )                    ; stripe:inst|alt_exc_stripe:lpm_instance|alt_exc_upcore:core|core~MASTERHWRITE0 ; SEG_SLAVE:inst1|LCD_TOP:b2v_inst2|dp_ram:dpram1|altdpram:mem_rtl_0|q[5]~reg_wa3 ; pld_clk    ; pld_clk  ; None                        ; None                      ; 14.911 ns               ;
; N/A                                     ; 71.56 MHz ( period = 13.974 ns )                    ; stripe:inst|alt_exc_stripe:lpm_instance|alt_exc_upcore:core|core~MASTERHWRITE0 ; SEG_SLAVE:inst1|LCD_TOP:b2v_inst2|dp_ram:dpram1|altdpram:mem_rtl_0|q[2]~reg_wa2 ; pld_clk    ; pld_clk  ; None                        ; None                      ; 14.910 ns               ;
; N/A                                     ; 71.57 MHz ( period = 13.973 ns )                    ; stripe:inst|alt_exc_stripe:lpm_instance|alt_exc_upcore:core|core~MASTERHWRITE0 ; SEG_SLAVE:inst1|LCD_TOP:b2v_inst2|dp_ram:dpram1|altdpram:mem_rtl_0|q[3]~reg_wa1 ; pld_clk    ; pld_clk  ; None                        ; None                      ; 14.909 ns               ;
; N/A                                     ; 71.57 MHz ( period = 13.973 ns )                    ; stripe:inst|alt_exc_stripe:lpm_instance|alt_exc_upcore:core|core~MASTERHWRITE0 ; SEG_SLAVE:inst1|LCD_TOP:b2v_inst2|dp_ram:dpram1|altdpram:mem_rtl_0|q[4]~reg_wa2 ; pld_clk    ; pld_clk  ; None                        ; None                      ; 14.909 ns               ;
; N/A                                     ; 71.57 MHz ( period = 13.973 ns )                    ; stripe:inst|alt_exc_stripe:lpm_instance|alt_exc_upcore:core|core~MASTERHWRITE0 ; SEG_SLAVE:inst1|LCD_TOP:b2v_inst2|dp_ram:dpram1|altdpram:mem_rtl_0|q[6]~reg_wa1 ; pld_clk    ; pld_clk  ; None                        ; None                      ; 14.909 ns               ;
; N/A                                     ; 71.57 MHz ( period = 13.972 ns )                    ; stripe:inst|alt_exc_stripe:lpm_instance|alt_exc_upcore:core|core~MASTERHWRITE0 ; SEG_SLAVE:inst1|LCD_TOP:b2v_inst2|dp_ram:dpram1|altdpram:mem_rtl_0|q[0]~reg_wa1 ; pld_clk    ; pld_clk  ; None                        ; None                      ; 14.908 ns               ;
; N/A                                     ; 71.57 MHz ( period = 13.972 ns )                    ; stripe:inst|alt_exc_stripe:lpm_instance|alt_exc_upcore:core|core~MASTERHWRITE0 ; SEG_SLAVE:inst1|LCD_TOP:b2v_inst2|dp_ram:dpram1|altdpram:mem_rtl_0|q[1]~reg_wa1 ; pld_clk    ; pld_clk  ; None                        ; None                      ; 14.908 ns               ;
; N/A                                     ; 71.57 MHz ( period = 13.972 ns )                    ; stripe:inst|alt_exc_stripe:lpm_instance|alt_exc_upcore:core|core~MASTERHWRITE0 ; SEG_SLAVE:inst1|LCD_TOP:b2v_inst2|dp_ram:dpram1|altdpram:mem_rtl_0|q[7]~reg_wa2 ; pld_clk    ; pld_clk  ; None                        ; None                      ; 14.908 ns               ;
; N/A                                     ; 71.58 MHz ( period = 13.970 ns )                    ; stripe:inst|alt_exc_stripe:lpm_instance|alt_exc_upcore:core|core~MASTERHWRITE0 ; SEG_SLAVE:inst1|LCD_TOP:b2v_inst2|dp_ram:dpram1|altdpram:mem_rtl_0|q[2]~reg_wa1 ; pld_clk    ; pld_clk  ; None                        ; None                      ; 14.906 ns               ;
; N/A                                     ; 71.58 MHz ( period = 13.970 ns )                    ; stripe:inst|alt_exc_stripe:lpm_instance|alt_exc_upcore:core|core~MASTERHWRITE0 ; SEG_SLAVE:inst1|LCD_TOP:b2v_inst2|dp_ram:dpram1|altdpram:mem_rtl_0|q[5]~reg_wa2 ; pld_clk    ; pld_clk  ; None                        ; None                      ; 14.906 ns               ;
; N/A                                     ; 71.59 MHz ( period = 13.969 ns )                    ; stripe:inst|alt_exc_stripe:lpm_instance|alt_exc_upcore:core|core~MASTERHWRITE0 ; SEG_SLAVE:inst1|LCD_TOP:b2v_inst2|dp_ram:dpram1|altdpram:mem_rtl_0|q[4]~reg_wa1 ; pld_clk    ; pld_clk  ; None                        ; None                      ; 14.905 ns               ;
; N/A                                     ; 71.59 MHz ( period = 13.968 ns )                    ; stripe:inst|alt_exc_stripe:lpm_instance|alt_exc_upcore:core|core~MASTERHWRITE0 ; SEG_SLAVE:inst1|LCD_TOP:b2v_inst2|dp_ram:dpram1|altdpram:mem_rtl_0|q[7]~reg_wa1 ; pld_clk    ; pld_clk  ; None                        ; None                      ; 14.904 ns               ;
; N/A                                     ; 71.60 MHz ( period = 13.966 ns )                    ; stripe:inst|alt_exc_stripe:lpm_instance|alt_exc_upcore:core|core~MASTERHWRITE0 ; SEG_SLAVE:inst1|LCD_TOP:b2v_inst2|dp_ram:dpram1|altdpram:mem_rtl_0|q[5]~reg_wa1 ; pld_clk    ; pld_clk  ; None                        ; None                      ; 14.902 ns               ;
; N/A                                     ; 71.63 MHz ( period = 13.960 ns )                    ; stripe:inst|alt_exc_stripe:lpm_instance|alt_exc_upcore:core|core~MASTERHWRITE0 ; SEG_SLAVE:inst1|LCD_TOP:b2v_inst2|dp_ram:dpram1|altdpram:mem_rtl_0|q[3]~reg_wa0 ; pld_clk    ; pld_clk  ; None                        ; None                      ; 14.896 ns               ;
; N/A                                     ; 71.63 MHz ( period = 13.960 ns )                    ; stripe:inst|alt_exc_stripe:lpm_instance|alt_exc_upcore:core|core~MASTERHWRITE0 ; SEG_SLAVE:inst1|LCD_TOP:b2v_inst2|dp_ram:dpram1|altdpram:mem_rtl_0|q[6]~reg_wa0 ; pld_clk    ; pld_clk  ; None                        ; None                      ; 14.896 ns               ;
; N/A                                     ; 71.64 MHz ( period = 13.959 ns )                    ; stripe:inst|alt_exc_stripe:lpm_instance|alt_exc_upcore:core|core~MASTERHWRITE0 ; SEG_SLAVE:inst1|LCD_TOP:b2v_inst2|dp_ram:dpram1|altdpram:mem_rtl_0|q[0]~reg_wa0 ; pld_clk    ; pld_clk  ; None                        ; None                      ; 14.895 ns               ;
; N/A                                     ; 71.64 MHz ( period = 13.959 ns )                    ; stripe:inst|alt_exc_stripe:lpm_instance|alt_exc_upcore:core|core~MASTERHWRITE0 ; SEG_SLAVE:inst1|LCD_TOP:b2v_inst2|dp_ram:dpram1|altdpram:mem_rtl_0|q[1]~reg_wa0 ; pld_clk    ; pld_clk  ; None                        ; None                      ; 14.895 ns               ;
; N/A                                     ; 71.65 MHz ( period = 13.957 ns )                    ; stripe:inst|alt_exc_stripe:lpm_instance|alt_exc_upcore:core|core~MASTERHWRITE0 ; SEG_SLAVE:inst1|LCD_TOP:b2v_inst2|dp_ram:dpram1|altdpram:mem_rtl_0|q[2]~reg_wa0 ; pld_clk    ; pld_clk  ; None                        ; None                      ; 14.893 ns               ;
; N/A                                     ; 71.65 MHz ( period = 13.956 ns )                    ; stripe:inst|alt_exc_stripe:lpm_instance|alt_exc_upcore:core|core~MASTERHWRITE0 ; SEG_SLAVE:inst1|LCD_TOP:b2v_inst2|dp_ram:dpram1|altdpram:mem_rtl_0|q[4]~reg_wa0 ; pld_clk    ; pld_clk  ; None                        ; None                      ; 14.892 ns               ;
; N/A                                     ; 71.66 MHz ( period = 13.955 ns )                    ; stripe:inst|alt_exc_stripe:lpm_instance|alt_exc_upcore:core|core~MASTERHWRITE0 ; SEG_SLAVE:inst1|LCD_TOP:b2v_inst2|dp_ram:dpram1|altdpram:mem_rtl_0|q[7]~reg_wa0 ; pld_clk    ; pld_clk  ; None                        ; None                      ; 14.891 ns               ;
; N/A                                     ; 71.67 MHz ( period = 13.953 ns )                    ; stripe:inst|alt_exc_stripe:lpm_instance|alt_exc_upcore:core|core~MASTERHWRITE0 ; SEG_SLAVE:inst1|LCD_TOP:b2v_inst2|dp_ram:dpram1|altdpram:mem_rtl_0|q[5]~reg_wa0 ; pld_clk    ; pld_clk  ; None                        ; None                      ; 14.889 ns               ;
; N/A                                     ; 71.95 MHz ( period = 13.898 ns )                    ; stripe:inst|alt_exc_stripe:lpm_instance|alt_exc_upcore:core|core~MASTERHWRITE0 ; SEG_SLAVE:inst1|LCD_TOP:b2v_inst2|dp_ram:dpram1|altdpram:mem_rtl_0|q[3]~reg_wa4 ; pld_clk    ; pld_clk  ; None                        ; None                      ; 14.834 ns               ;
; N/A                                     ; 71.95 MHz ( period = 13.898 ns )                    ; stripe:inst|alt_exc_stripe:lpm_instance|alt_exc_upcore:core|core~MASTERHWRITE0 ; SEG_SLAVE:inst1|LCD_TOP:b2v_inst2|dp_ram:dpram1|altdpram:mem_rtl_0|q[6]~reg_wa4 ; pld_clk    ; pld_clk  ; None                        ; None                      ; 14.834 ns               ;
; N/A                                     ; 71.96 MHz ( period = 13.897 ns )                    ; stripe:inst|alt_exc_stripe:lpm_instance|alt_exc_upcore:core|core~MASTERHWRITE0 ; SEG_SLAVE:inst1|LCD_TOP:b2v_inst2|dp_ram:dpram1|altdpram:mem_rtl_0|q[0]~reg_wa4 ; pld_clk    ; pld_clk  ; None                        ; None                      ; 14.833 ns               ;
; N/A                                     ; 71.96 MHz ( period = 13.897 ns )                    ; stripe:inst|alt_exc_stripe:lpm_instance|alt_exc_upcore:core|core~MASTERHWRITE0 ; SEG_SLAVE:inst1|LCD_TOP:b2v_inst2|dp_ram:dpram1|altdpram:mem_rtl_0|q[1]~reg_wa4 ; pld_clk    ; pld_clk  ; None                        ; None                      ; 14.833 ns               ;
; N/A                                     ; 71.97 MHz ( period = 13.895 ns )                    ; stripe:inst|alt_exc_stripe:lpm_instance|alt_exc_upcore:core|core~MASTERHWRITE0 ; SEG_SLAVE:inst1|LCD_TOP:b2v_inst2|dp_ram:dpram1|altdpram:mem_rtl_0|q[2]~reg_wa4 ; pld_clk    ; pld_clk  ; None                        ; None                      ; 14.831 ns               ;
; N/A                                     ; 71.97 MHz ( period = 13.894 ns )                    ; stripe:inst|alt_exc_stripe:lpm_instance|alt_exc_upcore:core|core~MASTERHWRITE0 ; SEG_SLAVE:inst1|LCD_TOP:b2v_inst2|dp_ram:dpram1|altdpram:mem_rtl_0|q[4]~reg_wa4 ; pld_clk    ; pld_clk  ; None                        ; None                      ; 14.830 ns               ;
; N/A                                     ; 71.98 MHz ( period = 13.893 ns )                    ; stripe:inst|alt_exc_stripe:lpm_instance|alt_exc_upcore:core|core~MASTERHWRITE0 ; SEG_SLAVE:inst1|LCD_TOP:b2v_inst2|dp_ram:dpram1|altdpram:mem_rtl_0|q[7]~reg_wa4 ; pld_clk    ; pld_clk  ; None                        ; None                      ; 14.829 ns               ;
; N/A                                     ; 71.99 MHz ( period = 13.891 ns )                    ; stripe:inst|alt_exc_stripe:lpm_instance|alt_exc_upcore:core|core~MASTERHWRITE0 ; SEG_SLAVE:inst1|LCD_TOP:b2v_inst2|dp_ram:dpram1|altdpram:mem_rtl_0|q[5]~reg_wa4 ; pld_clk    ; pld_clk  ; None                        ; None                      ; 14.827 ns               ;
; N/A                                     ; 72.00 MHz ( period = 13.889 ns )                    ; stripe:inst|alt_exc_stripe:lpm_instance|alt_exc_upcore:core|core~MASTERHWRITE0 ; SEG_SLAVE:inst1|LCD_TOP:b2v_inst2|dp_ram:dpram1|altdpram:mem_rtl_0|q[6]~reg_wa5 ; pld_clk    ; pld_clk  ; None                        ; None                      ; 14.825 ns               ;
; N/A                                     ; 72.00 MHz ( period = 13.888 ns )                    ; stripe:inst|alt_exc_stripe:lpm_instance|alt_exc_upcore:core|core~MASTERHWRITE0 ; SEG_SLAVE:inst1|LCD_TOP:b2v_inst2|dp_ram:dpram1|altdpram:mem_rtl_0|q[3]~reg_wa5 ; pld_clk    ; pld_clk  ; None                        ; None                      ; 14.824 ns               ;
; N/A                                     ; 72.00 MHz ( period = 13.888 ns )                    ; stripe:inst|alt_exc_stripe:lpm_instance|alt_exc_upcore:core|core~MASTERHWRITE0 ; SEG_SLAVE:inst1|LCD_TOP:b2v_inst2|dp_ram:dpram1|altdpram:mem_rtl_0|q[1]~reg_wa5 ; pld_clk    ; pld_clk  ; None                        ; None                      ; 14.824 ns               ;
; N/A                                     ; 72.01 MHz ( period = 13.887 ns )                    ; stripe:inst|alt_exc_stripe:lpm_instance|alt_exc_upcore:core|core~MASTERHWRITE0 ; SEG_SLAVE:inst1|LCD_TOP:b2v_inst2|dp_ram:dpram1|altdpram:mem_rtl_0|q[0]~reg_wa5 ; pld_clk    ; pld_clk  ; None                        ; None                      ; 14.823 ns               ;
; N/A                                     ; 72.01 MHz ( period = 13.886 ns )                    ; stripe:inst|alt_exc_stripe:lpm_instance|alt_exc_upcore:core|core~MASTERHWRITE0 ; SEG_SLAVE:inst1|LCD_TOP:b2v_inst2|dp_ram:dpram1|altdpram:mem_rtl_0|q[2]~reg_wa5 ; pld_clk    ; pld_clk  ; None                        ; None                      ; 14.822 ns               ;
; N/A                                     ; 72.03 MHz ( period = 13.884 ns )                    ; stripe:inst|alt_exc_stripe:lpm_instance|alt_exc_upcore:core|core~MASTERHWRITE0 ; SEG_SLAVE:inst1|LCD_TOP:b2v_inst2|dp_ram:dpram1|altdpram:mem_rtl_0|q[4]~reg_wa5 ; pld_clk    ; pld_clk  ; None                        ; None                      ; 14.820 ns               ;
; N/A                                     ; 72.03 MHz ( period = 13.884 ns )                    ; stripe:inst|alt_exc_stripe:lpm_instance|alt_exc_upcore:core|core~MASTERHWRITE0 ; SEG_SLAVE:inst1|LCD_TOP:b2v_inst2|dp_ram:dpram1|altdpram:mem_rtl_0|q[7]~reg_wa5 ; pld_clk    ; pld_clk  ; None                        ; None                      ; 14.820 ns               ;
; N/A                                     ; 72.04 MHz ( period = 13.881 ns )                    ; stripe:inst|alt_exc_stripe:lpm_instance|alt_exc_upcore:core|core~MASTERHWRITE0 ; SEG_SLAVE:inst1|LCD_TOP:b2v_inst2|dp_ram:dpram1|altdpram:mem_rtl_0|q[5]~reg_wa5 ; pld_clk    ; pld_clk  ; None                        ; None                      ; 14.817 ns               ;
; N/A                                     ; 82.76 MHz ( period = 12.083 ns )                    ; stripe:inst|alt_exc_stripe:lpm_instance|alt_exc_upcore:core|core~MASTERHADDR6  ; SEG_SLAVE:inst1|ahb_slave_sm:b2v_inst|HREADY                                    ; pld_clk    ; pld_clk  ; None                        ; None                      ; 12.854 ns               ;
; N/A                                     ; 83.00 MHz ( period = 12.048 ns )                    ; stripe:inst|alt_exc_stripe:lpm_instance|alt_exc_upcore:core|core~MASTERHADDR7  ; SEG_SLAVE:inst1|ahb_slave_sm:b2v_inst|HREADY                                    ; pld_clk    ; pld_clk  ; None                        ; None                      ; 12.819 ns               ;
; N/A                                     ; 83.56 MHz ( period = 11.968 ns )                    ; stripe:inst|alt_exc_stripe:lpm_instance|alt_exc_upcore:core|core~MASTERHADDR5  ; SEG_SLAVE:inst1|ahb_slave_sm:b2v_inst|HREADY                                    ; pld_clk    ; pld_clk  ; None                        ; None                      ; 12.739 ns               ;
; N/A                                     ; 84.29 MHz ( period = 11.864 ns )                    ; SEG_SLAVE:inst1|LCD_TOP:b2v_inst2|rd_address[3]~reg0                           ; SEG_SLAVE:inst1|LCD_TOP:b2v_inst2|dp_ram:dpram1|altdpram:mem_rtl_0|q[3]         ; pld_clk    ; pld_clk  ; None                        ; None                      ; 5.032 ns                ;
; N/A                                     ; 84.29 MHz ( period = 11.864 ns )                    ; SEG_SLAVE:inst1|LCD_TOP:b2v_inst2|rd_address[3]~reg0                           ; SEG_SLAVE:inst1|LCD_TOP:b2v_inst2|dp_ram:dpram1|altdpram:mem_rtl_0|q[6]         ; pld_clk    ; pld_clk  ; None                        ; None                      ; 5.032 ns                ;
; N/A                                     ; 84.30 MHz ( period = 11.862 ns )                    ; SEG_SLAVE:inst1|LCD_TOP:b2v_inst2|rd_address[3]~reg0                           ; SEG_SLAVE:inst1|LCD_TOP:b2v_inst2|dp_ram:dpram1|altdpram:mem_rtl_0|q[0]         ; pld_clk    ; pld_clk  ; None                        ; None                      ; 5.031 ns                ;
; N/A                                     ; 84.30 MHz ( period = 11.862 ns )                    ; SEG_SLAVE:inst1|LCD_TOP:b2v_inst2|rd_address[3]~reg0                           ; SEG_SLAVE:inst1|LCD_TOP:b2v_inst2|dp_ram:dpram1|altdpram:mem_rtl_0|q[1]         ; pld_clk    ; pld_clk  ; None                        ; None                      ; 5.031 ns                ;
; N/A                                     ; 84.33 MHz ( period = 11.858 ns )                    ; SEG_SLAVE:inst1|LCD_TOP:b2v_inst2|rd_address[3]~reg0                           ; SEG_SLAVE:inst1|LCD_TOP:b2v_inst2|dp_ram:dpram1|altdpram:mem_rtl_0|q[2]         ; pld_clk    ; pld_clk  ; None                        ; None                      ; 5.029 ns                ;
; N/A                                     ; 84.33 MHz ( period = 11.858 ns )                    ; SEG_SLAVE:inst1|LCD_TOP:b2v_inst2|rd_address[5]~reg0                           ; SEG_SLAVE:inst1|LCD_TOP:b2v_inst2|dp_ram:dpram1|altdpram:mem_rtl_0|q[3]         ; pld_clk    ; pld_clk  ; None                        ; None                      ; 5.029 ns                ;
; N/A                                     ; 84.33 MHz ( period = 11.858 ns )                    ; SEG_SLAVE:inst1|LCD_TOP:b2v_inst2|rd_address[5]~reg0                           ; SEG_SLAVE:inst1|LCD_TOP:b2v_inst2|dp_ram:dpram1|altdpram:mem_rtl_0|q[6]         ; pld_clk    ; pld_clk  ; None                        ; None                      ; 5.029 ns                ;
; N/A                                     ; 84.35 MHz ( period = 11.856 ns )                    ; SEG_SLAVE:inst1|LCD_TOP:b2v_inst2|rd_address[3]~reg0                           ; SEG_SLAVE:inst1|LCD_TOP:b2v_inst2|dp_ram:dpram1|altdpram:mem_rtl_0|q[4]         ; pld_clk    ; pld_clk  ; None                        ; None                      ; 5.028 ns                ;
; N/A                                     ; 84.35 MHz ( period = 11.856 ns )                    ; SEG_SLAVE:inst1|LCD_TOP:b2v_inst2|rd_address[5]~reg0                           ; SEG_SLAVE:inst1|LCD_TOP:b2v_inst2|dp_ram:dpram1|altdpram:mem_rtl_0|q[0]         ; pld_clk    ; pld_clk  ; None                        ; None                      ; 5.028 ns                ;
; N/A                                     ; 84.35 MHz ( period = 11.856 ns )                    ; SEG_SLAVE:inst1|LCD_TOP:b2v_inst2|rd_address[5]~reg0                           ; SEG_SLAVE:inst1|LCD_TOP:b2v_inst2|dp_ram:dpram1|altdpram:mem_rtl_0|q[1]         ; pld_clk    ; pld_clk  ; None                        ; None                      ; 5.028 ns                ;
; N/A                                     ; 84.36 MHz ( period = 11.854 ns )                    ; SEG_SLAVE:inst1|LCD_TOP:b2v_inst2|rd_address[3]~reg0                           ; SEG_SLAVE:inst1|LCD_TOP:b2v_inst2|dp_ram:dpram1|altdpram:mem_rtl_0|q[7]         ; pld_clk    ; pld_clk  ; None                        ; None                      ; 5.027 ns                ;
; N/A                                     ; 84.37 MHz ( period = 11.852 ns )                    ; SEG_SLAVE:inst1|LCD_TOP:b2v_inst2|rd_address[5]~reg0                           ; SEG_SLAVE:inst1|LCD_TOP:b2v_inst2|dp_ram:dpram1|altdpram:mem_rtl_0|q[2]         ; pld_clk    ; pld_clk  ; None                        ; None                      ; 5.026 ns                ;
; N/A                                     ; 84.39 MHz ( period = 11.850 ns )                    ; SEG_SLAVE:inst1|LCD_TOP:b2v_inst2|rd_address[5]~reg0                           ; SEG_SLAVE:inst1|LCD_TOP:b2v_inst2|dp_ram:dpram1|altdpram:mem_rtl_0|q[4]         ; pld_clk    ; pld_clk  ; None                        ; None                      ; 5.025 ns                ;
; N/A                                     ; 84.39 MHz ( period = 11.850 ns )                    ; SEG_SLAVE:inst1|LCD_TOP:b2v_inst2|rd_address[3]~reg0                           ; SEG_SLAVE:inst1|LCD_TOP:b2v_inst2|dp_ram:dpram1|altdpram:mem_rtl_0|q[5]         ; pld_clk    ; pld_clk  ; None                        ; None                      ; 5.025 ns                ;
; N/A                                     ; 84.40 MHz ( period = 11.848 ns )                    ; SEG_SLAVE:inst1|LCD_TOP:b2v_inst2|rd_address[5]~reg0                           ; SEG_SLAVE:inst1|LCD_TOP:b2v_inst2|dp_ram:dpram1|altdpram:mem_rtl_0|q[7]         ; pld_clk    ; pld_clk  ; None                        ; None                      ; 5.024 ns                ;
; N/A                                     ; 84.43 MHz ( period = 11.844 ns )                    ; SEG_SLAVE:inst1|LCD_TOP:b2v_inst2|rd_address[5]~reg0                           ; SEG_SLAVE:inst1|LCD_TOP:b2v_inst2|dp_ram:dpram1|altdpram:mem_rtl_0|q[5]         ; pld_clk    ; pld_clk  ; None                        ; None                      ; 5.022 ns                ;
; N/A                                     ; 84.76 MHz ( period = 11.798 ns )                    ; SEG_SLAVE:inst1|LCD_TOP:b2v_inst2|rd_address[1]~reg0                           ; SEG_SLAVE:inst1|LCD_TOP:b2v_inst2|dp_ram:dpram1|altdpram:mem_rtl_0|q[3]         ; pld_clk    ; pld_clk  ; None                        ; None                      ; 4.999 ns                ;
; N/A                                     ; 84.76 MHz ( period = 11.798 ns )                    ; SEG_SLAVE:inst1|LCD_TOP:b2v_inst2|rd_address[4]~reg0                           ; SEG_SLAVE:inst1|LCD_TOP:b2v_inst2|dp_ram:dpram1|altdpram:mem_rtl_0|q[3]         ; pld_clk    ; pld_clk  ; None                        ; None                      ; 4.999 ns                ;
; N/A                                     ; 84.76 MHz ( period = 11.798 ns )                    ; SEG_SLAVE:inst1|LCD_TOP:b2v_inst2|rd_address[1]~reg0                           ; SEG_SLAVE:inst1|LCD_TOP:b2v_inst2|dp_ram:dpram1|altdpram:mem_rtl_0|q[6]         ; pld_clk    ; pld_clk  ; None                        ; None                      ; 4.999 ns                ;
; N/A                                     ; 84.76 MHz ( period = 11.798 ns )                    ; SEG_SLAVE:inst1|LCD_TOP:b2v_inst2|rd_address[4]~reg0                           ; SEG_SLAVE:inst1|LCD_TOP:b2v_inst2|dp_ram:dpram1|altdpram:mem_rtl_0|q[6]         ; pld_clk    ; pld_clk  ; None                        ; None                      ; 4.999 ns                ;
; N/A                                     ; 84.77 MHz ( period = 11.796 ns )                    ; SEG_SLAVE:inst1|LCD_TOP:b2v_inst2|rd_address[1]~reg0                           ; SEG_SLAVE:inst1|LCD_TOP:b2v_inst2|dp_ram:dpram1|altdpram:mem_rtl_0|q[0]         ; pld_clk    ; pld_clk  ; None                        ; None                      ; 4.998 ns                ;
; N/A                                     ; 84.77 MHz ( period = 11.796 ns )                    ; SEG_SLAVE:inst1|LCD_TOP:b2v_inst2|rd_address[4]~reg0                           ; SEG_SLAVE:inst1|LCD_TOP:b2v_inst2|dp_ram:dpram1|altdpram:mem_rtl_0|q[0]         ; pld_clk    ; pld_clk  ; None                        ; None                      ; 4.998 ns                ;
; N/A                                     ; 84.77 MHz ( period = 11.796 ns )                    ; SEG_SLAVE:inst1|LCD_TOP:b2v_inst2|rd_address[1]~reg0                           ; SEG_SLAVE:inst1|LCD_TOP:b2v_inst2|dp_ram:dpram1|altdpram:mem_rtl_0|q[1]         ; pld_clk    ; pld_clk  ; None                        ; None                      ; 4.998 ns                ;
; N/A                                     ; 84.77 MHz ( period = 11.796 ns )                    ; SEG_SLAVE:inst1|LCD_TOP:b2v_inst2|rd_address[4]~reg0                           ; SEG_SLAVE:inst1|LCD_TOP:b2v_inst2|dp_ram:dpram1|altdpram:mem_rtl_0|q[1]         ; pld_clk    ; pld_clk  ; None                        ; None                      ; 4.998 ns                ;
; N/A                                     ; 84.80 MHz ( period = 11.792 ns )                    ; SEG_SLAVE:inst1|LCD_TOP:b2v_inst2|rd_address[1]~reg0                           ; SEG_SLAVE:inst1|LCD_TOP:b2v_inst2|dp_ram:dpram1|altdpram:mem_rtl_0|q[2]         ; pld_clk    ; pld_clk  ; None                        ; None                      ; 4.996 ns                ;
; N/A                                     ; 84.80 MHz ( period = 11.792 ns )                    ; SEG_SLAVE:inst1|LCD_TOP:b2v_inst2|rd_address[4]~reg0                           ; SEG_SLAVE:inst1|LCD_TOP:b2v_inst2|dp_ram:dpram1|altdpram:mem_rtl_0|q[2]         ; pld_clk    ; pld_clk  ; None                        ; None                      ; 4.996 ns                ;
; N/A                                     ; 84.82 MHz ( period = 11.790 ns )                    ; SEG_SLAVE:inst1|LCD_TOP:b2v_inst2|rd_address[1]~reg0                           ; SEG_SLAVE:inst1|LCD_TOP:b2v_inst2|dp_ram:dpram1|altdpram:mem_rtl_0|q[4]         ; pld_clk    ; pld_clk  ; None                        ; None                      ; 4.995 ns                ;
; N/A                                     ; 84.82 MHz ( period = 11.790 ns )                    ; SEG_SLAVE:inst1|LCD_TOP:b2v_inst2|rd_address[4]~reg0                           ; SEG_SLAVE:inst1|LCD_TOP:b2v_inst2|dp_ram:dpram1|altdpram:mem_rtl_0|q[4]         ; pld_clk    ; pld_clk  ; None                        ; None                      ; 4.995 ns                ;
; N/A                                     ; 84.83 MHz ( period = 11.788 ns )                    ; SEG_SLAVE:inst1|LCD_TOP:b2v_inst2|rd_address[0]~reg0                           ; SEG_SLAVE:inst1|LCD_TOP:b2v_inst2|dp_ram:dpram1|altdpram:mem_rtl_0|q[3]         ; pld_clk    ; pld_clk  ; None                        ; None                      ; 4.994 ns                ;
; N/A                                     ; 84.83 MHz ( period = 11.788 ns )                    ; SEG_SLAVE:inst1|LCD_TOP:b2v_inst2|rd_address[0]~reg0                           ; SEG_SLAVE:inst1|LCD_TOP:b2v_inst2|dp_ram:dpram1|altdpram:mem_rtl_0|q[6]         ; pld_clk    ; pld_clk  ; None                        ; None                      ; 4.994 ns                ;
; N/A                                     ; 84.83 MHz ( period = 11.788 ns )                    ; SEG_SLAVE:inst1|LCD_TOP:b2v_inst2|rd_address[1]~reg0                           ; SEG_SLAVE:inst1|LCD_TOP:b2v_inst2|dp_ram:dpram1|altdpram:mem_rtl_0|q[7]         ; pld_clk    ; pld_clk  ; None                        ; None                      ; 4.994 ns                ;
; N/A                                     ; 84.83 MHz ( period = 11.788 ns )                    ; SEG_SLAVE:inst1|LCD_TOP:b2v_inst2|rd_address[4]~reg0                           ; SEG_SLAVE:inst1|LCD_TOP:b2v_inst2|dp_ram:dpram1|altdpram:mem_rtl_0|q[7]         ; pld_clk    ; pld_clk  ; None                        ; None                      ; 4.994 ns                ;
; N/A                                     ; 84.85 MHz ( period = 11.786 ns )                    ; SEG_SLAVE:inst1|LCD_TOP:b2v_inst2|rd_address[0]~reg0                           ; SEG_SLAVE:inst1|LCD_TOP:b2v_inst2|dp_ram:dpram1|altdpram:mem_rtl_0|q[0]         ; pld_clk    ; pld_clk  ; None                        ; None                      ; 4.993 ns                ;
; N/A                                     ; 84.85 MHz ( period = 11.786 ns )                    ; SEG_SLAVE:inst1|LCD_TOP:b2v_inst2|rd_address[0]~reg0                           ; SEG_SLAVE:inst1|LCD_TOP:b2v_inst2|dp_ram:dpram1|altdpram:mem_rtl_0|q[1]         ; pld_clk    ; pld_clk  ; None                        ; None                      ; 4.993 ns                ;
; N/A                                     ; 84.86 MHz ( period = 11.784 ns )                    ; SEG_SLAVE:inst1|LCD_TOP:b2v_inst2|rd_address[1]~reg0                           ; SEG_SLAVE:inst1|LCD_TOP:b2v_inst2|dp_ram:dpram1|altdpram:mem_rtl_0|q[5]         ; pld_clk    ; pld_clk  ; None                        ; None                      ; 4.992 ns                ;
; N/A                                     ; 84.86 MHz ( period = 11.784 ns )                    ; SEG_SLAVE:inst1|LCD_TOP:b2v_inst2|rd_address[4]~reg0                           ; SEG_SLAVE:inst1|LCD_TOP:b2v_inst2|dp_ram:dpram1|altdpram:mem_rtl_0|q[5]         ; pld_clk    ; pld_clk  ; None                        ; None                      ; 4.992 ns                ;
; N/A                                     ; 84.88 MHz ( period = 11.782 ns )                    ; SEG_SLAVE:inst1|LCD_TOP:b2v_inst2|rd_address[0]~reg0                           ; SEG_SLAVE:inst1|LCD_TOP:b2v_inst2|dp_ram:dpram1|altdpram:mem_rtl_0|q[2]         ; pld_clk    ; pld_clk  ; None                        ; None                      ; 4.991 ns                ;
; N/A                                     ; 84.89 MHz ( period = 11.780 ns )                    ; SEG_SLAVE:inst1|LCD_TOP:b2v_inst2|rd_address[0]~reg0                           ; SEG_SLAVE:inst1|LCD_TOP:b2v_inst2|dp_ram:dpram1|altdpram:mem_rtl_0|q[4]         ; pld_clk    ; pld_clk  ; None                        ; None                      ; 4.990 ns                ;
; N/A                                     ; 84.90 MHz ( period = 11.778 ns )                    ; SEG_SLAVE:inst1|LCD_TOP:b2v_inst2|rd_address[0]~reg0                           ; SEG_SLAVE:inst1|LCD_TOP:b2v_inst2|dp_ram:dpram1|altdpram:mem_rtl_0|q[7]         ; pld_clk    ; pld_clk  ; None                        ; None                      ; 4.989 ns                ;
; N/A                                     ; 84.93 MHz ( period = 11.774 ns )                    ; SEG_SLAVE:inst1|LCD_TOP:b2v_inst2|rd_address[0]~reg0                           ; SEG_SLAVE:inst1|LCD_TOP:b2v_inst2|dp_ram:dpram1|altdpram:mem_rtl_0|q[5]         ; pld_clk    ; pld_clk  ; None                        ; None                      ; 4.987 ns                ;
; N/A                                     ; 85.01 MHz ( period = 11.764 ns )                    ; SEG_SLAVE:inst1|LCD_TOP:b2v_inst2|rd_address[2]~reg0                           ; SEG_SLAVE:inst1|LCD_TOP:b2v_inst2|dp_ram:dpram1|altdpram:mem_rtl_0|q[6]         ; pld_clk    ; pld_clk  ; None                        ; None                      ; 4.982 ns                ;
; N/A                                     ; 85.02 MHz ( period = 11.762 ns )                    ; SEG_SLAVE:inst1|LCD_TOP:b2v_inst2|rd_address[2]~reg0                           ; SEG_SLAVE:inst1|LCD_TOP:b2v_inst2|dp_ram:dpram1|altdpram:mem_rtl_0|q[3]         ; pld_clk    ; pld_clk  ; None                        ; None                      ; 4.981 ns                ;
; N/A                                     ; 85.02 MHz ( period = 11.762 ns )                    ; SEG_SLAVE:inst1|LCD_TOP:b2v_inst2|rd_address[2]~reg0                           ; SEG_SLAVE:inst1|LCD_TOP:b2v_inst2|dp_ram:dpram1|altdpram:mem_rtl_0|q[1]         ; pld_clk    ; pld_clk  ; None                        ; None                      ; 4.981 ns                ;
; N/A                                     ; 85.03 MHz ( period = 11.760 ns )                    ; SEG_SLAVE:inst1|LCD_TOP:b2v_inst2|rd_address[2]~reg0                           ; SEG_SLAVE:inst1|LCD_TOP:b2v_inst2|dp_ram:dpram1|altdpram:mem_rtl_0|q[0]         ; pld_clk    ; pld_clk  ; None                        ; None                      ; 4.980 ns                ;
; N/A                                     ; 85.05 MHz ( period = 11.758 ns )                    ; SEG_SLAVE:inst1|LCD_TOP:b2v_inst2|rd_address[2]~reg0                           ; SEG_SLAVE:inst1|LCD_TOP:b2v_inst2|dp_ram:dpram1|altdpram:mem_rtl_0|q[2]         ; pld_clk    ; pld_clk  ; None                        ; None                      ; 4.979 ns                ;
; N/A                                     ; 85.08 MHz ( period = 11.754 ns )                    ; SEG_SLAVE:inst1|LCD_TOP:b2v_inst2|rd_address[2]~reg0                           ; SEG_SLAVE:inst1|LCD_TOP:b2v_inst2|dp_ram:dpram1|altdpram:mem_rtl_0|q[4]         ; pld_clk    ; pld_clk  ; None                        ; None                      ; 4.977 ns                ;
; N/A                                     ; 85.08 MHz ( period = 11.754 ns )                    ; SEG_SLAVE:inst1|LCD_TOP:b2v_inst2|rd_address[2]~reg0                           ; SEG_SLAVE:inst1|LCD_TOP:b2v_inst2|dp_ram:dpram1|altdpram:mem_rtl_0|q[7]         ; pld_clk    ; pld_clk  ; None                        ; None                      ; 4.977 ns                ;
; N/A                                     ; 85.12 MHz ( period = 11.748 ns )                    ; SEG_SLAVE:inst1|LCD_TOP:b2v_inst2|rd_address[2]~reg0                           ; SEG_SLAVE:inst1|LCD_TOP:b2v_inst2|dp_ram:dpram1|altdpram:mem_rtl_0|q[5]         ; pld_clk    ; pld_clk  ; None                        ; None                      ; 4.974 ns                ;
; N/A                                     ; 85.94 MHz ( period = 11.636 ns )                    ; stripe:inst|alt_exc_stripe:lpm_instance|alt_exc_upcore:core|core~MASTERHWDATA0 ; SEG_SLAVE:inst1|LCD_TOP:b2v_inst2|dp_ram:dpram1|altdpram:mem_rtl_0|q[0]~reg_in  ; pld_clk    ; pld_clk  ; None                        ; None                      ; 12.594 ns               ;
; N/A                                     ; 86.33 MHz ( period = 11.583 ns )                    ; SEG_SLAVE:inst1|ahb_slave_sm:b2v_inst|slave_address[8]                         ; SEG_SLAVE:inst1|LCD_TOP:b2v_inst2|dp_ram:dpram1|altdpram:mem_rtl_0|q[6]~reg_we  ; pld_clk    ; pld_clk  ; None                        ; None                      ; 10.546 ns               ;
; N/A                                     ; 86.34 MHz ( period = 11.582 ns )                    ; SEG_SLAVE:inst1|ahb_slave_sm:b2v_inst|slave_address[8]                         ; SEG_SLAVE:inst1|LCD_TOP:b2v_inst2|dp_ram:dpram1|altdpram:mem_rtl_0|q[3]~reg_we  ; pld_clk    ; pld_clk  ; None                        ; None                      ; 10.545 ns               ;
; N/A                                     ; 86.34 MHz ( period = 11.582 ns )                    ; SEG_SLAVE:inst1|ahb_slave_sm:b2v_inst|slave_address[8]                         ; SEG_SLAVE:inst1|LCD_TOP:b2v_inst2|dp_ram:dpram1|altdpram:mem_rtl_0|q[1]~reg_we  ; pld_clk    ; pld_clk  ; None                        ; None                      ; 10.545 ns               ;
; N/A                                     ; 86.35 MHz ( period = 11.581 ns )                    ; SEG_SLAVE:inst1|ahb_slave_sm:b2v_inst|slave_address[8]                         ; SEG_SLAVE:inst1|LCD_TOP:b2v_inst2|dp_ram:dpram1|altdpram:mem_rtl_0|q[0]~reg_we  ; pld_clk    ; pld_clk  ; None                        ; None                      ; 10.544 ns               ;
; N/A                                     ; 86.36 MHz ( period = 11.580 ns )                    ; SEG_SLAVE:inst1|ahb_slave_sm:b2v_inst|slave_address[8]                         ; SEG_SLAVE:inst1|LCD_TOP:b2v_inst2|dp_ram:dpram1|altdpram:mem_rtl_0|q[2]~reg_we  ; pld_clk    ; pld_clk  ; None                        ; None                      ; 10.543 ns               ;
; N/A                                     ; 86.37 MHz ( period = 11.578 ns )                    ; SEG_SLAVE:inst1|ahb_slave_sm:b2v_inst|slave_address[8]                         ; SEG_SLAVE:inst1|LCD_TOP:b2v_inst2|dp_ram:dpram1|altdpram:mem_rtl_0|q[4]~reg_we  ; pld_clk    ; pld_clk  ; None                        ; None                      ; 10.541 ns               ;
; N/A                                     ; 86.37 MHz ( period = 11.578 ns )                    ; SEG_SLAVE:inst1|ahb_slave_sm:b2v_inst|slave_address[8]                         ; SEG_SLAVE:inst1|LCD_TOP:b2v_inst2|dp_ram:dpram1|altdpram:mem_rtl_0|q[7]~reg_we  ; pld_clk    ; pld_clk  ; None                        ; None                      ; 10.541 ns               ;
; N/A                                     ; 86.39 MHz ( period = 11.575 ns )                    ; SEG_SLAVE:inst1|ahb_slave_sm:b2v_inst|slave_address[8]                         ; SEG_SLAVE:inst1|LCD_TOP:b2v_inst2|dp_ram:dpram1|altdpram:mem_rtl_0|q[5]~reg_we  ; pld_clk    ; pld_clk  ; None                        ; None                      ; 10.538 ns               ;
; N/A                                     ; 86.52 MHz ( period = 11.558 ns )                    ; stripe:inst|alt_exc_stripe:lpm_instance|alt_exc_upcore:core|core~MASTERHWDATA6 ; SEG_SLAVE:inst1|LCD_TOP:b2v_inst2|dp_ram:dpram1|altdpram:mem_rtl_0|q[6]~reg_in  ; pld_clk    ; pld_clk  ; None                        ; None                      ; 12.516 ns               ;
; N/A                                     ; 86.58 MHz ( period = 11.550 ns )                    ; stripe:inst|alt_exc_stripe:lpm_instance|alt_exc_upcore:core|core~MASTERHWDATA5 ; SEG_SLAVE:inst1|LCD_TOP:b2v_inst2|dp_ram:dpram1|altdpram:mem_rtl_0|q[5]~reg_in  ; pld_clk    ; pld_clk  ; None                        ; None                      ; 12.508 ns               ;
; N/A                                     ; 86.74 MHz ( period = 11.529 ns )                    ; stripe:inst|alt_exc_stripe:lpm_instance|alt_exc_upcore:core|core~MASTERHADDR4  ; SEG_SLAVE:inst1|ahb_slave_sm:b2v_inst|HREADY                                    ; pld_clk    ; pld_clk  ; None                        ; None                      ; 12.300 ns               ;
; N/A                                     ; 87.01 MHz ( period = 11.493 ns )                    ; stripe:inst|alt_exc_stripe:lpm_instance|alt_exc_upcore:core|core~MASTERHADDR3  ; SEG_SLAVE:inst1|ahb_slave_sm:b2v_inst|HREADY                                    ; pld_clk    ; pld_clk  ; None                        ; None                      ; 12.264 ns               ;
; N/A                                     ; 87.14 MHz ( period = 11.476 ns )                    ; stripe:inst|alt_exc_stripe:lpm_instance|alt_exc_upcore:core|core~MASTERHADDR6  ; SEG_SLAVE:inst1|ahb_slave_sm:b2v_inst|HRESP[0]                                  ; pld_clk    ; pld_clk  ; None                        ; None                      ; 12.247 ns               ;
; N/A                                     ; 87.40 MHz ( period = 11.442 ns )                    ; stripe:inst|alt_exc_stripe:lpm_instance|alt_exc_upcore:core|core~MASTERHADDR6  ; SEG_SLAVE:inst1|ahb_slave_sm:b2v_inst|slave_address[4]                          ; pld_clk    ; pld_clk  ; None                        ; None                      ; 12.213 ns               ;
; N/A                                     ; 87.40 MHz ( period = 11.441 ns )                    ; stripe:inst|alt_exc_stripe:lpm_instance|alt_exc_upcore:core|core~MASTERHADDR7  ; SEG_SLAVE:inst1|ahb_slave_sm:b2v_inst|HRESP[0]                                  ; pld_clk    ; pld_clk  ; None                        ; None                      ; 12.212 ns               ;
; N/A                                     ; 87.49 MHz ( period = 11.430 ns )                    ; stripe:inst|alt_exc_stripe:lpm_instance|alt_exc_upcore:core|core~MASTERHWDATA7 ; SEG_SLAVE:inst1|LCD_TOP:b2v_inst2|dp_ram:dpram1|altdpram:mem_rtl_0|q[7]~reg_in  ; pld_clk    ; pld_clk  ; None                        ; None                      ; 12.388 ns               ;
; N/A                                     ; 87.52 MHz ( period = 11.426 ns )                    ; stripe:inst|alt_exc_stripe:lpm_instance|alt_exc_upcore:core|core~MASTERHADDR6  ; SEG_SLAVE:inst1|ahb_slave_sm:b2v_inst|slave_state.ERROR_PHASE                   ; pld_clk    ; pld_clk  ; None                        ; None                      ; 12.197 ns               ;
; N/A                                     ; 87.52 MHz ( period = 11.426 ns )                    ; stripe:inst|alt_exc_stripe:lpm_instance|alt_exc_upcore:core|core~MASTERHADDR6  ; SEG_SLAVE:inst1|ahb_slave_sm:b2v_inst|slave_state.ADDRESS_PHASE                 ; pld_clk    ; pld_clk  ; None                        ; None                      ; 12.197 ns               ;
; N/A                                     ; 87.54 MHz ( period = 11.424 ns )                    ; stripe:inst|alt_exc_stripe:lpm_instance|alt_exc_upcore:core|core~MASTERHADDR2  ; SEG_SLAVE:inst1|ahb_slave_sm:b2v_inst|HREADY                                    ; pld_clk    ; pld_clk  ; None                        ; None                      ; 12.195 ns               ;
; N/A                                     ; 87.56 MHz ( period = 11.421 ns )                    ; stripe:inst|alt_exc_stripe:lpm_instance|alt_exc_upcore:core|core~MASTERHADDR1  ; SEG_SLAVE:inst1|ahb_slave_sm:b2v_inst|HREADY                                    ; pld_clk    ; pld_clk  ; None                        ; None                      ; 12.192 ns               ;
; N/A                                     ; 87.67 MHz ( period = 11.407 ns )                    ; stripe:inst|alt_exc_stripe:lpm_instance|alt_exc_upcore:core|core~MASTERHADDR7  ; SEG_SLAVE:inst1|ahb_slave_sm:b2v_inst|slave_address[4]                          ; pld_clk    ; pld_clk  ; None                        ; None                      ; 12.178 ns               ;
; N/A                                     ; 87.79 MHz ( period = 11.391 ns )                    ; stripe:inst|alt_exc_stripe:lpm_instance|alt_exc_upcore:core|core~MASTERHADDR7  ; SEG_SLAVE:inst1|ahb_slave_sm:b2v_inst|slave_state.ERROR_PHASE                   ; pld_clk    ; pld_clk  ; None                        ; None                      ; 12.162 ns               ;
; N/A                                     ; 87.79 MHz ( period = 11.391 ns )                    ; stripe:inst|alt_exc_stripe:lpm_instance|alt_exc_upcore:core|core~MASTERHADDR7  ; SEG_SLAVE:inst1|ahb_slave_sm:b2v_inst|slave_state.ADDRESS_PHASE                 ; pld_clk    ; pld_clk  ; None                        ; None                      ; 12.162 ns               ;
; N/A                                     ; 87.79 MHz ( period = 11.391 ns )                    ; stripe:inst|alt_exc_stripe:lpm_instance|alt_exc_upcore:core|core~MASTERHSIZE1  ; SEG_SLAVE:inst1|ahb_slave_sm:b2v_inst|slave_address[4]                          ; pld_clk    ; pld_clk  ; None                        ; None                      ; 12.162 ns               ;
; N/A                                     ; 88.02 MHz ( period = 11.361 ns )                    ; stripe:inst|alt_exc_stripe:lpm_instance|alt_exc_upcore:core|core~MASTERHADDR5  ; SEG_SLAVE:inst1|ahb_slave_sm:b2v_inst|HRESP[0]                                  ; pld_clk    ; pld_clk  ; None                        ; None                      ; 12.132 ns               ;
; N/A                                     ; 88.05 MHz ( period = 11.357 ns )                    ; stripe:inst|alt_exc_stripe:lpm_instance|alt_exc_upcore:core|core~MASTERHWDATA3 ; SEG_SLAVE:inst1|LCD_TOP:b2v_inst2|dp_ram:dpram1|altdpram:mem_rtl_0|q[3]~reg_in  ; pld_clk    ; pld_clk  ; None                        ; None                      ; 12.315 ns               ;
; N/A                                     ; 88.05 MHz ( period = 11.357 ns )                    ; stripe:inst|alt_exc_stripe:lpm_instance|alt_exc_upcore:core|core~MASTERHWDATA1 ; SEG_SLAVE:inst1|LCD_TOP:b2v_inst2|dp_ram:dpram1|altdpram:mem_rtl_0|q[1]~reg_in  ; pld_clk    ; pld_clk  ; None                        ; None                      ; 12.315 ns               ;
; N/A                                     ; 88.26 MHz ( period = 11.330 ns )                    ; stripe:inst|alt_exc_stripe:lpm_instance|alt_exc_upcore:core|core~MASTERHWDATA4 ; SEG_SLAVE:inst1|LCD_TOP:b2v_inst2|dp_ram:dpram1|altdpram:mem_rtl_0|q[4]~reg_in  ; pld_clk    ; pld_clk  ; None                        ; None                      ; 12.288 ns               ;
; N/A                                     ; 88.28 MHz ( period = 11.327 ns )                    ; stripe:inst|alt_exc_stripe:lpm_instance|alt_exc_upcore:core|core~MASTERHWDATA2 ; SEG_SLAVE:inst1|LCD_TOP:b2v_inst2|dp_ram:dpram1|altdpram:mem_rtl_0|q[2]~reg_in  ; pld_clk    ; pld_clk  ; None                        ; None                      ; 12.285 ns               ;
; N/A                                     ; 88.28 MHz ( period = 11.327 ns )                    ; stripe:inst|alt_exc_stripe:lpm_instance|alt_exc_upcore:core|core~MASTERHADDR5  ; SEG_SLAVE:inst1|ahb_slave_sm:b2v_inst|slave_address[4]                          ; pld_clk    ; pld_clk  ; None                        ; None                      ; 12.098 ns               ;
; N/A                                     ; 88.31 MHz ( period = 11.324 ns )                    ; stripe:inst|alt_exc_stripe:lpm_instance|alt_exc_upcore:core|core~MASTERHBURST1 ; SEG_SLAVE:inst1|ahb_slave_sm:b2v_inst|slave_address[4]                          ; pld_clk    ; pld_clk  ; None                        ; None                      ; 12.095 ns               ;
; N/A                                     ; 88.41 MHz ( period = 11.311 ns )                    ; stripe:inst|alt_exc_stripe:lpm_instance|alt_exc_upcore:core|core~MASTERHADDR5  ; SEG_SLAVE:inst1|ahb_slave_sm:b2v_inst|slave_state.ERROR_PHASE                   ; pld_clk    ; pld_clk  ; None                        ; None                      ; 12.082 ns               ;
; N/A                                     ; 88.41 MHz ( period = 11.311 ns )                    ; stripe:inst|alt_exc_stripe:lpm_instance|alt_exc_upcore:core|core~MASTERHADDR5  ; SEG_SLAVE:inst1|ahb_slave_sm:b2v_inst|slave_state.ADDRESS_PHASE                 ; pld_clk    ; pld_clk  ; None                        ; None                      ; 12.082 ns               ;
; N/A                                     ; 89.13 MHz ( period = 11.220 ns )                    ; stripe:inst|alt_exc_stripe:lpm_instance|alt_exc_upcore:core|core~MASTERHBURST2 ; SEG_SLAVE:inst1|ahb_slave_sm:b2v_inst|slave_address[4]                          ; pld_clk    ; pld_clk  ; None                        ; None                      ; 11.991 ns               ;
; N/A                                     ; 91.12 MHz ( period = 10.975 ns )                    ; stripe:inst|alt_exc_stripe:lpm_instance|alt_exc_upcore:core|core~MASTERHSIZE1  ; SEG_SLAVE:inst1|ahb_slave_sm:b2v_inst|slave_address[7]                          ; pld_clk    ; pld_clk  ; None                        ; None                      ; 11.746 ns               ;
; N/A                                     ; 91.17 MHz ( period = 10.968 ns )                    ; stripe:inst|alt_exc_stripe:lpm_instance|alt_exc_upcore:core|core~MASTERHADDR6  ; SEG_SLAVE:inst1|ahb_slave_sm:b2v_inst|slave_state.DATA_PHASE                    ; pld_clk    ; pld_clk  ; None                        ; None                      ; 11.739 ns               ;
; N/A                                     ; 91.17 MHz ( period = 10.968 ns )                    ; stripe:inst|alt_exc_stripe:lpm_instance|alt_exc_upcore:core|core~MASTERHADDR6  ; SEG_SLAVE:inst1|ahb_slave_sm:b2v_inst|slave_address[6]                          ; pld_clk    ; pld_clk  ; None                        ; None                      ; 11.739 ns               ;
; N/A                                     ; 91.17 MHz ( period = 10.968 ns )                    ; stripe:inst|alt_exc_stripe:lpm_instance|alt_exc_upcore:core|core~MASTERHADDR6  ; SEG_SLAVE:inst1|ahb_slave_sm:b2v_inst|slave_address[5]                          ; pld_clk    ; pld_clk  ; None                        ; None                      ; 11.739 ns               ;
; N/A                                     ; 91.17 MHz ( period = 10.968 ns )                    ; stripe:inst|alt_exc_stripe:lpm_instance|alt_exc_upcore:core|core~MASTERHADDR6  ; SEG_SLAVE:inst1|ahb_slave_sm:b2v_inst|slave_address[3]                          ; pld_clk    ; pld_clk  ; None                        ; None                      ; 11.739 ns               ;
; N/A                                     ; 91.17 MHz ( period = 10.968 ns )                    ; stripe:inst|alt_exc_stripe:lpm_instance|alt_exc_upcore:core|core~MASTERHADDR6  ; SEG_SLAVE:inst1|ahb_slave_sm:b2v_inst|slave_address[2]                          ; pld_clk    ; pld_clk  ; None                        ; None                      ; 11.739 ns               ;
; N/A                                     ; 91.36 MHz ( period = 10.946 ns )                    ; stripe:inst|alt_exc_stripe:lpm_instance|alt_exc_upcore:core|core~MASTERHADDR0  ; SEG_SLAVE:inst1|ahb_slave_sm:b2v_inst|HREADY                                    ; pld_clk    ; pld_clk  ; None                        ; None                      ; 11.717 ns               ;
; N/A                                     ; 91.47 MHz ( period = 10.933 ns )                    ; stripe:inst|alt_exc_stripe:lpm_instance|alt_exc_upcore:core|core~MASTERHADDR7  ; SEG_SLAVE:inst1|ahb_slave_sm:b2v_inst|slave_state.DATA_PHASE                    ; pld_clk    ; pld_clk  ; None                        ; None                      ; 11.704 ns               ;
; N/A                                     ; 91.47 MHz ( period = 10.933 ns )                    ; stripe:inst|alt_exc_stripe:lpm_instance|alt_exc_upcore:core|core~MASTERHADDR7  ; SEG_SLAVE:inst1|ahb_slave_sm:b2v_inst|slave_address[6]                          ; pld_clk    ; pld_clk  ; None                        ; None                      ; 11.704 ns               ;
; N/A                                     ; 91.47 MHz ( period = 10.933 ns )                    ; stripe:inst|alt_exc_stripe:lpm_instance|alt_exc_upcore:core|core~MASTERHADDR7  ; SEG_SLAVE:inst1|ahb_slave_sm:b2v_inst|slave_address[5]                          ; pld_clk    ; pld_clk  ; None                        ; None                      ; 11.704 ns               ;
; N/A                                     ; 91.47 MHz ( period = 10.933 ns )                    ; stripe:inst|alt_exc_stripe:lpm_instance|alt_exc_upcore:core|core~MASTERHADDR7  ; SEG_SLAVE:inst1|ahb_slave_sm:b2v_inst|slave_address[3]                          ; pld_clk    ; pld_clk  ; None                        ; None                      ; 11.704 ns               ;
; N/A                                     ; 91.47 MHz ( period = 10.933 ns )                    ; stripe:inst|alt_exc_stripe:lpm_instance|alt_exc_upcore:core|core~MASTERHADDR7  ; SEG_SLAVE:inst1|ahb_slave_sm:b2v_inst|slave_address[2]                          ; pld_clk    ; pld_clk  ; None                        ; None                      ; 11.704 ns               ;
; N/A                                     ; 91.56 MHz ( period = 10.922 ns )                    ; stripe:inst|alt_exc_stripe:lpm_instance|alt_exc_upcore:core|core~MASTERHADDR4  ; SEG_SLAVE:inst1|ahb_slave_sm:b2v_inst|HRESP[0]                                  ; pld_clk    ; pld_clk  ; None                        ; None                      ; 11.693 ns               ;
; N/A                                     ; 91.60 MHz ( period = 10.917 ns )                    ; stripe:inst|alt_exc_stripe:lpm_instance|alt_exc_upcore:core|core~MASTERHSIZE1  ; SEG_SLAVE:inst1|ahb_slave_sm:b2v_inst|slave_state.DATA_PHASE                    ; pld_clk    ; pld_clk  ; None                        ; None                      ; 11.688 ns               ;
; N/A                                     ; 91.60 MHz ( period = 10.917 ns )                    ; stripe:inst|alt_exc_stripe:lpm_instance|alt_exc_upcore:core|core~MASTERHSIZE1  ; SEG_SLAVE:inst1|ahb_slave_sm:b2v_inst|slave_address[6]                          ; pld_clk    ; pld_clk  ; None                        ; None                      ; 11.688 ns               ;
; N/A                                     ; 91.60 MHz ( period = 10.917 ns )                    ; stripe:inst|alt_exc_stripe:lpm_instance|alt_exc_upcore:core|core~MASTERHSIZE1  ; SEG_SLAVE:inst1|ahb_slave_sm:b2v_inst|slave_address[5]                          ; pld_clk    ; pld_clk  ; None                        ; None                      ; 11.688 ns               ;
; N/A                                     ; 91.60 MHz ( period = 10.917 ns )                    ; stripe:inst|alt_exc_stripe:lpm_instance|alt_exc_upcore:core|core~MASTERHSIZE1  ; SEG_SLAVE:inst1|ahb_slave_sm:b2v_inst|slave_address[3]                          ; pld_clk    ; pld_clk  ; None                        ; None                      ; 11.688 ns               ;
; N/A                                     ; 91.60 MHz ( period = 10.917 ns )                    ; stripe:inst|alt_exc_stripe:lpm_instance|alt_exc_upcore:core|core~MASTERHSIZE1  ; SEG_SLAVE:inst1|ahb_slave_sm:b2v_inst|slave_address[2]                          ; pld_clk    ; pld_clk  ; None                        ; None                      ; 11.688 ns               ;
; N/A                                     ; 91.68 MHz ( period = 10.908 ns )                    ; stripe:inst|alt_exc_stripe:lpm_instance|alt_exc_upcore:core|core~MASTERHBURST1 ; SEG_SLAVE:inst1|ahb_slave_sm:b2v_inst|slave_address[7]                          ; pld_clk    ; pld_clk  ; None                        ; None                      ; 11.679 ns               ;
; N/A                                     ; 91.84 MHz ( period = 10.888 ns )                    ; stripe:inst|alt_exc_stripe:lpm_instance|alt_exc_upcore:core|core~MASTERHADDR4  ; SEG_SLAVE:inst1|ahb_slave_sm:b2v_inst|slave_address[4]                          ; pld_clk    ; pld_clk  ; None                        ; None                      ; 11.659 ns               ;
; N/A                                     ; 91.86 MHz ( period = 10.886 ns )                    ; stripe:inst|alt_exc_stripe:lpm_instance|alt_exc_upcore:core|core~MASTERHADDR3  ; SEG_SLAVE:inst1|ahb_slave_sm:b2v_inst|HRESP[0]                                  ; pld_clk    ; pld_clk  ; None                        ; None                      ; 11.657 ns               ;
; N/A                                     ; 91.95 MHz ( period = 10.875 ns )                    ; stripe:inst|alt_exc_stripe:lpm_instance|alt_exc_upcore:core|core~MASTERHADDR8  ; SEG_SLAVE:inst1|ahb_slave_sm:b2v_inst|HREADY                                    ; pld_clk    ; pld_clk  ; None                        ; None                      ; 11.646 ns               ;
; N/A                                     ; 91.98 MHz ( period = 10.872 ns )                    ; stripe:inst|alt_exc_stripe:lpm_instance|alt_exc_upcore:core|core~MASTERHADDR4  ; SEG_SLAVE:inst1|ahb_slave_sm:b2v_inst|slave_state.ERROR_PHASE                   ; pld_clk    ; pld_clk  ; None                        ; None                      ; 11.643 ns               ;
; N/A                                     ; 91.98 MHz ( period = 10.872 ns )                    ; stripe:inst|alt_exc_stripe:lpm_instance|alt_exc_upcore:core|core~MASTERHADDR4  ; SEG_SLAVE:inst1|ahb_slave_sm:b2v_inst|slave_state.ADDRESS_PHASE                 ; pld_clk    ; pld_clk  ; None                        ; None                      ; 11.643 ns               ;
; N/A                                     ; 92.14 MHz ( period = 10.853 ns )                    ; stripe:inst|alt_exc_stripe:lpm_instance|alt_exc_upcore:core|core~MASTERHADDR5  ; SEG_SLAVE:inst1|ahb_slave_sm:b2v_inst|slave_state.DATA_PHASE                    ; pld_clk    ; pld_clk  ; None                        ; None                      ; 11.624 ns               ;
; N/A                                     ; 92.14 MHz ( period = 10.853 ns )                    ; stripe:inst|alt_exc_stripe:lpm_instance|alt_exc_upcore:core|core~MASTERHADDR5  ; SEG_SLAVE:inst1|ahb_slave_sm:b2v_inst|slave_address[6]                          ; pld_clk    ; pld_clk  ; None                        ; None                      ; 11.624 ns               ;
; N/A                                     ; 92.14 MHz ( period = 10.853 ns )                    ; stripe:inst|alt_exc_stripe:lpm_instance|alt_exc_upcore:core|core~MASTERHADDR5  ; SEG_SLAVE:inst1|ahb_slave_sm:b2v_inst|slave_address[5]                          ; pld_clk    ; pld_clk  ; None                        ; None                      ; 11.624 ns               ;
; N/A                                     ; 92.14 MHz ( period = 10.853 ns )                    ; stripe:inst|alt_exc_stripe:lpm_instance|alt_exc_upcore:core|core~MASTERHADDR5  ; SEG_SLAVE:inst1|ahb_slave_sm:b2v_inst|slave_address[3]                          ; pld_clk    ; pld_clk  ; None                        ; None                      ; 11.624 ns               ;
; N/A                                     ; 92.14 MHz ( period = 10.853 ns )                    ; stripe:inst|alt_exc_stripe:lpm_instance|alt_exc_upcore:core|core~MASTERHADDR5  ; SEG_SLAVE:inst1|ahb_slave_sm:b2v_inst|slave_address[2]                          ; pld_clk    ; pld_clk  ; None                        ; None                      ; 11.624 ns               ;
; N/A                                     ; 92.15 MHz ( period = 10.852 ns )                    ; stripe:inst|alt_exc_stripe:lpm_instance|alt_exc_upcore:core|core~MASTERHADDR3  ; SEG_SLAVE:inst1|ahb_slave_sm:b2v_inst|slave_address[4]                          ; pld_clk    ; pld_clk  ; None                        ; None                      ; 11.623 ns               ;
; N/A                                     ; 92.17 MHz ( period = 10.850 ns )                    ; stripe:inst|alt_exc_stripe:lpm_instance|alt_exc_upcore:core|core~MASTERHBURST1 ; SEG_SLAVE:inst1|ahb_slave_sm:b2v_inst|slave_state.DATA_PHASE                    ; pld_clk    ; pld_clk  ; None                        ; None                      ; 11.621 ns               ;
; N/A                                     ; 92.17 MHz ( period = 10.850 ns )                    ; stripe:inst|alt_exc_stripe:lpm_instance|alt_exc_upcore:core|core~MASTERHBURST1 ; SEG_SLAVE:inst1|ahb_slave_sm:b2v_inst|slave_address[6]                          ; pld_clk    ; pld_clk  ; None                        ; None                      ; 11.621 ns               ;
; N/A                                     ; 92.17 MHz ( period = 10.850 ns )                    ; stripe:inst|alt_exc_stripe:lpm_instance|alt_exc_upcore:core|core~MASTERHBURST1 ; SEG_SLAVE:inst1|ahb_slave_sm:b2v_inst|slave_address[5]                          ; pld_clk    ; pld_clk  ; None                        ; None                      ; 11.621 ns               ;
; N/A                                     ; 92.17 MHz ( period = 10.850 ns )                    ; stripe:inst|alt_exc_stripe:lpm_instance|alt_exc_upcore:core|core~MASTERHBURST1 ; SEG_SLAVE:inst1|ahb_slave_sm:b2v_inst|slave_address[3]                          ; pld_clk    ; pld_clk  ; None                        ; None                      ; 11.621 ns               ;
; N/A                                     ; 92.17 MHz ( period = 10.850 ns )                    ; stripe:inst|alt_exc_stripe:lpm_instance|alt_exc_upcore:core|core~MASTERHBURST1 ; SEG_SLAVE:inst1|ahb_slave_sm:b2v_inst|slave_address[2]                          ; pld_clk    ; pld_clk  ; None                        ; None                      ; 11.621 ns               ;
; N/A                                     ; 92.27 MHz ( period = 10.838 ns )                    ; stripe:inst|alt_exc_stripe:lpm_instance|alt_exc_upcore:core|core~MASTERHTRANS1 ; SEG_SLAVE:inst1|ahb_slave_sm:b2v_inst|slave_address[4]                          ; pld_clk    ; pld_clk  ; None                        ; None                      ; 11.609 ns               ;
; N/A                                     ; 92.28 MHz ( period = 10.836 ns )                    ; stripe:inst|alt_exc_stripe:lpm_instance|alt_exc_upcore:core|core~MASTERHADDR3  ; SEG_SLAVE:inst1|ahb_slave_sm:b2v_inst|slave_state.ERROR_PHASE                   ; pld_clk    ; pld_clk  ; None                        ; None                      ; 11.607 ns               ;
; N/A                                     ; 92.28 MHz ( period = 10.836 ns )                    ; stripe:inst|alt_exc_stripe:lpm_instance|alt_exc_upcore:core|core~MASTERHADDR3  ; SEG_SLAVE:inst1|ahb_slave_sm:b2v_inst|slave_state.ADDRESS_PHASE                 ; pld_clk    ; pld_clk  ; None                        ; None                      ; 11.607 ns               ;
; N/A                                     ; 92.45 MHz ( period = 10.817 ns )                    ; stripe:inst|alt_exc_stripe:lpm_instance|alt_exc_upcore:core|core~MASTERHADDR2  ; SEG_SLAVE:inst1|ahb_slave_sm:b2v_inst|HRESP[0]                                  ; pld_clk    ; pld_clk  ; None                        ; None                      ; 11.588 ns               ;
; N/A                                     ; 92.47 MHz ( period = 10.814 ns )                    ; stripe:inst|alt_exc_stripe:lpm_instance|alt_exc_upcore:core|core~MASTERHADDR1  ; SEG_SLAVE:inst1|ahb_slave_sm:b2v_inst|HRESP[0]                                  ; pld_clk    ; pld_clk  ; None                        ; None                      ; 11.585 ns               ;
; N/A                                     ; 92.52 MHz ( period = 10.809 ns )                    ; stripe:inst|alt_exc_stripe:lpm_instance|alt_exc_upcore:core|core~MASTERHSIZE0  ; SEG_SLAVE:inst1|ahb_slave_sm:b2v_inst|slave_address[4]                          ; pld_clk    ; pld_clk  ; None                        ; None                      ; 11.580 ns               ;
; N/A                                     ; 92.56 MHz ( period = 10.804 ns )                    ; stripe:inst|alt_exc_stripe:lpm_instance|alt_exc_upcore:core|core~MASTERHBURST2 ; SEG_SLAVE:inst1|ahb_slave_sm:b2v_inst|slave_address[7]                          ; pld_clk    ; pld_clk  ; None                        ; None                      ; 11.575 ns               ;
; N/A                                     ; 92.60 MHz ( period = 10.799 ns )                    ; stripe:inst|alt_exc_stripe:lpm_instance|alt_exc_upcore:core|core~MASTERHADDR9  ; SEG_SLAVE:inst1|ahb_slave_sm:b2v_inst|HREADY                                    ; pld_clk    ; pld_clk  ; None                        ; None                      ; 11.570 ns               ;
; N/A                                     ; 92.74 MHz ( period = 10.783 ns )                    ; stripe:inst|alt_exc_stripe:lpm_instance|alt_exc_upcore:core|core~MASTERHADDR2  ; SEG_SLAVE:inst1|ahb_slave_sm:b2v_inst|slave_address[4]                          ; pld_clk    ; pld_clk  ; None                        ; None                      ; 11.554 ns               ;
; N/A                                     ; 92.76 MHz ( period = 10.780 ns )                    ; stripe:inst|alt_exc_stripe:lpm_instance|alt_exc_upcore:core|core~MASTERHADDR1  ; SEG_SLAVE:inst1|ahb_slave_sm:b2v_inst|slave_address[4]                          ; pld_clk    ; pld_clk  ; None                        ; None                      ; 11.551 ns               ;
; N/A                                     ; 92.88 MHz ( period = 10.767 ns )                    ; stripe:inst|alt_exc_stripe:lpm_instance|alt_exc_upcore:core|core~MASTERHADDR2  ; SEG_SLAVE:inst1|ahb_slave_sm:b2v_inst|slave_state.ERROR_PHASE                   ; pld_clk    ; pld_clk  ; None                        ; None                      ; 11.538 ns               ;
; N/A                                     ; 92.88 MHz ( period = 10.767 ns )                    ; stripe:inst|alt_exc_stripe:lpm_instance|alt_exc_upcore:core|core~MASTERHADDR2  ; SEG_SLAVE:inst1|ahb_slave_sm:b2v_inst|slave_state.ADDRESS_PHASE                 ; pld_clk    ; pld_clk  ; None                        ; None                      ; 11.538 ns               ;
; N/A                                     ; 92.90 MHz ( period = 10.764 ns )                    ; stripe:inst|alt_exc_stripe:lpm_instance|alt_exc_upcore:core|core~MASTERHADDR1  ; SEG_SLAVE:inst1|ahb_slave_sm:b2v_inst|slave_state.ERROR_PHASE                   ; pld_clk    ; pld_clk  ; None                        ; None                      ; 11.535 ns               ;
; N/A                                     ; 92.90 MHz ( period = 10.764 ns )                    ; stripe:inst|alt_exc_stripe:lpm_instance|alt_exc_upcore:core|core~MASTERHADDR1  ; SEG_SLAVE:inst1|ahb_slave_sm:b2v_inst|slave_state.ADDRESS_PHASE                 ; pld_clk    ; pld_clk  ; None                        ; None                      ; 11.535 ns               ;
; N/A                                     ; 93.06 MHz ( period = 10.746 ns )                    ; stripe:inst|alt_exc_stripe:lpm_instance|alt_exc_upcore:core|core~MASTERHBURST2 ; SEG_SLAVE:inst1|ahb_slave_sm:b2v_inst|slave_state.DATA_PHASE                    ; pld_clk    ; pld_clk  ; None                        ; None                      ; 11.517 ns               ;
; N/A                                     ; 93.06 MHz ( period = 10.746 ns )                    ; stripe:inst|alt_exc_stripe:lpm_instance|alt_exc_upcore:core|core~MASTERHBURST2 ; SEG_SLAVE:inst1|ahb_slave_sm:b2v_inst|slave_address[6]                          ; pld_clk    ; pld_clk  ; None                        ; None                      ; 11.517 ns               ;
; N/A                                     ; 93.06 MHz ( period = 10.746 ns )                    ; stripe:inst|alt_exc_stripe:lpm_instance|alt_exc_upcore:core|core~MASTERHBURST2 ; SEG_SLAVE:inst1|ahb_slave_sm:b2v_inst|slave_address[5]                          ; pld_clk    ; pld_clk  ; None                        ; None                      ; 11.517 ns               ;
; N/A                                     ; 93.06 MHz ( period = 10.746 ns )                    ; stripe:inst|alt_exc_stripe:lpm_instance|alt_exc_upcore:core|core~MASTERHBURST2 ; SEG_SLAVE:inst1|ahb_slave_sm:b2v_inst|slave_address[3]                          ; pld_clk    ; pld_clk  ; None                        ; None                      ; 11.517 ns               ;
; N/A                                     ; 93.06 MHz ( period = 10.746 ns )                    ; stripe:inst|alt_exc_stripe:lpm_instance|alt_exc_upcore:core|core~MASTERHBURST2 ; SEG_SLAVE:inst1|ahb_slave_sm:b2v_inst|slave_address[2]                          ; pld_clk    ; pld_clk  ; None                        ; None                      ; 11.517 ns               ;
; N/A                                     ; 93.43 MHz ( period = 10.703 ns )                    ; SEG_SLAVE:inst1|seven_seg:b2v_inst1|cnt3[1]~reg0                               ; SEG_SLAVE:inst1|seven_seg:b2v_inst1|seg_out1[7]                                 ; pld_clk    ; pld_clk  ; None                        ; None                      ; 10.132 ns               ;
; N/A                                     ; 93.48 MHz ( period = 10.698 ns )                    ; stripe:inst|alt_exc_stripe:lpm_instance|alt_exc_upcore:core|core~MASTERHADDR6  ; SEG_SLAVE:inst1|ahb_slave_sm:b2v_inst|slave_state.READ_WAIT_PHASE               ; pld_clk    ; pld_clk  ; None                        ; None                      ; 11.469 ns               ;
; N/A                                     ; 93.48 MHz ( period = 10.698 ns )                    ; SEG_SLAVE:inst1|seven_seg:b2v_inst1|cnt3[1]~reg0                               ; SEG_SLAVE:inst1|seven_seg:b2v_inst1|seg_out1[4]                                 ; pld_clk    ; pld_clk  ; None                        ; None                      ; 10.127 ns               ;
; N/A                                     ; 93.69 MHz ( period = 10.673 ns )                    ; SEG_SLAVE:inst1|seven_seg:b2v_inst1|cnt3[1]~reg0                               ; SEG_SLAVE:inst1|seven_seg:b2v_inst1|seg_out1[5]                                 ; pld_clk    ; pld_clk  ; None                        ; None                      ; 10.102 ns               ;
; Timing analysis restricted to 200 rows. ; To change the limit use Settings (Assignments menu) ;                                                                                ;                                                                                 ;            ;          ;                             ;                           ;                         ;
+-----------------------------------------+-----------------------------------------------------+--------------------------------------------------------------------------------+---------------------------------------------------------------------------------+------------+----------+-----------------------------+---------------------------+-------------------------+


+------------------------------------------------------------------------------------------------------------+
; tsu                                                                                                        ;
+-------+--------------+------------+-------------+-----------------------------------------------+----------+
; Slack ; Required tsu ; Actual tsu ; From        ; To                                            ; To Clock ;
+-------+--------------+------------+-------------+-----------------------------------------------+----------+
; N/A   ; None         ; 14.344 ns  ; reset_slave ; SEG_SLAVE:inst1|LCD_TOP:b2v_inst2|data_out[7] ; pld_clk  ;
; N/A   ; None         ; 14.343 ns  ; reset_slave ; SEG_SLAVE:inst1|LCD_TOP:b2v_inst2|data_out[6] ; pld_clk  ;
; N/A   ; None         ; 14.322 ns  ; reset_slave ; SEG_SLAVE:inst1|LCD_TOP:b2v_inst2|data_out[1] ; pld_clk  ;
; N/A   ; None         ; 14.246 ns  ; reset_slave ; SEG_SLAVE:inst1|LCD_TOP:b2v_inst2|data_out[5] ; pld_clk  ;
; N/A   ; None         ; 14.246 ns  ; reset_slave ; SEG_SLAVE:inst1|LCD_TOP:b2v_inst2|data_out[0] ; pld_clk  ;
; N/A   ; None         ; 14.243 ns  ; reset_slave ; SEG_SLAVE:inst1|LCD_TOP:b2v_inst2|data_out[3] ; pld_clk  ;
; N/A   ; None         ; 14.242 ns  ; reset_slave ; SEG_SLAVE:inst1|LCD_TOP:b2v_inst2|data_out[2] ; pld_clk  ;
; N/A   ; None         ; 14.236 ns  ; reset_slave ; SEG_SLAVE:inst1|LCD_TOP:b2v_inst2|data_out[4] ; pld_clk  ;
+-------+--------------+------------+-------------+-----------------------------------------------+----------+


+-----------------------------------------------------------------------------------------------------------------+
; tco                                                                                                             ;
+-------+--------------+------------+--------------------------------------------------+-------------+------------+
; Slack ; Required tco ; Actual tco ; From                                             ; To          ; From Clock ;
+-------+--------------+------------+--------------------------------------------------+-------------+------------+
; N/A   ; None         ; 14.746 ns  ; SEG_SLAVE:inst1|seven_seg:b2v_inst1|cnt3[1]~reg0 ; seg_gnd2[1] ; pld_clk    ;
; N/A   ; None         ; 14.744 ns  ; SEG_SLAVE:inst1|seven_seg:b2v_inst1|cnt3[1]~reg0 ; seg_gnd2[0] ; pld_clk    ;
; N/A   ; None         ; 14.409 ns  ; SEG_SLAVE:inst1|LCD_TOP:b2v_inst2|lcd_en         ; lcd_en      ; pld_clk    ;
; N/A   ; None         ; 14.317 ns  ; SEG_SLAVE:inst1|LCD_TOP:b2v_inst2|data_out[3]    ; lcd_data[3] ; pld_clk    ;
; N/A   ; None         ; 14.263 ns  ; SEG_SLAVE:inst1|LCD_TOP:b2v_inst2|data_out[0]    ; lcd_data[0] ; pld_clk    ;
; N/A   ; None         ; 14.253 ns  ; SEG_SLAVE:inst1|LCD_TOP:b2v_inst2|data_out[2]    ; lcd_data[2] ; pld_clk    ;
; N/A   ; None         ; 14.233 ns  ; SEG_SLAVE:inst1|LCD_TOP:b2v_inst2|data_out[4]    ; lcd_data[4] ; pld_clk    ;
; N/A   ; None         ; 14.210 ns  ; SEG_SLAVE:inst1|LCD_TOP:b2v_inst2|data_out[5]    ; lcd_data[5] ; pld_clk    ;
; N/A   ; None         ; 14.208 ns  ; SEG_SLAVE:inst1|seven_seg:b2v_inst1|cnt3[0]~reg0 ; seg_gnd2[1] ; pld_clk    ;
; N/A   ; None         ; 14.208 ns  ; SEG_SLAVE:inst1|LCD_TOP:b2v_inst2|data_out[1]    ; lcd_data[1] ; pld_clk    ;
; N/A   ; None         ; 14.206 ns  ; SEG_SLAVE:inst1|seven_seg:b2v_inst1|cnt3[0]~reg0 ; seg_gnd2[0] ; pld_clk    ;
; N/A   ; None         ; 14.145 ns  ; SEG_SLAVE:inst1|LCD_TOP:b2v_inst2|mode[1]        ; mode[1]     ; pld_clk    ;
; N/A   ; None         ; 14.138 ns  ; SEG_SLAVE:inst1|LCD_TOP:b2v_inst2|data_out[7]    ; lcd_data[7] ; pld_clk    ;
; N/A   ; None         ; 14.064 ns  ; SEG_SLAVE:inst1|LCD_TOP:b2v_inst2|data_out[6]    ; lcd_data[6] ; pld_clk    ;
; N/A   ; None         ; 13.874 ns  ; SEG_SLAVE:inst1|seven_seg:b2v_inst1|cnt3[1]~reg0 ; seg_gnd1[0] ; pld_clk    ;
; N/A   ; None         ; 13.689 ns  ; SEG_SLAVE:inst1|seven_seg:b2v_inst1|cnt3[1]~reg0 ; seg_gnd1[1] ; pld_clk    ;
; N/A   ; None         ; 13.336 ns  ; SEG_SLAVE:inst1|seven_seg:b2v_inst1|cnt3[0]~reg0 ; seg_gnd1[0] ; pld_clk    ;
; N/A   ; None         ; 13.151 ns  ; SEG_SLAVE:inst1|seven_seg:b2v_inst1|cnt3[0]~reg0 ; seg_gnd1[1] ; pld_clk    ;
; N/A   ; None         ; 12.768 ns  ; SEG_SLAVE:inst1|seven_seg:b2v_inst1|cnt3[1]~reg0 ; seg_gnd1[2] ; pld_clk    ;
; N/A   ; None         ; 12.619 ns  ; SEG_SLAVE:inst1|seven_seg:b2v_inst1|cnt3[1]~reg0 ; seg_gnd2[2] ; pld_clk    ;
; N/A   ; None         ; 12.514 ns  ; SEG_SLAVE:inst1|seven_seg:b2v_inst1|seg_out2[1]  ; seg_out2[1] ; pld_clk    ;
; N/A   ; None         ; 12.383 ns  ; SEG_SLAVE:inst1|seven_seg:b2v_inst1|seg_out2[3]  ; seg_out2[3] ; pld_clk    ;
; N/A   ; None         ; 12.344 ns  ; SEG_SLAVE:inst1|seven_seg:b2v_inst1|seg_out2[2]  ; seg_out2[2] ; pld_clk    ;
; N/A   ; None         ; 12.230 ns  ; SEG_SLAVE:inst1|seven_seg:b2v_inst1|cnt3[0]~reg0 ; seg_gnd1[2] ; pld_clk    ;
; N/A   ; None         ; 12.081 ns  ; SEG_SLAVE:inst1|seven_seg:b2v_inst1|cnt3[0]~reg0 ; seg_gnd2[2] ; pld_clk    ;
; N/A   ; None         ; 10.300 ns  ; SEG_SLAVE:inst1|seven_seg:b2v_inst1|seg_out1[2]  ; seg_out1[2] ; pld_clk    ;
; N/A   ; None         ; 10.190 ns  ; SEG_SLAVE:inst1|seven_seg:b2v_inst1|seg_out1[4]  ; seg_out1[4] ; pld_clk    ;
; N/A   ; None         ; 10.149 ns  ; SEG_SLAVE:inst1|seven_seg:b2v_inst1|seg_out1[5]  ; seg_out1[5] ; pld_clk    ;
; N/A   ; None         ; 10.124 ns  ; SEG_SLAVE:inst1|seven_seg:b2v_inst1|seg_out1[7]  ; seg_out1[7] ; pld_clk    ;
; N/A   ; None         ; 10.109 ns  ; SEG_SLAVE:inst1|seven_seg:b2v_inst1|seg_out2[7]  ; seg_out2[7] ; pld_clk    ;
; N/A   ; None         ; 10.052 ns  ; SEG_SLAVE:inst1|seven_seg:b2v_inst1|seg_out2[4]  ; seg_out2[4] ; pld_clk    ;
; N/A   ; None         ; 10.045 ns  ; SEG_SLAVE:inst1|seven_seg:b2v_inst1|seg_out2[6]  ; seg_out2[6] ; pld_clk    ;
; N/A   ; None         ; 10.027 ns  ; SEG_SLAVE:inst1|seven_seg:b2v_inst1|seg_out1[3]  ; seg_out1[3] ; pld_clk    ;
; N/A   ; None         ; 9.984 ns   ; SEG_SLAVE:inst1|seven_seg:b2v_inst1|seg_out1[6]  ; seg_out1[6] ; pld_clk    ;
; N/A   ; None         ; 9.908 ns   ; SEG_SLAVE:inst1|seven_seg:b2v_inst1|seg_out1[1]  ; seg_out1[1] ; pld_clk    ;
; N/A   ; None         ; 9.891 ns   ; SEG_SLAVE:inst1|seven_seg:b2v_inst1|seg_out2[5]  ; seg_out2[5] ; pld_clk    ;
+-------+--------------+------------+--------------------------------------------------+-------------+------------+


+-------------------------------------------------------------------------------------------------------------------+
; th                                                                                                                ;
+---------------+-------------+------------+-------------+-----------------------------------------------+----------+
; Minimum Slack ; Required th ; Actual th  ; From        ; To                                            ; To Clock ;
+---------------+-------------+------------+-------------+-----------------------------------------------+----------+
; N/A           ; None        ; -13.736 ns ; reset_slave ; SEG_SLAVE:inst1|LCD_TOP:b2v_inst2|data_out[4] ; pld_clk  ;
; N/A           ; None        ; -13.742 ns ; reset_slave ; SEG_SLAVE:inst1|LCD_TOP:b2v_inst2|data_out[2] ; pld_clk  ;
; N/A           ; None        ; -13.743 ns ; reset_slave ; SEG_SLAVE:inst1|LCD_TOP:b2v_inst2|data_out[3] ; pld_clk  ;
; N/A           ; None        ; -13.746 ns ; reset_slave ; SEG_SLAVE:inst1|LCD_TOP:b2v_inst2|data_out[5] ; pld_clk  ;
; N/A           ; None        ; -13.746 ns ; reset_slave ; SEG_SLAVE:inst1|LCD_TOP:b2v_inst2|data_out[0] ; pld_clk  ;
; N/A           ; None        ; -13.822 ns ; reset_slave ; SEG_SLAVE:inst1|LCD_TOP:b2v_inst2|data_out[1] ; pld_clk  ;
; N/A           ; None        ; -13.843 ns ; reset_slave ; SEG_SLAVE:inst1|LCD_TOP:b2v_inst2|data_out[6] ; pld_clk  ;
; N/A           ; None        ; -13.844 ns ; reset_slave ; SEG_SLAVE:inst1|LCD_TOP:b2v_inst2|data_out[7] ; pld_clk  ;
+---------------+-------------+------------+-------------+-----------------------------------------------+----------+


+--------------------------+
; Timing Analyzer Messages ;
+--------------------------+
Info: *******************************************************************
Info: Running Quartus II Timing Analyzer
    Info: Version 4.2 Build 157 12/07/2004 SJ Full Version
    Info: Processing started: Mon Oct 31 16:50:45 2005
Info: Command: quartus_tan --import_settings_files=off --export_settings_files=off arm_top -c arm_top
Info: Started post-fitting delay annotation
Info: Delay annotation completed successfully
Warning: Timing Analysis found one or more latches implemented as combinational loops
    Warning: Node "SEG_SLAVE:inst1|seven_seg:b2v_inst1|seg_gnd[0]" is a latch
    Warning: Node "SEG_SLAVE:inst1|seven_seg:b2v_inst1|seg_gnd[1]" is a latch
Info: Found combinational loop of 1 nodes
    Info: Node "SEG_SLAVE:inst1|seven_seg:b2v_inst1|seg_gnd[1]"
Info: Found combinational loop of 1 nodes
    Info: Node "SEG_SLAVE:inst1|seven_seg:b2v_inst1|seg_gnd[0]"
Info: Found combinational loop of 1 nodes
    Info: Node "SEG_SLAVE:inst1|seven_seg:b2v_inst1|seg_gnd[2]"
Warning: Found pins functioning as undefined clocks and/or memory enables
    Info: Assuming node "pld_clk" is an undefined clock
Info: Clock "pld_clk" has Internal fmax of 67.68 MHz between source register "stripe:inst|alt_exc_stripe:lpm_instance|alt_exc_upcore:core|core~MASTERHWRITE0" and destination memory "SEG_SLAVE:inst1|LCD_TOP:b2v_inst2|dp_ram:dpram1|altdpram:mem_rtl_0|q[6]~reg_we" (period= 14.775 ns)
    Info: + Longest register to memory delay is 15.076 ns
        Info: 1: + IC(0.000 ns) + CELL(3.949 ns) = 3.949 ns; Loc. = UPCORE; Fanout = 12; REG Node = 'stripe:inst|alt_exc_stripe:lpm_instance|alt_exc_upcore:core|core~MASTERHWRITE0'
        Info: 2: + IC(4.696 ns) + CELL(0.394 ns) = 9.039 ns; Loc. = LC6_20_I1; Fanout = 8; COMB Node = 'SEG_SLAVE:inst1|LCD_TOP:b2v_inst2|wr_en'
        Info: 3: + IC(3.188 ns) + CELL(2.849 ns) = 15.076 ns; Loc. = EC7_1_I2; Fanout = 0; MEM Node = 'SEG_SLAVE:inst1|LCD_TOP:b2v_inst2|dp_ram:dpram1|altdpram:mem_rtl_0|q[6]~reg_we'
        Info: Total cell delay = 7.192 ns ( 47.70 % )
        Info: Total interconnect delay = 7.884 ns ( 52.30 % )
    Info: - Smallest clock skew is 0.551 ns
        Info: + Shortest clock path from clock "pld_clk" to destination memory is 3.435 ns
            Info: 1: + IC(0.000 ns) + CELL(1.407 ns) = 1.407 ns; Loc. = PIN_W30; Fanout = 244; CLK Node = 'pld_clk'
            Info: 2: + IC(1.213 ns) + CELL(0.815 ns) = 3.435 ns; Loc. = EC7_1_I2; Fanout = 0; MEM Node = 'SEG_SLAVE:inst1|LCD_TOP:b2v_inst2|dp_ram:dpram1|altdpram:mem_rtl_0|q[6]~reg_we'
            Info: Total cell delay = 2.222 ns ( 64.69 % )
            Info: Total interconnect delay = 1.213 ns ( 35.31 % )
        Info: - Longest clock path from clock "pld_clk" to source register is 2.884 ns
            Info: 1: + IC(0.000 ns) + CELL(1.407 ns) = 1.407 ns; Loc. = PIN_W30; Fanout = 244; CLK Node = 'pld_clk'
            Info: 2: + IC(1.477 ns) + CELL(0.000 ns) = 2.884 ns; Loc. = UPCORE; Fanout = 12; REG Node = 'stripe:inst|alt_exc_stripe:lpm_instance|alt_exc_upcore:core|core~MASTERHWRITE0'
            Info: Total cell delay = 1.407 ns ( 48.79 % )
            Info: Total interconnect delay = 1.477 ns ( 51.21 % )
    Info: + Micro clock to output delay of source is 0.000 ns
    Info: + Micro setup delay of destination is 0.250 ns
Info: tsu for register "SEG_SLAVE:inst1|LCD_TOP:b2v_inst2|data_out[7]" (data pin = "reset_slave", clock pin = "pld_clk") is 14.344 ns
    Info: + Longest pin to register delay is 17.983 ns
        Info: 1: + IC(0.000 ns) + CELL(2.100 ns) = 2.100 ns; Loc. = PIN_AE28; Fanout = 90; PIN Node = 'reset_slave'
        Info: 2: + IC(12.395 ns) + CELL(0.869 ns) = 15.364 ns; Loc. = LC8_5_I2; Fanout = 8; COMB Node = 'rtl~2394'
        Info: 3: + IC(1.451 ns) + CELL(1.168 ns) = 17.983 ns; Loc. = LC9_10_I2; Fanout = 4; REG Node = 'SEG_SLAVE:inst1|LCD_TOP:b2v_inst2|data_out[7]'
        Info: Total cell delay = 4.137 ns ( 23.01 % )
        Info: Total interconnect delay = 13.846 ns ( 76.99 % )
    Info: + Micro setup delay of destination is 0.250 ns
    Info: - Shortest clock path from clock "pld_clk" to destination register is 3.889 ns
        Info: 1: + IC(0.000 ns) + CELL(1.407 ns) = 1.407 ns; Loc. = PIN_W30; Fanout = 244; CLK Node = 'pld_clk'
        Info: 2: + IC(2.472 ns) + CELL(0.010 ns) = 3.889 ns; Loc. = LC9_10_I2; Fanout = 4; REG Node = 'SEG_SLAVE:inst1|LCD_TOP:b2v_inst2|data_out[7]'
        Info: Total cell delay = 1.417 ns ( 36.44 % )
        Info: Total interconnect delay = 2.472 ns ( 63.56 % )
Info: tco from clock "pld_clk" to destination pin "seg_gnd2[1]" through register "SEG_SLAVE:inst1|seven_seg:b2v_inst1|cnt3[1]~reg0" is 14.746 ns
    Info: + Longest clock path from clock "pld_clk" to source register is 3.889 ns
        Info: 1: + IC(0.000 ns) + CELL(1.407 ns) = 1.407 ns; Loc. = PIN_W30; Fanout = 244; CLK Node = 'pld_clk'
        Info: 2: + IC(2.472 ns) + CELL(0.010 ns) = 3.889 ns; Loc. = LC10_20_I1; Fanout = 8; REG Node = 'SEG_SLAVE:inst1|seven_seg:b2v_inst1|cnt3[1]~reg0'
        Info: Total cell delay = 1.417 ns ( 36.44 % )
        Info: Total interconnect delay = 2.472 ns ( 63.56 % )
    Info: + Micro clock to output delay of source is 0.317 ns
    Info: + Longest register to pin delay is 10.540 ns
        Info: 1: + IC(0.000 ns) + CELL(0.169 ns) = 0.169 ns; Loc. = LC10_20_I1; Fanout = 8; REG Node = 'SEG_SLAVE:inst1|seven_seg:b2v_inst1|cnt3[1]~reg0'
        Info: 2: + IC(0.000 ns) + CELL(1.338 ns) = 1.507 ns; Loc. = LC3_19_I1; Fanout = 10; COMB LOOP Node = 'SEG_SLAVE:inst1|seven_seg:b2v_inst1|seg_gnd[1]'
            Info: Loc. = LC3_19_I1; Node "SEG_SLAVE:inst1|seven_seg:b2v_inst1|seg_gnd[1]"
        Info: 3: + IC(6.581 ns) + CELL(2.452 ns) = 10.540 ns; Loc. = PIN_AK13; Fanout = 0; PIN Node = 'seg_gnd2[1]'
        Info: Total cell delay = 3.959 ns ( 37.56 % )
        Info: Total interconnect delay = 6.581 ns ( 62.44 % )
Info: th for register "SEG_SLAVE:inst1|LCD_TOP:b2v_inst2|data_out[4]" (data pin = "reset_slave", clock pin = "pld_clk") is -13.736 ns
    Info: + Longest clock path from clock "pld_clk" to destination register is 3.889 ns
        Info: 1: + IC(0.000 ns) + CELL(1.407 ns) = 1.407 ns; Loc. = PIN_W30; Fanout = 244; CLK Node = 'pld_clk'
        Info: 2: + IC(2.472 ns) + CELL(0.010 ns) = 3.889 ns; Loc. = LC1_8_I2; Fanout = 3; REG Node = 'SEG_SLAVE:inst1|LCD_TOP:b2v_inst2|data_out[4]'
        Info: Total cell delay = 1.417 ns ( 36.44 % )
        Info: Total interconnect delay = 2.472 ns ( 63.56 % )
    Info: + Micro hold delay of destination is 0.250 ns
    Info: - Shortest pin to register delay is 17.875 ns
        Info: 1: + IC(0.000 ns) + CELL(2.100 ns) = 2.100 ns; Loc. = PIN_AE28; Fanout = 90; PIN Node = 'reset_slave'
        Info: 2: + IC(12.395 ns) + CELL(0.869 ns) = 15.364 ns; Loc. = LC8_5_I2; Fanout = 8; COMB Node = 'rtl~2394'
        Info: 3: + IC(1.343 ns) + CELL(1.168 ns) = 17.875 ns; Loc. = LC1_8_I2; Fanout = 3; REG Node = 'SEG_SLAVE:inst1|LCD_TOP:b2v_inst2|data_out[4]'
        Info: Total cell delay = 4.137 ns ( 23.14 % )
        Info: Total interconnect delay = 13.738 ns ( 76.86 % )
Info: Quartus II Timing Analyzer was successful. 0 errors, 4 warnings
    Info: Processing ended: Mon Oct 31 16:50:52 2005
    Info: Elapsed time: 00:00:08


