:020000020000FC
:10000000FFFFFFFF5599AA660C000180000000E089
:100010000C800680000000F00C8004800001FCB41D
:100020000C000380000000000C0001800000009024
:100030000C000480000000000C0001800000008023
:100040000C0002000A006E0D00480C0000000000C9
:1000500000000000000000000000000000000000A0
:100060000000000000000000000000000000000090
:100070000000000000000000000000000000000080
:10008000022001000000000000480C0000000000F9
:100090000000000000000000000000000000000060
:1000A0000000000000000000000000000000000050
:1000B0000000000000000000000000000000000040
:1000C00002200100000000000040000000000000CD
:1000D0000000000000000000000000000000000020
:1000E0000000000000000000000000000000000010
:1000F0000000000000000000000000000000000000
:1001000000000100000000000040000000000000AE
:1001100000000000000000000000000000000000DF
:1001200000000000000000000000000000000000CF
:1001300000000000000000000000000000000000BF
:100140000000010000000000004800000000000066
:10015000000000000000000000000000000000009F
:10016000000000000000000000000000000000008F
:10017000000000000000000000000000000000007F
:100180000020010000000000004800000000000006
:10019000000000000000000000000000000000005F
:1001A000000000000000000000000000000000004F
:1001B000000000000000000000000000000000003F
:1001C00000200100000000000048000000000000C6
:1001D000000000000000000000000000000000001F
:1001E000000000000000000000000000000000000F
:1001F00000000000000000000000000000000000FF
:100200000020010000000000FF4800000000000086
:100210000000000000000001000400100040000089
:100220000100000010004000000100040010004028
:1002300000000100040010000000000000000000A9
:10024000FC2300000000000003A03F00FF00FC03AF
:10025000F00FC03F00FF00FC03F00FC03F00FF00A5
:10026000FC03F00FC03F00FF00FC03F00FC03F0095
:10027000FF00FC03F00FC03F00FF00FC03F00FC0C5
:100280000F000E000000000001083700DD007403BD
:10029000F00D403700DD007403D00D403700DD0065
:1002A0007403D00D403700DD007403D00D403700DB
:1002B000DD007403D00D403700DD007403D00D4025
:1002C00007200C000000000011A03300CD00340313
:1002D000D00C403300CD003403D00C403300CD00AF
:1002E0003403D00C403300CD003403D00C40310037
:1002F000C5003403D00C403300CD003403D00C4093
:1003000047800E000000000003A83500DD007403E4
:10031000500D403700DD007403D00D403700DD0084
:100320007403D00D403700DD007403D00D4037005A
:10033000DD007403D00D403700DD007403D00D40A4
:100340000F2006000000000000A83700DF007C033B
:10035000D00DC03700DF007C03F00DC03700DF0098
:100360007C03F00DC03700DF007C03F00DC03500CA
:10037000DF007C03F00DC03700DF007C03F00DC010
:100380000B200E000000000087803D00FF00FC03F2
:10039000F00FC03F00FF00FC03F00FC03F00FF0064
:1003A000FC03F00FC03F00FF00FC03F00FC03F0054
:1003B000FF00FC03F00FC03F00FF00FC03F00FC084
:1003C0001F0006000000000002083500DF007C036B
:1003D000F00DC03700DF007C03F00DC03700DF00F8
:1003E0007C03F00DC03700DF007C03F00DC0370048
:1003F000DF007C03F00DC03700DF007C03F00DC090
:100400000B2004000000000013A03400DD00740382
:10041000D00D403700DD007403D00D403700DD0003
:100420007403D00D403700DD007403D00D40370059
:10043000DD007403D00D403700DD007403D00D40A3
:100440004F0002000000000007A03200CD0034037E
:10045000D00C403300CD003403D00C403300CD002D
:100460003403D00C403300C5003403D00C403300BB
:10047000CD003403D00C403300CD003403D00C4009
:100480001F000A000000000006807800ED01B4079C
:10049000D01E407B00ED01B407D01E407B00ED0173
:1004A000B407D01E407B00ED01B407D01E407B0096
:1004B000ED01B407D01E407B00ED01B407D01E4013
:1004C000130002000000000012103000CF003C03B7
:1004D000F00CC03300CF003C03F00CC03300CF0061
:1004E0003C03F00CC03300C7003C03F00CC03300E9
:1004F000CF003C03F00CC03300CF003C03F00CC035
:100500004B4000000000000002B83D00FF00FC036B
:10051000F00FC03F00FF00FC03F00FC03F00FF00E2
:10052000FC03F00FC03F00FF00FC03F00FC03F00D2
:10053000FF00FC03F00FC03F00FF00FC03F00FC002
:100540000B6006000000000015A83700DF007C03E8
:10055000F00DC03700DF007C03F00DC03700DF0076
:100560007C03F00DC03700DF007C03F00DC03700C6
:10057000DF007C03F00DC03700DF007C03F00DC00E
:1005800057000E000000000012883900ED00B4038F
:10059000D00E403B00ED00B403D00E403B00ED0018
:1005A000B403D00E403B00ED00B403D00E403B003E
:1005B000ED00B403D00E403B00ED00B403D00E407C
:1005C0004B2006000000000083007900ED01B40715
:1005D000D01E407B00ED01B407D01E407B00ED0132
:1005E000B407D01E407B00ED01B407D01E407B0055
:1005F000ED01B407D01E407B00ED01B407D01E40D2
:100600000F0004000000000012203300CD0034036E
:10061000D00C403300CD003403D00C403300CD006B
:100620003403D00C403300CD003403D00C403300F1
:10063000CD003403D00C403300CD003403D00C4047
:100640004B200C000000000017A015005F007C018B
:10065000F005C017005F007C01F005C017005F00C7
:100660007C01F005C017005F007C01F005C0170099
:100670005F007C01F005C017005F007C01F005C041
:100680005F20060000000000120007001F007C0031
:10069000F001C007001F007C00F001C007001F0030
:1006A0007C00F001C007001F007C00F001C00700C3
:1006B0001F007C00F001C007001F007C00F001C09B
:1006C0004B000C0000000000100027009F007C027F
:1006D000F009C027009F007C02F009C027009F009E
:1006E0007C02F009C027009F007C02F009C02700AF
:1006F0009F007C02F009C027009F007C02F009C027
:1007000043200C0000000000012826009D00740218
:10071000D0094027009D007402D0094027009D00A9
:100720007402D0094027009D007402D009402700C0
:100730009D007402D0094027009D007402D009403A
:10074000070008000000000018A024009D007402AB
:10075000D0094027009D007402D0094027009D0069
:100760007402D0094027009D007402D00940270080
:100770009D007402D0094027009D007402D00940FA
:100780006300020000000000102020008D003402F1
:10079000D0084023008D003402D0084023008D0093
:1007A0003402D0084023008D003402D008402300DA
:1007B0008D003402D0084023008D003402D0084060
:1007C00043800000000000001DB006001F007C00F8
:1007D000F001C007001F007C00F001C007001F00EF
:1007E0007C00F001C007001F007C00F001C0070082
:1007F0001F007C00F001C007001F007C00F001C05A
:1008000077C00A000000000019B027009F007C029A
:10081000F009C027009F007C02F009C027009F005C
:100820007C02F009C027009F007C02F009C027006D
:100830009F007C02F009C027009F007C02F009C0E5
:1008400067600E000000000019A027009F007C02D6
:10085000F009C027009F007C02F009C027009F001C
:100860007C02F009C027009F007C02F009C027002D
:100870009F007C02F009C027009F007C02F009C0A5
:1008800063000E00000000009C0807001D007400BB
:10089000D0014007001D007400D0014007001D007A
:1008A0007400D0014007001D007400D00140070013
:1008B0001D007400D0014007001D007400D00140ED
:1008C00073200C000000000010A023008D003402F3
:1008D000D0084023008D003402D0084023008D0052
:1008E0003402D0084023008D003402D00840230099
:1008F0008D003402D0084023008D003402D008401F
:1009000043800E000000000018A825009D0074021E
:10091000D0094027009D007402D0094027009D00A7
:100920007402D0094027009D007402D009402700BE
:100930009D007402D0094027009D007402D0094038
:100940006320060000000000052825009F007C02AF
:10095000F009C027009F007C02F009C027009F001B
:100960007C02F009C027009F007C02F009C027002C
:100970009F007C02F009C027009F007C02F009C0A4
:1009800017200E0000000000140025009F007C02CC
:10099000F009C027009F007C02F009C027009F00DB
:1009A0007C02F009C027009F007C02F009C02700EC
:1009B0009F007C02F009C027009F007C02F009C064
:1009C0005300060000000000140805001F007C0012
:1009D000F001C007001F007C00F001C007001F00ED
:1009E0007C00F001C007001F007C00F001C0070080
:1009F0001F007C00F001C007001F007C00F001C058
:100A00005320040000000000142014005D00740155
:100A1000D0054017005D007401D0054017005D004F
:100A20007401D0054017005D007401D00540170027
:100A30005D007401D0054017005D007401D00540D1
:100A4000530002000000000014A03200CD00340367
:100A5000D00C403300CD003403D00C403300CD0027
:100A60003403D00C403300CD003403D00C403300AD
:100A7000CD003403D00C403300CD003403D00C4003
:100A800053000A000000000004803800EDC0B403E9
:100A9000D00E403B00ED00B403D00E403B00ED0013
:100AA000B403D00E403B00ED00B403D00E403B0039
:100AB000ED00B403D00E403B00ED00B403D00E4077
:100AC000170002000000000014107810EF01BC07AE
:100AD000F01EC07B00EF01BC07F01EC07B00EF01E1
:100AE000BC07F01EC07B00EF01BC07F01EC07B00FE
:100AF000EF01BC07F01EC07B00EF01BC07F01EC079
:100B0000574000000000000010B83500DF007C03F3
:100B1000F00DC03700DF007C03F00DC03700DF00B0
:100B20007C03F00DC03700DF007C03F00DC0370000
:100B3000DF007C03F00DC03700DF007C03F00DC048
:100B4000436006000000000002A07F00FF01FC07D8
:100B5000E01FC07F00FF01FC07F01FC07F00FF0106
:100B6000FC07F01FC07F00FF01FC07F01FC07F00E3
:100B7000FF01FC07F01FC07F00FF01FC07F01FC052
:100B800003000E000000000015883900ED00B403DA
:100B9000D00E403B00ED00B403D00E403B00ED0012
:100BA000B403D00E403B00ED00B403D00E403B0038
:100BB000ED00B403D00E403B00ED00B403D00E4076
:100BC000572006000000000008003900ED00B403C3
:100BD000D00E403B00ED00B403D00E403B00ED00D2
:100BE000B403D00E403B00ED00B403D00E403B00F8
:100BF000ED00B403D00E403B00ED00B403D00E4036
:100C0000030004000000000006283300CD00340378
:100C1000D00C403300CD003403D00C403300CD0065
:100C20003403D00C403300CD003403D00C403300EB
:100C3000CD003403D00C403300CD003403D00C4041
:100C400013200C00000000001DA83500DF007C030D
:100C5000F00DC03700DF007C03F00DC03700DF006F
:100C60007C03F00DC03700DF007C03F00DC03700BF
:100C7000DF007C03F00DC03700DF007C03F00DC007
:100C8000572006000000000001003700DF007C0351
:100C9000F00DC03700DF007C03F00DC03700DF002F
:100CA0007C03F00DC03700DF007C03F00DC037007F
:100CB000DF007C03F00DC03700DF007C03F00DC0C7
:100CC00007000C000000000089093F20FF20FC0302
:100CD000F00FC03F00FF00FC03F00FC03F00FF001B
:100CE000FC03F00FC03F00FF00FC03F00FC03F000B
:100CF000FF00FC03F00FC03F00FF00FC03F00FC03B
:100D000003220C000000000081203600DD00740387
:100D1000D00D403700DD007403D00D403700DD00FA
:100D20007403D00D403700DD007403D00D40370050
:100D3000DD007403D00D403700DD007403D00D409A
:100D4000070208000000000001A03600DD00740367
:100D5000D00D403700DD007403D00D403700DD00BA
:100D60007403D00D403700DD007403D00D40370010
:100D7000DD007403D00D403700DD007403D00D405A
:100D8000070002000000000030003000CD003403F6
:100D9000D00C403300CD003403D00C403300CD00E4
:100DA0003403D00C403300CD003403D00C4033006A
:100DB000CD003403D00C403300CD003403D00C40C0
:100DC000438000000000000001103600DF007C03BB
:100DD000F00DC03700DF007C03F00DC03700DF00EE
:100DE0007C03F00DC03700DF007C03F00DC037003E
:100DF000DF007C03F00DC03700DF007C03F00DC086
:100E000003C00A000000000025B83F00FF00FC03FB
:100E1000F00FC03F00FF00FC03F00FC03F00FF00D9
:100E2000FC03F00FC03F00FF00FC03F00FC03F00C9
:100E3000FF00FC03F00FC03F00FF00FC03F00FC0F9
:100E400017600E000000000003A83F00FF00FC0335
:100E5000F00FC03F00FF00FC03F00FC03F00FF0099
:100E6000FC03F00FC03F00FF00FC03F00FC03F0089
:100E7000FF00FC03F00FC03F00FF00FC03F00FC0B9
:100E80000F000E000000000001083700DD007403B1
:100E9000D00D403700DD007403D00D403700DD0079
:100EA0007403D00D403700DD007403D00D403700CF
:100EB000DD007403D00D403700DD007403D00D4019
:100EC00007200C000000000011A03300CD00340307
:100ED000D00C403300CD003403D00C403300CD00A3
:100EE0003403D00C403300CD003403D00C40330029
:100EF000CD003403D00C403300CD003403D00C407F
:100F000047800E000000000003A03500DD007403E0
:100F1000D00D403700DD007403D00D403700DD00F8
:100F20007403D00D403700DD007403D00D4037004E
:100F3000DD007403D00D403700DD007403D00D4098
:100F40000F2006000000000002A03700DF007C0335
:100F5000F00DC03700DF007C03F00DC03700DF006C
:100F60007C03F00DC03700DF007C03F00DC03700BC
:100F7000DF007C03F00DC03700DF007C03F00DC004
:100F80000B200E000000000007803D00FF00FC0366
:100F9000F00FC03F00FF00FC03F00FC03F00FF0058
:100FA000FC03F00FC03F00FF00FC03F00FC03F0048
:100FB000FF00FC03F00FC03F00FF00FC03F00FC078
:100FC0001F0006000000000002003500DF007C0367
:100FD000F00DC03700DF007C03F00DC03700DF00EC
:100FE0007C03F00DC03700DF007C03F00DC037003C
:100FF000DF007C03F00DC03700DF007C03F00DC084
:101000000B2004000000000013A83400DD0074036E
:10101000D00D403700DD007403D00D403700DD00F7
:101020007403D00D403700DD007403D00D4037004D
:10103000DD007403D00D403700DD007403D00D4097
:101040004F0002000000000007A03200CD00340372
:10105000D00C403300CD002403D00C403300CD0031
:101060003403D00C403300CD003403D00C403300A7
:10107000CD003403D00C403300CD003403D00C40FD
:101080001F000A000000000004807800ED01B40792
:10109000D01E407B00ED01B407D01E407B00ED0167
:1010A000B407D01E407B00ED01B407D01E407B008A
:1010B000ED01B407D01E407B00ED01B407D01E4007
:1010C000130002000000000012103000CF003C03AB
:1010D000F00CC03300CF003C03F00CC03300CF0055
:1010E0003C03F00CC03300CF003C03F00CC03300D5
:1010F000CF003C03F00CC03300CF003C03F00CC029
:101100004B4000000000000002B03D00FF00FC0367
:10111000F00FC03F00FF00FC03F00FC03F00FF00D6
:10112000FC03F00FC03F00FF00FC03F00FC03F00C6
:10113000FF00FC03F00FC03F00FF00FC03F00FC0F6
:101140000B6006000000000015A03700DF007C03E4
:10115000F00DC03700DF007C03F00DC03700DF006A
:101160007C03F00DC03700DF007C03F00DC03700BA
:10117000DF007C03F00DC03700DF007C03F00DC002
:1011800057000E000000000012883900ED00B40383
:10119000D00E403B00ED00B403D00E403B00ED000C
:1011A000B403D00E403B00ED00B403D00E403B0032
:1011B000ED00B403D00E403B00ED00B403D00E4070
:1011C0004B2006000000000003007900ED01B40789
:1011D000D01E407B00ED01B407D01E407B00ED0126
:1011E000B407501E407B00ED01B407D01E407900CB
:1011F000ED01B407D01E407B00ED01B407D01E40C6
:101200000F0004000000000012283300CD0034035A
:10121000D00C403300CD003403D00C403300CD005F
:101220003403D00C403300CD003403D00C403300E5
:10123000CD003403D00C403300CD003403D00C403B
:101240004B200C000000000017A815005F007C0177
:10125000F005C017005F007C01F005C017005F00BB
:101260007C01F005C017005F007C01F005C017008D
:101270005F007C01F005C017005F007C01F005C035
:101280005F20060000000000120007001F007C0025
:10129000F001C007001F007C00F001C007001F0024
:1012A0007C00F001C007001F007C00F001C00700B7
:1012B0001F007C00F001C007001F007C00F001C08F
:1012C0004B000C0000000000100827009F007C026B
:1012D000F009C027009F007C02F009C027009F0092
:1012E0007C02F009C027009F007C02F009C02700A3
:1012F0009F007C02F009C027009F007C02F009C01B
:1013000043200C0000000000012026009D00740214
:10131000D0094027009D007402D0094027009D009D
:101320007402D0094027009D007402D009402700B4
:101330009D007402D0094027009D007402D009402E
:10134000070008000000000018A024009D0074029F
:10135000D0094027009D007402D0094027009D005D
:101360007402D0094027009D007402D00940270074
:101370009D007402D0094027009D007402D00940EE
:101380006300020000000000102020008D003402E5
:10139000D0084023008D003402D0084023008D0087
:1013A0003402D0084023008D003402D008402300CE
:1013B0008D003402D0084023008D003402D0084054
:1013C00043800000000000001DB006001F007C00EC
:1013D000F001C007001F007C00F001C007001F00E3
:1013E0007C00F001C007001F007C00F001C0070076
:1013F0001F007C00F001C007001F007C00F001C04E
:1014000077C00A000000000019B827009F007C0286
:10141000F009C027009F007C02F009C027009F0050
:101420007C02F009C027009F007C02F009C0270061
:101430009F007C02F009C027009F007C02F009C0D9
:1014400067600E000000000018A027009F007C02CB
:10145000F009C027009F007C02F009C027009F0010
:101460007C02F009C027009F007C02F009C0270021
:101470009F007C02F009C027009F007C02F009C099
:1014800063000E00000000001C0807001D0074002F
:10149000D0014007001D007400D0014007001D006E
:1014A0007400D0014007001D007400D001C0050089
:1014B0001D007400D0014007001D007400D00140E1
:1014C00073200C000000000010A023008D003402E7
:1014D000D0084023008D003402D0084023008D0046
:1014E0003402D0084023008D003402D0084023008D
:1014F0008D003402D0084023008D003402D0084013
:1015000043800E000000000018A825009D00740212
:10151000D0094027009D007402D0094027009D009B
:101520007402D0094027009D007402D009402500B4
:101530009D007402D0094027009D007402D009402C
:10154000632006000000000005A827009F007C0221
:10155000F009C027009F007C02F009C027009F000F
:101560007C02F009C027009F007C02F009C0270020
:101570009F007C02F009C027009F007C02F009C098
:1015800017200E0000000000148025009F007C0240
:10159000F009C027009F007C02F009C027009F00CF
:1015A0007C02F009C027009F007C02F009C02700E0
:1015B0009F007C02F009C027009F007C02F009C058
:1015C0005300060000000000140805001F007C0006
:1015D000F001C007001F007C00F001C007001F00E1
:1015E0007C00F001C007001F007C00F001C0070074
:1015F0001F007C00F001C007001F007C00F001C04C
:10160000532004000000000014A014005D007401C9
:10161000D0054017005D007401D0054017005D0043
:101620007401D0054017005D007401D0054017001B
:101630005D007401D0054017005D007401D00540C5
:10164000530002000000000014A03200CD0034035B
:10165000D00C403300CD003403D00C403300CD001B
:101660003403D00C403300CD003403D00C403300A1
:10167000CD003403D00C403300CD003403D00C40F7
:1016800053000A000000000005803800ED00B4039C
:10169000D00E403B00ED00B403D00E403B00ED0007
:1016A000B403D00E403B00ED00B403D00E403B002D
:1016B000ED00B403D00E403B00ED00B403D00E406B
:1016C000170002000000000015107800EF01BC07B1
:1016D000F01EC07B00EF01BC07F01EC07B00EF01D5
:1016E000BC07F01EC07B00EF01BC07F01EC07B00F2
:1016F000EF01BC07F01EC07B00EF01BC07F01EC06D
:10170000574000000000000010B83500DF007C03E7
:10171000F00DC03700DF007C03F00DC03700DF00A4
:101720007C03F00DC03700DF007C03F00DC03700F4
:10173000DF007C03F00DC03700DF007C03F00DC03C
:10174000436006000000000000A07F00FF01FC07CE
:10175000F01FC07F00FF01FC07F01FC07F00FF01EA
:10176000FC07F01FC07F00FF01FC07F01FC07F00D7
:10177000FF01FC07F01FC07F00FF01FC07F01FC046
:1017800003000E000000000015883900EF00B403CC
:10179000D00E403B00ED00B403D00E403B00ED0006
:1017A000B403D00E403B00ED00B403D00E403B002C
:1017B000ED00B403D00E403B00ED00B403D00E406A
:1017C000572006000000000000003900ED00B403BF
:1017D000D00E403B00ED00B403D00E403B00ED00C6
:1017E000B403D00E403B00ED00B403D00E403B00EC
:1017F000ED00B403D00E403B00ED00B403D00E402A
:10180000030004000000000004283300C500340376
:10181000D00C403300CD003403D00C403300CD0059
:101820003403D00C403300CD003403D00C403300DF
:10183000CD003403D00C403300CD003403D00C4035
:1018400013200C000000000015A83500DD007C030B
:10185000F00DC03700DF007C03F00DC03700DF0063
:101860007C03F00DC03700DF007C03F00DC03700B3
:10187000DF007C03F00DC03700DF007C03F00DC0FB
:10188000572006000000000001003700DF007C0345
:10189000F00DC03700DF007C03F00DC03700DF0023
:1018A0007C03F00DC03700DF007C03F00DC0370073
:1018B000DF007C03F00DC03700DF007C03F00DC0BB
:1018C00007000C000000000080083F00FF00FC0340
:1018D000F00FC03F00FF00FC03F00FC03F00FF000F
:1018E000FC03F00FC03F00FF00FC03F00FC03F00FF
:1018F000FF00FC03F00FC03F00FF00FC03F00FC02F
:1019000003220C000000000081203600DD0074037B
:10191000D00D403700DD007403D00D403700DD00EE
:101920007403D00D403700DD007403D00D40370044
:10193000DD007403D00D403700DD007403D00D408E
:10194000070208000000000001A03400DD0074035D
:10195000D00D403700DD007403D00D403700DD00AE
:101960007403D00D403700DD007403D00D40370004
:10197000DD007403D00D403700DD007403D00D404E
:10198000070002000000000010203000CD003403EA
:10199000D00C403300CD003403D00C403300CD00D8
:1019A0003403D00C403300CD003403D00C4033005E
:1019B000CD003403D00C403300CD003403D00C40B4
:1019C000438000000000000000B03600DF007C0310
:1019D000F00DC03700DF007C03F00DC03700DF00E2
:1019E0007C03F00DC03700DF007C03F00DC0370032
:1019F000DF007C03F00DC03700DF007C03F00DC07A
:101A000003C00A000000000005B83F00FF00FC030F
:101A1000F00FC03F00FF00FC03F00FC03F00FF00CD
:101A2000FC03F00FC03F00FF00FC03F00FC03F00BD
:101A3000FF00FC03F00FC03F00FF00FC03F00FC0ED
:101A400017600E000000000003A03F00FF00FC0331
:101A5000F80FC03F00FF00FC03F00FC03F00FF0085
:101A6000FC03F00FC03F00FF00FC03F00FC03F007D
:101A7000FF00FC03F00FC03F00FF00FC03F00FC0AD
:101A80000F000E000000000003003700DD007403AB
:101A9000D00DC03700DD007403D00D403700DD00ED
:101AA0007403D00D403700DD007403D00D403700C3
:101AB000DD007403D00D403700DD007403D00D400D
:101AC00007200C000000000013A03300CD003403F9
:101AD000D00C403300CD003403D00C403300CD0097
:101AE0003403D00C403300CD003403D00C4033001D
:101AF000CD003403D00C403300CD003403D00C4073
:101B000047800E000000000003A83500DD007403CC
:101B1000D00D403500DD007403D00D403700DD00EE
:101B20007403D00D403700DD007403D00D40370042
:101B3000DD007403D00D403700DD007403D00D408C
:101B40000F2006000000000080A03700DF007C03AB
:101B5000D00D403700DF007C03F00DC03700DF0000
:101B60007C03F00DC03700DF007C03F00DC03700B0
:101B7000DF007C03F00DC03700DF007C03F00DC0F8
:101B80000B200E000000000087883D00FF00FC03D2
:101B9000F00FC03F00FF00FC03F00FC03F00FF004C
:101BA000FC03F00FC03F00FF00FC03F00FC03F003C
:101BB000FF00FC03F00FC03F00FF00FC03F00FC06C
:101BC0001F000600000000000A083520DF807C03AB
:101BD000F20DC03700DF007C03F00DC03700DF00DE
:101BE0007C03F00DC03700DF007C03F00DC0370030
:101BF000DF007C03F00DC03700DF007C03F00DC078
:101C00000B2004000000000013A03400DD0074036A
:101C1000D00D403700DD007403D00D403700DD00EB
:101C20007403D00D403700DD007403D00D40370041
:101C3000DD007403D00D403700DD007403D00D408B
:101C40004F0002000000000003203000CD003403EC
:101C5000D00C403300CD003403D00C403300CD0015
:101C60003403D00C403300CD003403D00C4033009B
:101C7000CD003403D00C403300CD003403D00C40F1
:101C80001F000A00000000001F007800ED01B407EB
:101C9000D01E407B00ED01B407D01E407B00ED015B
:101CA000B407D01E407B00ED01B407D01E407B007E
:101CB000ED01B407D01E407B00ED01B407D01E40FB
:101CC000130002000000000012183000CF003C0397
:101CD000F00CC03300CF003C03F00CC03300CF0049
:101CE0003C03F00CC03300CF003C03F00CC03300C9
:101CF000CF003C03F00CC03300CF003C03F00CC01D
:101D00004B4000000000000002383D00FF00FC03D3
:101D1000F00FC03F00FF00FC03F00FC03F00FF00CA
:101D2000FC03F00FC03F00FF00FC03F00FC03F00BA
:101D3000FF00FC03F00FC03F00FF00FC03F00FC0EA
:101D40000B6006000000000010A83700DF007C03D5
:101D5000F00DC03700DF007C03F00DC03700DF005E
:101D60007C03700DC03700DF007C03F00DC0350030
:101D7000DF007C03F00DC03700DF007C03F00DC0F6
:101D800057000E000000000033813900ED00B4035D
:101D9000D00E403B00ED00B403D00E403B00ED0000
:101DA000B403D00E403B00ED00B403D00E403B0026
:101DB000E700B403D00E403B00ED00B403D00E406A
:101DC0004B2006000000000084007900ED01B407FC
:101DD000D01E407B00ED01B407D01E407B00ED011A
:101DE000B407501E407B00ED01B407D01E407B00BD
:101DF000ED01B407D01E407B00ED01B407D01E40BA
:101E00000F0004000000000036203300CD00340332
:101E1000D00C403300CD003403D00C403300CD0053
:101E20003403D00C403300CD003403D00C403300D9
:101E3000C5003403D00C403300CD003403D00C4037
:101E40004B200C0000000000172015005F007C01F3
:101E5000F005C017005F007C01F005C017005F00AF
:101E60007C017005C017005F007C01F005C0150003
:101E70005F007C01F005C017005F007C01F005C029
:101E80005F20060000000000120005001F007C001B
:101E9000F001C007001F007C00F001C007001F0018
:101EA0007C00F001C007001F007C00F001C00700AB
:101EB00017007C00F001C007001F007C00F001C08B
:101EC0004B000C0000000000100025009F007C0269
:101ED000F009C027009F007C02F009C027009F0086
:101EE0005C02F009C027009F007C02F009C02700B7
:101EF0009F007C02F009C027009F007C02F009C00F
:101F000043200C0000000000012826009D00740200
:101F1000D0094027009D007402D0094027009D0091
:101F20007402D0094027009D005C02D009402700C0
:101F30009D007402D0094027009D007402D0094022
:101F4000070008000000000018A024009D00740293
:101F5000D0094027009D007402D0094027009D0051
:101F60005402D0094027009D007402D00940270088
:101F70009D007402D0094027009D007402D00940E2
:101F80006300020000000000102020008D003402D9
:101F9000D0084023008D003402D0084023008D007B
:101FA0003402D0084023008D001402D008402300E2
:101FB0008D003402D0084023008D003402D0084048
:101FC00043800000000000001DB806001F007C00D8
:101FD000F001C007001F007C00F0014007001F0057
:101FE0005C00F001C007001F007C00F001C007008A
:101FF0001F007C00F001C007001F007C00F001C042
:1020000077C00A00000000001DB127009F007C027D
:10201000F009C027009F007C02F009C027009F0044
:102020007C02F009C027009F007C02F009C0270055
:102030009F007C02F009C027009F007C02F009C0CD
:1020400067400E00000000001DA027009F007C02DA
:10205000F009C027009F007C02F009C027009F0004
:102060007C02F009C027009F007C02F009C0270015
:102070009F007C02F009C027009F007C02F009C08D
:1020800063000E0000000000980005001D007400B1
:10209000D0014007001D007400D0014007001D0062
:1020A0007400D0014007001D007400D001400700FB
:1020B0001D007400D0014007001D007400D00140D5
:1020C00073200C0000000000122021008D0034025B
:1020D000D0084023008D003402D0084023008D003A
:1020E0003402D0084023008D003402D00840230081
:1020F0008D003402D0084023008D003402D0084007
:1021000043800E0000000000182825009D00740286
:10211000D0094027009D007402D0094027009D008F
:102120007402D0094027009D007402D009402700A6
:102130009D007402D0094027009D007402D0094020
:102140006320060000000000052025009F007C029F
:10215000F009C027009F007C02F009C027009F0003
:102160007C02F009C027009F007C02F009C0270014
:102170009F007C02F009C027009F007C02F009C08C
:1021800017200E0000000000160825009F007C02AA
:10219000F009C027009F007C02F009C027009F00C3
:1021A0007C02F009C027009F007C02F009C02700D4
:1021B0009F007C02F009C027009F007C02F009C04C
:1021C0005300060000000000140805001F007C00FA
:1021D000F001C007001F007C00F001C007001F00D5
:1021E0007C00F001C007001F007C00F001C0070068
:1021F0001F007C00F001C007001F007C00F001C040
:102200005320040000000000102014005D00740141
:10221000D0054017005D007401D0054017005D0037
:102220007401D0054017005D007401D0054017000F
:102230005D007401D0054017005D007401D00540B9
:10224000530002000000000010A03200CD00340353
:10225000D00C403300CD003403D00C403300CD000F
:102260003403D00C403300CD003403D00C40330095
:10227000CD003403D00C403300CD003403D00C40EB
:1022800053000A000000000004803800ED00B40391
:10229000900E403B00ED00B403D00E403B00ED003B
:1022A000B403D00E403B00ED00B403D00E403B0021
:1022B000ED00B403D00E403B00ED00B403D00E405F
:1022C000170002000000000014187800EF01BC079E
:1022D000F01EC07B00EF01BC07F01EC07B00EF01C9
:1022E000BC07F01EC07B00EF01BC07F01EC07B00E6
:1022F000EF01BC07F01EC07B00EF01BC07F01EC061
:10230000574000000000000010B83500DF007C03DB
:10231000F00DC03700DF007C03F00DC03700DF0098
:102320007C03F00DC03700DF007C03F00DC03700E8
:10233000DF007C03F00DC03700DF007C03F00DC030
:10234000436006000000000006207D00FF01FC073E
:10235000F01FC07F00FF01FC07F01FC07F00FF01DE
:10236000FC07F01FC07F00FF01FC07F01FC07F00CB
:10237000FF01FC07F01FC07F00FF01FC07F01FC03A
:1023800003000E000000000015003900ED00B4034A
:10239000D00E403B00ED00B403D00E403B00ED00FA
:1023A000B403D00E403B00ED00B403D00E403B0020
:1023B000ED00B403D00E403B00ED00B403D00E405E
:1023C000572006000000000018003900ED00B4039B
:1023D000D00E403B00ED00B403D00E403B00ED00BA
:1023E000B403D00E403B00ED00B403D00E403B00E0
:1023F000ED00B403D00E403B00ED00B403D00E401E
:10240000030004000000000002283300CD00340364
:10241000D00C403300CD003403D00C403300CD004D
:102420003403D00C403300CD003403D00C403300D3
:10243000CD003403D00C403300CD003403D00C4029
:1024400013200C00000000003DA03500DD007403E7
:10245000F00DC03700DF007C03F00DC03700DF0057
:102460007C03F00DC03700DF007C03F00DC03700A7
:10247000DF007C03F00DC03700DF007C03F00DC0EF
:10248000572006000000000005083700DF007C032D
:10249000F00DC03700DF007C03F00DC03700DF0017
:1024A0007C03F00DC03700DF007C03F00DC0370067
:1024B000DF007C03F00DC03700DF007C03F00DC0AF
:1024C00007000C0000000000A1093F20FF20FC03D2
:1024D000F00FC03F00FF00FC03F00FC03F00FF0003
:1024E000FC03F00FC03F00FF00FC03F00FC03F00F3
:1024F000FF00FC03F00FC03F00FF00FC03F00FC023
:1025000003220C000000000081203620DD0074034F
:10251000D00D403700DD007403D00D403700DD00E2
:102520007403D00D403700DD007403D00D40370038
:10253000DD007403D00D403700DD007403D00D4082
:10254000070208000000000001A03600DD0074034F
:10255000D00D403700DD007403D00D403700DD00A2
:102560007403D00D403700DD007403D00D403700F8
:10257000DD007403D00D403700DD007403D00D4042
:10258000070002000000000010003000CD003403FE
:10259000D00C403300CD003403D00C403300CD00CC
:1025A0003403D00C403300CD003403D00C40330052
:1025B000CD003403D00C403300CD003403D00C40A8
:1025C000438000000000000001193680DF007E0318
:1025D000F00DC03700DF007C03F00DC03700DF00D6
:1025E0007C03F00DC03700DF007C03F00DC0370026
:1025F000DF007C03F00DC03700DF007C03F00DC06E
:1026000003C00A000000000005B83F00FF00FC0303
:10261000F00FC03F00FF00FC03F00FC03F00FF00C1
:10262000FC03F00FC03F00FF00FC03F00FC03F00B1
:10263000FF00FC03F00FC03F00FF00FC03F00FC0E1
:1026400017600E000000000003A03F00FF00FC0325
:10265000F00FC03F00FF00FC03F00FC03F00FF0081
:10266000FC03F00FC03F00FF00FC03F00FC03F0071
:10267000FF00FC03F00FC03F00FF00FC03F00FC0A1
:102680000F000E000000000001083700DD00740399
:10269000D00D403700DF007403D00D403700DD005F
:1026A0007403D00D403700DD007403D00D403700B7
:1026B000DD007403D00D403700DD007403D00D4001
:1026C0000B600C000000000011A03300CD003403AB
:1026D000D00C403300CD003403D00C403300CD008B
:1026E0003403D00C403300CD003403D00C40330011
:1026F000CD003403D00C403300CD003403D00C4067
:1027000047800E000000000003A83500DD007403C0
:10271000D00D403700D5007403D00D403700DD00E8
:102720007403D00D403700DD007403D00D40370036
:10273000DD007403D00D403700DD007403D00D4080
:102740000B0006000000000000A83700DF007C033B
:10275000F00DC03700DD007C03F00DC03700DF0056
:102760007C03F00DC03700DF007C03D00DC03700C4
:10277000DF007C03F00DC03700DF007C03F00DC0EC
:102780008B220E000000000087803D00FF00FC034C
:10279000F00FC03F00FF00FC03F00FC03F00FF0040
:1027A000FC03F00FC03F00FF00FC03F00FC03F0030
:1027B000FF00FC03F00FC03F00FF00FC03F00FC060
:1027C000170006000000000002083500DF007C034F
:1027D000F00DC03700DF007C03F00DC03700DF00D4
:1027E0007C03F00DC03700DF007C03F00DC0370024
:1027F000DF007C03F00DC03700DF007C03F00DC06C
:102800000B2004000000000013A03400DD0074035E
:10281000D00D403700DD007403D00D403700DD00DF
:102820007403D00D403700DD007403D00D40370035
:10283000DD007403D00D403700DD007403D00D407F
:102840006F0002000000000007A03200CD0034033A
:10285000D00C403300CD003403D00C403300CD0009
:102860003403D00C403300CD003403D00C4033008F
:10287000CD003403D00C403300CD003403D00C40E5
:102880000F0008000000000006807800ED01B4078A
:10289000D01E407B00ED01B407D01E407B00ED014F
:1028A000B407D01E407B00ED01B407D01E407B0072
:1028B000ED01B407D01E407B00ED01B407D01E40EF
:1028C000332008000000000012103000CF003C034D
:1028D000F00CC03300CF003C03F00CC03300CF003D
:1028E0003C03F00CC03300CF003C03F00CC03300BD
:1028F000CF003C03F00CC03300CF003C03F00CC011
:102900004B4008000000000002B83D00FF00FC033F
:10291000F00FC03F00FF00FC03F00FC03F00FF00BE
:10292000FC03F00FC03F00FF00FC03F00FC03F00AE
:10293000FF00FC03F00FC03F00FF00FC03F00FC0DE
:102940000B2006000000000015A03700DF007C030C
:10295000F00DC03700DF007C03F00DC03700DF0052
:102960007C03F00DC03700DF007C03F00DC03700A2
:10297000DF007C03F00DC03700DF007C03F00DC0EA
:1029800043000E000000000012883900ED00B4037F
:10299000D00E403B00ED00B403D00E403B00ED00F4
:1029A000B403D00E403B00ED00B403D00E403B001A
:1029B000ED00B403D00E403B00ED00B403D00E4058
:1029C0004F6406000000000083007900ED01B407A9
:1029D000D01E407B00ED01B407D01E407B00ED010E
:1029E000B407D01E407B00E501B407D01E407B0039
:1029F000ED01B407D01E407B00ED01B407D01E40AE
:102A0000130004000000000012283300CD0034033E
:102A1000D00C403300CD003403D00C403300CD0047
:102A20003403D00C403300CD003403D00C403300CD
:102A3000CD003403D00C403300CD003403D00C4023
:102A40005B000C000000000017A815005F007C016F
:102A5000F005C017005F007C01F005C017005F00A3
:102A60007C01F005C017005F007401F005C017007D
:102A70005F007C01F005C017005F007C01F005C01D
:102A80005F200E0000000000120007001F007C0005
:102A9000F001C007001F007C00F001C007001F000C
:102AA0007C00F001C007001F007C00F001C007009F
:102AB0001F007C00F001C007001F007C00F001C077
:102AC0004B00060000000000100827009F007C0259
:102AD000F009C027009F007C02F009C027009F007A
:102AE0007C02F009C027009F007C02F009C027008B
:102AF0009F007C02F009C027009F007C02F009C003
:102B00004320040000000000012026009D00740204
:102B1000D0094027009D007402D0094027009D0085
:102B20007402D0094027009D007402D0094027009C
:102B30009D007402D0094027009D007402D0094016
:102B4000070008000000000018A024009D00740287
:102B5000D0094027009D007402D0094027009D0045
:102B60007402D0094027009D007402D0094027005C
:102B70009D007402D0094027009D007402D00940D6
:102B80007300020000000000102020008D003402BD
:102B9000D0084023008D003402D0084023008D006F
:102BA0003402D0084023008D003402D008402300B6
:102BB0008D003402D0084023008D003402D0084C30
:102BC00053A00000000000001DB006001F007C00A4
:102BD000F001C007001F007C00F001C007001F00CB
:102BE0007C00F001C007001F007C00F001C007005E
:102BF0001F007C00F001C007001F007C00F001C036
:102C000077C00A000000000019B027009F007C0276
:102C1000F009C027009F007C02F009C027009F0038
:102C20007C02F009C027009F007C02F009C0270049
:102C30009F007C02F009C027009F007C02F009C0C1
:102C400067240E000000000019A027009F007C02EE
:102C5000F009C027009F007C02F009C027009F00F8
:102C60007C02F009C027009F007C02F009C0270009
:102C70009F007C02F009C027009F007C02F009C081
:102C800063000E00000000009C0807001D00740097
:102C9000D0014007001D007400D0014007001D0056
:102CA0007400D0014007001D007400D001400700EF
:102CB0001D007400D0014007001D007400D00140C9
:102CC00073600C000000000010A023008D0034028F
:102CD000D0084023008D003402D0084023008D002E
:102CE0003402D0084023008D003402D00840230075
:102CF0008D003402D0084023008D003402D00840FB
:102D00004B0004000000000018A825009D0074027C
:102D1000D0094027009D007402D0094027009D0083
:102D20007402D0094027009D007402D0094027009A
:102D30009D007402D0094027009D007402D0094014
:102D4000630004000000000005A827009F007C022B
:102D5000F009C027009F007C02F009C027009F00F7
:102D60007C02F009C027009F007C02F009C0270008
:102D70009F007C02F009C027009F007C02F009C080
:102D800017200E0000000000148025009F007C0228
:102D9000F009C027009F007C02F009C027009F00B7
:102DA0007C02F009C027009F007C02F009C02700C8
:102DB0009F007C02F009C027009F007C02F009C040
:102DC0004B00060000000000140805001F007C00F6
:102DD000F001C007001F007C00F001C007001F00C9
:102DE0007C00F001C007001F007C00F001C007005C
:102DF0001F007C00F001C007001F807800F201C2B4
:102E0000432004000000000014A014005D007401C1
:102E1000D0054017005D007401D0054017005D002B
:102E20007401D0054017005D007401D00540170003
:102E30005D007401D0054017005D007401D00540AD
:102E4000530002000000000014A03200CD00340343
:102E5000D00C403300CD003403D00C403300CD0003
:102E60003403D00C403300CD003403D00C40330089
:102E7000CD003403D00C403300CD003403D00C40DF
:102E800053000A000000000005803800ED00B40384
:102E9000D00E403B00ED00B403D00E403B00ED00EF
:102EA000B403D00E403B00ED00B403D00E403B0015
:102EB000ED00B403D00E403B00ED00B403D00E4053
:102EC000072002000000000015107800EF01BC0789
:102ED000F01EC07B00EF01BC07F01EC07B00EF01BD
:102EE000BC07F01EC07B00EF01BC07F01EC07B00DA
:102EF000EF01BC07F01EC07B00EF01BC07F01EC055
:102F0000474000000000000010B83500DF007C03DF
:102F1000F00DC03700DF007C03F00DC03700DF008C
:102F20007C03F00DC03700DF007C03F00DC03700DC
:102F3000DF007C03F00DC03700DF007C03F00DC024
:102F4000432006000000000002A07F00FF01FC07F4
:102F5000F01FC07F00FF01FC07F01FC07F00FF01D2
:102F6000FC07F01FC07F00FF01FC07F01FC07F00BF
:102F7000FF01FC07F01FC07F00FF01FC07F01FC02E
:102F8000030004000000000015883900ED00BC03B8
:102F9000D00E403B00ED00B403D00E403B00ED00EE
:102FA000B403D00E403B00ED00B403D00E403B0014
:102FB000ED00B403D00E403B00ED00B403D00E4052
:102FC000576004000000000008003900ED00B40361
:102FD000D00E403B00ED00B403D00E403B00ED00AE
:102FE000B403D00E403B00ED00B403D00E403B00D4
:102FF000ED00B403D00E403B00ED00B403D00E4012
:10300000030004000000000016283300CD00140364
:10301000D00C403300CD003403D00C403300CD0041
:103020003403D00C403300CD003403D00C403300C7
:10303000CD003403D00C403300CD003403D00C401D
:10304000130004000000000015A83500DF00740321
:10305000F00DC03700DF007C03F00DC03700DF004B
:103060007C03F00DC03700DF007C03F00DC037009B
:10307000DF007C03F00DC03700DF007C03F00DC0E3
:10308000572006000000000009003700DF007C0325
:10309000F00DC03700DF007C03F00DC03700DF000B
:1030A0007C03F00DC03700DF007C03F00DC037005B
:1030B000DF007C03F00DC03700DF007C03F00DC0A3
:1030C00007000C000000000001083F20FF20FC0367
:1030D000F00FC03F00FF00FC03F00FC03F00FF00F7
:1030E000FC03F00FC03F00FF00FC03F00FC03F00E7
:1030F000FF00FC03F00FC03F00FF00FC03F00FC017
:1031000013220C000000000081203600DD00740353
:10311000D00D403700DD007403D00D403700DD00D6
:103120007403D00D403700DD007403D00D4037002C
:10313000DD007403D00D403700DD007403D00D4076
:10314000170208000000000001A03400DD00740335
:10315000D00D403700DD007403D00D403700DD0096
:103160007403D00D403700DD007403D00D403700EC
:10317000DD007403D00D403700DD007403D00D4036
:10318000070002000000000010203000CD003403D2
:10319000D00C403300CD003403D00C403300CD00C0
:1031A0003403D00C403300CD003403D00C40330046
:1031B000CD003403D00C403300CD003403D00C409C
:1031C000438100000000000001B03600DF007C03F6
:1031D000F00DC03700DF007C03F00DC03700DF00CA
:1031E0007C03F00DC03700DF007C03F00DC037001A
:1031F000DF007C03F00DC03700DF007C03F00DC062
:1032000003C10A000000000005B83F00FF00FC03F6
:10321000F00FC03F00FF00FC03F00FC03F00FF00B5
:10322000FC03F00FC03F00FF00FC03F00FC03F00A5
:10323000FF00FC03F00FC03F00FF00FC03F00FC0D5
:1032400017610E000000000003A03F00FF00FC0318
:10325000F00FC03F00FF00FC03F00FC03F00FF0075
:10326000FC03F00FC03F00FF00FC03F00FC03F0065
:10327000FF00FC03F00FC03F00FF00FC03F00FC095
:103280000F000E000000000001083700DD0074038D
:10329000D00D403700DD007403D00D403700DD0055
:1032A0007403D00D403700DD007403D00D403700AB
:1032B000D9007403D00D403700DD007403D00D40F9
:1032C00007200C000000000011A03300CD003403E3
:1032D000D00C403300CD003403D00C403300CD007F
:1032E0003403D00C403300CD003403D00C40330005
:1032F000CD003403D00C403300CD003403D00C405B
:1033000047800E000000000003A83500DD007403B4
:10331000D00D403700D9007403D00D403700DD00D8
:103320007403900D403700DD007403D00D4037006A
:10333000DD007403D00D403700DD007403D00D4074
:103340000F2006000000000000A83700DF007C030B
:10335000F00DC03700DF007C03F00DC03700DF0048
:103360007C03F00DC03700DF007C03F00DC0370098
:10337000DF007C03F00DC03700DF007C03F00DC0E0
:103380000B200E000000000087803D00FF00FC03C2
:10339000F00FC03F00FF00FC03F00FC03F00FF0034
:1033A000FC03F00FC03F00FF00FC03F00FC03F0024
:1033B000FB00FC03F00FC03F00FF00FC03F00FC058
:1033C0001F0006000000000002083500DF007C033B
:1033D000F00DC03700DF006C03F00DC03700DF00D8
:1033E0007C03F00DC03700DF007C03F00DC0370018
:1033F000DF007C03F00DC03700DF007C03F00DC060
:103400000B2004000000000013A03400DD00640362
:10341000D00D403700DD007403D00D403700DD00D3
:103420007403D00D403700DD007403D00D40370029
:10343000DD007403D00D403700DD007403D00D4073
:103440004F0002000000000007A03200CD0034034E
:10345000D00C403300CD003403D00C403300CD00FD
:103460003403D00C403300CD003403D00C40330083
:10347000CD003403D00C403300CD003403D00C40D9
:103480001F000A000000000006807800ED01A4077C
:10349000D01E407B00ED01B407D01E407B00ED0143
:1034A000B407D01E407B00ED01B407D01E407B0066
:1034B000ED01B407D01E407B00ED01B407D01E40E3
:1034C000130002000000000012103000CF003C0387
:1034D000F00CC03300CF002C03F00CC03300CF0041
:1034E0003C03F00CC03300CF003C03F00CC03300B1
:1034F000CF003C03F00CC03300CF003C03F00CC005
:103500004B4000000000000002B83D00FF00EC034B
:10351000F00FC03F00FF00FC03F00FC03F00FF00B2
:10352000FC03F00FC03F00FF00FC03F00FC03F00A2
:10353000FF00FC03F00FC03F00FF00FC03F00FC0D2
:103540000B6006000000000015A03700DF007C03C0
:10355000F00DC03700DF007C03F00DC03700DF0046
:103560007C03F00DC03700DF005C03F00DC03700B6
:10357000DF007C03F00DC03700DF007C03F00DC0DE
:1035800057000E000000000012883900ED00B4035F
:10359000D00E403B00ED00B403D00E403B00ED00E8
:1035A000B403D00E403B00ED00B403D00E403B000E
:1035B000ED00B403D00E403B00ED00B403D00E404C
:1035C0004B2006000000000083007900ED01B407E5
:1035D000D01E407B00ED01B407D01E407B00ED0102
:1035E000B407D01E407B00ED01B407D01E407B0025
:1035F000ED01B407D01E407B00ED01B407D01E40A2
:103600000F0004000000000012283200CD00340337
:10361000D00C403300CD003403D00C403300CD003B
:103620003403D00C403300CD003403D00C403300C1
:10363000CD003403D00C403300CD003403D00C4017
:103640004B200C000000000017A815005F007C0153
:10365000F005C017005F007C01F005C017005F0097
:103660007C01F005C017005F005C01F005C0170089
:103670005F007C01F005C017005F007C01F005C011
:103680005F20060000000000120007001F007C0001
:10369000F001C007001F007C00F001C007001F0000
:1036A0007C00F001C007001F007C00F001C0070093
:1036B0001F007C00F001C007001F007C00F001C06B
:1036C0004B000C0000000000100827009F007C0247
:1036D000F009C027009F007C02F009C027009F006E
:1036E0007C02F009C027009F007C02F009C027007F
:1036F0009F007C02F009C027009F007C02F009C0F7
:1037000043200C0000000000012026009D007402F0
:10371000D0094027009D007402D0094027009D0079
:103720007402D0094027009D005C02D009402700A8
:103730009D007402D0094027009D007402D009400A
:10374000070008000000000018A024009D0074027B
:10375000D0094027009D007402D0094027009D0039
:103760007402D0094027009D007402D00940270050
:103770009D007402D0094027009D007402D00940CA
:103780006300020000000000102020008D003402C1
:10379000D0084023008D003402D0084023008D0063
:1037A0003402D0084023008D001402D008402300CA
:1037B0008D003402D0084023008D003402D0084030
:1037C00043800000000000001DB006001F007C00C8
:1037D000F001C007001F007C00F0014007001F003F
:1037E0007C00F001C007001F007C00F001C0070052
:1037F0001F007C00F001C007001F007C00F001C02A
:1038000077C00A000000000019B827009F007C0262
:10381000F009C027009F007C02F009C027009F002C
:103820007C02F009C027009F007C02F009C027003D
:103830009F007C02F009C027009F007C02F009C0B5
:1038400067600E000000000019A027009F007C02A6
:10385000F009C027009F007C02F009C027009F00EC
:103860007C02F009C027009F007C02F009C02700FD
:103870009F007C02F009C027009F007C02F009C075
:1038800063000E00000000009C0807001D0074008B
:10389000D0014007001D007400D0014007001D004A
:1038A0007400D0014007001D007400D001400700E3
:1038B0001D007400D0014007001D007400D00140BD
:1038C00073200C000000000010A023008D003402C3
:1038D000D0084023008D003402D0084023008D0022
:1038E0003402D0084023008D003402D00840230069
:1038F0008D003402D0084023008D003402D00840EF
:1039000043800E000000000018A825009D007402EE
:10391000D0094027009D007402D0094027009D0077
:103920007402D0094027009D007402D0094027008E
:103930009D007402D0094027009D007402D0094008
:103940006320060000000000050825009F007C029F
:10395000F009C027009F007C02F009C027009F00EB
:103960007C02F009C027009F007C02F009C02700FC
:103970009F007C02F009C027009F007C02F009C074
:1039800017200E0000000000140025009F007C029C
:10399000F009C027009F007C02F009C027009F00AB
:1039A0007C02F009C027009F007C02F009C02700BC
:1039B0009F007C02F009C027009F007C02F009C034
:1039C0005300060000000000140805001F007C00E2
:1039D000F001C007001F007C00F001C007001F00BD
:1039E0007C00F001C007001F007C00F001C0070050
:1039F0001F007C00F001C007001F007C00F001C028
:103A00005320040000000000142014005D00740125
:103A1000D005C017005D007401D0054017005D009F
:103A20007C01D0054017005D007401D005C0150071
:103A30005D007401D0054017005D007401D00540A1
:103A4000530002000000000014A03200CD00340337
:103A5000D00C403300CD003403D00C403300CD00F7
:103A60003403D00C403300CD003403D00C4033007D
:103A7000CD003403D00C403300CD003403D00C40D3
:103A800053000A000000000004803800ED00B40379
:103A9000D00E403900ED00B403D00E403B00ED00E5
:103AA0009403D00E403B00ED00B403D00E4039002B
:103AB000ED00B403D00E403B00ED00B403D00E4047
:103AC000170002000000000014107800EF01BC078E
:103AD000F01E407B00EF01BC07F01EC07B00EF0131
:103AE000B407F01EC07B00EF01BC07F01EC07B00D6
:103AF000EF01BC07F01EC07B00EF01BC07F01EC049
:103B0000574000000000000010B83500DF007C03C3
:103B1000F00DC03700DF007C03F00DC03700DF0080
:103B20007C03F00DC03700DF007C03F00DC03700D0
:103B3000DF007C03F00DC03700DF007C03F00DC018
:103B4000436006000000000002A07F00FF01FC07A8
:103B5000F01FC07F00FF01FC07F01FC07F00FF01C6
:103B6000FC07F01FC07F00FF01FC07F01FC07F00B3
:103B7000FF01FC07F01FC07F00FF01FC07F01FC022
:103B800003000E000000000015883900ED00B403AA
:103B9000D00E403B00ED00B403D00E403B00ED00E2
:103BA000B403D00E403B00ED00B403D00E403B0008
:103BB000ED00B403D00E403B00ED00B403D00E4046
:103BC000572006000000000098003900ED00B40303
:103BD000D00E403B00ED00B403D00E403B00ED00A2
:103BE000B403D00E403B00ED00B403D00E403B00C8
:103BF000ED00B403D00E403B00ED00B403D00E4006
:103C0000030004000000000006283300CD00340348
:103C1000D00C403300CD003403D00C403300CD0035
:103C20003403D00C403300CD003403D00C403300BB
:103C3000CD003403D00C403300CD003403D00C4011
:103C400013200C000000000025A83520DF807C0335
:103C5000F10DC03700DF007C03F00DC03700DF003E
:103C60007C03F00DC03700DF007C03F00DC037008F
:103C7000DF007C03F00DC03700DF007C03F00DC0D7
:103C8000572006000000000001003700DF007C0321
:103C9000F00DC03700DF007C03F00DC03700DF00FF
:103CA0007C03F00DC03700DF007C03F00DC037004F
:103CB000DF007C03F00DC03700DF007C03F00DC097
:103CC00007000C0000000000A1083F00FF00FC03FB
:103CD000F00FC03F00FF00FC03F00FC03F00FF00EB
:103CE000FC03F00FC03F00FF00FC03F00FC03F00DB
:103CF000FF00FC03F00FC03F00FF00FC03F00FC00B
:103D000003220C000000000081203600DD00740357
:103D1000D00D403700DD007403D00D403700DD00CA
:103D20007403D00D403700DD007403D00D40370020
:103D3000DD007403D00D403700DD007403D00D406A
:103D4000070208000000000001A03600DD00740337
:103D5000D00D403700DD007403D00D403700DD008A
:103D60007403D00D403700DD007403D00D403700E0
:103D7000DD007403D00D403700DD007403D00D402A
:103D8000070002000000000010203000CD003403C6
:103D9000D00C403300CD003403D00C403300CD00B4
:103DA0003403D00C403300CD003403D00C4033003A
:103DB000CD003403D00C403300CD003403D00C4090
:103DC000438000000000000001103600DF007C038B
:103DD000F00DC03700DF007C03F00DC03700DF00BE
:103DE0007C03F00DC03700DF007C03F00DC037000E
:103DF000DF007C03F00DC03700DF007C03F00DC056
:103E000003C00A000000000005B83D00FF00FC03ED
:103E1000F00FC03F00FF00FC03F00FC03F00FF00A9
:103E2000FC03F00FC03F00FF00FC03F00FC03F0099
:103E3000FF00FC03F00FC03F00FF00FC03F00FC0C9
:103E400017400E000000000003A03F00FF00FC032D
:103E5000F00FC03F00FF00FC03F00FC03F00FF0069
:103E6000FC03F00FC03F00FF00FC03F00FC03F0059
:103E7000FF00FC03F00FC03F00FF00FC03F00FC089
:103E80000F000E000000000003083700DD0074037F
:103E9000D00D403700DD007403D00D403700DD0049
:103EA0007403D00D403700DD007403D00D4037009F
:103EB000DD007403D00D403700DD007403D00D40E9
:103EC00007200C000000000013A03300CD003403D5
:103ED000D00C403300CD003403D00C403300CD0073
:103EE0003403D00C403300CD003403D00C403100FB
:103EF000CD003403D00C403300CD003403D00C404F
:103F000047800E000000000003A83500DD007403A8
:103F1000D00D403700DD007403D00D403700DD00C8
:103F20007403D00D403700DD007403D00D4037001E
:103F3000DD007403D00D403700DD007403D00D4068
:103F40000F20060000000000A2A83700DF007C035D
:103F5000F00DC03700DF007C03F00DC03700DF003C
:103F60007C03F00DC03700DF007C03F00DC037008C
:103F7000DF007C03F00DC03700DF007C03F00DC0D4
:103F80000B200E000000000007803D00FF00FC0336
:103F9000F00FC03F00FF00FC03F00FC03F00FF0028
:103FA000FC03F00FC03F00FF00FC03F00FC03F0018
:103FB000FF00FC03F00FC03F00FF00FC03F00FC048
:103FC0001F000600000000000A083500DF007C0327
:103FD000F00DC03700DF007C03F00DC03700DF00BC
:103FE0007C03F00DC03700DF007C03F00DC037000C
:103FF000DF007C03F00DC03700DF007C03F00DC054
:104000000B2004000000000013A03400DD00740346
:10401000D00D403700DD007403D00D403700DD00C7
:104020007403D00D403700DD007403D00D4037001D
:10403000DD007403D00D403700DD007403D00D4067
:104040004F0002000000000007A03200CD00340342
:10405000D00C403300CD003403D00C403300CD00F1
:104060003403D00C403300CD003403D00C40330077
:10407000CD003403D00C403300CD003403D00C40CD
:104080001F000A00000000000D807800ED01B40759
:10409000D01E407B00ED01B407D01E407B00ED0137
:1040A000B407D01E407B00ED01B407D01E407B005A
:1040B000ED01B407D01E407B00ED01B407D01E40D7
:1040C000130002000000000012103008CF003C0373
:1040D000F00CC03300CF003C03F00CC03300CF0025
:1040E0003C03F00CC03300CF003C03F00CC03300A5
:1040F000CF003C03F00CC03300CF003C03F00CC0F9
:104100004B4000000000000002B83D00FF00FC032F
:10411000F00FC03F00FF00FC03F00FC03F00FF00A6
:10412000FC03F00FC03F00FF00FC03F00FE03F0076
:10413000FF00FC03F00FC03F00FF00FC03F00FC0C6
:104140000B4006000000000015A03700DF007C03D4
:10415000F00DC03700DF007C03F00DC03700DF003A
:104160007C03F00DC03700DF007C03F00DC037008A
:10417000DF007C03F00DC03700DF007C03F00DC0D2
:1041800057000E000000000013893900ED00B40351
:10419000D00E403B00ED00B403D00E403B00ED00DC
:1041A000B403D00E403B00ED00B403D00E403B0002
:1041B000ED00B403D00E403B00ED00B403D00E4040
:1041C0004B2006000000000001007900ED01B4075B
:1041D000D01E407B00ED01B407D01E407B00ED01F6
:1041E000B407D01E407B00ED01B407D01E407B0019
:1041F000ED01B407D01E407B00ED01B407D01E4096
:104200000F0004000000000013283300CD00340329
:10421000D00C403300CD003403D00C403300CD002F
:104220003403D00C403300CD003403D00C403300B5
:10423000CD003403D00C403300CD003403D00C400B
:104240004B200C000000000017A815005F007C0147
:10425000F005C017005F007C01F005C017005F008B
:104260007C01F005C017005F007C01F005C017005D
:104270005F007C01F005C017005F007C01F005C005
:104280005F20060000000000120007001F007C00F5
:10429000F001C007001F007C00F001C007001F00F4
:1042A0007C00F001C007001F007C00F001C0070087
:1042B0001F007C00F001C007001F007C00F001C05F
:1042C0004B000C0000000000100827009F007C023B
:1042D000F009C027009F007C02F009C027009F0062
:1042E0007C02F009C027009F007C02F009C0270073
:1042F0009F007C02F009C027009F007C02F009C0EB
:1043000043200C0000000000012026009D007402E4
:10431000D0094027009D007402D0094027009D006D
:104320007402D0094027009D007402D00940270084
:104330009D007402D0094027009D007402D00940FE
:10434000070008000000000018A024009D0074026F
:10435000D0094027009D007402D0094027009D002D
:104360007402D0094027009D007402D00940270044
:104370009D007402D0094027009D007402D00940BE
:104380006300020000000000102020008D003402B5
:10439000D0084023008D003402D0084023008D0057
:1043A0003402D0084023008D003402D0084023009E
:1043B0008D003402D0084023008D003402D0084024
:1043C00043800000000000001DB006001F007C00BC
:1043D000F001C007001F007C00F001C007001F00B3
:1043E0007C00F001C007001F007C00F001C0070046
:1043F0001F007C00F001C007001F007C00F001C01E
:1044000077C00A000000000019B127009F007C025D
:10441000F009C027009F007C02F009C027009F0020
:104420007C02F009C027009F007C02F009C0270031
:104430009F007C02F009C027009F007C02F009C0A9
:1044400067600E000000000018A027009F007C029B
:10445000F009C027009F007C02F009C027009F00E0
:104460007C02F009C027009F007C02F009C02700F1
:104470009F007C02F009C027009F007C02F009C069
:1044800063000E00000000001C0807001D007400FF
:10449000D0014007001D007400D0014007001D003E
:1044A0007400D0014007001D007400D001400700D7
:1044B0001D007400D0014007001D007400D00140B1
:1044C00073200C000000000012A023008D003402B5
:1044D000D0084023008D003402D0084023008D0016
:1044E0003402D0084023008D003402D0084023005D
:1044F0008D003402D0084023008D003402D00840E3
:1045000043800E0000000000188825009D00740202
:10451000D0094027009D007402D0094027009D006B
:104520007402D0094027009D007402D00940270082
:104530009D007402D0094027009D007402D00940FC
:10454000632006000000000005A827009F007C02F1
:10455000F009C027009D007C02F009C027009F00E1
:104560007C02F009C027009F007C02F009C02700F0
:104570009D007C02F009C027009F007C02F009C06A
:1045800017200E0000000000168025009F007C020E
:10459000F009C027009F007C02F009C027009F009F
:1045A0007C02F009C027009F007C02F009C02700B0
:1045B0009F007C02F009C027009F007C02F009C028
:1045C0005300060000000000140805001F007C00D6
:1045D000F001C007001F007C00F001C007001F00B1
:1045E0007C00F001C007001F007C00F001C0070044
:1045F0001F007C00F001C007001F007C00F001C01C
:10460000532004000000000014A014005D00740199
:10461000D00540170057007401D0054017005D0019
:104620007401D0054017005D007401D005401700EB
:104630005D007401D0054017005D007401D0054095
:10464000530002000000000014A03200CD00360329
:10465000D00C403300CD003403D00C403300CD00EB
:104660003403D00C403300CD003403D00C40330071
:10467000CD003403D00C403300CD003403D00C40C7
:1046800053000A000000000005803800ED00B4036C
:10469000D00E403B00ED00B403D00E403B00ED00D7
:1046A000B403D00E403B00ED00B403D00E403B00FD
:1046B000ED00B403D00E403B00ED00B403D00E403B
:1046C000170002000000000015107800EF01BC0781
:1046D000F01EC07B00EF01BC07F01EC07B00EF01A5
:1046E000BC07F01EC07B00EF01BC07F01EC07B00C2
:1046F000EF01BC07F01EC07B00EF01BC07F01EC03D
:10470000574000000000000010B83500DF007C03B7
:10471000F00DC03700D7007C03F00DC03700DF007C
:104720007C03F00DC03700DF007C03F00DC03700C4
:10473000DF007C03F00DC03700DF007C03F00DC00C
:10474000436006000000000000A07F00FF01FC079E
:10475000F01FC07F00FF01FC07F01FC07F00FF01BA
:10476000FC07F01FC07F00FF01FC07F01FC07F00A7
:10477000FF01FC07F01FC07F00FF01FC07F01FC016
:1047800003000E000000000015883900ED00B4039E
:10479000D00E403B00ED00B403D00E403B00ED00D6
:1047A000B403D00E403B00ED00B403D00E403B00FC
:1047B000ED00B403D00E403B00ED00B403D00E403A
:1047C000572006000000000000003900ED00B4038F
:1047D000D00E403B00ED00B403D00E403B00ED0096
:1047E000B403D00E403B00ED00B403D00E403B00BC
:1047F000ED00B403D00E403B00ED00B403D00E40FA
:10480000030004000000000004283300CD0034033E
:10481000D00C403300CD003403D00C403300CD0029
:104820003403D00C403300CD003403D00C403300AF
:10483000CD003403D00C403300CD003403D00C4005
:1048400013200C000000000015A83500DF007C03D9
:10485000F00DC03700DF007C03F00DC03700DF0033
:104860007C03F00DC03700DF007C03F00D40370003
:10487000DF007C03F00DC03700DF007C03F00DC0CB
:10488000572006000000000001003700DF007C0315
:10489000F00DC03700DF007C03F00DC03700DF00F3
:1048A0007C03F00DC03700DF007C03F00DC0370043
:1048B000DF007C03F00DC03700DF007C03F00DC08B
:1048C00007000C000000000080083F00FF00FC0310
:1048D000F00FC03F00FF00FC03F00FC03F00FF00DF
:1048E000FC03F00FC03F00FF00FC03F00FC03F00CF
:1048F000FF00FC03F00FC03F00FF00FC03F00FC0FF
:1049000003220C000000000001203600DD007403CB
:10491000D00D403700DD007403D00D403700DD00BE
:104920007403D00D403700DD007403D00D40370014
:10493000DD007403D00D403700DD007403D00D405E
:10494000070208000000000001A03400DD0074032D
:10495000D00D403700DD007403D00D403700DD007E
:104960007403D00D403700DD007403D00D403700D4
:10497000DD007403D00D403700DD007403D00D401E
:10498000070002000000000010203000CD003403BA
:10499000900C403300CD003403D00C403300CD00E8
:1049A0003403D00C403300CD003403D00C4033002E
:1049B000CD003403D00C403300CD003403D00C4084
:1049C000438000000000000000B03600DF007C03E0
:1049D000F00DC03700DF007C03F00DC03700DF00B2
:1049E0007C03F00DC03700DF007C03F00DC0370002
:1049F000DF007C03F00DC03700DF007C03F00DC04A
:104A000003C00A000000000005B83F00FF00FC03DF
:104A1000F00FC03F00FF00FC03F00FC03F00FF009D
:104A2000FC03F00FC03F00FF00FC03F00FC03F008D
:104A3000FF00FC03F00FC03F00FF00FC03F00FC0BD
:104A400017400E000000000003A03F00FF00FC0321
:104A5000F00FC03F00FF00FC03F00FC03F00FF005D
:104A6000FC03F00FC03F00FF00FC03F00FC03F004D
:104A7000FF00FC03F00FC03F00FF00FC03F00FC07D
:104A80000F000E000000000001083700DD00740375
:104A9000D00D403700DD007403D00D403700DD003D
:104AA0007403D00D403700DD007403D00D40370093
:104AB000DD007403D00D403700DD007403D00D40DD
:104AC00007200C000000000011A03300CD003403CB
:104AD000D00C403300CD003403D00C403300CD0067
:104AE0003403D00C403300CD003403D00C403100EF
:104AF000CD003403D00C403300CD003403D00C4043
:104B000047800E000000000003A83500DD0074039C
:104B1000D00D403700DD007403D00D403700DD00BC
:104B20007403D00D403700DD007403D00D40370012
:104B3000DD007403D00D403700DD007403D00D405C
:104B40000F2006000000000000A83700DF007C03F3
:104B5000F00DC03700DF007C03F00DC03700DF0030
:104B60007C03F00DC03700DF007C03F00DC0350082
:104B7000DF007C03F00DC03700DF007C03F00DC0C8
:104B80000B200E000000000087803D00FF00FC03AA
:104B9000F00FC03F00FF00FC03F00FC03F00FF001C
:104BA000FC03F00FC03F00FF00FC03F00FC03F000C
:104BB000FF00FC03F00FC03F00FF00FC03F00FC03C
:104BC0001F0006000000000002083500DF007C0323
:104BD000F00DC03700DF007C03F00DC03700DF00B0
:104BE0007C03F00DC03700DF007C03F00DC0370000
:104BF000DF007C03F00DC03700DF007C03F00DC048
:104C00000B2004000000000013A03400DD0074033A
:104C1000D00D403700DD007403D00D403700DD00BB
:104C20007403D00D403700DD007403D00D40370011
:104C3000DD007403D00D403700DD007403D00D405B
:104C40004F0002000000000007A03200CD00340336
:104C5000D00C403300CD003403D00C403300CD00E5
:104C60003403D00C403300C5003403D00C40330073
:104C7000CD003403D00C403300CD003403D00C40C1
:104C80001F000A000000000006807800ED01B40754
:104C9000D01E407B00ED01B407D01E407B00ED012B
:104CA000B407D01E407B00ED01B407D01E407B004E
:104CB000ED01B407D01E407B00ED01B407D01E40CB
:104CC000130002000000000012103000CF003C036F
:104CD000F00CC03300CF003C03F00CC03300CF0019
:104CE0003C03F00CC03300C7003C03F00CC03300A1
:104CF000CF003C03F00CC03300CF003C03F00CC0ED
:104D00004B4000000000000002B83D00FF00FC0323
:104D1000F00FC03F00FF00FC03F00FC03F00FF009A
:104D2000FC03F00FC03F00FF00FC03F00FC03F008A
:104D3000FF00FC03F00FC03F00FF00FC03F00FC0BA
:104D40000B6006000000000015A03700DF007C03A8
:104D5000F00DC03700DF007C03F00DC03700DF002E
:104D60007C03F00DC03700DF007C03F00DC037007E
:104D7000DF007C03F00DC03700DF007C03F00DC0C6
:104D800057000E000000000012883900ED00B40347
:104D9000D00E403B00ED00B403D00E403B00ED00D0
:104DA000B403D00E403B00ED00B403D00E403B00F6
:104DB000ED00B403D00E403B00ED00B403D00E4034
:104DC0004B2006000000000083007900ED01B407CD
:104DD000D01E407B00ED01B407D01E407B00ED01EA
:104DE000B407D01E407B00ED01B407D01E407B000D
:104DF000ED01B407D01E407B00ED01B407D01E408A
:104E00000F0004000000000012283300CD0034031E
:104E1000D00C403300CD003403D00C403300CD0023
:104E20003403D00C403300CD003403D00C403300A9
:104E3000CD003403D00C403300CD003403D00C40FF
:104E40004B200C000000000017A815005F007C013B
:104E5000F005C017005F007C01F005C017005F007F
:104E60007C01F005C017005F007C01F005C0170051
:104E70005F007C01F005C017005F007C01F005C0F9
:104E80005F20060000000000120007001F807C0069
:104E9000F001C007001F007C00F001C007001F00E8
:104EA0007C00F001C007001F007C00F001C007007B
:104EB0001F007C00F001C007001F007C00F001C053
:104EC0004B000C0000000000100827009F007C022F
:104ED000F009C027009F007C02F009C027009F0056
:104EE0007C02F009C027009F007C02F009C0270067
:104EF0009F007C02F009C027009F007C02F009C0DF
:104F000043200C0000000000012026009D007402D8
:104F1000D0094027009D007402D0094027009D0061
:104F20007402D0094027009D007402D00940270078
:104F30009D007402D0094027009D007402D00940F2
:104F4000070008000000000018A024009D00740263
:104F5000D0094027009D007402D0094027009D0021
:104F60007402D0094027009D007402D00940270038
:104F70009D007402D0094027009D007402D00940B2
:104F80006300020000000000102020008D003402A9
:104F9000D0084023008D003402D0084023008D004B
:104FA0003402D0084023008D003402D00840230092
:104FB0008D003402D0084023008D003402D0084018
:104FC00043800000000000001DB006001F007C00B0
:104FD000F001C007001F007C00F001C007001F00A7
:104FE0007C00F001C007001F007C00F001C007003A
:104FF0001F007C00F001C007001F007C00F001C012
:1050000077C00A000000000019B827009F007C024A
:10501000F009C027009F007C02F009C027009F0014
:105020007C02F009C027009F007C02F009C0270025
:105030009F007C02F009C027009F007C02F009C09D
:1050400067600E000000000019A027009F007C028E
:10505000F009C027009F007C02F009C027009F00D4
:105060007C02F009C027009F007C02F009C02700E5
:105070009F007C02F009C027009F007C02F009C05D
:1050800063000E00000000009C0807001D00740073
:10509000D0014007001D007400D0014007001D0032
:1050A0007400D0014007001D007400D001400700CB
:1050B0001D007400D0014007001D007400D00140A5
:1050C00073200C000000000010A023208D2034026B
:1050D000D0084023008D003402D0084023008D000A
:1050E0003402D0084023008D003402D00840230051
:1050F0008D003402D0084023008D003402D00840D7
:1051000043800E000000000018A825009D007402D6
:10511000D0094027009D007402D0094027009D005F
:105120007402D0094027009D007402D00940270076
:105130009D007402D0094027009D007402D00940F0
:105140006320060000000000052825009F007C0267
:10515000F009C027009F007C02F009C027009F00D3
:105160007C02F009C027009F007C02F009C02700E4
:105170009F007C02F009C027009F007C02F009C05C
:1051800017200E0000000000140025009F007C0284
:10519000F009C027009F007C02F009C027009F0093
:1051A0007C02F009C027009F007C02F009C02700A4
:1051B0009F007C02F009C027009F007C02F009C01C
:1051C0005300060000000000140805001F007C00CA
:1051D000F001C007001F007C00F001C007001F00A5
:1051E0007C00F001C007001F007C00F001C0070038
:1051F0001F007C00F001C007001F007C00F001C010
:105200005320040000000000142014005D0074010D
:10521000D0054017005D007401D0054017005D0007
:105220007401D0054017005D007401D005401700DF
:105230005D007401D0054017005D007401D0054089
:10524000530002000000000014A03200CD0034031F
:10525000D00C403300CD003403D00C403300CD00DF
:105260003403D00C403300CD003403D00C40330065
:10527000CD003403D00C403300CD003403D00C40BB
:1052800053000A000000000004803800ED00B40361
:10529000D00E403B00ED00B403D00E403B00ED00CB
:1052A000B403D00E403B00ED00B403D00E403B00F1
:1052B000ED00B403D00E403B00ED00B403D00E402F
:1052C000170002000000000014107800EF01BC0776
:1052D000F01EC07B00EF01BC07F01EC07B00EF0199
:1052E000BC07F01EC07B00EF01BC07F01EC07B00B6
:1052F000EF01BC07F01EC07B00EF01BC07F01EC031
:10530000574000000000000010B83500DF007C03AB
:10531000F00DC03700DF007C03F00DC03700DF0068
:105320007C03F00DC03700DF007C03F00DC03700B8
:10533000DF007C03F00DC03700DF007C03F00DC000
:10534000436006000000000002A07F00FF01FC0790
:10535000F01FC07F00FF01FC07F01FC07F00FF01AE
:10536000FC07F01FC07F00FF01FC07F01FC07F009B
:10537000FF01FC07F01FC07F00FF01FC07F01FC00A
:1053800003000E000000000015883900ED00B40392
:10539000D00E403B00ED00B403D00E403B00ED00CA
:1053A000B403D00E403B00ED00B403D00E403B00F0
:1053B000ED00B403D00E403B00ED00B403D00E402E
:1053C000572006000000000088003900ED00B403FB
:1053D000D00E403B00ED00B403D00E403B00ED008A
:1053E000B403D00E403B00ED00B403D00E403B00B0
:1053F000ED00B403D00E403B00ED00B403D00E40EE
:10540000030004000000000006283300CD00340330
:10541000C00C403300CD003403D00C403300CD002D
:105420003403D00C403300CD003403D00C403300A3
:10543000CD003403D00C403300CD003403D00C40F9
:1054400013200C000000000015A83520DF807C032D
:10545000F10DC03700DF007C03F00DC03700DF0026
:105460007C03F00DC03700DF007C03F00DC0370077
:10547000DF007C03F00DC03700DF007C03F00DC0BF
:10548000572006000000000009003700DF007C0301
:10549000F20DC03700DF007C03F00DC03700DF00E5
:1054A0007C03F00DC03700DF007C03F00DC0370037
:1054B000DF007C03F00DC03700DF007C03F00DC07F
:1054C00007000C000000000089083F00FF00FC03FB
:1054D000F00FC03F00FF00FC03F00FC03F00FF00D3
:1054E000FC03F00FC03F00FF00FC03F00FC03F00C3
:1054F000FF00FC03F00FC03F00FF00FC03F00FC0F3
:1055000003220C000000000081203600DD0074033F
:10551000D00D403700DD007403D00D403700DD00B2
:105520007403D00D403700DD007403D00D40370008
:10553000DD007403D00D403700DD007403D00D4052
:10554000070208000000000001A03600DD0074031F
:10555000D00D403700DD007403D00D403700DD0072
:105560007403D00D403700DD007403D00D403700C8
:10557000DD007403D00D403700DD007403D00D4012
:10558000070002000000000030003000CD003403AE
:10559000900C403300CD003403D00C403300CD00DC
:1055A0003403D00C403300CD003403D00C40330022
:1055B000CD003403D00C403300CD003403D00C4078
:1055C000438000000000000001103600DF007C0373
:1055D000F00DC03700DF007C03F00DC03700DF00A6
:1055E0007C03F00DC03700DF007C03F00DC03700F6
:1055F000DF007C03F00DC03700DF007C03F00DC03E
:1056000003C00A000000000025B83F00FF00FC03B3
:10561000F00FC03F00FF00FC03F00FC03F00FF0091
:10562000FC03F00FC03F00FF00FC03F00FC03F0081
:10563000FF00FC03F00FC03F00FF00FC03F00FC0B1
:1056400017600E000000000003A03F00FF00FC03F5
:10565000F00FC03F00FF00EC03F00FC03F00FF0061
:10566000FC03F00FC03F00FF00FC03F00FC03F0041
:10567000FF00FC03F00FC03F00FF00FC03F00FC071
:105680000F000E000000000001083720DD00740349
:10569000D00D403700DD007403D00D403700DD0031
:1056A0007403D00D403700DD007483D00D40370007
:1056B000DD007403D00D403700DD007403D00D40D1
:1056C0000B600C000000000011A03300CD0034037B
:1056D000D00C403300CD003403D00C403300CD005B
:1056E0003403D00C403300CD003403D00C403300E1
:1056F000CD003403D00C403300CD003403D00C4037
:1057000047800E000000000003A83500DD00740390
:10571000D00D403700DD007403D00D403700DD00B0
:105720007403D00D403700DD007403D00D40370006
:10573000DD007403D00D403700DD007403D00D4050
:105740000B0006000000000000A83700DF007C030B
:10575000F00DC03700DF006C03F00DC03700DF0034
:105760007C03F00DC03700DF007C03F00DC2370072
:10577000DF007C03F00DC03700DF007C03F00DC0BC
:105780008B220E000000000087803D00FF00FC031C
:10579000F00FC03F00FF00FC03F00FC03F00FF0010
:1057A000FC03F00FC03F00FF00FC03F00FC03F0000
:1057B000FF00FC03F00FC03F00FF00FC03F00FC030
:1057C000170006000000000002083500DF007C031F
:1057D000F00DC03700DF007C03F00DC03700DF00A4
:1057E0007C03F00DC03700DF007C03F00DC03700F4
:1057F000DF007C03F00DC03700DF007C03F00DC03C
:105800000B2004000000000013A03400DD0074032E
:10581000D00D403700DD007403D00D403700DD00AF
:105820007403D00D403700DD007403D00D40370005
:10583000DD007403D00D403700DD007403D00D404F
:105840006F0002000000000007A03200CD0034030A
:10585000D00C403300CD003403D00C403300CD00D9
:105860003403D00C403300CD003403D00C4033005F
:10587000CD003403D00C403300CD003403D00C40B5
:105880000F0008000000000006807800ED01B4075A
:10589000D01E407B00ED01B407D01E407B00ED011F
:1058A000B407D01E007B00ED01B407D01E407B0082
:1058B000ED01B407D01E407B00ED01B407D01E40BF
:1058C000332008000000000012103000CF003C031D
:1058D000F00CC03300CF003C03F00CC03300CF000D
:1058E0003C03F00CC03300CF003C03F08CC033000D
:1058F000CF003C03F00CC03300CF003C03F00CC0E1
:105900004B4008000000000002B83D00FF00FC030F
:10591000F00FC03F00FF00FC03F00FC03F00FF008E
:10592000FC03F00FC03F00FF00FC03F00FC23F007C
:10593000FF00FC03F00FC03F00FF00FC03F00FC0AE
:105940000B2006000000000015A03700DF007C03DC
:10595000F00DC03700DF007C03F00DC03700DF0022
:105960007C03F00DC03700DF007C03F00DC0370072
:10597000DF007C03F00DC03700DF007C03F00DC0BA
:1059800043000E000000000012883900ED00B4034F
:10599000D00E403B00ED00B403D00E403B00ED00C4
:1059A000B403D00E403B00ED00B403D00E403B00EA
:1059B000ED00B403D00E403B00ED00B403D00E4028
:1059C0004F6406000000000083007900ED01B40779
:1059D000D01E407B00ED01B407D01E407B00ED01DE
:1059E000B407D01E407B00ED019407D01E407B0021
:1059F000ED01B407D01E407B00ED01B407D01E407E
:105A0000130004000000000012283300CD0034030E
:105A1000D00C403300CD003403D00C403300CD0017
:105A20003403D00C403300CD003403D00C4033009D
:105A3000CD003403D00C403300CD003403D00C40F3
:105A40005B000C000000000017A815005F007C013F
:105A5000F005C017005F007C01F005C017005F0073
:105A60007C01F005C017005F007C01F005C0170045
:105A70005F007C01F005C017005F007C01F005C8E5
:105A80005F200E0000000000120007001F007C00D5
:105A9000F001C007001F007C00F001C007001F00DC
:105AA0007C00F001C007001F007C00F001C007006F
:105AB0001F007C00F001C007001F007C00F001C047
:105AC0004B00060000000000110827009F007C0228
:105AD000F009C027009F007C02F009C027009F004A
:105AE0007C02F009C027009F007C02F009C027005B
:105AF0009F007C02F009C027009F007C02F009C0D3
:105B00004320040000000000012026009D007402D4
:105B1000D0094027009D007402D0094027009D0055
:105B20007402D0094027009D007402D0094027006C
:105B30009D007402D0094027009D007402D00940E6
:105B4000070008000000000018A024009D00740257
:105B5000D0094027009D007402D0094027009D0015
:105B60007402D0094027009D007402D0094027002C
:105B70009D007402D0094027009D007402D00940A6
:105B80007300020000000000102020008D0034028D
:105B9000D0084023008D003402D0084023008D003F
:105BA0003402D0084023008D003402D00840230086
:105BB0008D003402D0084023008D003482D008408C
:105BC00053A00000000000001DB006001F007C0074
:105BD000F001C007001F007C00F001C007001F009B
:105BE0007C00F001C007001F007C00F001C007002E
:105BF0001F007C00F001C007001F007C00F001C006
:105C000077C00A000000000019B827009F007C023E
:105C1000F009C027009F007C02F009C027009F0008
:105C20007C02F009C027009F007C02F009C0270019
:105C30009F007C02F009C027009F007C02F009C091
:105C400067240E000000000019A027009F007C02BE
:105C5000F009C027009F007C02F009C027009F00C8
:105C60007C02F009C027009F007C02F009C02700D9
:105C70009F007C02F009C027009F007C02F009C051
:105C800063000E00000000009C0807001D00740067
:105C9000D0014007001D007400D0014007001D0026
:105CA0007400D0014007001D007400D001400700BF
:105CB0001D007400D0014007001D007400D0014099
:105CC00073600C000000000010A023008D0034025F
:105CD000D0084023008D003402D0084023008D00FE
:105CE0003402D0084023008D003402D00840230045
:105CF0008D003402D0084023008D003402D00840CB
:105D00004B0004000000000018A825009D0074024C
:105D1000D0094027009D007402D0094027009D0053
:105D20007402D0094027009D007402D0094027006A
:105D30009D007402D0094027009D007402D00940E4
:105D4000630004000000000005A827009F007C02FB
:105D5000F009C027009F007C02F009C027009F00C7
:105D60007C02F009C027009D007C02F0094027005A
:105D70009F007C02F009C027009F007C02F009C050
:105D800017200E0000000000148025009F007C02F8
:105D9000F009C027009F007C02F009C027009F0087
:105DA0007C02F009C027009F007C02F009C0270098
:105DB0009F007C02F009C027009F007C02F009C010
:105DC0004B00060000000000140805001F007C00C6
:105DD000F001C007001F007C00F001C007001F0099
:105DE0007C00F001C007001F007C00F001C007002C
:105DF0001F007C00F001C007001F007C00F001C004
:105E0000432004000000000014A014005D00740191
:105E1000D0054017005D007401D0054017005D00FB
:105E20007401D0054017005D007401D005401700D3
:105E30005D007401D0054017005D007401D005407D
:105E4000530002000000000014A03200CD00340313
:105E5000D00C403300CD003403D00C403300CD00D3
:105E60003403D00C403300CD003403D00C40330059
:105E7000CD003403D00C403300CD003403D00C40AF
:105E800053000A000000000005803800ED00B40354
:105E9000D00E403B00ED00B403D00E403B00ED00BF
:105EA000B403D00E403B00ED00B403D00E403B00E5
:105EB000ED00B403D00E403B00ED00B403D00E4023
:105EC000070002000000000015107800EF01BC0779
:105ED000F01EC07B00EF01BC07F01EC07B00EF018D
:105EE000BC07F01EC07B00EF01BC07F01EC07B00AA
:105EF000EF01BC07F01EC07B00EF01BC07F01EC025
:105F0000474000000000000010B83500DF007C03AF
:105F1000F00DC03700DF007C03F00DC03700DF005C
:105F20007C03F00DC03700DF007C03F00DC03700AC
:105F3000DF007C03F00DC03700DF007C03F00DC0F4
:105F4000436006000000000002A07F00FF01FC0784
:105F5000F01FC07F00FF01FC07F01FC07F00FF01A2
:105F6000FC07F01FC07F00FF01FC07F01FC07F008F
:105F7000FF01FC07F01FC07F00FF01FC07F01FC0FE
:105F8000032004000000000015883900ED00B40370
:105F9000D00E403B00ED00B403D00E403B00ED00BE
:105FA000B403D00E403B00ED00B403D00E403B00E4
:105FB000ED00B403D00E403B00ED00B403D00E4022
:105FC000572004000000000018003900ED00B40361
:105FD000D00E403B00ED00B403D00E403B00ED007E
:105FE000B403D00E403B00ED00B403D00E403B00A4
:105FF000ED00B403D00E403B00ED00B403D00E40E2
:10600000030004000000000006283300CD00340324
:10601000D00C403300CD003403D00C403300CD0011
:106020003403D00C403300CD003403D00C40330097
:10603000CD003403D00C403300CD003403D00C40ED
:1060400013000400000000001DA83500DF007C03E1
:10605000F00DC03700DF007C03F00DC03700DF001B
:106060007C03F00DC03700DD007403F00DC0370075
:10607000DF007C03F00DC03700DF007C03F00DC0B3
:10608000570006000000000001003700DF007C031D
:10609000F00DC03700DF007C03F00DC03700DF00DB
:1060A0007C03F00DC03700DF007C03F00DC037002B
:1060B000DF007C03F00DC03700DF007C03F00DC073
:1060C00007000C000000000001083F00FF00FC0377
:1060D000F00FC03F00FF00FC03F00FC03F00FF00C7
:1060E000FC03F00FC03E00FF00FC03F00FC03F00B8
:1060F000FF00FC03F00FC03F00FF00FC03F00FC0E7
:1061000013020C000000000081203600DD00740343
:10611000D00D403700DD007403D00D403700DD00A6
:106120007403D00D403700DD007403D00D403700FC
:10613000DD007403D00D403700DD007403D00D4046
:10614000172208000000000001A03400DD007403E5
:10615000D00D403700DD007403D00D403700DD0066
:106160007403D00D403700DD007403D00D403700BC
:10617000DD007403D00D403700DD007403D00D4006
:10618000070002000000000010203000CD003403A2
:10619000D00C403300CD003403D00C403300CD0090
:1061A0003403D00C403300CD003403D00C40330016
:1061B000C9003403D00C403300CD003403D00C4070
:1061C00043A100000000000001B03608DF007C039E
:1061D000F00DC03700DF007C03F00DC03700DF009A
:1061E0007C03F00DC03600DF007C03F00DC03700EB
:1061F000DF007C03F00DC03700DF007C03F00DC032
:1062000003C10A000000000005B03F00FF00FC03CE
:10621000F00FC03F00FF00FC03F00FC03F00FF0085
:10622000FC03F00FC03F00FF00FC03F00FC03F0075
:10623000FF00FC03F00FC03F00FF00FC03F00FC0A5
:1062400017020E000000000003A03F10FF00FC0337
:10625000F00FC03F00FF00FC03F00FC03F00FF0045
:10626000FC03F00FC03F00FF00FC03F00FC03F0035
:10627000FF00FC03F00FC03F00FF00FC03F00FC065
:106280000F000E000000000003183700DD0074034B
:10629000D00D403700DF007403D00D403700DD0023
:1062A0007403D00D403700DD007403D00D4037007B
:1062B000DD007403D00D403700DD007403D00D40C5
:1062C00007200C000000000013A03300CD003403B1
:1062D000D00C403300CD003403D00C403300CD004F
:1062E0003403D00C403300CD003403D00C403300D5
:1062F000CD003403D00C403300CD003403D00C402B
:1063000047800E000000000003A03500DD0074038C
:10631000D00D403700D5007403D00D403700DD00AC
:106320007403D00D403700DD007403D00D403700FA
:10633000DD007403D00D403700DD007403D00D4044
:106340000F2006000000000082A83700DF007C0359
:10635000F00DC03700DD007C03F00DC03700DF001A
:106360007C03F00DC03700DF007C03F00DC0370068
:10637000DF007C03F00DC03700DF007C03F00DC0B0
:106380000B200E000000000007803D00FF00FC0312
:10639000F00FC03F00FF00FC03F00FC03F00FF0004
:1063A000FC03F00FC03F00FF00FC03F00FC03F00F4
:1063B000FF00FC03F00FC03F00FF00FC03F00FC024
:1063C0001F0006000000000002083500DF007C030B
:1063D000F00DC03700DF007C03F00DC03700DF0098
:1063E0007C03F00DC03700DF007C03F00DC03700E8
:1063F000DF007C03F00DC03700DF007C03F00DC030
:106400000B200400000000001BA03400DD0074031A
:10641000D00D403700DD007403D00D403700DD00A3
:106420007403D00D403700DD007403D00D403700F9
:10643000DD007403D00D403700DD007403D00D4043
:106440004F0002000000000003203200CD003403A2
:10645000D00C403300CD003403D00C403300CD00CD
:106460003403D00C403300CD003403D00C40330053
:10647000CD003403D00C403300CD003403D00C40A9
:106480001F000A00000000001D087A00ED01B4079B
:10649000D01E407B00ED01B407D01E407B00ED0113
:1064A000B407D01E407B00ED01B407D01E407B0036
:1064B000ED01B407D01E407B00ED01B407D01E40B3
:1064C000130002000000000012103200CF003C0355
:1064D000F00CC03300CF003C03F00CC03300CF0001
:1064E0003C03F00CC03300CF003C03F00CC0330081
:1064F000CF003C03F00CC03300CF003C03F00CC0D5
:106500004B4000000000000002A83D00FF00FC031B
:10651000F00FC03F00FF00FC03F00FC03F00FF0082
:10652000FC03F00FC03F00FF00FC03F00FC03F0072
:10653000FF00FC03F00FC03F00FF00FC03F00FC0A2
:106540000B6006000000000010A03700DF007C0395
:10655000F00DC03700DF007C03F00DC03700DF0016
:106560007C03F00DC03700D7007C03F00DC037006E
:10657000DF007C03F00DC03700DF007C03F00DC0AE
:1065800057000E000000000033993900ED00B403FD
:10659000D00E403B00ED00B403D00E403B00ED00B8
:1065A000B403D00E403B00ED00B403D00E403B00DE
:1065B000ED00B403D00E403B00ED00B403D00E401C
:1065C0004B2006000000000004007900ED01B40734
:1065D000D01E407B00ED01B407D01E407B00ED01D2
:1065E000B407D01E407B00E501B407D01E407B00FD
:1065F000ED01B407D01E407B00ED01B407D01E4072
:106600000F0004000000000036203300CD003403EA
:10661000D00C403300CD003403D00C403300CD000B
:106620003403D00C403300CD003403D00C40330091
:10663000CD003403D00C403300CD003403D00C40E7
:106640004B200C000000000017A817005F007C0121
:10665000F005C017005F007C01F005C017005F0067
:106660007C01F005C0170057007C01F005C0170041
:106670005F007C01F005C017005F007C01F005C0E1
:106680005F20060000000000128005001F007C0053
:10669000F001C007001F007C00F001C007001F00D0
:1066A0007C00F001C007001F007C00F001C0070063
:1066B0001F007C00F001C007001F007C00F001C03B
:1066C0004B000C0000000000100825009F007C0219
:1066D000F009C027009F007C02F009C027009F003E
:1066E0005C02F009C027009F007C02F009C027006F
:1066F0009F007C02F009C027009F007C02F009C0C7
:1067000043200C0000000000012026009D007402C0
:10671000D0094027009F007402D0094027009D0047
:106720007402F0094027009D007402D00940270040
:1067300097007402D0094027009D007402D00940E0
:1067400007000800000000001C8024109D00760255
:10675000D0094027009D007402D0094027009D0009
:106760005402D0094027009D007402D00940270040
:106770009D007402D0094027009D007402D009409A
:106780006300020000000000142A20008D00340283
:10679000D00840230085003402D0084023008D003B
:1067A000340250084023008D003402D008402300FA
:1067B00085003402D0084023008D003402D0084008
:1067C00043800000000000001DB006001F007C0098
:1067D000F001C007001D007C00F001C007001F0091
:1067E0005C00D001C007001F007C00F001C0070062
:1067F0001F007C00F001C007001F007C00F001C0FA
:1068000077C00A000000000019A927009F007C0241
:10681000F009C027009F007C02F009C027009F00FC
:106820007C02F009C027009F007C02F009C027000D
:1068300097007C02F009C027009F007C02F009C08D
:1068400067600E000000000018A027009F007C0277
:10685000F009C027009F007C02F009C027009F00BC
:106860007C02F009C027009F007C02F009C02700CD
:106870009F007C02F009C027009F007C02F009C045
:1068800063000E00000000001C1807001D007400CB
:10689000D0014007001D007400D0014007001D001A
:1068A0007400D0014007001D007400D001400700B3
:1068B0001D007400D0014007001D007400D001408D
:1068C00073200C0000000000120021008D00340233
:1068D000D0084023008D003402D0084023008D00F2
:1068E0003402D0084023008D003402D00840230039
:1068F0008D003402D0084023008D003402D00840BF
:1069000043800E0000000000182025009D00740246
:10691000D0094027009D007402D0094027009D0047
:106920007402D0094027009D007402D0094027005E
:106930009D007402D0094027009D007402D00940D8
:10694000632006000000000005A827009F007C02CD
:10695000F009C027009F007C02F009C027009F00BB
:106960007C02F009C027009F007C02F009C02700CC
:106970009F007C02F009C027009F007C02F009C044
:1069800017200E0000000000128025009F007C02EE
:10699000F009C027009F007C02F009C027009F007B
:1069A0007C02F009C027009F007C02F009C027008C
:1069B0009F007C02F009C027009F007C02F009C004
:1069C0005300060000000000100805001F007C00B6
:1069D000F001C007001F007C00F001C007001F008D
:1069E0007C00F001C007001F007C00F001C0070020
:1069F0001F007C00F001C007001F007C00F001C0F8
:106A0000532004000000000014A014005D00740175
:106A1000D0054017005D007401D0054017005D00EF
:106A20007401D0054017005D007401D005401700C7
:106A30005D007401D0054017005D007401D0054071
:106A4000530002000000000014A03200CD00340307
:106A5000D00C403300CD003403D00C403300CD00C7
:106A60003403D00C403300CD003403D00C4033004D
:106A7000CD003403D00C403300CD003403D00C40A3
:106A800053000A000000000001883800ED00B40344
:106A9000D00E403B00ED00B403D00E403B00ED00B3
:106AA000B403D00E403B00ED00B403D00E403B00D9
:106AB000ED00B403D00E403B00ED00B403D00E4017
:106AC000170002000000000011107800EF01BC0761
:106AD000F01EC07B00EF01BC07F01EC07B00EF0181
:106AE000BC07F01EC07B00EF01BC07F01EC07B009E
:106AF000EF01BC07F01EC07B00EF01BC07F01EC019
:106B0000574000000000000010A83500DF007C03A3
:106B1000F00DC03700DF007C03F00DC03700DF0050
:106B20007C03F00DC03700DF007C03F00DC03700A0
:106B3000DF007C03F00DC03700DF007C03F00DC0E8
:106B4000436006000000000000207D00FF01FC07FC
:106B5000F01FC07F00FF01FC07F01FC07F00FF0196
:106B6000FC07F01FC07F00FF01FC07F01FC07F0083
:106B7000FF01FC07F01FC07F00FF01FC07F01FC0F2
:106B800003000E000000000015183900ED00BC03E2
:106B9000D00E403B00ED00B403D00E403B00ED00B2
:106BA000B403D00E403B00ED00B403D00E403B00D8
:106BB000ED00B403D00E403B00ED00B403D00E4016
:106BC000572006000000000000003900ED00B4036B
:106BD000D00E403B00ED00B403D00E403B00ED0072
:106BE000B403D00E403B00ED00B403D00E403B0098
:106BF000ED00B403D00E403B00ED00B403D00E40D6
:106C0000030004000000000004203100CD00140344
:106C1000D00C403300CD003403D00C403300CD0005
:106C20003403D00C403300CD003403D00C4033008B
:106C3000CD003403D00C403300CD003403D00C40E1
:106C400013200C000000000015A83520DF8074031D
:106C5000F10DC03700DF007C03F00DC03700DF000E
:106C60007C03F00DC03700DF007C03F00DC037005F
:106C7000DF007C03F00DC03700DF007C03F00DC0A7
:106C8000572006000000000001003700DF007C03F1
:106C9000F20DC03700DF007C03F00DC03700DF00CD
:106CA0007C03F00DC03700DF007C03F00DC037001F
:106CB000DF007C03F00DC03700DF007C03F00DC067
:106CC00007000C000000000084083F00FF00FC03E8
:106CD000F00FC03F00FF00FC03F00FC03F00FF00BB
:106CE000FC03F00FC03F00FF00FC03F00FC03F00AB
:106CF000FF00FC03F00FC03F00FF00FC03F00FC0DB
:106D000003220C000000000085203600DD00740323
:106D1000D00D403700DD007403D00D403700DD009A
:106D20007403D00D403700DD007403D00D403700F0
:106D3000DD007403D00D403700DD007403D00D403A
:106D4000070208000000000001A03400DD00740309
:106D5000D00D403700DD007403D00D403700DD005A
:106D60007403D00D403700DD007403D00D403700B0
:106D7000DD007403D00D403700DD007403D00D40FA
:106D8000070002000000000010283000CD0034038E
:106D9000D00C403300CD003403D00C403300CD0084
:106DA0003403D00C403300CD003403D00C4033000A
:106DB000CD003403D00C403300CD003403D00C4060
:106DC000438000000000000000B03600DF007C03BC
:106DD000F00DC03700DF007C03F00DC03700DF008E
:106DE0007C03F00DC03700DF007C03F00DC03700DE
:106DF000DF007C03F00DC03700DF007C03F00DC026
:106E000003C00A000000000085A83F00FF00FC034B
:106E1000F00FC03F00FF00FC03F00FC03F00FF0079
:106E2000FC03F00FC03F00FF00FC03F00FC03F0069
:106E3000FF00FC03F00FC03F00FF00FC03F00FC099
:106E400017600E000000000003A03F00FF00FC03DD
:106E5000F00FC03F00FF00FC03F00FC03F00FF0039
:106E6000FC03F00FC03F00FF00FC23F00FC03F0009
:106E7000FF00FC03F00FC03F00FF00FC03F00FC059
:106E80000F000E000000000001083780DD007403D1
:106E9000700DC03500DD007403D00D403700DD00FB
:106EA0007403D00D403700DD00F42BD0AF40370025
:106EB000DD007403D00D403700DD007403D00D40B9
:106EC00007200C000000000011A03300CD003403A7
:106ED000D00C403300CD003403D00C403300CD0043
:106EE0003403D00C403300CD003413DA0C403300AF
:106EF000CD003403D00C403300CD003403D00C401F
:106F000047800E000000000003A83500DD00740378
:106F1000D00D403700DD007403D00D403700DD0098
:106F20007403D00D403700DD007403D00D403700EE
:106F3000DD007403D00D403700DD007403D00D4038
:106F40000F2006000000000000A83700DD007C03D1
:106F5000F00DC03700DF007C03F00DC03700DF000C
:106F60007C03F00DC03700DF007C03F20DC2370058
:106F7000DF007C03F00D403700DF007C03F00DC024
:106F80000B200E000000000087803D00FF00FC0386
:106F9000700FC03D00FF00FC03F00FC03F00FF007A
:106FA000FC03F00FC03F00FF00FC03F00FC03F00E8
:106FB000FF00FC03F00FC03F00FF00FC03F00FC018
:106FC0001F0006000000000002083500DF007C03FF
:106FD000F00DC03700DF007C03F00DC03700DF008C
:106FE0007C03F00DC03700DF007C03F00DC03700DC
:106FF000DF007C03F00DC03700DF007C03F00DC024
:107000000B2004000000000013A03400DD00740316
:10701000D00D403700DD007403D00D403700DD0097
:107020007403D00D423700DD00F403D00F40370069
:10703000DD005C03D00D403700DD007403D00D404F
:107040004F0002000000000007A03200CD00340312
:10705000D00C403300CD003403D00C403300CD00C1
:107060003403D00C403300CD003403D00C40330047
:10707000CD003403D00C403300CD003403D00C409D
:107080001F000A000000000006807800ED01B40730
:10709000D01E407B00ED01B407D01E407B00ED0107
:1070A000B407D01E407B00ED01B407D81E407B0022
:1070B000ED019407D01E407B00ED01B407D01E40C7
:1070C000130002000000000012103000CF003C034B
:1070D000F00CC03300CF003C03F00CC03300CF00F5
:1070E0003C03F00C403300CF003C03F08CC0330075
:1070F000CF003C03F00CC03300CF003C03F00CC0C9
:107100004B4000000000000002B83D00FF00FC03FF
:10711000F00FC03F00FF00FC03F00FC03F00FF0076
:10712000FC03F00FC03F00FF00FC0BF20FC33F0059
:10713000FF00DC03F00FC03F00FF00FC03F00FC0B6
:107140000B6006000000000015A83700DF007C037C
:10715000F00DC03700DF007C03F00DC03700DF000A
:107160007C03F00DC03700DF007C2FF00DE137000D
:10717000DF007C03F00DC03700DF007C03F00DC0A2
:1071800057200E000000000012983900ED00B403F3
:10719000D00E403B00ED00B403D00E403B00ED00AC
:1071A000B403D80E403B00ED00B413D04E403B007A
:1071B000ED00B403D00E403B00ED00B403D20E400E
:1071C0004B2006000000000083007900ED01B407A9
:1071D000D01E407B00ED01B407D01E407B00ED01C6
:1071E000B407D01E407B00ED81B693D05E487B0093
:1071F000ED01B407D01E407B00ED01B407D01E4066
:107200000F0004000000000012203300CD00340302
:10721000D00C403300CD003403D00C403300CD00FF
:107220003403D00C403300CD003403D00C40330085
:10723000CD003403D00C403300CD003403D00C40DB
:107240004B000C000000000017A015005F007C013F
:10725000F005C017005F007C01F005C017005F005B
:107260007C01F005C017005F007C01F005C017002D
:107270005F007C01F005C017005F007C01F005C0D5
:107280005F00060000000000120007001F007C00E5
:10729000F001C007001F007C00F001C007001F00C4
:1072A0007C00F001C007001F007C00F001C0070057
:1072B0001F007C00F001C007001F007C00F001C02F
:1072C0004B000C0000000000110027009F007C0212
:1072D000F009C027009F007C02F009C027009F0032
:1072E0007C02F009C027009F003C023009C0270043
:1072F0009F007C02F009C027009F007C02F009C0BB
:1073000043000C0000000000012026009D007402D4
:10731000D0094027009D007402D0094027009D003D
:107320007402D0094027009D007402100940270014
:107330009D007402D0094027009D007402D00940CE
:10734000070008000000000018A024009D0074023F
:10735000D0094027009D007402D0094027009D00FD
:107360007402D0094027009D0074021009402700D4
:107370009D007402D0094027009D007402D009408E
:107380006320020000000000102020008D00340265
:10739000D0084023008D003402D0084023008D0027
:1073A0003402D0084023008D00345210484123009D
:1073B0008D003402D0084023008D003402D00840F4
:1073C00043800000000000001DB006001F007C008C
:1073D000F001C007001F007C00F001C007001F0083
:1073E0007C00F001C007001F007C103041C0070086
:1073F0001F007C00F001C007001F007C00F001C0EE
:1074000077C00A000000000019B827009F007C0226
:10741000F009C027009F007C02F009C027009F00F0
:107420007C02F009C027009F007C52F009C02700B1
:107430009F007C02F009C027009F007C02F009C079
:1074400067400E000000000019A027009F007C028A
:10745000F009C027009F007C02F009C027009F00B0
:107460007C02F009C027009F007C4A3009C0270039
:107470009F007C02F009C027009F007C02F009C039
:1074800063000E00000000009C0807001D0074004F
:10749000D0014007001D007400D0014007001D000E
:1074A0007400D0014007001D00741050A140070077
:1074B0001D007400D0014007001D007400D0014081
:1074C00073000C000000000030A023008D00340287
:1074D000D0084023008D003402D0084023008D00E6
:1074E0003402D0084023008D0034021008402300ED
:1074F0008D003402D0084023008D003402D00840B3
:1075000043A00E000000000018A825009D00740292
:10751000D0094027009D007402D00940270099003F
:107520007402D0094027009D0074025009402700D2
:107530009D007402D0094027009D007402D00940CC
:10754000632006000000000005A827009F007C02C1
:10755000F009C027009F007C02F009C027009F00AF
:107560007C02F009C027009D007C023009C0270082
:107570009F007C02F009C027009F007C02F009C038
:1075800017200E0000000000148025009F007C02E0
:10759000F009C027009F007C02F009C027009F006F
:1075A0007C02F009C027009F007C02F009C0270080
:1075B0009F007C02F009C027009F007C02F009C0F8
:1075C0005300060000000000140805001F007C00A6
:1075D000F001C007001F007C00F001C007001F0081
:1075E0007C00F001C007001F003C00F001400700D4
:1075F0001F007C00F001C007001F007C00F001C0EC
:10760000532004000000000014A014005D00740169
:1076100090054017005D007401D0054017005D0023
:107620007401D0054017005D007401D005401700BB
:107630005D007401D0054017005D007401D0054065
:10764000530002000000000014A03200CD003403FB
:10765000D00C403300CD003403D00C403300CD00BB
:107660003403D00C403300CD003403D00C4233003F
:10767000CD003403D00C403300CD003403D00C4097
:1076800053000A000000000005803800ED00B4033C
:10769000D00E403B00ED00B403D00E403B00ED00A7
:1076A000B403D00E403B00ED00B413D00E403B00BD
:1076B000ED00B403D00E403B00ED00B403D00E400B
:1076C000170002000000000015107800EF01BC0751
:1076D000F01EC07B00EF01BC07F01EC07B00EF0175
:1076E000BC07F01EC07B00EF01BC0FF01EC07B008A
:1076F000EF01BC07F01EC07B00EF01BC07F01EC00D
:10770000570000000000000010B83500DF007C03C7
:10771000B00DC03700DF007C03F00DC03700DF0084
:107720007C03F00DC03700DF007C43F00DC0370054
:10773000DF007C03F00DC03700DF007C03F00DC0DC
:10774000432006000000000002A07F02FF01FC07AA
:10775000F01FC07F00FF01FC07F01FC07F00FF018A
:10776000FC07F01FC07F00FF01FC13304FC07C00FE
:10777000FF01FC07F01FC07F00FF01FC07F01FC0E6
:1077800003000E000000000011883900E600BC0371
:10779000D00E403B00ED00B403900E403B00ED00E6
:1077A000B403D00E403B00ED00F403100E4038004F
:1077B000ED00B403D00E403B00ED00B403D00E400A
:1077C000572006000000000008003908ED00B4034F
:1077D000D00E403B00ED00B403D00E403B00ED0066
:1077E000B403D00E403B00ED00B403100C40380051
:1077F000ED00B403D00E403B00ED00B403D00E40CA
:10780000030004000000000006283300C500140334
:10781000D00C403300CD003403900C403300CD0039
:107820003403D00C403300CD003403100C40300042
:10783000CD003403900C403300CD003403D00C4015
:1078400013200C000000000015883500DF007403D1
:10785000F00DC03700DF007C03F00DC03700DF0003
:107860007C03F00DC03700DF00FC03300DC0340096
:10787000DF007C03F00DC03700DF007C03F00DC09B
:10788000572006000000000029003700DF007C03BD
:10789000F00DC03700DF007C03B00DC03700DF0003
:1078A0007C03F00DC03700DF207C03F00DC03700F3
:1078B000DF007C03F00DC03700DF007C03F00DC05B
:1078C000070008000000000001083F00FF00FC0363
:1078D000F00FC03F00FF00FC03F00FC03F00FF00AF
:1078E000FC03F00FC03F00FF00FC03320EC23C005F
:1078F000FF00FC03F00FC03F00FF00FC03F00FC0CF
:1079000003220C000000000081003600DD0074033B
:10791000700DC03500DD007403D00D403700DF006E
:107920007C03D00D403700DD007403B00DC036007D
:10793000DD007403D00D403700DD007403D00D402E
:10794000070208000000000001A03400DD007403FD
:10795000D00D403700DD007403D00D403700DD004E
:107960007403D00D403700DD003403920D40360023
:10797000DD007403D00D403700DD007403D00D40EE
:10798000070002000000000010203000CD0034038A
:10799000500C403100CD003403D00C403300C50002
:1079A0001403D00C403300CD003403900C4032005F
:1079B000CD003403D00C403300CD003403D00C4054
:1079C000438000000000000001B03600DF007C03AF
:1079D000D00D403700DF007C03F00DC03700DD0024
:1079E0007403F00DC03700DF00FC03B00DC036009B
:1079F000DF007C03F00DC03700DF007C03F00DC01A
:107A000003C00A000000000005B83F00FF00FC03AF
:107A1000F00FC03F00FF00FC03F00FC03F00FF006D
:107A2000FC03F00FC03F00FF00FC03F00F803F009D
:107A3000FF00FC03F00FC03F00FF00FC03F00FC08D
:107A400017600E000000000003A03F20FF00F403B9
:107A5000F00FC03F00FF00FC03F00FC03F00FF002D
:107A6000FC03F00FC03F00FF00FC03F00FC03F001D
:107A7000FF00FC03F00FC03F00FF00FC03F00FC04D
:107A80000F000E000000000003003700DD0074034B
:107A9000D00D403700DD007403D00D403700DD000D
:107AA0007403D00D403700DD007403D00D40370063
:107AB000DD007403D00D403700DD007403D00D40AD
:107AC00007200C000000000013A03300CD00340399
:107AD000D00C403300CD003403D00C403300CD0037
:107AE0003403D00C403300CD003403D00C403300BD
:107AF000CD003403D00C403300CD003403D00C4013
:107B000047800E000000000003A83500DD0074036C
:107B1000D00D403700DD007403D00D403700DD008C
:107B20007403D00D403700DD007403D00D403700E2
:107B3000DD007403D00D403700DD007403D00D402C
:107B40000F2006000000000080A03700DF007C034B
:107B5000F00DC03700DF007C03F00DC03700DF0000
:107B60007C03F00DC03700DF007C03F00DC0370050
:107B7000DF007C03F00DC03700DF007C03F00DC098
:107B80000B200E000000000087883D00FF00FC0372
:107B9000F00FC03F00FF00FC03F00FC03F00FF00EC
:107BA000FC03F00FC03F00FF00FC03F00FC03F00DC
:107BB000FF00FC03F00FC03F00FF00FC03F00FC00C
:107BC0001F0006000000000002083500DF007C03F3
:107BD000F00DC03700DF007C03F00DC03700DF0080
:107BE0007C03F00DC03700DF007C03F00DC03700D0
:107BF000DF007C03F00DC03700DF007C03F00DC018
:107C00000B200400000000001BA03400DD00740302
:107C1000D00D403700DD007403D00D403700DD008B
:107C20007403D00D403700DD007403D00D403700E1
:107C3000DD007403D00D403700DD007403D00D402B
:107C40004F0002000000000003203000CD0034038C
:107C5000D00C403300CD002403D00C403300CD00C5
:107C60003403D00C403300CD003403D00C4033003B
:107C7000CD003403D00C403300CD003403D00C4091
:107C80001F000A00000000001F007800ED01B4078B
:107C9000D01E407B00ED01B407D01E407B00ED01FB
:107CA000B407D01E407B00ED01B407D01E407B001E
:107CB000ED01B407D01E407B00ED01B407D01E409B
:107CC000130002000000000012183008CF003C032F
:107CD000F00CC03300CF003C03F00CC03300CF00E9
:107CE0003C03F00CC03300CF003C03F00CC0330069
:107CF000CF003C03F00CC03300CF003C03F00CC0BD
:107D00004B4000000000000002323D00FF00FC0379
:107D1000F00FC03F00FF00FC03F00FC03F00FF006A
:107D2000FC03F00FC03F00FF00FC03F00FC03F005A
:107D3000FF00FC03F00FC03F00FF00FC03F00FC08A
:107D40000B6006000000000010A03700DF007C037D
:107D5000F00DC03700DF007C03F00DC03700DF00FE
:107D60007C03700DC03700DF007C03F00DC03500D0
:107D7000DF007C03F00DC03700DF007C03F00DC096
:107D800057000E000000000033813900ED00B403FD
:107D9000D00E403B00ED00B403D00E403B00ED00A0
:107DA000B403D00E403B00ED00B403D00E403B00C6
:107DB000ED00B403D00E403B00ED00B403D00E4004
:107DC0004B2006000000000084007900ED01B4079C
:107DD000D01E407B00ED01B407D01E407B00ED01BA
:107DE000B407501E407B00ED01B407D01E407B005D
:107DF000ED01B407D01E407B00ED01B407D01E405A
:107E00000F0004000000000036283300CD003403CA
:107E1000D00C403300CD003403D00C403300CD00F3
:107E20003403D00C403300CD003403D00C40330079
:107E3000CD003403D00C403300CD003403D00C40CF
:107E40004B200C0000000000172015005F007C0193
:107E5000F005C017005F007C01F005C017005F004F
:107E60007C017005C017005F007C01F005C01500A3
:107E70005F007C01F005C017005F007C01F005C0C9
:107E80005F20060000000000120805001F007C00B3
:107E9000F001C007001F007C00F001C007001F00B8
:107EA0007C00F001C007001F007C00F001C007004B
:107EB0001F007C00F001C007001F007C00F001C023
:107EC0004B000C0000000000100825009F007C0201
:107ED000F009C027009F007C02F009C027009F0026
:107EE0005C02F009C027009F007C02F009C0270057
:107EF0009F007C02F009C027009F007C02F009C0AF
:107F000043200C0000000000012026009D007402A8
:107F1000D0094027009D007402D0094027009D0031
:107F20007402D0094027009D005C02D00940270060
:107F30009D007402D0094027009D007402D00940C2
:107F4000070008000000000018A024009D00740233
:107F5000D0094027009D007402D0094027009D00F1
:107F60005402D0094027009D007402D00940270028
:107F70009D007402D0094027009D007402D0094082
:107F80006300020000000000102020008D00340279
:107F9000D0084023008D003402D0084023008D001B
:107FA0003402D0084023008D001402D00840230082
:107FB0008D003402D0084023008D003402D00840E8
:107FC00043800000000000001DB806001F007C0078
:107FD000F001C007001F007C00F0014007001F00F7
:107FE0005C00F001C007001F007C00F001C007002A
:107FF0001F007C00F001C007001F007C00F001C0E2
:1080000077C00A00000000001DB927009F007C0215
:10801000F009C027009F007C02F009C027009F00E4
:108020007C02F009C027009F007C02F009C02700F5
:108030009F007C02F009C027009F007C02F009C06D
:1080400067600E00000000001DA027009F007C025A
:10805000F009C027009F007C02F009C027009F00A4
:108060007C02F009C027009F007C02F009C02700B5
:108070009F007C02F009C027009F007C02F009C02D
:1080800063000E0000000000980007001D0074004F
:10809000D0014007001D007400D0014007001D0002
:1080A0007400D0014007001D007400D0014007009B
:1080B0001D007400D0014007001D007400D0014075
:1080C00073200C0000000000120021008D0034021B
:1080D000D0084023008D003402D0084023008D00DA
:1080E0003402D0084023008D003402D00840230021
:1080F0008D003402D0084023008D003402D00840A7
:1081000043800E0000000000182825009D00740226
:10811000D0094027009D007402D0094027009D002F
:108120007402D0094027009D007402D00940270046
:108130009D007402D0094027009D007402D00940C0
:108140006320060000000000052025009F007C023F
:10815000F009C027009F007C02F009C027009F00A3
:108160007C02F009C027009F007C02F00940270034
:108170009F007C02F009C027009F007C02F009C02C
:1081800017200E0000000000160825009F007C024A
:10819000F009C027009F007C02F009C027009F0063
:1081A0007C02F009C027009F007C02F009C0270074
:1081B0009F007C02F009C027009F007C02F009C0EC
:1081C0005300060000000000140805081F007C0092
:1081D000F001C007001F007C00F001C007001F0075
:1081E0007C00F001C007001F007C00F001C0070008
:1081F0001F007C00F001C007001F007C00F001C0E0
:108200005320040000000000102014005D007401E1
:10821000D0054017005D007401D0054017005D00D7
:108220007401D0054017005D007401D005401700AF
:108230005D007401D0054017005D007401D0054059
:10824000530002000000000010A03200CD003403F3
:10825000D00C403300CD003403D00C403300CD00AF
:108260003403D00C403300CD003403D00C40330035
:10827000CD003403D00C403300CD003403D00C408B
:1082800053000A000000000004803800ED00B40331
:10829000D00E403B00ED00B403D00E403B00ED009B
:1082A000B403D00E403B00ED00B403D00E403B00C1
:1082B000ED00B403D00E403B00ED00B403D00E40FF
:1082C000170002000000000014187800EF01BC073E
:1082D000F01EC07B00EF01BC07F01EC07B00EF0169
:1082E000BC07F01EC07B00EF01BC07F01EC07B0086
:1082F000EF01BC07F01EC07B00EF01BC07F01EC001
:10830000574000000000000010B83500DF007C037B
:10831000F00DC03700DF007C03F00DC03700DF0038
:108320007C03F00DC03700DF007C03F00DC0370088
:10833000DF007C03F00DC03700DF007C03F00DC0D0
:10834000436006000000000006207D00FF01FC07DE
:10835000F01FC07F00FF01FC07F01FC07F00FF017E
:10836000FC07F01FC07F00FF01FC07F01FC07F006B
:10837000FF01FC07F01FC07F00FF01FC07F01FC0DA
:1083800003000E000000000015003900EF00B403E8
:10839000D00E403B00ED00B403D00E403B00ED009A
:1083A000B403D00E403B00ED00B403D00E403B00C0
:1083B000ED00B403D00E403B00ED00B403D00E40FE
:1083C000572006000000000008003900ED00B4034B
:1083D000D00E403B00ED00B403D00E403B00ED005A
:1083E000B403D00E403B00ED00B403D00E403B0080
:1083F000ED00B403D00E403B00ED00B403D00E40BE
:10840000030004000000000002283300C50034030C
:10841000D00C403300CD003403D00C403300CD00ED
:108420003403D00C403300CD003403D00C40330073
:10843000CD003403D00C403300CD003403D00C40C9
:1084400013200C00000000003DA03520DD807C03DF
:10845000F10DC03700DF007C03F00DC03700DF00F6
:108460007C03F00DC03700DF007C03F00DC0370047
:10847000DF007C03F00DC03700DF007C03F00DC08F
:10848000572006000000000005083700DF007C03CD
:10849000F20DC03700DF007C03F00DC03700DF00B5
:1084A0007C03F00DC03700DF007C03F00DC0370007
:1084B000DF007C03F00DC03700DF007C03F00DC04F
:1084C00007000C0000000000A1083F00FF00FC03B3
:1084D000F00FC03F00FF00FC03F00FC03F00FF00A3
:1084E000FC03F00FC03F00FF00FC03F00FC03F0093
:1084F000FF00FC03F00FC03F00FF00FC03F00FC0C3
:1085000003220C0000000000A1213608DD007403E6
:10851000D00D403700DD007403D00D403700DD0082
:108520007403D00D403700DD007403D00D403700D8
:10853000DD007403D00D403700DD007403D00D4022
:10854000070208000000000001A03608DD007403E7
:10855000D00D403700DD007403D00D403700DD0042
:108560007403D00D403700DD007403D00D40370098
:10857000DD007403D00D403700DD007403D00D40E2
:10858000070002000000000010003000CD0034039E
:10859000D00C403300CD003403D00C403300CD006C
:1085A0003403D00C403300CD003403D00C403300F2
:1085B000CD003403D00C403300CD003403D00C4048
:1085C000438000000000000001183600DF007C033B
:1085D000F00DC03700DF007C03F00DC03700DF0076
:1085E0007C03F00DC03700DF007C03F00DC03700C6
:1085F000DF007C03F00DC03700DF007C03F00DC00E
:1086000003C00A000000000085B83F00FF00FC0323
:10861000F00FC03F00FF00FC03F00FC03F00FF0061
:10862000FC03F00FC03F00FF00FC03F00FC03F0051
:10863000FF00FC03F00FC03F00FF00FC03F00FC081
:1086400017600E000000000003A03F00FF00FC03C5
:10865000F00FC03F00FF00FC03F00FC03F00FF0021
:10866000FC03F00FC03F00FF00FC03F00EC03E0013
:10867000FF00FC03F00FC03F00FF00FC03F00FC041
:108680000F000E000000000001083700DD00740339
:10869000700D403700DD007403D00D403700DD0061
:1086A0007403D00D403700DD007443D00D4034001A
:1086B000DD007403D00D403700DD007403D00D40A1
:1086C00007200C000000000011A03300CD0034038F
:1086D000D00C403300CD003403D00C403300CD002B
:1086E0003403D00C403300CD003413D00C403000A4
:1086F000CD003403D00C403300CD003403D00C4007
:1087000047800E000000000003A83500DD00740360
:10871000D00D403700DD007403D00D403700DD0080
:108720007403D00D403700DD007403D00D403400D9
:10873000DD007403D00D403700DD007403D00D4020
:108740000F2006000000000000A83700DF007C03B7
:10875000F00DC03700DF007C03F00DC03700DF00F4
:108760007C03F00DC03700DF007C03F00DC0360045
:10877000DF007C03F00DC03700DF007C03F00DC08C
:1087800003200E000000000087803D00FF00FC0376
:10879000700FC03F00FF00FC03F00FC03F00FF0060
:1087A000FC03F00FC03F00FF00FC03F00FC03F00D0
:1087B000FF00FC03F00FC03F00FF00FC03F00FC000
:1087C0001F0206000000000002083500DF007C03E5
:1087D000F00DC03700DF007C03F00DC03700DF0074
:1087E0007C03F00DC03700DF007C03F00DC03600C5
:1087F000DF007C03F00DC03700DF007C03F00DC00C
:108800000B2004000000000013A03400DD007403FE
:10881000D00D403700DD007403D00D403700DD007F
:108820007403D00D423700DD007483D08C413400D6
:10883000DD007403D00D403700DD007403D00D401F
:108840004F0002000000000007A03200CD003403FA
:10885000D00C403300CD003403D00C403300CD00A9
:108860003403D00C403300CD003403D00C40300032
:10887000CD003403D00C403300CD003403D00C4085
:108880001F000A000000000006807800ED01B40718
:10889000D01E407B00ED01B407D01E407B00ED01EF
:1088A000B407D01E407B00ED01B407D01E4878000D
:1088B000ED01B407D01E407B00ED01B407D01E408F
:1088C0001B0002000000000012103000CF003C032B
:1088D000F00CC03300CF003C03F00CC03300CF00DD
:1088E0003C03F00CC03300CF003C23F28CE430009A
:1088F000CF003C03F00CC03300CF003C03F00CC0B1
:108900004B4000000000000002B83D00FF00FC03E7
:10891000F00FC03F00FF00FC03F00FC03F00FF005E
:10892000FC03F00FC03F00FF00FC83F00FC23D804E
:10893000FF00FC03F00FC03F00FF00FC03F00FC07E
:108940000B6006000000000015A83700DF007C0364
:10895000F00DC03700DF007C03F00DC03700DF00F2
:108960007C03F00DC03700DF007C03F00D00370002
:10897000DF007C03F00DC03700DF007C03F00DC08A
:1089800057000E000000000012983900ED00B403FB
:10899000D00E403B00ED00B403D00E403B00ED0094
:1089A000B403D20E403B00ED00B403D00E403B00B8
:1089B000ED00B403D00E403B00ED00B403D20E40F6
:1089C0004B2006000000000083007900ED01B40791
:1089D000D01E407B00ED01B407D01E407B00ED01AE
:1089E000B407D01E407B00ED01B407D01E407B00D1
:1089F000ED01B407D01E407B00ED01B407501E40CE
:108A00000F0204000000000012203300CD003403E8
:108A1000D00C403300CD003403D00C403300CD00E7
:108A20003403D00C403300CD803403D00C403300ED
:108A3000CD003403D00C403300CD003403D00C40C3
:108A40004B200C000000000017A015005F007C0107
:108A5000F005C017005F007C01F005C017005F0043
:108A60007C01F005C017005F007C01F005C0170015
:108A70005F007C01F005C017005F007C017005C03D
:108A80005F20060000000000120007001F007C00AD
:108A9000F001C007001F007C00F001C007001F00AC
:108AA0007C00F001C007001F007C00F001C8070037
:108AB0001F007C00F001C007001F007C00F001C017
:108AC0004B000C0000000000100027009F007C02FB
:108AD000F009C027009F007C02F009C027009F001A
:108AE0007C02F009C027009F007C02F009C027002B
:108AF0009F007C02F009C027009F007C02F009C0A3
:108B000047200C0000000000012026009D00740298
:108B1000D0094027009D007402D0094027009D0025
:108B20007402D0094027009D007402D0094227003A
:108B30009D007402D0094027009D007402D00940B6
:108B4000070008000000000018A024009D00740227
:108B5000D0094027009D007402D0094027009D00E5
:108B60007402D0094027009D007402D009402700FC
:108B70009D007402D0094027009D007402D0094076
:108B80006300020000000000102020008D0034026D
:108B9000D0084023008D003402D0084023008D000F
:108BA0003402D0084023008D003402D00840230056
:108BB0008D003402D0084023008D003402D00840DC
:108BC00043800000000000001DB006001F007C0074
:108BD000F001C007001F007C00F001C007001F006B
:108BE0007C00F001C007001F007C00F005C00700FA
:108BF0001F007C00F001C007001F007C00F001C0D6
:108C000077C00A000000000039B827009F007C02EE
:108C1000F009C027009F007C02F009C027009F00D8
:108C20007C02F009C027009F007C52F009C0270099
:108C30009F007C02F009C027009F007C02F009C061
:108C400067600E000000000019A027009F0074025A
:108C5000F009C027009F007C02F009C027009F0098
:108C60007C02F009C027009F007802F00BC02700AB
:108C70009F007C02F009C027009F007C02F009C021
:108C800063800600000000009C0807001D007400BF
:108C9000D0014007001D007400D0014007001D00F6
:108CA0007400D0014007001D007410D00140070877
:108CB0001D007400D0014007001D007400D0014069
:108CC00073220C000000000010A023008D0034026D
:108CD000D0084023008D003402D0084023008D00CE
:108CE0003402D0084023008D003452D0084A23803B
:108CF0008D003402D0084023008D003402D008409B
:108D000043800C000000000018A825009D0074029C
:108D1000D0094027009D007402D0094027009D0023
:108D20007402D0094027009D007402D009402780BA
:108D30009D00740290094027009D007402D00940F4
:108D4000632006000000000001A827009F007C02AD
:108D5000F009C027009F007C02F009C027009F0097
:108D60007C02F009C027009F007C02F009C02700A8
:108D70009F207C02F009C027009F007C02D009C020
:108D800017200E0000000000148025109F007C02B8
:108D9000F009C027009F007C02F009C027009F0057
:108DA0007C02F009C027009F007C02F009C0270068
:108DB0009F007C02F009C027009F007C02F009C0E0
:108DC0005300020000000000140805001F007C0092
:108DD000F001C007001F007C00F001C007001F0069
:108DE0007C00F001C007001F007C80F001C4070078
:108DF0001F007C00F001C007001F007C00F001C0D4
:108E0000532004000000000014A014005D00740151
:108E1000D0054017005D007401D0054017005D00CB
:108E20007401D0054017005D007401D0074A170097
:108E300057007401F0054017005D007401D0054033
:108E4000530002000000000014A03200CD003403E3
:108E5000D00C403300CD003403D00C403300CD00A3
:108E60003403D00C403300CD003603D08C60330087
:108E7000CD003403D00C403300CD003403D00C407F
:108E800053000A000000000005803800ED00B40324
:108E9000D00E403B00ED00B403D00E403B00ED008F
:108EA000B403D00E403B00ED00B403D00E403B00B5
:108EB000E500B403500E403B00ED00B403D00E407B
:108EC000170002000000000015107800EF01BC0739
:108ED000F01EC07B00EF01BC07F01EC07B00EF015D
:108EE000BC07D01EC07B00ED01BC57F01EC07B004C
:108EF000EF01BC07D01EC07B00EF01BC07F01EC015
:108F0000574000000000000010B83500DF007C036F
:108F1000F00DC03700DF007C03F00DC03700DF002C
:108F20007C03F00DC03700DF007C0BF00D403700F4
:108F3000DF007C03F00DC03700DF007C03F00DC0C4
:108F4000436006000000000002A07F00FF01FC0754
:108F5000F01FC07F00FF01FC07F01FC07F00FF0172
:108F6000FC07F01FC07F00FF01DC53309FC07F0073
:108F7000FF01FC07F01FC07F00FF01FC07F01FC0CE
:108F80000B000E000000000015883900ED00B4034E
:108F9000D00E403B00ED00B403D00E403B00ED008E
:108FA000B403D00E403B00ED00F403100E403B0034
:108FB000ED00B403D00E403B00ED00B403D00E40F2
:108FC000572006000000000008003900ED00B4033F
:108FD000D00E403B00ED00B403D00E403B00ED004E
:108FE000B403D00E403B00ED009403100E603B0034
:108FF000ED00B403D00E403B00ED00B403D00E40B2
:10900000030004000000000006283300CD003403F4
:10901000D00C403300CD003403D00C403300CD00E1
:109020003403D00C403300CD003403100C40330027
:10903000CD003403D00C403300CD003403D00C40BD
:109040001B200C000000000015883500DF007C03A9
:10905000F00DC03700DF007C03F00DC03700DF00EB
:109060007C03F00DC03700DF00DC03300D42370019
:10907000DF007C03F00DC03700DF007C03F00DC083
:10908000532006000000000001003700DF007C03D1
:10909000F00DC03700DF007C03F00DC03700DF00AB
:1090A0007C03F00DC03700DF007C03F00DC03700FB
:1090B000DF007C03F00DC03700DF007C03F00DC043
:1090C00003000C000000000001083F00FF00FC034B
:1090D000F00FC03F00FF00FC03F00FC03F00FF0097
:1090E000FC03F00FC03F00FF00FC033017C03F003F
:1090F000FF00FC03F00FC03F00FF00FC03F00FC0B7
:1091000003220C000000000081203600DD00740303
:10911000700D403700DD007403D00D403700DF00D4
:109120007403D00D403700DD007403B08D4137006B
:10913000DF007403D00D403700DD007403D00D4014
:10914000070208000000000001A03400DD007403E5
:10915000D00D403700DD007403D00D403700DD0036
:109160007403D00D403700DD00360390094037000E
:10917000DD007403D00D403700DD007403D00D40D6
:10918000030002000000000010203000CD00340376
:10919000500C403300CD003403D00C403300C500E8
:1091A0003403D00C403300CD003403910C40330025
:1091B000CD003403D00C403300CD003403D00C403C
:1091C000438000000000000001B03600DF007C0397
:1091D000D00DC03700DF007C03F00DC03700DD008C
:1091E0007C03D00DC03700DF00FC03B001C03700A6
:1091F000DF007C03F00DC03700DF007C03F00DC002
:1092000007C00A000000000005B83F00FF00FC0393
:10921000F00FC03F00FF00FC03F00FC03F00FF0055
:10922000FC03F00FC03F00FF00FC03F00FE03F0025
:10923000F700FC03F00FC03F00FF00FC03F00FC07D
:1092400017600E000000000003A03F00FF00FC03B9
:10925000F80FC03F00FF00FC03F00FC03F00FF000D
:10926000FC03F00FC03F00FF00FC03F00FC03F0005
:10927000FF00FC03F00FC03F00FF00FC03F00FC035
:109280000F000E000000000003003700DD00740333
:10929000D00D403700DD007403D00D403700DD00F5
:1092A0007403D00D403700DD007403D00D4037004B
:1092B000DD007403D00D403700DD007403D00D4095
:1092C00007200C000000000013A03300CD00340381
:1092D000D00C403300CD003403D00C403300CD001F
:1092E0003403D00C403300CD003403D00C403300A5
:1092F000C5003403D00C403300CD003403D00C4003
:1093000047800E000000000003A83500DD00740354
:10931000D00D403700DD007403D00D403700DD0074
:109320007403D00D403700DD007403D00D403700CA
:10933000DD007403D00D403700DD007403D00D4014
:109340000F2006000000000080A03700DF007C0333
:10935000D00DC03700DF007C03F00DC03700DF0008
:109360007C03F00DC03700DF007C03F00DC0370038
:10937000D7007C03F00DC03700DF007C03F00DC088
:109380000B200E000000000087883D00FF00FC035A
:10939000F00FC03F00FF00FC03F00FC03F00FF00D4
:1093A000FC03F00FC03F00FF00FC03F00FC03F00C4
:1093B000FF00FC03F00FC03F00FF00FC03F00FC0F4
:1093C0001F000600000000000A083520DF807C0333
:1093D000F20DC03700DF007C03F00DC03700DF0066
:1093E0007C03F00DC03700DF007C03F00DC03700B8
:1093F000DF007C03F00DC03700DF007C03F00DC000
:109400000B2004000000000013A03400DD007403F2
:10941000D00D403700DD007403D00D403700DD0073
:109420007403D00D403700DD007403D00D403700C9
:10943000DD007403D00D403700DD007403D00D4013
:109440004F0002000000000007203000CD00340370
:10945000D00C403300CD003403D00C403300CD009D
:109460003403D00C403300CD001403D00C40330043
:10947000CD003403D00C403300CD003403D00C4079
:109480001F000A00000000001F007800ED01B40773
:10949000D01E407B00ED01B407D01E407B00ED01E3
:1094A000B407D01E407B00ED01B407D01E407B0006
:1094B000ED01B407D01E407B00ED01B407D01E4083
:1094C000130002000000000016183000CF003C031B
:1094D000F00CC03300CF003C03F00CC03300CF00D1
:1094E0003C03F00CC03300CF001C03F00CC0330071
:1094F000CF003C03F00CC03300CF003C03F00CC0A5
:109500004B4000000000000002383D00FF00FC035B
:10951000F00FC03F00FF00FC03F00FC03F00FF0052
:10952000FC03F00FC03F00FF00FC03F00FC03F0042
:10953000FF00FC03F00FC03F00FF00FC03F00FC072
:109540000B6006000000000010A83700DF007C035D
:10955000F00DC03700DF007C03F00DC03700DF00E6
:109560007C03F00DC03700DF007C03F00DC0370036
:10957000DF007C03F00DC03700DF007C03F00DC07E
:1095800057000E000000000013813900ED00B40305
:10959000D00E403B00ED00B403D00E403B00ED0088
:1095A000B403D00E403B00ED00B403D00E403B00AE
:1095B000ED00B403D00E403B00ED00B403D00E40EC
:1095C0004B2006000000000084007900ED01B40784
:1095D000D01E407B00ED01B407D01E407B00ED01A2
:1095E000B407D01E407B00ED01B407D01E407B00C5
:1095F000ED01B407D01E407B00ED01B407D01E4042
:109600000F0004000000000012203300CD003403DE
:10961000D00C403300CD003403D00C403300CD00DB
:109620003403D00C403300CD003403D00C40330061
:10963000CD003403D00C403300CD003403D00C40B7
:109640004B200C0000000000172015005F007C017B
:10965000F005C017005F007C01F005C017005F0037
:109660007C01F005C017005F007C01F005C0170009
:109670005F007C01F005C017005F007C01F005C0B1
:109680005F20060000000000120005001F007C00A3
:10969000F001C007001F007C00F001C007001F00A0
:1096A0007C00F001C007001F007C00F001C0070033
:1096B0001F007C00F001C007001F007C00F001C00B
:1096C0004B000C0000000000100025009F007C02F1
:1096D000F009C027009F007C02F009C027009F000E
:1096E0007C02F009C027009F007C02F009C027001F
:1096F0009F007C02F009C027009F007C02F009C097
:1097000043200C0000000000012824009D0074028A
:10971000D0094027009D007402D0094027009D0019
:109720007402D0094027009D007402D00940270030
:109730009D007402D0094027009D007402D00940AA
:10974000070008000000000018A024009D0074021B
:10975000D0094027009D007402D0094027009D00D9
:109760007402D0094027009D007402D009402700F0
:109770009D007402D0094027009D007402D009406A
:109780006300020000000000102020008D00340261
:10979000D0084023008D003402D0084023008D0003
:1097A0003402D0084023008D003402D0084023004A
:1097B0008D003402D0084023008D003402D00840D0
:1097C00043800000000000001DB806001F007C0060
:1097D000F001C007001F007C00F001C007001F005F
:1097E0007C00F001C007001F007C00F001C00700F2
:1097F0001F007C00F001C007001F007C00F001C0CA
:1098000077C00A00000000001DB127009F007C0205
:10981000F009C027009F007C02F009C027009F00CC
:109820007C02F009C027009F007C02F009C02700DD
:109830009F007C02F009C027009F007C02F009C055
:1098400067600E00000000001DA027009F007C0242
:10985000F009C027009F007C02F009C027009F008C
:109860007C02F009C027009F007C02F009C027009D
:109870009F007C02F009C027009F007C02F009C015
:1098800063000E0000000000980005001D00740039
:10989000D0014007001D007400D0014007001D00EA
:1098A0007400D0014007001D007400D00140070083
:1098B0001D007400D0014007001D007400D001405D
:1098C00073200C0000000000122021108D003402D3
:1098D000D0084023008D003402D0084023008D00C2
:1098E0003402D0084023008D003402D00840230009
:1098F0008D003402D0084023008D003402D008408F
:1099000043800E0000000000182825009D0074020E
:10991000D0094027009D007402D0094027009D0017
:109920007402D0094027009D007402D0094027002E
:109930009D007402D0094027009D007402D00940A8
:109940006320060000000000052025009F007C0227
:10995000F009C027009F007C02F009C027009F008B
:109960007C02F009C027009F007C02F009C027009C
:109970009F007C02F009C027009F007C02F009C014
:1099800017200E0000000000160825009F007C0232
:10999000F009C027009F007C02F009C027009F004B
:1099A0007C02F009C027009F007C02F009C027005C
:1099B0009F007C02F009C027009F007C02F009C0D4
:1099C0005300060000000000140805001F007C0082
:1099D000F001C007001F007C00F001C007001F005D
:1099E0007C00F001C007001F007C00F001C00700F0
:1099F0001F007C00F001C007001F007C00F001C0C8
:109A00005320040000000000102014005D007401C9
:109A1000D0054017005D007401D0054017005D00BF
:109A20007401D0054017005D007401D00540170097
:109A30005D007401D0054017005D007401D0054041
:109A4000530002000000000010A03200CD003403DB
:109A5000D00C403300CD003403D00C403300CD0097
:109A60003403D00C403300CD003403D00C4033001D
:109A7000CD003403D00C403300CD003403D00C4073
:109A800053000A000000000004803800EDC0B40359
:109A9000D00E403B00ED00B403D00E403B00ED0083
:109AA000B403D00E403B00ED00B403D00E403B00A9
:109AB000ED00B403D00E403B00ED00B403D00E40E7
:109AC000170002000000000014187800EF01BC0726
:109AD000F01EC07B00EF01BC07F01EC07B00EF0151
:109AE000BC07F01EC07B00EF01BC07F01EC07B006E
:109AF000EF01BC07F01EC07B00EF01BC07F01EC0E9
:109B0000574000000000000010B83500DF007C0363
:109B1000F00DC03700DF007C03F00DC03700DF0020
:109B20007C03F00DC03700DF007C03F00DC0370070
:109B3000DF007C03F00DC03700DF007C03F00DC0B8
:109B4000436006000000000006207D00FF01FC07C6
:109B5000E01FC07F00FF01FC07F01FC07F00FF0176
:109B6000FC07F01FC07F00FF01FC07F01FC07F0053
:109B7000FF01FC07F01FC07F00FF01FC07F01FC0C2
:109B800003000E000000000015003900ED00B403D2
:109B9000900E403B00ED00B403D00E403B00ED00C2
:109BA000B403D00E403B00ED00B403D00E403B00A8
:109BB000ED00B403D00E403B00ED00B403D00E40E6
:109BC000572006000000000008003900ED00B40333
:109BD000D00E403B00ED00B403D00E403B00ED0042
:109BE000B403D00E403B00ED00B403D00E403B0068
:109BF000ED00B403D00E403B00ED00B403D00E40A6
:109C0000030004000000000002283300CD003403EC
:109C1000900C403300CD003403D00C403300CD0015
:109C20003403D00C403300CD003403D00C4033005B
:109C3000CD003403D00C403300CD003403D00C40B1
:109C400013200C000000000035A03500DF007C036D
:109C5000F00DC03700DF007C03F00DC03700DF00DF
:109C60007C03F00DC03700DF007C03F00DC037002F
:109C7000DF007C03F00DC03700DF007C03F00DC077
:109C800057200600000000000D083700DF007C03AD
:109C9000B00DC03700DF007C03F00DC03700DF00DF
:109CA0007C03F00DC03700DF007C03F00DC03700EF
:109CB000DF007C03F00DC03700DF007C03F00DC037
:109CC00007000C0000000000A9093F20FE20FC0353
:109CD000F00FC03F00FF00FC03F00FC03F00FF008B
:109CE000FC03F00FC03F00FF00FC03F00FC03F007B
:109CF000FF00FC03F00FC03F00FF00FC03F00FC0AB
:109D000003220C000000000081203600DD007403F7
:109D1000D00D403700DD007403D00D403700DD006A
:109D20007403D00D403700DD007403D00D403700C0
:109D3000DD007403D00D403700DD007403D00D400A
:109D4000070208000000000001A03608DD007403CF
:109D5000D00D403700DD007403D00D403700DD002A
:109D60007403D00D403700DD007403D00D40370080
:109D7000DD007403D00D403700DD007403D00D40CA
:109D8000070002000000000010003000CD00340386
:109D9000D00C403300CD003403D00C403300CD0054
:109DA0003403D00C403300CD003403D00C403300DA
:109DB000CD003403D00C403300CD003403D00C4030
:109DC000438000000000000001183600DF007C0323
:109DD000F00DC03700DF007C03F00DC03700DF005E
:109DE0007C03F00DC03700DF007C03F00DC03700AE
:109DF000DF007C03F00DC03700DF007C03F00DC0F6
:109E000003C00A000000000005B93F00FF00FC038A
:109E1000F00FC03F00FF00FC03F00FC03F00FF0049
:109E2000FC03F00FC03F00FF00FC03F00FC03F0039
:109E3000FF00FC03F00FC03F00FF00FC03F00FC069
:109E400017600E000000000003A83F00FF00FC03A5
:109E5000F00FC03F00FF00EC03F00FC03F00FF0019
:109E6000FC03F003C00D01E700FC30704BC02F096C
:109E7000380CFC13B00FC03F00F700FC03F00FC01C
:109E80000F000E000000000001083700DD00740321
:109E9000D00D403700DD007403D00D403700DD00E9
:109EA0007403D001420402D10074B0106940A604CA
:109EB000110CF40B100D403700DD007403D00D4081
:109EC00007200C000000000011A03300CD00340377
:109ED000D00C403300CD003403D00C403300CD0013
:109EE0003403D001400100C50034145088450103FB
:109EF00009043423900C403300CD003403D00C40CF
:109F000047800E000000000003A03500DD00740350
:109F1000D00D403700DD007403D00D403700DD0068
:109F20007403D02D4A4400910074841039405400C9
:109F300091037403100D403700DD007403D00D4011
:109F40000F2006000000000000A03700DF007C03A7
:109F5000F00DC03700DF006C03F00DC03700DF00EC
:109F60007C03F011C0C50057007C047011C067016C
:109F70001B037C03B00DC03700D7007C03F00DC07D
:109F800003200E000000000087803D00FF00FC035E
:109F9000F00FC03F00FF00FC03F00FC03F00FF00C8
:109FA000FC03F033C22B00FF22BC02F00AC52B08D1
:109FB0003F00FC03F00FC03F00FF00FC03F00FC0A8
:109FC0001F0206000000000002003500DF007C03D5
:109FD000F00DC03700DF007C03F00DC03700DF005C
:109FE0007C03F02DC0A700DF404C12B009C0370041
:109FF0009F001C03B00DC03700DF007C03F00DC0D4
:10A000000B2004000000000013A83400DD007403DE
:10A01000D00D403700DD007403D00D403700DD0067
:10A020007403D00C402700DD00440A1219C1370028
:10A030009D03C403700D403700DD007403D00D4054
:10A040004F0002000000000007A03200CD003403E2
:10A05000D00C403300CD003403D00C403300CD0091
:10A060003403D000400300CD000400D0286023005A
:10A070000D181403900C403300CD003403D00C4075
:10A080001F000A000000000006807800ED01B40700
:10A09000D01E407B00ED01B407D01E407B00ED01D7
:10A0A000B407D01E007B80FD018407501A407B005E
:10A0B000ED019407501E407B00ED01B407D01E4017
:10A0C0001B2002000000000012103000CF003C03F3
:10A0D000F00CC03300CF003C03F00CC03300CF00C5
:10A0E0003403F000C0B300CD004CE2F088C023027E
:10A0F0001F041C03B00CC03300CF003803F00CC0A9
:10A100004B4000000000000002B03D00FF00FC03D7
:10A11000F00FC03F00FF00FC03F00FC03F00FF0046
:10A12000FC03F00FC03F20FF00FD03B00FC03D084F
:10A13000FF00EC43700FC03F00FF00FC03F00FC0B6
:10A140000B2006000000000015A03700DF007C0394
:10A15000F00DC03700DF007C03F00DC03700DF00DA
:10A160007C03F80DC007005F005001F00980370044
:10A17000DF016C0BF00DC03700DF007C03F10DC078
:10A1800057000E000000000012883900ED00B403F3
:10A19000D00E403B00ED00B403D00E403B00ED007C
:10A1A000B403D10E403B00ED008403D00E603B00B1
:10A1B000ED008453D00E403B00ED00B403D00E40C0
:10A1C0004B2006000000000083007800ED01B4077A
:10A1D000D01E407B00ED01A407D01E407B00ED01A6
:10A1E000B407D01E407B00FD03B60FD03A40FB0001
:10A1F000CD01A487C01E407B00ED01B407D01E40F6
:10A200000F0204000000000012283300CD003403C8
:10A21000D00C403300CD003403D00C403300CD00CF
:10A220003403D02C403300CD13240FD03D40F31124
:10A23000CD060403900C403300CD003403D00C4015
:10A240004B200C000000000037A815005F007C01C7
:10A25000F005C017005F007C01F005C017005F002B
:10A260007C01F0C7C09F006F22F809F037C09F0043
:10A270007D026C01F005C017005F007C01F005C095
:10A280005F20060000000000120007001F007C0095
:10A29000F001C007001F007C00F001C007001F0094
:10A2A0007C00F001C007041F005C18F001C007200B
:10A2B0001F207C00F001C007001F007C00F001C0DF
:10A2C0004B000C0000000000110827009F007C02DA
:10A2D000F009C027009F007C02F009C027009F0002
:10A2E0007C02F009C027009F006C02F019C1260013
:10A2F00098207C02F809C027009F007C02F009C06A
:10A3000043200C0000000000012026009D00740284
:10A31000D0094027009D007402D0094027009D000D
:10A320007402D0094027009D004C02D2194024201D
:10A3300097407402D8094027009D007402D009405C
:10A34000070008000000000018A024009D0074020F
:10A35000D0094027009D007402D0094027009D00CD
:10A360007402D8094027109D004622D24942260097
:10A3700099107402D8094027009D007402D009404A
:10A380006300020000000000102020008D00340255
:10A39000D0084023008D003402D0084023008D00F7
:10A3A0003402D0084023259D000653D05841208513
:10A3B0008D143452D0084023008D003402D0084060
:10A3C00043800400000000001DB006001F007C0058
:10A3D000F001C007001F007C00F0014007001F00D3
:10A3E0007C00D0018007011F004C10F041C206899B
:10A3F0001B047C10D001C007001F007C00F001C0CE
:10A4000077C008000000000019B827009F007C02F8
:10A41000F009C027009F007C02F009C027009F00C0
:10A420007C02F00BC02F00EF00DD52F04B412F8576
:10A43000B7147C82F009C027009F007C02F009C09D
:10A4400067C006000000000019A027009F007C02E2
:10A45000F009C027009F007C02F009C027009F0080
:10A460007C02F009C025048F00FC32E08B402706F7
:10A47000FF147402F009C027009F007C02F009C09D
:10A4800063000E00000000009C0807001D0074001F
:10A49000D0014007001D007400D0014007001D00DE
:10A4A0007400D0014084001D007408D0A1408700D2
:10A4B0001D067400D0014007001D007400D001404B
:10A4C00073220C000000000010A023008D00340255
:10A4D000D0084023008D003402D0084023008D00B6
:10A4E0003402D0094021808D003432D04C602301E9
:10A4F0008D10340AD0084023008D003402D008406B
:10A50000C3800E000000000018A825009D00740202
:10A51000D0094027009D007402D0094027009D000B
:10A520007402D0094824009D007442D009602708B5
:10A530009D20740290094027009D007402D00940BC
:10A54000632006000000000005A827009F007C0291
:10A55000F009C027009F007C02F009C027009F007F
:10A560007C02F008C125049F097C0AF049C06704F9
:10A570009D127482F009C027009F007C02F009C080
:10A580001720000000000000148025009F007C02BE
:10A59000F009C027009F007C02F009C027009F003F
:10A5A0007C02F039C067029F017C02F059C027018C
:10A5B0009F007C02F009C027009F007C02F009C0C8
:10A5C0005300040000000000140805001F007C0078
:10A5D000F001C007001F007C00F001C007001F0051
:10A5E0007C00F021C087001F024C08F001C28708E0
:10A5F00013027C003001C007001F007C00F001C086
:10A60000532004000000000014A014005D00740139
:10A61000D0054017005D007401D0054017005D00B3
:10A620007401D0054017005D00C429D027401700F1
:10A6300071017401B0054017005D007401D0054040
:10A64000530000000000000034A03200CD003403AD
:10A65000D00C403300CD003403D00C403300CD008B
:10A660003403D00C403300CD00040BD02C41330018
:10A67000C14C3403100C403300CD003403D00C40E7
:10A6800053000A000000000005803800ED00B4030C
:10A69000D00E403B00ED00B403D00E403B00ED0077
:10A6A000B403D00E403B00FD018503D00E607F4116
:10A6B000E1003007900E403B00ED00B403D00E40A7
:10A6C000130002000000000015107800EF01BC0725
:10A6D000F01EC07B00EF01BC07F01EC07B00EF0145
:10A6E000BC07F01EC07B00ED218C87F01EC07B01F3
:10A6F000E301BC07301EC07B00EF01BC07F01EC0A9
:10A70000534000000000000010B83500DF007C035B
:10A71000F00DC03700DF007C03F00DC03700DF0014
:10A720007C03F00DC03700DF807C02F00944334326
:10A730005F007C03F00DC03700DF007C03F00DC02C
:10A74000436006000000000002A07F20FF01F80720
:10A75000F01FC07F00FF01FC07F01FC07F00FF015A
:10A76000FC07F01FC07E00F701CC27F09BC0FF0064
:10A77000F321FC07F01FC07F00FF01FC07F01FC0A2
:10A780000B000E000000000015883900EF00B40334
:10A79000D00E403B00ED00B403D00E403B00ED0076
:10A7A000B403D00E403B00ED08842BD00A403B059B
:10A7B000A108B403D00E403B00ED00B403D00E401E
:10A7C000472006000000000008003900ED00B40337
:10A7D000D00E403B00ED00B403D00E403B00ED0036
:10A7E000B403D08E403A06FD00A441D00A423B0893
:10A7F000E110B403D00E403B00ED00B403D00E4096
:10A80000230004000000000006283300C5003403C4
:10A81000D00C403300CD003403D00C403300CD00C9
:10A820003403D01C407380CD12260CD20948770027
:10A8300009013403D00C403300CD003403D00C4068
:10A840005B210C000000000015A83500DD007C0332
:10A85000F00DC03700DF007C03F00DC03700DF00D3
:10A860007C03F06DC0F600DF126D02F029C83F4096
:10A8700093027403F00DC03700DF007C03F00DC0BD
:10A88000532106000000000009003700DF007C03B0
:10A89000F00DC03700DF007C03F00DC03700DF0093
:10A8A0007C03F04DC03701DF405C40F039C0370019
:10A8B00097263C03F00DC03700DF007E03F00DC08B
:10A8C00023000C000000000001083F00FF00FC0313
:10A8D000F00FC03F00FF00FC03F00FC03F00FF007F
:10A8E000FC03F00FC03E20FF00EC02F00BC13E0065
:10A8F000B300EC03300FC03F00FB00FC03F20FC8B5
:10A9000003220C0000000000A1203600DD007403CB
:10A91000D00D403700DD007403D00D403700DD005E
:10A920007403D00D403700CD004404D011403400F2
:10A930001B017403B00D403700DD007403D00D40DF
:10A94000070608000000000001A03400DD007403C9
:10A95000D00D403700DD007403D00D403700DD001E
:10A960007403D00D403700DD006606D039403680D4
:10A9700011117403500D403700DD007403D00D40F9
:10A9800003000A000000000010203000CD00340356
:10A99000D00C403300CD003403D00C403300CD0048
:10A9A0003403D00C403300DD000480D00860300058
:10A9B00009003403900C403300CD003403D00C4028
:10A9C000430000000000000001B03600DF007C03FF
:10A9D000F00DC03700DF007C03F00DC03700DF0052
:10A9E0007C03D00DC03600DD006D00F009C03A00D8
:10A9F00013006803300DC03700DB007C03F00DC08E
:10AA0000074008000000000005B83F00FF00FC03FD
:10AA1000F00FC03F00FF00FC03F00FC03F00FF003D
:10AA2000FC03F00FC83F00EF00FC00F00BC03F003C
:10AA30003F20FC03F00FC03F00FF00FC03F00FC0FD
:10AA400017600E000000000003A03F00FF00FC03A1
:10AA5000F00FC03F00FF00FC03F00FC03F00FF00FD
:10AA6000FC03F00FC03F00FF00FC03F00FC03F00ED
:10AA7000FF00FC03F00FC03F00FF00FC03F00FC01D
:10AA80000F000E000000000005083700DD00740311
:10AA9000D00DC03700DD007403D00D403700DD005D
:10AAA0007403D00D403700DD007403D00D40370033
:10AAB000DD007403D00D403700DD007403D00D407D
:10AAC00007200C000000000011A03300CD0034036B
:10AAD000D00C403300CD003403D00C403300CD0007
:10AAE0003403D00C403300CD003403D00C4033008D
:10AAF000CD003403D00C403300CD003403D00C40E3
:10AB000047800E000000000007883500DD00740358
:10AB1000D00D403500DD007403D00D403700DD005E
:10AB20007403D00D403700DD007403D00D403700B2
:10AB3000DD007403D00D403700DD007403D00D40FC
:10AB40000F2006000000000000A83700DF007C0393
:10AB5000F00D403700DF007C03F00DC03700DF0050
:10AB60007C03F00DC03700DF007C03F00DC0370020
:10AB7000DF007C03F00DC03700DF007C03F00DC068
:10AB80000B200E000000000087803D00FF00FC034A
:10AB9000F00FC03F00FF00FC03F00FC03F00FF00BC
:10ABA000FC03F00FC03F00FF00FC03F00FC03F00AC
:10ABB000FF00FC03F00FC03F00FF00FC03F00FC0DC
:10ABC0001F0006000000000002083500DF007C03C3
:10ABD000F00DC03700DF007C03F00DC03700DF0050
:10ABE0007C03F00DC03700DF007C03F00DC03700A0
:10ABF000DF007C03F00DC03700DF007C03F00DC0E8
:10AC00000B2004000000000013A03400DD007403DA
:10AC1000D80D403700D7007403D00D403700DF0057
:10AC20007403D00D403700DD007403F00D40370091
:10AC3000DD007403D00D403700DD007403D00D40FB
:10AC40004F0002000000000007A03200CD003603D4
:10AC5000D00C403300CD003403D00C403300CD0085
:10AC60003403D00C403300CD003403D00C4033000B
:10AC7000CD003403D00C403300CD003403D00C4061
:10AC80001F000A000000000006807800ED01B407F4
:10AC9000D01E407B00E501B407D01E407B00E501DB
:10ACA000B407D01E407B00ED01B407D01E407B00EE
:10ACB000ED01B407D01E407B00ED01B407D01E406B
:10ACC000130002000000000012103000CF003C030F
:10ACD000D00CC03300CF003C03F00CC03300CD00DB
:10ACE0003C03F00CC03300CF003C03F00CC0330039
:10ACF000CF003C03F00CC03300CF003C03F00CC08D
:10AD00004B4000000000000002B83D00FF00FC03C3
:10AD1000F00FC03F00FF00FC03F00FC03F00FF003A
:10AD2000FC03F00FC03F00FF00FC03700FC03F00AA
:10AD3000FF00FC03F00FC03F00FF00FC03F00FC05A
:10AD40000B6006000000000011A03700DF007C034C
:10AD5000F00DC03700DF007C03F00DC03700DF00CE
:10AD60007C03F00DC03700DF007C03F00DC037001E
:10AD7000DF007C03F00DC03700DF007C03F00DC066
:10AD800057000E000000000012883900EDC0B40327
:10AD9000D00E403B00ED00B403D00E403B00ED0070
:10ADA000B403D00E403B00ED00B403700E403B00F6
:10ADB000ED00B403D00E403B00ED00B403D00E40D4
:10ADC0004B2006000000000083007900ED01B4076D
:10ADD000D01E407B00ED01B407D01E407B00ED018A
:10ADE000B407D01E407B00ED01B407D01E407B00AD
:10ADF000ED01B407D01E407B00ED01B407D01E402A
:10AE00000F0004000000000012283300CD003403BE
:10AE1000D00C403300CD003403D00C403300CD00C3
:10AE20003403D00C403300CD003403500C403300C9
:10AE3000CD003403D00C403300CD003403D00C409F
:10AE40004B200C000000000017A815005F007C01DB
:10AE5000F005C017005F007C01F005C017005F001F
:10AE60007C01F005C017005F007C01F005C01700F1
:10AE70005D007C01F005C017005F007C01F005C09B
:10AE80005F20060000000000120007001F007C0089
:10AE9000F001C007001F007C00F001C007001F0088
:10AEA0007C00F001C007001F007C007001C007009B
:10AEB0001F007C00F001C007001F007C00F001C0F3
:10AEC0004B000C0000000000100827009F007C02CF
:10AED000F009C027009F007C02F009C027009F00F6
:10AEE0007C02F009C027009F007C02F009C0270007
:10AEF0009F007C02F009C027009F007C02F009C07F
:10AF000043200C0000000000012026109D00740268
:10AF1000D0094027009D007402D0094027009D0001
:10AF20007402D0094027009D007402D00940270018
:10AF30009D007402D0094027009D007402D0094092
:10AF4000070008000000000018A024009D00740203
:10AF5000D0094027009D007402D0094027009D00C1
:10AF60007402D0094027009D007402D009402700D8
:10AF70009D007402D0094027009D007402D0094052
:10AF80006300020000000000102020008D00340249
:10AF9000D0084023008D003402D0084023008D00EB
:10AFA0003402D0084023008D003402D00840230032
:10AFB0008D003402D0084023008D003402D00840B8
:10AFC00043800000000000001DB006001F207C0030
:10AFD000F001C007001F007C00F001C007001F0047
:10AFE0007C00F001C007001F007C00F001C00700DA
:10AFF0001F007C00F001C007001F007C00F001C0B2
:10B0000077C00A000000000019B027009F007C02F2
:10B01000F009C027009F007C02F009C027009F00B4
:10B020007C02F009C027009F007C02F009C02700C5
:10B030009F007C02F009C027009F007C02F009C03D
:10B0400067600E000000000019A027009F007C022E
:10B05000F009C027009F007C02F009C027009F0074
:10B060007C02F009C027009F007C02F009C0270085
:10B070009F007C02F009C027009F007C02F009C0FD
:10B0800063000E00000000009C0807001D00740013
:10B09000D0014007001D007400D0014007001D00D2
:10B0A0007400D0014007001D007400D0014007006B
:10B0B0001D007400D0014007001D007400D0014045
:10B0C00073200C000000000010A023008D0034024B
:10B0D000D0084023008D003402D0084023008D00AA
:10B0E0003402D0084023008D003402D008402300F1
:10B0F0008D003402D0084023008D003402D0084077
:10B1000043800E000000000018A825009D00740276
:10B11000D0094027009D007402D0094027009D00FF
:10B120007402D0094027009D007402D00940270016
:10B130009D007402D0094027009D007402D0094090
:10B140006320060000000000052825009F007C0207
:10B15000F009C027009F007C02F009C027009F0073
:10B160007C02F009C027009F007C02F009C0270084
:10B170009F007C02F009C027009F007C02F009C0FC
:10B1800017200E0000000000140025009F007C0224
:10B19000F009C027009F007C02F009C027009F0033
:10B1A0007C02F009C027009F007C02F009C0270044
:10B1B0009F007C02F009C027009F007C02F009C0BC
:10B1C0005300060000000000140805201F807C00CA
:10B1D000E001C007001F007C00F001C007001F0055
:10B1E0007C00F001C007001F007C00F001C00700D8
:10B1F0001F007C00F001C007001F007C00F001C0B0
:10B200005320040000000000142014005D007401AD
:10B21000D0054017005D007401D0054017005D00A7
:10B220007401D0054017005D007401D0054017007F
:10B230005D007401D0054017005D007401D0054029
:10B24000530002000000000014A03200CD003403BF
:10B25000D00C403300CD003403D00C403300CD007F
:10B260003403D00C403300CD003403D00C40330005
:10B27000CD003403D00C403300CD003403D00C405B
:10B2800053000A000000000004803800ED80B40381
:10B29000D00E403B00ED00B403D00E403B00ED006B
:10B2A000B403D00E403B00ED00B403D00E403B0091
:10B2B000ED00B403D00E403B00ED00B403D00E40CF
:10B2C000170002000000000014107800EF01BC0716
:10B2D000F01EC07B00EF01BC07F01EC07B00EF0139
:10B2E000BC07F01EC07B00EF01BC07F01EC07B0056
:10B2F000EF01BC07F01EC07B00EF01BC07F01EC0D1
:10B30000574000000000000010B83520DF007C032B
:10B31000F00DC03700DF007C03F00DC03700DF0008
:10B320007C03F00DC03700DF007C03F00DC0370058
:10B33000DF007C03F00DC03700DF007C03F00DC0A0
:10B34000436006000000000002A07F00FF09FC0728
:10B35000F01FC07F00FF01FC07F01FC07F00FF014E
:10B36000FC07F01FC07F00FF01FC07F01FC07F003B
:10B37000FF01FC07F01FC07F00FF01FC07F01FC0AA
:10B3800003000E000000000015883900ED00B40332
:10B39000D00E403B00ED00B403D00E403B00ED006A
:10B3A000B403D00E403B00ED00B403D00E403B0090
:10B3B000ED00B403D00E403B00ED00B403D00E40CE
:10B3C000572006000000000008003900ED00B60319
:10B3D000D00E403B00ED00B403D00E403B00ED002A
:10B3E000B403D00E403B00ED00B403D00E403B0050
:10B3F000ED00B403D00E403B00ED00B403D00E408E
:10B40000030004000000000006283300CD003403D0
:10B41000D00C403300CD003403D00C403300CD00BD
:10B420003403D00C403300CD003403D00C40330043
:10B43000CD003403D00C403300CD003403D00C4099
:10B4400013200C00000000001DA83500DF007C0365
:10B45000F00DC03700DF007C03F00DC03700DF00C7
:10B460007C03F00DC03700DF007C03F00DC0370017
:10B47000DF007C03F00DC03700DF007C03F00DC05F
:10B48000572006000000000001003700DF007C03A9
:10B49000F00DC03700DF007C03F00DC03700DF0087
:10B4A0007C03F00DC03700DF007C03F00DC03700D7
:10B4B000DF007C03F00DC03700DF007C03F00DC01F
:10B4C00007000C000000000081093F20FF20FC0362
:10B4D000F00FC03F00FF00FC03F00FC03F00FF0073
:10B4E000FC03F00FC03F00FF00FC03F00FC03F0063
:10B4F000FF00FC03F00FC03F00FF00FC03F00FC093
:10B5000003220C0000000000A1203600DD007403BF
:10B51000D00D403700DD007403D00D403700DD0052
:10B520007403D00D403700DD007403D00D403700A8
:10B53000DD007403D00D403700DD007403D00D40F2
:10B54000070208000000000001A03600DD007403BF
:10B55000D00D403700DD007403D00D403700DD0012
:10B560007403D00D403700DD007403D00D40370068
:10B57000DD007403D00D403700DD007403D00D40B2
:10B58000070002000000000010003000CD0034036E
:10B59000D00C403300CD003403D00C403300CD003C
:10B5A0003403D00C403300CD003403D00C403300C2
:10B5B000CD003403D00C403300CD003403D00C4018
:10B5C000438000000000000001103600DF007C0313
:10B5D000F00DC03700DF007C03F00DC03700DF0046
:10B5E0007C03F00DC03700DF007C03F00DC0370096
:10B5F000DF007C03F00DC03700DF007C03F00DC0DE
:10B6000003C00A000000000005B83F00FF00FC0373
:10B61000F00FC03F00FF00FC03F00FC03F00FF0031
:10B62000FC03F00FC03F00FF00FC03F00FC03F0021
:10B63000FF00FC03F00FC03F00FF00FC03F00FC051
:10B6400017600E000000000003A03F00FF00FC0395
:10B65000F00FC03F00FF00FC13F00FC01F00EF0011
:10B66000BC013003C10D04B70CAC03340F403C40A7
:10B67000F300DC8B310FC03F00FF00FC03F00FC074
:10B680000F800E000000000001083700DD00740389
:10B69000D00D403700DF007403D00D401700DD00EF
:10B6A00074011021408400910E4403B08F40341087
:10B6B000F1020413180D403700DD007403D00D4073
:10B6C0000B2004000000000011A03200CD00340364
:10B6D000D00C403300CD00240BD00C402300CD0013
:10B6E0007400100040210085006403104C413400B8
:10B6F000C1161413100C403300CD003403D00C409D
:10B7000047800C000000000003A83500DD00740332
:10B71000D00D403700D5007403D00D403700DD0058
:10B720007401101143240091014483900D50341191
:10B73000D1404403100D403700DD007403D00D40AC
:10B740000B2006000000000002A83700DF007C0389
:10B75000F00DC03700DD007C03F00DC0B704DF0042
:10B760007C4D3011C0D10697016C4F300DC03404B0
:10B77000D3805C03140DC03700DF007C03F00DC0E4
:10B780000B220E000000000007803D00FF00FC03BC
:10B79000F00FC03F00FF00FC03F00FC03F00FF00B0
:10B7A000FC21F40AC25F002F00FC13F00FC07F00E1
:10B7B000FF10FC83F10FC03F00FF00FC03F00FC03F
:10B7C000170006000000000002083500DF007C03BF
:10B7D000F00DC03700DF007C03F00DC0B700DF01C3
:10B7E0004C093009C0B7039F007C0B701CC0F700E8
:10B7F000DB007C03340DC03700DB007C03F00DC0A0
:10B800000B2004000000000013A03400DD007403CE
:10B81000D00D403700DD00F403D00D403700DD00CF
:10B820000417B00940B7009D0134BF10AF40F302C8
:10B83000F1027403180DC03500DD007403D00D4013
:10B840004F0002000000000007A03200CD003403CA
:10B85000D00C403300CD003403D00C403300CD0079
:10B86000040110004233008D083402540C40930050
:10B87000D9007403100C403300C9003403D00C40CD
:10B880001F000A000000000004807800ED01B407EA
:10B89000D01E407B00ED01B407D01E407B00ED03BD
:10B8A000840C901E007B02ED01F407501E424BC039
:10B8B000E101B407001E407900ED01B407D01E403D
:10B8C000130002000000000012103000CF003C0303
:10B8D000F00CC03300CD003C03F00CC02300CF00BF
:10B8E0000C01300CC03300CF003401700CC03302A7
:10B8F000CB083C03100CC03300CB003C03F00CC061
:10B900004B4000000000000002B83D00FF00FC03B7
:10B91000F00FC03F00FF00FC03F00FC03F00FF002E
:10B92000FC01F08FC03F00FF00FC01B00FC12B10E5
:10B93000FF10FC03F00FC03F00FF00FC03F00FC03E
:10B940000B6006000000000015A83700DF007C0334
:10B95000F00DC03700DF00FC23F00DC03700DF0022
:10B960003C017001C037809B006C03F04D01370033
:10B97000DF427803F00DC03700DF007C03F00DC01C
:10B9800057000E000000000032883900ED00B403BB
:10B99000D00E403B00ED00B403D00E403B00ED0064
:10B9A000B400100E403B80F1008C03D00E4A3B00E7
:10B9B000ED0CB403D00E403B00ED00B403D00E40BC
:10B9C0004F2406000000000003007900ED01B407D9
:10B9D000D01E407B00ED01B407D01E407B00ED017E
:10B9E000B407541E40F300E921A407D05E427B0057
:10B9F000ED01B407D01E407B00ED01B407D01E401E
:10BA0000070004000000000012203300CD003403C2
:10BA1000D00C403300CD003403D00C40F306CD00F1
:10BA20003423102C407300C9302403D00C40330061
:10BA3000CD003403D00C403300CD003403D00C4093
:10BA40004F200C000000000017A015005F007C01D3
:10BA5000F005C017005F007C01F005C05B005F00CF
:10BA6000BC097027C25F007B22EC9DF005C09F01DE
:10BA70005F007C01F005C017005F007C01F005C08D
:10BA80005F20060000000000120007001F007C007D
:10BA9000F001C007001F007C00F001C007001F027A
:10BAA0007C04F101C8830817025C0CF221C8C700AE
:10BAB0001F207C00F101C007001F007C00F001C0C6
:10BAC0004B000C0000000000100027009F007C02CB
:10BAD000F009C027009F007C02F009C027009302F4
:10BAE0005C023009C52700970044063059C0270082
:10BAF00093017C02F009C027009F007C02F009C07E
:10BB000043200C0000000000012026009D0074026C
:10BB1000D0094027009D007402D009402700910100
:10BB200074061009402701810104021029412320D5
:10BB30009B057402D8094027009D007402D009407B
:10BB4000070008000000000018A824009D007402EF
:10BB5000D0094027009D007402D009402700919031
:10BB600054061409402780D5045652100940270274
:10BB700091087402D0094227009D007402D0094048
:10BB80006300020000000000102020008D0034023D
:10BB9000D0084023008D003452D008402700810097
:10BBA0003406104841230581141402104841232013
:10BBB00089143402D0084023008D003402D008409C
:10BBC00043800000000000001DB006001F007C0044
:10BBD000F001C007001F007C10F001C00700130037
:10BBE0005C001041C0070157045C003041C01700E1
:10BBF00013047C00D001C007001F007C00F001C0CE
:10BC000077C008000000000019B827009F007C02E0
:10BC1000F009C027009F007C02F009C02F409F0060
:10BC2000FC02F20BC02F00BF14ED02F449C32F0039
:10BC30009F147C52F009C027009F007C02F009C0CD
:10BC400067E406000000000018A027009F007C02A7
:10BC5000F009C027009F007C42F009C02320BF00EC
:10BC6000C0027049C12F44B704CC82F08BC02F00B2
:10BC7000B740740AF009C027009F007C02F009C099
:10BC800063000E00000000001C0807001D00740087
:10BC9000D0014007001D007408D0014007001D00BE
:10BCA0004400102146874011024400D0A140070003
:10BCB00011047410C0014007001D007400D0014041
:10BCC000732008000000000010A023008D00340243
:10BCD000D0084023008D003402D0084023008D009E
:10BCE0000482500840238095560402D24840270021
:10BCF00085123402D0084023008D003402D0084061
:10BD00004B800E000000000018A825009D00740262
:10BD1000D0094027009D007402D0094027009D00F3
:10BD2000442B102940A74091104112D0090027044C
:10BD30009180748290094027009D007402D00940D0
:10BD4000632006000000000005A827009F007C0279
:10BD5000F009C027009F007C02F009C067019F0026
:10BD60004C067019C0274097024C4AF009C0A380C6
:10BD700097207C02F0098027009F007C02F009C018
:10BD800017200E0000000000148025009F007C0298
:10BD9000F009C027009F007C02F009C027099F001E
:10BDA0006D46F089C027009F527C02F009C027042D
:10BDB0009F007C02F009C027009F007C02F009C0B0
:10BDC0005B00060000000000140805001F007C0056
:10BDD000F001C007001F007C00F201C20700130041
:10BDE0007C80B001C0C7201F227C0CF001C007007E
:10BDF00013044C00A001C007001F007C00F001C02C
:10BE0000532004000000000014A014005D00740121
:10BE1000D0054017005D007401D005401700610493
:10BE2000B4091005489B006D01F409D027425F0159
:10BE300071204401D0054017005D007401D0054019
:10BE4000530002000000000014A03200CD003403B3
:10BE5000D00C403300CD003403D00C403300C180FF
:10BE6000342B940C403300CD033402D01C413300FA
:10BE7000C1010403D00C403300CD003403D00C408A
:10BE800053000A000000000005803800ED00B403F4
:10BE9000D00E403B00ED00B403D00E407F402100A7
:10BEA000B403100E40BB00AD10B403D00A453B10E4
:10BEB000E1038413D20E403B00ED00B403D00E40EA
:10BEC000170002000000000015107800EF01BC0709
:10BED000F01EC07B00EF01BC07F01EC07B00E30139
:10BEE000BC04B01EC07B006F01BC05F01AC07B40D3
:10BEF000C2018D47F01EC07B00EF01BC07F01EC0E1
:10BF0000574000000000000010B03500DF007C0347
:10BF1000F00DC03700DF007C03E00DC03740DF804C
:10BF20003C01F40DC037001F007C01F001403300DC
:10BF3000DF207C3BF00DC03700DF006C03F00DC04C
:10BF4000436006000000000000A07F00FF01FC0726
:10BF5000F01FC07F00FF01FC07F01FC07F00FF81C2
:10BF6000BC27701FC86F20FD09BC06741BC0792058
:10BF7000F381FC07F01FC07F00FF01FC07F01FC02A
:10BF800003000E000000000015883900ED00BC031E
:10BF9000D00E403B00ED00B403D00E403B006D00DE
:10BFA000B473100E401B00AD18B401500B403800A4
:10BFB000E100B403D00E403B00ED00B403D00E40CE
:10BFC000572006000000000000003900ED00B40317
:10BFD000D00E403B00ED00A403D00E403B00ED0826
:10BFE000B400500E402B00AD48B441540A40390013
:10BFF0002100B403D00E403B00ED00B403D00E404E
:10C00000030004000000000024283300CD001403C6
:10C01000D00C403300CD003403D00C403300CD00B1
:10C02000340D109C4013008D013481540040600297
:10C0300001003403D00C403300CD003403D00C4059
:10C0400013200C000000000015A83500DF00740369
:10C05000F00DC03700DF007C03F00DC03301DF00BE
:10C060003C03701DC037009F027C075009C075005B
:10C070009300FC03F00DC03700DF007C03F00DC01F
:10C08000572006000000000001003700DF007C039D
:10C09000F00DC03700DF007C03F00DC03700DF0279
:10C0A0007C0BF04DC437009F247C0BF429C0376013
:10C0B0001F027C03F00DC23700DF007C03F00DC0CF
:10C0C00007000C000000000080083E00FF00FC0399
:10C0D000F00FC03F00FF00BC03300FC03F00F7006F
:10C0E000FCC4B00FC05E083F00E807F20AC03C0085
:10C0F000AF00C403B00FC03F00FF00FC03F00FC04F
:10C1000003220C000000000081203600DD007403D3
:10C11000D00D403700DD007403500D403700D106CC
:10C12000740D100D4497241D017467D011409410B4
:10C130001D014403D00D403700DD007403D00D40D5
:10C14000070208000000000001A03400DD007403B5
:10C15000D00D403700DD007403100D403700D508C6
:10C160007412900D4437019D016403D03140B60034
:10C170009D315403900D483700DD007403D00D400D
:10C18000070002000000000010203000CD00340342
:10C19000D00C403300CD003403500C403700C12098
:10C1A0003400100C4013088D003601D000403200DE
:10C1B0000C001403D00C403300CD003403D00C40ED
:10C1C000438000000000000000B03600DF007C0368
:10C1D000F00DC03700DF007C03300DC03700D70002
:10C1E0007C00B00D8016009F806C03F201C0360009
:10C1F0001E00CC03B00DC03700DF007C03F00DC083
:10C2000003C00A000000000005B83F00FF00FC0367
:10C21000F00FC03F00FF00FC03F00FC03F00FB0029
:10C22000FC00F40F841F10BF80FC01F003C02D0040
:10C230003F00EC03F00FC03F00FF00FC03F00FC015
:10C2400017600E000000000003A03F00FF00FC0389
:10C25000F00FC03F00FF00FC03F00FC03F00FF00E5
:10C26000FC03F00FC03F00FF00FC03F00FC03F00D5
:10C27000FF00FC03F00FC03F00FF00FC03F00FC005
:10C280000F000E000000000007003700DD007403FF
:10C29000D00D403700DD007403D00D403700DD00C5
:10C2A0007403D00D403700DD007403D00D4037001B
:10C2B000DD007403D00D403700DD007403D00D4065
:10C2C00007200C000000000013A03300CD00340351
:10C2D000D00C403300CD003403D00C403300CD00EF
:10C2E0003403D00C403300CD003403D00C40330075
:10C2F000CD003403D00C403300CD003403D00C40CB
:10C3000047800E000000000007A83500DD00740320
:10C31000D00D403700DD007403D00D403700DD0044
:10C320007403D00D403700DD007403D00D4037009A
:10C33000DD007403D00D403700DD007403D00D40E4
:10C340000F2006000000000080A03700DF007C0303
:10C35000F00DC03700DF007C03F00DC03700DF00B8
:10C360007C03F00DC03700DF007C03F00DC0370008
:10C37000DF007C03F00DC03700DF007C03F00DC050
:10C380000B200E000000000087883D00FF00FC032A
:10C39000F00FC03F00FF00FC03F00FC03F00FF00A4
:10C3A000FC03F00FC03F00FF00FC03F00FC03F0094
:10C3B000FF00FC03F00FC03F00FF00FC03F00FC0C4
:10C3C0001F0006000000000022083500DF007C038B
:10C3D000F00DC03700DF007C03F00DC03700DF0038
:10C3E0007C03F00DC03700DF007C03F00DC0370088
:10C3F000DF007C03F00DC03700DF007C03F00DC0D0
:10C400000B200400000000001BA03400DD007403BA
:10C41000D00D403700DD007403D00D403700DD0043
:10C420007403D00D403700DD007403D00D40370099
:10C43000DD007403D00D403700DD007403D00D40E3
:10C440004F0002000000000003203000CD00340344
:10C45000D00C403300CD003403D00C403300CD006D
:10C460003403D00C403300CD003403D00C403300F3
:10C47000CD003403D00C403300CD003403D00C4049
:10C480001F000A00000000000F007800ED01B40753
:10C49000D01E407B00ED01B407D01E407B00ED01B3
:10C4A000B407D01E407B00ED01B407D01E407B00D6
:10C4B000ED01B407D01E407B00ED01B407D01E4053
:10C4C000130002000000000012183001CF003C03EE
:10C4D000F00CC03300CF003C03F00CC03300CF00A1
:10C4E0003C03F00CC03300CF003C03F00CC0330021
:10C4F000CF003C03F00CC03300CF003C03F00CC075
:10C500004B4000000000000002383D00FF08FC0323
:10C51000F00FC03F00FF00FC03F00FC03F00FF0022
:10C52000FC03F00FC03F00FF00FC03F00FC03F0012
:10C53000FF00FC03F00FC03F00FF00FC03F00FC042
:10C540000B6006000000000010A03700DF007C0335
:10C55000F00DC03700DF007C03F00DC03700DF00B6
:10C560007C03F00DC03700DF007C03F00DC0370006
:10C57000DF007C03F00DC03700DF007C03F00DC04E
:10C5800057000E000000000013813900ED00B403D5
:10C59000D00E403B00ED00B403D00E403B00ED0058
:10C5A000B403D00E403B00ED00B403D00E403B007E
:10C5B000ED00B403D00E403B00ED00B403D00E40BC
:10C5C0004B2006000000000080007900ED01B40758
:10C5D000D01E407B00ED01B407D01E407B00ED0172
:10C5E000B407D01E407B00ED01B407D01E407B0095
:10C5F000ED01B407D01E407B00ED01B407D01E4012
:10C600000F0004000000000016283300CD003403A2
:10C61000D00C403300CD003403D00C403300CD00AB
:10C620003403D00C403300CD003403D00C40330031
:10C63000CD003403D00C403300CD003403D00C4087
:10C640004B200C0000000000172015005F007C014B
:10C65000F005C017005F007C01F005C017005F0007
:10C660007C01F005C017005F007C01F005C01700D9
:10C670005F007C01F005C017005F007C01F005C081
:10C680005F20060000000000120805001F007C006B
:10C69000F001C007001F007C00F001C007001F0070
:10C6A0007C00F001C007001F007C00F001C0070003
:10C6B0001F007C00F001C007001F007C00F001C0DB
:10C6C0004B000C0000000000100825209F207C0279
:10C6D000F009C027009F007C02F009C027009F00DE
:10C6E0007C02F009C027009F007C02F009C02700EF
:10C6F0009F007C02F009C027009F007C02F009C067
:10C7000043200C0000000000012024009D00740262
:10C71000D0094027009D007402D0094027009D00E9
:10C720007402D0094027009D007402D00940270000
:10C730009D007402D0094027009D007402D009407A
:10C74000070008000000000018A024009D007402EB
:10C75000D0094027009D007402D0094027009D00A9
:10C760007402D0094027009D007402D009402700C0
:10C770009D007402D0094027009D007402D009403A
:10C780006300020000000000102020008D00340231
:10C79000D0084023008D003402D0084023008D00D3
:10C7A0003402D0084023008D003402D0084023001A
:10C7B0008D003402D0084023008D003402D00840A0
:10C7C00043800000000000001DB806001F007C0030
:10C7D000F001C007001F007C00F001C007001F002F
:10C7E0007C00F001C007001F007C00F001C00700C2
:10C7F0001F007C00F001C007001F007C00F001C09A
:10C8000077C00A00000000001DB927009F007C02CD
:10C81000F009C027009F007C02F009C027009F009C
:10C820007C02F009C027009F007C02F009C02700AD
:10C830009F007C02F009C027009F007C02F009C025
:10C8400067600E00000000001DA027009F007C0212
:10C85000F009C027009F007C02F009C027009F005C
:10C860007C02F009C027009F007C02F009C027006D
:10C870009F007C02F009C027009F007C02F009C0E5
:10C8800063000E0000000000980807001D007400FF
:10C89000D0014007001D007400D0014007001D00BA
:10C8A0007400D0014007001D007400D00140070053
:10C8B0001D007400D0014007001D007400D001402D
:10C8C00073200C0000000000120021008D003402D3
:10C8D000D0084023008D003402D0084023008D0092
:10C8E0003402D0084023008D003402D008402300D9
:10C8F0008D003402D0084023008D003402D008405F
:10C9000043800E0000000000182825009D007402DE
:10C91000D0094027009D007402D0094027009D00E7
:10C920007402D0094027009D007402D009402700FE
:10C930009D007402D0094027009D007402D0094078
:10C940006320060000000000052025089F007C02EF
:10C95000F009C027009F007C02F009C027009F005B
:10C960007C02F009C027009F007C02F009C027006C
:10C970009F007C02F009C027009F007C02F009C0E4
:10C9800017200E0000000000160825009F007C0202
:10C99000F009C027009F007C02F009C027009F001B
:10C9A0007C02F009C027009F007C02F009C027002C
:10C9B0009F007C02F009C027009F007C02F009C0A4
:10C9C0005300060000000000140805001F007C0052
:10C9D000F001C007001F007C00F001C007001F002D
:10C9E0007C00F001C007001F007C00F001C00700C0
:10C9F0001F007C00F001C007001F007C00F001C098
:10CA00005320040000000000102014005D00740199
:10CA1000D0054017005D007401D0054017005D008F
:10CA20007401D0054017005D007401D00540170067
:10CA30005D007401D0054017005D007401D0054011
:10CA4000530002000000000010A03200CD003403AB
:10CA5000D00C403300CD003403D00C403300CD0067
:10CA60003403D00C403300CD003403D00C403300ED
:10CA7000CD003403D00C403300CD003403D00C4043
:10CA800053000A000000000004803800ED00B403E9
:10CA9000D00E403B00ED00B403D00E403B00ED0053
:10CAA000B403D00E403B00ED00B403D00E403B0079
:10CAB000ED00B403D00E403B00ED00B403D00E40B7
:10CAC000170002000000000014107800EF01BC07FE
:10CAD000F01EC07B00EF01BC07F01EC07B00EF0121
:10CAE000BC07F01EC07B00EF01BC07F01EC07B003E
:10CAF000EF01BC07F01EC07B00EF01BC07F01EC0B9
:10CB0000574000000000000010B83500DF007C0333
:10CB1000F00DC03700DF007C03F00DC03700DF00F0
:10CB20007C03F00DC03700DF007C03F00DC0370040
:10CB3000DF007C03F00DC03700DF007C03F00DC088
:10CB4000436006000000000006207D00FF01FC0796
:10CB5000F01FC07F00FF01FC07F01FC07F00FF0136
:10CB6000FC07F01FC07F00FF01FC07F01FC07F0023
:10CB7000FF01FC07F01FC07F00FF01FC07F01FC092
:10CB800003000E000000000015003900ED00B403A2
:10CB9000D00E403B00ED00B403D00E403B00ED0052
:10CBA000B403D00E403B00ED00B403D00E403B0078
:10CBB000ED00B403D00E403B00ED00B403D00E40B6
:10CBC000572006000000000088003900ED00B40383
:10CBD000D00E403B00ED00B403D00E403B00ED0012
:10CBE000B403D00E403B00ED00B403D00E403B0038
:10CBF000ED00B403D00E403B00ED00B403D00E4076
:10CC0000030004000000000002283100CD003403BE
:10CC1000D00C403300CD003403D00C403300CD00A5
:10CC20003403D00C403300CD003403D00C4033002B
:10CC3000CD003403D00C403300CD003403D00C4081
:10CC400013200C00000000001DA03520DF807C03B5
:10CC5000F10DC03700DF007C03F00DC03700DF00AE
:10CC60007C03F00DC03700DF007C03F00DC03700FF
:10CC7000DF007C03F00DC03700DF007C03F00DC047
:10CC8000572006000000000025083700DF007C0365
:10CC9000F00DC03700DF007C03F00DC03700DF006F
:10CCA0007C03F00DC03700DF007C03F00DC03700BF
:10CCB000DF007C03F00DC03700DF007C03F00DC007
:10CCC00007000C000000000081083F20FF20FC034B
:10CCD000F00FC03F00FF00FC03F00FC03F00FF005B
:10CCE000FC03F00FC03F00FF00FC03F00FC03F004B
:10CCF000FF00FC03F00FC03F00FF00FC03F00FC07B
:10CD000003220C000000000081203600DD007403C7
:10CD1000D00D403700DD007403D00D403700DD003A
:10CD20007403D00D403700DD007403D00D40370090
:10CD3000DD007403D00D403700DD007403D00D40DA
:10CD4000070208000000000001A03600DD007403A7
:10CD5000D00D403700DD007403D00D403700DD00FA
:10CD60007403D00D403700DD007403D00D40370050
:10CD7000DD007403D00D403700DD007403D00D409A
:10CD8000070002000000000010003000CD00340356
:10CD9000D00C403300CD003403D00C403300CD0024
:10CDA0003403D00C403300CD003403D00C403300AA
:10CDB000CD003403D00C403300CD003403D00C4000
:10CDC000438000000000000001193600DF007C03F2
:10CDD000F00DC03700DF007C03F00DC03700DF002E
:10CDE0007C03F00DC03700DF007C03F00DC037007E
:10CDF000DF007C03F00DC03700DF007C03F00DC0C6
:10CE000003C00A000000000005B83F00FF00FC035B
:10CE1000F00FC03F00FF00FC03F00FC03F00FF0019
:10CE2000FC03F00FC03F00FF00FC03F00FC03F0009
:10CE3000FF00FC03F00FC03F00FF00FC03F00FC039
:10CE400017600E000000000003A03F00FF00FC037D
:10CE5000F00FC03F00FF00FC03F00FC02F02B32013
:10CE6000DC01334FC03D02B714AC21780EC01F0067
:10CE70003394CC83380ED13C00FF00FC03F00FC08C
:10CE80000F200E000000000001083700DD007403D1
:10CE9000D00D403700DD007403D04D41A7101108BC
:10CEA000440010CD41341090264411100D48270045
:10CEB0008512455B502D403400DD007403D00D40D9
:10CEC0000B000C000000000011A03300CD00340363
:10CED000D00C403300CD143403D04C4003428100C9
:10CEE0001401100C403101851024015204603300FC
:10CEF0008100041B100C403000CD003403D00C40E6
:10CF000047800E000000000003A83500DD00740318
:10CF1000D00D403700DD007403D00D40E740910391
:10CF20004409104D40340080110421102548370178
:10CF3000950A4403500D403400DD007403D00D40C9
:10CF40000B0006000000000002A83700DF007C0391
:10CF5000F00DC03700DF007C03F00DC06700130147
:10CF60001D0F3009C0310017216C0B508DE2E70016
:10CF700093034C03100CC03400DF007C03F00DC0A1
:10CF800003020E000000000007803D00FF00FC03CC
:10CF9000F00FC03F00FF00FC03F00FC02B408F10CC
:10CFA000FC23F01AC03F083F80FC03F21FC06F1043
:10CFB000BF01FC03F00FC03F00FF00FC03F00FC0F7
:10CFC000170206000000000002083500DF007C03A5
:10CFD000F00DC03700DF007C03F00DC00700130028
:10CFE0006C173089D074001F037C133405C2B6045B
:10CFF00013024D03300DC23400DF007C03F00DC07E
:10D000008B0004000000000013A03400DD00740356
:10D01000D00D403700DD007403D00D40E7009111C2
:10D020006D0BB0394434809D81740B1085423004FF
:10D03000D100C403B01FC13600DD007403D00D4021
:10D040000F0002000000000027A03200CD003403D2
:10D05000D00C403300CD003403D80C40B34401035E
:10D060002408120841B0840D003403509C40B300E2
:10D0700091805403100C403000CD003403D00C409C
:10D080000F2000000000000004807800ED01B407CC
:10D09000D01E407B00ED01B407D01E407B00210D67
:10D0A000E50590124078002D09F405501A406F40B4
:10D0B00021019407803E407A00EC01B407D01E4065
:10D0C000330000000000000012103000CF003C03CD
:10D0D000F00C403300CD003C03F00CC02705030CDE
:10D0E0002D103009C230000D00344A7104E0B30045
:10D0F00083005C03300CC03000CF003C03F00CC058
:10D100004B6000000000000002B83D00FF00FC037F
:10D11000F00FC03F00FF00FC03F00FC03F207F0C6A
:10D12000BD01F08BC03F003F20F421B00FC8380094
:10D13000BF00EC03F00FC03F00FF00FC03F00FC086
:10D140000B6004000000000015A83700DF007C031E
:10D15000F00DC03700DF007C03F00DC02700930006
:10D160004C01F018C034001F006C03F00DC43700F0
:10D170009F005C03F08DC03600DF007C03F00DC023
:10D1800043000E000000000012883900ED00B403D7
:10D19000D00E403B00ED00B403D00E403F00E10054
:10D1A0008503D2024638007D008401D00A402B005E
:10D1B000AD008413D04E403800ED00B403D00E40D3
:10D1C0004F0406000000000003007900ED01B407E1
:10D1D000D01E407B00ED01B407D01E407B40810192
:10D1E0008487D11B4078006D01A407D01E407B10BE
:10D1F000CD119437D01C407A00ED01B407D01E4009
:10D20000130204000000000012203300CD0034039C
:10D21000D00C403300CD003403D00C407310C10358
:10D220000487D118403400CD920485D20C48730293
:10D230004D020403D00C403200CD003403D00C402A
:10D240005B200C000000000017A015005F007C01AF
:10D25000F005C017005F007C01F005C05F0173138B
:10D26000CD0DF207D114007F21EC41F027C29F00C1
:10D270006F095C01D004E016005F007C01F005C07E
:10D280005F00040000000000120007001F007C0087
:10D29000F001C007001F007C00F001C087301FF0C4
:10D2A0007C2CF221C007001F085C80F131C4C7202C
:10D2B0001F007C00F021C005001F007C00F001C2AF
:10D2C0004B20040000000000100027009F007C029B
:10D2D000F009C027009F007C02F009C0632083048E
:10D2E0004C02FA19C0270087006C46F109C02402DD
:10D2F00093004D02F009C027009E007C02F009C097
:10D300004720040000000000012026009D00740258
:10D31000D0094027A09D007402D0094027119140F8
:10D320004412FAA940A7009100440ED0384021A829
:10D330009B004402D1594024009D007402700940B2
:10D34000070000000000000018A824009D007402DF
:10D35000D0094027089D007402D009602701918000
:10D360004592D00D41270495016612D089482418B2
:10D3700091004402D0896025009D007402D00940CC
:10D380006300020000000000102020008D00340225
:10D39000D0084023008D003402D008602305C1145A
:10D3A0000402504841231081150603D00D4021008E
:10D3B00091140452D0484120008D0034025008409E
:10D3C00043800000000000001DB006001F007C002C
:10D3D000F001C007001D007C00F001C0074113846C
:10D3E0004C80D041C0070017046C00F001C014400D
:10D3F00011044C10F041C007001F007C00F00180B8
:10D4000077E00A000000000019B827009F007C02A6
:10D41000F009C027009F147C02F049C12F05BF000E
:10D42000FC02F04BC12705BFB4FC52F00FC02F0027
:10D43000BF147C52F009C027009F007C027009C015
:10D4400077640E000000000018A027009F007C02F7
:10D45000F009C027009F027C02F089C02802B300B7
:10D46000DC02F00BC82C0ABF68DD02700AC02F80F6
:10D4700097007C22B04AC024009F007C02F009C0C3
:10D4800073800E00000000001C0807001D007400DF
:10D49000D00140070017007400D001428502114AF4
:10D4A0004400D1454104001D0A441010014007000A
:10D4B0000300742050014005001D007400D001409D
:10D4C00063020C000000000010A023008D00340255
:10D4D000D0084023008D003402D1484020018181D2
:10D4E0001506D0294020009D041452520840230004
:10D4F0008D16340290884020008D003402D0084000
:10D500004B8006000000000018A825009D00740252
:10D51000D0094027009D007402D009402544D10065
:10D520004402D0094024009D08450210194067209C
:10D530009980740250090025009D007402D00940B2
:10D54000632004000000000005A827009F007C0263
:10D55000F009C027009F007C02F009C0E40A930391
:10D560005C8AF009D024009E105C027019C023016F
:10D570009E107C02B009C024009F007C02F009C00C
:10D580001700040000000000148025009F007C02AA
:10D59000F009C0270097007C02F009C063008F02E9
:10D5A0007C26F109C027009F007C0AF009C02700F3
:10D5B00097093C02F008C027009F007C02F009C0D8
:10D5C0005B20040000000000140805001F007C0020
:10D5D000F001C007001F007C00F001C0070013012C
:10D5E0004C04F021C007001B027C00F131C0C600D2
:10D5F0001F804C00D801C004001F007C00F001C057
:10D60000532004000000000014A014005D00640119
:10D61000D0054017005D807401D005405F00711295
:10D62000C549D006409F006D00E401D03740DC00C2
:10D630005F204481D8374014005D007401700540BC
:10D64000430000000000000014A03200CD003403AD
:10D65000D00C403300CD003403D00D40F344C12141
:10D660000402D000403301C9007603D01C48620A8E
:10D67000CD800503D87C603100CD003403D00C4050
:10D68000C3000A000000000005803800ED00B4036C
:10D69000D00E403B00ED04B403D00E401B046100EB
:10D6A0008403D20A403B10AD00B403D11E01380000
:10D6B000E5099403D00A613900EC00B403500E4030
:10D6C000130002000000000015107800EF01BC07F5
:10D6D000F01EC07B00EF05BC07F07EC05B00E321BD
:10D6E0008C07D21EC87B20EB01BC05F11EC87A0056
:10D6F000ED058C17D01AC07900EF01BC07F01EC0F1
:10D70000536000000000000010B83500DF006C031B
:10D71000F00DC03700DF017C03F00FC03700CF00F1
:10D720007D03F009C017209F006C00F00D44370006
:10D73000DF026C83F00DD03600DF007C03F00DC0FB
:10D74000436006000000000000A07F00FF01FC070E
:10D75000F01FC07F00FF11DC07E01FC05F00F30176
:10D760009D077112C07C00FF09BC07301AC27E02FF
:10D77000FF03CC47F01BC07C00FF01FC07F01FC07B
:10D780001B2004000000000015883900ED00B403E0
:10D79000D00E403B00FD009403D00E409F1061204E
:10D7A0008402100A403820AD08B403116EC1380E4F
:10D7B000FD008403D00E503800ED00B403D00E40BD
:10D7C000570004000000000000003900ED00B40321
:10D7D000D00E403B00ED008403D00E401B00E1085A
:10D7E0009443500F403800ED00F601140F42180A20
:10D7F000ED008503D00E403800ED00B403D00E409C
:10D80000030004000000000004283300CD003403AE
:10D81000D00C403300CD001403D00C403700C100C1
:10D82000040714084210008C01360C121C40B0088A
:10D83000CD0B4403D000403000CD003403D00C4069
:10D840000B0004000000000035A83500DF007C0359
:10D85000F00DC03700FF005C03F00FC0F740D300AD
:10D860005C097501D03410DE077C26301DC07400C1
:10D87000FF02CC03F009C03400DF007C03F00DC0D0
:10D88000530006000000000001003700DF007C03A9
:10D89000F00DC03700DF007C03F00DC0D7001F91F2
:10D8A0007C03F009C127009F067C20F02DC13711B1
:10D8B000DF047C03F02DC23700DF007C03F00DC0D5
:10D8C00017000C000000000080083E00FF00FC0371
:10D8D000F00FC03F00FF00FC03F00FC01F04D3880F
:10D8E000CC44300BC03C003E01D404F01FC2FF10FA
:10D8F000FF00EC03308FE03C00FB00FC03F00FC0A6
:10D9000003020C000000000081203600DD007403DB
:10D91000900D403700DD007403D00D40E70041005A
:10D92000040B101940C4001D2B44C0D0BD4077002B
:10D93000DD207403B208603400DD007403D00D40B4
:10D94000070208000000000001A03400DD0074039D
:10D95000D00D403700DD007403D00D406700D500C6
:10D96000449B1040409401CD025412D00540370032
:10D97000DD007403100D493400DD007403D00D4048
:10D9800007A002000000000010203000CD0034038A
:10D99000900C403300CD003403D00C400300C50090
:10D9A000440310081200008D001400D00C42330014
:10D9B000CD0034039008403000CD003403D00C403B
:10D9C000430000000000000000B03600DF007C03D0
:10D9D000F00DC03700DF007C03F00DC00700D7005A
:10D9E0004C013009C414001D005C00F00DC017008C
:10D9F000FF206C033109503400DB007C03F00DC0C4
:10DA000003E108000000000005B83F00FF00FC0330
:10DA1000B00FC03F00FF00FC03F00FC03F407B0091
:10DA2000FD02F00BC00F003F00EC80F00FC03F1074
:10DA3000FF00FC03F20EC03F00FF00FC03F00FC02C
:10DA400017610E000000000003A03F00FF00FC0370
:10DA5000F00FC03F00FF00FC03F00FC03F00FF00CD
:10DA6000FC03F00FC03F00FF00FC03F00FC03F00BD
:10DA7000FF00FC03F00FC03F00FF00FC03F00FC0ED
:10DA80000F000E000000000001083700DD007403E5
:10DA9000D00D403700DD007403D00D403700DD00AD
:10DAA0007403D00D403700DD007403D00D40370003
:10DAB000DD007403D00D403700DD007403D00D404D
:10DAC00007200C000000000011A03300CD0034033B
:10DAD000D00C403300CD003403D00C403300CD00D7
:10DAE0003403D00C403300CD003403D00C4033005D
:10DAF000CD003403D00C403300CD003403D00C40B3
:10DB000047800E000000000003A83500DD0074030C
:10DB1000D00D403700DD007403D00D403700DD002C
:10DB20007403D00D403700DD007403D00D40370082
:10DB3000DD007403D00D403700DD007403D00D40CC
:10DB40000F2006000000000004A83700DF007C035F
:10DB5000F00DC03700DF007C03F00DC03700DF00A0
:10DB60007C03F00DC03700DF007C03F00DC03700F0
:10DB7000DF007C03F00DC03700DF007C03F00DC038
:10DB80000B200E000000000087803D00FF00FC031A
:10DB9000F00FC03F00FF00FC03F00FC03F00FF008C
:10DBA000FC03F00FC03F00FF00FC03F00FC03F007C
:10DBB000FF00FC03F00FC03F00FF00FC03F00FC0AC
:10DBC0001F0006000000000002083500DF007C0393
:10DBD000F00DC03700DF007C03F00DC03700DF0020
:10DBE0007C03F00DC03700DF007C03F00DC0370070
:10DBF000DF007C03F00DC03700DF007C03F00DC0B8
:10DC00000B2004000000000013A03400DD007403AA
:10DC1000D00D403700DD007403D00D403700DD002B
:10DC20007403D00D403700DD007403D00D40370081
:10DC3000DD007403D00D403700DD007403D00D40CB
:10DC40004F0002000000000003A03200CD003403AA
:10DC5000D00C403300CD003403D00C403300CD0055
:10DC60003403D00C403300CD003403D00C403300DB
:10DC7000CD003403D00C403300CD003403D00C4031
:10DC80001F000A000000000006807800ED01B407C4
:10DC9000D01E407B00ED01B407D01E407B00ED019B
:10DCA000B407D01E407B00ED01B407D01E407B00BE
:10DCB000ED01B407D01E407B00ED01B407D01E403B
:10DCC000130002000000000016103000CF003C03DB
:10DCD000F00CC03300CF003C03F00CC03300CF0089
:10DCE0003C03F00CC03300CF003C03F00CC0330009
:10DCF000CF003C03F00CC03300CF003C03F00CC05D
:10DD00004B4000000000000002B83D00FF00FC0393
:10DD1000F00FC03F00FF00FC03F00FC03F00FF000A
:10DD2000FC03F00FC03F00FF00FC03F00FC03F00FA
:10DD3000FF00FC03F00FC03F00FF00FC03F00FC02A
:10DD40000B6006000000000015A03700DF007C0318
:10DD5000F00DC03700DF007C03F00DC03700DF009E
:10DD60007C03F00DC03700DF007C03F00DC03700EE
:10DD7000DF007C03F00DC03700DF007C03F00DC036
:10DD800057000E000000000012883900ED00B403B7
:10DD9000D00E403B00ED00B403D00E403B00ED0040
:10DDA000B403D00E403B00ED00B403D00E403B0066
:10DDB000ED00B403D00E403B00ED00B403D00E40A4
:10DDC0004B2006000000000083027910ED01B4072B
:10DDD000D01E407B00ED01B407D01E407B00ED015A
:10DDE000B407D01E407B00ED01B407D01E407B007D
:10DDF000ED01B407D01E407B00ED01B407D01E40FA
:10DE00000F0004000000000012283300CD0034038E
:10DE1000D00C403300CD003403D00C403300CD0093
:10DE20003403D00C403300CD003403D00C40330019
:10DE3000CD003403D00C403300CD003403D00C406F
:10DE40004B200C000000000017A815005F007C01AB
:10DE5000F005C017005F007C01F005C017005F00EF
:10DE60007C01F005C017005F007C01F005C01700C1
:10DE70005F007C01F005C017005F007C01F005C069
:10DE80005F20060000000000120007001F007C0059
:10DE9000F001C007001F007C00F001C007001F0058
:10DEA0007C00F001C007001F007C00F001C00700EB
:10DEB0001F007C00F001C007001F007C00F001C0C3
:10DEC0004B000C0000000000100827009F007C029F
:10DED000F009C027009F007C02F009C027009F00C6
:10DEE0007C02F009C027009F007C02F009C02700D7
:10DEF0009F007C02F009C027009F007C02F009C04F
:10DF000043200C0000000000012026009D00740248
:10DF1000D0094027009D007402D0094027009D00D1
:10DF20007402D0094027009D007402D009402700E8
:10DF30009D007402D0094027009D007402D0094062
:10DF4000070008000000000018A024009D007402D3
:10DF5000D0094027009D007402D0094027009D0091
:10DF60007402D0094027009D007402D009402700A8
:10DF70009D007402D0094027009D007402D0094022
:10DF80006300020000000000102020008D00340219
:10DF9000D0084023008D003402D0084023008D00BB
:10DFA0003402D0084023008D003402D00840230002
:10DFB0008D003402D0084023008D003402D0084088
:10DFC00043800000000000001DB006001F007C0020
:10DFD000F001C007001F007C00F001C007001F0017
:10DFE0007C00F001C007001F007C00F001C00700AA
:10DFF0001F007C00F001C007001F007C00F001C082
:10E0000077C00A000000000019B827009F007C02BA
:10E01000F009C027009F007C02F009C027009F0084
:10E020007C02F009C027009F007C02F009C0270095
:10E030009F007C02F009C027009F007C02F009C00D
:10E0400067600E000000000019A027009F007C02FE
:10E05000F009C027009F007C02F009C027009F0044
:10E060007C02F009C027009F007C02F009C0270055
:10E070009F007C02F009C027009F007C02F009C0CD
:10E0800063000E00000000009C0807001D007400E3
:10E09000D0014007001D007400D0014007001D00A2
:10E0A0007400D0014007001D007400D0014007003B
:10E0B0001D007400D0014007001D007400D0014015
:10E0C00073200C000000000010A023008D0034021B
:10E0D000D0084023008D003402D0084023008D007A
:10E0E0003402D0084023008D003402D008402300C1
:10E0F0008D003402D0084023008D003402D0084047
:10E1000043800E000000000018A825009D00740246
:10E11000D0094027009D007402D0094027009D00CF
:10E120007402D0094027009D007402D009402700E6
:10E130009D007402D0094027009D007402D0094060
:10E140006320060000000000052825009F007C02D7
:10E15000F009C027009F007C02F009C027009F0043
:10E160007C02F009C027009F007C02F009C0270054
:10E170009F007C02F009C027009F007C02F009C0CC
:10E1800017200E0000000000140025009F007C02F4
:10E19000F009C027009F007C02F009C027009F0003
:10E1A0007C02F009C027009F007C02F009C0270014
:10E1B0009F007C02F009C027009F007C02F009C08C
:10E1C0005300060000000000140805001F007C003A
:10E1D000F001C007001F007C00F001C007001F0015
:10E1E0007C00F001C007001F007C00F001C00700A8
:10E1F0001F007C00F001C007001F007C00F001C080
:10E200005320040000000000142014005D0074017D
:10E21000D0054017005D007401D0054017005D0077
:10E220007401D0054017005D007401D0054017004F
:10E230005D007401D0054017005D007401D00540F9
:10E24000530002000000000014A03200CD0034038F
:10E25000D00C403300CD003403D00C403300CD004F
:10E260003403D00C403300CD003403D00C403300D5
:10E27000CD003403D00C403300CD003403D00C402B
:10E2800053000A000000000004803800ED00B403D1
:10E29000D00E403B00ED00B403D00E403B00ED003B
:10E2A000B403D00E403B00ED00B403D00E403B0061
:10E2B000ED00B403D00E403B00ED00B403D00E409F
:10E2C000170002000000000014107800EF01BC07E6
:10E2D000F21EC07B00EF01BC07F01EC07B00EF0107
:10E2E000BC07F01EC07B00EF01BC07F01EC07B0026
:10E2F000EF01BC07F01EC07B00EF01BC07F01EC0A1
:10E30000574000000000000010B83500DF007C031B
:10E31000F00DC03700DF007C03F00DC03700DF00D8
:10E320007C03F00DC03700DF007C03F00DC0370028
:10E33000DF007C03F00DC03700DF007C03F00DC070
:10E34000436006000000000002A07F00FF01FC0700
:10E35000F01FC07F00FF01FC07F01FC07F00FF011E
:10E36000FC07F01FC07F00FF01FC07F01FC07F000B
:10E37000FF01FC07F01FC07F00FF01FC07F01FC07A
:10E3800003000E000000000015883900ED00B40302
:10E39000D00E403B00ED00B403D00E403B00ED003A
:10E3A000B403D00E403B00ED00B403D00E403B0060
:10E3B000ED00B403D00E403B00ED00B403D00E409E
:10E3C000572006000000000098003900ED00B4035B
:10E3D000D00E403B00ED00B403D00E403B00ED00FA
:10E3E000B403D00E403B00ED00B403D00E403B0020
:10E3F000ED00B403D00E403B00ED00B403D00E405E
:10E40000030004000000000006283300CDA0340300
:10E41000C00C403300CD003403D00C403300CD009D
:10E420003403D00C403300CD003403D00C40330013
:10E43000CD003403D00C403300CD003403D00C4069
:10E4400013200C00000000001DA83520DF807C0395
:10E45000E10DC03700DF007C03F00DC03700DF00A6
:10E460007C03F00DC03700DF007C03F00DC03700E7
:10E47000DF007C03F00DC03700DF007C03F00DC02F
:10E48000572006000000000001003700DF007C0379
:10E49000F20DC03700DF007C03F00DC03700DF0055
:10E4A0007C03F00DC03700DF007C03F00DC03700A7
:10E4B000DF007C03F00DC03700DF007C03F00DC0EF
:10E4C00007000C000000000081083F00FF00FC0373
:10E4D000F00FC03F00FF00FC03F00FC03F00FF0043
:10E4E000FC03F00FC03F00FF00FC03F00FC03F0033
:10E4F000FF00FC03F00FC03F00FF00FC03F00FC063
:10E5000003220C000000000081203600DD007403AF
:10E51000D00D403700DD007403D00D403700DD0022
:10E520007403D00D403700DD007403D00D40370078
:10E53000DD007403D00D403700DD007403D00D40C2
:10E54000070208000000000001A03600DD0074038F
:10E55000D00D403700DD007403D00D403700DD00E2
:10E560007403D00D403700DD007403D00D40370038
:10E57000DD007403D00D403700DD007403D00D4082
:10E58000070002000000000010003000CD0034033E
:10E59000D00C403300CD003403D00C403300CD000C
:10E5A0003403D00C403300CD003403D00C40330092
:10E5B000CD003403D00C403300CD003403D00C40E8
:10E5C000438000000000000001103610DF007C03D3
:10E5D000F00DC03700DF007C03F00DC03700DF0016
:10E5E0007C03F00DC03700DF007C03F00DC0370066
:10E5F000DF007C03F00DC03700DF007C03F00DC0AE
:10E6000003C00A000000000005B83F00FF00FC0343
:10E61000F00FC03F00FF00FC03F00FC03F00FF0001
:10E62000FC03F00FC03F00FF00FC03F00FC03F00F1
:10E63000FF00FC03F00FC03F00FF00FC03F00FC021
:10E6400017600E000000000003A03F00FF00FC0365
:10E65000F00FC03F00FF00FC03F00FC03F00F700C9
:10E66000FC03344BC02F83BF14FC03F00EC08C207E
:10E670003A14E453308FC03E00FF00FC03F00FC09B
:10E680000F000E000000000001183700DD007403C9
:10E69000D00D403700DD007403D00D413714D10098
:10E6A000740A106B49B3029D067443D00D50A40147
:10E6B0009506F40B100D403408DD007403D00D40B6
:10E6C0000B000C000000000011A03300CD0034034B
:10E6D000D00C403300CD003403D04C403300450013
:10E6E00034731088480301CD103413920C529000FB
:10E6F000899024D3504C403200CD003403D00C40DC
:10E7000047800E000000000003A03500DD00740308
:10E71000D00D403700DD007403D00D4037005102AA
:10E72000740E10494077205D417463D00D4310187A
:10E7300095007403500D423480DD007403D00D4009
:10E740000B2006000000000082A83700DF007C03D9
:10E75000F00DC03700DF007C03F00DC03710D70B81
:10E760007C063009C067009D017C0AF00CC244425F
:10E770009B216C03740DC03600DF007C03F00DC0DC
:10E7800003020E000000000007803D00FF00FC03B4
:10E79000F00FC03F00FF00FC03F00FC03B00FF0084
:10E7A000FC02F01BC83F00BF00FC03F23FC66F1025
:10E7B000BF09FC03B00FC03F00FF00FC03F00FC017
:10E7C000372206000000000002083500DF007C034D
:10E7D000F00DC03700DF007C03F00DC0370253009E
:10E7E0007C2B300DC06480D7217C33340DC02400D5
:10E7F0001B040C83300DC03700DF007C03F00DC01C
:10E800000B2004000000000013A03400DD0074039E
:10E81000D00D403700DD007403D00D403F5051054E
:10E82000340AB10D41F480D123740B100D50240033
:10E83000D503C403320D403708DD007403D00D400A
:10E840006F0002000000000003203200CD003403FE
:10E85000D00C403300CD003403D00C40F301010153
:10E8600034471008483100C5003405100C49000039
:10E8700081631403920D423300CD003403D00C4663
:10E880000F0000000000000004087A00ED01B4074A
:10E89000D01E407B00ED01B407D01E407B00E1C1DB
:10E8A000B405901840F900E103F405129E44681283
:10E8B00035019407101E407B00ED01B407D01E40C7
:10E8C000330000000000000012103200CF003C03B3
:10E8D000F00CC03300CD003C03F00CC03702430401
:10E8E0003C03320CD01100C5083C01308CC11440EF
:10E8F000831A5C03B40CC03300CF003C03F00C80DF
:10E900004B6000000000000002A83D00FF00FC0377
:10E91000F00FC03F00FF00FC03F00FC03F04FF807A
:10E92000BC21F00FC03E007F48B001F187C49F209A
:10E93000A328EC03F00FC03F00FF00FC03F00FC062
:10E940000B6004000000000010A03700DF007C0313
:10E95000F00DC03700DF007C03F00DC03F005F000A
:10E960007C027609C03720DF807A01F018C094005D
:10E970009A807C0B311DC03600DF007C03F00DC097
:10E9800041000E000000000012993900ED00B403B0
:10E99000D00E403B00ED00B403D00E407B01AD40F3
:10E9A000B400100A443B00ED00B481D00A403800A6
:10E9B000A500B453400E403800ED00B403D00E4023
:10E9C0004F2406000000000006007900ED01B407A6
:10E9D000D01E407B00ED01B407D01E407B00ED014E
:10E9E000B407501E417B00ED01B407D01A497AD01C
:10E9F000ED813427001E407A00ED01B407D01E409F
:10EA0000130204000000000016203300CD00340380
:10EA1000D00C403300CD003403D00C403700CD087B
:10EA20003405140C403700CD127407D01842F2039D
:10EA300045103403500C403000CD003403D00C405E
:10EA40005B200C000000000017A817005F007C018D
:10EA5000F005C017005F007C01F005C017007F03C0
:10EA6000FC157405C01F007F20FC19F037D216007A
:10EA70007F4174013005C416005F007401F005C0C9
:10EA80005D00000000000000128005001F007C00F7
:10EA9000F001C007001F007C00F001C807001F0143
:10EAA0007C00F401C087011F827C04F031C4051092
:10EAB0001D0A3C00F001C807001F007C00F001C0E7
:10EAC0004B20040000000000100825009F007C027D
:10EAD000F009C027009F007C02F009C06700938006
:10EAE0003C123099C02700874050167009C037404B
:10EAF00097297C023009C027009F005C02F009C002
:10EB00004720040000000000012026009D00740240
:10EB1000D0094027009D007402D009406700910091
:10EB2000740A101940A70091924406121940260059
:10EB300091837402B1094827089D007402D00940EE
:10EB400007000000000000001CA024009D007402CB
:10EB5000D0094027009D007402D00940270191048C
:10EB60007402100940270095005402508940232068
:10EB70009500540210094027809D007402D009407E
:10EB80006300020000000000142820008D00340201
:10EB9000D0084023008D003402D0084023058100B6
:10EBA0003452144841233581140406110C402215B7
:10EBB000C11434D290084023008D003402D00840A4
:10EBC00043800000000000001DB006001F007C0014
:10EBD000F001C007001F007C00F001C00701130016
:10EBE0003C113441C6170115045C807001C4030157
:10EBF00016045C103000C407101F007C00F001C038
:10EC000077C00A000000000019A927009F007C02BD
:10EC1000F009C027009F007C02F049C12755FF4042
:10EC2000FC52F04BC12F05BF14F452F00BC0260567
:10EC3000FF147C52F049C127009F007C02F009C0FC
:10EC400077640E000000000018A027009F007C02DF
:10EC5000F009C027009F007C02F089C02F05BF800B
:10EC6000FC1A304BC02F01BB2CEC0A300AC8241010
:10EC7000B1845C821089C024009F007C02F009C02E
:10EC800071800E00000000001C1807001D007400B9
:10EC9000D0014007001D007480D0014087011D4055
:10ECA00074001041410701134044901001C09603C5
:10ECB0001106041040014005001D007400D0014001
:10ECC00063020C000000000012A021008D0034023D
:10ECD000D0084023008D003482D0484023048D00AA
:10ECE000341A102840A3048806641210084820C46F
:10ECF0008118164A10484020008D003402D0084088
:10ED00004B80060000000000182025009D007402C2
:10ED1000D0094027009D007402D0094027009D21A2
:10ED20007402108940270C890844421009442200CB
:10ED30008100040251094025009C007402D0094062
:10ED4000632004000000000005A827009F007C024B
:10ED5000F009C027009F007C02F009C827009F032C
:10ED60007C023409C0A7009B122C063448C8E42258
:10ED700091825C023109C024009F007C02F009C02E
:10ED80001500040000000000128025009F007C0296
:10ED9000F009C027009F007E02F009C027109F8065
:10EDA0007C12F009C0270097007C0AF009C42708EC
:10EDB0009F097C82F109C027209F007C02F009C0D6
:10EDC0005B20000000000000100805001F007C0010
:10EDD000F001C007001F007C00F001C047001F00C9
:10EDE0007C043201D004001F005E383011C2844020
:10EDF0001F026C003001C004001F007C00F001C045
:10EE0000522004000000000014A014005D007401F2
:10EE1000D0054017005D007401D005405F015D0022
:10EE2000B4151005441C007D02EC09502740150064
:10EE30007B0854811805C016005D007401D00540A0
:10EE4000430000000000000014A03200CD00340395
:10EE5000D00C403300CD003403D00C4073008D0142
:10EE60003403188840B401CD44160B100C40300018
:10EE7000C5032483140D403000CD003403D00C4072
:10EE800043000A000000000001883800ED00B403D0
:10EE9000D00E403B00ED00B403D0CE403B00ED105F
:10EEA0003402101E483808ED00C603500E443900E5
:10EEB0000902B413104E403A80ED00B403D00E4264
:10EEC000130002000000000011107800EF01BC07E1
:10EED000F01EC07B00EF01BC07F05E407B00EF81BD
:10EEE000BC07141BC07800FF219407301EC87C4368
:10EEF000E701AC2710DFC07800EF01BC07F01E80EF
:10EF0000526000000000000010A83500DF007C0304
:10EF1000F00DC03700DF007C03F00FC037009F000A
:10EF20007C00F00DC417005F003C03F009C03703FC
:10EF30001D204C1BF0ADC03720DF007C03F00DC05E
:10EF4000436006000000000000287D00FF01FC0770
:10EF5000F01FC07F00FF01FC07F01FC07C00FF0115
:10EF6000CC04301BC45A427301F807F01FD07C2038
:10EF7000FB41D847301FC47C00FF09FC07F01FC0CD
:10EF80001B2004000000000015083900ED00B40348
:10EF9000D00E403B00ED00B403D00F400900ED005F
:10EFA0008400104E401B026B088C02D006403C01CE
:10EFB00035248403100F483800ED00B403D00E4010
:10EFC000574004000000000000003900ED00B403C9
:10EFD000D00E403B00ED00B403D00E403800FD12CF
:10EFE0008400100E481E806100B443D00F403820CA
:10EFF00029109603100E403800ED40B403D08E4027
:10F00000030004000000000004203100CD003403A0
:10F01000D00C403300CD003403D00C400518CD4057
:10F020000514100C40138149062400D10840B0801B
:10F0300005325403510C403000CD003403D00C4055
:10F040008B0004000000000015A03500DF007C03E9
:10F05000F00DC03700DF007C03F00FC03400CF009C
:10F060000C193009C07624C3007C06F08CD03C001B
:10F070001B02DC03340FC03408DF007C03F00DC03A
:10F08000530006000000000001003700DF007C0391
:10F09000F00DC03700DF007C03F00DC03700DF004B
:10F0A0007C08F00DC027009F404C0AF20DC03301D0
:10F0B0001F426803B00DC03700DE007C03F00DC0B6
:10F0C00017000C000000000084003F00FF00FC035C
:10F0D000F00FC03F00FF00FC03F00FC03F00F3053E
:10F0E0004C00300AC07809F705CC03F00FC03C0093
:10F0F00033097C03380FC03D00FA00F403F00FC061
:10F1000003020C000000000085203600DD006403CF
:10F11000D00D403700DD007403D00D407750D10191
:10F120004410100D4004181100441FD00941340050
:10F1300015057403100D423400DD007403D00D403A
:10F14000070A08000000000001A83400DD00740375
:10F15000D00D403700DD007403D00D4077009100E2
:10F160004520120900140055004406D10D4034001A
:10F1700011007403100C403500DD007403D00D4005
:10F1800007000A000000000010283000CD00340302
:10F19000D00C403300CD003403D00C400300D1002C
:10F1A0000400100C50000011000402D00D44300087
:10F1B00005003403140C483000CD003403D00C405B
:10F1C00043A000000000000000B03600DF007C0318
:10F1D000F00DC03700DF007C03F00DC02700D380A6
:10F1E0004C00340DC0140057204C03F00DD03C00EF
:10F1F0001320FC03110FC03500DB007C03F00DC0B1
:10F2000003040A000000000025A83F00FF00EC03F3
:10F21000F00FC03F00FF00FC03F00FC01F00AF0065
:10F22000FC00E00FC40F003F00F902F10AC03F00EC
:10F230003F40FC03F00FC03F00FF00FC03F00FC095
:10F2400017A00E000000000003A03F00FF00FC0319
:10F25000F00FC03F00FF00FC03F00FC03F00FF00B5
:10F26000FC03F00FC03F00FF00FC03F00FC03F00A5
:10F27000FF00FC03F00FC03F00FF00FC03F00FC0D5
:10F280000F000E000000000001083700DD007403CD
:10F29000D00D403700DD007403D00D403700DD0095
:10F2A0007403D00D403700DD007403D00D403700EB
:10F2B000DD007403D00D403700DD007403D00D4035
:10F2C00007200C000000000011A03300CD00340323
:10F2D000D00C403300CD003403D00C403300CD00BF
:10F2E0003403D00C403300CD003403D00C40330045
:10F2F000CD003403D00C403300CD003403D00C409B
:10F3000047800E000000000003A83500DD007403F4
:10F31000D00D403700DD007403D00D403700DD0014
:10F320007403D00D403700DD007403D00D4037006A
:10F33000DD007403D00D403700DD007403D00D40B4
:10F340000F2006000000000004883700DF007C0367
:10F35000F00DC03700DD007C03F00DC03700DF008A
:10F360007C03F00DC03700DF007C03F00DC03700D8
:10F37000DF007C03F00DC03700DF007C03F00DC020
:10F380000B200E000000000087803D00FF00FC0302
:10F39000F00FC03F00FF00FC03F00FC03F00FF0074
:10F3A000FC03F00FC03F00FF00FC03F00FC03F0064
:10F3B000FF00FC03F00FC03F00FF00FC03F00FC094
:10F3C0001F0006000000000002083500DF007C037B
:10F3D000F00DC03700DF007C03F00DC03700DF0008
:10F3E0007C03F00DC03700DF007C03F00DC0370058
:10F3F000DF007C03F00DC03700DF007C03F00DC0A0
:10F400000B2004000000000013A03400DD00740392
:10F41000D00DC03500DD007403D00D403700DD0095
:10F420007403D00D403700DD007403D00D40370069
:10F43000DD007403D00D403700DD007403D00D40B3
:10F440004F0002000000000003A03200CD00340392
:10F45000D00C403300CD003403D00C403300CD003D
:10F460003403D00C403300CD003403D00C403300C3
:10F47000CD003403D00C403300CD003403D00C4019
:10F480001F000A000000000006807880ED01B4072C
:10F49000D01E407900ED01B407D01E407B00ED0185
:10F4A000B407D01E407B00ED01B407D01E407B00A6
:10F4B000ED01B407D01E407B00ED01B407D01E4023
:10F4C000130002000000000016103000CF003C03C3
:10F4D000F00CC03300CF003C03F00CC03300CF0071
:10F4E0003C03F00CC03300CF003C03F00CC03300F1
:10F4F000CF003C03F00CC03300CF003C03F00CC045
:10F500004B4000000000000002B83D00FF00FC037B
:10F51000F00FC03F00FF00FC03F00FC03F00FF00F2
:10F52000FC03F00FC03F00FF00FC03F00FC03F00E2
:10F53000FF00FC03F00FC03F00FF00FC03F00FC012
:10F540000B6006000000000015A03700DF007C0300
:10F55000F00DC03700DF007C03F00DC03700DF0086
:10F560007C03F00DC03700DF007C03F00DC03700D6
:10F57000DF007C03F00DC03700DF007C03F00DC01E
:10F5800057000E000000000012883900ED00B4039F
:10F59000D00E403B00ED00B403D00E403B00ED0028
:10F5A000B403D00E403B00ED00B403D00E403B004E
:10F5B000ED00B403D00E403B00ED00B403D00E408C
:10F5C0004B2006000000000083007900ED01B40725
:10F5D000D01E407B00ED01B407D01E407B00ED0142
:10F5E000B407D01E407B00ED01B407D01E407B0065
:10F5F000ED01B407D01E407B00ED01B407D01E40E2
:10F600000F0004000000000012283300CD00340376
:10F61000D00C403300CD003403D00C403300CD007B
:10F620003403D00C403300CD003403D00C40330001
:10F63000CD003403D00C403300CD003403D00C4057
:10F640004B200C000000000017A815005F007C0193
:10F65000F005C017005F007C01F005C017005F00D7
:10F660007C01F005C017005F007C01F005C01700A9
:10F670005F007C01F005C017005F007C01F005C051
:10F680005F20060000000000120007001F007C0041
:10F69000F001C007001F007C00F001C007001F0040
:10F6A0007C00F001C007001F007C00F001C00700D3
:10F6B0001F007C00F001C007001F007C00F001C0AB
:10F6C0004B000C0000000000100827009F007C0287
:10F6D000F009C027009F007C02F009C027009F00AE
:10F6E0007C02F009C027009F007C02F009C02700BF
:10F6F0009F007C02F009C027009F007C02F009C037
:10F7000043200C0000000000012026009D00740230
:10F71000D0094027009D007402D0094027009D00B9
:10F720007402D0094027009D007402D009402700D0
:10F730009D007402D0094027009D007402D009404A
:10F74000070008000000000018A024009D007402BB
:10F75000D0094027009D007402D0094027009D0079
:10F760007402D0094027009D007402D00940270090
:10F770009D007402D0094027009D007402D009400A
:10F780006300020000000000102020008D00340201
:10F79000D0084023008D003402D0084023008D00A3
:10F7A0003402D0084023008D003402D008402300EA
:10F7B0008D003402D0084023008D003402D0084070
:10F7C00043800000000000001DB006001F007C0008
:10F7D000F001C007001F007C00F001C007001F00FF
:10F7E0007C00F001C007001F007C00F001C0070092
:10F7F0001F007C00F001C007001F007C00F001C06A
:10F8000077C00A000000000019B827009F007C02A2
:10F81000F009C027009F007C02F009C027009F006C
:10F820007C02F009C027009F007C02F009C027007D
:10F830009F007C02F009C027009F007C02F009C0F5
:10F8400067600E000000000019A027089F007C02DE
:10F85000F009C027009F007C02F009C027009F002C
:10F860007C02F009C027009F007C02F009C027003D
:10F870009F007C02F009C027009F007C02F009C0B5
:10F8800063000E00000000009C0807001D007400CB
:10F89000D0014007001D007400D0014007001D008A
:10F8A0007400D0014007001D007400D00140070023
:10F8B0001D007400D0014007001D007400D00140FD
:10F8C00073200C000000000010A023008D00340203
:10F8D000D0084023008D003402D0084023008D0062
:10F8E0003402D0084023008D003402D008402300A9
:10F8F0008D003402D0084023008D003402D008402F
:10F9000043800E000000000018A825009D0074022E
:10F91000D0094027009D007402D0094027009D00B7
:10F920007402D0094027009D007402D009402700CE
:10F930009D007402D0094027009D007402D0094048
:10F940006320060000000000052825009F007C02BF
:10F95000F009C027009F007C02F009C027009F002B
:10F960007C02F009C027009F007C02F009C027003C
:10F970009F007C02F009C027009F007C02F009C0B4
:10F9800017200E0000000000140025009F007C02DC
:10F99000F009C027009F007C02F009C027009F00EB
:10F9A0007C02F009C027009F007C02F009C02700FC
:10F9B0009F007C02F009C027009F007C02F009C074
:10F9C0005300060000000000140805001F007C0022
:10F9D000F001C007001F007C00F001C007001F00FD
:10F9E0007C00F001C007001F007C00F001C0070090
:10F9F0001F007C00F001C007001F007C00F001C068
:10FA00005320040000000000142014005D00740165
:10FA1000D0054017005D007401D0054017005D005F
:10FA20007401D0054017005D007401D00540170037
:10FA30005D007401D0054017005D007401D00540E1
:10FA4000530002000000000014A03200CD00340377
:10FA5000D00C403300CD003403D00C403300CD0037
:10FA60003403D00C403300CD003403D00C403300BD
:10FA7000CD003403D00C403300CD003403D00C4013
:10FA800053000A000000000004803800ED00B403B9
:10FA9000D00E403B00ED00B403D00E403B00ED0023
:10FAA000B403D00E403B00ED00B403D00E403B0049
:10FAB000ED00B403D00E403B00ED00B403D00E4087
:10FAC000170002000000000014107800EF01BC07CE
:10FAD000F01EC07B00EF01BC07F01EC07B00EF01F1
:10FAE000BC07F01EC07B00EF01BC07F01EC07B000E
:10FAF000EF01BC07F01EC07B00EF01BC07F01EC089
:10FB0000574000000000000010B83500DF007C0303
:10FB1000F00DC03700DF007C03F00DC03700DF00C0
:10FB20007C03F00DC03700DF007C03F00DC0370010
:10FB3000DF007C03F00DC03700DF007C03F00DC058
:10FB4000436006000000000002A07F00FF01FC07E8
:10FB5000F01FC07F00FF01FC07F01FC07F00FF0106
:10FB6000FC07F01FC07F00FF01FC07F01FC07F00F3
:10FB7000FF01FC07F01FC07F00FF01FC07F01FC062
:10FB800003000E000000000015883900ED00B403EA
:10FB9000D00E403B00ED00B403D00E403B00ED0022
:10FBA000B403D00E403B00ED00B403D00E403B0048
:10FBB000ED00B403D00E403B00ED00B403D00E4086
:10FBC000572006000000000088003900ED00B40353
:10FBD000D00E403B00ED00B403D00E403B00ED00E2
:10FBE000B403D00E403B00ED00B403D00E403B0008
:10FBF000ED00B403D00E403B00ED00B403D00E4046
:10FC0000030004000000000006283300CD20340368
:10FC1000D00C403300CD003403D00C403300CD0075
:10FC20003403D00C403300CD003403D00C403300FB
:10FC3000CD003403D00C403300CD003403D00C4051
:10FC400013200C000000000015A83520DF8074038D
:10FC5000F10DC03700DF007C03F00DC03700DF007E
:10FC60007C03F00DC03700DF007C03F00DC03700CF
:10FC7000DF007C03F00DC03700DF007C03F00DC017
:10FC8000572006000000000009003700DF007C0359
:10FC9000F20DC03700DF007C03F00DC03700DF003D
:10FCA0007C03F00DC03700DF007C03F00DC037008F
:10FCB000DF007C03F00DC03700DF007C03F00DC0D7
:10FCC00007000C000000000081083F00FF00FC035B
:10FCD000F00FC03F00FF00FC03F00FC03F00FF002B
:10FCE000FC03F00FC03F00FF00FC03F00FC03F001B
:10FCF000FF00FC03F00FC03F00FF00FC03F00FC04B
:10FD000003220C000000000089203600DD0074038F
:10FD1000D00D403700DD007403D00D403700DD000A
:10FD20007403D00D403700DD007403D00D40370060
:10FD3000DD007403D00D403700DD007403D00D40AA
:10FD4000070208000000000001A03600DD00740377
:10FD5000D00D403700DD007403D00D403700DD00CA
:10FD60007403D00D403700DD007403D00D40370020
:10FD7000DD007403D00D403700DD007403D00D406A
:10FD8000070002000000000010003000CD00340326
:10FD9000D00C403300CD003403D00C403300CD00F4
:10FDA0003403D00C403300CD003403D00C4033007A
:10FDB000CD003403D00C403300CD003403D00C40D0
:10FDC000438000000000000001103600DF007C03CB
:10FDD000F00DC03700DF007C03F00DC03700DF00FE
:10FDE0007C03F00DC03700DF007C03F00DC037004E
:10FDF000DF007C03F00DC03700DF007C03F00DC096
:10FE000003C00A000000000005B83F00FF00FC032B
:10FE1000F00FC03F00FF00FC03F00FC03F00FF00E9
:10FE2000FC03F00FC03F00FF00FC03F00FC03F00D9
:10FE3000FF00FC03F00FC03F00FF00FC03F00FC009
:10FE400017600E000000000003A03F00FF00FC034D
:10FE5000F00FC03F00FF00FC03F00FC03F00FF08A1
:10FE6000FC03F04FC03800B304FC03700FC08D00DA
:10FE7000FF10CC03300FC03C00FF00FC03F00FC0AC
:10FE80000F000E000000000001083700D6007403C8
:10FE9000D00D403700DD007403D00D403700DD0089
:10FEA0007003D00D403D0095027403100D41850094
:10FEB000FD82C44B500DC10400DD007403D00D421F
:10FEC0000B000C000000000011A03300CD00340333
:10FED000D00C403300CD003403D00C403300CDC0F3
:10FEE0003003D18C48300280083403504C40A101CB
:10FEF000CD2004B31048500000CD003403D00C4096
:10FF000047800E000000000003A83500DD007403E8
:10FF1000D00D403700DD006403900D403700DD80D8
:10FF20007403D00D40350095007403500D4015004A
:10FF3000DD6044035008423600DD007403D00D40FC
:10FF40000B2006000000000002A83700DF007C0341
:10FF5000F00DC03700DF007C03F00DC03700DF007C
:10FF60007C6FF00DC0340093007C01700CD09521A3
:10FF7000CF004D03308DC00402DF007C03F00DC0C4
:10FF800003020E000000000007803D00F700FC03A4
:10FF9000F00FC03F00FF00FC03F00FC03F00FF0068
:10FFA000FC07F00EC03F109F09FC23B00FC00F00EC
:10FFB000FF00FC03F00FC03D08FF00FC03F00FC082
:10FFC000172206000000000002083500DF007C0355
:10FFD000F00DC03700DF007C03F00DC03700DF00FC
:10FFE0004C0BF10DC0330093004C01300DC0B41028
:10FFF000DF042C033409C03402DF007C03F00DC0A1
:020000021000EC
:100000002B2004000000000013A03400DD00740366
:10001000D00D403700DD007403D00D403700DD0007
:100020006C0FD20F407F009B1B0447B02D40150082
:10003000FD52F4833009400400DC007403D00D400D
:100040004F0002000000000007A03200CD00340382
:10005000900C403300CD003403D00C403300CD0071
:100060000401D00C40F30181002403023C4900004C
:10007000CD0124039008404000CD003403D00C4053
:100080004F0000000000000004807800ED01B4077C
:10009000D01E407B00ED01B407D01E407B00ED4137
:1000A000A64FD01E407B04A909E407911E60690099
:1000B000ED05B407501A407800ED01B407D01E409A
:1000C0003B0000000000000012103000CF003C0395
:1000D000B00C403300CF003C03D00CC03300DD082F
:1000E0000C23F04CC0330181002C0A300DC12002DA
:1000F000CF606C13B00DC03000CF003C03F00CC0DB
:100100004B6000000000000002B83D00FF00FC034F
:10011000F00FC03F00FF00FC03F00FC03F00FF00E6
:10012000FC03F00FC03F00BF609D02F08F403F0016
:10013000FF14FC0BB00FC00F00FF00FC03F00FC05A
:100140000B6004000000000015A03700DF007C03F6
:10015000F00DC03500DF007C03F00DC03700DF80FC
:100160007C02F08DC0730097204C03F00DC0540149
:10017000DF024C133109C2B701DF007C03F00DC070
:1001800043200E000000000012883900ED00B40387
:10019000D00E403B00ED00B403D00E403B00ED001C
:1001A000B403D20E443B05A1008403D00F402802C3
:1001B000CD148413140A400B04ED00B403D00E4098
:1001C0004F0406000000000003007900ED01B407B1
:1001D000D01E407B00ED01B407D01E407B00ED0136
:1001E000B407D01E407B03E5018406D01E40BA0050
:1001F000ED018437101E404B00ED01B407D01E40C6
:10020000130204000000000012283300CD00340364
:10021000D00C403300CD003403D00C403300CD006F
:10022000340FD00C4033008500040AD00D4072001A
:10023000CC000503100C403300CD003403D00C403B
:100240005B000C000000000017A815005F007C0197
:10025000F005C017005F007C01F005C017005F00CB
:10026000FC41F005C017405705CC21F005D0160021
:100270005E004C013005C0D7005F007C01F005C076
:100280005F00040000000000120007001F007C0057
:10029000F001C007001F007C00F001C007001F0034
:1002A0007C10F001C207001B807D00F201C0052018
:1002B0001F027C00F001C247021F007C00F001C059
:1002C0004B000C0000000000100827009F007C027B
:1002D000F009C027009F007C02F009C027009F00A2
:1002E0007C02F009C867018F004C12F05940B4003D
:1002F00083880C023109C064009F007C02F009C0B1
:100300004300040000000000052026009D00740248
:10031000D0094027009D007402D0094027009D00AD
:100320007406D00940A7809D006C02D01940A5003A
:1003300091015402B1084024829D007402D009400A
:1003400007800800000000001CA024009D0074022B
:10035000D0094027009D007402D0094027009D006D
:100360007406D00940A7009D064402D00940210030
:100370009130440210095034009D007402D00940AD
:100380006320020000000000102020008D003402D5
:10039000D0084023008D003402D0084023008D0097
:1003A0003403D8484123058D142402D00860210568
:1003B0008114145290094020008D003402D008406E
:1003C000438000000000000019B006001F007C0000
:1003D000F001C007001F007C00F0014007001F0073
:1003E0007C00F041C007011D444C01F201C0150121
:1003F00013040C103001C00C001D007C00F001C083
:1004000077E00A000000000019B827009F007C0276
:10041000F009C027009F007C02F009C027009F144C
:10042000FC02F309C02700AF00FC02F049C1270518
:100430009F007C52F04BC12F009F007C02F009C04E
:1004400077640E000000000018A027009F007C02C7
:10045000F009C027009F007C02F009C027009F021E
:10046000FC02F049C12F05BF80CC02E02B402402E2
:10047000BFA47C121429C02C009F007C02F009C08C
:100480007300060000000000180807001D0074003B
:10049000D0014007001D007400D0014007001D047A
:1004A0007000D021408700170A5400D041408502D7
:1004B0001D0234D050414004001D007400D001489A
:1004C00063020C000000000010A023008D00340225
:1004D000D0084023008D003402D0084023208D0432
:1004E0003002D0084023008D000402D04840200193
:1004F0008D08340A42484060008D003402D0084024
:100500004B8004000000000018A825009D00740224
:10051000D0094027009D007402D0094027009DA00B
:100520007402D00942270895005402D009402500E2
:100530009D40740210084024009D007402D00940C0
:10054000632004000000000005A827009F007C0233
:10055000F009C027009F007C02F009C027009F001F
:100560007C4EF009C027009F004C06F009C06401D2
:100570009F407C027009D0E4009F007C02F009C01B
:100580001700040000000000108025009F007C027E
:10059000F009C027009F007C02F009C027009F805F
:1005A0007C4AF009C0270087487C12F009C0B704D4
:1005B0009F007C02F299C0E7009F007C02F009C016
:1005C0005B20040000000000140805001F007C00F0
:1005D000F001C007001F007C00F001C007001F00F1
:1005E0007E003001C047001F104C043001C8840059
:1005F0001F014C003401C0040013007C00F001C056
:10060000532004000000000014A014005D007401D9
:10061000D0054017005D007401D0054417105D003F
:10062000E60D100540DF007D01EC19B007C1D604CE
:100630007D135401110540540151007401D005404F
:10064000430000000000000014A03200CD0034037D
:10065000D00C403300CD003403D00C403300CD40EB
:10066000340F100C6033828D010407105D40700060
:100670008D804403000C407000C1003403D00C4056
:1006800043000A000000000005803800ED00B403BC
:10069000D00E403B00ED00B403D00E403B00ED0413
:1006A000B447180E403B00CD10E406900A403A00D3
:1006B000ED019403104E406C00E100B403D00E40F5
:1006C000130006000000000015107800EF01BC07C1
:1006D000F01EC07B00EF01BC07F01E407B00ED0167
:1006E000B407341EC07B006F018D06301BC8480262
:1006F000CF018C07321FD16840E301BC07F01EC058
:10070000536000000000000010B83500DF007C03DB
:10071000F00DC03700DF007C03F00DC03700FF0094
:100720002C00D00DC037105D003C02F0098006019E
:100730009F007C6BF0CDC43300DF007C03F00DC064
:10074000434006000000000000A07F00FF01FC07FE
:10075000F01FC07F00FF01FC07F01FC07F00FF11EA
:10076000FC04301FC07F00BF05FC06301FC03C01E9
:10077000F301EC07321F446F00FF01FC07F01FC0BC
:100780001B0004000000000015883900ED009C03E8
:10079000D00E403B00ED00B403D00E403B00ED0016
:1007A000B400500E401B00ED00B402100B40381096
:1007B000E140B403500E403B01ED00B403D00E40C5
:1007C000570004000000000000003900ED00B403F1
:1007D000D00E403B00ED00B403D00E403B00ED00D6
:1007E000B400100E403B006D04F40A100A40800073
:1007F000E100A403500E403B00ED00B403D08E4056
:10080000230004000000000004283300CD0014037E
:10081000D00C403300CD003403D00C403300CD0069
:100820003404500C403300CD0034021C0950000049
:10083000C1403403500C482300CD003403D00C4099
:100840004B210C000000000015A83500DF007C03E0
:10085000F00DC03700DF007C03F00DC03700FF0053
:100860007C03300DC82720CF007C0B300DC0340036
:10087000D300EC03700FC06704DF007C03F00DC0F1
:10088000530106000000000001003700DF007C0378
:10089000F00DC03700DF007C03F00DC03700DD0035
:1008A0007C63F20D003700DF0A740AF02DC0770078
:1008B000DF407C03F10DC03704DF007C03F00DCC7A
:1008C00033200C000000000080083F00FF00FC0304
:1008D000F00FC03F00FF00FC03F00FC03F00FFA07F
:1008E000FC03F00FC0BB207303CD00310BC03C00F4
:1008F000EF010D03300FC07F00FE00EC03F00FC0CE
:1009000003260C000000000081203600DD00740387
:10091000D00D403700D7007403F00D403700DD00E4
:100920007400D00D4077015B05041010394134107C
:10093000DD004403100D602700DD007403D00D407E
:10094000070208000000000001803400DD0074038D
:10095000D00D403700DD007403D00D403700DD00BE
:100960007400D00D403700D1004402121D404400F5
:100970009D084483100D403702DD007403D00D4004
:10098000038002000000000010203000CD0034037E
:10099000D00C403300C5003403500C403300CD0070
:1009A0003400D00C4033200D404402100050400071
:1009B000CD010403120C402300CD003403D00C40C1
:1009C000430100000000000000B03600DD007C03A1
:1009D000F00DC03700DF007C03D00DC03700DF0012
:1009E0007C00F00DC0370053004C023009C00400F9
:1009F000DF80CC03340F402710DF006C03F00D8044
:100A000007E508000000000005B83F00FF00FC03F8
:100A1000F00FC03F00FF00FC03F00F803F00FF001D
:100A2000BC00F00FC03F00FB00BC02F003800F00D1
:100A30003F00FC03F00FC03F00FF00FC03F00FC4B9
:100A400017400E000000000003A03F00FF00FC0361
:100A5000F00FC03F00FF00FC03F00FC03F00FF009D
:100A6000FC03F00FC03F00FF00FC03F00FC03F008D
:100A7000FF00FC03F00FC03F00FF00FC03F00FC0BD
:100A80000F000E000000000001083700DD007403B5
:100A9000D00D403700DD007403D00D403700DD007D
:100AA0007403D00D403700DD007403D00D403700D3
:100AB000DD007403D00D403700DD007403D00D401D
:100AC00007200C000000000011A03300CD0034030B
:100AD000D00C403300CD003403D00C403300CD00A7
:100AE0003403D00C403300CD003403D00C4033002D
:100AF000CD003403D00C403300CD003403D00C4083
:100B000047800E000000000003A83500DD007403DC
:100B1000D00D403700DD007403D00D403700DD00FC
:100B20007403D00D403700DD007403D00D40370052
:100B3000DD007403D00D403700DD007403D00D409C
:100B40000F2006000000000000A83700DF007C0333
:100B5000F00DC03700DF007C03F00DC03700DF0070
:100B60007C03F00DC03700DF007C03F00DC03700C0
:100B7000DF007C03F00DC03700DF007C03F00DC008
:100B80000B200E000000000087803D00FF00FC03EA
:100B9000F00FC03F00FF00FC03F00FC03F00FF005C
:100BA000FC03F00FC03F00FF00FC03F00FC03F004C
:100BB000FF00FC03F00FC03F00FF00FC03F00FC07C
:100BC0001F0006000000000002083500DF007C0363
:100BD000F00DC03700DF006C03F00DC03700DF0000
:100BE0007C03F00DC03700DF007C03F00DC0370040
:100BF000DF007C03F00DC03700DF007C03F00DC088
:100C00000B2004000000000013A03400DD0074037A
:100C1000D00D403700DD007403D00D403700DD00FB
:100C20007403D00D403700DD007403D00D40370051
:100C3000DD007403D00D403700DD007403D00D409B
:100C40004F0002000000000007A03200CD00340376
:100C5000D00C403300CD003403D00C403300CD0025
:100C60003403D00C403300CD003403D00C403300AB
:100C7000CD003403D00C403300CD003403D00C4001
:100C80001F000A000000000006807800ED01B40794
:100C9000D01E407B00ED01B407D01E407B00ED016B
:100CA000B407D01E407B00ED01B407D01E407B008E
:100CB000ED01B407D01E407B00ED01B407D01E400B
:100CC000130002000000000012103000CF003C03AF
:100CD000F00CC03300CF002C03F00CC03300CF0069
:100CE0003C03F00CC03300CF003C03F00CC03300D9
:100CF000CF003C03F00CC03300CF003C03F00CC02D
:100D00004B4000000000000002B83D00FF00FC0363
:100D1000F00FC03F00FF00FC03F00FC03F00FF00DA
:100D2000FC03F00FC03F00FF00FC03F00FC03F00CA
:100D3000FF00FC03F00FC03F00FF00FC03F00FC0FA
:100D40000B6006000000000015A03700DF007C03E8
:100D5000F00DC03700DF007C03F00DC03700DF006E
:100D60007C03F00DC03700DF007C03F00DC03700BE
:100D7000DF007C03F00DC03700DF007C03F00DC006
:100D800057000E000000000012883900ED00B40387
:100D9000D00E403B00ED00B403D00E403B00ED0010
:100DA000B403D00E403B00ED00B403D00E403B0036
:100DB000ED00B403D00E403B00ED00B403D00E4074
:100DC0004B2006000000000083007900ED01B4070D
:100DD000D01E407B00ED01B407D01E407B00ED012A
:100DE000B407D01E407B00ED01B407D01E407B004D
:100DF000ED01B407D01E407B00ED01B407D01E40CA
:100E00000F0004000000000012283300CD0034035E
:100E1000D00C403300CD003403D00C403300CD0063
:100E20003403D00C403300CD003403D00C403300E9
:100E3000CD003403D00C403300CD003403D00C403F
:100E40004B200C000000000017A815005F007C017B
:100E5000F005C017005F007C01F005C017005F00BF
:100E60007C01F005C017005F007C01F005C0170091
:100E70005F007C01F005C017005F007C01F005C039
:100E80005F20060000000000120007001F007C0029
:100E9000F001C007001F007C00F001C007001F0028
:100EA0007C00F001C007001F007C00F001C00700BB
:100EB0001F007C00F001C007001F007C00F001C093
:100EC0004B000C0000000000100827009F007C026F
:100ED000F009C027009F007C02F009C027009F0096
:100EE0007C02F009C027009F007C02F009C02700A7
:100EF0009F007C02F009C027009F007C02F009C01F
:100F000043200C0000000000012026009D00740218
:100F1000D0094027009D007402D0094027009D00A1
:100F20007402D0094027009D007402D009402700B8
:100F30009D007402D0094027009D007402D0094032
:100F4000070008000000000018A024009D007402A3
:100F5000D0094027009D007402D0094027009D0061
:100F60007402D0094027009D007402D00940270078
:100F70009D007402D0094027009D007402D00940F2
:100F80006300020000000000102020008D003402E9
:100F9000D0084023008D003402D0084023008D008B
:100FA0003402D0084023008D003402D008402300D2
:100FB0008D003402D0084023008D003402D0084058
:100FC00043800000000000001DB007001F007C00EF
:100FD000F001C007001F007C00F001C007001F00E7
:100FE0007C00F001C007001F007C00F001C007007A
:100FF0001F007C00F001C007001F007C00F001C052
:1010000077C00A000000000019B827009F007C028A
:10101000F009C027009F007C02F009C027009F0054
:101020007C02F009C027009F007C02F009C0270065
:101030009F007C02F009C027009F007C02F009C0DD
:1010400067600E000000000019A027009F007C02CE
:10105000F009C027009F007C02F009C027009F0014
:101060007C02F009C027009F007C02F009C0270025
:101070009F007C02F009C027009F007C02F009C09D
:1010800063000E00000000009C0807001D007400B3
:10109000D0014007001D007400D0014007001D0072
:1010A0007400D0014007001D007400D0014007000B
:1010B0001D007400D0014007001D007400D00140E5
:1010C00073200C000000000010A023008D003402EB
:1010D000D0084023008D003402D0084023008D004A
:1010E0003402D0084023008D003402D00840230091
:1010F0008D003402D0084023008D003402D0084017
:1011000043800E000000000018A825009D00740216
:10111000D0094027009D007402D0094027009D009F
:101120007402D0094027009D007402D009402700B6
:101130009D007402D0094027009D007402D0094030
:101140006320060000000000052825009F007C02A7
:10115000F009C027009F007C02F009C027009F0013
:101160007C02F009C027009F007C02F009C0270024
:101170009F007C02F009C027009F007C02F009C09C
:1011800017200E0000000000140025009F007C02C4
:10119000F009C027009F007C02F009C027009F00D3
:1011A0007C02F009C027009F007C02F009C02700E4
:1011B0009F007C02F009C027009F007C02F009C05C
:1011C0005300060000000000140805001F007C000A
:1011D000F001C007001F007C00F001C007001F00E5
:1011E0007C00F001C007001F007C00F001C0070078
:1011F0001F007C00F001C007001F007C00F001C050
:101200005320040000000000142014005D0074014D
:10121000D0054017005D007401D0054017005D0047
:101220007401D0054017005D007401D0054017001F
:101230005D007401D0054017005D007401D00540C9
:10124000530002000000000014A03200CD0034035F
:10125000D00C403300CD003403D00C403300CD001F
:101260003403D00C403300CD003403D00C403300A5
:10127000CD003403D00C403300CD003403D00C40FB
:1012800053000A000000000004803800ED00B403A1
:10129000D00E403B00ED00B403D00E403B00ED000B
:1012A000B403D00E403B00ED00B403D00E403B0031
:1012B000ED00B403D00E403B00ED00B403D00E406F
:1012C000170002000000000014107800EF01BC07B6
:1012D000F01EC07B00EF01BC07F01EC07B00EF01D9
:1012E000BC07F01EC07B00EF01BC07F01EC07B00F6
:1012F000EF01BC07F01EC07B00EF01BC07F01EC071
:10130000574000000000000010B83500DF007C03EB
:10131000F00DC03700DF007C03F00DC03700DF00A8
:101320007C03F00DC03700DF007C03F00DC03700F8
:10133000DF007C03F00DC03700DF007C03F00DC040
:10134000436006000000000002A07F00FF01FC07D0
:10135000F01FC07F00FF01FC07F01FC07F00FF01EE
:10136000FC07F01FC07F00FF01FC07F01FC07F00DB
:10137000FF01FC07F01FC07F00FF01FC07F01FC04A
:1013800003000E000000000015883900ED00B403D2
:10139000D00E403B00ED00B403D00E403B00ED000A
:1013A000B403D00E403B00ED00B403D00E403B0030
:1013B000ED00B403D00E403B00ED00B403D00E406E
:1013C000572006000000000098003900ED00B4032B
:1013D000D00E403B00ED00B403D00E403B00ED00CA
:1013E000B403D00E403B00ED00B403D00E403B00F0
:1013F000ED00B403D00E403B00ED00B403D00E402E
:10140000030004000000000006283300CD00340370
:10141000D00C403300CD003403D00C403300CD005D
:101420003403D00C403300CD003403D00C403300E3
:10143000CD003403D00C403300CD003403D00C4039
:1014400013200C00000000001DA83520DD207C03C7
:10145000F00DC03700DF007C03F00DC03700DF0067
:101460007C03F00DC03700DF007C03F00DC03700B7
:10147000DF007C03F00DC03700DF007C03F00DC0FF
:10148000572006000000000001003700DF007C0349
:10149000F00DC03700DF007C03F00DC03700DF0027
:1014A0007C03F00DC03700DF007C03F00DC0370077
:1014B000DF007C03F00DC03700DF007C03F00DC0BF
:1014C00007000C000000000081083F00FF00FC0343
:1014D000F00FC03F00FF00FC03F00FC03F00FF0013
:1014E000FC03F00FC03F00FF00FC03F00FC03F0003
:1014F000FF00FC03F00FC03F00FF00FC03F00FC033
:1015000003220C000000000081203600DD0074037F
:10151000D00D403700DD007403D00D403700DD00F2
:101520007403D00D403700DD007403D00D40370048
:10153000DD007403D00D403700DD007403D00D4092
:10154000070208000000000001A03600DD0074035F
:10155000D00D403700DD007403D00D403700DD00B2
:101560007403D00D403700DD007403D00D40370008
:10157000DD007403D00D403700DD007403D00D4052
:10158000070002000000000010003000CD0034030E
:10159000D00C403300CD003403D00C403300CD00DC
:1015A0003403D00C403300CD003403D00C40330062
:1015B000CD003403D00C403300CD003403D00C40B8
:1015C000438000000000000001103680DF007C0333
:1015D000F00DC03700DF007C03F00DC03700DF00E6
:1015E0007C03F00DC03700DF007C03F00DC0370036
:1015F000DF007C03F00DC03700DF007C03F00DC07E
:1016000003C00A000000000005B83F00FF00FC0313
:10161000F00FC03F00FF00FC03F00FC03F00FF00D1
:10162000FC03F00FC03F00FF00FC03F00FC03F00C1
:10163000FF00FC03F00FC03F00FF00FC03F00FC0F1
:1016400017600E000000000003A03F00FF00FC0335
:10165000F00FC03F00FF00FC03F00FC03F00FF0091
:10166000FC03F00FC03F00FF00FC03F00FC03F0081
:10167000FF00FC03300BC03F00FF00FC03F00FC075
:101680000F000E000000000001083700DD007403A9
:10169000D00D403700DD007403D00D403700DD0071
:1016A0007403D00D403700DD007403D20D403700C5
:1016B000DD00F48B124D403700DD007403D00D4087
:1016C0000B200C000000000011A03300CD003403FB
:1016D000D00C403300CD003403D00C403300CD009B
:1016E0003403D00C403300CD003403D00C40330021
:1016F000CD003423100C413300CD003403D00C4016
:1017000047800E000000000003A83508DD007403C8
:10171000D00D403700DD007403D00D403700DD00F0
:101720007403D00D403700DD007403D00D40370046
:10173000DD007483180D403700DD007403D00D40C8
:101740000B2006000000000002A83700DF007C0329
:10175000F00DC03700DF007C03F00DC03700DF0064
:101760007C03F00DC03700DF007C03F00DC03700B4
:10177000DF007C03301DC03700DF007C03F00DC0AC
:1017800003220E000000000007803D00FF00FC0364
:10179000F00FC03F00FF00FC03F00FC03F00FF0050
:1017A000FC03F00FC03F00FF00FC03F00FC03F0040
:1017B000FF00BC03F09FC03F00FF00FC03F00FC020
:1017C000170206000000000002083500DF007C035D
:1017D000F00DC03700DF007C03F00DC03700DF00E4
:1017E0007C03F00DC03700DF007C03F00DC037181C
:1017F000DF007C07F009C03400DF007C03F00DC07F
:101800000B2004000000000013A03400DD0074036E
:10181000D00D403700DD007403D00D403700DD01EE
:101820007403D00D403700DD007483D00D423700C3
:10183000DD00F403D00D403400DD007403D00D4012
:101840004F0002000000000007A03200CD0034036A
:10185000D00C403300CD003403D00C403300CD0019
:101860003407D00C403300CD003403D00C4033009B
:10187000CD003403D00C403000CD003403D00C40F8
:101880001F000A000000000004807800ED01B4078A
:10189000D01E407B00ED01B407D01E407B00ED015F
:1018A000B407D01E407B00ED01B407D01E407B0082
:1018B000ED01B487D09A407800ED01B407D01E4006
:1018C0001B0002000000000012103000CF003C039B
:1018D000F00CC03300CF003C03F00CC03300CF103D
:1018E0003C43F00CC03300CF083C03F00CC0330085
:1018F000CF003C03F08DD03000CF003C03F00CC093
:101900004B4000000000000002B83D00FF00FC0357
:10191000F00FC03F00FF00FC03F00FC03F00FF00CE
:10192000FC03F00FC03F00FF00FC03F00FC43F00BA
:10193000FF40FC43F08FC23F02FF00FC03F00FC0EA
:101940000B6006000000000015A03700DF007C03DC
:10195000F00DC03700DF007C03F00DC03700DF0062
:101960003C07340DC03700DF007C03F00D4037002A
:10197000DF003C0F320DC23400DF007C03F00DC0ED
:1019800057000E000000000012883900ED00B4037B
:10199000D00E403B00ED00B403D00E403B00ED0004
:1019A000B403100E403B00ED00B403D00E403B00EA
:1019B000ED00B453520E403800ED00B403D00E4099
:1019C0004F2406000000000003007900ED01B40779
:1019D000D01E407B00ED01B407D01E407B00ED011E
:1019E000B407101E407B00ED01B407D01E407B0001
:1019F000ED01B417181E607900ED01B407D01E4048
:101A0000070204000000000012283300CD00340358
:101A1000D00C403300CD003403D00C403300CD0057
:101A20003403100C403300CD003403D00C4033009D
:101A3000CD0034035098403100CD003403D00C4029
:101A40004F200C000000000017A815005F007C016B
:101A5000F005C017005F007C01F005C017005F00B3
:101A60007C013005C017005F007C01F005C0170045
:101A70005F007C013005D015005F007C01F005C0DF
:101A80005F20060000000000120007001F007C001D
:101A9000F001C007001F007C00F001C007001F001C
:101AA0007C00F001C007001F007C00F201C00700AD
:101AB0001F007C00F0014006001F007C00F001C008
:101AC0004B000C0000000000100827009F007C0263
:101AD000F009C027009F007C02F009C027009F008A
:101AE0007C02F009C027009F007C02F009C027009B
:101AF0009F007C22F009C024009F007C02F009C0F6
:101B000043200C0000000000012026009D0074020C
:101B1000D0094027009D007402D0094027009D0095
:101B20007402D0094427109D007402D00940270098
:101B30009D407406D0084024009D007402D00940E6
:101B4000070008000000000018A024009D00740297
:101B5000D0094027009D007402D0094027009D0055
:101B60007402D0094027009D007402D0094027006C
:101B70009D007402D0094024009D007402D00940E9
:101B80006300020000000000102020008D003402DD
:101B9000D0084023008D003402D0084023008D007F
:101BA0003402D0084023008D003402D008402300C6
:101BB0008D003452D0094020008D003402D00840FE
:101BC00043800000000000001DB006001F007C00E4
:101BD000F001C007001F007C00F001C007001F00DB
:101BE0007C00F001C007201F207C00F001C007002E
:101BF0001F007C10F200D004001F007C00F001C028
:101C000077C00A000000000019B827009F007C027E
:101C1000F009C027009F007C02F009C027009F0048
:101C20007C02F009C027009F007C02F009402700D9
:101C30009F007C02F04BC927009F007C02F009C086
:101C400067640E000000000018A027009F007C02BF
:101C5000F009C027009F007C02F009C02700BF00E8
:101C6000FC02F009C027009F407C02F009C0270059
:101C70009F00FC92D029C027009F007C027009C001
:101C800063000E00000000001C0807001D00740027
:101C9000D0014007001D007400D0014007001D0066
:101CA0007400D0014007001D007400D001400700FF
:101CB0001D00740090414007001D00740070014831
:101CC00073220C000000000010A023008D003402DD
:101CD000D0084023008D003402D0084023008D003E
:101CE0003402D0084023008D003402D00840230085
:101CF0008D00340AD8484023008D0034025008403B
:101D00004B800E000000000018A825009D00740202
:101D1000D0094027009D007402D0094027009D0093
:101D20007402D0094027009D007402D209402700A8
:101D30009D00748290094027009D00740250094064
:101D4000632006000000000005A827009F007C0219
:101D5000F009C027009F007C02F009C027009F0007
:101D60007C02F009C027009F007C02F009C0270018
:101D70009F007C02D009C027009F007C027009C030
:101D80001720040000000000148025009F007C0242
:101D9000F009C027009F007C02F009C027009F00C7
:101DA0007C02F009C027009F007C02F009C02700D8
:101DB0009F007C02B149C027009F007C02F009C04F
:101DC0005B00040000000000140805001F007C00F8
:101DD000F001C007001F007C00F001C007001F00D9
:101DE0007C00F001C007001F007C00F001C4070068
:101DF0001F007C00F001C007001F007C00F001C044
:101E0000532004000000000014A014005D007401C1
:101E1000D0054017005D007401D0054017005D013A
:101E20007401D0054017005C007401D00540170014
:101E30005D807401D0054017005D007401D005403D
:101E4000530000000000000014A03200CD00340355
:101E5000D00C403300CD003403D00C403300CD080B
:101E60003427D00C403300CD003403D00C40330075
:101E7000CD003402D00C403300CD003403D00C40F0
:101E800053000A000000000005803800ED00B40394
:101E9000D00E403B00ED00B403D00E403B00ED00FF
:101EA000B403D00E403B00ED00B403D00E403B0025
:101EB000ED80B443D08E403B00ED00B403D00E4023
:101EC000130002000000000011107800EF01BC07B1
:101ED000F01EC07B00EF01BC07F01EC07B00EF01CD
:101EE000BC07F01EC07B00EF01BC07F01EC07B08E2
:101EF000EF01BC07F05EC47B00EF01BC07F01EC021
:101F0000534000000000000010B83500DF007C03E3
:101F1000F00DC03700DF007C03F00DC03700DF009C
:101F20007C03F00DC03700DF007C03F00D4237006A
:101F3000DF207C82F02DC13700DF007C03F00DC074
:101F4000436006000000000000A07F00FF01FC07C6
:101F5000F01FC07F00FF01FC07F01FC07F00AF0132
:101F60008C07301FC07F00FF01FC07F01FC07F00FF
:101F7000FF01FC07301FC07F00FF01FC07F01FC0FE
:101F80000B000E000000000015883900ED00B403BE
:101F9000D00E403B00ED00B403D00E403B00AD003E
:101FA0009402120E403B00ED00B403D00EC0390283
:101FB000ED80B403100E403B00ED00B403D08E4022
:101FC000572006000000000000003900ED00B403B7
:101FD000D00E403B00ED00B403D00E403B00AD00FE
:101FE0008403100E403B00ED00B403D00E403B00D4
:101FF000ED003403100E403B00ED00B403D00E4062
:10200000630004000000000000283300CD0034030A
:10201000D00C403300CD003403D00C4033008D0091
:102020001402140C403300CD003403D00C443100B2
:10203000CD003403140C423300CD003403D00C40E7
:102040001B210C000000000011A83500DF007C03FC
:10205000F00DC03700DF007C03F00DC03700DF005B
:102060004C03300DC03700DF007403F00DC03700A3
:10207000DF007C03000FC03700DF007C03F00DC0E1
:10208000532006000000000001003700DF007C0341
:10209000F00DC03700DF007C03F00DC037009F005B
:1020A0007C02F00DC03700DF007C03F00DC037006C
:1020B000DF407C03B01DC03700DF007C03F00DC0A3
:1020C00023000C000000000080083F00FF00FC031C
:1020D000F00FC03F00FF00FC03F00FC03F00FF0205
:1020E000FC27F00FC03F00FF00FC03F00FC03F00D3
:1020F000FF00BC07380FC03F00FF00FC03F00FC01B
:1021000003220C000000000085203600DD0074036F
:10211000D00D403700DD007403900D4037009D0165
:102120007406D00D403700DD007403D10DC0372098
:10213000DDC07423BE0D403700DD007403D00D40B8
:10214000070608000000000001A03400DD00740351
:10215000D00D403700DD007403D00D4037009D00E6
:102160007403D00D403700DD007403D00D403700FC
:10217000DD007402110D403700DD007403D00D4006
:1021800003000A000000000014203000CD003403DA
:10219000D00C403300CD003403900C4033008D0050
:1021A0003402D00C403380CD003403D00C403300D7
:1021B000CD003403100C403300CD003403D00C4C60
:1021C000438000000000000000B03600DF007C0308
:1021D000F00DC03700DF007C03F00DC037009F001A
:1021E0007403F00DC03700DD007C03F00DC8370824
:1021F000DF807C031B0FC03700DF007C03F00DC0C5
:1022000007400A000000000005B83F00FF00FC0383
:10221000F00FC03F00FF00FC03B00FC03F00BF0045
:10222000FC02F00FC03F00FF00FC03F00F803D00F8
:10223000FF00FC02F80FC23F00FF00FC03F00FC0DC
:1022400017E00E000000000003A03F00FF00FC03A9
:10225000F00FC03F00FF00FC03F00FC03F00FF0085
:10226000FC03F00FC03F00FF00FC03F00FC03F0075
:10227000FF00FC03F00FC03F00FF00FC03F00FC0A5
:102280000F000E000000000001083700DD0074039D
:10229000D00D403700DD007403D00D403700DD0065
:1022A0007403D00D403700DD007403D00D403700BB
:1022B000DD007403D00D403700DD007403D00D4005
:1022C00007200C000000000011A03300CD003403F3
:1022D000D00C403300CD003403D00C403300CD008F
:1022E0003403D00C403300CD003403D00C40330015
:1022F000CD003403D00C403300CD003403D00C406B
:1023000047800E000000000003A83500DD007403C4
:10231000D00D403700DD007403D00D403700DD00E4
:102320007403D00D403700DD007403D00D4037003A
:10233000DD007403D00D403700DD007403D00D4084
:102340000F2006000000000002A83700DF007C0319
:10235000F00DC03700DF007C03F00DC03700DF0058
:102360007C03F00DC03700DF007C03F00DC03700A8
:10237000DF007C03F00DC03700DF007C03F00DC0F0
:102380000B200E000000000007803D00FF00FC0352
:10239000F00FC03F00FF00FC03F00FC03F00FF0044
:1023A000FC03F00FC03F00FF00FC03F00FC03F0034
:1023B000FF00FC03F00FC03F00FF00FC03F00FC064
:1023C0001F0006000000000002083500DF007C034B
:1023D000F00DC03700DF007C03F00DC03700DF00D8
:1023E0007C03F00DC03700DF007C03F00DC0370028
:1023F000DF007C03F00DC03700DF007C03F00DC070
:102400000B2004000000000013A03400DD00740362
:10241000D00D403700DD007403D00D403700DD00E3
:102420007403D00D403700DD007403D00D40370039
:10243000DD007403D00D403700DD007403D00D4083
:102440004F0002000000000007A03200CD0034035E
:10245000D00C403300CD003403D00C403300CD000D
:102460003403D00C403300CD003403D00C40330093
:10247000CD003403D00C403300CD003403D00C40E9
:102480001F000A000000000004807800ED01B4077E
:10249000D01E407B00ED01B407D01E407B00ED0153
:1024A000B407D01E407B00ED01B407D01E407B0076
:1024B000ED01B407D01E407B00ED01B407D01E40F3
:1024C000130002000000000012103000CF003C0397
:1024D000F00CC03300CF003C03F00CC03300CF0041
:1024E0003C03F00CC03300CF003C03F00CC03300C1
:1024F000CF003C03F00CC03300CF003C03F00CC015
:102500004B4000000000000002B83D00FF00FC034B
:10251000F00FC03F00FF00FC03F00FC03F00FF00C2
:10252000FC03F00FC03F00FF00FC03F00FC03F00B2
:10253000FF00FC03F00FC03F00FF00FC03F00FC0E2
:102540000B6006000000000015A03700DF007C03D0
:10255000F00DC03700DF007C03F00DC03700DF0056
:102560007C03F00DC03700DF007C03F00DC03700A6
:10257000DF007C03F00DC03700DF007C03F00DC0EE
:1025800057000E000000000012883900ED00B4036F
:10259000D00E403B00ED00B403D00E403B00ED00F8
:1025A000B403D00E403B00ED00B403D00E403B001E
:1025B000ED00B403D00E403B00ED00B403D00E405C
:1025C0004B2006000000000003007900ED01B40775
:1025D000D01E407B00ED01B407D01E407B00ED0112
:1025E000B407D01E407B00ED01B407D01E407B0035
:1025F000ED01B407D01E407B00ED01B407D01E40B2
:102600000F0004000000000012283300CD00340346
:10261000D00C403300CD003403D00C403300CD004B
:102620003403D00C403300CD003403D00C403300D1
:10263000CD003403D00C403300CD003403D00C4027
:102640004B200C000000000017A815005F007C0163
:10265000F005C017005F007C01F005C017005F00A7
:102660007C01F005C017005F007C01F005C0170079
:102670005F007C01F005C017005F007C01F005C021
:102680005F20060000000000120007001F007C0011
:10269000F001C007001F007C00F001C007001F0010
:1026A0007C00F001C007001F007C00F001C00700A3
:1026B0001F007C00F001C007001F007C00F001C07B
:1026C0004B000C0000000000100827009F007C0257
:1026D000F009C027009F007C02F009C027009F007E
:1026E0007C02F009C027009F007C02F009C027008F
:1026F0009F007C02F009C027009F007C02F009C007
:1027000043200C0000000000012026009D00740200
:10271000D0094027009D007402D0094027009D0089
:102720007402D0094027009D007402D009402700A0
:102730009D007402D0094027009D007402D009401A
:10274000070008000000000018A024009D0074028B
:10275000D0094027009D007402D0094027009D0049
:102760007402D0094027009D007402D00940270060
:102770009D007402D0094027009D007402D00940DA
:102780006300020000000000102020008D003402D1
:10279000D0084023008D003402D0084023008D0073
:1027A0003402D0084023008D003402D008402300BA
:1027B0008D003402D0084023008D003402D0084040
:1027C00043800000000000001DB006001F007C00D8
:1027D000F001C007001F007C00F001C007001F00CF
:1027E0007C00F001C007001F007C00F001C0070062
:1027F0001F007C00F001C007001F007C00F001C03A
:1028000077C00A000000000019B027009F007C027A
:10281000F009C027009F007C02F009C027009F003C
:102820007C02F009C027009F007C02F009C027004D
:102830009F007C02F009C027009F007C02F009C0C5
:1028400067600E000000000018A027009F007C02B7
:10285000F009C027009F007C02F009C027009F00FC
:102860007C02F009C027009F007C02F009C027000D
:102870009F007C02F009C027009F007C02F009C085
:1028800063000E00000000001C0807001D0074001B
:10289000D0014007001D007400D0014007001D005A
:1028A0007400D0014007001D007400D001400700F3
:1028B0001D007400D0014007001D007400D00140CD
:1028C00073200C000000000010A023008D003402D3
:1028D000D0084023008D003402D0084023008D0032
:1028E0003402D0084023008D003402D00840230079
:1028F0008D003402D0084023008D003402D00840FF
:1029000043800E000000000018A825009D007402FE
:10291000D0094027009D007402D0094027009D0087
:102920007402D0094027009D007402D0094027009E
:102930009D007402D0094027009D007402D0094018
:10294000632006000000000005A827009F007C020D
:10295000F009C027009F007C02F009C027009F00FB
:102960007C02F009C027009F007C02F009C027000C
:102970009F007C02F009C027009F007C02F009C084
:1029800017200E0000000000148025009F007C022C
:10299000F009C027009F007C02F009C027009F00BB
:1029A0007C02F009C027009F007C02F009C02700CC
:1029B0009F007C02F009C027009F007C02F009C044
:1029C0005300060000000000140805001F007C00F2
:1029D000F001C007001F007C00F001C007001F00CD
:1029E0007C00F001C007001F007C00F001C0070060
:1029F0001F007C00F001C007001F007C00F001C038
:102A0000532004000000000014A014005D007401B5
:102A1000D0054017005D007401D0054017005D002F
:102A20007401D0054017005D007401D00540170007
:102A30005D007401D0054017005D007401D00540B1
:102A4000530002000000000014A03200CD00340347
:102A5000D00C403300CD003403D00C403300CD0007
:102A60003403D00C403300CD003403D00C4033008D
:102A7000CD003403D00C403300CD003403D00C40E3
:102A800053000A000000000005803800ED00B40388
:102A9000D00E403B00ED00B403D00E403B00ED00F3
:102AA000B403D00E403B00ED00B403D00E403B0019
:102AB000ED00B403D00E403B00ED00B403D00E4057
:102AC000170002000000000015107800EF01BC079D
:102AD000F01EC07B00EF01BC07F01EC07B00EF01C1
:102AE000BC07F01EC07B00EF01BC07F01EC07B00DE
:102AF000EF01BC07F01EC07B00EF01BC07F01EC059
:102B0000574000000000000010B83500DF007C03D3
:102B1000F00DC03700DF007C03F00DC03700DF0090
:102B20007C03F00DC03700DF007C03F00DC03700E0
:102B3000DF007C03F00DC03700DF007C03F00DC028
:102B4000436006000000000000A07F00FF01FC07BA
:102B5000F01FC07F00FF01FC07F01FC07F00FF01D6
:102B6000FC07F01FC07F00FF01FC07F01FC07F00C3
:102B7000FF01FC07F01FC07F00FF01FC07F01FC032
:102B800003000E000000000015883900ED00B403BA
:102B9000D00E403B00ED00B403D00E403B00ED00F2
:102BA000B403D00E403B00ED00B403D00E403B0018
:102BB000ED00B403D00E403B00ED00B403D00E4056
:102BC000572006000000000000003900ED00B403AB
:102BD000D00E403B00ED00B403D00E403B00ED00B2
:102BE000B403D00E403B00ED00B403D00E403B00D8
:102BF000ED00B403D00E403B00ED00B403D00E4016
:102C0000030004000000000004283300CD0034035A
:102C1000D00C403300CD003403D00C403300CD0045
:102C20003403D00C403300CD003403D00C403300CB
:102C3000CD003403D00C403300CD003403D00C4021
:102C400013200C000000000015A83500DF007C03F5
:102C5000F00DC03700DF007C03F00DC03700DF004F
:102C60007C03F00DC03700DF007C03F00DC037009F
:102C7000DF007C03F00DC03700DF007C03F00DC0E7
:102C8000572006000000000001003700DF007C0331
:102C9000F00DC03700DF007C03F00DC03700DF000F
:102CA0007C03F00DC03700DF007C03F00DC037005F
:102CB000DF007C03F00DC03700DF007C03F00DC0A7
:102CC00007000C000000000080083F00FF00FC032C
:102CD000F00FC03F00FF00FC03F00FC03F00FF00FB
:102CE000FC03F00FC03F00FF00FC03F00FC03F00EB
:102CF000FF00FC03F00FC03F00FF00FC03F00FC01B
:102D000003220C000000000081203600DD00740367
:102D1000D00D403700DD007403D00D403700DD00DA
:102D20007403D00D403700DD007403D00D40370030
:102D3000DD007403D00D403700DD007403D00D407A
:102D4000070208000000000001A03400DD00740349
:102D5000D00D403700DD007403D00D403700DD009A
:102D60007403D00D403700DD007403D00D403700F0
:102D7000DD007403D00D403700DD007403D00D403A
:102D8000070002000000000010203000CD003403D6
:102D9000D00C403300CD003403D00C403300CD00C4
:102DA0003403D00C403300CD003403D00C4033004A
:102DB000CD003403D00C403300CD003403D00C40A0
:102DC000438000000000000000B03600DF007C03FC
:102DD000F00DC03700DF007C03F00DC03700DF00CE
:102DE0007C03F00DC03700DF007C03F00DC037001E
:102DF000DF007C03F00DC03700DF007C03F00DC066
:102E000003C00A000000000005B83F00FF00FC03FB
:102E1000F00FC03F00FF00FC03F00FC03F00FF00B9
:102E2000FC03F00FC03F00FF00FC03F00FC03F00A9
:102E3000FF00FC03F00FC03F00FF00FC03F00FC0D9
:102E400017600E000000000003A83F00FF00FC0315
:102E5000F00FC03F00FF00FC03F00FC03F00FF0079
:102E6000FC03F00FC03F00EF00FC00F023C03F0563
:102E7000F394FC833007C03E00FF00FC03F00FC05A
:102E80000F800E000000000001183700DD00740301
:102E9000D00D403700DD007403D00D403700DD0059
:102EA0007403D00D4037009D007408D12140BF004D
:102EB000F10274931009403400DD007403D00D401A
:102EC0000B0004000000000011A03300CD0034030B
:102ED000D00C403300CD003403D00C403300CD0083
:102EE0003403D00C4033008D003421D06840338847
:102EF000C10074431209443200CD003403D00C40A9
:102F000047800C000000000003A03500DD007403C2
:102F1000D00D403700DD007403D00D403700DD00D8
:102F20007403D00D403700DD007421D009403740D4
:102F3000D10074051005403400DD007403D00D404D
:102F40000B2006000000000000A03700DF007C031B
:102F5000F00DC03700DF007C03F00DC03700DF004C
:102F60007C03F00DC037009F007C08F085C8374017
:102F7000D3007C033109C83620DF807C03F20DC802
:102F800003020E000000000087803D00FF00FC03EC
:102F9000F00FC03F00FF00FC03F00FC03F00FF0038
:102FA000FC03F00FC03F00FF09FC04F01FC0370016
:102FB000FF00F803D557C03F00FF00FC03F00FC02F
:102FC000172206000000000002003500DF007C032D
:102FD000F00DC03700DF007C03F00DC03700DF00CC
:102FE0007C03F00DC03720DE804C0BF001C03300B5
:102FF000D3014C03F005023708DF007C03F00DC05D
:103000002B2004000000000013A03400DD00740336
:10301000D00D403700DD007403D00D403700DD00D7
:103020007403D00D4037009C004403D019403F008A
:10303000F50A1402D818403700DD007403D00D40A3
:103040004F0002000000000007A03200CD00340352
:10305000D00C403300CD003403D00C403300CD0001
:103060003403D00C4033008D000502D000403320E3
:10307000C9820403D090403300CD003403D00C400B
:103080004F0000000000000006807800ED01B4074A
:10309000D01E407B00ED01B407D01E407B00ED0147
:1030A000B407D01E407B00FD018406D012407B0097
:1030B000CD219407D01E407B00ED01B407D01E4007
:1030C0003B0000000000000012103000CF003C0365
:1030D000F00CC03300CF003C03F00CC03300CF0035
:1030E0003C03F00CC03300CF000C0AF00CC13300DD
:1030F000CB800C03D08CC03300CF003C03F00CC05D
:103100004B6000000000000002B83D00FF00FC031F
:10311000F00FC03F00FF00FC03F00FC03F00FF00B6
:10312000FC03F00FC03F00BF00FC0AF22FC83F02B3
:10313000F718FC03F003C03F00FF00FC03F00FC0D2
:103140000B6004000000000015A03700DF007C03C6
:10315000F00DC03700DF007C03F00DC03700DF004A
:103160007C03F00DC03700DFC07C01F005C0B70064
:10317000C3140C03320DC03700DF007C03F00DC018
:1031800043200E000000000012883900ED00B40357
:10319000D00E403B00ED00B403D00E403B00ED00EC
:1031A000B403D00E403B00AD00B081D00E42BB0353
:1031B000EB0485031002403A00ED00B403D00E404A
:1031C0004F0406000000000083007900ED01B40701
:1031D000D01E407B00ED01B407D01E407B00ED0106
:1031E000B407D01E407B00AD01B407D016497381EF
:1031F000E501C4071212607B00ED01B407D01E4048
:10320000130204000000000012283300CD00340334
:10321000D00C403300CD003403D00C403300CD003F
:103220003403D00C403300CD013403D01C4033A014
:10323000CD000427101C403300CD003403D00C68AF
:103240005B200C000000000017A815005F007C0147
:10325000F005C017005F007C01F005C017005F009B
:103260007C01F005C017005F207C85F005C01700C9
:103270005700CC093037C017005F007C01F005C053
:103280005F20040000000000120007001F007C0007
:10329000F001C007001F007C00F001C007001F0004
:1032A0007C00F001C007001F087820E061C0030027
:1032B00019007C04F591C006001F007C00F001C0DD
:1032C0004B00040000000000110827009F007C0252
:1032D000F009C027009F007C02F009C027009F0072
:1032E0007C02F009C027009F007C43F01DC027200E
:1032F00093004C023009C027009F007C02F009C0F7
:103300004320040000000000012026009D007402FC
:10331000D0094027009D007402D0094027009D007D
:103320007402D0094027009D006402D0194827008C
:1033300085124C0210094027009D007402D00940FC
:10334000170000000000000018A024009D00740277
:10335000D0094027009D007402D0094027009D003D
:103360007402D0094027009D007402D889402700CC
:103370009101040310494027009D007402D00940C8
:103380007300020000000000102020008D003402B5
:10339000D0084023008D003402D0084023008D0067
:1033A0003402D0084023008D003452D04C41230514
:1033B0008534040210084023008D003402D00840F8
:1033C00043800000000000001DB006001F007C00CC
:1033D000F001C007001F007C00F001C007001F00C3
:1033E0007C00F0014007001F007C10F041C0072165
:1033F00013044D003001C807081F007C00F001C015
:1034000077E00A000000000019B827009F007C0246
:10341000F009C027009F007C02F009C027009F0030
:103420007C02F009C02700BF006C03F049C32700ED
:103430009E00DC52F40BC027009F007C02F009C004
:1034400067640E000000000019A027009F007C02A6
:10345000F009C027009F007C02F009C027009F00F0
:103460007C02F009C027009F007C12F049C12705AB
:10347000B3047C22300BC027009F007C02F009C0FF
:1034800073000E00000000009C0807001D0074007F
:10349000D0014007001D007400D0014007001D004E
:1034A0007400D0014007001D007400D064408740C4
:1034B0001B0A7C1010014007001D007400D001445D
:1034C000730204000000000010A023008D003402ED
:1034D000D0084023008D003402D0084023008D0026
:1034E0003402D0084023A08D00340AD0084923803C
:1034F0008500740601084023008D003402D0084086
:103500004B8004000000000018A825009D007402F4
:10351000D0094027009D007402D0094027009D007B
:103520007402D0094027009D007612D0094227007E
:103530009D00541210894027009D007402D009405C
:10354000632004000000000005A827009F007C0203
:10355000F009C027009F007C02F009C027009F00EF
:103560007C02F009C027009F007C86F0A9C02700DC
:10357000978074861019C127009F007C02F009C053
:1035800017000C0000000000148025009F007C0242
:10359000F009C027009F007C02F009C027009F00AF
:1035A0007C02F009C027009F237C02F00DC0230895
:1035B0009B007C02F409C027009F007C02F009C038
:1035C0004B20040000000000140805001F007C00D0
:1035D000F001C007001F007C00F001C007001F00C1
:1035E0007C00F001C007001F807808F261C0040071
:1035F00012B04C002221C004001F007C00F001C06A
:103600005320040000000000148014005D007401C9
:1036100070054017005D007401D0054017005D0083
:103620007401D0054017005D007001D00540140002
:103630007402050110154014005D007401D00540AE
:10364000430002000000000014A03200CD0034034B
:10365000D00C403300CD003403D00C403300CD00FB
:103660003403D00C403300CD003403D0AC403020C4
:10367000C8800403100C503000CD003403D00C403F
:1036800043000A000000000005803800ED00B4038C
:10369000500E403B00ED00B403D00E403B00ED0067
:1036A000B403D00E403B00ED00B403D00A40380014
:1036B000ED01C403501A413800ED00B403D00E40B0
:1036C000130006000000000015107800EF01BC0791
:1036D000F01EC07B00EF01BC07F01EC07B00EF01B5
:1036E000BC07F01EC07B00EF01BC07F00EC07000ED
:1036F000CB018C07301AC07800EF01BC07F01EC068
:10370000536000000000000010B83500DF007C03AB
:10371000700DC03700DF007C03F00DC03700DF0004
:103720007C03F00DC03700DF007C03F149C837008F
:10373000D7003C73B40CC03700DF007C03F00DC031
:10374000436006000000000002A07F00FF01FC07AC
:10375000F01FC07F00FF01FC07F01FC07F00FF01CA
:10376000FC07F01FC07F00FF01FC13306FC07C40DE
:10377000F301CD07301BC27F00FB01FC07F01FC027
:103780001B0004000000000015883900E700B403A6
:10379000D00E403B00ED00B403D00E403B00ED00E6
:1037A000B403C00E403B00ED00B403104E4038019E
:1037B000E500EC23100E413B00ED00B403D00E40B9
:1037C000570004000000000008003900ED00B403B9
:1037D000D00E403B00ED00B403D00E403B00ED00A6
:1037E000B403D00E403B00ED1034031000483B887A
:1037F000E9008443100E403B00ED00B403D00E40BE
:10380000230004000000000016283300C500340324
:10381000D00C403300CD003403D00C403300CD0039
:103820003403D00C403300CD01340312204032A0C9
:10383000CD0024171038413300CD003403D00C40A4
:103840000B2104000000000015A83500DF007C03F8
:10385000F00DC03700DF007C03F00DC03700DF0043
:103860007C03F00DC03700DD017C033025C03740FC
:10387000DB00CC0B3219403700DB007C03F00DC0BD
:10388000730106000000000009003700DF007C0320
:10389000F00DC03700DF007C03F00DC03700DF0003
:1038A0007C03F00DC03700DD007C03F021C0350043
:1038B00097027C03F00D803700DF007C03F80DC019
:1038C00093200C000000000001083F10FF00FC03E3
:1038D000F00FC03F00FF00FC03F00FC03F00FF00EF
:1038E000FC03F00FC03F00F720FC03F00FC93700C6
:1038F0004701CC03F00FE03F00F700FC03F00FC2DC
:1039000002220C000000000081003600DD0074037C
:10391000D00DC03500DD007403D00D403700DD0050
:103920007403D00D403700DD006403D069403700D8
:10393000DD0A5403C009E03500DD007403D00D40FA
:10394000070608000000000001A03400DD00740339
:10395000D00D403700DD007403D00D403700DD008E
:103960007403D00D403700DD007403D005403720CC
:10397000DD904403D28D403720DD407403D00D40EC
:10398000028002000000000010203000CD0034034F
:10399000D00C403100CD003403D00C403300CD00BA
:1039A0003403D00C403300CD002403D004683380AE
:1039B0008D001403D008603300CD003003D00C60BC
:1039C000430100000000000001B03600DF007C036E
:1039D000F00DC03700DF007C03F00DC03700DF00C2
:1039E0007C03F00DC03700DF007403F001C0370026
:1039F000D700CC03F009423700D7007C03F00DC09C
:103A000006E108000000000005B83F00FF00FC03CD
:103A1000F00FC03F00FF00FC03F00FC03F00FF00AD
:103A2000FC03F00FC03F00FF00EC03F103C03F00B8
:103A30007F00FC03F00FC03D00FF00FC03F00FC04F
:103A400017640E000000000003A03F00FF00FC030D
:103A5000F00FC03F00FF00FC03F00FC03F00FF006D
:103A6000FC03F00FC03F00FF00FC03F00FC03F005D
:103A7000FF00FC03F00FC03F00FF00FC03F00FC08D
:103A80000F000E000000000001083700DD00740385
:103A9000D00D403700DD007403D00D403700DD004D
:103AA0007403D00D403700DD007403D00D403700A3
:103AB000DD007403D00D403700DD007403D00D40ED
:103AC00007200C000000000011A03300CD003403DB
:103AD000D00C403300CD003403D00C403300CD0077
:103AE0003403D00C403300CD003403D00C403300FD
:103AF000CD003403D00C403300CD003403D00C4053
:103B000047800E000000000003A83500DD007403AC
:103B1000D00D403700DD007403D00D403700DD00CC
:103B20007403D00D403700DD007403D00D40370022
:103B3000DD007403D00D403700DD007403D00D406C
:103B40000F2006000000000002A83700DF007C0301
:103B5000F00D403700DF007C03F00DC03700DF00C0
:103B60007C03F00DC03700DF007C03F00DC0370090
:103B7000DF007C03F00DC03700DF007C03F00DC0D8
:103B80000B200E000000000007803D00FF00FC033A
:103B9000F00FC03F00FF00FC03F00FC03F00FF002C
:103BA000FC03F00FC03F00FF00FC03F00FC03F001C
:103BB000FF00FC03F00FC03F00FF00FC03F00FC04C
:103BC0001F0006000000000002083500DF007C0333
:103BD000F00DC03700DF007C03F00DC03700DF00C0
:103BE0007C03F00DC03700DF007C03F00DC0370010
:103BF000DF007C03F00DC03700DF007C03F00DC058
:103C00000B2004000000000013A03400DD0074034A
:103C1000D00D403700DD007403D00D403700DD00CB
:103C20007403D00D403700DD007403D00D40370021
:103C3000DD007403D00D403700DD007403D00D406B
:103C40004F0002000000000007A03200CD00340346
:103C5000D00C403300CD003403D00C403300CD00F5
:103C60003403D00C403300CD003403D00C4033007B
:103C7000CD003403D00C403300CD003403D00C40D1
:103C80001F000A000000000004807800ED01B40766
:103C9000D01E407B00ED01B407D01E407B00ED013B
:103CA000B407D01E407B00ED01B407D01E407B005E
:103CB000ED01B407D01E407B00ED01B407D01E40DB
:103CC000130002000000000012103000CF003C037F
:103CD000F00CC03300CF003C03F00CC03300CF0029
:103CE0003C03F00CC03300CF003C03F00CC03300A9
:103CF000CF003C03F00CC03300CF003C03F00CC0FD
:103D00004B4000000000000002B83D00FF00FC0333
:103D1000F00FC03F00FF00FC03F00FC03F00FF00AA
:103D2000FC03F00FC03F00FF00FC03F00FC03F009A
:103D3000FF00FC03F00FC03F00FF00FC03F00FC0CA
:103D40000B6006000000000015A03700DF007C03B8
:103D5000F00DC03700DF007C03F00DC03700DF003E
:103D60007C03F00DC03700DF007C03F00DC037008E
:103D7000DF007C03F00DC03700DF007C03F00DC0D6
:103D800057000E000000000012883900ED00B40357
:103D9000D00E403B00ED00B403D00E403B00ED00E0
:103DA000B403D00E403B00ED00B403D00E403B0006
:103DB000ED00B403D00E403B00ED00B403D00E4044
:103DC0004B2006000000000003007900ED01B4075D
:103DD000D01E407B00ED01B407D01E407B00ED01FA
:103DE000B407D01E407B00ED01B407D01E407B001D
:103DF000ED01B407D01E407B00ED01B407D01E409A
:103E00000F0004000000000012283300CD0034032E
:103E1000D00C403300CD003403D00C403300CD0033
:103E20003403D00C403300CD003403D00C403300B9
:103E3000CD003403D00C403300CD003403D00C400F
:103E40004B200C000000000017A815005F007C014B
:103E5000F005C017005F007C01F005C017005F008F
:103E60007C01F005C017005F007C01D005C0170081
:103E70005F007C01F005C017005F007C01F005C009
:103E80005F20060000000000120007001F007C00F9
:103E9000F001C007001F007C00F001C007001F00F8
:103EA0007C00F001C007001F007C00F001C007008B
:103EB0001F007C00F001C007001F007C00F001C063
:103EC0004B000C0000000000100827009F007C023F
:103ED000F009C027009F007C02F009C027009F0066
:103EE0007C02F009C027009F007C02F009C0270077
:103EF0009F007C02F009C027009F007C02F009C0EF
:103F000043200C0000000000012026009D007402E8
:103F1000D0094027009D007402D0094027009D0071
:103F20007402D0094027009D007402D00940270088
:103F30009D007402D0094027009D007402D0094002
:103F4000070008000000000018A024009D00740273
:103F5000D0094027009D007402D0094027009D0031
:103F60007402D0094027009D007402D00940270048
:103F70009D007402D0094027009D007402D00940C2
:103F80006300020000000000102020008D003402B9
:103F9000D0084023008D003402D0084023008D005B
:103FA0003402D0084023008D003402D008402300A2
:103FB0008D003402D0084023008D003402D0084028
:103FC00043800000000000001DB006001F007C00C0
:103FD000F001C007001F007C00F001C007001F00B7
:103FE0007C00F001C007001F007C00F001C007004A
:103FF0001F007C00F001C007001F007C00F001C022
:1040000077C00A000000000019B827009F007C025A
:10401000F009C027009F007C02F009C027009F0024
:104020007C02F009C027009F007C02F009C0270035
:104030009F007C02F009C027009F007C02F009C0AD
:1040400067600E000000000018A027009F007C029F
:10405000F009C027009F007C02F009C027009F00E4
:104060007C02F009C027009F007C02F009C02700F5
:104070009F007C02F009C027009F007C02F009C06D
:1040800063000E00000000001C0807001D00740003
:10409000D0014007001D007400D0014007001D0042
:1040A0007400D0014007001D007400D001400700DB
:1040B0001D007400D0014007001D007400D00140B5
:1040C00073200C000000000010A023008D003402BB
:1040D000D0084023008D003402D0084023008D001A
:1040E0003402D0084023008D003402D00840230061
:1040F0008D003402D0084023008D003402D00840E7
:1041000043800E000000000018A825009D007402E6
:10411000D0094027009D007402D0094027009D006F
:104120007402D0094027009D007402D00940270086
:104130009D007402D0094027009D007402D0094000
:10414000632006000000000005A827009F007C02F5
:10415000F009C027009F007C02F009C027009F00E3
:104160007C02F009C027009F007C02F009C02700F4
:104170009F007C02F009C027009F007C02F009C06C
:1041800017200E0000000000148025009F007C0214
:10419000F009C027009F007C02F009C027009F00A3
:1041A0007C02F009C027009F007C02F009C02700B4
:1041B0009F007C02F009C027009F007C02F009C02C
:1041C0005300060000000000140805001F007C00DA
:1041D000F001C007001F007C00F001C007001F00B5
:1041E0007C00F001C007001F007C00F001C0070048
:1041F0001F007C00F001C007001F007C00F001C020
:10420000532004000000000014A014005D0074019D
:10421000D0054017005D007401D0054017005D0017
:104220007401D0054017005D007401D005401700EF
:104230005D007401D0054017005D007401D0054099
:10424000530002000000000014A03200CD0034032F
:10425000D00C403300CD003403D00C403300CD00EF
:104260003403D00C403300CD003403D00C40330075
:10427000CD003403D00C403300CD003403D00C40CB
:1042800053000A000000000005803800ED00B40370
:10429000D00E403B00ED00B403D00E403B00ED00DB
:1042A000B403D00E403B00ED00B403D00E403B0001
:1042B000ED00B403D00E403B00ED00B403D00E403F
:1042C000170002000000000015107800EF01BC0785
:1042D000F01EC07B00EF01BC07F01EC07B00EF01A9
:1042E000BC07F01EC07B00EF01BC07F01EC07B00C6
:1042F000EF01BC07F01EC07B00EF01BC07F01EC041
:10430000574000000000000010B83500DF007C03BB
:10431000F00DC03700DF007C03F00DC03700DF0078
:104320007C03F00DC03700DF007C03F00DC03700C8
:10433000DF007C03F00DC03700DF007C03F00DC010
:10434000436006000000000000A07F00FF01FC07A2
:10435000F01FC07F00FF01FC07F01FC07F00FF01BE
:10436000FC07F01FC07F00FF01FC07F01FC07F00AB
:10437000FF01FC07F01FC07F00FF01FC07F01FC01A
:1043800003000E000000000015883900ED00B403A2
:10439000D00E403B00ED00B403D00E403B00ED00DA
:1043A000B403D00E403B00ED00B403D00E403B0000
:1043B000ED00B403D00E403B00ED00B403D00E403E
:1043C000572006000000000000003900ED00B40393
:1043D000D00E403B00ED00B403D00E403B00ED009A
:1043E000B403D00E403B00ED00B403D00E403B00C0
:1043F000ED00B403D00E403B00ED00B403D00E40FE
:10440000030004000000000004283300CD00340342
:10441000D00C403300CD003403D00C403300CD002D
:104420003403D00C403300CD003403D00C403300B3
:10443000CD003403D00C403300CD003403D00C4009
:1044400013200C000000000015A83500DF007C03DD
:10445000F00DC03700DF007C03F00DC03700DF0037
:104460007C03F00DC03700DF007C03F00DC0370087
:10447000DF007C03F00DC03700DF007C03F00DC0CF
:10448000572006000000000001003700DF007C0319
:10449000F00DC03700DF007C03F00DC03700DF00F7
:1044A0007C03F00DC03700DF007C03F00DC0370047
:1044B000DF007C03F00DC03700DF007C03F00DC08F
:1044C00007000C000000000080083F00FF00FC0314
:1044D000F00FC03F00FF00FC03F00FC03F00FF00E3
:1044E000FC03F00FC03F00FF00FC03F00FC03F00D3
:1044F000FF00FC03F00FC03F00FF00FC03F00FC003
:1045000003220C000000000081203600DD0074034F
:10451000D00D403700DD007403D00D403700DD00C2
:104520007403D00D403700DD007403D00D40370018
:10453000DD007403D00D403700DD007403D00D4062
:10454000070208000000000001A03400DD00740331
:10455000D00D403700DD007403D00D403700DD0082
:104560007403D00D403700DD007403D00D403700D8
:10457000DD007403D00D403700DD007403D00D4022
:10458000070002000000000010203000CD003403BE
:10459000D00C403300CD003403D00C403300CD00AC
:1045A0003403D00C403300CD003403D00C40330032
:1045B000CD003403D00C403300CD003403D00C4088
:1045C000438000000000000000B03600DF007C03E4
:1045D000F00DC03700DF007C03F00DC03700DF00B6
:1045E0007C03F00DC03700DF007C03F00DC0370006
:1045F000DF007C03F00DC03700DF007C03F00DC04E
:1046000003C00A000000000005B83F00FF00FC03E3
:10461000F00FC03F00FF00FC03F00FC03F00FF00A1
:10462000FC03F00FC03F00FF00FC03F00FC03F0091
:10463000FF00FC03F00FC03F00FF00FC03F00FC0C1
:1046400017600E000000000003A03F00FF00FC0305
:10465000F00FC03F00FF00FC03F00FC03F00FF0061
:10466000FC03F00FC03F00FF00FC03F00FC88F01F8
:10467000FF04FC83F00FC03F00FB00FC03F00FC001
:104680000F000E000000000001183700DD00740369
:10469000D00D403700D7007403D00D403700DD0047
:1046A0007403D00D403700DD007400D04D41270267
:1046B000FD027453720D403700DD007403D00D40CD
:1046C0000B000C000000000011A03300CD003403EB
:1046D000D00C403300CD003403D00C403300CD006B
:1046E0003403D00C403300CD001400D00C40130133
:1046F000CD283403D00C403300CD003403D00C401F
:1047000047800E000000000003A03500DD007403A8
:10471000D00D403700DD007403D00D403700DD00C0
:104720007403D00D403700DD4074C3D0154007003E
:10473000DD007403D00D403700DD007403D00D4060
:104740000B2006000000000082A83700DF007C0379
:10475000F00DC03700DF007C03F00DC03700DF0034
:104760007C03F00DC03700DF007CA4F14DC00700D2
:10477000DF007C03F00DC03700DB007C03F00DC0D0
:1047800003020E000000000007803D00FF00FC0354
:10479000F00FC03F00F700FC03F00FC03F00FF0028
:1047A000FC03F00FC03F00FF40FC03C10FC03F00FF
:1047B000DF00FC83700FC03F00FF00FC03F00FC060
:1047C000172206000000000002083500DF007C030D
:1047D000F00DC03700DF007C03F00DC03700DF00B4
:1047E0007C03F00DC03700DF007C0BF02DC03710CC
:1047F000DF004C03F00DC03700DF007C03F00DC07C
:104800000A2004000000000013A03400DD0074033F
:10481000D00D403700DD007403D00D403700DD00BF
:104820007403D00D403700DD407404D00D40B70054
:10483000FD004003C00D403700DD007403D00D447F
:104840006F0002000000000003203200CD8034031E
:10485000C00C403300CD003403D00C403300CD00F9
:104860003403D00C403300CD003400D00C400301A1
:10487000CD000483C00C403300CD003403D00C4085
:104880004E0000000000000004087A00ED01B407AB
:10489000D01E407B00ED01B407D01E407B00ED012F
:1048A000B407D01E407B00ED01B4C7D01E406B00A2
:1048B000ED018407D01E407B00ED01B407D01E40FF
:1048C0003B0000000000000012103200CF003C034B
:1048D000F00CC03300CF003C03F00CC03300CF001D
:1048E0003C03F00CC03300CF083C23F08CC01321F4
:1048F000CF000D03F00CC03300CF003C03F00CC020
:104900004A6000000000000002A83D00FF00FC0318
:10491000F00FC03F00FF00FC03F00FC03F00FF009E
:10492000FC03F00FC03F00FF20FE00F00FC00F009F
:10493000FF08FC03F00FC03F00FF00FC03F00FC0B6
:104940000B6004000000000010A03700DF007C03B3
:10495000F00DC03700DF007C03F00DC03700DF0032
:104960007C03F00DC03780DF007E4BF00DC40721C3
:10497000DE154C03F00DC03700DF007C03F00DC0E6
:1049800043000E000000000012993908ED00B40346
:10499000D00E403B00ED00B403D00E403B00ED00D4
:1049A000B403D00E403B00ED00B400D00E443B02F7
:1049B000CD068403D00E403B20ED00B403D00E4062
:1049C0004F0406000000000004007900ED01B40768
:1049D000D01E407B00ED01B407D01E407B00ED01EE
:1049E000B407D01E407B00ED61B484D01E407B0430
:1049F000ED018407D01E407B00ED01B407D01E40BE
:104A0000130204000000000017203300CD0034031F
:104A1000D00C403300CD003403D00C403300CD0027
:104A20003403D00C403300CD003407D009403304A8
:104A3000CD000403D00C403300CD003403D00C4033
:104A40005B200C000000000017A817005F007C012D
:104A5000F005C017005F007C01F005C017005F0083
:104A60007C01F005C017005F607C09F027C01700CB
:104A70005F004D01F005C017005F007C01F005C02C
:104A80005F00040000000000128005001F007C0091
:104A9000F001C007001F007C00F001C007001F00EC
:104AA0007C00F001C007001F007C24F011C08700CB
:104AB0001F007C00F001C007001F007C00F001C057
:104AC0004B20040000000000100825009F007C021D
:104AD000F009C027009F007C02F009C027009F005A
:104AE0007C02F009C027009F007C12F009C07421ED
:104AF0009F007C02F009C027009F007C02F009C0E3
:104B00004320040000000000012026009D007402E4
:104B1000D0094027009D007402D0094027009D0065
:104B20007402D0094027009D007402D0094224007D
:104B30009D007402D0094027009D007402D00940F6
:104B400007000000000000001CA024009D0074026B
:104B5000D0094027009D007402D0094027009D0025
:104B60007402D0094027009C007402D0094024043C
:104B70009D007402D0094027009D007402D00940B6
:104B80006300020000000000142820008D003402A1
:104B9000D0084023008D003402D0084023008D004F
:104BA0003402D0084023008D403402D00850200544
:104BB0008D143402D0084023008D003402D0084008
:104BC00043800000000000001DB006001F007C00B4
:104BD000F001C007001F007C00F001C007001F00AB
:104BE0007C00F001C007001F00FC00F001C00401C0
:104BF0001F047C00F001C007001F007C00F001C012
:104C000077E00A000000000019A927009F007C023D
:104C1000F009C027009F007C02F009C027009F0018
:104C20007C02F009C027009F00FC02F04FC127055D
:104C30009F007C52F009C027009F007C02F009C051
:104C400077640E000000000018A827009F007C0277
:104C5000F009C027009F007C02F009C027009F00D8
:104C60007C02F009C027009F00FE02F00DC027045F
:104C70009F047C0AF809C027009F007C02F009C04D
:104C800073800600000000001C0807001D0074006F
:104C9000D0014007001D007400D0014007001D0036
:104CA0007400D0014007001D007400D0014087004F
:104CB0001D007410C2014007001D007400D00140A7
:104CC00063020C0000000000120021008D0034027D
:104CD000D0084023008D003402D0084023008D000E
:104CE0003402D0084023008D003406D0484123050B
:104CF0008D023402D0084023008D003402D00840D9
:104D00004B80040000000000182825009D0074025C
:104D1000D0094027009D007402D0094027009D0063
:104D20007402D0094027009D007412D0494A270020
:104D30009D007482D0094427009D007402D0094070
:104D4000632004000000000005A827009F007C02EB
:104D5000F009C027009F007C02F009C027009F00D7
:104D60007C02F009C027009F00740EF029C0E70301
:104D70009F807C82D009C027009F007C02F009C080
:104D80001700040000000000128025009F007C0234
:104D9000F009C027009F007C02F009C027009F0097
:104DA0007C02F009C027009F007C02F009C0770058
:104DB0009F007C02F009C027009F007C02F009C020
:104DC0005B20040000000000100805001F007C00AC
:104DD000F001C007001F007C00F001C007001F00A9
:104DE0007C00F001C007001F007C00F101C88400B6
:104DF0001E007C00F801C207081F007C00F001C003
:104E0000532004000000000014A014005D00740191
:104E1000D0054017005D007401D0054017005D000B
:104E20007401D0054017005D007401D00540D50421
:104E30005D00740190054017005D007401D00540CD
:104E4000430000000000000014A03200CD00340335
:104E5000D00C403300CD003403D00C403300CD00E3
:104E60003403D00C403300CD003403D00C40F001AB
:104E7000CD003403D00C403300CD003403D00C40BF
:104E800043000A000000000001883800ED00B40370
:104E9000D00E403B00ED00B403D00E403B00ED00CF
:104EA000B403D00E403B00ED40B44290DF403900E7
:104EB000ED00B403D00E403B00ED00B403D00E442F
:104EC000130006000000000011107800EF01BC077D
:104ED000F01EC07B00EF01BC07F01EC07B00EF019D
:104EE000BC07F01EC07B00EF01BC06F05EC158009D
:104EF000EF01BC17D01EC07B00EF01BC07F01EC045
:104F0000536000000000000010A83500DF007C03A3
:104F1000F00DC03700DF007C03F00DC03700DF006C
:104F20007C03F00DC03700DF007C03F04CC0170499
:104F3000DF407C23B00DC03700DF007C03F00DC0E4
:104F4000436006000000000000207D00FF01FC0718
:104F5000F01FC07F00FF01FC07F01FC07F00FF01B2
:104F6000FC07F01FC07F00FF01BC06701FC03F019F
:104F7000F309CC27301FC07F00FF01FC07F01FC0E2
:104F80001B0004000000000015183900ED009C0310
:104F9000D00E403B00ED00B403D00E403B00ED00CE
:104FA000B403D00E403B00ED00B403B00E401B0034
:104FB000E100C423100E003B00ED00B403D00E400E
:104FC000570004000000000000003900ED00B403A9
:104FD000D00E403B00ED00B403D00E403B00ED008E
:104FE000B403D00E403B00ED00F403500E4023000C
:104FF000C1808483100E403B00ED00B403D00E400E
:10500000230104000000000004203100CD0014033F
:10501000D00C403300CD003403D00C403300CD0021
:105020003403D00C403300CD003446109C40C30004
:10503000C1000403100C403200CD003403D00C40FA
:105040000B2108000000000015A83500DF007C03DC
:10505000F00DC03700DF007C03F00DC03700DF002B
:105060007C03F00DC03700DF007C06500FC0270026
:10507000D300CC03300DC43700DD007C03F00DC03D
:10508000530106000000000001003700DF007C0330
:10509000F00DC03700DF007C03F00DC03700DF00EB
:1050A0007C03F00DC03700DF007C23F00DC0270328
:1050B000DF007C03F00DC03700DF007803F00DC087
:1050C00033200C000000000084083F00FF00FC03B8
:1050D000F00FC03F00FF00FC03F00FC03F00FF00D7
:1050E000FC03F00FC03F00FF00FC07F00FC11C01E4
:1050F000E300CC03F80FC03F00FF00FC03F00FC03B
:1051000003220C000000000085203600DD0074033F
:10511000D00D403700D7007403D00D403700DD00BC
:105120007403F00D403700DD007406D00D405400CC
:10513000DB004403D00D403600DD007403D00D4089
:10514000870208000000000001803400DD007403C5
:10515000D00D403700DD007403D00D403700DD0076
:105160007403D00D403700DD007413D00C402000D4
:10517000D9005403C00D443700DD007403D00D4046
:1051800003000A000000000010283000CD003403A6
:10519000D00C403300C5003403D00C403300CD00A8
:1051A0003403500C403300CD003402D00C540000C6
:1051B000C9001403D00C403308CC003403D00C4099
:1051C000438100000000000000B03600DF007C03D7
:1051D000F00DC03700DD007C03F00DC03700DF00AC
:1051E0007C03D00DC03700DF007C02F00FC024002C
:1051F000DB005C03D00DC83780DF007C03F00DC0FE
:1052000007610A000000000005A83F00FF00FC0342
:10521000F00FC03F00FF00FC03F00FC03F00FF0095
:10522000FC03F00FC03F00FF00FC03F00FC00F00B5
:10523000FD00EC03F00FC03E00FF00FC03F00FC0C8
:1052400017E10E000000000003A03F00FF00FC0378
:10525000F00FC03F00FF00FC03F00FC03F00FF0055
:10526000FC03F00FC03F00FF00FC03F00FC03F0045
:10527000FF00FC03F00FC03F00FF00FC03F00FC075
:105280000F000E000000000001083700DD0074036D
:10529000D00D403700DD007403D00D403700DD0035
:1052A0007403D00D403700DD007403D00D4037008B
:1052B000DD007403D00D403700DD007403D00D40D5
:1052C00007200C000000000011A03300CD003403C3
:1052D000D00C403300CD003403D00C403300CD005F
:1052E0003403D00C403300CD003403D00C403300E5
:1052F000CD003403D00C403300CD003403D00C403B
:1053000047800E000000000003A83500DD00740394
:10531000D00D403700DD007403D00D403700DD00B4
:105320007403D00D403700DD007403D00D4037000A
:10533000DD007403D00D403700DD007403D00D4054
:105340000F2006000000000002A83700DF007C03E9
:10535000F00DC03700DF007C03F00DC03700DF0028
:105360007C03F00DC03700DF007C03F00DC0370078
:10537000DF007C03F00DC03700DF007C03F00DC0C0
:105380000B200E000000000007803D00FF00FC0322
:10539000F00FC03F00FF00FC03F00FC03F00FF0014
:1053A000FC03F00FC03F00FF00FC03F00FC03F0004
:1053B000FF00FC03F00FC03F00FF00FC03F00FC034
:1053C0001F0006000000000002083500DF007C031B
:1053D000F00DC03700DF007C03F00DC03700DF00A8
:1053E0007C03F00DC03700DF007C03F00DC03700F8
:1053F000DF007C03F00DC03700DF007C03F00DC040
:105400000B2004000000000013A03400DD00740332
:10541000D00D403700DD007403D00D403700DD00B3
:105420007403D00D403700DD007403D00D40370009
:10543000DD007403D00D403700DD007403D00D4053
:105440004F0002000000000007A03200CD0034032E
:10545000D00C403300CD003403D00C403300CD00DD
:105460003403D00C403300CD003403D00C40330063
:10547000CD003403D00C403300CD003403D00C40B9
:105480001F000A000000000004807800ED01B4074E
:10549000D01E407B00ED01B407D01E407B00ED0123
:1054A000B407D01E407B00ED01B407D01E407B0046
:1054B000ED01B407D01E407B00ED01B407D01E40C3
:1054C000130002000000000012103000CF003C0367
:1054D000F00CC03300CF003C03F00CC03300CF0011
:1054E0003C03F00CC03300CF003C03F00CC0330091
:1054F000CF003C03F00CC03300CF003C03F00CC0E5
:105500004B4000000000000002B83D00FF00FC031B
:10551000F00FC03F00FF00FC03F00FC03F00FF0092
:10552000FC03F00FC03F00FF00FC03F00FC03F0082
:10553000FF00FC03F00FC03F00FF00FC03F00FC0B2
:105540000B6006000000000015A03700DF007C03A0
:10555000F00DC03700DF007C03F00DC03700DF0026
:105560007C03F00DC03700DF007C03F00DC0370076
:10557000DF007C03F00DC03700DF007C03F00DC0BE
:1055800057000E000000000012883900ED00B4033F
:10559000D00E403B00ED00B403D00E403B00ED00C8
:1055A000B403D00E403B00ED00B403D00E403B00EE
:1055B000ED00B403D00E403B00ED00B403D00E402C
:1055C0004B2006000000000003007900ED01B40745
:1055D000D01E407B00ED01B407D01E407B00ED01E2
:1055E000B407D01E407B00ED01B407D01E407B0005
:1055F000ED01B407D01E407B00ED01B407D01E4082
:105600000F0004000000000012283300CD00340316
:10561000D00C403300CD003403D00C403300CD001B
:105620003403D00C403300CD003403D00C403300A1
:10563000CD003403D00C403300CD003403D00C40F7
:105640004B200C000000000017A815005F007C0133
:10565000F005C017005F007C01F005C017005F0077
:105660007C01F005C017005F007C01F005C0170049
:105670005F007C01F005C017005F007C01F005C0F1
:105680005F20060000000000120007001F007C00E1
:10569000F001C007001F007C00F001C007001F00E0
:1056A0007C00F001C007001F007C00F001C0070073
:1056B0001F007C00F001C007001F007C00F001C04B
:1056C0004B000C0000000000100827009F007C0227
:1056D000F009C027009F007C02F009C027009F004E
:1056E0007C02F009C027009F007C02F009C027005F
:1056F0009F007C02F009C027009F007C02F009C0D7
:1057000043200C0000000000012026009D007402D0
:10571000D0094027009D007402D0094027009D0059
:105720007402D0094027009D007402D00940270070
:105730009D007402D0094027009D007402D00940EA
:10574000070008000000000018A024009D0074025B
:10575000D0094027009D007402D0094027009D0019
:105760007402D0094027009D007402D00940270030
:105770009D007402D0094027009D007402D00940AA
:105780006300020000000000102020008D003402A1
:10579000D0084023008D003402D0084023008D0043
:1057A0003402D0084023008D003402D0084023008A
:1057B0008D003402D0084023008D003402D0084010
:1057C00043800000000000001DB006001F007C00A8
:1057D000F001C007001F007C00F001C007001F009F
:1057E0007C00F001C007001F007C00F001C0070032
:1057F0001F007C00F001C007001F007C00F001C00A
:1058000077C00A000000000019B827009F007C0242
:10581000F009C027009F007C02F009C027009F000C
:105820007C02F009C027009F007C02F009C027001D
:105830009F007C02F009C027009F007C02F009C095
:1058400067600E000000000018A027009F007C0287
:10585000F009C027009F007C02F009C027009F00CC
:105860007C02F009C027009F007C02F009C02700DD
:105870009F007C02F009C027009F007C02F009C055
:1058800063000E00000000001C0807001D007400EB
:10589000D0014007001D007400D0014007001D002A
:1058A0007400D0014007001D007400D001400700C3
:1058B0001D007400D0014007001D007400D001409D
:1058C00073200C000000000010A023008D003402A3
:1058D000D0084023008D003402D0084023008D0002
:1058E0003402D0084023008D003402D00840230049
:1058F0008D003402D0084023008D003402D00840CF
:1059000043800E000000000018A825009D007402CE
:10591000D0094027009D007402D0094027009D0057
:105920007402D0094027009D007402D0094027006E
:105930009D007402D0094027009D007402D00940E8
:10594000632006000000000005A827009F007C02DD
:10595000F009C027009F007C02F009C027009F00CB
:105960007C02F009C027009F007C02F009C02700DC
:105970009F007C02F009C027009F007C02F009C054
:1059800017200E0000000000148025009F007C02FC
:10599000F009C027009F007C02F009C027009F008B
:1059A0007C02F009C027009F007C02F009C027009C
:1059B0009F007C02F009C027009F007C02F009C014
:1059C0005300060000000000140805001F007C00C2
:1059D000F001C007001F007C00F001C007001F009D
:1059E0007C00F001C007001F007C00F001C0070030
:1059F0001F007C00F001C007001F007C00F001C008
:105A0000532004000000000014A014005D00740185
:105A1000D0054017005D007401D0054017005D00FF
:105A20007401D0054017005D007401D005401700D7
:105A30005D007401D0054017005D007401D0054081
:105A4000530002000000000014A03200CD00340317
:105A5000D00C403300CD003403D00C403300CD00D7
:105A60003403D00C403300CD003403D00C4033005D
:105A7000CD003403D00C403300CD003403D00C40B3
:105A800053000A000000000005803800ED00B40358
:105A9000D00E403B00ED00B403D00E403B00ED00C3
:105AA000B403D00E403B00ED00B403D00E403B00E9
:105AB000ED00B403D00E403B00ED00B403D00E4027
:105AC000170002000000000015107800EF01BC076D
:105AD000F01EC07B00EF01BC07F01EC07B00EF0191
:105AE000BC07F01EC07B00EF01BC07F01EC07B00AE
:105AF000EF01BC07F01EC07B00EF01BC07F01EC029
:105B0000574000000000000010B83500DF007C03A3
:105B1000F00DC03700DF007C03F00DC03700DF0060
:105B20007C03F00DC03700DF007C03F00DC03700B0
:105B3000DF007C03F00DC03700DF007C03F00DC0F8
:105B4000436006000000000000A07F00FF01FC078A
:105B5000F01FC07F00FF01FC07F01FC07F00FF01A6
:105B6000FC07F01FC07F00FF01FC07F01FC07F0093
:105B7000FF01FC07F01FC07F00FF01FC07F01FC002
:105B800003000E000000000015883900ED00B4038A
:105B9000D00E403B00ED00B403D00E403B00ED00C2
:105BA000B403D00E403B00ED00B403D00E403B00E8
:105BB000ED00B403D00E403B00ED00B403D00E4026
:105BC000572006000000000000003900ED00B4037B
:105BD000D00E403B00ED00B403D00E403B00ED0082
:105BE000B403D00E403B00ED00B403D00E403B00A8
:105BF000ED00B403D00E403B00ED00B403D00E40E6
:105C0000030004000000000004283300CD0034032A
:105C1000D00C403300CD003403D00C403300CD0015
:105C20003403D00C403300CD003403D00C4033009B
:105C3000CD003403D00C403300CD003403D00C40F1
:105C400013200C000000000015A83500DF007C03C5
:105C5000F00DC03700DF007C03F00DC03700DF001F
:105C60007C03F00DC03700DF007C03F00DC037006F
:105C7000DF007C03F00DC03700DF007C03F00DC0B7
:105C8000572006000000000001003700DF007C0301
:105C9000F00DC03700DF007C03F00DC03700DF00DF
:105CA0007C03F00DC03700DF007C03F00DC037002F
:105CB000DF007C03F00DC03700DF007C03F00DC077
:105CC00007000C000000000080083F00FF00FC03FC
:105CD000F00FC03F00FF00FC03F00FC03F00FF00CB
:105CE000FC03F00FC03F00FF00FC03F00FC03F00BB
:105CF000FF00FC03F00FC03F00FF00FC03F00FC0EB
:105D000003220C000000000081203600DD00740337
:105D1000D00D403700DD007403D00D403700DD00AA
:105D20007403D00D403700DD007403D00D40370000
:105D3000DD007403D00D403700DD007403D00D404A
:105D4000070208000000000001A03400DD00740319
:105D5000D00D403700DD007403D00D403700DD006A
:105D60007403D00D403700DD007403D00D403700C0
:105D7000DD007403D00D403700DD007403D00D400A
:105D8000070002000000000010203000CD003403A6
:105D9000D00C403300CD003403D00C403300CD0094
:105DA0003403D00C403300CD003403D00C4033001A
:105DB000CD003403D00C403300CD003403D00C4070
:105DC000438000000000000000B03600DF007C03CC
:105DD000F00DC03700DF007C03F00DC03700DF009E
:105DE0007C03F00DC03700DF007C03F00DC03700EE
:105DF000DF007C03F00DC03700DF007C03F00DC036
:105E000003C00A000000000005B83F00FF00FC03CB
:105E1000F00FC03F00FF00FC03F00FC03F00FF0089
:105E2000FC03F00FC03F00FF00FC03F00FC03F0079
:105E3000FF00FC03F00FC03F00FF00FC03F00FC0A9
:105E400017600E000000000003A03F00FF00FC03ED
:105E5000F00FC03F00FF00FC03F00FC03F00FF0049
:105E6000FC03F00FC03F00FF00FC03F807E03F0019
:105E7000FF008C00B00EC03800F302EC03F00FC03E
:105E80000F000E000000000003083700DD0074035F
:105E9000D00D403700DD007403D00D403700DD0029
:105EA0007403D00D403700DD007403F00D4137005E
:105EB000DD004400300D423400D1004403D00D40D9
:105EC0001B000C000000000013A03300CD003403C1
:105ED000D00C403300CD003403D00C403300CD0053
:105EE0003403D00C403300CD003403D04C40330594
:105EF000CD144404900C400408C1042403D00C4089
:105F000047800E000000000003A83500DD00740388
:105F1000D00D403700DD007403D00D403700DD00A8
:105F20007403D00D403700DD007403501D4077002E
:105F3000CD004401900D50B400D1004403D00D4079
:105F40001B2006000000000082A83710DF007C0341
:105F5000F00DC03700DF007C03F00DC03700DF001C
:105F60007C03F00DC03700DF007C03D00D4137000B
:105F7000DF000C04B00DC09000D3006C03F00DC026
:105F800003020E000000000007803D00FF00FC033C
:105F9000F00FC03F00FF00FC03F00FC03F00FF0008
:105FA000FC03F00FC03F00FF80FC03F20FC03F0076
:105FB000FF00FC0C700FC0BF00FF00FC03F00FC01F
:105FC00017220600000000000A083500DF007C03ED
:105FD000F00DC03700DF007C03F00DC03700DF009C
:105FE0007C03F00DC03700DF007C03F00DC23718D2
:105FF000DF004C40700DC07400D3007C03F00DC076
:106000008B2004000000000013A03400DD007403A6
:10601000D00D403700DD007403D00D403700DD00A7
:106020007403D00D403700DD007403D00D403700FD
:10603000DD00440712EC40B400D1007403D00D40E1
:106040006F0002000000000017A03200CD003403F2
:10605000D00C403300CD003403D00C403300CD00D1
:106060003403D00C403300CD003403D00C40330057
:10607000CD000428503C403000D1003403D00C4007
:106080001F000000000000000D807800ED01B40743
:10609000D01E407B00ED01B407D01E407B00ED0117
:1060A000B407D01E407B00ED01B407D01E407B003A
:1060B000ED018404101E40F840E181B407D01E4079
:1060C0003B0000000000000012103000CF003C0335
:1060D000F00CC03300CF003C03F00CC03300CF0005
:1060E0003C03F00CC03300CF083C03F00CC033007D
:1060F000DF000C00700CC02001C3003C03F00CC09A
:106100005B6000000000000002B83D00FF00FC03DF
:10611000F00FC03F00FF00FC03F00FC03F00FF0086
:10612000FC03F00FC03F00FF00FC03F00FC03F0076
:10613000FF00FC01F08FD83F00FF00FC03F00FC010
:106140000B6004000000000015A03700DF007C0396
:10615000F00DC03700DF007C03F00DC03700DF001A
:106160007C03F00DC03700DF007E03F00DC0370068
:10617000DF007C00F00DC03700D3007C03F00DC0C1
:1061800043000E000000000013893900ED00B40345
:10619000D00E403B00ED00B403D00E403B00ED00BC
:1061A000B403D00E403B00ED00B403D00E403B00E2
:1061B000ED00B400F00E402F00E100B403D00E401B
:1061C0004F0406000000000001007900ED01B40753
:1061D000D01E407B00ED01B407D01E407B00ED01D6
:1061E000B407D01E407B00ED01B407D31E487B08E6
:1061F000ED01B405D01E407B00E101B407D01E4084
:10620000030204000000000013283300CD00340313
:10621000D00C403300CD003403D00C403300CD000F
:106220003403D00C403300CD203403D00840270085
:10623000CD003411500C402703C1003403D00C4072
:106240004B200C000000000017A815005F007C0127
:10625000F005C017005F007C01F005C017005F006B
:106260007C01F005C017005F807C01F126C017009B
:106270005F00F44DD004C05F4053007C01F005C0C6
:106280005F00040000000000120007001F007C00F7
:10629000F001C007001F007C00F001C007001F00D4
:1062A0007C00F001C007001F007C00F011C0070057
:1062B0001F007C08F021C087001F007C00F001C097
:1062C0004B20040000000000100827009F007C0203
:1062D000F009C027009F007C02F009C027009F0042
:1062E0007C02F009C027009F007C02F009C0240056
:1062F00093007C0EF009D8240097007C02F009C0BE
:106300004320040000000000012026009D007402CC
:10631000D0094027009D007402D0094027009D004D
:106320007402D0094027009D007402D00940253036
:1063300091807406D22941240191007402D0094051
:10634000070000000000000018A024009D00740257
:10635000D0094027009D007402D0094027009D000D
:106360007402D0094027009C007402D00940240028
:1063700091007402D00940240295007402D00940B3
:106380006300020000000000102020008D00340295
:10639000D0084023008D003402D0084023008D0037
:1063A0003402D0084023088D003402D00940214037
:1063B00081003402D00844200081003402D008401B
:1063C00043800000000000001DB006001F007C009C
:1063D000F001C007001F007C00F001C007001F0093
:1063E0007C00F001C007001F007C00F001C0040821
:1063F00013007E01F801C8044017007C00F001C0C2
:1064000077E00A000000000019B927009F007C0215
:10641000F009C027009F007C02F009C027009F0000
:106420007C02F009C027009F007C02F04BC12F05C1
:106430009F14FC02F009C02F059F147C02F009C8CC
:1064400077640E000000000018A027009F007C0267
:10645000F009C027009F007C02F009C027009F00C0
:106460007C02F009C027009F007E02F00DC0B7003B
:106470009F00FC02F00AC02C4093087C02F009C087
:1064800073000E00000000001C0807001D007400CF
:10649000D0014007001D007400D0014007001D001E
:1064A0007400D0014007001D007400D04140070077
:1064B0001D107401D00140140111047400D001407A
:1064C00063020C000000000012A023008D003402C3
:1064D000D0084023008D003402D0084023008D00F6
:1064E0003402D0084023008D003402D0084123003C
:1064F0008D003402D00840200581043402D00840C9
:106500004B0004000000000018A825009D00740244
:10651000D0094027009D007402D0094027009D004B
:106520007402D0094027009D007402D00940270161
:106530009D007406D00940240091007402D00940E7
:10654000632004000000000005A827009F007C02D3
:10655000F009C027009F007C02F009C027009F00BF
:106560007C02F009C027009F007402F039C12700A7
:106570009F007C0EF008C0E40093007C02D009C0AC
:106580001700040000000000168025009F007C0218
:10659000F009C027009F007C02F009C027009F007F
:1065A0007C02F009C027009F007C02F049C0270050
:1065B0009F007C02F009D067029F007C02F009C0B6
:1065C0005B20040000000000140805001F007C0090
:1065D000F001C007001F007C00F001C007001F0091
:1065E0007C00F001C007001F005C00F221C407001E
:1065F0001F007C04F001C0844413007C00F001C043
:10660000532004000000000014A014005D00740179
:10661000D0054017005D007401D0054017005D00F3
:106620007401D0054017005D007401D005401700CB
:106630005D00F4193007401C0051007401700540E2
:10664000430000000000000014A03200CD0034031D
:10665000D00C403300CD003403D00C403300CD00CB
:106660003403D00C403300CD003403D00C603380B1
:10667000CD002407D08C40F442C1003403D00C403C
:1066800043000A000000000005803800ED00B4035C
:10669000D00E403B00ED00B403D00E403B00ED00B7
:1066A000B403D00E403B00ED00B403D04E403B029B
:1066B000ED48B401510E400800E108B403500E4209
:1066C000130006000000000015107800EF01BC0761
:1066D000F01EC07B00EF01BC07F01EC07B00EF0185
:1066E000BC07F01EC07B00ED01BC07F2DEC07B04DE
:1066F000ED51BC07F01EC07C40E305BC07F01EC096
:10670000536000000000000010B83500DF007C037B
:10671000F00DC03700DF007C03F00DC03700DF0054
:106720007C03F00DC03700DF007C03F0EDC03701C3
:10673000DF067C03B20DD00700FF007C03F00DC024
:10674000436006000000000000A07F00FF01FC077E
:10675000F01FC07F00FF01FC07F01FC07F00FF019A
:10676000FC07F01FC07F00FF01FC07F01FC07C008A
:10677000F381AC0522DFC07C00F301FC07F01FC0F1
:106780001B0004000000000015883900ED00B40370
:10679000D00E403B00ED00B403D00E403B00ED00B6
:1067A000B403D00E403B00ED00B403D00F403800DE
:1067B000E100B40150AA420C41E100B403D08E4084
:1067C000570004000000000000003900ED00B40391
:1067D000D00E403B00ED00B403D00E403B00ED0076
:1067E000B403D00E403B00ED00B403D00E403C009B
:1067F000E100F441104E482800E100B403D00E40FF
:10680000230104000000000004283300CD003403FD
:10681000D00C403300CD003403D00C403300CD0009
:106820003403D00C403300CD003603D01C4070221E
:10683000C1003408500840C400C1003403D00C40EB
:106840000B2004000000000015A83500DF007C03C9
:10685000F00DC03700DF007C03F00DC03700DF0013
:106860007C03F00DC03700DF007C03F12FC13C40FA
:10687000F3002C0F3005D07444F3007C03F00DC0FE
:10688000530006000000000001003700DF007C0319
:10689000F00DC03700DF007C03F00DC03700DF00D3
:1068A0007C03F00DC03700DF007C03F00DC0370023
:1068B000D7407CC1F02DC28700DF007C03F00DC003
:1068C00033200C000000000080083F00FF00FC03A4
:1068D000F00FC03F00FF00FC03F00FC03F00FF00BF
:1068E000FC03F00FC03F00FF00DC03F00FC13C00D1
:1068F000F300FC03300FC00F04F600FC03F00FC0E0
:1069000003220C000000000001203600DD007403AB
:10691000D00D403700DD007403D00D403700DD009E
:106920007403D00D403700D9007403D00D403400FB
:10693000D1007403582D48C700D1807403D00D4096
:10694000870208000000000001A03400DD0074038D
:10695000D00D403700DD007403D00D403700DD005E
:106960007403D00D403700DD007003D00C403000C0
:10697000D10074011081489701D1007403D00D40FB
:1069800003000A000000000010203000CD00340396
:10699000D00C403300CD003403D00C403300CD0088
:1069A0003403D00C403300CD003403D00C403060B1
:1069B000C1007401500C400340C5003403D00C42A8
:1069C000438000000000000000B03600DF007C03C0
:1069D000F00DC03700DF007C03F00DC03700DF0092
:1069E0007C03F00DC03700DF005C03F00FC03C00FB
:1069F000F3007C011009C00740D7007C03F20DC8EA
:106A000007600A000000000005B83F00FF00FC031B
:106A1000F00FC03F00FF00FC03F00FC03F00FF007D
:106A2000FC03F00FC03F00FB00FC03F00FC03B0075
:106A3000FF00FC00F00EC00F00FB00FC03F00FC0D5
:106A400017E20E000000000003A03F00FF00FC035F
:106A5000F00FC03F00FF00FC03F00FC03F00FF003D
:106A6000FC03F00FC03F00FF00FC03F00FC03F002D
:106A7000FF00FC03F00FC03F00FF00FC03F00FC05D
:106A80000F000E000000000001083700DD00740355
:106A9000D00D403700DD007403D00D403700DD001D
:106AA0007403D00D403700DD007403D00D40370073
:106AB000DD007403D00D403700DD007403D00D40BD
:106AC00007200C000000000011A03300CD003403AB
:106AD000D00C403300CD003403D00C403300CD0047
:106AE0003403D00C403300CD003403D00C403300CD
:106AF000CD003403D00C403300CD003403D00C4023
:106B000047800E000000000003A83500DD0074037C
:106B1000D00D403700DD007403D00D403700DD009C
:106B20007403D00D403700DD007403D00D403700F2
:106B3000DD007403D00D403700DD007403D00D403C
:106B40000F2006000000000002A83700DF007C03D1
:106B5000F00DC03700DF007C03F00DC03700DF0010
:106B60007C03F00DC03700DF007C03F00DC0370060
:106B7000DF007C03F00DC03700DF007C03F00DC0A8
:106B80000B200E000000000007803D00FF00FC030A
:106B9000F00FC03F00FF00FC03F00FC03F00FF00FC
:106BA000FC03F00FC03F00FF00FC03F00FC03F00EC
:106BB000FF00FC03F00FC03F00FF00FC03F00FC01C
:106BC0001F0006000000000002083500DF007C0303
:106BD000F00DC03700DF007C03F00DC03700DF0090
:106BE0007C03F00DC03700DF007C03F00DC03700E0
:106BF000DF007C03F00DC03700DF007C03F00DC028
:106C00000B2004000000000013A03400DD0074031A
:106C1000D00D403700DD007403D00D403700DD009B
:106C20007403D00D403700DD007403D00D403700F1
:106C3000DD007403D00D403700DD007403D00D403B
:106C40004F0002000000000007A03200CD00340316
:106C5000D00C403300CD003403D00C403300CD00C5
:106C60003403D00C403300CD003403D00C4033004B
:106C7000CD003403D00C403300CD003403D00C40A1
:106C80001F000A000000000004807800ED01B40736
:106C9000D01E407B00ED01B407D01E407B00ED010B
:106CA000B407D01E407B00ED01B407D01E407B002E
:106CB000ED01B407D01E407B00ED01B407D01E40AB
:106CC000130002000000000012103000CF003C034F
:106CD000F00CC03300CF003C03F00CC03300CF00F9
:106CE0003C03F00CC03300CF003C03F00CC0330079
:106CF000CF003C03F00CC03300CF003C03F00CC0CD
:106D00004B4000000000000002B83D00FF00FC0303
:106D1000F00FC03F00FF00FC03F00FC03F00FF007A
:106D2000FC03F00FC03F00FF00FC03F00FC03F006A
:106D3000FF00FC03F00FC03F00FF00FC03F00FC09A
:106D40000B6006000000000015A03700DF007C0388
:106D5000F00DC03700DF007C03F00DC03700DF000E
:106D60007C03F00DC03700DF007C03F00DC037005E
:106D7000DF007C03F00DC03700DF007C03F00DC0A6
:106D800057000E000000000012883900ED00B40327
:106D9000D00E403B00ED00B403D00E403B00ED00B0
:106DA000B403D00E403B00ED00B403D00E403B00D6
:106DB000ED00B403D00E403B00ED00B403D00E4014
:106DC0004B2006000000000003007900ED01B4072D
:106DD000D01E407B00ED01B407D01E407B00ED01CA
:106DE000B407D01E407B00ED01B407D01E407B00ED
:106DF000ED01B407D01E407B00ED01B407D01E406A
:106E00000F0004000000000012283300CD003403FE
:106E1000D00C403300CD003403D00C403300CD0003
:106E20003403D00C403300CD003403D00C40330089
:106E3000CD003403D00C403300CD003403D00C40DF
:106E40004B200C000000000017A815005F007C011B
:106E5000F005C017005F007C01F005C017005F005F
:106E60007C01F005C017005F007C01F005C0170031
:106E70005F007C01F005C017005F007C01F005C0D9
:106E80005F20060000000000120007001F007C00C9
:106E9000F001C007001F007C00F001C007001F00C8
:106EA0007C00F001C007001F007C00F001C007005B
:106EB0001F007C00F001C007001F007C00F001C033
:106EC0004B000C0000000000100827009F007C020F
:106ED000F009C027009F007C02F009C027009F0036
:106EE0007C02F009C027009F007C02F009C0270047
:106EF0009F007C02F009C027009F007C02F009C0BF
:106F000043200C0000000000012026009D007402B8
:106F1000D0094027009D007402D0094027009D0041
:106F20007402D0094027009D007402D00940270058
:106F30009D007402D0094027009D007402D00940D2
:106F4000070008000000000018A024009D00740243
:106F5000D0094027009D007402D0094027009D0001
:106F60007402D0094027009D007402D00940270018
:106F70009D007402D0094027009D007402D0094092
:106F80006300020000000000102020008D00340289
:106F9000D0084023008D003402D0084023008D002B
:106FA0003402D0084023008D003402D00840230072
:106FB0008D003402D0084023008D003402D00840F8
:106FC00043800000000000001DB006001F007C0090
:106FD000F001C007001F007C00F001C007001F0087
:106FE0007C00F001C007001F007C00F001C007001A
:106FF0001F007C00F001C007001F007C00F001C0F2
:1070000077C00A000000000019B827009F007C022A
:10701000F009C027009F007C02F009C027009F00F4
:107020007C02F009C027009F007C02F009C0270005
:107030009F007C02F009C027009F007C02F009C07D
:1070400067600E000000000018A027009F007C026F
:10705000F009C027009F007C02F009C027009F00B4
:107060007C02F009C027009F007C02F009C02700C5
:107070009F007C02F009C027009F007C02F009C03D
:1070800063000E00000000001C0807001D007400D3
:10709000D0014007001D007400D0014007001D0012
:1070A0007400D0014007001D007400D001400700AB
:1070B0001D007400D0014007001D007400D0014085
:1070C00073200C000000000010A023008D0034028B
:1070D000D0084023008D003402D0084023008D00EA
:1070E0003402D0084023008D003402D00840230031
:1070F0008D003402D0084023008D003402D00840B7
:1071000043800E000000000018A825009D007402B6
:10711000D0094027009D007402D0094027009D003F
:107120007402D0094027009D007402D00940270056
:107130009D007402D0094027009D007402D00940D0
:10714000632006000000000005A827009F007C02C5
:10715000F009C027009F007C02F009C027009F00B3
:107160007C02F009C027009F007C02F009C02700C4
:107170009F007C02F009C027009F007C02F009C03C
:1071800017200E0000000000148025009F007C02E4
:10719000F009C027009F007C02F009C027009F0073
:1071A0007C02F009C027009F007C02F009C0270084
:1071B0009F007C02F009C027009F007C02F009C0FC
:1071C0005300060000000000140805001F007C00AA
:1071D000F001C007001F007C00F001C007001F0085
:1071E0007C00F001C007001F007C00F001C0070018
:1071F0001F007C00F001C007001F007C00F001C0F0
:10720000532004000000000014A014005D0074016D
:10721000D0054017005D007401D0054017005D00E7
:107220007401D0054017005D007401D005401700BF
:107230005D007401D0054017005D007401D0054069
:10724000530002000000000014A03200CD003403FF
:10725000D00C403300CD003403D00C403300CD00BF
:107260003403D00C403300CD003403D00C40330045
:10727000CD003403D00C403300CD003403D00C409B
:1072800053000A000000000005803800ED00B40340
:10729000D00E403B00ED00B403D00E403B00ED00AB
:1072A000B403D00E403B00ED00B403D00E403B00D1
:1072B000ED00B403D00E403B00ED00B403D00E400F
:1072C000170002000000000015107800EF01BC0755
:1072D000F01EC07B00EF01BC07F01EC07B00EF0179
:1072E000BC07F01EC07B00EF01BC07F01EC07B0096
:1072F000EF01BC07F01EC07B00EF01BC07F01EC011
:10730000574000000000000010B83500DF007C038B
:10731000F00DC03700DF007C03F00DC03700DF0048
:107320007C03F00DC03700DF007C03F00DC0370098
:10733000DF007C03F00DC03700DF007C03F00DC0E0
:10734000436006000000000000A07F00FF01FC0772
:10735000F01FC07F00FF01FC07F01FC07F00FF018E
:10736000FC07F01FC07F00FF01FC07F01FC07F007B
:10737000FF01FC07F01FC07F00FF01FC07F01FC0EA
:1073800003000E000000000015883900ED00B40372
:10739000D00E403B00ED00B403D00E403B00ED00AA
:1073A000B403D00E403B00ED00B403D00E403B00D0
:1073B000ED00B403D00E403B00ED00B403D00E400E
:1073C000572006000000000000003900ED00B40363
:1073D000D00E403B00ED00B403D00E403B00ED006A
:1073E000B403D00E403B00ED00B403D00E403B0090
:1073F000ED00B403D00E403B00ED00B403D00E40CE
:10740000030004000000000004283300CD00340312
:10741000D00C403300CD003403D00C403300CD00FD
:107420003403D00C403300CD003403D00C40330083
:10743000CD003403D00C403300CD003403D00C40D9
:1074400013200C000000000015A83500DF007C03AD
:10745000F00DC03700DF007C03F00DC03700DF0007
:107460007C03F00DC03700DF007C03F00DC0370057
:10747000DF007C03F00DC03700DF007C03F00DC09F
:10748000572006000000000001003700DF007C03E9
:10749000F00DC03700DF007C03F00DC03700DF00C7
:1074A0007C03F00DC03700DF007C03F00DC0370017
:1074B000DF007C03F00DC03700DF007C03F00DC05F
:1074C00007000C000000000080083F00FF00FC03E4
:1074D000F00FC03F00FF00FC03F00FC03F00FF00B3
:1074E000FC03F00FC03F00FF00FC03F00FC03F00A3
:1074F000FF00FC03F00FC03F00FF00FC03F00FC0D3
:1075000003220C000000000081203600DD0074031F
:10751000D00D403700DD007403D00D403700DD0092
:107520007403D00D403700DD007403D00D403700E8
:10753000DD007403D00D403700DD007403D00D4032
:10754000070208000000000001A03400DD00740301
:10755000D00D403700DD007403D00D403700DD0052
:107560007403D00D403700DD007403D00D403700A8
:10757000DD007403D00D403700DD007403D00D40F2
:10758000070002000000000010203000CD0034038E
:10759000D00C403300CD003403D00C403300CD007C
:1075A0003403D00C403300CD003403D00C40330002
:1075B000CD003403D00C403300CD003403D00C4058
:1075C000438000000000000000B03600DF007C03B4
:1075D000F00DC03700DF007C03F00DC03700DF0086
:1075E0007C03F00DC03700DF007C03F00DC03700D6
:1075F000DF007C03F00DC03700DF007C03F00DC01E
:1076000003C00A000000000005B83F00FF00FC03B3
:10761000F00FC03F00FF00FC03F00FC03F00FF0071
:10762000FC03F00FC03F00FF00FC03F00FC03F0061
:10763000FF00FC03F00FC03F00FF00FC03F00FC091
:1076400017600E000000000003A03F00FF00FC03D5
:10765000F00FC03F00FF00FC03F00FC03F00FF0031
:10766000FC03F00FC03F00FF00FC03F00FC03F0021
:10767000FF00FC237007400F00F304FC03F00FC071
:107680000F000E000000000001083700DD00740349
:10769000D00D403700DD007403D00D403700DD0011
:1076A0007403D00D403700D7007403D00D49370460
:1076B000DD0074031005400700D1007403D00D40B5
:1076C0000B200C000000000011A03300CD0034039B
:1076D000D00C403300CD003403D00C403300CD003B
:1076E0003403D00C403300CD003403D04C40330180
:1076F000CD0034025404480700C1023403D00C40CA
:1077000047800E000000000003A83500DD00740370
:10771000D00D403700DD007403D00D403700DD0090
:107720007403D00D403700DD007403D00D423700E4
:10773000DD0174021445401700D1007003D00D40E4
:107740000B2006000000000002A83700DF007C03C9
:10775000F00DC03700DF007C03F00DC03700DF0004
:107760007C03F00DC03700DF007C03F00DC0370054
:10777000DF007C447409C1A304D3007C03F00DC076
:107780000B220E000000000007803D00FF00FC03FC
:10779000F00FC03F00FF00FC03F00FC03F00FF00F0
:1077A000FC03F00FC03F00F680FC03F20FC03F2047
:1077B000FF003C24F51BC02F41DF00FC03F00FC08D
:1077C000170006000000000002083500DF007C03FF
:1077D000F00DC03700DF007C03F00DC03700DF0084
:1077E0007C03F00DC03700DF007C03F00DE03700B4
:1077F000DF007C02B08DC03602DF204C03F00DC0EC
:107800000B2004000000000013A03400DD0074030E
:10781000D00D403700DD007403D00D403700DD008F
:107820007403D00D403700DD007403D00D403700E5
:10783000DD007402140D423400FD006C03D00D40D5
:107840004F0002000000000007A03200CD0034030A
:10785000D00C403300CD003403D00C403300CD00B9
:107860003403D00C403300CD003403D00C4033003F
:10787000CD0034039014404200CD001603D00C40DC
:107880001F000A000000000004807800ED01B4072A
:10789000D01E407B00ED01B407D01E407B00ED01FF
:1078A000B407D01E407B00ED01B407D01E407B0022
:1078B000ED01B4261517485A00ED01B607D01E4059
:1078C000130002000000000012103000CF003C0343
:1078D000F00CC03300CF003C03F00CC03300CF00ED
:1078E0003C03F00CC03300CF003C03F00C403300ED
:1078F000CF003C23B084E40200CF001C03F00CC096
:107900004B4000000000000002B83D00FF00FC03F7
:10791000F00FC03F00FF00FC03F00FC03F00FF006E
:10792000FC03F00FC03F00FF00FC03F00FC03F005E
:10793000FF00FC23F006C21D00FF00EC03F00FC0A7
:107940000B6006000000000015A03700DF007C037C
:10795000F00DC03700DF007C03F00DC03700DF0002
:107960007C03F00DC03700DF006C03F00DC0350064
:10797000DF007C03300DC21700FF004C03F00DC088
:1079800057000E000000000012883900ED00B4031B
:10799000D00E403B00ED00B403D00E403B00ED00A4
:1079A000B403D00E403B20ED00B403D00E403B208A
:1079B000ED00BC031406403B00ED04AC03D00E40C8
:1079C0004F2406000000000003007900ED01B40719
:1079D000D01E407B00ED01B407D01E407B00ED01BE
:1079E000B407D01E407B00ED01B407D01E407B00E1
:1079F000ED013407101E407B00CD098407D01E40E6
:107A0000070004000000000012283300CD003403FA
:107A1000D00C403300CD003403D00C403300CD00F7
:107A20003403D00C403300CD203403D00C4033005D
:107A30008D001407110C403300CD002403D00C40FE
:107A40004F200C000000000017A815005F007C010B
:107A5000F005C017005F007C01F005C017005F0053
:107A60007C01F005C017005F006C01F005C0170035
:107A70005F00B4493427609B045F004C01D005C00F
:107A80005F20060000000000120007001F007C00BD
:107A9000F001C007001F007C00F001C007001F00BC
:107AA0007C00F001C007001F007C00F001C007004F
:107AB0001F007C40F031C047001F007C00F001C077
:107AC0004B000C0000000000100827009F007C0203
:107AD000F009C027009F007C02F009C027009F002A
:107AE0007C02F009C027009F005C02F009C027005B
:107AF0009E007C023009C0274083006C02F009E040
:107B000041200C0000000000012026009D007402AE
:107B1000D0094027009D007402D0094027009D0035
:107B20007402D0094027009C007402C00946270057
:107B30009D007402106940270091004402D0094062
:107B4000070008000000000018A024009D00740237
:107B5000D0094027009D007402D0094027009D00F5
:107B60007402D0094027009D007402D0094027000C
:107B70009D007402101940270091006402D0094052
:107B80006300020000000000102020008D0034027D
:107B9000D0084023008D003402D0084023008D001F
:107BA0003402D0084023008D003402D00840230066
:107BB0008D007452100840230081140402D0084044
:107BC00043800000000000001DB006001F007C0084
:107BD000F001C007001F007C00F001C007001F007B
:107BE0007C00F001C007001F005C00F001C0070826
:107BF0001F407E103001E0070013846C00F801C0C4
:107C000075C00A000000000019B827009F007C0220
:107C1000F009C027009F007C02F009C027009F00E8
:107C20007C02F009C027009F007C02F049C12705B3
:107C3000BF00FC53F40BC02F009F007C02F009C072
:107C400067640E000000000018A027009F007C025F
:107C5000F009C027009F007C02F009C027009F00A8
:107C60007C02F009C027009F006802F00980A7800D
:107C7000CD007C0A300E002F009F007C02F009C06E
:107C800063000E00000000001C0807001D007400C7
:107C9000D0014007001D007400D0014007001D0006
:107CA0007400D0014007001D007400D0414007005F
:107CB0001F00740810014807001D007400D001481F
:107CC00073200C000000000010A023008D0034027F
:107CD000D0084023008D003402D0084023008D00DE
:107CE0003402D0084023008D003402D00841230024
:107CF0008D00741A10084263008D023402D00840CF
:107D00004B800E000000000018A825009D007402A2
:107D1000D0094027009D007402D0094027009D0033
:107D20007402D0094027009D007402D0094027004A
:107D3000950174121C694027089D007402D0094007
:107D4000632006000000000005A827009F007C02B9
:107D5000F009C027009F007C02F009C027009F00A7
:107D60007C02F009C027009F006C02F009C02700C8
:107D70009C007C063019CC67009F007C02F009C093
:107D800017200E0000000000148025009F007C02D8
:107D9000F009C027009F007C02F009C027009F0067
:107DA0007C02F009C027009F007C02F009C0270078
:107DB0009F007C06F019C0E7209F007C02F009803C
:107DC0005B00060000000000140805001F007C0096
:107DD000F001C007001F007C00F001C007001F0079
:107DE0007C00F001C007001F007C00F201C40710F6
:107DF0001F004C083011C004101F004C00F001C0DF
:107E0000532004000000000014A014005D00740161
:107E1000D0054017005D007401D0054017005D00DB
:107E20007401D0054017005D007401D005401700B3
:107E30005D00040114274054005D004401D005405A
:107E4000530002000000000014A03200CD003403F3
:107E5000D00C403300CD003403D00C403300CD00B3
:107E60003403D00C403300CD003403D00C40330039
:107E7000CD002403900C487010CD000403D00C40BA
:107E800053000A000000000005803800ED00B40334
:107E9000D00E403B00ED00B403D00E403B00ED009F
:107EA000B403D00E403B00ED00B403D00E403B00C5
:107EB000FD012413941E403804CD018403D00E40EC
:107EC000170002000000000015107800EF01BC0749
:107ED000F01EC07B00EF01BC07F01EC07B00EF016D
:107EE000BC07F01EC07B00EF01BC07F0DEC07B24A6
:107EF000EF01AD17B41ED07800EF018C07F01EC063
:107F0000574000000000000010B83500DF007C037F
:107F1000F00DC03700DF007C03F00DC03700DF003C
:107F20007C03F00DC03700DF007C03F06DC0B700AC
:107F3000DF005C27740DC03700DF007D03F00DC04B
:107F4000436006000000000000A07F00FF01FC0766
:107F5000F01FC07F00FF01FC07F01FC07F00FF0182
:107F6000FC07F01FC07F00FF01FC07F01FC17C046D
:107F7000F301FC073017C86808F301FC07F21FC4BF
:107F800003000E000000000015883900ED00B40366
:107F9000D00E403B00ED00B403D00E403B00ED009E
:107FA000B403D00E403B00ED00B403D00F403C00C2
:107FB000E100F4031006402824E100B403D08E4011
:107FC000570006000000000000003900ED00B40377
:107FD000D00E403B00ED00B403D00E403B00ED005E
:107FE000B403D00E403B00ED00B403D00E403A0085
:107FF000E100B4031087402C00E500B403D00E402C
:10800000030004000000000004283300CD00340306
:10801000D00C403300CD003403D00C403300CD00F1
:108020003403D00C403300CD003403D00C44320074
:10803000C1007403106440E004C1003403D00C405C
:1080400013200C000000000015A83500DF007C03A1
:10805000F00DC03700DF007C03F00DC03700DF00FB
:108060007C03F00DC03700DF007C03F00FC03E0042
:10807000D300FC133020D03400D3007C03F00DC2B9
:10808000572006000000000001003700DF007C03DD
:10809000F00DC03700DF007C03F00DC03700DF00BB
:1080A0007C03F00DC03700DF007C03F00DC035000D
:1080B000DF017C03F025D82700DF007C03F00D8072
:1080C00007000C000000000080083F00FF00FC03D8
:1080D000F00FC03F00FF00FC03F00FC03F00FF00A7
:1080E000FC03F00FC03F00FF00FC03F00FC03C009A
:1080F000F300FC03301FC83C02EF00CC03F00F80FC
:1081000003220C000000000081203600DD00740313
:10811000D00D403700DD007403D00D403700DD0086
:108120007403D00D403700DC007403D00D403400E0
:10813000D1007403B11D402408DD004503D00D4873
:10814000070208000000000001A03400DD007403F5
:10815000D00D403700DD007403D00D403700DD0046
:108160007403D00D403700DD007403D00C403000A4
:10817000D10074031061502400DD004403D00D4091
:10818000070002000000000010203000CD00340382
:10819000D00C403300CD003403D00C403300CD0070
:1081A0003403D00C403300CD003403D00C403000F9
:1081B000C10034039004402000CD000403D00C40E3
:1081C00043A000000000000000B03600DF007C0388
:1081D000F00DC03700DF007C03F00DC03700DF007A
:1081E0007C03F00DC03700DD007C03F00FC03C00C5
:1081F000D3007C033005C82400DF004C03F00DC021
:1082000003800A000000000005B83F00FF00FC03E7
:10821000F00FC03F00FF00FC03F00FC03F00FF0065
:10822000FC03F00FC03F00FF00FC03F00FC03F0055
:10823000FF00FC03F006D02F00FF00FC03F00FC08E
:1082400017210E000000000003A03F00FF00FC0308
:10825000F00FC03F00FF00FC03F00FC03F00FF0025
:10826000FC03F00FC03F00FF00FC03F00FC03F0015
:10827000FF00FC03F00FC03F00FF00FC03F00FC045
:108280000F000E000000000001083700DD0074033D
:10829000D00D403700DD007403D00D403700DD0005
:1082A0007403D00D403700DD007403D00D4037005B
:1082B000DD007403D00D403700DD007403D00D40A5
:1082C00007200C000000000011A03300CD00340393
:1082D000D00C403300CD003403D00C403300CD002F
:1082E0003403D00C403300CD003403D00C403300B5
:1082F000CD003403D00C403300CD003403D00C400B
:1083000047800E000000000003A83500DD00740364
:10831000D00D403700DD007403D00D403700DD0084
:108320007403D00D403700DD007403D00D403700DA
:10833000DD007403D00D403700DD007403D00D4024
:108340000F2006000000000002A83700DF007C03B9
:10835000F00DC03700DF007C03F00DC03700DF00F8
:108360007C03F00DC03700DF007C03F00DC0370048
:10837000DF007C03F00DC03700DF007C03F00DC090
:108380000B200E000000000007803D00FF00FC03F2
:10839000F00FC03F00FF00FC03F00FC03F00FF00E4
:1083A000FC03F00FC03F00FF00FC03F00FC03F00D4
:1083B000FF00FC03F00FC03F00FF00FC03F00FC004
:1083C0001F0006000000000002083500DF007C03EB
:1083D000F00DC03700DF007C03F00DC03700DF0078
:1083E0007C03F00DC03700DF007C03F00DC03700C8
:1083F000DF007C03F00DC03700DF007C03F00DC010
:108400000B2004000000000013A03400DD00740302
:10841000D00D403700DD007403D00D403700DD0083
:108420007403D00D403700DD007403D00D403700D9
:10843000DD007403D00D403700DD007403D00D4023
:108440004F0002000000000007A03200CD003403FE
:10845000D00C403300CD003403D00C403300CD00AD
:108460003403D00C403300CD003403D00C40330033
:10847000CD003403D00C403300CD003403D00C4089
:108480001F000A000000000004807800ED01B4071E
:10849000D01E407B00ED01B407D01E407B00ED01F3
:1084A000B407D01E407B00ED01B407D01E407B0016
:1084B000ED01B407D01E407B00ED01B407D01E4093
:1084C000130002000000000012103000CF003C0337
:1084D000F00CC03300CF003C03F00CC03300CF00E1
:1084E0003C03F00CC03300CF003C03F00CC0330061
:1084F000CF003C03F00CC03300CF003C03F00CC0B5
:108500004B4000000000000002B83D00FF00FC03EB
:10851000F00FC03F00FF00FC03F00FC03F00FF0062
:10852000FC03F00FC03F00FF00FC03F00FC03F0052
:10853000FF00FC03F00FC03F00FF00FC03F00FC082
:108540000B6006000000000015A03700DF007C0370
:10855000F00DC03700DF007C03F00DC03700DF00F6
:108560007C03F00DC03700DF007C03F00DC0370046
:10857000DF007C03F00DC03700DF007C03F00DC08E
:1085800057000E000000000012883900ED00B4030F
:10859000D00E403B00ED00B403D00E403B00ED0098
:1085A000B403D00E403B00ED00B403D00E403B00BE
:1085B000ED00B403D00E403B00ED00B403D00E40FC
:1085C0004B2006000000000003007900ED01B40715
:1085D000D01E407B00ED01B407D01E407B00ED01B2
:1085E000B407D01E407B00ED01B407D01E407B00D5
:1085F000ED01B407D01E407B00ED01B407D01E4052
:108600000F0004000000000012283300CD003403E6
:10861000D00C403300CD003403D00C403300CD00EB
:108620003403D00C403300CD003403D00C40330071
:10863000CD003403D00C403300CD003403D00C40C7
:108640004B200C000000000017A815005F007C0103
:10865000F005C017005F007C01F005C017005F0047
:108660007C01F005C017005F007C01F005C0170019
:108670005F007C01F005C017005F007C01F005C0C1
:108680005F20060000000000120007001F007C00B1
:10869000F001C007001F007C00F001C007001F00B0
:1086A0007C00F001C007001F007C00F001C0070043
:1086B0001F007C00F001C007001F007C00F001C01B
:1086C0004B000C0000000000100827009F007C02F7
:1086D000F009C027009F007C02F009C027009F001E
:1086E0007C02F009C027009F007C02F009C027002F
:1086F0009F007C02F009C027009F007C02F009C0A7
:1087000043200C0000000000012026009D007402A0
:10871000D0094027009D007402D0094027009D0029
:108720007402D0094027009D007402D00940270040
:108730009D007402D0094027009D007402D00940BA
:10874000070008000000000018A024009D0074022B
:10875000D0094027009D007402D0094027009D00E9
:108760007402D0094027009D007402D00940270000
:108770009D007402D0094027009D007402D009407A
:108780006300020000000000102020008D00340271
:10879000D0084023008D003402D0084023008D0013
:1087A0003402D0084023008D003402D0084023005A
:1087B0008D003402D0084023008D003402D00840E0
:1087C00043800000000000001DB006001F007C0078
:1087D000F001C007001F007C00F001C007001F006F
:1087E0007C00F001C007001F007C00F001C0070002
:1087F0001F007C00F001C007001F007C00F001C0DA
:1088000077C00A000000000019B827009F007C0212
:10881000F009C027009F007C02F009C027009F00DC
:108820007C02F009C027009F007C02F009C02700ED
:108830009F007C02F009C027009F007C02F009C065
:1088400067600E000000000018A027009F007C0257
:10885000F009C027009F007C02F009C027009F009C
:108860007C02F009C027009F007C02F009C02700AD
:108870009F007C02F009C027009F007C02F009C025
:1088800063000E00000000001C0807001D007400BB
:10889000D0014007001D007400D0014007001D00FA
:1088A0007400D0014007001D007400D00140070093
:1088B0001D007400D0014007001D007400D001406D
:1088C00073200C000000000010A023008D00340273
:1088D000D0084023008D003402D0084023008D00D2
:1088E0003402D0084023008D003402D00840230019
:1088F0008D003402D0084023008D003402D008409F
:1089000043800E000000000018A825009D0074029E
:10891000D0094027009D007402D0094027009D0027
:108920007402D0094027009D007402D0094027003E
:108930009D007402D0094027009D007402D00940B8
:10894000632006000000000005A827009F007C02AD
:10895000F009C027009F007C02F009C027009F009B
:108960007C02F009C027009F007C02F009C02700AC
:108970009F007C02F009C027009F007C02F009C024
:1089800017200E0000000000148025009F007C02CC
:10899000F009C027009F007C02F009C027009F005B
:1089A0007C02F009C027009F007C02F009C027006C
:1089B0009F007C02F009C027009F007C02F009C0E4
:1089C0005300060000000000140805001F007C0092
:1089D000F001C007001F007C00F001C007001F006D
:1089E0007C00F001C007001F007C00F001C0070000
:1089F0001F007C00F001C007001F007C00F001C0D8
:108A0000532004000000000014A014005D00740155
:108A1000D0054017005D007401D0054017005D00CF
:108A20007401D0054017005D007401D005401700A7
:108A30005D007401D0054017005D007401D0054051
:108A4000530002000000000014A03200CD003403E7
:108A5000D00C403300CD003403D00C403300CD00A7
:108A60003403D00C403300CD003403D00C4033002D
:108A7000CD003403D00C403300CD003403D00C4083
:108A800053000A000000000005803800ED00B40328
:108A9000D00E403B00ED00B403D00E403B00ED0093
:108AA000B403D00E403B00ED00B403D00E403B00B9
:108AB000ED00B403D00E403B00ED00B403D00E40F7
:108AC000170002000000000015107800EF01BC073D
:108AD000F01EC07B00EF01BC07F01EC07B00EF0161
:108AE000BC07F01EC07B00EF01BC07F01EC07B007E
:108AF000EF01BC07F01EC07B00EF01BC07F01EC0F9
:108B0000574000000000000010B83500DF007C0373
:108B1000F00DC03700DF007C03F00DC03700DF0030
:108B20007C03F00DC03700DF007C03F00DC0370080
:108B3000DF007C03F00DC03700DF007C03F00DC0C8
:108B4000436006000000000000A07F00FF01FC075A
:108B5000F01FC07F00FF01FC07F01FC07F00FF0176
:108B6000FC07F01FC07F00FF01FC07F01FC07F0063
:108B7000FF01FC07F01FC07F00FF01FC07F01FC0D2
:108B800003000E000000000015883900ED00B4035A
:108B9000D00E403B00ED00B403D00E403B00ED0092
:108BA000B403D00E403B00ED00B403D00E403B00B8
:108BB000ED00B403D00E403B00ED00B403D00E40F6
:108BC000572006000000000000003900ED00B4034B
:108BD000D00E403B00ED00B403D00E403B00ED0052
:108BE000B403D00E403B00ED00B403D00E403B0078
:108BF000ED00B403D00E403B00ED00B403D00E40B6
:108C0000030004000000000004283300CD003403FA
:108C1000D00C403300CD003403D00C403300CD00E5
:108C20003403D00C403300CD003403D00C4033006B
:108C3000CD003403D00C403300CD003403D00C40C1
:108C400013200C000000000015A83500DF007C0395
:108C5000F00DC03700DF007C03F00DC03700DF00EF
:108C60007C03F00DC03700DF007C03F00DC037003F
:108C7000DF007C03F00DC03700DF007C03F00DC087
:108C8000572006000000000001003700DF007C03D1
:108C9000F00DC03700DF007C03F00DC03700DF00AF
:108CA0007C03F00DC03700DF007C03F00DC03700FF
:108CB000DF007C03F00DC03700DF007C03F00DC047
:108CC00007000C000000000080083F00FF00FC03CC
:108CD000F00FC03F00FF00FC03F00FC03F00FF009B
:108CE000FC03F00FC03F00FF00FC03F00FC03F008B
:108CF000FF00FC03F00FC03F00FF00FC03F00FC0BB
:108D000003220C000000000081203600DD00740307
:108D1000D00D403700DD007403D00D403700DD007A
:108D20007403D00D403700DD007403D00D403700D0
:108D3000DD007403D00D403700DD007403D00D401A
:108D4000070208000000000001A03400DD007403E9
:108D5000D00D403700DD007403D00D403700DD003A
:108D60007403D00D403700DD007403D00D40370090
:108D7000DD007403D00D403700DD007403D00D40DA
:108D8000070002000000000010203000CD00340376
:108D9000D00C403300CD003403D00C403300CD0064
:108DA0003403D00C403300CD003403D00C403300EA
:108DB000CD003403D00C403300CD003403D00C4040
:108DC000438000000000000000B03600DF007C039C
:108DD000F00DC03700DF007C03F00DC03700DF006E
:108DE0007C03F00DC03700DF007C03F00DC03700BE
:108DF000DF007C03F00DC03700DF007C03F00DC006
:108E000003C00A000000000005B83F00FF00FC039B
:108E1000F00FC03F00FF00FC03F00FC03F00FF0059
:108E2000FC03F00FC03F00FF00FC03F00FC03F0049
:108E3000FF00FC03F00FC03F00FF00FC03F00FC079
:108E400017600E000000000003A03F00FF00FC03BD
:108E5000F00FC03F00FF00FC03F00FC03F00FF0019
:108E6000FC03F00FC03F00FF00FC03F00FC03C000C
:108E7000FF08FC03F003C03812FF00FC03F00FC032
:108E80000F000E000000000003083700DD0074032F
:108E9000D00D403700DD007403D00D403700DD00F9
:108EA0007403D00D403718DD007403D00D51340029
:108EB000DD007403D20140B401DD007403D00D4025
:108EC0001B000C000000000013A03300CD00340391
:108ED000D00C403300CD003403D00C403300CD0023
:108EE0003403D00C403300CD003403D04C4030006C
:108EF000CD003403D00050B001CD003403D00C407D
:108F000047800E000000000003A83500DD00740358
:108F1000D00D403700DD007403D00D403700DD0078
:108F20007403D00D403700DD007603D00D423408C5
:108F3000DD007403D011413400DD007403D00D4016
:108F40001B2006000000000082883700DF007C0341
:108F5000F00DC03700DF007C03F00DC03700DF00EC
:108F60007C03F00DC03700DF007C83F00DC03400BF
:108F7000DF007C03F039C03400DF007C03F00DC05B
:108F800003020E000000000007803D00FF00FC030C
:108F9000F00FC03F00FF00FC03F00FC03F00FF00D8
:108FA000FC03F00FC03F00FF80FC03F20FC83F201E
:108FB000FF00FC03F000C03F00FF00FC03F00FC007
:108FC00017220600000000002A083500DF007C039D
:108FD000F00DC03700DF007C03F00DC03700DF006C
:108FE0007C03F00DC03700DF007C03F00DC03700BC
:108FF000DF007C83F209C43440D3007C03F00DC051
:109000000B2004000000000013A03400DD007403F6
:10901000D00DC03700DD007403D00D403700DD00F7
:109020007403D00D403700DD007403D00D403700CD
:10903000DD007403D009503C00D1207403D00D0032
:109040006F0002000000000007A03290CD00340342
:10905000D00C403300CD003403D00C403300CD00A1
:109060003403D00C403300CD003403D00D40330026
:10907000CD003403D000403010C1003403D00C4088
:109080001F000000000000000D807800ED01B40713
:10909000D01E407B00ED01B407D01E407B00ED01E7
:1090A000B407D01E407B00ED01B407D01E427B0008
:1090B000ED01B407D052407808E101B407D01E405A
:1090C0007B0000000000000012103000CF003C03C5
:1090D000F00CC03300CF003C03F00CC03300CF00D5
:1090E0003C03F00CC03300CF003C03F00CC0330055
:1090F000CF003C03F008C03000C3003C03F00CC0BC
:109100005B6000000000000002B83D00FF00FC03AF
:10911000F00FC03D00FF00FC03F00FC03F00FF0058
:10912000FC03F00FC03F00FF00FC03F00FC03F0046
:10913000FF00FC03F04BC03F04FF00FC03F00FC036
:109140000B6004000000000015A03700DF007C0366
:10915000F00DC03700DF007C03F00DC03700DF00EA
:109160007C03F00DC03700DF007C03F00DC037102A
:10917000DF007C03F001C03C00DF807C03E00DC019
:1091800043000E000000000013893900ED00B40315
:10919000D00E403B00ED00B403D00E403B00ED008C
:1091A000B403D00E403B20ED00B403D00E403B0092
:1091B000EC00B403D206403801ED00B403900E4039
:1091C0004F0406000000000001007900ED01B40723
:1091D000D01E407B00ED01B407D01E407B00ED01A6
:1091E000B407D01E407B00ED01B407D01E407B00C9
:1091F000ED01B407D018407800ED01B407D01E404F
:10920000030204000000000013283300CD003403E3
:10921000D00C403300CD003403D00C403300CD00DF
:109220003403D00C403300CD203403D00C40330045
:10923000CD003403D00C413000CD003403900C40FD
:109240004B200C000000000017A815005F007C01F7
:10925000F005C017005F007C01F005C017005F003B
:109260007C01F005C017185F007C01F005C01700F5
:109270005F207C01F077D014005F007C01F005C016
:109280005F00040000000000120007001F007C00C7
:10929000F001C007001F007C00F001C007001F00A4
:1092A0007C00F001C007001F007C00F201C0070035
:1092B0001F007C00F101C087001F007C00B001C0CE
:1092C0004B20040000000000100827009F007C02D3
:1092D000F009C027009F007C02F009C027009F0012
:1092E0007C02F009C027009F007C02F009C0240026
:1092F0009F007C02F008C024009F007C02F009C09F
:109300004320040000000000012026009D0074029C
:10931000D0094027009D007402D0094027009D001D
:109320007402D0094027009D007402D0095024081F
:1093300099007402D00944A4009D007402D0094031
:10934000070000000000000018A024009D00740227
:10935000D0094027009D007402D0094027009D00DD
:109360007402D0094027009D007402D008402400F8
:109370009D007402D0094024009D007402D0094071
:109380006300020000000000102020008D00340265
:10939000D0084023008D003402D0084023008D0007
:1093A0003402D0084023008D003402D00840201041
:1093B0008D003402D0485120058D003402D0084081
:1093C00043800000000000001DB006001F007C006C
:1093D000F001C007001F007C00F001C007001F0063
:1093E0007C00F001C007001F007C00F001C00400F9
:1093F0001F007C00F041C014011F007C00F001C080
:1094000077E00A000000000019B927009F007C02E5
:10941000F009C027009F007C02F009C027009F00D0
:109420007C02F009C027009F007C02F049C12700A0
:109430009B147C02F20B8027059F007C02F009C080
:1094400077640E000000000018A027009F007C0237
:10945000F009C027009F007C02F009C027009F0090
:109460007C02F009C027009F007C02E009C02700B1
:109470009E007C02F049C1AC019F007C02F009C053
:1094800073200E00000000001C0807001D0074007F
:10949000D0014007001D007400D0014007001D00EE
:1094A0007400D0014007001D007400D04141070046
:1094B0001D007400D0214084001D007400D00140C4
:1094C00063420C000000000012A023008D00340253
:1094D000D0084023008D003402D0084023008D00C6
:1094E0003402D0084023008D003402D0084023000D
:1094F0008D143402DA084020028D003402D0084076
:109500004B0004000000000018A825009D00740214
:10951000D0094027009D007402D0094027009D001B
:109520007402D0094027009D007402D00940270032
:109530009D007402D0095024009D007402D009409F
:10954000630004000000000005A827009F007C02C3
:10955000F009C027009F007C02F009C027009F008F
:109560007C02F009C027009F007C02F009C02700A0
:109570009F007C02F209C324109F007C02F009C006
:109580001720040000000000168025009F007C02C8
:10959000F009C027009F007C02F009C027009F004F
:1095A0007C02F009C027009F007C02F009C0270060
:1095B0009F007C02F008C027009F007C02F009C0D9
:1095C0005B00040000000000140805001F007C0080
:1095D000F001C007001F007C00F001C007001F0061
:1095E0007C00F001C007001F007C00F001C40700F0
:1095F0001F007C00F021C0040013007C00F001C0BB
:10960000532004000000000014A014005D00740149
:10961000D0054017005D007401D0054017005D00C3
:109620007401D0054017005D007401D0054017009B
:109630005D007401D005409C0051007401D00544C8
:10964000430000000000000014A03200CD003403ED
:10965000D00C403300CD003403D00C403300CD009B
:109660003403D00C403300CD003403D00C40330021
:10967000CD003403D00C407043C1003403D00C4003
:1096800043000A000000000005803800ED00B4032C
:10969000D00E403B00ED00B403D00E403B00ED0087
:1096A000B403D00E403B00ED00B403D04E403B006D
:1096B000ED04B403D00C407000E100B403D00E40C0
:1096C000130002000000000015107800EF01BC0735
:1096D000F01EC07B00EF01BC07F01EC07B00EF0155
:1096E000BC07F01EC07B00EF01BC07F0DEC07B00B2
:1096F000EF05BC87F01EC07800E301BC07F01EC078
:10970000536000000000000010B83500DF007C034B
:10971000F00DC03700DF007C03F00DC03700DF0024
:109720007C03F00DC03700DF007C03F0EDC0370094
:10973000DF007C03F00DD03F00DF007C03F00DC0A4
:10974000436006000000000000A07F00FF01FC074E
:10975000F01FC07F00FF01FC07F01FC07F00FF016A
:10976000FC07F01FC07F00FF01FC07F01FC07F0057
:10977000FF13CC07F01FC06C00FF01FC07F01FC0F7
:109780001B2004000000000015883900ED00B40320
:10979000D00E403B00ED00B403D00E403B00ED0086
:1097A000B403D00E403B00ED00B403D00E403B00AC
:1097B000FD008403D00E402800ED00B403D00E401D
:1097C000570004000000000000003900ED00B40361
:1097D000D00E403B00ED00B403D00E403B00ED0046
:1097E000B403D00E403B00ED00B403D00E403B006C
:1097F000ED008423D00E402800ED00B403D00E40CD
:10980000230004000000000004283300CD003403CE
:10981000D00C403300CD003403D00C403300CD00D9
:109820003403D00C403300CD003403D80C40330057
:10983000CD000403D02C502400CD003403D00C40C4
:109840000B2104000000000015A83500DF007C0398
:10985000F00DC03700DF007C03F00DC03700DF00E3
:109860007C03F00DC03700DF007C03F00FC0370031
:10987000FF004C03F03DD00400DF207C03F00DC05E
:10988000532106000000000001003700DF007C03C8
:10989000F00DC03700DF007C03F00DC03700DF00A3
:1098A0007C03F00DC03710DF007C03F00DC03700E3
:1098B000DF007C03F08DC08700DF007C03F00DC06B
:1098C00033000C000000000080083F00FF00FC0394
:1098D000F00FC03F00FF00FC03F00FC03F00FF008F
:1098E000FC03F00FC03F00FF00FC03F00FC03F007F
:1098F000FF00CC03F00CD16C00F300FC03F00FC0B0
:1099000023260C000000000001203600DD00740357
:10991000D00D403700DD007403D00D403700DD006E
:109920007403D00D403700DD007403D00D403700C4
:10993000DD004403D00D406400D1007403D00D401D
:10994000070208000000000001A03400DD007403DD
:10995000D00D403700DD007403D00D403700DD002E
:109960007403D00D403700DD207403D00D40370064
:10997000CD004403D00D40B441D1007403D00D405C
:1099800003000A000000000010203000CD00340366
:10999000D00C403300CD003403D00C403300CD0058
:1099A0003403D00C403300CD003403D00C403300DE
:1099B000CD000403D00C403000C1803403D00C40F3
:1099C000430100000000000000B03600DF007C030F
:1099D000F00DC03700DF007C03F00DC03700DF0062
:1099E0007C03F00DC03700DF007C03F00FC03700B0
:1099F000FF004C03F00DC03400D3007C03F00DC019
:109A0000076508000000000005B83F00FF00FC03E8
:109A1000F00FC03F00FF00FC03F00FC03F00FF004D
:109A2000FC03F00FC03F00FF00FC03F00FC03F003D
:109A3000FF00FC03F10FC03F00FF00FC03F00FC06C
:109A400017600E000000000003A03F00FF00FC03B1
:109A5000F00FC03F00FF00FC03F00FC03F00FF000D
:109A6000FC03F00FC03F00FF00FC03F00FC03F00FD
:109A7000FF00FC03F00FC03F00FF00FC03F00FC02D
:109A80000F000E000000000001083700DD00740325
:109A9000D00D403700DD007403D00D403700DD00ED
:109AA0007403D00D403700DD007403D00D40370043
:109AB000DD007403D00D403700DD007403D00D408D
:109AC00007200C000000000011A03300CD0034037B
:109AD000D00C403300CD003403D00C403300CD0017
:109AE0003403D00C403300CD003403D00C4033009D
:109AF000CD003403D00C403300CD003403D00C40F3
:109B000047800E000000000003A83500DD0074034C
:109B1000D00D403700DD007403D00D403700DD006C
:109B20007403D00D403700DD007403D00D403700C2
:109B3000DD007403D00D403700DD007403D00D400C
:109B40000F2006000000000002A83700DF007C03A1
:109B5000F00DC03700DF007C03F00DC03700DF00E0
:109B60007C03F00DC03700DF007C03F00DC0370030
:109B7000DF007C03F00DC03700DF007C03F00DC078
:109B80000B200E000000000007803D00FF00FC03DA
:109B9000F00FC03F00FF00FC03F00FC03F00FF00CC
:109BA000FC03F00FC03F00FF00FC03F00FC03F00BC
:109BB000FF00FC03F00FC03F00FF00FC03F00FC0EC
:109BC0001F0006000000000002083500DF007C03D3
:109BD000F00DC03700DF007C03F00DC03700DF0060
:109BE0007C03F00DC03700DF007C03F00DC03700B0
:109BF000DF007C03F00DC03700DF007C03F00DC0F8
:109C00000B2004000000000013A03400DD007403EA
:109C1000D00D403700DD007403D00D403700DD006B
:109C20007403D00D403700DD007403D00D403700C1
:109C3000DD007403D00D403700DD007403D00D400B
:109C40004F0002000000000007A03200CD003403E6
:109C5000D00C403300CD003403D00C403300CD0095
:109C60003403D00C403300CD003403D00C4033001B
:109C7000CD003403D00C403300CD003403D00C4071
:109C80001F000A000000000004807800ED01B40706
:109C9000D01E407B00ED01B407D01E407B00ED01DB
:109CA000B407D01E407B00ED01B407D01E407B00FE
:109CB000ED01B407D01E407B00ED01B407D01E407B
:109CC000130002000000000012103000CF003C031F
:109CD000F00CC03300CF003C03F00CC03300CF00C9
:109CE0003C03F00CC03300CF003C03F00CC0330049
:109CF000CF003C03F00CC03300CF003C03F00CC09D
:109D00004B4000000000000002B83500DF007C037B
:109D1000F00DC03700DF007C03F00DC03700DF001E
:109D20007C03F00DC03700DF007C03F00DC037006E
:109D3000DF007C03F00DC03700DF007C03F00DC0B6
:109D40000B6006000000000015A03700DF007C0358
:109D5000F00DC03700DF007C03F00DC03700DF00DE
:109D60007C03F00DC03700DF007C03F00DC037002E
:109D7000DF007C03F00DC03700DF007C03F00DC076
:109D800057000E000000000012883900ED00B403F7
:109D9000D00E403B00ED00B403D00E403B00ED0080
:109DA000B403D00E403B00ED00B403D00E403B00A6
:109DB000ED00B403D00E403B00ED00B403D00E40E4
:109DC0004B2006000000000003007900ED01B407FD
:109DD000D01E407B00ED01B407D01E407B00ED019A
:109DE000B407D01E407B00ED01B407D01E407B00BD
:109DF000ED01B407D01E407B00ED01B407D01E403A
:109E00000F0004000000000012283300CD003403CE
:109E1000D00C403300CD003403D00C403300CD00D3
:109E20003403D00C403300CD003403D00C40330059
:109E3000CD003403D00C403300CD003403D00C40AF
:109E40004B200C000000000017A815005F007C01EB
:109E5000F005C017005F007C01F005C017005F002F
:109E60007C01F005C017005F007C01F005C0170001
:109E70005F007C01F005C017005F007C01F005C0A9
:109E80005F20060000000000120007001F007C0099
:109E9000F001C007001F007C00F001C007001F0098
:109EA0007C00F001C007001F007C00F001C007002B
:109EB0001F007C00F001C007001F007C00F001C003
:109EC0004B000C0000000000100827009F007C02DF
:109ED000F009C027009F007C02F009C027009F0006
:109EE0007C02F009C027009F007C02F009C0270017
:109EF0009F007C02F009C027009F007C02F009C08F
:109F000043200C0000000000012026009D00740288
:109F1000D0094027009D007402D0094027009D0011
:109F20007402D0094027009D007402D00940270028
:109F30009D007402D0094027009D007402D00940A2
:109F4000070008000000000018A024009D00740213
:109F5000D0094027009D007402D0094027009D00D1
:109F60007402D0094027009D007402D009402700E8
:109F70009D007402D0094027009D007402D0094062
:109F80006300020000000000102020008D00340259
:109F9000D0084023008D003402D0084023008D00FB
:109FA0003402D0084023008D003402D00840230042
:109FB0008D003402D0084023008D003402D00840C8
:109FC00043800000000000001DB006001F007C0060
:109FD000F001C007001F007C00F001C007001F0057
:109FE0007C00F001C007001F007C00F001C00700EA
:109FF0001F007C00F001C007001F007C00F001C0C2
:10A0000077C00A000000000019B827009F007C02FA
:10A01000F009C027009F007C02F009C027009F00C4
:10A020007C02F009C027009F007C02F009C02700D5
:10A030009F007C02F009C027009F007C02F009C04D
:10A0400067600E000000000018A027009F007C023F
:10A05000F009C027009F007C02F009C027009F0084
:10A060007C02F009C027009F007C02F009C0270095
:10A070009F007C02F009C027009F007C02F009C00D
:10A0800063000E00000000001C0807001D007400A3
:10A09000D0014007001D007400D0014007001D00E2
:10A0A0007400D0014007001D007400D0014007007B
:10A0B0001D007400D0014007001D007400D0014055
:10A0C00073200C000000000010A023008D0034025B
:10A0D000D0084023008D003402D0084023008D00BA
:10A0E0003402D0084023008D003402D00840230001
:10A0F0008D003402D0084023008D003402D0084087
:10A1000043800E000000000018A825009D00740286
:10A11000D0094027009D007402D0094027009D000F
:10A120007402D0094027009D007402D00940270026
:10A130009D007402D0094027009D007402D00940A0
:10A14000632006000000000005A827009F007C0295
:10A15000F009C027009F007C02F009C027009F0083
:10A160007C02F009C027009F007C02F009C0270094
:10A170009F007C02F009C027009F007C02F009C00C
:10A1800017200E0000000000148025009F007C02B4
:10A19000F009C027009F007C02F009C027009F0043
:10A1A0007C02F009C027009F007C02F009C0270054
:10A1B0009F007C02F009C027009F007C02F009C0CC
:10A1C0005300060000000000140805001F007C007A
:10A1D000F001C007001F007C00F001C007001F0055
:10A1E0007C00F001C007001F007C00F001C00700E8
:10A1F0001F007C00F001C007001F007C00F001C0C0
:10A20000532004000000000014A014005D0074013D
:10A21000D0054017005D007401D0054017005D00B7
:10A220007401D0054017005D007401D0054017008F
:10A230005D007401D0054017005D007401D0054039
:10A24000530002000000000014A03200CD003403CF
:10A25000D00C403300CD003403D00C403300CD008F
:10A260003403D00C403300CD003403D00C40330015
:10A27000CD003403D00C403300CD003403D00C406B
:10A2800053000A000000000005803800ED00B40310
:10A29000D00E403B00ED00B403D00E403B00ED007B
:10A2A000B403D00E403B00ED00B403D00E403B00A1
:10A2B000ED00B403D00E403B00ED00B403D00E40DF
:10A2C000170002000000000015107800EF01BC0725
:10A2D000F01EC07B00EF01BC07F01EC07B00EF0149
:10A2E000BC07F01EC07B00EF01BC07F01EC07B0066
:10A2F000EF01BC07F01EC07B00EF01BC07F01EC0E1
:10A30000574000000000000010B83500DF007C035B
:10A31000F00DC03700DF007C03F00DC03700DF0018
:10A320007C03F00DC03700DF007C03F00DC0370068
:10A33000DF007C03F00DC03700DF007C03F00DC0B0
:10A34000436006000000000000A07F00FF01FC0742
:10A35000F01FC07F00FF01FC07F01FC07F00FF015E
:10A36000FC07F01FC07F00FF01FC07F01FC07F004B
:10A37000FF01FC07F01FC07F00FF01FC07F01FC0BA
:10A3800003000E000000000015883900ED00B40342
:10A39000D00E403B00ED00B403D00E403B00ED007A
:10A3A000B403D00E403B00ED00B403D00E403B00A0
:10A3B000ED00B403D00E403B00ED00B403D00E40DE
:10A3C000572006000000000000003900ED00B40333
:10A3D000D00E403B00ED00B403D00E403B00ED003A
:10A3E000B403D00E403B00ED00B403D00E403B0060
:10A3F000ED00B403D00E403B00ED00B403D00E409E
:10A40000030004000000000004283300CD003403E2
:10A41000D00C403300CD003403D00C403300CD00CD
:10A420003403D00C403300CD003403D00C40330053
:10A43000CD003403D00C403300CD003403D00C40A9
:10A4400013200C000000000015A83500DF007C037D
:10A45000F00DC03700DF007C03F00DC03700DF00D7
:10A460007C03F00DC03700DF007C03F00DC0370027
:10A47000DF007C03F00DC03700DF007C03F00DC06F
:10A48000572006000000000001003700DF007C03B9
:10A49000F00DC03700DF007C03F00DC03700DF0097
:10A4A0007C03F00DC03700DF007C03F00DC03700E7
:10A4B000DF007C03F00DC03700DF007C03F00DC02F
:10A4C00007000C000000000080083F00FF00FC03B4
:10A4D000F00FC03F00FF00FC03F00FC03F00FF0083
:10A4E000FC03F00FC03F00FF00FC03F00FC03F0073
:10A4F000FF00FC03F00FC03F00FF00FC03F00FC0A3
:10A5000003220C000000000081203600DD007403EF
:10A51000D00D403700DD007403D00D403700DD0062
:10A520007403D00D403700DD007403D00D403700B8
:10A53000DD007403D00D403700DD007403D00D4002
:10A54000070208000000000001A03400DD007403D1
:10A55000D00D403700DD007403D00D403700DD0022
:10A560007403D00D403700DD007403D00D40370078
:10A57000DD007403D00D403700DD007403D00D40C2
:10A58000070002000000000010203000CD0034035E
:10A59000D00C403300CD003403D00C403300CD004C
:10A5A0003403D00C403300CD003403D00C403300D2
:10A5B000CD003403D00C403300CD003403D00C4028
:10A5C000438000000000000000B03600DF007C0384
:10A5D000F00DC03700DF007C03F00DC03700DF0056
:10A5E0007C03F00DC03700DF007C03F00DC03700A6
:10A5F000DF007C03F00DC03700DF007C03F00DC0EE
:10A6000003C00A000000000005B83F00FF00FC0383
:10A61000F00FC03F00FF00FC03F00FC03F00FF0041
:10A62000FC03F00FC03F00FF00FC03F00FC03F0031
:10A63000FF00FC03F00FC03F00FF00FC03F00FC061
:10A6400017600E000000000003A03F00FF00FC03A5
:10A65000F00FC03F00FF00FC03F00FC03F00FF0001
:10A66000FC03F00FC03F00FF00FC03F00FC03F08E9
:10A67000FF00FC03F00FC83F03F304FC03F00FC01E
:10A680000F000E000000000001083700DD00740319
:10A69000D00D403700DD007403D00D403700DD00E1
:10A6A0007403D00D403700DD007403D00D40370037
:10A6B000DD007403D10D403701D1347403D00D4057
:10A6C00007200C000000000011A03300CD0034036F
:10A6D000D00C403300CD003403D00C403300CD000B
:10A6E0003403D00C403300CD203403D00C40330071
:10A6F000CD003403D00C40B301C18C3483D00C4066
:10A7000047800E000000000003A83500DD00740340
:10A71000D00D403700DD007403D00D403700DD0060
:10A720007403D00D403700DD007483D00D40370036
:10A73000DD007407D00D403740D1007403D00D40C8
:10A740000F2006000000000002A83700DF007C0395
:10A75000F00DC03700DF007C03F00DC03700DF00D4
:10A760007C03F00DC03700DF007C03F00DC0370024
:10A77000DF007C13F00DC83700D3007C83F00DC0E0
:10A780000B200E000000000007803D00FF00FC03CE
:10A79000F00FC03F00FF00FC03F00FC03F00FF00C0
:10A7A000FC03F00FC03F00FF80FC03F20FC43F200A
:10A7B000FF00FC03F00FC03B00FF00FC03F00FC0E4
:10A7C0001F0006000000000002083500DF007C03C7
:10A7D000F00DC03700DF007C03F00DC03700DF0054
:10A7E0007C03F00DC03700DF007C03F00DC03700A4
:10A7F000DF607C0B700DC23700DF204D03F00DC011
:10A800000B2004000000000013A03400DD007403DE
:10A81000D00D403700DD007403D00D403700DD005F
:10A820007403D00D403710DD007403D00D403700A5
:10A83000DD007403C00D403F00FD004403D00D4017
:10A840004F0002000000000007A03200CD003403DA
:10A85000D00C403300CD003403D00C403300CD0089
:10A860003403D00C403300CD003403D00C4033000F
:10A87000CD003402500C403300CD002403D00C40F6
:10A880001F000A000000000004807800ED01B407FA
:10A89000D01E407B00ED01B407D01E407B00ED01CF
:10A8A000B407D01E407B00ED01B407D01E407B00F2
:10A8B000ED01B406D01E407B00ED01A407D01E4080
:10A8C000130002000000000012103000CF003C0313
:10A8D000F00CC03300CF003C03F00CC03300CF00BD
:10A8E0003C03F00CC03300CF003C03F00CC033003D
:10A8F000CF003C03700CC03300DF002C03F00CC011
:10A900004B4000000000000002B83D00FF00FC03C7
:10A91000F00FC03F00FF00FC03F00FC03F00FF003E
:10A92000FC03F00FC03F00FF00FC03F00FC03F101E
:10A93000FF00FC01F00FC03F00FF00DC03F00FC080
:10A940000B6006000000000015A03700DF007C034C
:10A95000F00DC03700DF007C03F00DC03700DF00D2
:10A960007C03F00DC03700DF007C03F00DC0370022
:10A97000DF007C02F00DC03F00FF807C83F00DC043
:10A9800057000E000000000012883900ED00B403EB
:10A99000D00E403B00ED00B403D00E403B00ED0074
:10A9A000B403D00E403B20ED00B403D00E403B007A
:10A9B000ED00B402D00E48BB00ED00B403D00E4051
:10A9C0004B2006000000000003007900ED01B407F1
:10A9D000D01E407B00ED01B407D01E407B00ED018E
:10A9E000B407D01E407B00ED01B407D01E407B00B1
:10A9F000ED21B407D01E407B01ED09B407D01E4005
:10AA00000F0004000000000012283300CD003403C2
:10AA1000D00C403300CD003403D00C403300CD00C7
:10AA20003403D00C403300CD203403D00C4033002D
:10AA3000CD003403D00C403300CD003403D00C40A3
:10AA40004B200C000000000017A815005F007C01DF
:10AA5000F005C017005F007C01F005C017005F0023
:10AA60007C01F005C017005F007C01F005C01700F5
:10AA70005F00FC09F005C817005F007C01F005C00D
:10AA80005F20060000000000120007001F007C008D
:10AA9000F001C007001F007C00F001C007001F008C
:10AAA0007C00F001C007001F007C00F101C007001E
:10AAB0001F007C04F001C007001E007C00F001C0F4
:10AAC0004B000C0000000000100827009F007C02D3
:10AAD000F009C027009F007C02F009C027009F00FA
:10AAE0007C02F009C027009F007C02F009C027000B
:10AAF0009F007C02F009C027009F007C02F009C083
:10AB000043200C0000000000012026009D0074027C
:10AB1000D0094027009D007402D0094027009D0005
:10AB20007402D0094027009D007402D0094027001C
:10AB30009D007402D0094027009D007402D0094096
:10AB4000070008000000000018A024009D00740207
:10AB5000D0094027009D007402D0094027009D00C5
:10AB60007402D0094027009D007402D009422700DA
:10AB70009D007402D0094027009D007402D0094056
:10AB80006300020000000000102020008D0034024D
:10AB9000D0084023008D003402D0084023008D00EF
:10ABA0003402D0084023008D003402D00840230036
:10ABB0008D003402D0084023058D143402D00840A3
:10ABC00043800000000000001DB006001F007C0054
:10ABD000F001C007001F007C00F001C007001F004B
:10ABE0007C00F001C007001F007C00F001C00700DE
:10ABF0001F007C00F001C007011F047C00F001C0B1
:10AC000077C00A000000000019B827009F007C02EE
:10AC1000F009C027009F007C02F009C027009F00B8
:10AC20007C02F009C027009F007C02F009C02700C9
:10AC30009F00FC03F009C027059F147C02F009C0A7
:10AC400067600E000000000018A027009F007C0233
:10AC5000F009C027009F007C02F009C027009F0078
:10AC60007C02F009C027009F007C02F009C0270089
:10AC70009F007C023009C027059F267C02F009C096
:10AC800063000E00000000001C0807001D00740097
:10AC9000D0014007001D007400D0014007001D00D6
:10ACA0007400D0014007001D007400D0014007006F
:10ACB0001D007400B4014007011D047400D0014060
:10ACC00073200C000000000010A023008D0034024F
:10ACD000D0084023008D003402D0084023008D00AE
:10ACE0003402D0084023008D003402D008402300F5
:10ACF0008D00740210084023058D023482D0084074
:10AD000043800E000000000018A825009D0074027A
:10AD1000D0094027009D007402D0094027009D0003
:10AD20007402D0094027009D007402D0094027001A
:10AD30009D00740290094227009D007402D00940D2
:10AD4000632006000000000005A827009F007C0289
:10AD5000F009C027009F007C02F009C027009F0077
:10AD60007C02F009C027009F007C02F009C0270088
:10AD70009F007C223009C027009F007C02F009C0A0
:10AD800017200E0000000000148025009F007C02A8
:10AD9000F009C027009F007C02F009C027009F0037
:10ADA0007C02F009C027009F007C02F009C0270048
:10ADB0009F207C06F009C027109F007C02F009C08C
:10ADC0005300060000000000140805001F007C006E
:10ADD000F001C007001F007C00F001C007001F0049
:10ADE0007C00F001C007001F007C00F001C00700DC
:10ADF0001F007C00F001C007001F007C00F001C0B4
:10AE0000532004000000000014A014005D00740131
:10AE1000D0054017005D007401D0054017005D00AB
:10AE20007401D0054017005D007401D00540170083
:10AE30005D203001D0054017005D40740170054071
:10AE4000530002000000000014A03200CD003403C3
:10AE5000D00C403300CD003403D00C403300CD0083
:10AE60003403D00C403300CD003403D00C40330009
:10AE7000CD003403D00C403300CD003403D00C405F
:10AE800053000A000000000005803800ED00B40304
:10AE9000D00E403B00ED00B403D00E403B00ED006F
:10AEA000B403D00E403B00ED00B403D00E403B0095
:10AEB000ED00B403D00E443B01ED00B403500E404E
:10AEC000170002000000000015107800EF01BC0719
:10AED000F01EC07B00EF01BC07F01EC07B00EF013D
:10AEE000BC07F01EC07B00EF01BC07F01EC07B005A
:10AEF000ED01BC07F01EC0FB01EF05BC07F01EC052
:10AF0000574000000000000010B83500DF007C034F
:10AF1000F00DC03700DF007C03F00DC03700DF000C
:10AF20007C03F00DC03700DF407C03F00DC037001C
:10AF3000DF007C03F00DC03F00FF007C03F00DC07C
:10AF4000436006000000000000A07F00FF01FC0736
:10AF5000F01FC07F00FF01FC07F01FC07F00FF0152
:10AF6000FC07F01FC07F00FF01FC27F01FC07F021D
:10AF7000FF01BC07301FC07F00FF11CC07F01FC0CE
:10AF800003000E000000000015883900ED00B40336
:10AF9000D00E403B00ED00B403D00E403B00ED006E
:10AFA000B403D00E403B00ED00BC03D00E403B008C
:10AFB000ED00B403F00E403B00ED008403D00E40E2
:10AFC000572006000000000000003900ED00B40327
:10AFD000D00E403B00ED00B403D00E403B00ED002E
:10AFE000B403D00E403B00ED00B483D00E403B884C
:10AFF000ED00F403100E403B00ED008403D00E4042
:10B00000030004000000000004283300CD003403D6
:10B01000D00C403300CD003403D00C403300CD00C1
:10B020003403D00C403300CD001403D00C42330065
:10B03000CD003413D00C403700CD000403D00C40B9
:10B0400013200C000000000015A83500DF007C0371
:10B05000F00DC03700DF007C03F00DC03700DF00CB
:10B060007C03F00DC03700DF007403F00DC0370023
:10B07000DF003C0B300DC03F00FF004D03F00DC062
:10B08000572006000000000001003700DF007C03AD
:10B09000F00DC03700DF007C03F00DC03700DF008B
:10B0A0007C03F00DC03720DF007C03F00DC03700BB
:10B0B000DF007C03F00DC03700DE007C03F00DC024
:10B0C00007000C000000000080083F00FF00FC03A8
:10B0D000F00FC03F00FF00FC03F00FC03F00FF0077
:10B0E000FC03F00FC03F00FF00FC03F00FC03F0067
:10B0F000FF00FC03300FC03F00D380FC03F00FC003
:10B1000003220C000000000081203600DD007403E3
:10B11000D00D403700DD007403D00D403700DD0056
:10B120007403D00D403700DD007403D00D4037109C
:10B13000DD007403500D403700D1007403D00D4082
:10B14000070208000000000001A03400DD007403C5
:10B15000D00D403700DD007403D00D403700DD0016
:10B160007403D00D403700DD007403D00D4037006C
:10B17000DD007403100D403700D1207483D00D40E2
:10B18000070002000000000010203000CD00340352
:10B19000D00C403300CD003403D00C403300CD0040
:10B1A0003403D00C403300CD003403D00C403300C6
:10B1B000CD007403520C423300C1003403D00C4064
:10B1C000438000000000000000B03600DF007C0378
:10B1D000F00DC03700DF007C03F00DC03700DF004A
:10B1E0007C03F00DC03700DF007C03F00DC037009A
:10B1F000DF807C03340DC03700D3007C03F00DC02A
:10B2000003C00A000000000005B83F00FF00FC0377
:10B21000F00FC03F00FF00FC03F00FC03F00FF0035
:10B22000FC03F00FC03F00FF00FC03F00F803F0065
:10B23000FF00FC03F00FC03F40FF80FC03F00FC095
:10B2400017600E000000000000A382C00E023B0841
:10B25000EC20B083C00E023B08EC20B083C00E028D
:10B260003B08EC20B083C00E023B08EC20B083C04A
:10B270000E023B08EC20B083C00E023B08EC20B06D
:10B28000038C00000000000000A322A08E803A0280
:10B29000EA08A823A08E803A02EA08A823A08E809C
:10B2A0003A02EA08A823A08E803A02EA08A823A05E
:10B2B0008E803A02EA08A823A08E803A02EA08A803
:10B2C000038C0A0000000000000140800401120409
:10B2D00048102041800401120448102041800401DC
:10B2E00012044810204180040112044810204180BB
:10B2F0000401120448102041800401120448102067
:10B3000001040000000000000001008006001A0097
:10B310006800A0018006001A006800A001800600F5
:10B320001A006800A0018006001A006800A00180D1
:10B3300006001A006800A0018006001A006800A03C
:10B34000010400000000000000A212A04E803A019B
:10B35000EA04A813A04E803A01EA04A813A04E8084
:10B360003A01EA04A813A04E803A01EA04A813A007
:10B370004E803A01EA04A813A04E803A01EA04A8DC
:10B38000038C0A000000000000A302000600180061
:10B3900060008001000600180060008001000600C7
:10B3A00018006000800100060018006000800100A5
:10B3B0000600180060008001000600180060008090
:10B3C000018C00000000000000A312204480100146
:10B3D00042040811204480100142040811204480D6
:10B3E0001001420408112044801001420408112079
:10B3F00044801001420408112044801001420408D6
:10B40000018C00000000000000A252A042810A0549
:10B410002A14A850A042810A052A14A850A04281EB
:10B420000A052A14A850A042810A052A14A850A08F
:10B4300042810A052A14A850A042810A052A14A8AC
:10B4400000880A000000000000013080CA002A03C2
:10B45000A80CA03280CA002A03A80CA03280CA001F
:10B460002A03A80CA03280CA002A03A80CA03280AC
:10B47000CA002A03A80CA03280CA002A03A80CA084
:10B4800002040000000000000001000002000800AB
:10B490002000800000020008002000800000020060
:10B4A000080020008000000200080020008000004A
:10B4B0000200080020008000000200080020008038
:10B4C000800400000000000000A3064010004100BE
:10B4D0000401100440100041000401100440100059
:10B4E0004100040110044010004100040110044018
:10B4F000100041000401100440100041000401103C
:10B50000808C0A000000000000A302A006801A0040
:10B510006A00A801A006801A006A00A801A006809F
:10B520001A006A00A801A006801A006A00A801A0FB
:10B5300006801A006A00A801A006801A006A00A806
:10B54000018C00000000000000A302C006001B00E8
:10B550006C00B001C006001B006C00B001C006000A
:10B560001B006C00B001C006001B006C00B001C0E5
:10B5700006001B006C00B001C006001B006C00B090
:10B58000018C00000000000000A342200C81300468
:10B59000C2100843200C813004C2100843200C81E3
:10B5A0003004C2100843200C813004C2100843202C
:10B5B0000C813004C2100843200C813004C21008F2
:10B5C00003880A0000000000000100000C003000A9
:10B5D000C0000003000C003000C0000003000C009D
:10B5E0003000C0000003000C003000C00000030069
:10B5F0000C003000C0000003000C003000C0000050
:10B600000300000000000000000140800C01320433
:10B61000C8102043800C013204C8102043800C0164
:10B620003204C8102043800C013204C8102043802B
:10B630000C013204C8102043800C013204C81020D1
:10B64000030400000000000000A342A006811A04C9
:10B650006A10A841A006811A046A10A841A00681B8
:10B660001A046A10A841A006811A046A10A841A011
:10B6700006811A046A10A841A006811A046A10A85B
:10B68000018C0A000000000000A342000401100425
:10B69000401000410004011004401000410004016A
:10B6A000100440100041000401100440100041004B
:10B6B0000401100440100041000401100440100077
:10B6C000018C00000000000000A342200681180445
:10B6D000621088412006811804621088412006818A
:10B6E00018046210884120068118046210884120E5
:10B6F00006811804621088412006811804621088AF
:10B70000018C00000000000000A206A01A806A0060
:10B71000AA01A806A01A806A00AA01A806A01A8099
:10B720006A00AA01A806A01A806A00AA01A806A0B9
:10B730001A806A00AA01A806A01A806A00AA01A8B5
:10B74000028C0A00000000000000608082010A06EE
:10B750002818A0608082010A062818A06080820153
:10B760000A062818A0608082010A062818A06080B6
:10B7700082010A062818A0608082010A062818A003
:10B7800000000000000000000001408000010204F1
:10B7900008102040800001020408102040800001B1
:10B7A000020408102040800001020408102040809C
:10B7B000000102040810204080000102040810204B
:10B7C000000400000000000000A362C08A012B06F4
:10B7D000AC18B062C08A012B06AC18B062C08A01F6
:10B7E0002B06AC18B062C08A012B06AC18B062C040
:10B7F0008A012B06AC18B062C08A012B06AC18B0C7
:10B80000028C0A000000000000A362A08E813A06AC
:10B81000EA18A863A08E813A06EA18A863A08E8170
:10B820003A06EA18A863A08E813A06EA18A863A02F
:10B830008E813A06EA18A863A08E813A06EA18A813
:10B84000038C00000000000000A262C08E013B06D5
:10B85000EC18B063C08E013B06EC18B063C08E01DB
:10B860003B06EC18B063C08E013B06EC18B063C019
:10B870008E013B06EC18B063C08E013B06EC18B09D
:10B88000038800000000000000A262A08E813A063A
:10B89000EA18A863A08E813A06EA18A863A08E81F0
:10B8A0003A06EA18A863A08E813A06EA18A863A0AF
:10B8B0008E813A06EA18A863A08E813A06EA18A893
:10B8C00003880A0000000000000040800401120408
:10B8D00048102041800401120448102041800401D6
:10B8E00012044810204180040112044810204180B5
:10B8F0000401120448102041800401120448102061
:10B9000001000000000000000000608086011A06AF
:10B910006818A0618086011A066818A061808601F7
:10B920001A066818A0618086011A066818A061804E
:10B9300086011A066818A0618086011A066818A098
:10B94000010000000000000000A202A00E803A00EA
:10B95000EA00A803A00E803A00EA00A803A00E8027
:10B960003A00EA00A803A00E803A00EA00A803A06B
:10B970000E803A00EA00A803A00E803A00EA00A870
:10B9800003880A000000000000A24200060118041B
:10B99000601080410006011804601080410006011B
:10B9A00018046010804100060118046010804100F6
:10B9B0000601180460108041000601180460108020
:10B9C000018800000000000000A242200481100451
:10B9D00042100841200481100442100841200481D3
:10B9E0001004421008412004811004421008412034
:10B9F0000481100442100841200481100442100800
:10BA0000018800000000000000A242A002810A0498
:10BA10002A10A840A002810A042A10A840A002818E
:10BA20000A042A10A840A002810A042A10A840A0F3
:10BA300002810A042A10A840A002810A042A10A840
:10BA400000880A00000000000000C0800A032A0CE1
:10BA5000A830A0C2800A032A0CA830A0C2800A0322
:10BA60002A0CA830A0C2800A032A0CA830A0C280E9
:10BA70000A032A0CA830A0C2800A032A0CA830A00E
:10BA80000200000000000000000010004200080159
:10BA900020048010004200080120048010004200B1
:10BAA00008012004801000420008012004801000DA
:10BAB0004200080120048010004200080120048098
:10BAC000000000000000000000A24240000101044C
:10BAD0000410104040000101040410104040000117
:10BAE0000104041010404000010104041010404003
:10BAF0000001010404101040400001010404101072
:10BB000000880A000000000000A202A006801A00BF
:10BB10006A00A801A006801A006A00A801A0068099
:10BB20001A006A00A801A006801A006A00A801A0F5
:10BB300006801A006A00A801A006801A006A00A800
:10BB4000018800000000000000A302C006001B00E6
:10BB50006C00B001C006001B006C00B001C0060004
:10BB60001B006C00B001C006001B006C00B001C0DF
:10BB700006001B006C00B001C006001B006C00B08A
:10BB80000100000000000000000000200C803000D8
:10BB9000C2000803200C803000C2000803200C8083
:10BBA0003000C2000803200C803000C200080320CF
:10BBB0000C803000C2000803200C803000C2000856
:10BBC0000300000000000000000000000C00300036
:10BBD000C0000003000C003000C0000003000C0097
:10BBE0003000C0000003000C003000C00000030063
:10BBF0000C003000C0000003000C003000C000004A
:10BC000003000000000000000000A0808C02320A47
:10BC1000C82820A3808C02320AC82820A3808C0266
:10BC2000320AC82820A3808C02320AC82820A380A8
:10BC30008C02320AC82820A3808C02320AC828202D
:10BC400003000000000000000000C4A016835A0C8E
:10BC50006A31A8C5A016835A0C6A31A8C5A01683FC
:10BC60005A0C6A31A8C5A016835A0C6A31A8C5A01F
:10BC700016835A0C6A31A8C5A016835A0C6A31A8DB
:10BC8000010000000000000000000000040010009F
:10BC9000400000010004001000400000010004000A
:10BCA00010004000000100040010004000000100EE
:10BCB00004001000400000010004001000400000DB
:10BCC000010000000000000000001022468818213A
:10BCD000628488112246881821628488112246884D
:10BCE00018216284881122468818216284881122D2
:10BCF0004688182162848811224688182162848827
:10BD00000100000000000000000000A20A882A20B4
:10BD1000AA80A802A20A882A20AA80A802A20A88C9
:10BD20002A20AA80A802A20A882A20AA80A802A201
:10BD30000A882A20AA80A802A20A882A20AA80A803
:10BD400002000000000000000000108442100A41C0
:10BD50002804A1108442100A412804A11084421032
:10BD60000A412804A1108442100A412804A1108429
:10BD700042100A412804A1108442100A412804A15B
:10BD8000000000000000000000005080400102059B
:10BD90000814205080400102050814205080400102
:10BDA000020508142050804001020508142050802C
:10BDB00040010205081420508040010205081420AB
:10BDC0000000000000000000000030C0CA002B038B
:10BDD000AC0CB032C0CA002B03AC0CB032C0CA00ED
:10BDE0002B03AC0CB032C0CA002B03AC0CB032C079
:10BDF000CA002B03AC0CB032C0CA002B03AC0CB091
:10BE00000200000000000000000010A04E803A0177
:10BE1000EA04A813A04E803A01EA04A813A04E80B9
:10BE20003A01EA04A813A04E803A01EA04A813A03C
:10BE30004E803A01EA04A813A04E803A01EA04A811
:10BE400003000000000000000000C4181263488CCA
:10BE5000213186C4181263488C213186C4181263BC
:10BE6000488C213186C4181263488C213186C4184D
:10BE70001263488C213186C4181263488C213186A4
:10BE800000000000000000000000FCFFF2FFCBFFFC
:10BE90002FFFBFFCFFF2FFCBFF2FFFBFFCFFF2FF26
:10BEA000CBFF2FFFBFFCFFF2FFCBFF2FFFBFFCFF3D
:10BEB000F2FFCBFF2FFFBFFCFFF2FFCBFF2FFFBF37
:10BEC0000000000000000000000000000000000072
:10BED0000000000000000000000000000000000062
:10BEE0000000000000000000000000000000000052
:10BEF0000000000000000000000000000000000042
:10BF00000000000000000000000034DBD06C43B3F0
:10BF10000DCD3634DBD06C43B30DCD3634DBD06C75
:10BF200043B30DCD3634DBD06C43B30DCD3634DBAB
:10BF3000D06C43B30DCD3634DBD06C43B30DCD366E
:10BF400000000000000000000000CC3C32F3C8CC30
:10BF500023338FCC3C32F3C8CC23338FCC3C32F329
:10BF6000C8CC23338FCC3C32F3C8CC23338FCC3CAA
:10BF700032F3C8CC23338FCC3C32F3C8CC23338F7D
:10BF800000000000000000000000DC7E72FBC9ED34
:10BF900027B79FDC7E72FBC9ED27B79FDC7E72FB63
:10BFA000C9ED27B79FDC7E72FBC9ED27B79FDC7E0A
:10BFB00072FBC9ED27B79FDC7E72FBC9ED27B79FE7
:10BFC0000000000000000000000080400E02390860
:10BFD000E4209083400E023908E4209083400E0252
:10BFE0003908E42090A3008E02390AE428808340B7
:10BFF0008E023908E4208083408E03390EE42090BD
:10C000000300000000000000000020A08E803A0223
:10C01000EA08A823A08E803A02EA08A823A08E800E
:10C020003A02EA08A823A08E003A02E818B823A032
:10C030008E003A02E808A023A08E803A82EA08A87F
:10C040000300000000000000000040800401120412
:10C05000481020418004011204481020418004014E
:10C0600012044810204180840112064810204180AB
:10C07000840112044810204180040012044810205A
:10C080000100000000000000000000000600180091
:10C0900060008001000600180060008001000600BA
:10C0A00018006000802124061118446008810100F6
:10C0B00006101840600080010006101842600081E0
:10C0C0000100000000000000000010204E80380138
:10C0D000E2048813204E803801E2048813204E8049
:10C0E0003801E204881320CE083821C8842813229E
:10C0F0004E083821E084881222CE883821E2048854
:10C10000030000000000000000000000060018000E
:10C110006000800100060018006000800100060039
:10C120001800600080410206881820620080010229
:10C1300006891820628080010206081820600080AD
:10C1400001000000000000000000102044801001E9
:10C150004204081120448010014204081120448048
:10C160001001420408092024809000420208312076
:10C17000A48090004204081120E480900142060847
:10C18000010000000000000000005420528148051A
:10C190002215885420528148052215885420528146
:10C1A0004805221588440092814806A23180562015
:10C1B000128148042215885420528148052215888E
:10C1C000000000000000000010033000CA00280337
:10C1D000A00C803200CA002803A00C803200CA00E4
:10C1E0002803A00C803200CA000007000C00720077
:10C1F000C8010003000C003000CA002803A00C8016
:10C20000020000000000000000030000020008001F
:10C2100020008000000200080020008000000200D2
:10C2200008002000801800A60080020002082200FA
:10C23000A00080000000000000A200880020028012
:10C24000000C00000000000010030240000001008C
:10C250000400100040000001000400100040000035
:10C26000010004001000440090014006001102404B
:10C27000009001400600000040001001C0040011C1
:10C28000000C0000000000001003022006801800CF
:10C290006200880120068018006200880120068064
:10C2A00018006200880160068010004200880120AA
:10C2B00004801000420018012006801800620088E7
:10C2C000010C000000000000088002400600190078
:10C2D00064009001400600190064009001400600CF
:10C2E00019006400901100060019006400800140EC
:10C2F00006001900640094014006001900660090D1
:10C30000410000000000000002A242200C81300425
:10C31000C2100843200C813004C2100843200C8155
:10C320003004C2100843200C113044C010194324BB
:10C330000C113044C0100943240C913044C610083D
:10C3400003880A0000000000020000000C0030001A
:10C35000C0000003000C003000C0000003000C000F
:10C360003000C0000003024C083021C0040003026A
:10C370004C083021C0800003020C083020C00000AF
:10C380000300000000000000020040000C01300427
:10C39000C0100043000C013004C0100043000C0129
:10C3A0003004C01000C3204C03300DC034004300E3
:10C3B0004C03300DC0100043000C013004C01000CD
:10C3C000030000000000000002A2422006811804C1
:10C3D000621088412006811804621088412006817D
:10C3E0001804621088C1200603100C4030884320D6
:10C3F00006033A0CC010A84120068118046A108870
:10C4000001880A00000000000280420004011004BC
:10C4100040100041000401100440100041000401DC
:10C42000100440100041000C8110044210804100B3
:10C430000481100442100041000401100460100047
:10C4400001000000000000000A804220068118045C
:10C4500062108841200681180462108841200681FC
:10C46000180462108841200C8110044210084120F9
:10C4700006813004421008432006811804421088C7
:10C48000010000000000000002A202200A80280033
:10C49000A2008802200A802800A2008802200A80C8
:10C4A0002800A2008802000880000002000002208C
:10C4B0000A8022008A008802200A802800A00088C2
:10C4C00042080A0000000000120060008201080615
:10C4D0002018806000820108062018806000820118
:10C4E000080620188060008201080620188060007D
:10C4F000820108062018806000820108062018804A
:10C5000000800000000000001200408000010204D2
:10C510000810204080000102040810204080000123
:10C520000204081020408000010204081028408006
:10C5300000010204081020408000010204081020BD
:10C54000000000000000000002A262C08A012B0669
:10C55000AC18B062C08A012B06AC18B062C08A0168
:10C560002B06AC18B062C28A892B26AE98B062C086
:10C570008A892B26AE18B062C08A092B26EC98B0A7
:10C5800002880A0000000000008062208E813806C8
:10C59000E2188863208E813806E2188863208E8135
:10C5A0003806E2188863608E913846E21889630481
:10C5B0008E913846E2188963248E913846E21888B5
:10C5C0000300000000000000028062408E01390676
:10C5D000E4189063408E013906E4189063408E01A0
:10C5E0003906E4189063008E013906E41880634030
:10C5F0008E013B06EC189063408E013906E41890DA
:10C6000003000000000000000AA262A08E813A062A
:10C61000EA18A863A08E813A06EA18A863A08E8162
:10C620003A06EA18A863228C093226C0181863A2B9
:10C630008E093826E898A863A28E893A26EA18A8B7
:10C6400043880A0000000000020040800401120438
:10C650004810204180040112044810204180040148
:10C66000120448102041802E01900440120049809D
:10C670002401920448122249802401920448102087
:10C6800001000000000000000200600086011806A2
:10C6900060188061008601180660188061008601BC
:10C6A0001806601880612086011A06401800610093
:10C6B00082011006681880610086011806601880E3
:10C6C000010000000000000000A206201E8078008B
:10C6D000E2018807201E807800E2018807201E8082
:10C6E0007800E2018807201C007A00C0018807203A
:10C6F0001C007000C0010807201C807800EA018837
:10C7000003880A00000000000280420006011804AD
:10C71000601080410006011804601080410006018D
:10C720001804601080410024819004421280490066
:10C730002681900442120049002401980C40108088
:10C74000010000000000000002804220048110046B
:10C750004210084120048110044210084120048145
:10C76000100442100841200681180462100851206C
:10C7700004A1180462148841200681100462100884
:10C78000010000000000000002A242200281080413
:10C790002210884020028108042210884020028153
:10C7A0000804221088C0000A83080CA21080C0A0D0
:10C7B0000A83280CA23088C2200A8108042210882B
:10C7C00000880A00000000000200C0000A03280CD4
:10C7D000A03080C2000A03280CA03080C2000A03E7
:10C7E000280CA03080C2000A012804A0108052004A
:10C7F0000A012805A01480C2000A03280CA030807A
:10C8000002000000000000000200100042000801C9
:10C810002004801000420008012004801000420023
:10C820000801200480000002001800200488010094
:10C83000060008006000800100420008002004801B
:10C84000000008000000000002A2424000010104B4
:10C850000410104040000101040410104040000189
:10C8600001040410105040008101044610104040A3
:10C870000081010406101050400001010504101051
:10C8800000880A00000000000280022006801800D4
:10C89000620088012006801800620088012006805E
:10C8A000180062008801600680180062008801207C
:10C8B0000680180062008801200680180062008847
:10C8C0000100000000000000028002400600190084
:10C8D00064009001400600190064009001400600C9
:10C8E000190064009009402E009B00440008094094
:10C8F00026009100440290094026009900640090AF
:10C90000010000000000000002A206201C80700050
:10C91000C2010807201C807000C2010807201C808B
:10C920007000C201080720160050004001120520C7
:10C930001C00500040010807201C807000C2010844
:10C9400003880A00000000000A0080000C02300882
:10C95000C0200083000C023008C0200083000C02BD
:10C960003008C02000E3008407301A402000A100F6
:10C970008C02100A40680083008C033008C020003D
:10C9800003000000000000000200A0008C02300A3A
:10C99000C02800A3008C02300AC02800A3008C022B
:10C9A000300AC02800AB21AC049012C00800290155
:10C9B000AC059016404A00AB00AC02B00AC028009B
:10C9C000430000000000000002A2C2200683180CF1
:10C9D000623088C1200683180C623088C12006832B
:10C9E000180C623088C1210607180E603080E121E2
:10C9F0008603181E607088C1200683180C62308878
:10CA000001880A00000000000280020004001000FB
:10CA1000400000010004001000400000010004007C
:10CA200010004000003100848010084200008100A6
:10CA30000480100042080011008400100140000032
:10CA40000100000000000000028012224688182128
:10CA500062848811224688182162848811224688BF
:10CA600018216284880122068818206284800126A9
:10CA7000068818206280880122469818A06284885F
:10CA8000010000000000000002A202220A88282003
:10CA9000A2808802220A882820A2808802220A888E
:10CAA0002820A2808802070A882820A280800222EB
:10CAB0000A9C2860A2A08802220A8C2820A28088D2
:10CAC00002880A0000000000020010044210084121
:10CAD00020048110044210084120048110044210F7
:10CAE000084120048110044A14285128848110042C
:10CAF0004A102841A00483128442100861A00481D6
:10CB0000000000000000000000005080400102050D
:10CB10000814205080400102050814205080400174
:10CB200002050814205082400D0025009428500072
:10CB3000400900050014205000400102050814209F
:10CB4000000000000000000002A2B2C0CA022B0BCD
:10CB5000AC2CB0B2C0CA022B0BAC2CB0B2C0CA0213
:10CB60002B0BAC2CB0B242CA8E211B8EACA0B240B3
:10CB7000C886210B862C90B2C0C8022B0B042CB0A7
:10CB800002880A0000000000028012204E80380156
:10CB9000E2048813204E803801E2048813204E00FE
:10CBA0003801E2048813A04E843811E2048813216E
:10CBB0004E903801E204A813204E843801E2048824
:10CBC00003000000000000000000C4181263488C3D
:10CBD000213186C4181263488C213186C41812632F
:10CBE000488C213186C0080203080C203181C01016
:10CBF0000203084C223085C8142293884C22318AC3
:10CC000000000000000000000000FCFFF2FFCBFF6E
:10CC10002FFFBFFCFFF2FFCBFF2FFFBFFCFFF2FF98
:10CC2000CBFF2FFFBFDC7F72FBC9ED27BF9FDCFE70
:10CC300072FBC9ED27B7BFDCFE72FBC9ED27FF9F72
:10CC400000000000000000000000000000000000E4
:10CC500000000000000000000000000000000000D4
:10CC600000000000000000000000000000000000C4
:10CC700000000000000000000000000000000000B4
:10CC80000000000000000000000034DBD06C43B363
:10CC90000DCD3634DBD06C43B30DCD3634DBD06CE8
:10CCA00043B30DCD36545B526B49AD25CD96D4DAE6
:10CCB000506B49B50DD536B4DA506B49AB25CD96DE
:10CCC00000000000000000000000CC3C32F3C8CCA3
:10CCD00023338FCC3C32F3C8CC23338FCC3C32F39C
:10CCE000C8CC23338FDC7C72FBC9ED27339FDC3E3D
:10CCF00072FBC9CD23378FCC3E72FBC9EC27339F23
:10CD000000000000000000000000DC7E72FBC9EDA6
:10CD100027B79FDC7E72FBC9ED27B79FDC7E72FBD5
:10CD2000C9ED27B79F841E10604080013706047844
:10CD30001260408821219E447E72F841E407B71FAB
:10CD400000000000000000000000402100850014E9
:10CD5000025008402100850014025008402100853F
:10CD600000140250084021008500140250084021A0
:10CD7000008500140250084021008500140250086C
:10CD80000000000000000000000000200080000003
:10CD9000020008002000800000020008002000803F
:10CDA00000000200080020008000000200080020AF
:10CDB000008000000200080020008000000200083F
:10CDC00000000000000000000000002100840010AE
:10CDD0000240080021008400100240080021008465
:10CDE00000100240080021008400100240080021C9
:10CDF0000084001002400800210084001002400856
:10CE00000000000000000000000000200080000082
:10CE100002000800200080000002000800200080BE
:10CE2000000002000800200080000002000800202E
:10CE300000800000020008002000800000020008BE
:10CE400000000000000000000000000100040010CD
:10CE50000040000001000400100040000001000438
:10CE6000001000400000010004001000400000011C
:10CE70000004001000400000010004001000400009
:10CE8000000000000000000010004000000100044D
:10CE900000100040000001000400100040000001EC
:10CEA00000040010004000000100040010004000D9
:10CEB0000001000400100040000001000400100008
:10CEC00040000000000000001000100140040011AC
:10CED000004400100140040011004400100140040F
:10CEE0000011004400100140040011004400100132
:10CEF00040040011004400100140040011004400EF
:10CF00004000000000000000100010004000000180
:10CF10000004001000400000010004001000400068
:10CF20000001000400100040000001000400100097
:10CF30004000000100040010004000000100040057
:10CF40004000000000000000100050214085001546
:10CF50000254085021408500150254085021408594
:10CF60000015025408502140850015025408502134
:10CF700040850015025408502140850015025408D0
:10CF80004000000000000000100010204080000160
:10CF90000204081020408000010204081020408094
:10CFA0000001020408102040800001020408102043
:10CFB00040800001020408102040800001020408A3
:10CFC000400000000000000010000021008400105C
:10CFD0000240080021008400100240080021008463
:10CFE00000100240080021008400100240080021C7
:10CFF0000084001002400800210084001002400854
:10D000004000000000000000100800E00C80330029
:10D01000CE003803E00C803300CE003803E00C80F3
:10D020003300CE003803E00C803300CE003803E03C
:10D030000C803300CE003803E00C803300CE003883
:10D0400043200000000000001000002100840010B8
:10D0500002400800210084001002400800210084E2
:10D060000010024008002100840010024008002146
:10D0700000840010024008002100840010024008D3
:10D08000400000000000000000004000000100041B
:10D0900000100040000001000400100040000001EA
:10D0A00000040010004000000100040010004000D7
:10D0B0000001000400100040000001000400100006
:10D0C000000000000000000000000001000400104B
:10D0D00000400000010004001000400000010004B6
:10D0E000001000400000010004001000400000019A
:10D0F0000004001000400000010004001000400087
:10D100000000000000000000000801000000000016
:10D11000000000000000000000000000000000000F
:10D1200000000000000000000000000000000000FF
:10D1300000000000000000000000000000000000EF
:10D1400000200400000000000000000000000000BB
:10D1500000000000000000000000000000000000CF
:10D1600000000000000000000000000000000000BF
:10D1700000000000000000000000000000000000AF
:10D1800000000000000000003C3C00000000000027
:10D19000000000000000000000000000000000008F
:10D1A000000000000000000000000000000000007F
:10D1B000000000000000000000000000000000006F
:10D1C000F0F000000000000000000000000000007F
:10D1D000000000000000000000000000000000004F
:10D1E000000000000000000000000000000000003F
:10D1F000000000000000000000000000000000002F
:10D20000000000000000000000000000000000001E
:10D21000000000000000000000000000000000000E
:10D2200000000000000000000000000000000000FE
:10D2300000000000000000000000000000000000EE
:10D2400000000000000000000000000000000000DE
:10D2500000000000000000000000000000000000CE
:10D2600000000000000000000000000000000000BE
:10D2700000000000000000000000000000000000AE
:10D2800000000000000000000000FCFFFFFF0300A2
:10D29000000000FCFFFFFF0300000000FCFFFFFF99
:10D2A0000300000000FCFFFFFF0300000000FCFF84
:10D2B000FFFF0300000000FCFFFFFF030000000071
:10D2C00000000000000000000000FCFFFFFF030062
:10D2D000000000FCFFFFFF0300000000FCFFFFFF59
:10D2E0000300000000FCFFFFFF0300000000FCFF44
:10D2F000FFFF0300000000FCFFFFFF030000000031
:10D3000000000000000000000000FCFFFFFF030021
:10D31000000000FCFFFFFF0300000000FCFFFFFF18
:10D320000300000000FCFFFFFF0300000000FCFF03
:10D33000FFFF0300000000FCFFFFFF0300000000F0
:10D3400000000000000000000000FCFFFFFF0300E1
:10D35000000000FCFFFFFF0300000000FCFFFFFFD8
:10D360000300000000FCFFFFFF0300000000FCFFC3
:10D37000FFFF0300000000FCFFFFFF0300000000B0
:10D3800000000000000000000000FCFFFFFF0300A1
:10D39000000000FCFFFFFF0300000000FCFFFFFF98
:10D3A0000300000000FCFFFFFF0300000000FCFF83
:10D3B000FFFF0300000000FCFFFFFF030000000070
:10D3C00000000000000000000000FCFFFFFF030061
:10D3D000000000FCFFFFFF0300000000FCFFFFFF58
:10D3E0000300000000FCFFFFFF0300000000FCFF43
:10D3F000FFFF0300000000FCFFFFFF030000000030
:10D400000000000000000000000040210085001422
:10D410000250084021008500140250084021008578
:10D4200000140250084021008500140250084021D9
:10D4300000850014025008402100850014025008A5
:10D44000000000000000000000000020008000003C
:10D450000200080020008000000200080020008078
:10D4600000000200080020008000000200080020E8
:10D470000080000002000800200080000002000878
:10D4800000000000000000000000002100840010E7
:10D49000024008002100840010024408102140844A
:10D4A0000011024408102140840011024408102198
:10D4B00040840011024408102140840010024008FA
:10D4C00000000000000000000000002000800000BC
:10D4D00002000800200080000002000800200080F8
:10D4E0000000020008002000800000020008002068
:10D4F00000800000020008002000800000020008F8
:10D500000000000000000000000000010004001006
:10D510000040000001000400100040000001000471
:10D520000010004000000100040010004000000155
:10D530000004001000400000010004001000400042
:10D540000000000000000000100040000001000486
:10D550000010004000000100040010004000000125
:10D560000004001000400000010004001000400012
:10D570000001000400100040000001000400100041
:10D5800040000000000000001000100140040011E5
:10D590000044001001400400110044001001400448
:10D5A000001100440010014004001100440010016B
:10D5B0004004001100440010014004001100440028
:10D5C00040000000000000001000100040000001BA
:10D5D00000040010004000000100040010004000A2
:10D5E00000010004001000400000010004001000D1
:10D5F0004000000100040010004000000100040091
:10D60000400000000000000010005021408500157F
:10D6100002540850214085001502540850214085CD
:10D62000001502540850E14C8500150254085021A1
:10D6300040850015025438532140850015025408D6
:10D640004000000000000000100010204080000199
:10D6500002040810204080000102040810204080CD
:10D66000000102040810204080000102040810207C
:10D6700040800001020408102040800001020408DC
:10D680004000000000000000100000210084001095
:10D69000024008002100840010024008002100849C
:10D6A0000010024008002100840010024008002100
:10D6B000008400100240080021008400100240088D
:10D6C0004000000000000000100800E00C80330063
:10D6D000CE003803E00C803300CE003803E00C802D
:10D6E0003300CE003803E00C803300CE0038032036
:10D6F00000803300CE003803E00C800000CE0038FC
:10D7000043200000000000001000002100840010F1
:10D71000024008002100840010024008002100841B
:10D72000001002400800210084001002400800217F
:10D73000008400100240080021008400100240080C
:10D740004000000000000000000040000001000454
:10D750000010004000000100040010004000000123
:10D760000004001000400000010004001000400010
:10D77000000100040010004000000100040010003F
:10D780000000000000000000000000010004001084
:10D7900000400000010004001000400000010004EF
:10D7A00000100040000001000400100040000001D3
:10D7B00000040010004000000100040010004000C0
:10D7C0000000000000000000000801000000000050
:10D7D0000000000000000000000000000000000049
:10D7E0000000000000000000000000000000000039
:10D7F0000000000000000000000000000000000029
:10D8000000200400000000000000000000000000F4
:10D810000000000000000000000000000000000008
:10D8200000000000000000000000000000000000F8
:10D8300000000000000000000000000000000000E8
:10D8400000000000000000003C3C00000000000060
:10D8500000000000000000000000000000000000C8
:10D8600000000000000000000000000000000000B8
:10D8700000000000000000000000000000000000A8
:10D88000F0F00000000000000000000000000000B8
:10D890000000000000000000000000000000000088
:10D8A0000000000000000000000000000000000078
:10D8B0000000000000000000000000000000000068
:10D8C0000000000000000000000000000000000058
:10D8D0000000000000000000000000000000000048
:10D8E0000000000000000000000000000000000038
:10D8F0000000000000000000000000000000000028
:10D900000000000000000000000000000000000017
:10D910000000000000000000000000000000000007
:10D9200000000000000000000000000000000000F7
:10D9300000000000000000000000000000000000E7
:10D9400000000000000000000000FCFFFFFF0300DB
:10D95000000000FCFFFFFF0300000000FCFFFFFFD2
:10D960000300000000FCFFFFFF0300000000FCFFBD
:10D97000FFFF0300000000FCFFFFFF0300000000AA
:10D9800000000000000000000000FCFFFFFF03009B
:10D99000000000FCFFFFFF0300000000FCFFFFFF92
:10D9A0000300000000FCFFFFFF0300000000FCFF7D
:10D9B000FFFF0300000000FCFFFFFF03000000006A
:10D9C00000000000000000000000FCFFFFFF03005B
:10D9D000000000FCFFFFFF0300000000FCFFFFFF52
:10D9E0000300000000FCFFFFFF0300000000FCFF3D
:10D9F000FFFF0300000000FCFFFFFF03000000002A
:10DA000000000000000000000000FCFFFFFF03001A
:10DA1000000000FCFFFFFF0300000000FCFFFFFF11
:10DA20000300000000FCFFFFFF0300000000FCFFFC
:10DA3000FFFF0300000000FCFFFFFF0300000000E9
:10DA400000000000000000000000FCFFFFFF0300DA
:10DA5000000000FCFFFFFF0300000000FCFFFFFFD1
:10DA60000300000000FCFFFFFF0300000000FCFFBC
:10DA7000FFFF0300000000FCFFFFFF0300000000A9
:10DA800000000000000000000000FCFFFFFF03009A
:10DA9000000000FCFFFFFF0300000000FCFFFFFF91
:10DAA0000300000000FCFFFFFF0300000000FCFF7C
:10DAB000FFFF0300000000FCFFFFFF030000000069
:10DAC0000000000000000000000000000000000056
:10DAD0000000000000000000000000000000000046
:10DAE0000000000000000000000000000000000036
:10DAF0000000000000000000000000000000000026
:10DB000000000000000000000C0004804000000045
:10DB10000C002208000000000000000000000000CF
:10DB200000000000000000000000000000000000F5
:10DB300000000000000000000000000000000000E5
:10DB400000000000000000000000000000000000D5
:10DB500000000000000000000000000000000000C5
:10DB600000000000000000000000000000000000B5
:10DB700000000000000000000000000000000000A5
:10DB80000000000000000000000000000000000095
:10DB90000000000000000000000000000000000085
:10DBA0000000000000000000000000000000000075
:10DBB0000000000000000000000000000000000065
:10DBC0000000000000000000000000000000000055
:10DBD0000000000000000000000000000000000045
:10DBE0000000000000000000000000000000000035
:10DBF0000000000000000000000000000000000025
:10DC00000000000000000000000000000000000014
:10DC10000000000000000000000000000000000004
:10DC200000000000000000000000000000000000F4
:10DC300000000000000000000000000000000000E4
:10DC400000000000000000000000000000000000D4
:10DC500000000000000000000000000000000000C4
:10DC600000000000000000000000000000000000B4
:10DC700000000000000000000000000000000000A4
:10DC80000000000000000000000000000000000094
:10DC90000000000000000000000000000000000084
:10DCA0000000000000000000000000000000000074
:10DCB0000000000000000000000000000000000064
:10DCC0000000000000000000000000000000000054
:10DCD0000000000000000000000000000000000044
:10DCE0000000000000000000000000000000000034
:10DCF0000000000000000000000000000000000024
:10DD00000000000000000000000000000000000013
:10DD10000000000000000000000000000000000003
:10DD200000000000000000000000000000000000F3
:10DD300000000000000000000000000000000000E3
:10DD400000000000000000000000000000000000D3
:10DD500000000000000000000000000000000000C3
:10DD600000000000000000000000000000000000B3
:10DD700000000000000000000000000000000000A3
:10DD80000000000000000000000000000000000093
:10DD90000000000000000000000000000000000083
:10DDA0000000000000000000000000000000000073
:10DDB0000000000000000000000000000000000063
:10DDC0000000000000000000000000000000000053
:10DDD0000000000000000000000000000000000043
:10DDE0000000000000000000000000000000000033
:10DDF0000000000000000000000000000000000023
:10DE00000000000000000000000000000000000012
:10DE10000000000000000000000000000000000002
:10DE200000000000000000000000000000000000F2
:10DE300000000000000000000000000000000000E2
:10DE400000000000000000000000000000000000D2
:10DE500000000000000000000000000000000000C2
:10DE600000000000000000000000000000000000B2
:10DE700000000000000000000000000000000000A2
:10DE80000000000000000000000000000000000092
:10DE90000000000000000000000000000000000082
:10DEA0000000000000000000000000000000000072
:10DEB0000000000000000000000000000000000062
:10DEC0000000000000000000000000000000000052
:10DED0000000000000000000000000000000000042
:10DEE0000000000000000000000000000000000032
:10DEF0000000000000000000000000000000000022
:10DF00000000000000000000000000000000000011
:10DF10000000000000000000000000000000000001
:10DF200000000000000000000000000000000000F1
:10DF300000000000000000000000000000000000E1
:10DF400000000000000000000000000000000000D1
:10DF500000000000000000000000000000000000C1
:10DF600000000000000000000000000000000000B1
:10DF700000000000000000000000000000000000A1
:10DF80000000000000000000000000000000000091
:10DF90000000000000000000000000000000000081
:10DFA0000000000000000000000000000000000071
:10DFB0000000000000000000000000000000000061
:10DFC0000000000000000000000000000000000051
:10DFD0000000000000000000000000000000000041
:10DFE0000000000000000000000000000000000031
:10DFF0000000000000000000000000000000000021
:10E000000000000000000000000000000000000010
:10E010000000000000000000000000000000000000
:10E0200000000000000000000000000000000000F0
:10E0300000000000000000000000000000000000E0
:10E0400000000000000000000000000000000000D0
:10E0500000000000000000000000000000000000C0
:10E0600000000000000000000000000000000000B0
:10E0700000000000000000000000000000000000A0
:10E080000000000000000000000000000000000090
:10E090000000000000000000000000000000000080
:10E0A0000000000000000000000000000000000070
:10E0B0000000000000000000000000000000000060
:10E0C0000000000000000000000000000000000050
:10E0D0000000000000000000000000000000000040
:10E0E0000000000000000000000000000000000030
:10E0F0000000000000000000000000000000000020
:10E10000000000000000000000000000000000000F
:10E1100000000000000000000000000000000000FF
:10E1200000000000000000000000000000000000EF
:10E1300000000000000000000000000000000000DF
:10E1400000000000000000000000000000000000CF
:10E1500000000000000000000000000000000000BF
:10E1600000000000000000000000000000000000AF
:10E17000000000000000000000000000000000009F
:10E18000000000000000000000000000000000008F
:10E19000000000000000000000000000000000007F
:10E1A000000000000000000000000000000000006F
:10E1B000000000000000000000000000000000005F
:10E1C000000000000000000000000000000000004F
:10E1D000000000000000000000000000000000003F
:10E1E000000000000000000000000000000000002F
:10E1F000000000000000000000000000000000001F
:10E20000000000000000000000000000000000000E
:10E2100000000000000000000000000000000000FE
:10E2200000000000000000000000000000000000EE
:10E2300000000000000000000000000000000000DE
:10E2400000000000000000000000000000000000CE
:10E2500000000000000000000000000000000000BE
:10E2600000000000000000000000000000000000AE
:10E27000000000000000000000000000000000009E
:10E28000000000000000000000000000000000008E
:10E29000000000000000000000000000000000007E
:10E2A000000000000000000000000000000000006E
:10E2B000000000000000000000000000000000005E
:10E2C000000000000000000000000000000000004E
:10E2D000000000000000000000000000000000003E
:10E2E000000000000000000000000000000000002E
:10E2F000000000000000000000000000000000001E
:10E30000000000000000000000000000000000000D
:10E3100000000000000000000000000000000000FD
:10E3200000000000000000000000000000000000ED
:10E3300000000000000000000000000000000000DD
:10E3400000000000000000000000000000000000CD
:10E3500000000000000000000000000000000000BD
:10E3600000000000000000000000000000000000AD
:10E37000000000000000000000000000000000009D
:10E38000000000000000000000000000000000008D
:10E39000000000000000000000000000000000007D
:10E3A000000000000000000000000000000000006D
:10E3B000000000000000000000000000000000005D
:10E3C000000000000000000000000000000000004D
:10E3D000000000000000000000000000000000003D
:10E3E000000000000000000000000000000000002D
:10E3F000000000000000000000000000000000001D
:10E40000000000000000000000000000000000000C
:10E4100000000000000000000000000000000000FC
:10E4200000000000000000000000000000000000EC
:10E4300000000000000000000000000000000000DC
:10E4400000000000000000000000000000000000CC
:10E4500000000000000000000000000000000000BC
:10E4600000000000000000000000000000000000AC
:10E47000000000000000000000000000000000009C
:10E48000000000000000000000000000000000008C
:10E49000000000000000000000000000000000007C
:10E4A000000000000000000000000000000000006C
:10E4B000000000000000000000000000000000005C
:10E4C000000000000000000000000000000000004C
:10E4D000000000000000000000000000000000003C
:10E4E000000000000000000000000000000000002C
:10E4F000000000000000000000000000000000001C
:10E50000000000000000000000000000000000000B
:10E5100000000000000000000000000000000000FB
:10E5200000000000000000000000000000000000EB
:10E5300000000000000000000000000000000000DB
:10E5400000000000000000000000000000000000CB
:10E5500000000000000000000000000000000000BB
:10E5600000000000000000000000000000000000AB
:10E57000000000000000000000000000000000009B
:10E58000000000000000000000000000000000008B
:10E59000000000000000000000000000000000007B
:10E5A000000000000000000000000000000000006B
:10E5B000000000000000000000000000000000005B
:10E5C000000000000000000000000000000000004B
:10E5D000000000000000000000000000000000003B
:10E5E000000000000000000000000000000000002B
:10E5F000000000000000000000000000000000001B
:10E60000000000000000000000000000000000000A
:10E6100000000000000000000000000000000000FA
:10E6200000000000000000000000000000000000EA
:10E6300000000000000000000000000000000000DA
:10E6400000000000000000000000000000000000CA
:10E6500000000000000000000000000000000000BA
:10E6600000000000000000000000000000000000AA
:10E67000000000000000000000000000000000009A
:10E68000000000000000000000000000000000008A
:10E69000000000000000000000000000000000007A
:10E6A000000000000000000000000000000000006A
:10E6B000000000000000000000000000000000005A
:10E6C000000000000000000000000000000000004A
:10E6D000000000000000000000000000000000003A
:10E6E000000000000000000000000000000000002A
:10E6F000000000000000000000000000000000001A
:10E700000000000000000000000000000000000009
:10E7100000000000000000000000000000000000F9
:10E7200000000000000000000000000000000000E9
:10E7300000000000000000000000000000000000D9
:10E7400000000000000000000000000000000000C9
:10E7500000000000000000000000000000000000B9
:10E7600000000000000000000000000000000000A9
:10E770000000000000000000000000000000000099
:10E780000000000000000000000000000000000089
:10E790000000000000000000000000000000000079
:10E7A0000000000000000000000000000000000069
:10E7B0000000000000000000000000000000000059
:10E7C0000000000000000000000000000000000049
:10E7D0000000000000000000000000000000000039
:10E7E0000000000000000000000000000000000029
:10E7F0000000000000000000000000000000000019
:10E800000000000000000000000000000000000008
:10E8100000000000000000000000000000000000F8
:10E8200000000000000000000000000000000000E8
:10E8300000000000000000000000000000000000D8
:10E8400000000000000000000000000000000000C8
:10E8500000000000000000000000000000000000B8
:10E8600000000000000000000000000000000000A8
:10E870000000000000000000000000000000000098
:10E880000000000000000000000000000000000088
:10E890000000000000000000000000000000000078
:10E8A0000000000000000000000000000000000068
:10E8B0000000000000000000000000000000000058
:10E8C0000000000000000000000000000000000048
:10E8D0000000000000000000000000000000000038
:10E8E0000000000000000000000000000000000028
:10E8F0000000000000000000000000000000000018
:10E900000000000000000000000000000000000007
:10E9100000000000000000000000000000000000F7
:10E9200000000000000000000000000000000000E7
:10E9300000000000000000000000000000000000D7
:10E9400000000000000000000000000000000000C7
:10E9500000000000000000000000000000000000B7
:10E9600000000000000000000000000000000000A7
:10E970000000000000000000000000000000000097
:10E980000000000000000000000000000000000087
:10E990000000000000000000000000000000000077
:10E9A0000000000000000000000000000000000067
:10E9B0000000000000000000000000000000000057
:10E9C0000000000000000000000000000000000047
:10E9D0000000000000000000000000000000000037
:10E9E0000000000000000000000000000000000027
:10E9F0000000000000000000000000000000000017
:10EA00000000000000000000000000000000000006
:10EA100000000000000000000000000000000000F6
:10EA200000000000000000000000000000000000E6
:10EA300000000000000000000000000000000000D6
:10EA400000000000000000000000000000000000C6
:10EA500000000000000000000000000000000000B6
:10EA600000000000000000000000000000000000A6
:10EA70000000000000000000000000000000000096
:10EA80000000000000000000000000000000000086
:10EA90000000000000000000000000000000000076
:10EAA0000000000000000000000000000000000066
:10EAB0000000000000000000000000000000000056
:10EAC0000000000000000000000000000000000046
:10EAD0000000000000000000000000000000000036
:10EAE0000000000000000000000000000000000026
:10EAF0000000000000000000000000000000000016
:10EB00000000000000000000000000000000000005
:10EB100000000000000000000000000000000000F5
:10EB200000000000000000000000000000000000E5
:10EB300000000000000000000000000000000000D5
:10EB400000000000000000000000000000000000C5
:10EB5000000000000C000480404000000C00220077
:10EB600000000000000000000000000000000000A5
:10EB70000000000000000000000000000000000095
:10EB80000000000000000000000000000000000085
:10EB90000000000000000000000000000000000075
:10EBA0000000000000000000000000000000000065
:10EBB0000000000000000000000000000000000055
:10EBC0000000000000000000000000000000000045
:10EBD0000000000000000000000000000000000035
:10EBE0000000000000000000000000000000000025
:10EBF0000000000000000000000000000000000015
:10EC00000000000000000000000000000000000004
:10EC100000000000000000000000000000000000F4
:10EC200000000000000000000000000000000000E4
:10EC300000000000000000000000000000000000D4
:10EC400000000000000000000000000000000000C4
:10EC500000000000000000000000000000000000B4
:10EC600000000000000000000000000000000000A4
:10EC70000000000000000000000000000000000094
:10EC80000000000000000000000000000000000084
:10EC90000000000000000000000000000000000074
:10ECA0000000000000000000000000000000000064
:10ECB0000000000000000000000000000000000054
:10ECC0000000000000000000000000000000000044
:10ECD0000000000000000000000000000000000034
:10ECE0000000000000000000000000000000000024
:10ECF0000000000000000000000000000000000014
:10ED00000000000000000000000000000000000003
:10ED100000000000000000000000000000000000F3
:10ED200000000000000000000000000000000000E3
:10ED300000000000000000000000000000000000D3
:10ED400000000000000000000000000000000000C3
:10ED500000000000000000000000000000000000B3
:10ED600000000000000000000000000000000000A3
:10ED70000000000000000000000000000000000093
:10ED80000000000000000000000000000000000083
:10ED90000000000000000000000000000000000073
:10EDA0000000000000000000000000000000000063
:10EDB0000000000000000000000000000000000053
:10EDC0000000000000000000000000000000000043
:10EDD0000000000000000000000000000000000033
:10EDE0000000000000000000000000000000000023
:10EDF0000000000000000000000000000000000013
:10EE00000000000000000000000000000000000002
:10EE100000000000000000000000000000000000F2
:10EE200000000000000000000000000000000000E2
:10EE300000000000000000000000000000000000D2
:10EE400000000000000000000000000000000000C2
:10EE500000000000000000000000000000000000B2
:10EE600000000000000000000000000000000000A2
:10EE70000000000000000000000000000000000092
:10EE80000000000000000000000000000000000082
:10EE90000000000000000000000000000000000072
:10EEA0000000000000000000000000000000000062
:10EEB0000000000000000000000000000000000052
:10EEC0000000000000000000000000000000000042
:10EED0000000000000000000000000000000000032
:10EEE0000000000000000000000000000000000022
:10EEF0000000000000000000000000000000000012
:10EF00000000000000000000000000000000000001
:10EF100000000000000000000000000000000000F1
:10EF200000000000000000000000000000000000E1
:10EF300000000000000000000000000000000000D1
:10EF400000000000000000000000000000000000C1
:10EF500000000000000000000000000000000000B1
:10EF600000000000000000000000000000000000A1
:10EF70000000000000000000000000000000000091
:10EF80000000000000000000000000000000000081
:10EF90000000000000000000000000000000000071
:10EFA0000000000000000000000000000000000061
:10EFB0000000000000000000000000000000000051
:10EFC0000000000000000000000000000000000041
:10EFD0000000000000000000000000000000000031
:10EFE0000000000000000000000000000000000021
:10EFF0000000000000000000000000000000000011
:10F000000000000000000000000000000000000000
:10F0100000000000000000000000000000000000F0
:10F0200000000000000000000000000000000000E0
:10F0300000000000000000000000000000000000D0
:10F0400000000000000000000000000000000000C0
:10F0500000000000000000000000000000000000B0
:10F0600000000000000000000000000000000000A0
:10F070000000000000000000000000000000000090
:10F080000000000000000000000000000000000080
:10F090000000000000000000000000000000000070
:10F0A0000000000000000000000000000000000060
:10F0B0000000000000000000000000000000000050
:10F0C0000000000000000000000000000000000040
:10F0D0000000000000000000000000000000000030
:10F0E0000000000000000000000000000000000020
:10F0F0000000000000000000000000000000000010
:10F1000000000000000000000000000000000000FF
:10F1100000000000000000000000000000000000EF
:10F1200000000000000000000000000000000000DF
:10F1300000000000000000000000000000000000CF
:10F1400000000000000000000000000000000000BF
:10F1500000000000000000000000000000000000AF
:10F16000000000000000000000000000000000009F
:10F17000000000000000000000000000000000008F
:10F18000000000000000000000000000000000007F
:10F19000000000000000000000000000000000006F
:10F1A000000000000000000000000000000000005F
:10F1B000000000000000000000000000000000004F
:10F1C000000000000000000000000000000000003F
:10F1D000000000000000000000000000000000002F
:10F1E000000000000000000000000000000000001F
:10F1F000000000000000000000000000000000000F
:10F2000000000000000000000000000000000000FE
:10F2100000000000000000000000000000000000EE
:10F2200000000000000000000000000000000000DE
:10F2300000000000000000000000000000000000CE
:10F2400000000000000000000000000000000000BE
:10F2500000000000000000000000000000000000AE
:10F26000000000000000000000000000000000009E
:10F27000000000000000000000000000000000008E
:10F28000000000000000000000000000000000007E
:10F29000000000000000000000000000000000006E
:10F2A000000000000000000000000000000000005E
:10F2B000000000000000000000000000000000004E
:10F2C000000000000000000000000000000000003E
:10F2D000000000000000000000000000000000002E
:10F2E000000000000000000000000000000000001E
:10F2F000000000000000000000000000000000000E
:10F3000000000000000000000000000000000000FD
:10F3100000000000000000000000000000000000ED
:10F3200000000000000000000000000000000000DD
:10F3300000000000000000000000000000000000CD
:10F3400000000000000000000000000000000000BD
:10F3500000000000000000000000000000000000AD
:10F36000000000000000000000000000000000009D
:10F37000000000000000000000000000000000008D
:10F38000000000000000000000000000000000007D
:10F39000000000000000000000000000000000006D
:10F3A000000000000000000000000000000000005D
:10F3B000000000000000000000000000000000004D
:10F3C000000000000000000000000000000000003D
:10F3D000000000000000000000000000000000002D
:10F3E000000000000000000000000000000000001D
:10F3F000000000000000000000000000000000000D
:10F4000000000000000000000000000000000000FC
:10F4100000000000000000000000000000000000EC
:10F4200000000000000000000000000000000000DC
:10F4300000000000000000000000000000000000CC
:10F4400000000000000000000000000000000000BC
:10F4500000000000000000000000000000000000AC
:10F46000000000000000000000000000000000009C
:10F47000000000000000000000000000000000008C
:10F48000000000000000000000000000000000007C
:10F49000000000000000000000000000000000006C
:10F4A000000000000000000000000000000000005C
:10F4B000000000000000000000000000000000004C
:10F4C000000000000000000000000000000000003C
:10F4D000000000000000000000000000000000002C
:10F4E000000000000000000000000000000000001C
:10F4F000000000000000000000000000000000000C
:10F5000000000000000000000000000000000000FB
:10F5100000000000000000000000000000000000EB
:10F5200000000000000000000000000000000000DB
:10F5300000000000000000000000000000000000CB
:10F5400000000000000000000000000000000000BB
:10F5500000000000000000000000000000000000AB
:10F56000000000000000000000000000000000009B
:10F57000000000000000000000000000000000008B
:10F58000000000000000000000000000000000007B
:10F59000000000000000000000000000000000006B
:10F5A000000000000000000000000000000000005B
:10F5B000000000000000000000000000000000004B
:10F5C000000000000000000000000000000000003B
:10F5D000000000000000000000000000000000002B
:10F5E000000000000000000000000000000000001B
:10F5F000000000000000000000000000000000000B
:10F6000000000000000000000000000000000000FA
:10F6100000000000000000000000000000000000EA
:10F6200000000000000000000000000000000000DA
:10F6300000000000000000000000000000000000CA
:10F6400000000000000000000000000000000000BA
:10F6500000000000000000000000000000000000AA
:10F66000000000000000000000000000000000009A
:10F67000000000000000000000000000000000008A
:10F68000000000000000000000000000000000007A
:10F69000000000000000000000000000000000006A
:10F6A000000000000000000000000000000000005A
:10F6B000000000000000000000000000000000004A
:10F6C000000000000000000000000000000000003A
:10F6D000000000000000000000000000000000002A
:10F6E000000000000000000000000000000000001A
:10F6F000000000000000000000000000000000000A
:10F7000000000000000000000000000000000000F9
:10F7100000000000000000000000000000000000E9
:10F7200000000000000000000000000000000000D9
:10F7300000000000000000000000000000000000C9
:10F7400000000000000000000000000000000000B9
:10F7500000000000000000000000000000000000A9
:10F760000000000000000000000000000000000099
:10F770000000000000000000000000000000000089
:10F780000000000000000000000000000000000079
:10F790000000000000000000000000000000000069
:10F7A0000000000000000000000000000000000059
:10F7B0000000000000000000000000000000000049
:10F7C0000000000000000000000000000000000039
:10F7D0000000000000000000000000000000000029
:10F7E0000000000000000000000000000000000019
:10F7F0000000000000000000000000000000000009
:10F8000000000000000000000000000000000000F8
:10F8100000000000000000000000000000000000E8
:10F8200000000000000000000000000000000000D8
:10F8300000000000000000000000000000000000C8
:10F8400000000000000000000000000000000000B8
:10F8500000000000000000000000000000000000A8
:10F860000000000000000000000000000000000098
:10F870000000000000000000000000000000000088
:10F880000000000000000000000000000000000078
:10F890000000000000000000000000000000000068
:10F8A0000000000000000000000000000000000058
:10F8B0000000000000000000000000000000000048
:10F8C0000000000000000000000000000000000038
:10F8D0000000000000000000000000000000000028
:10F8E0000000000000000000000000000000000018
:10F8F0000000000000000000000000000000000008
:10F9000000000000000000000000000000000000F7
:10F9100000000000000000000000000000000000E7
:10F9200000000000000000000000000000000000D7
:10F9300000000000000000000000000000000000C7
:10F9400000000000000000000000000000000000B7
:10F9500000000000000000000000000000000000A7
:10F960000000000000000000000000000000000097
:10F970000000000000000000000000000000000087
:10F980000000000000000000000000000000000077
:10F990000000000000000000000000000000000067
:10F9A0000000000000000000000000000000000057
:10F9B0000000000000000000000000000000000047
:10F9C0000000000000000000000000000000000037
:10F9D0000000000000000000000000000000000027
:10F9E0000000000000000000000000000000000017
:10F9F0000000000000000000000000000000000007
:10FA000000000000000000000000000000000000F6
:10FA100000000000000000000000000000000000E6
:10FA200000000000000000000000000000000000D6
:10FA300000000000000000000000000000000000C6
:10FA400000000000000000000000000000000000B6
:10FA500000000000000000000000000000000000A6
:10FA60000000000000000000000000000000000096
:10FA70000000000000000000000000000000000086
:10FA80000000000000000000000000000000000076
:10FA90000000000000000000000000000000000066
:10FAA0000000000000000000000000000000000056
:10FAB0000000000000000000000000000000000046
:10FAC0000000000000000000000000000000000036
:10FAD0000000000000000000000000000000000026
:10FAE0000000000000000000000000000000000016
:10FAF0000000000000000000000000000000000006
:10FB000000000000000000000000000000000000F5
:10FB100000000000000000000000000000000000E5
:10FB200000000000000000000000000000000000D5
:10FB300000000000000000000000000000000000C5
:10FB400000000000000000000000000000000000B5
:10FB500000000000000000000000000000000000A5
:10FB60000C0000800000B61D0C000180000000C0E9
:10FB70000C0002080000000000000000000000006F
:10FB80000000000000000000000000000000000075
:10FB90000000000000000000000000000000000065
:10FBA0000000000000000000000000000000000055
:10FBB000000000000C000180000000A00C00058087
:10FBC000000000000C000080000087E8000000003A
:0CFBD00000000000000000000000000029
:00000001FF
