const static unsigned short hex[240*320] = {
0x0000, 0x0000, 0x0000, 0x0000, 0x0000, 0x0000, 0x0000, 0x0000, 
0x0000, 0x0000, 0x0000, 0x0000, 0x0000, 0x0000, 0x0000, 0x0000, 
0x0000, 0x0000, 0x0000, 0x0000, 0x0000, 0x0000, 0x0000, 0x0000, 
0x0000, 0x0000, 0x0000, 0x0000, 0x0000, 0x0000, 0x0000, 0x0000, 
0x0000, 0x0000, 0x0000, 0x0000, 0x0000, 0x0000, 0x0000, 0x0000, 
0x0000, 0x0000, 0x0000, 0x0000, 0x0000, 0x0000, 0x0000, 0x0000, 
0x0000, 0x0000, 0x0000, 0x0000, 0x0000, 0x0000, 0x0000, 0x0000, 
0x0000, 0x0000, 0x0000, 0x0000, 0x0000, 0x0000, 0x0000, 0x0000, 
0x0000, 0x0000, 0x0000, 0x0000, 0x0000, 0x0000, 0x0000, 0x0000, 
0x0000, 0x0000, 0x0000, 0x0000, 0x0000, 0x0000, 0x0000, 0x0000, 
0x0000, 0x0000, 0x0000, 0x0000, 0x0000, 0x0000, 0x0000, 0x0000, 
0x0000, 0x0000, 0x0000, 0x0000, 0x0000, 0x0000, 0x0000, 0x0000, 
0x0000, 0x0000, 0x0000, 0x0000, 0x0000, 0x0000, 0x0000, 0x0000, 
0x0000, 0x0000, 0x0000, 0x0000, 0x0000, 0x0000, 0x0000, 0x0000, 
0x0000, 0x0000, 0x0000, 0x0000, 0x0000, 0x0000, 0x0000, 0x0000, 
0x0000, 0x0000, 0x0000, 0x0000, 0x0000, 0x0000, 0x0000, 0x0000, 
0x0000, 0x0000, 0x0000, 0x0000, 0x0000, 0x0000, 0x0000, 0x0000, 
0x0000, 0x0000, 0x0000, 0x0000, 0x0000, 0x0000, 0x0000, 0x0000, 
0x0000, 0x0000, 0x0000, 0x0000, 0x0000, 0x0000, 0x0000, 0x0000, 
0x0000, 0x0000, 0x0000, 0x0000, 0x0000, 0x0000, 0x0000, 0x0000, 
0x0000, 0x0000, 0x0000, 0x0000, 0x0000, 0x0000, 0x0000, 0x0000, 
0x0000, 0x0000, 0x0000, 0x0000, 0x0000, 0x0000, 0x0000, 0x0000, 
0x0000, 0x0000, 0x0000, 0x0000, 0x0000, 0x0000, 0x0000, 0x0000, 
0x0000, 0x0000, 0x0000, 0x0000, 0x0000, 0x0000, 0x0000, 0x0000, 
0x0000, 0x0000, 0x0000, 0x0000, 0x0000, 0x0000, 0x0000, 0x0000, 
0x0000, 0x0000, 0x0000, 0x0000, 0x0000, 0x0000, 0x0000, 0x0000, 
0x0000, 0x0000, 0x0000, 0x0000, 0x0000, 0x0000, 0x0000, 0x0000, 
0x0000, 0x0000, 0x0000, 0x0000, 0x0000, 0x0000, 0x0000, 0x0000, 
0x0000, 0x0000, 0x0000, 0x0000, 0x0000, 0x0000, 0x0000, 0x0000, 
0x0000, 0x0000, 0x0000, 0x0000, 0x0000, 0x0000, 0x0000, 0x0000, 
0x0000, 0x0000, 0x0000, 0x0000, 0x0000, 0x0000, 0x0000, 0x0000, 
0x0000, 0x0000, 0x0000, 0x0000, 0x0000, 0x0000, 0x0000, 0x0000, 
0x0000, 0x0000, 0x0000, 0x0000, 0x0000, 0x0000, 0x0000, 0x0000, 
0x0000, 0x0000, 0x0000, 0x0000, 0x0000, 0x0000, 0x0000, 0x0000, 
0x0000, 0x0000, 0x0000, 0x0000, 0x0000, 0x0000, 0x0000, 0x0000, 
0x0000, 0x0000, 0x0000, 0x0000, 0x0000, 0x0000, 0x0000, 0x0000, 
0x0000, 0x0000, 0x0000, 0x0000, 0x0000, 0x0000, 0x0000, 0x0000, 
0x0000, 0x0000, 0x0000, 0x0000, 0x0000, 0x0000, 0x0000, 0x0000, 
0x0000, 0x0000, 0x0000, 0x0000, 0x0000, 0x0000, 0x0000, 0x0000, 
0x0000, 0x0000, 0x0000, 0x0000, 0x0000, 0x0000, 0x0000, 0x0000, 
0x0000, 0x0000, 0x0000, 0x0000, 0x0000, 0x0000, 0x0000, 0x0000, 
0x0000, 0x0000, 0x0000, 0x0000, 0x0000, 0x0000, 0x0000, 0x0000, 
0x0000, 0x0000, 0x0000, 0x0000, 0x0000, 0x0000, 0x0000, 0x0000, 
0x0000, 0x0000, 0x0000, 0x0000, 0x0000, 0x0000, 0x0000, 0x0000, 
0x0000, 0x0000, 0x0000, 0x0000, 0x0000, 0x0000, 0x0000, 0x0000, 
0x0000, 0x0000, 0x0000, 0x0000, 0x0000, 0x0000, 0x0000, 0x0000, 
0x0000, 0x0000, 0x0000, 0x0000, 0x0000, 0x0000, 0x0000, 0x0000, 
0x0000, 0x0000, 0x0000, 0x0000, 0x0000, 0x0000, 0x0000, 0x0000, 
0x0000, 0x0000, 0x0000, 0x0000, 0x0000, 0x0000, 0x0000, 0x0000, 
0x0000, 0x0000, 0x0000, 0x0000, 0x0000, 0x0000, 0x0000, 0x0000, 
0x0000, 0x0000, 0x0000, 0x0000, 0x0000, 0x0000, 0x0000, 0x0000, 
0x0000, 0x0000, 0x0000, 0x0000, 0x0000, 0x0000, 0x0000, 0x0000, 
0x0000, 0x0000, 0x0000, 0x0000, 0x0000, 0x0000, 0x0000, 0x0000, 
0x0000, 0x0000, 0x0000, 0x0000, 0x0000, 0x0000, 0x0000, 0x0000, 
0x0000, 0x0000, 0x0000, 0x0000, 0x0000, 0x0000, 0x0000, 0x0000, 
0x0000, 0x0000, 0x0000, 0x0000, 0x0000, 0x0000, 0x0000, 0x0000, 
0x0000, 0x0000, 0x0000, 0x0000, 0x0000, 0x0000, 0x0000, 0x0000, 
0x0000, 0x0000, 0x0000, 0x0000, 0x0000, 0x0000, 0x0000, 0x0000, 
0x0000, 0x0000, 0x0000, 0x0000, 0x0000, 0x0000, 0x0000, 0x0000, 
0x0000, 0x0000, 0x0000, 0x0000, 0x0000, 0x0000, 0x0000, 0x0000, 
0x0000, 0x0000, 0x0000, 0x0000, 0x0000, 0x0000, 0x0000, 0x0000, 
0x0000, 0x0000, 0x0000, 0x0000, 0x0000, 0x0000, 0x0000, 0x0000, 
0x0000, 0x0000, 0x0000, 0x0000, 0x0000, 0x0000, 0x0000, 0x0000, 
0x0000, 0x0000, 0x0000, 0x0000, 0x0000, 0x0000, 0x0000, 0x0000, 
0x0000, 0x0000, 0x0000, 0x0000, 0x0000, 0x0000, 0x0000, 0x0000, 
0x0000, 0x0000, 0x0000, 0x0000, 0x0000, 0x0000, 0x0000, 0x0000, 
0x0000, 0x0000, 0x0000, 0x0000, 0x0000, 0x0000, 0x0000, 0x0000, 
0x0000, 0x0000, 0x0000, 0x0000, 0x0000, 0x0000, 0x0000, 0x0000, 
0x0000, 0x0000, 0x0000, 0x0000, 0x0000, 0x0000, 0x0000, 0x0000, 
0x0000, 0x0000, 0x0000, 0x0000, 0x0000, 0x0000, 0x0000, 0x0000, 
0x0000, 0x0000, 0x0000, 0x0000, 0x0000, 0x0000, 0x0000, 0x0000, 
0x0000, 0x0000, 0x0000, 0x0000, 0x0000, 0x0000, 0x0000, 0x0000, 
0x0000, 0x0000, 0x0000, 0x0000, 0x0000, 0x0000, 0x0000, 0x0000, 
0x0000, 0x0000, 0x0000, 0x0000, 0x0000, 0x0000, 0x0000, 0x0000, 
0x0000, 0x0000, 0x0000, 0x0000, 0x0000, 0x0000, 0x0000, 0x0000, 
0x0000, 0x0000, 0x0000, 0x0000, 0x0000, 0x0000, 0x0000, 0x0000, 
0x0000, 0x0000, 0x0000, 0x0000, 0x0000, 0x0000, 0x0000, 0x0000, 
0x0000, 0x0000, 0x0000, 0x0000, 0x0000, 0x0000, 0x0000, 0x0000, 
0x0000, 0x0000, 0x0000, 0x0000, 0x0000, 0x0000, 0x0000, 0x0000, 
0x0000, 0x0000, 0x0000, 0x0000, 0x0000, 0x0000, 0x0000, 0x0000, 
0x0000, 0x0000, 0x0000, 0x0000, 0x0000, 0x0000, 0x0000, 0x0000, 
0x0000, 0x0000, 0x0000, 0x0000, 0x0000, 0x0000, 0x0000, 0x0000, 
0x0000, 0x0000, 0x0000, 0x0000, 0x0000, 0x0000, 0x0000, 0x0000, 
0x0000, 0x0000, 0x0000, 0x0000, 0x0000, 0x0000, 0x0000, 0x0000, 
0x0000, 0x0000, 0x0000, 0x0000, 0x0000, 0x0000, 0x0000, 0x0000, 
0x0000, 0x0000, 0x0000, 0x0000, 0x0000, 0x0000, 0x0000, 0x0000, 
0x0000, 0x0000, 0x0000, 0x0000, 0x0000, 0x0000, 0x0000, 0x0000, 
0x0000, 0x0000, 0x0000, 0x0000, 0x0000, 0x0000, 0x0000, 0x0000, 
0x0000, 0x0000, 0x0000, 0x0000, 0x0000, 0x0000, 0x0000, 0x0000, 
0x0000, 0x0000, 0x0000, 0x0000, 0x0000, 0x0000, 0x0000, 0x0000, 
0x0000, 0x0000, 0x0000, 0x0000, 0x0000, 0x0000, 0x0000, 0x0000, 
0x0000, 0x0000, 0x0000, 0x0000, 0x0000, 0x0000, 0x0000, 0x0000, 
0x0000, 0x0000, 0x0000, 0x0000, 0x0000, 0x0000, 0x0000, 0x0000, 
0x0000, 0x0000, 0x0000, 0x0000, 0x0000, 0x0000, 0x0000, 0x0000, 
0x0000, 0x0000, 0x0000, 0x0000, 0x0000, 0x0000, 0x0000, 0x0000, 
0x0000, 0x0000, 0x0000, 0x0000, 0x0000, 0x0000, 0x0000, 0x0000, 
0x0000, 0x0000, 0x0000, 0x0000, 0x0000, 0x0000, 0x0000, 0x0000, 
0x0000, 0x0000, 0x0000, 0x0000, 0x0000, 0x0000, 0x0000, 0x0000, 
0x0000, 0x0000, 0x0000, 0x0000, 0x0000, 0x0000, 0x0000, 0x0000, 
0x0000, 0x0000, 0x0000, 0x0000, 0x0000, 0x0000, 0x0000, 0x0000, 
0x0000, 0x0000, 0x0000, 0x0000, 0x0000, 0x0000, 0x0000, 0x0000, 
0x0000, 0x0000, 0x0000, 0x0000, 0x0000, 0x0000, 0x0000, 0x0000, 
0x0000, 0x0000, 0x0000, 0x0000, 0x0000, 0x0000, 0x0000, 0x0000, 
0x0000, 0x0000, 0x0000, 0x0000, 0x0000, 0x0000, 0x0000, 0x0000, 
0x0000, 0x0000, 0x0000, 0x0000, 0x0000, 0x0000, 0x0000, 0x0000, 
0x0000, 0x0000, 0x0000, 0x0000, 0x0000, 0x0000, 0x0000, 0x0000, 
0x0000, 0x0000, 0x0000, 0x0000, 0x0000, 0x0000, 0x0000, 0x0000, 
0x0000, 0x0000, 0x0000, 0x0000, 0x0000, 0x0000, 0x0000, 0x0000, 
0x0000, 0x0000, 0x0000, 0x0000, 0x0000, 0x0000, 0x0000, 0x0000, 
0x0000, 0x0000, 0x0000, 0x0000, 0x0000, 0x0000, 0x0000, 0x0000, 
0x0000, 0x0000, 0x0000, 0x0000, 0x0000, 0x0000, 0x0000, 0x0000, 
0x0000, 0x0000, 0x0000, 0x0000, 0x0000, 0x0000, 0x0000, 0x0000, 
0x0000, 0x0000, 0x0000, 0x0000, 0x0000, 0x0000, 0x0000, 0x0000, 
0x0000, 0x0000, 0x0000, 0x0000, 0x0000, 0x0000, 0x0000, 0x0000, 
0x0000, 0x0000, 0x0000, 0x0000, 0x0000, 0x0000, 0x0000, 0x0000, 
0x0000, 0x0000, 0x0000, 0x0000, 0x0000, 0x0000, 0x0000, 0x0000, 
0x0000, 0x0000, 0x0000, 0x0000, 0x0000, 0x0000, 0x0000, 0x0000, 
0x0000, 0x0000, 0x0000, 0x0000, 0x0000, 0x0000, 0x0000, 0x0000, 
0x0000, 0x0000, 0x0000, 0x0000, 0x0000, 0x0000, 0x0000, 0x0000, 
0x0000, 0x0000, 0x0000, 0x0000, 0x0000, 0x0000, 0x0000, 0x0000, 
0x0000, 0x0000, 0x0000, 0x0000, 0x0000, 0x0000, 0x0000, 0x0000, 
0x0000, 0x0000, 0x0000, 0x0000, 0x0000, 0x0000, 0x0000, 0x0000, 
0x0000, 0x0000, 0x0000, 0x0000, 0x0000, 0x0000, 0x0000, 0x0000, 
0x0000, 0x0000, 0x0000, 0x0000, 0x0000, 0x0000, 0x0000, 0x0000, 
0x0000, 0x0000, 0x0000, 0x0000, 0x0000, 0x0000, 0x0000, 0x0000, 
0x0000, 0x0000, 0x0000, 0x0000, 0x0000, 0x0000, 0x0000, 0x0000, 
0x0000, 0x0000, 0x0000, 0x0000, 0x0000, 0x0000, 0x0000, 0x0000, 
0x0000, 0x0000, 0x0000, 0x0000, 0x0000, 0x0000, 0x0000, 0x0000, 
0x0000, 0x0000, 0x0000, 0x0000, 0x0000, 0x0000, 0x0000, 0x0000, 
0x0000, 0x0000, 0x0000, 0x0000, 0x0000, 0x0000, 0x0000, 0x0000, 
0x0000, 0x0000, 0x0000, 0x0000, 0x0000, 0x0000, 0x0000, 0x0000, 
0x0000, 0x0000, 0x0000, 0x0000, 0x0000, 0x0000, 0x0000, 0x0000, 
0x0000, 0x0000, 0x0000, 0x0000, 0x0000, 0x0000, 0x0000, 0x0000, 
0x0000, 0x0000, 0x0000, 0x0000, 0x0000, 0x0000, 0x0000, 0x0000, 
0x0000, 0x0000, 0x0000, 0x0000, 0x0000, 0x0000, 0x0000, 0x0000, 
0x0000, 0x0000, 0x0000, 0x0000, 0x0000, 0x0000, 0x0000, 0x0000, 
0x0000, 0x0000, 0x0000, 0x0000, 0x0000, 0x0000, 0x0000, 0x0000, 
0x0000, 0x0000, 0x0000, 0x0000, 0x0000, 0x0000, 0x0000, 0x0000, 
0x0000, 0x0000, 0x0000, 0x0000, 0x0000, 0x0000, 0x0000, 0x0000, 
0x0000, 0x0000, 0x0000, 0x0000, 0x0000, 0x0000, 0x0000, 0x0000, 
0x0000, 0x0000, 0x0000, 0x0000, 0x0000, 0x0000, 0x0000, 0x0000, 
0x0000, 0x0000, 0x0000, 0x0000, 0x0000, 0x0000, 0x0000, 0x0000, 
0x0000, 0x0000, 0x0000, 0x0000, 0x0000, 0x0000, 0x0000, 0x0000, 
0x0000, 0x0000, 0x0000, 0x0000, 0x0000, 0x0000, 0x0000, 0x0000, 
0x0000, 0x0000, 0x0000, 0x0000, 0x0000, 0x0000, 0x0000, 0x0000, 
0x0000, 0x0000, 0x0000, 0x0000, 0x0000, 0x0000, 0x0000, 0x0000, 
0x0000, 0x0000, 0x0000, 0x0000, 0x0000, 0x0000, 0x0000, 0x0000, 
0x0000, 0x0000, 0x0000, 0x0000, 0x0000, 0x0000, 0x0000, 0x0000, 
0x0000, 0x0000, 0x0000, 0x0000, 0x0000, 0x0000, 0x0000, 0x0000, 
0x0000, 0x0000, 0x0000, 0x0000, 0x0000, 0x0000, 0x0000, 0x0000, 
0x0000, 0x0000, 0x0000, 0x0000, 0x0000, 0x0000, 0x0000, 0x0000, 
0x0000, 0x0000, 0x0000, 0x0000, 0x0000, 0x0000, 0x0000, 0x0000, 
0x0000, 0x0000, 0x0000, 0x0000, 0x0000, 0x0000, 0x0000, 0x0000, 
0x0000, 0x0000, 0x0000, 0x0000, 0x0000, 0x0000, 0x0000, 0x0000, 
0x0000, 0x0000, 0x0000, 0x0000, 0x0000, 0x0000, 0x0000, 0x0000, 
0x0000, 0x0000, 0x0000, 0x0000, 0x0000, 0x0000, 0x0000, 0x0000, 
0x0000, 0x0000, 0x0000, 0x0000, 0x0000, 0x0000, 0x0000, 0x0000, 
0x0000, 0x0000, 0x0000, 0x0000, 0x0000, 0x0000, 0x0000, 0x0000, 
0x0000, 0x0000, 0x0000, 0x0000, 0x0000, 0x0000, 0x0000, 0x0000, 
0x0000, 0x0000, 0x0000, 0x0000, 0x0000, 0x0000, 0x0000, 0x0000, 
0x0000, 0x0000, 0x0000, 0x0000, 0x0000, 0x0000, 0x0000, 0x0000, 
0x0000, 0x0000, 0x0000, 0x0000, 0x0000, 0x0000, 0x0000, 0x0000, 
0x0000, 0x0000, 0x0000, 0x0000, 0x0000, 0x0000, 0x0000, 0x0000, 
0x0000, 0x0000, 0x0000, 0x0000, 0x0000, 0x0000, 0x0000, 0x0000, 
0x0000, 0x0000, 0x0000, 0x0000, 0x0000, 0x0000, 0x0000, 0x0000, 
0x0000, 0x0000, 0x0000, 0x0000, 0x0000, 0x0000, 0x0000, 0x0000, 
0x0000, 0x0000, 0x0000, 0x0000, 0x0000, 0x0000, 0x0000, 0x0000, 
0x0000, 0x0000, 0x0000, 0x0000, 0x0000, 0x0000, 0x0000, 0x0000, 
0x0000, 0x0000, 0x0000, 0x0000, 0x0000, 0x0000, 0x0000, 0x0000, 
0x0000, 0x0000, 0x0000, 0x0000, 0x0000, 0x0000, 0x0000, 0x0000, 
0x0000, 0x0000, 0x0000, 0x0000, 0x0000, 0x0000, 0x0000, 0x0000, 
0x0000, 0x0000, 0x0000, 0x0000, 0x0000, 0x0000, 0x0000, 0x0000, 
0x0000, 0x0000, 0x0000, 0x0000, 0x0000, 0x0000, 0x0000, 0x0000, 
0x0000, 0x0000, 0x0000, 0x0000, 0x0000, 0x0000, 0x0000, 0x0000, 
0x0000, 0x0000, 0x0000, 0x0000, 0x0000, 0x0000, 0x0000, 0x0000, 
0x0000, 0x0000, 0x0000, 0x0000, 0x0000, 0x0000, 0x0000, 0x0000, 
0x0000, 0x0000, 0x0000, 0x0000, 0x0000, 0x0000, 0x0000, 0x0000, 
0x0000, 0x0000, 0x0000, 0x0000, 0x0000, 0x0000, 0x0000, 0x0000, 
0x0000, 0x0000, 0x0000, 0x0000, 0x0000, 0x0000, 0x0000, 0x0000, 
0x0000, 0x0000, 0x0000, 0x0000, 0x0000, 0x0000, 0x0000, 0x0000, 
0x0000, 0x0000, 0x0000, 0x0000, 0x0000, 0x0000, 0x0000, 0x0000, 
0x0000, 0x0000, 0x0000, 0x0000, 0x0000, 0x0000, 0x0000, 0x0000, 
0x0000, 0x0000, 0x0000, 0x0000, 0x0000, 0x0000, 0x0000, 0x0000, 
0x0000, 0x0000, 0x0000, 0x0000, 0x0000, 0x0000, 0x0000, 0x0000, 
0x0000, 0x0000, 0x0000, 0x0000, 0x0000, 0x0000, 0x0000, 0x0000, 
0x0000, 0x0000, 0x0000, 0x0000, 0x0000, 0x0000, 0x0000, 0x0000, 
0x0000, 0x0000, 0x0000, 0x0000, 0x0000, 0x0000, 0x0000, 0x0000, 
0x0000, 0x0000, 0x0000, 0x0000, 0x0000, 0x0000, 0x0000, 0x0000, 
0x0000, 0x0000, 0x0000, 0x0000, 0x0000, 0x0000, 0x0000, 0x0000, 
0x0000, 0x0000, 0x0000, 0x0000, 0x0000, 0x0000, 0x0000, 0x0000, 
0x0000, 0x0000, 0x0000, 0x0000, 0x0000, 0x0000, 0x0000, 0x0000, 
0x0000, 0x0000, 0x0000, 0x0000, 0x0000, 0x0000, 0x0000, 0x0000, 
0x0000, 0x0000, 0x0000, 0x0000, 0x0000, 0x0000, 0x0000, 0x0000, 
0x0000, 0x0000, 0x0000, 0x0000, 0x0000, 0x0000, 0x0000, 0x0000, 
0x0000, 0x0000, 0x0000, 0x0000, 0x0000, 0x0000, 0x0000, 0x0000, 
0x0000, 0x0000, 0x0000, 0x0000, 0x0000, 0x0000, 0x0000, 0x0000, 
0x0000, 0x0000, 0x0000, 0x0000, 0x0000, 0x0000, 0x0000, 0x0000, 
0x0000, 0x0000, 0x0000, 0x0000, 0x0000, 0x0000, 0x0000, 0x0000, 
0x0000, 0x0000, 0x0000, 0x0000, 0x0000, 0x0000, 0x0000, 0x0000, 
0x0000, 0x0000, 0x0000, 0x0000, 0x0000, 0x0000, 0x0000, 0x0000, 
0x0000, 0x0000, 0x0000, 0x0000, 0x0000, 0x0000, 0x0000, 0x0000, 
0x0000, 0x0000, 0x0000, 0x0000, 0x0000, 0x0000, 0x0000, 0x0000, 
0x0000, 0x0000, 0x0000, 0x0000, 0x0000, 0x0000, 0x0000, 0x0000, 
0x0000, 0x0000, 0x0000, 0x0000, 0x0000, 0x0000, 0x0000, 0x0000, 
0x0000, 0x0000, 0x0000, 0x0000, 0x0000, 0x0000, 0x0000, 0x0000, 
0x0000, 0x0000, 0x0000, 0x0000, 0x0000, 0x0000, 0x0000, 0x0000, 
0x0000, 0x0000, 0x0000, 0x0000, 0x0000, 0x0000, 0x0000, 0x0000, 
0x0000, 0x0000, 0x0000, 0x0000, 0x0000, 0x0000, 0x0000, 0x0000, 
0x0000, 0x0000, 0x0000, 0x0000, 0x0000, 0x0000, 0x0000, 0x0000, 
0x0000, 0x0000, 0x0000, 0x0000, 0x0000, 0x0000, 0x0000, 0x0000, 
0x0000, 0x0000, 0x0000, 0x0000, 0x0000, 0x0000, 0x0000, 0x0000, 
0x0000, 0x0000, 0x0000, 0x0000, 0x0000, 0x0000, 0x0000, 0x0000, 
0x0000, 0x0000, 0x0000, 0x0000, 0x0000, 0x0000, 0x0000, 0x0000, 
0x0000, 0x0000, 0x0000, 0x0000, 0x0000, 0x0000, 0x0000, 0x0000, 
0x0000, 0x0000, 0x0000, 0x0000, 0x0000, 0x0000, 0x0000, 0x0000, 
0x0000, 0x0000, 0x0000, 0x0000, 0x0000, 0x0000, 0x0000, 0x0000, 
0x0000, 0x0000, 0x0000, 0x0000, 0x0000, 0x0000, 0x0000, 0x0000, 
0x0000, 0x0000, 0x0000, 0x0000, 0x0000, 0x0000, 0x0000, 0x0000, 
0x0000, 0x0000, 0x0000, 0x0000, 0x0000, 0x0000, 0x0000, 0x0000, 
0x0000, 0x0000, 0x0000, 0x0000, 0x0000, 0x0000, 0x0000, 0x0000, 
0x0000, 0x0000, 0x0000, 0x0000, 0x0000, 0x0000, 0x0000, 0x0000, 
0x0000, 0x0000, 0x0000, 0x0000, 0x0000, 0x0000, 0x0000, 0x0000, 
0x0000, 0x0000, 0x0000, 0x0000, 0x0000, 0x0000, 0x0000, 0x0000, 
0x0000, 0x0000, 0x0000, 0x0000, 0x0000, 0x0000, 0x0000, 0x0000, 
0x0000, 0x0000, 0x0000, 0x0000, 0x0000, 0x0000, 0x0000, 0x0000, 
0x0000, 0x0000, 0x0000, 0x0000, 0x0000, 0x0000, 0x0000, 0x0000, 
0x0000, 0x0000, 0x0000, 0x0000, 0x0000, 0x0000, 0x0000, 0x0000, 
0x0000, 0x0000, 0x0000, 0x0000, 0x0000, 0x0000, 0x0000, 0x0000, 
0x0000, 0x0000, 0x0000, 0x0000, 0x0000, 0x0000, 0x0000, 0x0000, 
0x0000, 0x0000, 0x0000, 0x0000, 0x0000, 0x0000, 0x0000, 0x0000, 
0x0000, 0x0000, 0x0000, 0x0000, 0x0000, 0x0000, 0x0000, 0x0000, 
0x0000, 0x0000, 0x0000, 0x0000, 0x0000, 0x0000, 0x0000, 0x0000, 
0x0000, 0x0000, 0x0000, 0x0000, 0x0000, 0x0000, 0x0000, 0x0000, 
0x0000, 0x0000, 0x0000, 0x0000, 0x0000, 0x0000, 0x0000, 0x0000, 
0x0000, 0x0000, 0x0000, 0x0000, 0x0000, 0x0000, 0x0000, 0x0000, 
0x0000, 0x0000, 0x0000, 0x0000, 0x0000, 0x0000, 0x0000, 0x0000, 
0x0000, 0x0000, 0x0000, 0x0000, 0x0000, 0x0000, 0x0000, 0x0000, 
0x0000, 0x0000, 0x0000, 0x0000, 0x0000, 0x0000, 0x0000, 0x0000, 
0x0000, 0x0000, 0x0000, 0x0000, 0x0000, 0x0000, 0x0000, 0x0000, 
0x0000, 0x0000, 0x0000, 0x0000, 0x0000, 0x0000, 0x0000, 0x0000, 
0x0000, 0x0000, 0x0000, 0x0000, 0x0000, 0x0000, 0x0000, 0x0000, 
0x0000, 0x0000, 0x0000, 0x0000, 0x0000, 0x0000, 0x0000, 0x0000, 
0x0000, 0x0000, 0x0000, 0x0000, 0x0000, 0x0000, 0x0000, 0x0000, 
0x0000, 0x0000, 0x0000, 0x0000, 0x0000, 0x0000, 0x0000, 0x0000, 
0x0000, 0x0000, 0x0000, 0x0000, 0x0000, 0x0000, 0x0000, 0x0000, 
0x0000, 0x0000, 0x0000, 0x0000, 0x0000, 0x0000, 0x0000, 0x0000, 
0x0000, 0x0000, 0x0000, 0x0000, 0x0000, 0x0000, 0x0000, 0x0000, 
0x0000, 0x0000, 0x0000, 0x0000, 0x0000, 0x0000, 0x0000, 0x0000, 
0x0000, 0x0000, 0x0000, 0x0000, 0x0000, 0x0000, 0x0000, 0x0000, 
0x0000, 0x0000, 0x0000, 0x0000, 0x0000, 0x0000, 0x0000, 0x0000, 
0x0000, 0x0000, 0x0000, 0x0000, 0x0000, 0x0000, 0x0000, 0x0000, 
0x0000, 0x0000, 0x0000, 0x0000, 0x0000, 0x0000, 0x0000, 0x0000, 
0x0000, 0x0000, 0x0000, 0x0000, 0x0000, 0x0000, 0x0000, 0x0000, 
0x0000, 0x0000, 0x0000, 0x0000, 0x0000, 0x0000, 0x0000, 0x0000, 
0x0000, 0x0000, 0x0000, 0x0000, 0x0000, 0x0000, 0x0000, 0x0000, 
0x0000, 0x0000, 0x0000, 0x0000, 0x0000, 0x0000, 0x0000, 0x0000, 
0x0000, 0x0000, 0x0000, 0x0000, 0x0000, 0x0000, 0x0000, 0x0000, 
0x0000, 0x0000, 0x0000, 0x0000, 0x0000, 0x0000, 0x0000, 0x0000, 
0x0000, 0x0000, 0x0000, 0x0000, 0x0000, 0x0000, 0x0000, 0x0000, 
0x0000, 0x0000, 0x0000, 0x0000, 0x0000, 0x0000, 0x0000, 0x0000, 
0x0000, 0x0000, 0x0000, 0x0000, 0x0000, 0x0000, 0x0000, 0x0000, 
0x0000, 0x0000, 0x0000, 0x0000, 0x0000, 0x0000, 0x0000, 0x0000, 
0x0000, 0x0000, 0x0000, 0x0000, 0x0000, 0x0000, 0x0000, 0x0000, 
0x0000, 0x0000, 0x0000, 0x0000, 0x0000, 0x0000, 0x0000, 0x0000, 
0x0000, 0x0000, 0x0000, 0x0000, 0x0000, 0x0000, 0x0000, 0x0000, 
0x0000, 0x0000, 0x0000, 0x0000, 0x0000, 0x0000, 0x0000, 0x0000, 
0x0000, 0x0000, 0x0000, 0x0000, 0x0000, 0x0000, 0x0000, 0x0000, 
0x0000, 0x0000, 0x0000, 0x0000, 0x0000, 0x0000, 0x0000, 0x0000, 
0x0000, 0x0000, 0x0000, 0x0000, 0x0000, 0x0000, 0x0000, 0x0000, 
0x0000, 0x0000, 0x0000, 0x0000, 0x0000, 0x0000, 0x0000, 0x0000, 
0x0000, 0x0000, 0x0000, 0x0000, 0x0000, 0x0000, 0x0000, 0x0000, 
0x0000, 0x0000, 0x0000, 0x0000, 0x0000, 0x0000, 0x0000, 0x0000, 
0x0000, 0x0000, 0x0000, 0x0000, 0x0000, 0x0000, 0x0000, 0x0000, 
0x0000, 0x0000, 0x0000, 0x0000, 0x0000, 0x0000, 0x0000, 0x0000, 
0x0000, 0x0000, 0x0000, 0x0000, 0x0000, 0x0000, 0x0000, 0x0000, 
0x0000, 0x0000, 0x0000, 0x0000, 0x0000, 0x0000, 0x0000, 0x0000, 
0x0000, 0x0000, 0x0000, 0x0000, 0x0000, 0x0000, 0x0000, 0x0000, 
0x0000, 0x0000, 0x0000, 0x0000, 0x0000, 0x0000, 0x0000, 0x0000, 
0x0000, 0x0000, 0x0000, 0x0000, 0x0000, 0x0000, 0x0000, 0x0000, 
0x0000, 0x0000, 0x0000, 0x0000, 0x0000, 0x0000, 0x0000, 0x0000, 
0x0000, 0x0000, 0x0000, 0x0000, 0x0000, 0x0000, 0x0000, 0x0000, 
0x0000, 0x0000, 0x0000, 0x0000, 0x0000, 0x0000, 0x0000, 0x0000, 
0x0000, 0x0000, 0x0000, 0x0000, 0x0000, 0x0000, 0x0000, 0x0000, 
0x0000, 0x0000, 0x0000, 0x0000, 0x0000, 0x0000, 0x0000, 0x0000, 
0x0000, 0x0000, 0x0000, 0x0000, 0x0000, 0x0000, 0x0000, 0x0000, 
0x0000, 0x0000, 0x0000, 0x0000, 0x0000, 0x0000, 0x0000, 0x0000, 
0x0000, 0x0000, 0x0000, 0x0000, 0x0000, 0x0000, 0x0000, 0x0000, 
0x0000, 0x0000, 0x0000, 0x0000, 0x0000, 0x0000, 0x0000, 0x0000, 
0x0000, 0x0000, 0x0000, 0x0000, 0x0000, 0x0000, 0x0000, 0x0000, 
0x0000, 0x0000, 0x0000, 0x0000, 0x0000, 0x0000, 0x0000, 0x0000, 
0x0000, 0x0000, 0x0000, 0x0000, 0x0000, 0x0000, 0x0000, 0x0000, 
0x0000, 0x0000, 0x0000, 0x0000, 0x0000, 0x0000, 0x0000, 0x0000, 
0x0000, 0x0000, 0x0000, 0x0000, 0x0000, 0x0000, 0x0000, 0x0000, 
0x0000, 0x0000, 0x0000, 0x0000, 0x0000, 0x0000, 0x0000, 0x0000, 
0x0000, 0x0000, 0x0000, 0x0000, 0x0000, 0x0000, 0x0000, 0x0000, 
0x0000, 0x0000, 0x0000, 0x0000, 0x0000, 0x0000, 0x0000, 0x0000, 
0x0000, 0x0000, 0x0000, 0x0000, 0x0000, 0x0000, 0x0000, 0x0000, 
0x0000, 0x0000, 0x0000, 0x0000, 0x0000, 0x0000, 0x0000, 0x0000, 
0x0000, 0x0000, 0x0000, 0x0000, 0x0000, 0x0000, 0x0000, 0x0000, 
0x0000, 0x0000, 0x0000, 0x0000, 0x0000, 0x0000, 0x0000, 0x0000, 
0x0000, 0x0000, 0x0000, 0x0000, 0x0000, 0x0000, 0x0000, 0x0000, 
0x0000, 0x0000, 0x0000, 0x0000, 0x0000, 0x0000, 0x0000, 0x0000, 
0x0000, 0x0000, 0x0000, 0x0000, 0x0000, 0x0000, 0x0000, 0x0000, 
0x0000, 0x0000, 0x0000, 0x0000, 0x0000, 0x0000, 0x0000, 0x0000, 
0x0000, 0x0000, 0x0000, 0x0000, 0x0000, 0x0000, 0x0000, 0x0000, 
0x0000, 0x0000, 0x0000, 0x0000, 0x0000, 0x0000, 0x0000, 0x0000, 
0x0000, 0x0000, 0x0000, 0x0000, 0x0000, 0x0000, 0x0000, 0x0000, 
0x0000, 0x0000, 0x0000, 0x0000, 0x0000, 0x0000, 0x0000, 0x0000, 
0x0000, 0x0000, 0x0000, 0x0000, 0x0000, 0x0000, 0x0000, 0x0000, 
0x0000, 0x0000, 0x0000, 0x0000, 0x0000, 0x0000, 0x0000, 0x0000, 
0x0000, 0x0000, 0x0000, 0x0000, 0x0000, 0x0000, 0x0000, 0x0000, 
0x0000, 0x0000, 0x0000, 0x0000, 0x0000, 0x0000, 0x0000, 0x0000, 
0x0000, 0x0000, 0x0000, 0x0000, 0x0000, 0x0000, 0x0000, 0x0000, 
0x0000, 0x0000, 0x0000, 0x0000, 0x0000, 0x0000, 0x0000, 0x0000, 
0x0000, 0x0000, 0x0000, 0x0000, 0x0000, 0x0000, 0x0000, 0x0000, 
0x0000, 0x0000, 0x0000, 0x0000, 0x0000, 0x0000, 0x0000, 0x0000, 
0x0000, 0x0000, 0x0000, 0x0000, 0x0000, 0x0000, 0x0000, 0x0000, 
0x0000, 0x0000, 0x0000, 0x0000, 0x0000, 0x0000, 0x0000, 0x0000, 
0x0000, 0x0000, 0x0000, 0x0000, 0x0000, 0x0000, 0x0000, 0x0000, 
0x0000, 0x0000, 0x0000, 0x0000, 0x0000, 0x0000, 0x0000, 0x0000, 
0x0000, 0x0000, 0x0000, 0x0000, 0x0000, 0x0000, 0x0000, 0x0000, 
0x0000, 0x0000, 0x0000, 0x0000, 0x0000, 0x0000, 0x0000, 0x0000, 
0x0000, 0x0000, 0x0000, 0x0000, 0x0000, 0x0000, 0x0000, 0x0000, 
0x0000, 0x0000, 0x0000, 0x0000, 0x0000, 0x0000, 0x0000, 0x0000, 
0x0000, 0x0000, 0x0000, 0x0000, 0x0000, 0x0000, 0x0000, 0x0000, 
0x0000, 0x0000, 0x0000, 0x0000, 0x0000, 0x0000, 0x0000, 0x0000, 
0x0000, 0x0000, 0x0000, 0x0000, 0x0000, 0x0000, 0x0000, 0x0000, 
0x0000, 0x0000, 0x0000, 0x0000, 0x0000, 0x0000, 0x0000, 0x0000, 
0x0000, 0x0000, 0x0000, 0x0000, 0x0000, 0x0000, 0x0000, 0x0000, 
0x0000, 0x0000, 0x0000, 0x0000, 0x0000, 0x0000, 0x0000, 0x0000, 
0x0000, 0x0000, 0x0000, 0x0000, 0x0000, 0x0000, 0x0000, 0x0000, 
0x0000, 0x0000, 0x0000, 0x0000, 0x0000, 0x0000, 0x0000, 0x0000, 
0x0000, 0x0000, 0x0000, 0x0000, 0x0000, 0x0000, 0x0000, 0x0000, 
0x0000, 0x0000, 0x0000, 0x0000, 0x0000, 0x0000, 0x0000, 0x0000, 
0x0000, 0x0000, 0x0000, 0x0000, 0x0000, 0x0000, 0x0000, 0x0000, 
0x0000, 0x0000, 0x0000, 0x0000, 0x0000, 0x0000, 0x0000, 0x0000, 
0x0000, 0x0000, 0x0000, 0x0000, 0x0000, 0x0000, 0x0000, 0x0000, 
0x0000, 0x0000, 0x0000, 0x0000, 0x0000, 0x0000, 0x0000, 0x0000, 
0x0000, 0x0000, 0x0000, 0x0000, 0x0000, 0x0000, 0x0000, 0x0000, 
0x0000, 0x0000, 0x0000, 0x0000, 0x0000, 0x0000, 0x0000, 0x0000, 
0x0000, 0x0000, 0x0000, 0x0000, 0x0000, 0x0000, 0x0000, 0x0000, 
0x0000, 0x0000, 0x0000, 0x0000, 0x0000, 0x0000, 0x0000, 0x0000, 
0x0000, 0x0000, 0x0000, 0x0000, 0x0000, 0x0000, 0x0000, 0x0000, 
0x0000, 0x0000, 0x0000, 0x0000, 0x0000, 0x0000, 0x0000, 0x0000, 
0x0000, 0x0000, 0x0000, 0x0000, 0x0000, 0x0000, 0x0000, 0x0000, 
0x0000, 0x0000, 0x0000, 0x0000, 0x0000, 0x0000, 0x0000, 0x0000, 
0x0000, 0x0000, 0x0000, 0x0000, 0x0000, 0x0000, 0x0000, 0x0000, 
0x0000, 0x0000, 0x0000, 0x0000, 0x0000, 0x0000, 0x0000, 0x0000, 
0x0000, 0x0000, 0x0000, 0x0000, 0x0000, 0x0000, 0x0000, 0x0000, 
0x0000, 0x0000, 0x0000, 0x0000, 0x0000, 0x0000, 0x0000, 0x0000, 
0x0000, 0x0000, 0x0000, 0x0000, 0x0000, 0x0000, 0x0000, 0x0000, 
0x0000, 0x0000, 0x0000, 0x0000, 0x0000, 0x0000, 0x0000, 0x0000, 
0x0000, 0x0000, 0x0000, 0x0000, 0x0000, 0x0000, 0x0000, 0x0000, 
0x0000, 0x0000, 0x0000, 0x0000, 0x0000, 0x0000, 0x0000, 0x0000, 
0x0000, 0x0000, 0x0000, 0x0000, 0x0000, 0x0000, 0x0000, 0x0000, 
0x0000, 0x0000, 0x0000, 0x0000, 0x0000, 0x0000, 0x0000, 0x0000, 
0x0000, 0x0000, 0x0000, 0x0000, 0x0000, 0x0000, 0x0000, 0x0000, 
0x0000, 0x0000, 0x0000, 0x0000, 0x0000, 0x0000, 0x0000, 0x0000, 
0x0000, 0x0000, 0x0000, 0x0000, 0x0000, 0x0000, 0x0000, 0x0000, 
0x0000, 0x0000, 0x0000, 0x0000, 0x0000, 0x0000, 0x0000, 0x0000, 
0x0000, 0x0000, 0x0000, 0x0000, 0x0000, 0x0000, 0x0000, 0x0000, 
0x0000, 0x0000, 0x0000, 0x0000, 0x0000, 0x0000, 0x0000, 0x0000, 
0x0000, 0x0000, 0x0000, 0x0000, 0x0000, 0x0000, 0x0000, 0x0000, 
0x0000, 0x0000, 0x0000, 0x0000, 0x0000, 0x0000, 0x0000, 0x0000, 
0x0000, 0x0000, 0x0000, 0x0000, 0x0000, 0x0000, 0x0000, 0x0000, 
0x0000, 0x0000, 0x0000, 0x0000, 0x0000, 0x0000, 0x0000, 0x0000, 
0x0000, 0x0000, 0x0000, 0x0000, 0x0000, 0x0000, 0x0000, 0x0000, 
0x0000, 0x0000, 0x0000, 0x0000, 0x0000, 0x0000, 0x0000, 0x0000, 
0x0000, 0x0000, 0x0000, 0x0000, 0x0000, 0x0000, 0x0000, 0x0000, 
0x0000, 0x0000, 0x0000, 0x0000, 0x0000, 0x0000, 0x0000, 0x0000, 
0x0000, 0x0000, 0x0000, 0x0000, 0x0000, 0x0000, 0x0000, 0x0000, 
0x0000, 0x0000, 0x0000, 0x0000, 0x0000, 0x0000, 0x0000, 0x0000, 
0x0000, 0x0000, 0x0000, 0x0000, 0x0000, 0x0000, 0x0000, 0x0000, 
0x0000, 0x0000, 0x0000, 0x0000, 0x0000, 0x0000, 0x0000, 0x0000, 
0x0000, 0x0000, 0x0000, 0x0000, 0x0000, 0x0000, 0x0000, 0x0000, 
0x0000, 0x0000, 0x0000, 0x0000, 0x0000, 0x0000, 0x0000, 0x0000, 
0x0000, 0x0000, 0x0000, 0x0000, 0x0000, 0x0000, 0x0000, 0x0000, 
0x0000, 0x0000, 0x0000, 0x0000, 0x0000, 0x0000, 0x0000, 0x0000, 
0x0000, 0x0000, 0x0000, 0x0000, 0x0000, 0x0000, 0x0000, 0x0000, 
0x0000, 0x0000, 0x0000, 0x0000, 0x0000, 0x0000, 0x0000, 0x0000, 
0x0000, 0x0000, 0x0000, 0x0000, 0x0000, 0x0000, 0x0000, 0x0000, 
0x0000, 0x0000, 0x0000, 0x0000, 0x0000, 0x0000, 0x0000, 0x0000, 
0x0000, 0x0000, 0x0000, 0x0000, 0x0000, 0x0000, 0x0000, 0x0000, 
0x0000, 0x0000, 0x0000, 0x0000, 0x0000, 0x0000, 0x0000, 0x0000, 
0x0000, 0x0000, 0x0000, 0x0000, 0x0000, 0x0000, 0x0000, 0x0000, 
0x0000, 0x0000, 0x0000, 0x0000, 0x0000, 0x0000, 0x0000, 0x0000, 
0x0000, 0x0000, 0x0000, 0x0000, 0x0000, 0x0000, 0x0000, 0x0000, 
0x0000, 0x0000, 0x0000, 0x0000, 0x0000, 0x0000, 0x0000, 0x0000, 
0x0000, 0x0000, 0x0000, 0x0000, 0x0000, 0x0000, 0x0000, 0x0000, 
0x0000, 0x0000, 0x0000, 0x0000, 0x0000, 0x0000, 0x0000, 0x0000, 
0x0000, 0x0000, 0x0000, 0x0000, 0x0000, 0x0000, 0x0000, 0x0000, 
0x0000, 0x0000, 0x0000, 0x0000, 0x0000, 0x0000, 0x0000, 0x0000, 
0x0000, 0x0000, 0x0000, 0x0000, 0x0000, 0x0000, 0x0000, 0x0000, 
0x0000, 0x0000, 0x0000, 0x0000, 0x0000, 0x0000, 0x0000, 0x0000, 
0x0000, 0x0000, 0x0000, 0x0000, 0x0000, 0x0000, 0x0000, 0x0000, 
0x0000, 0x0000, 0x0000, 0x0000, 0x0000, 0x0000, 0x0000, 0x0000, 
0x0000, 0x0000, 0x0000, 0x0000, 0x0000, 0x0000, 0x0000, 0x0000, 
0x0000, 0x0000, 0x0000, 0x0000, 0x0000, 0x0000, 0x0000, 0x0000, 
0x0000, 0x0000, 0x0000, 0x0000, 0x0000, 0x0000, 0x0000, 0x0000, 
0x0000, 0x0000, 0x0000, 0x0000, 0x0000, 0x0000, 0x0000, 0x0000, 
0x0000, 0x0000, 0x0000, 0x0000, 0x0000, 0x0000, 0x0000, 0x0000, 
0x0000, 0x0000, 0x0000, 0x0000, 0x0000, 0x0000, 0x0000, 0x0000, 
0x0000, 0x0000, 0x0000, 0x0000, 0x0000, 0x0000, 0x0000, 0x0000, 
0x0000, 0x0000, 0x0000, 0x0000, 0x0000, 0x0000, 0x0000, 0x0000, 
0x0000, 0x0000, 0x0000, 0x0000, 0x0000, 0x0000, 0x0000, 0x0000, 
0x0000, 0x0000, 0x0000, 0x0000, 0x0000, 0x0000, 0x0000, 0x0000, 
0x0000, 0x0000, 0x0000, 0x0000, 0x0000, 0x0000, 0x0000, 0x0000, 
0x0000, 0x0000, 0x0000, 0x0000, 0x0000, 0x0000, 0x0000, 0x0000, 
0x0000, 0x0000, 0x0000, 0x0000, 0x0000, 0x0000, 0x0000, 0x0000, 
0x0000, 0x0000, 0x0000, 0x0000, 0x0000, 0x0000, 0x0000, 0x0000, 
0x0000, 0x0000, 0x0000, 0x0000, 0x0000, 0x0000, 0x0000, 0x0000, 
0x0000, 0x0000, 0x0000, 0x0000, 0x0000, 0x0000, 0x0000, 0x0000, 
0x0000, 0x0000, 0x0000, 0x0000, 0x0000, 0x0000, 0x0000, 0x0000, 
0x0000, 0x0000, 0x0000, 0x0000, 0x0000, 0x0000, 0x0000, 0x0000, 
0x0000, 0x0000, 0x0000, 0x0000, 0x0000, 0x0000, 0x0000, 0x0000, 
0x0000, 0x0000, 0x0000, 0x0000, 0x0000, 0x0000, 0x0000, 0x0000, 
0x0000, 0x0000, 0x0000, 0x0000, 0x0000, 0x0000, 0x0000, 0x0000, 
0x0000, 0x0000, 0x0000, 0x0000, 0x0000, 0x0000, 0x0000, 0x0000, 
0x0000, 0x0000, 0x0000, 0x0000, 0x0000, 0x0000, 0x0000, 0x0000, 
0x0000, 0x0000, 0x0000, 0x0000, 0x0000, 0x0000, 0x0000, 0x0000, 
0x0000, 0x0000, 0x0000, 0x0000, 0x0000, 0x0000, 0x0000, 0x0000, 
0x0000, 0x0000, 0x0000, 0x0000, 0x0000, 0x0000, 0x0000, 0x0000, 
0x0000, 0x0000, 0x0000, 0x0000, 0x0000, 0x0000, 0x0000, 0x0000, 
0x0000, 0x0000, 0x0000, 0x0000, 0x0000, 0x0000, 0x0000, 0x0000, 
0x0000, 0x0000, 0x0000, 0x0000, 0x0000, 0x0000, 0x0000, 0x0000, 
0x0000, 0x0000, 0x0000, 0x0000, 0x0000, 0x0000, 0x0000, 0x0000, 
0x0000, 0x0000, 0x0000, 0x0000, 0x0000, 0x0000, 0x0000, 0x0000, 
0x0000, 0x0000, 0x0000, 0x0000, 0x0000, 0x0000, 0x0000, 0x0000, 
0x0000, 0x0000, 0x0000, 0x0000, 0x0000, 0x0000, 0x0000, 0x0000, 
0x0000, 0x0000, 0x0000, 0x0000, 0x0000, 0x0000, 0x0000, 0x0000, 
0x0000, 0x0000, 0x0000, 0x0000, 0x0000, 0x0000, 0x0000, 0x0000, 
0x0000, 0x0000, 0x0000, 0x0000, 0x0000, 0x0000, 0x0000, 0x0000, 
0x0000, 0x0000, 0x0000, 0x0000, 0x0000, 0x0000, 0x0000, 0x0000, 
0x0000, 0x0000, 0x0000, 0x0000, 0x0000, 0x0000, 0x0000, 0x0000, 
0x0000, 0x0000, 0x0000, 0x0000, 0x0000, 0x0000, 0x0000, 0x0000, 
0x0000, 0x0000, 0x0000, 0x0000, 0x0000, 0x0000, 0x0000, 0x0000, 
0x0000, 0x0000, 0x0000, 0x0000, 0x0000, 0x0000, 0x0000, 0x0000, 
0x0000, 0x0000, 0x0000, 0x0000, 0x0000, 0x0000, 0x0000, 0x0000, 
0x0000, 0x0000, 0x0000, 0x0000, 0x0000, 0x0000, 0x0000, 0x0000, 
0x0000, 0x0000, 0x0000, 0x0000, 0x0000, 0x0000, 0x0000, 0x0000, 
0x0000, 0x0000, 0x0000, 0x0000, 0x0000, 0x0000, 0x0000, 0x0000, 
0x0000, 0x0000, 0x0000, 0x0000, 0x0000, 0x0000, 0x0000, 0x0000, 
0x0000, 0x0000, 0x0000, 0x0000, 0x0000, 0x0000, 0x0000, 0x0000, 
0x0000, 0x0000, 0x0000, 0x0000, 0x0000, 0x0000, 0x0000, 0x0000, 
0x0000, 0x0000, 0x0000, 0x0000, 0x0000, 0x0000, 0x0000, 0x0000, 
0x0000, 0x0000, 0x0000, 0x0000, 0x0000, 0x0000, 0x0000, 0x0000, 
0x0000, 0x0000, 0x0000, 0x0000, 0x0000, 0x0000, 0x0000, 0x0000, 
0x0000, 0x0000, 0x0000, 0x0000, 0x0000, 0x0000, 0x0000, 0x0000, 
0x0000, 0x0000, 0x0000, 0x0000, 0x0000, 0x0000, 0x0000, 0x0000, 
0x0000, 0x0000, 0x0000, 0x0000, 0x0000, 0x0000, 0x0000, 0x0000, 
0x0000, 0x0000, 0x0000, 0x0000, 0x0000, 0x0000, 0x0000, 0x0000, 
0x0000, 0x0000, 0x0000, 0x0000, 0x0000, 0x0000, 0x0000, 0x0000, 
0x0000, 0x0000, 0x0000, 0x0000, 0x0000, 0x0000, 0x0000, 0x0000, 
0x0000, 0x0000, 0x0000, 0x0000, 0x0000, 0x0000, 0x0000, 0x0000, 
0x0000, 0x0000, 0x0000, 0x0000, 0x0000, 0x0000, 0x0000, 0x0000, 
0x0000, 0x0000, 0x0000, 0x0000, 0x0000, 0x0000, 0x0000, 0x0000, 
0x0000, 0x0000, 0x0000, 0x0000, 0x0000, 0x0000, 0x0000, 0x0000, 
0x0000, 0x0000, 0x0000, 0x0000, 0x0000, 0x0000, 0x0000, 0x0000, 
0x0000, 0x0000, 0x0000, 0x0000, 0x0000, 0x0000, 0x0000, 0x0000, 
0x0000, 0x0000, 0x0000, 0x0000, 0x0000, 0x0000, 0x0000, 0x0000, 
0x0000, 0x0000, 0x0000, 0x0000, 0x0000, 0x0000, 0x0000, 0x0000, 
0x0000, 0x0000, 0x0000, 0x0000, 0x0000, 0x0000, 0x0000, 0x0000, 
0x0000, 0x0000, 0x0000, 0x0000, 0x0000, 0x0000, 0x0000, 0x0000, 
0x0000, 0x0000, 0x0000, 0x0000, 0x0000, 0x0000, 0x0000, 0x0000, 
0x0000, 0x0000, 0x0000, 0x0000, 0x0000, 0x0000, 0x0000, 0x0000, 
0x0000, 0x0000, 0x0000, 0x0000, 0x0000, 0x0000, 0x0000, 0x0000, 
0x0000, 0x0000, 0x0000, 0x0000, 0x0000, 0x0000, 0x0000, 0x0000, 
0x0000, 0x0000, 0x0000, 0x0000, 0x0000, 0x0000, 0x0000, 0x0000, 
0x0000, 0x0000, 0x0000, 0x0000, 0x0000, 0x0000, 0x0000, 0x0000, 
0x0000, 0x0000, 0x0000, 0x0000, 0x0000, 0x0000, 0x0000, 0x0000, 
0x0000, 0x0000, 0x0000, 0x0000, 0x0000, 0x0000, 0x0000, 0x0000, 
0x0000, 0x0000, 0x0000, 0x0000, 0x0000, 0x0000, 0x0000, 0x0000, 
0x0000, 0x0000, 0x0000, 0x0000, 0x0000, 0x0000, 0x0000, 0x0000, 
0x0000, 0x0000, 0x0000, 0x0000, 0x0000, 0x0000, 0x0000, 0x0000, 
0x0000, 0x0000, 0x0000, 0x0000, 0x0000, 0x0000, 0x0000, 0x0000, 
0x0000, 0x0000, 0x0000, 0x0000, 0x0000, 0x0000, 0x0000, 0x0000, 
0x0000, 0x0000, 0x0000, 0x0000, 0x0000, 0x0000, 0x0000, 0x0000, 
0x0000, 0x0000, 0x0000, 0x0000, 0x0000, 0x0000, 0x0000, 0x0000, 
0x0000, 0x0000, 0x0000, 0x0000, 0x0000, 0x0000, 0x0000, 0x0000, 
0x0000, 0x0000, 0x0000, 0x0000, 0x0000, 0x0000, 0x0000, 0x0000, 
0x0000, 0x0000, 0x0000, 0x0000, 0x0000, 0x0000, 0x0000, 0x0000, 
0x0000, 0x0000, 0x0000, 0x0000, 0x0000, 0x0000, 0x0000, 0x0000, 
0x0000, 0x0000, 0x0000, 0x0000, 0x0000, 0x0000, 0x0000, 0x0000, 
0x0000, 0x0000, 0x0000, 0x0000, 0x0000, 0x0000, 0x0000, 0x0000, 
0x0000, 0x0000, 0x0000, 0x0000, 0x0000, 0x0000, 0x0000, 0x0000, 
0x0000, 0x0000, 0x0000, 0x0000, 0x0000, 0x0000, 0x0000, 0x0000, 
0x0000, 0x0000, 0x0000, 0x0000, 0x0000, 0x0000, 0x0000, 0x0000, 
0x0000, 0x0000, 0x0000, 0x0000, 0x0000, 0x0000, 0x0000, 0x0000, 
0x0000, 0x0000, 0x0000, 0x0000, 0x0000, 0x0000, 0x0000, 0x0000, 
0x0000, 0x0000, 0x0000, 0x0000, 0x0000, 0x0000, 0x0000, 0x0000, 
0x0000, 0x0000, 0x0000, 0x0000, 0x0000, 0x0000, 0x0000, 0x0000, 
0x0000, 0x0000, 0x0000, 0x0000, 0x0000, 0x0000, 0x0000, 0x0000, 
0x0000, 0x0000, 0x0000, 0x0000, 0x0000, 0x0000, 0x0000, 0x0000, 
0x0000, 0x0000, 0x0000, 0x0000, 0x0000, 0x0000, 0x0000, 0x0000, 
0x0000, 0x0000, 0x0000, 0x0000, 0x0000, 0x0000, 0x0000, 0x0000, 
0x0000, 0x0000, 0x0000, 0x0000, 0x0000, 0x0000, 0x0000, 0x0000, 
0x0000, 0x0000, 0x0000, 0x0000, 0x0000, 0x0000, 0x0000, 0x0000, 
0x0000, 0x0000, 0x0000, 0x0000, 0x0000, 0x0000, 0x0000, 0x0000, 
0x0000, 0x0000, 0x0000, 0x0000, 0x0000, 0x0000, 0x0000, 0x0000, 
0x0000, 0x0000, 0x0000, 0x0000, 0x0000, 0x0000, 0x0000, 0x0000, 
0x0000, 0x0000, 0x0000, 0x0000, 0x0000, 0x0000, 0x0000, 0x0000, 
0x0000, 0x0000, 0x0000, 0x0000, 0x0000, 0x0000, 0x0000, 0x0000, 
0x0000, 0x0000, 0x0000, 0x0000, 0x0000, 0x0000, 0x0000, 0x0000, 
0x0000, 0x0000, 0x0000, 0x0000, 0x0000, 0x0000, 0x0000, 0x0000, 
0x0000, 0x0000, 0x0000, 0x0000, 0x0000, 0x0000, 0x0000, 0x0000, 
0x0000, 0x0000, 0x0000, 0x0000, 0x0000, 0x0000, 0x0000, 0x0000, 
0x0000, 0x0000, 0x0000, 0x0000, 0x0000, 0x0000, 0x0000, 0x0000, 
0x0000, 0x0000, 0x0000, 0x0000, 0x0000, 0x0000, 0x0000, 0x0000, 
0x0000, 0x0000, 0x0000, 0x0000, 0x0000, 0x0000, 0x0000, 0x0000, 
0x0000, 0x0000, 0x0000, 0x0000, 0x0000, 0x0000, 0x0000, 0x0000, 
0x0000, 0x0000, 0x0000, 0x0000, 0x0000, 0x0000, 0x0000, 0x0000, 
0x0000, 0x0000, 0x0000, 0x0000, 0x0000, 0x0000, 0x0000, 0x0000, 
0x0000, 0x0000, 0x0000, 0x0000, 0x0000, 0x0000, 0x0000, 0x0000, 
0x0000, 0x0000, 0x0000, 0x0000, 0x0000, 0x0000, 0x0000, 0x0000, 
0x0000, 0x0000, 0x0000, 0x0000, 0x0000, 0x0000, 0x0000, 0x0000, 
0x0000, 0x0000, 0x0000, 0x0000, 0x0000, 0x0000, 0x0000, 0x0000, 
0x0000, 0x0000, 0x0000, 0x0000, 0x0000, 0x0000, 0x0000, 0x0000, 
0x0000, 0x0000, 0x0000, 0x0000, 0x0000, 0x0000, 0x0000, 0x0000, 
0x0000, 0x0000, 0x0000, 0x0000, 0x0000, 0x0000, 0x0000, 0x0000, 
0x0000, 0x0000, 0x0000, 0x0000, 0x0000, 0x0000, 0x0000, 0x0000, 
0x0000, 0x0000, 0x0000, 0x0000, 0x0000, 0x0000, 0x0000, 0x0000, 
0x0000, 0x0000, 0x0000, 0x0000, 0x0000, 0x0000, 0x0000, 0x0000, 
0x0000, 0x0000, 0x0000, 0x0000, 0x0000, 0x0000, 0x0000, 0x0000, 
0x0000, 0x0000, 0x0000, 0x0000, 0x0000, 0x0000, 0x0000, 0x0000, 
0x0000, 0x0000, 0x0000, 0x0000, 0x0000, 0x0000, 0x0000, 0x0000, 
0x0000, 0x0000, 0x0000, 0x0000, 0x0000, 0x0000, 0x0000, 0x0000, 
0x0000, 0x0000, 0x0000, 0x0000, 0x0000, 0x0000, 0x0000, 0x0000, 
0x0000, 0x0000, 0x0000, 0x0000, 0x0000, 0x0000, 0x0000, 0x0000, 
0x0000, 0x0000, 0x0000, 0x0000, 0x0000, 0x0000, 0x0000, 0x0000, 
0x0000, 0x0000, 0x0000, 0x0000, 0x0000, 0x0000, 0x0000, 0x0000, 
0x0000, 0x0000, 0x0000, 0x0000, 0x0000, 0x0000, 0x0000, 0x0000, 
0x0000, 0x0000, 0x0000, 0x0000, 0x0000, 0x0000, 0x0000, 0x0000, 
0x0000, 0x0000, 0x0000, 0x0000, 0x0000, 0x0000, 0x0000, 0x0000, 
0x0000, 0x0000, 0x0000, 0x0000, 0x0000, 0x0000, 0x0000, 0x0000, 
0x0000, 0x0000, 0x0000, 0x0000, 0x0000, 0x0000, 0x0000, 0x0000, 
0x0000, 0x0000, 0x0000, 0x0000, 0x0000, 0x0000, 0x0000, 0x0000, 
0x0000, 0x0000, 0x0000, 0x0000, 0x0000, 0x0000, 0x0000, 0x0000, 
0x0000, 0x0000, 0x0000, 0x0000, 0x0000, 0x0000, 0x0000, 0x0000, 
0x0000, 0x0000, 0x0000, 0x0000, 0x0000, 0x0000, 0x0000, 0x0000, 
0x0000, 0x0000, 0x0000, 0x0000, 0x0000, 0x0000, 0x0000, 0x0000, 
0x0000, 0x0000, 0x0000, 0x0000, 0x0000, 0x0000, 0x0000, 0x0000, 
0x0000, 0x0000, 0x0000, 0x0000, 0x0000, 0x0000, 0x0000, 0x0000, 
0x0000, 0x0000, 0x0000, 0x0000, 0x0000, 0x0000, 0x0000, 0x0000, 
0x0000, 0x0000, 0x0000, 0x0000, 0x0000, 0x0000, 0x0000, 0x0000, 
0x0000, 0x0000, 0x0000, 0x0000, 0x0000, 0x0000, 0x0000, 0x0000, 
0x0000, 0x0000, 0x0000, 0x0000, 0x0000, 0x0000, 0x0000, 0x0000, 
0x0000, 0x0000, 0x0000, 0x0000, 0x0000, 0x0000, 0x0000, 0x0000, 
0x0000, 0x0000, 0x0000, 0x0000, 0x0000, 0x0000, 0x0000, 0x0000, 
0x0000, 0x0000, 0x0000, 0x0000, 0x0000, 0x0000, 0x0000, 0x0000, 
0x0000, 0x0000, 0x0000, 0x0000, 0x0000, 0x0000, 0x0000, 0x0000, 
0x0000, 0x0000, 0x0000, 0x0000, 0x0000, 0x0000, 0x0000, 0x0000, 
0x0000, 0x0000, 0x0000, 0x0000, 0x0000, 0x0000, 0x0000, 0x0000, 
0x0000, 0x0000, 0x0000, 0x0000, 0x0000, 0x0000, 0x0000, 0x0000, 
0x0000, 0x0000, 0x0000, 0x0000, 0x0000, 0x0000, 0x0000, 0x0000, 
0x0000, 0x0000, 0x0000, 0x0000, 0x0000, 0x0000, 0x0000, 0x0000, 
0x0000, 0x0000, 0x0000, 0x0000, 0x0000, 0x0000, 0x0000, 0x0000, 
0x0000, 0x0000, 0x0000, 0x0000, 0x0000, 0x0000, 0x0000, 0x0000, 
0x0000, 0x0000, 0x0000, 0x0000, 0x0000, 0x0000, 0x0000, 0x0000, 
0x0000, 0x0000, 0x0000, 0x0000, 0x0000, 0x0000, 0x0000, 0x0000, 
0x0000, 0x0000, 0x0000, 0x0000, 0x0000, 0x0000, 0x0000, 0x0000, 
0x0000, 0x0000, 0x0000, 0x0000, 0x0000, 0x0000, 0x0000, 0x0000, 
0x0000, 0x0000, 0x0000, 0x0000, 0x0000, 0x0000, 0x0000, 0x0000, 
0x0000, 0x0000, 0x0000, 0x0000, 0x0000, 0x0000, 0x0000, 0x0000, 
0x0000, 0x0000, 0x0000, 0x0000, 0x0000, 0x0000, 0x0000, 0x0000, 
0x0000, 0x0000, 0x0000, 0x0000, 0x0000, 0x0000, 0x0000, 0x0000, 
0x0000, 0x0000, 0x0000, 0x0000, 0x0000, 0x0000, 0x0000, 0x0000, 
0x0000, 0x0000, 0x0000, 0x0000, 0x0000, 0x0000, 0x0000, 0x0000, 
0x0000, 0x0000, 0x0000, 0x0000, 0x0000, 0x0000, 0x0000, 0x0000, 
0x0000, 0x0000, 0x0000, 0x0000, 0x0000, 0x0000, 0x0000, 0x0000, 
0x0000, 0x0000, 0x0000, 0x0000, 0x0000, 0x0000, 0x0000, 0x0000, 
0x0000, 0x0000, 0x0000, 0x0000, 0x0000, 0x0000, 0x0000, 0x0000, 
0x0000, 0x0000, 0x0000, 0x0000, 0x0000, 0x0000, 0x0000, 0x0000, 
0x0000, 0x0000, 0x0000, 0x0000, 0x0000, 0x0000, 0x0000, 0x0000, 
0x0000, 0x0000, 0x0000, 0x0000, 0x0000, 0x0000, 0x0000, 0x0000, 
0x0000, 0x0000, 0x0000, 0x0000, 0x0000, 0x0000, 0x0000, 0x0000, 
0x0000, 0x0000, 0x0000, 0x0000, 0x0000, 0x0000, 0x0000, 0x0000, 
0x0000, 0x0000, 0x0000, 0x0000, 0x0000, 0x0000, 0x0000, 0x0000, 
0x0000, 0x0000, 0x0000, 0x0000, 0x0000, 0x0000, 0x0000, 0x0000, 
0x0000, 0x0000, 0x0000, 0x0000, 0x0000, 0x0000, 0x0000, 0x0000, 
0x0000, 0x0000, 0x0000, 0x0000, 0x0000, 0x0000, 0x0000, 0x0000, 
0x0000, 0x0000, 0x0000, 0x0000, 0x0000, 0x0000, 0x0000, 0x0000, 
0x0000, 0x0000, 0x0000, 0x0000, 0x0000, 0x0000, 0x0000, 0x0000, 
0x0000, 0x0000, 0x0000, 0x0000, 0x0000, 0x0000, 0x0000, 0x0000, 
0x0000, 0x0000, 0x0000, 0x0000, 0x0000, 0x0000, 0x0000, 0x0000, 
0x0000, 0x0000, 0x0000, 0x0000, 0x0000, 0x0000, 0x0000, 0x0000, 
0x0000, 0x0000, 0x0000, 0x0000, 0x0000, 0x0000, 0x0000, 0x0000, 
0x0000, 0x0000, 0x0000, 0x0000, 0x0000, 0x0000, 0x0000, 0x0000, 
0x0000, 0x0000, 0x0000, 0x0000, 0x0000, 0x0000, 0x0000, 0x0000, 
0x0000, 0x0000, 0x0000, 0x0000, 0x0000, 0x0000, 0x0000, 0x0000, 
0x0000, 0x0000, 0x0000, 0x0000, 0x0000, 0x0000, 0x0000, 0x0000, 
0x0000, 0x0000, 0x0000, 0x0000, 0x0000, 0x0000, 0x0000, 0x0000, 
0x0000, 0x0000, 0x0000, 0x0000, 0x0000, 0x0000, 0x0000, 0x0000, 
0x0000, 0x0000, 0x0000, 0x0000, 0x0000, 0x0000, 0x0000, 0x0000, 
0x0000, 0x0000, 0x0000, 0x0000, 0x0000, 0x0000, 0x0000, 0x0000, 
0x0000, 0x0000, 0x0000, 0x0000, 0x0000, 0x0000, 0x0000, 0x0000, 
0x0000, 0x0000, 0x0000, 0x0000, 0x0000, 0x0000, 0x0000, 0x0000, 
0x0000, 0x0000, 0x0000, 0x0000, 0x0000, 0x0000, 0x0000, 0x0000, 
0x0000, 0x0000, 0x0000, 0x0000, 0x0000, 0x0000, 0x0000, 0x0000, 
0x0000, 0x0000, 0x0000, 0x0000, 0x0000, 0x0000, 0x0000, 0x0000, 
0x0000, 0x0000, 0x0000, 0x0000, 0x0000, 0x0000, 0x0000, 0x0000, 
0x0000, 0x0000, 0x0000, 0x0000, 0x0000, 0x0000, 0x0000, 0x0000, 
0x0000, 0x0000, 0x0000, 0x0000, 0x0000, 0x0000, 0x0000, 0x0000, 
0x0000, 0x0000, 0x0000, 0x0000, 0x0000, 0x0000, 0x0000, 0x0000, 
0x0000, 0x0000, 0x0000, 0x0000, 0x0000, 0x0000, 0x0000, 0x0000, 
0x0000, 0x0000, 0x0000, 0x0000, 0x0000, 0x0000, 0x0000, 0x0000, 
0x0000, 0x0000, 0x0000, 0x0000, 0x0000, 0x0000, 0x0000, 0x0000, 
0x0000, 0x0000, 0x0000, 0x0000, 0x0000, 0x0000, 0x0000, 0x0000, 
0x0000, 0x0000, 0x0000, 0x0000, 0x0000, 0x0000, 0x0000, 0x0000, 
0x0000, 0x0000, 0x0000, 0x0000, 0x0000, 0x0000, 0x0000, 0x0000, 
0x0000, 0x0000, 0x0000, 0x0000, 0x0000, 0x0000, 0x0000, 0x0000, 
0x0000, 0x0000, 0x0000, 0x0000, 0x0000, 0x0000, 0x0000, 0x0000, 
0x0000, 0x0000, 0x0000, 0x0000, 0x0000, 0x0000, 0x0000, 0x0000, 
0x0000, 0x0000, 0x0000, 0x0000, 0x0000, 0x0000, 0x0000, 0x0000, 
0x0000, 0x0000, 0x0000, 0x0000, 0x0000, 0x0000, 0x0000, 0x0000, 
0x0000, 0x0000, 0x0000, 0x0000, 0x0000, 0x0000, 0x0000, 0x0000, 
0x0000, 0x0000, 0x0000, 0x0000, 0x0000, 0x0000, 0x0000, 0x0000, 
0x0000, 0x0000, 0x0000, 0x0000, 0x0000, 0x0000, 0x0000, 0x0000, 
0x0000, 0x0000, 0x0000, 0x0000, 0x0000, 0x0000, 0x0000, 0x0000, 
0x0000, 0x0000, 0x0000, 0x0000, 0x0000, 0x0000, 0x0000, 0x0000, 
0x0000, 0x0000, 0x0000, 0x0000, 0x0000, 0x0000, 0x0000, 0x0000, 
0x0000, 0x0000, 0x0000, 0x0000, 0x0000, 0x0000, 0x0000, 0x0000, 
0x0000, 0x0000, 0x0000, 0x0000, 0x0000, 0x0000, 0x0000, 0x0000, 
0x0000, 0x0000, 0x0000, 0x0000, 0x0000, 0x0000, 0x0000, 0x0000, 
0x0000, 0x0000, 0x0000, 0x0000, 0x0000, 0x0000, 0x0000, 0x0000, 
0x0000, 0x0000, 0x0000, 0x0000, 0x0000, 0x0000, 0x0000, 0x0000, 
0x0000, 0x0000, 0x0000, 0x0000, 0x0000, 0x0000, 0x0000, 0x0000, 
0x0000, 0x0000, 0x0000, 0x0000, 0x0000, 0x0000, 0x0000, 0x0000, 
0x0000, 0x0000, 0x0000, 0x0000, 0x0000, 0x0000, 0x0000, 0x0000, 
0x0000, 0x0000, 0x0000, 0x0000, 0x0000, 0x0000, 0x0000, 0x0000, 
0x0000, 0x0000, 0x0000, 0x0000, 0x0000, 0x0000, 0x0000, 0x0000, 
0x0000, 0x0000, 0x0000, 0x0000, 0x0000, 0x0000, 0x0000, 0x0000, 
0x0000, 0x0000, 0x0000, 0x0000, 0x0000, 0x0000, 0x0000, 0x0000, 
0x0000, 0x0000, 0x0000, 0x0000, 0x0000, 0x0000, 0x0000, 0x0000, 
0x0000, 0x0000, 0x0000, 0x0000, 0x0000, 0x0000, 0x0000, 0x0000, 
0x0000, 0x0000, 0x0000, 0x0000, 0x0000, 0x0000, 0x0000, 0x0000, 
0x0000, 0x0000, 0x0000, 0x0000, 0x0000, 0x0000, 0x0000, 0x0000, 
0x0000, 0x0000, 0x0000, 0x0000, 0x0000, 0x0000, 0x0000, 0x0000, 
0x0000, 0x0000, 0x0000, 0x0000, 0x0000, 0x0000, 0x0000, 0x0000, 
0x0000, 0x0000, 0x0000, 0x0000, 0x0000, 0x0000, 0x0000, 0x0000, 
0x0000, 0x0000, 0x0000, 0x0000, 0x0000, 0x0000, 0x0000, 0x0000, 
0x0000, 0x0000, 0x0000, 0x0000, 0x0000, 0x0000, 0x0000, 0x0000, 
0x0000, 0x0000, 0x0000, 0x0000, 0x0000, 0x0000, 0x0000, 0x0000, 
0x0000, 0x0000, 0x0000, 0x0000, 0x0000, 0x0000, 0x0000, 0x0000, 
0x0000, 0x0000, 0x0000, 0x0000, 0x0000, 0x0000, 0x0000, 0x0000, 
0x0000, 0x0000, 0x0000, 0x0000, 0x0000, 0x0000, 0x0000, 0x0000, 
0x0000, 0x0000, 0x0000, 0x0000, 0x0000, 0x0000, 0x0000, 0x0000, 
0x0000, 0x0000, 0x0000, 0x0000, 0x0000, 0x0000, 0x0000, 0x0000, 
0x0000, 0x0000, 0x0000, 0x0000, 0x0000, 0x0000, 0x0000, 0x0000, 
0x0000, 0x0000, 0x0000, 0x0000, 0x0000, 0x0000, 0x0000, 0x0000, 
0x0000, 0x0000, 0x0000, 0x0000, 0x0000, 0x0000, 0x0000, 0x0000, 
0x0000, 0x0000, 0x0000, 0x0000, 0x0000, 0x0000, 0x0000, 0x0000, 
0x0000, 0x0000, 0x0000, 0x0000, 0x0000, 0x0000, 0x0000, 0x0000, 
0x0000, 0x0000, 0x0000, 0x0000, 0x0000, 0x0000, 0x0000, 0x0000, 
0x0000, 0x0000, 0x0000, 0x0000, 0x0000, 0x0000, 0x0000, 0x0000, 
0x0000, 0x0000, 0x0000, 0x0000, 0x0000, 0x0000, 0x0000, 0x0000, 
0x0000, 0x0000, 0x0000, 0x0000, 0x0000, 0x0000, 0x0000, 0x0000, 
0x0000, 0x0000, 0x0000, 0x0000, 0x0000, 0x0000, 0x0000, 0x0000, 
0x0000, 0x0000, 0x0000, 0x0000, 0x0000, 0x0000, 0x0000, 0x0000, 
0x0000, 0x0000, 0x0000, 0x0000, 0x0000, 0x0000, 0x0000, 0x0000, 
0x0000, 0x0000, 0x0000, 0x0000, 0x0000, 0x0000, 0x0000, 0x0000, 
0x0000, 0x0000, 0x0000, 0x0000, 0x0000, 0x0000, 0x0000, 0x0000, 
0x0000, 0x0000, 0x0000, 0x0000, 0x0000, 0x0000, 0x0000, 0x0000, 
0x0000, 0x0000, 0x0000, 0x0000, 0x0000, 0x0000, 0x0000, 0x0000, 
0x0000, 0x0000, 0x0000, 0x0000, 0x0000, 0x0000, 0x0000, 0x0000, 
0x0000, 0x0000, 0x0000, 0x0000, 0x0000, 0x0000, 0x0000, 0x0000, 
0x0000, 0x0000, 0x0000, 0x0000, 0x0000, 0x0000, 0x0000, 0x0000, 
0x0000, 0x0000, 0x0000, 0x0000, 0x0000, 0x0000, 0x0000, 0x0000, 
0x0000, 0x0000, 0x0000, 0x0000, 0x0000, 0x0000, 0x0000, 0x0000, 
0x0000, 0x0000, 0x0000, 0x0000, 0x0000, 0x0000, 0x0000, 0x0000, 
0x0000, 0x0000, 0x0000, 0x0000, 0x0000, 0x0000, 0x0000, 0x0000, 
0x0000, 0x0000, 0x0000, 0x0000, 0x0000, 0x0000, 0x0000, 0x0000, 
0x0000, 0x0000, 0x0000, 0x0000, 0x0000, 0x0000, 0x0000, 0x0000, 
0x0000, 0x0000, 0x0000, 0x0000, 0x0000, 0x0000, 0x0000, 0x0000, 
0x0000, 0x0000, 0x0000, 0x0000, 0x0000, 0x0000, 0x0000, 0x0000, 
0x0000, 0x0000, 0x0000, 0x0000, 0x0000, 0x0000, 0x0000, 0x0000, 
0x0000, 0x0000, 0x0000, 0x0000, 0x0000, 0x0000, 0x0000, 0x0000, 
0x0000, 0x0000, 0x0000, 0x0000, 0x0000, 0x0000, 0x0000, 0x0000, 
0x0000, 0x0000, 0x0000, 0x0000, 0x0000, 0x0000, 0x0000, 0x0000, 
0x0000, 0x0000, 0x0000, 0x0000, 0x0000, 0x0000, 0x0000, 0x0000, 
0x0000, 0x0000, 0x0000, 0x0000, 0x0000, 0x0000, 0x0000, 0x0000, 
0x0000, 0x0000, 0x0000, 0x0000, 0x0000, 0x0000, 0x0000, 0x0000, 
0x0000, 0x0000, 0x0000, 0x0000, 0x0000, 0x0000, 0x0000, 0x0000, 
0x0000, 0x0000, 0x0000, 0x0000, 0x0000, 0x0000, 0x0000, 0x0000, 
0x0000, 0x0000, 0x0000, 0x0000, 0x0000, 0x0000, 0x0000, 0x0000, 
0x0000, 0x0000, 0x0000, 0x0000, 0x0000, 0x0000, 0x0000, 0x0000, 
0x0000, 0x0000, 0x0000, 0x0000, 0x0000, 0x0000, 0x0000, 0x0000, 
0x0000, 0x0000, 0x0000, 0x0000, 0x0000, 0x0000, 0x0000, 0x0000, 
0x0000, 0x0000, 0x0000, 0x0000, 0x0000, 0x0000, 0x0000, 0x0000, 
0x0000, 0x0000, 0x0000, 0x0000, 0x0000, 0x0000, 0x0000, 0x0000, 
0x0000, 0x0000, 0x0000, 0x0000, 0x0000, 0x0000, 0x0000, 0x0000, 
0x0000, 0x0000, 0x0000, 0x0000, 0x0000, 0x0000, 0x0000, 0x0000, 
0x0000, 0x0000, 0x0000, 0x0000, 0x0000, 0x0000, 0x0000, 0x0000, 
0x0000, 0x0000, 0x0000, 0x0000, 0x0000, 0x0000, 0x0000, 0x0000, 
0x0000, 0x0000, 0x0000, 0x0000, 0x0000, 0x0000, 0x0000, 0x0000, 
0x0000, 0x0000, 0x0000, 0x0000, 0x0000, 0x0000, 0x0000, 0x0000, 
0x0000, 0x0000, 0x0000, 0x0000, 0x0000, 0x0000, 0x0000, 0x0000, 
0x0000, 0x0000, 0x0000, 0x0000, 0x0000, 0x0000, 0x0000, 0x0000, 
0x0000, 0x0000, 0x0000, 0x0000, 0x0000, 0x0000, 0x0000, 0x0000, 
0x0000, 0x0000, 0x0000, 0x0000, 0x0000, 0x0000, 0x0000, 0x0000, 
0x0000, 0x0000, 0x0000, 0x0000, 0x0000, 0x0000, 0x0000, 0x0000, 
0x0000, 0x0000, 0x0000, 0x0000, 0x0000, 0x0000, 0x0000, 0x0000, 
0x0000, 0x0000, 0x0000, 0x0000, 0x0000, 0x0000, 0x0000, 0x0000, 
0x0000, 0x0000, 0x0000, 0x0000, 0x0000, 0x0000, 0x0000, 0x0000, 
0x0000, 0x0000, 0x0000, 0x0000, 0x0000, 0x0000, 0x0000, 0x0000, 
0x0000, 0x0000, 0x0000, 0x0000, 0x0000, 0x0000, 0x0000, 0x0000, 
0x0000, 0x0000, 0x0000, 0x0000, 0x0000, 0x0000, 0x0000, 0x0000, 
0x0000, 0x0000, 0x0000, 0x0000, 0x0000, 0x0000, 0x0000, 0x0000, 
0x0000, 0x0000, 0x0000, 0x0000, 0x0000, 0x0000, 0x0000, 0x0000, 
0x0000, 0x0000, 0x0000, 0x0000, 0x0000, 0x0000, 0x0000, 0x0000, 
0x0000, 0x0000, 0x0000, 0x0000, 0x0000, 0x0000, 0x0000, 0x0000, 
0x0000, 0x0000, 0x0000, 0x0000, 0x0000, 0x0000, 0x0000, 0x0000, 
0x0000, 0x0000, 0x0000, 0x0000, 0x0000, 0x0000, 0x0000, 0x0000, 
0x0000, 0x0000, 0x0000, 0x0000, 0x0000, 0x0000, 0x0000, 0x0000, 
0x0000, 0x0000, 0x0000, 0x0000, 0x0000, 0x0000, 0x0000, 0x0000, 
0x0000, 0x0000, 0x0000, 0x0000, 0x0000, 0x0000, 0x0000, 0x0000, 
0x0000, 0x0000, 0x0000, 0x0000, 0x0000, 0x0000, 0x0000, 0x0000, 
0x0000, 0x0000, 0x0000, 0x0000, 0x0000, 0x0000, 0x0000, 0x0000, 
0x0000, 0x0000, 0x0000, 0x0000, 0x0000, 0x0000, 0x0000, 0x0000, 
0x0000, 0x0000, 0x0000, 0x0000, 0x0000, 0x0000, 0x0000, 0x0000, 
0x0000, 0x0000, 0x0000, 0x0000, 0x0000, 0x0000, 0x0000, 0x0000, 
0x0000, 0x0000, 0x0000, 0x0000, 0x0000, 0x0000, 0x0000, 0x0000, 
0x0000, 0x0000, 0x0000, 0x0000, 0x0000, 0x0000, 0x0000, 0x0000, 
0x0000, 0x0000, 0x0000, 0x0000, 0x0000, 0x0000, 0x0000, 0x0000, 
0x0000, 0x0000, 0x0000, 0x0000, 0x0000, 0x0000, 0x0000, 0x0000, 
0x0000, 0x0000, 0x0000, 0x0000, 0x0000, 0x0000, 0x0000, 0x0000, 
0x0000, 0x0000, 0x0000, 0x0000, 0x0000, 0x0000, 0x0000, 0x0000, 
0x0000, 0x0000, 0x0000, 0x0000, 0x0000, 0x0000, 0x0000, 0x0000, 
0x0000, 0x0000, 0x0000, 0x0000, 0x0000, 0x0000, 0x0000, 0x0000, 
0x0000, 0x0000, 0x0000, 0x0000, 0x0000, 0x0000, 0x0000, 0x0000, 
0x0000, 0x0000, 0x0000, 0x0000, 0x0000, 0x0000, 0x0000, 0x0000, 
0x0000, 0x0000, 0x0000, 0x0000, 0x0000, 0x0000, 0x0000, 0x0000, 
0x0000, 0x0000, 0x0000, 0x0000, 0x0000, 0x0000, 0x0000, 0x0000, 
0x0000, 0x0000, 0x0000, 0x0000, 0x0000, 0x0000, 0x0000, 0x0000, 
0x0000, 0x0000, 0x0000, 0x0000, 0x0000, 0x0000, 0x0000, 0x0000, 
0x0000, 0x0000, 0x0000, 0x0000, 0x0000, 0x0000, 0x0000, 0x0000, 
0x0000, 0x0000, 0x0000, 0x0000, 0x0000, 0x0000, 0x0000, 0x0000, 
0x0000, 0x0000, 0x0000, 0x0000, 0x0000, 0x0000, 0x0000, 0x0000, 
0x0000, 0x0000, 0x0000, 0x0000, 0x0000, 0x0000, 0x0000, 0x0000, 
0x0000, 0x0000, 0x0000, 0x0000, 0x0000, 0x0000, 0x0000, 0x0000, 
0x0000, 0x0000, 0x0000, 0x0000, 0x0000, 0x0000, 0x0000, 0x0000, 
0x0000, 0x0000, 0x0000, 0x0000, 0x0000, 0x0000, 0x0000, 0x0000, 
0x0000, 0x0000, 0x0000, 0x0000, 0x0000, 0x0000, 0x0000, 0x0000, 
0x0000, 0x0000, 0x0000, 0x0000, 0x0000, 0x0000, 0x0000, 0x0000, 
0x0000, 0x0000, 0x0000, 0x0000, 0x0000, 0x0000, 0x0000, 0x0000, 
0x0000, 0x0000, 0x0000, 0x0000, 0x0000, 0x0000, 0x0000, 0x0000, 
0x0000, 0x0000, 0x0000, 0x0000, 0x0000, 0x0000, 0x0000, 0x0000, 
0x0000, 0x0000, 0x0000, 0x0000, 0x0000, 0x0000, 0x0000, 0x0000, 
0x0000, 0x0000, 0x0000, 0x0000, 0x0000, 0x0000, 0x0000, 0x0000, 
0x0000, 0x0000, 0x0000, 0x0000, 0x0000, 0x0000, 0x0000, 0x0000, 
0x0000, 0x0000, 0x0000, 0x0000, 0x0000, 0x0000, 0x0000, 0x0000, 
0x0000, 0x0000, 0x0000, 0x0000, 0x0000, 0x0000, 0x0000, 0x0000, 
0x0000, 0x0000, 0x0000, 0x0000, 0x0000, 0x0000, 0x0000, 0x0000, 
0x0000, 0x0000, 0x0000, 0x0000, 0x0000, 0x0000, 0x0000, 0x0000, 
0x0000, 0x0000, 0x0000, 0x0000, 0x0000, 0x0000, 0x0000, 0x0000, 
0x0000, 0x0000, 0x0000, 0x0000, 0x0000, 0x0000, 0x0000, 0x0000, 
0x0000, 0x0000, 0x0000, 0x0000, 0x0000, 0x0000, 0x0000, 0x0000, 
0x0000, 0x0000, 0x0000, 0x0000, 0x0000, 0x0000, 0x0000, 0x0000, 
0x0000, 0x0000, 0x0000, 0x0000, 0x0000, 0x0000, 0x0000, 0x0000, 
0x0000, 0x0000, 0x0000, 0x0000, 0x0000, 0x0000, 0x0000, 0x0000, 
0x0000, 0x0000, 0x0000, 0x0000, 0x0000, 0x0000, 0x0000, 0x0000, 
0x0000, 0x0000, 0x0000, 0x0000, 0x0000, 0x0000, 0x0000, 0x0000, 
0x0000, 0x0000, 0x0000, 0x0000, 0x0000, 0x0000, 0x0000, 0x0000, 
0x0000, 0x0000, 0x0000, 0x0000, 0x0000, 0x0000, 0x0000, 0x0000, 
0x0000, 0x0000, 0x0000, 0x0000, 0x0000, 0x0000, 0x0000, 0x0000, 
0x0000, 0x0000, 0x0000, 0x0000, 0x0000, 0x0000, 0x0000, 0x0000, 
0x0000, 0x0000, 0x0000, 0x0000, 0x0000, 0x0000, 0x0000, 0x0000, 
0x0000, 0x0000, 0x0000, 0x0000, 0x0000, 0x0000, 0x0000, 0x0000, 
0x0000, 0x0000, 0x0000, 0x0000, 0x0000, 0x0000, 0x0000, 0x0000, 
0x0000, 0x0000, 0x0000, 0x0000, 0x0000, 0x0000, 0x0000, 0x0000, 
0x0000, 0x0000, 0x0000, 0x0000, 0x0000, 0x0000, 0x0000, 0x0000, 
0x0000, 0x0000, 0x0000, 0x0000, 0x0000, 0x0000, 0x0000, 0x0000, 
0x0000, 0x0000, 0x0000, 0x0000, 0x0000, 0x0000, 0x0000, 0x0000, 
0x0000, 0x0000, 0x0000, 0x0000, 0x0000, 0x0000, 0x0000, 0x0000, 
0x0000, 0x0000, 0x0000, 0x0000, 0x0000, 0x0000, 0x0000, 0x0000, 
0x0000, 0x0000, 0x0000, 0x0000, 0x0000, 0x0000, 0x0000, 0x0000, 
0x0000, 0x0000, 0x0000, 0x0000, 0x0000, 0x0000, 0x0000, 0x0000, 
0x0000, 0x0000, 0x0000, 0x0000, 0x0000, 0x0000, 0x0000, 0x0000, 
0x0000, 0x0000, 0x0000, 0x0000, 0x0000, 0x0000, 0x0000, 0x0000, 
0x0000, 0x0000, 0x0000, 0x0000, 0x0000, 0x0000, 0x0000, 0x0000, 
0x0000, 0x0000, 0x0000, 0x0000, 0x0000, 0x0000, 0x0000, 0x0000, 
0x0000, 0x0000, 0x0000, 0x0000, 0x0000, 0x0000, 0x0000, 0x0000, 
0x0000, 0x0000, 0x0000, 0x0000, 0x0000, 0x0000, 0x0000, 0x0000, 
0x0000, 0x0000, 0x0000, 0x0000, 0x0000, 0x0000, 0x0000, 0x0000, 
0x0000, 0x0000, 0x0000, 0x0000, 0x0000, 0x0000, 0x0000, 0x0000, 
0x0000, 0x0000, 0x0000, 0x0000, 0x0000, 0x0000, 0x0000, 0x0000, 
0x0000, 0x0000, 0x0000, 0x0000, 0x0000, 0x0000, 0x0000, 0x0000, 
0x0000, 0x0000, 0x0000, 0x0000, 0x0000, 0x0000, 0x0000, 0x0000, 
0x0000, 0x0000, 0x0000, 0x0000, 0x0000, 0x0000, 0x0000, 0x0000, 
0x0000, 0x0000, 0x0000, 0x0000, 0x0000, 0x0000, 0x0000, 0x0000, 
0x0000, 0x0000, 0x0000, 0x0000, 0x0000, 0x0000, 0x0000, 0x0000, 
0x0000, 0x0000, 0x0000, 0x0000, 0x0000, 0x0000, 0x0000, 0x0000, 
0x0000, 0x0000, 0x0000, 0x0000, 0x0000, 0x0000, 0x0000, 0x0000, 
0x0000, 0x0000, 0x0000, 0x0000, 0x0000, 0x0000, 0x0000, 0x0000, 
0x0000, 0x0000, 0x0000, 0x0000, 0x0000, 0x0000, 0x0000, 0x0000, 
0x0000, 0x0000, 0x0000, 0x0000, 0x0000, 0x0000, 0x0000, 0x0000, 
0x0000, 0x0000, 0x0000, 0x0000, 0x0000, 0x0000, 0x0000, 0x0000, 
0x0000, 0x0000, 0x0000, 0x0000, 0x0000, 0x0000, 0x0000, 0x0000, 
0x0000, 0x0000, 0x0000, 0x0000, 0x0000, 0x0000, 0x0000, 0x0000, 
0x0000, 0x0000, 0x0000, 0x0000, 0x0000, 0x0000, 0x0000, 0x0000, 
0x0000, 0x0000, 0x0000, 0x0000, 0x0000, 0x0000, 0x0000, 0x0000, 
0x0000, 0x0000, 0x0000, 0x0000, 0x0000, 0x0000, 0x0000, 0x0000, 
0x0000, 0x0000, 0x0000, 0x0000, 0x0000, 0x0000, 0x0000, 0x0000, 
0x0000, 0x0000, 0x0000, 0x0000, 0x0000, 0x0000, 0x0000, 0x0000, 
0x0000, 0x0000, 0x0000, 0x0000, 0x0000, 0x0000, 0x0000, 0x0000, 
0x0000, 0x0000, 0x0000, 0x0000, 0x0000, 0x0000, 0x0000, 0x0000, 
0x0000, 0x0000, 0x0000, 0x0000, 0x0000, 0x0000, 0x0000, 0x0000, 
0x0000, 0x0000, 0x0000, 0x0000, 0x0000, 0x0000, 0x0000, 0x0000, 
0x0000, 0x0000, 0x0000, 0x0000, 0x0000, 0x0000, 0x0000, 0x0000, 
0x0000, 0x0000, 0x0000, 0x0000, 0x0000, 0x0000, 0x0000, 0x0000, 
0x0000, 0x0000, 0x0000, 0x0000, 0x0000, 0x0000, 0x0000, 0x0000, 
0x0000, 0x0000, 0x0000, 0x0000, 0x0000, 0x0000, 0x0000, 0x0000, 
0x0000, 0x0000, 0x0000, 0x0000, 0x0000, 0x0000, 0x0000, 0x0000, 
0x0000, 0x0000, 0x0000, 0x0000, 0x0000, 0x0000, 0x0000, 0x0000, 
0x0000, 0x0000, 0x0000, 0x0000, 0x0000, 0x0000, 0x0000, 0x0000, 
0x0000, 0x0000, 0x0000, 0x0000, 0x0000, 0x0000, 0x0000, 0x0000, 
0x0000, 0x0000, 0x0000, 0x0000, 0x0000, 0x0000, 0x0000, 0x0000, 
0x0000, 0x0000, 0x0000, 0x0000, 0x0000, 0x0000, 0x0000, 0x0000, 
0x0000, 0x0000, 0x0000, 0x0000, 0x0000, 0x0000, 0x0000, 0x0000, 
0x0000, 0x0000, 0x0000, 0x0000, 0x0000, 0x0000, 0x0000, 0x0000, 
0x0000, 0x0000, 0x0000, 0x0000, 0x0000, 0x0000, 0x0000, 0x0000, 
0x0000, 0x0000, 0x0000, 0x0000, 0x0000, 0x0000, 0x0000, 0x0000, 
0x0000, 0x0000, 0x0000, 0x0000, 0x0000, 0x0000, 0x0000, 0x0000, 
0x0000, 0x0000, 0x0000, 0x0000, 0x0000, 0x0000, 0x0000, 0x0000, 
0x0000, 0x0000, 0x0000, 0x0000, 0x0000, 0x0000, 0x0000, 0x0000, 
0x0000, 0x0000, 0x0000, 0x0000, 0x0000, 0x0000, 0x0000, 0x0000, 
0x0000, 0x0000, 0x0000, 0x0000, 0x0000, 0x0000, 0x0000, 0x0000, 
0x0000, 0x0000, 0x0000, 0x0000, 0x0000, 0x0000, 0x0000, 0x0000, 
0x0000, 0x0000, 0x0000, 0x0000, 0x0000, 0x0000, 0x0000, 0x0000, 
0x0000, 0x0000, 0x0000, 0x0000, 0x0000, 0x0000, 0x0000, 0x0000, 
0x0000, 0x0000, 0x0000, 0x0000, 0x0000, 0x0000, 0x0000, 0x0000, 
0x0000, 0x0000, 0x0000, 0x0000, 0x0000, 0x0000, 0x0000, 0x0000, 
0x0000, 0x0000, 0x0000, 0x0000, 0x0000, 0x0000, 0x0000, 0x0000, 
0x0000, 0x0000, 0x0000, 0x0000, 0x0000, 0x0000, 0x0000, 0x0000, 
0x0000, 0x0000, 0x0000, 0x0000, 0x0000, 0x0000, 0x0000, 0x0000, 
0x0000, 0x0000, 0x0000, 0x0000, 0x0000, 0x0000, 0x0000, 0x0000, 
0x0000, 0x0000, 0x0000, 0x0000, 0x0000, 0x0000, 0x0000, 0x0000, 
0x0000, 0x0000, 0x0000, 0x0000, 0x0000, 0x0000, 0x0000, 0x0000, 
0x0000, 0x0000, 0x0000, 0x0000, 0x0000, 0x0000, 0x0000, 0x0000, 
0x0000, 0x0000, 0x0000, 0x0000, 0x0000, 0x0000, 0x0000, 0x0000, 
0x0000, 0x0000, 0x0000, 0x0000, 0x0000, 0x0000, 0x0000, 0x0000, 
0x0000, 0x0000, 0x0000, 0x0000, 0x0000, 0x0000, 0x0000, 0x0000, 
0x0000, 0x0000, 0x0000, 0x0000, 0x0000, 0x0000, 0x0000, 0x0000, 
0x0000, 0x0000, 0x0000, 0x0000, 0x0000, 0x0000, 0x0000, 0x0000, 
0x0000, 0x0000, 0x0000, 0x0000, 0x0000, 0x0000, 0x0000, 0x0000, 
0x0000, 0x0000, 0x0000, 0x0000, 0x0000, 0x0000, 0x0000, 0x0000, 
0x0000, 0x0000, 0x0000, 0x0000, 0x0000, 0x0000, 0x0000, 0x0000, 
0x0000, 0x0000, 0x0000, 0x0000, 0x0000, 0x0000, 0x0000, 0x0000, 
0x0000, 0x0000, 0x0000, 0x0000, 0x0000, 0x0000, 0x0000, 0x0000, 
0x0000, 0x0000, 0x0000, 0x0000, 0x0000, 0x0000, 0x0000, 0x0000, 
0x0000, 0x0000, 0x0000, 0x0000, 0x0000, 0x0000, 0x0000, 0x0000, 
0x0000, 0x0000, 0x0000, 0x0000, 0x0000, 0x0000, 0x0000, 0x0000, 
0x0000, 0x0000, 0x0000, 0x0000, 0x0000, 0x0000, 0x0000, 0x0000, 
0x0000, 0x0000, 0x0000, 0x0000, 0x0000, 0x0000, 0x0000, 0x0000, 
0x0000, 0x0000, 0x0000, 0x0000, 0x0000, 0x0000, 0x0000, 0x0000, 
0x0000, 0x0000, 0x0000, 0x0000, 0x0000, 0x0000, 0x0000, 0x0000, 
0x0000, 0x0000, 0x0000, 0x0000, 0x0000, 0x0000, 0x0000, 0x0000, 
0x0000, 0x0000, 0x0000, 0x0000, 0x0000, 0x0000, 0x0000, 0x0000, 
0x0000, 0x0000, 0x0000, 0x0000, 0x0000, 0x0000, 0x0000, 0x0000, 
0x0000, 0x0000, 0x0000, 0x0000, 0x0000, 0x0000, 0x0000, 0x0000, 
0x0000, 0x0000, 0x0000, 0x0000, 0x0000, 0x0000, 0x0000, 0x0000, 
0x0000, 0x0000, 0x0000, 0x0000, 0x0000, 0x0000, 0x0000, 0x0000, 
0x0000, 0x0000, 0x0000, 0x0000, 0x0000, 0x0000, 0x0000, 0x0000, 
0x0000, 0x0000, 0x0000, 0x0000, 0x0000, 0x0000, 0x0000, 0x0000, 
0x0000, 0x0000, 0x0000, 0x0000, 0x0000, 0x0000, 0x0000, 0x0000, 
0x0000, 0x0000, 0x0000, 0x0000, 0x0000, 0x0000, 0x0000, 0x0000, 
0x0000, 0x0000, 0x0000, 0x0000, 0x0000, 0x0000, 0x0000, 0x0000, 
0x0000, 0x0000, 0x0000, 0x0000, 0x0000, 0x0000, 0x0000, 0x0000, 
0x0000, 0x0000, 0x0000, 0x0000, 0x0000, 0x0000, 0x0000, 0x0000, 
0x0000, 0x0000, 0x0000, 0x0000, 0x0000, 0x0000, 0x0000, 0x0000, 
0x0000, 0x0000, 0x0000, 0x0000, 0x0000, 0x0000, 0x0000, 0x0000, 
0x0000, 0x0000, 0x0000, 0x0000, 0x0000, 0x0000, 0x0000, 0x0000, 
0x0000, 0x0000, 0x0000, 0x0000, 0x0000, 0x0000, 0x0000, 0x0000, 
0x0000, 0x0000, 0x0000, 0x0000, 0x0000, 0x0000, 0x0000, 0x0000, 
0x0000, 0x0000, 0x0000, 0x0000, 0x0000, 0x0000, 0x0000, 0x0000, 
0x0000, 0x0000, 0x0000, 0x0000, 0x0000, 0x0000, 0x0000, 0x0000, 
0x0000, 0x0000, 0x0000, 0x0000, 0x0000, 0x0000, 0x0000, 0x0000, 
0x0000, 0x0000, 0x0000, 0x0000, 0x0000, 0x0000, 0x0000, 0x0000, 
0x0000, 0x0000, 0x0000, 0x0000, 0x0000, 0x0000, 0x0000, 0x0000, 
0x0000, 0x0000, 0x0000, 0x0000, 0x0000, 0x0000, 0x0000, 0x0000, 
0x0000, 0x0000, 0x0000, 0x0000, 0x0000, 0x0000, 0x0000, 0x0000, 
0x0000, 0x0000, 0x0000, 0x0000, 0x0000, 0x0000, 0x0000, 0x0000, 
0x0000, 0x0000, 0x0000, 0x0000, 0x0000, 0x0000, 0x0000, 0x0000, 
0x0000, 0x0000, 0x0000, 0x0000, 0x0000, 0x0000, 0x0000, 0x0000, 
0x0000, 0x0000, 0x0000, 0x0000, 0x0000, 0x0000, 0x0000, 0x0000, 
0x0000, 0x0000, 0x0000, 0x0000, 0x0000, 0x0000, 0x0000, 0x0000, 
0x0000, 0x0000, 0x0000, 0x0000, 0x0000, 0x0000, 0x0000, 0x0000, 
0x0000, 0x0000, 0x0000, 0x0000, 0x0000, 0x0000, 0x0000, 0x0000, 
0x0000, 0x0000, 0x0000, 0x0000, 0x0000, 0x0000, 0x0000, 0x0000, 
0x0000, 0x0000, 0x0000, 0x0000, 0x0000, 0x0000, 0x0000, 0x0000, 
0x0000, 0x0000, 0x0000, 0x0000, 0x0000, 0x0000, 0x0000, 0x0000, 
0x0000, 0x0000, 0x0000, 0x0000, 0x0000, 0x0000, 0x0000, 0x0000, 
0x0000, 0x0000, 0x0000, 0x0000, 0x0000, 0x0000, 0x0000, 0x0000, 
0x0000, 0x0000, 0x0000, 0x0000, 0x0000, 0x0000, 0x0000, 0x0000, 
0x0000, 0x0000, 0x0000, 0x0000, 0x0000, 0x0000, 0x0000, 0x0000, 
0x0000, 0x0000, 0x0000, 0x0000, 0x0000, 0x0000, 0x0000, 0x0000, 
0x0000, 0x0000, 0x0000, 0x0000, 0x0000, 0x0000, 0x0000, 0x0000, 
0x0000, 0x0000, 0x0000, 0x0000, 0x0000, 0x0000, 0x0000, 0x0000, 
0x0000, 0x0000, 0x0000, 0x0000, 0x0000, 0x0000, 0x0000, 0x0000, 
0x0000, 0x0000, 0x0000, 0x0000, 0x0000, 0x0000, 0x0000, 0x0000, 
0x0000, 0x0000, 0x0000, 0x0000, 0x0000, 0x0000, 0x0000, 0x0000, 
0x0000, 0x0000, 0x0000, 0x0000, 0x0000, 0x0000, 0x0000, 0x0000, 
0x0000, 0x0000, 0x0000, 0x0000, 0x0000, 0x0000, 0x0000, 0x0000, 
0x0000, 0x0000, 0x0000, 0x0000, 0x0000, 0x0000, 0x0000, 0x0000, 
0x0000, 0x0000, 0x0000, 0x0000, 0x0000, 0x0000, 0x0000, 0x0000, 
0x0000, 0x0000, 0x0000, 0x0000, 0x0000, 0x0000, 0x0000, 0x0000, 
0x0000, 0x0000, 0x0000, 0x0000, 0x0000, 0x0000, 0x0000, 0x0000, 
0x0000, 0x0000, 0x0000, 0x0000, 0x0000, 0x0000, 0x0000, 0x0000, 
0x0000, 0x0000, 0x0000, 0x0000, 0x0000, 0x0000, 0x0000, 0x0000, 
0x0000, 0x0000, 0x0000, 0x0000, 0x0000, 0x0000, 0x0000, 0x0000, 
0x0000, 0x0000, 0x0000, 0x0000, 0x0000, 0x0000, 0x0000, 0x0000, 
0x0000, 0x0000, 0x0000, 0x0000, 0x0000, 0x0000, 0x0000, 0x0000, 
0x0000, 0x0000, 0x0000, 0x0000, 0x0000, 0x0000, 0x0000, 0x0000, 
0x0000, 0x0000, 0x0000, 0x0000, 0x0000, 0x0000, 0x0000, 0x0000, 
0x0000, 0x0000, 0x0000, 0x0000, 0x0000, 0x0000, 0x0000, 0x0000, 
0x0000, 0x0000, 0x0000, 0x0000, 0x0000, 0x0000, 0x0000, 0x0000, 
0x0000, 0x0000, 0x0000, 0x0000, 0x0000, 0x0000, 0x0000, 0x0000, 
0x0000, 0x0000, 0x0000, 0x0000, 0x0000, 0x0000, 0x0000, 0x0000, 
0x0000, 0x0000, 0x0000, 0x0000, 0x0000, 0x0000, 0x0000, 0x0000, 
0x0000, 0x0000, 0x0000, 0x0000, 0x0000, 0x0000, 0x0000, 0x0000, 
0x0000, 0x0000, 0x0000, 0x0000, 0x0000, 0x0000, 0x0000, 0x0000, 
0x0000, 0x0000, 0x0000, 0x0000, 0x0000, 0x0000, 0x0000, 0x0000, 
0x0000, 0x0000, 0x0000, 0x0000, 0x0000, 0x0000, 0x0000, 0x0000, 
0x0000, 0x0000, 0x0000, 0x0000, 0x0000, 0x0000, 0x0000, 0x0000, 
0x0000, 0x0000, 0x0000, 0x0000, 0x0000, 0x0000, 0x0000, 0x0000, 
0x0000, 0x0000, 0x0000, 0x0000, 0x0000, 0x0000, 0x0000, 0x0000, 
0x0000, 0x0000, 0x0000, 0x0000, 0x0000, 0x0000, 0x0000, 0x0000, 
0x0000, 0x0000, 0x0000, 0x0000, 0x0000, 0x0000, 0x0000, 0x0000, 
0x0000, 0x0000, 0x0000, 0x0000, 0x0000, 0x0000, 0x0000, 0x0000, 
0x0000, 0x0000, 0x0000, 0x0000, 0x0000, 0x0000, 0x0000, 0x0000, 
0x0000, 0x0000, 0x0000, 0x0000, 0x0000, 0x0000, 0x0000, 0x0000, 
0x0000, 0x0000, 0x0000, 0x0000, 0x0000, 0x0000, 0x0000, 0x0000, 
0x0000, 0x0000, 0x0000, 0x0000, 0x0000, 0x0000, 0x0000, 0x0000, 
0x0000, 0x0000, 0x0000, 0x0000, 0x0000, 0x0000, 0x0000, 0x0000, 
0x0000, 0x0000, 0x0000, 0x0000, 0x0000, 0x0000, 0x0000, 0x0000, 
0x0000, 0x0000, 0x0000, 0x0000, 0x0000, 0x0000, 0x0000, 0x0000, 
0x0000, 0x0000, 0x0000, 0x0000, 0x0000, 0x0000, 0x0000, 0x0000, 
0x0000, 0x0000, 0x0000, 0x0000, 0x0000, 0x0000, 0x0000, 0x0000, 
0x0000, 0x0000, 0x0000, 0x0000, 0x0000, 0x0000, 0x0000, 0x0000, 
0x0000, 0x0000, 0x0000, 0x0000, 0x0000, 0x0000, 0x0000, 0x0000, 
0x0000, 0x0000, 0x0000, 0x0000, 0x0000, 0x0000, 0x0000, 0x0000, 
0x0000, 0x0000, 0x0000, 0x0000, 0x0000, 0x0000, 0x0000, 0x0000, 
0x0000, 0x0000, 0x0000, 0x0000, 0x0000, 0x0000, 0x0000, 0x0000, 
0x0000, 0x0000, 0x0000, 0x0000, 0x0000, 0x0000, 0x0000, 0x0000, 
0x0000, 0x0000, 0x0000, 0x0000, 0x0000, 0x0000, 0x0000, 0x0000, 
0x0000, 0x0000, 0x0000, 0x0000, 0x0000, 0x0000, 0x0000, 0x0000, 
0x0000, 0x0000, 0x0000, 0x0000, 0x0000, 0x0000, 0x0000, 0x0000, 
0x0000, 0x0000, 0x0000, 0x0000, 0x0000, 0x0000, 0x0000, 0x0000, 
0x0000, 0x0000, 0x0000, 0x0000, 0x0000, 0x0000, 0x0000, 0x0000, 
0x0000, 0x0000, 0x0000, 0x0000, 0x0000, 0x0000, 0x0000, 0x0000, 
0x0000, 0x0000, 0x0000, 0x0000, 0x0000, 0x0000, 0x0000, 0x0000, 
0x0000, 0x0000, 0x0000, 0x0000, 0x0000, 0x0000, 0x0000, 0x0000, 
0x0000, 0x0000, 0x0000, 0x0000, 0x0000, 0x0000, 0x0000, 0x0000, 
0x0000, 0x0000, 0x0000, 0x0000, 0x0000, 0x0000, 0x0000, 0x0000, 
0x0000, 0x0000, 0x0000, 0x0000, 0x0000, 0x0000, 0x0000, 0x0000, 
0x0000, 0x0000, 0x0000, 0x0000, 0x0000, 0x0000, 0x0000, 0x0000, 
0x0000, 0x0000, 0x0000, 0x0000, 0x0000, 0x0000, 0x0000, 0x0000, 
0x0000, 0x0000, 0x0000, 0x0000, 0x0000, 0x0000, 0x0000, 0x0000, 
0x0000, 0x0000, 0x0000, 0x0000, 0x0000, 0x0000, 0x0000, 0x0000, 
0x0000, 0x0000, 0x0000, 0x0000, 0x0000, 0x0000, 0x0000, 0x0000, 
0x0000, 0x0000, 0x0000, 0x0000, 0x0000, 0x0000, 0x0000, 0x0000, 
0x0000, 0x0000, 0x0000, 0x0000, 0x0000, 0x0000, 0x0000, 0x0000, 
0x0000, 0x0000, 0x0000, 0x0000, 0x0000, 0x0000, 0x0000, 0x0000, 
0x0000, 0x0000, 0x0000, 0x0000, 0x0000, 0x0000, 0x0000, 0x0000, 
0x0000, 0x0000, 0x0000, 0x0000, 0x0000, 0x0000, 0x0000, 0x0000, 
0x0000, 0x0000, 0x0000, 0x0000, 0x0000, 0x0000, 0x0000, 0x0000, 
0x0000, 0x0000, 0x0000, 0x0000, 0x0000, 0x0000, 0x0000, 0x0000, 
0x0000, 0x0000, 0x0000, 0x0000, 0x0000, 0x0000, 0x0000, 0x0000, 
0x0000, 0x0000, 0x0000, 0x0000, 0x0000, 0x0000, 0x0000, 0x0000, 
0x0000, 0x0000, 0x0000, 0x0000, 0x0000, 0x0000, 0x0000, 0x0000, 
0x0000, 0x0000, 0x0000, 0x0000, 0x0000, 0x0000, 0x0000, 0x0000, 
0x0000, 0x0000, 0x0000, 0x0000, 0x0000, 0x0000, 0x0000, 0x0000, 
0x0000, 0x0000, 0x0000, 0x0000, 0x0000, 0x0000, 0x0000, 0x0000, 
0x0000, 0x0000, 0x0000, 0x0000, 0x0000, 0x0000, 0x0000, 0x0000, 
0x0000, 0x0000, 0x0000, 0x0000, 0x0000, 0x0000, 0x0000, 0x0000, 
0x0000, 0x0000, 0x0000, 0x0000, 0x0000, 0x0000, 0x0000, 0x0000, 
0x0000, 0x0000, 0x0000, 0x0000, 0x0000, 0x0000, 0x0000, 0x0000, 
0x0000, 0x0000, 0x0000, 0x0000, 0x0000, 0x0000, 0x0000, 0x0000, 
0x0000, 0x0000, 0x0000, 0x0000, 0x0000, 0x0000, 0x0000, 0x0000, 
0x0000, 0x0000, 0x0000, 0x0000, 0x0000, 0x0000, 0x0000, 0x0000, 
0x0000, 0x0000, 0x0000, 0x0000, 0x0000, 0x0000, 0x0000, 0x0000, 
0x0000, 0x0000, 0x0000, 0x0000, 0x0000, 0x0000, 0x0000, 0x0000, 
0x0000, 0x0000, 0x0000, 0x0000, 0x0000, 0x0000, 0x0000, 0x0000, 
0x0000, 0x0000, 0x0000, 0x0000, 0x0000, 0x0000, 0x0000, 0x0000, 
0x0000, 0x0000, 0x0000, 0x0000, 0x0000, 0x0000, 0x0000, 0x0000, 
0x0000, 0x0000, 0x0000, 0x0000, 0x0000, 0x0000, 0x0000, 0x0000, 
0x0000, 0x0000, 0x0000, 0x0000, 0x0000, 0x0000, 0x0000, 0x0000, 
0x0000, 0x0000, 0x0000, 0x0000, 0x0000, 0x0000, 0x0000, 0x0000, 
0x0000, 0x0000, 0x0000, 0x0000, 0x0000, 0x0000, 0x0000, 0x0000, 
0x0000, 0x0000, 0x0000, 0x0000, 0x0000, 0x0000, 0x0000, 0x0000, 
0x0000, 0x0000, 0x0000, 0x0000, 0x0000, 0x0000, 0x0000, 0x0000, 
0x0000, 0x0000, 0x0000, 0x0000, 0x0000, 0x0000, 0x0000, 0x0000, 
0x0000, 0x0000, 0x0000, 0x0000, 0x0000, 0x0000, 0x0000, 0x0000, 
0x0000, 0x0000, 0x0000, 0x0000, 0x0000, 0x0000, 0x0000, 0x0000, 
0x0000, 0x0000, 0x0000, 0x0000, 0x0000, 0x0000, 0x0000, 0x0000, 
0x0000, 0x0000, 0x0000, 0x0000, 0x0000, 0x0000, 0x0000, 0x0000, 
0x0000, 0x0000, 0x0000, 0x0000, 0x0000, 0x0000, 0x0000, 0x0000, 
0x0000, 0x0000, 0x0000, 0x0000, 0x0000, 0x0000, 0x0000, 0x0000, 
0x0000, 0x0000, 0x0000, 0x0000, 0x0000, 0x0000, 0x0000, 0x0000, 
0x0000, 0x0000, 0x0000, 0x0000, 0x0000, 0x0000, 0x0000, 0x0000, 
0x0000, 0x0000, 0x0000, 0x0000, 0x0000, 0x0000, 0x0000, 0x0000, 
0x0000, 0x0000, 0x0000, 0x0000, 0x0000, 0x0000, 0x0000, 0x0000, 
0x0000, 0x0000, 0x0000, 0x0000, 0x0000, 0x0000, 0x0000, 0x0000, 
0x0000, 0x0000, 0x0000, 0x0000, 0x0000, 0x0000, 0x0000, 0x0000, 
0x0000, 0x0000, 0x0000, 0x0000, 0x0000, 0x0000, 0x0000, 0x0000, 
0x0000, 0x0000, 0x0000, 0x0000, 0x0000, 0x0000, 0x0000, 0x0000, 
0x0000, 0x0000, 0x0000, 0x0000, 0x0000, 0x0000, 0x0000, 0x0000, 
0x0000, 0x0000, 0x0000, 0x0000, 0x0000, 0x0000, 0x0000, 0x0000, 
0x0000, 0x0000, 0x0000, 0x0000, 0x0000, 0x0000, 0x0000, 0x0000, 
0x0000, 0x0000, 0x0000, 0x0000, 0x0000, 0x0000, 0x0000, 0x0000, 
0x0000, 0x0000, 0x0000, 0x0000, 0x0000, 0x0000, 0x0000, 0x0000, 
0x0000, 0x0000, 0x0000, 0x0000, 0x0000, 0x0000, 0x0000, 0x0000, 
0x0000, 0x0000, 0x0000, 0x0000, 0x0000, 0x0000, 0x0000, 0x0000, 
0x0000, 0x0000, 0x0000, 0x0000, 0x0000, 0x0000, 0x0000, 0x0000, 
0x0000, 0x0000, 0x0000, 0x0000, 0x0000, 0x0000, 0x0000, 0x0000, 
0x0000, 0x0000, 0x0000, 0x0000, 0x0000, 0x0000, 0x0000, 0x0000, 
0x0000, 0x0000, 0x0000, 0x0000, 0x0000, 0x0000, 0x0000, 0x0000, 
0x0000, 0x0000, 0x0000, 0x0000, 0x0000, 0x0000, 0x0000, 0x0000, 
0x0000, 0x0000, 0x0000, 0x0000, 0x0000, 0x0000, 0x0000, 0x0000, 
0x0000, 0x0000, 0x0000, 0x0000, 0x0000, 0x0000, 0x0000, 0x0000, 
0x0000, 0x0000, 0x0000, 0x0000, 0x0000, 0x0000, 0x0000, 0x0000, 
0x0000, 0x0000, 0x0000, 0x0000, 0x0000, 0x0000, 0x0000, 0x0000, 
0x0000, 0x0000, 0x0000, 0x0000, 0x0000, 0x0000, 0x0000, 0x0000, 
0x0000, 0x0000, 0x0000, 0x0000, 0x0000, 0x0000, 0x0000, 0x0000, 
0x0000, 0x0000, 0x0000, 0x0000, 0x0000, 0x0000, 0x0000, 0x0000, 
0x0000, 0x0000, 0x0000, 0x0000, 0x0000, 0x0000, 0x0000, 0x0000, 
0x0000, 0x0000, 0x0000, 0x0000, 0x0000, 0x0000, 0x0000, 0x0000, 
0x0000, 0x0000, 0x0000, 0x0000, 0x0000, 0x0000, 0x0000, 0x0000, 
0x0000, 0x0000, 0x0000, 0x0000, 0x0000, 0x0000, 0x0000, 0x0000, 
0x0000, 0x0000, 0x0000, 0x0000, 0x0000, 0x0000, 0x0000, 0x0000, 
0x0000, 0x0000, 0x0000, 0x0000, 0x0000, 0x0000, 0x0000, 0x0000, 
0x0000, 0x0000, 0x0000, 0x0000, 0x0000, 0x0000, 0x0000, 0x0000, 
0x0000, 0x0000, 0x0000, 0x0000, 0x0000, 0x0000, 0x0000, 0x0000, 
0x0000, 0x0000, 0x0000, 0x0000, 0x0000, 0x0000, 0x0000, 0x0000, 
0x0000, 0x0000, 0x0000, 0x0000, 0x0000, 0x0000, 0x0000, 0x0000, 
0x0000, 0x0000, 0x0000, 0x0000, 0x0000, 0x0000, 0x0000, 0x0000, 
0x0000, 0x0000, 0x0000, 0x0000, 0x0000, 0x0000, 0x0000, 0x0000, 
0x0000, 0x0000, 0x0000, 0x0000, 0x0000, 0x0000, 0x0000, 0x0000, 
0x0000, 0x0000, 0x0000, 0x0000, 0x0000, 0x0000, 0x0000, 0x0000, 
0x0000, 0x0000, 0x0000, 0x0000, 0x0000, 0x0000, 0x0000, 0x0000, 
0x0000, 0x0000, 0x0000, 0x0000, 0x0000, 0x0000, 0x0000, 0x0000, 
0x0000, 0x0000, 0x0000, 0x0000, 0x0000, 0x0000, 0x0000, 0x0000, 
0x0000, 0x0000, 0x0000, 0x0000, 0x0000, 0x0000, 0x0000, 0x0000, 
0x0000, 0x0000, 0x0000, 0x0000, 0x0000, 0x0000, 0x0000, 0x0000, 
0x0000, 0x0000, 0x0000, 0x0000, 0x0000, 0x0000, 0x0000, 0x0000, 
0x0000, 0x0000, 0x0000, 0x0000, 0x0000, 0x0000, 0x0000, 0x0000, 
0x0000, 0x0000, 0x0000, 0x0000, 0x0000, 0x0000, 0x0000, 0x0000, 
0x0000, 0x0000, 0x0000, 0x0000, 0x0000, 0x0000, 0x0000, 0x0000, 
0x0000, 0x0000, 0x0000, 0x0000, 0x0000, 0x0000, 0x0000, 0x0000, 
0x0000, 0x0000, 0x0000, 0x0000, 0x0000, 0x0000, 0x0000, 0x0000, 
0x0000, 0x0000, 0x0000, 0x0000, 0x0000, 0x0000, 0x0000, 0x0000, 
0x0000, 0x0000, 0x0000, 0x0000, 0x0000, 0x0000, 0x0000, 0x0000, 
0x0000, 0x0000, 0x0000, 0x0000, 0x0000, 0x0000, 0x0000, 0x0000, 
0x0000, 0x0000, 0x0000, 0x0000, 0x0000, 0x0000, 0x0000, 0x0000, 
0x0000, 0x0000, 0x0000, 0x0000, 0x0000, 0x0000, 0x0000, 0x0000, 
0x0000, 0x0000, 0x0000, 0x0000, 0x0000, 0x0000, 0x0000, 0x0000, 
0x0000, 0x0000, 0x0000, 0x0000, 0x0000, 0x0000, 0x0000, 0x0000, 
0x0000, 0x0000, 0x0000, 0x0000, 0x0000, 0x0000, 0x0000, 0x0000, 
0x0000, 0x0000, 0x0000, 0x0000, 0x0000, 0x0000, 0x0000, 0x0000, 
0x0000, 0x0000, 0x0000, 0x0000, 0x0000, 0x0000, 0x0000, 0x0000, 
0x0000, 0x0000, 0x0000, 0x0000, 0x0000, 0x0000, 0x0000, 0x0000, 
0x0000, 0x0000, 0x0000, 0x0000, 0x0000, 0x0000, 0x0000, 0x0000, 
0x0000, 0x0000, 0x0000, 0x0000, 0x0000, 0x0000, 0x0000, 0x0000, 
0x0000, 0x0000, 0x0000, 0x0000, 0x0000, 0x0000, 0x0000, 0x0000, 
0x0000, 0x0000, 0x0000, 0x0000, 0x0000, 0x0000, 0x0000, 0x0000, 
0x0000, 0x0000, 0x0000, 0x0000, 0x0000, 0x0000, 0x0000, 0x0000, 
0x0000, 0x0000, 0x0000, 0x0000, 0x0000, 0x0000, 0x0000, 0x0000, 
0x0000, 0x0000, 0x0000, 0x0000, 0x0000, 0x0000, 0x0000, 0x0000, 
0x0000, 0x0000, 0x0000, 0x0000, 0x0000, 0x0000, 0x0000, 0x0000, 
0x0000, 0x0000, 0x0000, 0x0000, 0x0000, 0x0000, 0x0000, 0x0000, 
0x0000, 0x0000, 0x0000, 0x0000, 0x0000, 0x0000, 0x0000, 0x0000, 
0x0000, 0x0000, 0x0000, 0x0000, 0x0000, 0x0000, 0x0000, 0x0000, 
0x0000, 0x0000, 0x0000, 0x0000, 0x0000, 0x0000, 0x0000, 0x0000, 
0x0000, 0x0000, 0x0000, 0x0000, 0x0000, 0x0000, 0x0000, 0x0000, 
0x0000, 0x0000, 0x0000, 0x0000, 0x0000, 0x0000, 0x0000, 0x0000, 
0x0000, 0x0000, 0x0000, 0x0000, 0x0000, 0x0000, 0x0000, 0x0000, 
0x0000, 0x0000, 0x0000, 0x0000, 0x0000, 0x0000, 0x0000, 0x0000, 
0x0000, 0x0000, 0x0000, 0x0000, 0x0000, 0x0000, 0x0000, 0x0000, 
0x0000, 0x0000, 0x0000, 0x0000, 0x0000, 0x0000, 0x0000, 0x0000, 
0x0000, 0x0000, 0x0000, 0x0000, 0x0000, 0x0000, 0x0000, 0x0000, 
0x0000, 0x0000, 0x0000, 0x0000, 0x0000, 0x0000, 0x0000, 0x0000, 
0x0000, 0x0000, 0x0000, 0x0000, 0x0000, 0x0000, 0x0000, 0x0000, 
0x0000, 0x0000, 0x0000, 0x0000, 0x0000, 0x0000, 0x0000, 0x0000, 
0x0000, 0x0000, 0x0000, 0x0000, 0x0000, 0x0000, 0x0000, 0x0000, 
0x0000, 0x0000, 0x0000, 0x0000, 0x0000, 0x0000, 0x0000, 0x0000, 
0x0000, 0x0000, 0x0000, 0x0000, 0x0000, 0x0000, 0x0000, 0x0000, 
0x0000, 0x0000, 0x0000, 0x0000, 0x0000, 0x0000, 0x0000, 0x0000, 
0x0000, 0x0000, 0x0000, 0x0000, 0x0000, 0x0000, 0x0000, 0x0000, 
0x0000, 0x0000, 0x0000, 0x0000, 0x0000, 0x0000, 0x0000, 0x0000, 
0x0000, 0x0000, 0x0000, 0x0000, 0x0000, 0x0000, 0x0000, 0x0000, 
0x0000, 0x0000, 0x0000, 0x0000, 0x0000, 0x0000, 0x0000, 0x0000, 
0x0000, 0x0000, 0x0000, 0x0000, 0x0000, 0x0000, 0x0000, 0x0000, 
0x0000, 0x0000, 0x0000, 0x0000, 0x0000, 0x0000, 0x0000, 0x0000, 
0x0000, 0x0000, 0x0000, 0x0000, 0x0000, 0x0000, 0x0000, 0x0000, 
0x0000, 0x0000, 0x0000, 0x0000, 0x0000, 0x0000, 0x0000, 0x0000, 
0x0000, 0x0000, 0x0000, 0x0000, 0x0000, 0x0000, 0x0000, 0x0000, 
0x0000, 0x0000, 0x0000, 0x0000, 0x0000, 0x0000, 0x0000, 0x0000, 
0x0000, 0x0000, 0x0000, 0x0000, 0x0000, 0x0000, 0x0000, 0x0000, 
0x0000, 0x0000, 0x0000, 0x0000, 0x0000, 0x0000, 0x0000, 0x0000, 
0x0000, 0x0000, 0x0000, 0x0000, 0x0000, 0x0000, 0x0000, 0x0000, 
0x0000, 0x0000, 0x0000, 0x0000, 0x0000, 0x0000, 0x0000, 0x0000, 
0x0000, 0x0000, 0x0000, 0x0000, 0x0000, 0x0000, 0x0000, 0x0000, 
0x0000, 0x0000, 0x0000, 0x0000, 0x0000, 0x0000, 0x0000, 0x0000, 
0x0000, 0x0000, 0x0000, 0x0000, 0x0000, 0x0000, 0x0000, 0x0000, 
0x0000, 0x0000, 0x0000, 0x0000, 0x0000, 0x0000, 0x0000, 0x0000, 
0x0000, 0x0000, 0x0000, 0x0000, 0x0000, 0x0000, 0x0000, 0x0000, 
0x0000, 0x0000, 0x0000, 0x0000, 0x0000, 0x0000, 0x0000, 0x0000, 
0x0000, 0x0000, 0x0000, 0x0000, 0x0000, 0x0000, 0x0000, 0x0000, 
0x0000, 0x0000, 0x0000, 0x0000, 0x0000, 0x0000, 0x0000, 0x0000, 
0x0000, 0x0000, 0x0000, 0x0000, 0x0000, 0x0000, 0x0000, 0x0000, 
0x0000, 0x0000, 0x0000, 0x0000, 0x0000, 0x0000, 0x0000, 0x0000, 
0x0000, 0x0000, 0x0000, 0x0000, 0x0000, 0x0000, 0x0000, 0x0000, 
0x0000, 0x0000, 0x0000, 0x0000, 0x0000, 0x0000, 0x0000, 0x0000, 
0x0000, 0x0000, 0x0000, 0x0000, 0x0000, 0x0000, 0x0000, 0x0000, 
0x0000, 0x0000, 0x0000, 0x0000, 0x0000, 0x0000, 0x0000, 0x0000, 
0x0000, 0x0000, 0x0000, 0x0000, 0x0000, 0x0000, 0x0000, 0x0000, 
0x0000, 0x0000, 0x0000, 0x0000, 0x0000, 0x0000, 0x0000, 0x0000, 
0x0000, 0x0000, 0x0000, 0x0000, 0x0000, 0x0000, 0x0000, 0x0000, 
0x0000, 0x0000, 0x0000, 0x0000, 0x0000, 0x0000, 0x0000, 0x0000, 
0x0000, 0x0000, 0x0000, 0x0000, 0x0000, 0x0000, 0x0000, 0x0000, 
0x0000, 0x0000, 0x0000, 0x0000, 0x0000, 0x0000, 0x0000, 0x0000, 
0x0000, 0x0000, 0x0000, 0x0000, 0x0000, 0x0000, 0x0000, 0x0000, 
0x0000, 0x0000, 0x0000, 0x0000, 0x0000, 0x0000, 0x0000, 0x0000, 
0x0000, 0x0000, 0x0000, 0x0000, 0x0000, 0x0000, 0x0000, 0x0000, 
0x0000, 0x0000, 0x0000, 0x0000, 0x0000, 0x0000, 0x0000, 0x0000, 
0x0000, 0x0000, 0x0000, 0x0000, 0x0000, 0x0000, 0x0000, 0x0000, 
0x0000, 0x0000, 0x0000, 0x0000, 0x0000, 0x0000, 0x0000, 0x0000, 
0x0000, 0x0000, 0x0000, 0x0000, 0x0000, 0x0000, 0x0000, 0x0000, 
0x0000, 0x0000, 0x0000, 0x0000, 0x0000, 0x0000, 0x0000, 0x0000, 
0x0000, 0x0000, 0x0000, 0x0000, 0x0000, 0x0000, 0x0000, 0x0000, 
0x0000, 0x0000, 0x0000, 0x0000, 0x0000, 0x0000, 0x0000, 0x0000, 
0x0000, 0x0000, 0x0000, 0x0000, 0x0000, 0x0000, 0x0000, 0x0000, 
0x0000, 0x0000, 0x0000, 0x0000, 0x0000, 0x0000, 0x0000, 0x0000, 
0x0000, 0x0000, 0x0000, 0x0000, 0x0000, 0x0000, 0x0000, 0x0000, 
0x0000, 0x0000, 0x0000, 0x0000, 0x0000, 0x0000, 0x0000, 0x0000, 
0x0000, 0x0000, 0x0000, 0x0000, 0x0000, 0x0000, 0x0000, 0x0000, 
0x0000, 0x0000, 0x0000, 0x0000, 0x0000, 0x0000, 0x0000, 0x0000, 
0x0000, 0x0000, 0x0000, 0x0000, 0x0000, 0x0000, 0x0000, 0x0000, 
0x0000, 0x0000, 0x0000, 0x0000, 0x0000, 0x0000, 0x0000, 0x0000, 
0x0000, 0x0000, 0x0000, 0x0000, 0x0000, 0x0000, 0x0000, 0x0000, 
0x0000, 0x0000, 0x0000, 0x0000, 0x0000, 0x0000, 0x0000, 0x0000, 
0x0000, 0x0000, 0x0000, 0x0000, 0x0000, 0x0000, 0x0000, 0x0000, 
0x0000, 0x0000, 0x0000, 0x0000, 0x0000, 0x0000, 0x0000, 0x0000, 
0x0000, 0x0000, 0x0000, 0x0000, 0x0000, 0x0000, 0x0000, 0x0000, 
0x0000, 0x0000, 0x0000, 0x0000, 0x0000, 0x0000, 0x0000, 0x0000, 
0x0000, 0x0000, 0x0000, 0x0000, 0x0000, 0x0000, 0x0000, 0x0000, 
0x0000, 0x0000, 0x0000, 0x0000, 0x0000, 0x0000, 0x0000, 0x0000, 
0x0000, 0x0000, 0x0000, 0x0000, 0x0000, 0x0000, 0x0000, 0x0000, 
0x0000, 0x0000, 0x0000, 0x0000, 0x0000, 0x0000, 0x0000, 0x0000, 
0x0000, 0x0000, 0x0000, 0x0000, 0x0000, 0x0000, 0x0000, 0x0000, 
0x0000, 0x0000, 0x0000, 0x0000, 0x0000, 0x0000, 0x0000, 0x0000, 
0x0000, 0x0000, 0x0000, 0x0000, 0x0000, 0x0000, 0x0000, 0x0000, 
0x0000, 0x0000, 0x0000, 0x0000, 0x0000, 0x0000, 0x0000, 0x0000, 
0x0000, 0x0000, 0x0000, 0x0000, 0x0000, 0x0000, 0x0000, 0x0000, 
0x0000, 0x0000, 0x0000, 0x0000, 0x0000, 0x0000, 0x0000, 0x0000, 
0x0000, 0x0000, 0x0000, 0x0000, 0x0000, 0x0000, 0x0000, 0x0000, 
0x0000, 0x0000, 0x0000, 0x0000, 0x0000, 0x0000, 0x0000, 0x0000, 
0x0000, 0x0000, 0x0000, 0x0000, 0x0000, 0x0000, 0x0000, 0x0000, 
0x0000, 0x0000, 0x0000, 0x0000, 0x0000, 0x0000, 0x0000, 0x0000, 
0x0000, 0x0000, 0x0000, 0x0000, 0x0000, 0x0000, 0x0000, 0x0000, 
0x0000, 0x0000, 0x0000, 0x0000, 0x0000, 0x0000, 0x0000, 0x0000, 
0x0000, 0x0000, 0x0000, 0x0000, 0x0000, 0x0000, 0x0000, 0x0000, 
0x0000, 0x0000, 0x0000, 0x0000, 0x0000, 0x0000, 0x0000, 0x0000, 
0x0000, 0x0000, 0x0000, 0x0000, 0x0000, 0x0000, 0x0000, 0x0000, 
0x0000, 0x0000, 0x0000, 0x0000, 0x0000, 0x0000, 0x0000, 0x0000, 
0x0000, 0x0000, 0x0000, 0x0000, 0x0000, 0x0000, 0x0000, 0x0000, 
0x0000, 0x0000, 0x0000, 0x0000, 0x0000, 0x0000, 0x0000, 0x0000, 
0x0000, 0x0000, 0x0000, 0x0000, 0x0000, 0x0000, 0x0000, 0x0000, 
0x0000, 0x0000, 0x0000, 0x0000, 0x0000, 0x0000, 0x0000, 0x0000, 
0x0000, 0x0000, 0x0000, 0x0000, 0x0000, 0x0000, 0x0000, 0x0000, 
0x0000, 0x0000, 0x0000, 0x0000, 0x0000, 0x0000, 0x0000, 0x0000, 
0x0000, 0x0000, 0x0000, 0x0000, 0x0000, 0x0000, 0x0000, 0x0000, 
0x0000, 0x0000, 0x0000, 0x0000, 0x0000, 0x0000, 0x0000, 0x0000, 
0x0000, 0x0000, 0x0000, 0x0000, 0x0000, 0x0000, 0x0000, 0x0000, 
0x0000, 0x0000, 0x0000, 0x0000, 0x0000, 0x0000, 0x0000, 0x0000, 
0x0000, 0x0000, 0x0000, 0x0000, 0x0000, 0x0000, 0x0000, 0x0000, 
0x0000, 0x0000, 0x0000, 0x0000, 0x0000, 0x0000, 0x0000, 0x0000, 
0x0000, 0x0000, 0x0000, 0x0000, 0x0000, 0x0000, 0x0000, 0x0000, 
0x0000, 0x0000, 0x0000, 0x0000, 0x0000, 0x0000, 0x0000, 0x0000, 
0x0000, 0x0000, 0x0000, 0x0000, 0x0000, 0x0000, 0x0000, 0x0000, 
0x0000, 0x0000, 0x0000, 0x0000, 0x0000, 0x0000, 0x0000, 0x0000, 
0x0000, 0x0000, 0x0000, 0x0000, 0x0000, 0x0000, 0x0000, 0x0000, 
0x0000, 0x0000, 0x0000, 0x0000, 0x0000, 0x0000, 0x0000, 0x0000, 
0x0000, 0x0000, 0x0000, 0x0000, 0x0000, 0x0000, 0x0000, 0x0000, 
0x0000, 0x0000, 0x0000, 0x0000, 0x0000, 0x0000, 0x0000, 0x0000, 
0x0000, 0x0000, 0x0000, 0x0000, 0x0000, 0x0000, 0x0000, 0x0000, 
0x0000, 0x0000, 0x0000, 0x0000, 0x0000, 0x0000, 0x0000, 0x0000, 
0x0000, 0x0000, 0x0000, 0x0000, 0x0000, 0x0000, 0x0000, 0x0000, 
0x0000, 0x0000, 0x0000, 0x0000, 0x0000, 0x0000, 0x0000, 0x0000, 
0x0000, 0x0000, 0x0000, 0x0000, 0x0000, 0x0000, 0x0000, 0x0000, 
0x0000, 0x0000, 0x0000, 0x0000, 0x0000, 0x0000, 0x0000, 0x0000, 
0x0000, 0x0000, 0x0000, 0x0000, 0x0000, 0x0000, 0x0000, 0x0000, 
0x0000, 0x0000, 0x0000, 0x0000, 0x0000, 0x0000, 0x0000, 0x0000, 
0x0000, 0x0000, 0x0000, 0x0000, 0x0000, 0x0000, 0x0000, 0x0000, 
0x0000, 0x0000, 0x0000, 0x0000, 0x0000, 0x0000, 0x0000, 0x0000, 
0x0000, 0x0000, 0x0000, 0x0000, 0x0000, 0x0000, 0x0000, 0x0000, 
0x0000, 0x0000, 0x0000, 0x0000, 0x0000, 0x0000, 0x0000, 0x0000, 
0x0000, 0x0000, 0x0000, 0x0000, 0x0000, 0x0000, 0x0000, 0x0000, 
0x0000, 0x0000, 0x0000, 0x0000, 0x0000, 0x0000, 0x0000, 0x0000, 
0x0000, 0x0000, 0x0000, 0x0000, 0x0000, 0x0000, 0x0000, 0x0000, 
0x0000, 0x0000, 0x0000, 0x0000, 0x0000, 0x0000, 0x0000, 0x0000, 
0x0000, 0x0000, 0x0000, 0x0000, 0x0000, 0x0000, 0x0000, 0x0000, 
0x0000, 0x0000, 0x0000, 0x0000, 0x0000, 0x0000, 0x0000, 0x0000, 
0x0000, 0x0000, 0x0000, 0x0000, 0x0000, 0x0000, 0x0000, 0x0000, 
0x0000, 0x0000, 0x0000, 0x0000, 0x0000, 0x0000, 0x0000, 0x0000, 
0x0000, 0x0000, 0x0000, 0x0000, 0x0000, 0x0000, 0x0000, 0x0000, 
0x0000, 0x0000, 0x0000, 0x0000, 0x0000, 0x0000, 0x0000, 0x0000, 
0x0000, 0x0000, 0x0000, 0x0000, 0x0000, 0x0000, 0x0000, 0x0000, 
0x0000, 0x0000, 0x0000, 0x0000, 0x0000, 0x0000, 0x0000, 0x0000, 
0x0000, 0x0000, 0x0000, 0x0000, 0x0000, 0x0000, 0x0000, 0x0000, 
0x0000, 0x0000, 0x0000, 0x0000, 0x0000, 0x0000, 0x0000, 0x0000, 
0x0000, 0x0000, 0x0000, 0x0000, 0x0000, 0x0000, 0x0000, 0x0000, 
0x0000, 0x0000, 0x0000, 0x0000, 0x0000, 0x0000, 0x0000, 0x0000, 
0x0000, 0x0000, 0x0000, 0x0000, 0x0000, 0x0000, 0x0000, 0x0000, 
0x0000, 0x0000, 0x0000, 0x0000, 0x0000, 0x0000, 0x0000, 0x0000, 
0x0000, 0x0000, 0x0000, 0x0000, 0x0000, 0x0000, 0x0000, 0x0000, 
0x0000, 0x0000, 0x0000, 0x0000, 0x0000, 0x0000, 0x0000, 0x0000, 
0x0000, 0x0000, 0x0000, 0x0000, 0x0000, 0x0000, 0x0000, 0x0000, 
0x0000, 0x0000, 0x0000, 0x0000, 0x0000, 0x0000, 0x0000, 0x0000, 
0x0000, 0x0000, 0x0000, 0x0000, 0x0000, 0x0000, 0x0000, 0x0000, 
0x0000, 0x0000, 0x0000, 0x0000, 0x0000, 0x0000, 0x0000, 0x0000, 
0x0000, 0x0000, 0x0000, 0x0000, 0x0000, 0x0000, 0x0000, 0x0000, 
0x0000, 0x0000, 0x0000, 0x0000, 0x0000, 0x0000, 0x0000, 0x0000, 
0x0000, 0x0000, 0x0000, 0x0000, 0x0000, 0x0000, 0x0000, 0x0000, 
0x0000, 0x0000, 0x0000, 0x0000, 0x0000, 0x0000, 0x0000, 0x0000, 
0x0000, 0x0000, 0x0000, 0x0000, 0x0000, 0x0000, 0x0000, 0x0000, 
0x0000, 0x0000, 0x0000, 0x0000, 0x0000, 0x0000, 0x0000, 0x0000, 
0x0000, 0x0000, 0x0000, 0x0000, 0x0000, 0x0000, 0x0000, 0x0000, 
0x0000, 0x0000, 0x0000, 0x0000, 0x0000, 0x0000, 0x0000, 0x0000, 
0x0000, 0x0000, 0x0000, 0x0000, 0x0000, 0x0000, 0x0000, 0x0000, 
0x0000, 0x0000, 0x0000, 0x0000, 0x0000, 0x0000, 0x0000, 0x0000, 
0x0000, 0x0000, 0x0000, 0x0000, 0x0000, 0x0000, 0x0000, 0x0000, 
0x0000, 0x0000, 0x0000, 0x0000, 0x0000, 0x0000, 0x0000, 0x0000, 
0x0000, 0x0000, 0x0000, 0x0000, 0x0000, 0x0000, 0x0000, 0x0000, 
0x0000, 0x0000, 0x0000, 0x0000, 0x0000, 0x0000, 0x0000, 0x0000, 
0x0000, 0x0000, 0x0000, 0x0000, 0x0000, 0x0000, 0x0000, 0x0000, 
0x0000, 0x0000, 0x0000, 0x0000, 0x0000, 0x0000, 0x0000, 0x0000, 
0x0000, 0x0000, 0x0000, 0x0000, 0x0000, 0x0000, 0x0000, 0x0000, 
0x0000, 0x0000, 0x0000, 0x0000, 0x0000, 0x0000, 0x0000, 0x0000, 
0x0000, 0x0000, 0x0000, 0x0000, 0x0000, 0x0000, 0x0000, 0x0000, 
0x0000, 0x0000, 0x0000, 0x0000, 0x0000, 0x0000, 0x0000, 0x0000, 
0x0000, 0x0000, 0x0000, 0x0000, 0x0000, 0x0000, 0x0000, 0x0000, 
0x0000, 0x0000, 0x0000, 0x0000, 0x0000, 0x0000, 0x0000, 0x0000, 
0x0000, 0x0000, 0x0000, 0x0000, 0x0000, 0x0000, 0x0000, 0x0000, 
0x0000, 0x0000, 0x0000, 0x0000, 0x0000, 0x0000, 0x0000, 0x0000, 
0x0000, 0x0000, 0x0000, 0x0000, 0x0000, 0x0000, 0x0000, 0x0000, 
0x0000, 0x0000, 0x0000, 0x0000, 0x0000, 0x0000, 0x0000, 0x0000, 
0x0000, 0x0000, 0x0000, 0x0000, 0x0000, 0x0000, 0x0000, 0x0000, 
0x0000, 0x0000, 0x0000, 0x0000, 0x0000, 0x0000, 0x0000, 0x0000, 
0x0000, 0x0000, 0x0000, 0x0000, 0x0000, 0x0000, 0x0000, 0x0000, 
0x0000, 0x0000, 0x0000, 0x0000, 0x0000, 0x0000, 0x0000, 0x0000, 
0x0000, 0x0000, 0x0000, 0x0000, 0x0000, 0x0000, 0x0000, 0x0000, 
0x0000, 0x0000, 0x0000, 0x0000, 0x0000, 0x0000, 0x0000, 0x0000, 
0x0000, 0x0000, 0x0000, 0x0000, 0x0000, 0x0000, 0x0000, 0x0000, 
0x0000, 0x0000, 0x0000, 0x0000, 0x0000, 0x0000, 0x0000, 0x0000, 
0x0000, 0x0000, 0x0000, 0x0000, 0x0000, 0x0000, 0x0000, 0x0000, 
0x0000, 0x0000, 0x0000, 0x0000, 0x0000, 0x0000, 0x0000, 0x0000, 
0x0000, 0x0000, 0x0000, 0x0000, 0x0000, 0x0000, 0x0000, 0x0000, 
0x0000, 0x0000, 0x0000, 0x0000, 0x0000, 0x0000, 0x0000, 0x0000, 
0x0000, 0x0000, 0x0000, 0x0000, 0x0000, 0x0000, 0x0000, 0x0000, 
0x0000, 0x0000, 0x0000, 0x0000, 0x0000, 0x0000, 0x0000, 0x0000, 
0x0000, 0x0000, 0x0000, 0x0000, 0x0000, 0x0000, 0x0000, 0x0000, 
0x0000, 0x0000, 0x0000, 0x0000, 0x0000, 0x0000, 0x0000, 0x0000, 
0x0000, 0x0000, 0x0000, 0x0000, 0x0000, 0x0000, 0x0000, 0x0000, 
0x0000, 0x0000, 0x0000, 0x0000, 0x0000, 0x0000, 0x0000, 0x0000, 
0x0000, 0x0000, 0x0000, 0x0000, 0x0000, 0x0000, 0x0000, 0x0000, 
0x0000, 0x0000, 0x0000, 0x0000, 0x0000, 0x0000, 0x0000, 0x0000, 
0x0000, 0x0000, 0x0000, 0x0000, 0x0000, 0x0000, 0x0000, 0x0000, 
0x0000, 0x0000, 0x0000, 0x0000, 0x0000, 0x0000, 0x0000, 0x0000, 
0x0000, 0x0000, 0x0000, 0x0000, 0x0000, 0x0000, 0x0000, 0x0000, 
0x0000, 0x0000, 0x0000, 0x0000, 0x0000, 0x0000, 0x0000, 0x0000, 
0x0000, 0x0000, 0x0000, 0x0000, 0x0000, 0x0000, 0x0000, 0x0000, 
0x0000, 0x0000, 0x0000, 0x0000, 0x0000, 0x0000, 0x0000, 0x0000, 
0x0000, 0x0000, 0x0000, 0x0000, 0x0000, 0x0000, 0x0000, 0x0000, 
0x0000, 0x0000, 0x0000, 0x0000, 0x0000, 0x0000, 0x0000, 0x0000, 
0x0000, 0x0000, 0x0000, 0x0000, 0x0000, 0x0000, 0x0000, 0x0000, 
0x0000, 0x0000, 0x0000, 0x0000, 0x0000, 0x0000, 0x0000, 0x0000, 
0x0000, 0x0000, 0x0000, 0x0000, 0x0000, 0x0000, 0x0000, 0x0000, 
0x0000, 0x0000, 0x0000, 0x0000, 0x0000, 0x0000, 0x0000, 0x0000, 
0x0000, 0x0000, 0x0000, 0x0000, 0x0000, 0x0000, 0x0000, 0x0000, 
0x0000, 0x0000, 0x0000, 0x0000, 0x0000, 0x0000, 0x0000, 0x0000, 
0x0000, 0x0000, 0x0000, 0x0000, 0x0000, 0x0000, 0x0000, 0x0000, 
0x0000, 0x0000, 0x0000, 0x0000, 0x0000, 0x0000, 0x0000, 0x0000, 
0x0000, 0x0000, 0x0000, 0x0000, 0x0000, 0x0000, 0x0000, 0x0000, 
0x0000, 0x0000, 0x0000, 0x0000, 0x0000, 0x0000, 0x0000, 0x0000, 
0x0000, 0x0000, 0x0000, 0x0000, 0x0000, 0x0000, 0x0000, 0x0000, 
0x0000, 0x0000, 0x0000, 0x0000, 0x0000, 0x0000, 0x0000, 0x0000, 
0x0000, 0x0000, 0x0000, 0x0000, 0x0000, 0x0000, 0x0000, 0x0000, 
0x0000, 0x0000, 0x0000, 0x0000, 0x0000, 0x0000, 0x0000, 0x0000, 
0x0000, 0x0000, 0x0000, 0x0000, 0x0000, 0x0000, 0x0000, 0x0000, 
0x0000, 0x0000, 0x0000, 0x0000, 0x0000, 0x0000, 0x0000, 0x0000, 
0x0000, 0x0000, 0x0000, 0x0000, 0x0000, 0x0000, 0x0000, 0x0000, 
0x0000, 0x0000, 0x0000, 0x0000, 0x0000, 0x0000, 0x0000, 0x0000, 
0x0000, 0x0000, 0x0000, 0x0000, 0x0000, 0x0000, 0x0000, 0x0000, 
0x0000, 0x0000, 0x0000, 0x0000, 0x0000, 0x0000, 0x0000, 0x0000, 
0x0000, 0x0000, 0x0000, 0x0000, 0x0000, 0x0000, 0x0000, 0x0000, 
0x0000, 0x0000, 0x0000, 0x0000, 0x0000, 0x0000, 0x0000, 0x0000, 
0x0000, 0x0000, 0x0000, 0x0000, 0x0000, 0x0000, 0x0000, 0x0000, 
0x0000, 0x0000, 0x0000, 0x0000, 0x0000, 0x0000, 0x0000, 0x0000, 
0x0000, 0x0000, 0x0000, 0x0000, 0x0000, 0x0000, 0x0000, 0x0000, 
0x0000, 0x0000, 0x0000, 0x0000, 0x0000, 0x0000, 0x0000, 0x0000, 
0x0000, 0x0000, 0x0000, 0x0000, 0x0000, 0x0000, 0x0000, 0x0000, 
0x0000, 0x0000, 0x0000, 0x0000, 0x0000, 0x0000, 0x0000, 0x0000, 
0x0000, 0x0000, 0x0000, 0x0000, 0x0000, 0x0000, 0x0000, 0x0000, 
0x0000, 0x0000, 0x0000, 0x0000, 0x0000, 0x0000, 0x0000, 0x0000, 
0x0000, 0x0000, 0x0000, 0x0000, 0x0000, 0x0000, 0x0000, 0x0000, 
0x0000, 0x0000, 0x0000, 0x0000, 0x0000, 0x0000, 0x0000, 0x0000, 
0x0000, 0x0000, 0x0000, 0x0000, 0x0000, 0x0000, 0x0000, 0x0000, 
0x0000, 0x0000, 0x0000, 0x0000, 0x0000, 0x0000, 0x0000, 0x0000, 
0x0000, 0x0000, 0x0000, 0x0000, 0x0000, 0x0000, 0x0000, 0x0000, 
0x0000, 0x0000, 0x0000, 0x0000, 0x0000, 0x0000, 0x0000, 0x0000, 
0x0000, 0x0000, 0x0000, 0x0000, 0x0000, 0x0000, 0x0000, 0x0000, 
0x0000, 0x0000, 0x0000, 0x0000, 0x0000, 0x0000, 0x0000, 0x0000, 
0x0000, 0x0000, 0x0000, 0x0000, 0x0000, 0x0000, 0x0000, 0x0000, 
0x0000, 0x0000, 0x0000, 0x0000, 0x0000, 0x0000, 0x0000, 0x0000, 
0x0000, 0x0000, 0x0000, 0x0000, 0x0000, 0x0000, 0x0000, 0x0000, 
0x0000, 0x0000, 0x0000, 0x0000, 0x0000, 0x0000, 0x0000, 0x0000, 
0x0000, 0x0000, 0x0000, 0x0000, 0x0000, 0x0000, 0x0000, 0x0000, 
0x0000, 0x0000, 0x0000, 0x0000, 0x0000, 0x0000, 0x0000, 0x0000, 
0x0000, 0x0000, 0x0000, 0x0000, 0x0000, 0x0000, 0x0000, 0x0000, 
0x0000, 0x0000, 0x0000, 0x0000, 0x0000, 0x0000, 0x0000, 0x0000, 
0x0000, 0x0000, 0x0000, 0x0000, 0x0000, 0x0000, 0x0000, 0x0000, 
0x0000, 0x0000, 0x0000, 0x0000, 0x0000, 0x0000, 0x0000, 0x0000, 
0x0000, 0x0000, 0x0000, 0x0000, 0x0000, 0x0000, 0x0000, 0x0000, 
0x0000, 0x0000, 0x0000, 0x0000, 0x0000, 0x0000, 0x0000, 0x0000, 
0x0000, 0x0000, 0x0000, 0x0000, 0x0000, 0x0000, 0x0000, 0x0000, 
0x0000, 0x0000, 0x0000, 0x0000, 0x0000, 0x0000, 0x0000, 0x0000, 
0x0000, 0x0000, 0x0000, 0x0000, 0x0000, 0x0000, 0x0000, 0x0000, 
0x0000, 0x0000, 0x0000, 0x0000, 0x0000, 0x0000, 0x0000, 0x0000, 
0x0000, 0x0000, 0x0000, 0x0000, 0x0000, 0x0000, 0x0000, 0x0000, 
0x0000, 0x0000, 0x0000, 0x0000, 0x0000, 0x0000, 0x0000, 0x0000, 
0x0000, 0x0000, 0x0000, 0x0000, 0x0000, 0x0000, 0x0000, 0x0000, 
0x0000, 0x0000, 0x0000, 0x0000, 0x0000, 0x0000, 0x0000, 0x0000, 
0x0000, 0x0000, 0x0000, 0x0000, 0x0000, 0x0000, 0x0000, 0x0000, 
0x0000, 0x0000, 0x0000, 0x0000, 0x0000, 0x0000, 0x0000, 0x0000, 
0x0000, 0x0000, 0x0000, 0x0000, 0x0000, 0x0000, 0x0000, 0x0000, 
0x0000, 0x0000, 0x0000, 0x0000, 0x0000, 0x0000, 0x0000, 0x0000, 
0x0000, 0x0000, 0x0000, 0x0000, 0x0000, 0x0000, 0x0000, 0x0000, 
0x0000, 0x0000, 0x0000, 0x0000, 0x0000, 0x0000, 0x0000, 0x0000, 
0x0000, 0x0000, 0x0000, 0x0000, 0x0000, 0x0000, 0x0000, 0x0000, 
0x0000, 0x0000, 0x0000, 0x0000, 0x0000, 0x0000, 0x0000, 0x0000, 
0x0000, 0x0000, 0x0000, 0x0000, 0x0000, 0x0000, 0x0000, 0x0000, 
0x0000, 0x0000, 0x0000, 0x0000, 0x0000, 0x0000, 0x0000, 0x0000, 
0x0000, 0x0000, 0x0000, 0x0000, 0x0000, 0x0000, 0x0000, 0x0000, 
0x0000, 0x0000, 0x0000, 0x0000, 0x0000, 0x0000, 0x0000, 0x0000, 
0x0000, 0x0000, 0x0000, 0x0000, 0x0000, 0x0000, 0x0000, 0x0000, 
0x0000, 0x0000, 0x0000, 0x0000, 0x0000, 0x0000, 0x0000, 0x0000, 
0x0000, 0x0000, 0x0000, 0x0000, 0x0000, 0x0000, 0x0000, 0x0000, 
0x0000, 0x0000, 0x0000, 0x0000, 0x0000, 0x0000, 0x0000, 0x0000, 
0x0000, 0x0000, 0x0000, 0x0000, 0x0000, 0x0000, 0x0000, 0x0000, 
0x0000, 0x0000, 0x0000, 0x0000, 0x0000, 0x0000, 0x0000, 0x0000, 
0x0000, 0x0000, 0x0000, 0x0000, 0x0000, 0x0000, 0x0000, 0x0000, 
0x0000, 0x0000, 0x0000, 0x0000, 0x0000, 0x0000, 0x0000, 0x0000, 
0x0000, 0x0000, 0x0000, 0x0000, 0x0000, 0x0000, 0x0000, 0x0000, 
0x0000, 0x0000, 0x0000, 0x0000, 0x0000, 0x0000, 0x0000, 0x0000, 
0x0000, 0x0000, 0x0000, 0x0000, 0x0000, 0x0000, 0x0000, 0x0000, 
0x0000, 0x0000, 0x0000, 0x0000, 0x0000, 0x0000, 0x0000, 0x0000, 
0x0000, 0x0000, 0x0000, 0x0000, 0x0000, 0x0000, 0x0000, 0x0000, 
0x0000, 0x0000, 0x0000, 0x0000, 0x0000, 0x0000, 0x0000, 0x0000, 
0x0000, 0x0000, 0x0000, 0x0000, 0x0000, 0x0000, 0x0000, 0x0000, 
0x0000, 0x0000, 0x0000, 0x0000, 0x0000, 0x0000, 0x0000, 0x0000, 
0x0000, 0x0000, 0x0000, 0x0000, 0x0000, 0x0000, 0x0000, 0x0000, 
0x0000, 0x0000, 0x0000, 0x0000, 0x0000, 0x0000, 0x0000, 0x0000, 
0x0000, 0x0000, 0x0000, 0x0000, 0x0000, 0x0000, 0x0000, 0x0000, 
0x0000, 0x0000, 0x0000, 0x0000, 0x0000, 0x0000, 0x0000, 0x0000, 
0x0000, 0x0000, 0x0000, 0x0000, 0x0000, 0x0000, 0x0000, 0x0000, 
0x0000, 0x0000, 0x0000, 0x0000, 0x0000, 0x0000, 0x0000, 0x0000, 
0x0000, 0x0000, 0x0000, 0x0000, 0x0000, 0x0000, 0x0000, 0x0000, 
0x0000, 0x0000, 0x0000, 0x0000, 0x0000, 0x0000, 0x0000, 0x0000, 
0x0000, 0x0000, 0x0000, 0x0000, 0x0000, 0x0000, 0x0000, 0x0000, 
0x0000, 0x0000, 0x0000, 0x0000, 0x0000, 0x0000, 0x0000, 0x0000, 
0x0000, 0x0000, 0x0000, 0x0000, 0x0000, 0x0000, 0x0000, 0x0000, 
0x0000, 0x0000, 0x0000, 0x0000, 0x0000, 0x0000, 0x0000, 0x0000, 
0x0000, 0x0000, 0x0000, 0x0000, 0x0000, 0x0000, 0x0000, 0x0000, 
0x0000, 0x0000, 0x0000, 0x0000, 0x0000, 0x0000, 0x0000, 0x0000, 
0x0000, 0x0000, 0x0000, 0x0000, 0x0000, 0x0000, 0x0000, 0x0000, 
0x0000, 0x0000, 0x0000, 0x0000, 0x0000, 0x0000, 0x0000, 0x0000, 
0x0000, 0x0000, 0x0000, 0x0000, 0x0000, 0x0000, 0x0000, 0x0000, 
0x0000, 0x0000, 0x0000, 0x0000, 0x0000, 0x0000, 0x0000, 0x0000, 
0x0000, 0x0000, 0x0000, 0x0000, 0x0000, 0x0000, 0x0000, 0x0000, 
0x0000, 0x0000, 0x0000, 0x0000, 0x0000, 0x0000, 0x0000, 0x0000, 
0x0000, 0x0000, 0x0000, 0x0000, 0x0000, 0x0000, 0x0000, 0x0000, 
0x0000, 0x0000, 0x0000, 0x0000, 0x0000, 0x0000, 0x0000, 0x0000, 
0x0000, 0x0000, 0x0000, 0x0000, 0x0000, 0x0000, 0x0000, 0x0000, 
0x0000, 0x0000, 0x0000, 0x0000, 0x0000, 0x0000, 0x0000, 0x0000, 
0x0000, 0x0000, 0x0000, 0x0000, 0x0000, 0x0000, 0x0000, 0x0000, 
0x0000, 0x0000, 0x0000, 0x0000, 0x0000, 0x0000, 0x0000, 0x0000, 
0x0000, 0x0000, 0x0000, 0x0000, 0x0000, 0x0000, 0x0000, 0x0000, 
0x0000, 0x0000, 0x0000, 0x0000, 0x0000, 0x0000, 0x0000, 0x0000, 
0x0000, 0x0000, 0x0000, 0x0000, 0x0000, 0x0000, 0x0000, 0x0000, 
0x0000, 0x0000, 0x0000, 0x0000, 0x0000, 0x0000, 0x0000, 0x0000, 
0x0000, 0x0000, 0x0000, 0x0000, 0x0000, 0x0000, 0x0000, 0x0000, 
0x0000, 0x0000, 0x0000, 0x0000, 0x0000, 0x0000, 0x0000, 0x0000, 
0x0000, 0x0000, 0x0000, 0x0000, 0x0000, 0x0000, 0x0000, 0x0000, 
0x0000, 0x0000, 0x0000, 0x0000, 0x0000, 0x0000, 0x0000, 0x0000, 
0x0000, 0x0000, 0x0000, 0x0000, 0x0000, 0x0000, 0x0000, 0x0000, 
0x0000, 0x0000, 0x0000, 0x0000, 0x0000, 0x0000, 0x0000, 0x0000, 
0x0000, 0x0000, 0x0000, 0x0000, 0x0000, 0x0000, 0x0000, 0x0000, 
0x0000, 0x0000, 0x0000, 0x0000, 0x0000, 0x0000, 0x0000, 0x0000, 
0x0000, 0x0000, 0x0000, 0x0000, 0x0000, 0x0000, 0x0000, 0x0000, 
0x0000, 0x0000, 0x0000, 0x0000, 0x0000, 0x0000, 0x0000, 0x0000, 
0x0000, 0x0000, 0x0000, 0x0000, 0x0000, 0x0000, 0x0000, 0x0000, 
0x0000, 0x0000, 0x0000, 0x0000, 0x0000, 0x0000, 0x0000, 0x0000, 
0x0000, 0x0000, 0x0000, 0x0000, 0x0000, 0x0000, 0x0000, 0x0000, 
0x0000, 0x0000, 0x0000, 0x0000, 0x0000, 0x0000, 0x0000, 0x0000, 
0x0000, 0x0000, 0x0000, 0x0000, 0x0000, 0x0000, 0x0000, 0x0000, 
0x0000, 0x0000, 0x0000, 0x0000, 0x0000, 0x0000, 0x0000, 0x0000, 
0x0000, 0x0000, 0x0000, 0x0000, 0x0000, 0x0000, 0x0000, 0x0000, 
0x0000, 0x0000, 0x0000, 0x0000, 0x0000, 0x0000, 0x0000, 0x0000, 
0x0000, 0x0000, 0x0000, 0x0000, 0x0000, 0x0000, 0x0000, 0x0000, 
0x0000, 0x0000, 0x0000, 0x0000, 0x0000, 0x0000, 0x0000, 0x0000, 
0x0000, 0x0000, 0x0000, 0x0000, 0x0000, 0x0000, 0x0000, 0x0000, 
0x0000, 0x0000, 0x0000, 0x0000, 0x0000, 0x0000, 0x0000, 0x0000, 
0x0000, 0x0000, 0x0000, 0x0000, 0x0000, 0x0000, 0x0000, 0x0000, 
0x0000, 0x0000, 0x0000, 0x0000, 0x0000, 0x0000, 0x0000, 0x0000, 
0x0000, 0x0000, 0x0000, 0x0000, 0x0000, 0x0000, 0x0000, 0x0000, 
0x0000, 0x0000, 0x0000, 0x0000, 0x0000, 0x0000, 0x0000, 0x0000, 
0x0000, 0x0000, 0x0000, 0x0000, 0x0000, 0x0000, 0x0000, 0x0000, 
0x0000, 0x0000, 0x0000, 0x0000, 0x0000, 0x0000, 0x0000, 0x0000, 
0x0000, 0x0000, 0x0000, 0x0000, 0x0000, 0x0000, 0x0000, 0x0000, 
0x0000, 0x0000, 0x0000, 0x0000, 0x0000, 0x0000, 0x0000, 0x0000, 
0x0000, 0x0000, 0x0000, 0x0000, 0x0000, 0x0000, 0x0000, 0x0000, 
0x0000, 0x0000, 0x0000, 0x0000, 0x0000, 0x0000, 0x0000, 0x0000, 
0x0000, 0x0000, 0x0000, 0x0000, 0x0000, 0x0000, 0x0000, 0x0000, 
0x0000, 0x0000, 0x0000, 0x0000, 0x0000, 0x0000, 0x0000, 0x0000, 
0x0000, 0x0000, 0x0000, 0x0000, 0x0000, 0x0000, 0x0000, 0x0000, 
0x0000, 0x0000, 0x0000, 0x0000, 0x0000, 0x0000, 0x0000, 0x0000, 
0x0000, 0x0000, 0x0000, 0x0000, 0x0000, 0x0000, 0x0000, 0x0000, 
0x0000, 0x0000, 0x0000, 0x0000, 0x0000, 0x0000, 0x0000, 0x0000, 
0x0000, 0x0000, 0x0000, 0x0000, 0x0000, 0x0000, 0x0000, 0x0000, 
0x0000, 0x0000, 0x0000, 0x0000, 0x0000, 0x0000, 0x0000, 0x0000, 
0x0000, 0x0000, 0x0000, 0x0000, 0x0000, 0x0000, 0x0000, 0x0000, 
0x0000, 0x0000, 0x0000, 0x0000, 0x0000, 0x0000, 0x0000, 0x0000, 
0x0000, 0x0000, 0x0000, 0x0000, 0x0000, 0x0000, 0x0000, 0x0000, 
0x0000, 0x0000, 0x0000, 0x0000, 0x0000, 0x0000, 0x0000, 0x0000, 
0x0000, 0x0000, 0x0000, 0x0000, 0x0000, 0x0000, 0x0000, 0x0000, 
0x0000, 0x0000, 0x0000, 0x0000, 0x0000, 0x0000, 0x0000, 0x0000, 
0x0000, 0x0000, 0x0000, 0x0000, 0x0000, 0x0000, 0x0000, 0x0000, 
0x0000, 0x0000, 0x0000, 0x0000, 0x0000, 0x0000, 0x0000, 0x0000, 
0x0000, 0x0000, 0x0000, 0x0000, 0x0000, 0x0000, 0x0000, 0x0000, 
0x0000, 0x0000, 0x0000, 0x0000, 0x0000, 0x0000, 0x0000, 0x0000, 
0x0000, 0x0000, 0x0000, 0x0000, 0x0000, 0x0000, 0x0000, 0x0000, 
0x0000, 0x0000, 0x0000, 0x0000, 0x0000, 0x0000, 0x0000, 0x0000, 
0x0000, 0x0000, 0x0000, 0x0000, 0x0000, 0x0000, 0x0000, 0x0000, 
0x0000, 0x0000, 0x0000, 0x0000, 0x0000, 0x0000, 0x0000, 0x0000, 
0x0000, 0x0000, 0x0000, 0x0000, 0x0000, 0x0000, 0x0000, 0x0000, 
0x0000, 0x0000, 0x0000, 0x0000, 0x0000, 0x0000, 0x0000, 0x0000, 
0x0000, 0x0000, 0x0000, 0x0000, 0x0000, 0x0000, 0x0000, 0x0000, 
0x0000, 0x0000, 0x0000, 0x0000, 0x0000, 0x0000, 0x0000, 0x0000, 
0x0000, 0x0000, 0x0000, 0x0000, 0x0000, 0x0000, 0x0000, 0x0000, 
0x0000, 0x0000, 0x0000, 0x0000, 0x0000, 0x0000, 0x0000, 0x0000, 
0x0000, 0x0000, 0x0000, 0x0000, 0x0000, 0x0000, 0x0000, 0x0000, 
0x0000, 0x0000, 0x0000, 0x0000, 0x0000, 0x0000, 0x0000, 0x0000, 
0x0000, 0x0000, 0x0000, 0x0000, 0x0000, 0x0000, 0x0000, 0x0000, 
0x0000, 0x0000, 0x0000, 0x0000, 0x0000, 0x0000, 0x0000, 0x0000, 
0x0000, 0x0000, 0x0000, 0x0000, 0x0000, 0x0000, 0x0000, 0x0000, 
0x0000, 0x0000, 0x0000, 0x0000, 0x0000, 0x0000, 0x0000, 0x0000, 
0x0000, 0x0000, 0x0000, 0x0000, 0x0000, 0x0000, 0x0000, 0x0000, 
0x0000, 0x0000, 0x0000, 0x0000, 0x0000, 0x0000, 0x0000, 0x0000, 
0x0000, 0x0000, 0x0000, 0x0000, 0x0000, 0x0000, 0x0000, 0x0000, 
0x0000, 0x0000, 0x0000, 0x0000, 0x0000, 0x0000, 0x0000, 0x0000, 
0x0000, 0x0000, 0x0000, 0x0000, 0x0000, 0x0000, 0x0000, 0x0000, 
0x0000, 0x0000, 0x0000, 0x0000, 0x0000, 0x0000, 0x0000, 0x0000, 
0x0000, 0x0000, 0x0000, 0x0000, 0x0000, 0x0000, 0x0000, 0x0000, 
0x0000, 0x0000, 0x0000, 0x0000, 0x0000, 0x0000, 0x0000, 0x0000, 
0x0000, 0x0000, 0x0000, 0x0000, 0x0000, 0x0000, 0x0000, 0x0000, 
0x0000, 0x0000, 0x0000, 0x0000, 0x0000, 0x0000, 0x0000, 0x0000, 
0x0000, 0x0000, 0x0000, 0x0000, 0x0000, 0x0000, 0x0000, 0x0000, 
0x0000, 0x0000, 0x0000, 0x0000, 0x0000, 0x0000, 0x0000, 0x0000, 
0x0000, 0x0000, 0x0000, 0x0000, 0x0000, 0x0000, 0x0000, 0x0000, 
0x0000, 0x0000, 0x0000, 0x0000, 0x0000, 0x0000, 0x0000, 0x0000, 
0x0000, 0x0000, 0x0000, 0x0000, 0x0000, 0x0000, 0x0000, 0x0000, 
0x0000, 0x0000, 0x0000, 0x0000, 0x0000, 0x0000, 0x0000, 0x0000, 
0x0000, 0x0000, 0x0000, 0x0000, 0x0000, 0x0000, 0x0000, 0x0000, 
0x0000, 0x0000, 0x0000, 0x0000, 0x0000, 0x0000, 0x0000, 0x0000, 
0x0000, 0x0000, 0x0000, 0x0000, 0x0000, 0x0000, 0x0000, 0x0000, 
0x0000, 0x0000, 0x0000, 0x0000, 0x0000, 0x0000, 0x0000, 0x0000, 
0x0000, 0x0000, 0x0000, 0x0000, 0x0000, 0x0000, 0x0000, 0x0000, 
0x0000, 0x0000, 0x0000, 0x0000, 0x0000, 0x0000, 0x0000, 0x0000, 
0x0000, 0x0000, 0x0000, 0x0000, 0x0000, 0x0000, 0x0000, 0x0000, 
0x0000, 0x0000, 0x0000, 0x0000, 0x0000, 0x0000, 0x0000, 0x0000, 
0x0000, 0x0000, 0x0000, 0x0000, 0x0000, 0x0000, 0x0000, 0x0000, 
0x0000, 0x0000, 0x0000, 0x0000, 0x0000, 0x0000, 0x0000, 0x0000, 
0x0000, 0x0000, 0x0000, 0x0000, 0x0000, 0x0000, 0x0000, 0x0000, 
0x0000, 0x0000, 0x0000, 0x0000, 0x0000, 0x0000, 0x0000, 0x0000, 
0x0000, 0x0000, 0x0000, 0x0000, 0x0000, 0x0000, 0x0000, 0x0000, 
0x0000, 0x0000, 0x0000, 0x0000, 0x0000, 0x0000, 0x0000, 0x0000, 
0x0000, 0x0000, 0x0000, 0x0000, 0x0000, 0x0000, 0x0000, 0x0000, 
0x0000, 0x0000, 0x0000, 0x0000, 0x0000, 0x0000, 0x0000, 0x0000, 
0x0000, 0x0000, 0x0000, 0x0000, 0x0000, 0x0000, 0x0000, 0x0000, 
0x0000, 0x0000, 0x0000, 0x0000, 0x0000, 0x0000, 0x0000, 0x0000, 
0x0000, 0x0000, 0x0000, 0x0000, 0x0000, 0x0000, 0x0000, 0x0000, 
0x0000, 0x0000, 0x0000, 0x0000, 0x0000, 0x0000, 0x0000, 0x0000, 
0x0000, 0x0000, 0x0000, 0x0000, 0x0000, 0x0000, 0x0000, 0x0000, 
0x0000, 0x0000, 0x0000, 0x0000, 0x0000, 0x0000, 0x0000, 0x0000, 
0x0000, 0x0000, 0x0000, 0x0000, 0x0000, 0x0000, 0x0000, 0x0000, 
0x0000, 0x0000, 0x0000, 0x0000, 0x0000, 0x0000, 0x0000, 0x0000, 
0x0000, 0x0000, 0x0000, 0x0000, 0x0000, 0x0000, 0x0000, 0x0000, 
0x0000, 0x0000, 0x0000, 0x0000, 0x0000, 0x0000, 0x0000, 0x0000, 
0x0000, 0x0000, 0x0000, 0x0000, 0x0000, 0x0000, 0x0000, 0x0000, 
0x0000, 0x0000, 0x0000, 0x0000, 0x0000, 0x0000, 0x0000, 0x0000, 
0x0000, 0x0000, 0x0000, 0x0000, 0x0000, 0x0000, 0x0000, 0x0000, 
0x0000, 0x0000, 0x0000, 0x0000, 0x0000, 0x0000, 0x0000, 0x0000, 
0x0000, 0x0000, 0x0000, 0x0000, 0x0000, 0x0000, 0x0000, 0x0000, 
0x0000, 0x0000, 0x0000, 0x0000, 0x0000, 0x0000, 0x0000, 0x0000, 
0x0000, 0x0000, 0x0000, 0x0000, 0x0000, 0x0000, 0x0000, 0x0000, 
0x0000, 0x0000, 0x0000, 0x0000, 0x0000, 0x0000, 0x0000, 0x0000, 
0x0000, 0x0000, 0x0000, 0x0000, 0x0000, 0x0000, 0x0000, 0x0000, 
0x0000, 0x0000, 0x0000, 0x0000, 0x0000, 0x0000, 0x0000, 0x0000, 
0x0000, 0x0000, 0x0000, 0x0000, 0x0000, 0x0000, 0x0000, 0x0000, 
0x0000, 0x0000, 0x0000, 0x0000, 0x0000, 0x0000, 0x0000, 0x0000, 
0x0000, 0x0000, 0x0000, 0x0000, 0x0000, 0x0000, 0x0000, 0x0000, 
0x0000, 0x0000, 0x0000, 0x0000, 0x0000, 0x0000, 0x0000, 0x0000, 
0x0000, 0x0000, 0x0000, 0x0000, 0x0000, 0x0000, 0x0000, 0x0000, 
0x0000, 0x0000, 0x0000, 0x0000, 0x0000, 0x0000, 0x0000, 0x0000, 
0x0000, 0x0000, 0x0000, 0x0000, 0x0000, 0x0000, 0x0000, 0x0000, 
0x0000, 0x0000, 0x0000, 0x0000, 0x0000, 0x0000, 0x0000, 0x0000, 
0x0000, 0x0000, 0x0000, 0x0000, 0x0000, 0x0000, 0x0000, 0x0000, 
0x0000, 0x0000, 0x0000, 0x0000, 0x0000, 0x0000, 0x0000, 0x0000, 
0x0000, 0x0000, 0x0000, 0x0000, 0x0000, 0x0000, 0x0000, 0x0000, 
0x0000, 0x0000, 0x0000, 0x0000, 0x0000, 0x0000, 0x0000, 0x0000, 
0x0000, 0x0000, 0x0000, 0x0000, 0x0000, 0x0000, 0x0000, 0x0000, 
0x0000, 0x0000, 0x0000, 0x0000, 0x0000, 0x0000, 0x0000, 0x0000, 
0x0000, 0x0000, 0x0000, 0x0000, 0x0000, 0x0000, 0x0000, 0x0000, 
0x0000, 0x0000, 0x0000, 0x0000, 0x0000, 0x0000, 0x0000, 0x0000, 
0x0000, 0x0000, 0x0000, 0x0000, 0x0000, 0x0000, 0x0000, 0x0000, 
0x0000, 0x0000, 0x0000, 0x0000, 0x0000, 0x0000, 0x0000, 0x0000, 
0x0000, 0x0000, 0x0000, 0x0000, 0x0000, 0x0000, 0x0000, 0x0000, 
0x0000, 0x0000, 0x0000, 0x0000, 0x0000, 0x0000, 0x0000, 0x0000, 
0x0000, 0x0000, 0x0000, 0x0000, 0x0000, 0x0000, 0x0000, 0x0000, 
0x0000, 0x0000, 0x0000, 0x0000, 0x0000, 0x0000, 0x0000, 0x0000, 
0x0000, 0x0000, 0x0000, 0x0000, 0x0000, 0x0000, 0x0000, 0x0000, 
0x0000, 0x0000, 0x0000, 0x0000, 0x0000, 0x0000, 0x0000, 0x0000, 
0x0000, 0x0000, 0x0000, 0x0000, 0x0000, 0x0000, 0x0000, 0x0000, 
0x0000, 0x0000, 0x0000, 0x0000, 0x0000, 0x0000, 0x0000, 0x0000, 
0x0000, 0x0000, 0x0000, 0x0000, 0x0000, 0x0000, 0x0000, 0x0000, 
0x0000, 0x0000, 0x0000, 0x0000, 0x0000, 0x0000, 0x0000, 0x0000, 
0x0000, 0x0000, 0x0000, 0x0000, 0x0000, 0x0000, 0x0000, 0x0000, 
0x0000, 0x0000, 0x0000, 0x0000, 0x0000, 0x0000, 0x0000, 0x0000, 
0x0000, 0x0000, 0x0000, 0x0000, 0x0000, 0x0000, 0x0000, 0x0000, 
0x0000, 0x0000, 0x0000, 0x0000, 0x0000, 0x0000, 0x0000, 0x0000, 
0x0000, 0x0000, 0x0000, 0x0000, 0x0000, 0x0000, 0x0000, 0x0000, 
0x0000, 0x0000, 0x0000, 0x0000, 0x0000, 0x0000, 0x0000, 0x0000, 
0x0000, 0x0000, 0x0000, 0x0000, 0x0000, 0x0000, 0x0000, 0x0000, 
0x0000, 0x0000, 0x0000, 0x0000, 0x0000, 0x0000, 0x0000, 0x0000, 
0x0000, 0x0000, 0x0000, 0x0000, 0x0000, 0x0000, 0x0000, 0x0000, 
0x0000, 0x0000, 0x0000, 0x0000, 0x0000, 0x0000, 0x0000, 0x0000, 
0x0000, 0x0000, 0x0000, 0x0000, 0x0000, 0x0000, 0x0000, 0x0000, 
0x0000, 0x0000, 0x0000, 0x0000, 0x0000, 0x0000, 0x0000, 0x0000, 
0x0000, 0x0000, 0x0000, 0x0000, 0x0000, 0x0000, 0x0000, 0x0000, 
0x0000, 0x0000, 0x0000, 0x0000, 0x0000, 0x0000, 0x0000, 0x0000, 
0x0000, 0x0000, 0x0000, 0x0000, 0x0000, 0x0000, 0x0000, 0x0000, 
0x0000, 0x0000, 0x0000, 0x0000, 0x0000, 0x0000, 0x0000, 0x0000, 
0x0000, 0x0000, 0x0000, 0x0000, 0x0000, 0x0000, 0x0000, 0x0000, 
0x0000, 0x0000, 0x0000, 0x0000, 0x0000, 0x0000, 0x0000, 0x0000, 
0x0000, 0x0000, 0x0000, 0x0000, 0x0000, 0x0000, 0x0000, 0x0000, 
0x0000, 0x0000, 0x0000, 0x0000, 0x0000, 0x0000, 0x0000, 0x0000, 
0x0000, 0x0000, 0x0000, 0x0000, 0x0000, 0x0000, 0x0000, 0x0000, 
0x0000, 0x0000, 0x0000, 0x0000, 0x0000, 0x0000, 0x0000, 0x0000, 
0x0000, 0x0000, 0x0000, 0x0000, 0x0000, 0x0000, 0x0000, 0x0000, 
0x0000, 0x0000, 0x0000, 0x0000, 0x0000, 0x0000, 0x0000, 0x0000, 
0x0000, 0x0000, 0x0000, 0x0000, 0x0000, 0x0000, 0x0000, 0x0000, 
0x0000, 0x0000, 0x0000, 0x0000, 0x0000, 0x0000, 0x0000, 0x0000, 
0x0000, 0x0000, 0x0000, 0x0000, 0x0000, 0x0000, 0x0000, 0x0000, 
0x0000, 0x0000, 0x0000, 0x0000, 0x0000, 0x0000, 0x0000, 0x0000, 
0x0000, 0x0000, 0x0000, 0x0000, 0x0000, 0x0000, 0x0000, 0x0000, 
0x0000, 0x0000, 0x0000, 0x0000, 0x0000, 0x0000, 0x0000, 0x0000, 
0x0000, 0x0000, 0x0000, 0x0000, 0x0000, 0x0000, 0x0000, 0x0000, 
0x0000, 0x0000, 0x0000, 0x0000, 0x0000, 0x0000, 0x0000, 0x0000, 
0x0000, 0x0000, 0x0000, 0x0000, 0x0000, 0x0000, 0x0000, 0x0000, 
0x0000, 0x0000, 0x0000, 0x0000, 0x0000, 0x0000, 0x0000, 0x0000, 
0x0000, 0x0000, 0x0000, 0x0000, 0x0000, 0x0000, 0x0000, 0x0000, 
0x0000, 0x0000, 0x0000, 0x0000, 0x0000, 0x0000, 0x0000, 0x0000, 
0x0000, 0x0000, 0x0000, 0x0000, 0x0000, 0x0000, 0x0000, 0x0000, 
0x0000, 0x0000, 0x0000, 0x0000, 0x0000, 0x0000, 0x0000, 0x0000, 
0x0000, 0x0000, 0x0000, 0x0000, 0x0000, 0x0000, 0x0000, 0x0000, 
0x0000, 0x0000, 0x0000, 0x0000, 0x0000, 0x0000, 0x0000, 0x0000, 
0x0000, 0x0000, 0x0000, 0x0000, 0x0000, 0x0000, 0x0000, 0x0000, 
0x0000, 0x0000, 0x0000, 0x0000, 0x0000, 0x0000, 0x0000, 0x0000, 
0x0000, 0x0000, 0x0000, 0x0000, 0x0000, 0x0000, 0x0000, 0x0000, 
0x0000, 0x0000, 0x0000, 0x0000, 0x0000, 0x0000, 0x0000, 0x0000, 
0x0000, 0x0000, 0x0000, 0x0000, 0x0000, 0x0000, 0x0000, 0x0000, 
0x0000, 0x0000, 0x0000, 0x0000, 0x0000, 0x0000, 0x0000, 0x0000, 
0x0000, 0x0000, 0x0000, 0x0000, 0x0000, 0x0000, 0x0000, 0x0000, 
0x0000, 0x0000, 0x0000, 0x0000, 0x0000, 0x0000, 0x0000, 0x0000, 
0x0000, 0x0000, 0x0000, 0x0000, 0x0000, 0x0000, 0x0000, 0x0000, 
0x0000, 0x0000, 0x0000, 0x0000, 0x0000, 0x0000, 0x0000, 0x0000, 
0x0000, 0x0000, 0x0000, 0x0000, 0x0000, 0x0000, 0x0000, 0x0000, 
0x0000, 0x0000, 0x0000, 0x0000, 0x0000, 0x0000, 0x0000, 0x0000, 
0x0000, 0x0000, 0x0000, 0x0000, 0x0000, 0x0000, 0x0000, 0x0000, 
0x0000, 0x0000, 0x0000, 0x0000, 0x0000, 0x0000, 0x0000, 0x0000, 
0x0000, 0x0000, 0x0000, 0x0000, 0x0000, 0x0000, 0x0000, 0x0000, 
0x0000, 0x0000, 0x0000, 0x0000, 0x0000, 0x0000, 0x0000, 0x0000, 
0x0000, 0x0000, 0x0000, 0x0000, 0x0000, 0x0000, 0x0000, 0x0000, 
0x0000, 0x0000, 0x0000, 0x0000, 0x0000, 0x0000, 0x0000, 0x0000, 
0x0000, 0x0000, 0x0000, 0x0000, 0x0000, 0x0000, 0x0000, 0x0000, 
0x0000, 0x0000, 0x0000, 0x0000, 0x0000, 0x0000, 0x0000, 0x0000, 
0x0000, 0x0000, 0x0000, 0x0000, 0x0000, 0x0000, 0x0000, 0x0000, 
0x0000, 0x0000, 0x0000, 0x0000, 0x0000, 0x0000, 0x0000, 0x0000, 
0x0000, 0x0000, 0x0000, 0x0000, 0x0000, 0x0000, 0x0000, 0x0000, 
0x0000, 0x0000, 0x0000, 0x0000, 0x0000, 0x0000, 0x0000, 0x0000, 
0x0000, 0x0000, 0x0000, 0x0000, 0x0000, 0x0000, 0x0000, 0x0000, 
0x0000, 0x0000, 0x0000, 0x0000, 0x0000, 0x0000, 0x0000, 0x0000, 
0x0000, 0x0000, 0x0000, 0x0000, 0x0000, 0x0000, 0x0000, 0x0000, 
0x0000, 0x0000, 0x0000, 0x0000, 0x0000, 0x0000, 0x0000, 0x0000, 
0x0000, 0x0000, 0x0000, 0x0000, 0x0000, 0x0000, 0x0000, 0x0000, 
0x0000, 0x0000, 0x0000, 0x0000, 0x0000, 0x0000, 0x0000, 0x0000, 
0x0000, 0x0000, 0x0000, 0x0000, 0x0000, 0x0000, 0x0000, 0x0000, 
0x0000, 0x0000, 0x0000, 0x0000, 0x0000, 0x0000, 0x0000, 0x0000, 
0x0000, 0x0000, 0x0000, 0x0000, 0x0000, 0x0000, 0x0000, 0x0000, 
0x0000, 0x0000, 0x0000, 0x0000, 0x0000, 0x0000, 0x0000, 0x0000, 
0x0000, 0x0000, 0x0000, 0x0000, 0x0000, 0x0000, 0x0000, 0x0000, 
0x0000, 0x0000, 0x0000, 0x0000, 0x0000, 0x0000, 0x0000, 0x0000, 
0x0000, 0x0000, 0x0000, 0x0000, 0x0000, 0x0000, 0x0000, 0x0000, 
0x0000, 0x0000, 0x0000, 0x0000, 0x0000, 0x0000, 0x0000, 0x0000, 
0x0000, 0x0000, 0x0000, 0x0000, 0x0000, 0x0000, 0x0000, 0x0000, 
0x0000, 0x0000, 0x0000, 0x0000, 0x0000, 0x0000, 0x0000, 0x0000, 
0x0000, 0x0000, 0x0000, 0x0000, 0x0000, 0x0000, 0x0000, 0x0000, 
0x0000, 0x0000, 0x0000, 0x0000, 0x0000, 0x0000, 0x0000, 0x0000, 
0x0000, 0x0000, 0x0000, 0x0000, 0x0000, 0x0000, 0x0000, 0x0000, 
0x0000, 0x0000, 0x0000, 0x0000, 0x0000, 0x0000, 0x0000, 0x0000, 
0x0000, 0x0000, 0x0000, 0x0000, 0x0000, 0x0000, 0x0000, 0x0000, 
0x0000, 0x0000, 0x0000, 0x0000, 0x0000, 0x0000, 0x0000, 0x0000, 
0x0000, 0x0000, 0x0000, 0x0000, 0x0000, 0x0000, 0x0000, 0x0000, 
0x0000, 0x0000, 0x0000, 0x0000, 0x0000, 0x0000, 0x0000, 0x0000, 
0x0000, 0x0000, 0x0000, 0x0000, 0x0000, 0x0000, 0x0000, 0x0000, 
0x0000, 0x0000, 0x0000, 0x0000, 0x0000, 0x0000, 0x0000, 0x0000, 
0x0000, 0x0000, 0x0000, 0x0000, 0x0000, 0x0000, 0x0000, 0x0000, 
0x0000, 0x0000, 0x0000, 0x0000, 0x0000, 0x0000, 0x0000, 0x0000, 
0x0000, 0x0000, 0x0000, 0x0000, 0x0000, 0x0000, 0x0000, 0x0000, 
0x0000, 0x0000, 0x0000, 0x0000, 0x0000, 0x0000, 0x0000, 0x0000, 
0x0000, 0x0000, 0x0000, 0x0000, 0x0000, 0x0000, 0x0000, 0x0000, 
0x0000, 0x0000, 0x0000, 0x0000, 0x0000, 0x0000, 0x0000, 0x0000, 
0x0000, 0x0000, 0x0000, 0x0000, 0x0000, 0x0000, 0x0000, 0x0000, 
0x0000, 0x0000, 0x0000, 0x0000, 0x0000, 0x0000, 0x0000, 0x0000, 
0x0000, 0x0000, 0x0000, 0x0000, 0x0000, 0x0000, 0x0000, 0x0000, 
0x0000, 0x0000, 0x0000, 0x0000, 0x0000, 0x0000, 0x0000, 0x0000, 
0x0000, 0x0000, 0x0000, 0x0000, 0x0000, 0x0000, 0x0000, 0x0000, 
0x0000, 0x0000, 0x0000, 0x0000, 0x0000, 0x0000, 0x0000, 0x0000, 
0x0000, 0x0000, 0x0000, 0x0000, 0x0000, 0x0000, 0x0000, 0x0000, 
0x0000, 0x0000, 0x0000, 0x0000, 0x0000, 0x0000, 0x0000, 0x0000, 
0x0000, 0x0000, 0x0000, 0x0000, 0x0000, 0x0000, 0x0000, 0x0000, 
0x0000, 0x0000, 0x0000, 0x0000, 0x0000, 0x0000, 0x0000, 0x0000, 
0x0000, 0x0000, 0x0000, 0x0000, 0x0000, 0x0000, 0x0000, 0x0000, 
0x0000, 0x0000, 0x0000, 0x0000, 0x0000, 0x0000, 0x0000, 0x0000, 
0x0000, 0x0000, 0x0000, 0x0000, 0x0000, 0x0000, 0x0000, 0x0000, 
0x0000, 0x0000, 0x0000, 0x0000, 0x0000, 0x0000, 0x0000, 0x0000, 
0x0000, 0x0000, 0x0000, 0x0000, 0x0000, 0x0000, 0x0000, 0x0000, 
0x0000, 0x0000, 0x0000, 0x0000, 0x0000, 0x0000, 0x0000, 0x0000, 
0x0000, 0x0000, 0x0000, 0x0000, 0x0000, 0x0000, 0x0000, 0x0000, 
0x0000, 0x0000, 0x0000, 0x0000, 0x0000, 0x0000, 0x0000, 0x0000, 
0x0000, 0x0000, 0x0000, 0x0000, 0x0000, 0x0000, 0x0000, 0x0000, 
0x0000, 0x0000, 0x0000, 0x0000, 0x0000, 0x0000, 0x0000, 0x0000, 
0x0000, 0x0000, 0x0000, 0x0000, 0x0000, 0x0000, 0x0000, 0x0000, 
0x0000, 0x0000, 0x0000, 0x0000, 0x0000, 0x0000, 0x0000, 0x0000, 
0x0000, 0x0000, 0x0000, 0x0000, 0x0000, 0x0000, 0x0000, 0x0000, 
0x0000, 0x0000, 0x0000, 0x0000, 0x0000, 0x0000, 0x0000, 0x0000, 
0x0000, 0x0000, 0x0000, 0x0000, 0x0000, 0x0000, 0x0000, 0x0000, 
0x0000, 0x0000, 0x0000, 0x0000, 0x0000, 0x0000, 0x0000, 0x0000, 
0x0000, 0x0000, 0x0000, 0x0000, 0x0000, 0x0000, 0x0000, 0x0000, 
0x0000, 0x0000, 0x0000, 0x0000, 0x0000, 0x0000, 0x0000, 0x0000, 
0x0000, 0x0000, 0x0000, 0x0000, 0x0000, 0x0000, 0x0000, 0x0000, 
0x0000, 0x0000, 0x0000, 0x0000, 0x0000, 0x0000, 0x0000, 0x0000, 
0x0000, 0x0000, 0x0000, 0x0000, 0x0000, 0x0000, 0x0000, 0x0000, 
0x0000, 0x0000, 0x0000, 0x0000, 0x0000, 0x0000, 0x0000, 0x0000, 
0x0000, 0x0000, 0x0000, 0x0000, 0x0000, 0x0000, 0x0000, 0x0000, 
0x0000, 0x0000, 0x0000, 0x0000, 0x0000, 0x0000, 0x0000, 0x0000, 
0x0000, 0x0000, 0x0000, 0x0000, 0x0000, 0x0000, 0x0000, 0x0000, 
0x0000, 0x0000, 0x0000, 0x0000, 0x0000, 0x0000, 0x0000, 0x0000, 
0x0000, 0x0000, 0x0000, 0x0000, 0x0000, 0x0000, 0x0000, 0x0000, 
0x0000, 0x0000, 0x0000, 0x0000, 0x0000, 0x0000, 0x0000, 0x0000, 
0x0000, 0x0000, 0x0000, 0x0000, 0x0000, 0x0000, 0x0000, 0x0000, 
0x0000, 0x0000, 0x0000, 0x0000, 0x0000, 0x0000, 0x0000, 0x0000, 
0x0000, 0x0000, 0x0000, 0x0000, 0x0000, 0x0000, 0x0000, 0x0000, 
0x0000, 0x0000, 0x0000, 0x0000, 0x0000, 0x0000, 0x0000, 0x0000, 
0x0000, 0x0000, 0x0000, 0x0000, 0x0000, 0x0000, 0x0000, 0x0000, 
0x0000, 0x0000, 0x0000, 0x0000, 0x0000, 0x0000, 0x0000, 0x0000, 
0x0000, 0x0000, 0x0000, 0x0000, 0x0000, 0x0000, 0x0000, 0x0000, 
0x0000, 0x0000, 0x0000, 0x0000, 0x0000, 0x0000, 0x0000, 0x0000, 
0x0000, 0x0000, 0x0000, 0x0000, 0x0000, 0x0000, 0x0000, 0x0000, 
0x0000, 0x0000, 0x0000, 0x0000, 0x0000, 0x0000, 0x0000, 0x0000, 
0x0000, 0x0000, 0x0000, 0x0000, 0x0000, 0x0000, 0x0000, 0x0000, 
0x0000, 0x0000, 0x0000, 0x0000, 0x0000, 0x0000, 0x0000, 0x0000, 
0x0000, 0x0000, 0x0000, 0x0000, 0x0000, 0x0000, 0x0000, 0x0000, 
0x0000, 0x0000, 0x0000, 0x0000, 0x0000, 0x0000, 0x0000, 0x0000, 
0x0000, 0x0000, 0x0000, 0x0000, 0x0000, 0x0000, 0x0000, 0x0000, 
0x0000, 0x0000, 0x0000, 0x0000, 0x0000, 0x0000, 0x0000, 0x0000, 
0x0000, 0x0000, 0x0000, 0x0000, 0x0000, 0x0000, 0x0000, 0x0000, 
0x0000, 0x0000, 0x0000, 0x0000, 0x0000, 0x0000, 0x0000, 0x0000, 
0x0000, 0x0000, 0x0000, 0x0000, 0x0000, 0x0000, 0x0000, 0x0000, 
0x0000, 0x0000, 0x0000, 0x0000, 0x0000, 0x0000, 0x0000, 0x0000, 
0x0000, 0x0000, 0x0000, 0x0000, 0x0000, 0x0000, 0x0000, 0x0000, 
0x0000, 0x0000, 0x0000, 0x0000, 0x0000, 0x0000, 0x0000, 0x0000, 
0x0000, 0x0000, 0x0000, 0x0000, 0x0000, 0x0000, 0x0000, 0x0000, 
0x0000, 0x0000, 0x0000, 0x0000, 0x0000, 0x0000, 0x0000, 0x0000, 
0x0000, 0x0000, 0x0000, 0x0000, 0x0000, 0x0000, 0x0000, 0x0000, 
0x0000, 0x0000, 0x0000, 0x0000, 0x0000, 0x0000, 0x0000, 0x0000, 
0x0000, 0x0000, 0x0000, 0x0000, 0x0000, 0x0000, 0x0000, 0x0000, 
0x0000, 0x0000, 0x0000, 0x0000, 0x0000, 0x0000, 0x0000, 0x0000, 
0x0000, 0x0000, 0x0000, 0x0000, 0x0000, 0x0000, 0x0000, 0x0000, 
0x0000, 0x0000, 0x0000, 0x0000, 0x0000, 0x0000, 0x0000, 0x0000, 
0x0000, 0x0000, 0x0000, 0x0000, 0x0000, 0x0000, 0x0000, 0x0000, 
0x0000, 0x0000, 0x0000, 0x0000, 0x0000, 0x0000, 0x0000, 0x0000, 
0x0000, 0x0000, 0x0000, 0x0000, 0x0000, 0x0000, 0x0000, 0x0000, 
0x0000, 0x0000, 0x0000, 0x0000, 0x0000, 0x0000, 0x0000, 0x0000, 
0x0000, 0x0000, 0x0000, 0x0000, 0x0000, 0x0000, 0x0000, 0x0000, 
0x0000, 0x0000, 0x0000, 0x0000, 0x0000, 0x0000, 0x0000, 0x0000, 
0x0000, 0x0000, 0x0000, 0x0000, 0x0000, 0x0000, 0x0000, 0x0000, 
0x0000, 0x0000, 0x0000, 0x0000, 0x0000, 0x0000, 0x0000, 0x0000, 
0x0000, 0x0000, 0x0000, 0x0000, 0x0000, 0x0000, 0x0000, 0x0000, 
0x0000, 0x0000, 0x0000, 0x0000, 0x0000, 0x0000, 0x0000, 0x0000, 
0x0000, 0x0000, 0x0000, 0x0000, 0x0000, 0x0000, 0x0000, 0x0000, 
0x0000, 0x0000, 0x0000, 0x0000, 0x0000, 0x0000, 0x0000, 0x0000, 
0x0000, 0x0000, 0x0000, 0x0000, 0x0000, 0x0000, 0x0000, 0x0000, 
0x0000, 0x0000, 0x0000, 0x0000, 0x0000, 0x0000, 0x0000, 0x0000, 
0x0000, 0x0000, 0x0000, 0x0000, 0x0000, 0x0000, 0x0000, 0x0000, 
0x0000, 0x0000, 0x0000, 0x0000, 0x0000, 0x0000, 0x0000, 0x0000, 
0x0000, 0x0000, 0x0000, 0x0000, 0x0000, 0x0000, 0x0000, 0x0000, 
0x0000, 0x0000, 0x0000, 0x0000, 0x0000, 0x0000, 0x0000, 0x0000, 
0x0000, 0x0000, 0x0000, 0x0000, 0x0000, 0x0000, 0x0000, 0x0000, 
0x0000, 0x0000, 0x0000, 0x0000, 0x0000, 0x0000, 0x0000, 0x0000, 
0x0000, 0x0000, 0x0000, 0x0000, 0x0000, 0x0000, 0x0000, 0x0000, 
0x0000, 0x0000, 0x0000, 0x0000, 0x0000, 0x0000, 0x0000, 0x0000, 
0x0000, 0x0000, 0x0000, 0x0000, 0x0000, 0x0000, 0x0000, 0x0000, 
0x0000, 0x0000, 0x0000, 0x0000, 0x0000, 0x0000, 0x0000, 0x0000, 
0x0000, 0x0000, 0x0000, 0x0000, 0x0000, 0x0000, 0x0000, 0x0000, 
0x0000, 0x0000, 0x0000, 0x0000, 0x0000, 0x0000, 0x0000, 0x0000, 
0x0000, 0x0000, 0x0000, 0x0000, 0x0000, 0x0000, 0x0000, 0x0000, 
0x0000, 0x0000, 0x0000, 0x0000, 0x0000, 0x0000, 0x0000, 0x0000, 
0x0000, 0x0000, 0x0000, 0x0000, 0x0000, 0x0000, 0x0000, 0x0000, 
0x0000, 0x0000, 0x0000, 0x0000, 0x0000, 0x0000, 0x0000, 0x0000, 
0x0000, 0x0000, 0x0000, 0x0000, 0x0000, 0x0000, 0x0000, 0x0000, 
0x0000, 0x0000, 0x0000, 0x0000, 0x0000, 0x0000, 0x0000, 0x0000, 
0x0000, 0x0000, 0x0000, 0x0000, 0x0000, 0x0000, 0x0000, 0x0000, 
0x0000, 0x0000, 0x0000, 0x0000, 0x0000, 0x0000, 0x0000, 0x0000, 
0x0000, 0x0000, 0x0000, 0x0000, 0x0000, 0x0000, 0x0000, 0x0000, 
0x0000, 0x0000, 0x0000, 0x0000, 0x0000, 0x0000, 0x0000, 0x0000, 
0x0000, 0x0000, 0x0000, 0x0000, 0x0000, 0x0000, 0x0000, 0x0000, 
0x0000, 0x0000, 0x0000, 0x0000, 0x0000, 0x0000, 0x0000, 0x0000, 
0x0000, 0x0000, 0x0000, 0x0000, 0x0000, 0x0000, 0x0000, 0x0000, 
0x0000, 0x0000, 0x0000, 0x0000, 0x0000, 0x0000, 0x0000, 0x0000, 
0x0000, 0x0000, 0x0000, 0x0000, 0x0000, 0x0000, 0x0000, 0x0000, 
0x0000, 0x0000, 0x0000, 0x0000, 0x0000, 0x0000, 0x0000, 0x0000, 
0x0000, 0x0000, 0x0000, 0x0000, 0x0000, 0x0000, 0x0000, 0x0000, 
0x0000, 0x0000, 0x0000, 0x0000, 0x0000, 0x0000, 0x0000, 0x0000, 
0x0000, 0x0000, 0x0000, 0x0000, 0x0000, 0x0000, 0x0000, 0x0000, 
0x0000, 0x0000, 0x0000, 0x0000, 0x0000, 0x0000, 0x0000, 0x0000, 
0x0000, 0x0000, 0x0000, 0x0000, 0x0000, 0x0000, 0x0000, 0x0000, 
0x0000, 0x0000, 0x0000, 0x0000, 0x0000, 0x0000, 0x0000, 0x0000, 
0x0000, 0x0000, 0x0000, 0x0000, 0x0000, 0x0000, 0x0000, 0x0000, 
0x0000, 0x0000, 0x0000, 0x0000, 0x0000, 0x0000, 0x0000, 0x0000, 
0x0000, 0x0000, 0x0000, 0x0000, 0x0000, 0x0000, 0x0000, 0x0000, 
0x0000, 0x0000, 0x0000, 0x0000, 0x0000, 0x0000, 0x0000, 0x0000, 
0x0000, 0x0000, 0x0000, 0x0000, 0x0000, 0x0000, 0x0000, 0x0000, 
0x0000, 0x0000, 0x0000, 0x0000, 0x0000, 0x0000, 0x0000, 0x0000, 
0x0000, 0x0000, 0x0000, 0x0000, 0x0000, 0x0000, 0x0000, 0x0000, 
0x0000, 0x0000, 0x0000, 0x0000, 0x0000, 0x0000, 0x0000, 0x0000, 
0x0000, 0x0000, 0x0000, 0x0000, 0x0000, 0x0000, 0x0000, 0x0000, 
0x0000, 0x0000, 0x0000, 0x0000, 0x0000, 0x0000, 0x0000, 0x0000, 
0x0000, 0x0000, 0x0000, 0x0000, 0x0000, 0x0000, 0x0000, 0x0000, 
0x0000, 0x0000, 0x0000, 0x0000, 0x0000, 0x0000, 0x0000, 0x0000, 
0x0000, 0x0000, 0x0000, 0x0000, 0x0000, 0x0000, 0x0000, 0x0000, 
0x0000, 0x0000, 0x0000, 0x0000, 0x0000, 0x0000, 0x0000, 0x0000, 
0x0000, 0x0000, 0x0000, 0x0000, 0x0000, 0x0000, 0x0000, 0x0000, 
0x0000, 0x0000, 0x0000, 0x0000, 0x0000, 0x0000, 0x0000, 0x0000, 
0x0000, 0x0000, 0x0000, 0x0000, 0x0000, 0x0000, 0x0000, 0x0000, 
0x0000, 0x0000, 0x0000, 0x0000, 0x0000, 0x0000, 0x0000, 0x0000, 
0x0000, 0x0000, 0x0000, 0x0000, 0x0000, 0x0000, 0x0000, 0x0000, 
0x0000, 0x0000, 0x0000, 0x0000, 0x0000, 0x0000, 0x0000, 0x0000, 
0x0000, 0x0000, 0x0000, 0x0000, 0x0000, 0x0000, 0x0000, 0x0000, 
0x0000, 0x0000, 0x0000, 0x0000, 0x0000, 0x0000, 0x0000, 0x0000, 
0x0000, 0x0000, 0x0000, 0x0000, 0x0000, 0x0000, 0x0000, 0x0000, 
0x0000, 0x0000, 0x0000, 0x0000, 0x0000, 0x0000, 0x0000, 0x0000, 
0x0000, 0x0000, 0x0000, 0x0000, 0x0000, 0x0000, 0x0000, 0x0000, 
0x0000, 0x0000, 0x0000, 0x0000, 0x0000, 0x0000, 0x0000, 0x0000, 
0x0000, 0x0000, 0x0000, 0x0000, 0x0000, 0x0000, 0x0000, 0x0000, 
0x0000, 0x0000, 0x0000, 0x0000, 0x0000, 0x0000, 0x0000, 0x0000, 
0x0000, 0x0000, 0x0000, 0x0000, 0x0000, 0x0000, 0x0000, 0x0000, 
0x0000, 0x0000, 0x0000, 0x0000, 0x0000, 0x0000, 0x0000, 0x0000, 
0x0000, 0x0000, 0x0000, 0x0000, 0x0000, 0x0000, 0x0000, 0x0000, 
0x0000, 0x0000, 0x0000, 0x0000, 0x0000, 0x0000, 0x0000, 0x0000, 
0x0000, 0x0000, 0x0000, 0x0000, 0x0000, 0x0000, 0x0000, 0x0000, 
0x0000, 0x0000, 0x0000, 0x0000, 0x0000, 0x0000, 0x0000, 0x0000, 
0x0000, 0x0000, 0x0000, 0x0000, 0x0000, 0x0000, 0x0000, 0x0000, 
0x0000, 0x0000, 0x0000, 0x0000, 0x0000, 0x0000, 0x0000, 0x0000, 
0x0000, 0x0000, 0x0000, 0x0000, 0x0000, 0x0000, 0x0000, 0x0000, 
0x0000, 0x0000, 0x0000, 0x0000, 0x0000, 0x0000, 0x0000, 0x0000, 
0x0000, 0x0000, 0x0000, 0x0000, 0x0000, 0x0000, 0x0000, 0x0000, 
0x0000, 0x0000, 0x0000, 0x0000, 0x0000, 0x0000, 0x0000, 0x0000, 
0x0000, 0x0000, 0x0000, 0x0000, 0x0000, 0x0000, 0x0000, 0x0000, 
0x0000, 0x0000, 0x0000, 0x0000, 0x0000, 0x0000, 0x0000, 0x0000, 
0x0000, 0x0000, 0x0000, 0x0000, 0x0000, 0x0000, 0x0000, 0x0000, 
0x0000, 0x0000, 0x0000, 0x0000, 0x0000, 0x0000, 0x0000, 0x0000, 
0x0000, 0x0000, 0x0000, 0x0000, 0x0000, 0x0000, 0x0000, 0x0000, 
0x0000, 0x0000, 0x0000, 0x0000, 0x0000, 0x0000, 0x0000, 0x0000, 
0x0000, 0x0000, 0x0000, 0x0000, 0x0000, 0x0000, 0x0000, 0x0000, 
0x0000, 0x0000, 0x0000, 0x0000, 0x0000, 0x0000, 0x0000, 0x0000, 
0x0000, 0x0000, 0x0000, 0x0000, 0x0000, 0x0000, 0x0000, 0x0000, 
0x0000, 0x0000, 0x0000, 0x0000, 0x0000, 0x0000, 0x0000, 0x0000, 
0x0000, 0x0000, 0x0000, 0x0000, 0x0000, 0x0000, 0x0000, 0x0000, 
0x0000, 0x0000, 0x0000, 0x0000, 0x0000, 0x0000, 0x0000, 0x0000, 
0x31E7, 0x31E7, 0x31E7, 0x31E7, 0x31E7, 0x31E7, 0x31E7, 0x31E7, 
0x31E7, 0x31E7, 0x31E7, 0x31E7, 0x31E7, 0x31E7, 0x31E7, 0x31E7, 
0x31E7, 0x31E7, 0x31E7, 0x3207, 0x3207, 0x3207, 0x3A28, 0x3A28, 
0x3228, 0x3A28, 0x3A28, 0x3A28, 0x3A28, 0x3A28, 0x3A28, 0x3A28, 
0x3A28, 0x3A28, 0x3227, 0x3207, 0x3207, 0x3A28, 0x3207, 0x3227, 
0x3207, 0x31E7, 0x31E7, 0x31E7, 0x31E7, 0x31E7, 0x31E7, 0x31E7, 
0x31E7, 0x31C6, 0x31E7, 0x31C6, 0x31C6, 0x31C6, 0x31E7, 0x31C6, 
0x31E7, 0x31E7, 0x31E7, 0x31C6, 0x31E7, 0x31E7, 0x31E7, 0x31E7, 
0x31E7, 0x3207, 0x3207, 0x3A07, 0x3A07, 0x3A28, 0x3A28, 0x3A28, 
0x3A28, 0x3A48, 0x3A48, 0x3A48, 0x3A48, 0x3A48, 0x3A48, 0x3A68, 
0x3A68, 0x3A68, 0x3A68, 0x3A68, 0x3A68, 0x3A68, 0x3A68, 0x3A68, 
0x3A88, 0x3A68, 0x3A68, 0x3A89, 0x3A89, 0x3A89, 0x3A89, 0x3A89, 
0x3A89, 0x3A89, 0x3A89, 0x3A89, 0x3A89, 0x3A89, 0x3A89, 0x3A89, 
0x3A89, 0x3A89, 0x3A89, 0x3A89, 0x3A89, 0x3A89, 0x3A89, 0x3A89, 
0x3A89, 0x3A89, 0x3A89, 0x3A89, 0x3A89, 0x3A89, 0x3A89, 0x3A89, 
0x3A89, 0x3A89, 0x3A89, 0x3A89, 0x3A89, 0x3A89, 0x3A89, 0x3A89, 
0x3A89, 0x3A89, 0x3A89, 0x3A89, 0x3A89, 0x3A89, 0x3A89, 0x3A89, 
0x3A89, 0x3A89, 0x3A89, 0x3A89, 0x3A89, 0x3A89, 0x3A89, 0x3A89, 
0x3A89, 0x3A68, 0x3A68, 0x3A68, 0x3A89, 0x3A69, 0x3A89, 0x3A69, 
0x3A89, 0x3A89, 0x3A69, 0x3A69, 0x3A89, 0x3A89, 0x3A68, 0x3A68, 
0x3A89, 0x3A68, 0x3A89, 0x3A68, 0x3A68, 0x3A68, 0x3A68, 0x3A68, 
0x3A68, 0x3A68, 0x3A68, 0x3A68, 0x3A68, 0x3A68, 0x3A68, 0x3A68, 
0x3A68, 0x3A68, 0x3A68, 0x3A68, 0x3A68, 0x3A68, 0x3A68, 0x3A68, 
0x3A68, 0x3A68, 0x3A68, 0x3A68, 0x3A68, 0x3A68, 0x3A48, 0x3A48, 
0x3A48, 0x3A48, 0x3A48, 0x3A48, 0x3A48, 0x3A48, 0x3A48, 0x3248, 
0x3A48, 0x3248, 0x3A48, 0x3228, 0x3228, 0x3228, 0x3228, 0x3227, 
0x3227, 0x3227, 0x3227, 0x3227, 0x3227, 0x3207, 0x3207, 0x3207, 
0x3207, 0x3207, 0x3207, 0x3207, 0x3207, 0x3207, 0x3207, 0x31E7, 
0x31E7, 0x31E7, 0x31E7, 0x29E6, 0x29E7, 0x31C6, 0x29C6, 0x29C6, 
0x29C6, 0x29C6, 0x29C6, 0x29A6, 0x29A6, 0x29A6, 0x29A6, 0x29A5, 
0xAE78, 0xAE78, 0xAE78, 0xAE77, 0xAE77, 0xAE78, 0xAE78, 0xAE78, 
0xB698, 0xAE78, 0xB698, 0xB698, 0xB698, 0xAE78, 0xB698, 0xAE78, 
0xAE78, 0xAE77, 0xAE57, 0xAE57, 0xA657, 0xA637, 0xA637, 0xA637, 
0xA637, 0x9E16, 0x9E16, 0x9E36, 0x9E16, 0x9E16, 0x9E16, 0x9E36, 
0x9E16, 0x9E16, 0x9E16, 0xA636, 0xA616, 0xA637, 0xA637, 0xA637, 
0xA657, 0xAE57, 0xAE57, 0xAE57, 0xAE77, 0xAE77, 0xAE77, 0xAE78, 
0xAE77, 0xB678, 0xB678, 0xB698, 0xB698, 0xB698, 0xB678, 0xAE78, 
0xB678, 0xB678, 0xB678, 0xAE78, 0xAE77, 0xAE77, 0xAE77, 0xAE57, 
0xAE57, 0xAE57, 0xAE57, 0xA637, 0xA637, 0xA637, 0xA616, 0xA616, 
0x9E16, 0x9DF6, 0x9DF6, 0x9DF6, 0x9DD5, 0x95D5, 0x95D5, 0x95B5, 
0x95B5, 0x95B4, 0x8DB4, 0x8D94, 0x8D94, 0x8D94, 0x8D94, 0x8D74, 
0x8D73, 0x8573, 0x8553, 0x8553, 0x8553, 0x8553, 0x8553, 0x8553, 
0x8553, 0x7D32, 0x7D32, 0x7D32, 0x7D32, 0x7D32, 0x7D32, 0x7D12, 
0x7D12, 0x7D12, 0x7D12, 0x7D12, 0x7CF2, 0x7D12, 0x7CF2, 0x7D12, 
0x7CF2, 0x74F1, 0x7CF1, 0x74F1, 0x74F1, 0x74F1, 0x74F1, 0x74F1, 
0x74F1, 0x74F1, 0x74F1, 0x74D1, 0x74F1, 0x74F1, 0x74D1, 0x74D1, 
0x74D1, 0x74D1, 0x74B1, 0x74B1, 0x74B0, 0x74B1, 0x74B1, 0x74B1, 
0x6CB0, 0x74B0, 0x6C90, 0x6CB0, 0x6CB0, 0x6CB0, 0x6CB0, 0x6C90, 
0x6C90, 0x6C90, 0x6C90, 0x6C90, 0x6C70, 0x6C90, 0x6C90, 0x6C70, 
0x6C70, 0x6C70, 0x6C70, 0x6C70, 0x6C70, 0x6C4F, 0x6C4F, 0x6C4F, 
0x6C4F, 0x6C4F, 0x6C4F, 0x6C4F, 0x6C4F, 0x642F, 0x642F, 0x642F, 
0x642F, 0x642F, 0x642F, 0x642F, 0x642E, 0x642F, 0x642E, 0x640E, 
0x640E, 0x640E, 0x640E, 0x5BEE, 0x63EE, 0x5BEE, 0x5BCD, 0x5BCD, 
0x5BEE, 0x5BEE, 0x5BCD, 0x5BCD, 0x5BCD, 0x5BCD, 0x5BAD, 0x5BAD, 
0x5BAD, 0x5BAD, 0x5BAD, 0x5B8D, 0x538D, 0x538C, 0x536C, 0x538C, 
0x538C, 0x536C, 0x536C, 0x534C, 0x534C, 0x532B, 0x534C, 0x532B, 
0x532B, 0x4B2B, 0x4B0B, 0x4B0B, 0x4B0B, 0x4B0B, 0x4B0B, 0x4AEA, 
0x42EA, 0x4ACA, 0x4AEA, 0x42CA, 0x42CA, 0x42CA, 0x42CA, 0x42AA, 
0x42A9, 0x42A9, 0x42A9, 0x4289, 0x3A89, 0x4269, 0x4269, 0x3A68, 
0x3A68, 0x3A48, 0x3A48, 0x3A28, 0x3A28, 0x3A28, 0x3A28, 0x3A07, 
0xAE78, 0xAE78, 0xAE78, 0xAE77, 0xAE77, 0xAE78, 0xAE78, 0xAE78, 
0xAE78, 0xAE78, 0xAE78, 0xB698, 0xB698, 0xB698, 0xB698, 0xAE78, 
0xAE78, 0xAE77, 0xAE57, 0xAE57, 0xAE57, 0xA637, 0xA637, 0xA637, 
0xA637, 0x9E16, 0x9E36, 0x9E16, 0x9E16, 0x9E16, 0x9E16, 0x9E16, 
0x9E16, 0x9E16, 0x9E16, 0x9E16, 0x9E16, 0x9E36, 0x9E36, 0xA636, 
0xA637, 0xA637, 0xA637, 0xAE57, 0xAE57, 0xAE57, 0xAE57, 0xAE77, 
0xAE77, 0xAE78, 0xB678, 0xB678, 0xB698, 0xB698, 0xB678, 0xB678, 
0xB678, 0xB678, 0xB678, 0xB678, 0xB678, 0xAE77, 0xAE77, 0xAE57, 
0xAE57, 0xAE57, 0xAE57, 0xAE57, 0xAE57, 0xA637, 0xA637, 0xA637, 
0xA616, 0xA616, 0x9E16, 0x9DF6, 0x9DF6, 0x9DF6, 0x9DD5, 0x95D5, 
0x95D5, 0x95B5, 0x95B5, 0x95B4, 0x8D94, 0x8D94, 0x8D94, 0x8D74, 
0x8D74, 0x8D73, 0x8D73, 0x8573, 0x8573, 0x8553, 0x8553, 0x8553, 
0x7D53, 0x7D53, 0x7D53, 0x7D32, 0x7D32, 0x7D32, 0x7D32, 0x7D12, 
0x7D12, 0x7D12, 0x7D12, 0x7D12, 0x7CF2, 0x7D12, 0x7CF2, 0x7D12, 
0x7CF2, 0x74F1, 0x7CF1, 0x74F1, 0x74F1, 0x74F1, 0x74F1, 0x74F1, 
0x74F1, 0x74F1, 0x74F1, 0x74D1, 0x74F1, 0x74D1, 0x74D1, 0x74D1, 
0x74D1, 0x74D1, 0x74B1, 0x74B1, 0x74B0, 0x74B1, 0x74B1, 0x74B1, 
0x6CB0, 0x74B0, 0x6C90, 0x6CB0, 0x6CB0, 0x6CB0, 0x6CB0, 0x6C90, 
0x6C90, 0x6C90, 0x6C90, 0x6C90, 0x6C70, 0x6C90, 0x6C70, 0x6C70, 
0x6C70, 0x6C70, 0x6C70, 0x6C70, 0x6C70, 0x6C4F, 0x6C4F, 0x6C4F, 
0x6C4F, 0x6C4F, 0x644F, 0x6C4F, 0x6C4F, 0x642F, 0x642F, 0x642F, 
0x642F, 0x642F, 0x642F, 0x642F, 0x642F, 0x642E, 0x642E, 0x640E, 
0x640E, 0x640E, 0x640E, 0x5BEE, 0x63EE, 0x5BEE, 0x5BCD, 0x5BCD, 
0x5BEE, 0x5BEE, 0x5BCD, 0x5BCD, 0x5BCD, 0x5BCD, 0x5BAD, 0x5BAD, 
0x5BAD, 0x5BAD, 0x5BAD, 0x5B8D, 0x538D, 0x538C, 0x536C, 0x538C, 
0x538C, 0x536C, 0x536C, 0x534C, 0x534C, 0x534C, 0x532B, 0x532B, 
0x4B2B, 0x4B2B, 0x4B2B, 0x4B0B, 0x4B0B, 0x4B0B, 0x4AEA, 0x4AEA, 
0x42EA, 0x4ACA, 0x4AEA, 0x42CA, 0x42CA, 0x42CA, 0x42CA, 0x42AA, 
0x42A9, 0x42A9, 0x42A9, 0x4289, 0x3A89, 0x4269, 0x4269, 0x3A68, 
0x3A48, 0x3A48, 0x3A48, 0x3A28, 0x3A28, 0x3A28, 0x3A07, 0x3207, 
0xAE78, 0xAE77, 0xAE77, 0xAE57, 0xAE57, 0xAE77, 0xAE77, 0xAE77, 
0xAE77, 0xAE77, 0xAE78, 0xAE78, 0xB698, 0xAE78, 0xB698, 0xB698, 
0xAE78, 0xAE78, 0xAE77, 0xAE57, 0xAE57, 0xAE57, 0xA657, 0xA657, 
0xA637, 0x9E16, 0x9E36, 0x9E16, 0x9E16, 0x9E16, 0x9E16, 0x9E16, 
0x9E16, 0x9E16, 0x9E16, 0x9E16, 0x9E16, 0x9E16, 0x9E16, 0x9E16, 
0x9E36, 0xA636, 0xA636, 0xA637, 0xA637, 0xA657, 0xAE57, 0xAE57, 
0xAE57, 0xAE57, 0xAE77, 0xAE78, 0xB678, 0xB678, 0xB678, 0xB678, 
0xB678, 0xB678, 0xB678, 0xB678, 0xB678, 0xB678, 0xB678, 0xAE78, 
0xAE78, 0xAE77, 0xAE77, 0xAE57, 0xAE57, 0xAE57, 0xAE57, 0xA637, 
0xA637, 0xA616, 0xA616, 0xA616, 0x9E16, 0x9DF6, 0x9DF6, 0x9DD5, 
0x9DD5, 0x95D5, 0x95B5, 0x95B5, 0x9594, 0x9594, 0x9594, 0x8D94, 
0x8D94, 0x8D74, 0x8D74, 0x8D73, 0x8D73, 0x8573, 0x8553, 0x8553, 
0x8553, 0x8553, 0x8553, 0x8533, 0x8533, 0x8532, 0x8532, 0x7D12, 
0x7D12, 0x7D12, 0x7D12, 0x7D12, 0x7CF2, 0x7D12, 0x7CF2, 0x7D12, 
0x7CF2, 0x74F1, 0x7CF1, 0x74F1, 0x74F1, 0x74F1, 0x74F1, 0x74F1, 
0x74D1, 0x74D1, 0x74D1, 0x74D1, 0x74D1, 0x74D1, 0x74D1, 0x74D1, 
0x74D1, 0x74D1, 0x74B1, 0x74B1, 0x74B0, 0x74B1, 0x74B1, 0x74B1, 
0x6CB0, 0x74B0, 0x6C90, 0x6CB0, 0x6CB0, 0x6CB0, 0x6CB0, 0x6C90, 
0x6C90, 0x6C90, 0x6C70, 0x6C70, 0x6C70, 0x6C70, 0x6C70, 0x6C70, 
0x6C70, 0x6C70, 0x6C70, 0x6C70, 0x6C70, 0x6C4F, 0x6C4F, 0x6C4F, 
0x6C4F, 0x644F, 0x644F, 0x6C4F, 0x6C4F, 0x642F, 0x642F, 0x642F, 
0x642F, 0x642F, 0x642F, 0x642E, 0x642E, 0x640E, 0x640E, 0x640E, 
0x640E, 0x640E, 0x640E, 0x5BEE, 0x63EE, 0x5BEE, 0x5BCD, 0x5BCD, 
0x5BEE, 0x5BEE, 0x5BCD, 0x5BCD, 0x5BCD, 0x5BCD, 0x5BAD, 0x5BAD, 
0x5BAD, 0x5BAD, 0x5BAD, 0x5B8D, 0x538D, 0x538C, 0x536C, 0x538C, 
0x538C, 0x536C, 0x536C, 0x534C, 0x534C, 0x534C, 0x534C, 0x532B, 
0x532B, 0x532B, 0x4B2B, 0x4B2B, 0x4B0B, 0x4B0B, 0x4B0B, 0x4AEA, 
0x42EA, 0x4ACA, 0x4AEA, 0x42CA, 0x42CA, 0x42CA, 0x42CA, 0x42AA, 
0x42A9, 0x42A9, 0x42A9, 0x4289, 0x3A89, 0x4269, 0x4269, 0x4268, 
0x3A68, 0x3A48, 0x3A48, 0x3A28, 0x3A28, 0x3A28, 0x3A28, 0x3A28, 
0xAE77, 0xAE77, 0xAE77, 0xAE57, 0xAE57, 0xAE77, 0xAE77, 0xAE57, 
0xAE57, 0xAE77, 0xAE77, 0xAE78, 0xAE78, 0xAE78, 0xB698, 0xB698, 
0xB698, 0xAE78, 0xAE78, 0xAE77, 0xAE77, 0xAE57, 0xA657, 0xA657, 
0xA637, 0x9E36, 0x9E36, 0x9E16, 0x9E16, 0x9E16, 0x9E16, 0x9616, 
0x9E16, 0x9616, 0x9616, 0x9E16, 0x9E16, 0x9E16, 0x9E16, 0x9E16, 
0x9E16, 0x9E16, 0x9E16, 0xA616, 0xA636, 0xA637, 0xA637, 0xA657, 
0xA657, 0xAE57, 0xAE57, 0xAE77, 0xAE78, 0xB678, 0xAE78, 0xB678, 
0xB678, 0xB678, 0xB678, 0xB678, 0xB678, 0xB678, 0xB678, 0xB678, 
0xB678, 0xB678, 0xB678, 0xAE57, 0xAE57, 0xAE57, 0xAE57, 0xAE37, 
0xAE57, 0xA637, 0xA637, 0xA636, 0xA616, 0xA616, 0x9E16, 0x9DF6, 
0x9DF6, 0x9DF6, 0x9DD5, 0x95D5, 0x95B5, 0x95B5, 0x95B5, 0x9594, 
0x9594, 0x8D94, 0x8D94, 0x8D94, 0x8D94, 0x8D73, 0x8553, 0x8553, 
0x8553, 0x8553, 0x8553, 0x8553, 0x8533, 0x8533, 0x8533, 0x7D32, 
0x7D32, 0x7D12, 0x7D12, 0x7D12, 0x7D12, 0x7D12, 0x7CF2, 0x7D12, 
0x7CF2, 0x74F1, 0x7CF1, 0x74F1, 0x74F1, 0x74F1, 0x74F1, 0x74D1, 
0x74D1, 0x74D1, 0x74F1, 0x74D1, 0x74D1, 0x74D1, 0x74D1, 0x74D1, 
0x74D1, 0x74D1, 0x74B1, 0x74B1, 0x74B0, 0x74B1, 0x74B1, 0x74B1, 
0x6CB0, 0x74B0, 0x6C90, 0x6CB0, 0x6CB0, 0x6CB0, 0x6CB0, 0x6C90, 
0x6C90, 0x6C70, 0x6C70, 0x6C90, 0x6C70, 0x6C70, 0x6C70, 0x6C70, 
0x6C70, 0x6C70, 0x6C70, 0x6C70, 0x6C70, 0x6C4F, 0x6C4F, 0x6C4F, 
0x644F, 0x644F, 0x644F, 0x6C4F, 0x6C4F, 0x642F, 0x642F, 0x642F, 
0x642F, 0x642F, 0x642F, 0x642F, 0x640E, 0x642E, 0x640E, 0x640E, 
0x640E, 0x640E, 0x640E, 0x5BEE, 0x63EE, 0x5BEE, 0x5BCD, 0x5BCD, 
0x5BEE, 0x5BEE, 0x5BCD, 0x5BCD, 0x5BCD, 0x5BCD, 0x5BAD, 0x5BAD, 
0x5BAD, 0x5BAD, 0x5BAD, 0x5B8D, 0x538D, 0x538C, 0x536C, 0x538C, 
0x538C, 0x536C, 0x536C, 0x534C, 0x534C, 0x534C, 0x534C, 0x534C, 
0x532B, 0x532B, 0x4B2B, 0x4B0B, 0x4B2B, 0x4B0B, 0x4B0B, 0x4B0B, 
0x4AEA, 0x42CA, 0x4AEA, 0x42CA, 0x42CA, 0x42CA, 0x42CA, 0x42AA, 
0x42A9, 0x42A9, 0x42A9, 0x4289, 0x3A89, 0x4269, 0x4289, 0x4268, 
0x4268, 0x3A68, 0x3A48, 0x3A28, 0x3A48, 0x3A28, 0x3A28, 0x3A28, 
0xAE78, 0xAE77, 0xAE77, 0xA677, 0xAE77, 0xAE77, 0xAE77, 0xAE57, 
0xAE57, 0xAE77, 0xAE77, 0xAE78, 0xAE78, 0xAE78, 0xB698, 0xB698, 
0xB698, 0xB698, 0xAE78, 0xAE77, 0xAE77, 0xAE57, 0xA657, 0xA637, 
0xA636, 0x9E36, 0x9E36, 0x9E16, 0x9E16, 0x9E16, 0x9E16, 0x9616, 
0x9616, 0x9616, 0x95F6, 0x9E16, 0x9DF6, 0x9616, 0x9E16, 0x9E16, 
0x9E16, 0x9E16, 0x9E16, 0x9E16, 0x9E16, 0xA636, 0xA637, 0xA657, 
0xA657, 0xAE57, 0xAE57, 0xAE57, 0xAE77, 0xAE78, 0xAE78, 0xB657, 
0xB678, 0xB678, 0xB678, 0xB678, 0xB678, 0xB678, 0xB678, 0xB678, 
0xB678, 0xB678, 0xB678, 0xAE78, 0xAE77, 0xAE57, 0xAE57, 0xAE57, 
0xAE57, 0xAE57, 0xAE57, 0xA637, 0xA637, 0xA636, 0xA616, 0xA616, 
0xA616, 0x9DF6, 0x9DF6, 0x9DD5, 0x9DD5, 0x95B5, 0x95B5, 0x95B5, 
0x9594, 0x9594, 0x9594, 0x8D94, 0x8D94, 0x8D74, 0x8D73, 0x8553, 
0x8553, 0x8553, 0x8553, 0x8533, 0x8533, 0x8533, 0x8532, 0x7D32, 
0x7D32, 0x7D32, 0x7D12, 0x7D12, 0x7D12, 0x7D12, 0x7CF2, 0x7D12, 
0x7CF1, 0x74F1, 0x7CF1, 0x74F1, 0x74F1, 0x74F1, 0x74F1, 0x74D1, 
0x74F1, 0x74F1, 0x74F1, 0x74D1, 0x74D1, 0x74D1, 0x74D1, 0x74D1, 
0x74D1, 0x74D1, 0x74B1, 0x74B1, 0x74B0, 0x74B1, 0x74B1, 0x74B1, 
0x6CB0, 0x74B0, 0x6C90, 0x6CB0, 0x6CB0, 0x6CB0, 0x6CB0, 0x6C90, 
0x6C90, 0x6C70, 0x6C90, 0x6C70, 0x6C70, 0x6C70, 0x6C70, 0x6C70, 
0x6C70, 0x6C70, 0x6C70, 0x6C70, 0x6C70, 0x6C4F, 0x6C4F, 0x6C4F, 
0x644F, 0x6C4F, 0x644F, 0x6C4F, 0x6C4F, 0x642F, 0x642F, 0x642F, 
0x642F, 0x642F, 0x642F, 0x642F, 0x640E, 0x642E, 0x640E, 0x640E, 
0x640E, 0x640E, 0x640E, 0x5BEE, 0x63EE, 0x5BEE, 0x5BCD, 0x5BCD, 
0x5BEE, 0x5BEE, 0x5BCD, 0x5BCD, 0x5BCD, 0x5BCD, 0x5BAD, 0x5BAD, 
0x5BAD, 0x5BAD, 0x5BAD, 0x5B8D, 0x538D, 0x538C, 0x536C, 0x538C, 
0x538C, 0x536C, 0x536C, 0x534C, 0x534C, 0x534C, 0x534C, 0x534C, 
0x532B, 0x532B, 0x4B2B, 0x4B0B, 0x4B2B, 0x4B0B, 0x4B0B, 0x4B0B, 
0x4AEA, 0x42CA, 0x4AEA, 0x42CA, 0x42CA, 0x42CA, 0x42CA, 0x42A9, 
0x42A9, 0x42A9, 0x4289, 0x4289, 0x3A89, 0x4269, 0x4289, 0x4268, 
0x3A68, 0x3A48, 0x3A48, 0x3A28, 0x3A48, 0x3A28, 0x3A28, 0x3A08, 
0xAE57, 0xA657, 0xAE77, 0xA657, 0xA657, 0xA657, 0xA657, 0xAE77, 
0xAE57, 0xAE57, 0xAE57, 0xAE78, 0xB678, 0xAE77, 0xAE77, 0xAE78, 
0xAE78, 0xAE77, 0xAE77, 0xAE78, 0xAE78, 0xAE77, 0xAE57, 0xAE57, 
0xAE37, 0xA657, 0xA637, 0x9E36, 0x9E36, 0x9E16, 0x9616, 0x9E16, 
0x9E16, 0x95F6, 0x95F5, 0x95F5, 0x95F5, 0x9DF5, 0x9DF6, 0x9DF6, 
0x9DF6, 0x9DF6, 0x9E16, 0x9E16, 0x9E16, 0x9E16, 0x9E16, 0x9E16, 
0xA636, 0xA637, 0xA637, 0xAE57, 0xAE57, 0xAE77, 0xAE77, 0xAE57, 
0xAE77, 0xAE78, 0xB678, 0xB698, 0xB698, 0xB678, 0xB678, 0xB678, 
0xB698, 0xB678, 0xB678, 0xB678, 0xB678, 0xB678, 0xB678, 0xB678, 
0xB678, 0xAE57, 0xAE57, 0xAE37, 0xAE37, 0xAE37, 0xA637, 0xA616, 
0xA616, 0xA616, 0xA616, 0x9DF6, 0x9DF6, 0x9DD5, 0x9DD5, 0x95D5, 
0x95B5, 0x95B5, 0x95B5, 0x8D94, 0x8D94, 0x8D94, 0x8D94, 0x8D74, 
0x8D73, 0x8553, 0x8553, 0x8553, 0x8553, 0x8553, 0x8553, 0x7D32, 
0x8532, 0x7D32, 0x7D32, 0x7D32, 0x7D12, 0x7D12, 0x7D12, 0x7CF2, 
0x7D12, 0x7CF2, 0x7CF2, 0x74F1, 0x7CF1, 0x74F1, 0x74F1, 0x74F1, 
0x74D1, 0x74D1, 0x74D1, 0x74D1, 0x74D1, 0x74D1, 0x74D1, 0x74B1, 
0x74D1, 0x74B1, 0x74B1, 0x74B0, 0x74B1, 0x6CB0, 0x6CB0, 0x6CB0, 
0x74B0, 0x6C90, 0x6CB0, 0x7490, 0x7490, 0x7490, 0x6C90, 0x6C90, 
0x6C90, 0x6C90, 0x6C70, 0x6C90, 0x6C70, 0x6C70, 0x6C70, 0x6C70, 
0x6C70, 0x6C70, 0x6C4F, 0x6C4F, 0x6C4F, 0x6C4F, 0x6C4F, 0x6C4F, 
0x6C4F, 0x644F, 0x644F, 0x642F, 0x642F, 0x6C4F, 0x6C4F, 0x642F, 
0x642F, 0x642F, 0x642E, 0x642F, 0x640E, 0x640E, 0x640E, 0x640E, 
0x640E, 0x63EE, 0x640E, 0x5BEE, 0x63EE, 0x63CE, 0x63EE, 0x5BCE, 
0x5BCD, 0x5BCD, 0x5BCD, 0x5BCD, 0x5BCD, 0x5BAD, 0x5BAD, 0x5BAD, 
0x5BAD, 0x5BAD, 0x5BAD, 0x538C, 0x538D, 0x538D, 0x538D, 0x536C, 
0x538C, 0x536C, 0x536C, 0x534C, 0x534C, 0x534C, 0x534C, 0x534C, 
0x532B, 0x532B, 0x4B2B, 0x4B0B, 0x4B0B, 0x4B0B, 0x4B0B, 0x4B0B, 
0x4AEA, 0x42EA, 0x42EA, 0x42CA, 0x42CA, 0x42CA, 0x42A9, 0x42CA, 
0x42CA, 0x42A9, 0x42A9, 0x42A9, 0x4289, 0x4289, 0x4289, 0x4289, 
0x4269, 0x4268, 0x3A48, 0x3A48, 0x3A48, 0x3A28, 0x3A28, 0x3227, 
0xAE57, 0xA677, 0xA657, 0xA657, 0xA657, 0xA657, 0xA657, 0xA657, 
0xA657, 0xAE57, 0xAE57, 0xAE77, 0xAE78, 0xAE77, 0xAE78, 0xAE78, 
0xAE78, 0xAE78, 0xAE78, 0xAE78, 0xAE78, 0xAE77, 0xAE57, 0xAE57, 
0xAE57, 0xA637, 0xA637, 0xA636, 0x9E16, 0x9E16, 0x9E16, 0x9E16, 
0x95F6, 0x95F5, 0x95F5, 0x95F5, 0x95F5, 0x95F5, 0x95F5, 0x95F5, 
0x95F6, 0x95F6, 0x9DF6, 0x9DF6, 0x9E16, 0x9E16, 0x9E16, 0x9E16, 
0x9E16, 0xA616, 0xA636, 0xA637, 0xA637, 0xAE57, 0xAE57, 0xAE57, 
0xAE57, 0xAE57, 0xAE57, 0xB678, 0xB678, 0xB678, 0xB678, 0xB678, 
0xB678, 0xB678, 0xB678, 0xB678, 0xB678, 0xB678, 0xB678, 0xB678, 
0xB678, 0xAE77, 0xAE77, 0xAE57, 0xAE57, 0xAE57, 0xA637, 0xA637, 
0xA637, 0xA637, 0xA616, 0xA616, 0xA5F6, 0x9DF6, 0x9DF6, 0x9DF6, 
0x9DD5, 0x9DD5, 0x95D5, 0x95B5, 0x95B5, 0x9594, 0x8D94, 0x8D94, 
0x8D74, 0x8D73, 0x8D73, 0x8D53, 0x8553, 0x8553, 0x8553, 0x8532, 
0x8533, 0x8532, 0x7D32, 0x7D12, 0x7D12, 0x7D12, 0x7D12, 0x7CF2, 
0x7CF2, 0x7CF2, 0x7CF1, 0x7CF1, 0x74F1, 0x74F1, 0x74F1, 0x74D1, 
0x74D1, 0x74D1, 0x74D1, 0x74D1, 0x74D1, 0x74D1, 0x74B1, 0x74B1, 
0x74D1, 0x74B1, 0x74B1, 0x74B0, 0x74B1, 0x6CB0, 0x6CB0, 0x6CB0, 
0x74B0, 0x6C90, 0x6CB0, 0x7490, 0x7490, 0x6C90, 0x6C90, 0x6C90, 
0x6C90, 0x6C90, 0x6C70, 0x6C90, 0x6C70, 0x6C70, 0x6C70, 0x6C70, 
0x6C70, 0x6C70, 0x6C4F, 0x6C4F, 0x6C4F, 0x6C4F, 0x6C4F, 0x6C4F, 
0x6C4F, 0x6C4F, 0x642F, 0x6C2F, 0x642F, 0x6C4F, 0x642F, 0x642F, 
0x642F, 0x642F, 0x642E, 0x642F, 0x642E, 0x640E, 0x640E, 0x640E, 
0x640E, 0x63EE, 0x640E, 0x5BEE, 0x63EE, 0x63CE, 0x63EE, 0x5BCE, 
0x5BCD, 0x5BCD, 0x5BCD, 0x5BCD, 0x5BCD, 0x5BAD, 0x5BAD, 0x5BAD, 
0x5BAD, 0x5BAD, 0x5BAD, 0x538C, 0x538D, 0x538D, 0x538D, 0x536C, 
0x538C, 0x536C, 0x536C, 0x534C, 0x534C, 0x534C, 0x534C, 0x534C, 
0x532B, 0x532B, 0x4B2B, 0x4B2B, 0x4B0B, 0x4B0B, 0x4B0B, 0x4B0B, 
0x4AEA, 0x4AEA, 0x42EA, 0x42CA, 0x42CA, 0x42CA, 0x42A9, 0x42CA, 
0x42CA, 0x42A9, 0x42A9, 0x42A9, 0x4289, 0x4289, 0x4289, 0x4289, 
0x4269, 0x4268, 0x3A48, 0x3A48, 0x3A48, 0x3A28, 0x3A28, 0x3A28, 
0xAE77, 0xA677, 0xA657, 0xA657, 0xA657, 0xA657, 0xA657, 0xA657, 
0xA657, 0xA657, 0xAE57, 0xAE77, 0xAE77, 0xAE77, 0xAE78, 0xAE78, 
0xAE78, 0xAE78, 0xAE78, 0xB698, 0xAE78, 0xAE77, 0xAE57, 0xAE57, 
0xAE57, 0xA657, 0xA637, 0xA636, 0x9E36, 0x9E16, 0x9E16, 0x9616, 
0x9616, 0x95F5, 0x95F5, 0x95F5, 0x95F5, 0x95F5, 0x95F5, 0x95F5, 
0x95F5, 0x95F5, 0x95F5, 0x95F5, 0x9DF6, 0x9DF6, 0x9DF6, 0x9E16, 
0x9E16, 0x9E16, 0xA616, 0xA616, 0xA636, 0xA637, 0xA637, 0xAE57, 
0xAE57, 0xAE57, 0xAE57, 0xAE77, 0xAE77, 0xB658, 0xB678, 0xB678, 
0xB678, 0xB678, 0xB678, 0xB678, 0xB678, 0xB678, 0xB678, 0xB678, 
0xB678, 0xB678, 0xB678, 0xB657, 0xAE57, 0xAE57, 0xAE57, 0xAE37, 
0xAE57, 0xAE37, 0xAE37, 0xA617, 0xA616, 0xA616, 0xA616, 0x9E16, 
0x9DF6, 0x9DF6, 0x9DD5, 0x95B5, 0x95B5, 0x95B5, 0x9594, 0x9594, 
0x8D94, 0x8D74, 0x8D74, 0x8D74, 0x8D53, 0x8D53, 0x8D53, 0x8553, 
0x8553, 0x8533, 0x8532, 0x8532, 0x7D12, 0x7D12, 0x7D12, 0x7D12, 
0x7CF2, 0x7CF2, 0x7CF1, 0x7CF2, 0x7CF1, 0x74F1, 0x74F1, 0x74F1, 
0x74F1, 0x74D1, 0x74D1, 0x74D1, 0x74D1, 0x74D1, 0x74B1, 0x74D1, 
0x74D1, 0x74B1, 0x74B1, 0x74B0, 0x74B1, 0x6CB0, 0x74B0, 0x74B0, 
0x74B0, 0x6C90, 0x6CB0, 0x7490, 0x6C90, 0x6C90, 0x6C90, 0x6C90, 
0x6C70, 0x6C90, 0x6C70, 0x6C90, 0x6C70, 0x6C70, 0x6C70, 0x6C70, 
0x6C70, 0x6C70, 0x6C70, 0x6C4F, 0x6C4F, 0x6C4F, 0x6C4F, 0x6C4F, 
0x644F, 0x6C4F, 0x642F, 0x6C4F, 0x6C4F, 0x642F, 0x642F, 0x642F, 
0x642F, 0x642F, 0x642E, 0x642F, 0x642E, 0x640E, 0x640E, 0x640E, 
0x640E, 0x63EE, 0x63EE, 0x63EE, 0x5BEE, 0x63CE, 0x63EE, 0x5BCE, 
0x5BCD, 0x5BCD, 0x5BCD, 0x5BCD, 0x5BCD, 0x5BAD, 0x5BAD, 0x5BAD, 
0x5BAD, 0x5BAD, 0x5BAD, 0x538C, 0x538D, 0x538D, 0x538D, 0x536C, 
0x538C, 0x536C, 0x536C, 0x534C, 0x534C, 0x534C, 0x534C, 0x534C, 
0x532B, 0x532B, 0x4B2B, 0x4B2B, 0x4B0B, 0x4B0B, 0x4B0B, 0x4B0B, 
0x4AEA, 0x42EA, 0x42EA, 0x42CA, 0x42CA, 0x42CA, 0x42CA, 0x42AA, 
0x42CA, 0x42A9, 0x42A9, 0x42A9, 0x4289, 0x4289, 0x4289, 0x4289, 
0x4269, 0x4268, 0x3A48, 0x3A48, 0x3A48, 0x3A28, 0x3A28, 0x3A28, 
0xAE77, 0xA677, 0xA657, 0xA657, 0xA637, 0xA637, 0xA637, 0xA657, 
0xA657, 0xA657, 0xA657, 0xAE57, 0xAE57, 0xAE57, 0xAE78, 0xAE78, 
0xAE78, 0xB698, 0xAE78, 0xB698, 0xB698, 0xAE78, 0xAE77, 0xAE77, 
0xAE57, 0xAE57, 0xA657, 0xA637, 0xA636, 0x9E36, 0x9E16, 0x9E16, 
0x9E16, 0x95F5, 0x95F5, 0x95F5, 0x95D5, 0x95D5, 0x95D5, 0x95D5, 
0x95D5, 0x95D5, 0x95D5, 0x95F5, 0x95F5, 0x95F5, 0x95F5, 0x9616, 
0x9616, 0x9DF6, 0x9DF6, 0x9E16, 0xA616, 0xA616, 0xA636, 0xA637, 
0xA637, 0xAE57, 0xAE57, 0xAE77, 0xAE57, 0xB657, 0xB657, 0xB678, 
0xB678, 0xB678, 0xB678, 0xB678, 0xB678, 0xB678, 0xB678, 0xB678, 
0xB678, 0xB678, 0xB678, 0xB678, 0xB678, 0xB678, 0xB657, 0xAE37, 
0xAE57, 0xAE57, 0xAE37, 0xAE37, 0xAE17, 0xA636, 0xA616, 0xA616, 
0xA616, 0x9DF6, 0x9DF6, 0x9DD5, 0x9DD5, 0x95B5, 0x95B5, 0x95B5, 
0x9594, 0x9594, 0x9594, 0x8D74, 0x8D74, 0x8D73, 0x8D53, 0x8D53, 
0x8D53, 0x8553, 0x8533, 0x8533, 0x8512, 0x8532, 0x8532, 0x7D12, 
0x7CF2, 0x7CF2, 0x7CF2, 0x7CF1, 0x7CF2, 0x7CF1, 0x74F1, 0x74F1, 
0x74D1, 0x74D1, 0x74D1, 0x74D1, 0x74D1, 0x74B1, 0x74B1, 0x74D1, 
0x74D1, 0x74B1, 0x74B1, 0x74B0, 0x74B1, 0x6CB0, 0x74B0, 0x74B0, 
0x74B0, 0x6C90, 0x6CB0, 0x6C90, 0x6C90, 0x6C90, 0x6C70, 0x6C70, 
0x6C70, 0x6C90, 0x6C70, 0x6C90, 0x6C70, 0x6C70, 0x6C70, 0x6C70, 
0x6C70, 0x6C70, 0x6C70, 0x6C4F, 0x6C4F, 0x6C4F, 0x6C4F, 0x644F, 
0x6C4F, 0x642F, 0x642F, 0x6C2F, 0x642F, 0x642F, 0x642F, 0x642F, 
0x642F, 0x642F, 0x642E, 0x642F, 0x642E, 0x640E, 0x640E, 0x640E, 
0x640E, 0x63EE, 0x5BEE, 0x5BEE, 0x5BEE, 0x63CE, 0x63EE, 0x5BCE, 
0x5BCD, 0x5BCD, 0x5BCD, 0x5BCD, 0x5BCD, 0x5BAD, 0x5BAD, 0x5BAD, 
0x5BAD, 0x5BAD, 0x5BAD, 0x538C, 0x538D, 0x538D, 0x538D, 0x536C, 
0x538C, 0x536C, 0x536C, 0x534C, 0x534C, 0x534C, 0x534C, 0x534C, 
0x532B, 0x532B, 0x4B2B, 0x4B2B, 0x4B0B, 0x4B0B, 0x4B0B, 0x4B0B, 
0x4AEA, 0x4AEA, 0x4AEA, 0x42CA, 0x42CA, 0x42CA, 0x42CA, 0x42AA, 
0x42CA, 0x42A9, 0x42A9, 0x42A9, 0x4289, 0x4289, 0x4289, 0x4289, 
0x4269, 0x4268, 0x3A48, 0x3A48, 0x3A48, 0x3A28, 0x3A28, 0x3A28, 
0xAE77, 0xA677, 0xA657, 0xA657, 0xA637, 0xA637, 0xA637, 0x9E57, 
0xA657, 0xA657, 0xA657, 0xA657, 0xAE57, 0xAE57, 0xAE77, 0xAE77, 
0xAE78, 0xAE78, 0xAE78, 0xB698, 0xAE78, 0xAE78, 0xAE78, 0xAE77, 
0xAE77, 0xAE57, 0xAE57, 0xA657, 0xA637, 0x9E36, 0x9E36, 0x9E16, 
0x9E16, 0x9616, 0x95F6, 0x95F5, 0x95D5, 0x95D5, 0x95D5, 0x8DD5, 
0x8DD5, 0x8DD5, 0x8DD5, 0x95D5, 0x95D5, 0x95D5, 0x95F5, 0x95F5, 
0x95F5, 0x9DD5, 0x9DF6, 0x9DF6, 0x9E16, 0x9E16, 0x9E16, 0xA616, 
0xA636, 0xA637, 0xA637, 0xA657, 0xA657, 0xAE37, 0xAE57, 0xB657, 
0xB678, 0xB678, 0xB678, 0xB678, 0xB678, 0xB678, 0xB678, 0xB678, 
0xB698, 0xB678, 0xB678, 0xB678, 0xB678, 0xB678, 0xB678, 0xAE57, 
0xB657, 0xAE57, 0xAE57, 0xAE57, 0xAE37, 0xA637, 0xA637, 0xA616, 
0xA616, 0xA616, 0xA5F6, 0x9DF6, 0x9DF6, 0x9DD5, 0x9DD5, 0x9DD5, 
0x95B5, 0x95B5, 0x95B5, 0x9594, 0x9594, 0x8D74, 0x8D74, 0x8D74, 
0x8D73, 0x8D53, 0x8553, 0x8553, 0x8533, 0x8533, 0x8532, 0x7D12, 
0x7D12, 0x7D12, 0x7CF2, 0x7CF2, 0x7CF2, 0x7CF1, 0x74F1, 0x74F1, 
0x74F1, 0x74D1, 0x74D1, 0x74D1, 0x74D1, 0x74D1, 0x74B1, 0x74D1, 
0x74D1, 0x74B1, 0x74B1, 0x74B0, 0x74B1, 0x6CB0, 0x74B0, 0x74B0, 
0x74B0, 0x6C90, 0x6CB0, 0x6C90, 0x6C90, 0x6C70, 0x6C70, 0x6C90, 
0x6C70, 0x6C90, 0x6C70, 0x6C90, 0x6C70, 0x6C70, 0x6C70, 0x6C70, 
0x6C70, 0x6C70, 0x6C70, 0x6C4F, 0x6C4F, 0x6C4F, 0x6C4F, 0x644F, 
0x644F, 0x644F, 0x642F, 0x642F, 0x642F, 0x642F, 0x642F, 0x642F, 
0x642F, 0x642F, 0x642E, 0x642F, 0x642E, 0x640E, 0x640E, 0x63EE, 
0x640E, 0x5BEE, 0x63EE, 0x5BEE, 0x5BEE, 0x63CE, 0x63EE, 0x5BCE, 
0x5BCD, 0x5BCD, 0x5BCD, 0x5BCD, 0x5BCD, 0x5BAD, 0x5BAD, 0x5BAD, 
0x5BAD, 0x5BAD, 0x5BAD, 0x538C, 0x538D, 0x538D, 0x538D, 0x536C, 
0x538C, 0x536C, 0x536C, 0x534C, 0x534C, 0x534C, 0x534C, 0x534C, 
0x532B, 0x532B, 0x4B2B, 0x4B2B, 0x4B0B, 0x4B0B, 0x4B0B, 0x4B0B, 
0x4AEA, 0x4AEA, 0x42EA, 0x42EA, 0x42CA, 0x42CA, 0x42CA, 0x42AA, 
0x42CA, 0x42A9, 0x42A9, 0x42A9, 0x4289, 0x4289, 0x4289, 0x4289, 
0x4269, 0x4268, 0x3A48, 0x3A48, 0x3A48, 0x3A48, 0x3A28, 0x3A28, 
0xAE77, 0xA677, 0xA657, 0xA657, 0xA637, 0xA637, 0xA637, 0x9E57, 
0x9E57, 0xA657, 0xA657, 0xA657, 0xA657, 0xAE57, 0xAE57, 0xAE77, 
0xAE77, 0xAE78, 0xAE78, 0xB698, 0xB698, 0xAE78, 0xAE78, 0xAE77, 
0xAE78, 0xAE57, 0xAE57, 0xA637, 0xA637, 0xA636, 0x9E16, 0x9E16, 
0x9E16, 0x9E16, 0x95F6, 0x95F5, 0x95F5, 0x95D5, 0x8DD5, 0x95D5, 
0x8DD5, 0x8DD5, 0x8DD5, 0x8DB5, 0x8DD5, 0x8DD5, 0x8DD5, 0x95D5, 
0x95D5, 0x95D5, 0x95D5, 0x95D5, 0x9DF6, 0x9DF6, 0x9E16, 0xA616, 
0xA616, 0xA616, 0xA616, 0xA637, 0xA636, 0xAE37, 0xAE57, 0xAE57, 
0xAE57, 0xB657, 0xB657, 0xB678, 0xB678, 0xB678, 0xB678, 0xB678, 
0xB678, 0xB698, 0xB678, 0xB678, 0xB678, 0xB678, 0xB678, 0xB657, 
0xB657, 0xB657, 0xB657, 0xAE57, 0xAE57, 0xAE57, 0xAE37, 0xA637, 
0xA616, 0xA616, 0xA616, 0xA616, 0xA616, 0x9DF6, 0x9DF6, 0x9DF6, 
0x9DD5, 0x9DD5, 0x9DD5, 0x95B5, 0x9594, 0x9594, 0x8D94, 0x8D74, 
0x8D74, 0x8D73, 0x8D53, 0x8D53, 0x8553, 0x8553, 0x8533, 0x8532, 
0x7D12, 0x7D12, 0x7D12, 0x7D12, 0x74F1, 0x7CF1, 0x74F1, 0x74F1, 
0x74F1, 0x74D1, 0x74D1, 0x74D1, 0x74B1, 0x74D1, 0x74B1, 0x74D1, 
0x74D1, 0x74B1, 0x74B1, 0x74B0, 0x74B1, 0x6CB0, 0x74B0, 0x74B0, 
0x74B0, 0x6C90, 0x6CB0, 0x6C90, 0x6C90, 0x6C70, 0x6C90, 0x6C90, 
0x6C70, 0x6C90, 0x6C90, 0x6C90, 0x6C70, 0x6C70, 0x6C70, 0x6C70, 
0x6C70, 0x6C70, 0x6C70, 0x6C4F, 0x6C4F, 0x6C4F, 0x6C4F, 0x644F, 
0x642F, 0x644F, 0x642F, 0x642F, 0x642F, 0x642F, 0x642F, 0x642F, 
0x642F, 0x642F, 0x642E, 0x642F, 0x642E, 0x640E, 0x640E, 0x63EE, 
0x640E, 0x5BEE, 0x63EE, 0x5BEE, 0x5BEE, 0x63CE, 0x63EE, 0x5BCE, 
0x5BCD, 0x5BCD, 0x5BCD, 0x5BCD, 0x5BCD, 0x5BAD, 0x5BAD, 0x5BAD, 
0x5BAD, 0x5BAD, 0x5BAD, 0x538C, 0x538D, 0x538D, 0x538D, 0x536C, 
0x538C, 0x536C, 0x536C, 0x534C, 0x534C, 0x534C, 0x534C, 0x534C, 
0x532B, 0x532B, 0x4B2B, 0x4B2B, 0x4B0B, 0x4B0B, 0x4B0B, 0x4AEA, 
0x4AEA, 0x4AEA, 0x4AEA, 0x42EA, 0x42EA, 0x42CA, 0x42CA, 0x42AA, 
0x42CA, 0x42A9, 0x42A9, 0x42A9, 0x4289, 0x4289, 0x4289, 0x4269, 
0x4269, 0x4268, 0x3A48, 0x3A48, 0x3A48, 0x3A48, 0x3A48, 0x3A28, 
0xAE57, 0xA657, 0xA657, 0xA637, 0xA637, 0xA637, 0x9E16, 0x9E36, 
0x9E36, 0x9E16, 0xA636, 0xA637, 0xA637, 0xA657, 0xA657, 0xAE57, 
0xAE78, 0xB698, 0xB698, 0xAE78, 0xB698, 0xB698, 0xAE78, 0xB698, 
0xAE78, 0xAE77, 0xAE77, 0xAE57, 0xAE57, 0xA637, 0xA616, 0xA636, 
0x9E16, 0x9E16, 0x9E16, 0x9616, 0x95F5, 0x95D5, 0x95D5, 0x95D5, 
0x95D5, 0x8DB5, 0x8DB4, 0x8DB4, 0x8DB4, 0x8DB4, 0x8DB5, 0x8DB5, 
0x8DB5, 0x95D5, 0x95D5, 0x95D5, 0x9DD5, 0x9DF6, 0x9DF6, 0x9DF6, 
0x9DF6, 0x9E16, 0xA616, 0xA616, 0xA636, 0xA637, 0xA637, 0xA637, 
0xAE57, 0xAE77, 0xAE77, 0xB657, 0xB657, 0xB678, 0xB678, 0xB678, 
0xB678, 0xB678, 0xB678, 0xB678, 0xB678, 0xB678, 0xB678, 0xB698, 
0xB678, 0xB678, 0xB657, 0xB678, 0xB678, 0xAE57, 0xAE57, 0xAE57, 
0xAE37, 0xAE37, 0xAE37, 0xA616, 0xA616, 0xA616, 0xA5F6, 0x9DF6, 
0x9DF6, 0x9DD5, 0x9DD5, 0x9DB5, 0x95B5, 0x9595, 0x9594, 0x9594, 
0x9594, 0x8D94, 0x8D74, 0x8D53, 0x8D53, 0x8D14, 0x8D32, 0x8552, 
0x7D13, 0x8514, 0x7CF1, 0x7433, 0x8534, 0x74F0, 0x7511, 0x74D1, 
0x7CD3, 0x74D1, 0x74D1, 0x74D1, 0x74B1, 0x74D1, 0x74D1, 0x74B0, 
0x74B0, 0x74B1, 0x6CB0, 0x6CB0, 0x6CB0, 0x6CB0, 0x74B0, 0x6C90, 
0x6CB0, 0x6C90, 0x6C90, 0x6C90, 0x6C90, 0x6C70, 0x6C90, 0x6C70, 
0x6C70, 0x6C70, 0x6C70, 0x6C70, 0x6C70, 0x6C70, 0x6C70, 0x6C4F, 
0x6C4F, 0x6C4F, 0x6C4F, 0x6C4F, 0x6C4F, 0x6C4F, 0x6C4F, 0x6C4F, 
0x6C4F, 0x642F, 0x6C4F, 0x642F, 0x642F, 0x642F, 0x642F, 0x642F, 
0x642E, 0x640E, 0x642F, 0x640E, 0x640E, 0x640E, 0x640E, 0x640E, 
0x640E, 0x640E, 0x5BEE, 0x63EE, 0x5BEE, 0x5BCD, 0x5BCE, 0x5BCD, 
0x5BCD, 0x5BCD, 0x5BCD, 0x5BAD, 0x5BAD, 0x5BAD, 0x5BAD, 0x5BAD, 
0x5BAD, 0x5B8D, 0x5BAD, 0x5B8D, 0x538C, 0x538D, 0x538C, 0x536C, 
0x536C, 0x536C, 0x536C, 0x536C, 0x534C, 0x534C, 0x534C, 0x534C, 
0x532B, 0x532B, 0x4B2B, 0x4B0B, 0x4B2B, 0x4B0B, 0x4B0B, 0x4B0B, 
0x4B0B, 0x42EA, 0x4AEA, 0x42EA, 0x42EA, 0x42CA, 0x42CA, 0x42AA, 
0x42CA, 0x42A9, 0x42A9, 0x42A9, 0x42A9, 0x4289, 0x4289, 0x4289, 
0x4268, 0x4268, 0x4268, 0x3A48, 0x3A48, 0x3A48, 0x3A48, 0x3A28, 
0xAE57, 0xA657, 0xA657, 0xA637, 0xA637, 0xA637, 0xA616, 0x9E36, 
0x9E36, 0x9E36, 0x9E16, 0xA637, 0xA637, 0xA657, 0xA657, 0xAE57, 
0xAE77, 0xAE78, 0xAE78, 0xB698, 0xAE78, 0xB698, 0xB698, 0xAE78, 
0xAE78, 0xAE78, 0xAE77, 0xAE77, 0xAE57, 0xA637, 0xA637, 0xA636, 
0x9E16, 0x9E16, 0x9E16, 0x9DF6, 0x95F5, 0x95D5, 0x95D5, 0x95D5, 
0x8DD5, 0x8DB5, 0x8DB4, 0x8DB5, 0x8DB5, 0x8DB5, 0x8DB4, 0x8DB5, 
0x8DB5, 0x8DB5, 0x95D5, 0x95D5, 0x95D5, 0x95D5, 0x9DD5, 0x9DD5, 
0x9DD5, 0x9DF6, 0x9DF6, 0x9E16, 0xA616, 0xA616, 0xA636, 0xA637, 
0xA637, 0xAE57, 0xAE57, 0xAE57, 0xB657, 0xAE57, 0xB657, 0xB678, 
0xB678, 0xB678, 0xB678, 0xB678, 0xB678, 0xB678, 0xB678, 0xB678, 
0xB678, 0xB678, 0xB678, 0xB678, 0xB678, 0xB657, 0xB657, 0xAE57, 
0xAE57, 0xAE37, 0xAE37, 0xAE37, 0xAE37, 0xAE16, 0xA616, 0xA616, 
0xA5F6, 0x9DF6, 0x9DF6, 0x9DD6, 0x9DD5, 0x9DB5, 0x95B5, 0x95B4, 
0x95B5, 0x9594, 0x9594, 0x8D74, 0x8D74, 0x8D52, 0x8D54, 0x8533, 
0x8553, 0x8514, 0x5B71, 0x5B11, 0x6C12, 0x8534, 0x74F1, 0x7D11, 
0x74D1, 0x74D1, 0x74D1, 0x74D1, 0x74D1, 0x74D1, 0x74B1, 0x74B0, 
0x74B0, 0x74B1, 0x6CB0, 0x6CB0, 0x6CB0, 0x74B0, 0x74B0, 0x6C90, 
0x6C90, 0x6C90, 0x6C90, 0x6C90, 0x6C90, 0x6C70, 0x6C90, 0x6C70, 
0x6C70, 0x6C70, 0x6C70, 0x6C70, 0x6C70, 0x6C70, 0x6C70, 0x6C4F, 
0x6C70, 0x6C4F, 0x6C4F, 0x6C4F, 0x6C4F, 0x6C4F, 0x6C4F, 0x6C4F, 
0x6C4F, 0x642F, 0x6C4F, 0x642F, 0x642F, 0x642F, 0x642F, 0x642F, 
0x642E, 0x640E, 0x642F, 0x640E, 0x640E, 0x640E, 0x640E, 0x640E, 
0x640E, 0x63EE, 0x5BEE, 0x5BEE, 0x5BEE, 0x5BCD, 0x5BCE, 0x5BCD, 
0x5BCD, 0x5BCD, 0x5BCD, 0x5BAD, 0x5BAD, 0x5BAD, 0x5BAD, 0x5BAD, 
0x5BAD, 0x5B8D, 0x5BAD, 0x5B8D, 0x538C, 0x538D, 0x538C, 0x536C, 
0x536C, 0x536C, 0x536C, 0x536C, 0x534C, 0x534C, 0x534C, 0x534C, 
0x532B, 0x532B, 0x4B2B, 0x4B0B, 0x4B2B, 0x4B0B, 0x4B0B, 0x4B0B, 
0x4B0B, 0x42EA, 0x4AEA, 0x42EA, 0x42EA, 0x42CA, 0x42CA, 0x42AA, 
0x42CA, 0x42A9, 0x42A9, 0x42A9, 0x42A9, 0x4289, 0x4289, 0x4289, 
0x4268, 0x4268, 0x4268, 0x3A48, 0x3A48, 0x3A48, 0x3A48, 0x3A28, 
0xAE57, 0xA657, 0xA657, 0xA637, 0xA637, 0xA637, 0xA616, 0x9E36, 
0x9E36, 0x9E16, 0x9E36, 0xA636, 0xA636, 0xA637, 0xA637, 0xAE57, 
0xAE57, 0xAE77, 0xAE78, 0xAE78, 0xAE78, 0xB698, 0xB698, 0xB698, 
0xB698, 0xAE78, 0xAE78, 0xAE77, 0xAE77, 0xAE57, 0xA637, 0xA637, 
0xA616, 0x9E16, 0x9E16, 0x9DF6, 0x95F5, 0x95D5, 0x95D5, 0x95D5, 
0x8DB5, 0x8DB4, 0x8DB4, 0x8DB4, 0x8DB4, 0x8DB4, 0x8DB4, 0x8DB4, 
0x8DB4, 0x8DB4, 0x8DB4, 0x8DB4, 0x95B5, 0x95B5, 0x95B5, 0x95B5, 
0x9DD5, 0x9DD5, 0x9DF6, 0x9DF6, 0x9DF6, 0x9E16, 0xA616, 0xA616, 
0xA636, 0xA637, 0xA637, 0xAE37, 0xAE37, 0xAE57, 0xAE57, 0xB657, 
0xB657, 0xB678, 0xB678, 0xB678, 0xB678, 0xB678, 0xB678, 0xB678, 
0xB678, 0xB678, 0xB698, 0xB678, 0xB678, 0xB678, 0xB678, 0xB657, 
0xB657, 0xAE57, 0xAE57, 0xAE37, 0xAE37, 0xAE37, 0xAE37, 0xA617, 
0xA616, 0xA616, 0xA616, 0xA5F6, 0x9DF6, 0x9DD6, 0x9DD5, 0x9DB5, 
0x9DB5, 0x95B5, 0x9594, 0x9594, 0x8D74, 0x8D93, 0x8533, 0x8D74, 
0x8D13, 0x6BD2, 0x5293, 0x7BD6, 0x6352, 0x7433, 0x7D13, 0x74F1, 
0x7510, 0x74D1, 0x74D1, 0x74D1, 0x74D1, 0x74D1, 0x74B1, 0x74B0, 
0x74B1, 0x74B1, 0x6CB0, 0x74B0, 0x74B0, 0x74B0, 0x74B0, 0x6CB0, 
0x6C90, 0x6C90, 0x6C90, 0x6C90, 0x6C90, 0x6C70, 0x6C90, 0x6C70, 
0x6C70, 0x6C70, 0x6C70, 0x6C70, 0x6C70, 0x6C70, 0x6C70, 0x6C70, 
0x6C4F, 0x6C4F, 0x6C4F, 0x6C4F, 0x6C4F, 0x6C4F, 0x6C4F, 0x6C4F, 
0x6C4F, 0x6C4F, 0x642F, 0x642F, 0x642F, 0x642F, 0x642F, 0x642F, 
0x642E, 0x640F, 0x642F, 0x640E, 0x640E, 0x640E, 0x640E, 0x640E, 
0x640E, 0x5BEE, 0x63EE, 0x5BEE, 0x5BEE, 0x5BCD, 0x5BCE, 0x5BCD, 
0x5BCD, 0x5BCD, 0x5BCD, 0x5BCD, 0x5BAD, 0x5BAD, 0x5BAD, 0x5BAD, 
0x5BAD, 0x5B8D, 0x5BAD, 0x5B8D, 0x538C, 0x538D, 0x538C, 0x536C, 
0x536C, 0x536C, 0x536C, 0x536C, 0x534C, 0x534C, 0x534C, 0x534C, 
0x532B, 0x532B, 0x4B2B, 0x4B0B, 0x4B2B, 0x4B0B, 0x4B0B, 0x4B0B, 
0x4B0B, 0x42EA, 0x4AEA, 0x42EA, 0x42EA, 0x42CA, 0x42CA, 0x42AA, 
0x42CA, 0x42A9, 0x42A9, 0x42A9, 0x42A9, 0x4289, 0x4289, 0x4289, 
0x4268, 0x4268, 0x4268, 0x3A48, 0x3A48, 0x3A48, 0x3A28, 0x3A28, 
0xAE57, 0xA657, 0xA657, 0xA637, 0xA637, 0xA637, 0xA616, 0x9E36, 
0x9E16, 0x9E16, 0x9E16, 0x9E16, 0x9E16, 0xA636, 0xA637, 0xA637, 
0xAE57, 0xAE57, 0xAE57, 0xAE77, 0xB698, 0xAE78, 0xB698, 0xB698, 
0xAE78, 0xB698, 0xB698, 0xAE78, 0xAE78, 0xAE77, 0xAE57, 0xA637, 
0xA636, 0xA616, 0x9E16, 0x9E16, 0x9DF6, 0x95F5, 0x95F5, 0x95D5, 
0x95D5, 0x8DB4, 0x8DB4, 0x8DB4, 0x8DB4, 0x8DB4, 0x8DB4, 0x8DB4, 
0x8D94, 0x8DB4, 0x8DB4, 0x8DB4, 0x8DB4, 0x8DB4, 0x95B4, 0x95B5, 
0x95B5, 0x95D5, 0x95D5, 0x9DF5, 0x9DF5, 0x9DF6, 0x9DF6, 0x9E16, 
0xA616, 0xA616, 0xA616, 0xAE37, 0xAE37, 0xAE37, 0xAE37, 0xAE57, 
0xAE57, 0xB657, 0xB657, 0xB678, 0xB678, 0xB678, 0xB678, 0xB678, 
0xB678, 0xB698, 0xB698, 0xB678, 0xB678, 0xB678, 0xB678, 0xB678, 
0xB658, 0xB658, 0xB657, 0xB637, 0xB657, 0xAE37, 0xAE37, 0xAE37, 
0xAE37, 0xAE17, 0xA616, 0xA616, 0xA5F6, 0xA5F6, 0x9DD6, 0x9DD5, 
0x9DD5, 0x9DB5, 0x95B5, 0x9594, 0x9594, 0x8D95, 0x95B4, 0x9574, 
0x73D3, 0x5292, 0x52B3, 0x5252, 0x73B6, 0x5B12, 0x7433, 0x8513, 
0x7510, 0x74D1, 0x74D1, 0x74D1, 0x74D1, 0x74D1, 0x74B1, 0x74B0, 
0x74B1, 0x74B1, 0x6CB0, 0x74B0, 0x74B0, 0x6CB0, 0x6C90, 0x6C90, 
0x6C90, 0x6C90, 0x6C90, 0x6C90, 0x6C90, 0x6C70, 0x6C90, 0x6C70, 
0x6C70, 0x6C70, 0x6C70, 0x6C70, 0x6C70, 0x6C70, 0x6C70, 0x6C4F, 
0x6C4F, 0x6C4F, 0x6C4F, 0x6C4F, 0x6C4F, 0x6C4F, 0x6C4F, 0x6C4F, 
0x642F, 0x642F, 0x642F, 0x642F, 0x642F, 0x642F, 0x642F, 0x642F, 
0x640E, 0x640F, 0x642F, 0x640E, 0x640E, 0x640E, 0x640E, 0x63EE, 
0x640E, 0x63EE, 0x5BEE, 0x5BEE, 0x5BEE, 0x5BCD, 0x5BCE, 0x5BCD, 
0x5BCD, 0x5BCD, 0x5BCD, 0x5BCD, 0x5BAD, 0x5BAD, 0x5BAD, 0x5BAD, 
0x5BAD, 0x5B8D, 0x5BAD, 0x5B8D, 0x538C, 0x538D, 0x538C, 0x536C, 
0x536C, 0x536C, 0x536C, 0x536C, 0x534C, 0x534C, 0x534C, 0x534C, 
0x532B, 0x532B, 0x4B2B, 0x4B0B, 0x4B2B, 0x4B0B, 0x4B0B, 0x4B0B, 
0x4B0B, 0x42EA, 0x4AEA, 0x42EA, 0x42EA, 0x42CA, 0x42CA, 0x42AA, 
0x42CA, 0x42A9, 0x42A9, 0x42A9, 0x42A9, 0x4289, 0x4289, 0x4289, 
0x4268, 0x4268, 0x4268, 0x3A48, 0x3A48, 0x3A48, 0x3A48, 0x3A48, 
0xAE57, 0xA657, 0xA657, 0xA637, 0xA637, 0xA637, 0xA616, 0x9E36, 
0x9E36, 0x9E16, 0x9E16, 0x9E16, 0x9E16, 0x9E16, 0xA616, 0xA637, 
0xA637, 0xAE57, 0xAE57, 0xAE77, 0xAE78, 0xAE78, 0xB698, 0xAE78, 
0xB698, 0xB698, 0xB698, 0xB698, 0xAE78, 0xAE77, 0xAE57, 0xAE57, 
0xA637, 0xA636, 0xA616, 0x9E16, 0x9E16, 0x95F6, 0x95F5, 0x95F5, 
0x95D5, 0x8DD5, 0x8DB4, 0x8DB4, 0x8DB4, 0x8DB4, 0x8D94, 0x8D94, 
0x8D94, 0x8DB4, 0x8DB4, 0x8DB4, 0x8DB4, 0x8DB4, 0x8DB4, 0x8DB4, 
0x95B5, 0x95B5, 0x95D5, 0x95D5, 0x95D5, 0x9DD5, 0x9DF5, 0x9DF6, 
0x9DF6, 0x9E16, 0x9E16, 0xA616, 0xA616, 0xA637, 0xAE37, 0xAE57, 
0xAE57, 0xAE57, 0xAE57, 0xB657, 0xB657, 0xB678, 0xB678, 0xB678, 
0xB678, 0xB678, 0xB678, 0xB678, 0xB678, 0xB678, 0xB678, 0xB678, 
0xB678, 0xB678, 0xB678, 0xB657, 0xB657, 0xB637, 0xAE57, 0xAE37, 
0xAE37, 0xAE37, 0xAE37, 0xAE16, 0xA616, 0xA5F6, 0xA5F6, 0xA5D6, 
0xA5F6, 0x9DD6, 0x9DB5, 0x9DB5, 0x9D94, 0x8D95, 0x9575, 0x6BD2, 
0x5272, 0x5AD4, 0x52D1, 0x4A52, 0x4A31, 0x6B55, 0x5AF1, 0x6C12, 
0x7CF3, 0x74F1, 0x74F1, 0x74D1, 0x74D1, 0x74D1, 0x74B1, 0x74B0, 
0x74B1, 0x74B1, 0x6CB0, 0x74B0, 0x74B0, 0x6C90, 0x6CB0, 0x6C90, 
0x6C90, 0x6C90, 0x6C90, 0x6C90, 0x6C90, 0x6C70, 0x6C90, 0x6C70, 
0x6C70, 0x6C70, 0x6C70, 0x6C70, 0x6C70, 0x6C70, 0x6C70, 0x6C4F, 
0x6C4F, 0x6C4F, 0x6C4F, 0x6C4F, 0x6C4F, 0x6C4F, 0x6C4F, 0x642F, 
0x6C4F, 0x642F, 0x642F, 0x642F, 0x642F, 0x642F, 0x642F, 0x642F, 
0x640E, 0x642F, 0x642F, 0x640E, 0x640E, 0x640E, 0x640E, 0x640E, 
0x63EE, 0x5BEE, 0x5BEE, 0x5BEE, 0x5BEE, 0x5BCD, 0x5BCE, 0x5BCD, 
0x5BCD, 0x5BCD, 0x5BCD, 0x5BCD, 0x5BAD, 0x5BAD, 0x5BAD, 0x5BAD, 
0x5BAD, 0x5B8D, 0x5BAD, 0x5B8D, 0x538C, 0x538D, 0x538C, 0x536C, 
0x536C, 0x536C, 0x536C, 0x536C, 0x534C, 0x534C, 0x534C, 0x534C, 
0x532B, 0x532B, 0x4B2B, 0x4B0B, 0x4B2B, 0x4B0B, 0x4B0B, 0x4B0B, 
0x4B0B, 0x42EA, 0x4AEA, 0x42EA, 0x42EA, 0x42CA, 0x42CA, 0x42AA, 
0x42CA, 0x42A9, 0x42A9, 0x42A9, 0x42A9, 0x4289, 0x4289, 0x4289, 
0x4268, 0x4268, 0x3A48, 0x3A48, 0x3A48, 0x3A48, 0x3A48, 0x3A28, 
0xAE57, 0xA657, 0xA657, 0xA637, 0xA637, 0xA637, 0xA616, 0x9E36, 
0x9E36, 0x9E16, 0x9E16, 0x9E16, 0x9E16, 0x9E16, 0xA616, 0xA636, 
0xA637, 0xAE57, 0xAE57, 0xAE77, 0xAE77, 0xAE78, 0xAE78, 0xB698, 
0xAE78, 0xB698, 0xAE98, 0xAE98, 0xAE78, 0xAE77, 0xAE77, 0xAE57, 
0xAE37, 0xA637, 0xA636, 0xA616, 0x9E16, 0x9616, 0x9616, 0x95F5, 
0x95D5, 0x8DD5, 0x8DB4, 0x8DB4, 0x8DB4, 0x8D94, 0x8D94, 0x8D94, 
0x8D94, 0x8594, 0x8D94, 0x8D94, 0x8D94, 0x8D94, 0x8D94, 0x8D94, 
0x8D94, 0x8DB4, 0x8DB4, 0x95B5, 0x95B5, 0x95B5, 0x95D5, 0x95D5, 
0x95F5, 0x9DF6, 0x9DF6, 0xA5F6, 0xA616, 0xA616, 0xA616, 0xAE37, 
0xA637, 0xAE37, 0xAE57, 0xAE57, 0xB657, 0xB678, 0xB678, 0xB678, 
0xB678, 0xB678, 0xB678, 0xB678, 0xB698, 0xB658, 0xB658, 0xB658, 
0xB678, 0xB678, 0xB678, 0xB658, 0xB658, 0xB657, 0xB657, 0xB657, 
0xAE57, 0xAE57, 0xAE37, 0xAE37, 0xAE17, 0xA616, 0xA616, 0xA5F6, 
0xA5F6, 0xA5F6, 0x9DD6, 0x9DB5, 0x9DB5, 0x95B3, 0x7C75, 0x5AD4, 
0x6315, 0x6B74, 0x52D1, 0x52D2, 0x4A51, 0x5273, 0x7BB6, 0x6392, 
0x6C11, 0x7D11, 0x7CF1, 0x74D1, 0x74D1, 0x74D1, 0x74B0, 0x74B0, 
0x74B1, 0x74B1, 0x6CB0, 0x6CB0, 0x74B0, 0x6C90, 0x6CB0, 0x6C90, 
0x6C90, 0x6C90, 0x6C90, 0x6C90, 0x6C90, 0x6C70, 0x6C90, 0x6C70, 
0x6C70, 0x6C70, 0x6C70, 0x6C70, 0x6C70, 0x6C70, 0x6C70, 0x6C4F, 
0x6C4F, 0x6C4F, 0x6C4F, 0x6C4F, 0x644F, 0x6C4F, 0x6C4F, 0x642F, 
0x6C4F, 0x642F, 0x642F, 0x642F, 0x642F, 0x642F, 0x642F, 0x642E, 
0x640E, 0x642F, 0x642F, 0x640E, 0x640E, 0x640E, 0x640E, 0x63EE, 
0x63EE, 0x5BEE, 0x5BEE, 0x5BEE, 0x5BEE, 0x5BCD, 0x5BCE, 0x5BCD, 
0x5BCD, 0x5BCD, 0x5BCD, 0x5BCD, 0x5BAD, 0x5BAD, 0x5BAD, 0x5BAD, 
0x5BAD, 0x5B8D, 0x5BAD, 0x5B8D, 0x538C, 0x538D, 0x538C, 0x536C, 
0x536C, 0x536C, 0x536C, 0x536C, 0x534C, 0x534C, 0x534C, 0x534C, 
0x532B, 0x4B2B, 0x4B2B, 0x4B0B, 0x4B2B, 0x4B0B, 0x4B0B, 0x4B0B, 
0x4B0B, 0x42EA, 0x4AEA, 0x42EA, 0x42CA, 0x42CA, 0x42CA, 0x42AA, 
0x42CA, 0x42A9, 0x42A9, 0x42A9, 0x42A9, 0x4289, 0x4289, 0x4289, 
0x4268, 0x4268, 0x3A48, 0x4268, 0x3A48, 0x3A48, 0x3A48, 0x3A48, 
0xAE77, 0xAE57, 0xAE57, 0xA637, 0xA637, 0x9E36, 0x9E36, 0x9E16, 
0x9E16, 0x9E16, 0x9616, 0x9E16, 0x9E16, 0x9E16, 0x9E16, 0x9E16, 
0xA616, 0xA637, 0xA637, 0xA657, 0xAE57, 0xAE78, 0xAE78, 0xB698, 
0xB698, 0xB678, 0xB678, 0xB678, 0xB678, 0xB678, 0xAE78, 0xAE77, 
0xAE57, 0xAE57, 0xA637, 0xA616, 0xA616, 0x9DF6, 0x9DF6, 0x9DF6, 
0x95D5, 0x95D5, 0x95D5, 0x8DB4, 0x8DB4, 0x8D94, 0x8D94, 0x8594, 
0x8594, 0x8D94, 0x8D94, 0x8D94, 0x8D94, 0x8D94, 0x8D94, 0x8D94, 
0x8D94, 0x8D94, 0x8DB4, 0x8DB4, 0x8DB4, 0x9594, 0x95B5, 0x95B5, 
0x95B5, 0x95D5, 0x95D5, 0x9DF6, 0x9DF6, 0x9DF6, 0xA616, 0xA616, 
0xA616, 0xAE37, 0xAE37, 0xAE37, 0xAE37, 0xAE57, 0xAE57, 0xB657, 
0xB657, 0xB657, 0xB657, 0xB658, 0xB658, 0xB678, 0xB678, 0xB678, 
0xB678, 0xB658, 0xB658, 0xB678, 0xB678, 0xB658, 0xB658, 0xB658, 
0xB658, 0xB637, 0xB657, 0xB637, 0xB637, 0xAE37, 0xAE16, 0xA5D9, 
0xAE16, 0xA615, 0x9DD6, 0xA617, 0x9DF4, 0x9479, 0x6333, 0x7395, 
0x8436, 0x8436, 0x6B73, 0x6354, 0x8437, 0x8C78, 0x5AF3, 0x6B94, 
0x6334, 0x6C11, 0x74D2, 0x74F0, 0x6CCF, 0x74D1, 0x7492, 0x74B1, 
0x74B1, 0x7490, 0x7490, 0x7490, 0x7490, 0x7490, 0x7490, 0x6C90, 
0x7490, 0x7490, 0x6C90, 0x6C90, 0x6C70, 0x6C90, 0x6C70, 0x6C70, 
0x6C70, 0x6C70, 0x6C70, 0x6C70, 0x6C4F, 0x6C4F, 0x6C4F, 0x6C4F, 
0x6C4F, 0x6C4F, 0x6C4F, 0x6C4F, 0x6C4F, 0x6C4F, 0x6C4F, 0x6C4F, 
0x642F, 0x6C4F, 0x6C4F, 0x642F, 0x642F, 0x642F, 0x642F, 0x642F, 
0x642E, 0x640F, 0x642F, 0x640E, 0x640E, 0x640E, 0x640E, 0x5BEE, 
0x63EE, 0x5BEE, 0x5BEE, 0x5BEE, 0x5BEE, 0x5BCD, 0x5BCE, 0x5BCD, 
0x5BCD, 0x5BCD, 0x5BCD, 0x5BAD, 0x5BCD, 0x5BAD, 0x5BAD, 0x5BAD, 
0x5BAD, 0x538D, 0x5B8D, 0x538C, 0x538C, 0x538C, 0x536C, 0x538C, 
0x538C, 0x536C, 0x536C, 0x534C, 0x534C, 0x534C, 0x534C, 0x534C, 
0x532B, 0x532B, 0x532B, 0x4B0B, 0x4B2B, 0x4B0B, 0x4B0B, 0x4B0B, 
0x4B0B, 0x42EA, 0x4AEA, 0x4AEA, 0x42EA, 0x42EA, 0x42CA, 0x42CA, 
0x42A9, 0x42A9, 0x42AA, 0x42AA, 0x42A9, 0x4289, 0x4289, 0x4289, 
0x4269, 0x4268, 0x3A48, 0x3A48, 0x3A48, 0x3A48, 0x3A48, 0x3A48, 
0xAE77, 0xAE57, 0xAE57, 0xA637, 0xA637, 0x9E36, 0x9E36, 0x9E16, 
0x9E16, 0x9DF6, 0x9616, 0x9E16, 0x9616, 0x9E16, 0x9E16, 0x9E16, 
0xA616, 0xA636, 0xA616, 0xA657, 0xAE57, 0xAE77, 0xAE78, 0xAE78, 
0xAE78, 0xB678, 0xB678, 0xB698, 0xB698, 0xB678, 0xB678, 0xAE77, 
0xAE77, 0xAE57, 0xA637, 0xA636, 0xA616, 0x9DF6, 0x9E16, 0x9DF6, 
0x95F5, 0x95D5, 0x95D5, 0x8DB4, 0x8DB4, 0x8DB4, 0x8D94, 0x8D94, 
0x8D94, 0x8D94, 0x8D94, 0x8D94, 0x8D94, 0x8594, 0x8594, 0x8D94, 
0x8D94, 0x8D94, 0x8D94, 0x8D94, 0x8DB4, 0x8D94, 0x95B4, 0x95B5, 
0x95B5, 0x95D5, 0x95D5, 0x9DD5, 0x9DD5, 0x9DF6, 0x9DF6, 0xA616, 
0x9E16, 0xA616, 0xA616, 0xA616, 0xAE17, 0xAE37, 0xAE37, 0xAE57, 
0xAE57, 0xB657, 0xB657, 0xB658, 0xB658, 0xB678, 0xB678, 0xB678, 
0xB658, 0xB678, 0xB658, 0xB678, 0xB678, 0xB658, 0xB658, 0xB658, 
0xB658, 0xB657, 0xB657, 0xB657, 0xB637, 0xB637, 0xAE17, 0xAE17, 
0xA5F7, 0xA5F6, 0xAE36, 0xA5F7, 0x7C94, 0x7375, 0x7394, 0x8436, 
0x8416, 0x7BF5, 0x8436, 0x6B75, 0x6B95, 0x6B95, 0x6354, 0x8437, 
0x6B95, 0x6BB2, 0x7473, 0x74B1, 0x74F1, 0x74B0, 0x74D1, 0x74B1, 
0x74B1, 0x7490, 0x7490, 0x7490, 0x7490, 0x7490, 0x7490, 0x6C90, 
0x7490, 0x7490, 0x6C90, 0x6C90, 0x6C70, 0x6C90, 0x6C70, 0x6C70, 
0x6C70, 0x6C70, 0x6C70, 0x6C70, 0x6C4F, 0x6C4F, 0x6C4F, 0x6C4F, 
0x6C4F, 0x6C4F, 0x6C4F, 0x6C4F, 0x6C4F, 0x6C4F, 0x6C4F, 0x642F, 
0x6C4F, 0x6C4F, 0x642F, 0x642F, 0x642F, 0x642F, 0x642F, 0x642F, 
0x642F, 0x642F, 0x640E, 0x640E, 0x640E, 0x640E, 0x640E, 0x5BEE, 
0x63EE, 0x5BEE, 0x5BEE, 0x5BEE, 0x5BEE, 0x5BCD, 0x5BCE, 0x5BCD, 
0x5BCD, 0x5BCD, 0x5BAD, 0x5BCD, 0x5BCD, 0x5BAD, 0x5BAD, 0x5BAD, 
0x5BAD, 0x538D, 0x5B8D, 0x538C, 0x538C, 0x538C, 0x536C, 0x538C, 
0x538C, 0x536C, 0x536C, 0x534C, 0x534C, 0x534C, 0x534C, 0x534C, 
0x532B, 0x532B, 0x532B, 0x4B0B, 0x4B2B, 0x4B0B, 0x4B0B, 0x4B0B, 
0x4B0B, 0x42EA, 0x4AEA, 0x4AEA, 0x42EA, 0x42EA, 0x42CA, 0x42CA, 
0x42A9, 0x42A9, 0x42AA, 0x42AA, 0x42A9, 0x4289, 0x4289, 0x4289, 
0x4269, 0x4269, 0x4268, 0x3A48, 0x3A48, 0x3A48, 0x3A48, 0x3A28, 
0xAE77, 0xAE57, 0xAE57, 0xA637, 0xA637, 0x9E36, 0x9E36, 0x9E16, 
0x9E16, 0x9E16, 0x9616, 0x9616, 0x9616, 0x9DF6, 0x9E16, 0x9E16, 
0x9E16, 0xA616, 0xA616, 0xA637, 0xA657, 0xAE57, 0xAE77, 0xAE78, 
0xAE78, 0xB678, 0xB698, 0xB678, 0xB698, 0xB678, 0xB678, 0xAE78, 
0xAE77, 0xAE57, 0xAE57, 0xA637, 0xA637, 0x9E16, 0x9E16, 0x9DF6, 
0x95F5, 0x95D5, 0x95D5, 0x95B5, 0x95B5, 0x8DB4, 0x8DB4, 0x8D94, 
0x8D94, 0x8D94, 0x8D94, 0x8594, 0x8D94, 0x8594, 0x8594, 0x8D94, 
0x8D94, 0x8594, 0x8594, 0x8D94, 0x8D94, 0x8D94, 0x8D94, 0x8D94, 
0x95B4, 0x95B5, 0x95B5, 0x95B5, 0x95B5, 0x9DD5, 0x9DD5, 0x9DF6, 
0x9DF6, 0xA5F6, 0xA616, 0xA616, 0xA616, 0xA616, 0xA637, 0xAE37, 
0xAE37, 0xAE57, 0xB657, 0xB657, 0xB657, 0xB678, 0xB678, 0xB678, 
0xB678, 0xB678, 0xB678, 0xB678, 0xB678, 0xB678, 0xB678, 0xB658, 
0xB658, 0xB658, 0xB658, 0xB657, 0xB657, 0xB637, 0xB637, 0xB676, 
0xA5F6, 0xB638, 0xADF6, 0x8CD5, 0x6B95, 0x73B5, 0x7BD5, 0x7BF6, 
0x8457, 0x8436, 0x8416, 0x7BF6, 0x6353, 0x8458, 0x6B74, 0x6333, 
0x6B95, 0x6B94, 0x73F4, 0x7473, 0x7CD2, 0x74D0, 0x6CCF, 0x74B1, 
0x74B1, 0x7490, 0x6C90, 0x7490, 0x7490, 0x7490, 0x6C90, 0x7490, 
0x6C90, 0x6C90, 0x6C90, 0x6C90, 0x6C70, 0x6C90, 0x6C70, 0x6C70, 
0x6C70, 0x6C70, 0x6C70, 0x6C70, 0x6C70, 0x6C4F, 0x6C4F, 0x6C4F, 
0x6C4F, 0x6C4F, 0x6C4F, 0x6C4F, 0x6C4F, 0x6C4F, 0x6C4F, 0x642F, 
0x6C4F, 0x642F, 0x642F, 0x642F, 0x642F, 0x642F, 0x642F, 0x642E, 
0x642E, 0x640E, 0x640E, 0x640E, 0x640E, 0x640E, 0x640E, 0x5BEE, 
0x63EE, 0x5BEE, 0x5BEE, 0x5BEE, 0x5BEE, 0x5BCD, 0x5BCE, 0x5BCD, 
0x5BCD, 0x5BCD, 0x5BAD, 0x5BCD, 0x5BCD, 0x5BAD, 0x5BAD, 0x5BAD, 
0x5BAD, 0x538D, 0x5B8D, 0x538D, 0x538C, 0x538C, 0x536C, 0x538C, 
0x538C, 0x536C, 0x536C, 0x534C, 0x534C, 0x534C, 0x534C, 0x534C, 
0x532B, 0x532B, 0x532B, 0x4B0B, 0x4B2B, 0x4B0B, 0x4B0B, 0x4B0B, 
0x4B0B, 0x42EA, 0x4AEA, 0x4AEA, 0x42EA, 0x42EA, 0x42CA, 0x42CA, 
0x42A9, 0x42A9, 0x42AA, 0x42AA, 0x42A9, 0x4289, 0x4289, 0x4289, 
0x4269, 0x4268, 0x4268, 0x3A48, 0x3A48, 0x3A48, 0x3A48, 0x3A28, 
0xAE77, 0xAE77, 0xAE57, 0xA657, 0xA636, 0x9E36, 0x9E16, 0x9E16, 
0x9DF6, 0x9DF6, 0x95F5, 0x95F5, 0x95F6, 0x95F5, 0x95F6, 0x9E16, 
0x9E16, 0x9E16, 0x9E16, 0xA636, 0xA637, 0xA657, 0xAE57, 0xAE77, 
0xAE77, 0xB678, 0xB698, 0xB678, 0xB698, 0xB698, 0xB678, 0xB698, 
0xB698, 0xAE78, 0xAE77, 0xAE57, 0xAE57, 0xA616, 0xA616, 0x9E16, 
0x9DF6, 0x95D5, 0x95D5, 0x95B5, 0x95B5, 0x95B5, 0x8D94, 0x8DB4, 
0x8D94, 0x8D94, 0x8D94, 0x8594, 0x8573, 0x8573, 0x8573, 0x8594, 
0x8573, 0x8573, 0x8573, 0x8573, 0x8594, 0x8D74, 0x8D94, 0x8D94, 
0x8D94, 0x8D94, 0x8D94, 0x9594, 0x95B5, 0x95B5, 0x95D5, 0x9DD5, 
0x9DD5, 0x9DD6, 0x9DF6, 0x9DF6, 0xA616, 0xA616, 0xA616, 0xA616, 
0xAE37, 0xAE37, 0xAE37, 0xB657, 0xB637, 0xAE57, 0xB657, 0xB657, 
0xB657, 0xB658, 0xB678, 0xB658, 0xB658, 0xB678, 0xB678, 0xB678, 
0xB678, 0xB678, 0xB678, 0xB658, 0xB658, 0xB658, 0xB657, 0xAE37, 
0xB656, 0xB637, 0x8C96, 0x7BF5, 0x8437, 0x8C97, 0x8456, 0x7C15, 
0x7BF5, 0x8C77, 0x7BF6, 0x8436, 0x8436, 0x5AF2, 0x8458, 0x7C16, 
0x7BF6, 0x5AB3, 0x7BD6, 0x6352, 0x6C32, 0x7CD2, 0x74D0, 0x74B1, 
0x74B0, 0x6C90, 0x7490, 0x6C90, 0x6C90, 0x6C90, 0x7490, 0x6C90, 
0x6C90, 0x6C90, 0x6C90, 0x6C90, 0x6C70, 0x6C90, 0x6C70, 0x6C70, 
0x6C70, 0x6C70, 0x6C70, 0x6C70, 0x6C70, 0x6C4F, 0x6C4F, 0x6C4F, 
0x6C4F, 0x6C4F, 0x6C4F, 0x644F, 0x644F, 0x642F, 0x642F, 0x642F, 
0x642F, 0x642F, 0x642F, 0x642F, 0x642F, 0x642F, 0x642E, 0x642F, 
0x640E, 0x640E, 0x640E, 0x640E, 0x640E, 0x640E, 0x63EE, 0x5BEE, 
0x63EE, 0x5BEE, 0x5BEE, 0x5BEE, 0x5BEE, 0x5BCD, 0x5BCD, 0x5BCD, 
0x5BCD, 0x5BAD, 0x5BAD, 0x5BCD, 0x5BAD, 0x5BAD, 0x5BAD, 0x5BAD, 
0x5BAD, 0x538D, 0x5B8D, 0x538D, 0x538C, 0x538C, 0x536C, 0x538C, 
0x538C, 0x536C, 0x536C, 0x534C, 0x534C, 0x534C, 0x534C, 0x534C, 
0x532B, 0x532B, 0x532B, 0x4B0B, 0x4B2B, 0x4B0B, 0x4B0B, 0x4B0B, 
0x4B0B, 0x42EA, 0x4AEA, 0x4AEA, 0x42EA, 0x42EA, 0x42CA, 0x42CA, 
0x42A9, 0x42A9, 0x42AA, 0x42AA, 0x42A9, 0x4289, 0x4289, 0x4289, 
0x4269, 0x4269, 0x4268, 0x3A48, 0x4268, 0x3A48, 0x3A48, 0x3A48, 
0xAE77, 0xAE57, 0xAE57, 0xAE57, 0xA636, 0x9E16, 0x9E16, 0x9E16, 
0x9E16, 0x9DF6, 0x95F5, 0x95F5, 0x95F5, 0x95F5, 0x95F5, 0x95F6, 
0x9E16, 0x9E16, 0x9E16, 0x9E16, 0xA636, 0xA637, 0xAE57, 0xAE57, 
0xAE57, 0xAE78, 0xB678, 0xB678, 0xB678, 0xB698, 0xB678, 0xB698, 
0xB678, 0xAE77, 0xAE77, 0xAE57, 0xAE57, 0xA637, 0xA636, 0xA616, 
0x9DF6, 0x9DF6, 0x95D5, 0x95D5, 0x95D5, 0x95B5, 0x8DB4, 0x8D94, 
0x8D94, 0x8D94, 0x8594, 0x8573, 0x8573, 0x8573, 0x8573, 0x8573, 
0x8573, 0x8573, 0x8573, 0x8573, 0x8573, 0x8D73, 0x8D74, 0x8D74, 
0x8D74, 0x8D94, 0x8D74, 0x8D94, 0x8D94, 0x95B4, 0x95B5, 0x95B5, 
0x95D5, 0x9DD5, 0x9DD5, 0x9DD5, 0x9DF6, 0x9E16, 0x9E16, 0xA616, 
0xA616, 0xA616, 0xAE37, 0xAE37, 0xAE37, 0xAE57, 0xAE57, 0xAE57, 
0xB657, 0xB657, 0xB658, 0xB658, 0xB658, 0xB658, 0xB658, 0xB678, 
0xB678, 0xB678, 0xB678, 0xB678, 0xB658, 0xB658, 0xB657, 0xB637, 
0xB658, 0xA577, 0x7BF6, 0x8C37, 0x9496, 0x94B7, 0x9CF8, 0x94B7, 
0x73B4, 0x7C16, 0x8C57, 0x7C15, 0x8457, 0x8C77, 0x6B54, 0x6B74, 
0x7BF6, 0x8437, 0x6B54, 0x6B75, 0x6BB3, 0x7C73, 0x7491, 0x74B0, 
0x74B0, 0x6C90, 0x6C90, 0x7490, 0x7490, 0x7490, 0x6C90, 0x6C90, 
0x6C90, 0x6C90, 0x6C70, 0x6C90, 0x6C70, 0x6C90, 0x6C70, 0x6C70, 
0x6C70, 0x6C70, 0x6C70, 0x6C70, 0x6C70, 0x6C4F, 0x6C4F, 0x6C4F, 
0x6C4F, 0x6C4F, 0x644F, 0x644F, 0x6C4F, 0x642F, 0x6C4F, 0x642F, 
0x642F, 0x642F, 0x642F, 0x642F, 0x642F, 0x642F, 0x642E, 0x642E, 
0x642E, 0x640E, 0x640E, 0x640E, 0x640E, 0x640E, 0x640E, 0x5BEE, 
0x63EE, 0x5BEE, 0x5BEE, 0x5BEE, 0x5BEE, 0x5BCD, 0x5BCD, 0x5BCD, 
0x5BCD, 0x5BCD, 0x5BAD, 0x5BAD, 0x5BAD, 0x5BAD, 0x5BAD, 0x5BAD, 
0x5B8D, 0x538D, 0x5B8D, 0x538D, 0x538C, 0x538C, 0x536C, 0x538C, 
0x538C, 0x536C, 0x536C, 0x534C, 0x534C, 0x534C, 0x534C, 0x534C, 
0x532B, 0x532B, 0x532B, 0x4B0B, 0x4B2B, 0x4B0B, 0x4B0B, 0x4B0B, 
0x4B0B, 0x42EA, 0x4AEA, 0x4AEA, 0x42EA, 0x42EA, 0x42CA, 0x42CA, 
0x42A9, 0x42A9, 0x42AA, 0x42AA, 0x42A9, 0x4289, 0x42A9, 0x4289, 
0x4269, 0x4269, 0x4268, 0x3A48, 0x4268, 0x3A48, 0x3A48, 0x3A48, 
0xAE77, 0xAE77, 0xAE57, 0xAE57, 0xA636, 0x9E16, 0x9E16, 0x9E16, 
0x9DF6, 0x9DF6, 0x95F5, 0x95F5, 0x95F5, 0x95D5, 0x95F5, 0x95F6, 
0x9DF6, 0x9E16, 0x9E16, 0x9E16, 0xA636, 0xA637, 0xAE57, 0xAE57, 
0xAE77, 0xAE77, 0xB678, 0xB678, 0xB698, 0xB698, 0xB698, 0xB698, 
0xB678, 0xAE77, 0xAE57, 0xAE57, 0xAE57, 0xAE37, 0xA637, 0xA636, 
0x9E16, 0x9DF6, 0x9DF6, 0x95B5, 0x95B5, 0x95B5, 0x8DB4, 0x8D94, 
0x8D94, 0x8D94, 0x8594, 0x8573, 0x8573, 0x8573, 0x8573, 0x8553, 
0x8573, 0x8573, 0x8573, 0x8573, 0x8553, 0x8D73, 0x8D73, 0x8D73, 
0x8D74, 0x8D74, 0x8D74, 0x8D74, 0x8D94, 0x8D94, 0x8D94, 0x95B4, 
0x95B4, 0x95B5, 0x95B5, 0x9DD5, 0x9DD5, 0x9DF6, 0x9DF6, 0x9E16, 
0xA616, 0xA616, 0xAE16, 0xAE37, 0xAE37, 0xAE37, 0xAE37, 0xAE57, 
0xAE57, 0xB657, 0xB657, 0xB658, 0xB658, 0xB658, 0xB658, 0xB678, 
0xB678, 0xB678, 0xB658, 0xB658, 0xB678, 0xB658, 0xB658, 0xB676, 
0x9D57, 0x8477, 0x94B8, 0xA539, 0x9C97, 0x94F7, 0x94D7, 0x94D8, 
0x8C77, 0x73D5, 0x8416, 0x8456, 0x8477, 0x7C16, 0x8437, 0x73B6, 
0x5AF3, 0x7C56, 0x6B75, 0x7376, 0x6B54, 0x73D3, 0x6BF1, 0x74D0, 
0x74B0, 0x7490, 0x6C90, 0x6C90, 0x6C90, 0x7490, 0x6C90, 0x6C90, 
0x6C90, 0x6C90, 0x6C70, 0x6C90, 0x6C90, 0x6C90, 0x6C70, 0x6C70, 
0x6C70, 0x6C70, 0x6C70, 0x6C70, 0x6C70, 0x6C4F, 0x6C4F, 0x6C4F, 
0x6C4F, 0x6C4F, 0x644F, 0x6C4F, 0x6C4F, 0x642F, 0x6C4F, 0x642F, 
0x642F, 0x642F, 0x642F, 0x642F, 0x642F, 0x642E, 0x642F, 0x640E, 
0x642E, 0x640E, 0x640E, 0x640E, 0x640E, 0x63EE, 0x640E, 0x5BEE, 
0x63EE, 0x5BEE, 0x5BEE, 0x5BEE, 0x5BEE, 0x5BCD, 0x5BCD, 0x5BCD, 
0x5BAD, 0x5BCD, 0x5BAD, 0x5BAD, 0x5BAD, 0x5BAD, 0x5BAD, 0x5BAD, 
0x5BAD, 0x538D, 0x5B8D, 0x538C, 0x538C, 0x538C, 0x536C, 0x538C, 
0x538C, 0x536C, 0x536C, 0x534C, 0x534C, 0x534C, 0x534C, 0x534C, 
0x532B, 0x532B, 0x532B, 0x4B0B, 0x4B2B, 0x4B0B, 0x4B0B, 0x4B0B, 
0x4B0B, 0x42EA, 0x42EA, 0x4AEA, 0x42EA, 0x42EA, 0x42CA, 0x42CA, 
0x42A9, 0x42A9, 0x42AA, 0x42AA, 0x42A9, 0x4289, 0x42A9, 0x4289, 
0x4269, 0x4269, 0x4269, 0x4268, 0x4268, 0x3A48, 0x3A48, 0x3A48, 
0xAE78, 0xAE57, 0xAE57, 0xAE57, 0xA637, 0xA636, 0x9E16, 0x9E16, 
0x9E16, 0x9E16, 0x95F5, 0x95D5, 0x95D5, 0x95D5, 0x95D5, 0x95D5, 
0x95F5, 0x9616, 0x9616, 0x9E16, 0x9E16, 0xA636, 0xA636, 0xA637, 
0xAE57, 0xAE57, 0xAE77, 0xAE78, 0xB678, 0xB678, 0xB678, 0xB698, 
0xB698, 0xB698, 0xB678, 0xAE77, 0xAE57, 0xAE57, 0xAE57, 0xA637, 
0xA637, 0xA616, 0x9DF6, 0x9DF6, 0x95D5, 0x95D5, 0x95D5, 0x95B5, 
0x8DB4, 0x8D94, 0x8D94, 0x8D94, 0x8573, 0x8573, 0x8573, 0x8573, 
0x8553, 0x8553, 0x8553, 0x8573, 0x8573, 0x8553, 0x8553, 0x8573, 
0x8573, 0x8573, 0x8573, 0x8D73, 0x8D94, 0x8D74, 0x8D94, 0x8D94, 
0x8D94, 0x9594, 0x9594, 0x95B5, 0x95B5, 0x9DD5, 0x9DD5, 0x9DD6, 
0x9DF6, 0x9DF6, 0xA5F6, 0xA616, 0xA616, 0xAE17, 0xAE37, 0xAE37, 
0xAE37, 0xB657, 0xAE57, 0xB637, 0xB657, 0xB657, 0xB658, 0xB658, 
0xB657, 0xB65A, 0xB677, 0xB696, 0xB678, 0xB638, 0xBE98, 0x9CF9, 
0x8C76, 0x8C96, 0x9D18, 0xAD9A, 0xAD9A, 0x9CF7, 0x94B7, 0x9CF8, 
0xA539, 0x9CF9, 0x7393, 0x8437, 0x8436, 0x8C96, 0x9D39, 0x8456, 
0x6333, 0x7BF6, 0x6354, 0x5AF2, 0x73D5, 0x6B74, 0x6334, 0x642F, 
0x74D1, 0x6CB0, 0x6C90, 0x74B1, 0x7471, 0x6C90, 0x6C90, 0x6C90, 
0x6C90, 0x6C70, 0x6C90, 0x6C70, 0x6C70, 0x6C70, 0x6C70, 0x6C70, 
0x6C70, 0x6C70, 0x6C70, 0x6C4F, 0x6C70, 0x6C4F, 0x6C4F, 0x6C4F, 
0x6C4F, 0x6C4F, 0x6C4F, 0x642F, 0x642F, 0x6C4F, 0x6C4F, 0x642F, 
0x642F, 0x642F, 0x642F, 0x642F, 0x642F, 0x642E, 0x642F, 0x642F, 
0x642E, 0x640E, 0x640E, 0x640E, 0x640E, 0x63EE, 0x640E, 0x5BEE, 
0x63EE, 0x5BEE, 0x5BCD, 0x5BCD, 0x5BEE, 0x5BCD, 0x5BCD, 0x5BCD, 
0x5BAD, 0x5BCD, 0x5BAD, 0x5BAD, 0x5BAD, 0x5BAD, 0x5BAD, 0x5BAD, 
0x538D, 0x5BAD, 0x5BAD, 0x5B8D, 0x538C, 0x538D, 0x538C, 0x536C, 
0x536C, 0x536C, 0x534C, 0x534C, 0x534C, 0x534C, 0x534C, 0x534C, 
0x532B, 0x4B2B, 0x4B2B, 0x4B0B, 0x4B2B, 0x4B0B, 0x4B0B, 0x4B0B, 
0x4B0B, 0x4AEA, 0x4AEA, 0x42EA, 0x42EA, 0x42EA, 0x42CA, 0x42AA, 
0x42CA, 0x42CA, 0x42AA, 0x42A9, 0x42A9, 0x4289, 0x4289, 0x4289, 
0x4269, 0x4269, 0x4269, 0x4268, 0x4268, 0x3A48, 0x3A48, 0x3A48, 
0xAE78, 0xAE57, 0xAE57, 0xAE57, 0xA637, 0xA636, 0x9E16, 0x9E16, 
0x9E16, 0x9E16, 0x95F5, 0x95D5, 0x95D5, 0x95D5, 0x95D5, 0x95D5, 
0x95F5, 0x95F5, 0x95F6, 0x9E16, 0x9E16, 0x9E16, 0xA616, 0xA637, 
0xA657, 0xAE57, 0xAE77, 0xAE78, 0xB678, 0xB678, 0xB678, 0xB698, 
0xB698, 0xB698, 0xB678, 0xAE78, 0xAE57, 0xAE57, 0xAE57, 0xAE37, 
0xA637, 0xA616, 0x9E16, 0x9DF6, 0x95D5, 0x95D5, 0x95D5, 0x95B5, 
0x8DB4, 0x8D94, 0x8D94, 0x8D94, 0x8573, 0x8573, 0x8573, 0x8573, 
0x8573, 0x8553, 0x8553, 0x8553, 0x8553, 0x8553, 0x8553, 0x8553, 
0x8573, 0x8573, 0x8573, 0x8573, 0x8D73, 0x8D74, 0x8D74, 0x8D94, 
0x8D74, 0x8D94, 0x9594, 0x9594, 0x95B5, 0x95B5, 0x95B5, 0x9DB5, 
0x9DD5, 0x9DD5, 0x9DF6, 0xA5F6, 0x9DF6, 0xA616, 0xA616, 0xAE16, 
0xAE37, 0xAE37, 0xAE37, 0xB637, 0xB657, 0xB657, 0xB657, 0xB657, 
0xB657, 0xB678, 0xB679, 0xAE37, 0xBE97, 0xBE78, 0x9D57, 0x8C56, 
0x9CF8, 0xAD9A, 0x8CB7, 0x94D7, 0xB5DB, 0xAD59, 0x9CF7, 0xA518, 
0x9CF8, 0x94B8, 0xAD7B, 0x6333, 0x73D4, 0x8435, 0x8C97, 0x8436, 
0x8437, 0x5AF2, 0x8437, 0x6B74, 0x73D6, 0x6333, 0x8417, 0x63D2, 
0x63F1, 0x6C91, 0x74D0, 0x6C90, 0x74B1, 0x6C90, 0x6C90, 0x6C90, 
0x6C70, 0x6C90, 0x6C90, 0x6C70, 0x6C70, 0x6C70, 0x6C70, 0x6C70, 
0x6C70, 0x6C70, 0x6C70, 0x6C4F, 0x6C70, 0x6C4F, 0x6C4F, 0x6C4F, 
0x6C4F, 0x6C4F, 0x6C4F, 0x642F, 0x642F, 0x6C4F, 0x6C4F, 0x642F, 
0x642F, 0x642F, 0x642F, 0x642F, 0x642F, 0x642E, 0x642F, 0x642F, 
0x642E, 0x640E, 0x640E, 0x640E, 0x640E, 0x640E, 0x5BEE, 0x63EE, 
0x63EE, 0x5BEE, 0x5BCD, 0x5BCD, 0x5BEE, 0x5BCD, 0x5BCD, 0x5BCD, 
0x5BAD, 0x5BCD, 0x5BAD, 0x5BAD, 0x5BAD, 0x5BAD, 0x5BAD, 0x5BAD, 
0x538D, 0x5BAD, 0x5B8D, 0x538D, 0x538C, 0x538C, 0x538C, 0x536C, 
0x536C, 0x536C, 0x534C, 0x534C, 0x534C, 0x534C, 0x534C, 0x534C, 
0x532B, 0x4B2B, 0x4B2B, 0x4B0B, 0x4B2B, 0x4B0B, 0x4B0B, 0x4B0B, 
0x4B0B, 0x4AEA, 0x4AEA, 0x42EA, 0x42EA, 0x42EA, 0x42CA, 0x42AA, 
0x42CA, 0x42CA, 0x42AA, 0x42A9, 0x42A9, 0x42A9, 0x4289, 0x4289, 
0x4269, 0x4269, 0x4269, 0x4268, 0x4268, 0x3A48, 0x3A48, 0x3A48, 
0xAE78, 0xAE77, 0xAE77, 0xAE57, 0xA637, 0xA636, 0x9E36, 0x9E16, 
0x9E16, 0x9E16, 0x95F5, 0x95D5, 0x95D5, 0x95D5, 0x95D5, 0x95D5, 
0x95D5, 0x95F5, 0x95F5, 0x9DF6, 0x9E16, 0x9E16, 0xA616, 0xA616, 
0xA637, 0xAE57, 0xAE57, 0xAE77, 0xB678, 0xB678, 0xB678, 0xB678, 
0xB678, 0xB678, 0xB678, 0xB678, 0xAE57, 0xB657, 0xAE57, 0xAE37, 
0xA637, 0xA636, 0xA616, 0x9E16, 0x9DF5, 0x95D5, 0x95D5, 0x95B5, 
0x95B5, 0x8D94, 0x8D94, 0x8D94, 0x8594, 0x8573, 0x8573, 0x8553, 
0x8573, 0x8553, 0x8553, 0x8553, 0x8553, 0x8553, 0x8553, 0x8553, 
0x8553, 0x8553, 0x8553, 0x8553, 0x8573, 0x8573, 0x8D73, 0x8D73, 
0x8D73, 0x8D74, 0x8D74, 0x8D94, 0x9594, 0x9594, 0x9594, 0x95B5, 
0x95B5, 0x9DB5, 0x9DD5, 0x9DD6, 0x9DF6, 0xA5F6, 0xA5F6, 0xA5F6, 
0xA616, 0xAE16, 0xA616, 0xAE37, 0xB637, 0xB637, 0xB657, 0xB657, 
0xB657, 0xB657, 0xAE17, 0xBE59, 0xB657, 0x9D56, 0x8C77, 0x9496, 
0xA538, 0xB59A, 0xAD59, 0x94B7, 0x94F7, 0xAD59, 0xB59A, 0x9CF8, 
0x9D19, 0x8C56, 0x7BD5, 0x6B93, 0x7C15, 0x7BF5, 0x8456, 0x8C98, 
0x8437, 0x8436, 0x5AF2, 0x7394, 0x7BF6, 0x7BD6, 0x5291, 0x73B6, 
0x7C15, 0x7452, 0x6C90, 0x6CB0, 0x6C8F, 0x6C90, 0x6C90, 0x6C90, 
0x6C70, 0x6C90, 0x6C70, 0x6C70, 0x6C70, 0x6C70, 0x6C70, 0x6C70, 
0x6C70, 0x6C70, 0x6C70, 0x6C4F, 0x6C4F, 0x6C4F, 0x6C4F, 0x6C4F, 
0x6C4F, 0x6C4F, 0x6C4F, 0x642F, 0x642F, 0x6C4F, 0x6C4F, 0x642F, 
0x642F, 0x642F, 0x642F, 0x642F, 0x642F, 0x642E, 0x642F, 0x642F, 
0x642E, 0x640E, 0x640E, 0x640E, 0x63EE, 0x640E, 0x5BEE, 0x63EE, 
0x63EE, 0x5BEE, 0x5BCD, 0x5BCD, 0x5BEE, 0x5BCD, 0x5BCD, 0x5BCD, 
0x5BAD, 0x5BCD, 0x5BAD, 0x5BAD, 0x5BAD, 0x5BAD, 0x5BAD, 0x5BAD, 
0x538D, 0x5B8D, 0x5B8D, 0x538C, 0x538D, 0x538C, 0x538C, 0x536C, 
0x536C, 0x536C, 0x534C, 0x534C, 0x534C, 0x534C, 0x534C, 0x534C, 
0x532B, 0x532B, 0x4B2B, 0x4B0B, 0x4B2B, 0x4B0B, 0x4B0B, 0x4B0B, 
0x4B0B, 0x4AEA, 0x4AEA, 0x42EA, 0x42EA, 0x42EA, 0x42CA, 0x42AA, 
0x42CA, 0x42CA, 0x42AA, 0x42A9, 0x42A9, 0x42A9, 0x4289, 0x4289, 
0x4269, 0x4269, 0x4269, 0x4268, 0x4268, 0x3A48, 0x3A48, 0x3A48, 
0xAE78, 0xAE77, 0xAE77, 0xAE57, 0xAE57, 0xA637, 0xA636, 0x9E16, 
0x9E16, 0x9E16, 0x95F5, 0x95D5, 0x95D5, 0x95D5, 0x95D5, 0x8DD5, 
0x95D5, 0x95D5, 0x95F5, 0x95F5, 0x9DF6, 0x9E16, 0x9E16, 0xA616, 
0xA636, 0xA637, 0xAE57, 0xAE57, 0xAE77, 0xB678, 0xB678, 0xB678, 
0xB678, 0xB678, 0xB678, 0xB678, 0xB678, 0xB678, 0xAE57, 0xAE57, 
0xAE57, 0xA637, 0xA636, 0xA616, 0x9E16, 0x9DF6, 0x9DD5, 0x9DD5, 
0x95B5, 0x95B4, 0x95B4, 0x8D94, 0x8D94, 0x8D94, 0x8573, 0x8573, 
0x8573, 0x8553, 0x8553, 0x8553, 0x8553, 0x7D53, 0x7D53, 0x7D53, 
0x8553, 0x8553, 0x8553, 0x8553, 0x8553, 0x8553, 0x8553, 0x8553, 
0x8553, 0x8D73, 0x8D74, 0x8D74, 0x8D74, 0x8D94, 0x8D94, 0x9594, 
0x9594, 0x95B5, 0x95B5, 0x9DD5, 0x9DD5, 0x9DD6, 0x9DF6, 0xA5F6, 
0xA5F6, 0xA616, 0xA616, 0xAE16, 0xAE17, 0xAE37, 0xAE37, 0xAE37, 
0xAE57, 0xB638, 0xB657, 0xBE58, 0x9D17, 0x8436, 0x9497, 0xA4F8, 
0x9CD7, 0xA518, 0xBDDB, 0xAD59, 0x8C55, 0x9CF7, 0xB59A, 0xAD7A, 
0x9CD8, 0x8415, 0x6B52, 0xAD9B, 0xB5DC, 0x8C57, 0x7BD5, 0x8C77, 
0x7BF6, 0x8436, 0x8C57, 0x6333, 0x7395, 0x7C17, 0x5291, 0x4191, 
0x7396, 0x73F4, 0x6BF0, 0x74B1, 0x6CB0, 0x6C90, 0x6C70, 0x6C70, 
0x6C90, 0x6C70, 0x6C70, 0x6C70, 0x6C70, 0x6C70, 0x6C70, 0x6C70, 
0x6C70, 0x6C70, 0x6C70, 0x6C4F, 0x6C4F, 0x6C4F, 0x6C4F, 0x6C4F, 
0x6C4F, 0x6C4F, 0x6C4F, 0x642F, 0x6C4F, 0x642F, 0x6C4F, 0x642F, 
0x642F, 0x642F, 0x642F, 0x642F, 0x642F, 0x642E, 0x642F, 0x642F, 
0x642E, 0x640E, 0x640E, 0x63EE, 0x640E, 0x5BEE, 0x5BEE, 0x63EE, 
0x63EE, 0x5BEE, 0x5BCD, 0x5BCD, 0x5BEE, 0x5BCD, 0x5BCD, 0x5BCD, 
0x5BAD, 0x5BCD, 0x5BAD, 0x5BAD, 0x5BAD, 0x5BAD, 0x5BAD, 0x5BAD, 
0x53AD, 0x538D, 0x5B8D, 0x538D, 0x538C, 0x538C, 0x536C, 0x536C, 
0x536C, 0x536C, 0x534C, 0x534C, 0x534C, 0x534C, 0x534C, 0x534C, 
0x532B, 0x532B, 0x4B2B, 0x4B0B, 0x4B2B, 0x4B0B, 0x4B0B, 0x4B0B, 
0x4B0B, 0x4AEA, 0x4AEA, 0x42EA, 0x42EA, 0x42EA, 0x42CA, 0x42AA, 
0x42CA, 0x42CA, 0x42AA, 0x42A9, 0x42A9, 0x42A9, 0x4289, 0x4289, 
0x4269, 0x4269, 0x4269, 0x4268, 0x4268, 0x3A48, 0x3A48, 0x3A48, 
0xAE77, 0xAE78, 0xAE77, 0xAE77, 0xA657, 0xA637, 0xA636, 0x9E16, 
0x9E16, 0x9E16, 0x95F5, 0x95D5, 0x95D5, 0x8DD5, 0x8DD5, 0x8DB5, 
0x8DD5, 0x95D5, 0x95D5, 0x95D5, 0x95F5, 0x9DF6, 0x9DF6, 0x9E16, 
0xA616, 0xA636, 0xA637, 0xAE57, 0xAE57, 0xAE57, 0xAE57, 0xB678, 
0xB678, 0xB678, 0xB678, 0xB678, 0xB678, 0xB678, 0xB657, 0xAE57, 
0xAE57, 0xAE57, 0xA637, 0xA637, 0xA616, 0x9E16, 0x9DF6, 0x9DD5, 
0x95D5, 0x95B5, 0x95B5, 0x8D94, 0x8D94, 0x8D94, 0x8573, 0x8573, 
0x8573, 0x8553, 0x8553, 0x8553, 0x8553, 0x7D53, 0x7D53, 0x7D53, 
0x7D53, 0x7D53, 0x7D53, 0x7D53, 0x7D53, 0x8553, 0x8553, 0x8553, 
0x8553, 0x8553, 0x8573, 0x8573, 0x8D73, 0x8D74, 0x8D74, 0x8D74, 
0x8D94, 0x9594, 0x9594, 0x95B5, 0x95B5, 0x9DB5, 0x9DD5, 0x9DD5, 
0x9DD6, 0x9DF6, 0x9DF6, 0xA5F6, 0xA616, 0xA616, 0xAE17, 0xAE37, 
0xAE37, 0xAE17, 0xB638, 0x9D36, 0x8416, 0x9478, 0x9CD7, 0x9CB7, 
0x9CD7, 0x9496, 0xAD38, 0xAD79, 0xB59A, 0x8C55, 0x9CD7, 0xB5BB, 
0x8436, 0x73B4, 0xA55A, 0x94D7, 0x9D19, 0x7BF5, 0x6333, 0x73D5, 
0x8436, 0x8436, 0x8456, 0x94D9, 0x5AD2, 0x7396, 0x6314, 0x5252, 
0x41D0, 0x7355, 0x73D4, 0x63F1, 0x74B1, 0x6C70, 0x6C70, 0x6C90, 
0x6C70, 0x6C70, 0x6C70, 0x6C70, 0x6C70, 0x6C70, 0x6C70, 0x6C70, 
0x6C70, 0x6C4F, 0x6C70, 0x6C4F, 0x6C4F, 0x6C4F, 0x6C4F, 0x6C4F, 
0x6C4F, 0x6C4F, 0x6C4F, 0x642F, 0x6C4F, 0x642F, 0x6C4F, 0x6C4F, 
0x642F, 0x642F, 0x642F, 0x642F, 0x642F, 0x642E, 0x642F, 0x642F, 
0x642E, 0x640E, 0x640E, 0x63EE, 0x63EE, 0x63EE, 0x5BEE, 0x63EE, 
0x63EE, 0x5BEE, 0x5BCD, 0x5BCD, 0x5BEE, 0x5BCD, 0x5BCD, 0x5BCD, 
0x5BAD, 0x5BCD, 0x5BAD, 0x5BAD, 0x5BAD, 0x5BAD, 0x5BAD, 0x5BAD, 
0x53AD, 0x5B8D, 0x538D, 0x538C, 0x538C, 0x538C, 0x538C, 0x536C, 
0x536C, 0x536C, 0x534C, 0x534C, 0x534C, 0x534C, 0x534C, 0x534C, 
0x532B, 0x532B, 0x4B2B, 0x4B0B, 0x4B2B, 0x4B0B, 0x4B0B, 0x4B0B, 
0x4B0B, 0x4AEA, 0x4AEA, 0x42EA, 0x42EA, 0x42EA, 0x42CA, 0x42AA, 
0x42CA, 0x42CA, 0x42AA, 0x42A9, 0x42A9, 0x42A9, 0x4289, 0x4289, 
0x4269, 0x4269, 0x4269, 0x4268, 0x4268, 0x3A48, 0x3A48, 0x3A48, 
0xAE77, 0xAE78, 0xAE78, 0xAE77, 0xAE57, 0xA637, 0xA637, 0x9E16, 
0x9E16, 0x9E16, 0x95F5, 0x95D5, 0x95D5, 0x8DD5, 0x8DB5, 0x8DB5, 
0x8DB5, 0x8DD5, 0x8DD5, 0x95D5, 0x95F5, 0x9DF6, 0x9DF6, 0x9E16, 
0xA616, 0xA616, 0xA636, 0xA637, 0xAE57, 0xAE57, 0xAE57, 0xB678, 
0xB678, 0xB678, 0xB698, 0xB698, 0xB698, 0xB678, 0xB678, 0xB657, 
0xAE57, 0xAE57, 0xAE37, 0xA637, 0xA636, 0xA616, 0x9DF6, 0x9DF6, 
0x9DD5, 0x95B5, 0x95B5, 0x95B4, 0x8D94, 0x8D94, 0x8D73, 0x8573, 
0x8573, 0x8553, 0x8553, 0x8553, 0x8553, 0x7D53, 0x7D53, 0x8553, 
0x8553, 0x7D32, 0x7D32, 0x7D53, 0x7D53, 0x7D53, 0x8553, 0x8553, 
0x8553, 0x8553, 0x8553, 0x8553, 0x8553, 0x8553, 0x8553, 0x8D53, 
0x8D74, 0x8D74, 0x8D94, 0x9594, 0x9594, 0x9595, 0x95B5, 0x9DB5, 
0x9DB5, 0x9DD5, 0x9DD5, 0xA5D6, 0xA5F6, 0xA616, 0xA616, 0xAE16, 
0xA617, 0xB655, 0x9515, 0x7C16, 0x8C57, 0x9CB7, 0x9C77, 0x9CF7, 
0x9CB6, 0x94B6, 0x94B7, 0xA538, 0xBDDB, 0x9D18, 0x9CF7, 0x9CF8, 
0x6332, 0x94B7, 0xAD7B, 0x7C14, 0x6B94, 0x7BF6, 0x8C78, 0x7BF5, 
0x7BF5, 0x8C56, 0x8436, 0x9CD9, 0x5291, 0x41EF, 0x4A51, 0x4A70, 
0x4A31, 0x41B1, 0x7BB6, 0x6371, 0x640F, 0x6C90, 0x6C90, 0x6C70, 
0x6C70, 0x6C70, 0x6C70, 0x6C70, 0x6C70, 0x6C70, 0x6C70, 0x6C70, 
0x6C70, 0x6C4F, 0x6C70, 0x6C4F, 0x6C4F, 0x6C4F, 0x644F, 0x6C4F, 
0x6C4F, 0x6C4F, 0x6C4F, 0x642F, 0x6C4F, 0x642F, 0x6C4F, 0x6C4F, 
0x642F, 0x642F, 0x642E, 0x642F, 0x642F, 0x642E, 0x642F, 0x642F, 
0x642E, 0x640E, 0x640E, 0x640E, 0x5BEE, 0x63EE, 0x5BEE, 0x63EE, 
0x63EE, 0x5BEE, 0x5BCD, 0x5BCD, 0x5BEE, 0x5BCD, 0x5BCD, 0x5BCD, 
0x5BAD, 0x5BCD, 0x5BAD, 0x5BAD, 0x5BAD, 0x5BAD, 0x5BAD, 0x5BAD, 
0x5BAD, 0x538D, 0x538D, 0x538C, 0x538C, 0x536C, 0x538C, 0x536C, 
0x536C, 0x536C, 0x534C, 0x534C, 0x534C, 0x534C, 0x534C, 0x534C, 
0x532B, 0x532B, 0x4B2B, 0x4B0B, 0x4B2B, 0x4B0B, 0x4B0B, 0x4B0B, 
0x4B0B, 0x4AEA, 0x4AEA, 0x42EA, 0x42EA, 0x42EA, 0x42CA, 0x42AA, 
0x42AA, 0x42CA, 0x42AA, 0x42A9, 0x42A9, 0x42A9, 0x4289, 0x4289, 
0x4269, 0x4269, 0x4269, 0x4268, 0x3A48, 0x3A48, 0x3A48, 0x3A48, 
0xAE78, 0xAE77, 0xAE77, 0xAE57, 0xAE57, 0xA637, 0xA637, 0x9E36, 
0x9E16, 0x9DF6, 0x95F5, 0x95D5, 0x8DD5, 0x8DB5, 0x8DD5, 0x8DB4, 
0x8DB4, 0x8DB5, 0x8DD5, 0x95B5, 0x95D5, 0x95B5, 0x95D5, 0x9DF6, 
0x9DF6, 0x9E16, 0xA616, 0xA637, 0xA637, 0xAE57, 0xAE78, 0xAE77, 
0xAE78, 0xB678, 0xB678, 0xB698, 0xB698, 0xB678, 0xB678, 0xB678, 
0xB678, 0xAE57, 0xAE37, 0xAE57, 0xA637, 0xA616, 0xA616, 0x9DF6, 
0x9DF6, 0x95B5, 0x95B5, 0x95B5, 0x8D94, 0x8D94, 0x8D73, 0x8D74, 
0x8D73, 0x8D73, 0x8553, 0x8553, 0x8553, 0x8553, 0x8553, 0x7D53, 
0x7D53, 0x7D32, 0x7D32, 0x7D32, 0x8532, 0x7D32, 0x8532, 0x8553, 
0x8533, 0x8553, 0x8553, 0x8553, 0x8553, 0x8573, 0x8573, 0x8553, 
0x8D53, 0x8D53, 0x8D74, 0x8D74, 0x9574, 0x9594, 0x95B5, 0x95B5, 
0x95B5, 0x9DD5, 0x9DD5, 0x9DD7, 0x9DD5, 0xA616, 0x9DD7, 0xA5F6, 
0xAE75, 0x9477, 0x7BD5, 0x8C36, 0x9CB7, 0x9C97, 0x9C76, 0x9C96, 
0x9C97, 0xA4B7, 0x9CB7, 0x9CB7, 0xA4F8, 0xB5BB, 0x7BF4, 0x7392, 
0x9CF8, 0x94B8, 0x9CF9, 0x8435, 0x7BF5, 0x8416, 0x8416, 0x6B34, 
0x4A72, 0x8438, 0x8C79, 0x6314, 0x6314, 0x5AD3, 0x4A51, 0x49F1, 
0x49F1, 0x41AF, 0x4A51, 0x73D5, 0x7395, 0x6410, 0x7491, 0x6C8F, 
0x6C8F, 0x6C70, 0x6C72, 0x6C70, 0x6C70, 0x6C70, 0x6C70, 0x6C4F, 
0x6C4F, 0x6C4F, 0x6C4F, 0x6C4F, 0x6C4F, 0x6C4F, 0x644F, 0x6C2F, 
0x6C4F, 0x6C4F, 0x6C4F, 0x642F, 0x642F, 0x642F, 0x642F, 0x642F, 
0x642F, 0x642F, 0x642F, 0x640E, 0x642F, 0x640E, 0x642E, 0x640E, 
0x5C0E, 0x640E, 0x640E, 0x63EE, 0x63EE, 0x640E, 0x5BEE, 0x63EE, 
0x5BEE, 0x5BEE, 0x5BEE, 0x5BCD, 0x5BEE, 0x5BCD, 0x5BCD, 0x5BCD, 
0x5BCD, 0x5BAD, 0x5BCD, 0x5BAD, 0x5BAD, 0x5BAD, 0x538D, 0x5BAD, 
0x538D, 0x538C, 0x538D, 0x538D, 0x538C, 0x538C, 0x536C, 0x536C, 
0x536C, 0x536C, 0x536C, 0x534C, 0x536C, 0x534C, 0x534C, 0x532B, 
0x4B2B, 0x532B, 0x4B2B, 0x4B0B, 0x4B2B, 0x4B0B, 0x4B0B, 0x4B0B, 
0x4B0B, 0x4AEA, 0x4AEA, 0x42EA, 0x42EA, 0x42EA, 0x42CA, 0x42CA, 
0x42CA, 0x42CA, 0x42AA, 0x42A9, 0x42A9, 0x4289, 0x4289, 0x4289, 
0x4289, 0x4269, 0x3A69, 0x4248, 0x4268, 0x4268, 0x4268, 0x3A48, 
0xAE77, 0xAE77, 0xAE77, 0xAE57, 0xAE57, 0xA637, 0xA637, 0x9E16, 
0x9E16, 0x9DF6, 0x95F5, 0x95D5, 0x8DD5, 0x8DB5, 0x8DD5, 0x8DB5, 
0x8DB4, 0x8DB4, 0x8DB5, 0x8DB5, 0x95B5, 0x95D5, 0x95D5, 0x9DF5, 
0x9DF6, 0x9E16, 0x9E16, 0xA616, 0xA637, 0xAE57, 0xAE57, 0xAE57, 
0xAE77, 0xB678, 0xB678, 0xB678, 0xB698, 0xB678, 0xB678, 0xB678, 
0xB678, 0xB657, 0xAE57, 0xAE57, 0xAE37, 0xA616, 0xA616, 0x9E16, 
0x9DF6, 0x9DD5, 0x9DD5, 0x95D5, 0x8D94, 0x8D94, 0x8D94, 0x8D74, 
0x8D74, 0x8553, 0x8553, 0x8553, 0x8553, 0x8553, 0x8553, 0x7D53, 
0x7D32, 0x7D32, 0x7D32, 0x7D32, 0x7D32, 0x8532, 0x7D32, 0x8532, 
0x8532, 0x7D32, 0x8533, 0x8533, 0x8553, 0x8553, 0x8553, 0x8553, 
0x8553, 0x8553, 0x8D53, 0x8D53, 0x8D74, 0x8D74, 0x8D94, 0x9594, 
0x9594, 0x95B5, 0x95B5, 0x9594, 0x9DD6, 0x95B5, 0x9DD5, 0xADF7, 
0x8C95, 0x7B94, 0x83F5, 0x8C36, 0x9456, 0x9456, 0x9C76, 0x9435, 
0x9456, 0xA4D8, 0x9C76, 0x9CB7, 0x9CB7, 0x8415, 0x8415, 0xAD59, 
0xA539, 0x9477, 0x7BD5, 0x83F6, 0x8C37, 0x7395, 0x5292, 0x4A51, 
0x4A51, 0x5AB2, 0x6B14, 0x5291, 0x8417, 0x4A30, 0x7BD6, 0x5A52, 
0x5A93, 0x6AF3, 0x4A71, 0x52B1, 0x8437, 0x63D2, 0x6C31, 0x6C70, 
0x6C6F, 0x6C90, 0x6C50, 0x6C70, 0x6C70, 0x6C70, 0x6C4F, 0x6C4F, 
0x6C4F, 0x6C4F, 0x6C4F, 0x6C4F, 0x6C4F, 0x6C4F, 0x644F, 0x642F, 
0x642F, 0x642F, 0x6C4F, 0x642F, 0x642F, 0x642F, 0x642F, 0x642F, 
0x642F, 0x642F, 0x642F, 0x640E, 0x642F, 0x640E, 0x642E, 0x640E, 
0x5C0E, 0x640E, 0x640E, 0x63EE, 0x640E, 0x640E, 0x63EE, 0x5BEE, 
0x5BEE, 0x5BEE, 0x5BEE, 0x5BCD, 0x5BEE, 0x5BCD, 0x5BCD, 0x5BCD, 
0x5BCD, 0x5BAD, 0x5BCD, 0x5BAD, 0x5BAD, 0x5BAD, 0x538D, 0x5BAD, 
0x538D, 0x538C, 0x538D, 0x538D, 0x538C, 0x538C, 0x536C, 0x536C, 
0x536C, 0x536C, 0x536C, 0x534C, 0x536C, 0x534C, 0x534C, 0x532B, 
0x4B2B, 0x532B, 0x4B2B, 0x4B0B, 0x4B2B, 0x4B0B, 0x4B0B, 0x4B0B, 
0x4B0B, 0x4AEA, 0x4AEA, 0x42EA, 0x42EA, 0x42EA, 0x42CA, 0x42CA, 
0x42CA, 0x42CA, 0x42AA, 0x42A9, 0x42A9, 0x4289, 0x4289, 0x4289, 
0x4289, 0x3A89, 0x3A68, 0x4268, 0x4268, 0x3A48, 0x3A48, 0x3A48, 
0xAE78, 0xAE78, 0xAE77, 0xAE57, 0xAE57, 0xA637, 0xA637, 0x9E16, 
0x9E16, 0x9DF6, 0x95F5, 0x95D5, 0x95D5, 0x8DB5, 0x8DD5, 0x8DB4, 
0x8DB4, 0x8DB4, 0x8DB4, 0x8DB4, 0x8DB5, 0x95B5, 0x95D5, 0x95D5, 
0x9DD5, 0x9DF6, 0x9E16, 0xA616, 0xA616, 0xA637, 0xAE57, 0xAE57, 
0xAE57, 0xAE57, 0xB678, 0xB678, 0xB678, 0xB698, 0xB698, 0xB678, 
0xB678, 0xB678, 0xB657, 0xAE57, 0xAE37, 0xA637, 0xA616, 0xA616, 
0x9E16, 0x9DF6, 0x9DF6, 0x9DD5, 0x95B5, 0x95B4, 0x8D94, 0x8D74, 
0x8D74, 0x8D73, 0x8553, 0x8553, 0x8553, 0x8553, 0x8553, 0x7D32, 
0x7D32, 0x7D32, 0x7D32, 0x7D32, 0x7D32, 0x7D32, 0x7D32, 0x7D32, 
0x7D32, 0x7D12, 0x7D32, 0x7D32, 0x8532, 0x8532, 0x8532, 0x8533, 
0x8533, 0x8533, 0x8533, 0x8553, 0x8D53, 0x8D53, 0x8D74, 0x8D74, 
0x8D74, 0x9594, 0x9594, 0x95B4, 0x9595, 0x9DF5, 0x9DB5, 0x8C95, 
0x7315, 0x8C36, 0xAD19, 0x9497, 0x9436, 0x9436, 0x9436, 0x9456, 
0x8C15, 0x9456, 0xA4D8, 0xB55A, 0x9456, 0x7373, 0x9497, 0xBDDB, 
0x9CD7, 0x8415, 0x83F5, 0x7BB6, 0x7BD6, 0x5AB2, 0x5272, 0x5A93, 
0x4A51, 0x41EF, 0x6B33, 0x83D6, 0x39AE, 0x8C58, 0x7395, 0x5A52, 
0x62D3, 0x6B14, 0x6313, 0x73B5, 0x7394, 0x6BD4, 0x84B6, 0x6C11, 
0x7491, 0x6C4F, 0x6C8F, 0x6C70, 0x6C70, 0x6C70, 0x6C70, 0x6C4F, 
0x6C4F, 0x6C4F, 0x6C4F, 0x6C4F, 0x6C4F, 0x6C4F, 0x644F, 0x6C2F, 
0x6C4F, 0x6C4F, 0x6C4F, 0x642F, 0x642F, 0x642F, 0x642F, 0x642F, 
0x642F, 0x642F, 0x642F, 0x640E, 0x642F, 0x640E, 0x642E, 0x640E, 
0x5C0E, 0x640E, 0x63EE, 0x640E, 0x63EE, 0x63EE, 0x63EE, 0x5BEE, 
0x5BEE, 0x5BEE, 0x5BEE, 0x5BEE, 0x5BCD, 0x5BCD, 0x5BCD, 0x5BCD, 
0x5BCD, 0x5BCD, 0x5BAD, 0x5BAD, 0x5BAD, 0x5BAD, 0x538D, 0x5BAD, 
0x538D, 0x538C, 0x538D, 0x538D, 0x538C, 0x538C, 0x536C, 0x536C, 
0x536C, 0x536C, 0x536C, 0x534C, 0x536C, 0x534C, 0x534C, 0x532B, 
0x4B2B, 0x532B, 0x4B2B, 0x4B0B, 0x4B2B, 0x4B0B, 0x4B0B, 0x4B0B, 
0x4B0B, 0x4AEA, 0x4AEA, 0x42EA, 0x42EA, 0x42EA, 0x42CA, 0x42CA, 
0x42CA, 0x42CA, 0x42AA, 0x42A9, 0x42A9, 0x4289, 0x4289, 0x4289, 
0x4289, 0x4289, 0x3A68, 0x4269, 0x4268, 0x3A48, 0x3A48, 0x3A48, 
0xAE77, 0xAE78, 0xAE78, 0xAE77, 0xAE57, 0xA637, 0xA637, 0xA616, 
0x9E16, 0x9E16, 0x95D5, 0x95D5, 0x95D5, 0x8DB5, 0x8DD5, 0x8DB4, 
0x8DB4, 0x8DB4, 0x8DB4, 0x8DB4, 0x8DB4, 0x8DB4, 0x95B5, 0x95D5, 
0x95D5, 0x9DF6, 0x9DF6, 0x9E16, 0xA616, 0xA637, 0xAE57, 0xAE37, 
0xAE57, 0xAE57, 0xB678, 0xB678, 0xB678, 0xB698, 0xB698, 0xB698, 
0xB678, 0xB678, 0xB678, 0xB678, 0xAE57, 0xAE37, 0xAE37, 0xA637, 
0xA616, 0x9DF6, 0x9DF6, 0x9DD5, 0x95B5, 0x95B5, 0x95B4, 0x8D94, 
0x8D94, 0x8D74, 0x8553, 0x8553, 0x8553, 0x8553, 0x8553, 0x8532, 
0x8533, 0x7D32, 0x7D32, 0x7D12, 0x7D32, 0x7D12, 0x7D12, 0x7D12, 
0x7D12, 0x7D32, 0x7D32, 0x7D32, 0x7D32, 0x8532, 0x7D32, 0x8533, 
0x8532, 0x8532, 0x8533, 0x8553, 0x8533, 0x8553, 0x8D53, 0x8D53, 
0x8D74, 0x8D74, 0x8D74, 0x9595, 0x9594, 0x9DB5, 0x8434, 0x6AF3, 
0x8B76, 0x83F5, 0x9CD8, 0xB57A, 0x8C15, 0x8BF4, 0x9435, 0x9C97, 
0x9C77, 0x8C15, 0x9436, 0x9456, 0x7312, 0xA51A, 0xAD5A, 0xAD39, 
0x83F4, 0x8415, 0x8416, 0x83B6, 0x62D1, 0x524F, 0x5A93, 0x5A73, 
0x418E, 0x9457, 0x6B13, 0x5250, 0x9457, 0x62B1, 0x6B33, 0x7B96, 
0x5251, 0x398E, 0x7BD6, 0x7BF6, 0x5AF2, 0x4A91, 0x7416, 0x7435, 
0x63D0, 0x7490, 0x6C6E, 0x6C70, 0x6C70, 0x6C70, 0x6C70, 0x6C4F, 
0x6C4F, 0x6C4F, 0x6C4F, 0x6C4F, 0x6C4F, 0x6C4F, 0x644F, 0x6C2F, 
0x6C4F, 0x6C4F, 0x6C4F, 0x642F, 0x642F, 0x642F, 0x642F, 0x642F, 
0x642F, 0x642F, 0x642F, 0x640E, 0x642F, 0x640E, 0x642E, 0x640E, 
0x5C0E, 0x63EE, 0x640E, 0x640E, 0x5BEE, 0x5BEE, 0x63EE, 0x5BEE, 
0x5BEE, 0x5BEE, 0x5BCD, 0x5BEE, 0x5BCD, 0x5BCD, 0x5BCD, 0x5BCD, 
0x5BAD, 0x5BCD, 0x5BAD, 0x5BAD, 0x5BAD, 0x5BAD, 0x538D, 0x5BAD, 
0x538D, 0x538C, 0x538D, 0x538D, 0x538C, 0x538C, 0x536C, 0x536C, 
0x536C, 0x536C, 0x536C, 0x534C, 0x536C, 0x534C, 0x534C, 0x532B, 
0x4B2B, 0x532B, 0x4B2B, 0x4B0B, 0x4B2B, 0x4B0B, 0x4B0B, 0x4B0B, 
0x4B0B, 0x4AEA, 0x4AEA, 0x42EA, 0x42EA, 0x42EA, 0x42CA, 0x42CA, 
0x42CA, 0x42CA, 0x42AA, 0x42A9, 0x42A9, 0x4289, 0x4289, 0x4289, 
0x4289, 0x4289, 0x3A68, 0x4269, 0x4268, 0x3A48, 0x3A48, 0x3A48, 
0xAE77, 0xAE78, 0xAE78, 0xAE77, 0xAE77, 0xAE57, 0xA637, 0xA636, 
0xA616, 0x9E16, 0x9DF5, 0x95D5, 0x95D5, 0x8DB5, 0x8DB5, 0x8DB4, 
0x8D94, 0x8D94, 0x8D94, 0x8DB4, 0x8DB4, 0x8DB4, 0x8DB4, 0x95B5, 
0x95D5, 0x95D5, 0x9DF6, 0x9DF6, 0x9E16, 0xA616, 0xA637, 0xAE37, 
0xAE37, 0xAE57, 0xB657, 0xB678, 0xB678, 0xB698, 0xB698, 0xB698, 
0xB698, 0xB678, 0xB678, 0xB678, 0xB657, 0xAE57, 0xAE57, 0xAE37, 
0xA637, 0xA616, 0xA5F6, 0x9DF6, 0x9DD5, 0x95B5, 0x95B5, 0x8D94, 
0x8D94, 0x8D94, 0x8D73, 0x8553, 0x8553, 0x8553, 0x8553, 0x8553, 
0x8533, 0x8532, 0x8532, 0x7D12, 0x7D32, 0x7D12, 0x7D12, 0x7D12, 
0x7D12, 0x7D32, 0x7D32, 0x7D32, 0x7D32, 0x7D32, 0x7D32, 0x7D32, 
0x7D32, 0x7D32, 0x7D12, 0x8533, 0x8533, 0x8533, 0x8553, 0x8553, 
0x8D53, 0x8D73, 0x8D73, 0x8D54, 0x9D95, 0x8453, 0x62B2, 0x7B35, 
0xA498, 0x8415, 0x83D4, 0x9CB7, 0xAD19, 0x9C56, 0x9435, 0x8C16, 
0x9456, 0x9C77, 0x7B53, 0x7352, 0x9C97, 0xAD19, 0xAD19, 0x9456, 
0x9456, 0x9456, 0x83F6, 0x72F1, 0xA4F6, 0xA4B6, 0x418F, 0x5A32, 
0x9416, 0x6AF2, 0x7B74, 0x83D6, 0x9437, 0x83D5, 0x7313, 0x6AF3, 
0x316D, 0x62D2, 0x7374, 0x6B94, 0x6313, 0x6313, 0x6BB5, 0x73F6, 
0x63B2, 0x6411, 0x6C91, 0x6C70, 0x6C70, 0x6C70, 0x6C70, 0x6C4F, 
0x6C4F, 0x6C4F, 0x6C4F, 0x6C4F, 0x6C4F, 0x6C4F, 0x644F, 0x6C2F, 
0x6C4F, 0x6C4F, 0x6C4F, 0x642F, 0x642F, 0x642F, 0x642F, 0x642F, 
0x642F, 0x642F, 0x642E, 0x640E, 0x642F, 0x640E, 0x642E, 0x640E, 
0x5C0E, 0x63EE, 0x63EE, 0x5BEE, 0x63EE, 0x63EE, 0x5BEE, 0x5BEE, 
0x5BEE, 0x5BCD, 0x5BEE, 0x5BCD, 0x5BCD, 0x5BCD, 0x5BCD, 0x5BAD, 
0x5BCD, 0x5BAD, 0x5BAD, 0x5BAD, 0x5BAD, 0x5BAD, 0x538D, 0x5BAD, 
0x538D, 0x538C, 0x538D, 0x538D, 0x538C, 0x538C, 0x536C, 0x536C, 
0x536C, 0x536C, 0x536C, 0x534C, 0x536C, 0x534C, 0x534C, 0x532B, 
0x4B2B, 0x532B, 0x4B2B, 0x4B0B, 0x4B2B, 0x4B0B, 0x4B0B, 0x4B0B, 
0x4B0B, 0x4AEA, 0x4AEA, 0x42EA, 0x42EA, 0x42EA, 0x42CA, 0x42CA, 
0x42CA, 0x42CA, 0x42AA, 0x42A9, 0x42A9, 0x4289, 0x4289, 0x4289, 
0x4289, 0x4289, 0x3A68, 0x4268, 0x4268, 0x3A48, 0x3A48, 0x3A48, 
0xAE77, 0xB698, 0xB698, 0xAE78, 0xAE77, 0xAE57, 0xA637, 0xA616, 
0xA616, 0x9DF6, 0x9DF5, 0x95D5, 0x95D5, 0x8DB5, 0x8DB5, 0x8DB4, 
0x8DB4, 0x8D94, 0x8D94, 0x8DB4, 0x8DB4, 0x8D94, 0x8DB4, 0x8DB5, 
0x95B5, 0x95B5, 0x95D5, 0x9DF6, 0x9DF6, 0xA616, 0xA616, 0xA637, 
0xAE37, 0xAE37, 0xAE57, 0xB678, 0xB678, 0xB678, 0xB698, 0xB698, 
0xB678, 0xB678, 0xB678, 0xB678, 0xB657, 0xAE57, 0xAE57, 0xAE37, 
0xA637, 0xA616, 0xA616, 0xA5F6, 0x9DF5, 0x9DD5, 0x9DD5, 0x8DB4, 
0x8D94, 0x8D94, 0x8D74, 0x8D73, 0x8553, 0x8553, 0x8553, 0x8533, 
0x8533, 0x8533, 0x8532, 0x7D12, 0x7D12, 0x7D12, 0x7D12, 0x7D12, 
0x7D12, 0x7D12, 0x7D12, 0x7D12, 0x7D12, 0x7D12, 0x7D12, 0x7D32, 
0x7D32, 0x7D12, 0x7D12, 0x7D12, 0x8512, 0x7D32, 0x8533, 0x8533, 
0x8553, 0x8553, 0x8553, 0x8D51, 0x7C13, 0x62B3, 0x72B3, 0x8394, 
0x8C75, 0x9CD8, 0x9456, 0x7B93, 0x9C96, 0xB519, 0xA497, 0x9436, 
0x9C56, 0x83D4, 0x8394, 0xACF9, 0x9C77, 0x9477, 0x7332, 0x9455, 
0xA4F8, 0x8C15, 0x6B33, 0xACF6, 0xC5F8, 0xBD97, 0x6292, 0x72F4, 
0x7B73, 0x6AF2, 0x7B73, 0x9C77, 0x8394, 0x8BF6, 0x7312, 0x62D2, 
0x5AB1, 0x8417, 0x5270, 0x39EF, 0x7395, 0x6352, 0x6B95, 0x52D2, 
0x63D5, 0x6C33, 0x6431, 0x6C8F, 0x6C70, 0x6C70, 0x6C50, 0x6C4F, 
0x6C4F, 0x6C4F, 0x6C4F, 0x6C4F, 0x6C4F, 0x6C4F, 0x644F, 0x6C2F, 
0x6C4F, 0x6C4F, 0x6C4F, 0x642F, 0x642F, 0x642F, 0x642F, 0x642F, 
0x642F, 0x642F, 0x642F, 0x640E, 0x642F, 0x642E, 0x642E, 0x640E, 
0x5C0E, 0x640E, 0x5BEE, 0x5BEE, 0x63EE, 0x5BEE, 0x5BEE, 0x5BEE, 
0x5BEE, 0x5BCD, 0x5BEE, 0x5BCD, 0x5BCD, 0x5BCD, 0x5BCD, 0x5BAD, 
0x5BCD, 0x5BAD, 0x5BAD, 0x5BAD, 0x5BAD, 0x5BAD, 0x538D, 0x5BAD, 
0x538D, 0x538C, 0x538D, 0x538D, 0x538C, 0x538C, 0x536C, 0x536C, 
0x536C, 0x536C, 0x536C, 0x534C, 0x536C, 0x534C, 0x534C, 0x532B, 
0x4B2B, 0x532B, 0x4B2B, 0x4B0B, 0x4B2B, 0x4B0B, 0x4B0B, 0x4B0B, 
0x4B0B, 0x4AEA, 0x4AEA, 0x42EA, 0x42EA, 0x42EA, 0x42CA, 0x42CA, 
0x42CA, 0x42CA, 0x42AA, 0x42A9, 0x42A9, 0x4289, 0x4289, 0x4289, 
0x4289, 0x3A69, 0x3A68, 0x4248, 0x4268, 0x4268, 0x4248, 0x3A48, 
0xB678, 0xAE57, 0xAE77, 0xAE77, 0xAE77, 0xAE57, 0xAE57, 0xA636, 
0xA616, 0x9E16, 0x9DF5, 0x95D5, 0x95D5, 0x95B5, 0x8DB5, 0x8DB4, 
0x8D94, 0x8D94, 0x8594, 0x8D94, 0x8D94, 0x8D94, 0x8D94, 0x8DB4, 
0x8DB4, 0x95B5, 0x95D5, 0x95D5, 0x9DD5, 0x9DF6, 0xA616, 0xA616, 
0xA637, 0xA657, 0xAE57, 0xAE57, 0xAE57, 0xB678, 0xB678, 0xB678, 
0xB678, 0xB698, 0xB678, 0xB678, 0xB678, 0xB657, 0xB657, 0xAE37, 
0xAE37, 0xA637, 0xA617, 0xA616, 0x9DF6, 0x9DD5, 0x9DD5, 0x95B5, 
0x9594, 0x8D94, 0x8D94, 0x8D73, 0x8553, 0x8553, 0x8553, 0x8553, 
0x8553, 0x8532, 0x8532, 0x7D32, 0x7D32, 0x7D12, 0x7D12, 0x7D12, 
0x7D12, 0x7D12, 0x7D12, 0x7D12, 0x7D12, 0x7CF2, 0x7CF2, 0x7D12, 
0x7D12, 0x7D12, 0x7D12, 0x7D12, 0x7D12, 0x8CF5, 0x7D32, 0x7D71, 
0x84F1, 0x8533, 0x7DB2, 0xA458, 0x6AD1, 0x6291, 0x8374, 0x7B53, 
0x8353, 0x9C96, 0x9C56, 0x9416, 0x7333, 0xACF9, 0xA4D7, 0xBD7B, 
0x9436, 0x6AD1, 0x9415, 0xA477, 0x9415, 0x6AD2, 0x8375, 0x8BD5, 
0x9C37, 0x72F2, 0x93F6, 0x93F5, 0xBD99, 0x6A90, 0x72F3, 0x9476, 
0x6251, 0x8C16, 0x9C57, 0x7B74, 0x9C98, 0x5A90, 0x9457, 0x7355, 
0x9C9A, 0x49D0, 0x49F0, 0x420F, 0x5312, 0x8CB8, 0x4270, 0x8477, 
0x42B0, 0x7C76, 0x6C15, 0x63F0, 0x6C50, 0x644E, 0x6C6E, 0x6C50, 
0x6C31, 0x6C4F, 0x6C4F, 0x6C4F, 0x6C4F, 0x6C4F, 0x6C4F, 0x642F, 
0x6C4F, 0x642F, 0x642F, 0x642F, 0x642F, 0x642F, 0x642F, 0x642E, 
0x642F, 0x640E, 0x642E, 0x640E, 0x640E, 0x640E, 0x640E, 0x640E, 
0x640E, 0x63EE, 0x63EE, 0x640E, 0x5BEE, 0x5BEE, 0x5BEE, 0x63EE, 
0x63EE, 0x5BEE, 0x5BCD, 0x5BCE, 0x5BCD, 0x5BAD, 0x5BCD, 0x5BAD, 
0x5BCD, 0x5BAD, 0x5BAD, 0x5BAD, 0x5BAD, 0x5BAD, 0x538D, 0x538D, 
0x538C, 0x538C, 0x538D, 0x538C, 0x538C, 0x536C, 0x536C, 0x536C, 
0x536C, 0x536C, 0x536C, 0x534C, 0x4B4C, 0x534C, 0x534C, 0x532B, 
0x4B2B, 0x532B, 0x4B2B, 0x4B0B, 0x4B0B, 0x4B0B, 0x4B0B, 0x4B0B, 
0x4AEA, 0x4AEA, 0x4AEA, 0x42EA, 0x42EA, 0x42EA, 0x42CA, 0x42CA, 
0x42CA, 0x42CA, 0x42AA, 0x42A9, 0x42A9, 0x4289, 0x42A9, 0x4289, 
0x4289, 0x4289, 0x3A89, 0x3A68, 0x4268, 0x3A68, 0x3A48, 0x3A48, 
0xB678, 0xAE57, 0xAE77, 0xAE77, 0xAE77, 0xAE57, 0xA657, 0xA637, 
0xA616, 0x9E16, 0x9DF6, 0x95D5, 0x95D5, 0x95D5, 0x8DB5, 0x8DB4, 
0x8D94, 0x8594, 0x8594, 0x8D94, 0x8D94, 0x8D94, 0x8D94, 0x8DB4, 
0x8DB4, 0x95B5, 0x95D5, 0x95D5, 0x95D5, 0x9DF6, 0x9DF6, 0xA616, 
0xA636, 0xA637, 0xAE57, 0xAE57, 0xAE57, 0xB678, 0xB678, 0xB678, 
0xB678, 0xB678, 0xB678, 0xB678, 0xB678, 0xB678, 0xB657, 0xAE57, 
0xAE37, 0xA637, 0xA637, 0xA616, 0x9E16, 0x9DF6, 0x9DD5, 0x9DD5, 
0x95B5, 0x9594, 0x8D94, 0x8D94, 0x8573, 0x8553, 0x8553, 0x8553, 
0x8553, 0x8532, 0x8532, 0x8532, 0x7D32, 0x7D12, 0x7D12, 0x7D12, 
0x7D12, 0x7D12, 0x7D12, 0x7D12, 0x7CF2, 0x7CF2, 0x7CF2, 0x7D12, 
0x7D12, 0x7D12, 0x7D12, 0x7D12, 0x7D12, 0x7D33, 0x8513, 0x7D12, 
0x8592, 0x8D54, 0x7391, 0x6A91, 0x6270, 0x7B13, 0x8333, 0x8354, 
0x8334, 0x7B72, 0x9436, 0xACD8, 0x9416, 0x7B73, 0xA497, 0x7332, 
0x7311, 0x9416, 0x9C57, 0x9C36, 0x8373, 0x8354, 0x7B13, 0x72D2, 
0x6A71, 0x72B1, 0x72B1, 0x8BF4, 0x6A11, 0x9415, 0x7B52, 0x7292, 
0xA4D7, 0x7B52, 0x7B73, 0x8C16, 0x6AF2, 0x8C56, 0x62F1, 0x41AE, 
0x51F0, 0x5A52, 0x49F0, 0x73B6, 0x6394, 0x422F, 0x8498, 0x4AF1, 
0x5B72, 0x5331, 0x6BF4, 0x63D1, 0x63F0, 0x6C70, 0x6C6F, 0x6C6F, 
0x6C70, 0x6C4F, 0x6C4F, 0x6C4F, 0x6C4F, 0x6C4F, 0x6C4F, 0x642F, 
0x6C4F, 0x642F, 0x642F, 0x642F, 0x642F, 0x642F, 0x642F, 0x642E, 
0x642F, 0x640E, 0x642E, 0x640E, 0x640E, 0x640E, 0x640E, 0x640E, 
0x640E, 0x63EE, 0x640E, 0x5BEE, 0x63EE, 0x63EE, 0x5BEE, 0x63EE, 
0x63EE, 0x5BCE, 0x5BCD, 0x5BCD, 0x5BCD, 0x5BAD, 0x5BAD, 0x5BCD, 
0x5BAD, 0x5BAD, 0x5BAD, 0x5BAD, 0x5BAD, 0x5BAD, 0x5BAD, 0x538D, 
0x538C, 0x538D, 0x538D, 0x538C, 0x538C, 0x538C, 0x536C, 0x536C, 
0x536C, 0x536C, 0x536C, 0x536C, 0x4B4C, 0x534C, 0x534C, 0x532B, 
0x4B2B, 0x532B, 0x4B2B, 0x4B2B, 0x4B0B, 0x4B0B, 0x4B0B, 0x4AEA, 
0x4AEA, 0x4AEA, 0x4AEA, 0x42EA, 0x42EA, 0x42EA, 0x42CA, 0x42CA, 
0x42CA, 0x42CA, 0x42AA, 0x42A9, 0x42A9, 0x4289, 0x42A9, 0x4289, 
0x4289, 0x4289, 0x3A89, 0x4268, 0x4268, 0x3A48, 0x3A48, 0x3A48, 
0xAE78, 0xB658, 0xAE78, 0xAE57, 0xAE77, 0xAE57, 0xAE57, 0xA637, 
0xA636, 0xA616, 0x9DF6, 0x95D5, 0x95D5, 0x95B5, 0x8DB5, 0x8D94, 
0x8D94, 0x8D94, 0x8594, 0x8D94, 0x8594, 0x8D94, 0x8D94, 0x8D94, 
0x8D94, 0x8DB4, 0x95B5, 0x95B5, 0x95D5, 0x9DD5, 0x9DF6, 0xA616, 
0xA616, 0xA637, 0xAE57, 0xAE57, 0xAE57, 0xB657, 0xB678, 0xB678, 
0xB678, 0xB678, 0xB678, 0xB678, 0xB678, 0xB678, 0xB678, 0xB657, 
0xAE57, 0xAE37, 0xAE37, 0xA637, 0xA616, 0x9E16, 0x9DF6, 0x9DD5, 
0x9DD5, 0x95B5, 0x9594, 0x8D94, 0x8D74, 0x8553, 0x8553, 0x8553, 
0x8533, 0x8533, 0x8532, 0x7D32, 0x7D32, 0x7D12, 0x7D12, 0x7D12, 
0x7D12, 0x7D12, 0x7D12, 0x7D12, 0x7CF2, 0x7D12, 0x7CF2, 0x7D12, 
0x7D12, 0x7D12, 0x7D12, 0x7D12, 0x7CF2, 0x7531, 0x7CD2, 0x8533, 
0x8533, 0x73D2, 0x69B0, 0x6A91, 0x8334, 0x72D2, 0x7AF3, 0x7AF3, 
0x82F3, 0x7B33, 0x8B94, 0xA476, 0xACD7, 0x9436, 0x7B33, 0x7B32, 
0x8BD5, 0xA477, 0x93D5, 0x8332, 0x9C36, 0x9416, 0x6250, 0x6AB1, 
0x8B74, 0x7AF3, 0x6A71, 0x59EF, 0x93D6, 0x7AF2, 0x72D1, 0x8BF4, 
0x9436, 0x9CB7, 0x7372, 0x83B3, 0x8C76, 0x6B72, 0x8435, 0x6B32, 
0x418D, 0x418E, 0x83D7, 0x5AF3, 0x5312, 0x7C16, 0x4A90, 0x6394, 
0x5311, 0x42B0, 0x7435, 0x7435, 0x63F3, 0x63F0, 0x6C4F, 0x6C6F, 
0x6C4E, 0x6C4F, 0x6C4F, 0x6C4F, 0x6C4F, 0x6C4F, 0x6C4F, 0x642F, 
0x6C4F, 0x642F, 0x642F, 0x642F, 0x642F, 0x642F, 0x642F, 0x642E, 
0x642F, 0x640E, 0x642E, 0x640E, 0x640E, 0x640E, 0x640E, 0x640E, 
0x640E, 0x640E, 0x63EE, 0x5BEE, 0x63EE, 0x5BEE, 0x5BEE, 0x63EE, 
0x5BCE, 0x5BCD, 0x5BCE, 0x5BCD, 0x5BCD, 0x5BAD, 0x5BCD, 0x5BAD, 
0x5BAD, 0x5BAD, 0x5BAD, 0x5BAD, 0x5BAD, 0x5BAD, 0x5BAD, 0x538D, 
0x538C, 0x538D, 0x538D, 0x538C, 0x536C, 0x538C, 0x536C, 0x536C, 
0x536C, 0x536C, 0x534C, 0x534C, 0x4B4C, 0x534C, 0x534C, 0x532B, 
0x4B2B, 0x532B, 0x4B2B, 0x4B2B, 0x4B0B, 0x4B0B, 0x4B0B, 0x4B0B, 
0x4AEA, 0x4AEA, 0x4AEA, 0x42EA, 0x42EA, 0x42EA, 0x42CA, 0x42CA, 
0x42CA, 0x42CA, 0x42AA, 0x42A9, 0x42A9, 0x4289, 0x42A9, 0x4289, 
0x4289, 0x4289, 0x3A89, 0x4268, 0x4268, 0x3A68, 0x3A48, 0x3A48, 
0xAE77, 0xB658, 0xB657, 0xAE78, 0xAE77, 0xAE57, 0xAE57, 0xA637, 
0xA637, 0xA616, 0x9DF6, 0x95F5, 0x95D5, 0x95B5, 0x95B5, 0x8D94, 
0x8D94, 0x8D94, 0x8594, 0x8594, 0x8594, 0x8D94, 0x8594, 0x8D94, 
0x8D94, 0x8DB4, 0x8DB4, 0x95B4, 0x95B5, 0x95D5, 0x9DF5, 0x9DF6, 
0x9E16, 0xA616, 0xA637, 0xAE37, 0xAE57, 0xAE57, 0xB657, 0xB678, 
0xB678, 0xB678, 0xB678, 0xB698, 0xB698, 0xB698, 0xB678, 0xB678, 
0xB657, 0xAE37, 0xAE57, 0xAE37, 0xA636, 0xA616, 0xA616, 0x9DD6, 
0x9DD5, 0x95B5, 0x9594, 0x8D94, 0x8D94, 0x8D73, 0x8D73, 0x8553, 
0x8553, 0x8533, 0x8532, 0x8533, 0x8532, 0x7D12, 0x7D12, 0x7D12, 
0x7D12, 0x7D12, 0x7CF2, 0x7CF2, 0x7D12, 0x7CF1, 0x7CF1, 0x7D12, 
0x7CF2, 0x7CF2, 0x7CF2, 0x7CF2, 0x7D12, 0x7CF2, 0x7531, 0x8533, 
0x6B31, 0x618F, 0x7A12, 0x8B95, 0x8B54, 0x8334, 0x7291, 0x82D3, 
0x8313, 0x8B95, 0x8353, 0x9C15, 0xB4F8, 0x9BF5, 0x5A0F, 0xC55A, 
0xB4D8, 0x93D4, 0x8332, 0x9BF5, 0x8B94, 0x6AD0, 0xCDBC, 0x8B94, 
0x72D1, 0x8312, 0x6A2F, 0x93B6, 0x7B72, 0x8333, 0x6AB0, 0x94B5, 
0x83B3, 0x8434, 0x9CD7, 0x6B92, 0x8C96, 0x8CD6, 0x84B6, 0x94F7, 
0x5AD0, 0x398D, 0x5AB2, 0x6354, 0x5B53, 0x52D2, 0x3A2F, 0x31CE, 
0x6373, 0x63B3, 0x6BF4, 0x4B12, 0x63D4, 0x63F3, 0x5BAF, 0x6C70, 
0x6C6E, 0x6C4F, 0x6C4F, 0x6C4F, 0x6C4F, 0x6C4F, 0x642F, 0x642F, 
0x6C4F, 0x642F, 0x642F, 0x642F, 0x642F, 0x642F, 0x642F, 0x642E, 
0x642F, 0x640E, 0x642E, 0x640E, 0x640E, 0x640E, 0x640E, 0x63EE, 
0x640E, 0x5BEE, 0x5BEE, 0x63EE, 0x5BEE, 0x5BEE, 0x5BEE, 0x63CE, 
0x63EE, 0x5BCE, 0x5BCD, 0x5BCD, 0x5BCD, 0x5BAD, 0x5BAD, 0x5BAD, 
0x5BAD, 0x5BAD, 0x5BAD, 0x5BAD, 0x5BAD, 0x5BAD, 0x5BAD, 0x538D, 
0x538C, 0x538D, 0x538C, 0x536C, 0x538C, 0x536C, 0x536C, 0x536C, 
0x536C, 0x536C, 0x536C, 0x4B4C, 0x4B4B, 0x534C, 0x534C, 0x532B, 
0x4B2B, 0x532B, 0x4B2B, 0x4B2B, 0x4B0B, 0x4B0B, 0x4B0B, 0x4B0B, 
0x4AEA, 0x4AEA, 0x4AEA, 0x42EA, 0x42EA, 0x42EA, 0x42CA, 0x42CA, 
0x42CA, 0x42CA, 0x42AA, 0x42A9, 0x42A9, 0x4289, 0x42A9, 0x4289, 
0x4289, 0x4289, 0x3A89, 0x4268, 0x4268, 0x3A68, 0x3A48, 0x3A48, 
0xAE77, 0xB678, 0xB678, 0xB658, 0xAE57, 0xAE57, 0xAE57, 0xA637, 
0xA637, 0xA616, 0x9DF6, 0x9DF5, 0x95D5, 0x95B5, 0x95B5, 0x8D94, 
0x8D94, 0x8D94, 0x8D94, 0x8573, 0x8594, 0x8573, 0x8573, 0x8D94, 
0x8D94, 0x8D94, 0x8D94, 0x8DB4, 0x95B4, 0x95B5, 0x95D5, 0x9DD5, 
0x9DF6, 0x9E16, 0xA616, 0xA637, 0xA637, 0xAE37, 0xAE57, 0xB657, 
0xB678, 0xB678, 0xB678, 0xB698, 0xB698, 0xB698, 0xB678, 0xB678, 
0xB678, 0xAE57, 0xAE57, 0xAE37, 0xA637, 0xA616, 0xA616, 0xA5F6, 
0x9DF6, 0x9DD5, 0x95B5, 0x9594, 0x9594, 0x8D74, 0x8D74, 0x8D73, 
0x8553, 0x8553, 0x8533, 0x8532, 0x8532, 0x7D12, 0x7D12, 0x7D12, 
0x7D12, 0x7CF2, 0x7CF2, 0x7D12, 0x7CF1, 0x7CF1, 0x7CF2, 0x7CF1, 
0x7CF1, 0x7CF1, 0x7CF1, 0x7CF1, 0x74F1, 0x84F2, 0x84F2, 0x73B0, 
0x698F, 0x71D1, 0x9353, 0x8B74, 0x8B53, 0x9374, 0x8B33, 0x7AB1, 
0x8B13, 0x8B33, 0x9353, 0x9394, 0xA436, 0x7270, 0xAC37, 0x8B93, 
0x8353, 0x8B93, 0x93B4, 0x72B0, 0x6A2F, 0xC63B, 0xC5FA, 0xAD17, 
0x8BB3, 0x6A6F, 0x6A70, 0xA4D6, 0x7AB1, 0x8C54, 0x9CF6, 0x7B52, 
0x9D56, 0x6BB1, 0x7C33, 0x9537, 0x7453, 0x7CD5, 0x9DF9, 0x8DB8, 
0x7495, 0x5B11, 0x212B, 0x52D2, 0x6B94, 0x31CE, 0x3A2F, 0x422F, 
0x5B53, 0x8497, 0x52F1, 0x5B72, 0x6BF4, 0x6BF4, 0x6C13, 0x6C51, 
0x642F, 0x6C4F, 0x6C4F, 0x6C4F, 0x6C4F, 0x642F, 0x642F, 0x6C4F, 
0x6C4F, 0x642F, 0x642F, 0x642F, 0x642F, 0x642F, 0x642F, 0x642E, 
0x642F, 0x640E, 0x642E, 0x640E, 0x640E, 0x640E, 0x63EE, 0x63EE, 
0x640E, 0x5BEE, 0x63EE, 0x5BEE, 0x5BEE, 0x5BEE, 0x5BEE, 0x63CE, 
0x5BCE, 0x5BCD, 0x5BCD, 0x5BCD, 0x5BCD, 0x5BAD, 0x5BAD, 0x5BAD, 
0x5BAD, 0x5BAD, 0x5BAD, 0x5BAD, 0x5BAD, 0x5BAD, 0x5BAD, 0x538D, 
0x538D, 0x538C, 0x538C, 0x536C, 0x536C, 0x536C, 0x536C, 0x536C, 
0x536C, 0x536C, 0x534C, 0x534C, 0x4B4B, 0x534C, 0x534C, 0x532B, 
0x4B2B, 0x532B, 0x4B2B, 0x4B2B, 0x4B0B, 0x4B0B, 0x4B0B, 0x4B0B, 
0x4AEA, 0x4AEA, 0x4AEA, 0x42EA, 0x42EA, 0x42EA, 0x42CA, 0x42CA, 
0x42CA, 0x42CA, 0x42AA, 0x42A9, 0x42A9, 0x4289, 0x42A9, 0x4289, 
0x4289, 0x4289, 0x3A89, 0x4268, 0x4268, 0x3A68, 0x3A48, 0x3A48, 
0xAE57, 0xB678, 0xB678, 0xB657, 0xAE57, 0xAE57, 0xAE57, 0xA657, 
0xA637, 0xA616, 0x9DF6, 0x9DF5, 0x95F5, 0x95B5, 0x95B4, 0x8D94, 
0x8D94, 0x8D94, 0x8D94, 0x8594, 0x8573, 0x8573, 0x8573, 0x8D74, 
0x8D74, 0x8594, 0x8D94, 0x8DB4, 0x8DB4, 0x95B5, 0x95D5, 0x9DD5, 
0x9DD5, 0x9DF6, 0xA616, 0xA616, 0xA637, 0xAE37, 0xAE57, 0xB657, 
0xB678, 0xB678, 0xB678, 0xB698, 0xB698, 0xB698, 0xB678, 0xB678, 
0xB678, 0xAE57, 0xAE57, 0xAE37, 0xAE37, 0xA616, 0xA616, 0xA616, 
0xA5F6, 0x9DF6, 0x9DD5, 0x95D5, 0x95B5, 0x8D94, 0x8D94, 0x8D74, 
0x8553, 0x8553, 0x8533, 0x8532, 0x7D32, 0x7D12, 0x7D12, 0x7D12, 
0x7D12, 0x7CF2, 0x7D12, 0x7CF2, 0x7CF2, 0x7CF2, 0x7CF2, 0x74F1, 
0x7CF1, 0x7CF1, 0x74F1, 0x74F1, 0x7CF1, 0x7550, 0x8412, 0x61AF, 
0x71F0, 0x9353, 0x8B32, 0x8B53, 0x8B53, 0x8B33, 0x9B94, 0x9374, 
0x7A70, 0x9B93, 0x9B94, 0x7A71, 0x6A30, 0x7A91, 0x9BD4, 0xAC77, 
0x8B73, 0x8312, 0x7AB1, 0x82D1, 0x9354, 0xB618, 0x9D16, 0xC5FA, 
0x628E, 0x8372, 0x8BB3, 0x522B, 0x9C94, 0x83D2, 0x7BF2, 0x8474, 
0x6B71, 0x8CD5, 0x7C73, 0x7453, 0x8D77, 0x8D97, 0x8DD8, 0x7DD7, 
0x8DB8, 0x84D7, 0x52B1, 0x31AD, 0x422F, 0x4A71, 0x39EF, 0x7C37, 
0x5312, 0x29ED, 0x7415, 0x63B1, 0x4B10, 0x6BF5, 0x84B7, 0x6C32, 
0x640F, 0x6C4F, 0x6C4F, 0x6C4F, 0x6C4F, 0x642F, 0x6C4F, 0x6C4F, 
0x6C4F, 0x642F, 0x642F, 0x642F, 0x642F, 0x642F, 0x642F, 0x642E, 
0x642F, 0x640E, 0x642E, 0x640E, 0x640E, 0x640E, 0x63EE, 0x640E, 
0x640E, 0x5BEE, 0x63EE, 0x5BEE, 0x5BEE, 0x5BEE, 0x5BEE, 0x5BCE, 
0x5BCD, 0x5BCD, 0x5BCD, 0x5BCD, 0x5BCD, 0x5BAD, 0x5BAD, 0x5BAD, 
0x5BAD, 0x5BAD, 0x5BAD, 0x5BAD, 0x5BAD, 0x5BAD, 0x5BAD, 0x538D, 
0x538D, 0x538C, 0x538C, 0x538C, 0x536C, 0x536C, 0x536C, 0x536C, 
0x536C, 0x534C, 0x4B4C, 0x4B4C, 0x4B4B, 0x534C, 0x534C, 0x532B, 
0x4B2B, 0x532B, 0x4B2B, 0x4B2B, 0x4B0B, 0x4B0B, 0x4B0B, 0x4AEA, 
0x4AEA, 0x4AEA, 0x4AEA, 0x42EA, 0x42EA, 0x42EA, 0x42CA, 0x42CA, 
0x42CA, 0x42CA, 0x42AA, 0x42A9, 0x42A9, 0x4289, 0x42A9, 0x4289, 
0x4289, 0x4289, 0x3A89, 0x3A68, 0x4268, 0x3A68, 0x3A48, 0x3A48, 
0xAE78, 0xB678, 0xB678, 0xB678, 0xAE77, 0xAE57, 0xAE57, 0xAE57, 
0xA637, 0xA616, 0x9DF6, 0x9DF6, 0x95D5, 0x95D5, 0x95B5, 0x8DB4, 
0x8D94, 0x8D94, 0x8574, 0x8573, 0x8573, 0x8573, 0x8573, 0x8573, 
0x8573, 0x8D74, 0x8D94, 0x8D94, 0x8D94, 0x9594, 0x95B5, 0x95B5, 
0x95D5, 0x9DD5, 0x9DF6, 0xA616, 0xA636, 0xAE37, 0xAE57, 0xAE57, 
0xB657, 0xB678, 0xB678, 0xB678, 0xB678, 0xB698, 0xB678, 0xB678, 
0xB678, 0xB657, 0xB677, 0xAE57, 0xAE37, 0xAE37, 0xA637, 0xA616, 
0xA616, 0x9DF6, 0x9DD6, 0x9DD5, 0x95B5, 0x95B5, 0x8D94, 0x8D94, 
0x8D73, 0x8553, 0x8553, 0x8533, 0x8533, 0x8532, 0x7D12, 0x7D12, 
0x7D12, 0x7D12, 0x7D12, 0x7CF1, 0x7CF1, 0x7CF1, 0x7CF1, 0x7CB2, 
0x7512, 0x7511, 0x7CD1, 0x7CF2, 0x7553, 0x8311, 0x518C, 0x724F, 
0x8B32, 0x8B12, 0x8B12, 0x9333, 0x9333, 0x9353, 0x9352, 0x9BD3, 
0x9BF4, 0x7AB0, 0x8311, 0x8B31, 0x8B30, 0x82D0, 0x72AF, 0x9AF2, 
0x8311, 0x61AC, 0x7AEF, 0xBE19, 0x9C93, 0x9412, 0xBD97, 0x62AC, 
0x8C12, 0x6AED, 0x732F, 0x8CB2, 0x6BCF, 0x7C11, 0x73F0, 0x6BAF, 
0x9515, 0x6C31, 0x8535, 0x6CF3, 0x8596, 0x8DF8, 0x7D56, 0x8597, 
0x8DD8, 0x8E19, 0x6C54, 0x4AD0, 0x39CD, 0x320D, 0x8498, 0x52B1, 
0x39EF, 0x5AF2, 0x6373, 0x4B11, 0x6371, 0x7456, 0x29ED, 0x73F3, 
0x6C16, 0x63F0, 0x6C30, 0x6C4E, 0x642D, 0x6C6F, 0x6430, 0x642F, 
0x642F, 0x642F, 0x642F, 0x642F, 0x642F, 0x642F, 0x642F, 0x642E, 
0x642F, 0x642F, 0x642E, 0x640E, 0x640E, 0x640E, 0x640E, 0x5BEE, 
0x63EE, 0x5BEE, 0x63EE, 0x5BEE, 0x5BEE, 0x5BEE, 0x5BEE, 0x5BCD, 
0x5BCE, 0x5BCD, 0x5BCD, 0x5BCD, 0x5BCD, 0x5BAD, 0x5BAD, 0x5BAD, 
0x5BAD, 0x5BAD, 0x5BAD, 0x5BAD, 0x5B8D, 0x5BAD, 0x5B8D, 0x538C, 
0x538D, 0x538D, 0x538C, 0x536C, 0x538C, 0x536C, 0x536C, 0x534C, 
0x536C, 0x534C, 0x534C, 0x534C, 0x534C, 0x532B, 0x534C, 0x4B2B, 
0x532B, 0x4B2B, 0x4B2B, 0x4B0B, 0x4B0B, 0x4B0B, 0x4B0B, 0x4B0B, 
0x4AEA, 0x4AEA, 0x4AEA, 0x42EA, 0x42EA, 0x42EA, 0x42CA, 0x42AA, 
0x42CA, 0x42AA, 0x42A9, 0x42A9, 0x42A9, 0x4289, 0x42A9, 0x4289, 
0x4289, 0x4289, 0x3A89, 0x4268, 0x4269, 0x3A48, 0x3A68, 0x3A48, 
0xAE77, 0xB678, 0xAE78, 0xAE78, 0xAE78, 0xAE77, 0xAE57, 0xAE57, 
0xA637, 0xA616, 0x9E16, 0x9DF6, 0x9DD5, 0x95B5, 0x95B5, 0x8DB4, 
0x8D94, 0x8D94, 0x8573, 0x8573, 0x8573, 0x8573, 0x8573, 0x8573, 
0x8573, 0x8594, 0x8D73, 0x8D74, 0x8D94, 0x8D94, 0x9594, 0x95B5, 
0x95B5, 0x9DD5, 0x9DF6, 0x9E16, 0xA616, 0xA637, 0xAE37, 0xAE37, 
0xAE57, 0xB657, 0xB678, 0xB678, 0xB678, 0xB698, 0xB678, 0xB678, 
0xB678, 0xB678, 0xB678, 0xB657, 0xAE57, 0xAE37, 0xAE37, 0xA637, 
0xA616, 0xA5F6, 0x9DF6, 0x9DD5, 0x9DB5, 0x95B5, 0x9594, 0x8D94, 
0x8D74, 0x8D53, 0x8553, 0x8553, 0x8553, 0x8533, 0x8532, 0x7D12, 
0x7D12, 0x7D12, 0x7D12, 0x7CF2, 0x7CF1, 0x7CF1, 0x7CF1, 0x7512, 
0x7CF2, 0x74B0, 0x7D32, 0x7CD2, 0x6BF0, 0x518B, 0x6A4E, 0x8B52, 
0x8B52, 0x8B11, 0x8B31, 0x8AF1, 0x9352, 0x9B93, 0x9392, 0xA413, 
0xBD17, 0x9BB3, 0x61EB, 0x9371, 0xA413, 0x6A0C, 0x726E, 0x82CF, 
0x69EC, 0x730F, 0xB556, 0xB536, 0xB5F7, 0x9C72, 0x6AEC, 0x62CC, 
0xAD15, 0x9CB3, 0x9CB4, 0xA5B6, 0x9514, 0x73D0, 0x7411, 0x5B4E, 
0x5B8F, 0x7CF3, 0x8D96, 0x8596, 0x7D76, 0x7D76, 0x8DB7, 0x8DD8, 
0x85B7, 0x85B7, 0x8D98, 0x84F7, 0x42AF, 0x6BD4, 0x4A90, 0x4250, 
0x52B1, 0x7416, 0x4290, 0x5B31, 0x7CB8, 0x426E, 0x5B31, 0x7476, 
0x6BF4, 0x6C33, 0x63F0, 0x642F, 0x6C6F, 0x5C0E, 0x6430, 0x642F, 
0x642F, 0x642F, 0x642F, 0x642F, 0x642F, 0x642F, 0x642E, 0x642F, 
0x642F, 0x640E, 0x642E, 0x640E, 0x640E, 0x640E, 0x640E, 0x5BEE, 
0x5BEE, 0x63EE, 0x63EE, 0x5BEE, 0x5BEE, 0x5BEE, 0x5BCD, 0x5BCE, 
0x5BCE, 0x5BCD, 0x5BCD, 0x5BCD, 0x5BAD, 0x5BCD, 0x5BAD, 0x5BAD, 
0x5BAD, 0x5BAD, 0x5BAD, 0x5BAD, 0x5B8D, 0x5BAD, 0x5B8D, 0x538C, 
0x538D, 0x538C, 0x538C, 0x536C, 0x538C, 0x536C, 0x536C, 0x534C, 
0x534C, 0x534C, 0x534C, 0x534C, 0x534C, 0x532B, 0x534C, 0x4B2B, 
0x532B, 0x4B2B, 0x4B0B, 0x4B0B, 0x4B0B, 0x4B0B, 0x4B0B, 0x4B0B, 
0x4B0B, 0x4AEA, 0x4AEA, 0x42EA, 0x42EA, 0x42EA, 0x42CA, 0x42AA, 
0x42CA, 0x42A9, 0x42A9, 0x42A9, 0x42A9, 0x4289, 0x42A9, 0x4289, 
0x4289, 0x4289, 0x3A89, 0x4268, 0x4269, 0x3A48, 0x3A68, 0x3A48, 
0xAE77, 0xB678, 0xB678, 0xB678, 0xB677, 0xAE77, 0xAE57, 0xAE57, 
0xA637, 0xA616, 0xA616, 0x9DF6, 0x9DD5, 0x95B5, 0x95B5, 0x8DB4, 
0x8D94, 0x8D94, 0x8593, 0x8573, 0x8573, 0x8573, 0x8573, 0x8573, 
0x8573, 0x8573, 0x8573, 0x8573, 0x8D74, 0x8D94, 0x8D94, 0x95B4, 
0x95B5, 0x95B5, 0x9DD5, 0x9DF6, 0x9E16, 0xA616, 0xA616, 0xAE37, 
0xAE37, 0xAE57, 0xB657, 0xB678, 0xB678, 0xB698, 0xB678, 0xB678, 
0xB678, 0xB678, 0xB678, 0xB658, 0xB677, 0xAE57, 0xAE37, 0xAE37, 
0xA617, 0xA616, 0xA5F6, 0x9DF6, 0x9DD5, 0x95D5, 0x95B5, 0x9594, 
0x8D94, 0x8D74, 0x8D53, 0x8553, 0x8553, 0x8533, 0x8532, 0x7D12, 
0x7D12, 0x7D12, 0x7D12, 0x7CF2, 0x7CF2, 0x7CF1, 0x7CF1, 0x6CF0, 
0x7CF1, 0x7CF1, 0x7CF2, 0x6BB0, 0x51CB, 0x626C, 0x8370, 0x8370, 
0x8350, 0x93B1, 0x9391, 0x9370, 0x9370, 0x9BB1, 0x9C12, 0x8B90, 
0x93F1, 0xA413, 0x9390, 0x728C, 0x728C, 0x724C, 0x724D, 0x732E, 
0x7ACD, 0x8C31, 0xC638, 0xA4D3, 0xADD6, 0xBDB6, 0xCE58, 0xDEDA, 
0xC617, 0xB5B6, 0xBDD7, 0x9D96, 0x9535, 0x9D56, 0x7C93, 0x7CB3, 
0x6411, 0x4B8E, 0x6CD3, 0x6CF3, 0x7515, 0x7D76, 0x85B7, 0x8D97, 
0x8597, 0x7D97, 0x8E19, 0x95D9, 0x5BF2, 0x6372, 0x31ED, 0x422F, 
0x8CB8, 0x31EE, 0x63F4, 0x6394, 0x218E, 0x63B3, 0x7434, 0x5312, 
0x63D1, 0x7455, 0x7474, 0x6410, 0x642F, 0x6C4F, 0x642E, 0x642F, 
0x642F, 0x642F, 0x642F, 0x642F, 0x642F, 0x642E, 0x642F, 0x642F, 
0x642E, 0x640E, 0x642E, 0x640E, 0x640E, 0x640E, 0x640E, 0x5BEE, 
0x63EE, 0x63EE, 0x63EE, 0x5BEE, 0x5BEE, 0x5BEE, 0x5BED, 0x5BCE, 
0x5BCE, 0x5BCD, 0x5BCD, 0x5BCD, 0x5BAD, 0x5BCD, 0x5BAD, 0x5BAD, 
0x5BAD, 0x5BAD, 0x5BAD, 0x5BAD, 0x5B8D, 0x5BAD, 0x5B8D, 0x538C, 
0x538D, 0x538C, 0x538C, 0x536C, 0x536C, 0x536C, 0x536C, 0x534C, 
0x534C, 0x534C, 0x534C, 0x534C, 0x534C, 0x532B, 0x534C, 0x4B2B, 
0x532B, 0x4B2B, 0x4B2B, 0x4B0B, 0x4B0B, 0x4B0B, 0x4B0B, 0x4B0B, 
0x4B0B, 0x4AEA, 0x4AEA, 0x42EA, 0x42EA, 0x42EA, 0x42CA, 0x42AA, 
0x42CA, 0x42AA, 0x42A9, 0x42A9, 0x42A9, 0x4289, 0x42A9, 0x4289, 
0x4289, 0x4289, 0x3A89, 0x4268, 0x4269, 0x3A48, 0x3A68, 0x3A48, 
0xAE77, 0xB657, 0xB678, 0xB678, 0xB678, 0xB678, 0xB657, 0xAE57, 
0xA637, 0xA636, 0xA616, 0x9E16, 0x9DF6, 0x95B5, 0x95B5, 0x95B5, 
0x8D94, 0x8D94, 0x8D73, 0x8573, 0x8573, 0x8553, 0x8553, 0x8553, 
0x8553, 0x8573, 0x8573, 0x8573, 0x8D73, 0x8D94, 0x8D74, 0x8D94, 
0x95B4, 0x95B5, 0x95D5, 0x9DD5, 0x9DF6, 0xA616, 0xA616, 0xA616, 
0xAE37, 0xAE57, 0xAE57, 0xB678, 0xB678, 0xB678, 0xB678, 0xB678, 
0xB678, 0xB678, 0xB678, 0xB678, 0xB658, 0xB678, 0xAE57, 0xAE37, 
0xAE37, 0xA616, 0xA616, 0xA5F6, 0x9DD6, 0x9DD5, 0x95B5, 0x95B5, 
0x9594, 0x8D94, 0x8D74, 0x8553, 0x8553, 0x8553, 0x8533, 0x8532, 
0x7D12, 0x7D12, 0x7D12, 0x7CF2, 0x7CF1, 0x7CF1, 0x7CF2, 0x7CF1, 
0x74F1, 0x7D33, 0x632E, 0x51EB, 0x624D, 0x83D0, 0x8BF1, 0x836F, 
0x8BAF, 0x9C11, 0x93AF, 0x8B6E, 0x8B6E, 0x8BAE, 0x9BF0, 0x832D, 
0x834D, 0x93AF, 0x9BF0, 0x9C10, 0x6A4A, 0x6A2A, 0x6A4C, 0x6B0B, 
0xB5D5, 0x9450, 0x842F, 0xCE98, 0xDF1B, 0xEF5B, 0xC616, 0x9CF2, 
0xB5D6, 0x94F3, 0x73CF, 0x7C72, 0x84D3, 0x84B3, 0x84F4, 0x74D4, 
0x7D55, 0x6CF3, 0x5410, 0x5430, 0x6CF4, 0x6D14, 0x7D96, 0x7D56, 
0x85B7, 0x8E18, 0x85D8, 0x8DD8, 0x8597, 0x84B5, 0x4B10, 0x320D, 
0x3A4F, 0x6BF5, 0x5B73, 0x320F, 0x52B0, 0x63D4, 0x5351, 0x4ACE, 
0x7495, 0x42D0, 0x7C96, 0x84D5, 0x63F0, 0x6C2F, 0x6C6F, 0x642F, 
0x642F, 0x642F, 0x642F, 0x642F, 0x642F, 0x642E, 0x642F, 0x642E, 
0x640E, 0x642E, 0x640E, 0x640E, 0x640E, 0x640E, 0x640E, 0x5BEE, 
0x63EE, 0x63EE, 0x5BEE, 0x5BEE, 0x5BEE, 0x5BEE, 0x5BED, 0x5BCE, 
0x5BCD, 0x5BCD, 0x5BCD, 0x5BCD, 0x5BAD, 0x5BCD, 0x5BAD, 0x5BAD, 
0x5BAD, 0x5BAD, 0x5BAD, 0x5BAD, 0x5B8D, 0x5BAD, 0x5B8D, 0x538C, 
0x538D, 0x538C, 0x538C, 0x538C, 0x536C, 0x536C, 0x536C, 0x534C, 
0x534C, 0x534C, 0x534C, 0x534C, 0x532B, 0x534C, 0x534C, 0x4B2B, 
0x532B, 0x4B2B, 0x4B2B, 0x4B0B, 0x4B0B, 0x4B0B, 0x4B0B, 0x4B0B, 
0x4B0B, 0x4AEA, 0x4AEA, 0x42EA, 0x42EA, 0x42EA, 0x42CA, 0x42AA, 
0x42CA, 0x42AA, 0x42A9, 0x42A9, 0x42A9, 0x4289, 0x42A9, 0x4289, 
0x4289, 0x4289, 0x3A89, 0x4268, 0x4269, 0x3A48, 0x3A68, 0x3A48, 
0xAE77, 0xB657, 0xB657, 0xB678, 0xB678, 0xB657, 0xB657, 0xAE37, 
0xAE37, 0xA617, 0xA616, 0x9E16, 0x9DF6, 0x95B5, 0x95B5, 0x9595, 
0x8D94, 0x8D94, 0x8D94, 0x8573, 0x8573, 0x8553, 0x8553, 0x8553, 
0x8553, 0x8573, 0x8553, 0x8573, 0x8573, 0x8D73, 0x8D74, 0x8D94, 
0x8D94, 0x9594, 0x95B5, 0x9DD5, 0x9DD5, 0x9DF6, 0x9DF6, 0xA616, 
0xAE17, 0xAE37, 0xAE37, 0xB657, 0xB678, 0xB678, 0xB678, 0xB678, 
0xB678, 0xB658, 0xB678, 0xB678, 0xB678, 0xB658, 0xB657, 0xB657, 
0xAE37, 0xAE37, 0xA616, 0xA616, 0xA5F6, 0x9DF6, 0x9DD5, 0x95B5, 
0x95B5, 0x9594, 0x9594, 0x8D73, 0x8D73, 0x8553, 0x8553, 0x8533, 
0x8532, 0x7D12, 0x7D12, 0x7CF2, 0x7CF2, 0x7CF1, 0x7CF2, 0x7CD1, 
0x7CF3, 0x5B6E, 0x4189, 0x626D, 0x83F2, 0x83F0, 0x83AF, 0x7B8E, 
0x83AE, 0x940F, 0x8BCE, 0x8BEE, 0x9C30, 0x8BCE, 0x838D, 0x93EF, 
0xBD54, 0x93EE, 0x940E, 0xA450, 0x9C30, 0x6A8A, 0x6A6B, 0xCE76, 
0xADF4, 0x9CD1, 0xCE57, 0xF7DD, 0xDE99, 0x7C0E, 0x842F, 0x7C2F, 
0x638E, 0x7C72, 0x84B3, 0x6C51, 0x6C31, 0x84F4, 0x7D15, 0x74F4, 
0x8DF8, 0x85F6, 0x64D3, 0x4BF0, 0x5431, 0x64B3, 0x5CD3, 0x7556, 
0x8597, 0x8DF8, 0x8597, 0x8597, 0x9619, 0x95F9, 0x74D6, 0x324D, 
0x6BB4, 0x6373, 0x428F, 0x4A91, 0x74B5, 0x4270, 0x52F1, 0x8D77, 
0x31ED, 0x7C56, 0x5B72, 0x6C15, 0x7474, 0x63F0, 0x5BEE, 0x642F, 
0x642F, 0x642F, 0x642F, 0x642F, 0x642E, 0x642E, 0x640E, 0x640E, 
0x642E, 0x640E, 0x640E, 0x640E, 0x640E, 0x640E, 0x640E, 0x5BEE, 
0x63EE, 0x5BEE, 0x5BEE, 0x5BEE, 0x5BEE, 0x5BEE, 0x5BCD, 0x5BCD, 
0x5BCD, 0x5BCD, 0x5BCD, 0x5BCD, 0x5BAD, 0x5BCD, 0x5BAD, 0x5BAD, 
0x5BAD, 0x5BAD, 0x5BAD, 0x5BAD, 0x5B8D, 0x5BAD, 0x5B8D, 0x538C, 
0x538D, 0x536C, 0x538C, 0x536C, 0x536C, 0x536C, 0x536C, 0x534C, 
0x534C, 0x534C, 0x534C, 0x534C, 0x532B, 0x534C, 0x534C, 0x4B2B, 
0x532B, 0x4B2B, 0x4B2B, 0x4B0B, 0x4B0B, 0x4B0B, 0x4B0B, 0x4B0B, 
0x4B0B, 0x4AEA, 0x4AEA, 0x42EA, 0x42EA, 0x42EA, 0x42CA, 0x42AA, 
0x42CA, 0x42AA, 0x42A9, 0x42A9, 0x42A9, 0x4289, 0x42A9, 0x4289, 
0x4289, 0x4289, 0x3A89, 0x4268, 0x4269, 0x3A48, 0x3A68, 0x3A48, 
0xAE57, 0xB657, 0xB678, 0xB678, 0xB678, 0xB678, 0xB678, 0xAE37, 
0xA637, 0xA636, 0xA616, 0x9E16, 0x9DF6, 0x95B5, 0x95B5, 0x95B5, 
0x8D94, 0x8D94, 0x8D74, 0x8573, 0x8573, 0x8573, 0x8553, 0x8553, 
0x8553, 0x8573, 0x8573, 0x8553, 0x8573, 0x8573, 0x8573, 0x8D94, 
0x8D94, 0x9594, 0x9594, 0x95B5, 0x9DD5, 0x9DD6, 0x9DF6, 0xA5F6, 
0xAE16, 0xAE37, 0xAE37, 0xAE57, 0xB657, 0xB678, 0xB678, 0xB678, 
0xB678, 0xB658, 0xB678, 0xB678, 0xB678, 0xB678, 0xB657, 0xB678, 
0xB657, 0xAE37, 0xAE37, 0xAE16, 0xA5F6, 0x9E16, 0x9DF6, 0x9DD5, 
0x95B5, 0x9594, 0x9594, 0x8D73, 0x8D73, 0x8553, 0x8553, 0x8532, 
0x8532, 0x7D12, 0x7D12, 0x7CF2, 0x7CF2, 0x7CF2, 0x7CF1, 0x74F2, 
0x634E, 0x49EA, 0x630E, 0x5B0E, 0x73D0, 0x7BAF, 0x736E, 0x7BAE, 
0x7B6D, 0x8BEE, 0x940F, 0x940E, 0xACD1, 0x9C70, 0x8B8D, 0x8B8D, 
0x93EF, 0x942E, 0x942E, 0x8C0D, 0x942F, 0x8BEF, 0x6AAC, 0xAE14, 
0x94D0, 0xBE15, 0xFFFE, 0xC5B6, 0x9C91, 0x94F2, 0x73CE, 0x73CF, 
0x8CF4, 0x6BF1, 0x6C11, 0x8D76, 0x8515, 0x63F0, 0x8576, 0x85D7, 
0x85D8, 0x7595, 0x85B6, 0x6492, 0x43AF, 0x5431, 0x5492, 0x6D55, 
0x7D76, 0x7D76, 0x8597, 0x8DD8, 0x95F9, 0x85F8, 0x8598, 0x6C14, 
0x6BB4, 0x422E, 0x420E, 0x9558, 0x3A2E, 0x5B92, 0x6C14, 0x29EE, 
0x84D7, 0x5351, 0x428F, 0x7436, 0x6C14, 0x7472, 0x640F, 0x642F, 
0x642F, 0x642F, 0x642F, 0x642F, 0x642E, 0x640E, 0x640E, 0x642E, 
0x640E, 0x640E, 0x640E, 0x640E, 0x640E, 0x640E, 0x640E, 0x5BEE, 
0x63EE, 0x5BEE, 0x5BEE, 0x5BEE, 0x5BCD, 0x5BEE, 0x5BCD, 0x5BCD, 
0x5BCD, 0x5BCD, 0x5BAD, 0x5BCD, 0x5BAD, 0x5BCD, 0x5BAD, 0x5BAD, 
0x5BAD, 0x5BAD, 0x5BAD, 0x5BAD, 0x5B8D, 0x5BAD, 0x5B8D, 0x538C, 
0x538D, 0x536C, 0x538C, 0x536C, 0x536C, 0x536C, 0x536C, 0x534C, 
0x534C, 0x534C, 0x534C, 0x532B, 0x534C, 0x534C, 0x534C, 0x4B2B, 
0x532B, 0x4B2B, 0x4B2B, 0x4B0B, 0x4B0B, 0x4B0B, 0x4B0B, 0x4B0B, 
0x4B0B, 0x4AEA, 0x4AEA, 0x42EA, 0x42EA, 0x42EA, 0x42CA, 0x42AA, 
0x42CA, 0x42AA, 0x42A9, 0x42A9, 0x42A9, 0x4289, 0x42A9, 0x4289, 
0x4289, 0x4289, 0x3A89, 0x4268, 0x4269, 0x3A48, 0x3A68, 0x3A48, 
0xAE77, 0xAE57, 0xB678, 0xB678, 0xB678, 0xB678, 0xB657, 0xAE57, 
0xAE37, 0xA637, 0xA616, 0x9E16, 0x9DF6, 0x9DD5, 0x95D5, 0x9594, 
0x8D94, 0x8D94, 0x8D74, 0x8573, 0x8573, 0x8573, 0x8553, 0x8553, 
0x7D53, 0x7D53, 0x8553, 0x8553, 0x8553, 0x8573, 0x8573, 0x8D74, 
0x8D74, 0x8D94, 0x9594, 0x9594, 0x95B5, 0x9DD5, 0x9DF6, 0x9E16, 
0xA616, 0xA637, 0xAE37, 0xAE37, 0xAE57, 0xB657, 0xB657, 0xB658, 
0xB678, 0xB678, 0xB678, 0xB678, 0xB678, 0xB678, 0xB658, 0xB658, 
0xB657, 0xAE57, 0xAE37, 0xAE37, 0xA637, 0xA5F6, 0x9DD6, 0x9DD5, 
0x9DB5, 0x9DB5, 0x9594, 0x8D94, 0x8D74, 0x8553, 0x8553, 0x8553, 
0x8533, 0x84F3, 0x7CF2, 0x8512, 0x7CF1, 0x7CF1, 0x7D32, 0x73F0, 
0x422D, 0x5291, 0x6351, 0x7C31, 0x52EB, 0x7371, 0x7BCE, 0x7BAE, 
0x840E, 0x83CF, 0x8C4D, 0x8C0E, 0x734B, 0x83AC, 0x942E, 0x8C0D, 
0x83ED, 0x942E, 0x9C6F, 0x8C2E, 0x8C2D, 0x9CF0, 0x8C6E, 0x62A9, 
0xBD94, 0xFFDC, 0xCE77, 0x9CF2, 0x6B6D, 0x8C92, 0x94F4, 0x7431, 
0x5BAF, 0x84F4, 0x8D56, 0x5BD1, 0x7CD4, 0x9DF9, 0x8DD8, 0x8597, 
0x7D76, 0x8DB7, 0x8597, 0x7576, 0x43F0, 0x438F, 0x5C30, 0x5CB3, 
0x64F4, 0x7556, 0x8DD7, 0x95F8, 0x95D8, 0x8D97, 0x8DD8, 0x8DD8, 
0x74B5, 0x42AF, 0x39CD, 0x3A2F, 0x73F6, 0x6373, 0x428F, 0x6BD4, 
0x5372, 0x5310, 0x6BF4, 0x5B72, 0x42AF, 0x7C75, 0x6C34, 0x5BD0, 
0x642F, 0x642D, 0x6C4E, 0x642E, 0x6430, 0x642E, 0x642F, 0x642E, 
0x640E, 0x640E, 0x640E, 0x63EE, 0x640E, 0x640E, 0x5BEE, 0x5BEE, 
0x63EE, 0x5BEE, 0x5BEE, 0x5BEE, 0x5BCD, 0x5BEE, 0x5BED, 0x5BCD, 
0x5BCD, 0x5BCD, 0x5BCD, 0x5BCD, 0x5BAD, 0x5BCD, 0x5BAD, 0x5BAD, 
0x5BAD, 0x5BAD, 0x5BAD, 0x5BAD, 0x5B8D, 0x5B8D, 0x5B8D, 0x538C, 
0x538D, 0x538C, 0x538C, 0x536C, 0x536C, 0x536C, 0x536C, 0x534C, 
0x534C, 0x534C, 0x534C, 0x532B, 0x534C, 0x532B, 0x532B, 0x532B, 
0x4B2B, 0x4B0B, 0x4B2B, 0x4B2B, 0x4B0B, 0x4B0B, 0x4B0B, 0x4B0B, 
0x4AEA, 0x42EA, 0x4AEA, 0x42EA, 0x42EA, 0x42CA, 0x42CA, 0x42AA, 
0x42CA, 0x42AA, 0x42A9, 0x42A9, 0x42A9, 0x4289, 0x42A9, 0x4289, 
0x4289, 0x4289, 0x3A89, 0x4268, 0x4269, 0x3A48, 0x3A68, 0x3A48, 
0xAE57, 0xAE57, 0xB678, 0xB678, 0xB678, 0xB678, 0xAE57, 0xAE57, 
0xAE37, 0xA637, 0xA616, 0xA616, 0x9DF6, 0x9DD5, 0x95B5, 0x95B5, 
0x8D94, 0x8D94, 0x8D94, 0x8D73, 0x8573, 0x8573, 0x8553, 0x7D53, 
0x7D53, 0x7D53, 0x8553, 0x8553, 0x8553, 0x8573, 0x8573, 0x8D74, 
0x8D74, 0x8D74, 0x8D94, 0x9594, 0x9594, 0x95B5, 0x9DD5, 0x9DF6, 
0x9DF6, 0xA616, 0xA637, 0xAE37, 0xAE37, 0xB657, 0xB657, 0xB657, 
0xB678, 0xB678, 0xB678, 0xB678, 0xB678, 0xB678, 0xB658, 0xB678, 
0xB658, 0xB657, 0xAE37, 0xAE37, 0xAE37, 0xA616, 0xA5F6, 0x9DD6, 
0x9DD5, 0x9DB5, 0x9D95, 0x8D94, 0x8D74, 0x8D73, 0x8D53, 0x8553, 
0x8533, 0x7D33, 0x8533, 0x7CF1, 0x8512, 0x84F3, 0x53AE, 0x424D, 
0x52CF, 0x5B11, 0x4231, 0x6332, 0x8492, 0x52EB, 0x73B0, 0x844F, 
0x738D, 0x8C6E, 0x840F, 0x840E, 0x946F, 0x840D, 0x83EC, 0x8C6E, 
0x8C4D, 0x8C0D, 0x8C4E, 0x8C6E, 0x8C6E, 0x844D, 0x94F0, 0x8BEE, 
0xC616, 0xEF7B, 0x8C6F, 0x8470, 0xA575, 0x634E, 0x7431, 0x9576, 
0x7472, 0x6410, 0x6C52, 0x8D57, 0x74B4, 0x6C93, 0x8DD8, 0x8576, 
0x85B7, 0x8DD8, 0x8597, 0x7D97, 0x5C93, 0x438E, 0x53CF, 0x5451, 
0x64B3, 0x6D55, 0x85D7, 0x8DD7, 0x8DB7, 0x95D8, 0x9619, 0x9619, 
0x8597, 0x7CB6, 0x52F0, 0x6394, 0x5B32, 0x4AB0, 0x6353, 0x6BB3, 
0x42D0, 0x73F4, 0x6BD3, 0x3A6E, 0x7455, 0x63B3, 0x6C34, 0x6C32, 
0x63F0, 0x6C6F, 0x5BEC, 0x644F, 0x642F, 0x642E, 0x642E, 0x640E, 
0x640E, 0x640E, 0x640E, 0x63EE, 0x640E, 0x5BEE, 0x5BEE, 0x63EE, 
0x5BEE, 0x5BEE, 0x5BEE, 0x5BEE, 0x5BCD, 0x5BEE, 0x5BEE, 0x5BCD, 
0x5BCD, 0x5BCD, 0x5BCD, 0x5BCD, 0x5BCD, 0x5BAD, 0x5BAD, 0x5BAD, 
0x5BAD, 0x5BAD, 0x5BAD, 0x5B8D, 0x5BAD, 0x538D, 0x5B8D, 0x538C, 
0x538D, 0x538C, 0x538C, 0x536C, 0x536C, 0x536C, 0x536C, 0x534C, 
0x534C, 0x534C, 0x534C, 0x532B, 0x534C, 0x532B, 0x4B2B, 0x532B, 
0x4B2B, 0x4B0B, 0x4B2B, 0x4B0B, 0x4B0B, 0x4B0B, 0x4B0B, 0x4AEA, 
0x4AEA, 0x42EA, 0x4AEA, 0x42EA, 0x42CA, 0x42CA, 0x42CA, 0x42AA, 
0x42CA, 0x42AA, 0x42A9, 0x42A9, 0x42A9, 0x4289, 0x42A9, 0x4289, 
0x4289, 0x4289, 0x3A89, 0x4268, 0x4269, 0x3A48, 0x3A68, 0x3A48, 
0xAE57, 0xAE57, 0xB678, 0xB678, 0xB678, 0xB678, 0xAE57, 0xAE57, 
0xAE37, 0xAE37, 0xA636, 0xA616, 0x9DF6, 0x9DF6, 0x95B5, 0x95B5, 
0x8D94, 0x8D94, 0x8D74, 0x8D73, 0x8573, 0x8573, 0x8553, 0x7D53, 
0x7D53, 0x8553, 0x8553, 0x8553, 0x8553, 0x8553, 0x8553, 0x8573, 
0x8573, 0x8D73, 0x8D94, 0x8D94, 0x9594, 0x95B5, 0x95B5, 0x9DD5, 
0x9DF6, 0xA5F6, 0xA616, 0xAE37, 0xAE37, 0xAE57, 0xB657, 0xB657, 
0xB678, 0xB658, 0xB678, 0xB678, 0xB678, 0xB678, 0xB658, 0xB678, 
0xB658, 0xB657, 0xAE57, 0xAE37, 0xAE37, 0xA616, 0xA616, 0xA5F6, 
0xA5F6, 0x9DD5, 0x9DB5, 0x9594, 0x8D94, 0x8D74, 0x8D73, 0x8D53, 
0x8533, 0x7D52, 0x7D12, 0x8533, 0x84F3, 0x63D1, 0x3A8D, 0x52EF, 
0x5B32, 0x52B3, 0x4A71, 0x4A90, 0x6332, 0x8CD1, 0x5B2D, 0x73EF, 
0x8CCF, 0x8C8F, 0x7BEF, 0x7BED, 0x9CF1, 0x9CF0, 0x842D, 0x8C6E, 
0x8C6E, 0x94AF, 0x94AF, 0x8C6E, 0x844E, 0x8C8F, 0x94D0, 0x840E, 
0xEF5B, 0x9D12, 0x9D13, 0x73EF, 0x8471, 0x9534, 0x63F0, 0x7492, 
0x8535, 0x6C72, 0x6C72, 0x8D97, 0x8D97, 0x5411, 0x74F4, 0x8DF8, 
0x85B7, 0x8DB7, 0x8597, 0x7DB7, 0x7555, 0x438E, 0x4B6D, 0x4C11, 
0x5C92, 0x6D14, 0x7D96, 0x85B7, 0x8DD8, 0x95B8, 0x8DD8, 0x8DD7, 
0x85B8, 0x95FA, 0x6C74, 0x63B3, 0x3A4E, 0x426F, 0x7C16, 0x31AD, 
0x8497, 0x4AD0, 0x29CC, 0x84B7, 0x5B51, 0x4AF0, 0x5B92, 0x7455, 
0x7453, 0x5BAF, 0x642F, 0x642E, 0x640E, 0x642E, 0x640E, 0x640E, 
0x640E, 0x640E, 0x640E, 0x63EE, 0x63EE, 0x5BEE, 0x63EE, 0x5BEE, 
0x5BEE, 0x5BEE, 0x5BEE, 0x5BEE, 0x5BCD, 0x5BEE, 0x5BEE, 0x5BCD, 
0x5BCD, 0x5BCD, 0x5BCD, 0x5BCD, 0x5BCD, 0x5BAD, 0x5BAD, 0x5BAD, 
0x5BAD, 0x5BAD, 0x5BAD, 0x5B8D, 0x5BAD, 0x538D, 0x538D, 0x538D, 
0x538C, 0x538C, 0x536C, 0x536C, 0x536C, 0x536C, 0x536C, 0x534C, 
0x534C, 0x534C, 0x534C, 0x532B, 0x534C, 0x532B, 0x4B2B, 0x532B, 
0x4B2B, 0x4B0B, 0x4B2B, 0x4B0B, 0x4B0B, 0x4B0B, 0x4B0B, 0x4B0B, 
0x4AEA, 0x42EA, 0x4AEA, 0x42EA, 0x42EA, 0x42CA, 0x42CA, 0x42AA, 
0x42CA, 0x42AA, 0x42A9, 0x42A9, 0x42A9, 0x4289, 0x42A9, 0x4289, 
0x4289, 0x4289, 0x3A89, 0x4268, 0x4269, 0x3A48, 0x3A68, 0x3A48, 
0xAE57, 0xAE57, 0xB678, 0xB678, 0xB678, 0xB678, 0xAE57, 0xAE57, 
0xAE57, 0xAE37, 0xA637, 0xA616, 0x9E16, 0x9DD5, 0x95D5, 0x95B5, 
0x8D94, 0x8D94, 0x8D94, 0x8573, 0x8573, 0x8573, 0x8553, 0x7D53, 
0x7D53, 0x7D32, 0x8553, 0x8553, 0x8553, 0x8553, 0x8553, 0x8553, 
0x8573, 0x8553, 0x8D74, 0x8D94, 0x8D94, 0x9594, 0x95B5, 0x9DD5, 
0x9DD6, 0x9DF6, 0xA616, 0xA616, 0xAE37, 0xAE37, 0xAE37, 0xB657, 
0xB678, 0xB658, 0xB658, 0xB678, 0xB678, 0xB678, 0xB658, 0xB658, 
0xB678, 0xB657, 0xB657, 0xAE57, 0xAE37, 0xAE37, 0xA616, 0xA616, 
0xA5F6, 0x9DD6, 0x9DB5, 0x95B5, 0x9594, 0x9594, 0x8D74, 0x8D53, 
0x8D53, 0x7D52, 0x8553, 0x8534, 0x63B1, 0x428E, 0x4AD0, 0x5331, 
0x52F3, 0x4AB4, 0x5AF3, 0x4AB2, 0x4253, 0x63B1, 0x84D2, 0x532C, 
0x7C4E, 0x8CD3, 0x7C2F, 0x73ED, 0x6BAC, 0x7C2E, 0x846F, 0x846F, 
0x844E, 0x7C4D, 0x848F, 0x8CB0, 0x8CD0, 0x94F1, 0x6B8C, 0x9D12, 
0xD6B9, 0x8CD2, 0x7C51, 0x8CD3, 0x534D, 0x7491, 0x8D55, 0x74F3, 
0x95F7, 0x95D7, 0x8D96, 0x8DB8, 0x8576, 0x8597, 0x85B7, 0x8597, 
0x85B7, 0x8596, 0x8597, 0x7DB7, 0x85B7, 0x4BCF, 0x3AEB, 0x5431, 
0x5C52, 0x64F4, 0x6D35, 0x85B7, 0x9639, 0x95B8, 0x8DB7, 0x8DD7, 
0x8DF8, 0x961A, 0x85B8, 0x5BD2, 0x4B10, 0x320D, 0x39ED, 0x8457, 
0x52B1, 0x3A2E, 0x7415, 0x5B72, 0x5B72, 0x5331, 0x8CD7, 0x3A6F, 
0x63B3, 0x7475, 0x63D0, 0x642F, 0x642E, 0x640E, 0x642E, 0x640E, 
0x640E, 0x640E, 0x5C0E, 0x63EE, 0x5BEE, 0x63EE, 0x5BEE, 0x5BEE, 
0x5BEE, 0x5BEE, 0x5BEE, 0x5BEE, 0x5BCD, 0x5BEE, 0x5BEE, 0x5BCD, 
0x5BCD, 0x5BCD, 0x5BAD, 0x5BAD, 0x5BCD, 0x5BAD, 0x5BAD, 0x5BAD, 
0x5BAD, 0x5BAD, 0x538D, 0x5BAD, 0x5BAD, 0x5B8D, 0x538C, 0x538D, 
0x538C, 0x536C, 0x538C, 0x536C, 0x536C, 0x536C, 0x536C, 0x534C, 
0x534C, 0x534C, 0x534C, 0x532B, 0x534C, 0x532B, 0x4B2B, 0x532B, 
0x4B2B, 0x4B0B, 0x4B2B, 0x4B0B, 0x4B0B, 0x4B0B, 0x4AEA, 0x4AEA, 
0x4AEA, 0x42EA, 0x4AEA, 0x42EA, 0x42EA, 0x42CA, 0x42CA, 0x42AA, 
0x42CA, 0x42AA, 0x42A9, 0x42A9, 0x42A9, 0x4289, 0x42A9, 0x4289, 
0x4289, 0x4289, 0x3A89, 0x4268, 0x4269, 0x3A48, 0x3A68, 0x3A48, 
0xAE37, 0xAE57, 0xB678, 0xB678, 0xB678, 0xB678, 0xAE57, 0xAE57, 
0xAE37, 0xAE37, 0xA637, 0xA636, 0xA616, 0x9DF6, 0x95D5, 0x95B5, 
0x8DB4, 0x8D94, 0x8D94, 0x8573, 0x8573, 0x8573, 0x8553, 0x7D53, 
0x7D53, 0x7D32, 0x7D32, 0x7D53, 0x7D53, 0x7D53, 0x8553, 0x8553, 
0x8553, 0x8553, 0x8573, 0x8D73, 0x8D74, 0x9594, 0x95B5, 0x95B5, 
0x9DD5, 0x9DD6, 0x9DF6, 0xA616, 0xA616, 0xA617, 0xAE37, 0xAE37, 
0xB657, 0xB657, 0xB658, 0xB658, 0xB678, 0xB678, 0xB678, 0xB658, 
0xB678, 0xB658, 0xB658, 0xB657, 0xAE57, 0xAE57, 0xAE37, 0xAE17, 
0xA616, 0xA5F6, 0x9DD6, 0x9DD5, 0x95B5, 0x9594, 0x8D94, 0x8D74, 
0x8D53, 0x8532, 0x8D54, 0x5BF1, 0x3A8F, 0x5311, 0x6373, 0x5315, 
0x5312, 0x5312, 0x52D5, 0x52D5, 0x52D3, 0x4291, 0x63B2, 0x9532, 
0x3A4C, 0x5B4D, 0x73EF, 0x6C0F, 0x6BEE, 0x7450, 0x744F, 0x744F, 
0x742E, 0x7C8F, 0x7C6F, 0x7C70, 0x8CF2, 0x6BCE, 0x4269, 0xCE98, 
0xADB5, 0x94F3, 0x6BF0, 0x7C93, 0x9D77, 0x6430, 0x74F3, 0x9617, 
0x7D75, 0x8DF7, 0x8DD7, 0x7D76, 0x7D76, 0x8DD7, 0x85B7, 0x85B7, 
0x8DF7, 0x8576, 0x85B7, 0x85B7, 0x85B6, 0x5C31, 0x32AA, 0x5411, 
0x5431, 0x5C92, 0x7555, 0x85B7, 0x9618, 0x8DB8, 0x8DD7, 0x9618, 
0x9618, 0x8DB7, 0x8DD8, 0xA67A, 0x7CF5, 0x4B10, 0x7C36, 0x4270, 
0x3A2F, 0x6BB4, 0x6BD4, 0x3A2E, 0x428F, 0x8CD8, 0x4AB0, 0x42AF, 
0x6C15, 0x7456, 0x6C33, 0x63F0, 0x63EE, 0x642E, 0x640E, 0x640E, 
0x640E, 0x640E, 0x5C0E, 0x5BEE, 0x63EE, 0x5BEE, 0x5BEE, 0x5BEE, 
0x5BEE, 0x5BEE, 0x5BEE, 0x5BEE, 0x5BCD, 0x5BEE, 0x5BEE, 0x5BCD, 
0x5BCD, 0x5BAD, 0x5BCD, 0x5BCD, 0x5BAD, 0x5BAD, 0x5BAD, 0x5BAD, 
0x5BAD, 0x538D, 0x5BAD, 0x538D, 0x5B8D, 0x538C, 0x538D, 0x538C, 
0x538C, 0x536C, 0x536C, 0x536C, 0x536C, 0x536C, 0x536C, 0x534C, 
0x534C, 0x534C, 0x534C, 0x532B, 0x534C, 0x532B, 0x4B2B, 0x532B, 
0x4B2B, 0x4B0B, 0x4B2B, 0x4B0B, 0x4B0B, 0x4B0B, 0x4B0B, 0x4AEA, 
0x42EA, 0x4AEA, 0x4AEA, 0x42EA, 0x42EA, 0x42CA, 0x42CA, 0x42AA, 
0x42CA, 0x42AA, 0x42A9, 0x42A9, 0x42A9, 0x4289, 0x42A9, 0x4289, 
0x4289, 0x4289, 0x3A89, 0x4268, 0x4269, 0x3A48, 0x3A68, 0x3A48, 
0xAE57, 0xAE57, 0xB678, 0xB678, 0xB678, 0xB678, 0xAE57, 0xAE57, 
0xAE37, 0xAE37, 0xA637, 0xA636, 0xA616, 0x9DF6, 0x95D5, 0x95B5, 
0x8DB4, 0x8D94, 0x8D94, 0x8573, 0x8573, 0x8573, 0x8553, 0x7D53, 
0x7D53, 0x7D32, 0x7D53, 0x7D53, 0x7D53, 0x7D53, 0x7D53, 0x7D53, 
0x8553, 0x8553, 0x8573, 0x8573, 0x8D74, 0x8D74, 0x8D94, 0x9594, 
0x95B5, 0x9DD5, 0x9DD6, 0x9DF6, 0xA616, 0xA616, 0xAE17, 0xAE37, 
0xAE57, 0xB657, 0xB658, 0xB678, 0xB678, 0xB678, 0xB678, 0xBE78, 
0xB658, 0xB658, 0xB658, 0xB657, 0xB657, 0xAE57, 0xAE37, 0xAE37, 
0xA616, 0xA5F6, 0x9DD6, 0x9DF5, 0x95D5, 0x95B5, 0x9594, 0x8D74, 
0x8D73, 0x8D53, 0x6C31, 0x42EE, 0x5332, 0x5B94, 0x5353, 0x5B35, 
0x5B34, 0x5B34, 0x5313, 0x52F3, 0x52F4, 0x4A95, 0x4A92, 0x6B92, 
0x636D, 0x5B2D, 0x6B90, 0x6C0F, 0x6C0F, 0x7450, 0x6BEE, 0x742F, 
0x7C70, 0x746F, 0x746F, 0x84D1, 0x532C, 0x52EC, 0x8CB3, 0x9D72, 
0xA595, 0x6BF0, 0x84F5, 0x5B90, 0x7CB3, 0x95D6, 0x9617, 0x8595, 
0x8E17, 0x7D96, 0x85B6, 0x7D96, 0x7D76, 0x8DF8, 0x7D76, 0x8DD7, 
0x7D76, 0x8DB7, 0x8DF8, 0x85F8, 0x7D76, 0x6C92, 0x2A89, 0x53F0, 
0x53F0, 0x5C92, 0x6D35, 0x7DB7, 0x85B7, 0x8DF8, 0x95F8, 0x9E18, 
0x95D7, 0x95B7, 0x95F9, 0x8E39, 0x9619, 0x63F3, 0x5B72, 0x29CD, 
0x4AB1, 0x7C16, 0x218C, 0x4AB1, 0x8497, 0x426F, 0x4290, 0x6BF3, 
0x6C15, 0x42B0, 0x6C14, 0x6C32, 0x5BEE, 0x642E, 0x640E, 0x640E, 
0x640E, 0x5C0E, 0x640E, 0x63EE, 0x63EE, 0x5BEE, 0x5BEE, 0x5BEE, 
0x5BEE, 0x5BEE, 0x5BEE, 0x5BEE, 0x5BED, 0x5BEE, 0x5BEE, 0x5BCD, 
0x5BAD, 0x5BCD, 0x5BCD, 0x5BAD, 0x5BAD, 0x5BAD, 0x5BAD, 0x5BAD, 
0x5BAD, 0x538D, 0x538D, 0x5B8D, 0x5B8D, 0x538C, 0x538D, 0x538C, 
0x538C, 0x536C, 0x536C, 0x536C, 0x536C, 0x536C, 0x536C, 0x534C, 
0x534C, 0x534C, 0x534C, 0x532B, 0x534C, 0x532B, 0x4B2B, 0x532B, 
0x4B2B, 0x4B0B, 0x4B2B, 0x4B0B, 0x4B0B, 0x4B0B, 0x4B0B, 0x4AEA, 
0x42EA, 0x4AEA, 0x4AEA, 0x42EA, 0x42EA, 0x42CA, 0x42CA, 0x42AA, 
0x42CA, 0x42AA, 0x42A9, 0x42A9, 0x42A9, 0x4289, 0x42A9, 0x4289, 
0x4289, 0x4289, 0x3A89, 0x4268, 0x4269, 0x3A48, 0x3A68, 0x3A48, 
0xAE57, 0xAE57, 0xB657, 0xB678, 0xB678, 0xB678, 0xB678, 0xAE57, 
0xAE57, 0xAE37, 0xAE37, 0xA616, 0xA616, 0x9DF6, 0x9DD5, 0x95B5, 
0x9594, 0x8D94, 0x8D74, 0x8573, 0x8573, 0x8573, 0x8553, 0x7D53, 
0x7D53, 0x7D32, 0x7D32, 0x7D32, 0x7D32, 0x7D32, 0x7D32, 0x8533, 
0x8533, 0x8533, 0x8553, 0x8D53, 0x8D53, 0x8D74, 0x8D94, 0x9594, 
0x95B5, 0x95B5, 0x9DD5, 0x9DF6, 0x9E16, 0xA616, 0xA637, 0xAE37, 
0xAE57, 0xB637, 0xB657, 0xB658, 0xB678, 0xB678, 0xB678, 0xB678, 
0xB678, 0xB658, 0xB658, 0xB658, 0xB658, 0xB657, 0xAE37, 0xAE37, 
0xAE37, 0xA616, 0xA5F6, 0x9DB7, 0x9DB5, 0x9DB4, 0x9593, 0x8D73, 
0x9595, 0x7433, 0x4B0F, 0x5351, 0x63F5, 0x5B94, 0x5B95, 0x5355, 
0x5375, 0x5355, 0x5333, 0x5333, 0x5314, 0x7CB4, 0x5332, 0x29CE, 
0x6C4F, 0x8D32, 0x4AED, 0x63CF, 0x63F0, 0x63F0, 0x6C51, 0x6C50, 
0x6C90, 0x642F, 0x7471, 0x530E, 0x6BB1, 0x6390, 0x4ACD, 0xB677, 
0x9D95, 0x6C10, 0x7452, 0x7CB5, 0x63D1, 0x7D35, 0x9618, 0x8576, 
0x8596, 0x85B6, 0x6D14, 0x8DF8, 0x85B7, 0x85B7, 0x8DF8, 0x8576, 
0x8596, 0x8596, 0x8DD8, 0x8DD8, 0x7596, 0x6CF3, 0x2A69, 0x4BAF, 
0x5C51, 0x5C92, 0x6D34, 0x7D96, 0x85B7, 0x9618, 0x95F8, 0x8DD7, 
0x8DB7, 0x9618, 0x95F8, 0x95F8, 0x8DF8, 0x8DD8, 0x7CF6, 0x4B10, 
0x31AC, 0x320E, 0x6BB4, 0x6BB4, 0x4AB0, 0x42D0, 0x7455, 0x8496, 
0x3A4E, 0x6392, 0x7C76, 0x63B2, 0x6C13, 0x5BCF, 0x640F, 0x642D, 
0x5C0D, 0x640E, 0x5BEF, 0x63EE, 0x63EE, 0x5BEE, 0x5BEE, 0x5BEE, 
0x5BEE, 0x5BEE, 0x5BEE, 0x5BCE, 0x5BCD, 0x5BCD, 0x5BCD, 0x5BAD, 
0x5BCD, 0x5BAD, 0x5BAD, 0x5BAD, 0x5BAD, 0x5BAD, 0x5BAD, 0x5BAD, 
0x5BAD, 0x538D, 0x53AD, 0x538C, 0x538D, 0x538C, 0x538C, 0x538C, 
0x536C, 0x536C, 0x538C, 0x536C, 0x536C, 0x536C, 0x536C, 0x534C, 
0x534C, 0x534C, 0x534C, 0x532B, 0x534C, 0x4B2B, 0x532B, 0x4B2B, 
0x4B2B, 0x4B2B, 0x4B0B, 0x4B0B, 0x4B0B, 0x4B0B, 0x4AEA, 0x4B0B, 
0x4AEA, 0x4AEA, 0x42EA, 0x42EA, 0x42CA, 0x42CA, 0x42CA, 0x42CA, 
0x42AA, 0x42A9, 0x42A9, 0x42AA, 0x42A9, 0x4289, 0x4289, 0x4289, 
0x4289, 0x4289, 0x3A69, 0x4268, 0x4269, 0x3A48, 0x3A68, 0x3A48, 
0xAE57, 0xAE37, 0xAE57, 0xB678, 0xB678, 0xB678, 0xB678, 0xAE57, 
0xB657, 0xAE57, 0xAE37, 0xA616, 0xA616, 0x9DF6, 0x9DF6, 0x95D5, 
0x95B5, 0x8D94, 0x8D74, 0x8D74, 0x8573, 0x8553, 0x8553, 0x8553, 
0x7D53, 0x7D32, 0x7D32, 0x7D32, 0x7D32, 0x7D32, 0x7D32, 0x7D53, 
0x8532, 0x8533, 0x8553, 0x8553, 0x8D53, 0x8D73, 0x8D74, 0x8D94, 
0x9594, 0x95B5, 0x9DD5, 0x9DD5, 0x9DF6, 0xA616, 0xA616, 0xAE17, 
0xAE37, 0xAE57, 0xB657, 0xB657, 0xB658, 0xB678, 0xB658, 0xB678, 
0xB678, 0xB678, 0xB678, 0xB678, 0xB658, 0xB657, 0xB637, 0xAE37, 
0xAE37, 0xAE17, 0xA616, 0x9DB6, 0xA5F6, 0x9593, 0x9DB4, 0x9595, 
0x7492, 0x5350, 0x5B71, 0x5B92, 0x63D4, 0x63F5, 0x5B95, 0x5BB6, 
0x5B95, 0x5B75, 0x5B74, 0x5B54, 0x5333, 0x63D3, 0x42CD, 0x536F, 
0x4AD1, 0x63D4, 0x84F4, 0x4B0C, 0x5BAF, 0x6C31, 0x5BCF, 0x6431, 
0x6430, 0x6C51, 0x534F, 0x5B50, 0x6BB1, 0x6390, 0x7451, 0x8D55, 
0x84F3, 0x8535, 0x5BF0, 0x7CD4, 0x6C32, 0x6472, 0x8556, 0x8DD7, 
0x7D76, 0x7D76, 0x9659, 0x7D35, 0x8DF8, 0x85B7, 0x8597, 0x8597, 
0x8597, 0x9618, 0x8DB8, 0x8597, 0x85F7, 0x64B2, 0x2208, 0x4BD0, 
0x5C51, 0x5492, 0x6514, 0x7D96, 0x95F8, 0x95F8, 0x8DD7, 0x8DB7, 
0x95F8, 0x95F8, 0x95F8, 0x8DB7, 0x8DD8, 0x9619, 0x8DD9, 0x7CB6, 
0x4AEF, 0x4AD1, 0x6394, 0x6333, 0x3A0E, 0x8496, 0x5B72, 0x322D, 
0x7414, 0x6372, 0x4AF0, 0x6C14, 0x6BF4, 0x63F2, 0x6C51, 0x5BCD, 
0x5C0D, 0x642E, 0x5C0E, 0x63EE, 0x5BEE, 0x5BEE, 0x5BEE, 0x5BEE, 
0x5BEE, 0x5BEE, 0x5BEE, 0x5BCE, 0x5BCD, 0x5BCD, 0x5BCD, 0x5BAD, 
0x5BCD, 0x5BAD, 0x5BAD, 0x5BAD, 0x5BAD, 0x5BAD, 0x5BAD, 0x5BAD, 
0x538D, 0x5BAD, 0x5BAD, 0x538C, 0x538D, 0x538C, 0x538C, 0x536C, 
0x538C, 0x538C, 0x538C, 0x536C, 0x536C, 0x536C, 0x536C, 0x534C, 
0x534C, 0x534C, 0x534C, 0x534C, 0x532B, 0x4B2B, 0x532B, 0x4B2B, 
0x4B0B, 0x4B2B, 0x4B0B, 0x4B0B, 0x4B0B, 0x4B0B, 0x4B0B, 0x4AEA, 
0x4AEA, 0x4AEA, 0x42EA, 0x42CA, 0x42CA, 0x42CA, 0x42CA, 0x42CA, 
0x42A9, 0x42A9, 0x42AA, 0x42AA, 0x42A9, 0x4289, 0x4289, 0x4289, 
0x4289, 0x3A69, 0x3A68, 0x4269, 0x4269, 0x3A48, 0x3A68, 0x3A48, 
0xAE37, 0xAE37, 0xAE57, 0xB678, 0xB678, 0xB678, 0xB678, 0xB657, 
0xB657, 0xAE57, 0xAE37, 0xA616, 0xA616, 0x9DF6, 0x9DF6, 0x95D5, 
0x95B5, 0x8D94, 0x8D94, 0x8D73, 0x8573, 0x8553, 0x8553, 0x7D53, 
0x7D53, 0x7D32, 0x7D32, 0x7D32, 0x7D32, 0x7D32, 0x7D32, 0x7D32, 
0x7D32, 0x8532, 0x8533, 0x8553, 0x8553, 0x8573, 0x8D74, 0x8D74, 
0x8D94, 0x9594, 0x95B5, 0x95B5, 0x9DD5, 0x9DF6, 0xA5F6, 0xA616, 
0xA616, 0xAE37, 0xB657, 0xB657, 0xB658, 0xB678, 0xB658, 0xB678, 
0xB678, 0xB678, 0xB678, 0xB678, 0xB658, 0xB657, 0xB637, 0xAE37, 
0xAE37, 0xAE17, 0xA616, 0xA5F6, 0x9DD5, 0xA5F6, 0x9DB6, 0x7CD3, 
0x5BB1, 0x5BD2, 0x6C54, 0x5BB3, 0x5352, 0x63D5, 0x5BD5, 0x5BB5, 
0x5BB5, 0x5374, 0x5B94, 0x6394, 0x5333, 0x3A6E, 0x5350, 0x5BB2, 
0x5334, 0x4B13, 0x6C15, 0x84F4, 0x4B6E, 0x5BD0, 0x6411, 0x6432, 
0x6C73, 0x52EF, 0x3A4C, 0x7C33, 0x3A6C, 0x5B8F, 0x8D75, 0x74B4, 
0x7CF5, 0x6C72, 0x8535, 0x8576, 0x95F7, 0x8576, 0x8DD7, 0x7D35, 
0x8596, 0x85B7, 0x7D96, 0x9619, 0x8576, 0x8DB7, 0x7D56, 0x85B7, 
0x8DD7, 0x8DF8, 0x8597, 0x8DF8, 0x7D96, 0x5C71, 0x21A7, 0x53F0, 
0x5431, 0x5492, 0x6D34, 0x85B6, 0x9618, 0x8DD7, 0x8DD7, 0x9618, 
0x9618, 0x95F8, 0x8DD7, 0x95D8, 0x9619, 0x9619, 0x8DD8, 0x95F9, 
0x74F5, 0x5B73, 0x42B0, 0x214C, 0x8C98, 0x52F2, 0x218C, 0x8496, 
0x6BF4, 0x4AD0, 0x6BF4, 0x6BF3, 0x324D, 0x63B3, 0x6C34, 0x6411, 
0x5BEE, 0x5C0D, 0x5BEC, 0x5BEE, 0x5BEE, 0x5BEE, 0x5BEE, 0x5BEE, 
0x5BEE, 0x5BEE, 0x5BEE, 0x5BCD, 0x5BCD, 0x5BCD, 0x5BCD, 0x5BAD, 
0x5BCD, 0x5BAD, 0x5BAD, 0x5BAD, 0x5BAD, 0x5BAD, 0x5BAD, 0x5BAD, 
0x538D, 0x5BAD, 0x538D, 0x538C, 0x538D, 0x538C, 0x538C, 0x536C, 
0x538C, 0x538C, 0x536C, 0x536C, 0x536C, 0x536C, 0x536C, 0x534C, 
0x534C, 0x534C, 0x532B, 0x534C, 0x532B, 0x4B2B, 0x532B, 0x4B2B, 
0x4B0B, 0x4B2B, 0x4B0B, 0x4B0B, 0x4B0B, 0x4B0B, 0x4B0B, 0x4AEA, 
0x42EA, 0x4AEA, 0x42EA, 0x42EA, 0x42CA, 0x42CA, 0x42CA, 0x42CA, 
0x42A9, 0x42A9, 0x42AA, 0x42AA, 0x42A9, 0x4289, 0x4289, 0x4289, 
0x4289, 0x4289, 0x3A68, 0x4269, 0x4269, 0x3A48, 0x3A68, 0x3A48, 
0xA637, 0xAE37, 0xAE57, 0xB678, 0xB678, 0xB678, 0xB678, 0xB657, 
0xB657, 0xAE57, 0xAE37, 0xA616, 0xA616, 0x9E16, 0x9DF6, 0x9DD5, 
0x95B5, 0x9594, 0x8D94, 0x8D73, 0x8573, 0x8553, 0x8553, 0x8553, 
0x8553, 0x7D32, 0x7D32, 0x7D32, 0x7D32, 0x7D32, 0x7D32, 0x7D32, 
0x7D32, 0x7D32, 0x8532, 0x8553, 0x8533, 0x8553, 0x8D53, 0x8D73, 
0x8D74, 0x9594, 0x9594, 0x95B5, 0x9DD5, 0x9DF6, 0xA5F6, 0xA616, 
0xA616, 0xAE37, 0xAE37, 0xAE57, 0xB657, 0xB678, 0xB658, 0xB678, 
0xB678, 0xB678, 0xB678, 0xB678, 0xB678, 0xB657, 0xB657, 0xAE37, 
0xAE37, 0xAE37, 0xA616, 0xA616, 0xA5F6, 0xA5F7, 0x84F4, 0x63F2, 
0x63D3, 0x6C75, 0x6C55, 0x6414, 0x5372, 0x5393, 0x6415, 0x5BD5, 
0x5BB5, 0x63F5, 0x63D5, 0x5353, 0x42D1, 0x6C32, 0x5B74, 0x63B7, 
0x5373, 0x5B74, 0x4AD6, 0x6C53, 0x7CD5, 0x430E, 0x63F1, 0x6413, 
0x5371, 0x422D, 0x426D, 0x322B, 0x7473, 0x6C52, 0x538F, 0x9DDA, 
0x7D16, 0x74D4, 0x74F4, 0x9617, 0x8595, 0x85B7, 0x7D76, 0x8596, 
0x7D56, 0x8DD7, 0x8596, 0x8597, 0x8DF8, 0x7535, 0x9619, 0x85B7, 
0x9618, 0x7D96, 0x8DD7, 0x8DD7, 0x85B7, 0x53EF, 0x21A6, 0x5C31, 
0x5431, 0x5492, 0x6D55, 0x85D7, 0x8DB7, 0x8DD7, 0x95F8, 0x9618, 
0x9618, 0x8DB7, 0x8DD7, 0x9619, 0x9618, 0x8DD8, 0x85D8, 0x9639, 
0x8E19, 0x6414, 0x3A8F, 0x6BF4, 0x52F1, 0x4A90, 0x4A91, 0x7C76, 
0x42D0, 0x5351, 0x8CF8, 0x320D, 0x5B51, 0x84D8, 0x5352, 0x7C95, 
0x63EF, 0x640E, 0x642D, 0x5BEE, 0x5BEE, 0x5BEE, 0x5BEE, 0x5BEE, 
0x5BEE, 0x5BEE, 0x5BEE, 0x5BCD, 0x5BCD, 0x5BCD, 0x5BCD, 0x5BAD, 
0x5BCD, 0x5BAD, 0x5BAD, 0x5BAD, 0x5BAD, 0x5BAD, 0x5BAD, 0x538D, 
0x5BAD, 0x538D, 0x538D, 0x538C, 0x538D, 0x538C, 0x538C, 0x536C, 
0x538C, 0x536C, 0x536C, 0x536C, 0x536C, 0x536C, 0x536C, 0x534C, 
0x534C, 0x534C, 0x534C, 0x532B, 0x532B, 0x4B2B, 0x532B, 0x4B2B, 
0x4B0B, 0x4B2B, 0x4B0B, 0x4B0B, 0x4B0B, 0x4B0B, 0x4AEA, 0x4AEA, 
0x42EA, 0x4AEA, 0x42EA, 0x42EA, 0x42CA, 0x42CA, 0x42CA, 0x42CA, 
0x42A9, 0x42A9, 0x42AA, 0x42AA, 0x42A9, 0x4289, 0x4289, 0x4289, 
0x4289, 0x4289, 0x3A68, 0x4269, 0x4269, 0x3A48, 0x3A68, 0x3A48, 
0xA637, 0xAE37, 0xAE57, 0xB657, 0xB678, 0xB678, 0xB657, 0xB678, 
0xB678, 0xAE57, 0xAE37, 0xA637, 0xA616, 0xA616, 0x9DF6, 0x9DD5, 
0x95B5, 0x95B5, 0x8D94, 0x8D73, 0x8D73, 0x8553, 0x8553, 0x8553, 
0x8553, 0x7D32, 0x7D32, 0x7D32, 0x7D32, 0x7D32, 0x7D12, 0x7D32, 
0x7D32, 0x7D32, 0x7D32, 0x8532, 0x8532, 0x8533, 0x8553, 0x8D53, 
0x8D53, 0x8D74, 0x8D94, 0x9594, 0x95B5, 0x9DD5, 0x9DD6, 0xA5F6, 
0xA616, 0xA616, 0xAE37, 0xAE37, 0xB657, 0xB657, 0xB657, 0xB658, 
0xB678, 0xB678, 0xB678, 0xB678, 0xB678, 0xB658, 0xB657, 0xB657, 
0xAE57, 0xAE37, 0xAE17, 0xA5F6, 0xAE17, 0x8D14, 0x6C12, 0x7455, 
0x7C76, 0x6C76, 0x6C55, 0x7476, 0x6414, 0x5372, 0x5351, 0x6416, 
0x63F5, 0x7477, 0x63D4, 0x42D0, 0x42F0, 0x7456, 0x63D5, 0x5354, 
0x5B96, 0x63B6, 0x6396, 0x53B4, 0x7496, 0x7CF6, 0x432F, 0x4B50, 
0x3AAF, 0x322D, 0x42AE, 0x7453, 0x5390, 0x7454, 0x7433, 0x5371, 
0x7CB5, 0x7CF6, 0x6493, 0x7534, 0x85D6, 0x7D56, 0x8596, 0x7D96, 
0x85B7, 0x8596, 0x9618, 0x85B7, 0x7D56, 0x9618, 0x8596, 0x8DF8, 
0x7D76, 0x85F7, 0x95F8, 0x8DD7, 0x7555, 0x3B0C, 0x29E7, 0x5C52, 
0x5431, 0x64D3, 0x7576, 0x85D7, 0x8597, 0x95F8, 0x95F8, 0x95F8, 
0x8597, 0x8DD7, 0x9618, 0x8DF8, 0x8597, 0x8DF8, 0x8DD8, 0x9619, 
0x8E18, 0x8DB9, 0x6C95, 0x63F3, 0x29CD, 0x4290, 0x9D3B, 0x4B11, 
0x7435, 0x63B3, 0x320D, 0x5B52, 0x7C35, 0x42D0, 0x63B3, 0x5B73, 
0x7474, 0x63F0, 0x5BCD, 0x5BEE, 0x5BEE, 0x5BEE, 0x5BEE, 0x5BCD, 
0x5BCD, 0x5BCD, 0x5BEE, 0x5BCD, 0x5BCD, 0x5BCD, 0x5BAD, 0x5BCD, 
0x5BCD, 0x5BAD, 0x5BAD, 0x5BAD, 0x5BAD, 0x538D, 0x538D, 0x5BAD, 
0x538D, 0x538D, 0x538D, 0x538C, 0x538D, 0x538C, 0x538C, 0x536C, 
0x538C, 0x536C, 0x536C, 0x536C, 0x536C, 0x536C, 0x536C, 0x534C, 
0x534C, 0x532B, 0x532B, 0x532B, 0x4B2B, 0x532B, 0x532B, 0x4B2B, 
0x4B0B, 0x4B2B, 0x4B0B, 0x4B0B, 0x4B0B, 0x4AEA, 0x4AEA, 0x42EA, 
0x42EA, 0x4AEA, 0x42EA, 0x42EA, 0x42CA, 0x42CA, 0x42CA, 0x42CA, 
0x42A9, 0x42A9, 0x42AA, 0x42AA, 0x42A9, 0x4289, 0x4289, 0x4289, 
0x4289, 0x4289, 0x3A68, 0x4269, 0x4269, 0x3A48, 0x3A68, 0x3A48, 
0xA637, 0xAE37, 0xAE57, 0xB657, 0xB678, 0xB678, 0xB657, 0xB678, 
0xB678, 0xB657, 0xAE37, 0xA637, 0xA616, 0xA616, 0x9DF6, 0x9DF6, 
0x95B5, 0x95B5, 0x8D94, 0x8D53, 0x8D53, 0x8553, 0x8553, 0x8553, 
0x8553, 0x7D32, 0x7D32, 0x7D32, 0x7D32, 0x7D32, 0x7D12, 0x7D32, 
0x7D32, 0x7D32, 0x7D32, 0x7D32, 0x7D32, 0x8533, 0x8553, 0x8D53, 
0x8D53, 0x8D53, 0x8D74, 0x9594, 0x9594, 0x95B5, 0x9DD5, 0x9DD6, 
0xA5F6, 0xA616, 0xA616, 0xAE37, 0xAE57, 0xB657, 0xB657, 0xB658, 
0xB658, 0xB678, 0xB678, 0xB678, 0xB658, 0xB678, 0xB657, 0xB657, 
0xAE57, 0xAE37, 0xA616, 0xAE17, 0x9576, 0x7C93, 0x7474, 0x7C96, 
0x7C96, 0x6C96, 0x6C96, 0x6455, 0x6C55, 0x6C35, 0x5371, 0x4B53, 
0x6415, 0x53B4, 0x42D0, 0x4B31, 0x63B3, 0x5B95, 0x63F5, 0x63D5, 
0x5BB6, 0x5BB5, 0x63F4, 0x5BD7, 0x5BD4, 0x8538, 0x5BB1, 0x4B50, 
0x7455, 0x322D, 0x7454, 0x74B4, 0x5390, 0x4AF0, 0x5B12, 0x6C54, 
0x6C34, 0x74B5, 0x7D15, 0x8597, 0x8596, 0x7555, 0x85B6, 0x85B7, 
0x8596, 0x8DD7, 0x7D76, 0x8597, 0x8DB7, 0x8597, 0x8DF8, 0x8597, 
0x8DB7, 0x85D7, 0x95F8, 0x8597, 0x64D3, 0x1A28, 0x4269, 0x5C52, 
0x5C72, 0x6514, 0x6D75, 0x85D7, 0x95F8, 0x95F8, 0x95F8, 0x8DB7, 
0x95F8, 0x9618, 0x9618, 0x85D7, 0x8DD8, 0x95F8, 0x9618, 0x8DB7, 
0x95B7, 0x8E39, 0x95F9, 0x7CF6, 0x428F, 0x3A6F, 0x5B53, 0x7CB6, 
0x63D3, 0x42D0, 0x6393, 0x73F5, 0x5B11, 0x5370, 0x6BF4, 0x5332, 
0x63D4, 0x7474, 0x6410, 0x5BED, 0x5BEE, 0x5BEE, 0x5BCE, 0x5BED, 
0x5BED, 0x5BEE, 0x5BCD, 0x5BCD, 0x5BCD, 0x5BCD, 0x5BAD, 0x5BCD, 
0x5BCD, 0x5BAD, 0x5BAD, 0x5BAD, 0x5BAD, 0x538D, 0x538D, 0x538D, 
0x538D, 0x538D, 0x538D, 0x538C, 0x538D, 0x538C, 0x538C, 0x536C, 
0x538C, 0x536C, 0x536C, 0x536C, 0x536C, 0x536C, 0x536C, 0x534C, 
0x534C, 0x534C, 0x532B, 0x532B, 0x4B2B, 0x532B, 0x532B, 0x4B2B, 
0x4B0B, 0x4B2B, 0x4B0B, 0x4B0B, 0x4B0B, 0x4B0B, 0x4AEA, 0x4AEA, 
0x42EA, 0x4AEA, 0x42EA, 0x42EA, 0x42CA, 0x42CA, 0x42CA, 0x42CA, 
0x42A9, 0x42A9, 0x42AA, 0x42AA, 0x42A9, 0x4289, 0x4289, 0x4289, 
0x4289, 0x3A89, 0x3A68, 0x4269, 0x4269, 0x3A48, 0x3A68, 0x3A48, 
0xA637, 0xAE37, 0xAE37, 0xAE57, 0xB657, 0xB678, 0xB658, 0xB678, 
0xB678, 0xAE57, 0xAE57, 0xAE37, 0xAE17, 0xA616, 0xA5F6, 0x9DF5, 
0x95B5, 0x95B5, 0x9594, 0x8D94, 0x8D73, 0x8553, 0x8553, 0x8553, 
0x7D33, 0x8532, 0x7D32, 0x7D32, 0x7D12, 0x7D12, 0x7D12, 0x7D12, 
0x7D12, 0x7D12, 0x7D12, 0x7D12, 0x7D32, 0x8532, 0x8533, 0x8553, 
0x8553, 0x8553, 0x8D53, 0x8D94, 0x9594, 0x95B5, 0x95D5, 0x9DD5, 
0x9DF6, 0xA5F6, 0xA616, 0xA616, 0xAE37, 0xAE57, 0xB657, 0xB637, 
0xB658, 0xB658, 0xB658, 0xB658, 0xB658, 0xB657, 0xB657, 0xB637, 
0xB637, 0xB637, 0xB637, 0x9536, 0x7C94, 0x7CB5, 0x84F6, 0x7CF6, 
0x7CB6, 0x74B6, 0x6C96, 0x6C76, 0x6C77, 0x6C76, 0x6C76, 0x4AF0, 
0x5371, 0x4B10, 0x4310, 0x6416, 0x6417, 0x5BD6, 0x5BD6, 0x6416, 
0x63F6, 0x5394, 0x63D5, 0x6C37, 0x6C36, 0x5352, 0x7455, 0x6413, 
0x3ACE, 0x6C34, 0x53B1, 0x6C73, 0x7474, 0x4AF0, 0x3A2F, 0x6BF3, 
0x7494, 0x8DF8, 0x7D96, 0x7D96, 0x7D56, 0x85B7, 0x85B7, 0x8DF8, 
0x8DD7, 0x8597, 0x8596, 0x8596, 0x8DD7, 0x8DF8, 0x8597, 0x85B7, 
0x8DD7, 0x9659, 0x8576, 0x7DD6, 0x4BAE, 0x1125, 0x4B8E, 0x5451, 
0x5CB3, 0x6CF4, 0x7D76, 0x8DF7, 0x9618, 0x95D8, 0x8DB7, 0x8DB7, 
0x9E19, 0x95F8, 0x8DB7, 0x8DD8, 0x95F8, 0x9619, 0x8DD7, 0x85B7, 
0x9618, 0x9619, 0x9619, 0x8DD8, 0x74B6, 0x3AEF, 0x84F7, 0x5313, 
0x5B93, 0x6C34, 0x7496, 0x42D0, 0x6373, 0x9D59, 0x2A0D, 0x8CD8, 
0x6393, 0x5B52, 0x7436, 0x63EF, 0x63EE, 0x5BCC, 0x5C0D, 0x5BCE, 
0x5BCF, 0x5BCD, 0x5BCD, 0x5BCD, 0x5BCD, 0x5BCD, 0x5BAD, 0x5BCD, 
0x5BCD, 0x5BAD, 0x5BAD, 0x5BAD, 0x5BAD, 0x5BAD, 0x5BAD, 0x5B8D, 
0x5B8D, 0x538D, 0x5B8D, 0x538C, 0x538D, 0x538C, 0x538C, 0x536C, 
0x538C, 0x536C, 0x536C, 0x536C, 0x536C, 0x536C, 0x536C, 0x534C, 
0x534C, 0x534C, 0x532B, 0x532B, 0x4B2B, 0x532B, 0x532B, 0x4B2B, 
0x4B0B, 0x4B0B, 0x4B0B, 0x4B0B, 0x4B0B, 0x4B0B, 0x4AEA, 0x42EA, 
0x42EA, 0x4AEA, 0x42EA, 0x42CA, 0x42CA, 0x42CA, 0x42CA, 0x42CA, 
0x42CA, 0x42A9, 0x42A9, 0x42A9, 0x42A9, 0x4289, 0x4289, 0x4289, 
0x4289, 0x4289, 0x4269, 0x3A68, 0x4268, 0x3A48, 0x3A48, 0x3A48, 
0xA637, 0xAE37, 0xAE37, 0xAE57, 0xB657, 0xB678, 0xB678, 0xB657, 
0xB678, 0xB657, 0xAE57, 0xAE37, 0xAE37, 0xA616, 0xA5F6, 0x9DD6, 
0x9DD5, 0x95B5, 0x9594, 0x8D94, 0x8D74, 0x8553, 0x8553, 0x8553, 
0x7D32, 0x8532, 0x8532, 0x7D12, 0x7D12, 0x7D12, 0x7D12, 0x7D12, 
0x7D12, 0x7D12, 0x7D12, 0x7D12, 0x7D12, 0x7D12, 0x8532, 0x8533, 
0x8553, 0x8553, 0x8553, 0x8D74, 0x8D94, 0x9594, 0x95B5, 0x9DD5, 
0x9DD5, 0x9DF6, 0x9DF6, 0xA616, 0xAE17, 0xAE37, 0xAE37, 0xB637, 
0xB657, 0xB657, 0xB657, 0xB657, 0xB658, 0xB637, 0xB657, 0xB637, 
0xB658, 0xB638, 0x9D75, 0x84B5, 0x84F5, 0x8D16, 0x8517, 0x84F7, 
0x7CF7, 0x7496, 0x74B6, 0x6C76, 0x6C56, 0x6C76, 0x74D7, 0x6BF3, 
0x42EF, 0x6C34, 0x6C56, 0x63F6, 0x6417, 0x6437, 0x6416, 0x6417, 
0x63F6, 0x6C17, 0x63D6, 0x6C36, 0x5BD4, 0x63F4, 0x4B31, 0x63F3, 
0x63F2, 0x6433, 0x4B30, 0x4B30, 0x6BF4, 0x6BD3, 0x3A4E, 0x42EF, 
0x7CF5, 0x8DB7, 0x85D7, 0x7D56, 0x8597, 0x7D96, 0x85B7, 0x85B7, 
0x8596, 0x7D76, 0x8DB7, 0x8DF7, 0x85B7, 0x8DD7, 0x8596, 0x8DF8, 
0x8DF8, 0x7D96, 0x85D7, 0x7513, 0x1186, 0x3AAB, 0x5C51, 0x5472, 
0x64D3, 0x7555, 0x85D7, 0x9618, 0x8DD7, 0x8DD7, 0x8DD7, 0x9618, 
0x8DD7, 0x8DD8, 0x8DD7, 0x95F8, 0x95F8, 0x8DD7, 0x8DD7, 0x95F8, 
0x9618, 0x8DD7, 0x8597, 0x8DD8, 0x95DA, 0x6433, 0x53B2, 0x5B33, 
0x6C35, 0x9579, 0x42EF, 0x7434, 0x73F5, 0x320D, 0x84B7, 0x5331, 
0x426F, 0x7415, 0x5B53, 0x7453, 0x63F0, 0x5BEE, 0x5BCC, 0x5BCD, 
0x5BCE, 0x5BCD, 0x5BCD, 0x5BCD, 0x5BCD, 0x5BCD, 0x5BAD, 0x5BAD, 
0x5BAD, 0x5BAD, 0x5BAD, 0x5BAD, 0x5BAD, 0x5BAD, 0x5BAD, 0x5B8D, 
0x5B8D, 0x5B8D, 0x538C, 0x538D, 0x538D, 0x538C, 0x538C, 0x538C, 
0x536C, 0x536C, 0x536C, 0x536C, 0x536C, 0x534C, 0x536C, 0x534C, 
0x534C, 0x534C, 0x532B, 0x532B, 0x4B2B, 0x532B, 0x532B, 0x4B0B, 
0x4B0B, 0x4B0B, 0x4B0B, 0x4B0B, 0x4AEA, 0x4B0B, 0x4AEA, 0x42EA, 
0x4AEA, 0x4ACA, 0x42CA, 0x42CA, 0x42CA, 0x42CA, 0x42CA, 0x42AA, 
0x42CA, 0x42A9, 0x42A9, 0x42A9, 0x42A9, 0x4289, 0x4289, 0x4289, 
0x4269, 0x4289, 0x4269, 0x3A68, 0x4268, 0x3A68, 0x3A48, 0x3A48, 
0xA616, 0xAE37, 0xAE37, 0xAE57, 0xB657, 0xB678, 0xB678, 0xB678, 
0xB678, 0xB657, 0xAE57, 0xAE37, 0xAE37, 0xA616, 0xA5F6, 0x9DF6, 
0x9DD5, 0x95B5, 0x9594, 0x8D94, 0x8D73, 0x8553, 0x8553, 0x8553, 
0x7D52, 0x7D32, 0x7D32, 0x7D12, 0x7D12, 0x7D12, 0x7D12, 0x7D12, 
0x7D12, 0x7D12, 0x7D12, 0x7D12, 0x7D12, 0x7D12, 0x8532, 0x8532, 
0x8533, 0x8553, 0x8553, 0x8553, 0x8D74, 0x8D94, 0x9594, 0x95B5, 
0x9DD5, 0x9DD5, 0x9DD6, 0xA5F6, 0xA616, 0xAE16, 0xAE37, 0xB637, 
0xB637, 0xB657, 0xB657, 0xB657, 0xB657, 0xB657, 0xB637, 0xB658, 
0xB638, 0x9D96, 0x84D3, 0x8CF6, 0x9537, 0x8D16, 0x8D17, 0x8517, 
0x7CD7, 0x74D6, 0x74D7, 0x6C76, 0x6C76, 0x6C56, 0x6C96, 0x4310, 
0x5372, 0x5372, 0x5372, 0x7477, 0x6416, 0x6437, 0x6436, 0x6416, 
0x6C36, 0x6C16, 0x6C37, 0x63D5, 0x4311, 0x5BD3, 0x4310, 0x4B30, 
0x7CD6, 0x5BF3, 0x4AF0, 0x424F, 0x4290, 0x6BD4, 0x5BB2, 0x7495, 
0x6C94, 0x7CF5, 0x7D56, 0x85B7, 0x8597, 0x85B7, 0x85B7, 0x7D76, 
0x8597, 0x85B7, 0x8DD8, 0x85B7, 0x85B7, 0x85B7, 0x8DD7, 0x8DD7, 
0x8DD7, 0x7DB6, 0x7575, 0x3ACB, 0x1146, 0x540F, 0x5C51, 0x5CB3, 
0x6D14, 0x8596, 0x8DF8, 0x8DF7, 0x8DD7, 0x8DD8, 0x95F8, 0x8DD7, 
0x8DB7, 0x8DD8, 0x95F8, 0x9618, 0x8DF8, 0x8DB7, 0x8DF8, 0x9619, 
0x8DF8, 0x8DD8, 0x8DD8, 0x95F9, 0x961A, 0x8557, 0x6454, 0x42B0, 
0x4B11, 0x63B3, 0x7434, 0x6BB3, 0x52D0, 0x8496, 0x5B72, 0x5331, 
0x6BF4, 0x6BD4, 0x4AD0, 0x5B92, 0x7454, 0x5BAF, 0x5BCE, 0x5BED, 
0x5C0D, 0x5BCD, 0x5BCD, 0x5BCD, 0x5BCD, 0x5BCD, 0x5BCD, 0x5BAD, 
0x5BAD, 0x5BAD, 0x5BAD, 0x5BAD, 0x5BAD, 0x5BAD, 0x5BAD, 0x5BAD, 
0x538D, 0x5B8D, 0x538C, 0x538D, 0x538D, 0x538C, 0x536C, 0x538C, 
0x536C, 0x536C, 0x536C, 0x536C, 0x536C, 0x536C, 0x534C, 0x534C, 
0x534C, 0x534C, 0x532B, 0x532B, 0x4B2B, 0x532B, 0x532B, 0x4B0B, 
0x4B0B, 0x4B0B, 0x4B0B, 0x4B0B, 0x4AEA, 0x4B0B, 0x4AEA, 0x42EA, 
0x4AEA, 0x42CA, 0x42CA, 0x42CA, 0x42CA, 0x42CA, 0x42CA, 0x42AA, 
0x42CA, 0x42A9, 0x42A9, 0x42A9, 0x42A9, 0x4289, 0x4289, 0x4289, 
0x4269, 0x4289, 0x4269, 0x3A68, 0x4268, 0x3A68, 0x3A48, 0x3A48, 
0xA616, 0xAE17, 0xAE37, 0xAE57, 0xB657, 0xB678, 0xB657, 0xB678, 
0xB678, 0xB657, 0xAE57, 0xAE37, 0xAE37, 0xA616, 0xA5F6, 0x9DF6, 
0x9DD5, 0x95B5, 0x9594, 0x8D94, 0x8D74, 0x8553, 0x8553, 0x8553, 
0x8553, 0x7D32, 0x7D32, 0x7D12, 0x7D12, 0x7D12, 0x7D12, 0x7D12, 
0x7D12, 0x7D12, 0x7D12, 0x7D12, 0x7D12, 0x7D12, 0x7D12, 0x8532, 
0x8532, 0x8533, 0x8553, 0x8553, 0x8D73, 0x8D74, 0x9594, 0x95B5, 
0x95B5, 0x9DD5, 0x9DD5, 0x9DD6, 0xA616, 0xA616, 0xAE17, 0xAE17, 
0xB637, 0xB637, 0xB637, 0xB657, 0xB637, 0xB678, 0xB658, 0xB658, 
0x9D96, 0x8CF4, 0x84D4, 0x9537, 0x9578, 0x8517, 0x8517, 0x8517, 
0x74B6, 0x74D6, 0x74B6, 0x74D7, 0x7CD7, 0x5BD3, 0x4330, 0x5392, 
0x6C76, 0x6C36, 0x4311, 0x4B32, 0x7476, 0x6436, 0x6C57, 0x6C57, 
0x63F5, 0x7477, 0x6415, 0x42F1, 0x7476, 0x2A6E, 0x5BB3, 0x7CD6, 
0x4B71, 0x8D59, 0x4B11, 0x39EE, 0x3A2F, 0x63D3, 0x6C75, 0x7CD6, 
0x7CF6, 0x4350, 0x6C94, 0x8DD9, 0x8DB8, 0x85B7, 0x7D96, 0x8597, 
0x8DD8, 0x8DF8, 0x85B7, 0x7D76, 0x8DD7, 0x85B7, 0x9618, 0x85B7, 
0x85B7, 0x85B6, 0x43EF, 0x1125, 0x534E, 0x5491, 0x5C51, 0x64F4, 
0x7D76, 0x8DF7, 0x8DF7, 0x8DB7, 0x8DD7, 0x9618, 0x95F8, 0x8DB7, 
0x8DD7, 0x95F8, 0x95F8, 0x8DD8, 0x8DD7, 0x8DF8, 0x8DF8, 0x8DD8, 
0x8DD8, 0x8DD7, 0x9619, 0x8DD8, 0x8DD8, 0x95F9, 0x9E1A, 0x7C96, 
0x42CF, 0x84D7, 0x6392, 0x6BB3, 0x6392, 0x6BF4, 0x3A4E, 0x6BD3, 
0x6BF4, 0x3A4E, 0x7435, 0x6BD5, 0x4AF1, 0x6BF3, 0x5BCF, 0x5BCD, 
0x5BEC, 0x5BCD, 0x5BCD, 0x5BCD, 0x5BAD, 0x5BAD, 0x5BCD, 0x5BAD, 
0x5BAD, 0x5BAD, 0x5BAD, 0x5BAD, 0x5BAD, 0x5BAD, 0x5BAD, 0x5B8D, 
0x5B8D, 0x538D, 0x538D, 0x538D, 0x538C, 0x538C, 0x538C, 0x536C, 
0x536C, 0x536C, 0x536C, 0x536C, 0x534C, 0x536C, 0x4B4C, 0x534C, 
0x534C, 0x534C, 0x532B, 0x532B, 0x4B2B, 0x532B, 0x532B, 0x4B0B, 
0x4B0B, 0x4B0B, 0x4B0B, 0x4B0B, 0x4AEA, 0x4B0B, 0x4AEA, 0x42EA, 
0x4AEA, 0x42CA, 0x42CA, 0x42CA, 0x42CA, 0x42CA, 0x42AA, 0x42CA, 
0x42CA, 0x42A9, 0x42A9, 0x42A9, 0x42A9, 0x4289, 0x4289, 0x4289, 
0x4269, 0x4289, 0x4269, 0x3A68, 0x4268, 0x3A68, 0x3A48, 0x3A48, 
0xA616, 0xAE37, 0xAE37, 0xAE37, 0xAE57, 0xB658, 0xB657, 0xB678, 
0xB678, 0xB678, 0xB657, 0xAE57, 0xAE37, 0xA616, 0xA616, 0x9DF6, 
0x9DD5, 0x95B5, 0x95B5, 0x8D94, 0x8D74, 0x8D53, 0x8553, 0x8553, 
0x8553, 0x7D32, 0x7D32, 0x7D12, 0x7D12, 0x7D12, 0x7D12, 0x7CF2, 
0x7CF2, 0x7D12, 0x7D12, 0x7D12, 0x7D12, 0x7CF2, 0x7D12, 0x7D12, 
0x7D12, 0x8532, 0x8532, 0x8553, 0x8D53, 0x8D74, 0x8D74, 0x9594, 
0x95B5, 0x9DB5, 0x9DD5, 0x9DD5, 0xA5F6, 0xA5F6, 0xA616, 0xAE16, 
0xAE17, 0xAE17, 0xAE37, 0xB637, 0xB637, 0xB638, 0xB638, 0x9D96, 
0x8CF5, 0x8D16, 0x8CF6, 0x84D5, 0x8D37, 0x8D37, 0x8517, 0x7CF7, 
0x7CF7, 0x74D7, 0x74B6, 0x7496, 0x6435, 0x5BD3, 0x5B91, 0x5C35, 
0x6C56, 0x6C97, 0x6436, 0x4311, 0x4330, 0x6C56, 0x6C77, 0x6C36, 
0x74B7, 0x5BD4, 0x5BB4, 0x5BD3, 0x3AB0, 0x7496, 0x53B2, 0x6434, 
0x7CD6, 0x42F0, 0x6C14, 0x4B31, 0x6C34, 0x8578, 0x6CD5, 0x74D5, 
0x5BF2, 0x6C34, 0x9DDA, 0xA65B, 0x95F9, 0x7D96, 0x85B7, 0x8DD7, 
0x85B7, 0x85B7, 0x8597, 0x8DD7, 0x85B7, 0x9618, 0x85B7, 0x8DF8, 
0x8DD7, 0x7554, 0x32AB, 0x2A49, 0x6CB2, 0x4C30, 0x5C52, 0x7535, 
0x85B7, 0x8DF8, 0x8DB7, 0x8DD7, 0x95F7, 0x9618, 0x8DD7, 0x8DB7, 
0x8DF8, 0x95F8, 0x8DF7, 0x8DB7, 0x8DD8, 0x9618, 0x8DD8, 0x85B7, 
0x8DD7, 0x9619, 0x8DD8, 0x8DB7, 0x8597, 0x8DD8, 0x8DF8, 0x8DB8, 
0x5C13, 0x63F3, 0x4AF0, 0x6BF4, 0x84D6, 0x428F, 0x8CD7, 0x5B52, 
0x322D, 0x7415, 0x5B72, 0x42B0, 0x6BF5, 0x6393, 0x5BB1, 0x5BCF, 
0x5BCD, 0x5BCD, 0x5BCD, 0x5BAD, 0x5BCD, 0x5BCD, 0x5BAD, 0x5BAD, 
0x5BAD, 0x5BAD, 0x5BAD, 0x5BAD, 0x5BAD, 0x5B8D, 0x5BAD, 0x538D, 
0x538D, 0x538D, 0x538C, 0x538C, 0x538C, 0x536C, 0x536C, 0x536C, 
0x536C, 0x536C, 0x536C, 0x534C, 0x536C, 0x4B4C, 0x4B4C, 0x534C, 
0x534C, 0x534C, 0x532B, 0x532B, 0x4B2B, 0x532B, 0x532B, 0x4B0B, 
0x4B0B, 0x4B0B, 0x4B0B, 0x4B0B, 0x4AEA, 0x4B0B, 0x4AEA, 0x42EA, 
0x4AEA, 0x42CA, 0x42CA, 0x42CA, 0x42CA, 0x42CA, 0x42AA, 0x42CA, 
0x42CA, 0x42A9, 0x42A9, 0x42A9, 0x42A9, 0x4289, 0x4289, 0x4289, 
0x4269, 0x4289, 0x4269, 0x3A68, 0x4268, 0x3A68, 0x3A48, 0x3A48, 
0xA616, 0xAE37, 0xAE37, 0xAE57, 0xB657, 0xB658, 0xB657, 0xB678, 
0xB678, 0xB678, 0xB657, 0xAE37, 0xAE37, 0xA637, 0xA616, 0x9DF6, 
0x9DD5, 0x95D5, 0x95B5, 0x9594, 0x8D74, 0x8D53, 0x8553, 0x8553, 
0x8533, 0x7D32, 0x7D32, 0x7D12, 0x7D12, 0x7D12, 0x7D12, 0x7CF2, 
0x7D12, 0x7D12, 0x7CF2, 0x7D12, 0x7D12, 0x7CF2, 0x7D12, 0x7D12, 
0x7D12, 0x7D12, 0x7D12, 0x8532, 0x8533, 0x8D53, 0x8D74, 0x8D94, 
0x9594, 0x9594, 0x95B5, 0x9DB5, 0x9DD6, 0xA5F6, 0xA5F6, 0xADF6, 
0xAE16, 0xAE17, 0xAE17, 0xB637, 0xAE37, 0xB638, 0xA5B6, 0x8CF4, 
0x8CF6, 0x9D58, 0x9538, 0x84D5, 0x7CB5, 0x8517, 0x8517, 0x7CF7, 
0x7CD7, 0x74D7, 0x8538, 0x74B7, 0x4B31, 0x63F3, 0x7CB5, 0x6496, 
0x6C76, 0x6436, 0x74B7, 0x6C55, 0x430F, 0x4B52, 0x6C97, 0x74B7, 
0x63F5, 0x5BD4, 0x5393, 0x5393, 0x6435, 0x6435, 0x6C76, 0x6414, 
0x53B3, 0x6C15, 0x5372, 0x5C13, 0x8597, 0x7536, 0x7557, 0x74B5, 
0x7495, 0x84D7, 0x8D18, 0x8D98, 0x7D56, 0x8E18, 0x85B7, 0x85D7, 
0x85B7, 0x85B7, 0x8DD7, 0x8DF8, 0x85B7, 0x8DD7, 0x8DD7, 0x8DF7, 
0x85B7, 0x6D13, 0x42AB, 0x32CA, 0x5450, 0x5410, 0x64B3, 0x7D56, 
0x85B7, 0x8DD7, 0x8DD7, 0x95F8, 0x95F7, 0x8DD7, 0x8DD7, 0x8E18, 
0x9618, 0x8DF7, 0x8DD7, 0x8DF8, 0x95F8, 0x8DD8, 0x85B7, 0x8DD7, 
0x8DD7, 0x8DD8, 0x8DF8, 0x8596, 0x9619, 0x85D7, 0x8DF8, 0x85B7, 
0x8578, 0x7455, 0x42D0, 0x42CF, 0x4B30, 0x8CB7, 0x5311, 0x3A4E, 
0x6BF4, 0x6BD4, 0x5311, 0x6392, 0x6C15, 0x42B0, 0x6BF4, 0x63F1, 
0x5BAF, 0x5BCD, 0x5BCD, 0x5BAD, 0x5BCD, 0x5BAD, 0x5BAD, 0x5BAD, 
0x5BAD, 0x5BAD, 0x5BAD, 0x5BAD, 0x5BAD, 0x5B8D, 0x5BAD, 0x5B8D, 
0x538C, 0x538D, 0x538C, 0x538C, 0x538C, 0x538C, 0x536C, 0x536C, 
0x536C, 0x536C, 0x536C, 0x534C, 0x536C, 0x4B4C, 0x4B4C, 0x534C, 
0x534C, 0x534C, 0x532B, 0x532B, 0x4B2B, 0x532B, 0x532B, 0x4B0B, 
0x4B0B, 0x4B0B, 0x4B0B, 0x4B0B, 0x4AEA, 0x4B0B, 0x4AEA, 0x42EA, 
0x4AEA, 0x42CA, 0x42CA, 0x42CA, 0x42CA, 0x42AA, 0x42CA, 0x42CA, 
0x42CA, 0x42A9, 0x42A9, 0x42A9, 0x42A9, 0x4289, 0x4289, 0x4289, 
0x4269, 0x4289, 0x4269, 0x3A68, 0x4268, 0x3A68, 0x3A48, 0x3A48, 
0xA616, 0xA616, 0xAE37, 0xAE57, 0xAE57, 0xB657, 0xB678, 0xB657, 
0xB658, 0xB658, 0xB657, 0xAE57, 0xAE37, 0xAE17, 0xA616, 0xA5F6, 
0x9DD5, 0x9DB5, 0x95B5, 0x9594, 0x8D74, 0x8D53, 0x8553, 0x8553, 
0x8533, 0x7D32, 0x7D32, 0x7D12, 0x7D12, 0x7D12, 0x7D12, 0x7CF2, 
0x7CF2, 0x7CF2, 0x7CF2, 0x7CF2, 0x7D12, 0x7D12, 0x7D12, 0x7D12, 
0x7D12, 0x7D12, 0x7D12, 0x8512, 0x8533, 0x8533, 0x8D53, 0x8D73, 
0x8D74, 0x9594, 0x9594, 0x95B5, 0x9DD5, 0x9DD6, 0x9DF6, 0xA5F6, 
0xA616, 0xAE36, 0xA616, 0xAE16, 0xB658, 0x9D76, 0x8D15, 0x84F5, 
0x8D57, 0x9558, 0x9558, 0x8D37, 0x7CB5, 0x7495, 0x8517, 0x8517, 
0x7CF7, 0x6C75, 0x6C55, 0x5BB2, 0x5391, 0x6C55, 0x6C96, 0x6C76, 
0x6C76, 0x6C76, 0x6C97, 0x6476, 0x6CB6, 0x4310, 0x5392, 0x6C55, 
0x4B51, 0x5BB3, 0x5372, 0x4B91, 0x5C14, 0x6C76, 0x5372, 0x5BD3, 
0x5B93, 0x5B53, 0x5BB2, 0x8DD9, 0x7D56, 0x7516, 0x6C95, 0x8577, 
0x74F5, 0x74B5, 0x7CF7, 0x9579, 0x9599, 0x9618, 0x9618, 0x7D76, 
0x85B7, 0x85B7, 0x8DF8, 0x85B7, 0x8596, 0x8DF8, 0x8DF8, 0x85B7, 
0x8596, 0x6513, 0x430C, 0x328A, 0x5C30, 0x5430, 0x64D3, 0x7575, 
0x8596, 0x8DD7, 0x9E18, 0x95F8, 0x8DB7, 0x8DD7, 0x8DF8, 0x8DF8, 
0x8DD7, 0x8DD7, 0x8DD7, 0x9618, 0x8DF8, 0x85B7, 0x8DD8, 0x95F8, 
0x9619, 0x8597, 0x8DD8, 0x8DF8, 0x9619, 0x8DD8, 0x85B7, 0x8DF8, 
0x8E19, 0x8DD9, 0x6434, 0x4AAF, 0x526F, 0x5352, 0x5310, 0x7414, 
0x7C75, 0x42D0, 0x63D4, 0x7C54, 0x21AD, 0x8CF8, 0x4AF0, 0x5313, 
0x6BB4, 0x5BAE, 0x538D, 0x5BCD, 0x5BAC, 0x5BAD, 0x5BAF, 0x5BAD, 
0x5BAD, 0x5BAD, 0x5BAD, 0x5BAD, 0x5BAD, 0x5B8D, 0x5B8D, 0x5B8D, 
0x538C, 0x538D, 0x538D, 0x536C, 0x538C, 0x538C, 0x536C, 0x536C, 
0x536C, 0x534C, 0x536C, 0x534C, 0x534C, 0x534C, 0x534C, 0x534C, 
0x534C, 0x532B, 0x532B, 0x532B, 0x4B2B, 0x4B2B, 0x4B2B, 0x4B0B, 
0x4B0B, 0x4B0B, 0x4B0B, 0x4AEA, 0x4B0B, 0x4AEA, 0x4AEA, 0x4AEA, 
0x42EA, 0x42CA, 0x42CA, 0x42CA, 0x42CA, 0x42CA, 0x42AA, 0x42CA, 
0x42CA, 0x42A9, 0x42A9, 0x42A9, 0x42A9, 0x4289, 0x4289, 0x4289, 
0x4269, 0x4269, 0x4269, 0x4268, 0x4268, 0x3A68, 0x3A48, 0x3A48, 
0xA616, 0xA616, 0xAE37, 0xAE57, 0xAE57, 0xB657, 0xB678, 0xB657, 
0xB658, 0xB658, 0xB678, 0xAE57, 0xAE37, 0xAE37, 0xA616, 0xA5F6, 
0x9DD6, 0x9DD5, 0x95B5, 0x9594, 0x8D74, 0x8D53, 0x8D53, 0x8553, 
0x8533, 0x7D32, 0x7D32, 0x7D12, 0x7D12, 0x7CF2, 0x7CF2, 0x7D12, 
0x7CF1, 0x74F1, 0x74F1, 0x7CF1, 0x7D12, 0x7CF2, 0x7CF2, 0x7D12, 
0x7D12, 0x7D12, 0x7D12, 0x8512, 0x8532, 0x8533, 0x8553, 0x8D53, 
0x8D73, 0x8D74, 0x8D94, 0x9594, 0x95B5, 0x9DB5, 0x9DD5, 0xA5F6, 
0xA5F6, 0xA5D5, 0xAE16, 0xAE17, 0x9595, 0x84B4, 0x84F5, 0x9537, 
0x9578, 0x8D58, 0x8D58, 0x8D17, 0x8D17, 0x7475, 0x6C54, 0x7CF6, 
0x8517, 0x7496, 0x53B2, 0x5BB2, 0x74B6, 0x6CB6, 0x6CD7, 0x6C77, 
0x74B7, 0x6C76, 0x6C96, 0x6CB7, 0x6CB7, 0x74B6, 0x4B51, 0x328F, 
0x6C55, 0x4310, 0x5BF3, 0x74F6, 0x53B2, 0x6C75, 0x5392, 0x5BB3, 
0x6C35, 0x3AAF, 0x5BF3, 0x74B5, 0x95D9, 0x6CB4, 0x7D57, 0x7515, 
0x7536, 0x74F5, 0x8D78, 0x9DB9, 0x7CB6, 0x6C93, 0x7D16, 0x95F8, 
0x8DD8, 0x8DF8, 0x7D96, 0x8DD7, 0x8DD7, 0x8DD7, 0x8DD7, 0x85B7, 
0x8DD7, 0x6D54, 0x3B2C, 0x326A, 0x6451, 0x5451, 0x64D3, 0x7555, 
0x85B7, 0x9618, 0x8DB7, 0x8DD7, 0x8DB7, 0x8DD7, 0x9618, 0x8DF8, 
0x8DB7, 0x8DD7, 0x9618, 0x8DF8, 0x8DB7, 0x8DD8, 0x8DF8, 0x95F8, 
0x8DB7, 0x8DB8, 0x8DF8, 0x8DF8, 0x8DD8, 0x8DD8, 0x8DD8, 0x8DB7, 
0x85D8, 0x85D8, 0x8598, 0x7475, 0x4AAF, 0x42D0, 0x7414, 0x94F7, 
0x29CB, 0x7C55, 0x6BF4, 0x320E, 0x8CF7, 0x4AD1, 0x4AB1, 0x5B51, 
0x5B54, 0x63D1, 0x5BAF, 0x5BCE, 0x5BCD, 0x5BCD, 0x5BAE, 0x5BAD, 
0x5BAD, 0x5BAD, 0x5BAD, 0x5BAD, 0x5BAD, 0x538D, 0x5B8D, 0x538C, 
0x538D, 0x538D, 0x538D, 0x536C, 0x538C, 0x536C, 0x536C, 0x536C, 
0x536C, 0x534C, 0x534C, 0x534C, 0x534C, 0x534C, 0x534C, 0x532B, 
0x534C, 0x532B, 0x4B2B, 0x532B, 0x4B2B, 0x4B0B, 0x4B2B, 0x4B0B, 
0x4B0B, 0x4B0B, 0x4B0B, 0x4AEA, 0x4B0B, 0x4AEA, 0x42EA, 0x4AEA, 
0x42EA, 0x42CA, 0x42CA, 0x42CA, 0x42CA, 0x42CA, 0x42AA, 0x42CA, 
0x42CA, 0x42A9, 0x42A9, 0x42A9, 0x42A9, 0x4289, 0x4289, 0x4289, 
0x4269, 0x4269, 0x4268, 0x4268, 0x4268, 0x4268, 0x3A48, 0x3A48, 
0xA5F6, 0xA616, 0xAE37, 0xAE37, 0xAE57, 0xB657, 0xB678, 0xB657, 
0xB658, 0xB678, 0xB678, 0xB657, 0xAE57, 0xAE37, 0xA616, 0xA5F6, 
0x9DF6, 0x9DD5, 0x9DB5, 0x9594, 0x8D94, 0x8D73, 0x8D53, 0x8553, 
0x8533, 0x7D32, 0x7D32, 0x7D12, 0x7D12, 0x7CF2, 0x7D12, 0x7CF2, 
0x7CF2, 0x74F1, 0x74F1, 0x7CF2, 0x7CF2, 0x7CF1, 0x7CF1, 0x7CF2, 
0x7CF2, 0x7D12, 0x7D12, 0x8512, 0x8512, 0x8512, 0x8533, 0x8553, 
0x8D53, 0x8D53, 0x8D74, 0x8D94, 0x9594, 0x9595, 0x9DB5, 0x9DB5, 
0x9DB5, 0xA5F6, 0xA5F7, 0x9555, 0x7CB3, 0x84D5, 0x8D16, 0x8D57, 
0x8D37, 0x8517, 0x8538, 0x8D37, 0x8517, 0x84F7, 0x6C75, 0x6C54, 
0x74B6, 0x5BD2, 0x7475, 0x7495, 0x74B6, 0x6CB6, 0x6CB7, 0x6C97, 
0x6C97, 0x74B7, 0x6C76, 0x6C76, 0x74D7, 0x6C35, 0x5372, 0x6434, 
0x42F0, 0x5BD3, 0x6414, 0x5BF3, 0x6455, 0x4B92, 0x5BF4, 0x5BD3, 
0x4B31, 0x8557, 0x74B6, 0x63F3, 0x7CD6, 0x7D36, 0x8DD8, 0x7536, 
0x74F5, 0x74D5, 0x9DF9, 0x9DD9, 0x74B5, 0x7CB6, 0x7CF6, 0x95D9, 
0x8DB7, 0x85B6, 0x7DB6, 0x8DD7, 0x8DF7, 0x85B7, 0x85B7, 0x8DD7, 
0x8DD7, 0x6534, 0x432D, 0x2A49, 0x6471, 0x5451, 0x5C92, 0x7555, 
0x85D7, 0x8DD8, 0x8DD7, 0x8DB7, 0x8DD7, 0x9618, 0x8DF8, 0x8DD7, 
0x8DD7, 0x8DF8, 0x8DF8, 0x85B7, 0x8DD7, 0x8DD8, 0x8DF8, 0x8DB7, 
0x85B7, 0x8DF9, 0x8DF8, 0x8DD8, 0x85B8, 0x8DD8, 0x8DF9, 0x8DB7, 
0x85D8, 0x7D97, 0x8E1A, 0x8DB9, 0x6434, 0x3A8F, 0x4ACF, 0x426E, 
0x8496, 0x6372, 0x426F, 0x8CD8, 0x4AD1, 0x5B32, 0x5311, 0x8496, 
0x4ACF, 0x6393, 0x5B91, 0x5B8F, 0x5BAD, 0x5BCD, 0x5BAC, 0x5BAD, 
0x5BAD, 0x5BAD, 0x5BAD, 0x5BAD, 0x538D, 0x5B8D, 0x538D, 0x538C, 
0x538D, 0x538C, 0x538C, 0x538C, 0x536C, 0x536C, 0x536C, 0x536C, 
0x536C, 0x534C, 0x534C, 0x534C, 0x534C, 0x534C, 0x534C, 0x532B, 
0x534C, 0x532B, 0x4B2B, 0x532B, 0x4B2B, 0x4B0B, 0x4B2B, 0x4B0B, 
0x4B0B, 0x4B0B, 0x4B0B, 0x4AEA, 0x4B0B, 0x4AEA, 0x42EA, 0x4AEA, 
0x42EA, 0x42CA, 0x42CA, 0x42CA, 0x42CA, 0x42CA, 0x42AA, 0x42CA, 
0x42CA, 0x42A9, 0x42A9, 0x42A9, 0x42A9, 0x4289, 0x4289, 0x4289, 
0x4269, 0x4269, 0x4269, 0x4268, 0x4268, 0x4268, 0x3A48, 0x3A48, 
0x9DF6, 0xA616, 0xAE37, 0xAE37, 0xAE37, 0xB657, 0xB658, 0xB657, 
0xB658, 0xB678, 0xB678, 0xAE57, 0xAE57, 0xAE37, 0xAE16, 0xA5F6, 
0x9DF6, 0x9DD5, 0x9DB5, 0x9594, 0x8D94, 0x8D74, 0x8D53, 0x8553, 
0x8533, 0x7D32, 0x7D32, 0x7D12, 0x7D12, 0x7CF2, 0x7D12, 0x7CF1, 
0x7CF2, 0x74F1, 0x74F1, 0x7CF2, 0x7CF2, 0x74F1, 0x74F1, 0x7CF1, 
0x7CF1, 0x7CF2, 0x7CF2, 0x7D12, 0x7D12, 0x7D12, 0x8532, 0x8533, 
0x8553, 0x8D53, 0x8D73, 0x8D74, 0x8D74, 0x9594, 0x95B5, 0x9595, 
0x9DB6, 0xA5F7, 0x8D35, 0x7C93, 0x7473, 0x8D37, 0x8D37, 0x8517, 
0x8517, 0x8517, 0x8517, 0x8517, 0x7CF7, 0x7CD6, 0x84F7, 0x7495, 
0x5391, 0x5BD2, 0x74B6, 0x74D6, 0x6C96, 0x6C96, 0x6CB7, 0x6CB7, 
0x6C96, 0x6C76, 0x74B7, 0x7CD7, 0x5BF4, 0x5BD3, 0x5BD3, 0x4310, 
0x6414, 0x5BD3, 0x6C35, 0x6454, 0x53D3, 0x6C96, 0x53B3, 0x5C34, 
0x6456, 0x6494, 0x74D6, 0x53B3, 0x6C34, 0x6C73, 0x8D97, 0x7515, 
0x74F5, 0x7D16, 0xA65A, 0x9DF9, 0x7D15, 0xA5BA, 0x7495, 0x6412, 
0x6CB4, 0x8E18, 0x8E17, 0x8596, 0x85B7, 0x85B7, 0x8DD7, 0x8DF7, 
0x8597, 0x6514, 0x436D, 0x2A49, 0x5C51, 0x4C30, 0x5C92, 0x7576, 
0x85B7, 0x8DF8, 0x8DB7, 0x95F8, 0x95F8, 0x8DF8, 0x8DB7, 0x8DD7, 
0x9618, 0x8DF8, 0x85B7, 0x8DB7, 0x8DF8, 0x9618, 0x8597, 0x8DB7, 
0x8DD8, 0x8DF9, 0x8DD8, 0x85B7, 0x8DD8, 0x8DF8, 0x8DF8, 0x8597, 
0x8DD8, 0x85F8, 0x85F9, 0x85D8, 0x7D77, 0x6434, 0x42F0, 0x4AD0, 
0x5B11, 0x5B52, 0x6BD3, 0x5B32, 0x31CF, 0x5310, 0x8CF7, 0x216C, 
0x8CD6, 0x5333, 0x4AD1, 0x6BF3, 0x536E, 0x5BAD, 0x5BCC, 0x5BAD, 
0x5BAD, 0x5BAD, 0x5BAD, 0x538D, 0x5BAD, 0x538D, 0x538C, 0x538D, 
0x538C, 0x538C, 0x538C, 0x536C, 0x536C, 0x536C, 0x536C, 0x536C, 
0x536C, 0x534C, 0x534C, 0x534C, 0x534C, 0x534C, 0x532B, 0x534C, 
0x534C, 0x532B, 0x4B2B, 0x532B, 0x4B2B, 0x4B0B, 0x4B2B, 0x4B0B, 
0x4B0B, 0x4B0B, 0x4B0B, 0x4AEA, 0x4B0B, 0x4AEA, 0x42EA, 0x4AEA, 
0x42EA, 0x42CA, 0x42CA, 0x42CA, 0x42CA, 0x42CA, 0x42AA, 0x42CA, 
0x42CA, 0x42A9, 0x42A9, 0x42A9, 0x42A9, 0x4289, 0x4289, 0x4289, 
0x4269, 0x4269, 0x4269, 0x4268, 0x4268, 0x4268, 0x3A48, 0x3A48, 
0x9DF6, 0xA616, 0xA616, 0xAE37, 0xAE37, 0xAE57, 0xB658, 0xB658, 
0xB678, 0xB678, 0xB678, 0xB657, 0xAE57, 0xAE37, 0xAE37, 0xA616, 
0xA5F6, 0x9DD6, 0x9DD5, 0x95B5, 0x9594, 0x8D74, 0x8D53, 0x8553, 
0x8533, 0x7D32, 0x7D32, 0x7D12, 0x7D12, 0x7CF2, 0x7D12, 0x7CF2, 
0x74F1, 0x74F1, 0x74F1, 0x74F1, 0x7CF2, 0x74F1, 0x74F1, 0x74F1, 
0x74F1, 0x7CF2, 0x7CF1, 0x7CF2, 0x7CF2, 0x7D12, 0x7D12, 0x8532, 
0x8532, 0x8553, 0x8D53, 0x8D53, 0x8D73, 0x8D74, 0x9594, 0x9594, 
0x9DD6, 0x8515, 0x6C33, 0x7C95, 0x84F6, 0x84F7, 0x84F7, 0x84F7, 
0x8517, 0x8517, 0x7D17, 0x7CF7, 0x7CF7, 0x7CF7, 0x6C54, 0x5BD2, 
0x5BD2, 0x5BD2, 0x7496, 0x74D7, 0x6CB7, 0x74F7, 0x6C96, 0x6CB6, 
0x6CB7, 0x74B6, 0x74B6, 0x6414, 0x53B2, 0x4310, 0x4B71, 0x5392, 
0x6413, 0x6C75, 0x4B71, 0x6454, 0x5C34, 0x5C14, 0x6CB6, 0x74F7, 
0x6CD7, 0x7537, 0x5413, 0x4B91, 0x7CF6, 0x6C53, 0x8516, 0x7D36, 
0x95D9, 0x8557, 0x9E19, 0xA65A, 0x8D97, 0x6413, 0x7CD6, 0x8516, 
0x6453, 0x9DF9, 0x8D97, 0x85B7, 0x85B7, 0x8DD7, 0x8DF8, 0x8DD7, 
0x8576, 0x6D75, 0x53CF, 0x2A29, 0x5C30, 0x4C30, 0x64D3, 0x7575, 
0x85B6, 0x8597, 0x95F8, 0x95F8, 0x8DF8, 0x8596, 0x8DF8, 0x9618, 
0x8DD7, 0x8DB7, 0x8DB7, 0x9618, 0x8DD7, 0x8596, 0x8DF8, 0x8DD8, 
0x8DD8, 0x85B8, 0x85B7, 0x8DB8, 0x8DF8, 0x8DF8, 0x85B7, 0x8DD8, 
0x85B8, 0x85D8, 0x8597, 0x7D97, 0x85F9, 0x8D99, 0x6C75, 0x2A2E, 
0x5332, 0x6BD4, 0x6BB3, 0x31EE, 0x7434, 0x7C36, 0x216C, 0x8D17, 
0x52F1, 0x42B1, 0x6BD6, 0x42B1, 0x6BF3, 0x6BF0, 0x5B8D, 0x5BAD, 
0x5BAD, 0x538D, 0x538D, 0x5BAD, 0x53AD, 0x538C, 0x538D, 0x538C, 
0x538C, 0x538C, 0x538C, 0x536C, 0x536C, 0x536C, 0x536C, 0x536C, 
0x536C, 0x534C, 0x534C, 0x534C, 0x534C, 0x534C, 0x532B, 0x534C, 
0x534C, 0x532B, 0x4B2B, 0x532B, 0x4B2B, 0x4B0B, 0x4B2B, 0x4B0B, 
0x4B0B, 0x4B0B, 0x4B0B, 0x4AEA, 0x4B0B, 0x4AEA, 0x42EA, 0x4AEA, 
0x42EA, 0x42CA, 0x42CA, 0x42CA, 0x42CA, 0x42CA, 0x42AA, 0x42CA, 
0x42CA, 0x42A9, 0x42A9, 0x42A9, 0x42A9, 0x4289, 0x4289, 0x4289, 
0x4269, 0x4269, 0x4269, 0x4268, 0x4268, 0x4268, 0x3A48, 0x3A48, 
0x9DF6, 0xA5F6, 0xAE17, 0xAE37, 0xAE37, 0xB657, 0xB657, 0xB658, 
0xB678, 0xB678, 0xB678, 0xB657, 0xAE57, 0xAE57, 0xAE37, 0xA616, 
0xA5F6, 0x9DF6, 0x9DD5, 0x95B5, 0x9594, 0x8D74, 0x8D53, 0x8553, 
0x8533, 0x7D32, 0x7D32, 0x7D12, 0x7D12, 0x7CF2, 0x7D12, 0x7CF1, 
0x74F1, 0x74F1, 0x74F1, 0x7CF1, 0x7CF1, 0x74F1, 0x74F1, 0x74F1, 
0x7CF1, 0x7CF2, 0x7CF2, 0x7CF1, 0x7CF2, 0x7D12, 0x7D12, 0x7D32, 
0x7D32, 0x8532, 0x8533, 0x8D53, 0x8D53, 0x8D53, 0x8D74, 0x9594, 
0x8513, 0x6C32, 0x6C34, 0x84D6, 0x84D6, 0x7CB6, 0x84F7, 0x7CF7, 
0x7CF7, 0x7CF7, 0x7CF7, 0x74F7, 0x7CF7, 0x74B6, 0x5BF3, 0x63F2, 
0x7CD6, 0x5B91, 0x53B2, 0x6CB7, 0x6CB7, 0x6C96, 0x6CB6, 0x6CB6, 
0x6CB6, 0x74D7, 0x6435, 0x4310, 0x6C34, 0x4B31, 0x4B51, 0x6C75, 
0x5371, 0x6C34, 0x63F3, 0x4BB2, 0x6C96, 0x5C34, 0x6CB6, 0x6CD7, 
0x64B6, 0x6CB6, 0x7D37, 0x7D36, 0x6C73, 0x7474, 0x7C75, 0x6C93, 
0x8D97, 0x8556, 0x95D8, 0xA65A, 0x95D7, 0x6C95, 0x6C74, 0x8537, 
0x6C74, 0x7495, 0x7474, 0x9638, 0x8DF7, 0x8DD7, 0x85B7, 0x8596, 
0x8DB7, 0x6D75, 0x53AF, 0x2228, 0x5C50, 0x4C30, 0x5CB2, 0x6D34, 
0x8596, 0x95F8, 0x95D7, 0x8DD7, 0x85B7, 0x8DD7, 0x8DF8, 0x8DF8, 
0x8DB7, 0x8DD7, 0x8DF8, 0x8DF8, 0x8DB7, 0x8DB7, 0x8DD7, 0x8DF8, 
0x8DD8, 0x8597, 0x8DD8, 0x8DF8, 0x8DD8, 0x85B7, 0x8597, 0x85D8, 
0x8DD8, 0x85B7, 0x8597, 0x85D8, 0x85B7, 0x85D9, 0x7D18, 0x5BF4, 
0x5333, 0x63B3, 0x324D, 0x7C55, 0x6BB3, 0x4AAF, 0x7415, 0x5312, 
0x4AD1, 0x6BF4, 0x5B53, 0x3A70, 0x5312, 0x63B1, 0x5B8F, 0x5BAC, 
0x5BAD, 0x538D, 0x5BAD, 0x53AD, 0x538D, 0x538C, 0x538D, 0x538C, 
0x538C, 0x538C, 0x536C, 0x536C, 0x536C, 0x536C, 0x536C, 0x536C, 
0x536C, 0x534C, 0x534C, 0x534C, 0x534C, 0x532B, 0x534C, 0x534C, 
0x534C, 0x532B, 0x4B2B, 0x532B, 0x4B2B, 0x4B0B, 0x4B2B, 0x4B0B, 
0x4B0B, 0x4B0B, 0x4B0B, 0x4AEA, 0x4B0B, 0x4AEA, 0x42EA, 0x4AEA, 
0x42EA, 0x42CA, 0x42CA, 0x42CA, 0x42CA, 0x42CA, 0x42AA, 0x42CA, 
0x42CA, 0x42A9, 0x42A9, 0x42A9, 0x42A9, 0x4289, 0x4289, 0x4289, 
0x4269, 0x4269, 0x4269, 0x4268, 0x4268, 0x4268, 0x3A48, 0x3A48, 
0x9DF6, 0xA5F6, 0xA616, 0xAE37, 0xAE37, 0xAE57, 0xB678, 0xB658, 
0xB678, 0xB678, 0xB658, 0xB657, 0xB637, 0xAE37, 0xAE37, 0xA616, 
0xA5F6, 0x9DF6, 0x9DD5, 0x95B5, 0x9594, 0x8D74, 0x8D73, 0x8553, 
0x8533, 0x8532, 0x7D32, 0x7D12, 0x7D12, 0x7CF2, 0x7CF2, 0x7CF1, 
0x7CF2, 0x74F1, 0x74F1, 0x74F1, 0x7CF1, 0x74F1, 0x74F1, 0x74F1, 
0x74F1, 0x74F1, 0x74F1, 0x7CF1, 0x7CF2, 0x7CF2, 0x7D12, 0x7D12, 
0x7D12, 0x8513, 0x8512, 0x8552, 0x8552, 0x8D53, 0x9594, 0x7CB4, 
0x63D1, 0x63F2, 0x6413, 0x7495, 0x7CB6, 0x7CD7, 0x84F7, 0x7CF6, 
0x6CF7, 0x74D7, 0x84F7, 0x7CF8, 0x6C96, 0x53D3, 0x74B6, 0x7CD7, 
0x7CF7, 0x7CB7, 0x5392, 0x4B91, 0x74D7, 0x6C96, 0x6CB6, 0x6CB6, 
0x7CF7, 0x6434, 0x5BD3, 0x5392, 0x3A8F, 0x5BF3, 0x6434, 0x5392, 
0x6434, 0x5392, 0x5BF3, 0x6CB6, 0x53D2, 0x6455, 0x6475, 0x6496, 
0x6496, 0x64B6, 0x6CF7, 0x7D57, 0x6453, 0x5BF2, 0x6C53, 0x7CF6, 
0x7CF5, 0x8D56, 0xA659, 0xAE7B, 0x8577, 0x8576, 0x8576, 0x7D15, 
0x8D57, 0x7495, 0x63D3, 0x9617, 0x8DD8, 0x9E3A, 0x7536, 0x85D8, 
0x7DF7, 0x7D76, 0x4BAE, 0x2208, 0x6451, 0x5431, 0x5493, 0x6D14, 
0x8597, 0x8DF8, 0x8DD8, 0x85B7, 0x85F7, 0x95F8, 0x8DF7, 0x85B6, 
0x8DB7, 0x95D8, 0x8DF8, 0x8597, 0x85B7, 0x8DF8, 0x8DF8, 0x8DD8, 
0x8597, 0x85B8, 0x8DD8, 0x8DB8, 0x85B8, 0x8597, 0x8DD8, 0x8DF9, 
0x85B7, 0x7D97, 0x85B8, 0x8DD9, 0x85B8, 0x7D97, 0x85B8, 0x7D78, 
0x53B3, 0x428F, 0x422E, 0x63D3, 0x6C35, 0x7C96, 0x63D4, 0x2A0E, 
0x7415, 0x6373, 0x322D, 0x4AB1, 0x7434, 0x4AD1, 0x5B52, 0x538D, 
0x53AC, 0x5BAC, 0x536E, 0x5BAE, 0x538B, 0x538D, 0x538D, 0x538C, 
0x538C, 0x538C, 0x536C, 0x536C, 0x536C, 0x536C, 0x536C, 0x536C, 
0x536C, 0x534C, 0x534C, 0x534C, 0x534C, 0x534C, 0x534C, 0x532B, 
0x532B, 0x532B, 0x532B, 0x4B2B, 0x4B2B, 0x4B2B, 0x4B0B, 0x4B0B, 
0x4B0B, 0x4B0B, 0x4B0B, 0x4AEA, 0x4B0B, 0x4AEA, 0x42EA, 0x42EA, 
0x42EA, 0x42CA, 0x42CA, 0x42CA, 0x42CA, 0x42CA, 0x42CA, 0x42AA, 
0x42AA, 0x42A9, 0x42A9, 0x42A9, 0x42A9, 0x4289, 0x4289, 0x4289, 
0x4269, 0x4269, 0x4269, 0x4268, 0x4268, 0x4268, 0x3A48, 0x3A48, 
0x9DD5, 0x9DF6, 0xA616, 0xAE37, 0xAE37, 0xAE57, 0xB657, 0xB657, 
0xB678, 0xB678, 0xB658, 0xB657, 0xB637, 0xAE57, 0xAE37, 0xA616, 
0xA616, 0x9DF6, 0x9DD5, 0x95B5, 0x9594, 0x8D94, 0x8D73, 0x8D53, 
0x8553, 0x8533, 0x8512, 0x7D12, 0x7CF2, 0x7CF2, 0x7CF1, 0x7CF2, 
0x74F1, 0x74F1, 0x74F1, 0x74F1, 0x7CF1, 0x74F1, 0x74F1, 0x74F1, 
0x74F1, 0x74F1, 0x74F1, 0x7CF1, 0x7CF1, 0x7CF1, 0x7CF2, 0x7D12, 
0x7D12, 0x7CF2, 0x8553, 0x7D11, 0x8532, 0x8D54, 0x7492, 0x5370, 
0x6412, 0x7474, 0x6C13, 0x63D3, 0x6C34, 0x74D7, 0x7CB6, 0x74B6, 
0x6CF8, 0x74F7, 0x6C12, 0x84B6, 0x5BB1, 0x4B70, 0x6C55, 0x6C96, 
0x6476, 0x6C97, 0x6CB5, 0x4B91, 0x4B52, 0x74D7, 0x74B6, 0x74B6, 
0x6455, 0x4310, 0x4310, 0x4B31, 0x6C34, 0x4B71, 0x6434, 0x6434, 
0x4B71, 0x6C75, 0x5BF3, 0x53D3, 0x6CB6, 0x5C34, 0x6475, 0x6496, 
0x6496, 0x64B6, 0x6CB6, 0x74F6, 0x7D16, 0x7D16, 0x6CB4, 0x7494, 
0x7494, 0x7CB4, 0xBEFD, 0x95D8, 0x8577, 0x7D75, 0x8576, 0x5C32, 
0x6453, 0x74B5, 0x7475, 0x8536, 0x8D77, 0x74B4, 0x9DF8, 0x85B7, 
0x85F7, 0x6D14, 0x4BCF, 0x2228, 0x53AE, 0x43AE, 0x4C31, 0x6D34, 
0x85B7, 0x8DD8, 0x8597, 0x8DB7, 0x8DD6, 0x9597, 0x8596, 0x8DF7, 
0x8DD7, 0x95F8, 0x85D7, 0x8DD8, 0x8DF8, 0x8DB8, 0x8DD8, 0x85B8, 
0x8DD8, 0x8DD9, 0x8DB8, 0x8DB8, 0x8597, 0x8DD8, 0x8DD8, 0x85B8, 
0x85B8, 0x8598, 0x85D9, 0x85B8, 0x7D98, 0x8598, 0x85D8, 0x85F9, 
0x7D38, 0x63F4, 0x4AB0, 0x4B11, 0x7C97, 0x7C76, 0x2A0D, 0x8CF9, 
0x52D1, 0x29CD, 0x5312, 0x6BD2, 0x5B33, 0x5311, 0x52F3, 0x5371, 
0x538F, 0x538C, 0x5BAC, 0x5BAD, 0x536D, 0x5B8D, 0x5B8D, 0x538D, 
0x538C, 0x538C, 0x536C, 0x538C, 0x538C, 0x536C, 0x536C, 0x536C, 
0x536C, 0x534C, 0x534C, 0x534C, 0x534C, 0x534C, 0x534C, 0x532B, 
0x532B, 0x4B2B, 0x4B2B, 0x4B2B, 0x4B0B, 0x4B0B, 0x4B0B, 0x4B0B, 
0x4B0B, 0x4B0B, 0x4B0B, 0x4AEA, 0x4B0B, 0x42EA, 0x42EA, 0x42EA, 
0x42EA, 0x42CA, 0x42CA, 0x42CA, 0x42CA, 0x42AA, 0x42CA, 0x42A9, 
0x42AA, 0x42A9, 0x42A9, 0x42A9, 0x4289, 0x4289, 0x4289, 0x4289, 
0x4269, 0x4269, 0x4269, 0x4268, 0x3A48, 0x4268, 0x3A48, 0x3A48, 
0x9DD5, 0x9DF6, 0xA616, 0xA617, 0xAE37, 0xAE37, 0xB657, 0xB658, 
0xB658, 0xB658, 0xB658, 0xB657, 0xB637, 0xAE57, 0xAE37, 0xAE17, 
0xA616, 0x9DF6, 0x9DD5, 0x95B5, 0x95B5, 0x8D94, 0x8D74, 0x8D53, 
0x8553, 0x8532, 0x8532, 0x7D12, 0x7CF2, 0x7CF2, 0x7CF1, 0x7CF1, 
0x7CF1, 0x74F1, 0x74F1, 0x74F1, 0x74F1, 0x74F1, 0x74F1, 0x74F1, 
0x74F1, 0x74F1, 0x74F1, 0x74F1, 0x74F1, 0x74F1, 0x7CF1, 0x7CF2, 
0x7CF2, 0x7D11, 0x7CF1, 0x8533, 0x8514, 0x6C32, 0x4B4F, 0x5392, 
0x6C34, 0x6C55, 0x7495, 0x63F3, 0x5BD3, 0x74B5, 0x7496, 0x6C76, 
0x6CD8, 0x6C75, 0xA5B7, 0xADB7, 0xA597, 0xADF8, 0xB639, 0xAE3A, 
0xAE1A, 0xB65A, 0xAE5A, 0xB67A, 0x4310, 0x4B51, 0x7CF7, 0x6434, 
0x4B71, 0x6434, 0x3AAF, 0x4B30, 0x7455, 0x5BF3, 0x4B71, 0x6434, 
0x5C14, 0x53B2, 0x6455, 0x5C14, 0x5C14, 0x6C96, 0x6475, 0x6496, 
0x6495, 0x6CD6, 0x6CB6, 0x6CB5, 0x7D16, 0x8577, 0x74D5, 0x6CB3, 
0x7CD5, 0x7CB5, 0x8D78, 0x9E1A, 0x8DB8, 0x8596, 0x7D35, 0x6CB4, 
0x8577, 0x8D78, 0x95D9, 0x5BB3, 0x7C74, 0xBE59, 0xCF1B, 0xBEDB, 
0x8DB6, 0x6D36, 0x53F0, 0x538D, 0xB617, 0xA5D6, 0xAE58, 0x6513, 
0x7D96, 0x8596, 0xA639, 0xC6FB, 0xC6DA, 0xB69A, 0x95F7, 0x85D7, 
0x8DD8, 0x8D97, 0x85B7, 0x9619, 0x8DF8, 0x8DD8, 0x8597, 0x8DD8, 
0x8DF9, 0x8DD8, 0x85B8, 0x8598, 0x8DF9, 0x8DD8, 0x8598, 0x85B7, 
0x85B8, 0x85B8, 0x8598, 0x7D98, 0x7D98, 0x8598, 0x8598, 0x7598, 
0x85B9, 0x7D58, 0x53D3, 0x63D4, 0x7C76, 0x42B0, 0x8CB8, 0x4A90, 
0x31CD, 0x4290, 0x7415, 0x6393, 0x3A4E, 0x8CB8, 0x4270, 0x4AF2, 
0x5311, 0x5B8F, 0x5BAA, 0x53AB, 0x5B8E, 0x538D, 0x538D, 0x538C, 
0x538C, 0x538C, 0x538C, 0x538C, 0x536C, 0x536C, 0x536C, 0x536C, 
0x536C, 0x534C, 0x534C, 0x534C, 0x534C, 0x534C, 0x534C, 0x532B, 
0x532B, 0x532B, 0x4B2B, 0x4B2B, 0x4B0B, 0x4B0B, 0x4B0B, 0x4B0B, 
0x4B0B, 0x4B0B, 0x4B0B, 0x4AEA, 0x4B0B, 0x42EA, 0x42EA, 0x42EA, 
0x42EA, 0x42CA, 0x42CA, 0x42CA, 0x42CA, 0x42AA, 0x42CA, 0x42A9, 
0x42AA, 0x42A9, 0x42A9, 0x42A9, 0x42A9, 0x4289, 0x4289, 0x4289, 
0x4269, 0x4269, 0x4269, 0x4268, 0x3A48, 0x4268, 0x3A48, 0x3A48, 
0x9DD5, 0x9DF6, 0xA616, 0xA616, 0xAE37, 0xAE37, 0xAE57, 0xB657, 
0xB658, 0xB658, 0xB658, 0xB658, 0xB637, 0xB657, 0xAE37, 0xAE17, 
0xA616, 0xA5F6, 0x9DD6, 0x95B5, 0x95B5, 0x8D94, 0x8D74, 0x8D53, 
0x8553, 0x8532, 0x8532, 0x7D12, 0x7CF2, 0x7CF2, 0x7CF2, 0x74F1, 
0x7CF1, 0x74F1, 0x74F1, 0x74F1, 0x74F1, 0x74F1, 0x74F1, 0x74F1, 
0x74F1, 0x74F1, 0x74F1, 0x74D1, 0x74D1, 0x74D1, 0x74D1, 0x7CF1, 
0x7CF2, 0x7CF0, 0x7CD1, 0x8534, 0x6C73, 0x4B50, 0x5350, 0x6455, 
0x6414, 0x6414, 0x7496, 0x6C75, 0x6414, 0x53B1, 0x7475, 0x6C76, 
0x6CB7, 0x5BF3, 0xDF5D, 0xFFFF, 0xFFFF, 0xFFFE, 0xFFFE, 0xFFFE, 
0xFFFF, 0xF7DD, 0xFFFE, 0xFFFF, 0x6BF3, 0x4B51, 0x4330, 0x5BD3, 
0x6414, 0x4B51, 0x6C34, 0x63F3, 0x5392, 0x6434, 0x5C13, 0x4330, 
0x6C75, 0x5C14, 0x53D3, 0x5C15, 0x6455, 0x5C34, 0x6475, 0x6475, 
0x6CB6, 0x6495, 0x6CB6, 0x6CF6, 0x74D6, 0x74F6, 0x6CB5, 0x7D15, 
0x5BF2, 0x84F7, 0x8517, 0xA61A, 0xAEBB, 0x7D55, 0x6CD4, 0x7D15, 
0x9E19, 0x6CB4, 0x6C73, 0x5B73, 0xA598, 0xFFFF, 0xF7FE, 0xFFFF, 
0xADF7, 0x6D56, 0x4BCF, 0xB617, 0xFFFF, 0xFFFF, 0xFFFF, 0x5CF3, 
0x7D96, 0x85B6, 0xBEFB, 0xFFFF, 0xFFFF, 0xE7DF, 0xA659, 0x8DF8, 
0x8597, 0x8DB8, 0x8DD8, 0x8DF9, 0x8DB8, 0x8597, 0x8DD8, 0x8DD8, 
0x8DD8, 0x8598, 0x85B8, 0x8DD9, 0x85B8, 0x85B8, 0x8598, 0x85B8, 
0x85D8, 0x8DD9, 0x7D77, 0x7D98, 0x85B8, 0x8DB9, 0x7D98, 0x7557, 
0x7DB9, 0x85B9, 0x7558, 0x4B31, 0x3A6F, 0x3A2E, 0x5B12, 0x4A90, 
0x31CD, 0x8498, 0x4AF0, 0x31EE, 0xA5BA, 0x29CE, 0x5B73, 0x73F5, 
0x4A92, 0x52F2, 0x5B6D, 0x5BAB, 0x538C, 0x538D, 0x538D, 0x538C, 
0x538C, 0x536C, 0x536C, 0x536C, 0x536C, 0x536C, 0x536C, 0x536C, 
0x536C, 0x534C, 0x534C, 0x534C, 0x534C, 0x532B, 0x532B, 0x532B, 
0x532B, 0x4B2B, 0x4B2B, 0x4B2B, 0x4B2B, 0x4B0B, 0x4B0B, 0x4B0B, 
0x4B0B, 0x4B0B, 0x4AEA, 0x4B0B, 0x4B0B, 0x42EA, 0x42EA, 0x42EA, 
0x42EA, 0x42CA, 0x42CA, 0x42CA, 0x42CA, 0x42AA, 0x42CA, 0x42A9, 
0x42AA, 0x42A9, 0x42A9, 0x42A9, 0x42A9, 0x4289, 0x4289, 0x4289, 
0x4269, 0x4269, 0x4269, 0x4268, 0x3A48, 0x4268, 0x3A48, 0x3A48, 
0x9DB5, 0x9DF6, 0xA5F6, 0xA616, 0xAE17, 0xAE37, 0xAE57, 0xB657, 
0xB657, 0xB658, 0xB658, 0xB658, 0xB657, 0xB657, 0xB637, 0xAE37, 
0xAE16, 0xA5F6, 0xA5F6, 0x95D5, 0x95B5, 0x9594, 0x8D74, 0x8D73, 
0x8553, 0x8532, 0x8532, 0x7D12, 0x7CF2, 0x7CF2, 0x7CF2, 0x74F1, 
0x74F1, 0x74F1, 0x74F1, 0x74F1, 0x74F1, 0x74D1, 0x74D1, 0x74D1, 
0x74D1, 0x74D1, 0x74D1, 0x74D1, 0x74D1, 0x74D1, 0x74D1, 0x74D1, 
0x74F1, 0x7CF1, 0x8534, 0x6C52, 0x430F, 0x4B51, 0x63D3, 0x5BF4, 
0x5BF4, 0x6435, 0x6414, 0x6C75, 0x6C96, 0x5BF3, 0x5391, 0x8517, 
0x6C76, 0x430F, 0xD6FB, 0xFFFF, 0xF7DE, 0xFFDE, 0xF7DD, 0xF7DE, 
0xFFDE, 0xFFDE, 0xF7DE, 0xFFFF, 0x84B6, 0x6C34, 0x53B2, 0x5371, 
0x4B71, 0x5BB2, 0x5BD3, 0x6C55, 0x63F3, 0x53B2, 0x6C55, 0x6434, 
0x4B72, 0x5C34, 0x5C34, 0x5C35, 0x6476, 0x6456, 0x6455, 0x6CB6, 
0x6495, 0x6CB6, 0x6C95, 0x74F6, 0x6CD6, 0x74F6, 0x7D37, 0x8597, 
0x8578, 0x6434, 0x9DDA, 0x8537, 0x74F5, 0x8556, 0x8D97, 0x8D97, 
0x8576, 0x6CD4, 0x7515, 0x6C75, 0xADF9, 0xFFFF, 0xFFDD, 0xF7FF, 
0xC69A, 0x6D97, 0x4BAF, 0x9D75, 0xFFFF, 0xFFBE, 0xFFFF, 0x4C73, 
0x7D96, 0x85B7, 0xBEBA, 0xF7FF, 0xFFBD, 0xF7BE, 0xA638, 0x7D97, 
0x8DF9, 0x8DD8, 0x8DF8, 0x8598, 0x8597, 0x8DD8, 0x8DD8, 0x8DD8, 
0x8597, 0x7D97, 0x85D9, 0x85B8, 0x85B8, 0x7D97, 0x85B8, 0x85D9, 
0x85B8, 0x7D97, 0x8598, 0x8598, 0x85B8, 0x7557, 0x7D78, 0x7D98, 
0x7D98, 0x7578, 0x7D98, 0x7D59, 0x5C14, 0x4290, 0x4AB1, 0x5B53, 
0x84D9, 0x3A2E, 0x5B73, 0x7C75, 0x29CE, 0x6BB3, 0x6BD5, 0x4A8F, 
0x318E, 0x4252, 0x52F1, 0x5B8F, 0x5BAC, 0x538D, 0x538D, 0x538C, 
0x536C, 0x538C, 0x536C, 0x536C, 0x536C, 0x536C, 0x536C, 0x536C, 
0x536C, 0x534C, 0x534C, 0x534C, 0x532B, 0x534C, 0x532B, 0x4B2B, 
0x532B, 0x4B2B, 0x4B2B, 0x4B0B, 0x4B0B, 0x4B0B, 0x4B0B, 0x4B0B, 
0x4B0B, 0x4AEA, 0x4B0B, 0x4B0B, 0x4B0B, 0x42EA, 0x42EA, 0x42EA, 
0x42EA, 0x42CA, 0x42CA, 0x42CA, 0x42CA, 0x42AA, 0x42CA, 0x42A9, 
0x42AA, 0x42A9, 0x42A9, 0x42A9, 0x42A9, 0x4289, 0x4289, 0x4289, 
0x4269, 0x4269, 0x4269, 0x4268, 0x3A48, 0x4268, 0x3A48, 0x3A48, 
0x9DD5, 0x9DF6, 0xA616, 0xA616, 0xAE37, 0xAE37, 0xAE57, 0xB637, 
0xB658, 0xB658, 0xB658, 0xB658, 0xB657, 0xB657, 0xB637, 0xAE37, 
0xAE16, 0xA616, 0xA5D6, 0x95D5, 0x95B5, 0x9594, 0x8D74, 0x8D53, 
0x8553, 0x8532, 0x7D12, 0x7D12, 0x7CF2, 0x7CF2, 0x7CF2, 0x74F1, 
0x74F1, 0x74F1, 0x74F1, 0x74F1, 0x74F1, 0x74D1, 0x74D1, 0x74D1, 
0x74D1, 0x74D1, 0x74D1, 0x74D1, 0x74D1, 0x74D1, 0x74D1, 0x74D1, 
0x74F1, 0x8512, 0x5BF0, 0x430E, 0x4B30, 0x5BB2, 0x5BB2, 0x5BF5, 
0x5BF5, 0x6435, 0x6435, 0x6435, 0x6C75, 0x6C96, 0x5BD2, 0x6433, 
0x4BB1, 0x4B2F, 0xDF3C, 0xFFFF, 0xF7BE, 0xFFFF, 0x9D77, 0x9DD9, 
0x9DFB, 0xA5BB, 0x9DB9, 0xB65B, 0x5BD4, 0x4B72, 0x5BF2, 0x5351, 
0x4B51, 0x7476, 0x5392, 0x6414, 0x6455, 0x5BF3, 0x53B2, 0x6455, 
0x6455, 0x53F3, 0x6455, 0x6456, 0x5C35, 0x6C76, 0x6476, 0x6495, 
0x6495, 0x6C95, 0x6CB5, 0x74F6, 0x6CD6, 0x6CF6, 0x6CF6, 0x7D37, 
0x74F6, 0x6432, 0xA61A, 0x8D78, 0x6C75, 0x95F8, 0x9E18, 0x95D8, 
0x6CD4, 0x7D56, 0x8DB7, 0x8DB7, 0xA5F8, 0xF7FF, 0xF7BE, 0xFFFF, 
0xAE17, 0x6D76, 0x5430, 0x4B6D, 0x9D95, 0x9575, 0x95B6, 0x6CF6, 
0x7D97, 0x85B7, 0xB6BA, 0xF7FF, 0xFFDD, 0xF7BE, 0xA618, 0x8597, 
0x8DD9, 0x95F9, 0x8DF7, 0x8598, 0x8DB8, 0x8DB8, 0x8DD8, 0x8598, 
0x8598, 0x85D9, 0x85D9, 0x85B8, 0x7D77, 0x85B8, 0x8DF9, 0x85B8, 
0x7D97, 0x8598, 0x8598, 0x8598, 0x7D57, 0x7D98, 0x7D78, 0x8598, 
0x7D78, 0x7557, 0x7D77, 0x7DBA, 0x7D59, 0x5372, 0x42B0, 0x7497, 
0x4B73, 0x6394, 0x6BD4, 0x4AB0, 0x5311, 0x7415, 0x4290, 0x39AF, 
0x420E, 0x3A0E, 0x4270, 0x4AF0, 0x538E, 0x538C, 0x538C, 0x538C, 
0x536C, 0x538C, 0x536C, 0x536C, 0x536C, 0x536C, 0x536C, 0x536C, 
0x536C, 0x534C, 0x534C, 0x534C, 0x532B, 0x534C, 0x532B, 0x4B2B, 
0x532B, 0x4B2B, 0x4B0B, 0x4B2B, 0x4B0B, 0x4B0B, 0x4B0B, 0x4B0B, 
0x4B0B, 0x4AEA, 0x4AEA, 0x4B0B, 0x4B0B, 0x42EA, 0x42EA, 0x42EA, 
0x42EA, 0x42CA, 0x42CA, 0x42CA, 0x42CA, 0x42AA, 0x42CA, 0x42AA, 
0x42AA, 0x42A9, 0x42A9, 0x42A9, 0x42A9, 0x4289, 0x4289, 0x4289, 
0x4269, 0x4269, 0x4269, 0x4268, 0x3A48, 0x4268, 0x3A48, 0x3A48, 
0x9DB5, 0x9DD5, 0x9DF6, 0xA616, 0xAE37, 0xAE37, 0xAE57, 0xB637, 
0xB657, 0xB658, 0xB678, 0xB658, 0xB657, 0xB657, 0xB637, 0xAE37, 
0xAE17, 0xA616, 0xA5F6, 0x9DD5, 0x9DB5, 0x9594, 0x9594, 0x8D73, 
0x8D53, 0x8533, 0x8532, 0x8512, 0x7D12, 0x7CF2, 0x74F1, 0x7CF1, 
0x74F1, 0x74F1, 0x74D1, 0x74D1, 0x74D1, 0x74D1, 0x74D1, 0x74D1, 
0x74D1, 0x74D1, 0x74D1, 0x74B2, 0x74D1, 0x7CF0, 0x74D0, 0x7CF1, 
0x8512, 0x63D1, 0x326C, 0x4B10, 0x5B93, 0x5393, 0x53B4, 0x53F4, 
0x5BF4, 0x5C35, 0x5C35, 0x6436, 0x5C36, 0x6C56, 0x7435, 0x4B4F, 
0x3AEE, 0x63D2, 0xE75D, 0xFFDF, 0xF7DD, 0xFFFF, 0x5BD4, 0x5C57, 
0x6476, 0x6456, 0x74D7, 0x6C76, 0x4331, 0x6C54, 0x4B2E, 0x4353, 
0x6C75, 0x4310, 0x6475, 0x4BB2, 0x5BB1, 0x64B6, 0x4392, 0x4352, 
0x6416, 0x6436, 0x5C34, 0x5C56, 0x5C56, 0x6476, 0x5C35, 0x6496, 
0x5C75, 0x6495, 0x6CB6, 0x6496, 0x6496, 0x74F6, 0x74F5, 0x74F6, 
0x7516, 0x8D99, 0xAE7C, 0x7D16, 0x53D3, 0x64D4, 0x8517, 0x9598, 
0x6CD3, 0x85B6, 0x7556, 0x7D96, 0x8D55, 0xF7BE, 0xFFFE, 0xFFFF, 
0xADF9, 0x5C32, 0x64B3, 0x2228, 0x434D, 0x43CF, 0x4C31, 0x6D36, 
0x7597, 0x7D77, 0xBE9A, 0xFFFF, 0xFFFE, 0xE79E, 0x9E19, 0x85D9, 
0x85B8, 0x85D8, 0x7DB7, 0x85B7, 0x8DB9, 0x8599, 0x85B7, 0x8597, 
0x85B8, 0x85B8, 0x8599, 0x859A, 0x85D9, 0x7D98, 0x85D9, 0x7D58, 
0x8599, 0x85B9, 0x7D98, 0x7578, 0x7558, 0x7599, 0x7DB9, 0x7D99, 
0x6D59, 0x7579, 0x7D58, 0x7DB9, 0x7D99, 0x6CF7, 0x4B52, 0x5312, 
0x39EF, 0x6BD5, 0x4AF1, 0x29AE, 0x8457, 0x4250, 0x31CE, 0x4210, 
0x3A2F, 0x3A4E, 0x3A4E, 0x4A90, 0x4A91, 0x5B8D, 0x5B8D, 0x536C, 
0x536C, 0x538C, 0x538C, 0x536C, 0x536C, 0x536C, 0x536C, 0x536C, 
0x536C, 0x534C, 0x534C, 0x534C, 0x532B, 0x532B, 0x532B, 0x4B2B, 
0x532B, 0x4B2B, 0x4B0B, 0x4B2B, 0x4B0B, 0x4B0B, 0x4B0B, 0x4B0B, 
0x4B0B, 0x4B0B, 0x4AEA, 0x4B0B, 0x4AEA, 0x42EA, 0x42EA, 0x42EA, 
0x42EA, 0x42CA, 0x42CA, 0x42CA, 0x42CA, 0x42AA, 0x42AA, 0x42A9, 
0x42A9, 0x42A9, 0x42A9, 0x42A9, 0x4289, 0x4289, 0x4289, 0x4289, 
0x4269, 0x4269, 0x4269, 0x4268, 0x4268, 0x3A48, 0x3A48, 0x3A48, 
0x95B5, 0x9DD5, 0x9DF6, 0xA616, 0xAE17, 0xAE37, 0xB657, 0xB637, 
0xB657, 0xB658, 0xB658, 0xB658, 0xB658, 0xB657, 0xB637, 0xAE37, 
0xAE37, 0xA616, 0xA5F6, 0x9DD5, 0x9DB5, 0x9595, 0x9594, 0x8D74, 
0x8D53, 0x8553, 0x8533, 0x8512, 0x7D12, 0x7CF2, 0x74F1, 0x7CF1, 
0x74F1, 0x74D1, 0x74D1, 0x74D1, 0x74D1, 0x74D1, 0x74D1, 0x74D1, 
0x74D1, 0x74D1, 0x74B1, 0x74D2, 0x74D1, 0x74B0, 0x74D0, 0x7CF2, 
0x5BCF, 0x324C, 0x5351, 0x5352, 0x5353, 0x5394, 0x5374, 0x53F5, 
0x53D5, 0x5C15, 0x5C15, 0x5C35, 0x6456, 0x5BF3, 0x5352, 0x6413, 
0x5C13, 0x42F0, 0xD6FC, 0xFFFF, 0xFFDD, 0xFFFF, 0x6415, 0x6C98, 
0x74B7, 0x7CF8, 0x6435, 0x4B52, 0x6414, 0x3ACE, 0x7473, 0x6C14, 
0x6C12, 0x84F5, 0x3B30, 0x6475, 0x6413, 0x53D2, 0x8536, 0x6C33, 
0x7C97, 0x6415, 0x5C34, 0x5C76, 0x6475, 0x5C14, 0x74B5, 0x7CD5, 
0x8D36, 0x8516, 0x74B5, 0x74B6, 0x6CD6, 0x6CF6, 0x74F6, 0x6CF6, 
0x74F6, 0x8D77, 0xBE9B, 0x9D97, 0xB619, 0x95D7, 0x7C74, 0x7413, 
0x9E18, 0x8DF7, 0x8577, 0x6D14, 0xAE79, 0xFFDF, 0xF7FD, 0xFFFF, 
0x6C12, 0x6454, 0x53F1, 0x3AAB, 0x5BAE, 0x6471, 0x6C93, 0x64D4, 
0x7596, 0x7D97, 0xC6BB, 0xFFFF, 0xFFFE, 0xEFBE, 0xA619, 0x8D98, 
0xA618, 0x9E18, 0x8DB7, 0x8DD7, 0x8DB9, 0x8578, 0x8DD8, 0x9618, 
0x9DF9, 0x95D8, 0x8599, 0x8599, 0x85B8, 0x95F8, 0x9598, 0x95B9, 
0x8DB8, 0x7D98, 0x7D98, 0x85B8, 0x8DD8, 0x95F9, 0x8598, 0x7516, 
0x95D9, 0x8DB9, 0x8579, 0x6D16, 0x7558, 0x7DB9, 0x74F8, 0x5353, 
0x4250, 0x3A2F, 0x52D2, 0x4291, 0x298E, 0x39EF, 0x4210, 0x39EF, 
0x4250, 0x29CD, 0x7415, 0x73D5, 0x4A51, 0x4AF0, 0x536D, 0x5B8B, 
0x538C, 0x536C, 0x4B4B, 0x536C, 0x536C, 0x536C, 0x536C, 0x536C, 
0x536C, 0x534C, 0x534C, 0x532B, 0x532B, 0x532B, 0x4B2B, 0x532B, 
0x4B2B, 0x4B2B, 0x4B0B, 0x4B0B, 0x4B0B, 0x4B0B, 0x4B0B, 0x4B0B, 
0x4B0B, 0x4B0B, 0x4B0B, 0x4AEA, 0x4AEA, 0x4AEA, 0x42EA, 0x42CA, 
0x42EA, 0x42CA, 0x42CA, 0x42AA, 0x42CA, 0x42A9, 0x42AA, 0x42A9, 
0x42A9, 0x42A9, 0x4289, 0x42A9, 0x4289, 0x4289, 0x4289, 0x4269, 
0x4269, 0x4268, 0x4269, 0x3A48, 0x4268, 0x3A48, 0x3A48, 0x3A48, 
0x95B5, 0x9DD5, 0x9DF6, 0xA616, 0xA616, 0xAE37, 0xAE57, 0xB637, 
0xB657, 0xB658, 0xB658, 0xB658, 0xB657, 0xB657, 0xB637, 0xAE37, 
0xAE37, 0xA616, 0xA5F6, 0x9DD5, 0x9DB5, 0x95B5, 0x9594, 0x8D74, 
0x8D53, 0x8553, 0x8533, 0x8512, 0x7D12, 0x7D12, 0x74F1, 0x74F1, 
0x74D1, 0x74D1, 0x74D1, 0x74D1, 0x74D1, 0x74D1, 0x74D1, 0x74D1, 
0x74D1, 0x74D1, 0x74B1, 0x74D1, 0x74D0, 0x7CD1, 0x7CD2, 0x5BB0, 
0x328D, 0x3AAD, 0x4B11, 0x5353, 0x4B34, 0x5354, 0x5B94, 0x5BD6, 
0x53D5, 0x5BD5, 0x5C14, 0x6C76, 0x74B6, 0x4330, 0x4B32, 0x6C55, 
0x6CB7, 0x4B31, 0xD6FB, 0xF7FF, 0xFFFE, 0xFFFF, 0x6414, 0x6456, 
0x7496, 0x5BD2, 0x5371, 0x5371, 0x4310, 0x6413, 0xB69C, 0xF7DF, 
0xEF9E, 0xF7FF, 0x6C74, 0x4BB3, 0x53D4, 0xA597, 0xEFBE, 0xF7DE, 
0xDF7F, 0x7CF7, 0x5435, 0x5C34, 0x7475, 0xADF9, 0xE79E, 0xF7FF, 
0xFFFF, 0xFFFF, 0xDF7D, 0xC6DB, 0x7CF5, 0x6C95, 0x6CD6, 0x74F6, 
0x8557, 0xC6FB, 0xF7FF, 0xFFFE, 0xFFFF, 0xEFFF, 0xDEFC, 0xD6FD, 
0x8535, 0x9E18, 0x7CD5, 0x7D56, 0xAE59, 0xF7BF, 0xF7FD, 0xFFFF, 
0x84B4, 0x74B6, 0x4B70, 0x9D76, 0xEFBE, 0xE7BE, 0xF7DF, 0x4C53, 
0x7576, 0x8597, 0xC6BB, 0xFFFF, 0xFFFE, 0xE7BD, 0xBEBA, 0xDF5D, 
0xFFFF, 0xF7FF, 0xE7DE, 0x95F8, 0x8577, 0x7D57, 0xB6BA, 0xE7DE, 
0xE7DF, 0xDFBE, 0x9E3A, 0x7D98, 0x9E59, 0xEFDF, 0xEF9E, 0xE7DF, 
0xAE7A, 0x7557, 0x7D98, 0xBEFC, 0xEFDF, 0xEFBE, 0xBEDC, 0xB67A, 
0xEF9D, 0xF7FF, 0x8599, 0x7538, 0x7558, 0x7D99, 0x7D59, 0x74D8, 
0x53D4, 0x4230, 0x4250, 0x5B33, 0x4250, 0x39EF, 0x3A0F, 0x422F, 
0x31EE, 0x8477, 0x6373, 0x4250, 0x39CF, 0x4251, 0x4ACF, 0x534C, 
0x5B8B, 0x536C, 0x538C, 0x536C, 0x536C, 0x536C, 0x536C, 0x536C, 
0x536C, 0x534C, 0x534C, 0x534C, 0x532B, 0x532B, 0x4B2B, 0x4B2B, 
0x4B2B, 0x4B0B, 0x4B2B, 0x4B0B, 0x4B0B, 0x4B0B, 0x4B0B, 0x4B0B, 
0x4B0B, 0x4AEA, 0x4AEA, 0x4AEA, 0x4AEA, 0x4AEA, 0x42EA, 0x42CA, 
0x42CA, 0x42CA, 0x42CA, 0x42AA, 0x42AA, 0x42A9, 0x42A9, 0x42A9, 
0x42A9, 0x42A9, 0x4289, 0x42A9, 0x4289, 0x4289, 0x4289, 0x4289, 
0x4269, 0x4268, 0x4269, 0x3A48, 0x4268, 0x3A48, 0x3A48, 0x3A48, 
0x95B5, 0x9DD5, 0x9DF6, 0xA5F6, 0xA616, 0xAE37, 0xAE37, 0xB637, 
0xB657, 0xB658, 0xB658, 0xB658, 0xB657, 0xB658, 0xB637, 0xAE37, 
0xAE37, 0xAE16, 0xA5F6, 0x9DD6, 0x9DB5, 0x95B5, 0x9594, 0x8D74, 
0x8D53, 0x8553, 0x8533, 0x8512, 0x7D12, 0x7D12, 0x74F1, 0x74D1, 
0x74F1, 0x74D1, 0x74D1, 0x74D1, 0x74D1, 0x74D1, 0x74D1, 0x74D1, 
0x74B1, 0x74B1, 0x74D1, 0x74B0, 0x74D1, 0x7CF2, 0x5BF1, 0x328D, 
0x42D0, 0x63F2, 0x3AAF, 0x42D1, 0x5B75, 0x4B34, 0x5354, 0x53B6, 
0x53B5, 0x5C16, 0x5BF4, 0x53B2, 0x432F, 0x4350, 0x5BF5, 0x5BF5, 
0x6477, 0x6C35, 0xDF3C, 0xF7FF, 0xF7FF, 0xFFFF, 0x9557, 0x9579, 
0x9D99, 0x7C72, 0x8CF6, 0x7CB5, 0x4B30, 0x5BD2, 0x6C75, 0xFFFF, 
0xFFDD, 0xFFFE, 0xC6DC, 0x5BD3, 0x4312, 0xFFFF, 0xF7DD, 0xFFFE, 
0xBE7A, 0x6434, 0x5456, 0x6434, 0xB65A, 0xFFFF, 0xFFFE, 0xFFFF, 
0xFFFF, 0xFFFF, 0xFFDE, 0xFFFF, 0xCEFB, 0x7CF5, 0x64D6, 0x84F5, 
0xD73C, 0xFFFF, 0xF7DE, 0xF7FE, 0xEFDF, 0xFFFE, 0xFFFF, 0xFFFF, 
0xA619, 0x5BF1, 0x8D16, 0x8597, 0xB67A, 0xF79E, 0xFFFD, 0xFFFF, 
0x9536, 0x7D17, 0x32ED, 0xA556, 0xFFFF, 0xF7DE, 0xFFFF, 0x4C53, 
0x7577, 0x7D97, 0xBE9B, 0xFFFF, 0xFFFE, 0xEFDD, 0xEFFE, 0xFFFF, 
0xFFDD, 0xFFDD, 0xFFDE, 0xD77D, 0x8DB8, 0x7D77, 0xBE9A, 0xFFFF, 
0xF7BE, 0xEFBE, 0x9E19, 0x7597, 0x9DF7, 0xFFFF, 0xFFBE, 0xF7DE, 
0xAE39, 0x7537, 0x85B9, 0xCF1C, 0xFFDE, 0xFFFD, 0xE79E, 0xEFDF, 
0xFFDC, 0xF7BE, 0x8DBA, 0x7D79, 0x7D99, 0x7559, 0x6D38, 0x85BA, 
0x6CF7, 0x52F3, 0x3A30, 0x4271, 0x6313, 0x4230, 0x3A0F, 0x320E, 
0x5B33, 0x73F6, 0x3A0F, 0x31EE, 0x31EE, 0x3A4E, 0x4291, 0x4AB1, 
0x5B8D, 0x536A, 0x538C, 0x536C, 0x536C, 0x536C, 0x534C, 0x534C, 
0x536C, 0x534C, 0x534C, 0x534C, 0x532B, 0x532B, 0x532B, 0x4B2B, 
0x4B2B, 0x4B0B, 0x4B0B, 0x4B0B, 0x4B0B, 0x4B0B, 0x4B0B, 0x4B0B, 
0x4B0B, 0x4B0B, 0x4AEA, 0x4AEA, 0x4AEA, 0x42EA, 0x42EA, 0x42EA, 
0x42CA, 0x42CA, 0x42CA, 0x42CA, 0x42A9, 0x42AA, 0x42A9, 0x42A9, 
0x42A9, 0x42A9, 0x4289, 0x42A9, 0x4289, 0x4289, 0x4289, 0x4289, 
0x4269, 0x4268, 0x4269, 0x3A48, 0x4268, 0x3A48, 0x3A48, 0x3A48, 
0x9594, 0x9DB5, 0x9DD5, 0xA5F6, 0xA616, 0xAE17, 0xAE37, 0xB637, 
0xB637, 0xB658, 0xB657, 0xB658, 0xB657, 0xB658, 0xB657, 0xB637, 
0xAE37, 0xAE17, 0xA616, 0x9DD6, 0x9DD5, 0x95B5, 0x9594, 0x8D94, 
0x8D73, 0x8553, 0x8533, 0x8512, 0x7D12, 0x7D12, 0x74F1, 0x74D1, 
0x74D1, 0x74D1, 0x74D1, 0x74D1, 0x74D1, 0x74D1, 0x74D1, 0x74B1, 
0x74B1, 0x74D1, 0x74B1, 0x74D1, 0x74D2, 0x5BF0, 0x2A4C, 0x4B11, 
0x5B74, 0x6C34, 0x63F4, 0x328F, 0x42F1, 0x5B74, 0x5335, 0x5395, 
0x5374, 0x6416, 0x53B3, 0x4330, 0x4330, 0x5C54, 0x6C36, 0x6436, 
0x6477, 0x6415, 0xDF5D, 0xF7FF, 0xF7BE, 0xFFFF, 0xEFDF, 0xF7FF, 
0xFFFF, 0xFFFF, 0xFFFF, 0xB63A, 0x6C33, 0x5BB2, 0x4B92, 0xB619, 
0xFFFF, 0xFFFE, 0xE7BE, 0x84F5, 0xAE1A, 0xFFFF, 0xF7FE, 0xF7FF, 
0x6C13, 0x6414, 0x5C54, 0x84D6, 0xEFFF, 0xFFFE, 0xFFFE, 0xB5F8, 
0x6C12, 0xA5B7, 0xF7FF, 0xFFDD, 0xF7FF, 0xA5F8, 0x64B6, 0xADD7, 
0xFFFF, 0xEFBD, 0xF7FF, 0xAE39, 0x7536, 0xB618, 0xFFFF, 0xFFBE, 
0xE77D, 0x6C52, 0x9DB8, 0x95F9, 0xB69B, 0xF79F, 0xF7DD, 0xFFFE, 
0x9DD8, 0x5C53, 0x438F, 0xA556, 0xFFFF, 0xF7DE, 0xFFFF, 0x5493, 
0x7576, 0x7D56, 0xBE9A, 0xFFFF, 0xF7FE, 0xFFFE, 0xC6FC, 0x8D97, 
0xBE99, 0xFFFF, 0xFFDE, 0xEFBE, 0x9E5A, 0x85B8, 0xBE9A, 0xFFFF, 
0xFFDE, 0xF7BE, 0x9E19, 0x7598, 0x9DD8, 0xFFFF, 0xFFBE, 0xF7FE, 
0xAE5A, 0x7578, 0x85BA, 0xCF1C, 0xFFFE, 0xFFBD, 0xF7FF, 0xF7FF, 
0xEFBE, 0xD77E, 0x85B9, 0x7D79, 0x7558, 0x7518, 0x7559, 0x7559, 
0x7DBA, 0x6477, 0x4332, 0x3A2F, 0x4230, 0x4230, 0x4250, 0x5332, 
0x7C36, 0x39EF, 0x39EF, 0x4250, 0x29CD, 0x9D57, 0x52F4, 0x3A12, 
0x4AEF, 0x536D, 0x534D, 0x536C, 0x536C, 0x534C, 0x534C, 0x536C, 
0x4B4C, 0x534C, 0x534C, 0x534C, 0x532B, 0x532B, 0x532B, 0x4B2B, 
0x4B2B, 0x4B0B, 0x4B0B, 0x4B0B, 0x4B0B, 0x4B0B, 0x4B0B, 0x4B0B, 
0x4AEA, 0x4AEA, 0x4AEA, 0x4AEA, 0x42EA, 0x42EA, 0x42CA, 0x42CA, 
0x42CA, 0x42AA, 0x42CA, 0x42A9, 0x42AA, 0x42A9, 0x42A9, 0x42A9, 
0x42A9, 0x42A9, 0x4289, 0x42A9, 0x4289, 0x4289, 0x4289, 0x4289, 
0x4269, 0x4268, 0x4269, 0x3A48, 0x4268, 0x3A48, 0x3A48, 0x3A48, 
0x9595, 0x9DB5, 0x9DD5, 0xA5F6, 0xA616, 0xAE16, 0xAE37, 0xB637, 
0xB657, 0xB658, 0xB657, 0xB658, 0xB657, 0xB658, 0xB657, 0xB637, 
0xAE37, 0xAE16, 0xA616, 0x9DD6, 0x9DD5, 0x95B5, 0x9594, 0x8D94, 
0x8D74, 0x8553, 0x8533, 0x8512, 0x7D12, 0x7D12, 0x7CF2, 0x74D1, 
0x74D1, 0x74D1, 0x74D1, 0x74D1, 0x74D1, 0x74D1, 0x74B1, 0x74B1, 
0x74D1, 0x74B1, 0x74B0, 0x74D1, 0x5BEF, 0x32AC, 0x4B31, 0x5B93, 
0x5333, 0x4331, 0x5391, 0x6413, 0x3A8F, 0x4B13, 0x5B56, 0x5395, 
0x6C37, 0x5394, 0x3AB0, 0x5BD3, 0x6C55, 0x5C35, 0x6436, 0x6456, 
0x5C56, 0x5C15, 0xD73C, 0xFFFE, 0xFFDE, 0xFFDE, 0xFFFF, 0xFFFE, 
0xFFFF, 0xFFFE, 0xFFFF, 0xC67A, 0x5370, 0x6434, 0x4BB2, 0x6414, 
0xE77E, 0xFFDD, 0xFFFF, 0xCEDB, 0xE77D, 0xFFDE, 0xF7FF, 0xA5FA, 
0x53B5, 0x6436, 0x5C33, 0xA598, 0xFFFF, 0xF7BD, 0xE79D, 0x7CF5, 
0x5C56, 0x74D5, 0xDF5D, 0xFFFF, 0xFFFF, 0xBE9A, 0x6C94, 0x9DB8, 
0xCF1C, 0xDF3C, 0xCF3C, 0x8DB8, 0x6D58, 0x95B8, 0xF7FF, 0xFFFE, 
0xEF9E, 0x9598, 0x74D4, 0x6453, 0xAE19, 0xFFBF, 0xF7FD, 0xFFFF, 
0x8D35, 0x6493, 0x5410, 0xA5B6, 0xFFFF, 0xF7DE, 0xFFFF, 0x5CD4, 
0x6D76, 0x7556, 0xBE9A, 0xFFFF, 0xF7FE, 0xF79E, 0xA65A, 0x75B9, 
0x85F8, 0xDFBE, 0xFFDE, 0xFFDE, 0xB6DB, 0x6D56, 0xBE9B, 0xFFDF, 
0xFFDF, 0xF79E, 0x95D9, 0x7599, 0x9DF9, 0xFFFF, 0xF7DE, 0xEFFF, 
0xAE7B, 0x7579, 0x7D79, 0xC6FC, 0xFFFE, 0xF7DE, 0xF7FF, 0xC6DB, 
0x8578, 0x7558, 0x7579, 0x7559, 0x6D18, 0x7D79, 0x7D59, 0x7538, 
0x7538, 0x759B, 0x6CD8, 0x5354, 0x420F, 0x41EF, 0x4A91, 0x7C76, 
0x31EE, 0x39EF, 0x39CF, 0x4250, 0x84D8, 0x4230, 0x426E, 0x6BB3, 
0x4250, 0x4AD0, 0x532E, 0x536B, 0x534C, 0x536C, 0x536C, 0x534C, 
0x4B4C, 0x534C, 0x534C, 0x534C, 0x532B, 0x532B, 0x532B, 0x4B2B, 
0x4B0B, 0x4B0B, 0x4B0B, 0x4B0B, 0x4B0B, 0x4B0B, 0x4B0B, 0x4AEA, 
0x4B0B, 0x4AEA, 0x4AEA, 0x42EA, 0x4AEA, 0x42EA, 0x42EA, 0x42CA, 
0x42CA, 0x42AA, 0x42CA, 0x42A9, 0x42AA, 0x42A9, 0x42A9, 0x42A9, 
0x42A9, 0x42A9, 0x4289, 0x42A9, 0x4289, 0x4289, 0x4289, 0x4289, 
0x4269, 0x4268, 0x4269, 0x3A48, 0x4268, 0x3A48, 0x3A48, 0x3A48, 
0x9594, 0x95B5, 0x9DD5, 0x9DF6, 0xA5F6, 0xAE16, 0xAE37, 0xB637, 
0xB637, 0xB657, 0xB658, 0xB658, 0xB658, 0xB678, 0xB657, 0xB637, 
0xAE37, 0xAE17, 0xA616, 0xA5F6, 0x9DD6, 0x9DB5, 0x9594, 0x9574, 
0x8D74, 0x8D53, 0x8533, 0x8532, 0x8512, 0x7CF2, 0x7CF1, 0x74F1, 
0x74D1, 0x74D1, 0x74D1, 0x74D1, 0x74B1, 0x74F1, 0x74D1, 0x74D1, 
0x74B1, 0x74D1, 0x7CF1, 0x74B6, 0x4B50, 0x430D, 0x6414, 0x5335, 
0x4B33, 0x42EF, 0x5B93, 0x7496, 0x63F1, 0x326E, 0x5316, 0x5354, 
0x7CB6, 0x42EE, 0x3AEF, 0x53B4, 0x6416, 0x5C16, 0x5C36, 0x6435, 
0x5C36, 0x5C15, 0xD75D, 0xEFDE, 0xF7DE, 0xFFFF, 0x8D15, 0xADF9, 
0xA577, 0xA5B7, 0xAE19, 0x9D78, 0x5371, 0x5392, 0x6C55, 0x53D3, 
0x9577, 0xF7FF, 0xFFDE, 0xFFDE, 0xF7DE, 0xFFFE, 0xDF5E, 0x6C76, 
0x5C76, 0x5C34, 0x5C13, 0xBE5A, 0xFFFF, 0xFFFE, 0xDF7D, 0x74B5, 
0x6496, 0x6CD5, 0x9DF9, 0xAE5B, 0xB65B, 0x9DB8, 0x74B4, 0x6D18, 
0x6C95, 0x9598, 0xC6DB, 0xC6BB, 0xBEBB, 0xC6BB, 0xFFFF, 0xF7FE, 
0xF79E, 0x9576, 0x7CF5, 0x5C12, 0x9576, 0xFFBF, 0xF7FD, 0xFFFF, 
0x95B6, 0x7D37, 0x5431, 0xA5D7, 0xFFFF, 0xF7FE, 0xFFFF, 0x4B90, 
0x6CD6, 0x7D77, 0xB69A, 0xFFFF, 0xFFDE, 0xEF9D, 0x9DF9, 0x75B9, 
0x8DD8, 0xD75C, 0xFFDE, 0xFFFE, 0xB6BB, 0x6536, 0xB69B, 0xFFFF, 
0xF7FE, 0xEFBE, 0x961A, 0x7DB9, 0x9DF9, 0xFFFF, 0xF7FE, 0xF7FF, 
0xAE7B, 0x7559, 0x7559, 0xC71C, 0xFFFE, 0xF7FF, 0xDF9E, 0x8D78, 
0x7559, 0x7D7A, 0x7559, 0x7D58, 0x7D58, 0x7D58, 0x7518, 0x7538, 
0x7518, 0x6D7A, 0x859B, 0x7CF9, 0x322F, 0x39EF, 0x41CF, 0x422F, 
0x3A0F, 0x31CE, 0x4270, 0x7C36, 0x4AF1, 0x31EE, 0x6393, 0x7C55, 
0x29CD, 0x426F, 0x4AB0, 0x534E, 0x536A, 0x534B, 0x534D, 0x4B2B, 
0x536B, 0x532B, 0x532B, 0x532B, 0x532B, 0x4B2B, 0x4B2B, 0x4B0B, 
0x4B2B, 0x4B0B, 0x4B0B, 0x4B0B, 0x4B0B, 0x4B0B, 0x4B0B, 0x4AEA, 
0x4B0B, 0x4AEA, 0x4AEA, 0x4AEA, 0x42EA, 0x42EA, 0x42EA, 0x42CA, 
0x42CA, 0x42AA, 0x42CA, 0x42AA, 0x42A9, 0x42A9, 0x42A9, 0x42A9, 
0x42A9, 0x42A9, 0x4289, 0x42A9, 0x4289, 0x4289, 0x4289, 0x4269, 
0x4269, 0x4268, 0x4268, 0x4268, 0x4268, 0x3A48, 0x3A48, 0x3A48, 
0x9594, 0x95B5, 0x9DB5, 0x9DD6, 0xA5F6, 0xAE16, 0xAE37, 0xB637, 
0xB637, 0xB637, 0xB658, 0xB658, 0xB657, 0xB658, 0xB657, 0xB637, 
0xAE37, 0xAE37, 0xA616, 0xA5F6, 0xA5D6, 0x9DB5, 0x9594, 0x9594, 
0x8D74, 0x8D53, 0x8D53, 0x8532, 0x8512, 0x7CF2, 0x7CF1, 0x74F1, 
0x74F1, 0x74D1, 0x74D1, 0x74B1, 0x74B1, 0x74D1, 0x74D1, 0x6CB0, 
0x74D1, 0x74D2, 0x6410, 0x32AE, 0x4B70, 0x5BD4, 0x4B33, 0x4B52, 
0x4311, 0x6C13, 0x5374, 0x5335, 0x5BB3, 0x5BB1, 0x3AAE, 0x5312, 
0x326D, 0x4B2F, 0x5BD4, 0x5BD6, 0x5BD6, 0x5C17, 0x5C37, 0x6436, 
0x6478, 0x5C36, 0xDF5C, 0xF7FF, 0xF7DE, 0xFFFF, 0x4B50, 0x4310, 
0x63D3, 0x5BB2, 0x5391, 0x6433, 0x6434, 0x5BD3, 0x53B2, 0x6454, 
0x6412, 0xD6FC, 0xFFFF, 0xFFDE, 0xFFFE, 0xF7DE, 0x9D78, 0x6435, 
0x5434, 0x6474, 0x5BF4, 0xC69B, 0xFFFE, 0xFFFE, 0xDF7D, 0x74B5, 
0x6434, 0x6CB5, 0x6C75, 0x6C75, 0x6C75, 0x74B5, 0x74B5, 0x6C94, 
0x9DB8, 0xE7BE, 0xFFFF, 0xF7FF, 0xFFFF, 0xF7FF, 0xF7BE, 0xF7FE, 
0xF7BE, 0x9597, 0x4350, 0x74B5, 0xAE19, 0xFFBE, 0xF7DD, 0xFFFF, 
0xA5F8, 0x6CB5, 0x4C10, 0x9D76, 0xFFFF, 0xF7BE, 0xFFFF, 0x5370, 
0x6495, 0x85D9, 0xBEDB, 0xF7FE, 0xF7DE, 0xEFBE, 0x95F9, 0x7578, 
0x8D97, 0xDF5D, 0xFFFE, 0xFFFE, 0xB6BB, 0x6D57, 0xB6BB, 0xFFFF, 
0xF7FE, 0xEFBE, 0x963A, 0x7D99, 0x9DF9, 0xFFFF, 0xFFFE, 0xF7FF, 
0xAE5A, 0x7558, 0x7D79, 0xCF3D, 0xFFFE, 0xF7FE, 0xD75D, 0x8D99, 
0x7D9A, 0x7559, 0x7538, 0x7D79, 0x7D79, 0x7D59, 0x7538, 0x7559, 
0x7D79, 0x7D5A, 0x74F9, 0x6436, 0x4B12, 0x3A30, 0x4270, 0x39AE, 
0x3A0F, 0x4AB1, 0x6BF5, 0x5B53, 0x29ED, 0x6BD5, 0x7C56, 0x21AD, 
0x73F5, 0x6BD3, 0x3A2F, 0x42AE, 0x530D, 0x5B8B, 0x536A, 0x534C, 
0x4B0B, 0x532B, 0x532B, 0x4B2B, 0x532B, 0x4B2B, 0x4B2B, 0x4B0B, 
0x4B2B, 0x4B0B, 0x4B0B, 0x4B0B, 0x4B0B, 0x4B0B, 0x4B0B, 0x4AEA, 
0x4AEA, 0x4AEA, 0x42EA, 0x42EA, 0x42EA, 0x42CA, 0x42EA, 0x42CA, 
0x42CA, 0x42AA, 0x42CA, 0x42A9, 0x42A9, 0x42AA, 0x42AA, 0x42A9, 
0x42A9, 0x42A9, 0x4289, 0x4289, 0x4289, 0x4289, 0x4289, 0x4289, 
0x4268, 0x4268, 0x4268, 0x3A48, 0x4268, 0x3A48, 0x3A48, 0x3A48, 
0x9594, 0x9595, 0x9DB5, 0x9DD5, 0xA5F6, 0xA616, 0xAE37, 0xAE37, 
0xB637, 0xB657, 0xB657, 0xB658, 0xB657, 0xB658, 0xB657, 0xB657, 
0xAE37, 0xAE37, 0xA616, 0xA5F6, 0xA5F6, 0x9DB5, 0x9DB5, 0x9594, 
0x8D74, 0x8D53, 0x8D53, 0x8533, 0x8512, 0x7CF2, 0x7CF1, 0x74F1, 
0x74F1, 0x74D1, 0x74D1, 0x74D1, 0x74B1, 0x74B0, 0x74D0, 0x74D0, 
0x74D2, 0x5C11, 0x32AD, 0x4B70, 0x53D3, 0x5377, 0x4B54, 0x4B50, 
0x5BD4, 0x5355, 0x5353, 0x4B32, 0x4B31, 0x7CB5, 0x7493, 0x42EF, 
0x63D2, 0x5B93, 0x5B76, 0x5B96, 0x5BD5, 0x5BF6, 0x5C37, 0x6C36, 
0x6457, 0x5C35, 0xDF5C, 0xFFFE, 0xF7DE, 0xFFFF, 0x3ACF, 0x53D3, 
0x5BF3, 0x6455, 0x53F3, 0x53D2, 0x6434, 0x6454, 0x53B2, 0x4BD3, 
0x6C33, 0xDF1C, 0xFFFF, 0xF7DE, 0xFFDE, 0xF7DF, 0x9D57, 0x5BD3, 
0x6455, 0x6475, 0x5BF4, 0xC69B, 0xFFFF, 0xFFDD, 0xE77D, 0x74B5, 
0x6454, 0x6C96, 0x6C54, 0x7475, 0x6C74, 0x7495, 0x6C96, 0x9D35, 
0xEFBE, 0xFFFE, 0xF7BE, 0xE75D, 0xC6BA, 0xCEFC, 0xF7DF, 0xEFDE, 
0xEF9E, 0x9DF9, 0x6474, 0x7CF6, 0xB67A, 0xFFBE, 0xF7FE, 0xFFFF, 
0xA638, 0x6495, 0x4C31, 0xA5D7, 0xFFFF, 0xF7DE, 0xFFFF, 0x3ACE, 
0x5C54, 0x6CF6, 0xB659, 0xFFFF, 0xFFDE, 0xEFBE, 0x95F9, 0x6D78, 
0x8DD9, 0xDF7D, 0xFFFF, 0xFFFE, 0xBEBB, 0x7598, 0xB6BC, 0xFFDF, 
0xF7FE, 0xEFBE, 0x961A, 0x7558, 0x9DF9, 0xFFFF, 0xFFFE, 0xF7DF, 
0xA61A, 0x7559, 0x7D9A, 0xCF1D, 0xFFFE, 0xFFFE, 0xDF5D, 0x8D99, 
0x7559, 0x7559, 0x7D79, 0x757A, 0x6D59, 0x6D59, 0x6D38, 0x7D79, 
0x7D9A, 0x74D8, 0x5C36, 0x4B73, 0x5BF5, 0x6C57, 0x4332, 0x4A30, 
0x31AE, 0x5B13, 0x73D5, 0x21AD, 0x7C57, 0x6393, 0x31EF, 0x6393, 
0x63B3, 0x5B13, 0x5B72, 0x42B0, 0x5B33, 0x4B0C, 0x5348, 0x534C, 
0x536C, 0x532B, 0x532B, 0x4B2B, 0x532B, 0x4B2B, 0x4B2B, 0x4B0B, 
0x4B2B, 0x4B0B, 0x4B0B, 0x4B0B, 0x4B0B, 0x4B0B, 0x4B0B, 0x4B0B, 
0x4AEA, 0x4AEA, 0x42EA, 0x42EA, 0x42EA, 0x42CA, 0x42CA, 0x42CA, 
0x42CA, 0x42AA, 0x42AA, 0x42A9, 0x42AA, 0x42A9, 0x42A9, 0x42A9, 
0x42A9, 0x42A9, 0x42A9, 0x4289, 0x3A89, 0x4289, 0x4289, 0x4289, 
0x4268, 0x4268, 0x4268, 0x3A48, 0x4268, 0x3A48, 0x3A48, 0x3A48, 
0x9594, 0x9595, 0x9DB5, 0x9DD5, 0xA5F6, 0xA616, 0xAE17, 0xAE17, 
0xB637, 0xB657, 0xB657, 0xB658, 0xB657, 0xB658, 0xB657, 0xB657, 
0xB637, 0xAE37, 0xAE16, 0xA616, 0xA5F6, 0x9DD5, 0x9DB5, 0x9594, 
0x9574, 0x8D73, 0x8D53, 0x8533, 0x8512, 0x7D12, 0x7CF2, 0x74F1, 
0x74F1, 0x74D1, 0x74D1, 0x74D1, 0x74B1, 0x74B1, 0x74D1, 0x74D1, 
0x5BF0, 0x3AEE, 0x5392, 0x5BF3, 0x5395, 0x5374, 0x4B51, 0x5BD3, 
0x5B94, 0x5356, 0x42F1, 0x5BD2, 0x84D6, 0x6414, 0x5BD3, 0x4B4F, 
0x63F3, 0x4B12, 0x5B97, 0x5B97, 0x5BB5, 0x5BF6, 0x5C16, 0x6415, 
0x6437, 0x5C15, 0xDF3D, 0xFFFF, 0xF7BE, 0xFFFF, 0x4350, 0x5C14, 
0x53F3, 0x53F3, 0x6434, 0x53F3, 0x53D2, 0x6454, 0x6C55, 0x4BB3, 
0xA598, 0xF7DF, 0xF7FF, 0xFFFF, 0xFFDE, 0xFFFF, 0xD6FC, 0x7454, 
0x6435, 0x6C56, 0x5C15, 0xBE7B, 0xFFFF, 0xFFFE, 0xE77D, 0x7474, 
0x6C74, 0x6C75, 0x7CD6, 0x84F6, 0x84F6, 0x8517, 0x6476, 0xBE39, 
0xFFFF, 0xF7DE, 0xEFBE, 0xA5D8, 0x6CB6, 0x8D35, 0xFFFF, 0xEFFE, 
0xF7BE, 0x9E1A, 0x7538, 0x7D17, 0xA619, 0xF79E, 0xF7FE, 0xFFFF, 
0xAE18, 0x7517, 0x5C72, 0xA5D7, 0xFFFF, 0xF7DE, 0xFFFF, 0x4B70, 
0x6495, 0x6454, 0xB639, 0xFFFF, 0xF7DE, 0xEFBE, 0x8DD9, 0x7DFA, 
0x8598, 0xDF7E, 0xFFFF, 0xFFFE, 0xBEDC, 0x6D78, 0xB69B, 0xFFFF, 
0xF7FE, 0xEFBE, 0x8DF9, 0x6D38, 0x9DF9, 0xFFFF, 0xFFFE, 0xF7DF, 
0xAE3A, 0x7579, 0x7D9A, 0xC6FC, 0xFFFE, 0xFFFD, 0xDF5D, 0x8558, 
0x6D18, 0x757A, 0x7D59, 0x7539, 0x6D38, 0x6D59, 0x759A, 0x7D7A, 
0x7518, 0x6436, 0x4B73, 0x4B73, 0x74F9, 0x855A, 0x6CD8, 0x4AB2, 
0x3A30, 0x39CE, 0x31CE, 0x7416, 0x5B73, 0x322D, 0x52D2, 0x7C56, 
0x426F, 0x4291, 0x8CD7, 0x29CC, 0x4AD2, 0x5B32, 0x4B0B, 0x536A, 
0x536C, 0x532B, 0x532B, 0x4B2B, 0x532B, 0x4B2B, 0x4B2B, 0x4B0B, 
0x4B2B, 0x4B0B, 0x4B0B, 0x4B0B, 0x4B0B, 0x4B0B, 0x4B0B, 0x4AEA, 
0x4AEA, 0x4AEA, 0x4AEA, 0x42EA, 0x42EA, 0x42EA, 0x42CA, 0x42CA, 
0x42CA, 0x42AA, 0x42A9, 0x42AA, 0x42A9, 0x42A9, 0x42A9, 0x42A9, 
0x42A9, 0x42A9, 0x4289, 0x4289, 0x3A89, 0x4289, 0x4289, 0x4269, 
0x4269, 0x4268, 0x3A48, 0x4268, 0x3A48, 0x3A48, 0x3A48, 0x3A48, 
0x8D94, 0x9594, 0x95B5, 0x9DD5, 0x9DD6, 0xA5F6, 0xA616, 0xAE17, 
0xB637, 0xB637, 0xB657, 0xB657, 0xB657, 0xB658, 0xB658, 0xB637, 
0xB637, 0xAE37, 0xAE17, 0xA616, 0xA5F6, 0x9DD6, 0x9DB5, 0x9595, 
0x9594, 0x8D73, 0x8D53, 0x8533, 0x8512, 0x7D12, 0x7D12, 0x74F1, 
0x74F1, 0x74D1, 0x74D1, 0x74D1, 0x74B1, 0x74B1, 0x74B2, 0x7493, 
0x434F, 0x3AEF, 0x6C95, 0x6C96, 0x5395, 0x4350, 0x5C33, 0x53B5, 
0x4B74, 0x4B2F, 0x63D4, 0x5353, 0x63F6, 0x5B93, 0x4B30, 0x6C35, 
0x6C34, 0x326E, 0x5334, 0x5355, 0x5B95, 0x5BD6, 0x5BF6, 0x6C36, 
0x6C58, 0x5BD4, 0xDF1C, 0xF7BE, 0xFFDE, 0xFFFF, 0x5BB1, 0x4B71, 
0x6413, 0x4B4F, 0x53B1, 0x6C74, 0x4B92, 0x53D3, 0x5C14, 0x74B5, 
0xE79E, 0xFFFF, 0xEFBE, 0xBEBB, 0xEFBE, 0xFFDE, 0xFFFF, 0xADF8, 
0x63D3, 0x6C35, 0x5BF4, 0xADF9, 0xFFFF, 0xFFFE, 0xDF7E, 0x7C94, 
0x6C33, 0x7C95, 0xD73D, 0xF7FF, 0xFFFF, 0xBEDC, 0x6476, 0xC6BB, 
0xEFDE, 0xF7FF, 0xDF5D, 0x7D17, 0x64F9, 0x9D76, 0xFFFF, 0xF7FE, 
0xF7BE, 0x9E19, 0x6CF7, 0x7516, 0xA639, 0xF7DF, 0xF7FE, 0xFFFF, 
0x7CD3, 0x7D37, 0x5CB3, 0xA5D7, 0xFFFF, 0xF7FE, 0xFFFF, 0x430E, 
0x5C13, 0x4B71, 0xBE39, 0xFFFF, 0xF7DE, 0xF7BE, 0x9E1A, 0x7599, 
0x8DB8, 0xDF5D, 0xFFFF, 0xFFFE, 0xB69B, 0x6D37, 0xAE7A, 0xFFFF, 
0xF7FE, 0xEF9E, 0x961A, 0x6D38, 0x9E19, 0xFFFF, 0xFFFE, 0xF7DF, 
0xAE5B, 0x7579, 0x7D79, 0xC6FC, 0xFFFE, 0xFFDD, 0xDF5D, 0x7D58, 
0x755A, 0x8579, 0x8557, 0x8517, 0x8558, 0x7D58, 0x7D79, 0x7519, 
0x6436, 0x4B73, 0x4B94, 0x74D8, 0x7D5A, 0x7539, 0x7D7A, 0x6456, 
0x42F2, 0x4291, 0x39CE, 0x52F2, 0x3A2F, 0x4291, 0x8CF6, 0x3A30, 
0x5B13, 0x8D16, 0x218D, 0x84B6, 0x6BD3, 0x4AB3, 0x5B53, 0x532B, 
0x534B, 0x532B, 0x532B, 0x4B2B, 0x532B, 0x4B2B, 0x4B2B, 0x4B0B, 
0x4B2B, 0x4B0B, 0x4B0B, 0x4B0B, 0x4B0B, 0x4AEA, 0x4B0B, 0x4AEA, 
0x4AEA, 0x42EA, 0x42EA, 0x42CA, 0x42EA, 0x42CA, 0x42CA, 0x42CA, 
0x42CA, 0x42A9, 0x42AA, 0x42A9, 0x42A9, 0x42A9, 0x42A9, 0x42A9, 
0x42A9, 0x4289, 0x4289, 0x3A89, 0x3A89, 0x4289, 0x4289, 0x4268, 
0x3A68, 0x4268, 0x4268, 0x3A48, 0x3A48, 0x3A48, 0x3A48, 0x3A28, 
0x8D94, 0x9594, 0x95B5, 0x9DD5, 0x9DD6, 0xA5F6, 0xA616, 0xAE37, 
0xB637, 0xB637, 0xB637, 0xB657, 0xB657, 0xBE58, 0xB658, 0xB637, 
0xB657, 0xB637, 0xAE17, 0xA616, 0xA5F6, 0x9DD6, 0x9DB5, 0x9595, 
0x9594, 0x8D74, 0x8D53, 0x8533, 0x8532, 0x7D12, 0x7D12, 0x74F1, 
0x74D1, 0x74D1, 0x74D1, 0x74B1, 0x74B0, 0x74B1, 0x6410, 0x430F, 
0x4B91, 0x6454, 0x4390, 0x6CB5, 0x5C11, 0x5BF3, 0x5BB6, 0x53B4, 
0x4331, 0x63F3, 0x63B6, 0x63B6, 0x42EE, 0x5390, 0x63F5, 0x63D6, 
0x7455, 0x5BD1, 0x3A8F, 0x5B74, 0x5B75, 0x5BD6, 0x5BF6, 0x6C36, 
0x53B6, 0x4332, 0xDF3C, 0xFFFF, 0xF7BE, 0xFFFF, 0x7C94, 0x8D57, 
0x84B4, 0x8CF4, 0x8CF5, 0x84F6, 0x74B6, 0x53F3, 0x4BD4, 0xBE9C, 
0xFFFF, 0xFFDE, 0xCEFC, 0x6412, 0xCEFC, 0xFFFE, 0xF7FE, 0xEFFF, 
0x6C14, 0x6415, 0x6434, 0x8D16, 0xFFFF, 0xFFFE, 0xEFDF, 0x9577, 
0x6413, 0x8CF6, 0xEFBE, 0xFFDD, 0xFFFE, 0xB659, 0x6434, 0xC67A, 
0xFFFF, 0xFFDE, 0xE77E, 0x8557, 0x5C97, 0xBE9A, 0xFFDF, 0xF7DD, 
0xF7BE, 0x9E19, 0x6CF7, 0x6CF6, 0xA639, 0xF7BF, 0xF7FE, 0xFFFF, 
0x9556, 0x7516, 0x64F4, 0xAE18, 0xFFFF, 0xF7DE, 0xFFFF, 0x3AEE, 
0x6454, 0x6C54, 0xBE19, 0xFFFF, 0xF7DE, 0xFFFE, 0xB69B, 0x6D37, 
0x95F9, 0xEFDF, 0xFFDE, 0xF7DE, 0xA61A, 0x6D37, 0xB69B, 0xFFFF, 
0xF7DE, 0xEFBF, 0x963B, 0x6D59, 0x9E1A, 0xFFFF, 0xFFFE, 0xF7DF, 
0xAE3A, 0x6D38, 0x7579, 0xCF1D, 0xFFFE, 0xFFFE, 0xD75D, 0x8599, 
0x757A, 0x8579, 0xC6FC, 0xDF3D, 0xCF1E, 0x95DA, 0x6CD7, 0x6457, 
0x5395, 0x4BB4, 0x6CD8, 0x7D5A, 0x7539, 0x7539, 0x64D8, 0x757A, 
0x6C97, 0x4AF2, 0x4230, 0x31CE, 0x3A0F, 0x9519, 0x29CE, 0x6393, 
0x73F5, 0x3A2F, 0x7C36, 0x6393, 0x4AD0, 0x4AF0, 0x5B32, 0x52F0, 
0x532D, 0x532B, 0x532B, 0x4B2B, 0x532B, 0x4B2B, 0x4B2B, 0x4B0B, 
0x4B2B, 0x4B0B, 0x4B0B, 0x4B0B, 0x4B0B, 0x4AEA, 0x4B0B, 0x4AEA, 
0x42EA, 0x4AEA, 0x42EA, 0x42CA, 0x42EA, 0x42CA, 0x42CA, 0x42CA, 
0x42CA, 0x42A9, 0x42AA, 0x42A9, 0x42A9, 0x42A9, 0x42A9, 0x42A9, 
0x42A9, 0x42A9, 0x4289, 0x3A89, 0x3A89, 0x4289, 0x3A69, 0x4268, 
0x3A68, 0x3A48, 0x3A48, 0x3A48, 0x3A48, 0x3A48, 0x3A48, 0x3A48, 
0x8D74, 0x9594, 0x95B5, 0x9DB5, 0x9DD6, 0xA5F6, 0xA616, 0xAE17, 
0xAE37, 0xB637, 0xB657, 0xB657, 0xB657, 0xB657, 0xB657, 0xB637, 
0xB637, 0xB637, 0xAE17, 0xAE16, 0xA5F6, 0xA5D6, 0x9DB5, 0x9595, 
0x9594, 0x8D74, 0x8D53, 0x8533, 0x8532, 0x7D12, 0x7CF2, 0x7CF3, 
0x7CF1, 0x74D1, 0x74D0, 0x74D1, 0x7CF1, 0x5BF2, 0x434F, 0x4350, 
0x5C16, 0x6C96, 0x6CB4, 0x2ACD, 0x6473, 0x74D7, 0x53B4, 0x4B51, 
0x6433, 0x63F4, 0x5394, 0x5373, 0x84F6, 0x6C14, 0x63B7, 0x5351, 
0x4B30, 0x8517, 0x7475, 0x3A90, 0x5B53, 0x5B75, 0x63D6, 0x6415, 
0x3AF0, 0x326D, 0xD6FB, 0xFFFE, 0xFFBE, 0xFFDE, 0xF7BE, 0xF7BE, 
0xF7BE, 0xF7DF, 0xF7BD, 0xF7FF, 0x7495, 0x53F3, 0x6C54, 0xFFFE, 
0xF7DD, 0xFFFF, 0x8D36, 0x53B1, 0x8558, 0xFFFF, 0xF7BD, 0xFFFE, 
0xB618, 0x63F2, 0x6475, 0x7C94, 0xDF7E, 0xFFFF, 0xF7DD, 0xDF3C, 
0xB618, 0xE73B, 0xF7DE, 0xFFFE, 0xE7BE, 0x9577, 0x6C54, 0xA597, 
0xFFFF, 0xFF9C, 0xF7DD, 0xD6BA, 0xBE7A, 0xF7FF, 0xFFDE, 0xFFDC, 
0xFFDE, 0xA5D8, 0x74F7, 0x6CD6, 0xAE19, 0xFFDF, 0xFFBE, 0xFFFF, 
0xA596, 0x6475, 0x53D0, 0xADF7, 0xFFFF, 0xFFBE, 0xFFFF, 0x3B70, 
0x6474, 0x6C54, 0xADD8, 0xFFFF, 0xFFDE, 0xF7FE, 0xDF9D, 0xBEBA, 
0xDF7D, 0xF7FE, 0xFFFE, 0xE7BE, 0x95D9, 0x7538, 0xB6BD, 0xFFFF, 
0xFFDC, 0xFFFF, 0xC6FC, 0xA61A, 0xCF3D, 0xF7FE, 0xF7DE, 0xF7DD, 
0xAE3A, 0x6D38, 0x7D99, 0xCEFC, 0xFFDC, 0xFFDD, 0xD73E, 0x85BB, 
0x6D3A, 0x8537, 0xE7BE, 0xFFFD, 0xEFBF, 0x8D38, 0x6437, 0x4B53, 
0x5394, 0x6CF9, 0x7D3A, 0x7519, 0x7539, 0x6CF9, 0x6CF9, 0x7539, 
0x7D5A, 0x6C97, 0x42F2, 0x3A2F, 0x41EF, 0x4290, 0x6374, 0x73F5, 
0x4AB0, 0x63B4, 0x7435, 0x3A4D, 0x3A4F, 0x8CD6, 0x428F, 0x52D2, 
0x5B72, 0x4AEC, 0x536A, 0x4B2B, 0x4B0D, 0x4B2B, 0x532B, 0x4B0B, 
0x4B0B, 0x4B0B, 0x4B0B, 0x4B0B, 0x4B0B, 0x4AEA, 0x4B0B, 0x4AEA, 
0x42EA, 0x4AEA, 0x42EA, 0x42CA, 0x42CA, 0x42CA, 0x42CA, 0x42CA, 
0x42CA, 0x42A9, 0x42AA, 0x42A9, 0x42A9, 0x42A9, 0x42A9, 0x42A9, 
0x4289, 0x4289, 0x4289, 0x4289, 0x4289, 0x4289, 0x3A89, 0x4269, 
0x3A68, 0x4268, 0x3A48, 0x3A48, 0x3A48, 0x3A48, 0x3A48, 0x3A28, 
0x8D73, 0x9594, 0x9594, 0x9DB5, 0x9DD6, 0xA5F6, 0xA616, 0xAE17, 
0xAE17, 0xB637, 0xB637, 0xB658, 0xB658, 0xB657, 0xB657, 0xB657, 
0xB637, 0xB637, 0xAE37, 0xAE16, 0xA5F6, 0xA5F6, 0x9DB5, 0x9D95, 
0x9594, 0x8D74, 0x8D53, 0x8533, 0x8532, 0x8512, 0x7CF2, 0x7CD2, 
0x7CF1, 0x7490, 0x7CF1, 0x7CF3, 0x6410, 0x3B30, 0x4351, 0x6475, 
0x53B4, 0x4BB3, 0x4BB1, 0x74D6, 0x4B91, 0x7D17, 0x5C14, 0x5BF3, 
0x74B6, 0x8539, 0x4B51, 0x4311, 0x6C16, 0x63F5, 0x5353, 0x5B71, 
0x6BF4, 0x6414, 0x7CD7, 0x5351, 0x42F0, 0x6BB5, 0x5373, 0x4311, 
0x74D6, 0x324B, 0xD73C, 0xFFFF, 0xFFFE, 0xFFFE, 0xFFFF, 0xFFFF, 
0xFFFE, 0xFFFF, 0xFFFE, 0xFFFF, 0x74D6, 0x5C34, 0xCF1E, 0xFFFE, 
0xFFFF, 0xD71D, 0x5BB1, 0x6434, 0x53F3, 0xE73C, 0xFFFF, 0xFFFF, 
0xF7DE, 0x8D16, 0x6434, 0x6C54, 0x9556, 0xE75D, 0xFFFF, 0xFFFF, 
0xF7FF, 0xFFFE, 0xFFFF, 0xE7BF, 0xAE1A, 0x6C54, 0x6C74, 0x7CD5, 
0xD6FC, 0xFFFF, 0xFFDE, 0xFFFF, 0xF7FF, 0xBE7A, 0xDF3C, 0xFFFE, 
0xEFDE, 0xAE5A, 0x6CB7, 0x64D6, 0xA5F9, 0xFFFF, 0xFFDE, 0xFFFF, 
0x9D96, 0x53F3, 0x5BF1, 0xADF8, 0xFFFF, 0xFFFF, 0xFFFF, 0x4391, 
0x6CB5, 0x6453, 0xAE19, 0xFFFF, 0xFFFF, 0xEF5D, 0xDEDB, 0xFFFF, 
0xFFFF, 0xF7BE, 0xFFDF, 0xB6FC, 0x7D57, 0x7559, 0x8DBA, 0xD77E, 
0xFFFE, 0xFFBD, 0xFFFF, 0xF7FF, 0xE77E, 0xFFFF, 0xFFFE, 0xF7FF, 
0xAE5B, 0x6D59, 0x7D9A, 0xCF3D, 0xFFFE, 0xFFFF, 0xDF7E, 0x7D7A, 
0x6D39, 0x8558, 0xE7BE, 0xFFFE, 0xF7FF, 0x84D8, 0x4334, 0x4B94, 
0x74B7, 0x7D5A, 0x753A, 0x7539, 0x6CF8, 0x6CF9, 0x7D5A, 0x7519, 
0x6CF8, 0x7D7A, 0x6477, 0x5333, 0x4250, 0x31CE, 0x6333, 0x52D1, 
0x4AB0, 0x84B7, 0x324E, 0x5311, 0x9D58, 0x31EE, 0x7416, 0x6BF3, 
0x4291, 0x63B1, 0x42AB, 0x5B8B, 0x534A, 0x4B0B, 0x4B2B, 0x4B0B, 
0x4B0B, 0x4B0B, 0x4B0B, 0x4B0B, 0x4B0B, 0x4AEA, 0x4B0B, 0x4AEA, 
0x42EA, 0x42EA, 0x42EA, 0x42CA, 0x42CA, 0x42CA, 0x42CA, 0x42CA, 
0x42AA, 0x42A9, 0x42AA, 0x42A9, 0x42A9, 0x42A9, 0x42A9, 0x4289, 
0x4289, 0x4289, 0x4289, 0x4289, 0x4289, 0x3A69, 0x3A89, 0x4269, 
0x3A68, 0x4268, 0x4268, 0x3A48, 0x3A48, 0x3A48, 0x3A48, 0x3A28, 
0x8D53, 0x9574, 0x9594, 0x9DB5, 0x9DD5, 0xA5F6, 0xA616, 0xAE17, 
0xAE17, 0xB637, 0xB637, 0xB657, 0xB657, 0xB657, 0xB657, 0xB657, 
0xB637, 0xB637, 0xAE37, 0xAE16, 0xA5F6, 0xA5F6, 0x9DD5, 0x9DB5, 
0x9594, 0x8D74, 0x8D53, 0x8553, 0x8533, 0x8512, 0x7CF2, 0x7D11, 
0x7CD1, 0x7CF2, 0x7CD3, 0x6411, 0x430E, 0x4B91, 0x5C15, 0x5BF5, 
0x53D3, 0x4BB2, 0x53F4, 0x74F7, 0x6CB6, 0x32CE, 0x6453, 0x74D6, 
0x5C14, 0x5394, 0x53B2, 0x6414, 0x63D6, 0x5374, 0x5350, 0x73D5, 
0x6BD5, 0x5BB3, 0x4310, 0x4B51, 0x53B2, 0x5311, 0x5BB3, 0x4310, 
0x4B71, 0x63D2, 0xB5F9, 0xBE7A, 0xB65A, 0xBE7A, 0xB63A, 0xB619, 
0xBE7A, 0xB67A, 0xC67A, 0xBE7A, 0x6C95, 0x7D17, 0xB659, 0xBE9A, 
0xBE9B, 0x84F6, 0x6C34, 0x6414, 0x5BF3, 0x8D16, 0xBE9B, 0xBE59, 
0xC69B, 0x9558, 0x6C55, 0x6C75, 0x6413, 0x8CF6, 0xBE5A, 0xCEFC, 
0xCEFC, 0xCEDB, 0xBE5A, 0x9558, 0x6413, 0x7496, 0x6C76, 0x6434, 
0x84F6, 0xCEDB, 0xDF3D, 0xCEFC, 0xA5F9, 0x6C95, 0xAE3A, 0xBEBB, 
0xC6BB, 0x9DD9, 0x6CB7, 0x64F7, 0x8D98, 0xBEBB, 0xC6DB, 0xBEDB, 
0x8DB8, 0x6C96, 0x53F1, 0x8514, 0xA596, 0xBE38, 0xBE99, 0x43B1, 
0x5C53, 0x6474, 0x8D98, 0xBEBB, 0xBE59, 0xA597, 0x8CF5, 0xB61A, 
0xD77E, 0xCF3D, 0xB69B, 0x7578, 0x7579, 0x7D9A, 0x7517, 0x95D9, 
0xB6BC, 0xD75D, 0xCF1D, 0xAE3B, 0x9598, 0xCF1D, 0xC6BB, 0xBEFC, 
0x961B, 0x755A, 0x7559, 0xA65B, 0xCF1C, 0xC6FC, 0xAE9B, 0x7559, 
0x6D59, 0x8599, 0xB6DC, 0xC69B, 0xB63B, 0x63F6, 0x4B74, 0x6CD8, 
0x7D9A, 0x753A, 0x7539, 0x6CF9, 0x7519, 0x7519, 0x7539, 0x74D8, 
0x6CF9, 0x7539, 0x7539, 0x6477, 0x3AD1, 0x4AB1, 0x31EE, 0x5AF2, 
0x8457, 0x31CD, 0x5B32, 0x7C55, 0x42B1, 0x6393, 0x63B3, 0x4AD2, 
0x6372, 0x5311, 0x5B53, 0x42CB, 0x4B27, 0x4B2B, 0x4B2C, 0x4B0B, 
0x4B0B, 0x4B0B, 0x4B0B, 0x4B0B, 0x4B0B, 0x4AEA, 0x4AEA, 0x42EA, 
0x4AEA, 0x42EA, 0x42EA, 0x42CA, 0x42CA, 0x42CA, 0x42CA, 0x42CA, 
0x42CA, 0x42A9, 0x42AA, 0x42A9, 0x42A9, 0x42A9, 0x42A9, 0x4289, 
0x4289, 0x4289, 0x4289, 0x4289, 0x4289, 0x3A69, 0x3A89, 0x4269, 
0x3A68, 0x4268, 0x4268, 0x3A48, 0x3A48, 0x3A48, 0x3A48, 0x3A28, 
0x8D53, 0x9574, 0x9594, 0x9DB5, 0x9DD5, 0xA5F6, 0xA616, 0xAE16, 
0xAE17, 0xB637, 0xB637, 0xB657, 0xB657, 0xB658, 0xB658, 0xB657, 
0xB657, 0xB637, 0xAE17, 0xAE17, 0xA616, 0xA5F6, 0x9DD5, 0x9DB5, 
0x9594, 0x8D74, 0x8D53, 0x8553, 0x8533, 0x8512, 0x7CF2, 0x7CF1, 
0x74D1, 0x7D13, 0x6412, 0x432F, 0x4B91, 0x6433, 0x5BF5, 0x53B4, 
0x4B91, 0x5C33, 0x5C16, 0x5C14, 0x5C13, 0x6454, 0x4BB0, 0x7CF6, 
0x6C55, 0x4B92, 0x6C36, 0x63D5, 0x5B94, 0x5351, 0x7455, 0x6BB6, 
0x6BF6, 0x4311, 0x53B2, 0x5BF3, 0x4B70, 0x324C, 0x63F3, 0x4310, 
0x4B51, 0x6C34, 0x5BB1, 0x53B3, 0x4B72, 0x5BD3, 0x5BD3, 0x53B3, 
0x5BF4, 0x5C13, 0x6412, 0x63F2, 0x53D2, 0x6C54, 0x6C53, 0x53D2, 
0x5BD3, 0x5BF3, 0x6C35, 0x6C34, 0x6C34, 0x6434, 0x6434, 0x5BD2, 
0x63F3, 0x6C13, 0x6C55, 0x6C55, 0x6C55, 0x6C34, 0x63D2, 0x6C13, 
0x7495, 0x7C75, 0x63D2, 0x6C34, 0x7496, 0x6C55, 0x6C76, 0x6476, 
0x6C55, 0x8D37, 0x9D98, 0x7CF6, 0x6C95, 0x6496, 0x6CB6, 0x6C54, 
0x6C74, 0x74D6, 0x6CD6, 0x6CF7, 0x6CF7, 0x6CB5, 0x74B5, 0x6CB5, 
0x7517, 0x7D17, 0x53F1, 0x2A6A, 0x1966, 0x430C, 0x4BCF, 0x43D1, 
0x5433, 0x6CF6, 0x74F6, 0x6C95, 0x63F2, 0x74B5, 0x6453, 0x6C94, 
0x8578, 0x6CF6, 0x7DB7, 0x6D7A, 0x7579, 0x6D38, 0x7D9A, 0x7D79, 
0x7538, 0x7579, 0x6D59, 0x6D79, 0x757A, 0x6D38, 0x6D38, 0x7559, 
0x7559, 0x757A, 0x6D39, 0x7539, 0x7538, 0x7D38, 0x6D18, 0x7558, 
0x7D9A, 0x7D9A, 0x7519, 0x5BD3, 0x4B52, 0x4B74, 0x6CB9, 0x7D7A, 
0x7559, 0x7519, 0x6CF9, 0x7519, 0x7D5A, 0x7539, 0x6CF8, 0x74F9, 
0x7519, 0x7539, 0x7539, 0x6CF8, 0x64B7, 0x4291, 0x6BB5, 0x73F6, 
0x31AD, 0x6333, 0x6BD5, 0x5B32, 0x5B52, 0x8477, 0x3A4F, 0x5B31, 
0x8477, 0x3A4E, 0x5312, 0x6BB4, 0x42CB, 0x4B49, 0x4B2B, 0x4B0B, 
0x4B0B, 0x4B0B, 0x4B0B, 0x4B0B, 0x4AEA, 0x4AEA, 0x4AEA, 0x42EA, 
0x42EA, 0x42EA, 0x42CA, 0x42CA, 0x42CA, 0x42CA, 0x42CA, 0x42CA, 
0x42CA, 0x42A9, 0x42AA, 0x42A9, 0x42A9, 0x42A9, 0x42A9, 0x4289, 
0x4289, 0x4289, 0x4289, 0x4289, 0x4289, 0x3A69, 0x3A89, 0x4269, 
0x3A68, 0x4268, 0x4268, 0x3A48, 0x3A48, 0x3A48, 0x3A48, 0x3A28, 
0x8D53, 0x8D74, 0x9594, 0x9595, 0x9DB5, 0xA5F6, 0xA5F6, 0xAE16, 
0xAE17, 0xB637, 0xB637, 0xB657, 0xB637, 0xB658, 0xB658, 0xB657, 
0xB637, 0xB637, 0xB637, 0xAE17, 0xAE16, 0xA5F6, 0xA5D6, 0x9DB5, 
0x9D95, 0x9594, 0x8D53, 0x8D53, 0x8533, 0x8532, 0x8512, 0x7CD1, 
0x8513, 0x6411, 0x432F, 0x4B92, 0x5C34, 0x5BF4, 0x53D4, 0x4B92, 
0x6454, 0x5C35, 0x5BF6, 0x4B92, 0x5C14, 0x8D78, 0x8557, 0x3AEF, 
0x74D6, 0x8D98, 0x63F5, 0x5BB5, 0x5371, 0x7475, 0x63B5, 0x63D4, 
0x42D0, 0x53B3, 0x53D2, 0x4B30, 0x5350, 0x7CB5, 0x3A8D, 0x63F3, 
0x8517, 0x5BD2, 0x7494, 0x6C74, 0x5BF2, 0x53B1, 0x6453, 0x7CF6, 
0x6453, 0x6434, 0x6454, 0x6C54, 0x5C13, 0x5BD2, 0x7495, 0x8517, 
0x7496, 0x6C35, 0x6C55, 0x6434, 0x6C74, 0x6434, 0x6C75, 0x6C75, 
0x6C54, 0x6C34, 0x6C34, 0x6C34, 0x6C55, 0x6C54, 0x6C75, 0x7495, 
0x6C54, 0x6C14, 0x7495, 0x6C75, 0x6C55, 0x7496, 0x6C55, 0x6C96, 
0x6C96, 0x8D58, 0x95B9, 0x7CF7, 0x6CB6, 0x6496, 0x74D7, 0x6C76, 
0x7CF7, 0x6C96, 0x64B5, 0x74F7, 0x6CD6, 0x6CF6, 0x6CD6, 0x6CF7, 
0x6CF8, 0x6CF6, 0x6CF6, 0x3B2D, 0x19A8, 0x5BB0, 0x4BD0, 0x5C53, 
0x7516, 0x7517, 0x6CF7, 0x6CD6, 0x53F2, 0x7CF7, 0x9559, 0x7434, 
0x5BB2, 0x7CF7, 0x8578, 0x7579, 0x6D38, 0x7D99, 0x7579, 0x7579, 
0x757A, 0x7579, 0x7DBA, 0x7599, 0x6D58, 0x7599, 0x7579, 0x7D9B, 
0x7559, 0x6D38, 0x755A, 0x7D9A, 0x757A, 0x6CF9, 0x7559, 0x7558, 
0x859A, 0x74F9, 0x6477, 0x4B74, 0x4BB4, 0x6CD8, 0x859B, 0x7539, 
0x7539, 0x6CD8, 0x7539, 0x7D5A, 0x7519, 0x6CF9, 0x6CF8, 0x7D3A, 
0x7519, 0x7519, 0x64B7, 0x7539, 0x7D9A, 0x7478, 0x3AB1, 0x42B1, 
0x31CE, 0x5B33, 0x52F2, 0x4AB1, 0x9519, 0x31EE, 0x7415, 0x8476, 
0x29CD, 0x63B2, 0x6BF3, 0x4AD3, 0x5B52, 0x4AEA, 0x4B0B, 0x4B0B, 
0x4B0B, 0x4B0B, 0x4B0B, 0x4AEA, 0x4B0B, 0x4AEA, 0x4AEA, 0x42EA, 
0x42EA, 0x42EA, 0x42EA, 0x42CA, 0x42CA, 0x42CA, 0x42CA, 0x42CA, 
0x42CA, 0x42A9, 0x42AA, 0x42A9, 0x42A9, 0x42A9, 0x42A9, 0x4289, 
0x4289, 0x4289, 0x4289, 0x4289, 0x4289, 0x3A69, 0x3A89, 0x4269, 
0x3A68, 0x4268, 0x4268, 0x3A48, 0x3A48, 0x3A48, 0x3A48, 0x3A28, 
0x8D53, 0x8D74, 0x9594, 0x9594, 0x9DB5, 0xA5D6, 0xA5F6, 0xAE16, 
0xAE17, 0xAE17, 0xB637, 0xB637, 0xB637, 0xB658, 0xB658, 0xB658, 
0xB657, 0xB637, 0xAE37, 0xAE37, 0xAE16, 0xA616, 0xA5D6, 0x9DB5, 
0x9D95, 0x9594, 0x8D73, 0x8D53, 0x8533, 0x8512, 0x8512, 0x84F2, 
0x6C51, 0x4B70, 0x53B2, 0x6455, 0x5413, 0x5BB6, 0x4B92, 0x6454, 
0x5C15, 0x5C16, 0x4B93, 0x5C13, 0x6475, 0x8538, 0x6C75, 0x6433, 
0x4B6F, 0x8D59, 0x74B5, 0x4B50, 0x7476, 0x6C16, 0x6BD6, 0x4350, 
0x4B92, 0x5C13, 0x5391, 0x4B0F, 0x4AEF, 0x6C33, 0x5BB2, 0x5371, 
0x6C54, 0x74B5, 0x53D0, 0x6C73, 0x74D5, 0x6453, 0x53B1, 0x6C74, 
0x6453, 0x6C54, 0x6C54, 0x6433, 0x7495, 0x6433, 0x53B2, 0x6C33, 
0x6C54, 0x6C75, 0x6413, 0x6C33, 0x6C53, 0x7474, 0x6C74, 0x6434, 
0x6C54, 0x6C34, 0x6C54, 0x7433, 0x7454, 0x6C54, 0x6C54, 0x6C74, 
0x6C54, 0x6C75, 0x6C54, 0x6C54, 0x6C75, 0x7475, 0x7495, 0x6C75, 
0x6C54, 0x9579, 0x9599, 0x74B6, 0x6C75, 0x7496, 0x6C76, 0x7497, 
0x6C76, 0x6CD6, 0x6CF6, 0x7496, 0x74D6, 0x74F7, 0x6CF7, 0x74F8, 
0x74D8, 0x6CF7, 0x6494, 0x4BB0, 0x29E9, 0x4ACD, 0x32AD, 0x5C11, 
0x7516, 0x6CF6, 0x6495, 0x7D38, 0x7538, 0x6CD6, 0x6434, 0x7C75, 
0x8CF7, 0x7CD6, 0x8578, 0x7D58, 0x7558, 0x7D99, 0x6D79, 0x6D38, 
0x7539, 0x7D9B, 0x7D5A, 0x7539, 0x7539, 0x7D59, 0x7D9A, 0x7539, 
0x7559, 0x7D59, 0x7D7A, 0x757A, 0x6D39, 0x753A, 0x7D7A, 0x7D9A, 
0x7518, 0x6456, 0x5BB5, 0x4B55, 0x74D9, 0x7559, 0x757A, 0x7519, 
0x74D8, 0x7539, 0x755A, 0x7539, 0x6CF8, 0x6CF9, 0x7539, 0x7539, 
0x7519, 0x6CD8, 0x74F9, 0x7D3A, 0x6CF9, 0x7D1A, 0x6457, 0x4B33, 
0x4AD1, 0x31EE, 0x4290, 0x8CD9, 0x31CF, 0x7C36, 0x6BF4, 0x426F, 
0x5B51, 0x6BD3, 0x6372, 0x6372, 0x5B52, 0x5331, 0x4AEC, 0x4B0A, 
0x4B0B, 0x4B0B, 0x4B0B, 0x4AEB, 0x4AEB, 0x4AEA, 0x42EA, 0x42EA, 
0x42EA, 0x42CA, 0x42EA, 0x42CA, 0x42CA, 0x42CA, 0x42CA, 0x42CA, 
0x42CA, 0x42A9, 0x42AA, 0x42A9, 0x42A9, 0x42A9, 0x42A9, 0x4289, 
0x4289, 0x4289, 0x4289, 0x4289, 0x4289, 0x3A89, 0x3A89, 0x4269, 
0x3A68, 0x4268, 0x4268, 0x3A48, 0x3A48, 0x3A48, 0x3A48, 0x3A28, 
0x8D53, 0x8D74, 0x8D74, 0x9594, 0x9DB5, 0x9DD6, 0xA5F6, 0xA616, 
0xAE16, 0xAE37, 0xB637, 0xB637, 0xB657, 0xB657, 0xB658, 0xB658, 
0xB657, 0xB637, 0xB637, 0xAE17, 0xAE16, 0xA5F6, 0xA5F6, 0x9DB5, 
0x9DB5, 0x9555, 0x9575, 0x8D73, 0x8532, 0x8553, 0x8533, 0x6C73, 
0x4B6F, 0x4350, 0x6C95, 0x74F7, 0x5C34, 0x4B93, 0x5C33, 0x5C34, 
0x5C16, 0x4B94, 0x5C33, 0x6476, 0x53F4, 0x4BB3, 0x4BB2, 0x8558, 
0x8D79, 0x3ACE, 0x5BF2, 0x8D57, 0x6415, 0x6436, 0x4B32, 0x53D2, 
0x6C54, 0x5371, 0x3AAE, 0x7C95, 0x4AAE, 0x5BD1, 0x7494, 0x7CB5, 
0x5BB1, 0x6412, 0x7CB4, 0x5BD2, 0x6433, 0x8537, 0x6433, 0x6433, 
0x6C54, 0x6C33, 0x6C74, 0x6C53, 0x6C73, 0x6C53, 0x6C94, 0x63D1, 
0x7CD5, 0x7CB5, 0x7CD6, 0x6C33, 0x6C54, 0x7454, 0x6C34, 0x6C34, 
0x6C54, 0x6C54, 0x6C53, 0x7454, 0x6C34, 0x6C54, 0x6C54, 0x6C54, 
0x6C54, 0x6C54, 0x6C55, 0x6C54, 0x6C54, 0x6C75, 0x6C54, 0x6C55, 
0x6C75, 0x9599, 0x8D58, 0x74B6, 0x6C96, 0x6C75, 0x6C96, 0x6C75, 
0x6C96, 0x6CB6, 0x6CB6, 0x6C96, 0x6CB6, 0x6CB6, 0x6CD6, 0x6CD7, 
0x6CD7, 0x6CD6, 0x64B6, 0x4B90, 0x21A8, 0x3A6B, 0x4B70, 0x4B6F, 
0x74D5, 0x6CB4, 0x8578, 0x7D58, 0x74F7, 0x6495, 0x6C95, 0x7CF6, 
0x74B5, 0x6C75, 0x6414, 0x7CD6, 0x7D57, 0x7D99, 0x6517, 0x7579, 
0x7D7A, 0x755A, 0x7539, 0x7519, 0x7D7A, 0x7D5A, 0x753A, 0x7518, 
0x7D7A, 0x7D7A, 0x7559, 0x7539, 0x7559, 0x7D7B, 0x7D5A, 0x74F8, 
0x6456, 0x4B94, 0x4B73, 0x74F9, 0x7D5A, 0x7D7A, 0x6D18, 0x6CF9, 
0x7519, 0x7D5A, 0x7539, 0x6CF9, 0x74F9, 0x7539, 0x7D5A, 0x6CF8, 
0x6CF8, 0x7D39, 0x7D39, 0x7519, 0x6CD8, 0x7519, 0x855A, 0x6C57, 
0x42B1, 0x5B53, 0x7437, 0x3A0F, 0x7C36, 0x6BF5, 0x42D0, 0x4B10, 
0x7456, 0x4AF1, 0x52F1, 0x8CF7, 0x3A2E, 0x6353, 0x5311, 0x4ACD, 
0x4B09, 0x4B0B, 0x4AEC, 0x4B0A, 0x4B0A, 0x4AEA, 0x4AEA, 0x42EA, 
0x42EA, 0x42EA, 0x42EA, 0x42CA, 0x42CA, 0x42CA, 0x42CA, 0x42CA, 
0x42CA, 0x42A9, 0x42AA, 0x42A9, 0x42A9, 0x42A9, 0x42A9, 0x4289, 
0x4289, 0x4289, 0x4289, 0x4289, 0x4289, 0x4269, 0x4269, 0x4268, 
0x3A68, 0x3A68, 0x3A48, 0x3A48, 0x3A48, 0x3A48, 0x3A48, 0x3A28, 
0x8553, 0x8D53, 0x8D74, 0x9594, 0x9DB5, 0x9DD5, 0xA5F6, 0xA616, 
0xAE16, 0xAE37, 0xAE37, 0xB637, 0xB657, 0xB637, 0xB658, 0xB658, 
0xB658, 0xB637, 0xB637, 0xAE37, 0xAE16, 0xAE16, 0xA5F6, 0x9DB5, 
0x9DB5, 0x9D75, 0x9574, 0x8D53, 0x8553, 0x8554, 0x74D2, 0x4B91, 
0x53D2, 0x6453, 0x53D2, 0x6CB6, 0x5C34, 0x5C32, 0x6455, 0x5BF5, 
0x4BB3, 0x53F3, 0x6454, 0x5C16, 0x6496, 0x6475, 0x6C97, 0x6476, 
0x6474, 0x5C12, 0x4350, 0x8517, 0x8538, 0x4351, 0x53D4, 0x5BD3, 
0x4B51, 0x4B30, 0x84D6, 0x532F, 0x7C74, 0x84F5, 0x5BD1, 0x84F5, 
0x7CB4, 0x5BB1, 0x6C53, 0x7CD5, 0x6432, 0x6C53, 0x8537, 0x6C53, 
0x6C73, 0x6C73, 0x6C73, 0x6C73, 0x6C53, 0x6C73, 0x74B4, 0x6432, 
0x63F2, 0x6C33, 0x7494, 0x6C53, 0x6C33, 0x6C34, 0x7474, 0x6C34, 
0x6C54, 0x6C54, 0x6C33, 0x7454, 0x7454, 0x6C54, 0x6C34, 0x6C54, 
0x6C54, 0x6C34, 0x6C54, 0x7475, 0x6C34, 0x6C75, 0x6C74, 0x6C55, 
0x6C75, 0x9D99, 0x8D38, 0x74B6, 0x6476, 0x6C96, 0x6C96, 0x6C75, 
0x6C96, 0x6CB6, 0x6C96, 0x6CD6, 0x6CB6, 0x6CB6, 0x6CD6, 0x6CD6, 
0x6CB6, 0x6CD7, 0x6496, 0x53D2, 0x21C8, 0x4AED, 0x4B70, 0x4B90, 
0x432F, 0x5C12, 0x95DA, 0x74D6, 0x6CB6, 0x74F7, 0x74F6, 0x6474, 
0x6C95, 0x7CD7, 0x7497, 0x9558, 0x7CF6, 0x7537, 0x7D99, 0x757A, 
0x7539, 0x7559, 0x7539, 0x7559, 0x7D5A, 0x7539, 0x7539, 0x7D59, 
0x7D5A, 0x7D5A, 0x7539, 0x7539, 0x7559, 0x7D7A, 0x74F9, 0x6C97, 
0x4B74, 0x53D4, 0x6CD8, 0x7D5A, 0x7D5A, 0x7519, 0x7519, 0x7519, 
0x7D5A, 0x7519, 0x6CF8, 0x74F9, 0x7D3A, 0x7D5A, 0x74F9, 0x6CF8, 
0x7D19, 0x7519, 0x7519, 0x74F8, 0x74F9, 0x7539, 0x7519, 0x7D3A, 
0x6C36, 0x5353, 0x42D2, 0x3A0F, 0x52F2, 0x42B0, 0x4AF1, 0x84D7, 
0x4AF0, 0x6393, 0x8CD7, 0x21AC, 0x84B7, 0x6372, 0x5B53, 0x5B51, 
0x4AEC, 0x4B0A, 0x4B0A, 0x42EA, 0x4AEA, 0x4AEA, 0x4AEA, 0x4AEA, 
0x42EA, 0x42EA, 0x42EA, 0x42CA, 0x42CA, 0x42CA, 0x42CA, 0x42AA, 
0x42A9, 0x42A9, 0x42AA, 0x42A9, 0x42A9, 0x42A9, 0x42A9, 0x4289, 
0x4289, 0x4289, 0x4289, 0x4289, 0x4289, 0x4268, 0x4269, 0x3A68, 
0x3A48, 0x3A68, 0x3A48, 0x3A48, 0x3A48, 0x3A48, 0x3A28, 0x3A28, 
0x8553, 0x8D53, 0x8D74, 0x9594, 0x9DB5, 0x9DD5, 0xA5D6, 0xA616, 
0xAE16, 0xAE37, 0xAE37, 0xB637, 0xB657, 0xB637, 0xB658, 0xB658, 
0xB658, 0xB637, 0xB637, 0xAE37, 0xAE16, 0xAE16, 0xA5F6, 0x9DD5, 
0x9DB5, 0x9DB5, 0x9574, 0x8D74, 0x8554, 0x74D3, 0x5C11, 0x53D2, 
0x74B5, 0x7D17, 0x5C13, 0x4391, 0x6454, 0x8577, 0x5C15, 0x4B94, 
0x5413, 0x7D37, 0x74B7, 0x4BB5, 0x5C33, 0x8599, 0x6458, 0x5C16, 
0x4BAF, 0x9599, 0x8558, 0x4310, 0x53B3, 0x53B2, 0x5C14, 0x5391, 
0x5392, 0x5371, 0x63D2, 0x6C33, 0x6C33, 0x8516, 0x6C32, 0x5370, 
0x6C53, 0x84F6, 0x5BB1, 0x6432, 0x8516, 0x6412, 0x6C73, 0x7474, 
0x6C73, 0x7473, 0x7473, 0x7473, 0x7473, 0x7494, 0x7494, 0x7474, 
0x7473, 0x63F2, 0x7CD5, 0x7CB5, 0x7CB5, 0x7454, 0x6C54, 0x6C33, 
0x6C34, 0x7474, 0x6C34, 0x7474, 0x6C54, 0x6C34, 0x6C34, 0x6C34, 
0x6C54, 0x6C34, 0x7455, 0x6C34, 0x6C75, 0x6C54, 0x6C54, 0x6C55, 
0x7495, 0x9DB9, 0x8D38, 0x74B6, 0x6C76, 0x6475, 0x6C76, 0x6C75, 
0x6C75, 0x6C96, 0x6C76, 0x6CB6, 0x6CB6, 0x6C96, 0x6CB6, 0x6CB6, 
0x6CB6, 0x6CD7, 0x6496, 0x53D2, 0x21A8, 0x534F, 0x430F, 0x430E, 
0x6413, 0x5BF2, 0x7CD6, 0x7CD6, 0x7CF7, 0x7D59, 0x74F7, 0x6475, 
0x74D6, 0x74D6, 0x6CB6, 0x6413, 0x6C95, 0x7D37, 0x7D59, 0x7D59, 
0x7559, 0x7539, 0x7559, 0x7D7A, 0x7559, 0x7539, 0x755A, 0x7D5A, 
0x7539, 0x7539, 0x7539, 0x7559, 0x7D5A, 0x74F9, 0x6C77, 0x4B94, 
0x4B94, 0x7519, 0x7D7A, 0x7D5A, 0x7539, 0x6CF9, 0x6CF9, 0x7D5A, 
0x7539, 0x6CD8, 0x6CF9, 0x7519, 0x7D5A, 0x7539, 0x6CD8, 0x7519, 
0x7D39, 0x7519, 0x74F8, 0x74F9, 0x7D39, 0x7D5A, 0x7519, 0x6C97, 
0x8D9B, 0x6C36, 0x4B33, 0x4A91, 0x31CE, 0x3A2F, 0x8CD8, 0x3A4F, 
0x6393, 0x7436, 0x322E, 0x7C56, 0x6372, 0x4AD0, 0x5311, 0x6372, 
0x5312, 0x42EB, 0x4B28, 0x4AEB, 0x42CB, 0x4AEA, 0x4AEA, 0x42EA, 
0x42EA, 0x42EA, 0x42EA, 0x42CA, 0x42CA, 0x42CA, 0x42AA, 0x42CA, 
0x42A9, 0x42AA, 0x42AA, 0x42A9, 0x42A9, 0x42A9, 0x42A9, 0x4289, 
0x4289, 0x4289, 0x4289, 0x4289, 0x4289, 0x4268, 0x4269, 0x4268, 
0x3A48, 0x3A68, 0x3A48, 0x3A48, 0x3A48, 0x3A48, 0x3A48, 0x3A28, 
0x8533, 0x8D53, 0x8D74, 0x9594, 0x9D95, 0x9DB5, 0xA5D6, 0xA5F6, 
0xAE16, 0xAE17, 0xAE17, 0xB637, 0xB637, 0xB637, 0xB658, 0xB658, 
0xB658, 0xB637, 0xB637, 0xAE37, 0xAE17, 0xAE16, 0xA5F6, 0xA5D6, 
0x9DB5, 0x9D93, 0x9594, 0x9596, 0x7CF4, 0x6432, 0x5BF2, 0x6C95, 
0x6454, 0x74D6, 0x5C34, 0x53F3, 0x5413, 0x74D6, 0x5C34, 0x53F3, 
0x5C34, 0x74F7, 0x5C34, 0x4BF4, 0x5C55, 0x6C97, 0x5C16, 0x53F4, 
0x6CB5, 0x6CB6, 0x7D38, 0x53D3, 0x6434, 0x6455, 0x4B71, 0x3A8E, 
0x6C13, 0x6C34, 0x4B2F, 0x7CB5, 0x84F5, 0x63D1, 0x7CD5, 0x7474, 
0x5BB1, 0x7C94, 0x8D16, 0x5BD0, 0x7473, 0x7494, 0x6412, 0x7473, 
0x7494, 0x6C73, 0x7473, 0x7473, 0x7494, 0x7473, 0x7473, 0x7494, 
0x7494, 0x6C53, 0x63F1, 0x7CB5, 0x8D57, 0x6C33, 0x6C54, 0x7474, 
0x6C54, 0x6C34, 0x6C54, 0x7454, 0x6C54, 0x6C34, 0x6C54, 0x6C54, 
0x6C54, 0x6C34, 0x6C55, 0x7475, 0x6C34, 0x6C75, 0x6C54, 0x6C55, 
0x7495, 0x9DB9, 0x8D38, 0x7496, 0x6C76, 0x6C55, 0x6C76, 0x6C76, 
0x6C75, 0x6C76, 0x6C76, 0x6CB6, 0x6C96, 0x6C96, 0x6C96, 0x6CB6, 
0x6CB6, 0x6496, 0x6476, 0x4B91, 0x21A8, 0x532E, 0x4330, 0x5391, 
0x5391, 0x6C34, 0x7495, 0x6C55, 0x9DBA, 0x7518, 0x6496, 0x6496, 
0x7517, 0x6CB6, 0x6495, 0x7CF6, 0x74D6, 0x8D79, 0x6C96, 0x7518, 
0x7538, 0x7D7A, 0x7D59, 0x7539, 0x7539, 0x755A, 0x7D5A, 0x7539, 
0x7539, 0x7539, 0x7D5A, 0x7D5A, 0x7539, 0x6C57, 0x4B94, 0x4BB4, 
0x6CF9, 0x755A, 0x755A, 0x7539, 0x6CF9, 0x6CF8, 0x7D7A, 0x753A, 
0x6CF9, 0x6CF9, 0x7D3A, 0x7539, 0x7519, 0x6CF9, 0x7519, 0x7D5A, 
0x7519, 0x7519, 0x74F9, 0x7519, 0x7D3A, 0x74F9, 0x6CD8, 0x7D5A, 
0x7D19, 0x853A, 0x6436, 0x4B13, 0x4AD2, 0x31EE, 0x4A90, 0x73F5, 
0x7C35, 0x4AD1, 0x63B4, 0x84B7, 0x42AF, 0x4AD0, 0x9539, 0x42CE, 
0x5B52, 0x5B52, 0x3A8A, 0x4B2A, 0x4B0B, 0x4AEA, 0x4AEA, 0x42EA, 
0x42EA, 0x42CA, 0x42CA, 0x42CA, 0x42CA, 0x42CA, 0x42CA, 0x42AA, 
0x42AA, 0x42AA, 0x42A9, 0x42A9, 0x42A9, 0x42A9, 0x42A9, 0x4289, 
0x4289, 0x4289, 0x4289, 0x4289, 0x3A89, 0x4268, 0x4269, 0x4268, 
0x3A48, 0x3A68, 0x3A48, 0x3A48, 0x3A48, 0x3A48, 0x3A48, 0x3A28, 
0x8533, 0x8D53, 0x8D53, 0x9574, 0x9594, 0x9DB5, 0x9DD5, 0xA5F6, 
0xA616, 0xAE17, 0xAE17, 0xB637, 0xB637, 0xB657, 0xB658, 0xB658, 
0xB658, 0xB637, 0xB637, 0xB637, 0xAE17, 0xAE16, 0xA616, 0xA5F6, 
0x9DD6, 0x9593, 0x9595, 0x8D35, 0x6C53, 0x5C13, 0x74B5, 0x6C75, 
0x6455, 0x4BB2, 0x74D6, 0x7D37, 0x5C33, 0x4BB3, 0x6473, 0x8DD8, 
0x6C76, 0x4372, 0x5C13, 0x6CB6, 0x6C97, 0x5415, 0x4B92, 0x6C96, 
0x6CB8, 0x6CB7, 0x4B92, 0x4B72, 0x6454, 0x4B91, 0x4B91, 0x5371, 
0x3AAE, 0x5BD2, 0x9D98, 0x6412, 0x7493, 0x7CB4, 0x63D1, 0x9577, 
0x7433, 0x5B90, 0x7C95, 0x8D36, 0x63F1, 0x7473, 0x7CB4, 0x7473, 
0x7473, 0x7473, 0x7473, 0x7CB4, 0x7473, 0x7493, 0x7473, 0x7473, 
0x7C94, 0x7C94, 0x7453, 0x63D1, 0x6C33, 0x7CB4, 0x6C53, 0x6412, 
0x6C54, 0x7454, 0x7454, 0x6C34, 0x6C54, 0x6C54, 0x6C54, 0x6C54, 
0x6C34, 0x6C35, 0x7455, 0x6C14, 0x6C55, 0x6C55, 0x6C55, 0x6435, 
0x7475, 0x9DB9, 0x8D17, 0x6C96, 0x6475, 0x6C55, 0x6C76, 0x6C56, 
0x6C56, 0x6C76, 0x6C76, 0x6C96, 0x6C76, 0x6C76, 0x6C96, 0x6C96, 
0x6C76, 0x6497, 0x6476, 0x53B2, 0x29C9, 0x42CD, 0x4B71, 0x53B2, 
0x5BF3, 0x6C75, 0x5BB2, 0x84F7, 0x7454, 0x7D37, 0x6495, 0x74F7, 
0x74F7, 0x6475, 0x6495, 0x6C75, 0x6C75, 0x7CB6, 0x6434, 0x8D99, 
0x7D38, 0x7559, 0x7539, 0x6D18, 0x7559, 0x7D5A, 0x755A, 0x6D19, 
0x7539, 0x7D5A, 0x7D5A, 0x74F9, 0x6477, 0x5394, 0x53D4, 0x6CF8, 
0x755A, 0x755A, 0x7539, 0x6CF8, 0x7519, 0x857B, 0x7519, 0x6CF8, 
0x7519, 0x7D5A, 0x7539, 0x7519, 0x6CD8, 0x7519, 0x7D5A, 0x7519, 
0x7519, 0x6CF8, 0x7D3A, 0x7D39, 0x7519, 0x6CD8, 0x7D3A, 0x7519, 
0x7D5A, 0x6CD8, 0x859B, 0x5C36, 0x5353, 0x4AB1, 0x6353, 0x6BB4, 
0x4AD0, 0x5B94, 0x84B8, 0x42B0, 0x5311, 0x8496, 0x324D, 0x7C54, 
0x7434, 0x5B35, 0x5B72, 0x42A9, 0x4B2B, 0x42EA, 0x4AEA, 0x42EA, 
0x42CA, 0x42EA, 0x42CA, 0x42CA, 0x42CA, 0x42AA, 0x42CA, 0x42A9, 
0x42A9, 0x42A9, 0x42A9, 0x42A9, 0x42A9, 0x42A9, 0x42A9, 0x4289, 
0x4289, 0x4289, 0x4289, 0x3A69, 0x3A89, 0x4268, 0x4269, 0x4268, 
0x3A48, 0x3A68, 0x3A48, 0x3A48, 0x3A48, 0x3A48, 0x3A48, 0x3A28, 
0x8533, 0x8D53, 0x8D53, 0x9574, 0x9594, 0x9DB5, 0x9DD5, 0xA5F6, 
0xA616, 0xAE17, 0xAE17, 0xB637, 0xB637, 0xB657, 0xB658, 0xB658, 
0xB658, 0xB637, 0xB637, 0xAE37, 0xAE17, 0xAE16, 0xA616, 0xA5F6, 
0x9DD6, 0x9DD5, 0x8D75, 0x7473, 0x6C74, 0x74D6, 0x74B5, 0x6435, 
0x5BF4, 0x6C75, 0x6454, 0x7D17, 0x6453, 0x53F3, 0x53F3, 0x74F6, 
0x6CD5, 0x74F6, 0x74D7, 0x6479, 0x5C34, 0x5411, 0x7CF8, 0x74FA, 
0x6C98, 0x3B52, 0x4393, 0x6476, 0x4B91, 0x3AEF, 0x8517, 0x5371, 
0x6C13, 0x5BB1, 0x6C53, 0x8536, 0x5BD0, 0x7C94, 0x7CB4, 0x5370, 
0x84F6, 0x7C94, 0x5BB1, 0x7CD4, 0x7493, 0x7473, 0x7493, 0x7C93, 
0x6C32, 0x74B3, 0x7CB3, 0x7493, 0x7493, 0x7473, 0x74B3, 0x7494, 
0x7453, 0x7C94, 0x7473, 0x7474, 0x5B90, 0x8D56, 0x8D56, 0x6C53, 
0x7474, 0x7454, 0x6C34, 0x6C54, 0x6C34, 0x6C34, 0x6C34, 0x6C34, 
0x6C54, 0x7455, 0x6C55, 0x6C55, 0x6414, 0x6C75, 0x6C75, 0x6435, 
0x6C75, 0x9599, 0x8517, 0x6C76, 0x6455, 0x6C55, 0x6C56, 0x6435, 
0x6C56, 0x6C76, 0x6C56, 0x6476, 0x6476, 0x6C96, 0x6C96, 0x6C96, 
0x6476, 0x6497, 0x6476, 0x5BF3, 0x29C9, 0x42CD, 0x4350, 0x53F3, 
0x53B2, 0x5C13, 0x5391, 0x7CD6, 0x7CB6, 0x8556, 0x7D36, 0x8558, 
0x6476, 0x6476, 0x7D18, 0x6C75, 0x7CD6, 0x7CB6, 0x7496, 0x6475, 
0x6CB6, 0x6CF8, 0x6D19, 0x7539, 0x7D5A, 0x7559, 0x6CF8, 0x755A, 
0x755A, 0x7D7A, 0x74F9, 0x6456, 0x4BB4, 0x5394, 0x74F9, 0x7D5A, 
0x755A, 0x7539, 0x74F9, 0x753A, 0x7D5A, 0x7539, 0x7519, 0x6CF9, 
0x7539, 0x7D3A, 0x7519, 0x6CF8, 0x753A, 0x7D3A, 0x7D3A, 0x6CD8, 
0x7519, 0x7D3A, 0x7519, 0x7519, 0x74F8, 0x7D3A, 0x7D19, 0x7519, 
0x6CF9, 0x6CF9, 0x6D19, 0x859B, 0x6436, 0x3A70, 0x8477, 0x320E, 
0x4B31, 0x7CB8, 0x324F, 0x63B3, 0x84B7, 0x42AF, 0x7413, 0x6BD4, 
0x42AF, 0x5B72, 0x6393, 0x5B51, 0x42CB, 0x4AEA, 0x42EA, 0x42EA, 
0x42EA, 0x42CA, 0x42CA, 0x42CA, 0x42CA, 0x42CA, 0x42A9, 0x42AA, 
0x42A9, 0x42A9, 0x42A9, 0x42A9, 0x42A9, 0x42A9, 0x42A9, 0x4289, 
0x4289, 0x4289, 0x4289, 0x3A69, 0x3A69, 0x4269, 0x4269, 0x4268, 
0x3A48, 0x3A68, 0x3A48, 0x3A48, 0x3A48, 0x3A48, 0x3A48, 0x3A28, 
0x8533, 0x8D53, 0x8D53, 0x9574, 0x9594, 0x9DB5, 0x9DD5, 0xA5F6, 
0xA5F6, 0xAE16, 0xAE17, 0xB637, 0xB637, 0xB637, 0xB657, 0xB657, 
0xB657, 0xB637, 0xB637, 0xB637, 0xAE17, 0xAE16, 0xA616, 0xA5F6, 
0xA5F6, 0x8D76, 0x8515, 0x7495, 0x7CD6, 0x7CD6, 0x6C94, 0x5C33, 
0x6C95, 0x6C95, 0x6474, 0x53F2, 0x6C95, 0x8597, 0x74F7, 0x53F3, 
0x43B0, 0x7D57, 0x74F8, 0x6436, 0x4BB2, 0x6CF6, 0x6CD7, 0x6CB7, 
0x4BB1, 0x53F5, 0x5C36, 0x4372, 0x3AEF, 0x7CF6, 0x5BB1, 0x6C33, 
0x8D57, 0x7474, 0x63F2, 0x6C33, 0x8515, 0x63D1, 0x7C94, 0x84D5, 
0x6C12, 0x9557, 0x6C12, 0x7472, 0x7C92, 0x7C92, 0x7472, 0x7C93, 
0x7472, 0x7493, 0x7473, 0x7473, 0x7473, 0x7493, 0x7493, 0x7472, 
0x7C93, 0x7473, 0x7CB4, 0x7473, 0x6412, 0x6412, 0x7473, 0x7474, 
0x6C33, 0x6C13, 0x7474, 0x6C34, 0x6C34, 0x6C34, 0x6C34, 0x6C13, 
0x6C34, 0x6C55, 0x6C55, 0x6C55, 0x6434, 0x6C35, 0x6C35, 0x6C14, 
0x7455, 0x9579, 0x8517, 0x7496, 0x6C55, 0x6435, 0x6C56, 0x6435, 
0x6C56, 0x6C56, 0x6C56, 0x6456, 0x6C76, 0x6456, 0x6C97, 0x6456, 
0x6C76, 0x6456, 0x5C56, 0x53D3, 0x21CA, 0x42CD, 0x4330, 0x4371, 
0x5414, 0x6CD6, 0x6C96, 0x6C35, 0x6C14, 0x7D16, 0x74B5, 0x7D17, 
0x5C34, 0x6CB6, 0x6CF7, 0x6CB7, 0x53F4, 0x5BF4, 0x8539, 0x7CB6, 
0x6C34, 0x7517, 0x8579, 0x7538, 0x7559, 0x6CF8, 0x6D19, 0x755A, 
0x7D5A, 0x74F9, 0x6C77, 0x5394, 0x4BB4, 0x6CD8, 0x7519, 0x753A, 
0x7519, 0x6CF8, 0x74F9, 0x7D5A, 0x7539, 0x6CF8, 0x74F9, 0x7539, 
0x7D5A, 0x6CF8, 0x74F9, 0x7D39, 0x7D3A, 0x7D39, 0x6CF8, 0x7519, 
0x7D39, 0x7519, 0x7519, 0x74F9, 0x7D3A, 0x7D3A, 0x74F9, 0x7519, 
0x74F9, 0x7D5A, 0x7D3A, 0x6CF8, 0x855A, 0x6436, 0x4B12, 0x4AD1, 
0x3A2F, 0x3A50, 0x5B73, 0x7435, 0x5B72, 0x5B72, 0x8D19, 0x42B0, 
0x6394, 0x7C55, 0x428F, 0x6393, 0x4AEF, 0x42CB, 0x42C9, 0x4B0B, 
0x42AA, 0x42E9, 0x42CB, 0x42CA, 0x42CA, 0x42AA, 0x42AA, 0x42A9, 
0x42A9, 0x42A9, 0x42A9, 0x42A9, 0x42A9, 0x42A9, 0x42A9, 0x4289, 
0x4289, 0x4289, 0x4269, 0x4269, 0x4268, 0x4268, 0x4268, 0x3A68, 
0x3A68, 0x3A48, 0x3A48, 0x3A48, 0x3A48, 0x3A48, 0x3A28, 0x3A28, 
0x8532, 0x8D33, 0x8D53, 0x9574, 0x9594, 0x9DB5, 0x9DB5, 0xA5F6, 
0xA5F6, 0xAE16, 0xAE17, 0xB637, 0xB637, 0xB637, 0xB657, 0xB637, 
0xB637, 0xB657, 0xB637, 0xAE16, 0xAE37, 0xAE17, 0xAE17, 0xA617, 
0x9DD6, 0x7CF5, 0x74B5, 0x7CF7, 0x7CF7, 0x74D6, 0x6433, 0x74D6, 
0x74B6, 0x6C75, 0x53F3, 0x6455, 0x6C96, 0x5C53, 0x6473, 0x5433, 
0x4BB2, 0x7517, 0x7D38, 0x53B1, 0x74D7, 0x7519, 0x6CF8, 0x4BF3, 
0x5C33, 0x5C35, 0x4BB3, 0x53B3, 0x74B6, 0x430F, 0x7494, 0x74B3, 
0x6C32, 0x84F6, 0x6C33, 0x63D1, 0x6C32, 0x84F5, 0x6BF1, 0x7C93, 
0x7C93, 0x63F0, 0x7C93, 0x7CB2, 0x7C92, 0x7C93, 0x7472, 0x7C93, 
0x7C93, 0x7473, 0x7C93, 0x7473, 0x7CB4, 0x7C93, 0x7C73, 0x7493, 
0x7493, 0x7CB3, 0x7473, 0x7493, 0x7493, 0x7CB5, 0x6C33, 0x9578, 
0x7474, 0x7CB5, 0x6C33, 0x7454, 0x7454, 0x6C34, 0x6C34, 0x6C34, 
0x7454, 0x6434, 0x6C34, 0x6C34, 0x6C75, 0x6C55, 0x6C55, 0x6C35, 
0x7CB7, 0x9DBA, 0x7CF7, 0x6C55, 0x6434, 0x6435, 0x6435, 0x6C76, 
0x6414, 0x6C76, 0x6C55, 0x6C56, 0x6436, 0x6C76, 0x6436, 0x6C76, 
0x6C76, 0x6C96, 0x6476, 0x5414, 0x21EA, 0x42AD, 0x4330, 0x4B92, 
0x5413, 0x5C55, 0x6CD7, 0x6435, 0x4B31, 0x8D79, 0x6C95, 0x74D6, 
0x74D6, 0x7D58, 0x6CF7, 0x6476, 0x6497, 0x6C97, 0x8D7A, 0x7475, 
0x5BB1, 0x74D6, 0x6475, 0x7518, 0x6CF8, 0x7539, 0x757A, 0x755A, 
0x74F9, 0x6C77, 0x53B4, 0x53D5, 0x6CB8, 0x7539, 0x7D5A, 0x7519, 
0x74F9, 0x74F9, 0x7D3A, 0x7519, 0x74F9, 0x7539, 0x7519, 0x7539, 
0x7519, 0x74F8, 0x7D39, 0x7519, 0x7D3A, 0x74F9, 0x74F9, 0x7D3A, 
0x7D39, 0x7D3A, 0x6CB8, 0x7D39, 0x7D5A, 0x7CF9, 0x74F9, 0x74D8, 
0x857B, 0x7D19, 0x74D8, 0x7519, 0x7D5A, 0x859B, 0x6416, 0x4B13, 
0x52D3, 0x31CE, 0x6373, 0x5331, 0x5B92, 0x84B7, 0x2A2E, 0x6BD5, 
0x7C76, 0x2A2D, 0x6BF3, 0x6BF4, 0x63B3, 0x4AEF, 0x42AB, 0x42C9, 
0x4AEC, 0x42CB, 0x42E8, 0x42CA, 0x42CA, 0x42AA, 0x42CA, 0x42A9, 
0x42AA, 0x42A9, 0x42A9, 0x42A9, 0x42A9, 0x42A9, 0x42A9, 0x4289, 
0x4289, 0x4269, 0x4269, 0x4269, 0x4269, 0x4268, 0x4268, 0x3A48, 
0x4268, 0x3A48, 0x3A48, 0x3A48, 0x3A48, 0x3A28, 0x3A28, 0x3A28, 
0x8512, 0x8D33, 0x8D53, 0x8D74, 0x9594, 0x9D95, 0x9DB5, 0x9DD6, 
0xA5F6, 0xAE16, 0xAE17, 0xAE17, 0xB637, 0xB637, 0xB637, 0xB657, 
0xB657, 0xB637, 0xB637, 0xB656, 0xAE36, 0xAE17, 0xAE18, 0x9DB7, 
0x8515, 0x7CF4, 0x8D97, 0x8D57, 0x74B6, 0x6C74, 0x74D6, 0x74D7, 
0x6C96, 0x5C14, 0x6456, 0x6C97, 0x6C97, 0x6455, 0x6CB4, 0x8577, 
0x5C15, 0x4393, 0x4BF1, 0x8DB8, 0x8558, 0x6CD7, 0x4373, 0x5414, 
0x6CB6, 0x4BB2, 0x53F3, 0x5C12, 0x6C94, 0x6C53, 0x6C32, 0x8D56, 
0x6C33, 0x7474, 0x7CB5, 0x7453, 0x63F1, 0x6C10, 0x8D14, 0x7C92, 
0x7CB3, 0x7C92, 0x7CD3, 0x7CB2, 0x7C92, 0x7C92, 0x7CB3, 0x7C93, 
0x7C93, 0x7472, 0x7493, 0x7CB3, 0x7C93, 0x7C93, 0x7472, 0x7CB3, 
0x7493, 0x7473, 0x7493, 0x7493, 0x7493, 0x7453, 0x63D1, 0x7453, 
0x6C33, 0x84F6, 0x7453, 0x6C33, 0x6C54, 0x7454, 0x6C13, 0x6C34, 
0x6C34, 0x6C54, 0x6C34, 0x6C34, 0x6414, 0x6C34, 0x6C34, 0x6C14, 
0x7496, 0xA5DB, 0x7CF7, 0x6C35, 0x6434, 0x6435, 0x6C56, 0x6414, 
0x6C76, 0x6435, 0x6435, 0x6456, 0x6456, 0x6435, 0x6C76, 0x6456, 
0x6C76, 0x6456, 0x5C36, 0x5C14, 0x21E9, 0x428C, 0x4AEE, 0x4B51, 
0x53D3, 0x5C55, 0x6CF8, 0x6CD7, 0x6CB6, 0x53B2, 0x6C55, 0x8517, 
0x6C54, 0x8D9A, 0x5C34, 0x6CB7, 0x74D7, 0x6C97, 0x53B3, 0x5BD3, 
0x8517, 0x6C35, 0x8538, 0x5C14, 0x7D7A, 0x7539, 0x757A, 0x7CF9, 
0x6456, 0x4BB4, 0x53D5, 0x6CD8, 0x7D7A, 0x7539, 0x7519, 0x7519, 
0x6CF8, 0x7D5A, 0x7539, 0x6CD8, 0x7519, 0x7519, 0x7D5A, 0x7519, 
0x6CD8, 0x7D19, 0x7D3A, 0x7D5A, 0x6CD8, 0x7519, 0x7D5A, 0x7D39, 
0x7519, 0x6CF8, 0x7D5A, 0x7D39, 0x7519, 0x74F9, 0x7D19, 0x855A, 
0x74F9, 0x7D19, 0x74D9, 0x7559, 0x7559, 0x7519, 0x7D19, 0x6C57, 
0x5374, 0x52D2, 0x31EE, 0x426F, 0x8CB7, 0x31ED, 0x7C57, 0x7456, 
0x42AF, 0x63D2, 0x6391, 0x6392, 0x6393, 0x6BD2, 0x5B53, 0x42AC, 
0x42E9, 0x42EA, 0x42E8, 0x42CA, 0x42CA, 0x42AA, 0x42AA, 0x42A9, 
0x42A9, 0x42A9, 0x42A9, 0x42A9, 0x42A9, 0x4289, 0x4289, 0x4289, 
0x4289, 0x4269, 0x4269, 0x4269, 0x4269, 0x4268, 0x4268, 0x4268, 
0x3A48, 0x3A48, 0x3A48, 0x3A48, 0x3A48, 0x3A48, 0x3A28, 0x3A28, 
0x8512, 0x8533, 0x8D53, 0x8D53, 0x9574, 0x9D95, 0x9DB5, 0x9DD6, 
0xA5F6, 0xAE16, 0xAE17, 0xAE17, 0xB637, 0xB637, 0xB637, 0xB637, 
0xB637, 0xB637, 0xB637, 0xB656, 0xAE16, 0xAE17, 0xA5D7, 0x8D56, 
0x8516, 0x8536, 0x8D97, 0x9DD9, 0x6C74, 0x7495, 0x7CF7, 0x74D6, 
0x6434, 0x6475, 0x7D38, 0x6CB6, 0x53D3, 0x6CB5, 0x7D58, 0x8DBA, 
0x6CB5, 0x4BB1, 0x4BD3, 0x8556, 0x8598, 0x4BD3, 0x5415, 0x5C35, 
0x5C14, 0x4350, 0x6C94, 0x6433, 0x5BF1, 0x8D77, 0x7CD4, 0x6432, 
0x8516, 0x63F1, 0x84F5, 0x8D35, 0x7472, 0x6C30, 0x7CB2, 0x84D3, 
0x7CB2, 0x7CD2, 0x84D2, 0x7472, 0x7CB2, 0x7C92, 0x7CB3, 0x7C92, 
0x7472, 0x7CB3, 0x7CB3, 0x7CB3, 0x7CB3, 0x7CB3, 0x7CB3, 0x7C93, 
0x7C93, 0x7473, 0x7CB3, 0x7C93, 0x7473, 0x7C94, 0x7473, 0x7CB4, 
0x5BB1, 0x7CB5, 0x7454, 0x7474, 0x6C33, 0x6C34, 0x6C34, 0x6C34, 
0x6C54, 0x6C34, 0x6C34, 0x6413, 0x6C55, 0x6C35, 0x6C35, 0x6C13, 
0x7496, 0xAE3C, 0x7CB6, 0x6C55, 0x5BF4, 0x6C56, 0x6435, 0x6C56, 
0x6435, 0x6C56, 0x6435, 0x6456, 0x6415, 0x6C76, 0x6415, 0x6C76, 
0x6435, 0x6436, 0x5C76, 0x6455, 0x2A2A, 0x3A8C, 0x42EE, 0x4B31, 
0x53B3, 0x5C14, 0x6496, 0x6CD7, 0x7538, 0x63F4, 0x6C34, 0x8517, 
0x7CD6, 0x6414, 0x6475, 0x74F7, 0x6C96, 0x6476, 0x6436, 0x6C76, 
0x7CF7, 0x84F7, 0x5BD3, 0x5BF4, 0x7D18, 0x7518, 0x7559, 0x6C36, 
0x53D5, 0x4B94, 0x74F9, 0x755A, 0x7539, 0x7519, 0x6CF8, 0x6CD8, 
0x7D5A, 0x7539, 0x6CF8, 0x74F9, 0x7539, 0x7D5A, 0x6CF9, 0x7519, 
0x7519, 0x7D5A, 0x7519, 0x6CF8, 0x7D3A, 0x7D3A, 0x7D5A, 0x7519, 
0x7519, 0x7D39, 0x7D5A, 0x7D3A, 0x74F8, 0x7D19, 0x855A, 0x7D3A, 
0x74F9, 0x74F9, 0x7D3A, 0x7539, 0x7539, 0x6CF8, 0x7D5A, 0x855A, 
0x6C57, 0x4AF2, 0x6C16, 0x6BD5, 0x426F, 0x7416, 0x7C16, 0x5B72, 
0x5B71, 0x7CB6, 0x4AEF, 0x6372, 0x8CD7, 0x3A4D, 0x5B55, 0x4AD2, 
0x3AA8, 0x4307, 0x42CB, 0x42CA, 0x42CA, 0x42CA, 0x42A9, 0x42AA, 
0x42A9, 0x42A9, 0x42A9, 0x42A9, 0x42A9, 0x42A9, 0x4289, 0x4289, 
0x4289, 0x4289, 0x4269, 0x4268, 0x4268, 0x4268, 0x4268, 0x3A48, 
0x3A48, 0x3A48, 0x3A48, 0x3A48, 0x3A48, 0x3A48, 0x3A28, 0x3A28, 
0x7D12, 0x8513, 0x8D53, 0x8D53, 0x9574, 0x9594, 0x9DB5, 0x9DD5, 
0xA5D6, 0xA5F6, 0xAE16, 0xAE17, 0xB637, 0xB637, 0xB637, 0xB637, 
0xB637, 0xB637, 0xB637, 0xAE37, 0xB657, 0xAE58, 0x9577, 0x8D36, 
0x9598, 0xA63A, 0x8556, 0x7CD5, 0x8D77, 0x8557, 0x74D6, 0x6453, 
0x6C74, 0x74F6, 0x8557, 0x6453, 0x53F2, 0x6CD5, 0x74F8, 0x53F5, 
0x6473, 0x7D57, 0x5C35, 0x4BF1, 0x5413, 0x4BF3, 0x6476, 0x6CB6, 
0x32EE, 0x95B8, 0x53D1, 0x6432, 0x9598, 0x6411, 0x8D77, 0x6C73, 
0x6432, 0x9577, 0x6411, 0x7CD3, 0x8534, 0x84F3, 0x84D3, 0x7451, 
0x84D2, 0x84F3, 0x7CB2, 0x7C92, 0x7CB2, 0x7CD3, 0x7C92, 0x7C92, 
0x7472, 0x7CB3, 0x7C93, 0x7472, 0x7C93, 0x7C93, 0x7C93, 0x7C73, 
0x7C73, 0x7C93, 0x7473, 0x7C93, 0x7473, 0x7473, 0x7CB4, 0x7474, 
0x6C53, 0x6C33, 0x84D5, 0x8D57, 0x7474, 0x6413, 0x7454, 0x6C33, 
0x6C13, 0x6413, 0x63F3, 0x6C13, 0x63D3, 0x63F3, 0x63F3, 0x63D2, 
0x7CB6, 0xAE1B, 0x6C55, 0x6C56, 0x6435, 0x6435, 0x6456, 0x5C15, 
0x6C76, 0x6435, 0x6C56, 0x6435, 0x6456, 0x6435, 0x6C76, 0x6435, 
0x6436, 0x6456, 0x6477, 0x6476, 0x3AAD, 0x3AAD, 0x4331, 0x4330, 
0x4B72, 0x4B93, 0x5435, 0x5435, 0x5434, 0x6435, 0x5BF4, 0x5392, 
0x5BF3, 0x74B6, 0x6C96, 0x95FA, 0x6C96, 0x6456, 0x6456, 0x74F8, 
0x5C35, 0x6C35, 0x6C55, 0x74D7, 0x7496, 0x6C56, 0x5BF4, 0x5BD5, 
0x53B4, 0x6CB8, 0x7D3A, 0x7519, 0x7519, 0x6CF8, 0x6CF8, 0x7D5A, 
0x74F9, 0x6CF9, 0x74F9, 0x7539, 0x7D3A, 0x74F9, 0x74F9, 0x74F9, 
0x7D5A, 0x7519, 0x6CF8, 0x7519, 0x7D3A, 0x7D5A, 0x74F9, 0x74F9, 
0x7D5A, 0x7D5A, 0x7519, 0x7519, 0x7D39, 0x855A, 0x7D19, 0x74F9, 
0x74F9, 0x7D3A, 0x855A, 0x7D19, 0x7519, 0x7539, 0x7539, 0x7D5A, 
0x7D3A, 0x5BD4, 0x5373, 0x5374, 0x29CE, 0x6353, 0x4A90, 0x5B72, 
0x8CF8, 0x4AF0, 0x6392, 0x8CD8, 0x3A6F, 0x4AD3, 0x6BD3, 0x6BD4, 
0x4AAF, 0x42CA, 0x42AA, 0x42CA, 0x42CA, 0x42A9, 0x42AA, 0x42A9, 
0x42A9, 0x42A9, 0x42A9, 0x42A9, 0x4289, 0x42A9, 0x4289, 0x4289, 
0x4289, 0x4269, 0x4268, 0x4269, 0x4268, 0x3A48, 0x4268, 0x3A48, 
0x3A48, 0x3A48, 0x3A48, 0x3A48, 0x3A48, 0x3A48, 0x3A28, 0x3A28, 
0x7D12, 0x8512, 0x8533, 0x8D53, 0x9574, 0x9594, 0x9D95, 0x9DD5, 
0xA5D6, 0xA5F6, 0xADF6, 0xAE16, 0xAE17, 0xB637, 0xB637, 0xB637, 
0xB637, 0xB637, 0xB637, 0xB638, 0xAE38, 0x9DD7, 0x9576, 0x9597, 
0x9598, 0x9598, 0x8D77, 0x7CF5, 0x95B8, 0x8D98, 0x6C75, 0x6CB6, 
0x7CF7, 0x6475, 0x5C34, 0x6455, 0x7D18, 0x6CB7, 0x5414, 0x5C54, 
0x74F7, 0x95FA, 0x6CB5, 0x4BF3, 0x5435, 0x6496, 0x4392, 0x53F2, 
0x7D35, 0x432F, 0x7494, 0x7CD5, 0x74D5, 0x8536, 0x6412, 0x7CD5, 
0x7494, 0x63F2, 0x8D56, 0x7492, 0x7CF2, 0x84B3, 0x84D3, 0x84D3, 
0x84F3, 0x7CB2, 0x7CB2, 0x84F3, 0x84D3, 0x7CB2, 0x7CB2, 0x7C92, 
0x7C92, 0x7CB3, 0x7C93, 0x7CB3, 0x7C93, 0x7CB3, 0x7C92, 0x7C73, 
0x7C93, 0x7473, 0x7C93, 0x7473, 0x7C73, 0x7494, 0x7473, 0x7CB4, 
0x7453, 0x6C33, 0x4B2F, 0x6C53, 0x7474, 0x63F2, 0x6C33, 0x6C34, 
0x7474, 0x7CB6, 0x84F6, 0x84F7, 0x8D38, 0x8D38, 0x9559, 0x9DB9, 
0xA5FA, 0x9579, 0x6C35, 0x6C35, 0x5BF5, 0x6435, 0x5C15, 0x6C76, 
0x6415, 0x6456, 0x6456, 0x6435, 0x6435, 0x6456, 0x6435, 0x6456, 
0x6456, 0x6C36, 0x5C56, 0x6497, 0x6455, 0x6C96, 0x755A, 0x7D37, 
0x8559, 0x7D19, 0x7D19, 0x74F8, 0x6CF7, 0x6CB7, 0x6C96, 0x53B2, 
0x6433, 0x53D2, 0x5C34, 0x5412, 0x53D3, 0x6436, 0x6457, 0x6436, 
0x53B4, 0x5C34, 0x6C76, 0x7CF8, 0x7456, 0x4B11, 0x8CD7, 0x4B74, 
0x74D8, 0x7519, 0x7519, 0x74F9, 0x74B8, 0x6CF9, 0x7539, 0x74F9, 
0x6CF9, 0x6CF8, 0x7519, 0x7519, 0x6CF9, 0x7519, 0x74F9, 0x7539, 
0x7519, 0x74F8, 0x7519, 0x7519, 0x7D3A, 0x74F9, 0x74F9, 0x7D39, 
0x7D5A, 0x7D3A, 0x74F8, 0x7519, 0x855A, 0x7D19, 0x74F9, 0x74F9, 
0x855A, 0x855A, 0x74F9, 0x7CD7, 0x7D39, 0x7D59, 0x7D5A, 0x74F8, 
0x74F9, 0x8DBB, 0x6436, 0x4B54, 0x4AF3, 0x29AD, 0x3A2E, 0x84D7, 
0x3A8F, 0x7C76, 0x8497, 0x322E, 0x5313, 0x7C36, 0x6BF3, 0x4AEF, 
0x6394, 0x5331, 0x3A8B, 0x42C9, 0x42CA, 0x42AA, 0x42A9, 0x42A9, 
0x42A9, 0x42A9, 0x42A9, 0x4289, 0x42A9, 0x4289, 0x4289, 0x4289, 
0x4289, 0x4269, 0x4268, 0x4269, 0x4268, 0x3A48, 0x4268, 0x3A48, 
0x3A48, 0x3A48, 0x3A48, 0x3A48, 0x3A48, 0x3A48, 0x3A28, 0x3A28, 
0x7CF2, 0x8512, 0x8533, 0x8D53, 0x8D54, 0x9574, 0x9594, 0x9DB5, 
0xA5D6, 0xA5F6, 0xADF6, 0xAE16, 0xB617, 0xB638, 0xB617, 0xB657, 
0xB637, 0xB637, 0xB657, 0xA619, 0x9D97, 0x9556, 0x9D98, 0x9DB8, 
0x9577, 0x8516, 0x8D57, 0xA63A, 0x74F5, 0x74D5, 0x8537, 0x74D6, 
0x74D6, 0x6C75, 0x74D7, 0x6CB7, 0x74F8, 0x5C54, 0x53F3, 0x74F8, 
0x7D39, 0x6496, 0x5C52, 0x8578, 0x5C13, 0x5C13, 0x4BD2, 0x4B91, 
0x5BF2, 0x7CF5, 0x6C73, 0x8536, 0x6C74, 0x6C53, 0x8556, 0x6432, 
0x84F5, 0x7CB4, 0x74B2, 0x8534, 0x7CB1, 0x7CD3, 0x84F3, 0x84D3, 
0x84F3, 0x84D2, 0x84D2, 0x84F3, 0x84B2, 0x84D3, 0x7C92, 0x84B3, 
0x7C92, 0x7CD3, 0x7C92, 0x7492, 0x7CB3, 0x7C92, 0x7472, 0x7C93, 
0x7C93, 0x7CB3, 0x7493, 0x7473, 0x7452, 0x7452, 0x7432, 0x63F1, 
0x6C32, 0x7C94, 0x7CB4, 0x7454, 0xA61A, 0xA61A, 0xA5F9, 0xA5DA, 
0xA61B, 0x9DDA, 0x9DBA, 0x9DBA, 0x9579, 0x9579, 0x8D59, 0x8D38, 
0x84F7, 0x6C55, 0x6C35, 0x6C35, 0x6415, 0x6415, 0x6435, 0x6415, 
0x6C56, 0x6415, 0x6C56, 0x6436, 0x6435, 0x6415, 0x6436, 0x6456, 
0x6C56, 0x6435, 0x5C36, 0x5C36, 0x6C76, 0x6C97, 0x6CD9, 0x8559, 
0x857A, 0x857A, 0x8D9B, 0x8DBB, 0x95DB, 0x8DDB, 0x8DDB, 0x8559, 
0x74D7, 0x6C76, 0x6C76, 0x53B2, 0x6C96, 0x6435, 0x53D3, 0x4351, 
0x4BD4, 0x6476, 0x6415, 0x7CB7, 0x4AF0, 0x63B3, 0x63D4, 0x4B93, 
0x7D19, 0x74D8, 0x753A, 0x6CD8, 0x7518, 0x7519, 0x7539, 0x6CF9, 
0x74F9, 0x7519, 0x7519, 0x74F9, 0x6CF8, 0x7519, 0x7D39, 0x7519, 
0x6CD8, 0x7519, 0x7D5A, 0x7D3A, 0x7519, 0x74F9, 0x7D39, 0x7D3A, 
0x7519, 0x74F9, 0x7519, 0x7D3A, 0x7D5A, 0x74F9, 0x7D19, 0x7D3A, 
0x855A, 0x7D19, 0x74F9, 0x853A, 0x855A, 0x7D39, 0x74F9, 0x7D19, 
0x855A, 0x7D39, 0x855A, 0x6436, 0x5B94, 0x4AD1, 0x39EE, 0x4290, 
0x7436, 0x7434, 0x42B1, 0x3A30, 0x8CF8, 0x6393, 0x4271, 0x5350, 
0x6BF3, 0x6373, 0x4AEF, 0x42A9, 0x42CA, 0x4289, 0x42AA, 0x42A9, 
0x42AA, 0x42A9, 0x42A9, 0x4289, 0x4289, 0x4289, 0x4289, 0x4289, 
0x4289, 0x4269, 0x4269, 0x4269, 0x4268, 0x4268, 0x4268, 0x3A48, 
0x3A48, 0x3A48, 0x3A48, 0x3A48, 0x3A48, 0x3A28, 0x3A28, 0x3A28, 
0x7CF2, 0x8512, 0x8533, 0x8D33, 0x8D53, 0x9574, 0x9594, 0x9DB5, 
0xA5B5, 0xA5F6, 0xADF6, 0xAE17, 0xB617, 0xB638, 0xB617, 0xB657, 
0xB637, 0xB637, 0xAE17, 0x9D98, 0x9597, 0x9DB8, 0x9DD9, 0x9598, 
0x8D57, 0x8536, 0x9598, 0x95B8, 0x8556, 0x6C94, 0x95D9, 0x9E1B, 
0x6454, 0x53F3, 0x95DB, 0x7D18, 0x6455, 0x53F2, 0x7D59, 0x7519, 
0x6CB7, 0x4BF3, 0x7537, 0x9E1A, 0x7CF6, 0x2A8D, 0x7CF6, 0x7CF6, 
0x53B2, 0x8515, 0x8536, 0x6C53, 0x8536, 0x6432, 0x74B4, 0x8536, 
0x6C32, 0x8515, 0x8534, 0x74B2, 0x84F2, 0x84F3, 0x84F3, 0x84F3, 
0x7CD2, 0x84D3, 0x84F3, 0x84F3, 0x84D2, 0x7CB2, 0x84D3, 0x84D3, 
0x84D3, 0x7C92, 0x7CB2, 0x84F4, 0x84D3, 0x7C93, 0x7C93, 0x7C93, 
0x7472, 0x6C31, 0x7452, 0x7473, 0x7493, 0x8D16, 0x9556, 0xA5B8, 
0xADF9, 0xAE3A, 0xB65A, 0xA5FB, 0x9598, 0xAE5A, 0x9577, 0x9578, 
0x8D17, 0x8D17, 0x84D6, 0x7C96, 0x7496, 0x7476, 0x7476, 0x6C55, 
0x6C35, 0x6435, 0x6435, 0x6415, 0x6415, 0x6435, 0x6415, 0x6C56, 
0x5BF5, 0x6435, 0x5BF4, 0x6C56, 0x6415, 0x6435, 0x6435, 0x6436, 
0x6415, 0x6456, 0x5C15, 0x6476, 0x5C36, 0x6477, 0x6477, 0x6CB7, 
0x6CD7, 0x6CD8, 0x74F8, 0x7519, 0x7D39, 0x7559, 0x7D59, 0x859A, 
0x95DB, 0x855A, 0x74B7, 0x8538, 0x8D9A, 0x959A, 0x6C96, 0x6C76, 
0x5C55, 0x53D5, 0x4B32, 0x4B10, 0x3A8E, 0x6C14, 0x63F4, 0x74D6, 
0x6435, 0x855A, 0x6477, 0x6D19, 0x6CF8, 0x7519, 0x6CF9, 0x6CD8, 
0x7519, 0x7539, 0x7519, 0x74F9, 0x7519, 0x7519, 0x7D3A, 0x74F9, 
0x74F9, 0x7D5A, 0x7539, 0x7D39, 0x74F8, 0x7D3A, 0x855A, 0x7519, 
0x74F9, 0x74F9, 0x857B, 0x7D3A, 0x74F9, 0x7D19, 0x7D3A, 0x857B, 
0x74F9, 0x7D19, 0x7D3A, 0x855A, 0x855A, 0x6CD8, 0x7D3A, 0x855A, 
0x7D3A, 0x7519, 0x7519, 0x857A, 0x6436, 0x5B74, 0x52D2, 0x52F2, 
0x6BD3, 0x52F2, 0x31EE, 0x84B6, 0x4AB2, 0x3A10, 0x52F0, 0x7414, 
0x6BD2, 0x530F, 0x6BD5, 0x4AF0, 0x3AA8, 0x42C8, 0x428A, 0x42AA, 
0x4289, 0x42A9, 0x42A9, 0x42A9, 0x4289, 0x4289, 0x4289, 0x4289, 
0x4289, 0x4289, 0x4269, 0x4269, 0x4268, 0x4268, 0x4268, 0x3A48, 
0x3A48, 0x3A48, 0x3A48, 0x3A48, 0x3A48, 0x3A28, 0x3A28, 0x3A28, 
0x7CF1, 0x8512, 0x8533, 0x8D33, 0x8D53, 0x9574, 0x9594, 0x9DB5, 
0x9DB5, 0xA5D6, 0xA5F6, 0xADF6, 0xAE17, 0xAE17, 0xB617, 0xB637, 
0xB658, 0xAE38, 0x9D76, 0x9597, 0x9DD8, 0x9DD9, 0x9597, 0x9577, 
0x9578, 0x9598, 0x8D77, 0x7CD5, 0x8557, 0x9598, 0x8557, 0x74F6, 
0x7CF6, 0x74D6, 0x74F7, 0x6455, 0x5C34, 0x7D59, 0x7D18, 0x74F7, 
0x4BB2, 0x7D58, 0x8DB9, 0x8D58, 0x6C95, 0x5C13, 0x3B0F, 0x6C94, 
0x8D98, 0x6432, 0x7CD5, 0x74D5, 0x5C12, 0x95B8, 0x74B3, 0x74B3, 
0x8555, 0x8514, 0x8513, 0x8D34, 0x7CF2, 0x8513, 0x84F3, 0x7CD2, 
0x84F3, 0x84F2, 0x84F2, 0x7CD2, 0x7CF3, 0x8513, 0x84D3, 0x7CB3, 
0x7C92, 0x84D3, 0x84B3, 0x7C72, 0x7452, 0x7452, 0x7C93, 0x84B3, 
0x8D15, 0x9D97, 0xADF9, 0xBE5A, 0xBE9B, 0xBE9B, 0xB67B, 0xB63A, 
0xA619, 0x9DB8, 0x9598, 0x8D58, 0x7CD5, 0x7494, 0x9578, 0x84F6, 
0x7CB6, 0x6C34, 0x6C34, 0x6C55, 0x6C55, 0x6414, 0x6414, 0x6434, 
0x6435, 0x6435, 0x6415, 0x6435, 0x6C56, 0x5BF5, 0x6415, 0x5BF4, 
0x6436, 0x6415, 0x6435, 0x5C15, 0x5BF5, 0x6415, 0x6435, 0x6436, 
0x6415, 0x6456, 0x6436, 0x5C35, 0x6476, 0x6456, 0x6457, 0x6477, 
0x6456, 0x6456, 0x6477, 0x6C97, 0x6CB7, 0x64B7, 0x6CB7, 0x6CD7, 
0x7D19, 0x7CF8, 0x6476, 0x7CF7, 0x8538, 0x6C76, 0x8538, 0x95BB, 
0x95DB, 0x74F8, 0x74B7, 0x6435, 0x42F0, 0x53B3, 0x5BF4, 0x53D2, 
0x5C14, 0x4372, 0x6477, 0x6C98, 0x7519, 0x64B7, 0x6CD8, 0x7519, 
0x7519, 0x74F9, 0x6CD8, 0x7D3A, 0x7519, 0x7D3A, 0x6CD8, 0x7519, 
0x7D3A, 0x7D3A, 0x7519, 0x6CF8, 0x7D5A, 0x7D5A, 0x7D3A, 0x74F9, 
0x7D19, 0x855A, 0x7D19, 0x7D39, 0x7519, 0x7D3A, 0x855A, 0x74F9, 
0x7D3A, 0x7D3A, 0x855A, 0x7D3A, 0x74F9, 0x855A, 0x7D3A, 0x7D3A, 
0x7D19, 0x7539, 0x7539, 0x7D5A, 0x855A, 0x6C36, 0x4AF2, 0x8495, 
0x39F0, 0x3A30, 0x9518, 0x4290, 0x3A0F, 0x4291, 0x7C56, 0x5B51, 
0x42AF, 0x9518, 0x4AB0, 0x6BD4, 0x5311, 0x3AA9, 0x42C7, 0x42AA, 
0x42AA, 0x42A9, 0x42A9, 0x4289, 0x4289, 0x4289, 0x4289, 0x4289, 
0x4289, 0x4289, 0x4268, 0x4268, 0x4268, 0x4268, 0x4268, 0x3A48, 
0x3A48, 0x3A48, 0x3A48, 0x3A48, 0x3A48, 0x3A28, 0x3A28, 0x3A28, 
0x7CF1, 0x8512, 0x8512, 0x8D33, 0x8D53, 0x9574, 0x9594, 0x9D95, 
0x9DB5, 0xA5D6, 0xA5F6, 0xADF6, 0xAE17, 0xAE16, 0xB637, 0xB638, 
0xADF7, 0x9DB7, 0x9D97, 0x9DB8, 0xA5F9, 0x9DB8, 0x9577, 0x9598, 
0x9598, 0x8D78, 0x7CF6, 0x8537, 0x8516, 0x95B9, 0x74D5, 0x5C32, 
0x7D16, 0xA65B, 0x6474, 0x5C14, 0x7D38, 0x8559, 0x6CB6, 0x4BD2, 
0x8599, 0x8DBA, 0x8558, 0x4B51, 0x6454, 0x6C95, 0x6453, 0x6C93, 
0x74D4, 0x8D77, 0x6433, 0x6C53, 0x7CF6, 0x5BF0, 0x8D97, 0x7D14, 
0x8535, 0x8534, 0x7D13, 0x8513, 0x8513, 0x8513, 0x84F2, 0x84F2, 
0x8513, 0x84F3, 0x7CD2, 0x7CF2, 0x7CF2, 0x84F3, 0x7CB2, 0x7CB2, 
0x7CB2, 0x7451, 0x7471, 0x8493, 0x9556, 0xA5D8, 0xB639, 0xBE9A, 
0xC6BB, 0xC6DC, 0xBE5A, 0xB619, 0xADD9, 0x9D98, 0x9557, 0x8D15, 
0x84F5, 0x7CB4, 0x7CD4, 0x6C54, 0x7474, 0x6C33, 0x5BB1, 0x7CB5, 
0x6C33, 0x6C34, 0x6C14, 0x6413, 0x6414, 0x6414, 0x6414, 0x6434, 
0x6414, 0x63F4, 0x6414, 0x6415, 0x63F4, 0x6435, 0x6415, 0x6435, 
0x5BF4, 0x6415, 0x6415, 0x6415, 0x6415, 0x6435, 0x6435, 0x6415, 
0x5BF5, 0x6436, 0x6436, 0x6456, 0x5C36, 0x6456, 0x6457, 0x6477, 
0x6456, 0x6456, 0x6477, 0x6477, 0x6456, 0x6497, 0x6C97, 0x6C97, 
0x6C97, 0x6CB7, 0x74D8, 0x74D7, 0x5C14, 0x6435, 0x7CF7, 0x8D39, 
0x959A, 0x74D7, 0x6C97, 0x6C97, 0x6CB7, 0x74F8, 0x6476, 0x6C95, 
0x53D3, 0x6C56, 0x4352, 0x5C16, 0x53D6, 0x5C56, 0x6497, 0x74F9, 
0x6CB8, 0x6CD8, 0x7519, 0x7D3A, 0x7519, 0x6CF9, 0x753A, 0x7519, 
0x7D3A, 0x74F9, 0x7519, 0x7D5A, 0x7D39, 0x7D39, 0x74F9, 0x7D19, 
0x855A, 0x7D3A, 0x7519, 0x7519, 0x855A, 0x855A, 0x7D19, 0x74F9, 
0x7D19, 0x855A, 0x7D3A, 0x7D19, 0x7D19, 0x855A, 0x857B, 0x74F9, 
0x74F9, 0x7D5A, 0x7D5A, 0x7D7A, 0x6CF8, 0x855A, 0x6C77, 0x5312, 
0x5331, 0x7416, 0x4AB1, 0x4A90, 0x318C, 0x9539, 0x52D2, 0x42AE, 
0x9517, 0x3A50, 0x7414, 0x6C11, 0x6BB7, 0x5312, 0x3266, 0x42A8, 
0x42A9, 0x42A9, 0x4289, 0x4289, 0x4289, 0x4289, 0x4289, 0x4289, 
0x4289, 0x4269, 0x4269, 0x4268, 0x3A48, 0x4268, 0x4268, 0x3A48, 
0x3A48, 0x3A48, 0x3A48, 0x3A48, 0x3A48, 0x3A28, 0x3A28, 0x3A28, 
0x7CD1, 0x84F2, 0x8512, 0x8513, 0x8D33, 0x9554, 0x9574, 0x9D95, 
0x9DB5, 0xA5D5, 0xA5D6, 0xA5F6, 0xAE16, 0xAE16, 0xB637, 0xADF7, 
0x9556, 0x9556, 0xAE19, 0xA619, 0x9DD8, 0x9597, 0x9598, 0x9DB8, 
0x9598, 0x8D37, 0x8517, 0x8D78, 0x8557, 0x74B5, 0x8D78, 0x9DF9, 
0x6433, 0x74F6, 0x6CB5, 0x8558, 0x7D38, 0x74F7, 0x53F3, 0x8558, 
0x8D99, 0x8579, 0x4BD2, 0x3B0F, 0x32CE, 0x6433, 0x9E1A, 0x7D16, 
0x6432, 0x6C73, 0x74D5, 0x6433, 0x6412, 0x8556, 0x74D3, 0x8D95, 
0x8554, 0x7CF3, 0x8533, 0x8D74, 0x8533, 0x8513, 0x84F3, 0x8513, 
0x84F2, 0x84F3, 0x7CD2, 0x84F2, 0x84D2, 0x7491, 0x7CB2, 0x84D2, 
0x84D3, 0xA5D7, 0xADF8, 0xBE9B, 0xC6DB, 0xC6BB, 0xBE9B, 0xAE19, 
0xADF8, 0x9D97, 0x9556, 0x8CF5, 0x8CF5, 0x7CB4, 0x7CB4, 0x7CD4, 
0x7CB4, 0x7CB4, 0x7494, 0x7473, 0x6C33, 0x7C95, 0x5BB2, 0x6C53, 
0x7CD5, 0x6413, 0x6C34, 0x6413, 0x6C34, 0x6C35, 0x6414, 0x6C55, 
0x6414, 0x6414, 0x6C35, 0x6435, 0x6415, 0x5BF4, 0x6415, 0x5BD4, 
0x6436, 0x6415, 0x6435, 0x5BF5, 0x6415, 0x5C15, 0x6436, 0x6435, 
0x6435, 0x5C35, 0x6436, 0x5C15, 0x6456, 0x6456, 0x6457, 0x6456, 
0x6456, 0x6477, 0x6477, 0x6477, 0x6456, 0x6477, 0x6457, 0x6477, 
0x6497, 0x6477, 0x6C98, 0x6CB7, 0x6456, 0x7CF8, 0x8518, 0x84F8, 
0x42D0, 0x4B72, 0x53B3, 0x6476, 0x7519, 0x7D39, 0x857A, 0x6C56, 
0x8538, 0x8559, 0x6C76, 0x74B8, 0x6C57, 0x5436, 0x5415, 0x5436, 
0x5C56, 0x6497, 0x6CD8, 0x6CF9, 0x6CD9, 0x7519, 0x7519, 0x7D5A, 
0x751A, 0x6CF8, 0x7D3A, 0x7D39, 0x7D3A, 0x74F9, 0x74F9, 0x857A, 
0x7D3A, 0x7D39, 0x74F9, 0x7D5A, 0x855A, 0x7D19, 0x7D19, 0x74F9, 
0x857B, 0x7D3A, 0x74F9, 0x7D3A, 0x855A, 0x855A, 0x7D19, 0x7D19, 
0x7D3A, 0x7D3A, 0x857A, 0x6CD8, 0x7D5A, 0x7D5A, 0x8DBB, 0x5B96, 
0x5371, 0x63F3, 0x31CF, 0x4270, 0x94D7, 0x42B1, 0x5331, 0x73F5, 
0x4AB0, 0x5B72, 0x7C57, 0x5351, 0x4AED, 0x7C38, 0x52F2, 0x3AA8, 
0x42C9, 0x4289, 0x42A9, 0x4289, 0x4289, 0x4289, 0x4289, 0x4289, 
0x4289, 0x4268, 0x3A68, 0x4268, 0x3A48, 0x4268, 0x4268, 0x3A48, 
0x3A48, 0x3A48, 0x3A48, 0x3A48, 0x3A48, 0x3A28, 0x3A28, 0x3A28, 
0x7CD1, 0x7CF2, 0x84F2, 0x8512, 0x8D33, 0x8D53, 0x9574, 0x9594, 
0x9DB5, 0x9DB5, 0xA5D6, 0xA5F6, 0xA5F6, 0xAE16, 0x9DB6, 0x9D76, 
0xA5D8, 0xA5D8, 0x9DB7, 0xAE19, 0x9D97, 0x9597, 0x9DB8, 0x9598, 
0x8D57, 0x8517, 0x9DDA, 0xA61B, 0x6C95, 0x6C74, 0x8D99, 0x9E19, 
0x8557, 0x53F1, 0x7D37, 0x9E1B, 0x7D17, 0x53D1, 0x8558, 0x95BB, 
0x8559, 0x4BD2, 0x8597, 0x4BB0, 0x6453, 0x5C12, 0x7CF6, 0x8558, 
0x74B5, 0x6412, 0x6C54, 0x7495, 0x6432, 0x8D76, 0x95B7, 0x8554, 
0x7D33, 0x8D74, 0x8553, 0x8533, 0x7CF2, 0x8533, 0x8533, 0x84F2, 
0x84F2, 0x7CD2, 0x84D2, 0x8CF3, 0x8CF3, 0x9554, 0xADF7, 0xC6BA, 
0xD71C, 0xC6DB, 0xC6BB, 0xBE5A, 0xADF8, 0x9D56, 0x9515, 0x8D35, 
0x84F4, 0x84F4, 0x7C93, 0x7CB4, 0x7CB4, 0x7C93, 0x7473, 0x7473, 
0x7494, 0x7473, 0x6C53, 0x6C53, 0x7494, 0x6C34, 0x7455, 0x63D2, 
0x84F5, 0x8517, 0x7475, 0x6C14, 0x6C14, 0x6C14, 0x6C35, 0x63F4, 
0x63F4, 0x63F4, 0x6414, 0x6415, 0x63F4, 0x6415, 0x5BF5, 0x6C36, 
0x5BF4, 0x6415, 0x5BF4, 0x6415, 0x6435, 0x5BF4, 0x6415, 0x5BF5, 
0x6415, 0x5C35, 0x6436, 0x6436, 0x5C15, 0x6456, 0x5C56, 0x5C36, 
0x6457, 0x6457, 0x6457, 0x6457, 0x6477, 0x6457, 0x6457, 0x6457, 
0x6C98, 0x6CB8, 0x6477, 0x6497, 0x5C56, 0x5C15, 0x5BB3, 0x5331, 
0x8CD7, 0x5BB3, 0x7CF8, 0x6C97, 0x6CD9, 0x6C97, 0x6456, 0x63F6, 
0x7CF8, 0x8538, 0x8538, 0x7496, 0x8518, 0x7D5B, 0x753A, 0x6497, 
0x5C77, 0x5C36, 0x5416, 0x5436, 0x6477, 0x64B8, 0x7519, 0x6CF9, 
0x6CD8, 0x7539, 0x7D3A, 0x7D5A, 0x6CF8, 0x7519, 0x7D5A, 0x7D3A, 
0x7519, 0x74F9, 0x857B, 0x7D5A, 0x7D39, 0x7D19, 0x7D19, 0x855A, 
0x7D19, 0x7D19, 0x7D19, 0x855A, 0x857B, 0x74F9, 0x74F9, 0x855A, 
0x855A, 0x853A, 0x7CF9, 0x7D5A, 0x7D5A, 0x7D5A, 0x74D8, 0x859A, 
0x6437, 0x5393, 0x5B72, 0x6B94, 0x6B93, 0x5311, 0x6BD3, 0x6373, 
0x4290, 0x7C56, 0x52F2, 0x42AE, 0x9557, 0x5330, 0x6BB4, 0x5310, 
0x3A6A, 0x42A9, 0x4289, 0x4289, 0x4289, 0x4289, 0x4289, 0x4289, 
0x3A69, 0x4268, 0x3A68, 0x3A48, 0x3A48, 0x4268, 0x4268, 0x3A48, 
0x3A48, 0x3A48, 0x3A48, 0x3A48, 0x3A48, 0x3A28, 0x3A28, 0x3A28, 
0x7CD1, 0x7CF2, 0x7CF2, 0x8512, 0x8533, 0x8D53, 0x8D53, 0x9D75, 
0x9574, 0x9DD5, 0x9DD5, 0xA5D5, 0xA616, 0xA5F7, 0x9D96, 0x9576, 
0xAE39, 0xAE39, 0x9D97, 0x9576, 0xA619, 0xA5F9, 0x9DD9, 0x8D57, 
0x8D57, 0x9598, 0x8D78, 0x8537, 0x74D6, 0x8D79, 0x7D17, 0x6CB5, 
0x6C94, 0x95F9, 0x6453, 0x6CB5, 0x6CB5, 0x8558, 0x8D99, 0x95DA, 
0x4351, 0x3B0F, 0x53F2, 0x74B4, 0x8D77, 0x74B5, 0x5C12, 0x6453, 
0x7CF6, 0x74B5, 0x4B70, 0x6453, 0x8516, 0x8535, 0x8D97, 0x7D53, 
0x8D94, 0x8553, 0x8574, 0x7D33, 0x7D33, 0x8532, 0x8512, 0x84D2, 
0x7CB1, 0x9554, 0xA5D6, 0xBE79, 0xCEDA, 0xD71B, 0xD71B, 0xBE79, 
0xAE17, 0xA5B7, 0x9D76, 0x9535, 0x84D3, 0x84D4, 0x8CF4, 0x8514, 
0x7CD3, 0x7C93, 0x7CB3, 0x7C93, 0x7C93, 0x7473, 0x7472, 0x7493, 
0x6C53, 0x7473, 0x6C73, 0x7453, 0x6C33, 0x6C33, 0x6C13, 0x63F2, 
0x5BB1, 0x5BF1, 0x7474, 0x6412, 0x6413, 0x6C55, 0x6414, 0x63F4, 
0x6415, 0x6415, 0x6414, 0x6414, 0x6415, 0x6415, 0x6415, 0x5BF5, 
0x6415, 0x63F5, 0x6415, 0x5BF4, 0x5C15, 0x5BF5, 0x6436, 0x6415, 
0x6436, 0x5C15, 0x6436, 0x5C16, 0x6436, 0x6436, 0x6436, 0x5C56, 
0x5C56, 0x5C36, 0x5C36, 0x5C57, 0x6477, 0x6436, 0x6456, 0x6456, 
0x6457, 0x6477, 0x6456, 0x64B7, 0x6CD7, 0x74D8, 0x4B32, 0x6393, 
0x7C55, 0x6C55, 0x7CD7, 0x6C76, 0x74D8, 0x6436, 0x6416, 0x6497, 
0x6477, 0x53B4, 0x7CD8, 0x7CF8, 0x6435, 0x8DBB, 0x8D7A, 0x95DC, 
0x857B, 0x7D7A, 0x6CF7, 0x5C77, 0x5436, 0x5C57, 0x5436, 0x64B8, 
0x6CB9, 0x7539, 0x74F9, 0x6CF9, 0x7519, 0x7D3A, 0x7D5A, 0x74F9, 
0x7519, 0x7D5A, 0x855A, 0x7519, 0x74F9, 0x7D5A, 0x7D5A, 0x7D39, 
0x74F9, 0x7D3A, 0x7D5A, 0x855A, 0x7D19, 0x74F9, 0x7D3A, 0x855A, 
0x7D3A, 0x74F9, 0x7D3A, 0x857A, 0x7D39, 0x7D19, 0x74F9, 0x7D39, 
0x855A, 0x6437, 0x4B32, 0x6BD4, 0x314D, 0x73F4, 0x5B52, 0x3A4F, 
0x8CF8, 0x29CE, 0x4290, 0x8CF5, 0x4AB2, 0x6BF3, 0x6C13, 0x6BB5, 
0x5311, 0x3A68, 0x428A, 0x4289, 0x4289, 0x4289, 0x4269, 0x4269, 
0x4269, 0x4269, 0x4268, 0x4268, 0x3A48, 0x3A48, 0x3A48, 0x3A48, 
0x3A48, 0x3A48, 0x3A48, 0x3A28, 0x3A28, 0x3A28, 0x3A28, 0x3A28, 
0x74D1, 0x7CD2, 0x7CF2, 0x84F2, 0x8533, 0x8D33, 0x8D53, 0x9555, 
0x9D74, 0x9D94, 0x9DB4, 0xA5F6, 0x9DB6, 0x8D56, 0x8D56, 0x9597, 
0xA619, 0x9DD8, 0x8D56, 0x9DD7, 0x9597, 0xB69B, 0x8D57, 0x8D77, 
0x9D99, 0x9599, 0x8537, 0x74B5, 0x95B9, 0x8558, 0x8538, 0x5C33, 
0x8D98, 0x95D9, 0x8D98, 0x434F, 0x6CD5, 0xAE7C, 0x95DA, 0x4B70, 
0x3AEF, 0x4350, 0x6C74, 0x6C93, 0x8536, 0x74F6, 0x5C12, 0x53B1, 
0x74D5, 0x74B4, 0x7D16, 0x8557, 0x7D16, 0x6453, 0x53D1, 0x8DB6, 
0x8574, 0x8DB5, 0x8553, 0x8532, 0x8552, 0x8512, 0x84F2, 0x9554, 
0xBEB9, 0xD75C, 0xD73C, 0xCEFB, 0xC69A, 0xB638, 0x9D95, 0x9554, 
0x8D14, 0x8D34, 0x8CF4, 0x7CB2, 0x84F4, 0x84D3, 0x84D4, 0x7CB3, 
0x7492, 0x7493, 0x7472, 0x7472, 0x7452, 0x7493, 0x7493, 0x7473, 
0x7493, 0x6C53, 0x6C53, 0x7453, 0x6C33, 0x6C33, 0x7454, 0x7454, 
0x7454, 0x63F1, 0x9577, 0x7454, 0x7CB5, 0x5BD3, 0x6C35, 0x6415, 
0x6415, 0x6415, 0x6414, 0x6415, 0x6415, 0x6415, 0x6415, 0x5BF5, 
0x5BF5, 0x6415, 0x6415, 0x5BF5, 0x5BD5, 0x6C56, 0x5BD5, 0x6436, 
0x6416, 0x5BF5, 0x5C16, 0x6416, 0x6416, 0x6416, 0x6416, 0x6436, 
0x6436, 0x6436, 0x6456, 0x6456, 0x5C37, 0x5C36, 0x6457, 0x6477, 
0x6457, 0x6457, 0x6C77, 0x5C77, 0x6C97, 0x6C77, 0x5BD4, 0x5352, 
0x4B12, 0x9DDB, 0x6C76, 0x7CF7, 0x53D3, 0x5BF5, 0x6C98, 0x6456, 
0x6456, 0x5C15, 0x8D5A, 0x8518, 0x7CB6, 0x6434, 0x6C56, 0x853A, 
0x8DBC, 0x859A, 0x85DA, 0x8DDC, 0x7D5A, 0x6497, 0x5436, 0x4BF5, 
0x5C37, 0x5C77, 0x6497, 0x6CD8, 0x7519, 0x753A, 0x751A, 0x7519, 
0x7D3A, 0x857B, 0x74F9, 0x7519, 0x7D5A, 0x7D5A, 0x7D5A, 0x6CF8, 
0x7D3A, 0x7D5A, 0x7D5A, 0x7D3A, 0x74F9, 0x855A, 0x7D19, 0x7D3A, 
0x7D19, 0x7D19, 0x855A, 0x7D19, 0x7D3A, 0x74F9, 0x7D3A, 0x853A, 
0x7519, 0x7D7A, 0x6C77, 0x5B34, 0x4A51, 0x31AC, 0x5B12, 0x8CF8, 
0x21AE, 0x4AF1, 0x5B74, 0x5B53, 0x4B0F, 0x84B7, 0x4AD2, 0x4AB0, 
0x6BD4, 0x52D0, 0x3A69, 0x42A7, 0x3A48, 0x426A, 0x4268, 0x4269, 
0x4269, 0x4269, 0x4268, 0x4268, 0x4268, 0x3A48, 0x3A48, 0x3A48, 
0x3A48, 0x3A48, 0x3A48, 0x3A28, 0x3A28, 0x3A28, 0x3A28, 0x3A07, 
0x74B1, 0x7CD2, 0x7CF2, 0x7CF2, 0x8512, 0x8D33, 0x8D53, 0x8D53, 
0x9553, 0x9594, 0x9D95, 0x9576, 0x84F5, 0x8535, 0x8535, 0x8D76, 
0x9577, 0x8D57, 0x9577, 0xAE5A, 0x9DD8, 0x8515, 0x9DD9, 0x9DF9, 
0x9DB8, 0x7CF6, 0x8D78, 0x9E1A, 0x8537, 0x7CF7, 0x6434, 0x8DB9, 
0x8D99, 0x8557, 0x5C33, 0x8DB9, 0x6473, 0x74B6, 0x6C95, 0x6C74, 
0x432F, 0x6433, 0x8537, 0x7D36, 0x74D5, 0x7CF6, 0x4B91, 0x4B90, 
0x434F, 0x7D35, 0xA639, 0x95D8, 0x6C93, 0x74D5, 0x7CF6, 0x95B8, 
0x95D7, 0x8513, 0x8D52, 0x9553, 0x9D95, 0xC699, 0xD71B, 0xDF7C, 
0xCF1B, 0xBE99, 0xAE37, 0x9DB5, 0x9595, 0x8D34, 0x8D54, 0x8D33, 
0x8D34, 0x7CF3, 0x7CD3, 0x7CD3, 0x7492, 0x7CD3, 0x7CB3, 0x7493, 
0x7492, 0x7493, 0x7493, 0x7452, 0x7472, 0x7473, 0x6C52, 0x7473, 
0x6C32, 0x6C53, 0x6C32, 0x6C53, 0x6C33, 0x6C33, 0x6433, 0x6C54, 
0x6C54, 0x6392, 0x63B3, 0x84D7, 0x7455, 0x6C14, 0x63D3, 0x6435, 
0x6414, 0x63F4, 0x63F4, 0x6415, 0x6415, 0x5BF4, 0x5BF5, 0x6415, 
0x6415, 0x6415, 0x6415, 0x5BF4, 0x6436, 0x5BF5, 0x6436, 0x5BF5, 
0x6436, 0x5C16, 0x6436, 0x6436, 0x6436, 0x6416, 0x5C16, 0x5C16, 
0x6436, 0x6436, 0x6436, 0x6436, 0x6436, 0x5C17, 0x5C37, 0x5C57, 
0x5C37, 0x5C37, 0x6457, 0x6C78, 0x5C16, 0x5C36, 0x4BB5, 0x5C16, 
0x4BB5, 0x5BD3, 0x6C96, 0x5BF3, 0x7D18, 0x7D39, 0x6456, 0x6C57, 
0x6416, 0x53B4, 0x63F5, 0x63F4, 0x8D38, 0x6C55, 0x8518, 0x6456, 
0x855A, 0x7D59, 0x859A, 0x8DDB, 0x859A, 0x8DDB, 0x857A, 0x7539, 
0x6497, 0x4BD5, 0x5416, 0x5C77, 0x6CD8, 0x6CD8, 0x64B8, 0x7D3A, 
0x7D3A, 0x7519, 0x7D3A, 0x7D3A, 0x7D5A, 0x7D3A, 0x7519, 0x7D3A, 
0x7D3A, 0x7D5A, 0x7D3A, 0x74F9, 0x855A, 0x7D3A, 0x7D3A, 0x74F9, 
0x7D19, 0x857B, 0x7D19, 0x7D3A, 0x74F9, 0x855A, 0x855A, 0x7D39, 
0x7519, 0x7539, 0x855A, 0x7477, 0x5333, 0x52F1, 0x73D5, 0x426F, 
0x52D2, 0x6BD4, 0x73D5, 0x3A30, 0x8497, 0x4AB0, 0x6373, 0x84B7, 
0x42AF, 0x6B95, 0x4ACF, 0x3A49, 0x42C8, 0x4288, 0x426A, 0x4268, 
0x4268, 0x4268, 0x4268, 0x3A48, 0x3A48, 0x3A48, 0x3A48, 0x3A48, 
0x3A48, 0x3A48, 0x3A48, 0x3A28, 0x3A28, 0x3A28, 0x3A07, 0x3A28, 
0x74B1, 0x7CD2, 0x7CD2, 0x7CF2, 0x84F2, 0x8512, 0x8D33, 0x8D52, 
0x9573, 0x9D95, 0x8D55, 0x84D4, 0x7CD5, 0x8515, 0x8516, 0x8515, 
0x8516, 0x8D77, 0x9DD9, 0x9DD8, 0x95B8, 0x8536, 0x8D57, 0xA63A, 
0x8D57, 0x74D5, 0x8557, 0x9DDA, 0x7CF6, 0x6474, 0x8D99, 0x8D99, 
0x7D37, 0x5412, 0x8D98, 0xA65B, 0x95F9, 0x3AEE, 0x53D2, 0x6C74, 
0x6C95, 0x7CF6, 0x6C94, 0x6C94, 0x6C94, 0x5BF2, 0x8D77, 0x53F1, 
0x8D97, 0x7513, 0x7D13, 0x8554, 0x7CF4, 0x8556, 0x7CB5, 0x6C74, 
0x6C52, 0x8514, 0xB678, 0xCF1A, 0xDF5C, 0xD6FA, 0xC6B9, 0xB637, 
0x9DB5, 0x9574, 0x8D53, 0x8D74, 0x8533, 0x84F2, 0x8513, 0x7CF2, 
0x7CD2, 0x7CB2, 0x7CB2, 0x7491, 0x7CB2, 0x7492, 0x6C71, 0x7472, 
0x6C72, 0x7472, 0x6C52, 0x6C31, 0x6C31, 0x6C31, 0x6411, 0x63F1, 
0x6C32, 0x6412, 0x6412, 0x6412, 0x6432, 0x6412, 0x6412, 0x6412, 
0x6433, 0x63F4, 0x5BB3, 0x5372, 0x7496, 0x6413, 0x6413, 0x5BF3, 
0x5BF3, 0x5BF4, 0x63F4, 0x63F5, 0x5BD4, 0x5BF5, 0x5BF5, 0x6415, 
0x63F5, 0x5BF5, 0x5BF5, 0x5BF4, 0x5BF5, 0x6436, 0x5BD5, 0x6416, 
0x6416, 0x5C16, 0x5C16, 0x5BF5, 0x5C16, 0x6416, 0x6416, 0x5C37, 
0x5437, 0x5C16, 0x5C17, 0x5C17, 0x5C16, 0x5C16, 0x5C16, 0x53F6, 
0x5C16, 0x5C16, 0x5C36, 0x5BF5, 0x53B5, 0x4B73, 0x4B94, 0x6497, 
0x5436, 0x5BD4, 0x4B72, 0x6C55, 0x6C76, 0x6456, 0x6456, 0x4B94, 
0x5C16, 0x6C58, 0x6437, 0x53D4, 0x6CB7, 0x84F8, 0x6414, 0x74B7, 
0x5C35, 0x74F8, 0x7D39, 0x6CF8, 0x7D59, 0x859A, 0x8DBB, 0x859B, 
0x859B, 0x7D5A, 0x6CF9, 0x5C56, 0x43B4, 0x5415, 0x6497, 0x6CD8, 
0x64B8, 0x6CF9, 0x7519, 0x7D5B, 0x7D5A, 0x74F9, 0x7D39, 0x7D3A, 
0x857A, 0x7D39, 0x7519, 0x7D3A, 0x855A, 0x7D3A, 0x74F9, 0x7D19, 
0x855A, 0x7D3A, 0x7D19, 0x74F9, 0x855A, 0x7D3A, 0x7D19, 0x74F9, 
0x753A, 0x7D5A, 0x7D5A, 0x7D1A, 0x6456, 0x5333, 0x5B52, 0x298E, 
0x7BF4, 0x6B75, 0x31ED, 0x9538, 0x31D1, 0x5B33, 0x8CD6, 0x3A6E, 
0x6392, 0x6BF3, 0x5B34, 0x4AB1, 0x3A67, 0x42A6, 0x426A, 0x4268, 
0x4269, 0x4268, 0x4268, 0x4268, 0x3A48, 0x3A48, 0x3A48, 0x3A48, 
0x3A48, 0x3A48, 0x3A48, 0x3A28, 0x3A28, 0x3A28, 0x3A28, 0x3A07, 
0x7490, 0x74B1, 0x7CD2, 0x7CF2, 0x7CF2, 0x8512, 0x8513, 0x8D53, 
0x9575, 0x8514, 0x7493, 0x7C94, 0x84F5, 0x7CF4, 0x7CF5, 0x7CF5, 
0x8D77, 0x9DD9, 0x9DB8, 0x8D57, 0x8D77, 0xAE7B, 0x8D77, 0x7CD5, 
0x8D57, 0x95B8, 0x8D98, 0x7D16, 0x6C74, 0x8D99, 0x95B9, 0x7D16, 
0x53F2, 0x8578, 0x9E3B, 0x8DD9, 0x5C33, 0x8557, 0x4B91, 0x53B1, 
0x8D98, 0x8556, 0x7CF5, 0x6433, 0x6433, 0x7CF6, 0x4B90, 0x9DF9, 
0x9E39, 0x8595, 0x7513, 0x7D33, 0x8D95, 0x7CF4, 0x6C53, 0x8D16, 
0xA5D8, 0xD77E, 0xD75D, 0xC6DA, 0xB658, 0xA5F6, 0x9DB5, 0x9574, 
0x8D33, 0x8532, 0x8532, 0x7CF1, 0x7CD1, 0x7CD2, 0x74B1, 0x7CB1, 
0x7491, 0x7470, 0x7470, 0x7471, 0x6C30, 0x6C30, 0x6C10, 0x6C10, 
0x63CF, 0x63CF, 0x5B6E, 0x5B4E, 0x5B4E, 0x534E, 0x4B2D, 0x534E, 
0x4B0D, 0x532E, 0x532E, 0x534F, 0x536F, 0x536F, 0x536F, 0x5B90, 
0x5BB0, 0x5BF2, 0x5BF2, 0x5391, 0x6412, 0x74B5, 0x8557, 0x53B2, 
0x5BD3, 0x5BF3, 0x63F4, 0x63F4, 0x5BD4, 0x6415, 0x5BF5, 0x5BF4, 
0x5BF4, 0x5BF5, 0x5BD5, 0x5BD4, 0x6415, 0x5BD4, 0x6416, 0x5BD5, 
0x6416, 0x5C16, 0x5C16, 0x5BF5, 0x5BF5, 0x5C16, 0x6416, 0x5416, 
0x53F6, 0x53F6, 0x5BF5, 0x53D4, 0x4B93, 0x5BB3, 0x4B72, 0x4B51, 
0x4B51, 0x4B51, 0x4331, 0x42AF, 0x42F0, 0x42D0, 0x53D3, 0x53B3, 
0x53D3, 0x4B11, 0x42D0, 0x5372, 0x63F3, 0x6C56, 0x5373, 0x74D8, 
0x5C36, 0x53F6, 0x53D6, 0x4BB5, 0x4BB4, 0x63F4, 0x7CD7, 0x6434, 
0x8559, 0x6435, 0x6C77, 0x74F9, 0x7D5A, 0x7D39, 0x7D39, 0x7D39, 
0x857A, 0x8DDC, 0x859B, 0x7D5A, 0x6CF8, 0x5C56, 0x4BF5, 0x5436, 
0x5C57, 0x6497, 0x7519, 0x6CF9, 0x74F9, 0x7519, 0x7D3A, 0x855A, 
0x74F9, 0x7D39, 0x7D3A, 0x857B, 0x7D3A, 0x74D8, 0x855A, 0x7D3A, 
0x857B, 0x74F9, 0x7D19, 0x855A, 0x7D3A, 0x7D3A, 0x74D8, 0x857B, 
0x7D3A, 0x7D3A, 0x6CF8, 0x7D5A, 0x859B, 0x6416, 0x5333, 0x320E, 
0x39CF, 0x52D0, 0x8CD8, 0x29AF, 0x7C55, 0x6BD4, 0x4270, 0x5311, 
0x6BB3, 0x6392, 0x52F1, 0x5B13, 0x428F, 0x3A4A, 0x42A7, 0x4269, 
0x4269, 0x4268, 0x3A48, 0x4268, 0x3A48, 0x3A48, 0x3A48, 0x3A48, 
0x3A48, 0x3A48, 0x3A48, 0x3A28, 0x3A28, 0x3A07, 0x3A28, 0x3207, 
0x7490, 0x74B1, 0x74B1, 0x7CD2, 0x7CD2, 0x84F2, 0x8512, 0x8533, 
0x7CF3, 0x7472, 0x7494, 0x74B4, 0x7CB4, 0x7CD5, 0x7CD5, 0x8536, 
0x95B8, 0x9598, 0x8D37, 0x8516, 0x8D78, 0x95B8, 0x9DD9, 0x8516, 
0x8536, 0xAE5B, 0x8536, 0x6C74, 0x95B9, 0x8D99, 0x8558, 0x5C13, 
0x8D99, 0x9E1A, 0x8D98, 0x53D1, 0x434F, 0x74B5, 0x7D16, 0x74D5, 
0x6473, 0x8D77, 0x6C73, 0x6433, 0x6433, 0x53B1, 0x8537, 0x6473, 
0x9E18, 0x8596, 0x7D54, 0x8573, 0x8573, 0x8D95, 0x9DD8, 0xD75D, 
0xC6DC, 0xADFA, 0x8516, 0x9DD7, 0x9DF6, 0x8DD5, 0x8553, 0x7D12, 
0x8532, 0x7CF1, 0x74B0, 0x6C70, 0x6C90, 0x6C70, 0x6C50, 0x63EF, 
0x63CE, 0x63AE, 0x5B8D, 0x4B0B, 0x4AEB, 0x42AA, 0x3A8A, 0x3248, 
0x31E7, 0x29C6, 0x29C7, 0x2986, 0x2186, 0x2166, 0x21A7, 0x2186, 
0x29A7, 0x2187, 0x2187, 0x2187, 0x29A7, 0x29A8, 0x29A8, 0x29A8, 
0x31C8, 0x3209, 0x3A4A, 0x3A6B, 0x3A8C, 0x42AD, 0x4AEF, 0x53B2, 
0x53B2, 0x53B3, 0x5BD4, 0x5BB4, 0x5BB4, 0x5BF4, 0x5BF4, 0x5BD4, 
0x5BD4, 0x5BD5, 0x5BD5, 0x5BF4, 0x5BD4, 0x6415, 0x5BD5, 0x5BF5, 
0x5BD5, 0x5BF5, 0x5BF5, 0x53D5, 0x53B5, 0x4B94, 0x4B74, 0x5350, 
0x42EF, 0x3A8D, 0x3A2C, 0x31EA, 0x31CA, 0x1968, 0x1968, 0x2168, 
0x2188, 0x2168, 0x1968, 0x1926, 0x1967, 0x21A8, 0x21C9, 0x21C9, 
0x21EA, 0x31EA, 0x322A, 0x1987, 0x3AAB, 0x2A2A, 0x3AAC, 0x4B2E, 
0x42EE, 0x42CF, 0x42D0, 0x4311, 0x5353, 0x4332, 0x53B3, 0x6455, 
0x6C55, 0x5C15, 0x7498, 0x6CB9, 0x6CB9, 0x6CB8, 0x74F9, 0x855A, 
0x855A, 0x7D7A, 0x7539, 0x7D7A, 0x8DFC, 0x859B, 0x7519, 0x4BF5, 
0x4BD5, 0x5C57, 0x5C77, 0x64B8, 0x6CF9, 0x7D39, 0x7D5A, 0x74F9, 
0x7D39, 0x7D5A, 0x7D5A, 0x7D3A, 0x74F9, 0x855A, 0x7D3A, 0x7D3A, 
0x7D19, 0x7D19, 0x855A, 0x7D3A, 0x7D3A, 0x74F9, 0x7D19, 0x7D3A, 
0x7D1A, 0x74F9, 0x7D19, 0x7D3A, 0x7D5A, 0x859B, 0x6436, 0x6394, 
0x52D2, 0x73F5, 0x42D0, 0x5B53, 0x6BF3, 0x5311, 0x4270, 0x8497, 
0x5B53, 0x320D, 0x7C75, 0x6372, 0x5B13, 0x428F, 0x3A6A, 0x4268, 
0x4268, 0x3A48, 0x4268, 0x3A48, 0x3A48, 0x3A48, 0x3A48, 0x3A48, 
0x3A48, 0x3A48, 0x3A48, 0x3A28, 0x3A28, 0x3A28, 0x3207, 0x3A07, 
0x7490, 0x7491, 0x7CD1, 0x74B1, 0x7CD1, 0x84F2, 0x8532, 0x74B3, 
0x6C32, 0x6C53, 0x7CB5, 0x7CF5, 0x7493, 0x6C94, 0x8536, 0x9598, 
0x9598, 0x7D16, 0x7CF6, 0xA61A, 0x9DF9, 0x8536, 0x74D5, 0xA63A, 
0x8536, 0x74F5, 0x8557, 0x8D98, 0x9DF9, 0x8557, 0x6433, 0x8D99, 
0x9E1B, 0x8D98, 0x6453, 0x74F5, 0x434F, 0x6453, 0x7D16, 0x8D98, 
0x74D5, 0x6C73, 0x7CF5, 0x6C94, 0x6432, 0x53F1, 0x95D9, 0x74D5, 
0x7D16, 0x7515, 0x9E38, 0x8D74, 0x9D94, 0xD73B, 0xDF7E, 0xB67A, 
0x8516, 0x9598, 0x6412, 0x9597, 0x8D96, 0x95B6, 0x7D52, 0x7D51, 
0x74B0, 0x6C0F, 0x63CE, 0x5B8D, 0x5B6C, 0x530B, 0x3A89, 0x3208, 
0x29C7, 0x21A6, 0x19A6, 0x21A6, 0x21A7, 0x29E8, 0x3229, 0x3269, 
0x3A8A, 0x42EB, 0x4AEC, 0x4B0C, 0x532D, 0x5B4E, 0x5B6E, 0x5B6F, 
0x638F, 0x5B4E, 0x63D0, 0x5B2E, 0x532E, 0x530E, 0x4AEE, 0x3AAD, 
0x326C, 0x324A, 0x29E9, 0x29E9, 0x29C9, 0x29C9, 0x21A9, 0x3AAB, 
0x3AAC, 0x534F, 0x4B0F, 0x5351, 0x5B93, 0x53D3, 0x5BD4, 0x5BD4, 
0x5BD4, 0x5BF5, 0x5BD5, 0x5BF4, 0x5BF4, 0x53B4, 0x5BF6, 0x53D6, 
0x4BB6, 0x5393, 0x4B52, 0x4B10, 0x3A8D, 0x31EA, 0x2989, 0x1967, 
0x1947, 0x1947, 0x1969, 0x21AA, 0x29CB, 0x2A6D, 0x42AE, 0x42EF, 
0x4310, 0x42F0, 0x42CF, 0x4B0F, 0x4B30, 0x4B31, 0x4331, 0x4331, 
0x4351, 0x4B71, 0x4330, 0x430F, 0x328D, 0x2A4C, 0x326D, 0x324A, 
0x2A0A, 0x3A8D, 0x29EB, 0x29CB, 0x29CC, 0x21CA, 0x326C, 0x42EE, 
0x42CE, 0x4B50, 0x53B2, 0x5393, 0x6436, 0x6477, 0x7519, 0x7539, 
0x7D39, 0x6CF9, 0x7519, 0x7D5A, 0x859B, 0x857B, 0x7D5A, 0x753A, 
0x6498, 0x43B4, 0x53D4, 0x5C36, 0x5C98, 0x74F9, 0x74F9, 0x74F9, 
0x7D5A, 0x857A, 0x7D39, 0x7D19, 0x7D19, 0x855A, 0x7D3A, 0x7D19, 
0x7519, 0x855A, 0x855A, 0x7D3A, 0x7D19, 0x7D3A, 0x855A, 0x7D3A, 
0x7CF9, 0x7D19, 0x855A, 0x7D39, 0x7519, 0x6CF9, 0x857A, 0x63F6, 
0x63B4, 0x5B33, 0x296D, 0x8434, 0x4A91, 0x29CE, 0x8CF7, 0x4AD0, 
0x3A10, 0x84B7, 0x6BD3, 0x428E, 0x5B51, 0x6393, 0x426F, 0x3A48, 
0x4288, 0x3A68, 0x4249, 0x3A49, 0x3A48, 0x3A48, 0x3A48, 0x3A48, 
0x3A48, 0x3A48, 0x3A48, 0x3A28, 0x3A28, 0x3A28, 0x3207, 0x3A07, 
0x7490, 0x7491, 0x74B1, 0x7490, 0x7CF2, 0x7CF2, 0x74B1, 0x63F2, 
0x6412, 0x6412, 0x6C53, 0x74D4, 0x6C53, 0x7D16, 0x8D78, 0x8D77, 
0x7CF6, 0x7CF6, 0x8D98, 0x8D57, 0x8536, 0x74B4, 0x8D98, 0x95F9, 
0x8D98, 0x5C32, 0x74F5, 0xAE9C, 0x8D77, 0x5C32, 0x8D77, 0xA63B, 
0x95D9, 0x6C94, 0x5C12, 0x6453, 0x74F5, 0x8556, 0x6CB4, 0x74D4, 
0x8D98, 0x6473, 0x6473, 0x8597, 0x8DD8, 0x95D7, 0x8576, 0x74D5, 
0x74D5, 0x6CB5, 0x8D76, 0x9595, 0xD73B, 0xE7BD, 0xBE58, 0x8555, 
0x95B7, 0x8D97, 0x8D57, 0x6411, 0x538F, 0x9576, 0x7D52, 0x64CE, 
0x42C9, 0x21A7, 0x21A6, 0x1923, 0x1923, 0x1924, 0x2185, 0x3A48, 
0x4AEB, 0x534C, 0x5B8D, 0x6C0F, 0x6C10, 0x6C10, 0x6C10, 0x6C51, 
0x7472, 0x7472, 0x7472, 0x6C52, 0x7472, 0x7452, 0x6C32, 0x6C32, 
0x6C32, 0x6C32, 0x9577, 0xBE9C, 0xA5D9, 0x9557, 0x8537, 0x7CF6, 
0x6CB5, 0x6C54, 0x6413, 0x5BD2, 0x5B70, 0x4B2F, 0x4ACD, 0x42AC, 
0x324A, 0x29E9, 0x2A2A, 0x21A9, 0x322C, 0x42EE, 0x4B10, 0x5372, 
0x5BB4, 0x5BD5, 0x53B4, 0x5395, 0x53B4, 0x5B93, 0x5372, 0x4B10, 
0x42AE, 0x21A9, 0x1928, 0x10E7, 0x1908, 0x2169, 0x31CB, 0x324D, 
0x42CF, 0x5371, 0x63F4, 0x7476, 0x7CD8, 0x857A, 0x959A, 0x8D7A, 
0x751A, 0x6CB8, 0x6C36, 0x4311, 0x5394, 0x53B5, 0x53F6, 0x5C57, 
0x6497, 0x64B8, 0x6477, 0x6477, 0x6C77, 0x5BD4, 0x6C15, 0x6434, 
0x6433, 0x84F7, 0x63F3, 0x5371, 0x4B30, 0x42EE, 0x42AD, 0x2A0B, 
0x21CA, 0x2A4B, 0x2A4B, 0x21C9, 0x328D, 0x53F4, 0x6CF9, 0x7D5B, 
0x6499, 0x7D39, 0x7D5A, 0x7D5A, 0x7D39, 0x7D39, 0x7D5A, 0x859B, 
0x6D3A, 0x4BD4, 0x4B51, 0x5BF4, 0x5437, 0x6478, 0x6CB9, 0x7D5A, 
0x7D5A, 0x7D5A, 0x7518, 0x7D3A, 0x855A, 0x7D39, 0x7D3A, 0x7D19, 
0x7D5A, 0x855A, 0x7D19, 0x7D19, 0x7D19, 0x855A, 0x7D3A, 0x74F9, 
0x7D3A, 0x7D19, 0x855A, 0x7D19, 0x74F9, 0x7D5A, 0x7D3A, 0x857B, 
0x5BB5, 0x5B33, 0x4A71, 0x398D, 0x52B0, 0x8CF8, 0x3A50, 0x4291, 
0x5B32, 0x6BD5, 0x3A6F, 0x3A6E, 0x9559, 0x42B0, 0x6394, 0x428D, 
0x3228, 0x3A87, 0x3227, 0x3A49, 0x3228, 0x3A48, 0x3A48, 0x3A48, 
0x3A48, 0x3A28, 0x3A28, 0x3A28, 0x3A28, 0x3A28, 0x3207, 0x3A07, 
0x7490, 0x74B1, 0x6C90, 0x7490, 0x7CD2, 0x6C72, 0x5BD1, 0x5BF1, 
0x5BD1, 0x6432, 0x6432, 0x5C12, 0x7CF5, 0x8D77, 0x8577, 0x7D16, 
0x7CF6, 0x8557, 0x8D99, 0x7CF5, 0x74B4, 0x95B8, 0x95B8, 0x7D15, 
0x6C94, 0xA67B, 0x74D5, 0x74D5, 0x74D5, 0x8D98, 0xA65B, 0x8D99, 
0x4350, 0x74B5, 0x7D16, 0x5C32, 0x8557, 0x8D97, 0x7CF5, 0x6432, 
0x74D4, 0x8D98, 0x7D36, 0x6473, 0x8DB7, 0x9E38, 0x74F3, 0x6452, 
0x6C93, 0x7CF6, 0x7473, 0xB65A, 0xDFDE, 0xAE37, 0x8532, 0x8DD3, 
0x8D93, 0x6450, 0x8D36, 0x8516, 0x9577, 0x63F1, 0x95F6, 0x540D, 
0x00C1, 0x1964, 0x2A06, 0x3AA9, 0x5B8C, 0x7450, 0x84D1, 0x7CB1, 
0x7C91, 0x7CB1, 0x7CB1, 0x74B1, 0x7CB2, 0x7471, 0x7492, 0x7492, 
0x7472, 0x7492, 0x7472, 0x7492, 0x7472, 0x7473, 0x7452, 0x6C32, 
0x7473, 0x6C32, 0x8D36, 0xDF9F, 0xBE9C, 0x9DB9, 0x9578, 0x9599, 
0x9599, 0x8D59, 0x8D39, 0x8D39, 0x8518, 0x84D7, 0x7CB7, 0x63F5, 
0x5BD3, 0x4B50, 0x6C33, 0x430D, 0x2A4B, 0x29A9, 0x31CB, 0x322D, 
0x42D0, 0x4311, 0x4B71, 0x5311, 0x426E, 0x320B, 0x2968, 0x18E5, 
0x20C4, 0x1908, 0x29CB, 0x4ACF, 0x5BB4, 0x6436, 0x6C77, 0x955A, 
0x9DDB, 0xA61C, 0xA61C, 0xA63C, 0xAE9D, 0xA63D, 0x9DFB, 0x8D7A, 
0x6CB8, 0x6477, 0x4B11, 0x222C, 0x4B51, 0x4332, 0x53D5, 0x6476, 
0x6497, 0x6C98, 0x6497, 0x6C97, 0x7CD8, 0x5BF5, 0x6415, 0x53B4, 
0x8D7A, 0x5C15, 0x6477, 0x5C56, 0x64B7, 0x6C79, 0x6C78, 0x6415, 
0x6C55, 0x7CD6, 0x5BB1, 0x326C, 0x32AD, 0x1A0C, 0x6497, 0x7D3A, 
0x859B, 0x7D5A, 0x7D5A, 0x7519, 0x7519, 0x7519, 0x7D5A, 0x7D5A, 
0x6D1A, 0x5C56, 0x4331, 0x4B72, 0x43B4, 0x4BF6, 0x6CB8, 0x751A, 
0x7D5A, 0x7519, 0x7539, 0x857B, 0x7D39, 0x7D3A, 0x7519, 0x855A, 
0x855A, 0x7D19, 0x7D19, 0x74F9, 0x857B, 0x7D3A, 0x74F9, 0x7D19, 
0x7D3A, 0x855A, 0x74F9, 0x7D19, 0x7D3A, 0x7D19, 0x7D39, 0x6CF8, 
0x855A, 0x6C57, 0x5394, 0x52B1, 0x7415, 0x5332, 0x3A4F, 0x6374, 
0x94F8, 0x218D, 0x52F2, 0x94F9, 0x4290, 0x3A4F, 0x3A2F, 0x5B32, 
0x4AAF, 0x3229, 0x42A6, 0x3A67, 0x426A, 0x3A48, 0x3A48, 0x3A48, 
0x3A28, 0x3A48, 0x3A28, 0x3A28, 0x3A07, 0x3207, 0x3A07, 0x3207, 
0x6C90, 0x6C70, 0x74B0, 0x74B1, 0x6430, 0x5BD1, 0x53B1, 0x53D1, 
0x5BF1, 0x5C12, 0x6432, 0x74D5, 0x74D5, 0x95F9, 0x7D36, 0x6C94, 
0x8D78, 0x8D98, 0x7CF6, 0x8536, 0x95B9, 0x8D98, 0x8536, 0x6C94, 
0x8577, 0x9E1A, 0x95B8, 0x5BF2, 0x6C94, 0xAE9C, 0xA63A, 0x6C95, 
0x5C12, 0x4B90, 0x6CB4, 0x95D9, 0x6C73, 0x8556, 0x8557, 0x74D4, 
0x6C93, 0x8556, 0x8DB7, 0x7D56, 0x8596, 0x8DD6, 0x8DB6, 0x8DD6, 
0x7D14, 0x8D57, 0x7494, 0xAE19, 0xBEFB, 0x95D5, 0x8D94, 0x7D2F, 
0x95F3, 0x74B0, 0x8D55, 0x6C52, 0x8D56, 0x5B90, 0x8555, 0x5C0F, 
0x2A27, 0x63AD, 0x5BCC, 0x640E, 0x6C4F, 0x7490, 0x7CF2, 0x7CF2, 
0x7CD1, 0x7CF2, 0x7CD2, 0x7CF2, 0x7CD2, 0x74B2, 0x7CD3, 0x7CB3, 
0x7492, 0x7493, 0x7493, 0x7CB3, 0x7493, 0x7473, 0x7453, 0x6C52, 
0x7453, 0x6C32, 0x7CB4, 0xB65B, 0x9D98, 0x8516, 0x7CD6, 0x7CD6, 
0x7CF7, 0x7CF7, 0x7CF7, 0x7CF7, 0x8517, 0x8518, 0x8517, 0x8519, 
0x7CB7, 0x6C55, 0x6C75, 0x7CD6, 0x6433, 0x5310, 0x42AF, 0x3A4E, 
0x2A0C, 0x29EB, 0x2A0A, 0x1946, 0x10E5, 0x1927, 0x29CA, 0x3A4D, 
0x5310, 0x6C36, 0x7CB7, 0x8D59, 0x95BA, 0x9E1A, 0xA67B, 0xA63B, 
0x9E1B, 0x95DA, 0x8D99, 0x8559, 0x8558, 0x7D19, 0x7497, 0x6456, 
0x5436, 0x5C15, 0x320C, 0x222C, 0x4330, 0x4311, 0x53D4, 0x5C16, 
0x5C56, 0x6477, 0x6C97, 0x74B8, 0x74D8, 0x6C77, 0x6C77, 0x5BF5, 
0x6415, 0x6435, 0x74D8, 0x7D18, 0x7D38, 0x5C38, 0x53F6, 0x5C16, 
0x6C37, 0x6C56, 0x5353, 0x955A, 0x7CB7, 0x7CD7, 0x74D6, 0x9E3B, 
0x7D77, 0x855A, 0x7519, 0x7519, 0x74F8, 0x7D3A, 0x7D5A, 0x7519, 
0x6CF9, 0x6CD9, 0x4351, 0x3AD0, 0x4373, 0x53F6, 0x5C57, 0x74D9, 
0x6CD8, 0x7D3A, 0x855A, 0x7D3A, 0x7D19, 0x74F9, 0x855A, 0x7D5A, 
0x7D39, 0x7D19, 0x7D3A, 0x857B, 0x7D19, 0x7D19, 0x7D19, 0x855A, 
0x7D3A, 0x74F9, 0x7D19, 0x7D19, 0x855A, 0x7D19, 0x74F9, 0x7D3A, 
0x7539, 0x7D5A, 0x5C16, 0x5352, 0x63B6, 0x21AE, 0x6BB3, 0x73F4, 
0x298E, 0x5B54, 0x73D6, 0x5B13, 0x3A50, 0x3A30, 0x6BB6, 0x6373, 
0x52F3, 0x428F, 0x3A48, 0x3246, 0x3A68, 0x3A48, 0x3A48, 0x3A48, 
0x3A48, 0x3A28, 0x3A28, 0x3A07, 0x3A28, 0x3207, 0x3207, 0x3207, 
0x6C70, 0x6C70, 0x74B1, 0x6C71, 0x53B0, 0x4B70, 0x5391, 0x53D1, 
0x53B0, 0x53B0, 0x6453, 0x8DB8, 0x8577, 0x5C12, 0x7D16, 0x8D97, 
0x9E1A, 0x74F5, 0x5C12, 0x8D98, 0x95B8, 0x7D16, 0x6453, 0x8577, 
0x9E1A, 0x8DB8, 0x6C94, 0x95D9, 0x6473, 0x6CB4, 0x5BF1, 0x6433, 
0x6C74, 0x5C12, 0x6C73, 0x74D5, 0x8D98, 0x6473, 0x8536, 0x95D8, 
0x74F4, 0x6451, 0x8576, 0x9618, 0x8DD6, 0x8595, 0x8DD6, 0x9617, 
0x7D54, 0x6451, 0x6C73, 0xAE5B, 0x9DD8, 0x9DF7, 0x9616, 0x9E14, 
0x7D10, 0x7D10, 0x8D73, 0x95B6, 0x9597, 0x84F5, 0x4B6F, 0x4B4E, 
0x3A89, 0x532B, 0x53CD, 0x5BED, 0x6C70, 0x7CF1, 0x7D12, 0x7D12, 
0x8512, 0x8533, 0x7CF2, 0x7CF2, 0x74B2, 0x7CD2, 0x7CF3, 0x7492, 
0x7CB3, 0x7472, 0x7CB3, 0x7472, 0x7472, 0x6C53, 0x7493, 0x7473, 
0x6412, 0x6C53, 0x7C94, 0x9DD9, 0x8516, 0x7474, 0x6C75, 0x6C75, 
0x6C35, 0x7495, 0x6C74, 0x6C74, 0x6C95, 0x74B6, 0x74B6, 0x74D6, 
0x74D7, 0x7CD8, 0x6435, 0x7496, 0x8538, 0x6456, 0x6435, 0x5B93, 
0x5310, 0x42AD, 0x3A2B, 0x29EC, 0x42AE, 0x5BB2, 0x74B6, 0x8558, 
0x8DBA, 0x9E3B, 0x9E5C, 0xA63C, 0x95DA, 0x8D79, 0x8D38, 0x7D18, 
0x74B7, 0x6C77, 0x6C77, 0x6458, 0x6438, 0x6436, 0x5BD4, 0x53F5, 
0x5436, 0x5BF4, 0x2989, 0x2A6C, 0x42F0, 0x4331, 0x53B4, 0x53D5, 
0x5C37, 0x6CB8, 0x6CD8, 0x6CB8, 0x6456, 0x74B8, 0x74B8, 0x7456, 
0x6415, 0x6C15, 0x8D38, 0x7C96, 0x5B91, 0x6477, 0x5C36, 0x6457, 
0x6437, 0x5BF6, 0x63F7, 0x7CF6, 0x84F7, 0x6C54, 0x95BA, 0x95BB, 
0x8D9B, 0x74F9, 0x7519, 0x6C97, 0x855A, 0x7D19, 0x7D3A, 0x74F8, 
0x6CD9, 0x6D1A, 0x4B52, 0x326E, 0x4B72, 0x53F5, 0x5C36, 0x6456, 
0x7D3A, 0x7D3A, 0x7D5A, 0x74F9, 0x7519, 0x855A, 0x7D3A, 0x7D3A, 
0x74F9, 0x853A, 0x855A, 0x7D19, 0x7D3A, 0x7D19, 0x7D3A, 0x855A, 
0x7D19, 0x7D19, 0x74F9, 0x7D3A, 0x7D3A, 0x7CF9, 0x7D3A, 0x74F9, 
0x857A, 0x74F9, 0x7D3A, 0x5BF6, 0x4311, 0x6C35, 0x6BB5, 0x4250, 
0x5311, 0x6BB5, 0x5313, 0x31CF, 0x3A10, 0x5B33, 0x73F6, 0x5B51, 
0x4A91, 0x52D4, 0x428E, 0x3A49, 0x3A67, 0x3A48, 0x3A48, 0x3A28, 
0x3A48, 0x3A28, 0x3A28, 0x3A07, 0x3A28, 0x3A07, 0x3207, 0x3207, 
0x6C70, 0x6C90, 0x6430, 0x53B1, 0x53B2, 0x5BF2, 0x4B8F, 0x4BB0, 
0x4B90, 0x6453, 0x7D56, 0x8557, 0x7D16, 0x74B4, 0x74B4, 0x74F5, 
0x74F5, 0x6C73, 0x8D77, 0x8D78, 0x7CF6, 0x6453, 0x8D98, 0x961A, 
0x8577, 0x53B1, 0x8557, 0xB6BC, 0x9E1A, 0x5C12, 0x7CF5, 0x430F, 
0x5C33, 0x8D78, 0x7D16, 0x6C73, 0x6473, 0x8556, 0x74B4, 0x74D4, 
0x9E39, 0x8DB6, 0x95D6, 0x85B6, 0x8DD6, 0x8DD5, 0x8DD5, 0x8DD5, 
0x85B4, 0x8DF5, 0x8555, 0x9DD9, 0x8D58, 0x8D97, 0xAE99, 0x8535, 
0x74D0, 0x74EE, 0x9E34, 0x7CF2, 0x538F, 0x8514, 0x74B4, 0x4B2F, 
0x3208, 0x5B8D, 0x53AE, 0x642E, 0x7490, 0x7CF1, 0x7CF2, 0x8512, 
0x8513, 0x7CD2, 0x7CD2, 0x7CD2, 0x8513, 0x7CB2, 0x7CB2, 0x7472, 
0x7492, 0x7CB3, 0x7472, 0x7472, 0x7493, 0x7473, 0x7473, 0x6C32, 
0x6C53, 0x6C33, 0x7474, 0x9598, 0x7CF5, 0x6C54, 0x6C54, 0x6C54, 
0x6C34, 0x6C14, 0x6C34, 0x6C14, 0x6414, 0x6415, 0x6415, 0x6434, 
0x6C35, 0x6C36, 0x7477, 0x7496, 0x9599, 0x8559, 0x8559, 0x74B7, 
0x6C36, 0x6415, 0x4B52, 0x6C55, 0x8D59, 0x9DFB, 0x9DFB, 0x95FB, 
0x8D99, 0x7D37, 0x74D7, 0x6456, 0x5BF6, 0x6417, 0x63F7, 0x5BF6, 
0x5BF6, 0x5BF6, 0x6416, 0x6416, 0x6416, 0x5394, 0x5BD5, 0x5C36, 
0x5437, 0x5392, 0x2127, 0x326D, 0x42F0, 0x4B32, 0x4B74, 0x5BF6, 
0x6458, 0x6CB7, 0x6C97, 0x6457, 0x6C97, 0x6CB8, 0x6CB8, 0x6CB8, 
0x5C16, 0x6436, 0x5BB3, 0x6C15, 0x9D7A, 0x7497, 0x8D5A, 0x6C77, 
0x5BD4, 0x6416, 0x6C57, 0x6C56, 0x63D3, 0x7C96, 0xAE3D, 0x959A, 
0x74D8, 0x6CB8, 0x6CB8, 0x855A, 0x74F9, 0x7D3A, 0x74D8, 0x7CF8, 
0x6D1A, 0x6CFA, 0x4331, 0x2A2D, 0x5351, 0x4BB4, 0x53D5, 0x6C97, 
0x7519, 0x7D3A, 0x74F9, 0x7D19, 0x855A, 0x7D3A, 0x7D3A, 0x7519, 
0x7D5A, 0x853A, 0x7D19, 0x7D3A, 0x7D19, 0x855A, 0x7D3A, 0x7CF9, 
0x7D1A, 0x7D19, 0x855A, 0x7D19, 0x74F9, 0x851A, 0x7CF9, 0x859B, 
0x6C97, 0x7CF9, 0x8519, 0x7D5B, 0x5BD5, 0x63B4, 0x4250, 0x3A2F, 
0x8496, 0x52F1, 0x29AD, 0x4251, 0x4291, 0x7C57, 0x4AB0, 0x3A50, 
0x4AF1, 0x6373, 0x52D2, 0x426E, 0x3249, 0x3A48, 0x3A48, 0x3A28, 
0x3A28, 0x3A28, 0x3A28, 0x3A07, 0x3207, 0x3207, 0x3207, 0x31E7, 
0x6C6F, 0x6451, 0x4B6F, 0x432F, 0x53D1, 0x6453, 0x53F1, 0x4370, 
0x5C53, 0x7D36, 0x8577, 0x6474, 0x5412, 0x8DB8, 0x8557, 0x5C12, 
0x7CF6, 0x8557, 0x8D77, 0x7D16, 0x6473, 0x8557, 0x95FA, 0x8D98, 
0x5C11, 0x8D77, 0xAE7B, 0xA63A, 0x53D1, 0x6433, 0x74B5, 0x7CF5, 
0x7CF6, 0x6CB4, 0x8D77, 0x74F5, 0x6C73, 0x74F5, 0x8D98, 0x6CD4, 
0x8DB7, 0xA659, 0x8DD7, 0x8595, 0x8DD6, 0x8DF5, 0x8DD4, 0x85B4, 
0x8DD5, 0x9635, 0x95F6, 0x8D56, 0x8557, 0x74B4, 0x8536, 0x8594, 
0x8552, 0x8DD2, 0x7D2F, 0x8D72, 0x6C50, 0x7D32, 0x5C51, 0x4B6E, 
0x1925, 0x42CB, 0x5430, 0x642E, 0x6C90, 0x74F1, 0x8553, 0x8513, 
0x8513, 0x84F2, 0x84F2, 0x84F3, 0x7CB2, 0x7CB2, 0x7CD3, 0x74B2, 
0x7CB3, 0x7492, 0x7472, 0x7472, 0x7493, 0x7473, 0x6C52, 0x6C73, 
0x6C53, 0x6C53, 0x7494, 0x8D78, 0x84F6, 0x6C74, 0x6433, 0x6414, 
0x6414, 0x6414, 0x6414, 0x63F4, 0x6415, 0x6415, 0x6415, 0x6415, 
0x6415, 0x6415, 0x6C56, 0x63F4, 0x5BD3, 0x6C14, 0x7CB6, 0x6C55, 
0x6C56, 0x6C77, 0x74B9, 0x7D18, 0x95BB, 0x8539, 0x7477, 0x6C36, 
0x63F5, 0x5BB4, 0x5BB5, 0x53B4, 0x53B5, 0x5BD5, 0x53D5, 0x53F6, 
0x5BF6, 0x5BF5, 0x5BF5, 0x5BF4, 0x5BB3, 0x53D5, 0x6416, 0x6457, 
0x5416, 0x4B51, 0x2126, 0x3AAF, 0x4311, 0x4312, 0x5394, 0x5C16, 
0x6478, 0x6C77, 0x6457, 0x6C77, 0x74D8, 0x6C98, 0x6C77, 0x6497, 
0x74F9, 0x6477, 0x5BF5, 0x6C16, 0x84F9, 0x7C96, 0x7497, 0x5BF5, 
0x53D4, 0x6456, 0x6436, 0x63D6, 0x5373, 0x84F8, 0xAE3C, 0x8D79, 
0x53B2, 0x7519, 0x7D19, 0x74D8, 0x7D3A, 0x6CB8, 0x7D3A, 0x7CF9, 
0x7519, 0x6499, 0x3B11, 0x222B, 0x5331, 0x4394, 0x5415, 0x6497, 
0x7519, 0x7519, 0x74F9, 0x7D5A, 0x7D5A, 0x7D19, 0x74F9, 0x7D3A, 
0x855A, 0x7D3A, 0x74F9, 0x7D19, 0x7D3A, 0x7D3A, 0x7D3A, 0x74F9, 
0x7D3A, 0x855A, 0x7D39, 0x7D19, 0x7519, 0x853A, 0x7D3A, 0x74F9, 
0x74F9, 0x7D19, 0x7D19, 0x7519, 0x7CFA, 0x63F6, 0x5332, 0x7C56, 
0x4A91, 0x3A0E, 0x3A0F, 0x39EF, 0x9CFA, 0x422F, 0x4A50, 0x4AD1, 
0x6BB4, 0x6BB3, 0x4AB1, 0x52D1, 0x4A90, 0x3227, 0x3227, 0x3A47, 
0x3A47, 0x3A28, 0x3A29, 0x3A07, 0x3A07, 0x3207, 0x3207, 0x3207, 
0x6C30, 0x430F, 0x5390, 0x5BF1, 0x4B8F, 0x53F1, 0x4370, 0x5C33, 
0x7D37, 0x7D57, 0x6474, 0x5412, 0x8557, 0x8D99, 0x74F6, 0x6CB4, 
0x8DB8, 0x9E1A, 0x8577, 0x5C11, 0x8557, 0x9E1B, 0x9599, 0x53D0, 
0x8556, 0xAE9B, 0xA65A, 0x5C32, 0x8D98, 0x4B70, 0x4B91, 0xA639, 
0x8536, 0x6C93, 0x6C94, 0x8536, 0x8536, 0x6493, 0x6CD4, 0x8D97, 
0x74F4, 0x7514, 0x8DB7, 0x8DD5, 0x8DD5, 0x8DD5, 0x8594, 0x8DD5, 
0x8DD5, 0x8DD4, 0x95D5, 0x8D75, 0x8576, 0x74D4, 0x6C54, 0x9DF6, 
0x9E15, 0x9E15, 0x8D71, 0x8530, 0x7CD0, 0x85D3, 0x74F1, 0x4B2C, 
0x2147, 0x4B2D, 0x5C71, 0x6470, 0x6C90, 0x7D32, 0x7D11, 0x8512, 
0x84F3, 0x7CF2, 0x8513, 0x7CF2, 0x7CD3, 0x74B2, 0x7CB2, 0x7CD2, 
0x74B2, 0x74B2, 0x7472, 0x7493, 0x7493, 0x6C73, 0x6C73, 0x6C73, 
0x6C73, 0x6C33, 0x6C53, 0x9599, 0x8517, 0x6C54, 0x6434, 0x6414, 
0x6413, 0x6414, 0x63F3, 0x6414, 0x63F4, 0x6414, 0x63F4, 0x5BF4, 
0x6414, 0x6415, 0x6415, 0x6415, 0x5C15, 0x63B3, 0x84B7, 0x7CB6, 
0x8538, 0x7496, 0x6C76, 0x6415, 0x5BD4, 0x5393, 0x5393, 0x4B33, 
0x5374, 0x4B52, 0x5373, 0x4B73, 0x5394, 0x53B4, 0x53B5, 0x53D5, 
0x53F5, 0x5C16, 0x5BD5, 0x53B4, 0x5BB4, 0x5436, 0x6456, 0x6436, 
0x53F6, 0x4B51, 0x1926, 0x3AB0, 0x4311, 0x4312, 0x53D5, 0x5C16, 
0x6477, 0x6457, 0x6C77, 0x6C98, 0x6C98, 0x6C77, 0x6C77, 0x74D8, 
0x74F8, 0x6CB8, 0x6416, 0x6436, 0x6416, 0x9D59, 0x63F4, 0x8519, 
0x74D8, 0x74B8, 0x6417, 0x6416, 0x63F5, 0x7CB7, 0x957A, 0x6414, 
0x6414, 0x8DBB, 0x74F8, 0x855A, 0x6CD8, 0x7519, 0x7519, 0x7D19, 
0x6CB9, 0x6458, 0x328D, 0x21E9, 0x4B52, 0x43B4, 0x5436, 0x6CB8, 
0x74F9, 0x7519, 0x7D3A, 0x7D3A, 0x7D19, 0x74F9, 0x7D3A, 0x855A, 
0x7D3A, 0x74F9, 0x7D19, 0x7D19, 0x855A, 0x7D19, 0x74F9, 0x7D39, 
0x7D39, 0x7D59, 0x74F8, 0x7D19, 0x7D39, 0x7D19, 0x7D19, 0x74F9, 
0x855A, 0x7D19, 0x7519, 0x6CB8, 0x7519, 0x857B, 0x5394, 0x5B33, 
0x4270, 0x296D, 0x6354, 0x9CFA, 0x31EF, 0x4250, 0x298E, 0x73F5, 
0x7C36, 0x4270, 0x3A50, 0x4271, 0x52B2, 0x4B0E, 0x3A6A, 0x2A06, 
0x3A47, 0x3A28, 0x31E8, 0x3A27, 0x3A28, 0x3A07, 0x3207, 0x3207, 
0x5390, 0x430F, 0x4B6F, 0x74B4, 0x5BF1, 0x3B0E, 0x53F1, 0x7D77, 
0x7D57, 0x6473, 0x5C33, 0x7D16, 0x8DD9, 0x74D5, 0x53D1, 0x74F6, 
0x7D16, 0x5C12, 0x6473, 0x8D97, 0x9DF9, 0x8557, 0x53F1, 0x8D77, 
0xA65A, 0x95D9, 0x6C73, 0x53B0, 0x6453, 0x7D16, 0x7CF6, 0x5C32, 
0x8556, 0x7D15, 0x6432, 0x74F5, 0x8557, 0x95F7, 0x7534, 0x8DF7, 
0x8595, 0x7D54, 0x95F6, 0x95F6, 0x8DB5, 0x8594, 0x8DF5, 0x8DF5, 
0x8DD4, 0x8DD4, 0x8DB3, 0x9E15, 0x95D5, 0x74F3, 0x6C73, 0x7474, 
0x9577, 0xB699, 0x74B0, 0x74F0, 0x74F0, 0x7D30, 0x532B, 0x10C3, 
0x3AAB, 0x3B2D, 0x5BF0, 0x4B6E, 0x7D13, 0x8554, 0x8D74, 0x7D11, 
0x7D11, 0x8533, 0x84F2, 0x7CF3, 0x7CB2, 0x7CD3, 0x7CF3, 0x74B2, 
0x74B2, 0x7492, 0x74B3, 0x7473, 0x7472, 0x7493, 0x6C73, 0x7493, 
0x6C33, 0x6C33, 0x6C53, 0x9599, 0x8517, 0x6C54, 0x6413, 0x6414, 
0x6434, 0x5BF3, 0x6414, 0x6414, 0x6414, 0x5BF4, 0x5BF4, 0x5BF4, 
0x6414, 0x5BF4, 0x5BD4, 0x5BF4, 0x6435, 0x53B3, 0x5BD4, 0x4B51, 
0x84F7, 0x6C14, 0x63F4, 0x4311, 0x4311, 0x4311, 0x42F1, 0x4AF1, 
0x42B0, 0x4311, 0x4311, 0x4B32, 0x4B53, 0x4B94, 0x5394, 0x53B5, 
0x5BF5, 0x5BF5, 0x5394, 0x53B4, 0x6416, 0x5C56, 0x6436, 0x5C16, 
0x53F6, 0x4B31, 0x2126, 0x3AB0, 0x42F1, 0x4332, 0x5BD5, 0x5C16, 
0x6457, 0x6C77, 0x6CB8, 0x6C97, 0x6457, 0x6C97, 0x74B8, 0x6CB8, 
0x6C97, 0x6CB8, 0x74B8, 0x6C77, 0x53B4, 0x4B10, 0x7CB7, 0x7CD7, 
0x8539, 0x6C76, 0x5BD4, 0x6437, 0x6C57, 0x6416, 0x5BD4, 0x74B7, 
0x8539, 0x7CD6, 0x5BF4, 0x53D3, 0x7D59, 0x74F9, 0x753A, 0x6CF7, 
0x5459, 0x53B3, 0x2965, 0x320A, 0x43D4, 0x5416, 0x5C36, 0x6497, 
0x74F9, 0x7D3A, 0x7D5A, 0x74F9, 0x74F9, 0x7D3A, 0x855A, 0x7D3A, 
0x7D19, 0x74F9, 0x7D3A, 0x855A, 0x74F9, 0x7D3A, 0x7D3A, 0x853A, 
0x7D19, 0x74D8, 0x7D19, 0x7D19, 0x855A, 0x74F9, 0x74F9, 0x7D3A, 
0x7D19, 0x7D19, 0x6CB8, 0x7D5A, 0x7519, 0x7519, 0x7CF9, 0x5BD5, 
0x5B94, 0x4A50, 0x3A0F, 0x52D2, 0x3A30, 0x31EE, 0x8CD9, 0x5B34, 
0x3A10, 0x3A30, 0x4250, 0x3A0F, 0x4270, 0x5B14, 0x52F1, 0x3A2A, 
0x3A48, 0x3A27, 0x3207, 0x3A28, 0x3A07, 0x3207, 0x3207, 0x3207, 
0x5371, 0x430F, 0x3AAD, 0x5BD1, 0x436E, 0x53F1, 0x7D56, 0x7D57, 
0x6473, 0x4BB1, 0x8557, 0x8557, 0x6433, 0x4BD1, 0x8557, 0x8577, 
0x8DB8, 0x5C12, 0x53F1, 0xA65B, 0x95B8, 0x53D1, 0x7D36, 0xAE7B, 
0xA63A, 0x53D1, 0x6C94, 0x74F5, 0x53B1, 0x7D16, 0x95B9, 0x6CB3, 
0x6C93, 0x8556, 0x7D15, 0x6CB3, 0x6C93, 0x9617, 0x9617, 0x8DD6, 
0x8594, 0x9616, 0x8DF5, 0x8DB5, 0x8DB4, 0x8DB4, 0x95F5, 0x8DD4, 
0x8DB4, 0x8DB4, 0x8DD3, 0x95F3, 0x8D92, 0x74D1, 0x8514, 0x6413, 
0x6433, 0x7CF4, 0x7D73, 0x85B3, 0x85D2, 0x5BEC, 0x31E6, 0x2124, 
0x5C0F, 0x5410, 0x4B6E, 0x5BF1, 0x8556, 0x8555, 0x7D13, 0x7D32, 
0x8531, 0x8513, 0x7CF2, 0x7CD2, 0x7CD3, 0x7CF3, 0x7CD3, 0x7492, 
0x74B2, 0x74B2, 0x7493, 0x7493, 0x6C72, 0x7473, 0x6C53, 0x6C73, 
0x6C53, 0x6C53, 0x6C53, 0x8D78, 0x8517, 0x6C54, 0x6433, 0x6414, 
0x6413, 0x6413, 0x6414, 0x6414, 0x63F4, 0x5BF4, 0x63F4, 0x5BF4, 
0x5BF4, 0x5BF4, 0x5BF4, 0x5BF5, 0x5BF5, 0x53F5, 0x5C16, 0x5BD4, 
0x4B31, 0x8D39, 0x63F4, 0x63F3, 0x4310, 0x42F0, 0x42D0, 0x42D0, 
0x3AAF, 0x42F1, 0x42F1, 0x4312, 0x4B53, 0x4B74, 0x53B4, 0x53B4, 
0x53D5, 0x5394, 0x53B4, 0x5C16, 0x6416, 0x5C36, 0x6436, 0x5C16, 
0x53F6, 0x4331, 0x2127, 0x42D0, 0x42F1, 0x4332, 0x53D5, 0x5C16, 
0x6457, 0x6C77, 0x6C98, 0x6477, 0x6457, 0x6C98, 0x74B8, 0x6C98, 
0x6C77, 0x6CB8, 0x7CF9, 0x74D8, 0x5C15, 0x6C35, 0x7CB7, 0x8539, 
0x53B3, 0x6C76, 0x74B6, 0x6C77, 0x6436, 0x5C16, 0x5BF6, 0x6C57, 
0x7CF8, 0x7C76, 0x5BD4, 0x6436, 0x7CF9, 0x74D9, 0x6CB9, 0x54D7, 
0x6437, 0x29C9, 0x1965, 0x4B51, 0x4BB3, 0x5416, 0x5C57, 0x6CD8, 
0x7D19, 0x7D3A, 0x7519, 0x7D19, 0x7D19, 0x855A, 0x7D3A, 0x74F9, 
0x7D19, 0x7D3A, 0x7D3A, 0x74D8, 0x7D19, 0x7D3A, 0x855A, 0x7D19, 
0x7D19, 0x7D39, 0x7D19, 0x7D3A, 0x7D19, 0x74F9, 0x7D3A, 0x7D19, 
0x7D19, 0x74F9, 0x74F9, 0x7519, 0x7519, 0x6CD8, 0x74F9, 0x7CF9, 
0x5C16, 0x5B33, 0x3A2F, 0x31CF, 0x4250, 0x6394, 0x63D5, 0x3A30, 
0x5B34, 0x52F3, 0x320F, 0x3A30, 0x4270, 0x4233, 0x5B13, 0x4ACE, 
0x3207, 0x3A27, 0x3A26, 0x3A08, 0x3207, 0x3207, 0x3207, 0x31E7, 
0x5391, 0x326D, 0x4B2F, 0x7CF5, 0x4B6E, 0x7D36, 0x8556, 0x5C53, 
0x4BB0, 0x7516, 0x8577, 0x74F5, 0x5C32, 0x7D36, 0x8DB8, 0x7D36, 
0x4BD0, 0x8597, 0x7D56, 0x5C13, 0x6C94, 0x8556, 0xAE7A, 0x9E3A, 
0x6CB4, 0x53D1, 0x4B90, 0x74D5, 0x95D8, 0x6C93, 0x74F5, 0x95B8, 
0x6432, 0x6431, 0x8576, 0x8DB7, 0x8555, 0x8DF6, 0x8DD5, 0x8DD5, 
0x8DD5, 0x8DB4, 0x8DF5, 0x8D94, 0x8DB4, 0x95F5, 0x8DB4, 0x8DB4, 
0x8DB4, 0x8DD4, 0x95F4, 0x8DD2, 0x8571, 0x6CB0, 0x74F1, 0x6453, 
0x5C31, 0x5C31, 0x85B5, 0x85B4, 0x64CF, 0x2206, 0x1123, 0x5B4B, 
0x432B, 0x438D, 0x53AE, 0x74B4, 0x6C73, 0x7CF5, 0x7D14, 0x8573, 
0x8573, 0x7CF2, 0x7CF2, 0x74D2, 0x7CF3, 0x7CD3, 0x74B2, 0x74B2, 
0x74B2, 0x74B3, 0x7472, 0x7493, 0x7493, 0x6C52, 0x6C73, 0x6C52, 
0x7473, 0x6C53, 0x6C33, 0x8D58, 0x8517, 0x6C74, 0x6433, 0x6434, 
0x6413, 0x6414, 0x6414, 0x6414, 0x5BD3, 0x63F4, 0x63F4, 0x5BF4, 
0x5BD4, 0x5BF4, 0x6415, 0x6415, 0x5BD4, 0x5C15, 0x5BD5, 0x6436, 
0x5394, 0x5BB3, 0x5393, 0x63F3, 0x42EF, 0x328E, 0x328E, 0x3A8E, 
0x42CF, 0x42D1, 0x42F1, 0x4311, 0x4B53, 0x5373, 0x53B4, 0x53B4, 
0x4B73, 0x5394, 0x5C16, 0x6416, 0x5C16, 0x5436, 0x6416, 0x5C16, 
0x5C16, 0x4310, 0x2127, 0x4311, 0x42F1, 0x4B32, 0x53B5, 0x5C36, 
0x6477, 0x6C97, 0x6C77, 0x6457, 0x6C97, 0x6CB8, 0x6C97, 0x6457, 
0x6C98, 0x74B8, 0x6C97, 0x6CB8, 0x6CD8, 0x6435, 0x5393, 0x63D4, 
0x5372, 0x8D59, 0x8538, 0x8539, 0x5BD5, 0x5BF6, 0x6437, 0x4B53, 
0x5C15, 0x5BD4, 0x7477, 0x7477, 0x6C57, 0x53B5, 0x6416, 0x4C35, 
0x320C, 0x1083, 0x3AEE, 0x4BD5, 0x5BF4, 0x5436, 0x6498, 0x7519, 
0x7D3A, 0x7519, 0x74F8, 0x7D19, 0x7D3A, 0x7D3A, 0x74F9, 0x74F9, 
0x7D3A, 0x7D3A, 0x7D19, 0x7D19, 0x74F9, 0x855A, 0x7D19, 0x74F9, 
0x7D3A, 0x7D19, 0x855A, 0x7D19, 0x74F9, 0x7D19, 0x7D19, 0x7D3A, 
0x74D8, 0x74F9, 0x7D19, 0x7D19, 0x74F9, 0x6CB7, 0x7519, 0x7D3A, 
0x7D3A, 0x4B53, 0x5354, 0x4250, 0x6353, 0x73F5, 0x322E, 0x4290, 
0x6BD5, 0x6375, 0x31CF, 0x3A30, 0x4250, 0x4273, 0x4AB0, 0x428D, 
0x31E7, 0x3A47, 0x3206, 0x3A07, 0x3A07, 0x3207, 0x3207, 0x3207, 
0x63F1, 0x3AAE, 0x42CE, 0x6432, 0x53D0, 0x74B3, 0x6CB3, 0x4BB0, 
0x8577, 0x95D9, 0x6C94, 0x4B70, 0x8D98, 0x8D98, 0x6CD4, 0x4BB0, 
0x8577, 0x9E19, 0xA65A, 0x4B91, 0x5C12, 0xA639, 0xA65A, 0x5BF1, 
0x6453, 0x74B5, 0x6433, 0x6433, 0x8536, 0x7CF5, 0x6432, 0x74D5, 
0x95D8, 0x74D4, 0x6CB3, 0x8DB6, 0x95D6, 0x8DB5, 0x8DD5, 0x8DB5, 
0x9616, 0x8DF5, 0x85B4, 0x95D4, 0x95F5, 0x8DB4, 0x8DB4, 0x8DD3, 
0x8DD4, 0x95F4, 0x8DB3, 0x8DB3, 0x8DD4, 0x8D92, 0x6C8E, 0x4B2B, 
0x4B2C, 0x5B8E, 0x3249, 0x3228, 0x21A6, 0x21C7, 0x53ED, 0x5C4E, 
0x5BCD, 0x8D53, 0x7D73, 0x9577, 0x6411, 0x6432, 0x8535, 0x8DB6, 
0x7512, 0x8513, 0x7D12, 0x7D13, 0x74D2, 0x7CD3, 0x74D2, 0x74D2, 
0x74B2, 0x6C92, 0x74B3, 0x7493, 0x74B3, 0x7473, 0x6C73, 0x7493, 
0x6C33, 0x6C53, 0x6412, 0x8D78, 0x8537, 0x6C74, 0x6433, 0x6434, 
0x6413, 0x63F3, 0x63F3, 0x5BF3, 0x6414, 0x63F4, 0x5BF4, 0x5BF4, 
0x5BF4, 0x5BF4, 0x5BF4, 0x5BF5, 0x5BF5, 0x5BD3, 0x63F5, 0x5BF6, 
0x5BF6, 0x5C36, 0x53F5, 0x3AAD, 0x5BB1, 0x4B0F, 0x4AEF, 0x3AAE, 
0x428E, 0x3AB0, 0x42D0, 0x4311, 0x4B53, 0x4B73, 0x4B73, 0x5393, 
0x53B4, 0x5BF5, 0x6416, 0x5C16, 0x5BF6, 0x5C36, 0x6436, 0x5C16, 
0x5416, 0x3AD0, 0x2127, 0x4B11, 0x42F0, 0x4B32, 0x53B5, 0x5C36, 
0x6477, 0x6457, 0x6456, 0x6C77, 0x6C98, 0x6C77, 0x6457, 0x6C98, 
0x74B8, 0x6CB8, 0x6477, 0x6CB8, 0x6CD8, 0x7D1A, 0x6C57, 0x5B94, 
0x8D39, 0x7CB7, 0x6455, 0x6C34, 0x7477, 0x6C37, 0x6C38, 0x6416, 
0x3AB0, 0x32EF, 0x5BF3, 0x5391, 0x5BD2, 0x42EE, 0x4B4F, 0x1968, 
0x1947, 0x42D0, 0x5C36, 0x5415, 0x5C38, 0x6CD8, 0x74F9, 0x7D3A, 
0x7519, 0x74F9, 0x7D19, 0x7D19, 0x7D1A, 0x74F9, 0x7D19, 0x7D3A, 
0x855A, 0x7D19, 0x74F9, 0x74F9, 0x857B, 0x7D19, 0x74F9, 0x7D19, 
0x7D1A, 0x855A, 0x74D9, 0x7D19, 0x7D1A, 0x7D3A, 0x7D19, 0x74D8, 
0x7D3A, 0x7D19, 0x7D19, 0x7CB8, 0x74D8, 0x7D19, 0x6CD8, 0x6CB8, 
0x6C97, 0x7D5B, 0x5BF6, 0x5B33, 0x7C16, 0x31CD, 0x424F, 0x84B6, 
0x5B52, 0x4290, 0x4A91, 0x4251, 0x4A93, 0x42AE, 0x322B, 0x3228, 
0x3226, 0x3A27, 0x3A08, 0x3207, 0x3207, 0x3207, 0x31E7, 0x3207, 
0x6410, 0x4B50, 0x63D1, 0x7CB4, 0x6C32, 0x5BF1, 0x4B6F, 0x8D96, 
0x74F4, 0x74F5, 0x436F, 0x6CB4, 0x8576, 0x7D36, 0x4BB1, 0x74F5, 
0x9E38, 0x8556, 0x4BB1, 0x8D97, 0x74F5, 0x6432, 0x6453, 0x7CF5, 
0x53D0, 0x5C12, 0x95D9, 0x8536, 0x5C11, 0x74D4, 0x8556, 0x5C32, 
0x7CF5, 0x9E18, 0x8555, 0x74F3, 0x8D96, 0x8DB4, 0x95F5, 0x8DD5, 
0x8DD4, 0x8DB4, 0x8DB4, 0x9615, 0x8DD4, 0x8DB3, 0x8DB3, 0x8DD4, 
0x95F4, 0x8DB3, 0x8DB3, 0x8DD3, 0x95D4, 0x95D3, 0x8572, 0x748E, 
0x4B6B, 0x42EA, 0x21C7, 0x21A7, 0x3A4A, 0x84F5, 0x7D32, 0x5C6E, 
0x74D0, 0x7CF0, 0x6C91, 0x6410, 0x7492, 0x8D56, 0x5BB1, 0x8D56, 
0x74B3, 0x8554, 0x8533, 0x7D13, 0x7CF3, 0x74D2, 0x7CF3, 0x74D3, 
0x74B2, 0x7492, 0x6C92, 0x7493, 0x6C93, 0x6C73, 0x6C73, 0x6C53, 
0x6C53, 0x6C53, 0x6412, 0x8D78, 0x8D58, 0x6C54, 0x6413, 0x6414, 
0x6414, 0x5BF3, 0x5BF4, 0x6414, 0x63F4, 0x5BF4, 0x5BF4, 0x6415, 
0x6415, 0x5BF4, 0x5BD4, 0x5BF4, 0x5BF5, 0x5BF5, 0x6415, 0x53B5, 
0x6416, 0x5C16, 0x53F6, 0x3A8E, 0x42CF, 0x42CE, 0x4B0F, 0x3A8D, 
0x3A6D, 0x3AB0, 0x42D0, 0x4B11, 0x4B32, 0x4332, 0x4B32, 0x53B4, 
0x5BF5, 0x5C16, 0x5C16, 0x5C16, 0x5C16, 0x5C36, 0x5C36, 0x5C16, 
0x53D5, 0x3AAF, 0x2168, 0x4B11, 0x42F1, 0x4333, 0x53D5, 0x5C36, 
0x6477, 0x6436, 0x6457, 0x6C77, 0x6C98, 0x6457, 0x6C77, 0x74B8, 
0x6C77, 0x6457, 0x6C97, 0x6CB8, 0x6CB8, 0x6C99, 0x6C78, 0x6416, 
0x63F5, 0x6C35, 0x5392, 0x8518, 0x8D39, 0x84F9, 0x63F6, 0x63F6, 
0x6C37, 0x4B92, 0x328E, 0x328D, 0x19A9, 0x29E9, 0x1987, 0x2189, 
0x5371, 0x6416, 0x6C98, 0x5C76, 0x6479, 0x7519, 0x7519, 0x7519, 
0x74F9, 0x7519, 0x7D5A, 0x7D19, 0x74F9, 0x74F9, 0x7D3A, 0x7D3A, 
0x7D19, 0x74F9, 0x7D19, 0x7D3A, 0x7D19, 0x74F9, 0x74F9, 0x7D3A, 
0x7D3A, 0x74F9, 0x74F9, 0x7D19, 0x855A, 0x7519, 0x74F8, 0x74F9, 
0x7D3A, 0x74F9, 0x6CD8, 0x7CB8, 0x7CF9, 0x74F9, 0x6CB8, 0x6C98, 
0x7CF9, 0x64D8, 0x74D9, 0x4AB2, 0x31AE, 0x4A91, 0x9D3A, 0x428E, 
0x7C55, 0x6BB4, 0x3A10, 0x4252, 0x4230, 0x3A48, 0x3228, 0x3227, 
0x3A27, 0x3207, 0x3A28, 0x3A07, 0x3207, 0x3207, 0x3207, 0x31E7, 
0x5BEF, 0x4B2E, 0x5B90, 0x4B4F, 0x7CD4, 0x6C32, 0x7494, 0x6472, 
0x7CF4, 0x3B2D, 0x8555, 0x95F7, 0x8575, 0x432E, 0x74F4, 0x9E18, 
0x8DB6, 0x53F1, 0x74D5, 0xA658, 0xA65A, 0x4B71, 0x4310, 0x6433, 
0x7CF4, 0x74D5, 0x74D4, 0x8D97, 0x74B3, 0x6432, 0x7D16, 0x8556, 
0x6472, 0x8555, 0x95F6, 0x7512, 0x7D33, 0x95F5, 0x95D4, 0x95F4, 
0x8D93, 0x8DD4, 0x95F4, 0x95F4, 0x8DB3, 0x8DB3, 0x8DD3, 0x8DD4, 
0x8DD3, 0x8DB3, 0x8DB3, 0x95F4, 0x8DB3, 0x8D92, 0x8DB3, 0x8DF3, 
0x9E14, 0x8DB3, 0x5BEF, 0x8D35, 0x7C74, 0x6412, 0x6C91, 0x8593, 
0x8DB3, 0x7CF1, 0x7471, 0x8D73, 0x8534, 0x8D56, 0x63F2, 0x6C33, 
0x84B5, 0x9617, 0x7D34, 0x74F2, 0x7D13, 0x7CF3, 0x74D2, 0x74B3, 
0x74B3, 0x7493, 0x7493, 0x6C73, 0x6C73, 0x6C93, 0x6C73, 0x6C53, 
0x6C53, 0x6C53, 0x6432, 0x8538, 0x8558, 0x6C54, 0x6434, 0x6414, 
0x6434, 0x5BF4, 0x6414, 0x5C14, 0x5BF4, 0x5BF4, 0x5BF5, 0x5BF4, 
0x5BF4, 0x5BD4, 0x5BF5, 0x5BF5, 0x5BF5, 0x5BF5, 0x5BD5, 0x5BF5, 
0x5BF5, 0x6416, 0x53D5, 0x42D0, 0x3AAE, 0x324C, 0x4AEE, 0x42CE, 
0x42AE, 0x42D0, 0x42F0, 0x4311, 0x4311, 0x4311, 0x5352, 0x53F5, 
0x5BF5, 0x5C16, 0x5C16, 0x5C16, 0x5C16, 0x6436, 0x5C36, 0x5C17, 
0x5BD5, 0x42AE, 0x2188, 0x4B11, 0x42F1, 0x4353, 0x53D5, 0x5C16, 
0x6436, 0x6457, 0x6477, 0x6C98, 0x6437, 0x6C78, 0x6C98, 0x6C77, 
0x6C77, 0x6C77, 0x6C98, 0x6C98, 0x6C97, 0x6477, 0x74D9, 0x7CF9, 
0x6436, 0x5393, 0x7CB7, 0x7CF7, 0x7CB7, 0x8518, 0x5BB4, 0x6C37, 
0x6C38, 0x6C37, 0x63D5, 0x63B3, 0x5330, 0x5B70, 0x6BF1, 0x6C76, 
0x7CD8, 0x6C57, 0x5C37, 0x6CD9, 0x6CF9, 0x7CF9, 0x7D19, 0x74F9, 
0x7519, 0x7D3A, 0x7D39, 0x74F9, 0x74F9, 0x7D39, 0x7D3A, 0x7519, 
0x74F9, 0x7D19, 0x7D3A, 0x855A, 0x74D8, 0x74F9, 0x7D3A, 0x7D19, 
0x7D19, 0x74F9, 0x7D3A, 0x7D19, 0x7D19, 0x7519, 0x7519, 0x7D5A, 
0x7D19, 0x74F9, 0x74D9, 0x7CF9, 0x7CF9, 0x6C97, 0x74F9, 0x74D9, 
0x74D9, 0x7519, 0x7498, 0x4271, 0x39EF, 0x3A10, 0x4271, 0x7C75, 
0x5B52, 0x4250, 0x4A93, 0x4230, 0x320C, 0x3A27, 0x3A28, 0x3A28, 
0x3A28, 0x3A08, 0x3A07, 0x3207, 0x3207, 0x31E7, 0x3207, 0x31E7, 
0x5BEE, 0x6C32, 0x5B90, 0x4B4F, 0x6C32, 0x5BD1, 0x6412, 0x6C74, 
0x4B6E, 0x8D95, 0x9616, 0x8555, 0x434F, 0x8556, 0x9E17, 0x95D6, 
0x4B70, 0x7D15, 0xAEB7, 0xA639, 0x6432, 0x8D78, 0x4B70, 0x4B90, 
0x74B3, 0x8D77, 0x6453, 0x7CF5, 0x7CF5, 0x7CF5, 0x5C31, 0x7D54, 
0x9617, 0x9616, 0x8593, 0x8DB4, 0x95F5, 0x95F5, 0x8DD4, 0x8593, 
0x8DD4, 0x8DD4, 0x95F4, 0x8DB3, 0x8DD3, 0x8DD4, 0x8DD3, 0x8DB3, 
0x8DB3, 0x8DD3, 0x95F4, 0x8DB3, 0x8DB3, 0x8DB3, 0x8DB3, 0x8DD3, 
0x8592, 0x8D92, 0x7D12, 0x7CF3, 0x6C52, 0x7452, 0x84F7, 0x9DF7, 
0x95F6, 0x74B2, 0x7D10, 0x8552, 0x9594, 0x7492, 0x84F5, 0x7CB5, 
0x63D2, 0x8555, 0x6C92, 0x7D14, 0x74F3, 0x74F3, 0x74F3, 0x74B3, 
0x74B3, 0x74B3, 0x74B3, 0x7493, 0x6C73, 0x6C93, 0x6C73, 0x6C53, 
0x6C53, 0x6C53, 0x6433, 0x7CF7, 0x8D58, 0x6C75, 0x6434, 0x6414, 
0x6434, 0x6414, 0x5BF4, 0x5BF4, 0x5BF4, 0x5BF5, 0x5BF5, 0x5C15, 
0x5BF4, 0x5BF4, 0x5BF5, 0x5BF5, 0x5BF4, 0x5BF5, 0x5BF5, 0x5BF5, 
0x5BF5, 0x5C16, 0x53D5, 0x42D0, 0x42F0, 0x324C, 0x3A6D, 0x3A8D, 
0x5B50, 0x3AAF, 0x42CF, 0x42F0, 0x42F1, 0x4B52, 0x5BF5, 0x53F5, 
0x5BF5, 0x5BF5, 0x5C16, 0x5C16, 0x5C16, 0x6416, 0x5C36, 0x5C37, 
0x5BD5, 0x3A8E, 0x29A8, 0x42F1, 0x42F1, 0x4353, 0x53D5, 0x5BF6, 
0x6436, 0x6C77, 0x6457, 0x5C36, 0x6C98, 0x6C77, 0x6C98, 0x6436, 
0x6C77, 0x6C98, 0x6C97, 0x6C77, 0x6C77, 0x6C98, 0x74D9, 0x6C98, 
0x7498, 0x5BF5, 0x6C36, 0x6C55, 0x7496, 0x6414, 0x959A, 0x7477, 
0x6C56, 0x5BD6, 0x5BF6, 0x6C77, 0x7476, 0x84D7, 0x7475, 0x6C55, 
0x6C36, 0x53B4, 0x74D9, 0x74F9, 0x7D5A, 0x74D8, 0x74F9, 0x7D19, 
0x7D39, 0x7D19, 0x6CD8, 0x74F9, 0x7D3A, 0x7D3A, 0x74F9, 0x7D19, 
0x7D19, 0x855A, 0x7D19, 0x6CD8, 0x7D19, 0x7D19, 0x7D3A, 0x74F9, 
0x74F9, 0x7D3A, 0x74F9, 0x7D19, 0x74D8, 0x74F9, 0x7D3A, 0x6CD8, 
0x74F9, 0x6CB8, 0x74D9, 0x7D19, 0x6CB8, 0x6CB8, 0x74F9, 0x74F9, 
0x74D8, 0x7498, 0x5374, 0x4250, 0x4A71, 0x4230, 0x29AE, 0x5B31, 
0x52D3, 0x52D5, 0x424F, 0x3A4A, 0x3227, 0x3A28, 0x3A28, 0x3A28, 
0x3A07, 0x3A28, 0x3207, 0x3207, 0x3207, 0x31E7, 0x31E7, 0x31E7, 
0x640E, 0x538F, 0x6C31, 0x536F, 0x5BD1, 0x6C73, 0x5BB1, 0x6C73, 
0x5BF1, 0x8536, 0x8576, 0x434D, 0x74F3, 0xA637, 0x8D96, 0x53D0, 
0x74B3, 0xAE78, 0xAEB7, 0x5C11, 0x430E, 0x53D1, 0x74B4, 0x74B4, 
0x6431, 0x6C93, 0x8536, 0x6432, 0x74B4, 0x8D97, 0x7CF4, 0x6CD1, 
0x8DB4, 0x8DD4, 0x8593, 0x8DD4, 0x8DD4, 0x8DB3, 0x8DB3, 0x8DB3, 
0x95F4, 0x8DD3, 0x8DB2, 0x8DB3, 0x8DD3, 0x8DD3, 0x8DB3, 0x8DB3, 
0x8DD3, 0x8DD3, 0x8DD3, 0x8D92, 0x8DB3, 0x8DD3, 0x8DB3, 0x8592, 
0x8571, 0x8DB3, 0x95F5, 0x95B5, 0x5C0F, 0x8D15, 0x6C32, 0x5BD1, 
0x7CF5, 0x8DB5, 0x8DB3, 0x7D11, 0x6CB0, 0x6C91, 0x8D56, 0x7CD5, 
0x63F2, 0x8515, 0x7CD4, 0x95B7, 0x8534, 0x74D2, 0x6CB2, 0x74D3, 
0x74B3, 0x6CB3, 0x6C93, 0x7493, 0x6C93, 0x6C72, 0x6C73, 0x6C73, 
0x6C73, 0x6C53, 0x6432, 0x7CD6, 0x8D78, 0x7495, 0x6434, 0x6414, 
0x6414, 0x6414, 0x5BF4, 0x5BF4, 0x5BF5, 0x5BF5, 0x5BF4, 0x5BF4, 
0x5BF4, 0x5BF4, 0x5BF5, 0x5C15, 0x5BF5, 0x5C16, 0x5BF5, 0x5BF5, 
0x5BF5, 0x5BF5, 0x53D5, 0x42CF, 0x42D0, 0x3A6E, 0x3A6D, 0x3A6D, 
0x3A8D, 0x5351, 0x3AAE, 0x3AAF, 0x4311, 0x5393, 0x53B4, 0x53D5, 
0x53F5, 0x5C16, 0x5C16, 0x5C16, 0x5C36, 0x5C16, 0x5C16, 0x5C37, 
0x5BD5, 0x326D, 0x29A9, 0x42F1, 0x42F1, 0x4353, 0x53D5, 0x5C16, 
0x6457, 0x6457, 0x6436, 0x6457, 0x6457, 0x6C77, 0x6457, 0x6457, 
0x6C97, 0x6C98, 0x6C77, 0x6C77, 0x6C98, 0x6C98, 0x6C98, 0x6C57, 
0x74D8, 0x7CD9, 0x6C77, 0x4B52, 0x6414, 0x84F7, 0x7496, 0x8D39, 
0x6C56, 0x6417, 0x6437, 0x6C57, 0x53B4, 0x6416, 0x6C36, 0x84F8, 
0x7476, 0x7CD7, 0x6436, 0x7D19, 0x7CF9, 0x74D8, 0x7D19, 0x7D19, 
0x74F9, 0x7519, 0x74F9, 0x7CF9, 0x7D19, 0x74F9, 0x74F9, 0x7D19, 
0x7D19, 0x7D19, 0x74F9, 0x7D19, 0x74F9, 0x7D19, 0x74F9, 0x74F9, 
0x7D19, 0x7D19, 0x7D19, 0x74F9, 0x74F9, 0x7D39, 0x74F9, 0x7D19, 
0x74D9, 0x7D19, 0x853A, 0x6CB7, 0x74D8, 0x7D19, 0x74B8, 0x7CF9, 
0x74F9, 0x5B74, 0x3A50, 0x3A10, 0x4230, 0x39EF, 0x4230, 0x39F0, 
0x4252, 0x4270, 0x3A49, 0x3A47, 0x3A48, 0x3A28, 0x3A28, 0x3A28, 
0x3A28, 0x3A07, 0x3A07, 0x3207, 0x3207, 0x3207, 0x31E7, 0x31E7, 
0x642E, 0x6410, 0x63F0, 0x6C31, 0x4B4E, 0x430E, 0x6412, 0x7CF4, 
0x7473, 0x5BB2, 0x430E, 0x8D96, 0x9E15, 0x9DF5, 0x53AF, 0x6411, 
0xAE77, 0xAE77, 0x6411, 0x6C73, 0x6C73, 0x5390, 0x6C93, 0x9597, 
0x6C73, 0x436E, 0x6C72, 0x95B8, 0x5C31, 0x74F3, 0x95D5, 0x8DF4, 
0x8DB4, 0x8592, 0x8592, 0x8DD3, 0x8DD4, 0x8D93, 0x8D93, 0x8DD3, 
0x8DD3, 0x8DD3, 0x8592, 0x95F4, 0x8DD3, 0x8DD3, 0x8DB3, 0x8DD3, 
0x95F3, 0x8DB3, 0x8DB3, 0x8DB3, 0x8DD3, 0x95F3, 0x8D92, 0x8592, 
0x8DD3, 0x8DF3, 0x8592, 0x8DB4, 0x6CB0, 0x7C93, 0x9595, 0x84F7, 
0x5BB2, 0x9E16, 0x9E17, 0x646F, 0x74D0, 0x7D32, 0x9DF6, 0x8D55, 
0x8536, 0x6C53, 0x6C73, 0x8536, 0x74D3, 0x74F3, 0x7D34, 0x74D3, 
0x74B3, 0x6CB3, 0x6C93, 0x6C93, 0x6CB3, 0x6472, 0x6C73, 0x6C73, 
0x6C73, 0x6453, 0x5C12, 0x7CD6, 0x8D79, 0x6C95, 0x6414, 0x6414, 
0x6414, 0x5BF4, 0x5BF4, 0x6414, 0x6414, 0x5BF5, 0x5BD4, 0x6435, 
0x5C15, 0x5BF4, 0x5BF4, 0x5BD4, 0x53D4, 0x5BF5, 0x5BF5, 0x5BF5, 
0x5BF5, 0x5C16, 0x53D5, 0x42F0, 0x3A8F, 0x3A8F, 0x3A8E, 0x3A8E, 
0x322B, 0x5BB1, 0x5370, 0x5392, 0x4B52, 0x4B94, 0x4B94, 0x53D5, 
0x53D5, 0x5BF5, 0x5C16, 0x5C16, 0x6436, 0x5C16, 0x5C16, 0x5C37, 
0x53B4, 0x322D, 0x29C9, 0x42F1, 0x42F1, 0x4353, 0x53D5, 0x5C36, 
0x6C77, 0x5C36, 0x6437, 0x6436, 0x6C98, 0x6457, 0x6436, 0x6C97, 
0x6C77, 0x6C77, 0x6C77, 0x6C97, 0x74B8, 0x6C98, 0x6C57, 0x6C98, 
0x74B8, 0x74D8, 0x6CB8, 0x63F5, 0x7497, 0x7496, 0x8D58, 0x6414, 
0x7CD7, 0x7498, 0x6436, 0x5BF6, 0x6416, 0x6C57, 0x6437, 0x7456, 
0x7476, 0x6C55, 0x7CB7, 0x74B7, 0x6C76, 0x74F9, 0x7D19, 0x7D19, 
0x74F9, 0x74F9, 0x7D19, 0x7D19, 0x74F9, 0x74D8, 0x7CF9, 0x7D1A, 
0x7CF9, 0x74D8, 0x74F9, 0x74F9, 0x855A, 0x74F9, 0x74D8, 0x7D19, 
0x7D19, 0x7D3A, 0x6CB8, 0x74F9, 0x7D3A, 0x7D3A, 0x74F9, 0x74D8, 
0x853A, 0x7D19, 0x74B8, 0x8D9A, 0x6C97, 0x855A, 0x7CF8, 0x7CB8, 
0x5BF4, 0x4251, 0x3A10, 0x3A30, 0x3A10, 0x4231, 0x4251, 0x4232, 
0x3A0F, 0x322A, 0x3A66, 0x3225, 0x3A29, 0x3A28, 0x3A28, 0x3A07, 
0x3A28, 0x3207, 0x3207, 0x3207, 0x3207, 0x31E7, 0x31E7, 0x31E7, 
0x642E, 0x640E, 0x640F, 0x5BCE, 0x7492, 0x6C32, 0x53B0, 0x430F, 
0x6412, 0x6411, 0x8D55, 0x7492, 0xA638, 0x4B4E, 0x7CD1, 0xB6B7, 
0xAE77, 0x6C31, 0x328D, 0x4B50, 0x6C33, 0x9597, 0x6431, 0x74B3, 
0x8D76, 0x6CB1, 0x6471, 0x6452, 0x95B7, 0x7D32, 0x8DB2, 0x85B3, 
0x8572, 0x8DB3, 0x9614, 0x8DF4, 0x8593, 0x8DD3, 0x95F4, 0x8DD3, 
0x8DD3, 0x8DB2, 0x8DD3, 0x8DF3, 0x8DB3, 0x8DB3, 0x8DD3, 0x8DD3, 
0x8DB3, 0x8DB3, 0x8DB3, 0x8DB3, 0x95D3, 0x8D92, 0x8D92, 0x95D4, 
0x8DD3, 0x8DB2, 0x85B2, 0x8572, 0x8DF4, 0x8DD4, 0x5BCF, 0x6C32, 
0x84B5, 0x7452, 0x95B6, 0x8DB5, 0x8D94, 0x7D32, 0x6C90, 0x6430, 
0x74D3, 0x7454, 0x7474, 0x7494, 0x6C72, 0x74F3, 0x7D34, 0x74D3, 
0x74B3, 0x74B3, 0x6CB3, 0x6C93, 0x6C73, 0x6C72, 0x6C72, 0x6C73, 
0x6C53, 0x6453, 0x6432, 0x74D6, 0x8D78, 0x6C95, 0x6434, 0x6434, 
0x6414, 0x5BF4, 0x6414, 0x5BF4, 0x5BF4, 0x5BF4, 0x5BF5, 0x5BF4, 
0x5BF4, 0x5BD4, 0x5BF5, 0x5C15, 0x5C15, 0x5BF5, 0x5BF5, 0x5BF5, 
0x5BF5, 0x6416, 0x5BD5, 0x3A8E, 0x3AAF, 0x3A8F, 0x3A8E, 0x3A6D, 
0x324B, 0x29EA, 0x3AAD, 0x5392, 0x4352, 0x4B74, 0x4BD6, 0x53D5, 
0x53F5, 0x5C16, 0x5C16, 0x5C15, 0x5C15, 0x5C16, 0x5C16, 0x5C17, 
0x53B4, 0x2A0C, 0x31EA, 0x42F1, 0x42F1, 0x4353, 0x53F6, 0x5C16, 
0x6436, 0x6457, 0x6457, 0x6C77, 0x5C36, 0x6477, 0x6C77, 0x6C97, 
0x6C57, 0x6457, 0x6C77, 0x6C98, 0x6C98, 0x6C77, 0x6C77, 0x74B8, 
0x74D9, 0x6CB8, 0x6C78, 0x7CBA, 0x5BD5, 0x5373, 0x6C55, 0x6C76, 
0x8D59, 0x7C96, 0x7CD7, 0x5BD4, 0x5BD5, 0x6437, 0x6437, 0x63F5, 
0x7CB7, 0x9DBA, 0x6C34, 0x6C14, 0x7436, 0x7CF9, 0x7CF9, 0x74D8, 
0x74F9, 0x7D19, 0x74F9, 0x7CF9, 0x74D8, 0x74F9, 0x7D19, 0x7CF9, 
0x74F9, 0x74F9, 0x7D19, 0x855A, 0x74D8, 0x74F9, 0x74F9, 0x7D19, 
0x74F9, 0x6CB8, 0x7D19, 0x74F9, 0x7D19, 0x6CD8, 0x74D8, 0x7CF9, 
0x74F9, 0x7D1A, 0x53D5, 0x8559, 0x8559, 0x6435, 0x955A, 0x5B94, 
0x3A6F, 0x41D0, 0x4210, 0x39F0, 0x3A10, 0x4251, 0x4231, 0x422F, 
0x3A2A, 0x3A67, 0x3207, 0x4269, 0x3208, 0x3A28, 0x3A28, 0x3A28, 
0x3207, 0x3A07, 0x3207, 0x31E7, 0x3207, 0x31E7, 0x31E7, 0x31E7, 
0x642E, 0x642E, 0x6C2F, 0x5BEE, 0x6410, 0x6C51, 0x7492, 0x5330, 
0x6C32, 0x7472, 0x7CF3, 0x6C92, 0x4B8E, 0x8534, 0xAE97, 0xB6D7, 
0x53AF, 0x7495, 0x6C33, 0x5BCF, 0x6C72, 0x7CD4, 0x8516, 0x6432, 
0x6431, 0x8D96, 0x8514, 0x74B2, 0x74F2, 0x9E16, 0x95D5, 0x8572, 
0x8DD3, 0x8DF3, 0x8592, 0x8592, 0x8DB3, 0x95F3, 0x8DD3, 0x8DB2, 
0x8DB2, 0x8DD3, 0x95F3, 0x8DD3, 0x8DB3, 0x8DB2, 0x8DD3, 0x8DD3, 
0x8DB2, 0x8DB3, 0x8DD3, 0x95F3, 0x8592, 0x8592, 0x8DB3, 0x8DB3, 
0x8DB3, 0x8592, 0x8572, 0x8DD4, 0x8593, 0x85B3, 0x7D13, 0x6C71, 
0x9576, 0x7433, 0x6C31, 0x95D6, 0x95F6, 0x74F1, 0x6CAF, 0x7D32, 
0x95D5, 0x84F6, 0x84F5, 0x7474, 0x6433, 0x8536, 0x8515, 0x6CD2, 
0x7514, 0x6CD3, 0x6CB3, 0x6C93, 0x6C93, 0x6C93, 0x6C73, 0x6452, 
0x6453, 0x6453, 0x6433, 0x6C95, 0x8D78, 0x74B6, 0x6434, 0x6434, 
0x6434, 0x5C14, 0x5C14, 0x5C14, 0x5BF4, 0x5BF4, 0x6415, 0x5BF5, 
0x5BF4, 0x5C15, 0x5C15, 0x5BF5, 0x5BF4, 0x5BF5, 0x5BF5, 0x5BF5, 
0x5BF5, 0x5BF5, 0x53D5, 0x42F0, 0x42CF, 0x3A6E, 0x3A6D, 0x324C, 
0x3A4C, 0x3AAE, 0x3AAE, 0x5BB2, 0x53B2, 0x53D4, 0x53B4, 0x53D5, 
0x53F5, 0x5C16, 0x5BF6, 0x5C16, 0x5BF5, 0x5C36, 0x5C16, 0x5C16, 
0x5394, 0x29EB, 0x320C, 0x42D0, 0x42F1, 0x4B73, 0x53D5, 0x5C16, 
0x6436, 0x6477, 0x6457, 0x6436, 0x6457, 0x6C77, 0x6C98, 0x6437, 
0x6457, 0x6C77, 0x6C98, 0x6C77, 0x6457, 0x6C77, 0x74B8, 0x6C98, 
0x6C77, 0x6C78, 0x6CB8, 0x74B9, 0x74B9, 0x6C57, 0x5373, 0x7CD8, 
0x7CB7, 0x7475, 0x7CD7, 0x74B7, 0x6C57, 0x6416, 0x5395, 0x63F6, 
0x6C16, 0x7476, 0x6C14, 0x7C96, 0x7476, 0x8D5A, 0x6C57, 0x74D9, 
0x7CF9, 0x7D19, 0x74F8, 0x74F9, 0x7CF9, 0x7D19, 0x7CF9, 0x74D9, 
0x74D9, 0x7D1A, 0x7D19, 0x74F9, 0x74F9, 0x74F9, 0x853A, 0x74F9, 
0x74D8, 0x74F9, 0x7D19, 0x7CF9, 0x74D8, 0x74F8, 0x7D19, 0x7CF9, 
0x7497, 0x74B8, 0x8519, 0x5BB3, 0x84F8, 0x8D19, 0x5332, 0x6BD4, 
0x5B93, 0x39CF, 0x39EF, 0x4230, 0x4211, 0x4230, 0x3A0F, 0x3A2A, 
0x3A49, 0x3A47, 0x3A49, 0x3208, 0x3A48, 0x3A28, 0x3A28, 0x3A28, 
0x3207, 0x3A07, 0x3207, 0x31E7, 0x31E7, 0x31E7, 0x31E7, 0x31E7, 
0x640E, 0x640E, 0x642E, 0x640F, 0x5BEE, 0x640F, 0x6C51, 0x5370, 
0x536F, 0x7CD4, 0x538F, 0x7493, 0x6451, 0x8D33, 0xBEF9, 0x6C70, 
0x6C32, 0x5370, 0x5BB0, 0x95B5, 0x7CD3, 0x6431, 0x8D57, 0x7CF5, 
0x63F0, 0x74D3, 0x8D75, 0x8D95, 0x74D1, 0x6470, 0x7D13, 0x8DD2, 
0x8DD3, 0x8DD2, 0x8592, 0x8DB2, 0x8DD3, 0x8DD2, 0x8DB2, 0x85B2, 
0x8DD3, 0x8DD3, 0x8DB3, 0x8DB2, 0x8DD2, 0x95F3, 0x8DB2, 0x8DB2, 
0x8DB2, 0x95F4, 0x8DD3, 0x8592, 0x8DB2, 0x8DB3, 0x8DD3, 0x8DB3, 
0x8592, 0x8593, 0x8DB3, 0x8593, 0x8593, 0x8592, 0x8D93, 0x8553, 
0x6C51, 0x6C32, 0x5B91, 0x9D97, 0x9DF7, 0x8574, 0x7D73, 0x7D11, 
0x74D0, 0x5C10, 0x6C72, 0x7494, 0x8D38, 0x63D3, 0x5B91, 0x74F3, 
0x6CB3, 0x7514, 0x6472, 0x6C93, 0x6C92, 0x6C93, 0x6C73, 0x6453, 
0x6C53, 0x6C53, 0x6433, 0x6C95, 0x8D78, 0x74D6, 0x6434, 0x5C14, 
0x6434, 0x6414, 0x5BF4, 0x5C14, 0x5C14, 0x5BF4, 0x5C14, 0x5BF5, 
0x5C15, 0x5C15, 0x5C15, 0x5C15, 0x5BF4, 0x5BF5, 0x5BF5, 0x5C15, 
0x5BF5, 0x5C15, 0x53F5, 0x42F0, 0x42CF, 0x3A8D, 0x322B, 0x322B, 
0x3A4C, 0x3AB0, 0x3AAF, 0x42EF, 0x4B71, 0x7CF7, 0x6434, 0x4BB5, 
0x53F5, 0x5C16, 0x5BD5, 0x5BD6, 0x6416, 0x5C36, 0x63F7, 0x53F6, 
0x5394, 0x29C9, 0x320D, 0x42D0, 0x4311, 0x4B73, 0x53D5, 0x6416, 
0x6C57, 0x6437, 0x6436, 0x6457, 0x6457, 0x6C77, 0x6C57, 0x6436, 
0x6C77, 0x6C77, 0x6C77, 0x6457, 0x6457, 0x6C98, 0x6C98, 0x6C98, 
0x6457, 0x6C98, 0x74B8, 0x6C98, 0x74B8, 0x74B8, 0x63F5, 0x5BD4, 
0x63D4, 0x74D7, 0x7D18, 0x8D59, 0x6C56, 0x5BB5, 0x5BD6, 0x63D6, 
0x7458, 0x5394, 0x957A, 0x84F8, 0x7CF7, 0x5372, 0x5BB4, 0x7498, 
0x851A, 0x74F9, 0x6CD7, 0x7CF9, 0x7D19, 0x7CF9, 0x74D8, 0x74D8, 
0x7CF9, 0x7CF9, 0x74F9, 0x74F9, 0x7CF9, 0x7D19, 0x7D19, 0x74D8, 
0x7CF9, 0x7D19, 0x7CF9, 0x74F8, 0x74F8, 0x74D8, 0x7D19, 0x855A, 
0x6C56, 0x63F5, 0x955A, 0x84F9, 0x5352, 0x8CF9, 0x3A4E, 0x6C14, 
0x6BF4, 0x5B12, 0x31EE, 0x4210, 0x4232, 0x422F, 0x424B, 0x3A47, 
0x3A48, 0x3A28, 0x3A48, 0x3A28, 0x3A28, 0x3A28, 0x3A28, 0x3A28, 
0x3207, 0x3A07, 0x3207, 0x31E7, 0x31E7, 0x31E7, 0x31E7, 0x31E7, 
0x640E, 0x640E, 0x642E, 0x642F, 0x640F, 0x5C0F, 0x5BEE, 0x7433, 
0x7CB4, 0x4B2E, 0x6411, 0x8D36, 0x8D56, 0x4B2E, 0x536E, 0x6410, 
0x6C12, 0x4B4F, 0x5BD0, 0x8D55, 0x6C52, 0x63F1, 0x5BD1, 0x7CD3, 
0x8D55, 0x644E, 0x74D1, 0x9DF7, 0x8D95, 0x7D11, 0x8DF2, 0x8DF3, 
0x8592, 0x8572, 0x8DB2, 0x8DD3, 0x8DD2, 0x8591, 0x85B1, 0x8DF3, 
0x8DD3, 0x8592, 0x8DB2, 0x8DB2, 0x8DF3, 0x8DB2, 0x8DD2, 0x8DB2, 
0x8DD2, 0x8DF3, 0x8592, 0x8592, 0x8DB3, 0x8DD3, 0x8DB3, 0x8592, 
0x85B3, 0x85B3, 0x85B3, 0x8592, 0x7D52, 0x8592, 0x8592, 0x8D94, 
0x8533, 0x6C71, 0x9596, 0x5B50, 0x63D1, 0x8D56, 0x8DB6, 0x7D33, 
0x6490, 0x7D12, 0x8D74, 0x8535, 0x6C33, 0x6C34, 0x8517, 0x74F3, 
0x8D97, 0x6C93, 0x6CB3, 0x6CB3, 0x6C93, 0x6C73, 0x6C73, 0x6C73, 
0x6453, 0x6453, 0x6433, 0x6C95, 0x8578, 0x74F6, 0x6434, 0x6434, 
0x5C34, 0x6414, 0x5BF4, 0x5C14, 0x5C14, 0x5BF4, 0x5C14, 0x5C15, 
0x5C15, 0x5BF4, 0x5BF4, 0x5C15, 0x5C15, 0x5C16, 0x5BF5, 0x5C16, 
0x5BF5, 0x5C16, 0x53F5, 0x4AF0, 0x3AAE, 0x324C, 0x324C, 0x3A4C, 
0x426D, 0x3ACF, 0x42F0, 0x4311, 0x4331, 0x4B92, 0x4B71, 0x5BF5, 
0x53D4, 0x5BF5, 0x5BF5, 0x5C16, 0x5BF6, 0x5416, 0x63F6, 0x5C16, 
0x5374, 0x29A9, 0x3A4E, 0x4AF1, 0x42F1, 0x4B53, 0x53D5, 0x6416, 
0x6437, 0x6436, 0x6437, 0x6437, 0x6C77, 0x6457, 0x6437, 0x6457, 
0x6C57, 0x6C77, 0x6436, 0x6C57, 0x6C98, 0x6C98, 0x6C77, 0x6457, 
0x6C98, 0x6C98, 0x6C98, 0x6457, 0x6C98, 0x7498, 0x7498, 0x6415, 
0x4B52, 0x7CB7, 0x7CB6, 0x53B2, 0x8D59, 0x7477, 0x6C57, 0x63D6, 
0x5BB5, 0x5373, 0x6435, 0x6C56, 0x6414, 0x6C35, 0x8D39, 0x7CD8, 
0x6C77, 0x74B8, 0x7D19, 0x7CF9, 0x74D8, 0x74B8, 0x74F9, 0x7CF9, 
0x7CF9, 0x74D8, 0x74D9, 0x7CF9, 0x7D19, 0x74F9, 0x74D8, 0x74D9, 
0x7D1A, 0x7CF9, 0x74D8, 0x74F8, 0x7D39, 0x7D19, 0x6C77, 0x6436, 
0x8D5A, 0x7C97, 0x4B32, 0x8D19, 0x7C76, 0x21AC, 0x9539, 0x5331, 
0x5311, 0x8476, 0x4252, 0x41F2, 0x422F, 0x3A2A, 0x3A27, 0x3A48, 
0x3A48, 0x3A28, 0x3A28, 0x3A28, 0x3A28, 0x3A28, 0x3A07, 0x3207, 
0x3A07, 0x3207, 0x3207, 0x31E7, 0x31E7, 0x31E7, 0x31E7, 0x31E7, 
0x640E, 0x642E, 0x640E, 0x640E, 0x640E, 0x640F, 0x5BEE, 0x5BB0, 
0x6C32, 0x63F1, 0x5BD1, 0x4B2F, 0x42EE, 0x42EF, 0x5B91, 0x7494, 
0x5BD1, 0x84F5, 0x7CD4, 0x6411, 0x7CB4, 0x3AAD, 0x5BB0, 0x63F0, 
0x84F3, 0x9E34, 0x74F1, 0x6C91, 0x8DB4, 0x8DB2, 0x8DD0, 0x8592, 
0x8591, 0x85B1, 0x8DB2, 0x8DB2, 0x8592, 0x85B1, 0x8DD2, 0x8DD2, 
0x8DB2, 0x8DB2, 0x8DB2, 0x95F3, 0x8DB2, 0x8592, 0x8DB2, 0x8DD2, 
0x8DD3, 0x8592, 0x8592, 0x8DB3, 0x8DD3, 0x8DB2, 0x8592, 0x85B3, 
0x8DB3, 0x85B3, 0x8592, 0x8592, 0x8572, 0x8592, 0x8592, 0x7D52, 
0x8594, 0x6CB1, 0x8533, 0x6BF3, 0x7454, 0x84F6, 0x95B7, 0x8575, 
0x7513, 0x6CD0, 0x7512, 0x7D13, 0x6C52, 0x84F6, 0x6C33, 0x6C73, 
0x5BF1, 0x6C53, 0x6C93, 0x74D4, 0x6493, 0x6C73, 0x6C73, 0x6C73, 
0x6C73, 0x6453, 0x6433, 0x6C75, 0x8558, 0x7CF6, 0x6434, 0x6434, 
0x5C34, 0x6414, 0x5C14, 0x6414, 0x5C14, 0x5BF4, 0x5C14, 0x5C15, 
0x5BF4, 0x5BF4, 0x5BF4, 0x5BF4, 0x5C15, 0x5BF5, 0x5BF5, 0x5C15, 
0x5BF5, 0x5C16, 0x53D5, 0x42AF, 0x326D, 0x324C, 0x326C, 0x3A6D, 
0x428E, 0x42CF, 0x42F0, 0x42F1, 0x4B53, 0x3AF1, 0x74D7, 0x5BF4, 
0x6C56, 0x5BF5, 0x5BF5, 0x6436, 0x5BF6, 0x5415, 0x63F6, 0x5C16, 
0x4B53, 0x21A9, 0x3A6E, 0x42D0, 0x42F1, 0x4B53, 0x5BF6, 0x6416, 
0x6436, 0x6457, 0x6457, 0x6457, 0x6457, 0x6457, 0x6457, 0x6C77, 
0x6457, 0x6436, 0x6457, 0x6C77, 0x6C77, 0x6C57, 0x6C77, 0x6C77, 
0x6C78, 0x6C77, 0x6C77, 0x6C77, 0x7CD9, 0x6C57, 0x7498, 0x7498, 
0x5BF5, 0x6C35, 0x5BF4, 0x8518, 0x6414, 0x8539, 0x7476, 0x63D5, 
0x63F5, 0x63F6, 0x7477, 0x5BD4, 0x7CD8, 0x7496, 0x7476, 0x7497, 
0x5BF5, 0x6C77, 0x74B9, 0x7CF9, 0x74D8, 0x74D8, 0x7CF9, 0x7CF9, 
0x74D8, 0x74D8, 0x7CF9, 0x7D19, 0x74F9, 0x74D8, 0x74D9, 0x7D1A, 
0x7CF9, 0x6CB8, 0x74D8, 0x7CF9, 0x74F8, 0x855A, 0x74B8, 0x53D4, 
0x7497, 0x955A, 0x7456, 0x4AF1, 0x6393, 0x7436, 0x4290, 0x7C36, 
0x6393, 0x4230, 0x4231, 0x4230, 0x3A29, 0x3A68, 0x3A49, 0x3A48, 
0x3A48, 0x3A48, 0x3A28, 0x3A28, 0x3A28, 0x3A07, 0x3A28, 0x3207, 
0x3207, 0x3207, 0x31E7, 0x31E7, 0x31E7, 0x31E7, 0x31E7, 0x31E7, 
0x640E, 0x640E, 0x640E, 0x5C0E, 0x5C0E, 0x640E, 0x640E, 0x63EF, 
0x5BEF, 0x6411, 0x5BB0, 0x534F, 0x2A2B, 0x4B0F, 0x42CF, 0x21EB, 
0x9577, 0x7452, 0x7453, 0x7CB4, 0x4B0E, 0x5BB1, 0x3AAD, 0x6C31, 
0x7471, 0x95F4, 0x95F5, 0x7D11, 0x8DB3, 0x8DD1, 0x8DD0, 0x7D70, 
0x85B1, 0x8DD1, 0x8592, 0x8591, 0x8591, 0x8DD2, 0x8DD2, 0x85B1, 
0x8591, 0x8DD2, 0x8DD2, 0x8DD3, 0x8592, 0x8DB2, 0x8DD2, 0x8DD3, 
0x8592, 0x8592, 0x8DB3, 0x8DB3, 0x8DB3, 0x8592, 0x8DB3, 0x8DD3, 
0x85B3, 0x8592, 0x8592, 0x8592, 0x8593, 0x7D92, 0x7D51, 0x7D72, 
0x8593, 0x8593, 0x7D32, 0x63D1, 0x84F6, 0x63F2, 0x63F1, 0x8D96, 
0x95D6, 0x8573, 0x6470, 0x6490, 0x7CF3, 0x7CF5, 0x7494, 0x63F2, 
0x84F6, 0x8D57, 0x8556, 0x74D4, 0x6CD3, 0x6C93, 0x6C93, 0x6C73, 
0x6473, 0x6453, 0x6453, 0x6C74, 0x8558, 0x7D17, 0x6434, 0x6434, 
0x5C34, 0x6414, 0x5C14, 0x6414, 0x5C14, 0x5BF4, 0x5C14, 0x5BF4, 
0x5C15, 0x5C15, 0x5C15, 0x5C15, 0x5BF4, 0x5C16, 0x5C16, 0x5C36, 
0x5C16, 0x5C16, 0x53D5, 0x3A4D, 0x324D, 0x326C, 0x3A8D, 0x3A8D, 
0x3A8E, 0x3AAE, 0x42D0, 0x4311, 0x5373, 0x4B53, 0x5393, 0x5BB3, 
0x84F8, 0x5BD4, 0x6436, 0x5BF5, 0x53D5, 0x5C16, 0x63F6, 0x5BF6, 
0x4B33, 0x2188, 0x426F, 0x42D0, 0x4312, 0x4B74, 0x5BF6, 0x5C16, 
0x5C16, 0x6457, 0x6436, 0x6436, 0x5C16, 0x6437, 0x6457, 0x6457, 
0x6437, 0x5C16, 0x6C98, 0x6C77, 0x6437, 0x6437, 0x6C77, 0x7498, 
0x6C57, 0x6C57, 0x6C77, 0x6C77, 0x6C77, 0x6C57, 0x7498, 0x74B8, 
0x74D9, 0x5BB5, 0x5373, 0x6C55, 0x7CD7, 0x6C55, 0x6C35, 0x84F8, 
0x6C36, 0x6C37, 0x5B95, 0x5394, 0x6C15, 0x6C35, 0x7CD7, 0x5392, 
0x959B, 0x6C56, 0x7CB8, 0x6CB8, 0x74D8, 0x74F9, 0x7CF9, 0x74D8, 
0x6CB8, 0x74F9, 0x7D19, 0x7CF9, 0x74B8, 0x74D9, 0x7D1A, 0x74F9, 
0x74D8, 0x74B8, 0x7D19, 0x7D19, 0x6CB7, 0x6456, 0x8D9B, 0x7CD8, 
0x42F1, 0x7456, 0x9D7B, 0x322E, 0x4AD1, 0x6393, 0x6BD5, 0x5B33, 
0x4AB0, 0x39F1, 0x3A2F, 0x424A, 0x3A45, 0x3A47, 0x3A0A, 0x3A48, 
0x3A48, 0x3A28, 0x3A28, 0x3A28, 0x3A28, 0x3A07, 0x3A28, 0x3A07, 
0x3207, 0x3207, 0x3207, 0x31E7, 0x31E7, 0x31E7, 0x31E7, 0x31E7, 
0x640E, 0x640F, 0x640F, 0x640E, 0x640E, 0x5C0E, 0x640E, 0x5C0E, 
0x5BCD, 0x6C30, 0x7C93, 0x63B0, 0x5B50, 0x326B, 0x42AE, 0x6BF3, 
0x42CC, 0x7C93, 0x5BB1, 0x6C31, 0x42CD, 0x7453, 0x4AEE, 0x6C31, 
0x8514, 0x436D, 0x7D32, 0x8DD1, 0x858F, 0x85B1, 0x7D71, 0x85B1, 
0x8DD1, 0x8DB2, 0x8590, 0x8591, 0x8DB1, 0x8DD1, 0x8591, 0x8591, 
0x8DB2, 0x8DD2, 0x8DB2, 0x8D92, 0x8DB2, 0x8DB2, 0x8DD3, 0x8DB2, 
0x8592, 0x8DB3, 0x8DB3, 0x8DB3, 0x8572, 0x8DB3, 0x8DD3, 0x8592, 
0x8592, 0x8592, 0x8593, 0x8593, 0x8572, 0x7552, 0x85B4, 0x7D72, 
0x7D72, 0x7552, 0x85D3, 0x74F1, 0x7492, 0x7C94, 0x8D16, 0x63F0, 
0x95B6, 0x6CF3, 0x6491, 0x6CD2, 0x74F3, 0x7D14, 0x6452, 0x7435, 
0x63F2, 0x5BD1, 0x7D15, 0x5C31, 0x6CB3, 0x6CB3, 0x6C73, 0x6453, 
0x6473, 0x6473, 0x6453, 0x6454, 0x8558, 0x8537, 0x5C34, 0x6434, 
0x6434, 0x5C14, 0x5C14, 0x6414, 0x5C14, 0x5BF4, 0x5BF4, 0x5BF5, 
0x5C15, 0x5C15, 0x5C15, 0x5C15, 0x5BF4, 0x5C16, 0x5C16, 0x5C16, 
0x5BF5, 0x53D5, 0x4353, 0x426D, 0x3A8D, 0x3AAD, 0x3A8D, 0x3A8D, 
0x3A8E, 0x3AB0, 0x42F0, 0x4311, 0x4B32, 0x5394, 0x53B6, 0x4B30, 
0x5BD3, 0x6435, 0x5BF5, 0x5C16, 0x5C16, 0x5C36, 0x63F6, 0x53F5, 
0x4312, 0x2168, 0x428F, 0x42B0, 0x4B12, 0x5374, 0x53D6, 0x5BF6, 
0x6416, 0x6437, 0x5C16, 0x5BF6, 0x6437, 0x6437, 0x6457, 0x6436, 
0x6436, 0x6C57, 0x6437, 0x6457, 0x6436, 0x6C77, 0x6C77, 0x6457, 
0x6C57, 0x6C57, 0x6C98, 0x7477, 0x6C57, 0x6C77, 0x6C98, 0x6C98, 
0x74B9, 0x7438, 0x6C16, 0x6C15, 0x7476, 0x6C15, 0x63F4, 0x7CD7, 
0x7477, 0x5B95, 0x6C18, 0x63F6, 0x6C56, 0x63D6, 0x63F5, 0x7476, 
0x7475, 0x7CB7, 0x7456, 0x6477, 0x74D8, 0x7CF9, 0x74B8, 0x74B8, 
0x74D8, 0x7CF9, 0x74D8, 0x74D8, 0x74D9, 0x7CF9, 0x7D19, 0x6C98, 
0x74D8, 0x7CF9, 0x74F9, 0x7CF9, 0x855A, 0x5373, 0x6C76, 0x959B, 
0x7456, 0x42B0, 0x3A6F, 0x8CB7, 0x52F1, 0x4AB0, 0x7C36, 0x52B1, 
0x39EF, 0x4250, 0x3A2A, 0x3A47, 0x3A68, 0x3A48, 0x3A28, 0x3A48, 
0x3A48, 0x3A28, 0x3A28, 0x3A28, 0x3A28, 0x3A07, 0x3207, 0x3207, 
0x3207, 0x31E7, 0x3207, 0x31E7, 0x31E7, 0x31E7, 0x31E7, 0x31E7, 
0x63EE, 0x5BEE, 0x63EE, 0x640E, 0x640E, 0x640E, 0x640E, 0x640E, 
0x642F, 0x5BCE, 0x63EF, 0x7452, 0x84D4, 0x42CD, 0x42AE, 0x7433, 
0x5B90, 0x63D0, 0x5370, 0x63F1, 0x536F, 0x7C95, 0x532F, 0x3A8C, 
0x63D1, 0x7CF2, 0x8592, 0x85B0, 0x8DD1, 0x7D70, 0x8570, 0x8DD2, 
0x8DB1, 0x8591, 0x8591, 0x8DB1, 0x8DD2, 0x85B1, 0x8591, 0x85B1, 
0x8DD2, 0x8DB2, 0x8591, 0x8591, 0x8DD2, 0x8DB2, 0x8592, 0x85B2, 
0x8DB2, 0x8DB2, 0x8DB2, 0x8592, 0x8DB2, 0x8DB3, 0x8592, 0x8572, 
0x8592, 0x85B3, 0x8593, 0x8592, 0x7D72, 0x8593, 0x7D73, 0x7D72, 
0x7D73, 0x7552, 0x7552, 0x7D92, 0x7532, 0x53CF, 0x84D4, 0x7473, 
0x7473, 0x8D77, 0x95D7, 0x7D33, 0x5C50, 0x6451, 0x6472, 0x7C94, 
0x7CB5, 0x84F6, 0x4B70, 0x8515, 0x74B3, 0x6CD4, 0x6C93, 0x6473, 
0x6473, 0x6453, 0x6453, 0x6453, 0x8558, 0x8538, 0x5C34, 0x5C34, 
0x6434, 0x5C14, 0x5C14, 0x5C14, 0x5C35, 0x5C15, 0x5C14, 0x5C15, 
0x5C14, 0x5C14, 0x53F4, 0x5C15, 0x5C16, 0x5C15, 0x5BF5, 0x5BD5, 
0x5BB5, 0x4B73, 0x4332, 0x42CF, 0x42AE, 0x3AAD, 0x3A8D, 0x3A8D, 
0x3AAE, 0x3AB0, 0x4B11, 0x4B31, 0x4B52, 0x4B74, 0x4B95, 0x63F5, 
0x6415, 0x7477, 0x6C76, 0x6C77, 0x6436, 0x5C36, 0x5BF6, 0x53D5, 
0x4B31, 0x2188, 0x426F, 0x42D1, 0x4B12, 0x4B74, 0x53D6, 0x5C16, 
0x6437, 0x6437, 0x6436, 0x6437, 0x6437, 0x6437, 0x6436, 0x6436, 
0x6457, 0x6C57, 0x6437, 0x6437, 0x6C38, 0x6C78, 0x6C37, 0x6437, 
0x6C57, 0x6C77, 0x6C77, 0x6436, 0x6C77, 0x6C77, 0x6C98, 0x6C78, 
0x6437, 0x7CB9, 0x7478, 0x6416, 0x4B52, 0x6C15, 0x7456, 0x8518, 
0x6C15, 0x84D9, 0x5BB5, 0x63F6, 0x5BD6, 0x63B6, 0x6416, 0x7497, 
0x7CB6, 0x6C55, 0x7475, 0x74B8, 0x74B7, 0x6C97, 0x74D8, 0x74D8, 
0x7CF9, 0x74D8, 0x6CB8, 0x74B8, 0x7CF9, 0x74F9, 0x74B8, 0x74D9, 
0x74F8, 0x7CF9, 0x6C77, 0x6435, 0x8D5A, 0x959A, 0x5BB3, 0x6C36, 
0x84D8, 0x42B0, 0x4290, 0x6373, 0x7414, 0x6392, 0x4250, 0x4230, 
0x4230, 0x3A2A, 0x3A49, 0x3A48, 0x3A29, 0x3A49, 0x3A48, 0x3A28, 
0x3A28, 0x3A28, 0x3A28, 0x3A28, 0x3A28, 0x3207, 0x3207, 0x3207, 
0x3207, 0x31E7, 0x31E7, 0x31E7, 0x31E7, 0x31E7, 0x31E7, 0x31E7, 
0x5BEE, 0x63EE, 0x640E, 0x63EE, 0x63EE, 0x640E, 0x640E, 0x640E, 
0x640E, 0x640E, 0x5BEE, 0x6410, 0x6C71, 0x73F3, 0x42CD, 0x21EA, 
0x84F5, 0x5390, 0x4B2E, 0x42CD, 0x7C74, 0x4AEF, 0x3A6D, 0x5B50, 
0x3A6C, 0x74B1, 0x8DB3, 0x85B1, 0x7570, 0x85B1, 0x8DB0, 0x85B1, 
0x8591, 0x8591, 0x85B1, 0x8DB1, 0x8591, 0x8591, 0x85B1, 0x8DD1, 
0x8DB2, 0x85B1, 0x8591, 0x8DD2, 0x8DB2, 0x8592, 0x8591, 0x8DB2, 
0x8DB3, 0x85B1, 0x8592, 0x8DB2, 0x8DD2, 0x8DB2, 0x8571, 0x8592, 
0x8DB3, 0x8593, 0x8592, 0x7D72, 0x7D92, 0x8593, 0x7D72, 0x7D52, 
0x7D53, 0x7D53, 0x7D53, 0x7572, 0x7D53, 0x7D33, 0x5BD0, 0x84B5, 
0x7C34, 0x63F1, 0x8D56, 0x8554, 0x5C50, 0x6491, 0x64F3, 0x8D34, 
0x6411, 0x6C33, 0x6C33, 0x6412, 0x84F5, 0x7515, 0x6493, 0x6C94, 
0x6473, 0x6474, 0x6453, 0x6473, 0x8557, 0x8538, 0x6435, 0x5C34, 
0x5C34, 0x5BF4, 0x5C14, 0x5C35, 0x5C15, 0x5415, 0x5C35, 0x5BF5, 
0x5C14, 0x5C34, 0x5414, 0x5BF5, 0x5BD6, 0x5C35, 0x5C15, 0x5B93, 
0x5332, 0x5373, 0x5BF5, 0x42D0, 0x3ACF, 0x3A8D, 0x3A8D, 0x3A8D, 
0x3A8E, 0x42D0, 0x42F0, 0x4B31, 0x4B53, 0x4B94, 0x53D5, 0x5BD5, 
0x5BD5, 0x5394, 0x63F5, 0x6C35, 0x5BB3, 0x53D5, 0x5416, 0x5BF7, 
0x42AE, 0x1946, 0x4AD0, 0x42D0, 0x4312, 0x4B94, 0x5BF6, 0x6437, 
0x6437, 0x6416, 0x6437, 0x6437, 0x6437, 0x6416, 0x6416, 0x6457, 
0x6437, 0x6437, 0x6417, 0x6C78, 0x6C58, 0x6C57, 0x6C57, 0x6C37, 
0x6C77, 0x6C77, 0x6C76, 0x6457, 0x6C77, 0x6C97, 0x6C56, 0x6C57, 
0x7498, 0x6C98, 0x74B8, 0x7498, 0x63F5, 0x6BF5, 0x955A, 0x5B73, 
0x6C35, 0x7C97, 0x6C56, 0x6C57, 0x53B6, 0x5B95, 0x6C37, 0x6C36, 
0x6415, 0x6C55, 0x7CF6, 0x6C35, 0x8519, 0x6C76, 0x7CD8, 0x7CF9, 
0x7CD9, 0x6C98, 0x74D8, 0x7CF9, 0x74D8, 0x74B8, 0x74B8, 0x74F9, 
0x74D9, 0x8539, 0x7496, 0x5393, 0x5392, 0x959A, 0x8518, 0x5351, 
0x4AF1, 0x8CB7, 0x52B0, 0x428F, 0x6392, 0x52D1, 0x3A10, 0x3A2F, 
0x3A0D, 0x3A67, 0x3A48, 0x3A48, 0x3A48, 0x3A48, 0x3A48, 0x3A28, 
0x3A28, 0x3A28, 0x3A28, 0x3A07, 0x3A07, 0x3A07, 0x3207, 0x3207, 
0x31E7, 0x31E7, 0x31E7, 0x3207, 0x31E7, 0x31E7, 0x31E7, 0x31C7, 
0x5BEE, 0x5BEE, 0x63EE, 0x5BEE, 0x63EE, 0x640E, 0x640E, 0x5BEE, 
0x63EE, 0x640E, 0x5BEE, 0x5BEE, 0x5BEE, 0x6BF2, 0x6BD1, 0x5B6F, 
0x2A2A, 0x534F, 0x4B4E, 0x9556, 0x42AD, 0x3A6C, 0x42AE, 0x7413, 
0x84B5, 0x2189, 0x6C31, 0x8551, 0x85AF, 0x7DAF, 0x7DB1, 0x8570, 
0x7D50, 0x8591, 0x8DD2, 0x8591, 0x8570, 0x8DB1, 0x8DB1, 0x8DB2, 
0x8590, 0x85B1, 0x8DB1, 0x8DF2, 0x8591, 0x8591, 0x8DB3, 0x8DB2, 
0x8DB2, 0x8571, 0x8592, 0x8DB2, 0x8DB2, 0x8592, 0x8591, 0x8DB3, 
0x8592, 0x8592, 0x7D52, 0x8592, 0x8593, 0x8593, 0x7D52, 0x7D52, 
0x8593, 0x7D73, 0x7532, 0x7D31, 0x7D53, 0x8554, 0x6C51, 0x538F, 
0x7CD5, 0x5B71, 0x8D37, 0x7CD4, 0x95D7, 0x7D34, 0x6491, 0x53EF, 
0x74D3, 0x74D4, 0x8516, 0x7454, 0x5330, 0x5411, 0x6CB4, 0x6C94, 
0x6CB4, 0x6453, 0x6453, 0x6473, 0x7D37, 0x8538, 0x6455, 0x6434, 
0x5C13, 0x6455, 0x5C14, 0x5C14, 0x5C15, 0x5C14, 0x5C35, 0x5BF6, 
0x5C36, 0x5414, 0x5435, 0x5C15, 0x5C16, 0x53F5, 0x4B73, 0x4B52, 
0x4B72, 0x6434, 0x5C34, 0x42D0, 0x3ACF, 0x3A8D, 0x3A8D, 0x3A8E, 
0x3A8E, 0x42D0, 0x42F0, 0x4311, 0x4B53, 0x5394, 0x53D5, 0x5BF6, 
0x5BD5, 0x6416, 0x5BF5, 0x74B7, 0x6C56, 0x6C97, 0x5416, 0x5BF7, 
0x42AE, 0x2188, 0x428F, 0x42B0, 0x4B32, 0x4B94, 0x5C16, 0x5C16, 
0x5C16, 0x6416, 0x6437, 0x6C57, 0x5BF6, 0x6416, 0x6437, 0x6C37, 
0x6C57, 0x5BF5, 0x6476, 0x6496, 0x5C35, 0x6416, 0x6436, 0x6C97, 
0x6456, 0x6C77, 0x5C16, 0x6C78, 0x6C78, 0x6C37, 0x6437, 0x6437, 
0x6C77, 0x6C57, 0x6C57, 0x7497, 0x7477, 0x5BB4, 0x5373, 0x63D4, 
0x8D19, 0x7CB7, 0x7CD8, 0x5BD4, 0x6C36, 0x63F7, 0x63F6, 0x63F6, 
0x5B94, 0x8519, 0x7C97, 0x7475, 0x7496, 0x6C35, 0x7477, 0x7498, 
0x7499, 0x74D8, 0x7CF9, 0x74F9, 0x74B8, 0x74B8, 0x74D8, 0x7CF9, 
0x6C98, 0x6C76, 0x959A, 0x7C98, 0x5372, 0x5352, 0x84F8, 0x5311, 
0x4AD0, 0x5B11, 0x7C35, 0x5310, 0x4271, 0x39F1, 0x424F, 0x3A4A, 
0x3A48, 0x3A48, 0x3A48, 0x3A48, 0x3A48, 0x3A48, 0x3A48, 0x3A28, 
0x3A28, 0x3A28, 0x3A07, 0x3A28, 0x3207, 0x3A07, 0x3207, 0x3207, 
0x3207, 0x31E7, 0x31E7, 0x31E7, 0x31E7, 0x31E7, 0x31E7, 0x31E7, 
0x5BEE, 0x5BEE, 0x5BEE, 0x5BEE, 0x5BEE, 0x63EE, 0x63EE, 0x5BEE, 
0x5BEE, 0x63EE, 0x63EE, 0x5BEE, 0x5BCE, 0x63F0, 0x6C10, 0x6C11, 
0x5B8F, 0x6C31, 0x7C93, 0x5B8F, 0x532E, 0x29EA, 0x8495, 0x63B1, 
0x42CD, 0x8CD6, 0x3A4D, 0x6C12, 0x8550, 0x85D0, 0x7D90, 0x8570, 
0x8591, 0x85B1, 0x8590, 0x8590, 0x8590, 0x8DD2, 0x8591, 0x8591, 
0x8591, 0x8DB1, 0x8DB1, 0x8591, 0x8591, 0x8DB2, 0x8DD2, 0x8592, 
0x8591, 0x8591, 0x8DB2, 0x8DB2, 0x8592, 0x8592, 0x8592, 0x8592, 
0x8592, 0x8572, 0x8592, 0x8592, 0x8592, 0x7D72, 0x7D72, 0x7D72, 
0x7D73, 0x7D53, 0x7532, 0x7552, 0x7532, 0x7553, 0x7553, 0x7D34, 
0x5C91, 0x84D7, 0x5BB1, 0x5390, 0x9597, 0x8576, 0x5C30, 0x5C70, 
0x64B2, 0x6C72, 0x6C73, 0x7454, 0x6BF3, 0x8557, 0x74B4, 0x7CF5, 
0x6453, 0x6473, 0x6473, 0x5C33, 0x7D17, 0x8559, 0x6435, 0x5C34, 
0x5C34, 0x5C35, 0x5C35, 0x5C34, 0x5C14, 0x5C35, 0x5C14, 0x5C16, 
0x5C15, 0x5C35, 0x5C35, 0x5C35, 0x53D4, 0x4B54, 0x4333, 0x4B74, 
0x5C16, 0x6456, 0x5415, 0x42D0, 0x42CF, 0x3A8D, 0x3A8D, 0x3A8E, 
0x3A8E, 0x42CF, 0x42D0, 0x4311, 0x4B73, 0x53B4, 0x53D5, 0x53B5, 
0x6436, 0x5C16, 0x5BD5, 0x5BF5, 0x5BF5, 0x7CD8, 0x5BF6, 0x4B95, 
0x3A6D, 0x21A8, 0x42B0, 0x42B0, 0x4B32, 0x53B5, 0x5BF6, 0x5C16, 
0x5C16, 0x6437, 0x6437, 0x6416, 0x6416, 0x6437, 0x6437, 0x6416, 
0x6416, 0x6437, 0x6457, 0x5C37, 0x5C37, 0x6437, 0x6C78, 0x6437, 
0x6436, 0x6437, 0x6C38, 0x6C57, 0x6C38, 0x6C38, 0x6C37, 0x6C98, 
0x6C77, 0x6C57, 0x6C77, 0x6C57, 0x7498, 0x6C57, 0x5BF5, 0x63D4, 
0x6C35, 0x7476, 0x6C35, 0x7CB7, 0x7456, 0x6C37, 0x5BB5, 0x5B95, 
0x63D6, 0x6C16, 0x5BB5, 0x8517, 0x6C76, 0x8519, 0x6436, 0x7498, 
0x7478, 0x7CF9, 0x74B8, 0x6C97, 0x7498, 0x74B8, 0x7CD9, 0x6C98, 
0x8538, 0x7CD9, 0x7457, 0x8D38, 0x6C36, 0x42B1, 0x3A90, 0x84B7, 
0x5311, 0x428F, 0x8476, 0x4250, 0x4232, 0x39F0, 0x3A4A, 0x3A67, 
0x3A67, 0x3A48, 0x3A48, 0x3A48, 0x3A48, 0x3A28, 0x3A28, 0x3A28, 
0x3A28, 0x3A28, 0x3A07, 0x3A07, 0x3A07, 0x3A07, 0x3207, 0x3207, 
0x3207, 0x31E7, 0x31E7, 0x31E7, 0x31E7, 0x31E7, 0x31C7, 0x31E7, 
0x5BEE, 0x5BEE, 0x5BEE, 0x5BEE, 0x5BEE, 0x63EE, 0x63EE, 0x63EE, 
0x5BEE, 0x5BEE, 0x5BEE, 0x63EE, 0x5BEE, 0x63EF, 0x5BCF, 0x7C92, 
0x63AF, 0x534E, 0x5B6F, 0x5B8E, 0x4B2D, 0x84B5, 0x5B50, 0x5B50, 
0x6BF2, 0x6390, 0x5310, 0x3A2D, 0x8D34, 0x8DD2, 0x7D8F, 0x8591, 
0x8DD1, 0x8591, 0x7D50, 0x8590, 0x85B1, 0x8DB1, 0x8591, 0x8590, 
0x8DD2, 0x8DB1, 0x8590, 0x8591, 0x8591, 0x8DB2, 0x8591, 0x8591, 
0x8592, 0x8DB2, 0x8592, 0x8591, 0x8571, 0x8592, 0x8DD3, 0x7D72, 
0x8592, 0x8592, 0x85B3, 0x8592, 0x7D72, 0x7D52, 0x7D72, 0x7D73, 
0x7D52, 0x7532, 0x7D53, 0x6532, 0x7593, 0x6511, 0x6D12, 0x7553, 
0x5C70, 0x5B91, 0x63D2, 0x6413, 0x7CB4, 0x8515, 0x74D3, 0x7514, 
0x6492, 0x5C31, 0x6C72, 0x6C73, 0x9D99, 0x5391, 0x6C33, 0x6433, 
0x5C12, 0x6CD4, 0x6453, 0x5C33, 0x7D17, 0x8579, 0x6435, 0x5C34, 
0x6454, 0x5C15, 0x5C35, 0x5C34, 0x6434, 0x6434, 0x53D3, 0x5BF4, 
0x5C14, 0x5C15, 0x53F4, 0x53D4, 0x4B52, 0x4AF2, 0x5373, 0x5BD5, 
0x6457, 0x6437, 0x5BF6, 0x42D0, 0x42CF, 0x3A8D, 0x3A8D, 0x3A8E, 
0x3A8E, 0x3AAF, 0x42F0, 0x4B32, 0x4B73, 0x5394, 0x53B5, 0x53F5, 
0x5BF6, 0x5BF6, 0x5C16, 0x5C16, 0x53B5, 0x7496, 0x6436, 0x53B6, 
0x428D, 0x21A8, 0x42B0, 0x42F1, 0x4B32, 0x53B5, 0x53D6, 0x5C16, 
0x6437, 0x6437, 0x6416, 0x5BF6, 0x6437, 0x6437, 0x6416, 0x6417, 
0x5BF6, 0x6C58, 0x5BF7, 0x5BF7, 0x6418, 0x6437, 0x6C58, 0x6417, 
0x6C38, 0x63F6, 0x6C17, 0x6416, 0x6416, 0x7478, 0x6437, 0x6C57, 
0x5C36, 0x6C57, 0x6C77, 0x6C77, 0x6C77, 0x6C57, 0x7CD9, 0x5BB4, 
0x6C77, 0x42F0, 0x8D59, 0x7476, 0x7CB7, 0x5BB5, 0x5BB5, 0x5BB5, 
0x5BD5, 0x63D6, 0x5BB5, 0x8D39, 0x84F8, 0x63F4, 0x6C36, 0x6C77, 
0x6C77, 0x7498, 0x7498, 0x74B8, 0x74B8, 0x7CD9, 0x7CF9, 0x6C96, 
0x53B4, 0x959B, 0x84D7, 0x7477, 0x953A, 0x426F, 0x428F, 0x4AB0, 
0x84B7, 0x73D5, 0x424F, 0x52B3, 0x422F, 0x3A2B, 0x4287, 0x3A66, 
0x3A28, 0x3A48, 0x3A48, 0x3A48, 0x3A48, 0x3A48, 0x3A28, 0x3A28, 
0x3A28, 0x3A07, 0x3A28, 0x3207, 0x3207, 0x3A07, 0x3207, 0x3207, 
0x3207, 0x31E7, 0x31E7, 0x31E7, 0x31E7, 0x31E7, 0x31C7, 0x31C7, 
0x5BEE, 0x5BEE, 0x5BEE, 0x5BEE, 0x5BEE, 0x5BEE, 0x5BEE, 0x5BEE, 
0x5BEE, 0x5BEE, 0x5BEE, 0x5BEE, 0x63ED, 0x5BCE, 0x5BEE, 0x640F, 
0x84D3, 0x7431, 0x63AF, 0x5BAE, 0x63CF, 0x6C12, 0x5B70, 0x5B50, 
0x73F2, 0x2A0B, 0x4ACD, 0x5B4F, 0x5B70, 0x84F3, 0x7D12, 0x85B0, 
0x8570, 0x8570, 0x8591, 0x85B1, 0x8590, 0x8571, 0x85B1, 0x8DB2, 
0x85B1, 0x8591, 0x8591, 0x85B1, 0x8DB1, 0x8590, 0x8571, 0x8591, 
0x8DB2, 0x85B1, 0x8591, 0x8591, 0x8D92, 0x8592, 0x8571, 0x8572, 
0x8592, 0x85B3, 0x7D51, 0x7D72, 0x7D72, 0x7D72, 0x7D72, 0x7D52, 
0x7552, 0x7532, 0x7D53, 0x7553, 0x6CF1, 0x7D32, 0x8D94, 0x9595, 
0x9553, 0x8D55, 0x63F1, 0x7CB5, 0x63D2, 0x5370, 0x9DB7, 0x7D36, 
0x5C11, 0x5410, 0x6CB2, 0x6C93, 0x6493, 0x7434, 0x7CB6, 0x8D57, 
0x8536, 0x6452, 0x6CB3, 0x5C73, 0x7516, 0x8579, 0x6475, 0x5C55, 
0x5433, 0x5C14, 0x5C14, 0x6435, 0x5C14, 0x6414, 0x7CD6, 0x6C52, 
0x7CD6, 0x63F4, 0x5BD4, 0x4B32, 0x4B12, 0x7C32, 0x7C94, 0x7495, 
0x53D3, 0x6435, 0x5BF5, 0x42D0, 0x42CF, 0x3A8E, 0x3A8D, 0x3A8E, 
0x3A8E, 0x3AAF, 0x42F0, 0x4B32, 0x4B53, 0x4B94, 0x53B5, 0x53D5, 
0x5C16, 0x5C36, 0x5BF6, 0x6436, 0x6437, 0x63D3, 0x7497, 0x6C58, 
0x322C, 0x21A8, 0x42D1, 0x42F1, 0x4B32, 0x4B74, 0x5C17, 0x5C16, 
0x6437, 0x6416, 0x6416, 0x6437, 0x6416, 0x6437, 0x5BF6, 0x6417, 
0x6438, 0x63F6, 0x6BF5, 0x84D7, 0x7C75, 0x74B7, 0x63F5, 0x6C17, 
0x63F6, 0x8CF7, 0x9D97, 0x9D99, 0x6C15, 0x6C37, 0x6C79, 0x6437, 
0x6456, 0x7477, 0x6C57, 0x6436, 0x6C57, 0x6C57, 0x6C78, 0x7499, 
0x5BB5, 0x5BB4, 0x7456, 0x6C15, 0x84D7, 0x7497, 0x84F9, 0x6C36, 
0x5BD5, 0x5BB5, 0x5B95, 0x63D5, 0x63F5, 0x8D5A, 0x6C56, 0x8D59, 
0x6C55, 0x6C77, 0x7498, 0x74B8, 0x74B8, 0x6C77, 0x6416, 0x95BA, 
0x6C57, 0x4331, 0x955A, 0x7437, 0x29ED, 0x9D58, 0x6352, 0x428F, 
0x52F2, 0x52D2, 0x4251, 0x424F, 0x322A, 0x3A47, 0x4268, 0x3A49, 
0x4249, 0x3A48, 0x3A48, 0x3A48, 0x3A28, 0x3A48, 0x3A28, 0x3A28, 
0x3A28, 0x3A07, 0x3207, 0x3A07, 0x3207, 0x3A07, 0x3207, 0x3207, 
0x3207, 0x31E7, 0x31E7, 0x31E7, 0x31E7, 0x31E7, 0x31C7, 0x31C6, 
0x5BEE, 0x5BEE, 0x5BEE, 0x5BEE, 0x5BEE, 0x5BEE, 0x5BEE, 0x5BCE, 
0x5BEE, 0x5BEE, 0x5BED, 0x5BED, 0x5BED, 0x5BEE, 0x640E, 0x538D, 
0x6C51, 0x84D3, 0x7C72, 0x5B8F, 0x6C11, 0x532E, 0x7433, 0x6BD1, 
0x322B, 0x3A6E, 0x4ACE, 0x8493, 0x5B4F, 0x322C, 0x7452, 0x8591, 
0x7D30, 0x85B0, 0x85D1, 0x85B1, 0x8571, 0x8591, 0x85B1, 0x85B1, 
0x8571, 0x8591, 0x85B1, 0x8DB1, 0x8591, 0x8591, 0x8591, 0x8DB2, 
0x85B1, 0x8571, 0x8591, 0x8592, 0x85B2, 0x8592, 0x7D51, 0x8592, 
0x85B2, 0x8592, 0x7D51, 0x7D51, 0x7D92, 0x7D72, 0x7D52, 0x7D32, 
0x7D53, 0x7D53, 0x7532, 0x7512, 0x7553, 0x7CD2, 0xF7FF, 0xFFFF, 
0xFFFF, 0xF7FF, 0x8D55, 0x74B3, 0x4B6F, 0x7CD5, 0x6BF2, 0x8556, 
0x6C52, 0x74F3, 0x5C31, 0x6472, 0x5C31, 0x7453, 0x7474, 0x6C13, 
0x5BD2, 0x7CF5, 0x6472, 0x6494, 0x6CF6, 0x8599, 0x6C76, 0x6455, 
0x5C13, 0x6435, 0x5C35, 0x5C15, 0x5BD3, 0x74B6, 0xDFDF, 0xFFFF, 
0xEFFF, 0x7455, 0x42F2, 0x4B12, 0x8496, 0xFFFF, 0xFFFF, 0xB67A, 
0x5413, 0x5434, 0x53F4, 0x42F0, 0x3AEF, 0x3AAD, 0x326C, 0x428E, 
0x428E, 0x3ACF, 0x42F0, 0x4311, 0x4B72, 0x4B93, 0x53D5, 0x5BD5, 
0x5BF5, 0x5C16, 0x6416, 0x6416, 0x5C37, 0x5BF5, 0x5BD4, 0x63F4, 
0x29EB, 0x29EA, 0x4AD0, 0x4AD1, 0x4B12, 0x53D5, 0x5C16, 0x6436, 
0x5BD6, 0x6436, 0x6435, 0x6436, 0x63F6, 0x5BD6, 0x6435, 0x5C37, 
0x6437, 0x5BD5, 0x84B6, 0xEFFF, 0xFFFF, 0xB69D, 0x5BD3, 0x63D5, 
0xBE5C, 0xF7FF, 0xFFFF, 0xE7FF, 0x7CD7, 0x6C36, 0x6437, 0x6436, 
0x6C57, 0x6C36, 0x6C57, 0x6416, 0x6C77, 0x6C77, 0x6457, 0x6C58, 
0x6C57, 0x6416, 0x6415, 0x7456, 0x7C77, 0x7476, 0x7497, 0x6C36, 
0x5373, 0x5BD5, 0x5BB6, 0x6C17, 0x5B94, 0x6C56, 0x7CD7, 0x7496, 
0x5392, 0x74B8, 0x6C57, 0x74B8, 0x7CD9, 0x6C57, 0x5BF5, 0x6435, 
0x9599, 0x6C15, 0x5353, 0x6BF4, 0x5B54, 0x5311, 0x7414, 0x6352, 
0x4A91, 0x4A71, 0x4230, 0x3A2A, 0x4269, 0x4268, 0x3A49, 0x3A29, 
0x3A48, 0x3A48, 0x3A48, 0x3A48, 0x3A28, 0x3A28, 0x3A28, 0x3A28, 
0x3A28, 0x3A28, 0x3207, 0x3A07, 0x3207, 0x3207, 0x3207, 0x3207, 
0x31E7, 0x31E7, 0x31E7, 0x31E7, 0x31E7, 0x31E7, 0x31C6, 0x31C6, 
0x5BEE, 0x5BCD, 0x5BCD, 0x5BCD, 0x5BCD, 0x5BCD, 0x5BCD, 0x63EE, 
0x63CE, 0x63CE, 0x63CE, 0x63CE, 0x63CE, 0x5BED, 0x5BCD, 0x5BAD, 
0x5BAE, 0x6C30, 0x7CD3, 0x63B1, 0x4AED, 0x7432, 0x5B90, 0x63B1, 
0x532F, 0x29CB, 0x84B5, 0x4ACF, 0x4ACE, 0x6BF1, 0x3A4D, 0x7471, 
0x95D4, 0x7D70, 0x8DF1, 0x752F, 0x8D93, 0x85B1, 0x8591, 0x7D71, 
0x7D90, 0x8591, 0x85B1, 0x8591, 0x8571, 0x8591, 0x85B1, 0x8591, 
0x8571, 0x7D91, 0x8591, 0x8592, 0x8591, 0x7D72, 0x7D71, 0x85B2, 
0x7D92, 0x7D71, 0x7D71, 0x7D72, 0x8592, 0x7D72, 0x7D52, 0x7D52, 
0x7D53, 0x7D52, 0x7512, 0x7512, 0x6552, 0x8D94, 0xFFFF, 0xFFFF, 
0xFFBF, 0xFFDF, 0xA617, 0x5C71, 0x4B8F, 0x7C95, 0x63B3, 0x74B3, 
0x8515, 0x95F8, 0x6493, 0x4BD1, 0x6432, 0x6CB3, 0x74D5, 0x4B51, 
0x9579, 0x6C54, 0x8516, 0x4BF1, 0x6D36, 0x7D99, 0x74B7, 0x63F4, 
0x5414, 0x6454, 0x5C35, 0x5C15, 0x6415, 0x5BD3, 0xBE9C, 0xFFFE, 
0xFFFF, 0x9517, 0x3AF3, 0x5394, 0xC6BB, 0xFFFE, 0xEFDF, 0x8516, 
0x4C15, 0x5C77, 0x5416, 0x3AAF, 0x3AEF, 0x32AD, 0x3A8D, 0x42AE, 
0x428F, 0x42EF, 0x4311, 0x4B32, 0x4B51, 0x4B93, 0x53F7, 0x63F7, 
0x53F5, 0x5C36, 0x6416, 0x5C16, 0x5436, 0x5C37, 0x53D5, 0x63F3, 
0x42AD, 0x29EB, 0x42D0, 0x4AD2, 0x4B53, 0x4B94, 0x53F5, 0x5C16, 
0x63F6, 0x6416, 0x6435, 0x5C15, 0x6438, 0x6438, 0x5BF6, 0x5C37, 
0x5C36, 0x53D6, 0x84B6, 0xE7BE, 0xFFFF, 0xB63C, 0x5BF5, 0x63D6, 
0xF7DE, 0xFFFF, 0xE79F, 0x8D17, 0x6416, 0x63F7, 0x6437, 0x6436, 
0x6C58, 0x6C56, 0x6436, 0x6C57, 0x6C57, 0x6C57, 0x6436, 0x6C78, 
0x74B9, 0x6C77, 0x5BB4, 0x5BB4, 0x7C97, 0x6C56, 0x7476, 0x6C56, 
0x7CD8, 0x63D6, 0x63D6, 0x5B95, 0x5374, 0x6C36, 0x7476, 0x7476, 
0x7CB6, 0x7CF7, 0x6C56, 0x5BF5, 0x6C78, 0x7CB8, 0x74B8, 0x6413, 
0x6C35, 0x9519, 0x29CD, 0x5312, 0x6BF5, 0x6BB4, 0x5B72, 0x4AD1, 
0x4251, 0x4270, 0x3A2C, 0x4268, 0x4268, 0x3A48, 0x3A48, 0x3A48, 
0x3A48, 0x3A48, 0x3A48, 0x3A28, 0x3A48, 0x3A28, 0x3A28, 0x3A28, 
0x3A28, 0x3A28, 0x3207, 0x3A07, 0x3207, 0x31E7, 0x3207, 0x31E7, 
0x31E7, 0x31E7, 0x31E7, 0x31C7, 0x31C7, 0x31C6, 0x31C6, 0x31C6, 
0x5BEE, 0x5BCD, 0x5BCD, 0x5BCD, 0x5BCD, 0x5BCD, 0x5BCD, 0x63EE, 
0x5BCE, 0x5BCE, 0x5BCE, 0x5BCE, 0x63CE, 0x5BED, 0x5BCD, 0x640E, 
0x5BCE, 0x538D, 0x6C30, 0x7452, 0x63D0, 0x532E, 0x6C11, 0x5B6F, 
0x42AD, 0x9D58, 0x428C, 0x4ACE, 0x5B30, 0x7C53, 0x5B71, 0x5B4F, 
0x8D14, 0x8552, 0x7D70, 0x85B0, 0x7D90, 0x8DD2, 0x7D70, 0x7D6F, 
0x8591, 0x85B1, 0x8591, 0x7D70, 0x8591, 0x85B1, 0x8591, 0x8570, 
0x7D50, 0x85B2, 0x8591, 0x7D70, 0x7D72, 0x7D91, 0x8592, 0x7D71, 
0x7D51, 0x7D51, 0x7D72, 0x7D72, 0x7D51, 0x7D51, 0x7D72, 0x7D52, 
0x7532, 0x7532, 0x7532, 0x7553, 0x64F1, 0xBED9, 0xFFFF, 0xE77D, 
0xF7BE, 0xFFDF, 0xC6DA, 0x7D54, 0x6CB3, 0x6432, 0x6C13, 0x6C74, 
0x6453, 0x6CB4, 0x5432, 0x5C53, 0x5C32, 0x5433, 0x5412, 0x6453, 
0x5C13, 0x6C34, 0x5BD2, 0x6C75, 0x7D78, 0x85B9, 0x6454, 0x5414, 
0x5456, 0x5C54, 0x5C35, 0x5C35, 0x6456, 0x5C14, 0x7496, 0xFFFF, 
0xFFDE, 0xCF1D, 0x4372, 0x7CB6, 0xE7BE, 0xFFFE, 0xC6BC, 0x53F5, 
0x5C38, 0x5BF7, 0x63D6, 0x428F, 0x3A8F, 0x324D, 0x42AF, 0x3A8E, 
0x328E, 0x3A8E, 0x3A8F, 0x4B12, 0x4B73, 0x53B5, 0x4B55, 0x5394, 
0x5436, 0x5458, 0x5416, 0x53D5, 0x5415, 0x5436, 0x53B7, 0x4B34, 
0x19C9, 0x220A, 0x3A70, 0x32B0, 0x3B33, 0x53D5, 0x53F6, 0x5BF6, 
0x5BF6, 0x6418, 0x6418, 0x5BF6, 0x4BB4, 0x5416, 0x53D8, 0x5BD5, 
0x5BD6, 0x5BF8, 0x7496, 0xE7BE, 0xFFFF, 0xB65B, 0x5BB6, 0x42D5, 
0xFFFF, 0xFFFE, 0xBE3B, 0x5353, 0x6BF8, 0x6C19, 0x6437, 0x6C77, 
0x5BF6, 0x6436, 0x6C57, 0x6C37, 0x6C57, 0x6C36, 0x6C37, 0x6C78, 
0x6C57, 0x6C77, 0x6C36, 0x6415, 0x5353, 0x7476, 0x6C55, 0x7496, 
0x8D59, 0x6C36, 0x5394, 0x5BB6, 0x5BD6, 0x63F6, 0x5373, 0x6C15, 
0x7497, 0x84F7, 0x6C14, 0x84F9, 0x6416, 0x7498, 0x7CF9, 0x7C97, 
0x5B73, 0x4AF1, 0x8CB7, 0x4AD0, 0x42AF, 0x8CD7, 0x52D2, 0x6335, 
0x424F, 0x31E9, 0x4269, 0x3A48, 0x3A48, 0x3A48, 0x3A48, 0x3A48, 
0x3A48, 0x3A48, 0x3A48, 0x3A28, 0x3A28, 0x3A28, 0x3A28, 0x3A28, 
0x3A07, 0x3207, 0x3A07, 0x3207, 0x3207, 0x31E7, 0x31E7, 0x31E7, 
0x31E7, 0x31E7, 0x31E7, 0x31C7, 0x31E7, 0x31C7, 0x31C6, 0x31C6, 
0x5BCE, 0x5BCD, 0x5BCD, 0x5BCD, 0x5BCD, 0x5BCD, 0x5BCD, 0x5BCD, 
0x5BCD, 0x5BCD, 0x5BCD, 0x5BCD, 0x5BCD, 0x5BCD, 0x63EE, 0x63EE, 
0x63EE, 0x5BCE, 0x538D, 0x63F0, 0x7C72, 0x7431, 0x5B8F, 0x534F, 
0x6C32, 0x6BF1, 0x5310, 0x42AC, 0x9536, 0x3A2D, 0x7C93, 0x6B92, 
0x29CA, 0x6C10, 0x8552, 0x8591, 0x85D0, 0x8570, 0x7D70, 0x8591, 
0x85B1, 0x8591, 0x7D70, 0x7D70, 0x8591, 0x8591, 0x7D70, 0x7D70, 
0x8591, 0x8592, 0x7D91, 0x7D51, 0x7D71, 0x8592, 0x8592, 0x7D71, 
0x7D71, 0x7D72, 0x7D72, 0x7D51, 0x7D51, 0x7D72, 0x7D52, 0x7551, 
0x7532, 0x7532, 0x7552, 0x7553, 0x6CF1, 0xDF5C, 0xFFFF, 0xC6B9, 
0xDF5C, 0xFFFF, 0xE79D, 0x7CF3, 0x6CF3, 0x5C31, 0x430E, 0xB61A, 
0x8D15, 0x8D15, 0x8D35, 0xA638, 0x74D3, 0x8515, 0x8D56, 0x7CF4, 
0x9DB7, 0xB619, 0x94F6, 0x6BD1, 0x84F6, 0xAE5A, 0xAE59, 0x8D56, 
0x6454, 0x5C34, 0x5C34, 0x5435, 0x5C56, 0x5C14, 0x4331, 0xE71C, 
0xFFFF, 0xF7FF, 0x6454, 0xA5D9, 0xF7FF, 0xF7DE, 0x8D38, 0x4BB5, 
0x6436, 0x84D6, 0x9D78, 0x9515, 0x8CB4, 0x6391, 0x3A6D, 0x3AAE, 
0x32AE, 0x63B1, 0x8494, 0x8D17, 0x3B11, 0x5BF4, 0x84F7, 0x9537, 
0x74D8, 0x5416, 0x6415, 0x9D79, 0x9D98, 0x6C34, 0x8D19, 0x8CD7, 
0x1147, 0x426B, 0x73D2, 0x8D16, 0x9D57, 0x84D7, 0x63F5, 0x5BF5, 
0x5C36, 0x53D6, 0x63D6, 0x8CF8, 0x9DD8, 0x9D97, 0x9CF8, 0x6C15, 
0x5BD5, 0x63F8, 0x7456, 0xE7BD, 0xFFFF, 0xB63B, 0x6415, 0x84F9, 
0xFFFE, 0xFFFE, 0xD71D, 0x84D7, 0x6C16, 0x6417, 0x6436, 0x6436, 
0x6416, 0x6C37, 0x6C37, 0x6C37, 0x6436, 0x6C37, 0x6C37, 0x6C77, 
0x6416, 0x6C37, 0x7477, 0x6C57, 0x4B53, 0x6C56, 0x7456, 0x84F7, 
0x63F4, 0x7476, 0x63F4, 0x63F6, 0x5BB5, 0x63D6, 0x5B95, 0x63D5, 
0x8D3A, 0x63B2, 0x63B3, 0x8CF9, 0x6C36, 0x6C57, 0x5BF6, 0x6395, 
0x4AB2, 0x4250, 0x73F5, 0x7415, 0x5310, 0x424F, 0x52B3, 0x52D1, 
0x3208, 0x4288, 0x3A49, 0x3A48, 0x3A48, 0x3A48, 0x3A48, 0x3A48, 
0x3A48, 0x3A48, 0x3A48, 0x3A48, 0x3A28, 0x3A28, 0x3A28, 0x3A07, 
0x3A28, 0x3207, 0x3207, 0x3207, 0x31E7, 0x31E7, 0x31E7, 0x31E7, 
0x31E7, 0x31E7, 0x31E7, 0x31C7, 0x31E7, 0x31C7, 0x31C6, 0x31C6, 
0x5BCD, 0x5BCD, 0x5BCD, 0x5BCD, 0x5BCD, 0x5BCD, 0x5BCD, 0x5BCD, 
0x5BCD, 0x5BCD, 0x5BCD, 0x5BCD, 0x5BCD, 0x5BCE, 0x5BAD, 0x5BAD, 
0x5BCD, 0x63EE, 0x63EE, 0x538D, 0x7491, 0x8D14, 0x536E, 0x534F, 
0x7453, 0x532F, 0x5B6F, 0x8494, 0x29CA, 0x7C53, 0x5B71, 0x428E, 
0x6BD2, 0x3A6C, 0x7492, 0x8DD3, 0x7D90, 0x7D70, 0x8590, 0x8591, 
0x8590, 0x7D70, 0x8591, 0x7D90, 0x8591, 0x8591, 0x7D70, 0x7D91, 
0x85B1, 0x7D71, 0x7D91, 0x7D91, 0x8591, 0x7D71, 0x7D71, 0x7D71, 
0x7D92, 0x8592, 0x7D51, 0x7551, 0x7D51, 0x7D92, 0x7551, 0x6D11, 
0x7532, 0x7552, 0x7552, 0x64F1, 0x8553, 0xEF9D, 0xFFFF, 0xA616, 
0xB6B9, 0xFFFE, 0xFFFF, 0x9554, 0x64D2, 0x6D14, 0x5C52, 0xFFFF, 
0xF7BE, 0xD6BA, 0xEFBE, 0xDF5C, 0x8D33, 0xFFFF, 0xF7FF, 0xCEFB, 
0xF7FF, 0xFFFF, 0xFFFF, 0xCE79, 0xCEBB, 0xF7FF, 0xFFFE, 0xF7FE, 
0x9D77, 0x5414, 0x5C55, 0x5C55, 0x5C35, 0x53B3, 0x3AB0, 0x94F6, 
0xFFFF, 0xFFFF, 0xA5D8, 0xC69B, 0xFFFF, 0xDF5D, 0x5C14, 0x5415, 
0x9577, 0xE79D, 0xF7FF, 0xFFFF, 0xFFFF, 0xEF9E, 0x8CD4, 0x2A0B, 
0x2A6E, 0xB639, 0xF7FF, 0xF7FF, 0x3AF0, 0x7475, 0xE77E, 0xFFFF, 
0xA5DA, 0x5BD5, 0x84B5, 0xFFFF, 0xFFDE, 0xBE3A, 0xF7FF, 0xC67A, 
0x1907, 0xA536, 0xF79D, 0xFFFF, 0xFFFF, 0xFFFF, 0xBE1B, 0x7456, 
0x53D6, 0x6414, 0xC67B, 0xEFBE, 0xFFFF, 0xFFFF, 0xFFDE, 0xC69C, 
0x6C35, 0x5396, 0x7497, 0xE79D, 0xFFFE, 0xB5FB, 0x7CF6, 0xD79F, 
0xFFFE, 0xFFDE, 0xF7FE, 0xDF9E, 0x7476, 0x5BD5, 0x6436, 0x6416, 
0x63F6, 0x6C57, 0x6416, 0x6416, 0x6416, 0x6C37, 0x6C37, 0x6416, 
0x6416, 0x6C37, 0x6C57, 0x6C78, 0x6437, 0x5B94, 0x5BD4, 0x6C35, 
0x6C35, 0x7CD7, 0x8519, 0x7497, 0x63D5, 0x5375, 0x5375, 0x6C37, 
0x5BD5, 0x5332, 0x7C97, 0x7476, 0x84F9, 0x4B33, 0x3270, 0x31EF, 
0x4250, 0x39EF, 0x4A90, 0x6BB4, 0x52F1, 0x4A92, 0x424F, 0x320A, 
0x4286, 0x4288, 0x3A29, 0x3A48, 0x3A48, 0x3A48, 0x3A48, 0x3A48, 
0x3A48, 0x3A48, 0x3A48, 0x3A28, 0x3A28, 0x3A28, 0x3A28, 0x3A07, 
0x3A28, 0x3A07, 0x3207, 0x3207, 0x3207, 0x31E7, 0x31E7, 0x31E7, 
0x31E7, 0x31E7, 0x31E7, 0x31C7, 0x31E7, 0x31C7, 0x31C6, 0x31C6, 
0x5BCD, 0x5BCD, 0x5BCD, 0x5BCD, 0x5BCD, 0x5BCD, 0x5BCD, 0x5BCD, 
0x5BCD, 0x5BCD, 0x5BCD, 0x5BCD, 0x5BCD, 0x5BAD, 0x5BCE, 0x63EE, 
0x5BCD, 0x5BCD, 0x5BCD, 0x5BCD, 0x5BAD, 0x6C10, 0x7CD3, 0x6C11, 
0x5B6F, 0x5B4F, 0x7C72, 0x3A6C, 0x84B5, 0x5B70, 0x3A6E, 0x4B2E, 
0x84D6, 0x5B31, 0x6BD2, 0x8D55, 0x7D12, 0x8590, 0x8591, 0x8570, 
0x7D50, 0x8570, 0x8591, 0x7D91, 0x7D70, 0x7D70, 0x8591, 0x8591, 
0x7D70, 0x7D71, 0x7D91, 0x7D91, 0x7D71, 0x7D71, 0x7D51, 0x7D92, 
0x7D71, 0x7D51, 0x7D51, 0x7D51, 0x7D72, 0x7551, 0x7551, 0x7551, 
0x7552, 0x7552, 0x7532, 0x64F1, 0xAE37, 0xFFDF, 0xF7DE, 0x8D94, 
0x8DD5, 0xFFFF, 0xFFFF, 0xBE99, 0x5C90, 0x6513, 0x64B2, 0xFFFF, 
0xFFDE, 0xFFDF, 0xEFBE, 0xD71C, 0x8536, 0xFFFF, 0xFFFF, 0xDF5D, 
0x7C72, 0xDF5C, 0xFFFF, 0xF7FE, 0xBE5A, 0xA5B8, 0xF7DE, 0xFFFE, 
0xEFBE, 0x4BB4, 0x6435, 0x5C35, 0x4B93, 0x4312, 0x5313, 0x6C96, 
0xDF7E, 0xFFFE, 0xF79F, 0xEF9E, 0xFFFF, 0x8D58, 0x5C35, 0x5C34, 
0xF7DE, 0xFFFF, 0xDF5E, 0x63B1, 0xBE5A, 0xFFFF, 0xE77D, 0x6BB0, 
0x21CC, 0xBE39, 0xFFFF, 0xFFFF, 0x32D0, 0x7496, 0xEF9E, 0xFFFD, 
0xAE1A, 0x4BB6, 0x7CB5, 0xFFFF, 0xFFFE, 0xFFFF, 0xF7DE, 0xB63A, 
0x530D, 0xFFFF, 0xFFFF, 0x6C94, 0x84B3, 0xFFFE, 0xFFFF, 0xA599, 
0x4B75, 0x9557, 0xFFFF, 0xFFFF, 0x8D37, 0x9558, 0xF7BE, 0xFFFF, 
0xA5B9, 0x5B96, 0x7497, 0xE7BE, 0xFFFE, 0xB61C, 0x6415, 0x8D39, 
0xFFFE, 0xFFDE, 0xD71D, 0x8D58, 0x6C37, 0x6C38, 0x5BF6, 0x6436, 
0x6C37, 0x6416, 0x6416, 0x5BF6, 0x6C37, 0x6436, 0x6416, 0x6C16, 
0x6C37, 0x6437, 0x6437, 0x63F6, 0x6C37, 0x7458, 0x5B95, 0x6C36, 
0x7476, 0x84F8, 0x6C35, 0x5BD3, 0x63F5, 0x63D6, 0x5B96, 0x63D6, 
0x5373, 0x63D5, 0x7C97, 0x7C76, 0x42AF, 0x7C36, 0x5B12, 0x31AE, 
0x420F, 0x39AE, 0x5291, 0x4A71, 0x3A30, 0x422F, 0x3A2B, 0x4289, 
0x4289, 0x3A28, 0x4268, 0x3A48, 0x3A48, 0x3A48, 0x3A48, 0x3A48, 
0x3A48, 0x3A28, 0x3A48, 0x3A28, 0x3A28, 0x3A28, 0x3A28, 0x3A07, 
0x3207, 0x3207, 0x3207, 0x31E7, 0x3207, 0x31E7, 0x31E7, 0x31E7, 
0x31E7, 0x31E7, 0x31E7, 0x31C7, 0x31E7, 0x31C7, 0x31C6, 0x31C6, 
0x5BCD, 0x5BCD, 0x5BCD, 0x5BCD, 0x5BCD, 0x5BCD, 0x5BCD, 0x5BCD, 
0x5BCD, 0x5BCD, 0x5BCD, 0x5BCD, 0x5BCD, 0x5BCD, 0x5BCE, 0x5BAD, 
0x5BCD, 0x5BED, 0x5BCD, 0x5BCD, 0x5BAD, 0x538D, 0x7451, 0x7472, 
0x6C31, 0x530D, 0x5330, 0x6BD1, 0x7412, 0x428E, 0x3A6C, 0x8D56, 
0x322C, 0x7413, 0x8495, 0x2A0B, 0x7451, 0x8571, 0x8571, 0x754F, 
0x7D90, 0x8591, 0x8571, 0x7D70, 0x7D70, 0x7D91, 0x8591, 0x7D71, 
0x7550, 0x7D71, 0x7D71, 0x7D71, 0x7D50, 0x7D51, 0x7D71, 0x7D91, 
0x7551, 0x7531, 0x7D51, 0x7D71, 0x7551, 0x7531, 0x7551, 0x7552, 
0x7552, 0x7532, 0x7532, 0x7532, 0xC6DA, 0xFFFF, 0xE79D, 0x7D53, 
0x6D32, 0xFFFF, 0xF7DE, 0xE7BD, 0x64B1, 0x64D2, 0x5C51, 0xFFFF, 
0xF7DE, 0xEFBE, 0x7C73, 0x84F6, 0x84F6, 0xFFFF, 0xFFFF, 0x9576, 
0x53B0, 0xADF8, 0xFFFF, 0xE77C, 0x7CB5, 0x7CD6, 0xE79E, 0xFFFF, 
0xE75D, 0x53F4, 0x6435, 0x5BB4, 0x4311, 0x4B52, 0x6415, 0x5C75, 
0xB67B, 0xFFFF, 0xFFBE, 0xFFFE, 0xF7DF, 0x53F4, 0x5435, 0x7CF7, 
0xFFFF, 0xFFFF, 0x8CF6, 0x3A6F, 0x6BF2, 0xEF9E, 0xFFFF, 0x8494, 
0x2A2E, 0xB5D9, 0xFFFF, 0xFFFF, 0x32D1, 0x7476, 0xEF7D, 0xFFFE, 
0xAE1B, 0x4BD6, 0x7CF7, 0xFFFF, 0xFFFE, 0xC71B, 0x7476, 0x5B73, 
0x7410, 0xFFFF, 0xFFFF, 0x8D78, 0x6C32, 0xAE19, 0xB65B, 0x8D18, 
0x5395, 0xCEBD, 0xFFFE, 0xEF9D, 0x4B33, 0x4B53, 0xCF1C, 0xFFFD, 
0xCEDC, 0x63B6, 0x7C77, 0xE7BE, 0xFFFE, 0xB61B, 0x5396, 0x4B35, 
0xFFFF, 0xFFFE, 0xC65C, 0x5375, 0x63D6, 0x53B6, 0x5C16, 0x6436, 
0x63F6, 0x63F6, 0x6416, 0x6437, 0x63F6, 0x6416, 0x6416, 0x6436, 
0x6416, 0x63F6, 0x6437, 0x6416, 0x6C57, 0x6C58, 0x5BD6, 0x5BD5, 
0x5BB4, 0x6C35, 0x5B93, 0x8517, 0x74B7, 0x7CD9, 0x63F6, 0x4B13, 
0x5B74, 0x5BF6, 0x7457, 0x5B53, 0x7C36, 0x52D1, 0x39EF, 0x422F, 
0x420F, 0x39CF, 0x4230, 0x4A71, 0x4250, 0x3A2A, 0x3A69, 0x3A48, 
0x3A49, 0x4269, 0x3A47, 0x3A48, 0x3A48, 0x3A48, 0x3A48, 0x3A48, 
0x3A48, 0x3A28, 0x3A28, 0x3A28, 0x3A28, 0x3A28, 0x3A28, 0x3207, 
0x3A07, 0x3207, 0x3207, 0x3207, 0x3207, 0x31E7, 0x31E7, 0x31E7, 
0x31E7, 0x31E7, 0x31E7, 0x31C7, 0x31C7, 0x31C6, 0x31C6, 0x31C6, 
0x5BAD, 0x5BAD, 0x5BCD, 0x5BAD, 0x5BCD, 0x5BCD, 0x5BCD, 0x5BAD, 
0x5BAD, 0x5BAD, 0x5BAD, 0x5BAD, 0x5BAD, 0x5BCD, 0x5BCD, 0x5BCD, 
0x5BCD, 0x5BCD, 0x5BCD, 0x5BCD, 0x5BED, 0x5BAD, 0x5BCE, 0x6C50, 
0x7491, 0x63D0, 0x5B4F, 0x6BF2, 0x42AD, 0x5B2F, 0x8CD5, 0x29EC, 
0x7C73, 0x5B71, 0x4AEF, 0x7452, 0x3A4D, 0x8533, 0x8573, 0x7D90, 
0x7D8F, 0x8590, 0x7D51, 0x7570, 0x7D91, 0x7D91, 0x7D70, 0x7D50, 
0x7D71, 0x8591, 0x7D71, 0x7D71, 0x7D71, 0x7D71, 0x7D71, 0x7571, 
0x7551, 0x7551, 0x7D71, 0x7551, 0x7530, 0x7552, 0x7552, 0x7552, 
0x6D11, 0x6D11, 0x7532, 0x7D53, 0xDF7C, 0xFFFF, 0xCEFB, 0x6490, 
0x4C2E, 0xF7BD, 0xF7DE, 0xFFFF, 0x6C91, 0x6CB2, 0x5412, 0xFFFF, 
0xFFFE, 0xC6BA, 0x5BF2, 0x6433, 0x8CF6, 0xFFFF, 0xFFFF, 0xA5F8, 
0x4BF1, 0xAE18, 0xFFFF, 0xEF9D, 0x84F6, 0x7D17, 0xE79E, 0xFFFF, 
0xEF7D, 0x5434, 0x53B3, 0x4B12, 0x4B12, 0x5C15, 0x5C95, 0x5C34, 
0x8539, 0xEFBE, 0xFFDD, 0xF7FE, 0xB67D, 0x53F4, 0x5415, 0x8D58, 
0xFFFF, 0xFFFF, 0x7CF5, 0x32B0, 0x63B0, 0xEF7C, 0xFFFF, 0x9D36, 
0x21ED, 0xBDF8, 0xFFFF, 0xFFFF, 0x3AB0, 0x6C55, 0xE79D, 0xFFFF, 
0xADFA, 0x53B5, 0x74F7, 0xFFFF, 0xFFFF, 0x8D58, 0x4BB5, 0x42D1, 
0x4A6B, 0xE77E, 0xFFFF, 0xF7DE, 0xD6DC, 0x8D17, 0x3AF2, 0x53F6, 
0x4375, 0xDF5D, 0xFFFE, 0xEF9D, 0xADFA, 0xADB9, 0xEF9E, 0xFFFE, 
0xD6FC, 0x6C18, 0x7437, 0xE7BE, 0xFFFF, 0xB61A, 0x5395, 0x4B55, 
0xFFFF, 0xFFFF, 0xC65B, 0x5396, 0x63F6, 0x6436, 0x6436, 0x63F6, 
0x63D6, 0x6416, 0x6416, 0x63F6, 0x6416, 0x63F6, 0x6417, 0x6436, 
0x6416, 0x6436, 0x6416, 0x6436, 0x6436, 0x6437, 0x6C57, 0x6C37, 
0x5BB5, 0x63B4, 0x7C76, 0x7497, 0x7CB7, 0x6C15, 0x5353, 0x63B6, 
0x5B76, 0x5BD6, 0x5333, 0x39EF, 0x6313, 0x39EF, 0x31CF, 0x3A0F, 
0x3A10, 0x39F1, 0x5B13, 0x426F, 0x424D, 0x4268, 0x4268, 0x4268, 
0x4268, 0x3A48, 0x3A48, 0x3A48, 0x3A48, 0x3A48, 0x3A48, 0x3A48, 
0x3A48, 0x3A28, 0x3A28, 0x3A28, 0x3A28, 0x3A07, 0x3A07, 0x3A07, 
0x3207, 0x3207, 0x3207, 0x3207, 0x3207, 0x31E7, 0x31E7, 0x31E7, 
0x31E7, 0x31C7, 0x31C7, 0x31C7, 0x31C6, 0x31C6, 0x31C6, 0x31C6, 
0x5BAD, 0x5BAD, 0x5BAD, 0x5BCD, 0x5BAD, 0x5BCD, 0x5BCD, 0x5BAD, 
0x5BAD, 0x5BAD, 0x5BAD, 0x5BAD, 0x5BAD, 0x5BCD, 0x5BCD, 0x5BCD, 
0x5BCD, 0x5BCD, 0x5BCD, 0x5BAD, 0x5BAD, 0x5BCE, 0x538D, 0x5BAE, 
0x6C50, 0x84D3, 0x7432, 0x4AED, 0x530F, 0x7C73, 0x4AED, 0x6BF3, 
0x5B4F, 0x4AEF, 0x6391, 0x63B1, 0x3A4C, 0x6BF2, 0x8514, 0x74F1, 
0x85D2, 0x754F, 0x7570, 0x7D90, 0x7D91, 0x7D70, 0x7550, 0x7D50, 
0x7D91, 0x7D71, 0x7D50, 0x7D50, 0x7D71, 0x7D71, 0x7551, 0x7551, 
0x7D71, 0x7D71, 0x7551, 0x7551, 0x7551, 0x7552, 0x7552, 0x7511, 
0x6D11, 0x6D11, 0x6D11, 0x8D74, 0xF7FE, 0xFFBF, 0xF7BE, 0xD73C, 
0xCF3C, 0xEF9D, 0xFFDE, 0xFFFF, 0x95D6, 0x64B2, 0x5452, 0xFFFF, 
0xFFFF, 0xBE99, 0x5BF2, 0x53B1, 0x84D5, 0xFFFF, 0xFFFF, 0xB67A, 
0x6C94, 0xA5D8, 0xFFFF, 0xEF9D, 0x7CF6, 0x6475, 0xDF7E, 0xFFFF, 
0xEF9D, 0x4331, 0x4351, 0x4311, 0x6436, 0x6476, 0x6475, 0x5C35, 
0x6415, 0xD71C, 0xFFFF, 0xF7FE, 0x7CB7, 0x5415, 0x5435, 0x8D78, 
0xFFFF, 0xFFFF, 0x7CB5, 0x32D0, 0x63F1, 0xEF9D, 0xFFFF, 0x9D56, 
0x21EC, 0xB619, 0xFFFF, 0xFFFF, 0x3AD1, 0x74B7, 0xE79E, 0xFFFF, 
0xADFA, 0x53B5, 0x74F7, 0xFFFF, 0xFFFF, 0x8D59, 0x4B95, 0x4B32, 
0x08A4, 0x6390, 0xCE9C, 0xFFFF, 0xFFFF, 0xFFFF, 0xCE9B, 0x7435, 
0x53B7, 0xDF7B, 0xF7DF, 0xF7DF, 0xE7BE, 0xEFDE, 0xF75E, 0xEFBE, 
0xC6DC, 0x63F7, 0x6C36, 0xE79D, 0xFFFF, 0xB61A, 0x5395, 0x4B55, 
0xFFFF, 0xFFFF, 0xC65B, 0x4B95, 0x5BF6, 0x5BB6, 0x5BD7, 0x5395, 
0x5BF6, 0x6416, 0x63F6, 0x63F6, 0x63D6, 0x6416, 0x6416, 0x5BF6, 
0x6416, 0x63F6, 0x6436, 0x63F6, 0x63F6, 0x6416, 0x6437, 0x6C37, 
0x5BB6, 0x5374, 0x63B5, 0x7C76, 0x7C76, 0x6C14, 0x84F8, 0x63F5, 
0x6C57, 0x4AF2, 0x320F, 0x3A2F, 0x3A2F, 0x320E, 0x4AD1, 0x39F0, 
0x3A10, 0x52B2, 0x52D0, 0x3A2B, 0x3A6A, 0x4248, 0x3A48, 0x4268, 
0x3A48, 0x3A48, 0x3A48, 0x3A48, 0x3A48, 0x3A48, 0x3A48, 0x3A48, 
0x3A48, 0x3A28, 0x3A28, 0x3A28, 0x3A07, 0x3A28, 0x3207, 0x3207, 
0x3207, 0x3207, 0x3207, 0x31E7, 0x3207, 0x31E7, 0x31E7, 0x31E7, 
0x31C7, 0x31E7, 0x31C6, 0x31C6, 0x31C6, 0x31C6, 0x31C6, 0x31C6, 
0x5BAD, 0x5BAD, 0x5BAD, 0x5BAD, 0x5BAD, 0x5BAD, 0x5BAD, 0x5BAD, 
0x5BAD, 0x5BAD, 0x5BAD, 0x5BAD, 0x5BAD, 0x5BAD, 0x5BAD, 0x5BAD, 
0x5BAD, 0x5BAD, 0x5BAD, 0x5BCD, 0x5BAD, 0x5BCE, 0x5BCD, 0x538D, 
0x538D, 0x7C92, 0x8CF4, 0x63D0, 0x5B6F, 0x5B90, 0x534E, 0x6BF1, 
0x428F, 0x4AED, 0x8494, 0x29ED, 0x8CF5, 0x52D0, 0x29CB, 0x7CB3, 
0x6CD0, 0x7D71, 0x756F, 0x7D71, 0x7D70, 0x7D50, 0x7D71, 0x7D71, 
0x7D51, 0x7550, 0x7550, 0x7D51, 0x7D51, 0x7551, 0x7530, 0x7D71, 
0x7D71, 0x7551, 0x7551, 0x7551, 0x7572, 0x7552, 0x7531, 0x6D11, 
0x7532, 0x7552, 0x6CF1, 0xB658, 0xFFFF, 0xFFBE, 0xFFFF, 0xFFFF, 
0xFFFF, 0xF7FF, 0xFFFF, 0xFFDF, 0xBEBA, 0x5C91, 0x4C71, 0xFFFF, 
0xFFFF, 0xC6BA, 0x6C93, 0x5C32, 0x6C73, 0xFFFF, 0xFFFF, 0xADF8, 
0x6433, 0xA5D8, 0xFFFF, 0xEF9D, 0x6C94, 0x6475, 0xE79E, 0xFFFF, 
0xE75C, 0x63D3, 0x4B31, 0x5C14, 0x6496, 0x6455, 0x6435, 0x5C56, 
0x5BD5, 0xD73C, 0xFFFF, 0xEFBE, 0x7476, 0x5C36, 0x5C56, 0x8D98, 
0xFFFF, 0xFFFF, 0x7CB5, 0x32F0, 0x63D1, 0xEF7D, 0xFFFF, 0x9D36, 
0x21EB, 0xADF8, 0xFFFE, 0xFFFF, 0x32B0, 0x7497, 0xE77E, 0xFFFF, 
0xADFA, 0x53B5, 0x74F7, 0xFFFF, 0xFFFF, 0x8D19, 0x53B6, 0x4B11, 
0x1906, 0x2A0B, 0x29EB, 0x7C76, 0xCEBC, 0xF7BE, 0xFFFE, 0xBE7B, 
0x4B33, 0xE75E, 0xFFFF, 0xE75E, 0x6BF5, 0x6C17, 0x7C57, 0x7C94, 
0x7474, 0x53B6, 0x6C56, 0xEFDE, 0xFFFF, 0xB61A, 0x5395, 0x4B55, 
0xFFFF, 0xFFFF, 0xC65B, 0x4BB5, 0x5BF6, 0x63D7, 0x5BB6, 0x5BD6, 
0x5C16, 0x63F6, 0x63F6, 0x5BD6, 0x63F6, 0x63F6, 0x63F6, 0x63F6, 
0x63F6, 0x6416, 0x63F6, 0x6416, 0x63F6, 0x6C36, 0x63F6, 0x63F7, 
0x6C38, 0x6C17, 0x63B6, 0x5B53, 0x5B73, 0x7456, 0x6C35, 0x8D5A, 
0x5373, 0x39EF, 0x29AD, 0x7C56, 0x6373, 0x5B73, 0x84B8, 0x31B0, 
0x4A91, 0x424F, 0x322A, 0x3A69, 0x3A67, 0x4248, 0x4268, 0x3A48, 
0x3A48, 0x3A48, 0x3A48, 0x3A48, 0x3A48, 0x3A48, 0x3A48, 0x3A28, 
0x3A28, 0x3A28, 0x3A28, 0x3A28, 0x3A07, 0x3A07, 0x3A07, 0x3207, 
0x3207, 0x3207, 0x31E7, 0x3207, 0x31E7, 0x31E7, 0x31E7, 0x31E7, 
0x31C7, 0x31C7, 0x31C7, 0x31C6, 0x31C6, 0x31C6, 0x31C6, 0x31C6, 
0x5BAD, 0x5BAD, 0x5BAD, 0x5BAD, 0x5BAD, 0x5BAD, 0x5BAD, 0x5BAD, 
0x5BAD, 0x5BAD, 0x5BAD, 0x5BAD, 0x5BAD, 0x5BAD, 0x5BAD, 0x5BAD, 
0x5BAD, 0x5BAD, 0x5BAD, 0x5BAD, 0x5BAD, 0x5BAD, 0x5BAD, 0x5BAD, 
0x5BAD, 0x536C, 0x7471, 0x7C92, 0x7C73, 0x530E, 0x84B3, 0x3A6D, 
0x6BF0, 0x7413, 0x21AB, 0x8D16, 0x5331, 0x3A4E, 0x63B2, 0x322C, 
0x6C71, 0x8593, 0x7D71, 0x7D70, 0x7550, 0x7D50, 0x7D91, 0x7D71, 
0x7530, 0x7550, 0x7D71, 0x7D91, 0x7551, 0x7551, 0x7551, 0x7D71, 
0x7531, 0x7531, 0x7551, 0x7551, 0x7551, 0x7531, 0x6D11, 0x7531, 
0x7552, 0x6D11, 0x546F, 0xDF5C, 0xF7FF, 0xF7DE, 0x9D75, 0x9DB6, 
0x9D75, 0xAE37, 0xEF7D, 0xFFFF, 0xD75C, 0x74F3, 0x5471, 0xFFFF, 
0xFFFF, 0xC6BA, 0x5C32, 0x6473, 0x6C72, 0xFFFF, 0xFFFF, 0x9536, 
0x6412, 0xBE7A, 0xFFFE, 0xEF9D, 0x74B4, 0x74F7, 0xE7BE, 0xFFFF, 
0xE75D, 0x5B72, 0x4B51, 0x6474, 0x6495, 0x5C55, 0x6436, 0x5C56, 
0x53D5, 0xD73C, 0xFFFF, 0xE79D, 0x74B7, 0x6456, 0x5436, 0x7D17, 
0xFFFF, 0xFFFF, 0x9536, 0x2A8D, 0x7C73, 0xF7BE, 0xFFFF, 0x8CD4, 
0x21EB, 0xB61A, 0xFFFF, 0xFFFF, 0x32AE, 0x7476, 0xEF9E, 0xFFFF, 
0xADFA, 0x53B5, 0x74F7, 0xFFFF, 0xFFFF, 0x9579, 0x53D6, 0x3A90, 
0x636E, 0xC6BB, 0xCE9A, 0x3B55, 0x4B32, 0xDF1C, 0xFFFE, 0xD73C, 
0x7CB7, 0xCE9C, 0xFFFE, 0xEFFE, 0x42F2, 0x5BD6, 0xB6BC, 0xDF3D, 
0xAE1A, 0x5BB7, 0x6C36, 0xEFDD, 0xFFFF, 0xB61B, 0x5395, 0x4B35, 
0xFFFF, 0xFFFF, 0xBE5B, 0x53B5, 0x5BB4, 0x7456, 0x7436, 0x6C16, 
0x5BF6, 0x5BD6, 0x63D6, 0x63D6, 0x6416, 0x63F6, 0x5BD6, 0x63F6, 
0x63F6, 0x63F6, 0x63D6, 0x63F6, 0x6416, 0x6416, 0x63F6, 0x63D6, 
0x63F6, 0x6416, 0x5BD5, 0x4AF2, 0x7436, 0x63F4, 0x9D9A, 0x5352, 
0x5372, 0x39EF, 0x8478, 0x5311, 0x5B93, 0x6C15, 0x4270, 0x4251, 
0x426F, 0x3A2B, 0x428A, 0x3A68, 0x3A67, 0x4248, 0x3A48, 0x3A48, 
0x3A48, 0x3A48, 0x3A48, 0x3A48, 0x3A48, 0x3A48, 0x3A48, 0x3A48, 
0x3A28, 0x3A28, 0x3A28, 0x3A07, 0x3A28, 0x3207, 0x3207, 0x3207, 
0x3207, 0x31E7, 0x3207, 0x31E7, 0x31E7, 0x31E7, 0x31E7, 0x31C7, 
0x31E7, 0x31C6, 0x31C6, 0x31C6, 0x31C6, 0x31C6, 0x31C6, 0x31C6, 
0x5BAD, 0x5BAD, 0x5BAD, 0x5BAD, 0x5BAD, 0x5BAD, 0x5BAD, 0x5BAD, 
0x5BAD, 0x5BAD, 0x5BAD, 0x5BAD, 0x5BAD, 0x5BAD, 0x5BAD, 0x5BAD, 
0x5BAD, 0x5BAD, 0x5BAD, 0x5BAD, 0x5BAD, 0x5BAD, 0x538D, 0x5BAD, 
0x5BCD, 0x63ED, 0x536D, 0x6C31, 0x84D4, 0x84B4, 0x42AC, 0x7C73, 
0x6BF2, 0x3A8C, 0x8CD6, 0x426E, 0x42AF, 0x5B8F, 0x7413, 0x4AAF, 
0x4AEE, 0x95B6, 0x7D12, 0x754F, 0x7D50, 0x7D71, 0x7550, 0x7530, 
0x7531, 0x7571, 0x7571, 0x7551, 0x7551, 0x7551, 0x7D71, 0x7531, 
0x7531, 0x7531, 0x7551, 0x7551, 0x7511, 0x7531, 0x6D11, 0x7532, 
0x6D11, 0x6CF1, 0x64F1, 0xFFFF, 0xFFFF, 0xDF9D, 0x544F, 0x64F1, 
0x6CF1, 0x6491, 0xD6FB, 0xFFFF, 0xEFDE, 0x8D75, 0x4C10, 0xFFFF, 
0xFFFF, 0xC6DA, 0x5432, 0x6493, 0x7D14, 0xFFFF, 0xFFFF, 0xADB7, 
0x5BB1, 0xA5B7, 0xFFFF, 0xEF9D, 0x74D5, 0x6CB6, 0xDF7D, 0xFFFF, 
0xE79D, 0x63B3, 0x7CB6, 0x74D6, 0x5C54, 0x5C35, 0x5C36, 0x5C75, 
0x53F5, 0xD73C, 0xFFFF, 0xE7BD, 0x7CD7, 0x6435, 0x5456, 0x5C35, 
0xF7BE, 0xFFFF, 0xD71D, 0x4B6F, 0xADD8, 0xFFFF, 0xEF7D, 0x63B0, 
0x2A8E, 0xB5DA, 0xFFFF, 0xFFFE, 0x7453, 0x9D77, 0xF7BE, 0xFFFF, 
0xADFA, 0x53B5, 0x74F7, 0xFFFF, 0xFFFF, 0x8D57, 0x4B95, 0x3A8F, 
0x6B2D, 0xFFFF, 0xFFFF, 0x8D36, 0x73F2, 0xDF3D, 0xFFFE, 0xC6BB, 
0x63D6, 0xADB8, 0xFFFF, 0xFFFF, 0x8D16, 0x9536, 0xEFDD, 0xFFFF, 
0xADD9, 0x5356, 0x7C57, 0xE7BD, 0xFFFE, 0xB61B, 0x5374, 0x4B35, 
0xFFFF, 0xFFFF, 0xBE5B, 0x4B55, 0x7435, 0xDF7E, 0xEFDF, 0x9539, 
0x5375, 0x5BD6, 0x63D6, 0x63F6, 0x5BD6, 0x63F6, 0x5BD6, 0x63F6, 
0x63F6, 0x5BB6, 0x63F6, 0x63D6, 0x63F6, 0x63B6, 0x63D6, 0x63F6, 
0x63F6, 0x6C56, 0x8538, 0x63D7, 0x5354, 0x5BB4, 0x4AF1, 0x5312, 
0x73F5, 0x39EF, 0x4AB1, 0x6C16, 0x5B73, 0x4270, 0x4A71, 0x4A8F, 
0x31EB, 0x428A, 0x3A67, 0x4288, 0x3A69, 0x3A48, 0x3A48, 0x3A48, 
0x3A48, 0x3A48, 0x3A48, 0x3A48, 0x3A48, 0x3A48, 0x3A28, 0x3A48, 
0x3A28, 0x3A28, 0x3A28, 0x3A07, 0x3207, 0x3A07, 0x3207, 0x31E7, 
0x31E7, 0x3207, 0x3207, 0x31E7, 0x31E7, 0x31E7, 0x31E7, 0x31C7, 
0x31C6, 0x31C7, 0x31C6, 0x31C6, 0x31C6, 0x31C6, 0x31C6, 0x31A6, 
0x5BAD, 0x5BAD, 0x5BAD, 0x5BAD, 0x5BAD, 0x5BAD, 0x5BAD, 0x5BAD, 
0x5BAD, 0x5BAD, 0x5BAD, 0x5BAD, 0x5BAD, 0x5BAD, 0x5BAD, 0x5BAD, 
0x5BAD, 0x5BAD, 0x5BAD, 0x5BAD, 0x538D, 0x5BAD, 0x5BAD, 0x53AC, 
0x5BAD, 0x538C, 0x5BAD, 0x534C, 0x7431, 0x84D3, 0x8D14, 0x4AEE, 
0x4AEE, 0x7432, 0x6391, 0x42AE, 0x5B71, 0x7C93, 0x21AA, 0x6371, 
0x7433, 0x42AC, 0x6C51, 0x8571, 0x7D71, 0x7551, 0x6D0F, 0x7530, 
0x7D51, 0x7551, 0x6D30, 0x6D30, 0x7551, 0x7551, 0x6D31, 0x6D10, 
0x7551, 0x7551, 0x7531, 0x6D31, 0x6D31, 0x7531, 0x7531, 0x6D11, 
0x6CF1, 0x6CF1, 0x8E15, 0xFFFF, 0xF7FF, 0xB6B9, 0x64D1, 0x6532, 
0x5CF1, 0x5C91, 0xBE79, 0xFFFF, 0xFFFF, 0xAE59, 0x5410, 0xFFFF, 
0xFFFF, 0xBEDA, 0x5C51, 0x5C72, 0x7535, 0xFFFF, 0xFFFF, 0xBE3A, 
0x5BB1, 0xBE9A, 0xFFFF, 0xEFFE, 0x7D15, 0x6433, 0xE7BF, 0xFFFF, 
0xEFBE, 0x5BF3, 0x5BD2, 0x7474, 0x53D2, 0x6495, 0x5C76, 0x5C76, 
0x5BF4, 0xDF5D, 0xFFFF, 0xEFFF, 0x7CB7, 0x5C34, 0x5C77, 0x5415, 
0xB63B, 0xEF9E, 0xFFFF, 0xFFFF, 0xFFFF, 0xF7FF, 0x9D36, 0x326C, 
0x228E, 0x8454, 0xF79E, 0xFFFF, 0xF7FF, 0xE7BE, 0xFFFE, 0xFFFF, 
0xB61A, 0x5BD4, 0x7CF7, 0xFFFF, 0xFFFF, 0x8D79, 0x53F5, 0x3A4E, 
0x31A8, 0xCE9B, 0xFFFF, 0xFFFF, 0xFFFF, 0xFFFF, 0xDF3D, 0x84F6, 
0x5B95, 0x6BD2, 0xD6DD, 0xFFFF, 0xFFFF, 0xFFFF, 0xFFFF, 0xCEDD, 
0x7C34, 0x5B76, 0x7457, 0xEFFF, 0xFFFF, 0xB63C, 0x5B74, 0x4B33, 
0xFFFF, 0xFFFF, 0xC6BC, 0x4B55, 0x7414, 0xEFBE, 0xFFFF, 0x9D59, 
0x5B95, 0x5BD6, 0x5BD6, 0x5BD6, 0x63D6, 0x5BD6, 0x63D6, 0x5BB5, 
0x5BB5, 0x63D6, 0x63D6, 0x63D6, 0x63D6, 0x63D6, 0x5BB5, 0x6C37, 
0x6415, 0x5BF4, 0x74B6, 0x7CD9, 0x6417, 0x42D1, 0x6373, 0x6334, 
0x31AC, 0x4231, 0x3A2F, 0x5332, 0x4AB1, 0x3A30, 0x420F, 0x3A2A, 
0x426A, 0x3A48, 0x4268, 0x3A68, 0x3A48, 0x3A48, 0x3A48, 0x3A48, 
0x3A48, 0x3A48, 0x3A48, 0x3A48, 0x3A48, 0x3A48, 0x3A28, 0x3A28, 
0x3A28, 0x3A28, 0x3A28, 0x3A28, 0x3207, 0x3A07, 0x3207, 0x3207, 
0x3207, 0x3207, 0x31E7, 0x31E7, 0x31E7, 0x31E7, 0x31E7, 0x31E7, 
0x31C6, 0x31C7, 0x31C6, 0x31C6, 0x31C6, 0x31C6, 0x31A6, 0x31C6, 
0x5BAD, 0x5BAD, 0x5BAD, 0x5BAD, 0x5BAD, 0x5BAD, 0x5BAD, 0x538D, 
0x5BAD, 0x5BAD, 0x5BAD, 0x5BAD, 0x5BAD, 0x5BAD, 0x5BAD, 0x5BAD, 
0x5BAD, 0x5BAD, 0x5BAD, 0x5BAD, 0x5BAD, 0x5BAD, 0x5BAD, 0x5BAD, 
0x5BAD, 0x5BAD, 0x5BAD, 0x538D, 0x5BAD, 0x6C4F, 0x8D53, 0x84D6, 
0x42EE, 0x6C32, 0x29EA, 0x7C73, 0x7C73, 0x218B, 0x6BD3, 0x63B2, 
0x4AEF, 0x324C, 0x6BF3, 0x8D54, 0x74F1, 0x6D10, 0x7570, 0x7550, 
0x7D51, 0x6D30, 0x6D30, 0x7551, 0x7551, 0x7531, 0x6D10, 0x7531, 
0x7551, 0x7531, 0x6D11, 0x6D31, 0x7551, 0x7512, 0x7512, 0x6CF1, 
0x7512, 0x6CF1, 0x85B4, 0x9D95, 0x9DD6, 0x7D33, 0x6CB1, 0x6CD1, 
0x64B1, 0x64D2, 0x8554, 0x9D96, 0x9DB6, 0x8554, 0x5C91, 0x9D96, 
0x9595, 0x7D34, 0x6472, 0x6492, 0x64D4, 0x9555, 0x9DB7, 0x7CB4, 
0x4B2F, 0x7412, 0x9536, 0x9596, 0x9577, 0x7C95, 0x9538, 0x8CF6, 
0x84B4, 0x6454, 0x7475, 0x5B71, 0x8D17, 0x5C33, 0x64D4, 0x5436, 
0x6435, 0x8D36, 0x9D96, 0x9578, 0x6416, 0x5C75, 0x6476, 0x5C36, 
0x5C15, 0x84F7, 0x9D97, 0xADB7, 0x9535, 0x7432, 0x326C, 0x3AAD, 
0x3AEF, 0x4AAD, 0x8495, 0x9D98, 0x9557, 0x6C33, 0x8D16, 0x9557, 
0x74B6, 0x5BD5, 0x6436, 0x9DB9, 0x9D36, 0x6CB8, 0x53D4, 0x3A6D, 
0x1928, 0x4B10, 0x7C53, 0xADD8, 0xADB8, 0xA599, 0x7477, 0x5BD5, 
0x6436, 0x5B74, 0x7C76, 0xA599, 0xC69B, 0xA598, 0x9537, 0x6436, 
0x5394, 0x5BB5, 0x6BF5, 0x84D7, 0x9556, 0x7457, 0x5B54, 0x5B74, 
0x9D78, 0x8D36, 0x7C95, 0x5B95, 0x5B93, 0x8CF6, 0x9557, 0x6C15, 
0x5BB5, 0x5BD6, 0x5BB5, 0x5BD6, 0x5BB5, 0x63D6, 0x63D6, 0x63D6, 
0x5BD5, 0x5BB5, 0x63D6, 0x63D6, 0x63F7, 0x5394, 0x63F6, 0x5BB4, 
0x7CD8, 0x7457, 0x4B11, 0x8D38, 0x7456, 0x4291, 0x31CF, 0x420F, 
0x41EF, 0x4210, 0x4250, 0x4210, 0x39F1, 0x4250, 0x422C, 0x4268, 
0x4268, 0x4268, 0x4268, 0x4248, 0x4268, 0x3A48, 0x3A48, 0x3A48, 
0x3A48, 0x3A48, 0x3A48, 0x3A48, 0x3A48, 0x3A48, 0x3A28, 0x3A28, 
0x3A28, 0x3A28, 0x3A28, 0x3A28, 0x3207, 0x3A07, 0x3207, 0x3207, 
0x3207, 0x31E7, 0x31E7, 0x39E7, 0x39E7, 0x31C7, 0x31E7, 0x31C7, 
0x31C6, 0x31C7, 0x31C7, 0x31C6, 0x31C6, 0x31C6, 0x31A6, 0x31C6, 
0x5B8D, 0x5BAD, 0x5BAD, 0x5BAD, 0x5BAD, 0x5BAD, 0x5BAD, 0x538D, 
0x5BAD, 0x5BAD, 0x5BAD, 0x5BAD, 0x5BAD, 0x538D, 0x538D, 0x538D, 
0x538D, 0x538D, 0x538D, 0x5BAD, 0x5BAD, 0x5BAD, 0x5BAD, 0x5BAD, 
0x5BAD, 0x538D, 0x5BAD, 0x5BCD, 0x536C, 0x5BAD, 0x7490, 0x84F5, 
0x84D4, 0x3A8C, 0x84B4, 0x63D1, 0x4ACD, 0x5B51, 0x6BF3, 0x5B71, 
0x29EB, 0x8495, 0x5B50, 0x3A6B, 0x6C51, 0x74F1, 0x7551, 0x7550, 
0x7550, 0x6D10, 0x7551, 0x7551, 0x6D10, 0x6D10, 0x6D31, 0x7551, 
0x6D31, 0x6D10, 0x6D11, 0x6D31, 0x7551, 0x6CF1, 0x6CF1, 0x6CF1, 
0x7552, 0x6CF1, 0x6490, 0x6CF2, 0x6CD1, 0x6CD1, 0x6CF2, 0x6CD1, 
0x6CF2, 0x64F2, 0x64D1, 0x5C91, 0x5C91, 0x5CB1, 0x5CD2, 0x6471, 
0x5C50, 0x6492, 0x6CD3, 0x6492, 0x5C52, 0x6C73, 0x6453, 0x74D5, 
0x5BF2, 0x6C34, 0x6C34, 0x63B2, 0x63B3, 0x5353, 0x5394, 0x5BB3, 
0x5C14, 0x5C13, 0x63F3, 0x6BF3, 0x63D3, 0x7D17, 0x6494, 0x5C96, 
0x5CB7, 0x5C76, 0x4C14, 0x5415, 0x6478, 0x6495, 0x6476, 0x5C77, 
0x6456, 0x6456, 0x6434, 0x42EE, 0x42CE, 0x328D, 0x328D, 0x42CE, 
0x42EE, 0x4331, 0x3AF0, 0x4352, 0x4B93, 0x4BD4, 0x53F4, 0x53F6, 
0x5436, 0x5457, 0x5C78, 0x4BD6, 0x5C16, 0x53F5, 0x53F5, 0x322C, 
0x2989, 0x4B31, 0x428E, 0x4373, 0x4B93, 0x4B94, 0x53D6, 0x5C37, 
0x5C17, 0x5C37, 0x53B5, 0x4B32, 0x63F5, 0x5BB5, 0x5396, 0x4B93, 
0x5BF5, 0x5BD5, 0x5B95, 0x5BB5, 0x5334, 0x5B95, 0x5BB6, 0x63D7, 
0x5354, 0x5354, 0x5B96, 0x5BD6, 0x5BB6, 0x5B95, 0x4B13, 0x5B95, 
0x5BD7, 0x5BB5, 0x5BB5, 0x5B95, 0x63D6, 0x5BB5, 0x5BB6, 0x5B95, 
0x5BB5, 0x63D6, 0x5B95, 0x5BB5, 0x5B95, 0x6C16, 0x63F6, 0x5353, 
0x5373, 0x7C97, 0x7477, 0x42D0, 0x84F7, 0x5333, 0x31F0, 0x422F, 
0x39CF, 0x3A0E, 0x4231, 0x41F2, 0x3A0F, 0x424B, 0x3A49, 0x4268, 
0x4268, 0x4268, 0x3A48, 0x4268, 0x4268, 0x3A48, 0x3A48, 0x3A48, 
0x3A48, 0x3A48, 0x3A48, 0x3A48, 0x3A48, 0x3A28, 0x3A28, 0x3A28, 
0x3A28, 0x3A28, 0x3A28, 0x3207, 0x3A07, 0x3207, 0x3207, 0x3207, 
0x3207, 0x31E7, 0x31E7, 0x39E7, 0x31C7, 0x31E7, 0x31E7, 0x31C6, 
0x31C7, 0x31C7, 0x31C6, 0x31C6, 0x31C6, 0x31A6, 0x31C6, 0x29A6, 
0x538D, 0x5B8D, 0x5B8D, 0x5B8D, 0x5B8D, 0x5B8D, 0x5B8D, 0x53AD, 
0x5BAD, 0x5BAD, 0x5BAD, 0x5BAD, 0x5BAD, 0x538D, 0x538D, 0x538D, 
0x538D, 0x538D, 0x538D, 0x538D, 0x538D, 0x538D, 0x538D, 0x538D, 
0x5BAD, 0x538D, 0x538D, 0x5BAD, 0x5BAD, 0x538C, 0x53AD, 0x6C51, 
0x84F4, 0x7CB3, 0x532E, 0x5B70, 0x534F, 0x7C75, 0x4ACF, 0x1989, 
0x84B6, 0x5310, 0x42AE, 0x63B1, 0x534F, 0x7472, 0x7D73, 0x6CF0, 
0x6D30, 0x6D30, 0x7531, 0x6D31, 0x6D11, 0x6D11, 0x6D31, 0x6D31, 
0x6D10, 0x6D11, 0x6D31, 0x6D31, 0x6D11, 0x6CF1, 0x6D11, 0x6D12, 
0x6CF1, 0x6CF1, 0x6CF1, 0x64F1, 0x6D12, 0x64D1, 0x64B1, 0x6CD2, 
0x6CD2, 0x6CF2, 0x64B1, 0x5CB1, 0x64F2, 0x6CF2, 0x64B2, 0x5CD2, 
0x64D2, 0x64B2, 0x5C72, 0x5C72, 0x6493, 0x6492, 0x64B3, 0x5452, 
0x5C73, 0x5C53, 0x4370, 0x8497, 0x4AF0, 0x7477, 0x74B7, 0x6CB7, 
0x5C34, 0x5BD2, 0x6434, 0x6C34, 0x7C75, 0x5B92, 0x7475, 0x5C32, 
0x5C75, 0x4C36, 0x5CB8, 0x5C77, 0x6477, 0x6C75, 0x5C55, 0x5C56, 
0x5C77, 0x5C77, 0x5C56, 0x3B30, 0x3B30, 0x3ACE, 0x3AEE, 0x42CE, 
0x42CE, 0x3B10, 0x4351, 0x4B93, 0x4BB4, 0x53F5, 0x5436, 0x5415, 
0x5435, 0x5C76, 0x5C76, 0x5C76, 0x5C36, 0x6437, 0x53D5, 0x29EB, 
0x29AA, 0x42D0, 0x4AF0, 0x4374, 0x53B5, 0x6437, 0x6437, 0x5BF6, 
0x5BF6, 0x6436, 0x5C15, 0x5C14, 0x63F4, 0x7476, 0x7476, 0x5BF7, 
0x5395, 0x53B5, 0x5BB5, 0x5BB6, 0x5BD7, 0x5BB5, 0x5BB6, 0x5395, 
0x5BB6, 0x5B96, 0x5376, 0x53B5, 0x5BB6, 0x5396, 0x5BD6, 0x5BD6, 
0x5395, 0x5B95, 0x5B95, 0x5BB5, 0x5BB5, 0x5BB5, 0x5B95, 0x63D6, 
0x5BB6, 0x5B95, 0x5BB5, 0x5BB5, 0x5BB5, 0x5B94, 0x7C98, 0x63F5, 
0x4B32, 0x5B93, 0x7436, 0x7455, 0x3210, 0x7C56, 0x5B52, 0x39F0, 
0x3A0E, 0x3A10, 0x4211, 0x4210, 0x3A4A, 0x4268, 0x3A49, 0x4268, 
0x4268, 0x3A48, 0x4268, 0x3A48, 0x3A48, 0x3A48, 0x3A48, 0x3A48, 
0x3A48, 0x3A48, 0x3A48, 0x3A28, 0x3A48, 0x3A28, 0x3A28, 0x3A28, 
0x3227, 0x3A07, 0x3A28, 0x3207, 0x3207, 0x3207, 0x31E7, 0x3207, 
0x31E7, 0x31E7, 0x31E7, 0x31E7, 0x31C7, 0x31C7, 0x31C6, 0x31C7, 
0x31C6, 0x31C6, 0x31C6, 0x31C6, 0x31C6, 0x31A6, 0x31A6, 0x31A6, 
0x538D, 0x538D, 0x538D, 0x538D, 0x538D, 0x538D, 0x538D, 0x538D, 
0x538D, 0x538D, 0x5BAD, 0x5BAD, 0x5BAD, 0x5BAD, 0x5BAD, 0x5BAD, 
0x5BAD, 0x5BAD, 0x5BAD, 0x538D, 0x538D, 0x538D, 0x538D, 0x538D, 
0x538D, 0x538D, 0x5BAD, 0x538D, 0x538D, 0x5BAD, 0x538C, 0x536D, 
0x7451, 0x7451, 0x5B6F, 0x4AEE, 0x84B5, 0x4AEF, 0x3A4C, 0x84B6, 
0x4AEF, 0x428E, 0x42AE, 0x84B6, 0x530F, 0x7473, 0x8534, 0x6CD1, 
0x6D31, 0x7551, 0x6D10, 0x6D10, 0x6D11, 0x6D31, 0x6D31, 0x6CF0, 
0x6D11, 0x6D31, 0x6D31, 0x6D11, 0x64D0, 0x6CF1, 0x6D11, 0x6D11, 
0x64D1, 0x6CD1, 0x6CF2, 0x6512, 0x64F1, 0x64D1, 0x6CF2, 0x6CF2, 
0x6CF2, 0x6C91, 0x6C92, 0x6CB2, 0x64B2, 0x6471, 0x6451, 0x5CD2, 
0x64D2, 0x5C92, 0x64B2, 0x64B3, 0x6472, 0x5C92, 0x5C71, 0x5CB2, 
0x5C92, 0x6CB4, 0x5C12, 0x428F, 0x7455, 0x63F3, 0x8558, 0x7D37, 
0x4C12, 0x53D2, 0x6413, 0x6413, 0x63F3, 0x63D3, 0x6C14, 0x7453, 
0x7CF6, 0x5C34, 0x5C56, 0x6476, 0x6C75, 0x6455, 0x6476, 0x64B7, 
0x5C97, 0x6477, 0x5C36, 0x3B30, 0x4330, 0x3AEF, 0x42EF, 0x3AAD, 
0x42CE, 0x4330, 0x4B71, 0x4B71, 0x53D3, 0x53F4, 0x53F4, 0x5C36, 
0x6476, 0x6456, 0x5C15, 0x6436, 0x6437, 0x6437, 0x4B94, 0x21CA, 
0x3A2B, 0x42D0, 0x42D0, 0x4B74, 0x5394, 0x63F5, 0x6416, 0x63F5, 
0x63F5, 0x63D7, 0x63F6, 0x6416, 0x5BB4, 0x63B3, 0x84D7, 0x4335, 
0x5BD6, 0x53B5, 0x5BD6, 0x5BB5, 0x5395, 0x5BD5, 0x5BD4, 0x53B4, 
0x5395, 0x5BD6, 0x5BF6, 0x5B94, 0x5394, 0x53B5, 0x5BD5, 0x5374, 
0x5B94, 0x5B95, 0x5B95, 0x5BB5, 0x5B95, 0x5B95, 0x5BB5, 0x5375, 
0x5B95, 0x5B95, 0x5BB5, 0x5BB5, 0x5BB5, 0x5374, 0x5B73, 0x84D9, 
0x6BF5, 0x4AF1, 0x5B52, 0x5B73, 0x7C56, 0x4AD1, 0x7C16, 0x6BB4, 
0x39EF, 0x41F1, 0x422F, 0x426C, 0x4287, 0x4288, 0x426A, 0x4268, 
0x3A48, 0x4268, 0x3A48, 0x3A48, 0x3A48, 0x3A48, 0x3A48, 0x3A48, 
0x3A48, 0x3A48, 0x3A48, 0x3A28, 0x3A48, 0x3A28, 0x3A28, 0x3A28, 
0x3227, 0x3A08, 0x3A28, 0x3A07, 0x3207, 0x3207, 0x31E7, 0x31E7, 
0x3207, 0x31E7, 0x31E7, 0x31E7, 0x31E7, 0x31C6, 0x31C7, 0x31C6, 
0x31C6, 0x31C6, 0x31C6, 0x31C6, 0x31C6, 0x31C6, 0x29A6, 0x31A6, 
0x538D, 0x538D, 0x538D, 0x538D, 0x538D, 0x538D, 0x538C, 0x538C, 
0x538D, 0x538C, 0x538D, 0x538D, 0x538D, 0x538D, 0x538D, 0x538D, 
0x538D, 0x538D, 0x538D, 0x538D, 0x538D, 0x538D, 0x538D, 0x538D, 
0x538D, 0x538D, 0x538D, 0x538D, 0x538C, 0x538C, 0x5BAD, 0x53AC, 
0x5BCD, 0x7471, 0x6C11, 0x5B70, 0x42AE, 0x3A6C, 0x6BD2, 0x7434, 
0x428E, 0x5310, 0x8CF7, 0x222B, 0x7433, 0x6BF3, 0x534F, 0x6C91, 
0x74F2, 0x6D10, 0x6D10, 0x6D11, 0x6D31, 0x6D11, 0x6CF0, 0x6CF0, 
0x6D11, 0x6D11, 0x6CF1, 0x6CF1, 0x6CF1, 0x6CF1, 0x6CD1, 0x64D0, 
0x6CF1, 0x6CF1, 0x6CF1, 0x64B1, 0x64B1, 0x6CF2, 0x6CF2, 0x64B1, 
0x5C91, 0x6CD2, 0x6CB2, 0x6CD2, 0x6491, 0x6471, 0x6492, 0x64B3, 
0x6492, 0x5C92, 0x6492, 0x6492, 0x5C92, 0x5C73, 0x6CD4, 0x5C52, 
0x6CD4, 0x6453, 0x53B3, 0x4AD0, 0x4B10, 0x7C95, 0x8D58, 0x74D5, 
0x5C33, 0x5413, 0x5413, 0x53D2, 0x7496, 0x7455, 0x7435, 0x5BB3, 
0x6C33, 0x6453, 0x5C34, 0x6476, 0x5434, 0x6497, 0x6497, 0x64B6, 
0x5C76, 0x6476, 0x6436, 0x4B4F, 0x42EF, 0x3ACE, 0x42EE, 0x3ACE, 
0x42EF, 0x430F, 0x4B71, 0x4B72, 0x53B3, 0x53D4, 0x53D5, 0x5C57, 
0x5C36, 0x5C16, 0x6457, 0x6437, 0x6457, 0x6416, 0x53D4, 0x21A9, 
0x3A4B, 0x3AF0, 0x4AF1, 0x4B94, 0x53B4, 0x5BF5, 0x6436, 0x6436, 
0x5C15, 0x63F6, 0x53B6, 0x5BF6, 0x6437, 0x5BB5, 0x5B74, 0x7CD7, 
0x5BD4, 0x63D6, 0x5375, 0x5395, 0x6416, 0x5376, 0x5BB4, 0x63F5, 
0x5376, 0x5375, 0x4B73, 0x6395, 0x5B95, 0x5BB5, 0x53B5, 0x5B95, 
0x5B95, 0x5B95, 0x5B95, 0x5375, 0x5BB5, 0x5B95, 0x5BB5, 0x5B96, 
0x5B95, 0x5BB6, 0x5374, 0x5BD5, 0x84D9, 0x5353, 0x5353, 0x5B73, 
0x84B7, 0x6BF5, 0x42B0, 0x4AF2, 0x7434, 0x6393, 0x5B32, 0x4AD0, 
0x3A31, 0x420F, 0x424C, 0x4289, 0x4268, 0x3A68, 0x4268, 0x3A48, 
0x4268, 0x4268, 0x3A48, 0x3A48, 0x3A48, 0x3A48, 0x3A48, 0x3A48, 
0x3A48, 0x3A48, 0x3A28, 0x3A48, 0x3A28, 0x3A28, 0x3A28, 0x3227, 
0x3228, 0x3A08, 0x3A07, 0x3207, 0x3207, 0x31E7, 0x3207, 0x3207, 
0x3207, 0x31E7, 0x31E7, 0x31E7, 0x31C7, 0x31C6, 0x31C7, 0x31C6, 
0x31C6, 0x31C6, 0x31C6, 0x31C6, 0x31C6, 0x29A6, 0x31A6, 0x29A6, 
0x538C, 0x538C, 0x538C, 0x538C, 0x538C, 0x538C, 0x538D, 0x538C, 
0x538C, 0x538C, 0x538C, 0x538D, 0x538D, 0x538D, 0x538D, 0x538D, 
0x538C, 0x5BAD, 0x538C, 0x538D, 0x5BAD, 0x538C, 0x538C, 0x5BAD, 
0x5B8D, 0x53AD, 0x538C, 0x53AD, 0x5BAD, 0x538C, 0x5BAD, 0x538C, 
0x536C, 0x536D, 0x7C92, 0x6BF1, 0x6390, 0x532F, 0x7433, 0x428D, 
0x6391, 0x7C34, 0x21AA, 0x7494, 0x6C33, 0x5B71, 0x6C33, 0x63F1, 
0x5C10, 0x64D0, 0x6D11, 0x6D31, 0x6D11, 0x6CF0, 0x6CF0, 0x6CF0, 
0x6D11, 0x6CF0, 0x64D0, 0x6CF1, 0x6D11, 0x6CF1, 0x64D1, 0x64D1, 
0x6CF1, 0x6CD1, 0x64B1, 0x64B1, 0x6CD2, 0x6CF3, 0x64B1, 0x64B2, 
0x64B2, 0x64F2, 0x5CB1, 0x6491, 0x64B2, 0x64B2, 0x64D2, 0x6C93, 
0x6472, 0x6493, 0x64B3, 0x6492, 0x6492, 0x6493, 0x5C52, 0x6CB4, 
0x5C13, 0x5392, 0x42D1, 0x4B50, 0x5BB2, 0x5BB2, 0x8517, 0x74B6, 
0x7CB6, 0x5C33, 0x53F3, 0x4BD2, 0x4BB2, 0x63F3, 0x7455, 0x63F5, 
0x7CD6, 0x5C12, 0x7517, 0x6476, 0x5C96, 0x5C56, 0x6497, 0x5C76, 
0x5C56, 0x6C96, 0x6455, 0x4B0E, 0x430F, 0x42EE, 0x3AAE, 0x42EE, 
0x430F, 0x4351, 0x4351, 0x4B72, 0x4BD3, 0x5C15, 0x5C57, 0x5C56, 
0x5436, 0x5C56, 0x6456, 0x6456, 0x5C56, 0x5C16, 0x5393, 0x21A8, 
0x428D, 0x42F0, 0x42F1, 0x4B53, 0x53B4, 0x5C36, 0x5C36, 0x5416, 
0x5C16, 0x5C14, 0x5C35, 0x5C36, 0x53F6, 0x6416, 0x5BB4, 0x7474, 
0x7455, 0x6C36, 0x5375, 0x5BB6, 0x5394, 0x5B97, 0x5375, 0x5B95, 
0x5B76, 0x5B96, 0x5BB5, 0x5B76, 0x5B96, 0x5354, 0x5BB6, 0x5B96, 
0x5B76, 0x5375, 0x5B95, 0x5B95, 0x5374, 0x5BB5, 0x5B95, 0x5375, 
0x5375, 0x5BB6, 0x63D5, 0x63D5, 0x6C36, 0x7477, 0x5333, 0x4AD1, 
0x6373, 0x7415, 0x5B72, 0x426F, 0x4AB0, 0x8496, 0x426F, 0x4251, 
0x3A0F, 0x424A, 0x4269, 0x4269, 0x424A, 0x3A49, 0x4267, 0x3A48, 
0x3A48, 0x3A48, 0x3A48, 0x3A48, 0x3A48, 0x3A48, 0x3A48, 0x3A48, 
0x3A48, 0x3A48, 0x3A28, 0x3A28, 0x3A28, 0x3A28, 0x3A28, 0x3A27, 
0x3A27, 0x3207, 0x3207, 0x3207, 0x3207, 0x31E7, 0x31E7, 0x31E7, 
0x31E7, 0x31E7, 0x31E7, 0x31E7, 0x31C7, 0x31C6, 0x31C7, 0x31C6, 
0x31C6, 0x31C6, 0x31C6, 0x31A6, 0x31C6, 0x29A6, 0x31A6, 0x29A6, 
0x538C, 0x536C, 0x536C, 0x538C, 0x538C, 0x538C, 0x538C, 0x538C, 
0x538C, 0x538C, 0x538D, 0x538C, 0x538D, 0x538C, 0x536C, 0x538D, 
0x536C, 0x5BAD, 0x536C, 0x538D, 0x5BAD, 0x5BAD, 0x5B8D, 0x5B8D, 
0x536C, 0x53AD, 0x538C, 0x538C, 0x538C, 0x538C, 0x536C, 0x536C, 
0x538C, 0x536C, 0x5B8D, 0x7451, 0x6C30, 0x63D1, 0x530E, 0x63B1, 
0x6BF2, 0x4ACD, 0x7412, 0x5330, 0x4B0F, 0x63D1, 0x84F5, 0x536F, 
0x5370, 0x5C51, 0x6491, 0x6CF1, 0x6D10, 0x6D10, 0x6D11, 0x6CF0, 
0x64D0, 0x64D0, 0x6CF1, 0x6CF1, 0x6CF1, 0x6490, 0x64D1, 0x6CF1, 
0x6CF1, 0x6CD1, 0x64B1, 0x6CD2, 0x6CD2, 0x6CD2, 0x5C91, 0x6491, 
0x6CD2, 0x64B2, 0x6491, 0x6491, 0x64B2, 0x64B2, 0x6492, 0x6472, 
0x6492, 0x64B3, 0x64B3, 0x6493, 0x6473, 0x5CD1, 0x64B2, 0x6C74, 
0x4B31, 0x4AF1, 0x4AF2, 0x6492, 0x64B4, 0x4BB2, 0x74D7, 0x6C55, 
0x7C96, 0x6413, 0x5BD2, 0x5413, 0x5433, 0x53F3, 0x4B52, 0x84F7, 
0x63F3, 0x6C55, 0x6454, 0x6CB5, 0x5C33, 0x5C75, 0x5C35, 0x6477, 
0x6497, 0x6496, 0x5CB6, 0x532F, 0x42CE, 0x3ACE, 0x3ACE, 0x3ACE, 
0x42EE, 0x3B11, 0x4351, 0x4B71, 0x53D3, 0x5414, 0x5C36, 0x5436, 
0x5C56, 0x6477, 0x5C36, 0x5C36, 0x6477, 0x5436, 0x5372, 0x2166, 
0x428F, 0x42CF, 0x42F1, 0x5354, 0x5BD5, 0x5416, 0x5C36, 0x5C36, 
0x63F5, 0x6417, 0x5C15, 0x6415, 0x5BD6, 0x63F6, 0x5C15, 0x63B4, 
0x5B93, 0x7C97, 0x5373, 0x5374, 0x53B5, 0x5375, 0x5B96, 0x5B95, 
0x5B95, 0x5374, 0x5394, 0x5B95, 0x5375, 0x5B95, 0x5374, 0x5B95, 
0x5B95, 0x5374, 0x5B95, 0x5B75, 0x5B75, 0x5B75, 0x5374, 0x5B75, 
0x5B95, 0x4B13, 0x7436, 0x7C97, 0x4AF1, 0x7CB7, 0x7C77, 0x5B53, 
0x4A90, 0x5311, 0x7454, 0x6373, 0x5311, 0x4AB1, 0x4231, 0x3A0F, 
0x3A2D, 0x4268, 0x4268, 0x4268, 0x4268, 0x4248, 0x4248, 0x3A48, 
0x3A48, 0x3A48, 0x3A48, 0x3A48, 0x3A48, 0x3A48, 0x3A48, 0x3A28, 
0x3A28, 0x3A48, 0x3A28, 0x3A28, 0x3A28, 0x3A07, 0x3A07, 0x3A28, 
0x3A07, 0x3207, 0x3207, 0x31E7, 0x31E7, 0x3207, 0x31E7, 0x31E7, 
0x31E7, 0x31E7, 0x31E7, 0x31E7, 0x31E7, 0x31C6, 0x31C7, 0x31C6, 
0x31C6, 0x31C6, 0x31C6, 0x31A6, 0x31C6, 0x29A6, 0x31A6, 0x29A6, 
0x538C, 0x536C, 0x536C, 0x538C, 0x536C, 0x538C, 0x538C, 0x536C, 
0x538C, 0x538C, 0x538C, 0x538D, 0x538C, 0x53AD, 0x4B6C, 0x538C, 
0x536C, 0x538C, 0x5BAD, 0x536C, 0x536C, 0x538C, 0x5B8D, 0x536C, 
0x5BAD, 0x538C, 0x536C, 0x5BAD, 0x538C, 0x538D, 0x5BCD, 0x538C, 
0x53AD, 0x53AD, 0x4B6C, 0x538D, 0x74B1, 0x6C12, 0x4B0E, 0x5B70, 
0x532F, 0x63B1, 0x7C75, 0x2A0B, 0x4AEF, 0x9D78, 0x326C, 0x7C94, 
0x63D1, 0x3AED, 0x7CF4, 0x6CD1, 0x64B0, 0x6510, 0x64F0, 0x6CD0, 
0x64D0, 0x64D0, 0x6CF1, 0x6CD1, 0x64B0, 0x64D0, 0x6CF2, 0x6CF1, 
0x64B0, 0x5CB0, 0x64D1, 0x6CF2, 0x64B1, 0x64D1, 0x64B1, 0x64B1, 
0x64D1, 0x5C91, 0x64B1, 0x64B2, 0x64B2, 0x6492, 0x6491, 0x64B2, 
0x6CD3, 0x5C92, 0x5C71, 0x5C92, 0x5C92, 0x6493, 0x6434, 0x5372, 
0x42D1, 0x4B51, 0x6433, 0x6CB3, 0x6494, 0x5433, 0x7D17, 0x6C75, 
0x7455, 0x7495, 0x7CF6, 0x6474, 0x4391, 0x5BF4, 0x53B3, 0x6413, 
0x6434, 0x7CD7, 0x5371, 0x8D38, 0x5371, 0x7D17, 0x6475, 0x6476, 
0x5C56, 0x6CF8, 0x5435, 0x4310, 0x3AEF, 0x42EF, 0x3AEE, 0x42EE, 
0x42EE, 0x4310, 0x4351, 0x4B92, 0x53F4, 0x5435, 0x5436, 0x5C56, 
0x6477, 0x6477, 0x5C56, 0x5C56, 0x6457, 0x5456, 0x5352, 0x2166, 
0x42AF, 0x42CF, 0x42F1, 0x4B74, 0x5BF6, 0x5C16, 0x5C17, 0x5C16, 
0x5C16, 0x63F7, 0x5BF6, 0x5BF5, 0x5C17, 0x5BF6, 0x5C15, 0x5B97, 
0x5394, 0x8D59, 0x6C34, 0x6C36, 0x5B76, 0x5395, 0x5375, 0x5395, 
0x4B54, 0x5374, 0x5374, 0x5395, 0x5395, 0x5354, 0x5B95, 0x5375, 
0x5395, 0x5B74, 0x5354, 0x5B95, 0x5354, 0x5354, 0x5374, 0x5B95, 
0x6C16, 0x6C36, 0x3AB0, 0x7C77, 0x84D8, 0x42B0, 0x84B8, 0x5312, 
0x4AB0, 0x4AD0, 0x42AF, 0x8CB6, 0x4AB2, 0x3A11, 0x3A2F, 0x3A4C, 
0x426A, 0x4268, 0x4268, 0x4268, 0x3A48, 0x4268, 0x4268, 0x3A48, 
0x3A48, 0x3A48, 0x3A48, 0x3A48, 0x3A48, 0x3A48, 0x3A28, 0x3A48, 
0x3A28, 0x3A48, 0x3A28, 0x3A28, 0x3A07, 0x3A28, 0x3A07, 0x3A28, 
0x3A07, 0x3207, 0x31E7, 0x3207, 0x31E7, 0x3207, 0x31E7, 0x31E7, 
0x31E7, 0x31E7, 0x31E7, 0x31C7, 0x31E7, 0x31C6, 0x31C7, 0x31C6, 
0x31C6, 0x31C6, 0x31A6, 0x31C6, 0x31C6, 0x31A6, 0x29A6, 0x29A6, 
0x536C, 0x536C, 0x536C, 0x536C, 0x536C, 0x538C, 0x538C, 0x536C, 
0x538C, 0x536C, 0x538C, 0x538C, 0x538C, 0x53AD, 0x538C, 0x538C, 
0x538C, 0x4B2B, 0x534C, 0x536C, 0x536C, 0x536C, 0x538D, 0x53AD, 
0x4B6C, 0x532B, 0x534C, 0x5B8D, 0x538D, 0x538C, 0x536C, 0x536C, 
0x4B6C, 0x4B6C, 0x536C, 0x4B2C, 0x4B6C, 0x7C52, 0x6C11, 0x5B6F, 
0x5330, 0x7413, 0x322C, 0x530F, 0x7C74, 0x29CA, 0x7C94, 0x63D1, 
0x4B0E, 0x6BF3, 0x63D1, 0x53AF, 0x6CD1, 0x6D32, 0x64F0, 0x64B0, 
0x6CF0, 0x6CF1, 0x64D0, 0x64B0, 0x64B0, 0x64F1, 0x6C91, 0x6450, 
0x5CB1, 0x64F1, 0x64D1, 0x6CB1, 0x5CB1, 0x64D1, 0x6491, 0x6471, 
0x6491, 0x6491, 0x64B1, 0x64B2, 0x6491, 0x6492, 0x6492, 0x64B2, 
0x6492, 0x6471, 0x5C50, 0x5C91, 0x5CB1, 0x5C12, 0x4B51, 0x42B1, 
0x4B32, 0x6433, 0x64B2, 0x6473, 0x5C53, 0x5C74, 0x8D99, 0x74B6, 
0x6434, 0x5C14, 0x6C75, 0x5BD1, 0x53B1, 0x53D2, 0x5C35, 0x53D2, 
0x53B2, 0x74B6, 0x6C14, 0x5B72, 0x5B51, 0x8D57, 0x6433, 0x6434, 
0x6476, 0x5C35, 0x5C36, 0x4351, 0x4351, 0x3AAD, 0x328C, 0x32AD, 
0x3ACE, 0x432F, 0x4B71, 0x4BB3, 0x4BB3, 0x4BD4, 0x53F3, 0x6435, 
0x5C36, 0x5C56, 0x5C57, 0x5C56, 0x6456, 0x5C57, 0x4B31, 0x2186, 
0x42AF, 0x42EF, 0x4AF1, 0x4BB5, 0x53D4, 0x5BD5, 0x5BF7, 0x5C17, 
0x5C36, 0x5BD6, 0x5BD5, 0x5BD5, 0x5BD5, 0x53B4, 0x53D4, 0x5B96, 
0x5BD5, 0x5BB4, 0x5393, 0x7477, 0x5BB5, 0x5374, 0x5394, 0x5374, 
0x5BB5, 0x5395, 0x5375, 0x5375, 0x5374, 0x5395, 0x5375, 0x5375, 
0x5375, 0x5354, 0x5B95, 0x4B33, 0x5B75, 0x5B95, 0x5374, 0x5333, 
0x63B5, 0x7C98, 0x63F5, 0x4AD1, 0x63D4, 0x9519, 0x322E, 0x7C56, 
0x6393, 0x4AD0, 0x5311, 0x52B1, 0x39F0, 0x3A0F, 0x3A6A, 0x3A68, 
0x4269, 0x4268, 0x4268, 0x3A48, 0x4268, 0x3A48, 0x3A48, 0x3A48, 
0x3A48, 0x3A48, 0x3A48, 0x3A48, 0x3A48, 0x3A28, 0x3A28, 0x3A48, 
0x3A28, 0x3A28, 0x3A28, 0x3A07, 0x3A07, 0x3A28, 0x3207, 0x3207, 
0x3A07, 0x31E7, 0x31E7, 0x3207, 0x31E7, 0x31E7, 0x31E7, 0x31E7, 
0x31E7, 0x31E7, 0x31C7, 0x31E7, 0x31C7, 0x31C7, 0x31C6, 0x31C6, 
0x31C6, 0x31C6, 0x31C6, 0x31C6, 0x31A6, 0x29A6, 0x29A6, 0x29A6, 
0x536C, 0x536C, 0x536C, 0x536C, 0x536C, 0x536C, 0x536C, 0x536C, 
0x536C, 0x536C, 0x538C, 0x538C, 0x538C, 0x536C, 0x538C, 0x4B4B, 
0x84B1, 0x8491, 0x8471, 0x8491, 0x84B1, 0x6C0F, 0x4B0B, 0x534C, 
0x7470, 0x84B1, 0x742F, 0x5B6C, 0x536C, 0x538C, 0x4B6C, 0x84B1, 
0x7C91, 0x84B1, 0x84B1, 0x7C91, 0x536C, 0x532C, 0x7C51, 0x6BF0, 
0x5B4F, 0x3A6D, 0x6392, 0x7C74, 0x4AEE, 0x63B1, 0x5B71, 0x5350, 
0x5B91, 0x6BF3, 0x5310, 0x5BD1, 0x5C31, 0x5C50, 0x64D0, 0x64D0, 
0x6CF1, 0x6CF1, 0x64B0, 0x64B0, 0x6CD1, 0x64F1, 0x8D54, 0x9574, 
0x6CF1, 0x64F1, 0x64D1, 0x6C91, 0x5CB1, 0x64D1, 0x8534, 0x9575, 
0x74F2, 0x64B1, 0x64B1, 0x6491, 0x5C71, 0x6492, 0x64B2, 0x5C92, 
0x5C51, 0x8555, 0x8D55, 0x8D54, 0x8574, 0x8494, 0x7454, 0x5331, 
0x6C54, 0x6493, 0x5C91, 0x6473, 0x5C73, 0x5432, 0x85B8, 0x74D6, 
0x6434, 0x53D3, 0x7475, 0x9556, 0x9D97, 0x7CD6, 0x53D3, 0x53D2, 
0x5BF3, 0x6434, 0x63F3, 0x7C96, 0x5B72, 0x63F3, 0x8D58, 0x5391, 
0x74D6, 0x6456, 0x5415, 0x4351, 0x4310, 0x3A8C, 0x8493, 0x6C32, 
0x4B2E, 0x432F, 0x4B71, 0x4BB3, 0x4B93, 0x6C75, 0x8D57, 0x7CF7, 
0x5C35, 0x5C77, 0x5C57, 0x5C57, 0x6C97, 0x5C57, 0x4B11, 0x2186, 
0x4AD0, 0x42F0, 0x4B11, 0x4B95, 0x6C55, 0x8D37, 0x7C98, 0x5BD6, 
0x5416, 0x5BF6, 0x5BF6, 0x63F6, 0x8D38, 0x84F7, 0x8CF7, 0x84F6, 
0x84F7, 0x5333, 0x5B95, 0x63F5, 0x7476, 0x63F5, 0x5BB5, 0x5374, 
0x5374, 0x5374, 0x5375, 0x5374, 0x5374, 0x5375, 0x5354, 0x5374, 
0x5375, 0x5354, 0x5B75, 0x5354, 0x5354, 0x5354, 0x63D6, 0x6C15, 
0x4B32, 0x5352, 0x84D8, 0x63B4, 0x4B11, 0x6393, 0x6BF4, 0x4AF0, 
0x7435, 0x7C36, 0x52B1, 0x39F0, 0x3A2F, 0x426B, 0x3A66, 0x4287, 
0x3A4A, 0x4268, 0x3A48, 0x4268, 0x3A48, 0x3A48, 0x3A48, 0x3A48, 
0x3A48, 0x3A48, 0x3A48, 0x3A48, 0x3A48, 0x3A28, 0x3A48, 0x3A28, 
0x3A28, 0x3A28, 0x3A28, 0x3A07, 0x3A28, 0x3A07, 0x3207, 0x3A07, 
0x3207, 0x31E7, 0x3207, 0x31E7, 0x31E7, 0x31E7, 0x31E7, 0x31E7, 
0x31E7, 0x31C7, 0x31E7, 0x31C7, 0x31C6, 0x31C6, 0x31C6, 0x31C6, 
0x31C6, 0x31A6, 0x31A6, 0x31A6, 0x31A6, 0x29A6, 0x29A6, 0x29A6, 
0x536C, 0x536C, 0x536C, 0x536C, 0x536C, 0x536C, 0x536C, 0x536C, 
0x536C, 0x536C, 0x536C, 0x538C, 0x538C, 0x536C, 0x5B8D, 0x530B, 
0xDF5C, 0xFFFF, 0xF7FE, 0xF7FF, 0xFFFF, 0xE79D, 0x94F3, 0x42CA, 
0xAE37, 0xFFFF, 0xBE58, 0x63AD, 0x534C, 0x536C, 0x430A, 0xE73C, 
0xFFFF, 0xEFBE, 0xFFFF, 0xFFFF, 0xFFFE, 0x84D1, 0x4B0B, 0x7C71, 
0x7432, 0x5B70, 0x5B50, 0x532F, 0x4ACE, 0x7C74, 0x322C, 0x5B71, 
0x7C75, 0x2A2B, 0x7C95, 0x63D2, 0x432F, 0x4B8E, 0x6C92, 0x64D0, 
0x64D0, 0x64B0, 0x64B0, 0x64B1, 0x64D1, 0x6CD1, 0xD73C, 0xFFFF, 
0x8D95, 0x5CB0, 0x5C50, 0x7471, 0x64D1, 0x5C6F, 0xC6BA, 0xF7FF, 
0xA637, 0x5C71, 0x6491, 0x5C71, 0x6491, 0x6492, 0x6492, 0x5451, 
0x5C30, 0xCF3C, 0xF7FF, 0xF7FF, 0xF7FF, 0xFFFF, 0xE79E, 0x7CD4, 
0x6493, 0x5C92, 0x5C92, 0x5C33, 0x6493, 0x5C72, 0x85B8, 0x7537, 
0x53F3, 0x7496, 0x534F, 0xBE39, 0xFFFF, 0x9DB8, 0x434F, 0x5C14, 
0x5C34, 0x53F3, 0x53D3, 0x6434, 0x8518, 0x6393, 0x5351, 0x4B50, 
0x95DA, 0x5C34, 0x6476, 0x3B10, 0x42EE, 0x324A, 0xFFFF, 0xE79E, 
0x5B90, 0x432F, 0x4351, 0x4B73, 0x53B3, 0xADF9, 0xFFFF, 0xAE3C, 
0x5C14, 0x5C57, 0x5C98, 0x5C57, 0x6436, 0x5C77, 0x4B10, 0x2166, 
0x4AD0, 0x42F0, 0x4B11, 0x4B74, 0xA619, 0xFFFF, 0xBE1C, 0x5BB5, 
0x5416, 0x5C15, 0x6416, 0x7497, 0xF7FF, 0xF7FF, 0xF7BF, 0xF7FE, 
0xEFFF, 0xDF9F, 0x5B92, 0x63D5, 0x4B14, 0x7CD8, 0x63F5, 0x5374, 
0x4B33, 0x5395, 0x5B96, 0x5374, 0x5374, 0x5354, 0x5375, 0x5354, 
0x5375, 0x5354, 0x5354, 0x5374, 0x5375, 0x5334, 0x5BB5, 0x8CF8, 
0x5332, 0x4B12, 0x5B73, 0x84B8, 0x4AD1, 0x4A90, 0x6393, 0x63D3, 
0x5B72, 0x52F1, 0x39EF, 0x424F, 0x426C, 0x4269, 0x3A68, 0x4289, 
0x4268, 0x3A48, 0x3A48, 0x4248, 0x3A48, 0x3A48, 0x3A48, 0x3A48, 
0x3A48, 0x3A48, 0x3A48, 0x3A48, 0x3A28, 0x3A48, 0x3A28, 0x3A28, 
0x3A28, 0x3A28, 0x3A28, 0x3A28, 0x3207, 0x3207, 0x3A07, 0x3A07, 
0x3207, 0x3207, 0x31E7, 0x31E7, 0x31E7, 0x31E7, 0x31E7, 0x31C7, 
0x31C7, 0x31E7, 0x31E7, 0x31C6, 0x31C7, 0x31C6, 0x31C6, 0x31C6, 
0x31A6, 0x31C6, 0x29A6, 0x29A6, 0x31A6, 0x29A6, 0x29A6, 0x29A6, 
0x536C, 0x534C, 0x536C, 0x536C, 0x536C, 0x536C, 0x536C, 0x536C, 
0x536C, 0x536C, 0x536C, 0x536C, 0x538C, 0x536C, 0x536C, 0x42CA, 
0xE77D, 0xFFFF, 0xCE79, 0x9D74, 0xCEDA, 0xFFFF, 0xDF5C, 0x530B, 
0xADF6, 0xFFFF, 0xC679, 0x5B6C, 0x536C, 0x538D, 0x430A, 0xEF5C, 
0xFFFF, 0xD6DA, 0x9D33, 0xCEB9, 0xFFFF, 0xE79C, 0x63AD, 0x4B4C, 
0x6C11, 0x7453, 0x5330, 0x4ACE, 0x7C33, 0x3A6D, 0x6BF3, 0x63D2, 
0x21AB, 0x8D36, 0x5330, 0x322D, 0x7474, 0x4B2F, 0x5B90, 0x6CF2, 
0x6490, 0x5CD0, 0x64F0, 0x6490, 0x64B1, 0x64B0, 0xA5B6, 0xBE79, 
0x64B1, 0x544F, 0x8513, 0xC6B9, 0x95D6, 0x542F, 0xBE79, 0xFFFF, 
0xAE17, 0x5450, 0x6491, 0x5C71, 0x64D2, 0x5CB2, 0x5C51, 0x64B2, 
0x5C10, 0xD73B, 0xFFFF, 0xCE7B, 0x9516, 0xA595, 0xA5F7, 0x6CF2, 
0x5C92, 0x5C92, 0x5492, 0x5C73, 0x5C73, 0x5452, 0x7556, 0x7D98, 
0x5C55, 0x53B1, 0x6C13, 0xC63A, 0xFFFF, 0xBE7A, 0x74B4, 0x5C34, 
0x53D3, 0x53F3, 0x53F3, 0x5BD3, 0x8579, 0x5312, 0x7C76, 0x63D3, 
0x6433, 0x74F5, 0x53D1, 0x3B10, 0x3ACE, 0x320A, 0xFFFF, 0xEF9E, 
0x5B90, 0x3B0F, 0x4351, 0x4B93, 0x4B72, 0xADF8, 0xFFFF, 0xB65C, 
0x53D5, 0x6478, 0x6498, 0x5C37, 0x6456, 0x5C57, 0x42D0, 0x2187, 
0x4AF0, 0x42F0, 0x42F1, 0x4333, 0xA5D8, 0xFFFF, 0xB61A, 0x5374, 
0x5C15, 0x5C15, 0x5BB5, 0x7456, 0xFFFF, 0xEF9E, 0xBDF9, 0xADD9, 
0xE79E, 0xFFFE, 0xA5D9, 0x4B74, 0x5396, 0x5B94, 0x6C15, 0x5353, 
0x5B96, 0x5374, 0x4B35, 0x5335, 0x5355, 0x5354, 0x5355, 0x5375, 
0x5374, 0x5354, 0x5355, 0x4B14, 0x63B5, 0x6C16, 0x4B35, 0x5BB4, 
0x84F8, 0x5352, 0x4AD0, 0x4AD1, 0x7C56, 0x5312, 0x4ACF, 0x7435, 
0x42B1, 0x4270, 0x41EF, 0x426B, 0x428A, 0x4289, 0x3A49, 0x3A49, 
0x3A66, 0x3A48, 0x4268, 0x3A68, 0x3A48, 0x3A48, 0x3A48, 0x3A28, 
0x3A48, 0x3A28, 0x3A48, 0x3A48, 0x3A48, 0x3A28, 0x3A28, 0x3A28, 
0x3A28, 0x3227, 0x3A28, 0x31E7, 0x3A07, 0x3A07, 0x3A07, 0x3207, 
0x3207, 0x31E7, 0x31E7, 0x31E7, 0x31E7, 0x31E7, 0x31E7, 0x31E7, 
0x31E7, 0x31E7, 0x31C6, 0x31C7, 0x31C6, 0x31C6, 0x31C6, 0x31C6, 
0x31A6, 0x31C6, 0x29A6, 0x31A6, 0x31A6, 0x29A6, 0x29A6, 0x29A6, 
0x536C, 0x534C, 0x534C, 0x534C, 0x534C, 0x534C, 0x534C, 0x536C, 
0x536C, 0x536C, 0x536C, 0x536C, 0x536C, 0x5B8D, 0x4B6C, 0x430A, 
0xE75C, 0xFFFF, 0xA554, 0x2AE9, 0x8471, 0xF79D, 0xE79D, 0x63CE, 
0xADF6, 0xFFFF, 0xC658, 0x5B4C, 0x536C, 0x538C, 0x430B, 0xE73C, 
0xFFFF, 0x9D54, 0x3AC9, 0x640E, 0xE79D, 0xFFDE, 0x8CF2, 0x4B4C, 
0x4B0C, 0x6BD0, 0x7C93, 0x6B6F, 0x424B, 0x7C75, 0x5330, 0x42CF, 
0x7434, 0x4ACD, 0x39EB, 0x4AAE, 0x7CD5, 0x3ACE, 0x5B51, 0x6C32, 
0x53CF, 0x54CF, 0x64CF, 0x642E, 0x542F, 0x5CB0, 0x5C2F, 0x53EE, 
0x4C4F, 0x540F, 0xDF3C, 0xFFFE, 0x9D76, 0x43AE, 0xC6DA, 0xFFFF, 
0xA5D6, 0x5C2F, 0x6C91, 0x5C30, 0x5C91, 0x5C91, 0x6471, 0x5C91, 
0x5C31, 0xD75B, 0xFFFF, 0x9D17, 0x2A2F, 0x4C30, 0x5C52, 0x5492, 
0x5411, 0x6411, 0x4410, 0x5C32, 0x6CB4, 0x4BF1, 0x64D4, 0x8577, 
0x7CB5, 0x53F0, 0x4BB3, 0xBE3B, 0xFFFF, 0xB639, 0x6C32, 0x6C74, 
0x4B52, 0x4BD3, 0x5414, 0x5BB4, 0x4B70, 0x7414, 0x7C96, 0x6BB5, 
0x5393, 0x7D37, 0x422E, 0x5C32, 0x5391, 0x29EA, 0xFFFF, 0xEF9D, 
0x5B91, 0x3AF0, 0x4330, 0x53D3, 0x4BB2, 0xA597, 0xFFFF, 0xB699, 
0x5C37, 0x5C37, 0x6414, 0x6458, 0x7CB8, 0x5BD5, 0x326E, 0x21A9, 
0x4AF0, 0x322E, 0x5392, 0x4B53, 0xADB8, 0xFFFF, 0xB65A, 0x53B6, 
0x53F5, 0x6415, 0x5BB6, 0x7457, 0xFFFF, 0xE79E, 0x6C16, 0x3B74, 
0xB5FA, 0xFFFD, 0xC6FC, 0x4355, 0x53B2, 0x5312, 0x63B2, 0x7455, 
0x7458, 0x42F3, 0x42F2, 0x6BF6, 0x6394, 0x4B12, 0x4B34, 0x5356, 
0x5354, 0x4B32, 0x5354, 0x6BF5, 0x52EF, 0x6BF4, 0x6C78, 0x42F4, 
0x5BB4, 0x8496, 0x5B11, 0x5AF2, 0x52F1, 0x6BB5, 0x6BD4, 0x3A4E, 
0x52B2, 0x4A90, 0x4AAE, 0x29E5, 0x3A48, 0x4268, 0x3A48, 0x31E7, 
0x4ACB, 0x4A69, 0x29C6, 0x3A48, 0x3A68, 0x31E7, 0x31C6, 0x52EB, 
0x4269, 0x29C6, 0x3A48, 0x3A28, 0x31E7, 0x2965, 0x2185, 0x3A48, 
0x3A48, 0x31E7, 0x2144, 0x5ACB, 0x3A07, 0x2986, 0x31C6, 0x3A07, 
0x31E7, 0x31E7, 0x31E7, 0x31E7, 0x31E7, 0x31E7, 0x31E7, 0x31E7, 
0x31E7, 0x31E7, 0x31C6, 0x31C7, 0x31C6, 0x31C6, 0x31C6, 0x31C6, 
0x31A6, 0x31C6, 0x29A6, 0x31A6, 0x31A6, 0x31A6, 0x2986, 0x29A6, 
0x536C, 0x534C, 0x534C, 0x534C, 0x534C, 0x534C, 0x534C, 0x536C, 
0x536C, 0x536C, 0x536C, 0x536C, 0x536C, 0x532B, 0x4B4C, 0x3ACA, 
0xE75C, 0xFFFF, 0x94D2, 0x3AA9, 0x7C0F, 0xF79E, 0xE7BD, 0x6BEE, 
0xA5F6, 0xFFFF, 0xC658, 0x5B4C, 0x536C, 0x536C, 0x430A, 0xE75C, 
0xFFFF, 0x9D54, 0x4B4B, 0x42EA, 0xD6FB, 0xFFFF, 0xA595, 0x42CA, 
0x9513, 0xEFBE, 0xEFDE, 0xF7FF, 0xB619, 0x6390, 0x42AD, 0x6BD2, 
0x63B1, 0x6BD2, 0xFFFF, 0xDF3D, 0x1969, 0x7434, 0xE77E, 0xEFDF, 
0x9576, 0x5C51, 0x7D13, 0xF7FF, 0xC73A, 0x64B1, 0xC6FA, 0xEFFF, 
0x7532, 0x9E17, 0xFFFF, 0xFFDE, 0xE7DF, 0x95F7, 0xBE78, 0xFFFF, 
0xC6BA, 0xE7DE, 0xEFBE, 0xBE79, 0x53EF, 0x5C71, 0x74B2, 0x5C92, 
0x53D1, 0xCF1C, 0xFFFF, 0xB577, 0x63D1, 0x6492, 0x6C92, 0x5451, 
0x9DF7, 0xF7BF, 0xD71C, 0xD77C, 0xF7FF, 0xD71B, 0xB699, 0xDFDE, 
0xFFFF, 0xB67A, 0x4B91, 0xB619, 0xFFFF, 0xCEBB, 0xD75D, 0xE7DF, 
0xA5B9, 0x5C34, 0x53F3, 0x8495, 0xE79E, 0xE7FE, 0xE7DE, 0xEF9F, 
0x42CF, 0x5393, 0x6354, 0xEFFD, 0xE7DF, 0xB618, 0xFFFE, 0xE79C, 
0x538F, 0x42EE, 0xA596, 0xEFDE, 0xD75D, 0xD71C, 0xFFFD, 0xB69B, 
0x4BF6, 0x6455, 0xBE9A, 0xE7DF, 0xF7FF, 0xDF5E, 0x6BF1, 0x21A9, 
0x42AF, 0xA558, 0xF7FF, 0xCF7E, 0xDF1C, 0xFFFE, 0xB63A, 0x53B7, 
0x53F7, 0x5C13, 0x53B5, 0x7476, 0xFFFF, 0xE79E, 0x6BF4, 0x4353, 
0xB5DA, 0xFFFE, 0xD73D, 0x4AD3, 0xCEFC, 0xDF5D, 0xBE3B, 0xEFFF, 
0x7433, 0x6BF4, 0xCEFC, 0xF7FF, 0xEFDE, 0xD75D, 0x5311, 0x5335, 
0x42D3, 0xB5D9, 0xE7DF, 0xE7BF, 0xE77E, 0x9D17, 0x8515, 0x5353, 
0x6C13, 0xDF5D, 0xF7DF, 0xF7BF, 0xD6FB, 0x5B31, 0x4A92, 0x5B11, 
0xE77E, 0xF7BE, 0xF7DD, 0xCEDA, 0x5B2C, 0x31C6, 0x8450, 0xEFBD, 
0xF7BE, 0xF7DE, 0xB5F7, 0x4289, 0x3207, 0x6BCE, 0xE75C, 0xF7FF, 
0xF7FF, 0xB5F6, 0x29C6, 0x31E6, 0x9D74, 0xF79D, 0xB5B6, 0xEFBD, 
0x73EF, 0x634C, 0xE75C, 0xF7BE, 0xF7DE, 0xD6DA, 0x2985, 0x3A07, 
0x3A28, 0x31E7, 0x31E7, 0x31E7, 0x31E7, 0x31E7, 0x31E7, 0x31E7, 
0x31E7, 0x31C6, 0x31C7, 0x31C6, 0x31C6, 0x31C6, 0x31C6, 0x31A6, 
0x31C6, 0x29A6, 0x29A6, 0x31A6, 0x31A6, 0x2986, 0x29A6, 0x2986, 
0x534C, 0x534C, 0x534C, 0x534C, 0x534C, 0x534C, 0x534C, 0x534C, 
0x534C, 0x536C, 0x536C, 0x536C, 0x536C, 0x534C, 0x538C, 0x3ACA, 
0xE75C, 0xFFFF, 0xC658, 0x8CB1, 0xD6BA, 0xFFFF, 0xD73B, 0x4B2B, 
0xAE16, 0xFFFF, 0xC678, 0x534C, 0x536C, 0x536C, 0x42EA, 0xE75C, 
0xFFFF, 0xA575, 0x42EA, 0x4B2B, 0xDF1B, 0xFFFF, 0xA575, 0x532B, 
0xFFFF, 0xEF9C, 0x73CD, 0xDF1C, 0xFFFF, 0x7C73, 0x4AEE, 0x7433, 
0x322B, 0x8434, 0xFFFF, 0xF7DE, 0x6371, 0x8495, 0xEF9D, 0xFFFF, 
0xBE18, 0x3AAC, 0xB619, 0xFFFF, 0x9DD4, 0x5C90, 0xDF3C, 0xFFFF, 
0x74F2, 0x7D13, 0xEF9E, 0xFFDE, 0xCEFB, 0x7514, 0xB658, 0xFFFF, 
0xCEFB, 0x9DB6, 0xFFFF, 0xFFFF, 0x542F, 0x5C91, 0x6451, 0x5C33, 
0x3AF0, 0xD6FB, 0xFFFE, 0xEFBE, 0xE7BD, 0xEFDF, 0xCEFB, 0x5C30, 
0xA5F7, 0xFFFF, 0xE77D, 0x8D55, 0xE75C, 0xFFFF, 0xC71C, 0xBE9A, 
0xF7BE, 0xF7BE, 0x74B4, 0xAE39, 0xFFFE, 0xD6FC, 0x9D78, 0xFFFF, 
0xF7FF, 0x74D6, 0x6433, 0xE77D, 0xFFFF, 0x9557, 0xBE9B, 0xFFFF, 
0x9D56, 0x6C53, 0xC6DC, 0xFFFE, 0xCEBB, 0x8452, 0xFFFF, 0xE79D, 
0x5350, 0x5BB0, 0xEFBE, 0xFFFF, 0x84F5, 0xCF1C, 0xFFFE, 0xB65B, 
0x53B5, 0x9DB9, 0xFFFF, 0xC6BB, 0x9D55, 0xFFFF, 0xD71B, 0x3A6C, 
0x6372, 0xEF7E, 0xFFFD, 0x8D18, 0xCE9A, 0xFFFE, 0xBE5A, 0x5396, 
0x53F6, 0x5C15, 0x53D6, 0x7476, 0xFFFF, 0xE79C, 0xA598, 0x9D98, 
0xEF7E, 0xFFFF, 0xAE1B, 0x4AF3, 0xD71C, 0xFFFF, 0xF7DF, 0xE79E, 
0x84B5, 0xD71C, 0xFFFF, 0xA578, 0xBDFA, 0xFFFF, 0xBE5B, 0x42B2, 
0x6416, 0xFFFF, 0xDF3C, 0xA598, 0xF7BF, 0xFFFF, 0x63B0, 0x8CD8, 
0xD6FC, 0xFFFF, 0xA556, 0xBE19, 0xFFFF, 0xB5F9, 0x39AF, 0xDF1E, 
0xF7FD, 0x8411, 0xA553, 0xFFFF, 0xAD95, 0x4248, 0xFFFF, 0xE75C, 
0x5ACB, 0xD6BA, 0xFFFF, 0x7C30, 0x4269, 0xDF3B, 0xFFFF, 0x7C0F, 
0xBE38, 0xFFFF, 0x8CB1, 0x2164, 0xA595, 0xFFFF, 0xFFFF, 0xEF9D, 
0x7C30, 0xDEFB, 0xFFFF, 0x52AA, 0xADB6, 0xFFFF, 0x8CB1, 0x29A6, 
0x31E7, 0x31E7, 0x31E7, 0x31E7, 0x31E7, 0x31E7, 0x31E7, 0x31C7, 
0x31E7, 0x31C6, 0x31C6, 0x31C6, 0x31C6, 0x31C6, 0x31C6, 0x31A6, 
0x31A6, 0x31A6, 0x29A6, 0x31A6, 0x31A6, 0x2986, 0x2986, 0x2986, 
0x534C, 0x534C, 0x534C, 0x534C, 0x534C, 0x534C, 0x534C, 0x534C, 
0x534C, 0x534C, 0x534C, 0x534C, 0x534C, 0x534B, 0x4B6C, 0x42CA, 
0xE77D, 0xFFFF, 0xFFFF, 0xFFFF, 0xFFFF, 0xFFFF, 0x84D2, 0x42CA, 
0xADF6, 0xFFFF, 0xC678, 0x534C, 0x536C, 0x536C, 0x42EA, 0xE75C, 
0xFFFF, 0xA575, 0x430B, 0x42EA, 0xD71B, 0xFFFF, 0xA595, 0x4B2B, 
0xFFFF, 0xEF9C, 0x9D33, 0x6BAD, 0x8CF3, 0x7C93, 0x536F, 0x42AD, 
0x6BF2, 0x6BB1, 0xD6DB, 0xFFFF, 0x530F, 0x8CD5, 0xFFFF, 0xEF7D, 
0xD6DB, 0x4B0E, 0xC69B, 0xFFFF, 0x8513, 0x5CB0, 0xD6DB, 0xFFFF, 
0x7512, 0x4BAD, 0xDEFB, 0xFFFE, 0x9555, 0x43AE, 0xBE99, 0xFFFF, 
0xA5B6, 0x6CB1, 0xEF9D, 0xFFFF, 0x4C0E, 0x5CD2, 0x6493, 0x4B71, 
0x3A8F, 0xD6FB, 0xFFFD, 0xE75C, 0xC6FA, 0xCEDB, 0xBE7A, 0x6CB1, 
0xA5F7, 0xFFFF, 0xC699, 0x53F1, 0xC69A, 0xFFFF, 0x95B8, 0x8556, 
0xE79D, 0xEF9D, 0x74F5, 0xB679, 0xFFFF, 0xC659, 0x4B0F, 0xF7BD, 
0xFFFF, 0x7494, 0x7CD5, 0xF7DE, 0xF79D, 0x5350, 0xA5B9, 0xFFFF, 
0xD6FC, 0x5373, 0xD71D, 0xFFFF, 0x8474, 0x10E7, 0xFFFF, 0xE77E, 
0x5B71, 0x5BF2, 0xFFFF, 0xE77D, 0x3B30, 0x9E19, 0xFFFF, 0xB639, 
0x53B3, 0xCEDC, 0xFFFF, 0xA5BA, 0x5BB3, 0xF79E, 0xFFFF, 0x4AEE, 
0x6BB3, 0xFFFF, 0xEF3A, 0x3270, 0xB61A, 0xFFFF, 0xB63A, 0x5395, 
0x5C35, 0x5BD6, 0x53B7, 0x7436, 0xFFFE, 0xFFFD, 0xF7FF, 0xFFFF, 
0xFFFF, 0xE73B, 0x5BF3, 0x4334, 0xCF1C, 0xFFFF, 0xBE3A, 0x6BB5, 
0x6BD4, 0xE77D, 0xFFFF, 0x3A31, 0x7BD7, 0xEF9E, 0xDF5D, 0x5313, 
0x9DD9, 0xFFFE, 0xA558, 0x3A4F, 0xC65B, 0xD6FC, 0x7C56, 0x5B12, 
0xE75D, 0xFFFF, 0x4A4C, 0x94B5, 0xEFBE, 0xDF3C, 0x424D, 0xD6FB, 
0xFFFD, 0xAD56, 0x5AEB, 0x6B8D, 0x5B2C, 0x4A89, 0xFFFF, 0xF7BE, 
0x94B2, 0x52CA, 0x6B8D, 0x4AEA, 0x5B4C, 0xFFFF, 0xEF7D, 0x18E3, 
0x8430, 0xFFFF, 0xCE99, 0x1924, 0xA575, 0xFFFF, 0xC638, 0x52EB, 
0x4269, 0xE75C, 0xFFFF, 0x8450, 0x5AEB, 0x636D, 0x52CA, 0x31C6, 
0x3207, 0x31E7, 0x31E7, 0x31E7, 0x31E7, 0x31E7, 0x31E7, 0x31C7, 
0x31E7, 0x31C7, 0x31C6, 0x31C6, 0x31C6, 0x31C6, 0x31C6, 0x31C6, 
0x29A6, 0x31A6, 0x29A6, 0x31A6, 0x31A6, 0x29A6, 0x2986, 0x2986, 
0x534C, 0x532B, 0x534C, 0x532B, 0x534C, 0x534C, 0x534C, 0x534C, 
0x534C, 0x534C, 0x534C, 0x534C, 0x534C, 0x532B, 0x4B6C, 0x42CA, 
0xE75C, 0xFFFF, 0xBE17, 0x7CD1, 0x84D2, 0x6BCE, 0x4B4B, 0x42EA, 
0xADB6, 0xFFFF, 0xC678, 0x534C, 0x534C, 0x534C, 0x42EA, 0xE73C, 
0xFFFF, 0x9D54, 0x4B4B, 0x3AC9, 0xD6FB, 0xFFFF, 0xA5D6, 0x3ACA, 
0xADD6, 0xFFFF, 0xFFFF, 0xDF5B, 0x8491, 0x6BD0, 0x63F2, 0x5350, 
0x5B50, 0x42CD, 0xB5B8, 0xFFFF, 0x63B0, 0xB638, 0xFFFF, 0x94D4, 
0xFFFF, 0x6BF0, 0xDF5D, 0xE75D, 0x6C32, 0x5CD0, 0xDF1C, 0xFFFF, 
0x6CD1, 0x4BEE, 0xDF1C, 0xFFFE, 0x9D76, 0x4BEF, 0xBEB9, 0xFFFF, 
0xA5D6, 0x6491, 0xEF9E, 0xFFFF, 0x542F, 0x5451, 0x4B70, 0x42D0, 
0x42B0, 0xD71C, 0xFFFE, 0xB618, 0x5C31, 0x6431, 0x6C72, 0x5430, 
0xA5F7, 0xFFFF, 0xB698, 0x5452, 0xCEBA, 0xFFFF, 0x961A, 0x8597, 
0xE7BE, 0xEF9D, 0x74F5, 0xB69A, 0xFFFF, 0xB5F8, 0x32EF, 0xEF7E, 
0xFFFE, 0xADFA, 0x8CF6, 0xFFFE, 0xFFFF, 0xE79E, 0xE79E, 0xF7FE, 
0xCF1D, 0x3AD1, 0xD6FB, 0xF7DE, 0x8494, 0x322B, 0xFFFF, 0xEFBE, 
0x4AAD, 0x6BF1, 0xFFFF, 0xDF1C, 0x3B52, 0x9E1A, 0xFFFF, 0xAE3C, 
0x53B6, 0xD75D, 0xFFFE, 0xE7BF, 0xE7BE, 0xEFBF, 0xFFFF, 0x5B50, 
0x6BD3, 0xFFFF, 0xE75D, 0x3313, 0xADFA, 0xFFFF, 0xB63A, 0x5B95, 
0x5BF4, 0x5C36, 0x53D6, 0x7456, 0xFFFF, 0xEFBD, 0xA579, 0x7D16, 
0x8CB7, 0x63B2, 0x4BB6, 0x4314, 0xDF3B, 0xF7FF, 0x9518, 0x4AF4, 
0x7456, 0xE79F, 0xFFFF, 0x5BB5, 0x7417, 0xEFBD, 0xE75D, 0x5B13, 
0xA5D9, 0xFFFF, 0xC67C, 0x6BF5, 0x4AD1, 0x8497, 0x42D0, 0x6351, 
0xE79C, 0xFFFD, 0xEF9E, 0xEF9E, 0xF7FE, 0xD71C, 0x4A8B, 0x6BCE, 
0xF7FF, 0xFFFF, 0xFFFE, 0x8491, 0x31E7, 0x31E7, 0x9D34, 0xFFFF, 
0xFFFF, 0xE75C, 0x73EF, 0x21A5, 0x5B4C, 0xFFFF, 0xE73C, 0x1903, 
0x8450, 0xF7FF, 0xD6FB, 0x1903, 0xA595, 0xFFFF, 0x94F3, 0x2185, 
0x29C6, 0x7C30, 0xEFBE, 0xFFFF, 0xE75C, 0x8471, 0x2985, 0x31C6, 
0x31E7, 0x31E7, 0x31E7, 0x31E7, 0x31E7, 0x31E7, 0x31E7, 0x31C7, 
0x31C7, 0x31C6, 0x31C6, 0x31C6, 0x31C6, 0x31C6, 0x31C6, 0x29A6, 
0x31A6, 0x29A6, 0x29A6, 0x31A6, 0x29A6, 0x2986, 0x2986, 0x2985, 
0x532B, 0x532B, 0x532B, 0x532B, 0x534C, 0x534C, 0x534C, 0x534C, 
0x534C, 0x534C, 0x534C, 0x534C, 0x534C, 0x536C, 0x4B4C, 0x42EA, 
0xDF3C, 0xFFFF, 0x9D13, 0x3AEA, 0x4B2B, 0x4B0B, 0x534C, 0x4AEA, 
0xB5F6, 0xFFFF, 0xBE58, 0x530B, 0x4B4B, 0x4B2B, 0x3ACA, 0xE75C, 
0xFFFF, 0x9D54, 0x42CA, 0x534C, 0xDF3C, 0xFFFF, 0x8D13, 0x4B4C, 
0x4AEB, 0x6BAE, 0xADD7, 0xF7FE, 0xFFFF, 0x8CD3, 0x63D1, 0x6C12, 
0x5310, 0x4AED, 0xB5F9, 0xFFFF, 0xBE59, 0xEFDE, 0x9D14, 0x8CD5, 
0xFFFF, 0x742F, 0xFFFF, 0xBE19, 0x42EF, 0x5C70, 0xD6FB, 0xFFFF, 
0x6CF1, 0x540E, 0xDF3C, 0xF7FE, 0x8D75, 0x43EE, 0xBEB9, 0xFFFF, 
0x9DB5, 0x64B1, 0xEF9E, 0xFFFF, 0x4B8E, 0x4BB1, 0x4AB0, 0x4B30, 
0x5B71, 0xDF3C, 0xFFFF, 0xA5F8, 0x4BF1, 0x4C51, 0x5C72, 0x5451, 
0xA618, 0xFFFF, 0xBE99, 0x4C31, 0xCEB9, 0xFFFF, 0x8DD8, 0x8577, 
0xE79D, 0xEFBE, 0x6CF5, 0xA63A, 0xFFFF, 0xB619, 0x3330, 0xE73D, 
0xFFFF, 0x73F2, 0x6BD2, 0xFFFF, 0xE75D, 0x5BB3, 0x7C76, 0x84B4, 
0x84F8, 0x5394, 0xDF3C, 0xF7DE, 0x8CF5, 0x2A2B, 0xFFFF, 0xEFBD, 
0x4ACD, 0x5B6E, 0xFFFF, 0xE75E, 0x32F1, 0xA61A, 0xFFFE, 0xAE9B, 
0x4BF4, 0xCF3D, 0xFFFE, 0xADB9, 0x7C76, 0x8C96, 0x63AD, 0x328C, 
0x63B2, 0xFFFF, 0xE73E, 0x3333, 0xA5D9, 0xFFFF, 0xB63B, 0x5B96, 
0x6436, 0x53F4, 0x53B5, 0x7456, 0xFFFF, 0xEF7E, 0x6BD5, 0x4BD6, 
0x5375, 0x53B5, 0x4B97, 0x5315, 0xDEFB, 0xF7FE, 0x9519, 0x4B34, 
0x6C35, 0xE7BF, 0xFFFE, 0x4332, 0x8D19, 0xF7FD, 0xE75D, 0x5AF4, 
0xAE1C, 0xFFFF, 0xADB7, 0x5B72, 0x8CD9, 0x6393, 0x84D5, 0x7BD6, 
0xE79E, 0xFFFF, 0x5291, 0x5AF3, 0x6370, 0x6350, 0x4269, 0x3A48, 
0x4269, 0x9D13, 0xE75B, 0xFFFF, 0xAD95, 0x31E7, 0x4269, 0x4AAA, 
0xAD95, 0xFFFF, 0xFFFF, 0x8450, 0x52EB, 0xFFFF, 0xDF1B, 0x2144, 
0x8430, 0xF7FF, 0xD6DA, 0x1924, 0xA575, 0xFFFF, 0x9513, 0x29A6, 
0x3A28, 0x31E7, 0x4269, 0xA554, 0xEF9D, 0xFFFF, 0x8450, 0x2985, 
0x2985, 0x29C6, 0x31E7, 0x31E7, 0x31C6, 0x31E7, 0x31C7, 0x31C6, 
0x31C7, 0x31C6, 0x31C6, 0x31C6, 0x31C6, 0x31A6, 0x31C6, 0x29A6, 
0x31A6, 0x29A6, 0x29A6, 0x2986, 0x29A6, 0x2986, 0x2986, 0x2986, 
0x532B, 0x532B, 0x532B, 0x532B, 0x532B, 0x534C, 0x532B, 0x534C, 
0x534C, 0x534C, 0x534C, 0x534C, 0x534C, 0x4B4C, 0x532B, 0x42A9, 
0xE77C, 0xFFFF, 0xA534, 0x4B2B, 0x4B4B, 0x534C, 0x532C, 0x4AEA, 
0xAE17, 0xFFFF, 0xCEB9, 0x7C30, 0x7C70, 0x7470, 0x4B2B, 0xDF3C, 
0xFFFF, 0xAD95, 0x5B2C, 0xA554, 0xEFDE, 0xEFDE, 0x740F, 0x6BCE, 
0xD71B, 0xA5B5, 0x42A9, 0xB596, 0xFFFF, 0xBE57, 0x532C, 0x63D0, 
0x5BD1, 0x42AE, 0x6B90, 0xF79E, 0xEF5C, 0xFFFF, 0x8493, 0x6BD2, 
0xE75E, 0xEF3B, 0xFFFF, 0x8D15, 0x3AEF, 0x5B70, 0xD6FB, 0xFFFF, 
0x74F1, 0x53CE, 0xDF3C, 0xF7DE, 0x8D95, 0x53CE, 0xC659, 0xFFFF, 
0xA5D5, 0x6CB2, 0xEFBC, 0xFFFF, 0x42AE, 0x4311, 0x4A90, 0x5C51, 
0x640F, 0xDF3B, 0xF7FE, 0xAE17, 0x6C91, 0x6CB3, 0x84B3, 0x5C10, 
0x9DB6, 0xFFFF, 0xC679, 0x4C51, 0xCEB9, 0xFFFF, 0x8DB7, 0x8D97, 
0xEF7E, 0xEFBD, 0x7494, 0xA63B, 0xFFFF, 0xBE39, 0x3B30, 0xF7BD, 
0xFFFF, 0x9D57, 0x8CF6, 0xEFBF, 0xFFFD, 0x4392, 0x9556, 0xE79E, 
0xA61B, 0x4310, 0xDF1C, 0xFFFF, 0x8494, 0x31EA, 0xFFFF, 0xEFBE, 
0x426D, 0x7432, 0xFFFF, 0xF7DF, 0x328E, 0xAE19, 0xFFFE, 0xB67C, 
0x53B4, 0xB69C, 0xFFFF, 0xA599, 0x3B93, 0xE75D, 0xCEDA, 0x432E, 
0x5B91, 0xFFFF, 0xF7BD, 0x3AB2, 0xAE19, 0xFFFF, 0xB63B, 0x5BD5, 
0x53F5, 0x63F5, 0x5BF6, 0x7435, 0xFFFF, 0xEF9E, 0x6C97, 0x5B76, 
0x5BD4, 0x4BB4, 0x5BB6, 0x5352, 0xD73C, 0xFFFF, 0x8CD6, 0x5334, 
0x6C16, 0xDF3E, 0xFFFF, 0x4AB2, 0x8475, 0xF7FD, 0xDF3D, 0x4A92, 
0x953A, 0xFFFE, 0xAD78, 0x4A4F, 0xCE9C, 0xF7FF, 0x94F5, 0x73D5, 
0xE75D, 0xFFFF, 0x31AD, 0x62F2, 0xD6BB, 0xBE37, 0x4AAA, 0xBE37, 
0xBE17, 0x4248, 0x636D, 0xFFFF, 0xD6BA, 0x632C, 0xDEFB, 0xA534, 
0x2945, 0xA534, 0xFFFF, 0xB5B6, 0x52AA, 0xFFFF, 0xF7BE, 0x10C3, 
0x8450, 0xFFFF, 0xBE38, 0x2124, 0xAD75, 0xFFFF, 0x9D13, 0x2986, 
0x52AA, 0xBE17, 0xD6DA, 0x0020, 0x8450, 0xFFFF, 0xCEBA, 0x3A08, 
0x8C71, 0x7C0F, 0x2985, 0x31C6, 0x31E7, 0x31C6, 0x31C7, 0x31C7, 
0x31C6, 0x31C6, 0x31C6, 0x31C6, 0x31C6, 0x31C6, 0x31A6, 0x29A6, 
0x31A6, 0x29A6, 0x29A6, 0x2986, 0x2986, 0x2986, 0x2986, 0x2986, 
0x4B2B, 0x4B2B, 0x532B, 0x532B, 0x532B, 0x532B, 0x532B, 0x534C, 
0x534C, 0x534C, 0x534C, 0x534C, 0x534C, 0x4B2B, 0x534B, 0x42C9, 
0xE79D, 0xFFFF, 0x9D34, 0x430A, 0x4B2B, 0x536C, 0x534C, 0x42A9, 
0xAE37, 0xFFFF, 0xFFFF, 0xFFFF, 0xFFFF, 0xEFBE, 0x5B4C, 0xE75C, 
0xFFFF, 0xFFFF, 0xF7DE, 0xFFFF, 0xFFFF, 0xAE16, 0x532B, 0x42CA, 
0xFFFF, 0xF7FF, 0xA595, 0xE75D, 0xFFFF, 0x9532, 0x3AA9, 0x536D, 
0x6410, 0x5B73, 0x4AAD, 0xE73C, 0xFFFF, 0xF7BF, 0x94F8, 0x3A4C, 
0xBE19, 0xFFFF, 0xEF9E, 0x9536, 0x42EF, 0x530F, 0xD6DB, 0xFFFF, 
0x7513, 0x4BCF, 0xBEFB, 0xFFFF, 0xDF7D, 0x8513, 0xC659, 0xFFFF, 
0xA5F5, 0x6494, 0xEFDD, 0xFFFF, 0x322D, 0x4311, 0x5BF0, 0x5C92, 
0x5BCF, 0xDF5C, 0xFFFF, 0xF7BF, 0xF7BF, 0xEFFF, 0xFFFF, 0x84F3, 
0xAE17, 0xFFFF, 0xCE99, 0x53F1, 0xCEBA, 0xFFFF, 0x9597, 0x8516, 
0xF7BE, 0xF7DE, 0x7CD3, 0xB69B, 0xFFFF, 0xEF7C, 0xBE7A, 0xFFFF, 
0xDF5D, 0x6BF3, 0x5330, 0xC69B, 0xFFFF, 0xBE99, 0xEF9C, 0xFFFF, 
0x84F6, 0x4B51, 0x9D79, 0xFFFE, 0xDF1C, 0xBE7A, 0xFFFF, 0xE7BD, 
0x7C92, 0x4ACF, 0xE71D, 0xFFFF, 0xB639, 0xDF7E, 0xFFFF, 0xB65B, 
0x5BD4, 0x8D78, 0xFFFF, 0xE75D, 0xB65A, 0xFFFF, 0xCE79, 0x530F, 
0x5B11, 0xE71D, 0xFFFE, 0xB65B, 0xE77C, 0xFFFF, 0xC65D, 0x5B74, 
0x53D5, 0x5C14, 0x5BF5, 0x7475, 0xFFFF, 0xEFBF, 0x6C75, 0x5B76, 
0x53B4, 0x53B4, 0x53B6, 0x4B32, 0xD75C, 0xFFFF, 0x9538, 0x5373, 
0x5373, 0xB61A, 0xFFFF, 0xC6BC, 0xCEDB, 0xFFFF, 0xA598, 0x5333, 
0x5333, 0xFFFF, 0xEFBF, 0x9D37, 0xFFFF, 0xF7FF, 0x7C55, 0x5B11, 
0xB5F9, 0xFFFF, 0xC67A, 0xC67A, 0xFFFF, 0xADD6, 0x2185, 0xCEDA, 
0xFFFF, 0xBE38, 0xB5F7, 0xFFFF, 0xAD95, 0x3A08, 0xFFFF, 0xFFFF, 
0x9D13, 0xD6FB, 0xFFFF, 0x8471, 0x39E7, 0xC658, 0xFFFF, 0xA554, 
0xDF1B, 0xFFFF, 0x6BAE, 0x2144, 0xADB6, 0xFFFF, 0x9D34, 0x2144, 
0x4A89, 0xD6FA, 0xFFFF, 0xA554, 0xC679, 0xFFFF, 0x94D2, 0x52AA, 
0xF7DE, 0xDF3C, 0x2144, 0x31E7, 0x31C6, 0x39E7, 0x31A6, 0x31C6, 
0x31C6, 0x31C6, 0x31C6, 0x31C6, 0x31C6, 0x29A6, 0x29A6, 0x31A6, 
0x31A6, 0x29A6, 0x29A6, 0x2986, 0x2986, 0x2986, 0x2986, 0x2985, 
0x4B2B, 0x4B2B, 0x4B2B, 0x532B, 0x4B2B, 0x532B, 0x532B, 0x532B, 
0x532B, 0x532B, 0x532B, 0x532B, 0x532B, 0x534C, 0x532B, 0x4AEA, 
0xB637, 0xCEBA, 0x8CB1, 0x4B2B, 0x4B4B, 0x534B, 0x4B2B, 0x4B0B, 
0x8D33, 0xD6BA, 0xCE79, 0xCE99, 0xC679, 0xBE78, 0x5B2C, 0xB617, 
0xC699, 0xC699, 0xC699, 0xBE78, 0x8CD2, 0x430B, 0x4B2B, 0x4B0B, 
0x84B1, 0xCEBA, 0xDF3C, 0xCEDA, 0x9553, 0x532B, 0x4B4A, 0x536B, 
0x4B4B, 0x6C12, 0x5B6F, 0xA576, 0xCE9A, 0xADB8, 0x29AB, 0x6C12, 
0xA597, 0xC659, 0xCE9A, 0x42CD, 0x4B30, 0x6BF3, 0x9CF5, 0xD6DB, 
0x5C11, 0x5C31, 0x5C50, 0xC679, 0xCF1B, 0x8D74, 0x9D95, 0xCF1B, 
0x8D94, 0x5C53, 0xBE7A, 0xCE9B, 0x4AEF, 0x53F1, 0x64B1, 0x5C72, 
0x5C30, 0xB638, 0xCEDB, 0xCEDB, 0xCEDB, 0xC6DA, 0xD71B, 0x74B2, 
0x8D55, 0xCF1B, 0x9DF6, 0x5C52, 0xADF8, 0xD71B, 0x7D15, 0x7D56, 
0xC6DB, 0xBEBA, 0x6C94, 0x9DF9, 0xC6BA, 0xB618, 0xCF1C, 0xD73C, 
0x9598, 0x3ACF, 0x7CB6, 0x84D6, 0xCEDB, 0xE77D, 0xD6BA, 0xA596, 
0x53D2, 0x53F3, 0x5414, 0xC658, 0xD6FC, 0xA597, 0x9D96, 0xB638, 
0x5BD0, 0x222D, 0x8CD4, 0xD6DA, 0xD75D, 0xB65B, 0xC69C, 0x9599, 
0x5416, 0x5414, 0xA619, 0xD71C, 0xDF9D, 0xB63A, 0x4AAB, 0x2A0B, 
0x428F, 0x8C94, 0xCEFC, 0xCEFC, 0xADF8, 0xC69B, 0x953A, 0x53B5, 
0x5435, 0x5C15, 0x53D6, 0x6C36, 0xD6FB, 0xBE7B, 0x6436, 0x5395, 
0x53B4, 0x5BD5, 0x5BB6, 0x5373, 0xADFA, 0xC6BC, 0x7C97, 0x5374, 
0x4B13, 0x6BD4, 0xB5FA, 0xDF5D, 0xD73C, 0xADF9, 0x5352, 0x84F9, 
0x5392, 0x8C96, 0xC69A, 0xF7FF, 0xBE39, 0x73F3, 0x8455, 0x424F, 
0x52F1, 0xAD98, 0xD71A, 0xD6FA, 0xADB5, 0x31E7, 0x3A28, 0x5B2C, 
0xC679, 0xD6FB, 0xD71B, 0x9D33, 0x4AAA, 0x29A6, 0x8471, 0xC699, 
0xDF3C, 0xCEDA, 0x8491, 0x31E7, 0x31E7, 0x52EB, 0xB5D6, 0xDF3C, 
0xD6FA, 0x8CD2, 0x2986, 0x31C6, 0x8471, 0xCE9A, 0x7C30, 0x29A6, 
0x31C7, 0x636D, 0xBE38, 0xDF1B, 0xD6BA, 0xA534, 0x2124, 0x52AA, 
0xB5F7, 0xA575, 0x2145, 0x39E7, 0x31C6, 0x31C6, 0x31C6, 0x31C6, 
0x31C6, 0x31C6, 0x31C6, 0x31C6, 0x31C6, 0x29A6, 0x31A6, 0x29A6, 
0x29A6, 0x29A6, 0x29A6, 0x2986, 0x2986, 0x2986, 0x2985, 0x2986, 
0x4B0B, 0x4B2B, 0x4B2B, 0x4B2B, 0x4B2B, 0x532B, 0x4B2B, 0x532B, 
0x532B, 0x532B, 0x532B, 0x532B, 0x532B, 0x4B2B, 0x534B, 0x4B0B, 
0x4AEA, 0x42A9, 0x4B0B, 0x4B4C, 0x4B4B, 0x534B, 0x532B, 0x532B, 
0x4B0B, 0x42CA, 0x42CA, 0x430A, 0x42CA, 0x42EA, 0x4B2B, 0x430B, 
0x3ACA, 0x42EA, 0x42EA, 0x42EA, 0x430A, 0x4B4B, 0x4B4B, 0x534C, 
0x4AEA, 0x530B, 0x5B6C, 0x530B, 0x4AEA, 0x4B2B, 0x534B, 0x4B4B, 
0x4B4A, 0x536C, 0x63F0, 0x5330, 0x31EC, 0x428D, 0x7432, 0x4B2F, 
0x3A6C, 0x6391, 0x4AAE, 0x4AEF, 0x6C13, 0x6392, 0x428D, 0x3A0C, 
0x42CF, 0x5BF1, 0x5C50, 0x5BEF, 0x4BEE, 0x4C0E, 0x5430, 0x540F, 
0x5430, 0x4B70, 0x3A8E, 0x3A4D, 0x5BF0, 0x6491, 0x5C51, 0x5C71, 
0x5C30, 0x5C10, 0x53EF, 0x5410, 0x4BEF, 0x53D0, 0x5BF1, 0x5451, 
0x5451, 0x53D0, 0x5431, 0x5493, 0x5C11, 0x53CF, 0x5451, 0x7597, 
0x64B4, 0x5412, 0x5454, 0x5433, 0x5412, 0x5C12, 0x6474, 0x7494, 
0x53F2, 0x4BB2, 0x6455, 0x5371, 0x9536, 0x7414, 0x5330, 0x84D6, 
0x6475, 0x5C55, 0x4C13, 0x428D, 0x4A8E, 0x31EB, 0x2A2A, 0x326B, 
0x42AD, 0x5413, 0x2A6C, 0x4B0E, 0x6413, 0x4B72, 0x4B33, 0x4BD3, 
0x5457, 0x5477, 0x5C55, 0x6435, 0x74B4, 0x4313, 0x21C9, 0x32AC, 
0x42EF, 0x3AAF, 0x53D4, 0x53D5, 0x5BB4, 0x5394, 0x53B5, 0x53F5, 
0x4C34, 0x5BD5, 0x5BD7, 0x5375, 0x5B73, 0x5373, 0x53B6, 0x5395, 
0x5BD5, 0x5BB5, 0x5395, 0x5394, 0x5352, 0x5354, 0x4B34, 0x5376, 
0x5376, 0x5334, 0x5313, 0x6B95, 0x5332, 0x6C16, 0x63D5, 0x4B11, 
0x84D7, 0x4270, 0x3A2F, 0x73F4, 0x6371, 0x4AB0, 0x4211, 0x4251, 
0x424F, 0x29AA, 0x4ACA, 0x4268, 0x31E8, 0x3A48, 0x4269, 0x3A68, 
0x31E6, 0x4289, 0x4289, 0x31E7, 0x3227, 0x4248, 0x31E7, 0x3A28, 
0x4289, 0x3A28, 0x31E7, 0x31E7, 0x4269, 0x3207, 0x31E7, 0x4AA9, 
0x3A28, 0x29A6, 0x3A07, 0x3A28, 0x29A6, 0x2165, 0x31C6, 0x3207, 
0x3A07, 0x29C6, 0x2185, 0x4269, 0x39E7, 0x2985, 0x29A6, 0x31E7, 
0x2165, 0x2985, 0x31C6, 0x31E7, 0x31E7, 0x31A6, 0x31E7, 0x31C6, 
0x31C6, 0x31C6, 0x31C6, 0x31C6, 0x31A6, 0x31A6, 0x29A6, 0x29A6, 
0x29A6, 0x29A6, 0x29A6, 0x2986, 0x2986, 0x2985, 0x2986, 0x2985, 
0x4B0B, 0x4B2B, 0x4B2B, 0x4B2B, 0x4B2B, 0x4B2B, 0x532B, 0x4B2B, 
0x4B2B, 0x4B2B, 0x4B2B, 0x4B2B, 0x4B2B, 0x4B2B, 0x534C, 0x4B2B, 
0x4B2B, 0x4B2B, 0x4B2B, 0x4B2B, 0x4B4B, 0x534C, 0x4B2B, 0x534C, 
0x532B, 0x4B2B, 0x4B2B, 0x534C, 0x536C, 0x4B4B, 0x536C, 0x4B4C, 
0x4B4C, 0x4B4C, 0x4B4B, 0x4B4C, 0x4B4C, 0x4B2B, 0x536C, 0x4B2B, 
0x534C, 0x4B2B, 0x4B2B, 0x534B, 0x534B, 0x4B2B, 0x534C, 0x536C, 
0x4B4C, 0x4B2A, 0x4B4C, 0x63F1, 0x5B91, 0x324C, 0x5B2F, 0x42EE, 
0x5B91, 0x6392, 0x3A6E, 0x6C14, 0x5350, 0x4B10, 0x7434, 0x39ED, 
0x424F, 0x4B10, 0x6450, 0x5C30, 0x5C50, 0x5450, 0x5C51, 0x5C31, 
0x4BB0, 0x42D0, 0x4310, 0x53B0, 0x6491, 0x5C50, 0x5C71, 0x5430, 
0x5C71, 0x5C71, 0x5C51, 0x5451, 0x5451, 0x5C72, 0x6452, 0x4C51, 
0x5472, 0x6C73, 0x6473, 0x5472, 0x5C32, 0x6452, 0x5472, 0x7556, 
0x6D16, 0x5C74, 0x64B5, 0x5C53, 0x5433, 0x5C75, 0x5C95, 0x5413, 
0x5C75, 0x5C96, 0x5414, 0x6434, 0x3AAE, 0x5353, 0x6BF5, 0x7496, 
0x5BF3, 0x9DFA, 0x6C94, 0x328D, 0x42AE, 0x3A6D, 0x3ACD, 0x42AD, 
0x3A0B, 0x4B6F, 0x3AEE, 0x7496, 0x32AF, 0x6414, 0x5371, 0x5C55, 
0x5C36, 0x5C56, 0x5C56, 0x5C37, 0x6456, 0x4B73, 0x21A8, 0x42CD, 
0x3A8F, 0x4B31, 0x3B73, 0x4BD5, 0x53F6, 0x53F6, 0x5C16, 0x5416, 
0x5C36, 0x53D4, 0x53D6, 0x5BF7, 0x5BB5, 0x53B5, 0x53B6, 0x5BD5, 
0x5394, 0x5B95, 0x5374, 0x5394, 0x5BB5, 0x5375, 0x5374, 0x4B74, 
0x4B54, 0x5B95, 0x5355, 0x4B15, 0x4B52, 0x5375, 0x7478, 0x5B72, 
0x422F, 0x7455, 0x5313, 0x218E, 0x7C36, 0x5B12, 0x4252, 0x3A0F, 
0x3A2C, 0x3A49, 0x4269, 0x3A28, 0x3A49, 0x4268, 0x4269, 0x3A48, 
0x4289, 0x3A48, 0x3A48, 0x3228, 0x4289, 0x3A48, 0x4268, 0x3A48, 
0x3A28, 0x3A48, 0x3A28, 0x4289, 0x29E6, 0x3A68, 0x3227, 0x3207, 
0x3207, 0x3A48, 0x3A28, 0x3227, 0x31E7, 0x3A48, 0x31E7, 0x31E7, 
0x31E7, 0x3A28, 0x31E7, 0x29A6, 0x31E7, 0x31E7, 0x3A07, 0x31E7, 
0x31E7, 0x2986, 0x3A07, 0x31A6, 0x31E7, 0x31C7, 0x31A6, 0x31C6, 
0x31C6, 0x31C6, 0x31C6, 0x31A6, 0x31C6, 0x29A6, 0x29A6, 0x29A6, 
0x29A6, 0x29A6, 0x29A6, 0x2985, 0x2985, 0x2986, 0x2986, 0x2985, 
0x4B0B, 0x4B0B, 0x4B0B, 0x4B0B, 0x4B2B, 0x4B2B, 0x4B2B, 0x4B2B, 
0x4B2B, 0x4B2B, 0x4B2B, 0x4B2B, 0x4B2B, 0x4B2B, 0x4B2B, 0x4B2B, 
0x532B, 0x4B2B, 0x4B4B, 0x534C, 0x4B2B, 0x4B2B, 0x534C, 0x4B0B, 
0x532C, 0x534C, 0x534C, 0x532B, 0x4B0B, 0x532C, 0x4B0B, 0x532C, 
0x532B, 0x532B, 0x532C, 0x530B, 0x530B, 0x532B, 0x532B, 0x532B, 
0x4B2B, 0x536C, 0x4B4B, 0x4B2A, 0x4B4B, 0x4B2B, 0x536D, 0x4B2C, 
0x4B4C, 0x4B4B, 0x4B4C, 0x432B, 0x63D0, 0x63B1, 0x320D, 0x5370, 
0x63D2, 0x3A6E, 0x7C76, 0x42AE, 0x5B70, 0x6BF4, 0x29AB, 0x426F, 
0x39EE, 0x428E, 0x42CD, 0x53F0, 0x5C31, 0x6451, 0x5BF1, 0x5371, 
0x42AF, 0x4AF0, 0x5BF0, 0x6471, 0x5C51, 0x5C52, 0x5410, 0x5C71, 
0x5C51, 0x5C51, 0x5C31, 0x5C31, 0x6452, 0x5C51, 0x6451, 0x5430, 
0x5C51, 0x6432, 0x5C32, 0x5C32, 0x6432, 0x6432, 0x5C52, 0x7D56, 
0x7516, 0x6473, 0x5C32, 0x6473, 0x6494, 0x5C74, 0x4C13, 0x6475, 
0x5C75, 0x5CB6, 0x5C75, 0x5C35, 0x53B3, 0x7C96, 0x7475, 0x63D3, 
0x6BF3, 0x63D2, 0x6BD2, 0x4390, 0x32AC, 0x42CD, 0x326C, 0x3A8C, 
0x424C, 0x42CD, 0x4B30, 0x4B31, 0x4B51, 0x6C12, 0x63B0, 0x8517, 
0x6414, 0x6434, 0x5C15, 0x6458, 0x6437, 0x4B2F, 0x29C8, 0x426D, 
0x4AB0, 0x5330, 0x4371, 0x53F5, 0x53F5, 0x6436, 0x5BF5, 0x5BF5, 
0x53B5, 0x5C34, 0x5BF6, 0x5BD6, 0x53B4, 0x53D5, 0x5BD5, 0x5BD5, 
0x5394, 0x5395, 0x5BB5, 0x5BB5, 0x5394, 0x4B73, 0x53B4, 0x5393, 
0x5BB4, 0x4B53, 0x4B33, 0x7498, 0x5BB3, 0x42F2, 0x5B94, 0x7414, 
0x52B1, 0x4AF2, 0x7455, 0x6BD3, 0x31CF, 0x4AB2, 0x4A8F, 0x424C, 
0x3A69, 0x4287, 0x3A48, 0x4269, 0x4288, 0x4268, 0x3A48, 0x4269, 
0x3A28, 0x3A68, 0x3A48, 0x4289, 0x31E7, 0x4268, 0x3A28, 0x3A28, 
0x3A28, 0x3A28, 0x3A28, 0x3207, 0x3A48, 0x3207, 0x3A28, 0x3207, 
0x3A48, 0x3207, 0x3A28, 0x3207, 0x3227, 0x3207, 0x3A48, 0x3207, 
0x3207, 0x31E7, 0x3207, 0x31E7, 0x31C6, 0x3A07, 0x29C6, 0x31E7, 
0x31C6, 0x39E7, 0x29A6, 0x31E7, 0x31C6, 0x31C6, 0x31C7, 0x31C6, 
0x31C6, 0x31C6, 0x31A6, 0x31A6, 0x31A6, 0x29A6, 0x29A6, 0x29A6, 
0x29A6, 0x29A6, 0x29A6, 0x2986, 0x2986, 0x2986, 0x2985, 0x2985, 
0x4B0B, 0x4B0B, 0x4B0B, 0x4B0B, 0x4B0B, 0x4B0B, 0x4B0B, 0x4B2B, 
0x4B0B, 0x4B0B, 0x4B0B, 0x4B0B, 0x4B0B, 0x532B, 0x532B, 0x532B, 
0x532B, 0x532B, 0x532B, 0x4B2B, 0x4B2B, 0x4B2B, 0x532B, 0x532B, 
0x532B, 0x4B2B, 0x4B2B, 0x532B, 0x532B, 0x4B2B, 0x532B, 0x532B, 
0x532B, 0x532B, 0x532B, 0x532B, 0x532B, 0x532B, 0x532B, 0x532B, 
0x532B, 0x532B, 0x532B, 0x532B, 0x532B, 0x532B, 0x532B, 0x532B, 
0x532B, 0x4B2B, 0x534B, 0x4B0A, 0x5B4D, 0x63B1, 0x5B32, 0x324C, 
0x3A6D, 0x84B6, 0x3A4D, 0x7433, 0x6BF2, 0x41EE, 0x3A0D, 0x3A6D, 
0x7C54, 0x52F0, 0x420E, 0x436F, 0x53F1, 0x6432, 0x4B51, 0x4AF0, 
0x4AB0, 0x5430, 0x5C51, 0x6451, 0x5C31, 0x5410, 0x5C31, 0x5C51, 
0x5C31, 0x5430, 0x5C31, 0x5C51, 0x5C52, 0x5C31, 0x5C31, 0x5C52, 
0x6472, 0x5C52, 0x5C31, 0x5C52, 0x6473, 0x5C52, 0x5452, 0x7516, 
0x7557, 0x5C33, 0x5C73, 0x6474, 0x5C33, 0x5C33, 0x5C54, 0x5C74, 
0x6474, 0x5C54, 0x5C54, 0x5C54, 0x5434, 0x5C34, 0x53B2, 0x63F3, 
0x7434, 0x42CF, 0x9599, 0x4B6F, 0x4B6F, 0x3ACD, 0x2A2B, 0x322B, 
0x3A6C, 0x42CE, 0x4B30, 0x4B30, 0x7475, 0x5BB3, 0x5BF4, 0x5B70, 
0x4330, 0x5C35, 0x5C36, 0x5C56, 0x5C35, 0x530F, 0x19C8, 0x42AE, 
0x42CF, 0x4330, 0x4B73, 0x53D4, 0x5C16, 0x6436, 0x5BF5, 0x5BD5, 
0x5BF5, 0x5BF5, 0x53D5, 0x53B4, 0x5BD5, 0x5BD5, 0x53B4, 0x53B5, 
0x5394, 0x5BD5, 0x5394, 0x5394, 0x5394, 0x5374, 0x5394, 0x4B33, 
0x7478, 0x7457, 0x42B1, 0x7456, 0x7436, 0x63B4, 0x3A6F, 0x4AD1, 
0x7416, 0x4291, 0x6373, 0x5B52, 0x4250, 0x4AB1, 0x322C, 0x4288, 
0x4269, 0x4269, 0x4269, 0x4268, 0x4268, 0x3A48, 0x4268, 0x3A48, 
0x3A48, 0x3A48, 0x3A48, 0x3A48, 0x3A48, 0x3A48, 0x3A48, 0x3A48, 
0x3A48, 0x3A28, 0x3A28, 0x3A28, 0x3A28, 0x3A28, 0x3A28, 0x3A07, 
0x3A07, 0x3A07, 0x3207, 0x3A07, 0x3A07, 0x3207, 0x3207, 0x31E7, 
0x39E7, 0x39E7, 0x39E7, 0x31E7, 0x31E7, 0x31E7, 0x31E7, 0x31E7, 
0x31E7, 0x31C6, 0x31C7, 0x31C6, 0x31C6, 0x31C6, 0x31C6, 0x31A6, 
0x31A6, 0x31A6, 0x31A6, 0x29A6, 0x29A6, 0x31A6, 0x31A6, 0x2986, 
0x2986, 0x2986, 0x2985, 0x2986, 0x2986, 0x2986, 0x2985, 0x2985, 
0x4B0B, 0x4B0B, 0x4B0B, 0x4B0B, 0x4B0B, 0x4B0B, 0x4B0B, 0x4B2B, 
0x4B2B, 0x4B2B, 0x4B2B, 0x4B2B, 0x4B0B, 0x4B2B, 0x4B2B, 0x4B2B, 
0x4B2B, 0x4B2B, 0x4B2B, 0x4B0B, 0x4B2B, 0x4B2B, 0x4B2B, 0x532B, 
0x532B, 0x4B2B, 0x4B2B, 0x4B2B, 0x4B2B, 0x532B, 0x4B2B, 0x4B2B, 
0x4B2B, 0x4B2B, 0x4B2B, 0x4B2B, 0x532B, 0x4B2B, 0x4B2B, 0x4B2B, 
0x4B2B, 0x4B2B, 0x4B2B, 0x532B, 0x4B2B, 0x4B2B, 0x4B2B, 0x4B2B, 
0x532B, 0x4B0C, 0x4B2B, 0x4B2A, 0x4B0B, 0x534D, 0x63B0, 0x5B92, 
0x4AF0, 0x42AF, 0x7434, 0x5B50, 0x42AD, 0x3A2D, 0x322D, 0x7434, 
0x6392, 0x3A6E, 0x31EE, 0x42AE, 0x4AEF, 0x5371, 0x432F, 0x3ACE, 
0x53B2, 0x5C51, 0x5C31, 0x5C31, 0x5C31, 0x5C31, 0x5C51, 0x5C51, 
0x5430, 0x5C31, 0x5C51, 0x5C51, 0x5C31, 0x5C31, 0x5C51, 0x5C52, 
0x5C52, 0x5C52, 0x5C52, 0x6452, 0x5C52, 0x5C32, 0x5C32, 0x7516, 
0x7557, 0x5C53, 0x5C53, 0x5C53, 0x5C33, 0x5C33, 0x6474, 0x6474, 
0x5C54, 0x5C54, 0x5C75, 0x6475, 0x6475, 0x6454, 0x6434, 0x4B30, 
0x63B3, 0x7455, 0x5BB2, 0x2A4B, 0x5BD1, 0x4B4F, 0x2A2B, 0x3A8C, 
0x42AD, 0x42EE, 0x42CE, 0x42CE, 0x5372, 0x6C35, 0x5393, 0x6BF3, 
0x7C96, 0x74B7, 0x6456, 0x5415, 0x5C36, 0x4AEE, 0x21C9, 0x42CE, 
0x42CF, 0x4330, 0x4B73, 0x53F5, 0x5BF5, 0x5C15, 0x53F5, 0x5BD5, 
0x5BF5, 0x5BF5, 0x53D5, 0x53D5, 0x5BD5, 0x5BD5, 0x53B4, 0x53B4, 
0x5394, 0x5BB5, 0x5374, 0x5374, 0x5B94, 0x5394, 0x4B53, 0x42F2, 
0x5B74, 0x7457, 0x6C16, 0x4290, 0x7436, 0x6BF5, 0x3A6F, 0x4AD1, 
0x52F2, 0x7C75, 0x3A50, 0x4252, 0x4A90, 0x3A2B, 0x4289, 0x4268, 
0x4269, 0x4269, 0x4268, 0x4268, 0x4268, 0x4268, 0x3A48, 0x3A48, 
0x3A48, 0x3A48, 0x3A48, 0x3A48, 0x3A48, 0x3A48, 0x3A48, 0x3A28, 
0x3A48, 0x3A28, 0x3A28, 0x3A28, 0x3A28, 0x3A28, 0x3A28, 0x3A07, 
0x3A28, 0x3207, 0x3A07, 0x3A07, 0x3207, 0x3207, 0x3207, 0x3207, 
0x39E7, 0x39E7, 0x39E7, 0x31E7, 0x31E7, 0x31E7, 0x31E7, 0x31C7, 
0x31E7, 0x31C6, 0x31C7, 0x31C7, 0x31C6, 0x31C6, 0x31C6, 0x31A6, 
0x31C6, 0x31C6, 0x29A6, 0x31A6, 0x31A6, 0x31A6, 0x31A6, 0x29A6, 
0x2986, 0x2986, 0x2985, 0x2986, 0x2986, 0x2985, 0x2985, 0x2985, 
0x4B0B, 0x4B0B, 0x4B0B, 0x4B0B, 0x4B0B, 0x4B0B, 0x4B0B, 0x4B0B, 
0x4B0B, 0x4B0B, 0x4B0B, 0x4B0B, 0x4B0B, 0x4B0B, 0x4B0B, 0x4B0B, 
0x4B0B, 0x4B0B, 0x4B0B, 0x4B0B, 0x4B0B, 0x4B0B, 0x4B0B, 0x4B2B, 
0x4B2B, 0x4B0B, 0x4B0B, 0x4B2B, 0x4B2B, 0x4B2B, 0x4B2B, 0x4B2B, 
0x4B2B, 0x4B2B, 0x4B2B, 0x4B2B, 0x4B2B, 0x4B2B, 0x4B2B, 0x4B2B, 
0x4B2B, 0x4B2B, 0x4B2B, 0x4B2B, 0x4B2B, 0x4B2B, 0x4B2B, 0x4B2B, 
0x4B2B, 0x532C, 0x4B2B, 0x534B, 0x532B, 0x4B2B, 0x532B, 0x63D2, 
0x7413, 0x3A6E, 0x5310, 0x428E, 0x3A2C, 0x324C, 0x6BD2, 0x6392, 
0x29ED, 0x6BD4, 0x42B0, 0x31AC, 0x39ED, 0x31ED, 0x42EF, 0x5C32, 
0x5451, 0x5C51, 0x5C31, 0x5410, 0x5C31, 0x5C31, 0x5C31, 0x5430, 
0x5C30, 0x5C31, 0x5C51, 0x5C31, 0x5C31, 0x5C31, 0x5C51, 0x5C51, 
0x5431, 0x5C32, 0x5C52, 0x6452, 0x5C32, 0x5C52, 0x5C53, 0x6D16, 
0x7536, 0x6474, 0x5C53, 0x5C33, 0x5C53, 0x5C54, 0x6474, 0x5C54, 
0x5C54, 0x5C54, 0x6475, 0x6475, 0x6475, 0x5C34, 0x5C34, 0x53D3, 
0x5BD3, 0x7CD6, 0x5392, 0x6C32, 0x2A2B, 0x42EE, 0x4B4F, 0x42CD, 
0x3A8C, 0x3AAD, 0x42CE, 0x430F, 0x5392, 0x5392, 0x6C55, 0x5B92, 
0x53B2, 0x7496, 0x4B72, 0x6435, 0x5C36, 0x42AD, 0x21E9, 0x42AE, 
0x42CF, 0x4330, 0x53B4, 0x53F5, 0x5BF5, 0x5BF5, 0x5BF5, 0x5BF5, 
0x5BF5, 0x53D5, 0x53D5, 0x53D5, 0x5BD5, 0x53B5, 0x53B4, 0x53B5, 
0x5374, 0x5394, 0x5394, 0x5374, 0x5354, 0x5373, 0x7498, 0x5373, 
0x42D1, 0x5B73, 0x6BF6, 0x7436, 0x324F, 0x5332, 0x7416, 0x4AF1, 
0x52F1, 0x4AB0, 0x4A92, 0x39F0, 0x3A2A, 0x4289, 0x3A68, 0x4269, 
0x4268, 0x4268, 0x4268, 0x4268, 0x3A48, 0x3A48, 0x3A48, 0x3A48, 
0x3A48, 0x3A48, 0x3A48, 0x3A48, 0x3A48, 0x3A48, 0x3A28, 0x3A48, 
0x3A28, 0x3A28, 0x3A28, 0x3A28, 0x3A28, 0x3A28, 0x3227, 0x3A07, 
0x3207, 0x3A07, 0x3207, 0x3207, 0x3207, 0x3207, 0x3207, 0x3207, 
0x31E7, 0x39E7, 0x39E7, 0x31E7, 0x31E7, 0x31E7, 0x31C7, 0x31E7, 
0x31C7, 0x31C7, 0x31C6, 0x31C6, 0x31C6, 0x31C6, 0x31C6, 0x31A6, 
0x31A6, 0x29A6, 0x31A6, 0x29A6, 0x29A6, 0x29A6, 0x2986, 0x2986, 
0x2986, 0x2985, 0x2985, 0x2985, 0x2986, 0x2985, 0x2985, 0x2985, 
0x4AEA, 0x4B0B, 0x4B0B, 0x4B0B, 0x4B0B, 0x4B0B, 0x4B0B, 0x4B0B, 
0x4B0B, 0x4B0B, 0x4B0B, 0x4B0B, 0x4B0B, 0x4B0B, 0x4B0B, 0x4B0B, 
0x4B0B, 0x4B0B, 0x4B0B, 0x4B0B, 0x4B0B, 0x4B0B, 0x4B0B, 0x4B0B, 
0x4B0B, 0x4B0B, 0x4B0B, 0x4B2B, 0x4B0B, 0x4B2B, 0x4B2B, 0x4B2B, 
0x4B2B, 0x4B2B, 0x4B2B, 0x4B2B, 0x4B2B, 0x532B, 0x532B, 0x532B, 
0x532B, 0x532B, 0x532B, 0x4B2B, 0x4B2B, 0x4B2B, 0x4B2B, 0x4B2B, 
0x4B2B, 0x4B0B, 0x532B, 0x4B2B, 0x4B2B, 0x532B, 0x4B0A, 0x4B0D, 
0x63B0, 0x5350, 0x3A2D, 0x3A4D, 0x426E, 0x5B71, 0x6392, 0x29AC, 
0x31ED, 0x4290, 0x3A4F, 0x420D, 0x4A6F, 0x422E, 0x4AEF, 0x5BF0, 
0x5C71, 0x5410, 0x5410, 0x5C31, 0x5C31, 0x5C31, 0x5410, 0x5410, 
0x5C51, 0x5C51, 0x5431, 0x5431, 0x5C31, 0x5C31, 0x5C31, 0x5C31, 
0x5411, 0x5C31, 0x5C52, 0x5C32, 0x5C32, 0x5C52, 0x5C33, 0x6CF5, 
0x7557, 0x6494, 0x5C33, 0x5433, 0x5C54, 0x5C54, 0x5C53, 0x5433, 
0x5C54, 0x5C54, 0x5C75, 0x5C54, 0x5C34, 0x5C34, 0x5C55, 0x6475, 
0x53D3, 0x6434, 0x4310, 0x4B2F, 0x3A8D, 0x4B0E, 0x42CD, 0x4B2F, 
0x5B90, 0x328D, 0x42CE, 0x4B30, 0x4B51, 0x4331, 0x5C14, 0x6C35, 
0x6C35, 0x4B31, 0x7496, 0x6C56, 0x53F5, 0x3A8D, 0x21E9, 0x42AE, 
0x42AF, 0x4B30, 0x53B4, 0x53D5, 0x53F5, 0x5C15, 0x5BF5, 0x5BD5, 
0x53D5, 0x53D5, 0x53D5, 0x53D5, 0x53D5, 0x53B4, 0x5394, 0x53B4, 
0x5394, 0x5394, 0x5394, 0x5394, 0x5BD5, 0x4B53, 0x6C16, 0x7456, 
0x4B12, 0x42B0, 0x5B53, 0x63B4, 0x5332, 0x4290, 0x6394, 0x8477, 
0x4290, 0x3A10, 0x4270, 0x3A4C, 0x3A67, 0x4288, 0x426A, 0x4268, 
0x4268, 0x4268, 0x3A48, 0x4268, 0x3A48, 0x3A48, 0x3A48, 0x3A48, 
0x3A48, 0x3A48, 0x3A48, 0x3A48, 0x3A48, 0x3A28, 0x3A48, 0x3A28, 
0x3A28, 0x3A28, 0x3A28, 0x3A28, 0x3A28, 0x3227, 0x3A28, 0x3207, 
0x3A07, 0x3207, 0x3207, 0x3207, 0x3207, 0x3207, 0x3207, 0x31E7, 
0x31E7, 0x39E7, 0x31E7, 0x31E7, 0x31E7, 0x31C7, 0x31E7, 0x31C7, 
0x31C6, 0x31C6, 0x31C6, 0x31C6, 0x31C6, 0x31C6, 0x31C6, 0x31A6, 
0x29A6, 0x31A6, 0x29A6, 0x29A6, 0x29A6, 0x2986, 0x29A6, 0x2986, 
0x2986, 0x2986, 0x2985, 0x2986, 0x2986, 0x2985, 0x2965, 0x2985, 
0x4B0B, 0x4B0B, 0x4B0B, 0x4B0B, 0x4B0B, 0x4B0B, 0x4AEA, 0x4B0B, 
0x4B0B, 0x4B0B, 0x4B0B, 0x4B0B, 0x4B0B, 0x4B0B, 0x4B0B, 0x4B0B, 
0x4B0B, 0x4B0B, 0x4B0B, 0x4B0B, 0x4B0B, 0x4B0B, 0x4B0B, 0x4B0B, 
0x4B0B, 0x4B0B, 0x4B0B, 0x4B0B, 0x4B0B, 0x4B2B, 0x4B0B, 0x4B0B, 
0x4B0B, 0x4B0B, 0x4B0B, 0x4B0B, 0x4B0B, 0x4B2B, 0x4B2B, 0x4B2B, 
0x4B2B, 0x4B2B, 0x4B2B, 0x4B0B, 0x4B0B, 0x4B0B, 0x4B0B, 0x4B0B, 
0x4B2B, 0x4B0A, 0x4B2B, 0x4B0B, 0x4B0B, 0x532B, 0x4B2B, 0x4B2A, 
0x4B2C, 0x5BB0, 0x5B71, 0x320D, 0x4AD0, 0x6BF4, 0x31CD, 0x41EE, 
0x39AD, 0x3A0E, 0x31EC, 0x4AEF, 0x7C56, 0x39ED, 0x424E, 0x5390, 
0x5BEF, 0x5410, 0x5410, 0x5C31, 0x5C31, 0x5410, 0x5410, 0x5430, 
0x5C31, 0x5C31, 0x5410, 0x5431, 0x5C31, 0x5C31, 0x5C31, 0x5C31, 
0x5C32, 0x5C32, 0x5C31, 0x5C32, 0x5C32, 0x5C53, 0x5412, 0x64B5, 
0x7D77, 0x6474, 0x5C33, 0x5C33, 0x5C54, 0x5C33, 0x5433, 0x5C33, 
0x5C54, 0x5C54, 0x5C54, 0x5C34, 0x5C34, 0x6496, 0x5C55, 0x64B6, 
0x5C54, 0x53F3, 0x6414, 0x326C, 0x63F2, 0x326C, 0x3AAD, 0x42ED, 
0x430E, 0x4B30, 0x4330, 0x4B50, 0x4B51, 0x4B72, 0x5392, 0x5BD4, 
0x5BD3, 0x63D3, 0x63D3, 0x6C76, 0x53B4, 0x324C, 0x21E9, 0x42AE, 
0x42CF, 0x4B50, 0x5394, 0x53D5, 0x5BF5, 0x5C15, 0x5BF5, 0x53D5, 
0x53D5, 0x53D5, 0x53D5, 0x53D5, 0x53B4, 0x53B4, 0x53B4, 0x5BD5, 
0x5394, 0x4B73, 0x5374, 0x5374, 0x63D6, 0x84D8, 0x42D1, 0x7C77, 
0x6C16, 0x4AF1, 0x4AB0, 0x42B0, 0x7C77, 0x5312, 0x5312, 0x52F2, 
0x4AB0, 0x4A90, 0x320B, 0x3A68, 0x4288, 0x3A48, 0x3A4A, 0x4268, 
0x4268, 0x4268, 0x3A48, 0x3A48, 0x3A48, 0x3A48, 0x3A48, 0x3A48, 
0x3A48, 0x3A48, 0x3A48, 0x3A48, 0x3A28, 0x3A48, 0x3A48, 0x3A28, 
0x3A28, 0x3A28, 0x3A28, 0x3A28, 0x3227, 0x3A28, 0x3A28, 0x3A07, 
0x3A07, 0x3207, 0x3207, 0x3207, 0x31E7, 0x3207, 0x3207, 0x31E7, 
0x31E7, 0x31E7, 0x31C7, 0x31E7, 0x31C7, 0x31E7, 0x31E7, 0x31C6, 
0x31C7, 0x31C6, 0x31C6, 0x31C6, 0x31C6, 0x31C6, 0x31C6, 0x29A6, 
0x31A6, 0x31A6, 0x29A6, 0x29A6, 0x29A6, 0x2986, 0x29A6, 0x2986, 
0x2985, 0x2986, 0x2985, 0x2986, 0x2985, 0x2985, 0x2985, 0x2965, 
0x4AEA, 0x4AEA, 0x4AEA, 0x4AEA, 0x4AEA, 0x4B0B, 0x4AEA, 0x4B0B, 
0x4B0B, 0x4B0B, 0x4B0B, 0x4B0B, 0x4B0B, 0x4B0B, 0x4B0B, 0x4B0B, 
0x4B0B, 0x4B0B, 0x4B0B, 0x4B0B, 0x4B0B, 0x4B0B, 0x4B0B, 0x4B0B, 
0x4B0B, 0x4B0B, 0x4B0B, 0x4B0B, 0x4B0B, 0x4B0B, 0x4B2B, 0x4B0B, 
0x4B0B, 0x4B0B, 0x4B0B, 0x4B0B, 0x4B0B, 0x4B0B, 0x4B0B, 0x4B0B, 
0x4B0B, 0x4B0B, 0x4B0B, 0x4B0B, 0x4B0B, 0x4B0B, 0x4B0B, 0x4B0B, 
0x4B0B, 0x4B2B, 0x4B0B, 0x4B0B, 0x532C, 0x4B0B, 0x4B0B, 0x4309, 
0x4B2B, 0x4B0C, 0x5B70, 0x5B51, 0x428F, 0x29AC, 0x39ED, 0x41EE, 
0x39ED, 0x31EC, 0x530F, 0x7CB6, 0x29CC, 0x39ED, 0x39ED, 0x424D, 
0x4B0E, 0x5411, 0x5C31, 0x5430, 0x5410, 0x5C11, 0x5C31, 0x5C31, 
0x5C30, 0x5410, 0x5C31, 0x5C31, 0x5C31, 0x5431, 0x5C31, 0x5C32, 
0x5C52, 0x5C32, 0x5411, 0x5C32, 0x5C32, 0x5C32, 0x4BF1, 0x64B4, 
0x7D98, 0x5C53, 0x5C53, 0x5C53, 0x5C33, 0x5433, 0x5433, 0x5C54, 
0x5C54, 0x5C54, 0x5434, 0x5C34, 0x5C55, 0x5C35, 0x5C75, 0x5434, 
0x5454, 0x6455, 0x5C14, 0x42AD, 0x3AAD, 0x21CA, 0x5390, 0x2A2A, 
0x534F, 0x5391, 0x53B1, 0x4330, 0x4310, 0x4B92, 0x5392, 0x53B3, 
0x6C55, 0x6C14, 0x6C14, 0x5372, 0x6435, 0x322B, 0x21E9, 0x42AE, 
0x42F0, 0x4B51, 0x4B73, 0x53F5, 0x5BF5, 0x5BF5, 0x53D5, 0x53D5, 
0x5BD5, 0x53D5, 0x53D5, 0x53B4, 0x53B4, 0x53B4, 0x53B4, 0x4B74, 
0x5394, 0x5394, 0x5BD5, 0x5BD5, 0x4312, 0x5BB4, 0x7CB8, 0x42D0, 
0x7C97, 0x6BF4, 0x428F, 0x4290, 0x428F, 0x8497, 0x4AB1, 0x4AD1, 
0x4290, 0x3A2B, 0x4269, 0x3A68, 0x3A49, 0x428A, 0x3A48, 0x3A48, 
0x3A48, 0x3A48, 0x3A48, 0x3A48, 0x3A48, 0x3A48, 0x3A48, 0x3A48, 
0x3A48, 0x3A48, 0x3A48, 0x3A28, 0x3A28, 0x3A28, 0x3A28, 0x3A28, 
0x3A28, 0x3A28, 0x3A28, 0x3A27, 0x3227, 0x3A27, 0x3A27, 0x3207, 
0x3207, 0x3207, 0x3207, 0x3207, 0x31E7, 0x3207, 0x31E7, 0x31E7, 
0x31E7, 0x31E7, 0x31C7, 0x31C7, 0x31C7, 0x31C7, 0x31C6, 0x31C6, 
0x31C6, 0x31C6, 0x31C6, 0x31C6, 0x31C6, 0x31C6, 0x31C6, 0x29A6, 
0x31A6, 0x29A6, 0x29A6, 0x29A6, 0x29A6, 0x2986, 0x2986, 0x2986, 
0x2985, 0x2986, 0x2985, 0x2985, 0x2985, 0x2965, 0x2965, 0x2965, 
0x4AEA, 0x42EA, 0x4AEA, 0x4AEA, 0x4AEA, 0x4AEA, 0x4AEA, 0x4AEA, 
0x4AEA, 0x4AEA, 0x4AEA, 0x4AEA, 0x4B0B, 0x4B0B, 0x4B0B, 0x4B0B, 
0x4B0B, 0x4B0B, 0x4B0B, 0x4B0B, 0x4B0B, 0x4B0B, 0x4B0B, 0x4B0B, 
0x4B0B, 0x4B0B, 0x4B0B, 0x4B0B, 0x4B0B, 0x4B0B, 0x4B0B, 0x4B0B, 
0x4B0B, 0x4B0B, 0x4B0B, 0x4B0B, 0x4B0B, 0x4B0B, 0x4B0B, 0x4B0B, 
0x4B0B, 0x4B0B, 0x4B0B, 0x4B0B, 0x4B0B, 0x4B0B, 0x4B0B, 0x4B0B, 
0x4B0B, 0x4B0B, 0x4B0B, 0x4B0B, 0x4B0B, 0x4B0B, 0x4B0B, 0x4B0B, 
0x4B2B, 0x4AEA, 0x532C, 0x5B70, 0x5B31, 0x426E, 0x3A0D, 0x3A0D, 
0x3A4D, 0x5350, 0x63B1, 0x4A6F, 0x31AC, 0x39ED, 0x3A0D, 0x3A0D, 
0x424F, 0x5370, 0x5BF1, 0x53F0, 0x5430, 0x5C31, 0x6412, 0x5C11, 
0x5C11, 0x5C11, 0x5C31, 0x5C31, 0x5411, 0x5431, 0x5C32, 0x5C32, 
0x5431, 0x5431, 0x5C32, 0x5C32, 0x5C32, 0x5C12, 0x5412, 0x64B4, 
0x7D77, 0x6494, 0x5C53, 0x5C33, 0x5413, 0x5C33, 0x5C33, 0x5C33, 
0x5C33, 0x5C33, 0x5C34, 0x5C54, 0x5C34, 0x6455, 0x5C34, 0x5C34, 
0x5C34, 0x6455, 0x5C34, 0x42EE, 0x42CD, 0x3A8C, 0x326B, 0x4B0E, 
0x42CE, 0x3ACD, 0x53B1, 0x5BD2, 0x5392, 0x5392, 0x4B71, 0x5393, 
0x5393, 0x5BD4, 0x5BD4, 0x63F3, 0x5BD3, 0x3229, 0x29EA, 0x42CE, 
0x42EF, 0x4332, 0x4B73, 0x5BF5, 0x53D5, 0x53B4, 0x5BD5, 0x5BF5, 
0x5BD5, 0x53B5, 0x53B4, 0x5394, 0x5BB5, 0x5394, 0x5374, 0x53B5, 
0x5394, 0x4B53, 0x4B52, 0x7456, 0x63D4, 0x4AF2, 0x6BF5, 0x84B8, 
0x3A4E, 0x63D3, 0x63D3, 0x4AB1, 0x4AD0, 0x4A90, 0x4A71, 0x52B1, 
0x3A2C, 0x4268, 0x4268, 0x4268, 0x4268, 0x3A48, 0x4268, 0x3A48, 
0x3A48, 0x3A48, 0x3A48, 0x3A48, 0x3A48, 0x3A48, 0x3A48, 0x3A48, 
0x3A48, 0x3A48, 0x3A28, 0x3A28, 0x3A28, 0x3A28, 0x3A28, 0x3A28, 
0x3A28, 0x3A07, 0x3A07, 0x3A07, 0x3207, 0x3A07, 0x3A07, 0x3207, 
0x3207, 0x31E7, 0x31E7, 0x3207, 0x31E7, 0x31E7, 0x31E7, 0x31E7, 
0x31E7, 0x31E7, 0x31E7, 0x31C6, 0x31C6, 0x31C6, 0x31C6, 0x31C6, 
0x31C6, 0x31C6, 0x31C6, 0x31C6, 0x31A6, 0x31A6, 0x31C6, 0x29A6, 
0x31A6, 0x29A6, 0x2986, 0x2986, 0x29A6, 0x2986, 0x2986, 0x2985, 
0x2986, 0x2986, 0x2985, 0x2985, 0x2965, 0x2965, 0x2965, 0x2165, 
0x4ACA, 0x42EA, 0x4AEA, 0x4AEA, 0x4AEA, 0x4AEA, 0x4AEA, 0x4AEA, 
0x4AEA, 0x4AEA, 0x4AEA, 0x4B0B, 0x4B0B, 0x4AEA, 0x4AEA, 0x4AEA, 
0x4AEA, 0x4AEA, 0x4AEA, 0x4B0B, 0x4B0B, 0x4B0B, 0x4B0B, 0x4B0B, 
0x4B0B, 0x4B0B, 0x4B0B, 0x4B0B, 0x4B0B, 0x4B0B, 0x4B0B, 0x4B0B, 
0x4B0B, 0x4B0B, 0x4B0B, 0x4B0B, 0x4B0B, 0x4B0B, 0x4B0B, 0x4B0B, 
0x4B0B, 0x4B0B, 0x4B0B, 0x4B0B, 0x4B0B, 0x4B0B, 0x4B0B, 0x4B0B, 
0x4B0B, 0x4B0B, 0x4B0B, 0x4B0B, 0x4B0B, 0x4B0B, 0x4B0B, 0x4B0B, 
0x4B0B, 0x4B2A, 0x4AEB, 0x4B0D, 0x5B8F, 0x5B11, 0x424E, 0x3A0D, 
0x5B52, 0x7414, 0x42CE, 0x318C, 0x420D, 0x39ED, 0x31CD, 0x3A0D, 
0x31CC, 0x3A6D, 0x4B2F, 0x53D0, 0x5C31, 0x53F1, 0x5C32, 0x53F0, 
0x5BF0, 0x5C11, 0x5C11, 0x5411, 0x5410, 0x5C32, 0x5431, 0x5411, 
0x5C31, 0x5C31, 0x5C32, 0x5C32, 0x5C11, 0x5C12, 0x5C32, 0x6494, 
0x7557, 0x6494, 0x5C33, 0x5433, 0x5C33, 0x5C53, 0x5C53, 0x5413, 
0x5C33, 0x5C34, 0x5C54, 0x5C54, 0x5C54, 0x5C34, 0x5C34, 0x5C55, 
0x5C55, 0x5C55, 0x5434, 0x42CE, 0x42CE, 0x3AAC, 0x3AAC, 0x3AAD, 
0x29EA, 0x6C33, 0x2A4C, 0x6C33, 0x6434, 0x4B71, 0x4B71, 0x5393, 
0x53B3, 0x53B3, 0x6C35, 0x6C55, 0x5392, 0x29C8, 0x322B, 0x42AE, 
0x3ACF, 0x4B72, 0x53B4, 0x53D5, 0x53D5, 0x5BF5, 0x5BF5, 0x5BD5, 
0x5BD5, 0x53B4, 0x53D5, 0x5BB5, 0x53B4, 0x5394, 0x5394, 0x4B94, 
0x53B4, 0x5BD5, 0x4B32, 0x5353, 0x957A, 0x4AF2, 0x42B0, 0x63D4, 
0x5B52, 0x5311, 0x63B3, 0x73F4, 0x4AB1, 0x4231, 0x3A0F, 0x3A4B, 
0x3A49, 0x4268, 0x4268, 0x4268, 0x3A48, 0x4268, 0x4268, 0x3A48, 
0x3A48, 0x3A48, 0x3A48, 0x3A48, 0x3A48, 0x3A48, 0x3A48, 0x3A48, 
0x3A48, 0x3A28, 0x3A48, 0x3A28, 0x3A28, 0x3A28, 0x3A28, 0x3A28, 
0x3A28, 0x3A07, 0x3A28, 0x3207, 0x3A07, 0x3A07, 0x3207, 0x3207, 
0x3207, 0x31E7, 0x3207, 0x3207, 0x31E7, 0x31E7, 0x31E7, 0x31E7, 
0x31E7, 0x31C7, 0x31E7, 0x31C6, 0x31C7, 0x31C7, 0x31C6, 0x31C6, 
0x31C6, 0x31C6, 0x31C6, 0x31A6, 0x31C6, 0x31C6, 0x31A6, 0x31A6, 
0x31A6, 0x2986, 0x29A6, 0x29A6, 0x2986, 0x2986, 0x2986, 0x2985, 
0x2986, 0x2986, 0x2985, 0x2965, 0x2985, 0x2965, 0x2965, 0x2165, 
0x42CA, 0x42EA, 0x42EA, 0x42EA, 0x42EA, 0x42EA, 0x42EA, 0x42EA, 
0x42EA, 0x42EA, 0x42EA, 0x4AEA, 0x4AEA, 0x4AEA, 0x4AEA, 0x4AEA, 
0x4AEA, 0x4AEA, 0x4AEA, 0x4AEA, 0x4AEA, 0x4AEA, 0x4AEA, 0x4AEA, 
0x4AEA, 0x4AEA, 0x4B0B, 0x4B0B, 0x4B0B, 0x4B0B, 0x4B0B, 0x4B0B, 
0x4B0B, 0x4B0B, 0x4B0B, 0x4B0B, 0x4B0B, 0x4B0B, 0x4B0B, 0x4B0B, 
0x4B0B, 0x4B0B, 0x4B0B, 0x4B0B, 0x4B0B, 0x4B0B, 0x4B0B, 0x4B0B, 
0x4B0B, 0x4B0B, 0x4B0B, 0x4B0B, 0x4B0B, 0x4B0B, 0x4B0B, 0x4B0C, 
0x4B0B, 0x4B2B, 0x532A, 0x4B0A, 0x4B0A, 0x5330, 0x5B50, 0x320C, 
0x5B52, 0x5311, 0x42AF, 0x422E, 0x39ED, 0x31CC, 0x424E, 0x29AC, 
0x4AB0, 0x5B30, 0x3A2C, 0x532F, 0x53B1, 0x5C31, 0x4BF0, 0x5BF1, 
0x5C11, 0x5C11, 0x5411, 0x5411, 0x5C11, 0x5431, 0x5411, 0x5411, 
0x5C32, 0x5C32, 0x5C31, 0x5431, 0x5C31, 0x5C32, 0x5C32, 0x5C53, 
0x7D57, 0x6494, 0x5C33, 0x5C33, 0x5C33, 0x5C53, 0x5433, 0x5C33, 
0x5C54, 0x5C54, 0x5C34, 0x5413, 0x5C34, 0x5C34, 0x5C34, 0x5C54, 
0x5C34, 0x5C34, 0x5414, 0x42EF, 0x430F, 0x3AAD, 0x326B, 0x3A8C, 
0x326C, 0x3ACE, 0x5370, 0x53B1, 0x4310, 0x7CD7, 0x5BB3, 0x53D3, 
0x5372, 0x4B52, 0x5393, 0x5BD3, 0x5392, 0x29C8, 0x428C, 0x3AAD, 
0x42CF, 0x4311, 0x53D4, 0x53D5, 0x53D5, 0x5BF5, 0x5BD5, 0x5BD5, 
0x5394, 0x53B4, 0x5BD5, 0x53B5, 0x5394, 0x5394, 0x5394, 0x4B73, 
0x63F5, 0x8519, 0x5373, 0x4B12, 0x42B0, 0x84D8, 0x5B53, 0x322E, 
0x8477, 0x6393, 0x5B52, 0x5B12, 0x3A10, 0x3A10, 0x3A6A, 0x3A68, 
0x4289, 0x4268, 0x4268, 0x3A48, 0x4268, 0x3A48, 0x3A48, 0x3A48, 
0x3A48, 0x3A48, 0x3A48, 0x3A48, 0x3A48, 0x3A48, 0x3A48, 0x3A48, 
0x3A28, 0x3A48, 0x3A28, 0x3A28, 0x3A28, 0x3A28, 0x3A28, 0x3A28, 
0x3227, 0x3A07, 0x3207, 0x3A07, 0x3207, 0x3207, 0x3207, 0x31E7, 
0x31E7, 0x3207, 0x31E7, 0x31E7, 0x31E7, 0x31E7, 0x31E7, 0x31E7, 
0x31C7, 0x31E7, 0x31C7, 0x31C7, 0x31C6, 0x31C6, 0x31C6, 0x31C6, 
0x31C6, 0x31C6, 0x31A6, 0x31C6, 0x31A6, 0x29A6, 0x31A6, 0x29A6, 
0x2986, 0x29A6, 0x2986, 0x2986, 0x2986, 0x2985, 0x2985, 0x2986, 
0x2985, 0x2985, 0x2985, 0x2965, 0x2985, 0x2965, 0x2165, 0x2965, 
0x42CA, 0x42CA, 0x42CA, 0x42EA, 0x42EA, 0x42EA, 0x42EA, 0x42EA, 
0x42EA, 0x42EA, 0x42EA, 0x42EA, 0x42EA, 0x4AEA, 0x4AEA, 0x4AEA, 
0x4AEA, 0x4AEA, 0x4AEA, 0x4AEA, 0x4AEA, 0x4AEA, 0x4AEA, 0x4AEA, 
0x4AEA, 0x4AEA, 0x4AEA, 0x4AEA, 0x4B0B, 0x4B0B, 0x4B0B, 0x4B0B, 
0x4B0B, 0x4B0B, 0x4B0B, 0x4B0B, 0x4B0B, 0x4B0B, 0x4B0B, 0x4B0B, 
0x4B0B, 0x4B0B, 0x4B0B, 0x4B0B, 0x4B0B, 0x4B0B, 0x4B0B, 0x4B0B, 
0x4B0B, 0x4B0B, 0x4B0B, 0x4B0B, 0x4B0B, 0x4B0B, 0x4B0B, 0x4B0B, 
0x4B0B, 0x4B0A, 0x4B0A, 0x4B0A, 0x4B09, 0x4AED, 0x534E, 0x530F, 
0x322D, 0x4AB0, 0x6BD4, 0x298C, 0x31ED, 0x3A2E, 0x31ED, 0x4A8F, 
0x6393, 0x6B92, 0x424E, 0x4AAF, 0x5350, 0x5390, 0x5C31, 0x5BF1, 
0x5C11, 0x5BF1, 0x53F1, 0x5411, 0x5C31, 0x5411, 0x5411, 0x5411, 
0x5C32, 0x5C31, 0x5411, 0x5411, 0x5C32, 0x5C12, 0x53F1, 0x5432, 
0x7D77, 0x6494, 0x5C33, 0x5C33, 0x5C33, 0x5C33, 0x5412, 0x5C54, 
0x5C54, 0x5C33, 0x5413, 0x5413, 0x5C34, 0x5C55, 0x5C34, 0x5C34, 
0x5414, 0x5C34, 0x5414, 0x42EF, 0x42EE, 0x3AAC, 0x3AAC, 0x3ACD, 
0x42AD, 0x42CE, 0x4B0F, 0x430F, 0x5BD3, 0x5372, 0x7476, 0x53D3, 
0x5392, 0x5393, 0x5BB3, 0x5393, 0x53B3, 0x2187, 0x3A4B, 0x4AEF, 
0x3AAF, 0x4331, 0x4B73, 0x53F5, 0x5BF5, 0x5BD5, 0x53B5, 0x53B4, 
0x5394, 0x53B5, 0x5BD5, 0x53B4, 0x5394, 0x5394, 0x4B53, 0x7496, 
0x5373, 0x4B32, 0x84F8, 0x5352, 0x4290, 0x4B11, 0x6BD4, 0x5B52, 
0x4AB0, 0x7415, 0x5B53, 0x39F0, 0x3A0E, 0x3A4B, 0x4287, 0x4268, 
0x424A, 0x4268, 0x3A48, 0x4268, 0x3A48, 0x3A48, 0x3A48, 0x3A48, 
0x3A48, 0x3A48, 0x3A48, 0x3A48, 0x3A48, 0x3A48, 0x3A48, 0x3A28, 
0x3A48, 0x3A28, 0x3A28, 0x3A28, 0x3A28, 0x3A28, 0x3A28, 0x3227, 
0x3A28, 0x3207, 0x3A07, 0x3207, 0x3207, 0x3207, 0x3207, 0x31E7, 
0x3207, 0x31E7, 0x31E7, 0x31E7, 0x31E7, 0x31E7, 0x31E7, 0x31C7, 
0x31E7, 0x31C7, 0x31C6, 0x31C6, 0x31C6, 0x31C6, 0x31C6, 0x31C6, 
0x31C6, 0x31A6, 0x31C6, 0x31A6, 0x29A6, 0x31A6, 0x31A6, 0x2986, 
0x29A6, 0x2986, 0x2986, 0x2986, 0x2986, 0x2985, 0x2986, 0x2985, 
0x2985, 0x2985, 0x2985, 0x2965, 0x2965, 0x2965, 0x2965, 0x2165, 
0x42CA, 0x42CA, 0x42CA, 0x42CA, 0x42CA, 0x42EA, 0x42EA, 0x42CA, 
0x42EA, 0x42CA, 0x42EA, 0x42EA, 0x42EA, 0x4AEA, 0x42EA, 0x42EA, 
0x42EA, 0x42EA, 0x42EA, 0x4AEA, 0x4AEA, 0x4AEA, 0x4AEA, 0x4AEA, 
0x4AEA, 0x42EA, 0x4AEA, 0x4AEA, 0x4AEA, 0x4B0B, 0x4AEA, 0x4B0B, 
0x4B0B, 0x4B0B, 0x4B0B, 0x4B0B, 0x4B0B, 0x4B0B, 0x4B0B, 0x4B0B, 
0x4B0B, 0x4B0B, 0x4B0B, 0x4B0B, 0x4B0B, 0x4B0B, 0x4B0B, 0x4B0B, 
0x4B0B, 0x4B0B, 0x4B0B, 0x4B0B, 0x4B0B, 0x4B0B, 0x4B0B, 0x4AEA, 
0x4B0B, 0x4AEB, 0x42EA, 0x4AEA, 0x4B2A, 0x432B, 0x430C, 0x5BB0, 
0x42AE, 0x4AF0, 0x5B31, 0x3A2E, 0x424E, 0x3A2D, 0x31CC, 0x7415, 
0x5B32, 0x29CC, 0x8456, 0x3A0D, 0x3A4D, 0x5B90, 0x53AF, 0x53F1, 
0x53F1, 0x53F1, 0x5BF1, 0x5411, 0x53F1, 0x5411, 0x5431, 0x5431, 
0x5411, 0x5411, 0x5411, 0x5431, 0x5C32, 0x5BF1, 0x53F1, 0x5433, 
0x7577, 0x6494, 0x5C53, 0x5C33, 0x5412, 0x5C33, 0x5433, 0x5C34, 
0x5C33, 0x5413, 0x5413, 0x5C34, 0x5C34, 0x5C54, 0x5C34, 0x5414, 
0x5C34, 0x5C54, 0x5414, 0x42EF, 0x42EE, 0x3AAD, 0x3ACD, 0x3AAD, 
0x3AAD, 0x42CE, 0x3ACE, 0x430F, 0x5392, 0x6414, 0x4311, 0x6C95, 
0x6C55, 0x5BD4, 0x5373, 0x4B52, 0x4B52, 0x2167, 0x3A4B, 0x4AEF, 
0x42F0, 0x5373, 0x4B52, 0x53F5, 0x53D5, 0x53D5, 0x53B4, 0x53B4, 
0x53B5, 0x53B5, 0x53B5, 0x5394, 0x53B5, 0x5394, 0x42F2, 0x6C55, 
0x6C35, 0x3AB0, 0x5352, 0x8CF9, 0x4AD1, 0x324E, 0x5B52, 0x6BF5, 
0x6BB4, 0x4AB0, 0x3A4F, 0x31EE, 0x3A4C, 0x3A48, 0x3A48, 0x4269, 
0x3A49, 0x3A68, 0x4268, 0x4268, 0x3A48, 0x3A48, 0x3A48, 0x3A48, 
0x3A48, 0x3A48, 0x3A48, 0x3A48, 0x3A48, 0x3A48, 0x3A28, 0x3A48, 
0x3A48, 0x3A28, 0x3A28, 0x3A28, 0x3A28, 0x3A28, 0x3227, 0x3A28, 
0x3A28, 0x3A07, 0x3A07, 0x3207, 0x3207, 0x3207, 0x3207, 0x3207, 
0x31E7, 0x31E7, 0x31E7, 0x31E7, 0x31E7, 0x31C7, 0x31C7, 0x31E7, 
0x31E7, 0x31C6, 0x31C7, 0x31C6, 0x31C6, 0x31C6, 0x31C6, 0x31C6, 
0x31C6, 0x31A6, 0x31C6, 0x29A6, 0x31A6, 0x31A6, 0x29A6, 0x2986, 
0x29A6, 0x2986, 0x2986, 0x2986, 0x2986, 0x2986, 0x2985, 0x2985, 
0x2985, 0x2985, 0x2965, 0x2965, 0x2965, 0x2165, 0x2965, 0x2145, 
0x42CA, 0x42CA, 0x42CA, 0x42CA, 0x42CA, 0x42CA, 0x42CA, 0x42CA, 
0x42CA, 0x42CA, 0x42CA, 0x42CA, 0x42CA, 0x42EA, 0x42EA, 0x42EA, 
0x42EA, 0x4AEA, 0x42EA, 0x4AEA, 0x4AEA, 0x4AEA, 0x4AEA, 0x4AEA, 
0x4AEA, 0x42EA, 0x42EA, 0x4AEA, 0x4AEA, 0x4AEA, 0x4AEA, 0x4AEA, 
0x4AEA, 0x4AEA, 0x4AEA, 0x4AEA, 0x4AEA, 0x4AEA, 0x4AEA, 0x4AEA, 
0x4AEA, 0x4AEA, 0x4AEA, 0x4AEA, 0x4AEA, 0x4AEA, 0x4AEA, 0x4AEA, 
0x4AEA, 0x4AEA, 0x4AEA, 0x4AEA, 0x4AEA, 0x4AEA, 0x4AEA, 0x4B0A, 
0x4AEA, 0x4B0B, 0x4B0B, 0x42EA, 0x4AEA, 0x430A, 0x42EA, 0x42CB, 
0x63B1, 0x52F0, 0x426E, 0x52D0, 0x8456, 0x29CC, 0x94F8, 0x4AAF, 
0x3A4E, 0x7C96, 0x31ED, 0x73D4, 0x4AAF, 0x324C, 0x5BB0, 0x5BF1, 
0x53D1, 0x53F1, 0x5C11, 0x53F1, 0x53D0, 0x5411, 0x5C11, 0x5411, 
0x53F1, 0x5411, 0x5C31, 0x5C31, 0x5C11, 0x53D1, 0x5C32, 0x5C33, 
0x7516, 0x6CB5, 0x5C33, 0x5412, 0x53F2, 0x5C33, 0x5C33, 0x5C33, 
0x5433, 0x5413, 0x5C34, 0x5C34, 0x5C34, 0x5414, 0x5413, 0x5C34, 
0x5C34, 0x5C55, 0x5414, 0x42CE, 0x42EE, 0x3AAD, 0x3AAD, 0x3AAD, 
0x42CE, 0x42EE, 0x4B30, 0x430F, 0x63F3, 0x4310, 0x63F4, 0x4B71, 
0x6C55, 0x5393, 0x4B52, 0x5393, 0x4311, 0x1946, 0x428C, 0x3A8D, 
0x42F0, 0x5372, 0x5373, 0x53B4, 0x53D5, 0x53D5, 0x53B4, 0x53B4, 
0x5BD4, 0x5394, 0x53B5, 0x53B4, 0x5BD5, 0x63F6, 0x42F2, 0x5351, 
0x7456, 0x6C35, 0x4B11, 0x4AF1, 0x6BD4, 0x5331, 0x3A6F, 0x6394, 
0x5312, 0x3A2F, 0x3A0F, 0x3A4B, 0x4269, 0x3A48, 0x424A, 0x426A, 
0x4267, 0x3A48, 0x4268, 0x3A48, 0x3A48, 0x3A48, 0x3A48, 0x3A48, 
0x3A48, 0x3A48, 0x3A48, 0x3A48, 0x3A28, 0x3A28, 0x3A28, 0x3A28, 
0x3A28, 0x3A28, 0x3A28, 0x3A28, 0x3A28, 0x3A27, 0x3227, 0x3A27, 
0x3A27, 0x3207, 0x3207, 0x3207, 0x3207, 0x3207, 0x31E7, 0x31E7, 
0x31E7, 0x31E7, 0x31E7, 0x31E7, 0x31E7, 0x31C7, 0x31C7, 0x31C7, 
0x31C6, 0x31C6, 0x31C6, 0x31C6, 0x31C6, 0x31C6, 0x31C6, 0x31C6, 
0x31C6, 0x31A6, 0x31C6, 0x29A6, 0x31A6, 0x31A6, 0x29A6, 0x2986, 
0x29A6, 0x2986, 0x2986, 0x2986, 0x2985, 0x2985, 0x2985, 0x2985, 
0x2985, 0x2965, 0x2965, 0x2965, 0x2965, 0x2965, 0x2965, 0x2165, 
0x31E7, 0x3207, 0x3207, 0x3207, 0x3207, 0x3207, 0x3207, 0x3207, 
0x3207, 0x3207, 0x3207, 0x3207, 0x3207, 0x3207, 0x3207, 0x3207, 
0x3207, 0x3207, 0x3207, 0x3207, 0x3207, 0x3207, 0x3207, 0x3207, 
0x3207, 0x3207, 0x3207, 0x3207, 0x3207, 0x3207, 0x3207, 0x3207, 
0x3207, 0x3207, 0x3207, 0x3207, 0x3207, 0x3207, 0x3207, 0x3207, 
0x3207, 0x3207, 0x3207, 0x3207, 0x3207, 0x3207, 0x3207, 0x3207, 
0x3207, 0x3207, 0x3207, 0x3207, 0x3207, 0x3207, 0x3207, 0x3207, 
0x3207, 0x3207, 0x3207, 0x3207, 0x3207, 0x3207, 0x3227, 0x3206, 
0x3228, 0x3A2A, 0x3A0B, 0x29AB, 0x29CB, 0x3A2A, 0x29CA, 0x320A, 
0x3A2A, 0x31CA, 0x3A0B, 0x3A2B, 0x31EA, 0x21AA, 0x3A2A, 0x3A4B, 
0x326B, 0x3AAB, 0x32AA, 0x3A8A, 0x3A6A, 0x3A8B, 0x3A8B, 0x3A8B, 
0x3A8B, 0x3A8B, 0x3A8B, 0x3A8B, 0x3A8B, 0x3AAB, 0x3AAB, 0x3AAC, 
0x3A8C, 0x3AAC, 0x3AAC, 0x3AAC, 0x3AAC, 0x3AAC, 0x3A8C, 0x3A8C, 
0x3A8C, 0x3AAC, 0x3AAC, 0x3A8C, 0x3A8C, 0x3AAD, 0x3AAD, 0x3AAD, 
0x3AAD, 0x3AAD, 0x32AD, 0x320A, 0x2A0A, 0x2A0A, 0x29EA, 0x29E9, 
0x29E9, 0x2A4B, 0x324B, 0x324B, 0x324C, 0x320C, 0x3A4C, 0x3A2B, 
0x3A4B, 0x3A4B, 0x3A4B, 0x322C, 0x2A0C, 0x10E4, 0x29E9, 0x322B, 
0x21EB, 0x3A6C, 0x3A4C, 0x3A6D, 0x326D, 0x326D, 0x3A6D, 0x3A8D, 
0x328D, 0x3A6D, 0x326D, 0x326D, 0x324D, 0x3A6C, 0x3A6C, 0x320C, 
0x320C, 0x3A2B, 0x3A2B, 0x21AA, 0x3A2B, 0x3A2B, 0x3A2C, 0x31CC, 
0x298B, 0x298A, 0x3189, 0x29C5, 0x29C6, 0x29A6, 0x29C6, 0x29C6, 
0x29A6, 0x29C6, 0x29C6, 0x29A6, 0x29C6, 0x29C6, 0x29A6, 0x29A6, 
0x29A6, 0x29A6, 0x29A6, 0x29A6, 0x29A6, 0x29A6, 0x29A6, 0x29A6, 
0x29A6, 0x29A6, 0x29A5, 0x2985, 0x2985, 0x29A5, 0x2985, 0x2985, 
0x2985, 0x29A5, 0x29A5, 0x2985, 0x29A5, 0x29A5, 0x2985, 0x2965, 
0x2965, 0x2965, 0x2965, 0x2965, 0x2965, 0x2965, 0x2965, 0x2965, 
0x2965, 0x2165, 0x2165, 0x2965, 0x2965, 0x2165, 0x2165, 0x2165, 
0x2165, 0x2165, 0x2165, 0x2145, 0x2165, 0x2145, 0x2165, 0x2145, 
0x2144, 0x2144, 0x2144, 0x2144, 0x2144, 0x2144, 0x2144, 0x2124, 
0x2124, 0x2124, 0x2124, 0x2124, 0x2124, 0x2124, 0x2124, 0x2124, 
0x0000, 0x0000, 0x0000, 0x0000, 0x0000, 0x0000, 0x0000, 0x0000, 
0x0000, 0x0000, 0x0000, 0x0000, 0x0000, 0x0000, 0x0000, 0x0000, 
0x0000, 0x0000, 0x0000, 0x0000, 0x0000, 0x0000, 0x0000, 0x0000, 
0x0000, 0x0000, 0x0000, 0x0000, 0x0000, 0x0000, 0x0000, 0x0000, 
0x0000, 0x0000, 0x0000, 0x0000, 0x0000, 0x0000, 0x0000, 0x0000, 
0x0000, 0x0000, 0x0000, 0x0000, 0x0000, 0x0000, 0x0000, 0x0000, 
0x0000, 0x0000, 0x0000, 0x0000, 0x0000, 0x0000, 0x0000, 0x0000, 
0x0000, 0x0000, 0x0000, 0x0000, 0x0000, 0x0000, 0x0000, 0x0000, 
0x0000, 0x0000, 0x0000, 0x0000, 0x0000, 0x0000, 0x0000, 0x0000, 
0x0000, 0x0000, 0x0000, 0x0000, 0x0000, 0x0000, 0x0000, 0x0000, 
0x0000, 0x0000, 0x0000, 0x0000, 0x0000, 0x0000, 0x0000, 0x0000, 
0x0000, 0x0000, 0x0000, 0x0000, 0x0000, 0x0000, 0x0000, 0x0000, 
0x0000, 0x0000, 0x0000, 0x0000, 0x0000, 0x0000, 0x0000, 0x0000, 
0x0000, 0x0000, 0x0000, 0x0000, 0x0000, 0x0000, 0x0000, 0x0000, 
0x0000, 0x0000, 0x0000, 0x0000, 0x0000, 0x0000, 0x0000, 0x0000, 
0x0000, 0x0000, 0x0000, 0x0000, 0x0000, 0x0000, 0x0000, 0x0000, 
0x0000, 0x0000, 0x0000, 0x0000, 0x0000, 0x0000, 0x0000, 0x0000, 
0x0000, 0x0000, 0x0000, 0x0000, 0x0000, 0x0000, 0x0000, 0x0000, 
0x0000, 0x0000, 0x0000, 0x0000, 0x0000, 0x0000, 0x0000, 0x0000, 
0x0000, 0x0000, 0x0000, 0x0000, 0x0000, 0x0000, 0x0000, 0x0000, 
0x0000, 0x0000, 0x0000, 0x0000, 0x0000, 0x0000, 0x0000, 0x0000, 
0x0000, 0x0000, 0x0000, 0x0000, 0x0000, 0x0000, 0x0000, 0x0000, 
0x0000, 0x0000, 0x0000, 0x0000, 0x0000, 0x0000, 0x0000, 0x0000, 
0x0000, 0x0000, 0x0000, 0x0000, 0x0000, 0x0000, 0x0000, 0x0000, 
0x0000, 0x0000, 0x0000, 0x0000, 0x0000, 0x0000, 0x0000, 0x0000, 
0x0000, 0x0000, 0x0000, 0x0000, 0x0000, 0x0000, 0x0000, 0x0000, 
0x0000, 0x0000, 0x0000, 0x0000, 0x0000, 0x0000, 0x0000, 0x0000, 
0x0000, 0x0000, 0x0000, 0x0000, 0x0000, 0x0000, 0x0000, 0x0000, 
0x0000, 0x0000, 0x0000, 0x0000, 0x0000, 0x0000, 0x0000, 0x0000, 
0x0000, 0x0000, 0x0000, 0x0000, 0x0000, 0x0000, 0x0000, 0x0000, 
0x0000, 0x0000, 0x0000, 0x0000, 0x0000, 0x0000, 0x0000, 0x0000, 
0x0000, 0x0000, 0x0000, 0x0000, 0x0000, 0x0000, 0x0000, 0x0000, 
0x0000, 0x0000, 0x0000, 0x0000, 0x0000, 0x0000, 0x0000, 0x0000, 
0x0000, 0x0000, 0x0000, 0x0000, 0x0000, 0x0000, 0x0000, 0x0000, 
0x0000, 0x0000, 0x0000, 0x0000, 0x0000, 0x0000, 0x0000, 0x0000, 
0x0000, 0x0000, 0x0000, 0x0000, 0x0000, 0x0000, 0x0000, 0x0000, 
0x0000, 0x0000, 0x0000, 0x0000, 0x0000, 0x0000, 0x0000, 0x0000, 
0x0000, 0x0000, 0x0000, 0x0000, 0x0000, 0x0000, 0x0000, 0x0000, 
0x0000, 0x0000, 0x0000, 0x0000, 0x0000, 0x0000, 0x0000, 0x0000, 
0x0000, 0x0000, 0x0000, 0x0000, 0x0000, 0x0000, 0x0000, 0x0000, 
0x0000, 0x0000, 0x0000, 0x0000, 0x0000, 0x0000, 0x0000, 0x0000, 
0x0000, 0x0000, 0x0000, 0x0000, 0x0000, 0x0000, 0x0000, 0x0000, 
0x0000, 0x0000, 0x0000, 0x0000, 0x0000, 0x0000, 0x0000, 0x0000, 
0x0000, 0x0000, 0x0000, 0x0000, 0x0000, 0x0000, 0x0000, 0x0000, 
0x0000, 0x0000, 0x0000, 0x0000, 0x0000, 0x0000, 0x0000, 0x0000, 
0x0000, 0x0000, 0x0000, 0x0000, 0x0000, 0x0000, 0x0000, 0x0000, 
0x0000, 0x0000, 0x0000, 0x0000, 0x0000, 0x0000, 0x0000, 0x0000, 
0x0000, 0x0000, 0x0000, 0x0000, 0x0000, 0x0000, 0x0000, 0x0000, 
0x0000, 0x0000, 0x0000, 0x0000, 0x0000, 0x0000, 0x0000, 0x0000, 
0x0000, 0x0000, 0x0000, 0x0000, 0x0000, 0x0000, 0x0000, 0x0000, 
0x0000, 0x0000, 0x0000, 0x0000, 0x0000, 0x0000, 0x0000, 0x0000, 
0x0000, 0x0000, 0x0000, 0x0000, 0x0000, 0x0000, 0x0000, 0x0000, 
0x0000, 0x0000, 0x0000, 0x0000, 0x0000, 0x0000, 0x0000, 0x0000, 
0x0000, 0x0000, 0x0000, 0x0000, 0x0000, 0x0000, 0x0000, 0x0000, 
0x0000, 0x0000, 0x0000, 0x0000, 0x0000, 0x0000, 0x0000, 0x0000, 
0x0000, 0x0000, 0x0000, 0x0000, 0x0000, 0x0000, 0x0000, 0x0000, 
0x0000, 0x0000, 0x0000, 0x0000, 0x0000, 0x0000, 0x0000, 0x0000, 
0x0000, 0x0000, 0x0000, 0x0000, 0x0000, 0x0000, 0x0000, 0x0000, 
0x0000, 0x0000, 0x0000, 0x0000, 0x0000, 0x0000, 0x0000, 0x0000, 
0x0000, 0x0000, 0x0000, 0x0000, 0x0000, 0x0000, 0x0000, 0x0000, 
0x0000, 0x0000, 0x0000, 0x0000, 0x0000, 0x0000, 0x0000, 0x0000, 
0x0000, 0x0000, 0x0000, 0x0000, 0x0000, 0x0000, 0x0000, 0x0000, 
0x0000, 0x0000, 0x0000, 0x0000, 0x0000, 0x0000, 0x0000, 0x0000, 
0x0000, 0x0000, 0x0000, 0x0000, 0x0000, 0x0000, 0x0000, 0x0000, 
0x0000, 0x0000, 0x0000, 0x0000, 0x0000, 0x0000, 0x0000, 0x0000, 
0x0000, 0x0000, 0x0000, 0x0000, 0x0000, 0x0000, 0x0000, 0x0000, 
0x0000, 0x0000, 0x0000, 0x0000, 0x0000, 0x0000, 0x0000, 0x0000, 
0x0000, 0x0000, 0x0000, 0x0000, 0x0000, 0x0000, 0x0000, 0x0000, 
0x0000, 0x0000, 0x0000, 0x0000, 0x0000, 0x0000, 0x0000, 0x0000, 
0x0000, 0x0000, 0x0000, 0x0000, 0x0000, 0x0000, 0x0000, 0x0000, 
0x0000, 0x0000, 0x0000, 0x0000, 0x0000, 0x0000, 0x0000, 0x0000, 
0x0000, 0x0000, 0x0000, 0x0000, 0x0000, 0x0000, 0x0000, 0x0000, 
0x0000, 0x0000, 0x0000, 0x0000, 0x0000, 0x0000, 0x0000, 0x0000, 
0x0000, 0x0000, 0x0000, 0x0000, 0x0000, 0x0000, 0x0000, 0x0000, 
0x0000, 0x0000, 0x0000, 0x0000, 0x0000, 0x0000, 0x0000, 0x0000, 
0x0000, 0x0000, 0x0000, 0x0000, 0x0000, 0x0000, 0x0000, 0x0000, 
0x0000, 0x0000, 0x0000, 0x0000, 0x0000, 0x0000, 0x0000, 0x0000, 
0x0000, 0x0000, 0x0000, 0x0000, 0x0000, 0x0000, 0x0000, 0x0000, 
0x0000, 0x0000, 0x0000, 0x0000, 0x0000, 0x0000, 0x0000, 0x0000, 
0x0000, 0x0000, 0x0000, 0x0000, 0x0000, 0x0000, 0x0000, 0x0000, 
0x0000, 0x0000, 0x0000, 0x0000, 0x0000, 0x0000, 0x0000, 0x0000, 
0x0000, 0x0000, 0x0000, 0x0000, 0x0000, 0x0000, 0x0000, 0x0000, 
0x0000, 0x0000, 0x0000, 0x0000, 0x0000, 0x0000, 0x0000, 0x0000, 
0x0000, 0x0000, 0x0000, 0x0000, 0x0000, 0x0000, 0x0000, 0x0000, 
0x0000, 0x0000, 0x0000, 0x0000, 0x0000, 0x0000, 0x0000, 0x0000, 
0x0000, 0x0000, 0x0000, 0x0000, 0x0000, 0x0000, 0x0000, 0x0000, 
0x0000, 0x0000, 0x0000, 0x0000, 0x0000, 0x0000, 0x0000, 0x0000, 
0x0000, 0x0000, 0x0000, 0x0000, 0x0000, 0x0000, 0x0000, 0x0000, 
0x0000, 0x0000, 0x0000, 0x0000, 0x0000, 0x0000, 0x0000, 0x0000, 
0x0000, 0x0000, 0x0000, 0x0000, 0x0000, 0x0000, 0x0000, 0x0000, 
0x0000, 0x0000, 0x0000, 0x0000, 0x0000, 0x0000, 0x0000, 0x0000, 
0x0000, 0x0000, 0x0000, 0x0000, 0x0000, 0x0000, 0x0000, 0x0000, 
0x0000, 0x0000, 0x0000, 0x0000, 0x0000, 0x0000, 0x0000, 0x0000, 
0x0000, 0x0000, 0x0000, 0x0000, 0x0000, 0x0000, 0x0000, 0x0000, 
0x0000, 0x0000, 0x0000, 0x0000, 0x0000, 0x0000, 0x0000, 0x0000, 
0x0000, 0x0000, 0x0000, 0x0000, 0x0000, 0x0000, 0x0000, 0x0000, 
0x0000, 0x0000, 0x0000, 0x0000, 0x0000, 0x0000, 0x0000, 0x0000, 
0x0000, 0x0000, 0x0000, 0x0000, 0x0000, 0x0000, 0x0000, 0x0000, 
0x0000, 0x0000, 0x0000, 0x0000, 0x0000, 0x0000, 0x0000, 0x0000, 
0x0000, 0x0000, 0x0000, 0x0000, 0x0000, 0x0000, 0x0000, 0x0000, 
0x0000, 0x0000, 0x0000, 0x0000, 0x0000, 0x0000, 0x0000, 0x0000, 
0x0000, 0x0000, 0x0000, 0x0000, 0x0000, 0x0000, 0x0000, 0x0000, 
0x0000, 0x0000, 0x0000, 0x0000, 0x0000, 0x0000, 0x0000, 0x0000, 
0x0000, 0x0000, 0x0000, 0x0000, 0x0000, 0x0000, 0x0000, 0x0000, 
0x0000, 0x0000, 0x0000, 0x0000, 0x0000, 0x0000, 0x0000, 0x0000, 
0x0000, 0x0000, 0x0000, 0x0000, 0x0000, 0x0000, 0x0000, 0x0000, 
0x0000, 0x0000, 0x0000, 0x0000, 0x0000, 0x0000, 0x0000, 0x0000, 
0x0000, 0x0000, 0x0000, 0x0000, 0x0000, 0x0000, 0x0000, 0x0000, 
0x0000, 0x0000, 0x0000, 0x0000, 0x0000, 0x0000, 0x0000, 0x0000, 
0x0000, 0x0000, 0x0000, 0x0000, 0x0000, 0x0000, 0x0000, 0x0000, 
0x0000, 0x0000, 0x0000, 0x0000, 0x0000, 0x0000, 0x0000, 0x0000, 
0x0000, 0x0000, 0x0000, 0x0000, 0x0000, 0x0000, 0x0000, 0x0000, 
0x0000, 0x0000, 0x0000, 0x0000, 0x0000, 0x0000, 0x0000, 0x0000, 
0x0000, 0x0000, 0x0000, 0x0000, 0x0000, 0x0000, 0x0000, 0x0000, 
0x0000, 0x0000, 0x0000, 0x0000, 0x0000, 0x0000, 0x0000, 0x0000, 
0x0000, 0x0000, 0x0000, 0x0000, 0x0000, 0x0000, 0x0000, 0x0000, 
0x0000, 0x0000, 0x0000, 0x0000, 0x0000, 0x0000, 0x0000, 0x0000, 
0x0000, 0x0000, 0x0000, 0x0000, 0x0000, 0x0000, 0x0000, 0x0000, 
0x0000, 0x0000, 0x0000, 0x0000, 0x0000, 0x0000, 0x0000, 0x0000, 
0x0000, 0x0000, 0x0000, 0x0000, 0x0000, 0x0000, 0x0000, 0x0000, 
0x0000, 0x0000, 0x0000, 0x0000, 0x0000, 0x0000, 0x0000, 0x0000, 
0x0000, 0x0000, 0x0000, 0x0000, 0x0000, 0x0000, 0x0000, 0x0000, 
0x0000, 0x0000, 0x0000, 0x0000, 0x0000, 0x0000, 0x0000, 0x0000, 
0x0000, 0x0000, 0x0000, 0x0000, 0x0000, 0x0000, 0x0000, 0x0000, 
0x0000, 0x0000, 0x0000, 0x0000, 0x0000, 0x0000, 0x0000, 0x0000, 
0x0000, 0x0000, 0x0000, 0x0000, 0x0000, 0x0000, 0x0000, 0x0000, 
0x0000, 0x0000, 0x0000, 0x0000, 0x0000, 0x0000, 0x0000, 0x0000, 
0x0000, 0x0000, 0x0000, 0x0000, 0x0000, 0x0000, 0x0000, 0x0000, 
0x0000, 0x0000, 0x0000, 0x0000, 0x0000, 0x0000, 0x0000, 0x0000, 
0x0000, 0x0000, 0x0000, 0x0000, 0x0000, 0x0000, 0x0000, 0x0000, 
0x0000, 0x0000, 0x0000, 0x0000, 0x0000, 0x0000, 0x0000, 0x0000, 
0x0000, 0x0000, 0x0000, 0x0000, 0x0000, 0x0000, 0x0000, 0x0000, 
0x0000, 0x0000, 0x0000, 0x0000, 0x0000, 0x0000, 0x0000, 0x0000, 
0x0000, 0x0000, 0x0000, 0x0000, 0x0000, 0x0000, 0x0000, 0x0000, 
0x0000, 0x0000, 0x0000, 0x0000, 0x0000, 0x0000, 0x0000, 0x0000, 
0x0000, 0x0000, 0x0000, 0x0000, 0x0000, 0x0000, 0x0000, 0x0000, 
0x0000, 0x0000, 0x0000, 0x0000, 0x0000, 0x0000, 0x0000, 0x0000, 
0x0000, 0x0000, 0x0000, 0x0000, 0x0000, 0x0000, 0x0000, 0x0000, 
0x0000, 0x0000, 0x0000, 0x0000, 0x0000, 0x0000, 0x0000, 0x0000, 
0x0000, 0x0000, 0x0000, 0x0000, 0x0000, 0x0000, 0x0000, 0x0000, 
0x0000, 0x0000, 0x0000, 0x0000, 0x0000, 0x0000, 0x0000, 0x0000, 
0x0000, 0x0000, 0x0000, 0x0000, 0x0000, 0x0000, 0x0000, 0x0000, 
0x0000, 0x0000, 0x0000, 0x0000, 0x0000, 0x0000, 0x0000, 0x0000, 
0x0000, 0x0000, 0x0000, 0x0000, 0x0000, 0x0000, 0x0000, 0x0000, 
0x0000, 0x0000, 0x0000, 0x0000, 0x0000, 0x0000, 0x0000, 0x0000, 
0x0000, 0x0000, 0x0000, 0x0000, 0x0000, 0x0000, 0x0000, 0x0000, 
0x0000, 0x0000, 0x0000, 0x0000, 0x0000, 0x0000, 0x0000, 0x0000, 
0x0000, 0x0000, 0x0000, 0x0000, 0x0000, 0x0000, 0x0000, 0x0000, 
0x0000, 0x0000, 0x0000, 0x0000, 0x0000, 0x0000, 0x0000, 0x0000, 
0x0000, 0x0000, 0x0000, 0x0000, 0x0000, 0x0000, 0x0000, 0x0000, 
0x0000, 0x0000, 0x0000, 0x0000, 0x0000, 0x0000, 0x0000, 0x0000, 
0x0000, 0x0000, 0x0000, 0x0000, 0x0000, 0x0000, 0x0000, 0x0000, 
0x0000, 0x0000, 0x0000, 0x0000, 0x0000, 0x0000, 0x0000, 0x0000, 
0x0000, 0x0000, 0x0000, 0x0000, 0x0000, 0x0000, 0x0000, 0x0000, 
0x0000, 0x0000, 0x0000, 0x0000, 0x0000, 0x0000, 0x0000, 0x0000, 
0x0000, 0x0000, 0x0000, 0x0000, 0x0000, 0x0000, 0x0000, 0x0000, 
0x0000, 0x0000, 0x0000, 0x0000, 0x0000, 0x0000, 0x0000, 0x0000, 
0x0000, 0x0000, 0x0000, 0x0000, 0x0000, 0x0000, 0x0000, 0x0000, 
0x0000, 0x0000, 0x0000, 0x0000, 0x0000, 0x0000, 0x0000, 0x0000, 
0x0000, 0x0000, 0x0000, 0x0000, 0x0000, 0x0000, 0x0000, 0x0000, 
0x0000, 0x0000, 0x0000, 0x0000, 0x0000, 0x0000, 0x0000, 0x0000, 
0x0000, 0x0000, 0x0000, 0x0000, 0x0000, 0x0000, 0x0000, 0x0000, 
0x0000, 0x0000, 0x0000, 0x0000, 0x0000, 0x0000, 0x0000, 0x0000, 
0x0000, 0x0000, 0x0000, 0x0000, 0x0000, 0x0000, 0x0000, 0x0000, 
0x0000, 0x0000, 0x0000, 0x0000, 0x0000, 0x0000, 0x0000, 0x0000, 
0x0000, 0x0000, 0x0000, 0x0000, 0x0000, 0x0000, 0x0000, 0x0000, 
0x0000, 0x0000, 0x0000, 0x0000, 0x0000, 0x0000, 0x0000, 0x0000, 
0x0000, 0x0000, 0x0000, 0x0000, 0x0000, 0x0000, 0x0000, 0x0000, 
0x0000, 0x0000, 0x0000, 0x0000, 0x0000, 0x0000, 0x0000, 0x0000, 
0x0000, 0x0000, 0x0000, 0x0000, 0x0000, 0x0000, 0x0000, 0x0000, 
0x0000, 0x0000, 0x0000, 0x0000, 0x0000, 0x0000, 0x0000, 0x0000, 
0x0000, 0x0000, 0x0000, 0x0000, 0x0000, 0x0000, 0x0000, 0x0000, 
0x0000, 0x0000, 0x0000, 0x0000, 0x0000, 0x0000, 0x0000, 0x0000, 
0x0000, 0x0000, 0x0000, 0x0000, 0x0000, 0x0000, 0x0000, 0x0000, 
0x0000, 0x0000, 0x0000, 0x0000, 0x0000, 0x0000, 0x0000, 0x0000, 
0x0000, 0x0000, 0x0000, 0x0000, 0x0000, 0x0000, 0x0000, 0x0000, 
0x0000, 0x0000, 0x0000, 0x0000, 0x0000, 0x0000, 0x0000, 0x0000, 
0x0000, 0x0000, 0x0000, 0x0000, 0x0000, 0x0000, 0x0000, 0x0000, 
0x0000, 0x0000, 0x0000, 0x0000, 0x0000, 0x0000, 0x0000, 0x0000, 
0x0000, 0x0000, 0x0000, 0x0000, 0x0000, 0x0000, 0x0000, 0x0000, 
0x0000, 0x0000, 0x0000, 0x0000, 0x0000, 0x0000, 0x0000, 0x0000, 
0x0000, 0x0000, 0x0000, 0x0000, 0x0000, 0x0000, 0x0000, 0x0000, 
0x0000, 0x0000, 0x0000, 0x0000, 0x0000, 0x0000, 0x0000, 0x0000, 
0x0000, 0x0000, 0x0000, 0x0000, 0x0000, 0x0000, 0x0000, 0x0000, 
0x0000, 0x0000, 0x0000, 0x0000, 0x0000, 0x0000, 0x0000, 0x0000, 
0x0000, 0x0000, 0x0000, 0x0000, 0x0000, 0x0000, 0x0000, 0x0000, 
0x0000, 0x0000, 0x0000, 0x0000, 0x0000, 0x0000, 0x0000, 0x0000, 
0x0000, 0x0000, 0x0000, 0x0000, 0x0000, 0x0000, 0x0000, 0x0000, 
0x0000, 0x0000, 0x0000, 0x0000, 0x0000, 0x0000, 0x0000, 0x0000, 
0x0000, 0x0000, 0x0000, 0x0000, 0x0000, 0x0000, 0x0000, 0x0000, 
0x0000, 0x0000, 0x0000, 0x0000, 0x0000, 0x0000, 0x0000, 0x0000, 
0x0000, 0x0000, 0x0000, 0x0000, 0x0000, 0x0000, 0x0000, 0x0000, 
0x0000, 0x0000, 0x0000, 0x0000, 0x0000, 0x0000, 0x0000, 0x0000, 
0x0000, 0x0000, 0x0000, 0x0000, 0x0000, 0x0000, 0x0000, 0x0000, 
0x0000, 0x0000, 0x0000, 0x0000, 0x0000, 0x0000, 0x0000, 0x0000, 
0x0000, 0x0000, 0x0000, 0x0000, 0x0000, 0x0000, 0x0000, 0x0000, 
0x0000, 0x0000, 0x0000, 0x0000, 0x0000, 0x0000, 0x0000, 0x0000, 
0x0000, 0x0000, 0x0000, 0x0000, 0x0000, 0x0000, 0x0000, 0x0000, 
0x0000, 0x0000, 0x0000, 0x0000, 0x0000, 0x0000, 0x0000, 0x0000, 
0x0000, 0x0000, 0x0000, 0x0000, 0x0000, 0x0000, 0x0000, 0x0000, 
0x0000, 0x0000, 0x0000, 0x0000, 0x0000, 0x0000, 0x0000, 0x0000, 
0x0000, 0x0000, 0x0000, 0x0000, 0x0000, 0x0000, 0x0000, 0x0000, 
0x0000, 0x0000, 0x0000, 0x0000, 0x0000, 0x0000, 0x0000, 0x0000, 
0x0000, 0x0000, 0x0000, 0x0000, 0x0000, 0x0000, 0x0000, 0x0000, 
0x0000, 0x0000, 0x0000, 0x0000, 0x0000, 0x0000, 0x0000, 0x0000, 
0x0000, 0x0000, 0x0000, 0x0000, 0x0000, 0x0000, 0x0000, 0x0000, 
0x0000, 0x0000, 0x0000, 0x0000, 0x0000, 0x0000, 0x0000, 0x0000, 
0x0000, 0x0000, 0x0000, 0x0000, 0x0000, 0x0000, 0x0000, 0x0000, 
0x0000, 0x0000, 0x0000, 0x0000, 0x0000, 0x0000, 0x0000, 0x0000, 
0x0000, 0x0000, 0x0000, 0x0000, 0x0000, 0x0000, 0x0000, 0x0000, 
0x0000, 0x0000, 0x0000, 0x0000, 0x0000, 0x0000, 0x0000, 0x0000, 
0x0000, 0x0000, 0x0000, 0x0000, 0x0000, 0x0000, 0x0000, 0x0000, 
0x0000, 0x0000, 0x0000, 0x0000, 0x0000, 0x0000, 0x0000, 0x0000, 
0x0000, 0x0000, 0x0000, 0x0000, 0x0000, 0x0000, 0x0000, 0x0000, 
0x0000, 0x0000, 0x0000, 0x0000, 0x0000, 0x0000, 0x0000, 0x0000, 
0x0000, 0x0000, 0x0000, 0x0000, 0x0000, 0x0000, 0x0000, 0x0000, 
0x0000, 0x0000, 0x0000, 0x0000, 0x0000, 0x0000, 0x0000, 0x0000, 
0x0000, 0x0000, 0x0000, 0x0000, 0x0000, 0x0000, 0x0000, 0x0000, 
0x0000, 0x0000, 0x0000, 0x0000, 0x0000, 0x0000, 0x0000, 0x0000, 
0x0000, 0x0000, 0x0000, 0x0000, 0x0000, 0x0000, 0x0000, 0x0000, 
0x0000, 0x0000, 0x0000, 0x0000, 0x0000, 0x0000, 0x0000, 0x0000, 
0x0000, 0x0000, 0x0000, 0x0000, 0x0000, 0x0000, 0x0000, 0x0000, 
0x0000, 0x0000, 0x0000, 0x0000, 0x0000, 0x0000, 0x0000, 0x0000, 
0x0000, 0x0000, 0x0000, 0x0000, 0x0000, 0x0000, 0x0000, 0x0000, 
0x0000, 0x0000, 0x0000, 0x0000, 0x0000, 0x0000, 0x0000, 0x0000, 
0x0000, 0x0000, 0x0000, 0x0000, 0x0000, 0x0000, 0x0000, 0x0000, 
0x0000, 0x0000, 0x0000, 0x0000, 0x0000, 0x0000, 0x0000, 0x0000, 
0x0000, 0x0000, 0x0000, 0x0000, 0x0000, 0x0000, 0x0000, 0x0000, 
0x0000, 0x0000, 0x0000, 0x0000, 0x0000, 0x0000, 0x0000, 0x0000, 
0x0000, 0x0000, 0x0000, 0x0000, 0x0000, 0x0000, 0x0000, 0x0000, 
0x0000, 0x0000, 0x0000, 0x0000, 0x0000, 0x0000, 0x0000, 0x0000, 
0x0000, 0x0000, 0x0000, 0x0000, 0x0000, 0x0000, 0x0000, 0x0000, 
0x0000, 0x0000, 0x0000, 0x0000, 0x0000, 0x0000, 0x0000, 0x0000, 
0x0000, 0x0000, 0x0000, 0x0000, 0x0000, 0x0000, 0x0000, 0x0000, 
0x0000, 0x0000, 0x0000, 0x0000, 0x0000, 0x0000, 0x0000, 0x0000, 
0x0000, 0x0000, 0x0000, 0x0000, 0x0000, 0x0000, 0x0000, 0x0000, 
0x0000, 0x0000, 0x0000, 0x0000, 0x0000, 0x0000, 0x0000, 0x0000, 
0x0000, 0x0000, 0x0000, 0x0000, 0x0000, 0x0000, 0x0000, 0x0000, 
0x0000, 0x0000, 0x0000, 0x0000, 0x0000, 0x0000, 0x0000, 0x0000, 
0x0000, 0x0000, 0x0000, 0x0000, 0x0000, 0x0000, 0x0000, 0x0000, 
0x0000, 0x0000, 0x0000, 0x0000, 0x0000, 0x0000, 0x0000, 0x0000, 
0x0000, 0x0000, 0x0000, 0x0000, 0x0000, 0x0000, 0x0000, 0x0000, 
0x0000, 0x0000, 0x0000, 0x0000, 0x0000, 0x0000, 0x0000, 0x0000, 
0x0000, 0x0000, 0x0000, 0x0000, 0x0000, 0x0000, 0x0000, 0x0000, 
0x0000, 0x0000, 0x0000, 0x0000, 0x0000, 0x0000, 0x0000, 0x0000, 
0x0000, 0x0000, 0x0000, 0x0000, 0x0000, 0x0000, 0x0000, 0x0000, 
0x0000, 0x0000, 0x0000, 0x0000, 0x0000, 0x0000, 0x0000, 0x0000, 
0x0000, 0x0000, 0x0000, 0x0000, 0x0000, 0x0000, 0x0000, 0x0000, 
0x0000, 0x0000, 0x0000, 0x0000, 0x0000, 0x0000, 0x0000, 0x0000, 
0x0000, 0x0000, 0x0000, 0x0000, 0x0000, 0x0000, 0x0000, 0x0000, 
0x0000, 0x0000, 0x0000, 0x0000, 0x0000, 0x0000, 0x0000, 0x0000, 
0x0000, 0x0000, 0x0000, 0x0000, 0x0000, 0x0000, 0x0000, 0x0000, 
0x0000, 0x0000, 0x0000, 0x0000, 0x0000, 0x0000, 0x0000, 0x0000, 
0x0000, 0x0000, 0x0000, 0x0000, 0x0000, 0x0000, 0x0000, 0x0000, 
0x0000, 0x0000, 0x0000, 0x0000, 0x0000, 0x0000, 0x0000, 0x0000, 
0x0000, 0x0000, 0x0000, 0x0000, 0x0000, 0x0000, 0x0000, 0x0000, 
0x0000, 0x0000, 0x0000, 0x0000, 0x0000, 0x0000, 0x0000, 0x0000, 
0x0000, 0x0000, 0x0000, 0x0000, 0x0000, 0x0000, 0x0000, 0x0000, 
0x0000, 0x0000, 0x0000, 0x0000, 0x0000, 0x0000, 0x0000, 0x0000, 
0x0000, 0x0000, 0x0000, 0x0000, 0x0000, 0x0000, 0x0000, 0x0000, 
0x0000, 0x0000, 0x0000, 0x0000, 0x0000, 0x0000, 0x0000, 0x0000, 
0x0000, 0x0000, 0x0000, 0x0000, 0x0000, 0x0000, 0x0000, 0x0000, 
0x0000, 0x0000, 0x0000, 0x0000, 0x0000, 0x0000, 0x0000, 0x0000, 
0x0000, 0x0000, 0x0000, 0x0000, 0x0000, 0x0000, 0x0000, 0x0000, 
0x0000, 0x0000, 0x0000, 0x0000, 0x0000, 0x0000, 0x0000, 0x0000, 
0x0000, 0x0000, 0x0000, 0x0000, 0x0000, 0x0000, 0x0000, 0x0000, 
0x0000, 0x0000, 0x0000, 0x0000, 0x0000, 0x0000, 0x0000, 0x0000, 
0x0000, 0x0000, 0x0000, 0x0000, 0x0000, 0x0000, 0x0000, 0x0000, 
0x0000, 0x0000, 0x0000, 0x0000, 0x0000, 0x0000, 0x0000, 0x0000, 
0x0000, 0x0000, 0x0000, 0x0000, 0x0000, 0x0000, 0x0000, 0x0000, 
0x0000, 0x0000, 0x0000, 0x0000, 0x0000, 0x0000, 0x0000, 0x0000, 
0x0000, 0x0000, 0x0000, 0x0000, 0x0000, 0x0000, 0x0000, 0x0000, 
0x0000, 0x0000, 0x0000, 0x0000, 0x0000, 0x0000, 0x0000, 0x0000, 
0x0000, 0x0000, 0x0000, 0x0000, 0x0000, 0x0000, 0x0000, 0x0000, 
0x0000, 0x0000, 0x0000, 0x0000, 0x0000, 0x0000, 0x0000, 0x0000, 
0x0000, 0x0000, 0x0000, 0x0000, 0x0000, 0x0000, 0x0000, 0x0000, 
0x0000, 0x0000, 0x0000, 0x0000, 0x0000, 0x0000, 0x0000, 0x0000, 
0x0000, 0x0000, 0x0000, 0x0000, 0x0000, 0x0000, 0x0000, 0x0000, 
0x0000, 0x0000, 0x0000, 0x0000, 0x0000, 0x0000, 0x0000, 0x0000, 
0x0000, 0x0000, 0x0000, 0x0000, 0x0000, 0x0000, 0x0000, 0x0000, 
0x0000, 0x0000, 0x0000, 0x0000, 0x0000, 0x0000, 0x0000, 0x0000, 
0x0000, 0x0000, 0x0000, 0x0000, 0x0000, 0x0000, 0x0000, 0x0000, 
0x0000, 0x0000, 0x0000, 0x0000, 0x0000, 0x0000, 0x0000, 0x0000, 
0x0000, 0x0000, 0x0000, 0x0000, 0x0000, 0x0000, 0x0000, 0x0000, 
0x0000, 0x0000, 0x0000, 0x0000, 0x0000, 0x0000, 0x0000, 0x0000, 
0x0000, 0x0000, 0x0000, 0x0000, 0x0000, 0x0000, 0x0000, 0x0000, 
0x0000, 0x0000, 0x0000, 0x0000, 0x0000, 0x0000, 0x0000, 0x0000, 
0x0000, 0x0000, 0x0000, 0x0000, 0x0000, 0x0000, 0x0000, 0x0000, 
0x0000, 0x0000, 0x0000, 0x0000, 0x0000, 0x0000, 0x0000, 0x0000, 
0x0000, 0x0000, 0x0000, 0x0000, 0x0000, 0x0000, 0x0000, 0x0000, 
0x0000, 0x0000, 0x0000, 0x0000, 0x0000, 0x0000, 0x0000, 0x0000, 
0x0000, 0x0000, 0x0000, 0x0000, 0x0000, 0x0000, 0x0000, 0x0000, 
0x0000, 0x0000, 0x0000, 0x0000, 0x0000, 0x0000, 0x0000, 0x0000, 
0x0000, 0x0000, 0x0000, 0x0000, 0x0000, 0x0000, 0x0000, 0x0000, 
0x0000, 0x0000, 0x0000, 0x0000, 0x0000, 0x0000, 0x0000, 0x0000, 
0x0000, 0x0000, 0x0000, 0x0000, 0x0000, 0x0000, 0x0000, 0x0000, 
0x0000, 0x0000, 0x0000, 0x0000, 0x0000, 0x0000, 0x0000, 0x0000, 
0x0000, 0x0000, 0x0000, 0x0000, 0x0000, 0x0000, 0x0000, 0x0000, 
0x0000, 0x0000, 0x0000, 0x0000, 0x0000, 0x0000, 0x0000, 0x0000, 
0x0000, 0x0000, 0x0000, 0x0000, 0x0000, 0x0000, 0x0000, 0x0000, 
0x0000, 0x0000, 0x0000, 0x0000, 0x0000, 0x0000, 0x0000, 0x0000, 
0x0000, 0x0000, 0x0000, 0x0000, 0x0000, 0x0000, 0x0000, 0x0000, 
0x0000, 0x0000, 0x0000, 0x0000, 0x0000, 0x0000, 0x0000, 0x0000, 
0x0000, 0x0000, 0x0000, 0x0000, 0x0000, 0x0000, 0x0000, 0x0000, 
0x0000, 0x0000, 0x0000, 0x0000, 0x0000, 0x0000, 0x0000, 0x0000, 
0x0000, 0x0000, 0x0000, 0x0000, 0x0000, 0x0000, 0x0000, 0x0000, 
0x0000, 0x0000, 0x0000, 0x0000, 0x0000, 0x0000, 0x0000, 0x0000, 
0x0000, 0x0000, 0x0000, 0x0000, 0x0000, 0x0000, 0x0000, 0x0000, 
0x0000, 0x0000, 0x0000, 0x0000, 0x0000, 0x0000, 0x0000, 0x0000, 
0x0000, 0x0000, 0x0000, 0x0000, 0x0000, 0x0000, 0x0000, 0x0000, 
0x0000, 0x0000, 0x0000, 0x0000, 0x0000, 0x0000, 0x0000, 0x0000, 
0x0000, 0x0000, 0x0000, 0x0000, 0x0000, 0x0000, 0x0000, 0x0000, 
0x0000, 0x0000, 0x0000, 0x0000, 0x0000, 0x0000, 0x0000, 0x0000, 
0x0000, 0x0000, 0x0000, 0x0000, 0x0000, 0x0000, 0x0000, 0x0000, 
0x0000, 0x0000, 0x0000, 0x0000, 0x0000, 0x0000, 0x0000, 0x0000, 
0x0000, 0x0000, 0x0000, 0x0000, 0x0000, 0x0000, 0x0000, 0x0000, 
0x0000, 0x0000, 0x0000, 0x0000, 0x0000, 0x0000, 0x0000, 0x0000, 
0x0000, 0x0000, 0x0000, 0x0000, 0x0000, 0x0000, 0x0000, 0x0000, 
0x0000, 0x0000, 0x0000, 0x0000, 0x0000, 0x0000, 0x0000, 0x0000, 
0x0000, 0x0000, 0x0000, 0x0000, 0x0000, 0x0000, 0x0000, 0x0000, 
0x0000, 0x0000, 0x0000, 0x0000, 0x0000, 0x0000, 0x0000, 0x0000, 
0x0000, 0x0000, 0x0000, 0x0000, 0x0000, 0x0000, 0x0000, 0x0000, 
0x0000, 0x0000, 0x0000, 0x0000, 0x0000, 0x0000, 0x0000, 0x0000, 
0x0000, 0x0000, 0x0000, 0x0000, 0x0000, 0x0000, 0x0000, 0x0000, 
0x0000, 0x0000, 0x0000, 0x0000, 0x0000, 0x0000, 0x0000, 0x0000, 
0x0000, 0x0000, 0x0000, 0x0000, 0x0000, 0x0000, 0x0000, 0x0000, 
0x0000, 0x0000, 0x0000, 0x0000, 0x0000, 0x0000, 0x0000, 0x0000, 
0x0000, 0x0000, 0x0000, 0x0000, 0x0000, 0x0000, 0x0000, 0x0000, 
0x0000, 0x0000, 0x0000, 0x0000, 0x0000, 0x0000, 0x0000, 0x0000, 
0x0000, 0x0000, 0x0000, 0x0000, 0x0000, 0x0000, 0x0000, 0x0000, 
0x0000, 0x0000, 0x0000, 0x0000, 0x0000, 0x0000, 0x0000, 0x0000, 
0x0000, 0x0000, 0x0000, 0x0000, 0x0000, 0x0000, 0x0000, 0x0000, 
0x0000, 0x0000, 0x0000, 0x0000, 0x0000, 0x0000, 0x0000, 0x0000, 
0x0000, 0x0000, 0x0000, 0x0000, 0x0000, 0x0000, 0x0000, 0x0000, 
0x0000, 0x0000, 0x0000, 0x0000, 0x0000, 0x0000, 0x0000, 0x0000, 
0x0000, 0x0000, 0x0000, 0x0000, 0x0000, 0x0000, 0x0000, 0x0000, 
0x0000, 0x0000, 0x0000, 0x0000, 0x0000, 0x0000, 0x0000, 0x0000, 
0x0000, 0x0000, 0x0000, 0x0000, 0x0000, 0x0000, 0x0000, 0x0000, 
0x0000, 0x0000, 0x0000, 0x0000, 0x0000, 0x0000, 0x0000, 0x0000, 
0x0000, 0x0000, 0x0000, 0x0000, 0x0000, 0x0000, 0x0000, 0x0000, 
0x0000, 0x0000, 0x0000, 0x0000, 0x0000, 0x0000, 0x0000, 0x0000, 
0x0000, 0x0000, 0x0000, 0x0000, 0x0000, 0x0000, 0x0000, 0x0000, 
0x0000, 0x0000, 0x0000, 0x0000, 0x0000, 0x0000, 0x0000, 0x0000, 
0x0000, 0x0000, 0x0000, 0x0000, 0x0000, 0x0000, 0x0000, 0x0000, 
0x0000, 0x0000, 0x0000, 0x0000, 0x0000, 0x0000, 0x0000, 0x0000, 
0x0000, 0x0000, 0x0000, 0x0000, 0x0000, 0x0000, 0x0000, 0x0000, 
0x0000, 0x0000, 0x0000, 0x0000, 0x0000, 0x0000, 0x0000, 0x0000, 
0x0000, 0x0000, 0x0000, 0x0000, 0x0000, 0x0000, 0x0000, 0x0000, 
0x0000, 0x0000, 0x0000, 0x0000, 0x0000, 0x0000, 0x0000, 0x0000, 
0x0000, 0x0000, 0x0000, 0x0000, 0x0000, 0x0000, 0x0000, 0x0000, 
0x0000, 0x0000, 0x0000, 0x0000, 0x0000, 0x0000, 0x0000, 0x0000, 
0x0000, 0x0000, 0x0000, 0x0000, 0x0000, 0x0000, 0x0000, 0x0000, 
0x0000, 0x0000, 0x0000, 0x0000, 0x0000, 0x0000, 0x0000, 0x0000, 
0x0000, 0x0000, 0x0000, 0x0000, 0x0000, 0x0000, 0x0000, 0x0000, 
0x0000, 0x0000, 0x0000, 0x0000, 0x0000, 0x0000, 0x0000, 0x0000, 
0x0000, 0x0000, 0x0000, 0x0000, 0x0000, 0x0000, 0x0000, 0x0000, 
0x0000, 0x0000, 0x0000, 0x0000, 0x0000, 0x0000, 0x0000, 0x0000, 
0x0000, 0x0000, 0x0000, 0x0000, 0x0000, 0x0000, 0x0000, 0x0000, 
0x0000, 0x0000, 0x0000, 0x0000, 0x0000, 0x0000, 0x0000, 0x0000, 
0x0000, 0x0000, 0x0000, 0x0000, 0x0000, 0x0000, 0x0000, 0x0000, 
0x0000, 0x0000, 0x0000, 0x0000, 0x0000, 0x0000, 0x0000, 0x0000, 
0x0000, 0x0000, 0x0000, 0x0000, 0x0000, 0x0000, 0x0000, 0x0000, 
0x0000, 0x0000, 0x0000, 0x0000, 0x0000, 0x0000, 0x0000, 0x0000, 
0x0000, 0x0000, 0x0000, 0x0000, 0x0000, 0x0000, 0x0000, 0x0000, 
0x0000, 0x0000, 0x0000, 0x0000, 0x0000, 0x0000, 0x0000, 0x0000, 
0x0000, 0x0000, 0x0000, 0x0000, 0x0000, 0x0000, 0x0000, 0x0000, 
0x0000, 0x0000, 0x0000, 0x0000, 0x0000, 0x0000, 0x0000, 0x0000, 
0x0000, 0x0000, 0x0000, 0x0000, 0x0000, 0x0000, 0x0000, 0x0000, 
0x0000, 0x0000, 0x0000, 0x0000, 0x0000, 0x0000, 0x0000, 0x0000, 
0x0000, 0x0000, 0x0000, 0x0000, 0x0000, 0x0000, 0x0000, 0x0000, 
0x0000, 0x0000, 0x0000, 0x0000, 0x0000, 0x0000, 0x0000, 0x0000, 
0x0000, 0x0000, 0x0000, 0x0000, 0x0000, 0x0000, 0x0000, 0x0000, 
0x0000, 0x0000, 0x0000, 0x0000, 0x0000, 0x0000, 0x0000, 0x0000, 
0x0000, 0x0000, 0x0000, 0x0000, 0x0000, 0x0000, 0x0000, 0x0000, 
0x0000, 0x0000, 0x0000, 0x0000, 0x0000, 0x0000, 0x0000, 0x0000, 
0x0000, 0x0000, 0x0000, 0x0000, 0x0000, 0x0000, 0x0000, 0x0000, 
0x0000, 0x0000, 0x0000, 0x0000, 0x0000, 0x0000, 0x0000, 0x0000, 
0x0000, 0x0000, 0x0000, 0x0000, 0x0000, 0x0000, 0x0000, 0x0000, 
0x0000, 0x0000, 0x0000, 0x0000, 0x0000, 0x0000, 0x0000, 0x0000, 
0x0000, 0x0000, 0x0000, 0x0000, 0x0000, 0x0000, 0x0000, 0x0000, 
0x0000, 0x0000, 0x0000, 0x0000, 0x0000, 0x0000, 0x0000, 0x0000, 
0x0000, 0x0000, 0x0000, 0x0000, 0x0000, 0x0000, 0x0000, 0x0000, 
0x0000, 0x0000, 0x0000, 0x0000, 0x0000, 0x0000, 0x0000, 0x0000, 
0x0000, 0x0000, 0x0000, 0x0000, 0x0000, 0x0000, 0x0000, 0x0000, 
0x0000, 0x0000, 0x0000, 0x0000, 0x0000, 0x0000, 0x0000, 0x0000, 
0x0000, 0x0000, 0x0000, 0x0000, 0x0000, 0x0000, 0x0000, 0x0000, 
0x0000, 0x0000, 0x0000, 0x0000, 0x0000, 0x0000, 0x0000, 0x0000, 
0x0000, 0x0000, 0x0000, 0x0000, 0x0000, 0x0000, 0x0000, 0x0000, 
0x0000, 0x0000, 0x0000, 0x0000, 0x0000, 0x0000, 0x0000, 0x0000, 
0x0000, 0x0000, 0x0000, 0x0000, 0x0000, 0x0000, 0x0000, 0x0000, 
0x0000, 0x0000, 0x0000, 0x0000, 0x0000, 0x0000, 0x0000, 0x0000, 
0x0000, 0x0000, 0x0000, 0x0000, 0x0000, 0x0000, 0x0000, 0x0000, 
0x0000, 0x0000, 0x0000, 0x0000, 0x0000, 0x0000, 0x0000, 0x0000, 
0x0000, 0x0000, 0x0000, 0x0000, 0x0000, 0x0000, 0x0000, 0x0000, 
0x0000, 0x0000, 0x0000, 0x0000, 0x0000, 0x0000, 0x0000, 0x0000, 
0x0000, 0x0000, 0x0000, 0x0000, 0x0000, 0x0000, 0x0000, 0x0000, 
0x0000, 0x0000, 0x0000, 0x0000, 0x0000, 0x0000, 0x0000, 0x0000, 
0x0000, 0x0000, 0x0000, 0x0000, 0x0000, 0x0000, 0x0000, 0x0000, 
0x0000, 0x0000, 0x0000, 0x0000, 0x0000, 0x0000, 0x0000, 0x0000, 
0x0000, 0x0000, 0x0000, 0x0000, 0x0000, 0x0000, 0x0000, 0x0000, 
0x0000, 0x0000, 0x0000, 0x0000, 0x0000, 0x0000, 0x0000, 0x0000, 
0x0000, 0x0000, 0x0000, 0x0000, 0x0000, 0x0000, 0x0000, 0x0000, 
0x0000, 0x0000, 0x0000, 0x0000, 0x0000, 0x0000, 0x0000, 0x0000, 
0x0000, 0x0000, 0x0000, 0x0000, 0x0000, 0x0000, 0x0000, 0x0000, 
0x0000, 0x0000, 0x0000, 0x0000, 0x0000, 0x0000, 0x0000, 0x0000, 
0x0000, 0x0000, 0x0000, 0x0000, 0x0000, 0x0000, 0x0000, 0x0000, 
0x0000, 0x0000, 0x0000, 0x0000, 0x0000, 0x0000, 0x0000, 0x0000, 
0x0000, 0x0000, 0x0000, 0x0000, 0x0000, 0x0000, 0x0000, 0x0000, 
0x0000, 0x0000, 0x0000, 0x0000, 0x0000, 0x0000, 0x0000, 0x0000, 
0x0000, 0x0000, 0x0000, 0x0000, 0x0000, 0x0000, 0x0000, 0x0000, 
0x0000, 0x0000, 0x0000, 0x0000, 0x0000, 0x0000, 0x0000, 0x0000, 
0x0000, 0x0000, 0x0000, 0x0000, 0x0000, 0x0000, 0x0000, 0x0000, 
0x0000, 0x0000, 0x0000, 0x0000, 0x0000, 0x0000, 0x0000, 0x0000, 
0x0000, 0x0000, 0x0000, 0x0000, 0x0000, 0x0000, 0x0000, 0x0000, 
0x0000, 0x0000, 0x0000, 0x0000, 0x0000, 0x0000, 0x0000, 0x0000, 
0x0000, 0x0000, 0x0000, 0x0000, 0x0000, 0x0000, 0x0000, 0x0000, 
0x0000, 0x0000, 0x0000, 0x0000, 0x0000, 0x0000, 0x0000, 0x0000, 
0x0000, 0x0000, 0x0000, 0x0000, 0x0000, 0x0000, 0x0000, 0x0000, 
0x0000, 0x0000, 0x0000, 0x0000, 0x0000, 0x0000, 0x0000, 0x0000, 
0x0000, 0x0000, 0x0000, 0x0000, 0x0000, 0x0000, 0x0000, 0x0000, 
0x0000, 0x0000, 0x0000, 0x0000, 0x0000, 0x0000, 0x0000, 0x0000, 
0x0000, 0x0000, 0x0000, 0x0000, 0x0000, 0x0000, 0x0000, 0x0000, 
0x0000, 0x0000, 0x0000, 0x0000, 0x0000, 0x0000, 0x0000, 0x0000, 
0x0000, 0x0000, 0x0000, 0x0000, 0x0000, 0x0000, 0x0000, 0x0000, 
0x0000, 0x0000, 0x0000, 0x0000, 0x0000, 0x0000, 0x0000, 0x0000, 
0x0000, 0x0000, 0x0000, 0x0000, 0x0000, 0x0000, 0x0000, 0x0000, 
0x0000, 0x0000, 0x0000, 0x0000, 0x0000, 0x0000, 0x0000, 0x0000, 
0x0000, 0x0000, 0x0000, 0x0000, 0x0000, 0x0000, 0x0000, 0x0000, 
0x0000, 0x0000, 0x0000, 0x0000, 0x0000, 0x0000, 0x0000, 0x0000, 
0x0000, 0x0000, 0x0000, 0x0000, 0x0000, 0x0000, 0x0000, 0x0000, 
0x0000, 0x0000, 0x0000, 0x0000, 0x0000, 0x0000, 0x0000, 0x0000, 
0x0000, 0x0000, 0x0000, 0x0000, 0x0000, 0x0000, 0x0000, 0x0000, 
0x0000, 0x0000, 0x0000, 0x0000, 0x0000, 0x0000, 0x0000, 0x0000, 
0x0000, 0x0000, 0x0000, 0x0000, 0x0000, 0x0000, 0x0000, 0x0000, 
0x0000, 0x0000, 0x0000, 0x0000, 0x0000, 0x0000, 0x0000, 0x0000, 
0x0000, 0x0000, 0x0000, 0x0000, 0x0000, 0x0000, 0x0000, 0x0000, 
0x0000, 0x0000, 0x0000, 0x0000, 0x0000, 0x0000, 0x0000, 0x0000, 
0x0000, 0x0000, 0x0000, 0x0000, 0x0000, 0x0000, 0x0000, 0x0000, 
0x0000, 0x0000, 0x0000, 0x0000, 0x0000, 0x0000, 0x0000, 0x0000, 
0x0000, 0x0000, 0x0000, 0x0000, 0x0000, 0x0000, 0x0000, 0x0000, 
0x0000, 0x0000, 0x0000, 0x0000, 0x0000, 0x0000, 0x0000, 0x0000, 
0x0000, 0x0000, 0x0000, 0x0000, 0x0000, 0x0000, 0x0000, 0x0000, 
0x0000, 0x0000, 0x0000, 0x0000, 0x0000, 0x0000, 0x0000, 0x0000, 
0x0000, 0x0000, 0x0000, 0x0000, 0x0000, 0x0000, 0x0000, 0x0000, 
0x0000, 0x0000, 0x0000, 0x0000, 0x0000, 0x0000, 0x0000, 0x0000, 
0x0000, 0x0000, 0x0000, 0x0000, 0x0000, 0x0000, 0x0000, 0x0000, 
0x0000, 0x0000, 0x0000, 0x0000, 0x0000, 0x0000, 0x0000, 0x0000, 
0x0000, 0x0000, 0x0000, 0x0000, 0x0000, 0x0000, 0x0000, 0x0000, 
0x0000, 0x0000, 0x0000, 0x0000, 0x0000, 0x0000, 0x0000, 0x0000, 
0x0000, 0x0000, 0x0000, 0x0000, 0x0000, 0x0000, 0x0000, 0x0000, 
0x0000, 0x0000, 0x0000, 0x0000, 0x0000, 0x0000, 0x0000, 0x0000, 
0x0000, 0x0000, 0x0000, 0x0000, 0x0000, 0x0000, 0x0000, 0x0000, 
0x0000, 0x0000, 0x0000, 0x0000, 0x0000, 0x0000, 0x0000, 0x0000, 
0x0000, 0x0000, 0x0000, 0x0000, 0x0000, 0x0000, 0x0000, 0x0000, 
0x0000, 0x0000, 0x0000, 0x0000, 0x0000, 0x0000, 0x0000, 0x0000, 
0x0000, 0x0000, 0x0000, 0x0000, 0x0000, 0x0000, 0x0000, 0x0000, 
0x0000, 0x0000, 0x0000, 0x0000, 0x0000, 0x0000, 0x0000, 0x0000, 
0x0000, 0x0000, 0x0000, 0x0000, 0x0000, 0x0000, 0x0000, 0x0000, 
0x0000, 0x0000, 0x0000, 0x0000, 0x0000, 0x0000, 0x0000, 0x0000, 
0x0000, 0x0000, 0x0000, 0x0000, 0x0000, 0x0000, 0x0000, 0x0000, 
0x0000, 0x0000, 0x0000, 0x0000, 0x0000, 0x0000, 0x0000, 0x0000, 
0x0000, 0x0000, 0x0000, 0x0000, 0x0000, 0x0000, 0x0000, 0x0000, 
0x0000, 0x0000, 0x0000, 0x0000, 0x0000, 0x0000, 0x0000, 0x0000, 
0x0000, 0x0000, 0x0000, 0x0000, 0x0000, 0x0000, 0x0000, 0x0000, 
0x0000, 0x0000, 0x0000, 0x0000, 0x0000, 0x0000, 0x0000, 0x0000, 
0x0000, 0x0000, 0x0000, 0x0000, 0x0000, 0x0000, 0x0000, 0x0000, 
0x0000, 0x0000, 0x0000, 0x0000, 0x0000, 0x0000, 0x0000, 0x0000, 
0x0000, 0x0000, 0x0000, 0x0000, 0x0000, 0x0000, 0x0000, 0x0000, 
0x0000, 0x0000, 0x0000, 0x0000, 0x0000, 0x0000, 0x0000, 0x0000, 
0x0000, 0x0000, 0x0000, 0x0000, 0x0000, 0x0000, 0x0000, 0x0000, 
0x0000, 0x0000, 0x0000, 0x0000, 0x0000, 0x0000, 0x0000, 0x0000, 
0x0000, 0x0000, 0x0000, 0x0000, 0x0000, 0x0000, 0x0000, 0x0000, 
0x0000, 0x0000, 0x0000, 0x0000, 0x0000, 0x0000, 0x0000, 0x0000, 
0x0000, 0x0000, 0x0000, 0x0000, 0x0000, 0x0000, 0x0000, 0x0000, 
0x0000, 0x0000, 0x0000, 0x0000, 0x0000, 0x0000, 0x0000, 0x0000, 
0x0000, 0x0000, 0x0000, 0x0000, 0x0000, 0x0000, 0x0000, 0x0000, 
0x0000, 0x0000, 0x0000, 0x0000, 0x0000, 0x0000, 0x0000, 0x0000, 
0x0000, 0x0000, 0x0000, 0x0000, 0x0000, 0x0000, 0x0000, 0x0000, 
0x0000, 0x0000, 0x0000, 0x0000, 0x0000, 0x0000, 0x0000, 0x0000, 
0x0000, 0x0000, 0x0000, 0x0000, 0x0000, 0x0000, 0x0000, 0x0000, 
0x0000, 0x0000, 0x0000, 0x0000, 0x0000, 0x0000, 0x0000, 0x0000, 
0x0000, 0x0000, 0x0000, 0x0000, 0x0000, 0x0000, 0x0000, 0x0000, 
0x0000, 0x0000, 0x0000, 0x0000, 0x0000, 0x0000, 0x0000, 0x0000, 
0x0000, 0x0000, 0x0000, 0x0000, 0x0000, 0x0000, 0x0000, 0x0000, 
0x0000, 0x0000, 0x0000, 0x0000, 0x0000, 0x0000, 0x0000, 0x0000, 
0x0000, 0x0000, 0x0000, 0x0000, 0x0000, 0x0000, 0x0000, 0x0000, 
0x0000, 0x0000, 0x0000, 0x0000, 0x0000, 0x0000, 0x0000, 0x0000, 
0x0000, 0x0000, 0x0000, 0x0000, 0x0000, 0x0000, 0x0000, 0x0000, 
0x0000, 0x0000, 0x0000, 0x0000, 0x0000, 0x0000, 0x0000, 0x0000, 
0x0000, 0x0000, 0x0000, 0x0000, 0x0000, 0x0000, 0x0000, 0x0000, 
0x0000, 0x0000, 0x0000, 0x0000, 0x0000, 0x0000, 0x0000, 0x0000, 
0x0000, 0x0000, 0x0000, 0x0000, 0x0000, 0x0000, 0x0000, 0x0000, 
0x0000, 0x0000, 0x0000, 0x0000, 0x0000, 0x0000, 0x0000, 0x0000, 
0x0000, 0x0000, 0x0000, 0x0000, 0x0000, 0x0000, 0x0000, 0x0000, 
0x0000, 0x0000, 0x0000, 0x0000, 0x0000, 0x0000, 0x0000, 0x0000, 
0x0000, 0x0000, 0x0000, 0x0000, 0x0000, 0x0000, 0x0000, 0x0000, 
0x0000, 0x0000, 0x0000, 0x0000, 0x0000, 0x0000, 0x0000, 0x0000, 
0x0000, 0x0000, 0x0000, 0x0000, 0x0000, 0x0000, 0x0000, 0x0000, 
0x0000, 0x0000, 0x0000, 0x0000, 0x0000, 0x0000, 0x0000, 0x0000, 
0x0000, 0x0000, 0x0000, 0x0000, 0x0000, 0x0000, 0x0000, 0x0000, 
0x0000, 0x0000, 0x0000, 0x0000, 0x0000, 0x0000, 0x0000, 0x0000, 
0x0000, 0x0000, 0x0000, 0x0000, 0x0000, 0x0000, 0x0000, 0x0000, 
0x0000, 0x0000, 0x0000, 0x0000, 0x0000, 0x0000, 0x0000, 0x0000, 
0x0000, 0x0000, 0x0000, 0x0000, 0x0000, 0x0000, 0x0000, 0x0000, 
0x0000, 0x0000, 0x0000, 0x0000, 0x0000, 0x0000, 0x0000, 0x0000, 
0x0000, 0x0000, 0x0000, 0x0000, 0x0000, 0x0000, 0x0000, 0x0000, 
0x0000, 0x0000, 0x0000, 0x0000, 0x0000, 0x0000, 0x0000, 0x0000, 
0x0000, 0x0000, 0x0000, 0x0000, 0x0000, 0x0000, 0x0000, 0x0000, 
0x0000, 0x0000, 0x0000, 0x0000, 0x0000, 0x0000, 0x0000, 0x0000, 
0x0000, 0x0000, 0x0000, 0x0000, 0x0000, 0x0000, 0x0000, 0x0000, 
0x0000, 0x0000, 0x0000, 0x0000, 0x0000, 0x0000, 0x0000, 0x0000, 
0x0000, 0x0000, 0x0000, 0x0000, 0x0000, 0x0000, 0x0000, 0x0000, 
0x0000, 0x0000, 0x0000, 0x0000, 0x0000, 0x0000, 0x0000, 0x0000, 
0x0000, 0x0000, 0x0000, 0x0000, 0x0000, 0x0000, 0x0000, 0x0000, 
0x0000, 0x0000, 0x0000, 0x0000, 0x0000, 0x0000, 0x0000, 0x0000, 
0x0000, 0x0000, 0x0000, 0x0000, 0x0000, 0x0000, 0x0000, 0x0000, 
0x0000, 0x0000, 0x0000, 0x0000, 0x0000, 0x0000, 0x0000, 0x0000, 
0x0000, 0x0000, 0x0000, 0x0000, 0x0000, 0x0000, 0x0000, 0x0000, 
0x0000, 0x0000, 0x0000, 0x0000, 0x0000, 0x0000, 0x0000, 0x0000, 
0x0000, 0x0000, 0x0000, 0x0000, 0x0000, 0x0000, 0x0000, 0x0000, 
0x0000, 0x0000, 0x0000, 0x0000, 0x0000, 0x0000, 0x0000, 0x0000, 
0x0000, 0x0000, 0x0000, 0x0000, 0x0000, 0x0000, 0x0000, 0x0000, 
0x0000, 0x0000, 0x0000, 0x0000, 0x0000, 0x0000, 0x0000, 0x0000, 
0x0000, 0x0000, 0x0000, 0x0000, 0x0000, 0x0000, 0x0000, 0x0000, 
0x0000, 0x0000, 0x0000, 0x0000, 0x0000, 0x0000, 0x0000, 0x0000, 
0x0000, 0x0000, 0x0000, 0x0000, 0x0000, 0x0000, 0x0000, 0x0000, 
0x0000, 0x0000, 0x0000, 0x0000, 0x0000, 0x0000, 0x0000, 0x0000, 
0x0000, 0x0000, 0x0000, 0x0000, 0x0000, 0x0000, 0x0000, 0x0000, 
0x0000, 0x0000, 0x0000, 0x0000, 0x0000, 0x0000, 0x0000, 0x0000, 
0x0000, 0x0000, 0x0000, 0x0000, 0x0000, 0x0000, 0x0000, 0x0000, 
0x0000, 0x0000, 0x0000, 0x0000, 0x0000, 0x0000, 0x0000, 0x0000, 
0x0000, 0x0000, 0x0000, 0x0000, 0x0000, 0x0000, 0x0000, 0x0000, 
0x0000, 0x0000, 0x0000, 0x0000, 0x0000, 0x0000, 0x0000, 0x0000, 
0x0000, 0x0000, 0x0000, 0x0000, 0x0000, 0x0000, 0x0000, 0x0000, 
0x0000, 0x0000, 0x0000, 0x0000, 0x0000, 0x0000, 0x0000, 0x0000, 
0x0000, 0x0000, 0x0000, 0x0000, 0x0000, 0x0000, 0x0000, 0x0000, 
0x0000, 0x0000, 0x0000, 0x0000, 0x0000, 0x0000, 0x0000, 0x0000, 
0x0000, 0x0000, 0x0000, 0x0000, 0x0000, 0x0000, 0x0000, 0x0000, 
0x0000, 0x0000, 0x0000, 0x0000, 0x0000, 0x0000, 0x0000, 0x0000, 
0x0000, 0x0000, 0x0000, 0x0000, 0x0000, 0x0000, 0x0000, 0x0000, 
0x0000, 0x0000, 0x0000, 0x0000, 0x0000, 0x0000, 0x0000, 0x0000, 
0x0000, 0x0000, 0x0000, 0x0000, 0x0000, 0x0000, 0x0000, 0x0000, 
0x0000, 0x0000, 0x0000, 0x0000, 0x0000, 0x0000, 0x0000, 0x0000, 
0x0000, 0x0000, 0x0000, 0x0000, 0x0000, 0x0000, 0x0000, 0x0000, 
0x0000, 0x0000, 0x0000, 0x0000, 0x0000, 0x0000, 0x0000, 0x0000, 
0x0000, 0x0000, 0x0000, 0x0000, 0x0000, 0x0000, 0x0000, 0x0000, 
0x0000, 0x0000, 0x0000, 0x0000, 0x0000, 0x0000, 0x0000, 0x0000, 
0x0000, 0x0000, 0x0000, 0x0000, 0x0000, 0x0000, 0x0000, 0x0000, 
0x0000, 0x0000, 0x0000, 0x0000, 0x0000, 0x0000, 0x0000, 0x0000, 
0x0000, 0x0000, 0x0000, 0x0000, 0x0000, 0x0000, 0x0000, 0x0000, 
0x0000, 0x0000, 0x0000, 0x0000, 0x0000, 0x0000, 0x0000, 0x0000, 
0x0000, 0x0000, 0x0000, 0x0000, 0x0000, 0x0000, 0x0000, 0x0000, 
0x0000, 0x0000, 0x0000, 0x0000, 0x0000, 0x0000, 0x0000, 0x0000, 
0x0000, 0x0000, 0x0000, 0x0000, 0x0000, 0x0000, 0x0000, 0x0000, 
0x0000, 0x0000, 0x0000, 0x0000, 0x0000, 0x0000, 0x0000, 0x0000, 
0x0000, 0x0000, 0x0000, 0x0000, 0x0000, 0x0000, 0x0000, 0x0000, 
0x0000, 0x0000, 0x0000, 0x0000, 0x0000, 0x0000, 0x0000, 0x0000, 
0x0000, 0x0000, 0x0000, 0x0000, 0x0000, 0x0000, 0x0000, 0x0000, 
0x0000, 0x0000, 0x0000, 0x0000, 0x0000, 0x0000, 0x0000, 0x0000, 
0x0000, 0x0000, 0x0000, 0x0000, 0x0000, 0x0000, 0x0000, 0x0000, 
0x0000, 0x0000, 0x0000, 0x0000, 0x0000, 0x0000, 0x0000, 0x0000, 
0x0000, 0x0000, 0x0000, 0x0000, 0x0000, 0x0000, 0x0000, 0x0000, 
0x0000, 0x0000, 0x0000, 0x0000, 0x0000, 0x0000, 0x0000, 0x0000, 
0x0000, 0x0000, 0x0000, 0x0000, 0x0000, 0x0000, 0x0000, 0x0000, 
0x0000, 0x0000, 0x0000, 0x0000, 0x0000, 0x0000, 0x0000, 0x0000, 
0x0000, 0x0000, 0x0000, 0x0000, 0x0000, 0x0000, 0x0000, 0x0000, 
0x0000, 0x0000, 0x0000, 0x0000, 0x0000, 0x0000, 0x0000, 0x0000, 
0x0000, 0x0000, 0x0000, 0x0000, 0x0000, 0x0000, 0x0000, 0x0000, 
0x0000, 0x0000, 0x0000, 0x0000, 0x0000, 0x0000, 0x0000, 0x0000, 
0x0000, 0x0000, 0x0000, 0x0000, 0x0000, 0x0000, 0x0000, 0x0000, 
0x0000, 0x0000, 0x0000, 0x0000, 0x0000, 0x0000, 0x0000, 0x0000, 
0x0000, 0x0000, 0x0000, 0x0000, 0x0000, 0x0000, 0x0000, 0x0000, 
0x0000, 0x0000, 0x0000, 0x0000, 0x0000, 0x0000, 0x0000, 0x0000, 
0x0000, 0x0000, 0x0000, 0x0000, 0x0000, 0x0000, 0x0000, 0x0000, 
0x0000, 0x0000, 0x0000, 0x0000, 0x0000, 0x0000, 0x0000, 0x0000, 
0x0000, 0x0000, 0x0000, 0x0000, 0x0000, 0x0000, 0x0000, 0x0000, 
0x0000, 0x0000, 0x0000, 0x0000, 0x0000, 0x0000, 0x0000, 0x0000, 
0x0000, 0x0000, 0x0000, 0x0000, 0x0000, 0x0000, 0x0000, 0x0000, 
0x0000, 0x0000, 0x0000, 0x0000, 0x0000, 0x0000, 0x0000, 0x0000, 
0x0000, 0x0000, 0x0000, 0x0000, 0x0000, 0x0000, 0x0000, 0x0000, 
0x0000, 0x0000, 0x0000, 0x0000, 0x0000, 0x0000, 0x0000, 0x0000, 
0x0000, 0x0000, 0x0000, 0x0000, 0x0000, 0x0000, 0x0000, 0x0000, 
0x0000, 0x0000, 0x0000, 0x0000, 0x0000, 0x0000, 0x0000, 0x0000, 
0x0000, 0x0000, 0x0000, 0x0000, 0x0000, 0x0000, 0x0000, 0x0000, 
0x0000, 0x0000, 0x0000, 0x0000, 0x0000, 0x0000, 0x0000, 0x0000, 
0x0000, 0x0000, 0x0000, 0x0000, 0x0000, 0x0000, 0x0000, 0x0000, 
0x0000, 0x0000, 0x0000, 0x0000, 0x0000, 0x0000, 0x0000, 0x0000, 
0x0000, 0x0000, 0x0000, 0x0000, 0x0000, 0x0000, 0x0000, 0x0000, 
0x0000, 0x0000, 0x0000, 0x0000, 0x0000, 0x0000, 0x0000, 0x0000, 
0x0000, 0x0000, 0x0000, 0x0000, 0x0000, 0x0000, 0x0000, 0x0000, 
0x0000, 0x0000, 0x0000, 0x0000, 0x0000, 0x0000, 0x0000, 0x0000, 
0x0000, 0x0000, 0x0000, 0x0000, 0x0000, 0x0000, 0x0000, 0x0000, 
0x0000, 0x0000, 0x0000, 0x0000, 0x0000, 0x0000, 0x0000, 0x0000, 
0x0000, 0x0000, 0x0000, 0x0000, 0x0000, 0x0000, 0x0000, 0x0000, 
0x0000, 0x0000, 0x0000, 0x0000, 0x0000, 0x0000, 0x0000, 0x0000, 
0x0000, 0x0000, 0x0000, 0x0000, 0x0000, 0x0000, 0x0000, 0x0000, 
0x0000, 0x0000, 0x0000, 0x0000, 0x0000, 0x0000, 0x0000, 0x0000, 
0x0000, 0x0000, 0x0000, 0x0000, 0x0000, 0x0000, 0x0000, 0x0000, 
0x0000, 0x0000, 0x0000, 0x0000, 0x0000, 0x0000, 0x0000, 0x0000, 
0x0000, 0x0000, 0x0000, 0x0000, 0x0000, 0x0000, 0x0000, 0x0000, 
0x0000, 0x0000, 0x0000, 0x0000, 0x0000, 0x0000, 0x0000, 0x0000, 
0x0000, 0x0000, 0x0000, 0x0000, 0x0000, 0x0000, 0x0000, 0x0000, 
0x0000, 0x0000, 0x0000, 0x0000, 0x0000, 0x0000, 0x0000, 0x0000, 
0x0000, 0x0000, 0x0000, 0x0000, 0x0000, 0x0000, 0x0000, 0x0000, 
0x0000, 0x0000, 0x0000, 0x0000, 0x0000, 0x0000, 0x0000, 0x0000, 
0x0000, 0x0000, 0x0000, 0x0000, 0x0000, 0x0000, 0x0000, 0x0000, 
0x0000, 0x0000, 0x0000, 0x0000, 0x0000, 0x0000, 0x0000, 0x0000, 
0x0000, 0x0000, 0x0000, 0x0000, 0x0000, 0x0000, 0x0000, 0x0000, 
0x0000, 0x0000, 0x0000, 0x0000, 0x0000, 0x0000, 0x0000, 0x0000, 
0x0000, 0x0000, 0x0000, 0x0000, 0x0000, 0x0000, 0x0000, 0x0000, 
0x0000, 0x0000, 0x0000, 0x0000, 0x0000, 0x0000, 0x0000, 0x0000, 
0x0000, 0x0000, 0x0000, 0x0000, 0x0000, 0x0000, 0x0000, 0x0000, 
0x0000, 0x0000, 0x0000, 0x0000, 0x0000, 0x0000, 0x0000, 0x0000, 
0x0000, 0x0000, 0x0000, 0x0000, 0x0000, 0x0000, 0x0000, 0x0000, 
0x0000, 0x0000, 0x0000, 0x0000, 0x0000, 0x0000, 0x0000, 0x0000, 
0x0000, 0x0000, 0x0000, 0x0000, 0x0000, 0x0000, 0x0000, 0x0000, 
0x0000, 0x0000, 0x0000, 0x0000, 0x0000, 0x0000, 0x0000, 0x0000, 
0x0000, 0x0000, 0x0000, 0x0000, 0x0000, 0x0000, 0x0000, 0x0000, 
0x0000, 0x0000, 0x0000, 0x0000, 0x0000, 0x0000, 0x0000, 0x0000, 
0x0000, 0x0000, 0x0000, 0x0000, 0x0000, 0x0000, 0x0000, 0x0000, 
0x0000, 0x0000, 0x0000, 0x0000, 0x0000, 0x0000, 0x0000, 0x0000, 
0x0000, 0x0000, 0x0000, 0x0000, 0x0000, 0x0000, 0x0000, 0x0000, 
0x0000, 0x0000, 0x0000, 0x0000, 0x0000, 0x0000, 0x0000, 0x0000, 
0x0000, 0x0000, 0x0000, 0x0000, 0x0000, 0x0000, 0x0000, 0x0000, 
0x0000, 0x0000, 0x0000, 0x0000, 0x0000, 0x0000, 0x0000, 0x0000, 
0x0000, 0x0000, 0x0000, 0x0000, 0x0000, 0x0000, 0x0000, 0x0000, 
0x0000, 0x0000, 0x0000, 0x0000, 0x0000, 0x0000, 0x0000, 0x0000, 
0x0000, 0x0000, 0x0000, 0x0000, 0x0000, 0x0000, 0x0000, 0x0000, 
0x0000, 0x0000, 0x0000, 0x0000, 0x0000, 0x0000, 0x0000, 0x0000, 
0x0000, 0x0000, 0x0000, 0x0000, 0x0000, 0x0000, 0x0000, 0x0000, 
0x0000, 0x0000, 0x0000, 0x0000, 0x0000, 0x0000, 0x0000, 0x0000, 
0x0000, 0x0000, 0x0000, 0x0000, 0x0000, 0x0000, 0x0000, 0x0000, 
0x0000, 0x0000, 0x0000, 0x0000, 0x0000, 0x0000, 0x0000, 0x0000, 
0x0000, 0x0000, 0x0000, 0x0000, 0x0000, 0x0000, 0x0000, 0x0000, 
0x0000, 0x0000, 0x0000, 0x0000, 0x0000, 0x0000, 0x0000, 0x0000, 
0x0000, 0x0000, 0x0000, 0x0000, 0x0000, 0x0000, 0x0000, 0x0000, 
0x0000, 0x0000, 0x0000, 0x0000, 0x0000, 0x0000, 0x0000, 0x0000, 
0x0000, 0x0000, 0x0000, 0x0000, 0x0000, 0x0000, 0x0000, 0x0000, 
0x0000, 0x0000, 0x0000, 0x0000, 0x0000, 0x0000, 0x0000, 0x0000, 
0x0000, 0x0000, 0x0000, 0x0000, 0x0000, 0x0000, 0x0000, 0x0000, 
0x0000, 0x0000, 0x0000, 0x0000, 0x0000, 0x0000, 0x0000, 0x0000, 
0x0000, 0x0000, 0x0000, 0x0000, 0x0000, 0x0000, 0x0000, 0x0000, 
0x0000, 0x0000, 0x0000, 0x0000, 0x0000, 0x0000, 0x0000, 0x0000, 
0x0000, 0x0000, 0x0000, 0x0000, 0x0000, 0x0000, 0x0000, 0x0000, 
0x0000, 0x0000, 0x0000, 0x0000, 0x0000, 0x0000, 0x0000, 0x0000, 
0x0000, 0x0000, 0x0000, 0x0000, 0x0000, 0x0000, 0x0000, 0x0000, 
0x0000, 0x0000, 0x0000, 0x0000, 0x0000, 0x0000, 0x0000, 0x0000, 
0x0000, 0x0000, 0x0000, 0x0000, 0x0000, 0x0000, 0x0000, 0x0000, 
0x0000, 0x0000, 0x0000, 0x0000, 0x0000, 0x0000, 0x0000, 0x0000, 
0x0000, 0x0000, 0x0000, 0x0000, 0x0000, 0x0000, 0x0000, 0x0000, 
0x0000, 0x0000, 0x0000, 0x0000, 0x0000, 0x0000, 0x0000, 0x0000, 
0x0000, 0x0000, 0x0000, 0x0000, 0x0000, 0x0000, 0x0000, 0x0000, 
0x0000, 0x0000, 0x0000, 0x0000, 0x0000, 0x0000, 0x0000, 0x0000, 
0x0000, 0x0000, 0x0000, 0x0000, 0x0000, 0x0000, 0x0000, 0x0000, 
0x0000, 0x0000, 0x0000, 0x0000, 0x0000, 0x0000, 0x0000, 0x0000, 
0x0000, 0x0000, 0x0000, 0x0000, 0x0000, 0x0000, 0x0000, 0x0000, 
0x0000, 0x0000, 0x0000, 0x0000, 0x0000, 0x0000, 0x0000, 0x0000, 
0x0000, 0x0000, 0x0000, 0x0000, 0x0000, 0x0000, 0x0000, 0x0000, 
0x0000, 0x0000, 0x0000, 0x0000, 0x0000, 0x0000, 0x0000, 0x0000, 
0x0000, 0x0000, 0x0000, 0x0000, 0x0000, 0x0000, 0x0000, 0x0000, 
0x0000, 0x0000, 0x0000, 0x0000, 0x0000, 0x0000, 0x0000, 0x0000, 
0x0000, 0x0000, 0x0000, 0x0000, 0x0000, 0x0000, 0x0000, 0x0000, 
0x0000, 0x0000, 0x0000, 0x0000, 0x0000, 0x0000, 0x0000, 0x0000, 
0x0000, 0x0000, 0x0000, 0x0000, 0x0000, 0x0000, 0x0000, 0x0000, 
0x0000, 0x0000, 0x0000, 0x0000, 0x0000, 0x0000, 0x0000, 0x0000, 
0x0000, 0x0000, 0x0000, 0x0000, 0x0000, 0x0000, 0x0000, 0x0000, 
0x0000, 0x0000, 0x0000, 0x0000, 0x0000, 0x0000, 0x0000, 0x0000, 
0x0000, 0x0000, 0x0000, 0x0000, 0x0000, 0x0000, 0x0000, 0x0000, 
0x0000, 0x0000, 0x0000, 0x0000, 0x0000, 0x0000, 0x0000, 0x0000, 
0x0000, 0x0000, 0x0000, 0x0000, 0x0000, 0x0000, 0x0000, 0x0000, 
0x0000, 0x0000, 0x0000, 0x0000, 0x0000, 0x0000, 0x0000, 0x0000, 
0x0000, 0x0000, 0x0000, 0x0000, 0x0000, 0x0000, 0x0000, 0x0000, 
0x0000, 0x0000, 0x0000, 0x0000, 0x0000, 0x0000, 0x0000, 0x0000, 
0x0000, 0x0000, 0x0000, 0x0000, 0x0000, 0x0000, 0x0000, 0x0000, 
0x0000, 0x0000, 0x0000, 0x0000, 0x0000, 0x0000, 0x0000, 0x0000, 
0x0000, 0x0000, 0x0000, 0x0000, 0x0000, 0x0000, 0x0000, 0x0000, 
0x0000, 0x0000, 0x0000, 0x0000, 0x0000, 0x0000, 0x0000, 0x0000, 
0x0000, 0x0000, 0x0000, 0x0000, 0x0000, 0x0000, 0x0000, 0x0000, 
0x0000, 0x0000, 0x0000, 0x0000, 0x0000, 0x0000, 0x0000, 0x0000, 
0x0000, 0x0000, 0x0000, 0x0000, 0x0000, 0x0000, 0x0000, 0x0000, 
0x0000, 0x0000, 0x0000, 0x0000, 0x0000, 0x0000, 0x0000, 0x0000, 
0x0000, 0x0000, 0x0000, 0x0000, 0x0000, 0x0000, 0x0000, 0x0000, 
0x0000, 0x0000, 0x0000, 0x0000, 0x0000, 0x0000, 0x0000, 0x0000, 
0x0000, 0x0000, 0x0000, 0x0000, 0x0000, 0x0000, 0x0000, 0x0000, 
0x0000, 0x0000, 0x0000, 0x0000, 0x0000, 0x0000, 0x0000, 0x0000, 
0x0000, 0x0000, 0x0000, 0x0000, 0x0000, 0x0000, 0x0000, 0x0000, 
0x0000, 0x0000, 0x0000, 0x0000, 0x0000, 0x0000, 0x0000, 0x0000, 
0x0000, 0x0000, 0x0000, 0x0000, 0x0000, 0x0000, 0x0000, 0x0000, 
0x0000, 0x0000, 0x0000, 0x0000, 0x0000, 0x0000, 0x0000, 0x0000, 
0x0000, 0x0000, 0x0000, 0x0000, 0x0000, 0x0000, 0x0000, 0x0000, 
0x0000, 0x0000, 0x0000, 0x0000, 0x0000, 0x0000, 0x0000, 0x0000, 
0x0000, 0x0000, 0x0000, 0x0000, 0x0000, 0x0000, 0x0000, 0x0000, 
0x0000, 0x0000, 0x0000, 0x0000, 0x0000, 0x0000, 0x0000, 0x0000, 
0x0000, 0x0000, 0x0000, 0x0000, 0x0000, 0x0000, 0x0000, 0x0000, 
0x0000, 0x0000, 0x0000, 0x0000, 0x0000, 0x0000, 0x0000, 0x0000, 
0x0000, 0x0000, 0x0000, 0x0000, 0x0000, 0x0000, 0x0000, 0x0000, 
0x0000, 0x0000, 0x0000, 0x0000, 0x0000, 0x0000, 0x0000, 0x0000, 
0x0000, 0x0000, 0x0000, 0x0000, 0x0000, 0x0000, 0x0000, 0x0000, 
0x0000, 0x0000, 0x0000, 0x0000, 0x0000, 0x0000, 0x0000, 0x0000, 
0x0000, 0x0000, 0x0000, 0x0000, 0x0000, 0x0000, 0x0000, 0x0000, 
0x0000, 0x0000, 0x0000, 0x0000, 0x0000, 0x0000, 0x0000, 0x0000, 
0x0000, 0x0000, 0x0000, 0x0000, 0x0000, 0x0000, 0x0000, 0x0000, 
0x0000, 0x0000, 0x0000, 0x0000, 0x0000, 0x0000, 0x0000, 0x0000, 
0x0000, 0x0000, 0x0000, 0x0000, 0x0000, 0x0000, 0x0000, 0x0000, 
0x0000, 0x0000, 0x0000, 0x0000, 0x0000, 0x0000, 0x0000, 0x0000, 
0x0000, 0x0000, 0x0000, 0x0000, 0x0000, 0x0000, 0x0000, 0x0000, 
0x0000, 0x0000, 0x0000, 0x0000, 0x0000, 0x0000, 0x0000, 0x0000, 
0x0000, 0x0000, 0x0000, 0x0000, 0x0000, 0x0000, 0x0000, 0x0000, 
0x0000, 0x0000, 0x0000, 0x0000, 0x0000, 0x0000, 0x0000, 0x0000, 
0x0000, 0x0000, 0x0000, 0x0000, 0x0000, 0x0000, 0x0000, 0x0000, 
0x0000, 0x0000, 0x0000, 0x0000, 0x0000, 0x0000, 0x0000, 0x0000, 
0x0000, 0x0000, 0x0000, 0x0000, 0x0000, 0x0000, 0x0000, 0x0000, 
0x0000, 0x0000, 0x0000, 0x0000, 0x0000, 0x0000, 0x0000, 0x0000, 
0x0000, 0x0000, 0x0000, 0x0000, 0x0000, 0x0000, 0x0000, 0x0000, 
0x0000, 0x0000, 0x0000, 0x0000, 0x0000, 0x0000, 0x0000, 0x0000, 
0x0000, 0x0000, 0x0000, 0x0000, 0x0000, 0x0000, 0x0000, 0x0000, 
0x0000, 0x0000, 0x0000, 0x0000, 0x0000, 0x0000, 0x0000, 0x0000, 
0x0000, 0x0000, 0x0000, 0x0000, 0x0000, 0x0000, 0x0000, 0x0000, 
0x0000, 0x0000, 0x0000, 0x0000, 0x0000, 0x0000, 0x0000, 0x0000, 
0x0000, 0x0000, 0x0000, 0x0000, 0x0000, 0x0000, 0x0000, 0x0000, 
0x0000, 0x0000, 0x0000, 0x0000, 0x0000, 0x0000, 0x0000, 0x0000, 
0x0000, 0x0000, 0x0000, 0x0000, 0x0000, 0x0000, 0x0000, 0x0000, 
0x0000, 0x0000, 0x0000, 0x0000, 0x0000, 0x0000, 0x0000, 0x0000, 
0x0000, 0x0000, 0x0000, 0x0000, 0x0000, 0x0000, 0x0000, 0x0000, 
0x0000, 0x0000, 0x0000, 0x0000, 0x0000, 0x0000, 0x0000, 0x0000, 
0x0000, 0x0000, 0x0000, 0x0000, 0x0000, 0x0000, 0x0000, 0x0000, 
0x0000, 0x0000, 0x0000, 0x0000, 0x0000, 0x0000, 0x0000, 0x0000, 
0x0000, 0x0000, 0x0000, 0x0000, 0x0000, 0x0000, 0x0000, 0x0000, 
0x0000, 0x0000, 0x0000, 0x0000, 0x0000, 0x0000, 0x0000, 0x0000, 
0x0000, 0x0000, 0x0000, 0x0000, 0x0000, 0x0000, 0x0000, 0x0000, 
0x0000, 0x0000, 0x0000, 0x0000, 0x0000, 0x0000, 0x0000, 0x0000, 
0x0000, 0x0000, 0x0000, 0x0000, 0x0000, 0x0000, 0x0000, 0x0000, 
0x0000, 0x0000, 0x0000, 0x0000, 0x0000, 0x0000, 0x0000, 0x0000, 
0x0000, 0x0000, 0x0000, 0x0000, 0x0000, 0x0000, 0x0000, 0x0000, 
0x0000, 0x0000, 0x0000, 0x0000, 0x0000, 0x0000, 0x0000, 0x0000, 
0x0000, 0x0000, 0x0000, 0x0000, 0x0000, 0x0000, 0x0000, 0x0000, 
0x0000, 0x0000, 0x0000, 0x0000, 0x0000, 0x0000, 0x0000, 0x0000, 
0x0000, 0x0000, 0x0000, 0x0000, 0x0000, 0x0000, 0x0000, 0x0000, 
0x0000, 0x0000, 0x0000, 0x0000, 0x0000, 0x0000, 0x0000, 0x0000, 
0x0000, 0x0000, 0x0000, 0x0000, 0x0000, 0x0000, 0x0000, 0x0000, 
0x0000, 0x0000, 0x0000, 0x0000, 0x0000, 0x0000, 0x0000, 0x0000, 
0x0000, 0x0000, 0x0000, 0x0000, 0x0000, 0x0000, 0x0000, 0x0000, 
0x0000, 0x0000, 0x0000, 0x0000, 0x0000, 0x0000, 0x0000, 0x0000, 
0x0000, 0x0000, 0x0000, 0x0000, 0x0000, 0x0000, 0x0000, 0x0000, 
0x0000, 0x0000, 0x0000, 0x0000, 0x0000, 0x0000, 0x0000, 0x0000, 
0x0000, 0x0000, 0x0000, 0x0000, 0x0000, 0x0000, 0x0000, 0x0000, 
0x0000, 0x0000, 0x0000, 0x0000, 0x0000, 0x0000, 0x0000, 0x0000, 
0x0000, 0x0000, 0x0000, 0x0000, 0x0000, 0x0000, 0x0000, 0x0000, 
0x0000, 0x0000, 0x0000, 0x0000, 0x0000, 0x0000, 0x0000, 0x0000, 
0x0000, 0x0000, 0x0000, 0x0000, 0x0000, 0x0000, 0x0000, 0x0000, 
0x0000, 0x0000, 0x0000, 0x0000, 0x0000, 0x0000, 0x0000, 0x0000, 
0x0000, 0x0000, 0x0000, 0x0000, 0x0000, 0x0000, 0x0000, 0x0000, 
0x0000, 0x0000, 0x0000, 0x0000, 0x0000, 0x0000, 0x0000, 0x0000, 
0x0000, 0x0000, 0x0000, 0x0000, 0x0000, 0x0000, 0x0000, 0x0000, 
0x0000, 0x0000, 0x0000, 0x0000, 0x0000, 0x0000, 0x0000, 0x0000, 
0x0000, 0x0000, 0x0000, 0x0000, 0x0000, 0x0000, 0x0000, 0x0000, 
0x0000, 0x0000, 0x0000, 0x0000, 0x0000, 0x0000, 0x0000, 0x0000, 
0x0000, 0x0000, 0x0000, 0x0000, 0x0000, 0x0000, 0x0000, 0x0000, 
0x0000, 0x0000, 0x0000, 0x0000, 0x0000, 0x0000, 0x0000, 0x0000, 
0x0000, 0x0000, 0x0000, 0x0000, 0x0000, 0x0000, 0x0000, 0x0000, 
0x0000, 0x0000, 0x0000, 0x0000, 0x0000, 0x0000, 0x0000, 0x0000, 
0x0000, 0x0000, 0x0000, 0x0000, 0x0000, 0x0000, 0x0000, 0x0000, 
0x0000, 0x0000, 0x0000, 0x0000, 0x0000, 0x0000, 0x0000, 0x0000, 
0x0000, 0x0000, 0x0000, 0x0000, 0x0000, 0x0000, 0x0000, 0x0000, 
0x0000, 0x0000, 0x0000, 0x0000, 0x0000, 0x0000, 0x0000, 0x0000, 
0x0000, 0x0000, 0x0000, 0x0000, 0x0000, 0x0000, 0x0000, 0x0000, 
0x0000, 0x0000, 0x0000, 0x0000, 0x0000, 0x0000, 0x0000, 0x0000, 
0x0000, 0x0000, 0x0000, 0x0000, 0x0000, 0x0000, 0x0000, 0x0000, 
0x0000, 0x0000, 0x0000, 0x0000, 0x0000, 0x0000, 0x0000, 0x0000, 
0x0000, 0x0000, 0x0000, 0x0000, 0x0000, 0x0000, 0x0000, 0x0000, 
0x0000, 0x0000, 0x0000, 0x0000, 0x0000, 0x0000, 0x0000, 0x0000, 
0x0000, 0x0000, 0x0000, 0x0000, 0x0000, 0x0000, 0x0000, 0x0000, 
0x0000, 0x0000, 0x0000, 0x0000, 0x0000, 0x0000, 0x0000, 0x0000, 
0x0000, 0x0000, 0x0000, 0x0000, 0x0000, 0x0000, 0x0000, 0x0000, 
0x0000, 0x0000, 0x0000, 0x0000, 0x0000, 0x0000, 0x0000, 0x0000, 
0x0000, 0x0000, 0x0000, 0x0000, 0x0000, 0x0000, 0x0000, 0x0000, 
0x0000, 0x0000, 0x0000, 0x0000, 0x0000, 0x0000, 0x0000, 0x0000, 
0x0000, 0x0000, 0x0000, 0x0000, 0x0000, 0x0000, 0x0000, 0x0000, 
0x0000, 0x0000, 0x0000, 0x0000, 0x0000, 0x0000, 0x0000, 0x0000, 
0x0000, 0x0000, 0x0000, 0x0000, 0x0000, 0x0000, 0x0000, 0x0000, 
0x0000, 0x0000, 0x0000, 0x0000, 0x0000, 0x0000, 0x0000, 0x0000, 
0x0000, 0x0000, 0x0000, 0x0000, 0x0000, 0x0000, 0x0000, 0x0000, 
0x0000, 0x0000, 0x0000, 0x0000, 0x0000, 0x0000, 0x0000, 0x0000, 
0x0000, 0x0000, 0x0000, 0x0000, 0x0000, 0x0000, 0x0000, 0x0000, 
0x0000, 0x0000, 0x0000, 0x0000, 0x0000, 0x0000, 0x0000, 0x0000, 
0x0000, 0x0000, 0x0000, 0x0000, 0x0000, 0x0000, 0x0000, 0x0000, 
0x0000, 0x0000, 0x0000, 0x0000, 0x0000, 0x0000, 0x0000, 0x0000, 
0x0000, 0x0000, 0x0000, 0x0000, 0x0000, 0x0000, 0x0000, 0x0000, 
0x0000, 0x0000, 0x0000, 0x0000, 0x0000, 0x0000, 0x0000, 0x0000, 
0x0000, 0x0000, 0x0000, 0x0000, 0x0000, 0x0000, 0x0000, 0x0000, 
0x0000, 0x0000, 0x0000, 0x0000, 0x0000, 0x0000, 0x0000, 0x0000, 
0x0000, 0x0000, 0x0000, 0x0000, 0x0000, 0x0000, 0x0000, 0x0000, 
0x0000, 0x0000, 0x0000, 0x0000, 0x0000, 0x0000, 0x0000, 0x0000, 
0x0000, 0x0000, 0x0000, 0x0000, 0x0000, 0x0000, 0x0000, 0x0000, 
0x0000, 0x0000, 0x0000, 0x0000, 0x0000, 0x0000, 0x0000, 0x0000, 
0x0000, 0x0000, 0x0000, 0x0000, 0x0000, 0x0000, 0x0000, 0x0000, 
0x0000, 0x0000, 0x0000, 0x0000, 0x0000, 0x0000, 0x0000, 0x0000, 
0x0000, 0x0000, 0x0000, 0x0000, 0x0000, 0x0000, 0x0000, 0x0000, 
0x0000, 0x0000, 0x0000, 0x0000, 0x0000, 0x0000, 0x0000, 0x0000, 
0x0000, 0x0000, 0x0000, 0x0000, 0x0000, 0x0000, 0x0000, 0x0000, 
0x0000, 0x0000, 0x0000, 0x0000, 0x0000, 0x0000, 0x0000, 0x0000, 
0x0000, 0x0000, 0x0000, 0x0000, 0x0000, 0x0000, 0x0000, 0x0000, 
0x0000, 0x0000, 0x0000, 0x0000, 0x0000, 0x0000, 0x0000, 0x0000, 
0x0000, 0x0000, 0x0000, 0x0000, 0x0000, 0x0000, 0x0000, 0x0000, 
0x0000, 0x0000, 0x0000, 0x0000, 0x0000, 0x0000, 0x0000, 0x0000, 
0x0000, 0x0000, 0x0000, 0x0000, 0x0000, 0x0000, 0x0000, 0x0000, 
0x0000, 0x0000, 0x0000, 0x0000, 0x0000, 0x0000, 0x0000, 0x0000, 
0x0000, 0x0000, 0x0000, 0x0000, 0x0000, 0x0000, 0x0000, 0x0000, 
0x0000, 0x0000, 0x0000, 0x0000, 0x0000, 0x0000, 0x0000, 0x0000, 
0x0000, 0x0000, 0x0000, 0x0000, 0x0000, 0x0000, 0x0000, 0x0000, 
0x0000, 0x0000, 0x0000, 0x0000, 0x0000, 0x0000, 0x0000, 0x0000, 
0x0000, 0x0000, 0x0000, 0x0000, 0x0000, 0x0000, 0x0000, 0x0000, 
0x0000, 0x0000, 0x0000, 0x0000, 0x0000, 0x0000, 0x0000, 0x0000, 
0x0000, 0x0000, 0x0000, 0x0000, 0x0000, 0x0000, 0x0000, 0x0000, 
0x0000, 0x0000, 0x0000, 0x0000, 0x0000, 0x0000, 0x0000, 0x0000, 
0x0000, 0x0000, 0x0000, 0x0000, 0x0000, 0x0000, 0x0000, 0x0000, 
0x0000, 0x0000, 0x0000, 0x0000, 0x0000, 0x0000, 0x0000, 0x0000, 
0x0000, 0x0000, 0x0000, 0x0000, 0x0000, 0x0000, 0x0000, 0x0000, 
0x0000, 0x0000, 0x0000, 0x0000, 0x0000, 0x0000, 0x0000, 0x0000, 
0x0000, 0x0000, 0x0000, 0x0000, 0x0000, 0x0000, 0x0000, 0x0000, 
0x0000, 0x0000, 0x0000, 0x0000, 0x0000, 0x0000, 0x0000, 0x0000, 
0x0000, 0x0000, 0x0000, 0x0000, 0x0000, 0x0000, 0x0000, 0x0000, 
0x0000, 0x0000, 0x0000, 0x0000, 0x0000, 0x0000, 0x0000, 0x0000, 
0x0000, 0x0000, 0x0000, 0x0000, 0x0000, 0x0000, 0x0000, 0x0000, 
0x0000, 0x0000, 0x0000, 0x0000, 0x0000, 0x0000, 0x0000, 0x0000, 
0x0000, 0x0000, 0x0000, 0x0000, 0x0000, 0x0000, 0x0000, 0x0000, 
0x0000, 0x0000, 0x0000, 0x0000, 0x0000, 0x0000, 0x0000, 0x0000, 
0x0000, 0x0000, 0x0000, 0x0000, 0x0000, 0x0000, 0x0000, 0x0000, 
0x0000, 0x0000, 0x0000, 0x0000, 0x0000, 0x0000, 0x0000, 0x0000, 
0x0000, 0x0000, 0x0000, 0x0000, 0x0000, 0x0000, 0x0000, 0x0000, 
0x0000, 0x0000, 0x0000, 0x0000, 0x0000, 0x0000, 0x0000, 0x0000, 
0x0000, 0x0000, 0x0000, 0x0000, 0x0000, 0x0000, 0x0000, 0x0000, 
0x0000, 0x0000, 0x0000, 0x0000, 0x0000, 0x0000, 0x0000, 0x0000, 
0x0000, 0x0000, 0x0000, 0x0000, 0x0000, 0x0000, 0x0000, 0x0000, 
0x0000, 0x0000, 0x0000, 0x0000, 0x0000, 0x0000, 0x0000, 0x0000, 
0x0000, 0x0000, 0x0000, 0x0000, 0x0000, 0x0000, 0x0000, 0x0000, 
0x0000, 0x0000, 0x0000, 0x0000, 0x0000, 0x0000, 0x0000, 0x0000, 
0x0000, 0x0000, 0x0000, 0x0000, 0x0000, 0x0000, 0x0000, 0x0000, 
0x0000, 0x0000, 0x0000, 0x0000, 0x0000, 0x0000, 0x0000, 0x0000, 
0x0000, 0x0000, 0x0000, 0x0000, 0x0000, 0x0000, 0x0000, 0x0000, 
0x0000, 0x0000, 0x0000, 0x0000, 0x0000, 0x0000, 0x0000, 0x0000, 
0x0000, 0x0000, 0x0000, 0x0000, 0x0000, 0x0000, 0x0000, 0x0000, 
0x0000, 0x0000, 0x0000, 0x0000, 0x0000, 0x0000, 0x0000, 0x0000, 
0x0000, 0x0000, 0x0000, 0x0000, 0x0000, 0x0000, 0x0000, 0x0000, 
0x0000, 0x0000, 0x0000, 0x0000, 0x0000, 0x0000, 0x0000, 0x0000, 
0x0000, 0x0000, 0x0000, 0x0000, 0x0000, 0x0000, 0x0000, 0x0000, 
0x0000, 0x0000, 0x0000, 0x0000, 0x0000, 0x0000, 0x0000, 0x0000, 
0x0000, 0x0000, 0x0000, 0x0000, 0x0000, 0x0000, 0x0000, 0x0000, 
0x0000, 0x0000, 0x0000, 0x0000, 0x0000, 0x0000, 0x0000, 0x0000, 
0x0000, 0x0000, 0x0000, 0x0000, 0x0000, 0x0000, 0x0000, 0x0000, 
0x0000, 0x0000, 0x0000, 0x0000, 0x0000, 0x0000, 0x0000, 0x0000, 
0x0000, 0x0000, 0x0000, 0x0000, 0x0000, 0x0000, 0x0000, 0x0000, 
0x0000, 0x0000, 0x0000, 0x0000, 0x0000, 0x0000, 0x0000, 0x0000, 
0x0000, 0x0000, 0x0000, 0x0000, 0x0000, 0x0000, 0x0000, 0x0000, 
0x0000, 0x0000, 0x0000, 0x0000, 0x0000, 0x0000, 0x0000, 0x0000, 
0x0000, 0x0000, 0x0000, 0x0000, 0x0000, 0x0000, 0x0000, 0x0000, 
0x0000, 0x0000, 0x0000, 0x0000, 0x0000, 0x0000, 0x0000, 0x0000, 
0x0000, 0x0000, 0x0000, 0x0000, 0x0000, 0x0000, 0x0000, 0x0000, 
0x0000, 0x0000, 0x0000, 0x0000, 0x0000, 0x0000, 0x0000, 0x0000, 
0x0000, 0x0000, 0x0000, 0x0000, 0x0000, 0x0000, 0x0000, 0x0000, 
0x0000, 0x0000, 0x0000, 0x0000, 0x0000, 0x0000, 0x0000, 0x0000, 
0x0000, 0x0000, 0x0000, 0x0000, 0x0000, 0x0000, 0x0000, 0x0000, 
0x0000, 0x0000, 0x0000, 0x0000, 0x0000, 0x0000, 0x0000, 0x0000, 
0x0000, 0x0000, 0x0000, 0x0000, 0x0000, 0x0000, 0x0000, 0x0000, 
0x0000, 0x0000, 0x0000, 0x0000, 0x0000, 0x0000, 0x0000, 0x0000, 
0x0000, 0x0000, 0x0000, 0x0000, 0x0000, 0x0000, 0x0000, 0x0000, 
0x0000, 0x0000, 0x0000, 0x0000, 0x0000, 0x0000, 0x0000, 0x0000, 
0x0000, 0x0000, 0x0000, 0x0000, 0x0000, 0x0000, 0x0000, 0x0000, 
0x0000, 0x0000, 0x0000, 0x0000, 0x0000, 0x0000, 0x0000, 0x0000, 
0x0000, 0x0000, 0x0000, 0x0000, 0x0000, 0x0000, 0x0000, 0x0000, 
0x0000, 0x0000, 0x0000, 0x0000, 0x0000, 0x0000, 0x0000, 0x0000, 
0x0000, 0x0000, 0x0000, 0x0000, 0x0000, 0x0000, 0x0000, 0x0000, 
0x0000, 0x0000, 0x0000, 0x0000, 0x0000, 0x0000, 0x0000, 0x0000, 
0x0000, 0x0000, 0x0000, 0x0000, 0x0000, 0x0000, 0x0000, 0x0000, 
0x0000, 0x0000, 0x0000, 0x0000, 0x0000, 0x0000, 0x0000, 0x0000, 
0x0000, 0x0000, 0x0000, 0x0000, 0x0000, 0x0000, 0x0000, 0x0000, 
0x0000, 0x0000, 0x0000, 0x0000, 0x0000, 0x0000, 0x0000, 0x0000, 
0x0000, 0x0000, 0x0000, 0x0000, 0x0000, 0x0000, 0x0000, 0x0000, 
0x0000, 0x0000, 0x0000, 0x0000, 0x0000, 0x0000, 0x0000, 0x0000, 
0x0000, 0x0000, 0x0000, 0x0000, 0x0000, 0x0000, 0x0000, 0x0000, 
0x0000, 0x0000, 0x0000, 0x0000, 0x0000, 0x0000, 0x0000, 0x0000, 
0x0000, 0x0000, 0x0000, 0x0000, 0x0000, 0x0000, 0x0000, 0x0000, 
0x0000, 0x0000, 0x0000, 0x0000, 0x0000, 0x0000, 0x0000, 0x0000, 
0x0000, 0x0000, 0x0000, 0x0000, 0x0000, 0x0000, 0x0000, 0x0000, 
0x0000, 0x0000, 0x0000, 0x0000, 0x0000, 0x0000, 0x0000, 0x0000, 
0x0000, 0x0000, 0x0000, 0x0000, 0x0000, 0x0000, 0x0000, 0x0000, 
0x0000, 0x0000, 0x0000, 0x0000, 0x0000, 0x0000, 0x0000, 0x0000, 
0x0000, 0x0000, 0x0000, 0x0000, 0x0000, 0x0000, 0x0000, 0x0000, 
0x0000, 0x0000, 0x0000, 0x0000, 0x0000, 0x0000, 0x0000, 0x0000, 
0x0000, 0x0000, 0x0000, 0x0000, 0x0000, 0x0000, 0x0000, 0x0000, 
0x0000, 0x0000, 0x0000, 0x0000, 0x0000, 0x0000, 0x0000, 0x0000, 
0x0000, 0x0000, 0x0000, 0x0000, 0x0000, 0x0000, 0x0000, 0x0000, 
0x0000, 0x0000, 0x0000, 0x0000, 0x0000, 0x0000, 0x0000, 0x0000, 
0x0000, 0x0000, 0x0000, 0x0000, 0x0000, 0x0000, 0x0000, 0x0000, 
0x0000, 0x0000, 0x0000, 0x0000, 0x0000, 0x0000, 0x0000, 0x0000, 
0x0000, 0x0000, 0x0000, 0x0000, 0x0000, 0x0000, 0x0000, 0x0000, 
0x0000, 0x0000, 0x0000, 0x0000, 0x0000, 0x0000, 0x0000, 0x0000, 
0x0000, 0x0000, 0x0000, 0x0000, 0x0000, 0x0000, 0x0000, 0x0000, 
0x0000, 0x0000, 0x0000, 0x0000, 0x0000, 0x0000, 0x0000, 0x0000, 
0x0000, 0x0000, 0x0000, 0x0000, 0x0000, 0x0000, 0x0000, 0x0000, 
0x0000, 0x0000, 0x0000, 0x0000, 0x0000, 0x0000, 0x0000, 0x0000, 
0x0000, 0x0000, 0x0000, 0x0000, 0x0000, 0x0000, 0x0000, 0x0000, 
0x0000, 0x0000, 0x0000, 0x0000, 0x0000, 0x0000, 0x0000, 0x0000, 
0x0000, 0x0000, 0x0000, 0x0000, 0x0000, 0x0000, 0x0000, 0x0000, 
0x0000, 0x0000, 0x0000, 0x0000, 0x0000, 0x0000, 0x0000, 0x0000, 
0x0000, 0x0000, 0x0000, 0x0000, 0x0000, 0x0000, 0x0000, 0x0000, 
0x0000, 0x0000, 0x0000, 0x0000, 0x0000, 0x0000, 0x0000, 0x0000, 
0x0000, 0x0000, 0x0000, 0x0000, 0x0000, 0x0000, 0x0000, 0x0000, 
0x0000, 0x0000, 0x0000, 0x0000, 0x0000, 0x0000, 0x0000, 0x0000, 
0x0000, 0x0000, 0x0000, 0x0000, 0x0000, 0x0000, 0x0000, 0x0000, 
0x0000, 0x0000, 0x0000, 0x0000, 0x0000, 0x0000, 0x0000, 0x0000, 
0x0000, 0x0000, 0x0000, 0x0000, 0x0000, 0x0000, 0x0000, 0x0000, 
0x0000, 0x0000, 0x0000, 0x0000, 0x0000, 0x0000, 0x0000, 0x0000, 
0x0000, 0x0000, 0x0000, 0x0000, 0x0000, 0x0000, 0x0000, 0x0000, 
0x0000, 0x0000, 0x0000, 0x0000, 0x0000, 0x0000, 0x0000, 0x0000, 
0x0000, 0x0000, 0x0000, 0x0000, 0x0000, 0x0000, 0x0000, 0x0000, 
0x0000, 0x0000, 0x0000, 0x0000, 0x0000, 0x0000, 0x0000, 0x0000, 
0x0000, 0x0000, 0x0000, 0x0000, 0x0000, 0x0000, 0x0000, 0x0000, 
0x0000, 0x0000, 0x0000, 0x0000, 0x0000, 0x0000, 0x0000, 0x0000, 
0x0000, 0x0000, 0x0000, 0x0000, 0x0000, 0x0000, 0x0000, 0x0000, 
0x0000, 0x0000, 0x0000, 0x0000, 0x0000, 0x0000, 0x0000, 0x0000, 
0x0000, 0x0000, 0x0000, 0x0000, 0x0000, 0x0000, 0x0000, 0x0000, 
0x0000, 0x0000, 0x0000, 0x0000, 0x0000, 0x0000, 0x0000, 0x0000, 
0x0000, 0x0000, 0x0000, 0x0000, 0x0000, 0x0000, 0x0000, 0x0000, 
0x0000, 0x0000, 0x0000, 0x0000, 0x0000, 0x0000, 0x0000, 0x0000, 
0x0000, 0x0000, 0x0000, 0x0000, 0x0000, 0x0000, 0x0000, 0x0000, 
0x0000, 0x0000, 0x0000, 0x0000, 0x0000, 0x0000, 0x0000, 0x0000, 
0x0000, 0x0000, 0x0000, 0x0000, 0x0000, 0x0000, 0x0000, 0x0000, 
0x0000, 0x0000, 0x0000, 0x0000, 0x0000, 0x0000, 0x0000, 0x0000, 
0x0000, 0x0000, 0x0000, 0x0000, 0x0000, 0x0000, 0x0000, 0x0000, 
0x0000, 0x0000, 0x0000, 0x0000, 0x0000, 0x0000, 0x0000, 0x0000, 
0x0000, 0x0000, 0x0000, 0x0000, 0x0000, 0x0000, 0x0000, 0x0000, 
0x0000, 0x0000, 0x0000, 0x0000, 0x0000, 0x0000, 0x0000, 0x0000, 
0x0000, 0x0000, 0x0000, 0x0000, 0x0000, 0x0000, 0x0000, 0x0000, 
0x0000, 0x0000, 0x0000, 0x0000, 0x0000, 0x0000, 0x0000, 0x0000, 
0x0000, 0x0000, 0x0000, 0x0000, 0x0000, 0x0000, 0x0000, 0x0000, 
0x0000, 0x0000, 0x0000, 0x0000, 0x0000, 0x0000, 0x0000, 0x0000, 
0x0000, 0x0000, 0x0000, 0x0000, 0x0000, 0x0000, 0x0000, 0x0000, 
0x0000, 0x0000, 0x0000, 0x0000, 0x0000, 0x0000, 0x0000, 0x0000, 
0x0000, 0x0000, 0x0000, 0x0000, 0x0000, 0x0000, 0x0000, 0x0000, 
0x0000, 0x0000, 0x0000, 0x0000, 0x0000, 0x0000, 0x0000, 0x0000, 
0x0000, 0x0000, 0x0000, 0x0000, 0x0000, 0x0000, 0x0000, 0x0000, 
0x0000, 0x0000, 0x0000, 0x0000, 0x0000, 0x0000, 0x0000, 0x0000, 
0x0000, 0x0000, 0x0000, 0x0000, 0x0000, 0x0000, 0x0000, 0x0000, 
0x0000, 0x0000, 0x0000, 0x0000, 0x0000, 0x0000, 0x0000, 0x0000, 
0x0000, 0x0000, 0x0000, 0x0000, 0x0000, 0x0000, 0x0000, 0x0000, 
0x0000, 0x0000, 0x0000, 0x0000, 0x0000, 0x0000, 0x0000, 0x0000, 
0x0000, 0x0000, 0x0000, 0x0000, 0x0000, 0x0000, 0x0000, 0x0000, 
0x0000, 0x0000, 0x0000, 0x0000, 0x0000, 0x0000, 0x0000, 0x0000, 
0x0000, 0x0000, 0x0000, 0x0000, 0x0000, 0x0000, 0x0000, 0x0000, 
0x0000, 0x0000, 0x0000, 0x0000, 0x0000, 0x0000, 0x0000, 0x0000, 
0x0000, 0x0000, 0x0000, 0x0000, 0x0000, 0x0000, 0x0000, 0x0000, 
0x0000, 0x0000, 0x0000, 0x0000, 0x0000, 0x0000, 0x0000, 0x0000, 
0x0000, 0x0000, 0x0000, 0x0000, 0x0000, 0x0000, 0x0000, 0x0000, 
0x0000, 0x0000, 0x0000, 0x0000, 0x0000, 0x0000, 0x0000, 0x0000, 
0x0000, 0x0000, 0x0000, 0x0000, 0x0000, 0x0000, 0x0000, 0x0000, 
0x0000, 0x0000, 0x0000, 0x0000, 0x0000, 0x0000, 0x0000, 0x0000, 
0x0000, 0x0000, 0x0000, 0x0000, 0x0000, 0x0000, 0x0000, 0x0000, 
0x0000, 0x0000, 0x0000, 0x0000, 0x0000, 0x0000, 0x0000, 0x0000, 
0x0000, 0x0000, 0x0000, 0x0000, 0x0000, 0x0000, 0x0000, 0x0000, 
0x0000, 0x0000, 0x0000, 0x0000, 0x0000, 0x0000, 0x0000, 0x0000, 
0x0000, 0x0000, 0x0000, 0x0000, 0x0000, 0x0000, 0x0000, 0x0000, 
0x0000, 0x0000, 0x0000, 0x0000, 0x0000, 0x0000, 0x0000, 0x0000, 
0x0000, 0x0000, 0x0000, 0x0000, 0x0000, 0x0000, 0x0000, 0x0000, 
0x0000, 0x0000, 0x0000, 0x0000, 0x0000, 0x0000, 0x0000, 0x0000, 
0x0000, 0x0000, 0x0000, 0x0000, 0x0000, 0x0000, 0x0000, 0x0000, 
0x0000, 0x0000, 0x0000, 0x0000, 0x0000, 0x0000, 0x0000, 0x0000, 
0x0000, 0x0000, 0x0000, 0x0000, 0x0000, 0x0000, 0x0000, 0x0000, 
0x0000, 0x0000, 0x0000, 0x0000, 0x0000, 0x0000, 0x0000, 0x0000, 
0x0000, 0x0000, 0x0000, 0x0000, 0x0000, 0x0000, 0x0000, 0x0000, 
0x0000, 0x0000, 0x0000, 0x0000, 0x0000, 0x0000, 0x0000, 0x0000, 
0x0000, 0x0000, 0x0000, 0x0000, 0x0000, 0x0000, 0x0000, 0x0000, 
0x0000, 0x0000, 0x0000, 0x0000, 0x0000, 0x0000, 0x0000, 0x0000, 
0x0000, 0x0000, 0x0000, 0x0000, 0x0000, 0x0000, 0x0000, 0x0000, 
0x0000, 0x0000, 0x0000, 0x0000, 0x0000, 0x0000, 0x0000, 0x0000, 
0x0000, 0x0000, 0x0000, 0x0000, 0x0000, 0x0000, 0x0000, 0x0000, 
0x0000, 0x0000, 0x0000, 0x0000, 0x0000, 0x0000, 0x0000, 0x0000, 
0x0000, 0x0000, 0x0000, 0x0000, 0x0000, 0x0000, 0x0000, 0x0000, 
0x0000, 0x0000, 0x0000, 0x0000, 0x0000, 0x0000, 0x0000, 0x0000, 
0x0000, 0x0000, 0x0000, 0x0000, 0x0000, 0x0000, 0x0000, 0x0000, 
0x0000, 0x0000, 0x0000, 0x0000, 0x0000, 0x0000, 0x0000, 0x0000, 
0x0000, 0x0000, 0x0000, 0x0000, 0x0000, 0x0000, 0x0000, 0x0000, 
0x0000, 0x0000, 0x0000, 0x0000, 0x0000, 0x0000, 0x0000, 0x0000, 
0x0000, 0x0000, 0x0000, 0x0000, 0x0000, 0x0000, 0x0000, 0x0000, 
0x0000, 0x0000, 0x0000, 0x0000, 0x0000, 0x0000, 0x0000, 0x0000, 
0x0000, 0x0000, 0x0000, 0x0000, 0x0000, 0x0000, 0x0000, 0x0000, 
0x0000, 0x0000, 0x0000, 0x0000, 0x0000, 0x0000, 0x0000, 0x0000, 
0x0000, 0x0000, 0x0000, 0x0000, 0x0000, 0x0000, 0x0000, 0x0000, 
0x0000, 0x0000, 0x0000, 0x0000, 0x0000, 0x0000, 0x0000, 0x0000, 
0x0000, 0x0000, 0x0000, 0x0000, 0x0000, 0x0000, 0x0000, 0x0000, 
0x0000, 0x0000, 0x0000, 0x0000, 0x0000, 0x0000, 0x0000, 0x0000, 
0x0000, 0x0000, 0x0000, 0x0000, 0x0000, 0x0000, 0x0000, 0x0000, 
0x0000, 0x0000, 0x0000, 0x0000, 0x0000, 0x0000, 0x0000, 0x0000, 
0x0000, 0x0000, 0x0000, 0x0000, 0x0000, 0x0000, 0x0000, 0x0000, 
0x0000, 0x0000, 0x0000, 0x0000, 0x0000, 0x0000, 0x0000, 0x0000, 
0x0000, 0x0000, 0x0000, 0x0000, 0x0000, 0x0000, 0x0000, 0x0000, 
0x0000, 0x0000, 0x0000, 0x0000, 0x0000, 0x0000, 0x0000, 0x0000, 
0x0000, 0x0000, 0x0000, 0x0000, 0x0000, 0x0000, 0x0000, 0x0000, 
0x0000, 0x0000, 0x0000, 0x0000, 0x0000, 0x0000, 0x0000, 0x0000, 
0x0000, 0x0000, 0x0000, 0x0000, 0x0000, 0x0000, 0x0000, 0x0000, 
0x0000, 0x0000, 0x0000, 0x0000, 0x0000, 0x0000, 0x0000, 0x0000, 
0x0000, 0x0000, 0x0000, 0x0000, 0x0000, 0x0000, 0x0000, 0x0000, 
0x0000, 0x0000, 0x0000, 0x0000, 0x0000, 0x0000, 0x0000, 0x0000, 
0x0000, 0x0000, 0x0000, 0x0000, 0x0000, 0x0000, 0x0000, 0x0000, 
0x0000, 0x0000, 0x0000, 0x0000, 0x0000, 0x0000, 0x0000, 0x0000, 
0x0000, 0x0000, 0x0000, 0x0000, 0x0000, 0x0000, 0x0000, 0x0000, 
0x0000, 0x0000, 0x0000, 0x0000, 0x0000, 0x0000, 0x0000, 0x0000, 
0x0000, 0x0000, 0x0000, 0x0000, 0x0000, 0x0000, 0x0000, 0x0000, 
0x0000, 0x0000, 0x0000, 0x0000, 0x0000, 0x0000, 0x0000, 0x0000, 
0x0000, 0x0000, 0x0000, 0x0000, 0x0000, 0x0000, 0x0000, 0x0000, 
0x0000, 0x0000, 0x0000, 0x0000, 0x0000, 0x0000, 0x0000, 0x0000, 
0x0000, 0x0000, 0x0000, 0x0000, 0x0000, 0x0000, 0x0000, 0x0000, 
0x0000, 0x0000, 0x0000, 0x0000, 0x0000, 0x0000, 0x0000, 0x0000, 
0x0000, 0x0000, 0x0000, 0x0000, 0x0000, 0x0000, 0x0000, 0x0000, 
0x0000, 0x0000, 0x0000, 0x0000, 0x0000, 0x0000, 0x0000, 0x0000, 
0x0000, 0x0000, 0x0000, 0x0000, 0x0000, 0x0000, 0x0000, 0x0000, 
0x0000, 0x0000, 0x0000, 0x0000, 0x0000, 0x0000, 0x0000, 0x0000, 
0x0000, 0x0000, 0x0000, 0x0000, 0x0000, 0x0000, 0x0000, 0x0000, 
0x0000, 0x0000, 0x0000, 0x0000, 0x0000, 0x0000, 0x0000, 0x0000, 
0x0000, 0x0000, 0x0000, 0x0000, 0x0000, 0x0000, 0x0000, 0x0000, 
0x0000, 0x0000, 0x0000, 0x0000, 0x0000, 0x0000, 0x0000, 0x0000, 
0x0000, 0x0000, 0x0000, 0x0000, 0x0000, 0x0000, 0x0000, 0x0000, 
0x0000, 0x0000, 0x0000, 0x0000, 0x0000, 0x0000, 0x0000, 0x0000, 
0x0000, 0x0000, 0x0000, 0x0000, 0x0000, 0x0000, 0x0000, 0x0000, 
0x0000, 0x0000, 0x0000, 0x0000, 0x0000, 0x0000, 0x0000, 0x0000, 
0x0000, 0x0000, 0x0000, 0x0000, 0x0000, 0x0000, 0x0000, 0x0000, 
0x0000, 0x0000, 0x0000, 0x0000, 0x0000, 0x0000, 0x0000, 0x0000, 
0x0000, 0x0000, 0x0000, 0x0000, 0x0000, 0x0000, 0x0000, 0x0000, 
0x0000, 0x0000, 0x0000, 0x0000, 0x0000, 0x0000, 0x0000, 0x0000, 
0x0000, 0x0000, 0x0000, 0x0000, 0x0000, 0x0000, 0x0000, 0x0000, 
0x0000, 0x0000, 0x0000, 0x0000, 0x0000, 0x0000, 0x0000, 0x0000, 
0x0000, 0x0000, 0x0000, 0x0000, 0x0000, 0x0000, 0x0000, 0x0000, 
0x0000, 0x0000, 0x0000, 0x0000, 0x0000, 0x0000, 0x0000, 0x0000, 
0x0000, 0x0000, 0x0000, 0x0000, 0x0000, 0x0000, 0x0000, 0x0000, 
0x0000, 0x0000, 0x0000, 0x0000, 0x0000, 0x0000, 0x0000, 0x0000, 
0x0000, 0x0000, 0x0000, 0x0000, 0x0000, 0x0000, 0x0000, 0x0000, 
0x0000, 0x0000, 0x0000, 0x0000, 0x0000, 0x0000, 0x0000, 0x0000, 
0x0000, 0x0000, 0x0000, 0x0000, 0x0000, 0x0000, 0x0000, 0x0000, 
0x0000, 0x0000, 0x0000, 0x0000, 0x0000, 0x0000, 0x0000, 0x0000, 
0x0000, 0x0000, 0x0000, 0x0000, 0x0000, 0x0000, 0x0000, 0x0000, 
0x0000, 0x0000, 0x0000, 0x0000, 0x0000, 0x0000, 0x0000, 0x0000, 
0x0000, 0x0000, 0x0000, 0x0000, 0x0000, 0x0000, 0x0000, 0x0000, 
0x0000, 0x0000, 0x0000, 0x0000, 0x0000, 0x0000, 0x0000, 0x0000, 
0x0000, 0x0000, 0x0000, 0x0000, 0x0000, 0x0000, 0x0000, 0x0000, 
0x0000, 0x0000, 0x0000, 0x0000, 0x0000, 0x0000, 0x0000, 0x0000, 
0x0000, 0x0000, 0x0000, 0x0000, 0x0000, 0x0000, 0x0000, 0x0000, 
0x0000, 0x0000, 0x0000, 0x0000, 0x0000, 0x0000, 0x0000, 0x0000, 
0x0000, 0x0000, 0x0000, 0x0000, 0x0000, 0x0000, 0x0000, 0x0000, 
0x0000, 0x0000, 0x0000, 0x0000, 0x0000, 0x0000, 0x0000, 0x0000, 
0x0000, 0x0000, 0x0000, 0x0000, 0x0000, 0x0000, 0x0000, 0x0000, 
0x0000, 0x0000, 0x0000, 0x0000, 0x0000, 0x0000, 0x0000, 0x0000, 
0x0000, 0x0000, 0x0000, 0x0000, 0x0000, 0x0000, 0x0000, 0x0000, 
0x0000, 0x0000, 0x0000, 0x0000, 0x0000, 0x0000, 0x0000, 0x0000, 
0x0000, 0x0000, 0x0000, 0x0000, 0x0000, 0x0000, 0x0000, 0x0000, 
0x0000, 0x0000, 0x0000, 0x0000, 0x0000, 0x0000, 0x0000, 0x0000, 
0x0000, 0x0000, 0x0000, 0x0000, 0x0000, 0x0000, 0x0000, 0x0000, 
0x0000, 0x0000, 0x0000, 0x0000, 0x0000, 0x0000, 0x0000, 0x0000, 
0x0000, 0x0000, 0x0000, 0x0000, 0x0000, 0x0000, 0x0000, 0x0000, 
0x0000, 0x0000, 0x0000, 0x0000, 0x0000, 0x0000, 0x0000, 0x0000, 
0x0000, 0x0000, 0x0000, 0x0000, 0x0000, 0x0000, 0x0000, 0x0000, 
0x0000, 0x0000, 0x0000, 0x0000, 0x0000, 0x0000, 0x0000, 0x0000, 
0x0000, 0x0000, 0x0000, 0x0000, 0x0000, 0x0000, 0x0000, 0x0000, 
0x0000, 0x0000, 0x0000, 0x0000, 0x0000, 0x0000, 0x0000, 0x0000, 
0x0000, 0x0000, 0x0000, 0x0000, 0x0000, 0x0000, 0x0000, 0x0000, 
0x0000, 0x0000, 0x0000, 0x0000, 0x0000, 0x0000, 0x0000, 0x0000, 
0x0000, 0x0000, 0x0000, 0x0000, 0x0000, 0x0000, 0x0000, 0x0000, 
0x0000, 0x0000, 0x0000, 0x0000, 0x0000, 0x0000, 0x0000, 0x0000, 
0x0000, 0x0000, 0x0000, 0x0000, 0x0000, 0x0000, 0x0000, 0x0000, 
0x0000, 0x0000, 0x0000, 0x0000, 0x0000, 0x0000, 0x0000, 0x0000, 
0x0000, 0x0000, 0x0000, 0x0000, 0x0000, 0x0000, 0x0000, 0x0000, 
0x0000, 0x0000, 0x0000, 0x0000, 0x0000, 0x0000, 0x0000, 0x0000, 
0x0000, 0x0000, 0x0000, 0x0000, 0x0000, 0x0000, 0x0000, 0x0000, 
0x0000, 0x0000, 0x0000, 0x0000, 0x0000, 0x0000, 0x0000, 0x0000, 
0x0000, 0x0000, 0x0000, 0x0000, 0x0000, 0x0000, 0x0000, 0x0000, 
0x0000, 0x0000, 0x0000, 0x0000, 0x0000, 0x0000, 0x0000, 0x0000, 
0x0000, 0x0000, 0x0000, 0x0000, 0x0000, 0x0000, 0x0000, 0x0000, 
0x0000, 0x0000, 0x0000, 0x0000, 0x0000, 0x0000, 0x0000, 0x0000, 
0x0000, 0x0000, 0x0000, 0x0000, 0x0000, 0x0000, 0x0000, 0x0000, 
0x0000, 0x0000, 0x0000, 0x0000, 0x0000, 0x0000, 0x0000, 0x0000, 
0x0000, 0x0000, 0x0000, 0x0000, 0x0000, 0x0000, 0x0000, 0x0000, 
0x0000, 0x0000, 0x0000, 0x0000, 0x0000, 0x0000, 0x0000, 0x0000, 
0x0000, 0x0000, 0x0000, 0x0000, 0x0000, 0x0000, 0x0000, 0x0000, 
0x0000, 0x0000, 0x0000, 0x0000, 0x0000, 0x0000, 0x0000, 0x0000, 
0x0000, 0x0000, 0x0000, 0x0000, 0x0000, 0x0000, 0x0000, 0x0000, 
0x0000, 0x0000, 0x0000, 0x0000, 0x0000, 0x0000, 0x0000, 0x0000, 
0x0000, 0x0000, 0x0000, 0x0000, 0x0000, 0x0000, 0x0000, 0x0000, 
0x0000, 0x0000, 0x0000, 0x0000, 0x0000, 0x0000, 0x0000, 0x0000, 
0x0000, 0x0000, 0x0000, 0x0000, 0x0000, 0x0000, 0x0000, 0x0000, 
0x0000, 0x0000, 0x0000, 0x0000, 0x0000, 0x0000, 0x0000, 0x0000, 
0x0000, 0x0000, 0x0000, 0x0000, 0x0000, 0x0000, 0x0000, 0x0000, 
0x0000, 0x0000, 0x0000, 0x0000, 0x0000, 0x0000, 0x0000, 0x0000, 
0x0000, 0x0000, 0x0000, 0x0000, 0x0000, 0x0000, 0x0000, 0x0000, 
0x0000, 0x0000, 0x0000, 0x0000, 0x0000, 0x0000, 0x0000, 0x0000, 
0x0000, 0x0000, 0x0000, 0x0000, 0x0000, 0x0000, 0x0000, 0x0000, 
0x0000, 0x0000, 0x0000, 0x0000, 0x0000, 0x0000, 0x0000, 0x0000, 
0x0000, 0x0000, 0x0000, 0x0000, 0x0000, 0x0000, 0x0000, 0x0000, 
0x0000, 0x0000, 0x0000, 0x0000, 0x0000, 0x0000, 0x0000, 0x0000, 
0x0000, 0x0000, 0x0000, 0x0000, 0x0000, 0x0000, 0x0000, 0x0000, 
0x0000, 0x0000, 0x0000, 0x0000, 0x0000, 0x0000, 0x0000, 0x0000, 
0x0000, 0x0000, 0x0000, 0x0000, 0x0000, 0x0000, 0x0000, 0x0000, 
0x0000, 0x0000, 0x0000, 0x0000, 0x0000, 0x0000, 0x0000, 0x0000, 
0x0000, 0x0000, 0x0000, 0x0000, 0x0000, 0x0000, 0x0000, 0x0000, 
0x0000, 0x0000, 0x0000, 0x0000, 0x0000, 0x0000, 0x0000, 0x0000, 
0x0000, 0x0000, 0x0000, 0x0000, 0x0000, 0x0000, 0x0000, 0x0000, 
0x0000, 0x0000, 0x0000, 0x0000, 0x0000, 0x0000, 0x0000, 0x0000, 
0x0000, 0x0000, 0x0000, 0x0000, 0x0000, 0x0000, 0x0000, 0x0000, 
0x0000, 0x0000, 0x0000, 0x0000, 0x0000, 0x0000, 0x0000, 0x0000, 
0x0000, 0x0000, 0x0000, 0x0000, 0x0000, 0x0000, 0x0000, 0x0000, 
0x0000, 0x0000, 0x0000, 0x0000, 0x0000, 0x0000, 0x0000, 0x0000, 
0x0000, 0x0000, 0x0000, 0x0000, 0x0000, 0x0000, 0x0000, 0x0000, 
0x0000, 0x0000, 0x0000, 0x0000, 0x0000, 0x0000, 0x0000, 0x0000, 
0x0000, 0x0000, 0x0000, 0x0000, 0x0000, 0x0000, 0x0000, 0x0000, 
0x0000, 0x0000, 0x0000, 0x0000, 0x0000, 0x0000, 0x0000, 0x0000, 
0x0000, 0x0000, 0x0000, 0x0000, 0x0000, 0x0000, 0x0000, 0x0000, 
0x0000, 0x0000, 0x0000, 0x0000, 0x0000, 0x0000, 0x0000, 0x0000, 
0x0000, 0x0000, 0x0000, 0x0000, 0x0000, 0x0000, 0x0000, 0x0000, 
0x0000, 0x0000, 0x0000, 0x0000, 0x0000, 0x0000, 0x0000, 0x0000, 
0x0000, 0x0000, 0x0000, 0x0000, 0x0000, 0x0000, 0x0000, 0x0000, 
0x0000, 0x0000, 0x0000, 0x0000, 0x0000, 0x0000, 0x0000, 0x0000, 
0x0000, 0x0000, 0x0000, 0x0000, 0x0000, 0x0000, 0x0000, 0x0000, 
0x0000, 0x0000, 0x0000, 0x0000, 0x0000, 0x0000, 0x0000, 0x0000, 
0x0000, 0x0000, 0x0000, 0x0000, 0x0000, 0x0000, 0x0000, 0x0000, 
0x0000, 0x0000, 0x0000, 0x0000, 0x0000, 0x0000, 0x0000, 0x0000, 
0x0000, 0x0000, 0x0000, 0x0000, 0x0000, 0x0000, 0x0000, 0x0000, 
0x0000, 0x0000, 0x0000, 0x0000, 0x0000, 0x0000, 0x0000, 0x0000, 
0x0000, 0x0000, 0x0000, 0x0000, 0x0000, 0x0000, 0x0000, 0x0000, 
0x0000, 0x0000, 0x0000, 0x0000, 0x0000, 0x0000, 0x0000, 0x0000, 
0x0000, 0x0000, 0x0000, 0x0000, 0x0000, 0x0000, 0x0000, 0x0000, 
0x0000, 0x0000, 0x0000, 0x0000, 0x0000, 0x0000, 0x0000, 0x0000, 
0x0000, 0x0000, 0x0000, 0x0000, 0x0000, 0x0000, 0x0000, 0x0000, 
0x0000, 0x0000, 0x0000, 0x0000, 0x0000, 0x0000, 0x0000, 0x0000, 
0x0000, 0x0000, 0x0000, 0x0000, 0x0000, 0x0000, 0x0000, 0x0000, 
0x0000, 0x0000, 0x0000, 0x0000, 0x0000, 0x0000, 0x0000, 0x0000, 
0x0000, 0x0000, 0x0000, 0x0000, 0x0000, 0x0000, 0x0000, 0x0000, 
0x0000, 0x0000, 0x0000, 0x0000, 0x0000, 0x0000, 0x0000, 0x0000, 
0x0000, 0x0000, 0x0000, 0x0000, 0x0000, 0x0000, 0x0000, 0x0000, 
0x0000, 0x0000, 0x0000, 0x0000, 0x0000, 0x0000, 0x0000, 0x0000, 
0x0000, 0x0000, 0x0000, 0x0000, 0x0000, 0x0000, 0x0000, 0x0000, 
0x0000, 0x0000, 0x0000, 0x0000, 0x0000, 0x0000, 0x0000, 0x0000, 
0x0000, 0x0000, 0x0000, 0x0000, 0x0000, 0x0000, 0x0000, 0x0000, 
0x0000, 0x0000, 0x0000, 0x0000, 0x0000, 0x0000, 0x0000, 0x0000, 
0x0000, 0x0000, 0x0000, 0x0000, 0x0000, 0x0000, 0x0000, 0x0000, 
0x0000, 0x0000, 0x0000, 0x0000, 0x0000, 0x0000, 0x0000, 0x0000, 
0x0000, 0x0000, 0x0000, 0x0000, 0x0000, 0x0000, 0x0000, 0x0000, 
0x0000, 0x0000, 0x0000, 0x0000, 0x0000, 0x0000, 0x0000, 0x0000, 
0x0000, 0x0000, 0x0000, 0x0000, 0x0000, 0x0000, 0x0000, 0x0000, 
0x0000, 0x0000, 0x0000, 0x0000, 0x0000, 0x0000, 0x0000, 0x0000, 
0x0000, 0x0000, 0x0000, 0x0000, 0x0000, 0x0000, 0x0000, 0x0000, 
0x0000, 0x0000, 0x0000, 0x0000, 0x0000, 0x0000, 0x0000, 0x0000, 
0x0000, 0x0000, 0x0000, 0x0000, 0x0000, 0x0000, 0x0000, 0x0000, 
0x0000, 0x0000, 0x0000, 0x0000, 0x0000, 0x0000, 0x0000, 0x0000, 
0x0000, 0x0000, 0x0000, 0x0000, 0x0000, 0x0000, 0x0000, 0x0000, 
0x0000, 0x0000, 0x0000, 0x0000, 0x0000, 0x0000, 0x0000, 0x0000, 
0x0000, 0x0000, 0x0000, 0x0000, 0x0000, 0x0000, 0x0000, 0x0000, 
0x0000, 0x0000, 0x0000, 0x0000, 0x0000, 0x0000, 0x0000, 0x0000, 
0x0000, 0x0000, 0x0000, 0x0000, 0x0000, 0x0000, 0x0000, 0x0000, 
0x0000, 0x0000, 0x0000, 0x0000, 0x0000, 0x0000, 0x0000, 0x0000, 
0x0000, 0x0000, 0x0000, 0x0000, 0x0000, 0x0000, 0x0000, 0x0000, 
0x0000, 0x0000, 0x0000, 0x0000, 0x0000, 0x0000, 0x0000, 0x0000, 
0x0000, 0x0000, 0x0000, 0x0000, 0x0000, 0x0000, 0x0000, 0x0000, 
0x0000, 0x0000, 0x0000, 0x0000, 0x0000, 0x0000, 0x0000, 0x0000, 
0x0000, 0x0000, 0x0000, 0x0000, 0x0000, 0x0000, 0x0000, 0x0000, 
0x0000, 0x0000, 0x0000, 0x0000, 0x0000, 0x0000, 0x0000, 0x0000, 
0x0000, 0x0000, 0x0000, 0x0000, 0x0000, 0x0000, 0x0000, 0x0000, 
0x0000, 0x0000, 0x0000, 0x0000, 0x0000, 0x0000, 0x0000, 0x0000, 
0x0000, 0x0000, 0x0000, 0x0000, 0x0000, 0x0000, 0x0000, 0x0000, 
0x0000, 0x0000, 0x0000, 0x0000, 0x0000, 0x0000, 0x0000, 0x0000, 
0x0000, 0x0000, 0x0000, 0x0000, 0x0000, 0x0000, 0x0000, 0x0000, 
0x0000, 0x0000, 0x0000, 0x0000, 0x0000, 0x0000, 0x0000, 0x0000, 
0x0000, 0x0000, 0x0000, 0x0000, 0x0000, 0x0000, 0x0000, 0x0000, 
0x0000, 0x0000, 0x0000, 0x0000, 0x0000, 0x0000, 0x0000, 0x0000, 
0x0000, 0x0000, 0x0000, 0x0000, 0x0000, 0x0000, 0x0000, 0x0000, 
0x0000, 0x0000, 0x0000, 0x0000, 0x0000, 0x0000, 0x0000, 0x0000, 
0x0000, 0x0000, 0x0000, 0x0000, 0x0000, 0x0000, 0x0000, 0x0000, 
0x0000, 0x0000, 0x0000, 0x0000, 0x0000, 0x0000, 0x0000, 0x0000, 
0x0000, 0x0000, 0x0000, 0x0000, 0x0000, 0x0000, 0x0000, 0x0000, 
0x0000, 0x0000, 0x0000, 0x0000, 0x0000, 0x0000, 0x0000, 0x0000, 
0x0000, 0x0000, 0x0000, 0x0000, 0x0000, 0x0000, 0x0000, 0x0000, 
0x0000, 0x0000, 0x0000, 0x0000, 0x0000, 0x0000, 0x0000, 0x0000, 
0x0000, 0x0000, 0x0000, 0x0000, 0x0000, 0x0000, 0x0000, 0x0000, 
0x0000, 0x0000, 0x0000, 0x0000, 0x0000, 0x0000, 0x0000, 0x0000, 
0x0000, 0x0000, 0x0000, 0x0000, 0x0000, 0x0000, 0x0000, 0x0000, 
0x0000, 0x0000, 0x0000, 0x0000, 0x0000, 0x0000, 0x0000, 0x0000, 
0x0000, 0x0000, 0x0000, 0x0000, 0x0000, 0x0000, 0x0000, 0x0000, 
0x0000, 0x0000, 0x0000, 0x0000, 0x0000, 0x0000, 0x0000, 0x0000, 
0x0000, 0x0000, 0x0000, 0x0000, 0x0000, 0x0000, 0x0000, 0x0000, 
0x0000, 0x0000, 0x0000, 0x0000, 0x0000, 0x0000, 0x0000, 0x0000, 
0x0000, 0x0000, 0x0000, 0x0000, 0x0000, 0x0000, 0x0000, 0x0000, 
0x0000, 0x0000, 0x0000, 0x0000, 0x0000, 0x0000, 0x0000, 0x0000, 
0x0000, 0x0000, 0x0000, 0x0000, 0x0000, 0x0000, 0x0000, 0x0000, 
0x0000, 0x0000, 0x0000, 0x0000, 0x0000, 0x0000, 0x0000, 0x0000, 
0x0000, 0x0000, 0x0000, 0x0000, 0x0000, 0x0000, 0x0000, 0x0000, 
0x0000, 0x0000, 0x0000, 0x0000, 0x0000, 0x0000, 0x0000, 0x0000, 
0x0000, 0x0000, 0x0000, 0x0000, 0x0000, 0x0000, 0x0000, 0x0000, 
0x0000, 0x0000, 0x0000, 0x0000, 0x0000, 0x0000, 0x0000, 0x0000, 
0x0000, 0x0000, 0x0000, 0x0000, 0x0000, 0x0000, 0x0000, 0x0000, 
0x0000, 0x0000, 0x0000, 0x0000, 0x0000, 0x0000, 0x0000, 0x0000, 
0x0000, 0x0000, 0x0000, 0x0000, 0x0000, 0x0000, 0x0000, 0x0000, 
0x0000, 0x0000, 0x0000, 0x0000, 0x0000, 0x0000, 0x0000, 0x0000, 
0x0000, 0x0000, 0x0000, 0x0000, 0x0000, 0x0000, 0x0000, 0x0000, 
0x0000, 0x0000, 0x0000, 0x0000, 0x0000, 0x0000, 0x0000, 0x0000, 
0x0000, 0x0000, 0x0000, 0x0000, 0x0000, 0x0000, 0x0000, 0x0000, 
0x0000, 0x0000, 0x0000, 0x0000, 0x0000, 0x0000, 0x0000, 0x0000, 
0x0000, 0x0000, 0x0000, 0x0000, 0x0000, 0x0000, 0x0000, 0x0000, 
0x0000, 0x0000, 0x0000, 0x0000, 0x0000, 0x0000, 0x0000, 0x0000, 
0x0000, 0x0000, 0x0000, 0x0000, 0x0000, 0x0000, 0x0000, 0x0000, 
0x0000, 0x0000, 0x0000, 0x0000, 0x0000, 0x0000, 0x0000, 0x0000, 
0x0000, 0x0000, 0x0000, 0x0000, 0x0000, 0x0000, 0x0000, 0x0000, 
0x0000, 0x0000, 0x0000, 0x0000, 0x0000, 0x0000, 0x0000, 0x0000, 
0x0000, 0x0000, 0x0000, 0x0000, 0x0000, 0x0000, 0x0000, 0x0000, 
0x0000, 0x0000, 0x0000, 0x0000, 0x0000, 0x0000, 0x0000, 0x0000, 
0x0000, 0x0000, 0x0000, 0x0000, 0x0000, 0x0000, 0x0000, 0x0000, 
0x0000, 0x0000, 0x0000, 0x0000, 0x0000, 0x0000, 0x0000, 0x0000, 
0x0000, 0x0000, 0x0000, 0x0000, 0x0000, 0x0000, 0x0000, 0x0000, 
0x0000, 0x0000, 0x0000, 0x0000, 0x0000, 0x0000, 0x0000, 0x0000, 
0x0000, 0x0000, 0x0000, 0x0000, 0x0000, 0x0000, 0x0000, 0x0000, 
0x0000, 0x0000, 0x0000, 0x0000, 0x0000, 0x0000, 0x0000, 0x0000, 
0x0000, 0x0000, 0x0000, 0x0000, 0x0000, 0x0000, 0x0000, 0x0000, 
0x0000, 0x0000, 0x0000, 0x0000, 0x0000, 0x0000, 0x0000, 0x0000, 
0x0000, 0x0000, 0x0000, 0x0000, 0x0000, 0x0000, 0x0000, 0x0000, 
0x0000, 0x0000, 0x0000, 0x0000, 0x0000, 0x0000, 0x0000, 0x0000, 
0x0000, 0x0000, 0x0000, 0x0000, 0x0000, 0x0000, 0x0000, 0x0000, 
0x0000, 0x0000, 0x0000, 0x0000, 0x0000, 0x0000, 0x0000, 0x0000, 
0x0000, 0x0000, 0x0000, 0x0000, 0x0000, 0x0000, 0x0000, 0x0000, 
0x0000, 0x0000, 0x0000, 0x0000, 0x0000, 0x0000, 0x0000, 0x0000, 
0x0000, 0x0000, 0x0000, 0x0000, 0x0000, 0x0000, 0x0000, 0x0000, 
0x0000, 0x0000, 0x0000, 0x0000, 0x0000, 0x0000, 0x0000, 0x0000, 
0x0000, 0x0000, 0x0000, 0x0000, 0x0000, 0x0000, 0x0000, 0x0000, 
0x0000, 0x0000, 0x0000, 0x0000, 0x0000, 0x0000, 0x0000, 0x0000, 
0x0000, 0x0000, 0x0000, 0x0000, 0x0000, 0x0000, 0x0000, 0x0000, 
0x0000, 0x0000, 0x0000, 0x0000, 0x0000, 0x0000, 0x0000, 0x0000, 
0x0000, 0x0000, 0x0000, 0x0000, 0x0000, 0x0000, 0x0000, 0x0000, 
0x0000, 0x0000, 0x0000, 0x0000, 0x0000, 0x0000, 0x0000, 0x0000, 
0x0000, 0x0000, 0x0000, 0x0000, 0x0000, 0x0000, 0x0000, 0x0000, 
0x0000, 0x0000, 0x0000, 0x0000, 0x0000, 0x0000, 0x0000, 0x0000, 
0x0000, 0x0000, 0x0000, 0x0000, 0x0000, 0x0000, 0x0000, 0x0000, 
0x0000, 0x0000, 0x0000, 0x0000, 0x0000, 0x0000, 0x0000, 0x0000, 
0x0000, 0x0000, 0x0000, 0x0000, 0x0000, 0x0000, 0x0000, 0x0000, 
0x0000, 0x0000, 0x0000, 0x0000, 0x0000, 0x0000, 0x0000, 0x0000, 
0x0000, 0x0000, 0x0000, 0x0000, 0x0000, 0x0000, 0x0000, 0x0000, 
0x0000, 0x0000, 0x0000, 0x0000, 0x0000, 0x0000, 0x0000, 0x0000, 
0x0000, 0x0000, 0x0000, 0x0000, 0x0000, 0x0000, 0x0000, 0x0000, 
0x0000, 0x0000, 0x0000, 0x0000, 0x0000, 0x0000, 0x0000, 0x0000, 
0x0000, 0x0000, 0x0000, 0x0000, 0x0000, 0x0000, 0x0000, 0x0000, 
0x0000, 0x0000, 0x0000, 0x0000, 0x0000, 0x0000, 0x0000, 0x0000, 
0x0000, 0x0000, 0x0000, 0x0000, 0x0000, 0x0000, 0x0000, 0x0000, 
0x0000, 0x0000, 0x0000, 0x0000, 0x0000, 0x0000, 0x0000, 0x0000, 
0x0000, 0x0000, 0x0000, 0x0000, 0x0000, 0x0000, 0x0000, 0x0000, 
0x0000, 0x0000, 0x0000, 0x0000, 0x0000, 0x0000, 0x0000, 0x0000, 
0x0000, 0x0000, 0x0000, 0x0000, 0x0000, 0x0000, 0x0000, 0x0000, 
0x0000, 0x0000, 0x0000, 0x0000, 0x0000, 0x0000, 0x0000, 0x0000, 
0x0000, 0x0000, 0x0000, 0x0000, 0x0000, 0x0000, 0x0000, 0x0000, 
0x0000, 0x0000, 0x0000, 0x0000, 0x0000, 0x0000, 0x0000, 0x0000, 
0x0000, 0x0000, 0x0000, 0x0000, 0x0000, 0x0000, 0x0000, 0x0000, 
0x0000, 0x0000, 0x0000, 0x0000, 0x0000, 0x0000, 0x0000, 0x0000, 
0x0000, 0x0000, 0x0000, 0x0000, 0x0000, 0x0000, 0x0000, 0x0000, 
0x0000, 0x0000, 0x0000, 0x0000, 0x0000, 0x0000, 0x0000, 0x0000, 
0x0000, 0x0000, 0x0000, 0x0000, 0x0000, 0x0000, 0x0000, 0x0000, 
0x0000, 0x0000, 0x0000, 0x0000, 0x0000, 0x0000, 0x0000, 0x0000, 
0x0000, 0x0000, 0x0000, 0x0000, 0x0000, 0x0000, 0x0000, 0x0000, 
0x0000, 0x0000, 0x0000, 0x0000, 0x0000, 0x0000, 0x0000, 0x0000, 
0x0000, 0x0000, 0x0000, 0x0000, 0x0000, 0x0000, 0x0000, 0x0000, 
0x0000, 0x0000, 0x0000, 0x0000, 0x0000, 0x0000, 0x0000, 0x0000, 
0x0000, 0x0000, 0x0000, 0x0000, 0x0000, 0x0000, 0x0000, 0x0000, 
0x0000, 0x0000, 0x0000, 0x0000, 0x0000, 0x0000, 0x0000, 0x0000, 
0x0000, 0x0000, 0x0000, 0x0000, 0x0000, 0x0000, 0x0000, 0x0000, 
0x0000, 0x0000, 0x0000, 0x0000, 0x0000, 0x0000, 0x0000, 0x0000, 
0x0000, 0x0000, 0x0000, 0x0000, 0x0000, 0x0000, 0x0000, 0x0000, 
0x0000, 0x0000, 0x0000, 0x0000, 0x0000, 0x0000, 0x0000, 0x0000, 
0x0000, 0x0000, 0x0000, 0x0000, 0x0000, 0x0000, 0x0000, 0x0000, 
0x0000, 0x0000, 0x0000, 0x0000, 0x0000, 0x0000, 0x0000, 0x0000, 
0x0000, 0x0000, 0x0000, 0x0000, 0x0000, 0x0000, 0x0000, 0x0000, 
0x0000, 0x0000, 0x0000, 0x0000, 0x0000, 0x0000, 0x0000, 0x0000, 
0x0000, 0x0000, 0x0000, 0x0000, 0x0000, 0x0000, 0x0000, 0x0000, 
0x0000, 0x0000, 0x0000, 0x0000, 0x0000, 0x0000, 0x0000, 0x0000, 
0x0000, 0x0000, 0x0000, 0x0000, 0x0000, 0x0000, 0x0000, 0x0000, 
0x0000, 0x0000, 0x0000, 0x0000, 0x0000, 0x0000, 0x0000, 0x0000, 
0x0000, 0x0000, 0x0000, 0x0000, 0x0000, 0x0000, 0x0000, 0x0000, 
0x0000, 0x0000, 0x0000, 0x0000, 0x0000, 0x0000, 0x0000, 0x0000, 
0x0000, 0x0000, 0x0000, 0x0000, 0x0000, 0x0000, 0x0000, 0x0000, 
0x0000, 0x0000, 0x0000, 0x0000, 0x0000, 0x0000, 0x0000, 0x0000, 
0x0000, 0x0000, 0x0000, 0x0000, 0x0000, 0x0000, 0x0000, 0x0000, 
0x0000, 0x0000, 0x0000, 0x0000, 0x0000, 0x0000, 0x0000, 0x0000, 
0x0000, 0x0000, 0x0000, 0x0000, 0x0000, 0x0000, 0x0000, 0x0000, 
0x0000, 0x0000, 0x0000, 0x0000, 0x0000, 0x0000, 0x0000, 0x0000, 
0x0000, 0x0000, 0x0000, 0x0000, 0x0000, 0x0000, 0x0000, 0x0000, 
0x0000, 0x0000, 0x0000, 0x0000, 0x0000, 0x0000, 0x0000, 0x0000, 
0x0000, 0x0000, 0x0000, 0x0000, 0x0000, 0x0000, 0x0000, 0x0000, 
0x0000, 0x0000, 0x0000, 0x0000, 0x0000, 0x0000, 0x0000, 0x0000, 
0x0000, 0x0000, 0x0000, 0x0000, 0x0000, 0x0000, 0x0000, 0x0000, 
0x0000, 0x0000, 0x0000, 0x0000, 0x0000, 0x0000, 0x0000, 0x0000, 
0x0000, 0x0000, 0x0000, 0x0000, 0x0000, 0x0000, 0x0000, 0x0000, 
0x0000, 0x0000, 0x0000, 0x0000, 0x0000, 0x0000, 0x0000, 0x0000, 
0x0000, 0x0000, 0x0000, 0x0000, 0x0000, 0x0000, 0x0000, 0x0000, 
0x0000, 0x0000, 0x0000, 0x0000, 0x0000, 0x0000, 0x0000, 0x0000, 
0x0000, 0x0000, 0x0000, 0x0000, 0x0000, 0x0000, 0x0000, 0x0000, 
0x0000, 0x0000, 0x0000, 0x0000, 0x0000, 0x0000, 0x0000, 0x0000, 
0x0000, 0x0000, 0x0000, 0x0000, 0x0000, 0x0000, 0x0000, 0x0000, 
0x0000, 0x0000, 0x0000, 0x0000, 0x0000, 0x0000, 0x0000, 0x0000, 
0x0000, 0x0000, 0x0000, 0x0000, 0x0000, 0x0000, 0x0000, 0x0000, 
0x0000, 0x0000, 0x0000, 0x0000, 0x0000, 0x0000, 0x0000, 0x0000, 
0x0000, 0x0000, 0x0000, 0x0000, 0x0000, 0x0000, 0x0000, 0x0000, 
0x0000, 0x0000, 0x0000, 0x0000, 0x0000, 0x0000, 0x0000, 0x0000, 
0x0000, 0x0000, 0x0000, 0x0000, 0x0000, 0x0000, 0x0000, 0x0000, 
0x0000, 0x0000, 0x0000, 0x0000, 0x0000, 0x0000, 0x0000, 0x0000, 
0x0000, 0x0000, 0x0000, 0x0000, 0x0000, 0x0000, 0x0000, 0x0000, 
0x0000, 0x0000, 0x0000, 0x0000, 0x0000, 0x0000, 0x0000, 0x0000, 
0x0000, 0x0000, 0x0000, 0x0000, 0x0000, 0x0000, 0x0000, 0x0000, 
0x0000, 0x0000, 0x0000, 0x0000, 0x0000, 0x0000, 0x0000, 0x0000, 
0x0000, 0x0000, 0x0000, 0x0000, 0x0000, 0x0000, 0x0000, 0x0000, 
0x0000, 0x0000, 0x0000, 0x0000, 0x0000, 0x0000, 0x0000, 0x0000, 
0x0000, 0x0000, 0x0000, 0x0000, 0x0000, 0x0000, 0x0000, 0x0000, 
0x0000, 0x0000, 0x0000, 0x0000, 0x0000, 0x0000, 0x0000, 0x0000, 
0x0000, 0x0000, 0x0000, 0x0000, 0x0000, 0x0000, 0x0000, 0x0000, 
0x0000, 0x0000, 0x0000, 0x0000, 0x0000, 0x0000, 0x0000, 0x0000, 
0x0000, 0x0000, 0x0000, 0x0000, 0x0000, 0x0000, 0x0000, 0x0000, 
0x0000, 0x0000, 0x0000, 0x0000, 0x0000, 0x0000, 0x0000, 0x0000, 
0x0000, 0x0000, 0x0000, 0x0000, 0x0000, 0x0000, 0x0000, 0x0000, 
0x0000, 0x0000, 0x0000, 0x0000, 0x0000, 0x0000, 0x0000, 0x0000, 
0x0000, 0x0000, 0x0000, 0x0000, 0x0000, 0x0000, 0x0000, 0x0000, 
0x0000, 0x0000, 0x0000, 0x0000, 0x0000, 0x0000, 0x0000, 0x0000, 
0x0000, 0x0000, 0x0000, 0x0000, 0x0000, 0x0000, 0x0000, 0x0000, 
0x0000, 0x0000, 0x0000, 0x0000, 0x0000, 0x0000, 0x0000, 0x0000, 
0x0000, 0x0000, 0x0000, 0x0000, 0x0000, 0x0000, 0x0000, 0x0000, 
0x0000, 0x0000, 0x0000, 0x0000, 0x0000, 0x0000, 0x0000, 0x0000, 
0x0000, 0x0000, 0x0000, 0x0000, 0x0000, 0x0000, 0x0000, 0x0000, 
0x0000, 0x0000, 0x0000, 0x0000, 0x0000, 0x0000, 0x0000, 0x0000, 
0x0000, 0x0000, 0x0000, 0x0000, 0x0000, 0x0000, 0x0000, 0x0000, 
0x0000, 0x0000, 0x0000, 0x0000, 0x0000, 0x0000, 0x0000, 0x0000, 
0x0000, 0x0000, 0x0000, 0x0000, 0x0000, 0x0000, 0x0000, 0x0000, 
0x0000, 0x0000, 0x0000, 0x0000, 0x0000, 0x0000, 0x0000, 0x0000, 
0x0000, 0x0000, 0x0000, 0x0000, 0x0000, 0x0000, 0x0000, 0x0000, 
0x0000, 0x0000, 0x0000, 0x0000, 0x0000, 0x0000, 0x0000, 0x0000, 
0x0000, 0x0000, 0x0000, 0x0000, 0x0000, 0x0000, 0x0000, 0x0000, 
0x0000, 0x0000, 0x0000, 0x0000, 0x0000, 0x0000, 0x0000, 0x0000, 
0x0000, 0x0000, 0x0000, 0x0000, 0x0000, 0x0000, 0x0000, 0x0000, 
0x0000, 0x0000, 0x0000, 0x0000, 0x0000, 0x0000, 0x0000, 0x0000, 
0x0000, 0x0000, 0x0000, 0x0000, 0x0000, 0x0000, 0x0000, 0x0000, 
0x0000, 0x0000, 0x0000, 0x0000, 0x0000, 0x0000, 0x0000, 0x0000, 
0x0000, 0x0000, 0x0000, 0x0000, 0x0000, 0x0000, 0x0000, 0x0000, 
0x0000, 0x0000, 0x0000, 0x0000, 0x0000, 0x0000, 0x0000, 0x0000, 
0x0000, 0x0000, 0x0000, 0x0000, 0x0000, 0x0000, 0x0000, 0x0000, 
0x0000, 0x0000, 0x0000, 0x0000, 0x0000, 0x0000, 0x0000, 0x0000, 
0x0000, 0x0000, 0x0000, 0x0000, 0x0000, 0x0000, 0x0000, 0x0000, 
0x0000, 0x0000, 0x0000, 0x0000, 0x0000, 0x0000, 0x0000, 0x0000, 
0x0000, 0x0000, 0x0000, 0x0000, 0x0000, 0x0000, 0x0000, 0x0000, 
0x0000, 0x0000, 0x0000, 0x0000, 0x0000, 0x0000, 0x0000, 0x0000, 
0x0000, 0x0000, 0x0000, 0x0000, 0x0000, 0x0000, 0x0000, 0x0000, 
0x0000, 0x0000, 0x0000, 0x0000, 0x0000, 0x0000, 0x0000, 0x0000, 
0x0000, 0x0000, 0x0000, 0x0000, 0x0000, 0x0000, 0x0000, 0x0000, 
0x0000, 0x0000, 0x0000, 0x0000, 0x0000, 0x0000, 0x0000, 0x0000, 
0x0000, 0x0000, 0x0000, 0x0000, 0x0000, 0x0000, 0x0000, 0x0000, 
0x0000, 0x0000, 0x0000, 0x0000, 0x0000, 0x0000, 0x0000, 0x0000, 
0x0000, 0x0000, 0x0000, 0x0000, 0x0000, 0x0000, 0x0000, 0x0000, 
0x0000, 0x0000, 0x0000, 0x0000, 0x0000, 0x0000, 0x0000, 0x0000, 
0x0000, 0x0000, 0x0000, 0x0000, 0x0000, 0x0000, 0x0000, 0x0000, 
0x0000, 0x0000, 0x0000, 0x0000, 0x0000, 0x0000, 0x0000, 0x0000, 
0x0000, 0x0000, 0x0000, 0x0000, 0x0000, 0x0000, 0x0000, 0x0000, 
0x0000, 0x0000, 0x0000, 0x0000, 0x0000, 0x0000, 0x0000, 0x0000, 
0x0000, 0x0000, 0x0000, 0x0000, 0x0000, 0x0000, 0x0000, 0x0000, 
0x0000, 0x0000, 0x0000, 0x0000, 0x0000, 0x0000, 0x0000, 0x0000, 
0x0000, 0x0000, 0x0000, 0x0000, 0x0000, 0x0000, 0x0000, 0x0000, 
0x0000, 0x0000, 0x0000, 0x0000, 0x0000, 0x0000, 0x0000, 0x0000, 
0x0000, 0x0000, 0x0000, 0x0000, 0x0000, 0x0000, 0x0000, 0x0000, 
0x0000, 0x0000, 0x0000, 0x0000, 0x0000, 0x0000, 0x0000, 0x0000, 
0x0000, 0x0000, 0x0000, 0x0000, 0x0000, 0x0000, 0x0000, 0x0000, 
0x0000, 0x0000, 0x0000, 0x0000, 0x0000, 0x0000, 0x0000, 0x0000, 
0x0000, 0x0000, 0x0000, 0x0000, 0x0000, 0x0000, 0x0000, 0x0000, 
0x0000, 0x0000, 0x0000, 0x0000, 0x0000, 0x0000, 0x0000, 0x0000, 
0x0000, 0x0000, 0x0000, 0x0000, 0x0000, 0x0000, 0x0000, 0x0000, 
0x0000, 0x0000, 0x0000, 0x0000, 0x0000, 0x0000, 0x0000, 0x0000, 
0x0000, 0x0000, 0x0000, 0x0000, 0x0000, 0x0000, 0x0000, 0x0000, 
0x0000, 0x0000, 0x0000, 0x0000, 0x0000, 0x0000, 0x0000, 0x0000, 
0x0000, 0x0000, 0x0000, 0x0000, 0x0000, 0x0000, 0x0000, 0x0000, 
0x0000, 0x0000, 0x0000, 0x0000, 0x0000, 0x0000, 0x0000, 0x0000, 
0x0000, 0x0000, 0x0000, 0x0000, 0x0000, 0x0000, 0x0000, 0x0000, 
0x0000, 0x0000, 0x0000, 0x0000, 0x0000, 0x0000, 0x0000, 0x0000, 
0x0000, 0x0000, 0x0000, 0x0000, 0x0000, 0x0000, 0x0000, 0x0000, 
0x0000, 0x0000, 0x0000, 0x0000, 0x0000, 0x0000, 0x0000, 0x0000, 
0x0000, 0x0000, 0x0000, 0x0000, 0x0000, 0x0000, 0x0000, 0x0000, 
0x0000, 0x0000, 0x0000, 0x0000, 0x0000, 0x0000, 0x0000, 0x0000, 
0x0000, 0x0000, 0x0000, 0x0000, 0x0000, 0x0000, 0x0000, 0x0000, 
0x0000, 0x0000, 0x0000, 0x0000, 0x0000, 0x0000, 0x0000, 0x0000, 
0x0000, 0x0000, 0x0000, 0x0000, 0x0000, 0x0000, 0x0000, 0x0000, 
0x0000, 0x0000, 0x0000, 0x0000, 0x0000, 0x0000, 0x0000, 0x0000, 
0x0000, 0x0000, 0x0000, 0x0000, 0x0000, 0x0000, 0x0000, 0x0000, 
0x0000, 0x0000, 0x0000, 0x0000, 0x0000, 0x0000, 0x0000, 0x0000, 
0x0000, 0x0000, 0x0000, 0x0000, 0x0000, 0x0000, 0x0000, 0x0000, 
0x0000, 0x0000, 0x0000, 0x0000, 0x0000, 0x0000, 0x0000, 0x0000, 
0x0000, 0x0000, 0x0000, 0x0000, 0x0000, 0x0000, 0x0000, 0x0000, 
0x0000, 0x0000, 0x0000, 0x0000, 0x0000, 0x0000, 0x0000, 0x0000, 
0x0000, 0x0000, 0x0000, 0x0000, 0x0000, 0x0000, 0x0000, 0x0000, 
0x0000, 0x0000, 0x0000, 0x0000, 0x0000, 0x0000, 0x0000, 0x0000, 
0x0000, 0x0000, 0x0000, 0x0000, 0x0000, 0x0000, 0x0000, 0x0000, 
0x0000, 0x0000, 0x0000, 0x0000, 0x0000, 0x0000, 0x0000, 0x0000, 
0x0000, 0x0000, 0x0000, 0x0000, 0x0000, 0x0000, 0x0000, 0x0000, 
0x0000, 0x0000, 0x0000, 0x0000, 0x0000, 0x0000, 0x0000, 0x0000, 
0x0000, 0x0000, 0x0000, 0x0000, 0x0000, 0x0000, 0x0000, 0x0000, 
0x0000, 0x0000, 0x0000, 0x0000, 0x0000, 0x0000, 0x0000, 0x0000, 
0x0000, 0x0000, 0x0000, 0x0000, 0x0000, 0x0000, 0x0000, 0x0000, 
0x0000, 0x0000, 0x0000, 0x0000, 0x0000, 0x0000, 0x0000, 0x0000, 
0x0000, 0x0000, 0x0000, 0x0000, 0x0000, 0x0000, 0x0000, 0x0000, 
0x0000, 0x0000, 0x0000, 0x0000, 0x0000, 0x0000, 0x0000, 0x0000, 
0x0000, 0x0000, 0x0000, 0x0000, 0x0000, 0x0000, 0x0000, 0x0000, 
0x0000, 0x0000, 0x0000, 0x0000, 0x0000, 0x0000, 0x0000, 0x0000, 
0x0000, 0x0000, 0x0000, 0x0000, 0x0000, 0x0000, 0x0000, 0x0000, 
0x0000, 0x0000, 0x0000, 0x0000, 0x0000, 0x0000, 0x0000, 0x0000, 
0x0000, 0x0000, 0x0000, 0x0000, 0x0000, 0x0000, 0x0000, 0x0000, 
0x0000, 0x0000, 0x0000, 0x0000, 0x0000, 0x0000, 0x0000, 0x0000, 
0x0000, 0x0000, 0x0000, 0x0000, 0x0000, 0x0000, 0x0000, 0x0000, 
0x0000, 0x0000, 0x0000, 0x0000, 0x0000, 0x0000, 0x0000, 0x0000, 
0x0000, 0x0000, 0x0000, 0x0000, 0x0000, 0x0000, 0x0000, 0x0000, 
0x0000, 0x0000, 0x0000, 0x0000, 0x0000, 0x0000, 0x0000, 0x0000, 
0x0000, 0x0000, 0x0000, 0x0000, 0x0000, 0x0000, 0x0000, 0x0000, 
0x0000, 0x0000, 0x0000, 0x0000, 0x0000, 0x0000, 0x0000, 0x0000, 
0x0000, 0x0000, 0x0000, 0x0000, 0x0000, 0x0000, 0x0000, 0x0000, 
0x0000, 0x0000, 0x0000, 0x0000, 0x0000, 0x0000, 0x0000, 0x0000, 
0x0000, 0x0000, 0x0000, 0x0000, 0x0000, 0x0000, 0x0000, 0x0000, 
0x0000, 0x0000, 0x0000, 0x0000, 0x0000, 0x0000, 0x0000, 0x0000, 
0x0000, 0x0000, 0x0000, 0x0000, 0x0000, 0x0000, 0x0000, 0x0000, 
0x0000, 0x0000, 0x0000, 0x0000, 0x0000, 0x0000, 0x0000, 0x0000, 
0x0000, 0x0000, 0x0000, 0x0000, 0x0000, 0x0000, 0x0000, 0x0000, 
0x0000, 0x0000, 0x0000, 0x0000, 0x0000, 0x0000, 0x0000, 0x0000, 
0x0000, 0x0000, 0x0000, 0x0000, 0x0000, 0x0000, 0x0000, 0x0000, 
0x0000, 0x0000, 0x0000, 0x0000, 0x0000, 0x0000, 0x0000, 0x0000, 
0x0000, 0x0000, 0x0000, 0x0000, 0x0000, 0x0000, 0x0000, 0x0000, 
0x0000, 0x0000, 0x0000, 0x0000, 0x0000, 0x0000, 0x0000, 0x0000, 
0x0000, 0x0000, 0x0000, 0x0000, 0x0000, 0x0000, 0x0000, 0x0000, 
0x0000, 0x0000, 0x0000, 0x0000, 0x0000, 0x0000, 0x0000, 0x0000, 
0x0000, 0x0000, 0x0000, 0x0000, 0x0000, 0x0000, 0x0000, 0x0000, 
0x0000, 0x0000, 0x0000, 0x0000, 0x0000, 0x0000, 0x0000, 0x0000, 
0x0000, 0x0000, 0x0000, 0x0000, 0x0000, 0x0000, 0x0000, 0x0000, 
0x0000, 0x0000, 0x0000, 0x0000, 0x0000, 0x0000, 0x0000, 0x0000, 
0x0000, 0x0000, 0x0000, 0x0000, 0x0000, 0x0000, 0x0000, 0x0000, 
0x0000, 0x0000, 0x0000, 0x0000, 0x0000, 0x0000, 0x0000, 0x0000, 
0x0000, 0x0000, 0x0000, 0x0000, 0x0000, 0x0000, 0x0000, 0x0000, 
0x0000, 0x0000, 0x0000, 0x0000, 0x0000, 0x0000, 0x0000, 0x0000, 
0x0000, 0x0000, 0x0000, 0x0000, 0x0000, 0x0000, 0x0000, 0x0000, 
0x0000, 0x0000, 0x0000, 0x0000, 0x0000, 0x0000, 0x0000, 0x0000, 
0x0000, 0x0000, 0x0000, 0x0000, 0x0000, 0x0000, 0x0000, 0x0000, 
0x0000, 0x0000, 0x0000, 0x0000, 0x0000, 0x0000, 0x0000, 0x0000, 
0x0000, 0x0000, 0x0000, 0x0000, 0x0000, 0x0000, 0x0000, 0x0000, 
0x0000, 0x0000, 0x0000, 0x0000, 0x0000, 0x0000, 0x0000, 0x0000, 
0x0000, 0x0000, 0x0000, 0x0000, 0x0000, 0x0000, 0x0000, 0x0000, 
0x0000, 0x0000, 0x0000, 0x0000, 0x0000, 0x0000, 0x0000, 0x0000, 
0x0000, 0x0000, 0x0000, 0x0000, 0x0000, 0x0000, 0x0000, 0x0000, 
0x0000, 0x0000, 0x0000, 0x0000, 0x0000, 0x0000, 0x0000, 0x0000, 
0x0000, 0x0000, 0x0000, 0x0000, 0x0000, 0x0000, 0x0000, 0x0000, 
0x0000, 0x0000, 0x0000, 0x0000, 0x0000, 0x0000, 0x0000, 0x0000, 
0x0000, 0x0000, 0x0000, 0x0000, 0x0000, 0x0000, 0x0000, 0x0000, 
0x0000, 0x0000, 0x0000, 0x0000, 0x0000, 0x0000, 0x0000, 0x0000, 
0x0000, 0x0000, 0x0000, 0x0000, 0x0000, 0x0000, 0x0000, 0x0000, 
0x0000, 0x0000, 0x0000, 0x0000, 0x0000, 0x0000, 0x0000, 0x0000, 
0x0000, 0x0000, 0x0000, 0x0000, 0x0000, 0x0000, 0x0000, 0x0000, 
0x0000, 0x0000, 0x0000, 0x0000, 0x0000, 0x0000, 0x0000, 0x0000, 
0x0000, 0x0000, 0x0000, 0x0000, 0x0000, 0x0000, 0x0000, 0x0000, 
0x0000, 0x0000, 0x0000, 0x0000, 0x0000, 0x0000, 0x0000, 0x0000, 
0x0000, 0x0000, 0x0000, 0x0000, 0x0000, 0x0000, 0x0000, 0x0000, 
0x0000, 0x0000, 0x0000, 0x0000, 0x0000, 0x0000, 0x0000, 0x0000, 
0x0000, 0x0000, 0x0000, 0x0000, 0x0000, 0x0000, 0x0000, 0x0000, 
0x0000, 0x0000, 0x0000, 0x0000, 0x0000, 0x0000, 0x0000, 0x0000, 
0x0000, 0x0000, 0x0000, 0x0000, 0x0000, 0x0000, 0x0000, 0x0000, 
0x0000, 0x0000, 0x0000, 0x0000, 0x0000, 0x0000, 0x0000, 0x0000, 
0x0000, 0x0000, 0x0000, 0x0000, 0x0000, 0x0000, 0x0000, 0x0000, 
0x0000, 0x0000, 0x0000, 0x0000, 0x0000, 0x0000, 0x0000, 0x0000, 
0x0000, 0x0000, 0x0000, 0x0000, 0x0000, 0x0000, 0x0000, 0x0000, 
0x0000, 0x0000, 0x0000, 0x0000, 0x0000, 0x0000, 0x0000, 0x0000, 
0x0000, 0x0000, 0x0000, 0x0000, 0x0000, 0x0000, 0x0000, 0x0000, 
0x0000, 0x0000, 0x0000, 0x0000, 0x0000, 0x0000, 0x0000, 0x0000, 
0x0000, 0x0000, 0x0000, 0x0000, 0x0000, 0x0000, 0x0000, 0x0000, 
0x0000, 0x0000, 0x0000, 0x0000, 0x0000, 0x0000, 0x0000, 0x0000, 
0x0000, 0x0000, 0x0000, 0x0000, 0x0000, 0x0000, 0x0000, 0x0000, 
0x0000, 0x0000, 0x0000, 0x0000, 0x0000, 0x0000, 0x0000, 0x0000, 
0x0000, 0x0000, 0x0000, 0x0000, 0x0000, 0x0000, 0x0000, 0x0000, 
0x0000, 0x0000, 0x0000, 0x0000, 0x0000, 0x0000, 0x0000, 0x0000, 
0x0000, 0x0000, 0x0000, 0x0000, 0x0000, 0x0000, 0x0000, 0x0000, 
0x0000, 0x0000, 0x0000, 0x0000, 0x0000, 0x0000, 0x0000, 0x0000, 
0x0000, 0x0000, 0x0000, 0x0000, 0x0000, 0x0000, 0x0000, 0x0000, 
0x0000, 0x0000, 0x0000, 0x0000, 0x0000, 0x0000, 0x0000, 0x0000, 
0x0000, 0x0000, 0x0000, 0x0000, 0x0000, 0x0000, 0x0000, 0x0000, 
0x0000, 0x0000, 0x0000, 0x0000, 0x0000, 0x0000, 0x0000, 0x0000, 
0x0000, 0x0000, 0x0000, 0x0000, 0x0000, 0x0000, 0x0000, 0x0000, 
0x0000, 0x0000, 0x0000, 0x0000, 0x0000, 0x0000, 0x0000, 0x0000, 
0x0000, 0x0000, 0x0000, 0x0000, 0x0000, 0x0000, 0x0000, 0x0000, 
0x0000, 0x0000, 0x0000, 0x0000, 0x0000, 0x0000, 0x0000, 0x0000, 
0x0000, 0x0000, 0x0000, 0x0000, 0x0000, 0x0000, 0x0000, 0x0000, 
0x0000, 0x0000, 0x0000, 0x0000, 0x0000, 0x0000, 0x0000, 0x0000, 
0x0000, 0x0000, 0x0000, 0x0000, 0x0000, 0x0000, 0x0000, 0x0000, 
0x0000, 0x0000, 0x0000, 0x0000, 0x0000, 0x0000, 0x0000, 0x0000, 
0x0000, 0x0000, 0x0000, 0x0000, 0x0000, 0x0000, 0x0000, 0x0000, 
0x0000, 0x0000, 0x0000, 0x0000, 0x0000, 0x0000, 0x0000, 0x0000, 
0x0000, 0x0000, 0x0000, 0x0000, 0x0000, 0x0000, 0x0000, 0x0000, 
0x0000, 0x0000, 0x0000, 0x0000, 0x0000, 0x0000, 0x0000, 0x0000, 
0x0000, 0x0000, 0x0000, 0x0000, 0x0000, 0x0000, 0x0000, 0x0000, 
0x0000, 0x0000, 0x0000, 0x0000, 0x0000, 0x0000, 0x0000, 0x0000, 
0x0000, 0x0000, 0x0000, 0x0000, 0x0000, 0x0000, 0x0000, 0x0000, 
0x0000, 0x0000, 0x0000, 0x0000, 0x0000, 0x0000, 0x0000, 0x0000, 
0x0000, 0x0000, 0x0000, 0x0000, 0x0000, 0x0000, 0x0000, 0x0000, 
0x0000, 0x0000, 0x0000, 0x0000, 0x0000, 0x0000, 0x0000, 0x0000, 
0x0000, 0x0000, 0x0000, 0x0000, 0x0000, 0x0000, 0x0000, 0x0000, 
0x0000, 0x0000, 0x0000, 0x0000, 0x0000, 0x0000, 0x0000, 0x0000, 
0x0000, 0x0000, 0x0000, 0x0000, 0x0000, 0x0000, 0x0000, 0x0000, 
0x0000, 0x0000, 0x0000, 0x0000, 0x0000, 0x0000, 0x0000, 0x0000, 
0x0000, 0x0000, 0x0000, 0x0000, 0x0000, 0x0000, 0x0000, 0x0000, 
0x0000, 0x0000, 0x0000, 0x0000, 0x0000, 0x0000, 0x0000, 0x0000, 
0x0000, 0x0000, 0x0000, 0x0000, 0x0000, 0x0000, 0x0000, 0x0000, 
0x0000, 0x0000, 0x0000, 0x0000, 0x0000, 0x0000, 0x0000, 0x0000, 
0x0000, 0x0000, 0x0000, 0x0000, 0x0000, 0x0000, 0x0000, 0x0000, 
0x0000, 0x0000, 0x0000, 0x0000, 0x0000, 0x0000, 0x0000, 0x0000, 
0x0000, 0x0000, 0x0000, 0x0000, 0x0000, 0x0000, 0x0000, 0x0000, 
0x0000, 0x0000, 0x0000, 0x0000, 0x0000, 0x0000, 0x0000, 0x0000, 
0x0000, 0x0000, 0x0000, 0x0000, 0x0000, 0x0000, 0x0000, 0x0000, 
0x0000, 0x0000, 0x0000, 0x0000, 0x0000, 0x0000, 0x0000, 0x0000, 
0x0000, 0x0000, 0x0000, 0x0000, 0x0000, 0x0000, 0x0000, 0x0000, 
0x0000, 0x0000, 0x0000, 0x0000, 0x0000, 0x0000, 0x0000, 0x0000, 
0x0000, 0x0000, 0x0000, 0x0000, 0x0000, 0x0000, 0x0000, 0x0000, 
0x0000, 0x0000, 0x0000, 0x0000, 0x0000, 0x0000, 0x0000, 0x0000, 
0x0000, 0x0000, 0x0000, 0x0000, 0x0000, 0x0000, 0x0000, 0x0000, 
0x0000, 0x0000, 0x0000, 0x0000, 0x0000, 0x0000, 0x0000, 0x0000, 
0x0000, 0x0000, 0x0000, 0x0000, 0x0000, 0x0000, 0x0000, 0x0000, 
0x0000, 0x0000, 0x0000, 0x0000, 0x0000, 0x0000, 0x0000, 0x0000, 
0x0000, 0x0000, 0x0000, 0x0000, 0x0000, 0x0000, 0x0000, 0x0000, 
0x0000, 0x0000, 0x0000, 0x0000, 0x0000, 0x0000, 0x0000, 0x0000, 
0x0000, 0x0000, 0x0000, 0x0000, 0x0000, 0x0000, 0x0000, 0x0000, 
0x0000, 0x0000, 0x0000, 0x0000, 0x0000, 0x0000, 0x0000, 0x0000, 
0x0000, 0x0000, 0x0000, 0x0000, 0x0000, 0x0000, 0x0000, 0x0000, 
0x0000, 0x0000, 0x0000, 0x0000, 0x0000, 0x0000, 0x0000, 0x0000, 
0x0000, 0x0000, 0x0000, 0x0000, 0x0000, 0x0000, 0x0000, 0x0000, 
0x0000, 0x0000, 0x0000, 0x0000, 0x0000, 0x0000, 0x0000, 0x0000, 
0x0000, 0x0000, 0x0000, 0x0000, 0x0000, 0x0000, 0x0000, 0x0000, 
0x0000, 0x0000, 0x0000, 0x0000, 0x0000, 0x0000, 0x0000, 0x0000, 
0x0000, 0x0000, 0x0000, 0x0000, 0x0000, 0x0000, 0x0000, 0x0000, 
0x0000, 0x0000, 0x0000, 0x0000, 0x0000, 0x0000, 0x0000, 0x0000, 
0x0000, 0x0000, 0x0000, 0x0000, 0x0000, 0x0000, 0x0000, 0x0000, 
0x0000, 0x0000, 0x0000, 0x0000, 0x0000, 0x0000, 0x0000, 0x0000, 
0x0000, 0x0000, 0x0000, 0x0000, 0x0000, 0x0000, 0x0000, 0x0000, 
0x0000, 0x0000, 0x0000, 0x0000, 0x0000, 0x0000, 0x0000, 0x0000, 
0x0000, 0x0000, 0x0000, 0x0000, 0x0000, 0x0000, 0x0000, 0x0000, 
0x0000, 0x0000, 0x0000, 0x0000, 0x0000, 0x0000, 0x0000, 0x0000, 
0x0000, 0x0000, 0x0000, 0x0000, 0x0000, 0x0000, 0x0000, 0x0000, 
0x0000, 0x0000, 0x0000, 0x0000, 0x0000, 0x0000, 0x0000, 0x0000, 
0x0000, 0x0000, 0x0000, 0x0000, 0x0000, 0x0000, 0x0000, 0x0000, 
0x0000, 0x0000, 0x0000, 0x0000, 0x0000, 0x0000, 0x0000, 0x0000, 
0x0000, 0x0000, 0x0000, 0x0000, 0x0000, 0x0000, 0x0000, 0x0000, 
0x0000, 0x0000, 0x0000, 0x0000, 0x0000, 0x0000, 0x0000, 0x0000, 
0x0000, 0x0000, 0x0000, 0x0000, 0x0000, 0x0000, 0x0000, 0x0000, 
0x0000, 0x0000, 0x0000, 0x0000, 0x0000, 0x0000, 0x0000, 0x0000, 
0x0000, 0x0000, 0x0000, 0x0000, 0x0000, 0x0000, 0x0000, 0x0000, 
0x0000, 0x0000, 0x0000, 0x0000, 0x0000, 0x0000, 0x0000, 0x0000, 
0x0000, 0x0000, 0x0000, 0x0000, 0x0000, 0x0000, 0x0000, 0x0000, 
0x0000, 0x0000, 0x0000, 0x0000, 0x0000, 0x0000, 0x0000, 0x0000, 
0x0000, 0x0000, 0x0000, 0x0000, 0x0000, 0x0000, 0x0000, 0x0000, 
0x0000, 0x0000, 0x0000, 0x0000, 0x0000, 0x0000, 0x0000, 0x0000, 
0x0000, 0x0000, 0x0000, 0x0000, 0x0000, 0x0000, 0x0000, 0x0000, 
0x0000, 0x0000, 0x0000, 0x0000, 0x0000, 0x0000, 0x0000, 0x0000, 
0x0000, 0x0000, 0x0000, 0x0000, 0x0000, 0x0000, 0x0000, 0x0000, 
0x0000, 0x0000, 0x0000, 0x0000, 0x0000, 0x0000, 0x0000, 0x0000, 
0x0000, 0x0000, 0x0000, 0x0000, 0x0000, 0x0000, 0x0000, 0x0000, 
0x0000, 0x0000, 0x0000, 0x0000, 0x0000, 0x0000, 0x0000, 0x0000, 
0x0000, 0x0000, 0x0000, 0x0000, 0x0000, 0x0000, 0x0000, 0x0000, 
0x0000, 0x0000, 0x0000, 0x0000, 0x0000, 0x0000, 0x0000, 0x0000, 
0x0000, 0x0000, 0x0000, 0x0000, 0x0000, 0x0000, 0x0000, 0x0000, 
0x0000, 0x0000, 0x0000, 0x0000, 0x0000, 0x0000, 0x0000, 0x0000, 
0x0000, 0x0000, 0x0000, 0x0000, 0x0000, 0x0000, 0x0000, 0x0000, 
0x0000, 0x0000, 0x0000, 0x0000, 0x0000, 0x0000, 0x0000, 0x0000, 
0x0000, 0x0000, 0x0000, 0x0000, 0x0000, 0x0000, 0x0000, 0x0000, 
0x0000, 0x0000, 0x0000, 0x0000, 0x0000, 0x0000, 0x0000, 0x0000, 
0x0000, 0x0000, 0x0000, 0x0000, 0x0000, 0x0000, 0x0000, 0x0000, 
0x0000, 0x0000, 0x0000, 0x0000, 0x0000, 0x0000, 0x0000, 0x0000, 
0x0000, 0x0000, 0x0000, 0x0000, 0x0000, 0x0000, 0x0000, 0x0000, 
0x0000, 0x0000, 0x0000, 0x0000, 0x0000, 0x0000, 0x0000, 0x0000, 
0x0000, 0x0000, 0x0000, 0x0000, 0x0000, 0x0000, 0x0000, 0x0000, 
0x0000, 0x0000, 0x0000, 0x0000, 0x0000, 0x0000, 0x0000, 0x0000, 
0x0000, 0x0000, 0x0000, 0x0000, 0x0000, 0x0000, 0x0000, 0x0000, 
0x0000, 0x0000, 0x0000, 0x0000, 0x0000, 0x0000, 0x0000, 0x0000, 
0x0000, 0x0000, 0x0000, 0x0000, 0x0000, 0x0000, 0x0000, 0x0000, 
0x0000, 0x0000, 0x0000, 0x0000, 0x0000, 0x0000, 0x0000, 0x0000, 
0x0000, 0x0000, 0x0000, 0x0000, 0x0000, 0x0000, 0x0000, 0x0000, 
0x0000, 0x0000, 0x0000, 0x0000, 0x0000, 0x0000, 0x0000, 0x0000, 
0x0000, 0x0000, 0x0000, 0x0000, 0x0000, 0x0000, 0x0000, 0x0000, 
0x0000, 0x0000, 0x0000, 0x0000, 0x0000, 0x0000, 0x0000, 0x0000, 
0x0000, 0x0000, 0x0000, 0x0000, 0x0000, 0x0000, 0x0000, 0x0000, 
0x0000, 0x0000, 0x0000, 0x0000, 0x0000, 0x0000, 0x0000, 0x0000, 
0x0000, 0x0000, 0x0000, 0x0000, 0x0000, 0x0000, 0x0000, 0x0000, 
0x0000, 0x0000, 0x0000, 0x0000, 0x0000, 0x0000, 0x0000, 0x0000, 
0x0000, 0x0000, 0x0000, 0x0000, 0x0000, 0x0000, 0x0000, 0x0000, 
0x0000, 0x0000, 0x0000, 0x0000, 0x0000, 0x0000, 0x0000, 0x0000, 
0x0000, 0x0000, 0x0000, 0x0000, 0x0000, 0x0000, 0x0000, 0x0000, 
0x0000, 0x0000, 0x0000, 0x0000, 0x0000, 0x0000, 0x0000, 0x0000, 
0x0000, 0x0000, 0x0000, 0x0000, 0x0000, 0x0000, 0x0000, 0x0000, 
0x0000, 0x0000, 0x0000, 0x0000, 0x0000, 0x0000, 0x0000, 0x0000, 
0x0000, 0x0000, 0x0000, 0x0000, 0x0000, 0x0000, 0x0000, 0x0000, 
0x0000, 0x0000, 0x0000, 0x0000, 0x0000, 0x0000, 0x0000, 0x0000, 
0x0000, 0x0000, 0x0000, 0x0000, 0x0000, 0x0000, 0x0000, 0x0000, 
0x0000, 0x0000, 0x0000, 0x0000, 0x0000, 0x0000, 0x0000, 0x0000, 
0x0000, 0x0000, 0x0000, 0x0000, 0x0000, 0x0000, 0x0000, 0x0000, 
0x0000, 0x0000, 0x0000, 0x0000, 0x0000, 0x0000, 0x0000, 0x0000, 
0x0000, 0x0000, 0x0000, 0x0000, 0x0000, 0x0000, 0x0000, 0x0000, 
0x0000, 0x0000, 0x0000, 0x0000, 0x0000, 0x0000, 0x0000, 0x0000, 
0x0000, 0x0000, 0x0000, 0x0000, 0x0000, 0x0000, 0x0000, 0x0000, 
0x0000, 0x0000, 0x0000, 0x0000, 0x0000, 0x0000, 0x0000, 0x0000, 
0x0000, 0x0000, 0x0000, 0x0000, 0x0000, 0x0000, 0x0000, 0x0000, 
0x0000, 0x0000, 0x0000, 0x0000, 0x0000, 0x0000, 0x0000, 0x0000, 
0x0000, 0x0000, 0x0000, 0x0000, 0x0000, 0x0000, 0x0000, 0x0000, 
0x0000, 0x0000, 0x0000, 0x0000, 0x0000, 0x0000, 0x0000, 0x0000, 
0x0000, 0x0000, 0x0000, 0x0000, 0x0000, 0x0000, 0x0000, 0x0000, 
0x0000, 0x0000, 0x0000, 0x0000, 0x0000, 0x0000, 0x0000, 0x0000, 
0x0000, 0x0000, 0x0000, 0x0000, 0x0000, 0x0000, 0x0000, 0x0000, 
0x0000, 0x0000, 0x0000, 0x0000, 0x0000, 0x0000, 0x0000, 0x0000, 
0x0000, 0x0000, 0x0000, 0x0000, 0x0000, 0x0000, 0x0000, 0x0000, 
0x0000, 0x0000, 0x0000, 0x0000, 0x0000, 0x0000, 0x0000, 0x0000, 
0x0000, 0x0000, 0x0000, 0x0000, 0x0000, 0x0000, 0x0000, 0x0000, 
0x0000, 0x0000, 0x0000, 0x0000, 0x0000, 0x0000, 0x0000, 0x0000, 
0x0000, 0x0000, 0x0000, 0x0000, 0x0000, 0x0000, 0x0000, 0x0000, 
0x0000, 0x0000, 0x0000, 0x0000, 0x0000, 0x0000, 0x0000, 0x0000, 
0x0000, 0x0000, 0x0000, 0x0000, 0x0000, 0x0000, 0x0000, 0x0000, 
0x0000, 0x0000, 0x0000, 0x0000, 0x0000, 0x0000, 0x0000, 0x0000, 
0x0000, 0x0000, 0x0000, 0x0000, 0x0000, 0x0000, 0x0000, 0x0000, 
0x0000, 0x0000, 0x0000, 0x0000, 0x0000, 0x0000, 0x0000, 0x0000, 
0x0000, 0x0000, 0x0000, 0x0000, 0x0000, 0x0000, 0x0000, 0x0000, 
0x0000, 0x0000, 0x0000, 0x0000, 0x0000, 0x0000, 0x0000, 0x0000, 
0x0000, 0x0000, 0x0000, 0x0000, 0x0000, 0x0000, 0x0000, 0x0000, 
0x0000, 0x0000, 0x0000, 0x0000, 0x0000, 0x0000, 0x0000, 0x0000, 
0x0000, 0x0000, 0x0000, 0x0000, 0x0000, 0x0000, 0x0000, 0x0000, 
0x0000, 0x0000, 0x0000, 0x0000, 0x0000, 0x0000, 0x0000, 0x0000, 
0x0000, 0x0000, 0x0000, 0x0000, 0x0000, 0x0000, 0x0000, 0x0000, 
0x0000, 0x0000, 0x0000, 0x0000, 0x0000, 0x0000, 0x0000, 0x0000, 
0x0000, 0x0000, 0x0000, 0x0000, 0x0000, 0x0000, 0x0000, 0x0000, 
0x0000, 0x0000, 0x0000, 0x0000, 0x0000, 0x0000, 0x0000, 0x0000, 
0x0000, 0x0000, 0x0000, 0x0000, 0x0000, 0x0000, 0x0000, 0x0000, 
0x0000, 0x0000, 0x0000, 0x0000, 0x0000, 0x0000, 0x0000, 0x0000, 
0x0000, 0x0000, 0x0000, 0x0000, 0x0000, 0x0000, 0x0000, 0x0000, 
0x0000, 0x0000, 0x0000, 0x0000, 0x0000, 0x0000, 0x0000, 0x0000, 
0x0000, 0x0000, 0x0000, 0x0000, 0x0000, 0x0000, 0x0000, 0x0000, 
0x0000, 0x0000, 0x0000, 0x0000, 0x0000, 0x0000, 0x0000, 0x0000, 
0x0000, 0x0000, 0x0000, 0x0000, 0x0000, 0x0000, 0x0000, 0x0000, 
0x0000, 0x0000, 0x0000, 0x0000, 0x0000, 0x0000, 0x0000, 0x0000, 
0x0000, 0x0000, 0x0000, 0x0000, 0x0000, 0x0000, 0x0000, 0x0000, 
0x0000, 0x0000, 0x0000, 0x0000, 0x0000, 0x0000, 0x0000, 0x0000, 
0x0000, 0x0000, 0x0000, 0x0000, 0x0000, 0x0000, 0x0000, 0x0000, 
0x0000, 0x0000, 0x0000, 0x0000, 0x0000, 0x0000, 0x0000, 0x0000, 
0x0000, 0x0000, 0x0000, 0x0000, 0x0000, 0x0000, 0x0000, 0x0000, 
0x0000, 0x0000, 0x0000, 0x0000, 0x0000, 0x0000, 0x0000, 0x0000, 
0x0000, 0x0000, 0x0000, 0x0000, 0x0000, 0x0000, 0x0000, 0x0000, 
0x0000, 0x0000, 0x0000, 0x0000, 0x0000, 0x0000, 0x0000, 0x0000, 
0x0000, 0x0000, 0x0000, 0x0000, 0x0000, 0x0000, 0x0000, 0x0000, 
0x0000, 0x0000, 0x0000, 0x0000, 0x0000, 0x0000, 0x0000, 0x0000, 
0x0000, 0x0000, 0x0000, 0x0000, 0x0000, 0x0000, 0x0000, 0x0000, 
0x0000, 0x0000, 0x0000, 0x0000, 0x0000, 0x0000, 0x0000, 0x0000, 
0x0000, 0x0000, 0x0000, 0x0000, 0x0000, 0x0000, 0x0000, 0x0000, 
0x0000, 0x0000, 0x0000, 0x0000, 0x0000, 0x0000, 0x0000, 0x0000, 
0x0000, 0x0000, 0x0000, 0x0000, 0x0000, 0x0000, 0x0000, 0x0000, 
0x0000, 0x0000, 0x0000, 0x0000, 0x0000, 0x0000, 0x0000, 0x0000, 
0x0000, 0x0000, 0x0000, 0x0000, 0x0000, 0x0000, 0x0000, 0x0000, 
0x0000, 0x0000, 0x0000, 0x0000, 0x0000, 0x0000, 0x0000, 0x0000, 
0x0000, 0x0000, 0x0000, 0x0000, 0x0000, 0x0000, 0x0000, 0x0000, 
0x0000, 0x0000, 0x0000, 0x0000, 0x0000, 0x0000, 0x0000, 0x0000, 
0x0000, 0x0000, 0x0000, 0x0000, 0x0000, 0x0000, 0x0000, 0x0000, 
0x0000, 0x0000, 0x0000, 0x0000, 0x0000, 0x0000, 0x0000, 0x0000, 
0x0000, 0x0000, 0x0000, 0x0000, 0x0000, 0x0000, 0x0000, 0x0000, 
0x0000, 0x0000, 0x0000, 0x0000, 0x0000, 0x0000, 0x0000, 0x0000, 
0x0000, 0x0000, 0x0000, 0x0000, 0x0000, 0x0000, 0x0000, 0x0000, 
0x0000, 0x0000, 0x0000, 0x0000, 0x0000, 0x0000, 0x0000, 0x0000, 
0x0000, 0x0000, 0x0000, 0x0000, 0x0000, 0x0000, 0x0000, 0x0000, 
0x0000, 0x0000, 0x0000, 0x0000, 0x0000, 0x0000, 0x0000, 0x0000, 
0x0000, 0x0000, 0x0000, 0x0000, 0x0000, 0x0000, 0x0000, 0x0000, 
0x0000, 0x0000, 0x0000, 0x0000, 0x0000, 0x0000, 0x0000, 0x0000, 
0x0000, 0x0000, 0x0000, 0x0000, 0x0000, 0x0000, 0x0000, 0x0000, 
0x0000, 0x0000, 0x0000, 0x0000, 0x0000, 0x0000, 0x0000, 0x0000, 
0x0000, 0x0000, 0x0000, 0x0000, 0x0000, 0x0000, 0x0000, 0x0000, 
0x0000, 0x0000, 0x0000, 0x0000, 0x0000, 0x0000, 0x0000, 0x0000, 
0x0000, 0x0000, 0x0000, 0x0000, 0x0000, 0x0000, 0x0000, 0x0000, 
0x0000, 0x0000, 0x0000, 0x0000, 0x0000, 0x0000, 0x0000, 0x0000, 
0x0000, 0x0000, 0x0000, 0x0000, 0x0000, 0x0000, 0x0000, 0x0000, 
0x0000, 0x0000, 0x0000, 0x0000, 0x0000, 0x0000, 0x0000, 0x0000, 
0x0000, 0x0000, 0x0000, 0x0000, 0x0000, 0x0000, 0x0000, 0x0000, 
0x0000, 0x0000, 0x0000, 0x0000, 0x0000, 0x0000, 0x0000, 0x0000, 
0x0000, 0x0000, 0x0000, 0x0000, 0x0000, 0x0000, 0x0000, 0x0000, 
0x0000, 0x0000, 0x0000, 0x0000, 0x0000, 0x0000, 0x0000, 0x0000, 
0x0000, 0x0000, 0x0000, 0x0000, 0x0000, 0x0000, 0x0000, 0x0000, 
0x0000, 0x0000, 0x0000, 0x0000, 0x0000, 0x0000, 0x0000, 0x0000, 
0x0000, 0x0000, 0x0000, 0x0000, 0x0000, 0x0000, 0x0000, 0x0000, 
0x0000, 0x0000, 0x0000, 0x0000, 0x0000, 0x0000, 0x0000, 0x0000, 
0x0000, 0x0000, 0x0000, 0x0000, 0x0000, 0x0000, 0x0000, 0x0000, 
0x0000, 0x0000, 0x0000, 0x0000, 0x0000, 0x0000, 0x0000, 0x0000, 
0x0000, 0x0000, 0x0000, 0x0000, 0x0000, 0x0000, 0x0000, 0x0000, 
0x0000, 0x0000, 0x0000, 0x0000, 0x0000, 0x0000, 0x0000, 0x0000, 
0x0000, 0x0000, 0x0000, 0x0000, 0x0000, 0x0000, 0x0000, 0x0000, 
0x0000, 0x0000, 0x0000, 0x0000, 0x0000, 0x0000, 0x0000, 0x0000, 
0x0000, 0x0000, 0x0000, 0x0000, 0x0000, 0x0000, 0x0000, 0x0000, 
0x0000, 0x0000, 0x0000, 0x0000, 0x0000, 0x0000, 0x0000, 0x0000, 
0x0000, 0x0000, 0x0000, 0x0000, 0x0000, 0x0000, 0x0000, 0x0000, 
0x0000, 0x0000, 0x0000, 0x0000, 0x0000, 0x0000, 0x0000, 0x0000, 
0x0000, 0x0000, 0x0000, 0x0000, 0x0000, 0x0000, 0x0000, 0x0000, 
0x0000, 0x0000, 0x0000, 0x0000, 0x0000, 0x0000, 0x0000, 0x0000, 
0x0000, 0x0000, 0x0000, 0x0000, 0x0000, 0x0000, 0x0000, 0x0000, 
0x0000, 0x0000, 0x0000, 0x0000, 0x0000, 0x0000, 0x0000, 0x0000, 
0x0000, 0x0000, 0x0000, 0x0000, 0x0000, 0x0000, 0x0000, 0x0000, 
0x0000, 0x0000, 0x0000, 0x0000, 0x0000, 0x0000, 0x0000, 0x0000, 
0x0000, 0x0000, 0x0000, 0x0000, 0x0000, 0x0000, 0x0000, 0x0000, 
0x0000, 0x0000, 0x0000, 0x0000, 0x0000, 0x0000, 0x0000, 0x0000, 
0x0000, 0x0000, 0x0000, 0x0000, 0x0000, 0x0000, 0x0000, 0x0000, 
0x0000, 0x0000, 0x0000, 0x0000, 0x0000, 0x0000, 0x0000, 0x0000, 
0x0000, 0x0000, 0x0000, 0x0000, 0x0000, 0x0000, 0x0000, 0x0000, 
0x0000, 0x0000, 0x0000, 0x0000, 0x0000, 0x0000, 0x0000, 0x0000, 
0x0000, 0x0000, 0x0000, 0x0000, 0x0000, 0x0000, 0x0000, 0x0000, 
0x0000, 0x0000, 0x0000, 0x0000, 0x0000, 0x0000, 0x0000, 0x0000, 
0x0000, 0x0000, 0x0000, 0x0000, 0x0000, 0x0000, 0x0000, 0x0000, 
0x0000, 0x0000, 0x0000, 0x0000, 0x0000, 0x0000, 0x0000, 0x0000, 
0x0000, 0x0000, 0x0000, 0x0000, 0x0000, 0x0000, 0x0000, 0x0000, 
0x0000, 0x0000, 0x0000, 0x0000, 0x0000, 0x0000, 0x0000, 0x0000, 
0x0000, 0x0000, 0x0000, 0x0000, 0x0000, 0x0000, 0x0000, 0x0000, 
0x0000, 0x0000, 0x0000, 0x0000, 0x0000, 0x0000, 0x0000, 0x0000, 
0x0000, 0x0000, 0x0000, 0x0000, 0x0000, 0x0000, 0x0000, 0x0000, 
0x0000, 0x0000, 0x0000, 0x0000, 0x0000, 0x0000, 0x0000, 0x0000, 
0x0000, 0x0000, 0x0000, 0x0000, 0x0000, 0x0000, 0x0000, 0x0000, 
0x0000, 0x0000, 0x0000, 0x0000, 0x0000, 0x0000, 0x0000, 0x0000, 
0x0000, 0x0000, 0x0000, 0x0000, 0x0000, 0x0000, 0x0000, 0x0000, 
0x0000, 0x0000, 0x0000, 0x0000, 0x0000, 0x0000, 0x0000, 0x0000, 
0x0000, 0x0000, 0x0000, 0x0000, 0x0000, 0x0000, 0x0000, 0x0000, 
0x0000, 0x0000, 0x0000, 0x0000, 0x0000, 0x0000, 0x0000, 0x0000, 
0x0000, 0x0000, 0x0000, 0x0000, 0x0000, 0x0000, 0x0000, 0x0000, 
0x0000, 0x0000, 0x0000, 0x0000, 0x0000, 0x0000, 0x0000, 0x0000, 
0x0000, 0x0000, 0x0000, 0x0000, 0x0000, 0x0000, 0x0000, 0x0000, 
0x0000, 0x0000, 0x0000, 0x0000, 0x0000, 0x0000, 0x0000, 0x0000, 
0x0000, 0x0000, 0x0000, 0x0000, 0x0000, 0x0000, 0x0000, 0x0000, 
0x0000, 0x0000, 0x0000, 0x0000, 0x0000, 0x0000, 0x0000, 0x0000, 
0x0000, 0x0000, 0x0000, 0x0000, 0x0000, 0x0000, 0x0000, 0x0000, 
0x0000, 0x0000, 0x0000, 0x0000, 0x0000, 0x0000, 0x0000, 0x0000, 
0x0000, 0x0000, 0x0000, 0x0000, 0x0000, 0x0000, 0x0000, 0x0000, 
0x0000, 0x0000, 0x0000, 0x0000, 0x0000, 0x0000, 0x0000, 0x0000, 
0x0000, 0x0000, 0x0000, 0x0000, 0x0000, 0x0000, 0x0000, 0x0000, 
0x0000, 0x0000, 0x0000, 0x0000, 0x0000, 0x0000, 0x0000, 0x0000, 
0x0000, 0x0000, 0x0000, 0x0000, 0x0000, 0x0000, 0x0000, 0x0000, 
0x0000, 0x0000, 0x0000, 0x0000, 0x0000, 0x0000, 0x0000, 0x0000, 
0x0000, 0x0000, 0x0000, 0x0000, 0x0000, 0x0000, 0x0000, 0x0000, 
0x0000, 0x0000, 0x0000, 0x0000, 0x0000, 0x0000, 0x0000, 0x0000, 
0x0000, 0x0000, 0x0000, 0x0000, 0x0000, 0x0000, 0x0000, 0x0000, 
0x0000, 0x0000, 0x0000, 0x0000, 0x0000, 0x0000, 0x0000, 0x0000, 
0x0000, 0x0000, 0x0000, 0x0000, 0x0000, 0x0000, 0x0000, 0x0000, 
0x0000, 0x0000, 0x0000, 0x0000, 0x0000, 0x0000, 0x0000, 0x0000, 
0x0000, 0x0000, 0x0000, 0x0000, 0x0000, 0x0000, 0x0000, 0x0000, 
0x0000, 0x0000, 0x0000, 0x0000, 0x0000, 0x0000, 0x0000, 0x0000, 
0x0000, 0x0000, 0x0000, 0x0000, 0x0000, 0x0000, 0x0000, 0x0000, 
0x0000, 0x0000, 0x0000, 0x0000, 0x0000, 0x0000, 0x0000, 0x0000, 
0x0000, 0x0000, 0x0000, 0x0000, 0x0000, 0x0000, 0x0000, 0x0000, 
0x0000, 0x0000, 0x0000, 0x0000, 0x0000, 0x0000, 0x0000, 0x0000, 
0x0000, 0x0000, 0x0000, 0x0000, 0x0000, 0x0000, 0x0000, 0x0000, 
0x0000, 0x0000, 0x0000, 0x0000, 0x0000, 0x0000, 0x0000, 0x0000, 
0x0000, 0x0000, 0x0000, 0x0000, 0x0000, 0x0000, 0x0000, 0x0000, 
0x0000, 0x0000, 0x0000, 0x0000, 0x0000, 0x0000, 0x0000, 0x0000, 
0x0000, 0x0000, 0x0000, 0x0000, 0x0000, 0x0000, 0x0000, 0x0000, 
0x0000, 0x0000, 0x0000, 0x0000, 0x0000, 0x0000, 0x0000, 0x0000, 
0x0000, 0x0000, 0x0000, 0x0000, 0x0000, 0x0000, 0x0000, 0x0000, 
0x0000, 0x0000, 0x0000, 0x0000, 0x0000, 0x0000, 0x0000, 0x0000, 
0x0000, 0x0000, 0x0000, 0x0000, 0x0000, 0x0000, 0x0000, 0x0000, 
0x0000, 0x0000, 0x0000, 0x0000, 0x0000, 0x0000, 0x0000, 0x0000, 
0x0000, 0x0000, 0x0000, 0x0000, 0x0000, 0x0000, 0x0000, 0x0000, 
0x0000, 0x0000, 0x0000, 0x0000, 0x0000, 0x0000, 0x0000, 0x0000, 
0x0000, 0x0000, 0x0000, 0x0000, 0x0000, 0x0000, 0x0000, 0x0000, 
0x0000, 0x0000, 0x0000, 0x0000, 0x0000, 0x0000, 0x0000, 0x0000, 
0x0000, 0x0000, 0x0000, 0x0000, 0x0000, 0x0000, 0x0000, 0x0000, 
0x0000, 0x0000, 0x0000, 0x0000, 0x0000, 0x0000, 0x0000, 0x0000, 
0x0000, 0x0000, 0x0000, 0x0000, 0x0000, 0x0000, 0x0000, 0x0000, 
0x0000, 0x0000, 0x0000, 0x0000, 0x0000, 0x0000, 0x0000, 0x0000, 
0x0000, 0x0000, 0x0000, 0x0000, 0x0000, 0x0000, 0x0000, 0x0000, 
0x0000, 0x0000, 0x0000, 0x0000, 0x0000, 0x0000, 0x0000, 0x0000, 
0x0000, 0x0000, 0x0000, 0x0000, 0x0000, 0x0000, 0x0000, 0x0000, 
0x0000, 0x0000, 0x0000, 0x0000, 0x0000, 0x0000, 0x0000, 0x0000, 
0x0000, 0x0000, 0x0000, 0x0000, 0x0000, 0x0000, 0x0000, 0x0000, 
0x0000, 0x0000, 0x0000, 0x0000, 0x0000, 0x0000, 0x0000, 0x0000, 
0x0000, 0x0000, 0x0000, 0x0000, 0x0000, 0x0000, 0x0000, 0x0000, 
0x0000, 0x0000, 0x0000, 0x0000, 0x0000, 0x0000, 0x0000, 0x0000, 
0x0000, 0x0000, 0x0000, 0x0000, 0x0000, 0x0000, 0x0000, 0x0000, 
0x0000, 0x0000, 0x0000, 0x0000, 0x0000, 0x0000, 0x0000, 0x0000, 
0x0000, 0x0000, 0x0000, 0x0000, 0x0000, 0x0000, 0x0000, 0x0000, 
0x0000, 0x0000, 0x0000, 0x0000, 0x0000, 0x0000, 0x0000, 0x0000, 
0x0000, 0x0000, 0x0000, 0x0000, 0x0000, 0x0000, 0x0000, 0x0000, 
0x0000, 0x0000, 0x0000, 0x0000, 0x0000, 0x0000, 0x0000, 0x0000, 
0x0000, 0x0000, 0x0000, 0x0000, 0x0000, 0x0000, 0x0000, 0x0000, 
0x0000, 0x0000, 0x0000, 0x0000, 0x0000, 0x0000, 0x0000, 0x0000, 
0x0000, 0x0000, 0x0000, 0x0000, 0x0000, 0x0000, 0x0000, 0x0000, 
0x0000, 0x0000, 0x0000, 0x0000, 0x0000, 0x0000, 0x0000, 0x0000, 
0x0000, 0x0000, 0x0000, 0x0000, 0x0000, 0x0000, 0x0000, 0x0000, 
0x0000, 0x0000, 0x0000, 0x0000, 0x0000, 0x0000, 0x0000, 0x0000, 
0x0000, 0x0000, 0x0000, 0x0000, 0x0000, 0x0000, 0x0000, 0x0000, 
0x0000, 0x0000, 0x0000, 0x0000, 0x0000, 0x0000, 0x0000, 0x0000, 
0x0000, 0x0000, 0x0000, 0x0000, 0x0000, 0x0000, 0x0000, 0x0000, 
0x0000, 0x0000, 0x0000, 0x0000, 0x0000, 0x0000, 0x0000, 0x0000, 
0x0000, 0x0000, 0x0000, 0x0000, 0x0000, 0x0000, 0x0000, 0x0000, 
0x0000, 0x0000, 0x0000, 0x0000, 0x0000, 0x0000, 0x0000, 0x0000, 
0x0000, 0x0000, 0x0000, 0x0000, 0x0000, 0x0000, 0x0000, 0x0000, 
0x0000, 0x0000, 0x0000, 0x0000, 0x0000, 0x0000, 0x0000, 0x0000, 
0x0000, 0x0000, 0x0000, 0x0000, 0x0000, 0x0000, 0x0000, 0x0000, 
0x0000, 0x0000, 0x0000, 0x0000, 0x0000, 0x0000, 0x0000, 0x0000, 
0x0000, 0x0000, 0x0000, 0x0000, 0x0000, 0x0000, 0x0000, 0x0000, 
0x0000, 0x0000, 0x0000, 0x0000, 0x0000, 0x0000, 0x0000, 0x0000, 
0x0000, 0x0000, 0x0000, 0x0000, 0x0000, 0x0000, 0x0000, 0x0000, 
0x0000, 0x0000, 0x0000, 0x0000, 0x0000, 0x0000, 0x0000, 0x0000, 
0x0000, 0x0000, 0x0000, 0x0000, 0x0000, 0x0000, 0x0000, 0x0000, 

};
