:020000040000FA
:10000000050000EAFEFFFFEAFEFFFFEAFEFFFFEA4F
:10001000FEFFFFEAFEFFFFEAFEFFFFEA90429FE5D8
:1000200004404FE02C804FE288829FE588929FE554
:10003000048098E7049099E70500001A006098E5AD
:10004000090016E10000A0130010A0130020A01367
:100050000030A01364529FE564629FE564729FE5DF
:1000600064A29FE564B29FE564C29FE564D29FE508
:10007000045095E7046096E7047097E704A09AE7B8
:1000800004B09BE704C09CE704D09DE7006085E5D1
:1000900007F08FE00000A0E1074084E0009088E5D1
:1000A00000B08AE530B29FE530529FE530629FE5AF
:1000B00030829FE5045095E7046096E7048098E756
:1000C000084084E0074044E000D08CE504F08BE079
:1000D000006085E5106F11EE506C86E3106F01EE45
:1000E00004A29FE504A09AE740DC8AE20F002DE914
:1000F000F8119FE5F8219FE5012042E0041081E01E
:100100000A00A0E15D0000EB0A00A0E12A0000EB7C
:100110000F00BDE8DC619FE5046096E7D8E19FE54C
:1001200004E09EE70ED086E00F002DE9CC319FE57C
:10013000043093E70450B3E7045085E0C0019FE525
:10014000C0119FE5001041E0040080E00620A0E11E
:100150000FE0A0E105F0A0E1ACE19FE504E09EE73F
:10016000A8719FE50470D7E778019FE5044090E708
:100170000F00BDE898519FE598619FE5056056E046
:100180000050A0030080A0E30090A0E300A0A0E343
:1001900000B0A0E300C0A0E3000057E30070A0E3BC
:1001A00010DF11EE80D08D1350DCCDE310DF01EEB7
:1001B00015DF07EE0EF0A0E1BC01000010402DE9B4
:1001C0000040A0E110108FE2E4208FE23D1F07EE17
:1001D000081081E2020051E1FBFFFF3A0300B4E89E
:1001E000010010E300108005FBFFFF0A0100C0E3DF
:1001F0000128A0E12228A0E1211EA0E1090051E38D
:1002000001F18F30FEFFFFEA0B0000EA100000EA68
:10021000150000EAFAFFFFEAF9FFFFEAF8FFFFEA3C
:10022000F7FFFFEAF6FFFFEA043094E4003080E5D0
:10023000042052E2FBFFFFCAE7FFFFEA000052E39F
:100240001080BD080410A0E1024084E00B0000EB28
:10025000E1FFFFEA0600B4E8003090E5023003E079
:10026000030051E1FBFFFF1ADBFFFFEA160050E23B
:10027000D9FFFF3A040050E2FDFFFF2AD6FFFFEA54
:10028000F04F2DE92C2052E2020000BAF85FB1E8ED
:10029000F85FA0E8FAFFFFEA2C2082E2022081E06A
:1002A000010052E1F08FBDD8044091E4044080E4A5
:1002B000FAFFFFEA28000000280300002C030000DA
:1002C0001C03000020030000240300003003000092
:1002D00034030000380300003C030000D00000009D
:1002E0004403000048030000400300004C030000EA
:1002F000680300009804000050030000540300004D
:100300006003000098040000A06201005803000090
:10031000640300000000000000000000C0C0FF7F78
:10032000010B00400000004000C0FF7F0100000002
:1003300080C0FF7F83C6FF7FC0C0FF7F030B0040EC
:100340000000004090C0FF7F8106002000000020D8
:100350003CC00200C43FFD07000000000000000098
:10036000A06201000000000001C3FF7F1000000038
:100370000000040005050200010102005510000004
:1003800011C3FF7F100000000000040006060200F9
:10039000020202005510000020C3FF7F1000000081
:1003A00041C0FF7F0C0000000600000002000000BA
:1003B0000200000094C0FF7F81060220B0C0FF7FD2
:1003C000010D0000C4C0FF7F030B8040D0C0FF7F41
:1003D0008306008034C0FF7F000000003CC0FF7F28
:1003E0000000000018CCFF7F0300000091C3FF7FD6
:1003F00008000000100000000000000080C3FF7F24
:100400004800000025C3FF7F080000100300000023
:100410000300000024C3FF7F0C000000D530000063
:100420000000002001C4FF7F14000000924800007B
:10043000A85B0000000000009304000080D90000C9
:1004400020C4FF7F330000001CC4FF7F0080000039
:100450001CC4FF7F00C00000550000000000002009
:100460001CC4FF7F00880000550000000000002031
:100470001CC4FF7F00880000550000000000002021
:100480001CC4FF7F00A000005500000000000020F9
:100490000100000000000000789CECBD7B5C1BE7C5
:1004A0009DEF2F6CA7719DC41677ECCDEE926EFB7D
:1004B000DB38896D10375B4DCF12D1EEA692638386
:1004C000869B196537B126BBB535D8188D8018A91C
:1004D000C709524F5B24739304B691EB7D1DC3D9BA
:1004E000A60673154EB2A6E99EADCFBEB235E60E96
:1004F0006ED280A1FC9CCDC5DC11B469F87D9FB99A
:10050000682E08DB69DDFECE1F7A9ED76866A4D10F
:100510008C34EFF97CBFDFE7FB3C2385C864B2CFA6
:100520005665B2BF92C93EFA124C5F862902A66890
:100530009842607A0CA618983E5F5DFD68F51F76BC
:10054000FD57B54CF6F1EA3F5CFD70D3CCDF4FA010
:10055000F54DB203133259E5D46AC4F8246C3F5EFA
:10056000CCBEBE75A6E5167AFD4DC9F63AC9FA614C
:10057000E17AEAAEFFFA77B49ECAACCBB785DEC9A2
:1005800095FF682A4456794BBE2DE4CE66D9F8A46F
:100590007CDBC63BCFCB7E3425DFB6E10E7AFD2176
:1005A000D9A949F4DAC0CC139389BD3F9AEA877977
:1005B0001CCCFB60FE0CCCDF83F993301F81F95714
:1005C000619E1122FB580ECB8FC3F2C3F0BD4AE4EB
:1005D00070024E6D90C95237C4CA62618A81290285
:1005E000A6C761926F88AD3C5531B14D56F7E166B3
:1005F000D9A9F1CDF2D7C637C7BE3EBE39AE6C3CE5
:10060000A4257522E41DD544882CFDD656996C4B43
:1006100081ACE5C3876499B77EB3BABA2544163175
:10062000F948AA551E228B9C7C24DD26DF00F32F7F
:10063000C37C63FACF2737BD943DB1A9C0F9D54D2E
:1006400005B6AFFE7675F58777E0BC6E94696FED01
:100650007A48F688ACE0C2649CACED43F4FE47E116
:10066000FD1B60FE65986F4CFDF7C94DE959F03EE2
:10067000EB573F83F7CCC17BD2BB37C82876B2C3D8
:10068000B43915B1A898E884EFB7F9D4D50FBFF9FC
:1006900032F572ECCB878F17528F6D816FE87FBD7B
:1006A000897DFD5B8585C70B630B0A5FF9C75728FA
:1006B000FD77F82DB9EDFEA7683B42B437396C23BE
:1006C0004BBD702B1638C8E03BC3D9DB1103EF716B
:1006D000C37B60F9A34DF20BB7E4B05E8DCE35EC71
:1006E000233B314CF6AD9223F47B99FD198B8FC4DB
:1006F0007EAD4478BCFF213A9EE918F1CA3F1E390D
:10070000F60A117BE498912A34E9A923C78FD15FB7
:10071000E46F64172647E19AD8F4E86B535B60599D
:1007200026FFD9AD7A583EC52ECB607923BB1C037A
:10073000CBA9ECF229580E6197ADB0BC815DFEBE2D
:10074000607B3B2C6F62972B61F92176D909CB3204
:1007500019DA77E5D4DFC0F5868EB175E6C2ADD47F
:100760002F5F983C1501DBC89875745E9E45D726AF
:100770006C87CE4F882C7312CEC7962D30DF04E7DE
:1007800008E9697675F563990CCE1D7CDF8DECB9AF
:100790007A14BEFFDFC13A7A1E9D2FD93BABFF3DD5
:1007A000EB98E1D8F1E263B1470A4FC47EEDAF4A5E
:1007B0006468FF05B07F8DE1C2E455D8C78F40273C
:1007C0006678DF3E78DF4598A7C0FC17304F823946
:1007D00001F304987F02F37898A71E82CF987A617C
:1007E000F24BC00AAEF937D0E70849B54EC0B5FAAA
:1007F000D1327C5E2B5CDB2DB2DE5B6DB29F8F2F26
:10080000C373C2EFF53EBC8E9637C998F38796370F
:10081000CBD0F9B8700BD984C79EBAFF82003EF6E0
:1008200054EC7324F54AE1CBB1DF2AD1BF4C1E3919
:100830006C2A8CFDE62B45AF90C70BF25F3946C59D
:10084000AA8EBF5C48C4D285DBFE79135C04B16913
:10085000C7773F13BB9F2276C762C7D35E78D9089C
:10086000FB8037E61F47D7C7CBE8F260B7FFE6113A
:100870006301F9F2ABB1DFCE7FF99F5E8985A733C3
:10088000FF36737FDA376377AF2D68FBF7B783F4F2
:100890004366E8EB7073E88FA662E03BC2F53ACDA1
:1008A0007D3F74DEFF065DEFE3C0F39D0BB73600BE
:1008B000D78DE9176E8DD3D7BE636AD33B8EA96DF2
:1008C00032CF87F25EC7441CB0DBCB6A2304B67913
:1008D00087DEA6722A447E6AA2032DC7C275213F15
:1008E0003575099637A4BE73FB02FBBAECCB703D9D
:1008F000C0542947EBAF4D7D9F7DFEFB685D5E35A3
:10090000856C0C30DB01E675722F1CE3928CBE56B1
:1009100026C17E7C2483EB077DD69762D1FEABA7F0
:100920007471308FAB99423665056CD1F3ECF321CD
:1009300071AF4F3C8B96DFA986D75F9FDA0BCB8FC9
:10094000CAFA6F3FC9BEBE61E7855B5F812906BDFC
:100950003FB68CBE9EFF1FD90659C9731B65A9A956
:100960001B65CFBEB341F62CCCBF09D3F3685DB68F
:10097000913E67E8733C1BC67CEEBDEC1C3D17C77F
:100980002E3FC3CEE570CD229DC5C2FABF6C786DF7
:10099000EA09565B1D1B98EDD1F215587E98D3DC01
:1009A000065E97F51B78EDD6C132B213A3213F9AAC
:1009B000B26F807317C77CFFFF60D7FF5226037B9F
:1009C0009D3E1929933DD512C29CC78BA1FC79DCB1
:1009D000067AAC0BE1B9D843782EDF87E50DB2DE9D
:1009E000DB66D8BE128E53C06EF733703C4428F3DA
:1009F0003D7E0DE73C977D7EBF60BFA0E51DC8A68C
:100A0000A4C273E8F3223B88D6E3601D7D66743E82
:100A100069DDC3FAA9B02AF89CA1937F019F45C65E
:100A2000ED43FEDA44087B1DCCC825FB955F98FC9E
:100A3000103839C35E9F0A85FDBE0FAF7F1FF6F1E8
:100A40003E3CF70EC75BFE6FB73BE4FCBEFE057194
:100A500095BF3E75817B6EFB855B4FC054C93EFFE1
:100A60003E7B6D6F1ADF456B195D7317E1FC3D2C02
:100A7000934F86C3E72AF1AFCB908F03DB21DBB224
:100A8000819D6F64E79B98F90EB06D1FFD1FE08B91
:100A9000E6753047DF1DED939B6EC3B136CD787E92
:100AA0008D8E857C461DEC77031C07CCF90E3B7AB6
:100AB0001FBCF63C7B6DD1D71A4CC806D2D71C5C44
:100AC00067E873A2699B0C7C05ECE3D9DE1726BEB0
:100AD00029734CEC05FD3D436BA5623C1696BFCADD
:100AE0002E7F15961F87E54D71B04DAC632255EEF4
:100AF00001BB2EFBF859D068041CCB0A4EF4250824
:100B00006C2AE138A75ED8F55F66D8EF4619BA9629
:100B1000FBA636C3BE37BE043A07FDCA4E5D980C2D
:100B200029780DE29BF4C99B21B22D5F83F943F034
:100B3000BD1F8F754F6D867D6E039BB0013E57C8FC
:100B4000A9EF4FF484C0778E05DB18FB3D64FB27CB
:100B5000652DF0DE0B23BF7E5A9637B921D5BA1129
:100B6000B4BA05CED5BBB1B0BE09D67DB0FE57B084
:100B7000BC19961798D73EDA05EBA9DBFE7D6348D2
:100B8000EAA98DD3F05C1C5A3F68DDF8092C238D4F
:100B90003C05EB0F233B2077C1F7A9FAB54C6E9BC0
:100BA000429F4D267BA92D24F5AB6DE878287E8BDE
:100BB00093AB27B6C832C04ECB9E92859C1A3F2578
:100BC000FBE1387A2D4E963AC1BD06765EC9BCF778
:100BD00042FB6EF499E09C45211F05DB71C7DA24C6
:100BE00039D6EFB37FB05B6FC953ADB0EDF7A64810
:100BF000742EE0FCED47DF9BBD6E64B211783E7D44
:100C00003215CE4348C1FF8097655B62617BB43F7C
:100C1000D0EA47DF816DBF44DBBE91A9EFC076A764
:100C200052ADE1683BF47AEA01EB4674DE8EA2F342
:100C300084DE7F616413DA3F05EB276579E168FDA7
:100C40009F601962BE2DA09B77F5B01C0BAFC3B19E
:100C5000DF95C17248C1DF6D78095EFB162CFF1D60
:100C60006C0F3E784B2E2CFF2FD806DCC247042C8D
:100C700047C273AFC0FC1FE1F5BF8165D0C6470511
:100C8000B03E08DB209E4760F95178FE18CC15F085
:100C9000DC7198FF12E6E83C1961793F2C9B60FEFD
:100CA00029ADA9BCC99FD03A42DF1BCEEB854A389B
:100CB000D73638BF9E2914F3A1981262C91DA9DB4B
:100CC00022E0735ED81827BB100EA1F904F233217D
:100CD0002DF804B057A36B4F06DBA3EB0F5D77FE37
:100CE0006B105E876B2A8FBB362136BA25BC3ED18E
:100CF000FEBF069F3324159FF8AB10663FDC3EE035
:100D00005893FE6D5333E9FD40B0F251EAD60874B2
:100D10000D6CA13FAB9CF9ACB2533F9B0A87D74EF9
:100D2000C1FE900D40D7C793FF0E7684BB1E4FBD0A
:100D30003315F2CE3B535BD0FBB96DE0FDFFF1976D
:100D4000B04D2AFB7DE556D8CE3A1512C29C070855
:100D5000B827F9FDBF36F55BF6FCC885CFCB1DF093
:100D60009D605F1750FC81CE01C430177E08E726D6
:100D70008F8E6964E83BCBFB6ECB986B6F07738EED
:100D80003D53511BC1575E409F8F39C75B64A9E338
:100D9000E85A0F979EE716D904B34DEA047A1D5D11
:100DA000BB70BCB784E7E911C139956E0B1A7E039D
:100DB000695EC65CDBBF449FE7D1F10A784FDF6D07
:100DC0006E1F0CA772D0077E6B6975F5AD2DA7BE9F
:100DD0003F8E3ED34F695B0AFB4B4D9FF857D9BD01
:100DE000D9B4B3E7079DDF4D2D9580C8F610B24BFF
:100DF0009BC19FD10CE495704D554EC581E69E91E7
:100E00007F6F0A715C6D79240CC5E988DB23572E4E
:100E1000843E0D53F3B68A89CDB02E93E1E15F8510
:100E20006D2F6FAB086BDA56B1019DF7D483FF1EAF
:100E3000BE099EAB7840C73A2339D6593856B5E437
:100E400058147BACCDCCB168EEE5F03EB47D056CBA
:100E5000FF3DD81E6DB7597681B627C8AEFCD303C7
:100E6000FA7CE898C760FF45701CE1673AF880F6A5
:100E70009F03DF43B8DF7D32461FA1AC869E89FB0E
:100E80001E9C1FE46B6C10F7547DB85156F661E65A
:100E90009E8A894765D51F82DF1DDF28EF1B879853
:100EA000E60D38C6047A5D262B80E3DF9A78261695
:100EB000ADBFFEE1A3DCE7DCCA9FBB47FEF542A85D
:100EC0000626E167D1C0040CC03F19DAC036BFB1B5
:100ED000006D8487E858256212DA0BF4E7DE04CB54
:100EE0009764151BC665E273818E71EAA075524E38
:100EF000EBFAC24660F0103A26BAEEA5E72306B632
:100F00008F80F3B109FC21BAB61F8138ED4919F27F
:100F10008D889F67EA4BB1176E6D91A336246AF7EF
:100F20009D021D20BF933EF9B5CF5777C4CADDF4AB
:100F300036E8BA0FA1E3A674E07D212406FCF74C45
:100F400008B48F64E3E132FBD50FE3E21509894968
:100F5000C9297BF73DA74AFBE6B7FE16B573E372D6
:100F600061F23FFFF2613D3424E9E74B20CE477345
:100F7000195F76C1F4344CB12805007140018A0133
:100F80000A50BB0DF97E8893E5E3934F423CF0286D
:100F9000C44B7298ACDB622643E41736A236C066B7
:100FA000B9F5A174F9C1897F423EF425D07DFA8557
:100FB00049383F5BFE0C7C0201CFC1E1B6C0C97964
:100FC000F75BB0FC77B2F47074CDE4C232F2DF4F5D
:100FD000C2797C0596FF119E47F1DDA658B43FC744
:100FE00044F806B055107B9C82E33C79C139751AF0
:100FF000DEF3A8CC39C5D89574E41FFE4D8ED661BA
:10100000F91130B468FD07B43F4AA763B6ADB43FE9
:101010004A9F3C44FBA1F449881B76A4CA6226E19E
:10102000C46CF90C3EEB33B0CFB8162770ACFA1095
:10103000F9878D6087E0DA0A791E5E87F3F09109FF
:10104000DEA3A6FD54FAE4AFD8F7821FDC72E02FCE
:10105000D77FEF00C4268F00C7AFCA9DD00EDA023B
:10106000D740DF6DB8366E6D86B84B0631E9531B3D
:101070002EDC7AA4F9D4AD7FD87610AEE5CA0F9FE6
:101080006E63DE8BF681DE1FF2D2F726FE0DF6F1DF
:10109000296ACBC8B0C99FC2F2E60B8E896DF28D6A
:1010A000A07BE7D45F295A6E85C87BE97DA26D6578
:1010B000F2776F7B611BB09F1F71C77D38C071DFF6
:1010C00008B970AB1C8E6B618FFB93D6B5C7BD039F
:1010D000DFF1CBB46E30C4853EEEC3B28D10C39C3D
:1010E0009A40FB42C742DBFDCFF8965BC8A76C86EF
:1010F000F3B159E6849020356CB3CC1AE9446D65A0
:10110000782E06DE5B7B9773F443F61CD1C786F618
:1011100078480BEC1B7C123A469CFCF509EE33FF39
:101120000BFB5985EF45C73F09EFBFC39E9F62F692
:10113000FC40DBE8167C908FE3625F9BF812EC3B8F
:101140002496F9ACB2B8965BC7D8F3039F75EA4B07
:101150002DA9E38CDE2FB46F82752DBCE74BF272A4
:10116000D0DBA9F154743DCB626057EAF147E03A15
:1011700044BE06F9B3900B796CACE164629374DB06
:10118000C4C372413C01AF233FB409CE7D88ACEFAC
:10119000D79BE48C0FFC321D1B030FC1B69BE4CC24
:1011A000FB85DB2DC2B984E34E32B14E8C28D6F9D3
:1011B00022C7473A4944F693D647F6E4B7C1EF6EE3
:1011C0008676C123D0867B96D1DA96FF06F3AFC030
:1011D00071906E90BF96CBACF467F80A8A4B81FD94
:1011E000A3ECF38FB2CF3F4EFB7CA7FF987102FFB9
:1011F0002BDD16F97CB48FF5B6971E136DBF89DD14
:101200005EF47DD0F981B8E04BC0BC07E2023AF74A
:10121000EA8FF702EF9B8BF7BE946E1B0F69F9DB29
:1012200009F4FDBF8CBEFF4BE8FB0FDF961EE311F8
:10123000196347435A3413706DBC8BCE3FE215F2ED
:1012400052DE9AE388628E97B2E9E33C04EF7F9224
:10125000B3BF607BE13A9D3A05BC50BBECBB60C3B9
:10126000A139F571F66F573F7E88CE2DEDFA2F1517
:10127000AC87A4225B8DF4353ED9F8DBD58FB8BCA2
:10128000E12ADD5644F9B2AB1FCEC3753A03CF3F16
:101290000A7616E54CD0EBBF60F31BB254C7D4A658
:1012A00074C714DA1EB84EFD07B4E91EA3F31D156A
:1012B000E3E839B0B9F0F990563C1FA2756E92C9B7
:1012C000D1F57061925E067B7E19ED0FE52B0B4E1A
:1012D000B1B906E635D4FEFF2A8A4505DB3F49B39E
:1012E000E2B77946B21E07EBC263059AD0B9429ABB
:1012F0007C149D2F19CA657B7E8D7225C26D500EA0
:10130000E31DE48FE0F92DB1E9A0DBBE89D85BF0E5
:101310007DA64FDFDA0AFEFE89D09F8DC74EC0FA48
:101320001DB45E39FE44D83F8FC7FE1AD63F61D741
:101330002360FD4358FF905D8FF967D074E5B84C8A
:10134000FECF1317C0F6BDB6F5D4AD7F0E85D79F7F
:1013500083EF7DD07A4B9651391E927A71FCA1743D
:10136000D7F826348FD58E6F8A1B1897C55D98DC09
:1013700012FBBA2AEED4D5E7E1FD13E8FD288FB5BC
:10138000459E3A111B923A1EBBE1D478EC26983662
:101390009F1A47FB953D716AFC757906B21FDA2DDD
:1013A000F2D75474DB1C3864C3397E689CE187181B
:1013B0006D017FFFB0EC9DC9977A4F4D20EEBBE0E9
:1013C000DA40BC1FEEFD19E32F0B603AC5B493372A
:1013D000BD73E1D63B5FBEF4A1700A67734BDC7945
:1013E0004F45F991D853E3DFDCF3FAC4E3B1D6A952
:1013F00018E0867242485BE1B0DF0819CDF116971C
:101400008745EDF97896FB4660F0789C736A63DC5B
:101410000BE311709DCB625F9B928DBF3EBE51F678
:10142000F76093653FDC1A5733AE479F37EE7F4F27
:10143000A6FEF969D0C06B30FD6C72A32CE3D646D2
:10144000F985D736C89E1B8F80E3D1B9D9583AA702
:10145000417F26B41EF2CE29B0C5723A2F007EEA33
:10146000D7A8FDF128441AF03942D0F32B60EB5095
:10147000AE0DB56336C43D371E12F7BF6FBDBE312A
:101480009CEE2780EDC65765A1709CD40D68FBD5F6
:101490004743A17DCC2E6F0E05DB4C2FDF0A812246
:1014A000836B1F2DC73C0711031C9FFB9ECBB4967B
:1014B000E01CC36741EB2BDCF52F3F457FDE79DA7B
:1014C0006F044BB0044BB0044BB0044BB0044BB0B2
:1014D000044BB0044BB0044BB0044BB0044BB0040D
:1014E0004BB0044BB0044BB0044BB0044BB0044BB6
:1014F000B0044BB0044BB0044BB0044BB0044BB041
:10150000044BB0044BB0044BB0044BB0044BB004DC
:101510004BB0044BB0044BB0044BB0044BB0044B85
:10152000B0044BB0044BB0044BB0044BB0044BB010
:10153000044BB0044BB0044BB0044BB0044BB004AC
:101540004BB0044BB0044BB0044BB0044BB0044B55
:10155000B0044BB0044BB0044BB0044BB0044BB0E0
:10156000044BB0044BB004CBFFEDE576FCFDD48713
:1015700015A83EA984CA3C8AEA5FB3AF3EAC404B93
:10158000D2F75EA3A76BEC9C7F4EB46FE5C3FEBDA4
:101590003D2FA8DF5953BF4F3FFEE04F58BFC31E3A
:1015A000F1083BA1C723FE577EC04EBF4F7D7E6D25
:1015B0005530139C65BAFEB5A03E1CA072E7F0FF43
:1015C000DD797B279CE19D5C6D646BC3CE92665494
:1015D0008BA1324B755E34A1CA2CA3D772506D4CCF
:1015E000616BD4F9A8F3C9E7A3CE8BE68D51ECABC0
:1015F000398DF4D6F41E8BE97797784BBCEC1ED16D
:10160000FEBC74655FCF612BBB6754CF2F79501D33
:10161000F20CB9865C9D503B5C1D0E275B2987D17F
:1016200061B461A2AAB0F035CC5FE7CCDC344BCD1D
:10163000A24954FBD847A6B6426DA11F614EB650D1
:1016400095640B5B2BFDB5807DE4EB4149DD4308E0
:10165000EB6E7ADACAD63BF81DFD1DFC3A5458A24F
:10166000E7A836F9AB037760768C84093D92D87E83
:10167000A84FD31354CD23FEFA91FA23D5BBEA8F9A
:10168000D4EFAA98FA86EAC774FD810AAE3AD5115A
:101690001577D5705A795829E5CB51E618FBF936FC
:1016A000F37C39AAE29A8C2A47B999A75CE2275CB5
:1016B00022AA42BEF766CCF1A50903633F650BAAD7
:1016C000BF0FDFBE2FCCB7603DBEC45ABE88EE1F31
:1016D000C697A38BAA9FEE3DF93E2FE00B565151C2
:1016E000E2D751B1BF0A752C240CDABC0B5F3FE581
:1016F000C664919273FC8C03D4E692353A8E123014
:101700001EA21923C24EA68A18F31A4E80AA807A06
:101710006FBE7D01EABDF81604AC02BA6BF80AD9B7
:10172000FEFE7C59C29888F0DDF9AAC4FA7D5259B0
:101730002CE22BD05C336FA7FD0C68BEC942BE6E95
:101740007A72AFE1CC336E14105E8FB2D7CF97654B
:101750009CBC46C79D3C65D6561B1D988470822D47
:101760009086857C199E52CA77E75B1040BB02BE0B
:101770004420BE7B80E9EE07C097B7D03CE17755A7
:10178000EBF1FD01E24B137ED2CF98F5848DC5EBD2
:10179000F2ADF3F27CD19997F085BAE44224A49497
:1017A00093057C59C2CD39EBF02D0960AB59C68D3C
:1017B0009C8E3BD7E898279CC0295864A511DF5917
:1017C00009DF402ABE17DFC00A16D8E6FFDFF8FAA5
:1017D000E9F27C59FD327C372B11B5625A99A87217
:1017E0006719298DE3CCCF5985F11AA6892EB91630
:1017F00099EA5962AB94724A236F1F1825F3DE5899
:10180000EA95192DA73095B3D58D625BDDE912C637
:101810005B92584BC49851B050C352B23C5D96296C
:101820004DB792A2EB3ABE571259817E11519EF1EB
:101830006E9AAF9FAD9EE1DBA387C9CF5648B7092B
:10184000B7630EBA92EBF21546581FF9E94A1843EE
:1018500045369AF7C17FAD8033DE9823AE2C0571F3
:10186000C4258EB3921B397E7EBA6C5D4255CCB8CE
:1018700031591473D1D7CF7A3A16C55DFE880E114F
:101880006EF0DB6ADE237311353A350C5F56C5BC4A
:101890008269BAE6F5E8DE95EFBAB15580C8994499
:1018A0007CD7899D1F00DFA7857CD5F7CF97F6BF32
:1018B00052BE8D7CEB868FA785511663A539FBBC84
:1018C000E80A54454A6E9432467BCFBD0BE31CAF09
:1018D000C01F438D96445D426F4CD1953D41B4ADE0
:1018E00016465A0CDF39B3D40773EA15F1A55065D3
:1018F000F98AD8DE3D76DE23B1CF52BE74C51F18FB
:101900005FBF7E91FFBD5FBE297C3CE4F799E21684
:10191000B120D215123ECFF01C12558E32ED9D191A
:10192000CE22C6F47EBCEB7A633FE59466CE5A477E
:1019300037DFCD1F333135C718F9E2309632A76053
:101940008EB054BDEBF015C4CD77E5CBA956123D52
:101950004BF8D25EF701EA57FD7BF33D2FB6D2C2BA
:10196000AC87A82D238CA3DD4B3C5F075B059487D8
:10197000444AE6E36A9ADD1AA6627F4C5F051C635F
:101980007FDB89B1D54312CA94C34FD9DF62925825
:10199000E9FBD7AF206EBE075FD6FB06E6CBD9E6E4
:1019A00007CCD7AFE0BBF17D3E30DF8084F97652C3
:1019B000C9BA3E98A6CB12EE147146955771149D84
:1019C000EB4A66F806D0719D48C16CF5338E12C59E
:1019D0005C3C65DE561B45969AB3D3D208ABF53E08
:1019E000F8F28FEBF3DDF327E5CBA897272CE57B07
:1019F00044C41711E65AB55C662A998F7969C61CEA
:101A00005B3E63C9693885B6B85C3B89B7D09D8EAB
:101A10000EB676D2957D5E185DFB6D750AEBEBD741
:101A2000B3D5752C65BE8DCC44D6521D7702619717
:101A3000BFEDC478E30887C2A1B5855B226CB3E62D
:101A4000042AD13643859AFAA801B350BB2DC2C8E7
:101A50008A14DAE6C0ED226964C5F85DB1EFDD2ACB
:101A60008A9E85ADA39E806C1DF48408336CC9B535
:101A7000190E41FB0818AB02F1E508D32D60D53AE9
:101A80007C699B8B08F37CD766B338C2420D2F79F3
:101A9000780BDDE9272B21EC62B416C81FB376F86A
:101AA0001EDE3847D8766A8E6AE6190FB38C3B047F
:101AB000B65AEBC87424808A236C27F0503C8C4CB7
:101AC000B4CD52A11671FC2CE24B6BF76E1949C4D0
:101AD0003750F47C77BE9CFFFDBF85AF28C7E8CFA9
:101AE0004C4873D21CE1A846315F5EBDE2DAC9B64C
:101AF0005C39C2121D37A704B4D5528B2D651C2D3D
:101B0000F0C82C630F47B806E8528E7047BFA14655
:101B10003B5CAAD52750E160A5E52631DF568165FB
:101B2000867A0FBEEB2958C8779B942F6B9F857CD4
:101B3000AFFF49F83E19806FA0CC04622CB4D17578
:101B4000FEAC349B656209338CC55C9DC235863022
:101B50008ABC3C8B1EA147E67805F6C7428F9C0BDA
:101B600015E26A3AB66619733A6E18F6DB6A44D81B
:101B700005C7A35C03C66A6DBB56ABF51AC37020DC
:101B80006CBB0B5FB292BCB77EEFDE6B84C80AF908
:101B9000D2FE37807EFF347C510DA45F3E3321D6C8
:101BA000709D579CB3CC1113F647593C5BA7982FF7
:101BB000AB63CE5A2FF29135D3BFC86740EED176D2
:101BC000CA61188B6C354D98A68C54ECF4B81C2661
:101BD00057BFA1503B98D7A7D5AAE3D55986D9BC02
:101BE0003072DE2C8CB1847C2BC9962FCC576C9B29
:101BF00019BE7B24D92B86EE9F92EFBAF1D51ABE7F
:101C0000C982DCA28070731D6FA379C26E36CA12BE
:101C1000D1856A733A8495B7D64C1B8AB6D60D7EA9
:101C20001D7394D7D8E85CBA0A552CB4D6BC8A394F
:101C3000C2ED2E9379302F524F19FAB4FDDA0CB55C
:101C400051EB2DADD68792A1965936C66AE1F9922D
:101C50005F982F1188EF6E095F26B3F107F2D50464
:101C6000E22B6D1F89F9F28C39158AFA85DC6B3409
:101C7000DC98C3B793F82A88A4FDED15BF8D66D90B
:101C80004AE8F28A76BA78CAAC470E68AB51E5C921
:101C900096F89773D94ADB6A5441C5371BA29A2339
:101CA0001B873DD18D0B9E579D097A9731D99A6C30
:101CB000351A32F529D612FB7C9ED3900884FBA9F5
:101CC00019EA06D94755D3742B85D59F99BC574E31
:101CD00052A860717C25B2CF7860BE4D02C210EA76
:101CE000E376B667619DFE056C0D5FBF8211D93743
:101CF000E87EA4B5EDDFC07CD99E2037AFE1284156
:101D0000242DEEAD2F1678616469B9384BA2E0003E
:101D1000AC69CFECE7EB8FAB1B398F1C2D622C54D9
:101D20006E89846F0E6BAD53BCD1A0621FE837196A
:101D30001E9D6693D10974A3AC8BA5C95693C105AA
:101D400015517619DA0C46A03A0BDAEDFB83F94A05
:101D5000E9EE915AE7807C9B440A7ED07CC5198EBF
:101D600075F44BE715F9EC718A9030CDB64EA2E0D0
:101D700014511C4D8FB990DA688EAF98B36B4D64D7
:101D8000DDC0674158C6DEF5FCB19031225CE45DF0
:101D90006AD8EB5D6A1AB2BB0C9DC6A1D2A5D21C53
:101DA0002B62BC548AE973AD9401146D701A168CC1
:101DB00046AADFDC0B1A66F99202BAF7335E635D5E
:101DC000FF1BB85FFFDE7C1D0F54BF62BE34217F56
:101DD0003E199D61A61F084D92BE5CC60FB37CFDE7
:101DE0008F2C632EFFCFF145BD787EC236235DB9BF
:101DF000395AA284DAE6940C8C8705B69AB3D64C8D
:101E000034C5D9EA1291BDE639A3983A1BB674DB02
:101E1000174B53ACB5F66C6BA479B1B4D8BE548AE9
:101E2000ACF45C5EAE35CABC54DA9E875A4B0A12DB
:101E3000116E65DABC1CD5BBF41949F806C85A49BD
:101E4000FB05D9D84AC097F7BC22FFFB80F91E11C9
:101E50007960AE5748906DF4087BFB4484FD7DC3E8
:101E60005CABB4CECBF7E771569AF3C19D2E295DDA
:101E700049657B7E9C0E4AA0643E0BC2D90E3F632F
:101E800091B5CE9530E6DA4DB9DEE286A5D214BB27
:101E9000DBD9E55CAEEF727618A3CC39F648738EC9
:101EA000B5D89E69A00CF09A35D36032B41B8CE68D
:101EB0002ACA9FD308D0DF7BD73E232250ECBCFB3D
:101EC0001EFA0D9CDD78707C7F1C906FB1882FA767
:101ED000DF4526B67571565A14497BB911910C5FCE
:101EE0003E3B9CCCF6E075B2165ACA17132ED13D74
:101EF000B7949F32C3B84364AB59C2CDD2984BCC90
:101F000037D7AFE9226F8EA7D87AC5B9AFA1B6DEB1
:101F1000E71C718E3A8BED43C6286BB6B518B49B9F
:101F200062F51AE7F3B2CD26439131D330609C3588
:101F3000F422BE6BD47B8F9CF3BAB1B378D48630D5
:101F4000F7CCF36D92F0FDBDFCAFEAEE7C8536BABE
:101F5000C4DF97CE2B58D8DBC7F4F131849385AD1D
:101F6000612F4F59C0986E6505D230CF1563296334
:101F700002DA46BF8A91AD76FA190F0B3C7234C76C
:101F800018B57BFD51758E37CF5BEC75C367D8EB09
:101F9000ADEB5EA92FB2BBED319EB34D679B7CF5D7
:101FA00048C1FB1A56EA6B8C29609FDDF67D9E6C5A
:101FB0006B827EA934533F973764A42096DE43F4A6
:101FC000D1798D56EAC45D3CEFDABCA478BC06CF6B
:101FD0003750BF3E372E27305F07D6B4A67DB45F9B
:101FE000CC57DA3E62D5FB11DB3EE24661F1F6F9F1
:101FF0008BF1155869619C25E25B22D030EF850397
:10200000F1958E5E165B6B96B28B6B3B757219EB1E
:1020100006D623734AE67B96E0E8AF82DFADED2E6D
:10202000E9CEF164DB97EBCF3675D9479CEF751E8F
:1020300002C2310DCBF5579CA54D09FA41631278C8
:10204000E4646B0AF8E11488B4868D09FA686BBF02
:102050007E565F45F65288B050BB0F822F4BF73E3D
:10206000F872F6F90FE3FBE375F8F26D9CE4007C7F
:1020700059C2822C13AB60694689D1953FDBB1E828
:102080008FB384361A5BC357C4D96FB119C64E3F9C
:10209000E361867103ADE466DA237B79C6D1CD872F
:1020A000BA73BCD99E62F0BA7B1BCE02D92EA7CFE1
:1020B00079A8E96CE772FD76603E545A6340915608
:1020C000B6B5CE9E42475A4EE352E9706995D66B3B
:1020D0008C346BE9CC46C517CA3ADF9BAF5FBDF7BE
:1020E000E4EBF0AB771DBED2FCD5EFC557A860017D
:1020F0005F879470F2BA84FD3D782C616E944587B9
:102100007F74BA44BFF4C8F400A4851E596AAB1B9F
:10211000D8D653B3DF5A37EF4596BA3BDA936CAD56
:10212000752E5F1C01CDBE77F5505396DD577FB6F7
:10213000F364D3687DA4556B38D7F47E670E706660
:1021400062E91C3BCA7C449BABB455CFB98D0BC62E
:1021500019432B6DA50BD6A1BB5E5E727DBE2CDD37
:10216000FBE0DB8409E3AB07CFB798CB3436AEE1B5
:10217000CBF5D30BF28842C2396BC6C9F9FBE11B20
:102180005378C2020D07E4CB578996298192795B77
:10219000BDD6234703E1644F94B5C43952DF553FA0
:1021A000520F1A6E7A15B49B651FA97FBB33D9DA1B
:1021B00061CC6B18716EF72C9626E887E87C56B6D2
:1021C000F5A6B33FCF6D8CD06BB5BDCF6519078D2C
:1021D000B3FA566A3DBAEBF7094A335742BE6C660A
:1021E000F27EF8FAADF31F43BFFCD8572E47C1F378
:1021F000657B6F69C68B2E719F9E90AFDF0BF3F9E5
:1022000060BEADE4E1EF2F11DD5762E398A2D1ACDF
:10221000EB6919133076D18C59CABC8E1BB3BC91B3
:102220002ED406EAAA2FAEF7D57BEBBDD032DA0B5F
:102230001A8EF1F8EA97EB15FA2EF0BF116627B463
:102240008C4AA05D0C561ABCF0CDFA2AEDF4731935
:10225000EA0275BCBAF5396FE909FD362290DF95BF
:10226000F02502F3DD1DC83EE3F7C91759687FF476
:10227000FCC5F9BEB10E5F2EC321B4CF29B40766E9
:10228000735034596614062CD3BE941F65C3F42BC7
:102290009504BCBB88BB0B81CB49F323968DDC68CE
:1022A000561163F6DE217AEC321A5323543122CCD4
:1022B00030A6FC3117E23B025354E308E8D8D45C63
:1022C000EC1C2A4D06BAB5F545F56E78ECBAD80582
:1022D0003A5EBEF876E74269B511C5572BF549D687
:1022E000C5D2286B9435D150A8DE6B7DD51EA18F49
:1022F000D00FE465A867BF3DFBEDCBC079C8E832DD
:10230000CA892AAA02FC700159B89E5D26F6ACDB88
:102310002BE86F1BE938FD0A5B47D745F98DEB7E4B
:10232000B24DB4761D98D83E23C2241F5DDD85EFE3
:10233000BB6BE2679AB0F2797F3F61B1886F94849A
:102340006F273FCE86EDB7E5FC30DF33CC673B4AE5
:10235000441A8E1278E121C1FD61227D0AEEFD63EF
:1023600008A3C70401654CC098B7D54ED7B00791F4
:10237000F635B9ECCED2C5B2647BB633DB59549F87
:10238000048FA3178BEA11E1486BA4F550D3BE0666
:10239000C47FA92CC5EE32566B33D419EAB6BC08FB
:1023A000439536DA1AA71E2ED5E6D5E4CD1F3DA1FA
:1023B0006ED5A6402C1D0F448F838AD3D7CB48B24D
:1023C00034EF87AFB46FF04FC797BE5B55105FAD6A
:1023D0009B43760C09FB6D1D5C4F0067A5A55E98BD
:1023E000D73017498B472C77F0E3DF02DEDBC9DFFC
:1023F00003C8D2A647AB3355A0639A710758EB4583
:10240000B0D52E7BA431D9BEBDA9D6994CD76C6767
:10241000A41D11CEEBCC761A8DB5CEF7AE8E00E7AB
:10242000C5322F44CB6D7985DA1AD0ECF473098666
:10243000E1B2E67DB9405C9B377038C210AEEF3434
:102440003A8D8306AF3594ACA20ED21AFE43F4CB7C
:10245000F6EA0BFA0685D92B61E6F98FC257F51D0E
:10246000E591F5FC2F4D7828005FA6D7764864A348
:1024700073D88C92D40B73569A612CF5C242052BFB
:10248000FCF784F1F71C08F59CC052C6248CD15887
:10249000BA4E4FA275FE6851F962D968FDC9CE489F
:1024A000FB427992B3167C70A41D710E33EE68C89E
:1024B0006BDAD7B450160976D95BD677F820D035C9
:1024C000E69D7E2EC7196E48D7E6385B0F2718DCCD
:1024D000A519DAD3FB864B974AE7F2AAD4515412D6
:1024E000D5ABAFA48EFD417C59EDE2F7B2CE7F5A59
:1024F000BEC2D1366CDB95B6CEE2311852C25CFF5B
:102500008E3863298EB498D1510CE1B577FE71777E
:102510001B04E02B50B45FC5C01879F04C87CB8307
:1025200059DB0E2795D65D8CB40E9675D56F6FCAA4
:1025300006EB1C05EA2DAEC74AB5C65A78069E734F
:10254000A2BA54365BB874D17BB1E239455E94735C
:10255000EE28553A5C96E21C2A0B37CE1FCD8FEF42
:102560003F4C199DA06150B161C9D8A60F25AABEE4
:1025700020DFDD12BE7C647537BA7F4CBEC2F8998D
:10258000EF03E2622221DF0E3F5F276BA5FD71960C
:10259000A0074F6AA1C57C11E145DA0F7748EE0A22
:1025A0004B108D435F5B0577038AFC728623DCDC6E
:1025B0007EB8BDD05966B28FD6673B6B4ADDF5DB7E
:1025C0003B6B2F8272EB07CB9C652B978AEB8B9D25
:1025D0000A6316B48823ED0986A54BCB3FAFBD5ADD
:1025E0007D78A1D0583A77D4585A5CEF2C5B2A0FEB
:1025F00033F61F6ECD8BB61668A7F781ADD6BB0C30
:10260000FDDA217D02194F30163AFD0BE977376F5D
:102610009F05DAFDD3F33D82EEE167A22B608C2C9F
:10262000291F6349724FFC280CD1D81ABF1FF6F737
:102630000C0BDBC202053363E01AA3E9ABC63F0E05
:102640005DA260057B5FA7942DBAE740B8BE6857CE
:10265000584E5866AD09B6364BEEC5BEA35587A990
:1026600032AC142B73D767D74739138C2B97462E70
:10267000965E4D76F61D8D74165F8C74F61F35953B
:102680000D95A7D4CF152ED52CD69CB95A7974BEEA
:10269000B0C8997138CA9E534F95D6D557E6E538DC
:1026A000B38C67EB7BBF3DF3ED6DAA30EC8ABD4088
:1026B000556C6D51159923C9197D3A798038068476
:1026C000E303B47BD7EF5310C5CE82FC468F9FAD9A
:1026D000A46790E62AA54BB3D588F98AEF4F09CCB9
:1026E000F7C7E2088B89AF847C1B25D96386AF2DA1
:1026F000205F56C3D2B6B034DF9122CE76F084C5C7
:102700007C6D52BECC3D25C267122CE1A0F36A5B02
:10271000A6A3CA5875B4E0707869425966596259DF
:102720006169B273F45294D3585A7B51610C3546A7
:102730003973EA93EB8DF05A78697FE189A3AD850F
:10274000AD850BE5A1405D5B5A5D3872515B6A2C2B
:102750008DB2CF1DCDB6CF1E6E7E6E26439B37F356
:102760006DAFD1A9DFA3AAB3CEAA0BF1786CC1D00B
:10277000A79FD1A358FAF89ABCF3FDF0E5339377FD
:1027800004F72C48FB7D19C2BC7A2584457C03DD07
:10279000BF7057BE82F83997EE1D10F7E172FA1537
:1027A0008DBEF033E6FA69FD0A0E38224E40B87944
:1027B0002D614A60A103E997FB7D057E3DDED46F64
:1027C000465BF71B5B8E541D4D2CEB2F9C3F09F590
:1027D000F584526779D1C5914BC9CE845245E950F1
:1027E00079F1C5A11A455932683AFD70EB51AA7CBE
:1027F000FEE489A3D387866BE64EF601E76467574C
:102800007DA1B1BDACC85E6848B22A0C8EE74E3FD0
:102810003752369F178645992BD54E7D28D6A24A2A
:1028200082386B1E081F04BE07BE305F51BF3E4D8D
:10283000B7679DCC86902F29E0BB7F8D7E9FFEA23F
:10284000FAF5DFE98DEED3CC118FB369645A48C233
:10285000BE0156C3367FAC45135E14C45962C2C272
:102860008C169DED60EFFE1B16D968A3FF2EA10408
:10287000C96F67B077DE9B391D33B4E34D09B67875
:1028800043C5CB61275DE599E58965558503AF872C
:1028900097B9CAB1B2C8FAE58EC573DBF2F27E3ED3
:1028A000DA31087417CF39CB7B8FFEEB7567795F10
:1028B0006158D99EA3DE9A42507BCBD14E677B599B
:1028C000A275A4BEDAE0B60FDBBD569FB337CFB119
:1028D000AF2D2F538FE1FDDA3DCA9E78A3BE5DBFB9
:1028E0006008D30CEAE7F597F102F2D89A5E85FB0F
:1028F000E8F3F57BDF1E897E03F315D365D4AB794E
:10290000607C991E7271FFEDA2286F8CAC29D3FFF9
:1029100023B0D3BC86D97C568A80B0289216C5597C
:102920004BFEBBC1F8B6F0DA3B7619BAEC9DD9EC98
:10293000FDD973D6396B8BB1E248DF09AC862AC763
:10294000CAA99A84F2D693E1E509E5588DB326F930
:10295000624161CAA51A605D53DE51D352B8E7E8FF
:10296000D7AFFDE6E7D14DEDE5C78F161C1DBED8EC
:102970007A32D3BE54AF2DCDF6B41A12CC292E8C98
:102980001A32AF78AE385C5428FEF413FD5AA7A172
:10299000277E8F728F0AC36BADB3DA427CC1B06001
:1029A000082733D82CE4DDFA8CB60AFA8CA47DFA19
:1029B0003D823BCA02F35DEB7B19FD3E28BE8CDFF6
:1029C000E47A0672FC7C1705BF4AC48FC0A0F30BE3
:1029D00036811FF60C0922E9BBF215DC13C6F43A66
:1029E000F06D61E93DF7BC6AE9BBFE98FBFECCE9FE
:1029F000A630EBE5976780AE02E862C0D5798EAA73
:102A000029385973CE79EEC4C9B8A3552707CF1515
:102A10005F32968795B59EEC7B3DB326C61BE5F9E4
:102A2000CDCF4F1F2E2C6B2F7F5AEBACEF2F9B2B54
:102A3000A5AC270C4376A319A38A1DB58E51C78870
:102A4000E58A63C4DAAA6D8ADFA33AA19EDE9762A3
:102A50000EC33EDD1949B5EAE59A45439755416EE7
:102A600013E59CEFC5573A2667BDFB05A57C2523DA
:102A70009F35EBE9F7BEFD2F1F5FB171113F028358
:102A80001F7FC1F5CE53A27153FC380BA11F4E0E10
:102A900060A3391F5C2CF4C28DEC9D42FE9C34EF88
:102AA00085790BCDA9B6CD1C660A35F50169CC1424
:102AB0005A66CF3858A8280F839A50935083D56808
:102AC0006B06CE2D9C6B39195A165F1E57DEFBFA2A
:102AD000E5C2B9B3A165975E9E3EB9BDBBA63ECC2B
:102AE000597BF5D2E130FBA747F718DBEC370CA197
:102AF000E619E36543A42B9E4CB2CD936EDBB22363
:102B0000DB526B1B756C3F9D49F6AAAFEF7B4C51B6
:102B100007A4A7F7CDE519F5A19A13FA6CEAD39D9E
:102B2000F3C62888A5E3C00BEF228E93719256510D
:102B300080311BF81DC998BAF5F4EBF08FDA10DA82
:102B400067AE5DC4B0DDBF46BD52FD8A7B1784FA17
:102B50003D82C66071F659F8FB29FE48881F412561
:102B60001E17E7A4FBEE048403663BD6DCC7CBE765
:102B7000B3181BCDC7590E3ED3C16B98E11B669AA3
:102B800033B7500A4BBF79C6509E71E0A8B65C5B64
:102B90001E5A1E5F3EFB436D4DCDB9EA9AF08BD1B4
:102BA00057DBCF7DFCF209587AF4E8B1C21BAF7F46
:102BB00072649B31BB33B9D3D75958FFC9D15F1C5D
:102BC0008E6C6AAFEFA8F73644B87A8DA1D401BCF9
:102BD000029F37BB1D6E5B91A5C8D2050AEEB27588
:102BE000D9EA1C3EEB65D5A0A1529DAE6AD54651EF
:102BF00095AA78FC8AF9183C16510B860420BC076C
:102C0000E86ED549F9EE66DBBE22BEA2CC468F68DF
:102C10004C6C60BE7611DFFD01F83E22AA52BE3F29
:102C2000BE375FA45FAF806FA3986F4D80D18FA236
:102C3000318F7C4E5A94CFE2F9E6FA351C2DB6D18D
:102C400002C2096B7E3563D63C43327EB8C5F09F25
:102C500019E4E182B282B2F4B2D69AAA9A02A8AD7D
:102C6000E7C2EA2BCB67816C658DBDD05EB8BFF043
:102C700085C2DDC6EB27E3ED7BAF0D5C1C6EF25E1B
:102C8000CDEDF9E507D1D7BC9D2357DD9E2457B67E
:102C9000A7C6DC6E0E254E6B06C87932D2047C6D59
:102CA000B58E5A5BAD65FBE99BAE39BC50FF295828
:102CB000E92BF63BF10B7AA7FEF413EDFA442A0C4C
:102CC000EBD367511425A77DEFEE75B42BD1AF9FE1
:102CD000EFA75F806FA09EC140FA5DCBF75EFACD93
:102CE00011ABCC3FFA42D8AF27ECB7158F88EB1069
:102CF000B595A21A53D6690BE7FA73D28C17F6DB97
:102D000068515B89FF45057F7C45255876EB3FCEB2
:102D100078E1706FD96CF9F1B2CBE5A1F5976B8EC4
:102D2000951F2B6F2E9F39B7ABEC85B2CB3533E7B0
:102D3000E4F5EAA34F1DDD7FF411C35067BA738F2A
:102D4000B5AEE7CFC6F0E9A86B73F5C39DF3CE1B14
:102D5000C642F380B5DDBA601DA4B22CF3A43C33A7
:102D60002E73818CC8775BB28171CCE951B0D2B53A
:102D7000B64EAB5CF398E2A072D160C4B7295AB4E6
:102D800083FA0CAC47EDA27A556EF39015340CAD76
:102D900025295F315D41BBD7CF3770E64ACA776DD1
:102DA000CFEFD3CCE303E19B23CA37450BF8BA043A
:102DB000232F78BEFC080BCE4AF3F797B0F795485F
:102DC000C8B2313A7B046124CDC4D2C2B692F05766
:102DD0006FFACCF3E663F80F9ECB3F3C5736537641
:102DE000B9EC746973D936674FF99DF2B8FA9E72DF
:102DF00047D9744DE6D53B355B9DE917E3EA7F780B
:102E0000D470B4A867A1A9AF3EA7E757BE331F6C23
:102E100035EFB1EE319FD6179ADBAD19643CB9603E
:102E20008DB42C50CB8E25DB0031A389CF6C2706C7
:102E300074D9A65AF0C3A061DB76F78A6B987A4101
:102E4000D16130EA2B5455EA4EAA4035AB2D767C41
:102E50001A9F6D2EC423498A9A016E42BA0C5749B3
:102E60006E43E07BA57D46EBF15DD3F27DA07CC592
:102E700079899480FAA544236B84E398F93152DC74
:102E8000F8A8A866B1172E118C42CF61DBC3E84EBB
:102E900030D8F23CDF56E2F82A047C69C2D401FD46
:102EA00047DFDEAADF8AF71A2F971E333697E69799
:102EB000DE29DFE6DCEAECBB5450EF2877944FD7ED
:102EC000EC76EE763E66DFE39C2EBF7434A2B9D773
:102ED00019D9FDF9AAF7E755F573CE1EE30DE38284
:102EE0007DD6104A1639226D33FA22DB886DD4E67E
:102EF00032796DD5C4E5B4F8CCEACCAC7CE487512A
:102F000094B5E25AB6D5D922C80EC36ED55655AE81
:102F10006BB7B21A8F20EFEC1CB1666015AA642A59
:102F2000822CA4B649FA14026436EED267F445F84E
:102F30003ECDCD1F847E9B45F659986B7239D7F2F2
:102F4000F58FA3F1B797FC84A571564E80BB48F866
:102F5000488BB5D1E85E5D918D9EB7420BC986EC7A
:102F6000B3C23263DCA5AAD266E8E3CD1F6B4F186B
:102F70007B4A9B4BB75A6F94BD60DF6AD7182F9579
:102F800021AE9FC2E3F1FADDF65DF699FA63F61F12
:102F90001F765E7D7FB5B867AE3EDF506D5F70C651
:102FA0005397F1056BB6A30F1F84D62EB2C228AA81
:102FB0008247D34C5A455A9CAE5DB740649B461C31
:102FC000CBAE51176A2F8D3A3AA9CBAAEBFBF62864
:102FD000978C48C78386424C8E2D180AF1CB2A93D2
:102FE0003991EC0505EF220E80278E13FD0A52E081
:102FF0003EC14FEFAADFB5E32625B1B3606C8EA8C2
:10300000FD2BB9FFF79EFAE5F90A3311921E3D96A2
:10301000AF652D5F316164A359C26BEE0ACB65AD1C
:10302000347B4FB69FB0CBE3F4FFB211B4942C09BC
:1030300040370C3837632FA86E6843F17895425FAC
:103040006DFD58DB623C6875188FD9B759B75A8F38
:103050003B1FB37E5276CCFE82FD31FB01FB31A8D3
:103060002F58679C77CAA3AE954E1FB717584D0DC2
:1030700007F4F15491AB1062232D99E3E8A06AC8DC
:1030800051471144CBA3744C55A33B9D7603CB0011
:103090002B9D953F621B71402CEDDAEEDEEEAEB556
:1030A00079CD335AA75E81B7A8317DBBA157B560F2
:1030B0001C301C536651106F910A88A58F939FE0B6
:1030C0000705163A50DE8AE11BB857DFAF5EEC9E6B
:1030D0007CD7EB3B12DDFFFB85F9367363E304F627
:1030E00059C877CDA865715B098D7CE3152CB4CFE9
:1030F0001C5F619CB5D430E45730229C60D3D2FD74
:10310000BDF3D63EBD4339AD55E0EDDA13EA4AB51D
:1031100042DF67DF854F1B6FD82BECD3A59F96CE80
:10312000D6CFD4EFB222AE979D979DC7EC07AC15D2
:10313000F65EE7562B3E1DE609F74C1B4F58135D14
:1031400033FA6A2AC95648169210273B423391F740
:1031500085F610F0EDB264994EA7E56B42F757EB98
:10316000509C85A85F718D3A461C576CBF715164A5
:10317000BBFE80F2B82ACADC145F6BED55FF6267B4
:103180009735039F5157E35914061621405CC5F546
:1031900026E05F886F807EC1BBF3FDC3F5CB5B6823
:1031A0003ECBE4E4ED333D1E4E4C18B309E3AC6175
:1031B0002E9FE58FB3A4F709E548080F0B7E130592
:1031C0007D652DEC3FD1D6AA3FADEA55C763F3DA52
:1031D0000EF57C5E9B1A53B5EAFBADCF6007CC03BE
:1031E000F63DE64F8D970CBBCDC7ADC7AD07AC2FF5
:1031F000982BAC2DF65EFBACD36E08F3BC39DC6FBC
:10320000CF806D5EC0AAA82CC73CE5738DB8DC8E5C
:103210002BA05CA04A4F6EF408446F683E56C66708
:103220006AC14227E577D9F6B9AFB8BA80EFB26381
:1032300087FB8AAD1F47B1F4A7FB72ACADDADDCADC
:1032400048AA1047FD4A23F6E3CA76BD89EAD54B62
:1032500008EBA474C57CA53D47D27B52EE57BFFE58
:10326000DCC617E09B1240BF7C2F9238C3C18F771A
:10327000148F6765636956C11CE168BF9596DE9D32
:103280009DEBEFFD8FE6ADB4BF2DACB0653A66F1B6
:103290000A652866D44762615087B443DA016D95A8
:1032A000AA4DAF70ED57BE002ADE46DE31A45307AB
:1032B000A1EEA62ACCC7CD05E6397B8FE188AAAE60
:1032C000A7B369DE3963A831177BE288792ADA6D02
:1032D000B2F8801A8AA246E85C868FB6D15D36AF16
:1032E0002D5EF786223413A22C5D96095A49EE2BE7
:1032F000B05D8C3BC68DB21E271B17CD724DB2B987
:1033000040B547D9611834EC5656A846ED2DEACBA6
:10331000AA48329B42198F3B7A817E7552BA42BECF
:103320004D12F532BDFA6B6DF37DDA67D1DD83BFE7
:103330009F7DBE175FE9A87461A42522CC5A69411C
:1033400094D52DB8E75EE08517D96C0763A3E3C970
:103350003B2A05E6C4312C094F841A0E2A5ED0BAE6
:10336000D4D5EA6A43BE7E175E69D8466E23D3A9D8
:103370003B863D5481F938759CEA03657FA26DB7A1
:10338000177A5C0D3386456B25DE6E1E7645BB5D78
:10339000B6E8D36E8BD7E606BECB0EC418C557CBA6
:1033A0008E6588B3AAC91F3C3583CD60D53AD02F2E
:1033B000E8199E75C59C1F7175B9565CFB4E6F77F9
:1033C000CFEB0BF1EB3B5BD55166FB13ADEA5AEB50
:1033D0007155A56ADE1049B6A822C00FDFC179F584
:1033E0008A7F67836BFB327CA57459BB1C20B6FABD
:1033F000E3F1156438047D014B025549F5CB55F1D5
:10340000E8C640194BE65E3F611CCDDF73CFC7595C
:103410005D60A33B3C35D04E72B912A86D9A0C6C1E
:1034200051EFC45D781666C2B2B004A8115887592E
:1034300081F5EC3C482A1C9FAA6FE867A06690E9DA
:103440006425B98738416DC55A0D95FAEBEA62AF2C
:10345000CB2327B554A7B94F9F648971178135F6DF
:10346000DA22F269BF0B04D1BADB86E264B7699E47
:103470003CF2D4654D86AE5A97487BE018F7B20B04
:10348000C559680E15B659020D5F8ADF0A6DE20E46
:10349000438BBA579545B9AD0794D5FA22739B3E35
:1034A0009CBC816F8358FA31A03B8D4BF9AE97B528
:1034B00062F58B89F31AEBD8678DF8DF17105DE999
:1034C000EF4F7274F9FBBBD9113A02BE120BEDCD6E
:1034D000F1F35D623D30DD931768C432A22D18F719
:1034E0004689B21D42057377DD0B29D3BFA8C0DA28
:1034F000682F446535AE0E8FCB554DA56327F06A16
:103500007C50BFA877E15E606CC2293C134FC006B7
:10351000F4D755C7B13EF5A07EC1FAA8E6321E0F1A
:1035200067381EDA2919E4412C1D477C3390C7B552
:1035300026D966A035A4200B896C1B63990FB9931B
:103540002C88702D5D9125AEB5F96C6DC4E6AFF495
:1035500022BE9911AFB82D8829A24BB375211BBD8E
:10356000DD7DD3E1354FABFBD44E7D827EABD26D9A
:103570002DC4772922A842FD8C3A825C30CCC1F55B
:10358000751D7F4CB79BF3BFF7C597F1BDC2BC73E8
:10359000E0FCE4BAD195E0F79F03DDBFCF8CBF3AE2
:1035A00022F0BF29E2167000BE4EFEDF2C24FA6521
:1035B000C6B126B05E98926898B98724E53EF8A215
:1035C000287AA9C1EB1930B7E2FD7826D98E6BB104
:1035D00021FD10DE0995024B0D67183BA64CC7DA9A
:1035E000F0442C5C13492E588F697AF150424118EF
:1035F000C969ED7E6582995456E02668052D9A0BBF
:10360000C9245B91CDE72A02BA4916378AA82CDB78
:1036100041C95D0E948D441114CA59B92D2774FF08
:10362000EB89190C653912F3BD407D84F5BF8833F1
:10363000D35642598F45CA88B7A8F63F51679FD3E2
:10364000DA9F705B170CBDEA05C3BCE105056A2F64
:103650008542ABE831DD27F81D5CEA7DEFC6D781F6
:1036600089F94AEDF3FD46CF81F932E363FD7C1B16
:10367000D7E32BC82F89FEAD24C09874FFF86423CC
:103680003BFE5CCC97CB6789B31D39020B8D08FBE1
:103690001A16AC73FA01BD89CC22238842AC068B82
:1036A0002410E145FD901EC3FA540A92C2BBF446B1
:1036B0008CC287D5183964DE9A36AB0F274E60BBB3
:1036C00054F9AAA715464A4B5660BFF4445906A9B7
:1036D000050A79DE2EF0B16E5B36F85C14312F3BB3
:1036E000924CDBDDC80ABB2D8864976D1A6B7C2277
:1036F0005EC764B1466C74ECEC62E2AB11D06E0C48
:10370000D01D85A87AFBE908A242B96098D556AACF
:10371000ABD445E65E5506B66C7F4C91818F5AB5A9
:1037200098CB3C0D2DDF5DC4FDF265632B4CDA6F49
:10373000B4D63EDFBDF5FB45F97219E812AE17406D
:1037400092E310DE35B4E64E03F66E03A91FA6E33E
:103750002C9EB0579ACFE2A3ACE8E6A586E8E6082F
:103760004718994515998B806F118508676051C47A
:10377000A2BE981AD4F7AA6654D9D4903E1373E324
:103780005EBD5BDF81B9A925F39EB474CD65E52EDE
:1037900045B30AA32AB14C2A813A81759A97CC3550
:1037A00044A26918C882AFB5A0F610308335208BCB
:1037B0003CB0C567430ACD323DFAF5DB3BB5C07777
:1037C0008028328DA02B80B6CCB536A46246E3C8E3
:1037D00046C79C7ED3E122E7F5D77756AABEEE090D
:1037E000D52451EDFAC7145A3C0948B7EB8D38CAB5
:1037F0004B5F977015DE4B765DC096A37B77BE4F0F
:10380000F374D7B68E540F80AF3745727798D3FFD5
:103810008BCAEBF2A5632D862F26D0304F38274078
:103820004B89B716D1CD45AE1A3345B9CD5049377E
:103830009945649149E4090CD344121D58AF2A5E9E
:10384000D30EDE1829D90B8A5ED08FE083F85E5B39
:103850002B9EAEC9A2762932A90EE03BA30E03CB64
:103860009E48765291965AA09A65F2D2AD5DE48355
:103870006BE9AC06A206EAB4218A03C4933B8EA886
:10388000B4BA425DC42BA6FC111BE777190D8F401B
:103890000C8696BA1C5D104BAFB896CC15AAE34ABD
:1038A0000CF79A07E05AABD12F1A43F1026CC1A072
:1038B000C006F5A8F7F053D6EB7E4AC7CDD7D7E5BB
:1038C000CBD5BBEB3730DFFBD6AF52CA576C3F8549
:1038D0002DD3457F1F9E7F44BA25F06865DE0F23F8
:1038E000CAAC82C55EB899F97D1BE96F56A19AEC06
:1038F000729A4179D625B3D7ECA5DC6411590C53E3
:103900001139A33E81C935F2B428229A18C687F12D
:10391000286249EF04CF9C4226935A2C8B0A277ABF
:103920009489642B6644FD3BEA3DCA79839342BE89
:1039300095E9F94311F388A3968E9919BF8BFCEF93
:1039400021F0C5C39666CDD7424F6B3232DB750B83
:1039500024681A343B0A74BB1CDBCF33D1D53278D0
:103960006064C563DC8C27F652D34A9F351CABC11B
:10397000134937D5AB32EA0F791E7B6AD45EA3D7E1
:10398000E2C9D434C4CFBF004FDC83DF90E49C0392
:10399000649DB1B5FDFA77E32BF1BE2A717C25FD5C
:1039A0007D423AC2A2EF6060C6C78A475DE4F0BDBF
:1039B0000C6B330F9C7AD7BDDF80274CADD36FC81B
:1039C000FFA602F7BB82B9DEBD5E93A7D3BA688DAE
:1039D0007244DB7C569FD94D79A922321BE88E5068
:1039E000F3866955222C2FE9A3891402518625728A
:1039F000589F4C0E828AE335F3FA397D0211A7896C
:103A0000D32C18060C0794D3AA453352281A79E30D
:103A1000A609BBE91E059F039145F619D11FB18583
:103A20009BBE17FA136586AE10AC7316586726BA9C
:103A3000429679048DCA7230D134E391D11532EABD
:103A4000F8A52B8168C312F024F255177C266AD1A1
:103A5000F898A2CB1A8F1D574552188ED1BD87BF3B
:103A6000C0D7FB8DC9B5BD0A81C65DADE52B64CB62
:103A70004557EFAADF15B48EA47C8FF8F932E3AF77
:103A8000A224A36AC47C851116434E6B09A45E8EE2
:103A90006F60C2AC95A6F90A7F1985A1EBF60C58A8
:103AA00097EC292EE00B8447CCC3D40885B49B0D3A
:103AB000765A9E5688A15A4C4501DF64209C4C469C
:103AC0009129E4903E346D0097A7C56986CDF3F83F
:103AD0008CFAA0AA52356868C35D94935C3423EDD8
:103AE000D6D2592ADA32DB9851388830AA5E8BC98F
:103AF000F49FCABF0DDD9699A16B47D967A08E725E
:103B00005C48B3743F034D7519B595C0FF2ED3BD06
:103B10004A2BAE1DEE1C5B26D1A20AD5A0711DED6D
:103B2000865E2D6A2FA1B1F083105157E399D465B9
:103B3000DA3E3FA613E79C7FB72A937D06D3DA5679
:103B4000F0DAD157EB46598139ABBE18E7683FE749
:103B50009CBB70A6447E78DDFB86FCA485994B4413
:103B60009A691547373376193166321E6ECF827DDA
:103B7000D09AE22A7145DB50F552C3A0E3116AC422
:103B80003C80C7A5556345609143D3149A222A9976
:103B9000C821734814774512B3AA22EAD853EDF826
:103BA000B0F984E69023547367DF1E258AC087210D
:103BB000CA4A4F7392371D571CA87D8414885AC077
:103BC0004C9612C55B2843399DF6B5D00358157045
:103BD0005E20908D0695D31A5E6632D1A0615ACBD5
:103BE0000E86318AAA59D6E7DDE61BAA116BB5BE4F
:103BF000DD50AD5F00BB3160408F49D49061563DD0
:103C00006F4036FA937572CF223BBD9E8A355F8C2A
:103C1000EF1B01EC74601D23C2B9FE5E3D615B9831
:103C20008BA4F9F170E27F82E3EF35E09610638CAC
:103C3000FB8505FEB78ED8DFC089667E2105F8EECC
:103C4000A535BC688F722CD987AC298E1464A7CD9A
:103C50003EF308F0755349C4005E8527E9B2C95A9E
:103C60003299084D8B4BCB06DF9C4C7651837807FD
:103C70003E80B728DD541B96480C9B67541164BCEA
:103C800026912CB10D9143D41CF8C95F7AF0C6156A
:103C9000979B6EF576D1BD0B1C5DE497334D3F517C
:103CA0007CFBA936326EBF56976442CF21AA3EDA1A
:103CB00022D3394C978F56336A29A13D20BA5D0E25
:103CC000E64AB9E208D7CDEB67A0253C6CAD508D34
:103CD000D8B5F82E05EA8568512D1A6AF4AD7E2F05
:103CE000BCD6034BFB8EA4CAA5E9FED1F832D9623B
:103CF0009E2F7F0FEF903F43EC1F0D27F9A73FF159
:103D0000A3C0230BEFBCA76D35D42696301C61AF42
:103D1000D7DBB0605FB2E77AF6BA86AC9D66A45E88
:103D2000A00B7CF7DABA28E4633BCD6E02F44B7447
:103D30005159E4B634ADA616E82EEA07F11A682305
:103D4000271149F05A04D18E45928558B8AED696BF
:103D50006CCA3175522E6AC41AE3A87340BBE834AA
:103D6000D061EDF3B283B1D2C81F87E7FF44F5AE4F
:103D7000223D539ED94E30990FA4591FED77634EC3
:103D8000C7B87D8C765DA3EC7B1057B70DA22E745F
:103D900025D84A6C591065DD50C569BAECA1D80127
:103DA00025B2D3A158B51EE5A7A1B5ACBFBC7E7E98
:103DB00052D077B48E7ABF10DF3702C6596BF946FE
:103DC00009463073BF0D9723C82F31BD78EBF1E55D
:103DD000EF231155263F2DCA7BB0E3781A939165E6
:103DE000006B51E489742C5A731CB9AE5C578AA3DA
:103DF000D3ECA218C228CFD186576159A49B8EA5B7
:103E00008B40C14584177C72353C97A169C70BB1C3
:103E10002A4D84AE08B80EE0353886B7E1378167A1
:103E200094C94516DB16A94ECA677ED575866EEF16
:103E300014B1D1348AB7961DCC3CFC9547D37EA8EB
:103E400088D3C5418C6532A1083BE63C6B991DCBFC
:103E50000E2EDE42DB32D134A35C5AC5B08FEDA703
:103E60006F3A1289CBEAE35A2D26C7222813B4876A
:103E700007F599E6A62796ED33EA70ACC3D00C2A75
:103E8000BD8E5F029A97D78DB184F9ABFD02CF2B1F
:103E90006A0707CA408B62E8C0FAE57E47677DBEC5
:103EA00025012269CAFF1F611C5FFFFD24F45D0626
:103EB00092FB3AFD790F3E3BDDC95AE9A106A461A8
:103EC00097AB036267E477731DB928C27298A84C58
:103ED0007209548CEC6E1BEEA5BCE40858E42E88E5
:103EE000B9DC6417542F95A1A9506401E7797C09C6
:103EF000B63191D5583BC4B59795F3782775D3D58E
:103F000041E658224DC9A645AAC4F1A6C76BAE2109
:103F1000A32C488574E4CC72438ACCCC7FE6EB4773
:103F2000151944061D43D3761BBDC251F5CF476911
:103F30001577814DE63C31B2D3A3B6515B9DCD449C
:103F40005D56F7AA22289FF33F776699170C5B15F9
:103F50003E7B9FBA559D8167E27DFACB6C34DDBC18
:103F60004E64B5DED8BABBF51FF139CA7BF3FD8EBE
:103F7000E0DF1884A32E4AFC9926CE037363D2D9BE
:103F8000485AC2D7FF1F9D14376ED9CFD886AA389A
:103F9000B3E5A27FE5A8D383329259AE76F310B48D
:103FA0008C7268AFBBD746FB5EAB89CC048AFDB888
:103FB00009AC2CE2DB05CAADA509A3365312E835DE
:103FC0009198510DE011C43C9E45546B16C00FC72B
:103FD0006B7220269BD70F9B932DA30E4477885A94
:103FE000F1DCF474525E88B56E021FAFCD6B612CAC
:103FF00033636F135FD995F6EDA74E005FD4038C42
:10400000321A3CDD1156C5684B3A3283A5159AEE3B
:104010001534168FE65B6BD971FA4DD07085F28638
:10402000FA980AA269FD71D528D055E0A198DB7AEB
:10403000435DA3AFC22B680B7D494297CF6F041A33
:10404000BBF1E0F81E11F2F5F0632E7279BECC2FB1
:10405000E1340BF95201F8CE0AF952CC5D43BC8E23
:10406000851A66622D97CBEBF13524396ACC468AE6
:1040700089A8B8EA330F9B7D56175585F5E3288646
:1040800076B3AA4536BA0BA269C412B58C2220EECB
:104090004A22338901CC4DB66389BA6CC2490C53AC
:1040A000B0441AC95A4724F08DB2E435AE78222DB7
:1040B0006F35B8A830A2838C391D7DDACDFA611F27
:1040C000C44911AFE403DF0C5DDCFE6A5D111B5FC8
:1040D000313D837EEDDA509C15E346592F447594AB
:1040E000B1D574A604E6B615D070B1055D6BBDEA16
:1040F000505C8B0F1814F88D7839E6B3934F0CDBB6
:1041000013B03E88A58F614DD02E0EDCBB10B85584
:10411000E41F1BFBC0F9720AE6B38881721D81F8A7
:10412000CEF9FF9D53B4E467CCC5D2BC271EF6443C
:10413000DA12489779C9EAA32B4DD782E2669F39F4
:1041400093ECC7517543FBA88BF401632F6D97BDAA
:104150005404D186C9D34E68AAB170C2449ED064BB
:104160001289BA089D17B61921534CE199559A2521
:10417000334646D9922D375D39B6EDE7F31A6B1DFC
:10418000E1105B47D93062C553EBE0A2AC11479117
:10419000CD947F03DBF914F8DFFDC8FF7AB90C3446
:1041A0009D056162E82E7AEEB63156F90ABCF70A2F
:1041B000AB6A5AC7A8B7D1B2623BE33091BB9F52FA
:1041C00060838676C39DF8442AD94C3E11ED98D57C
:1041D000B6AA860DADAA79C38CC121C83F0BFB7E60
:1041E000FFB47C518E9F1F51C3F3CD91B48103EB7B
:1041F00097A5CAFF0FABFF7F3BC3B83C351D697164
:10420000F9E9709B824C2487ADC356AF1965ADD8D0
:104210000A311158597C0EEC6C15DE8631CAF5D284
:10422000152C33214F4B8436508606D88252E7F541
:104230006D1A3799A8431EDA0B91578A25D9823215
:104240009526F0B9B58E6CDBA82BAF71C4E5222999
:1042500032C546912E8AA2F6D251318AAEBA1CA638
:10426000FCCBD8935F4907BE6DA8871FF53AB818F5
:10427000CF4C33E42C34BB34CAB68C46E97EE451CF
:104280001B37EFB2DDB4C55816F004AC5DFF8222D7
:10429000CBDC6EB8AC8E44F7B540DB09C30B946140
:1042A00058ABBE82B6D00CDDF5D41B60ECF303E74F
:1042B0001BE5FFB5945C491FAD98AFD121BCA7D3D6
:1042C000FFFFAB1C614A5005563A1C3CB1162A064A
:1042D000743BCC7DFA397D3801FE155A423EEB9293
:1042E000D907FC7CD665B39B1CC0BC60877DE62EDD
:1042F0007335C4C72314C3D7674E048B5C8D5540F8
:104300001495485463689AC7BD643F96459808372A
:10431000542FE183C80A23E6700CE2B34573B6E379
:1043200050636973B1AD086AA425C7E1A206F4D150
:1043300010FD2ACF279B466D3E4B91A559B3F92B13
:1043400019447C664D66443ED35FD46543BD4B3E05
:10435000F0D568BC2C93B15E66E922CF7B05745B17
:10436000CB7860D0EE15DB4DB40EF3124B3B56A16B
:10437000DAAD1AD027916EF3A07EEB53919451BF22
:104380004BD1AA4EA4FAD45A607B09BB841FC39AAE
:10439000F1F2755ABE01636749F42CE0AB12F27D6D
:1043A00097ED61B81B5F66C485705C2BC7579CE3B3
:1043B00010465861B63574D7F09DF56B78CE8CD920
:1043C000422D68F45C355580851114154E0EE813A6
:1043D000812BEA5358061B1B467AADAD7881866E59
:1043E0001111B5642759A5D16A509EC34B658176DA
:1043F000E569287F7142934824122740C3F3385C53
:104400000BA05F8EAF975C02AF1B65E9209D949374
:10441000EA30FFAE7BD4556C33598A6C0A1D467462
:1044200052262AD956ECE8A0963D886344FE0DCD6D
:10443000935F69C69AD3E2F727E633E3A2BB1CC3B6
:104440008E5A97DB46B77D5D236C2E8389AA502E4A
:10445000EC0AAD62B47E05A2E79BE8D152072A5E62
:10446000B1EDB52CE85BD4A19A5A7391F9B1A75676
:10447000EC7DDAEB3BC3B07E4302445BF3DA1358C6
:1044800005F0442ACEC71CFEDF7B16F7EEAFE12B0A
:1044900061EBE7AB92DEFDFB2E3B4247F22B85A2A0
:1044A0005FEA67F872631E0563A4F836B02487C517
:1044B000FF7F327787FDBA955631FA5FA9045B0416
:1044C000D8E583E03F13A175EB82787700DA346E8C
:1044D000888C474913D9D5D0D554DBB0DCB4CFABE9
:1044E0006CDED19CE7CD6B3EE995A76568907611AF
:1044F000D5CBCA384D16586FB41CA16B03E5468066
:10450000F7759388AF8B18069577425BA8D8364429
:10451000B59343E64E738963C7F92BE03F938078E8
:10452000B1ADC471D3D58E53E643DD7F76E3BD6E66
:10453000AF23397F06BE46B477B821B739FC15B72B
:10454000C56DDBD7F8DB6BBFBC76D6EBA3C9226F9A
:10455000CDE49F19C522AA753634AF439E98260C28
:1045600074812F54D39BB65CCB0036A82F32B7A8EA
:10457000AED82BD5D7E32B5591548DFE8012FD2E4E
:10458000CF9C3A14ABC0DFC07F829D16DCD37DB7D1
:10459000F89923FC45F94AF52BE62BCC6209FE3D40
:1045A000CA3F8E35305FF63EFB0064B97FFA438424
:1045B00067CC7DE6449B914CD7A4233250DD94898F
:1045C0008C205A3113F0ED0235BE38B60AE573BAC5
:1045D000AEAEFECA871EE70D199AB834D416CAD0FB
:1045E000208F8B2C73B82E2E0DDEA91BC02275597F
:1045F00004D2AF09B4EB42FA2587A925AA938CB45B
:10460000CCE12866DBD1F87673966510D6B79FEFBC
:1046100080C8DA88D735C0117CABABBEA66CD06F32
:10462000B477952EF33A34CAF2B7DD6879ECF6A187
:10463000466499AFD03133A7584495B1C7882B8AC7
:10464000AE6E3A8A81EE15DB9B8E3A4B8EE94D0BAE
:104650001036C56B8E2B772BC370C4B7CE3AA3BE72
:1046600013FF5643CF4E23BE68AC56CF69F3F19F7C
:1046700008FA8EC875FDAFD0364BADF3EFCBB793CC
:10468000CD2A0947C4097A69993652836014AB94DC
:10469000EF1AA6E28AAE80449B96DC067A1CD02FE5
:1046A000E00B7812103681259EC7ABB0685B11BC59
:1046B000F2DBE1D5D50F7C1F0059F408153878AD31
:1046C00089641B76023BA169837651168AA9B02CB6
:1046D000329128D424EA127549BA22229BC862E991
:1046E000BAC03E0FC39462A9B595D812895F7A52B9
:1046F0006C8B5436BACB17E265A06C32912B4D709F
:10470000E500DEB3D76AF32F6B4C9ED55504D5B8C0
:104710001F65A9DFEA5EF55D5DEDF6ED6D84B89885
:104720006EF7D6D938BA2856BE49AB96F6BBF4BC5C
:104730008E269D632A412AB69498EA2C872C11BABA
:104740004A55AB1AC36F5A772B8DB8C9DCB3B3DDAA
:104750003064A8509F8ED7AA66B528D20ADC6714A9
:1047600068EC95B4F7979D3F00FDA67873D7F08D60
:104770006A1C6E10E6A04577FADD07DF30DB0CBE61
:10478000352D0E38B5E18B5051E6388926DC8F2760
:1047900010AD9A3D9A6741BFDDC0B4D873D3F35BC7
:1047A000CFDB0D6F7A70EF205EA899C333B00C4D4C
:1047B00011558D4500CB791C596698C36336018429
:1047C000C157BB5005EB4CF3859A6259A214C48EB5
:1047D000C61268BBA051CDA3AE4132DB8262E1E5D7
:1047E00086551F3A467473517E5C66BEC6E531B984
:1047F000BCAE25B216F1F5AEFA7E059F20A6B11625
:10480000D4B9027116F0A3FD6F1DED6D11D562A034
:10481000BBE2E0E8D6D9721059582E010D175BDEC5
:1048200002C285588BAA96326A9CFA410378642C9E
:1048300092AA545DDEB755B55559A09A519FF6DB43
:10484000E57BF35D3B76723DBEEBC757BC7E8511C1
:1048500016376699E7CB67A199FB39D19D420A3695
:10486000C2E2ACF35AAA6D30CD987B51DED2D6A706
:104870002715724D0D5E8375600B18E817D4974CA1
:1048800024EBB2C924EAA0E68EB25FFFE2ED31D09C
:10489000EEEAEA209E43EB12F503C7A76592BB350B
:1048A00018D863799A8968D3B4E25EA23A4D9B1610
:1048B00045248365CE865A048CDD844987148CE2B6
:1048C000AC256A116C7494E98CC3DC1C857C2211C4
:1048D0006DAB730D905E5BB6C96DC97274D3767F94
:1048E000A549A16B279EFCCA0B693720BE4ACEAFF3
:1048F000053A67BB9177387F7BFBF99BB40546A3EC
:10490000DEDF749CA17B9E9072CFD8CE02E33AD0BA
:1049100071AEE58CED4D1BD26CAEE90CD8E633964A
:1049200043F9AF9A722D68C9476A3561D8F43ED40D
:1049300057D8BC33C79AAEEA8997ABF6280F4045E3
:1049400063F4507C454A622BC9D88D807CC5D1F375
:10495000470163E7B5F115378E831D95CED8676F94
:104960008A571C63716D24FA6E3F411B58C8772D1E
:10497000DD56AA9FFE97CE5E6ACE7C03DFAFC8C02D
:10498000B4188639310A5BC486C0774602E16CD020
:10499000A3160B079F3AA3FA6C98B69DAB91441DE2
:1049A000D9452D9B9308AD2682E8511AA908328C6F
:1049B0005CB4C67DDD448413FD58B22D81AC35470F
:1049C00002DF22F0BD11BA4E6AC89CEC88B2754273
:1049D0009C4DEB974253B1E35C77AD67BB77C44521
:1049E00099C3A998F33E4731C4CCAF368FADFE0EC4
:1049F000AEA130329398C57EA26CC64F1035E4202C
:104A0000E136D55ADEBE86F8764F6F6FAC73C4348C
:104A1000C69C472DDF371D2536D447B8E219759D52
:104A200001C257A0FD54E77AD375C551477B5FD4C7
:104A30001F5C678B32DD74BDE978D516959F0BB48A
:104A400097290C4B07A2FDDA2AD5E99DD3FBE4AAEE
:104A5000E97DE9AAEB3B23A92163867A469D8F95E0
:104A6000E388AD4623E52BA42B8DADFC23B0E8B63F
:104A7000EF4701636771F6F988E07FAE3AF9DFA38B
:104A8000F3EB57689F5302F422317CC32CEB59653A
:104A9000F41FF7BD549FB9DFDC823B144DCA500DA3
:104AA00086256A3231273E8C0F614338EAFBF1528A
:104AB00071690A68117591F11AF0BFB4B62240BB52
:104AC0006EAA1F07AF8BC9D3C2897AEF98EFFCF4A7
:104AD000AA8F22DB3583586D43F7F407BEFF3EE60D
:104AE000332765426C45AD349DBFBDEA4391916566
:104AF000ECBD6B8B6617897C708EEDB7D798BDAD1A
:104B00004E7FF6C1EF86936C31E787CCD99643CDC3
:104B10003FF521BE1D562F55A029F2744F77DF1E99
:104B2000F361FB8B4CB53686EFD5DB6F75D3919E69
:104B3000EF83DBCBD0BECAB1BCE5FDE0F6D8EDEE2D
:104B400031E579F0B0E7C7A6CF4F8FDD3ED99C03A2
:104B5000FEF6B3EEB1E9EEE9F7BB4F7A3DF0F9CEE0
:104B6000D8F6223D838D1EA506B13855BA2A014FCD
:104B700007B6DB947B5477E28BAD467DBAEAC6BEBE
:104B80000CD50DF57E207CD7B1579A40EAE57F1D04
:104B9000693DED0AF51B882F97E310F2CDE5F83655
:104BA000F3F7FA49F9F6AD21DC4AD345FFD109FA0A
:104BB00006BABDAA39FD65659FCA8423C25EAC13DF
:104BC0008BD22D8027DD93969E86BC7131914482D5
:104BD000FFF5215239AE575D673C85E6257BA73945
:104BE0004ED38F9B48A4EBCF57DFBF368087A531CC
:104BF00091F5C9EE44223B3391C8F3AED2D1362AA7
:104C00001FC0F4DB9E45F330B1687D7604C56A9F12
:104C1000FBC6A69957B737CEE25110259DF49EF7F3
:104C2000FD0ED6935DD1964F15D90DAB741487ED5B
:104C30002F06FD9EA3EDF3AFA63F9F46C7FB15ECE5
:104C4000CF3272C5C1D8ED6E1FE8FA7CADC94747B7
:104C5000641FF8F635A7409BE8F11B1FACFE0E2C35
:104C6000FAD8F4FBB0C55B8E5791A536EDCD7FCB5E
:104C7000E623E7B571CA13AA707D9C6A9B72AB22CA
:104C8000015F326E53DE89BF137F405905119803CF
:104C90003F2AFAD58D35F6F92EEA158F9F7CE3BEB3
:104CA000F83AD97E3B76241C3D362AC73F711E78E0
:104CB00058341E4BC837105D34F55333F8FEA74205
:104CC00035149E482EE82B14B32A0A4FC25C60A309
:104CD000A388762C2E2D2E2D53974C2613C54424B5
:104CE00001AAA1639FB169468FABAB4A6F02D98617
:104CF000576BB6D314BB6F2F5A7734D3ED1B5F3885
:104D0000B4AC3275C3D6D569D49A5AEE0C83D63377
:104D10008A8E567DCB0D5E6204A2E4ABB0977DCD4A
:104D2000C9A6182F2262B9AD25AF78565CE7BC3F03
:104D3000F2A1EB63D483E92AD238BE359945A66C3B
:104D4000C6FFC26B9F5DAB759CE946D74BF774DE1F
:104D5000F92BB6B3CCB26FFBF93AD328CDF7735F1A
:104D60005E7389E92DE00B7A5F455765F7F4774765
:104D7000DEB4BD6AC935C5980E417DCB524C28D2F0
:104D8000F628E35448C70A2CD93CBD8FB1D2399ECE
:104D9000056D98721AACF40B42BA9A7BB57C79BA5D
:104DA00081E3E6BBF375F9F946F9F52BE61B25E23D
:104DB0004B09F8CE9903D345EA9DC62F29E221AAD3
:104DC0004AC0E2D3AAC0CF5628C335D9B80B4B216D
:104DD0009D588B12B5785094954D6483377E76E458
:104DE00073D42A5A651489A693D70AA0BDDB065E40
:104DF000F8BBB791677EAFC7721B5EF7FDA6A11324
:104E00004B261274A8357BD5E7B9BD68CED60D51B7
:104E10004CFBF96CB713483E7EE3D9B1676F5C7108
:104E2000E4E65F71213B7D7EBACE354861C4F6E68B
:104E30009FD2FE37C95143C833BD2CDF415D517E3F
:104E4000B689E17BDE97D7F8A669D9D63D863ECBF9
:104E50007BDEECFC73DD63AB63ABE77D375D674CFA
:104E60002B1EFA1DD3A5CDAF9A5EB57C76ED73B43B
:104E7000E67BEF5A09B47E5F05AE31F9AF827DDE85
:104E80006BDA6B3A671A2533B16DAAE9E7D07D0F6B
:104E900077E2A7F7DD00BEA3D638D53155BB215D3B
:104EA000D5ABDE8D1968B6346309DF00798D00F764
:104EB000FEDE3F5FC13D25FE718EDC7F380A23E8B0
:104EC000613A82A6680BCD44D0CCAF18F16C67FD77
:104ED000BE77D6ECA5D2358FA54510495882665AC3
:104EE0005583BBA959FD3145140616DA7C4735AD0B
:104EF000EC001547E9927549104747EA5E1CF960D6
:104F00001A9DED48C74A53714357C3F6E612CF09BD
:104F10000C8DD618C08A8112D326FE7CF5EFC7A06F
:104F20004D04ADDF705D1E6D512D639D949B182265
:104F3000573C7833EEBDE2E9A062F25D649DEBBDC3
:104F40006B6F5F7BBB9BF6AA40ADC8B5680ED315EF
:104F5000B918BE5E578A253E7384CD76546A864959
:104F6000B0C35EA453CFF48AE74DD3A84337F20110
:104F7000ECFB6D6FF22BE790F50085EE70BF694199
:104F80007C91FD286D462A7DFCFFC055E83B3F56CD
:104F9000E238643A099639D7826A0CD08D319DCCBB
:104FA0003F675B31EF5100D7E7F6808DEE892F50D8
:104FB000259B67D577E26BF459E6EB3B8FAB5AD470
:104FC00007B0A3980674FCB4C620CA6BAC13398B27
:104FD000AC33D32EFA7140BED2DE7D862F333A8AAF
:104FE000E39BE2F7BFC2086BB881692131E33878EF
:104FF000BEB302E5A2FF6C4496594E342B0A3483AB
:10500000788246AB094D0B27292C096BC75BF166EB
:10501000651896AFD803AFA031EBD1BA1450700920
:1050200010D6817D467CD335F2B4013D1A9B934066
:10503000A05E85362C93082350748DCEF807BE12DF
:105040004F12919849110BF8B96B9FB37C13894E9D
:10505000D244D74EAA93420AEEBE8D622434418BCD
:1050600008A65A577A5A27B5BDB99B6E832D377457
:1050700092F2FD451EA6C55D80B9889BB6F7BA3F82
:1050800087E3774FAFB84A4CB58E17C73EA7F9E60E
:10509000E4BFCDF255BACF307C619F79CDA057CB1C
:1050A00037C03E7FEE7B71E48CE32CF2BBF00CA3A7
:1050B000DE43B0946759A19289304D1CB47B9B218B
:1050C000C66A552F1A30FCD39D43866C73D3138B5D
:1050D000C601C31E65B3EA3188B48E826E1FD188C3
:1050E00023E780B115CB56A8DF1F0B62AC1F082A3F
:1050F000C796E7CB5B687E243AC73787EF456A607F
:105100007EF186E19B20E1CB58E55EA8FD54A8AE78
:1051100009E882F2B04C4D3AB0CC82B6914213AF5E
:10512000E934D750D3AA7E7D0D5E84BBF1217C0982
:1051300007BE640EB4627563B4B55BBDA11CC0D07C
:10514000C88C79AC1FAC7326D1860D6812C8C7C74E
:1051500098ECD6982FC703769D30D17C512464B942
:10516000DD4965126E32933451A81FD04D26415C43
:105170000CFEDAF7E2EDB7AE7DD633E6FB0062DE79
:10518000150F452C994F7ABB69C5EE6D7411F1FB73
:105190004758FBDCA3CCD42D9187BC8CCF05BEF93E
:1051A000371D963144F2EDEE3AD3BF7AC758FDE68B
:1051B0009A18BE63BE1D8D874C672D7F8EF8AEBEDC
:1051C0003876C67188667AD27428FF50FE5EB0D1F8
:1051D0006721864ED619358B780EA9488B5337C771
:1051E00087E343C6A62772CC35FA695070BB3E1CD4
:1051F00047E32D13F04735CFD356FA6E7C03FF2AD1
:10520000FF1B12FB4C1356DE9B2F33B251C297F596
:10521000C05C8E8362731CFE16B0C8F7F6415475ED
:1052200047897AF0502495A119C09D783636ABEAAB
:10523000C787AD68E4C541CDBC3E4C538BD7E29DDA
:10524000C0374A1749A41091BA6FB0F9ABF4B4084B
:10525000DD3C360F6C11E14C220BDA45750D6374A1
:105260006C8DBCF367C3995412914D46EA4A19FB01
:105270007C9B02AEF4A867EB9235DA5644EC4311FE
:105280001110196DF092490ED866BADBB7E3FC5ED7
:1052900053B4657BE3791FE21BD31C6D2AD4717C68
:1052A0000B342EB88EF6799977DD74FCC65267FB05
:1052B0002ECDF7FDEE927CCE3EAF38F6E6737C95B0
:1052C000E07FCFD2FEF777C037D716930F6C2DFB58
:1052D00020763E947F166C758C2999306A8C9A15CD
:1052E0002ACF364AB6A9E3943DFB7AE2A32823BE2F
:1052F0004BD1AFCD361F5755A946ECBFD8D9AF56C5
:10530000E08F688EDE836FA0DF8D0D4897E52BFD63
:105310009767E02BBAE72F5A70A701D3CB20F6C0CE
:105320002E7F0E4BDA02467CDBA81AEA60DAB4D292
:1053300045BA4917969E96A0EBC4280DD8633D86C2
:105340002D816EE334496422794C918865612EB0D9
:10535000D04B7832994B0EE28F8F75FB10BF56FC05
:1053600084269C38A869C528B21A2C00CA60401B44
:105370001794F57637B47D618BE526D4D3BA80A334
:105380006CF2E7ABDF1D739AD158906F8CA02BE0C5
:10539000FDEE22E2ED6B1F40F4FCE258B465852877
:1053A000A23D268A7E7D6494695FE318CD77C09C18
:1053B0006269D771FE776B5AB8EE8486BD2AE04ADF
:1053C0003863BAE27891E67BCE9B927F928ED9CFFA
:1053D000837EF7E66F3FCFF0C5FDF1D5AF105F4B91
:1053E0009EE9555B8E2DDA966BCB051BBD9DA6EB1A
:1053F000D48C5279C0FCA4259B98039E3DFBE6B457
:105400007BA075B4648F5386436BCDF184D73A602B
:10541000685763F8D3E085D7E32BBE6B3F70CB486A
:105420004057C9AA57F01BFDCF2B9F94F04DF1DFD9
:105430005F80FE9B93BB5748CCD71F61095A48C871
:105440003AB782DFDD9656A5C9242AD33AC950DD82
:105450003CEEC53B207A9ED77BA1DE5155628BFA8C
:10546000617D16D587572829DCC4F2F5628A342E6F
:10547000FFEC34E7383AAC0BF645FB92D54BCD63E5
:10548000839A7ABA85F2590F78E11EE4F156A72380
:10549000C848F0CD510EFA6C4F17BBC289257BF777
:1054A000346A251FF2261227AFA1EDBF7B3BC756FA
:1054B000AB3BDB8DB29E0CDF25725FE34F69BED93B
:1054C000AE28D30211D3CCE8F78E3293C824B7D3D9
:1054D0007C19A62BAEB16914CDED684CA1F5FB810A
:1054E000EFA7D35F771FCADF719ED32F5861136B6D
:1054F0009F47CED84E02DFCFAE7D63EC2F6EFCD23D
:105500003502DEC6857568464944779F69943869D7
:10551000AA25E7D471AA9EF86DCAEDAE9E9DE80E4D
:10552000C43DCA64B0D5BDEA1950F08C76D7BDF839
:10553000AA8479AB407C7FECE77BC43FEA99AFDC7F
:105540003D06C38236B0F04EA114866F33136189D5
:10555000F9CE99E7C107D3B92AD413881F4C4B4F12
:105560008BD2B9C90EF2FA53466284EA000B9D4011
:105570002CE89D98115BB246905DFA0C2C4E136D91
:105580003351954A0C11D6471233CA7CC56F873FF9
:1055900047B903944B803AE6BB0A16D9057C33C958
:1055A000CFE99828D9D18AE5DA508BE8F3D518EFFE
:1055B0009CDE4438CDC88AFECAF7EC588CF7EBB7AE
:1055C000119BEEDBC5AE4CB21674590FCFBF357CC4
:1055D000B21BC5DDEFC35E471B7CD430B9BD798CEF
:1055E000EE31723798885ECCD7C4F41F157C9D02CB
:1055F000BEA34D7404E7F38CBDD56D19FB9CDEDBB7
:105600004DD75ED355E0FB3EF20BD77634424405CE
:1056100031D8AF68BE672C9FF5BC0FFAFD6F236FC2
:10562000DB94F929B6EEDBBF5BFDE9F45E470A8146
:10563000699CD80AA9041DEF33AD902BE43E539E1C
:105640000508ABF628A79FAB545140B745DDA14FE5
:10565000A25E501E540EDB2B54FDDA42FC13F551B2
:1056600060FB18CA5D6162DB1C684CCEDAB691A0A3
:105670002A85771032FA3532E3CFFD7CA39BF908F7
:10568000DA4F98ED25A47F714ED442EA07BE95C04B
:1056900076DE2C27E2BE9E9166223AB0764DAB664E
:1056A00098AAD2445B229086A97DB60C88A2A3C892
:1056B00045B0D227F00543043162CEC066549D0642
:1056C00023169A364C691428E7F4399B8DE25AC0A8
:1056D000C354A2EE2F6EA0A53F1F69C591477EF669
:1056E000369DABF2453920F622B35D2FD2EB4C2E1E
:1056F000F2A7B77734679214396466A26DF4FCC9D7
:10570000EE6751DC369DD7DC450E132B0DCCF36EC6
:10571000CF3C368B2F373179942AB034A86D8C96D4
:105720005F9C7E8F7E235C61AB9F7973202E7ECB46
:10573000F1DD113A8F017BFBEE6D267EC69BC1CF5A
:10574000D2F1F32AF88793967DF9B9C017BD326A72
:105750004D4C736ABAC0322B81EE32D0CD03CECB22
:10576000E4494B319180A1DE86047D9FB645DD651D
:105770003DA008C5723D77C02BCF1BAA54ADFA9F40
:10578000A8CA713576B75E05E1889CB57D826CDB71
:1057900048C9F115DA678CF9874E5184B546C15C6A
:1057A0002F301F41DB98083AD4827E637DC01C4AAB
:1057B0006C05CB1CA95BC407B036CD02E6A3BC6464
:1057C0008F022386A9089D136BC32288613D85A59E
:1057D0006343C621433B8EC666B461A1185A3AA101
:1057E000E9D7AF749EECCEF39EEC567AB7C3E3498B
:1057F000EFC96B27BB5D64B4E590F76CF7B9EE2594
:105800006B2289463C4739CE751FEA3E772DD795E6
:10581000053115B2CB79DD9FF57CD6F35E4F5E770F
:105820002ED869341A249158B2BED7F38DB1CF7AED
:10583000561A5CA4B219B5826F7ABA481F51E7783C
:10584000BBFBBD6BEF755F71B8C9592CC2E66ED852
:10585000DB7DA6BB350DD351F46B87BA6B1B16ED00
:105860003BBCDF1DF9C68D73DE12138AA2A24D3731
:105870005DFFEA7D71E4CF6F7CBDB9CEF5E737DE21
:10588000BEF659F79FB9F32062C61B1FBFF1D9B509
:1058900073A82D9C7FC6F6BEF7DCB5AF7B97F414DA
:1058A00058E6B334DD1572BB09697894421ADE6795
:1058B0002A26FAA09D74277E2E2FC77A3D5E816727
:1058C000995B552896EE5717EA43310CFF4FD55F89
:1058D00003DD670245CE6A31DF407DBEF7CF374A30
:1058E000C097EF658816F5120AF922EB1C6E0923A2
:1058F000F600DD046211FC2DCC7551BA085DB82E9E
:105900009368D12C99B320524A2687F44E3CE3FF8A
:1059100023ED5DA3E238CF7CDFF369929D8BC5B5A3
:10592000117266ADC3CCDE638363495D4003E5CC91
:10593000875DBDCE24EEB22DE8B7691055992F557D
:1059400099D8E19504F4DB20C955F3E574CD2439E9
:1059500094C4A50B90EDD67CD952E29980B836C894
:105960009E68AFB3CE59F2241E4BDC1A90931D7D76
:10597000DAC7933816E2D20D72F68ECEF3BC550D0F
:10598000489633B3D7F85D4D350D4816BFFE3FCF6F
:10599000FF79DE4B9166966ECFB5170627C15F770C
:1059A000C82F095B1A92AEA113CA14E992717DF354
:1059B00014D9568AD5227D5303FF4C095D244BCA66
:1059C0009682AE0C06E4DD45654B2BA6CD7CD4D08B
:1059D0004578EEB0B8B1A8E1DEEB66DCCB029EBB49
:1059E000CE1E49E50CF0787A9AA2A657203AEFC06D
:1059F00098C10A99968197DE20DFABFAABF2AF042B
:105A00006FCB0BC1EA08CE393974539B61444FD236
:105A1000B3568ECE9AE721C7D6834ECF414D7B0E2B
:105A2000189E03975C0FF50F5643E7E30DA7C02FB1
:105A3000C7EBCDC3A75AE15DF006A8744909CB4C6A
:105A4000BE4EB1D751CEE96206060D33A48CCF66A7
:105A5000F57E09EF83370A2ACEB40B4A58E9499CF0
:105A600010FDF0F115B1884CB7BF2FBDF807CEE39C
:105A7000FF77F1F5F616F01D7E7B7CF331FA3319D2
:105A8000180893BD08BD60145B85407740AE51B7E0
:105A900095653200EEAA56CD290372897AD66EB189
:105AA000D6C515366267B519A593C4D98C86276A01
:105AB0004C41ED735C6E2433862D6E6965D6A292DF
:105AC000842A6753992004EA54A263E51BA1C5EA1E
:105AD000A2823B9286582DB2D4193CB08B117159D9
:105AE000C36B50F502DD082D41C6F03912C655F1E1
:105AF000ADF67567C7C039619C47DE3186E88CBE5C
:105B0000C3E70F91F32E5F07F0FC0B3F2E1F57E604
:105B100065A2FAE265F11DF8CA26D9314E3A356C14
:105B200052D931CE5A48F792094E19689E8BBF63FD
:105B30005E8AB79EBA04CFDEE4B3086D40F53C50F0
:105B40003C1907BED603D6A333195DD59B167755EE
:105B50003CEB22E55D9E89CBE3B37A03FCC4593666
:105B6000214E60945636C313A172E79EBF947527E9
:105B70003EA89CD4B6DA97426125BF4EE371EFFC94
:105B8000EFD66F3E037B7CCB0E74B10EF4B0F83AC7
:105B90000E97EF5E85646D269A68878CEB2A8A23C0
:105BA0006905E996827A07E56235AED75B715AAD31
:105BB0009F914FDA33AC51EE663EBAD2DE08EF84E5
:105BC00062B59F1C92D7433883D0092A9D61F32484
:105BD0004633A01EAC8B08B08DC0CF398CEF9BE74D
:105BE000148BF56AD032D6BA98796BF0EB2CC222BE
:105BF0005C9D11CE1C3FE2AE167C8E7BCBD2F00CAE
:105C0000E3F5303C90EC105B613B0CE8B235F89862
:105C100084C8F2EBCA0F42A34221F0CD5147AF072F
:105C20009DAEE03BC8D8E95D01BEAD26CEF79D0331
:105C3000C5360053D70D9F04A536E01C8279DE449B
:105C40000D8B50FFBC01F56E549F519AE53B0C95AE
:105C50005D0E1119E87AF9177F0A5E01158BE603CC
:105C60007AC46CD1ABE50588D27DD29DDEDBFE80A7
:105C7000B1DD7E466A5296DABBB42E2DACF8C96F00
:105C8000435FF2F87E1CFAF8337DAB7F8DEF0F3E59
:105C9000972FF7D04FD86DBFAFE0B23D8735936AED
:105CA00076E240D83D1B2946CFC88D4187EE801B48
:105CB0001A84C85C03749370EDD6B7C1674DCAAD42
:105CC000D639FB96B8A9B4D8A57A4017648CBA9D8A
:105CD000644C748CB1D002E876C698508AF469039B
:105CE00057EAD459D57A35F0AB066A84C6E091A458
:105CF0000B1AAE875C31907384D570B618B7F17902
:105D0000646F347B84F1599C5E725A6D3CCB0357AF
:105D100000C5BD55F2EEC715BA0A6385A6F53EF972
:105D2000C715ED62877C46CEB0698A3C7718AEF421
:105D3000C919337CEDDF8AD1625E32CBBE03FA35FE
:105D4000DB3825B842663D0C578CC1C8F9757865BB
:105D50009745F5A4DBCD80D70F9FCA4766F0CEC824
:105D6000D9DC050D37980D265286AF582D74422286
:105D70004A1D3B043552B67D5E2A90A36C23B411B4
:105D8000DEE93D2A12C8C41F84FE03D045CE5FFA67
:105D90005FD7AFDB7B160F5648C0D7DDA7FBE82CDB
:105DA000D2D87E846EDD73584818F9C6530C23B4DC
:105DB00015B116C1252F42545DE4AB9105B51932DA
:105DC000F0940C758DEEC395333AEEEB647A91DA6C
:105DD00018C43D644DC165C8A64DF2717925718C1A
:105DE00030239B5850B28969208CA75A093AA17573
:105DF000167275073E9B660264E26A9A6404A8D72D
:105E000080825DAA409BEBD7FDAC86F7276B80258F
:105E100073F9A6EA816FB73EB4C777089972BE7866
:105E20005D85C8BD48FEA9E2935087DC271F0B168D
:105E3000A91F3A2B0CF7BAE41803C6ABC6306B7532
:105E400072461D28F83C27898FBC86DBF26A06D291
:105E50000FD83065F232C17AB78D47E2F2B8EB99CC
:105E600051B1D887DEA5E5FCF55D86BCCBE3A21970
:105E7000A0842C4A87C4CDF0B8B4115A4DDC0F0D64
:105E80006AABBD3FA9984D74694469523CB6D21FB4
:105E9000BAE3D193F9BECAF7FD7EEB00DF671FE3DB
:105EA000BBF2AFF275CF5DC759A488B5C40AD5451A
:105EB00032C3CA4C88B8C188DE639582768B23755D
:105EC000E62C9B010D5FB25A81F33519F464150479
:105ED000A7D04543641E209D64119855539F25D03B
:105EE0000E42682E31A108BACF2AD2718F09B0654F
:105EF000EEC0B5EAF039DBE41A9E3190689E326359
:105F0000F93C8CD7664ED755B2C3AEBB7C695CEF0B
:105F1000E6F30EB8436D5FC379BE3FAE38410E0560
:105F20009F0A16EB9BCA0AEE6D334E8286E3E0F8B9
:105F300091753170AE334FE2F058E2B5CDA3ECF27B
:105F400086BC4B93725276B5EDD6BB788578ECA9BA
:105F500018358BDAE574F93B6098BE690768B5DCE3
:105F60001FC2BBA6ADF59E1007B5003B2A448D2E7F
:105F70006D3E5448BAB422F2B1F42CC4E7F7A5CF71
:105F8000EA373F33F807F84ADF7A4CBFDE3E7BC77B
:105F9000497D5E06DEEB517A0E6B1032F090B30D48
:105FA0008ADB541C1AD1B152DD22C511F75AA36203
:105FB000ACDE969BD561EA53B7C90CFC46EBCD2508
:105FC00052A337EB9DF205B118781C936750BDC002
:105FD0008DB1092569F8EC7905790261F8E8124E6E
:105FE000EE312674439B315A6C8CD12CAFDA3DF5DF
:105FF00072BE9E7EF7F962EEE57E1A5EEDE67C8764
:10600000F8E09CF56EBD1FE2F351723CD84FFA499F
:106010000DFC4C337D2775388EABF4CAE2B8E636FA
:1060200067ACB0735049E18C1FB0E554F7E9BA1A78
:106030006E01BAD33230E5F916DDD47988E04859DB
:10604000341BF65C34AA175D346460863A2F3745FA
:106050002BA017CB8B988743D958ADB1109AD66631
:1060600013D7A4F95083734B0A83B3FEA158251F9D
:10607000EC4D1EAC7E9FBCAAEE07DED9B14FE6FB0D
:106080007935F001BE3C03BB5DCA4170DBB536011A
:10609000878BB9AA599F9457589D59AD4EC9317DE8
:1060A000CDEEA65DC162354D87696964401EA2735D
:1060B00074162AA42E705EFD72BF8CB977511949EF
:1060C00015E9830CF722F538D5AC4F718C80BDA152
:1060D000C5E095BC76F1D9A04BD8481A842D80E252
:1060E000A70D428B74CEF640F6ADA1E0AF598957AB
:1060F00033D5EA71E05B66E3DE86667E164F94F385
:106100001DF23EE27518F84E929F557E2075CA58D2
:10611000A9C5C1E7ED2422F06F70C067A3861DEE0C
:10612000D4D3468D7EC9AEE7CA3D7C0A15DB162F57
:106130003FE5D245CF9C24CB64D7A30B7138FEBA80
:1061400055CEAF6DA6EBAAF274D145BB1918DD741C
:106150009B893E3BA012321122DA74FB7C28A9CC29
:1061600025C625DC3BFCB210316A58ADD2A5BC2D4A
:106170003D273FDE99CCCF0B7EA6F7EC79E77F1762
:10618000DFB17DBE9954DC8E31AC2B6758ADBE0DAE
:10619000BF9F885E66121D677E722C03D5E42A3B82
:1061A000A7D7A885915DE3533642C32F0C06513122
:1061B000EB6299D5498A29E6DB80350FBA9D363ADC
:1061C000482E91840CBC6C20CD41366808748A4DF1
:1061D000C167F8F914AA1708C3DF06EF82A81DB536
:1061E000D145BB746BF6E273336BE6275722135C21
:1061F000577DC9C155F378125E94E26C133F534B3F
:1062000077F331DFDF04CFB714E4DB18DC82AC8135
:106210007E7EC5481B512B60B65AF89D874D9C93D6
:106220004A1B430CF74700334EF564DCA5897937E8
:10623000AA4F632792B571F705D9D6A38A9E59E470
:10624000195884AB682265D1CBC070E55513E8FAC4
:106250001410D63BC49EC453825F9E334E08535CD9
:10626000C1C56CB9FD9AD4A50C6A4DCAFBD267AB07
:10627000DF27769E3DBEAF89AFFD9BF8EED7C07598
:106280009FE941BBF3C078CF198761CE4AD26AD566
:10629000A10E65FA2671E8B0B5C3B6C878B0055C42
:1062A0006500549D834C374B27E42C09A85DC175CC
:1062B00031071CAB698BCD187AA6526B414B1A99EA
:1062C00044116D718A68171B30068C2EE0DBE5E9FE
:1062D00096D366F88AABE6221DA33763D5B49867D8
:1062E000607714F3E8CCBB1D7A2D281974CCCE3915
:1062F00058353773B6F8E003727114FC9E7B8DAA93
:106300004BE4E7151F48C7839DC192C80A50C79F39
:10631000F499E82570D7E90EFC7FE34AED060B34CB
:106320004CCBE2E72C9CB947CE6DF9BCCB67118012
:106330005DDC7553F96E86EB9931DBA26677BDFCA7
:106340008B111A69639CC6EF15E12B6D16AE0158CF
:10635000081D131BC59852CBEF04506E8F4B49ADEF
:10636000D9B8280D6AEB90817F267D59FE7BE9D74D
:10637000D2FB4F5833F9F89A766FD5C663749F15E0
:1063800005AB7A8FEFCC67F8E63FFAF85E33185723
:10639000575259034F30D9810C55ADE35955718A85
:1063A0003B0A862851637A7564522E8BD79B1364FF
:1063B00095E1BF7C0B7C562D44EE2992668782497D
:1063C00050A4007EAA1AEA1E8166131BED83C6A0A4
:1063D000715F1B3426812E676B204F97297CE43A2E
:1063E0009E325CD63350259D7518BFBA319AEB9713
:1063F000D5E8788DBBF199CE1AEFA4760CCEDB3BB5
:10640000610733719406F8493C5EACD64B22BFA9B4
:106410001805BE508D479AD555781FF8E573B68399
:10642000BD2E06B51257F9303D6FC7C11FAC808A2B
:106430000FC3BFA501EADBB638D29D26193297EF0C
:1064400062306487D706DE9144A52253A4895F4158
:10645000D2F0BD18D30DC8C00CA2B8B9C6304EBF1B
:1064600069F9200F2F85F1DEC37E32A0CC268E562F
:1064700065DABB8DE7ABB6DAB7DBA780F03F00E1AA
:10648000DF02E77FF99C75576F1F58D1FEDA63F37F
:10649000FA2EDD67C522976FDE61A51E755879FD5E
:1064A00046D30178EDF0D86CAAD4DA3686ED1670B2
:1064B000A818A171976E898ACA18868888BBF54A80
:1064C000D5C1E0863C67B75AAB3406EA48D349A841
:1064D000988AD424543C028D824B4242846D6805D4
:1064E000B4C41E30A680EC12E78BCF075DCA2CFF28
:1064F0006C2A1FB761601626A0DF5C023F621E2E69
:10650000DE73D0D8A1E61FE910FBC5951DA396F355
:106510008D72BAC8398A3B5AB876F111504BD45FA4
:1065200057F44AF7424DF212695677719F38C5FD0C
:106530004D655684BE61D7A8B374156A9F29A8E734
:10654000CAAC5A5A6F95A8E7713E37FEC0C0C89CC6
:10655000818AE83C8FC7F81ECE3B6537DFC2331314
:106560006B2337FF72F74CDD2BA8D76CB3F023F603
:1065700042B08F596EB6504616C3F7FC67A4D9DEF9
:106580004FFC2D46945D9316B57E6D401BD416DBF3
:1065900089F21350EF6FF6F83E61DEF731BE07E780
:1065A0008EBE95E7EB45E827F1CD8F681A5F5DBD9C
:1065B00012B57D56C01AB6EFA4703D0C6AB806EA53
:1065C000DC7A334D97C029B79AEFD833109197E40E
:1065D000A835622DC9A5915AF84DE27972D5FA868F
:1065E000D2632F1B58076D68D944ADDDC58ED349E2
:1065F000632931692C1A8B892E3669B8AC91E9FE72
:1066000070F53CC53F26B9AA2714AC94304ED71C70
:10661000A05BCCCF9DAD85783DC4BE319606FD6EA6
:106620002BD1BD088D7C4B816C29A70D2A864ABDD4
:10663000AAAA57BC87E7D342D536A4AFD2FAF8B698
:1066400006B1D85A312093EB783644377E278548F7
:10665000955852B695C326AE7F0DD00C496237C30C
:10666000552A75677AF391F901DDAF80454E99CFD0
:1066700032983C2273BA7BAAE69E0CB2B7D5423759
:10668000433E9A693F23F998CFE8523A153C3BBE06
:106690000B6AE297C5666531F463F10BC1F7FFD071
:1066A000CCBEB766F2B3743DBE66F1231978E591AE
:1066B00008BD3770E7E8588F13B0471CF16AD4CA99
:1066C000183D768BB5C288CEF89E01021938437703
:1066D0005996C4F416B356DD80B8B725E3A955F72B
:1066E0008439678108FA8853A8F7D8312AE83DF041
:1066F0006CC9A8B1B6124B8926B698D84A205B60FF
:106700006D0C787CF3911A23746C2F62235DC63B69
:106710001D990466F1623DC2B371B18E730E4BDAFE
:10672000168C452D6D3C3DE63A2B4E55EDDE235C37
:10673000EBD18DEA3DE0A146C551D11F3C1EEC9244
:1067400007E5DA486DA426825E919F0D006C3F75C7
:1067500086304FEBBBAC56C5FE37C4291685F74CC7
:10676000469986C8EC39268A848017A7EB92C3EC39
:10677000EABA68B7BFC11D589E324466972E3E2BB9
:10678000F72A2DD15C566284915B9544EB0B7529F9
:10679000788AD680B6D67B465C0A2DB583DF0AEDB3
:1067A0009FC3F0E435B1AFED57BE4FE4EB2A18F9C3
:1067B0003A1E5FF794B9837CEBD3F563ABA96E67A0
:1067C000D81981D163678D3967C48EF3F313E2E082
:1067D000959BC173CED2924804AADF4F9D19C8BBC6
:1067E000B591217D20B8496ACD63907733468605FF
:1067F000AC223D6324C15D45ED01B6694C01DF2546
:106800004E77D240D69307A2B4FB183848D74872C7
:10681000C2189B8FC9E8A3D1A561A723CDCF6AA9D0
:10682000B7EBED93CEF5D4A757CE39A864DCA78893
:10683000744BBDD8EC12C6E7011A558775740C6D00
:10684000F13AF324FEAE415D3BFCC48F4952AD2FBB
:10685000420D5F14592201BD05DE0DD3F05937DD1D
:1068600085C85928AFF632197327C6DA393EF3873F
:106870007477B96A51BB6E0EDEE5DFE1F2DED36EEE
:106880003C4FB7CDC218BD6A349827797FF3017B9E
:10689000D70EE811792B345A79545C4D5C14BB8DBA
:1068A000E1C451A198048CADF6F5501272F3FF25A6
:1068B000FEECB135B19F5DF1FC797CF19E7FC8376C
:1068C000E229788F2F302DDB7358E55787535167B6
:1068D000243597EA717C568B2D5EC573A6EA2CF49D
:1068E00023718AA7DDECB288BA45D05B0CE961F56B
:1068F000AC55AC16AB8B50F16E2A592306F510F649
:1069000094A396A063477292D55813A0D72DCE7743
:1069100031C1350CCF816D62C0D5319BF2FC34673B
:106920000D64C33004C8DA02C5BA2AC28E5C3D7257
:10693000F5C1950FAF3C7DF5C3D43B30CE39E79C14
:1069400093C07827E146EA5288C8401857E3E9E83F
:10695000AEF0395F4F8F1A56032A9E8A77879EB40E
:10696000CEC378D37ED7FE85F30BFB17F649CB3D1C
:10697000C3769280A7D69748537019A250A93E6B50
:10698000DC0F4D69CBDAA08CEE48842C7B38EEAD61
:10699000D1F078E7BDB29B773DC7E55DF36AE69934
:1069A000997316817283E966645476404F2A0BA16D
:1069B0007B0D7D5280D5B009E9B8B8DB3BA8754A9C
:1069C0008D64AB3D064EEB6DE0FB830373FB8FF7ED
:1069D0009D3F2FFBE6F91EF0D09C6FD9237CCBC6E0
:1069E0004652C3CE5CEA4E6AC469B103D68833E727
:1069F00044AD24BDE33C7D390275EF2F9CC3663363
:106A000044E893F0AF9905EDD6C58F5CCE19765565
:106A1000CEC81993A414323656BC823E0D1A16A065
:106A200032AAB126D92630C5B1682CB9D70466E39D
:106A3000254E79D2D886EBA0E7B1FC34CC3D96CF79
:106A40008E3A73571E8C8A636DE9DF5D1971DA2007
:106A50005F9C75F0E4BB95C410D4AADD30385BCEE2
:106A6000324F17758CB9B8946B3880AFA1AE817175
:106A70000FC469F0519043515FA0279C21B27EE181
:106A8000B459B3ACDE7AC37EC3C16E48B39A2182D7
:106A90005C205F104BE8B6B602157F9BD5A3979F8D
:106AA000429E0F28EF407A1DAABC667997CBDC7511
:106AB000E330F7D7AFF3BC8B745FB7F2947175A571
:106AC000C83332FEE47920CC94C5F06678A97D13F2
:106AD000FC563A31192A10EF874BD862FB21926994
:106AE000BF0F79F89FA41F02DD1F7CFECCC213F9F3
:106AF0006E3CCED75330AF86DC939AC7BA81EE1A7C
:106B0000D01D76F0378AF13963B400E5162BC7B093
:106B100093B7C3F0B48493E66173874DCAADE6754D
:106B2000BB156A8D62F5D00B493A620B3A46E722F3
:106B300075CE9982FAA8D92AB18AAD1A7BD328B624
:106B400090EE566213065CE1F3A50477D389A9445D
:106B500097817A05ED264AEDE1D483D1B61B6FC249
:106B6000783D2D422499837759AB8D91FEAC934BA0
:106B70006085EAD6C078F2835B159572EF9C554A22
:106B8000816CC025ADE26779BE01DDDDFFDF0284E7
:106B9000A33C1F0FE3596A9C36C46AA35BDF31EA4A
:106BA000AD6EF0CDEF3ABF7076D92C50BD2FE1DA43
:106BB000834570635DC11E7D84E2ACAEEB9AB1EF9C
:106BC00028F28AC8ED66889E676E732B5EAE58B752
:106BD00062C2C8CC7D17E78D1FB1E7E1753CAD00FF
:106BE000382D2771BFE1B878D8E9930E89FD52D4CA
:106BF0006852AE49879DF1109E61FAB6F8DE9E8715
:106C00007E645E70CF5D7D1EDFA23DBECE01BE50B4
:106C1000F3828677466753C310971F5CC1D88CD91F
:106C2000F7AC9D33EA2C9F75DDC93041F599CA5503
:106C3000A697A8F590C9D27451BE64BD03B551930F
:106C40001CD11D4A70872DEBB1AB753CB9E8BE3243
:106C50006C9798B5A0DE62F0743890AC4B19CF02F7
:106C60007033F1A4D1C43AD96022EAAC5D6948BF5F
:106C700071E3DD9BBFBCD976A33C7D677424D5E26C
:106C8000E089A4D3C6B2819DE86A8A5EBA9A574564
:106C9000C5FC5C0FE45BA26F6B2540715B73396FC1
:106CA0002BA57AA9A7677C250BC4314E07D4837C1A
:106CB000F13ACCAB3C24BD06755F895A0B941B405E
:106CC000C55829E1ABBBAC1BFE4D4B244AC3419FC9
:106CD000BA42308B431EA6F91ED5032A7A1A762BA8
:106CE000A37CFC75158A8A2DDF7FC5C42BAAD975B4
:106CF00060E779C7A38716113FF1B189505FA8D724
:106D0000DFE02C86C7A432A7512C618574B6BD88FC
:106D1000FC95F0E327D0DD5FF3FC24BE0BC666A232
:106D2000087ED7D576C4716BA4CC15D74323DF9DDD
:106D3000D1A81375CAC7CAAFAEA5D05BA176F0546F
:106D4000415C9B31C3CEDA0F52D53A9E6BD26AD5E5
:106D50009BD8BD6AB52ED9E7AC45F9D00BB7846A8C
:106D6000FDC8659F89772ACAB06ABD488F5A4BCC47
:106D7000B123D696516D31BBDA42B2C898F385F88B
:106D8000DC0F35D222C4E5D52BBBA36FDEC03D445A
:106D90006FDE281FDB1DC5CC9FEDCDF64E1B4816C0
:106DA0003FA2D3C275CF937C66B158C7FA08FBD017
:106DB00025BAAB628CD1A59CECB2A75F546FA91A1F
:106DC000E08C715F5BA91AE5FACDD3EDE157E43DA4
:106DD000ACA33A67C13DEF1A87ADDDC4BCD405351D
:106DE00054B78E11FCBC15054D9F0465CFB1161A22
:106DF0008894460211A48C334677BCDAE888D76FB2
:106E00007663F5794BE49CDB5CCF6CE663B51BA144
:106E1000F115D4F079CB9D617CD71E523AC9967694
:106E2000DBDF21AD2627243FC1F5965D4A8BD14497
:106E30003E09D51B9BE11F83D3FAC163845FF5D65E
:106E40004C7E2E5F4EF833111A08A753DDA9B52BDF
:106E50006B576653E563C33C0363FE2DB33E4C3D65
:106E60007D154F87BB64975F6EB136489DF9F4E599
:106E7000327301E8BEEB9C04BAC3D6B84CF4223599
:106E800067B4C2BB00E7041C26E8DDF6AC13B1AA68
:106E90004D7707E2A6812708BBB119FC55EF566F65
:106EA000C4D9197DE7E6D756916CDB8DDDD168AA90
:106EB000D4A9B5B713DB908991AA5B23215BDC7A57
:106EC0009764382FB808B534AEB72DA1386A21437E
:106ED000E270F5CBB54AB71597B4AB641EA5F17453
:106EE000089730F8AC16DD1D3DDE7584CE51A48CBC
:106EF000FB1AA7F8BD43A7945D03BD18763773DA74
:106F00002E44EE7A6B881DB614538CC3BB01FE0C65
:106F10001F70EED1E7743723377037B57BC067BD7C
:106F20006EF10E8759EE513EA05DA02C5A0F8C36A3
:106F30003EAFBCC6DEB0EAF441D2A524DB07212275
:106F40002F81B7EA8328BD093A6E718E93E9F60264
:106F5000F23DF1F15539F935CF7F80AF91EF72E015
:106F6000DC3D9EB69EB9E2BBBA7365082AA286B123
:106F70000660DBED94835BBD936AB15B6C8CD0E8FB
:106F80009CCFD965E60C4DD2070ED167286AF892DE
:106F9000FDA1D3143CF4C2269986A80C64555C511B
:106FA00035C33A80B6CFAAB5866D6226812EC37BE3
:106FB000399BB87E6B313161449C952BE76E7C78B0
:106FC000EBE9D5A757CFDD281B9BBDD29DAA7596AF
:106FD00012CB89EDDE126BC9AB96902E76B608CE39
:106FE0001E52AC92B0F6DDD426940D85C17BA898D4
:106FF0006B17A996F248EDC664E499D5386135CB94
:10700000B51CE03AF671C610A755640C94C16D71B9
:1070100077EDC5EC591D7C171364DCF107D5AFD1B2
:107020000D9FE15D2050DDD364CDC03324DEB5CFAC
:10703000DBBF745EB7CE9B3B1428475AE031A75F95
:10704000F7AAA63DCFCC73ABDB776EE35AC6D73D2C
:1070500017ED656254700357377AE93A5D9097DB14
:107060005FF66FC7C2CA09F0D1B72AFBA46CEF6400
:1070700068ABBD98CE00F557C51F3EA173F5D9CAC0
:10708000C8E3CB78F64BB81EABD961A9646A9ADF26
:10709000330EE76B861D8CCC517B15D4FB66BAC5CD
:1070A000EEB12FA52E3975A0CAEB0EC464AB5A1DE4
:1070B000B1EF40257C2298A1C6D8874E87BC2E36DA
:1070C00006191D04BF9C03BE1324C3A699CF6CB13F
:1070D0007C26D11748DA66D60C3F8327CC576F45FC
:1070E0009CEB37D4D56FACFEEED61B37EBD34E2AD4
:1070F000E294D835F676AFEBA097D16FF159862E92
:10710000745BCCED55F28DB39C2F5FC50135538F69
:10711000136133069E2BEB52CDD345BE3C32C335B3
:10712000031E3AA320A3ACE2537DBA3B3CCA30EA2B
:10713000B8965D15F700AF61DA4397953029927FD5
:1071400091C22ED612C92A23BCE751AAB6D987719B
:10715000E6013C9C68FDA3FD86F5A1F54BBBCD1C6B
:10716000D60391AC5CA7F6F0888D730F47783EE6A6
:107170009E39EE2A146377DE792163714FD52E672D
:10718000D1C2D5023DB446690AFDC45FA4ECF68EB7
:10719000556C8498429443F26C6231844E6B3EFC91
:1071A0009AF823E0F93D5EF7FE21EFFCACF805719B
:1071B000C2E56BB8111A067759DD4E36510B8AEBD2
:1071C000B67B2022F7402DB2962AB5EEA41E80D3BE
:1071D000CAF1F3E1EA2C3C5DEEBA7D093271B57A71
:1071E000DD8EE9698631FB5810575205CC0C38EB1F
:1071F0007EB94F3E11AC351BAEAE3983145F997327
:10720000569D622B0C7F8B93BA74F3E955E3EED352
:10721000B72FDDA81BC39D113550835703DD2DA863
:1072200080A106664BBCF21DE05CC34018EF44171A
:107230006302EF6363170B065F8B37A04D69AB09E1
:107240009C035ED26AB9BF7255BCEDB1759F07B899
:10725000B3C2475EBBB80339FF1C07EE576D810709
:107260007CD4CF52DC9D3C23FBE0B1A4E0595D8788
:10727000417BA06EEA03FD66E16FA8B79BE9612B35
:107280000AD512AFAA6C7C800A216267645FA447AA
:107290005D83483DA7BB6EDAED551E7C9677CFE83F
:1072A000B75EF7E8B6F19A18EB2D705AAC9A6C8479
:1072B00033B133D26278B93D133B2E0E27C643312A
:1072C0003E8BE8B4DF0EBD08D5D2F7A5EF7D4E5F4B
:1072D000F25B7B749FE57C17F77270D88EC16FBE2E
:1072E000D95E4E648C52F0C8F8E8B1EFA4D6527360
:1072F0004E80F7355AEC0C6B810C9C33987E09E874
:10730000D6994591111BEF67714F5C240CCF1A334E
:107310009214C7A6D2636F9061BB385E6C46AC6DA9
:10732000236ACD188C86698975367DE4B67AF7D3E1
:1073300095EB37EBD2337C3517FA2DF4D2B8230214
:107340003D347AAD01D64941B9F008533F1F853A23
:10735000F63770A6B0481774F78AFB5FF0C4FE21B9
:10736000560C317A4BD952B6956D0DEFD2E06A3793
:10737000ABE1155907F48CE2F3A8E6350C34233E53
:10738000B50C868F8F1CE1CCE1EB3304F789A12685
:10739000F1242EBE5640C7B5743EB595D6E9CB0450
:1073A000FC74A24487CA49C59ECE2E45CAEFDA6F47
:1073B0005A6F5AD8878EAAD3C1D208EA784EC758D6
:1073C000ADF058DD607A91389E8FCC7937EDF2E6DA
:1073D000319B2BFD08BC97AA4958B950B9FD7ABC1E
:1073E000FD137FBDB3E0AF56567A4F8B03DA567B61
:1073F0008D3211FAAE7855FA9ED7B9FAFCF8FC0531
:10740000B18FED2B183BD171A7C41A6449239BD8C7
:1074100036B23090EE5C0A23F3EB63BCEEB5B133C9
:10742000E933D15D5D777CE626396BBD70F98E5D01
:10743000ADB658FDF20419B1A356D6C0959039A344
:107440004F7E906AB8EC58C5F16AD3B1B7F1846643
:107450007BEDCA5FAF7E7BF5C39BAD695CADC79C1E
:107460006A1BCFC3DB30F0B49D093601643B607406
:10747000B2E3F4382D80715BBBAD9D565EC1419E79
:10748000975F215F958F92A3E40439C3479F32AE83
:107490006CC2E82745FA0CBCEF26F97A7854F03232
:1074A0007753DB9C6C4659E65EDAE712E67C3DC218
:1074B000911CC941E45D2683785F07B9890F7FF08D
:1074C0009A745F9A9796C81459228532786870B575
:1074D000511A23B8B7374756C88C3C2D6F6BAB1089
:1074E000C14E5AB510CF7957838FF310AB91F12E5F
:1074F00030CECA989587B9EFF2BA58964B195DF419
:107500001A67EA763C5C35AF7177CD6787F9EC6135
:1075100035794AB8DD301F5EEBBD56D96C2CB77794
:10752000488504EFCCB3112E562E4A2188D29FDD18
:107530000FBACF17D5FB05A18FEFECE41A46054330
:10754000F5D28567B0B26923032360014DA8887C1A
:107550005011CD397752387BA48C61B7F1BA7309D9
:10756000EADC62F512C4EA117B819C08CE409ECD14
:10757000B0189F4540BE13A4CE8AE9872F0F59113A
:1075800013EF12EDD86BA96FAFFEF2E6A7A33E6B27
:1075900015EF410B79184F00DF30C65907EDA31DD9
:1075A000B491AE6BB7B431CD567005F0DF4B3F14DC
:1075B000BF257CE4BF59F95EE5DF54FE4DC55F553C
:1075C000FCA8E26F2A7E54F9B715387E54F9633E61
:1075D000FEC9FF1F8490D82EF68AA3D27A68924CF7
:1075E0000213BC83CE3467BB0C2303639B13CE70A2
:1075F000D6C8364366485266722359976CF1EBE25F
:107600006FFC3FF7BF5A0EA3E2FB15AF56BC5AFE04
:1076100067E5DF2DFF71C5CF60FCA6E237FE2AE1EA
:107620006FCBFF41ACAAFA897854BE27DD06F285FC
:10763000414284E0149EA7474BD511769D5E07DF3B
:10764000EDC6583E9368FE0FA05C1ECFCA1919BC48
:107650009B8A2A6EF034DCF6488476F36F3E568BB4
:10766000A05CAFC365E21A8FA4B618CEC6E625A209
:107670006C81B3EA90861344F9AA1037BA3424FC1B
:107680003DF1F139DFC7E2B380FAED670BA01CAC26
:1076900083056B8AE7B719D02D6898622772043486
:1076A0009A338E5C7D900A5819265E0D5859D0C9C0
:1076B0000854BE907721423F0D74899E652782E071
:1076C00091CD1188DE319A85082DE81BE48E930157
:1076D000E6A5F1FACBCC4EA65E58FDEBBBE7D33E58
:1076E000F8338BF46167C84E3B61B3C91C6787E808
:1076F0002D204A952F931F885F14DEABBC5A71B5BD
:10770000FC2AB0FC97CA4AE135E187E2C7D26F4351
:107710005F919F27AF28A79533CA45ED15655E3B5E
:10772000AA1C254F917BA151910A21E1D795BFAEAB
:10773000FC198CB72BFE41FC897882E07DC007954F
:1077400025B2CCF96639DF6D659AE49415929607F7
:1077500049582E906D60FA83CAEF967F13C66BE589
:107760007F5FF17EE5A9AA31695D2A08DE0782877D
:10777000E4E3B21F74EC0F36053BE5E3C143415B24
:1077800078A9EA14FC5D5FAAB2C58F2BDFAFFCE7D6
:10779000CA9F5750E19E744B6A9427C920C19380B9
:1077A000F89C90E9AEAB7BD3C2AA488C8FE8D3C1DA
:1077B00065125047D4FCFC92EB95F7FA1CBCF32100
:1077C0009AE5F9BE96E1F6A451F3E7AD9C36AD55C6
:1077D0002BA72A6B12FDA15B953BBDF3A10271366D
:1077E000B1D47E416A5206B533C0F5FB501DBD28A9
:1077F000BDF807F94EB03E7E078509B6A9614E2354
:1078000074195CAACF3C0B51197BC82336769DA70F
:10781000D9089ED9660B6A96BD05B15A507BEC1704
:10782000AEDE719214EB203CCF731A7E6E049C5630
:107830004CC7D339579D6E784764D80CEDB61DE719
:1078400085D59F7ED47AA3D99A75707540A17E9113
:107850007403DF5BFACFA41F555CADF8D3F23F2D64
:10786000FF8FE556C5B7C48F432F115B39C46373CF
:10787000016DC20C8CEE19B330BCF7DCD1E3BC75E2
:10788000E3CE9516F0F1507D81C32AD617950EE50B
:1078900098FC41E82712D2AEAA7ABBE2EBF0BB2FEC
:1078A00090BBC8349FD373C83410EF2205F298F40C
:1078B00076C5B3E51F157CB1FCB58AF7FD2F0BB774
:1078C000A54EB2AD75B335E3BCF58673DE3E129FAF
:1078D000E3774C4B82C27304A3EB9CDB0101375D61
:1078E0004A6B202EED24B6B44E721C943C2A7DB90E
:1078F000EAE71572955CF5B30A5BD8260FA8625EBD
:10790000D25D8562AC46CAE2A96588F8DB4A5DE4CF
:107910002CD44EAE8B3ECC23359F7D30DB0ED4C4B1
:10792000AE872EF7AAA7361EC767946AA5336437B9
:107930008C87777B1BC57E495032ED67C4D3E24903
:1079400007D7F2D8D2B3C2DF8ACF082F8ACF0A9FD7
:10795000AD8D5CBE4097F64184EEA20B504B2E28B5
:10796000027A1715336F8F85DA6D81BA366B4CB397
:107970003967CE293593F4F5AB482DC3D0555DB2A8
:107980001B795C1620FB0EC377093A120E98317DE5
:10799000D6AEBFBCC5C2FA20F8AD186B4BFFEA6E7D
:1079A000DD98602DD98376A38E670AF6381B5ACEF0
:1079B000F96AE4FFFEDFF4F23FAA7A5BEC551AD9CC
:1079C0000254C3FDC6040EF0579DE09D07806DFE76
:1079D00011E384D14107ECBFBBFBD68DEBA9B3CE3D
:1079E000251827ED061887ADD5C4AC91D5969446D9
:1079F000B99A7E352857BD5DF9BEFF79016369A745
:107A00005C484E4B5F165EADFCEF87FFDFFFFD8BE2
:107A1000E5EF57DE0E4D83DFEAA16DCE2F525FBB3F
:107A2000FAB5ABDFB89A1AFBF3ABBF4B9DB7B1BB4E
:107A300051287FFD4F9A64219821B84E678462E7F0
:107A400072CD40B7364DCEDBA5502B47D559FD1C26
:107A50003D0BF558335D3126142A8C0A5F39320C00
:107A60007E1973EFFE5A77704AA7A2AA3FD8254F16
:107A70000773F21C3DC267FF1BE2AFBB74E3F92E34
:107A8000D6C13988366F0EA29CAFE0C215004932CC
:107A9000112E65023921326D3769576C861F24FB20
:107AA000A413E2315150AE852A85ABD277A15ACAD0
:107AB000D3CD675FA40BF917F21EEEBD3FAE2F28A2
:107AC0001364816C2845AAA023BF074E00689EB5A9
:107AD0004740C301EB3A28376025698F75E4F29C73
:107AE000B3A924E95B63E25507B4DB274FD33B4ED0
:107AF0008C46AD166B990DC215EF883E64ADD86902
:107B00007BC52E315BEC242B1FFBDD8D8C93B48F5A
:107B1000995BCE386BB6C3346AF729CDD621F59977
:107B2000AA51ED9F95A7F413D48D21D86F59E48FF6
:107B3000495E21B9F5913B474840C704F84E1B4ABE
:107B40007A04BC80BB2EDD1D65D661ABCC2AB7663E
:107B50008D667E2247B55E40AE49AF885FA9FAB810
:107B6000F24B557F51FEDF0B9E29FF79E5CB620179
:107B700009D059E3A4FD8E73E4F2EB575FB8FAF431
:107B8000E50FC1499CB45AE1F73CCCA2E0974BD534
:107B9000AF085FFF93E3C14288AB3E35AAE2ECC376
:107BA0001C5B635015537796628D1D36EBCD7AEED4
:107BB000B6EB689412D2E6CC1A7887CC172EF7F081
:107BC0006E86BB5ED2DD6576873605E7C55810A3A5
:107BD000C11DB6376BE45644BCAF25F21A695FC3CA
:107BE000E57B1AC6951E6DA64F0D93B4365631D55A
:107BF000BE1DBB5019515662C54AA3785C4CB7C72D
:107C0000B4ADF04520FB17C2AB4FF056383A80EFC9
:107C1000045422E3A443EE07BEE330883E07DA2D86
:107C2000527DE630B8A72C2B5247C05D618782D3C6
:107C3000B5716630A64FD30DA55A6740183BCC18D6
:107C40009703D69AB3CD9AF46EEBF0D08AED00E1AB
:107C5000B2A188D9A4C7A802F5F34ECA375472B9A5
:107C6000C02C3063907B87A1C23E23BF22FF407CA3
:107C70008E7C403E513AE88691BFF319729E64387B
:107C8000A784F3C05DFCD10519031963F6481AE80F
:107C9000F418E32B62F1FE1914EB323CCD1F57842C
:107CA000AD19B5FA10ABB7703E7F502920A3D2733F
:107CB000E26F2BC724BC6756ABF58EFDC265F5F2AB
:107CC00037AE7EE89CB3EBEDC3E62CE7D6AAD743EC
:107CD000050CB99A0422DBCA0F2A69D57DC91FC4D5
:107CE0007574752ACE20CC417534C7E65894413559
:107CF0004DEBED21A35FE9D1B12352A7E7941D2DF0
:107D000067EC2422F41DE75DE74D1B9DF230757B87
:107D100016BBEC0E3D722A2C9F16BAF83AD2A8EE8A
:107D200056C0BCE3E1B92AD1CA773AC4BD2E35FFAB
:107D30008A815F3DCFE79C724A61B096CEB43782AC
:107D4000839E692F26B7FD05229E7CD8A4F48796D2
:107D5000C31720FF7EF731F57A0A16D0B91E07AF98
:107D60003B4936958BF2B8DC27133DCAFB4DE0A1A9
:107D70005916468CF6D8386744F411FBC8508F3535
:107D8000415AAC7F4C1FB98C31FC50B05A3D0BD5D9
:107D9000528CC674C8BF6C99355C06D53A69609B35
:107DA000E163DACADACDD69D54AB3D6C5F1AABB550
:107DB000E6D93D567379D3B8484AE0FB8FC95F14C2
:107DC0006C658C1CD5FBF859EF58A3A1975F348ADA
:107DD0002DAC833132BB74DD55B36E6783B111278F
:107DE0006BE4D7B797F087DBB3C255B201DAC3862D
:107DF00018C46DEBA435CB021043C350BF9EB47FB3
:107E00009782E160C5BE0A3ACD29653A705170B8D3
:107E1000BDAC24C92801A88707C83315A784FB92E5
:107E200000FE3AA7B4EA7897AD16D4301FD811995E
:107E3000824C7C3E35CCDA6CCCCA3EBD0534BCA449
:107E40000D197F3EF686B3C6F0BBDC99C035B66B24
:107E50001C39F529F5079FAF6A22B82E6F987A333F
:107E60004C9E67E63D6A8FAEEBAE8EEC69F788F507
:107E7000C078D31AA6E0B82CC50417A1E1D9B44341
:107E8000898DF0686593D42FB518E3A1467123144A
:107E9000038F7D5A7A5178B4EE75D5FB91FF0C6D46
:107EA000D2CFC8C7820BA0DA0DD211246AC0ECB1C0
:107EB000985E1499B35B2C9C2368B17A90A0DE6223
:107EC0007D0A31BA50C54A58BCBA40AAA1E2CC8258
:107ED000FB9A06FEF82EC8828697E9AC7DF2EA2A64
:107EE000D76ED65E06BA19BB7628E744E1CFC2D971
:107EF000FDA415B616214A77D98D54309BD4D3F200
:107F00007F2A7F5F3A1E01BE748391BD594377AECD
:107F10007009548C113ACF37CCF79DE1DC02BCDFFD
:107F2000120CAAB0126FB81DABFC88D26DC8C32565
:107F300014D7D9E15D47AF433C7DD769B07A8076ED
:107F4000569B5666C071CD00CD0C38A89CE2F63F1A
:107F5000A6E0332005157193FC6715D7C4C26011E4
:107F6000782C9F7A16B234762CD7D808FC4938235F
:107F7000D8831D4EFA2031640C33AC9C713E794598
:107F80008B91DDC437C6CED99304D745AE315C158D
:107F9000CBDD70FC925EF8C2737FE22749DEF170A0
:107FA000678C798E3ED08176E791F2334BDC5FC7E8
:107FB000456F351E8FDCF14F8D9C2690A8D11F7A1E
:107FC0004A3C24AE377CFAD631A931B4109A6E9F60
:107FD0006A9F082D84FB42CF08CF08DF14BF0974C5
:107FE0002B91AF47F8383D14EC83AC7B5146BAD5A2
:107FF0006A9DD962225D745539364DE72042F758A3
:1080000085E09F9EBE7CC9992751EBCDB1B6AB02EE
:10801000446C88E77203D44B83142B29B8EACB74E1
:10802000D8DE6625F1594FBB490B3F2EDB19278E51
:10803000E7E4E3FD0553A5974B2F77DAC7AD7963E6
:10804000C9DA605F97BF59F1BCDCA976005FC12C2B
:1080500084E8BC95C099FF4DCE769267E1494E7792
:1080600090E57716E25E60DCA300DA05B238F3BB78
:10807000A5B9B3BEDBDAB6B2D77B56714F40DAC0D2
:10808000B91E5C85E5DE75B45A66501DC5B037452E
:108090003863920586E8B0C16F4590548E00DFF2D8
:1080A00071CE1788AB7CD6908E50A48B9477419F6D
:1080B0003EDEDD3C99DAD6CA2DD02B2BC3AEB636C8
:1080C0006B9C77F0BDF6AEBDCBCFBEE21ECBBC0E37
:1080D000B1DF167E5D1106871588CC797D0EF131F2
:1080E000BA79CDA2EB3EC9D75ABA3594DBA52E0793
:1080F0004F8FFB5F92A45AE9904E5546B44FDF5A1A
:10810000F7374A172AB3B180D121358A9DD264F856
:1081100029F97BE21F5521DF7FF13FB3A7E13E72D2
:108120002878469E661BCA532F6C901EA01BD3ABAB
:1081300021F3DE814A7681E07D6720BFEAC3BCDEA1
:1081400085AFDB6D57D14B618E466F2DA851ABD4F7
:108150001474AC89779C9AF80E283762E69C9C339D
:108160000374B35CC3CBF6945D7A39E36C31DC1FE6
:10817000D8E35C4A8FB3FB308E9BCF91FFA7E01F03
:10818000C4E75FB8AF9C96B187C9EC42608C9DCACA
:108190002DAEDE2D4E17223473E78E629081AB0F29
:1081A000F02DE633FA5B8AA7615EE5E27599DFE5BB
:1081B00001FB1C4DF24E02D7D51406716C481BA171
:1081C00071099F0932919332D640A85E64EDC3D9FC
:1081D000421D3B947ED0EFB8B821817F567C38E7B2
:1081E00000F1D68BD00C9F41FCE56BDC0B64F454A2
:1081F0000D5637C4E83ADE995E56665903B8BE6D2F
:10820000A8BD4FF25EE30E3D199922DFA9FC92B0A2
:108210001CF445027C45407E65E5BECFDA5FD9217E
:10822000BAABDF4D77A5B45B2D954324F0F6A919C1
:108230001925A934860E898BE1E3E23DFF9DDE1A04
:10824000A5007C56A37448EC904A948D7015C4E840
:108250006780EB7E84EE04BEA3E282723AB841A24C
:108260009CEE84DC6261EF6201AE3DD69C5DA46E43
:1082700010E52AAE720D986E644E422C9E203EF39D
:10828000BA3345D12F979A782D1B2A035795B47C82
:1082900043597BC69E86917596F975C9DE7206ECC8
:1082A0000556621563BFD8889953D6A2F55BE5FFE2
:1082B000F3FFC78A436A41E4B4BCA144AD66ABD8BE
:1082C000144CBFE576A1912ECE324CF253D3065911
:1082D00017C579DF987728F6591BF95673FD167B79
:1082E000111AFBCE2EE36D1E735199CB8A5F6EB0CF
:1082F000B7353CE9033B8EF3D23520B7211505098C
:108300006457502D2898D3557DB8EACEE51B7CA63E
:10831000625EE27C89CB17B4EBCE0CF3180D1A34F5
:10832000D658A98A7B251AAC29826795F750FEB3E7
:108330004A0BDD35BA0D5C55F0C0B8C3AED3D54895
:108340009DFEB3CAEF9437C953B22FD2A2BAABDFA6
:1083500051D7E58F44E635B6EFAE5C475D6EE6E992
:10836000F218ED9D03F0C0F0A9D5CA31F136A83757
:10837000A965B4E3628DB2153E24E05997D552B198
:10838000722BF405E119F1CFC42FEEE5DF7E7EE21A
:1083900067D6382D07CCA845D471D917C7BBE80AD2
:1083A0009087E7A0929D9787ADA859AC2681E3F905
:1083B00031F1F2345D207D7286E18C50166A6241A3
:1083C000F7835F9E050F95CB3B2A506D92D39DE6B8
:1083D0007497ED6D67D1EEB4C631C3EA7ED5AFCEEA
:1083E00058D3D66DFD8FFEE44F0B65E5B9A01D1C7B
:1083F00023D3BCEB55C2FB98E89E17D9961BA1610D
:108400004C79F119B36F9853AEA6ADC017F36F8DC9
:108410009E5F99B3C4BBCEAE76313E2F2BA52ACE3C
:108420000726C91444E62D6D5DBA20C0106F4B0BB2
:10843000C0AE10F8C608F2C548CD3BD16A20E2F6BE
:10844000A60B802F6A5D9067488057473D9EBF42CC
:108450001523657CBE46C19D9365AD8B9CB4EBAD89
:10846000068B9FA7A913B914DE533DAC87B5D0196D
:108470008809B52F7D45F83F0BEE8919791BE2FF7E
:1084800088EEAEE4D9F5A8BA0A150F44E283FD0DD3
:108490007775C79A97811FB0596F75179123A451AB
:1084A000225A367654E89332ED71EDB61F351C939F
:1084B000C643B6F491FF9BE21F09FBF977431B13F8
:1084C0006F49823E4FA6D8141D977B2CEC4875C887
:1084D0002336BA25FC1CEFD6D82F17A90D57DBAED3
:1084E0006E28783F30EC2E072CEC6620E765F839D3
:1084F000F4CC33C076C646F54E5BCB8E4B7789D332
:108500009D8208BD6C0FD817289E0174417951785F
:1085100056B85AF15EC527E415F50385D83113D74F
:10852000BC0B7AAD95B68BE2C55691596C2E42F5CF
:10853000BBC816313ED329AC80D13FF3F88CBB4485
:108540007185419E2FAE6BC718BDAF5E57BF4B4ABA
:1085500096FBE3809A25A3E28482677E8C8917A428
:108560007171DEE50B03EFF991E5730EF87DA8411B
:108570005F645E04BEF2FD3DBEB88A876BD8A38BF4
:108580001D10E47BC46CA149A5C1868A5BAF01CFF5
:108590005E47EB21468F8BEB02DEF96751B9279DD1
:1085A000905F2DFF66F9BC14504B23F5AA7B0E8714
:1085B000BB4FA57CBFCFECAD8B7EDD637A045EB98B
:1085C000C3AF487A2D1FA10D54F81A7F8F29502D63
:1085D000552B3EE303FF09299D082B7D527FA849B7
:1085E0001A0C8D49CFC1EFF5CF40BFFBEAFD825099
:1085F000A037CA0BDAB42140357B461E027F946552
:108600006782D3B4DB0A98137296D55F8E5A13F241
:1086100030386441277AD6982745EA1D27008E6BAB
:1086200099452D016AA4C3979BAD2D36C4158B6E59
:108630000AB9960E61D69DDAA30B9C9D25A7CBBAED
:10864000C0DAE5DF48EF55FCA82224661382795A88
:108650009D67F78D7E5AA00FB0A83DA144ED291665
:10866000810AB8D8DC7235CCF3EF00701DF44E6D82
:10867000201EDF563BE2ADAADB72B32EA7EBCEF590
:108680002E7B844BF5197ECE748EA06E6F49876465
:108690005B3C2572BEB2200B9085395D6F6E10D7A2
:1086A0007180D722D7C45781EF86540DF139C0D7D6
:1086B00075B8319A6762D6B3572B5DA26729FAAABB
:1086C0005A3A400E5B0DF683444ECB69757440BE3A
:1086D00020D8C2DBE5BFAEFCDBF21F5474C2FFC181
:1086E00008ED56CFE96E4FCB9DEB2F3FA0DD7CB759
:1086F0002AFF8AEB99B14BB2CB5FC1F5997306EEB5
:108700004E9B83FF0BC80DFA1D36191AF3F787C469
:10871000D405A9D9986E2F10C3D27109AA2370D09D
:108720008F66DF8FFCEBCA51B94F39212F03E1244B
:10873000EB82ECF8FC0BCDE095E2D6D1E0363B0CB9
:10874000D5EC06C9B056D06EA75C10C4EC99812A4E
:1087500077183808E0B0A256970E91D9298A579B0E
:10876000906D9D6D679033DDA30A0F7C869F0FC0CF
:1087700075CB2EB93C65AF2BB536338AF47E3A689B
:108780004DD91B46278BD93556D4C61D093389B21E
:10879000A11A7393B98471456DDE3B0FEEF115F4A8
:1087A0007AABD5F3CF353AD22D515DD5BA73465950
:1087B0006FB873453E3D43E6A531F125E15EE8968D
:1087C000340639F8BEE4FAAD30B8E7037C210397EC
:1087D000414C1F93BECFF9129E7F395D2054A79F55
:1087E000F53CB4EBA6216AC3EFF9811180283DCB9B
:1087F000EF8A79D89A5650C37534A34D69C7498713
:10880000B2D1DE4DD78C165AA7DEA10FB08E355DE2
:10881000F7DCE0ED6DC8AB1955BCC6F6F3AD7BF5E2
:10882000F632C1E7F8F73C30A0128667A0EDF808F1
:10883000EB94D61B0AC035C78DB0D208DA3D2E7D29
:108840004578C6AB7DBFE8D145F57EE4BFA70814E7
:10885000F90A744129D2193D2D3B10639BAD13C118
:10886000A8557679C5E9904BCDD9B186AB0268069B
:10887000CF2399623D385FC4E786FD6AC42C1BF2A2
:108880000D0D5AA85D745383D6B2A7D97DB64B9E01
:1088900086DDE703D6805D04ECC234CC76123BA9BA
:1088A0009C33C90ACCB0957406583631632C6ACD16
:1088B000D6002D31B7188E296F70EFBCC7B75ADFBD
:1088C000315AEDB8C737EF9CB962D5FCB3ED3DCA5C
:1088D000A84964FA92704AB4C546E51A68F93EE4BC
:1088E000E0B08C1ECC9B09565D8755077C2F883FD6
:1088F000AE440F867C73BC4BDD025F19E15C035C08
:10890000C9C31EE53BE0B74618AEE2C3D3B74AF48D
:10891000379C1E16A5786E6A0FED66AB89386BA67C
:108920000170DA77F8BC919B49D13DB991FA606545
:1089300084BEAB7C2F23E3EB2E6FFCCE398AF17A19
:108940008ECF3FE20ED311C620FF7602D3B14ABFCD
:10895000B214CE844F4821F119E1D9C73A931FF9D7
:10896000713CA55F247E7A862C28313A018F0D2533
:1089700060755B2F07B758DDD5211BB3F2D9B1D98C
:10898000B142F5A9E002C18E965F1FF4F62240AD18
:108990006B2C50F44F2ED5294FA94BF6242799A7BD
:1089A0008B63803F030D5B9DA0D8AC33E31C524B1F
:1089B0006D7C4F658D1978BDD01CA7FD346A678C1E
:1089C0004DADD45A36669D1A0B722F5D42BA4016D1
:1089D000E373D7DEC93A82BE629CB51D56A3EF573A
:1089E00046594FBDEEF352BE42634FC704E76C4F8A
:1089F000436C46C24D644CC4FEC52077CF59928F5C
:108A0000CEF811F99E12DEDEE3EBE3EB2B03DEAAD8
:108A10002CFC38ECA978848F16A888EF183D14EF49
:108A2000D7B49318620D769496E9582D61C515A0B8
:108A3000BB09E00C1A07151A6B9E4FE27B1A8CF2E9
:108A4000FDDE05E7E93EF65F417DBB7B49F1C40EE3
:108A50005C930D8C51C78C298D225445A0E0E3D244
:108A6000FD86B0D421BD287EF3D1DED501C247F505
:108A700002FDBEE6A7AFC84F058BB0766193CA531F
:108A8000C121A858B3A96BA450EF19EB192BD4F14D
:108A9000F7DA4706E930D4BEA7835D74CEF1AB5B4D
:108AA0002CE36C43AE05455AA8D641181E4D0B2940
:108AB0002F71A65B4E5EB95823E1776EC1C7697B03
:108AC0009C0E1A8EB39398547C97CB2E9FD1E79926
:108AD00060E652CD76809F9114B09640BD35E61E7B
:108AE0005F3A45BB748FAF5EA4AE18B81B7B9F2E58
:108AF0005EB3109971A78237AF4F0EEAF7BE74517B
:108B0000BC285E80F19C30A174900112C6FA57CE49
:108B10002061C58DCE2EDF69F2BCF0B33DBE907FE3
:108B200029A81A0863FE0DE8C35E841EE6B5520B41
:108B30001DE1330F7334AB0DB321D66AE3D9A923FA
:108B40002CA0E778D7B24E8FF23D33B3C62CEBA6FC
:108B5000791F9CBF82428D239CBBBB52165F71550F
:108B60003CB7A76FF05716727DC3C68EF6AE3107BD
:108B7000B5759384356F81E8979A24012ADF2AE13D
:108B8000AFC4FF24543EA6DEBC7E8FEA4FE987F4D3
:108B90005BCA0013E838D4C2457AA1DE6C0FB0FA84
:108BA000ABAFC80BC66CBA67CC4F6D01E7DC861D56
:108BB000BF3EC5BAED09DAA987F559473041A75636
:108BC00017E8B164681B34BC64BB542791E59E76FA
:108BD000F72233D24597055F9F849FDA8677C46D6D
:108BE000C80D3389304B6337C4164CEC842F31DC0D
:108BF000DD0B4E80EEF1E58463A0DF2E374283D398
:108C00005E61A05F7E226589EEF6341ECDBF788F4F
:108C1000B43DBE3AC6DC6B9CEF2951167E53392A0F
:108C200002DF209357E4BC7EF1FBF15A067CBF5271
:108C3000F51BBFCB37E7E55FD42EDFAF8415123DC0
:108C4000D8CF9A837C38073EEB1D23A3C408AED24D
:108C50003A690F19AB06AE1AA9031D6357EB9D14B1
:108C6000F6C7033C87BA311AF5EB3D33F26ECAA55D
:108C70008C5F9BA3AE9AD7E81AD7EB113343B0971A
:108C80005EABB73949E58C38FF9F0B40B70562935F
:108C9000E4978E4955E27781E86BD21785FD39DF7D
:108CA0007CEE75F91ED58FD17B4A81DE4407D871E1
:108CB00022D02EF0AD03F4825C630D8FADA6AF1110
:108CC000076A92DB4A175D367C1656BB437609EE7F
:108CD0000F63BECB1970C4AE1E0780F296CB8E2BED
:108CE00015B94EDA2E6D4FBBFC7BA6788CEEB230F8
:108CF000A64F814BEEA4DD4E35F3D31527E76CB0BC
:108D00006B5430334E2E914D30861558A9B5484BD3
:108D1000E24BD45530320E838727509D39F4AC9DF9
:108D2000C6931990B08AC375CF48D865BB9F7F3171
:108D30003EE39A0C8CCF2F092F896330269549B2D8
:108D4000BC179F733C96BB113A493EAEFC8A80FD2E
:108D50008D98ECFAAB1E2F4223D53AEFDAE3B969CE
:108D60007C761632E375761D2ADE1859039F158727
:108D7000883CCBB09FE5909CE6834C5C42878C6E30
:108D8000D666B7D03B3C32A32FE611DA40BF74C49D
:108D90005335CE24715533379AEFF2EB309B63E5B0
:108DA000D694B29B28B705B2DC3EA8DC6EC0C85C86
:108DB00028E1FDB3AA448CCD2F8A5F140EAED9C82A
:108DC000B375F3EF5340F8907E4F3904843BC819D4
:108DD000B26C5C2483AC49AFB61FDCE8A07806D93E
:108DE000B832E32C197EBDC5CE1AF7B52516B71DCE
:108DF0007B8175E850A502BB452036C9AFA84C570A
:108E0000B393F0D99633C979A3AAF13BF219183D6F
:108E1000F3207C846736B19AE06FE85786533B298C
:108E200066C5CC42739E15A85DE0E4EBED25AD5F11
:108E300001870584BB20E70FB8FE4A77FD15F2C510
:108E4000B3034A544FC19C7089EA2A1747DE6FF179
:108E500007E76B436C7E0EF88E8396D7A54E7EF7A0
:108E6000E819D9ED3FAF28E8AE76B41C49929F557A
:108E70007E95AF0AE07C7994DDCBBFDC5FF550379F
:108E8000137B19D8EB6BE1EC21AEDA5CD656D961D5
:108E9000F324E4E119BC4B8CD6CA92E4BCB39BD852
:108EA00031702DC908CE0AB155D74B0343AE50AE31
:108EB000617C85BB2AFE955DB6CBA3759B1585D8D5
:108EC000DFE63C4884C983DE57700F637B9172CF25
:108ED0005F0091F998244BDF3C3027F887F81E0398
:108EE000C287D47B4A359B368ECA857AC08EDA47D4
:108EF000E5D3A4402FA227E4790567E437B40565DC
:108F0000C968B65FD117D84ECA014FB4C9B5DBE501
:108F1000D1EDB726AC2DDB6539095F99E4C417F7AD
:108F2000F4EDD29DE263C00A9BF86AD2AEB63AE98C
:108F300090D3A82C68513B6D579B7D7A91C9EC5A10
:108F40000BF78D95415D3D6C63EE7523B49B7D3DC4
:108F5000FD5A3957BFEA41BE2E5957C33ECF63F978
:108F6000906F08EB2354EF29E9B688F5913F38203C
:108F700077CA592F4F730D47406D2A236F57BE2272
:108F80006E84203E73BE4817232D3245F5B650EC53
:108F900045B67811FA20E51170B63817396BA48DF3
:108FA0004972D2C61ED68A360371DB3D09A49636B5
:108FB000D86B06AADE653BC7A9E2B33B9EDF5AE346
:108FC0006A76B58B3E1BFFA6367BD810E472BBDBFE
:108FD000F8494583E32785A43B119636FF3346E6DF
:108FE000671E5F8FE3D17D942F66E0A77816BEA73A
:108FF0008C4346448EC7E47BD2BAD4AF24199E1169
:10900000B96C14EAD3C6A838AEDCD7B61235973798
:10901000583FF8E6497B1E782155E43900D745577B
:10902000C348D799E49C17DD8A88D39D74E9DA4850
:1090300017DF15039C72D29AA0D5D6567B84E51211
:10904000B3507517C7E76951BCD80CF37376D0CF0E
:10905000138ABB1007F5BD9329816F9CB65A39233B
:10906000CFB744752BE0128FAE4B38BBE7A333E488
:109070009A740AE852A8902E486E7544E40D7195D2
:10908000E1CEE02C5F1B9D534A395F22BF5D715AD0
:109090009CE7DF812E29A0B71C18BC56727738D008
:1090A00016AEE4B39EE3BA03752E12CE2A78FF8F74
:1090B000C35689DE6075B38C96D5725A0F5B56D64F
:1090C000F80E659C51C4F9CA7DEDBAD78374E77870
:1090D000DEC539A839B64C86599B836790E239863C
:1090E0007D12DEB9E138E4DDE352A5F8AAF8E2A387
:1090F000ABE91EAB8CF6F50B438501D7756D5D2989
:10910000D4C79513E4B9AA43F26DE9E38A1E27CCCC
:1091100008A8FA2979421915FDB4936D43A55B6837
:109120004ED90BC0B7C39CB01638E57E4E77C2BB94
:109130002E3D46D7CDBB5CC39C2B46E901B3C9ECA1
:109140003231520BE682964B6C6A1BDA90BDE2C458
:10915000AC0EBD4FDF82FA1ACF72C8255AECA8B503
:10916000CC96BC0C1CE3199801DF32F3B37CB70F2B
:10917000C4E7FDAA27435E165F06BA365447172098
:10918000FBF2E84B883C4830AF2DF37D0D986B73B4
:109190005A4EA996BF5F7106AAA9A220CEEEE34F50
:1091A000B7B8BB1D54AE5ED0B08FD7C2AEA6474095
:1091B000A32D1E61E48B7E6B863BAD5503F79AEFC2
:1091C0002602B48E3A4A9294C267ABC60079D3891C
:1091D000D2399721A7CC670C91AA4B17DD3877D1EC
:1091E000B883F14DD0FB861465AFA78E0A0B4038CB
:1091F000D35EAD8C87361A8E8921E9FF80BCFBA532
:10920000C7D6B23FFB486594E70B9139CF181E1FB4
:1092100028C7A17219D71A9576614CDA6AFF676977
:10922000D09850FCF40389B07B213F2DB14E0581CD
:10923000877D11F4DAC9E94EDA7DA862E08D94DD0C
:10924000A83CE0392DAE594EB7CBF2BA1B9CED20AD
:10925000E8371C9FB6BA8070388E33C1030CCFA19B
:10926000BCAFA59D2DDAAF2F827B2E31C37A2D1096
:109270005E504A4DBF8A311AB58BAB33891ED15B24
:10928000AD3AAB46DDF3577B1DAC47F9627CCE109F
:10929000123C05D9775474F98EF3F82CC8499226FC
:1092A000C7E525A556F72A24E09B2545C1572B2E57
:1092B0004AE35291CCC80A4105D7F1EE741D8FCE16
:1092C00048BA85BACFBC3CCCAB248CC5AEABBECEC5
:1092D000EA998F9682AB2AA5B802BE8739CA619AED
:1092E000D3A210ABB35A378BB35923CA7A74D4289C
:1092F000E6EC354FCB6E8C1EF13CF303A3CD8A9187
:109300006E0AEF06362E9D11677B37C2E3A18031CE
:1093100011C67B555601DB57BDCCFBA4351B07F9A5
:10932000DED3EE29F7344FC5308E41ADB4AE85D9CA
:1093300072E203694CC2D321E7B50EB2A19D218E22
:10934000718CF48A0BDAA631608D03D70EB303B4A7
:109350003AC1A94E78DAC5183D69BB6AE611DA72DE
:10936000E3B5EBAFDCA83CC5BD152A37067463C076
:10937000371C1F3085F86DB29CC035383DF6AA53B6
:109380006D36AA4D7A979E34668C5CA2432EB5A6A4
:10939000D832EA5777F54B74DCDD067CD5BC7FAE5E
:1093A00005A625FC01A44929AF79B043096A928535
:1093B000E06DF8B7B87CC7806FA1EC97F13C7D47B2
:1093C000C6BD853D509B62A603BEF05EF073FD2EC8
:1093D000205F7905D7CFED65E03A972EE75BA7D7F9
:1093E0004364AE43D25CBB2EED117C4DBF6E9C65D9
:1093F0003EC8C3A534CA0E5BA5F44E6246C9692BAC
:109400004A5AF3E9C30CD794C481EB2C1BA66B1EFC
:109410005D9C51E6FD65A00CDE1A7234D442F61B49
:10942000CE9412A06B8971A94F8A69256C406B9408
:10943000F0AEA4553C2E57F28FCF3EEAAC3E139DC2
:10944000B13F897481F201C6582D75D2ADD807D2CB
:109450006F2AB2893E7254FE4062C67AE894D8A858
:109460005071824D01CB8EF88435CE9922558F32C2
:1094700057F3C41EDD7E4E75C21AF054DDC963B5C4
:109480004B7700F882764DC247579C98D5E6BC32A0
:1094900093A83136C06945AC46B55FDFD26BEC426C
:1094A0001D67F48BF46CA2343EA8278130D351C5DC
:1094B0002DC0B75647C21897912E9EB69585E710D6
:1094C000B12359F0AEF8DAA022901838A879705577
:1094D000B6A75FEC55FAF9FC3EDE6B3A03B113E731
:1094E00008F8FA9CC88E3226FD45F97C08E37352D1
:1094F0007655EBF3E8E21AAD16FEAC4C3F4B5BB190
:109500001206C2C8B59B574BC334CA6334F7D3E0C5
:10951000A5B3ED6D4E0CB2F1B081AFA789A3D4D144
:10952000005F519B336A69B985BD69A8900C57B338
:109530001897D171DD610DD6101B2403E40DE7B03F
:10954000D5443642B3BDE3E18BD280B6102E108FE6
:10955000895FF556D23DBECFE80BE2416795BFBEAD
:10956000877C957D0D7BB4F13565B37DA1FD8C5273
:10957000557582BC22479D51898A6352319B49FCB3
:10958000A0C24F9BAC6BD635730214DC6822CD7E33
:10959000AB03184FF0588DB43739EF29AEDD4E6B61
:1095A000C07360F8CA80E79D314687812FAA58882A
:1095B000FB8171046AA58B2463742A75F6B2B1EA43
:1095C000D498FDFA3A5962CBCC6745A0322F8C4C27
:1095D000D3249DE60E3AA6D799F55633CE0FAACDE1
:1095E0005CC1A55CC338CB5712A98D70F74C62A043
:1095F000D22E1973749EEF058F2FCE0F2609F69782
:1096000071475256996551E0E3F2FD3E8FCF10BF8E
:10961000E57C5F1A55EA46EA3A209555BAF521BD30
:1096200016FBD5FC44CB1EEA53CF7A6AE63E1BC636
:1096300030EB61D3908797B5727BD658C3197F0AF8
:10964000D5178CA4526E0D438D8CF795E881F7C128
:1096500025D767B17CAC1E8177CB1BCE08545361F4
:10966000B29B2824F3A142A5D628209DD24603F61A
:10967000993F6F9F60DE393F41BFF9A171CEDEF5A2
:109680001678E5025A482F42EE1D342E2A47C96F3C
:109690002A9DC484F681B4D2FBB258441BAD79AB89
:1096A0000FF8A26AFBF858E44CFB39E77C26769D5C
:1096B000974B373FBAF257B38BC767027CC3712110
:1096C0004E600053753531A1F49161A7DB3AAE7657
:1096D000A8933A76AD226CAB1D57E8650D3703575A
:1096E000AB65E6494FBFB5306A38DD121E956BF9A0
:1096F000582611B91A3C924F8DEAA591795EFFBAAE
:109700007CDDFD433119BB1B783761AC7FD143AFA2
:109710001939C5914F893FAE18E77C6788EBAFF2E6
:10972000DADDBFB6E0BE43156794DCD85D0F44EBCD
:10973000F9CCD188E7AB5BB8F382EA0B224337C39D
:10974000951E51560715B10315B10FAE78C26DB90C
:1097500015D047D8599E87875D6F0674EB2D70E250
:1097600050FD07E884D427CE02E18B5277A211EA9C
:10977000DDFB0D21D0EE773FA3DD3DF57E86EF7B4F
:109780009FE5ABED3D872C7C5B1930AE69AF903324
:10979000CA05E5797926D1A83482AAFBB402F2BCC5
:1097A0005803F42E8276D155359A7D5E8CEEE319FE
:1097B000B9CFA38A1F51BB48B99377A9BB78D53BD2
:1097C000C5E986DDEC0B7481F07706E385DF293A85
:1097D00045E21D6ABFB2A815433D566A2DB192F805
:1097E00080EE5791F0A5543FC11DBF45EA3256485F
:1097F000C0F71CE78B77F4A8555DA7B544BC1A8960
:109800002C93B0BC198A41FC7557281FE47B4DC4CA
:10981000B9FB98BBFA8AF0F5B14071860CB1809E15
:1098200026B6847CDDD51BF9FCEBD3F391BA0C9EF4
:10983000B5D21D6547390C9FB7D232609BD3CA2879
:10984000723FCB50E70175DF4FDF31A6A11ABA2F67
:109850009DB4BBC155CD2838320AD6C40DF66E6210
:109860005B0BB833156C84ABF70E44EB213A0D0E4D
:109870007B35D1C344E78C047124349BC8C44E4863
:1098800053E163D273E2DF4A7FE579AA27D6454FD9
:10989000E0FBDE41BE8F8C4FB45B0AF6B496127EBD
:1098A000764D1B536E6B45B403F9C6BE5CF541E8BB
:1098B00084D2A16C258ACC7188CB790D77F24A7855
:1098C0003F23E32BFD7BAF0CF0B923D75F35995DC8
:1098D000DE80088DCA35497C830A66D2761CE23464
:1098E000DB785EFB22B8BAD954C02C540B229358B3
:1098F0001BE935E04D701F54580727ADFAE2E7AC7D
:10990000B8DEAC5647B8BBE235D28A11A62B06EEBC
:109910000D15E42259309286C39608FA63E47BE180
:1099200011BE987F71FD24F7CD0AAA70491B66AD60
:10993000F4EBC28F2B16385F269771F5BA9AF5F1C2
:10994000F709F0D4C165B7AF26E2C62CE4D832A03F
:10995000BBD33B9CBA942A05F59EC319051DBD7463
:1099600080FBEAB3F412544BD34A14BCF46A6298F5
:109970003D806A091D9FA3605DDC6647E949BB998C
:109980001346BE10E7F5779C16EA0FB63975EC93CF
:10999000CAD65458BB286D8617C34DD209A94A00B0
:1099A000CF2CBD28BEF8D83E94035D8D27F0BDF9BD
:1099B00018DF5B2E5B3EEE294FE93669A24B892EFC
:1099C00088CF85F428A9660BEDCF09A7C55BA1C197
:1099D000C409E5EB4298F55BC781F102D64A2ED562
:1099E000FCD58BD548B7D355313C9ACCFC159E712C
:1099F000BA02775742BC0862F3A2C1EFCAFCF0E199
:109A00004EB33DC5CEC81963B33D6A85A152020568
:109A1000838A0963AC982E2A59037CB59EA397F8D4
:109A200029DEC52A9E8853AA2E29697617EFD3BE50
:109A3000DECC36C1FD0E25F08F3A9F2E8ED444B673
:109A4000C97D695DC4BD8617A40B5EFF0ACF9D4426
:109A50007FB5BFD31BE79FB6B58F2B7F53391F5AF6
:109A6000081579DDE71525C0CFCD42075C8B71590C
:109A7000CF28E9C4C3F5870F53E925E0A4DEE0FF52
:109A8000D71FAD1A01B793091E0A7BCF6EF5D4CA52
:109A90009F97EA501119D8DD08508C2969A58C26AA
:109AA0009528D4C3436C80E0593CA8DE167E16DBB3
:109AB00025A79412B2DD1E510A49090B6BFD219CAA
:109AC000E9ADC23BDF00DDCA2744E783B9F7D1EC3B
:109AD0007B93F3FDE0C0B8A7DDDA1B9FC0E7A3CA04
:109AE00018D4C34BC684F64948805A69423B46DEC7
:109AF000AF9C49DC0EDD0A6DB4BF2C76B265A7C3FE
:109B0000DCB08FC507B94E3BCD3E13F9F67B9CF90F
:109B1000D544BEFD10913B4DA00B1F3B4D8CD35C3B
:109B2000BD40376C1601DFF077923612F9AF0FEFB8
:109B30003E2CBBDAA95E941D634A9B62A5D6AE3368
:109B4000A82FC802A836C39AE4734E84FAAC0D3924
:109B500070EA9239CBB6B5924884F32DD59794B775
:109B60006EE05D01CB9C2D3149DEBD89F717F559BB
:109B7000A52FF5A8BEC83511F80A501D41CC5BE7EA
:109B8000D56F13F0DD213B1AEE1A7157D7D5A919FD
:109B9000B2A58D4A1F57CE4B8B21D4379F7B80AA0D
:109BA00006671DEB51B978476A7585A413788FF065
:109BB0006FA4C1A56B7817D2BFFBA8CCF6E93B1AFE
:109BC000F26DE5674DB7709715800C7D1DD7D28279
:109BD00086D14577838B5B3356B415CD5118095028
:109BE0003C712F6DEC18D8433B8B5D0F56AC83B3A3
:109BF000763EA82C22D9F6E9F62E6521D4247548A4
:109C00005F7FC2D9384FEA39EFD37D8F6BF7897CFC
:109C1000156F70BE4F41356C93E334CCE6B5A3A409
:109C2000909E5146A5D654AF742B745C21E0744FBE
:109C3000282576D8EA000DF7998B50119FF1E87628
:109C4000E4AF909B27F9E75D663F30ED349B4C37DE
:109C50003ABB57CCBE02F7561BFA9D1B0F1F9A1F2B
:109C6000E1DD1D3FBC1931A7A8A017E39D90F46961
:109C70002A44882A40242E8A10D06B0D68384ECF93
:109C80009AD7AD885E12894622DC4F4521420F31BA
:109C9000BC87E41FDFEE0AA60DBCE7E33FDECC92F3
:109CA0007A7507285C942E8A2F0BD72046E31ACAB0
:109CB0008B6211E4DF19D20C393810698DF8221942
:109CC000826759CD921AF967E55FFA930E715CA825
:109CD0007EC1DDDD90834C7B18C84ECBBEC81AC157
:109CE00099885D6588215F259D563212DE75F28563
:109CF0001B84ECB6975374CF18EBB16E421DD7415D
:109D000084E6FD6AA88A08C199E02176129C5392E4
:109D1000A4F1EEB85A8C9482D3C615DA0F123EF035
:109D20005A0F8C6123A66045341FBA26ADF62E86E5
:109D30006BB513D2AFFDAF7DCEFEEDCFEB39BBCE11
:109D4000CA257CEB11BE1F3C461B0712BEAF75191E
:109D50007E7651394104BAD15E407E22059CE7C52A
:109D60004163A0FDE79505340C04E73113EFD1C53D
:109D700067F92B681758767267E56A779F6E13A7A5
:109D80001B46BE5485E87AFD267E4C7DB4656C5139
:109D9000BFFA54F048BAD42EB56BEDFAAB4BA0E441
:109DA000A8BD6DCCA6CAD3B9E4427B2ED13676725B
:109DB0000C2A65D74347A29085FDC1AFE13D4577A9
:109DC00022FA9D2B0F777EB5536FCFC810611367B2
:109DD00053A5CE746FBF760AE70685092D9928B37F
:109DE0000B5FD856761275CE1AF3454AF573A991D2
:109DF000540D2DB7577BBF59D82E2DC67C764B6A94
:109E000035816777A05E57B4DDDEB5D4706AF7ADF3
:109E100052C89FBB5A94FD14FE9E17D2A5FA830424
:109E2000DEF7F48F5757133EF05AEEA92D755829D7
:109E30008176EB78758C9F6346267294468125EE79
:109E400035DE863A694641156734D19ED4A6B407FB
:109E5000BD18D5C1BF6B93A146291B2B6505045DB9
:109E6000D542F88BC2F73FB37BFB5FEB391FE4FBB6
:109E7000F9746F41741EF528DBA49F95D8A7C90912
:109E800042D831F0D3C9C4CF2B51BF17A4C5762A0D
:109E90000EB0251B6A25137D731FA7DCE7F1ED3794
:109EA000B18BD98F83B305CA26CFBF71CCC04DF11A
:109EB000C25348370CEA25560A729AEFEAF534C6BF
:109EC000D888B3A8979C0AAB78B7D677566EACAB58
:109ED00077AB317AEFFCEE969BA3CFDD7AF716DEF7
:109EE00019F6F73B3DA99248B3DA8C770120E3627B
:109EF0002E895F5DBBF2E6CD870FBF7D17BC74A4D2
:109F0000C7497DE4FECCE5F5E5DE2F579DAE6A48F6
:109F1000C3E73BF7C538C37BBE7E78051C4F02758F
:109F20002F42263D7FF30BE5812B29D7073C7CFA96
:109F30004694AD9012FDF59B37D6F9BD691FBE75ED
:109F4000B3960E91619682E8F0BB999CF177ABBF16
:109F5000E7770EBE7CB79BB9A72FE5B416EAEE579C
:109F600043BEEEB585F7B592B8BE8477A1A102666F
:109F7000190D0BC23A78BF08641872F38344B5DC3C
:109F800021E0AE93F586BED074FB4678207442FA89
:109F900092F037D2F7A5CACFA1FB793DE77F1BDF4F
:109FA00051745BDAFE6705908731429F50BA0C2AE4
:109FB000CE243A94D3E2517925E15716DB9BED226A
:109FC0004E17E331FAE97E735FC32E5F648B4CDD7D
:109FD000088DEA05C630C2BCF6DDD0EBC6EE3EFC0D
:109FE000D54ED2CEF02C7CE9469F5AFC9D491D7F70
:109FF000A7771FDE58FFDA6AC0E2F7E8BDDB65A08D
:10A00000C27FBFD37663EE0ABFAFF3FAB48C0E6B98
:10A01000502E0A169321FAD7777FFFF0EF762E03A2
:10A020008F561BEB26CC8F7F7977426BE3D17FBCB9
:10A03000FD9F2BF06EEC0F1FCE0B43ECF2FAFF7C72
:10A0400078642C2DCF18EE3D877FB523A6BF4AF04C
:10A05000AB493A95C0572E5D89CB2D0EBE5267B7DE
:10A060003A788FF1EB5786946186D1FF6BA0DF06BB
:10A070001BF9FEF16AAB8D2B27B90FE74C73D8ABF8
:10A0800042CA5ED703D7CDB63247C19CBB9BA8A5B9
:10A09000B8367B451B52705F5A4603BEC6352960F1
:10A0A000142963FE43D258437F183C958815119EAE
:10A0B00062F6ACF8F9B9F7C93DE77F1B5F57C11FDE
:10A0C000289F787CC14B333CADF7ABE43859682FFF
:10A0D0006217242A46EDAF0BC5CC497CB9AA897515
:10A0E00082973A1147E576BA91996BB631EEEAB6A6
:10A0F00091C76888D4717F1C9FF1AB4717C787371A
:10A10000312E83973E85BFE79F7E34A12FEA4D2AEB
:10A110003EBFB11E3372891CF7C3DDCE38C17B331D
:10A120001B1FE15D092F83FEBEFDD1365440D34A8B
:10A1300061302C97EA71F5F534DE991BEFA40EAF70
:10A1400047760CFCA95CEF1971B31D99271347AB37
:10A15000EECCE06B0B423733D77FFFF0E9B11579D6
:10A1600087F37DFABD6E16530A187EF5AC2DD0F23A
:10A1700031257DD876C84F6FFDFE616ABD1A2AAAC7
:10A18000AFDDFE9F0F7F792BADF5F0ECFE747A8882
:10A19000D4CAF893EACD38C4F034F7DBD8A3E2B5DB
:10A1A00094E69E9F868AC6EAAA85B6D2153C2B0203
:10A1B000343CA89459B3E098735AB1CC20C3B7305B
:10A1C000A2048C85F07AC331E99074BBE1B8D4194C
:10A1D000C25984D780E48BE09CBFF939B9F7F39D6D
:10A1E000F3BEBF7263F0E89E4AF7C7A3AC3FE17AC3
:10A1F0006EA4FDE0B44E289BEDA3D23125D3FBDB4A
:10A20000CA1844E9F55098BD2C565B3188CB1741EC
:10A21000C74D66471C35DB01543BF722331F5CB347
:10A2200048F738671B86088D319A9806A8F277B7E9
:10A23000FAF4A32FFD740735D74F276951047F7BAC
:10A24000EFDCDC54AAF55C2FFEDE77AF6CC887C765
:10A25000E09DB09E4B9499C8D75CAF894C9122A8E1
:10A26000774B5507F4DA60DD58FF6FA06F33BD0DF3
:10A270009EA9954783AC312E8C6B06F00DA43EA9A8
:10A28000D8E537E41E179B2944EE879F8ECE901D9C
:10A29000CEB415B2F582D41EC2A8FDAB9D5FAE94BC
:10A2A000D99B628EC483DFBE8B7C3F1DBD3E7A1975
:10A2B000DE0FFF63E530ADE3FEEA48DA0187863F53
:10A2C000A9DC1C22392DE056519C2BD2CD69659C0E
:10A2D0006FC03B27AF8EFB2EA887B56E6398CD1A53
:10A2E0005807A5B56E705AD564BDA1585B6FB8ED1F
:10A2F0003F2416881B0DC5CA19E9E57FE5ECB26756
:10A300001FE9591DE4FBDE01BA2EDF7DC29FC7772E
:10A3100094D3B5C918105E4A08EC93D02112333E8D
:10A32000096DB59F00BAFDDA84F61228A4C4DA607C
:10A330008BA0E10E5431D28D37F2C8DCC839779A40
:10A340002EDBCE0391B990F32D3CC5ECDFEFFC572B
:10A35000C8B5DF58FDC6EDD43ADE267DC599D4C315
:10A36000113756E3BD81335E3D9BA46B57385F23A5
:10A37000AEFF357AB1753CE3A63018D0BBF5385640
:10A380004AFAD7F06EEF3BF0FB8BD446CE72BE3369
:10A39000C6BCB0A1617E8FA67E5B519EE6FA1567B2
:10A3A000D9E547F89EB41D5990FFCB17FBB4B76EA3
:10A3B000B9F9F7CD5BB56C96BC7EF7EECEDD9D1B93
:10A3C0001FFD6AFD2F2196FCF2E68E16E0EF8C83CE
:10A3D0007C1D390755EDAAE2F01945D4B0C7997F25
:10A3E000B6AFEA3A9A86CA680608771B2574171C26
:10A3F0001CDE5FE390704C3C263E252C8470DDDC37
:10A4000064783EFC9CF83DF15B4F3CF9E8B3CEEA42
:10A41000D1F8FC9E57F73ECAF75F1B6E36FE40C16F
:10A42000030C078CEDDE79ED8CD2A7BC4236DA2F17
:10A430004A9F8492894F2AB3BDF3E1F72BA78C7909
:10A44000DA699E018A1D79A64839CE732E68769FF7
:10A450006E17D0F57BFE6A83B6F2A8EAFD07EABD67
:10A46000FBF09D1BFD6AE74BF8E93B3707A9A0C647
:10A4700028D7EF68B5EEF24DD2B88E7CD48F9634E3
:10A48000BF8CF74069C653BDD58CF20DE07B63BD30
:10A490009B05D4A83AE2F1BD2F2C6826D7EFC7154B
:10A4A000BBA39859C78561EEAFF6F996DB695228D0
:10A4B000FF51F997AB3EAEEC36FEF1D60DC8EEAFCC
:10A4C000DFA896FF12BEEB2F3FCAB697D1162369BD
:10A4D00030962651FAABF547F9CE00DF550DAB1E8D
:10A4E000BE4A40C3EA273FF26A0E60AF4BABA76596
:10A4F00034AD1125A644592D6DB363A0DDD1CAA892
:10A5000011D362789F3A7F7F087B55AF619FF90F27
:10A5100068F7D9C73ACE9FA7DE7F2BDF8383924EA1
:10A520008677BE788A4C254E89F7DB8BD93F54F865
:10A530006C3F79459CD4BE2E74D241ABF380768FAC
:10A54000C73103F77B543B4D3FCFBB3890AE9F479D
:10A55000E83311F04C1095E3A9742A9EAA1B43120C
:10A56000EAEA16EB8CB87C81AEDEC5F9069C22FDCA
:10A57000FC0D8C97D36C8747C96F7FD4A534C94C29
:10A5800077F46615CF83CD10E49BFA68969F9552B9
:10A5900066BA3F6557C50C7447CBBD1F571CE1FA1F
:10A5A0001D83FC8B19799FEF396785F489A7B577EF
:10A5B0006FBE71ABF90541FE1AC4E56FACCE1A6FE0
:10A5C00041FEFDFDFAA6B4A2FC63FACFEF1E199B73
:10A5D0000597F4DFE0279F06BEB52EDF1B3304BBD3
:10A5E0009001E6038F85ABEA5638D13CE5152DE79F
:10A5F000456DF75946D90C05A04A7A2315265DC04A
:10A60000F76CA2900C2AA5B4436A92CE80ABFAA153
:10A61000F42AE7FB59ED3E49BD8FD27D54BDFF6B57
:10A620007C6DC2FD96768AF8E972623AF11329666A
:10A630006CB6F78A2BBDA7A56BD245A5985D0BDD3F
:10A640000BA59D22F3441CD5DB088AF5C73BE39D8F
:10A65000F183745DBE859E7A0B4F6DD00D1D7F4BCF
:10A66000A9BB27221BFA06EDD77FB70219703D6EF2
:10A670001770FD7E7853880CEA259CD4ECE8843270
:10A68000CBF59B61696AF25A794A4B1B2B0CBB1CB8
:10A690000135AE6639DF9F7EB46A809A23B52A52AF
:10A6A000FDE3D533F2DA28E6EA71ED42D587339837
:10A6B000D509EB49E1D7F6F9B6407CBE283EDFCE9E
:10A6C000DF11F666ECCF81EFBB3757B4B9517CC5CB
:10A6D00067071CA47A67344A5A8C9F727FC5F6F8C4
:10A6E00036CBB5ECAFEFDE5DFFFFD9BB1FF838CE40
:10A6F000FBCEEF734D7B4E445904488AB22C251D86
:10A70000A6692D90B438584094B854D2F1C0B93AE3
:10A710003BB035C02C49D9B3CA4D6F5789152CAD04
:10A7200021B1202507D24D5BD08E12401A9200290C
:10A73000D98632FD433696056A401190AC44D0B4B8
:10A74000D78363D90287FF405B4EC469EF2EB850B0
:10A7500011312045C1966DE13ECF2C408214253B3E
:10A760007DF5DA575FAF7DE6F55E2CFEFC200ADF53
:10A770007D9E7966E7DF8601665AD6E47C0FAEE6F9
:10A780003B6A55731D4D1FC5911C77ED3A5DCCF3A7
:10A790008A98C92D332F764E6F18CEAD2C775A0E6E
:10A7A000B3AA27726F36FEA9F687D93FD11EB866C5
:10A7B000B657BFE75CDDD7BB38DFF12B7AEFC15F5F
:10A7C0003A5F91ED90F52C8FBD68351B2B277A569B
:10A7D000F49D23CF4C6577F190B6CDDADBFDCCAAA2
:10A7E0006DC5A6CAB35A5B799B78A7AA6BE956A533
:10A7F0002B1D97B72A5BD31EBBB5AEFA91672C69A8
:10A80000C2A45BBEF171312A7F7BF4582973FF4CDF
:10A810006177E1E174A8FEFCA1BAB4FFBE3ED65652
:10A82000D85EB8A34B3CCF8E0D5B5FE3BBEF4DDF33
:10A83000F84853E9952931125FB08E5B95CA717360
:10A84000A0B4A3B0A3F0B6755FFA2EF40BDDCD85EE
:10A850009D6CFF6E1C7D7A7A61DC5F3F58CE3CFEBA
:10A860009BF99EA7C5F6EDAC98038B51F6A4559DB8
:10A87000653FDC779131E82F1ABF3EB1B0A2F8ED09
:10A8800033EFF40CB0F5F7B7930B5FF9DB89E6EE25
:10A890001DCC77C5FBCF778F56ACA634DFBF1ADF50
:10A8A000A4AFA8886DE4CF0F0E88FE5BEDC3E99ED0
:10A8B000A291B437579711B69AC4F98DA3CC9D6F66
:10A8C0002A1DD33A8BCDC5671B1BB575D98C39CCE6
:10A8D00016D152E6CC7F54BD12FB35D2FD65DF7335
:10A8E000FECEA274AFEEBFD5147FB9B4EF299B7D25
:10A8F000933DE7B44CF96C83B80FD59FAD3AD17155
:10A90000B8389D6BCD5CE8C8F7CD54EAB63AE99A01
:10A91000F752BA5D755B1B17C665BE22DE759E29B0
:10A920000B47760D0C4E0E363D325C3E5616DB451F
:10A93000F95DFB18A9F3BB7617F689EB063FB2BDAC
:10A94000B4A774B2B469E085C123DDEBF46595F575
:10A9500003FB06760E0C74DF35F04EEF919E7CA95A
:10A96000ABB2CDBAA9AFA9709211F98ED2FABE7D61
:10A97000830F0DAC645B49DC25E5C6C26CCFFEC11C
:10A980001786EE18C854CA9921F13E746EA047DCB0
:10A99000CBA1A9BCB26FCBC068FABEC4B707D70FB2
:10A9A000BE583E696ECDDE76739D6E76FF60E8C55B
:10A9B000A1A70EEC4CBF57B176743F75E0EBE34FA7
:10A9C0001EB873409C2F3E6289FD479B07B654F228
:10A9D00056C57A68707DDF40F780B5D77AA777CB08
:10A9E000C08DE951CFF3D24C4FCD3F9B2DF633C7ED
:10A9F0003E62FDA07B4BA55EBFAB6F7365B7C67CA7
:10AA0000599BFE549D666875DACC06435B7B79CE14
:10AA10007C8D75EF07E59BE6BA616AC3772EF5DF9B
:10AA2000EF2CCAB7EF03F3AD5E0EBABABC7F942E1B
:10AA3000F3E8552EF69CECE9CD1EE939567C2DD76E
:10AA4000665DE8D866BDD930D063581DD9B6F24CE2
:10AA5000A5AD4BCCADAA7DB68EBE2B52157DB89A56
:10AA6000AFE8B9336531BBF24AE749F658F97CEAF9
:10AA70007CE9586937BD78B870BCB0AD6414F69401
:10AA80004E94F794DA0BE2E8BA5395F396B85F8ADE
:10AA9000784FCF34C5B9F92B0ACB0B178A173A4E2A
:10AAA000146F7AA4BFB4AFF0027D7845EB8DF987BF
:10AAB0005823EF28ED4CEFB3D05C12D789ECCBF4E0
:10AAC0006526B4735A634B926D6FD9AB9FD4DF3652
:10AAD000DF31D7E7B7E41F2A4CEAE2788F8BE6DA5A
:10AAE000CC630D8DFAE35A27DFEFD727CD3B0BE27E
:10AAF000AAD0236646BF48EFDB67EED5C5315D03BC
:10AB000064D66C0E881933E36CDEDC479EA37C753B
:10AB1000B93EC01C7AC4AAEEC71F49BF567D1F525A
:10AB20007C857533FFE64E737FF7CE4AA4CDF634AD
:10AB30009949E33AB6766FC8366AE73FB534AB6BEE
:10AB4000BF975DD822FAB0EDA26BF6DE34DDA9F72F
:10AB5000A57BB081F4ACCBCBD007E4BB38E985BC96
:10AB600019A7CDB6F2DB3DCF77DF6E3AD63D6657FB
:10AB7000F7D1DC63378FF6D49987B4E1E23DE6F68E
:10AB80004AE7234959F45E311ED7A7A92EA42B3ECC
:10AB90009F29D76F5DB6B59AF24C69D9D66325FA6D
:10ABA0006EF938090F97860BE7C9FC70E978E178F0
:10ABB000E970693BE3F35EFAF0F36C317516CC8211
:10ABC000D3B2BF27C9EDACBC5079A1DC5C386E892B
:10ABD0003B887675EFB1BA2A19D6C0EB5B5F646427
:10ABE000DE59EA2A6F12579F63D95C50362A1B2719
:10ABF000B2E7B213E45CB7B18DF48E88EB8DE5C596
:10AC0000369418D57714C45964A7CC371B9E69882D
:10AC1000B42457691931D3F79DC4F9FF2571EC8F1E
:10AC200078DF784765962DA0117324DD164AF3333B
:10AC300047AD7DD60EBEC647B1E6E52B0369AA0B2C
:10AC4000298F5EFAACDF7AB2FB6231A3EFB5D6573B
:10AC50003655EA329BBBDBAD8474EBB2F5F4DF5CB6
:10AC6000BA77F783AF07BB90EF27328BDF73BE7ADB
:10AC70008FD195EB5EB15C3BC3F78FC7D7CAB8D70E
:10AC8000DC6AB655DA2A0F5AE772233D8CCCD951CB
:10AC90001E1FD70E69A33D6C1F579A771D2B8B9EE5
:10ACA0005A7729D5A4BC906E5412F9D693AAE8B36A
:10ACB000CBEE9FA1D79E17BDB7BCBBBCA77C986C41
:10ACC000B795DAD27CF7140E932C6374615BE17054
:10ACD000614FE1487959E1096D53E542F1DE5D7755
:10ACE0003EB2ACF5B8995ED9BB78A2B8A26C56DE7C
:10ACF00061BDBB999159DC597C47E985D27E7106CB
:10AD0000BEC8B7653A3BAD0D91B0D2B24DDFA69F3C
:10AD100030DF66599FDE0749DC9141A4D9AFBFBA45
:10AD20006A4D565C85A5A28BA3EEC4D9F9178BA7F3
:10AD3000D339EF114B5C25FE8E16465E538CBE0355
:10AD4000A6B8AAB4B872A938DFB7DFEA4FAFA855E2
:10AD500031FBAD6ABED5C7AE456957CC4EEB873DDA
:10AD6000173B6672ED62EBA8FB586E65F7918EE9B2
:10AD70000D339F5AA795B5AFCE5F8FFD83B6792F60
:10AD8000E7FBAB97DE975C7C24DDD455E9A6093759
:10AD90005C996F2F4B5FEA172FE267C57CEB356B31
:10ADA0005BA5BEEC5887B472F6784773E571ADCEFB
:10ADB0009CED5DF39B4D950B1DF798BBCBE72B0BE3
:10ADC000E9D6936E92663ADF67198D45CA62A1C7CC
:10ADD000A6E90E33321F27DDE3CCA2B7A53D760FDF
:10ADE000B9EE491F3B0B27CBEDE9D139CF9B51AED3
:10ADF0004E1FE8BEB7EF54A5A9B03CBF3C7FDCDCDA
:10AE0000479FB8A3F2BCD5C4F79B49AD39BFBFB4C7
:10AE1000BF342AE65CA5F5A57BF4698DFE8B696DD0
:10AE200029F98A7BDE9C344F995BD223E0AB679E85
:10AE3000AC2C9D34BFB94ACF26D9995C7F7AE58680
:10AE4000EA7D5698F99AE2F81C12B2C499819345AA
:10AE500052335796763003BE58DC6176999DFA409E
:10AE60003A068FA4698AA5CB1C4973DD678951BC5A
:10AE700042F23FEC31699DD60B241C68E773CD95F7
:10AE8000BDC58C15E51A9955B57EC85D6EAE4EF7F9
:10AE9000B6CCE2F3F32FCFAEAEEEBDD5740F36F4E1
:10AEA0009A9797BE45CF2EE728FA69B5B78AE76229
:10AEB0000C172373751EDD6B96E9C37BBA673ABC2A
:10AEC000E23AB3A9D2A7ED2E36338FEEAF3495B761
:10AED000F1B79E29D615A2D2E57445BE49B9DA77F5
:10AEE000C9973E3B93CEA9C4C87C818F8759CE3386
:10AEF0003AEF4E9F1D2FED2D6F2FEDADA6CCC776EF
:10AF0000FAEEF2C21EF398B8E6B275D8BA69D768FD
:10AF100065B4BBA970C13CAE1FD62F1437552E1691
:10AF200027BB97156EEADAC19A58DC9968078FFB40
:10AF3000E8C937E84B5BCE69874878694B1BCB760D
:10AF4000FD847E63618BB87B4A7E73BA8EDE4CCE05
:10AF50007BCDBF58D5377FF6CA1133BD1E477E65FE
:10AF60007AE49EB86ABBE8C3155E45EBCB5D8CC640
:10AF7000FDE6FEB477EE20C391F4315F1DABE7FB35
:10AF80006C254D58EC231AB54E154F8963AD2A4DEB
:10AF9000E6B15C67F1C6CA76EB412DC8EDEB79905E
:10AFA000EDDDA5D95C7A15F69CB886E435B778173F
:10AFB000AF793F915EDDEADA7B04AF9E392FE42B57
:10AFC0004EA9ED35AFCE5960826C8A7954797ECC2A
:10AFD000166B683EBFF473D54ABE6BB55594F2B19B
:10AFE000E20DE670F17CC76BB96515C55CAA1F2B35
:10AFF0005EEC79D074CC36D29A29577BB1C876A151
:10B00000CF7A69BAD57CC57A973E5B10672E1C2E25
:10B01000ED2E55F3DD234665D27D9E6C3B4BC71864
:10B02000A72BE5467D26773EB7A774A474583F2D1D
:10B03000F698778BAB3F2FCF37E52F98EDBAB83620
:10B04000F3A672BE34526E624D7C87B8BA51695F06
:10B0500069B4B0CE64CD9B15CB39AD7EA3B866F78D
:10B060000973457E7D9AEECEF47E933CE6B79B7FD6
:10B07000B0EA09ED28F9E6E971E27A64EB0B178B87
:10B080003795C4D121625BF6C6C291E25E6B7FB791
:10B09000B89FEB08C9EDB3AA49F69B0369AA95F9D5
:10B0A00064F92C5D2A66573AEB5A5FD9DF3D937BF2
:10B0B000A17B67B76979B97A335FE92CD6B345D4F8
:10B0C00048BA9FCC5E9E33BFFF1D8DDBAEDCE6FD34
:10B0D0008091F9DA5B4657E65B9E4FEC72C243669D
:10B0E00059AF7E45242C3EA6E9A67DB6DAA75F4B74
:10B0F000E758E2E7FACCE1CAB2F20DBA63AD23E356
:10B10000AEEE25ABA7730FB1B5D9DF7DACF85656BF
:10B110005CC72128D5DD9F94A2F97CC5E71123F2F5
:10B120000C1F838258F30E97C4FC6A389D3B0FCFE7
:10B13000A72B5266EECC7A97319A195673693B7DEC
:10B14000B74D6F2A3D5FEE2F35E56F7A84B56C659C
:10B15000A022EEF5B1BBE56DEB79D6C4CDA5D3DD6C
:10B16000DBCCBBFAB6997C9735F0E6C28FCB77E49F
:10B17000EBD2B5EF39D23DA7D5D17FF7E862EF52D8
:10B1800035DD9DE95D90B69436E7DBC9F7B934DF6C
:10B19000EAB947D5BB6E88AB905EB46E2ABC63DD5E
:10B1A00058D84FBFFD7C5F73797D79076B60314E56
:10B1B000E7F50A690F8867D594CD8A259E8979B508
:10B1C000487A253F1B6477768BF3105EEC59660650
:10B1D00039716CC668EFE15C7D765DB635FB47DAA8
:10B1E00007CF996F5B34367F64D1DEDE6AB6571FB6
:10B1F000093B7EC5CC399D5F351C6C98BF64C9A2E4
:10B200007C17325EE8A76BF4D6F99FE84BB35C631A
:10B210008A2BACF7CDF7DFB2CE62AEE5B13DDD3BB8
:10B22000AC98CB2B6B334BCD4AF7AB0D22DD1BF427
:10B230000B1DC78ACF99C7CA99AD49292825641A19
:10B24000F13128CD9476970DC66231B31A2E0F9343
:10B25000B258E78ABE2BF2DD9D8EC92265B18D24DE
:10B26000B6969615DAF4612D43BA87C5592A854AF0
:10B27000E1A9F41CEF1585AEB2B876F571F38EC274
:10B2800071F3B0395A5951DE6EB5595BFAC4F5B154
:10B290007688FB9515C4983C94EDCD0C6526B2EBF1
:10B2A000E8BDCFB39CD42F98E25EB19BD3717A7383
:10B2B000694BA151FF0AF94E6B33B9119DB5B335F6
:10B2C0004BAAEB0B93E91D1CC4352A4FD263C51E54
:10B2D000BEBDE6CECA48DA6FD351581CB89D669CF5
:10B2E0001EC29DE6DCA477A53DB9C91C298A59F385
:10B2F000B1DCC9E2CD03B73367DE5B8CE8C1C3EDD7
:10B30000C986A5D93FCA7E31FB80F661F750B8AA3D
:10B31000EFA647C1BEBFEF7EE78A3D82E38BD25DD9
:10B320009CEF95495773D6F5E19EDD3DDB30DCB3EC
:10B33000B4BC84A49DCA70CFBA4AD94A5F09E2BBA3
:10B34000DDC33DE2918CCDB6EEA4E31E6B6B764F70
:10B35000B1D27D2E375CDC6619E66EB68AEBCC6323
:10B360005663C1282C8CCD22DD636C13897B0E8B38
:10B370006D23924DF36DDED53570BE227A314917BB
:10B38000D2740B6D854DBB3689BB13EFEAEFC957FD
:10B390001ACD7C792F3DBCB3D459C8E45FDC25CEEF
:10B3A000F13E617655360FEC1F9CEC3E41C617D836
:10B3B0005ABA50DCD7BDDD627EDDB7DB9CAC88E3DA
:10B3C000DBDB5AEA5A7AB37B7B32E5DBF56ABE7B7C
:10B3D000F5AEF296BED96EC670F2DD52D85FDE527F
:10B3E000A827DF289768F5FA80BEA97C67DF93DD80
:10B3F00093E2AC60710DE1A2B8B3F06CAFB8937496
:10B4000013F98933C5C416B1E8BB9534DD4A9A6C8B
:10B41000F5B12BEDBD7973B2786339A3B79B3FE8E3
:10B420003952ACD7F716DFEE48727754C45962C967
:10B430008675D90EED0FB25F4DB78B7ED19C79D159
:10B44000711AD90FDB97BF78BBE8C3F25DE8CB7DFB
:10B45000D612B37AB484D8A7333875A1FF55EDCE90
:10B46000437373F78E0D15459FBEAEE5EEF41D4296
:10B47000F11EDD7B73C77A96E8DBBA33157194341D
:10B48000EBBB5CA57B6D669BD5D5BD66F540F7F142
:10B49000E2BA96C7F53DE9E82CD215E3F0B1B278EF
:10B4A000A778A02F20F96D9563A5070B2F8DCFCD21
:10B4B000DE79705B41A45BEDBF6D79A570F75171CA
:10B4C0003C8DF8173C3D75B27BAF984F179A18AD7D
:10B4D000B7175EDC7567D70566CEF798E2988C17CC
:10B4E00007EF6911671F5D304F98CDA58FEDDA5BCF
:10B4F0006C330DFDF501319BAEDB784ECB65C46F2F
:10B50000F0AC75F4E54EE6CF3F199A9BBBFBD00A31
:10B51000B27D12EB4B3B0B75FA1FCCE75BD16F3E54
:10B52000383777EBD808F9DE5810E785897FC12BCB
:10B53000B3FC25A6FFFCCC1E664C2BF41FD02FE9D4
:10B54000A1FA00BD5AE49BAF666BE6E7736EA66F87
:10B55000FFB837632ED3C59EA163392FB7976DB857
:10B56000EDD64CFBF4867BD822A2E7661F5B1893CE
:10B570003F64CE7CE91D8D4B571DBC723FFED4FB52
:10B58000C6E634D94BF9B67E40C2E2F155ED9129B9
:10B5900071B45365F0F589B9B9C29925E63BFC55FC
:10B5A0001E1E2FA773AEEB5A0A64FBFA64D3E0B7F2
:10B5B000F9EE37A6485DAF671B5421DDA6EEADD985
:10B5C0000B1DC78BDF5AB5BE4F313F99A954D6E941
:10B5D0009E759E595554484A1E0907A5D1030F8FE1
:10B5E0000D97EEC92FDFF5EDF1C9817579F1BEF345
:10B5F0004D878CBCC8F778E9307DF770A9AEB09163
:10B6000057C11F4FAC1C1838307BE07C59A4BB27B6
:10B61000DFC9D6527B7E73D7938F6C2A0C9BCBCB22
:10B62000D9F1B9B92F8F1DA934174E9817584E5814
:10B630000FEF5A66EEE83E516C2A5DAC1C33EB36D8
:10B640004E64AF13F94E7BD6D2F4FD8DEDBA380EB1
:10B65000A4307ACA7CA8F464E9CE747C8EB4AFAE10
:10B660004A7262FEDCD422F6427E7CB4628A734D5A
:10B6700047ACCD1551FB93977F38F4F4D47B733FDF
:10B680003C50D1F7B1A52BF6D08B6CEFD0EF303713
:10B6900091EAA6B4278B8F2BF491E2CAF21DFA111E
:10B6A000EBC73DEDA6389E7A73F732F328BD775885
:10B6B00073B4E94F7568E21E82BF97FDBDEC1F644D
:10B6C00017BFDFBCB0C65D3C6B1657B6A2CF66DFB6
:10B6D0009FEE87CEAC16E57B79599C30B3299D044B
:10B6E000C9377FE0EF576FEB199C1D9C9A288A7C25
:10B6F000EF1D6F4DC7E72569FFCD0F7E377B43698F
:10B7000070EA8DB9F3BDADFAF57AD4B1B7FBC10ECD
:10B710005DEBEA56CCA35A73E5B5DC9B1B0EE54EF8
:10B72000754F64DBAC4CF9A879347F545C11221F4F
:10B7300014D615CE99F7B42ECDDF7DE6BDB91D83A5
:10B74000875AC4313A9307D61576979582788792AF
:10B75000B571A1B16091EF4D83EB562BADED245B3C
:10B760009FAF2FD57D3AC396D28C7EB2B473D748A3
:10B7700077623EAF6FE495B1613453AE94DBD9F29A
:10B7800059913F6239FA8ACABEEE918EBDE69D8F0D
:10B79000DCAE650ABBCDB30D62BFD36E2BC92A2DBB
:10B7A00027CCC3FA7E127C6A549C49B4A2746FE918
:10B7B000C5EE53D69732DF24DFDB337B4C53177B48
:10B7C0008DBE303A6A5E346F2C8D8A3D0AF4FD9549
:10B7D000E5CAC677477E3EF7B3F14D2D87CD65E6C6
:10B7E00061B6C8EEAD5CD0CE6BEF74F41797E9CDBF
:10B7F000FA66D2CDE879F362C774FBDB1D0F95DFE3
:10B80000D68E58FB7AEAADF35F98691FE938D9F113
:10B81000B9ECE1762F7728F7EF1AAA63F254E3F731
:10B82000720FE4C6C5675991D39BED0F68E233915F
:10B83000E8FD0DE27E32E2673EBDEA7B5FF848F646
:10B840002B0DE38DD5B5EF2F996FE3573E345FE6AF
:10B8500051FAAB5991EFF1FE6F6697763F3DFBF2DF
:10B86000D4B98E770E2CE42BC6E734FD415D3FAB97
:10B87000897D7A03075ED5960F8C4DBF313D377BAE
:10B88000F3A8571CD28E770C178F77883D310FDCC9
:10B89000DC5C7974EACCF48E81B6C2F247E666B31A
:10B8A000DF192EBD3B3E379DE9BAE9E9F428BAA974
:10B8B000D98187C6C4DEDE37A6C6A61F1E9B36B753
:10B8C000150E57F6148E99B71E9D9BDB3972ACC8C6
:10B8D000785D6ECBCF0EBE327BEBE9EED373B3B7A0
:10B8E0009C7E6AF48D33E2988EDDBA3826E32F27EA
:10B8F000EE3B7D66EADB07C4083DD0433F9B7A639D
:10B90000EACFA78F6A7BCD7CF1E7D367A63E36FAF4
:10B910001E63CC13E6396DDF8137A6EF3B7DEBE983
:10B920009FCF7D7DF41D7D53E96B6367A6E6667F3F
:10B93000FFCC4CC737995FDD7B606EF6D1A362EF19
:10B940006F76F40573D65C5E183177A4F9BEDD61BD
:10B95000B6BC3EF2DEDC6F9F3E91FBD9C47D6778BA
:10B96000554D3755DEEEF8D9C4DCACF88DF5E61D43
:10B97000E609ED872367A65E997A74EAA6C11B776C
:10B98000998C2DF79D39C3C8FED3C9466B4FAEDEE7
:10B990007A746A6CF66F675F9F586B8D371A3D2F0C
:10B9A0004F8FCDBE313B3BF298F691CC4447411CC2
:10B9B000E939FBCEC878C3DF355606076747475ECF
:10B9C0009E9EEE6C2D16A6C44FBD3EB9ABE1236919
:10B9D000F2BF30DD868574BFD2D06A5EBD2CE4DB59
:10B9E0004A0FADE67BEFF870EF4BE4B7F1F41A7D48
:10B9F00025EBDF87C6AB3F755613DFED3A70565B1C
:10BA0000A3DF72463C5B63324E4FBFD6792B9F75E6
:10BA100032C76AAAACC9348BA34F67B715077AC47B
:10BA200011321F1B7B362BD23839E815EEE6A7C43E
:10BA300095269F9E7E63EEA7132BBAC4511C3F9D93
:10BA4000181D14EBF375F9DD85B6525321C9FE7448
:10BA5000521C25F932AF8D9F4E2885D903E238C894
:10BA60004D7DE2BF7CEB77BE3636363B367BA4B2EB
:10BA7000E1903832EA2151393B59692A89B5CA9691
:10BA800081AF8F892372CCF2DF8CBF47FAED3D6224
:10BA90000E61988125660C177B6E3DFADE9C353A67
:10BAA000627E9BAABF1CDFC4E32DA7CBD9EDC5479F
:10BAB000A77F3EF7B1BEAF4DBC37F785B17DE63B02
:10BAC0008CD09369BEDF987AF2C093838F8A3DFB56
:10BAD000872EE4C4514067669F9E1AE911CF1E3A33
:10BAE000F0EECB623FF0616D6589B5FA99270FBC26
:10BAF000C27C2128FEA0F767FCDD361FB8997FC9FC
:10BB00004F469EDBF01B677E3E5BDF63F2FF30300B
:10BB1000F4194D1C7DF2BD2F88BFACD2FD80B691CB
:10BB2000BFC6D2EEBBF8C9E1DED2AA8103E93EF17D
:10BB300069A5FBA76FCCCD3DD33E3A24BE7EB0E1D4
:10BB4000FDC7398FBF7F6E359FEF57AE99EFC2A209
:10BB5000333FAEAE7F17DAF19E5735313E5F9DEF32
:10BB60009296B3DA2D62AE74608D2EF26D1A1CEAD5
:10BB7000B8D0CB286D0E69E73B863B7EC4FFC1522F
:10BB8000F354AFD8C3FEA3C91B747174F2F25D41C4
:10BB9000417C7D59D790FED337DE9BDB3470A8E51E
:10BBA00029FEDF460F0C97C5EBE086D6E3CCA1B6A5
:10BBB000E94F90EFCFF93BBC3BFEA3892F8F0D9748
:10BBC00045BE4F8DCF985FE377BC38B079D7E0D4CE
:10BBD000E0F4C5CAC3BC323E3FBE547F99BF6A7F02
:10BBE000E554F71BB383B386F96D7EF667939DE644
:10BBF000AFF36FABF44CD5CDCD3D3AB5CD3A6F89AF
:10BC00005788B2F1E6A7C598FEBCF937CC1D5E3A5D
:10BC1000F0BC25F60A9FCB3DCF68939D7632E22893
:10BC20008FAC384283EDA317CCF595F7E67E3E57EF
:10BC30003D8E7AE31473F41631AA64C7C4982BFEC0
:10BC4000428DD9D37FFCF4F47D67969B3F1C7C6FBB
:10BC5000EEDE03F764ADF19F4DB2CEB5EEE3BBADC2
:10BC6000B991FEB1E9BBCF7C5613FF2F9B87DEFC59
:10BC7000425FC75AEBB19C38BAFB70FFABED7D1D3C
:10BC80006773ADE25F35FD6F3EA6F02A7C6AE2B7CE
:10BC90006EEEE2DF7ED7B818AFC5DFD8E879F30BD8
:10BCA0005B8BAFB68FFF82B9F3C2BB1AD594ABF9E9
:10BCB0008AEDD935D7C8774D9AAFF8ED378D1DEBA2
:10BCC0003EDE33D121C6E1D1F97CC57256BB7B7E05
:10BCD0007CFE6E568CCF93075ECD4EA6473B5867D1
:10BCE00076F7441DE78B866958AF692F8E88D7F2A7
:10BCF0005DA2D7F6CFCD251DF79DB96F2A538E0AC9
:10BD0000A2971F2B9F4B8F84D93138AD7F7B4CFC82
:10BD10008EDD25B1477E5DBE2DEFE8911668B79E9A
:10BD20007E6FEE63A38D85C6D2F6B29217F93E39C7
:10BD3000DA9E7F89543EBE6FFFAEB134DFAFF1BBF8
:10BD40007F3C329D7974FABDB97787DEE9157BEEC9
:10BD50009F9E628C9EFDF5A3C7F8B7BD31DBDFB3B4
:10BD60002623E6FA43B91912BCF54CFBC68F3F2DCA
:10BD7000E6CFA3E67DFCFE57A6C6A65EE1BF6A58E5
:10BD8000273AC4313FCB9BDE1D4AF3B5DE4ECF6070
:10BD900010F3AB97A71F3EB0F291177A0F1747F534
:10BDA000152DF4B6D98F0DBC9DDB5CF973FE06230F
:10BDB000D64D9597A7A9B37EC8BFAF7BFC62C7B12C
:10BDC000DCFE9E486B2B7E63EAE7CCCC9E9E7E8F8A
:10BDD000B5CA9FE5263AC46BE4BDB9DD3D229DE6B8
:10BDE00074A42A4C4D771E5825F2BD7BEA576E3657
:10BDF0007AE618CB7FE566D17F2FF4EF5A35DEA0C7
:10BE0000748BF1A630B5AD67176BE0ABFBEF35D3A4
:10BE10006D58487757C31AB3BA5C6B9C6E254F3187
:10BE2000862E1F3C9B5DA38BADDFB3B97746C4F66E
:10BE3000D112B68CD7CCAF9DF383AF6AAD66FA73DF
:10BE40007DADFA9BB9431DA787D88E983BD17BACBB
:10BE5000B8AC5C67BE95FB09359F1F7B637AC5A0B4
:10BE6000E8C3EBF85BDD3C36AD3905F19A9829DF84
:10BE700020E657B35D7DE75A44BE2383C369BE8F76
:10BE8000EBC37A9053F46D96F8CDE2B8D8B6D6ED00
:10BE900085B6FCC70E8A232A1B5BC58CFD077D3B3C
:10BEA000E9BF63D317CB59BE7AF3A8D2F4DBFC7B8E
:10BEB000CE771E4F337ADEDAD17DA4E7C73DFDFC95
:10BEC000DBDE98BDD8BB66B5C8E8B5DC972C71BC85
:10BED000DC4CE6E307DF9BFBFAA1B7F5DF669CFECF
:10BEE000F6D08EEE7DBD43C5DECCE1E2DCDCEF4C6E
:10BEF0003535899C368EEEB3D697DE3647D27C1F19
:10BF00009D3ED531A977F1D97EFD46933167F6E69E
:10BF10008166FD8EF22BCCA8332D37F7FD7CF6BE63
:10BF2000A9B7BF70EB217114D176EB87BD7B8BA7CE
:10BF30007A26FF581C03B8BBFDC2179CA25114E718
:10BF4000113DA02D1FB4A6C4F83CD5F880F64C6E68
:10BF500020ED0FF4CF76C6FD339F5E45FF654D5B48
:10BF6000EDBFCB070E3688F5ED035AFE8018D30CD3
:10BF70001226E386EA5AF783DF7316D956F3FDCA11
:10BF8000A57CAFD18BF535E637B56EFE2DCD8CBBDC
:10BF90003AE9AE25DF9BF8F77F7B42E976BA9DCA86
:10BFA0001A5DFCED0786D65A79662C6F4C2FAD4C86
:10BFB00074DC727AE4C037B57D24BA656CAD1915AE
:10BFC0008F598734AFE3E959B125B5B7E778C7EFA3
:10BFD0004F6DE4D98D7DD359C74AF3AD4CA47FFF93
:10BFE00081BE09F3F38CB9A70E1C2EFF153F7148D3
:10BFF000AB6FF1726D85A5A58DA47FD3A1DDE22A7B
:10C00000673D7505B1767E78BC2DCDF785BEFD7D8B
:10C010008F4EBF3CDD5FD948BE1BC6948D627CDE6F
:10C0200032F84EEF2BAC43F7B46C1E787AEA968365
:10C03000752D629CE8EF39DB28FAEF562D53116B12
:10C04000CEC73337B3CEEE1E3D627E63549CA7B09D
:10C0500077E37D53AF4FDCDEB29BF45F9E3D9CBD2A
:10C06000F990C8F794B88270F11DEB8E74FB687F6D
:10C070007987D827A88F5AEDE9515E93BDCDE6CADE
:10C08000F2EFF0DB0FE7BA7A7E3EFBDB67F6E4B255
:10C0900003EFCD3D34744FEE1BCCB92EF69FEA145E
:10C0A000E3F350E3F97FF19793778E3D93BB73EC05
:10C0B000A6B1CF685B790DBD34B9B6F8D3379A0F06
:10C0C000FC6E4333498E8E3CD32E46EB7F5547FFA3
:10C0D0009DBB6BECB756750D897EF5958667DA6F5B
:10C0E0001A7B7D5296C4D75F9AF8D5ECB6DEA5DDF3
:10C0F000D57E3C7EEDF7ACE6F35D58D6D00F1767E2
:10C10000BC687CD675F3BB9A38D2B779F0BA96354D
:10C11000BA98717D337D7FA3DAC6A65BAD42BA764D
:10C120007E235D2FAD3CB486ED6531C3193820FE0A
:10C13000AF3203DFCC6E35EB4A9DD6504E8CE3AF69
:10C14000CCFEB8BF352B661A4F4FAF1F98D6969AC4
:10C1500062FDBBBCEBA8FE5371EEC899E5BB44BEC3
:10C16000170FF497C4716C9FCCD4B724D69EC251DC
:10C170004BBCC3F20A335071CCD3851EF1FA7A6AF4
:10C1800062C614E3F3FE8195BBC4CCF244F7D7C971
:10C19000A87BFACB63E20C960B1D8A29D6F04F8D53
:10C1A0007D838A777ADAF4875927DE7A467CF7E549
:10C1B000A93DDD4773BF3E25D6BC8F9E11E7009E8B
:10C1C000B4C431D2F74D7D61546CE72F35EBAD5FD0
:10C1D0009F12F32EF1BABE6FBC629D32C5550FBBE4
:10C1E000C8F795E92EF215F76C18651BA840BE77C5
:10C1F0000D749A9DA65853FF15B303D61B079ACC0E
:10C200002653FCE49DE94C6F5377BD25C6AE2F8FB6
:10C210007F596CF90DED5A25DE45B86B6C7644F408
:10C220008A5FCD8ABFDAF241F12ADFD633B5E1DE8B
:10C2300071B1252AE6A9873A3EBD4AAC079B073F64
:10C24000BDEAB1DCBB93E2EB0F8F8BED9867DADFD1
:10C2500098BD9B5E9EF6DF0D07AF1E9B2F6DF72EE0
:10C26000A4BBAB9AAF487851CA97FBF3D9DC9DA326
:10C270002F4D0CF78AFEAB9B628C6EEA7B69F2E174
:10C2800089A7261E1E7F686CAD75D3E853E36279DB
:10C2900068EC78EF9216F1FDE19E9726EE3EF3FAF8
:10C2A0008439B0C6CCE91D8CE3CBCA0F5A3B0E7C57
:10C2B0006DE2C5A16F352C2BEF3FF0F9F1AF4DBC0E
:10C2C000A629FA858E8BDFF8D1647D41BC73F9F025
:10C2D000F82D472B7D0383B71CEDEF330B5F1EFB5F
:10C2E000FAC4746EC61C2E6D2F2885BB467F342180
:10C2F00096D7C76F397DB8B2A9EF96A3EF0CB617E2
:10C300007E3C74CBE91B1FD9FCC88FC65F1AEB2F8C
:10C31000FF64F0A5F18F8DDE7AF4EED34F0E1CCDC5
:10C320008E764FF6FC68E291A99726F71D386E5E6F
:10C330003057E4EF65B6B3FFC0BEC1BB4623EB93F5
:10C34000BF79B2F7F5C9FB4E5BA3DF187F6A606562
:10C350007E45FEE683B79E1E3C931DFD566EC9EAE0
:10C3600027B4FEDE9F4DFC6CE2C7435F1FCF0E8CEF
:10C3700098E25A2D93E6FAF24F27FF786C7D49DC5C
:10C3800087549C9FDD69BE3BF457E3FBBB2BE672F1
:10C39000FD64C7BB23F79DB9FBF44F86DACD9FF44C
:10C3A000EC31F7F532F79BDD3076A17353CF3DDAF0
:10C3B0004CFB93431F3FFDEEE408E3F16DD9B5D686
:10C3C000C3E33F9DBCE574D3E033B9830DDB7A9EB4
:10C3D0001A177FABEADAF8CDF6C991BBCFBC3B792F
:10C3E000BC576CE96EEBF91AA3E4C186EF346E2DED
:10C3F000DE3576CB9997269B0FFCD6AA67DA67477E
:10C40000BA0EFCEEAAA90D57EEC9BF62DD7B29DF8B
:10C410005D58A2AFD13F2063125DA29FCD7D5363D3
:10C42000CD5BCD97650973AE57B5EB5A5ED5C45653
:10C43000D1929657B36735B15CD7A2A763F8D9DC20
:10C440001253DCCBF76C4ED4EB7A8E7E9F1415F32F
:10C450001F1AFB1819D7E9E5ECEEE2A1DC746E793E
:10C46000794FB14FBB3E7B549BB18CC2B4754EBF6C
:10C47000A155C92FCD2BCCAA1ECF7E369B58BB4BC6
:10C480006D856DE45B579836EBF2D37A64CE586DC8
:10C49000CCBA22B331BF375F5F386AB6E5F7771D94
:10C4A000292DCBE7F3E2DCE065854AA9BF72DE3CCB
:10C4B000CC16ED3673FDC08A8A624EF6886B382C36
:10C4C0006FEDD31ECFBDD9B87A754766485B9E2FF6
:10C4D000AFBE415F5EDAAE37E927F42DF99DF94D25
:10C4E000853B4A472ACB5BBEBBEAD9CCB4F65C5647
:10C4F000ECF93F6255AFCFD1DC7ACA3A6D75999DA0
:10C50000643A6A8AA336C41E857EB3DDCC9BCDFA1D
:10C510000E7387D96C2E37073A328CD4A78AF5FA76
:10C52000E91E475B977DBB735B31C8D56BE2CA0AD6
:10C53000CF34BC9AFBA2F6EF1BC5BAF78BD9BF6B01
:10C5400014E78C4D357E22F3194D242ECE1F13E9AE
:10C550003EA08999F13773B7650FA65BB9071BEE4B
:10C560005F2566CB1FC98E37EC5AF58036B561570B
:10C5700083D83ABA7FD5C22CEBE015DB4697DFB102
:10C580005AC877576A51BED584172DAD8B3ED7D385
:10C59000CF5ACDEACF88D9972E466CBD35CD5E3CBB
:10C5A0008A117CA18664E7F73BB5EAABF9DE4C71F2
:10C5B000B7D59A59679DD3765B7B8A5FCAAE281B35
:10C5C000669DDE5C796BC33D5A9D6E9414FAB09102
:10C5D0006FA32F07CC99EB5A027377C910E9E6B71E
:10C5E000F1D85610B96E2FB4979863E5C5350AB7E0
:10C5F000E7337CB63DBFB96BE5D64A61A464169AB1
:10C60000F25D8581C2721EF71556E49B4B87B2A678
:10C6100079B1635FE582F5EE607FB92F7348DB9AED
:10C620007D2D3BA42DC93EA89FCBEEAB3C9759C1B5
:10C63000AB605341EC3FDA5C10EF4F76EA7FB1EA32
:10C6400035ED896CA3DEB9F1942EEEDB2EEEA6B2A9
:10C65000BE70D29C3467D3A333464D71B5ACEA1E8D
:10C660005F71EC4DC5ACE8797DC0DA64DEA8B73304
:10C67000F37AA8B2DD5AA76DAA2C371F5F25CE0624
:10C680006CD79666D7A66788DD9615C75689F9D503
:10C6900063E93BCDB7651E9BDFAB507D47F231EDC3
:10C6A000EF1ABE288EAD62F94CFA9EE454E367E6B9
:10C6B000DFC910F957B77BABEF5E7D85FC0FA6B3E2
:10C6C000AB838D57CDAD2E2DBBD274ABF9569735BC
:10C6D0001FB4980BD98ABC96E86BE7B79DC4334169
:10C6E000F4699EB12CF47A91FC6A5DCCAFB79A6B79
:10C6F000E7D35FD31215878B1FCD38E671D2DDD11A
:10C700007D4873ACB73BBED5F0A0766EC3E3DA6B61
:10C710005A623616DA4A33D636F3392DC925D6365B
:10C72000FA6E7BA12E9F665B10F74C225B7E42E186
:10C73000359029650A19F1586A2F6C7E6465576730
:10C74000499CDFD05FAAD04FBB4A5D85D174CFFE34
:10C75000F3E6BEEEAECA89A2780FFC7887D7F26CFA
:10C76000E635AD9CE9CDB66A62DDD0A8B7B1DE088A
:10C770008A37ED127770B8B1706FE9CED23AFDAF5B
:10C780001BB66ACCD9CD6D2DE2584A7155CA8BA41F
:10C79000DA5C10E72488AB2955AF863660A647CB14
:10C7A00099E20A4B7BE9E726E3C09395E7ADF35A9C
:10C7B000BFB5A232DC7E3EB7A972A2E368E3E1DC3A
:10C7C00013B956ED81EC57D359F39FA47B1244D291
:10C7D000E2BD66D183BFA82DDE7BF099EA7D4F2EA6
:10C7E0007DFC44A6FA7C617F91786F52CC9CD3F596
:10C7F0006E43B5E77E6771DFBD22DF85F1F972BE5A
:10C800000B292F7A7EC558BD681EB6F0EC7D6BEC07
:10C810000F58E8CDD7E99FB5868B194BDCE362B49E
:10C82000E7B3D9A6CAF98E739FFA68766B36DF9D97
:10C83000B4DFA03DD83263664A6D7A92E3EF9B176E
:10C840004936926E639AAD927E6CAFA65CD85E6AF2
:10C850004F3F76F2B13DBFB26B4B5753A19391B9A5
:10C86000A9D054C8172A3CCB17C4D29C6F2E1C36B3
:10C870002F149B2B47B5A7061ED41FD45FCBAE59F0
:10C88000BD26531647D8E98ADE45226F5B8EA5B4D4
:10C89000DC91F6E13B0A4BCDBFBEF9907654535A7A
:10C8A0003AF593E9B99E0B77603995AE754FA57748
:10C8B000A5EC4FFB707FBAEFB7DF6CD21FAA6CA953
:10C8C0000C6BE2DC9423C507B3C7722B2BBBB5CE30
:10C8D000A2B8ABC9706E6DE64FD2636F3E781FEFA2
:10C8E000FB8E7B5DD88B70795FC28674F9C0F723AD
:10C8F00017657BE93DAB5D1F92EFC272658F5EA24B
:10C900002F4AF8DAA3F9077D665ECFE36A7EC36734
:10C91000CDA0B8C74A72CF69CD15C31AD23E99FDD2
:10C9200064A6B92246EB738D87B4E9DC36735DCB20
:10C9300044F6B059EDAF62117DB79A6EDBFCE7EDBE
:10C940000B0BE98A5E2CF2350B6211F9564AD5744D
:10C95000BB0AF4E3529E9EA9E8CF1737550E5BFA47
:10C96000EA63D63DFA9AD5BD8CD0E258E8096DBB92
:10C97000794779AF79A1635FF70BE91EE2F585731B
:10C98000B9EFAE9A98CF57DC57455C177C21DF533F
:10C99000F3F91E494766B137501C3169EAE7B58A99
:10C9A000B5A5B2B2EC69EB2B173B44BEE7DBBBBAD3
:10C9B0008D6CBBE6E5D6A47BFF16D2BDD67173D7CE
:10C9C000D80BB8706CF3E5A3ACAEC8F73B576D1746
:10C9D0001DBC3CB36ABCFC9ED5AE4BE95E9DEF2FFF
:10C9E0005AD6CCF7F00F1CCDAFB1AC4D7B70B5BFB4
:10C9F0001F2F2EAF7C295B673EAEADCDB6668E771E
:10CA0000EC29BED570B223D09E6D7C6BC35B8DD3F9
:10CA10005A46AC690BD5BEDB98F65DA5D058685B6D
:10CA20009477A358F392AF78340B2BB7AEEFAA8864
:10CA3000B52FCFF397FAAE48B72BBD2EC709F384B5
:10CA400035D9BDC7CC94D7AC16F7137B4D23617A8B
:10CA5000F0D2963DE61E7353798F75D8DC57D9AE68
:10CA60008BE33886B4BF5F55EDBF47CC8B97EECED6
:10CA7000319FAE9857A5771CADCCF7DD3C5B464F98
:10CA8000563ACD635AA7F54EC7FACA3D196658956E
:10CA9000999CB8CEEB9E5CB261B54837FB61D9BEBC
:10CAA0003FDD4F5C711DAB4B47D15DCAF7FDC769D8
:10CAB0001C5CB4CDBB7854DE75E923F3DD7F54C232
:10CAC00097C7F16BACA9AF1ECF17FAFEFC987E9DFD
:10CAD000FE513D281AE627991F7F49DBC64CEBD94A
:10CAE00086B71AC59DE43FAA3D98BB9D3ECC9A9758
:10CAF0006C17D215CFAA9936E617FA747D5E8CCEE4
:10CB0000A2EFB693EAC5F296AE7E3136E745AEE6C1
:10CB1000FCC72E313EB36C2269B1AFBFAE659DDE5E
:10CB200097BD8174C53E68711683C2FAB7B1654579
:10CB3000415C0FA351DF57D95CBE68F66545BECF97
:10CB4000F1BDEA7D19AAD79F9D4F57CCA8D33B5181
:10CB5000F6CF2FA758EFAE2C6FAE2CD303CDB48EEB
:10CB60001433A6A7F51777F6785A5DD6D15AB3E2F3
:10CB70001CB1C5C756FD32E9DE76AD741BAF4CF76C
:10CB8000AA6DA22BD25DBC5D241EEFBFAAFFFEE3FF
:10CB9000B25EF3BECF17677AF9ABD72DF479538C19
:10CBA000D36BF5C0DA667D3413E5DEEE78ADF1DCEB
:10CBB000A78636DC90FD87C6E9DCE6EEB7367C4E0C
:10CBC000F3CC696B215FF151997F76395F916CF5F8
:10CBD000D12C2CCB8F94763EB2B0EE15293715E6CA
:10CBE000D7BE2CFBD8321AA547B3FD5B2A67CE17F8
:10CBF000C5D9476F6937B4B0F66D31C877BBBEC7CA
:10CC00003C699DB04E144F1477948F98AD996AFF8C
:10CC100035D22B8F56AFFDBE38DDF46EA3E9BC4A8A
:10CC20008CCF93C51FF41CD37676AF2CCF3067081A
:10CC300078B6CC5C669EA7F77AB925992F92EE67F5
:10CC4000B2B9EC87F7DDCF5C95EE6D579DD3BBF89D
:10CC50009CEDAB8FD3185F3C322FCA77D725BBD260
:10CC600084CFE616967F6CBEEF4FF8C37E4ACCB6F3
:10CC700097E8BFD6B246BF5E77AC36EB098DBEBB38
:10CC8000E1DCA7DEDAF00F8D4BCDD1EEEFF3D95B0F
:10CC90001B3EABDDA08B1EAA906D7D7584BE345605
:10CCA0008B8C3369DFADCFA733E8C28C7EA4F4E46C
:10CCB0002397D6BFF96AEFADCEADC41575BA789695
:10CCC000CF8BEBCB0E6943D9575779A6B81AEE6EC6
:10CCD00073D8545AEA5AF690EFF38CD12B58581B5C
:10CCE00097D6A4F9265A9B5E5DFF5E5AEF5E4AF71F
:10CCF0008829CE6BE84FD7C5CB5A8E582F7647DAA6
:10CD0000FEEEB73B9ED03CED096D7FCF70EE58CE66
:10CD1000D3D6A4DBB9BF97FDD30F389AF9EA39D53A
:10CD2000FC71CD99C5C7365FEB9CEDABFBEE07BF41
:10CD3000A7B190EDFDD57CB5CB192F4EFB3FCEB200
:10CD40008657D15AD3B11AAD2F691FCD7E9491DA8F
:10CD500030878B0FE6C41A587C7E8FE69833566274
:10CD60008A9EBBAC545F10CBFCB89CA6DA38FF316E
:10CD7000535846FF3D42FFED4FD7BFCBF34D85855E
:10CD8000A539EDC19BD23570F5E3394DAC793B3215
:10CD900037E813DA6BD961F3B825D6BFDB74714F6E
:10CDA000EF93D649EB42F184D59039DB30A13107BE
:10CDB00010F3ABF939737A85F0F959557AB4A4298F
:10CDC0006655EDFAE6CAC9E2F9DCC58E177B3E97D7
:10CDD00015FD7F3817D16FB7E586DBD75E3E9EF92C
:10CDE00003E6CB57A77B8D39F3358E6D7E5FB28B13
:10CDF000F6277CE5D2D87C7966554DF7FE55AF5EB7
:10CE000033DFEA68FD1F27EDD5FA9BB98FEA4F584B
:10CE1000F5D6E748B89D6DC609ADB7F1A3DA5B1B3F
:10CE20005E6BFC68F6FB8D5BB3EBF488ED61B69846
:10CE30000A89995869C6F467916D7D7E618CAE2729
:10CE4000DF4CA1BFB4B0FE6D4A7BB148B979D118AF
:10CE5000BD295D9AF362C6FC6CF659E656671B9ACB
:10CE6000CAADAB9BCACD257116D25E7AF0F3CCA4C5
:10CE70009969997FDDB026C3F89CDD9EAE7F4F5542
:10CE80007B703A6B3E45BAF36B5EF13D2BA39BE69C
:10CE90009707CE332A9F644BA8DE7CBEF87667F5F1
:10CEA00068753DFBE1E700FE3273E62BCFD87EFFCD
:10CEB0009CF98A239CE78FD3B8D69A773E5FEDEC36
:10CEC000B5966BF4E8FF27D2BE3EEDC1AB99695D24
:10CED000A72BA6615D9F117F9FE7B4DB49F7FB8D10
:10CEE0009F63CC66FBD75A9B5DC718DA5848F49904
:10CEF000F974EBC5682D1EAB7D787EAC16EBE02D8A
:10CF00008FA4F9A633E885F56F333957FB6E35E505
:10CF1000157971D6D110FDB7375BCE4C641D7E7B81
:10CF20005DCBE9EEE7AD13E676B39D944F5822DF73
:10CF30005E46F1A35A7DCBC9F97CABEF671C49E78C
:10CF4000CED559153DBB78F3AE4E53CCAA7ED063F7
:10CF50005AB76776F6EC25E365565DB62E3D9EF929
:10CF6000B15FD8773F6CCEFCCB1EDB7C7966F59544
:10CF70002BE6CD97C7E634DF55F737887793FFDF89
:10CF8000CDF8BA74F935FDADDCE7CCA5E627334121
:10CF9000EE64472FF3E8DBB36F353E91DB5BDCD308
:10CFA000F139EDB99C617AA20F93EF8C35638A7EDB
:10CFB0005B3F9F6FF599189FE9E1F99D97F26D62CC
:10CFC000BCCEA7F32C71C699E8BBD56CABF99E4BD0
:10CFD000FBAF788752DC077869CB096BBBB9A372CA
:10CFE00082517A6F7A87EFE7CDAFAED2B3D3B9E78C
:10CFF000B28DF3DBBF974666F3D47CEF3599697742
:10D000009A195D1C13E969F5FAC98E762BC8DD58AB
:10D0100031D3F33CF5EC574936F78F4CF7EA737987
:10D020007FD1F11957A4DB7839DDC56BDE4BA373D3
:10D03000DA7F171691E9ABF3E6F3BD76D6DAFFDDBA
:10D04000F958B5E2CDF437ACD6D7B45CDF1258CC82
:10D0500068728DD6EDD9CF699F646CBEB192B1BEB6
:10D06000DFB0B947AC973DEB3973A6BA58F5F93440
:10D07000E37CB50F57D7C522F7A6FCCEAEEAFA7708
:10D080009958FF92E542BAD5BE2BD2CDCFE73B24CB
:10D09000D24DB77E27B262FB7745A9BE658091F974
:10D0A000A4D5491F6ED7FF30CD37D1C467172FCD18
:10D0B0009947D2A53F755E13F7BC09B2E25E62C71D
:10D0C000729F63EC1157790D72F764CF35B6A6F9EC
:10D0D0003D20CEE1FDD091F9C3E6CCBFE8D8E6F71C
:10D0E0001F01BB38DFF7A54BEFFDDD45F95EBD9CA9
:10D0F0005D9CF395F9FE82BEFDC1CB75F3AF09F1DE
:10D100001BAE6B39AB7D4F1B2E26ED5FD2A2F6CD49
:10D110003DDF6FF871FF73B9CF65F775BFD578B292
:10D12000F3B95C6B26B066AC63E44B1F3623538CBB
:10D13000D1F3398B3E5C38C6FAB9A9B0B24B9C4BDF
:10D14000B62C7FDE9CEFC5F985B179C5FCB34D3CAB
:10D150009B48F3ADA67B8E2DDCA52D178A752D6F10
:10D1600017B7E99BCA7BD311BABEE59FDDDCABF5EF
:10D1700065136DBBD9691EB994EFC9743F9218A3AA
:10D18000DF299ED7DA4C7155A37A7D8631A7D17CF1
:10D1900030DB5F5C66AECB8AF5AED87790638BF7F9
:10D1A0000F3FF4AA55BF68CE7CF5B137D79C335FEB
:10D1B00033DF5DEFEFBB69C60B6791FE7FB1FC64A7
:10D1C000EE9F489F0E25E913997F9AB92DB33ABB7C
:10D1D00024FBAD86EF35ACCEBEDA701D9FBDDAB84C
:10D1E00024BB267BB6F19955ABF9FB7564BE957DE2
:10D1F00026F3A7ACE3FEECAAE55B2CCF667BB3CFAE
:10D200005E5A7AD365E1D9D0E525735DE6BAD5D704
:10D21000AD3EDBF0F72C4CF4327AA635737DA69543
:10D22000FF8E9E2E6B33D7AFFEB7757FCF4CEBCD05
:10D2300055E56CABB86370666B7A5FE8BE4CF5F988
:10D240006733E56C397B3D556BA87A6695785CCB86
:10D25000C8F3670D7FDAF058E3BF6E18E72F3EFE84
:10D26000BEC76B2F07D23C0ECCE772207D567DBC2B
:10D27000FF5ACB2AD123E73FCE2FBF7BC9A7AF5898
:10D280007EEB7D8B546BB5566BB5566BB5566BB557
:10D29000566BB5566BB5566BB5566BB5566BB556EA
:10D2A0006BB5566BB5566BB5566BB5566BB5566BC5
:10D2B000B5566BB5566BB5566BB5566BB5566BB56B
:10D2C000566BB5566BB5566BB5566BB5566BB556BA
:10D2D0006BB5566BB5566BB5566BB5566BB5566B95
:10D2E000B5566BB5566BB5566BB5566BB5566BB53B
:10D2F000566BB5566BB5566BB5566BB5566BB5568A
:10D300006BB5566BB5566BB5566BB5566BB5566B64
:10D31000B5566BB5566BB5566BB5566BB5566BB50A
:10D32000566BB5566BB5566BB5566BB5566BB55659
:10D330006BB5566BB5566BB5566BB5566BB5566B34
:10D34000FFBF69BF71BD5007190A5418B0E1C0850D
:10D35000071F014244889188FA7F423D642850614A
:10D36000C08603171E7C040811214602E93FA11E56
:10D370003214A83060C3810B0F3E028488102381D1
:10D38000F42BD443860215066C3870E1C147801037
:10D3900011622490FE53EA2143810A03361CB8F03F
:10D3A000E023408808311248FF19F590A14085011B
:10D3B0001B0E5C78F0112044841809A47F4A3D6458
:10D3C000285061C08603171E7C040811214602E91B
:10D3D00023D443860215066C3870E1C147801011D2
:10D3E0006224907E957AC850A0C2800D072E3CF82A
:10D3F000081022428C04D2AF510F190A5418B0E120
:10D40000C085071F014244889140BA8E7AC850A057
:10D41000C2800D072E3CF8081022428C04D212EA7A
:10D420002143810A03361CB8F0E0234088083112FA
:10D4300048D7530F190A5418B0E1C085071F01429D
:10D4400044889140FA28F590A14085011B0E5C7834
:10D45000F0112044841809A41BA8870C052A0CD8B5
:10D4600070E0C2838F002122C448202DA51E3214F3
:10D47000A83060C3810B0F3E02848810238154477B
:10D480003D64285061C08603171E7C0408112146A4
:10D4900002A99E7AC850A0C2800D072E3CF8081041
:10D4A00022428C04D232EA2143810A03361CB8F0AE
:10D4B000E023408808311248CBA9870C052A0CD8F4
:10D4C00070E0C2838F002122C44820ADA01E321418
:10D4D000A83060C3810B0F3E02848810238174231F
:10D4E000F590A14085011B0E5C78F0112044841852
:10D4F00009A495D443860215066C3870E1C14780B3
:10D5000010116224906EA21E3214A83060C3810BE9
:10D510000F3E028488102381F431EA2143810A03FB
:10D52000361CB8F0E02340880831124837530F19F1
:10D530000A5418B0E1C085071F014244889140FA9F
:10D5400038F590A14085011B0E5C78F011204484D1
:10D550001809A45BA8870C052A0CD870E0C2838F39
:10D56000002122C44820DD4A3D64285061C0860362
:10D57000171E7C040811214602E9D7A9870C052A49
:10D580000CD870E0C2838F002122C44820FD06F52C
:10D5900090A14085011B0E5C78F01120448418098D
:10D5A000A4FF9C7AC850A0C2800D072E3CF808103A
:10D5B00022428C04924C3D64285061C08603171EA1
:10D5C0007C0408112146026915F590A14085011BD4
:10D5D0000E5C78F0112044841809A4DFA41E3214D4
:10D5E000A83060C3810B0F3E028488102381F45F52
:10D5F000500F190A5418B0E1C085071F0142448832
:10D600009140FA2DEA2143810A03361CB8F0E02349
:10D61000408808311248FF25F590A14085011B0E76
:10D620005C78F0112044841809A4FF8A7AC850A0BD
:10D63000C2800D072E3CF8081022428C04D227A885
:10D64000870C052A0CD870E0C2838F002122C448C1
:10D6500020DD463D64285061C08603171E7C040807
:10D6600011214602A9817AC850A0C2800D072E3C24
:10D67000F8081022428C04D26AEA2143810A033658
:10D680001CB8F0E0234088083112486BA8870C05CD
:10D690002A0CD870E0C2838F002122C44820ADA597
:10D6A0001E3214A83060C3810B0F3E028488102301
:10D6B00081F449EA2143810A03361CB8F0E0234093
:10D6C0008808311248B7530F190A5418B0E1C085C1
:10D6D000071F0142448891405A473D64285061C069
:10D6E0008603171E7C04081121460249A11E32142C
:10D6F000A83060C3810B0F3E028488102381D44878
:10D700003D64285061C08603171E7C040811214621
:10D710000229433D64285061C08603171E7C04081B
:10D7200011214602A9897AC850A0C2800D072E3C5B
:10D73000F8081022428C045233F590A14085011B59
:10D740000E5C78F0112044841809A43BA8870C05CE
:10D750002A0CD870E0C2838F002122C44820ADA7D4
:10D760001E3214A83060C3810B0F3E028488102340
:10D77000817427F590A14085011B0E5C78F0112083
:10D7800044841809A4BBA8870C052A0CD870E0C2F1
:10D79000838F002122C448206DA01E3214A830605F
:10D7A000C3810B0F3E02848810238194A51E32147E
:10D7B000A83060C3810B0F3E028488102381B4918E
:10D7C0007AC850A0C2800D072E3CF8081022428C67
:10D7D00004D2DDD443860215066C3870E1C147805F
:10D7E00010116224907E9B7AC850A0C2800D072E33
:10D7F0003CF8081022428C04D2EF500F190A54183A
:10D80000B0E1C085071F014244889140FAAFA98763
:10D810000C052A0CD870E0C2838F002122C4482056
:10D82000A9D443860215066C3870E1C147801011F7
:10D830006224903E453D64285061C08603171E7CDB
:10D8400004081121460249A31E3214A83060C38186
:10D850000B0F3E028488102381D4423D642850611E
:10D86000C08603171E7C040811214602E9D3D44365
:10D87000860215066C3870E1C14780101162249051
:10D880007E977AC850A0C2800D072E3CF80810225F
:10D89000428C04D23FA31E3214A83060C3810B0F08
:10D8A0003E028488102381F4DF500F190A5418B007
:10D8B000E1C085071F014244889140FA0CF590A110
:10D8C0004085011B0E5C78F0112044841809A4DF08
:10D8D000A31E3214A83060C3810B0F3E028488104F
:10D8E000238194A31E3214A83060C3810B0F3E0223
:10D8F0008488102381A4530F190A5418B0E1C085FD
:10D90000071F0142448891406AA51E3214A8306066
:10D91000C3810B0F3E028488102381F459EA21430E
:10D92000810A03361CB8F0E0234088083112489F72
:10D93000A31E3214A83060C3810B0F3E02848810EE
:10D940002381740FF590A14085011B0E5C78F011C6
:10D95000204484180924837AC850A0C2800D072E61
:10D960003CF8081022428C04521BF590A14085011E
:10D970001B0E5C78F0112044841809A476EA214338
:10D98000810A03361CB8F0E023408808311248268B
:10D99000F590A14085011B0E5C78F011204484189D
:10D9A00009A43CF590A14085011B0E5C78F0112084
:10D9B00044841809A44DD443860215066C3870E1DE
:10D9C000C14780101162249036530F190A5418B0C1
:10D9D000E1C085071F014244889140DA423D642836
:10D9E0005061C08603171E7C040811214602E95EBF
:10D9F000EA2143810A03361CB8F0E023408808314D
:10DA000012489FA71E3214A83060C3810B0F3E023C
:10DA10008488102381F405EA2143810A03361CB867
:10DA2000F0E02340880831124816F590A1408501A6
:10DA30001B0E5C78F0112044841809A402F590A113
:10DA40004085011B0E5C78F0112044841809A4FB6A
:10DA5000A8870C052A0CD870E0C2838F002122C44D
:10DA60004820FD3EF590A14085011B0E5C78F01129
:10DA70002044841809A47F4E3D64285061C0860369
:10DA8000171E7C0408112146F2CF975D2FD9CBAE2B
:10DA9000AF830C052A0CD870E0C2838F002122C40A
:10DAA0004820FDB7D443860215066C3870E1C147A3
:10DAB000801011622490FE05F590A14085011B0E97
:10DAC0005C78F0112044841809A422F590A14085C7
:10DAD000011B0E5C78F0112044841809A412F59003
:10DAE000A14085011B0E5C78F0112044841809A424
:10DAF000FBA9870C052A0CD870E0C2838F00212275
:10DB0000C44820FD01F590A14085011B0E5C78F012
:10DB1000112044841809A43FA41E3214A83060C305
:10DB2000810B0F3E028488102381F445EA21438152
:10DB30000A03361CB8F0E0234088083112480F5021
:10DB40000F190A5418B0E1C085071F01424488919B
:10DB500040FA23EA2143810A03361CB8F0E023404F
:10DB600088083112481DD443860215066C3870E1CE
:10DB7000C147801011622490CAD443860215066CF6
:10DB80003870E1C147801011622490B6520F190A13
:10DB90005418B0E1C085071F014244889140FA1231
:10DBA000F590A14085011B0E5C78F011204484188B
:10DBB00009A407A9870C052A0CD870E0C2838F003E
:10DBC0002122C4481E64FC70183F2043810A03369A
:10DBD0001CB8F0E023408808311248DBA8870C0508
:10DBE0002A0CD870E0C2838F002122C448206DA780
:10DBF0001E3214A83060C3810B0F3E0284881023AC
:10DC000081D4493D64285061C08603171E7C0408F6
:10DC100011214602A9423D64285061C08603171EA7
:10DC20007C040811214602A98B7AC850A0C2800D3D
:10DC3000072E3CF8081022428C04D20EEA214381C0
:10DC40000A03361CB8F0E0234088083112483BA98B
:10DC5000870C052A0CD870E0C2838F002122C448AB
:10DC6000203D443D64285061C08603171E7C040893
:10DC700011214602E961EA2143810A03361CB8F00A
:10DC8000E0234088083112485FA61E3214A8306095
:10DC9000C3810B0F3E028488102381F4C7D44386CE
:10DCA0000215066C3870E1C147801011622490BAE9
:10DCB000A9870C052A0CD870E0C2838F002122C4EA
:10DCC00048203D423D64285061C08603171E7C04F5
:10DCD0000811214602E951EA2143810A03361CB8A2
:10DCE000F0E023408808311248FF927AC850A0C261
:10DCF000800D072E3CF808102242FC2FE9FF905CB3
:10DD0000C60FC850A0C2800D072E3CF80810224252
:10DD10008C04D27F473D64285061C08603171E7C67
:10DD2000040811214602E9BFA71E3214A83060C3BF
:10DD3000810B0F3E028488102381F43F500F190A93
:10DD40005418B0E1C085071F014244889140EAA100
:10DD50001E3214A83060C3810B0F3E02848810234A
:10DD600081B48B7AC850A0C2800D072E3CF80810F1
:10DD700022428C04D257A8870C052A0CD870E0C226
:10DD8000838F002122C448207D957AC850A0C2808C
:10DD90000D072E3CF8081022428C04D29F500F1918
:10DDA0000A5418B0E1C085071F0142448891407AA7
:10DDB0008C7AC850A0C2800D072E3CF80810224271
:10DDC0008C04D29F520F190A5418B0E1C085071F66
:10DDD000014244889140FA33EA2143810A03361C08
:10DDE000B8F0E023408808311248BDD443860215BC
:10DDF000066C3870E1C147801011622490FAA88740
:10DE00000C052A0CD870E0C2838F002122C4482060
:10DE10003D4E3D64285061C08603171E7C040811E6
:10DE2000214602E909EA2143810A03361CB8F0E0E1
:10DE3000234088083112481EF590A14085011B0E31
:10DE40005C78F0112044841809A4DDD443860215BF
:10DE5000066C3870E1C147801011622490F6500FB3
:10DE6000190A5418B0E1C085071F01424488914047
:10DE7000DA4B3D64285061C08603171E7C040811EC
:10DE8000214602A99F7AC850A0C2800D072E3CF8F7
:10DE9000081022428C04D200F590A14085011B0E8F
:10DEA0005C78F0112044841809A47DD443860215BF
:10DEB000066C3870E1C147801011622490F6530F50
:10DEC000190A5418B0E1C085071F014244889140E7
:10DED0007A927AC850A0C2800D072E3CF808102212
:10DEE000428C04D253D443860215066C3870E1C1CB
:10DEF00047801011622490BE463D64285061C08660
:10DF000003171E7C040811214602E9EBD443860264
:10DF100015066C3870E1C147801011622490BE4133
:10DF20003D64285061C08603171E7C0408112146F9
:10DF30000269907AC850A0C2800D072E3CF80810E4
:10DF400022428C04D2D3D443860215066C3870E189
:10DF5000C147801011622490FE9C7AC850A0C280F4
:10DF60000D072E3CF8081022428C04924F3D642885
:10DF70005061C08603171E7C040811214602E97F08
:10DF8000A41E3214A83060C3810B0F3E0284881097
:10DF90002381F43F510F190A5418B0E1C085071FBF
:10DFA000014244889140FA9FA9870C052A0CD87039
:10DFB000E0C2838F002122C44820FD2FD443860273
:10DFC00015066C3870E1C1478010116224900E5024
:10DFD0000F190A5418B0E1C085071F014244889107
:10DFE000403A483D64285061C08603171E7C0408EF
:10DFF00011214602E97FA51E3214A83060C3810BAF
:10E000000F3E028488102381F417D443860215063C
:10E010006C3870E1C147801011622490BE493D64A4
:10E02000285061C08603171E7C040811214602E9AE
:10E0300019EA2143810A03361CB8F0E0234088081E
:10E04000311248DFA21E3214A83060C3810B0F3E8C
:10E05000028488102381F42CF590A14085011B0EC9
:10E060005C78F0112044841809A421EA2143810A34
:10E0700003361CB8F0E02340880831124887A8878F
:10E080000C052A0CD870E0C2838F002122C44820DE
:10E090003D473D64285061C08603171E7C0408116B
:10E0A00021460229A01E3214A83060C3810B0F3E06
:10E0B000028488102381344C3D64285061C086035B
:10E0C000171E7C040811214602E930F590A1408515
:10E0D000011B0E5C78F0112044841809A4E7A9877D
:10E0E0000C052A0CD870E0C2838F002122C448207E
:10E0F0001DA11E3214A83060C3810B0F3E0284881C
:10E1000010238134423D64285061C08603171E7C71
:10E1100004081121460269947AC850A0C2800D07F4
:10E120002E3CF8081022428C04D20BD443860215F0
:10E13000066C3870E1C1478010116224905EA41E05
:10E140003214A83060C3810B0F3E028488102381F3
:10E15000F46DEA2143810A03361CB8F0E0234088BD
:10E16000083112482F510F190A5418B0E1C0850721
:10E170001F014244889140FA4BEA2143810A033649
:10E180001CB8F0E0234088083112487F453D6428E0
:10E190005061C08603171E7C040811214602E96500
:10E1A000EA2143810A03361CB8F0E0234088083195
:10E1B000124863D443860215066C3870E1C147806B
:10E1C00010116224905EA11E3214A83060C3810B2E
:10E1D0000F3E028488102379E537AE97C2DFB8BEC0
:10E1E0000E3214A83060C3810B0F3E0284881023C6
:10E1F00081F4BF510F190A5418B0E1C085071F01FF
:10E200004244889140FADFA9870C052A0CD870E0B7
:10E21000C2838F002122C44820FD2BEA2143810ABA
:10E2200003361CB8F0E023408808311248FF07F598
:10E2300090A14085011B0E5C78F0112044841809E0
:10E24000A47F4D3D64285061C08603171E7C0408DE
:10E2500011214602699C7AC850A0C2800D072E3C4D
:10E26000F8081022428C04D277A8870C052A0CD813
:10E2700070E0C2838F002122C44820FD35F590A1B3
:10E280004085011B0E5C78F0112044841809A4EF2E
:10E29000520F190A5418B0E1C085071F0142448883
:10E2A00091407A957AC850A0C2800D072E3CF8089C
:10E2B0001022428C04D2F7A8870C052A0CD870E0F3
:10E2C000C2838F002122C448207D9F7AC850A0C2FB
:10E2D000800D072E3CF8081022428C04D26BD443E8
:10E2E000860215066C3870E1C147801011622490D7
:10E2F00026A8870C052A0CD870E0C2838F00212243
:10E30000C448201DA51E3214A83060C3810B0F3EE7
:10E3100002848810238114510F190A5418B0E1C0E7
:10E3200085071F0142448891403A463D6428506168
:10E33000C08603171E7C040811214602E938F590B7
:10E34000A14085011B0E5C78F0112044841809A4BB
:10E3500013D443860215066C3870E1C14780101152
:10E360006224904E520F190A5418B0E1C085071F5D
:10E370000142448891403A453D64285061C086037B
:10E38000171E7C04081121460269927AC850A0C267
:10E39000800D072E3CF8081022428C04D269EA2135
:10E3A00043810A03361CB8F0E02340880831124844
:10E3B0003FA01E3214A83060C3810B0F3E02848838
:10E3C000102381F443EA2143810A03361CB8F0E0AC
:10E3D00023408808311248AF530F190A5418B0E18E
:10E3E000C085071F014244889140FA11F590A14071
:10E3F00085011B0E5C78F0112044841809A4BFA18C
:10E400001E3214A83060C3810B0F3E028488102393
:10E4100081F4B7D443860215066C3870E1C1478099
:10E420001011622490DEA01E3214A83060C3810B4C
:10E430000F3E02848810238174867AC850A0C2805F
:10E440000D072E3CF8081022428C04524C3D6428E3
:10E450005061C08603171E7C040811214602E9FFA3
:10E46000A41E3214A83060C3810B0F3E02848810B2
:10E470002381F47F510F190A5418B0E1C085071F9A
:10E48000014244889140FA37D443860215066C381D
:10E4900070E1C147801011622490FE2DF590A140DB
:10E4A00085011B0E5C78F0112044841809A47F4775
:10E4B0003D64285061C08603171E7C040811214664
:10E4C00002E9EFA8870C052A0CD870E0C2838F0000
:10E4D0002122C448204D510F190A5418B0E1C085BB
:10E4E000071F014244889140FAF7D443860215067B
:10E4F0006C3870E1C147801011622490FE9E7AC88A
:10E5000050A0C2800D072E3CF8081022428C04D285
:10E5100059EA2143810A03361CB8F0E023408808F9
:10E520003112486F520F190A5418B0E1C085071F05
:10E53000014244889140FA07EA2143810A03361CCC
:10E54000B8F0E0234088083112486F510F190A547F
:10E5500018B0E1C085071F0142448891403A473D09
:10E5600064285061C08603171E7C040811214602EE
:10E57000699A7AC850A0C2800D072E3CF808102274
:10E58000428C0452423D64285061C08603171E7CB1
:10E5900004081121460269867AC850A0C2800D077E
:10E5A0002EFE037BEF0364C951DE0966D5D4F4D493
:10E5B0003403AA6EB5F00C68879CDE59DCE838DCC1
:10E5C000D2800123D037BD0DB4BC023F84764F8E7C
:10E5D0003DFB4AB22DE60C61CF9E236E25074839DC
:10E5E000A3116E586137BB3AAF6488A524CB5AD9C2
:10E5F000E622C66B7BD74460A859C78A09AC95E769
:10E60000D66BC2DCB1F0248190848406FD171ACD4C
:10E610005C6655BDF7AADEAB7A99F55E6655D6CB3A
:10E62000FACD647555BDFCF755FEFB32F3CBEFDB3D
:10E63000A22EA0EE38752175A7A8EB52779A3AF46E
:10E64000340D4F1DA66E953AA0AE439D4FDD61EA95
:10E6500008755BD405D41DA72EA4EE14755DEA4E93
:10E6600053879EA1E1A9C3D4AD5207D475A8F3A9DD
:10E670003B4C1DA16E8BBA80BAE3D485D49DA2AE6B
:10E680004BDD69EAD0B3343C7598BA55EA80BA0ECE
:10E69000753E7587A923D46D511750779CBA90BAEF
:10E6A00053D475A93B4D1D7A8E86A70E53B74A1DCC
:10E6B00050D7A1CEA7EE307584BA2DEA02EA8E5368
:10E6C0001752778ABA2E75A7A943CFD3F0D461EA3F
:10E6D00056A903EA3AD4F9D41DA68E50B7455D4039
:10E6E000DD71EA42EA4E51D7A5EE3475E8051A9E6F
:10E6F0003A4CDD2A75405D873A9FBAC3D411EAB619
:10E70000A80BA83B4E5D48DD29EABAD49DA60EBDF4
:10E7100048C35387A95BA50EA8EB50E75377983AF7
:10E7200042DD16750175C7A90BA93B455D97BAD3A4
:10E73000D4A1976878EA3075ABD401751DEA7CEAFC
:10E740000E5347A8DBA22EA0EE38752175A7A8EBC3
:10E7500052779A3AF4631A9E3A4CDD2A75405D87E7
:10E760003A9FBAC3D411EAB6A80BA83B4E5D48DD68
:10E7700029EABAD49DA60EBD4CC35387A95BA50E4A
:10E78000A8EB50E75377983A42DD16750175C7A993
:10E790000BA93B455D97BAD3D4A133343C7598BAE5
:10E7A00055EA80BA0E753E7587A923D46D5117506E
:10E7B000779CBA90BA53D475A93B4D1D7A8586A72C
:10E7C0000E53B74A1D50D7A1CEA7EE307584BA2D8F
:10E7D000EA02EA8E531752778ABA2E75A7A94367C1
:10E7E0006978EA3075ABD401751DEA7CEA0E5347AF
:10E7F000A8DBA22EA0EE38752175A7A8EB52779A58
:10E800003A748E86A70E53B74A1D50D7A1CEA7EEF5
:10E81000307584BA2DEA02EA8E531752778ABA2EDF
:10E8200075A7CF89E808B834B447FE5E7A04A1F52D
:10E8300013E76E626F20F97B39FD7BE61C22E7CE81
:10E840005DFBC22FD9E74CC4D097C3D45908E8D593
:10E8500046845E1DF6885CF688BCE811478F103D43
:10E8600092699539D8A3AFB01BFF75A39415E251F7
:10E87000A5B1F30039EFAA221D7755C6AE37CEDE1B
:10E8800058770EEAC119E43F23463AE67B81A9B2E4
:10E89000321EDEB411E0E11767107EE4C6A84579A8
:10E8A000C8765C0F237601C42E0445172BBAD88492
:10E8B0005D9CE8E2469738002411B99886B2703F13
:10E8C00000F5CAFCBAD1857AA57EE3B86947C92E9E
:10E8D000348584241A4314827EBAFC24A270909753
:10E8E000A738E9FC00C344B0EC4429440122D2E13A
:10E8F000B91BD14E7AB78516F76F6C618B5D0EDA56
:10E90000EC72D4892E3BA3CB2222F4B23FBA6C2006
:10E91000768903F4BEE106A2A1E8B7ED056059EAE5
:10E920008562BFB35009F6C701E2A05B086C94840E
:10E9300080A3B9494479A2DE72F214939E1B6098B9
:10E94000088B7A8B52880244A477CF4E518B506A41
:10E95000701A1AA5301B06E33600BD8E1A43AF9815
:10E96000A64B5312FCEFCB8CAD4F3FCEBE8F1E2D6E
:10E970007DA88E405EA93B07F561CA0A3F0E5E9FE7
:10E98000D9C3EA12990424BA06DF5398041E79A366
:10E99000437DEFB54A2C34252A0F107C572360CADB
:10E9A0000AEFF46E72E6214ECC8C93F4BB1C6F75AB
:10E9B00081FC58666C053DBC95FD51173C51615A70
:10E9C00024FE6369F211BE5B7706EA83B2C1CD55BE
:10E9D00015B1343CAF2E6AAC2E6A19C00A591A67B9
:10E9E000455DDC53C04EFA5DFF19C911437425E93A
:10E9F00032770737D66034AC0F5E9C87EE695509D5
:10EA0000E8DBD649F2576285E772A97A7D0DF2D428
:10EA100054C161ECAFC9F83DF5EA921AC04BAA6245
:10EA200026B96F7598BF242052972A0410D15E2F03
:10EA30003BD74BFD870AE2663DA8E30EBF417593C5
:10EA40003C045F590F3F0C5255423CF4BFFFB37575
:10EA5000E6A25E28E4E6FAD0A86F4B437A5B8F8784
:10EA6000322C3B5A0550B522CB4A1A14C53D1DE63F
:10EA700093BFD0AD331775A1C32EF078DDD9A80FA1
:10EA8000AABA39BDF8F53416939E2878A4E68CD43A
:10EA9000882A06374D71561D73B96BB7B2A8A70304
:10EAA000D9B34AAFFED38AA2A783DBA5D72B8A7B33
:10EAB0003AD811E9AB082B9CB95DF80E75714F057A
:10EAC000F286553AA5E83EA92E05AD49A7155EE5A3
:10EAD0004EABE630B987AF3B03F5A1255D05DE7C83
:10EAE000B5BAB8A702F9F8717A054552156C354EDA
:10EAF0005B9606ED663D3C794E51EC94A559D27378
:10EB00000AD3CB15BCAC307FA02EEA294039F79D43
:10EB100098FE0D5F569706A88B5A02DC0D85FBEB1D
:10EB2000B2416C29EB9B7B596B5C46E8DEAE8CD81E
:10EB300072503021D4608F19B1A553DACC0F3DA1AA
:10EB4000AEADE30AA38CBF74295A36155678B7A325
:10EB50002EEE422C0BF821D127848734DD02CE859E
:10EB6000DCE6F203A9B1D50F22ECD3ADB68757BFCF
:10EB7000D52ADEDCDD330AB3C103A9316D56EACDF7
:10EB800069EBC4D9CEF1418B7C17379AE8E8E03ABB
:10EB9000EDE1AB96AA500DE0B23D51A3739117AAD7
:10EBA000DB5FB7D1C6B89F71D9F804AB27E1F62770
:10EBB000D6B6A8A9850F96CD8130BC5A9A12707D21
:10EBC0001076A1790B5F509C15B9C0027E78351E76
:10EBD000A2AB8D40E1B82E9701C14896041EC47FB8
:10EBE0007C1512547AC34DB80B3C6B6244252AC67F
:10EBF0007482A2B272C187C48391C91080EBDC5FBA
:10EC00002FDF1970BEA610171B534E14CAC8F2503E
:10EC1000E39A655C7F482B5561229A423A2EFA218D
:10EC2000CDB7AE38C207125651F09856D2CAE3207B
:10EC30002DA338929B237E575684A3D07D3AAC7087
:10EC40005CCF415C1B611216D78AB5898C20BDB19F
:10EC50003776AAD8C3228D24604A3B1E9A201775A6
:10EC6000C1963A2BC02FCA8CAD19702395308834C9
:10EC70006845966CDB51F04BD8F3F1CED5F590D7C3
:10EC80001DFAE1AEDD077CDAEC9ED176133C0B5C1D
:10EC9000443AA3344CEE37DFB9FA752EE98719E907
:10ECA000375E824E3C0C12F3A71664C77905BF8409
:10ECB0003D1FEF5C3D2B50EAB7BEE1C0D923689FF2
:10ECC0000AE13145A31AB1B615FC12F67CBC73F506
:10ECD000970549B750A05064900B5263DA081D3174
:10ECE0006F95A68FA6F0F00A6024E924BA3449A0F3
:10ECF000E4D5AF2AF8E578CFC7FB4FAF9EE0757338
:10ED0000F8C3F77CEC9B1E65649BA27E8B14F5F028
:10ED10006C0EBADAF3B473D50E7931D11E7ECF8181
:10ED2000653A2CD4B9D35A06502446C4F87A9CDCF0
:10ED30007B1B1ED3DD371EEC5B611AE2A02A9141DA
:10ED400025E0ADE705087D911B0980EB5AECAC5B33
:10ED500053063728FA213D9BF388505C16FB84EE5E
:10ED6000C966EDB9F1608BCA29D256F168837AF889
:10ED7000226CA5EE05DABA071E765610ACFC486583
:10ED8000A624A368A5A24F2C886C6B00713CB65CCE
:10ED9000F468537A78066B9EE381D03215D89F725F
:10EDA000E3663113AB34FDA9E28685850230C142AA
:10EDB000685285CF5F8D4FBFB3B0C09235EDDF177E
:10EDC000688FB0311387BDF0E0D6257CEF24527DEB
:10EDD0007FEF0CF4F0A92D17A14592B862788FCD82
:10EDE000C07623EE8BD3F1A5A718DCAD25075B68B1
:10EDF000650648770615DE5BBE8A70FD1FDD0ED7FF
:10EE00002E51CEAFB6FDF5B260757967DE0F162DC7
:10EE1000EB1E73EFEC1790B23AFF35F612FDE337B5
:10EE2000499646D28623619FC76E9A18112EFAA181
:10EE3000D45789393E5FAA0A5DB5207C2F5022AE97
:10EE40005095D682DA202EA33303E37A160E8F76FE
:10EE5000C2D800D669366A9359C8179FAD89AD16D6
:10EE6000F98FC294F9691C08BBD804F9CD99B4167E
:10EE7000CDC4215D1B445471BB71546183F6D78BA3
:10EE8000E00EF5EC9C193B8EADCDA0A029EBF0A2D5
:10EE900020229EA2AA41CE3444B4A010F3B418712B
:10EEA00072BFE260DA88395806CABFAFAD364C3956
:10EEB0004B6EE7ED717ECF03B168F550A5B0A1525E
:10EEC00040F2D7C52502A953975D15D2252D2437C9
:10EED00017B7700B85466E32C76812E9D224062137
:10EEE00060D7671B231E5C001FBD756F6F9319AD44
:10EEF0003CF3CBA78B648D7A20D65BD65E7FD8425D
:10EF0000DDE6707305B8365133C3B0799100E94737
:10EF10002FB8F5CABFBAEA003AD1786ECE47E81FDB
:10EF2000F4FA6A72C36567B91B0BE43CB2ED341D99
:10EF3000DB4ED4293C26053E426FE8937ED3658F95
:10EF40000B90FE3F6D7B9D3F0B83DBC4B09A225A32
:10EF5000A0004D1ADC24A349A44B3B1A47A26B9393
:10EF600048CF856FDDFDBF92E49EACFF85F70A5761
:10EF70003C78E18DEB77AC5AC86FD626730E7C14C3
:10EF8000ECEEF3F1EEC5CBF7F3021C5AFBE4867509
:10EF9000094261E37555EC42BB1D9CDC7B6801B8FE
:10EFA000019CF5FD78E70A724FBCACFB912C1E70FA
:10EFB0006A2B2E58438BDCD91BB8F6F91DC7C2CD7E
:10EFC000D96E2C427A4EC3185AC13989058FCE8228
:10EFD000153FDCBB2108DDC6F5FD1A0F452DE4D138
:10EFE00019B00AB03268B39683007303AC7964BB7E
:10EFF0008D569AC5CDE1D15736226EAF9A4399B856
:10F00000369E6D7A3787D20BEF36BD3FC6F34EDCA6
:10F010007F3CDF5160C5AF72648A6EBF55207A9124
:10F02000016697DDE8513519AA0E40FBF8945C2C77
:10F0300016E27617987870E34967C0833B203CCF8F
:10F04000E0C45E1E6D905445213ED9178CDD10182A
:10F05000D571F2F74DD59E5F57003BBDD73A8FD0A3
:10F06000115E00CCD8201B791B332050E29C1F245A
:10F070007770700ED07FE0785FA49CCF02F3AC5025
:10F08000717245D83E3F1005BFCAB3B92C0DF68E3C
:10F09000A0AD0E9DB4D677EC47D68682951EE0448F
:10F0A000B9942394136A923C7CEEB885334F62DFA7
:10F0B000F328F3376B0A1BB080962E2FA91C33253B
:10F0C000558191C0025E4FDF1C6AFCC61383DD2BA5
:10F0D0006B47A4CA1376A1011A2555910B56797B6B
:10F0E000E33A9408E3FF40D4B7AEB051766586DBCF
:10F0F000C71F8DAE04F94F28CA517580742F2FAAEF
:10F100008A90057A4C41666A0488488FC53D029909
:10F110000146B62C73C49A071D07BA4F375D6EEED1
:10F12000225ADD49D2C0F13AB66FE17D091702E4F7
:10F130007AAB947665795A18FFF344EAC770D10F19
:10F14000C9012EA1485C168D45C259D85FC790DC15
:10F15000B8B884AE1B6812E94E5EB12E46D7B867C8
:10F1600017D337B784A2A59CA0F14B15590482C7C9
:10F17000FC98D7996064CB02220DFA2F375D6E0E92
:10F18000A12F5BB8777BE87E3F7CA8482B5D02FF10
:10F1900081CFEC39378750D8F83D371B7DF937FDE3
:10F1A000E43E9C0B9984D4F800871F78F5EE7373C6
:10F1B000ABE8C80CB034B7BEE1F0DEF88ECC7DBD54
:10F1C0006B9DE230B3DDBFF9CC170EEC25E8C146EC
:10F1D000E9A5C9C7AE95D51EE9D603013ACD27FDED
:10F1E00075076880EE6CF5F0A484DF233370887BAC
:10F1F00052344B820A17FD30C138859B45BA54CC36
:10F2000000E96F5EDFEA7573577C135B5FE7CD8BB8
:10F21000167EFA637750F6379881EDC65B5D3497BA
:10F22000DCC2C5083ECD3BE2B776EBEE03F46FF7E8
:10F23000593D8DA98AC341C716FB0F4B7B30D78E32
:10F240009FB7E1ECA25F67B5ABCED05145A0933933
:10F25000E8594A0C808E595BE37C23B650605B1EF4
:10F2600053E8D2F8A3007C2B66C380688A0B1B8D01
:10F27000979664C0BD1BCB06EE4077F8D80E17ED0D
:10F2800047E864938EEEE76231752FD46F1D4D3ED3
:10F29000D5E6F79ADECDA1D4E23BB02ABC38C667EA
:10F2A00082A8A61F9A051EDE21BD3B409814F91ABC
:10F2B000C08D46FE3B1B5FE14700A21E6780A5C9CB
:10F2C000C212B4F4E4D56AAC5412DCC120156966EC
:10F2D00011D877636B588FCE42850F07B7B4A91347
:10F2E0009E772FEAE2DD8D73B330AEA7802DDEB8B6
:10F2F0008E0FEE5CDD09C83BD9F89DD6A5D47D5CA8
:10F300008C9C0ADF1743A84D4616CB8AC8B26050C2
:10F3100073B7033F40677BA4551D376B5912CBF081
:10F32000439235BC062D5548535AC084E6EC59909B
:10F330009BF352FD1A8805883EA25FD3A495488BA3
:10F34000898DE47DDA1D11E2936E101ADFC30F83FD
:10F35000DF2C7A9D629324A38B38D4922BD1762212
:10F3600033DF7841D134DDAEC894BD273757DF3A5B
:10F37000BCB47502483F7825346BCE844184723624
:10F380008B2D1CFDC1CD3ADD5880A14A2FE6BB6113
:10F390002A7473E032932749B9AF00414778526924
:10F3A00017A1A3DE0ABA1891C79B2F50920620FE20
:10F3B000F016D50B8B749BC5C3E7030F6EA144A851
:10F3C000062D50E5D7CFF402AC98DC1C5A41AC8531
:10F3D000F80D9ABEC84693482F68C41E948BC68DFC
:10F3E000A710A4F187B8D1DCAEDDAB7E72BF7BF590
:10F3F0007D8827EA8D3FF86A74C93DF4EFF34D1715
:10F400000AF722D2E37EC0DDBD7A0FBAFD35E303F1
:10F410002CFFF6AEEBDF76CF25685F83ECB41620C9
:10F420005BEA8F58B7CF8DF3CD84C7DE7DFD65DFF6
:10F430003F82F63569E6968FE10A7F3B87AD253F2F
:10F44000F7EEEB2F79C442A4F9A46721CECE5B4D31
:10F45000EAE125A325BD11289A9491C9A26BBE2D7E
:10F4600088C5B76E9CC24913BFFAF47BACBFE74DA9
:10F470005F3EBC0C5F7A8F8570F3BBB96C0F3FC7E2
:10F48000676990E3526F88347EA7D54DED327B1EBD
:10F490007690C79986DF8AA245D9D56EF3CFB4DAC4
:10F4A0004E7FDA8AA3733F1CFF70C53C9A3B8648A7
:10F4B000A30E7B7121B661EE45B61BC19D89B5B91E
:10F4C0003E3CCCF77321AD1DF304A1CD062D5514A0
:10F4D000C14D4D5B594FCF5D72F322F327879ADF01
:10F4E000D65300A6790E737D4557F7F219D032989E
:10F4F000AAE6B483B736396C3C203BFA3C41E3BB07
:10F500003926E40C83C7757E5F47129EC7C0633FF0
:10F5100073847609163A3483A48BACC32F236FA36C
:10F52000F18A93516AFA428AFDA460C5E6DC369BF3
:10F530003F7D41E5A76EFB3B7723EF64F3656950A0
:10F540008A8BBB783B422739E3BAF7E98B16D82080
:10F55000301B0611BC9E0910C703E0FA5EFC9477CD
:10F56000EC908548EF10B734C9AC12C03222219913
:10F5700027112E1EC7A170ADEAB2257DEF211E46D0
:10F58000505EA3F9F3F508A9C20611CF98799C89BA
:10F590006E2E0D617D7378068E020C40841A7BA45A
:10F5A000BBC89A1131A29270A2BA113E0D75674480
:10F5B000060643B94BB89E2D36B125A8DB78331823
:10F5C0000CB87F27B4EF9458E29E39195910F060B7
:10F5D0006176D3784151065CCAB713D70DFF95A663
:10F5E0008B16A439F615F6089C002BDEFCFA0A658A
:10F5F0007DA1F1A6EC98FA38486E8516A3A3657B29
:10F60000D846D02C2C46E3DE8DD8B9C6E46FD0782E
:10F610004151D66021B917939B8BEA066DEE8DB7E9
:10F62000F633399AB4BF2E02B044867660FAE69A71
:10F63000DFCD51F4CD567E647E77D8D93EDE337966
:10F64000C35D7BCEBB91F6108FCEC2E0763CB9DFB6
:10F65000DCF19ADDA1C7E9ECB6DE80F1B9BD97A077
:10F660006BBE0F8AB3560506AB6CBB768788233713
:10F6700047DE105CF64CF7087A701616A307A463F1
:10F680004449E728582447BEF2BA67023AB8CD4445
:10F690005B9F08AD9DD69982E8B2E44CECBE4C86E7
:10F6A0009928F5DEE046DEBF736FC8D337177CF8C4
:10F6B0009E2BEE781D6569CE29CF9762B0EADDDB1F
:10F6C0007C21975B7361C809E0CFCDA16D6F4428A1
:10F6D0006CFC2A0D2B6392DC7BAE8BB81B1B1E5A75
:10F6E000DC4747C195A0F14AD7187AF3740CB603EA
:10F6F000A7389E81388B36413370CE2D63A795D0C5
:10F700000BF02D1832D102F468E349CFC2E5EFE3E4
:10F71000B18371B49373371BC5C816CC4769F51D07
:10F72000C0E3127F5734F07B27674178AC0F10D1CC
:10F730006000084EB28FF8A6C62F506510C2A6CD45
:10F740005B9BC4B10623983175D96298A3ADC242C0
:10F75000FE6C6D3213CF215C3F1BB1978DC6737366
:10F760000CB877C33B0610FB5E88B4ECDE3B03DBD2
:10F770008D24BDF580050260EB7D1B08AD3CAC2AF5
:10F7800043F580381C23439407EACC63A6A06CA3FE
:10F79000512799F3AB33717AA50E0877B82C0D6C0D
:10F7A0000F163B8BC8857C19D9CB4F9CBBE9CC3954
:10F7B000899AA2248214BC4FF13B64978804E59592
:10F7C00037DB5F9CA73DFD0CB4F92160AE0F127FC3
:10F7D000A09912278A26359C9D88C813A157685482
:10F7E00077274915A815AFE2CDD41A1D16FB385E50
:10F7F000E40DCF16436B8BACCB7AB1623E98B179F6
:10F800003B8A8E748D079BDB336D252F4315D9A959
:10F810000A22FC2C89BA3992DEB16B2A20FD60895C
:10F8200011CFBE5168DEDE1BA6A58EE95FBF49077A
:10F830003C0B4A940C6E3DA12A4F19407648EEE1EC
:10F8400086881804453FD828B646C980975CBEFC18
:10F850009CBDB0BCBED9594530533BAE1E09447C5B
:10F86000D16F05163AD2A895591EDCC8060E8793AB
:10F87000C557AD20B4663548EF5C918054BAC16E6F
:10F8800000E20F70EFF03A9127BF51F376EE9CBC87
:10F89000135923E560C3430709FD3B138C2CF46E19
:10F8A0003A848EECBC0FB4E4451D63D0A88320F9E4
:10F8B000E648F75F4A7AB77B6F7EDD933E2F16D717
:10F8C000C3E05B883CD690C10DB34B1EE936BAFB52
:10F8D0005D24B987BDBF7FF5633E27A687FE9FDF06
:10F8E0007FFFEFDC78313AF12248CB9D7A6CCB7DFB
:10F8F0007BF765877BB77BB7A1D0E744E27FF33F17
:10F90000FCCA5FFF2E41471AD5CDE593BEFF1D29E6
:10F91000D2E7EFF7399174EFFBCCEBDFFEDBF46657
:10F92000A6B61DC5909C203838539A4ACA61262431
:10F93000A952E08F6D3DC00C96FA4C8A0EBE2AF794
:10F94000ED173FD0979FFBE0A7167FE55739911C35
:10F950007AE4D63D07AEA34DBE51E7DDF27A7817C3
:10F96000DD6AF5E5E7F6FC9BE5FFC263540EDD17A3
:10F9700093DE6D0A3707453F38E8EE2B7A764AC1A9
:10F980000AAEBC4334C6A029A283845DB85313D702
:10F99000E237F568A9C2B3364E3C2D235F15202C03
:10F9A000FA6102E50FF1173C3953AB3428E2F5391F
:10F9B00013F6D7A0ADA8126DCED48A2CD04A807988
:10F9C0009E48A2C7E55063765AADC29D737701F792
:10F9D000EED03288C6E79D9C2D355C9EB72D14F481
:10F9E000BAE13769CF8DBFC6EE124F4048383EC8E6
:10F9F0007E8DCEC6C827EBBC09CF8FCDFED9E8647B
:10FA0000A3E4E2F38B1DAF93DEAD959528CBF71EF3
:10FA10008FEBE85053C6753110D18A82690FDFA48D
:10FA2000492B5F5BAA6703D75EAB4BD036A668F164
:10FA3000D1EFC9CA976A58421A58763BC0F3B6CC80
:10FA4000CEFE2C232F6C8CC6F0C2269CA17409C25A
:10FA5000155E4CCE4E74376DEB61A324A8F810945C
:10FA6000B10276694CA90B8120314161B63D45BA9E
:10FA70004AB3523540A44380E44F53E4E289B04F87
:10FA80005E9DEFEB9D6BD2029548431619D899ED18
:10FA90004E0B756BB3C82D11A9811C0B78F7E23A98
:10FAA0008F9B24378731C78390BD569BB51E9B2003
:10FAB000BF31F3F5C2AA0C99279145783BAA1DE105
:10FAC0006C9D774382FD21FB8C61A3B6204420A06E
:10FAD0006931110F3EDB10D102820AABFCA08EAF60
:10FAE0002CAD00576E8E0E6E0E41AB083766FA5283
:10FAF0008CEC9867F39B3BC1D1A5292C8D1870190C
:10FB00006F8D99AF8F61503BBD1B26377784B7CB84
:10FB1000BC8848275296DE948D2731F4552E8E47A7
:10FB200027A0177FB616A341C8178E848DFD061D2A
:10FB300005B8DDCA17231A80EC791AC2D7F3ECBFD7
:10FB4000ECFD325AFD45260FDF90C18DB6F5DB6D19
:10FB50001EE99B7B9E0FC2CFCD8FF7D4D91BA0D5BA
:10FB6000AF5C820E3E0FB2F2A61CB7EFE096FA0D24
:10FB70006F3F7BE276CEB2647747B8E3B27B08BAD8
:10FB8000B3412AF27717C8CD0D406E38F08BE1ED06
:10FB90001C5FC1DC7BE62EA35D5CB731839B74B434
:10FBA0007AE7660A33293CC6052961A0983488A5FE
:10FBB00039E9F03690C9DF7C69EF89DFE42DCF9D0C
:10FBC0007FCFB1FF71BE85A04192D1023DBCB5FA95
:10FBD000C6F0768E273C37870EBC91B2360DDA64BC
:10FBE000E66B60D962CDDCE59C785A3DC6CEF22248
:10FBF0006C358691B522AB64E301E88280F0635AEC
:10FC0000DE86F723376CCA393722E2C913F1E5C51E
:10FC10006300B80DDA7313E9BC17F9FE6CD66E9663
:10FC20009B65D20E737DF0E50AA2689611D3DF734F
:10FC3000B231CA5988E7AD1D9313551CCD4A837A5A
:10FC400078911ABF41F82AF20F46117996BECB92ED
:10FC5000D6D8C734DCCC0DDF5EAB4B2BBD8588CE50
:10FC60001B4F236C597143EEFFE28B46EB6E34A8B9
:10FC70009B13D940C6746CE7780BDD85E5F59308D6
:10FC8000DDDB94715D0C9E1803E0B0CFB3D19CF91D
:10FC9000FA3E38E672BA302F3ACACC8967FFF97F4C
:10FCA00074D5A667B9F73646AAC22AA629DDB1AD32
:10FCB000033726EA63718DFE6DCC1684E78C1188BC
:10FCC000EBF5F1CE7EC41D0389F53BF66D8050D077
:10FCD000A049AB90B221412F84FED778814A48C514
:10FCE0004C79B07D56D64466CC7C258878B2E38FBB
:10FCF000DA1855BA4454724E488E880DFDDD26B18F
:10FD0000347C0869D24D2A87D63AA846D8322C12BC
:10FD10008AEBC98D8F4AF80DB2F5C41796145B8132
:10FD20008F06BFA34D3ABF2E3459B704BE10534FB0
:10FD3000C638DEC62C4B8EADC930B8E5CE7198966C
:10FD400041D66742834847228B15446080736381A4
:10FD5000C9071B225A00452D3963AFD5216BDCF949
:10FD6000CB32A0750B56351ED7AD9CA1AAA0327719
:10FD7000FAD5A193EF210B9774D0DA3682B43DFB0C
:10FD800042869E1971C5A4A7EF78FD3CAC440ACA0F
:10FD9000B0C62C4DA6E29231FAE648EF7E4384933A
:10FDA000DD0DF74691CF8431725CD2BF1707D07951
:10FDB000317AB8AD6F2FAACAA45CBC1E62BA258383
:10FDC000C69C699DBFC0BEEADED78CBE27D6AEBD3D
:10FDD000AB89B14EB267DB2F86BC88828DCF2EBF38
:10FDE000F7D3F4E6470D19DCD0BF5ABAE1CABB73AA
:10FDF000483F9A227D73CF335F015E447775EE5C96
:10FE0000BB65FE00BAE6475CAF9AE0BF5DF8AEDFC7
:10FE100078248749A5A57EE3A0D40FDC033CF90331
:10FE2000FFBFFEDEDB3EFA0D3AFC37A6C2FFB72766
:10FE3000AEFED3EB72CC7C50D2CF0E48FFF0232124
:10FE40002FA2EEFD771CF8C8030835667F3D42C13E
:10FE5000CC84948C06A2EB098DD7E654A351A48BD5
:10FE60001DE4E68344179D9725CBABE920A21EE94C
:10FE7000B70A1B2337C7746BECCB597BF3AD2F7ECE
:10FE8000E0F86BE37B72D3175ECB558E7FE8BE5BE9
:10FE9000EF604AD71A232D49AEBBFFF68B7F29C7E7
:10FEA000CEF821A66F6EC0D2BC117831F5F4CD35F5
:10FEB000E6881F7894FD7472DAB48336FB2CEF96D3
:10FEC000E7136E4C8E856DF0901B3666FAE2586B28
:10FED000765E3F074C3149728F91B5C6D797EDD901
:10FEE000E0200BEF6BBCBAEC745F18CBCD09E86B6C
:10FEF00062EE519D15316501453F78839FD8422BB5
:10FF0000E1C4B30BE251726773C6758C720B9464D3
:10FF10009E2C81C58AC8A01DEDE61A232DE9A07F7D
:10FF20009CCBD360B4AB7F0F6267FC5623FB302BB6
:10FF30008DE9E68A91D2B8458E0AF3759EC6AAF17C
:10FF40004789088BBCE2F483C89623B0D8FA6A3A92
:10FF5000D8FAB5E3B29AE0E6B1CA1E2E75BA62824B
:10FF600000C588F2B4C5E2725916B3951A18A9B83B
:10FF7000E77334F04800743EF54703ACF47B7852E5
:10FF80001878C887387801C89B85A372013BBD717A
:10FF90000C0FFD64FDC37EA6F30D720F0540D15911
:10FFA0006770BBC2A92B40A9F98977EBEEDD790513
:10FFB0000368374A2D5C0955B448D55E7306378708
:10FFC000E41AE90B60696766D385AF6E6F1F338DE6
:10FFD000E3DDDB98839DF89A7992DB852DD9EB766A
:10FFE000AFE5B836BF597A6B8C8DA5B5A539DA88DF
:10FFF000005B24EFBDB5CDEBF7A7CE7EBE8C2CF217
:020000040001F9
:100000006EB1A3DD97C6880C8E61D34A2E6924DEBB
:10001000A1396DBD00648230B180466316A3111B07
:10002000BA70CEDB74D70722FB6FB1AD52D46DD05E
:10003000623414FE92E9FDF8FAE6928EA13993D665
:1000400062F4958D1224A42A3C0E43B2A5EE8E676D
:10005000814BF1A5DC2C9442B65A9704E43E3C5205
:100060003A1E8928F529A1F827BB7FC47949448A1B
:10007000C8A59E8E22D41CD5F8A4E03DA41F7236DC
:10008000E5F2C0C637D2186E8E419698783CB26BB6
:100090002B41352108DF4BC2D2844DD13787D6D0D2
:1000A000DA91E51CBEED22CF7556ECB8D760A638C4
:1000B000092FA2957502FBD65629E9FD5724AE50AB
:1000C00056015FE895ED584B07C8C2CADC3B51F6B4
:1000D0001C97955976E066B90D7A0F3827A2E10092
:1000E000FBA937CB4601D6D69E1B1979B622D287FB
:1000F000C1F62582DE43203068D82E44662B21AB22
:1001000056D31937E0F4EDFF8A61CA52CF82124DFF
:1001100028914B51C438FDCBA23B3809559060362D
:10012000C025746CBB93FE0D9B73C48FD8DBE7971F
:10013000387E84D6A297E216127EB7F7027A36246A
:10014000F24790FCA9C318940E5008929CCFA2A429
:10015000E7A98E4C7331EC6E28FFA34A076900B6FD
:1001600045D31CBD34DDFFF1E06FA01CE131F8DCAC
:10017000A7FFD9ABCF26CD74F74D28BC9977C4EF34
:100180000BEEDE9FEA5A287CBA29835BF7C987FF0A
:1001900016FDCCE8FB6B8FFCC4E15F7824961873E6
:1001A00023D239FAE6B6BEB0B4F7A6EE016C3D0331
:1001B000C99B6491A7482841F08CF014018A11E58D
:1001C0002978E973DF4717B28E18677EEC5A3FE152
:1001D0005F7663F270FD6FA090ECC8FC3E12807CED
:1001E000EDB21B3FEC13DC4D1FDDB77B7E73016569
:1001F00073CC0D400415654579EA3EFBB9FF849840
:10020000E0C8D07C1CAC0BD1B934E9C361871321A1
:10021000EFDF4949A71FA4D60320C2A433A477590E
:10022000328092A9269158DD92E166088D5F96444E
:10023000C37D8AD0FAACD528964618FC6644A26BDA
:10024000734AFD9A0FDE96B7E4D8FDF05D577CEA5D
:10025000C6642CDFF81C0A798A9383F3EFFAE0A7CF
:10026000F659883466F7053B2497D3F43BCE2EEF3E
:10027000BADED3363AB87122F2DF77CC3ADFA79FE5
:10028000A031A50EAE7B15CAE1E1D7EDDFC316C4E0
:10029000F79EC72CB67204E2BD759731D92BF0DDFD
:1002A000F1FE34C287EC5C0ED5FD10DA757B7FE77A
:1002B000BDD8C2631F182D5BFF9AFEB51A234654A2
:1002C000845BDDC1C8BE3ACEE3008ECB2A87AFED9A
:1002D00052451E48EE5BBEE2C50C1621FE1B687B34
:1002E000BA310F38FFB5971ACB3177759FE96A623B
:1002F00017AB39EBF0059B691E1ACCD44068CA6471
:100300002F580E411E698C8C6C58BC0C9F5E3913A3
:10031000D9D0B9CB63BE8266890CE6712B24D51087
:1003200056896044F42B769BA3B08195689EA0E823
:10033000F9C829B5DC02D19E1B0DD8186E0E7DAA16
:10034000A0977390654372EFDA883F7F398696975E
:10035000E91FD29C6E0EDBB98A3A00DD9DF624B807
:1003600034B4D124351D04096CD98BACFDEFF73EB4
:100370008B97686C417324A81033C2368A53BB56DE
:10038000B6FBC93DB3ACCEEFE2D7DDF9B5ABE8774C
:100390006C4E85DF9F3F31210B47BD7E7560CD1CC4
:1003A000E778CAE0FC4FC2719732FBCD1ADC8A8035
:1003B000CBFA254D9AB446BC5A6EE73D3CE2F15665
:1003C000695CC4662F286C4E852F2A5A5C5E6209D0
:1003D000A24B73A42A483E279B2E632C1855B45970
:1003E0001D3487F4021094EDD5F90BB25E2C6C101D
:1003F000EAAB337A0420291EC6C7321EFE8CAC0835
:100400006B44C608027F29DA894DB506CD37560AF6
:10041000E9072121443B56ABD9A01E1EE553666770
:10042000CAD9E3ABD045F1DE2DD6F79CDB6410587A
:10043000A7839813C08F6A295A30BADE1E749CB500
:100440002379265DDC05D7C109C11859DE11AE1923
:100450008C0FB9EBD85B45BECE3AA884E02C0D9446
:10046000AEB1D2E4163B76C34EE4ABF1E3BA9D22C3
:100470005D6CBF9E0560EAB7F4B4CE8B475F15553F
:10048000E3C514BD1B63FCF5F10E378884C7BACDF4
:10049000DF64CE70B22040BB8BF041D4200D25E349
:1004A00000995BBEAE0ADC6121B0B68A9357FDECC1
:1004B000F3E1E0C491C77394B390F94BF71EEFDDFD
:1004C0005BE1FBB896CF828D05FC5E422BBC9ECAD9
:1004D000549D11D2F1D69D073FF9AB3F39EAD5DBE8
:1004E000BBEB75BD05C6F086F01E2EE97775EE7C78
:1004F000FF2D7B0F20FF0590905315182EF55FFD03
:10050000EF7FF4A1AFEF18F517ECBD746F90DC131B
:1005100011D2C3BFFF7F7FE5AFBF4110D1767F7D92
:1005200098F4C7FFEE8FFE973FE293FE089FF4FB1F
:10053000EE78FDDB1FB0116ED2E9C67CE089425136
:10054000D21BB436271B06928E93BF3A9BB7120577
:10055000992C94B6A57EDCCFF22636B8DE9B7E625F
:10056000D45FF0FA3FFB2049EEC9FDA72E3998D39E
:100570001566D053BA86B4DD8218EEE1B14310CAD5
:100580006169FCB95BF7F456E289B53A17F222EEDD
:10059000915EAF9D563CEE47187E3A48F2BCB916C4
:1005A000B38B924C552D7434D75306164BD64E9FB1
:1005B00073D309FB47F75476D2171B39633678CECD
:1005C000224EEEF1D0E1A65C2CBBF6F2BA6B218D87
:1005D00055ED65CF638485FE4A09D5A7A1A754458B
:1005E0003972ECD41D3F644F5199BE33B751E0FCD2
:1005F000D770C180786C117B3F3F1EA6231D9D6C78
:10060000D0DA9C5BB0ABE4F6DF8622D1F81E5A2725
:10061000B4E3E8E64C5F266E3C720143CF4EC182E4
:1006200063E6B5B3CF7305E546359DBEE0D15745CA
:100630008B2F1EB336BBD2F7040EE1450E9EBBC412
:100640008A57DB052A3CF20672E9072FE33787E970
:100650001986C5E4C269A0E6880CB2DE29EF3D63C5
:10066000694872EF62FED21C413F19790A9E939746
:1006700037B5602C4E412F9431E649442273D9821C
:1006800046737A78B7C094CF15C71CB492D06EB3B6
:10069000EE9E53EEAEE542B418DD985310C5042D1E
:1006A00027BBC6141FDABE7F6183D3C303D9E7AD6E
:1006B000BC95FED555398B3DAC24C12B3A97CF461E
:1006C000F5FE09E7B7D2605C91926DACE8519816DF
:1006D00014ADFA38AF38A23CADC7F7C3F31A2BC339
:1006E000C8E620F708815DF376E378E6090BC6C219
:1006F000BE4B99E32F49AABAEA8727C22F33EF41AD
:10070000A4AE253E4853A62F445A4CFDAAA6E75254
:10071000452E0AFBF8F40F2262E14E1406B2C77EA2
:10072000F8C12A04DF3869E28D948B17C77FC2179E
:10073000A15CB85A51F831F0E0D6C5459E527ED83A
:10074000059A235A30C64E2B9E24BEA0310740C6C0
:10075000B6C6F44F22CB0D983AA2F1EE0B1E7D9552
:10076000DBD31D49B3612E118DDE7F36235A20D88D
:10077000B3D400D271EC63799CE6BC37DF5F81DED5
:1007800044C4EB9D652FC44AC75D629E026DF5C8E7
:100790008EE80622762ECB167F8D4175E0CED71DD2
:1007A000A0ED63DB7644B4D5233BACE28D2DA2CE25
:1007B000E7EA9B4BA9DA13819D284A82F4F9F5F800
:1007C000C87F113B8CCBC43F51806244AABD935279
:1007D0001F227F11AD40AFACFDDCC0C3013A085B06
:1007E000A32A747BE96889429B5D78700B2211AD66
:1007F00044D58434E9885F3EE8449E940AC0981E3C
:1008000092AB6F8EC831DB211BD79D79F1E2DC1FE3
:10081000BE71D1357F7A2AC9B37F3FB9D8CF119F36
:10082000CEE0EF2FF9C56F3D4B3D3D3432B8694AFC
:10083000FA47CE9CCE25DDFE36B9F64FFF5DBC05EE
:10084000BBB9FCC0EFBD039F373EA2CE9E77CCBDA7
:10085000E60C0DF0200CFFA429E9D7BD5850EACFD3
:100860001FB9F6AB5B89A670EBEBAF5BE12DC577EB
:1008700077AFCCCDDF80488E6841D348FF76F84B08
:100880005F3D9D90BE23E46F417477C31C1B0BC278
:10089000A62C558CD137571A105F1BB454211BB3AB
:1008A00041FA446DB431CA59C66302360C8F4E5AB0
:1008B000096F5CAC0797FCCA039FCFFDE1CAE58FC7
:1008C0007F693529F6F52F5DF28F4EF2B6205E7FF7
:1008D000CFFB3E75C0427E561113207D7BF890E41D
:1008E000F7F0E8D8EED54BE2BB60E362B43DE444F8
:1008F00084DFF7C9CB3F7B2DFD9B9DB961762943F2
:10090000BA9004869C49C106CE5D4D708E21EF439E
:100910008901D7ADA5EDEE124FAA628B38DE910D9D
:100920003AC8E9295591837F883773DFBBEEC2B699
:10093000BEB635C0CB16F0D46FD9CB07F7D3CFE313
:100940003F937D3D7D16ABC6AED4BD90BEB9002DA4
:1009500045151B677AF8F87BF18E1168073BD5487F
:1009600081EB7BD14E349968BC2C990514BC27C807
:100970004AD5702633C81BA1C8FCF577B143B3DD57
:1009800074245A83E4BFF6A2CDF21882626F38BE97
:1009900066B62022738E6396FAEB44D1688D010D02
:1009A0000C1B0272B82BB2BDC601A9713D915AD081
:1009B000735867D9C279EFEDADE5C17711594C870E
:1009C000E42F698C04151380CD7D4D077632F0231A
:1009D00046BE0BA849369E560A7F71FA12C18E8810
:1009E000407C226385BBD3E7A92A14088F45B6E46F
:1009F000933BAB847C2F49ADD2F424944A5A81AC0A
:100A00000C50F4FA6DBD5B31C2B761888CA0A5DAD9
:100A10007A6C0D028E4E9CB75A708935877AE6DC67
:100A20004024C03272A2EE20ABB580E822109E07AF
:100A3000A63B318F5BD9BE893C2FE9019D257634D9
:100A40008A13D1959F419E4F79F8E6ACCD8D419F99
:100A5000A7A1DDBB8DB9DEE36FA3ADB4E408E4F577
:100A600040BDF1605464104B4BA32AD82855EA02CC
:100A700080685FB5DB9FB981FC2C4907CE79C77AC6
:100A8000273BF5BB88FAAD08C3EBF064D25CD50810
:100A90002B2310BFC1F59FD40CE80985E378BB9DDB
:100AA000C8CE974478F96DD12BBD00E64475BCFBE8
:100AB00024A4DE91C9F2542BD29B32622B85845D33
:100AC0002D04AFE4C4A42D70DE4B484B098A4D3B86
:100AD0008BCD516BCCD7E4C24E55578714781A2072
:100AE0003912889BA56530B750CB8EF8765CB5FD82
:100AF0002713D182B8A475919BCBB1EF02D8CE3524
:100B000082E62E6CC24A4FDF9C47F89DDE4589AADB
:100B1000BD4A1859EDD67D3A40AB0A34868727D2B4
:100B200023EC6D32839AF8270416F7BA98BAE7B324
:100B3000332C408F3F48953AC77AA3C680DE4DE1FB
:100B4000424E06718FD6283DB222654204FC78C021
:100B5000FA9F6E4A61433764D750974D667FE89994
:100B60005C73F3DCAB47BD75E72EDD7953FF69F5A8
:100B7000BA90176F78E2CB07DF35E720F2C86070D4
:100B8000EB86DB6855086FE6E9B4A9006CA8F68728
:100B9000DE11EBE6B9FF79D4EBF1F7FFE5953DD235
:100BA0004184F4874E7CD93A3047E3EF42FF5DF74A
:100BB000042BEFF08826DB8DFED0F3991FFFD33F87
:100BC0007EEDA8B7F06BBFFD9BFFB2FF24407AF724
:100BD0003B5F3EB13A67A36E4A398B1FEA4DFAD1AB
:100BE0005CD2FDAFFDF6AB4A55F8EE77FEECE0CFF8
:100BF000D0520F4B88165C7EE2DC4D67CED53E00AE
:100C00004A1F801AB3D92C1FB3213F371124928E6B
:100C10008B7F22F2529187146BE3FF156B4EE1D16B
:100C20009C41B40E0CE99D63FA74F2380FFCFA375C
:100C30005E7147EF816CFDCC416E6FFD9D7B3EF098
:100C4000A5BD68308DC1ACA7679CA1B6AC0D537C27
:100C50009CD7D5BDEFD6D483404F8FEF23072FA667
:100C60003D3DE9ADC7332D2F60618DF6DEF0F00B11
:100C70008BE4097E60E22C0CC4CBF03AE1C5EB1E9C
:100C80000CF03EF60DD3BB30BD0DAC523954827C16
:100C9000555A4EDE12DAA66DAF2F27F7201237DB3A
:100CA000766424063DC308F1AC0697CAA062080F1B
:100CB000E493AD31E18CFD176DA6AD6516485D1B63
:100CC0004AADA75E88E2220E1BB3ED5884E1639F14
:100CD000FCE23B6A6DEE669640F455B42888746D6C
:100CE000172A7DB056E2E5C9C707DEE108BB125BF3
:100CF00013B978187E5160609D0EC676BF8B17B011
:100D0000E1885DE4AFB1B9BA9E151E97F26DF5BCEE
:100D1000435F7F0F27001BC570F30F82941E8B214A
:100D200069234D229DB879C318B8FB49B9789C68EE
:100D300052E137460359843C6D8396602DCF000FF6
:100D40008B0937126B083B493727D4C3AF383B01B7
:100D50001FCDF6F0CD84ED5A258562363C0F56281E
:100D60004BD3EDBD60220791125E22376B13C22E6A
:100D7000A3806C65AD4CD4DE6F2DDE8EB25B11248A
:100D8000FEA3C99C3507F9BC3ACB2F29150F89FF63
:100D9000E7D970D460EA1661341F38DF5BC6E32EF2
:100DA0006E134EBCA7B412C5F18260BEA606E1FD6B
:100DB000385CC850E4B9E4ACCB8F459006A72170ED
:100DC000B9F0DA801D7B823201DCE853D1BE515B81
:100DD000FD34E2C8A893E50F7098F9A175DED753EA
:100DE0004F7C190899F0CBC10CB0342988F22898AF
:100DF0005D52835B5C6BB459A811C60483B11D5569
:100E0000F8E61CFF1907B7E03E1F895CBCC6E24448
:100E10007832AFC0F71ED1AEA999AB1C7BAD749EE2
:100E2000E2E415A80D9BD05BA4293E1796820B081F
:100E3000306202A3DA36EEBC8CE557E68C10115F07
:100E4000EF1CB3C8CD0AFE719ECFDA4046DEE42E19
:100E50001A965E84EFD9728697CA86AC0478F495A8
:100E600055407A5A9756243FC7ABC68B4BF1494839
:100E70006890F235AB6049B62C58470216C20D2275
:100E80009DB6CF1CF1E1F2A66A5913A1A4FBDFD5F0
:100E9000B69BF3879EC3DBADDCADF35B8F1C24BF39
:100EA0001ADF923D07AE0B79F176FF6E7EEE8B571F
:100EB00039351B372BC4A8FC1C2E22DDFEF6CDFBDA
:100EC0007EEEF1B8A83745483F7D62D72FEEFA3263
:100ED0009DB4EA69969AC11F7A2E2AF57F77E49726
:100EE000BF9668D9132A751F5DF8ED5D2FD26FA5E7
:100EF0006F5BF7879E8B48FFF65F5DF8AEDF4DF4C2
:100F0000CE09917EF7EBDEF2664059D102DD216910
:100F1000F118C77F489324A425434F1E3E1F72B784
:100F20000C66C20EFB84D0B7D487E5E6C26FBFFA69
:100F3000F579FEAE3C1A9B5FA5209F38F77F9EE0B7
:100F4000312AF843F77CF0338B16222F703CD607FA
:100F50007FE8B9A087773B6440BA500F7F25B1FE88
:100F6000CD329D06BFACED9E1BCE3C011A5865CD1F
:100F7000C0B1EDE5F564FAE621CF015EBCDEB17FDC
:100F8000EDFA17692B559123376741C1F4B4935299
:100F90003FB660616EDCE0BA101DFAD7D604FDD012
:100FA000EC138A7CED4A4DE704E7EE0B51CC1B8F26
:100FB000EB72A63383495BA1BB065C3FAB913A263B
:100FC0000B6D3688A5112B24FE4CD4B689D7413A37
:100FD0001B2816449A54B1CAC21456D15612E8D9E5
:100FE000CDE5A36811E2BD7DB1B90501CB9DA4B7E4
:100FF000A55CE3A475CC720ACEF14DF8951984D2A4
:101000000D13CD53FAAEC882A03F927E782B21F902
:10101000BE527091CB4EF1637DB9B90940B08505E0
:10102000BC399111E7F07BDA7273A2F0EC41E72F43
:10103000B2D04859A3A8A9751B2F5A90E9E13B9F4C
:10104000C2DC00B07ECBFC02FD4B5EA8AFD4E588CD
:101050006AA5477B62639B1B2B133725F42FD6951C
:10106000911DA9BA1EED9E72B50B58F1C1F4084B43
:101070000E13FEE360C9F5BC155AE1F5DC782A874A
:101080002CB198E73DA9173320143E0C3EBF9BD8E6
:101090007ECB1319D40024F72D2EF00DBD1B47B4C1
:1010A00007A1F1FBC3BAA82A029116D3E4DDB4BEAE
:1010B0006B7358DC6BAAB17BFC6FE1C57107F50857
:1010C0008F11C9F1E1E42F887866DBEB6CE65653AB
:1010D000859F0C38E75DF9496B22715EA77E1A285F
:1010E000E75DC8487A0936091A2437E7E5524F4ABE
:1010F000C703C98C5DE30A8F475F89142AF0A38D6B
:101100003F613D2C0D669752C35250F443144B720D
:1011100000E45EB0D6082FA67927807D40C7F5A7EA
:10112000B515289930637CB9B9255631B613F40C3E
:10113000CF676D208A42F53F694D7A69786543D063
:1011400070975E14A2BCDE39DA1D0434FEE009118A
:10115000DF3500504E95E7CACD89E99D8B816B5CE8
:10116000962C2F00C80F11007F10588AE776759EC5
:101170007D29AFEEAB28C4AA1FFF25E75D7936E4D1
:10118000C672EA2BBB7FE15A07052FEDE67A5500C0
:10119000CC2EA5482F0CC18A70D58FDBC6E67917F7
:1011A0007CE5042FA6874EFCD4EE575F6BA3071F88
:1011B000863219900A8E49D91C704BFDC6AFDEC726
:1011C00025DD0FBF7AC32E66D2AE46B93999A4C7C2
:1011D000A54E3E72E5755CD28388741B751FE6F9D7
:1011E0006C1AC439215DF5CD11A4FA6C6DD80A8F43
:1011F00099881A497F55E910B97273145B41C2C8C6
:10120000DCBFF9DA13BC31132FBCF18ADFB9D1AAE4
:10121000756D4E014B8316DE187263A1F3DAF399F4
:10122000A0DD69AE4F15007921D87CBD67D16C6B0C
:10123000F50ECC8D69F38AE5EDDB3B29557B35A0B6
:10124000DC76A32510023BC839C88B88E99B236C48
:10125000F0A8675C073521560946F43F07F40332CE
:101260001B5FF7CE184B63BBDC752FC78B676EF720
:10127000EA2B4B93835C4E0DA8DBCC3C8D87C70CCF
:1012800039D3EF73B29E6E4E11C0DB14E941ECC846
:101290008AE3A11AF7D7E52D88F64C30C6473FB947
:1012A000F1DEEDB1BE308C591A2C2D17CA50549A6C
:1012B000232A5CF8C5EEDA918C795F5A72798C5FDB
:1012C000BD7124FB4838DE817A617EBA83F97A6F7A
:1012D0009E947B409E7D5C5E9C53062846A4143001
:1012E000B2381D09B8E6F848EA384D704450D4C900
:1012F000ABD3EC6070F0609AD06AD54FC911470F3C
:10130000D8655FF200222142B09846D1BEFD175445
:101310004E19AB1410191372007A59EB17DA22E246
:10132000B273B4375899A775E14C44318EEBBBBE0C
:101330004AC78A41D0D17E050A111BE0B81A51EF85
:10134000B6D9E7819A24A8CAF704C5469707F65A82
:10135000C9071710849C8888BDDD5B057AD3784166
:10136000D16C037705066AC2CE4ED908D738732BE5
:101370008BA2CE28DB4CF99D67A4A8CC4261A6C203
:10138000E78F6BDA237D000EF3BD43FC7D42B5F29F
:10139000F0E90219EECE151CB5CAB51A308AC49010
:1013A000A1AE8BD12531D0EACF1F30131FD05B9B6C
:1013B000C34A725435846B1220E4F7F6D7B53CE982
:1013C000571A8E881E2A3BB1DADD8D1F2BEFDFA462
:1013D0006EAEE3FE9DD59FBF8E811515F42C286C53
:1013E00070736F8B61C7AC4050C2CC9506C8E7B430
:1013F00007F541AC8727D135EC4D5ADD75B76AED5D
:101400008A72529BB710F46A798044E4E6D609DA0E
:1014100047395FF2702F039D404A4E321837ACCBEC
:10142000423A5EA1BEDA79EB0A229683AEE91B2D21
:1014300055413A270F526261451724F7AE8804954B
:101440009D0C027D31226097A894F2559BB965F7F7
:101450000D4A071887B86A3ABD88D358C483FB8DF4
:101460001C79527BB83230B9B92336E5E1FB6A35D5
:10147000590C0D34D51A59BD2A1D86C998F97DCD50
:1014800063517846BA5D308911B02B32658062C4F1
:10149000798AD7E572481D9FCE680088C4EB62A99F
:1014A0000A9FFE27F317FC71039769E076F2911DFE
:1014B000BB93A50A0BFD1AF912C7E82AF9E6DB9DD2
:1014C000CFDCE8A06E2C37E7A3CD1DBF337FC1BDB5
:1014D0000D24FD3F5F7DE4233B1E8D77DE430BDD56
:1014E000187E94239975F49BDB9CD337DA043D0F67
:1014F000ECB16B916B7EE91B6FFEE7FC33FFDAA169
:10150000FBF7375FB3231946C90E7423F911B7D41B
:101510002D871C46E848BCD34A497FC3AF7FE38987
:10152000AB1B48BA7F3BC9901EFE7F5CD2C90E72CE
:101530003DAD227D8112D2C8F5D82960355E43C900
:10154000E41895A07272CD09798C4129532F0402B9
:1015500010611B622C4F76344A3971C4E2280C109A
:10156000CE865445495E8CB04B902867B1C81D07A4
:10157000AEBBFFF6063677FC86A39FD8B99A747384
:101580000EFA19EB3F73E606DDEFFCBE73FB6F6CE2
:1015900043389EAF6314EC6928E9E87D640FBAA470
:1015A000FF741D9CE4F8F7EFBB1BEDF1D94E6BF215
:1015B000C243C4ADCEE68B44386BC8DB7951F260D0
:1015C000A15DDC00DE316CBBAC66C43C3C6617D26E
:1015D000EBDE0AA7BDA52B85BC5A9436A60AE91FE7
:1015E000EE4596D54B88FE80C987463BCF4C80653B
:1015F000F46974ED6A6ABBD1D3799F759D14FFC6F7
:101600002FE6026CD6AAAB024B88036834EB19FABA
:101610003945786132853F54F54966E9ABDE845D32
:10162000324D94BBFAB3627D9A927FB2D69D562C0E
:10163000218E0CD5CBEB27BD7DFC313E92305C89F1
:101640000D1D81843C28C4580514949DB1960795BE
:101650005C84B971D811D0B0197A69C6716BD05752
:101660003413CBCC716927910835F29B3F7D21293A
:10167000454C0C90EFAD0FB66EC65A091E68192482
:101680009EBEA3DB78ECEC1574D42CB88BF14937F3
:1016900018A64F328B6CD56907EC6474EB2E115E83
:1016A0000060054F3F56B7F1DB8D2175CB7797086A
:1016B000B091885F36432FCDED56F1CCDE236875AF
:1016C0003D1900DCF54D6FDF1A7F57A7C34E0304A9
:1016D000B14089A78F99CE5170B8A08356DA0BF02C
:1016E0009905EF5FA1555AF07E8384C70A6095166D
:1016F0000981F8DA8C717D0C70F920B121E2C6887D
:101700000C16B7C7D25240100782D8087913B71900
:1017100013B889E1D5F85E28008ABE6457DDB11F91
:10172000AC2CE61158839217E8AD813180160A9FE0
:101730004BBD4BEF62E78528097E00A15262D1A420
:1017400077D6C756709CF36E384092AAFF12447F3A
:1017500035AFF19CB24CFD4CB83BDB76E23F254106
:10176000553D074FC4BC45A5565C4160C2D4936E3D
:101770004E7F8C2F77E8DF89AC313AA8D0FE7AB360
:10178000017C2F765491062A7970BE1DD4DAC119D6
:10179000B7DDF500914453B40BAE4D5C4EC7E07A13
:1017A0002EB23AB4ADFFA8FF0AC8947914C23453DC
:1017B00005925734E5238C0C403A3D7D7304554522
:1017C000FA44206306203B250B0D2291F5E34A2BBA
:1017D000673962677E1A0216893785E2234AE54037
:1017E000D078B9B9D4BD9F7BA475384054EA16228D
:1017F00029D3F370C416DEF0AE18633791339D81A0
:10180000C869DEF84F902A751A2A225D8EB4249298
:10181000BAC41DEBC14E2498F1E8EFC5D2B823D26B
:10182000927D6EAE112A79EE27C56509E1F15FF868
:1018300072324C9183B7CC5FF0479C72F7E7C8C215
:1018400069C741F8A95AF4CD95012DB33337174B29
:101850004575C2E3DB5FF3F144DFDCBEF77E7AE976
:101860000F39125487E7C89B4EEFA21525969BD3DC
:101870001CDF3A52ACBEA77BE24FB7CFFF592255CF
:1018800071F1471EF8FC3B39917577909B565F8349
:1018900048B5FAE1279D268C233D08FF743BEA29D1
:1018A00062FAE98F7EE38B3FCF11FEA3A4FFC42A27
:1018B000F593317454F5F48D549C5E1677D6A3835A
:1018C0004A0BE4C8CD157B2E576181EB038B46C5CF
:1018D0005DAA18A7257E2400C47F4654F2D8285F4D
:1018E0006470227178496B00519EEC481CDE29CB54
:1018F0006038B9470568C6487ACFADE81040ED7842
:10190000E29363D8CC83CFAFDF7149D2C38B48C099
:10191000E177A1F52DCAFE8675DA5F27398639474A
:1019200001E3591A8C6EBDFC4852DFC584FFE6887E
:10193000BBCAE2D5DFA81946E897C74DDD00FD9385
:10194000DB121D549E45E7B53C351D9E43E2789B56
:10195000215A3086F27B691F68F5AA0FB884BB2331
:1019600081115AF576A595B3680B2CEE7555D423E5
:10197000FB3EF7EA6AD94B1CAC694309FF6CCF897F
:101980005D4ECE821ED94E506A950AD6A3538C87DF
:101990001ABFD33A81CE011275856E230E71DFCB4B
:1019A000B3CD37A09FCF44054CB301131E7B88EB0A
:1019B000550B14D7684025E75DC0BE140D81FBD3DD
:1019C00017CD77DDC661C0EA1D146AF4B160617A93
:1019D000BEAE2917CB437A751E6F0A08FFCD790872
:1019E00007B4C2EBCFCD09C0ED3571D742788DEF8A
:1019F000DF62C54C664AA3A810FB836127FE434AF9
:101A00003DEE9F5F779A5AE153006FA780AFEDF8E4
:101A100002F4565AEA8F28CFCFD470394B599FA27F
:101A2000253950C4C487F7A9C52F1EA2835C332A69
:101A3000FCB8BE6BA2E51042FF37859B93D81AED28
:101A4000F81404D67FE68638B313011B9DC3012228
:101A500090D938D39A0097F2D98852E7C12A77C62D
:101A60001AA27A12CE96BE395130D28333103F3447
:101A70005ADF1C2EE7DD8AF4E7779BA06091CDAC9E
:101A8000041723C42A7E54CED08853101C949E740D
:101A9000DA33D3CD4D2844F572225AE0E66B1FD7D6
:101AA0001F1721E291E43EF0F6AD1DE38DF2365AA8
:101AB0005EC28CD699DA69152F3CDB2138A374AD50
:101AC000E91067EBC042A467A21624EA09AB14E947
:101AD00092CED3373782BEF0505324A3050125FCA4
:101AE000FE98EF457BE0D43D1CE10F7538D2C3185A
:101AF000F4A72F700BBAE0227DCFF98DC3EEFE5E06
:101B0000DB3BBEC65720D6FD9BDFBAE9C5AE83FCE2
:101B10002793AABFF9FE5BF65E70D1C43A2FEA8321
:101B20009D221DAEFEAF7CD21FFA9BDFBAEC74770C
:101B30001BBAE611885F908B3F7ADF177FBEBC75BA
:101B4000391D3028F5C30F0894FA17CEBBE9A9B3A5
:101B500016E9F6BA39F2F68F7EBBF9A41FFA6B3E8E
:101B6000E9FEB76FBEE9C5D356BD0225F5C29A2975
:101B70006EAE1C6661FA32214C241DE26B8F74211B
:101B800091334D71F5F1DE1D7C73719CC7181FBA3E
:101B90006B7DF3B594D2DE89A7E6EA9B4BF7F01B89
:101BA00017F37BF8151BB90B6FA49FA9A7A6C363F6
:101BB000B317AE65280D916140B1C5E7477187E065
:101BC0000DCF4AADCD4522670D6464E944D5EBCD18
:101BD000DEC05BE207B09D3D4BCB4CD0AED7D69B71
:101BE000B9448346F5CD89A9C7A7ECEFCA40618304
:101BF000885A79DD01027EA26F45EB8ADB0C4151E8
:101C000061E4AED38CBE64DDF966E349F70A1F8A4E
:101C10006145DBAD29454CF332735417723AEA91B2
:101C2000A391360A98B4E8A3A35E1B87FEE959C8BE
:101C3000B50759F06660ACD45791292DB1E5B25D76
:101C400087D4C693BB1929646D3896B180A7D84F45
:101C50009052CE12F8024ABB9A0F7050C706CACDF6
:101C6000F58FF801743456A22B116CA8DB49673943
:101C700041BF87F73CA7892CFCF078067B467CECBB
:101C8000CC1FBABAFDF97A63EB3AABAA3D5BDA0531
:101C9000A7DB33C07316B063447D43470CCD179761
:101CA000CC41DE8E4444685A6B41730B3E859E4A9C
:101CB000D931F093F3320323E433DBC791A1678872
:101CC0000B391C9C826828E9EED8C7A20040FF5758
:101CD000271EACB039953FC101D4D5A9601163F579
:101CE00069E4D5E55805157E0AD4275F08696DAC0F
:101CF0004CB1DB499BE80E84C71ADAD6875666C416
:101D000017DA1AA36F4E0C4EFEA981DCEF31239235
:101D1000D1E92E14B8BEADD8D3E33DA91A6F1F1C6C
:101D2000731B58E9B3A3191E3A0709A301561CE413
:101D3000AD742867F3CCE86F0D0616F2E5D139AA29
:101D400043FCEFF17DCE18FAA3415A327A9C5A0433
:101D50008949F651DC1B8378B49C2EDD1E517CB77B
:101D6000E8214CE85F3C5B3D7CAEBEB902BD2BE197
:101D700080F440556ED40352B702AAF6BC8856DCF4
:101D8000EDBDB8FEF4D913CD9422CAE8A808DE341C
:101D9000F2EBB6ECC6B33F77EB9ECBF63A08BFD07A
:101DA0001BDC9A4A3A6BEBC5EA3980BAF3F6665EF9
:101DB0001D8E4847E8C157A0F7A63B4EB599DE589F
:101DC0002DB88FB1E335994756EAEFB910A113FD4D
:101DD000995B534B9D214DEE3B467ECD219D953A1F
:101DE0006AC0715E45D0556E0E2A48C244E1310684
:101DF0003BCBCD19867EA903F14A1A7AD5075B83BE
:101E00005BFC9323BFBEEAB599477CFEDD1FBB6335
:101E1000911944E8BD71BD65509535D548F7F0433B
:101E20004AF9AC5C96860508FADDDC2A3456882A25
:101E30008D212A084AD93C8BB1E210E4DA9933ADFE
:101E4000DEFE834DACF06C6E9226374751C7709919
:101E50003AEE3EFA2AECF69EA1B90B931964A769F3
:101E600024C707241EFBBA2A66A2BA8BC0663A6949
:101E70005056780C9AAA876A39BD0E82797B4FAC8E
:101E80008C59FD3E945EAA200AB2A51CC3A205DCB3
:101E900000E0C4A14E6A7CC44FB80E668A79B4C310
:101EA0009A1F9119DEC3BE5768E2F4C541F3CC76A0
:101EB000E34CF0F0B89C7797126FA3EE40AAA2BB58
:101EC00029373FFA22EE1EFC9422A625841BD9C591
:101ED0009372DE71524B06CB925114CD94A6592FBA
:101EE000E97FC5631266A9B64EDC86AA2EE0EB4AEE
:101EF000CE6099D81005EB0B8F6DB87643193A92E6
:101F0000B2A89C314CCD80D1C828B9E42CEE5E43F8
:101F1000196B3FB3002FA7BB1F6EC5246104FAF3F2
:101F2000F5098BFCF213E76E3A734E134690D755C2
:101F300065697462835EA421AA7439183BF7CCFBEF
:101F400091C9C58FD8843000AC0FA0B3B881385187
:101F500053D512A1D2F2737135E80B8C62A979A91D
:101F60001A656827911D761B85CF40FCC29B0DF139
:101F700068974F86CD88C794A16DBE75000E46BE8A
:101F80000561EF705AB368AE8598466092FA0AB45C
:101F9000D40DDD85617AE2CFF4F4CE5196D8025D9E
:101FA000A6310267B27B603D1C2913F7BC6747EC82
:101FB0003FF911DF6F13506CC3311701DA4EA0A740
:101FC0009F26C4078F3A33B1202F0AE82D4F429D38
:101FD000B9180146C26375691B948B4B1802FA3716
:101FE0004CADD1ADE955E844DC2B4C14FF4021D376
:101FF00044E19B88845F879E3172B2F65FC80536E4
:102000005FC54975F0453D92F785A5E2FDE4E6C25E
:10201000D373B42F7CA8A7776E6DFBDEA5DFD485C4
:102020009B659DB42FE6957609D78765E2BEF6BE1F
:10203000DB2E7E9E96F1BE97217E41DEF6D79FFC79
:10204000BFF734B2D4118465E2ED7EED2FDFF9766F
:102050004AA8D59BB991B7BDEBC62FBEA45347E79D
:102060000BFB2C49FA6F7D6ACF014A7A306B12D292
:10207000E2D0557EAE0ACCC4DEDB643090749CFCAA
:10208000ED4D5AF5D33BE70B67E68AE37C3F29FC2D
:102090006F77BDFF4B7B53E7D8F5D33BE78B79A335
:1020A000B3ED5DC2662B19F0DCB19DCC22B7DF9396
:1020B000A9F11817A113E5A2A0F93EBFD452F292DC
:1020C000E3C45BCBFD5D1870355A8C666AE1B0B035
:1020D0006F28153790CF6E3021BBA0B7ED1891DD7A
:1020E000D0529F0C27F5345FA9722E71055ADECDB0
:1020F000EAFBA159588C1E63AE3B1F51ED3E993A45
:10210000D14C405A66B4C61C416CC2F7689D8A1B0C
:10211000C60314F88C709276E9B41FC57AB6755C64
:10212000CA77F99109D8A5AF9F667D36B40DF2B193
:102130001AC9CFD1C16DB0BFEEE2DA72332D70395A
:10214000EFB1843449F7F0CD149F2B0D8CEC05943E
:102150003650CC644CEACA4CA5C0B791A5370242B0
:10216000616A703BDE486EAE343C4A26A0B4D15260
:102170003A9759A82F3F23B085FB6DAB2CEBE76D49
:10218000F3B698C1A3E6DB66B62619DD4883ECB545
:10219000462824B1D446AB15EF69E97A2480288C0F
:1021A0009B7D4027A3B3423B6035D1F6BA069CD253
:1021B0001DAD2829ED40108A2C47A454E9423D3931
:1021C000A91C765CCAFE8B5073466A0089AE29D181
:1021D00082A6F233503E88C31A7CAA87D7658379DA
:1021E000124C94F7E7F95EEA0216F538D9CAA4FF53
:1021F00062225A403CCB3B365114B58394F3EE5ADD
:10220000EC749B35A4AEA3A9CDBD1C96100E98DE30
:10221000398D591A55484431FB6244E680F1B18446
:10222000DD68CAC35781415B0F146B1BD4064B6C2E
:10223000ECB0D2C77AD18D6690DE7DEF91DDAFEF45
:102240006E47F8F1818CE97B6ACC4F8538FD4F8E63
:10225000FC83AF327BADCF42FFDD1933C636FFEBD7
:10226000473FF15562A11329A5AA670D21FD8324DB
:10227000223DA536DB34B4727346C254D2B32AF77A
:10228000161BAB77AE1C168E5E7107B632E7DC0606
:102290003A00661B6BC46282762455E18F3755176E
:1022A0005539741CE2468691520A997439DFA71A8F
:1022B0001DDB3E0494A17D29FDD2885267606B79B5
:1022C0002BCF72BDCD1A00D9D12EF3BD3372B0B36E
:1022D0000408BB302BBD869E64A6D8D478315A1D25
:1022E000681F4F4B3FD5C31B223C867B7F1B55EAA3
:1022F00052440B3C1209512148DB663663BEDE5F57
:102300008C4E4D5AAF3245700E798C4E484F5FCC93
:1023100060E808BBD0920F9F4BBF853AB25235A000
:10232000779351AA6A8696C9D7DA681368E99BBA87
:102330003647BBF4E6EFB9E1D43D1109909C8A0B16
:102340009A2F2D3931CC5B9BC3D135A36FCE1CC4E2
:10235000DC0BEE8DEBB8B68C88638CB0909D735718
:10236000040F450A94C317A0FFDC506DE9A501F1E5
:102370009F7070F6C5044E2E0DD0584FBC42589831
:1023800019284EBF217564A32E90B37D7D737422EE
:10239000AB8DBE3995585EC7087B4D3BEC55D4C517
:1023A00093F4C32811D9333DB4783B086D2761CF2E
:1023B000542D207474FABC3501BD4F13F6CEB442CF
:1023C0004D19A91EAF63567A19CCB3D2DB3707F586
:1023D000837AB3512752D3172F3AE737F3E8EED970
:1023E000751D62F65A1F1C0C6E085DDFE4E300A247
:1023F0007828221DA1830F42FAB509A51E32D25FAB
:102400008BD0890C37F7A2092BF1DDA4D4C1DC6E87
:10241000AE959B330A38F96BEEFE7ABAD417915613
:102420004AD794E10D5FFC38DB640B7BEAB730BB25
:1024300018413A9EDB15F132416FFAA28FC235D5B1
:10244000F018FFB64407B7949A0E43A42AEE72E23E
:10245000ADC56E4F78CC9C52EFC3BC71FD4294C8A1
:102460008F3CC3F13883B0695BB711DA4C8DEB86D2
:10247000D47960AB7394D6CD174C98A76661C565C7
:102480004C52C26326AC4453E05D0433B34EA18189
:102490006D9DC13173E309900DECAF79D31782DCE8
:1024A000784FE22943FAF5015C6BC55943D9B32F44
:1024B0008600AE449763A68EA8CFC3B3FE9DD49684
:1024C0009F4AB1DDDE45E72BDDFA2C76CA1C4BCBEB
:1024D00059B772E246DE7CB9B989615E5B4700F1AB
:1024E0001FF3C6F59873A74D242D2D896BC94AE5B6
:1024F00048AC54060656F844B600A7493786BB894F
:10250000091DECB999B01A9B004797276ACE453D43
:10251000C0EC62DEF48521AAF1E7465F6989405A82
:102520004C18D94B9B4C8FEE4BBACBCAC9877B0852
:102530003176174E737DCE2CB2E37A584F26442065
:102540006D00DA8D5027DA7F6994BE394993BD62F8
:10255000B9397D5BBF2CD2815DFD27477E20FAF221
:1025600036DB6444E2FFDD57FFE9576FDB3E5CEA90
:1025700091DE452D49C7EC228574EF5B971D3EEF38
:10258000F3DB507806867FD293F408524847BBDFCE
:10259000EC6FBBDD22FEA8558099271D5D8AB691A0
:1025A0006D081EE7FB9C4D109D7546AB86814B1553
:1025B0003D18493A892EA3159E94368A57195E2FE5
:1025C00025960FDF73C51D9758C87F2CF316D0ECE6
:1025D000F7F02B7F8576916BE94D76E68665C4AD85
:1025E00004C02E520A05907B315E4328189DBE1010
:1025F00019F1CB87BCBA783E768E30B635BB0581F3
:10260000A5C52F1B203D46ACAFD9CA428CCC2C4B64
:102610004A4279C98975E9E7DC20BA12D9D14A84DE
:10262000851CC2FEE658F62A6A5533226606807675
:102630005E4CFF86E2BA2AAE0A94E5A61C641481B9
:1026400057AB68414948E4369C78BDA751E2C17256
:1026500096CE1C0CAC47F21BD8C34F8D9D985D8362
:1026600059B0C44D4A8760D5A7C4FE3A2E9D80223A
:102670004C5DEDE7805DB1F876A3B3326D92923098
:10268000D2C397DC2984585CB23B241E3C66E0C070
:10269000F58EEB5E7CC123A55E7A8BD4231DE25BB5
:1026A000883C5A2EEDD980137DBF97F81E9B057E7E
:1026B0004F8093BFE2DD9C162705209FB79988DFE6
:1026C00031525A924497D1B5397DD7A77227EDA4DC
:1026D0007C3456D46F8582D2920E9AE29B48DCBA43
:1026E00095512E04398C1C7C1A244436296AA96021
:1026F000B4206C56EA30DCCDCDFCE67A0440A5B8B7
:10270000B9D941FC111B26192DB5853CB59BEF4766
:10271000769A9303465F956EA11779CB91703456E4
:10272000C4CDC1B411AC8B7A2CDF052C2DA34D1A6E
:102730002C6CBC05103BD29C572A0089FE76735640
:1027400064F330D5AC4D626B892C1465DEBC6EE849
:102750000537B145CF8B02607193371EE67AA90623
:10276000A3C5009344E30FCDD7C76988176E7EF2E7
:1027700091D2F749DC85311E73311420F974A1B868
:10278000A6706D4A7D583D1AB966B54CF0D3EFFF7F
:10279000CC9BFE84057B8EEB35026D41175E5F2678
:1027A00001350076D99B79659725FDA1AFFDF6CF60
:1027B00033D24B58ECBC5403D223EC1D7A26379409
:1027C00022BDFBB5AFDE1015B8783777E93BCA24D8
:1027D000A010C3FA7326241DBAD272D43818294126
:1027E00015A325DD448893FEE6AB1566A30C5E3B7E
:1027F000F44C3E51EA000FFECE57DF1F4DDA04B70E
:102800001B2937B54B6C7AAB168C431F6169F69464
:10281000EAE1D17DB732A98A8088EBA5A973F76573
:10282000AA0950D1B476F4EC8BAE1B4C64F2BDDE39
:102830005CE287B71B6502644718CF3B4AAF4D1473
:10284000ACE3906C0F217B3355CDBA16C889662056
:102850004684393E899C0427828AFDEDBE5405E9F1
:10286000BFC2F93E4141EAA270E24B9C85D29FA1D2
:10287000600D224CAFC38F59DC8C8C1D964D533E9E
:1028800008BB64FBE15D653F06B35AC9565DE0696C
:102890009ECF3EF6EB222D39D2CF59B854F8F5ED44
:1028A0006F62EB36E1E02880264BED0500F951E63A
:1028B0001DF62A2A5E5F7EF2C288583888EFCBED7B
:1028C0003A0405E32111647F6BDF858C25B9C9E8E3
:1028D0000F4EE9FA4AE2DEC21F7073F1A71132A867
:1028E000239680340CF28473C71F92F77210640829
:1028F0004BC9B74A1B269E67698C2BDED2BD81A4CB
:102900007D613B313F5784C958EF6E4646964489F6
:1029100014ECE3EC2C9B82850E4E94A751C42963E2
:10292000C46C87C3249272C32F96A9F37BA720A2FD
:102930004A85633F39A51BBD2A5388566E92932062
:102940008A04E2FBB5E8BE443EA270902528093E09
:102950003AAE17C48B413CBDC9028C41AA1B72CB55
:102960007ECE9CCECB0676F54BD869859289AAC2DD
:10297000F47589B04BD828351D921057841CB9B90D
:1029800022604519298D6C939CA80EB0190D79B061
:10299000FF68DB91B6A3FD0872CD03808DB64A4572
:1029A0004F0394DBF32FC67E3ABE206703019DAB35
:1029B0006CC51310716016380F3D46D645AE8BBC02
:1029C00025661A23EF3B5AAC972C6331A1748042E1
:1029D000782C4F0166D922C0BE2629C15AD200A444
:1029E00080E5499D6E7C4764A21A7B386F7023C8CE
:1029F000B1BC725FDBB1EC72010AE17BC8B25C4C26
:102A0000C70C1B2320DBB3A7CCF967CEB76708C27E
:102A10003457C73025A93F5F4F0601ACE1493E9CC2
:102A2000FC85DC5F279A7192F4113F6E774126494D
:102A30004212587140728FCB062E0810A684C7E24E
:102A4000E22EFC04A5BFAEBC0580749EA06CE0A283
:102A500000D05B9664743B72E996B4A0DF63E01922
:102A600000952CF57101FAEBF07644BE5390631695
:102A700045A979180B20A9D8FBE9E22873502A70E0
:102A80000E35246940A35B10B5AF4A14A2E0DB9772
:102A90009D1A275F03BF9C7AD7EBDB8B4AAB640D93
:102AA000C632F7B0E23CC5C592A195708342CE3BD9
:102AB00096B391B5B982A82618F4E48D9224FE63EA
:102AC00045910ED74A9830D250FC9C9B8415826960
:102AD00030F890A5D77EF203648C9F8C8F93944D31
:102AE000B1748062C865B3E27AE39FC92118475781
:102AF00088AE040DFE9074534B73013901D28914D2
:102B000005C886186DCD3904470183E100B83889BE
:102B1000DC1422C14FDC938CF63B4CAD6C1878F979
:102B2000B38E5DC382A63CEC9A1F3B007BFB8407FF
:102B30009210B13C7DFAE03E9BD2B72D67756A39A1
:102B4000753FB2BF1605183A884CA26BB7B7181D6F
:102B50004B8BBCAD28FDD22A90A20041D950798878
:102B6000A545FCE8FADFA3EBF0916A5C1C381C1366
:102B700071BC36E759C0A2B04991375A95964B4976
:102B800046F35B27116CC084666CCD7107D5BB54CE
:102B9000FDB30B45A945775F66117DE1312C3962A4
:102BA0002D4EFFA271DCF46385BFCC3CA252B7A3CB
:102BB000757D3A71A3ED2F3612313C686DB226C790
:102BC0001A5AD110346180BC7171284492A7051A39
:102BD00002686F8E236FE3026492280E90E1E10D8C
:102BE000432B236B225AD24D444BBA896849371183
:102BF0002DE926A225DD44B4A49B88967413D192B6
:102C00006E225AD24D444BBA89684937112DE926B4
:102C1000A225DD44B4A49B88967413D1926E225AE7
:102C2000D2E5E2F213E76E3A734E6BA36E29B4A5B8
:102C30006F225AD24D444BBA89684937112DE92683
:102C4000A225DD44B4A49B88967413D1926E225AB7
:102C5000D24D444BBA89684937112DE926A225DDAA
:102C6000449C45F0874B6FBAF26EF27FDCF0E3676D
:102C70001FB3BEF7F4B38FFDEDB69FFD838DCF2E4E
:102C80006FBFED673FBBFCDEF995FF6BF9BD9F5E43
:102C9000EABCE5E7BEF09E7707577D9AFA4D025CE5
:102CA000492F1BD61FD0CB67ED0903A04C888BE8BA
:102CB000E54D3921E23C7DFD7B8FFDEDBFDF71DB12
:102CC0005FFFEDBFFFB9F3380132792A088050D891
:102CD00053B9970935FA85E250253E69E900C518D0
:102CE000FDBA25021707F01F65445F756F87127DD7
:102CF0006FE74E9A40E7CE359AC09D6BB7D0C2A021
:102D0000970B3A17D1CB45C155F47215FDB6175D37
:102D100075AFBC00487D1245016861F70C191A595E
:102D2000EAC6C2E81EDE58B4A49B88967413D192FA
:102D30006E227AA443742545DEF4D0A33B8176E766
:102D4000E200DD870A7F9A79F42BFCA816D60C24C2
:102D50007EEEB2C0D115A22B291BB838003C3741FA
:102D60005E6604FD52D7DD36008EAE50367071803F
:102D7000A055B46822D2A4E34805F59A2C4DB0E5DD
:102D8000D40E0B20D13B5C528B751182EFF3FDCC3E
:102D90002A4A5478AC2C1302906F271C9F931E650F
:102DA0006350A2AD976EBAF2DA7AA41D1E8EB9B145
:102DB000B9454991A6EDBA25DAFF8BEC4695365513
:102DC00026CBB619C5F66851B57029D61BCB452C54
:102DD0000D2B968F02E087126DCB1BD135B6DC86AA
:102DE000A32B4457127B8D2DA395308C2012404C81
:102DF000037492A7D8C62AFB798913209327BB2096
:102E0000058A81A95AF99039B829D0BD7EB679A52D
:102E10002EA2285CA4D4CF25A1629B10B1FD85FD14
:102E2000A3F9DA26924CA900ACE7CA8428A2246D43
:102E30001322CC0FB05998A78200D1CBBE5DB73E0C
:102E4000C8C89B0435DABA23F19F49962B48510034
:102E5000DC9FB4DA492104A5F3550869DF2A88AE5E
:102E6000CC2A249980F2A2489F18DCC3B828ACB2BF
:102E700094940E300EA41F272A493B1406C0C3A405
:102E80004311C7507AD5C591DC4088C4250006E8B7
:102E900059F8C20EEB1968DF03B9541E8BFC9488F5
:102EA000B874804240F4FF68149B63B1A22FF34DC5
:102EB0008B037447CC521747512FF064C1A0F01711
:102EC0003F6DD72D991D9122CFCDECE20B030CDA8B
:102ED000FA52F489568B8297EEB64A9B872AC46AC7
:102EE0006CF528CA44884A925E180006A66FE8B4BA
:102EF00008905354B3ECB255DE2ED9288B11E5C996
:102F000086E89ED98029156DF13C3F38937E22F1E9
:102F10009F0222EDB2CB05A5031402475798CC4C73
:102F20005E4198811DF63577DE7F14DDBAE8F90B36
:102F30003906ACC37BE95CE48E12E9D10096734B91
:102F4000B93C166057C7C32776EEBE1B85DBCE5F44
:102F5000850E717EB244E0D5EE4182DE98F74B30AB
:102F6000A8F0D6FCC18316F23AC16D79158AC076F5
:102F70007BC45EDC3810D8E94AEA173D08B65CE449
:102F8000E18347597D3FB2B6CC0F3200748EACE17D
:102F9000BC1FFC67FBB72E2CB90E6544E6732B3CB7
:102FA000A060635FA92451B076679900C57076CFA1
:102FB0003B3672BDFD2B36F2FC95725FD4432B5E1F
:102FC000EE12074ED97573D9F4C72EE8E67029F3CF
:102FD000E748EA22A61DD9EF73A26524B7EC24A323
:102FE0003040F8E3D48367D9D11897BF2CE094DD43
:102FF000F5B1EC92010A11E7C98DFE7BB4F8CB86DE
:10300000CF0FF0C2E0F6AEE80AC5C366C924C758C0
:10301000B92E0988461D12AFF55965576C0A02840E
:10302000E9C10D30FBAEA4280A5C76916845D2AAAE
:10303000929B35976A9765AAF35733C38C353F1235
:103040002504B93EA12C8302A49CFFF19145D77DB4
:103050009318A0F70A18151874734EC22659052C38
:10306000CD42597ECE9337E789CDEFE518A51640BE
:103070008E85D708DD87B3D133E4B650523241C9CB
:10308000EAC7BC7EB640D61E7B8E1D7663D05B8CB5
:10309000AE71425A1744972A6610AD5485894891FB
:1030A0008EA1B65CD401FC62DD39A80F6D853711A5
:1030B00067E934DD5DC00AC474744738BAD36A0C5A
:1030C000A20A6F5E9133FC90F2B09E0DECD6B0C1B7
:1030D0002D782AF550FBBE5AB5788AEF655661F413
:1030E000E0662C4C251D10FC38E7B509631D41A492
:1030F000B7DD88659E516A04F0D9D22B9C3383BC1E
:103100000A6F084CEDE690E1A42F455B446C31DA80
:103110002C463634F5885F34AE9BD9C3D371FDE9B4
:1031200048FADDCAEC4B19B013E359C88F84C2A129
:10313000E68CD4825C46D610D0C1EDCD579F8D4E23
:1031400096CC9D30AA8BEF3EB1DB8948770D237D6D
:1031500015C10F00ADAC9CE7B3A7B9509E44AFF6C4
:1031600020287C1299493AC5F7EACE407D309A87EB
:10317000371666937EE9F57FD165C3DA4F9F306AD3
:10318000898A3C8CD0AEDD17FB6C6D6E2EAC372F70
:10319000158332B29EE35A98DD1F853A735239E0A7
:1031A00007C8C5E022CB638BB206717308F93FAC48
:1031B0003B074550BE8C00DAF6F0EAF741CE0DCE63
:1031C000BB63E5899501288EDF0DBAA9A72346B513
:1031D000F5F40110D3166B46576948F599C883A5D5
:1031E0007A85903CC56468DC6858238AD32A09D55F
:1031F000ACE5E97383DE6DCC59A75944E7070309B1
:103200002AC316E4B792C35EACBC8392E717A7C586
:10321000F891DB519D995339DC9C1E43DC958A79EA
:103220001A0F477B6E11B1EE7C72CC0BD4A629022B
:10323000601765B4C76307FC28FD4E1F219A0AF684
:10324000BE485FB7A41ED5BC4AA4A5258D1ADB983D
:10325000189196201524A129E9552045BAA3597B38
:1032600057CD62FD1014273031D4960349296731B8
:10327000AD97438831B238BA83DE2B5C4B4646A10A
:10328000B8C2EB2A55A194B922F1F5A9DD9473B225
:10329000207A38A2323DCDB08A70ACAB226AE65EAD
:1032A000B5DBEBB573CD093757C7B0E68EE5D40370
:1032B000D5C993BEBEB97573D8F85887554ADF5C37
:1032C000A4ACD420804A9DD19A23C5C876C3A8D87F
:1032D000891E857FEE42C509842FECEEDF774F44CF
:1032E0005DBC26A47F7FAFD2E85751F709E83FF5D0
:1032F00048DFA1344D51FC8D5AD209F2536DBD7B8C
:10330000227EA907E9E776F3FD4C85EEB37C3FB357
:103310008A76A9C244B4A433606B32856E6AF0A980
:1033200045C509741F4C3D4074258A9314C496EA20
:103330004523FC52EA1EA5CD65D48DF7AA2EF56B68
:10334000BA837B028A132B05D5D3F915F4A3E15771
:10335000506C4EA85210D50974D3EAB794A7D683FF
:10336000C866A2EA0D472F2341A5D572B4FABCA4C2
:1033700055E8EA31654B8095AFDD9D1979435427B7
:103380002908D5CBF0071F197A83D526A80FDC6052
:103390009891257564A3166CE9AB88092B8E7F354F
:1033A000453A247FB5EAEDD4A133ACB580D4918BF6
:1033B0005C60C5F11F1FAEF0400ACD56CE165C34DE
:1033C000303DBFBFC7361FD480B3216AD939CCDCAA
:1033D000C33C5FB500AA4824677F5D8342570ECA8D
:1033E0002FF983E90BD497917C80AA889386ADE965
:1033F0009E9B6A069ED66CFCE4E0518F35B904A012
:103400003E852C231B25A8C127A844E2E21C549129
:10341000CA0450DCD912D47D3EFBC684DE1DC5B57E
:103420002ACFF4BC0615BE0A79F870600603D4A74B
:10343000A615E06C6A2F97C4DD8B06A55E68425224
:103440001A565150EBB88EC7FFACB60CFCD1B5394B
:10345000F55D9DAB41BDCA18306420488BFA9E547F
:10346000076565B0CE2EC1A85485218B34794AD228
:103470008D25DD0F6FD6438C4839BAAF6404953C77
:103480004AFA360D16A8D4F737AB08A7E4E622F8B7
:10349000D6364D4ABDABB4E51134B2C9EC235D2A32
:1034A000BC5AD229237B9AEF6756D14A5099889605
:1034B000F41E5EE51FB475E064111B6BD4C64FB2F9
:1034C0002C0D6CF3D5A627083679F615A7E13F3EFB
:1034D000F422509CA0182AA878AE9FADF0982DD663
:1034E00098A14D161F1CB1DD48B498B55680B03573
:1034F000519B00D793891154B020EBE2E105AA60FB
:10350000497DAA5A00EE1C656948F5D9A803438293
:10351000A2115C43D669C8D0EECB02DB8930A38B05
:10352000EF0C91BE6E5BD88C711D7586C775A82394
:1035300017B5A033BC2C49BCB08E7CD480AD67B22B
:10354000CFBFBBBEE13A1AAC4BAA87D71DD9643EA8
:10355000E6D7908F51A8656AD8CC90E86A9319D4C1
:10356000A7A0A95E9A2A60E60215B04B4EA99BC19E
:10357000D18C5678A2CFF44D1D224E3DC811233276
:10358000056761E8853E7317C5D21D9033B8D5AE87
:103590001C4A39E2E21DD61E4C2ACF475D1856ABB5
:1035A0006984B464CC2906CF6775A058DE3E8D5A75
:1035B000BB4260445232B29E25B5935B982AF4BA5E
:1035C000A45C14C11919D70352B1A6F46210C5F155
:1035D000078315D94D6F5F75546BA01A22786EE47E
:1035E0009555C907D856BB1D5CA2A922265C41127D
:1035F0004383DB1FFFF0E337387A28AB500B3A47A1
:103600007B323BB86DFBE1276E40AA757EE9008CEA
:10361000FCA720F3E6BCB32FDD6082396A8AF0A5EF
:10362000ECF3EF9C7DE59DDB0D217DC44EAB2EA21E
:1036300034CA013947014C41B687AFB8AAE3F13F1C
:103640002B3E00921AD7759AB64005490C2D50DDD5
:10365000B1FA2BF7ED32A39B1B3EF6B3BBBAFD7557
:10366000B7EEB5DF2131A285A39DE35AD57C6580F5
:103670000787B4116DAC389619C39B4B1EE47B9A37
:103680005158DA9AA8550D18DA7802DB18B90ACF22
:103690001FDE7D3163606320CFF3FDCC2AB28CAC9A
:1036A000874CD87C49A0AFD235C57047F4CDC13B1B
:1036B0008D6068280E0FCDD7EF5D22CB3B4C589B19
:1036C000A30D3BCBCD6DD11E7E5F4D59A91ADE13E4
:1036D000236FCCD872446E304C3A76F0AC4F5F9288
:1036E000210C8F9C7D3162EE12C144B9B9B8745B74
:1036F00091C11E3A35E5A20EC0F0E94652472EAA06
:10370000059BA131557BD9B539A8252FF5007E0C35
:1037100023EFCC18D7731531CD38A0F7374746566D
:10372000D1ACF5F213E76E3A734EBFCE84183B79F5
:10373000A583DCB03C015E734C68F41875D9E435A0
:103740009655DB8CAE9E55A0367B3A71B8A9E04504
:10375000930B1C95089465B80B02D0B7DFCDBC2045
:10376000BDD706806437A00823DE88335FB43A3CB7
:1037700034FC62C667AE030C6F3633E8D1CB11A5BB
:10378000B1D3EE0367DB3ABA1959DBFE9909E77A40
:103790001D84BF9F19DCC8CD7BDF7D7DC704D2317E
:1037A000420F42E6CDC7EEDBF5FAFFB8AB96CC543C
:1037B0000D18929FFBD8B7CFBCF82766908E47159F
:1037C0003718B30565EC3E7BCD675BC7EC6C13E542
:1037D000890F9F7CD208CA79ABA10ABFB0FCBE4D4D
:1037E000CF0C862ECC8A18C081EBEEBFFDE2CAC694
:1037F000F57A45399ECC3EDAB49E915A325235362E
:10380000F090852F524B36EA0031547B41849674F8
:10381000F3E06A3CAE2B87B1A40F0B8C9A84613124
:10382000E1A3F564A30678ABC3567A675DA0660092
:103830006F74D24A0C29F9E32347FD4CD981409D8E
:103840001C8347665479CF5C316183C7755349C780
:10385000EC629E60491F66967A044349770C1718FC
:1038600085D177B3BFFB82A983912301E6C0D0B68F
:10387000CE6024E931AB7E2E2B37B70F6853D74388
:10388000A2442D12B9B914805D667CEAB6C0040565
:103890009D51B978060D4807F513C811D299F0D893
:1038A000CC0F6EEB4C32947C3FE797CA4E39D62B47
:1038B000B93274E82BA0CED6E08027562F373724B4
:1038C00023CB4034315FA9160EF2BF3BA264CE0C6D
:1038D000D2310A5F86BA33511720C7E09111A58E05
:1038E00090DFAD3B07F5C1481E3E464BBA89C8E99B
:1038F000E63460E1AB00B4361CCD83C1B234E1B034
:10390000B6415DE061E549E027F97E6A41058B64D7
:10391000FAEEB929961DDED0B5C2D3B187A88DDFE6
:103920003B922355A1079473173933376DA0FA489A
:1039300082B966AE3C7365695AD2F503B85B5869C3
:103940005B774F3FA632FAC9E139A03C0D5D4B5D74
:10395000FD71287DF5C9AADFFD3270704BAA93B9BD
:10396000935683972AF425DD52D8D813458B79A234
:10397000055A002B8C1BA2CB8BA030892960293ED5
:1039800064EAA0F019BEAF5985A66D5DA98594388B
:10399000667D591AE5A7AAC9F326D8AFCB45AE185C
:1039A000D1AC6339969B1BD11D6D0E34EDE61483AB
:1039B000A9222123073BCD81A1A58EB41DDCE0ED1A
:1039C000BFF6ADBFF813954A626837F79496831B2C
:1039D0001CF8C8039F7F9B4A512E8CF0B3A030FE89
:1039E000C9F1E7BFFE9DAFBC5BAD6AA0115B4F9A0A
:1039F000E0DD379D3DF3E76A490FF56CEB95C0CCF0
:103A00001E3E424BBA89D094F463EEC2F2BA5AA178
:103A100092A0AB34FA490111E96AD320A3A720B4DC
:103A2000C03E1B146FBF6C04AFA84D604210841DD4
:103A3000B44FAD54C5C1765C370F9EAEDB8D1548D3
:103A40000C627D450615436BF160AC347618356920
:103A5000A711D4D6FA7DE6AACBD654828A60C5AC2B
:103A60001CC5616DB72094ABAEDECA538D6F0446A2
:103A70000D141B048D07B783EAA28EB6995FE6F991
:103A8000AA074AF7D76384DA9E82500CCB4891C1CB
:103A90001E346EEBAAD05B0331B3D42396C1E4C1CC
:103AA0000DEACE4131D4B2736072A9D79D81FA601C
:103AB00028E984C9C36B295AC0346479FB542E5554
:103AC000606DF7D7956219456CB2CE0B548A61626E
:103AD0005B5F8E25A89EAD3B1FF541D3525F519F82
:103AE00044A0EB9EDBC6EFDD76482537E720784E15
:103AF000D3C18D91AED2383446C1E3A030FEC94166
:103B00002EFB976FF905C54BB29A9E7DA98074D0A4
:103B100094F42AA0690F5F055AD24D84A6A413F528
:103B200072735D4D85C7AA80A6A5CE442A140BCE1C
:103B3000616D6D41AC7B96D20ADFB9C6C4A58A0817
:103B40001A8B1111E57A3A7495AA00E5A6AA4F6876
:103B5000ABB5002996A0F2B0C66D7D9FD2D801BF4B
:103B6000A4347EADA16D37A71C9ACACD5581967439
:103B700003D1CACDE907D776542919C488D884FE61
:103B8000053D8FFD28367983A3ABA61B4F55989929
:103B9000D2B4AD93584596D2244CB6D8597706EA9C
:103BA00083A6A4930A92D0596E4E2D34D614AE72C9
:103BB000B6CE58066D0D2228054417037B7892FC7B
:103BC0006DF5CD19070721032B7C0FFAF6F0EAB04B
:103BD0001CFF31F610B799A59EC054D2593767E83B
:103BE000E08651F03DA83B137541631E5E395AD201
:103BF0004D444BBA8968493711C692AEB104956AF3
:103C0000686BA7B50258C62A62EAE8AAA1A40A18F6
:103C1000DBD65BD2CD444BBA81D8D4F54C6B0530A2
:103C2000B7D45BD24D424F6DA5DFEAAA30112DE922
:103C3000260192BFEDFEBA49E8DB64865AB35123F0
:103C4000DA3D37236120E97D8DA2068B16D49D874E
:103C50009AD0CACD198A967413612AE9ADDC9C9971
:103C600068797823D1926E225AD24D444BBA89306A
:103C700096748345060D2EF5967433D1926E228C80
:103C8000255D5B73D455C0D8526F4937132DE92693
:103C9000A225DD44B4A49B08434927ADDC9CA16860
:103CA000493711BADA69558D566ECE5098DCD6EB8D
:103CB000CE407D6849370EADDC9C9968797823D178
:103CC000926E225AD24D444BBA89684937113593C6
:103CD0007EF98973379D395785999762B4A56F220C
:103CE0005AD24D444BBA89684937112DE926A2258D
:103CF000DD44B4A49B88967413D1CACF9988967476
:103D000013D1CACF1987567ECE50B4A49B0853490D
:103D10006FE5E7CC44CBC31B89967413D1926E2216
:103D20005AD24D444BBA89684937112DE9E6A1555D
:103D3000AF6924BCA7EACE417D684BDD40984B7A41
:103D4000DBC39B899674B380A3CB999A7351238C60
:103D50002CF51826930E75E7A01E38085A81121309
:103D60006132E9868A162044BE5F770E6A422B379D
:103D700067285AD24D84A9A4B7727366A2959B3363
:103D8000122DE926A225DD30107679BEE64CD4034B
:103D90008F5D8C356E16A067EBCE427DD0B4AD7BC7
:103DA000587912F849E5494C065B7D12FA6E3CB928
:103DB0008AE327DAF6F0EB44710261BB36A7233CB5
:103DC0004B6DFCC68EEB5A97BA6A184B3A588FD790
:103DD0009D850280BB85D5B6F5C38F298D7E62781F
:103DE0000E284F435F914173591AF530B69B6B49CA
:103DF0003713BA926EC58B482AF143D5094C0AACE9
:103E00003C8533A03C89896021D57AF3C317D4C699
:103E10003F39B0F214345DA571A31D70A5089F56FB
:103E20009CC014208AA37FDE48D102CC440B5AB92F
:103E300039C370905D7E50772E6A41C02EEDC693D7
:103E400089D0937478FBAF7DEB2FFEC5368529387A
:103E5000883CACE5E006073EF2C0E7DFB9436D22DF
:103E60003F06B5F14F883FFFF5EF7CE5DD2A4B1D9E
:103E7000215FD32D8877DF74F6CC0D6A493754A0C3
:103E800024829EDD5C25684937119A927ECC5D586C
:103E90005E572B54127495463F2920225D6D1AE41B
:103EA000BB6AE39F10C4028760B569DC795A6DFC78
:103EB00093023BE022B53BADC62E55206DBBB92A1F
:103EC000A029E9D23AF7E246835F919546E360AED6
:103ED00036226469BBE78654CBC9623DDBBAEA315E
:103EE0009D01EB3A695DDF549DC2297DC7756F9FC7
:103EF000DAF85767BD872FEE2F3C5D8F0254003DE7
:103F0000BBB90820279A22C114D074E349B5BC205C
:103F100032566490892DB487B8671763E6FC9A6EB1
:103F2000415481592FF531D059DF9CDA052A307779
:103F3000D26A40852F62658DD628AAA568015A5E8F
:103F4000DF543B73C308667DE6560463E5E622CC86
:103F50004637573C2B2F90CC600166849B2BCD02BB
:103F600058DA9E735B519D8085024D8F022CBDF9FE
:103F7000EAE3D2C89FCB7947BBB9737A0E6ED248B9
:103F8000678D3A8F748C8287404602B211FED43F0F
:103F9000FF8F1F7B93ACD8F248A73CBC9EDD5C151D
:103FA000A4CF4A0F3F01B4DE73538CD960692682D7
:103FB000A9A4DBBA9E738B84C7F6CB8A6D31F76DEB
:103FC000F8B0ACF8EB452113CF38DCBC1EDED6755B
:103FD0007063BB45F2366072CF496E80AEA5BEBC41
:103FE0008916942640024DA72F15405B312250BE02
:103FF000E178AAB7D38A55A7540EB8E01CF324F38E
:10400000F202782F968DAB3AA8162879426DFC9370
:104010008328D655D1410FA94D400BE4379EA1FD11
:10402000F50A8419B481F5489DA9ABD6C9301EEDB7
:104030003ABC2C7125D5282D365B1CC06F4B9DA139
:104040000285BDC2706D67259F1B293DE679397CCD
:104050000D067D8F0260D5AA59F4958C1E295BB997
:104060000C0EABE058D36549A2B8DF256830B861C3
:10407000A5294983C4E98BB64AD2D5F7BABACAD2C0
:1040800010C5F16384029DE5E6D44263F1E00A2B9A
:104090003C284E4A12266165F3A7491AAFD2A8867A
:1040A000A67273CAC14CD9294D40B15E7F31E0BCC4
:1040B000970EC1DD4A7331045C4D32F96B4F41AF4D
:1040C0009BF355A449A4C7585A415171007870AA6E
:1040D0009C341AFA8EEBD250B4D69A9EB48615E46C
:1040E00043020AA482CA0570907F3A19DC00358227
:1040F000F42231B8D20130BAF365183C8653E4A9F2
:104100004248297584F6A555F28413E6A562482233
:10411000DD3757A3682B3767240C20BD6831375D26
:10412000E141A74D8862E48BC1950F9016280927BD
:10413000CD4C752812839B2000A43594C0C439AAA5
:1041400014A5EB66816881C9AB347567A036682B0E
:1041500037A71E7DD27174056911CB961521538442
:10416000CDCFCB61B56B739A00F25E76D2159E54BB
:10417000920F6DA0E9FE7A1568600F2FAB1B69C521
:10418000884C44566E8ED4950D3EA46FE484AAC428
:1041900083EB95011501A4DABA0DEC2A2DCFD26775
:1041A000C0FDF5745C2A58517509D42D5029B7BD4E
:1041B000382D4A1DF6D262E3541AB2D3978A69ABFE
:1041C000F753F67A781C5D415ABC3A4D5FF2819BF9
:1041D000B80E2FE7B36A2C41A51CADDC9C89189062
:1041E0000ED195D4930D11481E0F4203D6E68AD8FE
:1041F000CA33ADDC1C83FE530E065C96FBC0792FE0
:104200001D029971BD198C6AE92398F90148EF7470
:10421000A31F5DC3B1519012C9ED2AE15704447A3E
:10422000B1741F951D6373D08EEB11C2E82AAD6A7D
:10423000ED923E7848B463E9A0F0A58CDC1C41B255
:1042400048776593CE722591748CF63D0483C73010
:10425000BA9A51EA081D491FF60AA3AB29A4879A06
:104260009E69AD00ADDC9C916814E972D7B747E553
:10427000E688AC59CCFE0D4911F5B1536664F05C8B
:10428000728311EBE101C9EAE11DC93D3C6117A947
:104290003D7C77547B309115B7FC39B0D4BD2C48A8
:1042A000DB6925326346DA2BF8D1B69B53BE65E74E
:1042B000693AAEB3FE4631F119B93952ECAFE2B505
:1042C000AB0E4DD176E2FE16A22B6117A96DDD7BF8
:1042D00049666C12E12A3FF5B99A63BB51D6F46581
:1042E000AA5E4EBD621AACD208B9E6C205D96E4EBE
:1042F0009BE1885490975A07B7E2CED3517F1605B9
:104300003455CEE2D11E07D4260182D29215B704CD
:10431000B2859C7937EE6F49FC4AFE3A7C4FA32860
:10432000C88E792A783B7F76017F486D1AA92D08BF
:104330003CBE7941F9C8A7A82A56266CD42710C9D3
:1043400035AF5E5D156300EA53D054329A1477FF9F
:10435000B2B88570C43A2F488A99416B9E065E4E6A
:104360006EF0787F154F5FB652F7105D89F4347C9C
:104370005DA72F1540CFA50AAF82F90B790E14C6A1
:104380003E795B0779992884A66630AA40BAC28F25
:104390002DA44A59593A7B49315824FE235B6E6E4D
:1043A000A01A9FC88D5901406A6CA18EFAE62E3F73
:1043B00071EEA633E7E2B200D7532AD78591FFA367
:1043C000D4A3138DE2B26A38104911F521935372C8
:1043D00008CA98BE89BFB3ACD5020FF37C14976BA3
:1043E000BE1143A90C56F07472E38FF7275B1C2EA5
:1043F000061EFF43FC65C2E82A5F7E8EE4485778BC
:104400001A76032A30BAEDD80C4D2DD3038FCACFBC
:1044100015A2C2CA10BEE1FA733F7E65B0B71C5543
:10442000776249959FEB3E25A6778E75FB1592FE28
:10443000DDCBAE3F7BF62F7744F70445A45B724992
:10444000C7E8CEA760F0188EF75D65A95F76F8B271
:104450006F2B2D75841E7C39F5108EF75B25E97F57
:1044600079C365677F61D0A9AB203D785C666C8DB0
:10447000422B3F672446496FC64998E99139EAC7FC
:10448000D13B275D1CAE78A604F77CE08E4BFED1B5
:10449000203B914C1F71A4CACFE1F489E6B0D81F2C
:1044A0004BBAC21EDEFBA4B5DA9BA6B33FC422D230
:1044B0007BF83053EAE3FD56B95E3377F9DC1783B6
:1044C000D4E0A62009A2670F0F984ECE873B1D228D
:1044D000777A819FE3FB9951E8AB77EEA225A2762C
:1044E0000ED939CDF73311A61B2209BB28EE5B3A52
:1044F00023DB8E48F3DD4269F06ADD8AC0C23EE507
:10450000AE1AC689A7492732639E0E91E1B5E1979D
:104510009297E74A182DADB41D1C549E02E83A69E3
:10452000CDB3BC28199A0E6E2BEA375DBBAD8E4910
:10453000E9D07FEA5B4A928A948A7ABA91682ED34C
:10454000AD964B590C0AE5E7E40F0892FB3D4DBBD5
:10455000B95C6E472E671B68AA816C844AF9231DDB
:10456000C939082205537673152C8B844FF3FDF45B
:1045700051253B5781AA1C3DDB7A251FF91C54911C
:10458000CA24C82B77A9DC42666D8EC88C59771077
:104590008D775F5433849ACAC557011DE5E710E350
:1045A000825D64A95C96C408A7972AC6D730A2305A
:1045B00023C3C02B284877746E72C1D2527048371B
:1045C00063B973FC602A2FDD7EFA637E83CC53547B
:1045D0000116E5B6FE97F95E260257D06E2CBF860F
:1045E0001109464BC2291AEF27E27F487D2CCD786E
:1045F0005EB5532AAEB2B45B3400946164AB05512E
:104600001DBFCA717DF2C1230CD66E99FF3B89593B
:10461000198183C287140D6ED309DA7595938ED0F4
:1046200089EF81BAC8A7F8AA9F7BDB47BFF166A9CB
:1046300092042338A87293596FD2911166AE72D149
:10464000CACD09A2195A864551EB2A0DAE3571958E
:104650003A2B2617B48363EEC2F2BAC4ACE42054FA
:10466000A540793A41BBF0D63D07AEBB5F5E6EF226
:10467000D05559E1275F5C24081C82A565241741A9
:10468000576DFC13026307542FC5EBBAFB5201F4BC
:10469000959B538EA6912E91B3A85778AC5634AD06
:1046A000D46542E552C5E4831B969789623CC1F705
:1046B0003205266D9AE462A9D9C80556B5BF2E9673
:1046C0007AF14FAA7939FA795549464F8FDB2F563F
:1046D0003B51C49A2E5544DC5CCEC693C4BD285DC4
:1046E000B9391B94F3F0A4713BADF2042ECC65698B
:1046F0001A73B05381744D5BEA4D81CCF1AE5D8C81
:104700005604AD57AF7F0835268E6B4C1BF99A2A9D
:1047100050AE024A2B3C5610A7345656E916C494A4
:1047200000C5D1FF586C9FA0E2FE0A36BD7D6BC765
:10473000E27B35A2C21881C2E90B99421CC6535DC7
:10474000E60E512A418515C63D3D44DBBA1A7D73FC
:104750006330101E0BA36BB21723530B95A6F3F512
:104760002AA02B0FDF417044ADD682E061BE9F1EB0
:10477000AA94A17EFBAF7DEB2FFEC590E6B104DBD2
:10478000E66424E0A0E007E2835B959AC70E7CE430
:1047900081CFBF33D637C706B73EE9B62CD231DA60
:1047A0007716847D5759EAFFE9D7BFF39577AB2C8D
:1047B0007584AE7990EFA7872A49BFF4A6B3676ED8
:1047C000504B3AD6F5E8BE7AB4727346C208D2218D
:1047D000F76509D2AF96941111447273297D73DB8A
:1047E000073FED5C9493842FA8ABA2627D7369911F
:1047F0004140A91EDE92D7C3774B2C5554A86F6E4B
:10480000586E8EA47E93C5DE8AEEB955AD483AB592
:10481000D38A877F9374E42BD0777F5D350C162382
:10482000CAD86B1D03495DCB24F0A70A5DBCA8D88C
:104830006920235BBEAD43DECB5C557B7A43568F4C
:104840005B661DBE4EE5832A16C3F59CBEA896A3E3
:1048500061C0BA6A1E5BDF549D42A82BE9B47DEDAE
:1048600053CC47091A2DADD17231992A74F1E70B57
:10487000CDE5E6D2F375E9F65AA5C149153D941D7B
:10488000D78B062652625972D6D0C4839D92188C5B
:104890005AC7755C6BE23D6E8E938B1AB564C25439
:1048A000A18B2B6A6BAFD54894D8739B2938E5F45C
:1048B000C86255F910C0A0B39135CCF883134F30BE
:1048C000DEE7CCB1B26516A3670D9AEA9B5B5EDFAB
:1048D000543D7303F1A300445D2EB848B5360F4B29
:1048E000994E382418355B59082C21C54991AA00E6
:1048F0008EA45EC7EF4D5AFDF1FE2A979B1B201C2C
:1049000079834B842E16B40BCCB5F6A32B37976F57
:10491000983801969244E6746338D6EBAE2A85C780
:104920007E7FED96F93BFB0D3C9CCA2C71EEAE34BC
:1049300065911E14B6D35A3DE97196C954A417095E
:10494000DA61B4AF0BA904C7465225E9E8F6B77D92
:10495000F41BB7A92C7584AE499F5F0FC7C6306B97
:10496000A4E312E3FA8CA1959B33124D241DE44479
:10497000935EAA186FA775BF7C3BAD8580ACDC1C2D
:104980001C9D6659B440D08E3C94DC60C4B3D35AAD
:10499000690F9F024CD5C3170BDA850FA51E606CFB
:1049A0002495AE477B948B4A9B699D6A552ABF32FA
:1049B000774B089454BA44B5BC893C49AB7005CDDB
:1049C00018BF22277AD9F0B0F22456755D9B5B534D
:1049D0005EC74E3DA63A85C9809D745B1F40E28646
:1049E000E7716DF5C3AF67A6E50AF6780F8B2B5319
:1049F000AD78219E6C49A3377F6C8212624455CBFF
:104A0000CD79FDAE994C154F510F9F5E9B9B2E8526
:104A10003C68228B908F12266AE503D79AB8AE8342
:104A20005B05D075E606AE87739A8BC4BDA850535C
:104A3000A56B9E03CA3B8AEC2ACDD8298A5B6117F5
:104A4000EF2EA243F916A9A56542572D8358FDEE16
:104A5000A6AE92D1DE100BA5809F2AA5A184C84FD7
:104A6000BF382990185BEE87D359B724E4BC93D89C
:104A7000F50D999ED7C77EB6A5FC5421CE8A0CD6DB
:104A8000282B940551CFE99167A18467D9A9E3E266
:104A90009F2C3462C050327CB5EAB2A700569E8289
:104AA000A63CBC3BDCEFD82337D3A29439EA6AE1B9
:104AB000106951E5B617517D7333078C02614DE1E2
:104AC00040CAC73F41905C4C252F96CFF40FE99B1D
:104AD00073C6320C152C8D17622A43BDFBF33F5C65
:104AE000A8CA4EAB64F4FA3C99FAE65499B76A0046
:104AF000725669F4E166D56021FE037A1EDD8721D6
:104B00007D731948D23747BEA7E5E006297D7319A2
:104B1000B0EE4E92BE39EB0990119174FC7956DFDC
:104B20005C06B2F4CD69BADDF8EEACBEB90C64A98E
:104B30000C31F724732B37978136EB156A416A5D88
:104B400091AD9783D074597248DF5C0692F4CD051D
:104B50007ACED70B4DD4B20996A41E9EE849FA58D6
:104B60003BAD92D669342D75B45C60D94B2274DDAF
:104B700073AB00BAEA9BAB40ABE1EA93994790165E
:104B8000B1EC718B488E8F967AADB61B6B85AE15E6
:104B90007E1C6455284D599A2AA0A718D1ECEB9B8E
:104BA0001B53752BD037A7294B832AD4371783A0E3
:104BB000BAA75385902E4A16AA1214D5F403A6302C
:104BC000AA97465A9EA557D7DE128AACE9CB8B72BC
:104BD000E2C9419DBA5785D02463A57257CEEA5DDC
:104BE000A09A10584E345981129013296AC2F405C4
:104BF00035B1D425414F46B68A0571F23CA84F44E1
:104C00004F94317E326B18269DD4910931486665E8
:104C1000959AADD41CA6EA9BC3C81F39C4ADE9BCA4
:104C200063C016E369A38A64691C82479725ABB603
:104C30006E531A9206BEA1559A504EAC48BE82BA27
:104C40004D4B7685CCE8AA300C65C675A22A13A315
:104C500018AB6F6E4A2472737844A0643A555719A2
:104C60004C3178ECFFC0CFDED619C98844315107EA
:104C700085236B739248677DD1B4A46F4FBF61B930
:104C80009229218BEE7C1C86DE6951EAE117DEF564
:104C90006FDFF2BFAB2C75FA2D9F1949D514D2A145
:104CA000844DE619432B3767249A6801441246263F
:104CB000ADD3E976CB80ABA00E17FD00F972733B44
:104CC000A7CC5006439AC7405A0F2FDBB02B611771
:104CD000A93D7C3862016492435D0598628A8569CA
:104CE00095F1D4CE21435D7BF87594B3C12EB5AF59
:104CF0000173F5C8B6839B6EA864973667A755DF26
:104D0000D15B6EBF3772749FC88B7BCAB2535CF4A1
:104D10008DDC6496043DDB3AD32DA93C095DA525C5
:104D200061537557176A3C5F572D37A7A90A5D066F
:104D3000D5C5AE27235BD7B82E0DD3EC10E58585FE
:104D400029E2CB894DD31EBE028BB8A5ACF8CD1895
:104D5000F24A5D1A270BB22252023D359478557CF7
:104D6000363D49CF875C0E2FA7ADEB20D65B491EA1
:104D70004CB5D3AAF1E056015AD24D84CE72732AB3
:104D800013C00846E5E6A409259369027702448624
:104D900027AD32FB7D077547EDAF4FA5DB2D032C0B
:104DA0002BA21EE40EEC25ACFD5408AC585F36DB9C
:104DB000D9D1555D7615D0B687078571AF33FB51D4
:104DC0009AEA9BC33FF9819FBDEDE352F79447D325
:104DD00018EDE67440443AE4E89B9308D0536143ED
:104DE000F8F977FDDBB77C426DA9133D2B7C44FAC3
:104DF00007D492AEF04CABF6D0B687578F967413AB
:104E0000A127E905727352117C5769F49322BC758E
:104E1000CF81EBAE509B066ED28AAC64E859E12B91
:104E2000414BBA896849D71F979F3877D399732A1E
:104E3000D66EF4FC0480B02BCF5E6B3EB09ED318D0
:104E40008C1D509E86A6567FAA809E15BE12E84AEB
:104E50003AA84F414F991A5245229AAEC763F5625C
:104E60000658574D256CAF49EDE455533161CCEAF6
:104E7000BCEAA309CFF1BDD403E5DAA888AE3D7C36
:104E800005684937112DE926425FD25715C7AF2D66
:104E90004B63AEA9DA2AA06F85576E915BD352F7A8
:104EA0002A20FD49BE9F5985B6151E94A7A0E7CCC0
:104EB000AD12685BEA44790ADAAED2806A5D0258C4
:104EC0004F5959544D5B8FC58EE39581783D0CA7A2
:104ED000D226B1B7B800E2F1465A800A92280C8077
:104EE0005057D3C3DCCB4A635FDFF42C14EA295854
:104EF000520934EDE157102B183558A0558A468ECB
:104F000047349598036D4B1D81C25267A7217CD30E
:104F100079F8AA4694D100950DA4A301BA0F226393
:104F2000A1695BAF022DE926A225DD44B4A49B88CC
:104F3000967413D1926E225AD24D444BBA89684965
:104F400037112DE926A225DD44B4A49B889674135D
:104F5000D1926E225AD24D444BBA89684937112DED
:104F6000E926A225DD44B4A49B88967413D1926EE1
:104F7000225AD24D444BBA89684937112DE926A2ED
:104F800025DD44B4A49B88967413D1926E225AD224
:104F90004D444BBA89309A74F8C3A5375D7937B957
:104FA000925E36AC3FA097FFBFBDFB798DE3BCE3BB
:104FB00038FE48AC4109A188E04029B44C850FB6C1
:104FC0006821E7E6F2D88D41F269313AF9D4638F6E
:104FD000811E7229681A1A1A728A20390624884199
:104FE000B9E7D24BB1E8AD94FE05853AA44E08046A
:104FF0003BA44E485DE1EDCCC84E244B4AEC58BB77
:105000001F27EFF70B32FE118FE6FBDE1D69269E90
:1050100027F6C6FCA5AB2B1B4BA7DEBCB4B174F1C5
:10502000E9B36F2D5D7CFDF478B9DB9CDB5CEB367E
:10503000974F6E8732FD431CB743290DFA5DEF5E33
:10504000AAB5ED71F7526D8FB7BA976ABC75A17B9F
:10505000A9B62EBCDABD54DDE6B9F172B759DE5CF3
:10506000EB366BDD6BBBBCB67D723B94E91FE2B8DF
:105070001D4A696FA75FFB1CF4098F653A91E944EB
:10508000A613994E643A91E944A61341D3FB3F9A83
:10509000F8667A881CE8BBDE33FDC933BD3F29BC06
:1050A0009417FBCDB50FA7F6F11FCF8B65F1E7D3B2
:1050B000FD4B6FEA27FE85084F9C599CF0BEEB3CE8
:1050C0004FEC57F8E9339DC87422D3894C27329DA1
:1050D000C87422D3894C27329D889CFEDB667A1FD8
:1050E0007CFF876EA77798EFE217E5FAA757F67E61
:1050F0000FB71EFC6DE2C34EF851487D848FD97CFA
:10510000BDC751AFE068DFF7170FFDDB2376E8BDC1
:1051100057CA8D330F77F8A958C81D7AA53477AFD1
:10512000ECFF89F6E43EF6637EA8693E6F9BEB5E7A
:10513000F3F7CAB58F0FBFEBCD148F7AD074FFBED3
:10514000ED6FD4BDEB5FE48E9E76F0E2D664868888
:105150006876D313E4906F69D203E4984EE45778ED
:10516000224F7822D3898E483FFC9FFB3F4CB7D219
:1051700003E478C213DD6DD213A434776B7A849480
:105180004A3EE1D303E4984E7444FAF4FEC78B27F9
:105190000BF9FF6E6CD213A4785D47329D889CFE9C
:1051A000E3F40419CF97CDCF6B7A888CB65C736922
:1051B0000191E944A613994E643A91E944A61399E2
:1051C0004E643A91E944A613994E643A1139BDA64A
:1051D00027C8F0991B14391DBCB4203D430EF98437
:1051E0004F0F9063FA7E6DF08F8B99A1967A4B33B7
:1051F0002AE50EF8E256D343643C53EA67E9197294
:10520000FC0A4F643A91E944A613994E643A91E935
:1052100044A613994E643A91E944A613994EE4BA10
:105220003922F2099F1E20C7757344DFEF137E7584
:1052300067B2BE3B79CCBF4FEAFBFD123C16D38967
:10524000C8E9E08B5C4D0F91E1BD3C94E944A613A5
:10525000994E643A91E944A613994E643A91E9440F
:10526000A613994E643A1139BDA627C8F0991B14AC
:10527000391DBCB4203D43C46B05FC675115F6E7EE
:105280007A7A801CD389C817B79A1E22C37B7828E4
:10529000D3894C27329DC87422D3894C27329DC8AC
:1052A0007422D3894C27329DC87422727A4D4F9054
:1052B000E1333728723A7869417A861CF2099F1ED9
:1052C00020C77422723AF8E256D34364780F0F6510
:1052D0003A91E944A613994E643A91E944A6139988
:1052E0004E643A91E944A613994E444EAFE909320F
:1052F0007CE606454E072F2D48CF90433EE1D30371
:10530000E4984E444E075FDC6A7A880CEFE1A14CCA
:1053100027329DC87422D3894C27329DC87422D36A
:10532000894C27329DC87422D389C8E9353D41860E
:10533000CFDCA0C8E9E0A505E91972C8277C7A800E
:105340001CD389C8E9E08B5B4D0F91E13D3C94E9AA
:1053500044A613994E643A91E944A613994E643ACF
:1053600091E944A613994E643A1139BDA627C8F0B5
:10537000991B14391DBCB4203D430EF9844F0F9086
:10538000633A11391D7C71ABE92132BC8787329DAC
:10539000C87422D3894C27329DC87422D3894C27E4
:1053A000329DC87422D3894C2722A7D7F404193E12
:1053B000738322A7839716A467C8219FF0E901721F
:1053C0004C2722A7832F6E353D4486F7F050A61355
:1053D000994E643A91E944A613994EF4034C5FDD6B
:1053E00099ACEF4EBAFF2C7D483FC097E061994ED3
:1053F000643A91E944A613994E444EAFE909327CD0
:10540000F606454E072F3148CF90433EE1D303E4E3
:10541000984E444E075FDC6A7A880CEFE1A14C2776
:10542000329DC87422D3894C27329DC87422D389F7
:105430004C27329DC87422D389C8E9353D4186CFB7
:10544000DCA0C8E9E0A505E91972C8277C7A801CB0
:10545000D389C8E9E08B5B4D0F91E13D3C94E94471
:10546000A613994E643A91E944A613994E643A9171
:10547000E944A613994E643A1139BDA627C8F0999C
:105480001B14391DBCB4203D430EF9844F0F9063AB
:105490003A11391D7C71ABE92132BC8787329DC836
:1054A0007422D3894CDFA79DFD1019DECD11994ED2
:1054B000643A91E944A6EF3737FB29226E1EFCE1DE
:1054C00042668A84D6139EC87422D3895C37F795C6
:1054D000F9C82009CD6E7A821CF2E73A7869417AE0
:1054E000861CF2099F1E20C7F4FD209776F4751DD7
:1054F0007C71AB0FFE648BF8BDB9EE1EFEE6E19F3A
:1055000044A4773E4C0F90E3C58DC8F47DDA51601A
:105510008C80FA597A821C575011F9658EC8742212
:10552000D3895C4B43E4094F64FA0190C573FEE7ED
:105530000B91E94447A42FCE7E8A885BE901725C17
:105540003747E4973922F2D282F40C39E4133E3D16
:10555000408EE944E474F0C5ADA687C8F01E1ECAAB
:105560007422D3894C27329DC87422D3894C2732A8
:105570009DC87422D3894C27329D889C5ED31364C6
:10558000F8CC0D8A9C0E5E5A909E21877CC2A7079C
:10559000C8319D889C0EBEB8D5F41019DEC343995E
:1055A0004E643A91E944A613994E643A91E944A6AF
:1055B00013994E643A91E944A61391D36B7A820C05
:1055C0009FB94191D3C14B0BD233E4904FF8F40013
:1055D0003994F4D59DC9FAEEE4C8BFC08AF2121C12
:1055E000819C0EBEC8D5F41019DECB43994E643AA7
:1055F00091E944A613994E643A91E944A613994E51
:10560000643A91E944A61391D36B7A820C9FB94115
:1056100091D3C14B0BD233E4904FF8F40039A61369
:1056200051D347A5DC815EDC9AB279A3A68748A94D
:10563000D413BE703FD78BE94CA613994E643A91B0
:10564000E944A613994EC44D5FBC959E2087FBAEDE
:105650009B8E643A91E944A61351D7CDF9CC0D8ABB
:105660009C0E5E5A909E21A45F50929E2187FCB9A9
:105670009E1E20C7741CD7CD31790F8F643A91E9F3
:1056800044A6F32CB4D874F0BB6E3A93E944D8F432
:10569000C532498F90837DD74D67329D66B1FBC778
:1056A00035B244A613994EE4BA3998DA6F5C4B438D
:1056B000E4BA391CD7CD41994E444D77DD1C13F423
:1056C0001E7E603A91E944A613994E643A91E944EA
:1056D000A613994E643A91E944A613994E643A91FF
:1056E000EBE6884C2772DD1C8EEBE6A04C27A2A6C9
:1056F000BB6E8EC97B7824D3894C27329DC8742217
:10570000D3894C27329DC87422D3894C27329DC837
:105710007422727A4D4F90E2333724723A7869419D
:105720007A8610D7CD41994E444D77DD1C93F7F022
:1057300048A613994E643A91E944A613994E643AE7
:1057400091E944A613994E643A91E944E4F49A9E8F
:1057500020C5676E48E474F0D282F40C21AE9B83BE
:10576000329D889AEEBA3926EFE1914C27329DC8D6
:105770007422D3894C27329DC8742274FAEACE640D
:105780007D7752DAF42431E8771FCB7422D3894C29
:105790002722A7D7F404293E7B4322A7839718A486
:1057A000670871FD1C94E944D474F097B9A634BB22
:1057B000353D448AF7F048A613994E643A91E9447E
:1057C000A613994E643A91E944A613994E643A910E
:1057D000E944E4F49A9E20C5676E48E474D7CDD1BD
:1057E00080179414F6E77A7A801CD3894C27329D6F
:1057F000C87422D3894C27329DC87422D3894C2780
:10580000329DC87422D3894C27329DC87422D38913
:105810004C27329DC87422D389D0E9A3E1DB85618E
:10582000BB386C9B615B876DBBF7CBE686EDFCB04C
:105830003DB11D667088637728E5FA07E5A0C5B914
:105840004271333D400EFA731DCB74A2217D565731
:1058500094C33BCCEC427A7887EBEF172CFA09CF54
:10586000643A91E944A613994E643A91E944A61327
:10587000994E643A91E944A613994E643A91E944E9
:10588000A613994E643A91E944A613994E643A914D
:10589000E944A613994E643A91E944A613994E64DB
:1058A0003A91E944A613DD2DF5DDD3E72EBFD35E93
:1058B000EE362B7357BBCDC6FCA5AB2B1B4BA7DE1F
:1058C000BCB4B174F1E9B36F2D5D7CFDF478B9DB44
:1058D0009CDB5CEB36974F6E8732FD431CB7432948
:1058E0000DFA5DEF5EAAB5ED71F7526D8FB7BA97FD
:1058F0006ABC75A17BA9B62EBCDABD54DDE6B9F150
:1059000072B759DE5CEB366BDD6BBBBCB67D723BB0
:1059100094E91FE2B81D4A696FA75FFB1CF4098F69
:10592000653A91E944A613994E643A91E944A61365
:10593000994E643A91E944FE850844BEEB44E82F51
:105940007358A613994E643A91E944A613994E648C
:105950003A91E944A613993E058BF77E27B8FF6E6E
:10596000538FFF75311FA707C8F18427327D0AF6D0
:105970007D997B22D5FFA527C899C909DFD4761662
:105980008779349B5FA627C8F1CB1C91E944534D1E
:105990009FFFF65F92C3FEFFD7B14C279A59FA6872
:1059A00056077A58D5779DC87422D389A69F5EA7DB
:1059B0007E84EFA6DE3966A1FC839A133EF0A35CD9
:1059C000E60FAFF6DFAFEEFFC1DCA17F7D78877B0E
:1059D000DAC9238CF0489AC7DABB3D91198E56F785
:1059E000BEF1F7E678BA4F9F3B3F4E0F91F17CD95D
:1059F000FCBCA68748F13F5FA6EAF005E7C970AB9B
:105A00004CEBC2FE2D3B8CCA37BE28EDFE1F9CF02E
:105A1000857D6F87FAC9D1475EDD99ACEF4EA67AD6
:105A2000797D62F8394F643A91E944A613994E643E
:105A30003A91E944A613994E643A91E944E4F49A00
:105A40009E20C5676F48E474F01283F40C21FDC2F8
:105A500092F40C39E4CFF5F40039A6E3B87E8EC990
:105A60007B7824D3894C27329DC87422D3894C2754
:105A7000329DC87422D3894C27329DC87422727A11
:105A80004D4F90E2333724723A74694153366FA414
:105A9000670871DD1C94E944D474F0BAB9FEE2568B
:105AA000D343A4780F8F643A91E944A613994E64C6
:105AB0003A91E944A613994E643A91E944A61399A0
:105AC0004E444EAFE909527CE686444E872E2D287F
:105AD000A5FD283D4188EBE6A04C9F8ED7F67DBF03
:105AE00039EEAF094CD9FC223D410878DD5C7F716D
:105AF000ABE91152BC8747329DC87422D3894C2729
:105B0000329DC87422D3894C27329DC87422D38910
:105B10004C2722A7D7F404293E734322A783971664
:105B2000A4270871DD1C94E944D474D7CD31790FD2
:105B30008F643A91E944A613994E643A91E944A6D8
:105B400013994E643A91E944A613994E444EAFE935
:105B500009527CE686444E072F2D484F10E2BA3991
:105B600028D389A8E9AE9B63F21E1EC97422D3898B
:105B70004C27329DC87422D3894C27329DC8742289
:105B8000D3894C27329D889C5ED313A4F8CC0D8911
:105B90009C0E5E5A909E20C4757350A61351D35D1F
:105BA00037C7E43D3C92E944A613994E643A91E923
:105BB00044A613994E643A91E944A613994EF428E9
:105BC000E9AB3B93F5DD4969A7354B88EF3E91EB97
:105BD000E7884C2772FD1C8EEBE7A04C27A2A6BBE2
:105BE0007E8EC97B7824D3894C27329DC87422D3FA
:105BF000894C27329DC87422D3894C27329DC874A2
:105C000022727A4D4F90E2333724723A7869417AA2
:105C10008210D7CD41994E444D77DD1C93F7F04863
:105C2000A613994E643A91E944A613994E643A91A9
:105C3000E944A613994E643A91E944E4F49A9E200B
:105C4000C5676E48E474E8D282E7CBE6E7E919421B
:105C50005C3707653A11351DBC6EAEBFB8D5F41080
:105C600029DEC323994E643A91E944A613994E6400
:105C70003A91E944A613994E643A91E944A61391E6
:105C8000D36B7A82149FB92191D3A14B0BFCF3E61D
:105C9000A0C89FEBE901724CC701AF9BF3CF9B8378
:105CA000329DC87422D3894C27329DC87422D3896F
:105CB0004C27329DC87422D3894C27329DC87573F6
:105CC00044A613B96E0EC7757350A61351D35D3732
:105CD000C7E43D3C92E944A613994E643A91E944E5
:105CE000A613994E643A91E944A613994E643A1169
:105CF00039BDA62748F1991B12391DBCB4203D417E
:105D000088EBE6A04C27A2A6BB6E8EC97B7824D375
:105D1000894C27329DC87422D3894C27329DC87480
:105D200022D3894C27329DC87422727A4D4F90E25B
:105D3000333724723A7869417A8210D7CD41994E2F
:105D4000444D77DD1C93F7F048A61399FEDDADEEC8
:105D50004CD67727A53D8159427CF7894C27329D47
:105D6000C87422D3894C27329DC87422D3894C270A
:105D700022A7D7F404293E7B4322A7839718A427A0
:105D80000871FD1C94E944D474D7CF31790F8F6426
:105D90003A91E944A613994E643A91E944A61399BD
:105DA0004E643A91E944A613994E444EAFE9095224
:105DB0007CE686444E072F2D484F10E2BA3928D38F
:105DC00089A8E9AE9B63F21E1EC97422D3894C27B1
:105DD000329DC87422D3894C27329DC87422D3893E
:105DE0004C27329D889C5ED313A4F8CC0D899C0E61
:105DF0005E5A909E20C4757350A61351D35D37C769
:105E0000E43D3C92E944A613994E643A91E944A6D4
:105E100013994E643A91E944A613994E643A1139A4
:105E2000BDA62748F1991B12391DBCB4203D4188FD
:105E3000EBE6A04C27A2A6BB6E8EC97B7824D38943
:105E40004C27329DC87422D3894C27329DC87422B6
:105E5000D3894C27329DC87422727A4D4F90E23319
:105E60003724723A7869417A8210D7CD41994E44ED
:105E70004D77DD1C93F7F048A613994E643A91E9EB
:105E800044A613994E643A91E944A613994E643A94
:105E900091E944E4F49A9E20C5676E48E474F0D218
:105EA00082F40421AE9B83329D889AEEBA3926EFA4
:105EB000E1914C27329DC87422D3894C27329DC86A
:105EC0007422D3894C27329DC87422D389A693BEED
:105ED000BA3359DF9D94762A1FFCA4B97E8EC8740C
:105EE00022D7CFE1B87E0ECA74226ABAEBE798BC1B
:105EF0008747329DC87422D3894C27329DC87422AB
:105F0000D3894C27329DC87422D3894C2722A7D726
:105F1000F404293E734322A7839716A4270871DD52
:105F20001C94E944D474D7CD31790F8F643A91E948
:105F300044A613994E643A91E944A613994E643AE3
:105F400091E944A613994E444EAFE909527CE68686
:105F5000444E072F2D484F10E2BA3928D389A8E9BB
:105F6000E02F734D69766B7A8814EFE1914C2732FC
:105F70009DC87422D3894C27329DC87422D3894C82
:105F800027329DC87422D389C8E9353D418ACFDCC8
:105F900090C8E9D075734DD9BC919E2104BCA0A4D2
:105FA000B03FD7D303E4984E643A91E944A61399DD
:105FB0004E643A91E944A613994E643A91E944A695
:105FC00013994E643A91E944A613994E643A91E9C3
:105FD00044A613994E844E1F0DDF2E0CDBC561DBEA
:105FE0000CDB3A6CDBBD5F36376CE787ED89ED3053
:105FF00083431CBB4329D73F2858E8131ECB742288
:106000007AFAACAE28877798D985F4F00ED7DF2FCF
:1060100058F4139EC97422D3894C27329DC8742228
:10602000D3894C27329DC87422D3894C27329DC80E
:106030007422D3894C27329DC87422D3894C2732CD
:106040009DC87422D3894C27329DC87422D3894CB1
:1060500027329DC87422D3894C27BA5BEABBA7CFED
:106060005D7EA7BDDC6D56E6AE769B8DF94B57572E
:1060700036964EBD796963E9E2D367DF5ABAF8FA1A
:10608000E9F172B739B7B9D66D2E9FDC0E65FA8784
:10609000386E87521AF4BBDEBD546BDBE3EEA5DA33
:1060A0001E6F752FD578EB42F7526D5D78B57BA9E1
:1060B000BACD73E3E56EB3BCB9D66DD6BAD77679EF
:1060C0006DFBE47628D33FC4713B94D2DE4EBFF61D
:1060D00039E8131ECB7422D3894C27329DC8F4595A
:1060E00058DD99ACFFFDECFD3FEEEEC9E1BB4F641E
:1060F0003A91E944A613994EE45F8C40847ED7C15F
:10610000E958E8AFF058A613994E643A91E944A6CD
:1061100013994E643A91E944A6A7CC7FFDDD4FDF89
:106120007EE1E59BFF7CBFDFFCF9AFFDE6777FBA40
:10613000D56D3EFAD1BFBACD3F7EFA976EF3F60B1E
:10614000BFEF372F7FD96F6E3EE6A1AFFDF7E89F17
:106150007F65EF9BF6ABBF66723A6A79E3C19F5ADF
:106160007AE7577F385FC673FD6FAFCE95F32FBDCB
:1061700074EAD77FFCF7CFA63106F984BF123CF84A
:106180002F73877EAFFCE6F699E97CE8E6EBEFCE6D
:106190001DFB8B9E7DF0278EFDA5CD71FFE2218E2C
:1061A00072A495D27C71A5DB69347C2A2D2C3665CE
:1061B000D46D6AFFBDDA966133376CE687CD68D857
:1061C0002C0C9BC5D26FEE4F747887EE9FB9D1B07F
:1061D000C3330BFD2FBDB74329C3A60C9BE15D6FF5
:1061E000BB7FBE3AC4E8A843F49BF68843EC1DFA93
:1061F000FE0EA3833B1C11311C66D8A1F4EFFAF507
:10620000FF9C294F9533C3579B95379AB933DDE6E9
:10621000FC7CBF7965346C9E1A36CFD67E73E6B5AA
:106220007EB3B2D86FDE6886CDF9BDC3EFEDB03175
:10623000FCDAA5618751E93F6EBFC3687571EF83D2
:10624000F73B94DA6FFA1FF6FBF5EF7ADBFDCA7ABB
:10625000FF10E54C3B1CA20C8728C3218699E6CA97
:10626000E199EEA5DFDBA11CDCE18888E130C30EFB
:10627000C3BBBEF9D1E49EF33B93F5EE8BEA62FF1C
:10628000DCEA27FD3BD1FDB87F7916FE3659BFDA2F
:10629000E9BFBDD2B97F62FD1F9FE81F84000000E7
:1062A000A8620100E4AA010008C04FE25C309FE54B
:1062B00003C08CE00290A0E154309FE5033089E0F8
:1062C000F00F2DE91C3043E2030052E1F00FBC381F
:1062D000F00FA238FBFFFF3A1C3083E2030052E1CB
:1062E00004409C3404408234FBFFFF3AF00FBDE8C9
:1062F00000C0A0E31C209FE5022089E0020053E1DA
:1063000004C08334FCFFFF3A02304DE09A0000EAFB
:10631000EC3600005011000058110000F74D2DE937
:106320000060A0E163DF4DE20000A0E388018DE59D
:1063300088008DE20C0086E590019DE588408DE2A5
:10634000020080E004008DE50000A0E304A0A0E1CD
:10635000040086E50080E0E304004AE0C01FA0E1FD
:10636000210F80E04001A0E1040050E3320000AAC8
:1063700088019DE5000050E32F00001A0C0096E50F
:106380000410A0E104A040E00A20A0E188008DE212
:106390009B0C00EB88008DE20A0080E014A086E5EB
:1063A0000C0086E5400F6AE2100086E5060096E8DC
:1063B00008008DE2650C00EB08008DE2000086E528
:1063C000041096E590219DE5800061E20340C0E362
:1063D00004009DE5020040E0040050E10040A031CF
:1063E0000420A0E108008DE2000081E090119DE50D
:1063F000560C00EB040096E50010A0E3040080E0DA
:10640000040086E590019DE5040080E090018DE5A3
:106410000600A0E11C0100EB010050E388018D059E
:106420000100000A000050E35100001A140096E534
:1064300088408DE22001A0E100A184E0010078E322
:106440001600001A100084E200005AE10200002A3F
:1064500088019DE5000050E3BEFFFF0A000094E5BF
:106460000370C0E3010010E3040094E508408402D7
:1064700000008705B7FFFF0A0058A0E12558A0E1FA
:10648000208EA0E1050098E10300001A88019DE537
:10649000000050E30000A0133500001A084084E219
:1064A000000058E30A00000A010058E30200001A45
:1064B000040094E5002094E5190000EA020058E386
:1064C0001D00000A080058E30000E0132800001A2D
:1064D0001E0000EA000055E30E00000A04004AE036
:1064E000C01FA0E1210F80E04001A0E100B1A0E1C8
:1064F00005005BE10410A0E105B0A0810B20A0E144
:106500000700A0E13E0C00EB2B01A0E1007187E049
:106510000B5045E0004184E0000055E38DFFFF1A79
:10652000110000EA001097E5001001E0020051E1BF
:10653000FBFFFF1A084084E20B0000EA0700A0E11D
:106540007A0C00EB010050E2FDFFFF2A060000EA92
:10655000040094E4000087E5045055E20200000ABC
:1065600004005AE1F9FFFF8A7AFFFFEA0080E0E3C6
:1065700078FFFFEA66DF8DE2F08DBDE830402DE95F
:106580000150A0E10040A0E13CD04DE2401D43E2BB
:106590000200A0E1130000EB0000A0E324008DE561
:1065A00028008DE504008DE23820A0E328108FE25A
:1065B000B10000EB000050E30500001A0520A0E147
:1065C0000410A0E104008DE253FFFFEB04008DE214
:1065D000470000EB3CD08DE23080BDE8312E312EFB
:1065E000330000000EF0A0E11C209FE5043080E2A3
:1065F000002080E514209FE5010080E0092082E072
:10660000040082E5003082E50EF0A0E1BEBAFECAC9
:106610005011000004E02DE54CE09FE5910000E002
:1066200009E08EE000209EE5030080E20330C0E335
:106630000C0082E2031080E004C09EE5041081E2B9
:106640000C0051E10000009AFEFFFFEA003082E5F5
:106650000030A0E3043082E510309FE5083082E589
:10666000043001E500108EE504F09DE450110000B7
:10667000EFBEADDE0C1010E520309FE50020E0E31A
:10668000082000E5093083E0002093E5011080E058
:10669000020051E10C004002000083050EF0A0E171
:1066A000501100000010B0E108402DE91C009115C8
:1066B000000050130100E0030C00000A0020A0E3DA
:1066C000142081E5082081E5182081E50C2090E563
:1066D000000052E30720A0130020C0E51C0091E554
:1066E0000020A0E3140090E57A0200EB0000A0E394
:1066F0000880BDE810402DE90040B0E11C00941571
:106700000000501324109415000051130100E00301
:106710001080BD08140090E5000050E30410A011A3
:10672000F805001B280094E51C1094E5242094E54E
:106730000FE0A0E102F0A0E10000A0E31C0084E56E
:106740001080BDE870402DE90150A0E10040A0E1BB
:10675000000052E30300000A0000D2E5310050E3DC
:10676000380053030100000A0500E0E37080BDE833
:10677000000054E30100001A0100E0E37080BDE86E
:106780000060A0E3186084E5200094E5000050E379
:10679000D8009F050F008000200084052860840534
:1067A000240094E5000050E3C4009F050F00800022
:1067B00024008405280094E5203094E508E08FE269
:1067C0001820A0E30110A0E303F0A0E11C0084E581
:1067D000000050E30100001A0300E0E37080BDE810
:1067E000146080E51C0094E5000055E30C6080E532
:1067F0001C1094B50100A0E30C0081B5005065B2F7
:10680000080055E3010000BA0F0055E3020000DA6A
:106810000400A0E1B6FFFFEBD6FFFFEA1C1094E5F1
:106820001025A0E1105081E51C0094E50C0090E5D6
:10683000000050E33C109F050F1081000010A013D2
:106840000400A0E1480200EB1C1094E5000050E3B6
:10685000140081E50400A0E10100001AA4FFFFEB91
:10686000DCFFFFEA8EFFFFEB0000A0E37080BDE8D5
:10687000241800001C180000300700000230A0E1BE
:106880000120A0E10F10A0E3ADFFFFEAF04D2DE9DC
:106890000040B0E11C009415000050130000941556
:1068A00000005013AC00000A040051E30060A01384
:1068B0000460E0030450E0E305B0A0E30DA0A0E312
:1068C0001C0094E50010D0E50D0051E301F18F901C
:1068D000A10000EA0C0000EA280000EA440000EAF7
:1068E000560000EA6A0000EA7D0000EA930000EA30
:1068F0009B0000EAB80000EACA0000EADE0000EAF5
:10690000F20000EA230100EA240100EA041094E501
:10691000000051E3F000000A011041E2041084E598
:10692000081094E50650A0E1011081E2081084E50A
:10693000001094E5012081E2002084E50010D1E5FB
:10694000041080E50F0001E2080050E31C0094E50C
:1069500000A0C015E20F8F121201001A0820A0E358
:10696000211282E0102090E5020051E100A0C085D4
:10697000E20F8F820B01008A0110A0E30010C0E536
:10698000040094E5000050E3D300000A010040E257
:10699000040084E5080094E50650A0E1010080E2CF
:1069A000080084E5000094E5011080E2001084E511
:1069B0001C8094E50070D0E5040098E5001487E0A1
:1069C0001F00A0E3290B00EB000051E300A0C81555
:1069D000CF0F8F12F300001A200017E30700A00367
:1069E0000000C805B5FFFF0A1C1094E50200A0E3F3
:1069F0000000C1E5040094E5000050E3B600000A81
:106A0000010040E2040084E5080094E50650A0E19E
:106A1000010080E2080084E5000094E5011080E2B6
:106A2000001084E50000D0E51C1094E5000CA0E106
:106A3000080081E51C1094E50300A0E30000C1E517
:106A4000041094E5000051E3A300000A1C0094E543
:106A5000011041E2041084E5081094E5080080E28A
:106A6000011081E2081084E5001094E50650A0E1D1
:106A7000012081E2002084E50010D1E5002090E5AE
:106A8000011882E0001080E51C1094E50400A0E3EA
:106A90000000C1E5041094E5000051E38E00000AF7
:106AA0001C0094E5011041E2041084E5081094E50F
:106AB000080080E2011081E2081084E5001094E5EE
:106AC0000650A0E1012081E2002084E50010D1E51C
:106AD000002090E5011482E0001080E51C0094E5A0
:106AE00000B0C0E5041094E5000051E37A00000A0C
:106AF000011041E21C0094E5041084E5081094E5BF
:106B0000011081E2081084E5001094E5012081E283
:106B1000002084E50010D1E50820B0E5021081E0F6
:106B2000001080E51C0094E5081090E5301084E525
:106B30000610A0E30010C0E50200A0E3F08DBDE860
:106B40001C0094E50010A0E300A0C0E5760F8FE2E2
:106B5000180084E51C0094E5041080E50100E0E3E2
:106B6000F08DBDE8140090E50520A0E10410A0E13F
:106B7000B80100EB0050A0E1030070E31C00940595
:106B80000010A00300A0C0051C009405041080059F
:106B90004AFFFF0A000055E30650A001010055E33B
:106BA0004D00001A1C0094E50650A0E1042080E28C
:106BB000140090E50410A0E1460100EB1C0094E5F0
:106BC0000C1090E5000051E30C10A0130010C0154C
:106BD0003AFFFF1A0820A0E30020C0E5040094E576
:106BE000000050E33C00000A010040E2040084E59C
:106BF000080094E50650A0E1010080E2080084E569
:106C0000000094E5011080E2001084E50000D0E56A
:106C10001C1094E5000CA0E1080081E51C0094E53F
:106C20000910A0E30010C0E5041094E5000051E352
:106C30002900000A1C0094E5011041E2041084E5DB
:106C4000081094E5080080E2011081E2081084E554
:106C5000001094E50650A0E1012081E2002084E5C7
:106C60000010D1E5002090E5011882E0001080E5D9
:106C70001C0094E50A10A0E30010C0E5041094E5A0
:106C8000000051E31400000A1C0094E5011041E2E9
:106C9000041084E5081094E5080080E2011081E208
:106CA000081084E5001094E50650A0E1012081E27F
:106CB000002084E50010D1E5002090E5011482E079
:106CC000001080E51C0094E50B10A0E30010C0E567
:106CD000041094E5000051E31700001A0500A0E13C
:106CE000F08DBDE8756E6B6E6F776E20636F6D70A3
:106CF00072657373696F6E206D6574686F640000F0
:106D0000696E76616C69642077696E646F77207351
:106D1000697A6500696E636F727265637420686575
:106D20006164657220636865636B00006E6565640D
:106D30002064696374696F6E61727900011041E2C9
:106D40001C0094E5041084E5081094E50650A0E1C9
:106D5000011081E2081084E5001094E5012081E231
:106D6000002084E50010D1E50820B0E5021081E0A4
:106D7000001080E51C0094E5060090E9020051E156
:106D800000A0C0152C008F120600001A1C0094E50C
:106D90000C10A0E30010C0E50100A0E3F08DBDE8F9
:106DA0000200E0E3F08DBDE8180084E51C0094E5E6
:106DB00004B080E5C1FEFFEA696E636F72726563BD
:106DC00074206461746120636865636B0000000077
:106DD000F8402DE90040B0E10270A0E11C009415DC
:106DE0000160A0E10250A0E1000050130200000A7F
:106DF0000000D0E5060050E30100000A0100E0E3D6
:106E0000F880BDE80720A0E10610A0E10100A0E3A2
:106E1000560000EB301094E5010050E10200E01351
:106E2000F6FFFF1A0100A0E3300084E51C1094E592
:106E3000102091E51002A0E1050050E101504092C0
:106E40000500479006608090140091E50610A0E1CF
:106E50000520A0E1410400EB1C1094E50700A0E32D
:106E60000000C1E50000A0E3E4FFFFEA70402DE967
:106E70000040B0E11C009415000050130100E00335
:106E80007080BD080010D0E50D0051E30D10A01377
:106E90000010C0151C1094150000A01304008115EB
:106EA000042094E5000052E30400E0037080BD0874
:106EB000001094E51C5094E58CC09FE501E0A0E132
:106EC0000FC08CE0040095E50A0000EA0030D1E52F
:106ED0000060DCE7060053E1010080020200000AC6
:106EE000000053E3040060020000A013011081E2DF
:106EF000012052E20100000A040050E3F2FFFF3AD1
:106F0000083094E50EC041E00C3083E00E0084E8C8
:106F1000040085E5040050E30200E0137080BD1812
:106F2000085094E5146094E50400A0E1DCFDFFEB5B
:106F3000085084E5146084E51C1094E50700A0E384
:106F40000000C1E50000A0E37080BDE894280000C7
:106F5000000050E31C009015000050131400901521
:106F6000000050130100E0030604001A0EF0A0E137
:106F7000F8452DE90058A0E10140B0E12068A0E10A
:106F80002558A0E10270A0E10100A0034E00000A14
:106F900038819FE538A19FE5480000EA40CD57E2DF
:106FA0005BCE5C220700A0310800A021007047E002
:106FB000310000EA0010D4E50130D4E5100040E2D1
:106FC000051081E0012086E0011083E00230D4E565
:106FD000012082E0011083E00330D4E5012082E04B
:106FE000011083E00430D4E5012082E0011083E049
:106FF0000530D4E5012082E0011083E00630D4E5BD
:10700000012082E0011083E00730D4E5012082E016
:10701000011083E00830D4E5012082E0011083E014
:107020000930D4E5012082E0011083E00A30D4E584
:10703000012082E0011083E00B30D4E5012082E0E2
:10704000011083E00C30D4E5012082E0011083E0E0
:107050000D30D4E5012082E0011083E00E30D4E54C
:10706000012082E0011083E00F30D4E5012082E0AE
:10707000104084E2015083E0056082E0100050E39C
:10708000CBFFFFAA000050E30400000A0110D4E483
:10709000010050E2055081E0056086E0FAFFFF1A2A
:1070A0000510A0E10A00A0E1700900EB0150A0E189
:1070B0001C009FE50610A0E16C0900EB0160A0E157
:1070C000000057E3B4FFFF1A060885E1F885BDE824
:1070D000B0150000F1FF000038402DE90040A0E1AC
:1070E000000052E33C0094150150A0E1000082151D
:1070F0000000D4E5040050E3050050130C10940583
:1071000028009505242095050FE0A00102F0A001BC
:107110000000D4E5060050E30510A001040094052A
:10712000D105000B0000A0E30000C4E51C0084E5CD
:10713000200084E5280094E5340084E5300084E5EF
:10714000383094E5000053E30600000A0CE08FE2BB
:107150000020A0E30010A0E30000A0E303F0A0E102
:107160003C0084E5300085E53880BDE8F8402DE935
:107170000040A0E10170A0E10260A0E1280090E5DC
:10718000203094E508E08FE20110A0E34020A0E366
:1071900003F0A0E10050B0E10100001A0500A0E1F9
:1071A000F880BDE8280094E5203094E508E08FE2FF
:1071B0005A2EA0E30810A0E303F0A0E1240085E527
:1071C000000050E3280094E50400001A242094E510
:1071D00004E08FE20510A0E102F0A0E1110000EA56
:1071E000203094E508E08FE20620A0E10110A0E342
:1071F00003F0A0E1280085E5000050E30B00001A31
:10720000241095E5280094E5242094E50FE0A0E102
:1072100002F0A0E10CE08FE22420B4E5040094E544
:107220000510A0E102F0A0E10000A0E3DBFFFFEA0F
:10723000060080E02C0085E5387085E50000A0E3BD
:107240000000C5E50500A0E10020A0E30410A0E1D6
:10725000A0FFFFEBD0FFFFEAF74D2DE90040A0E1D2
:10726000048091E500A091E51C5090E5207090E528
:1072700034B090E5300090E53CD04DE20B0050E199
:107280002C0094950160A0E10B0040E001004082D9
:10729000142084E2101084E238108DE534208DE54E
:1072A00028008DE50000D4E5090050E300F18F903F
:1072B000FD0200EA100000EA660000EA9C0000EA15
:1072C0001B0100EA680100EA4D0200EA930200EAAD
:1072D000BD0200EAD60200EAE40200EA000058E338
:1072E0003100000A0010A0E344108DE50100DAE44B
:1072F000018048E2107587E1085085E2030055E3FC
:10730000F5FFFF3A070007E2011000E2A000B0E13C
:10731000181084E50310450207000102A721A0010F
:10732000005041003270A0010100A0037E00000A5D
:10733000010050E32B00000A020050E3A771A001F6
:10734000035045020300A0037700000A030050E346
:10735000D3FFFF1A0920A0E30020C4E5DF2F8FE24E
:10736000182086E5A701A0E1200084E5031045E28E
:107370001C1084E5048086E5001096E5080096E57B
:1073800001104AE0010080E0080086E500A086E5E3
:1073900034B084E50400A0E10220E0E30610A0E19F
:1073A000370700EB48D08DE2F08DBDE81C5084E536
:1073B000207084E5048086E5001096E5080096E5D7
:1073C00001104AE0010080E0080086E500A086E5A3
:1073D00034B084E544209DE50400A0E10610A0E15E
:1073E000270700EBEEFFFFEA00608DE518308DE225
:1073F0001C208DE220108DE224008DE20E0700EBB0
:1074000000608DE520109DE524009DE51C209DE594
:1074100018309DE5F20200EB000050E3040084E523
:107420000600A013A771A011035045123E00001AD8
:107430000320E0E3200200EA000058E31F00000AF6
:107440000010A0E344108DE50100DAE4018048E279
:10745000107587E1085085E2200055E3F5FFFF3AFB
:107460000708A0E12008A0E10710E0E1210850E1B1
:107470002100000A0900A0E30000C4E59C0F8FE290
:10748000180086E51C5084E5207084E5048086E5BC
:10749000001096E5080096E501104AE0010080E042
:1074A000080086E500A086E534B084E50400A0E18C
:1074B0000220E0E30610A0E1F10600EBB8FFFFEACE
:1074C0001C5084E5207084E5048086E5001096E574
:1074D000080096E501104AE0010080E0080086E51A
:1074E00000A086E534B084E544209DE50400A0E1D9
:1074F0000610A0E1E20600EBA9FFFFEA0050A0E3BE
:10750000040084E5000050E30200A0130570A0E130
:107510000500001A180094E5000050E30100000A7D
:107520000700A0E3000000EA0000A0E30000C4E5BB
:107530005BFFFFEA000058E30E00001A1C5084E5D0
:10754000207084E5048086E5001096E5080096E545
:1075500001104AE0010080E0080086E500A086E511
:1075600034B084E544209DE50400A0E10610A0E1CC
:10757000C30600EB8AFFFFEA28009DE5000050E308
:107580003700001A2C2094E50B0052E10A00001A83
:10759000300094E5281094E5010050E10600000A4F
:1075A00001B0A0E10B004080011040820B1042901E
:1075B00028108DE5000051E32900001A34B084E55D
:1075C00044209DE50610A0E10400A0E1AC0600EB1C
:1075D000301094E534B094E50B0051E12C209495E3
:1075E0000B204180012042820B20429028208DE513
:1075F0002CC094E50B005CE10700001A283094E5EC
:10760000030051E10400000A03B0A0E10B10418027
:10761000011041820B104C9028108DE528109DE53B
:10762000000051E30E00001A1C5084E5207084E530
:10763000048086E5002096E5081096E502204AE0E1
:10764000021081E0081086E50020A0E100A086E598
:1076500034B084E50610A0E10400A0E1880600EB48
:107660004FFFFFEA0010A0E344108DE5040094E50D
:1076700028109DE5080050E12C008DE52C808D85BB
:107680002C009DE5010050E128009D850A10A0E135
:107690002C008D852C209DE50B00A0E1AB0700EBB5
:1076A0002C009DE528109DE500A08AE0001041E037
:1076B00028108DE5008048E000B08BE0040094E5E0
:1076C0002C109DE5010050E0040084E5F4FEFF1A53
:1076D000180094E5000050E392FFFF0A8FFFFFEAD5
:1076E000696E76616C696420626C6F636B2074797B
:1076F00070650000696E76616C69642073746F72E6
:10770000656420626C6F636B206C656E6774687370
:1077100000000000000058E32400000A0010A0E36D
:1077200044108DE50100DAE4018048E2107587E13C
:10773000085085E20E0055E3F5FFFF3A0709A0E186
:107740002009A0E11F1000E21D0051E3040084E5C0
:107750000300008A000BA0E11D20A0E3A00D52E170
:107760002100002A0900A0E30000C4E5BC0F8FE25D
:10777000180086E51C5084E5207084E5048086E5C9
:10778000001096E5080096E501104AE0010080E04F
:10779000080086E500A086E534B084E50400A0E199
:1077A0000220E0E30610A0E1350600EBFCFEFFEA54
:1077B0001C5084E5207084E5048086E5001096E581
:1077C000080096E501104AE0010080E0080086E527
:1077D00000A086E534B084E544209DE50400A0E1E6
:1077E0000610A0E1260600EBEDFEFFEAA00D81E009
:1077F000401F80E2280096E5203096E508E08FE201
:10780000021081E20420A0E303F0A0E10C0084E573
:10781000000050E30E00001A1C5084E5207084E53F
:10782000048086E5001096E5080096E501104AE020
:10783000010080E0080086E500A086E534B084E51C
:107840000400A0E10320E0E30610A0E10C0600EB39
:10785000D3FEFFEA0000A0E3080084E52777A0E15B
:1078600004C0A0E300C0C4E50E5045E214229FE529
:1078700004C0A0E30F2082E0110000EA000058E3FA
:107880001500000A0010A0E344108DE50110DAE4B1
:10789000018048E2117587E1085085E2030055E355
:1078A000F5FFFF3A013080E2083084E5000192E7FD
:1078B0000C3094E5071007E2001183E7A771A0E1FF
:1078C000035045E2041094E5080094E521158CE08E
:1078D000010050E1F0FFFF3A140000EA1C5084E57B
:1078E000207084E5048086E5001096E5080096E5A2
:1078F00001104AE0010080E0080086E500A086E56E
:1079000034B084E544209DE50400A0E10610A0E128
:10791000DB0500EBA2FEFFEA011080E2081084E51F
:10792000000192E70C1094E50030A0E3003181E7FC
:10793000080094E5130050E3F6FFFF3A0700A0E3C8
:10794000100084E500608DE50C0094E5243094E59A
:1079500038109DE534209DE5DC0400EB000050E389
:107960002C008DE50030A003083084050500A0033D
:107970000000C405A200000A0C1094E5280096E55A
:10798000242096E50FE0A0E102F0A0E12C209DE587
:10799000030072E30900A0030000C4051C5084E545
:1079A000207084E5048086E5001096E5080096E5E1
:1079B00001104AE0010080E0080086E500A086E5AD
:1079C00034B084E50400A0E10610A0E1AC0500EBB2
:1079D00073FEFFEA100094E5070000EA000058E398
:1079E0002A00000A00C0A0E344C08DE50110DAE4DB
:1079F000018048E2117587E1085085E2000055E1F9
:107A0000F5FFFF3A80E09FE5141094E509E08EE071
:107A100000019EE7070000E0800181E00110D0E551
:107A2000042090E5100052E3010083320800843501
:107A30000C0094353771A031015045300321803757
:107A40006F00003A120052E30E0042120700A0033A
:107A500003C0A0130BC0A00324C08DE500E081E0AB
:107A6000210000EA746F6F206D616E79206C656E85
:107A7000677468206F722064697374616E63652037
:107A800073796D626F6C7300E41E00000C110000CE
:107A90001C5084E5207084E5048086E5001096E59E
:107AA000080096E501104AE0010080E0080086E544
:107AB00000A086E534B084E544209DE50400A0E103
:107AC0000610A0E16E0500EB35FEFFEA000058E36A
:107AD0003200000A00C0A0E344C08DE501C0DAE432
:107AE000018048E21C7587E1085085E205005EE1EF
:107AF000F5FFFF8A37C1A0E1E8E39FE5011045E00B
:107B000009E08EE000E19EE724509DE50CE00EE0E8
:107B100005E08EE03C70A0E1005041E00E1083E0F3
:107B200030009DE5010050E10400003A100052E3EE
:107B30000010A0132B00001A010053E32600002AB6
:107B40000C1094E5280096E5242096E50FE0A0E1CE
:107B500002F0A0E10900A0E30000C4E5E20F8FE21B
:107B6000180086E51C5084E5207084E5048086E5D5
:107B7000001096E5080096E501104AE0010080E05B
:107B8000080086E500A086E534B084E50400A0E1A5
:107B90000220E0E30610A0E1390500EB00FEFFEA59
:107BA0001C5084E5207084E5048086E5001096E58D
:107BB000080096E501104AE0010080E0080086E533
:107BC00000A086E534B084E544209DE50400A0E1F2
:107BD0000610A0E12A0500EBF1FDFFEA0C0094E598
:107BE000030180E0041010E50300A0E10C2094E5FF
:107BF00001E05EE2013083E2001182E7F9FFFF1A43
:107C0000083084E5040094E51F1000E2000BA0E1B9
:107C1000A00D81E0400F80E2020080E230008DE59F
:107C2000083094E5030050E169FFFF8A0000A0E3FB
:107C3000140084E50900A0E324008DE50600A0E31C
:107C400020008DE5242094E504C094E51C008DE21D
:107C500018108DE247008DE90110A0E30C0BA0E1A4
:107C6000A01D81E020308DE200308DE51F000CE288
:107C7000400F80E2010080E20C2094E524308DE288
:107C8000560400EB2C008DE50C1094E5280096E5D9
:107C9000242096E50FE0A0E102F0A0E12C009DE594
:107CA000000050E31200000A2C009DE5030070E381
:107CB0000900A0030000C4052C209DE51C5084E5AC
:107CC000207084E5048086E5001096E5080096E5BE
:107CD00001104AE0010080E0080086E500A086E58A
:107CE00034B084E50400A0E10610A0E1E40400EB58
:107CF000ABFDFFEA00608DE520109DE524009DE5C9
:107D00001C209DE518309DE5B50000EB000050E318
:107D1000C6FDFF0A040084E50600A0E30000C4E5F8
:107D20001C5084E5207084E5048086E5001096E50B
:107D3000080096E501104AE0010080E0080086E5B1
:107D400000A086E534B084E544209DE50400A0E170
:107D50000610A0E1B60000EB010050E30020A011E6
:107D60000610A0110400A01148D08D12F04DBD18CE
:107D7000C304001A0010A0E344108DE5040094E54C
:107D80000610A0E1B80200EB300094E534B094E5B1
:107D9000048096E500A096E51C5094E5207094E5DB
:107DA0000B0050E12C0094950B1040900B0040808C
:107DB0000110408228108DE5180094E5000050E382
:107DC000D8FDFF0A0700A0E30000C4E534B084E555
:107DD00044209DE50610A0E10400A0E1A80400EB0A
:107DE000301094E534B094E50B0051E10E00000A28
:107DF0001C5084E5207084E5048086E5002096E52B
:107E0000081096E502204AE0021081E0081086E59D
:107E10000020A0E100A086E534B084E50610A0E1D2
:107E20000400A0E1960400EB5DFDFFEA0800A0E37A
:107E30000000C4E51C5084E5207084E5048086E5DC
:107E4000001096E5080096E501104AE0010080E088
:107E5000080086E500A086E534B084E50400A0E1D2
:107E60000120A0E30610A0E1850400EB4CFDFFEA31
:107E70001C5084E5207084E5048086E5001096E5BA
:107E8000080096E501104AE0010080E0080086E560
:107E900000A086E534B084E50400A0E10220E0E320
:107EA0000610A0E1760400EB3DFDFFEA1C5084E5DE
:107EB000207084E5048086E5001096E5080096E5CC
:107EC00001104AE0010080E0080086E500A086E598
:107ED00034B084E50400A0E10120E0E30610A0E155
:107EE000670400EB2EFDFFEA0C110000696E76615D
:107EF0006C696420626974206C656E6774682072B6
:107F0000657065617400000038402DE90050A0E103
:107F10000140A0E10020A0E36EFCFFEB281095E5F6
:107F2000280094E5242094E50FE0A0E102F0A0E110
:107F3000241095E5280094E5242094E50FE0A0E1C5
:107F400002F0A0E10CE08FE22420B4E5040094E507
:107F50000510A0E102F0A0E10000A0E33880BDE838
:107F600038402DE90040A0E10250A0E1280090E552
:107F7000760500EB280094E5050080E0340084E5F8
:107F8000300084E53880BDE80000D0E5010050E312
:107F90000000A0130100A0030EF0A0E100008FE29A
:107FA0000EF0A0E1312E312E3300000000008FE2F0
:107FB0000EF0A0E17A6C6962206572726F72000047
:107FC0000030A0E10100A0E10210A0E190F9FFEA79
:107FD00010402DE90040A0E11040BDE80100A0E103
:107FE000A3F9FFEAF8402DE90150A0E10370A0E1F8
:107FF00018109DE50040A0E10260A0E12030B1E54D
:10800000080091E508E08FE20110A0E31C20A0E346
:1080100003F0A0E1000050E30010A0130010C01511
:108020001040C0151150C0151460801518708015CF
:10803000F880BDE8FF4D2DE90040A0E10170A0E10E
:108040000200A0E104A091E500B091E5341094E5B0
:10805000302094E5045094E51C6094E5208094E57C
:10806000010052E12C209495013042900120428081
:10807000013042820020D5E5090052E302F18F90E1
:10808000EA0100EA080000EA330000EA7A0000EAA8
:10809000930000EAE60000EAFB0000EA6C0100EA57
:1080A000A60100EAC30100EAD10100EA40CF53E291
:1080B00002C05C220A005A232100003A1C6084E5B9
:1080C000208084E504A087E5002097E5080097E577
:1080D00002204BE0020080E0080087E500B087E561
:1080E000341084E590008DE8142095E5183095E56E
:1080F0001110D5E51000D5E5300400EB341094E5FF
:10810000302094E504A097E500B097E51C6094E565
:10811000208094E5010052E12C209495013042909A
:108120000120428001304282000050E30400000A36
:10813000010050E30920A0134301001A0720A0E327
:10814000410100EA1020D5E50C2085E5142095E5D5
:10815000082085E50120A0E30020C5E50C2095E579
:10816000060000EA00005AE33400000A01C0DBE424
:108170000000A0E301A04AE21C8688E1086086E2D4
:10818000020056E1F6FFFF3A04E49FE508C095E5DA
:1081900009E08EE002219EE7082002E082218CE0C7
:1081A00001C0D2E50C6046E0388CA0E100C0D2E509
:1081B00000005CE304209205082085050620A0034A
:1081C0002101000A10001CE30FC00C1208C0851525
:1081D00004209215042085150220A0131A01001A0C
:1081E00040001CE36B00000A20001CE3D2FFFF1AD2
:1081F0000900A0E30000C5E5E60F8FE2180087E55F
:108200001C6084E5208084E504A087E5003097E5C4
:10821000080097E503304BE0030080E0080087E5A5
:1082200000B087E5341084E50710A0E10400A0E168
:108230000220E0E3920300EB10D08DE2F08DBDE868
:108240001C6084E5208084E504A087E5003097E584
:10825000082097E503304BE0032082E0082087E503
:1082600000B087E50020A0E1341084E50710A0E10C
:108270000400A0E1820300EBEEFFFFEA082095E591
:10828000060000EA00005AE31700000A01C0DBE420
:108290000000A0E301A04AE21C8688E1086086E2B3
:1082A000020056E1F6FFFF3AE4E29FE504C095E5DF
:1082B00009E08EE002E19EE708E00EE00EC08CE0EF
:1082C000026046E004C085E53882A0E11120D5E5D2
:1082D0000C2085E5182095E5082085E50320A0E31E
:1082E0000020C5E50C2095E5150000EA1C6084E53A
:1082F000208084E504A087E5003097E5082097E515
:1083000003304BE0032082E0082087E500B087E5DA
:108310000020A0E1341084E50710A0E10400A0E1F2
:10832000570300EBC3FFFFEA00005AE31E00000AF8
:1083300001C0DBE40000A0E301A04AE21C8688E162
:10834000086086E2020056E1F6FFFF3A40E29FE550
:1083500008C095E509E08EE002219EE7082002E0D2
:1083600082218CE001C0D2E50C6046E0388CA0E1AF
:1083700000C0D2E510001CE30FC00C1208C0851528
:10838000042092150C2085150420A013AE00001ABD
:1083900040001CE31300001A0CC085E504C092E500
:1083A0008C2182E0082085E531FFFFEA1C6084E52E
:1083B000208084E504A087E5003097E5082097E554
:1083C00003304BE0032082E0082087E500B087E51A
:1083D0000020A0E1341084E50710A0E10400A0E132
:1083E000270300EB93FFFFEA0900A0E30000C5E5C7
:1083F0006F0F8FE2180087E51C6084E5208084E51C
:1084000004A087E5003097E5080097E503304BE0CE
:10841000030080E0080087E500B087E5341084E5BC
:108420000710A0E10400A0E10220E0E3140300EB48
:1084300080FFFFEA082095E5060000EA00005AE305
:108440001B00000A01C0DBE40000A0E301A04AE237
:108450001C8688E1086086E2020056E1F6FFFF3ADA
:108460002CE19FE50CC095E509E08EE002E19EE776
:1084700008E00EE0026046E00EC08CE03882A0E129
:108480000520A0E30CC085E50020C5E5282094E583
:1084900002C041E00C2095E502005CE102C04120F1
:1084A0000C2042302CC0943502C04C300CC08DE5FD
:1084B000610000EA1C6084E5208084E504A087E573
:1084C000003097E5082097E503304BE0032082E079
:1084D000082087E500B087E50020A0E1341084E59E
:1084E0000710A0E10400A0E1E50200EB51FFFFEA64
:1084F000000053E34200001A2CC094E501005CE147
:108500000900001A302094E5283094E5030052E178
:108510000500000A0310A0E10120428001304282E0
:1085200001304C90000053E33500001A0020A0E118
:10853000341084E50710A0E10400A0E1D00200EBB4
:10854000341094E530C094E50020A0E101005CE126
:108550002C0094950130409001004C800130408205
:108560002C0094E5010050E10600001A28E094E593
:108570000E005CE10300000A0E10A0E10130409003
:1085800001004C8001304082000053E31C00001ABF
:108590000D0000EA0C110000696E76616C696420C0
:1085A0006C69746572616C2F6C656E6774682063AA
:1085B0006F646500696E76616C69642064697374C8
:1085C000616E636520636F64650000001C6084E574
:1085D000208084E504A087E5003097E5080097E552
:1085E00003304BE0030080E0080087E500B087E53A
:1085F000341084E50710A0E10400A0E1A00200EB24
:108600000CFFFFEA0CC09DE50000A0E30120DCE4C4
:108610000CC08DE5013043E20120C1E42C2094E53B
:108620000CC09DE50C0052E128C094050CC08D05DE
:10863000042095E5012042E2042085E5042095E52B
:10864000000052E3A9FFFF1A0020A0E30020C5E5C7
:1086500087FEFFEA000053E33300001A2CC094E5C4
:1086600001005CE10900001A302094E5283094E50F
:10867000030052E10500000A0310A0E1012042803E
:108680000130428201304C90000053E32600001A72
:108690000020A0E1341084E50710A0E10400A0E16F
:1086A000770200EB341094E530C094E50020A0E19F
:1086B00001005CE12C0094950130409001004C8059
:1086C000013040822C0094E5010050E10600001AC0
:1086D00028E094E50E005CE10300000A0E10A0E122
:1086E0000130409001004C8001304082000053E393
:1086F0000D00001A1C6084E5208084E504A087E555
:10870000003097E5080097E503304BE0030080E078
:10871000080087E500B087E5341084E50710A0E184
:108720000400A0E1560200EBC2FEFFEA082095E536
:108730000000A0E3013043E20120C1E4C1FFFFEAF1
:10874000070056E30020A0E1341084E50710A0E103
:108750000860468201A08A8201B04B820400A0E139
:10876000470200EB341094E5302094E5010052E11B
:108770000E00000A1C6084E5208084E504A087E5E3
:10878000003097E5082097E503304BE0032082E0B6
:10879000082087E500B087E50020A0E1341084E5DB
:1087A0000710A0E10400A0E1350200EBA1FEFFEA02
:1087B0000800A0E30000C5E51C6084E5208084E596
:1087C00004A087E5003097E5080097E503304BE00B
:1087D000030080E0080087E500B087E5341084E5F9
:1087E0000710A0E10400A0E10120A0E3240200EBB7
:1087F00090FEFFEA1C6084E5208084E504A087E504
:10880000003097E5080097E503304BE0030080E077
:10881000080087E500B087E5341084E50710A0E183
:108820000400A0E10220E0E3150200EB81FEFFEA74
:108830001C6084E5208084E504A087E5003097E58E
:10884000080097E503304BE0030080E0080087E56F
:1088500000B087E5341084E50710A0E10400A0E132
:108860000120E0E3060200EB72FEFFEA0030A0E127
:108870002420B1E5040091E50310A0E100F082E2BC
:10888000FF4D2DE9E8D04DE20060A0E320319DE5E9
:1088900028B19DE52CE19DE5AC608DE5A8608DE5F6
:1088A000A0608DE590608DE594608DE598608DE524
:1088B0009C608DE5A4608DE50120A0E100C0A0E1F1
:1088C000C4608DE5BC608DE5B8608DE5B4608DE574
:1088D000B0608DE5C0608DE5C8608DE5CC608DE54C
:1088E00094408DE204509CE490708DE2055187E045
:1088F000007095E5012052E2017087E2007085E585
:10890000F7FFFF1A90209DE5010052E11C119D0523
:108910000060810500608305EA00000A005093E5CD
:108920000170A0E390208DE2072192E7000052E35E
:108930000200001A017087E20F0057E3F8FFFF9A68
:10894000070055E10F20A0E307C0A0E10750A031C8
:1089500090808DE2028198E7000058E30100001A40
:10896000012052E2F9FFFF1A020055E188208DE54F
:108970000250A081005083E50130A0E31387A0E1FD
:10898000050000EA90A08DE207A19AE70A8058E06E
:108990000900004A8880A0E1017087E2020057E1E7
:1089A000F7FFFF3A90708DE2027197E7078048E089
:1089B00000808DE5000058E3020000AA0200E0E319
:1089C000F8D08DE2F08DBDE800809DE5087087E06D
:1089D00090808DE2027188E70070A0E308708DE559
:1089E0000C808DE2012052E204A0941407708A10DA
:1089F00004708814FAFFFF1A0040A0E1040094E418
:108A0000000050E304708D120071971704A08D12BE
:108A10000180871200818A1707218E17012082E2C8
:108A2000010052E1F4FFFF3A88109DE504008DE259
:108A3000011190E744608DE5FF8005E201118EE0B1
:108A4000E4808DE50020A0E304208DE5E0108DE5B5
:108A50000060A0E3000065E20040E0E30070A0E3F6
:108A60008F0000EA90108DE20C1191E70130A0E335
:108A7000D0108DE590108DE20C8181E0DC808DE5D9
:108A800001104CE21311A0E1D8108DE57C0000EA42
:108A90000100A0E10160A0E388109DE5014084E2AF
:108AA00000A041E005005AE100104CE01661A0E191
:108AB00005A0A081030056E10C00009A036046E087
:108AC0000A0051E1DC809DE50800002A040000EA6C
:108AD0008660A0E10470B8E5070056E10300009A43
:108AE000076046E0011081E20A0051E1F7FFFF3A1A
:108AF0000160A0E31671A0E100609BE5078086E0BD
:108B00005A0E58E30300E083ACFFFF8A24819DE501
:108B1000000054E3866188E044808DE2046188E7C8
:108B200000809BE5078088E000808BE51C119D0597
:108B3000006081051400000A04808DE2042188E7AA
:108B4000E4809DE58180CDE58010CDE544808DE217
:108B5000048188E0048018E5051040E0D4808DE5AC
:108B6000088046E0C8AFA0E13211A0E1AA8E88E0FB
:108B7000C88161E084808DE5D4809DE584A09DE579
:108B8000811188E080809DE5000581E8051080E086
:108B90000C0051E1BDFFFFBA00804CE08180CDE5C3
:108BA000E0109DE50E0051E1C010A0938010CD951E
:108BB0001500009A00109EE5F0309DE5030051E19C
:108BC0000500002A400F51E36030A0230030A0339D
:108BD0008030CDE504E08EE20A0000EAF0309DE549
:108BE00018A19DE5033041E003319AE704E08EE2ED
:108BF000503083E28030CDE5F0309DE5031041E058
:108C0000F4309DE5011193E784108DE50110A0E398
:108C10001138A0E18C308DE53210A0E1070051E160
:108C200080809D358131863084A09D350005833854
:108C30008C309D3503108130F7FFFF3AD8109DE549
:108C40000180A0E3010012E101202210A110A01177
:108C5000FBFFFF1A012022E00830A0E1010000EA3A
:108C6000050040E0014044E21310A0E1011041E2A0
:108C700004808DE2048198E7011002E0080051E1D0
:108C8000F6FFFF1AD0109DE5011041E2D0108DE5EE
:108C9000010071E3D0109D1501308112BAFFFF1A57
:108CA00001C08CE288109DE501005CE16CFFFFDAF9
:108CB00000809DE5000058E388109D1501005113C8
:108CC0000400E0133DFFFF1A0000A0E33BFFFFEAB2
:108CD000F0452DE90070A0E11CD04DE238409DE543
:108CE0000000A0E318008DE503A0A0E1280094E5B2
:108CF0000280A0E10160A0E1203094E508E08FE26D
:108D00000420A0E31310A0E303F0A0E10050B0E1C1
:108D10000300E0031C00000A18208DE210208DE5FE
:108D20000020A0E314508DE504018DE808608DE576
:108D30000CA08DE51320A0E30030A0E31310A0E306
:108D40000700A0E1CDFEFFEB0070A0E1030070E39F
:108D50003C008F02180084050500000A050077E337
:108D600000009615000050134C008F021800840577
:108D70000270E0032420B4E508E08FE2040094E5EB
:108D80000510A0E102F0A0E10700A0E11CD08DE2F7
:108D9000F085BDE86F7665727375627363726962A0
:108DA00065642064796E616D696320626974206C0A
:108DB000656E67746873207472656500696E636FB1
:108DC0006D706C6574652064796E616D6963206295
:108DD0006974206C656E67746873207472656500D1
:108DE000FF4D2DE920D04DE20070A0E160409DE5EF
:108DF0005CA09DE50000A0E31C008DE554509DE5BE
:108E000050809DE503B0A0E1280094E5203094E572
:108E100008E08FE20420A0E3481FA0E303F0A0E1F4
:108E20000060B0E10300E0034C00000A1C208DE26A
:108E300010208DE548219FE548319FE50F2082E015
:108E400014608DE50F3083E024088DE80CA08DE5DB
:108E500028009DE530219FE50710A0E187FEFFEB8C
:108E60000050B0E10300001A00009BE5000050E351
:108E70000F00001A050000EA030075E3430F8F029C
:108E8000180084050400000A040075E30200000ACB
:108E9000470F8FE2180084E50250E0E32420B4E598
:108EA00008E08FE2040094E50610A0E102F0A0E1E2
:108EB000290000EA1C208DE210208DE510219FE59D
:108EC00014608DE508808DE50CA08DE50F2082E013
:108ED00058309DE50C008DE828009DE5F4309FE5B5
:108EE000070180E00F3083E00020A0E324109DE51F
:108EF00062FEFFEB0050B0E10600001A000098E5AA
:108F0000000050E31700001A40CF57E201C05C2276
:108F10001400009A080000EA030075E3B8008F020D
:108F2000180084050700000A050075E3C8008F02D9
:108F30000200000A040075E30200000AD4008FE278
:108F40000250E0E3180084E52420B4E508E08FE255
:108F5000040094E50610A0E102F0A0E10500A0E104
:108F600030D08DE2F08DBDE82420B4E508E08FE23A
:108F7000040094E50610A0E102F0A0E10000A0E3E7
:108F8000F6FFFFEAE40900006009000001010000AB
:108F90006F76657273756273637269626564206C63
:108FA00069746572616C2F6C656E67746820747289
:108FB00065650000696E636F6D706C657465206C2B
:108FC00069746572616C2F6C656E67746820747269
:108FD00065650000480A0000B80900006F766572F8
:108FE0007375627363726962656420646973746126
:108FF0006E6365207472656500000000696E636FC2
:109000006D706C6574652064697374616E6365204E
:109010007472656500000000656D70747920646984
:109020007374616E63652074726565207769746816
:10903000206C656E677468730000000004E02DE525
:1090400030E09FE509E08EE000C09EE500C080E5CD
:1090500004009EE5000081E51C009FE5090080E01A
:10906000000082E514009FE5090080E0000083E530
:109070000000A0E304F09DE4040000000C000000E8
:109080000C100000F8452DE90040A0E10CA091E58E
:10909000307090E5340090E50150A0E1070050E108
:1090A0002C0094350280A0E1076040E0100095E5B7
:1090B000060050E10060A031000056E30100000A04
:1090C000050078E30080A003060040E0100085E57D
:1090D000140095E5060080E0140085E5383094E53D
:1090E000000053E30600000A0CE08FE20620A0E136
:1090F0000710A0E13C0094E503F0A0E13C0084E50A
:10910000300085E50620A0E10710A0E10A00A0E1FB
:109110000E0100EB2C0094E5061087E0010050E101
:1091200006A08AE02100001A341094E5287094E526
:10913000000051E134708405340094E5076040E09C
:10914000100095E5060050E10060A031000056E3F4
:109150000100000A050078E30080A003060040E05B
:10916000100085E5140095E5060080E0140085E513
:10917000383094E5000053E30600000A0CE08FE26B
:109180000620A0E10710A0E13C0094E503F0A0E177
:109190003C0084E5300085E50620A0E10710A0E151
:1091A0000A00A0E1E90000EB06A08AE0061087E0D3
:1091B0000CA085E50800A0E1301084E5F885BDE845
:1091C000FF4D2DE908D04DE23C409DE538609DE51E
:1091D00040B39FE5342096E5303096E5204094E892
:1091E000020053E12C3096951C8096E520A096E570
:1091F00009B08BE000019BE70270439004008DE50D
:1092000001C19BE7023043800170438200C08DE5BD
:10921000140058E30100D53401E04E3210A88A3121
:1092200008808832F9FFFF3A04009DE510109DE5A3
:1092300000000AE0801181E00000D1E5000050E369
:109240006C00000A0130D1E5100010E33AA3A0E160
:10925000038048E05D00000A0F0000E2041091E581
:1092600000319BE70A3003E0033081E03A10A0E1CF
:10927000000048E00F0050E301C0D53401E04E3259
:109280001C10813108008032F9FFFF3A00C09DE5D3
:1092900014809DE50CC001E08CC188E0360000EA36
:1092A00001A0DCE5100018E3311AA0E10A0040E05B
:1092B0002A00000A0F8008E2080050E101A0D5341E
:1092C00001E04E321A10813108008032F9FFFF3A76
:1092D00008A19BE704C09CE501A00AE00AC08CE05D
:1092E000037047E031A8A0E1088040E0280096E53F
:1092F000000042E00C0050E10800003A0C0042E09F
:109300000110D0E4023043E20010C2E5011082E215
:109310000120D0E40020C1E5012081E20A0000EA3A
:1093200000104CE0010053E12C0096E5010040E004
:109330000500009A013043E001C0D0E4011051E281
:1093400001C0C2E4FBFFFF1A280096E50110D0E43B
:10935000013053E20110C2E4FBFFFF1A2B0000EAC8
:10936000400018E30600001A04A09CE508819BE772
:109370008AC18CE0018008E088C18CE00080DCE5D7
:10938000C6FFFFEA643F8FE2183084E5043094E5BD
:109390000E3043E0A00153E1A031A08103C08EE074
:1093A000830140E01C0086E5201086E504C084E5CA
:1093B000001094E503E045E001104EE0080094E55C
:1093C000010080E0080084E500E084E54E0000EA4A
:1093D000400010E32500001A043091E500019BE7EE
:1093E000831181E00A0000E0801181E00000D1E5F6
:1093F000000050E392FFFF1A0100D1E5017047E23F
:10940000008048E03AA0A0E1040091E50100C2E438
:1094100040CF57E202C05C220A005E237BFFFF2A96
:10942000040094E50E0040E0A80150E1A801A081ED
:1094300000108EE0003045E0800148E01C0086E529
:1094400020A086E5041084E5001094E5080094E56A
:10945000011043E0010080E0080084E5003084E56D
:10946000342086E50000A0E318D08DE2F08DBDE841
:10947000200010E31200000A040094E50E0040E012
:10948000A80150E1A801A08100108EE0003045E065
:10949000800148E01C0086E520A086E5041084E5F4
:1094A000001094E5080094E5011043E0010080E01D
:1094B000080084E5003084E5342086E50100A0E35F
:1094C000E8FFFFEA68008FE2180084E5040094E5F5
:1094D0000E0040E0A80150E1A801A08100108EE03C
:1094E000003045E0800148E01C0086E520A086E5CC
:1094F000041084E5001094E5080094E5011043E0B1
:10950000010080E0080084E5003084E50200E0E32B
:10951000342086E5D3FFFFEA0C110000696E766106
:109520006C69642064697374616E636520636F6441
:1095300065000000696E76616C6964206C69746511
:1095400072616C2F6C656E67746820636F64650070
:10955000030052E33D00009A03C010E20800000A35
:109560000130D1E402005CE30C2082E001C0D19420
:109570000130C0E40130D134042042E201C0C09483
:109580000130C034033011E21D00000A042052E211
:109590002E00003A03C031E7020053E30800000A3E
:1095A0000F00008A2C34A0E104C0B1E5042052E28F
:1095B0000C3C83E1043080E4F9FFFF2A011081E2D2
:1095C000220000EA2C38A0E104C0B1E5042052E2F8
:1095D0000C3883E1043080E4F9FFFF2A021081E2B5
:1095E0001A0000EA2C3CA0E104C0B1E5042052E2DC
:1095F0000C3483E1043080E4F9FFFF2A031081E298
:10960000120000EA10402DE9202052E20500003A45
:109610001850B1281850A0281850B1281850A02868
:1096200020205222F9FFFF2A02CEB0E11850B128C3
:109630001850A0281800B1481800A0481040BDE8F4
:1096400002CFB0E104309124043080240EF0A00158
:10965000822FB0E10120D1440130D12401C0D124B6
:109660000120C0440130C02401C0C0240EF0A0E19C
:109670000020A0E3A1C170E02000003A21C470E006
:109680000F00003A0004A0E1FF2482E321C270E051
:109690001700003A21C470E00900003A0004A0E17C
:1096A000FF2882E321C470E00004A021FF2C822364
:1096B00021C270E00E00003A00C070E2C8F3FF2A39
:1096C0002004A021A1C370E0801341200220A2E069
:1096D00021C370E0001341200220A2E0A1C270E08B
:1096E000801241200220A2E021C270E0001241203D
:1096F0000220A2E0A1C170E0801141200220A2E07E
:1097000021C170E0001141200220A2E0A1C070E060
:10971000801041200220A2E001C070E00010412032
:109720000220B2E0E5FFFF2A0200A0E10EF0A0E176
:109730000A1040E2200140E0200280E0200480E0A6
:10974000200880E0A001A0E1002180E0821051E02B
:10975000010080520A1081420EF0A0E10000FFFFDC
:1097600010000000110000001200000000000000C6
:1097700008000000070000000900000006000000CB
:109780000A000000050000000B00000004000000BB
:109790000C000000030000000D00000002000000AB
:1097A0000E000000010000000F0000000300000098
:1097B0000400000005000000060000000700000093
:1097C00008000000090000000A0000000B00000073
:1097D0000D0000000F000000110000001300000049
:1097E000170000001B0000001F0000002300000005
:1097F0002B000000330000003B000000430000008D
:1098000053000000630000007300000083000000AC
:10981000A3000000C3000000E300000002010000FC
:109820000000000000000000000000000000000038
:109830000000000000000000000000000000000028
:109840000000000000000000010000000100000016
:109850000100000001000000020000000200000002
:1098600002000000020000000300000003000000EE
:1098700003000000030000000400000004000000DA
:1098800004000000040000000500000005000000C6
:10989000050000000500000000000000700000004E
:1098A0007000000001000000020000000300000042
:1098B000040000000500000007000000090000008F
:1098C0000D00000011000000190000002100000040
:1098D0003100000041000000610000008100000034
:1098E000C100000001010000810100000102000030
:1098F000010300000104000001060000010800004F
:10990000010C0000011000000118000001200000FF
:109910000130000001400000016000000000000074
:109920000000000000000000000000000100000036
:10993000010000000200000002000000030000001F
:109940000300000004000000040000000500000007
:1099500005000000060000000600000007000000EF
:1099600007000000080000000800000009000000D7
:10997000090000000A0000000A0000000B000000BF
:109980000B0000000C0000000C0000000D000000A7
:109990000D000000000000000900000005000000AC
:1099A00060070000000100000008000050000000F7
:1099B00000080000100000005408000073000000C0
:1099C000520700001F0000000008000070000000A7
:1099D000000800003000000000090000C000000086
:1099E000500700000A0000000008000060000000AE
:1099F000000800002000000000090000A000000096
:109A000000080000000000000008000080000000C6
:109A1000000800004000000000090000E000000015
:109A20005007000006000000000800005800000079
:109A3000000800001800000000090000900000006D
:109A4000530700003B000000000800007800000001
:109A5000000800003800000000090000D0000000ED
:109A6000510700001100000000080000680000001D
:109A7000000800002800000000090000B0000000FD
:109A80000008000008000000000800008800000036
:109A9000000800004800000000090000F00000007D
:109AA00050070000040000000008000054000000FF
:109AB000000800001400000055080000E30000004A
:109AC000530700002B000000000800007400000095
:109AD000000800003400000000090000C800000079
:109AE000510700000D0000000008000064000000A5
:109AF000000800002400000000090000A800000089
:109B000000080000040000000008000084000000BD
:109B1000000800004400000000090000E800000008
:109B20005007000008000000000800005C00000072
:109B3000000800001C000000000900009800000060
:109B40005407000053000000000800007C000000E3
:109B5000000800003C00000000090000D8000000E0
:109B60005207000017000000000800006C00000011
:109B7000000800002C00000000090000B8000000F0
:109B8000000800000C000000000800008C0000002D
:109B9000000800004C00000000090000F800000070
:109BA0005007000003000000000800005200000001
:109BB000000800001200000055080000A30000008B
:109BC000530700002300000000080000720000009E
:109BD000000800003200000000090000C40000007E
:109BE000510700000B0000000008000062000000A8
:109BF000000800002200000000090000A40000008E
:109C000000080000020000000008000082000000C0
:109C1000000800004200000000090000E40000000D
:109C20005007000007000000000800005A00000074
:109C3000000800001A000000000900009400000065
:109C40005407000043000000000800007A000000F4
:109C5000000800003A00000000090000D4000000E5
:109C60005207000013000000000800006A00000016
:109C7000000800002A00000000090000B4000000F5
:109C8000000800000A000000000800008A00000030
:109C9000000800004A00000000090000F400000075
:109CA00050070000050000000008000056000000FA
:109CB0000008000016000000C008000000000000BE
:109CC0005307000033000000000800007600000089
:109CD000000800003600000000090000CC00000071
:109CE000510700000F00000000080000660000009F
:109CF000000800002600000000090000AC00000081
:109D000000080000060000000008000086000000B7
:109D1000000800004600000000090000EC00000000
:109D20005007000009000000000800005E0000006D
:109D3000000800001E000000000900009C00000058
:109D40005407000063000000000800007E000000CF
:109D5000000800003E00000000090000DC000000D8
:109D6000520700001B000000000800006E00000009
:109D7000000800002E00000000090000BC000000E8
:109D8000000800000E000000000800008E00000027
:109D9000000800004E00000000090000FC00000068
:109DA00060070000000100000008000051000000F2
:109DB00000080000110000005508000083000000AA
:109DC000520700001F0000000008000071000000A2
:109DD000000800003100000000090000C20000007F
:109DE000500700000A0000000008000061000000A9
:109DF000000800002100000000090000A20000008F
:109E000000080000010000000008000081000000C0
:109E1000000800004100000000090000E20000000E
:109E20005007000006000000000800005900000074
:109E30000008000019000000000900009200000066
:109E4000530700003B0000000008000079000000FC
:109E5000000800003900000000090000D2000000E6
:109E60005107000011000000000800006900000018
:109E7000000800002900000000090000B2000000F6
:109E80000008000009000000000800008900000030
:109E9000000800004900000000090000F200000076
:109EA00050070000040000000008000055000000FA
:109EB000000800001500000050080000020100002A
:109EC000530700002B000000000800007500000090
:109ED000000800003500000000090000CA00000072
:109EE000510700000D0000000008000065000000A0
:109EF000000800002500000000090000AA00000082
:109F000000080000050000000008000085000000B7
:109F1000000800004500000000090000EA00000001
:109F20005007000008000000000800005D0000006D
:109F3000000800001D000000000900009A00000059
:109F40005407000053000000000800007D000000DE
:109F5000000800003D00000000090000DA000000D9
:109F60005207000017000000000800006D0000000C
:109F7000000800002D00000000090000BA000000E9
:109F8000000800000D000000000800008D00000027
:109F9000000800004D00000000090000FA00000069
:109FA00050070000030000000008000053000000FC
:109FB000000800001300000055080000C300000066
:109FC0005307000023000000000800007300000099
:109FD000000800003300000000090000C600000077
:109FE000510700000B0000000008000063000000A3
:109FF000000800002300000000090000A600000087
:10A0000000080000030000000008000083000000BA
:10A01000000800004300000000090000E600000006
:10A020005007000007000000000800005B0000006F
:10A03000000800001B00000000090000960000005E
:10A040005407000043000000000800007B000000EF
:10A05000000800003B00000000090000D6000000DE
:10A060005207000013000000000800006B00000011
:10A07000000800002B00000000090000B6000000EE
:10A08000000800000B000000000800008B0000002A
:10A09000000800004B00000000090000F60000006E
:10A0A00050070000050000000008000057000000F5
:10A0B0000008000017000000C008000000000000B9
:10A0C0005307000033000000000800007700000084
:10A0D000000800003700000000090000CE0000006A
:10A0E000510700000F00000000080000670000009A
:10A0F000000800002700000000090000AE0000007A
:10A1000000080000070000000008000087000000B1
:10A11000000800004700000000090000EE000000F9
:10A120005007000009000000000800005F00000068
:10A13000000800001F000000000900009E00000051
:10A140005407000063000000000800007F000000CA
:10A15000000800003F00000000090000DE000000D1
:10A16000520700001B000000000800006F00000004
:10A17000000800002F00000000090000BE000000E1
:10A18000000800000F000000000800008F00000021
:10A19000000800004F00000000090000FE00000061
:10A1A00060070000000100000008000050000000EF
:10A1B00000080000100000005408000073000000B8
:10A1C000520700001F00000000080000700000009F
:10A1D000000800003000000000090000C10000007D
:10A1E000500700000A0000000008000060000000A6
:10A1F000000800002000000000090000A10000008D
:10A2000000080000000000000008000080000000BE
:10A21000000800004000000000090000E10000000C
:10A220005007000006000000000800005800000071
:10A230000008000018000000000900009100000064
:10A24000530700003B0000000008000078000000F9
:10A25000000800003800000000090000D1000000E4
:10A260005107000011000000000800006800000015
:10A27000000800002800000000090000B1000000F4
:10A28000000800000800000000080000880000002E
:10A29000000800004800000000090000F100000074
:10A2A00050070000040000000008000054000000F7
:10A2B000000800001400000055080000E300000042
:10A2C000530700002B00000000080000740000008D
:10A2D000000800003400000000090000C900000070
:10A2E000510700000D00000000080000640000009D
:10A2F000000800002400000000090000A900000080
:10A3000000080000040000000008000084000000B5
:10A31000000800004400000000090000E9000000FF
:10A320005007000008000000000800005C0000006A
:10A33000000800001C000000000900009900000057
:10A340005407000053000000000800007C000000DB
:10A35000000800003C00000000090000D9000000D7
:10A360005207000017000000000800006C00000009
:10A37000000800002C00000000090000B9000000E7
:10A38000000800000C000000000800008C00000025
:10A39000000800004C00000000090000F900000067
:10A3A00050070000030000000008000052000000F9
:10A3B000000800001200000055080000A300000083
:10A3C0005307000023000000000800007200000096
:10A3D000000800003200000000090000C500000075
:10A3E000510700000B0000000008000062000000A0
:10A3F000000800002200000000090000A500000085
:10A4000000080000020000000008000082000000B8
:10A41000000800004200000000090000E500000004
:10A420005007000007000000000800005A0000006C
:10A43000000800001A00000000090000950000005C
:10A440005407000043000000000800007A000000EC
:10A45000000800003A00000000090000D5000000DC
:10A460005207000013000000000800006A0000000E
:10A47000000800002A00000000090000B5000000EC
:10A48000000800000A000000000800008A00000028
:10A49000000800004A00000000090000F50000006C
:10A4A00050070000050000000008000056000000F2
:10A4B0000008000016000000C008000000000000B6
:10A4C0005307000033000000000800007600000081
:10A4D000000800003600000000090000CD00000068
:10A4E000510700000F000000000800006600000097
:10A4F000000800002600000000090000AD00000078
:10A5000000080000060000000008000086000000AF
:10A51000000800004600000000090000ED000000F7
:10A520005007000009000000000800005E00000065
:10A53000000800001E000000000900009D0000004F
:10A540005407000063000000000800007E000000C7
:10A55000000800003E00000000090000DD000000CF
:10A56000520700001B000000000800006E00000001
:10A57000000800002E00000000090000BD000000DF
:10A58000000800000E000000000800008E0000001F
:10A59000000800004E00000000090000FD0000005F
:10A5A00060070000000100000008000051000000EA
:10A5B00000080000110000005508000083000000A2
:10A5C000520700001F00000000080000710000009A
:10A5D000000800003100000000090000C300000076
:10A5E000500700000A0000000008000061000000A1
:10A5F000000800002100000000090000A300000086
:10A6000000080000010000000008000081000000B8
:10A61000000800004100000000090000E300000005
:10A62000500700000600000000080000590000006C
:10A63000000800001900000000090000930000005D
:10A64000530700003B0000000008000079000000F4
:10A65000000800003900000000090000D3000000DD
:10A660005107000011000000000800006900000010
:10A67000000800002900000000090000B3000000ED
:10A680000008000009000000000800008900000028
:10A69000000800004900000000090000F30000006D
:10A6A00050070000040000000008000055000000F2
:10A6B0000008000015000000500800000201000022
:10A6C000530700002B000000000800007500000088
:10A6D000000800003500000000090000CB00000069
:10A6E000510700000D000000000800006500000098
:10A6F000000800002500000000090000AB00000079
:10A7000000080000050000000008000085000000AF
:10A71000000800004500000000090000EB000000F8
:10A720005007000008000000000800005D00000065
:10A73000000800001D000000000900009B00000050
:10A740005407000053000000000800007D000000D6
:10A75000000800003D00000000090000DB000000D0
:10A760005207000017000000000800006D00000004
:10A77000000800002D00000000090000BB000000E0
:10A78000000800000D000000000800008D0000001F
:10A79000000800004D00000000090000FB00000060
:10A7A00050070000030000000008000053000000F4
:10A7B000000800001300000055080000C30000005E
:10A7C0005307000023000000000800007300000091
:10A7D000000800003300000000090000C70000006E
:10A7E000510700000B00000000080000630000009B
:10A7F000000800002300000000090000A70000007E
:10A8000000080000030000000008000083000000B2
:10A81000000800004300000000090000E7000000FD
:10A820005007000007000000000800005B00000067
:10A83000000800001B000000000900009700000055
:10A840005407000043000000000800007B000000E7
:10A85000000800003B00000000090000D7000000D5
:10A860005207000013000000000800006B00000009
:10A87000000800002B00000000090000B7000000E5
:10A88000000800000B000000000800008B00000022
:10A89000000800004B00000000090000F700000065
:10A8A00050070000050000000008000057000000ED
:10A8B0000008000017000000C008000000000000B1
:10A8C000530700003300000000080000770000007C
:10A8D000000800003700000000090000CF00000061
:10A8E000510700000F000000000800006700000092
:10A8F000000800002700000000090000AF00000071
:10A9000000080000070000000008000087000000A9
:10A91000000800004700000000090000EF000000F0
:10A920005007000009000000000800005F00000060
:10A93000000800001F000000000900009F00000048
:10A940005407000063000000000800007F000000C2
:10A95000000800003F00000000090000DF000000C8
:10A96000520700001B000000000800006F000000FC
:10A97000000800002F00000000090000BF000000D8
:10A98000000800000F000000000800008F00000019
:10A99000000800004F00000000090000FF00000058
:10A9A00050050000010000005705000001010000F3
:10A9B00053050000110000005B05000001100000BD
:10A9C00051050000050000005905000001040000C9
:10A9D00055050000410000005D0500000140000039
:10A9E00050050000030000005805000001020000AF
:10A9F00054050000210000005C050000012000005B
:10AA000052050000090000005A050000010800007E
:10AA10005605000081000000C00500000160000034
:10AA200050050000020000005705000081010000F1
:10AA300053050000190000005B050000011800002C
:10AA40005105000007000000590500000106000044
:10AA500055050000610000005D0500000160000078
:10AA6000500500000400000058050000010300002C
:10AA700054050000310000005C05000001300000BA
:10AA8000520500000D0000005A050000010C0000F6
:10AA900056050000C1000000C00500000160000074
:10AAA000000000000100000003000000070000009B
:10AAB0000F0000001F0000003F0000007F000000AA
:10AAC000FF000000FF010000FF030000FF0700007F
:10AAD000FF0F0000FF1F0000FF3F0000FF7F00008E
:04AAE000FFFF000074
:00000001FF
