Fitter report for arm_top
Thu Jul 21 14:48:40 2005
Version 4.0 Build 190 1/28/2004 SJ Full Version


---------------------
; Table of Contents ;
---------------------
  1. Legal Notice
  2. Fitter Summary
  3. Fitter Settings
  4. Fitter Device Options
  5. Fitter Equations
  6. Floorplan View
  7. Input Pins
  8. Output Pins
  9. Bidir Pins
 10. All Package Pins
 11. Control Signals
 12. Global & Other Fast Signals
 13. Carry Chains
 14. Cascade Chains
 15. Embedded Cells
 16. Non-Global High Fan-Out Signals
 17. Local Routing Interconnect
 18. MegaLAB Interconnect
 19. LAB External Interconnect
 20. MegaLAB Usage Summary
 21. Row Interconnect
 22. LAB Column Interconnect
 23. ESB Column Interconnect
 24. ClockLock
 25. Fitter Resource Usage Summary
 26. Fitter Resource Utilization by Entity
 27. Delay Chain Summary
 28. I/O Bank Usage
 29. Fitter RAM Summary
 30. Pin-Out File
 31. Fitter Messages



----------------
; Legal Notice ;
----------------
Copyright (C) 1991-2004 Altera Corporation
Any  megafunction  design,  and related netlist (encrypted  or  decrypted),
support information,  device programming or simulation file,  and any other
associated  documentation or information  provided by  Altera  or a partner
under  Altera's   Megafunction   Partnership   Program  may  be  used  only
to program  PLD  devices (but not masked  PLD  devices) from  Altera.   Any
other  use  of such  megafunction  design,  netlist,  support  information,
device programming or simulation file,  or any other  related documentation
or information  is prohibited  for  any  other purpose,  including, but not
limited to  modification,  reverse engineering,  de-compiling, or use  with
any other  silicon devices,  unless such use is  explicitly  licensed under
a separate agreement with  Altera  or a megafunction partner.  Title to the
intellectual property,  including patents,  copyrights,  trademarks,  trade
secrets,  or maskworks,  embodied in any such megafunction design, netlist,
support  information,  device programming or simulation file,  or any other
related documentation or information provided by  Altera  or a megafunction
partner, remains with Altera, the megafunction partner, or their respective
licensors. No other licenses, including any licenses needed under any third
party's intellectual property, are provided herein.



+---------------------------------------------------------------+
; Fitter Summary                                                ;
+-----------------------+---------------------------------------+
; Fitter Status         ; Successful - Thu Jul 21 14:48:40 2005 ;
; Revision Name         ; arm_top                               ;
; Top-level Entity Name ; arm_top                               ;
; Family                ; EXCALIBUR_ARM                         ;
; Device                ; EPXA10F1020C2                         ;
; Total logic elements  ; 725 / 38,400 ( 1 % )                  ;
; Total pins            ; 168 / 715 ( 23 % )                    ;
; Total memory bits     ; 16,384 / 327,680 ( 5 % )              ;
; Total PLLs            ; 1 / 4 ( 25 % )                        ;
+-----------------------+---------------------------------------+


+------------------------------------------------------------------------------------------------+
; Fitter Settings                                                                                ;
+-------------------------------------------------------------------------------------------------
; Option                                               ; Setting            ; Default Value      ;
+------------------------------------------------------+--------------------+--------------------+
; Device                                               ; EPXA10F1020C2      ;                    ;
; Auto Global Memory Control Signals                   ; Off                ; Off                ;
; Turbo Bit                                            ; On                 ; On                 ;
; PCI I/O                                              ; Off                ; Off                ;
; Slow Slew Rate                                       ; Off                ; Off                ;
; Fitter Initial Placement Seed                        ; 1                  ; 1                  ;
; SignalProbe signals routed during normal compilation ; Off                ; Off                ;
; FIT_ONLY_ONE_ATTEMPT                                 ; Off                ; Off                ;
; Optimize IOC Register Placement for Timing           ; On                 ; On                 ;
; Optimize Timing                                      ; Normal Compilation ; Normal Compilation ;
+------------------------------------------------------+--------------------+--------------------+


+--------------------------------------------------------------------+
; Fitter Device Options                                              ;
+---------------------------------------------------------------------
; Option                                       ; Setting             ;
+----------------------------------------------+---------------------+
; Auto-restart configuration after error       ; On                  ;
; Release clears before tri-states             ; Off                 ;
; Enable user-supplied start-up clock (CLKUSR) ; Off                 ;
; Enable device-wide reset (DEV_CLRn)          ; Off                 ;
; Enable device-wide output enable (DEV_OE)    ; Off                 ;
; Enable INIT_DONE output                      ; On                  ;
; Reserve all unused pins                      ; As input tri-stated ;
; Base pin-out file on sameframe device        ; Off                 ;
+----------------------------------------------+---------------------+


+-------------------+
; Fitter Equations  ;
+-------------------+
The equations can be found in C:/SoCMasterXP8000/tftlcd/quartus/arm_top.fit.eqn.


+-----------------+
; Floorplan View  ;
+-----------------+
Floorplan report data cannot be output to ASCII.
Please use Quartus II to view the floorplan report data.


+-----------------------------------------------------------------------------------------------------------------------------------------------------------------------------------------------------------+
; Input Pins                                                                                                                                                                                                ;
+------------------------------------------------------------------------------------------------------------------------------------------------------------------------------------------------------------
; Name      ; Pin # ; MegaLAB Row ; MegaLAB Col. ; Col. ; Fan-Out ; Global ; I/O Register ; Use Local Routing Input ; Power Up High ; PCI I/O Enabled ; Single-Pin CE ; FastRow Interconnect ; I/O Standard ;
+-----------+-------+-------------+--------------+------+---------+--------+--------------+-------------------------+---------------+-----------------+---------------+----------------------+--------------+
; RESET_N   ; AE28  ; AJ          ; --           ; --   ; 359     ; no     ; no           ; no                      ; no            ; no              ; no            ; no                   ; LVTTL        ;
; sys_clk   ; W30   ; --          ; --           ; --   ; 1       ; no     ; no           ; no                      ; no            ; no              ; no            ; no                   ; LVTTL        ;
; uartrxd   ; D29   ; --          ; 4            ; 2    ; 1       ; no     ; no           ; no                      ; no            ; no              ; no            ; no                   ; LVTTL        ;
; intextpin ; G25   ; --          ; 4            ; 10   ; 1       ; no     ; no           ; no                      ; no            ; no              ; no            ; no                   ; LVTTL        ;
; uartdsrn  ; F28   ; --          ; 4            ; 2    ; 1       ; no     ; no           ; no                      ; no            ; no              ; no            ; no                   ; LVTTL        ;
; uartctsn  ; G28   ; --          ; 4            ; 1    ; 1       ; no     ; no           ; no                      ; no            ; no              ; no            ; no                   ; LVTTL        ;
; ebiack    ; F25   ; --          ; 4            ; 10   ; 1       ; no     ; no           ; no                      ; no            ; no              ; no            ; no                   ; LVTTL        ;
; clk_ref   ; A28   ; --          ; --           ; --   ; 1       ; no     ; no           ; no                      ; no            ; no              ; no            ; no                   ; LVTTL        ;
; npor      ; B28   ; --          ; --           ; --   ; 1       ; no     ; no           ; no                      ; no            ; no              ; no            ; no                   ; LVTTL        ;
+-----------+-------+-------------+--------------+------+---------+--------+--------------+-------------------------+---------------+-----------------+---------------+----------------------+--------------+


+---------------------------------------------------------------------------------------------------------------------------------------------------------------------------------------------------------------------+
; Output Pins                                                                                                                                                                                                         ;
+----------------------------------------------------------------------------------------------------------------------------------------------------------------------------------------------------------------------
; Name           ; Pin # ; MegaLAB Row ; MegaLAB Col. ; Col. ; I/O Register ; Use Local Routing Output ; Power Up High ; Slow Slew Rate ; PCI I/O Enabled ; Single-Pin OE ; Single-Pin CE ; Open Drain ; I/O Standard ;
+----------------+-------+-------------+--------------+------+--------------+--------------------------+---------------+----------------+-----------------+---------------+---------------+------------+--------------+
; vsync          ; AE7   ; --          ; 1            ; 3    ; no           ; no                       ; no            ; no             ; no              ; no            ; no            ; no         ; LVTTL        ;
; vsync_test     ; AD12  ; --          ; 1            ; 23   ; no           ; no                       ; no            ; no             ; no              ; no            ; no            ; no         ; LVTTL        ;
; hsync          ; AF6   ; --          ; 1            ; 2    ; no           ; no                       ; no            ; no             ; no              ; no            ; no            ; no         ; LVTTL        ;
; hsync_test     ; AH7   ; --          ; 1            ; 5    ; no           ; no                       ; no            ; no             ; no              ; no            ; no            ; no         ; LVTTL        ;
; vga_clk        ; AJ4   ; AM          ; --           ; --   ; no           ; no                       ; no            ; no             ; no              ; no            ; no            ; no         ; LVTTL        ;
; clk_test       ; AH4   ; AM          ; --           ; --   ; no           ; no                       ; no            ; no             ; no              ; no            ; no            ; no         ; LVTTL        ;
; DE             ; AF7   ; --          ; 1            ; 4    ; no           ; no                       ; no            ; no             ; no              ; no            ; no            ; no         ; LVTTL        ;
; DE_test        ; AC10  ; --          ; 1            ; 14   ; no           ; no                       ; no            ; no             ; no              ; no            ; no            ; no         ; LVTTL        ;
; B[7]           ; AE6   ; --          ; 1            ; 1    ; no           ; no                       ; no            ; no             ; no              ; no            ; no            ; no         ; LVTTL        ;
; B[6]           ; AE5   ; AK          ; --           ; --   ; no           ; no                       ; no            ; no             ; no              ; no            ; no            ; no         ; LVTTL        ;
; B[5]           ; AF5   ; AL          ; --           ; --   ; no           ; no                       ; no            ; no             ; no              ; no            ; no            ; no         ; LVTTL        ;
; B[4]           ; AE4   ; AL          ; --           ; --   ; no           ; no                       ; no            ; no             ; no              ; no            ; no            ; no         ; LVTTL        ;
; B[3]           ; AD6   ; AI          ; --           ; --   ; no           ; yes                      ; no            ; no             ; no              ; no            ; no            ; no         ; LVTTL        ;
; B[1]           ; AB10  ; --          ; 1            ; 14   ; no           ; no                       ; no            ; no             ; no              ; no            ; no            ; no         ; LVTTL        ;
; G[0]           ; AD10  ; --          ; 1            ; 15   ; no           ; yes                      ; no            ; no             ; no              ; no            ; no            ; no         ; LVTTL        ;
; B[2]           ; AE27  ; AK          ; --           ; --   ; no           ; no                       ; no            ; no             ; no              ; no            ; no            ; no         ; LVTTL        ;
; R[0]           ; AE26  ; AK          ; --           ; --   ; no           ; no                       ; no            ; no             ; no              ; no            ; no            ; no         ; LVTTL        ;
; R[1]           ; AE30  ; AK          ; --           ; --   ; no           ; no                       ; no            ; no             ; no              ; no            ; no            ; no         ; LVTTL        ;
; G[1]           ; AD27  ; AI          ; --           ; --   ; no           ; no                       ; no            ; no             ; no              ; no            ; no            ; no         ; LVTTL        ;
; R[2]           ; AC29  ; AI          ; --           ; --   ; no           ; no                       ; no            ; no             ; no              ; no            ; no            ; no         ; LVTTL        ;
; B[0]           ; AF10  ; --          ; 1            ; 16   ; no           ; yes                      ; no            ; no             ; no              ; no            ; no            ; no         ; LVTTL        ;
; G[7]           ; AD7   ; AJ          ; --           ; --   ; no           ; no                       ; no            ; no             ; no              ; no            ; no            ; no         ; LVTTL        ;
; G[6]           ; AD4   ; AL          ; --           ; --   ; no           ; no                       ; no            ; no             ; no              ; no            ; no            ; no         ; LVTTL        ;
; G[5]           ; AD5   ; AK          ; --           ; --   ; no           ; no                       ; no            ; no             ; no              ; no            ; no            ; no         ; LVTTL        ;
; G[4]           ; AC4   ; AL          ; --           ; --   ; no           ; no                       ; no            ; no             ; no              ; no            ; no            ; no         ; LVTTL        ;
; G[3]           ; AC5   ; AJ          ; --           ; --   ; no           ; no                       ; no            ; no             ; no              ; no            ; no            ; no         ; LVTTL        ;
; G[2]           ; AC6   ; AG          ; --           ; --   ; no           ; no                       ; no            ; no             ; no              ; no            ; no            ; no         ; LVTTL        ;
; R[7]           ; AC7   ; AH          ; --           ; --   ; no           ; no                       ; no            ; no             ; no              ; no            ; no            ; no         ; LVTTL        ;
; R[6]           ; AB5   ; AI          ; --           ; --   ; no           ; no                       ; no            ; no             ; no              ; no            ; no            ; no         ; LVTTL        ;
; R[5]           ; AA5   ; AH          ; --           ; --   ; no           ; no                       ; no            ; no             ; no              ; no            ; no            ; no         ; LVTTL        ;
; R[4]           ; AB6   ; AF          ; --           ; --   ; no           ; no                       ; no            ; no             ; no              ; no            ; no            ; no         ; LVTTL        ;
; R[3]           ; AJ2   ; AD          ; --           ; --   ; no           ; no                       ; no            ; no             ; no              ; no            ; no            ; no         ; LVTTL        ;
; uartdtrn       ; G26   ; --          ; 4            ; 5    ; no           ; no                       ; no            ; no             ; no              ; no            ; no            ; no         ; LVTTL        ;
; uartrtsn       ; C28   ; --          ; 4            ; 4    ; no           ; no                       ; no            ; no             ; no              ; no            ; no            ; no         ; LVTTL        ;
; uarttxd        ; D28   ; --          ; 4            ; 4    ; no           ; no                       ; no            ; no             ; no              ; no            ; no            ; no         ; LVTTL        ;
; ebibe[0]       ; F27   ; --          ; 4            ; 5    ; no           ; no                       ; no            ; no             ; no              ; no            ; no            ; no         ; LVTTL        ;
; ebibe[1]       ; E27   ; --          ; 4            ; 6    ; no           ; no                       ; no            ; no             ; no              ; no            ; no            ; no         ; LVTTL        ;
; ebicsn[0]      ; A25   ; --          ; 4            ; 7    ; no           ; no                       ; no            ; no             ; no              ; no            ; no            ; no         ; LVTTL        ;
; ebicsn[1]      ; B25   ; --          ; 4            ; 8    ; no           ; no                       ; no            ; no             ; no              ; no            ; no            ; no         ; LVTTL        ;
; ebicsn[2]      ; C25   ; --          ; 4            ; 8    ; no           ; no                       ; no            ; no             ; no              ; no            ; no            ; no         ; LVTTL        ;
; ebicsn[3]      ; D25   ; --          ; 4            ; 9    ; no           ; no                       ; no            ; no             ; no              ; no            ; no            ; no         ; LVTTL        ;
; ebiaddr[0]     ; H25   ; --          ; 4            ; 11   ; no           ; no                       ; no            ; no             ; no              ; no            ; no            ; no         ; LVTTL        ;
; ebiaddr[1]     ; D24   ; --          ; 4            ; 11   ; no           ; no                       ; no            ; no             ; no              ; no            ; no            ; no         ; LVTTL        ;
; ebiaddr[2]     ; E24   ; --          ; 4            ; 12   ; no           ; no                       ; no            ; no             ; no              ; no            ; no            ; no         ; LVTTL        ;
; ebiaddr[3]     ; F24   ; --          ; 4            ; 12   ; no           ; no                       ; no            ; no             ; no              ; no            ; no            ; no         ; LVTTL        ;
; ebiaddr[4]     ; G24   ; --          ; 4            ; 13   ; no           ; no                       ; no            ; no             ; no              ; no            ; no            ; no         ; LVTTL        ;
; ebiaddr[5]     ; J24   ; --          ; 4            ; 13   ; no           ; no                       ; no            ; no             ; no              ; no            ; no            ; no         ; LVTTL        ;
; ebiaddr[6]     ; H24   ; --          ; 4            ; 14   ; no           ; no                       ; no            ; no             ; no              ; no            ; no            ; no         ; LVTTL        ;
; ebiaddr[7]     ; E23   ; --          ; 4            ; 14   ; no           ; no                       ; no            ; no             ; no              ; no            ; no            ; no         ; LVTTL        ;
; ebiaddr[8]     ; F23   ; --          ; 4            ; 15   ; no           ; no                       ; no            ; no             ; no              ; no            ; no            ; no         ; LVTTL        ;
; ebiaddr[9]     ; G23   ; --          ; 4            ; 15   ; no           ; no                       ; no            ; no             ; no              ; no            ; no            ; no         ; LVTTL        ;
; ebiaddr[10]    ; K23   ; --          ; 4            ; 16   ; no           ; no                       ; no            ; no             ; no              ; no            ; no            ; no         ; LVTTL        ;
; ebiaddr[11]    ; J23   ; --          ; 4            ; 16   ; no           ; no                       ; no            ; no             ; no              ; no            ; no            ; no         ; LVTTL        ;
; ebiaddr[12]    ; H23   ; --          ; 4            ; 17   ; no           ; no                       ; no            ; no             ; no              ; no            ; no            ; no         ; LVTTL        ;
; ebiaddr[13]    ; E22   ; --          ; 4            ; 17   ; no           ; no                       ; no            ; no             ; no              ; no            ; no            ; no         ; LVTTL        ;
; ebiaddr[14]    ; F22   ; --          ; 4            ; 18   ; no           ; no                       ; no            ; no             ; no              ; no            ; no            ; no         ; LVTTL        ;
; ebiaddr[15]    ; E21   ; --          ; 4            ; 18   ; no           ; no                       ; no            ; no             ; no              ; no            ; no            ; no         ; LVTTL        ;
; ebiaddr[16]    ; L22   ; --          ; 4            ; 19   ; no           ; no                       ; no            ; no             ; no              ; no            ; no            ; no         ; LVTTL        ;
; ebiaddr[17]    ; K22   ; --          ; 4            ; 19   ; no           ; no                       ; no            ; no             ; no              ; no            ; no            ; no         ; LVTTL        ;
; ebiaddr[18]    ; J22   ; --          ; 4            ; 20   ; no           ; no                       ; no            ; no             ; no              ; no            ; no            ; no         ; LVTTL        ;
; ebiaddr[19]    ; H22   ; --          ; 4            ; 20   ; no           ; no                       ; no            ; no             ; no              ; no            ; no            ; no         ; LVTTL        ;
; ebiaddr[20]    ; G22   ; --          ; 4            ; 21   ; no           ; no                       ; no            ; no             ; no              ; no            ; no            ; no         ; LVTTL        ;
; ebiaddr[21]    ; F21   ; --          ; 4            ; 21   ; no           ; no                       ; no            ; no             ; no              ; no            ; no            ; no         ; LVTTL        ;
; ebiaddr[22]    ; G21   ; --          ; 4            ; 22   ; no           ; no                       ; no            ; no             ; no              ; no            ; no            ; no         ; LVTTL        ;
; ebiaddr[23]    ; L21   ; --          ; 4            ; 22   ; no           ; no                       ; no            ; no             ; no              ; no            ; no            ; no         ; LVTTL        ;
; ebiaddr[24]    ; K21   ; --          ; 4            ; 23   ; no           ; no                       ; no            ; no             ; no              ; no            ; no            ; no         ; LVTTL        ;
; ebiclk         ; E25   ; --          ; 4            ; 9    ; no           ; no                       ; no            ; no             ; no              ; no            ; no            ; no         ; LVTTL        ;
; ebioen         ; F26   ; --          ; 4            ; 6    ; no           ; no                       ; no            ; no             ; no              ; no            ; no            ; no         ; LVTTL        ;
; ebiwen         ; E26   ; --          ; 4            ; 7    ; no           ; no                       ; no            ; no             ; no              ; no            ; no            ; no         ; LVTTL        ;
; sdramaddr2[0]  ; G12   ; --          ; 1            ; 19   ; no           ; no                       ; no            ; no             ; no              ; no            ; no            ; no         ; LVTTL        ;
; sdramaddr2[1]  ; F13   ; --          ; 1            ; 18   ; no           ; no                       ; no            ; no             ; no              ; no            ; no            ; no         ; LVTTL        ;
; sdramaddr2[2]  ; G11   ; --          ; 1            ; 18   ; no           ; no                       ; no            ; no             ; no              ; no            ; no            ; no         ; LVTTL        ;
; sdramaddr2[3]  ; F12   ; --          ; 1            ; 17   ; no           ; no                       ; no            ; no             ; no              ; no            ; no            ; no         ; LVTTL        ;
; sdramaddr2[4]  ; F11   ; --          ; 1            ; 17   ; no           ; no                       ; no            ; no             ; no              ; no            ; no            ; no         ; LVTTL        ;
; sdramaddr2[5]  ; G10   ; --          ; 1            ; 16   ; no           ; no                       ; no            ; no             ; no              ; no            ; no            ; no         ; LVTTL        ;
; sdramaddr2[6]  ; F10   ; --          ; 1            ; 16   ; no           ; no                       ; no            ; no             ; no              ; no            ; no            ; no         ; LVTTL        ;
; sdramaddr2[7]  ; F9    ; --          ; 1            ; 15   ; no           ; no                       ; no            ; no             ; no              ; no            ; no            ; no         ; LVTTL        ;
; sdramaddr2[8]  ; G9    ; --          ; 1            ; 15   ; no           ; no                       ; no            ; no             ; no              ; no            ; no            ; no         ; LVTTL        ;
; sdramaddr2[9]  ; F8    ; --          ; 1            ; 14   ; no           ; no                       ; no            ; no             ; no              ; no            ; no            ; no         ; LVTTL        ;
; sdramaddr2[10] ; G8    ; --          ; 1            ; 14   ; no           ; no                       ; no            ; no             ; no              ; no            ; no            ; no         ; LVTTL        ;
; sdramaddr2[11] ; F7    ; --          ; 1            ; 13   ; no           ; no                       ; no            ; no             ; no              ; no            ; no            ; no         ; LVTTL        ;
; sdramaddr2[12] ; F6    ; --          ; 1            ; 13   ; no           ; no                       ; no            ; no             ; no              ; no            ; no            ; no         ; LVTTL        ;
; sdramaddr2[13] ; G7    ; --          ; 1            ; 12   ; no           ; no                       ; no            ; no             ; no              ; no            ; no            ; no         ; LVTTL        ;
; sdramaddr2[14] ; G6    ; --          ; 1            ; 12   ; no           ; no                       ; no            ; no             ; no              ; no            ; no            ; no         ; LVTTL        ;
; sdramcsn[0]    ; G14   ; --          ; 1            ; 21   ; no           ; no                       ; no            ; no             ; no              ; no            ; no            ; no         ; LVTTL        ;
; sdramcsn[1]    ; F16   ; --          ; 1            ; 21   ; no           ; no                       ; no            ; no             ; no              ; no            ; no            ; no         ; LVTTL        ;
; sdramdqm[0]    ; H14   ; --          ; 2            ; 9    ; no           ; no                       ; no            ; no             ; no              ; no            ; no            ; no         ; LVTTL        ;
; sdramdqm[1]    ; L14   ; --          ; 2            ; 14   ; no           ; no                       ; no            ; no             ; no              ; no            ; no            ; no         ; LVTTL        ;
; sdramdqm[2]    ; K9    ; --          ; 2            ; 19   ; no           ; no                       ; no            ; no             ; no              ; no            ; no            ; no         ; LVTTL        ;
; sdramdqm[3]    ; H9    ; --          ; 1            ; 23   ; no           ; no                       ; no            ; no             ; no              ; no            ; no            ; no         ; LVTTL        ;
; sdramrasn      ; F17   ; --          ; 1            ; 22   ; no           ; no                       ; no            ; no             ; no              ; no            ; no            ; no         ; LVTTL        ;
; sdramcasn      ; F18   ; --          ; 1            ; 22   ; no           ; no                       ; no            ; no             ; no              ; no            ; no            ; no         ; LVTTL        ;
; sdramwen       ; G18   ; --          ; 1            ; 23   ; no           ; no                       ; no            ; no             ; no              ; no            ; no            ; no         ; LVTTL        ;
; sdramclke      ; F14   ; --          ; 1            ; 19   ; no           ; no                       ; no            ; no             ; no              ; no            ; no            ; no         ; LVTTL        ;
; sdramclkn      ; G13   ; --          ; 1            ; 20   ; no           ; no                       ; no            ; no             ; no              ; no            ; no            ; no         ; LVTTL        ;
; sdramclk       ; F15   ; --          ; 1            ; 20   ; no           ; no                       ; no            ; no             ; no              ; no            ; no            ; no         ; LVTTL        ;
; R_test[7]      ; V1    ; AA          ; --           ; --   ; no           ; no                       ; no            ; no             ; no              ; no            ; no            ; no         ; LVTTL        ;
; R_test[6]      ; W10   ; AF          ; --           ; --   ; no           ; no                       ; no            ; no             ; no              ; no            ; no            ; no         ; LVTTL        ;
; R_test[5]      ; N29   ;  H          ; --           ; --   ; no           ; no                       ; no            ; no             ; no              ; no            ; no            ; no         ; LVTTL        ;
; R_test[4]      ; U4    ;  N          ; --           ; --   ; no           ; no                       ; no            ; no             ; no              ; no            ; no            ; no         ; LVTTL        ;
; R_test[3]      ; E9    ;  C          ; --           ; --   ; no           ; no                       ; no            ; no             ; no              ; no            ; no            ; no         ; LVTTL        ;
; R_test[2]      ; AH32  ;  R          ; --           ; --   ; no           ; no                       ; no            ; no             ; no              ; no            ; no            ; no         ; LVTTL        ;
; R_test[1]      ; AD28  ; AI          ; --           ; --   ; no           ; no                       ; no            ; no             ; no              ; no            ; no            ; no         ; LVTTL        ;
; R_test[0]      ; P31   ;  N          ; --           ; --   ; no           ; no                       ; no            ; no             ; no              ; no            ; no            ; no         ; LVTTL        ;
+----------------+-------+-------------+--------------+------+--------------+--------------------------+---------------+----------------+-----------------+---------------+---------------+------------+--------------+


+--------------------------------------------------------------------------------------------------------------------------------------------------------------------------------------------------------------------------------------------------------------------------------------+
; Bidir Pins                                                                                                                                                                                                                                                                           ;
+---------------------------------------------------------------------------------------------------------------------------------------------------------------------------------------------------------------------------------------------------------------------------------------
; Name        ; Pin # ; MegaLAB Row ; MegaLAB Col. ; Col. ; Fan-Out ; Global ; I/O Register ; Use Local Routing Input ; Use Local Routing Output ; Power Up High ; Slow Slew Rate ; PCI I/O Enabled ; Single-Pin CE ; Single-Pin OE ; Open Drain ; FastRow Interconnect ; I/O Standard ;
+-------------+-------+-------------+--------------+------+---------+--------+--------------+-------------------------+--------------------------+---------------+----------------+-----------------+---------------+---------------+------------+----------------------+--------------+
; sdramdqs[0] ; J14   ; --          ; 2            ; 8    ; 1       ; no     ; no           ; no                      ; no                       ; no            ; no             ; no              ; no            ; no            ; no         ; no                   ; LVTTL        ;
; sdramdqs[1] ; K14   ; --          ; 2            ; 14   ; 1       ; no     ; no           ; no                      ; no                       ; no            ; no             ; no              ; no            ; no            ; no         ; no                   ; LVTTL        ;
; sdramdqs[2] ; K10   ; --          ; 2            ; 19   ; 1       ; no     ; no           ; no                      ; no                       ; no            ; no             ; no              ; no            ; no            ; no         ; no                   ; LVTTL        ;
; sdramdqs[3] ; H10   ; --          ; 1            ; 24   ; 1       ; no     ; no           ; no                      ; no                       ; no            ; no             ; no              ; no            ; no            ; no         ; no                   ; LVTTL        ;
; sdramdq[0]  ; H18   ; --          ; 2            ; 4    ; 1       ; no     ; no           ; no                      ; no                       ; no            ; no             ; no              ; no            ; no            ; no         ; no                   ; LVTTL        ;
; sdramdq[1]  ; H17   ; --          ; 2            ; 4    ; 1       ; no     ; no           ; no                      ; no                       ; no            ; no             ; no              ; no            ; no            ; no         ; no                   ; LVTTL        ;
; sdramdq[2]  ; H16   ; --          ; 2            ; 5    ; 1       ; no     ; no           ; no                      ; no                       ; no            ; no             ; no              ; no            ; no            ; no         ; no                   ; LVTTL        ;
; sdramdq[3]  ; J18   ; --          ; 2            ; 5    ; 1       ; no     ; no           ; no                      ; no                       ; no            ; no             ; no              ; no            ; no            ; no         ; no                   ; LVTTL        ;
; sdramdq[4]  ; J17   ; --          ; 2            ; 6    ; 1       ; no     ; no           ; no                      ; no                       ; no            ; no             ; no              ; no            ; no            ; no         ; no                   ; LVTTL        ;
; sdramdq[5]  ; H15   ; --          ; 2            ; 6    ; 1       ; no     ; no           ; no                      ; no                       ; no            ; no             ; no              ; no            ; no            ; no         ; no                   ; LVTTL        ;
; sdramdq[6]  ; J16   ; --          ; 2            ; 7    ; 1       ; no     ; no           ; no                      ; no                       ; no            ; no             ; no              ; no            ; no            ; no         ; no                   ; LVTTL        ;
; sdramdq[7]  ; J15   ; --          ; 2            ; 8    ; 1       ; no     ; no           ; no                      ; no                       ; no            ; no             ; no              ; no            ; no            ; no         ; no                   ; LVTTL        ;
; sdramdq[8]  ; K18   ; --          ; 2            ; 9    ; 1       ; no     ; no           ; no                      ; no                       ; no            ; no             ; no              ; no            ; no            ; no         ; no                   ; LVTTL        ;
; sdramdq[9]  ; K17   ; --          ; 2            ; 10   ; 1       ; no     ; no           ; no                      ; no                       ; no            ; no             ; no              ; no            ; no            ; no         ; no                   ; LVTTL        ;
; sdramdq[10] ; L18   ; --          ; 2            ; 10   ; 1       ; no     ; no           ; no                      ; no                       ; no            ; no             ; no              ; no            ; no            ; no         ; no                   ; LVTTL        ;
; sdramdq[11] ; K16   ; --          ; 2            ; 11   ; 1       ; no     ; no           ; no                      ; no                       ; no            ; no             ; no              ; no            ; no            ; no         ; no                   ; LVTTL        ;
; sdramdq[12] ; L17   ; --          ; 2            ; 11   ; 1       ; no     ; no           ; no                      ; no                       ; no            ; no             ; no              ; no            ; no            ; no         ; no                   ; LVTTL        ;
; sdramdq[13] ; L16   ; --          ; 2            ; 12   ; 1       ; no     ; no           ; no                      ; no                       ; no            ; no             ; no              ; no            ; no            ; no         ; no                   ; LVTTL        ;
; sdramdq[14] ; K15   ; --          ; 2            ; 12   ; 1       ; no     ; no           ; no                      ; no                       ; no            ; no             ; no              ; no            ; no            ; no         ; no                   ; LVTTL        ;
; sdramdq[15] ; L15   ; --          ; 2            ; 13   ; 1       ; no     ; no           ; no                      ; no                       ; no            ; no             ; no              ; no            ; no            ; no         ; no                   ; LVTTL        ;
; sdramdq[16] ; L13   ; --          ; 2            ; 15   ; 1       ; no     ; no           ; no                      ; no                       ; no            ; no             ; no              ; no            ; no            ; no         ; no                   ; LVTTL        ;
; sdramdq[17] ; K13   ; --          ; 2            ; 15   ; 1       ; no     ; no           ; no                      ; no                       ; no            ; no             ; no              ; no            ; no            ; no         ; no                   ; LVTTL        ;
; sdramdq[18] ; L12   ; --          ; 2            ; 16   ; 1       ; no     ; no           ; no                      ; no                       ; no            ; no             ; no              ; no            ; no            ; no         ; no                   ; LVTTL        ;
; sdramdq[19] ; K12   ; --          ; 2            ; 16   ; 1       ; no     ; no           ; no                      ; no                       ; no            ; no             ; no              ; no            ; no            ; no         ; no                   ; LVTTL        ;
; sdramdq[20] ; L11   ; --          ; 2            ; 17   ; 1       ; no     ; no           ; no                      ; no                       ; no            ; no             ; no              ; no            ; no            ; no         ; no                   ; LVTTL        ;
; sdramdq[21] ; K11   ; --          ; 2            ; 17   ; 1       ; no     ; no           ; no                      ; no                       ; no            ; no             ; no              ; no            ; no            ; no         ; no                   ; LVTTL        ;
; sdramdq[22] ; L10   ; --          ; 2            ; 18   ; 1       ; no     ; no           ; no                      ; no                       ; no            ; no             ; no              ; no            ; no            ; no         ; no                   ; LVTTL        ;
; sdramdq[23] ; L9    ; --          ; 2            ; 18   ; 1       ; no     ; no           ; no                      ; no                       ; no            ; no             ; no              ; no            ; no            ; no         ; no                   ; LVTTL        ;
; sdramdq[24] ; H13   ; --          ; 2            ; 20   ; 1       ; no     ; no           ; no                      ; no                       ; no            ; no             ; no              ; no            ; no            ; no         ; no                   ; LVTTL        ;
; sdramdq[25] ; H12   ; --          ; 2            ; 20   ; 1       ; no     ; no           ; no                      ; no                       ; no            ; no             ; no              ; no            ; no            ; no         ; no                   ; LVTTL        ;
; sdramdq[26] ; J13   ; --          ; 2            ; 21   ; 1       ; no     ; no           ; no                      ; no                       ; no            ; no             ; no              ; no            ; no            ; no         ; no                   ; LVTTL        ;
; sdramdq[27] ; J12   ; --          ; 2            ; 22   ; 1       ; no     ; no           ; no                      ; no                       ; no            ; no             ; no              ; no            ; no            ; no         ; no                   ; LVTTL        ;
; sdramdq[28] ; J11   ; --          ; 2            ; 22   ; 1       ; no     ; no           ; no                      ; no                       ; no            ; no             ; no              ; no            ; no            ; no         ; no                   ; LVTTL        ;
; sdramdq[29] ; J10   ; --          ; 2            ; 23   ; 1       ; no     ; no           ; no                      ; no                       ; no            ; no             ; no              ; no            ; no            ; no         ; no                   ; LVTTL        ;
; sdramdq[30] ; J9    ; --          ; 2            ; 23   ; 1       ; no     ; no           ; no                      ; no                       ; no            ; no             ; no              ; no            ; no            ; no         ; no                   ; LVTTL        ;
; sdramdq[31] ; H11   ; --          ; 2            ; 24   ; 1       ; no     ; no           ; no                      ; no                       ; no            ; no             ; no              ; no            ; no            ; no         ; no                   ; LVTTL        ;
; ebidq[0]    ; J21   ; --          ; 4            ; 23   ; 1       ; no     ; no           ; no                      ; no                       ; no            ; no             ; no              ; no            ; no            ; no         ; no                   ; LVTTL        ;
; ebidq[1]    ; H21   ; --          ; 4            ; 24   ; 1       ; no     ; no           ; no                      ; no                       ; no            ; no             ; no              ; no            ; no            ; no         ; no                   ; LVTTL        ;
; ebidq[2]    ; E20   ; --          ; 3            ; 24   ; 1       ; no     ; no           ; no                      ; no                       ; no            ; no             ; no              ; no            ; no            ; no         ; no                   ; LVTTL        ;
; ebidq[3]    ; F20   ; --          ; 3            ; 23   ; 1       ; no     ; no           ; no                      ; no                       ; no            ; no             ; no              ; no            ; no            ; no         ; no                   ; LVTTL        ;
; ebidq[4]    ; E19   ; --          ; 3            ; 23   ; 1       ; no     ; no           ; no                      ; no                       ; no            ; no             ; no              ; no            ; no            ; no         ; no                   ; LVTTL        ;
; ebidq[5]    ; L20   ; --          ; 3            ; 22   ; 1       ; no     ; no           ; no                      ; no                       ; no            ; no             ; no              ; no            ; no            ; no         ; no                   ; LVTTL        ;
; ebidq[6]    ; K20   ; --          ; 3            ; 22   ; 1       ; no     ; no           ; no                      ; no                       ; no            ; no             ; no              ; no            ; no            ; no         ; no                   ; LVTTL        ;
; ebidq[7]    ; J20   ; --          ; 3            ; 21   ; 1       ; no     ; no           ; no                      ; no                       ; no            ; no             ; no              ; no            ; no            ; no         ; no                   ; LVTTL        ;
; ebidq[8]    ; H20   ; --          ; 3            ; 21   ; 1       ; no     ; no           ; no                      ; no                       ; no            ; no             ; no              ; no            ; no            ; no         ; no                   ; LVTTL        ;
; ebidq[9]    ; G20   ; --          ; 3            ; 20   ; 1       ; no     ; no           ; no                      ; no                       ; no            ; no             ; no              ; no            ; no            ; no         ; no                   ; LVTTL        ;
; ebidq[10]   ; F19   ; --          ; 3            ; 20   ; 1       ; no     ; no           ; no                      ; no                       ; no            ; no             ; no              ; no            ; no            ; no         ; no                   ; LVTTL        ;
; ebidq[11]   ; G19   ; --          ; 3            ; 19   ; 1       ; no     ; no           ; no                      ; no                       ; no            ; no             ; no              ; no            ; no            ; no         ; no                   ; LVTTL        ;
; ebidq[12]   ; L19   ; --          ; 3            ; 19   ; 1       ; no     ; no           ; no                      ; no                       ; no            ; no             ; no              ; no            ; no            ; no         ; no                   ; LVTTL        ;
; ebidq[13]   ; K19   ; --          ; 3            ; 18   ; 1       ; no     ; no           ; no                      ; no                       ; no            ; no             ; no              ; no            ; no            ; no         ; no                   ; LVTTL        ;
; ebidq[14]   ; J19   ; --          ; 3            ; 18   ; 1       ; no     ; no           ; no                      ; no                       ; no            ; no             ; no              ; no            ; no            ; no         ; no                   ; LVTTL        ;
; ebidq[15]   ; H19   ; --          ; 3            ; 17   ; 1       ; no     ; no           ; no                      ; no                       ; no            ; no             ; no              ; no            ; no            ; no         ; no                   ; LVTTL        ;
; uartrin     ; E28   ; --          ; 4            ; 3    ; 1       ; no     ; no           ; no                      ; no                       ; no            ; no             ; no              ; no            ; no            ; no         ; no                   ; LVTTL        ;
; uartdcdn    ; G27   ; --          ; 4            ; 3    ; 1       ; no     ; no           ; no                      ; no                       ; no            ; no             ; no              ; no            ; no            ; no         ; no                   ; LVTTL        ;
; nreset      ; B13   ; --          ; --           ; --   ; 1       ; no     ; no           ; no                      ; no                       ; no            ; no             ; no              ; no            ; no            ; yes        ; no                   ; LVTTL        ;
+-------------+-------+-------------+--------------+------+---------+--------+--------------+-------------------------+--------------------------+---------------+----------------+-----------------+---------------+---------------+------------+----------------------+--------------+


+---------------------------------------+
; All Package Pins                      ;
+----------------------------------------
; Pin # ; Usage          ; I/O Standard ;
+-------+----------------+--------------+
; A2    ; VCC_INT        ;              ;
; A3    ; VCC_IO         ;              ;
; A4    ; RESERVED_INPUT ;              ;
; A5    ; RESERVED_INPUT ;              ;
; A6    ; VCC_INT        ;              ;
; A7    ; VCC_IO         ;              ;
; A8    ; RESERVED_INPUT ;              ;
; A9    ; RESERVED_INPUT ;              ;
; A10   ; ^GND           ;              ;
; A11   ; VCC_INT        ;              ;
; A12   ; VCC_IO         ;              ;
; A13   ; RESERVED_INPUT ;              ;
; A14   ; RESERVED_INPUT ;              ;
; A15   ; RESERVED_INPUT ;              ;
; A16   ; VCC_INT        ;              ;
; A17   ; GND            ;              ;
; A18   ; RESERVED_INPUT ;              ;
; A19   ; RESERVED_INPUT ;              ;
; A20   ; RESERVED_INPUT ;              ;
; A21   ; VCC_IO         ;              ;
; A22   ; VCC_INT        ;              ;
; A23   ; RESERVED_INPUT ;              ;
; A24   ; RESERVED_INPUT ;              ;
; A25   ; ebicsn[0]      ; LVTTL        ;
; A26   ; VCC_IO         ;              ;
; A27   ; VCC_INT        ;              ;
; A28   ; CLK_REF        ; LVTTL        ;
; A29   ; RESERVED_INPUT ;              ;
; A30   ; VCC_IO         ;              ;
; A31   ; VCC_INT        ;              ;
; B1    ; VCC_INT        ;              ;
; B2    ; GND            ;              ;
; B3    ; GND            ;              ;
; B4    ; RESERVED_INPUT ;              ;
; B5    ; RESERVED_INPUT ;              ;
; B6    ; VCC_INT        ;              ;
; B7    ; VCC_IO         ;              ;
; B8    ; RESERVED_INPUT ;              ;
; B9    ; RESERVED_INPUT ;              ;
; B10   ; ^DEBUG_EN      ;              ;
; B11   ; VCC_INT        ;              ;
; B12   ; VCC_IO         ;              ;
; B13   ; NRESET         ; LVTTL        ;
; B14   ; RESERVED_INPUT ;              ;
; B15   ; RESERVED_INPUT ;              ;
; B16   ; VCC_INT        ;              ;
; B17   ; GND            ;              ;
; B18   ; RESERVED_INPUT ;              ;
; B19   ; RESERVED_INPUT ;              ;
; B20   ; RESERVED_INPUT ;              ;
; B21   ; VCC_IO         ;              ;
; B22   ; VCC_INT        ;              ;
; B23   ; RESERVED_INPUT ;              ;
; B24   ; RESERVED_INPUT ;              ;
; B25   ; ebicsn[1]      ; LVTTL        ;
; B26   ; VCC_IO         ;              ;
; B27   ; VCC_INT        ;              ;
; B28   ; NPOR           ; LVTTL        ;
; B29   ; RESERVED_INPUT ;              ;
; B30   ; GND            ;              ;
; B31   ; GND            ;              ;
; B32   ; VCC_INT        ;              ;
; C1    ; VCC_IO         ;              ;
; C2    ; GND            ;              ;
; C3    ; GND            ;              ;
; C4    ; RESERVED_INPUT ;              ;
; C5    ; VCC_IO         ;              ;
; C6    ; GND            ;              ;
; C7    ; GND            ;              ;
; C8    ; RESERVED_INPUT ;              ;
; C9    ; RESERVED_INPUT ;              ;
; C10   ; ^BOOT_FLASH    ;              ;
; C11   ; GND            ;              ;
; C12   ; GND            ;              ;
; C13   ; #TRST          ;              ;
; C14   ; RESERVED_INPUT ;              ;
; C15   ; VCC_IO         ;              ;
; C16   ; VCC_IO         ;              ;
; C17   ; VCC_IO         ;              ;
; C18   ; VCC_IO         ;              ;
; C19   ; RESERVED_INPUT ;              ;
; C20   ; RESERVED_INPUT ;              ;
; C21   ; GND            ;              ;
; C22   ; GND            ;              ;
; C23   ; RESERVED_INPUT ;              ;
; C24   ; ^JSELECT       ;              ;
; C25   ; ebicsn[2]      ; LVTTL        ;
; C26   ; GND            ;              ;
; C27   ; GND            ;              ;
; C28   ; uartrtsn       ; LVTTL        ;
; C29   ; VCC_IO         ;              ;
; C30   ; GND            ;              ;
; C31   ; GND            ;              ;
; C32   ; VCC_IO         ;              ;
; D1    ; RESERVED_INPUT ;              ;
; D2    ; RESERVED_INPUT ;              ;
; D3    ; RESERVED_INPUT ;              ;
; D4    ; RESERVED_INPUT ;              ;
; D5    ; RESERVED_INPUT ;              ;
; D6    ; GND            ;              ;
; D7    ; GND            ;              ;
; D8    ; RESERVED_INPUT ;              ;
; D9    ; RESERVED_INPUT ;              ;
; D10   ; RESERVED_INPUT ;              ;
; D11   ; GND            ;              ;
; D12   ; GND            ;              ;
; D13   ; ^nCEO          ;              ;
; D14   ; ~INIT_DONE~    ; LVTTL        ;
; D15   ; RESERVED_INPUT ;              ;
; D16   ; RESERVED_INPUT ;              ;
; D17   ; RESERVED_INPUT ;              ;
; D18   ; RESERVED_INPUT ;              ;
; D19   ; RESERVED_INPUT ;              ;
; D20   ; RESERVED_INPUT ;              ;
; D21   ; GND            ;              ;
; D22   ; GND            ;              ;
; D23   ; RESERVED_INPUT ;              ;
; D24   ; ebiaddr[1]     ; LVTTL        ;
; D25   ; ebicsn[3]      ; LVTTL        ;
; D26   ; GND            ;              ;
; D27   ; GND            ;              ;
; D28   ; uarttxd        ; LVTTL        ;
; D29   ; uartrxd        ; LVTTL        ;
; D30   ; ^PROC_TCK      ;              ;
; D31   ; RESERVED_INPUT ;              ;
; D32   ; RESERVED_INPUT ;              ;
; E1    ; RESERVED_INPUT ;              ;
; E2    ; RESERVED_INPUT ;              ;
; E3    ; RESERVED_INPUT ;              ;
; E4    ; RESERVED_INPUT ;              ;
; E5    ; RESERVED_INPUT ;              ;
; E6    ; RESERVED_INPUT ;              ;
; E7    ; RESERVED_INPUT ;              ;
; E8    ; RESERVED_INPUT ;              ;
; E9    ; R_test[3]      ; LVTTL        ;
; E10   ; RESERVED_INPUT ;              ;
; E11   ; #TDO           ;              ;
; E12   ; GND+           ;              ;
; E13   ; GND+           ;              ;
; E14   ; RESERVED_INPUT ;              ;
; E15   ; RESERVED_INPUT ;              ;
; E16   ; RESERVED_INPUT ;              ;
; E17   ; RESERVED_INPUT ;              ;
; E18   ; RESERVED_INPUT ;              ;
; E19   ; ebidq[4]       ; LVTTL        ;
; E20   ; ebidq[2]       ; LVTTL        ;
; E21   ; ebiaddr[15]    ; LVTTL        ;
; E22   ; ebiaddr[13]    ; LVTTL        ;
; E23   ; ebiaddr[7]     ; LVTTL        ;
; E24   ; ebiaddr[2]     ; LVTTL        ;
; E25   ; ebiclk         ; LVTTL        ;
; E26   ; ebiwen         ; LVTTL        ;
; E27   ; ebibe[1]       ; LVTTL        ;
; E28   ; uartrin        ; LVTTL        ;
; E29   ; ^PROC_TMS      ;              ;
; E30   ; ^PROC_TRST     ;              ;
; E31   ; RESERVED_INPUT ;              ;
; E32   ; RESERVED_INPUT ;              ;
; F1    ; VCC_INT        ;              ;
; F2    ; VCC_INT        ;              ;
; F3    ; GND            ;              ;
; F4    ; GND            ;              ;
; F5    ; RESERVED_INPUT ;              ;
; F6    ; sdramaddr2[12] ; LVTTL        ;
; F7    ; sdramaddr2[11] ; LVTTL        ;
; F8    ; sdramaddr2[9]  ; LVTTL        ;
; F9    ; sdramaddr2[7]  ; LVTTL        ;
; F10   ; sdramaddr2[6]  ; LVTTL        ;
; F11   ; sdramaddr2[4]  ; LVTTL        ;
; F12   ; sdramaddr2[3]  ; LVTTL        ;
; F13   ; sdramaddr2[1]  ; LVTTL        ;
; F14   ; sdramclke      ; LVTTL        ;
; F15   ; sdramclk       ; LVTTL        ;
; F16   ; sdramcsn[1]    ; LVTTL        ;
; F17   ; sdramrasn      ; LVTTL        ;
; F18   ; sdramcasn      ; LVTTL        ;
; F19   ; ebidq[10]      ; LVTTL        ;
; F20   ; ebidq[3]       ; LVTTL        ;
; F21   ; ebiaddr[21]    ; LVTTL        ;
; F22   ; ebiaddr[14]    ; LVTTL        ;
; F23   ; ebiaddr[8]     ; LVTTL        ;
; F24   ; ebiaddr[3]     ; LVTTL        ;
; F25   ; ebiack         ; LVTTL        ;
; F26   ; ebioen         ; LVTTL        ;
; F27   ; ebibe[0]       ; LVTTL        ;
; F28   ; uartdsrn       ; LVTTL        ;
; F29   ; GND            ;              ;
; F30   ; GND            ;              ;
; F31   ; VCC_INT        ;              ;
; F32   ; VCC_INT        ;              ;
; G1    ; VCC_IO         ;              ;
; G2    ; VCC_IO         ;              ;
; G3    ; GND            ;              ;
; G4    ; GND            ;              ;
; G5    ; RESERVED_INPUT ;              ;
; G6    ; sdramaddr2[14] ; LVTTL        ;
; G7    ; sdramaddr2[13] ; LVTTL        ;
; G8    ; sdramaddr2[10] ; LVTTL        ;
; G9    ; sdramaddr2[8]  ; LVTTL        ;
; G10   ; sdramaddr2[5]  ; LVTTL        ;
; G11   ; sdramaddr2[2]  ; LVTTL        ;
; G12   ; sdramaddr2[0]  ; LVTTL        ;
; G13   ; sdramclkn      ; LVTTL        ;
; G14   ; sdramcsn[0]    ; LVTTL        ;
; G15   ; ~SD_DDR_VS2~   ; LVTTL        ;
; G16   ; ~SD_DDR_VS1~   ; LVTTL        ;
; G17   ; ~SD_DDR_VS0~   ; LVTTL        ;
; G18   ; sdramwen       ; LVTTL        ;
; G19   ; ebidq[11]      ; LVTTL        ;
; G20   ; ebidq[9]       ; LVTTL        ;
; G21   ; ebiaddr[22]    ; LVTTL        ;
; G22   ; ebiaddr[20]    ; LVTTL        ;
; G23   ; ebiaddr[9]     ; LVTTL        ;
; G24   ; ebiaddr[4]     ; LVTTL        ;
; G25   ; intextpin      ; LVTTL        ;
; G26   ; uartdtrn       ; LVTTL        ;
; G27   ; uartdcdn       ; LVTTL        ;
; G28   ; uartctsn       ; LVTTL        ;
; G29   ; GND            ;              ;
; G30   ; GND            ;              ;
; G31   ; VCC_IO         ;              ;
; G32   ; VCC_IO         ;              ;
; H1    ; RESERVED_INPUT ;              ;
; H2    ; RESERVED_INPUT ;              ;
; H3    ; RESERVED_INPUT ;              ;
; H4    ; RESERVED_INPUT ;              ;
; H5    ; RESERVED_INPUT ;              ;
; H6    ; RESERVED_INPUT ;              ;
; H7    ; RESERVED_INPUT ;              ;
; H8    ; RESERVED_INPUT ;              ;
; H9    ; sdramdqm[3]    ; LVTTL        ;
; H10   ; sdramdqs[3]    ; LVTTL        ;
; H11   ; sdramdq[31]    ; LVTTL        ;
; H12   ; sdramdq[25]    ; LVTTL        ;
; H13   ; sdramdq[24]    ; LVTTL        ;
; H14   ; sdramdqm[0]    ; LVTTL        ;
; H15   ; sdramdq[5]     ; LVTTL        ;
; H16   ; sdramdq[2]     ; LVTTL        ;
; H17   ; sdramdq[1]     ; LVTTL        ;
; H18   ; sdramdq[0]     ; LVTTL        ;
; H19   ; ebidq[15]      ; LVTTL        ;
; H20   ; ebidq[8]       ; LVTTL        ;
; H21   ; ebidq[1]       ; LVTTL        ;
; H22   ; ebiaddr[19]    ; LVTTL        ;
; H23   ; ebiaddr[12]    ; LVTTL        ;
; H24   ; ebiaddr[6]     ; LVTTL        ;
; H25   ; ebiaddr[0]     ; LVTTL        ;
; H26   ; ^PROC_TDO      ;              ;
; H27   ; ^PROC_TDI      ;              ;
; H28   ; ^EN_SELECT     ;              ;
; H29   ; RESERVED_INPUT ;              ;
; H30   ; RESERVED_INPUT ;              ;
; H31   ; RESERVED_INPUT ;              ;
; H32   ; RESERVED_INPUT ;              ;
; J1    ; RESERVED_INPUT ;              ;
; J2    ; RESERVED_INPUT ;              ;
; J3    ; RESERVED_INPUT ;              ;
; J4    ; RESERVED_INPUT ;              ;
; J5    ; RESERVED_INPUT ;              ;
; J6    ; RESERVED_INPUT ;              ;
; J7    ; RESERVED_INPUT ;              ;
; J8    ; RESERVED_INPUT ;              ;
; J9    ; sdramdq[30]    ; LVTTL        ;
; J10   ; sdramdq[29]    ; LVTTL        ;
; J11   ; sdramdq[28]    ; LVTTL        ;
; J12   ; sdramdq[27]    ; LVTTL        ;
; J13   ; sdramdq[26]    ; LVTTL        ;
; J14   ; sdramdqs[0]    ; LVTTL        ;
; J15   ; sdramdq[7]     ; LVTTL        ;
; J16   ; sdramdq[6]     ; LVTTL        ;
; J17   ; sdramdq[4]     ; LVTTL        ;
; J18   ; sdramdq[3]     ; LVTTL        ;
; J19   ; ebidq[14]      ; LVTTL        ;
; J20   ; ebidq[7]       ; LVTTL        ;
; J21   ; ebidq[0]       ; LVTTL        ;
; J22   ; ebiaddr[18]    ; LVTTL        ;
; J23   ; ebiaddr[11]    ; LVTTL        ;
; J24   ; ebiaddr[5]     ; LVTTL        ;
; J25   ; VCC_CKLK5      ;              ;
; J26   ; RESERVED_INPUT ;              ;
; J27   ; RESERVED_INPUT ;              ;
; J28   ; RESERVED_INPUT ;              ;
; J29   ; RESERVED_INPUT ;              ;
; J30   ; ^MSEL0         ;              ;
; J31   ; RESERVED_INPUT ;              ;
; J32   ; RESERVED_INPUT ;              ;
; K1    ; RESERVED_INPUT ;              ;
; K2    ; RESERVED_INPUT ;              ;
; K3    ; GND+           ;              ;
; K4    ; RESERVED_INPUT ;              ;
; K5    ; RESERVED_INPUT ;              ;
; K6    ; RESERVED_INPUT ;              ;
; K7    ; RESERVED_INPUT ;              ;
; K8    ; RESERVED_INPUT ;              ;
; K9    ; sdramdqm[2]    ; LVTTL        ;
; K10   ; sdramdqs[2]    ; LVTTL        ;
; K11   ; sdramdq[21]    ; LVTTL        ;
; K12   ; sdramdq[19]    ; LVTTL        ;
; K13   ; sdramdq[17]    ; LVTTL        ;
; K14   ; sdramdqs[1]    ; LVTTL        ;
; K15   ; sdramdq[14]    ; LVTTL        ;
; K16   ; sdramdq[11]    ; LVTTL        ;
; K17   ; sdramdq[9]     ; LVTTL        ;
; K18   ; sdramdq[8]     ; LVTTL        ;
; K19   ; ebidq[13]      ; LVTTL        ;
; K20   ; ebidq[6]       ; LVTTL        ;
; K21   ; ebiaddr[24]    ; LVTTL        ;
; K22   ; ebiaddr[17]    ; LVTTL        ;
; K23   ; ebiaddr[10]    ; LVTTL        ;
; K24   ; RESERVED_INPUT ;              ;
; K25   ; GND_CKLK5      ;              ;
; K26   ; RESERVED_INPUT ;              ;
; K27   ; RESERVED_INPUT ;              ;
; K28   ; RESERVED_INPUT ;              ;
; K29   ; RESERVED_INPUT ;              ;
; K30   ; ^MSEL1         ;              ;
; K31   ; RESERVED_INPUT ;              ;
; K32   ; RESERVED_INPUT ;              ;
; L1    ; VCC_INT        ;              ;
; L2    ; VCC_INT        ;              ;
; L3    ; GND            ;              ;
; L4    ; GND            ;              ;
; L5    ; RESERVED_INPUT ;              ;
; L6    ; RESERVED_INPUT ;              ;
; L7    ; RESERVED_INPUT ;              ;
; L8    ; RESERVED_INPUT ;              ;
; L9    ; sdramdq[23]    ; LVTTL        ;
; L10   ; sdramdq[22]    ; LVTTL        ;
; L11   ; sdramdq[20]    ; LVTTL        ;
; L12   ; sdramdq[18]    ; LVTTL        ;
; L13   ; sdramdq[16]    ; LVTTL        ;
; L14   ; sdramdqm[1]    ; LVTTL        ;
; L15   ; sdramdq[15]    ; LVTTL        ;
; L16   ; sdramdq[13]    ; LVTTL        ;
; L17   ; sdramdq[12]    ; LVTTL        ;
; L18   ; sdramdq[10]    ; LVTTL        ;
; L19   ; ebidq[12]      ; LVTTL        ;
; L20   ; ebidq[5]       ; LVTTL        ;
; L21   ; ebiaddr[23]    ; LVTTL        ;
; L22   ; ebiaddr[16]    ; LVTTL        ;
; L23   ; RESERVED_INPUT ;              ;
; L24   ; RESERVED_INPUT ;              ;
; L25   ; VCC_CKLK6      ;              ;
; L26   ; RESERVED_INPUT ;              ;
; L27   ; RESERVED_INPUT ;              ;
; L28   ; RESERVED_INPUT ;              ;
; L29   ; GND            ;              ;
; L30   ; GND            ;              ;
; L31   ; VCC_INT        ;              ;
; L32   ; VCC_INT        ;              ;
; M1    ; VCC_IO         ;              ;
; M2    ; VCC_IO         ;              ;
; M3    ; GND            ;              ;
; M4    ; GND            ;              ;
; M5    ; RESERVED_INPUT ;              ;
; M6    ; RESERVED_INPUT ;              ;
; M7    ; RESERVED_INPUT ;              ;
; M8    ; RESERVED_INPUT ;              ;
; M9    ; RESERVED_INPUT ;              ;
; M10   ; NC             ;              ;
; M11   ; NC             ;              ;
; M12   ; NC             ;              ;
; M13   ; NC             ;              ;
; M14   ; NC             ;              ;
; M15   ; NC             ;              ;
; M16   ; NC             ;              ;
; M17   ; NC             ;              ;
; M18   ; NC             ;              ;
; M19   ; RESERVED_INPUT ;              ;
; M20   ; RESERVED_INPUT ;              ;
; M21   ; RESERVED_INPUT ;              ;
; M22   ; RESERVED_INPUT ;              ;
; M23   ; RESERVED_INPUT ;              ;
; M24   ; VCC_CKLK3      ;              ;
; M25   ; GND_CKLK6      ;              ;
; M26   ; RESERVED_INPUT ;              ;
; M27   ; RESERVED_INPUT ;              ;
; M28   ; RESERVED_INPUT ;              ;
; M29   ; GND            ;              ;
; M30   ; GND            ;              ;
; M31   ; VCC_IO         ;              ;
; M32   ; VCC_IO         ;              ;
; N1    ; RESERVED_INPUT ;              ;
; N2    ; RESERVED_INPUT ;              ;
; N3    ; RESERVED_INPUT ;              ;
; N4    ; RESERVED_INPUT ;              ;
; N5    ; RESERVED_INPUT ;              ;
; N6    ; RESERVED_INPUT ;              ;
; N7    ; RESERVED_INPUT ;              ;
; N8    ; RESERVED_INPUT ;              ;
; N9    ; RESERVED_INPUT ;              ;
; N10   ; RESERVED_INPUT ;              ;
; N11   ; RESERVED_INPUT ;              ;
; N12   ; RESERVED_INPUT ;              ;
; N13   ; RESERVED_INPUT ;              ;
; N14   ; NC             ;              ;
; N15   ; NC             ;              ;
; N16   ; NC             ;              ;
; N17   ; NC             ;              ;
; N18   ; NC             ;              ;
; N19   ; RESERVED_INPUT ;              ;
; N20   ; RESERVED_INPUT ;              ;
; N21   ; RESERVED_INPUT ;              ;
; N22   ; RESERVED_INPUT ;              ;
; N23   ; RESERVED_INPUT ;              ;
; N24   ; VCC_CKOUT1     ;              ;
; N25   ; RESERVED_INPUT ;              ;
; N26   ; RESERVED_INPUT ;              ;
; N27   ; RESERVED_INPUT ;              ;
; N28   ; RESERVED_INPUT ;              ;
; N29   ; R_test[5]      ; LVTTL        ;
; N30   ; GND+           ;              ;
; N31   ; RESERVED_INPUT ;              ;
; N32   ; RESERVED_INPUT ;              ;
; P1    ; RESERVED_INPUT ;              ;
; P2    ; RESERVED_INPUT ;              ;
; P3    ; GND+           ;              ;
; P4    ; RESERVED_INPUT ;              ;
; P5    ; RESERVED_INPUT ;              ;
; P6    ; RESERVED_INPUT ;              ;
; P7    ; RESERVED_INPUT ;              ;
; P8    ; RESERVED_INPUT ;              ;
; P9    ; VCC_CKLK4      ;              ;
; P10   ; RESERVED_INPUT ;              ;
; P11   ; RESERVED_INPUT ;              ;
; P12   ; RESERVED_INPUT ;              ;
; P13   ; RESERVED_INPUT ;              ;
; P14   ; GND            ;              ;
; P15   ; VCC_IO         ;              ;
; P16   ; NC             ;              ;
; P17   ; NC             ;              ;
; P18   ; GND            ;              ;
; P19   ; GND            ;              ;
; P20   ; RESERVED_INPUT ;              ;
; P21   ; RESERVED_INPUT ;              ;
; P22   ; RESERVED_INPUT ;              ;
; P23   ; GND_CKLK3      ;              ;
; P24   ; GND_CKLK3      ;              ;
; P25   ; RESERVED_INPUT ;              ;
; P26   ; RESERVED_INPUT ;              ;
; P27   ; RESERVED_INPUT ;              ;
; P28   ; RESERVED_INPUT ;              ;
; P29   ; RESERVED_INPUT ;              ;
; P30   ; VCC_INT        ;              ;
; P31   ; R_test[0]      ; LVTTL        ;
; P32   ; RESERVED_INPUT ;              ;
; R1    ; RESERVED_INPUT ;              ;
; R2    ; RESERVED_INPUT ;              ;
; R3    ; RESERVED_INPUT ;              ;
; R4    ; RESERVED_INPUT ;              ;
; R5    ; RESERVED_INPUT ;              ;
; R6    ; RESERVED_INPUT ;              ;
; R7    ; RESERVED_INPUT ;              ;
; R8    ; RESERVED_INPUT ;              ;
; R9    ; RESERVED_INPUT ;              ;
; R10   ; RESERVED_INPUT ;              ;
; R11   ; RESERVED_INPUT ;              ;
; R12   ; RESERVED_INPUT ;              ;
; R13   ; RESERVED_INPUT ;              ;
; R14   ; NC             ;              ;
; R15   ; VCC_INT        ;              ;
; R16   ; GND            ;              ;
; R17   ; GND            ;              ;
; R18   ; VCC_INT        ;              ;
; R19   ; NC             ;              ;
; R20   ; RESERVED_INPUT ;              ;
; R21   ; RESERVED_INPUT ;              ;
; R22   ; RESERVED_INPUT ;              ;
; R23   ; RESERVED_INPUT ;              ;
; R24   ; RESERVED_INPUT ;              ;
; R25   ; RESERVED_INPUT ;              ;
; R26   ; RESERVED_INPUT ;              ;
; R27   ; RESERVED_INPUT ;              ;
; R28   ; RESERVED_INPUT ;              ;
; R29   ; RESERVED_INPUT ;              ;
; R30   ; ^NCONFIG       ;              ;
; R31   ; RESERVED_INPUT ;              ;
; R32   ; RESERVED_INPUT ;              ;
; T1    ; GND            ;              ;
; T2    ; GND            ;              ;
; T3    ; GND            ;              ;
; T4    ; RESERVED_INPUT ;              ;
; T5    ; RESERVED_INPUT ;              ;
; T6    ; RESERVED_INPUT ;              ;
; T7    ; RESERVED_INPUT ;              ;
; T8    ; RESERVED_INPUT ;              ;
; T9    ; GND_CKLK4      ;              ;
; T10   ; RESERVED_INPUT ;              ;
; T11   ; RESERVED_INPUT ;              ;
; T12   ; RESERVED_INPUT ;              ;
; T13   ; RESERVED_INPUT ;              ;
; T14   ; NC             ;              ;
; T15   ; GND            ;              ;
; T16   ; VCC_INT        ;              ;
; T17   ; VCC_INT        ;              ;
; T18   ; GND            ;              ;
; T19   ; NC             ;              ;
; T20   ; NC             ;              ;
; T21   ; RESERVED_INPUT ;              ;
; T22   ; RESERVED_INPUT ;              ;
; T23   ; RESERVED_INPUT ;              ;
; T24   ; GND_CKOUT1     ;              ;
; T25   ; RESERVED_INPUT ;              ;
; T26   ; RESERVED_INPUT ;              ;
; T27   ; RESERVED_INPUT ;              ;
; T28   ; RESERVED_INPUT ;              ;
; T29   ; RESERVED_INPUT ;              ;
; T30   ; VCC_INT        ;              ;
; T31   ; VCC_INT        ;              ;
; T32   ; VCC_INT        ;              ;
; U1    ; VCC_INT        ;              ;
; U2    ; VCC_INT        ;              ;
; U3    ; VCC_INT        ;              ;
; U4    ; R_test[4]      ; LVTTL        ;
; U5    ; RESERVED_INPUT ;              ;
; U6    ; RESERVED_INPUT ;              ;
; U7    ; RESERVED_INPUT ;              ;
; U8    ; RESERVED_INPUT ;              ;
; U9    ; RESERVED_INPUT ;              ;
; U10   ; RESERVED_INPUT ;              ;
; U11   ; RESERVED_INPUT ;              ;
; U12   ; RESERVED_INPUT ;              ;
; U13   ; NC             ;              ;
; U14   ; NC             ;              ;
; U15   ; GND            ;              ;
; U16   ; VCC_INT        ;              ;
; U17   ; VCC_INT        ;              ;
; U18   ; GND            ;              ;
; U19   ; NC             ;              ;
; U20   ; NC             ;              ;
; U21   ; RESERVED_INPUT ;              ;
; U22   ; RESERVED_INPUT ;              ;
; U23   ; RESERVED_INPUT ;              ;
; U24   ; RESERVED_INPUT ;              ;
; U25   ; RESERVED_INPUT ;              ;
; U26   ; RESERVED_INPUT ;              ;
; U27   ; RESERVED_INPUT ;              ;
; U28   ; RESERVED_INPUT ;              ;
; U29   ; RESERVED_INPUT ;              ;
; U30   ; GND            ;              ;
; U31   ; GND            ;              ;
; U32   ; GND            ;              ;
; V1    ; R_test[7]      ; LVTTL        ;
; V2    ; RESERVED_INPUT ;              ;
; V3    ; ^DATA0         ;              ;
; V4    ; RESERVED_INPUT ;              ;
; V5    ; RESERVED_INPUT ;              ;
; V6    ; RESERVED_INPUT ;              ;
; V7    ; RESERVED_INPUT ;              ;
; V8    ; RESERVED_INPUT ;              ;
; V9    ; GND_CKLK2      ;              ;
; V10   ; RESERVED_INPUT ;              ;
; V11   ; RESERVED_INPUT ;              ;
; V12   ; RESERVED_INPUT ;              ;
; V13   ; NC             ;              ;
; V14   ; NC             ;              ;
; V15   ; VCC_INT        ;              ;
; V16   ; GND            ;              ;
; V17   ; GND            ;              ;
; V18   ; VCC_INT        ;              ;
; V19   ; NC             ;              ;
; V20   ; NC             ;              ;
; V21   ; RESERVED_INPUT ;              ;
; V22   ; RESERVED_INPUT ;              ;
; V23   ; RESERVED_INPUT ;              ;
; V24   ; GND_CKLK1      ;              ;
; V25   ; RESERVED_INPUT ;              ;
; V26   ; RESERVED_INPUT ;              ;
; V27   ; RESERVED_INPUT ;              ;
; V28   ; RESERVED_INPUT ;              ;
; V29   ; RESERVED_INPUT ;              ;
; V30   ; RESERVED_INPUT ;              ;
; V31   ; RESERVED_INPUT ;              ;
; V32   ; RESERVED_INPUT ;              ;
; W1    ; RESERVED_INPUT ;              ;
; W2    ; RESERVED_INPUT ;              ;
; W3    ; ^DCLK          ;              ;
; W4    ; RESERVED_INPUT ;              ;
; W5    ; RESERVED_INPUT ;              ;
; W6    ; RESERVED_INPUT ;              ;
; W7    ; RESERVED_INPUT ;              ;
; W8    ; RESERVED_INPUT ;              ;
; W9    ; GND_CKOUT2     ;              ;
; W10   ; R_test[6]      ; LVTTL        ;
; W11   ; RESERVED_INPUT ;              ;
; W12   ; RESERVED_INPUT ;              ;
; W13   ; NC             ;              ;
; W14   ; GND            ;              ;
; W15   ; NC             ;              ;
; W16   ; NC             ;              ;
; W17   ; NC             ;              ;
; W18   ; NC             ;              ;
; W19   ; GND            ;              ;
; W20   ; NC             ;              ;
; W21   ; RESERVED_INPUT ;              ;
; W22   ; RESERVED_INPUT ;              ;
; W23   ; RESERVED_INPUT ;              ;
; W24   ; VCC_CKLK1      ;              ;
; W25   ; RESERVED_INPUT ;              ;
; W26   ; RESERVED_INPUT ;              ;
; W27   ; RESERVED_INPUT ;              ;
; W28   ; RESERVED_INPUT ;              ;
; W29   ; RESERVED_INPUT ;              ;
; W30   ; sys_clk        ; LVTTL        ;
; W31   ; RESERVED_INPUT ;              ;
; W32   ; RESERVED_INPUT ;              ;
; Y1    ; RESERVED_INPUT ;              ;
; Y2    ; RESERVED_INPUT ;              ;
; Y3    ; GND+           ;              ;
; Y4    ; RESERVED_INPUT ;              ;
; Y5    ; RESERVED_INPUT ;              ;
; Y6    ; RESERVED_INPUT ;              ;
; Y7    ; RESERVED_INPUT ;              ;
; Y8    ; RESERVED_INPUT ;              ;
; Y9    ; VCC_CKLK2      ;              ;
; Y10   ; RESERVED_INPUT ;              ;
; Y11   ; RESERVED_INPUT ;              ;
; Y12   ; RESERVED_INPUT ;              ;
; Y13   ; NC             ;              ;
; Y14   ; NC             ;              ;
; Y15   ; NC             ;              ;
; Y16   ; NC             ;              ;
; Y17   ; NC             ;              ;
; Y18   ; NC             ;              ;
; Y19   ; NC             ;              ;
; Y20   ; NC             ;              ;
; Y21   ; RESERVED_INPUT ;              ;
; Y22   ; RESERVED_INPUT ;              ;
; Y23   ; RESERVED_INPUT ;              ;
; Y24   ; RESERVED_INPUT ;              ;
; Y25   ; RESERVED_INPUT ;              ;
; Y26   ; RESERVED_INPUT ;              ;
; Y27   ; RESERVED_INPUT ;              ;
; Y28   ; RESERVED_INPUT ;              ;
; Y29   ; RESERVED_INPUT ;              ;
; Y30   ; RESERVED_INPUT ;              ;
; Y31   ; RESERVED_INPUT ;              ;
; Y32   ; RESERVED_INPUT ;              ;
; AA1   ; VCC_IO         ;              ;
; AA2   ; VCC_IO         ;              ;
; AA3   ; GND            ;              ;
; AA4   ; GND            ;              ;
; AA5   ; R[5]           ; LVTTL        ;
; AA6   ; RESERVED_INPUT ;              ;
; AA7   ; RESERVED_INPUT ;              ;
; AA8   ; RESERVED_INPUT ;              ;
; AA9   ; VCC_CKOUT2     ;              ;
; AA10  ; RESERVED_INPUT ;              ;
; AA11  ; RESERVED_INPUT ;              ;
; AA12  ; RESERVED_INPUT ;              ;
; AA13  ; NC             ;              ;
; AA14  ; NC             ;              ;
; AA15  ; NC             ;              ;
; AA16  ; NC             ;              ;
; AA17  ; NC             ;              ;
; AA18  ; NC             ;              ;
; AA19  ; NC             ;              ;
; AA20  ; NC             ;              ;
; AA21  ; RESERVED_INPUT ;              ;
; AA22  ; RESERVED_INPUT ;              ;
; AA23  ; RESERVED_INPUT ;              ;
; AA24  ; RESERVED_INPUT ;              ;
; AA25  ; RESERVED_INPUT ;              ;
; AA26  ; RESERVED_INPUT ;              ;
; AA27  ; RESERVED_INPUT ;              ;
; AA28  ; RESERVED_INPUT ;              ;
; AA29  ; GND            ;              ;
; AA30  ; GND            ;              ;
; AA31  ; VCC_IO         ;              ;
; AA32  ; VCC_IO         ;              ;
; AB1   ; VCC_INT        ;              ;
; AB2   ; VCC_INT        ;              ;
; AB3   ; GND            ;              ;
; AB4   ; GND            ;              ;
; AB5   ; R[6]           ; LVTTL        ;
; AB6   ; R[4]           ; LVTTL        ;
; AB7   ; RESERVED_INPUT ;              ;
; AB8   ; RESERVED_INPUT ;              ;
; AB9   ; RESERVED_INPUT ;              ;
; AB10  ; B[1]           ; LVTTL        ;
; AB11  ; RESERVED_INPUT ;              ;
; AB12  ; RESERVED_INPUT ;              ;
; AB13  ; RESERVED_INPUT ;              ;
; AB14  ; RESERVED_INPUT ;              ;
; AB15  ; RESERVED_INPUT ;              ;
; AB16  ; RESERVED_INPUT ;              ;
; AB17  ; RESERVED_INPUT ;              ;
; AB18  ; RESERVED_INPUT ;              ;
; AB19  ; RESERVED_INPUT ;              ;
; AB20  ; RESERVED_INPUT ;              ;
; AB21  ; RESERVED_INPUT ;              ;
; AB22  ; RESERVED_INPUT ;              ;
; AB23  ; RESERVED_INPUT ;              ;
; AB24  ; RESERVED_INPUT ;              ;
; AB25  ; RESERVED_INPUT ;              ;
; AB26  ; RESERVED_INPUT ;              ;
; AB27  ; RESERVED_INPUT ;              ;
; AB28  ; RESERVED_INPUT ;              ;
; AB29  ; GND            ;              ;
; AB30  ; GND            ;              ;
; AB31  ; VCC_INT        ;              ;
; AB32  ; VCC_INT        ;              ;
; AC1   ; RESERVED_INPUT ;              ;
; AC2   ; RESERVED_INPUT ;              ;
; AC3   ; ^nCE           ;              ;
; AC4   ; G[4]           ; LVTTL        ;
; AC5   ; G[3]           ; LVTTL        ;
; AC6   ; G[2]           ; LVTTL        ;
; AC7   ; R[7]           ; LVTTL        ;
; AC8   ; RESERVED_INPUT ;              ;
; AC9   ; RESERVED_INPUT ;              ;
; AC10  ; DE_test        ; LVTTL        ;
; AC11  ; RESERVED_INPUT ;              ;
; AC12  ; RESERVED_INPUT ;              ;
; AC13  ; RESERVED_INPUT ;              ;
; AC14  ; RESERVED_INPUT ;              ;
; AC15  ; RESERVED_INPUT ;              ;
; AC16  ; RESERVED_INPUT ;              ;
; AC17  ; RESERVED_INPUT ;              ;
; AC18  ; RESERVED_INPUT ;              ;
; AC19  ; RESERVED_INPUT ;              ;
; AC20  ; RESERVED_INPUT ;              ;
; AC21  ; RESERVED_INPUT ;              ;
; AC22  ; RESERVED_INPUT ;              ;
; AC23  ; RESERVED_INPUT ;              ;
; AC24  ; RESERVED_INPUT ;              ;
; AC25  ; RESERVED_INPUT ;              ;
; AC26  ; RESERVED_INPUT ;              ;
; AC27  ; RESERVED_INPUT ;              ;
; AC28  ; RESERVED_INPUT ;              ;
; AC29  ; R[2]           ; LVTTL        ;
; AC30  ; RESERVED_INPUT ;              ;
; AC31  ; RESERVED_INPUT ;              ;
; AC32  ; RESERVED_INPUT ;              ;
; AD1   ; RESERVED_INPUT ;              ;
; AD2   ; RESERVED_INPUT ;              ;
; AD3   ; #TDI           ;              ;
; AD4   ; G[6]           ; LVTTL        ;
; AD5   ; G[5]           ; LVTTL        ;
; AD6   ; B[3]           ; LVTTL        ;
; AD7   ; G[7]           ; LVTTL        ;
; AD8   ; RESERVED_INPUT ;              ;
; AD9   ; RESERVED_INPUT ;              ;
; AD10  ; G[0]           ; LVTTL        ;
; AD11  ; RESERVED_INPUT ;              ;
; AD12  ; vsync_test     ; LVTTL        ;
; AD13  ; RESERVED_INPUT ;              ;
; AD14  ; RESERVED_INPUT ;              ;
; AD15  ; RESERVED_INPUT ;              ;
; AD16  ; RESERVED_INPUT ;              ;
; AD17  ; RESERVED_INPUT ;              ;
; AD18  ; RESERVED_INPUT ;              ;
; AD19  ; RESERVED_INPUT ;              ;
; AD20  ; RESERVED_INPUT ;              ;
; AD21  ; RESERVED_INPUT ;              ;
; AD22  ; RESERVED_INPUT ;              ;
; AD23  ; RESERVED_INPUT ;              ;
; AD24  ; RESERVED_INPUT ;              ;
; AD25  ; RESERVED_INPUT ;              ;
; AD26  ; RESERVED_INPUT ;              ;
; AD27  ; G[1]           ; LVTTL        ;
; AD28  ; R_test[1]      ; LVTTL        ;
; AD29  ; RESERVED_INPUT ;              ;
; AD30  ; RESERVED_INPUT ;              ;
; AD31  ; RESERVED_INPUT ;              ;
; AD32  ; RESERVED_INPUT ;              ;
; AE1   ; RESERVED_INPUT ;              ;
; AE2   ; RESERVED_INPUT ;              ;
; AE3   ; RESERVED_INPUT ;              ;
; AE4   ; B[4]           ; LVTTL        ;
; AE5   ; B[6]           ; LVTTL        ;
; AE6   ; B[7]           ; LVTTL        ;
; AE7   ; vsync          ; LVTTL        ;
; AE8   ; RESERVED_INPUT ;              ;
; AE9   ; RESERVED_INPUT ;              ;
; AE10  ; RESERVED_INPUT ;              ;
; AE11  ; RESERVED_INPUT ;              ;
; AE12  ; RESERVED_INPUT ;              ;
; AE13  ; RESERVED_INPUT ;              ;
; AE14  ; RESERVED_INPUT ;              ;
; AE15  ; RESERVED_INPUT ;              ;
; AE16  ; RESERVED_INPUT ;              ;
; AE17  ; RESERVED_INPUT ;              ;
; AE18  ; RESERVED_INPUT ;              ;
; AE19  ; RESERVED_INPUT ;              ;
; AE20  ; RESERVED_INPUT ;              ;
; AE21  ; RESERVED_INPUT ;              ;
; AE22  ; RESERVED_INPUT ;              ;
; AE23  ; RESERVED_INPUT ;              ;
; AE24  ; RESERVED_INPUT ;              ;
; AE25  ; RESERVED_INPUT ;              ;
; AE26  ; R[0]           ; LVTTL        ;
; AE27  ; B[2]           ; LVTTL        ;
; AE28  ; RESET_N        ; LVTTL        ;
; AE29  ; RESERVED_INPUT ;              ;
; AE30  ; R[1]           ; LVTTL        ;
; AE31  ; RESERVED_INPUT ;              ;
; AE32  ; RESERVED_INPUT ;              ;
; AF1   ; VCC_IO         ;              ;
; AF2   ; VCC_IO         ;              ;
; AF3   ; GND            ;              ;
; AF4   ; GND            ;              ;
; AF5   ; B[5]           ; LVTTL        ;
; AF6   ; hsync          ; LVTTL        ;
; AF7   ; DE             ; LVTTL        ;
; AF8   ; RESERVED_INPUT ;              ;
; AF9   ; RESERVED_INPUT ;              ;
; AF10  ; B[0]           ; LVTTL        ;
; AF11  ; RESERVED_INPUT ;              ;
; AF12  ; RESERVED_INPUT ;              ;
; AF13  ; RESERVED_INPUT ;              ;
; AF14  ; RESERVED_INPUT ;              ;
; AF15  ; RESERVED_INPUT ;              ;
; AF16  ; RESERVED_INPUT ;              ;
; AF17  ; RESERVED_INPUT ;              ;
; AF18  ; RESERVED_INPUT ;              ;
; AF19  ; RESERVED_INPUT ;              ;
; AF20  ; RESERVED_INPUT ;              ;
; AF21  ; RESERVED_INPUT ;              ;
; AF22  ; RESERVED_INPUT ;              ;
; AF23  ; RESERVED_INPUT ;              ;
; AF24  ; RESERVED_INPUT ;              ;
; AF25  ; RESERVED_INPUT ;              ;
; AF26  ; RESERVED_INPUT ;              ;
; AF27  ; RESERVED_INPUT ;              ;
; AF28  ; RESERVED_INPUT ;              ;
; AF29  ; GND            ;              ;
; AF30  ; GND            ;              ;
; AF31  ; VCC_IO         ;              ;
; AF32  ; VCC_IO         ;              ;
; AG1   ; VCC_INT        ;              ;
; AG2   ; VCC_INT        ;              ;
; AG3   ; GND            ;              ;
; AG4   ; GND            ;              ;
; AG5   ; RESERVED_INPUT ;              ;
; AG6   ; RESERVED_INPUT ;              ;
; AG7   ; RESERVED_INPUT ;              ;
; AG8   ; RESERVED_INPUT ;              ;
; AG9   ; RESERVED_INPUT ;              ;
; AG10  ; RESERVED_INPUT ;              ;
; AG11  ; RESERVED_INPUT ;              ;
; AG12  ; RESERVED_INPUT ;              ;
; AG13  ; RESERVED_INPUT ;              ;
; AG14  ; RESERVED_INPUT ;              ;
; AG15  ; RESERVED_INPUT ;              ;
; AG16  ; RESERVED_INPUT ;              ;
; AG17  ; RESERVED_INPUT ;              ;
; AG18  ; RESERVED_INPUT ;              ;
; AG19  ; RESERVED_INPUT ;              ;
; AG20  ; RESERVED_INPUT ;              ;
; AG21  ; RESERVED_INPUT ;              ;
; AG22  ; RESERVED_INPUT ;              ;
; AG23  ; RESERVED_INPUT ;              ;
; AG24  ; RESERVED_INPUT ;              ;
; AG25  ; RESERVED_INPUT ;              ;
; AG26  ; RESERVED_INPUT ;              ;
; AG27  ; RESERVED_INPUT ;              ;
; AG28  ; RESERVED_INPUT ;              ;
; AG29  ; GND            ;              ;
; AG30  ; GND            ;              ;
; AG31  ; VCC_INT        ;              ;
; AG32  ; VCC_INT        ;              ;
; AH1   ; RESERVED_INPUT ;              ;
; AH2   ; RESERVED_INPUT ;              ;
; AH3   ; GND*           ;              ;
; AH4   ; clk_test       ; LVTTL        ;
; AH5   ; RESERVED_INPUT ;              ;
; AH6   ; RESERVED_INPUT ;              ;
; AH7   ; hsync_test     ; LVTTL        ;
; AH8   ; RESERVED_INPUT ;              ;
; AH9   ; RESERVED_INPUT ;              ;
; AH10  ; RESERVED_INPUT ;              ;
; AH11  ; RESERVED_INPUT ;              ;
; AH12  ; RESERVED_INPUT ;              ;
; AH13  ; RESERVED_INPUT ;              ;
; AH14  ; RESERVED_INPUT ;              ;
; AH15  ; RESERVED_INPUT ;              ;
; AH16  ; RESERVED_INPUT ;              ;
; AH17  ; RESERVED_INPUT ;              ;
; AH18  ; RESERVED_INPUT ;              ;
; AH19  ; RESERVED_INPUT ;              ;
; AH20  ; RESERVED_INPUT ;              ;
; AH21  ; RESERVED_INPUT ;              ;
; AH22  ; RESERVED_INPUT ;              ;
; AH23  ; RESERVED_INPUT ;              ;
; AH24  ; RESERVED_INPUT ;              ;
; AH25  ; RESERVED_INPUT ;              ;
; AH26  ; RESERVED_INPUT ;              ;
; AH27  ; RESERVED_INPUT ;              ;
; AH28  ; RESERVED_INPUT ;              ;
; AH29  ; RESERVED_INPUT ;              ;
; AH30  ; RESERVED_INPUT ;              ;
; AH31  ; RESERVED_INPUT ;              ;
; AH32  ; R_test[2]      ; LVTTL        ;
; AJ1   ; RESERVED_INPUT ;              ;
; AJ2   ; R[3]           ; LVTTL        ;
; AJ3   ; RESERVED_INPUT ;              ;
; AJ4   ; vga_clk        ; LVTTL        ;
; AJ5   ; RESERVED_INPUT ;              ;
; AJ6   ; GND            ;              ;
; AJ7   ; GND            ;              ;
; AJ8   ; RESERVED_INPUT ;              ;
; AJ9   ; RESERVED_INPUT ;              ;
; AJ10  ; RESERVED_INPUT ;              ;
; AJ11  ; GND            ;              ;
; AJ12  ; GND            ;              ;
; AJ13  ; RESERVED_INPUT ;              ;
; AJ14  ; RESERVED_INPUT ;              ;
; AJ15  ; RESERVED_INPUT ;              ;
; AJ16  ; RESERVED_INPUT ;              ;
; AJ17  ; RESERVED_INPUT ;              ;
; AJ18  ; RESERVED_INPUT ;              ;
; AJ19  ; RESERVED_INPUT ;              ;
; AJ20  ; RESERVED_INPUT ;              ;
; AJ21  ; GND            ;              ;
; AJ22  ; GND            ;              ;
; AJ23  ; RESERVED_INPUT ;              ;
; AJ24  ; RESERVED_INPUT ;              ;
; AJ25  ; RESERVED_INPUT ;              ;
; AJ26  ; GND            ;              ;
; AJ27  ; GND            ;              ;
; AJ28  ; RESERVED_INPUT ;              ;
; AJ29  ; RESERVED_INPUT ;              ;
; AJ30  ; RESERVED_INPUT ;              ;
; AJ31  ; RESERVED_INPUT ;              ;
; AJ32  ; RESERVED_INPUT ;              ;
; AK1   ; VCC_IO         ;              ;
; AK2   ; GND            ;              ;
; AK3   ; GND            ;              ;
; AK4   ; RESERVED_INPUT ;              ;
; AK5   ; RESERVED_INPUT ;              ;
; AK6   ; GND            ;              ;
; AK7   ; GND            ;              ;
; AK8   ; RESERVED_INPUT ;              ;
; AK9   ; RESERVED_INPUT ;              ;
; AK10  ; RESERVED_INPUT ;              ;
; AK11  ; GND            ;              ;
; AK12  ; GND            ;              ;
; AK13  ; RESERVED_INPUT ;              ;
; AK14  ; RESERVED_INPUT ;              ;
; AK15  ; RESERVED_INPUT ;              ;
; AK16  ; RESERVED_INPUT ;              ;
; AK17  ; RESERVED_INPUT ;              ;
; AK18  ; RESERVED_INPUT ;              ;
; AK19  ; RESERVED_INPUT ;              ;
; AK20  ; RESERVED_INPUT ;              ;
; AK21  ; GND            ;              ;
; AK22  ; GND            ;              ;
; AK23  ; RESERVED_INPUT ;              ;
; AK24  ; RESERVED_INPUT ;              ;
; AK25  ; RESERVED_INPUT ;              ;
; AK26  ; GND            ;              ;
; AK27  ; GND            ;              ;
; AK28  ; RESERVED_INPUT ;              ;
; AK29  ; RESERVED_INPUT ;              ;
; AK30  ; GND            ;              ;
; AK31  ; GND            ;              ;
; AK32  ; VCC_IO         ;              ;
; AL1   ; VCC_INT        ;              ;
; AL2   ; GND            ;              ;
; AL3   ; GND            ;              ;
; AL4   ; RESERVED_INPUT ;              ;
; AL5   ; RESERVED_INPUT ;              ;
; AL6   ; VCC_INT        ;              ;
; AL7   ; VCC_IO         ;              ;
; AL8   ; RESERVED_INPUT ;              ;
; AL9   ; RESERVED_INPUT ;              ;
; AL10  ; RESERVED_INPUT ;              ;
; AL11  ; VCC_INT        ;              ;
; AL12  ; VCC_IO         ;              ;
; AL13  ; RESERVED_INPUT ;              ;
; AL14  ; RESERVED_INPUT ;              ;
; AL15  ; RESERVED_INPUT ;              ;
; AL16  ; GND            ;              ;
; AL17  ; VCC_INT        ;              ;
; AL18  ; RESERVED_INPUT ;              ;
; AL19  ; RESERVED_INPUT ;              ;
; AL20  ; RESERVED_INPUT ;              ;
; AL21  ; VCC_IO         ;              ;
; AL22  ; VCC_INT        ;              ;
; AL23  ; RESERVED_INPUT ;              ;
; AL24  ; RESERVED_INPUT ;              ;
; AL25  ; RESERVED_INPUT ;              ;
; AL26  ; VCC_IO         ;              ;
; AL27  ; VCC_INT        ;              ;
; AL28  ; GND+           ;              ;
; AL29  ; RESERVED_INPUT ;              ;
; AL30  ; GND            ;              ;
; AL31  ; GND            ;              ;
; AL32  ; VCC_INT        ;              ;
; AM2   ; VCC_INT        ;              ;
; AM3   ; VCC_IO         ;              ;
; AM4   ; RESERVED_INPUT ;              ;
; AM5   ; RESERVED_INPUT ;              ;
; AM6   ; VCC_INT        ;              ;
; AM7   ; VCC_IO         ;              ;
; AM8   ; RESERVED_INPUT ;              ;
; AM9   ; RESERVED_INPUT ;              ;
; AM10  ; RESERVED_INPUT ;              ;
; AM11  ; VCC_INT        ;              ;
; AM12  ; VCC_IO         ;              ;
; AM13  ; ^CONF_DONE     ;              ;
; AM14  ; ^NSTATUS       ;              ;
; AM15  ; GND+           ;              ;
; AM16  ; GND            ;              ;
; AM17  ; VCC_INT        ;              ;
; AM18  ; GND+           ;              ;
; AM19  ; #TCK           ;              ;
; AM20  ; #TMS           ;              ;
; AM21  ; VCC_IO         ;              ;
; AM22  ; VCC_INT        ;              ;
; AM23  ; RESERVED_INPUT ;              ;
; AM24  ; RESERVED_INPUT ;              ;
; AM25  ; RESERVED_INPUT ;              ;
; AM26  ; VCC_IO         ;              ;
; AM27  ; VCC_INT        ;              ;
; AM28  ; RESERVED_INPUT ;              ;
; AM29  ; GND*           ;              ;
; AM30  ; VCC_IO         ;              ;
; AM31  ; VCC_INT        ;              ;
+-------+----------------+--------------+


+--------------------------------------------------------------------------------------------------------------------------------------------------+
; Control Signals                                                                                                                                  ;
+---------------------------------------------------------------------------------------------------------------------------------------------------
; Name                                                                         ; Pin #      ; Fan-Out ; Usage                       ; Global Usage ;
+------------------------------------------------------------------------------+------------+---------+-----------------------------+--------------+
; system_pll:inst6|altclklock:altclklock_component|outclock0                   ; PLL_3      ; 176     ; Clock                       ; Internal     ;
; system_pll:inst6|altclklock:altclklock_component|outclock1                   ; PLL_3      ; 173     ; Clock                       ; Internal     ;
; video_dma3:inst5|video_dma_controller:inst1|reset_line_counter               ; LC6_16_G1  ; 11      ; Sync. clear                 ; Non-global   ;
; video_dma3:inst5|video_dma_controller:inst1|control_state~23                 ; LC9_11_I1  ; 45      ; Sync. clear                 ; Non-global   ;
; video_dma3:inst5|video_dma_controller:inst1|incr_burst_beat_counter          ; LC5_12_I1  ; 48      ; Write enable                ; Non-global   ;
; video_dma3:inst5|video_dma_controller:inst1|start_transfer                   ; LC3_24_I1  ; 44      ; Sync. load / Clock enable   ; Non-global   ;
; video_dma3:inst5|vga_driver:inst5|hclock                                     ; LC5_1_U2   ; 88      ; Clock                       ; Internal     ;
; RESET_N                                                                      ; AE28       ; 359     ; Async. clear / Clock enable ; Non-global   ;
; video_dma3:inst5|vga_driver:inst5|i284                                       ; LC3_13_W3  ; 11      ; Async. clear                ; Internal     ;
; video_dma3:inst5|vga_driver:inst5|vblank_sig                                 ; LC5_18_P2  ; 11      ; Clock enable                ; Non-global   ;
; video_dma3:inst5|slave_interface:inst2|i223                                  ; LC10_21_A1 ; 32      ; Clock enable                ; Non-global   ;
; video_dma3:inst5|slave_interface:inst2|buffer_address_reg[0]~0               ; LC7_23_A1  ; 32      ; Clock enable                ; Non-global   ;
; video_dma3:inst5|slave_interface:inst2|control_reg[0]~0                      ; LC7_13_A1  ; 32      ; Clock enable                ; Non-global   ;
; video_dma3:inst5|slave_interface:inst2|image_dimensions_reg[20]~51           ; LC10_13_A1 ; 32      ; Clock enable                ; Non-global   ;
; video_dma3:inst5|video_dma_controller:inst1|i670                             ; LC7_10_M1  ; 10      ; Sync. clear                 ; Non-global   ;
; video_dma3:inst5|vga_driver:inst5|i444~273                                   ; LC5_1_V2   ; 32      ; Sync. clear                 ; Internal     ;
; video_dma3:inst5|vga_driver:inst5|i~13                                       ; LC2_18_P2  ; 10      ; Clock enable                ; Non-global   ;
; video_dma3:inst5|vga_driver:inst5|i~4                                        ; LC4_4_W2   ; 10      ; Sync. clear                 ; Non-global   ;
; video_dma3:inst5|vga_driver:inst5|i~1018                                     ; LC6_1_U2   ; 1       ; Clock enable                ; Non-global   ;
; sys_clk                                                                      ; W30        ; 1       ; Clock                       ; Non-global   ;
; stripe:inst|alt_exc_stripe:lpm_instance|alt_exc_upcore:core|core~SDRAMDQSOE  ; UPCORE     ; 4       ; Output enable               ; Non-global   ;
; stripe:inst|alt_exc_stripe:lpm_instance|alt_exc_upcore:core|core~EBIDQOE     ; UPCORE     ; 16      ; Output enable               ; Internal     ;
; stripe:inst|alt_exc_stripe:lpm_instance|alt_exc_upcore:core|core~UARTDCDRIOE ; UPCORE     ; 2       ; Output enable               ; Non-global   ;
; stripe:inst|alt_exc_stripe:lpm_instance|alt_exc_upcore:core|core~SDRAMDQOE0  ; UPCORE     ; 8       ; Output enable               ; Non-global   ;
; stripe:inst|alt_exc_stripe:lpm_instance|alt_exc_upcore:core|core~SDRAMDQOE1  ; UPCORE     ; 8       ; Output enable               ; Non-global   ;
; stripe:inst|alt_exc_stripe:lpm_instance|alt_exc_upcore:core|core~SDRAMDQOE2  ; UPCORE     ; 8       ; Output enable               ; Non-global   ;
; stripe:inst|alt_exc_stripe:lpm_instance|alt_exc_upcore:core|core~SDRAMDQOE3  ; UPCORE     ; 8       ; Output enable               ; Non-global   ;
+------------------------------------------------------------------------------+------------+---------+-----------------------------+--------------+


+---------------------------------------------------------------------------------------------------------+
; Global & Other Fast Signals                                                                             ;
+----------------------------------------------------------------------------------------------------------
; Name                                                                     ; Pin #     ; Fan-Out ; Global ;
+--------------------------------------------------------------------------+-----------+---------+--------+
; system_pll:inst6|altclklock:altclklock_component|outclock0               ; PLL_3     ; 176     ; yes    ;
; system_pll:inst6|altclklock:altclklock_component|outclock1               ; PLL_3     ; 173     ; yes    ;
; video_dma3:inst5|vga_driver:inst5|hclock                                 ; LC5_1_U2  ; 88      ; yes    ;
; video_dma3:inst5|vga_driver:inst5|i284                                   ; LC3_13_W3 ; 11      ; yes    ;
; video_dma3:inst5|vga_driver:inst5|i444~273                               ; LC5_1_V2  ; 32      ; yes    ;
; sys_clk                                                                  ; W30       ; 1       ; no     ;
; stripe:inst|alt_exc_stripe:lpm_instance|alt_exc_upcore:core|core~EBIDQOE ; UPCORE    ; 16      ; yes    ;
+--------------------------------------------------------------------------+-----------+---------+--------+


+---------------------------------------------+
; Carry Chains                                ;
+--------------------+------------------------+
; Carry Chain Length ; Number of Carry Chains ;
+--------------------+------------------------+
; 0 - 2              ; 0                      ;
; 3 - 5              ; 0                      ;
; 6 - 8              ; 2                      ;
; 9 - 11             ; 12                     ;
; 12 - 14            ; 0                      ;
; 15 - 17            ; 1                      ;
; 18 - 20            ; 0                      ;
; 21 - 23            ; 0                      ;
; 24 - 26            ; 0                      ;
; 27 - 29            ; 0                      ;
; 30 - 32            ; 2                      ;
+--------------------+------------------------+


+----------------+
; Cascade Chains ;
+-----------------
; Length ; Count ;
+--------+-------+
; 2      ; 40    ;
+--------+-------+


+------------------------------------------------------------------------------------------------------------------+
; Embedded Cells                                                                                                   ;
+-------------------------------------------------------------------------------------------------------------------
; Cell #    ; Name                                                                                  ; Mode ; Turbo ;
+-----------+---------------------------------------------------------------------------------------+------+-------+
; EC1_1_D1  ; video_dma3:inst5|line_buffer:inst|lpm_ram_dp:lpm_ram_dp_component|altdpram:sram|q[20] ; RAM  ; On    ;
; EC4_1_D1  ; video_dma3:inst5|line_buffer:inst|lpm_ram_dp:lpm_ram_dp_component|altdpram:sram|q[4]  ; RAM  ; On    ;
; EC2_1_D1  ; video_dma3:inst5|line_buffer:inst|lpm_ram_dp:lpm_ram_dp_component|altdpram:sram|q[19] ; RAM  ; On    ;
; EC3_1_D1  ; video_dma3:inst5|line_buffer:inst|lpm_ram_dp:lpm_ram_dp_component|altdpram:sram|q[3]  ; RAM  ; On    ;
; EC1_1_AA1 ; video_dma3:inst5|line_buffer:inst|lpm_ram_dp:lpm_ram_dp_component|altdpram:sram|q[21] ; RAM  ; On    ;
; EC4_1_AA1 ; video_dma3:inst5|line_buffer:inst|lpm_ram_dp:lpm_ram_dp_component|altdpram:sram|q[5]  ; RAM  ; On    ;
; EC2_1_AA1 ; video_dma3:inst5|line_buffer:inst|lpm_ram_dp:lpm_ram_dp_component|altdpram:sram|q[31] ; RAM  ; On    ;
; EC3_1_AA1 ; video_dma3:inst5|line_buffer:inst|lpm_ram_dp:lpm_ram_dp_component|altdpram:sram|q[15] ; RAM  ; On    ;
; EC4_1_L1  ; video_dma3:inst5|line_buffer:inst|lpm_ram_dp:lpm_ram_dp_component|altdpram:sram|q[9]  ; RAM  ; On    ;
; EC3_1_L1  ; video_dma3:inst5|line_buffer:inst|lpm_ram_dp:lpm_ram_dp_component|altdpram:sram|q[23] ; RAM  ; On    ;
; EC1_1_L1  ; video_dma3:inst5|line_buffer:inst|lpm_ram_dp:lpm_ram_dp_component|altdpram:sram|q[22] ; RAM  ; On    ;
; EC2_1_L1  ; video_dma3:inst5|line_buffer:inst|lpm_ram_dp:lpm_ram_dp_component|altdpram:sram|q[6]  ; RAM  ; On    ;
; EC3_1_V1  ; video_dma3:inst5|line_buffer:inst|lpm_ram_dp:lpm_ram_dp_component|altdpram:sram|q[0]  ; RAM  ; On    ;
; EC1_1_V1  ; video_dma3:inst5|line_buffer:inst|lpm_ram_dp:lpm_ram_dp_component|altdpram:sram|q[26] ; RAM  ; On    ;
; EC2_1_V1  ; video_dma3:inst5|line_buffer:inst|lpm_ram_dp:lpm_ram_dp_component|altdpram:sram|q[10] ; RAM  ; On    ;
; EC4_1_V1  ; video_dma3:inst5|line_buffer:inst|lpm_ram_dp:lpm_ram_dp_component|altdpram:sram|q[8]  ; RAM  ; On    ;
; EC1_1_N1  ; video_dma3:inst5|line_buffer:inst|lpm_ram_dp:lpm_ram_dp_component|altdpram:sram|q[17] ; RAM  ; On    ;
; EC4_1_N1  ; video_dma3:inst5|line_buffer:inst|lpm_ram_dp:lpm_ram_dp_component|altdpram:sram|q[1]  ; RAM  ; On    ;
; EC2_1_N1  ; video_dma3:inst5|line_buffer:inst|lpm_ram_dp:lpm_ram_dp_component|altdpram:sram|q[25] ; RAM  ; On    ;
; EC3_1_N1  ; video_dma3:inst5|line_buffer:inst|lpm_ram_dp:lpm_ram_dp_component|altdpram:sram|q[30] ; RAM  ; On    ;
; EC2_1_AI1 ; video_dma3:inst5|line_buffer:inst|lpm_ram_dp:lpm_ram_dp_component|altdpram:sram|q[18] ; RAM  ; On    ;
; EC4_1_AI1 ; video_dma3:inst5|line_buffer:inst|lpm_ram_dp:lpm_ram_dp_component|altdpram:sram|q[2]  ; RAM  ; On    ;
; EC1_1_AI1 ; video_dma3:inst5|line_buffer:inst|lpm_ram_dp:lpm_ram_dp_component|altdpram:sram|q[16] ; RAM  ; On    ;
; EC3_1_AI1 ; video_dma3:inst5|line_buffer:inst|lpm_ram_dp:lpm_ram_dp_component|altdpram:sram|q[24] ; RAM  ; On    ;
; EC2_1_W1  ; video_dma3:inst5|line_buffer:inst|lpm_ram_dp:lpm_ram_dp_component|altdpram:sram|q[28] ; RAM  ; On    ;
; EC4_1_W1  ; video_dma3:inst5|line_buffer:inst|lpm_ram_dp:lpm_ram_dp_component|altdpram:sram|q[12] ; RAM  ; On    ;
; EC1_1_W1  ; video_dma3:inst5|line_buffer:inst|lpm_ram_dp:lpm_ram_dp_component|altdpram:sram|q[27] ; RAM  ; On    ;
; EC3_1_W1  ; video_dma3:inst5|line_buffer:inst|lpm_ram_dp:lpm_ram_dp_component|altdpram:sram|q[11] ; RAM  ; On    ;
; EC1_1_M1  ; video_dma3:inst5|line_buffer:inst|lpm_ram_dp:lpm_ram_dp_component|altdpram:sram|q[7]  ; RAM  ; On    ;
; EC3_1_M1  ; video_dma3:inst5|line_buffer:inst|lpm_ram_dp:lpm_ram_dp_component|altdpram:sram|q[14] ; RAM  ; On    ;
; EC4_1_M1  ; video_dma3:inst5|line_buffer:inst|lpm_ram_dp:lpm_ram_dp_component|altdpram:sram|q[29] ; RAM  ; On    ;
; EC2_1_M1  ; video_dma3:inst5|line_buffer:inst|lpm_ram_dp:lpm_ram_dp_component|altdpram:sram|q[13] ; RAM  ; On    ;
+-----------+---------------------------------------------------------------------------------------+------+-------+


+----------------------------------------------------------------------------------------------------------------------------------------------+
; Non-Global High Fan-Out Signals                                                                                                              ;
+-----------------------------------------------------------------------------------------------------------------------------------------------
; Name                                                                                                                               ; Fan-Out ;
+------------------------------------------------------------------------------------------------------------------------------------+---------+
; RESET_N                                                                                                                            ; 359     ;
; video_dma3:inst5|video_dma_controller:inst1|dma_vblank                                                                             ; 66      ;
; stripe:inst|alt_exc_stripe:lpm_instance|alt_exc_upcore:core|MASTERHADDR[2]                                                         ; 50      ;
; stripe:inst|alt_exc_stripe:lpm_instance|alt_exc_upcore:core|MASTERHADDR[3]                                                         ; 50      ;
; video_dma3:inst5|video_dma_controller:inst1|incr_burst_beat_counter                                                                ; 48      ;
; video_dma3:inst5|video_dma_controller:inst1|control_state~23                                                                       ; 45      ;
; video_dma3:inst5|video_dma_controller:inst1|start_transfer                                                                         ; 44      ;
; video_dma3:inst5|video_dma_controller:inst1|masterhbusreq_sig                                                                      ; 35      ;
; stripe:inst|alt_exc_stripe:lpm_instance|alt_exc_upcore:core|MASTERHADDR[4]                                                         ; 34      ;
; video_dma3:inst5|vga_driver:inst5|lpm_counter:video_address_sig_rtl_4|alt_synch_counter:wysi_counter|sload_path[7]                 ; 34      ;
; video_dma3:inst5|vga_driver:inst5|lpm_counter:video_address_sig_rtl_4|alt_synch_counter:wysi_counter|sload_path[3]                 ; 34      ;
; video_dma3:inst5|vga_driver:inst5|lpm_counter:video_address_sig_rtl_4|alt_synch_counter:wysi_counter|sload_path[1]                 ; 34      ;
; video_dma3:inst5|vga_driver:inst5|lpm_counter:video_address_sig_rtl_4|alt_synch_counter:wysi_counter|sload_path[2]                 ; 34      ;
; video_dma3:inst5|vga_driver:inst5|lpm_counter:video_address_sig_rtl_4|alt_synch_counter:wysi_counter|sload_path[6]                 ; 34      ;
; video_dma3:inst5|vga_driver:inst5|lpm_counter:video_address_sig_rtl_4|alt_synch_counter:wysi_counter|sload_path[5]                 ; 34      ;
; video_dma3:inst5|vga_driver:inst5|lpm_counter:video_address_sig_rtl_4|alt_synch_counter:wysi_counter|sload_path[4]                 ; 34      ;
; video_dma3:inst5|vga_driver:inst5|lpm_counter:video_address_sig_rtl_4|alt_synch_counter:wysi_counter|sload_path[9]                 ; 34      ;
; video_dma3:inst5|vga_driver:inst5|lpm_counter:video_address_sig_rtl_4|alt_synch_counter:wysi_counter|sload_path[8]                 ; 34      ;
; video_dma3:inst5|video_dma_controller:inst1|lpm_counter:rx_buffer_wraddress_sig_rtl_5|alt_synch_counter:wysi_counter|sload_path[8] ; 34      ;
; video_dma3:inst5|video_dma_controller:inst1|lpm_counter:rx_buffer_wraddress_sig_rtl_5|alt_synch_counter:wysi_counter|sload_path[7] ; 34      ;
; video_dma3:inst5|video_dma_controller:inst1|lpm_counter:rx_buffer_wraddress_sig_rtl_5|alt_synch_counter:wysi_counter|sload_path[1] ; 34      ;
; video_dma3:inst5|video_dma_controller:inst1|lpm_counter:rx_buffer_wraddress_sig_rtl_5|alt_synch_counter:wysi_counter|sload_path[6] ; 34      ;
; video_dma3:inst5|video_dma_controller:inst1|lpm_counter:rx_buffer_wraddress_sig_rtl_5|alt_synch_counter:wysi_counter|sload_path[5] ; 34      ;
; video_dma3:inst5|video_dma_controller:inst1|lpm_counter:rx_buffer_wraddress_sig_rtl_5|alt_synch_counter:wysi_counter|sload_path[3] ; 34      ;
; video_dma3:inst5|video_dma_controller:inst1|lpm_counter:rx_buffer_wraddress_sig_rtl_5|alt_synch_counter:wysi_counter|sload_path[2] ; 34      ;
; video_dma3:inst5|video_dma_controller:inst1|lpm_counter:rx_buffer_wraddress_sig_rtl_5|alt_synch_counter:wysi_counter|sload_path[4] ; 34      ;
; response_and_data_mux:inst3|hsel_slave_iface_delay                                                                                 ; 33      ;
; video_dma3:inst5|video_dma_controller:inst1|lpm_counter:rx_buffer_wraddress_sig_rtl_5|alt_synch_counter:wysi_counter|sload_path[0] ; 33      ;
; video_dma3:inst5|video_dma_controller:inst1|i326~106                                                                               ; 32      ;
; video_dma3:inst5|slave_interface:inst2|buffer_address_reg[0]~0                                                                     ; 32      ;
; video_dma3:inst5|slave_interface:inst2|control_reg[0]~0                                                                            ; 32      ;
; video_dma3:inst5|slave_interface:inst2|image_dimensions_reg[20]~51                                                                 ; 32      ;
; video_dma3:inst5|slave_interface:inst2|i223                                                                                        ; 32      ;
; video_dma3:inst5|video_dma_controller:inst1|incr_masterhaddr_sig~63                                                                ; 30      ;
; video_dma3:inst5|vga_driver:inst5|lpm_counter:video_address_sig_rtl_4|alt_synch_counter:wysi_counter|sload_path[0]                 ; 17      ;
; video_dma3:inst5|vga_driver:inst5|i517                                                                                             ; 16      ;
; video_dma3:inst5|vga_driver:inst5|vblank_sig                                                                                       ; 11      ;
; video_dma3:inst5|video_dma_controller:inst1|reset_line_counter                                                                     ; 11      ;
; video_dma3:inst5|vga_driver:inst5|i~4                                                                                              ; 10      ;
; video_dma3:inst5|vga_driver:inst5|i~13                                                                                             ; 10      ;
; video_dma3:inst5|video_dma_controller:inst1|i670                                                                                   ; 10      ;
; video_dma3:inst5|vga_driver:inst5|lpm_counter:line_counter_rtl_3|alt_synch_counter:wysi_counter|sload_path[7]                      ; 9       ;
; video_dma3:inst5|vga_driver:inst5|lpm_counter:line_counter_rtl_3|alt_synch_counter:wysi_counter|sload_path[8]                      ; 9       ;
; stripe:inst|alt_exc_stripe:lpm_instance|alt_exc_upcore:core|SLAVEHREADYO                                                           ; 8       ;
; video_dma3:inst5|vga_driver:inst5|lpm_counter:pixel_counter_rtl_0|alt_synch_counter:wysi_counter|sload_path[1]                     ; 8       ;
; video_dma3:inst5|vga_driver:inst5|lpm_counter:line_counter_rtl_3|alt_synch_counter:wysi_counter|sload_path[9]                      ; 8       ;
; video_dma3:inst5|vga_driver:inst5|R[2]~reg0                                                                                        ; 8       ;
; video_dma3:inst5|vga_driver:inst5|lpm_counter:line_counter_rtl_3|alt_synch_counter:wysi_counter|sload_path[6]                      ; 8       ;
; video_dma3:inst5|slave_interface:inst2|control_reg[0]                                                                              ; 8       ;
; stripe:inst|alt_exc_stripe:lpm_instance|alt_exc_upcore:core|core~SDRAMDQOE0                                                        ; 8       ;
+------------------------------------------------------------------------------------------------------------------------------------+---------+


+--------------------------------------------------+
; Local Routing Interconnect                       ;
+-----------------------------+--------------------+
; Local Routing Interconnects ; Number of MegaLABs ;
+-----------------------------+--------------------+
; 0 - 13                      ; 153                ;
; 14 - 27                     ; 1                  ;
; 28 - 41                     ; 2                  ;
; 42 - 55                     ; 0                  ;
; 56 - 69                     ; 2                  ;
; 70 - 83                     ; 0                  ;
; 84 - 97                     ; 1                  ;
; 98 - 111                    ; 0                  ;
; 112 - 125                   ; 0                  ;
; 126 - 139                   ; 1                  ;
+-----------------------------+--------------------+


+--------------------------------------------+
; MegaLAB Interconnect                       ;
+-----------------------+--------------------+
; MegaLAB Interconnects ; Number of MegaLABs ;
+-----------------------+--------------------+
; 0 - 20                ; 147                ;
; 21 - 41               ; 8                  ;
; 42 - 62               ; 3                  ;
; 63 - 83               ; 1                  ;
; 84 - 104              ; 0                  ;
; 105 - 125             ; 0                  ;
; 126 - 146             ; 0                  ;
; 147 - 167             ; 0                  ;
; 168 - 188             ; 0                  ;
; 189 - 209             ; 1                  ;
+-----------------------+--------------------+


+----------------------------------------------+
; LAB External Interconnect                    ;
+----------------------------+-----------------+
; LAB External Interconnects ; Number MegaLABs ;
+----------------------------+-----------------+
; 0 - 34                     ; 153             ;
; 35 - 69                    ; 3               ;
; 70 - 104                   ; 1               ;
; 105 - 139                  ; 0               ;
; 140 - 174                  ; 2               ;
; 175 - 209                  ; 0               ;
; 210 - 244                  ; 0               ;
; 245 - 279                  ; 0               ;
; 280 - 314                  ; 0               ;
; 315 - 349                  ; 1               ;
+----------------------------+-----------------+


+-----------------------------------------------------------------------------------------------------------------------------------------------------------------------------------------------------------------------------------------------------------------------------------------------------+
; MegaLAB Usage Summary                                                                                                                                                                                                                                                                               ;
+------------------------------------------------------------------------------------------------------------------------------------------------------------------------------------------------------------------------------------------------------------------------------------------------------
; MegaLAB Name ; Total Cells         ; MegaLAB Interconnect ; Column Fast Interconnect Driving In ; Column Fast Interconnect Driving Out ; Row Fast Interconnect Driving In ; Row Fast Interconnect Driving Out ; Fan-In ; Fan-Out ; Local Interconnect ; LAB External Interconnect ; Control Signals ;
+--------------+---------------------+----------------------+-------------------------------------+--------------------------------------+----------------------------------+-----------------------------------+--------+---------+--------------------+---------------------------+-----------------+
;  A1          ;  212 / 240 ( 88 % ) ; 208                  ; 109                                 ; 27                                   ; 4                                ; 34                                ; 47     ; 191     ; 137                ; 344                       ; 8               ;
;  A2          ;  1 / 240 ( < 1 % )  ; 38                   ; 1                                   ; 0                                    ; 36                               ; 1                                 ; 0      ; 5       ; 1                  ; 38                        ; 0               ;
;  A3          ;  0 / 240 ( 0 % )    ; 1                    ; 0                                   ; 0                                    ; 1                                ; 0                                 ; 0      ; 0       ; 0                  ; 1                         ; 0               ;
;  A4          ;  0 / 240 ( 0 % )    ; 0                    ; 0                                   ; 0                                    ; 0                                ; 0                                 ; 0      ; 0       ; 0                  ; 0                         ; 0               ;
;  B1          ;  0 / 240 ( 0 % )    ; 0                    ; 0                                   ; 0                                    ; 0                                ; 0                                 ; 0      ; 0       ; 0                  ; 0                         ; 0               ;
;  B2          ;  0 / 240 ( 0 % )    ; 0                    ; 0                                   ; 0                                    ; 0                                ; 0                                 ; 0      ; 0       ; 0                  ; 0                         ; 0               ;
;  B3          ;  0 / 240 ( 0 % )    ; 0                    ; 0                                   ; 0                                    ; 0                                ; 0                                 ; 0      ; 0       ; 0                  ; 0                         ; 0               ;
;  B4          ;  0 / 240 ( 0 % )    ; 0                    ; 0                                   ; 0                                    ; 0                                ; 0                                 ; 0      ; 0       ; 0                  ; 0                         ; 0               ;
;  C1          ;  0 / 240 ( 0 % )    ; 0                    ; 0                                   ; 0                                    ; 0                                ; 0                                 ; 0      ; 0       ; 0                  ; 0                         ; 0               ;
;  C2          ;  0 / 240 ( 0 % )    ; 0                    ; 0                                   ; 0                                    ; 0                                ; 0                                 ; 0      ; 0       ; 0                  ; 0                         ; 0               ;
;  C3          ;  0 / 240 ( 0 % )    ; 0                    ; 0                                   ; 0                                    ; 0                                ; 0                                 ; 0      ; 0       ; 0                  ; 0                         ; 0               ;
;  C4          ;  0 / 240 ( 0 % )    ; 0                    ; 0                                   ; 0                                    ; 0                                ; 0                                 ; 0      ; 0       ; 0                  ; 0                         ; 0               ;
;  D1          ;  6 / 240 ( 2 % )    ; 30                   ; 21                                  ; 2                                    ; 5                                ; 0                                 ; 28     ; 2       ; 0                  ; 13                        ; 6               ;
;  D2          ;  4 / 240 ( 1 % )    ; 5                    ; 4                                   ; 0                                    ; 1                                ; 4                                 ; 3      ; 4       ; 0                  ; 7                         ; 2               ;
;  D3          ;  0 / 240 ( 0 % )    ; 0                    ; 0                                   ; 0                                    ; 0                                ; 0                                 ; 0      ; 0       ; 0                  ; 0                         ; 0               ;
;  D4          ;  0 / 240 ( 0 % )    ; 0                    ; 0                                   ; 0                                    ; 0                                ; 0                                 ; 0      ; 0       ; 0                  ; 0                         ; 0               ;
;  E1          ;  0 / 240 ( 0 % )    ; 0                    ; 0                                   ; 0                                    ; 0                                ; 0                                 ; 0      ; 0       ; 0                  ; 0                         ; 0               ;
;  E2          ;  0 / 240 ( 0 % )    ; 0                    ; 0                                   ; 0                                    ; 0                                ; 0                                 ; 0      ; 0       ; 0                  ; 0                         ; 0               ;
;  E3          ;  0 / 240 ( 0 % )    ; 0                    ; 0                                   ; 0                                    ; 0                                ; 0                                 ; 0      ; 0       ; 0                  ; 0                         ; 0               ;
;  E4          ;  0 / 240 ( 0 % )    ; 0                    ; 0                                   ; 0                                    ; 0                                ; 0                                 ; 0      ; 0       ; 0                  ; 0                         ; 0               ;
;  F1          ;  0 / 240 ( 0 % )    ; 0                    ; 0                                   ; 0                                    ; 0                                ; 0                                 ; 0      ; 0       ; 0                  ; 0                         ; 0               ;
;  F2          ;  0 / 240 ( 0 % )    ; 0                    ; 0                                   ; 0                                    ; 0                                ; 0                                 ; 0      ; 0       ; 0                  ; 0                         ; 0               ;
;  F3          ;  0 / 240 ( 0 % )    ; 0                    ; 0                                   ; 0                                    ; 0                                ; 0                                 ; 0      ; 0       ; 0                  ; 0                         ; 0               ;
;  F4          ;  0 / 240 ( 0 % )    ; 0                    ; 0                                   ; 0                                    ; 0                                ; 0                                 ; 0      ; 0       ; 0                  ; 0                         ; 0               ;
;  G1          ;  120 / 240 ( 50 % ) ; 66                   ; 41                                  ; 28                                   ; 1                                ; 0                                 ; 30     ; 28      ; 85                 ; 161                       ; 8               ;
;  G2          ;  0 / 240 ( 0 % )    ; 0                    ; 0                                   ; 0                                    ; 0                                ; 0                                 ; 0      ; 0       ; 0                  ; 0                         ; 0               ;
;  G3          ;  0 / 240 ( 0 % )    ; 0                    ; 0                                   ; 0                                    ; 0                                ; 0                                 ; 0      ; 0       ; 0                  ; 0                         ; 0               ;
;  G4          ;  0 / 240 ( 0 % )    ; 0                    ; 0                                   ; 0                                    ; 0                                ; 0                                 ; 0      ; 0       ; 0                  ; 0                         ; 0               ;
;  H1          ;  0 / 240 ( 0 % )    ; 0                    ; 0                                   ; 0                                    ; 0                                ; 0                                 ; 0      ; 0       ; 0                  ; 0                         ; 0               ;
;  H2          ;  0 / 240 ( 0 % )    ; 0                    ; 0                                   ; 0                                    ; 0                                ; 0                                 ; 0      ; 0       ; 0                  ; 0                         ; 0               ;
;  H3          ;  0 / 240 ( 0 % )    ; 0                    ; 0                                   ; 0                                    ; 0                                ; 0                                 ; 0      ; 0       ; 0                  ; 0                         ; 0               ;
;  H4          ;  0 / 240 ( 0 % )    ; 0                    ; 0                                   ; 0                                    ; 0                                ; 0                                 ; 0      ; 0       ; 0                  ; 0                         ; 0               ;
;  I1          ;  96 / 240 ( 40 % )  ; 59                   ; 33                                  ; 24                                   ; 3                                ; 0                                 ; 26     ; 239     ; 65                 ; 141                       ; 8               ;
;  I2          ;  0 / 240 ( 0 % )    ; 0                    ; 0                                   ; 0                                    ; 0                                ; 0                                 ; 0      ; 0       ; 0                  ; 0                         ; 0               ;
;  I3          ;  0 / 240 ( 0 % )    ; 0                    ; 0                                   ; 0                                    ; 0                                ; 0                                 ; 0      ; 0       ; 0                  ; 0                         ; 0               ;
;  I4          ;  0 / 240 ( 0 % )    ; 0                    ; 0                                   ; 0                                    ; 0                                ; 0                                 ; 0      ; 0       ; 0                  ; 0                         ; 0               ;
;  J1          ;  0 / 240 ( 0 % )    ; 0                    ; 0                                   ; 0                                    ; 0                                ; 0                                 ; 0      ; 0       ; 0                  ; 0                         ; 0               ;
;  J2          ;  0 / 240 ( 0 % )    ; 0                    ; 0                                   ; 0                                    ; 0                                ; 0                                 ; 0      ; 0       ; 0                  ; 0                         ; 0               ;
;  J3          ;  0 / 240 ( 0 % )    ; 0                    ; 0                                   ; 0                                    ; 0                                ; 0                                 ; 0      ; 0       ; 0                  ; 0                         ; 0               ;
;  J4          ;  0 / 240 ( 0 % )    ; 0                    ; 0                                   ; 0                                    ; 0                                ; 0                                 ; 0      ; 0       ; 0                  ; 0                         ; 0               ;
;  K1          ;  0 / 240 ( 0 % )    ; 0                    ; 0                                   ; 0                                    ; 0                                ; 0                                 ; 0      ; 0       ; 0                  ; 0                         ; 0               ;
;  K2          ;  0 / 240 ( 0 % )    ; 0                    ; 0                                   ; 0                                    ; 0                                ; 0                                 ; 0      ; 0       ; 0                  ; 0                         ; 0               ;
;  K3          ;  0 / 240 ( 0 % )    ; 0                    ; 0                                   ; 0                                    ; 0                                ; 0                                 ; 0      ; 0       ; 0                  ; 0                         ; 0               ;
;  K4          ;  0 / 240 ( 0 % )    ; 0                    ; 0                                   ; 0                                    ; 0                                ; 0                                 ; 0      ; 0       ; 0                  ; 0                         ; 0               ;
;  L1          ;  5 / 240 ( 2 % )    ; 26                   ; 21                                  ; 1                                    ; 5                                ; 0                                 ; 28     ; 3       ; 2                  ; 11                        ; 6               ;
;  L2          ;  4 / 240 ( 1 % )    ; 5                    ; 4                                   ; 0                                    ; 1                                ; 4                                 ; 3      ; 4       ; 0                  ; 7                         ; 2               ;
;  L3          ;  0 / 240 ( 0 % )    ; 0                    ; 0                                   ; 0                                    ; 0                                ; 0                                 ; 0      ; 0       ; 0                  ; 0                         ; 0               ;
;  L4          ;  0 / 240 ( 0 % )    ; 0                    ; 0                                   ; 0                                    ; 0                                ; 0                                 ; 0      ; 0       ; 0                  ; 0                         ; 0               ;
;  M1          ;  58 / 240 ( 24 % )  ; 62                   ; 34                                  ; 25                                   ; 5                                ; 0                                 ; 26     ; 275     ; 37                 ; 66                        ; 9               ;
;  M2          ;  4 / 240 ( 1 % )    ; 5                    ; 4                                   ; 0                                    ; 1                                ; 4                                 ; 3      ; 4       ; 0                  ; 7                         ; 2               ;
;  M3          ;  0 / 240 ( 0 % )    ; 0                    ; 0                                   ; 0                                    ; 0                                ; 0                                 ; 0      ; 0       ; 0                  ; 0                         ; 0               ;
;  M4          ;  0 / 240 ( 0 % )    ; 0                    ; 0                                   ; 0                                    ; 0                                ; 0                                 ; 0      ; 0       ; 0                  ; 0                         ; 0               ;
;  N1          ;  7 / 240 ( 2 % )    ; 32                   ; 22                                  ; 3                                    ; 5                                ; 0                                 ; 30     ; 3       ; 0                  ; 16                        ; 6               ;
;  N2          ;  4 / 240 ( 1 % )    ; 5                    ; 4                                   ; 0                                    ; 1                                ; 4                                 ; 3      ; 4       ; 0                  ; 6                         ; 2               ;
;  N3          ;  0 / 240 ( 0 % )    ; 0                    ; 0                                   ; 0                                    ; 0                                ; 0                                 ; 0      ; 0       ; 0                  ; 0                         ; 0               ;
;  N4          ;  0 / 240 ( 0 % )    ; 0                    ; 0                                   ; 0                                    ; 0                                ; 0                                 ; 0      ; 0       ; 0                  ; 0                         ; 0               ;
;  O1          ;  0 / 240 ( 0 % )    ; 0                    ; 0                                   ; 0                                    ; 0                                ; 0                                 ; 0      ; 0       ; 0                  ; 0                         ; 0               ;
;  O2          ;  0 / 240 ( 0 % )    ; 0                    ; 0                                   ; 0                                    ; 0                                ; 0                                 ; 0      ; 0       ; 0                  ; 0                         ; 0               ;
;  O3          ;  0 / 240 ( 0 % )    ; 0                    ; 0                                   ; 0                                    ; 0                                ; 0                                 ; 0      ; 0       ; 0                  ; 0                         ; 0               ;
;  O4          ;  0 / 240 ( 0 % )    ; 0                    ; 0                                   ; 0                                    ; 0                                ; 0                                 ; 0      ; 0       ; 0                  ; 0                         ; 0               ;
;  P1          ;  5 / 240 ( 2 % )    ; 7                    ; 6                                   ; 5                                    ; 1                                ; 5                                 ; 4      ; 15      ; 0                  ; 13                        ; 3               ;
;  P2          ;  111 / 240 ( 46 % ) ; 44                   ; 7                                   ; 5                                    ; 11                               ; 0                                 ; 20     ; 9       ; 65                 ; 95                        ; 5               ;
;  P3          ;  0 / 240 ( 0 % )    ; 0                    ; 0                                   ; 0                                    ; 0                                ; 0                                 ; 0      ; 0       ; 0                  ; 0                         ; 0               ;
;  P4          ;  0 / 240 ( 0 % )    ; 0                    ; 0                                   ; 0                                    ; 0                                ; 0                                 ; 0      ; 0       ; 0                  ; 0                         ; 0               ;
;  Q1          ;  0 / 240 ( 0 % )    ; 0                    ; 0                                   ; 0                                    ; 0                                ; 0                                 ; 0      ; 0       ; 0                  ; 0                         ; 0               ;
;  Q2          ;  0 / 240 ( 0 % )    ; 0                    ; 0                                   ; 0                                    ; 0                                ; 0                                 ; 0      ; 0       ; 0                  ; 0                         ; 0               ;
;  Q3          ;  0 / 240 ( 0 % )    ; 0                    ; 0                                   ; 0                                    ; 0                                ; 0                                 ; 0      ; 0       ; 0                  ; 0                         ; 0               ;
;  Q4          ;  0 / 240 ( 0 % )    ; 0                    ; 0                                   ; 0                                    ; 0                                ; 0                                 ; 0      ; 0       ; 0                  ; 0                         ; 0               ;
;  R1          ;  0 / 240 ( 0 % )    ; 0                    ; 0                                   ; 0                                    ; 0                                ; 0                                 ; 0      ; 0       ; 0                  ; 0                         ; 0               ;
;  R2          ;  0 / 240 ( 0 % )    ; 0                    ; 0                                   ; 0                                    ; 0                                ; 0                                 ; 0      ; 0       ; 0                  ; 0                         ; 0               ;
;  R3          ;  0 / 240 ( 0 % )    ; 0                    ; 0                                   ; 0                                    ; 0                                ; 0                                 ; 0      ; 0       ; 0                  ; 0                         ; 0               ;
;  R4          ;  0 / 240 ( 0 % )    ; 0                    ; 0                                   ; 0                                    ; 0                                ; 0                                 ; 0      ; 0       ; 0                  ; 0                         ; 0               ;
;  S1          ;  0 / 240 ( 0 % )    ; 0                    ; 0                                   ; 0                                    ; 0                                ; 0                                 ; 0      ; 0       ; 0                  ; 0                         ; 0               ;
;  S2          ;  0 / 240 ( 0 % )    ; 0                    ; 0                                   ; 0                                    ; 0                                ; 0                                 ; 0      ; 0       ; 0                  ; 0                         ; 0               ;
;  S3          ;  0 / 240 ( 0 % )    ; 0                    ; 0                                   ; 0                                    ; 0                                ; 0                                 ; 0      ; 0       ; 0                  ; 0                         ; 0               ;
;  S4          ;  0 / 240 ( 0 % )    ; 0                    ; 0                                   ; 0                                    ; 0                                ; 0                                 ; 0      ; 0       ; 0                  ; 0                         ; 0               ;
;  T1          ;  0 / 240 ( 0 % )    ; 0                    ; 0                                   ; 0                                    ; 0                                ; 0                                 ; 0      ; 0       ; 0                  ; 0                         ; 0               ;
;  T2          ;  0 / 240 ( 0 % )    ; 0                    ; 0                                   ; 0                                    ; 0                                ; 0                                 ; 0      ; 0       ; 0                  ; 0                         ; 0               ;
;  T3          ;  0 / 240 ( 0 % )    ; 0                    ; 0                                   ; 0                                    ; 0                                ; 0                                 ; 0      ; 0       ; 0                  ; 0                         ; 0               ;
;  T4          ;  0 / 240 ( 0 % )    ; 0                    ; 0                                   ; 0                                    ; 0                                ; 0                                 ; 0      ; 0       ; 0                  ; 0                         ; 0               ;
;  U1          ;  1 / 240 ( < 1 % )  ; 2                    ; 1                                   ; 1                                    ; 1                                ; 0                                 ; 2      ; 16      ; 0                  ; 2                         ; 0               ;
;  U2          ;  5 / 240 ( 2 % )    ; 1                    ; 0                                   ; 1                                    ; 1                                ; 0                                 ; 2      ; 87      ; 5                  ; 1                         ; 3               ;
;  U3          ;  0 / 240 ( 0 % )    ; 0                    ; 0                                   ; 0                                    ; 0                                ; 0                                 ; 0      ; 0       ; 0                  ; 0                         ; 0               ;
;  U4          ;  0 / 240 ( 0 % )    ; 0                    ; 0                                   ; 0                                    ; 0                                ; 0                                 ; 0      ; 0       ; 0                  ; 0                         ; 0               ;
;  V1          ;  47 / 240 ( 19 % )  ; 38                   ; 12                                  ; 12                                   ; 5                                ; 6                                 ; 20     ; 276     ; 34                 ; 37                        ; 7               ;
;  V2          ;  9 / 240 ( 3 % )    ; 14                   ; 7                                   ; 1                                    ; 7                                ; 4                                 ; 13     ; 38      ; 4                  ; 18                        ; 3               ;
;  V3          ;  0 / 240 ( 0 % )    ; 0                    ; 0                                   ; 0                                    ; 0                                ; 0                                 ; 0      ; 0       ; 0                  ; 0                         ; 0               ;
;  V4          ;  0 / 240 ( 0 % )    ; 0                    ; 0                                   ; 0                                    ; 0                                ; 0                                 ; 0      ; 0       ; 0                  ; 0                         ; 0               ;
;  W1          ;  8 / 240 ( 3 % )    ; 32                   ; 21                                  ; 3                                    ; 6                                ; 0                                 ; 29     ; 4       ; 0                  ; 19                        ; 6               ;
;  W2          ;  28 / 240 ( 11 % )  ; 16                   ; 4                                   ; 10                                   ; 1                                ; 4                                 ; 4      ; 24      ; 16                 ; 22                        ; 4               ;
;  W3          ;  1 / 240 ( < 1 % )  ; 3                    ; 0                                   ; 0                                    ; 2                                ; 0                                 ; 2      ; 11      ; 0                  ; 3                         ; 0               ;
;  W4          ;  0 / 240 ( 0 % )    ; 0                    ; 0                                   ; 0                                    ; 0                                ; 0                                 ; 0      ; 0       ; 0                  ; 0                         ; 0               ;
;  X1          ;  0 / 240 ( 0 % )    ; 0                    ; 0                                   ; 0                                    ; 0                                ; 0                                 ; 0      ; 0       ; 0                  ; 0                         ; 0               ;
;  X2          ;  0 / 240 ( 0 % )    ; 0                    ; 0                                   ; 0                                    ; 0                                ; 0                                 ; 0      ; 0       ; 0                  ; 0                         ; 0               ;
;  X3          ;  0 / 240 ( 0 % )    ; 0                    ; 0                                   ; 0                                    ; 0                                ; 0                                 ; 0      ; 0       ; 0                  ; 0                         ; 0               ;
;  X4          ;  0 / 240 ( 0 % )    ; 0                    ; 0                                   ; 0                                    ; 0                                ; 0                                 ; 0      ; 0       ; 0                  ; 0                         ; 0               ;
;  Y1          ;  0 / 240 ( 0 % )    ; 0                    ; 0                                   ; 0                                    ; 0                                ; 0                                 ; 0      ; 0       ; 0                  ; 0                         ; 0               ;
;  Y2          ;  0 / 240 ( 0 % )    ; 0                    ; 0                                   ; 0                                    ; 0                                ; 0                                 ; 0      ; 0       ; 0                  ; 0                         ; 0               ;
;  Y3          ;  0 / 240 ( 0 % )    ; 0                    ; 0                                   ; 0                                    ; 0                                ; 0                                 ; 0      ; 0       ; 0                  ; 0                         ; 0               ;
;  Y4          ;  0 / 240 ( 0 % )    ; 0                    ; 0                                   ; 0                                    ; 0                                ; 0                                 ; 0      ; 0       ; 0                  ; 0                         ; 0               ;
;  Z1          ;  0 / 240 ( 0 % )    ; 0                    ; 0                                   ; 0                                    ; 0                                ; 0                                 ; 0      ; 0       ; 0                  ; 0                         ; 0               ;
;  Z2          ;  0 / 240 ( 0 % )    ; 0                    ; 0                                   ; 0                                    ; 0                                ; 0                                 ; 0      ; 0       ; 0                  ; 0                         ; 0               ;
;  Z3          ;  0 / 240 ( 0 % )    ; 0                    ; 0                                   ; 0                                    ; 0                                ; 0                                 ; 0      ; 0       ; 0                  ; 0                         ; 0               ;
;  Z4          ;  0 / 240 ( 0 % )    ; 0                    ; 0                                   ; 0                                    ; 0                                ; 0                                 ; 0      ; 0       ; 0                  ; 0                         ; 0               ;
; AA1          ;  6 / 240 ( 2 % )    ; 28                   ; 21                                  ; 2                                    ; 5                                ; 0                                 ; 28     ; 2       ; 2                  ; 12                        ; 6               ;
; AA2          ;  4 / 240 ( 1 % )    ; 5                    ; 4                                   ; 0                                    ; 1                                ; 4                                 ; 3      ; 4       ; 0                  ; 6                         ; 2               ;
; AA3          ;  0 / 240 ( 0 % )    ; 0                    ; 0                                   ; 0                                    ; 0                                ; 0                                 ; 0      ; 0       ; 0                  ; 0                         ; 0               ;
; AA4          ;  0 / 240 ( 0 % )    ; 0                    ; 0                                   ; 0                                    ; 0                                ; 0                                 ; 0      ; 0       ; 0                  ; 0                         ; 0               ;
; AB1          ;  0 / 240 ( 0 % )    ; 0                    ; 0                                   ; 0                                    ; 0                                ; 0                                 ; 0      ; 0       ; 0                  ; 0                         ; 0               ;
; AB2          ;  0 / 240 ( 0 % )    ; 0                    ; 0                                   ; 0                                    ; 0                                ; 0                                 ; 0      ; 0       ; 0                  ; 0                         ; 0               ;
; AB3          ;  0 / 240 ( 0 % )    ; 0                    ; 0                                   ; 0                                    ; 0                                ; 0                                 ; 0      ; 0       ; 0                  ; 0                         ; 0               ;
; AB4          ;  0 / 240 ( 0 % )    ; 0                    ; 0                                   ; 0                                    ; 0                                ; 0                                 ; 0      ; 0       ; 0                  ; 0                         ; 0               ;
; AC1          ;  0 / 240 ( 0 % )    ; 0                    ; 0                                   ; 0                                    ; 0                                ; 0                                 ; 0      ; 0       ; 0                  ; 0                         ; 0               ;
; AC2          ;  0 / 240 ( 0 % )    ; 0                    ; 0                                   ; 0                                    ; 0                                ; 0                                 ; 0      ; 0       ; 0                  ; 0                         ; 0               ;
; AC3          ;  0 / 240 ( 0 % )    ; 0                    ; 0                                   ; 0                                    ; 0                                ; 0                                 ; 0      ; 0       ; 0                  ; 0                         ; 0               ;
; AC4          ;  0 / 240 ( 0 % )    ; 0                    ; 0                                   ; 0                                    ; 0                                ; 0                                 ; 1      ; 0       ; 0                  ; 0                         ; 0               ;
; AD1          ;  0 / 240 ( 0 % )    ; 1                    ; 1                                   ; 0                                    ; 0                                ; 0                                 ; 0      ; 0       ; 0                  ; 1                         ; 0               ;
; AD2          ;  0 / 240 ( 0 % )    ; 0                    ; 0                                   ; 0                                    ; 0                                ; 0                                 ; 0      ; 0       ; 0                  ; 0                         ; 0               ;
; AD3          ;  0 / 240 ( 0 % )    ; 0                    ; 0                                   ; 0                                    ; 0                                ; 0                                 ; 0      ; 0       ; 0                  ; 0                         ; 0               ;
; AD4          ;  0 / 240 ( 0 % )    ; 0                    ; 0                                   ; 0                                    ; 0                                ; 0                                 ; 0      ; 0       ; 0                  ; 0                         ; 0               ;
; AE1          ;  0 / 240 ( 0 % )    ; 0                    ; 0                                   ; 0                                    ; 0                                ; 0                                 ; 0      ; 0       ; 0                  ; 0                         ; 0               ;
; AE2          ;  0 / 240 ( 0 % )    ; 0                    ; 0                                   ; 0                                    ; 0                                ; 0                                 ; 0      ; 0       ; 0                  ; 0                         ; 0               ;
; AE3          ;  0 / 240 ( 0 % )    ; 0                    ; 0                                   ; 0                                    ; 0                                ; 0                                 ; 0      ; 0       ; 0                  ; 0                         ; 0               ;
; AE4          ;  0 / 240 ( 0 % )    ; 0                    ; 0                                   ; 0                                    ; 0                                ; 0                                 ; 1      ; 0       ; 0                  ; 0                         ; 0               ;
; AF1          ;  0 / 240 ( 0 % )    ; 1                    ; 1                                   ; 0                                    ; 0                                ; 0                                 ; 0      ; 0       ; 0                  ; 1                         ; 0               ;
; AF2          ;  0 / 240 ( 0 % )    ; 0                    ; 0                                   ; 0                                    ; 0                                ; 0                                 ; 0      ; 0       ; 0                  ; 0                         ; 0               ;
; AF3          ;  0 / 240 ( 0 % )    ; 0                    ; 0                                   ; 0                                    ; 0                                ; 0                                 ; 0      ; 0       ; 0                  ; 0                         ; 0               ;
; AF4          ;  0 / 240 ( 0 % )    ; 0                    ; 0                                   ; 0                                    ; 0                                ; 0                                 ; 1      ; 0       ; 0                  ; 0                         ; 0               ;
; AG1          ;  0 / 240 ( 0 % )    ; 1                    ; 1                                   ; 0                                    ; 0                                ; 0                                 ; 0      ; 0       ; 0                  ; 1                         ; 0               ;
; AG2          ;  0 / 240 ( 0 % )    ; 0                    ; 0                                   ; 0                                    ; 0                                ; 0                                 ; 0      ; 0       ; 0                  ; 0                         ; 0               ;
; AG3          ;  0 / 240 ( 0 % )    ; 0                    ; 0                                   ; 0                                    ; 0                                ; 0                                 ; 0      ; 0       ; 0                  ; 0                         ; 0               ;
; AG4          ;  0 / 240 ( 0 % )    ; 0                    ; 0                                   ; 0                                    ; 0                                ; 0                                 ; 2      ; 0       ; 0                  ; 0                         ; 0               ;
; AH1          ;  0 / 240 ( 0 % )    ; 2                    ; 2                                   ; 0                                    ; 0                                ; 0                                 ; 0      ; 0       ; 0                  ; 2                         ; 0               ;
; AH2          ;  0 / 240 ( 0 % )    ; 0                    ; 0                                   ; 0                                    ; 0                                ; 0                                 ; 0      ; 0       ; 0                  ; 0                         ; 0               ;
; AH3          ;  0 / 240 ( 0 % )    ; 0                    ; 0                                   ; 0                                    ; 0                                ; 0                                 ; 0      ; 0       ; 0                  ; 0                         ; 0               ;
; AH4          ;  0 / 240 ( 0 % )    ; 0                    ; 0                                   ; 0                                    ; 0                                ; 0                                 ; 3      ; 0       ; 0                  ; 0                         ; 0               ;
; AI1          ;  6 / 240 ( 2 % )    ; 31                   ; 23                                  ; 1                                    ; 5                                ; 0                                 ; 29     ; 3       ; 1                  ; 17                        ; 6               ;
; AI2          ;  4 / 240 ( 1 % )    ; 5                    ; 4                                   ; 0                                    ; 1                                ; 4                                 ; 3      ; 4       ; 0                  ; 7                         ; 2               ;
; AI3          ;  0 / 240 ( 0 % )    ; 0                    ; 0                                   ; 0                                    ; 0                                ; 0                                 ; 0      ; 0       ; 0                  ; 0                         ; 0               ;
; AI4          ;  0 / 240 ( 0 % )    ; 1                    ; 0                                   ; 0                                    ; 1                                ; 0                                 ; 2      ; 359     ; 0                  ; 1                         ; 0               ;
; AJ1          ;  0 / 240 ( 0 % )    ; 2                    ; 2                                   ; 0                                    ; 0                                ; 0                                 ; 0      ; 0       ; 0                  ; 2                         ; 0               ;
; AJ2          ;  0 / 240 ( 0 % )    ; 0                    ; 0                                   ; 0                                    ; 0                                ; 0                                 ; 0      ; 0       ; 0                  ; 0                         ; 0               ;
; AJ3          ;  0 / 240 ( 0 % )    ; 0                    ; 0                                   ; 0                                    ; 0                                ; 0                                 ; 0      ; 0       ; 0                  ; 0                         ; 0               ;
; AJ4          ;  0 / 240 ( 0 % )    ; 0                    ; 0                                   ; 0                                    ; 0                                ; 0                                 ; 3      ; 0       ; 0                  ; 0                         ; 0               ;
; AK1          ;  0 / 240 ( 0 % )    ; 2                    ; 2                                   ; 0                                    ; 0                                ; 0                                 ; 0      ; 0       ; 0                  ; 2                         ; 0               ;
; AK2          ;  0 / 240 ( 0 % )    ; 0                    ; 0                                   ; 0                                    ; 0                                ; 0                                 ; 0      ; 0       ; 0                  ; 0                         ; 0               ;
; AK3          ;  0 / 240 ( 0 % )    ; 0                    ; 0                                   ; 0                                    ; 0                                ; 0                                 ; 0      ; 0       ; 0                  ; 0                         ; 0               ;
; AK4          ;  0 / 240 ( 0 % )    ; 1                    ; 0                                   ; 0                                    ; 1                                ; 0                                 ; 4      ; 0       ; 0                  ; 1                         ; 0               ;
; AL1          ;  0 / 240 ( 0 % )    ; 4                    ; 4                                   ; 0                                    ; 0                                ; 0                                 ; 0      ; 0       ; 0                  ; 4                         ; 0               ;
; AL2          ;  0 / 240 ( 0 % )    ; 0                    ; 0                                   ; 0                                    ; 0                                ; 0                                 ; 0      ; 0       ; 0                  ; 0                         ; 0               ;
; AL3          ;  0 / 240 ( 0 % )    ; 0                    ; 0                                   ; 0                                    ; 0                                ; 0                                 ; 0      ; 0       ; 0                  ; 0                         ; 0               ;
; AL4          ;  0 / 240 ( 0 % )    ; 0                    ; 0                                   ; 0                                    ; 0                                ; 0                                 ; 1      ; 0       ; 0                  ; 0                         ; 0               ;
; AM1          ;  0 / 240 ( 0 % )    ; 1                    ; 0                                   ; 0                                    ; 1                                ; 0                                 ; 0      ; 0       ; 0                  ; 1                         ; 0               ;
; AM2          ;  0 / 240 ( 0 % )    ; 0                    ; 0                                   ; 0                                    ; 0                                ; 0                                 ; 0      ; 0       ; 0                  ; 0                         ; 0               ;
; AM3          ;  0 / 240 ( 0 % )    ; 0                    ; 0                                   ; 0                                    ; 0                                ; 0                                 ; 0      ; 0       ; 0                  ; 0                         ; 0               ;
; AM4          ;  0 / 240 ( 0 % )    ; 0                    ; 0                                   ; 0                                    ; 0                                ; 0                                 ; 0      ; 0       ; 0                  ; 0                         ; 0               ;
; AN1          ;  1 / 240 ( < 1 % )  ; 8                    ; 2                                   ; 1                                    ; 5                                ; 0                                 ; 4      ; 8       ; 2                  ; 11                        ; 2               ;
; AN2          ;  0 / 240 ( 0 % )    ; 0                    ; 0                                   ; 0                                    ; 0                                ; 0                                 ; 0      ; 0       ; 0                  ; 0                         ; 0               ;
; AN3          ;  0 / 240 ( 0 % )    ; 0                    ; 0                                   ; 0                                    ; 0                                ; 0                                 ; 0      ; 0       ; 0                  ; 0                         ; 0               ;
; AN4          ;  0 / 240 ( 0 % )    ; 0                    ; 0                                   ; 0                                    ; 0                                ; 0                                 ; 0      ; 0       ; 0                  ; 0                         ; 0               ;
+--------------+---------------------+----------------------+-------------------------------------+--------------------------------------+----------------------------------+-----------------------------------+--------+---------+--------------------+---------------------------+-----------------+


+--------------------------------------------------------------------------------+
; Row Interconnect                                                               ;
+---------------------------------------------------------------------------------
; Row   ; Interconnect Available ; Interconnect Used    ; Half Interconnect Used ;
+-------+------------------------+----------------------+------------------------+
;  A    ; 100                    ;  2 / 100 ( 2 % )     ;  38 / 200 ( 19 % )     ;
;  B    ; 100                    ;  0 / 100 ( 0 % )     ;  0 / 200 ( 0 % )       ;
;  C    ; 100                    ;  0 / 100 ( 0 % )     ;  0 / 200 ( 0 % )       ;
;  D    ; 100                    ;  1 / 100 ( 1 % )     ;  4 / 200 ( 2 % )       ;
;  E    ; 100                    ;  0 / 100 ( 0 % )     ;  0 / 200 ( 0 % )       ;
;  F    ; 100                    ;  0 / 100 ( 0 % )     ;  0 / 200 ( 0 % )       ;
;  G    ; 100                    ;  1 / 100 ( 1 % )     ;  0 / 200 ( 0 % )       ;
;  H    ; 100                    ;  0 / 100 ( 0 % )     ;  0 / 200 ( 0 % )       ;
;  I    ; 100                    ;  1 / 100 ( 1 % )     ;  2 / 200 ( 1 % )       ;
;  J    ; 100                    ;  0 / 100 ( 0 % )     ;  0 / 200 ( 0 % )       ;
;  K    ; 100                    ;  0 / 100 ( 0 % )     ;  0 / 200 ( 0 % )       ;
;  L    ; 100                    ;  1 / 100 ( 1 % )     ;  4 / 200 ( 2 % )       ;
;  M    ; 100                    ;  1 / 100 ( 1 % )     ;  4 / 200 ( 2 % )       ;
;  N    ; 100                    ;  1 / 100 ( 1 % )     ;  4 / 200 ( 2 % )       ;
;  O    ; 100                    ;  0 / 100 ( 0 % )     ;  0 / 200 ( 0 % )       ;
;  P    ; 100                    ;  1 / 100 ( 1 % )     ;  10 / 200 ( 5 % )      ;
;  Q    ; 100                    ;  0 / 100 ( 0 % )     ;  0 / 200 ( 0 % )       ;
;  R    ; 100                    ;  0 / 100 ( 0 % )     ;  0 / 200 ( 0 % )       ;
;  S    ; 100                    ;  0 / 100 ( 0 % )     ;  0 / 200 ( 0 % )       ;
;  T    ; 100                    ;  0 / 100 ( 0 % )     ;  0 / 200 ( 0 % )       ;
;  U    ; 100                    ;  1 / 100 ( 1 % )     ;  1 / 200 ( < 1 % )     ;
;  V    ; 100                    ;  1 / 100 ( 1 % )     ;  10 / 200 ( 5 % )      ;
;  W    ; 100                    ;  2 / 100 ( 2 % )     ;  5 / 200 ( 2 % )       ;
;  X    ; 100                    ;  0 / 100 ( 0 % )     ;  0 / 200 ( 0 % )       ;
;  Y    ; 100                    ;  0 / 100 ( 0 % )     ;  0 / 200 ( 0 % )       ;
;  Z    ; 100                    ;  0 / 100 ( 0 % )     ;  0 / 200 ( 0 % )       ;
; AA    ; 100                    ;  1 / 100 ( 1 % )     ;  4 / 200 ( 2 % )       ;
; AB    ; 100                    ;  0 / 100 ( 0 % )     ;  0 / 200 ( 0 % )       ;
; AC    ; 100                    ;  0 / 100 ( 0 % )     ;  0 / 200 ( 0 % )       ;
; AD    ; 100                    ;  0 / 100 ( 0 % )     ;  0 / 200 ( 0 % )       ;
; AE    ; 100                    ;  0 / 100 ( 0 % )     ;  0 / 200 ( 0 % )       ;
; AF    ; 100                    ;  0 / 100 ( 0 % )     ;  0 / 200 ( 0 % )       ;
; AG    ; 100                    ;  0 / 100 ( 0 % )     ;  0 / 200 ( 0 % )       ;
; AH    ; 100                    ;  0 / 100 ( 0 % )     ;  0 / 200 ( 0 % )       ;
; AI    ; 100                    ;  2 / 100 ( 2 % )     ;  4 / 200 ( 2 % )       ;
; AJ    ; 100                    ;  0 / 100 ( 0 % )     ;  0 / 200 ( 0 % )       ;
; AK    ; 100                    ;  1 / 100 ( 1 % )     ;  0 / 200 ( 0 % )       ;
; AL    ; 100                    ;  0 / 100 ( 0 % )     ;  0 / 200 ( 0 % )       ;
; AM    ; 100                    ;  0 / 100 ( 0 % )     ;  1 / 200 ( < 1 % )     ;
; AN    ; 100                    ;  1 / 100 ( 1 % )     ;  4 / 200 ( 2 % )       ;
; Total ; 4000                   ;  18 / 4000 ( < 1 % ) ;  95 / 8000 ( 1 % )     ;
+-------+------------------------+----------------------+------------------------+


+----------------------------------------------------------------------------------------------+
; LAB Column Interconnect                                                                      ;
+-----------------------------------------------------------------------------------------------
; MegaLAB Col. ; Col. ; Interconnect Available ; Interconnect Used    ; Half Interconnect Used ;
+--------------+------+------------------------+----------------------+------------------------+
; 1            ; 1    ; 80                     ;  0 / 80 ( 0 % )      ;  0 / 160 ( 0 % )       ;
; 1            ; 2    ; 80                     ;  2 / 80 ( 2 % )      ;  5 / 160 ( 3 % )       ;
; 1            ; 3    ; 80                     ;  0 / 80 ( 0 % )      ;  6 / 160 ( 3 % )       ;
; 1            ; 4    ; 80                     ;  0 / 80 ( 0 % )      ;  10 / 160 ( 6 % )      ;
; 1            ; 5    ; 80                     ;  0 / 80 ( 0 % )      ;  6 / 160 ( 3 % )       ;
; 1            ; 6    ; 80                     ;  1 / 80 ( 1 % )      ;  4 / 160 ( 2 % )       ;
; 1            ; 7    ; 80                     ;  0 / 80 ( 0 % )      ;  13 / 160 ( 8 % )      ;
; 1            ; 8    ; 80                     ;  0 / 80 ( 0 % )      ;  10 / 160 ( 6 % )      ;
; 1            ; 9    ; 80                     ;  0 / 80 ( 0 % )      ;  11 / 160 ( 6 % )      ;
; 1            ; 10   ; 80                     ;  9 / 80 ( 11 % )     ;  11 / 160 ( 6 % )      ;
; 1            ; 11   ; 80                     ;  0 / 80 ( 0 % )      ;  7 / 160 ( 4 % )       ;
; 1            ; 12   ; 80                     ;  2 / 80 ( 2 % )      ;  13 / 160 ( 8 % )      ;
; 1            ; 13   ; 80                     ;  0 / 80 ( 0 % )      ;  8 / 160 ( 5 % )       ;
; 1            ; 14   ; 80                     ;  0 / 80 ( 0 % )      ;  8 / 160 ( 5 % )       ;
; 1            ; 15   ; 80                     ;  0 / 80 ( 0 % )      ;  6 / 160 ( 3 % )       ;
; 1            ; 16   ; 80                     ;  5 / 80 ( 6 % )      ;  12 / 160 ( 7 % )      ;
; 1            ; 17   ; 80                     ;  9 / 80 ( 11 % )     ;  8 / 160 ( 5 % )       ;
; 1            ; 18   ; 80                     ;  0 / 80 ( 0 % )      ;  5 / 160 ( 3 % )       ;
; 1            ; 19   ; 80                     ;  2 / 80 ( 2 % )      ;  5 / 160 ( 3 % )       ;
; 1            ; 20   ; 80                     ;  0 / 80 ( 0 % )      ;  6 / 160 ( 3 % )       ;
; 1            ; 21   ; 80                     ;  0 / 80 ( 0 % )      ;  5 / 160 ( 3 % )       ;
; 1            ; 22   ; 80                     ;  0 / 80 ( 0 % )      ;  4 / 160 ( 2 % )       ;
; 1            ; 23   ; 80                     ;  0 / 80 ( 0 % )      ;  4 / 160 ( 2 % )       ;
; 1            ; 24   ; 80                     ;  1 / 80 ( 1 % )      ;  4 / 160 ( 2 % )       ;
; 1            ; 25   ; 80                     ;  0 / 80 ( 0 % )      ;  5 / 160 ( 3 % )       ;
; 2            ; 1    ; 80                     ;  0 / 80 ( 0 % )      ;  1 / 160 ( < 1 % )     ;
; 2            ; 2    ; 80                     ;  1 / 80 ( 1 % )      ;  1 / 160 ( < 1 % )     ;
; 2            ; 3    ; 80                     ;  1 / 80 ( 1 % )      ;  1 / 160 ( < 1 % )     ;
; 2            ; 4    ; 80                     ;  3 / 80 ( 3 % )      ;  2 / 160 ( 1 % )       ;
; 2            ; 5    ; 80                     ;  2 / 80 ( 2 % )      ;  0 / 160 ( 0 % )       ;
; 2            ; 6    ; 80                     ;  2 / 80 ( 2 % )      ;  0 / 160 ( 0 % )       ;
; 2            ; 7    ; 80                     ;  0 / 80 ( 0 % )      ;  0 / 160 ( 0 % )       ;
; 2            ; 8    ; 80                     ;  0 / 80 ( 0 % )      ;  0 / 160 ( 0 % )       ;
; 2            ; 9    ; 80                     ;  0 / 80 ( 0 % )      ;  0 / 160 ( 0 % )       ;
; 2            ; 10   ; 80                     ;  0 / 80 ( 0 % )      ;  0 / 160 ( 0 % )       ;
; 2            ; 11   ; 80                     ;  0 / 80 ( 0 % )      ;  0 / 160 ( 0 % )       ;
; 2            ; 12   ; 80                     ;  0 / 80 ( 0 % )      ;  0 / 160 ( 0 % )       ;
; 2            ; 13   ; 80                     ;  0 / 80 ( 0 % )      ;  0 / 160 ( 0 % )       ;
; 2            ; 14   ; 80                     ;  0 / 80 ( 0 % )      ;  0 / 160 ( 0 % )       ;
; 2            ; 15   ; 80                     ;  0 / 80 ( 0 % )      ;  1 / 160 ( < 1 % )     ;
; 2            ; 16   ; 80                     ;  2 / 80 ( 2 % )      ;  2 / 160 ( 1 % )       ;
; 2            ; 17   ; 80                     ;  1 / 80 ( 1 % )      ;  3 / 160 ( 1 % )       ;
; 2            ; 18   ; 80                     ;  4 / 80 ( 5 % )      ;  1 / 160 ( < 1 % )     ;
; 2            ; 19   ; 80                     ;  3 / 80 ( 3 % )      ;  3 / 160 ( 1 % )       ;
; 2            ; 20   ; 80                     ;  2 / 80 ( 2 % )      ;  2 / 160 ( 1 % )       ;
; 2            ; 21   ; 80                     ;  1 / 80 ( 1 % )      ;  3 / 160 ( 1 % )       ;
; 2            ; 22   ; 80                     ;  3 / 80 ( 3 % )      ;  1 / 160 ( < 1 % )     ;
; 2            ; 23   ; 80                     ;  2 / 80 ( 2 % )      ;  2 / 160 ( 1 % )       ;
; 2            ; 24   ; 80                     ;  0 / 80 ( 0 % )      ;  0 / 160 ( 0 % )       ;
; 2            ; 25   ; 80                     ;  0 / 80 ( 0 % )      ;  0 / 160 ( 0 % )       ;
; 3            ; 1    ; 80                     ;  0 / 80 ( 0 % )      ;  0 / 160 ( 0 % )       ;
; 3            ; 2    ; 80                     ;  0 / 80 ( 0 % )      ;  0 / 160 ( 0 % )       ;
; 3            ; 3    ; 80                     ;  0 / 80 ( 0 % )      ;  0 / 160 ( 0 % )       ;
; 3            ; 4    ; 80                     ;  0 / 80 ( 0 % )      ;  0 / 160 ( 0 % )       ;
; 3            ; 5    ; 80                     ;  0 / 80 ( 0 % )      ;  0 / 160 ( 0 % )       ;
; 3            ; 6    ; 80                     ;  0 / 80 ( 0 % )      ;  0 / 160 ( 0 % )       ;
; 3            ; 7    ; 80                     ;  0 / 80 ( 0 % )      ;  0 / 160 ( 0 % )       ;
; 3            ; 8    ; 80                     ;  0 / 80 ( 0 % )      ;  0 / 160 ( 0 % )       ;
; 3            ; 9    ; 80                     ;  0 / 80 ( 0 % )      ;  0 / 160 ( 0 % )       ;
; 3            ; 10   ; 80                     ;  0 / 80 ( 0 % )      ;  0 / 160 ( 0 % )       ;
; 3            ; 11   ; 80                     ;  0 / 80 ( 0 % )      ;  0 / 160 ( 0 % )       ;
; 3            ; 12   ; 80                     ;  0 / 80 ( 0 % )      ;  0 / 160 ( 0 % )       ;
; 3            ; 13   ; 80                     ;  0 / 80 ( 0 % )      ;  0 / 160 ( 0 % )       ;
; 3            ; 14   ; 80                     ;  0 / 80 ( 0 % )      ;  0 / 160 ( 0 % )       ;
; 3            ; 15   ; 80                     ;  0 / 80 ( 0 % )      ;  0 / 160 ( 0 % )       ;
; 3            ; 16   ; 80                     ;  0 / 80 ( 0 % )      ;  0 / 160 ( 0 % )       ;
; 3            ; 17   ; 80                     ;  0 / 80 ( 0 % )      ;  0 / 160 ( 0 % )       ;
; 3            ; 18   ; 80                     ;  0 / 80 ( 0 % )      ;  0 / 160 ( 0 % )       ;
; 3            ; 19   ; 80                     ;  0 / 80 ( 0 % )      ;  0 / 160 ( 0 % )       ;
; 3            ; 20   ; 80                     ;  0 / 80 ( 0 % )      ;  0 / 160 ( 0 % )       ;
; 3            ; 21   ; 80                     ;  0 / 80 ( 0 % )      ;  0 / 160 ( 0 % )       ;
; 3            ; 22   ; 80                     ;  0 / 80 ( 0 % )      ;  0 / 160 ( 0 % )       ;
; 3            ; 23   ; 80                     ;  0 / 80 ( 0 % )      ;  0 / 160 ( 0 % )       ;
; 3            ; 24   ; 80                     ;  0 / 80 ( 0 % )      ;  0 / 160 ( 0 % )       ;
; 3            ; 25   ; 80                     ;  0 / 80 ( 0 % )      ;  0 / 160 ( 0 % )       ;
; 4            ; 1    ; 80                     ;  1 / 80 ( 1 % )      ;  0 / 160 ( 0 % )       ;
; 4            ; 2    ; 80                     ;  0 / 80 ( 0 % )      ;  0 / 160 ( 0 % )       ;
; 4            ; 3    ; 80                     ;  0 / 80 ( 0 % )      ;  0 / 160 ( 0 % )       ;
; 4            ; 4    ; 80                     ;  0 / 80 ( 0 % )      ;  0 / 160 ( 0 % )       ;
; 4            ; 5    ; 80                     ;  0 / 80 ( 0 % )      ;  0 / 160 ( 0 % )       ;
; 4            ; 6    ; 80                     ;  0 / 80 ( 0 % )      ;  0 / 160 ( 0 % )       ;
; 4            ; 7    ; 80                     ;  0 / 80 ( 0 % )      ;  0 / 160 ( 0 % )       ;
; 4            ; 8    ; 80                     ;  0 / 80 ( 0 % )      ;  0 / 160 ( 0 % )       ;
; 4            ; 9    ; 80                     ;  0 / 80 ( 0 % )      ;  0 / 160 ( 0 % )       ;
; 4            ; 10   ; 80                     ;  0 / 80 ( 0 % )      ;  0 / 160 ( 0 % )       ;
; 4            ; 11   ; 80                     ;  0 / 80 ( 0 % )      ;  0 / 160 ( 0 % )       ;
; 4            ; 12   ; 80                     ;  0 / 80 ( 0 % )      ;  0 / 160 ( 0 % )       ;
; 4            ; 13   ; 80                     ;  0 / 80 ( 0 % )      ;  0 / 160 ( 0 % )       ;
; 4            ; 14   ; 80                     ;  0 / 80 ( 0 % )      ;  0 / 160 ( 0 % )       ;
; 4            ; 15   ; 80                     ;  0 / 80 ( 0 % )      ;  0 / 160 ( 0 % )       ;
; 4            ; 16   ; 80                     ;  0 / 80 ( 0 % )      ;  0 / 160 ( 0 % )       ;
; 4            ; 17   ; 80                     ;  0 / 80 ( 0 % )      ;  0 / 160 ( 0 % )       ;
; 4            ; 18   ; 80                     ;  0 / 80 ( 0 % )      ;  0 / 160 ( 0 % )       ;
; 4            ; 19   ; 80                     ;  0 / 80 ( 0 % )      ;  0 / 160 ( 0 % )       ;
; 4            ; 20   ; 80                     ;  0 / 80 ( 0 % )      ;  0 / 160 ( 0 % )       ;
; 4            ; 21   ; 80                     ;  0 / 80 ( 0 % )      ;  0 / 160 ( 0 % )       ;
; 4            ; 22   ; 80                     ;  0 / 80 ( 0 % )      ;  0 / 160 ( 0 % )       ;
; 4            ; 23   ; 80                     ;  0 / 80 ( 0 % )      ;  0 / 160 ( 0 % )       ;
; 4            ; 24   ; 80                     ;  0 / 80 ( 0 % )      ;  0 / 160 ( 0 % )       ;
; 4            ; 25   ; 80                     ;  0 / 80 ( 0 % )      ;  0 / 160 ( 0 % )       ;
; Total        ;      ; 8000                   ;  59 / 8000 ( < 1 % ) ;  199 / 16000 ( 1 % )   ;
+--------------+------+------------------------+----------------------+------------------------+


+-----------------------------------------------------------------------------+
; ESB Column Interconnect                                                     ;
+------------------------------------------------------------------------------
; Col.  ; Interconnect Available ; Interconnect Used ; Half Interconnect Used ;
+-------+------------------------+-------------------+------------------------+
; 0     ; 128                    ;  0 / 128 ( 0 % )  ;  1 / 256 ( < 1 % )     ;
; 1     ; 128                    ;  0 / 128 ( 0 % )  ;  0 / 256 ( 0 % )       ;
; 2     ; 128                    ;  0 / 128 ( 0 % )  ;  0 / 256 ( 0 % )       ;
; 3     ; 128                    ;  0 / 128 ( 0 % )  ;  0 / 256 ( 0 % )       ;
; Total ; 512                    ;  0 / 512 ( 0 % )  ;  1 / 1024 ( < 1 % )    ;
+-------+------------------------+-------------------+------------------------+


+-------------------------------------------------------------------------------+
; ClockLock                                                                     ;
+--------------------------------------------------------------------------------
; Name             ; system_pll:inst6|altclklock:altclklock_component|outclock0 ;
+------------------+------------------------------------------------------------+
; Mode             ; Normal                                                     ;
; Input Frequency  ; 25.0 MHz                                                   ;
; Phase Shift      ; 0 ps                                                       ;
; Multiply Clock0  ; 2                                                          ;
; Divide Clock0    ; 1                                                          ;
; Output Frequency ; 50.0 MHz                                                   ;
; Multiply Clock1  ; 1                                                          ;
; Divide Clock1    ; 1                                                          ;
; Output Frequency ; 25.0 MHz                                                   ;
; M Counter        ; 14                                                         ;
; N Counter        ; 1                                                          ;
; K Counter        ; 7                                                          ;
; V Counter        ; 14                                                         ;
; M Initial Value  ; 1                                                          ;
; Phase Tap        ; 0                                                          ;
+------------------+------------------------------------------------------------+


+-------------------------------------------------------------------------------------------------+
; Fitter Resource Usage Summary                                                                   ;
+--------------------------------------------------------------------------------------------------
; Resource                     ; Usage                                                            ;
+------------------------------+------------------------------------------------------------------+
; Logic cells                  ; 725 / 38,400 ( 1 % )                                             ;
; Registers                    ; 369 / 38,400 ( < 1 % )                                           ;
; Logic cells in carry chains  ; 211                                                              ;
; User inserted logic cells    ; 0                                                                ;
; I/O pins                     ; 168 / 715 ( 23 % )                                               ;
;     -- Clock pins            ; 0                                                                ;
;     -- Dedicated input pins  ; 0 / 4 ( 0 % )                                                    ;
; Global signals               ; 6                                                                ;
; ESBs                         ; 8 / 160 ( 5 % )                                                  ;
; Macrocells                   ; 0 / 2,560 ( 0 % )                                                ;
; ESB pterm bits used          ; 0 / 327,680 ( 0 % )                                              ;
; ESB CAM bits used            ; 0 / 327,680 ( 0 % )                                              ;
; Total memory bits            ; 16,384 / 327,680 ( 5 % )                                         ;
; Total RAM block bits         ; 16,384 / 327,680 ( 5 % )                                         ;
; FastRow interconnects        ; 0 / 120 ( 0 % )                                                  ;
; PLLs                         ; 1 / 4 ( 25 % )                                                   ;
; LVDS transmitters            ; 0 / 16 ( 0 % )                                                   ;
; LVDS receivers               ; 0 / 16 ( 0 % )                                                   ;
; Maximum fan-out node         ; stripe:inst|alt_exc_stripe:lpm_instance|alt_exc_upcore:core|core ;
; Maximum fan-out              ; 373                                                              ;
; Total fan-out                ; 3777                                                             ;
; Average fan-out              ; 4.06                                                             ;
+------------------------------+------------------------------------------------------------------+


+----------------------------------------------------------------------------------------------------------------------------------------------------------------------------------------------------------------------------------------------------------------------------------------------------------------------------+
; Fitter Resource Utilization by Entity                                                                                                                                                                                                                                                                                      ;
+-----------------------------------------------------------------------------------------------------------------------------------------------------------------------------------------------------------------------------------------------------------------------------------------------------------------------------
; Compilation Hierarchy Node                           ; Logic Cells ; Registers ; Memory Bits ; Pins ; Virtual Pins ; LUT-Only LCs ; Register-Only LCs ; LUT/Register LCs ; Carry Chain LCs ; Full Hierarchy Name                                                                                                           ;
+------------------------------------------------------+-------------+-----------+-------------+------+--------------+--------------+-------------------+------------------+-----------------+-------------------------------------------------------------------------------------------------------------------------------+
; |arm_top                                             ; 725 (1)     ; 369       ; 16384       ; 168  ; 0            ; 356 (1)      ; 175 (0)           ; 194 (0)          ; 211 (0)         ; |arm_top                                                                                                                      ;
;    |default_slave:inst2|                             ; 2 (2)       ; 2         ; 0           ; 0    ; 0            ; 0 (0)        ; 0 (0)             ; 2 (2)            ; 0 (0)           ; |arm_top|default_slave:inst2                                                                                                  ;
;    |response_and_data_mux:inst3|                     ; 34 (34)     ; 1         ; 0           ; 0    ; 0            ; 33 (33)      ; 1 (1)             ; 0 (0)            ; 0 (0)           ; |arm_top|response_and_data_mux:inst3                                                                                          ;
;    |slave_decoder:inst1|                             ; 10 (10)     ; 0         ; 0           ; 0    ; 0            ; 10 (10)      ; 0 (0)             ; 0 (0)            ; 0 (0)           ; |arm_top|slave_decoder:inst1                                                                                                  ;
;    |stripe:inst|                                     ; 3 (0)       ; 0         ; 0           ; 126  ; 0            ; 3 (0)        ; 0 (0)             ; 0 (0)            ; 0 (0)           ; |arm_top|stripe:inst                                                                                                          ;
;       |alt_exc_stripe:lpm_instance|                  ; 3 (3)       ; 0         ; 0           ; 126  ; 0            ; 3 (3)        ; 0 (0)             ; 0 (0)            ; 0 (0)           ; |arm_top|stripe:inst|alt_exc_stripe:lpm_instance                                                                              ;
;          |alt_exc_upcore:core|                       ; 0 (0)       ; 0         ; 0           ; 126  ; 0            ; 0 (0)        ; 0 (0)             ; 0 (0)            ; 0 (0)           ; |arm_top|stripe:inst|alt_exc_stripe:lpm_instance|alt_exc_upcore:core                                                          ;
;             |apex20ke_io_bidir:ebidq_pbidir[0]|      ; 0 (0)       ; 0         ; 0           ; 1    ; 0            ; 0 (0)        ; 0 (0)             ; 0 (0)            ; 0 (0)           ; |arm_top|stripe:inst|alt_exc_stripe:lpm_instance|alt_exc_upcore:core|apex20ke_io_bidir:ebidq_pbidir[0]                        ;
;             |apex20ke_io_bidir:ebidq_pbidir[10]|     ; 0 (0)       ; 0         ; 0           ; 1    ; 0            ; 0 (0)        ; 0 (0)             ; 0 (0)            ; 0 (0)           ; |arm_top|stripe:inst|alt_exc_stripe:lpm_instance|alt_exc_upcore:core|apex20ke_io_bidir:ebidq_pbidir[10]                       ;
;             |apex20ke_io_bidir:ebidq_pbidir[11]|     ; 0 (0)       ; 0         ; 0           ; 1    ; 0            ; 0 (0)        ; 0 (0)             ; 0 (0)            ; 0 (0)           ; |arm_top|stripe:inst|alt_exc_stripe:lpm_instance|alt_exc_upcore:core|apex20ke_io_bidir:ebidq_pbidir[11]                       ;
;             |apex20ke_io_bidir:ebidq_pbidir[12]|     ; 0 (0)       ; 0         ; 0           ; 1    ; 0            ; 0 (0)        ; 0 (0)             ; 0 (0)            ; 0 (0)           ; |arm_top|stripe:inst|alt_exc_stripe:lpm_instance|alt_exc_upcore:core|apex20ke_io_bidir:ebidq_pbidir[12]                       ;
;             |apex20ke_io_bidir:ebidq_pbidir[13]|     ; 0 (0)       ; 0         ; 0           ; 1    ; 0            ; 0 (0)        ; 0 (0)             ; 0 (0)            ; 0 (0)           ; |arm_top|stripe:inst|alt_exc_stripe:lpm_instance|alt_exc_upcore:core|apex20ke_io_bidir:ebidq_pbidir[13]                       ;
;             |apex20ke_io_bidir:ebidq_pbidir[14]|     ; 0 (0)       ; 0         ; 0           ; 1    ; 0            ; 0 (0)        ; 0 (0)             ; 0 (0)            ; 0 (0)           ; |arm_top|stripe:inst|alt_exc_stripe:lpm_instance|alt_exc_upcore:core|apex20ke_io_bidir:ebidq_pbidir[14]                       ;
;             |apex20ke_io_bidir:ebidq_pbidir[15]|     ; 0 (0)       ; 0         ; 0           ; 1    ; 0            ; 0 (0)        ; 0 (0)             ; 0 (0)            ; 0 (0)           ; |arm_top|stripe:inst|alt_exc_stripe:lpm_instance|alt_exc_upcore:core|apex20ke_io_bidir:ebidq_pbidir[15]                       ;
;             |apex20ke_io_bidir:ebidq_pbidir[1]|      ; 0 (0)       ; 0         ; 0           ; 1    ; 0            ; 0 (0)        ; 0 (0)             ; 0 (0)            ; 0 (0)           ; |arm_top|stripe:inst|alt_exc_stripe:lpm_instance|alt_exc_upcore:core|apex20ke_io_bidir:ebidq_pbidir[1]                        ;
;             |apex20ke_io_bidir:ebidq_pbidir[2]|      ; 0 (0)       ; 0         ; 0           ; 1    ; 0            ; 0 (0)        ; 0 (0)             ; 0 (0)            ; 0 (0)           ; |arm_top|stripe:inst|alt_exc_stripe:lpm_instance|alt_exc_upcore:core|apex20ke_io_bidir:ebidq_pbidir[2]                        ;
;             |apex20ke_io_bidir:ebidq_pbidir[3]|      ; 0 (0)       ; 0         ; 0           ; 1    ; 0            ; 0 (0)        ; 0 (0)             ; 0 (0)            ; 0 (0)           ; |arm_top|stripe:inst|alt_exc_stripe:lpm_instance|alt_exc_upcore:core|apex20ke_io_bidir:ebidq_pbidir[3]                        ;
;             |apex20ke_io_bidir:ebidq_pbidir[4]|      ; 0 (0)       ; 0         ; 0           ; 1    ; 0            ; 0 (0)        ; 0 (0)             ; 0 (0)            ; 0 (0)           ; |arm_top|stripe:inst|alt_exc_stripe:lpm_instance|alt_exc_upcore:core|apex20ke_io_bidir:ebidq_pbidir[4]                        ;
;             |apex20ke_io_bidir:ebidq_pbidir[5]|      ; 0 (0)       ; 0         ; 0           ; 1    ; 0            ; 0 (0)        ; 0 (0)             ; 0 (0)            ; 0 (0)           ; |arm_top|stripe:inst|alt_exc_stripe:lpm_instance|alt_exc_upcore:core|apex20ke_io_bidir:ebidq_pbidir[5]                        ;
;             |apex20ke_io_bidir:ebidq_pbidir[6]|      ; 0 (0)       ; 0         ; 0           ; 1    ; 0            ; 0 (0)        ; 0 (0)             ; 0 (0)            ; 0 (0)           ; |arm_top|stripe:inst|alt_exc_stripe:lpm_instance|alt_exc_upcore:core|apex20ke_io_bidir:ebidq_pbidir[6]                        ;
;             |apex20ke_io_bidir:ebidq_pbidir[7]|      ; 0 (0)       ; 0         ; 0           ; 1    ; 0            ; 0 (0)        ; 0 (0)             ; 0 (0)            ; 0 (0)           ; |arm_top|stripe:inst|alt_exc_stripe:lpm_instance|alt_exc_upcore:core|apex20ke_io_bidir:ebidq_pbidir[7]                        ;
;             |apex20ke_io_bidir:ebidq_pbidir[8]|      ; 0 (0)       ; 0         ; 0           ; 1    ; 0            ; 0 (0)        ; 0 (0)             ; 0 (0)            ; 0 (0)           ; |arm_top|stripe:inst|alt_exc_stripe:lpm_instance|alt_exc_upcore:core|apex20ke_io_bidir:ebidq_pbidir[8]                        ;
;             |apex20ke_io_bidir:ebidq_pbidir[9]|      ; 0 (0)       ; 0         ; 0           ; 1    ; 0            ; 0 (0)        ; 0 (0)             ; 0 (0)            ; 0 (0)           ; |arm_top|stripe:inst|alt_exc_stripe:lpm_instance|alt_exc_upcore:core|apex20ke_io_bidir:ebidq_pbidir[9]                        ;
;             |apex20ke_io_bidir:sdramdq_pbidir[0]|    ; 0 (0)       ; 0         ; 0           ; 1    ; 0            ; 0 (0)        ; 0 (0)             ; 0 (0)            ; 0 (0)           ; |arm_top|stripe:inst|alt_exc_stripe:lpm_instance|alt_exc_upcore:core|apex20ke_io_bidir:sdramdq_pbidir[0]                      ;
;             |apex20ke_io_bidir:sdramdq_pbidir[10]|   ; 0 (0)       ; 0         ; 0           ; 1    ; 0            ; 0 (0)        ; 0 (0)             ; 0 (0)            ; 0 (0)           ; |arm_top|stripe:inst|alt_exc_stripe:lpm_instance|alt_exc_upcore:core|apex20ke_io_bidir:sdramdq_pbidir[10]                     ;
;             |apex20ke_io_bidir:sdramdq_pbidir[11]|   ; 0 (0)       ; 0         ; 0           ; 1    ; 0            ; 0 (0)        ; 0 (0)             ; 0 (0)            ; 0 (0)           ; |arm_top|stripe:inst|alt_exc_stripe:lpm_instance|alt_exc_upcore:core|apex20ke_io_bidir:sdramdq_pbidir[11]                     ;
;             |apex20ke_io_bidir:sdramdq_pbidir[12]|   ; 0 (0)       ; 0         ; 0           ; 1    ; 0            ; 0 (0)        ; 0 (0)             ; 0 (0)            ; 0 (0)           ; |arm_top|stripe:inst|alt_exc_stripe:lpm_instance|alt_exc_upcore:core|apex20ke_io_bidir:sdramdq_pbidir[12]                     ;
;             |apex20ke_io_bidir:sdramdq_pbidir[13]|   ; 0 (0)       ; 0         ; 0           ; 1    ; 0            ; 0 (0)        ; 0 (0)             ; 0 (0)            ; 0 (0)           ; |arm_top|stripe:inst|alt_exc_stripe:lpm_instance|alt_exc_upcore:core|apex20ke_io_bidir:sdramdq_pbidir[13]                     ;
;             |apex20ke_io_bidir:sdramdq_pbidir[14]|   ; 0 (0)       ; 0         ; 0           ; 1    ; 0            ; 0 (0)        ; 0 (0)             ; 0 (0)            ; 0 (0)           ; |arm_top|stripe:inst|alt_exc_stripe:lpm_instance|alt_exc_upcore:core|apex20ke_io_bidir:sdramdq_pbidir[14]                     ;
;             |apex20ke_io_bidir:sdramdq_pbidir[15]|   ; 0 (0)       ; 0         ; 0           ; 1    ; 0            ; 0 (0)        ; 0 (0)             ; 0 (0)            ; 0 (0)           ; |arm_top|stripe:inst|alt_exc_stripe:lpm_instance|alt_exc_upcore:core|apex20ke_io_bidir:sdramdq_pbidir[15]                     ;
;             |apex20ke_io_bidir:sdramdq_pbidir[16]|   ; 0 (0)       ; 0         ; 0           ; 1    ; 0            ; 0 (0)        ; 0 (0)             ; 0 (0)            ; 0 (0)           ; |arm_top|stripe:inst|alt_exc_stripe:lpm_instance|alt_exc_upcore:core|apex20ke_io_bidir:sdramdq_pbidir[16]                     ;
;             |apex20ke_io_bidir:sdramdq_pbidir[17]|   ; 0 (0)       ; 0         ; 0           ; 1    ; 0            ; 0 (0)        ; 0 (0)             ; 0 (0)            ; 0 (0)           ; |arm_top|stripe:inst|alt_exc_stripe:lpm_instance|alt_exc_upcore:core|apex20ke_io_bidir:sdramdq_pbidir[17]                     ;
;             |apex20ke_io_bidir:sdramdq_pbidir[18]|   ; 0 (0)       ; 0         ; 0           ; 1    ; 0            ; 0 (0)        ; 0 (0)             ; 0 (0)            ; 0 (0)           ; |arm_top|stripe:inst|alt_exc_stripe:lpm_instance|alt_exc_upcore:core|apex20ke_io_bidir:sdramdq_pbidir[18]                     ;
;             |apex20ke_io_bidir:sdramdq_pbidir[19]|   ; 0 (0)       ; 0         ; 0           ; 1    ; 0            ; 0 (0)        ; 0 (0)             ; 0 (0)            ; 0 (0)           ; |arm_top|stripe:inst|alt_exc_stripe:lpm_instance|alt_exc_upcore:core|apex20ke_io_bidir:sdramdq_pbidir[19]                     ;
;             |apex20ke_io_bidir:sdramdq_pbidir[1]|    ; 0 (0)       ; 0         ; 0           ; 1    ; 0            ; 0 (0)        ; 0 (0)             ; 0 (0)            ; 0 (0)           ; |arm_top|stripe:inst|alt_exc_stripe:lpm_instance|alt_exc_upcore:core|apex20ke_io_bidir:sdramdq_pbidir[1]                      ;
;             |apex20ke_io_bidir:sdramdq_pbidir[20]|   ; 0 (0)       ; 0         ; 0           ; 1    ; 0            ; 0 (0)        ; 0 (0)             ; 0 (0)            ; 0 (0)           ; |arm_top|stripe:inst|alt_exc_stripe:lpm_instance|alt_exc_upcore:core|apex20ke_io_bidir:sdramdq_pbidir[20]                     ;
;             |apex20ke_io_bidir:sdramdq_pbidir[21]|   ; 0 (0)       ; 0         ; 0           ; 1    ; 0            ; 0 (0)        ; 0 (0)             ; 0 (0)            ; 0 (0)           ; |arm_top|stripe:inst|alt_exc_stripe:lpm_instance|alt_exc_upcore:core|apex20ke_io_bidir:sdramdq_pbidir[21]                     ;
;             |apex20ke_io_bidir:sdramdq_pbidir[22]|   ; 0 (0)       ; 0         ; 0           ; 1    ; 0            ; 0 (0)        ; 0 (0)             ; 0 (0)            ; 0 (0)           ; |arm_top|stripe:inst|alt_exc_stripe:lpm_instance|alt_exc_upcore:core|apex20ke_io_bidir:sdramdq_pbidir[22]                     ;
;             |apex20ke_io_bidir:sdramdq_pbidir[23]|   ; 0 (0)       ; 0         ; 0           ; 1    ; 0            ; 0 (0)        ; 0 (0)             ; 0 (0)            ; 0 (0)           ; |arm_top|stripe:inst|alt_exc_stripe:lpm_instance|alt_exc_upcore:core|apex20ke_io_bidir:sdramdq_pbidir[23]                     ;
;             |apex20ke_io_bidir:sdramdq_pbidir[24]|   ; 0 (0)       ; 0         ; 0           ; 1    ; 0            ; 0 (0)        ; 0 (0)             ; 0 (0)            ; 0 (0)           ; |arm_top|stripe:inst|alt_exc_stripe:lpm_instance|alt_exc_upcore:core|apex20ke_io_bidir:sdramdq_pbidir[24]                     ;
;             |apex20ke_io_bidir:sdramdq_pbidir[25]|   ; 0 (0)       ; 0         ; 0           ; 1    ; 0            ; 0 (0)        ; 0 (0)             ; 0 (0)            ; 0 (0)           ; |arm_top|stripe:inst|alt_exc_stripe:lpm_instance|alt_exc_upcore:core|apex20ke_io_bidir:sdramdq_pbidir[25]                     ;
;             |apex20ke_io_bidir:sdramdq_pbidir[26]|   ; 0 (0)       ; 0         ; 0           ; 1    ; 0            ; 0 (0)        ; 0 (0)             ; 0 (0)            ; 0 (0)           ; |arm_top|stripe:inst|alt_exc_stripe:lpm_instance|alt_exc_upcore:core|apex20ke_io_bidir:sdramdq_pbidir[26]                     ;
;             |apex20ke_io_bidir:sdramdq_pbidir[27]|   ; 0 (0)       ; 0         ; 0           ; 1    ; 0            ; 0 (0)        ; 0 (0)             ; 0 (0)            ; 0 (0)           ; |arm_top|stripe:inst|alt_exc_stripe:lpm_instance|alt_exc_upcore:core|apex20ke_io_bidir:sdramdq_pbidir[27]                     ;
;             |apex20ke_io_bidir:sdramdq_pbidir[28]|   ; 0 (0)       ; 0         ; 0           ; 1    ; 0            ; 0 (0)        ; 0 (0)             ; 0 (0)            ; 0 (0)           ; |arm_top|stripe:inst|alt_exc_stripe:lpm_instance|alt_exc_upcore:core|apex20ke_io_bidir:sdramdq_pbidir[28]                     ;
;             |apex20ke_io_bidir:sdramdq_pbidir[29]|   ; 0 (0)       ; 0         ; 0           ; 1    ; 0            ; 0 (0)        ; 0 (0)             ; 0 (0)            ; 0 (0)           ; |arm_top|stripe:inst|alt_exc_stripe:lpm_instance|alt_exc_upcore:core|apex20ke_io_bidir:sdramdq_pbidir[29]                     ;
;             |apex20ke_io_bidir:sdramdq_pbidir[2]|    ; 0 (0)       ; 0         ; 0           ; 1    ; 0            ; 0 (0)        ; 0 (0)             ; 0 (0)            ; 0 (0)           ; |arm_top|stripe:inst|alt_exc_stripe:lpm_instance|alt_exc_upcore:core|apex20ke_io_bidir:sdramdq_pbidir[2]                      ;
;             |apex20ke_io_bidir:sdramdq_pbidir[30]|   ; 0 (0)       ; 0         ; 0           ; 1    ; 0            ; 0 (0)        ; 0 (0)             ; 0 (0)            ; 0 (0)           ; |arm_top|stripe:inst|alt_exc_stripe:lpm_instance|alt_exc_upcore:core|apex20ke_io_bidir:sdramdq_pbidir[30]                     ;
;             |apex20ke_io_bidir:sdramdq_pbidir[31]|   ; 0 (0)       ; 0         ; 0           ; 1    ; 0            ; 0 (0)        ; 0 (0)             ; 0 (0)            ; 0 (0)           ; |arm_top|stripe:inst|alt_exc_stripe:lpm_instance|alt_exc_upcore:core|apex20ke_io_bidir:sdramdq_pbidir[31]                     ;
;             |apex20ke_io_bidir:sdramdq_pbidir[3]|    ; 0 (0)       ; 0         ; 0           ; 1    ; 0            ; 0 (0)        ; 0 (0)             ; 0 (0)            ; 0 (0)           ; |arm_top|stripe:inst|alt_exc_stripe:lpm_instance|alt_exc_upcore:core|apex20ke_io_bidir:sdramdq_pbidir[3]                      ;
;             |apex20ke_io_bidir:sdramdq_pbidir[4]|    ; 0 (0)       ; 0         ; 0           ; 1    ; 0            ; 0 (0)        ; 0 (0)             ; 0 (0)            ; 0 (0)           ; |arm_top|stripe:inst|alt_exc_stripe:lpm_instance|alt_exc_upcore:core|apex20ke_io_bidir:sdramdq_pbidir[4]                      ;
;             |apex20ke_io_bidir:sdramdq_pbidir[5]|    ; 0 (0)       ; 0         ; 0           ; 1    ; 0            ; 0 (0)        ; 0 (0)             ; 0 (0)            ; 0 (0)           ; |arm_top|stripe:inst|alt_exc_stripe:lpm_instance|alt_exc_upcore:core|apex20ke_io_bidir:sdramdq_pbidir[5]                      ;
;             |apex20ke_io_bidir:sdramdq_pbidir[6]|    ; 0 (0)       ; 0         ; 0           ; 1    ; 0            ; 0 (0)        ; 0 (0)             ; 0 (0)            ; 0 (0)           ; |arm_top|stripe:inst|alt_exc_stripe:lpm_instance|alt_exc_upcore:core|apex20ke_io_bidir:sdramdq_pbidir[6]                      ;
;             |apex20ke_io_bidir:sdramdq_pbidir[7]|    ; 0 (0)       ; 0         ; 0           ; 1    ; 0            ; 0 (0)        ; 0 (0)             ; 0 (0)            ; 0 (0)           ; |arm_top|stripe:inst|alt_exc_stripe:lpm_instance|alt_exc_upcore:core|apex20ke_io_bidir:sdramdq_pbidir[7]                      ;
;             |apex20ke_io_bidir:sdramdq_pbidir[8]|    ; 0 (0)       ; 0         ; 0           ; 1    ; 0            ; 0 (0)        ; 0 (0)             ; 0 (0)            ; 0 (0)           ; |arm_top|stripe:inst|alt_exc_stripe:lpm_instance|alt_exc_upcore:core|apex20ke_io_bidir:sdramdq_pbidir[8]                      ;
;             |apex20ke_io_bidir:sdramdq_pbidir[9]|    ; 0 (0)       ; 0         ; 0           ; 1    ; 0            ; 0 (0)        ; 0 (0)             ; 0 (0)            ; 0 (0)           ; |arm_top|stripe:inst|alt_exc_stripe:lpm_instance|alt_exc_upcore:core|apex20ke_io_bidir:sdramdq_pbidir[9]                      ;
;             |apex20ke_io_bidir:sdramdqs_pbidir[0]|   ; 0 (0)       ; 0         ; 0           ; 1    ; 0            ; 0 (0)        ; 0 (0)             ; 0 (0)            ; 0 (0)           ; |arm_top|stripe:inst|alt_exc_stripe:lpm_instance|alt_exc_upcore:core|apex20ke_io_bidir:sdramdqs_pbidir[0]                     ;
;             |apex20ke_io_bidir:sdramdqs_pbidir[1]|   ; 0 (0)       ; 0         ; 0           ; 1    ; 0            ; 0 (0)        ; 0 (0)             ; 0 (0)            ; 0 (0)           ; |arm_top|stripe:inst|alt_exc_stripe:lpm_instance|alt_exc_upcore:core|apex20ke_io_bidir:sdramdqs_pbidir[1]                     ;
;             |apex20ke_io_bidir:sdramdqs_pbidir[2]|   ; 0 (0)       ; 0         ; 0           ; 1    ; 0            ; 0 (0)        ; 0 (0)             ; 0 (0)            ; 0 (0)           ; |arm_top|stripe:inst|alt_exc_stripe:lpm_instance|alt_exc_upcore:core|apex20ke_io_bidir:sdramdqs_pbidir[2]                     ;
;             |apex20ke_io_bidir:sdramdqs_pbidir[3]|   ; 0 (0)       ; 0         ; 0           ; 1    ; 0            ; 0 (0)        ; 0 (0)             ; 0 (0)            ; 0 (0)           ; |arm_top|stripe:inst|alt_exc_stripe:lpm_instance|alt_exc_upcore:core|apex20ke_io_bidir:sdramdqs_pbidir[3]                     ;
;             |apex20ke_io_bidir:uartdcdn_pbidir|      ; 0 (0)       ; 0         ; 0           ; 1    ; 0            ; 0 (0)        ; 0 (0)             ; 0 (0)            ; 0 (0)           ; |arm_top|stripe:inst|alt_exc_stripe:lpm_instance|alt_exc_upcore:core|apex20ke_io_bidir:uartdcdn_pbidir                        ;
;             |apex20ke_io_bidir:uartrin_pbidir|       ; 0 (0)       ; 0         ; 0           ; 1    ; 0            ; 0 (0)        ; 0 (0)             ; 0 (0)            ; 0 (0)           ; |arm_top|stripe:inst|alt_exc_stripe:lpm_instance|alt_exc_upcore:core|apex20ke_io_bidir:uartrin_pbidir                         ;
;             |apex20ke_io_bidir_od:nreset_pbidir|     ; 0 (0)       ; 0         ; 0           ; 1    ; 0            ; 0 (0)        ; 0 (0)             ; 0 (0)            ; 0 (0)           ; |arm_top|stripe:inst|alt_exc_stripe:lpm_instance|alt_exc_upcore:core|apex20ke_io_bidir_od:nreset_pbidir                       ;
;             |apex20ke_io_in:clk_ref_pin|             ; 0 (0)       ; 0         ; 0           ; 1    ; 0            ; 0 (0)        ; 0 (0)             ; 0 (0)            ; 0 (0)           ; |arm_top|stripe:inst|alt_exc_stripe:lpm_instance|alt_exc_upcore:core|apex20ke_io_in:clk_ref_pin                               ;
;             |apex20ke_io_in:ebiack_pin|              ; 0 (0)       ; 0         ; 0           ; 1    ; 0            ; 0 (0)        ; 0 (0)             ; 0 (0)            ; 0 (0)           ; |arm_top|stripe:inst|alt_exc_stripe:lpm_instance|alt_exc_upcore:core|apex20ke_io_in:ebiack_pin                                ;
;             |apex20ke_io_in:intextpin_pin|           ; 0 (0)       ; 0         ; 0           ; 1    ; 0            ; 0 (0)        ; 0 (0)             ; 0 (0)            ; 0 (0)           ; |arm_top|stripe:inst|alt_exc_stripe:lpm_instance|alt_exc_upcore:core|apex20ke_io_in:intextpin_pin                             ;
;             |apex20ke_io_in:npor_pin|                ; 0 (0)       ; 0         ; 0           ; 1    ; 0            ; 0 (0)        ; 0 (0)             ; 0 (0)            ; 0 (0)           ; |arm_top|stripe:inst|alt_exc_stripe:lpm_instance|alt_exc_upcore:core|apex20ke_io_in:npor_pin                                  ;
;             |apex20ke_io_in:uartctsn_pin|            ; 0 (0)       ; 0         ; 0           ; 1    ; 0            ; 0 (0)        ; 0 (0)             ; 0 (0)            ; 0 (0)           ; |arm_top|stripe:inst|alt_exc_stripe:lpm_instance|alt_exc_upcore:core|apex20ke_io_in:uartctsn_pin                              ;
;             |apex20ke_io_in:uartdsrn_pin|            ; 0 (0)       ; 0         ; 0           ; 1    ; 0            ; 0 (0)        ; 0 (0)             ; 0 (0)            ; 0 (0)           ; |arm_top|stripe:inst|alt_exc_stripe:lpm_instance|alt_exc_upcore:core|apex20ke_io_in:uartdsrn_pin                              ;
;             |apex20ke_io_in:uartrxd_pin|             ; 0 (0)       ; 0         ; 0           ; 1    ; 0            ; 0 (0)        ; 0 (0)             ; 0 (0)            ; 0 (0)           ; |arm_top|stripe:inst|alt_exc_stripe:lpm_instance|alt_exc_upcore:core|apex20ke_io_in:uartrxd_pin                               ;
;             |apex20ke_io_out:ebiaddr_pout[0]|        ; 0 (0)       ; 0         ; 0           ; 1    ; 0            ; 0 (0)        ; 0 (0)             ; 0 (0)            ; 0 (0)           ; |arm_top|stripe:inst|alt_exc_stripe:lpm_instance|alt_exc_upcore:core|apex20ke_io_out:ebiaddr_pout[0]                          ;
;             |apex20ke_io_out:ebiaddr_pout[10]|       ; 0 (0)       ; 0         ; 0           ; 1    ; 0            ; 0 (0)        ; 0 (0)             ; 0 (0)            ; 0 (0)           ; |arm_top|stripe:inst|alt_exc_stripe:lpm_instance|alt_exc_upcore:core|apex20ke_io_out:ebiaddr_pout[10]                         ;
;             |apex20ke_io_out:ebiaddr_pout[11]|       ; 0 (0)       ; 0         ; 0           ; 1    ; 0            ; 0 (0)        ; 0 (0)             ; 0 (0)            ; 0 (0)           ; |arm_top|stripe:inst|alt_exc_stripe:lpm_instance|alt_exc_upcore:core|apex20ke_io_out:ebiaddr_pout[11]                         ;
;             |apex20ke_io_out:ebiaddr_pout[12]|       ; 0 (0)       ; 0         ; 0           ; 1    ; 0            ; 0 (0)        ; 0 (0)             ; 0 (0)            ; 0 (0)           ; |arm_top|stripe:inst|alt_exc_stripe:lpm_instance|alt_exc_upcore:core|apex20ke_io_out:ebiaddr_pout[12]                         ;
;             |apex20ke_io_out:ebiaddr_pout[13]|       ; 0 (0)       ; 0         ; 0           ; 1    ; 0            ; 0 (0)        ; 0 (0)             ; 0 (0)            ; 0 (0)           ; |arm_top|stripe:inst|alt_exc_stripe:lpm_instance|alt_exc_upcore:core|apex20ke_io_out:ebiaddr_pout[13]                         ;
;             |apex20ke_io_out:ebiaddr_pout[14]|       ; 0 (0)       ; 0         ; 0           ; 1    ; 0            ; 0 (0)        ; 0 (0)             ; 0 (0)            ; 0 (0)           ; |arm_top|stripe:inst|alt_exc_stripe:lpm_instance|alt_exc_upcore:core|apex20ke_io_out:ebiaddr_pout[14]                         ;
;             |apex20ke_io_out:ebiaddr_pout[15]|       ; 0 (0)       ; 0         ; 0           ; 1    ; 0            ; 0 (0)        ; 0 (0)             ; 0 (0)            ; 0 (0)           ; |arm_top|stripe:inst|alt_exc_stripe:lpm_instance|alt_exc_upcore:core|apex20ke_io_out:ebiaddr_pout[15]                         ;
;             |apex20ke_io_out:ebiaddr_pout[16]|       ; 0 (0)       ; 0         ; 0           ; 1    ; 0            ; 0 (0)        ; 0 (0)             ; 0 (0)            ; 0 (0)           ; |arm_top|stripe:inst|alt_exc_stripe:lpm_instance|alt_exc_upcore:core|apex20ke_io_out:ebiaddr_pout[16]                         ;
;             |apex20ke_io_out:ebiaddr_pout[17]|       ; 0 (0)       ; 0         ; 0           ; 1    ; 0            ; 0 (0)        ; 0 (0)             ; 0 (0)            ; 0 (0)           ; |arm_top|stripe:inst|alt_exc_stripe:lpm_instance|alt_exc_upcore:core|apex20ke_io_out:ebiaddr_pout[17]                         ;
;             |apex20ke_io_out:ebiaddr_pout[18]|       ; 0 (0)       ; 0         ; 0           ; 1    ; 0            ; 0 (0)        ; 0 (0)             ; 0 (0)            ; 0 (0)           ; |arm_top|stripe:inst|alt_exc_stripe:lpm_instance|alt_exc_upcore:core|apex20ke_io_out:ebiaddr_pout[18]                         ;
;             |apex20ke_io_out:ebiaddr_pout[19]|       ; 0 (0)       ; 0         ; 0           ; 1    ; 0            ; 0 (0)        ; 0 (0)             ; 0 (0)            ; 0 (0)           ; |arm_top|stripe:inst|alt_exc_stripe:lpm_instance|alt_exc_upcore:core|apex20ke_io_out:ebiaddr_pout[19]                         ;
;             |apex20ke_io_out:ebiaddr_pout[1]|        ; 0 (0)       ; 0         ; 0           ; 1    ; 0            ; 0 (0)        ; 0 (0)             ; 0 (0)            ; 0 (0)           ; |arm_top|stripe:inst|alt_exc_stripe:lpm_instance|alt_exc_upcore:core|apex20ke_io_out:ebiaddr_pout[1]                          ;
;             |apex20ke_io_out:ebiaddr_pout[20]|       ; 0 (0)       ; 0         ; 0           ; 1    ; 0            ; 0 (0)        ; 0 (0)             ; 0 (0)            ; 0 (0)           ; |arm_top|stripe:inst|alt_exc_stripe:lpm_instance|alt_exc_upcore:core|apex20ke_io_out:ebiaddr_pout[20]                         ;
;             |apex20ke_io_out:ebiaddr_pout[21]|       ; 0 (0)       ; 0         ; 0           ; 1    ; 0            ; 0 (0)        ; 0 (0)             ; 0 (0)            ; 0 (0)           ; |arm_top|stripe:inst|alt_exc_stripe:lpm_instance|alt_exc_upcore:core|apex20ke_io_out:ebiaddr_pout[21]                         ;
;             |apex20ke_io_out:ebiaddr_pout[22]|       ; 0 (0)       ; 0         ; 0           ; 1    ; 0            ; 0 (0)        ; 0 (0)             ; 0 (0)            ; 0 (0)           ; |arm_top|stripe:inst|alt_exc_stripe:lpm_instance|alt_exc_upcore:core|apex20ke_io_out:ebiaddr_pout[22]                         ;
;             |apex20ke_io_out:ebiaddr_pout[23]|       ; 0 (0)       ; 0         ; 0           ; 1    ; 0            ; 0 (0)        ; 0 (0)             ; 0 (0)            ; 0 (0)           ; |arm_top|stripe:inst|alt_exc_stripe:lpm_instance|alt_exc_upcore:core|apex20ke_io_out:ebiaddr_pout[23]                         ;
;             |apex20ke_io_out:ebiaddr_pout[24]|       ; 0 (0)       ; 0         ; 0           ; 1    ; 0            ; 0 (0)        ; 0 (0)             ; 0 (0)            ; 0 (0)           ; |arm_top|stripe:inst|alt_exc_stripe:lpm_instance|alt_exc_upcore:core|apex20ke_io_out:ebiaddr_pout[24]                         ;
;             |apex20ke_io_out:ebiaddr_pout[2]|        ; 0 (0)       ; 0         ; 0           ; 1    ; 0            ; 0 (0)        ; 0 (0)             ; 0 (0)            ; 0 (0)           ; |arm_top|stripe:inst|alt_exc_stripe:lpm_instance|alt_exc_upcore:core|apex20ke_io_out:ebiaddr_pout[2]                          ;
;             |apex20ke_io_out:ebiaddr_pout[3]|        ; 0 (0)       ; 0         ; 0           ; 1    ; 0            ; 0 (0)        ; 0 (0)             ; 0 (0)            ; 0 (0)           ; |arm_top|stripe:inst|alt_exc_stripe:lpm_instance|alt_exc_upcore:core|apex20ke_io_out:ebiaddr_pout[3]                          ;
;             |apex20ke_io_out:ebiaddr_pout[4]|        ; 0 (0)       ; 0         ; 0           ; 1    ; 0            ; 0 (0)        ; 0 (0)             ; 0 (0)            ; 0 (0)           ; |arm_top|stripe:inst|alt_exc_stripe:lpm_instance|alt_exc_upcore:core|apex20ke_io_out:ebiaddr_pout[4]                          ;
;             |apex20ke_io_out:ebiaddr_pout[5]|        ; 0 (0)       ; 0         ; 0           ; 1    ; 0            ; 0 (0)        ; 0 (0)             ; 0 (0)            ; 0 (0)           ; |arm_top|stripe:inst|alt_exc_stripe:lpm_instance|alt_exc_upcore:core|apex20ke_io_out:ebiaddr_pout[5]                          ;
;             |apex20ke_io_out:ebiaddr_pout[6]|        ; 0 (0)       ; 0         ; 0           ; 1    ; 0            ; 0 (0)        ; 0 (0)             ; 0 (0)            ; 0 (0)           ; |arm_top|stripe:inst|alt_exc_stripe:lpm_instance|alt_exc_upcore:core|apex20ke_io_out:ebiaddr_pout[6]                          ;
;             |apex20ke_io_out:ebiaddr_pout[7]|        ; 0 (0)       ; 0         ; 0           ; 1    ; 0            ; 0 (0)        ; 0 (0)             ; 0 (0)            ; 0 (0)           ; |arm_top|stripe:inst|alt_exc_stripe:lpm_instance|alt_exc_upcore:core|apex20ke_io_out:ebiaddr_pout[7]                          ;
;             |apex20ke_io_out:ebiaddr_pout[8]|        ; 0 (0)       ; 0         ; 0           ; 1    ; 0            ; 0 (0)        ; 0 (0)             ; 0 (0)            ; 0 (0)           ; |arm_top|stripe:inst|alt_exc_stripe:lpm_instance|alt_exc_upcore:core|apex20ke_io_out:ebiaddr_pout[8]                          ;
;             |apex20ke_io_out:ebiaddr_pout[9]|        ; 0 (0)       ; 0         ; 0           ; 1    ; 0            ; 0 (0)        ; 0 (0)             ; 0 (0)            ; 0 (0)           ; |arm_top|stripe:inst|alt_exc_stripe:lpm_instance|alt_exc_upcore:core|apex20ke_io_out:ebiaddr_pout[9]                          ;
;             |apex20ke_io_out:ebibe_pout[0]|          ; 0 (0)       ; 0         ; 0           ; 1    ; 0            ; 0 (0)        ; 0 (0)             ; 0 (0)            ; 0 (0)           ; |arm_top|stripe:inst|alt_exc_stripe:lpm_instance|alt_exc_upcore:core|apex20ke_io_out:ebibe_pout[0]                            ;
;             |apex20ke_io_out:ebibe_pout[1]|          ; 0 (0)       ; 0         ; 0           ; 1    ; 0            ; 0 (0)        ; 0 (0)             ; 0 (0)            ; 0 (0)           ; |arm_top|stripe:inst|alt_exc_stripe:lpm_instance|alt_exc_upcore:core|apex20ke_io_out:ebibe_pout[1]                            ;
;             |apex20ke_io_out:ebiclk_pout|            ; 0 (0)       ; 0         ; 0           ; 1    ; 0            ; 0 (0)        ; 0 (0)             ; 0 (0)            ; 0 (0)           ; |arm_top|stripe:inst|alt_exc_stripe:lpm_instance|alt_exc_upcore:core|apex20ke_io_out:ebiclk_pout                              ;
;             |apex20ke_io_out:ebicsn_pout[0]|         ; 0 (0)       ; 0         ; 0           ; 1    ; 0            ; 0 (0)        ; 0 (0)             ; 0 (0)            ; 0 (0)           ; |arm_top|stripe:inst|alt_exc_stripe:lpm_instance|alt_exc_upcore:core|apex20ke_io_out:ebicsn_pout[0]                           ;
;             |apex20ke_io_out:ebicsn_pout[1]|         ; 0 (0)       ; 0         ; 0           ; 1    ; 0            ; 0 (0)        ; 0 (0)             ; 0 (0)            ; 0 (0)           ; |arm_top|stripe:inst|alt_exc_stripe:lpm_instance|alt_exc_upcore:core|apex20ke_io_out:ebicsn_pout[1]                           ;
;             |apex20ke_io_out:ebicsn_pout[2]|         ; 0 (0)       ; 0         ; 0           ; 1    ; 0            ; 0 (0)        ; 0 (0)             ; 0 (0)            ; 0 (0)           ; |arm_top|stripe:inst|alt_exc_stripe:lpm_instance|alt_exc_upcore:core|apex20ke_io_out:ebicsn_pout[2]                           ;
;             |apex20ke_io_out:ebicsn_pout[3]|         ; 0 (0)       ; 0         ; 0           ; 1    ; 0            ; 0 (0)        ; 0 (0)             ; 0 (0)            ; 0 (0)           ; |arm_top|stripe:inst|alt_exc_stripe:lpm_instance|alt_exc_upcore:core|apex20ke_io_out:ebicsn_pout[3]                           ;
;             |apex20ke_io_out:ebioen_pout|            ; 0 (0)       ; 0         ; 0           ; 1    ; 0            ; 0 (0)        ; 0 (0)             ; 0 (0)            ; 0 (0)           ; |arm_top|stripe:inst|alt_exc_stripe:lpm_instance|alt_exc_upcore:core|apex20ke_io_out:ebioen_pout                              ;
;             |apex20ke_io_out:ebiwen_pout|            ; 0 (0)       ; 0         ; 0           ; 1    ; 0            ; 0 (0)        ; 0 (0)             ; 0 (0)            ; 0 (0)           ; |arm_top|stripe:inst|alt_exc_stripe:lpm_instance|alt_exc_upcore:core|apex20ke_io_out:ebiwen_pout                              ;
;             |apex20ke_io_out:sdramaddr_pout[0]|      ; 0 (0)       ; 0         ; 0           ; 1    ; 0            ; 0 (0)        ; 0 (0)             ; 0 (0)            ; 0 (0)           ; |arm_top|stripe:inst|alt_exc_stripe:lpm_instance|alt_exc_upcore:core|apex20ke_io_out:sdramaddr_pout[0]                        ;
;             |apex20ke_io_out:sdramaddr_pout[10]|     ; 0 (0)       ; 0         ; 0           ; 1    ; 0            ; 0 (0)        ; 0 (0)             ; 0 (0)            ; 0 (0)           ; |arm_top|stripe:inst|alt_exc_stripe:lpm_instance|alt_exc_upcore:core|apex20ke_io_out:sdramaddr_pout[10]                       ;
;             |apex20ke_io_out:sdramaddr_pout[11]|     ; 0 (0)       ; 0         ; 0           ; 1    ; 0            ; 0 (0)        ; 0 (0)             ; 0 (0)            ; 0 (0)           ; |arm_top|stripe:inst|alt_exc_stripe:lpm_instance|alt_exc_upcore:core|apex20ke_io_out:sdramaddr_pout[11]                       ;
;             |apex20ke_io_out:sdramaddr_pout[12]|     ; 0 (0)       ; 0         ; 0           ; 1    ; 0            ; 0 (0)        ; 0 (0)             ; 0 (0)            ; 0 (0)           ; |arm_top|stripe:inst|alt_exc_stripe:lpm_instance|alt_exc_upcore:core|apex20ke_io_out:sdramaddr_pout[12]                       ;
;             |apex20ke_io_out:sdramaddr_pout[13]|     ; 0 (0)       ; 0         ; 0           ; 1    ; 0            ; 0 (0)        ; 0 (0)             ; 0 (0)            ; 0 (0)           ; |arm_top|stripe:inst|alt_exc_stripe:lpm_instance|alt_exc_upcore:core|apex20ke_io_out:sdramaddr_pout[13]                       ;
;             |apex20ke_io_out:sdramaddr_pout[14]|     ; 0 (0)       ; 0         ; 0           ; 1    ; 0            ; 0 (0)        ; 0 (0)             ; 0 (0)            ; 0 (0)           ; |arm_top|stripe:inst|alt_exc_stripe:lpm_instance|alt_exc_upcore:core|apex20ke_io_out:sdramaddr_pout[14]                       ;
;             |apex20ke_io_out:sdramaddr_pout[1]|      ; 0 (0)       ; 0         ; 0           ; 1    ; 0            ; 0 (0)        ; 0 (0)             ; 0 (0)            ; 0 (0)           ; |arm_top|stripe:inst|alt_exc_stripe:lpm_instance|alt_exc_upcore:core|apex20ke_io_out:sdramaddr_pout[1]                        ;
;             |apex20ke_io_out:sdramaddr_pout[2]|      ; 0 (0)       ; 0         ; 0           ; 1    ; 0            ; 0 (0)        ; 0 (0)             ; 0 (0)            ; 0 (0)           ; |arm_top|stripe:inst|alt_exc_stripe:lpm_instance|alt_exc_upcore:core|apex20ke_io_out:sdramaddr_pout[2]                        ;
;             |apex20ke_io_out:sdramaddr_pout[3]|      ; 0 (0)       ; 0         ; 0           ; 1    ; 0            ; 0 (0)        ; 0 (0)             ; 0 (0)            ; 0 (0)           ; |arm_top|stripe:inst|alt_exc_stripe:lpm_instance|alt_exc_upcore:core|apex20ke_io_out:sdramaddr_pout[3]                        ;
;             |apex20ke_io_out:sdramaddr_pout[4]|      ; 0 (0)       ; 0         ; 0           ; 1    ; 0            ; 0 (0)        ; 0 (0)             ; 0 (0)            ; 0 (0)           ; |arm_top|stripe:inst|alt_exc_stripe:lpm_instance|alt_exc_upcore:core|apex20ke_io_out:sdramaddr_pout[4]                        ;
;             |apex20ke_io_out:sdramaddr_pout[5]|      ; 0 (0)       ; 0         ; 0           ; 1    ; 0            ; 0 (0)        ; 0 (0)             ; 0 (0)            ; 0 (0)           ; |arm_top|stripe:inst|alt_exc_stripe:lpm_instance|alt_exc_upcore:core|apex20ke_io_out:sdramaddr_pout[5]                        ;
;             |apex20ke_io_out:sdramaddr_pout[6]|      ; 0 (0)       ; 0         ; 0           ; 1    ; 0            ; 0 (0)        ; 0 (0)             ; 0 (0)            ; 0 (0)           ; |arm_top|stripe:inst|alt_exc_stripe:lpm_instance|alt_exc_upcore:core|apex20ke_io_out:sdramaddr_pout[6]                        ;
;             |apex20ke_io_out:sdramaddr_pout[7]|      ; 0 (0)       ; 0         ; 0           ; 1    ; 0            ; 0 (0)        ; 0 (0)             ; 0 (0)            ; 0 (0)           ; |arm_top|stripe:inst|alt_exc_stripe:lpm_instance|alt_exc_upcore:core|apex20ke_io_out:sdramaddr_pout[7]                        ;
;             |apex20ke_io_out:sdramaddr_pout[8]|      ; 0 (0)       ; 0         ; 0           ; 1    ; 0            ; 0 (0)        ; 0 (0)             ; 0 (0)            ; 0 (0)           ; |arm_top|stripe:inst|alt_exc_stripe:lpm_instance|alt_exc_upcore:core|apex20ke_io_out:sdramaddr_pout[8]                        ;
;             |apex20ke_io_out:sdramaddr_pout[9]|      ; 0 (0)       ; 0         ; 0           ; 1    ; 0            ; 0 (0)        ; 0 (0)             ; 0 (0)            ; 0 (0)           ; |arm_top|stripe:inst|alt_exc_stripe:lpm_instance|alt_exc_upcore:core|apex20ke_io_out:sdramaddr_pout[9]                        ;
;             |apex20ke_io_out:sdramcasn_pout|         ; 0 (0)       ; 0         ; 0           ; 1    ; 0            ; 0 (0)        ; 0 (0)             ; 0 (0)            ; 0 (0)           ; |arm_top|stripe:inst|alt_exc_stripe:lpm_instance|alt_exc_upcore:core|apex20ke_io_out:sdramcasn_pout                           ;
;             |apex20ke_io_out:sdramclk_pout|          ; 0 (0)       ; 0         ; 0           ; 1    ; 0            ; 0 (0)        ; 0 (0)             ; 0 (0)            ; 0 (0)           ; |arm_top|stripe:inst|alt_exc_stripe:lpm_instance|alt_exc_upcore:core|apex20ke_io_out:sdramclk_pout                            ;
;             |apex20ke_io_out:sdramclke_pout|         ; 0 (0)       ; 0         ; 0           ; 1    ; 0            ; 0 (0)        ; 0 (0)             ; 0 (0)            ; 0 (0)           ; |arm_top|stripe:inst|alt_exc_stripe:lpm_instance|alt_exc_upcore:core|apex20ke_io_out:sdramclke_pout                           ;
;             |apex20ke_io_out:sdramclkn_pout|         ; 0 (0)       ; 0         ; 0           ; 1    ; 0            ; 0 (0)        ; 0 (0)             ; 0 (0)            ; 0 (0)           ; |arm_top|stripe:inst|alt_exc_stripe:lpm_instance|alt_exc_upcore:core|apex20ke_io_out:sdramclkn_pout                           ;
;             |apex20ke_io_out:sdramcsn_pout[0]|       ; 0 (0)       ; 0         ; 0           ; 1    ; 0            ; 0 (0)        ; 0 (0)             ; 0 (0)            ; 0 (0)           ; |arm_top|stripe:inst|alt_exc_stripe:lpm_instance|alt_exc_upcore:core|apex20ke_io_out:sdramcsn_pout[0]                         ;
;             |apex20ke_io_out:sdramcsn_pout[1]|       ; 0 (0)       ; 0         ; 0           ; 1    ; 0            ; 0 (0)        ; 0 (0)             ; 0 (0)            ; 0 (0)           ; |arm_top|stripe:inst|alt_exc_stripe:lpm_instance|alt_exc_upcore:core|apex20ke_io_out:sdramcsn_pout[1]                         ;
;             |apex20ke_io_out:sdramdqm_pout[0]|       ; 0 (0)       ; 0         ; 0           ; 1    ; 0            ; 0 (0)        ; 0 (0)             ; 0 (0)            ; 0 (0)           ; |arm_top|stripe:inst|alt_exc_stripe:lpm_instance|alt_exc_upcore:core|apex20ke_io_out:sdramdqm_pout[0]                         ;
;             |apex20ke_io_out:sdramdqm_pout[1]|       ; 0 (0)       ; 0         ; 0           ; 1    ; 0            ; 0 (0)        ; 0 (0)             ; 0 (0)            ; 0 (0)           ; |arm_top|stripe:inst|alt_exc_stripe:lpm_instance|alt_exc_upcore:core|apex20ke_io_out:sdramdqm_pout[1]                         ;
;             |apex20ke_io_out:sdramdqm_pout[2]|       ; 0 (0)       ; 0         ; 0           ; 1    ; 0            ; 0 (0)        ; 0 (0)             ; 0 (0)            ; 0 (0)           ; |arm_top|stripe:inst|alt_exc_stripe:lpm_instance|alt_exc_upcore:core|apex20ke_io_out:sdramdqm_pout[2]                         ;
;             |apex20ke_io_out:sdramdqm_pout[3]|       ; 0 (0)       ; 0         ; 0           ; 1    ; 0            ; 0 (0)        ; 0 (0)             ; 0 (0)            ; 0 (0)           ; |arm_top|stripe:inst|alt_exc_stripe:lpm_instance|alt_exc_upcore:core|apex20ke_io_out:sdramdqm_pout[3]                         ;
;             |apex20ke_io_out:sdramrasn_pout|         ; 0 (0)       ; 0         ; 0           ; 1    ; 0            ; 0 (0)        ; 0 (0)             ; 0 (0)            ; 0 (0)           ; |arm_top|stripe:inst|alt_exc_stripe:lpm_instance|alt_exc_upcore:core|apex20ke_io_out:sdramrasn_pout                           ;
;             |apex20ke_io_out:sdramwen_pout|          ; 0 (0)       ; 0         ; 0           ; 1    ; 0            ; 0 (0)        ; 0 (0)             ; 0 (0)            ; 0 (0)           ; |arm_top|stripe:inst|alt_exc_stripe:lpm_instance|alt_exc_upcore:core|apex20ke_io_out:sdramwen_pout                            ;
;             |apex20ke_io_out:uartdtrn_pout|          ; 0 (0)       ; 0         ; 0           ; 1    ; 0            ; 0 (0)        ; 0 (0)             ; 0 (0)            ; 0 (0)           ; |arm_top|stripe:inst|alt_exc_stripe:lpm_instance|alt_exc_upcore:core|apex20ke_io_out:uartdtrn_pout                            ;
;             |apex20ke_io_out:uartrtsn_pout|          ; 0 (0)       ; 0         ; 0           ; 1    ; 0            ; 0 (0)        ; 0 (0)             ; 0 (0)            ; 0 (0)           ; |arm_top|stripe:inst|alt_exc_stripe:lpm_instance|alt_exc_upcore:core|apex20ke_io_out:uartrtsn_pout                            ;
;             |apex20ke_io_out:uarttxd_pout|           ; 0 (0)       ; 0         ; 0           ; 1    ; 0            ; 0 (0)        ; 0 (0)             ; 0 (0)            ; 0 (0)           ; |arm_top|stripe:inst|alt_exc_stripe:lpm_instance|alt_exc_upcore:core|apex20ke_io_out:uarttxd_pout                             ;
;    |system_pll:inst6|                                ; 0 (0)       ; 0         ; 0           ; 0    ; 0            ; 0 (0)        ; 0 (0)             ; 0 (0)            ; 0 (0)           ; |arm_top|system_pll:inst6                                                                                                     ;
;       |altclklock:altclklock_component|              ; 0 (0)       ; 0         ; 0           ; 0    ; 0            ; 0 (0)        ; 0 (0)             ; 0 (0)            ; 0 (0)           ; |arm_top|system_pll:inst6|altclklock:altclklock_component                                                                     ;
;    |video_dma3:inst5|                                ; 675 (0)     ; 366       ; 16384       ; 0    ; 0            ; 309 (0)      ; 174 (0)           ; 192 (0)          ; 211 (0)         ; |arm_top|video_dma3:inst5                                                                                                     ;
;       |irq_control:inst4|                            ; 6 (6)       ; 1         ; 0           ; 0    ; 0            ; 5 (5)        ; 0 (0)             ; 1 (1)            ; 0 (0)           ; |arm_top|video_dma3:inst5|irq_control:inst4                                                                                   ;
;       |line_buffer:inst|                             ; 0 (0)       ; 0         ; 16384       ; 0    ; 0            ; 0 (0)        ; 0 (0)             ; 0 (0)            ; 0 (0)           ; |arm_top|video_dma3:inst5|line_buffer:inst                                                                                    ;
;          |lpm_ram_dp:lpm_ram_dp_component|           ; 0 (0)       ; 0         ; 16384       ; 0    ; 0            ; 0 (0)        ; 0 (0)             ; 0 (0)            ; 0 (0)           ; |arm_top|video_dma3:inst5|line_buffer:inst|lpm_ram_dp:lpm_ram_dp_component                                                    ;
;             |altdpram:sram|                          ; 0 (0)       ; 0         ; 16384       ; 0    ; 0            ; 0 (0)        ; 0 (0)             ; 0 (0)            ; 0 (0)           ; |arm_top|video_dma3:inst5|line_buffer:inst|lpm_ram_dp:lpm_ram_dp_component|altdpram:sram                                      ;
;       |slave_interface:inst2|                        ; 202 (202)   ; 133       ; 0           ; 0    ; 0            ; 69 (69)      ; 99 (99)           ; 34 (34)          ; 0 (0)           ; |arm_top|video_dma3:inst5|slave_interface:inst2                                                                               ;
;       |vga_driver:inst5|                             ; 207 (153)   ; 90        ; 0           ; 0    ; 0            ; 117 (115)    ; 4 (4)             ; 86 (34)          ; 139 (87)        ; |arm_top|video_dma3:inst5|vga_driver:inst5                                                                                    ;
;          |lpm_counter:line_counter_rtl_3|            ; 11 (0)      ; 10        ; 0           ; 0    ; 0            ; 1 (0)        ; 0 (0)             ; 10 (0)           ; 10 (0)          ; |arm_top|video_dma3:inst5|vga_driver:inst5|lpm_counter:line_counter_rtl_3                                                     ;
;             |alt_synch_counter:wysi_counter|         ; 11 (11)     ; 10        ; 0           ; 0    ; 0            ; 1 (1)        ; 0 (0)             ; 10 (10)          ; 10 (10)         ; |arm_top|video_dma3:inst5|vga_driver:inst5|lpm_counter:line_counter_rtl_3|alt_synch_counter:wysi_counter                      ;
;          |lpm_counter:pixel_counter_rtl_0|           ; 11 (0)      ; 10        ; 0           ; 0    ; 0            ; 1 (0)        ; 0 (0)             ; 10 (0)           ; 10 (0)          ; |arm_top|video_dma3:inst5|vga_driver:inst5|lpm_counter:pixel_counter_rtl_0                                                    ;
;             |alt_synch_counter:wysi_counter|         ; 11 (11)     ; 10        ; 0           ; 0    ; 0            ; 1 (1)        ; 0 (0)             ; 10 (10)          ; 10 (10)         ; |arm_top|video_dma3:inst5|vga_driver:inst5|lpm_counter:pixel_counter_rtl_0|alt_synch_counter:wysi_counter                     ;
;          |lpm_counter:video_address_sig_rtl_4|       ; 32 (0)      ; 32        ; 0           ; 0    ; 0            ; 0 (0)        ; 0 (0)             ; 32 (0)           ; 32 (0)          ; |arm_top|video_dma3:inst5|vga_driver:inst5|lpm_counter:video_address_sig_rtl_4                                                ;
;             |alt_synch_counter:wysi_counter|         ; 32 (32)     ; 32        ; 0           ; 0    ; 0            ; 0 (0)        ; 0 (0)             ; 32 (32)          ; 32 (32)         ; |arm_top|video_dma3:inst5|vga_driver:inst5|lpm_counter:video_address_sig_rtl_4|alt_synch_counter:wysi_counter                 ;
;       |video_dma_controller:inst1|                   ; 260 (204)   ; 142       ; 0           ; 0    ; 0            ; 118 (118)    ; 71 (71)           ; 71 (15)          ; 72 (16)         ; |arm_top|video_dma3:inst5|video_dma_controller:inst1                                                                          ;
;          |lpm_counter:burst_counter_rtl_2|           ; 6 (0)       ; 6         ; 0           ; 0    ; 0            ; 0 (0)        ; 0 (0)             ; 6 (0)            ; 6 (0)           ; |arm_top|video_dma3:inst5|video_dma_controller:inst1|lpm_counter:burst_counter_rtl_2                                          ;
;             |alt_synch_counter:wysi_counter|         ; 6 (6)       ; 6         ; 0           ; 0    ; 0            ; 0 (0)        ; 0 (0)             ; 6 (6)            ; 6 (6)           ; |arm_top|video_dma3:inst5|video_dma_controller:inst1|lpm_counter:burst_counter_rtl_2|alt_synch_counter:wysi_counter           ;
;          |lpm_counter:line_counter_rtl_6|            ; 10 (0)      ; 10        ; 0           ; 0    ; 0            ; 0 (0)        ; 0 (0)             ; 10 (0)           ; 10 (0)          ; |arm_top|video_dma3:inst5|video_dma_controller:inst1|lpm_counter:line_counter_rtl_6                                           ;
;             |alt_synch_counter:wysi_counter|         ; 10 (10)     ; 10        ; 0           ; 0    ; 0            ; 0 (0)        ; 0 (0)             ; 10 (10)          ; 10 (10)         ; |arm_top|video_dma3:inst5|video_dma_controller:inst1|lpm_counter:line_counter_rtl_6|alt_synch_counter:wysi_counter            ;
;          |lpm_counter:masterhaddr_sig_rtl_1|         ; 30 (0)      ; 30        ; 0           ; 0    ; 0            ; 0 (0)        ; 0 (0)             ; 30 (0)           ; 30 (0)          ; |arm_top|video_dma3:inst5|video_dma_controller:inst1|lpm_counter:masterhaddr_sig_rtl_1                                        ;
;             |alt_synch_counter:wysi_counter|         ; 30 (30)     ; 30        ; 0           ; 0    ; 0            ; 0 (0)        ; 0 (0)             ; 30 (30)          ; 30 (30)         ; |arm_top|video_dma3:inst5|video_dma_controller:inst1|lpm_counter:masterhaddr_sig_rtl_1|alt_synch_counter:wysi_counter         ;
;          |lpm_counter:rx_buffer_wraddress_sig_rtl_5| ; 10 (0)      ; 10        ; 0           ; 0    ; 0            ; 0 (0)        ; 0 (0)             ; 10 (0)           ; 10 (0)          ; |arm_top|video_dma3:inst5|video_dma_controller:inst1|lpm_counter:rx_buffer_wraddress_sig_rtl_5                                ;
;             |alt_synch_counter:wysi_counter|         ; 10 (10)     ; 10        ; 0           ; 0    ; 0            ; 0 (0)        ; 0 (0)             ; 10 (10)          ; 10 (10)         ; |arm_top|video_dma3:inst5|video_dma_controller:inst1|lpm_counter:rx_buffer_wraddress_sig_rtl_5|alt_synch_counter:wysi_counter ;
+------------------------------------------------------+-------------+-----------+-------------+------+--------------+--------------+-------------------+------------------+-----------------+-------------------------------------------------------------------------------------------------------------------------------+


+-----------------------------------------------------------------------------------------------------------------------+
; Delay Chain Summary                                                                                                   ;
+------------------------------------------------------------------------------------------------------------------------
; Name           ; Pin Type ; Pad to Core ; Pad to Input Register ; Core to Output Register ; Core to CE Register ; TCO ;
+----------------+----------+-------------+-----------------------+-------------------------+---------------------+-----+
; RESET_N        ; Input    ; ON          ; OFF                   ; OFF                     ; OFF                 ; OFF ;
; sys_clk        ; Input    ; OFF         ; OFF                   ; OFF                     ; OFF                 ; OFF ;
; vsync          ; Output   ; OFF         ; OFF                   ; OFF                     ; OFF                 ; OFF ;
; hsync          ; Output   ; OFF         ; OFF                   ; OFF                     ; OFF                 ; OFF ;
; vga_clk        ; Output   ; OFF         ; OFF                   ; OFF                     ; OFF                 ; OFF ;
; DE             ; Output   ; OFF         ; OFF                   ; OFF                     ; OFF                 ; OFF ;
; hsync_test     ; Output   ; OFF         ; OFF                   ; OFF                     ; OFF                 ; OFF ;
; vsync_test     ; Output   ; OFF         ; OFF                   ; OFF                     ; OFF                 ; OFF ;
; DE_test        ; Output   ; OFF         ; OFF                   ; OFF                     ; OFF                 ; OFF ;
; clk_test       ; Output   ; OFF         ; OFF                   ; OFF                     ; OFF                 ; OFF ;
; B[7]           ; Output   ; OFF         ; OFF                   ; OFF                     ; OFF                 ; OFF ;
; B[6]           ; Output   ; OFF         ; OFF                   ; OFF                     ; OFF                 ; OFF ;
; B[5]           ; Output   ; OFF         ; OFF                   ; OFF                     ; OFF                 ; OFF ;
; B[4]           ; Output   ; OFF         ; OFF                   ; OFF                     ; OFF                 ; OFF ;
; B[3]           ; Output   ; OFF         ; OFF                   ; OFF                     ; OFF                 ; OFF ;
; B[2]           ; Output   ; OFF         ; OFF                   ; OFF                     ; OFF                 ; OFF ;
; B[1]           ; Output   ; OFF         ; OFF                   ; OFF                     ; OFF                 ; OFF ;
; B[0]           ; Output   ; OFF         ; OFF                   ; OFF                     ; OFF                 ; OFF ;
; G[7]           ; Output   ; OFF         ; OFF                   ; OFF                     ; OFF                 ; OFF ;
; G[6]           ; Output   ; OFF         ; OFF                   ; OFF                     ; OFF                 ; OFF ;
; G[5]           ; Output   ; OFF         ; OFF                   ; OFF                     ; OFF                 ; OFF ;
; G[4]           ; Output   ; OFF         ; OFF                   ; OFF                     ; OFF                 ; OFF ;
; G[3]           ; Output   ; OFF         ; OFF                   ; OFF                     ; OFF                 ; OFF ;
; G[2]           ; Output   ; OFF         ; OFF                   ; OFF                     ; OFF                 ; OFF ;
; G[1]           ; Output   ; OFF         ; OFF                   ; OFF                     ; OFF                 ; OFF ;
; G[0]           ; Output   ; OFF         ; OFF                   ; OFF                     ; OFF                 ; OFF ;
; R[7]           ; Output   ; OFF         ; OFF                   ; OFF                     ; OFF                 ; OFF ;
; R[6]           ; Output   ; OFF         ; OFF                   ; OFF                     ; OFF                 ; OFF ;
; R[5]           ; Output   ; OFF         ; OFF                   ; OFF                     ; OFF                 ; OFF ;
; R[4]           ; Output   ; OFF         ; OFF                   ; OFF                     ; OFF                 ; OFF ;
; R[3]           ; Output   ; OFF         ; OFF                   ; OFF                     ; OFF                 ; OFF ;
; R[2]           ; Output   ; OFF         ; OFF                   ; OFF                     ; OFF                 ; OFF ;
; R[1]           ; Output   ; OFF         ; OFF                   ; OFF                     ; OFF                 ; OFF ;
; R[0]           ; Output   ; OFF         ; OFF                   ; OFF                     ; OFF                 ; OFF ;
; R_test[7]      ; Output   ; OFF         ; OFF                   ; OFF                     ; OFF                 ; OFF ;
; R_test[6]      ; Output   ; OFF         ; OFF                   ; OFF                     ; OFF                 ; OFF ;
; R_test[5]      ; Output   ; OFF         ; OFF                   ; OFF                     ; OFF                 ; OFF ;
; R_test[4]      ; Output   ; OFF         ; OFF                   ; OFF                     ; OFF                 ; OFF ;
; R_test[3]      ; Output   ; OFF         ; OFF                   ; OFF                     ; OFF                 ; OFF ;
; R_test[2]      ; Output   ; OFF         ; OFF                   ; OFF                     ; OFF                 ; OFF ;
; R_test[1]      ; Output   ; OFF         ; OFF                   ; OFF                     ; OFF                 ; OFF ;
; R_test[0]      ; Output   ; OFF         ; OFF                   ; OFF                     ; OFF                 ; OFF ;
; uartrxd        ; Input    ; ON          ; OFF                   ; OFF                     ; OFF                 ; OFF ;
; intextpin      ; Input    ; ON          ; OFF                   ; OFF                     ; OFF                 ; OFF ;
; uartdsrn       ; Input    ; ON          ; OFF                   ; OFF                     ; OFF                 ; OFF ;
; uartctsn       ; Input    ; ON          ; OFF                   ; OFF                     ; OFF                 ; OFF ;
; ebiack         ; Input    ; ON          ; OFF                   ; OFF                     ; OFF                 ; OFF ;
; sdramdqs[0]    ; Bidir    ; ON          ; OFF                   ; OFF                     ; OFF                 ; OFF ;
; sdramdqs[1]    ; Bidir    ; ON          ; OFF                   ; OFF                     ; OFF                 ; OFF ;
; sdramdqs[2]    ; Bidir    ; ON          ; OFF                   ; OFF                     ; OFF                 ; OFF ;
; sdramdqs[3]    ; Bidir    ; ON          ; OFF                   ; OFF                     ; OFF                 ; OFF ;
; sdramdq[0]     ; Bidir    ; ON          ; OFF                   ; OFF                     ; OFF                 ; OFF ;
; sdramdq[1]     ; Bidir    ; ON          ; OFF                   ; OFF                     ; OFF                 ; OFF ;
; sdramdq[2]     ; Bidir    ; ON          ; OFF                   ; OFF                     ; OFF                 ; OFF ;
; sdramdq[3]     ; Bidir    ; ON          ; OFF                   ; OFF                     ; OFF                 ; OFF ;
; sdramdq[4]     ; Bidir    ; ON          ; OFF                   ; OFF                     ; OFF                 ; OFF ;
; sdramdq[5]     ; Bidir    ; ON          ; OFF                   ; OFF                     ; OFF                 ; OFF ;
; sdramdq[6]     ; Bidir    ; ON          ; OFF                   ; OFF                     ; OFF                 ; OFF ;
; sdramdq[7]     ; Bidir    ; ON          ; OFF                   ; OFF                     ; OFF                 ; OFF ;
; sdramdq[8]     ; Bidir    ; ON          ; OFF                   ; OFF                     ; OFF                 ; OFF ;
; sdramdq[9]     ; Bidir    ; ON          ; OFF                   ; OFF                     ; OFF                 ; OFF ;
; sdramdq[10]    ; Bidir    ; ON          ; OFF                   ; OFF                     ; OFF                 ; OFF ;
; sdramdq[11]    ; Bidir    ; ON          ; OFF                   ; OFF                     ; OFF                 ; OFF ;
; sdramdq[12]    ; Bidir    ; ON          ; OFF                   ; OFF                     ; OFF                 ; OFF ;
; sdramdq[13]    ; Bidir    ; ON          ; OFF                   ; OFF                     ; OFF                 ; OFF ;
; sdramdq[14]    ; Bidir    ; ON          ; OFF                   ; OFF                     ; OFF                 ; OFF ;
; sdramdq[15]    ; Bidir    ; ON          ; OFF                   ; OFF                     ; OFF                 ; OFF ;
; sdramdq[16]    ; Bidir    ; ON          ; OFF                   ; OFF                     ; OFF                 ; OFF ;
; sdramdq[17]    ; Bidir    ; ON          ; OFF                   ; OFF                     ; OFF                 ; OFF ;
; sdramdq[18]    ; Bidir    ; ON          ; OFF                   ; OFF                     ; OFF                 ; OFF ;
; sdramdq[19]    ; Bidir    ; ON          ; OFF                   ; OFF                     ; OFF                 ; OFF ;
; sdramdq[20]    ; Bidir    ; ON          ; OFF                   ; OFF                     ; OFF                 ; OFF ;
; sdramdq[21]    ; Bidir    ; ON          ; OFF                   ; OFF                     ; OFF                 ; OFF ;
; sdramdq[22]    ; Bidir    ; ON          ; OFF                   ; OFF                     ; OFF                 ; OFF ;
; sdramdq[23]    ; Bidir    ; ON          ; OFF                   ; OFF                     ; OFF                 ; OFF ;
; sdramdq[24]    ; Bidir    ; ON          ; OFF                   ; OFF                     ; OFF                 ; OFF ;
; sdramdq[25]    ; Bidir    ; ON          ; OFF                   ; OFF                     ; OFF                 ; OFF ;
; sdramdq[26]    ; Bidir    ; ON          ; OFF                   ; OFF                     ; OFF                 ; OFF ;
; sdramdq[27]    ; Bidir    ; ON          ; OFF                   ; OFF                     ; OFF                 ; OFF ;
; sdramdq[28]    ; Bidir    ; ON          ; OFF                   ; OFF                     ; OFF                 ; OFF ;
; sdramdq[29]    ; Bidir    ; ON          ; OFF                   ; OFF                     ; OFF                 ; OFF ;
; sdramdq[30]    ; Bidir    ; ON          ; OFF                   ; OFF                     ; OFF                 ; OFF ;
; sdramdq[31]    ; Bidir    ; ON          ; OFF                   ; OFF                     ; OFF                 ; OFF ;
; ebidq[0]       ; Bidir    ; ON          ; OFF                   ; OFF                     ; OFF                 ; OFF ;
; ebidq[1]       ; Bidir    ; ON          ; OFF                   ; OFF                     ; OFF                 ; OFF ;
; ebidq[2]       ; Bidir    ; ON          ; OFF                   ; OFF                     ; OFF                 ; OFF ;
; ebidq[3]       ; Bidir    ; ON          ; OFF                   ; OFF                     ; OFF                 ; OFF ;
; ebidq[4]       ; Bidir    ; ON          ; OFF                   ; OFF                     ; OFF                 ; OFF ;
; ebidq[5]       ; Bidir    ; ON          ; OFF                   ; OFF                     ; OFF                 ; OFF ;
; ebidq[6]       ; Bidir    ; ON          ; OFF                   ; OFF                     ; OFF                 ; OFF ;
; ebidq[7]       ; Bidir    ; ON          ; OFF                   ; OFF                     ; OFF                 ; OFF ;
; ebidq[8]       ; Bidir    ; ON          ; OFF                   ; OFF                     ; OFF                 ; OFF ;
; ebidq[9]       ; Bidir    ; ON          ; OFF                   ; OFF                     ; OFF                 ; OFF ;
; ebidq[10]      ; Bidir    ; ON          ; OFF                   ; OFF                     ; OFF                 ; OFF ;
; ebidq[11]      ; Bidir    ; ON          ; OFF                   ; OFF                     ; OFF                 ; OFF ;
; ebidq[12]      ; Bidir    ; ON          ; OFF                   ; OFF                     ; OFF                 ; OFF ;
; ebidq[13]      ; Bidir    ; ON          ; OFF                   ; OFF                     ; OFF                 ; OFF ;
; ebidq[14]      ; Bidir    ; ON          ; OFF                   ; OFF                     ; OFF                 ; OFF ;
; ebidq[15]      ; Bidir    ; ON          ; OFF                   ; OFF                     ; OFF                 ; OFF ;
; uartrin        ; Bidir    ; ON          ; OFF                   ; OFF                     ; OFF                 ; OFF ;
; uartdcdn       ; Bidir    ; ON          ; OFF                   ; OFF                     ; OFF                 ; OFF ;
; uartdtrn       ; Output   ; OFF         ; OFF                   ; OFF                     ; OFF                 ; OFF ;
; uartrtsn       ; Output   ; OFF         ; OFF                   ; OFF                     ; OFF                 ; OFF ;
; uarttxd        ; Output   ; OFF         ; OFF                   ; OFF                     ; OFF                 ; OFF ;
; ebibe[0]       ; Output   ; OFF         ; OFF                   ; OFF                     ; OFF                 ; OFF ;
; ebibe[1]       ; Output   ; OFF         ; OFF                   ; OFF                     ; OFF                 ; OFF ;
; ebicsn[0]      ; Output   ; OFF         ; OFF                   ; OFF                     ; OFF                 ; OFF ;
; ebicsn[1]      ; Output   ; OFF         ; OFF                   ; OFF                     ; OFF                 ; OFF ;
; ebicsn[2]      ; Output   ; OFF         ; OFF                   ; OFF                     ; OFF                 ; OFF ;
; ebicsn[3]      ; Output   ; OFF         ; OFF                   ; OFF                     ; OFF                 ; OFF ;
; ebiaddr[0]     ; Output   ; OFF         ; OFF                   ; OFF                     ; OFF                 ; OFF ;
; ebiaddr[1]     ; Output   ; OFF         ; OFF                   ; OFF                     ; OFF                 ; OFF ;
; ebiaddr[2]     ; Output   ; OFF         ; OFF                   ; OFF                     ; OFF                 ; OFF ;
; ebiaddr[3]     ; Output   ; OFF         ; OFF                   ; OFF                     ; OFF                 ; OFF ;
; ebiaddr[4]     ; Output   ; OFF         ; OFF                   ; OFF                     ; OFF                 ; OFF ;
; ebiaddr[5]     ; Output   ; OFF         ; OFF                   ; OFF                     ; OFF                 ; OFF ;
; ebiaddr[6]     ; Output   ; OFF         ; OFF                   ; OFF                     ; OFF                 ; OFF ;
; ebiaddr[7]     ; Output   ; OFF         ; OFF                   ; OFF                     ; OFF                 ; OFF ;
; ebiaddr[8]     ; Output   ; OFF         ; OFF                   ; OFF                     ; OFF                 ; OFF ;
; ebiaddr[9]     ; Output   ; OFF         ; OFF                   ; OFF                     ; OFF                 ; OFF ;
; ebiaddr[10]    ; Output   ; OFF         ; OFF                   ; OFF                     ; OFF                 ; OFF ;
; ebiaddr[11]    ; Output   ; OFF         ; OFF                   ; OFF                     ; OFF                 ; OFF ;
; ebiaddr[12]    ; Output   ; OFF         ; OFF                   ; OFF                     ; OFF                 ; OFF ;
; ebiaddr[13]    ; Output   ; OFF         ; OFF                   ; OFF                     ; OFF                 ; OFF ;
; ebiaddr[14]    ; Output   ; OFF         ; OFF                   ; OFF                     ; OFF                 ; OFF ;
; ebiaddr[15]    ; Output   ; OFF         ; OFF                   ; OFF                     ; OFF                 ; OFF ;
; ebiaddr[16]    ; Output   ; OFF         ; OFF                   ; OFF                     ; OFF                 ; OFF ;
; ebiaddr[17]    ; Output   ; OFF         ; OFF                   ; OFF                     ; OFF                 ; OFF ;
; ebiaddr[18]    ; Output   ; OFF         ; OFF                   ; OFF                     ; OFF                 ; OFF ;
; ebiaddr[19]    ; Output   ; OFF         ; OFF                   ; OFF                     ; OFF                 ; OFF ;
; ebiaddr[20]    ; Output   ; OFF         ; OFF                   ; OFF                     ; OFF                 ; OFF ;
; ebiaddr[21]    ; Output   ; OFF         ; OFF                   ; OFF                     ; OFF                 ; OFF ;
; ebiaddr[22]    ; Output   ; OFF         ; OFF                   ; OFF                     ; OFF                 ; OFF ;
; ebiaddr[23]    ; Output   ; OFF         ; OFF                   ; OFF                     ; OFF                 ; OFF ;
; ebiaddr[24]    ; Output   ; OFF         ; OFF                   ; OFF                     ; OFF                 ; OFF ;
; ebiclk         ; Output   ; OFF         ; OFF                   ; OFF                     ; OFF                 ; OFF ;
; ebioen         ; Output   ; OFF         ; OFF                   ; OFF                     ; OFF                 ; OFF ;
; ebiwen         ; Output   ; OFF         ; OFF                   ; OFF                     ; OFF                 ; OFF ;
; sdramaddr2[0]  ; Output   ; OFF         ; OFF                   ; OFF                     ; OFF                 ; OFF ;
; sdramaddr2[1]  ; Output   ; OFF         ; OFF                   ; OFF                     ; OFF                 ; OFF ;
; sdramaddr2[2]  ; Output   ; OFF         ; OFF                   ; OFF                     ; OFF                 ; OFF ;
; sdramaddr2[3]  ; Output   ; OFF         ; OFF                   ; OFF                     ; OFF                 ; OFF ;
; sdramaddr2[4]  ; Output   ; OFF         ; OFF                   ; OFF                     ; OFF                 ; OFF ;
; sdramaddr2[5]  ; Output   ; OFF         ; OFF                   ; OFF                     ; OFF                 ; OFF ;
; sdramaddr2[6]  ; Output   ; OFF         ; OFF                   ; OFF                     ; OFF                 ; OFF ;
; sdramaddr2[7]  ; Output   ; OFF         ; OFF                   ; OFF                     ; OFF                 ; OFF ;
; sdramaddr2[8]  ; Output   ; OFF         ; OFF                   ; OFF                     ; OFF                 ; OFF ;
; sdramaddr2[9]  ; Output   ; OFF         ; OFF                   ; OFF                     ; OFF                 ; OFF ;
; sdramaddr2[10] ; Output   ; OFF         ; OFF                   ; OFF                     ; OFF                 ; OFF ;
; sdramaddr2[11] ; Output   ; OFF         ; OFF                   ; OFF                     ; OFF                 ; OFF ;
; sdramaddr2[12] ; Output   ; OFF         ; OFF                   ; OFF                     ; OFF                 ; OFF ;
; sdramaddr2[13] ; Output   ; OFF         ; OFF                   ; OFF                     ; OFF                 ; OFF ;
; sdramaddr2[14] ; Output   ; OFF         ; OFF                   ; OFF                     ; OFF                 ; OFF ;
; sdramcsn[0]    ; Output   ; OFF         ; OFF                   ; OFF                     ; OFF                 ; OFF ;
; sdramcsn[1]    ; Output   ; OFF         ; OFF                   ; OFF                     ; OFF                 ; OFF ;
; sdramdqm[0]    ; Output   ; OFF         ; OFF                   ; OFF                     ; OFF                 ; OFF ;
; sdramdqm[1]    ; Output   ; OFF         ; OFF                   ; OFF                     ; OFF                 ; OFF ;
; sdramdqm[2]    ; Output   ; OFF         ; OFF                   ; OFF                     ; OFF                 ; OFF ;
; sdramdqm[3]    ; Output   ; OFF         ; OFF                   ; OFF                     ; OFF                 ; OFF ;
; sdramrasn      ; Output   ; OFF         ; OFF                   ; OFF                     ; OFF                 ; OFF ;
; sdramcasn      ; Output   ; OFF         ; OFF                   ; OFF                     ; OFF                 ; OFF ;
; sdramwen       ; Output   ; OFF         ; OFF                   ; OFF                     ; OFF                 ; OFF ;
; sdramclke      ; Output   ; OFF         ; OFF                   ; OFF                     ; OFF                 ; OFF ;
; sdramclkn      ; Output   ; OFF         ; OFF                   ; OFF                     ; OFF                 ; OFF ;
; sdramclk       ; Output   ; OFF         ; OFF                   ; OFF                     ; OFF                 ; OFF ;
; nreset         ; Bidir    ; ON          ; OFF                   ; OFF                     ; OFF                 ; OFF ;
; clk_ref        ; Input    ; ON          ; OFF                   ; OFF                     ; OFF                 ; OFF ;
; npor           ; Input    ; ON          ; OFF                   ; OFF                     ; OFF                 ; OFF ;
; ~INIT_DONE~    ; Output   ; OFF         ; OFF                   ; OFF                     ; OFF                 ; OFF ;
; ~SD_DDR_VS2~   ; Output   ; OFF         ; OFF                   ; OFF                     ; OFF                 ; OFF ;
; ~SD_DDR_VS1~   ; Output   ; OFF         ; OFF                   ; OFF                     ; OFF                 ; OFF ;
; ~SD_DDR_VS0~   ; Output   ; OFF         ; OFF                   ; OFF                     ; OFF                 ; OFF ;
+----------------+----------+-------------+-----------------------+-------------------------+---------------------+-----+


+------------------------------+
; I/O Bank Usage               ;
+-------------------------------
; I/O Bank ; Usage             ;
+----------+-------------------+
; 1        ; 0 / 21 ( 0 % )    ;
; 2        ; 66 / 66 ( 100 % ) ;
; 3        ; 1 / 39 ( 2 % )    ;
; 6        ; 52 / 52 ( 100 % ) ;
; 7        ; 8 / 8 ( 100 % )   ;
; 8        ; 3 / 84 ( 3 % )    ;
; 9        ; 8 / 82 ( 9 % )    ;
; 10       ; 0 / 97 ( 0 % )    ;
; 11       ; 12 / 95 ( 12 % )  ;
; 12       ; 17 / 81 ( 20 % )  ;
; 13       ; 2 / 87 ( 2 % )    ;
+----------+-------------------+


+--------------------------------------------------------------------------------------------------------------------------------------------------------------------------------------------------------------------------------------------------------------------------+
; Fitter RAM Summary                                                                                                                                                                                                                                                       ;
+---------------------------------------------------------------------------------------------------------------------------------------------------------------------------------------------------------------------------------------------------------------------------
; Name                                                                                    ; Mode      ; Port A Depth ; Port A Width ; Port B Depth ; Port B Width ; Size  ; ESBs ; MIF  ; Location                                                                         ;
+-----------------------------------------------------------------------------------------+-----------+--------------+--------------+--------------+--------------+-------+------+------+----------------------------------------------------------------------------------+
; video_dma3:inst5|line_buffer:inst|lpm_ram_dp:lpm_ram_dp_component|altdpram:sram|content ; Dual Port ; 512          ; 32           ; 512          ; 32           ; 16384 ; 8    ; none ; ESB_1_D1, ESB_1_AI1, ESB_1_N1, ESB_1_V1, ESB_1_L1, ESB_1_M1, ESB_1_AA1, ESB_1_W1 ;
+-----------------------------------------------------------------------------------------+-----------+--------------+--------------+--------------+--------------+-------+------+------+----------------------------------------------------------------------------------+


+---------------+
; Pin-Out File  ;
+---------------+
The pin-out file can be found in C:/SoCMasterXP8000/tftlcd/quartus/arm_top.pin.


+------------------+
; Fitter Messages  ;
+------------------+
Info: *******************************************************************
Info: Running Quartus II Fitter
    Info: Version 4.0 Build 190 1/28/2004 SJ Full Version
    Info: Processing started: Thu Jul 21 14:45:07 2005
Info: Command: quartus_fit --import_settings_files=off --export_settings_files=off arm_top -c arm_top
Info: Selected device EPXA10F1020C2 for design arm_top
Info: Implementing parameter values for PLL system_pll:inst6|altclklock:altclklock_component|pll
    Info: Clock multiplication of 2 and clock division of 1 are implemented for port CLOCK0
    Info: Clock multiplication of 1 and clock division of 1 are implemented for port CLOCK1
    Info: Implementing value for PHASE_SHIFT = 0 ps
Info: Detected fmax, tsu, tco, and/or tpd requirements -- optimizing circuit to achieve only the specified requirements
Info: Promoted cell system_pll:inst6|altclklock:altclklock_component|outclock0 to global signal 
Info: Promoted cell system_pll:inst6|altclklock:altclklock_component|outclock1 to global signal 
Info: Promoted cell video_dma3:inst5|vga_driver:inst5|hclock to global signal automatically
Info: Promoted cell video_dma3:inst5|vga_driver:inst5|i444~273 to global signal automatically
Info: Promoted cell stripe:inst|alt_exc_stripe:lpm_instance|alt_exc_upcore:core|core~EBIDQOE to global signal automatically
Info: Promoted cell video_dma3:inst5|vga_driver:inst5|i284 to global signal automatically
Warning: Following nodes are assigned to locations or regions, but do not exist in design
    Warning: Node pwr_en is assigned to location or region, but does not exist in design
Info: Started fitting attempt 1 on Thu Jul 21 2005 at 14:45:27
Info: Fitter placement preparation operations beginning
Info: Fitter placement preparation operations ending: elapsed time = 2 seconds
Info: Fitter placement operations beginning
Info: Fitter placement was successful
Info: Design requires the following device routing resources:
    Info: Overall column FastTrack interconnect = 2%
    Info: Overall row FastTrack interconnect = 1%
    Info: Maximum column FastTrack interconnect = 9%
    Info: Maximum row FastTrack interconnect = 36%
Info: Estimated most critical path is register to register delay of 13.023 ns
    Info: 1: + IC(0.000 ns) + CELL(4.130 ns) = 4.130 ns; Loc. = Unassigned; Fanout = 1; REG Node = 'stripe:inst|alt_exc_stripe:lpm_instance|alt_exc_upcore:core|core~MASTERHADDR22'
    Info: 2: + IC(4.961 ns) + CELL(0.869 ns) = 9.960 ns; Loc. = LAB_18_A1; Fanout = 1; COMB Node = 'slave_decoder:inst1|i6~185'
    Info: 3: + IC(0.274 ns) + CELL(0.869 ns) = 11.103 ns; Loc. = LAB_18_A1; Fanout = 5; COMB Node = 'slave_decoder:inst1|i6~186'
    Info: 4: + IC(0.274 ns) + CELL(0.869 ns) = 12.246 ns; Loc. = LAB_18_A1; Fanout = 2; COMB Node = 'video_dma3:inst5|irq_control:inst4|i9~73'
    Info: 5: + IC(0.274 ns) + CELL(0.503 ns) = 13.023 ns; Loc. = LAB_18_A1; Fanout = 2; REG Node = 'video_dma3:inst5|irq_control:inst4|irq~reg0'
    Info: Total cell delay = 7.240 ns ( 55.59 % )
    Info: Total interconnect delay = 5.783 ns ( 44.41 % )
Info: Fitter placement operations ending: elapsed time = 131 seconds
Info: Fitter routing operations beginning
Info: Fitter routing operations ending: elapsed time = 33 seconds
Info: Quartus II Fitter was successful. 0 errors, 2 warnings
    Info: Processing ended: Thu Jul 21 14:48:40 2005
    Info: Elapsed time: 00:03:33


